ts,id,combustible,precio
2026-10-03T02:30Z,27,gA,2.034
2026-10-03T02:30Z,27,gP,2.124
2026-10-03T02:30Z,28,g95e5,1.849
2026-10-03T02:30Z,28,g98e5,1.989
2026-10-03T02:30Z,90,g95e5,1.859
2026-10-03T02:30Z,90,gA,1.999
2026-10-03T02:30Z,90,gP,2.049
2026-10-03T02:30Z,144,g95e5,1.839
2026-10-03T02:30Z,144,g98e5,1.999
2026-10-03T02:30Z,163,g95e5,1.749
2026-10-03T02:30Z,308,gA,1.739
2026-10-03T02:30Z,308,gP,1.789
2026-10-03T02:30Z,419,g95e5,1.848
2026-10-03T02:30Z,419,gA,2.019
2026-10-03T02:30Z,419,gP,2.084
2026-10-03T02:30Z,419,g98e5,1.978
2026-10-03T02:30Z,436,gA,1.944
2026-10-03T02:30Z,436,gP,1.994
2026-10-03T02:30Z,437,g95e5,1.898
2026-10-03T02:30Z,437,g98e5,2.057
2026-10-03T02:30Z,448,g98e5,2.099
2026-10-03T02:30Z,508,g95e5,1.839
2026-10-03T02:30Z,591,gA,2.019
2026-10-03T02:30Z,659,g95e5,1.824
2026-10-03T02:30Z,659,gA,1.969
2026-10-03T02:30Z,659,gP,2.094
2026-10-03T02:30Z,659,g98e5,1.938
2026-10-03T02:30Z,690,g95e5,1.815
2026-10-03T02:30Z,690,g98e5,1.975
2026-10-03T02:30Z,831,g95e5,1.829
2026-10-03T02:30Z,831,g95e5p,1.879
2026-10-03T02:30Z,888,gA,1.909
2026-10-03T02:30Z,888,gP,1.959
2026-10-03T02:30Z,888,gB,1.699
2026-10-03T02:30Z,947,g95e5,1.769
2026-10-03T02:30Z,947,gA,2.009
2026-10-03T02:30Z,947,gP,2.059
2026-10-03T02:30Z,947,g98e5,1.909
2026-10-03T02:30Z,950,g95e5,1.834
2026-10-03T02:30Z,950,gA,1.984
2026-10-03T02:30Z,950,gP,2.034
2026-10-03T02:30Z,950,g95e5p,1.884
2026-10-03T02:30Z,950,gB,1.764
2026-10-03T02:30Z,951,g95e5,1.859
2026-10-03T02:30Z,963,gA,2.009
2026-10-03T02:30Z,963,gP,2.104
2026-10-03T02:30Z,963,g95e5p,1.908
2026-10-03T02:30Z,963,g95e10,1.858
2026-10-03T02:30Z,1041,gA,1.999
2026-10-03T02:30Z,1213,gA,2.034
2026-10-03T02:30Z,1213,gP,2.124
2026-10-03T02:30Z,1377,gA,1.995
2026-10-03T02:30Z,1636,gB,1.629
2026-10-03T02:30Z,1830,g95e5,1.919
2026-10-03T02:30Z,1830,g98e5,2.099
2026-10-03T02:30Z,1913,g95e5,1.659
2026-10-03T02:30Z,2925,gA,1.899
2026-10-03T02:30Z,2925,gP,1.949
2026-10-03T02:30Z,2927,g95e5,1.789
2026-10-03T02:30Z,2927,g95e5p,1.839
2026-10-03T02:30Z,2929,g95e5,1.724
2026-10-03T02:30Z,2929,g98e5,1.864
2026-10-03T02:30Z,3016,g95e5,1.779
2026-10-03T02:30Z,3016,g98e5,1.889
2026-10-03T02:30Z,3067,g95e5,1.714
2026-10-03T02:30Z,3067,g95e5p,1.764
2026-10-03T02:30Z,3074,gA,1.999
2026-10-03T02:30Z,3074,gP,2.049
2026-10-03T02:30Z,3092,g95e5,1.605
2026-10-03T02:30Z,3092,gA,1.739
2026-10-03T02:30Z,3098,g95e5,1.605
2026-10-03T02:30Z,3098,gA,1.739
2026-10-03T02:30Z,3216,g95e5,1.579
2026-10-03T02:30Z,3216,gA,1.679
2026-10-03T02:30Z,3304,g95e5,1.809
2026-10-03T02:30Z,3304,gA,1.969
2026-10-03T02:30Z,3304,gP,2.019
2026-10-03T02:30Z,3537,gB,1.464
2026-10-03T02:30Z,3725,g98e5,1.999
2026-10-03T02:30Z,3725,g95e5p,1.869
2026-10-03T02:30Z,3747,g95e5,1.919
2026-10-03T02:30Z,3747,gA,1.979
2026-10-03T02:30Z,3747,gP,2.069
2026-10-03T02:30Z,3747,g98e5,2.059
2026-10-03T02:30Z,3761,g95e5,1.649
2026-10-03T02:30Z,3987,gA,1.889
2026-10-03T02:30Z,4128,gA,1.699
2026-10-03T02:30Z,4232,g95e5,1.849
2026-10-03T02:30Z,4232,gA,1.979
2026-10-03T02:30Z,4232,gP,2.099
2026-10-03T02:30Z,4232,g98e5,1.959
2026-10-03T02:30Z,4310,g95e5,1.774
2026-10-03T02:30Z,4310,gA,1.909
2026-10-03T02:30Z,4310,gP,1.959
2026-10-03T02:30Z,4310,g98e5,1.864
2026-10-03T02:30Z,4406,g95e5,1.799
2026-10-03T02:30Z,4443,g95e5,1.879
2026-10-03T02:30Z,4656,g95e5,1.834
2026-10-03T02:30Z,4656,g95e5p,1.884
2026-10-03T02:30Z,4657,g95e5,1.834
2026-10-03T02:30Z,4657,gA,1.979
2026-10-03T02:30Z,4657,gP,2.029
2026-10-03T02:30Z,4657,g95e5p,1.884
2026-10-03T02:30Z,4662,g95e5,1.819
2026-10-03T02:30Z,4662,gA,1.969
2026-10-03T02:30Z,4662,gP,2.019
2026-10-03T02:30Z,4665,gA,1.889
2026-10-03T02:30Z,4665,gP,1.939
2026-10-03T02:30Z,4667,g95e5,1.819
2026-10-03T02:30Z,4667,gP,1.999
2026-10-03T02:30Z,4667,g98e5,1.959
2026-10-03T02:30Z,4668,g95e5,1.819
2026-10-03T02:30Z,4668,gP,2.079
2026-10-03T02:30Z,4668,g98e5,1.959
2026-10-03T02:30Z,4684,g95e5,1.819
2026-10-03T02:30Z,4684,gA,1.999
2026-10-03T02:30Z,4684,gP,2.049
2026-10-03T02:30Z,4684,g95e5p,1.869
2026-10-03T02:30Z,4696,g95e5,1.854
2026-10-03T02:30Z,4696,gA,1.979
2026-10-03T02:30Z,4696,gP,2.029
2026-10-03T02:30Z,4698,g95e5,1.739
2026-10-03T02:30Z,4698,gA,1.889
2026-10-03T02:30Z,4698,g95e5p,1.789
2026-10-03T02:30Z,4700,g95e5,1.789
2026-10-03T02:30Z,4700,g98e5,1.929
2026-10-03T02:30Z,4701,g95e5,1.814
2026-10-03T02:30Z,4701,g95e5p,1.864
2026-10-03T02:30Z,4702,g95e5,1.799
2026-10-03T02:30Z,4702,g95e5p,1.849
2026-10-03T02:30Z,4703,g95e5,1.799
2026-10-03T02:30Z,4703,g95e5p,1.849
2026-10-03T02:30Z,4819,g95e5,1.779
2026-10-03T02:30Z,4819,g98e5,1.889
2026-10-03T02:30Z,4882,g95e5,1.898
2026-10-03T02:30Z,4882,gA,2.039
2026-10-03T02:30Z,4882,gP,2.114
2026-10-03T02:30Z,4882,g98e5,1.998
2026-10-03T02:30Z,4986,g95e5,1.828
2026-10-03T02:30Z,4986,gA,2.009
2026-10-03T02:30Z,4986,g98e5,1.948
2026-10-03T02:30Z,4990,g95e5,1.828
2026-10-03T02:30Z,4990,gA,2.009
2026-10-03T02:30Z,4990,g98e5,1.948
2026-10-03T02:30Z,5006,g95e5,1.808
2026-10-03T02:30Z,5006,gA,2.009
2026-10-03T02:30Z,5006,gP,2.074
2026-10-03T02:30Z,5006,g98e5,1.868
2026-10-03T02:30Z,5038,g95e5,1.739
2026-10-03T02:30Z,5081,g95e5,1.818
2026-10-03T02:30Z,5081,gA,2.029
2026-10-03T02:30Z,5081,gP,2.079
2026-10-03T02:30Z,5081,g98e5,1.918
2026-10-03T02:30Z,5164,g95e5,1.839
2026-10-03T02:30Z,5233,g95e5,1.929
2026-10-03T02:30Z,5233,gA,1.959
2026-10-03T02:30Z,5233,g98e5,2.019
2026-10-03T02:30Z,5233,gB,1.799
2026-10-03T02:30Z,5322,g95e5,1.854
2026-10-03T02:30Z,5322,g98e5,1.994
2026-10-03T02:30Z,5349,g95e5,1.969
2026-10-03T02:30Z,5349,gA,1.989
2026-10-03T02:30Z,5349,g98e5,2.049
2026-10-03T02:30Z,5349,g95e5p,2.099
2026-10-03T02:30Z,5523,g95e5,1.808
2026-10-03T02:30Z,5523,gA,1.969
2026-10-03T02:30Z,5523,gP,2.019
2026-10-03T02:30Z,5556,g95e5,1.819
2026-10-03T02:30Z,5556,gA,1.944
2026-10-03T02:30Z,5556,gP,1.994
2026-10-03T02:30Z,5781,g95e5,1.829
2026-10-03T02:30Z,5781,g98e5,1.999
2026-10-03T02:30Z,5794,g95e5,1.789
2026-10-03T02:30Z,5794,gA,1.909
2026-10-03T02:30Z,5794,gP,1.959
2026-10-03T02:30Z,5794,g95e5p,1.839
2026-10-03T02:30Z,5832,g95e5,1.829
2026-10-03T02:30Z,6065,g95e5,1.828
2026-10-03T02:30Z,6065,gA,2.009
2026-10-03T02:30Z,6065,g95e5p,1.899
2026-10-03T02:30Z,6102,g95e5,1.849
2026-10-03T02:30Z,6102,gA,1.969
2026-10-03T02:30Z,6102,g95e5p,1.889
2026-10-03T02:30Z,6293,g95e5,1.759
2026-10-03T02:30Z,6293,gA,1.879
2026-10-03T02:30Z,6293,gP,1.929
2026-10-03T02:30Z,6293,g98e5,1.869
2026-10-03T02:30Z,6816,g95e5,1.845
2026-10-03T02:30Z,6816,gA,1.975
2026-10-03T02:30Z,6816,gP,2.025
2026-10-03T02:30Z,6816,g98e5,2.005
2026-10-03T02:30Z,7002,g95e5,1.809
2026-10-03T02:30Z,7002,gA,2.009
2026-10-03T02:30Z,7002,gP,2.139
2026-10-03T02:30Z,7002,gB,1.819
2026-10-03T02:30Z,7064,g95e5,1.814
2026-10-03T02:30Z,7065,g95e5,1.784
2026-10-03T02:30Z,7065,g95e5p,1.834
2026-10-03T02:30Z,7191,g95e5,1.804
2026-10-03T02:30Z,7191,g95e5p,1.854
2026-10-03T02:30Z,7337,g95e5,1.719
2026-10-03T02:30Z,7337,gA,1.879
2026-10-03T02:30Z,7467,g95e5,1.749
2026-10-03T02:30Z,7467,g95e5p,1.799
2026-10-03T02:30Z,7566,g95e5,1.775
2026-10-03T02:30Z,7566,gB,1.805
2026-10-03T02:30Z,7612,gA,1.869
2026-10-03T02:30Z,7612,gP,1.919
2026-10-03T02:30Z,8254,g95e5,1.839
2026-10-03T02:30Z,8254,gA,2.005
2026-10-03T02:30Z,8254,gP,2.105
2026-10-03T02:30Z,8254,g98e5,2.029
2026-10-03T02:30Z,9102,gA,1.959
2026-10-03T02:30Z,9102,gP,2.009
2026-10-03T02:30Z,9329,g95e5,1.595
2026-10-03T02:30Z,9329,gA,1.705
2026-10-03T02:30Z,10256,gA,1.827
2026-10-03T02:30Z,10823,gA,2.034
2026-10-03T02:30Z,10823,gP,2.124
2026-10-03T02:30Z,11033,g95e5,1.789
2026-10-03T02:30Z,11033,gA,2.009
2026-10-03T02:30Z,11033,g98e5,1.949
2026-10-03T02:30Z,11048,g95e5,1.849
2026-10-03T02:30Z,11048,gA,2.009
2026-10-03T02:30Z,11048,gP,2.115
2026-10-03T02:30Z,11048,g95e5p,1.889
2026-10-03T02:30Z,11054,g95e5,1.898
2026-10-03T02:30Z,11054,gA,2.059
2026-10-03T02:30Z,11054,gP,2.174
2026-10-03T02:30Z,11255,g95e5,1.859
2026-10-03T02:30Z,11255,gA,1.969
2026-10-03T02:30Z,11255,gP,2.059
2026-10-03T02:30Z,11305,g95e5,1.869
2026-10-03T02:30Z,11305,gA,1.949
2026-10-03T02:30Z,11305,gP,2.039
2026-10-03T02:30Z,11305,g98e5,1.989
2026-10-03T02:30Z,11306,g95e5,1.869
2026-10-03T02:30Z,11306,gA,1.949
2026-10-03T02:30Z,11306,gP,2.039
2026-10-03T02:30Z,11306,g98e5,1.989
2026-10-03T02:30Z,11327,gA,1.969
2026-10-03T02:30Z,11327,gP,2.019
2026-10-03T02:30Z,11503,g95e5,1.729
2026-10-03T02:30Z,11503,gA,1.769
2026-10-03T02:30Z,11553,g95e5,1.799
2026-10-03T02:30Z,11553,g98e5,1.929
2026-10-03T02:30Z,11595,gA,1.759
2026-10-03T02:30Z,11595,gP,1.809
2026-10-03T02:30Z,11890,g95e5,1.864
2026-10-03T02:30Z,11890,g98e5,2.004
2026-10-03T02:30Z,12063,g95e5,1.808
2026-10-03T02:30Z,12063,gA,2.009
2026-10-03T02:30Z,12063,gP,2.074
2026-10-03T02:30Z,12063,g98e5,1.908
2026-10-03T02:30Z,12398,g95e5,1.790
2026-10-03T02:30Z,12398,gA,1.830
2026-10-03T02:30Z,12398,gP,1.890
2026-10-03T02:30Z,12596,g95e5,1.889
2026-10-03T02:30Z,12596,gA,2.009
2026-10-03T02:30Z,12596,gP,2.099
2026-10-03T02:30Z,12761,g98e5,2.049
2026-10-03T02:30Z,13134,g95e5,1.879
2026-10-03T02:30Z,13134,g98e5,2.019
2026-10-03T02:30Z,13134,gB,1.699
2026-10-03T02:30Z,13512,gA,1.949
2026-10-03T02:30Z,13512,gP,1.979
2026-10-03T02:30Z,13577,g95e5,1.858
2026-10-03T02:30Z,13577,gA,2.019
2026-10-03T02:30Z,13669,g95e5,1.745
2026-10-03T02:30Z,13823,gA,1.789
2026-10-03T02:30Z,13826,g95e5,1.789
2026-10-03T02:30Z,14053,g95e5,1.878
2026-10-03T02:30Z,14053,gA,2.019
2026-10-03T02:30Z,14449,g95e5,1.759
2026-10-03T02:30Z,14449,gA,1.857
2026-10-03T02:30Z,14559,g95e5,1.689
2026-10-03T02:30Z,14589,g95e5,1.699
2026-10-03T02:30Z,14589,gA,1.859
2026-10-03T02:30Z,14611,g95e5,1.709
2026-10-03T02:30Z,14713,g95e5,1.775
2026-10-03T02:30Z,14714,g95e5,1.739
2026-10-03T02:30Z,14714,gA,1.849
2026-10-03T02:30Z,14715,g95e5,1.685
2026-10-03T02:30Z,14854,g95e5,1.719
2026-10-03T02:30Z,14865,g95e5,1.699
2026-10-03T02:30Z,14865,gA,1.849
2026-10-03T02:30Z,14870,g95e5,1.689
2026-10-03T02:30Z,14890,g95e5,1.699
2026-10-03T02:30Z,14896,g95e5,1.707
2026-10-03T02:30Z,14914,g95e5,1.709
2026-10-03T02:30Z,15023,g95e5,1.729
2026-10-03T02:30Z,15024,g95e5,1.689
2026-10-03T02:30Z,15041,gA,1.849
2026-10-03T02:30Z,15059,g95e5,1.725
2026-10-03T02:30Z,15108,gA,1.879
2026-10-03T02:30Z,15132,g95e5,1.687
2026-10-03T02:30Z,15142,g95e5,1.689
2026-10-03T02:30Z,15166,g95e5,1.699
2026-10-03T02:30Z,15166,gA,1.849
2026-10-03T02:30Z,15206,g95e5,1.809
2026-10-03T02:30Z,15206,gA,1.879
2026-10-03T02:30Z,15206,gP,1.929
2026-10-03T02:30Z,15206,g95e5p,1.859
2026-10-03T02:30Z,15493,g95e5,1.727
2026-10-03T02:30Z,15504,gA,1.885
2026-10-03T02:30Z,15541,g95e5,1.878
2026-10-03T02:30Z,15541,gA,2.009
2026-10-03T02:30Z,15541,gP,2.074
2026-10-03T02:30Z,15541,g98e5,1.988
2026-10-03T02:30Z,15552,g95e5,1.735
2026-10-03T02:30Z,15574,g95e5,1.767
2026-10-03T02:30Z,15581,g95e5,1.689
2026-10-03T02:30Z,15623,g95e5,1.749
2026-10-03T02:30Z,15739,g95e5,1.769
2026-10-03T02:30Z,15739,g98e5,1.909
2026-10-03T02:30Z,15745,g95e5,1.685
2026-10-03T02:30Z,15780,g95e5,1.679
2026-10-03T02:30Z,15843,g95e5,1.589
2026-10-03T02:30Z,15843,gA,1.689
2026-10-03T02:30Z,15934,g95e5,1.747
2026-10-03T02:30Z,15934,gA,1.869
2026-10-03T02:30Z,15956,g95e5,1.739
2026-10-03T02:30Z,15962,g95e5,1.739
2026-10-03T02:30Z,15985,gA,1.837
2026-10-03T02:30Z,15986,g95e5,1.779
2026-10-03T02:30Z,16034,g95e5,1.685
2026-10-03T02:30Z,16079,g95e5,1.715
2026-10-03T02:30Z,16093,g95e5,1.747
2026-10-03T02:30Z,16093,gA,1.889
2026-10-03T02:30Z,16097,g95e5,1.789
2026-10-03T02:30Z,16097,gA,1.904
2026-10-03T02:30Z,16115,g95e5,1.799
2026-10-03T02:30Z,16115,gA,1.937
2026-10-03T02:30Z,16135,g95e5,1.709
2026-10-03T02:30Z,16141,g95e5,1.709
2026-10-03T02:30Z,16245,gA,1.837
2026-10-03T02:30Z,16294,g95e5,1.729
2026-10-03T02:30Z,16294,gA,1.885
2026-10-03T02:30Z,16304,gA,1.729
2026-10-03T02:30Z,16314,g95e5,1.739
2026-10-03T02:30Z,16314,gA,1.899
2026-10-03T02:30Z,16330,gA,1.799
2026-10-03T02:30Z,16335,g95e5,1.705
2026-10-03T02:30Z,16355,g95e5,1.749
2026-10-03T02:30Z,16355,gA,1.889
2026-10-03T02:30Z,16368,g95e5,1.745
2026-10-03T02:30Z,16373,g95e5,1.789
2026-10-03T02:30Z,16388,g95e5,1.805
2026-10-03T02:30Z,16450,g95e5,1.749
2026-10-03T02:30Z,16451,g95e5,1.689
2026-10-03T02:30Z,16534,g95e5,1.605
2026-10-03T02:30Z,16534,gA,1.739
2026-10-03T08:37Z,3,g95e5,1.859
2026-10-03T08:37Z,3,gA,2.025
2026-10-03T08:37Z,6,g95e5,1.848
2026-10-03T08:37Z,15,g95e5,1.859
2026-10-03T08:37Z,15,g98e5,1.919
2026-10-03T08:37Z,15,gB,1.660
2026-10-03T08:37Z,16,gA,2.029
2026-10-03T08:37Z,27,g95e5,1.819
2026-10-03T08:37Z,27,gA,2.029
2026-10-03T08:37Z,27,gP,2.119
2026-10-03T08:37Z,28,g95e5,1.859
2026-10-03T08:37Z,28,g98e5,1.999
2026-10-03T08:37Z,29,g95e5,1.789
2026-10-03T08:37Z,29,gA,1.959
2026-10-03T08:37Z,29,gP,2.009
2026-10-03T08:37Z,32,gA,1.789
2026-10-03T08:37Z,32,gP,1.849
2026-10-03T08:37Z,34,g95e5,1.699
2026-10-03T08:37Z,34,gA,1.829
2026-10-03T08:37Z,34,gP,1.929
2026-10-03T08:37Z,35,g95e5,1.814
2026-10-03T08:37Z,45,g95e5,1.869
2026-10-03T08:37Z,45,gA,1.999
2026-10-03T08:37Z,45,gP,2.099
2026-10-03T08:37Z,45,g98e5,1.978
2026-10-03T08:37Z,47,g95e5,1.889
2026-10-03T08:37Z,47,gA,2.005
2026-10-03T08:37Z,62,gA,1.919
2026-10-03T08:37Z,62,gB,1.899
2026-10-03T08:37Z,67,g95e5,1.829
2026-10-03T08:37Z,68,g95e5,1.829
2026-10-03T08:37Z,68,g98e5,1.939
2026-10-03T08:37Z,77,gA,2.029
2026-10-03T08:37Z,77,gP,2.144
2026-10-03T08:37Z,78,g95e5,1.868
2026-10-03T08:37Z,78,gA,2.029
2026-10-03T08:37Z,78,gP,2.079
2026-10-03T08:37Z,78,g95e5p,1.938
2026-10-03T08:37Z,84,g95e5,1.875
2026-10-03T08:37Z,84,gA,2.029
2026-10-03T08:37Z,88,g95e5,1.899
2026-10-03T08:37Z,96,g95e5,1.868
2026-10-03T08:37Z,96,gA,2.019
2026-10-03T08:37Z,100,g95e5,1.859
2026-10-03T08:37Z,100,gA,2.029
2026-10-03T08:37Z,104,gA,2.019
2026-10-03T08:37Z,105,g95e5,1.879
2026-10-03T08:37Z,105,gA,2.019
2026-10-03T08:37Z,106,g95e5,1.879
2026-10-03T08:37Z,106,gA,2.019
2026-10-03T08:37Z,110,g95e5,1.848
2026-10-03T08:37Z,110,gA,2.009
2026-10-03T08:37Z,110,gP,2.124
2026-10-03T08:37Z,110,g95e5p,1.918
2026-10-03T08:37Z,116,gA,1.919
2026-10-03T08:37Z,116,gB,1.899
2026-10-03T08:37Z,128,g95e5,1.865
2026-10-03T08:37Z,128,gA,2.055
2026-10-03T08:37Z,130,g95e5,1.855
2026-10-03T08:37Z,130,gA,2.019
2026-10-03T08:37Z,133,g95e5,1.895
2026-10-03T08:37Z,134,g95e5,1.869
2026-10-03T08:37Z,135,g95e5,1.869
2026-10-03T08:37Z,135,gA,2.055
2026-10-03T08:37Z,137,g95e5,1.889
2026-10-03T08:37Z,137,gA,2.045
2026-10-03T08:37Z,138,gA,2.055
2026-10-03T08:37Z,139,g95e5,1.859
2026-10-03T08:37Z,139,gA,2.035
2026-10-03T08:37Z,141,gA,2.039
2026-10-03T08:37Z,143,gA,2.029
2026-10-03T08:37Z,151,gA,1.874
2026-10-03T08:37Z,151,gP,1.974
2026-10-03T08:37Z,152,g95e5,1.689
2026-10-03T08:37Z,154,gA,1.868
2026-10-03T08:37Z,154,gP,1.958
2026-10-03T08:37Z,155,g95e5,1.749
2026-10-03T08:37Z,156,g95e5,1.696
2026-10-03T08:37Z,160,g95e5,1.699
2026-10-03T08:37Z,162,g95e5,1.899
2026-10-03T08:37Z,162,g98e5,1.999
2026-10-03T08:37Z,177,gA,1.985
2026-10-03T08:37Z,180,g95e5,1.869
2026-10-03T08:37Z,183,g95e5,1.895
2026-10-03T08:37Z,186,gA,2.015
2026-10-03T08:37Z,188,g95e5,1.889
2026-10-03T08:37Z,188,gA,2.015
2026-10-03T08:37Z,201,g95e5,1.855
2026-10-03T08:37Z,202,g95e5,1.855
2026-10-03T08:37Z,203,gA,2.015
2026-10-03T08:37Z,204,g95e5,1.869
2026-10-03T08:37Z,204,gA,2.015
2026-10-03T08:37Z,205,g95e5,1.873
2026-10-03T08:37Z,205,gA,1.999
2026-10-03T08:37Z,205,gP,2.074
2026-10-03T08:37Z,206,g95e5,1.875
2026-10-03T08:37Z,206,gA,1.985
2026-10-03T08:37Z,208,g95e5,1.875
2026-10-03T08:37Z,208,gA,2.005
2026-10-03T08:37Z,216,g95e5,1.895
2026-10-03T08:37Z,216,gA,2.019
2026-10-03T08:37Z,227,gA,1.999
2026-10-03T08:37Z,238,g95e5,1.869
2026-10-03T08:37Z,238,g98e5,2.029
2026-10-03T08:37Z,244,g95e5,1.865
2026-10-03T08:37Z,246,gA,1.999
2026-10-03T08:37Z,248,g95e5,1.799
2026-10-03T08:37Z,248,gP,1.959
2026-10-03T08:37Z,249,g95e5,1.699
2026-10-03T08:37Z,251,gA,1.857
2026-10-03T08:37Z,271,g95e5,1.859
2026-10-03T08:37Z,271,gA,1.925
2026-10-03T08:37Z,295,g95e5,1.859
2026-10-03T08:37Z,295,gA,1.925
2026-10-03T08:37Z,298,g95e5,1.839
2026-10-03T08:37Z,298,gA,1.949
2026-10-03T08:37Z,298,g98e5,1.999
2026-10-03T08:37Z,326,g95e5,1.899
2026-10-03T08:37Z,326,gA,1.975
2026-10-03T08:37Z,332,g95e5,1.859
2026-10-03T08:37Z,337,gA,1.999
2026-10-03T08:37Z,339,g95e5,1.839
2026-10-03T08:37Z,340,gA,1.999
2026-10-03T08:37Z,355,g95e5,1.885
2026-10-03T08:37Z,358,g95e5,1.799
2026-10-03T08:37Z,358,gA,1.919
2026-10-03T08:37Z,358,gP,1.969
2026-10-03T08:37Z,358,g95e5p,1.849
2026-10-03T08:37Z,361,g95e5,1.759
2026-10-03T08:37Z,361,g95e5p,1.809
2026-10-03T08:37Z,363,g95e5,1.789
2026-10-03T08:37Z,363,gA,1.949
2026-10-03T08:37Z,363,gP,2.039
2026-10-03T08:37Z,363,g95e5p,1.839
2026-10-03T08:37Z,365,g95e5,1.669
2026-10-03T08:37Z,366,g95e5,1.769
2026-10-03T08:37Z,366,g95e5p,1.819
2026-10-03T08:37Z,370,g95e5,1.879
2026-10-03T08:37Z,388,gA,2.049
2026-10-03T08:37Z,388,g98e5,1.989
2026-10-03T08:37Z,390,g95e5,1.889
2026-10-03T08:37Z,397,gA,2.069
2026-10-03T08:37Z,407,gA,2.029
2026-10-03T08:37Z,407,gP,2.089
2026-10-03T08:37Z,410,g95e5,1.875
2026-10-03T08:37Z,413,gA,2.029
2026-10-03T08:37Z,413,gP,2.089
2026-10-03T08:37Z,415,gA,1.999
2026-10-03T08:37Z,415,gP,2.049
2026-10-03T08:37Z,416,g95e5,1.895
2026-10-03T08:37Z,416,gA,2.019
2026-10-03T08:37Z,416,gP,2.099
2026-10-03T08:37Z,425,gA,2.019
2026-10-03T08:37Z,425,gP,2.094
2026-10-03T08:37Z,427,g98e5,1.889
2026-10-03T08:37Z,436,g95e5,1.799
2026-10-03T08:37Z,436,gA,1.939
2026-10-03T08:37Z,436,gP,1.989
2026-10-03T08:37Z,436,g95e5p,1.849
2026-10-03T08:37Z,450,g95e5,1.805
2026-10-03T08:37Z,450,gA,1.989
2026-10-03T08:37Z,451,g95e5,1.839
2026-10-03T08:37Z,451,g98e5,1.989
2026-10-03T08:37Z,455,g95e5,1.820
2026-10-03T08:37Z,455,gA,1.959
2026-10-03T08:37Z,455,gP,1.979
2026-10-03T08:37Z,455,g98e5,1.960
2026-10-03T08:37Z,455,glp,1.280
2026-10-03T08:37Z,455,gB,1.845
2026-10-03T08:37Z,456,g95e5,1.879
2026-10-03T08:37Z,456,gA,1.968
2026-10-03T08:37Z,456,gB,1.856
2026-10-03T08:37Z,458,g95e5,1.819
2026-10-03T08:37Z,458,g98e5,1.979
2026-10-03T08:37Z,469,gA,2.015
2026-10-03T08:37Z,469,gP,2.135
2026-10-03T08:37Z,469,g98e5,2.095
2026-10-03T08:37Z,499,g95e5,1.858
2026-10-03T08:37Z,499,g95e5p,1.918
2026-10-03T08:37Z,525,g95e5,1.819
2026-10-03T08:37Z,525,gA,2.029
2026-10-03T08:37Z,525,gP,2.129
2026-10-03T08:37Z,525,g98e5,1.979
2026-10-03T08:37Z,529,g95e5,1.989
2026-10-03T08:37Z,529,gA,1.999
2026-10-03T08:37Z,546,g95e5,1.649
2026-10-03T08:37Z,546,gA,1.749
2026-10-03T08:37Z,549,g95e5,1.845
2026-10-03T08:37Z,554,g95e5,1.869
2026-10-03T08:37Z,554,gA,2.039
2026-10-03T08:37Z,557,gA,1.959
2026-10-03T08:37Z,557,gP,2.034
2026-10-03T08:37Z,574,g95e5,1.860
2026-10-03T08:37Z,574,gA,1.978
2026-10-03T08:37Z,577,g95e5,1.869
2026-10-03T08:37Z,577,gA,2.019
2026-10-03T08:37Z,595,g95e5,1.818
2026-10-03T08:37Z,595,gA,1.989
2026-10-03T08:37Z,595,gP,2.039
2026-10-03T08:37Z,595,g95e10,1.858
2026-10-03T08:37Z,595,gB,1.863
2026-10-03T08:37Z,597,gA,2.009
2026-10-03T08:37Z,600,g95e5,1.849
2026-10-03T08:37Z,601,g95e5,1.855
2026-10-03T08:37Z,601,gA,1.985
2026-10-03T08:37Z,604,g95e5,1.825
2026-10-03T08:37Z,616,g95e5,1.895
2026-10-03T08:37Z,629,gA,2.019
2026-10-03T08:37Z,634,gA,2.015
2026-10-03T08:37Z,637,gA,2.015
2026-10-03T08:37Z,641,g95e5,1.805
2026-10-03T08:37Z,641,gA,1.989
2026-10-03T08:37Z,643,gA,2.025
2026-10-03T08:37Z,651,gA,1.969
2026-10-03T08:37Z,661,g95e5,1.829
2026-10-03T08:37Z,661,g95e5p,1.879
2026-10-03T08:37Z,684,gA,1.959
2026-10-03T08:37Z,684,gP,2.009
2026-10-03T08:37Z,686,gA,1.969
2026-10-03T08:37Z,686,gP,2.044
2026-10-03T08:37Z,687,gA,1.969
2026-10-03T08:37Z,687,gP,2.044
2026-10-03T08:37Z,700,g95e5,1.789
2026-10-03T08:37Z,700,gA,1.789
2026-10-03T08:37Z,700,g98e5,1.829
2026-10-03T08:37Z,706,g95e5,1.805
2026-10-03T08:37Z,706,gP,2.069
2026-10-03T08:37Z,706,g98e5,1.965
2026-10-03T08:37Z,709,g95e5,1.805
2026-10-03T08:37Z,709,gP,2.069
2026-10-03T08:37Z,709,g98e5,1.965
2026-10-03T08:37Z,720,gA,1.984
2026-10-03T08:37Z,720,gP,2.034
2026-10-03T08:37Z,725,g95e5,1.869
2026-10-03T08:37Z,725,gA,2.045
2026-10-03T08:37Z,753,g95e5,1.899
2026-10-03T08:37Z,753,gA,1.975
2026-10-03T08:37Z,753,gP,2.095
2026-10-03T08:37Z,757,gA,1.999
2026-10-03T08:37Z,762,g95e5,1.988
2026-10-03T08:37Z,762,g98e5,2.229
2026-10-03T08:37Z,772,g95e5,1.957
2026-10-03T08:37Z,772,gA,1.997
2026-10-03T08:37Z,774,g95e5,1.898
2026-10-03T08:37Z,774,gA,1.999
2026-10-03T08:37Z,774,gB,1.787
2026-10-03T08:37Z,777,g95e5,1.819
2026-10-03T08:37Z,777,g98e5,1.949
2026-10-03T08:37Z,783,g95e5,1.849
2026-10-03T08:37Z,783,gP,2.075
2026-10-03T08:37Z,783,g98e5,1.959
2026-10-03T08:37Z,795,gA,1.989
2026-10-03T08:37Z,795,gP,2.064
2026-10-03T08:37Z,809,gA,1.989
2026-10-03T08:37Z,813,g95e5,1.838
2026-10-03T08:37Z,813,gA,2.009
2026-10-03T08:37Z,813,gP,2.064
2026-10-03T08:37Z,819,g95e5,1.885
2026-10-03T08:37Z,824,g95e5,1.838
2026-10-03T08:37Z,824,gA,1.984
2026-10-03T08:37Z,824,gP,2.064
2026-10-03T08:37Z,825,g95e5,1.863
2026-10-03T08:37Z,825,gA,2.014
2026-10-03T08:37Z,825,gP,2.099
2026-10-03T08:37Z,825,g98e5,1.973
2026-10-03T08:37Z,831,g95e5,1.839
2026-10-03T08:37Z,831,g95e5p,1.889
2026-10-03T08:37Z,834,gA,2.014
2026-10-03T08:37Z,834,gP,2.014
2026-10-03T08:37Z,837,g95e5,1.859
2026-10-03T08:37Z,837,gA,2.025
2026-10-03T08:37Z,842,gA,2.019
2026-10-03T08:37Z,847,gA,1.995
2026-10-03T08:37Z,857,gA,2.009
2026-10-03T08:37Z,857,gP,2.069
2026-10-03T08:37Z,858,g95e5,1.869
2026-10-03T08:37Z,858,gA,2.049
2026-10-03T08:37Z,859,g95e5,1.849
2026-10-03T08:37Z,859,gA,2.019
2026-10-03T08:37Z,863,g95e5,1.869
2026-10-03T08:37Z,863,gA,2.049
2026-10-03T08:37Z,867,g98e5,1.849
2026-10-03T08:37Z,875,g95e5,1.899
2026-10-03T08:37Z,875,g95e10,2.069
2026-10-03T08:37Z,882,g95e5,1.829
2026-10-03T08:37Z,882,g98e5,1.969
2026-10-03T08:37Z,883,g95e5,1.799
2026-10-03T08:37Z,883,g98e5,1.909
2026-10-03T08:37Z,890,gA,1.995
2026-10-03T08:37Z,905,gA,1.999
2026-10-03T08:37Z,905,gP,2.079
2026-10-03T08:37Z,906,g95e5,1.869
2026-10-03T08:37Z,906,gA,2.049
2026-10-03T08:37Z,909,gA,2.019
2026-10-03T08:37Z,920,gA,2.049
2026-10-03T08:37Z,928,g95e5,1.868
2026-10-03T08:37Z,928,gA,2.019
2026-10-03T08:37Z,928,gP,2.114
2026-10-03T08:37Z,946,g95e5,1.799
2026-10-03T08:37Z,947,g95e5,1.779
2026-10-03T08:37Z,947,gA,1.999
2026-10-03T08:37Z,947,gP,2.049
2026-10-03T08:37Z,947,g98e5,1.919
2026-10-03T08:37Z,948,g95e5,1.789
2026-10-03T08:37Z,948,g95e5p,1.839
2026-10-03T08:37Z,950,g95e5,1.829
2026-10-03T08:37Z,950,gA,1.979
2026-10-03T08:37Z,950,gP,2.029
2026-10-03T08:37Z,950,g95e5p,1.879
2026-10-03T08:37Z,950,gB,1.759
2026-10-03T08:37Z,952,g95e5,1.799
2026-10-03T08:37Z,952,g98e5,1.939
2026-10-03T08:37Z,954,g95e5,1.849
2026-10-03T08:37Z,954,gA,2.029
2026-10-03T08:37Z,954,gP,2.079
2026-10-03T08:37Z,954,g98e5,1.989
2026-10-03T08:37Z,955,g95e5,1.885
2026-10-03T08:37Z,957,gA,2.023
2026-10-03T08:37Z,957,gP,2.124
2026-10-03T08:37Z,962,gA,2.019
2026-10-03T08:37Z,974,g95e5,1.829
2026-10-03T08:37Z,974,gA,1.979
2026-10-03T08:37Z,974,gP,2.029
2026-10-03T08:37Z,974,g98e5,1.969
2026-10-03T08:37Z,975,g95e5,1.859
2026-10-03T08:37Z,975,g98e5,1.989
2026-10-03T08:37Z,984,g95e5,1.879
2026-10-03T08:37Z,992,g95e5,1.875
2026-10-03T08:37Z,992,gA,2.006
2026-10-03T08:37Z,992,gP,2.104
2026-10-03T08:37Z,992,g95e5p,1.918
2026-10-03T08:37Z,993,g95e5,1.875
2026-10-03T08:37Z,993,gA,2.006
2026-10-03T08:37Z,993,gP,2.104
2026-10-03T08:37Z,993,g95e5p,1.918
2026-10-03T08:37Z,997,g95e5,1.868
2026-10-03T08:37Z,997,gA,2.019
2026-10-03T08:37Z,997,gP,2.104
2026-10-03T08:37Z,1000,g95e5,1.898
2026-10-03T08:37Z,1000,gA,2.019
2026-10-03T08:37Z,1000,gP,2.104
2026-10-03T08:37Z,1001,g95e5,1.869
2026-10-03T08:37Z,1001,gA,2.019
2026-10-03T08:37Z,1005,gA,1.979
2026-10-03T08:37Z,1005,gP,2.084
2026-10-03T08:37Z,1006,g95e5,1.899
2026-10-03T08:37Z,1006,gA,2.029
2026-10-03T08:37Z,1006,gB,1.849
2026-10-03T08:37Z,1010,g95e5,1.859
2026-10-03T08:37Z,1014,g95e5,1.879
2026-10-03T08:37Z,1014,gA,2.019
2026-10-03T08:37Z,1038,g95e5,1.869
2026-10-03T08:37Z,1038,gA,2.019
2026-10-03T08:37Z,1042,g95e5,1.899
2026-10-03T08:37Z,1067,g95e5,1.895
2026-10-03T08:37Z,1074,gA,2.039
2026-10-03T08:37Z,1078,gA,1.999
2026-10-03T08:37Z,1078,g98e5,2.089
2026-10-03T08:37Z,1083,g95e5,1.859
2026-10-03T08:37Z,1083,gA,2.019
2026-10-03T08:37Z,1083,g98e5,2.009
2026-10-03T08:37Z,1086,gA,2.025
2026-10-03T08:37Z,1090,g95e5,1.849
2026-10-03T08:37Z,1090,gA,2.035
2026-10-03T08:37Z,1094,g95e5,1.888
2026-10-03T08:37Z,1094,gA,2.024
2026-10-03T08:37Z,1094,gP,2.099
2026-10-03T08:37Z,1105,g95e5,1.819
2026-10-03T08:37Z,1105,g98e5,1.989
2026-10-03T08:37Z,1115,g95e5,1.829
2026-10-03T08:37Z,1123,gA,1.789
2026-10-03T08:37Z,1123,gP,1.849
2026-10-03T08:37Z,1124,gA,1.728
2026-10-03T08:37Z,1124,gP,1.828
2026-10-03T08:37Z,1130,g95e5,1.865
2026-10-03T08:37Z,1131,g95e5,1.865
2026-10-03T08:37Z,1131,gA,2.015
2026-10-03T08:37Z,1132,g95e5,1.835
2026-10-03T08:37Z,1132,gA,2.009
2026-10-03T08:37Z,1143,g95e5,1.879
2026-10-03T08:37Z,1178,g95e5,1.838
2026-10-03T08:37Z,1178,gA,1.969
2026-10-03T08:37Z,1178,gP,2.054
2026-10-03T08:37Z,1179,gA,1.989
2026-10-03T08:37Z,1179,gP,2.074
2026-10-03T08:37Z,1180,g95e5,1.839
2026-10-03T08:37Z,1186,g95e5,1.869
2026-10-03T08:37Z,1203,gA,2.019
2026-10-03T08:37Z,1203,gP,2.084
2026-10-03T08:37Z,1204,g95e5,1.858
2026-10-03T08:37Z,1204,gA,1.969
2026-10-03T08:37Z,1204,gP,2.054
2026-10-03T08:37Z,1204,g95e5p,1.918
2026-10-03T08:37Z,1213,g95e5,1.869
2026-10-03T08:37Z,1213,gA,2.029
2026-10-03T08:37Z,1213,gP,2.119
2026-10-03T08:37Z,1215,gA,1.989
2026-10-03T08:37Z,1237,g95e5,1.879
2026-10-03T08:37Z,1237,gA,2.015
2026-10-03T08:37Z,1239,g95e5,1.769
2026-10-03T08:37Z,1259,g95e5,1.839
2026-10-03T08:37Z,1268,g95e5,1.779
2026-10-03T08:37Z,1268,gA,1.969
2026-10-03T08:37Z,1268,gP,2.019
2026-10-03T08:37Z,1268,g98e5,1.889
2026-10-03T08:37Z,1270,gA,1.820
2026-10-03T08:37Z,1270,gP,1.840
2026-10-03T08:37Z,1274,gA,1.909
2026-10-03T08:37Z,1274,gP,1.989
2026-10-03T08:37Z,1301,g95e5,1.818
2026-10-03T08:37Z,1301,gA,1.989
2026-10-03T08:37Z,1301,gB,1.863
2026-10-03T08:37Z,1310,g95e5,1.788
2026-10-03T08:37Z,1310,gA,1.969
2026-10-03T08:37Z,1310,gP,2.104
2026-10-03T08:37Z,1310,g98e5,1.908
2026-10-03T08:37Z,1310,gB,1.863
2026-10-03T08:37Z,1315,g95e5,1.839
2026-10-03T08:37Z,1315,gA,2.015
2026-10-03T08:37Z,1347,g95e5,1.805
2026-10-03T08:37Z,1347,gA,1.985
2026-10-03T08:37Z,1377,gA,1.985
2026-10-03T08:37Z,1378,g95e5,1.875
2026-10-03T08:37Z,1378,gA,1.995
2026-10-03T08:37Z,1381,g95e5,1.875
2026-10-03T08:37Z,1381,gA,1.995
2026-10-03T08:37Z,1382,g95e5,1.859
2026-10-03T08:37Z,1385,g95e5,1.835
2026-10-03T08:37Z,1385,gA,2.005
2026-10-03T08:37Z,1391,gA,1.959
2026-10-03T08:37Z,1413,g95e5,1.829
2026-10-03T08:37Z,1415,g95e5,1.829
2026-10-03T08:37Z,1429,g95e5,1.859
2026-10-03T08:37Z,1430,g95e5,1.859
2026-10-03T08:37Z,1442,g95e5,1.789
2026-10-03T08:37Z,1442,g98e5,1.899
2026-10-03T08:37Z,1448,g95e5,1.809
2026-10-03T08:37Z,1448,gA,1.955
2026-10-03T08:37Z,1458,g95e5,1.809
2026-10-03T08:37Z,1458,gA,1.934
2026-10-03T08:37Z,1458,gP,2.024
2026-10-03T08:37Z,1460,g95e5,1.838
2026-10-03T08:37Z,1460,gA,1.964
2026-10-03T08:37Z,1460,gP,2.073
2026-10-03T08:37Z,1460,g95e5p,1.928
2026-10-03T08:37Z,1464,gA,1.944
2026-10-03T08:37Z,1464,gP,2.054
2026-10-03T08:37Z,1479,g95e5,1.989
2026-10-03T08:37Z,1479,g98e5,2.124
2026-10-03T08:37Z,1489,g95e5,1.838
2026-10-03T08:37Z,1489,gA,1.974
2026-10-03T08:37Z,1489,gP,2.084
2026-10-03T08:37Z,1489,g95e5p,1.898
2026-10-03T08:37Z,1490,g95e5,1.838
2026-10-03T08:37Z,1490,g95e5p,1.898
2026-10-03T08:37Z,1500,gA,1.974
2026-10-03T08:37Z,1500,gP,2.063
2026-10-03T08:37Z,1501,g95e5,1.818
2026-10-03T08:37Z,1501,gA,1.964
2026-10-03T08:37Z,1501,gP,2.074
2026-10-03T08:37Z,1501,g95e5p,1.908
2026-10-03T08:37Z,1504,g95e5,1.809
2026-10-03T08:37Z,1504,gA,1.985
2026-10-03T08:37Z,1579,gA,2.029
2026-10-03T08:37Z,1579,gP,2.079
2026-10-03T08:37Z,1583,g95e5,1.569
2026-10-03T08:37Z,1583,gA,1.739
2026-10-03T08:37Z,1617,g95e5,1.699
2026-10-03T08:37Z,1618,g95e5,1.759
2026-10-03T08:37Z,1639,g95e5,1.789
2026-10-03T08:37Z,1639,gA,1.949
2026-10-03T08:37Z,1639,gP,1.999
2026-10-03T08:37Z,1639,g95e5p,1.839
2026-10-03T08:37Z,1699,g95e5,1.848
2026-10-03T08:37Z,1699,gA,2.029
2026-10-03T08:37Z,1699,gP,2.094
2026-10-03T08:37Z,1700,g95e5,1.848
2026-10-03T08:37Z,1700,gA,2.029
2026-10-03T08:37Z,1700,gP,2.094
2026-10-03T08:37Z,1784,g95e5,1.838
2026-10-03T08:37Z,1784,g95e5p,1.918
2026-10-03T08:37Z,1797,g95e5,1.799
2026-10-03T08:37Z,1797,gA,2.049
2026-10-03T08:37Z,1807,g95e5,1.899
2026-10-03T08:37Z,1807,gA,2.005
2026-10-03T08:37Z,1808,g95e5,1.835
2026-10-03T08:37Z,1808,gA,2.019
2026-10-03T08:37Z,1818,g95e5,1.885
2026-10-03T08:37Z,1824,g95e5,1.859
2026-10-03T08:37Z,1828,g95e5,1.899
2026-10-03T08:37Z,1828,gA,1.979
2026-10-03T08:37Z,1834,g95e5,1.858
2026-10-03T08:37Z,1834,gA,2.039
2026-10-03T08:37Z,1834,gP,2.104
2026-10-03T08:37Z,1851,gA,1.985
2026-10-03T08:37Z,1853,g95e5,1.878
2026-10-03T08:37Z,1853,gA,2.039
2026-10-03T08:37Z,1853,gP,2.119
2026-10-03T08:37Z,1853,g98e5,1.968
2026-10-03T08:37Z,1856,gA,2.049
2026-10-03T08:37Z,1868,gA,2.015
2026-10-03T08:37Z,1885,g95e5,1.915
2026-10-03T08:37Z,1885,gA,2.009
2026-10-03T08:37Z,1987,g95e5,1.809
2026-10-03T08:37Z,1987,gA,1.934
2026-10-03T08:37Z,1987,gP,2.024
2026-10-03T08:37Z,1988,g95e5,1.809
2026-10-03T08:37Z,1988,gA,1.949
2026-10-03T08:37Z,1988,gP,1.999
2026-10-03T08:37Z,1988,g98e5,1.949
2026-10-03T08:37Z,1991,g95e5,1.838
2026-10-03T08:37Z,1992,g95e5,1.818
2026-10-03T08:37Z,1996,g95e5,1.599
2026-10-03T08:37Z,2023,g95e5,1.744
2026-10-03T08:37Z,2023,gA,1.769
2026-10-03T08:37Z,2023,gP,1.928
2026-10-03T08:37Z,2038,g95e5,1.729
2026-10-03T08:37Z,2038,gA,1.779
2026-10-03T08:37Z,2053,g95e5,1.668
2026-10-03T08:37Z,2053,gA,1.718
2026-10-03T08:37Z,2053,g98e5,1.918
2026-10-03T08:37Z,2058,g95e5,1.699
2026-10-03T08:37Z,2062,g95e5,1.878
2026-10-03T08:37Z,2062,gA,1.969
2026-10-03T08:37Z,2062,gP,2.074
2026-10-03T08:37Z,2062,g95e5p,1.918
2026-10-03T08:37Z,2079,g95e5,1.819
2026-10-03T08:37Z,2085,g95e5,1.785
2026-10-03T08:37Z,2085,gA,1.995
2026-10-03T08:37Z,2097,g95e5,1.899
2026-10-03T08:37Z,2097,gA,1.979
2026-10-03T08:37Z,2097,gP,2.059
2026-10-03T08:37Z,2097,g98e5,2.029
2026-10-03T08:37Z,2114,g95e5,1.849
2026-10-03T08:37Z,2114,gA,1.949
2026-10-03T08:37Z,2114,gP,2.069
2026-10-03T08:37Z,2116,gA,1.979
2026-10-03T08:37Z,2116,gP,2.064
2026-10-03T08:37Z,2118,g95e5,1.829
2026-10-03T08:37Z,2118,g98e5,1.939
2026-10-03T08:37Z,2169,g95e5,1.839
2026-10-03T08:37Z,2169,gA,1.965
2026-10-03T08:37Z,2176,g95e5,1.849
2026-10-03T08:37Z,2176,g98e5,1.979
2026-10-03T08:37Z,2177,g95e5,1.849
2026-10-03T08:37Z,2177,g98e5,1.979
2026-10-03T08:37Z,2181,gA,1.949
2026-10-03T08:37Z,2181,gP,2.069
2026-10-03T08:37Z,2184,gA,1.949
2026-10-03T08:37Z,2184,gP,2.069
2026-10-03T08:37Z,2185,gA,1.939
2026-10-03T08:37Z,2204,gA,1.979
2026-10-03T08:37Z,2204,gP,2.074
2026-10-03T08:37Z,2205,gA,1.979
2026-10-03T08:37Z,2205,gP,2.064
2026-10-03T08:37Z,2210,g95e5,1.829
2026-10-03T08:37Z,2213,gA,2.009
2026-10-03T08:37Z,2214,gA,2.035
2026-10-03T08:37Z,2219,g95e5,1.795
2026-10-03T08:37Z,2221,g95e5,1.825
2026-10-03T08:37Z,2221,gA,2.005
2026-10-03T08:37Z,2222,g95e5,1.805
2026-10-03T08:37Z,2222,gA,1.989
2026-10-03T08:37Z,2226,gA,2.029
2026-10-03T08:37Z,2226,gP,2.079
2026-10-03T08:37Z,2233,g95e5,1.809
2026-10-03T08:37Z,2233,gA,2.035
2026-10-03T08:37Z,2237,g95e5,1.855
2026-10-03T08:37Z,2237,gA,2.035
2026-10-03T08:37Z,2238,g95e5,1.825
2026-10-03T08:37Z,2238,gA,2.035
2026-10-03T08:37Z,2241,g95e5,1.829
2026-10-03T08:37Z,2243,g95e5,1.789
2026-10-03T08:37Z,2243,gA,2.009
2026-10-03T08:37Z,2273,g95e5,1.879
2026-10-03T08:37Z,2274,gA,2.005
2026-10-03T08:37Z,2276,gA,1.983
2026-10-03T08:37Z,2276,gP,2.044
2026-10-03T08:37Z,2281,g95e5,1.820
2026-10-03T08:37Z,2281,g98e5,1.990
2026-10-03T08:37Z,2285,g95e5,1.785
2026-10-03T08:37Z,2285,gA,1.985
2026-10-03T08:37Z,2290,g95e5,1.815
2026-10-03T08:37Z,2300,g95e5,1.779
2026-10-03T08:37Z,2300,gA,2.025
2026-10-03T08:37Z,2303,g95e5,1.789
2026-10-03T08:37Z,2303,gA,1.889
2026-10-03T08:37Z,2303,gP,1.889
2026-10-03T08:37Z,2303,g98e5,1.939
2026-10-03T08:37Z,2304,g95e5,1.855
2026-10-03T08:37Z,2304,gA,1.999
2026-10-03T08:37Z,2305,g95e5,1.849
2026-10-03T08:37Z,2305,gA,2.059
2026-10-03T08:37Z,2311,g95e5,1.845
2026-10-03T08:37Z,2311,gA,1.959
2026-10-03T08:37Z,2316,g95e5,1.879
2026-10-03T08:37Z,2317,g95e5,1.699
2026-10-03T08:37Z,2317,gA,1.799
2026-10-03T08:37Z,2317,gP,1.829
2026-10-03T08:37Z,2317,g98e5,1.899
2026-10-03T08:37Z,2323,g95e5,1.809
2026-10-03T08:37Z,2323,gA,2.029
2026-10-03T08:37Z,2332,g95e5,1.849
2026-10-03T08:37Z,2340,gA,2.039
2026-10-03T08:37Z,2340,gP,2.104
2026-10-03T08:37Z,2341,gA,2.015
2026-10-03T08:37Z,2342,g95e5,1.829
2026-10-03T08:37Z,2344,gA,2.045
2026-10-03T08:37Z,2350,gA,1.959
2026-10-03T08:37Z,2364,gA,2.009
2026-10-03T08:37Z,2367,g95e5,1.829
2026-10-03T08:37Z,2367,gA,2.009
2026-10-03T08:37Z,2377,gA,1.979
2026-10-03T08:37Z,2381,gA,1.979
2026-10-03T08:37Z,2423,g95e5,1.815
2026-10-03T08:37Z,2423,gA,2.035
2026-10-03T08:37Z,2426,g95e5,1.859
2026-10-03T08:37Z,2426,gA,1.989
2026-10-03T08:37Z,2439,g95e5,1.728
2026-10-03T08:37Z,2439,gA,1.777
2026-10-03T08:37Z,2439,gP,1.996
2026-10-03T08:37Z,2452,g95e5,1.875
2026-10-03T08:37Z,2452,gA,1.999
2026-10-03T08:37Z,2467,g95e5,1.779
2026-10-03T08:37Z,2467,gA,2.009
2026-10-03T08:37Z,2474,g95e5,1.865
2026-10-03T08:37Z,2474,gA,1.995
2026-10-03T08:37Z,2477,gA,2.055
2026-10-03T08:37Z,2478,g95e5,1.849
2026-10-03T08:37Z,2478,gA,1.975
2026-10-03T08:37Z,2489,g95e5,1.779
2026-10-03T08:37Z,2501,g95e5,1.875
2026-10-03T08:37Z,2501,gA,2.025
2026-10-03T08:37Z,2503,g95e5,1.869
2026-10-03T08:37Z,2508,gA,2.029
2026-10-03T08:37Z,2508,gP,2.104
2026-10-03T08:37Z,2509,gA,2.019
2026-10-03T08:37Z,2510,gA,2.019
2026-10-03T08:37Z,2515,g95e5,1.809
2026-10-03T08:37Z,2516,g95e5,1.809
2026-10-03T08:37Z,2516,gA,2.029
2026-10-03T08:37Z,2517,g95e5,1.779
2026-10-03T08:37Z,2518,g95e5,1.849
2026-10-03T08:37Z,2518,g98e5,1.959
2026-10-03T08:37Z,2555,g95e5,1.799
2026-10-03T08:37Z,2555,gA,1.979
2026-10-03T08:37Z,2559,gA,1.975
2026-10-03T08:37Z,2565,gA,2.029
2026-10-03T08:37Z,2565,gP,2.079
2026-10-03T08:37Z,2569,g95e5,1.915
2026-10-03T08:37Z,2569,gA,2.069
2026-10-03T08:37Z,2574,g95e5,1.875
2026-10-03T08:37Z,2574,gA,2.045
2026-10-03T08:37Z,2578,g95e5,1.869
2026-10-03T08:37Z,2578,gA,2.039
2026-10-03T08:37Z,2578,gP,2.109
2026-10-03T08:37Z,2578,g98e5,2.009
2026-10-03T08:37Z,2578,gB,1.919
2026-10-03T08:37Z,2580,g95e5,1.999
2026-10-03T08:37Z,2581,gA,2.049
2026-10-03T08:37Z,2594,g95e5,1.888
2026-10-03T08:37Z,2594,gA,1.989
2026-10-03T08:37Z,2594,gP,2.084
2026-10-03T08:37Z,2594,g95e5p,1.938
2026-10-03T08:37Z,2598,g95e5,1.999
2026-10-03T08:37Z,2607,g95e5,1.859
2026-10-03T08:37Z,2608,g95e5,1.989
2026-10-03T08:37Z,2608,gA,2.099
2026-10-03T08:37Z,2608,gP,2.209
2026-10-03T08:37Z,2608,g95e5p,2.039
2026-10-03T08:37Z,2608,gB,2.020
2026-10-03T08:37Z,2609,g95e5,1.905
2026-10-03T08:37Z,2609,gA,2.059
2026-10-03T08:37Z,2611,g95e5,1.905
2026-10-03T08:37Z,2611,gA,2.059
2026-10-03T08:37Z,2611,gP,2.165
2026-10-03T08:37Z,2611,g98e5,2.045
2026-10-03T08:37Z,2612,g95e5,1.885
2026-10-03T08:37Z,2613,gA,2.029
2026-10-03T08:37Z,2613,gP,2.124
2026-10-03T08:37Z,2616,g95e5,1.859
2026-10-03T08:37Z,2616,gA,2.075
2026-10-03T08:37Z,2618,g95e5,1.868
2026-10-03T08:37Z,2618,g95e5p,1.928
2026-10-03T08:37Z,2620,g95e5,1.819
2026-10-03T08:37Z,2623,g95e5,1.899
2026-10-03T08:37Z,2623,gA,2.049
2026-10-03T08:37Z,2623,gP,2.129
2026-10-03T08:37Z,2623,g95e5p,2.019
2026-10-03T08:37Z,2642,g95e5,1.919
2026-10-03T08:37Z,2642,gA,2.029
2026-10-03T08:37Z,2642,gB,1.869
2026-10-03T08:37Z,2650,g95e5,1.865
2026-10-03T08:37Z,2650,gA,2.029
2026-10-03T08:37Z,2663,g95e5,1.915
2026-10-03T08:37Z,2664,g95e5,1.889
2026-10-03T08:37Z,2664,gA,2.039
2026-10-03T08:37Z,2677,g95e5,1.899
2026-10-03T08:37Z,2677,gA,2.029
2026-10-03T08:37Z,2677,g98e5,2.125
2026-10-03T08:37Z,2681,g95e5,1.989
2026-10-03T08:37Z,2681,gA,2.049
2026-10-03T08:37Z,2681,gP,2.169
2026-10-03T08:37Z,2681,g98e5,2.189
2026-10-03T08:37Z,2686,g95e5,1.875
2026-10-03T08:37Z,2688,g95e5,1.855
2026-10-03T08:37Z,2688,g98e5,1.995
2026-10-03T08:37Z,2693,g95e5,1.899
2026-10-03T08:37Z,2693,gA,2.019
2026-10-03T08:37Z,2696,g95e5,1.878
2026-10-03T08:37Z,2696,g95e5p,1.948
2026-10-03T08:37Z,2697,g95e5,1.888
2026-10-03T08:37Z,2697,gA,2.049
2026-10-03T08:37Z,2697,gP,2.124
2026-10-03T08:37Z,2700,g95e5,1.885
2026-10-03T08:37Z,2703,gA,2.039
2026-10-03T08:37Z,2703,gP,2.099
2026-10-03T08:37Z,2708,g95e5,1.878
2026-10-03T08:37Z,2708,g95e5p,1.928
2026-10-03T08:37Z,2713,g95e5,1.859
2026-10-03T08:37Z,2715,g95e5,1.915
2026-10-03T08:37Z,2725,g95e5,1.858
2026-10-03T08:37Z,2725,gA,2.029
2026-10-03T08:37Z,2725,gP,2.104
2026-10-03T08:37Z,2725,g95e5p,1.908
2026-10-03T08:37Z,2726,g95e5,1.869
2026-10-03T08:37Z,2726,gA,2.019
2026-10-03T08:37Z,2736,g95e5,1.909
2026-10-03T08:37Z,2736,gA,2.059
2026-10-03T08:37Z,2737,g95e5,1.915
2026-10-03T08:37Z,2737,gA,2.075
2026-10-03T08:37Z,2766,gA,2.029
2026-10-03T08:37Z,2766,g98e5,1.879
2026-10-03T08:37Z,2789,gA,2.025
2026-10-03T08:37Z,2791,g95e5,1.858
2026-10-03T08:37Z,2791,gA,2.039
2026-10-03T08:37Z,2791,gP,2.104
2026-10-03T08:37Z,2798,gA,2.029
2026-10-03T08:37Z,2798,g98e5,1.879
2026-10-03T08:37Z,2799,g95e5,1.799
2026-10-03T08:37Z,2799,gA,2.049
2026-10-03T08:37Z,2803,g95e5,1.835
2026-10-03T08:37Z,2807,gA,2.019
2026-10-03T08:37Z,2811,g95e5,1.835
2026-10-03T08:37Z,2811,gA,2.025
2026-10-03T08:37Z,2816,g95e5,1.849
2026-10-03T08:37Z,2818,g95e5,1.819
2026-10-03T08:37Z,2818,gA,2.065
2026-10-03T08:37Z,2819,g95e5,1.825
2026-10-03T08:37Z,2821,g95e5,1.835
2026-10-03T08:37Z,2821,gA,2.025
2026-10-03T08:37Z,2822,g95e5,1.839
2026-10-03T08:37Z,2822,gA,2.055
2026-10-03T08:37Z,2824,g95e5,1.859
2026-10-03T08:37Z,2824,gA,2.059
2026-10-03T08:37Z,2825,g95e5,1.779
2026-10-03T08:37Z,2828,gA,2.025
2026-10-03T08:37Z,2836,g95e5,1.838
2026-10-03T08:37Z,2836,gA,2.019
2026-10-03T08:37Z,2836,gP,2.104
2026-10-03T08:37Z,2836,g95e5p,1.888
2026-10-03T08:37Z,2840,g95e5,1.799
2026-10-03T08:37Z,2842,g95e5,1.858
2026-10-03T08:37Z,2842,gA,2.049
2026-10-03T08:37Z,2842,gP,2.114
2026-10-03T08:37Z,2842,g95e5p,1.898
2026-10-03T08:37Z,2844,g95e5,1.848
2026-10-03T08:37Z,2844,gA,2.029
2026-10-03T08:37Z,2844,gP,2.104
2026-10-03T08:37Z,2852,g95e5,1.888
2026-10-03T08:37Z,2852,gA,2.019
2026-10-03T08:37Z,2852,gP,2.104
2026-10-03T08:37Z,2852,g95e5p,1.928
2026-10-03T08:37Z,2853,g95e5,1.908
2026-10-03T08:37Z,2853,gA,2.029
2026-10-03T08:37Z,2853,gP,2.114
2026-10-03T08:37Z,2856,g95e5,1.843
2026-10-03T08:37Z,2856,gA,2.034
2026-10-03T08:37Z,2856,gP,2.094
2026-10-03T08:37Z,2856,g98e5,1.923
2026-10-03T08:37Z,2865,g95e5,1.858
2026-10-03T08:37Z,2871,g95e5,1.858
2026-10-03T08:37Z,2871,g95e5p,1.898
2026-10-03T08:37Z,2875,g95e5,1.828
2026-10-03T08:37Z,2876,gA,2.029
2026-10-03T08:37Z,2876,gP,2.079
2026-10-03T08:37Z,2877,g95e5,1.838
2026-10-03T08:37Z,2877,g95e5p,1.888
2026-10-03T08:37Z,2878,g95e5,1.889
2026-10-03T08:37Z,2878,g98e5,2.009
2026-10-03T08:37Z,2884,g95e5,1.828
2026-10-03T08:37Z,2884,gA,1.969
2026-10-03T08:37Z,2884,gP,2.064
2026-10-03T08:37Z,2884,g95e5p,1.868
2026-10-03T08:37Z,2890,g95e5,1.752
2026-10-03T08:37Z,2890,gA,1.783
2026-10-03T08:37Z,2890,gP,1.936
2026-10-03T08:37Z,2895,g95e5,1.858
2026-10-03T08:37Z,2895,gA,2.049
2026-10-03T08:37Z,2895,gP,2.114
2026-10-03T08:37Z,2907,g95e5,1.849
2026-10-03T08:37Z,2907,gA,2.049
2026-10-03T08:37Z,2907,gP,2.089
2026-10-03T08:37Z,2907,g98e5,1.989
2026-10-03T08:37Z,2909,g95e5,1.879
2026-10-03T08:37Z,2914,gA,2.019
2026-10-03T08:37Z,2924,g95e5,1.869
2026-10-03T08:37Z,2924,g98e5,1.989
2026-10-03T08:37Z,2926,g95e5,1.749
2026-10-03T08:37Z,2926,gA,1.894
2026-10-03T08:37Z,2926,gP,1.944
2026-10-03T08:37Z,2926,g95e5p,1.799
2026-10-03T08:37Z,2927,g95e5,1.779
2026-10-03T08:37Z,2927,g95e5p,1.829
2026-10-03T08:37Z,2929,g95e5,1.719
2026-10-03T08:37Z,2929,gA,1.869
2026-10-03T08:37Z,2929,gP,1.919
2026-10-03T08:37Z,2929,g98e5,1.859
2026-10-03T08:37Z,2935,g95e5,1.875
2026-10-03T08:37Z,2935,gA,2.059
2026-10-03T08:37Z,2953,g95e5,1.868
2026-10-03T08:37Z,2953,gA,1.969
2026-10-03T08:37Z,2953,gP,2.054
2026-10-03T08:37Z,2953,g95e5p,1.908
2026-10-03T08:37Z,2955,g95e5,1.848
2026-10-03T08:37Z,2955,gA,2.019
2026-10-03T08:37Z,2955,gP,2.104
2026-10-03T08:37Z,2955,g95e5p,1.908
2026-10-03T08:37Z,2964,g95e5,1.809
2026-10-03T08:37Z,2964,gA,2.029
2026-10-03T08:37Z,2972,g95e5,1.769
2026-10-03T08:37Z,2972,gA,1.899
2026-10-03T08:37Z,2972,g98e5,1.889
2026-10-03T08:37Z,2975,gA,2.009
2026-10-03T08:37Z,2975,gP,2.104
2026-10-03T08:37Z,2977,g95e5,1.989
2026-10-03T08:37Z,2977,gA,2.029
2026-10-03T08:37Z,2977,gP,2.129
2026-10-03T08:37Z,2977,g95e5p,2.059
2026-10-03T08:37Z,2981,g95e5,1.818
2026-10-03T08:37Z,2981,gA,1.999
2026-10-03T08:37Z,2981,gP,2.084
2026-10-03T08:37Z,2981,g95e5p,1.888
2026-10-03T08:37Z,3016,g95e5,1.789
2026-10-03T08:37Z,3016,g98e5,1.899
2026-10-03T08:37Z,3017,g95e5,1.868
2026-10-03T08:37Z,3017,gA,1.969
2026-10-03T08:37Z,3017,gP,2.074
2026-10-03T08:37Z,3017,g95e5p,1.908
2026-10-03T08:37Z,3018,g95e5,1.789
2026-10-03T08:37Z,3018,gA,1.949
2026-10-03T08:37Z,3018,gP,1.999
2026-10-03T08:37Z,3018,g95e5p,1.839
2026-10-03T08:37Z,3034,g95e5,1.828
2026-10-03T08:37Z,3042,g95e5,1.828
2026-10-03T08:37Z,3042,gA,1.999
2026-10-03T08:37Z,3042,gP,2.084
2026-10-03T08:37Z,3042,g95e5p,1.898
2026-10-03T08:37Z,3061,g95e5,1.779
2026-10-03T08:37Z,3061,g98e5,1.889
2026-10-03T08:37Z,3065,g95e5,1.799
2026-10-03T08:37Z,3065,gA,1.969
2026-10-03T08:37Z,3065,gP,2.019
2026-10-03T08:37Z,3065,g95e5p,1.849
2026-10-03T08:37Z,3065,glp,1.039
2026-10-03T08:37Z,3067,g95e5,1.709
2026-10-03T08:37Z,3067,gA,1.859
2026-10-03T08:37Z,3067,gP,1.909
2026-10-03T08:37Z,3067,g95e5p,1.759
2026-10-03T08:37Z,3074,g95e5,1.829
2026-10-03T08:37Z,3074,g98e5,1.969
2026-10-03T08:37Z,3079,g95e5,1.699
2026-10-03T08:37Z,3079,g98e5,1.799
2026-10-03T08:37Z,3109,gA,1.989
2026-10-03T08:37Z,3110,gA,2.015
2026-10-03T08:37Z,3113,g95e5,1.979
2026-10-03T08:37Z,3113,g98e5,2.089
2026-10-03T08:37Z,3114,g95e5,1.979
2026-10-03T08:37Z,3114,g98e5,2.089
2026-10-03T08:37Z,3115,gA,1.984
2026-10-03T08:37Z,3115,gP,2.094
2026-10-03T08:37Z,3116,gA,1.984
2026-10-03T08:37Z,3116,gP,2.094
2026-10-03T08:37Z,3133,g95e5,1.858
2026-10-03T08:37Z,3133,gA,1.979
2026-10-03T08:37Z,3133,gP,2.094
2026-10-03T08:37Z,3138,gA,2.004
2026-10-03T08:37Z,3138,gP,2.114
2026-10-03T08:37Z,3139,g95e5,1.848
2026-10-03T08:37Z,3139,gA,1.979
2026-10-03T08:37Z,3139,gP,2.094
2026-10-03T08:37Z,3139,g95e5p,1.918
2026-10-03T08:37Z,3147,gA,1.969
2026-10-03T08:37Z,3147,gP,2.019
2026-10-03T08:37Z,3161,g95e5,1.855
2026-10-03T08:37Z,3161,gA,2.009
2026-10-03T08:37Z,3167,g95e5,1.855
2026-10-03T08:37Z,3167,gA,2.005
2026-10-03T08:37Z,3168,gA,1.995
2026-10-03T08:37Z,3180,g95e5,1.845
2026-10-03T08:37Z,3183,g95e5,1.859
2026-10-03T08:37Z,3183,gA,1.995
2026-10-03T08:37Z,3187,g95e5,1.795
2026-10-03T08:37Z,3187,gB,1.835
2026-10-03T08:37Z,3189,g95e5,1.848
2026-10-03T08:37Z,3189,gA,1.989
2026-10-03T08:37Z,3189,gP,2.094
2026-10-03T08:37Z,3189,g98e5,1.968
2026-10-03T08:37Z,3189,g95e5p,1.888
2026-10-03T08:37Z,3190,g95e5,1.848
2026-10-03T08:37Z,3190,gA,1.989
2026-10-03T08:37Z,3190,gP,2.094
2026-10-03T08:37Z,3190,g98e5,1.968
2026-10-03T08:37Z,3190,g95e5p,1.888
2026-10-03T08:37Z,3192,g95e5,1.839
2026-10-03T08:37Z,3209,g95e5,1.849
2026-10-03T08:37Z,3209,gA,1.989
2026-10-03T08:37Z,3209,gP,2.069
2026-10-03T08:37Z,3209,g98e5,1.989
2026-10-03T08:37Z,3212,g95e5,1.838
2026-10-03T08:37Z,3216,g95e5,1.589
2026-10-03T08:37Z,3216,gA,1.689
2026-10-03T08:37Z,3230,g95e5,1.858
2026-10-03T08:37Z,3230,g95e5p,1.918
2026-10-03T08:37Z,3238,g95e5,1.845
2026-10-03T08:37Z,3238,gA,1.989
2026-10-03T08:37Z,3244,g95e5,1.865
2026-10-03T08:37Z,3244,gA,1.975
2026-10-03T08:37Z,3255,gA,1.995
2026-10-03T08:37Z,3260,g95e5,1.845
2026-10-03T08:37Z,3260,gA,1.949
2026-10-03T08:37Z,3262,g95e5,1.845
2026-10-03T08:37Z,3262,gA,1.989
2026-10-03T08:37Z,3269,g95e5,1.855
2026-10-03T08:37Z,3269,gA,1.969
2026-10-03T08:37Z,3272,gA,1.965
2026-10-03T08:37Z,3283,g95e5,1.865
2026-10-03T08:37Z,3283,gP,2.049
2026-10-03T08:37Z,3283,g98e5,1.975
2026-10-03T08:37Z,3290,g95e5,1.875
2026-10-03T08:37Z,3290,gA,1.989
2026-10-03T08:37Z,3292,g95e5,1.845
2026-10-03T08:37Z,3292,gA,1.955
2026-10-03T08:37Z,3298,g95e5,1.829
2026-10-03T08:37Z,3298,gA,1.949
2026-10-03T08:37Z,3304,g98e5,1.929
2026-10-03T08:37Z,3310,g95e5,1.845
2026-10-03T08:37Z,3310,gA,1.955
2026-10-03T08:37Z,3317,g95e5,1.879
2026-10-03T08:37Z,3317,gA,1.999
2026-10-03T08:37Z,3335,g95e5,1.829
2026-10-03T08:37Z,3335,gA,1.989
2026-10-03T08:37Z,3336,g95e5,1.849
2026-10-03T08:37Z,3339,g95e5,1.859
2026-10-03T08:37Z,3341,g95e5,1.899
2026-10-03T08:37Z,3341,gA,1.979
2026-10-03T08:37Z,3341,gP,2.059
2026-10-03T08:37Z,3341,g95e5p,1.959
2026-10-03T08:37Z,3341,gB,1.849
2026-10-03T08:37Z,3349,g95e5,1.868
2026-10-03T08:37Z,3349,gA,1.994
2026-10-03T08:37Z,3349,gP,2.044
2026-10-03T08:37Z,3349,g95e5p,1.918
2026-10-03T08:37Z,3350,g95e5,1.848
2026-10-03T08:37Z,3350,gA,1.994
2026-10-03T08:37Z,3350,gP,2.084
2026-10-03T08:37Z,3350,g95e5p,1.928
2026-10-03T08:37Z,3360,g95e5,1.855
2026-10-03T08:37Z,3364,gA,1.984
2026-10-03T08:37Z,3364,gP,2.064
2026-10-03T08:37Z,3371,g95e5,1.729
2026-10-03T08:37Z,3371,gA,1.879
2026-10-03T08:37Z,3376,g95e5,1.858
2026-10-03T08:37Z,3376,g95e5p,1.888
2026-10-03T08:37Z,3377,g95e5,1.878
2026-10-03T08:37Z,3377,gA,1.994
2026-10-03T08:37Z,3377,gP,2.084
2026-10-03T08:37Z,3391,g95e5,1.878
2026-10-03T08:37Z,3391,gA,1.984
2026-10-03T08:37Z,3391,gP,2.064
2026-10-03T08:37Z,3391,g95e5p,1.948
2026-10-03T08:37Z,3410,gA,1.964
2026-10-03T08:37Z,3410,gP,2.064
2026-10-03T08:37Z,3411,g95e5,1.899
2026-10-03T08:37Z,3412,gA,1.934
2026-10-03T08:37Z,3412,gP,2.034
2026-10-03T08:37Z,3417,g95e5,1.843
2026-10-03T08:37Z,3417,gA,1.954
2026-10-03T08:37Z,3417,gP,2.054
2026-10-03T08:37Z,3417,g95e5p,1.878
2026-10-03T08:37Z,3427,g95e5,1.843
2026-10-03T08:37Z,3427,gA,1.964
2026-10-03T08:37Z,3427,gP,2.064
2026-10-03T08:37Z,3427,g98e5,1.958
2026-10-03T08:37Z,3456,g95e5,1.843
2026-10-03T08:37Z,3456,g95e5p,1.888
2026-10-03T08:37Z,3457,gA,2.005
2026-10-03T08:37Z,3462,g95e5,1.815
2026-10-03T08:37Z,3462,gA,2.019
2026-10-03T08:37Z,3464,g95e5,1.839
2026-10-03T08:37Z,3472,gA,1.969
2026-10-03T08:37Z,3474,g95e5,1.875
2026-10-03T08:37Z,3474,gA,1.975
2026-10-03T08:37Z,3475,gA,1.975
2026-10-03T08:37Z,3478,g95e5,1.845
2026-10-03T08:37Z,3481,g95e5,1.845
2026-10-03T08:37Z,3481,gA,1.965
2026-10-03T08:37Z,3483,g95e5,1.899
2026-10-03T08:37Z,3483,g98e5,2.109
2026-10-03T08:37Z,3487,g95e5,1.799
2026-10-03T08:37Z,3487,gA,2.019
2026-10-03T08:37Z,3502,g95e5,1.799
2026-10-03T08:37Z,3505,g95e5,1.798
2026-10-03T08:37Z,3505,gA,1.979
2026-10-03T08:37Z,3505,gP,2.054
2026-10-03T08:37Z,3505,g95e5p,1.878
2026-10-03T08:37Z,3506,gA,2.009
2026-10-03T08:37Z,3506,gP,2.084
2026-10-03T08:37Z,3524,g95e5,1.835
2026-10-03T08:37Z,3524,gA,1.955
2026-10-03T08:37Z,3534,g95e5,1.839
2026-10-03T08:37Z,3537,gA,1.969
2026-10-03T08:37Z,3537,gP,2.019
2026-10-03T08:37Z,3541,gA,2.005
2026-10-03T08:37Z,3555,g95e5,1.885
2026-10-03T08:37Z,3557,g95e5,1.899
2026-10-03T08:37Z,3581,g95e5,1.849
2026-10-03T08:37Z,3588,g95e5,1.829
2026-10-03T08:37Z,3588,gA,1.959
2026-10-03T08:37Z,3588,gB,1.879
2026-10-03T08:37Z,3589,g95e5,1.829
2026-10-03T08:37Z,3589,gA,1.959
2026-10-03T08:37Z,3589,g98e5,1.989
2026-10-03T08:37Z,3612,gA,2.029
2026-10-03T08:37Z,3616,g95e5,1.839
2026-10-03T08:37Z,3616,gA,2.009
2026-10-03T08:37Z,3623,g95e5,1.849
2026-10-03T08:37Z,3623,gA,1.965
2026-10-03T08:37Z,3652,g95e5,1.803
2026-10-03T08:37Z,3652,g95e5p,1.888
2026-10-03T08:37Z,3663,g95e5,1.969
2026-10-03T08:37Z,3680,gA,1.985
2026-10-03T08:37Z,3681,g95e5,1.875
2026-10-03T08:37Z,3682,gA,1.975
2026-10-03T08:37Z,3688,g95e5,1.839
2026-10-03T08:37Z,3688,gA,1.969
2026-10-03T08:37Z,3690,g95e5,1.875
2026-10-03T08:37Z,3690,gA,1.969
2026-10-03T08:37Z,3694,gA,1.969
2026-10-03T08:37Z,3697,g95e5,1.889
2026-10-03T08:37Z,3701,g95e5,1.859
2026-10-03T08:37Z,3717,g95e5,1.853
2026-10-03T08:37Z,3717,g95e5p,1.898
2026-10-03T08:37Z,3718,gA,1.974
2026-10-03T08:37Z,3718,gP,2.064
2026-10-03T08:37Z,3736,gA,2.029
2026-10-03T08:37Z,3736,gP,2.094
2026-10-03T08:37Z,3744,g95e5,1.873
2026-10-03T08:37Z,3744,gA,1.944
2026-10-03T08:37Z,3744,gP,2.034
2026-10-03T08:37Z,3744,g95e5p,1.918
2026-10-03T08:37Z,3745,g95e5,1.808
2026-10-03T08:37Z,3745,g95e5p,1.878
2026-10-03T08:37Z,3747,gA,1.974
2026-10-03T08:37Z,3747,gP,2.064
2026-10-03T08:37Z,3763,g95e5,1.859
2026-10-03T08:37Z,3763,gA,1.979
2026-10-03T08:37Z,3768,g95e5,1.819
2026-10-03T08:37Z,3768,g95e5p,1.869
2026-10-03T08:37Z,3787,g95e5,1.889
2026-10-03T08:37Z,3801,g95e5,1.909
2026-10-03T08:37Z,3801,g98e5,1.999
2026-10-03T08:37Z,3806,g95e5,1.895
2026-10-03T08:37Z,3806,gA,1.959
2026-10-03T08:37Z,3819,g95e5,1.799
2026-10-03T08:37Z,3819,g98e5,1.919
2026-10-03T08:37Z,3823,g95e5,1.865
2026-10-03T08:37Z,3823,gA,1.975
2026-10-03T08:37Z,3825,g95e5,1.739
2026-10-03T08:37Z,3825,gA,1.789
2026-10-03T08:37Z,3839,g95e5,1.895
2026-10-03T08:37Z,3862,g95e5,1.885
2026-10-03T08:37Z,3862,gA,1.989
2026-10-03T08:37Z,3870,gA,1.894
2026-10-03T08:37Z,3870,gP,1.944
2026-10-03T08:37Z,3891,g95e5,1.878
2026-10-03T08:37Z,3891,gA,1.979
2026-10-03T08:37Z,3891,gP,2.064
2026-10-03T08:37Z,3891,g95e5p,1.918
2026-10-03T08:37Z,3892,g95e5,1.878
2026-10-03T08:37Z,3892,gA,1.979
2026-10-03T08:37Z,3892,gP,2.064
2026-10-03T08:37Z,3892,g95e5p,1.918
2026-10-03T08:37Z,3894,g95e5,1.979
2026-10-03T08:37Z,3894,gA,1.989
2026-10-03T08:37Z,3904,g95e5,1.899
2026-10-03T08:37Z,3920,gA,1.985
2026-10-03T08:37Z,3920,gP,2.075
2026-10-03T08:37Z,3930,gA,1.985
2026-10-03T08:37Z,3930,gP,2.075
2026-10-03T08:37Z,3958,g95e5,1.885
2026-10-03T08:37Z,3967,g95e5,1.839
2026-10-03T08:37Z,3968,g95e5,1.839
2026-10-03T08:37Z,3968,g98e5,1.959
2026-10-03T08:37Z,3988,gA,1.949
2026-10-03T08:37Z,3988,gP,1.999
2026-10-03T08:37Z,3993,g98e5,1.949
2026-10-03T08:37Z,3993,g95e5p,1.859
2026-10-03T08:37Z,3994,g95e5,1.885
2026-10-03T08:37Z,3994,gA,1.949
2026-10-03T08:37Z,3994,gP,2.039
2026-10-03T08:37Z,3994,g98e5,2.049
2026-10-03T08:37Z,4000,gA,1.779
2026-10-03T08:37Z,4005,g95e5,1.884
2026-10-03T08:37Z,4005,g98e5,2.014
2026-10-03T08:37Z,4006,g95e5,1.819
2026-10-03T08:37Z,4006,g98e5,1.939
2026-10-03T08:37Z,4031,g95e5,1.699
2026-10-03T08:37Z,4032,g95e5,1.885
2026-10-03T08:37Z,4032,gA,1.969
2026-10-03T08:37Z,4034,gA,1.969
2026-10-03T08:37Z,4055,g95e5,1.885
2026-10-03T08:37Z,4055,gA,1.949
2026-10-03T08:37Z,4055,gP,2.039
2026-10-03T08:37Z,4055,g98e5,2.049
2026-10-03T08:37Z,4059,g95e5,1.919
2026-10-03T08:37Z,4059,gA,2.009
2026-10-03T08:37Z,4059,gP,2.069
2026-10-03T08:37Z,4059,g98e5,2.079
2026-10-03T08:37Z,4078,gA,1.965
2026-10-03T08:37Z,4079,g95e5,1.889
2026-10-03T08:37Z,4079,gA,1.979
2026-10-03T08:37Z,4088,gA,1.985
2026-10-03T08:37Z,4091,g95e5,1.915
2026-10-03T08:37Z,4091,gA,2.005
2026-10-03T08:37Z,4093,gA,1.989
2026-10-03T08:37Z,4098,g95e5,1.855
2026-10-03T08:37Z,4098,gA,1.975
2026-10-03T08:37Z,4118,g95e5,1.865
2026-10-03T08:37Z,4118,gA,1.989
2026-10-03T08:37Z,4120,g95e5,1.799
2026-10-03T08:37Z,4120,g95e5p,1.849
2026-10-03T08:37Z,4123,g95e5,1.799
2026-10-03T08:37Z,4123,gA,1.889
2026-10-03T08:37Z,4123,g98e5,1.939
2026-10-03T08:37Z,4127,g95e5,1.875
2026-10-03T08:37Z,4129,g95e5,1.779
2026-10-03T08:37Z,4129,g98e5,1.939
2026-10-03T08:37Z,4130,g95e5,1.744
2026-10-03T08:37Z,4130,g98e5,1.884
2026-10-03T08:37Z,4157,g95e5,1.849
2026-10-03T08:37Z,4157,g98e5,1.979
2026-10-03T08:37Z,4163,gA,1.949
2026-10-03T08:37Z,4163,gP,2.069
2026-10-03T08:37Z,4176,g95e5,1.899
2026-10-03T08:37Z,4176,gA,1.899
2026-10-03T08:37Z,4176,gP,1.899
2026-10-03T08:37Z,4178,gA,1.929
2026-10-03T08:37Z,4178,gP,1.989
2026-10-03T08:37Z,4184,g95e5,1.669
2026-10-03T08:37Z,4193,g95e5,1.798
2026-10-03T08:37Z,4193,gA,1.979
2026-10-03T08:37Z,4193,gP,2.039
2026-10-03T08:37Z,4194,gA,1.929
2026-10-03T08:37Z,4194,gP,1.989
2026-10-03T08:37Z,4205,g95e5,1.855
2026-10-03T08:37Z,4205,gA,2.015
2026-10-03T08:37Z,4211,g95e5,1.799
2026-10-03T08:37Z,4214,g95e5,1.859
2026-10-03T08:37Z,4214,gA,1.985
2026-10-03T08:37Z,4225,g95e5,1.799
2026-10-03T08:37Z,4236,g95e5,1.929
2026-10-03T08:37Z,4246,g95e5,1.828
2026-10-03T08:37Z,4246,gA,1.979
2026-10-03T08:37Z,4246,gP,2.094
2026-10-03T08:37Z,4246,g95e5p,1.898
2026-10-03T08:37Z,4247,gA,1.979
2026-10-03T08:37Z,4247,gP,2.104
2026-10-03T08:37Z,4248,gA,1.979
2026-10-03T08:37Z,4248,gP,2.104
2026-10-03T08:37Z,4254,gA,1.949
2026-10-03T08:37Z,4254,gP,2.069
2026-10-03T08:37Z,4264,g95e5,1.818
2026-10-03T08:37Z,4264,g95e5p,1.878
2026-10-03T08:37Z,4265,g95e5,1.818
2026-10-03T08:37Z,4265,g95e5p,1.878
2026-10-03T08:37Z,4278,gA,1.959
2026-10-03T08:37Z,4278,gP,2.054
2026-10-03T08:37Z,4283,gA,1.959
2026-10-03T08:37Z,4283,gP,2.074
2026-10-03T08:37Z,4284,g95e5,1.855
2026-10-03T08:37Z,4284,gA,1.985
2026-10-03T08:37Z,4289,g95e5,1.845
2026-10-03T08:37Z,4289,gA,1.965
2026-10-03T08:37Z,4304,gA,1.869
2026-10-03T08:37Z,4304,gP,1.929
2026-10-03T08:37Z,4305,g98e5,1.929
2026-10-03T08:37Z,4306,g95e5,1.829
2026-10-03T08:37Z,4306,gA,2.009
2026-10-03T08:37Z,4310,g95e5,1.769
2026-10-03T08:37Z,4310,gA,1.904
2026-10-03T08:37Z,4310,gP,1.954
2026-10-03T08:37Z,4310,g98e5,1.859
2026-10-03T08:37Z,4312,g95e5,1.838
2026-10-03T08:37Z,4312,gA,2.004
2026-10-03T08:37Z,4312,gP,2.114
2026-10-03T08:37Z,4312,g95e5p,1.878
2026-10-03T08:37Z,4319,gA,2.025
2026-10-03T08:37Z,4322,gA,2.039
2026-10-03T08:37Z,4325,g95e5,1.848
2026-10-03T08:37Z,4325,gA,1.989
2026-10-03T08:37Z,4325,gP,2.054
2026-10-03T08:37Z,4326,g95e5,2.049
2026-10-03T08:37Z,4326,gA,1.979
2026-10-03T08:37Z,4333,g95e5,1.825
2026-10-03T08:37Z,4333,gA,2.035
2026-10-03T08:37Z,4336,g95e5,1.699
2026-10-03T08:37Z,4336,gA,1.829
2026-10-03T08:37Z,4336,gP,1.899
2026-10-03T08:37Z,4336,g98e5,1.829
2026-10-03T08:37Z,4337,gA,2.045
2026-10-03T08:37Z,4343,g95e5,1.873
2026-10-03T08:37Z,4343,gA,2.013
2026-10-03T08:37Z,4343,gP,2.103
2026-10-03T08:37Z,4343,g98e5,2.013
2026-10-03T08:37Z,4349,g95e5,1.849
2026-10-03T08:37Z,4349,gA,2.029
2026-10-03T08:37Z,4353,g95e5,1.869
2026-10-03T08:37Z,4363,g95e5,1.858
2026-10-03T08:37Z,4363,gA,1.994
2026-10-03T08:37Z,4363,gP,2.094
2026-10-03T08:37Z,4363,g95e5p,1.908
2026-10-03T08:37Z,4364,g95e5,1.858
2026-10-03T08:37Z,4364,gA,1.994
2026-10-03T08:37Z,4364,gP,2.094
2026-10-03T08:37Z,4364,g95e5p,1.908
2026-10-03T08:37Z,4415,g95e5,1.779
2026-10-03T08:37Z,4415,gA,1.849
2026-10-03T08:37Z,4415,gP,1.899
2026-10-03T08:37Z,4416,g95e5,1.779
2026-10-03T08:37Z,4416,gA,1.849
2026-10-03T08:37Z,4417,g95e5,1.789
2026-10-03T08:37Z,4417,gA,1.859
2026-10-03T08:37Z,4417,gP,1.899
2026-10-03T08:37Z,4431,gA,1.929
2026-10-03T08:37Z,4431,gP,1.979
2026-10-03T08:37Z,4432,gA,1.929
2026-10-03T08:37Z,4432,gP,1.979
2026-10-03T08:37Z,4448,g95e5,1.885
2026-10-03T08:37Z,4448,gA,2.049
2026-10-03T08:37Z,4460,g95e5,1.858
2026-10-03T08:37Z,4460,gA,1.994
2026-10-03T08:37Z,4460,gP,2.094
2026-10-03T08:37Z,4460,g98e5,1.958
2026-10-03T08:37Z,4481,g95e5,1.858
2026-10-03T08:37Z,4481,gA,2.014
2026-10-03T08:37Z,4481,gP,2.124
2026-10-03T08:37Z,4481,g95e5p,1.918
2026-10-03T08:37Z,4484,g95e5,1.845
2026-10-03T08:37Z,4484,gA,1.989
2026-10-03T08:37Z,4492,g95e5,1.848
2026-10-03T08:37Z,4492,gA,1.979
2026-10-03T08:37Z,4492,gP,2.094
2026-10-03T08:37Z,4516,g95e5,1.868
2026-10-03T08:37Z,4516,gA,2.004
2026-10-03T08:37Z,4516,gP,2.104
2026-10-03T08:37Z,4524,gA,1.989
2026-10-03T08:37Z,4525,gA,2.019
2026-10-03T08:37Z,4526,gA,1.989
2026-10-03T08:37Z,4531,gA,2.019
2026-10-03T08:37Z,4534,g95e5,1.838
2026-10-03T08:37Z,4534,gA,1.984
2026-10-03T08:37Z,4534,gP,2.094
2026-10-03T08:37Z,4534,g95e5p,1.918
2026-10-03T08:37Z,4539,g95e5,1.838
2026-10-03T08:37Z,4542,gA,2.019
2026-10-03T08:37Z,4544,gA,2.019
2026-10-03T08:37Z,4551,g95e5,1.848
2026-10-03T08:37Z,4551,gA,1.989
2026-10-03T08:37Z,4551,gP,2.104
2026-10-03T08:37Z,4551,g98e5,1.958
2026-10-03T08:37Z,4555,g95e5,1.868
2026-10-03T08:37Z,4555,g95e5p,1.908
2026-10-03T08:37Z,4556,g95e5,1.808
2026-10-03T08:37Z,4556,gA,1.984
2026-10-03T08:37Z,4556,gP,2.094
2026-10-03T08:37Z,4568,gA,2.055
2026-10-03T08:37Z,4569,g95e5,1.868
2026-10-03T08:37Z,4569,gA,1.984
2026-10-03T08:37Z,4569,gP,2.094
2026-10-03T08:37Z,4569,g95e5p,1.908
2026-10-03T08:37Z,4577,g95e5,1.849
2026-10-03T08:37Z,4579,gA,2.025
2026-10-03T08:37Z,4580,g95e5,1.849
2026-10-03T08:37Z,4587,g95e5,1.848
2026-10-03T08:37Z,4587,gA,1.989
2026-10-03T08:37Z,4587,gP,2.104
2026-10-03T08:37Z,4587,g95e5p,1.888
2026-10-03T08:37Z,4592,gA,2.004
2026-10-03T08:37Z,4592,gP,2.114
2026-10-03T08:37Z,4593,gA,1.984
2026-10-03T08:37Z,4593,gP,2.094
2026-10-03T08:37Z,4597,g95e5,1.828
2026-10-03T08:37Z,4597,gA,1.959
2026-10-03T08:37Z,4597,gP,2.074
2026-10-03T08:37Z,4597,g95e5p,1.888
2026-10-03T08:37Z,4598,g95e5,1.869
2026-10-03T08:37Z,4601,g95e5,1.848
2026-10-03T08:37Z,4601,gA,2.004
2026-10-03T08:37Z,4601,gP,2.114
2026-10-03T08:37Z,4601,g95e5p,1.938
2026-10-03T08:37Z,4607,g95e5,1.839
2026-10-03T08:37Z,4609,g95e5,1.865
2026-10-03T08:37Z,4613,gA,2.039
2026-10-03T08:37Z,4614,gA,2.005
2026-10-03T08:37Z,4618,g95e5,1.839
2026-10-03T08:37Z,4629,g95e5,1.829
2026-10-03T08:37Z,4638,g95e5,1.845
2026-10-03T08:37Z,4638,gA,2.019
2026-10-03T08:37Z,4639,g95e5,1.845
2026-10-03T08:37Z,4640,g95e5,1.865
2026-10-03T08:37Z,4641,gA,2.025
2026-10-03T08:37Z,4646,g95e5,1.838
2026-10-03T08:37Z,4646,g95e5p,1.928
2026-10-03T08:37Z,4647,g95e5,1.858
2026-10-03T08:37Z,4647,gA,1.989
2026-10-03T08:37Z,4647,gP,2.094
2026-10-03T08:37Z,4647,g95e5p,1.908
2026-10-03T08:37Z,4648,g95e5,1.858
2026-10-03T08:37Z,4648,gA,1.994
2026-10-03T08:37Z,4648,gP,2.094
2026-10-03T08:37Z,4648,g95e5p,1.938
2026-10-03T08:37Z,4649,g95e5,1.858
2026-10-03T08:37Z,4652,g95e5,1.858
2026-10-03T08:37Z,4652,gA,1.979
2026-10-03T08:37Z,4652,gP,2.124
2026-10-03T08:37Z,4656,g95e5,1.829
2026-10-03T08:37Z,4656,g95e5p,1.879
2026-10-03T08:37Z,4657,g95e5,1.829
2026-10-03T08:37Z,4657,gA,1.974
2026-10-03T08:37Z,4657,gP,2.024
2026-10-03T08:37Z,4657,g95e5p,1.879
2026-10-03T08:37Z,4662,g95e5,1.809
2026-10-03T08:37Z,4662,gP,2.034
2026-10-03T08:37Z,4664,gA,1.999
2026-10-03T08:37Z,4664,gP,2.114
2026-10-03T08:37Z,4667,g95e5,1.829
2026-10-03T08:37Z,4667,g98e5,1.969
2026-10-03T08:37Z,4668,g95e5,1.829
2026-10-03T08:37Z,4668,g98e5,1.969
2026-10-03T08:37Z,4678,g95e5,1.723
2026-10-03T08:37Z,4678,gA,1.784
2026-10-03T08:37Z,4678,g98e5,1.957
2026-10-03T08:37Z,4682,g95e5,1.858
2026-10-03T08:37Z,4682,gA,2.004
2026-10-03T08:37Z,4682,gP,2.059
2026-10-03T08:37Z,4684,g95e5,1.829
2026-10-03T08:37Z,4684,g95e5p,1.879
2026-10-03T08:37Z,4689,g95e5,1.848
2026-10-03T08:37Z,4689,gA,1.979
2026-10-03T08:37Z,4689,gP,2.029
2026-10-03T08:37Z,4689,g95e5p,1.898
2026-10-03T08:37Z,4690,g95e5,1.848
2026-10-03T08:37Z,4690,gA,1.984
2026-10-03T08:37Z,4690,gP,2.094
2026-10-03T08:37Z,4690,g95e5p,1.898
2026-10-03T08:37Z,4693,gA,1.999
2026-10-03T08:37Z,4693,gP,2.114
2026-10-03T08:37Z,4694,g95e5,1.868
2026-10-03T08:37Z,4694,gA,1.973
2026-10-03T08:37Z,4694,gP,2.023
2026-10-03T08:37Z,4694,g95e5p,1.938
2026-10-03T08:37Z,4695,g95e5,1.855
2026-10-03T08:37Z,4696,g95e5,1.849
2026-10-03T08:37Z,4696,gA,1.974
2026-10-03T08:37Z,4696,gP,2.024
2026-10-03T08:37Z,4700,g95e5,1.779
2026-10-03T08:37Z,4700,g98e5,1.919
2026-10-03T08:37Z,4701,g95e5,1.824
2026-10-03T08:37Z,4701,g95e5p,1.874
2026-10-03T08:37Z,4707,gA,2.004
2026-10-03T08:37Z,4707,gP,2.114
2026-10-03T08:37Z,4708,g95e5,1.848
2026-10-03T08:37Z,4708,gA,1.989
2026-10-03T08:37Z,4708,gP,2.104
2026-10-03T08:37Z,4708,g95e5p,1.918
2026-10-03T08:37Z,4725,g95e5,1.858
2026-10-03T08:37Z,4725,gA,2.014
2026-10-03T08:37Z,4725,gP,2.124
2026-10-03T08:37Z,4725,g95e5p,1.898
2026-10-03T08:37Z,4759,g95e5,1.868
2026-10-03T08:37Z,4759,gA,2.004
2026-10-03T08:37Z,4759,gP,2.114
2026-10-03T08:37Z,4759,g95e5p,1.908
2026-10-03T08:37Z,4760,gA,1.984
2026-10-03T08:37Z,4760,gP,2.094
2026-10-03T08:37Z,4763,g95e5,1.838
2026-10-03T08:37Z,4763,g95e5p,1.878
2026-10-03T08:37Z,4785,g95e5,1.828
2026-10-03T08:37Z,4785,gA,1.999
2026-10-03T08:37Z,4785,gP,2.074
2026-10-03T08:37Z,4800,gA,1.999
2026-10-03T08:37Z,4800,gP,2.099
2026-10-03T08:37Z,4819,g95e5,1.789
2026-10-03T08:37Z,4819,g98e5,1.899
2026-10-03T08:37Z,4823,gA,1.969
2026-10-03T08:37Z,4825,gA,1.959
2026-10-03T08:37Z,4830,g95e5,1.858
2026-10-03T08:37Z,4830,gA,2.004
2026-10-03T08:37Z,4830,gP,2.114
2026-10-03T08:37Z,4830,g95e5p,1.918
2026-10-03T08:37Z,4841,g95e5,1.839
2026-10-03T08:37Z,4841,gA,2.005
2026-10-03T08:37Z,4859,g95e5,1.859
2026-10-03T08:37Z,4862,gA,1.979
2026-10-03T08:37Z,4862,gP,2.079
2026-10-03T08:37Z,4863,g95e5,1.808
2026-10-03T08:37Z,4863,g95e5p,1.848
2026-10-03T08:37Z,4866,g95e5,1.835
2026-10-03T08:37Z,4866,gA,2.025
2026-10-03T08:37Z,4868,gA,2.025
2026-10-03T08:37Z,4870,g95e5,1.868
2026-10-03T08:37Z,4870,gA,1.989
2026-10-03T08:37Z,4870,gP,2.069
2026-10-03T08:37Z,4870,g95e5p,1.908
2026-10-03T08:37Z,4873,g95e5,1.869
2026-10-03T08:37Z,4886,g95e5,1.868
2026-10-03T08:37Z,4886,gA,2.039
2026-10-03T08:37Z,4886,gP,2.104
2026-10-03T08:37Z,4886,g95e5p,1.928
2026-10-03T08:37Z,4918,gA,1.989
2026-10-03T08:37Z,4923,g95e5,1.708
2026-10-03T08:37Z,4923,gA,1.758
2026-10-03T08:37Z,4923,gP,1.829
2026-10-03T08:37Z,4923,gB,1.549
2026-10-03T08:37Z,4930,gP,1.969
2026-10-03T08:37Z,4938,g95e5,1.699
2026-10-03T08:37Z,4975,gA,2.009
2026-10-03T08:37Z,4975,gP,2.059
2026-10-03T08:37Z,4981,g95e5,1.798
2026-10-03T08:37Z,4981,gA,2.039
2026-10-03T08:37Z,4981,gP,2.134
2026-10-03T08:37Z,4981,g95e5p,1.888
2026-10-03T08:37Z,4982,g95e5,1.818
2026-10-03T08:37Z,4982,g95e5p,1.908
2026-10-03T08:37Z,4983,gA,1.959
2026-10-03T08:37Z,4983,gP,2.039
2026-10-03T08:37Z,4984,gA,1.964
2026-10-03T08:37Z,4984,gP,2.039
2026-10-03T08:37Z,4989,g95e5,1.848
2026-10-03T08:37Z,4989,gA,1.949
2026-10-03T08:37Z,4989,gP,2.039
2026-10-03T08:37Z,4991,g95e5,1.848
2026-10-03T08:37Z,4991,gA,1.949
2026-10-03T08:37Z,4991,gP,2.039
2026-10-03T08:37Z,5002,g95e5,1.868
2026-10-03T08:37Z,5002,gA,1.994
2026-10-03T08:37Z,5002,gP,2.064
2026-10-03T08:37Z,5019,g95e5,1.879
2026-10-03T08:37Z,5019,gA,1.979
2026-10-03T08:37Z,5019,g98e5,1.979
2026-10-03T08:37Z,5024,g95e5,1.929
2026-10-03T08:37Z,5024,g98e5,1.999
2026-10-03T08:37Z,5036,g95e5,1.809
2026-10-03T08:37Z,5036,g95e5p,1.859
2026-10-03T08:37Z,5038,g95e5,1.759
2026-10-03T08:37Z,5039,g95e5,1.909
2026-10-03T08:37Z,5039,g98e5,2.019
2026-10-03T08:37Z,5042,g95e5,1.819
2026-10-03T08:37Z,5042,gA,1.969
2026-10-03T08:37Z,5042,g95e5p,1.869
2026-10-03T08:37Z,5062,g95e5,1.829
2026-10-03T08:37Z,5062,gA,2.009
2026-10-03T08:37Z,5074,g95e5,1.854
2026-10-03T08:37Z,5074,gA,1.979
2026-10-03T08:37Z,5074,gP,2.069
2026-10-03T08:37Z,5074,g95e5p,1.904
2026-10-03T08:37Z,5079,g95e5,1.835
2026-10-03T08:37Z,5085,g95e5,1.789
2026-10-03T08:37Z,5129,g95e5,1.789
2026-10-03T08:37Z,5129,gA,1.859
2026-10-03T08:37Z,5132,g95e5,1.829
2026-10-03T08:37Z,5140,g95e5,1.809
2026-10-03T08:37Z,5140,gA,1.979
2026-10-03T08:37Z,5150,g95e5,1.869
2026-10-03T08:37Z,5150,gA,2.025
2026-10-03T08:37Z,5152,g95e5,1.815
2026-10-03T08:37Z,5152,g98e5,1.975
2026-10-03T08:37Z,5159,g95e5,1.869
2026-10-03T08:37Z,5159,gA,2.025
2026-10-03T08:37Z,5174,g95e5,1.823
2026-10-03T08:37Z,5174,gA,1.974
2026-10-03T08:37Z,5174,gP,2.094
2026-10-03T08:37Z,5187,g95e5,1.879
2026-10-03T08:37Z,5187,gA,2.055
2026-10-03T08:37Z,5192,g95e5,1.868
2026-10-03T08:37Z,5192,gA,1.989
2026-10-03T08:37Z,5192,gP,2.074
2026-10-03T08:37Z,5193,g95e5,1.868
2026-10-03T08:37Z,5195,g95e5,1.859
2026-10-03T08:37Z,5206,g95e5,1.845
2026-10-03T08:37Z,5206,gA,2.019
2026-10-03T08:37Z,5208,g95e5,1.855
2026-10-03T08:37Z,5208,gA,2.025
2026-10-03T08:37Z,5213,g95e5,1.799
2026-10-03T08:37Z,5213,gA,1.869
2026-10-03T08:37Z,5213,gP,1.919
2026-10-03T08:37Z,5227,gA,1.975
2026-10-03T08:37Z,5261,g95e5,1.869
2026-10-03T08:37Z,5261,gA,2.029
2026-10-03T08:37Z,5295,g98e5,1.969
2026-10-03T08:37Z,5297,g95e5,1.805
2026-10-03T08:37Z,5297,gA,1.959
2026-10-03T08:37Z,5300,g95e5,1.825
2026-10-03T08:37Z,5300,gA,1.999
2026-10-03T08:37Z,5301,g95e5,1.825
2026-10-03T08:37Z,5301,gA,1.989
2026-10-03T08:37Z,5302,g95e5,1.829
2026-10-03T08:37Z,5302,gA,1.989
2026-10-03T08:37Z,5306,gA,2.019
2026-10-03T08:37Z,5307,gA,2.055
2026-10-03T08:37Z,5312,g95e5,1.909
2026-10-03T08:37Z,5312,gA,2.009
2026-10-03T08:37Z,5312,gP,2.074
2026-10-03T08:37Z,5312,g98e5,1.998
2026-10-03T08:37Z,5322,gA,1.974
2026-10-03T08:37Z,5322,gP,2.024
2026-10-03T08:37Z,5324,gA,2.019
2026-10-03T08:37Z,5324,gP,2.114
2026-10-03T08:37Z,5328,gA,2.019
2026-10-03T08:37Z,5328,gP,2.114
2026-10-03T08:37Z,5352,g95e5,1.855
2026-10-03T08:37Z,5352,gA,2.015
2026-10-03T08:37Z,5357,g95e5,1.855
2026-10-03T08:37Z,5357,gA,2.015
2026-10-03T08:37Z,5367,g95e5,1.819
2026-10-03T08:37Z,5367,gP,2.089
2026-10-03T08:37Z,5367,g95e5p,1.999
2026-10-03T08:37Z,5375,g95e5,1.835
2026-10-03T08:37Z,5375,gA,2.019
2026-10-03T08:37Z,5378,g95e5,1.858
2026-10-03T08:37Z,5378,gA,1.989
2026-10-03T08:37Z,5378,gP,2.074
2026-10-03T08:37Z,5378,g95e5p,1.928
2026-10-03T08:37Z,5394,g95e5,1.899
2026-10-03T08:37Z,5394,gA,1.999
2026-10-03T08:37Z,5394,g98e5,2.109
2026-10-03T08:37Z,5394,gB,1.799
2026-10-03T08:37Z,5412,g95e5,2.049
2026-10-03T08:37Z,5412,gA,2.029
2026-10-03T08:37Z,5412,g98e5,2.179
2026-10-03T08:37Z,5413,g95e5,1.899
2026-10-03T08:37Z,5413,gA,2.039
2026-10-03T08:37Z,5421,g95e5,1.878
2026-10-03T08:37Z,5421,gA,2.039
2026-10-03T08:37Z,5421,gP,2.114
2026-10-03T08:37Z,5421,g95e5p,1.918
2026-10-03T08:37Z,5440,g95e5,1.865
2026-10-03T08:37Z,5444,g95e5,1.859
2026-10-03T08:37Z,5444,gA,1.879
2026-10-03T08:37Z,5466,g95e5,1.848
2026-10-03T08:37Z,5466,g95e5p,1.908
2026-10-03T08:37Z,5480,g95e5,1.711
2026-10-03T08:37Z,5480,gA,1.839
2026-10-03T08:37Z,5480,gP,1.857
2026-10-03T08:37Z,5495,g95e5,1.844
2026-10-03T08:37Z,5495,gA,1.934
2026-10-03T08:37Z,5495,gP,1.984
2026-10-03T08:37Z,5495,g98e5,1.954
2026-10-03T08:37Z,5500,g95e5,1.858
2026-10-03T08:37Z,5500,gA,1.959
2026-10-03T08:37Z,5500,gP,2.074
2026-10-03T08:37Z,5500,g95e5p,1.918
2026-10-03T08:37Z,5501,g95e5,1.819
2026-10-03T08:37Z,5501,g98e5,1.939
2026-10-03T08:37Z,5512,g95e5,1.674
2026-10-03T08:37Z,5512,gA,1.778
2026-10-03T08:37Z,5512,gP,1.878
2026-10-03T08:37Z,5512,g98e5,1.864
2026-10-03T08:37Z,5514,gA,2.029
2026-10-03T08:37Z,5514,gP,2.094
2026-10-03T08:37Z,5519,gA,2.029
2026-10-03T08:37Z,5535,gA,1.849
2026-10-03T08:37Z,5535,gP,1.899
2026-10-03T08:37Z,5536,g98e5,1.959
2026-10-03T08:37Z,5537,g95e5,1.799
2026-10-03T08:37Z,5537,g98e5,1.939
2026-10-03T08:37Z,5540,gA,2.055
2026-10-03T08:37Z,5541,gA,2.025
2026-10-03T08:37Z,5556,g95e5,1.814
2026-10-03T08:37Z,5556,gA,1.939
2026-10-03T08:37Z,5556,gP,1.989
2026-10-03T08:37Z,5592,g98e5,1.999
2026-10-03T08:37Z,5621,gA,1.737
2026-10-03T08:37Z,5621,gP,1.806
2026-10-03T08:37Z,5622,gA,1.737
2026-10-03T08:37Z,5622,gP,1.806
2026-10-03T08:37Z,5622,gB,1.534
2026-10-03T08:37Z,5623,g95e5,1.677
2026-10-03T08:37Z,5623,gA,1.737
2026-10-03T08:37Z,5623,gP,1.806
2026-10-03T08:37Z,5623,gB,1.534
2026-10-03T08:37Z,5625,g95e5,1.778
2026-10-03T08:37Z,5625,gA,1.974
2026-10-03T08:37Z,5625,gP,2.054
2026-10-03T08:37Z,5644,gA,1.975
2026-10-03T08:37Z,5657,g95e5,1.845
2026-10-03T08:37Z,5672,g95e5,1.849
2026-10-03T08:37Z,5682,g95e5,1.819
2026-10-03T08:37Z,5682,gP,2.065
2026-10-03T08:37Z,5682,g98e5,1.989
2026-10-03T08:37Z,5688,g95e5,1.848
2026-10-03T08:37Z,5688,gA,2.014
2026-10-03T08:37Z,5688,gP,2.104
2026-10-03T08:37Z,5688,g95e5p,1.888
2026-10-03T08:37Z,5690,g95e5,1.808
2026-10-03T08:37Z,5690,gA,1.929
2026-10-03T08:37Z,5690,gP,2.019
2026-10-03T08:37Z,5690,g95e5p,1.878
2026-10-03T08:37Z,5696,g95e5,1.868
2026-10-03T08:37Z,5696,g95e5p,1.918
2026-10-03T08:37Z,5698,g95e5,1.858
2026-10-03T08:37Z,5698,gA,1.984
2026-10-03T08:37Z,5698,gP,2.084
2026-10-03T08:37Z,5705,gA,1.994
2026-10-03T08:37Z,5705,gP,2.039
2026-10-03T08:37Z,5706,g95e5,1.848
2026-10-03T08:37Z,5706,gA,1.974
2026-10-03T08:37Z,5706,gP,2.059
2026-10-03T08:37Z,5706,g95e5p,1.898
2026-10-03T08:37Z,5733,g95e5,1.835
2026-10-03T08:37Z,5738,gA,2.015
2026-10-03T08:37Z,5774,g95e5,1.855
2026-10-03T08:37Z,5774,gA,1.985
2026-10-03T08:37Z,5783,g95e5,1.869
2026-10-03T08:37Z,5783,gA,2.015
2026-10-03T08:37Z,5786,g95e5,1.818
2026-10-03T08:37Z,5786,g95e5p,1.878
2026-10-03T08:37Z,5807,g95e5,1.849
2026-10-03T08:37Z,5837,gA,1.869
2026-10-03T08:37Z,5877,g95e5,1.858
2026-10-03T08:37Z,5877,gA,2.029
2026-10-03T08:37Z,5877,gP,2.124
2026-10-03T08:37Z,5877,g95e5p,1.898
2026-10-03T08:37Z,5915,gA,2.003
2026-10-03T08:37Z,5915,gP,2.104
2026-10-03T08:37Z,5943,g95e5,1.855
2026-10-03T08:37Z,5943,gA,2.045
2026-10-03T08:37Z,5946,g95e5,1.855
2026-10-03T08:37Z,5947,g95e5,1.825
2026-10-03T08:37Z,5951,g95e5,1.819
2026-10-03T08:37Z,5960,g95e5,1.833
2026-10-03T08:37Z,5960,gA,1.983
2026-10-03T08:37Z,5960,gP,2.109
2026-10-03T08:37Z,5960,g98e5,1.908
2026-10-03T08:37Z,5965,g95e5,1.819
2026-10-03T08:37Z,5965,gB,1.859
2026-10-03T08:37Z,5968,g95e5,1.848
2026-10-03T08:37Z,5968,gA,2.029
2026-10-03T08:37Z,5968,gP,2.094
2026-10-03T08:37Z,5973,g95e5,1.828
2026-10-03T08:37Z,5973,gA,2.038
2026-10-03T08:37Z,5973,gP,2.138
2026-10-03T08:37Z,5973,g98e5,1.978
2026-10-03T08:37Z,5985,g95e5,1.899
2026-10-03T08:37Z,5985,g98e5,1.999
2026-10-03T08:37Z,5990,g95e5,1.859
2026-10-03T08:37Z,6025,g95e5,2.099
2026-10-03T08:37Z,6025,gA,2.069
2026-10-03T08:37Z,6026,g95e5,2.099
2026-10-03T08:37Z,6026,gA,2.069
2026-10-03T08:37Z,6038,g95e5,1.849
2026-10-03T08:37Z,6038,gA,1.955
2026-10-03T08:37Z,6044,g95e5,1.949
2026-10-03T08:37Z,6057,g95e5,1.825
2026-10-03T08:37Z,6058,g95e5,1.819
2026-10-03T08:37Z,6058,gA,2.039
2026-10-03T08:37Z,6066,g95e5,1.818
2026-10-03T08:37Z,6086,g95e5,1.754
2026-10-03T08:37Z,6086,gA,1.874
2026-10-03T08:37Z,6086,gP,1.924
2026-10-03T08:37Z,6086,g95e5p,1.804
2026-10-03T08:37Z,6090,g95e5,1.829
2026-10-03T08:37Z,6090,gA,1.949
2026-10-03T08:37Z,6090,gP,2.039
2026-10-03T08:37Z,6090,g98e5,1.969
2026-10-03T08:37Z,6112,g95e5,1.813
2026-10-03T08:37Z,6120,gA,1.974
2026-10-03T08:37Z,6120,gP,2.074
2026-10-03T08:37Z,6129,g95e5,1.838
2026-10-03T08:37Z,6129,gA,2.009
2026-10-03T08:37Z,6129,gP,2.084
2026-10-03T08:37Z,6129,g95e5p,1.888
2026-10-03T08:37Z,6131,g95e5,1.838
2026-10-03T08:37Z,6131,gA,1.979
2026-10-03T08:37Z,6131,gP,2.069
2026-10-03T08:37Z,6140,g95e5,1.858
2026-10-03T08:37Z,6140,gA,2.019
2026-10-03T08:37Z,6140,gP,2.094
2026-10-03T08:37Z,6141,g95e5,1.858
2026-10-03T08:37Z,6141,gA,2.019
2026-10-03T08:37Z,6141,gP,2.094
2026-10-03T08:37Z,6163,gA,1.954
2026-10-03T08:37Z,6163,gP,2.064
2026-10-03T08:37Z,6166,g95e5,1.839
2026-10-03T08:37Z,6166,g98e5,1.979
2026-10-03T08:37Z,6169,g95e5,1.909
2026-10-03T08:37Z,6169,g98e5,2.109
2026-10-03T08:37Z,6173,gA,2.019
2026-10-03T08:37Z,6173,gP,2.144
2026-10-03T08:37Z,6178,g95e5,1.845
2026-10-03T08:37Z,6178,gA,1.995
2026-10-03T08:37Z,6178,g98e5,2.015
2026-10-03T08:37Z,6178,gB,1.855
2026-10-03T08:37Z,6189,g95e5,1.859
2026-10-03T08:37Z,6189,gA,1.969
2026-10-03T08:37Z,6208,g95e5,1.819
2026-10-03T08:37Z,6208,gA,1.985
2026-10-03T08:37Z,6223,g95e5,1.799
2026-10-03T08:37Z,6227,gA,2.055
2026-10-03T08:37Z,6238,gA,2.045
2026-10-03T08:37Z,6253,gA,1.995
2026-10-03T08:37Z,6253,g98e5,1.995
2026-10-03T08:37Z,6259,gA,2.019
2026-10-03T08:37Z,6260,gA,2.055
2026-10-03T08:37Z,6265,gA,1.995
2026-10-03T08:37Z,6265,g98e5,1.995
2026-10-03T08:37Z,6269,g95e5,1.899
2026-10-03T08:37Z,6270,g95e5,1.899
2026-10-03T08:37Z,6273,g95e5,1.829
2026-10-03T08:37Z,6273,gA,1.879
2026-10-03T08:37Z,6273,gP,1.929
2026-10-03T08:37Z,6293,g95e5,1.754
2026-10-03T08:37Z,6293,gA,1.874
2026-10-03T08:37Z,6293,gP,1.924
2026-10-03T08:37Z,6293,g98e5,1.864
2026-10-03T08:37Z,6295,g95e5,1.879
2026-10-03T08:37Z,6295,gA,2.049
2026-10-03T08:37Z,6298,g95e5,1.829
2026-10-03T08:37Z,6298,gA,1.995
2026-10-03T08:37Z,6298,gP,2.095
2026-10-03T08:37Z,6298,g98e5,1.989
2026-10-03T08:37Z,6300,gA,1.965
2026-10-03T08:37Z,6309,gA,1.995
2026-10-03T08:37Z,6309,g98e5,1.995
2026-10-03T08:37Z,6312,gA,2.035
2026-10-03T08:37Z,6313,gA,2.009
2026-10-03T08:37Z,6316,g95e5,1.845
2026-10-03T08:37Z,6323,g95e5,1.859
2026-10-03T08:37Z,6323,gA,2.009
2026-10-03T08:37Z,6323,gP,2.059
2026-10-03T08:37Z,6325,g95e5,1.839
2026-10-03T08:37Z,6325,gA,1.999
2026-10-03T08:37Z,6325,gP,2.049
2026-10-03T08:37Z,6325,g95e5p,1.889
2026-10-03T08:37Z,6327,gA,2.049
2026-10-03T08:37Z,6334,g95e5,1.789
2026-10-03T08:37Z,6334,gA,1.979
2026-10-03T08:37Z,6339,gA,2.025
2026-10-03T08:37Z,6341,gP,2.045
2026-10-03T08:37Z,6341,g98e5,1.935
2026-10-03T08:37Z,6349,g95e5,1.879
2026-10-03T08:37Z,6351,g95e5,1.825
2026-10-03T08:37Z,6353,gA,1.989
2026-10-03T08:37Z,6359,gA,2.049
2026-10-03T08:37Z,6378,g95e5,1.829
2026-10-03T08:37Z,6378,g98e5,1.989
2026-10-03T08:37Z,6404,g95e5,1.875
2026-10-03T08:37Z,6404,gA,2.035
2026-10-03T08:37Z,6406,gA,2.049
2026-10-03T08:37Z,6413,g95e5,1.869
2026-10-03T08:37Z,6413,gA,2.015
2026-10-03T08:37Z,6424,g95e5,1.793
2026-10-03T08:37Z,6424,gA,1.924
2026-10-03T08:37Z,6424,gP,2.044
2026-10-03T08:37Z,6424,g95e5p,1.858
2026-10-03T08:37Z,6426,g95e5,1.813
2026-10-03T08:37Z,6426,gA,1.964
2026-10-03T08:37Z,6426,gP,2.074
2026-10-03T08:37Z,6426,g95e5p,1.868
2026-10-03T08:37Z,6429,g95e5,1.849
2026-10-03T08:37Z,6429,gA,1.949
2026-10-03T08:37Z,6429,gP,1.989
2026-10-03T08:37Z,6452,g95e5,1.863
2026-10-03T08:37Z,6452,g95e5p,1.928
2026-10-03T08:37Z,6463,g95e5,1.799
2026-10-03T08:37Z,6463,gA,2.045
2026-10-03T08:37Z,6463,gP,2.145
2026-10-03T08:37Z,6463,g98e5,1.999
2026-10-03T08:37Z,6472,g95e5,1.849
2026-10-03T08:37Z,6472,gA,2.065
2026-10-03T08:37Z,6472,gP,2.175
2026-10-03T08:37Z,6478,g95e5,1.769
2026-10-03T08:37Z,6499,g95e5,1.868
2026-10-03T08:37Z,6499,gA,2.049
2026-10-03T08:37Z,6499,gP,2.134
2026-10-03T08:37Z,6499,g95e5p,1.928
2026-10-03T08:37Z,6501,g95e5,1.868
2026-10-03T08:37Z,6501,gA,2.039
2026-10-03T08:37Z,6501,gP,2.104
2026-10-03T08:37Z,6509,g95e5,1.818
2026-10-03T08:37Z,6509,gA,1.984
2026-10-03T08:37Z,6509,gP,2.094
2026-10-03T08:37Z,6509,g95e5p,1.918
2026-10-03T08:37Z,6519,g95e5,1.829
2026-10-03T08:37Z,6519,gA,2.045
2026-10-03T08:37Z,6519,gP,2.155
2026-10-03T08:37Z,6569,gA,1.969
2026-10-03T08:37Z,6569,gP,2.064
2026-10-03T08:37Z,6586,g95e5,1.818
2026-10-03T08:37Z,6586,gA,1.934
2026-10-03T08:37Z,6586,gP,2.024
2026-10-03T08:37Z,6586,g95e5p,1.868
2026-10-03T08:37Z,6599,g95e5,1.838
2026-10-03T08:37Z,6599,gA,1.959
2026-10-03T08:37Z,6599,gP,2.044
2026-10-03T08:37Z,6599,g95e5p,1.888
2026-10-03T08:37Z,6600,g95e5,1.818
2026-10-03T08:37Z,6600,gA,1.934
2026-10-03T08:37Z,6600,gP,2.034
2026-10-03T08:37Z,6600,g98e5,1.918
2026-10-03T08:37Z,6612,g95e5,1.888
2026-10-03T08:37Z,6612,g95e5p,1.948
2026-10-03T08:37Z,6623,g95e5,1.815
2026-10-03T08:37Z,6625,g98e5,2.005
2026-10-03T08:37Z,6652,g95e5,1.818
2026-10-03T08:37Z,6652,gA,2.019
2026-10-03T08:37Z,6652,gP,2.104
2026-10-03T08:37Z,6682,g95e5,1.865
2026-10-03T08:37Z,6682,gA,1.969
2026-10-03T08:37Z,6688,gA,1.989
2026-10-03T08:37Z,6690,gA,2.009
2026-10-03T08:37Z,6706,gA,2.009
2026-10-03T08:37Z,6706,gP,2.084
2026-10-03T08:37Z,6711,gA,1.959
2026-10-03T08:37Z,6736,g95e5,1.839
2026-10-03T08:37Z,6739,gA,1.732
2026-10-03T08:37Z,6743,gA,2.019
2026-10-03T08:37Z,6743,gP,2.114
2026-10-03T08:37Z,6744,g95e5,1.878
2026-10-03T08:37Z,6744,gA,2.039
2026-10-03T08:37Z,6744,gP,2.134
2026-10-03T08:37Z,6744,g95e5p,1.958
2026-10-03T08:37Z,6751,g95e5,1.815
2026-10-03T08:37Z,6751,gA,2.035
2026-10-03T08:37Z,6766,g95e5,1.959
2026-10-03T08:37Z,6768,g95e5,1.829
2026-10-03T08:37Z,6778,g95e5,1.828
2026-10-03T08:37Z,6778,g95e5p,1.888
2026-10-03T08:37Z,6780,gA,2.029
2026-10-03T08:37Z,6780,gP,2.134
2026-10-03T08:37Z,6783,g95e5,1.793
2026-10-03T08:37Z,6783,gA,1.994
2026-10-03T08:37Z,6783,gP,2.114
2026-10-03T08:37Z,6783,g95e5p,1.878
2026-10-03T08:37Z,6785,gA,2.039
2026-10-03T08:37Z,6785,gP,2.099
2026-10-03T08:37Z,6785,gB,1.879
2026-10-03T08:37Z,6789,g95e5,1.818
2026-10-03T08:37Z,6790,gA,2.029
2026-10-03T08:37Z,6790,gP,2.114
2026-10-03T08:37Z,6793,gA,2.039
2026-10-03T08:37Z,6793,gP,2.089
2026-10-03T08:37Z,6796,g95e5,1.775
2026-10-03T08:37Z,6796,gP,2.089
2026-10-03T08:37Z,6807,gA,1.959
2026-10-03T08:37Z,6819,gA,2.039
2026-10-03T08:37Z,6819,gP,2.144
2026-10-03T08:37Z,6821,g95e5,1.799
2026-10-03T08:37Z,6821,gA,2.045
2026-10-03T08:37Z,6821,g98e5,1.959
2026-10-03T08:37Z,6844,gA,1.975
2026-10-03T08:37Z,6844,gP,2.065
2026-10-03T08:37Z,6861,g95e5,1.825
2026-10-03T08:37Z,6861,gA,2.009
2026-10-03T08:37Z,6870,gA,1.959
2026-10-03T08:37Z,6876,g95e5,1.839
2026-10-03T08:37Z,6883,g95e5,1.848
2026-10-03T08:37Z,6883,gA,1.949
2026-10-03T08:37Z,6883,gP,2.049
2026-10-03T08:37Z,6883,g95e5p,1.908
2026-10-03T08:37Z,6887,g95e5,1.815
2026-10-03T08:37Z,6887,gA,2.015
2026-10-03T08:37Z,6894,gA,1.989
2026-10-03T08:37Z,6908,g95e5,1.809
2026-10-03T08:37Z,6910,g95e5,1.839
2026-10-03T08:37Z,6910,gA,2.055
2026-10-03T08:37Z,6922,g95e5,1.855
2026-10-03T08:37Z,6927,g95e5,1.848
2026-10-03T08:37Z,6927,gA,1.959
2026-10-03T08:37Z,6927,gP,2.049
2026-10-03T08:37Z,6927,g95e5p,1.908
2026-10-03T08:37Z,6928,g95e5,1.785
2026-10-03T08:37Z,6929,g95e5,1.845
2026-10-03T08:37Z,6940,gA,2.039
2026-10-03T08:37Z,6944,g95e5,1.825
2026-10-03T08:37Z,6953,g95e5,1.879
2026-10-03T08:37Z,6955,g95e5,1.889
2026-10-03T08:37Z,6955,gA,2.059
2026-10-03T08:37Z,6964,gA,2.009
2026-10-03T08:37Z,6978,g95e5,1.855
2026-10-03T08:37Z,6978,gA,1.985
2026-10-03T08:37Z,6987,gA,1.999
2026-10-03T08:37Z,6987,gP,2.049
2026-10-03T08:37Z,6992,g95e5,1.798
2026-10-03T08:37Z,6992,gA,1.959
2026-10-03T08:37Z,6992,gP,2.009
2026-10-03T08:37Z,6992,g95e5p,1.858
2026-10-03T08:37Z,7001,g95e5,1.809
2026-10-03T08:37Z,7001,gA,2.009
2026-10-03T08:37Z,7001,gP,2.139
2026-10-03T08:37Z,7001,gB,1.819
2026-10-03T08:37Z,7064,g95e5,1.809
2026-10-03T08:37Z,7064,gA,1.964
2026-10-03T08:37Z,7064,gP,2.014
2026-10-03T08:37Z,7068,g95e5,1.884
2026-10-03T08:37Z,7068,gA,2.009
2026-10-03T08:37Z,7068,gP,2.099
2026-10-03T08:37Z,7068,g95e5p,1.934
2026-10-03T08:37Z,7069,g95e5,1.759
2026-10-03T08:37Z,7069,gA,1.919
2026-10-03T08:37Z,7069,gP,1.969
2026-10-03T08:37Z,7069,g98e5,1.879
2026-10-03T08:37Z,7071,gA,1.974
2026-10-03T08:37Z,7071,gP,2.024
2026-10-03T08:37Z,7086,g95e5,1.859
2026-10-03T08:37Z,7086,gA,1.989
2026-10-03T08:37Z,7089,g95e5,1.835
2026-10-03T08:37Z,7092,g95e5,1.832
2026-10-03T08:37Z,7092,gA,1.968
2026-10-03T08:37Z,7117,gA,1.999
2026-10-03T08:37Z,7119,gA,2.029
2026-10-03T08:37Z,7120,g95e5,1.819
2026-10-03T08:37Z,7152,g95e5,1.839
2026-10-03T08:37Z,7152,g98e5,1.949
2026-10-03T08:37Z,7156,gA,2.039
2026-10-03T08:37Z,7161,gA,1.995
2026-10-03T08:37Z,7191,g95e5,1.799
2026-10-03T08:37Z,7191,gA,1.934
2026-10-03T08:37Z,7191,gP,1.984
2026-10-03T08:37Z,7191,g95e5p,1.849
2026-10-03T08:37Z,7207,g95e5,1.878
2026-10-03T08:37Z,7207,gA,2.029
2026-10-03T08:37Z,7207,gP,2.104
2026-10-03T08:37Z,7207,g95e5p,1.958
2026-10-03T08:37Z,7209,g95e5,1.858
2026-10-03T08:37Z,7211,gA,1.979
2026-10-03T08:37Z,7211,gP,2.094
2026-10-03T08:37Z,7212,g95e5,1.843
2026-10-03T08:37Z,7212,g95e5p,1.918
2026-10-03T08:37Z,7216,g95e5,1.858
2026-10-03T08:37Z,7216,gA,2.014
2026-10-03T08:37Z,7216,gP,2.114
2026-10-03T08:37Z,7216,g95e5p,1.928
2026-10-03T08:37Z,7219,gA,2.019
2026-10-03T08:37Z,7219,gP,2.114
2026-10-03T08:37Z,7222,g95e5,1.878
2026-10-03T08:37Z,7222,g95e5p,1.918
2026-10-03T08:37Z,7223,gA,2.019
2026-10-03T08:37Z,7223,gP,2.114
2026-10-03T08:37Z,7230,gA,2.025
2026-10-03T08:37Z,7240,gA,2.065
2026-10-03T08:37Z,7243,g95e5,1.859
2026-10-03T08:37Z,7243,gA,2.019
2026-10-03T08:37Z,7246,g95e5,1.859
2026-10-03T08:37Z,7246,gA,2.039
2026-10-03T08:37Z,7248,gA,2.029
2026-10-03T08:37Z,7256,gA,2.029
2026-10-03T08:37Z,7256,gP,2.119
2026-10-03T08:37Z,7290,g95e5,1.833
2026-10-03T08:37Z,7290,gA,1.994
2026-10-03T08:37Z,7290,g95e5p,1.918
2026-10-03T08:37Z,7294,g95e5,1.818
2026-10-03T08:37Z,7294,g95e5p,1.898
2026-10-03T08:37Z,7303,gA,1.999
2026-10-03T08:37Z,7303,gP,2.099
2026-10-03T08:37Z,7304,gA,1.999
2026-10-03T08:37Z,7305,gA,1.999
2026-10-03T08:37Z,7305,gP,2.099
2026-10-03T08:37Z,7317,g95e5,1.838
2026-10-03T08:37Z,7317,gA,2.049
2026-10-03T08:37Z,7317,gP,2.134
2026-10-03T08:37Z,7327,g95e5,1.798
2026-10-03T08:37Z,7327,gA,1.984
2026-10-03T08:37Z,7327,gP,2.124
2026-10-03T08:37Z,7344,g95e5,1.848
2026-10-03T08:37Z,7344,gA,2.019
2026-10-03T08:37Z,7344,gP,2.124
2026-10-03T08:37Z,7344,g95e5p,1.908
2026-10-03T08:37Z,7364,g95e5,1.859
2026-10-03T08:37Z,7364,gA,2.039
2026-10-03T08:37Z,7410,g95e5,1.849
2026-10-03T08:37Z,7411,g95e5,1.849
2026-10-03T08:37Z,7414,g95e5,1.849
2026-10-03T08:37Z,7418,gA,2.029
2026-10-03T08:37Z,7420,g95e5,1.885
2026-10-03T08:37Z,7433,gA,1.979
2026-10-03T08:37Z,7435,g95e5,1.849
2026-10-03T08:37Z,7435,gA,2.029
2026-10-03T08:37Z,7436,g95e5,1.905
2026-10-03T08:37Z,7439,gA,2.045
2026-10-03T08:37Z,7441,g95e5,1.855
2026-10-03T08:37Z,7445,g95e5,1.905
2026-10-03T08:37Z,7445,gA,2.019
2026-10-03T08:37Z,7453,g95e5,1.839
2026-10-03T08:37Z,7453,g98e5,1.979
2026-10-03T08:37Z,7455,gA,2.009
2026-10-03T08:37Z,7455,gP,2.059
2026-10-03T08:37Z,7458,gA,1.984
2026-10-03T08:37Z,7458,gP,2.074
2026-10-03T08:37Z,7460,g95e5,1.848
2026-10-03T08:37Z,7460,gA,2.004
2026-10-03T08:37Z,7460,gP,2.104
2026-10-03T08:37Z,7460,g95e5p,1.928
2026-10-03T08:37Z,7461,g95e5,1.848
2026-10-03T08:37Z,7469,g95e5,1.849
2026-10-03T08:37Z,7469,gA,1.969
2026-10-03T08:37Z,7469,gP,2.019
2026-10-03T08:37Z,7469,g98e5,1.989
2026-10-03T08:37Z,7515,g95e5,1.818
2026-10-03T08:37Z,7515,gA,2.009
2026-10-03T08:37Z,7515,gP,2.104
2026-10-03T08:37Z,7515,g95e5p,1.888
2026-10-03T08:37Z,7522,g95e5,1.855
2026-10-03T08:37Z,7522,gA,2.039
2026-10-03T08:37Z,7534,g95e5,1.859
2026-10-03T08:37Z,7538,g95e5,1.815
2026-10-03T08:37Z,7538,gA,2.035
2026-10-03T08:37Z,7551,g95e5,1.825
2026-10-03T08:37Z,7552,gA,1.999
2026-10-03T08:37Z,7553,g95e5,1.855
2026-10-03T08:37Z,7553,gA,2.039
2026-10-03T08:37Z,7557,gA,2.013
2026-10-03T08:37Z,7557,gP,2.104
2026-10-03T08:37Z,7559,gA,2.035
2026-10-03T08:37Z,7592,g95e5,1.848
2026-10-03T08:37Z,7592,gA,2.029
2026-10-03T08:37Z,7592,gP,2.124
2026-10-03T08:37Z,7592,g95e5p,1.898
2026-10-03T08:37Z,7594,g95e5,1.779
2026-10-03T08:37Z,7594,g95e5p,1.829
2026-10-03T08:37Z,7608,g95e5,1.779
2026-10-03T08:37Z,7608,g95e5p,1.779
2026-10-03T08:37Z,7612,g95e5,1.759
2026-10-03T08:37Z,7673,gA,1.830
2026-10-03T08:37Z,7679,g95e5,1.529
2026-10-03T08:37Z,7688,g95e5,1.539
2026-10-03T08:37Z,7688,gA,1.729
2026-10-03T08:37Z,7702,gA,1.699
2026-10-03T08:37Z,7707,g95e5,1.519
2026-10-03T08:37Z,7707,gA,1.699
2026-10-03T08:37Z,7710,gA,1.699
2026-10-03T08:37Z,7711,g95e5,1.529
2026-10-03T08:37Z,7751,g95e5,1.853
2026-10-03T08:37Z,7751,g95e5p,1.918
2026-10-03T08:37Z,7753,g95e5,1.853
2026-10-03T08:37Z,7759,g95e5,1.829
2026-10-03T08:37Z,7759,gA,1.999
2026-10-03T08:37Z,7759,gP,2.099
2026-10-03T08:37Z,7759,g98e5,1.989
2026-10-03T08:37Z,7808,g95e5,1.529
2026-10-03T08:37Z,7808,gA,1.709
2026-10-03T08:37Z,7808,gP,1.789
2026-10-03T08:37Z,7808,g98e5,1.659
2026-10-03T08:37Z,7855,g95e5,1.438
2026-10-03T08:37Z,7855,gA,1.649
2026-10-03T08:37Z,7855,g98e5,1.499
2026-10-03T08:37Z,7948,g95e5,1.581
2026-10-03T08:37Z,7948,gA,1.708
2026-10-03T08:37Z,7948,g98e5,1.700
2026-10-03T08:37Z,7960,gA,2.019
2026-10-03T08:37Z,7960,gP,2.089
2026-10-03T08:37Z,7960,g98e5,1.969
2026-10-03T08:37Z,8025,g95e5,1.829
2026-10-03T08:37Z,8025,g98e5,1.969
2026-10-03T08:37Z,8057,gA,2.029
2026-10-03T08:37Z,8057,gP,2.119
2026-10-03T08:37Z,8088,g95e5,1.839
2026-10-03T08:37Z,8088,gA,2.005
2026-10-03T08:37Z,8101,g95e5,1.848
2026-10-03T08:37Z,8116,g95e5,1.679
2026-10-03T08:37Z,8116,gA,1.739
2026-10-03T08:37Z,8145,gA,2.029
2026-10-03T08:37Z,8145,gP,2.104
2026-10-03T08:37Z,8221,g95e5,1.869
2026-10-03T08:37Z,8221,gA,1.939
2026-10-03T08:37Z,8237,g95e5,1.569
2026-10-03T08:37Z,8237,gA,1.739
2026-10-03T08:37Z,8250,gA,1.975
2026-10-03T08:37Z,8251,g95e5,1.885
2026-10-03T08:37Z,8251,gA,2.075
2026-10-03T08:37Z,8253,g95e5,1.875
2026-10-03T08:37Z,8253,gA,1.995
2026-10-03T08:37Z,8266,g95e5,1.808
2026-10-03T08:37Z,8266,gA,2.009
2026-10-03T08:37Z,8266,gP,2.104
2026-10-03T08:37Z,8266,g95e5p,1.878
2026-10-03T08:37Z,8274,gA,2.035
2026-10-03T08:37Z,8294,g95e5,1.839
2026-10-03T08:37Z,8294,g98e5,1.979
2026-10-03T08:37Z,8305,g95e5,1.844
2026-10-03T08:37Z,8305,gA,1.964
2026-10-03T08:37Z,8305,gP,2.054
2026-10-03T08:37Z,8305,g98e5,1.964
2026-10-03T08:37Z,8327,g95e5,1.989
2026-10-03T08:37Z,8327,gA,1.989
2026-10-03T08:37Z,8327,gP,2.029
2026-10-03T08:37Z,8327,g98e5,2.009
2026-10-03T08:37Z,8355,g95e5,1.729
2026-10-03T08:37Z,8355,gA,1.839
2026-10-03T08:37Z,8355,gP,1.889
2026-10-03T08:37Z,8386,gA,1.737
2026-10-03T08:37Z,8386,gP,1.806
2026-10-03T08:37Z,8386,gB,1.534
2026-10-03T08:37Z,8406,gA,1.989
2026-10-03T08:37Z,8406,gP,2.050
2026-10-03T08:37Z,8505,g95e5,1.868
2026-10-03T08:37Z,8505,gA,2.019
2026-10-03T08:37Z,8505,gP,2.094
2026-10-03T08:37Z,8505,g98e5,1.988
2026-10-03T08:37Z,8506,g95e5,1.868
2026-10-03T08:37Z,8506,gA,2.019
2026-10-03T08:37Z,8506,gP,2.094
2026-10-03T08:37Z,8506,g98e5,1.988
2026-10-03T08:37Z,8539,gA,1.789
2026-10-03T08:37Z,8728,g95e5,1.539
2026-10-03T08:37Z,8728,gA,1.709
2026-10-03T08:37Z,8920,g95e5,1.862
2026-10-03T08:37Z,8920,g98e5,2.028
2026-10-03T08:37Z,9031,g95e5,1.799
2026-10-03T08:37Z,9089,g95e5,1.799
2026-10-03T08:37Z,9089,g98e5,1.939
2026-10-03T08:37Z,9102,g95e5,1.809
2026-10-03T08:37Z,9102,g95e5p,1.859
2026-10-03T08:37Z,9135,gA,2.029
2026-10-03T08:37Z,9135,gP,2.119
2026-10-03T08:37Z,9136,gA,2.029
2026-10-03T08:37Z,9136,gP,2.119
2026-10-03T08:37Z,9137,gA,2.029
2026-10-03T08:37Z,9137,gP,2.119
2026-10-03T08:37Z,9138,gA,2.029
2026-10-03T08:37Z,9138,gP,2.119
2026-10-03T08:37Z,9140,gA,2.029
2026-10-03T08:37Z,9140,gP,2.119
2026-10-03T08:37Z,9142,gA,2.029
2026-10-03T08:37Z,9142,gP,2.119
2026-10-03T08:37Z,9143,g95e5,1.865
2026-10-03T08:37Z,9143,gA,2.029
2026-10-03T08:37Z,9143,gP,2.119
2026-10-03T08:37Z,9143,g98e5,2.005
2026-10-03T08:37Z,9160,g95e5,1.829
2026-10-03T08:37Z,9160,g98e5,1.969
2026-10-03T08:37Z,9225,g95e5,1.849
2026-10-03T08:37Z,9289,g95e5,1.859
2026-10-03T08:37Z,9289,gA,1.979
2026-10-03T08:37Z,9289,gP,1.999
2026-10-03T08:37Z,9289,g98e5,1.998
2026-10-03T08:37Z,9294,gA,2.049
2026-10-03T08:37Z,9302,g95e5,1.853
2026-10-03T08:37Z,9302,g95e5p,1.908
2026-10-03T08:37Z,9303,gA,1.974
2026-10-03T08:37Z,9303,gP,2.074
2026-10-03T08:37Z,9344,g95e5,1.809
2026-10-03T08:37Z,9344,gA,1.969
2026-10-03T08:37Z,9344,gP,2.019
2026-10-03T08:37Z,9344,g95e5p,1.859
2026-10-03T08:37Z,9347,g95e5,1.839
2026-10-03T08:37Z,9347,g95e5p,1.889
2026-10-03T08:37Z,9432,g95e5,1.795
2026-10-03T08:37Z,9432,gP,2.095
2026-10-03T08:37Z,9432,g98e5,1.905
2026-10-03T08:37Z,9460,g95e5,1.843
2026-10-03T08:37Z,9460,gA,1.918
2026-10-03T08:37Z,9460,gP,1.977
2026-10-03T08:37Z,9460,g98e5,1.995
2026-10-03T08:37Z,9462,g95e5,1.839
2026-10-03T08:37Z,9471,gA,1.979
2026-10-03T08:37Z,9520,g95e5,1.869
2026-10-03T08:37Z,9520,gA,1.949
2026-10-03T08:37Z,9520,gP,2.039
2026-10-03T08:37Z,9622,gA,1.979
2026-10-03T08:37Z,9622,gP,2.044
2026-10-03T08:37Z,9655,gB,1.493
2026-10-03T08:37Z,9670,g95e5,1.808
2026-10-03T08:37Z,9670,gA,1.979
2026-10-03T08:37Z,9670,gP,2.044
2026-10-03T08:37Z,9708,g95e5,1.859
2026-10-03T08:37Z,9734,gA,2.039
2026-10-03T08:37Z,9734,gP,2.129
2026-10-03T08:37Z,9744,gA,1.934
2026-10-03T08:37Z,9755,g95e5,1.829
2026-10-03T08:37Z,9755,gA,1.839
2026-10-03T08:37Z,9788,g95e5,1.807
2026-10-03T08:37Z,9788,gA,1.811
2026-10-03T08:37Z,9788,gB,1.544
2026-10-03T08:37Z,9817,gA,1.899
2026-10-03T08:37Z,9817,gP,1.999
2026-10-03T08:37Z,9893,g95e5,1.838
2026-10-03T08:37Z,9893,gA,2.009
2026-10-03T08:37Z,9893,gP,2.069
2026-10-03T08:37Z,9893,gB,1.889
2026-10-03T08:37Z,9915,g95e5,1.869
2026-10-03T08:37Z,9915,gA,1.949
2026-10-03T08:37Z,9915,gP,2.039
2026-10-03T08:37Z,10017,g95e5,1.875
2026-10-03T08:37Z,10031,g95e5,1.849
2026-10-03T08:37Z,10031,g98e5,1.979
2026-10-03T08:37Z,10055,g95e5,1.828
2026-10-03T08:37Z,10055,gA,1.994
2026-10-03T08:37Z,10055,gP,2.074
2026-10-03T08:37Z,10055,g98e5,1.928
2026-10-03T08:37Z,10106,gA,2.029
2026-10-03T08:37Z,10106,gP,2.144
2026-10-03T08:37Z,10107,gA,2.029
2026-10-03T08:37Z,10107,gP,2.144
2026-10-03T08:37Z,10121,g95e5,1.729
2026-10-03T08:37Z,10121,gA,1.815
2026-10-03T08:37Z,10137,g95e5,1.646
2026-10-03T08:37Z,10137,gB,1.551
2026-10-03T08:37Z,10249,g95e5,1.813
2026-10-03T08:37Z,10249,gA,1.993
2026-10-03T08:37Z,10249,gP,2.094
2026-10-03T08:37Z,10252,g95e5,1.845
2026-10-03T08:37Z,10252,gA,2.045
2026-10-03T08:37Z,10298,g95e5,1.809
2026-10-03T08:37Z,10298,gA,1.959
2026-10-03T08:37Z,10298,gP,2.061
2026-10-03T08:37Z,10298,g98e5,1.961
2026-10-03T08:37Z,10366,g95e5,1.848
2026-10-03T08:37Z,10366,gA,1.984
2026-10-03T08:37Z,10366,gP,2.064
2026-10-03T08:37Z,10367,g95e5,1.828
2026-10-03T08:37Z,10367,gA,1.999
2026-10-03T08:37Z,10367,gP,2.084
2026-10-03T08:37Z,10368,gA,2.039
2026-10-03T08:37Z,10368,gP,2.099
2026-10-03T08:37Z,10369,g95e5,1.875
2026-10-03T08:37Z,10369,gA,2.039
2026-10-03T08:37Z,10369,gP,2.099
2026-10-03T08:37Z,10489,g95e5,1.699
2026-10-03T08:37Z,10489,gA,1.829
2026-10-03T08:37Z,10489,gP,1.899
2026-10-03T08:37Z,10489,g98e5,1.829
2026-10-03T08:37Z,10545,g95e5,1.989
2026-10-03T08:37Z,10545,gA,2.045
2026-10-03T08:37Z,10545,gP,2.095
2026-10-03T08:37Z,10545,g98e5,2.169
2026-10-03T08:37Z,10556,g95e5,1.829
2026-10-03T08:37Z,10556,g95e5p,1.879
2026-10-03T08:37Z,10592,gB,1.500
2026-10-03T08:37Z,10608,gA,1.984
2026-10-03T08:37Z,10608,gP,2.114
2026-10-03T08:37Z,10630,g95e5,1.809
2026-10-03T08:37Z,10630,gA,2.019
2026-10-03T08:37Z,10630,gP,2.019
2026-10-03T08:37Z,10633,g95e5,1.579
2026-10-03T08:37Z,10633,gA,1.719
2026-10-03T08:37Z,10740,g95e5,1.868
2026-10-03T08:37Z,10740,gA,2.019
2026-10-03T08:37Z,10740,gP,2.109
2026-10-03T08:37Z,10740,g95e5p,1.938
2026-10-03T08:37Z,10756,g95e5,1.790
2026-10-03T08:37Z,10778,g95e5,1.799
2026-10-03T08:37Z,10778,gA,1.899
2026-10-03T08:37Z,10778,gP,1.959
2026-10-03T08:37Z,10778,g98e5,1.899
2026-10-03T08:37Z,10815,gA,2.019
2026-10-03T08:37Z,10815,gP,2.121
2026-10-03T08:37Z,10823,g95e5,1.819
2026-10-03T08:37Z,10823,gA,2.029
2026-10-03T08:37Z,10823,gP,2.119
2026-10-03T08:37Z,10827,g95e5,1.899
2026-10-03T08:37Z,10827,gA,2.014
2026-10-03T08:37Z,10827,gP,2.084
2026-10-03T08:37Z,10827,g98e5,2.009
2026-10-03T08:37Z,10839,g95e5,1.869
2026-10-03T08:37Z,10839,gA,2.019
2026-10-03T08:37Z,10839,gP,2.109
2026-10-03T08:37Z,10855,gA,2.055
2026-10-03T08:37Z,10856,gA,1.989
2026-10-03T08:37Z,10856,gP,2.049
2026-10-03T08:37Z,10856,g98e5,1.945
2026-10-03T08:37Z,10860,g95e5,1.825
2026-10-03T08:37Z,10860,gA,2.009
2026-10-03T08:37Z,10861,gA,2.005
2026-10-03T08:37Z,10862,g95e5,1.889
2026-10-03T08:37Z,10862,gA,2.009
2026-10-03T08:37Z,10864,g95e5,1.869
2026-10-03T08:37Z,10864,gA,1.989
2026-10-03T08:37Z,10869,g95e5,1.875
2026-10-03T08:37Z,10872,gA,1.955
2026-10-03T08:37Z,10874,g95e5,1.869
2026-10-03T08:37Z,10874,gA,1.969
2026-10-03T08:37Z,10877,gA,2.005
2026-10-03T08:37Z,10878,gA,2.005
2026-10-03T08:37Z,10884,g95e5,1.819
2026-10-03T08:37Z,10884,gA,2.059
2026-10-03T08:37Z,10888,gA,2.019
2026-10-03T08:37Z,10890,g95e5,1.895
2026-10-03T08:37Z,10891,g95e5,1.869
2026-10-03T08:37Z,10891,gA,1.989
2026-10-03T08:37Z,10910,gA,1.737
2026-10-03T08:37Z,10910,gP,1.806
2026-10-03T08:37Z,10910,gB,1.534
2026-10-03T08:37Z,10925,gA,1.737
2026-10-03T08:37Z,10926,gA,1.737
2026-10-03T08:37Z,10969,g95e5,1.867
2026-10-03T08:37Z,10969,gA,1.969
2026-10-03T08:37Z,10969,gP,2.054
2026-10-03T08:37Z,10969,g98e5,1.900
2026-10-03T08:37Z,10969,gB,1.908
2026-10-03T08:37Z,10970,g95e5,1.438
2026-10-03T08:37Z,10970,gA,1.649
2026-10-03T08:37Z,10970,g98e5,1.499
2026-10-03T08:37Z,10982,g95e5,1.858
2026-10-03T08:37Z,10982,gA,1.989
2026-10-03T08:37Z,10982,gP,2.114
2026-10-03T08:37Z,10982,g95e5p,1.908
2026-10-03T08:37Z,11009,g95e5,1.719
2026-10-03T08:37Z,11009,gA,1.789
2026-10-03T08:37Z,11009,gP,1.799
2026-10-03T08:37Z,11010,gA,2.009
2026-10-03T08:37Z,11010,gP,2.109
2026-10-03T08:37Z,11016,g95e5,1.828
2026-10-03T08:37Z,11016,gA,1.984
2026-10-03T08:37Z,11016,gP,2.044
2026-10-03T08:37Z,11020,g95e5,1.719
2026-10-03T08:37Z,11025,gA,1.984
2026-10-03T08:37Z,11025,gP,2.094
2026-10-03T08:37Z,11031,g95e5,1.799
2026-10-03T08:37Z,11031,g98e5,1.938
2026-10-03T08:37Z,11087,gA,2.005
2026-10-03T08:37Z,11102,g95e5,1.849
2026-10-03T08:37Z,11102,gA,1.999
2026-10-03T08:37Z,11102,gP,2.049
2026-10-03T08:37Z,11107,gA,1.959
2026-10-03T08:37Z,11107,gP,2.019
2026-10-03T08:37Z,11107,gB,1.919
2026-10-03T08:37Z,11133,g95e5,1.819
2026-10-03T08:37Z,11133,gA,1.979
2026-10-03T08:37Z,11133,gP,1.979
2026-10-03T08:37Z,11133,g98e5,1.949
2026-10-03T08:37Z,11138,gA,1.979
2026-10-03T08:37Z,11138,gP,2.094
2026-10-03T08:37Z,11157,g95e5,1.859
2026-10-03T08:37Z,11163,g95e5,1.808
2026-10-03T08:37Z,11180,g95e5,1.830
2026-10-03T08:37Z,11189,g95e5,1.895
2026-10-03T08:37Z,11225,gA,2.016
2026-10-03T08:37Z,11225,gP,2.109
2026-10-03T08:37Z,11228,g95e5,1.824
2026-10-03T08:37Z,11228,gA,1.994
2026-10-03T08:37Z,11228,gP,2.044
2026-10-03T08:37Z,11228,g95e5p,1.874
2026-10-03T08:37Z,11239,g95e5,1.885
2026-10-03T08:37Z,11239,gA,2.049
2026-10-03T08:37Z,11275,g95e5,1.875
2026-10-03T08:37Z,11276,g95e5,1.829
2026-10-03T08:37Z,11292,g95e5,1.899
2026-10-03T08:37Z,11292,g98e5,2.059
2026-10-03T08:37Z,11294,gA,1.974
2026-10-03T08:37Z,11294,gP,2.059
2026-10-03T08:37Z,11305,g95e5,1.864
2026-10-03T08:37Z,11305,gA,1.944
2026-10-03T08:37Z,11305,gP,2.034
2026-10-03T08:37Z,11305,g98e5,1.984
2026-10-03T08:37Z,11306,g95e5,1.864
2026-10-03T08:37Z,11306,gA,1.944
2026-10-03T08:37Z,11306,gP,2.034
2026-10-03T08:37Z,11306,g98e5,1.984
2026-10-03T08:37Z,11313,glp,1.064
2026-10-03T08:37Z,11316,g95e5,1.859
2026-10-03T08:37Z,11316,gA,1.994
2026-10-03T08:37Z,11316,gP,2.044
2026-10-03T08:37Z,11316,g98e5,2.019
2026-10-03T08:37Z,11331,g95e5,1.809
2026-10-03T08:37Z,11331,g98e5,1.929
2026-10-03T08:37Z,11332,g95e5,1.809
2026-10-03T08:37Z,11332,gA,1.999
2026-10-03T08:37Z,11332,gP,2.059
2026-10-03T08:37Z,11353,gA,1.989
2026-10-03T08:37Z,11353,gP,2.084
2026-10-03T08:37Z,11394,g95e5,1.649
2026-10-03T08:37Z,11397,g95e5,1.880
2026-10-03T08:37Z,11397,gA,1.950
2026-10-03T08:37Z,11397,g98e5,1.980
2026-10-03T08:37Z,11421,g95e5,1.899
2026-10-03T08:37Z,11422,g95e5,1.819
2026-10-03T08:37Z,11422,g98e5,1.959
2026-10-03T08:37Z,11428,gA,1.975
2026-10-03T08:37Z,11453,gA,1.979
2026-10-03T08:37Z,11453,gP,2.074
2026-10-03T08:37Z,11454,g95e5,1.878
2026-10-03T08:37Z,11454,g95e5p,1.948
2026-10-03T08:37Z,11472,g95e5,1.865
2026-10-03T08:37Z,11483,gA,1.829
2026-10-03T08:37Z,11486,g95e5,1.838
2026-10-03T08:37Z,11486,g95e5p,1.928
2026-10-03T08:37Z,11493,g95e5,1.795
2026-10-03T08:37Z,11493,gA,1.979
2026-10-03T08:37Z,11497,g95e5,1.915
2026-10-03T08:37Z,11536,g95e5,1.875
2026-10-03T08:37Z,11536,gA,1.979
2026-10-03T08:37Z,11539,g95e5,1.868
2026-10-03T08:37Z,11539,g95e5p,1.928
2026-10-03T08:37Z,11560,g95e5,1.879
2026-10-03T08:37Z,11564,gA,2.015
2026-10-03T08:37Z,11593,g95e5,1.859
2026-10-03T08:37Z,11593,gA,2.045
2026-10-03T08:37Z,11597,gA,2.009
2026-10-03T08:37Z,11597,gP,2.099
2026-10-03T08:37Z,11598,gA,2.009
2026-10-03T08:37Z,11598,gP,2.099
2026-10-03T08:37Z,11617,gB,1.899
2026-10-03T08:37Z,11629,g95e5,1.719
2026-10-03T08:37Z,11629,gA,1.879
2026-10-03T08:37Z,11633,g95e5,1.818
2026-10-03T08:37Z,11633,gA,1.979
2026-10-03T08:37Z,11633,gP,2.054
2026-10-03T08:37Z,11633,g95e5p,1.908
2026-10-03T08:37Z,11662,gA,2.025
2026-10-03T08:37Z,11674,g95e5,1.788
2026-10-03T08:37Z,11674,gA,1.953
2026-10-03T08:37Z,11674,gP,2.064
2026-10-03T08:37Z,11674,g95e5p,1.868
2026-10-03T08:37Z,11685,gA,1.964
2026-10-03T08:37Z,11685,gP,2.049
2026-10-03T08:37Z,11696,g95e5,1.845
2026-10-03T08:37Z,11741,gA,1.999
2026-10-03T08:37Z,11761,g95e5,1.859
2026-10-03T08:37Z,11761,gA,1.819
2026-10-03T08:37Z,11761,gP,1.869
2026-10-03T08:37Z,11761,g95e5p,1.909
2026-10-03T08:37Z,11767,gA,2.075
2026-10-03T08:37Z,11786,g95e5,1.869
2026-10-03T08:37Z,11786,gA,1.995
2026-10-03T08:37Z,11787,g95e5,1.849
2026-10-03T08:37Z,11799,g95e5,1.788
2026-10-03T08:37Z,11799,gA,1.973
2026-10-03T08:37Z,11799,gP,2.084
2026-10-03T08:37Z,11799,g95e5p,1.868
2026-10-03T08:37Z,11809,g95e5,1.682
2026-10-03T08:37Z,11809,gA,1.847
2026-10-03T08:37Z,11809,gP,1.884
2026-10-03T08:37Z,11809,g98e5,1.879
2026-10-03T08:37Z,11822,g95e5,1.919
2026-10-03T08:37Z,11822,g95e5p,1.959
2026-10-03T08:37Z,11830,g95e5,1.859
2026-10-03T08:37Z,11830,gA,2.029
2026-10-03T08:37Z,11830,gP,2.079
2026-10-03T08:37Z,11830,g98e5,1.969
2026-10-03T08:37Z,11832,gA,2.059
2026-10-03T08:37Z,11833,g95e5,1.849
2026-10-03T08:37Z,11833,gA,1.999
2026-10-03T08:37Z,11834,g95e5,1.849
2026-10-03T08:37Z,11884,g95e5,1.739
2026-10-03T08:37Z,11884,gA,1.819
2026-10-03T08:37Z,11884,gP,1.919
2026-10-03T08:37Z,11919,g95e5,1.819
2026-10-03T08:37Z,11919,gA,1.969
2026-10-03T08:37Z,11919,gP,2.069
2026-10-03T08:37Z,11919,g98e5,1.979
2026-10-03T08:37Z,11942,gA,1.949
2026-10-03T08:37Z,11942,gP,2.044
2026-10-03T08:37Z,11964,g95e5,1.899
2026-10-03T08:37Z,11964,gA,1.959
2026-10-03T08:37Z,11974,gA,2.009
2026-10-03T08:37Z,11986,g95e5,1.799
2026-10-03T08:37Z,12012,gA,2.029
2026-10-03T08:37Z,12012,gP,2.119
2026-10-03T08:37Z,12021,g95e5,1.788
2026-10-03T08:37Z,12021,g95e5p,1.898
2026-10-03T08:37Z,12022,g95e5,1.819
2026-10-03T08:37Z,12022,gA,2.065
2026-10-03T08:37Z,12023,g95e5,1.819
2026-10-03T08:37Z,12023,gA,2.065
2026-10-03T08:37Z,12045,g95e5,1.869
2026-10-03T08:37Z,12046,gA,2.029
2026-10-03T08:37Z,12072,g95e5,1.849
2026-10-03T08:37Z,12072,gA,1.999
2026-10-03T08:37Z,12075,g95e5,1.929
2026-10-03T08:37Z,12075,gA,1.969
2026-10-03T08:37Z,12075,gP,2.229
2026-10-03T08:37Z,12075,g98e5,2.279
2026-10-03T08:37Z,12075,gB,1.859
2026-10-03T08:37Z,12084,gA,1.689
2026-10-03T08:37Z,12101,gA,1.979
2026-10-03T08:37Z,12101,gP,2.064
2026-10-03T08:37Z,12109,gA,1.984
2026-10-03T08:37Z,12109,gP,2.064
2026-10-03T08:37Z,12125,g95e5,1.875
2026-10-03T08:37Z,12134,g95e5,1.873
2026-10-03T08:37Z,12134,gA,1.964
2026-10-03T08:37Z,12134,gP,2.064
2026-10-03T08:37Z,12134,g95e5p,1.938
2026-10-03T08:37Z,12140,gA,2.029
2026-10-03T08:37Z,12140,gP,2.094
2026-10-03T08:37Z,12146,gA,1.964
2026-10-03T08:37Z,12146,gP,2.074
2026-10-03T08:37Z,12150,g95e5,1.849
2026-10-03T08:37Z,12150,gA,1.899
2026-10-03T08:37Z,12151,g95e5,1.640
2026-10-03T08:37Z,12159,g95e5,1.859
2026-10-03T08:37Z,12214,g95e5,1.818
2026-10-03T08:37Z,12214,gA,1.979
2026-10-03T08:37Z,12214,gP,2.054
2026-10-03T08:37Z,12214,g95e5p,1.918
2026-10-03T08:37Z,12232,g95e5,1.899
2026-10-03T08:37Z,12239,gA,2.059
2026-10-03T08:37Z,12297,g95e5,1.739
2026-10-03T08:37Z,12297,gA,1.789
2026-10-03T08:37Z,12318,g95e5,1.868
2026-10-03T08:37Z,12318,gA,1.994
2026-10-03T08:37Z,12318,gP,2.094
2026-10-03T08:37Z,12318,g95e5p,1.908
2026-10-03T08:37Z,12337,gA,1.909
2026-10-03T08:37Z,12350,gA,2.025
2026-10-03T08:37Z,12351,g95e5,1.825
2026-10-03T08:37Z,12357,g95e5,1.858
2026-10-03T08:37Z,12357,gA,1.994
2026-10-03T08:37Z,12357,gP,2.074
2026-10-03T08:37Z,12357,g95e5p,1.918
2026-10-03T08:37Z,12358,gP,2.089
2026-10-03T08:37Z,12358,g98e5,2.029
2026-10-03T08:37Z,12359,g95e5,1.779
2026-10-03T08:37Z,12359,gA,1.854
2026-10-03T08:37Z,12359,gP,1.864
2026-10-03T08:37Z,12382,g95e5,1.909
2026-10-03T08:37Z,12382,gA,1.999
2026-10-03T08:37Z,12382,g98e5,2.009
2026-10-03T08:37Z,12396,gA,2.005
2026-10-03T08:37Z,12397,g95e5,1.879
2026-10-03T08:37Z,12425,g98e5,1.981
2026-10-03T08:37Z,12435,g95e5,1.839
2026-10-03T08:37Z,12435,gA,1.939
2026-10-03T08:37Z,12458,gA,2.019
2026-10-03T08:37Z,12458,gP,2.109
2026-10-03T08:37Z,12462,gA,1.737
2026-10-03T08:37Z,12479,g95e5,1.399
2026-10-03T08:37Z,12479,gA,1.589
2026-10-03T08:37Z,12479,gP,1.679
2026-10-03T08:37Z,12479,g95e5p,1.499
2026-10-03T08:37Z,12488,g95e5,1.729
2026-10-03T08:37Z,12488,gA,1.779
2026-10-03T08:37Z,12499,gA,2.029
2026-10-03T08:37Z,12499,gP,2.119
2026-10-03T08:37Z,12514,g95e5,1.620
2026-10-03T08:37Z,12514,gA,1.725
2026-10-03T08:37Z,12516,g95e5,1.679
2026-10-03T08:37Z,12516,gA,1.769
2026-10-03T08:37Z,12516,gP,1.819
2026-10-03T08:37Z,12516,g98e5,1.799
2026-10-03T08:37Z,12543,gA,1.737
2026-10-03T08:37Z,12543,gP,1.806
2026-10-03T08:37Z,12543,gB,1.534
2026-10-03T08:37Z,12566,g95e5,1.799
2026-10-03T08:37Z,12572,g95e5,1.805
2026-10-03T08:37Z,12615,g95e5,1.808
2026-10-03T08:37Z,12615,gA,1.979
2026-10-03T08:37Z,12615,gP,2.049
2026-10-03T08:37Z,12670,gA,1.790
2026-10-03T08:37Z,12670,gP,1.840
2026-10-03T08:37Z,12671,g95e5,1.699
2026-10-03T08:37Z,12671,gA,1.779
2026-10-03T08:37Z,12734,g95e5,1.698
2026-10-03T08:37Z,12750,g95e5,1.699
2026-10-03T08:37Z,12750,gA,1.779
2026-10-03T08:37Z,12750,gP,1.939
2026-10-03T08:37Z,12758,g95e5,1.739
2026-10-03T08:37Z,12758,gA,1.849
2026-10-03T08:37Z,12787,g95e5,1.959
2026-10-03T08:37Z,12787,gA,2.029
2026-10-03T08:37Z,12787,gP,2.129
2026-10-03T08:37Z,12792,g95e5,1.669
2026-10-03T08:37Z,12792,gA,1.829
2026-10-03T08:37Z,12795,g95e5,1.878
2026-10-03T08:37Z,12795,gA,2.009
2026-10-03T08:37Z,12795,gP,2.094
2026-10-03T08:37Z,12795,g95e5p,1.928
2026-10-03T08:37Z,12802,gA,2.029
2026-10-03T08:37Z,12802,gP,2.119
2026-10-03T08:37Z,12805,g95e5,1.704
2026-10-03T08:37Z,12805,gA,1.735
2026-10-03T08:37Z,12844,gA,2.029
2026-10-03T08:37Z,12864,g95e5,1.789
2026-10-03T08:37Z,12864,gA,1.869
2026-10-03T08:37Z,12901,g95e5,1.739
2026-10-03T08:37Z,12901,gA,1.789
2026-10-03T08:37Z,12940,gA,2.019
2026-10-03T08:37Z,12940,gP,2.079
2026-10-03T08:37Z,12947,g95e5,1.739
2026-10-03T08:37Z,12959,g95e5,1.699
2026-10-03T08:37Z,12959,gA,1.799
2026-10-03T08:37Z,12967,g95e5,1.815
2026-10-03T08:37Z,12969,g95e5,1.519
2026-10-03T08:37Z,12977,g95e5,1.868
2026-10-03T08:37Z,12977,g95e5p,1.938
2026-10-03T08:37Z,12997,gA,1.829
2026-10-03T08:37Z,12998,g95e5,1.869
2026-10-03T08:37Z,13051,g95e5,1.745
2026-10-03T08:37Z,13079,gA,1.849
2026-10-03T08:37Z,13095,g95e5,1.832
2026-10-03T08:37Z,13095,gA,1.968
2026-10-03T08:37Z,13106,g95e5,1.859
2026-10-03T08:37Z,13106,g98e5,1.999
2026-10-03T08:37Z,13110,g95e5,1.699
2026-10-03T08:37Z,13134,gA,1.989
2026-10-03T08:37Z,13150,g95e5,1.799
2026-10-03T08:37Z,13189,g95e5,1.839
2026-10-03T08:37Z,13201,g95e5,1.439
2026-10-03T08:37Z,13201,gA,1.579
2026-10-03T08:37Z,13208,g95e5,1.839
2026-10-03T08:37Z,13216,g95e5,1.699
2026-10-03T08:37Z,13246,g95e5,1.899
2026-10-03T08:37Z,13246,gA,2.015
2026-10-03T08:37Z,13247,g95e5,1.799
2026-10-03T08:37Z,13247,gA,2.039
2026-10-03T08:37Z,13292,g95e5,1.439
2026-10-03T08:37Z,13292,gA,1.579
2026-10-03T08:37Z,13292,gP,1.689
2026-10-03T08:37Z,13292,g95e5p,1.499
2026-10-03T08:37Z,13361,g95e5,1.799
2026-10-03T08:37Z,13361,gA,1.975
2026-10-03T08:37Z,13376,gA,2.049
2026-10-03T08:37Z,13418,g95e5,1.895
2026-10-03T08:37Z,13459,g95e5,1.759
2026-10-03T08:37Z,13459,gP,1.819
2026-10-03T08:37Z,13479,g95e5,1.838
2026-10-03T08:37Z,13479,gA,1.969
2026-10-03T08:37Z,13491,gA,1.969
2026-10-03T08:37Z,13491,gP,2.084
2026-10-03T08:37Z,13503,g95e5,1.749
2026-10-03T08:37Z,13523,gA,1.979
2026-10-03T08:37Z,13526,g95e5,1.799
2026-10-03T08:37Z,13538,g95e5,1.755
2026-10-03T08:37Z,13538,gA,1.746
2026-10-03T08:37Z,13569,g95e5,1.838
2026-10-03T08:37Z,13606,g95e5,1.709
2026-10-03T08:37Z,13608,gA,1.819
2026-10-03T08:37Z,13703,g95e5,1.929
2026-10-03T08:37Z,13703,gA,2.019
2026-10-03T08:37Z,13703,gP,2.079
2026-10-03T08:37Z,13703,g98e5,2.059
2026-10-03T08:37Z,13720,g95e5,1.839
2026-10-03T08:37Z,13720,gA,2.019
2026-10-03T08:37Z,13723,g95e5,1.668
2026-10-03T08:37Z,13723,gA,1.768
2026-10-03T08:37Z,13723,gP,1.828
2026-10-03T08:37Z,13723,g98e5,1.768
2026-10-03T08:37Z,13736,g95e5,1.888
2026-10-03T08:37Z,13736,g95e5p,1.958
2026-10-03T08:37Z,13747,g95e5,1.875
2026-10-03T08:37Z,13784,g95e5,1.875
2026-10-03T08:37Z,13803,g95e5,1.789
2026-10-03T08:37Z,13803,gA,1.849
2026-10-03T08:37Z,13831,g95e5,1.748
2026-10-03T08:37Z,13881,g95e5,1.869
2026-10-03T08:37Z,13881,g98e5,1.979
2026-10-03T08:37Z,13931,g95e5,1.899
2026-10-03T08:37Z,13960,g95e5,1.835
2026-10-03T08:37Z,13960,gA,2.025
2026-10-03T08:37Z,14048,g95e5,1.869
2026-10-03T08:37Z,14048,gA,1.989
2026-10-03T08:37Z,14048,gP,2.079
2026-10-03T08:37Z,14052,gA,2.019
2026-10-03T08:37Z,14052,gP,2.109
2026-10-03T08:37Z,14052,gB,1.769
2026-10-03T08:37Z,14055,g98e5,1.899
2026-10-03T08:37Z,14069,g95e5,1.969
2026-10-03T08:37Z,14069,gA,1.979
2026-10-03T08:37Z,14069,gP,2.049
2026-10-03T08:37Z,14069,g95e5p,2.080
2026-10-03T08:37Z,14123,g95e5,1.843
2026-10-03T08:37Z,14123,gA,1.974
2026-10-03T08:37Z,14123,gP,2.104
2026-10-03T08:37Z,14137,g95e5,1.859
2026-10-03T08:37Z,14138,g95e5,1.794
2026-10-03T08:37Z,14138,g98e5,1.934
2026-10-03T08:37Z,14152,g95e5,1.609
2026-10-03T08:37Z,14154,g95e5,1.858
2026-10-03T08:37Z,14154,gA,2.019
2026-10-03T08:37Z,14154,gP,2.104
2026-10-03T08:37Z,14210,g95e5,1.679
2026-10-03T08:37Z,14210,gA,1.779
2026-10-03T08:37Z,14237,g95e5,1.754
2026-10-03T08:37Z,14237,gA,1.854
2026-10-03T08:37Z,14270,g95e5,1.854
2026-10-03T08:37Z,14270,gA,2.014
2026-10-03T08:37Z,14270,gP,2.104
2026-10-03T08:37Z,14270,g95e5p,1.904
2026-10-03T08:37Z,14275,g95e5,1.679
2026-10-03T08:37Z,14283,g95e5,1.865
2026-10-03T08:37Z,14315,g95e5,1.759
2026-10-03T08:37Z,14315,g95e5p,1.809
2026-10-03T08:37Z,14333,gA,1.699
2026-10-03T08:37Z,14334,g95e5,1.825
2026-10-03T08:37Z,14334,g98e5,1.985
2026-10-03T08:37Z,14367,g95e5,1.825
2026-10-03T08:37Z,14407,gA,2.005
2026-10-03T08:37Z,14415,g95e5,1.859
2026-10-03T08:37Z,14415,gA,1.975
2026-10-03T08:37Z,14425,gA,1.849
2026-10-03T08:37Z,14450,g95e5,1.689
2026-10-03T08:37Z,14533,gA,1.849
2026-10-03T08:37Z,14538,g95e5,1.689
2026-10-03T08:37Z,14540,g95e5,1.729
2026-10-03T08:37Z,14540,gA,1.789
2026-10-03T08:37Z,14545,g95e5,1.749
2026-10-03T08:37Z,14545,gA,1.904
2026-10-03T08:37Z,14609,g95e5,1.719
2026-10-03T08:37Z,14670,gA,1.999
2026-10-03T08:37Z,14690,g95e5,1.869
2026-10-03T08:37Z,14690,gA,2.029
2026-10-03T08:37Z,14690,g98e5,1.999
2026-10-03T08:37Z,14743,gA,1.790
2026-10-03T08:37Z,14743,gP,1.840
2026-10-03T08:37Z,14769,g95e5,1.438
2026-10-03T08:37Z,14769,gA,1.649
2026-10-03T08:37Z,14769,gP,1.669
2026-10-03T08:37Z,14769,g98e5,1.499
2026-10-03T08:37Z,14818,g95e5,1.879
2026-10-03T08:37Z,14818,g98e5,2.039
2026-10-03T08:37Z,14819,g95e5,1.868
2026-10-03T08:37Z,14819,g98e5,1.978
2026-10-03T08:37Z,14825,g95e5,1.699
2026-10-03T08:37Z,14850,g95e5,1.749
2026-10-03T08:37Z,14850,gA,1.739
2026-10-03T08:37Z,14857,gA,1.779
2026-10-03T08:37Z,14860,g95e5,1.799
2026-10-03T08:37Z,14861,g95e5,1.759
2026-10-03T08:37Z,14923,g95e5,1.839
2026-10-03T08:37Z,14923,g95e5p,1.889
2026-10-03T08:37Z,14936,gA,2.019
2026-10-03T08:37Z,14936,gP,2.124
2026-10-03T08:37Z,14971,g95e5,2.075
2026-10-03T08:37Z,14971,gA,1.969
2026-10-03T08:37Z,14971,gP,2.169
2026-10-03T08:37Z,14971,g98e5,2.249
2026-10-03T08:37Z,14971,gB,1.869
2026-10-03T08:37Z,14978,g95e5,1.878
2026-10-03T08:37Z,14978,gA,2.019
2026-10-03T08:37Z,14978,gP,2.099
2026-10-03T08:37Z,15009,gA,1.989
2026-10-03T08:37Z,15009,gP,2.054
2026-10-03T08:37Z,15029,g95e5,1.685
2026-10-03T08:37Z,15029,gA,1.728
2026-10-03T08:37Z,15060,g95e5,1.929
2026-10-03T08:37Z,15060,g98e5,2.024
2026-10-03T08:37Z,15071,g95e5,1.863
2026-10-03T08:37Z,15071,gA,2.014
2026-10-03T08:37Z,15071,gP,2.104
2026-10-03T08:37Z,15071,g98e5,1.958
2026-10-03T08:37Z,15073,g95e5,1.699
2026-10-03T08:37Z,15087,gA,1.944
2026-10-03T08:37Z,15087,gP,1.994
2026-10-03T08:37Z,15090,g95e5,1.875
2026-10-03T08:37Z,15090,gA,2.039
2026-10-03T08:37Z,15394,g95e5,1.769
2026-10-03T08:37Z,15489,g95e5,1.687
2026-10-03T08:37Z,15515,g95e5,1.899
2026-10-03T08:37Z,15515,gA,2.039
2026-10-03T08:37Z,15515,gP,2.099
2026-10-03T08:37Z,15515,g98e5,1.999
2026-10-03T08:37Z,15534,gA,1.599
2026-10-03T08:37Z,15534,gP,1.689
2026-10-03T08:37Z,15545,g95e5,1.657
2026-10-03T08:37Z,15549,gA,2.024
2026-10-03T08:37Z,15549,gP,2.084
2026-10-03T08:37Z,15608,g95e5,1.798
2026-10-03T08:37Z,15608,g95e5p,1.878
2026-10-03T08:37Z,15625,g95e5,1.749
2026-10-03T08:37Z,15658,g95e5,1.853
2026-10-03T08:37Z,15675,g95e5,1.855
2026-10-03T08:37Z,15675,gA,1.975
2026-10-03T08:37Z,15739,gA,1.919
2026-10-03T08:37Z,15739,gP,1.969
2026-10-03T08:37Z,15753,gA,1.895
2026-10-03T08:37Z,15753,gP,1.995
2026-10-03T08:37Z,15769,gA,2.009
2026-10-03T08:37Z,15769,gP,2.094
2026-10-03T08:37Z,15776,g95e5,1.779
2026-10-03T08:37Z,15806,gA,2.009
2026-10-03T08:37Z,15806,gP,2.144
2026-10-03T08:37Z,15826,g95e5,1.809
2026-10-03T08:37Z,15826,gA,1.889
2026-10-03T08:37Z,15835,g95e5,1.759
2026-10-03T08:37Z,15897,g95e5,1.799
2026-10-03T08:37Z,15964,g95e5,1.569
2026-10-03T08:37Z,15964,gA,1.689
2026-10-03T08:37Z,15964,gP,1.739
2026-10-03T08:37Z,15964,g98e5,1.699
2026-10-03T08:37Z,16072,g95e5,1.849
2026-10-03T08:37Z,16076,g95e5,1.899
2026-10-03T08:37Z,16076,gA,2.039
2026-10-03T08:37Z,16076,g98e5,1.999
2026-10-03T08:37Z,16097,g95e5,1.784
2026-10-03T08:37Z,16097,gA,1.899
2026-10-03T08:37Z,16133,g95e5,1.699
2026-10-03T08:37Z,16133,gA,1.699
2026-10-03T08:37Z,16288,g95e5,1.794
2026-10-03T08:37Z,16288,gA,1.916
2026-10-03T08:37Z,16288,gB,1.809
2026-10-03T08:37Z,16504,g95e5,1.723
2026-10-03T08:37Z,16504,gA,1.748
