ts,id,combustible,precio
2026-08-29T02:30Z,3,gA,1.949
2026-08-29T02:30Z,3,gP,2.009
2026-08-29T02:30Z,3,g98e5,1.945
2026-08-29T02:30Z,6,gA,1.999
2026-08-29T02:30Z,6,gP,2.089
2026-08-29T02:30Z,11,gB,1.695
2026-08-29T02:30Z,16,gA,1.945
2026-08-29T02:30Z,16,g98e5,1.975
2026-08-29T02:30Z,28,g95e5,1.829
2026-08-29T02:30Z,28,g98e5,1.969
2026-08-29T02:30Z,29,gA,1.929
2026-08-29T02:30Z,29,gP,1.979
2026-08-29T02:30Z,46,g95e5,1.829
2026-08-29T02:30Z,46,g98e5,1.949
2026-08-29T02:30Z,47,gA,1.945
2026-08-29T02:30Z,47,gP,2.005
2026-08-29T02:30Z,47,g98e5,1.989
2026-08-29T02:30Z,48,gA,1.949
2026-08-29T02:30Z,48,g98e5,1.945
2026-08-29T02:30Z,48,gB,1.745
2026-08-29T02:30Z,49,gA,1.949
2026-08-29T02:30Z,49,g98e5,1.945
2026-08-29T02:30Z,49,gB,1.745
2026-08-29T02:30Z,51,g95e5,1.835
2026-08-29T02:30Z,51,gA,1.939
2026-08-29T02:30Z,51,g98e5,2.005
2026-08-29T02:30Z,51,gB,1.715
2026-08-29T02:30Z,52,g95e5,1.835
2026-08-29T02:30Z,52,gA,1.979
2026-08-29T02:30Z,52,g98e5,2.005
2026-08-29T02:30Z,55,g95e5,1.805
2026-08-29T02:30Z,55,gA,1.949
2026-08-29T02:30Z,55,gP,2.049
2026-08-29T02:30Z,55,g98e5,1.975
2026-08-29T02:30Z,55,gB,1.715
2026-08-29T02:30Z,57,gA,1.949
2026-08-29T02:30Z,57,gP,2.059
2026-08-29T02:30Z,57,g98e5,1.975
2026-08-29T02:30Z,59,g95e5,1.819
2026-08-29T02:30Z,59,gA,1.949
2026-08-29T02:30Z,59,g98e5,1.989
2026-08-29T02:30Z,60,gA,1.985
2026-08-29T02:30Z,60,gP,2.045
2026-08-29T02:30Z,60,g98e5,1.949
2026-08-29T02:30Z,61,g95e5,1.829
2026-08-29T02:30Z,61,g98e5,1.959
2026-08-29T02:30Z,63,gA,1.985
2026-08-29T02:30Z,63,gP,2.045
2026-08-29T02:30Z,63,g98e5,1.949
2026-08-29T02:30Z,64,gA,1.969
2026-08-29T02:30Z,64,gP,2.049
2026-08-29T02:30Z,64,g98e5,1.985
2026-08-29T02:30Z,65,g95e5,1.829
2026-08-29T02:30Z,74,gA,1.919
2026-08-29T02:30Z,74,gP,2.009
2026-08-29T02:30Z,77,gA,1.999
2026-08-29T02:30Z,77,gP,2.089
2026-08-29T02:30Z,78,g95e5,1.834
2026-08-29T02:30Z,78,g95e5p,1.919
2026-08-29T02:30Z,79,gA,1.985
2026-08-29T02:30Z,79,g98e5,1.935
2026-08-29T02:30Z,83,gA,1.969
2026-08-29T02:30Z,83,gP,2.029
2026-08-29T02:30Z,83,gB,1.715
2026-08-29T02:30Z,84,gA,1.969
2026-08-29T02:30Z,84,g98e5,1.949
2026-08-29T02:30Z,86,gA,1.975
2026-08-29T02:30Z,86,g98e5,1.975
2026-08-29T02:30Z,87,g95e5,1.829
2026-08-29T02:30Z,88,gA,1.965
2026-08-29T02:30Z,88,g98e5,1.969
2026-08-29T02:30Z,97,gA,1.949
2026-08-29T02:30Z,97,g98e5,1.975
2026-08-29T02:30Z,100,gA,1.945
2026-08-29T02:30Z,100,gP,2.045
2026-08-29T02:30Z,101,gA,1.949
2026-08-29T02:30Z,101,gP,2.059
2026-08-29T02:30Z,101,g98e5,1.975
2026-08-29T02:30Z,101,gB,1.715
2026-08-29T02:30Z,103,g95e5,1.829
2026-08-29T02:30Z,103,g98e5,1.949
2026-08-29T02:30Z,104,gA,1.929
2026-08-29T02:30Z,104,g98e5,1.955
2026-08-29T02:30Z,105,gA,1.929
2026-08-29T02:30Z,105,g98e5,1.955
2026-08-29T02:30Z,106,gA,1.929
2026-08-29T02:30Z,106,g98e5,1.955
2026-08-29T02:30Z,107,gA,1.929
2026-08-29T02:30Z,107,g98e5,1.955
2026-08-29T02:30Z,110,gA,1.999
2026-08-29T02:30Z,110,gP,2.089
2026-08-29T02:30Z,111,gA,1.979
2026-08-29T02:30Z,111,g98e5,1.979
2026-08-29T02:30Z,112,gA,1.979
2026-08-29T02:30Z,112,g98e5,1.979
2026-08-29T02:30Z,118,g95e5,1.839
2026-08-29T02:30Z,121,g95e5,1.829
2026-08-29T02:30Z,121,g98e5,1.959
2026-08-29T02:30Z,125,g95e5,1.834
2026-08-29T02:30Z,125,g98e5,1.964
2026-08-29T02:30Z,125,g95e5p,1.919
2026-08-29T02:30Z,125,glp,1.089
2026-08-29T02:30Z,126,g95e5,1.834
2026-08-29T02:30Z,126,g98e5,1.964
2026-08-29T02:30Z,126,g95e5p,1.919
2026-08-29T02:30Z,126,glp,1.089
2026-08-29T02:30Z,127,gA,1.979
2026-08-29T02:30Z,127,gP,2.039
2026-08-29T02:30Z,127,g98e5,1.975
2026-08-29T02:30Z,128,gA,1.979
2026-08-29T02:30Z,128,g98e5,1.975
2026-08-29T02:30Z,128,gnc,1.739
2026-08-29T02:30Z,130,gA,1.965
2026-08-29T02:30Z,130,g98e5,1.975
2026-08-29T02:30Z,133,gA,1.949
2026-08-29T02:30Z,133,g98e5,1.945
2026-08-29T02:30Z,134,gA,1.959
2026-08-29T02:30Z,134,g98e5,1.945
2026-08-29T02:30Z,135,gA,1.959
2026-08-29T02:30Z,136,g95e5,1.829
2026-08-29T02:30Z,136,gA,1.959
2026-08-29T02:30Z,136,g98e5,1.959
2026-08-29T02:30Z,136,gnc,1.739
2026-08-29T02:30Z,137,gA,1.969
2026-08-29T02:30Z,137,gP,2.029
2026-08-29T02:30Z,138,gA,1.969
2026-08-29T02:30Z,138,gB,1.749
2026-08-29T02:30Z,139,gA,1.955
2026-08-29T02:30Z,139,gP,2.025
2026-08-29T02:30Z,139,g98e5,1.989
2026-08-29T02:30Z,140,g95e5,1.829
2026-08-29T02:30Z,140,g98e5,1.959
2026-08-29T02:30Z,141,gA,1.955
2026-08-29T02:30Z,141,gP,2.015
2026-08-29T02:30Z,141,g98e5,1.945
2026-08-29T02:30Z,142,gA,1.969
2026-08-29T02:30Z,142,g98e5,1.965
2026-08-29T02:30Z,143,gA,1.969
2026-08-29T02:30Z,143,g98e5,1.949
2026-08-29T02:30Z,145,g98e5,1.964
2026-08-29T02:30Z,145,g95e5p,1.919
2026-08-29T02:30Z,146,g98e5,1.964
2026-08-29T02:30Z,146,g95e5p,1.919
2026-08-29T02:30Z,164,gA,1.925
2026-08-29T02:30Z,164,gP,2.015
2026-08-29T02:30Z,169,gA,1.939
2026-08-29T02:30Z,169,g98e5,1.965
2026-08-29T02:30Z,170,gA,1.925
2026-08-29T02:30Z,170,gP,2.015
2026-08-29T02:30Z,175,gA,1.949
2026-08-29T02:30Z,175,g98e5,1.979
2026-08-29T02:30Z,176,gA,1.949
2026-08-29T02:30Z,177,gA,1.949
2026-08-29T02:30Z,177,g98e5,1.965
2026-08-29T02:30Z,178,gA,1.949
2026-08-29T02:30Z,178,g98e5,1.965
2026-08-29T02:30Z,180,gA,1.929
2026-08-29T02:30Z,180,g98e5,1.999
2026-08-29T02:30Z,180,gB,1.725
2026-08-29T02:30Z,181,g95e5,1.849
2026-08-29T02:30Z,181,gA,1.925
2026-08-29T02:30Z,181,g98e5,1.969
2026-08-29T02:30Z,182,g95e5,1.819
2026-08-29T02:30Z,182,gA,1.939
2026-08-29T02:30Z,182,g98e5,1.989
2026-08-29T02:30Z,183,gA,1.949
2026-08-29T02:30Z,183,g98e5,1.969
2026-08-29T02:30Z,185,gA,1.929
2026-08-29T02:30Z,185,g98e5,1.975
2026-08-29T02:30Z,186,gA,1.949
2026-08-29T02:30Z,186,g98e5,1.945
2026-08-29T02:30Z,187,g95e5,1.829
2026-08-29T02:30Z,187,gA,1.945
2026-08-29T02:30Z,187,g98e5,1.949
2026-08-29T02:30Z,188,gA,1.939
2026-08-29T02:30Z,188,g98e5,2.009
2026-08-29T02:30Z,193,gA,1.945
2026-08-29T02:30Z,200,gA,1.939
2026-08-29T02:30Z,200,g98e5,1.939
2026-08-29T02:30Z,201,gA,1.949
2026-08-29T02:30Z,201,g98e5,1.939
2026-08-29T02:30Z,202,gA,1.949
2026-08-29T02:30Z,202,g98e5,1.939
2026-08-29T02:30Z,202,gnc,1.739
2026-08-29T02:30Z,203,gA,1.939
2026-08-29T02:30Z,203,g98e5,1.939
2026-08-29T02:30Z,204,gA,1.939
2026-08-29T02:30Z,204,g98e5,1.939
2026-08-29T02:30Z,206,gA,1.939
2026-08-29T02:30Z,206,g98e5,1.939
2026-08-29T02:30Z,207,gA,1.945
2026-08-29T02:30Z,208,gA,1.945
2026-08-29T02:30Z,209,g95e5,1.825
2026-08-29T02:30Z,209,gA,1.945
2026-08-29T02:30Z,209,g98e5,1.945
2026-08-29T02:30Z,209,gB,1.739
2026-08-29T02:30Z,211,gA,1.955
2026-08-29T02:30Z,211,g98e5,1.955
2026-08-29T02:30Z,216,gA,1.959
2026-08-29T02:30Z,227,g95e5,1.835
2026-08-29T02:30Z,227,gA,1.939
2026-08-29T02:30Z,228,g95e5,1.825
2026-08-29T02:30Z,228,gA,1.939
2026-08-29T02:30Z,228,g98e5,1.995
2026-08-29T02:30Z,229,gA,1.939
2026-08-29T02:30Z,229,g98e5,1.935
2026-08-29T02:30Z,232,gA,1.955
2026-08-29T02:30Z,233,gA,1.955
2026-08-29T02:30Z,234,g95e5,1.809
2026-08-29T02:30Z,234,gA,1.969
2026-08-29T02:30Z,234,g98e5,1.979
2026-08-29T02:30Z,237,g95e5,1.815
2026-08-29T02:30Z,237,gA,1.965
2026-08-29T02:30Z,239,gA,1.939
2026-08-29T02:30Z,239,g98e5,1.929
2026-08-29T02:30Z,240,gA,1.939
2026-08-29T02:30Z,240,g98e5,1.929
2026-08-29T02:30Z,242,gA,1.949
2026-08-29T02:30Z,242,g98e5,1.939
2026-08-29T02:30Z,243,gA,1.969
2026-08-29T02:30Z,243,g98e5,1.969
2026-08-29T02:30Z,244,gA,1.949
2026-08-29T02:30Z,245,gA,1.949
2026-08-29T02:30Z,245,g98e5,1.939
2026-08-29T02:30Z,246,gA,1.949
2026-08-29T02:30Z,246,g98e5,1.939
2026-08-29T02:30Z,247,g95e5,1.839
2026-08-29T02:30Z,247,g98e5,1.954
2026-08-29T02:30Z,273,gA,1.919
2026-08-29T02:30Z,314,gP,1.949
2026-08-29T02:30Z,320,gA,1.959
2026-08-29T02:30Z,320,gP,2.079
2026-08-29T02:30Z,320,g98e5,1.929
2026-08-29T02:30Z,325,gA,1.909
2026-08-29T02:30Z,325,gP,1.979
2026-08-29T02:30Z,331,g95e5,1.859
2026-08-29T02:30Z,332,gA,1.925
2026-08-29T02:30Z,332,gP,1.985
2026-08-29T02:30Z,332,g98e5,1.919
2026-08-29T02:30Z,334,gP,2.049
2026-08-29T02:30Z,334,gB,1.599
2026-08-29T02:30Z,335,gA,1.925
2026-08-29T02:30Z,335,gP,2.025
2026-08-29T02:30Z,335,g98e5,1.899
2026-08-29T02:30Z,336,gA,1.959
2026-08-29T02:30Z,336,gP,2.019
2026-08-29T02:30Z,336,g98e5,1.909
2026-08-29T02:30Z,337,gA,1.915
2026-08-29T02:30Z,337,gP,1.975
2026-08-29T02:30Z,337,g98e5,1.899
2026-08-29T02:30Z,338,gA,1.945
2026-08-29T02:30Z,338,g98e5,1.919
2026-08-29T02:30Z,338,gnc,1.739
2026-08-29T02:30Z,340,gA,1.915
2026-08-29T02:30Z,340,gP,1.975
2026-08-29T02:30Z,340,g98e5,1.899
2026-08-29T02:30Z,341,gA,1.919
2026-08-29T02:30Z,341,gP,1.989
2026-08-29T02:30Z,341,g98e5,1.945
2026-08-29T02:30Z,348,gA,1.949
2026-08-29T02:30Z,348,gP,2.019
2026-08-29T02:30Z,348,g98e5,1.899
2026-08-29T02:30Z,348,gB,1.659
2026-08-29T02:30Z,356,gA,1.975
2026-08-29T02:30Z,356,gP,2.035
2026-08-29T02:30Z,356,g98e5,1.929
2026-08-29T02:30Z,370,gA,1.899
2026-08-29T02:30Z,374,gA,1.935
2026-08-29T02:30Z,375,gA,1.989
2026-08-29T02:30Z,378,gA,1.965
2026-08-29T02:30Z,378,gP,2.025
2026-08-29T02:30Z,378,g98e5,1.959
2026-08-29T02:30Z,380,gA,1.999
2026-08-29T02:30Z,380,gP,2.059
2026-08-29T02:30Z,380,g98e5,1.965
2026-08-29T02:30Z,380,gB,1.689
2026-08-29T02:30Z,381,gA,1.935
2026-08-29T02:30Z,381,gB,1.715
2026-08-29T02:30Z,383,gA,1.989
2026-08-29T02:30Z,383,g98e5,1.919
2026-08-29T02:30Z,383,gB,1.689
2026-08-29T02:30Z,384,gA,1.959
2026-08-29T02:30Z,384,gP,2.019
2026-08-29T02:30Z,384,g98e5,2.019
2026-08-29T02:30Z,384,gB,1.749
2026-08-29T02:30Z,386,gA,1.959
2026-08-29T02:30Z,386,gP,2.049
2026-08-29T02:30Z,389,gA,1.999
2026-08-29T02:30Z,389,gP,2.059
2026-08-29T02:30Z,389,gB,1.739
2026-08-29T02:30Z,390,gA,1.999
2026-08-29T02:30Z,390,gP,2.059
2026-08-29T02:30Z,390,g98e5,1.979
2026-08-29T02:30Z,390,gB,1.745
2026-08-29T02:30Z,391,gA,1.965
2026-08-29T02:30Z,391,gB,1.689
2026-08-29T02:30Z,392,g95e5,1.898
2026-08-29T02:30Z,392,g98e5,2.048
2026-08-29T02:30Z,394,gA,1.999
2026-08-29T02:30Z,394,g98e5,1.979
2026-08-29T02:30Z,397,gA,1.985
2026-08-29T02:30Z,397,gP,2.045
2026-08-29T02:30Z,397,gB,1.749
2026-08-29T02:30Z,398,g95e5,1.849
2026-08-29T02:30Z,398,gA,1.985
2026-08-29T02:30Z,398,gP,2.045
2026-08-29T02:30Z,398,g98e5,1.969
2026-08-29T02:30Z,399,gA,1.935
2026-08-29T02:30Z,401,gA,1.965
2026-08-29T02:30Z,401,gP,2.075
2026-08-29T02:30Z,401,gB,1.749
2026-08-29T02:30Z,406,gA,1.965
2026-08-29T02:30Z,406,gP,2.025
2026-08-29T02:30Z,406,g98e5,1.959
2026-08-29T02:30Z,407,g95e5,1.825
2026-08-29T02:30Z,407,gA,1.959
2026-08-29T02:30Z,407,gP,2.029
2026-08-29T02:30Z,407,g98e5,1.945
2026-08-29T02:30Z,410,gA,1.955
2026-08-29T02:30Z,410,gP,2.015
2026-08-29T02:30Z,410,g98e5,1.949
2026-08-29T02:30Z,411,gA,1.955
2026-08-29T02:30Z,411,gP,2.015
2026-08-29T02:30Z,411,g98e5,1.949
2026-08-29T02:30Z,413,g95e5,1.825
2026-08-29T02:30Z,413,gA,1.959
2026-08-29T02:30Z,413,gP,2.029
2026-08-29T02:30Z,413,g98e5,1.945
2026-08-29T02:30Z,418,g95e5,1.824
2026-08-29T02:30Z,418,g98e5,1.954
2026-08-29T02:30Z,418,glp,1.169
2026-08-29T02:30Z,442,gA,1.899
2026-08-29T02:30Z,442,g98e5,1.955
2026-08-29T02:30Z,443,g95e5,1.789
2026-08-29T02:30Z,443,gA,1.905
2026-08-29T02:30Z,443,g98e5,1.959
2026-08-29T02:30Z,446,gA,1.895
2026-08-29T02:30Z,446,g98e5,1.965
2026-08-29T02:30Z,447,g95e5,1.779
2026-08-29T02:30Z,447,g98e5,1.959
2026-08-29T02:30Z,450,g95e5,1.739
2026-08-29T02:30Z,450,gA,1.865
2026-08-29T02:30Z,450,gP,1.975
2026-08-29T02:30Z,450,g98e5,1.959
2026-08-29T02:30Z,457,gA,1.889
2026-08-29T02:30Z,457,gP,1.949
2026-08-29T02:30Z,457,g98e5,1.945
2026-08-29T02:30Z,459,gA,1.895
2026-08-29T02:30Z,468,g95e5,1.799
2026-08-29T02:30Z,468,gA,1.919
2026-08-29T02:30Z,468,g98e5,1.969
2026-08-29T02:30Z,470,gA,1.895
2026-08-29T02:30Z,473,gA,1.895
2026-08-29T02:30Z,473,g98e5,1.949
2026-08-29T02:30Z,475,gA,1.929
2026-08-29T02:30Z,475,gP,1.999
2026-08-29T02:30Z,479,g95e5,1.805
2026-08-29T02:30Z,479,gA,1.945
2026-08-29T02:30Z,479,g98e5,1.975
2026-08-29T02:30Z,479,gB,1.709
2026-08-29T02:30Z,480,g95e5,1.835
2026-08-29T02:30Z,480,gA,1.919
2026-08-29T02:30Z,480,gP,2.029
2026-08-29T02:30Z,480,g98e5,1.985
2026-08-29T02:30Z,481,gA,1.919
2026-08-29T02:30Z,481,gP,1.979
2026-08-29T02:30Z,481,g98e5,1.985
2026-08-29T02:30Z,482,gA,1.905
2026-08-29T02:30Z,482,g98e5,1.989
2026-08-29T02:30Z,492,gA,1.909
2026-08-29T02:30Z,492,gP,1.999
2026-08-29T02:30Z,492,gB,1.689
2026-08-29T02:30Z,495,gA,1.895
2026-08-29T02:30Z,495,g98e5,1.915
2026-08-29T02:30Z,496,gA,1.909
2026-08-29T02:30Z,496,gP,2.009
2026-08-29T02:30Z,496,gB,1.705
2026-08-29T02:30Z,499,gA,1.939
2026-08-29T02:30Z,499,gP,2.009
2026-08-29T02:30Z,499,gB,1.799
2026-08-29T02:30Z,504,gA,1.919
2026-08-29T02:30Z,504,g98e5,1.965
2026-08-29T02:30Z,504,gB,1.709
2026-08-29T02:30Z,514,gA,1.929
2026-08-29T02:30Z,514,gP,2.029
2026-08-29T02:30Z,515,gA,1.929
2026-08-29T02:30Z,515,gP,2.029
2026-08-29T02:30Z,521,gA,1.925
2026-08-29T02:30Z,521,g98e5,1.939
2026-08-29T02:30Z,521,gB,1.679
2026-08-29T02:30Z,524,gA,1.909
2026-08-29T02:30Z,524,gP,2.009
2026-08-29T02:30Z,524,gB,1.665
2026-08-29T02:30Z,525,gA,1.919
2026-08-29T02:30Z,527,gA,1.909
2026-08-29T02:30Z,527,g98e5,1.939
2026-08-29T02:30Z,527,gB,1.735
2026-08-29T02:30Z,535,g95e5,1.779
2026-08-29T02:30Z,535,gB,1.709
2026-08-29T02:30Z,536,g95e5,1.809
2026-08-29T02:30Z,536,gA,1.919
2026-08-29T02:30Z,536,gP,2.009
2026-08-29T02:30Z,536,g98e5,1.959
2026-08-29T02:30Z,537,gA,1.909
2026-08-29T02:30Z,537,gB,1.739
2026-08-29T02:30Z,538,gA,1.954
2026-08-29T02:30Z,538,gP,2.029
2026-08-29T02:30Z,539,gA,1.979
2026-08-29T02:30Z,539,gP,2.049
2026-08-29T02:30Z,543,gA,1.979
2026-08-29T02:30Z,543,gP,2.029
2026-08-29T02:30Z,544,g95e5,1.809
2026-08-29T02:30Z,544,gA,1.909
2026-08-29T02:30Z,544,g98e5,1.979
2026-08-29T02:30Z,544,gB,1.679
2026-08-29T02:30Z,549,gA,1.905
2026-08-29T02:30Z,549,g98e5,1.909
2026-08-29T02:30Z,551,gA,1.905
2026-08-29T02:30Z,551,g98e5,1.949
2026-08-29T02:30Z,552,gA,1.929
2026-08-29T02:30Z,552,gP,1.999
2026-08-29T02:30Z,552,gB,1.769
2026-08-29T02:30Z,553,gA,1.955
2026-08-29T02:30Z,554,gA,1.965
2026-08-29T02:30Z,554,gP,2.025
2026-08-29T02:30Z,554,g98e5,1.945
2026-08-29T02:30Z,556,gA,1.889
2026-08-29T02:30Z,556,gB,1.679
2026-08-29T02:30Z,557,gA,1.929
2026-08-29T02:30Z,557,gP,1.999
2026-08-29T02:30Z,558,gA,1.929
2026-08-29T02:30Z,558,gP,1.999
2026-08-29T02:30Z,561,gA,1.889
2026-08-29T02:30Z,561,g98e5,1.959
2026-08-29T02:30Z,566,gA,1.925
2026-08-29T02:30Z,566,g98e5,1.979
2026-08-29T02:30Z,567,g95e5,1.819
2026-08-29T02:30Z,567,gA,1.929
2026-08-29T02:30Z,573,gP,2.029
2026-08-29T02:30Z,573,g98e5,1.959
2026-08-29T02:30Z,573,gB,1.725
2026-08-29T02:30Z,576,gA,1.915
2026-08-29T02:30Z,576,gP,2.025
2026-08-29T02:30Z,576,g98e5,1.939
2026-08-29T02:30Z,576,gB,1.739
2026-08-29T02:30Z,577,g95e5,1.819
2026-08-29T02:30Z,577,gA,1.929
2026-08-29T02:30Z,577,g98e5,1.939
2026-08-29T02:30Z,580,gA,1.965
2026-08-29T02:30Z,580,g98e5,1.945
2026-08-29T02:30Z,580,gB,1.715
2026-08-29T02:30Z,584,g95e5,1.779
2026-08-29T02:30Z,584,gA,1.909
2026-08-29T02:30Z,584,gP,1.969
2026-08-29T02:30Z,585,g95e5,1.819
2026-08-29T02:30Z,585,gA,1.915
2026-08-29T02:30Z,585,g98e5,1.989
2026-08-29T02:30Z,585,gB,1.699
2026-08-29T02:30Z,586,g95e5,1.839
2026-08-29T02:30Z,586,gA,1.955
2026-08-29T02:30Z,586,gP,2.015
2026-08-29T02:30Z,586,g98e5,1.959
2026-08-29T02:30Z,586,gB,1.665
2026-08-29T02:30Z,589,g95e5,1.809
2026-08-29T02:30Z,589,gA,1.959
2026-08-29T02:30Z,589,g98e5,1.949
2026-08-29T02:30Z,589,gB,1.715
2026-08-29T02:30Z,596,gA,1.919
2026-08-29T02:30Z,596,gP,1.979
2026-08-29T02:30Z,596,g98e5,1.965
2026-08-29T02:30Z,597,g95e5,1.819
2026-08-29T02:30Z,597,gA,1.929
2026-08-29T02:30Z,597,gP,2.009
2026-08-29T02:30Z,597,gB,1.715
2026-08-29T02:30Z,601,g95e5,1.779
2026-08-29T02:30Z,601,gA,1.909
2026-08-29T02:30Z,601,gP,1.969
2026-08-29T02:30Z,604,gA,1.909
2026-08-29T02:30Z,604,gP,1.969
2026-08-29T02:30Z,604,g98e5,1.945
2026-08-29T02:30Z,608,g95e5,1.779
2026-08-29T02:30Z,608,gA,1.909
2026-08-29T02:30Z,608,gP,1.999
2026-08-29T02:30Z,608,gB,1.699
2026-08-29T02:30Z,609,g95e5,1.799
2026-08-29T02:30Z,609,gA,1.945
2026-08-29T02:30Z,609,g98e5,1.969
2026-08-29T02:30Z,609,gB,1.725
2026-08-29T02:30Z,614,g95e5,1.785
2026-08-29T02:30Z,614,gA,1.919
2026-08-29T02:30Z,614,gP,1.979
2026-08-29T02:30Z,614,g98e5,1.955
2026-08-29T02:30Z,614,gB,1.709
2026-08-29T02:30Z,615,g95e5,1.799
2026-08-29T02:30Z,615,gA,1.949
2026-08-29T02:30Z,615,g98e5,1.969
2026-08-29T02:30Z,620,gA,1.895
2026-08-29T02:30Z,620,g98e5,1.965
2026-08-29T02:30Z,622,g95e5,1.839
2026-08-29T02:30Z,622,gA,1.925
2026-08-29T02:30Z,622,gB,1.665
2026-08-29T02:30Z,623,g95e5,1.835
2026-08-29T02:30Z,623,gA,1.949
2026-08-29T02:30Z,623,gB,1.665
2026-08-29T02:30Z,626,gA,1.905
2026-08-29T02:30Z,626,g98e5,1.969
2026-08-29T02:30Z,629,gA,1.965
2026-08-29T02:30Z,629,gP,2.025
2026-08-29T02:30Z,629,g98e5,1.945
2026-08-29T02:30Z,629,gB,1.685
2026-08-29T02:30Z,630,g95e5,1.799
2026-08-29T02:30Z,630,gA,1.929
2026-08-29T02:30Z,630,g98e5,1.969
2026-08-29T02:30Z,630,gB,1.679
2026-08-29T02:30Z,634,g95e5,1.835
2026-08-29T02:30Z,634,gA,1.929
2026-08-29T02:30Z,634,g98e5,1.955
2026-08-29T02:30Z,637,gP,2.029
2026-08-29T02:30Z,641,g95e5,1.739
2026-08-29T02:30Z,641,gA,1.865
2026-08-29T02:30Z,641,g98e5,1.959
2026-08-29T02:30Z,643,gA,1.955
2026-08-29T02:30Z,643,gP,2.015
2026-08-29T02:30Z,643,g98e5,1.959
2026-08-29T02:30Z,647,g95e5,1.819
2026-08-29T02:30Z,647,gA,1.939
2026-08-29T02:30Z,647,g98e5,1.939
2026-08-29T02:30Z,648,g95e5,1.779
2026-08-29T02:30Z,648,gA,1.925
2026-08-29T02:30Z,648,gB,1.689
2026-08-29T02:30Z,650,gA,1.915
2026-08-29T02:30Z,650,gP,1.975
2026-08-29T02:30Z,650,g98e5,1.969
2026-08-29T02:30Z,651,gA,1.899
2026-08-29T02:30Z,651,g98e5,1.959
2026-08-29T02:30Z,652,gA,1.929
2026-08-29T02:30Z,652,gP,2.019
2026-08-29T02:30Z,674,gP,1.898
2026-08-29T02:30Z,680,g95e5,1.859
2026-08-29T02:30Z,680,gA,1.949
2026-08-29T02:30Z,680,gP,2.009
2026-08-29T02:30Z,680,g98e5,2.009
2026-08-29T02:30Z,680,glp,1.139
2026-08-29T02:30Z,680,gB,1.789
2026-08-29T02:30Z,686,gA,1.889
2026-08-29T02:30Z,686,gP,1.989
2026-08-29T02:30Z,686,gB,1.769
2026-08-29T02:30Z,687,gA,1.889
2026-08-29T02:30Z,687,gP,1.989
2026-08-29T02:30Z,687,gB,1.769
2026-08-29T02:30Z,710,g95e5,1.775
2026-08-29T02:30Z,710,gA,1.915
2026-08-29T02:30Z,710,gP,1.995
2026-08-29T02:30Z,710,g98e5,1.945
2026-08-29T02:30Z,710,g95e5p,1.835
2026-08-29T02:30Z,711,gA,1.969
2026-08-29T02:30Z,712,gP,2.069
2026-08-29T02:30Z,712,g98e5,1.895
2026-08-29T02:30Z,713,gA,1.935
2026-08-29T02:30Z,713,gP,2.045
2026-08-29T02:30Z,713,g98e5,1.925
2026-08-29T02:30Z,713,gB,1.675
2026-08-29T02:30Z,715,g95e5,1.765
2026-08-29T02:30Z,715,gA,1.919
2026-08-29T02:30Z,715,gP,2.019
2026-08-29T02:30Z,715,g98e5,1.935
2026-08-29T02:30Z,715,gB,1.709
2026-08-29T02:30Z,716,gA,1.925
2026-08-29T02:30Z,716,g98e5,1.899
2026-08-29T02:30Z,717,gA,1.935
2026-08-29T02:30Z,717,gP,2.025
2026-08-29T02:30Z,718,gA,1.935
2026-08-29T02:30Z,718,gP,2.025
2026-08-29T02:30Z,720,gA,1.919
2026-08-29T02:30Z,720,gP,1.959
2026-08-29T02:30Z,722,g95e5,1.879
2026-08-29T02:30Z,722,gA,1.979
2026-08-29T02:30Z,722,gP,1.999
2026-08-29T02:30Z,722,g98e5,1.999
2026-08-29T02:30Z,723,g95e5,1.795
2026-08-29T02:30Z,723,gA,1.955
2026-08-29T02:30Z,723,g98e5,1.915
2026-08-29T02:30Z,725,gA,1.975
2026-08-29T02:30Z,725,gP,2.055
2026-08-29T02:30Z,725,g98e5,1.929
2026-08-29T02:30Z,728,gA,1.909
2026-08-29T02:30Z,728,gP,1.999
2026-08-29T02:30Z,728,gB,1.659
2026-08-29T02:30Z,729,g95e5,1.819
2026-08-29T02:30Z,729,gA,1.929
2026-08-29T02:30Z,729,g98e5,1.919
2026-08-29T02:30Z,730,g95e5,1.759
2026-08-29T02:30Z,730,gA,1.915
2026-08-29T02:30Z,730,g98e5,1.919
2026-08-29T02:30Z,739,gA,1.909
2026-08-29T02:30Z,739,gP,1.969
2026-08-29T02:30Z,739,g98e5,1.925
2026-08-29T02:30Z,739,gB,1.655
2026-08-29T02:30Z,743,g95e5,1.805
2026-08-29T02:30Z,743,gA,1.969
2026-08-29T02:30Z,743,gP,2.029
2026-08-29T02:30Z,744,g95e5,1.848
2026-08-29T02:30Z,744,g98e5,1.998
2026-08-29T02:30Z,754,gA,1.959
2026-08-29T02:30Z,754,gP,2.059
2026-08-29T02:30Z,754,g98e5,1.959
2026-08-29T02:30Z,756,gA,1.975
2026-08-29T02:30Z,756,gP,2.035
2026-08-29T02:30Z,756,g98e5,1.939
2026-08-29T02:30Z,761,gA,1.935
2026-08-29T02:30Z,761,gP,2.035
2026-08-29T02:30Z,761,g98e5,1.909
2026-08-29T02:30Z,765,gA,1.925
2026-08-29T02:30Z,765,gP,1.995
2026-08-29T02:30Z,765,g98e5,1.925
2026-08-29T02:30Z,766,gA,1.925
2026-08-29T02:30Z,766,gP,1.995
2026-08-29T02:30Z,766,g98e5,1.925
2026-08-29T02:30Z,773,gA,1.909
2026-08-29T02:30Z,773,gP,1.969
2026-08-29T02:30Z,773,gB,1.699
2026-08-29T02:30Z,775,gA,1.919
2026-08-29T02:30Z,775,gP,1.979
2026-08-29T02:30Z,775,g98e5,1.875
2026-08-29T02:30Z,775,gB,1.655
2026-08-29T02:30Z,780,gA,1.915
2026-08-29T02:30Z,780,gP,2.025
2026-08-29T02:30Z,780,g98e5,1.905
2026-08-29T02:30Z,781,gA,1.959
2026-08-29T02:30Z,781,gP,2.059
2026-08-29T02:30Z,781,g98e5,1.959
2026-08-29T02:30Z,782,gA,1.915
2026-08-29T02:30Z,782,g98e5,1.879
2026-08-29T02:30Z,785,g95e5,1.749
2026-08-29T02:30Z,785,gA,1.849
2026-08-29T02:30Z,785,g98e5,1.949
2026-08-29T02:30Z,788,gA,1.929
2026-08-29T02:30Z,788,gP,1.989
2026-08-29T02:30Z,788,g98e5,1.879
2026-08-29T02:30Z,788,gB,1.699
2026-08-29T02:30Z,789,gA,1.955
2026-08-29T02:30Z,789,gP,2.015
2026-08-29T02:30Z,790,gA,1.955
2026-08-29T02:30Z,790,gP,2.015
2026-08-29T02:30Z,790,g98e5,1.955
2026-08-29T02:30Z,792,g95e5,1.838
2026-08-29T02:30Z,792,g98e5,1.988
2026-08-29T02:30Z,793,gA,1.915
2026-08-29T02:30Z,795,gA,1.929
2026-08-29T02:30Z,795,gP,2.009
2026-08-29T02:30Z,797,gA,1.969
2026-08-29T02:30Z,797,gP,2.029
2026-08-29T02:30Z,799,gA,1.915
2026-08-29T02:30Z,799,gP,2.005
2026-08-29T02:30Z,799,g98e5,1.939
2026-08-29T02:30Z,801,gA,1.909
2026-08-29T02:30Z,802,gA,1.909
2026-08-29T02:30Z,802,gP,2.019
2026-08-29T02:30Z,802,gB,1.709
2026-08-29T02:30Z,809,gA,1.915
2026-08-29T02:30Z,809,gP,1.975
2026-08-29T02:30Z,809,g98e5,1.949
2026-08-29T02:30Z,811,g95e5,1.805
2026-08-29T02:30Z,811,gA,1.929
2026-08-29T02:30Z,811,g98e5,1.965
2026-08-29T02:30Z,811,gB,1.579
2026-08-29T02:30Z,813,g95e5,1.799
2026-08-29T02:30Z,813,g98e5,1.904
2026-08-29T02:30Z,813,glp,1.199
2026-08-29T02:30Z,814,g95e5,1.799
2026-08-29T02:30Z,814,g98e5,1.904
2026-08-29T02:30Z,814,glp,1.119
2026-08-29T02:30Z,816,g95e5,1.799
2026-08-29T02:30Z,816,gA,1.889
2026-08-29T02:30Z,826,g95e5,1.779
2026-08-29T02:30Z,826,gA,1.929
2026-08-29T02:30Z,826,gP,2.039
2026-08-29T02:30Z,826,g98e5,1.949
2026-08-29T02:30Z,827,gA,1.915
2026-08-29T02:30Z,827,gP,1.975
2026-08-29T02:30Z,827,g98e5,1.899
2026-08-29T02:30Z,833,g95e5,1.779
2026-08-29T02:30Z,833,gA,1.959
2026-08-29T02:30Z,833,gP,2.019
2026-08-29T02:30Z,833,g98e5,1.899
2026-08-29T02:30Z,833,g95e5p,1.839
2026-08-29T02:30Z,833,gB,1.575
2026-08-29T02:30Z,834,gA,1.929
2026-08-29T02:30Z,834,gP,1.999
2026-08-29T02:30Z,837,gA,1.959
2026-08-29T02:30Z,837,gP,2.019
2026-08-29T02:30Z,837,g98e5,1.945
2026-08-29T02:30Z,838,g95e5,1.759
2026-08-29T02:30Z,838,gA,1.915
2026-08-29T02:30Z,838,gP,1.995
2026-08-29T02:30Z,838,g98e5,1.929
2026-08-29T02:30Z,840,gA,1.929
2026-08-29T02:30Z,840,gP,1.989
2026-08-29T02:30Z,840,gB,1.699
2026-08-29T02:30Z,842,gP,2.029
2026-08-29T02:30Z,842,g98e5,1.915
2026-08-29T02:30Z,844,gA,1.935
2026-08-29T02:30Z,844,gP,2.045
2026-08-29T02:30Z,844,g98e5,1.945
2026-08-29T02:30Z,845,gA,1.939
2026-08-29T02:30Z,845,g98e5,1.959
2026-08-29T02:30Z,847,gA,1.915
2026-08-29T02:30Z,847,gP,2.025
2026-08-29T02:30Z,847,g98e5,1.889
2026-08-29T02:30Z,848,gA,1.915
2026-08-29T02:30Z,848,gP,2.025
2026-08-29T02:30Z,848,g98e5,1.889
2026-08-29T02:30Z,848,gB,1.695
2026-08-29T02:30Z,849,gA,1.959
2026-08-29T02:30Z,849,gP,2.019
2026-08-29T02:30Z,849,g98e5,1.945
2026-08-29T02:30Z,849,gB,1.599
2026-08-29T02:30Z,851,g95e5,1.775
2026-08-29T02:30Z,851,gA,1.909
2026-08-29T02:30Z,851,gP,1.969
2026-08-29T02:30Z,851,g98e5,1.945
2026-08-29T02:30Z,852,g95e5,1.775
2026-08-29T02:30Z,852,gA,1.909
2026-08-29T02:30Z,852,gP,1.969
2026-08-29T02:30Z,852,g98e5,1.945
2026-08-29T02:30Z,862,gA,1.959
2026-08-29T02:30Z,862,gP,2.049
2026-08-29T02:30Z,864,g95e5,1.829
2026-08-29T02:30Z,864,gA,1.969
2026-08-29T02:30Z,864,gP,2.059
2026-08-29T02:30Z,864,g98e5,1.969
2026-08-29T02:30Z,872,gA,1.843
2026-08-29T02:30Z,889,gA,1.949
2026-08-29T02:30Z,889,gP,2.009
2026-08-29T02:30Z,889,g98e5,1.939
2026-08-29T02:30Z,890,g95e5,1.795
2026-08-29T02:30Z,890,gA,1.985
2026-08-29T02:30Z,890,g98e5,1.965
2026-08-29T02:30Z,893,gP,2.025
2026-08-29T02:30Z,893,g98e5,1.949
2026-08-29T02:30Z,893,gB,1.725
2026-08-29T02:30Z,894,g95e5,1.809
2026-08-29T02:30Z,894,gA,1.959
2026-08-29T02:30Z,894,gP,2.019
2026-08-29T02:30Z,894,g98e5,1.959
2026-08-29T02:30Z,895,gA,1.979
2026-08-29T02:30Z,895,gP,2.049
2026-08-29T02:30Z,895,g98e5,1.969
2026-08-29T02:30Z,895,gB,1.689
2026-08-29T02:30Z,900,g95e5,1.809
2026-08-29T02:30Z,900,gA,1.939
2026-08-29T02:30Z,900,g98e5,1.929
2026-08-29T02:30Z,901,gA,1.995
2026-08-29T02:30Z,901,g98e5,1.979
2026-08-29T02:30Z,904,gA,1.959
2026-08-29T02:30Z,904,gP,2.019
2026-08-29T02:30Z,904,g98e5,1.965
2026-08-29T02:30Z,908,gP,2.069
2026-08-29T02:30Z,908,g98e5,1.949
2026-08-29T02:30Z,909,gA,1.969
2026-08-29T02:30Z,909,gP,2.029
2026-08-29T02:30Z,909,g98e5,1.949
2026-08-29T02:30Z,909,gnc,1.739
2026-08-29T02:30Z,913,gA,1.975
2026-08-29T02:30Z,913,g98e5,1.979
2026-08-29T02:30Z,913,gB,1.749
2026-08-29T02:30Z,917,g95e5,1.829
2026-08-29T02:30Z,917,gA,1.969
2026-08-29T02:30Z,917,gP,2.029
2026-08-29T02:30Z,917,g98e5,1.969
2026-08-29T02:30Z,920,gA,1.979
2026-08-29T02:30Z,920,gP,2.039
2026-08-29T02:30Z,925,gA,1.985
2026-08-29T02:30Z,925,gP,2.065
2026-08-29T02:30Z,927,g95e5,1.835
2026-08-29T02:30Z,927,gA,1.975
2026-08-29T02:30Z,927,gnc,1.739
2026-08-29T02:30Z,935,gA,1.969
2026-08-29T02:30Z,935,gP,2.059
2026-08-29T02:30Z,940,gA,1.959
2026-08-29T02:30Z,940,gP,2.059
2026-08-29T02:30Z,940,g98e5,1.969
2026-08-29T02:30Z,941,gA,1.995
2026-08-29T02:30Z,941,g98e5,1.965
2026-08-29T02:30Z,941,gB,1.705
2026-08-29T02:30Z,943,gA,1.953
2026-08-29T02:30Z,943,gP,2.009
2026-08-29T02:30Z,955,g95e5,1.795
2026-08-29T02:30Z,955,gP,2.059
2026-08-29T02:30Z,955,g98e5,1.964
2026-08-29T02:30Z,955,gB,1.629
2026-08-29T02:30Z,958,g95e5,1.829
2026-08-29T02:30Z,958,g98e5,1.964
2026-08-29T02:30Z,959,g95e5,1.829
2026-08-29T02:30Z,959,g98e5,1.964
2026-08-29T02:30Z,962,gA,1.969
2026-08-29T02:30Z,962,gP,2.029
2026-08-29T02:30Z,965,gP,2.049
2026-08-29T02:30Z,965,g98e5,1.979
2026-08-29T02:30Z,978,gA,1.949
2026-08-29T02:30Z,978,gP,2.009
2026-08-29T02:30Z,978,g98e5,1.939
2026-08-29T02:30Z,978,gB,1.715
2026-08-29T02:30Z,980,gA,1.959
2026-08-29T02:30Z,980,g98e5,1.939
2026-08-29T02:30Z,981,gA,1.959
2026-08-29T02:30Z,981,g98e5,1.939
2026-08-29T02:30Z,984,g98e5,1.949
2026-08-29T02:30Z,986,gA,1.965
2026-08-29T02:30Z,986,gP,2.025
2026-08-29T02:30Z,986,g98e5,1.955
2026-08-29T02:30Z,987,g95e5,1.829
2026-08-29T02:30Z,987,gA,1.959
2026-08-29T02:30Z,987,g98e5,1.949
2026-08-29T02:30Z,987,g95e5p,1.899
2026-08-29T02:30Z,988,g95e5,1.815
2026-08-29T02:30Z,988,gA,1.965
2026-08-29T02:30Z,988,g98e5,1.935
2026-08-29T02:30Z,988,gB,1.689
2026-08-29T02:30Z,991,gA,1.965
2026-08-29T02:30Z,991,gP,2.025
2026-08-29T02:30Z,991,g98e5,1.975
2026-08-29T02:30Z,992,g95e5,1.839
2026-08-29T02:30Z,992,g98e5,1.964
2026-08-29T02:30Z,992,g95e5p,1.899
2026-08-29T02:30Z,993,g95e5,1.839
2026-08-29T02:30Z,993,g98e5,1.964
2026-08-29T02:30Z,993,g95e5p,1.899
2026-08-29T02:30Z,994,g95e5,1.819
2026-08-29T02:30Z,994,gA,1.945
2026-08-29T02:30Z,994,g98e5,1.939
2026-08-29T02:30Z,997,gA,1.959
2026-08-29T02:30Z,997,gP,2.049
2026-08-29T02:30Z,997,gB,1.719
2026-08-29T02:30Z,1000,gA,1.939
2026-08-29T02:30Z,1000,gP,2.049
2026-08-29T02:30Z,1000,gB,1.749
2026-08-29T02:30Z,1005,gA,1.959
2026-08-29T02:30Z,1005,gP,2.049
2026-08-29T02:30Z,1006,gA,1.969
2026-08-29T02:30Z,1015,g95e5,1.659
2026-08-29T02:30Z,1032,gA,1.985
2026-08-29T02:30Z,1032,g98e5,1.995
2026-08-29T02:30Z,1034,g95e5,1.815
2026-08-29T02:30Z,1034,gA,1.949
2026-08-29T02:30Z,1034,g98e5,1.985
2026-08-29T02:30Z,1035,g95e5,1.825
2026-08-29T02:30Z,1035,gA,1.959
2026-08-29T02:30Z,1035,g98e5,1.945
2026-08-29T02:30Z,1036,g95e5,1.849
2026-08-29T02:30Z,1037,gA,1.989
2026-08-29T02:30Z,1037,g98e5,1.989
2026-08-29T02:30Z,1038,gA,1.995
2026-08-29T02:30Z,1038,g98e5,1.965
2026-08-29T02:30Z,1040,gA,1.949
2026-08-29T02:30Z,1040,g98e5,1.969
2026-08-29T02:30Z,1042,g95e5,1.839
2026-08-29T02:30Z,1042,gA,1.965
2026-08-29T02:30Z,1042,g98e5,1.959
2026-08-29T02:30Z,1044,g95e5,1.809
2026-08-29T02:30Z,1044,gA,1.955
2026-08-29T02:30Z,1044,g98e5,1.929
2026-08-29T02:30Z,1048,g95e5,1.849
2026-08-29T02:30Z,1048,gA,1.999
2026-08-29T02:30Z,1049,g95e5,1.799
2026-08-29T02:30Z,1049,gA,1.955
2026-08-29T02:30Z,1050,gA,1.959
2026-08-29T02:30Z,1053,g95e5,1.839
2026-08-29T02:30Z,1053,gA,1.949
2026-08-29T02:30Z,1056,g95e5,1.835
2026-08-29T02:30Z,1056,gA,1.945
2026-08-29T02:30Z,1058,g95e5,1.855
2026-08-29T02:30Z,1058,gA,1.995
2026-08-29T02:30Z,1058,g98e5,1.975
2026-08-29T02:30Z,1058,g95e5p,1.935
2026-08-29T02:30Z,1066,g95e5,1.819
2026-08-29T02:30Z,1066,gA,1.955
2026-08-29T02:30Z,1066,g98e5,1.989
2026-08-29T02:30Z,1067,g95e5,1.835
2026-08-29T02:30Z,1067,gA,1.969
2026-08-29T02:30Z,1067,g98e5,1.955
2026-08-29T02:30Z,1069,gA,1.995
2026-08-29T02:30Z,1069,g98e5,1.969
2026-08-29T02:30Z,1074,g95e5,1.839
2026-08-29T02:30Z,1074,gA,1.959
2026-08-29T02:30Z,1074,g98e5,1.959
2026-08-29T02:30Z,1077,g95e5,1.829
2026-08-29T02:30Z,1077,gA,1.999
2026-08-29T02:30Z,1077,g98e5,1.949
2026-08-29T02:30Z,1080,gA,1.989
2026-08-29T02:30Z,1081,g98e5,1.975
2026-08-29T02:30Z,1085,gA,1.975
2026-08-29T02:30Z,1086,gA,1.975
2026-08-29T02:30Z,1087,gA,1.949
2026-08-29T02:30Z,1087,gP,2.039
2026-08-29T02:30Z,1088,g95e5,1.835
2026-08-29T02:30Z,1088,gA,1.965
2026-08-29T02:30Z,1088,g98e5,2.005
2026-08-29T02:30Z,1089,gA,1.965
2026-08-29T02:30Z,1089,g98e5,1.935
2026-08-29T02:30Z,1090,gA,1.965
2026-08-29T02:30Z,1090,g98e5,1.935
2026-08-29T02:30Z,1091,gA,1.969
2026-08-29T02:30Z,1094,gA,1.969
2026-08-29T02:30Z,1094,gP,2.049
2026-08-29T02:30Z,1125,gA,1.838
2026-08-29T02:30Z,1125,gB,1.585
2026-08-29T02:30Z,1126,gA,1.844
2026-08-29T02:30Z,1126,gB,1.591
2026-08-29T02:30Z,1127,gA,1.915
2026-08-29T02:30Z,1127,gP,2.025
2026-08-29T02:30Z,1127,g98e5,1.945
2026-08-29T02:30Z,1129,gA,1.929
2026-08-29T02:30Z,1129,gP,2.019
2026-08-29T02:30Z,1130,gA,1.939
2026-08-29T02:30Z,1130,gP,2.019
2026-08-29T02:30Z,1130,g98e5,1.969
2026-08-29T02:30Z,1131,gA,1.939
2026-08-29T02:30Z,1131,gP,2.019
2026-08-29T02:30Z,1131,g98e5,1.969
2026-08-29T02:30Z,1132,g95e5,1.805
2026-08-29T02:30Z,1132,gA,1.909
2026-08-29T02:30Z,1133,gA,1.899
2026-08-29T02:30Z,1133,gP,2.009
2026-08-29T02:30Z,1133,g98e5,1.965
2026-08-29T02:30Z,1136,gA,1.899
2026-08-29T02:30Z,1136,gB,1.659
2026-08-29T02:30Z,1137,gA,1.899
2026-08-29T02:30Z,1137,gB,1.659
2026-08-29T02:30Z,1143,g98e5,1.919
2026-08-29T02:30Z,1145,g95e5,1.814
2026-08-29T02:30Z,1155,gA,1.929
2026-08-29T02:30Z,1155,gP,2.019
2026-08-29T02:30Z,1159,gA,1.899
2026-08-29T02:30Z,1159,g98e5,1.945
2026-08-29T02:30Z,1163,gP,2.005
2026-08-29T02:30Z,1163,g98e5,1.955
2026-08-29T02:30Z,1171,gA,1.635
2026-08-29T02:30Z,1175,gA,1.945
2026-08-29T02:30Z,1175,gP,2.005
2026-08-29T02:30Z,1178,gA,1.929
2026-08-29T02:30Z,1178,gP,2.019
2026-08-29T02:30Z,1178,gB,1.729
2026-08-29T02:30Z,1179,gA,1.929
2026-08-29T02:30Z,1179,gP,2.019
2026-08-29T02:30Z,1179,gB,1.729
2026-08-29T02:30Z,1180,gA,1.915
2026-08-29T02:30Z,1180,g98e5,1.985
2026-08-29T02:30Z,1181,gA,1.915
2026-08-29T02:30Z,1181,g98e5,1.985
2026-08-29T02:30Z,1183,gA,1.945
2026-08-29T02:30Z,1183,g98e5,1.939
2026-08-29T02:30Z,1194,g95e5,1.779
2026-08-29T02:30Z,1194,gA,1.945
2026-08-29T02:30Z,1194,gP,2.045
2026-08-29T02:30Z,1194,gB,1.619
2026-08-29T02:30Z,1196,gA,1.945
2026-08-29T02:30Z,1196,gP,2.005
2026-08-29T02:30Z,1196,g98e5,1.989
2026-08-29T02:30Z,1196,gB,1.659
2026-08-29T02:30Z,1197,gA,1.945
2026-08-29T02:30Z,1197,gP,2.005
2026-08-29T02:30Z,1197,g98e5,1.959
2026-08-29T02:30Z,1198,gA,1.945
2026-08-29T02:30Z,1198,gP,2.005
2026-08-29T02:30Z,1201,gA,1.899
2026-08-29T02:30Z,1201,gP,2.009
2026-08-29T02:30Z,1201,gB,1.639
2026-08-29T02:30Z,1204,gA,1.929
2026-08-29T02:30Z,1204,gP,2.019
2026-08-29T02:30Z,1208,g95e5,1.779
2026-08-29T02:30Z,1208,gA,1.939
2026-08-29T02:30Z,1208,gP,1.999
2026-08-29T02:30Z,1215,gA,1.929
2026-08-29T02:30Z,1215,g98e5,1.969
2026-08-29T02:30Z,1218,gA,1.899
2026-08-29T02:30Z,1230,gA,1.929
2026-08-29T02:30Z,1230,gP,2.019
2026-08-29T02:30Z,1232,gA,1.869
2026-08-29T02:30Z,1232,gB,1.509
2026-08-29T02:30Z,1234,gA,1.945
2026-08-29T02:30Z,1234,gP,2.005
2026-08-29T02:30Z,1234,g98e5,1.979
2026-08-29T02:30Z,1235,gA,1.929
2026-08-29T02:30Z,1235,gP,2.019
2026-08-29T02:30Z,1236,gA,1.945
2026-08-29T02:30Z,1236,gP,2.025
2026-08-29T02:30Z,1237,gA,1.945
2026-08-29T02:30Z,1237,gP,2.005
2026-08-29T02:30Z,1237,g98e5,1.969
2026-08-29T02:30Z,1276,g95e5,1.819
2026-08-29T02:30Z,1276,gA,1.979
2026-08-29T02:30Z,1276,gP,2.109
2026-08-29T02:30Z,1276,g98e5,1.949
2026-08-29T02:30Z,1277,g95e5,1.749
2026-08-29T02:30Z,1288,gA,1.909
2026-08-29T02:30Z,1288,gP,2.019
2026-08-29T02:30Z,1288,g98e5,1.915
2026-08-29T02:30Z,1289,g95e5,1.765
2026-08-29T02:30Z,1289,gP,2.029
2026-08-29T02:30Z,1289,g98e5,1.935
2026-08-29T02:30Z,1291,gA,1.905
2026-08-29T02:30Z,1291,gP,1.965
2026-08-29T02:30Z,1291,gB,1.609
2026-08-29T02:30Z,1292,gB,1.625
2026-08-29T02:30Z,1304,g95e5,1.795
2026-08-29T02:30Z,1304,gA,1.959
2026-08-29T02:30Z,1304,gP,2.069
2026-08-29T02:30Z,1306,gA,1.919
2026-08-29T02:30Z,1306,gP,2.029
2026-08-29T02:30Z,1306,g98e5,1.919
2026-08-29T02:30Z,1306,gB,1.569
2026-08-29T02:30Z,1308,g95e5,1.799
2026-08-29T02:30Z,1308,gA,1.959
2026-08-29T02:30Z,1308,g98e5,1.919
2026-08-29T02:30Z,1308,gB,1.625
2026-08-29T02:30Z,1313,gA,1.949
2026-08-29T02:30Z,1313,gP,2.059
2026-08-29T02:30Z,1313,gB,1.639
2026-08-29T02:30Z,1314,gA,1.909
2026-08-29T02:30Z,1315,gA,1.959
2026-08-29T02:30Z,1315,g98e5,1.919
2026-08-29T02:30Z,1315,gB,1.625
2026-08-29T02:30Z,1316,gA,1.915
2026-08-29T02:30Z,1316,g98e5,1.899
2026-08-29T02:30Z,1317,gA,1.915
2026-08-29T02:30Z,1317,g98e5,1.899
2026-08-29T02:30Z,1318,gA,1.905
2026-08-29T02:30Z,1318,g98e5,1.865
2026-08-29T02:30Z,1318,gB,1.569
2026-08-29T02:30Z,1320,g95e5,1.745
2026-08-29T02:30Z,1320,gA,1.905
2026-08-29T02:30Z,1320,gP,1.965
2026-08-29T02:30Z,1320,g98e5,1.915
2026-08-29T02:30Z,1320,g95e5p,1.815
2026-08-29T02:30Z,1320,gB,1.605
2026-08-29T02:30Z,1322,gA,1.905
2026-08-29T02:30Z,1322,gP,2.015
2026-08-29T02:30Z,1322,g98e5,1.915
2026-08-29T02:30Z,1322,gB,1.569
2026-08-29T02:30Z,1325,gA,1.905
2026-08-29T02:30Z,1325,g98e5,1.915
2026-08-29T02:30Z,1326,gA,1.909
2026-08-29T02:30Z,1326,g98e5,1.915
2026-08-29T02:30Z,1327,gA,1.905
2026-08-29T02:30Z,1327,gP,1.985
2026-08-29T02:30Z,1330,gA,1.959
2026-08-29T02:30Z,1330,g98e5,1.919
2026-08-29T02:30Z,1333,gA,1.905
2026-08-29T02:30Z,1333,gP,2.005
2026-08-29T02:30Z,1333,gB,1.569
2026-08-29T02:30Z,1339,gA,1.915
2026-08-29T02:30Z,1339,g98e5,1.925
2026-08-29T02:30Z,1343,gA,1.909
2026-08-29T02:30Z,1343,gB,1.599
2026-08-29T02:30Z,1344,gA,1.959
2026-08-29T02:30Z,1345,gA,1.955
2026-08-29T02:30Z,1345,gP,2.065
2026-08-29T02:30Z,1345,gB,1.615
2026-08-29T02:30Z,1346,gA,1.915
2026-08-29T02:30Z,1346,g98e5,1.885
2026-08-29T02:30Z,1346,gB,1.575
2026-08-29T02:30Z,1347,g95e5,1.775
2026-08-29T02:30Z,1347,gA,1.915
2026-08-29T02:30Z,1347,g98e5,1.915
2026-08-29T02:30Z,1347,gB,1.569
2026-08-29T02:30Z,1348,gA,1.929
2026-08-29T02:30Z,1349,g95e5,1.789
2026-08-29T02:30Z,1349,gA,1.925
2026-08-29T02:30Z,1352,gA,1.889
2026-08-29T02:30Z,1352,gP,1.979
2026-08-29T02:30Z,1353,gA,1.889
2026-08-29T02:30Z,1353,gP,1.979
2026-08-29T02:30Z,1362,gA,1.840
2026-08-29T02:30Z,1365,g95e5,1.785
2026-08-29T02:30Z,1365,gA,1.899
2026-08-29T02:30Z,1365,g98e5,1.905
2026-08-29T02:30Z,1365,gB,1.585
2026-08-29T02:30Z,1371,gA,1.919
2026-08-29T02:30Z,1376,gA,1.895
2026-08-29T02:30Z,1376,g98e5,1.919
2026-08-29T02:30Z,1376,gB,1.689
2026-08-29T02:30Z,1377,g98e5,1.919
2026-08-29T02:30Z,1377,gB,1.685
2026-08-29T02:30Z,1378,g95e5,1.809
2026-08-29T02:30Z,1378,gA,1.899
2026-08-29T02:30Z,1379,g95e5,1.815
2026-08-29T02:30Z,1379,gA,1.899
2026-08-29T02:30Z,1379,g98e5,1.985
2026-08-29T02:30Z,1381,gA,1.905
2026-08-29T02:30Z,1381,g98e5,1.995
2026-08-29T02:30Z,1383,gA,1.889
2026-08-29T02:30Z,1383,g98e5,1.969
2026-08-29T02:30Z,1385,gA,1.909
2026-08-29T02:30Z,1385,g98e5,1.895
2026-08-29T02:30Z,1385,gB,1.689
2026-08-29T02:30Z,1388,gA,1.875
2026-08-29T02:30Z,1388,gB,1.645
2026-08-29T02:30Z,1391,gA,1.895
2026-08-29T02:30Z,1391,gP,1.955
2026-08-29T02:30Z,1391,g98e5,1.909
2026-08-29T02:30Z,1394,gA,1.879
2026-08-29T02:30Z,1394,g98e5,1.939
2026-08-29T02:30Z,1394,gB,1.649
2026-08-29T02:30Z,1399,gA,1.909
2026-08-29T02:30Z,1399,g98e5,1.949
2026-08-29T02:30Z,1403,gA,1.909
2026-08-29T02:30Z,1403,g98e5,1.939
2026-08-29T02:30Z,1404,g95e5,1.755
2026-08-29T02:30Z,1404,gA,1.875
2026-08-29T02:30Z,1404,gP,1.985
2026-08-29T02:30Z,1404,gB,1.619
2026-08-29T02:30Z,1405,gA,1.919
2026-08-29T02:30Z,1405,gP,2.009
2026-08-29T02:30Z,1405,gB,1.629
2026-08-29T02:30Z,1409,gA,1.899
2026-08-29T02:30Z,1409,gB,1.705
2026-08-29T02:30Z,1410,gA,1.899
2026-08-29T02:30Z,1410,g98e5,1.939
2026-08-29T02:30Z,1410,gB,1.705
2026-08-29T02:30Z,1413,gA,1.895
2026-08-29T02:30Z,1413,g98e5,1.925
2026-08-29T02:30Z,1414,gA,1.895
2026-08-29T02:30Z,1414,g98e5,1.925
2026-08-29T02:30Z,1415,gA,1.895
2026-08-29T02:30Z,1415,g98e5,1.925
2026-08-29T02:30Z,1416,gA,1.895
2026-08-29T02:30Z,1416,g98e5,1.925
2026-08-29T02:30Z,1419,gA,1.895
2026-08-29T02:30Z,1419,gP,1.955
2026-08-29T02:30Z,1419,g98e5,1.909
2026-08-29T02:30Z,1419,gB,1.605
2026-08-29T02:30Z,1424,g95e5,1.785
2026-08-29T02:30Z,1424,gA,1.919
2026-08-29T02:30Z,1424,gP,2.029
2026-08-29T02:30Z,1424,g98e5,1.905
2026-08-29T02:30Z,1426,gA,1.895
2026-08-29T02:30Z,1428,g95e5,1.775
2026-08-29T02:30Z,1428,gA,1.915
2026-08-29T02:30Z,1428,g98e5,1.945
2026-08-29T02:30Z,1429,gA,1.895
2026-08-29T02:30Z,1429,g98e5,1.945
2026-08-29T02:30Z,1430,gA,1.895
2026-08-29T02:30Z,1430,g98e5,1.945
2026-08-29T02:30Z,1433,gA,1.879
2026-08-29T02:30Z,1433,gB,1.645
2026-08-29T02:30Z,1439,gA,1.899
2026-08-29T02:30Z,1439,g98e5,1.969
2026-08-29T02:30Z,1440,gA,1.899
2026-08-29T02:30Z,1440,g98e5,1.969
2026-08-29T02:30Z,1443,g95e5,1.785
2026-08-29T02:30Z,1443,gA,1.915
2026-08-29T02:30Z,1443,gP,2.025
2026-08-29T02:30Z,1446,gA,1.875
2026-08-29T02:30Z,1446,g98e5,1.939
2026-08-29T02:30Z,1448,g95e5,1.809
2026-08-29T02:30Z,1448,gA,1.939
2026-08-29T02:30Z,1448,g98e5,1.979
2026-08-29T02:30Z,1448,gB,1.685
2026-08-29T02:30Z,1449,g95e5,1.809
2026-08-29T02:30Z,1449,gA,1.909
2026-08-29T02:30Z,1449,g98e5,1.929
2026-08-29T02:30Z,1452,g95e5,1.789
2026-08-29T02:30Z,1452,gA,1.915
2026-08-29T02:30Z,1452,g98e5,1.959
2026-08-29T02:30Z,1452,gB,1.645
2026-08-29T02:30Z,1454,gA,1.905
2026-08-29T02:30Z,1454,g98e5,1.985
2026-08-29T02:30Z,1455,g95e5,1.749
2026-08-29T02:30Z,1455,gA,1.875
2026-08-29T02:30Z,1455,gB,1.585
2026-08-29T02:30Z,1471,gA,1.859
2026-08-29T02:30Z,1474,gA,1.905
2026-08-29T02:30Z,1474,g98e5,1.969
2026-08-29T02:30Z,1475,gA,1.905
2026-08-29T02:30Z,1475,gB,1.649
2026-08-29T02:30Z,1478,gA,1.889
2026-08-29T02:30Z,1478,g98e5,1.939
2026-08-29T02:30Z,1487,g95e5,1.814
2026-08-29T02:30Z,1489,gA,1.919
2026-08-29T02:30Z,1489,gP,2.009
2026-08-29T02:30Z,1489,gB,1.729
2026-08-29T02:30Z,1490,g95e5,1.814
2026-08-29T02:30Z,1490,g95e5p,1.909
2026-08-29T02:30Z,1500,gA,1.909
2026-08-29T02:30Z,1500,gP,2.009
2026-08-29T02:30Z,1503,g95e5,1.814
2026-08-29T02:30Z,1503,g95e5p,1.909
2026-08-29T02:30Z,1504,g95e5,1.765
2026-08-29T02:30Z,1504,gA,1.895
2026-08-29T02:30Z,1504,g98e5,1.935
2026-08-29T02:30Z,1504,gB,1.585
2026-08-29T02:30Z,1510,gA,1.899
2026-08-29T02:30Z,1510,g98e5,1.875
2026-08-29T02:30Z,1511,gA,1.909
2026-08-29T02:30Z,1511,gP,2.019
2026-08-29T02:30Z,1511,g98e5,1.929
2026-08-29T02:30Z,1511,gB,1.615
2026-08-29T02:30Z,1512,gA,1.909
2026-08-29T02:30Z,1512,gP,2.019
2026-08-29T02:30Z,1516,gA,1.925
2026-08-29T02:30Z,1516,g98e5,2.005
2026-08-29T02:30Z,1517,gA,1.885
2026-08-29T02:30Z,1517,g98e5,1.939
2026-08-29T02:30Z,1519,gA,1.915
2026-08-29T02:30Z,1519,gP,1.975
2026-08-29T02:30Z,1520,gA,1.915
2026-08-29T02:30Z,1520,gP,1.975
2026-08-29T02:30Z,1521,gA,1.905
2026-08-29T02:30Z,1521,g98e5,1.969
2026-08-29T02:30Z,1522,gA,1.905
2026-08-29T02:30Z,1522,g98e5,1.969
2026-08-29T02:30Z,1523,gA,1.889
2026-08-29T02:30Z,1530,gA,1.879
2026-08-29T02:30Z,1530,gB,1.685
2026-08-29T02:30Z,1531,gA,1.875
2026-08-29T02:30Z,1531,gB,1.645
2026-08-29T02:30Z,1532,g95e5,1.749
2026-08-29T02:30Z,1532,gA,1.879
2026-08-29T02:30Z,1532,gB,1.585
2026-08-29T02:30Z,1534,gA,1.875
2026-08-29T02:30Z,1535,g95e5,1.799
2026-08-29T02:30Z,1535,gA,1.899
2026-08-29T02:30Z,1535,g98e5,1.969
2026-08-29T02:30Z,1540,gA,1.929
2026-08-29T02:30Z,1590,gA,1.939
2026-08-29T02:30Z,1590,gP,2.029
2026-08-29T02:30Z,1594,gB,1.729
2026-08-29T02:30Z,1637,g95e5,1.769
2026-08-29T02:30Z,1637,gA,1.939
2026-08-29T02:30Z,1637,g98e5,1.889
2026-08-29T02:30Z,1670,g95e5,1.535
2026-08-29T02:30Z,1671,g95e5,1.599
2026-08-29T02:30Z,1671,gA,1.699
2026-08-29T02:30Z,1671,g98e5,1.699
2026-08-29T02:30Z,1671,bio,1.669
2026-08-29T02:30Z,1674,g95e5,1.535
2026-08-29T02:30Z,1675,g95e5,1.535
2026-08-29T02:30Z,1699,g95e5,1.784
2026-08-29T02:30Z,1699,g98e5,1.904
2026-08-29T02:30Z,1700,gA,1.969
2026-08-29T02:30Z,1700,gP,2.029
2026-08-29T02:30Z,1701,gA,1.909
2026-08-29T02:30Z,1701,gP,1.999
2026-08-29T02:30Z,1776,gA,1.949
2026-08-29T02:30Z,1776,gP,2.039
2026-08-29T02:30Z,1780,gA,1.969
2026-08-29T02:30Z,1780,gP,2.049
2026-08-29T02:30Z,1784,gA,1.969
2026-08-29T02:30Z,1784,gP,2.059
2026-08-29T02:30Z,1792,g95e5,1.799
2026-08-29T02:30Z,1792,gA,1.929
2026-08-29T02:30Z,1792,gP,2.019
2026-08-29T02:30Z,1792,g98e5,1.939
2026-08-29T02:30Z,1793,gA,1.909
2026-08-29T02:30Z,1793,gP,1.969
2026-08-29T02:30Z,1793,g98e5,1.905
2026-08-29T02:30Z,1797,gA,1.949
2026-08-29T02:30Z,1797,g98e5,1.929
2026-08-29T02:30Z,1798,gA,1.935
2026-08-29T02:30Z,1800,gA,1.949
2026-08-29T02:30Z,1800,gP,2.009
2026-08-29T02:30Z,1800,g98e5,1.865
2026-08-29T02:30Z,1801,gA,1.949
2026-08-29T02:30Z,1801,gP,2.009
2026-08-29T02:30Z,1801,g98e5,1.865
2026-08-29T02:30Z,1802,gA,1.909
2026-08-29T02:30Z,1802,gP,1.999
2026-08-29T02:30Z,1805,gA,1.895
2026-08-29T02:30Z,1806,gA,1.949
2026-08-29T02:30Z,1806,g98e5,1.909
2026-08-29T02:30Z,1807,gA,1.905
2026-08-29T02:30Z,1807,gP,1.965
2026-08-29T02:30Z,1807,g98e5,1.959
2026-08-29T02:30Z,1808,g98e5,1.899
2026-08-29T02:30Z,1813,g95e5,1.845
2026-08-29T02:30Z,1813,gA,1.909
2026-08-29T02:30Z,1813,gP,1.969
2026-08-29T02:30Z,1813,g98e5,1.965
2026-08-29T02:30Z,1815,gA,1.949
2026-08-29T02:30Z,1815,gP,2.009
2026-08-29T02:30Z,1815,g98e5,1.889
2026-08-29T02:30Z,1818,g95e5,1.839
2026-08-29T02:30Z,1818,gA,1.909
2026-08-29T02:30Z,1818,gP,1.969
2026-08-29T02:30Z,1818,g98e5,1.959
2026-08-29T02:30Z,1819,gA,1.965
2026-08-29T02:30Z,1819,g98e5,1.905
2026-08-29T02:30Z,1824,gA,1.885
2026-08-29T02:30Z,1824,gP,1.945
2026-08-29T02:30Z,1824,g98e5,1.939
2026-08-29T02:30Z,1825,gA,1.905
2026-08-29T02:30Z,1825,gP,1.965
2026-08-29T02:30Z,1827,g95e5,1.779
2026-08-29T02:30Z,1827,gA,1.955
2026-08-29T02:30Z,1827,g98e5,1.949
2026-08-29T02:30Z,1828,g95e5,1.859
2026-08-29T02:30Z,1828,gA,1.919
2026-08-29T02:30Z,1828,gP,2.029
2026-08-29T02:30Z,1828,g98e5,1.979
2026-08-29T02:30Z,1829,gA,1.915
2026-08-29T02:30Z,1829,gP,1.975
2026-08-29T02:30Z,1829,g98e5,1.855
2026-08-29T02:30Z,1833,gA,1.935
2026-08-29T02:30Z,1833,gP,2.035
2026-08-29T02:30Z,1833,g98e5,1.959
2026-08-29T02:30Z,1834,gA,1.989
2026-08-29T02:30Z,1834,gP,2.059
2026-08-29T02:30Z,1835,gA,1.959
2026-08-29T02:30Z,1835,g98e5,1.909
2026-08-29T02:30Z,1838,g95e5,1.745
2026-08-29T02:30Z,1838,gA,1.889
2026-08-29T02:30Z,1838,gP,1.949
2026-08-29T02:30Z,1842,g95e5,1.755
2026-08-29T02:30Z,1842,gA,1.939
2026-08-29T02:30Z,1842,g98e5,1.875
2026-08-29T02:30Z,1844,gA,1.959
2026-08-29T02:30Z,1844,g98e5,1.935
2026-08-29T02:30Z,1851,g95e5,1.769
2026-08-29T02:30Z,1851,gA,1.945
2026-08-29T02:30Z,1851,g98e5,1.889
2026-08-29T02:30Z,1851,g95e5p,1.839
2026-08-29T02:30Z,1854,gA,1.935
2026-08-29T02:30Z,1854,gP,1.995
2026-08-29T02:30Z,1854,g98e5,1.915
2026-08-29T02:30Z,1855,gA,1.949
2026-08-29T02:30Z,1855,gP,2.009
2026-08-29T02:30Z,1855,g98e5,1.915
2026-08-29T02:30Z,1856,g95e5,1.765
2026-08-29T02:30Z,1856,gA,1.975
2026-08-29T02:30Z,1856,g98e5,1.885
2026-08-29T02:30Z,1856,g95e5p,1.835
2026-08-29T02:30Z,1856,gB,1.649
2026-08-29T02:30Z,1867,gA,1.955
2026-08-29T02:30Z,1867,gP,2.015
2026-08-29T02:30Z,1867,g98e5,1.935
2026-08-29T02:30Z,1868,gA,1.939
2026-08-29T02:30Z,1868,g98e5,1.899
2026-08-29T02:30Z,1885,g95e5,1.855
2026-08-29T02:30Z,1885,gA,1.939
2026-08-29T02:30Z,1885,gP,1.999
2026-08-29T02:30Z,1885,g98e5,2.015
2026-08-29T02:30Z,1885,gB,1.579
2026-08-29T02:30Z,1886,gA,1.935
2026-08-29T02:30Z,1886,gP,2.025
2026-08-29T02:30Z,1896,gA,1.899
2026-08-29T02:30Z,1896,gP,1.989
2026-08-29T02:30Z,1899,g95e5,1.839
2026-08-29T02:30Z,1899,gA,1.909
2026-08-29T02:30Z,1899,gP,1.999
2026-08-29T02:30Z,1899,g98e5,1.979
2026-08-29T02:30Z,1913,g95e5,1.589
2026-08-29T02:30Z,1913,gA,1.789
2026-08-29T02:30Z,1936,gA,1.919
2026-08-29T02:30Z,1936,gP,2.009
2026-08-29T02:30Z,1965,gP,2.039
2026-08-29T02:30Z,1973,gA,1.935
2026-08-29T02:30Z,1973,g98e5,1.939
2026-08-29T02:30Z,1976,g95e5,1.809
2026-08-29T02:30Z,1976,gA,1.909
2026-08-29T02:30Z,1976,g98e5,1.929
2026-08-29T02:30Z,1976,gB,1.679
2026-08-29T02:30Z,1977,g95e5,1.809
2026-08-29T02:30Z,1977,gA,1.909
2026-08-29T02:30Z,1977,g98e5,1.929
2026-08-29T02:30Z,1977,gB,1.679
2026-08-29T02:30Z,1979,gA,1.908
2026-08-29T02:30Z,1980,g95e5,1.789
2026-08-29T02:30Z,1980,gA,1.899
2026-08-29T02:30Z,1980,g98e5,1.899
2026-08-29T02:30Z,1980,glp,1.119
2026-08-29T02:30Z,1982,gA,1.895
2026-08-29T02:30Z,1982,g98e5,1.959
2026-08-29T02:30Z,1986,gA,1.899
2026-08-29T02:30Z,1986,g98e5,1.939
2026-08-29T02:30Z,2006,gA,1.959
2026-08-29T02:30Z,2006,g98e5,1.909
2026-08-29T02:30Z,2026,gA,1.895
2026-08-29T02:30Z,2026,gP,2.005
2026-08-29T02:30Z,2026,g98e5,1.959
2026-08-29T02:30Z,2054,gA,1.989
2026-08-29T02:30Z,2054,gP,2.039
2026-08-29T02:30Z,2060,gA,1.915
2026-08-29T02:30Z,2060,gP,2.005
2026-08-29T02:30Z,2063,g95e5,1.769
2026-08-29T02:30Z,2063,gA,1.939
2026-08-29T02:30Z,2063,gP,1.999
2026-08-29T02:30Z,2063,g98e5,1.939
2026-08-29T02:30Z,2064,gA,1.945
2026-08-29T02:30Z,2064,gP,2.005
2026-08-29T02:30Z,2064,g98e5,1.909
2026-08-29T02:30Z,2067,gA,1.919
2026-08-29T02:30Z,2067,gP,2.029
2026-08-29T02:30Z,2067,g98e5,1.949
2026-08-29T02:30Z,2068,gA,1.919
2026-08-29T02:30Z,2068,gP,2.029
2026-08-29T02:30Z,2068,g98e5,1.949
2026-08-29T02:30Z,2070,g95e5,1.855
2026-08-29T02:30Z,2070,gP,2.045
2026-08-29T02:30Z,2070,g98e5,1.975
2026-08-29T02:30Z,2071,g95e5,1.849
2026-08-29T02:30Z,2071,gA,1.909
2026-08-29T02:30Z,2071,gP,2.019
2026-08-29T02:30Z,2071,g98e5,1.969
2026-08-29T02:30Z,2074,g95e5,1.789
2026-08-29T02:30Z,2074,gA,1.939
2026-08-29T02:30Z,2074,gP,2.029
2026-08-29T02:30Z,2074,g98e5,1.929
2026-08-29T02:30Z,2075,gA,1.929
2026-08-29T02:30Z,2075,gP,2.039
2026-08-29T02:30Z,2075,g98e5,1.955
2026-08-29T02:30Z,2076,gA,1.929
2026-08-29T02:30Z,2076,gP,2.039
2026-08-29T02:30Z,2076,g98e5,1.955
2026-08-29T02:30Z,2079,gA,1.965
2026-08-29T02:30Z,2079,g98e5,1.915
2026-08-29T02:30Z,2079,gB,1.675
2026-08-29T02:30Z,2080,g95e5,1.789
2026-08-29T02:30Z,2080,gA,1.939
2026-08-29T02:30Z,2080,gP,2.029
2026-08-29T02:30Z,2080,g98e5,1.929
2026-08-29T02:30Z,2081,gA,1.965
2026-08-29T02:30Z,2081,g98e5,1.909
2026-08-29T02:30Z,2083,gA,1.965
2026-08-29T02:30Z,2084,gA,1.939
2026-08-29T02:30Z,2084,g98e5,1.885
2026-08-29T02:30Z,2085,gA,1.929
2026-08-29T02:30Z,2085,gP,1.989
2026-08-29T02:30Z,2085,g98e5,1.925
2026-08-29T02:30Z,2090,gA,1.929
2026-08-29T02:30Z,2093,g95e5,1.554
2026-08-29T02:30Z,2095,gA,1.939
2026-08-29T02:30Z,2095,gP,1.999
2026-08-29T02:30Z,2099,gA,1.899
2026-08-29T02:30Z,2099,gP,1.959
2026-08-29T02:30Z,2099,g98e5,1.905
2026-08-29T02:30Z,2100,gA,1.999
2026-08-29T02:30Z,2100,gP,2.059
2026-08-29T02:30Z,2109,g95e5,1.769
2026-08-29T02:30Z,2109,gA,1.899
2026-08-29T02:30Z,2109,gP,1.989
2026-08-29T02:30Z,2109,g98e5,1.909
2026-08-29T02:30Z,2112,gA,1.889
2026-08-29T02:30Z,2112,gP,1.979
2026-08-29T02:30Z,2116,gA,1.939
2026-08-29T02:30Z,2116,gP,2.009
2026-08-29T02:30Z,2116,gB,1.729
2026-08-29T02:30Z,2117,g95e5,1.779
2026-08-29T02:30Z,2117,gA,1.909
2026-08-29T02:30Z,2117,gP,1.979
2026-08-29T02:30Z,2117,gB,1.705
2026-08-29T02:30Z,2129,gA,1.915
2026-08-29T02:30Z,2132,g95e5,1.789
2026-08-29T02:30Z,2132,gA,1.939
2026-08-29T02:30Z,2132,g98e5,1.909
2026-08-29T02:30Z,2133,gA,1.895
2026-08-29T02:30Z,2133,g98e5,1.869
2026-08-29T02:30Z,2134,gA,1.909
2026-08-29T02:30Z,2136,g95e5,1.565
2026-08-29T02:30Z,2136,g98e5,1.735
2026-08-29T02:30Z,2140,g95e5,1.799
2026-08-29T02:30Z,2140,gA,1.919
2026-08-29T02:30Z,2141,g95e5,1.809
2026-08-29T02:30Z,2141,g98e5,1.939
2026-08-29T02:30Z,2144,gA,1.889
2026-08-29T02:30Z,2144,gP,1.979
2026-08-29T02:30Z,2148,gA,1.889
2026-08-29T02:30Z,2148,gP,1.979
2026-08-29T02:30Z,2153,gA,1.919
2026-08-29T02:30Z,2153,gP,2.009
2026-08-29T02:30Z,2156,gA,1.925
2026-08-29T02:30Z,2158,gA,1.935
2026-08-29T02:30Z,2158,g98e5,1.909
2026-08-29T02:30Z,2160,gA,1.895
2026-08-29T02:30Z,2160,g98e5,1.919
2026-08-29T02:30Z,2161,gA,1.899
2026-08-29T02:30Z,2161,gP,1.959
2026-08-29T02:30Z,2161,g98e5,1.869
2026-08-29T02:30Z,2161,gB,1.679
2026-08-29T02:30Z,2166,g95e5,1.759
2026-08-29T02:30Z,2166,gA,1.879
2026-08-29T02:30Z,2169,gA,1.899
2026-08-29T02:30Z,2169,g98e5,1.889
2026-08-29T02:30Z,2171,g95e5,1.779
2026-08-29T02:30Z,2171,gA,1.899
2026-08-29T02:30Z,2171,gB,1.699
2026-08-29T02:30Z,2172,gA,1.919
2026-08-29T02:30Z,2172,g98e5,1.905
2026-08-29T02:30Z,2173,gA,1.915
2026-08-29T02:30Z,2173,g98e5,1.869
2026-08-29T02:30Z,2174,gA,1.915
2026-08-29T02:30Z,2174,g98e5,1.869
2026-08-29T02:30Z,2178,g95e5,1.565
2026-08-29T02:30Z,2178,g98e5,1.735
2026-08-29T02:30Z,2179,gA,1.909
2026-08-29T02:30Z,2179,g98e5,1.869
2026-08-29T02:30Z,2189,g95e5,1.769
2026-08-29T02:30Z,2189,gA,1.895
2026-08-29T02:30Z,2189,g98e5,1.889
2026-08-29T02:30Z,2196,g95e5,1.794
2026-08-29T02:30Z,2196,g98e5,1.874
2026-08-29T02:30Z,2196,g95e5p,1.839
2026-08-29T02:30Z,2197,g95e5,1.794
2026-08-29T02:30Z,2197,g98e5,1.924
2026-08-29T02:30Z,2198,g95e5,1.794
2026-08-29T02:30Z,2198,g95e5p,1.879
2026-08-29T02:30Z,2204,g95e5,1.774
2026-08-29T02:30Z,2204,g95e5p,1.849
2026-08-29T02:30Z,2205,gA,1.939
2026-08-29T02:30Z,2205,gP,2.009
2026-08-29T02:30Z,2206,gA,1.889
2026-08-29T02:30Z,2206,gP,1.981
2026-08-29T02:30Z,2206,g98e5,1.909
2026-08-29T02:30Z,2210,g95e5,1.779
2026-08-29T02:30Z,2210,gA,1.935
2026-08-29T02:30Z,2210,g98e5,1.949
2026-08-29T02:30Z,2210,g95e5p,1.839
2026-08-29T02:30Z,2213,gA,1.959
2026-08-29T02:30Z,2213,g98e5,1.945
2026-08-29T02:30Z,2214,gA,1.955
2026-08-29T02:30Z,2214,g98e5,1.899
2026-08-29T02:30Z,2215,g95e5,1.785
2026-08-29T02:30Z,2215,gA,1.955
2026-08-29T02:30Z,2215,g98e5,1.905
2026-08-29T02:30Z,2218,g95e5,1.779
2026-08-29T02:30Z,2218,gA,1.949
2026-08-29T02:30Z,2218,gP,2.009
2026-08-29T02:30Z,2218,g98e5,1.899
2026-08-29T02:30Z,2219,g95e5,1.765
2026-08-29T02:30Z,2219,gA,1.939
2026-08-29T02:30Z,2221,gA,1.939
2026-08-29T02:30Z,2221,g98e5,1.909
2026-08-29T02:30Z,2222,gA,1.919
2026-08-29T02:30Z,2222,gP,1.979
2026-08-29T02:30Z,2223,gA,1.955
2026-08-29T02:30Z,2223,g98e5,1.889
2026-08-29T02:30Z,2224,gA,1.949
2026-08-29T02:30Z,2224,g98e5,1.905
2026-08-29T02:30Z,2225,gA,1.935
2026-08-29T02:30Z,2225,gP,2.025
2026-08-29T02:30Z,2226,g95e5,1.794
2026-08-29T02:30Z,2226,g95e5p,1.869
2026-08-29T02:30Z,2231,gA,1.939
2026-08-29T02:30Z,2231,g98e5,1.979
2026-08-29T02:30Z,2231,gB,1.749
2026-08-29T02:30Z,2233,gA,1.959
2026-08-29T02:30Z,2233,g98e5,1.905
2026-08-29T02:30Z,2237,gA,1.955
2026-08-29T02:30Z,2237,g98e5,1.909
2026-08-29T02:30Z,2238,gA,1.959
2026-08-29T02:30Z,2238,g98e5,1.905
2026-08-29T02:30Z,2239,g95e5,1.755
2026-08-29T02:30Z,2239,gA,1.909
2026-08-29T02:30Z,2239,gP,1.969
2026-08-29T02:30Z,2239,g98e5,1.925
2026-08-29T02:30Z,2241,g95e5,1.779
2026-08-29T02:30Z,2241,gA,1.959
2026-08-29T02:30Z,2241,g98e5,1.909
2026-08-29T02:30Z,2241,gnc,1.739
2026-08-29T02:30Z,2241,gB,1.655
2026-08-29T02:30Z,2243,gA,1.929
2026-08-29T02:30Z,2243,g98e5,1.909
2026-08-29T02:30Z,2249,g95e5,1.829
2026-08-29T02:30Z,2249,gA,1.919
2026-08-29T02:30Z,2249,gP,2.009
2026-08-29T02:30Z,2249,g98e5,1.969
2026-08-29T02:30Z,2253,gA,1.929
2026-08-29T02:30Z,2255,gA,1.949
2026-08-29T02:30Z,2255,g98e5,1.919
2026-08-29T02:30Z,2257,g95e5,1.755
2026-08-29T02:30Z,2257,gA,1.905
2026-08-29T02:30Z,2257,g98e5,1.875
2026-08-29T02:30Z,2266,g95e5,1.839
2026-08-29T02:30Z,2266,gA,1.889
2026-08-29T02:30Z,2266,gP,1.979
2026-08-29T02:30Z,2266,g98e5,1.979
2026-08-29T02:30Z,2269,gA,1.917
2026-08-29T02:30Z,2270,gA,1.925
2026-08-29T02:30Z,2270,gP,2.035
2026-08-29T02:30Z,2270,g98e5,1.925
2026-08-29T02:30Z,2273,gA,1.939
2026-08-29T02:30Z,2273,gP,1.999
2026-08-29T02:30Z,2273,g98e5,1.959
2026-08-29T02:30Z,2275,gA,1.965
2026-08-29T02:30Z,2275,gP,2.025
2026-08-29T02:30Z,2275,g98e5,1.925
2026-08-29T02:30Z,2276,gA,1.909
2026-08-29T02:30Z,2276,gP,1.989
2026-08-29T02:30Z,2285,g95e5,1.735
2026-08-29T02:30Z,2285,gA,1.915
2026-08-29T02:30Z,2285,g98e5,1.855
2026-08-29T02:30Z,2285,g95e5p,1.805
2026-08-29T02:30Z,2286,gA,1.949
2026-08-29T02:30Z,2286,gP,2.049
2026-08-29T02:30Z,2288,gA,1.895
2026-08-29T02:30Z,2288,gP,1.955
2026-08-29T02:30Z,2290,gA,1.959
2026-08-29T02:30Z,2290,g98e5,1.895
2026-08-29T02:30Z,2292,g95e5,1.769
2026-08-29T02:30Z,2292,gA,1.939
2026-08-29T02:30Z,2292,gP,1.999
2026-08-29T02:30Z,2292,g98e5,1.889
2026-08-29T02:30Z,2294,gA,1.895
2026-08-29T02:30Z,2294,gP,1.955
2026-08-29T02:30Z,2294,g98e5,1.959
2026-08-29T02:30Z,2296,gA,1.925
2026-08-29T02:30Z,2296,g98e5,1.879
2026-08-29T02:30Z,2298,gA,1.905
2026-08-29T02:30Z,2298,gP,1.965
2026-08-29T02:30Z,2298,g98e5,1.909
2026-08-29T02:30Z,2300,gA,1.965
2026-08-29T02:30Z,2300,g98e5,1.895
2026-08-29T02:30Z,2301,gA,1.945
2026-08-29T02:30Z,2301,g98e5,1.899
2026-08-29T02:30Z,2304,gA,1.939
2026-08-29T02:30Z,2304,g98e5,1.935
2026-08-29T02:30Z,2305,gA,1.965
2026-08-29T02:30Z,2305,g98e5,1.909
2026-08-29T02:30Z,2306,gA,1.959
2026-08-29T02:30Z,2306,gP,2.049
2026-08-29T02:30Z,2307,gA,1.955
2026-08-29T02:30Z,2307,gP,2.015
2026-08-29T02:30Z,2307,g98e5,1.885
2026-08-29T02:30Z,2309,gA,1.919
2026-08-29T02:30Z,2309,gP,1.979
2026-08-29T02:30Z,2311,g95e5,1.825
2026-08-29T02:30Z,2311,gA,1.889
2026-08-29T02:30Z,2311,gP,1.969
2026-08-29T02:30Z,2311,g98e5,1.945
2026-08-29T02:30Z,2311,g95e5p,1.895
2026-08-29T02:30Z,2312,gA,1.945
2026-08-29T02:30Z,2312,gP,2.005
2026-08-29T02:30Z,2312,g98e5,1.945
2026-08-29T02:30Z,2316,gA,1.935
2026-08-29T02:30Z,2316,gP,2.045
2026-08-29T02:30Z,2316,g98e5,1.935
2026-08-29T02:30Z,2316,gB,1.715
2026-08-29T02:30Z,2318,gA,1.949
2026-08-29T02:30Z,2318,gP,2.039
2026-08-29T02:30Z,2322,gA,1.955
2026-08-29T02:30Z,2322,g98e5,1.949
2026-08-29T02:30Z,2323,gA,1.959
2026-08-29T02:30Z,2323,g98e5,1.939
2026-08-29T02:30Z,2328,g95e5,1.739
2026-08-29T02:30Z,2328,gA,1.909
2026-08-29T02:30Z,2328,gP,1.969
2026-08-29T02:30Z,2328,g98e5,1.909
2026-08-29T02:30Z,2330,gA,1.885
2026-08-29T02:30Z,2330,gP,1.945
2026-08-29T02:30Z,2331,gA,1.955
2026-08-29T02:30Z,2332,gA,1.899
2026-08-29T02:30Z,2333,gA,1.955
2026-08-29T02:30Z,2333,gP,2.045
2026-08-29T02:30Z,2334,gA,1.965
2026-08-29T02:30Z,2334,g98e5,1.935
2026-08-29T02:30Z,2335,gA,1.945
2026-08-29T02:30Z,2335,g98e5,1.905
2026-08-29T02:30Z,2340,gA,1.989
2026-08-29T02:30Z,2340,gP,2.059
2026-08-29T02:30Z,2341,gA,1.919
2026-08-29T02:30Z,2341,g98e5,1.949
2026-08-29T02:30Z,2341,gB,1.725
2026-08-29T02:30Z,2342,gA,1.959
2026-08-29T02:30Z,2342,g98e5,1.935
2026-08-29T02:30Z,2344,gA,1.959
2026-08-29T02:30Z,2344,g98e5,1.895
2026-08-29T02:30Z,2345,gA,1.899
2026-08-29T02:30Z,2345,gP,1.959
2026-08-29T02:30Z,2345,g98e5,1.909
2026-08-29T02:30Z,2346,gA,1.899
2026-08-29T02:30Z,2346,gP,1.959
2026-08-29T02:30Z,2346,g98e5,1.909
2026-08-29T02:30Z,2349,g95e5,1.735
2026-08-29T02:30Z,2349,gA,1.909
2026-08-29T02:30Z,2349,gP,1.969
2026-08-29T02:30Z,2349,g98e5,1.905
2026-08-29T02:30Z,2349,g95e5p,1.795
2026-08-29T02:30Z,2350,gA,1.895
2026-08-29T02:30Z,2350,g98e5,1.855
2026-08-29T02:30Z,2350,gB,1.555
2026-08-29T02:30Z,2352,gA,1.909
2026-08-29T02:30Z,2352,gP,1.999
2026-08-29T02:30Z,2352,g98e5,1.945
2026-08-29T02:30Z,2354,gA,1.909
2026-08-29T02:30Z,2354,gP,1.999
2026-08-29T02:30Z,2359,g95e5,1.779
2026-08-29T02:30Z,2359,gA,1.905
2026-08-29T02:30Z,2359,gB,1.669
2026-08-29T02:30Z,2364,gA,1.909
2026-08-29T02:30Z,2364,gP,1.999
2026-08-29T02:30Z,2364,g98e5,1.899
2026-08-29T02:30Z,2365,g95e5,1.795
2026-08-29T02:30Z,2365,gA,1.919
2026-08-29T02:30Z,2365,g98e5,1.915
2026-08-29T02:30Z,2367,g95e5,1.795
2026-08-29T02:30Z,2367,gA,1.909
2026-08-29T02:30Z,2367,g98e5,1.915
2026-08-29T02:30Z,2367,g95e5p,1.875
2026-08-29T02:30Z,2369,g95e5,1.755
2026-08-29T02:30Z,2370,gA,1.889
2026-08-29T02:30Z,2370,g98e5,1.945
2026-08-29T02:30Z,2371,g95e5,1.785
2026-08-29T02:30Z,2371,gA,1.909
2026-08-29T02:30Z,2377,gA,1.899
2026-08-29T02:30Z,2377,g98e5,1.899
2026-08-29T02:30Z,2378,gA,1.899
2026-08-29T02:30Z,2378,gP,1.979
2026-08-29T02:30Z,2378,g98e5,1.899
2026-08-29T02:30Z,2379,gA,1.899
2026-08-29T02:30Z,2379,g98e5,1.899
2026-08-29T02:30Z,2380,gA,1.899
2026-08-29T02:30Z,2380,gP,1.979
2026-08-29T02:30Z,2380,g98e5,1.899
2026-08-29T02:30Z,2381,gA,1.899
2026-08-29T02:30Z,2381,gP,1.979
2026-08-29T02:30Z,2381,g98e5,1.899
2026-08-29T02:30Z,2383,g95e5,1.749
2026-08-29T02:30Z,2383,gA,1.895
2026-08-29T02:30Z,2383,gP,2.005
2026-08-29T02:30Z,2383,gB,1.705
2026-08-29T02:30Z,2390,g95e5,1.785
2026-08-29T02:30Z,2390,gA,1.899
2026-08-29T02:30Z,2390,gP,2.009
2026-08-29T02:30Z,2390,g98e5,1.955
2026-08-29T02:30Z,2391,gA,1.889
2026-08-29T02:30Z,2391,g98e5,1.945
2026-08-29T02:30Z,2391,gB,1.705
2026-08-29T02:30Z,2392,g95e5,1.755
2026-08-29T02:30Z,2393,g95e5,1.749
2026-08-29T02:30Z,2393,gA,1.879
2026-08-29T02:30Z,2393,gP,1.989
2026-08-29T02:30Z,2393,gB,1.705
2026-08-29T02:30Z,2396,gA,1.895
2026-08-29T02:30Z,2397,gA,1.899
2026-08-29T02:30Z,2397,gP,2.009
2026-08-29T02:30Z,2397,gB,1.679
2026-08-29T02:30Z,2410,gA,1.969
2026-08-29T02:30Z,2414,g95e5,1.779
2026-08-29T02:30Z,2414,g98e5,1.919
2026-08-29T02:30Z,2418,gA,1.955
2026-08-29T02:30Z,2418,gP,2.045
2026-08-29T02:30Z,2423,gA,1.965
2026-08-29T02:30Z,2423,g98e5,1.905
2026-08-29T02:30Z,2425,g95e5,1.789
2026-08-29T02:30Z,2425,gA,1.939
2026-08-29T02:30Z,2425,gP,2.029
2026-08-29T02:30Z,2425,g98e5,1.929
2026-08-29T02:30Z,2426,gA,1.919
2026-08-29T02:30Z,2426,g98e5,1.925
2026-08-29T02:30Z,2431,gA,1.899
2026-08-29T02:30Z,2431,gP,1.979
2026-08-29T02:30Z,2440,gA,1.934
2026-08-29T02:30Z,2440,gP,2.024
2026-08-29T02:30Z,2441,g95e5,1.769
2026-08-29T02:30Z,2441,gA,1.935
2026-08-29T02:30Z,2441,gP,2.025
2026-08-29T02:30Z,2441,g98e5,1.909
2026-08-29T02:30Z,2442,gA,1.949
2026-08-29T02:30Z,2442,gP,2.009
2026-08-29T02:30Z,2442,g98e5,1.949
2026-08-29T02:30Z,2445,gA,1.935
2026-08-29T02:30Z,2445,gP,1.995
2026-08-29T02:30Z,2449,gA,1.915
2026-08-29T02:30Z,2452,g95e5,1.799
2026-08-29T02:30Z,2452,gA,1.969
2026-08-29T02:30Z,2452,g98e5,1.919
2026-08-29T02:30Z,2453,g95e5,1.769
2026-08-29T02:30Z,2453,gA,1.899
2026-08-29T02:30Z,2453,gP,1.959
2026-08-29T02:30Z,2453,g98e5,1.939
2026-08-29T02:30Z,2453,gB,1.555
2026-08-29T02:30Z,2458,gA,1.915
2026-08-29T02:30Z,2458,gP,1.975
2026-08-29T02:30Z,2458,g98e5,1.879
2026-08-29T02:30Z,2460,g95e5,1.749
2026-08-29T02:30Z,2460,gA,1.945
2026-08-29T02:30Z,2460,gP,2.005
2026-08-29T02:30Z,2460,g98e5,1.869
2026-08-29T02:30Z,2461,gA,1.939
2026-08-29T02:30Z,2461,gP,1.999
2026-08-29T02:30Z,2461,g98e5,1.909
2026-08-29T02:30Z,2461,gB,1.599
2026-08-29T02:30Z,2462,gA,1.915
2026-08-29T02:30Z,2462,gP,2.025
2026-08-29T02:30Z,2462,g98e5,1.939
2026-08-29T02:30Z,2467,gA,1.955
2026-08-29T02:30Z,2467,g98e5,1.905
2026-08-29T02:30Z,2470,gA,1.955
2026-08-29T02:30Z,2470,g98e5,1.905
2026-08-29T02:30Z,2472,g95e5,1.765
2026-08-29T02:30Z,2472,gA,1.949
2026-08-29T02:30Z,2473,gA,1.909
2026-08-29T02:30Z,2473,gP,1.969
2026-08-29T02:30Z,2473,g98e5,1.915
2026-08-29T02:30Z,2474,gA,1.909
2026-08-29T02:30Z,2474,gP,1.969
2026-08-29T02:30Z,2474,g98e5,1.915
2026-08-29T02:30Z,2475,gA,1.925
2026-08-29T02:30Z,2475,gP,2.015
2026-08-29T02:30Z,2476,gA,1.895
2026-08-29T02:30Z,2476,gP,1.955
2026-08-29T02:30Z,2477,gA,1.949
2026-08-29T02:30Z,2478,gA,1.919
2026-08-29T02:30Z,2478,gP,2.029
2026-08-29T02:30Z,2478,g98e5,2.015
2026-08-29T02:30Z,2480,g95e5,1.785
2026-08-29T02:30Z,2480,gA,1.955
2026-08-29T02:30Z,2480,g98e5,1.955
2026-08-29T02:30Z,2481,gA,1.939
2026-08-29T02:30Z,2481,g98e5,1.909
2026-08-29T02:30Z,2483,g95e5,1.749
2026-08-29T02:30Z,2483,gA,1.909
2026-08-29T02:30Z,2483,gP,1.969
2026-08-29T02:30Z,2483,g98e5,1.919
2026-08-29T02:30Z,2483,gB,1.595
2026-08-29T02:30Z,2485,gA,1.969
2026-08-29T02:30Z,2488,gA,1.965
2026-08-29T02:30Z,2488,g98e5,1.905
2026-08-29T02:30Z,2489,g95e5,1.759
2026-08-29T02:30Z,2489,gA,1.949
2026-08-29T02:30Z,2489,gP,2.009
2026-08-29T02:30Z,2489,g98e5,1.879
2026-08-29T02:30Z,2490,g95e5,1.529
2026-08-29T02:30Z,2490,gA,1.709
2026-08-29T02:30Z,2490,gP,1.819
2026-08-29T02:30Z,2490,g98e5,1.669
2026-08-29T02:30Z,2492,g95e5,1.859
2026-08-29T02:30Z,2492,g98e5,1.979
2026-08-29T02:30Z,2495,gA,1.895
2026-08-29T02:30Z,2495,gP,1.955
2026-08-29T02:30Z,2495,g98e5,1.905
2026-08-29T02:30Z,2497,gA,1.959
2026-08-29T02:30Z,2497,gP,2.019
2026-08-29T02:30Z,2501,gA,1.935
2026-08-29T02:30Z,2501,g98e5,1.915
2026-08-29T02:30Z,2502,g95e5,1.775
2026-08-29T02:30Z,2502,gA,1.925
2026-08-29T02:30Z,2502,g98e5,1.895
2026-08-29T02:30Z,2503,g95e5,1.859
2026-08-29T02:30Z,2503,gA,1.889
2026-08-29T02:30Z,2503,gP,1.949
2026-08-29T02:30Z,2503,g98e5,1.979
2026-08-29T02:30Z,2504,g95e5,1.565
2026-08-29T02:30Z,2504,gA,1.705
2026-08-29T02:30Z,2504,gP,1.815
2026-08-29T02:30Z,2504,g98e5,1.705
2026-08-29T02:30Z,2504,gB,1.555
2026-08-29T02:30Z,2507,gA,1.945
2026-08-29T02:30Z,2507,g98e5,1.949
2026-08-29T02:30Z,2508,gA,1.979
2026-08-29T02:30Z,2508,gP,2.049
2026-08-29T02:30Z,2509,gA,1.959
2026-08-29T02:30Z,2510,gA,1.959
2026-08-29T02:30Z,2510,g98e5,1.915
2026-08-29T02:30Z,2511,gA,1.895
2026-08-29T02:30Z,2511,gP,1.955
2026-08-29T02:30Z,2511,gB,1.749
2026-08-29T02:30Z,2512,gA,1.895
2026-08-29T02:30Z,2512,gP,1.955
2026-08-29T02:30Z,2512,gB,1.749
2026-08-29T02:30Z,2513,gA,1.919
2026-08-29T02:30Z,2513,gP,2.029
2026-08-29T02:30Z,2513,g98e5,1.949
2026-08-29T02:30Z,2515,gA,1.965
2026-08-29T02:30Z,2515,g98e5,1.875
2026-08-29T02:30Z,2516,gA,1.965
2026-08-29T02:30Z,2516,gP,2.025
2026-08-29T02:30Z,2516,g98e5,1.875
2026-08-29T02:30Z,2517,gA,1.945
2026-08-29T02:30Z,2517,g98e5,1.885
2026-08-29T02:30Z,2519,gA,1.939
2026-08-29T02:30Z,2519,g98e5,1.979
2026-08-29T02:30Z,2527,gA,1.965
2026-08-29T02:30Z,2527,g98e5,1.899
2026-08-29T02:30Z,2528,gA,1.939
2026-08-29T02:30Z,2529,gA,1.959
2026-08-29T02:30Z,2529,g98e5,1.939
2026-08-29T02:30Z,2531,gA,1.955
2026-08-29T02:30Z,2531,g98e5,1.935
2026-08-29T02:30Z,2533,g95e5,1.855
2026-08-29T02:30Z,2533,gA,1.885
2026-08-29T02:30Z,2533,gP,1.955
2026-08-29T02:30Z,2533,g98e5,1.975
2026-08-29T02:30Z,2534,g95e5,1.819
2026-08-29T02:30Z,2534,gA,1.909
2026-08-29T02:30Z,2534,g98e5,1.989
2026-08-29T02:30Z,2535,gA,1.959
2026-08-29T02:30Z,2535,g98e5,1.915
2026-08-29T02:30Z,2545,gA,1.929
2026-08-29T02:30Z,2545,gP,2.019
2026-08-29T02:30Z,2550,g95e5,1.775
2026-08-29T02:30Z,2550,gA,1.945
2026-08-29T02:30Z,2550,g98e5,1.895
2026-08-29T02:30Z,2551,gA,1.905
2026-08-29T02:30Z,2551,gP,1.965
2026-08-29T02:30Z,2551,gB,1.575
2026-08-29T02:30Z,2555,g95e5,1.765
2026-08-29T02:30Z,2555,gA,1.915
2026-08-29T02:30Z,2555,g98e5,1.935
2026-08-29T02:30Z,2557,gA,1.909
2026-08-29T02:30Z,2557,gP,2.019
2026-08-29T02:30Z,2557,g98e5,1.945
2026-08-29T02:30Z,2558,gA,1.955
2026-08-29T02:30Z,2558,gP,2.015
2026-08-29T02:30Z,2558,g98e5,1.949
2026-08-29T02:30Z,2559,g95e5,1.855
2026-08-29T02:30Z,2559,gP,2.005
2026-08-29T02:30Z,2559,g98e5,1.975
2026-08-29T02:30Z,2560,gA,1.959
2026-08-29T02:30Z,2562,gA,1.955
2026-08-29T02:30Z,2562,g98e5,1.895
2026-08-29T02:30Z,2565,gA,1.994
2026-08-29T02:30Z,2565,gP,2.079
2026-08-29T02:30Z,2567,gA,1.949
2026-08-29T02:30Z,2567,g98e5,1.985
2026-08-29T02:30Z,2569,gA,2.005
2026-08-29T02:30Z,2570,gA,1.989
2026-08-29T02:30Z,2570,gP,2.049
2026-08-29T02:30Z,2570,g98e5,1.949
2026-08-29T02:30Z,2573,g95e5,1.845
2026-08-29T02:30Z,2573,gA,1.955
2026-08-29T02:30Z,2573,gP,2.015
2026-08-29T02:30Z,2574,g95e5,1.855
2026-08-29T02:30Z,2574,gA,1.965
2026-08-29T02:30Z,2574,g98e5,1.975
2026-08-29T02:30Z,2574,g95e5p,1.915
2026-08-29T02:30Z,2575,g95e5,1.829
2026-08-29T02:30Z,2575,g95e5p,1.929
2026-08-29T02:30Z,2584,gA,1.969
2026-08-29T02:30Z,2586,g95e5,1.855
2026-08-29T02:30Z,2586,gA,1.969
2026-08-29T02:30Z,2586,g98e5,1.975
2026-08-29T02:30Z,2594,gA,1.954
2026-08-29T02:30Z,2594,gP,2.049
2026-08-29T02:30Z,2594,gB,1.789
2026-08-29T02:30Z,2595,g95e5,1.865
2026-08-29T02:30Z,2595,gA,1.995
2026-08-29T02:30Z,2595,g98e5,1.985
2026-08-29T02:30Z,2607,gA,1.955
2026-08-29T02:30Z,2607,g98e5,1.935
2026-08-29T02:30Z,2609,g95e5,1.845
2026-08-29T02:30Z,2609,gA,1.975
2026-08-29T02:30Z,2609,g98e5,1.965
2026-08-29T02:30Z,2609,g95e5p,1.915
2026-08-29T02:30Z,2612,g95e5,1.859
2026-08-29T02:30Z,2612,gA,1.965
2026-08-29T02:30Z,2612,g98e5,1.979
2026-08-29T02:30Z,2612,g95e5p,1.929
2026-08-29T02:30Z,2615,gA,1.969
2026-08-29T02:30Z,2616,g95e5,1.819
2026-08-29T02:30Z,2616,gB,1.705
2026-08-29T02:30Z,2617,g95e5,1.851
2026-08-29T02:30Z,2617,gA,1.951
2026-08-29T02:30Z,2617,g98e5,1.989
2026-08-29T02:30Z,2619,gA,1.969
2026-08-29T02:30Z,2625,gA,1.979
2026-08-29T02:30Z,2626,gA,1.985
2026-08-29T02:30Z,2626,gP,2.045
2026-08-29T02:30Z,2626,g98e5,1.945
2026-08-29T02:30Z,2627,gA,1.985
2026-08-29T02:30Z,2630,g95e5,1.849
2026-08-29T02:30Z,2630,gA,2.015
2026-08-29T02:30Z,2630,gP,2.105
2026-08-29T02:30Z,2630,g98e5,1.989
2026-08-29T02:30Z,2631,gA,1.969
2026-08-29T02:30Z,2631,gP,2.059
2026-08-29T02:30Z,2634,gA,1.969
2026-08-29T02:30Z,2634,gB,1.639
2026-08-29T02:30Z,2638,gA,1.969
2026-08-29T02:30Z,2638,gB,1.649
2026-08-29T02:30Z,2639,g95e5,1.849
2026-08-29T02:30Z,2639,gA,1.979
2026-08-29T02:30Z,2639,gP,2.069
2026-08-29T02:30Z,2639,g98e5,1.989
2026-08-29T02:30Z,2647,gA,1.969
2026-08-29T02:30Z,2647,gB,1.639
2026-08-29T02:30Z,2650,gA,1.949
2026-08-29T02:30Z,2650,g98e5,1.935
2026-08-29T02:30Z,2652,gA,1.979
2026-08-29T02:30Z,2652,gB,1.649
2026-08-29T02:30Z,2654,g95e5,1.849
2026-08-29T02:30Z,2654,gA,1.955
2026-08-29T02:30Z,2654,g98e5,1.969
2026-08-29T02:30Z,2654,g95e5p,1.919
2026-08-29T02:30Z,2663,g95e5,1.869
2026-08-29T02:30Z,2663,gA,1.975
2026-08-29T02:30Z,2663,g98e5,1.989
2026-08-29T02:30Z,2663,gB,1.729
2026-08-29T02:30Z,2666,gA,2.019
2026-08-29T02:30Z,2666,gP,2.129
2026-08-29T02:30Z,2666,gB,1.739
2026-08-29T02:30Z,2667,gA,2.019
2026-08-29T02:30Z,2667,gP,2.129
2026-08-29T02:30Z,2673,gA,1.989
2026-08-29T02:30Z,2673,gP,2.099
2026-08-29T02:30Z,2673,gB,1.699
2026-08-29T02:30Z,2678,gA,1.969
2026-08-29T02:30Z,2678,gB,1.639
2026-08-29T02:30Z,2682,gA,1.965
2026-08-29T02:30Z,2683,gA,1.969
2026-08-29T02:30Z,2686,g95e5,1.819
2026-08-29T02:30Z,2686,gA,2.005
2026-08-29T02:30Z,2686,g98e5,1.939
2026-08-29T02:30Z,2686,gB,1.695
2026-08-29T02:30Z,2687,gA,1.949
2026-08-29T02:30Z,2687,g98e5,1.985
2026-08-29T02:30Z,2690,gA,1.949
2026-08-29T02:30Z,2690,g98e5,1.935
2026-08-29T02:30Z,2692,g95e5,1.829
2026-08-29T02:30Z,2692,gA,1.989
2026-08-29T02:30Z,2692,g98e5,1.949
2026-08-29T02:30Z,2693,g95e5,1.859
2026-08-29T02:30Z,2693,gA,1.959
2026-08-29T02:30Z,2693,g95e5p,1.929
2026-08-29T02:30Z,2696,gA,2.014
2026-08-29T02:30Z,2696,gP,2.109
2026-08-29T02:30Z,2698,g95e5,1.845
2026-08-29T02:30Z,2698,gA,1.979
2026-08-29T02:30Z,2698,gP,2.069
2026-08-29T02:30Z,2698,g98e5,1.985
2026-08-29T02:30Z,2700,gA,2.005
2026-08-29T02:30Z,2700,g98e5,1.989
2026-08-29T02:30Z,2700,gB,1.729
2026-08-29T02:30Z,2707,gA,2.005
2026-08-29T02:30Z,2707,g98e5,1.989
2026-08-29T02:30Z,2707,gB,1.695
2026-08-29T02:30Z,2708,gA,1.994
2026-08-29T02:30Z,2708,gP,2.079
2026-08-29T02:30Z,2710,gA,1.985
2026-08-29T02:30Z,2710,g98e5,1.935
2026-08-29T02:30Z,2710,gB,1.719
2026-08-29T02:30Z,2713,gA,1.949
2026-08-29T02:30Z,2713,g98e5,1.935
2026-08-29T02:30Z,2715,g95e5,1.869
2026-08-29T02:30Z,2715,gA,1.989
2026-08-29T02:30Z,2715,g98e5,1.989
2026-08-29T02:30Z,2723,gA,1.969
2026-08-29T02:30Z,2723,gB,1.649
2026-08-29T02:30Z,2726,g95e5,1.839
2026-08-29T02:30Z,2726,gA,1.959
2026-08-29T02:30Z,2726,g98e5,1.999
2026-08-29T02:30Z,2727,gA,1.971
2026-08-29T02:30Z,2727,gP,2.032
2026-08-29T02:30Z,2728,gA,1.949
2026-08-29T02:30Z,2728,gP,2.059
2026-08-29T02:30Z,2731,gA,1.979
2026-08-29T02:30Z,2732,g95e5,1.845
2026-08-29T02:30Z,2732,gA,1.945
2026-08-29T02:30Z,2732,gP,2.035
2026-08-29T02:30Z,2732,g98e5,1.985
2026-08-29T02:30Z,2733,g95e5,1.825
2026-08-29T02:30Z,2734,g95e5,1.849
2026-08-29T02:30Z,2734,gA,1.969
2026-08-29T02:30Z,2734,g98e5,1.969
2026-08-29T02:30Z,2735,gA,1.969
2026-08-29T02:30Z,2736,gA,1.975
2026-08-29T02:30Z,2736,g98e5,1.969
2026-08-29T02:30Z,2737,gA,2.005
2026-08-29T02:30Z,2740,gA,1.969
2026-08-29T02:30Z,2743,gA,1.965
2026-08-29T02:30Z,2744,gA,1.447
2026-08-29T02:30Z,2744,gP,1.497
2026-08-29T02:30Z,2758,gA,1.949
2026-08-29T02:30Z,2758,gP,2.009
2026-08-29T02:30Z,2758,g98e5,1.909
2026-08-29T02:30Z,2759,g95e5,1.849
2026-08-29T02:30Z,2759,gA,1.899
2026-08-29T02:30Z,2759,gP,1.979
2026-08-29T02:30Z,2759,g98e5,1.969
2026-08-29T02:30Z,2760,g95e5,1.789
2026-08-29T02:30Z,2760,gA,1.829
2026-08-29T02:30Z,2760,g98e5,1.979
2026-08-29T02:30Z,2761,g95e5,1.839
2026-08-29T02:30Z,2761,gA,1.879
2026-08-29T02:30Z,2761,g98e5,2.009
2026-08-29T02:30Z,2765,g95e5,1.755
2026-08-29T02:30Z,2765,gA,1.935
2026-08-29T02:30Z,2765,gP,2.025
2026-08-29T02:30Z,2765,g98e5,1.895
2026-08-29T02:30Z,2768,gA,1.889
2026-08-29T02:30Z,2768,gP,1.949
2026-08-29T02:30Z,2768,g98e5,1.989
2026-08-29T02:30Z,2772,gA,1.939
2026-08-29T02:30Z,2773,gA,1.905
2026-08-29T02:30Z,2773,gP,1.965
2026-08-29T02:30Z,2773,g98e5,1.909
2026-08-29T02:30Z,2775,gA,1.965
2026-08-29T02:30Z,2775,g98e5,1.919
2026-08-29T02:30Z,2785,gA,1.909
2026-08-29T02:30Z,2785,gP,1.999
2026-08-29T02:30Z,2788,gA,1.909
2026-08-29T02:30Z,2788,gP,1.999
2026-08-29T02:30Z,2789,gA,1.959
2026-08-29T02:30Z,2789,g98e5,1.905
2026-08-29T02:30Z,2791,gA,1.989
2026-08-29T02:30Z,2791,gP,2.059
2026-08-29T02:30Z,2792,gA,1.969
2026-08-29T02:30Z,2792,g98e5,1.949
2026-08-29T02:30Z,2793,g95e5,1.809
2026-08-29T02:30Z,2793,gA,1.919
2026-08-29T02:30Z,2795,gA,1.929
2026-08-29T02:30Z,2795,gP,1.989
2026-08-29T02:30Z,2795,g98e5,1.945
2026-08-29T02:30Z,2796,gA,1.955
2026-08-29T02:30Z,2799,gA,1.949
2026-08-29T02:30Z,2799,g98e5,1.929
2026-08-29T02:30Z,2800,gA,1.919
2026-08-29T02:30Z,2800,g98e5,1.919
2026-08-29T02:30Z,2802,gA,1.955
2026-08-29T02:30Z,2803,gA,1.939
2026-08-29T02:30Z,2803,g98e5,1.905
2026-08-29T02:30Z,2804,gA,1.959
2026-08-29T02:30Z,2804,g98e5,1.909
2026-08-29T02:30Z,2805,gA,1.965
2026-08-29T02:30Z,2805,g98e5,1.905
2026-08-29T02:30Z,2806,g95e5,1.775
2026-08-29T02:30Z,2806,gA,1.969
2026-08-29T02:30Z,2806,gP,2.029
2026-08-29T02:30Z,2806,g98e5,1.895
2026-08-29T02:30Z,2807,gA,1.919
2026-08-29T02:30Z,2807,gP,1.979
2026-08-29T02:30Z,2807,g98e5,1.925
2026-08-29T02:30Z,2808,gA,1.949
2026-08-29T02:30Z,2808,g98e5,1.889
2026-08-29T02:30Z,2809,g95e5,1.769
2026-08-29T02:30Z,2809,gA,1.945
2026-08-29T02:30Z,2809,g98e5,1.889
2026-08-29T02:30Z,2810,gA,1.955
2026-08-29T02:30Z,2810,g98e5,1.885
2026-08-29T02:30Z,2811,gA,1.955
2026-08-29T02:30Z,2811,g98e5,1.885
2026-08-29T02:30Z,2812,gA,1.955
2026-08-29T02:30Z,2812,g98e5,1.899
2026-08-29T02:30Z,2814,g95e5,1.765
2026-08-29T02:30Z,2814,gA,1.975
2026-08-29T02:30Z,2814,g98e5,1.935
2026-08-29T02:30Z,2814,gB,1.675
2026-08-29T02:30Z,2815,gA,1.919
2026-08-29T02:30Z,2815,gP,1.979
2026-08-29T02:30Z,2815,g98e5,1.905
2026-08-29T02:30Z,2816,gA,1.899
2026-08-29T02:30Z,2816,gB,1.739
2026-08-29T02:30Z,2817,gA,1.919
2026-08-29T02:30Z,2817,gP,1.979
2026-08-29T02:30Z,2817,g98e5,1.905
2026-08-29T02:30Z,2818,g95e5,1.769
2026-08-29T02:30Z,2818,gA,1.969
2026-08-29T02:30Z,2818,g98e5,1.889
2026-08-29T02:30Z,2819,gA,1.949
2026-08-29T02:30Z,2819,g98e5,1.899
2026-08-29T02:30Z,2820,gA,1.949
2026-08-29T02:30Z,2820,g98e5,1.949
2026-08-29T02:30Z,2821,gA,1.955
2026-08-29T02:30Z,2821,g98e5,1.885
2026-08-29T02:30Z,2822,gA,1.969
2026-08-29T02:30Z,2822,g98e5,1.889
2026-08-29T02:30Z,2823,gA,1.929
2026-08-29T02:30Z,2823,gP,1.989
2026-08-29T02:30Z,2823,g98e5,1.945
2026-08-29T02:30Z,2824,gA,1.969
2026-08-29T02:30Z,2824,g98e5,1.895
2026-08-29T02:30Z,2825,gA,1.925
2026-08-29T02:30Z,2825,g98e5,1.929
2026-08-29T02:30Z,2826,gA,1.955
2026-08-29T02:30Z,2826,gP,2.015
2026-08-29T02:30Z,2826,g98e5,1.909
2026-08-29T02:30Z,2827,gA,1.955
2026-08-29T02:30Z,2827,gP,2.015
2026-08-29T02:30Z,2827,g98e5,1.909
2026-08-29T02:30Z,2828,gA,1.945
2026-08-29T02:30Z,2828,g98e5,1.889
2026-08-29T02:30Z,2831,gA,1.899
2026-08-29T02:30Z,2831,gB,1.729
2026-08-29T02:30Z,2833,gA,1.965
2026-08-29T02:30Z,2833,g98e5,1.889
2026-08-29T02:30Z,2836,gA,1.989
2026-08-29T02:30Z,2836,gP,2.049
2026-08-29T02:30Z,2838,g98e5,2.039
2026-08-29T02:30Z,2840,gA,1.955
2026-08-29T02:30Z,2840,g98e5,1.899
2026-08-29T02:30Z,2842,gA,1.994
2026-08-29T02:30Z,2842,gP,2.064
2026-08-29T02:30Z,2843,gA,1.989
2026-08-29T02:30Z,2843,gP,2.049
2026-08-29T02:30Z,2846,g95e5,1.599
2026-08-29T02:30Z,2846,g98e5,1.759
2026-08-29T02:30Z,2846,bio,1.699
2026-08-29T02:30Z,2852,g95e5,1.834
2026-08-29T02:30Z,2852,g98e5,1.914
2026-08-29T02:30Z,2852,g95e5p,1.879
2026-08-29T02:30Z,2854,g95e5,1.854
2026-08-29T02:30Z,2854,gA,1.975
2026-08-29T02:30Z,2854,gP,2.095
2026-08-29T02:30Z,2857,g95e5,1.784
2026-08-29T02:30Z,2857,g95e5p,1.869
2026-08-29T02:30Z,2858,g95e5,1.784
2026-08-29T02:30Z,2858,g98e5,1.904
2026-08-29T02:30Z,2858,g95e5p,1.869
2026-08-29T02:30Z,2861,gA,1.927
2026-08-29T02:30Z,2861,gP,1.987
2026-08-29T02:30Z,2865,gA,1.959
2026-08-29T02:30Z,2865,gP,2.029
2026-08-29T02:30Z,2867,g95e5,1.589
2026-08-29T02:30Z,2867,gA,1.679
2026-08-29T02:30Z,2867,gP,1.689
2026-08-29T02:30Z,2867,g98e5,1.689
2026-08-29T02:30Z,2871,gA,1.959
2026-08-29T02:30Z,2871,gP,2.029
2026-08-29T02:30Z,2875,gA,1.979
2026-08-29T02:30Z,2875,gP,2.029
2026-08-29T02:30Z,2876,gA,1.979
2026-08-29T02:30Z,2876,gP,2.029
2026-08-29T02:30Z,2877,g95e5,1.794
2026-08-29T02:30Z,2877,g95e5p,1.869
2026-08-29T02:30Z,2879,g95e5,1.799
2026-08-29T02:30Z,2879,g98e5,1.904
2026-08-29T02:30Z,2879,g95e5p,1.869
2026-08-29T02:30Z,2885,gA,1.969
2026-08-29T02:30Z,2885,gP,2.049
2026-08-29T02:30Z,2887,gA,1.909
2026-08-29T02:30Z,2887,gP,1.999
2026-08-29T02:30Z,2888,gA,1.909
2026-08-29T02:30Z,2888,gP,1.999
2026-08-29T02:30Z,2895,gA,1.994
2026-08-29T02:30Z,2895,gP,2.064
2026-08-29T02:30Z,2909,gA,1.945
2026-08-29T02:30Z,2909,g98e5,1.939
2026-08-29T02:30Z,2912,gA,1.949
2026-08-29T02:30Z,2912,g98e5,1.929
2026-08-29T02:30Z,2914,gA,1.949
2026-08-29T02:30Z,2914,g98e5,1.929
2026-08-29T02:30Z,2920,g95e5,1.815
2026-08-29T02:30Z,2920,gA,1.935
2026-08-29T02:30Z,2920,g98e5,1.985
2026-08-29T02:30Z,2928,g95e5,1.809
2026-08-29T02:30Z,2928,gA,1.939
2026-08-29T02:30Z,2928,gP,2.029
2026-08-29T02:30Z,2928,g98e5,1.949
2026-08-29T02:30Z,2931,g95e5,1.784
2026-08-29T02:30Z,2931,g98e5,1.934
2026-08-29T02:30Z,2932,gA,1.955
2026-08-29T02:30Z,2932,gP,2.015
2026-08-29T02:30Z,2932,g98e5,1.889
2026-08-29T02:30Z,2935,gA,1.949
2026-08-29T02:30Z,2935,g98e5,1.919
2026-08-29T02:30Z,2945,g95e5,1.844
2026-08-29T02:30Z,2945,g98e5,1.964
2026-08-29T02:30Z,2948,gP,2.059
2026-08-29T02:30Z,2949,g95e5,1.804
2026-08-29T02:30Z,2949,gA,1.949
2026-08-29T02:30Z,2949,gP,2.039
2026-08-29T02:30Z,2953,gA,1.929
2026-08-29T02:30Z,2953,gP,1.999
2026-08-29T02:30Z,2953,gB,1.829
2026-08-29T02:30Z,2964,gA,1.959
2026-08-29T02:30Z,2964,g98e5,1.939
2026-08-29T02:30Z,2968,gA,1.949
2026-08-29T02:30Z,2968,g98e5,1.869
2026-08-29T02:30Z,2969,g95e5,1.535
2026-08-29T02:30Z,2970,gA,1.939
2026-08-29T02:30Z,2970,gP,1.989
2026-08-29T02:30Z,2971,g95e5,1.784
2026-08-29T02:30Z,2971,g98e5,1.904
2026-08-29T02:30Z,2971,g95e5p,1.869
2026-08-29T02:30Z,2975,gA,1.969
2026-08-29T02:30Z,2975,gP,2.069
2026-08-29T02:30Z,2981,gA,1.989
2026-08-29T02:30Z,2981,gP,2.079
2026-08-29T02:30Z,2997,g95e5,1.785
2026-08-29T02:30Z,2997,gA,1.959
2026-08-29T02:30Z,2997,g98e5,1.955
2026-08-29T02:30Z,2999,gA,1.749
2026-08-29T02:30Z,2999,g98e5,1.699
2026-08-29T02:30Z,2999,bio,1.699
2026-08-29T02:30Z,3006,g95e5,1.639
2026-08-29T02:30Z,3006,gA,1.739
2026-08-29T02:30Z,3006,g98e5,1.739
2026-08-29T02:30Z,3006,bio,1.699
2026-08-29T02:30Z,3010,gA,1.959
2026-08-29T02:30Z,3010,g98e5,1.889
2026-08-29T02:30Z,3017,g95e5,1.844
2026-08-29T02:30Z,3017,g98e5,1.944
2026-08-29T02:30Z,3017,g95e5p,1.889
2026-08-29T02:30Z,3020,g95e5,1.775
2026-08-29T02:30Z,3020,gA,1.959
2026-08-29T02:30Z,3020,gP,2.049
2026-08-29T02:30Z,3020,g98e5,1.915
2026-08-29T02:30Z,3021,g95e5,1.775
2026-08-29T02:30Z,3021,gA,1.959
2026-08-29T02:30Z,3021,gP,2.049
2026-08-29T02:30Z,3021,g98e5,1.915
2026-08-29T02:30Z,3023,gA,1.749
2026-08-29T02:30Z,3023,g98e5,1.749
2026-08-29T02:30Z,3023,bio,1.699
2026-08-29T02:30Z,3026,g95e5,1.559
2026-08-29T02:30Z,3026,gA,1.679
2026-08-29T02:30Z,3026,g98e5,1.699
2026-08-29T02:30Z,3026,bio,1.659
2026-08-29T02:30Z,3029,gA,1.919
2026-08-29T02:30Z,3029,gP,1.979
2026-08-29T02:30Z,3029,g98e5,1.925
2026-08-29T02:30Z,3030,gA,1.919
2026-08-29T02:30Z,3030,gP,1.979
2026-08-29T02:30Z,3030,g98e5,1.925
2026-08-29T02:30Z,3066,g95e5,1.789
2026-08-29T02:30Z,3066,gA,1.929
2026-08-29T02:30Z,3066,gP,2.019
2026-08-29T02:30Z,3072,g95e5,1.759
2026-08-29T02:30Z,3072,gA,1.959
2026-08-29T02:30Z,3072,gP,2.039
2026-08-29T02:30Z,3072,g98e5,1.859
2026-08-29T02:30Z,3077,gA,1.925
2026-08-29T02:30Z,3077,gP,2.015
2026-08-29T02:30Z,3087,gA,1.867
2026-08-29T02:30Z,3092,gA,1.719
2026-08-29T02:30Z,3094,gA,1.929
2026-08-29T02:30Z,3094,gP,2.019
2026-08-29T02:30Z,3095,gA,1.949
2026-08-29T02:30Z,3095,gP,2.039
2026-08-29T02:30Z,3098,gA,1.719
2026-08-29T02:30Z,3102,g95e5,1.729
2026-08-29T02:30Z,3102,gA,1.929
2026-08-29T02:30Z,3102,gP,1.999
2026-08-29T02:30Z,3102,g98e5,1.889
2026-08-29T02:30Z,3103,g95e5,1.729
2026-08-29T02:30Z,3103,gA,1.929
2026-08-29T02:30Z,3103,gP,1.979
2026-08-29T02:30Z,3103,g98e5,1.839
2026-08-29T02:30Z,3104,gA,1.929
2026-08-29T02:30Z,3104,gP,2.019
2026-08-29T02:30Z,3106,gA,1.955
2026-08-29T02:30Z,3106,g98e5,1.945
2026-08-29T02:30Z,3109,g95e5,1.815
2026-08-29T02:30Z,3109,gA,1.945
2026-08-29T02:30Z,3109,g98e5,1.935
2026-08-29T02:30Z,3109,g95e5p,1.885
2026-08-29T02:30Z,3110,gA,1.919
2026-08-29T02:30Z,3110,g98e5,1.985
2026-08-29T02:30Z,3115,gA,1.984
2026-08-29T02:30Z,3115,gP,2.049
2026-08-29T02:30Z,3116,gA,1.984
2026-08-29T02:30Z,3116,gP,2.049
2026-08-29T02:30Z,3118,gA,1.949
2026-08-29T02:30Z,3118,g98e5,1.975
2026-08-29T02:30Z,3119,gA,1.949
2026-08-29T02:30Z,3119,g98e5,1.975
2026-08-29T02:30Z,3120,g95e5,1.815
2026-08-29T02:30Z,3120,gA,1.935
2026-08-29T02:30Z,3120,gP,2.025
2026-08-29T02:30Z,3120,g98e5,1.955
2026-08-29T02:30Z,3121,gA,1.935
2026-08-29T02:30Z,3121,gP,2.025
2026-08-29T02:30Z,3122,gA,1.909
2026-08-29T02:30Z,3122,gP,1.999
2026-08-29T02:30Z,3123,gA,1.949
2026-08-29T02:30Z,3123,g98e5,1.949
2026-08-29T02:30Z,3124,gA,1.935
2026-08-29T02:30Z,3124,gP,2.025
2026-08-29T02:30Z,3126,g95e5,1.819
2026-08-29T02:30Z,3126,g95e5p,1.899
2026-08-29T02:30Z,3129,g95e5,1.919
2026-08-29T02:30Z,3129,gA,2.049
2026-08-29T02:30Z,3129,g98e5,2.079
2026-08-29T02:30Z,3133,g95e5,1.819
2026-08-29T02:30Z,3133,g98e5,1.954
2026-08-29T02:30Z,3133,glp,1.099
2026-08-29T02:30Z,3134,gA,1.935
2026-08-29T02:30Z,3134,gP,2.025
2026-08-29T02:30Z,3137,gA,1.964
2026-08-29T02:30Z,3137,gP,2.049
2026-08-29T02:30Z,3138,gA,1.964
2026-08-29T02:30Z,3138,gP,2.049
2026-08-29T02:30Z,3139,gA,1.964
2026-08-29T02:30Z,3139,gP,2.049
2026-08-29T02:30Z,3140,gA,1.964
2026-08-29T02:30Z,3140,gP,2.049
2026-08-29T02:30Z,3141,gA,1.964
2026-08-29T02:30Z,3141,gP,2.049
2026-08-29T02:30Z,3143,gA,1.939
2026-08-29T02:30Z,3143,g98e5,1.995
2026-08-29T02:30Z,3143,gB,1.739
2026-08-29T02:30Z,3144,gA,1.964
2026-08-29T02:30Z,3144,gP,2.049
2026-08-29T02:30Z,3144,gB,1.739
2026-08-29T02:30Z,3145,gA,1.929
2026-08-29T02:30Z,3145,gP,2.019
2026-08-29T02:30Z,3149,gA,1.929
2026-08-29T02:30Z,3149,gP,2.019
2026-08-29T02:30Z,3151,gA,1.949
2026-08-29T02:30Z,3151,g98e5,1.949
2026-08-29T02:30Z,3155,g98e5,1.915
2026-08-29T02:30Z,3157,gA,1.905
2026-08-29T02:30Z,3157,gP,1.995
2026-08-29T02:30Z,3158,gA,1.925
2026-08-29T02:30Z,3158,gP,2.015
2026-08-29T02:30Z,3159,gA,1.925
2026-08-29T02:30Z,3159,gP,2.015
2026-08-29T02:30Z,3160,gA,1.929
2026-08-29T02:30Z,3160,g98e5,1.939
2026-08-29T02:30Z,3161,gA,1.929
2026-08-29T02:30Z,3161,g98e5,1.939
2026-08-29T02:30Z,3163,gA,1.929
2026-08-29T02:30Z,3163,g98e5,1.985
2026-08-29T02:30Z,3163,gB,1.749
2026-08-29T02:30Z,3167,gA,1.939
2026-08-29T02:30Z,3167,g98e5,1.935
2026-08-29T02:30Z,3168,gA,1.955
2026-08-29T02:30Z,3168,g98e5,1.965
2026-08-29T02:30Z,3170,gA,1.964
2026-08-29T02:30Z,3170,gP,2.049
2026-08-29T02:30Z,3171,g95e5,1.819
2026-08-29T02:30Z,3171,g98e5,1.954
2026-08-29T02:30Z,3171,g95e5p,1.919
2026-08-29T02:30Z,3174,gA,1.949
2026-08-29T02:30Z,3174,g98e5,1.975
2026-08-29T02:30Z,3175,gA,1.935
2026-08-29T02:30Z,3175,g98e5,1.979
2026-08-29T02:30Z,3176,gA,1.965
2026-08-29T02:30Z,3176,gP,2.055
2026-08-29T02:30Z,3178,g95e5,1.805
2026-08-29T02:30Z,3178,gA,1.939
2026-08-29T02:30Z,3178,g98e5,2.005
2026-08-29T02:30Z,3179,g95e5,1.805
2026-08-29T02:30Z,3179,gA,1.939
2026-08-29T02:30Z,3179,g98e5,2.005
2026-08-29T02:30Z,3180,g95e5,1.819
2026-08-29T02:30Z,3180,gA,1.949
2026-08-29T02:30Z,3180,g98e5,1.939
2026-08-29T02:30Z,3182,gA,1.929
2026-08-29T02:30Z,3182,g98e5,1.939
2026-08-29T02:30Z,3183,gA,1.929
2026-08-29T02:30Z,3183,g98e5,1.939
2026-08-29T02:30Z,3185,gA,1.945
2026-08-29T02:30Z,3185,g98e5,1.939
2026-08-29T02:30Z,3192,gA,1.939
2026-08-29T02:30Z,3192,g98e5,1.995
2026-08-29T02:30Z,3192,gB,1.729
2026-08-29T02:30Z,3198,g98e5,1.985
2026-08-29T02:30Z,3199,gA,1.919
2026-08-29T02:30Z,3199,g98e5,1.965
2026-08-29T02:30Z,3205,gA,1.989
2026-08-29T02:30Z,3205,g98e5,1.985
2026-08-29T02:30Z,3208,gA,1.915
2026-08-29T02:30Z,3212,gA,1.964
2026-08-29T02:30Z,3212,gP,2.049
2026-08-29T02:30Z,3217,gA,1.929
2026-08-29T02:30Z,3217,g98e5,1.939
2026-08-29T02:30Z,3218,gA,1.935
2026-08-29T02:30Z,3218,g98e5,1.939
2026-08-29T02:30Z,3219,gA,1.945
2026-08-29T02:30Z,3219,gP,2.035
2026-08-29T02:30Z,3221,gA,1.969
2026-08-29T02:30Z,3221,gP,2.034
2026-08-29T02:30Z,3222,gA,1.969
2026-08-29T02:30Z,3222,gP,2.034
2026-08-29T02:30Z,3235,gA,1.909
2026-08-29T02:30Z,3235,g98e5,1.909
2026-08-29T02:30Z,3235,gB,1.609
2026-08-29T02:30Z,3237,gA,1.879
2026-08-29T02:30Z,3237,gB,1.609
2026-08-29T02:30Z,3238,gA,1.899
2026-08-29T02:30Z,3238,g98e5,1.925
2026-08-29T02:30Z,3240,gA,1.905
2026-08-29T02:30Z,3240,gP,1.965
2026-08-29T02:30Z,3240,g98e5,1.919
2026-08-29T02:30Z,3240,gB,1.655
2026-08-29T02:30Z,3241,gA,1.899
2026-08-29T02:30Z,3241,gP,2.009
2026-08-29T02:30Z,3241,g98e5,1.969
2026-08-29T02:30Z,3241,gB,1.659
2026-08-29T02:30Z,3242,gA,1.879
2026-08-29T02:30Z,3242,gP,1.989
2026-08-29T02:30Z,3242,g98e5,1.939
2026-08-29T02:30Z,3242,gB,1.655
2026-08-29T02:30Z,3243,g95e5,1.775
2026-08-29T02:30Z,3243,gA,1.879
2026-08-29T02:30Z,3243,gP,1.989
2026-08-29T02:30Z,3243,g98e5,1.945
2026-08-29T02:30Z,3244,gA,1.915
2026-08-29T02:30Z,3244,g98e5,1.939
2026-08-29T02:30Z,3244,gB,1.599
2026-08-29T02:30Z,3245,gA,1.879
2026-08-29T02:30Z,3245,gP,1.989
2026-08-29T02:30Z,3245,g98e5,1.939
2026-08-29T02:30Z,3246,g95e5,1.819
2026-08-29T02:30Z,3246,gA,1.899
2026-08-29T02:30Z,3246,g98e5,1.989
2026-08-29T02:30Z,3246,gB,1.649
2026-08-29T02:30Z,3250,gA,1.889
2026-08-29T02:30Z,3250,gP,1.999
2026-08-29T02:30Z,3250,g98e5,1.919
2026-08-29T02:30Z,3252,gA,1.909
2026-08-29T02:30Z,3252,gB,1.655
2026-08-29T02:30Z,3255,gA,1.905
2026-08-29T02:30Z,3255,gP,2.015
2026-08-29T02:30Z,3255,g98e5,1.925
2026-08-29T02:30Z,3257,gA,1.879
2026-08-29T02:30Z,3257,gP,1.989
2026-08-29T02:30Z,3257,g98e5,1.939
2026-08-29T02:30Z,3260,gA,1.905
2026-08-29T02:30Z,3260,gP,2.015
2026-08-29T02:30Z,3262,gA,1.899
2026-08-29T02:30Z,3262,g98e5,1.925
2026-08-29T02:30Z,3264,gA,1.899
2026-08-29T02:30Z,3264,gP,2.009
2026-08-29T02:30Z,3266,gA,1.879
2026-08-29T02:30Z,3266,g98e5,1.939
2026-08-29T02:30Z,3267,gA,1.899
2026-08-29T02:30Z,3267,gP,2.009
2026-08-29T02:30Z,3267,g98e5,1.969
2026-08-29T02:30Z,3268,gA,1.899
2026-08-29T02:30Z,3269,gA,1.909
2026-08-29T02:30Z,3269,g98e5,1.905
2026-08-29T02:30Z,3270,gA,1.929
2026-08-29T02:30Z,3270,g98e5,1.929
2026-08-29T02:30Z,3272,g95e5,1.779
2026-08-29T02:30Z,3272,gA,1.885
2026-08-29T02:30Z,3272,g98e5,1.899
2026-08-29T02:30Z,3272,g95e5p,1.859
2026-08-29T02:30Z,3274,gA,1.889
2026-08-29T02:30Z,3274,gP,1.999
2026-08-29T02:30Z,3274,g98e5,1.919
2026-08-29T02:30Z,3276,g95e5,1.825
2026-08-29T02:30Z,3276,gA,1.899
2026-08-29T02:30Z,3276,gP,2.009
2026-08-29T02:30Z,3276,gB,1.599
2026-08-29T02:30Z,3277,gA,1.879
2026-08-29T02:30Z,3277,gB,1.655
2026-08-29T02:30Z,3281,gA,1.959
2026-08-29T02:30Z,3281,gP,2.039
2026-08-29T02:30Z,3284,gA,1.899
2026-08-29T02:30Z,3284,gP,2.009
2026-08-29T02:30Z,3286,gA,1.899
2026-08-29T02:30Z,3286,g98e5,1.969
2026-08-29T02:30Z,3287,gA,1.879
2026-08-29T02:30Z,3287,gP,1.989
2026-08-29T02:30Z,3287,gB,1.599
2026-08-29T02:30Z,3288,gA,1.899
2026-08-29T02:30Z,3288,g98e5,1.945
2026-08-29T02:30Z,3289,gA,1.899
2026-08-29T02:30Z,3289,gP,2.009
2026-08-29T02:30Z,3289,g98e5,1.969
2026-08-29T02:30Z,3289,gB,1.629
2026-08-29T02:30Z,3290,gA,1.925
2026-08-29T02:30Z,3290,g98e5,1.935
2026-08-29T02:30Z,3292,gA,1.895
2026-08-29T02:30Z,3292,g98e5,1.909
2026-08-29T02:30Z,3292,gB,1.599
2026-08-29T02:30Z,3293,gA,1.925
2026-08-29T02:30Z,3293,g98e5,1.945
2026-08-29T02:30Z,3298,gA,1.885
2026-08-29T02:30Z,3298,g98e5,1.895
2026-08-29T02:30Z,3298,gB,1.615
2026-08-29T02:30Z,3306,g95e5,1.814
2026-08-29T02:30Z,3308,gA,1.699
2026-08-29T02:30Z,3308,gP,1.739
2026-08-29T02:30Z,3308,g98e5,1.739
2026-08-29T02:30Z,3310,gA,1.895
2026-08-29T02:30Z,3310,g98e5,1.909
2026-08-29T02:30Z,3313,gA,1.879
2026-08-29T02:30Z,3313,gP,1.939
2026-08-29T02:30Z,3313,g98e5,1.945
2026-08-29T02:30Z,3315,gA,1.899
2026-08-29T02:30Z,3315,gP,2.009
2026-08-29T02:30Z,3315,g98e5,1.909
2026-08-29T02:30Z,3317,gA,1.919
2026-08-29T02:30Z,3317,g98e5,1.945
2026-08-29T02:30Z,3318,gA,1.925
2026-08-29T02:30Z,3318,g98e5,1.935
2026-08-29T02:30Z,3319,gA,1.899
2026-08-29T02:30Z,3320,gA,1.889
2026-08-29T02:30Z,3320,g98e5,1.925
2026-08-29T02:30Z,3324,gA,1.879
2026-08-29T02:30Z,3324,gP,1.989
2026-08-29T02:30Z,3324,g98e5,1.939
2026-08-29T02:30Z,3325,g95e5,1.809
2026-08-29T02:30Z,3325,gA,1.889
2026-08-29T02:30Z,3325,gB,1.635
2026-08-29T02:30Z,3326,gA,1.885
2026-08-29T02:30Z,3326,g98e5,1.895
2026-08-29T02:30Z,3326,gB,1.625
2026-08-29T02:30Z,3327,gA,1.879
2026-08-29T02:30Z,3327,g98e5,1.889
2026-08-29T02:30Z,3327,gB,1.645
2026-08-29T02:30Z,3329,gA,1.889
2026-08-29T02:30Z,3329,g98e5,1.979
2026-08-29T02:30Z,3329,gB,1.629
2026-08-29T02:30Z,3332,g95e5,1.535
2026-08-29T02:30Z,3334,gA,1.925
2026-08-29T02:30Z,3335,gA,1.909
2026-08-29T02:30Z,3335,g98e5,1.945
2026-08-29T02:30Z,3336,gA,1.899
2026-08-29T02:30Z,3336,gP,2.009
2026-08-29T02:30Z,3336,g98e5,1.909
2026-08-29T02:30Z,3337,gA,1.909
2026-08-29T02:30Z,3337,gP,1.969
2026-08-29T02:30Z,3337,g98e5,1.925
2026-08-29T02:30Z,3338,gA,1.895
2026-08-29T02:30Z,3338,gP,2.005
2026-08-29T02:30Z,3338,g98e5,1.909
2026-08-29T02:30Z,3339,gA,1.909
2026-08-29T02:30Z,3339,gP,2.019
2026-08-29T02:30Z,3339,g98e5,1.935
2026-08-29T02:30Z,3349,gA,1.929
2026-08-29T02:30Z,3349,gP,2.019
2026-08-29T02:30Z,3357,g95e5,1.799
2026-08-29T02:30Z,3357,g95e5p,1.879
2026-08-29T02:30Z,3361,g95e5,1.814
2026-08-29T02:30Z,3361,g98e5,1.914
2026-08-29T02:30Z,3361,g95e5p,1.879
2026-08-29T02:30Z,3362,g95e5,1.814
2026-08-29T02:30Z,3362,g98e5,1.914
2026-08-29T02:30Z,3362,g95e5p,1.879
2026-08-29T02:30Z,3370,g95e5,1.599
2026-08-29T02:30Z,3370,gA,1.749
2026-08-29T02:30Z,3370,g98e5,1.699
2026-08-29T02:30Z,3373,g95e5,1.699
2026-08-29T02:30Z,3373,gA,1.769
2026-08-29T02:30Z,3373,gP,1.799
2026-08-29T02:30Z,3373,bio,1.739
2026-08-29T02:30Z,3374,bio,1.699
2026-08-29T02:30Z,3376,gA,1.929
2026-08-29T02:30Z,3376,gP,2.019
2026-08-29T02:30Z,3402,gA,1.909
2026-08-29T02:30Z,3402,gP,1.969
2026-08-29T02:30Z,3402,g98e5,1.929
2026-08-29T02:30Z,3410,g95e5,1.819
2026-08-29T02:30Z,3410,g95e5p,1.919
2026-08-29T02:30Z,3412,g95e5,1.819
2026-08-29T02:30Z,3412,g95e5p,1.879
2026-08-29T02:30Z,3417,g95e5,1.819
2026-08-29T02:30Z,3417,g95e5p,1.879
2026-08-29T02:30Z,3423,gA,1.797
2026-08-29T02:30Z,3423,gP,1.817
2026-08-29T02:30Z,3424,gA,1.969
2026-08-29T02:30Z,3424,gP,2.049
2026-08-29T02:30Z,3424,g95e5p,1.929
2026-08-29T02:30Z,3425,gA,1.969
2026-08-29T02:30Z,3425,gP,2.049
2026-08-29T02:30Z,3438,g95e5,1.819
2026-08-29T02:30Z,3446,g95e5,1.819
2026-08-29T02:30Z,3446,g95e5p,1.879
2026-08-29T02:30Z,3456,g95e5,1.829
2026-08-29T02:30Z,3456,g98e5,1.914
2026-08-29T02:30Z,3456,g95e5p,1.879
2026-08-29T02:30Z,3457,gA,1.909
2026-08-29T02:30Z,3457,gP,2.019
2026-08-29T02:30Z,3457,g98e5,1.925
2026-08-29T02:30Z,3462,gA,1.935
2026-08-29T02:30Z,3462,g98e5,1.949
2026-08-29T02:30Z,3464,gA,1.959
2026-08-29T02:30Z,3464,gP,2.069
2026-08-29T02:30Z,3464,g98e5,1.945
2026-08-29T02:30Z,3464,gB,1.645
2026-08-29T02:30Z,3470,g95e5,1.819
2026-08-29T02:30Z,3470,gA,1.899
2026-08-29T02:30Z,3470,gP,2.009
2026-08-29T02:30Z,3470,g98e5,1.989
2026-08-29T02:30Z,3472,gA,1.899
2026-08-29T02:30Z,3472,gP,1.959
2026-08-29T02:30Z,3472,g98e5,1.959
2026-08-29T02:30Z,3474,g95e5,1.839
2026-08-29T02:30Z,3474,gA,1.905
2026-08-29T02:30Z,3474,gP,2.015
2026-08-29T02:30Z,3474,g98e5,1.959
2026-08-29T02:30Z,3475,gA,1.905
2026-08-29T02:30Z,3475,gP,2.015
2026-08-29T02:30Z,3475,g98e5,2.029
2026-08-29T02:30Z,3476,gA,1.905
2026-08-29T02:30Z,3476,g98e5,2.029
2026-08-29T02:30Z,3478,gA,1.895
2026-08-29T02:30Z,3478,g98e5,1.979
2026-08-29T02:30Z,3481,gA,1.905
2026-08-29T02:30Z,3481,gP,1.985
2026-08-29T02:30Z,3481,g98e5,1.925
2026-08-29T02:30Z,3487,g95e5,1.759
2026-08-29T02:30Z,3487,gA,1.969
2026-08-29T02:30Z,3487,gP,2.079
2026-08-29T02:30Z,3487,g98e5,1.929
2026-08-29T02:30Z,3487,g95e5p,1.829
2026-08-29T02:30Z,3493,gA,1.939
2026-08-29T02:30Z,3493,gP,2.049
2026-08-29T02:30Z,3494,gA,1.939
2026-08-29T02:30Z,3494,gP,2.049
2026-08-29T02:30Z,3494,gB,1.609
2026-08-29T02:30Z,3496,gA,1.949
2026-08-29T02:30Z,3496,gP,2.039
2026-08-29T02:30Z,3498,gA,1.899
2026-08-29T02:30Z,3499,gA,1.944
2026-08-29T02:30Z,3499,gP,1.994
2026-08-29T02:30Z,3501,gA,1.949
2026-08-29T02:30Z,3501,gP,2.039
2026-08-29T02:30Z,3509,g95e5,1.789
2026-08-29T02:30Z,3509,g95e5p,1.889
2026-08-29T02:30Z,3511,gA,1.935
2026-08-29T02:30Z,3511,gP,2.025
2026-08-29T02:30Z,3516,gA,1.919
2026-08-29T02:30Z,3516,gP,2.009
2026-08-29T02:30Z,3517,gA,1.909
2026-08-29T02:30Z,3517,gP,1.989
2026-08-29T02:30Z,3517,g98e5,1.975
2026-08-29T02:30Z,3521,gA,1.939
2026-08-29T02:30Z,3521,gP,1.999
2026-08-29T02:30Z,3521,g98e5,1.979
2026-08-29T02:30Z,3521,gB,1.719
2026-08-29T02:30Z,3522,gA,1.979
2026-08-29T02:30Z,3522,gP,2.039
2026-08-29T02:30Z,3522,g98e5,1.965
2026-08-29T02:30Z,3524,gA,1.899
2026-08-29T02:30Z,3524,g98e5,1.975
2026-08-29T02:30Z,3527,gA,1.955
2026-08-29T02:30Z,3527,gP,2.015
2026-08-29T02:30Z,3527,g98e5,1.919
2026-08-29T02:30Z,3529,gA,1.909
2026-08-29T02:30Z,3529,gP,2.019
2026-08-29T02:30Z,3529,g98e5,1.955
2026-08-29T02:30Z,3534,gA,1.945
2026-08-29T02:30Z,3534,gP,2.055
2026-08-29T02:30Z,3534,g98e5,1.939
2026-08-29T02:30Z,3535,gA,1.915
2026-08-29T02:30Z,3535,gP,1.975
2026-08-29T02:30Z,3536,gA,1.949
2026-08-29T02:30Z,3536,gP,2.059
2026-08-29T02:30Z,3536,g98e5,1.955
2026-08-29T02:30Z,3539,gA,1.899
2026-08-29T02:30Z,3539,g98e5,1.975
2026-08-29T02:30Z,3541,gA,1.915
2026-08-29T02:30Z,3541,g98e5,1.945
2026-08-29T02:30Z,3548,gA,1.925
2026-08-29T02:30Z,3548,gP,2.015
2026-08-29T02:30Z,3550,gA,1.889
2026-08-29T02:30Z,3550,gP,1.999
2026-08-29T02:30Z,3550,g98e5,1.979
2026-08-29T02:30Z,3553,gA,1.925
2026-08-29T02:30Z,3553,g98e5,1.925
2026-08-29T02:30Z,3554,gA,1.889
2026-08-29T02:30Z,3554,g98e5,1.965
2026-08-29T02:30Z,3554,gB,1.685
2026-08-29T02:30Z,3555,g95e5,1.805
2026-08-29T02:30Z,3555,gA,1.905
2026-08-29T02:30Z,3555,gP,1.985
2026-08-29T02:30Z,3555,g98e5,1.975
2026-08-29T02:30Z,3557,gA,1.915
2026-08-29T02:30Z,3557,g98e5,1.979
2026-08-29T02:30Z,3559,g95e5,1.919
2026-08-29T02:30Z,3559,gA,1.979
2026-08-29T02:30Z,3567,gA,1.889
2026-08-29T02:30Z,3567,g98e5,2.005
2026-08-29T02:30Z,3568,gA,1.889
2026-08-29T02:30Z,3568,gP,1.999
2026-08-29T02:30Z,3568,g98e5,2.005
2026-08-29T02:30Z,3569,g95e5,1.795
2026-08-29T02:30Z,3569,gA,1.929
2026-08-29T02:30Z,3569,g98e5,1.965
2026-08-29T02:30Z,3570,g95e5,1.859
2026-08-29T02:30Z,3570,gA,1.925
2026-08-29T02:30Z,3575,gA,1.899
2026-08-29T02:30Z,3577,gA,1.889
2026-08-29T02:30Z,3577,gP,1.969
2026-08-29T02:30Z,3577,g98e5,1.965
2026-08-29T02:30Z,3578,gA,1.899
2026-08-29T02:30Z,3578,gP,2.009
2026-08-29T02:30Z,3578,g98e5,2.005
2026-08-29T02:30Z,3581,gA,1.919
2026-08-29T02:30Z,3581,g98e5,1.925
2026-08-29T02:30Z,3582,g95e5,1.799
2026-08-29T02:30Z,3582,gP,2.029
2026-08-29T02:30Z,3587,gA,1.939
2026-08-29T02:30Z,3587,g98e5,1.919
2026-08-29T02:30Z,3587,gB,1.609
2026-08-29T02:30Z,3590,gA,1.905
2026-08-29T02:30Z,3590,g98e5,1.995
2026-08-29T02:30Z,3591,gA,1.909
2026-08-29T02:30Z,3591,g98e5,1.995
2026-08-29T02:30Z,3591,gB,1.685
2026-08-29T02:30Z,3592,gA,1.909
2026-08-29T02:30Z,3592,gP,2.019
2026-08-29T02:30Z,3595,gA,1.955
2026-08-29T02:30Z,3595,g98e5,1.919
2026-08-29T02:30Z,3598,gA,1.899
2026-08-29T02:30Z,3598,gP,1.989
2026-08-29T02:30Z,3603,gA,1.889
2026-08-29T02:30Z,3603,gP,1.979
2026-08-29T02:30Z,3604,gA,1.939
2026-08-29T02:30Z,3604,gP,2.029
2026-08-29T02:30Z,3607,g95e5,1.825
2026-08-29T02:30Z,3607,gA,1.939
2026-08-29T02:30Z,3607,gP,2.029
2026-08-29T02:30Z,3607,g98e5,1.965
2026-08-29T02:30Z,3610,gA,1.909
2026-08-29T02:30Z,3610,gP,1.999
2026-08-29T02:30Z,3612,gA,1.955
2026-08-29T02:30Z,3612,gP,2.065
2026-08-29T02:30Z,3612,g98e5,1.899
2026-08-29T02:30Z,3614,gA,1.915
2026-08-29T02:30Z,3614,gP,2.005
2026-08-29T02:30Z,3616,gA,1.935
2026-08-29T02:30Z,3616,gP,2.015
2026-08-29T02:30Z,3616,g98e5,1.925
2026-08-29T02:30Z,3617,gA,1.935
2026-08-29T02:30Z,3617,gP,2.035
2026-08-29T02:30Z,3617,gB,1.655
2026-08-29T02:30Z,3618,gA,1.945
2026-08-29T02:30Z,3618,gP,2.055
2026-08-29T02:30Z,3618,g98e5,1.929
2026-08-29T02:30Z,3619,gA,1.935
2026-08-29T02:30Z,3619,g98e5,1.925
2026-08-29T02:30Z,3621,gA,1.899
2026-08-29T02:30Z,3621,gP,2.009
2026-08-29T02:30Z,3622,gA,1.949
2026-08-29T02:30Z,3622,gP,2.039
2026-08-29T02:30Z,3623,gA,1.909
2026-08-29T02:30Z,3623,gP,1.999
2026-08-29T02:30Z,3623,g98e5,1.975
2026-08-29T02:30Z,3627,gA,1.935
2026-08-29T02:30Z,3627,gP,2.045
2026-08-29T02:30Z,3632,gA,1.899
2026-08-29T02:30Z,3632,gP,1.989
2026-08-29T02:30Z,3635,gP,2.045
2026-08-29T02:30Z,3635,g98e5,1.999
2026-08-29T02:30Z,3646,gA,1.979
2026-08-29T02:30Z,3646,g98e5,1.915
2026-08-29T02:30Z,3646,gB,1.639
2026-08-29T02:30Z,3647,gA,1.929
2026-08-29T02:30Z,3647,g98e5,1.965
2026-08-29T02:30Z,3648,gA,1.935
2026-08-29T02:30Z,3648,gP,2.045
2026-08-29T02:30Z,3648,gB,1.639
2026-08-29T02:30Z,3651,gA,1.909
2026-08-29T02:30Z,3651,g98e5,1.965
2026-08-29T02:30Z,3651,gB,1.685
2026-08-29T02:30Z,3652,gA,1.924
2026-08-29T02:30Z,3652,gP,2.009
2026-08-29T02:30Z,3655,gA,1.905
2026-08-29T02:30Z,3655,gP,2.015
2026-08-29T02:30Z,3658,gA,1.965
2026-08-29T02:30Z,3658,gP,2.075
2026-08-29T02:30Z,3658,g98e5,1.925
2026-08-29T02:30Z,3661,gA,1.899
2026-08-29T02:30Z,3661,gP,2.009
2026-08-29T02:30Z,3661,g98e5,1.985
2026-08-29T02:30Z,3668,gA,1.885
2026-08-29T02:30Z,3668,gP,1.995
2026-08-29T02:30Z,3668,g98e5,1.975
2026-08-29T02:30Z,3668,gB,1.685
2026-08-29T02:30Z,3673,gA,1.885
2026-08-29T02:30Z,3675,gA,1.905
2026-08-29T02:30Z,3675,gP,2.015
2026-08-29T02:30Z,3675,g98e5,1.989
2026-08-29T02:30Z,3676,gA,1.945
2026-08-29T02:30Z,3676,gP,2.055
2026-08-29T02:30Z,3676,g98e5,1.935
2026-08-29T02:30Z,3676,gB,1.615
2026-08-29T02:30Z,3677,gA,1.935
2026-08-29T02:30Z,3677,gP,2.045
2026-08-29T02:30Z,3677,gB,1.609
2026-08-29T02:30Z,3680,gA,1.895
2026-08-29T02:30Z,3680,gP,1.965
2026-08-29T02:30Z,3680,g98e5,1.949
2026-08-29T02:30Z,3681,gA,1.899
2026-08-29T02:30Z,3681,gP,1.959
2026-08-29T02:30Z,3681,g98e5,1.959
2026-08-29T02:30Z,3682,gA,1.909
2026-08-29T02:30Z,3682,gP,2.019
2026-08-29T02:30Z,3682,g98e5,1.955
2026-08-29T02:30Z,3684,gA,1.899
2026-08-29T02:30Z,3684,gP,2.009
2026-08-29T02:30Z,3684,g98e5,1.989
2026-08-29T02:30Z,3685,gA,1.899
2026-08-29T02:30Z,3685,gP,1.959
2026-08-29T02:30Z,3687,gA,1.905
2026-08-29T02:30Z,3687,g98e5,1.995
2026-08-29T02:30Z,3688,g95e5,1.815
2026-08-29T02:30Z,3688,gA,1.919
2026-08-29T02:30Z,3690,gA,1.899
2026-08-29T02:30Z,3690,g98e5,1.939
2026-08-29T02:30Z,3692,gA,1.895
2026-08-29T02:30Z,3692,g98e5,1.979
2026-08-29T02:30Z,3692,gB,1.719
2026-08-29T02:30Z,3694,gA,1.895
2026-08-29T02:30Z,3694,g98e5,1.979
2026-08-29T02:30Z,3696,gA,1.899
2026-08-29T02:30Z,3696,gP,1.979
2026-08-29T02:30Z,3696,g98e5,1.985
2026-08-29T02:30Z,3697,g98e5,1.945
2026-08-29T02:30Z,3698,gA,1.939
2026-08-29T02:30Z,3698,gP,2.049
2026-08-29T02:30Z,3698,g98e5,1.919
2026-08-29T02:30Z,3699,gA,1.915
2026-08-29T02:30Z,3699,gP,1.995
2026-08-29T02:30Z,3699,g98e5,1.989
2026-08-29T02:30Z,3700,gA,1.899
2026-08-29T02:30Z,3700,gP,2.009
2026-08-29T02:30Z,3700,g98e5,1.979
2026-08-29T02:30Z,3701,gA,1.905
2026-08-29T02:30Z,3701,gP,2.015
2026-08-29T02:30Z,3701,g98e5,1.935
2026-08-29T02:30Z,3706,gA,1.917
2026-08-29T02:30Z,3706,gP,1.943
2026-08-29T02:30Z,3711,gA,1.889
2026-08-29T02:30Z,3711,gP,1.981
2026-08-29T02:30Z,3716,gA,1.899
2026-08-29T02:30Z,3716,gP,1.989
2026-08-29T02:30Z,3725,g98e5,1.919
2026-08-29T02:30Z,3725,g95e5p,1.789
2026-08-29T02:30Z,3731,g95e5,1.669
2026-08-29T02:30Z,3731,gA,1.769
2026-08-29T02:30Z,3731,g98e5,1.769
2026-08-29T02:30Z,3731,bio,1.669
2026-08-29T02:30Z,3736,g95e5,1.789
2026-08-29T02:30Z,3736,g95e5p,1.879
2026-08-29T02:30Z,3736,glp,1.169
2026-08-29T02:30Z,3745,gA,1.949
2026-08-29T02:30Z,3745,gP,2.029
2026-08-29T02:30Z,3748,gA,1.899
2026-08-29T02:30Z,3748,gP,2.009
2026-08-29T02:30Z,3748,g98e5,1.985
2026-08-29T02:30Z,3753,gA,1.899
2026-08-29T02:30Z,3753,gP,1.989
2026-08-29T02:30Z,3761,g95e5,1.579
2026-08-29T02:30Z,3761,gA,1.779
2026-08-29T02:30Z,3763,g95e5,1.785
2026-08-29T02:30Z,3763,gA,1.919
2026-08-29T02:30Z,3763,gP,1.979
2026-08-29T02:30Z,3763,g98e5,1.955
2026-08-29T02:30Z,3770,g95e5,1.815
2026-08-29T02:30Z,3770,gA,1.869
2026-08-29T02:30Z,3770,gP,1.929
2026-08-29T02:30Z,3770,g98e5,1.985
2026-08-29T02:30Z,3784,g95e5,1.785
2026-08-29T02:30Z,3784,gA,1.905
2026-08-29T02:30Z,3784,gP,1.965
2026-08-29T02:30Z,3784,g98e5,1.955
2026-08-29T02:30Z,3787,g95e5,1.819
2026-08-29T02:30Z,3787,gA,1.895
2026-08-29T02:30Z,3787,gP,1.955
2026-08-29T02:30Z,3787,g98e5,1.939
2026-08-29T02:30Z,3787,g95e5p,1.889
2026-08-29T02:30Z,3796,gA,1.879
2026-08-29T02:30Z,3796,gP,1.939
2026-08-29T02:30Z,3796,g98e5,2.005
2026-08-29T02:30Z,3798,g95e5,1.785
2026-08-29T02:30Z,3798,gA,1.905
2026-08-29T02:30Z,3798,gP,1.965
2026-08-29T02:30Z,3798,g98e5,1.955
2026-08-29T02:30Z,3798,gB,1.609
2026-08-29T02:30Z,3803,gA,1.889
2026-08-29T02:30Z,3803,gP,1.979
2026-08-29T02:30Z,3806,gA,1.925
2026-08-29T02:30Z,3806,gP,1.985
2026-08-29T02:30Z,3806,g98e5,1.969
2026-08-29T02:30Z,3807,g95e5,1.849
2026-08-29T02:30Z,3807,gA,1.919
2026-08-29T02:30Z,3807,g95e5p,1.919
2026-08-29T02:30Z,3809,gA,1.885
2026-08-29T02:30Z,3809,gP,1.945
2026-08-29T02:30Z,3809,g98e5,1.975
2026-08-29T02:30Z,3811,gA,1.885
2026-08-29T02:30Z,3811,gP,1.975
2026-08-29T02:30Z,3814,g95e5,1.805
2026-08-29T02:30Z,3814,gA,1.925
2026-08-29T02:30Z,3814,gP,1.985
2026-08-29T02:30Z,3814,g98e5,1.975
2026-08-29T02:30Z,3814,gB,1.639
2026-08-29T02:30Z,3823,gA,1.879
2026-08-29T02:30Z,3823,gP,1.939
2026-08-29T02:30Z,3823,g98e5,2.005
2026-08-29T02:30Z,3826,g95e5,1.785
2026-08-29T02:30Z,3826,gA,1.939
2026-08-29T02:30Z,3826,gP,1.999
2026-08-29T02:30Z,3827,g95e5,1.785
2026-08-29T02:30Z,3827,gA,1.905
2026-08-29T02:30Z,3827,gP,1.965
2026-08-29T02:30Z,3827,g95e5p,1.855
2026-08-29T02:30Z,3831,gA,1.869
2026-08-29T02:30Z,3831,gP,1.929
2026-08-29T02:30Z,3831,gB,1.579
2026-08-29T02:30Z,3832,gA,1.889
2026-08-29T02:30Z,3832,gP,1.949
2026-08-29T02:30Z,3832,g98e5,1.965
2026-08-29T02:30Z,3836,gA,1.879
2026-08-29T02:30Z,3839,gA,1.919
2026-08-29T02:30Z,3839,gP,1.979
2026-08-29T02:30Z,3839,g98e5,2.015
2026-08-29T02:30Z,3840,gA,1.929
2026-08-29T02:30Z,3840,gP,1.989
2026-08-29T02:30Z,3840,g98e5,2.015
2026-08-29T02:30Z,3841,gA,1.919
2026-08-29T02:30Z,3841,gP,1.979
2026-08-29T02:30Z,3841,g98e5,2.015
2026-08-29T02:30Z,3843,gA,1.925
2026-08-29T02:30Z,3843,gP,1.985
2026-08-29T02:30Z,3843,g98e5,1.949
2026-08-29T02:30Z,3844,gA,1.925
2026-08-29T02:30Z,3844,gP,1.985
2026-08-29T02:30Z,3844,g98e5,1.949
2026-08-29T02:30Z,3847,gA,1.895
2026-08-29T02:30Z,3851,g95e5,1.829
2026-08-29T02:30Z,3851,gA,1.885
2026-08-29T02:30Z,3851,gP,1.945
2026-08-29T02:30Z,3851,g98e5,1.999
2026-08-29T02:30Z,3852,g95e5,1.839
2026-08-29T02:30Z,3852,gA,1.879
2026-08-29T02:30Z,3852,gP,1.939
2026-08-29T02:30Z,3852,g98e5,2.009
2026-08-29T02:30Z,3855,gA,1.879
2026-08-29T02:30Z,3855,gP,1.939
2026-08-29T02:30Z,3855,g98e5,2.005
2026-08-29T02:30Z,3857,gA,1.879
2026-08-29T02:30Z,3857,gP,1.939
2026-08-29T02:30Z,3860,gA,1.889
2026-08-29T02:30Z,3860,gP,1.979
2026-08-29T02:30Z,3862,g95e5,1.835
2026-08-29T02:30Z,3862,gA,1.895
2026-08-29T02:30Z,3862,gP,1.955
2026-08-29T02:30Z,3862,g98e5,2.005
2026-08-29T02:30Z,3866,gA,1.925
2026-08-29T02:30Z,3866,gP,1.985
2026-08-29T02:30Z,3866,g98e5,2.015
2026-08-29T02:30Z,3872,gA,1.925
2026-08-29T02:30Z,3872,g98e5,2.015
2026-08-29T02:30Z,3876,g95e5,1.789
2026-08-29T02:30Z,3876,gA,1.939
2026-08-29T02:30Z,3876,g98e5,1.959
2026-08-29T02:30Z,3878,g95e5,1.785
2026-08-29T02:30Z,3878,gA,1.865
2026-08-29T02:30Z,3878,gP,1.925
2026-08-29T02:30Z,3878,g98e5,1.955
2026-08-29T02:30Z,3878,gB,1.579
2026-08-29T02:30Z,3881,gA,1.929
2026-08-29T02:30Z,3881,gP,2.009
2026-08-29T02:30Z,3882,gA,1.929
2026-08-29T02:30Z,3882,gP,1.989
2026-08-29T02:30Z,3882,g98e5,2.025
2026-08-29T02:30Z,3882,gB,1.635
2026-08-29T02:30Z,3884,g95e5,1.819
2026-08-29T02:30Z,3884,gA,1.879
2026-08-29T02:30Z,3884,gP,1.939
2026-08-29T02:30Z,3884,g98e5,1.989
2026-08-29T02:30Z,3885,gA,1.885
2026-08-29T02:30Z,3885,gP,1.975
2026-08-29T02:30Z,3886,gA,1.849
2026-08-29T02:30Z,3886,gP,1.959
2026-08-29T02:30Z,3887,gA,1.899
2026-08-29T02:30Z,3887,gB,1.639
2026-08-29T02:30Z,3889,g95e5,1.829
2026-08-29T02:30Z,3889,gA,1.895
2026-08-29T02:30Z,3889,g98e5,1.999
2026-08-29T02:30Z,3891,gA,1.929
2026-08-29T02:30Z,3891,gP,1.999
2026-08-29T02:30Z,3892,gA,1.929
2026-08-29T02:30Z,3892,gP,1.999
2026-08-29T02:30Z,3895,g95e5,1.809
2026-08-29T02:30Z,3895,gA,1.869
2026-08-29T02:30Z,3895,g98e5,1.979
2026-08-29T02:30Z,3896,g95e5,1.799
2026-08-29T02:30Z,3896,gA,1.915
2026-08-29T02:30Z,3896,gB,1.579
2026-08-29T02:30Z,3897,gA,1.899
2026-08-29T02:30Z,3897,g98e5,1.955
2026-08-29T02:30Z,3898,g95e5,1.845
2026-08-29T02:30Z,3898,gA,1.895
2026-08-29T02:30Z,3898,gP,1.955
2026-08-29T02:30Z,3898,g98e5,1.965
2026-08-29T02:30Z,3899,gA,1.885
2026-08-29T02:30Z,3899,g98e5,1.975
2026-08-29T02:30Z,3901,g95e5,1.785
2026-08-29T02:30Z,3901,gA,1.865
2026-08-29T02:30Z,3901,gP,1.925
2026-08-29T02:30Z,3901,g98e5,1.955
2026-08-29T02:30Z,3902,g95e5,1.805
2026-08-29T02:30Z,3902,gA,1.915
2026-08-29T02:30Z,3902,gP,1.975
2026-08-29T02:30Z,3902,g98e5,1.975
2026-08-29T02:30Z,3904,g95e5,1.839
2026-08-29T02:30Z,3904,gA,1.879
2026-08-29T02:30Z,3904,gP,1.939
2026-08-29T02:30Z,3904,g98e5,1.959
2026-08-29T02:30Z,3906,gA,1.919
2026-08-29T02:30Z,3907,gA,1.919
2026-08-29T02:30Z,3907,gP,1.979
2026-08-29T02:30Z,3907,g98e5,1.915
2026-08-29T02:30Z,3907,gB,1.635
2026-08-29T02:30Z,3913,gA,1.879
2026-08-29T02:30Z,3913,gP,1.969
2026-08-29T02:30Z,3916,g95e5,1.815
2026-08-29T02:30Z,3916,gA,1.879
2026-08-29T02:30Z,3916,gP,1.939
2026-08-29T02:30Z,3916,g98e5,1.985
2026-08-29T02:30Z,3921,gA,1.885
2026-08-29T02:30Z,3921,gP,1.975
2026-08-29T02:30Z,3924,g95e5,1.834
2026-08-29T02:30Z,3924,g98e5,1.944
2026-08-29T02:30Z,3924,g95e5p,1.909
2026-08-29T02:30Z,3929,gA,1.869
2026-08-29T02:30Z,3929,gP,1.959
2026-08-29T02:30Z,3932,gA,1.925
2026-08-29T02:30Z,3932,gP,1.985
2026-08-29T02:30Z,3932,g98e5,2.005
2026-08-29T02:30Z,3936,gA,1.889
2026-08-29T02:30Z,3936,gP,1.959
2026-08-29T02:30Z,3937,g95e5,1.835
2026-08-29T02:30Z,3937,gA,1.879
2026-08-29T02:30Z,3940,gA,1.869
2026-08-29T02:30Z,3940,g98e5,1.955
2026-08-29T02:30Z,3953,g95e5,1.815
2026-08-29T02:30Z,3953,gA,1.889
2026-08-29T02:30Z,3953,g98e5,1.985
2026-08-29T02:30Z,3953,g95e5p,1.875
2026-08-29T02:30Z,3953,gB,1.625
2026-08-29T02:30Z,3955,g95e5,1.819
2026-08-29T02:30Z,3955,gA,1.905
2026-08-29T02:30Z,3956,g95e5,1.819
2026-08-29T02:30Z,3956,gA,1.909
2026-08-29T02:30Z,3956,g98e5,1.939
2026-08-29T02:30Z,3958,g95e5,1.859
2026-08-29T02:30Z,3958,gA,1.869
2026-08-29T02:30Z,3958,gP,1.929
2026-08-29T02:30Z,3958,g98e5,1.979
2026-08-29T02:30Z,3960,g95e5,1.829
2026-08-29T02:30Z,3960,gA,1.885
2026-08-29T02:30Z,3960,gP,1.945
2026-08-29T02:30Z,3960,g98e5,1.999
2026-08-29T02:30Z,3963,g95e5,1.819
2026-08-29T02:30Z,3963,gA,1.889
2026-08-29T02:30Z,3963,g98e5,1.939
2026-08-29T02:30Z,3964,g95e5,1.785
2026-08-29T02:30Z,3964,gA,1.939
2026-08-29T02:30Z,3964,gP,1.999
2026-08-29T02:30Z,3964,g98e5,1.955
2026-08-29T02:30Z,3964,gB,1.579
2026-08-29T02:30Z,3965,g95e5,1.559
2026-08-29T02:30Z,3996,gA,1.885
2026-08-29T02:30Z,3996,gP,1.975
2026-08-29T02:30Z,4012,gA,1.895
2026-08-29T02:30Z,4012,gP,1.985
2026-08-29T02:30Z,4014,gA,1.889
2026-08-29T02:30Z,4014,gP,1.979
2026-08-29T02:30Z,4015,g95e5,1.799
2026-08-29T02:30Z,4015,gA,1.909
2026-08-29T02:30Z,4015,g98e5,1.969
2026-08-29T02:30Z,4015,gB,1.635
2026-08-29T02:30Z,4018,g95e5,1.839
2026-08-29T02:30Z,4018,gA,1.895
2026-08-29T02:30Z,4018,gP,1.955
2026-08-29T02:30Z,4018,g98e5,2.009
2026-08-29T02:30Z,4019,gA,1.885
2026-08-29T02:30Z,4019,gP,1.975
2026-08-29T02:30Z,4021,g95e5,1.785
2026-08-29T02:30Z,4021,gA,1.939
2026-08-29T02:30Z,4021,gP,1.999
2026-08-29T02:30Z,4021,g98e5,1.955
2026-08-29T02:30Z,4025,gA,1.895
2026-08-29T02:30Z,4025,gP,1.985
2026-08-29T02:30Z,4032,g95e5,1.839
2026-08-29T02:30Z,4032,gA,1.895
2026-08-29T02:30Z,4032,gP,1.955
2026-08-29T02:30Z,4032,g98e5,2.009
2026-08-29T02:30Z,4032,g95e5p,1.919
2026-08-29T02:30Z,4034,g95e5,1.835
2026-08-29T02:30Z,4034,gA,1.895
2026-08-29T02:30Z,4034,g98e5,2.005
2026-08-29T02:30Z,4036,g95e5,1.835
2026-08-29T02:30Z,4036,gA,1.885
2026-08-29T02:30Z,4036,gP,1.945
2026-08-29T02:30Z,4036,g98e5,1.955
2026-08-29T02:30Z,4038,g95e5,1.785
2026-08-29T02:30Z,4038,gA,1.865
2026-08-29T02:30Z,4038,gP,1.925
2026-08-29T02:30Z,4038,gB,1.589
2026-08-29T02:30Z,4039,gA,1.885
2026-08-29T02:30Z,4039,gP,1.975
2026-08-29T02:30Z,4044,gA,1.899
2026-08-29T02:30Z,4044,gB,1.639
2026-08-29T02:30Z,4046,gA,1.919
2026-08-29T02:30Z,4046,gP,1.979
2026-08-29T02:30Z,4046,g98e5,2.015
2026-08-29T02:30Z,4053,g95e5,1.804
2026-08-29T02:30Z,4053,g95e5p,1.879
2026-08-29T02:30Z,4060,g95e5,1.785
2026-08-29T02:30Z,4060,gA,1.865
2026-08-29T02:30Z,4060,gP,1.925
2026-08-29T02:30Z,4060,gB,1.579
2026-08-29T02:30Z,4061,g95e5,1.619
2026-08-29T02:30Z,4061,gA,1.779
2026-08-29T02:30Z,4061,gP,1.889
2026-08-29T02:30Z,4061,g98e5,1.759
2026-08-29T02:30Z,4062,g95e5,1.785
2026-08-29T02:30Z,4062,gA,1.899
2026-08-29T02:30Z,4062,gP,1.959
2026-08-29T02:30Z,4062,g98e5,1.955
2026-08-29T02:30Z,4064,g95e5,1.834
2026-08-29T02:30Z,4064,g95e5p,1.879
2026-08-29T02:30Z,4069,g95e5,1.785
2026-08-29T02:30Z,4069,gA,1.909
2026-08-29T02:30Z,4069,gP,1.969
2026-08-29T02:30Z,4069,g95e5p,1.845
2026-08-29T02:30Z,4071,g95e5,1.835
2026-08-29T02:30Z,4071,gA,1.885
2026-08-29T02:30Z,4071,gP,1.945
2026-08-29T02:30Z,4071,g98e5,1.955
2026-08-29T02:30Z,4072,gA,1.885
2026-08-29T02:30Z,4072,gP,1.945
2026-08-29T02:30Z,4073,g95e5,1.849
2026-08-29T02:30Z,4073,gA,1.889
2026-08-29T02:30Z,4073,g98e5,1.969
2026-08-29T02:30Z,4074,g95e5,1.829
2026-08-29T02:30Z,4074,gA,1.889
2026-08-29T02:30Z,4074,gP,1.949
2026-08-29T02:30Z,4074,g98e5,1.999
2026-08-29T02:30Z,4075,g95e5,1.835
2026-08-29T02:30Z,4075,gA,1.889
2026-08-29T02:30Z,4075,gP,1.949
2026-08-29T02:30Z,4075,g98e5,2.005
2026-08-29T02:30Z,4076,g95e5,1.829
2026-08-29T02:30Z,4076,gA,1.889
2026-08-29T02:30Z,4076,gP,1.949
2026-08-29T02:30Z,4076,g98e5,1.959
2026-08-29T02:30Z,4078,g95e5,1.839
2026-08-29T02:30Z,4078,gA,1.889
2026-08-29T02:30Z,4078,gP,1.949
2026-08-29T02:30Z,4078,g98e5,2.009
2026-08-29T02:30Z,4079,gA,1.899
2026-08-29T02:30Z,4079,g98e5,1.955
2026-08-29T02:30Z,4080,g95e5,1.829
2026-08-29T02:30Z,4080,gA,1.885
2026-08-29T02:30Z,4080,gP,1.945
2026-08-29T02:30Z,4080,g98e5,1.999
2026-08-29T02:30Z,4085,gA,1.925
2026-08-29T02:30Z,4085,gP,1.985
2026-08-29T02:30Z,4085,g98e5,2.015
2026-08-29T02:30Z,4088,g95e5,1.839
2026-08-29T02:30Z,4088,gA,1.895
2026-08-29T02:30Z,4089,gA,1.885
2026-08-29T02:30Z,4089,gP,1.945
2026-08-29T02:30Z,4089,g98e5,1.985
2026-08-29T02:30Z,4090,gA,1.895
2026-08-29T02:30Z,4090,gP,1.955
2026-08-29T02:30Z,4090,g98e5,1.989
2026-08-29T02:30Z,4091,g95e5,1.849
2026-08-29T02:30Z,4091,gA,1.889
2026-08-29T02:30Z,4091,gP,1.949
2026-08-29T02:30Z,4093,gA,1.899
2026-08-29T02:30Z,4093,gP,1.959
2026-08-29T02:30Z,4093,g98e5,1.959
2026-08-29T02:30Z,4094,gA,1.929
2026-08-29T02:30Z,4094,gP,1.989
2026-08-29T02:30Z,4094,gB,1.625
2026-08-29T02:30Z,4095,gA,1.919
2026-08-29T02:30Z,4095,gP,1.979
2026-08-29T02:30Z,4095,g98e5,2.015
2026-08-29T02:30Z,4096,gA,1.879
2026-08-29T02:30Z,4096,gP,1.939
2026-08-29T02:30Z,4096,g98e5,1.955
2026-08-29T02:30Z,4097,gA,1.879
2026-08-29T02:30Z,4097,gP,1.939
2026-08-29T02:30Z,4097,g98e5,1.955
2026-08-29T02:30Z,4098,gA,1.899
2026-08-29T02:30Z,4098,gP,1.959
2026-08-29T02:30Z,4098,g98e5,1.959
2026-08-29T02:30Z,4099,gA,1.747
2026-08-29T02:30Z,4104,g95e5,1.859
2026-08-29T02:30Z,4104,gA,1.939
2026-08-29T02:30Z,4104,gP,1.999
2026-08-29T02:30Z,4104,g98e5,1.979
2026-08-29T02:30Z,4108,gA,1.899
2026-08-29T02:30Z,4108,gP,1.989
2026-08-29T02:30Z,4109,g95e5,1.845
2026-08-29T02:30Z,4109,gA,1.929
2026-08-29T02:30Z,4109,gP,2.019
2026-08-29T02:30Z,4109,g98e5,1.985
2026-08-29T02:30Z,4110,g95e5,1.845
2026-08-29T02:30Z,4110,gA,1.929
2026-08-29T02:30Z,4110,gP,2.019
2026-08-29T02:30Z,4110,g98e5,1.985
2026-08-29T02:30Z,4111,g95e5,1.859
2026-08-29T02:30Z,4111,gA,1.939
2026-08-29T02:30Z,4111,gP,1.999
2026-08-29T02:30Z,4111,g98e5,1.979
2026-08-29T02:30Z,4116,g95e5,1.649
2026-08-29T02:30Z,4116,g98e5,1.749
2026-08-29T02:30Z,4116,bio,1.649
2026-08-29T02:30Z,4117,gA,1.869
2026-08-29T02:30Z,4117,gP,1.959
2026-08-29T02:30Z,4118,gA,1.925
2026-08-29T02:30Z,4118,gP,1.985
2026-08-29T02:30Z,4118,g98e5,2.005
2026-08-29T02:30Z,4127,gA,1.889
2026-08-29T02:30Z,4127,gP,1.949
2026-08-29T02:30Z,4127,g98e5,1.989
2026-08-29T02:30Z,4128,gA,1.619
2026-08-29T02:30Z,4147,gP,1.928
2026-08-29T02:30Z,4147,g95e5p,1.788
2026-08-29T02:30Z,4155,gA,1.910
2026-08-29T02:30Z,4158,gA,1.919
2026-08-29T02:30Z,4158,gP,2.009
2026-08-29T02:30Z,4160,g95e5,1.799
2026-08-29T02:30Z,4160,g98e5,1.949
2026-08-29T02:30Z,4166,gA,1.905
2026-08-29T02:30Z,4166,g98e5,1.935
2026-08-29T02:30Z,4167,g95e5,1.794
2026-08-29T02:30Z,4169,gA,1.879
2026-08-29T02:30Z,4169,gP,1.969
2026-08-29T02:30Z,4169,gB,1.599
2026-08-29T02:30Z,4172,gA,1.875
2026-08-29T02:30Z,4174,g95e5,1.795
2026-08-29T02:30Z,4174,gA,1.889
2026-08-29T02:30Z,4175,g95e5,1.759
2026-08-29T02:30Z,4175,gA,1.919
2026-08-29T02:30Z,4175,gP,2.014
2026-08-29T02:30Z,4175,g98e5,1.905
2026-08-29T02:30Z,4175,gB,1.633
2026-08-29T02:30Z,4186,gA,1.919
2026-08-29T02:30Z,4186,gP,2.009
2026-08-29T02:30Z,4193,g95e5,1.774
2026-08-29T02:30Z,4196,g95e5,1.769
2026-08-29T02:30Z,4196,g98e5,1.899
2026-08-29T02:30Z,4196,gB,1.689
2026-08-29T02:30Z,4198,gA,1.909
2026-08-29T02:30Z,4198,g98e5,1.915
2026-08-29T02:30Z,4199,gA,1.905
2026-08-29T02:30Z,4202,gA,1.899
2026-08-29T02:30Z,4203,gA,1.899
2026-08-29T02:30Z,4203,gP,2.019
2026-08-29T02:30Z,4204,gA,1.909
2026-08-29T02:30Z,4205,gA,1.905
2026-08-29T02:30Z,4205,g98e5,1.925
2026-08-29T02:30Z,4206,gA,1.905
2026-08-29T02:30Z,4206,gP,2.015
2026-08-29T02:30Z,4206,g98e5,1.925
2026-08-29T02:30Z,4207,gA,1.935
2026-08-29T02:30Z,4207,g98e5,1.909
2026-08-29T02:30Z,4211,g95e5,1.759
2026-08-29T02:30Z,4211,gA,1.895
2026-08-29T02:30Z,4214,gA,1.939
2026-08-29T02:30Z,4214,g98e5,1.935
2026-08-29T02:30Z,4216,g95e5,1.789
2026-08-29T02:30Z,4216,gA,1.925
2026-08-29T02:30Z,4216,g98e5,1.909
2026-08-29T02:30Z,4216,gB,1.705
2026-08-29T02:30Z,4218,g95e5,1.579
2026-08-29T02:30Z,4218,gA,1.775
2026-08-29T02:30Z,4218,gP,1.885
2026-08-29T02:30Z,4218,g98e5,1.749
2026-08-29T02:30Z,4223,gA,1.939
2026-08-29T02:30Z,4223,g98e5,1.935
2026-08-29T02:30Z,4223,gB,1.669
2026-08-29T02:30Z,4225,gA,1.929
2026-08-29T02:30Z,4225,g98e5,1.869
2026-08-29T02:30Z,4228,gA,1.879
2026-08-29T02:30Z,4228,gP,1.969
2026-08-29T02:30Z,4229,g95e5,1.785
2026-08-29T02:30Z,4229,gA,1.899
2026-08-29T02:30Z,4229,g98e5,1.905
2026-08-29T02:30Z,4230,gA,1.899
2026-08-29T02:30Z,4230,g98e5,1.919
2026-08-29T02:30Z,4231,gA,1.919
2026-08-29T02:30Z,4231,g98e5,1.905
2026-08-29T02:30Z,4233,gA,1.929
2026-08-29T02:30Z,4233,g98e5,1.869
2026-08-29T02:30Z,4238,gA,1.925
2026-08-29T02:30Z,4238,g98e5,1.935
2026-08-29T02:30Z,4243,gA,1.929
2026-08-29T02:30Z,4243,gP,2.019
2026-08-29T02:30Z,4245,gA,1.875
2026-08-29T02:30Z,4245,g98e5,1.869
2026-08-29T02:30Z,4246,gA,1.939
2026-08-29T02:30Z,4246,gP,2.039
2026-08-29T02:30Z,4249,gA,1.895
2026-08-29T02:30Z,4249,gB,1.649
2026-08-29T02:30Z,4250,g95e5,1.815
2026-08-29T02:30Z,4250,gA,1.919
2026-08-29T02:30Z,4251,gA,1.909
2026-08-29T02:30Z,4258,gA,1.939
2026-08-29T02:30Z,4258,g98e5,1.935
2026-08-29T02:30Z,4259,gA,1.925
2026-08-29T02:30Z,4259,g98e5,1.935
2026-08-29T02:30Z,4264,gA,1.929
2026-08-29T02:30Z,4264,gP,2.039
2026-08-29T02:30Z,4265,gA,1.929
2026-08-29T02:30Z,4265,gP,2.039
2026-08-29T02:30Z,4267,gA,1.899
2026-08-29T02:30Z,4267,g98e5,1.919
2026-08-29T02:30Z,4269,g95e5,1.775
2026-08-29T02:30Z,4269,gA,1.905
2026-08-29T02:30Z,4270,gA,1.895
2026-08-29T02:30Z,4270,g98e5,1.919
2026-08-29T02:30Z,4275,gA,1.909
2026-08-29T02:30Z,4275,g98e5,1.869
2026-08-29T02:30Z,4275,gB,1.649
2026-08-29T02:30Z,4277,g95e5,1.775
2026-08-29T02:30Z,4277,gA,1.935
2026-08-29T02:30Z,4277,g95e5p,1.845
2026-08-29T02:30Z,4278,gA,1.949
2026-08-29T02:30Z,4278,gP,2.019
2026-08-29T02:30Z,4278,gB,1.659
2026-08-29T02:30Z,4283,gA,1.929
2026-08-29T02:30Z,4283,gP,2.019
2026-08-29T02:30Z,4284,g95e5,1.809
2026-08-29T02:30Z,4284,gA,1.925
2026-08-29T02:30Z,4284,g98e5,1.929
2026-08-29T02:30Z,4286,gA,1.889
2026-08-29T02:30Z,4286,g98e5,1.879
2026-08-29T02:30Z,4289,gA,1.889
2026-08-29T02:30Z,4289,g98e5,1.919
2026-08-29T02:30Z,4290,gA,1.889
2026-08-29T02:30Z,4290,g98e5,1.919
2026-08-29T02:30Z,4306,g95e5,1.795
2026-08-29T02:30Z,4306,gA,1.915
2026-08-29T02:30Z,4306,gP,1.975
2026-08-29T02:30Z,4306,g98e5,1.915
2026-08-29T02:30Z,4306,gnc,1.739
2026-08-29T02:30Z,4307,g95e5,1.795
2026-08-29T02:30Z,4307,gA,1.909
2026-08-29T02:30Z,4307,gP,1.969
2026-08-29T02:30Z,4307,g98e5,1.965
2026-08-29T02:30Z,4307,gB,1.669
2026-08-29T02:30Z,4309,g95e5,1.749
2026-08-29T02:30Z,4309,gA,1.869
2026-08-29T02:30Z,4309,gP,1.979
2026-08-29T02:30Z,4309,g98e5,1.919
2026-08-29T02:30Z,4314,gA,1.929
2026-08-29T02:30Z,4314,gP,2.019
2026-08-29T02:30Z,4316,gA,1.939
2026-08-29T02:30Z,4316,gP,2.029
2026-08-29T02:30Z,4317,g95e5,1.819
2026-08-29T02:30Z,4317,gA,1.949
2026-08-29T02:30Z,4317,g98e5,2.009
2026-08-29T02:30Z,4319,gA,1.959
2026-08-29T02:30Z,4319,g98e5,1.955
2026-08-29T02:30Z,4320,gA,1.964
2026-08-29T02:30Z,4320,gP,2.049
2026-08-29T02:30Z,4321,gA,1.935
2026-08-29T02:30Z,4321,gP,2.025
2026-08-29T02:30Z,4322,gA,1.929
2026-08-29T02:30Z,4324,gA,1.919
2026-08-29T02:30Z,4324,gP,2.029
2026-08-29T02:30Z,4324,g98e5,1.955
2026-08-29T02:30Z,4325,gA,1.944
2026-08-29T02:30Z,4325,gP,1.984
2026-08-29T02:30Z,4327,gA,1.939
2026-08-29T02:30Z,4327,g98e5,1.935
2026-08-29T02:30Z,4328,gA,1.949
2026-08-29T02:30Z,4328,g98e5,1.989
2026-08-29T02:30Z,4329,gA,1.949
2026-08-29T02:30Z,4329,g98e5,1.989
2026-08-29T02:30Z,4333,gA,1.929
2026-08-29T02:30Z,4333,g98e5,1.929
2026-08-29T02:30Z,4334,gA,1.949
2026-08-29T02:30Z,4334,gP,2.029
2026-08-29T02:30Z,4334,g98e5,1.949
2026-08-29T02:30Z,4337,gA,1.955
2026-08-29T02:30Z,4337,g98e5,1.989
2026-08-29T02:30Z,4339,g95e5,1.805
2026-08-29T02:30Z,4339,gA,1.935
2026-08-29T02:30Z,4339,g98e5,1.925
2026-08-29T02:30Z,4340,gA,1.949
2026-08-29T02:30Z,4340,g98e5,1.959
2026-08-29T02:30Z,4342,gA,1.989
2026-08-29T02:30Z,4342,g98e5,1.965
2026-08-29T02:30Z,4346,gA,1.964
2026-08-29T02:30Z,4346,gP,2.049
2026-08-29T02:30Z,4347,gA,1.949
2026-08-29T02:30Z,4347,g98e5,1.939
2026-08-29T02:30Z,4349,gA,1.955
2026-08-29T02:30Z,4349,g98e5,1.939
2026-08-29T02:30Z,4351,gA,1.955
2026-08-29T02:30Z,4351,g98e5,1.939
2026-08-29T02:30Z,4352,gA,1.939
2026-08-29T02:30Z,4352,g98e5,1.985
2026-08-29T02:30Z,4353,g98e5,1.939
2026-08-29T02:30Z,4354,g95e5,1.795
2026-08-29T02:30Z,4354,gA,1.919
2026-08-29T02:30Z,4354,g98e5,1.935
2026-08-29T02:30Z,4356,gA,1.925
2026-08-29T02:30Z,4356,gP,2.015
2026-08-29T02:30Z,4358,gA,1.939
2026-08-29T02:30Z,4358,g98e5,1.939
2026-08-29T02:30Z,4448,g98e5,1.939
2026-08-29T02:30Z,4451,g95e5,1.779
2026-08-29T02:30Z,4451,gA,1.929
2026-08-29T02:30Z,4451,gP,1.989
2026-08-29T02:30Z,4451,g98e5,1.899
2026-08-29T02:30Z,4452,gA,1.909
2026-08-29T02:30Z,4452,gP,1.999
2026-08-29T02:30Z,4454,gA,1.939
2026-08-29T02:30Z,4454,gP,2.029
2026-08-29T02:30Z,4456,g95e5,1.795
2026-08-29T02:30Z,4456,gA,1.929
2026-08-29T02:30Z,4456,gP,2.019
2026-08-29T02:30Z,4456,g98e5,1.935
2026-08-29T02:30Z,4461,gA,1.955
2026-08-29T02:30Z,4461,g98e5,1.939
2026-08-29T02:30Z,4462,g95e5,1.815
2026-08-29T02:30Z,4462,gA,1.939
2026-08-29T02:30Z,4462,g98e5,1.935
2026-08-29T02:30Z,4463,gA,1.964
2026-08-29T02:30Z,4463,gP,2.049
2026-08-29T02:30Z,4463,gB,1.769
2026-08-29T02:30Z,4467,gA,1.955
2026-08-29T02:30Z,4467,g98e5,1.939
2026-08-29T02:30Z,4468,gA,1.955
2026-08-29T02:30Z,4468,g98e5,1.945
2026-08-29T02:30Z,4469,gA,1.929
2026-08-29T02:30Z,4469,gP,2.019
2026-08-29T02:30Z,4470,g95e5,1.809
2026-08-29T02:30Z,4470,gA,1.939
2026-08-29T02:30Z,4470,gP,2.029
2026-08-29T02:30Z,4470,g98e5,1.949
2026-08-29T02:30Z,4474,gA,1.955
2026-08-29T02:30Z,4478,gA,1.949
2026-08-29T02:30Z,4478,g98e5,1.929
2026-08-29T02:30Z,4483,g98e5,1.985
2026-08-29T02:30Z,4484,gA,1.919
2026-08-29T02:30Z,4485,g95e5,1.819
2026-08-29T02:30Z,4485,g95e5p,1.879
2026-08-29T02:30Z,4486,g95e5,1.819
2026-08-29T02:30Z,4486,g95e5p,1.879
2026-08-29T02:30Z,4488,gA,1.939
2026-08-29T02:30Z,4492,gA,1.964
2026-08-29T02:30Z,4492,gP,2.049
2026-08-29T02:30Z,4496,gA,1.935
2026-08-29T02:30Z,4497,gA,1.935
2026-08-29T02:30Z,4498,gA,1.945
2026-08-29T02:30Z,4499,gA,1.939
2026-08-29T02:30Z,4500,gA,1.935
2026-08-29T02:30Z,4501,gA,1.935
2026-08-29T02:30Z,4505,gA,1.915
2026-08-29T02:30Z,4505,gP,2.005
2026-08-29T02:30Z,4507,gA,1.915
2026-08-29T02:30Z,4511,gA,1.915
2026-08-29T02:30Z,4511,gP,2.015
2026-08-29T02:30Z,4512,gA,1.964
2026-08-29T02:30Z,4512,gP,2.049
2026-08-29T02:30Z,4513,gA,1.929
2026-08-29T02:30Z,4515,gA,1.984
2026-08-29T02:30Z,4515,gP,2.049
2026-08-29T02:30Z,4516,gA,1.984
2026-08-29T02:30Z,4516,gP,2.049
2026-08-29T02:30Z,4517,g95e5,1.809
2026-08-29T02:30Z,4518,g95e5,1.829
2026-08-29T02:30Z,4518,gA,1.945
2026-08-29T02:30Z,4518,gP,2.035
2026-08-29T02:30Z,4518,g98e5,1.969
2026-08-29T02:30Z,4521,g95e5,1.809
2026-08-29T02:30Z,4521,gA,1.939
2026-08-29T02:30Z,4524,gA,1.965
2026-08-29T02:30Z,4524,g98e5,1.905
2026-08-29T02:30Z,4525,gA,1.955
2026-08-29T02:30Z,4525,g98e5,1.939
2026-08-29T02:30Z,4526,gA,1.939
2026-08-29T02:30Z,4526,g98e5,1.939
2026-08-29T02:30Z,4527,gA,1.945
2026-08-29T02:30Z,4527,g98e5,1.985
2026-08-29T02:30Z,4528,gA,1.959
2026-08-29T02:30Z,4528,g98e5,1.955
2026-08-29T02:30Z,4531,gA,1.955
2026-08-29T02:30Z,4531,g98e5,2.035
2026-08-29T02:30Z,4538,g95e5,1.815
2026-08-29T02:30Z,4538,gA,1.955
2026-08-29T02:30Z,4538,g98e5,1.935
2026-08-29T02:30Z,4538,g95e5p,1.885
2026-08-29T02:30Z,4539,g95e5,1.819
2026-08-29T02:30Z,4539,g98e5,1.954
2026-08-29T02:30Z,4540,g95e5,1.789
2026-08-29T02:30Z,4540,gA,1.989
2026-08-29T02:30Z,4540,g98e5,1.959
2026-08-29T02:30Z,4540,gB,1.709
2026-08-29T02:30Z,4541,gA,1.969
2026-08-29T02:30Z,4541,g98e5,1.955
2026-08-29T02:30Z,4542,gA,1.955
2026-08-29T02:30Z,4542,gP,2.065
2026-08-29T02:30Z,4542,g98e5,1.979
2026-08-29T02:30Z,4543,gA,1.965
2026-08-29T02:30Z,4543,g98e5,1.989
2026-08-29T02:30Z,4544,g95e5,1.815
2026-08-29T02:30Z,4544,g98e5,1.935
2026-08-29T02:30Z,4544,g95e5p,1.885
2026-08-29T02:30Z,4546,g98e5,1.939
2026-08-29T02:30Z,4547,g95e5,1.815
2026-08-29T02:30Z,4547,gA,1.939
2026-08-29T02:30Z,4549,g95e5,1.799
2026-08-29T02:30Z,4549,gA,1.929
2026-08-29T02:30Z,4556,gA,1.964
2026-08-29T02:30Z,4556,gP,2.049
2026-08-29T02:30Z,4557,g95e5,1.795
2026-08-29T02:30Z,4557,gA,1.989
2026-08-29T02:30Z,4560,g95e5,1.825
2026-08-29T02:30Z,4560,gA,1.949
2026-08-29T02:30Z,4561,g95e5,1.809
2026-08-29T02:30Z,4561,gA,1.945
2026-08-29T02:30Z,4563,gA,1.945
2026-08-29T02:30Z,4565,gA,1.945
2026-08-29T02:30Z,4568,gA,1.975
2026-08-29T02:30Z,4568,g98e5,1.915
2026-08-29T02:30Z,4571,gA,1.919
2026-08-29T02:30Z,4571,gP,2.009
2026-08-29T02:30Z,4576,gA,1.945
2026-08-29T02:30Z,4576,gB,1.709
2026-08-29T02:30Z,4577,gA,1.945
2026-08-29T02:30Z,4578,gA,1.939
2026-08-29T02:30Z,4579,gA,1.949
2026-08-29T02:30Z,4579,g98e5,1.939
2026-08-29T02:30Z,4580,gA,1.935
2026-08-29T02:30Z,4580,g98e5,1.929
2026-08-29T02:30Z,4582,g95e5,1.809
2026-08-29T02:30Z,4582,gA,1.955
2026-08-29T02:30Z,4583,gA,1.935
2026-08-29T02:30Z,4583,gP,2.025
2026-08-29T02:30Z,4586,gA,1.965
2026-08-29T02:30Z,4588,g95e5,1.819
2026-08-29T02:30Z,4588,gA,1.939
2026-08-29T02:30Z,4588,g98e5,1.939
2026-08-29T02:30Z,4591,gA,1.949
2026-08-29T02:30Z,4591,gP,2.029
2026-08-29T02:30Z,4591,gB,1.699
2026-08-29T02:30Z,4593,gA,1.964
2026-08-29T02:30Z,4593,gP,2.049
2026-08-29T02:30Z,4595,gA,1.939
2026-08-29T02:30Z,4595,g98e5,1.985
2026-08-29T02:30Z,4597,gA,1.934
2026-08-29T02:30Z,4597,gP,2.044
2026-08-29T02:30Z,4598,gA,1.935
2026-08-29T02:30Z,4598,g98e5,1.939
2026-08-29T02:30Z,4603,g95e5,1.795
2026-08-29T02:30Z,4603,gA,1.919
2026-08-29T02:30Z,4604,gA,1.929
2026-08-29T02:30Z,4604,g98e5,1.975
2026-08-29T02:30Z,4605,gA,1.955
2026-08-29T02:30Z,4605,g98e5,1.939
2026-08-29T02:30Z,4606,gA,1.935
2026-08-29T02:30Z,4607,g95e5,1.815
2026-08-29T02:30Z,4607,gA,1.945
2026-08-29T02:30Z,4607,g98e5,1.935
2026-08-29T02:30Z,4608,gA,1.935
2026-08-29T02:30Z,4608,gP,2.025
2026-08-29T02:30Z,4609,gA,1.949
2026-08-29T02:30Z,4610,gA,1.929
2026-08-29T02:30Z,4611,gA,1.945
2026-08-29T02:30Z,4611,g98e5,1.985
2026-08-29T02:30Z,4613,gA,1.955
2026-08-29T02:30Z,4613,g98e5,1.945
2026-08-29T02:30Z,4614,gA,1.939
2026-08-29T02:30Z,4614,g98e5,1.915
2026-08-29T02:30Z,4615,gA,1.935
2026-08-29T02:30Z,4615,g98e5,1.929
2026-08-29T02:30Z,4616,gA,1.945
2026-08-29T02:30Z,4616,g98e5,1.985
2026-08-29T02:30Z,4619,gA,1.935
2026-08-29T02:30Z,4619,g98e5,1.929
2026-08-29T02:30Z,4620,gA,1.915
2026-08-29T02:30Z,4620,g98e5,1.935
2026-08-29T02:30Z,4621,g95e5,1.819
2026-08-29T02:30Z,4621,gA,1.945
2026-08-29T02:30Z,4621,g98e5,1.939
2026-08-29T02:30Z,4622,gA,1.925
2026-08-29T02:30Z,4622,g98e5,1.939
2026-08-29T02:30Z,4623,g95e5,1.799
2026-08-29T02:30Z,4623,gA,1.949
2026-08-29T02:30Z,4623,g98e5,1.969
2026-08-29T02:30Z,4624,gA,1.969
2026-08-29T02:30Z,4624,g98e5,1.939
2026-08-29T02:30Z,4629,gA,1.939
2026-08-29T02:30Z,4629,g98e5,1.935
2026-08-29T02:30Z,4638,gA,1.949
2026-08-29T02:30Z,4638,g98e5,1.935
2026-08-29T02:30Z,4639,gA,1.949
2026-08-29T02:30Z,4639,g98e5,1.935
2026-08-29T02:30Z,4640,gA,1.949
2026-08-29T02:30Z,4640,g98e5,1.935
2026-08-29T02:30Z,4641,gA,1.939
2026-08-29T02:30Z,4641,g98e5,1.999
2026-08-29T02:30Z,4642,gA,1.939
2026-08-29T02:30Z,4642,g98e5,1.999
2026-08-29T02:30Z,4643,g95e5,1.809
2026-08-29T02:30Z,4643,gA,1.949
2026-08-29T02:30Z,4643,g98e5,1.929
2026-08-29T02:30Z,4646,g95e5,1.819
2026-08-29T02:30Z,4646,g95e5p,1.929
2026-08-29T02:30Z,4652,gA,1.944
2026-08-29T02:30Z,4652,gP,2.049
2026-08-29T02:30Z,4654,g95e5,1.809
2026-08-29T02:30Z,4654,gA,1.939
2026-08-29T02:30Z,4654,gP,2.029
2026-08-29T02:30Z,4654,g98e5,1.949
2026-08-29T02:30Z,4662,g95e5,1.809
2026-08-29T02:30Z,4662,gA,1.919
2026-08-29T02:30Z,4662,gP,1.969
2026-08-29T02:30Z,4664,gA,1.984
2026-08-29T02:30Z,4664,gP,2.049
2026-08-29T02:30Z,4670,gA,1.919
2026-08-29T02:30Z,4670,gP,2.009
2026-08-29T02:30Z,4674,gA,1.924
2026-08-29T02:30Z,4674,gP,1.999
2026-08-29T02:30Z,4676,gA,1.929
2026-08-29T02:30Z,4676,gP,2.019
2026-08-29T02:30Z,4680,gA,1.934
2026-08-29T02:30Z,4680,gP,2.044
2026-08-29T02:30Z,4682,gA,1.964
2026-08-29T02:30Z,4682,gP,2.049
2026-08-29T02:30Z,4684,g95e5,1.819
2026-08-29T02:30Z,4684,g95e5p,1.869
2026-08-29T02:30Z,4690,gA,1.964
2026-08-29T02:30Z,4690,gP,2.049
2026-08-29T02:30Z,4693,gA,1.964
2026-08-29T02:30Z,4693,gP,2.049
2026-08-29T02:30Z,4694,gA,1.964
2026-08-29T02:30Z,4694,gP,2.049
2026-08-29T02:30Z,4695,gA,1.949
2026-08-29T02:30Z,4695,g98e5,1.939
2026-08-29T02:30Z,4697,g95e5,1.729
2026-08-29T02:30Z,4697,g95e5p,1.779
2026-08-29T02:30Z,4707,gA,1.964
2026-08-29T02:30Z,4707,gP,2.049
2026-08-29T02:30Z,4709,g95e5,1.829
2026-08-29T02:30Z,4709,gA,1.959
2026-08-29T02:30Z,4709,gP,2.079
2026-08-29T02:30Z,4709,g98e5,1.999
2026-08-29T02:30Z,4709,g95e5p,1.859
2026-08-29T02:30Z,4721,gA,1.964
2026-08-29T02:30Z,4721,gP,2.049
2026-08-29T02:30Z,4728,gA,1.964
2026-08-29T02:30Z,4728,gP,2.049
2026-08-29T02:30Z,4732,g95e5,1.659
2026-08-29T02:30Z,4732,gA,1.739
2026-08-29T02:30Z,4732,gP,1.789
2026-08-29T02:30Z,4760,g95e5,1.819
2026-08-29T02:30Z,4760,g98e5,1.954
2026-08-29T02:30Z,4763,g95e5,1.819
2026-08-29T02:30Z,4763,g95e5p,1.869
2026-08-29T02:30Z,4785,gA,1.954
2026-08-29T02:30Z,4785,gP,2.009
2026-08-29T02:30Z,4796,gA,1.928
2026-08-29T02:30Z,4796,gP,1.989
2026-08-29T02:30Z,4806,gA,1.955
2026-08-29T02:30Z,4806,g98e5,1.925
2026-08-29T02:30Z,4807,gA,1.949
2026-08-29T02:30Z,4807,g98e5,1.989
2026-08-29T02:30Z,4807,gB,1.595
2026-08-29T02:30Z,4817,g95e5,1.799
2026-08-29T02:30Z,4817,gA,1.940
2026-08-29T02:30Z,4817,gP,2.013
2026-08-29T02:30Z,4818,gA,1.939
2026-08-29T02:30Z,4818,gP,2.049
2026-08-29T02:30Z,4818,g98e5,1.969
2026-08-29T02:30Z,4820,gA,1.949
2026-08-29T02:30Z,4820,gP,2.049
2026-08-29T02:30Z,4820,g98e5,1.959
2026-08-29T02:30Z,4820,gB,1.705
2026-08-29T02:30Z,4830,g95e5,1.814
2026-08-29T02:30Z,4830,g98e5,1.964
2026-08-29T02:30Z,4830,g95e5p,1.899
2026-08-29T02:30Z,4831,g95e5,1.755
2026-08-29T02:30Z,4831,gA,1.955
2026-08-29T02:30Z,4831,g98e5,1.925
2026-08-29T02:30Z,4832,gA,1.979
2026-08-29T02:30Z,4832,gP,2.059
2026-08-29T02:30Z,4833,g95e5,1.825
2026-08-29T02:30Z,4833,gA,1.939
2026-08-29T02:30Z,4833,gP,1.999
2026-08-29T02:30Z,4834,g95e5,1.755
2026-08-29T02:30Z,4834,gA,1.915
2026-08-29T02:30Z,4834,g98e5,1.925
2026-08-29T02:30Z,4834,g95e5p,1.825
2026-08-29T02:30Z,4841,gA,1.965
2026-08-29T02:30Z,4841,g98e5,1.919
2026-08-29T02:30Z,4843,gA,1.959
2026-08-29T02:30Z,4843,gP,2.069
2026-08-29T02:30Z,4843,g98e5,1.909
2026-08-29T02:30Z,4850,gA,1.915
2026-08-29T02:30Z,4850,g98e5,1.929
2026-08-29T02:30Z,4858,g95e5,1.785
2026-08-29T02:30Z,4858,gA,1.939
2026-08-29T02:30Z,4858,g98e5,1.955
2026-08-29T02:30Z,4859,gA,1.909
2026-08-29T02:30Z,4859,gB,1.595
2026-08-29T02:30Z,4860,g95e5,1.755
2026-08-29T02:30Z,4860,gA,1.909
2026-08-29T02:30Z,4864,g95e5,1.749
2026-08-29T02:30Z,4864,gA,1.899
2026-08-29T02:30Z,4864,g98e5,1.919
2026-08-29T02:30Z,4866,gA,1.959
2026-08-29T02:30Z,4866,g98e5,1.909
2026-08-29T02:30Z,4867,gA,1.909
2026-08-29T02:30Z,4867,g98e5,1.989
2026-08-29T02:30Z,4868,gA,1.959
2026-08-29T02:30Z,4868,gP,2.069
2026-08-29T02:30Z,4868,g98e5,1.909
2026-08-29T02:30Z,4870,g95e5,1.814
2026-08-29T02:30Z,4870,g95e5p,1.889
2026-08-29T02:30Z,4873,gA,1.985
2026-08-29T02:30Z,4873,gP,2.045
2026-08-29T02:30Z,4873,g98e5,1.919
2026-08-29T02:30Z,4875,gA,1.985
2026-08-29T02:30Z,4875,gP,2.055
2026-08-29T02:30Z,4875,g98e5,1.919
2026-08-29T02:30Z,4876,gA,1.985
2026-08-29T02:30Z,4876,g98e5,1.919
2026-08-29T02:30Z,4877,g95e5,1.795
2026-08-29T02:30Z,4877,gA,1.925
2026-08-29T02:30Z,4877,gP,2.035
2026-08-29T02:30Z,4877,g98e5,1.965
2026-08-29T02:30Z,4878,gA,1.909
2026-08-29T02:30Z,4878,gB,1.559
2026-08-29T02:30Z,4879,gA,1.945
2026-08-29T02:30Z,4882,gA,1.979
2026-08-29T02:30Z,4882,gP,2.069
2026-08-29T02:30Z,4882,g98e5,1.984
2026-08-29T02:30Z,4883,gA,1.819
2026-08-29T02:30Z,4883,gP,1.869
2026-08-29T02:30Z,4886,gA,1.969
2026-08-29T02:30Z,4886,gP,2.039
2026-08-29T02:30Z,4887,gA,1.949
2026-08-29T02:30Z,4887,gP,2.039
2026-08-29T02:30Z,4890,g95e5,1.779
2026-08-29T02:30Z,4890,gA,1.959
2026-08-29T02:30Z,4890,gP,2.049
2026-08-29T02:30Z,4890,g98e5,1.919
2026-08-29T02:30Z,4894,gA,1.965
2026-08-29T02:30Z,4894,g98e5,1.915
2026-08-29T02:30Z,4899,gA,1.939
2026-08-29T02:30Z,4902,gA,1.939
2026-08-29T02:30Z,4912,gA,1.919
2026-08-29T02:30Z,4912,gB,1.539
2026-08-29T02:30Z,4918,gA,1.934
2026-08-29T02:30Z,4918,gP,2.024
2026-08-29T02:30Z,4934,g95e5,1.639
2026-08-29T02:30Z,4934,gA,1.639
2026-08-29T02:30Z,4974,g95e5,1.755
2026-08-29T02:30Z,4974,gA,1.935
2026-08-29T02:30Z,4974,gP,1.995
2026-08-29T02:30Z,4974,g98e5,1.925
2026-08-29T02:30Z,4981,g95e5,1.769
2026-08-29T02:30Z,4981,g95e5p,1.884
2026-08-29T02:30Z,4982,g95e5,1.769
2026-08-29T02:30Z,4982,g98e5,1.929
2026-08-29T02:30Z,4982,g95e5p,1.884
2026-08-29T02:30Z,4999,g95e5,1.784
2026-08-29T02:30Z,4999,g98e5,1.894
2026-08-29T02:30Z,4999,g95e5p,1.859
2026-08-29T02:30Z,5000,gA,1.939
2026-08-29T02:30Z,5000,gP,2.009
2026-08-29T02:30Z,5003,gA,1.919
2026-08-29T02:30Z,5003,gP,1.989
2026-08-29T02:30Z,5007,gA,1.929
2026-08-29T02:30Z,5007,gP,2.019
2026-08-29T02:30Z,5021,gA,1.939
2026-08-29T02:30Z,5021,gP,2.009
2026-08-29T02:30Z,5021,gB,1.759
2026-08-29T02:30Z,5041,gA,1.929
2026-08-29T02:30Z,5041,gP,2.019
2026-08-29T02:30Z,5045,g95e5,1.749
2026-08-29T02:30Z,5045,gA,1.945
2026-08-29T02:30Z,5050,g98e5,1.929
2026-08-29T02:30Z,5052,gA,1.949
2026-08-29T02:30Z,5054,gA,1.919
2026-08-29T02:30Z,5054,gB,1.585
2026-08-29T02:30Z,5059,gA,1.899
2026-08-29T02:30Z,5059,gP,1.949
2026-08-29T02:30Z,5061,gA,1.935
2026-08-29T02:30Z,5061,g98e5,1.889
2026-08-29T02:30Z,5063,gP,2.035
2026-08-29T02:30Z,5064,g95e5,1.805
2026-08-29T02:30Z,5064,gA,1.945
2026-08-29T02:30Z,5064,g98e5,1.975
2026-08-29T02:30Z,5070,gA,1.875
2026-08-29T02:30Z,5070,gP,1.965
2026-08-29T02:30Z,5072,gA,1.949
2026-08-29T02:30Z,5072,g98e5,1.905
2026-08-29T02:30Z,5073,gA,1.985
2026-08-29T02:30Z,5073,g98e5,1.955
2026-08-29T02:30Z,5075,gA,1.975
2026-08-29T02:30Z,5075,gP,2.085
2026-08-29T02:30Z,5075,g98e5,1.929
2026-08-29T02:30Z,5076,gA,1.919
2026-08-29T02:30Z,5076,g98e5,1.955
2026-08-29T02:30Z,5078,gA,1.915
2026-08-29T02:30Z,5078,gP,1.975
2026-08-29T02:30Z,5079,gA,1.915
2026-08-29T02:30Z,5079,gP,1.975
2026-08-29T02:30Z,5101,gA,1.905
2026-08-29T02:30Z,5101,g98e5,1.905
2026-08-29T02:30Z,5101,gB,1.605
2026-08-29T02:30Z,5105,g95e5,1.739
2026-08-29T02:30Z,5105,gA,1.889
2026-08-29T02:30Z,5105,g98e5,1.909
2026-08-29T02:30Z,5105,gB,1.619
2026-08-29T02:30Z,5106,gA,1.909
2026-08-29T02:30Z,5106,g98e5,1.989
2026-08-29T02:30Z,5108,g95e5,1.755
2026-08-29T02:30Z,5108,gA,1.939
2026-08-29T02:30Z,5134,gA,1.925
2026-08-29T02:30Z,5134,gP,2.035
2026-08-29T02:30Z,5135,g95e5,1.779
2026-08-29T02:30Z,5135,gA,1.979
2026-08-29T02:30Z,5135,g98e5,1.949
2026-08-29T02:30Z,5136,gA,1.889
2026-08-29T02:30Z,5136,g98e5,1.955
2026-08-29T02:30Z,5140,g95e5,1.755
2026-08-29T02:30Z,5140,gA,1.909
2026-08-29T02:30Z,5140,g98e5,1.925
2026-08-29T02:30Z,5141,g95e5,1.809
2026-08-29T02:30Z,5141,gA,1.939
2026-08-29T02:30Z,5144,g95e5,1.749
2026-08-29T02:30Z,5144,gA,1.955
2026-08-29T02:30Z,5145,gA,1.889
2026-08-29T02:30Z,5145,gB,1.659
2026-08-29T02:30Z,5146,gA,1.899
2026-08-29T02:30Z,5147,gA,1.979
2026-08-29T02:30Z,5147,gP,2.039
2026-08-29T02:30Z,5147,g98e5,1.959
2026-08-29T02:30Z,5148,gA,1.939
2026-08-29T02:30Z,5148,gP,2.049
2026-08-29T02:30Z,5150,gA,1.985
2026-08-29T02:30Z,5150,gP,2.095
2026-08-29T02:30Z,5150,g98e5,1.949
2026-08-29T02:30Z,5153,g95e5,1.749
2026-08-29T02:30Z,5153,gA,1.895
2026-08-29T02:30Z,5158,g95e5,1.785
2026-08-29T02:30Z,5158,gA,1.955
2026-08-29T02:30Z,5158,g98e5,1.955
2026-08-29T02:30Z,5159,gA,1.985
2026-08-29T02:30Z,5159,g98e5,1.919
2026-08-29T02:30Z,5161,gA,1.889
2026-08-29T02:30Z,5162,gA,1.959
2026-08-29T02:30Z,5162,g98e5,1.959
2026-08-29T02:30Z,5163,gA,1.949
2026-08-29T02:30Z,5163,g98e5,1.915
2026-08-29T02:30Z,5163,gB,1.689
2026-08-29T02:30Z,5167,gA,1.925
2026-08-29T02:30Z,5167,g98e5,1.915
2026-08-29T02:30Z,5170,gA,1.955
2026-08-29T02:30Z,5170,g98e5,1.959
2026-08-29T02:30Z,5171,gA,1.955
2026-08-29T02:30Z,5171,gP,2.055
2026-08-29T02:30Z,5173,g95e5,1.789
2026-08-29T02:30Z,5173,g98e5,1.914
2026-08-29T02:30Z,5180,gA,1.949
2026-08-29T02:30Z,5180,gP,2.039
2026-08-29T02:30Z,5183,g95e5,1.835
2026-08-29T02:30Z,5183,gA,1.955
2026-08-29T02:30Z,5183,gP,2.025
2026-08-29T02:30Z,5183,g98e5,2.005
2026-08-29T02:30Z,5187,gA,1.955
2026-08-29T02:30Z,5187,g98e5,1.945
2026-08-29T02:30Z,5188,gA,1.955
2026-08-29T02:30Z,5188,g98e5,1.969
2026-08-29T02:30Z,5191,g95e5,1.789
2026-08-29T02:30Z,5191,gA,1.949
2026-08-29T02:30Z,5191,gP,2.009
2026-08-29T02:30Z,5191,g98e5,1.959
2026-08-29T02:30Z,5192,gA,1.949
2026-08-29T02:30Z,5192,gP,2.039
2026-08-29T02:30Z,5193,gA,1.949
2026-08-29T02:30Z,5193,gP,2.039
2026-08-29T02:30Z,5195,gA,1.959
2026-08-29T02:30Z,5195,g98e5,1.919
2026-08-29T02:30Z,5196,gA,1.979
2026-08-29T02:30Z,5197,g95e5,1.739
2026-08-29T02:30Z,5197,gA,1.889
2026-08-29T02:30Z,5197,g98e5,1.909
2026-08-29T02:30Z,5197,gB,1.605
2026-08-29T02:30Z,5198,gA,1.925
2026-08-29T02:30Z,5198,g98e5,1.979
2026-08-29T02:30Z,5198,gB,1.569
2026-08-29T02:30Z,5203,gA,1.939
2026-08-29T02:30Z,5203,gP,2.049
2026-08-29T02:30Z,5203,gB,1.585
2026-08-29T02:30Z,5205,g95e5,1.759
2026-08-29T02:30Z,5205,gA,1.915
2026-08-29T02:30Z,5205,g98e5,1.889
2026-08-29T02:30Z,5205,gB,1.605
2026-08-29T02:30Z,5206,g95e5,1.789
2026-08-29T02:30Z,5206,gA,1.949
2026-08-29T02:30Z,5208,g95e5,1.795
2026-08-29T02:30Z,5208,gA,1.955
2026-08-29T02:30Z,5208,g98e5,1.915
2026-08-29T02:30Z,5210,gA,1.939
2026-08-29T02:30Z,5210,g98e5,1.919
2026-08-29T02:30Z,5211,gA,1.939
2026-08-29T02:30Z,5211,g98e5,1.919
2026-08-29T02:30Z,5215,gA,1.899
2026-08-29T02:30Z,5215,g98e5,1.905
2026-08-29T02:30Z,5215,gB,1.639
2026-08-29T02:30Z,5218,gA,1.935
2026-08-29T02:30Z,5218,gP,2.045
2026-08-29T02:30Z,5218,g98e5,1.905
2026-08-29T02:30Z,5220,g95e5,1.735
2026-08-29T02:30Z,5220,gA,1.889
2026-08-29T02:30Z,5220,g95e5p,1.805
2026-08-29T02:30Z,5220,gB,1.629
2026-08-29T02:30Z,5221,g95e5,1.739
2026-08-29T02:30Z,5221,gA,1.895
2026-08-29T02:30Z,5221,g95e5p,1.809
2026-08-29T02:30Z,5225,gA,1.939
2026-08-29T02:30Z,5225,g98e5,1.925
2026-08-29T02:30Z,5226,g95e5,1.775
2026-08-29T02:30Z,5226,g98e5,1.945
2026-08-29T02:30Z,5227,g95e5,1.759
2026-08-29T02:30Z,5227,gA,1.905
2026-08-29T02:30Z,5227,g98e5,1.879
2026-08-29T02:30Z,5230,gA,1.965
2026-08-29T02:30Z,5230,gP,2.065
2026-08-29T02:30Z,5230,g98e5,1.959
2026-08-29T02:30Z,5231,gA,1.909
2026-08-29T02:30Z,5231,g98e5,1.905
2026-08-29T02:30Z,5232,g95e5,1.749
2026-08-29T02:30Z,5232,gA,1.925
2026-08-29T02:30Z,5232,gB,1.699
2026-08-29T02:30Z,5236,g95e5,1.769
2026-08-29T02:30Z,5236,gA,1.939
2026-08-29T02:30Z,5236,gP,2.049
2026-08-29T02:30Z,5236,g98e5,1.939
2026-08-29T02:30Z,5237,gA,1.949
2026-08-29T02:30Z,5237,gP,2.059
2026-08-29T02:30Z,5237,g98e5,1.949
2026-08-29T02:30Z,5239,gA,1.939
2026-08-29T02:30Z,5239,g98e5,1.909
2026-08-29T02:30Z,5242,g95e5,1.824
2026-08-29T02:30Z,5242,g98e5,1.954
2026-08-29T02:30Z,5244,gA,1.895
2026-08-29T02:30Z,5246,g95e5,1.769
2026-08-29T02:30Z,5246,gA,1.939
2026-08-29T02:30Z,5246,g98e5,1.939
2026-08-29T02:30Z,5246,g95e5p,1.839
2026-08-29T02:30Z,5252,gA,1.915
2026-08-29T02:30Z,5252,g98e5,1.979
2026-08-29T02:30Z,5252,gB,1.569
2026-08-29T02:30Z,5253,g95e5,1.815
2026-08-29T02:30Z,5253,gA,1.939
2026-08-29T02:30Z,5253,g98e5,1.985
2026-08-29T02:30Z,5254,gA,1.889
2026-08-29T02:30Z,5254,g98e5,1.905
2026-08-29T02:30Z,5254,gB,1.659
2026-08-29T02:30Z,5255,g95e5,1.765
2026-08-29T02:30Z,5255,gA,1.979
2026-08-29T02:30Z,5255,g98e5,1.935
2026-08-29T02:30Z,5255,gB,1.659
2026-08-29T02:30Z,5256,gA,1.915
2026-08-29T02:30Z,5256,gB,1.565
2026-08-29T02:30Z,5258,gA,1.935
2026-08-29T02:30Z,5258,gP,2.015
2026-08-29T02:30Z,5258,g98e5,1.915
2026-08-29T02:30Z,5258,gB,1.705
2026-08-29T02:30Z,5259,gA,1.909
2026-08-29T02:30Z,5259,gP,2.019
2026-08-29T02:30Z,5265,gA,1.925
2026-08-29T02:30Z,5265,g98e5,1.915
2026-08-29T02:30Z,5265,gB,1.669
2026-08-29T02:30Z,5266,g95e5,1.759
2026-08-29T02:30Z,5266,gA,1.905
2026-08-29T02:30Z,5268,gA,1.949
2026-08-29T02:30Z,5268,gP,2.049
2026-08-29T02:30Z,5268,g98e5,1.959
2026-08-29T02:30Z,5269,gA,1.949
2026-08-29T02:30Z,5269,gP,2.049
2026-08-29T02:30Z,5269,g98e5,1.959
2026-08-29T02:30Z,5270,gA,1.925
2026-08-29T02:30Z,5270,gP,2.035
2026-08-29T02:30Z,5272,gA,1.925
2026-08-29T02:30Z,5272,g98e5,1.915
2026-08-29T02:30Z,5272,gB,1.689
2026-08-29T02:30Z,5275,g95e5,1.749
2026-08-29T02:30Z,5275,gA,1.909
2026-08-29T02:30Z,5278,gA,1.955
2026-08-29T02:30Z,5278,g98e5,2.019
2026-08-29T02:30Z,5282,gA,1.949
2026-08-29T02:30Z,5282,g98e5,1.915
2026-08-29T02:30Z,5282,gB,1.659
2026-08-29T02:30Z,5284,gA,1.945
2026-08-29T02:30Z,5286,gA,1.965
2026-08-29T02:30Z,5286,gP,2.025
2026-08-29T02:30Z,5286,g98e5,1.939
2026-08-29T02:30Z,5287,g95e5,1.775
2026-08-29T02:30Z,5287,gA,1.935
2026-08-29T02:30Z,5287,g98e5,1.945
2026-08-29T02:30Z,5287,g95e5p,1.845
2026-08-29T02:30Z,5290,gA,1.935
2026-08-29T02:30Z,5294,gA,1.909
2026-08-29T02:30Z,5294,g98e5,1.929
2026-08-29T02:30Z,5297,g95e5,1.759
2026-08-29T02:30Z,5297,gA,1.899
2026-08-29T02:30Z,5297,g98e5,1.929
2026-08-29T02:30Z,5297,gB,1.629
2026-08-29T02:30Z,5300,gA,1.939
2026-08-29T02:30Z,5301,gA,1.939
2026-08-29T02:30Z,5301,g98e5,1.919
2026-08-29T02:30Z,5301,gB,1.665
2026-08-29T02:30Z,5302,g95e5,1.755
2026-08-29T02:30Z,5302,gA,1.915
2026-08-29T02:30Z,5302,g98e5,1.925
2026-08-29T02:30Z,5302,g95e5p,1.825
2026-08-29T02:30Z,5303,g95e5,1.809
2026-08-29T02:30Z,5303,gA,1.945
2026-08-29T02:30Z,5303,g98e5,1.979
2026-08-29T02:30Z,5304,gA,1.909
2026-08-29T02:30Z,5304,g98e5,1.989
2026-08-29T02:30Z,5306,g95e5,1.795
2026-08-29T02:30Z,5306,gA,1.955
2026-08-29T02:30Z,5306,g98e5,1.965
2026-08-29T02:30Z,5307,g95e5,1.815
2026-08-29T02:30Z,5307,gA,1.945
2026-08-29T02:30Z,5307,g98e5,1.985
2026-08-29T02:30Z,5311,g95e5,1.814
2026-08-29T02:30Z,5311,g95e5p,1.889
2026-08-29T02:30Z,5324,gA,1.979
2026-08-29T02:30Z,5324,gP,2.059
2026-08-29T02:30Z,5325,g95e5,1.689
2026-08-29T02:30Z,5325,gA,1.929
2026-08-29T02:30Z,5325,gP,1.949
2026-08-29T02:30Z,5325,g98e5,1.889
2026-08-29T02:30Z,5328,gA,1.979
2026-08-29T02:30Z,5328,gP,2.059
2026-08-29T02:30Z,5337,gA,1.841
2026-08-29T02:30Z,5343,g95e5,1.799
2026-08-29T02:30Z,5343,gA,1.949
2026-08-29T02:30Z,5343,g98e5,1.969
2026-08-29T02:30Z,5351,gA,1.959
2026-08-29T02:30Z,5351,g98e5,1.989
2026-08-29T02:30Z,5352,gA,1.939
2026-08-29T02:30Z,5352,g98e5,1.989
2026-08-29T02:30Z,5354,gB,1.595
2026-08-29T02:30Z,5357,gA,1.939
2026-08-29T02:30Z,5357,g98e5,1.989
2026-08-29T02:30Z,5361,gA,1.935
2026-08-29T02:30Z,5361,g98e5,1.965
2026-08-29T02:30Z,5371,gA,1.935
2026-08-29T02:30Z,5371,g98e5,1.965
2026-08-29T02:30Z,5374,gA,1.939
2026-08-29T02:30Z,5374,g98e5,1.919
2026-08-29T02:30Z,5374,gB,1.595
2026-08-29T02:30Z,5375,gA,1.939
2026-08-29T02:30Z,5375,g98e5,1.919
2026-08-29T02:30Z,5375,gB,1.559
2026-08-29T02:30Z,5376,gA,1.939
2026-08-29T02:30Z,5376,g98e5,1.919
2026-08-29T02:30Z,5378,gA,1.964
2026-08-29T02:30Z,5378,gP,2.039
2026-08-29T02:30Z,5379,gA,1.939
2026-08-29T02:30Z,5379,g98e5,1.979
2026-08-29T02:30Z,5381,gA,1.955
2026-08-29T02:30Z,5381,g98e5,1.989
2026-08-29T02:30Z,5386,gA,1.925
2026-08-29T02:30Z,5386,gB,1.569
2026-08-29T02:30Z,5388,g95e5,1.805
2026-08-29T02:30Z,5388,gA,1.949
2026-08-29T02:30Z,5388,g98e5,1.975
2026-08-29T02:30Z,5390,gA,1.939
2026-08-29T02:30Z,5391,g95e5,1.795
2026-08-29T02:30Z,5391,gA,1.955
2026-08-29T02:30Z,5391,g98e5,1.965
2026-08-29T02:30Z,5401,g95e5,1.809
2026-08-29T02:30Z,5401,gA,1.939
2026-08-29T02:30Z,5405,gA,1.934
2026-08-29T02:30Z,5405,gP,2.019
2026-08-29T02:30Z,5406,g95e5,1.809
2026-08-29T02:30Z,5406,gA,1.935
2026-08-29T02:30Z,5406,g98e5,1.979
2026-08-29T02:30Z,5410,gA,1.975
2026-08-29T02:30Z,5411,gA,1.979
2026-08-29T02:30Z,5411,g98e5,1.999
2026-08-29T02:30Z,5414,gA,1.909
2026-08-29T02:30Z,5414,gP,2.009
2026-08-29T02:30Z,5415,g95e5,1.805
2026-08-29T02:30Z,5415,gA,1.939
2026-08-29T02:30Z,5415,g95e5p,1.875
2026-08-29T02:30Z,5421,gA,1.994
2026-08-29T02:30Z,5421,gP,2.064
2026-08-29T02:30Z,5428,g95e5,1.795
2026-08-29T02:30Z,5428,gA,1.979
2026-08-29T02:30Z,5428,gP,2.069
2026-08-29T02:30Z,5428,g98e5,1.965
2026-08-29T02:30Z,5431,g98e5,1.975
2026-08-29T02:30Z,5432,gA,1.934
2026-08-29T02:30Z,5432,gP,2.019
2026-08-29T02:30Z,5434,g95e5,1.769
2026-08-29T02:30Z,5434,g98e5,1.919
2026-08-29T02:30Z,5440,gA,1.949
2026-08-29T02:30Z,5440,g98e5,1.939
2026-08-29T02:30Z,5441,gA,1.949
2026-08-29T02:30Z,5441,g98e5,1.939
2026-08-29T02:30Z,5445,g95e5,1.739
2026-08-29T02:30Z,5445,gA,1.849
2026-08-29T02:30Z,5445,gP,1.919
2026-08-29T02:30Z,5445,gB,1.429
2026-08-29T02:30Z,5447,gA,1.929
2026-08-29T02:30Z,5447,g98e5,1.945
2026-08-29T02:30Z,5451,g95e5,1.809
2026-08-29T02:30Z,5451,gA,1.965
2026-08-29T02:30Z,5451,g98e5,1.979
2026-08-29T02:30Z,5451,gB,1.595
2026-08-29T02:30Z,5452,g95e5,1.789
2026-08-29T02:30Z,5452,gA,1.925
2026-08-29T02:30Z,5452,g98e5,1.959
2026-08-29T02:30Z,5459,g95e5,1.779
2026-08-29T02:30Z,5459,gA,1.935
2026-08-29T02:30Z,5459,gP,2.045
2026-08-29T02:30Z,5459,g98e5,1.949
2026-08-29T02:30Z,5460,gA,1.935
2026-08-29T02:30Z,5460,g98e5,1.965
2026-08-29T02:30Z,5461,gA,1.935
2026-08-29T02:30Z,5461,g98e5,1.965
2026-08-29T02:30Z,5463,gA,1.939
2026-08-29T02:30Z,5469,gA,1.935
2026-08-29T02:30Z,5469,g98e5,1.985
2026-08-29T02:30Z,5470,gA,1.935
2026-08-29T02:30Z,5470,g98e5,1.985
2026-08-29T02:30Z,5477,gA,1.939
2026-08-29T02:30Z,5477,g98e5,1.989
2026-08-29T02:30Z,5479,gA,1.955
2026-08-29T02:30Z,5479,g98e5,1.989
2026-08-29T02:30Z,5484,gA,1.939
2026-08-29T02:30Z,5499,gA,1.974
2026-08-29T02:30Z,5499,gP,2.039
2026-08-29T02:30Z,5500,gA,1.944
2026-08-29T02:30Z,5500,gP,2.039
2026-08-29T02:30Z,5514,gA,1.969
2026-08-29T02:30Z,5514,gP,2.039
2026-08-29T02:30Z,5516,g95e5,1.745
2026-08-29T02:30Z,5516,gA,1.939
2026-08-29T02:30Z,5516,gP,2.049
2026-08-29T02:30Z,5516,g98e5,1.915
2026-08-29T02:30Z,5518,g95e5,1.829
2026-08-29T02:30Z,5518,gA,1.909
2026-08-29T02:30Z,5518,g98e5,1.999
2026-08-29T02:30Z,5519,gA,1.979
2026-08-29T02:30Z,5519,gP,2.039
2026-08-29T02:30Z,5519,g98e5,1.935
2026-08-29T02:30Z,5527,gA,1.925
2026-08-29T02:30Z,5527,gP,1.985
2026-08-29T02:30Z,5527,g98e5,1.879
2026-08-29T02:30Z,5530,g95e5,1.765
2026-08-29T02:30Z,5530,gA,1.945
2026-08-29T02:30Z,5530,gP,2.005
2026-08-29T02:30Z,5530,g98e5,1.885
2026-08-29T02:30Z,5540,g95e5,1.809
2026-08-29T02:30Z,5540,gA,1.949
2026-08-29T02:30Z,5540,g98e5,1.929
2026-08-29T02:30Z,5540,g95e5p,1.889
2026-08-29T02:30Z,5540,gB,1.609
2026-08-29T02:30Z,5541,gA,1.945
2026-08-29T02:30Z,5541,gP,2.005
2026-08-29T02:30Z,5541,g98e5,1.885
2026-08-29T02:30Z,5545,g98e5,1.959
2026-08-29T02:30Z,5547,gA,1.945
2026-08-29T02:30Z,5547,gP,2.005
2026-08-29T02:30Z,5547,g98e5,1.939
2026-08-29T02:30Z,5548,g95e5,1.858
2026-08-29T02:30Z,5548,g98e5,1.998
2026-08-29T02:30Z,5594,gA,1.920
2026-08-29T02:30Z,5596,gA,1.839
2026-08-29T02:30Z,5596,gB,1.617
2026-08-29T02:30Z,5606,gA,1.939
2026-08-29T02:30Z,5610,gA,1.889
2026-08-29T02:30Z,5610,gP,1.979
2026-08-29T02:30Z,5614,gA,1.919
2026-08-29T02:30Z,5614,gP,2.009
2026-08-29T02:30Z,5618,gA,1.954
2026-08-29T02:30Z,5618,gP,2.049
2026-08-29T02:30Z,5619,g95e5,1.759
2026-08-29T02:30Z,5619,g95e5p,1.864
2026-08-29T02:30Z,5620,gA,1.914
2026-08-29T02:30Z,5620,gP,2.059
2026-08-29T02:30Z,5644,g95e5,1.795
2026-08-29T02:30Z,5644,gA,1.939
2026-08-29T02:30Z,5644,g98e5,1.915
2026-08-29T02:30Z,5644,g95e5p,1.855
2026-08-29T02:30Z,5644,gB,1.645
2026-08-29T02:30Z,5649,g95e5,1.735
2026-08-29T02:30Z,5649,gA,1.939
2026-08-29T02:30Z,5649,g98e5,1.905
2026-08-29T02:30Z,5649,gB,1.639
2026-08-29T02:30Z,5651,g95e5,1.795
2026-08-29T02:30Z,5651,gA,1.999
2026-08-29T02:30Z,5651,gP,2.109
2026-08-29T02:30Z,5651,g98e5,1.965
2026-08-29T02:30Z,5654,gA,1.899
2026-08-29T02:30Z,5654,g98e5,1.965
2026-08-29T02:30Z,5655,gA,1.985
2026-08-29T02:30Z,5656,gA,1.919
2026-08-29T02:30Z,5656,gP,2.029
2026-08-29T02:30Z,5656,g98e5,1.909
2026-08-29T02:30Z,5657,gA,1.989
2026-08-29T02:30Z,5657,g98e5,1.979
2026-08-29T02:30Z,5666,g95e5,1.859
2026-08-29T02:30Z,5666,gA,1.925
2026-08-29T02:30Z,5666,gP,2.015
2026-08-29T02:30Z,5666,g98e5,1.999
2026-08-29T02:30Z,5667,g95e5,1.859
2026-08-29T02:30Z,5667,gA,1.925
2026-08-29T02:30Z,5667,gP,2.015
2026-08-29T02:30Z,5667,g98e5,1.999
2026-08-29T02:30Z,5668,gA,1.889
2026-08-29T02:30Z,5668,gP,1.979
2026-08-29T02:30Z,5688,g95e5,1.834
2026-08-29T02:30Z,5688,g95e5p,1.879
2026-08-29T02:30Z,5688,glp,1.079
2026-08-29T02:30Z,5696,gA,1.959
2026-08-29T02:30Z,5696,gP,2.029
2026-08-29T02:30Z,5697,gA,1.939
2026-08-29T02:30Z,5697,gP,2.009
2026-08-29T02:30Z,5698,g95e5,1.844
2026-08-29T02:30Z,5698,g98e5,1.954
2026-08-29T02:30Z,5700,gA,1.969
2026-08-29T02:30Z,5700,gP,2.049
2026-08-29T02:30Z,5708,gA,1.924
2026-08-29T02:30Z,5708,gP,1.979
2026-08-29T02:30Z,5713,g95e5,1.789
2026-08-29T02:30Z,5713,gA,1.925
2026-08-29T02:30Z,5714,gA,1.935
2026-08-29T02:30Z,5715,g95e5,1.795
2026-08-29T02:30Z,5715,gA,1.965
2026-08-29T02:30Z,5715,gP,2.025
2026-08-29T02:30Z,5715,g98e5,1.915
2026-08-29T02:30Z,5719,gA,2.009
2026-08-29T02:30Z,5721,g95e5,1.795
2026-08-29T02:30Z,5721,gA,1.919
2026-08-29T02:30Z,5721,g98e5,1.945
2026-08-29T02:30Z,5721,g95e5p,1.855
2026-08-29T02:30Z,5721,gB,1.719
2026-08-29T02:30Z,5723,gA,1.949
2026-08-29T02:30Z,5723,g98e5,1.905
2026-08-29T02:30Z,5723,gB,1.695
2026-08-29T02:30Z,5726,gA,1.919
2026-08-29T02:30Z,5726,g98e5,1.915
2026-08-29T02:30Z,5729,g95e5,1.739
2026-08-29T02:30Z,5729,gA,1.959
2026-08-29T02:30Z,5729,gP,2.049
2026-08-29T02:30Z,5729,gB,1.639
2026-08-29T02:30Z,5732,gA,1.905
2026-08-29T02:30Z,5732,gP,2.015
2026-08-29T02:30Z,5732,g98e5,1.925
2026-08-29T02:30Z,5732,gB,1.609
2026-08-29T02:30Z,5733,g95e5,1.815
2026-08-29T02:30Z,5733,gA,1.929
2026-08-29T02:30Z,5733,g98e5,1.935
2026-08-29T02:30Z,5734,gA,1.915
2026-08-29T02:30Z,5734,gP,1.995
2026-08-29T02:30Z,5734,g98e5,1.929
2026-08-29T02:30Z,5735,g95e5,1.759
2026-08-29T02:30Z,5735,gA,1.945
2026-08-29T02:30Z,5735,gP,2.035
2026-08-29T02:30Z,5735,g98e5,1.929
2026-08-29T02:30Z,5738,g95e5,1.769
2026-08-29T02:30Z,5738,gA,1.959
2026-08-29T02:30Z,5738,g98e5,1.939
2026-08-29T02:30Z,5738,gB,1.695
2026-08-29T02:30Z,5739,gA,1.895
2026-08-29T02:30Z,5739,gP,1.985
2026-08-29T02:30Z,5743,gA,1.909
2026-08-29T02:30Z,5743,gP,1.999
2026-08-29T02:30Z,5744,gA,1.965
2026-08-29T02:30Z,5744,g98e5,1.909
2026-08-29T02:30Z,5745,gA,1.965
2026-08-29T02:30Z,5745,g98e5,1.905
2026-08-29T02:30Z,5752,g95e5,1.749
2026-08-29T02:30Z,5752,gA,1.945
2026-08-29T02:30Z,5752,gP,2.005
2026-08-29T02:30Z,5752,g98e5,1.919
2026-08-29T02:30Z,5752,gB,1.605
2026-08-29T02:30Z,5755,gA,1.899
2026-08-29T02:30Z,5755,gP,1.969
2026-08-29T02:30Z,5755,g98e5,1.965
2026-08-29T02:30Z,5758,gA,1.889
2026-08-29T02:30Z,5758,gP,1.979
2026-08-29T02:30Z,5758,g98e5,1.959
2026-08-29T02:30Z,5760,g95e5,1.779
2026-08-29T02:30Z,5760,gA,1.929
2026-08-29T02:30Z,5760,g98e5,1.929
2026-08-29T02:30Z,5760,gB,1.579
2026-08-29T02:30Z,5762,gA,1.925
2026-08-29T02:30Z,5762,gP,2.035
2026-08-29T02:30Z,5767,gA,1.905
2026-08-29T02:30Z,5768,gA,1.905
2026-08-29T02:30Z,5768,gP,2.015
2026-08-29T02:30Z,5768,g98e5,1.929
2026-08-29T02:30Z,5769,g95e5,1.779
2026-08-29T02:30Z,5769,gA,1.919
2026-08-29T02:30Z,5769,g98e5,1.899
2026-08-29T02:30Z,5770,g95e5,1.759
2026-08-29T02:30Z,5770,gA,1.945
2026-08-29T02:30Z,5770,g95e5p,1.829
2026-08-29T02:30Z,5770,gB,1.649
2026-08-29T02:30Z,5772,g95e5,1.859
2026-08-29T02:30Z,5772,gA,1.939
2026-08-29T02:30Z,5772,gP,2.029
2026-08-29T02:30Z,5772,g95e5p,1.949
2026-08-29T02:30Z,5774,gA,1.939
2026-08-29T02:30Z,5774,gP,1.999
2026-08-29T02:30Z,5774,g98e5,2.015
2026-08-29T02:30Z,5775,g95e5,1.749
2026-08-29T02:30Z,5775,gA,1.939
2026-08-29T02:30Z,5775,g98e5,1.919
2026-08-29T02:30Z,5782,gA,1.949
2026-08-29T02:30Z,5782,gP,2.059
2026-08-29T02:30Z,5783,g98e5,2.015
2026-08-29T02:30Z,5784,gA,1.909
2026-08-29T02:30Z,5784,gP,1.999
2026-08-29T02:30Z,5785,gA,1.905
2026-08-29T02:30Z,5785,gP,2.005
2026-08-29T02:30Z,5785,g98e5,2.019
2026-08-29T02:30Z,5786,gA,1.999
2026-08-29T02:30Z,5786,gP,2.059
2026-08-29T02:30Z,5787,gA,1.889
2026-08-29T02:30Z,5787,gP,1.979
2026-08-29T02:30Z,5788,gA,1.909
2026-08-29T02:30Z,5788,gP,1.999
2026-08-29T02:30Z,5789,gA,1.909
2026-08-29T02:30Z,5789,gP,2.019
2026-08-29T02:30Z,5792,gA,1.895
2026-08-29T02:30Z,5792,gP,1.985
2026-08-29T02:30Z,5797,g95e5,1.759
2026-08-29T02:30Z,5797,gA,1.915
2026-08-29T02:30Z,5797,g98e5,1.879
2026-08-29T02:30Z,5798,g95e5,1.789
2026-08-29T02:30Z,5798,gA,1.939
2026-08-29T02:30Z,5798,g98e5,1.959
2026-08-29T02:30Z,5798,gB,1.665
2026-08-29T02:30Z,5800,g95e5,1.819
2026-08-29T02:30Z,5800,gA,1.905
2026-08-29T02:30Z,5800,g95e5p,1.879
2026-08-29T02:30Z,5800,gB,1.739
2026-08-29T02:30Z,5803,g95e5,1.779
2026-08-29T02:30Z,5805,gA,1.919
2026-08-29T02:30Z,5805,gP,2.029
2026-08-29T02:30Z,5805,g98e5,1.909
2026-08-29T02:30Z,5807,gA,1.895
2026-08-29T02:30Z,5807,g98e5,1.905
2026-08-29T02:30Z,5808,g95e5,1.785
2026-08-29T02:30Z,5808,gA,1.885
2026-08-29T02:30Z,5808,gP,1.945
2026-08-29T02:30Z,5808,g98e5,1.955
2026-08-29T02:30Z,5809,gA,1.939
2026-08-29T02:30Z,5809,gB,1.695
2026-08-29T02:30Z,5816,g95e5,1.799
2026-08-29T02:30Z,5816,gA,1.979
2026-08-29T02:30Z,5816,gP,2.039
2026-08-29T02:30Z,5816,g98e5,1.969
2026-08-29T02:30Z,5845,g95e5,2.079
2026-08-29T02:30Z,5845,gA,2.139
2026-08-29T02:30Z,5859,gA,1.899
2026-08-29T02:30Z,5859,gB,1.615
2026-08-29T02:30Z,5861,gA,1.841
2026-08-29T02:30Z,5870,gA,1.899
2026-08-29T02:30Z,5870,g98e5,1.929
2026-08-29T02:30Z,5872,g95e5,1.784
2026-08-29T02:30Z,5877,g95e5,1.804
2026-08-29T02:30Z,5877,g95e5p,1.879
2026-08-29T02:30Z,5877,glp,1.179
2026-08-29T02:30Z,5881,g95e5,1.755
2026-08-29T02:30Z,5881,gA,1.899
2026-08-29T02:30Z,5881,gP,2.009
2026-08-29T02:30Z,5898,g95e5,1.799
2026-08-29T02:30Z,5900,gA,1.899
2026-08-29T02:30Z,5900,gP,2.009
2026-08-29T02:30Z,5900,g98e5,1.915
2026-08-29T02:30Z,5903,gA,1.959
2026-08-29T02:30Z,5903,g98e5,1.979
2026-08-29T02:30Z,5906,gA,1.899
2026-08-29T02:30Z,5906,gP,2.009
2026-08-29T02:30Z,5906,gB,1.569
2026-08-29T02:30Z,5907,gA,1.939
2026-08-29T02:30Z,5907,gP,2.049
2026-08-29T02:30Z,5909,gA,1.919
2026-08-29T02:30Z,5909,gP,2.029
2026-08-29T02:30Z,5910,g95e5,1.799
2026-08-29T02:30Z,5910,gA,1.985
2026-08-29T02:30Z,5910,gP,2.065
2026-08-29T02:30Z,5915,gA,1.969
2026-08-29T02:30Z,5915,gP,2.049
2026-08-29T02:30Z,5916,gA,1.995
2026-08-29T02:30Z,5920,gA,1.935
2026-08-29T02:30Z,5920,gB,1.569
2026-08-29T02:30Z,5923,gA,1.899
2026-08-29T02:30Z,5925,gA,1.899
2026-08-29T02:30Z,5925,gP,2.009
2026-08-29T02:30Z,5926,gA,1.899
2026-08-29T02:30Z,5928,g95e5,1.745
2026-08-29T02:30Z,5928,gA,1.919
2026-08-29T02:30Z,5928,g98e5,1.915
2026-08-29T02:30Z,5929,g95e5,1.879
2026-08-29T02:30Z,5929,gA,1.939
2026-08-29T02:30Z,5929,g98e5,2.059
2026-08-29T02:30Z,5931,gA,1.959
2026-08-29T02:30Z,5931,gP,2.019
2026-08-29T02:30Z,5931,g98e5,1.949
2026-08-29T02:30Z,5936,gA,1.949
2026-08-29T02:30Z,5936,gP,2.059
2026-08-29T02:30Z,5936,g98e5,1.909
2026-08-29T02:30Z,5938,gA,1.899
2026-08-29T02:30Z,5938,gB,1.569
2026-08-29T02:30Z,5940,gA,1.965
2026-08-29T02:30Z,5940,gP,2.065
2026-08-29T02:30Z,5940,gB,1.615
2026-08-29T02:30Z,5943,g95e5,1.809
2026-08-29T02:30Z,5943,gA,1.945
2026-08-29T02:30Z,5943,gP,2.005
2026-08-29T02:30Z,5943,g98e5,1.979
2026-08-29T02:30Z,5945,gA,1.939
2026-08-29T02:30Z,5945,g98e5,1.929
2026-08-29T02:30Z,5945,gB,1.575
2026-08-29T02:30Z,5946,g95e5,1.799
2026-08-29T02:30Z,5946,gA,1.979
2026-08-29T02:30Z,5946,gP,2.039
2026-08-29T02:30Z,5946,g98e5,1.919
2026-08-29T02:30Z,5947,g95e5,1.765
2026-08-29T02:30Z,5947,gA,1.945
2026-08-29T02:30Z,5947,gP,2.035
2026-08-29T02:30Z,5947,g98e5,1.935
2026-08-29T02:30Z,5949,g95e5,1.849
2026-08-29T02:30Z,5949,gA,1.899
2026-08-29T02:30Z,5949,gP,1.999
2026-08-29T02:30Z,5949,g98e5,1.990
2026-08-29T02:30Z,5950,g95e5,1.779
2026-08-29T02:30Z,5951,g95e5,1.805
2026-08-29T02:30Z,5951,gA,1.995
2026-08-29T02:30Z,5951,gP,2.055
2026-08-29T02:30Z,5951,g98e5,1.975
2026-08-29T02:30Z,5958,g95e5,1.745
2026-08-29T02:30Z,5958,gA,1.925
2026-08-29T02:30Z,5958,gP,2.015
2026-08-29T02:30Z,5968,gA,1.969
2026-08-29T02:30Z,5968,gP,2.039
2026-08-29T02:30Z,5969,gA,1.959
2026-08-29T02:30Z,5969,gP,2.019
2026-08-29T02:30Z,5969,g98e5,1.929
2026-08-29T02:30Z,5970,gA,1.959
2026-08-29T02:30Z,5970,gP,2.019
2026-08-29T02:30Z,5970,g98e5,1.929
2026-08-29T02:30Z,5974,g95e5,1.784
2026-08-29T02:30Z,5974,g98e5,1.924
2026-08-29T02:30Z,5975,gA,1.919
2026-08-29T02:30Z,5975,gP,1.979
2026-08-29T02:30Z,5975,g98e5,1.949
2026-08-29T02:30Z,5977,g95e5,1.745
2026-08-29T02:30Z,5977,gA,1.915
2026-08-29T02:30Z,5977,gP,1.995
2026-08-29T02:30Z,5978,gA,1.965
2026-08-29T02:30Z,5978,g98e5,1.919
2026-08-29T02:30Z,5982,gA,1.895
2026-08-29T02:30Z,5982,g98e5,1.979
2026-08-29T02:30Z,5983,gA,1.915
2026-08-29T02:30Z,5983,gP,1.975
2026-08-29T02:30Z,5984,gA,1.915
2026-08-29T02:30Z,5984,gP,1.975
2026-08-29T02:30Z,5984,g98e5,1.939
2026-08-29T02:30Z,5988,g98e5,1.919
2026-08-29T02:30Z,5989,gA,1.899
2026-08-29T02:30Z,5995,g95e5,1.745
2026-08-29T02:30Z,5995,gA,1.935
2026-08-29T02:30Z,5995,gP,2.045
2026-08-29T02:30Z,5995,g98e5,1.915
2026-08-29T02:30Z,5998,gP,1.955
2026-08-29T02:30Z,5998,g98e5,1.995
2026-08-29T02:30Z,5999,gA,1.945
2026-08-29T02:30Z,5999,gP,2.005
2026-08-29T02:30Z,5999,g98e5,1.925
2026-08-29T02:30Z,6000,gA,1.945
2026-08-29T02:30Z,6000,gP,2.005
2026-08-29T02:30Z,6000,g98e5,1.925
2026-08-29T02:30Z,6006,gA,1.899
2026-08-29T02:30Z,6006,gP,1.949
2026-08-29T02:30Z,6008,g95e5,1.849
2026-08-29T02:30Z,6008,g98e5,1.999
2026-08-29T02:30Z,6010,gA,1.945
2026-08-29T02:30Z,6010,gP,2.005
2026-08-29T02:30Z,6011,gA,1.919
2026-08-29T02:30Z,6011,gP,2.009
2026-08-29T02:30Z,6011,g98e5,1.999
2026-08-29T02:30Z,6021,gA,1.935
2026-08-29T02:30Z,6021,gP,2.025
2026-08-29T02:30Z,6022,gA,1.935
2026-08-29T02:30Z,6022,gP,2.025
2026-08-29T02:30Z,6024,gA,1.945
2026-08-29T02:30Z,6024,g98e5,1.929
2026-08-29T02:30Z,6024,gB,1.625
2026-08-29T02:30Z,6027,g95e5,1.755
2026-08-29T02:30Z,6027,gA,1.919
2026-08-29T02:30Z,6027,g98e5,1.925
2026-08-29T02:30Z,6027,gB,1.599
2026-08-29T02:30Z,6028,gA,1.889
2026-08-29T02:30Z,6028,gB,1.575
2026-08-29T02:30Z,6029,g95e5,1.745
2026-08-29T02:30Z,6029,gA,1.915
2026-08-29T02:30Z,6029,gP,1.995
2026-08-29T02:30Z,6030,g95e5,1.755
2026-08-29T02:30Z,6030,gA,1.935
2026-08-29T02:30Z,6030,gP,1.995
2026-08-29T02:30Z,6030,g98e5,1.925
2026-08-29T02:30Z,6032,g95e5,1.745
2026-08-29T02:30Z,6032,gA,1.945
2026-08-29T02:30Z,6034,g95e5,1.745
2026-08-29T02:30Z,6034,gA,1.915
2026-08-29T02:30Z,6034,gP,1.975
2026-08-29T02:30Z,6037,g95e5,1.759
2026-08-29T02:30Z,6038,gA,1.885
2026-08-29T02:30Z,6038,g98e5,1.909
2026-08-29T02:30Z,6039,gA,1.935
2026-08-29T02:30Z,6039,gP,1.995
2026-08-29T02:30Z,6039,g98e5,1.935
2026-08-29T02:30Z,6040,gA,1.935
2026-08-29T02:30Z,6040,gP,1.995
2026-08-29T02:30Z,6040,g98e5,1.935
2026-08-29T02:30Z,6041,gA,1.909
2026-08-29T02:30Z,6041,gP,1.969
2026-08-29T02:30Z,6041,g98e5,1.985
2026-08-29T02:30Z,6042,g95e5,1.795
2026-08-29T02:30Z,6042,g98e5,1.965
2026-08-29T02:30Z,6042,gB,1.569
2026-08-29T02:30Z,6043,g95e5,1.745
2026-08-29T02:30Z,6043,gA,1.919
2026-08-29T02:30Z,6043,gP,2.019
2026-08-29T02:30Z,6043,g98e5,1.915
2026-08-29T02:30Z,6048,gA,1.975
2026-08-29T02:30Z,6052,g95e5,1.799
2026-08-29T02:30Z,6052,gA,1.885
2026-08-29T02:30Z,6054,gA,1.885
2026-08-29T02:30Z,6054,gP,1.975
2026-08-29T02:30Z,6055,gA,1.945
2026-08-29T02:30Z,6055,g98e5,1.939
2026-08-29T02:30Z,6056,gA,1.925
2026-08-29T02:30Z,6056,gP,1.985
2026-08-29T02:30Z,6056,g98e5,1.879
2026-08-29T02:30Z,6057,gA,1.945
2026-08-29T02:30Z,6057,gP,2.005
2026-08-29T02:30Z,6057,g98e5,1.915
2026-08-29T02:30Z,6058,gA,1.975
2026-08-29T02:30Z,6058,g98e5,1.929
2026-08-29T02:30Z,6059,gA,1.915
2026-08-29T02:30Z,6059,gP,1.975
2026-08-29T02:30Z,6059,g98e5,1.949
2026-08-29T02:30Z,6061,gA,1.929
2026-08-29T02:30Z,6061,gP,1.989
2026-08-29T02:30Z,6061,g98e5,1.915
2026-08-29T02:30Z,6062,gA,1.929
2026-08-29T02:30Z,6062,gP,1.989
2026-08-29T02:30Z,6062,g98e5,1.915
2026-08-29T02:30Z,6066,g95e5,1.774
2026-08-29T02:30Z,6066,g98e5,1.884
2026-08-29T02:30Z,6075,g95e5,1.759
2026-08-29T02:30Z,6091,g95e5,1.639
2026-08-29T02:30Z,6091,gA,1.729
2026-08-29T02:30Z,6101,gA,1.949
2026-08-29T02:30Z,6101,gP,2.039
2026-08-29T02:30Z,6107,gA,1.999
2026-08-29T02:30Z,6107,gP,2.089
2026-08-29T02:30Z,6107,gB,1.739
2026-08-29T02:30Z,6121,gA,1.929
2026-08-29T02:30Z,6121,gP,2.006
2026-08-29T02:30Z,6134,gA,1.985
2026-08-29T02:30Z,6134,gP,2.079
2026-08-29T02:30Z,6140,g95e5,1.844
2026-08-29T02:30Z,6140,g98e5,1.954
2026-08-29T02:30Z,6141,g95e5,1.844
2026-08-29T02:30Z,6141,g98e5,1.954
2026-08-29T02:30Z,6144,gA,1.929
2026-08-29T02:30Z,6144,gP,2.009
2026-08-29T02:30Z,6146,gA,1.965
2026-08-29T02:30Z,6146,gP,2.055
2026-08-29T02:30Z,6147,gA,1.965
2026-08-29T02:30Z,6147,gP,2.055
2026-08-29T02:30Z,6148,gA,1.999
2026-08-29T02:30Z,6148,gP,2.089
2026-08-29T02:30Z,6163,gA,1.924
2026-08-29T02:30Z,6163,gP,2.009
2026-08-29T02:30Z,6164,gA,1.915
2026-08-29T02:30Z,6164,gB,1.605
2026-08-29T02:30Z,6165,gA,1.999
2026-08-29T02:30Z,6165,gP,2.089
2026-08-29T02:30Z,6166,g95e5,1.809
2026-08-29T02:30Z,6166,g98e5,1.949
2026-08-29T02:30Z,6168,g95e5,1.835
2026-08-29T02:30Z,6168,gA,1.979
2026-08-29T02:30Z,6168,gP,2.059
2026-08-29T02:30Z,6170,gA,1.905
2026-08-29T02:30Z,6170,gP,1.965
2026-08-29T02:30Z,6170,g98e5,1.925
2026-08-29T02:30Z,6176,g95e5,1.835
2026-08-29T02:30Z,6176,gA,1.979
2026-08-29T02:30Z,6176,g98e5,2.005
2026-08-29T02:30Z,6177,g95e5,1.744
2026-08-29T02:30Z,6177,g98e5,1.884
2026-08-29T02:30Z,6178,g95e5,1.895
2026-08-29T02:30Z,6178,gA,1.995
2026-08-29T02:30Z,6178,g98e5,2.055
2026-08-29T02:30Z,6178,gB,1.695
2026-08-29T02:30Z,6180,g95e5,1.795
2026-08-29T02:30Z,6180,gA,1.929
2026-08-29T02:30Z,6180,gP,1.989
2026-08-29T02:30Z,6180,g95e5p,1.855
2026-08-29T02:30Z,6181,g95e5,1.835
2026-08-29T02:30Z,6181,gA,1.979
2026-08-29T02:30Z,6181,g98e5,1.955
2026-08-29T02:30Z,6181,g95e5p,1.905
2026-08-29T02:30Z,6182,g95e5,1.819
2026-08-29T02:30Z,6182,gA,1.949
2026-08-29T02:30Z,6182,gP,2.019
2026-08-29T02:30Z,6182,g98e5,1.989
2026-08-29T02:30Z,6183,gA,1.949
2026-08-29T02:30Z,6183,gP,2.039
2026-08-29T02:30Z,6183,g98e5,1.975
2026-08-29T02:30Z,6186,gA,1.975
2026-08-29T02:30Z,6188,gA,1.969
2026-08-29T02:30Z,6188,gP,2.029
2026-08-29T02:30Z,6188,g98e5,2.009
2026-08-29T02:30Z,6194,g95e5,1.819
2026-08-29T02:30Z,6194,gA,1.949
2026-08-29T02:30Z,6194,gP,2.049
2026-08-29T02:30Z,6194,g98e5,1.989
2026-08-29T02:30Z,6195,gA,1.945
2026-08-29T02:30Z,6197,g95e5,1.849
2026-08-29T02:30Z,6197,gP,2.065
2026-08-29T02:30Z,6197,g98e5,2.019
2026-08-29T02:30Z,6198,g95e5,1.819
2026-08-29T02:30Z,6198,gP,2.035
2026-08-29T02:30Z,6198,g98e5,1.989
2026-08-29T02:30Z,6198,g95e5p,1.889
2026-08-29T02:30Z,6202,g95e5,1.845
2026-08-29T02:30Z,6202,gA,1.989
2026-08-29T02:30Z,6202,g98e5,2.005
2026-08-29T02:30Z,6204,gA,1.955
2026-08-29T02:30Z,6204,g98e5,1.979
2026-08-29T02:30Z,6206,g95e5,1.775
2026-08-29T02:30Z,6206,gA,1.899
2026-08-29T02:30Z,6206,g98e5,1.945
2026-08-29T02:30Z,6207,g95e5,1.779
2026-08-29T02:30Z,6207,gP,2.069
2026-08-29T02:30Z,6207,g98e5,1.949
2026-08-29T02:30Z,6208,g95e5,1.779
2026-08-29T02:30Z,6208,gA,1.925
2026-08-29T02:30Z,6208,gB,1.605
2026-08-29T02:30Z,6209,g95e5,1.779
2026-08-29T02:30Z,6211,g95e5,1.785
2026-08-29T02:30Z,6211,gA,1.935
2026-08-29T02:30Z,6211,gP,2.035
2026-08-29T02:30Z,6211,g98e5,1.955
2026-08-29T02:30Z,6213,g95e5,1.749
2026-08-29T02:30Z,6213,gA,1.935
2026-08-29T02:30Z,6213,gP,2.045
2026-08-29T02:30Z,6213,g98e5,1.919
2026-08-29T02:30Z,6215,g95e5,1.765
2026-08-29T02:30Z,6215,gA,1.905
2026-08-29T02:30Z,6215,g98e5,1.935
2026-08-29T02:30Z,6217,g95e5,1.805
2026-08-29T02:30Z,6217,gA,1.949
2026-08-29T02:30Z,6220,g95e5,1.819
2026-08-29T02:30Z,6220,gA,1.959
2026-08-29T02:30Z,6220,gP,2.029
2026-08-29T02:30Z,6220,g98e5,1.989
2026-08-29T02:30Z,6222,g95e5,1.829
2026-08-29T02:30Z,6222,gA,1.969
2026-08-29T02:30Z,6222,gP,2.049
2026-08-29T02:30Z,6222,g98e5,1.999
2026-08-29T02:30Z,6222,g95e5p,1.909
2026-08-29T02:30Z,6225,g95e5,1.749
2026-08-29T02:30Z,6225,gA,1.915
2026-08-29T02:30Z,6225,gP,2.025
2026-08-29T02:30Z,6225,g98e5,1.919
2026-08-29T02:30Z,6227,g95e5,1.845
2026-08-29T02:30Z,6227,gA,1.985
2026-08-29T02:30Z,6227,g98e5,1.965
2026-08-29T02:30Z,6230,g95e5,1.789
2026-08-29T02:30Z,6230,gA,1.929
2026-08-29T02:30Z,6230,gP,2.009
2026-08-29T02:30Z,6230,g98e5,1.959
2026-08-29T02:30Z,6232,g95e5,1.795
2026-08-29T02:30Z,6233,g95e5,1.835
2026-08-29T02:30Z,6233,gA,1.979
2026-08-29T02:30Z,6233,g98e5,1.955
2026-08-29T02:30Z,6236,gA,1.945
2026-08-29T02:30Z,6236,gP,2.025
2026-08-29T02:30Z,6236,g98e5,1.959
2026-08-29T02:30Z,6238,gA,1.955
2026-08-29T02:30Z,6238,gP,2.015
2026-08-29T02:30Z,6238,g98e5,1.939
2026-08-29T02:30Z,6238,gB,1.605
2026-08-29T02:30Z,6240,g95e5,1.825
2026-08-29T02:30Z,6240,gA,1.969
2026-08-29T02:30Z,6240,gP,2.079
2026-08-29T02:30Z,6241,g95e5,1.829
2026-08-29T02:30Z,6241,gA,1.969
2026-08-29T02:30Z,6241,gP,2.029
2026-08-29T02:30Z,6244,gA,1.949
2026-08-29T02:30Z,6246,gA,1.955
2026-08-29T02:30Z,6247,g95e5,1.795
2026-08-29T02:30Z,6247,gA,1.949
2026-08-29T02:30Z,6252,gA,1.985
2026-08-29T02:30Z,6252,gP,2.045
2026-08-29T02:30Z,6255,g95e5,1.825
2026-08-29T02:30Z,6255,gA,1.969
2026-08-29T02:30Z,6255,g98e5,1.945
2026-08-29T02:30Z,6255,g95e5p,1.895
2026-08-29T02:30Z,6259,g95e5,1.825
2026-08-29T02:30Z,6259,gA,1.959
2026-08-29T02:30Z,6259,g98e5,1.995
2026-08-29T02:30Z,6260,g95e5,1.835
2026-08-29T02:30Z,6260,gA,1.975
2026-08-29T02:30Z,6260,g98e5,2.005
2026-08-29T02:30Z,6261,g95e5,1.789
2026-08-29T02:30Z,6261,gA,1.929
2026-08-29T02:30Z,6268,gA,1.905
2026-08-29T02:30Z,6268,gP,1.965
2026-08-29T02:30Z,6271,gA,1.925
2026-08-29T02:30Z,6271,g98e5,1.969
2026-08-29T02:30Z,6275,g95e5,1.815
2026-08-29T02:30Z,6275,gA,1.959
2026-08-29T02:30Z,6275,gP,2.039
2026-08-29T02:30Z,6275,g98e5,1.985
2026-08-29T02:30Z,6275,gB,1.599
2026-08-29T02:30Z,6276,g95e5,1.849
2026-08-29T02:30Z,6276,gA,1.995
2026-08-29T02:30Z,6276,gP,2.055
2026-08-29T02:30Z,6276,g98e5,2.019
2026-08-29T02:30Z,6276,g95e5p,1.929
2026-08-29T02:30Z,6277,g95e5,1.829
2026-08-29T02:30Z,6277,gA,1.969
2026-08-29T02:30Z,6277,g98e5,1.999
2026-08-29T02:30Z,6277,g95e5p,1.909
2026-08-29T02:30Z,6278,gP,2.019
2026-08-29T02:30Z,6278,g98e5,1.959
2026-08-29T02:30Z,6283,g95e5,1.829
2026-08-29T02:30Z,6283,gA,1.975
2026-08-29T02:30Z,6283,gP,2.035
2026-08-29T02:30Z,6283,gB,1.639
2026-08-29T02:30Z,6287,g95e5,1.789
2026-08-29T02:30Z,6287,gA,1.929
2026-08-29T02:30Z,6287,gP,2.019
2026-08-29T02:30Z,6287,g98e5,1.929
2026-08-29T02:30Z,6288,g95e5,1.789
2026-08-29T02:30Z,6288,gA,1.929
2026-08-29T02:30Z,6288,gP,2.019
2026-08-29T02:30Z,6288,g98e5,1.929
2026-08-29T02:30Z,6289,g95e5,1.785
2026-08-29T02:30Z,6289,gA,1.925
2026-08-29T02:30Z,6290,g95e5,1.819
2026-08-29T02:30Z,6290,gA,1.959
2026-08-29T02:30Z,6290,gP,2.019
2026-08-29T02:30Z,6290,g98e5,1.989
2026-08-29T02:30Z,6291,g95e5,1.889
2026-08-29T02:30Z,6291,gA,1.889
2026-08-29T02:30Z,6291,gP,1.949
2026-08-29T02:30Z,6291,g98e5,1.999
2026-08-29T02:30Z,6291,gB,1.559
2026-08-29T02:30Z,6294,gA,1.979
2026-08-29T02:30Z,6294,gP,2.039
2026-08-29T02:30Z,6294,g98e5,2.015
2026-08-29T02:30Z,6295,gA,1.989
2026-08-29T02:30Z,6295,g98e5,1.965
2026-08-29T02:30Z,6300,g95e5,1.769
2026-08-29T02:30Z,6300,gA,1.905
2026-08-29T02:30Z,6300,g98e5,1.939
2026-08-29T02:30Z,6303,gA,1.915
2026-08-29T02:30Z,6303,gP,1.975
2026-08-29T02:30Z,6303,g98e5,1.939
2026-08-29T02:30Z,6303,gB,1.629
2026-08-29T02:30Z,6307,gA,1.929
2026-08-29T02:30Z,6307,gP,2.019
2026-08-29T02:30Z,6311,gA,1.905
2026-08-29T02:30Z,6311,gP,1.965
2026-08-29T02:30Z,6311,g98e5,1.905
2026-08-29T02:30Z,6312,g95e5,1.835
2026-08-29T02:30Z,6312,gA,1.965
2026-08-29T02:30Z,6312,g98e5,2.005
2026-08-29T02:30Z,6312,g95e5p,1.905
2026-08-29T02:30Z,6313,g95e5,1.795
2026-08-29T02:30Z,6313,gA,1.949
2026-08-29T02:30Z,6313,gP,2.009
2026-08-29T02:30Z,6313,g98e5,1.965
2026-08-29T02:30Z,6314,g95e5,1.845
2026-08-29T02:30Z,6314,gA,1.989
2026-08-29T02:30Z,6314,gB,1.639
2026-08-29T02:30Z,6316,g95e5,1.809
2026-08-29T02:30Z,6316,gA,1.955
2026-08-29T02:30Z,6316,g98e5,1.979
2026-08-29T02:30Z,6317,g95e5,1.789
2026-08-29T02:30Z,6317,gA,1.929
2026-08-29T02:30Z,6317,g98e5,1.929
2026-08-29T02:30Z,6318,g95e5,1.749
2026-08-29T02:30Z,6318,gA,1.929
2026-08-29T02:30Z,6318,g98e5,1.919
2026-08-29T02:30Z,6319,g95e5,1.805
2026-08-29T02:30Z,6319,gA,1.989
2026-08-29T02:30Z,6319,gP,2.079
2026-08-29T02:30Z,6319,g98e5,1.975
2026-08-29T02:30Z,6327,gA,1.979
2026-08-29T02:30Z,6327,gP,2.039
2026-08-29T02:30Z,6327,g98e5,2.009
2026-08-29T02:30Z,6328,g95e5,1.815
2026-08-29T02:30Z,6328,gA,1.945
2026-08-29T02:30Z,6328,gP,2.055
2026-08-29T02:30Z,6328,g98e5,1.985
2026-08-29T02:30Z,6329,g95e5,1.689
2026-08-29T02:30Z,6329,g98e5,1.829
2026-08-29T02:30Z,6330,gA,1.955
2026-08-29T02:30Z,6334,gA,1.915
2026-08-29T02:30Z,6334,g98e5,1.939
2026-08-29T02:30Z,6337,g95e5,1.749
2026-08-29T02:30Z,6337,gA,1.895
2026-08-29T02:30Z,6337,gP,2.005
2026-08-29T02:30Z,6339,g95e5,1.819
2026-08-29T02:30Z,6339,gA,1.959
2026-08-29T02:30Z,6339,gB,1.699
2026-08-29T02:30Z,6340,g95e5,1.779
2026-08-29T02:30Z,6340,gA,1.925
2026-08-29T02:30Z,6340,gP,2.035
2026-08-29T02:30Z,6342,g95e5,1.795
2026-08-29T02:30Z,6342,gA,1.949
2026-08-29T02:30Z,6342,gP,2.049
2026-08-29T02:30Z,6342,g98e5,1.965
2026-08-29T02:30Z,6344,g95e5,1.815
2026-08-29T02:30Z,6344,gA,1.949
2026-08-29T02:30Z,6344,g98e5,1.985
2026-08-29T02:30Z,6345,gA,1.969
2026-08-29T02:30Z,6345,gP,2.059
2026-08-29T02:30Z,6345,g98e5,1.985
2026-08-29T02:30Z,6346,gA,1.969
2026-08-29T02:30Z,6346,gP,2.029
2026-08-29T02:30Z,6350,gA,1.905
2026-08-29T02:30Z,6350,gP,1.965
2026-08-29T02:30Z,6350,g98e5,1.895
2026-08-29T02:30Z,6351,gA,1.899
2026-08-29T02:30Z,6351,gP,1.989
2026-08-29T02:30Z,6351,g98e5,1.945
2026-08-29T02:30Z,6353,g95e5,1.815
2026-08-29T02:30Z,6353,gA,1.959
2026-08-29T02:30Z,6353,gP,2.019
2026-08-29T02:30Z,6353,g98e5,1.985
2026-08-29T02:30Z,6356,g95e5,1.829
2026-08-29T02:30Z,6356,gA,1.979
2026-08-29T02:30Z,6356,gP,2.059
2026-08-29T02:30Z,6356,g98e5,1.999
2026-08-29T02:30Z,6358,g95e5,1.749
2026-08-29T02:30Z,6358,gA,1.939
2026-08-29T02:30Z,6358,g98e5,1.919
2026-08-29T02:30Z,6359,g95e5,1.835
2026-08-29T02:30Z,6359,gA,1.979
2026-08-29T02:30Z,6359,g98e5,1.955
2026-08-29T02:30Z,6360,g95e5,1.849
2026-08-29T02:30Z,6360,gA,1.979
2026-08-29T02:30Z,6360,g98e5,2.019
2026-08-29T02:30Z,6364,g95e5,1.795
2026-08-29T02:30Z,6364,gA,1.939
2026-08-29T02:30Z,6364,g98e5,1.965
2026-08-29T02:30Z,6364,gB,1.615
2026-08-29T02:30Z,6367,g95e5,1.779
2026-08-29T02:30Z,6367,gA,1.925
2026-08-29T02:30Z,6371,g95e5,1.799
2026-08-29T02:30Z,6371,gA,1.945
2026-08-29T02:30Z,6371,gP,2.055
2026-08-29T02:30Z,6371,g98e5,1.969
2026-08-29T02:30Z,6373,g95e5,1.805
2026-08-29T02:30Z,6373,gA,1.949
2026-08-29T02:30Z,6373,gP,2.059
2026-08-29T02:30Z,6373,gB,1.645
2026-08-29T02:30Z,6374,g95e5,1.765
2026-08-29T02:30Z,6374,gA,1.915
2026-08-29T02:30Z,6374,gP,2.025
2026-08-29T02:30Z,6374,gB,1.589
2026-08-29T02:30Z,6376,g95e5,1.799
2026-08-29T02:30Z,6376,gA,1.945
2026-08-29T02:30Z,6376,gP,2.055
2026-08-29T02:30Z,6376,g98e5,1.969
2026-08-29T02:30Z,6379,gA,1.999
2026-08-29T02:30Z,6379,g98e5,1.989
2026-08-29T02:30Z,6380,gA,1.899
2026-08-29T02:30Z,6380,gP,2.009
2026-08-29T02:30Z,6389,g95e5,1.795
2026-08-29T02:30Z,6389,gA,1.959
2026-08-29T02:30Z,6389,gP,2.019
2026-08-29T02:30Z,6389,g98e5,1.915
2026-08-29T02:30Z,6390,g95e5,1.839
2026-08-29T02:30Z,6390,gA,1.975
2026-08-29T02:30Z,6390,gP,2.035
2026-08-29T02:30Z,6390,g98e5,2.009
2026-08-29T02:30Z,6398,g95e5,1.789
2026-08-29T02:30Z,6398,gA,1.949
2026-08-29T02:30Z,6398,gP,2.009
2026-08-29T02:30Z,6398,g98e5,1.949
2026-08-29T02:30Z,6398,gB,1.595
2026-08-29T02:30Z,6399,g95e5,1.819
2026-08-29T02:30Z,6399,gA,1.955
2026-08-29T02:30Z,6399,g98e5,1.989
2026-08-29T02:30Z,6401,g95e5,1.744
2026-08-29T02:30Z,6401,g98e5,1.884
2026-08-29T02:30Z,6403,gA,1.915
2026-08-29T02:30Z,6403,gP,1.995
2026-08-29T02:30Z,6403,g98e5,1.959
2026-08-29T02:30Z,6404,g95e5,1.835
2026-08-29T02:30Z,6404,gA,1.985
2026-08-29T02:30Z,6404,g98e5,2.005
2026-08-29T02:30Z,6404,g95e5p,1.895
2026-08-29T02:30Z,6406,g95e5,1.835
2026-08-29T02:30Z,6406,gA,1.969
2026-08-29T02:30Z,6406,gP,2.029
2026-08-29T02:30Z,6406,g98e5,2.005
2026-08-29T02:30Z,6407,gA,1.959
2026-08-29T02:30Z,6407,g98e5,1.909
2026-08-29T02:30Z,6410,g95e5,1.755
2026-08-29T02:30Z,6410,gA,1.885
2026-08-29T02:30Z,6411,gA,1.935
2026-08-29T02:30Z,6411,gP,2.045
2026-08-29T02:30Z,6411,g98e5,1.919
2026-08-29T02:30Z,6412,gA,1.935
2026-08-29T02:30Z,6412,gP,2.045
2026-08-29T02:30Z,6412,g98e5,1.919
2026-08-29T02:30Z,6413,g95e5,1.825
2026-08-29T02:30Z,6413,gA,1.959
2026-08-29T02:30Z,6413,g98e5,1.995
2026-08-29T02:30Z,6413,g95e5p,1.895
2026-08-29T02:30Z,6413,gB,1.689
2026-08-29T02:30Z,6424,gA,1.914
2026-08-29T02:30Z,6424,gP,1.989
2026-08-29T02:30Z,6426,g95e5,1.759
2026-08-29T02:30Z,6426,g95e5p,1.849
2026-08-29T02:30Z,6448,gA,1.889
2026-08-29T02:30Z,6448,gP,1.979
2026-08-29T02:30Z,6456,gB,1.730
2026-08-29T02:30Z,6468,gA,1.969
2026-08-29T02:30Z,6468,gP,2.059
2026-08-29T02:30Z,6486,gA,1.905
2026-08-29T02:30Z,6486,gP,2.015
2026-08-29T02:30Z,6486,g98e5,1.985
2026-08-29T02:30Z,6499,gA,2.009
2026-08-29T02:30Z,6499,gP,2.079
2026-08-29T02:30Z,6501,gA,1.979
2026-08-29T02:30Z,6501,gP,2.049
2026-08-29T02:30Z,6501,gB,1.679
2026-08-29T02:30Z,6508,g95e5,1.809
2026-08-29T02:30Z,6517,gA,1.919
2026-08-29T02:30Z,6522,gA,1.939
2026-08-29T02:30Z,6522,gP,2.009
2026-08-29T02:30Z,6535,gB,1.747
2026-08-29T02:30Z,6555,gA,1.889
2026-08-29T02:30Z,6555,gP,1.979
2026-08-29T02:30Z,6564,gA,1.905
2026-08-29T02:30Z,6564,gP,1.965
2026-08-29T02:30Z,6564,g98e5,1.879
2026-08-29T02:30Z,6567,gA,1.889
2026-08-29T02:30Z,6567,gP,1.979
2026-08-29T02:30Z,6568,gA,1.879
2026-08-29T02:30Z,6568,gP,1.939
2026-08-29T02:30Z,6568,g98e5,1.939
2026-08-29T02:30Z,6569,gA,1.939
2026-08-29T02:30Z,6569,gP,2.009
2026-08-29T02:30Z,6584,g95e5,1.784
2026-08-29T02:30Z,6584,g95e5p,1.869
2026-08-29T02:30Z,6589,gA,1.879
2026-08-29T02:30Z,6589,gP,1.989
2026-08-29T02:30Z,6589,g98e5,1.899
2026-08-29T02:30Z,6590,gA,1.905
2026-08-29T02:30Z,6590,gP,2.015
2026-08-29T02:30Z,6590,g98e5,1.925
2026-08-29T02:30Z,6599,gA,1.939
2026-08-29T02:30Z,6599,gP,2.009
2026-08-29T02:30Z,6612,gA,2.009
2026-08-29T02:30Z,6612,gP,2.079
2026-08-29T02:30Z,6622,g95e5,1.735
2026-08-29T02:30Z,6622,gA,1.999
2026-08-29T02:30Z,6622,g98e5,1.905
2026-08-29T02:30Z,6623,gA,1.965
2026-08-29T02:30Z,6623,g98e5,1.905
2026-08-29T02:30Z,6627,g95e5,1.794
2026-08-29T02:30Z,6627,g98e5,1.914
2026-08-29T02:30Z,6627,g95e5p,1.879
2026-08-29T02:30Z,6632,gA,1.939
2026-08-29T02:30Z,6632,gP,2.009
2026-08-29T02:30Z,6641,g95e5,1.775
2026-08-29T02:30Z,6641,gA,1.955
2026-08-29T02:30Z,6644,gA,1.979
2026-08-29T02:30Z,6644,gP,2.039
2026-08-29T02:30Z,6644,gB,1.619
2026-08-29T02:30Z,6665,g95e5,1.805
2026-08-29T02:30Z,6665,gA,1.899
2026-08-29T02:30Z,6665,gP,1.959
2026-08-29T02:30Z,6665,g98e5,1.975
2026-08-29T02:30Z,6678,g95e5,1.735
2026-08-29T02:30Z,6678,gA,1.995
2026-08-29T02:30Z,6678,gB,1.699
2026-08-29T02:30Z,6681,gA,1.905
2026-08-29T02:30Z,6681,gP,1.985
2026-08-29T02:30Z,6682,gA,1.905
2026-08-29T02:30Z,6682,g98e5,1.965
2026-08-29T02:30Z,6686,gA,1.935
2026-08-29T02:30Z,6686,gP,2.045
2026-08-29T02:30Z,6686,gB,1.595
2026-08-29T02:30Z,6687,gA,1.895
2026-08-29T02:30Z,6687,gP,1.975
2026-08-29T02:30Z,6687,g98e5,1.909
2026-08-29T02:30Z,6688,gA,1.905
2026-08-29T02:30Z,6688,gP,1.965
2026-08-29T02:30Z,6688,g98e5,1.879
2026-08-29T02:30Z,6690,gA,1.959
2026-08-29T02:30Z,6690,g98e5,1.955
2026-08-29T02:30Z,6694,gA,1.955
2026-08-29T02:30Z,6695,gA,1.955
2026-08-29T02:30Z,6695,gP,2.055
2026-08-29T02:30Z,6698,g95e5,1.749
2026-08-29T02:30Z,6698,gA,1.895
2026-08-29T02:30Z,6698,g98e5,1.919
2026-08-29T02:30Z,6698,gB,1.675
2026-08-29T02:30Z,6699,g95e5,1.799
2026-08-29T02:30Z,6699,gA,1.905
2026-08-29T02:30Z,6699,gP,1.965
2026-08-29T02:30Z,6699,g98e5,1.969
2026-08-29T02:30Z,6699,g95e5p,1.879
2026-08-29T02:30Z,6700,gA,1.895
2026-08-29T02:30Z,6700,gP,1.975
2026-08-29T02:30Z,6700,g98e5,1.909
2026-08-29T02:30Z,6702,gA,1.959
2026-08-29T02:30Z,6702,gP,2.049
2026-08-29T02:30Z,6703,gA,1.969
2026-08-29T02:30Z,6703,g98e5,1.945
2026-08-29T02:30Z,6706,g95e5,1.789
2026-08-29T02:30Z,6706,g98e5,1.894
2026-08-29T02:30Z,6706,g95e5p,1.859
2026-08-29T02:30Z,6706,glp,1.089
2026-08-29T02:30Z,6711,g95e5,1.799
2026-08-29T02:30Z,6711,gA,1.899
2026-08-29T02:30Z,6711,gP,1.989
2026-08-29T02:30Z,6711,g98e5,1.969
2026-08-29T02:30Z,6713,gA,1.879
2026-08-29T02:30Z,6713,g98e5,1.899
2026-08-29T02:30Z,6713,gB,1.599
2026-08-29T02:30Z,6715,g95e5,1.765
2026-08-29T02:30Z,6715,gA,1.969
2026-08-29T02:30Z,6715,g95e5p,1.835
2026-08-29T02:30Z,6718,g95e5,1.749
2026-08-29T02:30Z,6718,gA,1.895
2026-08-29T02:30Z,6718,gP,2.005
2026-08-29T02:30Z,6718,g98e5,1.919
2026-08-29T02:30Z,6721,g95e5,1.815
2026-08-29T02:30Z,6721,gA,1.905
2026-08-29T02:30Z,6721,gP,1.965
2026-08-29T02:30Z,6721,g98e5,1.985
2026-08-29T02:30Z,6721,g95e5p,1.885
2026-08-29T02:30Z,6722,gA,1.879
2026-08-29T02:30Z,6722,gP,1.979
2026-08-29T02:30Z,6723,g95e5,1.779
2026-08-29T02:30Z,6723,gA,1.969
2026-08-29T02:30Z,6723,gP,2.029
2026-08-29T02:30Z,6723,g95e5p,1.849
2026-08-29T02:30Z,6725,gA,1.909
2026-08-29T02:30Z,6725,gP,1.999
2026-08-29T02:30Z,6731,gA,1.889
2026-08-29T02:30Z,6731,gP,1.979
2026-08-29T02:30Z,6737,g98e5,2.009
2026-08-29T02:30Z,6737,gB,1.665
2026-08-29T02:30Z,6743,gA,1.999
2026-08-29T02:30Z,6743,gP,2.079
2026-08-29T02:30Z,6744,g95e5,1.854
2026-08-29T02:30Z,6744,g95e5p,1.929
2026-08-29T02:30Z,6745,gA,1.959
2026-08-29T02:30Z,6745,g98e5,1.949
2026-08-29T02:30Z,6746,gA,1.959
2026-08-29T02:30Z,6746,g98e5,1.949
2026-08-29T02:30Z,6749,gA,1.919
2026-08-29T02:30Z,6751,g95e5,1.775
2026-08-29T02:30Z,6751,gA,1.965
2026-08-29T02:30Z,6751,g98e5,1.925
2026-08-29T02:30Z,6751,gB,1.695
2026-08-29T02:30Z,6766,gA,1.939
2026-08-29T02:30Z,6766,gP,1.999
2026-08-29T02:30Z,6770,g95e5,1.784
2026-08-29T02:30Z,6770,g95e5p,1.859
2026-08-29T02:30Z,6781,g95e5,1.769
2026-08-29T02:30Z,6781,gA,1.965
2026-08-29T02:30Z,6784,gA,1.939
2026-08-29T02:30Z,6784,gP,2.039
2026-08-29T02:30Z,6784,gB,1.675
2026-08-29T02:30Z,6788,gA,1.969
2026-08-29T02:30Z,6788,gP,2.049
2026-08-29T02:30Z,6788,gB,1.749
2026-08-29T02:30Z,6789,g95e5,1.794
2026-08-29T02:30Z,6789,g98e5,1.894
2026-08-29T02:30Z,6790,gA,1.999
2026-08-29T02:30Z,6790,gP,2.059
2026-08-29T02:30Z,6794,gA,1.939
2026-08-29T02:30Z,6799,g95e5,1.795
2026-08-29T02:30Z,6799,gA,1.899
2026-08-29T02:30Z,6799,gP,1.979
2026-08-29T02:30Z,6799,g98e5,1.965
2026-08-29T02:30Z,6799,g95e5p,1.865
2026-08-29T02:30Z,6800,gA,1.935
2026-08-29T02:30Z,6802,gA,1.949
2026-08-29T02:30Z,6803,g95e5,1.755
2026-08-29T02:30Z,6803,gA,1.939
2026-08-29T02:30Z,6807,gA,1.905
2026-08-29T02:30Z,6807,gP,1.965
2026-08-29T02:30Z,6808,gA,1.905
2026-08-29T02:30Z,6808,gP,1.965
2026-08-29T02:30Z,6810,gA,1.939
2026-08-29T02:30Z,6810,gB,1.695
2026-08-29T02:30Z,6811,gA,1.935
2026-08-29T02:30Z,6811,gB,1.605
2026-08-29T02:30Z,6812,gA,1.915
2026-08-29T02:30Z,6812,gP,2.015
2026-08-29T02:30Z,6812,g98e5,1.989
2026-08-29T02:30Z,6813,g95e5,1.809
2026-08-29T02:30Z,6813,gA,1.899
2026-08-29T02:30Z,6813,g95e5p,1.879
2026-08-29T02:30Z,6814,gB,1.589
2026-08-29T02:30Z,6815,gA,1.879
2026-08-29T02:30Z,6815,g98e5,1.899
2026-08-29T02:30Z,6815,gB,1.589
2026-08-29T02:30Z,6816,gA,1.939
2026-08-29T02:30Z,6816,gP,1.999
2026-08-29T02:30Z,6816,g98e5,2.015
2026-08-29T02:30Z,6819,gA,1.969
2026-08-29T02:30Z,6819,gP,2.079
2026-08-29T02:30Z,6822,gA,1.975
2026-08-29T02:30Z,6822,g98e5,2.019
2026-08-29T02:30Z,6824,g95e5,1.769
2026-08-29T02:30Z,6824,gA,1.919
2026-08-29T02:30Z,6824,gP,2.029
2026-08-29T02:30Z,6824,g98e5,1.939
2026-08-29T02:30Z,6830,gA,1.889
2026-08-29T02:30Z,6830,gP,1.979
2026-08-29T02:30Z,6831,g95e5,1.855
2026-08-29T02:30Z,6831,gA,1.945
2026-08-29T02:30Z,6831,gP,2.005
2026-08-29T02:30Z,6831,g98e5,1.985
2026-08-29T02:30Z,6832,gA,1.975
2026-08-29T02:30Z,6832,g98e5,2.015
2026-08-29T02:30Z,6833,gA,1.985
2026-08-29T02:30Z,6833,g98e5,1.959
2026-08-29T02:30Z,6837,gA,1.879
2026-08-29T02:30Z,6837,gP,1.969
2026-08-29T02:30Z,6838,gA,1.899
2026-08-29T02:30Z,6838,gP,1.969
2026-08-29T02:30Z,6838,gB,1.645
2026-08-29T02:30Z,6840,g95e5,1.829
2026-08-29T02:30Z,6840,gA,1.909
2026-08-29T02:30Z,6841,gA,1.919
2026-08-29T02:30Z,6841,gP,2.029
2026-08-29T02:30Z,6841,g98e5,1.949
2026-08-29T02:30Z,6842,g95e5,1.859
2026-08-29T02:30Z,6842,gA,1.945
2026-08-29T02:30Z,6842,gP,2.005
2026-08-29T02:30Z,6842,g98e5,1.989
2026-08-29T02:30Z,6843,g95e5,1.805
2026-08-29T02:30Z,6843,gA,1.899
2026-08-29T02:30Z,6843,g98e5,1.975
2026-08-29T02:30Z,6843,g95e5p,1.885
2026-08-29T02:30Z,6846,gA,1.899
2026-08-29T02:30Z,6846,gP,2.009
2026-08-29T02:30Z,6846,g98e5,1.945
2026-08-29T02:30Z,6847,gA,1.895
2026-08-29T02:30Z,6847,gP,1.985
2026-08-29T02:30Z,6850,gA,1.899
2026-08-29T02:30Z,6850,gP,1.989
2026-08-29T02:30Z,6850,g98e5,1.989
2026-08-29T02:30Z,6853,g95e5,1.739
2026-08-29T02:30Z,6853,gA,1.889
2026-08-29T02:30Z,6853,gP,1.999
2026-08-29T02:30Z,6853,g98e5,1.909
2026-08-29T02:30Z,6853,g95e5p,1.809
2026-08-29T02:30Z,6857,g95e5,1.769
2026-08-29T02:30Z,6857,gA,1.909
2026-08-29T02:30Z,6858,gA,1.915
2026-08-29T02:30Z,6858,gP,2.025
2026-08-29T02:30Z,6858,g98e5,1.929
2026-08-29T02:30Z,6859,gA,1.915
2026-08-29T02:30Z,6859,gP,2.015
2026-08-29T02:30Z,6859,g98e5,1.929
2026-08-29T02:30Z,6861,g95e5,1.795
2026-08-29T02:30Z,6861,gA,1.935
2026-08-29T02:30Z,6861,gP,1.995
2026-08-29T02:30Z,6861,g98e5,1.915
2026-08-29T02:30Z,6862,gA,1.899
2026-08-29T02:30Z,6862,g98e5,1.915
2026-08-29T02:30Z,6862,gB,1.625
2026-08-29T02:30Z,6864,gA,1.939
2026-08-29T02:30Z,6864,gP,2.039
2026-08-29T02:30Z,6867,gA,1.949
2026-08-29T02:30Z,6867,gB,1.645
2026-08-29T02:30Z,6870,gA,1.899
2026-08-29T02:30Z,6870,gP,1.979
2026-08-29T02:30Z,6870,g98e5,1.995
2026-08-29T02:30Z,6871,g95e5,1.739
2026-08-29T02:30Z,6871,gA,1.999
2026-08-29T02:30Z,6871,g98e5,1.909
2026-08-29T02:30Z,6871,g95e5p,1.799
2026-08-29T02:30Z,6875,gA,1.979
2026-08-29T02:30Z,6875,gP,2.089
2026-08-29T02:30Z,6876,gA,1.995
2026-08-29T02:30Z,6876,gP,2.055
2026-08-29T02:30Z,6876,g98e5,1.909
2026-08-29T02:30Z,6876,gB,1.639
2026-08-29T02:30Z,6877,gA,1.939
2026-08-29T02:30Z,6877,g98e5,1.905
2026-08-29T02:30Z,6877,gB,1.639
2026-08-29T02:30Z,6881,gA,1.935
2026-08-29T02:30Z,6881,gB,1.599
2026-08-29T02:30Z,6887,g95e5,1.765
2026-08-29T02:30Z,6887,gA,1.959
2026-08-29T02:30Z,6887,g98e5,1.935
2026-08-29T02:30Z,6887,gB,1.639
2026-08-29T02:30Z,6893,g95e5,1.819
2026-08-29T02:30Z,6893,gA,1.909
2026-08-29T02:30Z,6893,gP,1.979
2026-08-29T02:30Z,6893,g98e5,1.989
2026-08-29T02:30Z,6894,gA,1.935
2026-08-29T02:30Z,6894,gP,1.995
2026-08-29T02:30Z,6894,g98e5,1.959
2026-08-29T02:30Z,6895,gA,1.889
2026-08-29T02:30Z,6895,gP,1.979
2026-08-29T02:30Z,6896,g95e5,1.819
2026-08-29T02:30Z,6896,gA,1.945
2026-08-29T02:30Z,6896,g98e5,1.989
2026-08-29T02:30Z,6897,gA,1.969
2026-08-29T02:30Z,6897,g98e5,1.949
2026-08-29T02:30Z,6897,gB,1.699
2026-08-29T02:30Z,6898,g95e5,1.759
2026-08-29T02:30Z,6898,gA,1.995
2026-08-29T02:30Z,6898,g98e5,1.929
2026-08-29T02:30Z,6900,g95e5,1.835
2026-08-29T02:30Z,6900,gA,1.965
2026-08-29T02:30Z,6900,gP,2.025
2026-08-29T02:30Z,6904,gA,1.889
2026-08-29T02:30Z,6904,gP,1.999
2026-08-29T02:30Z,6904,g98e5,1.945
2026-08-29T02:30Z,6905,gA,1.889
2026-08-29T02:30Z,6905,gP,1.999
2026-08-29T02:30Z,6905,g98e5,1.945
2026-08-29T02:30Z,6907,g95e5,1.805
2026-08-29T02:30Z,6907,gA,1.965
2026-08-29T02:30Z,6907,gB,1.699
2026-08-29T02:30Z,6908,g95e5,1.789
2026-08-29T02:30Z,6908,g98e5,1.939
2026-08-29T02:30Z,6908,gB,1.645
2026-08-29T02:30Z,6909,gB,1.699
2026-08-29T02:30Z,6910,gA,1.989
2026-08-29T02:30Z,6910,g98e5,1.949
2026-08-29T02:30Z,6911,g95e5,1.755
2026-08-29T02:30Z,6911,gA,1.935
2026-08-29T02:30Z,6913,g95e5,1.735
2026-08-29T02:30Z,6913,gA,1.939
2026-08-29T02:30Z,6913,g98e5,1.905
2026-08-29T02:30Z,6913,gB,1.645
2026-08-29T02:30Z,6914,g95e5,1.795
2026-08-29T02:30Z,6914,gA,1.899
2026-08-29T02:30Z,6914,gP,2.009
2026-08-29T02:30Z,6916,gA,1.989
2026-08-29T02:30Z,6916,gP,2.079
2026-08-29T02:30Z,6917,g95e5,1.859
2026-08-29T02:30Z,6917,gA,1.965
2026-08-29T02:30Z,6917,gP,2.025
2026-08-29T02:30Z,6917,g98e5,1.979
2026-08-29T02:30Z,6919,g95e5,1.795
2026-08-29T02:30Z,6919,gA,1.895
2026-08-29T02:30Z,6919,gB,1.675
2026-08-29T02:30Z,6921,gA,1.935
2026-08-29T02:30Z,6921,gB,1.609
2026-08-29T02:30Z,6922,g95e5,1.825
2026-08-29T02:30Z,6922,gA,1.989
2026-08-29T02:30Z,6922,gP,2.049
2026-08-29T02:30Z,6922,g98e5,1.995
2026-08-29T02:30Z,6923,gA,1.879
2026-08-29T02:30Z,6923,gP,1.989
2026-08-29T02:30Z,6923,g98e5,1.899
2026-08-29T02:30Z,6923,gB,1.625
2026-08-29T02:30Z,6924,gA,1.975
2026-08-29T02:30Z,6924,gB,1.679
2026-08-29T02:30Z,6926,gA,1.919
2026-08-29T02:30Z,6926,gP,2.009
2026-08-29T02:30Z,6928,gA,1.945
2026-08-29T02:30Z,6928,gP,2.025
2026-08-29T02:30Z,6928,g98e5,1.905
2026-08-29T02:30Z,6928,gB,1.695
2026-08-29T02:30Z,6929,gA,1.949
2026-08-29T02:30Z,6929,gP,2.009
2026-08-29T02:30Z,6929,g98e5,1.905
2026-08-29T02:30Z,6930,gA,1.949
2026-08-29T02:30Z,6930,gP,2.009
2026-08-29T02:30Z,6931,gA,1.989
2026-08-29T02:30Z,6931,g98e5,1.905
2026-08-29T02:30Z,6931,gB,1.649
2026-08-29T02:30Z,6933,gA,1.935
2026-08-29T02:30Z,6933,gP,2.045
2026-08-29T02:30Z,6933,gB,1.605
2026-08-29T02:30Z,6934,g95e5,1.739
2026-08-29T02:30Z,6934,g98e5,1.909
2026-08-29T02:30Z,6934,gB,1.639
2026-08-29T02:30Z,6935,gA,1.955
2026-08-29T02:30Z,6935,g98e5,1.909
2026-08-29T02:30Z,6935,gB,1.639
2026-08-29T02:30Z,6938,g95e5,1.755
2026-08-29T02:30Z,6938,gA,1.959
2026-08-29T02:30Z,6938,g98e5,1.925
2026-08-29T02:30Z,6938,gB,1.639
2026-08-29T02:30Z,6939,gA,1.899
2026-08-29T02:30Z,6939,g98e5,1.959
2026-08-29T02:30Z,6940,gA,1.949
2026-08-29T02:30Z,6940,g98e5,1.905
2026-08-29T02:30Z,6940,gB,1.699
2026-08-29T02:30Z,6941,gA,1.945
2026-08-29T02:30Z,6941,gP,2.015
2026-08-29T02:30Z,6942,g95e5,1.749
2026-08-29T02:30Z,6942,gA,1.939
2026-08-29T02:30Z,6943,g95e5,1.749
2026-08-29T02:30Z,6943,gA,1.939
2026-08-29T02:30Z,6943,g98e5,1.919
2026-08-29T02:30Z,6944,g95e5,1.795
2026-08-29T02:30Z,6944,gA,1.935
2026-08-29T02:30Z,6944,g98e5,1.915
2026-08-29T02:30Z,6944,g95e5p,1.855
2026-08-29T02:30Z,6947,gA,1.935
2026-08-29T02:30Z,6947,gP,2.045
2026-08-29T02:30Z,6950,gA,1.945
2026-08-29T02:30Z,6950,gP,2.015
2026-08-29T02:30Z,6950,gB,1.639
2026-08-29T02:30Z,6954,g95e5,1.749
2026-08-29T02:30Z,6954,gA,1.895
2026-08-29T02:30Z,6954,gP,2.005
2026-08-29T02:30Z,6954,g98e5,1.919
2026-08-29T02:30Z,6955,gA,1.989
2026-08-29T02:30Z,6955,g98e5,2.019
2026-08-29T02:30Z,6956,gA,1.889
2026-08-29T02:30Z,6956,gP,1.999
2026-08-29T02:30Z,6956,gB,1.595
2026-08-29T02:30Z,6957,gA,1.985
2026-08-29T02:30Z,6957,gP,2.045
2026-08-29T02:30Z,6957,g98e5,1.999
2026-08-29T02:30Z,6958,g95e5,1.789
2026-08-29T02:30Z,6958,gA,1.919
2026-08-29T02:30Z,6958,g98e5,1.959
2026-08-29T02:30Z,6959,gA,1.905
2026-08-29T02:30Z,6959,gP,2.015
2026-08-29T02:30Z,6959,g98e5,1.925
2026-08-29T02:30Z,6961,g95e5,1.785
2026-08-29T02:30Z,6961,gA,1.969
2026-08-29T02:30Z,6961,g98e5,1.955
2026-08-29T02:30Z,6962,gA,1.909
2026-08-29T02:30Z,6962,gP,2.009
2026-08-29T02:30Z,6962,g98e5,1.915
2026-08-29T02:30Z,6963,gA,1.909
2026-08-29T02:30Z,6963,gP,2.009
2026-08-29T02:30Z,6963,g98e5,1.915
2026-08-29T02:30Z,6964,gA,1.915
2026-08-29T02:30Z,6964,g98e5,1.899
2026-08-29T02:30Z,6966,gA,1.919
2026-08-29T02:30Z,6966,gB,1.685
2026-08-29T02:30Z,6969,g95e5,1.779
2026-08-29T02:30Z,6969,gA,1.975
2026-08-29T02:30Z,6969,g98e5,1.899
2026-08-29T02:30Z,6971,gA,1.905
2026-08-29T02:30Z,6971,g98e5,1.965
2026-08-29T02:30Z,6972,gA,1.949
2026-08-29T02:30Z,6972,g98e5,1.949
2026-08-29T02:30Z,6972,gB,1.665
2026-08-29T02:30Z,6973,gA,1.949
2026-08-29T02:30Z,6973,g98e5,1.949
2026-08-29T02:30Z,6973,gB,1.665
2026-08-29T02:30Z,6974,gP,1.949
2026-08-29T02:30Z,6975,g95e5,1.779
2026-08-29T02:30Z,6975,gA,1.975
2026-08-29T02:30Z,6975,gP,2.035
2026-08-29T02:30Z,6975,g98e5,1.949
2026-08-29T02:30Z,6976,gA,1.905
2026-08-29T02:30Z,6976,gP,2.025
2026-08-29T02:30Z,6976,g98e5,1.975
2026-08-29T02:30Z,6977,gA,1.919
2026-08-29T02:30Z,6977,gP,2.029
2026-08-29T02:30Z,6977,g98e5,1.909
2026-08-29T02:30Z,6978,gA,1.885
2026-08-29T02:30Z,6978,gP,1.965
2026-08-29T02:30Z,6978,g98e5,1.905
2026-08-29T02:30Z,6988,gA,1.959
2026-08-29T02:30Z,6988,gP,2.049
2026-08-29T02:30Z,6989,gA,1.959
2026-08-29T02:30Z,6989,gP,2.049
2026-08-29T02:30Z,6991,gA,1.739
2026-08-29T02:30Z,6991,g98e5,1.739
2026-08-29T02:30Z,6991,bio,1.679
2026-08-29T02:30Z,6993,gA,1.929
2026-08-29T02:30Z,6993,gP,2.019
2026-08-29T02:30Z,7010,g95e5,1.599
2026-08-29T02:30Z,7010,gA,1.739
2026-08-29T02:30Z,7010,g98e5,1.799
2026-08-29T02:30Z,7010,bio,1.699
2026-08-29T02:30Z,7013,g95e5,1.699
2026-08-29T02:30Z,7013,gA,1.799
2026-08-29T02:30Z,7013,g98e5,1.799
2026-08-29T02:30Z,7013,bio,1.699
2026-08-29T02:30Z,7021,g95e5,1.599
2026-08-29T02:30Z,7021,gA,1.749
2026-08-29T02:30Z,7021,gP,1.769
2026-08-29T02:30Z,7021,bio,1.699
2026-08-29T02:30Z,7054,gA,1.989
2026-08-29T02:30Z,7054,gP,2.059
2026-08-29T02:30Z,7054,gB,1.719
2026-08-29T02:30Z,7062,gA,1.919
2026-08-29T02:30Z,7062,gP,2.009
2026-08-29T02:30Z,7066,gA,1.969
2026-08-29T02:30Z,7066,gP,2.059
2026-08-29T02:30Z,7082,gP,2.035
2026-08-29T02:30Z,7086,gP,2.035
2026-08-29T02:30Z,7086,g98e5,1.939
2026-08-29T02:30Z,7089,gA,1.939
2026-08-29T02:30Z,7089,g98e5,1.915
2026-08-29T02:30Z,7090,gA,1.949
2026-08-29T02:30Z,7090,gP,2.039
2026-08-29T02:30Z,7094,g95e5,1.789
2026-08-29T02:30Z,7094,gA,1.959
2026-08-29T02:30Z,7095,g95e5,1.789
2026-08-29T02:30Z,7095,gA,1.959
2026-08-29T02:30Z,7097,gA,1.949
2026-08-29T02:30Z,7097,gP,2.049
2026-08-29T02:30Z,7100,gA,1.929
2026-08-29T02:30Z,7100,g98e5,1.949
2026-08-29T02:30Z,7103,gA,1.955
2026-08-29T02:30Z,7103,gP,2.035
2026-08-29T02:30Z,7103,g98e5,1.959
2026-08-29T02:30Z,7105,gA,1.915
2026-08-29T02:30Z,7105,gP,2.025
2026-08-29T02:30Z,7105,g98e5,1.929
2026-08-29T02:30Z,7106,gA,1.915
2026-08-29T02:30Z,7106,gP,2.025
2026-08-29T02:30Z,7106,g98e5,1.929
2026-08-29T02:30Z,7111,g95e5,1.835
2026-08-29T02:30Z,7111,gA,1.969
2026-08-29T02:30Z,7111,g98e5,1.955
2026-08-29T02:30Z,7115,gA,1.969
2026-08-29T02:30Z,7115,gP,2.059
2026-08-29T02:30Z,7117,gA,1.929
2026-08-29T02:30Z,7117,g98e5,1.925
2026-08-29T02:30Z,7119,gA,1.959
2026-08-29T02:30Z,7119,gP,2.019
2026-08-29T02:30Z,7119,g98e5,1.975
2026-08-29T02:30Z,7120,gA,1.929
2026-08-29T02:30Z,7120,gP,2.029
2026-08-29T02:30Z,7120,g98e5,1.925
2026-08-29T02:30Z,7120,gB,1.675
2026-08-29T02:30Z,7123,gA,1.939
2026-08-29T02:30Z,7123,gP,2.039
2026-08-29T02:30Z,7123,g98e5,1.929
2026-08-29T02:30Z,7123,gB,1.675
2026-08-29T02:30Z,7129,gA,1.949
2026-08-29T02:30Z,7129,g98e5,1.929
2026-08-29T02:30Z,7130,g95e5,1.805
2026-08-29T02:30Z,7130,gA,1.939
2026-08-29T02:30Z,7130,gP,1.999
2026-08-29T02:30Z,7130,g98e5,1.925
2026-08-29T02:30Z,7131,g95e5,1.815
2026-08-29T02:30Z,7131,gA,1.979
2026-08-29T02:30Z,7131,gP,2.069
2026-08-29T02:30Z,7131,g98e5,1.935
2026-08-29T02:30Z,7134,gA,1.929
2026-08-29T02:30Z,7134,gP,1.989
2026-08-29T02:30Z,7134,g98e5,1.939
2026-08-29T02:30Z,7138,g95e5,1.769
2026-08-29T02:30Z,7138,gA,1.939
2026-08-29T02:30Z,7138,g98e5,1.939
2026-08-29T02:30Z,7147,g95e5,1.795
2026-08-29T02:30Z,7147,gA,1.999
2026-08-29T02:30Z,7147,g98e5,1.965
2026-08-29T02:30Z,7150,gA,1.935
2026-08-29T02:30Z,7150,gP,2.045
2026-08-29T02:30Z,7151,gP,2.035
2026-08-29T02:30Z,7153,g95e5,1.735
2026-08-29T02:30Z,7153,gA,1.929
2026-08-29T02:30Z,7153,gP,2.039
2026-08-29T02:30Z,7154,gA,1.959
2026-08-29T02:30Z,7154,gP,2.059
2026-08-29T02:30Z,7154,g98e5,1.935
2026-08-29T02:30Z,7156,gA,1.969
2026-08-29T02:30Z,7156,gP,2.029
2026-08-29T02:30Z,7156,g98e5,1.965
2026-08-29T02:30Z,7161,g95e5,1.785
2026-08-29T02:30Z,7161,gA,1.949
2026-08-29T02:30Z,7161,gP,2.009
2026-08-29T02:30Z,7161,g98e5,1.955
2026-08-29T02:30Z,7162,g95e5,1.785
2026-08-29T02:30Z,7162,gA,1.949
2026-08-29T02:30Z,7162,gP,2.009
2026-08-29T02:30Z,7162,g98e5,1.955
2026-08-29T02:30Z,7163,gA,1.955
2026-08-29T02:30Z,7163,gP,2.015
2026-08-29T02:30Z,7163,g98e5,1.969
2026-08-29T02:30Z,7173,gA,1.898
2026-08-29T02:30Z,7174,gA,1.969
2026-08-29T02:30Z,7174,gP,2.059
2026-08-29T02:30Z,7176,gA,1.969
2026-08-29T02:30Z,7176,gP,2.059
2026-08-29T02:30Z,7181,gA,1.949
2026-08-29T02:30Z,7181,gP,2.039
2026-08-29T02:30Z,7186,gA,1.939
2026-08-29T02:30Z,7186,gP,2.029
2026-08-29T02:30Z,7187,gA,1.969
2026-08-29T02:30Z,7187,gP,2.059
2026-08-29T02:30Z,7190,gA,2.009
2026-08-29T02:30Z,7190,gP,2.079
2026-08-29T02:30Z,7192,g95e5,1.799
2026-08-29T02:30Z,7192,gA,1.959
2026-08-29T02:30Z,7192,gP,2.019
2026-08-29T02:30Z,7192,g95e5p,1.879
2026-08-29T02:30Z,7204,g95e5,1.809
2026-08-29T02:30Z,7205,g95e5,1.809
2026-08-29T02:30Z,7209,gA,1.959
2026-08-29T02:30Z,7209,gP,2.049
2026-08-29T02:30Z,7211,gA,1.959
2026-08-29T02:30Z,7211,gP,2.039
2026-08-29T02:30Z,7212,gA,1.959
2026-08-29T02:30Z,7212,gP,2.039
2026-08-29T02:30Z,7213,gA,1.959
2026-08-29T02:30Z,7213,gP,2.039
2026-08-29T02:30Z,7214,gA,1.989
2026-08-29T02:30Z,7214,gP,2.099
2026-08-29T02:30Z,7214,gB,1.659
2026-08-29T02:30Z,7216,g95e5,1.829
2026-08-29T02:30Z,7216,g98e5,1.964
2026-08-29T02:30Z,7216,g95e5p,1.929
2026-08-29T02:30Z,7222,gA,1.959
2026-08-29T02:30Z,7222,gP,2.049
2026-08-29T02:30Z,7223,gA,1.979
2026-08-29T02:30Z,7223,gP,2.079
2026-08-29T02:30Z,7224,g95e5,1.815
2026-08-29T02:30Z,7224,gA,1.985
2026-08-29T02:30Z,7224,g98e5,1.935
2026-08-29T02:30Z,7227,gA,1.949
2026-08-29T02:30Z,7227,gP,2.039
2026-08-29T02:30Z,7230,gA,1.935
2026-08-29T02:30Z,7230,gP,2.015
2026-08-29T02:30Z,7230,g98e5,1.965
2026-08-29T02:30Z,7232,gA,1.955
2026-08-29T02:30Z,7232,gP,2.035
2026-08-29T02:30Z,7236,gA,1.999
2026-08-29T02:30Z,7236,gP,2.059
2026-08-29T02:30Z,7236,g98e5,1.975
2026-08-29T02:30Z,7239,gA,1.965
2026-08-29T02:30Z,7239,gP,2.025
2026-08-29T02:30Z,7239,g98e5,1.905
2026-08-29T02:30Z,7240,g95e5,1.815
2026-08-29T02:30Z,7240,gA,1.965
2026-08-29T02:30Z,7240,gP,2.045
2026-08-29T02:30Z,7240,g98e5,1.935
2026-08-29T02:30Z,7242,gA,1.945
2026-08-29T02:30Z,7242,gP,2.045
2026-08-29T02:30Z,7243,gA,1.939
2026-08-29T02:30Z,7243,gP,1.999
2026-08-29T02:30Z,7243,g98e5,1.959
2026-08-29T02:30Z,7245,g95e5,1.735
2026-08-29T02:30Z,7245,gA,1.915
2026-08-29T02:30Z,7245,gP,2.025
2026-08-29T02:30Z,7245,g98e5,1.905
2026-08-29T02:30Z,7246,gA,1.969
2026-08-29T02:30Z,7246,g98e5,1.899
2026-08-29T02:30Z,7248,gA,1.969
2026-08-29T02:30Z,7249,gA,1.929
2026-08-29T02:30Z,7249,gP,1.989
2026-08-29T02:30Z,7249,g98e5,1.945
2026-08-29T02:30Z,7250,gA,1.939
2026-08-29T02:30Z,7250,gP,2.029
2026-08-29T02:30Z,7253,gA,1.969
2026-08-29T02:30Z,7253,gP,2.059
2026-08-29T02:30Z,7257,g95e5,1.805
2026-08-29T02:30Z,7257,gA,1.965
2026-08-29T02:30Z,7257,gP,2.035
2026-08-29T02:30Z,7257,g98e5,1.975
2026-08-29T02:30Z,7257,g95e5p,1.875
2026-08-29T02:30Z,7258,gA,1.939
2026-08-29T02:30Z,7258,gP,2.049
2026-08-29T02:30Z,7263,g95e5,1.805
2026-08-29T02:30Z,7263,gA,1.959
2026-08-29T02:30Z,7263,g98e5,1.925
2026-08-29T02:30Z,7265,gA,1.969
2026-08-29T02:30Z,7265,gP,2.059
2026-08-29T02:30Z,7267,gA,1.929
2026-08-29T02:30Z,7267,gB,1.695
2026-08-29T02:30Z,7280,gA,1.939
2026-08-29T02:30Z,7280,gP,2.029
2026-08-29T02:30Z,7288,gA,1.939
2026-08-29T02:30Z,7288,gP,2.029
2026-08-29T02:30Z,7290,gA,1.989
2026-08-29T02:30Z,7294,gA,1.974
2026-08-29T02:30Z,7294,gP,2.084
2026-08-29T02:30Z,7294,gB,1.679
2026-08-29T02:30Z,7298,g95e5,1.774
2026-08-29T02:30Z,7317,gA,1.994
2026-08-29T02:30Z,7317,gP,2.079
2026-08-29T02:30Z,7318,g95e5,1.719
2026-08-29T02:30Z,7318,gA,1.899
2026-08-29T02:30Z,7318,gP,1.979
2026-08-29T02:30Z,7318,g98e5,1.809
2026-08-29T02:30Z,7318,gB,1.639
2026-08-29T02:30Z,7319,g95e5,1.679
2026-08-29T02:30Z,7319,gA,1.839
2026-08-29T02:30Z,7319,gB,1.639
2026-08-29T02:30Z,7322,gA,1.939
2026-08-29T02:30Z,7322,gP,2.039
2026-08-29T02:30Z,7322,g98e5,1.929
2026-08-29T02:30Z,7327,gA,1.984
2026-08-29T02:30Z,7327,gP,2.069
2026-08-29T02:30Z,7327,gB,1.679
2026-08-29T02:30Z,7344,gA,1.970
2026-08-29T02:30Z,7344,gP,2.069
2026-08-29T02:30Z,7344,gB,1.679
2026-08-29T02:30Z,7349,gA,1.989
2026-08-29T02:30Z,7349,gP,2.069
2026-08-29T02:30Z,7349,gB,1.729
2026-08-29T02:30Z,7358,gA,1.939
2026-08-29T02:30Z,7358,gP,2.029
2026-08-29T02:30Z,7361,gA,1.985
2026-08-29T02:30Z,7361,g98e5,1.955
2026-08-29T02:30Z,7364,g95e5,1.795
2026-08-29T02:30Z,7364,gP,2.039
2026-08-29T02:30Z,7364,g98e5,1.965
2026-08-29T02:30Z,7372,gA,1.925
2026-08-29T02:30Z,7372,gP,2.035
2026-08-29T02:30Z,7372,gB,1.659
2026-08-29T02:30Z,7374,gA,1.915
2026-08-29T02:30Z,7374,gP,2.025
2026-08-29T02:30Z,7374,gB,1.695
2026-08-29T02:30Z,7383,g95e5,1.749
2026-08-29T02:30Z,7383,gA,1.929
2026-08-29T02:30Z,7383,gP,1.989
2026-08-29T02:30Z,7383,g95e5p,1.809
2026-08-29T02:30Z,7395,gA,1.979
2026-08-29T02:30Z,7395,gP,2.039
2026-08-29T02:30Z,7395,g98e5,1.915
2026-08-29T02:30Z,7407,g95e5,1.809
2026-08-29T02:30Z,7407,gA,1.949
2026-08-29T02:30Z,7407,gP,2.039
2026-08-29T02:30Z,7407,g98e5,1.949
2026-08-29T02:30Z,7408,gA,1.965
2026-08-29T02:30Z,7408,gP,2.025
2026-08-29T02:30Z,7408,g98e5,1.935
2026-08-29T02:30Z,7410,gA,1.939
2026-08-29T02:30Z,7410,gP,2.039
2026-08-29T02:30Z,7410,g98e5,1.919
2026-08-29T02:30Z,7411,gA,1.939
2026-08-29T02:30Z,7411,gP,2.039
2026-08-29T02:30Z,7411,g98e5,1.919
2026-08-29T02:30Z,7413,gA,1.929
2026-08-29T02:30Z,7413,g98e5,1.915
2026-08-29T02:30Z,7414,gA,1.929
2026-08-29T02:30Z,7414,g98e5,1.915
2026-08-29T02:30Z,7417,gA,1.975
2026-08-29T02:30Z,7417,gP,2.035
2026-08-29T02:30Z,7418,gA,1.969
2026-08-29T02:30Z,7418,g98e5,1.949
2026-08-29T02:30Z,7420,g95e5,1.815
2026-08-29T02:30Z,7420,gA,1.949
2026-08-29T02:30Z,7420,g98e5,1.935
2026-08-29T02:30Z,7421,g95e5,1.815
2026-08-29T02:30Z,7421,gA,1.949
2026-08-29T02:30Z,7421,g98e5,1.935
2026-08-29T02:30Z,7422,gA,1.939
2026-08-29T02:30Z,7422,gP,1.999
2026-08-29T02:30Z,7422,g98e5,1.915
2026-08-29T02:30Z,7423,gA,1.939
2026-08-29T02:30Z,7423,gP,1.999
2026-08-29T02:30Z,7423,g98e5,1.915
2026-08-29T02:30Z,7425,gA,1.965
2026-08-29T02:30Z,7425,gP,2.025
2026-08-29T02:30Z,7425,g98e5,1.955
2026-08-29T02:30Z,7426,gA,1.965
2026-08-29T02:30Z,7426,gP,2.025
2026-08-29T02:30Z,7426,g98e5,1.955
2026-08-29T02:30Z,7427,gA,1.959
2026-08-29T02:30Z,7427,gP,2.039
2026-08-29T02:30Z,7427,g98e5,1.945
2026-08-29T02:30Z,7430,gA,1.965
2026-08-29T02:30Z,7430,gP,2.055
2026-08-29T02:30Z,7430,g98e5,1.975
2026-08-29T02:30Z,7431,g95e5,1.839
2026-08-29T02:30Z,7431,gA,1.965
2026-08-29T02:30Z,7431,g98e5,1.959
2026-08-29T02:30Z,7432,gA,1.939
2026-08-29T02:30Z,7432,gP,2.019
2026-08-29T02:30Z,7432,g98e5,1.945
2026-08-29T02:30Z,7433,gA,1.939
2026-08-29T02:30Z,7433,g98e5,1.945
2026-08-29T02:30Z,7434,gA,1.975
2026-08-29T02:30Z,7434,gP,2.035
2026-08-29T02:30Z,7434,g98e5,1.975
2026-08-29T02:30Z,7435,gA,1.969
2026-08-29T02:30Z,7435,gP,2.029
2026-08-29T02:30Z,7435,g98e5,1.949
2026-08-29T02:30Z,7436,gA,1.979
2026-08-29T02:30Z,7436,gP,2.039
2026-08-29T02:30Z,7436,g98e5,1.949
2026-08-29T02:30Z,7437,gA,1.959
2026-08-29T02:30Z,7437,gP,2.019
2026-08-29T02:30Z,7437,g98e5,1.979
2026-08-29T02:30Z,7438,g95e5,1.749
2026-08-29T02:30Z,7438,gA,1.929
2026-08-29T02:30Z,7438,gP,1.989
2026-08-29T02:30Z,7438,g98e5,1.919
2026-08-29T02:30Z,7439,g95e5,1.799
2026-08-29T02:30Z,7439,gA,1.965
2026-08-29T02:30Z,7439,g98e5,1.969
2026-08-29T02:30Z,7440,g95e5,1.819
2026-08-29T02:30Z,7440,gA,1.985
2026-08-29T02:30Z,7440,gP,2.045
2026-08-29T02:30Z,7440,g98e5,1.939
2026-08-29T02:30Z,7441,gA,1.949
2026-08-29T02:30Z,7441,gP,2.029
2026-08-29T02:30Z,7441,g98e5,1.945
2026-08-29T02:30Z,7445,gA,1.979
2026-08-29T02:30Z,7445,g98e5,1.945
2026-08-29T02:30Z,7451,gA,1.969
2026-08-29T02:30Z,7451,gP,2.059
2026-08-29T02:30Z,7457,g95e5,1.769
2026-08-29T02:30Z,7457,g95e5p,1.869
2026-08-29T02:30Z,7460,gA,1.969
2026-08-29T02:30Z,7460,gP,2.049
2026-08-29T02:30Z,7464,gA,1.699
2026-08-29T02:30Z,7464,gP,1.769
2026-08-29T02:30Z,7464,bio,1.669
2026-08-29T02:30Z,7496,gA,1.899
2026-08-29T02:30Z,7502,gA,1.955
2026-08-29T02:30Z,7504,gA,1.899
2026-08-29T02:30Z,7504,g98e5,1.915
2026-08-29T02:30Z,7505,gA,1.899
2026-08-29T02:30Z,7505,gP,2.009
2026-08-29T02:30Z,7505,g98e5,1.929
2026-08-29T02:30Z,7506,gA,1.995
2026-08-29T02:30Z,7507,gA,1.899
2026-08-29T02:30Z,7507,gP,1.969
2026-08-29T02:30Z,7507,g98e5,1.929
2026-08-29T02:30Z,7508,g95e5,1.765
2026-08-29T02:30Z,7508,gA,1.915
2026-08-29T02:30Z,7508,gP,2.025
2026-08-29T02:30Z,7508,g98e5,1.935
2026-08-29T02:30Z,7509,g95e5,1.775
2026-08-29T02:30Z,7509,gA,1.995
2026-08-29T02:30Z,7509,gP,2.075
2026-08-29T02:30Z,7513,g95e5,1.799
2026-08-29T02:30Z,7513,gA,1.899
2026-08-29T02:30Z,7513,gP,2.009
2026-08-29T02:30Z,7513,g98e5,1.969
2026-08-29T02:30Z,7517,gA,1.984
2026-08-29T02:30Z,7517,gP,2.079
2026-08-29T02:30Z,7518,gA,2.009
2026-08-29T02:30Z,7518,gP,2.079
2026-08-29T02:30Z,7520,g95e5,1.799
2026-08-29T02:30Z,7520,gA,1.909
2026-08-29T02:30Z,7520,gP,2.019
2026-08-29T02:30Z,7520,g98e5,1.949
2026-08-29T02:30Z,7520,gB,1.609
2026-08-29T02:30Z,7522,g95e5,1.815
2026-08-29T02:30Z,7522,gA,1.939
2026-08-29T02:30Z,7522,g98e5,1.985
2026-08-29T02:30Z,7523,gA,1.939
2026-08-29T02:30Z,7523,gP,2.049
2026-08-29T02:30Z,7524,gA,1.939
2026-08-29T02:30Z,7525,gA,1.899
2026-08-29T02:30Z,7526,gA,1.935
2026-08-29T02:30Z,7527,gA,1.935
2026-08-29T02:30Z,7527,g98e5,1.935
2026-08-29T02:30Z,7528,gA,2.019
2026-08-29T02:30Z,7528,gP,2.079
2026-08-29T02:30Z,7528,g98e5,1.989
2026-08-29T02:30Z,7529,g95e5,1.785
2026-08-29T02:30Z,7529,gA,1.939
2026-08-29T02:30Z,7529,gP,1.999
2026-08-29T02:30Z,7529,g98e5,1.955
2026-08-29T02:30Z,7532,gA,1.935
2026-08-29T02:30Z,7532,g98e5,1.935
2026-08-29T02:30Z,7533,gA,1.959
2026-08-29T02:30Z,7533,gP,2.019
2026-08-29T02:30Z,7533,g98e5,1.979
2026-08-29T02:30Z,7535,gA,1.945
2026-08-29T02:30Z,7538,gA,1.965
2026-08-29T02:30Z,7538,gP,2.025
2026-08-29T02:30Z,7538,g98e5,1.949
2026-08-29T02:30Z,7539,gA,1.939
2026-08-29T02:30Z,7539,gP,1.999
2026-08-29T02:30Z,7542,gA,1.985
2026-08-29T02:30Z,7547,gA,1.985
2026-08-29T02:30Z,7547,gP,2.045
2026-08-29T02:30Z,7549,g95e5,1.785
2026-08-29T02:30Z,7549,gA,1.975
2026-08-29T02:30Z,7550,gA,1.965
2026-08-29T02:30Z,7550,gP,2.065
2026-08-29T02:30Z,7551,gA,1.995
2026-08-29T02:30Z,7551,gP,2.055
2026-08-29T02:30Z,7551,g98e5,1.969
2026-08-29T02:30Z,7552,gA,1.919
2026-08-29T02:30Z,7552,g98e5,1.899
2026-08-29T02:30Z,7553,g95e5,1.795
2026-08-29T02:30Z,7553,gA,1.975
2026-08-29T02:30Z,7553,gP,2.035
2026-08-29T02:30Z,7553,g98e5,1.965
2026-08-29T02:30Z,7557,gA,1.959
2026-08-29T02:30Z,7557,gP,2.029
2026-08-29T02:30Z,7558,g95e5,1.805
2026-08-29T02:30Z,7558,gA,1.915
2026-08-29T02:30Z,7558,g98e5,1.975
2026-08-29T02:30Z,7559,gA,1.965
2026-08-29T02:30Z,7559,gP,2.025
2026-08-29T02:30Z,7559,g98e5,1.929
2026-08-29T02:30Z,7562,gA,1.939
2026-08-29T02:30Z,7562,gP,2.049
2026-08-29T02:30Z,7562,g98e5,1.929
2026-08-29T02:30Z,7563,gA,1.965
2026-08-29T02:30Z,7563,gP,2.075
2026-08-29T02:30Z,7565,gA,1.939
2026-08-29T02:30Z,7565,gP,2.049
2026-08-29T02:30Z,7570,gA,1.905
2026-08-29T02:30Z,7570,gP,2.015
2026-08-29T02:30Z,7571,gA,1.899
2026-08-29T02:30Z,7571,gB,1.569
2026-08-29T02:30Z,7573,g95e5,1.805
2026-08-29T02:30Z,7573,gA,1.949
2026-08-29T02:30Z,7573,g98e5,1.975
2026-08-29T02:30Z,7574,gA,1.979
2026-08-29T02:30Z,7576,g95e5,1.809
2026-08-29T02:30Z,7576,gA,1.949
2026-08-29T02:30Z,7576,g98e5,1.939
2026-08-29T02:30Z,7579,gA,1.935
2026-08-29T02:30Z,7581,gA,1.899
2026-08-29T02:30Z,7581,gP,2.009
2026-08-29T02:30Z,7581,g98e5,1.915
2026-08-29T02:30Z,7583,g95e5,1.749
2026-08-29T02:30Z,7583,gA,1.945
2026-08-29T02:30Z,7583,gP,1.955
2026-08-29T02:30Z,7583,g95e5p,1.819
2026-08-29T02:30Z,7586,g95e5,1.759
2026-08-29T02:30Z,7586,gA,1.939
2026-08-29T02:30Z,7586,g98e5,1.929
2026-08-29T02:30Z,7586,g95e5p,1.829
2026-08-29T02:30Z,7586,gB,1.579
2026-08-29T02:30Z,7588,g95e5,1.809
2026-08-29T02:30Z,7588,g98e5,1.999
2026-08-29T02:30Z,7589,gA,1.989
2026-08-29T02:30Z,7589,gP,2.049
2026-08-29T02:30Z,7591,g95e5,1.815
2026-08-29T02:30Z,7591,gA,1.939
2026-08-29T02:30Z,7591,gP,2.049
2026-08-29T02:30Z,7592,gA,2.009
2026-08-29T02:30Z,7592,gP,2.079
2026-08-29T02:30Z,7592,gB,1.689
2026-08-29T02:30Z,7626,gA,1.569
2026-08-29T02:30Z,7636,g95e5,1.489
2026-08-29T02:30Z,7636,gA,1.599
2026-08-29T02:30Z,7636,gP,1.699
2026-08-29T02:30Z,7636,g98e5,1.619
2026-08-29T02:30Z,7675,g95e5,1.429
2026-08-29T02:30Z,7675,gA,1.589
2026-08-29T02:30Z,7675,g98e5,1.549
2026-08-29T02:30Z,7678,g95e5,1.469
2026-08-29T02:30Z,7678,gA,1.579
2026-08-29T02:30Z,7678,g98e5,1.589
2026-08-29T02:30Z,7679,g95e5,1.459
2026-08-29T02:30Z,7679,g98e5,1.589
2026-08-29T02:30Z,7680,gA,1.519
2026-08-29T02:30Z,7680,gP,1.639
2026-08-29T02:30Z,7683,g95e5,1.439
2026-08-29T02:30Z,7683,g98e5,1.559
2026-08-29T02:30Z,7688,g95e5,1.429
2026-08-29T02:30Z,7688,g98e5,1.549
2026-08-29T02:30Z,7695,gA,1.509
2026-08-29T02:30Z,7695,gP,1.629
2026-08-29T02:30Z,7700,g95e5,1.499
2026-08-29T02:30Z,7700,g98e5,1.609
2026-08-29T02:30Z,7702,gA,1.529
2026-08-29T02:30Z,7707,gA,1.549
2026-08-29T02:30Z,7710,g95e5,1.429
2026-08-29T02:30Z,7710,gA,1.539
2026-08-29T02:30Z,7710,g98e5,1.559
2026-08-29T02:30Z,7711,gA,1.529
2026-08-29T02:30Z,7728,gA,1.585
2026-08-29T02:30Z,7751,g95e5,1.824
2026-08-29T02:30Z,7751,g95e5p,1.869
2026-08-29T02:30Z,7753,g95e5,1.824
2026-08-29T02:30Z,7753,g98e5,1.904
2026-08-29T02:30Z,7757,g95e5,1.815
2026-08-29T02:30Z,7757,gA,1.959
2026-08-29T02:30Z,7757,gP,2.019
2026-08-29T02:30Z,7757,g95e5p,1.875
2026-08-29T02:30Z,7757,gB,1.579
2026-08-29T02:30Z,7772,gP,1.719
2026-08-29T02:30Z,7812,g95e5,1.429
2026-08-29T02:30Z,7812,gA,1.539
2026-08-29T02:30Z,7812,g98e5,1.559
2026-08-29T02:30Z,7939,gA,1.539
2026-08-29T02:30Z,7982,gA,1.889
2026-08-29T02:30Z,7982,gP,1.979
2026-08-29T02:30Z,7983,g95e5,1.829
2026-08-29T02:30Z,7983,g98e5,1.964
2026-08-29T02:30Z,7996,gA,1.919
2026-08-29T02:30Z,7996,gB,1.599
2026-08-29T02:30Z,8011,gA,1.915
2026-08-29T02:30Z,8011,gP,2.025
2026-08-29T02:30Z,8011,g98e5,1.919
2026-08-29T02:30Z,8034,gA,1.919
2026-08-29T02:30Z,8034,gB,1.589
2026-08-29T02:30Z,8058,g95e5,1.819
2026-08-29T02:30Z,8058,g98e5,1.974
2026-08-29T02:30Z,8073,gA,1.919
2026-08-29T02:30Z,8073,gB,1.529
2026-08-29T02:30Z,8088,gA,1.959
2026-08-29T02:30Z,8088,gP,2.019
2026-08-29T02:30Z,8088,g98e5,1.919
2026-08-29T02:30Z,8101,gA,1.999
2026-08-29T02:30Z,8101,gP,2.089
2026-08-29T02:30Z,8105,gA,1.899
2026-08-29T02:30Z,8105,gP,1.989
2026-08-29T02:30Z,8127,gA,1.949
2026-08-29T02:30Z,8127,gP,2.009
2026-08-29T02:30Z,8127,g98e5,1.869
2026-08-29T02:30Z,8129,gA,1.949
2026-08-29T02:30Z,8129,gP,2.009
2026-08-29T02:30Z,8129,g98e5,1.919
2026-08-29T02:30Z,8130,gA,1.949
2026-08-29T02:30Z,8130,gP,2.009
2026-08-29T02:30Z,8130,g98e5,1.919
2026-08-29T02:30Z,8138,gA,1.904
2026-08-29T02:30Z,8138,gP,2.019
2026-08-29T02:30Z,8177,gA,1.949
2026-08-29T02:30Z,8177,gP,2.039
2026-08-29T02:30Z,8192,g95e5,1.819
2026-08-29T02:30Z,8192,gA,1.925
2026-08-29T02:30Z,8192,gP,1.985
2026-08-29T02:30Z,8201,gA,1.935
2026-08-29T02:30Z,8201,gP,1.995
2026-08-29T02:30Z,8201,g98e5,1.919
2026-08-29T02:30Z,8250,gA,1.925
2026-08-29T02:30Z,8250,gP,2.035
2026-08-29T02:30Z,8250,g98e5,1.945
2026-08-29T02:30Z,8250,gB,1.619
2026-08-29T02:30Z,8251,g95e5,1.819
2026-08-29T02:30Z,8251,gA,1.969
2026-08-29T02:30Z,8251,gP,2.029
2026-08-29T02:30Z,8251,g98e5,1.939
2026-08-29T02:30Z,8252,gA,1.979
2026-08-29T02:30Z,8252,g98e5,1.969
2026-08-29T02:30Z,8253,g95e5,1.835
2026-08-29T02:30Z,8253,gA,1.909
2026-08-29T02:30Z,8253,gP,1.969
2026-08-29T02:30Z,8253,g98e5,1.955
2026-08-29T02:30Z,8254,gA,1.969
2026-08-29T02:30Z,8254,gP,2.029
2026-08-29T02:30Z,8270,gA,1.939
2026-08-29T02:30Z,8271,g95e5,1.814
2026-08-29T02:30Z,8271,g95e5p,1.899
2026-08-29T02:30Z,8274,g95e5,1.785
2026-08-29T02:30Z,8274,gA,1.935
2026-08-29T02:30Z,8274,gP,2.045
2026-08-29T02:30Z,8274,g98e5,1.905
2026-08-29T02:30Z,8274,g95e5p,1.845
2026-08-29T02:30Z,8275,gA,1.895
2026-08-29T02:30Z,8275,g98e5,1.959
2026-08-29T02:30Z,8275,gB,1.705
2026-08-29T02:30Z,8277,g95e5,1.819
2026-08-29T02:30Z,8277,gA,1.989
2026-08-29T02:30Z,8277,gP,2.069
2026-08-29T02:30Z,8277,g95e5p,1.909
2026-08-29T02:30Z,8280,g95e5,1.449
2026-08-29T02:30Z,8280,gA,1.569
2026-08-29T02:30Z,8280,gP,1.649
2026-08-29T02:30Z,8280,g98e5,1.569
2026-08-29T02:30Z,8294,g95e5,1.809
2026-08-29T02:30Z,8294,g98e5,1.949
2026-08-29T02:30Z,8304,gA,1.914
2026-08-29T02:30Z,8304,gP,2.004
2026-08-29T02:30Z,8305,gA,1.914
2026-08-29T02:30Z,8305,gP,2.004
2026-08-29T02:30Z,8321,g95e5,1.849
2026-08-29T02:30Z,8321,gA,1.989
2026-08-29T02:30Z,8321,g98e5,1.959
2026-08-29T02:30Z,8328,g95e5,1.829
2026-08-29T02:30Z,8328,gA,1.929
2026-08-29T02:30Z,8328,g98e5,1.969
2026-08-29T02:30Z,8329,g95e5,1.789
2026-08-29T02:30Z,8329,gA,1.939
2026-08-29T02:30Z,8329,gP,2.029
2026-08-29T02:30Z,8329,g98e5,1.929
2026-08-29T02:30Z,8341,gA,1.909
2026-08-29T02:30Z,8341,gP,1.999
2026-08-29T02:30Z,8344,gA,1.925
2026-08-29T02:30Z,8344,gP,2.035
2026-08-29T02:30Z,8344,g98e5,1.945
2026-08-29T02:30Z,8344,gB,1.619
2026-08-29T02:30Z,8453,g95e5,1.809
2026-08-29T02:30Z,8453,gA,1.879
2026-08-29T02:30Z,8453,gP,1.949
2026-08-29T02:30Z,8453,g95e5p,1.889
2026-08-29T02:30Z,8476,g95e5,1.749
2026-08-29T02:30Z,8476,gA,1.909
2026-08-29T02:30Z,8476,gP,1.969
2026-08-29T02:30Z,8476,g98e5,1.869
2026-08-29T02:30Z,8495,gA,1.929
2026-08-29T02:30Z,8495,gP,1.998
2026-08-29T02:30Z,8522,gA,1.949
2026-08-29T02:30Z,8522,gP,2.059
2026-08-29T02:30Z,8522,g98e5,1.929
2026-08-29T02:30Z,8536,g95e5,1.599
2026-08-29T02:30Z,8536,gA,1.699
2026-08-29T02:30Z,8536,g98e5,1.699
2026-08-29T02:30Z,8536,bio,1.669
2026-08-29T02:30Z,8756,g95e5,1.485
2026-08-29T02:30Z,8756,gA,1.569
2026-08-29T02:30Z,8756,gP,1.679
2026-08-29T02:30Z,8756,g98e5,1.599
2026-08-29T02:30Z,8772,g95e5,1.449
2026-08-29T02:30Z,8772,gA,1.549
2026-08-29T02:30Z,8772,g98e5,1.589
2026-08-29T02:30Z,8795,gA,1.909
2026-08-29T02:30Z,8795,gP,1.999
2026-08-29T02:30Z,8967,gA,1.883
2026-08-29T02:30Z,9009,gA,1.919
2026-08-29T02:30Z,9056,g95e5,1.749
2026-08-29T02:30Z,9111,gP,1.929
2026-08-29T02:30Z,9144,gA,1.985
2026-08-29T02:30Z,9144,g98e5,1.909
2026-08-29T02:30Z,9212,gA,1.919
2026-08-29T02:30Z,9248,gA,1.907
2026-08-29T02:30Z,9265,g95e5,1.825
2026-08-29T02:30Z,9265,gA,1.959
2026-08-29T02:30Z,9265,gP,2.019
2026-08-29T02:30Z,9265,g98e5,1.995
2026-08-29T02:30Z,9294,gA,1.969
2026-08-29T02:30Z,9294,g98e5,1.949
2026-08-29T02:30Z,9302,gA,1.914
2026-08-29T02:30Z,9302,gP,1.999
2026-08-29T02:30Z,9303,gA,1.939
2026-08-29T02:30Z,9303,gP,2.019
2026-08-29T02:30Z,9307,gA,1.975
2026-08-29T02:30Z,9307,g98e5,1.875
2026-08-29T02:30Z,9320,gA,1.919
2026-08-29T02:30Z,9320,gP,2.009
2026-08-29T02:30Z,9422,gA,1.959
2026-08-29T02:30Z,9422,gB,1.659
2026-08-29T02:30Z,9434,gA,1.949
2026-08-29T02:30Z,9434,gP,2.059
2026-08-29T02:30Z,9436,gA,1.939
2026-08-29T02:30Z,9436,gP,2.029
2026-08-29T02:30Z,9441,gA,1.935
2026-08-29T02:30Z,9441,g98e5,1.929
2026-08-29T02:30Z,9463,gA,1.925
2026-08-29T02:30Z,9463,gP,2.015
2026-08-29T02:30Z,9464,g95e5,1.589
2026-08-29T02:30Z,9471,g95e5,1.775
2026-08-29T02:30Z,9471,gA,1.939
2026-08-29T02:30Z,9471,g98e5,1.895
2026-08-29T02:30Z,9494,gA,1.928
2026-08-29T02:30Z,9494,gP,2.019
2026-08-29T02:30Z,9494,gB,1.655
2026-08-29T02:30Z,9499,g95e5,1.739
2026-08-29T02:30Z,9499,gA,1.905
2026-08-29T02:30Z,9499,gP,1.965
2026-08-29T02:30Z,9499,gB,1.599
2026-08-29T02:30Z,9521,gA,1.875
2026-08-29T02:30Z,9521,gB,1.599
2026-08-29T02:30Z,9546,gA,1.949
2026-08-29T02:30Z,9546,gP,2.059
2026-08-29T02:30Z,9547,g95e5,1.599
2026-08-29T02:30Z,9547,gA,1.699
2026-08-29T02:30Z,9563,g95e5,1.849
2026-08-29T02:30Z,9563,gA,1.955
2026-08-29T02:30Z,9563,g98e5,2.019
2026-08-29T02:30Z,9571,gA,1.945
2026-08-29T02:30Z,9572,gA,1.915
2026-08-29T02:30Z,9572,g98e5,1.979
2026-08-29T02:30Z,9598,gA,1.975
2026-08-29T02:30Z,9598,g98e5,1.875
2026-08-29T02:30Z,9622,gA,1.909
2026-08-29T02:30Z,9622,gP,1.989
2026-08-29T02:30Z,9639,gA,1.875
2026-08-29T02:30Z,9639,gB,1.675
2026-08-29T02:30Z,9708,g95e5,1.819
2026-08-29T02:30Z,9708,gA,1.935
2026-08-29T02:30Z,9708,g98e5,1.939
2026-08-29T02:30Z,9708,g95e5p,1.889
2026-08-29T02:30Z,9710,gA,1.909
2026-08-29T02:30Z,9710,gP,2.019
2026-08-29T02:30Z,9710,g98e5,1.925
2026-08-29T02:30Z,9732,gA,1.919
2026-08-29T02:30Z,9732,gP,2.009
2026-08-29T02:30Z,9748,gA,1.909
2026-08-29T02:30Z,9748,g98e5,1.939
2026-08-29T02:30Z,9748,gB,1.679
2026-08-29T02:30Z,9771,gA,1.925
2026-08-29T02:30Z,9771,gP,2.015
2026-08-29T02:30Z,9777,gA,1.945
2026-08-29T02:30Z,9777,gB,1.559
2026-08-29T02:30Z,9789,gA,1.989
2026-08-29T02:30Z,9789,gP,2.059
2026-08-29T02:30Z,9791,gA,1.905
2026-08-29T02:30Z,9791,g98e5,1.939
2026-08-29T02:30Z,9791,gB,1.705
2026-08-29T02:30Z,9819,g95e5,1.749
2026-08-29T02:30Z,9819,gA,1.935
2026-08-29T02:30Z,9819,g98e5,1.869
2026-08-29T02:30Z,9834,gA,1.935
2026-08-29T02:30Z,9834,gP,2.045
2026-08-29T02:30Z,9834,gB,1.589
2026-08-29T02:30Z,9836,gA,1.959
2026-08-29T02:30Z,9836,gP,2.019
2026-08-29T02:30Z,9836,g98e5,1.899
2026-08-29T02:30Z,9845,g95e5,1.755
2026-08-29T02:30Z,9845,gA,1.909
2026-08-29T02:30Z,9845,g98e5,1.925
2026-08-29T02:30Z,9850,gA,1.985
2026-08-29T02:30Z,9850,gP,2.045
2026-08-29T02:30Z,9850,g98e5,2.019
2026-08-29T02:30Z,9853,gA,1.989
2026-08-29T02:30Z,9853,g98e5,1.969
2026-08-29T02:30Z,9855,g98e5,1.979
2026-08-29T02:30Z,9857,gA,1.895
2026-08-29T02:30Z,9857,gP,1.955
2026-08-29T02:30Z,9857,g98e5,1.995
2026-08-29T02:30Z,9860,gA,1.889
2026-08-29T02:30Z,9860,gP,1.999
2026-08-29T02:30Z,9863,g95e5,1.735
2026-08-29T02:30Z,9863,gA,1.925
2026-08-29T02:30Z,9863,g98e5,1.905
2026-08-29T02:30Z,9863,g95e5p,1.795
2026-08-29T02:30Z,9916,gA,1.949
2026-08-29T02:30Z,9916,g98e5,1.949
2026-08-29T02:30Z,9962,g95e5,1.735
2026-08-29T02:30Z,9962,gA,1.889
2026-08-29T02:30Z,9962,gP,1.949
2026-08-29T02:30Z,9962,gB,1.555
2026-08-29T02:30Z,9967,gA,1.949
2026-08-29T02:30Z,9967,g98e5,1.975
2026-08-29T02:30Z,9967,gB,1.699
2026-08-29T02:30Z,9970,g95e5,1.785
2026-08-29T02:30Z,9970,gA,1.909
2026-08-29T02:30Z,9970,gP,1.969
2026-08-29T02:30Z,9970,g98e5,1.955
2026-08-29T02:30Z,9970,gB,1.639
2026-08-29T02:30Z,9974,gA,1.959
2026-08-29T02:30Z,9974,gP,2.069
2026-08-29T02:30Z,9974,g98e5,1.939
2026-08-29T02:30Z,9997,gA,1.955
2026-08-29T02:30Z,9997,g98e5,1.979
2026-08-29T02:30Z,10009,g95e5,1.785
2026-08-29T02:30Z,10009,gA,1.865
2026-08-29T02:30Z,10009,g95e5p,1.855
2026-08-29T02:30Z,10009,gB,1.579
2026-08-29T02:30Z,10017,g95e5,1.815
2026-08-29T02:30Z,10017,gA,1.959
2026-08-29T02:30Z,10017,gP,2.039
2026-08-29T02:30Z,10017,g98e5,1.935
2026-08-29T02:30Z,10024,gA,1.985
2026-08-29T02:30Z,10024,gB,1.639
2026-08-29T02:30Z,10035,g95e5,1.835
2026-08-29T02:30Z,10035,gA,1.955
2026-08-29T02:30Z,10039,gA,1.915
2026-08-29T02:30Z,10039,gP,2.005
2026-08-29T02:30Z,10041,g95e5,1.745
2026-08-29T02:30Z,10041,gA,1.965
2026-08-29T02:30Z,10041,gP,2.075
2026-08-29T02:30Z,10041,g98e5,1.915
2026-08-29T02:30Z,10044,gA,1.949
2026-08-29T02:30Z,10044,g98e5,1.959
2026-08-29T02:30Z,10051,gA,1.889
2026-08-29T02:30Z,10051,g98e5,1.905
2026-08-29T02:30Z,10076,gA,1.945
2026-08-29T02:30Z,10076,gP,2.035
2026-08-29T02:30Z,10077,gA,1.929
2026-08-29T02:30Z,10077,gP,2.019
2026-08-29T02:30Z,10105,g95e5,1.759
2026-08-29T02:30Z,10105,gA,1.869
2026-08-29T02:30Z,10105,gP,1.929
2026-08-29T02:30Z,10105,g98e5,1.829
2026-08-29T02:30Z,10106,gA,1.999
2026-08-29T02:30Z,10106,gP,2.089
2026-08-29T02:30Z,10107,gA,1.999
2026-08-29T02:30Z,10107,gP,2.089
2026-08-29T02:30Z,10108,g95e5,1.729
2026-08-29T02:30Z,10108,gA,1.889
2026-08-29T02:30Z,10108,gP,1.919
2026-08-29T02:30Z,10108,g98e5,2.009
2026-08-29T02:30Z,10109,g95e5,1.789
2026-08-29T02:30Z,10109,gA,1.929
2026-08-29T02:30Z,10109,g98e5,1.969
2026-08-29T02:30Z,10110,g95e5,1.849
2026-08-29T02:30Z,10110,gA,1.969
2026-08-29T02:30Z,10110,g98e5,1.959
2026-08-29T02:30Z,10127,g95e5,1.449
2026-08-29T02:30Z,10127,gA,1.569
2026-08-29T02:30Z,10127,gP,1.659
2026-08-29T02:30Z,10127,g98e5,1.579
2026-08-29T02:30Z,10141,gA,1.989
2026-08-29T02:30Z,10141,gP,2.049
2026-08-29T02:30Z,10157,g95e5,1.814
2026-08-29T02:30Z,10158,g95e5,1.814
2026-08-29T02:30Z,10168,gA,1.914
2026-08-29T02:30Z,10168,gP,1.990
2026-08-29T02:30Z,10195,gA,1.945
2026-08-29T02:30Z,10195,gP,2.035
2026-08-29T02:30Z,10207,gA,1.964
2026-08-29T02:30Z,10207,gP,2.049
2026-08-29T02:30Z,10207,gB,1.749
2026-08-29T02:30Z,10212,gA,1.926
2026-08-29T02:30Z,10212,gP,2.016
2026-08-29T02:30Z,10217,g95e5,1.779
2026-08-29T02:30Z,10217,gA,1.909
2026-08-29T02:30Z,10217,gB,1.725
2026-08-29T02:30Z,10218,gA,1.925
2026-08-29T02:30Z,10252,gA,1.945
2026-08-29T02:30Z,10252,gP,2.005
2026-08-29T02:30Z,10252,g98e5,1.895
2026-08-29T02:30Z,10253,g95e5,1.795
2026-08-29T02:30Z,10253,g98e5,1.975
2026-08-29T02:30Z,10254,gA,1.909
2026-08-29T02:30Z,10254,gP,2.009
2026-08-29T02:30Z,10254,g98e5,1.915
2026-08-29T02:30Z,10262,g95e5,1.739
2026-08-29T02:30Z,10262,gA,1.895
2026-08-29T02:30Z,10262,g98e5,1.909
2026-08-29T02:30Z,10262,gB,1.609
2026-08-29T02:30Z,10270,gA,1.885
2026-08-29T02:30Z,10270,gP,1.975
2026-08-29T02:30Z,10290,gA,1.925
2026-08-29T02:30Z,10290,gP,2.025
2026-08-29T02:30Z,10290,g98e5,1.915
2026-08-29T02:30Z,10319,g95e5,1.774
2026-08-29T02:30Z,10319,g98e5,1.904
2026-08-29T02:30Z,10319,glp,1.119
2026-08-29T02:30Z,10341,gA,1.939
2026-08-29T02:30Z,10341,gP,2.029
2026-08-29T02:30Z,10344,gA,1.879
2026-08-29T02:30Z,10344,g98e5,1.899
2026-08-29T02:30Z,10344,gB,1.605
2026-08-29T02:30Z,10362,g95e5,1.855
2026-08-29T02:30Z,10362,gA,1.915
2026-08-29T02:30Z,10362,g98e5,2.015
2026-08-29T02:30Z,10367,gA,1.939
2026-08-29T02:30Z,10367,gP,2.029
2026-08-29T02:30Z,10373,g95e5,1.749
2026-08-29T02:30Z,10373,gA,1.899
2026-08-29T02:30Z,10373,gP,1.979
2026-08-29T02:30Z,10385,gA,1.889
2026-08-29T02:30Z,10385,gP,1.999
2026-08-29T02:30Z,10385,g98e5,1.999
2026-08-29T02:30Z,10408,gA,1.949
2026-08-29T02:30Z,10408,gP,2.039
2026-08-29T02:30Z,10433,g95e5,1.769
2026-08-29T02:30Z,10433,gA,1.909
2026-08-29T02:30Z,10433,gP,1.999
2026-08-29T02:30Z,10433,g98e5,1.909
2026-08-29T02:30Z,10436,gA,1.969
2026-08-29T02:30Z,10436,gP,2.059
2026-08-29T02:30Z,10450,gA,1.945
2026-08-29T02:30Z,10450,g98e5,1.935
2026-08-29T02:30Z,10451,gA,1.935
2026-08-29T02:30Z,10451,gP,2.026
2026-08-29T02:30Z,10452,gA,1.949
2026-08-29T02:30Z,10452,gP,2.009
2026-08-29T02:30Z,10452,g98e5,1.949
2026-08-29T02:30Z,10453,gA,1.907
2026-08-29T02:30Z,10458,gA,1.917
2026-08-29T02:30Z,10465,gA,1.899
2026-08-29T02:30Z,10465,gP,1.989
2026-08-29T02:30Z,10482,g95e5,1.815
2026-08-29T02:30Z,10482,gA,1.935
2026-08-29T02:30Z,10482,gP,2.025
2026-08-29T02:30Z,10482,g98e5,1.955
2026-08-29T02:30Z,10487,g95e5,1.809
2026-08-29T02:30Z,10487,gA,1.939
2026-08-29T02:30Z,10487,gP,2.029
2026-08-29T02:30Z,10487,g98e5,1.949
2026-08-29T02:30Z,10488,gA,1.925
2026-08-29T02:30Z,10488,gP,2.015
2026-08-29T02:30Z,10494,g95e5,1.809
2026-08-29T02:30Z,10494,gA,1.939
2026-08-29T02:30Z,10494,gP,2.029
2026-08-29T02:30Z,10494,g98e5,1.949
2026-08-29T02:30Z,10517,gA,1.909
2026-08-29T02:30Z,10517,gB,1.629
2026-08-29T02:30Z,10523,gA,1.919
2026-08-29T02:30Z,10523,gP,1.959
2026-08-29T02:30Z,10525,gA,1.919
2026-08-29T02:30Z,10525,gB,1.589
2026-08-29T02:30Z,10526,gA,1.659
2026-08-29T02:30Z,10526,gB,1.349
2026-08-29T02:30Z,10530,gA,1.919
2026-08-29T02:30Z,10530,gB,1.639
2026-08-29T02:30Z,10579,gA,1.959
2026-08-29T02:30Z,10579,gP,2.059
2026-08-29T02:30Z,10579,g98e5,1.935
2026-08-29T02:30Z,10581,gA,1.875
2026-08-29T02:30Z,10581,gP,1.965
2026-08-29T02:30Z,10582,gA,1.919
2026-08-29T02:30Z,10582,gP,2.009
2026-08-29T02:30Z,10602,gA,1.949
2026-08-29T02:30Z,10602,gP,2.039
2026-08-29T02:30Z,10605,gA,1.947
2026-08-29T02:30Z,10605,gP,2.037
2026-08-29T02:30Z,10608,gA,1.979
2026-08-29T02:30Z,10608,gP,2.059
2026-08-29T02:30Z,10610,g95e5,1.814
2026-08-29T02:30Z,10610,g95e5p,1.889
2026-08-29T02:30Z,10611,g95e5,1.814
2026-08-29T02:30Z,10611,g95e5p,1.889
2026-08-29T02:30Z,10619,gA,1.925
2026-08-29T02:30Z,10619,gB,1.705
2026-08-29T02:30Z,10633,g95e5,1.449
2026-08-29T02:30Z,10633,g98e5,1.579
2026-08-29T02:30Z,10640,gA,1.895
2026-08-29T02:30Z,10640,g98e5,1.909
2026-08-29T02:30Z,10652,g95e5,1.809
2026-08-29T02:30Z,10652,gA,1.925
2026-08-29T02:30Z,10652,gP,1.985
2026-08-29T02:30Z,10652,g98e5,1.979
2026-08-29T02:30Z,10662,gA,1.949
2026-08-29T02:30Z,10662,gP,2.009
2026-08-29T02:30Z,10662,g98e5,1.915
2026-08-29T02:30Z,10663,gA,1.909
2026-08-29T02:30Z,10663,g98e5,1.999
2026-08-29T02:30Z,10664,gA,1.959
2026-08-29T02:30Z,10664,gP,2.019
2026-08-29T02:30Z,10664,g98e5,1.905
2026-08-29T02:30Z,10666,gA,1.909
2026-08-29T02:30Z,10666,gP,2.019
2026-08-29T02:30Z,10666,g98e5,1.935
2026-08-29T02:30Z,10668,gA,1.915
2026-08-29T02:30Z,10668,gP,1.975
2026-08-29T02:30Z,10668,g98e5,1.925
2026-08-29T02:30Z,10669,g95e5,1.565
2026-08-29T02:30Z,10682,g95e5,1.825
2026-08-29T02:30Z,10682,gA,1.919
2026-08-29T02:30Z,10682,g98e5,1.995
2026-08-29T02:30Z,10701,gA,1.925
2026-08-29T02:30Z,10710,gA,1.889
2026-08-29T02:30Z,10710,gP,1.979
2026-08-29T02:30Z,10720,gA,1.949
2026-08-29T02:30Z,10720,g98e5,1.929
2026-08-29T02:30Z,10728,gA,1.885
2026-08-29T02:30Z,10728,gP,1.975
2026-08-29T02:30Z,10740,gA,1.974
2026-08-29T02:30Z,10740,gP,2.069
2026-08-29T02:30Z,10748,gA,1.949
2026-08-29T02:30Z,10748,gP,2.039
2026-08-29T02:30Z,10752,gA,1.799
2026-08-29T02:30Z,10752,bio,1.699
2026-08-29T02:30Z,10757,gA,1.985
2026-08-29T02:30Z,10757,gP,2.045
2026-08-29T02:30Z,10757,g98e5,1.925
2026-08-29T02:30Z,10776,gA,1.869
2026-08-29T02:30Z,10829,g95e5,1.769
2026-08-29T02:30Z,10829,gA,1.909
2026-08-29T02:30Z,10829,gP,1.999
2026-08-29T02:30Z,10829,g98e5,1.909
2026-08-29T02:30Z,10830,g95e5,1.789
2026-08-29T02:30Z,10830,gA,1.969
2026-08-29T02:30Z,10830,gP,2.029
2026-08-29T02:30Z,10836,gA,1.929
2026-08-29T02:30Z,10836,gP,2.039
2026-08-29T02:30Z,10836,g98e5,1.969
2026-08-29T02:30Z,10837,gA,1.929
2026-08-29T02:30Z,10837,gP,2.039
2026-08-29T02:30Z,10837,g98e5,1.969
2026-08-29T02:30Z,10843,gA,1.929
2026-08-29T02:30Z,10843,gP,1.989
2026-08-29T02:30Z,10847,gA,1.909
2026-08-29T02:30Z,10847,gP,1.999
2026-08-29T02:30Z,10855,gA,1.975
2026-08-29T02:30Z,10855,gP,2.045
2026-08-29T02:30Z,10855,g98e5,1.899
2026-08-29T02:30Z,10860,gA,1.929
2026-08-29T02:30Z,10860,g98e5,1.909
2026-08-29T02:30Z,10861,g95e5,1.859
2026-08-29T02:30Z,10861,gA,1.965
2026-08-29T02:30Z,10861,gP,2.025
2026-08-29T02:30Z,10861,g98e5,1.979
2026-08-29T02:30Z,10861,gB,1.745
2026-08-29T02:30Z,10862,g95e5,1.825
2026-08-29T02:30Z,10862,gA,1.915
2026-08-29T02:30Z,10862,gP,1.975
2026-08-29T02:30Z,10862,g98e5,1.945
2026-08-29T02:30Z,10863,gA,1.965
2026-08-29T02:30Z,10863,gP,2.025
2026-08-29T02:30Z,10863,g98e5,1.949
2026-08-29T02:30Z,10864,g95e5,1.799
2026-08-29T02:30Z,10864,gA,1.905
2026-08-29T02:30Z,10864,gP,1.985
2026-08-29T02:30Z,10864,g98e5,1.919
2026-08-29T02:30Z,10864,gB,1.649
2026-08-29T02:30Z,10865,gA,1.909
2026-08-29T02:30Z,10865,gP,1.979
2026-08-29T02:30Z,10865,g98e5,1.945
2026-08-29T02:30Z,10867,gA,1.959
2026-08-29T02:30Z,10867,g98e5,1.895
2026-08-29T02:30Z,10868,g95e5,1.819
2026-08-29T02:30Z,10868,gA,1.955
2026-08-29T02:30Z,10868,g98e5,1.939
2026-08-29T02:30Z,10869,gA,1.959
2026-08-29T02:30Z,10869,g98e5,1.989
2026-08-29T02:30Z,10870,gA,1.959
2026-08-29T02:30Z,10870,g98e5,1.989
2026-08-29T02:30Z,10871,g95e5,1.539
2026-08-29T02:30Z,10871,g98e5,1.679
2026-08-29T02:30Z,10872,gA,1.909
2026-08-29T02:30Z,10872,g98e5,1.975
2026-08-29T02:30Z,10873,gA,1.895
2026-08-29T02:30Z,10873,gP,1.955
2026-08-29T02:30Z,10873,g98e5,1.995
2026-08-29T02:30Z,10874,gA,1.895
2026-08-29T02:30Z,10874,gP,1.955
2026-08-29T02:30Z,10874,g98e5,1.985
2026-08-29T02:30Z,10875,gA,1.919
2026-08-29T02:30Z,10875,g98e5,1.945
2026-08-29T02:30Z,10876,gA,1.955
2026-08-29T02:30Z,10876,gB,1.705
2026-08-29T02:30Z,10877,gA,1.915
2026-08-29T02:30Z,10877,g98e5,1.919
2026-08-29T02:30Z,10878,gA,1.915
2026-08-29T02:30Z,10878,g98e5,1.919
2026-08-29T02:30Z,10879,gA,1.909
2026-08-29T02:30Z,10879,gP,1.969
2026-08-29T02:30Z,10879,g98e5,1.909
2026-08-29T02:30Z,10879,gB,1.619
2026-08-29T02:30Z,10880,gA,1.975
2026-08-29T02:30Z,10880,g98e5,1.905
2026-08-29T02:30Z,10880,gB,1.599
2026-08-29T02:30Z,10881,gA,1.939
2026-08-29T02:30Z,10881,gP,2.049
2026-08-29T02:30Z,10881,g98e5,1.915
2026-08-29T02:30Z,10882,gA,1.955
2026-08-29T02:30Z,10882,g98e5,1.999
2026-08-29T02:30Z,10883,gA,1.959
2026-08-29T02:30Z,10883,gP,2.019
2026-08-29T02:30Z,10883,g98e5,1.945
2026-08-29T02:30Z,10884,gA,1.989
2026-08-29T02:30Z,10884,g98e5,1.965
2026-08-29T02:30Z,10885,gA,1.964
2026-08-29T02:30Z,10885,gP,2.049
2026-08-29T02:30Z,10886,gA,1.939
2026-08-29T02:30Z,10886,g98e5,1.929
2026-08-29T02:30Z,10887,gA,1.945
2026-08-29T02:30Z,10887,g98e5,1.935
2026-08-29T02:30Z,10888,gA,1.949
2026-08-29T02:30Z,10888,g98e5,1.939
2026-08-29T02:30Z,10889,gA,1.949
2026-08-29T02:30Z,10889,g98e5,1.949
2026-08-29T02:30Z,10890,gA,1.955
2026-08-29T02:30Z,10890,g98e5,1.955
2026-08-29T02:30Z,10891,g95e5,1.825
2026-08-29T02:30Z,10891,gA,1.885
2026-08-29T02:30Z,10891,g98e5,1.945
2026-08-29T02:30Z,10891,gB,1.745
2026-08-29T02:30Z,10892,gA,1.949
2026-08-29T02:30Z,10898,g95e5,1.839
2026-08-29T02:30Z,10898,gA,1.969
2026-08-29T02:30Z,10898,gP,2.039
2026-08-29T02:30Z,10898,g95e5p,1.919
2026-08-29T02:30Z,10912,gA,1.939
2026-08-29T02:30Z,10912,gP,1.999
2026-08-29T02:30Z,10912,g98e5,1.919
2026-08-29T02:30Z,10923,gA,1.919
2026-08-29T02:30Z,10923,gP,2.029
2026-08-29T02:30Z,10923,g98e5,1.929
2026-08-29T02:30Z,10940,gA,1.889
2026-08-29T02:30Z,10940,gP,1.979
2026-08-29T02:30Z,10941,gA,1.889
2026-08-29T02:30Z,10941,gP,1.979
2026-08-29T02:30Z,10966,gA,1.955
2026-08-29T02:30Z,10966,gP,2.045
2026-08-29T02:30Z,10974,gA,1.925
2026-08-29T02:30Z,10974,g98e5,1.945
2026-08-29T02:30Z,10976,gA,1.914
2026-08-29T02:30Z,10976,gP,2.019
2026-08-29T02:30Z,10976,gB,1.789
2026-08-29T02:30Z,10982,g95e5,1.804
2026-08-29T02:30Z,10982,g95e5p,1.889
2026-08-29T02:30Z,10991,g95e5,1.739
2026-08-29T02:30Z,10991,gA,1.889
2026-08-29T02:30Z,10991,g98e5,1.909
2026-08-29T02:30Z,10991,gB,1.649
2026-08-29T02:30Z,10992,g95e5,1.759
2026-08-29T02:30Z,10992,gA,1.899
2026-08-29T02:30Z,10992,g98e5,1.929
2026-08-29T02:30Z,10992,gB,1.659
2026-08-29T02:30Z,10994,gA,1.975
2026-08-29T02:30Z,11010,gA,1.964
2026-08-29T02:30Z,11010,gP,2.069
2026-08-29T02:30Z,11012,gA,1.979
2026-08-29T02:30Z,11012,gP,2.039
2026-08-29T02:30Z,11012,g98e5,1.935
2026-08-29T02:30Z,11016,gA,1.919
2026-08-29T02:30Z,11016,gP,1.989
2026-08-29T02:30Z,11016,gB,1.739
2026-08-29T02:30Z,11021,g95e5,1.795
2026-08-29T02:30Z,11021,gA,1.949
2026-08-29T02:30Z,11021,gP,2.039
2026-08-29T02:30Z,11021,g98e5,1.965
2026-08-29T02:30Z,11025,gA,1.964
2026-08-29T02:30Z,11025,gP,2.049
2026-08-29T02:30Z,11026,g95e5,1.749
2026-08-29T02:30Z,11026,gA,1.959
2026-08-29T02:30Z,11026,g98e5,1.919
2026-08-29T02:30Z,11026,gB,1.625
2026-08-29T02:30Z,11027,gA,1.889
2026-08-29T02:30Z,11027,gP,1.979
2026-08-29T02:30Z,11033,gA,1.939
2026-08-29T02:30Z,11033,g98e5,1.935
2026-08-29T02:30Z,11048,gA,1.975
2026-08-29T02:30Z,11048,gP,2.069
2026-08-29T02:30Z,11054,gA,2.029
2026-08-29T02:30Z,11054,gP,2.119
2026-08-29T02:30Z,11058,gA,1.929
2026-08-29T02:30Z,11058,gP,2.019
2026-08-29T02:30Z,11060,gA,1.919
2026-08-29T02:30Z,11080,g95e5,1.825
2026-08-29T02:30Z,11080,gA,1.925
2026-08-29T02:30Z,11080,gP,2.035
2026-08-29T02:30Z,11080,g98e5,1.945
2026-08-29T02:30Z,11084,gA,1.965
2026-08-29T02:30Z,11084,gP,2.025
2026-08-29T02:30Z,11084,g98e5,1.975
2026-08-29T02:30Z,11087,gA,1.965
2026-08-29T02:30Z,11087,gP,2.045
2026-08-29T02:30Z,11087,g98e5,1.919
2026-08-29T02:30Z,11088,gA,1.899
2026-08-29T02:30Z,11088,g98e5,1.899
2026-08-29T02:30Z,11097,g98e5,1.959
2026-08-29T02:30Z,11097,gB,1.735
2026-08-29T02:30Z,11126,gA,1.939
2026-08-29T02:30Z,11126,gP,2.009
2026-08-29T02:30Z,11126,g98e5,1.949
2026-08-29T02:30Z,11127,gA,1.895
2026-08-29T02:30Z,11127,gP,1.985
2026-08-29T02:30Z,11130,gA,1.863
2026-08-29T02:30Z,11130,gB,1.623
2026-08-29T02:30Z,11131,gB,1.624
2026-08-29T02:30Z,11137,gA,1.964
2026-08-29T02:30Z,11137,gP,2.049
2026-08-29T02:30Z,11138,gA,1.959
2026-08-29T02:30Z,11138,gP,2.039
2026-08-29T02:30Z,11142,gA,1.900
2026-08-29T02:30Z,11158,gA,1.955
2026-08-29T02:30Z,11158,gB,1.645
2026-08-29T02:30Z,11160,gA,1.935
2026-08-29T02:30Z,11160,gP,2.025
2026-08-29T02:30Z,11163,g95e5,1.754
2026-08-29T02:30Z,11163,g98e5,1.904
2026-08-29T02:30Z,11165,gA,1.895
2026-08-29T02:30Z,11165,g98e5,1.919
2026-08-29T02:30Z,11167,gA,1.929
2026-08-29T02:30Z,11167,gP,2.019
2026-08-29T02:30Z,11170,gA,1.889
2026-08-29T02:30Z,11170,g98e5,1.879
2026-08-29T02:30Z,11178,gA,1.969
2026-08-29T02:30Z,11178,gP,2.059
2026-08-29T02:30Z,11181,gA,1.925
2026-08-29T02:30Z,11181,gP,2.035
2026-08-29T02:30Z,11181,g98e5,1.915
2026-08-29T02:30Z,11185,gA,1.939
2026-08-29T02:30Z,11185,gP,2.029
2026-08-29T02:30Z,11189,gA,1.919
2026-08-29T02:30Z,11189,g98e5,2.015
2026-08-29T02:30Z,11225,gA,1.984
2026-08-29T02:30Z,11225,gP,2.069
2026-08-29T02:30Z,11239,g95e5,1.819
2026-08-29T02:30Z,11239,gA,1.945
2026-08-29T02:30Z,11239,g98e5,1.939
2026-08-29T02:30Z,11239,gnc,1.739
2026-08-29T02:30Z,11245,g95e5,1.789
2026-08-29T02:30Z,11245,gA,1.949
2026-08-29T02:30Z,11245,gP,2.059
2026-08-29T02:30Z,11263,gA,1.985
2026-08-29T02:30Z,11269,gA,1.915
2026-08-29T02:30Z,11269,gP,2.025
2026-08-29T02:30Z,11269,gB,1.695
2026-08-29T02:30Z,11273,gA,1.955
2026-08-29T02:30Z,11273,g98e5,1.985
2026-08-29T02:30Z,11275,gA,1.905
2026-08-29T02:30Z,11276,gA,1.925
2026-08-29T02:30Z,11276,g98e5,1.969
2026-08-29T02:30Z,11276,gB,1.705
2026-08-29T02:30Z,11293,gA,1.939
2026-08-29T02:30Z,11293,gP,2.039
2026-08-29T02:30Z,11294,gA,1.924
2026-08-29T02:30Z,11294,gP,2.039
2026-08-29T02:30Z,11297,gA,1.949
2026-08-29T02:30Z,11297,gP,2.059
2026-08-29T02:30Z,11297,g98e5,1.959
2026-08-29T02:30Z,11382,g95e5,1.709
2026-08-29T02:30Z,11382,gA,1.919
2026-08-29T02:30Z,11382,gP,2.019
2026-08-29T02:30Z,11382,g98e5,1.849
2026-08-29T02:30Z,11383,gA,1.915
2026-08-29T02:30Z,11383,gP,2.005
2026-08-29T02:30Z,11394,g95e5,1.499
2026-08-29T02:30Z,11394,g98e5,1.619
2026-08-29T02:30Z,11412,gA,1.939
2026-08-29T02:30Z,11412,gP,2.049
2026-08-29T02:30Z,11414,gA,1.935
2026-08-29T02:30Z,11414,gP,2.025
2026-08-29T02:30Z,11417,gA,1.852
2026-08-29T02:30Z,11417,gB,1.617
2026-08-29T02:30Z,11418,gA,1.915
2026-08-29T02:30Z,11418,g98e5,1.929
2026-08-29T02:30Z,11421,g95e5,1.839
2026-08-29T02:30Z,11421,gA,1.975
2026-08-29T02:30Z,11421,gP,2.035
2026-08-29T02:30Z,11421,g98e5,1.959
2026-08-29T02:30Z,11424,gA,1.899
2026-08-29T02:30Z,11424,gP,1.959
2026-08-29T02:30Z,11427,gA,1.965
2026-08-29T02:30Z,11427,gP,2.045
2026-08-29T02:30Z,11427,g98e5,1.919
2026-08-29T02:30Z,11428,gA,1.905
2026-08-29T02:30Z,11428,gP,2.015
2026-08-29T02:30Z,11428,g98e5,2.029
2026-08-29T02:30Z,11438,gA,1.939
2026-08-29T02:30Z,11450,g95e5,1.824
2026-08-29T02:30Z,11451,gA,1.885
2026-08-29T02:30Z,11451,gP,1.975
2026-08-29T02:30Z,11453,gA,1.949
2026-08-29T02:30Z,11453,gP,2.019
2026-08-29T02:30Z,11454,gA,1.964
2026-08-29T02:30Z,11454,gP,2.049
2026-08-29T02:30Z,11465,g95e5,1.769
2026-08-29T02:30Z,11465,gA,1.969
2026-08-29T02:30Z,11465,gP,2.029
2026-08-29T02:30Z,11465,g98e5,1.939
2026-08-29T02:30Z,11472,gA,1.945
2026-08-29T02:30Z,11472,g98e5,1.939
2026-08-29T02:30Z,11474,gA,1.899
2026-08-29T02:30Z,11474,gP,2.009
2026-08-29T02:30Z,11474,g98e5,1.989
2026-08-29T02:30Z,11480,gA,1.919
2026-08-29T02:30Z,11493,gA,1.905
2026-08-29T02:30Z,11493,gP,2.015
2026-08-29T02:30Z,11493,g98e5,1.939
2026-08-29T02:30Z,11496,gA,1.905
2026-08-29T02:30Z,11496,gP,2.015
2026-08-29T02:30Z,11496,g98e5,1.925
2026-08-29T02:30Z,11497,g95e5,1.859
2026-08-29T02:30Z,11497,gA,1.939
2026-08-29T02:30Z,11497,gP,1.999
2026-08-29T02:30Z,11497,g98e5,1.979
2026-08-29T02:30Z,11499,g95e5,1.419
2026-08-29T02:30Z,11499,gA,1.529
2026-08-29T02:30Z,11499,g98e5,1.559
2026-08-29T02:30Z,11515,gA,1.919
2026-08-29T02:30Z,11515,gP,2.009
2026-08-29T02:30Z,11526,g95e5,1.795
2026-08-29T02:30Z,11526,gA,1.899
2026-08-29T02:30Z,11526,gP,1.999
2026-08-29T02:30Z,11526,g98e5,1.925
2026-08-29T02:30Z,11526,g95e5p,1.875
2026-08-29T02:30Z,11531,gA,1.929
2026-08-29T02:30Z,11531,gP,2.019
2026-08-29T02:30Z,11534,gA,1.935
2026-08-29T02:30Z,11534,g98e5,1.935
2026-08-29T02:30Z,11535,gA,1.925
2026-08-29T02:30Z,11535,gP,2.005
2026-08-29T02:30Z,11536,gA,1.905
2026-08-29T02:30Z,11536,gP,1.965
2026-08-29T02:30Z,11536,g98e5,1.919
2026-08-29T02:30Z,11538,gA,1.955
2026-08-29T02:30Z,11538,g98e5,1.939
2026-08-29T02:30Z,11539,g95e5,1.824
2026-08-29T02:30Z,11539,g95e5p,1.909
2026-08-29T02:30Z,11539,glp,1.169
2026-08-29T02:30Z,11546,g95e5,1.749
2026-08-29T02:30Z,11546,gA,1.939
2026-08-29T02:30Z,11546,gP,2.009
2026-08-29T02:30Z,11546,g98e5,1.919
2026-08-29T02:30Z,11546,g95e5p,1.819
2026-08-29T02:30Z,11560,g95e5,1.845
2026-08-29T02:30Z,11560,gA,1.955
2026-08-29T02:30Z,11560,gB,1.695
2026-08-29T02:30Z,11563,gA,1.955
2026-08-29T02:30Z,11563,g98e5,1.889
2026-08-29T02:30Z,11564,gA,1.955
2026-08-29T02:30Z,11564,g98e5,1.889
2026-08-29T02:30Z,11564,gB,1.615
2026-08-29T02:30Z,11575,gA,1.939
2026-08-29T02:30Z,11575,g98e5,1.959
2026-08-29T02:30Z,11580,g95e5,1.769
2026-08-29T02:30Z,11580,gA,1.905
2026-08-29T02:30Z,11580,g98e5,1.889
2026-08-29T02:30Z,11588,gA,1.939
2026-08-29T02:30Z,11588,gP,2.029
2026-08-29T02:30Z,11593,gA,1.965
2026-08-29T02:30Z,11593,gP,2.055
2026-08-29T02:30Z,11593,g98e5,1.975
2026-08-29T02:30Z,11633,gA,1.934
2026-08-29T02:30Z,11633,gP,2.019
2026-08-29T02:30Z,11634,gA,1.939
2026-08-29T02:30Z,11634,gB,1.779
2026-08-29T02:30Z,11643,gA,1.945
2026-08-29T02:30Z,11643,gP,2.035
2026-08-29T02:30Z,11648,g95e5,1.829
2026-08-29T02:30Z,11651,g95e5,1.815
2026-08-29T02:30Z,11651,gA,1.919
2026-08-29T02:30Z,11651,g98e5,1.971
2026-08-29T02:30Z,11655,gA,1.909
2026-08-29T02:30Z,11655,gP,1.999
2026-08-29T02:30Z,11661,gA,1.945
2026-08-29T02:30Z,11661,g98e5,1.939
2026-08-29T02:30Z,11662,gA,1.945
2026-08-29T02:30Z,11662,g98e5,1.939
2026-08-29T02:30Z,11669,gA,1.975
2026-08-29T02:30Z,11669,g98e5,1.919
2026-08-29T02:30Z,11671,gA,1.935
2026-08-29T02:30Z,11671,gP,2.026
2026-08-29T02:30Z,11680,gA,1.959
2026-08-29T02:30Z,11680,gP,2.079
2026-08-29T02:30Z,11685,gA,1.914
2026-08-29T02:30Z,11685,gP,2.009
2026-08-29T02:30Z,11687,g95e5,1.834
2026-08-29T02:30Z,11687,g98e5,1.914
2026-08-29T02:30Z,11687,g95e5p,1.879
2026-08-29T02:30Z,11696,gA,1.905
2026-08-29T02:30Z,11696,gP,2.015
2026-08-29T02:30Z,11696,g98e5,1.925
2026-08-29T02:30Z,11722,gA,1.939
2026-08-29T02:30Z,11722,g98e5,1.959
2026-08-29T02:30Z,11723,gA,1.939
2026-08-29T02:30Z,11723,gP,2.049
2026-08-29T02:30Z,11723,g98e5,1.959
2026-08-29T02:30Z,11724,gA,1.904
2026-08-29T02:30Z,11724,gP,1.964
2026-08-29T02:30Z,11729,gA,1.949
2026-08-29T02:30Z,11729,gP,2.039
2026-08-29T02:30Z,11734,gA,1.949
2026-08-29T02:30Z,11734,gP,2.039
2026-08-29T02:30Z,11746,gA,1.939
2026-08-29T02:30Z,11746,gP,2.029
2026-08-29T02:30Z,11746,gB,1.709
2026-08-29T02:30Z,11755,g95e5,1.889
2026-08-29T02:30Z,11755,gA,1.949
2026-08-29T02:30Z,11755,gP,2.019
2026-08-29T02:30Z,11755,g98e5,2.069
2026-08-29T02:30Z,11757,g95e5,1.449
2026-08-29T02:30Z,11757,gA,1.579
2026-08-29T02:30Z,11757,gP,1.639
2026-08-29T02:30Z,11757,g98e5,1.529
2026-08-29T02:30Z,11766,gA,1.909
2026-08-29T02:30Z,11766,gP,1.969
2026-08-29T02:30Z,11766,g98e5,1.929
2026-08-29T02:30Z,11767,g95e5,1.819
2026-08-29T02:30Z,11767,gA,1.979
2026-08-29T02:30Z,11767,gP,2.039
2026-08-29T02:30Z,11767,g98e5,1.939
2026-08-29T02:30Z,11768,gA,1.949
2026-08-29T02:30Z,11768,gP,2.039
2026-08-29T02:30Z,11777,g95e5,1.845
2026-08-29T02:30Z,11777,gA,1.929
2026-08-29T02:30Z,11777,gP,1.989
2026-08-29T02:30Z,11777,g98e5,1.965
2026-08-29T02:30Z,11778,gA,1.907
2026-08-29T02:30Z,11781,gA,1.989
2026-08-29T02:30Z,11781,gP,2.079
2026-08-29T02:30Z,11786,gA,1.909
2026-08-29T02:30Z,11786,g98e5,1.939
2026-08-29T02:30Z,11787,gA,1.965
2026-08-29T02:30Z,11787,g98e5,1.929
2026-08-29T02:30Z,11792,gA,1.964
2026-08-29T02:30Z,11792,gP,2.049
2026-08-29T02:30Z,11799,gA,1.939
2026-08-29T02:30Z,11799,gP,2.029
2026-08-29T02:30Z,11803,gA,1.949
2026-08-29T02:30Z,11803,gP,2.039
2026-08-29T02:30Z,11821,g95e5,1.779
2026-08-29T02:30Z,11821,gA,1.885
2026-08-29T02:30Z,11821,gP,1.945
2026-08-29T02:30Z,11821,g98e5,1.949
2026-08-29T02:30Z,11823,gA,1.919
2026-08-29T02:30Z,11823,gP,1.979
2026-08-29T02:30Z,11823,g98e5,1.919
2026-08-29T02:30Z,11828,g95e5,1.459
2026-08-29T02:30Z,11828,gA,1.589
2026-08-29T02:30Z,11832,gA,1.989
2026-08-29T02:30Z,11832,g98e5,1.985
2026-08-29T02:30Z,11833,gA,1.919
2026-08-29T02:30Z,11833,g98e5,1.949
2026-08-29T02:30Z,11834,gA,1.919
2026-08-29T02:30Z,11834,g98e5,1.949
2026-08-29T02:30Z,11836,gA,1.899
2026-08-29T02:30Z,11852,gP,1.969
2026-08-29T02:30Z,11852,g98e5,1.939
2026-08-29T02:30Z,11881,g95e5,1.609
2026-08-29T02:30Z,11881,g98e5,1.719
2026-08-29T02:30Z,11886,g95e5,1.599
2026-08-29T02:30Z,11894,gA,1.839
2026-08-29T02:30Z,11894,gB,1.600
2026-08-29T02:30Z,11895,gA,1.889
2026-08-29T02:30Z,11895,gP,1.979
2026-08-29T02:30Z,11898,gA,1.899
2026-08-29T02:30Z,11898,gP,1.989
2026-08-29T02:30Z,11910,g95e5,1.804
2026-08-29T02:30Z,11910,g98e5,1.954
2026-08-29T02:30Z,11911,g95e5,1.804
2026-08-29T02:30Z,11911,g98e5,1.954
2026-08-29T02:30Z,11912,gA,1.919
2026-08-29T02:30Z,11912,g98e5,1.979
2026-08-29T02:30Z,11914,gA,1.979
2026-08-29T02:30Z,11914,g98e5,1.965
2026-08-29T02:30Z,11915,gA,1.925
2026-08-29T02:30Z,11915,g98e5,1.945
2026-08-29T02:30Z,11920,gA,1.889
2026-08-29T02:30Z,11920,gP,1.979
2026-08-29T02:30Z,11922,gA,1.636
2026-08-29T02:30Z,11922,gP,1.707
2026-08-29T02:30Z,11929,gA,1.909
2026-08-29T02:30Z,11929,gP,1.999
2026-08-29T02:30Z,11942,gA,1.929
2026-08-29T02:30Z,11942,gP,1.979
2026-08-29T02:30Z,11945,gA,1.979
2026-08-29T02:30Z,11946,g95e5,1.795
2026-08-29T02:30Z,11946,gA,1.935
2026-08-29T02:30Z,11946,gP,1.995
2026-08-29T02:30Z,11946,g98e5,1.915
2026-08-29T02:30Z,11958,g95e5,1.829
2026-08-29T02:30Z,11958,gA,1.975
2026-08-29T02:30Z,11958,gP,2.035
2026-08-29T02:30Z,11958,g98e5,1.949
2026-08-29T02:30Z,11964,gA,1.899
2026-08-29T02:30Z,11964,g98e5,1.949
2026-08-29T02:30Z,11970,gA,1.929
2026-08-29T02:30Z,11970,gP,2.039
2026-08-29T02:30Z,11970,g98e5,1.945
2026-08-29T02:30Z,11974,g95e5,1.809
2026-08-29T02:30Z,11974,gA,1.939
2026-08-29T02:30Z,11974,g98e5,1.929
2026-08-29T02:30Z,11974,g95e5p,1.869
2026-08-29T02:30Z,11975,g98e5,1.899
2026-08-29T02:30Z,11975,g95e5p,1.799
2026-08-29T02:30Z,11976,gA,1.929
2026-08-29T02:30Z,11976,gP,2.019
2026-08-29T02:30Z,11986,gA,1.899
2026-08-29T02:30Z,11986,g98e5,1.875
2026-08-29T02:30Z,11986,gB,1.629
2026-08-29T02:30Z,11995,gA,1.969
2026-08-29T02:30Z,12008,g95e5,1.805
2026-08-29T02:30Z,12008,gA,1.919
2026-08-29T02:30Z,12008,gP,2.009
2026-08-29T02:30Z,12008,g98e5,1.945
2026-08-29T02:30Z,12009,gA,1.889
2026-08-29T02:30Z,12009,gP,1.979
2026-08-29T02:30Z,12013,gB,1.707
2026-08-29T02:30Z,12022,gA,1.989
2026-08-29T02:30Z,12022,gP,2.049
2026-08-29T02:30Z,12022,g98e5,1.899
2026-08-29T02:30Z,12023,gA,1.989
2026-08-29T02:30Z,12023,gP,2.049
2026-08-29T02:30Z,12023,g98e5,1.899
2026-08-29T02:30Z,12028,gA,1.939
2026-08-29T02:30Z,12032,gA,1.979
2026-08-29T02:30Z,12032,gP,2.069
2026-08-29T02:30Z,12038,gA,1.899
2026-08-29T02:30Z,12038,gP,1.959
2026-08-29T02:30Z,12038,g98e5,1.905
2026-08-29T02:30Z,12044,g95e5,1.795
2026-08-29T02:30Z,12044,gA,1.985
2026-08-29T02:30Z,12044,gP,2.045
2026-08-29T02:30Z,12044,g98e5,1.965
2026-08-29T02:30Z,12045,gA,1.975
2026-08-29T02:30Z,12045,g98e5,1.945
2026-08-29T02:30Z,12045,gB,1.745
2026-08-29T02:30Z,12046,gA,1.975
2026-08-29T02:30Z,12046,g98e5,1.945
2026-08-29T02:30Z,12046,gB,1.735
2026-08-29T02:30Z,12053,gA,1.935
2026-08-29T02:30Z,12053,gP,2.025
2026-08-29T02:30Z,12054,gA,1.955
2026-08-29T02:30Z,12054,gP,2.045
2026-08-29T02:30Z,12078,g95e5,1.755
2026-08-29T02:30Z,12078,gA,1.965
2026-08-29T02:30Z,12078,gP,2.055
2026-08-29T02:30Z,12078,g98e5,1.925
2026-08-29T02:30Z,12084,g95e5,1.409
2026-08-29T02:30Z,12084,g98e5,1.549
2026-08-29T02:30Z,12096,g95e5,1.795
2026-08-29T02:30Z,12096,gA,1.989
2026-08-29T02:30Z,12096,g98e5,1.965
2026-08-29T02:30Z,12101,gA,1.939
2026-08-29T02:30Z,12101,gP,2.009
2026-08-29T02:30Z,12111,gA,1.877
2026-08-29T02:30Z,12115,gA,1.799
2026-08-29T02:30Z,12115,gB,1.499
2026-08-29T02:30Z,12119,g95e5,1.779
2026-08-29T02:30Z,12119,gA,1.969
2026-08-29T02:30Z,12119,gP,2.029
2026-08-29T02:30Z,12119,g98e5,1.959
2026-08-29T02:30Z,12120,gA,1.889
2026-08-29T02:30Z,12124,gA,1.965
2026-08-29T02:30Z,12124,gP,2.025
2026-08-29T02:30Z,12124,g98e5,1.929
2026-08-29T02:30Z,12125,gA,1.965
2026-08-29T02:30Z,12125,gP,2.025
2026-08-29T02:30Z,12125,g98e5,1.929
2026-08-29T02:30Z,12132,gA,1.939
2026-08-29T02:30Z,12132,gP,2.029
2026-08-29T02:30Z,12140,gA,1.949
2026-08-29T02:30Z,12140,gP,2.039
2026-08-29T02:30Z,12146,gA,1.954
2026-08-29T02:30Z,12146,gP,2.009
2026-08-29T02:30Z,12152,gA,1.919
2026-08-29T02:30Z,12152,gP,2.009
2026-08-29T02:30Z,12158,gA,1.959
2026-08-29T02:30Z,12158,gP,2.019
2026-08-29T02:30Z,12158,g98e5,1.939
2026-08-29T02:30Z,12159,gA,1.959
2026-08-29T02:30Z,12159,gP,2.019
2026-08-29T02:30Z,12159,g98e5,1.939
2026-08-29T02:30Z,12190,g95e5,1.789
2026-08-29T02:30Z,12190,gA,1.949
2026-08-29T02:30Z,12190,g98e5,1.939
2026-08-29T02:30Z,12190,g95e5p,1.829
2026-08-29T02:30Z,12193,gA,1.979
2026-08-29T02:30Z,12193,g98e5,1.965
2026-08-29T02:30Z,12202,g95e5,1.759
2026-08-29T02:30Z,12202,gA,1.929
2026-08-29T02:30Z,12202,gP,2.039
2026-08-29T02:30Z,12202,g98e5,1.929
2026-08-29T02:30Z,12214,gA,1.949
2026-08-29T02:30Z,12214,gP,1.999
2026-08-29T02:30Z,12214,gB,1.729
2026-08-29T02:30Z,12232,gP,2.005
2026-08-29T02:30Z,12232,g98e5,1.979
2026-08-29T02:30Z,12239,gA,1.989
2026-08-29T02:30Z,12239,g98e5,1.969
2026-08-29T02:30Z,12243,g95e5,1.872
2026-08-29T02:30Z,12243,gA,1.855
2026-08-29T02:30Z,12243,g98e5,2.045
2026-08-29T02:30Z,12243,gB,1.470
2026-08-29T02:30Z,12247,gA,1.979
2026-08-29T02:30Z,12247,g98e5,1.905
2026-08-29T02:30Z,12259,g95e5,1.834
2026-08-29T02:30Z,12259,g98e5,1.934
2026-08-29T02:30Z,12259,g95e5p,1.879
2026-08-29T02:30Z,12266,gA,1.919
2026-08-29T02:30Z,12283,gA,1.895
2026-08-29T02:30Z,12283,gP,2.005
2026-08-29T02:30Z,12283,g98e5,1.989
2026-08-29T02:30Z,12284,gA,1.889
2026-08-29T02:30Z,12284,gP,1.979
2026-08-29T02:30Z,12290,g95e5,1.849
2026-08-29T02:30Z,12290,gA,1.955
2026-08-29T02:30Z,12290,gP,2.045
2026-08-29T02:30Z,12290,g98e5,1.989
2026-08-29T02:30Z,12305,g95e5,1.849
2026-08-29T02:30Z,12305,gA,1.989
2026-08-29T02:30Z,12350,gA,1.955
2026-08-29T02:30Z,12350,g98e5,1.969
2026-08-29T02:30Z,12351,gA,1.919
2026-08-29T02:30Z,12351,gP,1.979
2026-08-29T02:30Z,12351,g98e5,1.879
2026-08-29T02:30Z,12370,g95e5,1.429
2026-08-29T02:30Z,12370,gA,1.539
2026-08-29T02:30Z,12370,g98e5,1.549
2026-08-29T02:30Z,12395,g95e5,1.835
2026-08-29T02:30Z,12395,gA,1.979
2026-08-29T02:30Z,12395,g98e5,2.005
2026-08-29T02:30Z,12396,gA,1.905
2026-08-29T02:30Z,12396,g98e5,1.939
2026-08-29T02:30Z,12401,gA,1.889
2026-08-29T02:30Z,12401,gP,1.981
2026-08-29T02:30Z,12433,gA,1.919
2026-08-29T02:30Z,12433,gP,1.959
2026-08-29T02:30Z,12433,gB,1.599
2026-08-29T02:30Z,12440,g95e5,1.789
2026-08-29T02:30Z,12440,gA,1.899
2026-08-29T02:30Z,12440,gP,1.989
2026-08-29T02:30Z,12450,g95e5,1.679
2026-08-29T02:30Z,12453,g95e5,1.824
2026-08-29T02:30Z,12472,gA,1.839
2026-08-29T02:30Z,12472,gB,1.609
2026-08-29T02:30Z,12483,gA,1.895
2026-08-29T02:30Z,12483,gP,1.985
2026-08-29T02:30Z,12489,g95e5,1.809
2026-08-29T02:30Z,12489,gA,1.939
2026-08-29T02:30Z,12489,gP,2.029
2026-08-29T02:30Z,12489,g98e5,1.949
2026-08-29T02:30Z,12507,gA,1.919
2026-08-29T02:30Z,12507,gP,1.959
2026-08-29T02:30Z,12523,g95e5,1.469
2026-08-29T02:30Z,12523,gA,1.579
2026-08-29T02:30Z,12523,gP,1.689
2026-08-29T02:30Z,12523,g98e5,1.599
2026-08-29T02:30Z,12535,gA,1.939
2026-08-29T02:30Z,12535,gP,2.029
2026-08-29T02:30Z,12544,gA,1.838
2026-08-29T02:30Z,12544,gB,1.615
2026-08-29T02:30Z,12550,g95e5,1.599
2026-08-29T02:30Z,12550,gA,1.749
2026-08-29T02:30Z,12550,bio,1.699
2026-08-29T02:30Z,12565,gA,1.699
2026-08-29T02:30Z,12572,gA,1.905
2026-08-29T02:30Z,12572,g98e5,1.905
2026-08-29T02:30Z,12581,g95e5,1.805
2026-08-29T02:30Z,12581,gA,1.889
2026-08-29T02:30Z,12581,gP,1.979
2026-08-29T02:30Z,12581,g98e5,1.945
2026-08-29T02:30Z,12584,gA,1.899
2026-08-29T02:30Z,12584,gP,1.989
2026-08-29T02:30Z,12596,g95e5,1.849
2026-08-29T02:30Z,12596,gA,1.959
2026-08-29T02:30Z,12596,gP,2.049
2026-08-29T02:30Z,12596,g98e5,2.029
2026-08-29T02:30Z,12605,gA,1.909
2026-08-29T02:30Z,12605,gP,1.999
2026-08-29T02:30Z,12612,gA,1.760
2026-08-29T02:30Z,12623,g95e5,1.799
2026-08-29T02:30Z,12623,gA,1.929
2026-08-29T02:30Z,12623,gP,2.019
2026-08-29T02:30Z,12623,g98e5,1.939
2026-08-29T02:30Z,12624,gA,1.939
2026-08-29T02:30Z,12624,gP,2.029
2026-08-29T02:30Z,12644,g95e5,1.839
2026-08-29T02:30Z,12647,g95e5,1.834
2026-08-29T02:30Z,12647,g95e5p,1.919
2026-08-29T02:30Z,12650,g95e5,1.795
2026-08-29T02:30Z,12650,gA,1.899
2026-08-29T02:30Z,12650,gP,2.009
2026-08-29T02:30Z,12650,g98e5,1.965
2026-08-29T02:30Z,12672,gA,1.915
2026-08-29T02:30Z,12672,gP,2.025
2026-08-29T02:30Z,12672,g98e5,1.929
2026-08-29T02:30Z,12680,g95e5,1.834
2026-08-29T02:30Z,12690,gA,1.939
2026-08-29T02:30Z,12690,gP,2.029
2026-08-29T02:30Z,12691,gA,1.885
2026-08-29T02:30Z,12691,gP,1.975
2026-08-29T02:30Z,12696,gA,1.949
2026-08-29T02:30Z,12696,gP,2.039
2026-08-29T02:30Z,12699,gA,1.889
2026-08-29T02:30Z,12708,g95e5,1.839
2026-08-29T02:30Z,12708,gA,1.925
2026-08-29T02:30Z,12708,g98e5,1.959
2026-08-29T02:30Z,12708,gB,1.735
2026-08-29T02:30Z,12751,g95e5,1.749
2026-08-29T02:30Z,12751,gA,1.899
2026-08-29T02:30Z,12772,gA,1.769
2026-08-29T02:30Z,12777,g95e5,1.729
2026-08-29T02:30Z,12777,gA,1.739
2026-08-29T02:30Z,12811,gA,1.955
2026-08-29T02:30Z,12811,gP,2.045
2026-08-29T02:30Z,12822,gA,1.695
2026-08-29T02:30Z,12827,gA,1.889
2026-08-29T02:30Z,12827,gP,1.979
2026-08-29T02:30Z,12840,gA,1.919
2026-08-29T02:30Z,12840,gP,1.959
2026-08-29T02:30Z,12844,gA,1.949
2026-08-29T02:30Z,12844,g98e5,1.885
2026-08-29T02:30Z,12845,g95e5,1.539
2026-08-29T02:30Z,12845,gA,1.689
2026-08-29T02:30Z,12846,gA,1.905
2026-08-29T02:30Z,12846,gP,2.015
2026-08-29T02:30Z,12846,g98e5,1.939
2026-08-29T02:30Z,12847,gA,1.939
2026-08-29T02:30Z,12847,gP,2.009
2026-08-29T02:30Z,12847,g98e5,1.959
2026-08-29T02:30Z,12866,gA,1.929
2026-08-29T02:30Z,12866,gP,2.009
2026-08-29T02:30Z,12871,gA,1.935
2026-08-29T02:30Z,12871,gP,2.025
2026-08-29T02:30Z,12874,gA,1.919
2026-08-29T02:30Z,12876,g95e5,1.599
2026-08-29T02:30Z,12900,gA,1.789
2026-08-29T02:30Z,12939,gA,1.799
2026-08-29T02:30Z,12940,g95e5,1.825
2026-08-29T02:30Z,12940,gA,1.969
2026-08-29T02:30Z,12940,gP,2.039
2026-08-29T02:30Z,12940,g98e5,1.945
2026-08-29T02:30Z,12940,g95e5p,1.885
2026-08-29T02:30Z,12949,gA,1.929
2026-08-29T02:30Z,12949,gP,2.019
2026-08-29T02:30Z,12952,gA,1.699
2026-08-29T02:30Z,12967,gA,1.945
2026-08-29T02:30Z,12967,gP,2.005
2026-08-29T02:30Z,12967,g98e5,1.889
2026-08-29T02:30Z,12968,gA,1.915
2026-08-29T02:30Z,12968,gP,1.975
2026-08-29T02:30Z,12968,g98e5,1.995
2026-08-29T02:30Z,12969,gA,1.549
2026-08-29T02:30Z,12970,gA,1.729
2026-08-29T02:30Z,12977,gA,1.999
2026-08-29T02:30Z,12977,gP,2.089
2026-08-29T02:30Z,12977,gB,1.829
2026-08-29T02:30Z,13001,gA,1.879
2026-08-29T02:30Z,13001,gP,1.969
2026-08-29T02:30Z,13010,g95e5,1.659
2026-08-29T02:30Z,13010,gA,1.729
2026-08-29T02:30Z,13016,g95e5,1.639
2026-08-29T02:30Z,13016,gA,1.739
2026-08-29T02:30Z,13035,g95e5,1.599
2026-08-29T02:30Z,13035,gA,1.699
2026-08-29T02:30Z,13059,gA,1.909
2026-08-29T02:30Z,13059,gP,1.999
2026-08-29T02:30Z,13063,gA,1.939
2026-08-29T02:30Z,13063,gP,2.029
2026-08-29T02:30Z,13075,gA,1.889
2026-08-29T02:30Z,13075,gP,1.979
2026-08-29T02:30Z,13091,gA,1.919
2026-08-29T02:30Z,13091,gP,1.949
2026-08-29T02:30Z,13104,g95e5,1.769
2026-08-29T02:30Z,13104,gA,1.949
2026-08-29T02:30Z,13104,g98e5,1.939
2026-08-29T02:30Z,13131,gA,1.969
2026-08-29T02:30Z,13131,gB,1.789
2026-08-29T02:30Z,13134,g95e5,1.839
2026-08-29T02:30Z,13134,g98e5,1.979
2026-08-29T02:30Z,13135,gP,1.798
2026-08-29T02:30Z,13146,gA,1.919
2026-08-29T02:30Z,13146,gP,2.019
2026-08-29T02:30Z,13146,g98e5,1.979
2026-08-29T02:30Z,13165,g95e5,1.689
2026-08-29T02:30Z,13189,gA,1.975
2026-08-29T02:30Z,13189,g98e5,1.949
2026-08-29T02:30Z,13199,gA,1.939
2026-08-29T02:30Z,13246,g95e5,1.839
2026-08-29T02:30Z,13246,gA,1.935
2026-08-29T02:30Z,13246,gP,1.995
2026-08-29T02:30Z,13246,g98e5,1.959
2026-08-29T02:30Z,13247,gA,1.955
2026-08-29T02:30Z,13247,g98e5,1.885
2026-08-29T02:30Z,13299,gA,1.915
2026-08-29T02:30Z,13299,gP,2.005
2026-08-29T02:30Z,13301,gA,1.875
2026-08-29T02:30Z,13301,gP,1.965
2026-08-29T02:30Z,13308,gA,1.945
2026-08-29T02:30Z,13308,g98e5,1.935
2026-08-29T02:30Z,13316,g95e5,1.729
2026-08-29T02:30Z,13316,gA,1.949
2026-08-29T02:30Z,13316,gP,1.999
2026-08-29T02:30Z,13316,g98e5,1.909
2026-08-29T02:30Z,13361,gA,1.915
2026-08-29T02:30Z,13361,gP,1.975
2026-08-29T02:30Z,13361,g98e5,1.885
2026-08-29T02:30Z,13362,gA,1.979
2026-08-29T02:30Z,13362,gP,2.089
2026-08-29T02:30Z,13362,g98e5,1.965
2026-08-29T02:30Z,13362,gB,1.645
2026-08-29T02:30Z,13376,g95e5,1.845
2026-08-29T02:30Z,13376,gA,1.989
2026-08-29T02:30Z,13376,g98e5,1.965
2026-08-29T02:30Z,13376,gB,1.655
2026-08-29T02:30Z,13379,gA,1.915
2026-08-29T02:30Z,13379,gP,2.025
2026-08-29T02:30Z,13379,g98e5,1.895
2026-08-29T02:30Z,13418,g95e5,1.859
2026-08-29T02:30Z,13418,gA,1.935
2026-08-29T02:30Z,13418,gP,2.015
2026-08-29T02:30Z,13418,g98e5,1.979
2026-08-29T02:30Z,13419,gA,1.529
2026-08-29T02:30Z,13434,g95e5,1.829
2026-08-29T02:30Z,13434,gA,1.929
2026-08-29T02:30Z,13434,gP,2.029
2026-08-29T02:30Z,13434,g98e5,1.929
2026-08-29T02:30Z,13435,g95e5,1.745
2026-08-29T02:30Z,13435,gA,1.745
2026-08-29T02:30Z,13479,g95e5,1.794
2026-08-29T02:30Z,13489,gA,1.838
2026-08-29T02:30Z,13489,gB,1.585
2026-08-29T02:30Z,13499,g95e5,1.739
2026-08-29T02:30Z,13499,gA,1.969
2026-08-29T02:30Z,13499,gP,2.059
2026-08-29T02:30Z,13499,g98e5,1.949
2026-08-29T02:30Z,13512,g95e5,1.729
2026-08-29T02:30Z,13512,gA,1.879
2026-08-29T02:30Z,13512,gP,1.909
2026-08-29T02:30Z,13565,gA,1.919
2026-08-29T02:30Z,13565,gB,1.589
2026-08-29T02:30Z,13567,gA,1.895
2026-08-29T02:30Z,13567,gP,1.985
2026-08-29T02:30Z,13569,gA,1.938
2026-08-29T02:30Z,13569,gP,2.028
2026-08-29T02:30Z,13630,gA,1.889
2026-08-29T02:30Z,13630,gP,1.979
2026-08-29T02:30Z,13645,g95e5,1.599
2026-08-29T02:30Z,13645,gA,1.699
2026-08-29T02:30Z,13664,g95e5,1.739
2026-08-29T02:30Z,13664,gA,1.969
2026-08-29T02:30Z,13664,gP,2.059
2026-08-29T02:30Z,13664,g98e5,1.949
2026-08-29T02:30Z,13670,gA,1.939
2026-08-29T02:30Z,13670,gP,2.029
2026-08-29T02:30Z,13688,gA,1.899
2026-08-29T02:30Z,13688,gP,2.009
2026-08-29T02:30Z,13688,g98e5,2.005
2026-08-29T02:30Z,13720,g95e5,1.805
2026-08-29T02:30Z,13720,gA,1.929
2026-08-29T02:30Z,13720,gP,2.019
2026-08-29T02:30Z,13720,g98e5,1.975
2026-08-29T02:30Z,13747,g95e5,1.799
2026-08-29T02:30Z,13747,gA,1.939
2026-08-29T02:30Z,13747,g98e5,1.969
2026-08-29T02:30Z,13781,g95e5,1.779
2026-08-29T02:30Z,13781,gA,1.959
2026-08-29T02:30Z,13781,gP,2.049
2026-08-29T02:30Z,13781,g98e5,1.849
2026-08-29T02:30Z,13784,gA,1.919
2026-08-29T02:30Z,13784,g98e5,1.955
2026-08-29T02:30Z,13784,gB,1.645
2026-08-29T02:30Z,13823,g95e5,1.579
2026-08-29T02:30Z,13823,gA,1.739
2026-08-29T02:30Z,13916,gA,1.935
2026-08-29T02:30Z,13916,gP,2.025
2026-08-29T02:30Z,13918,gA,1.909
2026-08-29T02:30Z,13918,gP,1.999
2026-08-29T02:30Z,13960,g98e5,1.905
2026-08-29T02:30Z,13983,g95e5,1.795
2026-08-29T02:30Z,13983,gA,1.899
2026-08-29T02:30Z,13983,gP,1.989
2026-08-29T02:30Z,13983,g98e5,1.965
2026-08-29T02:30Z,13983,g95e5p,1.865
2026-08-29T02:30Z,13985,g95e5,1.805
2026-08-29T02:30Z,13985,gA,1.899
2026-08-29T02:30Z,13985,gP,1.959
2026-08-29T02:30Z,13985,g98e5,1.975
2026-08-29T02:30Z,13985,g95e5p,1.885
2026-08-29T02:30Z,13985,gB,1.729
2026-08-29T02:30Z,14053,gA,1.954
2026-08-29T02:30Z,14071,gA,1.549
2026-08-29T02:30Z,14123,gA,1.954
2026-08-29T02:30Z,14123,gP,2.049
2026-08-29T02:30Z,14132,g95e5,1.739
2026-08-29T02:30Z,14132,gA,1.849
2026-08-29T02:30Z,14132,gP,1.919
2026-08-29T02:30Z,14132,gB,1.429
2026-08-29T02:30Z,14138,gA,1.974
2026-08-29T02:30Z,14138,gB,1.594
2026-08-29T02:30Z,14143,g95e5,1.729
2026-08-29T02:30Z,14149,gA,1.509
2026-08-29T02:30Z,14150,gA,1.975
2026-08-29T02:30Z,14150,gP,2.035
2026-08-29T02:30Z,14150,g98e5,1.905
2026-08-29T02:30Z,14150,gB,1.595
2026-08-29T02:30Z,14154,gA,1.969
2026-08-29T02:30Z,14154,gP,2.049
2026-08-29T02:30Z,14156,g95e5,1.794
2026-08-29T02:30Z,14189,g95e5,1.619
2026-08-29T02:30Z,14189,gA,1.719
2026-08-29T02:30Z,14232,gA,1.899
2026-08-29T02:30Z,14232,gP,1.989
2026-08-29T02:30Z,14258,g95e5,1.809
2026-08-29T02:30Z,14258,gA,1.919
2026-08-29T02:30Z,14258,gP,1.969
2026-08-29T02:30Z,14258,g98e5,1.919
2026-08-29T02:30Z,14281,gA,1.959
2026-08-29T02:30Z,14349,gA,1.729
2026-08-29T02:30Z,14367,gA,1.909
2026-08-29T02:30Z,14367,gP,1.969
2026-08-29T02:30Z,14367,g98e5,1.945
2026-08-29T02:30Z,14390,gA,1.899
2026-08-29T02:30Z,14390,gB,1.749
2026-08-29T02:30Z,14407,gA,1.899
2026-08-29T02:30Z,14407,g98e5,1.899
2026-08-29T02:30Z,14407,gB,1.649
2026-08-29T02:30Z,14415,gA,1.899
2026-08-29T02:30Z,14415,gP,1.999
2026-08-29T02:30Z,14415,g98e5,1.945
2026-08-29T02:30Z,14415,gB,1.655
2026-08-29T02:30Z,14429,g95e5,1.629
2026-08-29T02:30Z,14430,gA,1.909
2026-08-29T02:30Z,14430,gP,1.999
2026-08-29T02:30Z,14434,gA,1.899
2026-08-29T02:30Z,14434,g98e5,1.899
2026-08-29T02:30Z,14434,gB,1.649
2026-08-29T02:30Z,14447,g95e5,1.759
2026-08-29T02:30Z,14447,gA,1.949
2026-08-29T02:30Z,14447,gP,1.969
2026-08-29T02:30Z,14447,g98e5,1.909
2026-08-29T02:30Z,14449,g95e5,1.689
2026-08-29T02:30Z,14449,gA,1.799
2026-08-29T02:30Z,14467,g95e5,1.659
2026-08-29T02:30Z,14467,gA,1.739
2026-08-29T02:30Z,14467,gP,1.789
2026-08-29T02:30Z,14514,gA,1.830
2026-08-29T02:30Z,14514,gB,1.606
2026-08-29T02:30Z,14521,g95e5,1.959
2026-08-29T02:30Z,14521,gA,2.069
2026-08-29T02:30Z,14521,g98e5,2.029
2026-08-29T02:30Z,14530,gA,1.919
2026-08-29T02:30Z,14530,gP,2.009
2026-08-29T02:30Z,14558,gA,1.749
2026-08-29T02:30Z,14569,gA,1.879
2026-08-29T02:30Z,14569,gP,1.969
2026-08-29T02:30Z,14571,gA,1.959
2026-08-29T02:30Z,14589,g95e5,1.689
2026-08-29T02:30Z,14589,gA,1.809
2026-08-29T02:30Z,14611,g95e5,1.669
2026-08-29T02:30Z,14643,g95e5,1.659
2026-08-29T02:30Z,14670,gA,1.939
2026-08-29T02:30Z,14670,gP,2.039
2026-08-29T02:30Z,14670,g98e5,1.915
2026-08-29T02:30Z,14681,gA,1.929
2026-08-29T02:30Z,14681,gP,1.999
2026-08-29T02:30Z,14689,g95e5,1.859
2026-08-29T02:30Z,14689,gA,1.969
2026-08-29T02:30Z,14689,gP,2.029
2026-08-29T02:30Z,14689,g98e5,1.979
2026-08-29T02:30Z,14710,gA,1.919
2026-08-29T02:30Z,14710,gP,1.959
2026-08-29T02:30Z,14713,gA,1.809
2026-08-29T02:30Z,14718,gA,1.919
2026-08-29T02:30Z,14718,gP,1.959
2026-08-29T02:30Z,14718,gB,1.589
2026-08-29T02:30Z,14755,gA,1.899
2026-08-29T02:30Z,14755,gP,1.979
2026-08-29T02:30Z,14755,g98e5,1.989
2026-08-29T02:30Z,14808,g95e5,1.709
2026-08-29T02:30Z,14808,gA,1.879
2026-08-29T02:30Z,14808,gP,1.929
2026-08-29T02:30Z,14808,g98e5,1.919
2026-08-29T02:30Z,14817,g95e5,1.789
2026-08-29T02:30Z,14817,gA,1.929
2026-08-29T02:30Z,14817,gP,2.029
2026-08-29T02:30Z,14817,g98e5,1.879
2026-08-29T02:30Z,14821,gA,1.875
2026-08-29T02:30Z,14821,gP,1.965
2026-08-29T02:30Z,14834,g95e5,1.775
2026-08-29T02:30Z,14834,gA,1.919
2026-08-29T02:30Z,14834,gP,2.009
2026-08-29T02:30Z,14834,g98e5,1.915
2026-08-29T02:30Z,14851,gA,1.899
2026-08-29T02:30Z,14851,gP,1.989
2026-08-29T02:30Z,14866,gA,1.819
2026-08-29T02:30Z,14866,gP,1.869
2026-08-29T02:30Z,14866,gB,1.430
2026-08-29T02:30Z,14868,g95e5,1.375
2026-08-29T02:30Z,14868,gA,1.559
2026-08-29T02:30Z,14868,g98e5,1.535
2026-08-29T02:30Z,14869,g95e5,1.699
2026-08-29T02:30Z,14869,gA,1.809
2026-08-29T02:30Z,14887,g95e5,1.729
2026-08-29T02:30Z,14887,gA,1.849
2026-08-29T02:30Z,14890,gA,1.729
2026-08-29T02:30Z,14901,gA,1.914
2026-08-29T02:30Z,14901,gP,1.989
2026-08-29T02:30Z,14904,g95e5,1.769
2026-08-29T02:30Z,14904,gA,1.789
2026-08-29T02:30Z,14906,gA,1.969
2026-08-29T02:30Z,14936,gA,1.984
2026-08-29T02:30Z,14936,gP,2.069
2026-08-29T02:30Z,14986,gA,1.919
2026-08-29T02:30Z,14987,gA,1.919
2026-08-29T02:30Z,15009,g95e5,1.799
2026-08-29T02:30Z,15009,g98e5,1.919
2026-08-29T02:30Z,15009,g95e5p,1.884
2026-08-29T02:30Z,15011,g95e5,1.639
2026-08-29T02:30Z,15011,gA,1.769
2026-08-29T02:30Z,15011,bio,1.699
2026-08-29T02:30Z,15023,g95e5,1.629
2026-08-29T02:30Z,15023,gA,1.749
2026-08-29T02:30Z,15024,gA,1.795
2026-08-29T02:30Z,15032,gA,1.769
2026-08-29T02:30Z,15033,g95e5,1.815
2026-08-29T02:30Z,15033,gA,1.999
2026-08-29T02:30Z,15033,gP,2.059
2026-08-29T02:30Z,15033,g98e5,1.935
2026-08-29T02:30Z,15040,gA,1.829
2026-08-29T02:30Z,15049,gA,1.905
2026-08-29T02:30Z,15049,gP,2.015
2026-08-29T02:30Z,15049,g98e5,1.969
2026-08-29T02:30Z,15055,gP,1.779
2026-08-29T02:30Z,15055,gnc,1.599
2026-08-29T02:30Z,15090,g95e5,1.835
2026-08-29T02:30Z,15090,gA,1.955
2026-08-29T02:30Z,15090,g98e5,2.005
2026-08-29T02:30Z,15107,g95e5,1.709
2026-08-29T02:30Z,15107,gA,1.899
2026-08-29T02:30Z,15107,g98e5,1.889
2026-08-29T02:30Z,15148,gA,1.747
2026-08-29T02:30Z,15157,gA,1.929
2026-08-29T02:30Z,15157,gP,2.019
2026-08-29T02:30Z,15171,gA,1.974
2026-08-29T02:30Z,15171,gP,2.069
2026-08-29T02:30Z,15189,gA,1.909
2026-08-29T02:30Z,15189,gP,1.999
2026-08-29T02:30Z,15191,gB,1.729
2026-08-29T02:30Z,15193,gA,1.729
2026-08-29T02:30Z,15206,gA,1.839
2026-08-29T02:30Z,15206,gP,1.889
2026-08-29T02:30Z,15217,g95e5,1.829
2026-08-29T02:30Z,15217,gA,1.889
2026-08-29T02:30Z,15217,g98e5,1.999
2026-08-29T02:30Z,15217,g95e5p,1.899
2026-08-29T02:30Z,15251,g95e5,1.719
2026-08-29T02:30Z,15256,gA,1.729
2026-08-29T02:30Z,15309,gA,1.690
2026-08-29T02:30Z,15321,g95e5,1.789
2026-08-29T02:30Z,15444,g95e5,1.619
2026-08-29T02:30Z,15444,gA,1.789
2026-08-29T02:30Z,15482,g95e5,1.619
2026-08-29T02:30Z,15482,gA,1.789
2026-08-29T02:30Z,15497,gA,1.919
2026-08-29T02:30Z,15497,gP,2.009
2026-08-29T02:30Z,15504,g95e5,1.659
2026-08-29T02:30Z,15504,gA,1.799
2026-08-29T02:30Z,15549,gA,1.959
2026-08-29T02:30Z,15549,gP,2.049
2026-08-29T02:30Z,15549,gB,1.769
2026-08-29T02:30Z,15552,g95e5,1.689
2026-08-29T02:30Z,15552,gA,1.829
2026-08-29T02:30Z,15566,gA,1.934
2026-08-29T02:30Z,15566,gP,2.024
2026-08-29T02:30Z,15608,gA,1.954
2026-08-29T02:30Z,15608,gP,2.039
2026-08-29T02:30Z,15625,gA,1.839
2026-08-29T02:30Z,15658,gA,1.989
2026-08-29T02:30Z,15658,gP,2.059
2026-08-29T02:30Z,15667,g95e5,1.729
2026-08-29T02:30Z,15667,gA,2.069
2026-08-29T02:30Z,15667,gP,2.109
2026-08-29T02:30Z,15667,g98e5,1.869
2026-08-29T02:30Z,15669,g95e5,1.649
2026-08-29T02:30Z,15669,gA,1.789
2026-08-29T02:30Z,15675,gA,1.899
2026-08-29T02:30Z,15675,g98e5,1.959
2026-08-29T02:30Z,15676,g95e5,1.809
2026-08-29T02:30Z,15676,gA,1.939
2026-08-29T02:30Z,15676,g98e5,1.979
2026-08-29T02:30Z,15713,g95e5,1.469
2026-08-29T02:30Z,15713,gA,1.599
2026-08-29T02:30Z,15713,gP,1.619
2026-08-29T02:30Z,15713,g98e5,1.569
2026-08-29T02:30Z,15723,gA,1.759
2026-08-29T02:30Z,15723,gP,1.859
2026-08-29T02:30Z,15767,gA,1.729
2026-08-29T02:30Z,15769,gA,1.949
2026-08-29T02:30Z,15769,gP,2.039
2026-08-29T02:30Z,15806,gA,1.999
2026-08-29T02:30Z,15806,gP,2.089
2026-08-29T02:30Z,15830,gA,1.909
2026-08-29T02:30Z,15830,gP,1.999
2026-08-29T02:30Z,15831,g95e5,1.623
2026-08-29T02:30Z,15831,gB,1.411
2026-08-29T02:30Z,15844,gA,1.821
2026-08-29T02:30Z,15844,gB,1.607
2026-08-29T02:30Z,15845,gA,1.965
2026-08-29T02:30Z,15860,gA,1.969
2026-08-29T02:30Z,15887,g95e5,1.749
2026-08-29T02:30Z,15887,gA,1.929
2026-08-29T02:30Z,15940,gA,1.919
2026-08-29T02:30Z,15940,gP,2.009
2026-08-29T02:30Z,15951,gA,1.749
2026-08-29T02:30Z,15951,gP,1.769
2026-08-29T02:30Z,15987,gA,1.739
2026-08-29T02:30Z,16027,g95e5,1.798
2026-08-29T02:30Z,16027,gA,1.935
2026-08-29T02:30Z,16027,gP,1.995
2026-08-29T02:30Z,16027,glp,1.185
2026-08-29T02:30Z,16031,g95e5,1.829
2026-08-29T02:30Z,16031,gA,1.925
2026-08-29T02:30Z,16031,gP,2.015
2026-08-29T02:30Z,16031,g98e5,1.969
2026-08-29T02:30Z,16036,g95e5,1.675
2026-08-29T02:30Z,16042,g95e5,1.769
2026-08-29T02:30Z,16042,gA,1.929
2026-08-29T02:30Z,16042,gP,1.989
2026-08-29T02:30Z,16042,g98e5,1.849
2026-08-29T02:30Z,16059,gA,1.749
2026-08-29T02:30Z,16072,gA,1.909
2026-08-29T02:30Z,16072,gP,1.969
2026-08-29T02:30Z,16072,g98e5,1.989
2026-08-29T02:30Z,16122,gA,1.749
2026-08-29T02:30Z,16132,gA,1.579
2026-08-29T02:30Z,16132,gP,1.699
2026-08-29T02:30Z,16165,gB,1.695
2026-08-29T02:30Z,16187,gA,1.855
2026-08-29T02:30Z,16194,g95e5,1.839
2026-08-29T02:30Z,16194,gA,1.889
2026-08-29T02:30Z,16194,gP,1.929
2026-08-29T02:30Z,16194,g98e5,1.909
2026-08-29T02:30Z,16195,g95e5,1.759
2026-08-29T02:30Z,16195,gA,1.879
2026-08-29T02:30Z,16195,gP,1.909
2026-08-29T02:30Z,16195,g98e5,1.969
2026-08-29T02:30Z,16198,g95e5,1.729
2026-08-29T02:30Z,16205,gA,1.949
2026-08-29T02:30Z,16205,g98e5,1.905
2026-08-29T02:30Z,16205,gB,1.615
2026-08-29T02:30Z,16236,g95e5,1.789
2026-08-29T02:30Z,16236,gA,1.939
2026-08-29T02:30Z,16236,gP,1.959
2026-08-29T02:30Z,16237,g95e5,1.789
2026-08-29T02:30Z,16237,gA,1.829
2026-08-29T02:30Z,16237,gP,1.919
2026-08-29T02:30Z,16237,g98e5,1.879
2026-08-29T02:30Z,16241,gA,1.919
2026-08-29T02:30Z,16243,gA,1.959
2026-08-29T02:30Z,16243,gP,2.029
2026-08-29T02:30Z,16257,gA,1.849
2026-08-29T02:30Z,16257,gB,1.619
2026-08-29T02:30Z,16294,gA,1.835
2026-08-29T02:30Z,16314,g95e5,1.689
2026-08-29T02:30Z,16335,gA,1.809
2026-08-29T02:30Z,16340,gA,1.849
2026-08-29T02:30Z,16353,gA,1.919
2026-08-29T02:30Z,16353,gP,2.009
2026-08-29T02:30Z,16423,gA,1.935
2026-08-29T02:30Z,16423,gP,1.995
2026-08-29T02:30Z,16423,g98e5,1.919
2026-08-29T02:30Z,16455,g95e5,1.649
2026-08-29T02:30Z,16455,gA,1.789
2026-08-29T02:30Z,16461,g95e5,1.815
2026-08-29T02:30Z,16486,gA,1.797
2026-08-29T02:30Z,16486,gP,1.817
