ts,id,combustible,precio
2026-10-02T01:08Z,3,g95e5,1.845
2026-10-02T01:08Z,3,gP,2.075
2026-10-02T01:08Z,3,g98e5,1.995
2026-10-02T01:08Z,6,gA,2.024
2026-10-02T01:08Z,6,gP,2.139
2026-10-02T01:08Z,16,g95e5,1.855
2026-10-02T01:08Z,16,g98e5,2.025
2026-10-02T01:08Z,19,g95e5,1.835
2026-10-02T01:08Z,19,gA,1.999
2026-10-02T01:08Z,19,gP,2.089
2026-10-02T01:08Z,19,g98e5,1.975
2026-10-02T01:08Z,27,gA,2.049
2026-10-02T01:08Z,27,gP,2.139
2026-10-02T01:08Z,29,gA,1.984
2026-10-02T01:08Z,29,gP,2.034
2026-10-02T01:08Z,45,gA,2.019
2026-10-02T01:08Z,45,gP,2.119
2026-10-02T01:08Z,46,g98e5,2.029
2026-10-02T01:08Z,47,g95e5,1.859
2026-10-02T01:08Z,47,gP,2.059
2026-10-02T01:08Z,47,g95e5p,1.929
2026-10-02T01:08Z,48,g95e5,1.845
2026-10-02T01:08Z,48,g98e5,1.995
2026-10-02T01:08Z,48,gB,1.929
2026-10-02T01:08Z,49,g95e5,1.845
2026-10-02T01:08Z,49,g98e5,1.995
2026-10-02T01:08Z,49,gB,1.929
2026-10-02T01:08Z,51,g98e5,2.009
2026-10-02T01:08Z,51,gB,1.899
2026-10-02T01:08Z,52,g95e5,1.839
2026-10-02T01:08Z,52,gA,2.039
2026-10-02T01:08Z,52,gP,2.099
2026-10-02T01:08Z,52,g98e5,1.959
2026-10-02T01:08Z,55,gA,2.025
2026-10-02T01:08Z,55,gP,2.135
2026-10-02T01:08Z,55,g98e5,2.015
2026-10-02T01:08Z,55,gB,1.895
2026-10-02T01:08Z,57,gP,2.119
2026-10-02T01:08Z,57,g98e5,2.009
2026-10-02T01:08Z,59,g95e5,1.855
2026-10-02T01:08Z,59,gA,2.019
2026-10-02T01:08Z,59,g98e5,2.025
2026-10-02T01:08Z,60,g95e5,1.855
2026-10-02T01:08Z,60,gP,2.105
2026-10-02T01:08Z,60,g98e5,1.975
2026-10-02T01:08Z,61,g98e5,2.029
2026-10-02T01:08Z,63,gP,2.105
2026-10-02T01:08Z,63,g98e5,1.995
2026-10-02T01:08Z,64,g95e5,1.839
2026-10-02T01:08Z,64,gP,2.099
2026-10-02T01:08Z,64,g98e5,2.009
2026-10-02T01:08Z,65,g98e5,2.019
2026-10-02T01:08Z,67,gA,1.959
2026-10-02T01:08Z,67,gP,2.009
2026-10-02T01:08Z,68,gA,1.959
2026-10-02T01:08Z,68,gP,2.009
2026-10-02T01:08Z,74,g95e5,1.799
2026-10-02T01:08Z,74,gA,1.999
2026-10-02T01:08Z,74,gP,2.089
2026-10-02T01:08Z,74,g98e5,1.939
2026-10-02T01:08Z,77,gA,2.024
2026-10-02T01:08Z,77,gP,2.139
2026-10-02T01:08Z,78,gA,2.024
2026-10-02T01:08Z,78,gP,2.074
2026-10-02T01:08Z,79,gA,2.035
2026-10-02T01:08Z,79,g98e5,1.995
2026-10-02T01:08Z,80,g95e5,1.839
2026-10-02T01:08Z,80,g98e5,2.009
2026-10-02T01:08Z,83,gP,2.099
2026-10-02T01:08Z,83,gB,1.899
2026-10-02T01:08Z,84,g98e5,1.979
2026-10-02T01:08Z,86,g98e5,2.009
2026-10-02T01:08Z,88,g95e5,1.879
2026-10-02T01:08Z,88,g98e5,1.999
2026-10-02T01:08Z,93,gA,2.029
2026-10-02T01:08Z,93,gP,2.089
2026-10-02T01:08Z,93,g98e5,1.985
2026-10-02T01:08Z,97,g98e5,2.009
2026-10-02T01:08Z,100,g95e5,1.855
2026-10-02T01:08Z,100,gP,2.129
2026-10-02T01:08Z,101,gA,2.015
2026-10-02T01:08Z,101,gP,2.125
2026-10-02T01:08Z,101,g98e5,2.009
2026-10-02T01:08Z,101,gB,1.895
2026-10-02T01:08Z,103,g98e5,2.029
2026-10-02T01:08Z,104,g98e5,1.985
2026-10-02T01:08Z,105,g98e5,1.985
2026-10-02T01:08Z,106,g98e5,1.985
2026-10-02T01:08Z,107,g98e5,1.985
2026-10-02T01:08Z,110,gA,2.024
2026-10-02T01:08Z,110,gP,2.139
2026-10-02T01:08Z,111,g95e5,1.875
2026-10-02T01:08Z,111,g98e5,2.045
2026-10-02T01:08Z,112,g95e5,1.875
2026-10-02T01:08Z,112,g98e5,2.045
2026-10-02T01:08Z,118,g98e5,2.029
2026-10-02T01:08Z,121,g98e5,2.029
2026-10-02T01:08Z,125,gA,2.024
2026-10-02T01:08Z,125,gP,2.139
2026-10-02T01:08Z,126,gA,2.024
2026-10-02T01:08Z,126,gP,2.139
2026-10-02T01:08Z,127,gP,2.105
2026-10-02T01:08Z,127,g98e5,1.989
2026-10-02T01:08Z,128,g98e5,1.989
2026-10-02T01:08Z,130,g98e5,1.959
2026-10-02T01:08Z,133,g95e5,1.865
2026-10-02T01:08Z,133,gA,2.009
2026-10-02T01:08Z,133,g98e5,1.985
2026-10-02T01:08Z,134,g98e5,1.975
2026-10-02T01:08Z,136,g95e5,1.875
2026-10-02T01:08Z,136,g98e5,1.995
2026-10-02T01:08Z,137,gP,2.105
2026-10-02T01:08Z,138,g95e5,1.839
2026-10-02T01:08Z,138,gB,1.935
2026-10-02T01:08Z,139,g95e5,1.839
2026-10-02T01:08Z,139,gP,2.105
2026-10-02T01:08Z,139,g98e5,2.009
2026-10-02T01:08Z,140,g98e5,2.029
2026-10-02T01:08Z,141,gA,2.029
2026-10-02T01:08Z,141,gP,2.089
2026-10-02T01:08Z,141,g98e5,1.979
2026-10-02T01:08Z,142,g95e5,1.885
2026-10-02T01:08Z,142,g98e5,2.005
2026-10-02T01:08Z,143,g98e5,1.979
2026-10-02T01:08Z,145,gA,2.024
2026-10-02T01:08Z,145,gP,2.139
2026-10-02T01:08Z,146,gA,2.024
2026-10-02T01:08Z,146,gP,2.139
2026-10-02T01:08Z,163,g95e5,1.739
2026-10-02T01:08Z,164,g95e5,1.825
2026-10-02T01:08Z,164,gA,1.965
2026-10-02T01:08Z,164,gP,2.055
2026-10-02T01:08Z,165,gA,2.004
2026-10-02T01:08Z,169,g98e5,1.999
2026-10-02T01:08Z,170,g95e5,1.825
2026-10-02T01:08Z,170,gA,1.965
2026-10-02T01:08Z,170,gP,2.055
2026-10-02T01:08Z,170,g98e5,1.965
2026-10-02T01:08Z,172,g95e5,1.845
2026-10-02T01:08Z,172,gA,1.969
2026-10-02T01:08Z,172,gP,2.059
2026-10-02T01:08Z,172,g98e5,1.985
2026-10-02T01:08Z,175,g98e5,2.005
2026-10-02T01:08Z,177,g95e5,1.879
2026-10-02T01:08Z,177,g98e5,2.009
2026-10-02T01:08Z,178,g95e5,1.879
2026-10-02T01:08Z,178,g98e5,2.009
2026-10-02T01:08Z,180,g95e5,1.839
2026-10-02T01:08Z,180,gA,1.975
2026-10-02T01:08Z,180,gB,1.905
2026-10-02T01:08Z,181,g95e5,1.835
2026-10-02T01:08Z,181,g98e5,1.955
2026-10-02T01:08Z,182,g95e5,1.835
2026-10-02T01:08Z,183,g98e5,1.999
2026-10-02T01:08Z,185,g98e5,2.005
2026-10-02T01:08Z,186,g98e5,1.985
2026-10-02T01:08Z,187,g95e5,1.869
2026-10-02T01:08Z,187,gA,2.015
2026-10-02T01:08Z,188,g98e5,2.035
2026-10-02T01:08Z,193,g95e5,1.869
2026-10-02T01:08Z,200,g95e5,1.845
2026-10-02T01:08Z,200,g98e5,1.965
2026-10-02T01:08Z,201,g98e5,1.959
2026-10-02T01:08Z,202,g98e5,1.959
2026-10-02T01:08Z,203,g98e5,1.969
2026-10-02T01:08Z,204,g98e5,1.969
2026-10-02T01:08Z,206,g95e5,1.845
2026-10-02T01:08Z,206,g98e5,1.965
2026-10-02T01:08Z,209,g95e5,1.839
2026-10-02T01:08Z,209,g98e5,1.959
2026-10-02T01:08Z,209,gB,1.925
2026-10-02T01:08Z,211,gA,2.005
2026-10-02T01:08Z,211,g98e5,1.999
2026-10-02T01:08Z,216,gA,2.005
2026-10-02T01:08Z,227,g95e5,1.865
2026-10-02T01:08Z,227,gA,2.009
2026-10-02T01:08Z,228,gA,2.009
2026-10-02T01:08Z,228,g98e5,2.049
2026-10-02T01:08Z,229,g98e5,1.979
2026-10-02T01:08Z,232,g95e5,1.879
2026-10-02T01:08Z,232,gA,1.999
2026-10-02T01:08Z,232,g98e5,1.989
2026-10-02T01:08Z,232,g95e5p,1.959
2026-10-02T01:08Z,233,g95e5,1.879
2026-10-02T01:08Z,233,gA,1.999
2026-10-02T01:08Z,233,g98e5,1.989
2026-10-02T01:08Z,233,g95e5p,1.959
2026-10-02T01:08Z,234,g95e5,1.849
2026-10-02T01:08Z,234,gA,1.975
2026-10-02T01:08Z,234,g98e5,1.979
2026-10-02T01:08Z,237,g95e5,1.855
2026-10-02T01:08Z,237,gA,1.979
2026-10-02T01:08Z,239,g98e5,1.975
2026-10-02T01:08Z,240,g98e5,1.975
2026-10-02T01:08Z,241,g95e5,1.879
2026-10-02T01:08Z,241,g98e5,1.999
2026-10-02T01:08Z,242,g98e5,1.959
2026-10-02T01:08Z,243,g98e5,1.999
2026-10-02T01:08Z,245,g98e5,1.969
2026-10-02T01:08Z,246,g98e5,1.959
2026-10-02T01:08Z,247,gA,1.995
2026-10-02T01:08Z,247,gP,2.069
2026-10-02T01:08Z,258,g95e5,1.895
2026-10-02T01:08Z,270,g95e5,1.939
2026-10-02T01:08Z,270,gA,1.979
2026-10-02T01:08Z,270,gP,2.039
2026-10-02T01:08Z,270,g98e5,2.059
2026-10-02T01:08Z,275,g95e5,1.711
2026-10-02T01:08Z,275,g98e5,1.877
2026-10-02T01:08Z,300,g95e5,1.839
2026-10-02T01:08Z,300,gA,1.979
2026-10-02T01:08Z,300,gP,2.059
2026-10-02T01:08Z,300,g98e5,1.959
2026-10-02T01:08Z,302,g95e5,1.899
2026-10-02T01:08Z,302,g98e5,1.899
2026-10-02T01:08Z,308,g95e5,1.769
2026-10-02T01:08Z,308,g95e5p,1.819
2026-10-02T01:08Z,310,g95e5,1.809
2026-10-02T01:08Z,310,g98e5,1.899
2026-10-02T01:08Z,325,gP,2.079
2026-10-02T01:08Z,330,g95e5,1.839
2026-10-02T01:08Z,330,gA,2.009
2026-10-02T01:08Z,330,gP,2.093
2026-10-02T01:08Z,330,g98e5,1.999
2026-10-02T01:08Z,332,gA,2.009
2026-10-02T01:08Z,332,gP,2.069
2026-10-02T01:08Z,332,g98e5,1.975
2026-10-02T01:08Z,334,gA,1.969
2026-10-02T01:08Z,334,gP,2.079
2026-10-02T01:08Z,334,gB,1.829
2026-10-02T01:08Z,335,gP,2.085
2026-10-02T01:08Z,335,g98e5,1.925
2026-10-02T01:08Z,336,g95e5,1.845
2026-10-02T01:08Z,336,gP,2.095
2026-10-02T01:08Z,336,g98e5,1.965
2026-10-02T01:08Z,337,gP,2.049
2026-10-02T01:08Z,337,g98e5,1.959
2026-10-02T01:08Z,338,g98e5,1.965
2026-10-02T01:08Z,340,gP,2.049
2026-10-02T01:08Z,340,g98e5,1.959
2026-10-02T01:08Z,348,gP,2.119
2026-10-02T01:08Z,348,g98e5,1.915
2026-10-02T01:08Z,348,gB,1.865
2026-10-02T01:08Z,356,gP,2.095
2026-10-02T01:08Z,356,g98e5,1.969
2026-10-02T01:08Z,374,g95e5,1.805
2026-10-02T01:08Z,375,g95e5,1.805
2026-10-02T01:08Z,378,g95e5,1.835
2026-10-02T01:08Z,378,gA,2.039
2026-10-02T01:08Z,378,gP,2.099
2026-10-02T01:08Z,378,g98e5,1.955
2026-10-02T01:08Z,380,g95e5,1.805
2026-10-02T01:08Z,380,gA,2.049
2026-10-02T01:08Z,380,g98e5,1.975
2026-10-02T01:08Z,380,gB,1.869
2026-10-02T01:08Z,381,g95e5,1.805
2026-10-02T01:08Z,381,gB,1.879
2026-10-02T01:08Z,383,g95e5,1.805
2026-10-02T01:08Z,383,g98e5,1.925
2026-10-02T01:08Z,383,gB,1.929
2026-10-02T01:08Z,384,g95e5,1.855
2026-10-02T01:08Z,384,gA,2.035
2026-10-02T01:08Z,384,g98e5,2.025
2026-10-02T01:08Z,384,gB,1.895
2026-10-02T01:08Z,385,gA,2.018
2026-10-02T01:08Z,385,gP,2.119
2026-10-02T01:08Z,386,g95e5,1.809
2026-10-02T01:08Z,386,gA,2.045
2026-10-02T01:08Z,386,gP,2.135
2026-10-02T01:08Z,389,g95e5,1.805
2026-10-02T01:08Z,389,gA,2.045
2026-10-02T01:08Z,389,gP,2.105
2026-10-02T01:08Z,389,gB,1.929
2026-10-02T01:08Z,390,g95e5,1.869
2026-10-02T01:08Z,390,gP,2.119
2026-10-02T01:08Z,390,g98e5,1.989
2026-10-02T01:08Z,390,gB,1.929
2026-10-02T01:08Z,391,gB,1.869
2026-10-02T01:08Z,397,g95e5,1.869
2026-10-02T01:08Z,397,gA,2.059
2026-10-02T01:08Z,397,gP,2.119
2026-10-02T01:08Z,397,gB,1.925
2026-10-02T01:08Z,398,g95e5,1.825
2026-10-02T01:08Z,398,gP,2.115
2026-10-02T01:08Z,398,g98e5,1.945
2026-10-02T01:08Z,399,g95e5,1.805
2026-10-02T01:08Z,401,g95e5,1.805
2026-10-02T01:08Z,401,gP,2.105
2026-10-02T01:08Z,401,gB,1.929
2026-10-02T01:08Z,406,gP,2.105
2026-10-02T01:08Z,406,g98e5,1.949
2026-10-02T01:08Z,407,g95e5,1.859
2026-10-02T01:08Z,407,g98e5,1.979
2026-10-02T01:08Z,410,gP,2.075
2026-10-02T01:08Z,410,g98e5,1.975
2026-10-02T01:08Z,411,gP,2.075
2026-10-02T01:08Z,411,g98e5,1.975
2026-10-02T01:08Z,413,g95e5,1.869
2026-10-02T01:08Z,413,g98e5,1.989
2026-10-02T01:08Z,416,gA,2.014
2026-10-02T01:08Z,416,gP,2.094
2026-10-02T01:08Z,417,gA,2.014
2026-10-02T01:08Z,417,gP,2.094
2026-10-02T01:08Z,418,gA,2.024
2026-10-02T01:08Z,418,gP,2.099
2026-10-02T01:08Z,418,gB,1.858
2026-10-02T01:08Z,425,gA,2.014
2026-10-02T01:08Z,425,gP,2.089
2026-10-02T01:08Z,436,gA,1.964
2026-10-02T01:08Z,436,gP,2.014
2026-10-02T01:08Z,437,g95e5,1.928
2026-10-02T01:08Z,437,g98e5,2.077
2026-10-02T01:08Z,442,g95e5,1.829
2026-10-02T01:08Z,442,gA,1.955
2026-10-02T01:08Z,442,g98e5,1.999
2026-10-02T01:08Z,443,g98e5,2.009
2026-10-02T01:08Z,446,g95e5,1.849
2026-10-02T01:08Z,446,g98e5,2.019
2026-10-02T01:08Z,450,g95e5,1.759
2026-10-02T01:08Z,450,gP,2.099
2026-10-02T01:08Z,450,g98e5,1.979
2026-10-02T01:08Z,457,gP,2.059
2026-10-02T01:08Z,457,g98e5,1.965
2026-10-02T01:08Z,459,g95e5,1.845
2026-10-02T01:08Z,459,g98e5,2.015
2026-10-02T01:08Z,459,g95e5p,1.915
2026-10-02T01:08Z,468,g95e5,1.835
2026-10-02T01:08Z,468,gA,1.999
2026-10-02T01:08Z,468,g98e5,2.005
2026-10-02T01:08Z,472,g95e5,1.819
2026-10-02T01:08Z,473,g98e5,1.989
2026-10-02T01:08Z,474,g95e5,1.899
2026-10-02T01:08Z,474,gA,1.959
2026-10-02T01:08Z,474,g98e5,2.149
2026-10-02T01:08Z,479,g95e5,1.799
2026-10-02T01:08Z,479,g98e5,1.969
2026-10-02T01:08Z,479,gB,1.885
2026-10-02T01:08Z,480,gP,2.059
2026-10-02T01:08Z,480,g98e5,1.965
2026-10-02T01:08Z,481,gP,2.075
2026-10-02T01:08Z,481,g98e5,2.005
2026-10-02T01:08Z,482,g95e5,1.815
2026-10-02T01:08Z,482,gA,1.955
2026-10-02T01:08Z,492,gP,2.085
2026-10-02T01:08Z,492,gB,1.859
2026-10-02T01:08Z,495,g98e5,1.969
2026-10-02T01:08Z,496,gP,2.085
2026-10-02T01:08Z,496,gB,1.885
2026-10-02T01:08Z,499,gA,1.994
2026-10-02T01:08Z,499,gP,2.059
2026-10-02T01:08Z,499,gB,1.868
2026-10-02T01:08Z,504,g98e5,1.985
2026-10-02T01:08Z,504,gB,1.839
2026-10-02T01:08Z,506,gA,1.964
2026-10-02T01:08Z,506,gP,2.039
2026-10-02T01:08Z,509,g95e5,1.859
2026-10-02T01:08Z,509,gA,1.969
2026-10-02T01:08Z,509,gP,2.039
2026-10-02T01:08Z,513,gA,1.999
2026-10-02T01:08Z,513,gP,2.049
2026-10-02T01:08Z,514,gA,1.994
2026-10-02T01:08Z,514,gP,2.079
2026-10-02T01:08Z,515,gA,1.994
2026-10-02T01:08Z,515,gP,2.079
2026-10-02T01:08Z,521,g98e5,1.969
2026-10-02T01:08Z,521,gB,1.879
2026-10-02T01:08Z,524,gP,2.059
2026-10-02T01:08Z,524,gB,1.885
2026-10-02T01:08Z,527,g98e5,1.969
2026-10-02T01:08Z,527,gB,1.859
2026-10-02T01:08Z,535,g95e5,1.795
2026-10-02T01:08Z,535,gB,1.839
2026-10-02T01:08Z,536,gA,1.989
2026-10-02T01:08Z,536,g98e5,2.005
2026-10-02T01:08Z,537,g95e5,1.809
2026-10-02T01:08Z,537,gB,1.859
2026-10-02T01:08Z,538,gA,2.014
2026-10-02T01:08Z,538,gP,2.074
2026-10-02T01:08Z,539,gA,2.014
2026-10-02T01:08Z,539,gP,2.099
2026-10-02T01:08Z,543,g95e5,1.859
2026-10-02T01:08Z,543,g95e5p,1.909
2026-10-02T01:08Z,544,g98e5,1.995
2026-10-02T01:08Z,544,gB,1.859
2026-10-02T01:08Z,549,g98e5,1.955
2026-10-02T01:08Z,551,g95e5,1.805
2026-10-02T01:08Z,551,g98e5,1.975
2026-10-02T01:08Z,552,gA,1.994
2026-10-02T01:08Z,552,gP,2.044
2026-10-02T01:08Z,552,gB,1.868
2026-10-02T01:08Z,553,gA,1.999
2026-10-02T01:08Z,554,gP,2.089
2026-10-02T01:08Z,554,g98e5,1.975
2026-10-02T01:08Z,556,gB,1.869
2026-10-02T01:08Z,557,gA,1.974
2026-10-02T01:08Z,557,gP,2.049
2026-10-02T01:08Z,558,gA,1.974
2026-10-02T01:08Z,558,gP,2.049
2026-10-02T01:08Z,561,g98e5,2.015
2026-10-02T01:08Z,566,g98e5,2.015
2026-10-02T01:08Z,573,g95e5,1.815
2026-10-02T01:08Z,573,gA,2.005
2026-10-02T01:08Z,573,gP,2.115
2026-10-02T01:08Z,573,g98e5,1.985
2026-10-02T01:08Z,573,gB,1.909
2026-10-02T01:08Z,576,gA,2.015
2026-10-02T01:08Z,576,gP,2.125
2026-10-02T01:08Z,576,g98e5,1.969
2026-10-02T01:08Z,576,gB,1.895
2026-10-02T01:08Z,577,gA,2.019
2026-10-02T01:08Z,577,g98e5,1.975
2026-10-02T01:08Z,580,g98e5,1.975
2026-10-02T01:08Z,580,gB,1.859
2026-10-02T01:08Z,584,g95e5,1.825
2026-10-02T01:08Z,584,gP,2.085
2026-10-02T01:08Z,584,g98e5,1.995
2026-10-02T01:08Z,585,g98e5,2.029
2026-10-02T01:08Z,585,gB,1.879
2026-10-02T01:08Z,586,g95e5,1.819
2026-10-02T01:08Z,586,gP,2.075
2026-10-02T01:08Z,586,g98e5,1.939
2026-10-02T01:08Z,586,gB,1.845
2026-10-02T01:08Z,589,g95e5,1.849
2026-10-02T01:08Z,589,gA,1.975
2026-10-02T01:08Z,589,g98e5,2.019
2026-10-02T01:08Z,589,gB,1.875
2026-10-02T01:08Z,596,gP,2.049
2026-10-02T01:08Z,596,g98e5,1.985
2026-10-02T01:08Z,597,gA,2.019
2026-10-02T01:08Z,597,gB,1.889
2026-10-02T01:08Z,601,g95e5,1.829
2026-10-02T01:08Z,601,gP,2.035
2026-10-02T01:08Z,601,g98e5,1.999
2026-10-02T01:08Z,604,gP,2.065
2026-10-02T01:08Z,604,g98e5,1.979
2026-10-02T01:08Z,608,gP,2.085
2026-10-02T01:08Z,608,gB,1.899
2026-10-02T01:08Z,609,g95e5,1.809
2026-10-02T01:08Z,609,gA,1.989
2026-10-02T01:08Z,609,g98e5,1.979
2026-10-02T01:08Z,609,gB,1.915
2026-10-02T01:08Z,614,gP,2.095
2026-10-02T01:08Z,614,g98e5,1.965
2026-10-02T01:08Z,614,gB,1.839
2026-10-02T01:08Z,615,g98e5,1.965
2026-10-02T01:08Z,620,g95e5,1.845
2026-10-02T01:08Z,620,g98e5,2.015
2026-10-02T01:08Z,622,gA,1.955
2026-10-02T01:08Z,622,gB,1.845
2026-10-02T01:08Z,623,gB,1.855
2026-10-02T01:08Z,626,gA,1.949
2026-10-02T01:08Z,626,g98e5,2.019
2026-10-02T01:08Z,629,g95e5,1.815
2026-10-02T01:08Z,629,gA,1.989
2026-10-02T01:08Z,629,gP,2.049
2026-10-02T01:08Z,629,gB,1.859
2026-10-02T01:08Z,630,g95e5,1.805
2026-10-02T01:08Z,630,gP,2.035
2026-10-02T01:08Z,630,g98e5,1.975
2026-10-02T01:08Z,630,gB,1.915
2026-10-02T01:08Z,634,g95e5,1.795
2026-10-02T01:08Z,634,gA,1.999
2026-10-02T01:08Z,634,g98e5,1.915
2026-10-02T01:08Z,637,g95e5,1.849
2026-10-02T01:08Z,637,gA,1.999
2026-10-02T01:08Z,637,gP,2.099
2026-10-02T01:08Z,641,g95e5,1.759
2026-10-02T01:08Z,641,g98e5,1.979
2026-10-02T01:08Z,643,gA,2.015
2026-10-02T01:08Z,643,gP,2.075
2026-10-02T01:08Z,643,g98e5,1.919
2026-10-02T01:08Z,647,g98e5,1.975
2026-10-02T01:08Z,648,gB,1.885
2026-10-02T01:08Z,650,gP,2.105
2026-10-02T01:08Z,650,g98e5,2.005
2026-10-02T01:08Z,651,g98e5,2.005
2026-10-02T01:08Z,652,g95e5,1.839
2026-10-02T01:08Z,652,gA,1.989
2026-10-02T01:08Z,652,gP,2.079
2026-10-02T01:08Z,652,g95e5p,1.889
2026-10-02T01:08Z,665,g95e5,1.839
2026-10-02T01:08Z,665,g98e5,1.959
2026-10-02T01:08Z,674,gP,1.929
2026-10-02T01:08Z,675,g95e5,1.709
2026-10-02T01:08Z,675,gA,1.829
2026-10-02T01:08Z,675,gP,1.879
2026-10-02T01:08Z,675,g95e5p,1.759
2026-10-02T01:08Z,681,gA,1.994
2026-10-02T01:08Z,681,gP,2.044
2026-10-02T01:08Z,686,gA,1.964
2026-10-02T01:08Z,686,gP,2.039
2026-10-02T01:08Z,686,gB,1.868
2026-10-02T01:08Z,687,gA,1.964
2026-10-02T01:08Z,687,gP,2.039
2026-10-02T01:08Z,687,gB,1.868
2026-10-02T01:08Z,698,gA,2.005
2026-10-02T01:08Z,710,gP,2.079
2026-10-02T01:08Z,710,g98e5,1.965
2026-10-02T01:08Z,711,gA,2.029
2026-10-02T01:08Z,712,g95e5,1.829
2026-10-02T01:08Z,712,gP,2.085
2026-10-02T01:08Z,712,g98e5,1.949
2026-10-02T01:08Z,713,gA,1.979
2026-10-02T01:08Z,713,gP,2.089
2026-10-02T01:08Z,713,g98e5,1.965
2026-10-02T01:08Z,713,gB,1.825
2026-10-02T01:08Z,715,g95e5,1.809
2026-10-02T01:08Z,715,gP,2.075
2026-10-02T01:08Z,715,g98e5,1.979
2026-10-02T01:08Z,715,gB,1.885
2026-10-02T01:08Z,716,g98e5,1.925
2026-10-02T01:08Z,717,g95e5,1.829
2026-10-02T01:08Z,717,gA,2.009
2026-10-02T01:08Z,717,gP,2.059
2026-10-02T01:08Z,717,g98e5,1.939
2026-10-02T01:08Z,718,g95e5,1.829
2026-10-02T01:08Z,718,gA,2.009
2026-10-02T01:08Z,718,gP,2.059
2026-10-02T01:08Z,718,g98e5,1.939
2026-10-02T01:08Z,720,gA,1.979
2026-10-02T01:08Z,720,gP,2.029
2026-10-02T01:08Z,722,g95e5,1.999
2026-10-02T01:08Z,722,gA,2.029
2026-10-02T01:08Z,722,gP,2.128
2026-10-02T01:08Z,722,g98e5,2.198
2026-10-02T01:08Z,723,g95e5,1.845
2026-10-02T01:08Z,723,g98e5,1.965
2026-10-02T01:08Z,725,gP,2.095
2026-10-02T01:08Z,725,g98e5,1.969
2026-10-02T01:08Z,728,gP,2.079
2026-10-02T01:08Z,728,gB,1.825
2026-10-02T01:08Z,730,g95e5,1.805
2026-10-02T01:08Z,730,g98e5,1.965
2026-10-02T01:08Z,739,gA,1.969
2026-10-02T01:08Z,739,g98e5,1.965
2026-10-02T01:08Z,739,gB,1.879
2026-10-02T01:08Z,743,gA,2.029
2026-10-02T01:08Z,743,gP,2.139
2026-10-02T01:08Z,744,g95e5,1.958
2026-10-02T01:08Z,744,g98e5,2.108
2026-10-02T01:08Z,751,g95e5,1.849
2026-10-02T01:08Z,751,gA,2.029
2026-10-02T01:08Z,751,g98e5,1.949
2026-10-02T01:08Z,754,gP,2.129
2026-10-02T01:08Z,754,g98e5,1.999
2026-10-02T01:08Z,756,gP,2.095
2026-10-02T01:08Z,756,g98e5,1.969
2026-10-02T01:08Z,761,g95e5,1.845
2026-10-02T01:08Z,761,gA,1.985
2026-10-02T01:08Z,761,gP,2.055
2026-10-02T01:08Z,761,g98e5,1.965
2026-10-02T01:08Z,765,gP,2.045
2026-10-02T01:08Z,765,g98e5,1.965
2026-10-02T01:08Z,766,gP,2.045
2026-10-02T01:08Z,766,g98e5,1.965
2026-10-02T01:08Z,773,gP,2.079
2026-10-02T01:08Z,773,gB,1.869
2026-10-02T01:08Z,775,gP,2.039
2026-10-02T01:08Z,775,g98e5,1.915
2026-10-02T01:08Z,775,gB,1.825
2026-10-02T01:08Z,780,gP,2.069
2026-10-02T01:08Z,780,g98e5,1.915
2026-10-02T01:08Z,781,gP,2.129
2026-10-02T01:08Z,781,g98e5,1.999
2026-10-02T01:08Z,782,g95e5,1.795
2026-10-02T01:08Z,782,gA,1.975
2026-10-02T01:08Z,782,g98e5,1.915
2026-10-02T01:08Z,786,g95e5,1.939
2026-10-02T01:08Z,786,gA,1.979
2026-10-02T01:08Z,786,gP,2.079
2026-10-02T01:08Z,786,g98e5,2.089
2026-10-02T01:08Z,787,g95e5,1.939
2026-10-02T01:08Z,787,gA,1.979
2026-10-02T01:08Z,788,g95e5,1.795
2026-10-02T01:08Z,788,gP,2.029
2026-10-02T01:08Z,788,g98e5,1.945
2026-10-02T01:08Z,788,gB,1.859
2026-10-02T01:08Z,789,gP,2.075
2026-10-02T01:08Z,790,gP,2.075
2026-10-02T01:08Z,790,g98e5,1.995
2026-10-02T01:08Z,792,g95e5,1.948
2026-10-02T01:08Z,792,g98e5,2.058
2026-10-02T01:08Z,793,g95e5,1.829
2026-10-02T01:08Z,793,gA,1.989
2026-10-02T01:08Z,795,gA,1.984
2026-10-02T01:08Z,795,gP,2.059
2026-10-02T01:08Z,797,gA,2.029
2026-10-02T01:08Z,797,gP,2.089
2026-10-02T01:08Z,799,gA,1.985
2026-10-02T01:08Z,799,g98e5,1.965
2026-10-02T01:08Z,802,gP,2.079
2026-10-02T01:08Z,802,gB,1.885
2026-10-02T01:08Z,809,g95e5,1.855
2026-10-02T01:08Z,809,gP,2.079
2026-10-02T01:08Z,809,g98e5,2.025
2026-10-02T01:08Z,811,g95e5,1.849
2026-10-02T01:08Z,811,g98e5,1.999
2026-10-02T01:08Z,811,gB,1.835
2026-10-02T01:08Z,813,gA,2.024
2026-10-02T01:08Z,813,gP,2.079
2026-10-02T01:08Z,814,gA,2.024
2026-10-02T01:08Z,814,gP,2.079
2026-10-02T01:08Z,820,g95e5,1.899
2026-10-02T01:08Z,824,gA,1.999
2026-10-02T01:08Z,824,gP,2.079
2026-10-02T01:08Z,826,gA,2.015
2026-10-02T01:08Z,826,gP,2.125
2026-10-02T01:08Z,826,g98e5,1.989
2026-10-02T01:08Z,827,g95e5,1.835
2026-10-02T01:08Z,827,gP,2.055
2026-10-02T01:08Z,827,g98e5,1.955
2026-10-02T01:08Z,831,g95e5,1.829
2026-10-02T01:08Z,831,g95e5p,1.879
2026-10-02T01:08Z,832,g95e5,1.899
2026-10-02T01:08Z,833,g95e5,1.815
2026-10-02T01:08Z,833,gP,2.075
2026-10-02T01:08Z,833,g98e5,1.945
2026-10-02T01:08Z,833,g95e5p,1.875
2026-10-02T01:08Z,833,gB,1.809
2026-10-02T01:08Z,834,gA,1.999
2026-10-02T01:08Z,834,gP,1.999
2026-10-02T01:08Z,837,gP,2.075
2026-10-02T01:08Z,837,g98e5,1.995
2026-10-02T01:08Z,838,g95e5,1.809
2026-10-02T01:08Z,838,gP,2.029
2026-10-02T01:08Z,838,g98e5,1.979
2026-10-02T01:08Z,840,g95e5,1.795
2026-10-02T01:08Z,840,g98e5,1.905
2026-10-02T01:08Z,840,gB,1.859
2026-10-02T01:08Z,842,gA,2.009
2026-10-02T01:08Z,842,gP,2.069
2026-10-02T01:08Z,842,g98e5,1.969
2026-10-02T01:08Z,844,g95e5,1.809
2026-10-02T01:08Z,844,gA,1.979
2026-10-02T01:08Z,844,gP,2.089
2026-10-02T01:08Z,844,g98e5,1.979
2026-10-02T01:08Z,844,g95e5p,1.879
2026-10-02T01:08Z,847,g95e5,1.805
2026-10-02T01:08Z,847,gP,2.095
2026-10-02T01:08Z,847,g98e5,1.925
2026-10-02T01:08Z,847,g95e5p,1.875
2026-10-02T01:08Z,848,g95e5,1.805
2026-10-02T01:08Z,848,gP,2.095
2026-10-02T01:08Z,848,g98e5,1.925
2026-10-02T01:08Z,848,gB,1.829
2026-10-02T01:08Z,849,g95e5,1.835
2026-10-02T01:08Z,849,gA,1.985
2026-10-02T01:08Z,849,gP,2.045
2026-10-02T01:08Z,849,g98e5,1.975
2026-10-02T01:08Z,849,gB,1.835
2026-10-02T01:08Z,851,g95e5,1.795
2026-10-02T01:08Z,851,gP,2.045
2026-10-02T01:08Z,851,g98e5,1.965
2026-10-02T01:08Z,852,g95e5,1.795
2026-10-02T01:08Z,852,gP,2.045
2026-10-02T01:08Z,852,g98e5,1.965
2026-10-02T01:08Z,862,g95e5,1.869
2026-10-02T01:08Z,862,gA,2.005
2026-10-02T01:08Z,862,gP,2.095
2026-10-02T01:08Z,862,g98e5,2.009
2026-10-02T01:08Z,864,gA,2.035
2026-10-02T01:08Z,864,gP,2.125
2026-10-02T01:08Z,873,gA,2.015
2026-10-02T01:08Z,889,gP,2.065
2026-10-02T01:08Z,889,g98e5,1.969
2026-10-02T01:08Z,893,g95e5,1.855
2026-10-02T01:08Z,893,gP,2.105
2026-10-02T01:08Z,893,g98e5,1.975
2026-10-02T01:08Z,893,gB,1.869
2026-10-02T01:08Z,894,g95e5,1.829
2026-10-02T01:08Z,894,gP,2.065
2026-10-02T01:08Z,894,g98e5,1.959
2026-10-02T01:08Z,895,g95e5,1.805
2026-10-02T01:08Z,895,gA,2.015
2026-10-02T01:08Z,895,g98e5,1.975
2026-10-02T01:08Z,895,gB,1.869
2026-10-02T01:08Z,900,g98e5,1.979
2026-10-02T01:08Z,901,g98e5,1.929
2026-10-02T01:08Z,904,g95e5,1.835
2026-10-02T01:08Z,904,gP,2.065
2026-10-02T01:08Z,907,g95e5,1.865
2026-10-02T01:08Z,907,gA,2.005
2026-10-02T01:08Z,908,g95e5,1.855
2026-10-02T01:08Z,908,gP,2.155
2026-10-02T01:08Z,908,g98e5,1.975
2026-10-02T01:08Z,909,g95e5,1.869
2026-10-02T01:08Z,909,gA,2.009
2026-10-02T01:08Z,909,gP,2.069
2026-10-02T01:08Z,909,g98e5,1.989
2026-10-02T01:08Z,909,g95e5p,1.939
2026-10-02T01:08Z,913,g95e5,1.815
2026-10-02T01:08Z,913,gA,2.039
2026-10-02T01:08Z,913,g98e5,1.985
2026-10-02T01:08Z,913,gB,1.925
2026-10-02T01:08Z,917,gP,2.105
2026-10-02T01:08Z,917,g98e5,1.979
2026-10-02T01:08Z,920,g95e5,1.869
2026-10-02T01:08Z,920,gA,2.039
2026-10-02T01:08Z,920,gP,2.099
2026-10-02T01:08Z,925,g95e5,1.805
2026-10-02T01:08Z,925,gP,2.105
2026-10-02T01:08Z,927,g95e5,1.809
2026-10-02T01:08Z,927,gA,2.015
2026-10-02T01:08Z,927,g98e5,1.929
2026-10-02T01:08Z,935,g95e5,1.845
2026-10-02T01:08Z,935,gA,2.055
2026-10-02T01:08Z,935,gP,2.145
2026-10-02T01:08Z,935,g98e5,1.985
2026-10-02T01:08Z,940,gA,1.995
2026-10-02T01:08Z,940,gP,2.055
2026-10-02T01:08Z,940,g98e5,1.969
2026-10-02T01:08Z,941,g95e5,1.805
2026-10-02T01:08Z,941,gA,2.035
2026-10-02T01:08Z,941,g98e5,1.975
2026-10-02T01:08Z,941,gB,1.925
2026-10-02T01:08Z,942,g95e5,1.869
2026-10-02T01:08Z,942,gA,1.999
2026-10-02T01:08Z,943,gA,2.021
2026-10-02T01:08Z,943,gP,2.074
2026-10-02T01:08Z,947,gA,2.019
2026-10-02T01:08Z,947,gP,2.069
2026-10-02T01:08Z,950,g95e5,1.834
2026-10-02T01:08Z,950,gA,2.004
2026-10-02T01:08Z,950,gP,2.054
2026-10-02T01:08Z,950,g95e5p,1.884
2026-10-02T01:08Z,950,gB,1.784
2026-10-02T01:08Z,955,g95e5,1.859
2026-10-02T01:08Z,955,gA,1.995
2026-10-02T01:08Z,955,g98e5,1.989
2026-10-02T01:08Z,957,gA,2.018
2026-10-02T01:08Z,957,gP,2.119
2026-10-02T01:08Z,958,gA,2.014
2026-10-02T01:08Z,958,gP,2.104
2026-10-02T01:08Z,958,gB,1.868
2026-10-02T01:08Z,959,gA,2.014
2026-10-02T01:08Z,959,gP,2.104
2026-10-02T01:08Z,959,gB,1.868
2026-10-02T01:08Z,962,g95e5,1.865
2026-10-02T01:08Z,962,gP,2.065
2026-10-02T01:08Z,965,g95e5,1.869
2026-10-02T01:08Z,965,gP,2.119
2026-10-02T01:08Z,965,g98e5,1.989
2026-10-02T01:08Z,978,gP,2.065
2026-10-02T01:08Z,978,g98e5,1.969
2026-10-02T01:08Z,978,gB,1.875
2026-10-02T01:08Z,980,gP,2.075
2026-10-02T01:08Z,980,g98e5,1.965
2026-10-02T01:08Z,981,gP,2.075
2026-10-02T01:08Z,981,g98e5,1.965
2026-10-02T01:08Z,984,g95e5,1.859
2026-10-02T01:08Z,984,gA,2.035
2026-10-02T01:08Z,984,g98e5,1.979
2026-10-02T01:08Z,986,gA,1.999
2026-10-02T01:08Z,986,gP,2.069
2026-10-02T01:08Z,986,g98e5,1.985
2026-10-02T01:08Z,987,g95e5,1.869
2026-10-02T01:08Z,987,g98e5,1.989
2026-10-02T01:08Z,987,g95e5p,1.939
2026-10-02T01:08Z,988,gA,2.025
2026-10-02T01:08Z,988,g98e5,1.929
2026-10-02T01:08Z,988,gB,1.869
2026-10-02T01:08Z,991,g95e5,1.865
2026-10-02T01:08Z,991,gA,2.019
2026-10-02T01:08Z,991,gP,2.079
2026-10-02T01:08Z,992,gA,2.021
2026-10-02T01:08Z,992,gP,2.119
2026-10-02T01:08Z,992,gB,1.908
2026-10-02T01:08Z,993,gA,2.021
2026-10-02T01:08Z,993,gP,2.119
2026-10-02T01:08Z,993,gB,1.908
2026-10-02T01:08Z,994,gA,2.039
2026-10-02T01:08Z,994,g98e5,1.989
2026-10-02T01:08Z,997,gA,2.014
2026-10-02T01:08Z,997,gP,2.099
2026-10-02T01:08Z,997,gB,1.858
2026-10-02T01:08Z,1000,gA,2.014
2026-10-02T01:08Z,1000,gP,2.099
2026-10-02T01:08Z,1000,gB,1.858
2026-10-02T01:08Z,1005,gA,1.994
2026-10-02T01:08Z,1005,gP,2.099
2026-10-02T01:08Z,1029,g95e5,1.734
2026-10-02T01:08Z,1032,g98e5,1.999
2026-10-02T01:08Z,1034,g98e5,2.015
2026-10-02T01:08Z,1035,g98e5,2.005
2026-10-02T01:08Z,1036,gA,2.005
2026-10-02T01:08Z,1037,gA,1.999
2026-10-02T01:08Z,1037,g98e5,1.999
2026-10-02T01:08Z,1038,gA,2.009
2026-10-02T01:08Z,1038,g98e5,1.959
2026-10-02T01:08Z,1040,gA,2.019
2026-10-02T01:08Z,1040,g98e5,1.999
2026-10-02T01:08Z,1042,gA,2.049
2026-10-02T01:08Z,1042,g98e5,2.005
2026-10-02T01:08Z,1044,g95e5,1.859
2026-10-02T01:08Z,1044,g98e5,2.029
2026-10-02T01:08Z,1048,g95e5,1.875
2026-10-02T01:08Z,1049,g95e5,1.835
2026-10-02T01:08Z,1049,gA,2.029
2026-10-02T01:08Z,1053,g95e5,1.885
2026-10-02T01:08Z,1053,gA,2.009
2026-10-02T01:08Z,1056,gA,2.009
2026-10-02T01:08Z,1058,g98e5,1.999
2026-10-02T01:08Z,1059,gA,1.799
2026-10-02T01:08Z,1059,gP,1.819
2026-10-02T01:08Z,1066,g95e5,1.885
2026-10-02T01:08Z,1066,gA,2.035
2026-10-02T01:08Z,1066,g98e5,2.055
2026-10-02T01:08Z,1067,g98e5,2.005
2026-10-02T01:08Z,1069,g95e5,1.875
2026-10-02T01:08Z,1069,g98e5,1.995
2026-10-02T01:08Z,1074,gA,2.019
2026-10-02T01:08Z,1074,g98e5,2.005
2026-10-02T01:08Z,1077,g98e5,1.949
2026-10-02T01:08Z,1080,g95e5,1.835
2026-10-02T01:08Z,1081,g95e5,1.829
2026-10-02T01:08Z,1081,g98e5,1.999
2026-10-02T01:08Z,1085,g98e5,1.989
2026-10-02T01:08Z,1087,g95e5,1.879
2026-10-02T01:08Z,1087,gA,2.005
2026-10-02T01:08Z,1087,gP,2.095
2026-10-02T01:08Z,1087,g98e5,2.019
2026-10-02T01:08Z,1088,gA,2.015
2026-10-02T01:08Z,1088,g98e5,2.045
2026-10-02T01:08Z,1089,g98e5,1.959
2026-10-02T01:08Z,1090,g98e5,1.959
2026-10-02T01:08Z,1094,gA,2.019
2026-10-02T01:08Z,1094,gP,2.094
2026-10-02T01:08Z,1125,gB,1.828
2026-10-02T01:08Z,1126,gB,1.834
2026-10-02T01:08Z,1127,g95e5,1.819
2026-10-02T01:08Z,1127,gP,2.069
2026-10-02T01:08Z,1127,g98e5,1.989
2026-10-02T01:08Z,1129,g95e5,1.849
2026-10-02T01:08Z,1129,gA,2.005
2026-10-02T01:08Z,1129,gP,2.095
2026-10-02T01:08Z,1129,g98e5,1.989
2026-10-02T01:08Z,1130,gP,2.065
2026-10-02T01:08Z,1130,g98e5,2.019
2026-10-02T01:08Z,1131,gP,2.065
2026-10-02T01:08Z,1131,g98e5,2.019
2026-10-02T01:08Z,1132,g95e5,1.825
2026-10-02T01:08Z,1132,g98e5,1.995
2026-10-02T01:08Z,1133,g95e5,1.819
2026-10-02T01:08Z,1133,gA,1.959
2026-10-02T01:08Z,1133,gP,2.069
2026-10-02T01:08Z,1133,g98e5,1.989
2026-10-02T01:08Z,1136,g95e5,1.819
2026-10-02T01:08Z,1136,gB,1.849
2026-10-02T01:08Z,1137,g95e5,1.819
2026-10-02T01:08Z,1137,gB,1.849
2026-10-02T01:08Z,1143,g95e5,1.865
2026-10-02T01:08Z,1143,gA,1.989
2026-10-02T01:08Z,1143,g98e5,1.985
2026-10-02T01:08Z,1145,gA,1.984
2026-10-02T01:08Z,1145,gP,2.069
2026-10-02T01:08Z,1145,gB,1.893
2026-10-02T01:08Z,1155,g95e5,1.849
2026-10-02T01:08Z,1155,gA,2.005
2026-10-02T01:08Z,1155,gP,2.095
2026-10-02T01:08Z,1155,g98e5,1.989
2026-10-02T01:08Z,1159,g95e5,1.819
2026-10-02T01:08Z,1159,g98e5,1.989
2026-10-02T01:08Z,1163,g95e5,1.835
2026-10-02T01:08Z,1163,gA,1.985
2026-10-02T01:08Z,1163,gP,2.095
2026-10-02T01:08Z,1163,g98e5,2.005
2026-10-02T01:08Z,1171,gA,1.757
2026-10-02T01:08Z,1175,g95e5,1.855
2026-10-02T01:08Z,1175,gP,2.065
2026-10-02T01:08Z,1178,gA,1.984
2026-10-02T01:08Z,1178,gP,2.069
2026-10-02T01:08Z,1178,gB,1.923
2026-10-02T01:08Z,1179,gA,1.984
2026-10-02T01:08Z,1179,gP,2.069
2026-10-02T01:08Z,1179,gB,1.923
2026-10-02T01:08Z,1180,g98e5,2.009
2026-10-02T01:08Z,1181,g98e5,2.009
2026-10-02T01:08Z,1183,g95e5,1.865
2026-10-02T01:08Z,1183,g98e5,2.035
2026-10-02T01:08Z,1194,g95e5,1.829
2026-10-02T01:08Z,1194,gP,2.115
2026-10-02T01:08Z,1194,gB,1.815
2026-10-02T01:08Z,1196,g95e5,1.865
2026-10-02T01:08Z,1196,gP,2.065
2026-10-02T01:08Z,1196,g98e5,2.035
2026-10-02T01:08Z,1196,gB,1.819
2026-10-02T01:08Z,1197,gP,2.099
2026-10-02T01:08Z,1197,g98e5,2.009
2026-10-02T01:08Z,1198,gP,2.099
2026-10-02T01:08Z,1201,g95e5,1.819
2026-10-02T01:08Z,1201,gP,2.069
2026-10-02T01:08Z,1201,gB,1.815
2026-10-02T01:08Z,1203,gA,2.014
2026-10-02T01:08Z,1203,gP,2.079
2026-10-02T01:08Z,1204,gA,1.984
2026-10-02T01:08Z,1204,gP,2.069
2026-10-02T01:08Z,1208,g95e5,1.829
2026-10-02T01:08Z,1208,gA,1.979
2026-10-02T01:08Z,1208,gP,2.089
2026-10-02T01:08Z,1213,gA,2.049
2026-10-02T01:08Z,1213,gP,2.139
2026-10-02T01:08Z,1215,g95e5,1.825
2026-10-02T01:08Z,1215,gA,1.969
2026-10-02T01:08Z,1215,g98e5,1.995
2026-10-02T01:08Z,1218,g95e5,1.819
2026-10-02T01:08Z,1230,g95e5,1.849
2026-10-02T01:08Z,1230,gA,2.005
2026-10-02T01:08Z,1230,gP,2.095
2026-10-02T01:08Z,1230,g98e5,1.989
2026-10-02T01:08Z,1234,g95e5,1.865
2026-10-02T01:08Z,1234,gP,2.065
2026-10-02T01:08Z,1234,g98e5,2.035
2026-10-02T01:08Z,1235,g95e5,1.849
2026-10-02T01:08Z,1235,gA,2.005
2026-10-02T01:08Z,1235,gP,2.095
2026-10-02T01:08Z,1235,g98e5,1.989
2026-10-02T01:08Z,1236,g95e5,1.865
2026-10-02T01:08Z,1236,gP,2.065
2026-10-02T01:08Z,1237,g95e5,1.865
2026-10-02T01:08Z,1237,gP,2.065
2026-10-02T01:08Z,1237,g98e5,2.035
2026-10-02T01:08Z,1258,g95e5,1.879
2026-10-02T01:08Z,1276,g95e5,1.825
2026-10-02T01:08Z,1276,g98e5,1.955
2026-10-02T01:08Z,1285,g95e5,1.916
2026-10-02T01:08Z,1285,gA,1.952
2026-10-02T01:08Z,1285,gP,1.997
2026-10-02T01:08Z,1288,g95e5,1.775
2026-10-02T01:08Z,1288,gP,2.059
2026-10-02T01:08Z,1288,g98e5,1.945
2026-10-02T01:08Z,1289,g95e5,1.769
2026-10-02T01:08Z,1289,gA,1.965
2026-10-02T01:08Z,1289,gP,2.075
2026-10-02T01:08Z,1289,g98e5,1.929
2026-10-02T01:08Z,1291,gB,1.749
2026-10-02T01:08Z,1292,g95e5,1.805
2026-10-02T01:08Z,1292,gA,1.999
2026-10-02T01:08Z,1292,gB,1.735
2026-10-02T01:08Z,1304,g95e5,1.819
2026-10-02T01:08Z,1304,gP,2.009
2026-10-02T01:08Z,1306,gP,2.085
2026-10-02T01:08Z,1306,g98e5,1.939
2026-10-02T01:08Z,1306,gB,1.795
2026-10-02T01:08Z,1308,g95e5,1.805
2026-10-02T01:08Z,1308,g98e5,1.925
2026-10-02T01:08Z,1308,gB,1.735
2026-10-02T01:08Z,1312,gP,2.079
2026-10-02T01:08Z,1312,g98e5,1.945
2026-10-02T01:08Z,1312,gB,1.789
2026-10-02T01:08Z,1313,gA,1.974
2026-10-02T01:08Z,1313,gP,2.109
2026-10-02T01:08Z,1313,gB,1.868
2026-10-02T01:08Z,1315,g95e5,1.819
2026-10-02T01:08Z,1315,g98e5,1.939
2026-10-02T01:08Z,1315,gB,1.789
2026-10-02T01:08Z,1316,g98e5,1.905
2026-10-02T01:08Z,1317,g98e5,1.905
2026-10-02T01:08Z,1318,g98e5,1.895
2026-10-02T01:08Z,1318,gB,1.779
2026-10-02T01:08Z,1320,gA,1.955
2026-10-02T01:08Z,1320,gP,2.035
2026-10-02T01:08Z,1320,g98e5,1.965
2026-10-02T01:08Z,1320,gB,1.735
2026-10-02T01:08Z,1322,gP,2.059
2026-10-02T01:08Z,1322,g98e5,1.939
2026-10-02T01:08Z,1322,gB,1.769
2026-10-02T01:08Z,1325,g95e5,1.769
2026-10-02T01:08Z,1325,gA,1.959
2026-10-02T01:08Z,1325,g98e5,1.939
2026-10-02T01:08Z,1326,g98e5,1.939
2026-10-02T01:08Z,1327,gA,1.955
2026-10-02T01:08Z,1327,gP,2.065
2026-10-02T01:08Z,1330,g95e5,1.819
2026-10-02T01:08Z,1330,g98e5,1.939
2026-10-02T01:08Z,1332,gP,2.025
2026-10-02T01:08Z,1332,g98e5,1.945
2026-10-02T01:08Z,1332,gB,1.749
2026-10-02T01:08Z,1333,gP,2.059
2026-10-02T01:08Z,1333,gB,1.769
2026-10-02T01:08Z,1339,g98e5,1.945
2026-10-02T01:08Z,1343,gA,1.975
2026-10-02T01:08Z,1343,gB,1.795
2026-10-02T01:08Z,1344,g95e5,1.819
2026-10-02T01:08Z,1345,g95e5,1.769
2026-10-02T01:08Z,1345,gP,2.009
2026-10-02T01:08Z,1345,gB,1.739
2026-10-02T01:08Z,1346,g98e5,1.899
2026-10-02T01:08Z,1346,gB,1.759
2026-10-02T01:08Z,1347,gA,1.979
2026-10-02T01:08Z,1347,g98e5,1.959
2026-10-02T01:08Z,1347,gB,1.759
2026-10-02T01:08Z,1348,g95e5,1.819
2026-10-02T01:08Z,1348,gA,2.005
2026-10-02T01:08Z,1348,g98e5,1.929
2026-10-02T01:08Z,1349,g95e5,1.819
2026-10-02T01:08Z,1352,g95e5,1.825
2026-10-02T01:08Z,1352,gA,1.949
2026-10-02T01:08Z,1352,gP,2.039
2026-10-02T01:08Z,1352,g98e5,1.965
2026-10-02T01:08Z,1353,g95e5,1.825
2026-10-02T01:08Z,1353,gA,1.949
2026-10-02T01:08Z,1353,gP,2.039
2026-10-02T01:08Z,1353,g98e5,1.965
2026-10-02T01:08Z,1365,g95e5,1.815
2026-10-02T01:08Z,1365,g98e5,1.935
2026-10-02T01:08Z,1365,gB,1.795
2026-10-02T01:08Z,1369,g95e5,1.999
2026-10-02T01:08Z,1369,gA,1.969
2026-10-02T01:08Z,1369,g98e5,2.119
2026-10-02T01:08Z,1371,g95e5,1.799
2026-10-02T01:08Z,1376,g95e5,1.835
2026-10-02T01:08Z,1376,g98e5,2.005
2026-10-02T01:08Z,1376,gB,1.879
2026-10-02T01:08Z,1377,g95e5,1.835
2026-10-02T01:08Z,1377,gA,1.995
2026-10-02T01:08Z,1377,g98e5,2.005
2026-10-02T01:08Z,1377,gB,1.885
2026-10-02T01:08Z,1379,g95e5,1.855
2026-10-02T01:08Z,1379,gA,1.985
2026-10-02T01:08Z,1379,g98e5,2.025
2026-10-02T01:08Z,1381,gA,1.995
2026-10-02T01:08Z,1381,g98e5,2.029
2026-10-02T01:08Z,1383,gA,1.959
2026-10-02T01:08Z,1383,g98e5,1.979
2026-10-02T01:08Z,1385,g95e5,1.835
2026-10-02T01:08Z,1385,g98e5,1.955
2026-10-02T01:08Z,1385,gB,1.839
2026-10-02T01:08Z,1388,gB,1.825
2026-10-02T01:08Z,1391,g95e5,1.799
2026-10-02T01:08Z,1391,gA,1.949
2026-10-02T01:08Z,1391,gP,2.009
2026-10-02T01:08Z,1391,g98e5,1.919
2026-10-02T01:08Z,1392,g95e5,1.949
2026-10-02T01:08Z,1392,gA,1.969
2026-10-02T01:08Z,1392,g98e5,2.039
2026-10-02T01:08Z,1398,gA,1.979
2026-10-02T01:08Z,1398,gP,2.029
2026-10-02T01:08Z,1399,g98e5,1.979
2026-10-02T01:08Z,1403,g95e5,1.795
2026-10-02T01:08Z,1403,gA,1.979
2026-10-02T01:08Z,1403,g98e5,1.965
2026-10-02T01:08Z,1404,g95e5,1.779
2026-10-02T01:08Z,1404,gP,2.045
2026-10-02T01:08Z,1404,gB,1.789
2026-10-02T01:08Z,1405,g95e5,1.815
2026-10-02T01:08Z,1405,g98e5,1.925
2026-10-02T01:08Z,1405,gB,1.805
2026-10-02T01:08Z,1409,gB,1.885
2026-10-02T01:08Z,1410,g98e5,1.959
2026-10-02T01:08Z,1410,gB,1.885
2026-10-02T01:08Z,1413,g98e5,1.939
2026-10-02T01:08Z,1414,g98e5,1.939
2026-10-02T01:08Z,1415,g98e5,1.939
2026-10-02T01:08Z,1416,g98e5,1.939
2026-10-02T01:08Z,1419,g95e5,1.799
2026-10-02T01:08Z,1419,gA,1.949
2026-10-02T01:08Z,1419,gP,2.009
2026-10-02T01:08Z,1419,g98e5,1.919
2026-10-02T01:08Z,1419,gB,1.759
2026-10-02T01:08Z,1424,g95e5,1.795
2026-10-02T01:08Z,1424,gP,2.089
2026-10-02T01:08Z,1424,g98e5,1.965
2026-10-02T01:08Z,1425,g95e5,1.750
2026-10-02T01:08Z,1425,gA,1.890
2026-10-02T01:08Z,1426,g95e5,1.809
2026-10-02T01:08Z,1426,gA,1.965
2026-10-02T01:08Z,1428,g95e5,1.829
2026-10-02T01:08Z,1428,gA,1.989
2026-10-02T01:08Z,1428,g98e5,1.999
2026-10-02T01:08Z,1429,g98e5,1.959
2026-10-02T01:08Z,1430,g98e5,1.959
2026-10-02T01:08Z,1433,g95e5,1.825
2026-10-02T01:08Z,1433,gA,1.949
2026-10-02T01:08Z,1433,gB,1.829
2026-10-02T01:08Z,1438,g95e5,1.799
2026-10-02T01:08Z,1438,gP,2.009
2026-10-02T01:08Z,1438,g98e5,1.919
2026-10-02T01:08Z,1439,g98e5,1.975
2026-10-02T01:08Z,1440,g98e5,1.975
2026-10-02T01:08Z,1441,g95e5,1.779
2026-10-02T01:08Z,1441,gP,2.009
2026-10-02T01:08Z,1441,g95e5p,1.899
2026-10-02T01:08Z,1443,g95e5,1.795
2026-10-02T01:08Z,1443,gA,1.935
2026-10-02T01:08Z,1443,gP,2.045
2026-10-02T01:08Z,1443,g98e5,1.965
2026-10-02T01:08Z,1446,g98e5,1.965
2026-10-02T01:08Z,1447,g95e5,1.859
2026-10-02T01:08Z,1447,gA,1.939
2026-10-02T01:08Z,1447,g98e5,2.029
2026-10-02T01:08Z,1447,gB,1.769
2026-10-02T01:08Z,1448,gA,1.955
2026-10-02T01:08Z,1448,g98e5,1.965
2026-10-02T01:08Z,1448,gB,1.825
2026-10-02T01:08Z,1449,g95e5,1.849
2026-10-02T01:08Z,1452,g95e5,1.809
2026-10-02T01:08Z,1452,gB,1.825
2026-10-02T01:08Z,1454,g95e5,1.855
2026-10-02T01:08Z,1454,g98e5,2.025
2026-10-02T01:08Z,1455,g95e5,1.779
2026-10-02T01:08Z,1455,gB,1.759
2026-10-02T01:08Z,1458,gA,1.959
2026-10-02T01:08Z,1458,gP,2.049
2026-10-02T01:08Z,1460,gA,1.959
2026-10-02T01:08Z,1460,gP,2.068
2026-10-02T01:08Z,1464,gA,1.959
2026-10-02T01:08Z,1464,gP,2.069
2026-10-02T01:08Z,1464,gB,1.868
2026-10-02T01:08Z,1474,g98e5,1.999
2026-10-02T01:08Z,1475,gB,1.825
2026-10-02T01:08Z,1477,gA,1.959
2026-10-02T01:08Z,1477,gP,2.068
2026-10-02T01:08Z,1478,g98e5,1.969
2026-10-02T01:08Z,1483,gA,1.959
2026-10-02T01:08Z,1483,gP,2.069
2026-10-02T01:08Z,1483,gB,1.868
2026-10-02T01:08Z,1487,gA,1.959
2026-10-02T01:08Z,1487,gB,1.868
2026-10-02T01:08Z,1488,gA,1.959
2026-10-02T01:08Z,1488,gP,2.069
2026-10-02T01:08Z,1489,gA,1.959
2026-10-02T01:08Z,1489,gP,2.069
2026-10-02T01:08Z,1489,gB,1.868
2026-10-02T01:08Z,1490,gA,1.959
2026-10-02T01:08Z,1490,gP,2.069
2026-10-02T01:08Z,1490,gB,1.868
2026-10-02T01:08Z,1492,g95e5,1.833
2026-10-02T01:08Z,1492,gA,1.959
2026-10-02T01:08Z,1492,gP,2.049
2026-10-02T01:08Z,1493,g95e5,1.798
2026-10-02T01:08Z,1493,gA,1.938
2026-10-02T01:08Z,1493,gP,2.028
2026-10-02T01:08Z,1495,g95e5,1.798
2026-10-02T01:08Z,1495,gA,1.938
2026-10-02T01:08Z,1495,gP,2.028
2026-10-02T01:08Z,1500,gA,1.969
2026-10-02T01:08Z,1500,gP,2.058
2026-10-02T01:08Z,1501,gA,1.959
2026-10-02T01:08Z,1501,gP,2.069
2026-10-02T01:08Z,1503,gA,1.959
2026-10-02T01:08Z,1503,gP,2.069
2026-10-02T01:08Z,1504,g95e5,1.779
2026-10-02T01:08Z,1504,g98e5,1.949
2026-10-02T01:08Z,1504,gB,1.759
2026-10-02T01:08Z,1510,g98e5,1.909
2026-10-02T01:08Z,1511,gP,2.059
2026-10-02T01:08Z,1511,g98e5,1.975
2026-10-02T01:08Z,1511,gB,1.795
2026-10-02T01:08Z,1512,gP,2.059
2026-10-02T01:08Z,1516,g98e5,2.029
2026-10-02T01:08Z,1517,gA,1.949
2026-10-02T01:08Z,1517,g98e5,1.965
2026-10-02T01:08Z,1521,g98e5,1.999
2026-10-02T01:08Z,1522,g98e5,1.999
2026-10-02T01:08Z,1523,g95e5,1.825
2026-10-02T01:08Z,1528,gB,1.879
2026-10-02T01:08Z,1530,gA,1.945
2026-10-02T01:08Z,1530,gB,1.825
2026-10-02T01:08Z,1531,gB,1.885
2026-10-02T01:08Z,1532,g95e5,1.779
2026-10-02T01:08Z,1532,gA,1.935
2026-10-02T01:08Z,1532,gB,1.759
2026-10-02T01:08Z,1535,g95e5,1.839
2026-10-02T01:08Z,1535,gA,2.009
2026-10-02T01:08Z,1535,g98e5,2.009
2026-10-02T01:08Z,1570,g95e5,1.878
2026-10-02T01:08Z,1570,g98e5,1.938
2026-10-02T01:08Z,1570,gB,1.568
2026-10-02T01:08Z,1579,gA,2.024
2026-10-02T01:08Z,1579,gP,2.074
2026-10-02T01:08Z,1636,g95e5,1.799
2026-10-02T01:08Z,1636,gB,1.709
2026-10-02T01:08Z,1637,g95e5,1.789
2026-10-02T01:08Z,1637,gA,1.975
2026-10-02T01:08Z,1637,g98e5,1.909
2026-10-02T01:08Z,1670,gA,1.679
2026-10-02T01:08Z,1674,gA,1.679
2026-10-02T01:08Z,1675,gA,1.679
2026-10-02T01:08Z,1699,gA,2.024
2026-10-02T01:08Z,1699,gP,2.089
2026-10-02T01:08Z,1700,gA,2.024
2026-10-02T01:08Z,1700,gP,2.089
2026-10-02T01:08Z,1701,g95e5,1.835
2026-10-02T01:08Z,1701,g98e5,1.975
2026-10-02T01:08Z,1768,gA,1.978
2026-10-02T01:08Z,1768,gB,1.813
2026-10-02T01:08Z,1776,g95e5,1.825
2026-10-02T01:08Z,1776,gA,2.025
2026-10-02T01:08Z,1776,gP,2.115
2026-10-02T01:08Z,1776,g98e5,1.965
2026-10-02T01:08Z,1780,gA,2.004
2026-10-02T01:08Z,1780,gP,2.099
2026-10-02T01:08Z,1784,gA,2.014
2026-10-02T01:08Z,1784,gP,2.064
2026-10-02T01:08Z,1792,g95e5,1.809
2026-10-02T01:08Z,1792,gA,2.025
2026-10-02T01:08Z,1792,gP,2.115
2026-10-02T01:08Z,1792,g98e5,1.949
2026-10-02T01:08Z,1793,gP,2.029
2026-10-02T01:08Z,1793,g98e5,1.935
2026-10-02T01:08Z,1797,g95e5,1.789
2026-10-02T01:08Z,1797,g95e5p,1.859
2026-10-02T01:08Z,1798,g95e5,1.859
2026-10-02T01:08Z,1798,g98e5,1.969
2026-10-02T01:08Z,1800,g95e5,1.765
2026-10-02T01:08Z,1800,gP,2.065
2026-10-02T01:08Z,1801,g95e5,1.765
2026-10-02T01:08Z,1801,gP,2.065
2026-10-02T01:08Z,1802,g95e5,1.835
2026-10-02T01:08Z,1802,g98e5,1.975
2026-10-02T01:08Z,1805,g95e5,1.845
2026-10-02T01:08Z,1806,g98e5,1.929
2026-10-02T01:08Z,1807,g95e5,1.875
2026-10-02T01:08Z,1807,gP,2.055
2026-10-02T01:08Z,1807,g98e5,1.995
2026-10-02T01:08Z,1807,g95e5p,1.945
2026-10-02T01:08Z,1808,g95e5,1.829
2026-10-02T01:08Z,1808,gA,2.005
2026-10-02T01:08Z,1808,g98e5,1.949
2026-10-02T01:08Z,1808,g95e5p,1.899
2026-10-02T01:08Z,1813,g95e5,1.879
2026-10-02T01:08Z,1813,gP,2.055
2026-10-02T01:08Z,1813,g98e5,1.999
2026-10-02T01:08Z,1815,gP,2.089
2026-10-02T01:08Z,1815,g98e5,1.945
2026-10-02T01:08Z,1818,g95e5,1.865
2026-10-02T01:08Z,1818,gA,1.995
2026-10-02T01:08Z,1818,gP,2.105
2026-10-02T01:08Z,1818,g98e5,1.985
2026-10-02T01:08Z,1819,g98e5,1.949
2026-10-02T01:08Z,1824,g95e5,1.835
2026-10-02T01:08Z,1824,gP,2.065
2026-10-02T01:08Z,1824,g98e5,1.955
2026-10-02T01:08Z,1825,gP,2.025
2026-10-02T01:08Z,1827,g98e5,2.015
2026-10-02T01:08Z,1828,g95e5,1.879
2026-10-02T01:08Z,1828,gA,1.955
2026-10-02T01:08Z,1828,g98e5,1.999
2026-10-02T01:08Z,1829,g95e5,1.775
2026-10-02T01:08Z,1829,gP,2.035
2026-10-02T01:08Z,1829,g98e5,1.895
2026-10-02T01:08Z,1830,g95e5,1.999
2026-10-02T01:08Z,1830,gA,1.999
2026-10-02T01:08Z,1830,gP,2.099
2026-10-02T01:08Z,1830,g98e5,2.179
2026-10-02T01:08Z,1833,gP,2.089
2026-10-02T01:08Z,1833,g98e5,1.955
2026-10-02T01:08Z,1834,gA,2.034
2026-10-02T01:08Z,1834,gP,2.099
2026-10-02T01:08Z,1835,g98e5,1.955
2026-10-02T01:08Z,1838,g95e5,1.765
2026-10-02T01:08Z,1838,gP,2.005
2026-10-02T01:08Z,1838,g98e5,1.935
2026-10-02T01:08Z,1842,gA,2.039
2026-10-02T01:08Z,1842,g98e5,1.889
2026-10-02T01:08Z,1844,g98e5,1.935
2026-10-02T01:08Z,1851,g95e5,1.789
2026-10-02T01:08Z,1851,g98e5,1.909
2026-10-02T01:08Z,1851,g95e5p,1.859
2026-10-02T01:08Z,1854,g95e5,1.785
2026-10-02T01:08Z,1854,gA,2.009
2026-10-02T01:08Z,1854,gP,2.069
2026-10-02T01:08Z,1854,g98e5,1.905
2026-10-02T01:08Z,1855,g95e5,1.769
2026-10-02T01:08Z,1855,gP,2.055
2026-10-02T01:08Z,1855,g98e5,1.939
2026-10-02T01:08Z,1856,g95e5,1.769
2026-10-02T01:08Z,1856,gA,2.029
2026-10-02T01:08Z,1856,g98e5,1.889
2026-10-02T01:08Z,1856,g95e5p,1.839
2026-10-02T01:08Z,1856,gB,1.899
2026-10-02T01:08Z,1867,gP,2.095
2026-10-02T01:08Z,1867,g98e5,1.939
2026-10-02T01:08Z,1868,gA,2.005
2026-10-02T01:08Z,1868,g98e5,1.929
2026-10-02T01:08Z,1885,gP,2.059
2026-10-02T01:08Z,1885,g98e5,2.069
2026-10-02T01:08Z,1885,gB,1.759
2026-10-02T01:08Z,1886,g95e5,1.829
2026-10-02T01:08Z,1886,gA,2.029
2026-10-02T01:08Z,1886,gP,2.119
2026-10-02T01:08Z,1886,g98e5,1.969
2026-10-02T01:08Z,1896,g95e5,1.849
2026-10-02T01:08Z,1896,gA,1.955
2026-10-02T01:08Z,1896,gP,2.045
2026-10-02T01:08Z,1896,g98e5,1.989
2026-10-02T01:08Z,1899,g95e5,1.895
2026-10-02T01:08Z,1899,gA,1.999
2026-10-02T01:08Z,1899,gP,2.089
2026-10-02T01:08Z,1899,g98e5,2.035
2026-10-02T01:08Z,1909,g95e5,1.825
2026-10-02T01:08Z,1909,g98e5,1.985
2026-10-02T01:08Z,1909,g95e5p,1.895
2026-10-02T01:08Z,1925,g95e5,1.869
2026-10-02T01:08Z,1925,gB,1.699
2026-10-02T01:08Z,1965,g95e5,1.799
2026-10-02T01:08Z,1965,gA,2.015
2026-10-02T01:08Z,1965,gP,2.075
2026-10-02T01:08Z,1973,g95e5,1.809
2026-10-02T01:08Z,1973,g98e5,1.979
2026-10-02T01:08Z,1975,g98e5,1.965
2026-10-02T01:08Z,1976,gA,1.979
2026-10-02T01:08Z,1976,gB,1.885
2026-10-02T01:08Z,1977,gA,1.979
2026-10-02T01:08Z,1977,gB,1.885
2026-10-02T01:08Z,1979,g95e5,1.858
2026-10-02T01:08Z,1979,gA,1.968
2026-10-02T01:08Z,1982,g98e5,1.969
2026-10-02T01:08Z,1986,g95e5,1.855
2026-10-02T01:08Z,1986,g98e5,1.975
2026-10-02T01:08Z,1986,g95e5p,1.925
2026-10-02T01:08Z,1990,gA,1.959
2026-10-02T01:08Z,1990,gP,2.069
2026-10-02T01:08Z,1991,gA,1.979
2026-10-02T01:08Z,1991,gP,2.069
2026-10-02T01:08Z,1992,gA,1.979
2026-10-02T01:08Z,1992,gP,2.069
2026-10-02T01:08Z,2006,g95e5,1.825
2026-10-02T01:08Z,2006,gA,2.029
2026-10-02T01:08Z,2006,g95e5p,1.895
2026-10-02T01:08Z,2026,g95e5,1.825
2026-10-02T01:08Z,2026,gP,2.055
2026-10-02T01:08Z,2026,g98e5,1.995
2026-10-02T01:08Z,2056,g95e5,1.789
2026-10-02T01:08Z,2056,gA,2.055
2026-10-02T01:08Z,2056,gP,2.145
2026-10-02T01:08Z,2056,g98e5,1.929
2026-10-02T01:08Z,2060,g95e5,1.845
2026-10-02T01:08Z,2060,gA,1.965
2026-10-02T01:08Z,2060,gP,2.055
2026-10-02T01:08Z,2060,g98e5,1.985
2026-10-02T01:08Z,2062,gA,1.964
2026-10-02T01:08Z,2062,gP,2.069
2026-10-02T01:08Z,2063,g95e5,1.789
2026-10-02T01:08Z,2063,gP,2.029
2026-10-02T01:08Z,2063,g98e5,1.959
2026-10-02T01:08Z,2064,gP,2.045
2026-10-02T01:08Z,2064,g98e5,1.939
2026-10-02T01:08Z,2067,gP,2.049
2026-10-02T01:08Z,2067,g98e5,1.969
2026-10-02T01:08Z,2068,gP,2.049
2026-10-02T01:08Z,2068,g98e5,1.969
2026-10-02T01:08Z,2070,g95e5,1.879
2026-10-02T01:08Z,2070,gA,1.969
2026-10-02T01:08Z,2070,gP,2.079
2026-10-02T01:08Z,2070,g98e5,1.999
2026-10-02T01:08Z,2071,g95e5,1.875
2026-10-02T01:08Z,2071,gA,1.985
2026-10-02T01:08Z,2071,gP,2.095
2026-10-02T01:08Z,2071,g98e5,1.995
2026-10-02T01:08Z,2074,g95e5,1.835
2026-10-02T01:08Z,2074,gA,2.019
2026-10-02T01:08Z,2074,gP,2.109
2026-10-02T01:08Z,2074,g98e5,1.975
2026-10-02T01:08Z,2075,gP,2.045
2026-10-02T01:08Z,2075,g98e5,1.959
2026-10-02T01:08Z,2076,gP,2.045
2026-10-02T01:08Z,2076,g98e5,1.959
2026-10-02T01:08Z,2079,g95e5,1.809
2026-10-02T01:08Z,2079,g98e5,1.929
2026-10-02T01:08Z,2079,gB,1.925
2026-10-02T01:08Z,2080,g95e5,1.835
2026-10-02T01:08Z,2080,gA,2.019
2026-10-02T01:08Z,2080,gP,2.109
2026-10-02T01:08Z,2080,g98e5,1.975
2026-10-02T01:08Z,2081,gA,2.039
2026-10-02T01:08Z,2081,g98e5,1.955
2026-10-02T01:08Z,2084,g95e5,1.769
2026-10-02T01:08Z,2084,g98e5,1.889
2026-10-02T01:08Z,2084,g95e5p,1.849
2026-10-02T01:08Z,2085,g95e5,1.769
2026-10-02T01:08Z,2085,gA,1.985
2026-10-02T01:08Z,2085,gP,2.045
2026-10-02T01:08Z,2085,g98e5,1.889
2026-10-02T01:08Z,2089,g95e5,1.859
2026-10-02T01:08Z,2089,g98e5,1.969
2026-10-02T01:08Z,2090,g95e5,1.855
2026-10-02T01:08Z,2090,gA,1.989
2026-10-02T01:08Z,2095,gA,1.975
2026-10-02T01:08Z,2095,gP,2.025
2026-10-02T01:08Z,2099,g95e5,1.759
2026-10-02T01:08Z,2099,gA,1.959
2026-10-02T01:08Z,2099,gP,2.019
2026-10-02T01:08Z,2100,gA,2.024
2026-10-02T01:08Z,2100,gP,2.099
2026-10-02T01:08Z,2112,gA,1.969
2026-10-02T01:08Z,2112,gP,2.059
2026-10-02T01:08Z,2116,gA,1.974
2026-10-02T01:08Z,2116,gP,2.059
2026-10-02T01:08Z,2116,gB,1.923
2026-10-02T01:08Z,2117,g95e5,1.819
2026-10-02T01:08Z,2117,gA,1.979
2026-10-02T01:08Z,2117,gP,2.039
2026-10-02T01:08Z,2117,gB,1.885
2026-10-02T01:08Z,2132,g98e5,1.965
2026-10-02T01:08Z,2133,gA,1.995
2026-10-02T01:08Z,2133,g98e5,1.899
2026-10-02T01:08Z,2134,g95e5,1.819
2026-10-02T01:08Z,2134,g98e5,1.929
2026-10-02T01:08Z,2134,g95e5p,1.879
2026-10-02T01:08Z,2136,g95e5,1.609
2026-10-02T01:08Z,2136,gA,1.765
2026-10-02T01:08Z,2136,gP,1.865
2026-10-02T01:08Z,2136,g98e5,1.769
2026-10-02T01:08Z,2138,gA,1.829
2026-10-02T01:08Z,2140,g95e5,1.809
2026-10-02T01:08Z,2140,g98e5,1.929
2026-10-02T01:08Z,2144,gA,1.969
2026-10-02T01:08Z,2144,gP,2.059
2026-10-02T01:08Z,2148,g95e5,1.789
2026-10-02T01:08Z,2148,g98e5,1.929
2026-10-02T01:08Z,2153,g95e5,1.825
2026-10-02T01:08Z,2153,gA,1.975
2026-10-02T01:08Z,2153,gP,2.065
2026-10-02T01:08Z,2153,g98e5,1.965
2026-10-02T01:08Z,2156,g95e5,1.795
2026-10-02T01:08Z,2156,g98e5,1.905
2026-10-02T01:08Z,2158,g98e5,1.959
2026-10-02T01:08Z,2160,g98e5,1.929
2026-10-02T01:08Z,2161,gA,1.995
2026-10-02T01:08Z,2161,gP,2.045
2026-10-02T01:08Z,2161,gB,1.829
2026-10-02T01:08Z,2164,g95e5,1.849
2026-10-02T01:08Z,2164,g98e5,1.989
2026-10-02T01:08Z,2166,g95e5,1.819
2026-10-02T01:08Z,2167,g95e5,1.949
2026-10-02T01:08Z,2167,gA,1.959
2026-10-02T01:08Z,2167,gP,2.059
2026-10-02T01:08Z,2167,g98e5,2.119
2026-10-02T01:08Z,2169,gA,1.959
2026-10-02T01:08Z,2169,g98e5,1.929
2026-10-02T01:08Z,2171,g98e5,1.909
2026-10-02T01:08Z,2171,gB,1.879
2026-10-02T01:08Z,2172,g98e5,1.935
2026-10-02T01:08Z,2173,g98e5,1.899
2026-10-02T01:08Z,2174,g95e5,1.795
2026-10-02T01:08Z,2174,g98e5,1.915
2026-10-02T01:08Z,2178,g95e5,1.609
2026-10-02T01:08Z,2178,gA,1.765
2026-10-02T01:08Z,2178,gP,1.865
2026-10-02T01:08Z,2178,g98e5,1.769
2026-10-02T01:08Z,2179,g95e5,1.789
2026-10-02T01:08Z,2179,gA,1.999
2026-10-02T01:08Z,2179,g98e5,1.909
2026-10-02T01:08Z,2187,g95e5,1.939
2026-10-02T01:08Z,2187,gA,1.989
2026-10-02T01:08Z,2187,gP,2.099
2026-10-02T01:08Z,2187,g98e5,2.049
2026-10-02T01:08Z,2189,gP,2.015
2026-10-02T01:08Z,2189,g98e5,1.965
2026-10-02T01:08Z,2196,gA,1.974
2026-10-02T01:08Z,2196,gP,2.059
2026-10-02T01:08Z,2197,gA,1.974
2026-10-02T01:08Z,2197,gP,2.079
2026-10-02T01:08Z,2198,gA,1.974
2026-10-02T01:08Z,2198,gP,2.049
2026-10-02T01:08Z,2204,gA,1.974
2026-10-02T01:08Z,2204,gP,2.069
2026-10-02T01:08Z,2205,gA,1.974
2026-10-02T01:08Z,2205,gP,2.059
2026-10-02T01:08Z,2206,g95e5,1.799
2026-10-02T01:08Z,2206,gA,1.981
2026-10-02T01:08Z,2206,gP,2.069
2026-10-02T01:08Z,2206,g98e5,1.939
2026-10-02T01:08Z,2207,gA,1.954
2026-10-02T01:08Z,2207,gP,2.039
2026-10-02T01:08Z,2210,g95e5,1.815
2026-10-02T01:08Z,2210,gA,1.995
2026-10-02T01:08Z,2210,g98e5,1.925
2026-10-02T01:08Z,2210,g95e5p,1.875
2026-10-02T01:08Z,2213,gA,2.015
2026-10-02T01:08Z,2213,g98e5,1.889
2026-10-02T01:08Z,2214,g98e5,1.929
2026-10-02T01:08Z,2215,g95e5,1.805
2026-10-02T01:08Z,2215,gA,2.015
2026-10-02T01:08Z,2215,g98e5,1.925
2026-10-02T01:08Z,2218,gA,2.009
2026-10-02T01:08Z,2218,gP,2.069
2026-10-02T01:08Z,2218,g98e5,1.969
2026-10-02T01:08Z,2219,g98e5,1.889
2026-10-02T01:08Z,2221,g95e5,1.805
2026-10-02T01:08Z,2222,gP,2.039
2026-10-02T01:08Z,2223,g98e5,1.939
2026-10-02T01:08Z,2224,gA,2.015
2026-10-02T01:08Z,2224,g98e5,1.969
2026-10-02T01:08Z,2225,g95e5,1.859
2026-10-02T01:08Z,2225,g98e5,1.969
2026-10-02T01:08Z,2226,gA,2.024
2026-10-02T01:08Z,2226,gP,2.074
2026-10-02T01:08Z,2231,g95e5,1.879
2026-10-02T01:08Z,2231,g98e5,1.999
2026-10-02T01:08Z,2231,gB,1.899
2026-10-02T01:08Z,2233,g98e5,1.919
2026-10-02T01:08Z,2237,g98e5,1.965
2026-10-02T01:08Z,2238,g95e5,1.809
2026-10-02T01:08Z,2238,gA,2.025
2026-10-02T01:08Z,2238,g98e5,1.929
2026-10-02T01:08Z,2238,g95e5p,1.879
2026-10-02T01:08Z,2239,gA,1.999
2026-10-02T01:08Z,2239,gP,2.059
2026-10-02T01:08Z,2239,g98e5,1.975
2026-10-02T01:08Z,2241,g95e5,1.805
2026-10-02T01:08Z,2241,g98e5,1.925
2026-10-02T01:08Z,2241,gB,1.899
2026-10-02T01:08Z,2243,g95e5,1.779
2026-10-02T01:08Z,2243,gA,1.999
2026-10-02T01:08Z,2249,g95e5,1.849
2026-10-02T01:08Z,2249,gA,1.995
2026-10-02T01:08Z,2249,gP,2.085
2026-10-02T01:08Z,2249,g98e5,1.989
2026-10-02T01:08Z,2255,gA,2.045
2026-10-02T01:08Z,2255,g98e5,1.965
2026-10-02T01:08Z,2256,g98e5,1.899
2026-10-02T01:08Z,2257,g95e5,1.789
2026-10-02T01:08Z,2257,gA,1.975
2026-10-02T01:08Z,2257,g98e5,1.909
2026-10-02T01:08Z,2265,g95e5,1.739
2026-10-02T01:08Z,2265,g98e5,1.949
2026-10-02T01:08Z,2266,g95e5,1.869
2026-10-02T01:08Z,2266,gA,1.975
2026-10-02T01:08Z,2266,gP,2.065
2026-10-02T01:08Z,2266,g98e5,2.009
2026-10-02T01:08Z,2270,g95e5,1.825
2026-10-02T01:08Z,2270,gA,1.975
2026-10-02T01:08Z,2270,gP,2.085
2026-10-02T01:08Z,2273,gA,1.995
2026-10-02T01:08Z,2273,g98e5,1.989
2026-10-02T01:08Z,2274,g95e5,1.805
2026-10-02T01:08Z,2276,gA,1.978
2026-10-02T01:08Z,2276,gP,2.039
2026-10-02T01:08Z,2285,g95e5,1.769
2026-10-02T01:08Z,2285,g98e5,1.889
2026-10-02T01:08Z,2285,g95e5p,1.839
2026-10-02T01:08Z,2290,g95e5,1.809
2026-10-02T01:08Z,2290,gA,2.029
2026-10-02T01:08Z,2290,g98e5,1.929
2026-10-02T01:08Z,2290,g95e5p,1.889
2026-10-02T01:08Z,2292,g95e5,1.769
2026-10-02T01:08Z,2292,gP,2.039
2026-10-02T01:08Z,2292,g98e5,1.889
2026-10-02T01:08Z,2294,gP,2.005
2026-10-02T01:08Z,2294,g98e5,1.929
2026-10-02T01:08Z,2296,g98e5,1.905
2026-10-02T01:08Z,2298,gA,1.985
2026-10-02T01:08Z,2298,gP,2.045
2026-10-02T01:08Z,2298,g98e5,1.935
2026-10-02T01:08Z,2300,g95e5,1.769
2026-10-02T01:08Z,2300,g98e5,1.889
2026-10-02T01:08Z,2300,g95e5p,1.849
2026-10-02T01:08Z,2301,g95e5,1.775
2026-10-02T01:08Z,2301,g98e5,1.895
2026-10-02T01:08Z,2304,g95e5,1.835
2026-10-02T01:08Z,2304,gA,1.985
2026-10-02T01:08Z,2304,g98e5,1.955
2026-10-02T01:08Z,2305,g95e5,1.849
2026-10-02T01:08Z,2305,g98e5,1.969
2026-10-02T01:08Z,2306,g95e5,1.835
2026-10-02T01:08Z,2306,gA,2.059
2026-10-02T01:08Z,2306,gP,2.149
2026-10-02T01:08Z,2306,g98e5,1.975
2026-10-02T01:08Z,2307,gP,2.089
2026-10-02T01:08Z,2307,g98e5,1.909
2026-10-02T01:08Z,2309,g95e5,1.849
2026-10-02T01:08Z,2309,g98e5,1.959
2026-10-02T01:08Z,2309,g95e5p,1.919
2026-10-02T01:08Z,2311,g95e5,1.825
2026-10-02T01:08Z,2311,gP,2.015
2026-10-02T01:08Z,2311,g98e5,1.945
2026-10-02T01:08Z,2311,g95e5p,1.895
2026-10-02T01:08Z,2312,g95e5,1.769
2026-10-02T01:08Z,2312,gA,1.989
2026-10-02T01:08Z,2312,gP,2.049
2026-10-02T01:08Z,2312,g98e5,1.939
2026-10-02T01:08Z,2316,g95e5,1.845
2026-10-02T01:08Z,2316,gP,2.115
2026-10-02T01:08Z,2316,g98e5,1.965
2026-10-02T01:08Z,2316,gB,1.899
2026-10-02T01:08Z,2318,g95e5,1.825
2026-10-02T01:08Z,2318,gA,2.025
2026-10-02T01:08Z,2318,gP,2.115
2026-10-02T01:08Z,2318,g98e5,1.965
2026-10-02T01:08Z,2322,g98e5,1.975
2026-10-02T01:08Z,2323,g95e5,1.809
2026-10-02T01:08Z,2323,g98e5,1.949
2026-10-02T01:08Z,2326,g95e5,1.779
2026-10-02T01:08Z,2326,gA,2.009
2026-10-02T01:08Z,2326,g98e5,1.899
2026-10-02T01:08Z,2328,g95e5,1.769
2026-10-02T01:08Z,2328,gA,1.959
2026-10-02T01:08Z,2328,gP,2.019
2026-10-02T01:08Z,2328,g98e5,1.939
2026-10-02T01:08Z,2330,g95e5,1.835
2026-10-02T01:08Z,2330,g98e5,1.945
2026-10-02T01:08Z,2331,g95e5,1.795
2026-10-02T01:08Z,2331,g98e5,1.905
2026-10-02T01:08Z,2333,g95e5,1.839
2026-10-02T01:08Z,2333,gA,2.045
2026-10-02T01:08Z,2333,gP,2.135
2026-10-02T01:08Z,2333,g98e5,1.979
2026-10-02T01:08Z,2334,g95e5,1.855
2026-10-02T01:08Z,2334,gA,2.059
2026-10-02T01:08Z,2334,g98e5,1.975
2026-10-02T01:08Z,2335,g95e5,1.825
2026-10-02T01:08Z,2335,g98e5,1.945
2026-10-02T01:08Z,2340,gA,2.034
2026-10-02T01:08Z,2340,gP,2.099
2026-10-02T01:08Z,2341,g95e5,1.865
2026-10-02T01:08Z,2341,g98e5,1.985
2026-10-02T01:08Z,2341,gB,1.899
2026-10-02T01:08Z,2342,g98e5,1.935
2026-10-02T01:08Z,2344,g95e5,1.815
2026-10-02T01:08Z,2344,g98e5,1.935
2026-10-02T01:08Z,2345,gP,2.039
2026-10-02T01:08Z,2345,g98e5,1.925
2026-10-02T01:08Z,2346,gP,2.039
2026-10-02T01:08Z,2346,g98e5,1.925
2026-10-02T01:08Z,2349,g95e5,1.769
2026-10-02T01:08Z,2349,gP,2.029
2026-10-02T01:08Z,2349,g98e5,1.939
2026-10-02T01:08Z,2349,g95e5p,1.829
2026-10-02T01:08Z,2350,gA,1.945
2026-10-02T01:08Z,2350,g98e5,1.879
2026-10-02T01:08Z,2350,gB,1.755
2026-10-02T01:08Z,2352,g95e5,1.845
2026-10-02T01:08Z,2352,gP,2.059
2026-10-02T01:08Z,2352,g98e5,1.965
2026-10-02T01:08Z,2354,g95e5,1.835
2026-10-02T01:08Z,2354,g98e5,1.975
2026-10-02T01:08Z,2359,g95e5,1.815
2026-10-02T01:08Z,2359,g98e5,1.985
2026-10-02T01:08Z,2359,gB,1.849
2026-10-02T01:08Z,2363,g95e5,1.899
2026-10-02T01:08Z,2363,gA,1.979
2026-10-02T01:08Z,2364,gP,2.059
2026-10-02T01:08Z,2364,g98e5,1.939
2026-10-02T01:08Z,2365,g98e5,1.939
2026-10-02T01:08Z,2367,g98e5,1.939
2026-10-02T01:08Z,2370,g98e5,1.975
2026-10-02T01:08Z,2377,g98e5,1.929
2026-10-02T01:08Z,2378,gP,2.049
2026-10-02T01:08Z,2378,g98e5,1.929
2026-10-02T01:08Z,2379,g98e5,1.929
2026-10-02T01:08Z,2380,gP,2.049
2026-10-02T01:08Z,2380,g98e5,1.929
2026-10-02T01:08Z,2381,gP,2.049
2026-10-02T01:08Z,2381,g98e5,1.929
2026-10-02T01:08Z,2382,gA,2.004
2026-10-02T01:08Z,2382,gP,2.069
2026-10-02T01:08Z,2382,gB,1.838
2026-10-02T01:08Z,2383,g95e5,1.775
2026-10-02T01:08Z,2383,gA,1.985
2026-10-02T01:08Z,2383,gP,2.095
2026-10-02T01:08Z,2383,gB,1.869
2026-10-02T01:08Z,2386,g95e5,1.959
2026-10-02T01:08Z,2386,gA,1.979
2026-10-02T01:08Z,2386,gP,2.039
2026-10-02T01:08Z,2386,g98e5,2.119
2026-10-02T01:08Z,2386,gB,1.829
2026-10-02T01:08Z,2387,g95e5,1.959
2026-10-02T01:08Z,2387,gA,1.979
2026-10-02T01:08Z,2387,gP,2.039
2026-10-02T01:08Z,2390,gA,1.979
2026-10-02T01:08Z,2390,gP,2.089
2026-10-02T01:08Z,2390,g98e5,1.959
2026-10-02T01:08Z,2391,g98e5,1.975
2026-10-02T01:08Z,2391,gB,1.885
2026-10-02T01:08Z,2392,gA,1.979
2026-10-02T01:08Z,2393,gP,2.065
2026-10-02T01:08Z,2393,gB,1.885
2026-10-02T01:08Z,2396,g95e5,1.789
2026-10-02T01:08Z,2397,gP,2.079
2026-10-02T01:08Z,2397,gB,1.859
2026-10-02T01:08Z,2414,g95e5,1.819
2026-10-02T01:08Z,2414,gA,2.056
2026-10-02T01:08Z,2414,gP,2.145
2026-10-02T01:08Z,2414,g98e5,1.959
2026-10-02T01:08Z,2418,g95e5,1.799
2026-10-02T01:08Z,2418,gA,2.029
2026-10-02T01:08Z,2418,gP,2.119
2026-10-02T01:08Z,2418,g98e5,1.939
2026-10-02T01:08Z,2423,g98e5,1.939
2026-10-02T01:08Z,2425,g95e5,1.835
2026-10-02T01:08Z,2425,gA,2.019
2026-10-02T01:08Z,2425,gP,2.109
2026-10-02T01:08Z,2425,g98e5,1.975
2026-10-02T01:08Z,2426,g98e5,1.959
2026-10-02T01:08Z,2440,g95e5,1.884
2026-10-02T01:08Z,2440,gA,1.999
2026-10-02T01:08Z,2440,gP,2.089
2026-10-02T01:08Z,2440,g98e5,2.024
2026-10-02T01:08Z,2441,g95e5,1.819
2026-10-02T01:08Z,2441,gA,1.975
2026-10-02T01:08Z,2441,gP,2.065
2026-10-02T01:08Z,2441,g98e5,1.959
2026-10-02T01:08Z,2442,gP,2.059
2026-10-02T01:08Z,2442,g98e5,1.945
2026-10-02T01:08Z,2445,g95e5,1.859
2026-10-02T01:08Z,2445,g98e5,1.969
2026-10-02T01:08Z,2449,g95e5,1.835
2026-10-02T01:08Z,2449,gA,1.975
2026-10-02T01:08Z,2449,g98e5,1.945
2026-10-02T01:08Z,2449,g95e5p,1.905
2026-10-02T01:08Z,2452,g95e5,1.859
2026-10-02T01:08Z,2452,gA,1.985
2026-10-02T01:08Z,2452,g98e5,1.979
2026-10-02T01:08Z,2453,gA,1.949
2026-10-02T01:08Z,2453,gP,2.009
2026-10-02T01:08Z,2453,g98e5,1.985
2026-10-02T01:08Z,2453,gB,1.735
2026-10-02T01:08Z,2456,g95e5,1.969
2026-10-02T01:08Z,2456,gA,2.005
2026-10-02T01:08Z,2456,g98e5,2.139
2026-10-02T01:08Z,2456,glp,1.179
2026-10-02T01:08Z,2457,g95e5,1.969
2026-10-02T01:08Z,2457,gA,2.005
2026-10-02T01:08Z,2457,g98e5,2.139
2026-10-02T01:08Z,2458,gP,2.035
2026-10-02T01:08Z,2458,g98e5,1.915
2026-10-02T01:08Z,2460,g95e5,1.769
2026-10-02T01:08Z,2460,gA,1.999
2026-10-02T01:08Z,2460,gP,2.059
2026-10-02T01:08Z,2460,g98e5,1.889
2026-10-02T01:08Z,2461,gA,1.999
2026-10-02T01:08Z,2461,gP,2.059
2026-10-02T01:08Z,2461,g98e5,1.935
2026-10-02T01:08Z,2461,gB,1.779
2026-10-02T01:08Z,2462,g95e5,1.859
2026-10-02T01:08Z,2462,gP,2.095
2026-10-02T01:08Z,2462,g98e5,1.979
2026-10-02T01:08Z,2467,g98e5,1.889
2026-10-02T01:08Z,2470,g95e5,1.819
2026-10-02T01:08Z,2470,g95e5p,1.889
2026-10-02T01:08Z,2472,g95e5,1.775
2026-10-02T01:08Z,2472,gA,2.009
2026-10-02T01:08Z,2472,g98e5,1.895
2026-10-02T01:08Z,2473,gP,2.045
2026-10-02T01:08Z,2473,g98e5,1.965
2026-10-02T01:08Z,2474,gP,2.045
2026-10-02T01:08Z,2474,g98e5,1.965
2026-10-02T01:08Z,2475,g95e5,1.849
2026-10-02T01:08Z,2475,gP,2.073
2026-10-02T01:08Z,2475,g98e5,1.959
2026-10-02T01:08Z,2476,g95e5,1.855
2026-10-02T01:08Z,2476,g98e5,1.965
2026-10-02T01:08Z,2477,g95e5,1.859
2026-10-02T01:08Z,2478,g95e5,1.825
2026-10-02T01:08Z,2478,gP,2.065
2026-10-02T01:08Z,2478,g98e5,1.995
2026-10-02T01:08Z,2479,g95e5,1.899
2026-10-02T01:08Z,2479,gA,1.999
2026-10-02T01:08Z,2480,g98e5,1.925
2026-10-02T01:08Z,2481,g95e5,1.815
2026-10-02T01:08Z,2481,gA,1.989
2026-10-02T01:08Z,2481,g98e5,1.935
2026-10-02T01:08Z,2483,g95e5,1.799
2026-10-02T01:08Z,2483,gA,1.995
2026-10-02T01:08Z,2483,gP,2.055
2026-10-02T01:08Z,2483,g98e5,1.969
2026-10-02T01:08Z,2483,gB,1.779
2026-10-02T01:08Z,2485,gA,2.049
2026-10-02T01:08Z,2488,g98e5,1.949
2026-10-02T01:08Z,2489,g95e5,1.775
2026-10-02T01:08Z,2489,gA,2.009
2026-10-02T01:08Z,2489,gP,2.069
2026-10-02T01:08Z,2489,g98e5,1.895
2026-10-02T01:08Z,2490,g95e5,1.559
2026-10-02T01:08Z,2490,gA,1.799
2026-10-02T01:08Z,2490,gP,1.899
2026-10-02T01:08Z,2490,g98e5,1.699
2026-10-02T01:08Z,2492,g95e5,1.869
2026-10-02T01:08Z,2492,gA,1.995
2026-10-02T01:08Z,2492,g98e5,1.989
2026-10-02T01:08Z,2495,gA,1.945
2026-10-02T01:08Z,2495,gP,2.005
2026-10-02T01:08Z,2495,g98e5,1.929
2026-10-02T01:08Z,2497,g95e5,1.809
2026-10-02T01:08Z,2497,gP,2.085
2026-10-02T01:08Z,2501,g95e5,1.855
2026-10-02T01:08Z,2501,g98e5,1.975
2026-10-02T01:08Z,2502,gA,1.995
2026-10-02T01:08Z,2502,g98e5,1.935
2026-10-02T01:08Z,2503,g95e5,1.839
2026-10-02T01:08Z,2503,gP,2.009
2026-10-02T01:08Z,2503,g98e5,1.959
2026-10-02T01:08Z,2504,g95e5,1.605
2026-10-02T01:08Z,2504,gA,1.745
2026-10-02T01:08Z,2504,gP,1.845
2026-10-02T01:08Z,2504,g98e5,1.745
2026-10-02T01:08Z,2504,gB,1.735
2026-10-02T01:08Z,2507,g95e5,1.795
2026-10-02T01:08Z,2507,g98e5,1.915
2026-10-02T01:08Z,2508,gA,2.024
2026-10-02T01:08Z,2508,gP,2.099
2026-10-02T01:08Z,2510,g98e5,1.905
2026-10-02T01:08Z,2511,gB,1.919
2026-10-02T01:08Z,2512,gB,1.919
2026-10-02T01:08Z,2513,gP,2.049
2026-10-02T01:08Z,2513,g98e5,1.969
2026-10-02T01:08Z,2515,g98e5,1.915
2026-10-02T01:08Z,2516,gP,2.075
2026-10-02T01:08Z,2516,g98e5,1.915
2026-10-02T01:08Z,2517,g95e5,1.769
2026-10-02T01:08Z,2517,gA,1.975
2026-10-02T01:08Z,2517,g98e5,1.889
2026-10-02T01:08Z,2519,gA,2.005
2026-10-02T01:08Z,2519,g98e5,1.995
2026-10-02T01:08Z,2520,g95e5,1.839
2026-10-02T01:08Z,2520,gP,2.065
2026-10-02T01:08Z,2520,g98e5,2.009
2026-10-02T01:08Z,2527,g98e5,1.925
2026-10-02T01:08Z,2528,gA,1.995
2026-10-02T01:08Z,2529,gA,1.979
2026-10-02T01:08Z,2529,g98e5,1.935
2026-10-02T01:08Z,2531,g98e5,1.939
2026-10-02T01:08Z,2533,g95e5,1.825
2026-10-02T01:08Z,2533,gP,2.059
2026-10-02T01:08Z,2533,g98e5,1.945
2026-10-02T01:08Z,2534,g95e5,1.855
2026-10-02T01:08Z,2534,gA,1.995
2026-10-02T01:08Z,2534,g98e5,2.025
2026-10-02T01:08Z,2535,gA,2.039
2026-10-02T01:08Z,2535,g98e5,1.965
2026-10-02T01:08Z,2540,g95e5,1.899
2026-10-02T01:08Z,2540,gA,2.059
2026-10-02T01:08Z,2540,g98e5,2.109
2026-10-02T01:08Z,2545,g95e5,1.855
2026-10-02T01:08Z,2545,gA,1.999
2026-10-02T01:08Z,2545,gP,2.089
2026-10-02T01:08Z,2545,g98e5,1.995
2026-10-02T01:08Z,2550,g95e5,1.799
2026-10-02T01:08Z,2550,g98e5,1.919
2026-10-02T01:08Z,2551,gP,2.025
2026-10-02T01:08Z,2551,gB,1.735
2026-10-02T01:08Z,2555,g95e5,1.765
2026-10-02T01:08Z,2555,gA,1.969
2026-10-02T01:08Z,2555,g98e5,1.935
2026-10-02T01:08Z,2556,g95e5,1.825
2026-10-02T01:08Z,2556,gA,2.009
2026-10-02T01:08Z,2556,gP,2.059
2026-10-02T01:08Z,2556,g98e5,1.975
2026-10-02T01:08Z,2557,g95e5,1.839
2026-10-02T01:08Z,2557,gP,2.065
2026-10-02T01:08Z,2557,g98e5,1.959
2026-10-02T01:08Z,2558,gA,2.009
2026-10-02T01:08Z,2558,g98e5,1.925
2026-10-02T01:08Z,2559,g95e5,1.879
2026-10-02T01:08Z,2559,gP,2.019
2026-10-02T01:08Z,2559,g98e5,1.999
2026-10-02T01:08Z,2562,g98e5,1.909
2026-10-02T01:08Z,2565,gA,2.024
2026-10-02T01:08Z,2565,gP,2.074
2026-10-02T01:08Z,2567,g98e5,2.015
2026-10-02T01:08Z,2569,g95e5,1.889
2026-10-02T01:08Z,2569,gA,2.045
2026-10-02T01:08Z,2570,g95e5,1.895
2026-10-02T01:08Z,2570,gA,2.035
2026-10-02T01:08Z,2570,gP,2.095
2026-10-02T01:08Z,2570,g98e5,2.015
2026-10-02T01:08Z,2573,g95e5,1.845
2026-10-02T01:08Z,2573,gA,2.015
2026-10-02T01:08Z,2573,gP,2.075
2026-10-02T01:08Z,2573,g98e5,1.965
2026-10-02T01:08Z,2574,g95e5,1.865
2026-10-02T01:08Z,2574,gA,2.055
2026-10-02T01:08Z,2574,g98e5,1.985
2026-10-02T01:08Z,2574,g95e5p,1.925
2026-10-02T01:08Z,2575,gA,2.014
2026-10-02T01:08Z,2575,gP,2.104
2026-10-02T01:08Z,2581,gA,2.044
2026-10-02T01:08Z,2582,g95e5,1.879
2026-10-02T01:08Z,2582,gA,2.039
2026-10-02T01:08Z,2582,gP,2.089
2026-10-02T01:08Z,2582,g95e5p,1.919
2026-10-02T01:08Z,2586,g95e5,1.869
2026-10-02T01:08Z,2586,gA,2.065
2026-10-02T01:08Z,2589,g95e5,1.899
2026-10-02T01:08Z,2589,gA,2.019
2026-10-02T01:08Z,2592,g95e5,1.919
2026-10-02T01:08Z,2592,gA,2.049
2026-10-02T01:08Z,2592,gP,2.139
2026-10-02T01:08Z,2592,g95e5p,1.969
2026-10-02T01:08Z,2594,gA,2.004
2026-10-02T01:08Z,2594,gP,2.099
2026-10-02T01:08Z,2594,gB,1.888
2026-10-02T01:08Z,2595,gA,2.065
2026-10-02T01:08Z,2595,g98e5,2.019
2026-10-02T01:08Z,2607,g95e5,1.845
2026-10-02T01:08Z,2607,gA,2.059
2026-10-02T01:08Z,2607,g98e5,1.965
2026-10-02T01:08Z,2609,g95e5,1.895
2026-10-02T01:08Z,2609,gA,2.049
2026-10-02T01:08Z,2609,g98e5,2.015
2026-10-02T01:08Z,2609,g95e5p,1.965
2026-10-02T01:08Z,2612,gA,2.029
2026-10-02T01:08Z,2612,g98e5,1.989
2026-10-02T01:08Z,2613,gA,2.024
2026-10-02T01:08Z,2613,gP,2.119
2026-10-02T01:08Z,2616,g95e5,1.859
2026-10-02T01:08Z,2616,gA,2.049
2026-10-02T01:08Z,2616,gB,1.875
2026-10-02T01:08Z,2618,gA,2.024
2026-10-02T01:08Z,2618,gP,2.119
2026-10-02T01:08Z,2626,gP,2.089
2026-10-02T01:08Z,2626,g98e5,2.009
2026-10-02T01:08Z,2630,g95e5,1.919
2026-10-02T01:08Z,2630,g98e5,2.059
2026-10-02T01:08Z,2639,g95e5,1.869
2026-10-02T01:08Z,2639,gA,2.069
2026-10-02T01:08Z,2639,gP,2.159
2026-10-02T01:08Z,2639,g98e5,2.009
2026-10-02T01:08Z,2643,g95e5,1.919
2026-10-02T01:08Z,2643,gA,2.079
2026-10-02T01:08Z,2643,gP,2.169
2026-10-02T01:08Z,2643,g98e5,2.059
2026-10-02T01:08Z,2650,g95e5,1.865
2026-10-02T01:08Z,2650,g98e5,1.985
2026-10-02T01:08Z,2654,g95e5,1.859
2026-10-02T01:08Z,2654,g98e5,2.019
2026-10-02T01:08Z,2654,g95e5p,1.929
2026-10-02T01:08Z,2663,gA,2.059
2026-10-02T01:08Z,2663,g98e5,2.019
2026-10-02T01:08Z,2663,gB,1.905
2026-10-02T01:08Z,2679,gA,2.079
2026-10-02T01:08Z,2679,gP,2.159
2026-10-02T01:08Z,2684,g95e5,1.899
2026-10-02T01:08Z,2684,gA,2.049
2026-10-02T01:08Z,2684,gP,2.149
2026-10-02T01:08Z,2684,g95e5p,1.959
2026-10-02T01:08Z,2686,g95e5,1.845
2026-10-02T01:08Z,2686,g98e5,1.965
2026-10-02T01:08Z,2686,gB,1.885
2026-10-02T01:08Z,2687,gA,2.039
2026-10-02T01:08Z,2687,g98e5,2.015
2026-10-02T01:08Z,2690,g98e5,1.965
2026-10-02T01:08Z,2692,g95e5,1.889
2026-10-02T01:08Z,2692,gA,2.059
2026-10-02T01:08Z,2692,g98e5,2.009
2026-10-02T01:08Z,2693,g95e5,1.875
2026-10-02T01:08Z,2693,g98e5,1.995
2026-10-02T01:08Z,2693,g95e5p,1.945
2026-10-02T01:08Z,2696,gA,2.044
2026-10-02T01:08Z,2696,gP,2.119
2026-10-02T01:08Z,2697,gA,2.044
2026-10-02T01:08Z,2697,gP,2.119
2026-10-02T01:08Z,2698,g95e5,1.859
2026-10-02T01:08Z,2698,gA,2.015
2026-10-02T01:08Z,2698,gP,2.105
2026-10-02T01:08Z,2698,g98e5,1.999
2026-10-02T01:08Z,2700,g95e5,1.879
2026-10-02T01:08Z,2700,gA,2.049
2026-10-02T01:08Z,2700,gB,1.905
2026-10-02T01:08Z,2702,g95e5,1.989
2026-10-02T01:08Z,2702,g98e5,2.109
2026-10-02T01:08Z,2707,g95e5,1.885
2026-10-02T01:08Z,2707,gA,2.039
2026-10-02T01:08Z,2707,g98e5,2.005
2026-10-02T01:08Z,2707,g95e5p,1.955
2026-10-02T01:08Z,2707,gB,1.875
2026-10-02T01:08Z,2708,gA,2.054
2026-10-02T01:08Z,2708,gP,2.129
2026-10-02T01:08Z,2710,gA,2.025
2026-10-02T01:08Z,2710,g98e5,1.965
2026-10-02T01:08Z,2710,gB,1.885
2026-10-02T01:08Z,2713,g95e5,1.855
2026-10-02T01:08Z,2713,g98e5,1.975
2026-10-02T01:08Z,2713,g95e5p,1.935
2026-10-02T01:08Z,2715,gA,2.055
2026-10-02T01:08Z,2715,g98e5,2.019
2026-10-02T01:08Z,2725,gA,2.044
2026-10-02T01:08Z,2725,gP,2.119
2026-10-02T01:08Z,2726,g95e5,1.849
2026-10-02T01:08Z,2726,g98e5,2.019
2026-10-02T01:08Z,2727,gA,2.044
2026-10-02T01:08Z,2727,gP,2.094
2026-10-02T01:08Z,2732,g95e5,1.845
2026-10-02T01:08Z,2732,gA,2.009
2026-10-02T01:08Z,2732,gP,2.099
2026-10-02T01:08Z,2732,g98e5,1.985
2026-10-02T01:08Z,2733,g95e5,1.855
2026-10-02T01:08Z,2733,g98e5,1.975
2026-10-02T01:08Z,2734,gA,2.019
2026-10-02T01:08Z,2734,g98e5,2.019
2026-10-02T01:08Z,2736,g95e5,1.889
2026-10-02T01:08Z,2736,g98e5,2.009
2026-10-02T01:08Z,2744,gP,1.627
2026-10-02T01:08Z,2754,g95e5,1.674
2026-10-02T01:08Z,2754,gA,1.734
2026-10-02T01:08Z,2754,gP,1.794
2026-10-02T01:08Z,2754,g95e5p,1.724
2026-10-02T01:08Z,2758,gP,2.079
2026-10-02T01:08Z,2758,g98e5,1.929
2026-10-02T01:08Z,2759,g95e5,1.879
2026-10-02T01:08Z,2759,gP,2.059
2026-10-02T01:08Z,2759,g98e5,1.999
2026-10-02T01:08Z,2765,g95e5,1.769
2026-10-02T01:08Z,2765,gA,1.999
2026-10-02T01:08Z,2765,gP,2.089
2026-10-02T01:08Z,2765,g98e5,1.909
2026-10-02T01:08Z,2768,g95e5,1.825
2026-10-02T01:08Z,2768,gA,1.955
2026-10-02T01:08Z,2768,gP,2.065
2026-10-02T01:08Z,2768,g98e5,1.995
2026-10-02T01:08Z,2772,g95e5,1.879
2026-10-02T01:08Z,2772,gA,1.965
2026-10-02T01:08Z,2773,g95e5,1.809
2026-10-02T01:08Z,2773,gP,2.035
2026-10-02T01:08Z,2773,g98e5,1.929
2026-10-02T01:08Z,2775,g95e5,1.855
2026-10-02T01:08Z,2775,g98e5,1.975
2026-10-02T01:08Z,2785,g95e5,1.835
2026-10-02T01:08Z,2785,g98e5,1.975
2026-10-02T01:08Z,2788,g95e5,1.835
2026-10-02T01:08Z,2788,g98e5,1.975
2026-10-02T01:08Z,2789,g98e5,1.919
2026-10-02T01:08Z,2791,gA,2.034
2026-10-02T01:08Z,2791,gP,2.099
2026-10-02T01:08Z,2792,gA,2.005
2026-10-02T01:08Z,2792,gP,2.065
2026-10-02T01:08Z,2792,g98e5,1.979
2026-10-02T01:08Z,2793,g95e5,1.819
2026-10-02T01:08Z,2795,gP,2.035
2026-10-02T01:08Z,2795,g98e5,1.939
2026-10-02T01:08Z,2796,g95e5,1.795
2026-10-02T01:08Z,2796,g98e5,1.905
2026-10-02T01:08Z,2796,g95e5p,1.855
2026-10-02T01:08Z,2799,g95e5,1.789
2026-10-02T01:08Z,2800,g95e5,1.769
2026-10-02T01:08Z,2800,gA,1.999
2026-10-02T01:08Z,2800,g98e5,1.939
2026-10-02T01:08Z,2803,g95e5,1.815
2026-10-02T01:08Z,2803,gA,2.005
2026-10-02T01:08Z,2803,g98e5,1.935
2026-10-02T01:08Z,2804,gA,2.039
2026-10-02T01:08Z,2804,g98e5,1.955
2026-10-02T01:08Z,2805,g98e5,1.955
2026-10-02T01:08Z,2806,g95e5,1.809
2026-10-02T01:08Z,2806,gP,2.075
2026-10-02T01:08Z,2806,g98e5,1.929
2026-10-02T01:08Z,2807,g95e5,1.859
2026-10-02T01:08Z,2807,gA,2.005
2026-10-02T01:08Z,2807,gP,2.065
2026-10-02T01:08Z,2807,g98e5,1.979
2026-10-02T01:08Z,2808,g95e5,1.825
2026-10-02T01:08Z,2808,gA,2.029
2026-10-02T01:08Z,2808,g98e5,1.945
2026-10-02T01:08Z,2809,g95e5,1.799
2026-10-02T01:08Z,2809,gA,1.975
2026-10-02T01:08Z,2810,g98e5,1.919
2026-10-02T01:08Z,2811,g98e5,1.939
2026-10-02T01:08Z,2812,g95e5,1.825
2026-10-02T01:08Z,2812,gA,2.029
2026-10-02T01:08Z,2812,g98e5,1.945
2026-10-02T01:08Z,2814,g95e5,1.785
2026-10-02T01:08Z,2814,g98e5,1.955
2026-10-02T01:08Z,2814,gB,1.925
2026-10-02T01:08Z,2815,gP,2.029
2026-10-02T01:08Z,2815,g98e5,1.949
2026-10-02T01:08Z,2816,gB,1.935
2026-10-02T01:08Z,2817,gP,2.029
2026-10-02T01:08Z,2817,g98e5,1.949
2026-10-02T01:08Z,2818,g95e5,1.789
2026-10-02T01:08Z,2818,g98e5,1.909
2026-10-02T01:08Z,2819,g98e5,1.929
2026-10-02T01:08Z,2820,g98e5,1.929
2026-10-02T01:08Z,2821,g98e5,1.939
2026-10-02T01:08Z,2822,g95e5,1.829
2026-10-02T01:08Z,2822,g98e5,1.949
2026-10-02T01:08Z,2823,gP,2.035
2026-10-02T01:08Z,2823,g98e5,1.939
2026-10-02T01:08Z,2824,g98e5,1.969
2026-10-02T01:08Z,2825,g95e5,1.769
2026-10-02T01:08Z,2825,g98e5,1.939
2026-10-02T01:08Z,2826,g95e5,1.779
2026-10-02T01:08Z,2826,gP,2.069
2026-10-02T01:08Z,2826,g98e5,1.899
2026-10-02T01:08Z,2827,g95e5,1.779
2026-10-02T01:08Z,2827,gP,2.069
2026-10-02T01:08Z,2827,g98e5,1.899
2026-10-02T01:08Z,2828,g95e5,1.825
2026-10-02T01:08Z,2828,gA,2.019
2026-10-02T01:08Z,2828,g98e5,1.945
2026-10-02T01:08Z,2831,gB,1.935
2026-10-02T01:08Z,2833,g98e5,1.949
2026-10-02T01:08Z,2836,gA,2.014
2026-10-02T01:08Z,2836,gP,2.099
2026-10-02T01:08Z,2840,g95e5,1.795
2026-10-02T01:08Z,2840,gA,2.035
2026-10-02T01:08Z,2840,g98e5,1.915
2026-10-02T01:08Z,2843,gA,2.024
2026-10-02T01:08Z,2843,gP,2.099
2026-10-02T01:08Z,2844,gA,2.024
2026-10-02T01:08Z,2844,gP,2.099
2026-10-02T01:08Z,2851,gA,1.964
2026-10-02T01:08Z,2851,gB,1.828
2026-10-02T01:08Z,2852,gA,2.014
2026-10-02T01:08Z,2852,gP,2.099
2026-10-02T01:08Z,2854,g95e5,1.889
2026-10-02T01:08Z,2854,gA,2.018
2026-10-02T01:08Z,2854,gP,2.109
2026-10-02T01:08Z,2854,g95e5p,1.933
2026-10-02T01:08Z,2854,gB,1.893
2026-10-02T01:08Z,2857,gA,2.024
2026-10-02T01:08Z,2857,gP,2.089
2026-10-02T01:08Z,2858,gA,2.024
2026-10-02T01:08Z,2858,gP,2.089
2026-10-02T01:08Z,2861,gA,1.964
2026-10-02T01:08Z,2861,gP,2.029
2026-10-02T01:08Z,2865,gA,1.984
2026-10-02T01:08Z,2865,gP,2.074
2026-10-02T01:08Z,2871,gA,1.999
2026-10-02T01:08Z,2871,gP,2.079
2026-10-02T01:08Z,2875,gA,2.004
2026-10-02T01:08Z,2875,gP,2.079
2026-10-02T01:08Z,2876,gA,2.024
2026-10-02T01:08Z,2876,gP,2.074
2026-10-02T01:08Z,2877,gA,2.024
2026-10-02T01:08Z,2877,gP,2.074
2026-10-02T01:08Z,2884,gA,1.984
2026-10-02T01:08Z,2884,gP,2.079
2026-10-02T01:08Z,2885,gA,2.024
2026-10-02T01:08Z,2885,gP,2.099
2026-10-02T01:08Z,2887,g95e5,1.845
2026-10-02T01:08Z,2887,gA,1.999
2026-10-02T01:08Z,2887,gP,2.089
2026-10-02T01:08Z,2887,g98e5,1.985
2026-10-02T01:08Z,2888,g95e5,1.845
2026-10-02T01:08Z,2888,gA,1.999
2026-10-02T01:08Z,2888,gP,2.089
2026-10-02T01:08Z,2888,g98e5,1.985
2026-10-02T01:08Z,2909,gA,2.005
2026-10-02T01:08Z,2909,g98e5,1.999
2026-10-02T01:08Z,2912,g98e5,1.959
2026-10-02T01:08Z,2914,g98e5,1.959
2026-10-02T01:08Z,2920,g95e5,1.815
2026-10-02T01:08Z,2920,gA,2.005
2026-10-02T01:08Z,2920,g98e5,1.985
2026-10-02T01:08Z,2926,gA,1.944
2026-10-02T01:08Z,2926,gP,1.994
2026-10-02T01:08Z,2927,g95e5,1.779
2026-10-02T01:08Z,2927,g95e5p,1.829
2026-10-02T01:08Z,2928,g95e5,1.849
2026-10-02T01:08Z,2928,gA,2.019
2026-10-02T01:08Z,2928,gP,2.109
2026-10-02T01:08Z,2928,g98e5,1.989
2026-10-02T01:08Z,2929,g95e5,1.724
2026-10-02T01:08Z,2929,gA,1.894
2026-10-02T01:08Z,2929,gP,1.944
2026-10-02T01:08Z,2929,g98e5,1.864
2026-10-02T01:08Z,2931,gA,2.034
2026-10-02T01:08Z,2931,gP,2.099
2026-10-02T01:08Z,2931,gB,1.898
2026-10-02T01:08Z,2932,gP,2.065
2026-10-02T01:08Z,2932,g98e5,1.939
2026-10-02T01:08Z,2935,g95e5,1.855
2026-10-02T01:08Z,2935,gA,2.045
2026-10-02T01:08Z,2935,g98e5,1.975
2026-10-02T01:08Z,2945,gA,1.964
2026-10-02T01:08Z,2945,gP,2.079
2026-10-02T01:08Z,2948,g95e5,1.849
2026-10-02T01:08Z,2948,gA,1.999
2026-10-02T01:08Z,2948,gP,2.099
2026-10-02T01:08Z,2949,g95e5,1.849
2026-10-02T01:08Z,2949,gA,1.999
2026-10-02T01:08Z,2949,gP,2.099
2026-10-02T01:08Z,2953,gA,1.964
2026-10-02T01:08Z,2953,gP,2.049
2026-10-02T01:08Z,2953,gB,1.928
2026-10-02T01:08Z,2955,gA,2.014
2026-10-02T01:08Z,2955,gP,2.099
2026-10-02T01:08Z,2964,g95e5,1.809
2026-10-02T01:08Z,2964,g98e5,1.949
2026-10-02T01:08Z,2968,g98e5,1.915
2026-10-02T01:08Z,2969,g95e5,1.625
2026-10-02T01:08Z,2969,gA,1.679
2026-10-02T01:08Z,2970,gA,2.004
2026-10-02T01:08Z,2970,gP,2.054
2026-10-02T01:08Z,2971,gA,2.014
2026-10-02T01:08Z,2971,gP,2.099
2026-10-02T01:08Z,2975,gA,2.004
2026-10-02T01:08Z,2975,gP,2.099
2026-10-02T01:08Z,2981,gA,2.014
2026-10-02T01:08Z,2981,gP,2.099
2026-10-02T01:08Z,2997,g95e5,1.815
2026-10-02T01:08Z,2997,gA,2.015
2026-10-02T01:08Z,2997,g98e5,1.935
2026-10-02T01:08Z,3010,g95e5,1.809
2026-10-02T01:08Z,3010,g98e5,1.929
2026-10-02T01:08Z,3017,gA,1.964
2026-10-02T01:08Z,3017,gP,2.069
2026-10-02T01:08Z,3017,gB,1.928
2026-10-02T01:08Z,3020,g95e5,1.815
2026-10-02T01:08Z,3020,gA,2.029
2026-10-02T01:08Z,3020,gP,2.119
2026-10-02T01:08Z,3020,g98e5,1.955
2026-10-02T01:08Z,3021,g95e5,1.815
2026-10-02T01:08Z,3021,gA,2.029
2026-10-02T01:08Z,3021,gP,2.119
2026-10-02T01:08Z,3021,g98e5,1.955
2026-10-02T01:08Z,3029,gP,2.045
2026-10-02T01:08Z,3029,g98e5,1.945
2026-10-02T01:08Z,3030,gP,2.045
2026-10-02T01:08Z,3030,g98e5,1.945
2026-10-02T01:08Z,3034,gA,1.974
2026-10-02T01:08Z,3034,gP,2.059
2026-10-02T01:08Z,3042,gA,2.014
2026-10-02T01:08Z,3042,gP,2.099
2026-10-02T01:08Z,3067,gA,1.884
2026-10-02T01:08Z,3067,gP,1.934
2026-10-02T01:08Z,3069,g95e5,1.789
2026-10-02T01:08Z,3069,g95e5p,1.839
2026-10-02T01:08Z,3074,gA,1.999
2026-10-02T01:08Z,3074,gP,2.049
2026-10-02T01:08Z,3077,g95e5,1.849
2026-10-02T01:08Z,3077,gA,2.019
2026-10-02T01:08Z,3077,gP,2.109
2026-10-02T01:08Z,3077,g98e5,1.989
2026-10-02T01:08Z,3091,g95e5,1.789
2026-10-02T01:08Z,3091,g95e5p,1.839
2026-10-02T01:08Z,3093,gA,1.994
2026-10-02T01:08Z,3093,gP,2.109
2026-10-02T01:08Z,3093,gB,1.923
2026-10-02T01:08Z,3094,gA,2.019
2026-10-02T01:08Z,3094,gP,2.109
2026-10-02T01:08Z,3095,g95e5,1.839
2026-10-02T01:08Z,3095,gA,2.029
2026-10-02T01:08Z,3095,gP,2.119
2026-10-02T01:08Z,3095,g98e5,1.979
2026-10-02T01:08Z,3104,gA,2.019
2026-10-02T01:08Z,3104,gP,2.109
2026-10-02T01:08Z,3106,g98e5,1.959
2026-10-02T01:08Z,3109,gA,1.975
2026-10-02T01:08Z,3109,g98e5,1.975
2026-10-02T01:08Z,3110,g95e5,1.815
2026-10-02T01:08Z,3110,g98e5,1.985
2026-10-02T01:08Z,3115,gA,1.999
2026-10-02T01:08Z,3115,gP,2.109
2026-10-02T01:08Z,3116,gA,1.999
2026-10-02T01:08Z,3116,gP,2.109
2026-10-02T01:08Z,3118,g95e5,1.809
2026-10-02T01:08Z,3118,g98e5,1.979
2026-10-02T01:08Z,3119,g95e5,1.809
2026-10-02T01:08Z,3119,g98e5,1.979
2026-10-02T01:08Z,3120,g95e5,1.835
2026-10-02T01:08Z,3120,gA,2.019
2026-10-02T01:08Z,3120,gP,2.109
2026-10-02T01:08Z,3120,g98e5,1.975
2026-10-02T01:08Z,3121,g95e5,1.865
2026-10-02T01:08Z,3121,gA,2.029
2026-10-02T01:08Z,3121,gP,2.119
2026-10-02T01:08Z,3121,g98e5,2.005
2026-10-02T01:08Z,3122,g95e5,1.805
2026-10-02T01:08Z,3122,gA,1.975
2026-10-02T01:08Z,3122,gP,2.065
2026-10-02T01:08Z,3122,g98e5,1.945
2026-10-02T01:08Z,3123,g98e5,1.955
2026-10-02T01:08Z,3124,g95e5,1.865
2026-10-02T01:08Z,3124,gA,2.029
2026-10-02T01:08Z,3124,gP,2.119
2026-10-02T01:08Z,3124,g98e5,2.005
2026-10-02T01:08Z,3133,gA,1.994
2026-10-02T01:08Z,3133,gP,2.109
2026-10-02T01:08Z,3134,gA,2.009
2026-10-02T01:08Z,3134,gP,2.099
2026-10-02T01:08Z,3137,gA,1.999
2026-10-02T01:08Z,3137,gP,2.109
2026-10-02T01:08Z,3138,gA,1.999
2026-10-02T01:08Z,3138,gP,2.109
2026-10-02T01:08Z,3139,gA,1.994
2026-10-02T01:08Z,3139,gP,2.109
2026-10-02T01:08Z,3140,gA,1.999
2026-10-02T01:08Z,3140,gP,2.109
2026-10-02T01:08Z,3141,gA,1.999
2026-10-02T01:08Z,3141,gP,2.109
2026-10-02T01:08Z,3143,g98e5,1.955
2026-10-02T01:08Z,3143,gB,1.895
2026-10-02T01:08Z,3145,g95e5,1.849
2026-10-02T01:08Z,3145,gA,2.009
2026-10-02T01:08Z,3145,gP,2.099
2026-10-02T01:08Z,3145,g98e5,1.989
2026-10-02T01:08Z,3149,g95e5,1.849
2026-10-02T01:08Z,3149,gA,2.009
2026-10-02T01:08Z,3149,gP,2.099
2026-10-02T01:08Z,3149,g98e5,1.989
2026-10-02T01:08Z,3151,g98e5,1.955
2026-10-02T01:08Z,3155,g95e5,1.815
2026-10-02T01:08Z,3155,gA,2.049
2026-10-02T01:08Z,3155,g98e5,1.935
2026-10-02T01:08Z,3157,g95e5,1.835
2026-10-02T01:08Z,3157,gA,1.985
2026-10-02T01:08Z,3157,gP,2.075
2026-10-02T01:08Z,3157,g98e5,1.975
2026-10-02T01:08Z,3158,gA,1.989
2026-10-02T01:08Z,3158,gP,2.079
2026-10-02T01:08Z,3159,gA,1.989
2026-10-02T01:08Z,3159,gP,2.079
2026-10-02T01:08Z,3160,g95e5,1.835
2026-10-02T01:08Z,3160,g98e5,1.955
2026-10-02T01:08Z,3161,g95e5,1.835
2026-10-02T01:08Z,3161,g98e5,1.955
2026-10-02T01:08Z,3163,g98e5,1.995
2026-10-02T01:08Z,3163,gB,1.905
2026-10-02T01:08Z,3167,g98e5,1.955
2026-10-02T01:08Z,3168,gA,1.985
2026-10-02T01:08Z,3172,g95e5,1.899
2026-10-02T01:08Z,3172,gA,2.029
2026-10-02T01:08Z,3172,gP,2.149
2026-10-02T01:08Z,3172,g98e5,1.999
2026-10-02T01:08Z,3174,g98e5,1.979
2026-10-02T01:08Z,3175,gA,2.005
2026-10-02T01:08Z,3175,g98e5,1.975
2026-10-02T01:08Z,3176,g95e5,1.845
2026-10-02T01:08Z,3176,gA,2.035
2026-10-02T01:08Z,3176,gP,2.125
2026-10-02T01:08Z,3176,g98e5,1.985
2026-10-02T01:08Z,3180,gA,2.009
2026-10-02T01:08Z,3180,g98e5,1.939
2026-10-02T01:08Z,3182,g98e5,1.965
2026-10-02T01:08Z,3183,g98e5,1.965
2026-10-02T01:08Z,3185,g95e5,1.829
2026-10-02T01:08Z,3185,g98e5,1.949
2026-10-02T01:08Z,3192,g98e5,1.995
2026-10-02T01:08Z,3192,gB,1.905
2026-10-02T01:08Z,3198,gA,2.009
2026-10-02T01:08Z,3198,g98e5,2.009
2026-10-02T01:08Z,3199,g95e5,1.805
2026-10-02T01:08Z,3199,g98e5,1.975
2026-10-02T01:08Z,3199,g95e5p,1.885
2026-10-02T01:08Z,3205,g98e5,2.009
2026-10-02T01:08Z,3212,gA,1.999
2026-10-02T01:08Z,3212,gP,2.109
2026-10-02T01:08Z,3216,g95e5,1.599
2026-10-02T01:08Z,3216,gA,1.699
2026-10-02T01:08Z,3217,gA,2.005
2026-10-02T01:08Z,3217,g98e5,1.965
2026-10-02T01:08Z,3218,g95e5,1.865
2026-10-02T01:08Z,3219,gA,2.019
2026-10-02T01:08Z,3219,gP,2.109
2026-10-02T01:08Z,3230,gA,1.979
2026-10-02T01:08Z,3230,gP,2.059
2026-10-02T01:08Z,3235,g98e5,1.979
2026-10-02T01:08Z,3235,gB,1.779
2026-10-02T01:08Z,3237,gB,1.789
2026-10-02T01:08Z,3238,g98e5,1.949
2026-10-02T01:08Z,3240,g95e5,1.855
2026-10-02T01:08Z,3240,gP,2.035
2026-10-02T01:08Z,3240,g98e5,1.975
2026-10-02T01:08Z,3240,gB,1.835
2026-10-02T01:08Z,3241,g95e5,1.845
2026-10-02T01:08Z,3241,g98e5,1.985
2026-10-02T01:08Z,3242,gP,2.049
2026-10-02T01:08Z,3242,g98e5,1.979
2026-10-02T01:08Z,3242,gB,1.775
2026-10-02T01:08Z,3243,gA,1.939
2026-10-02T01:08Z,3243,gP,2.049
2026-10-02T01:08Z,3243,g98e5,1.979
2026-10-02T01:08Z,3244,g95e5,1.849
2026-10-02T01:08Z,3244,g98e5,1.969
2026-10-02T01:08Z,3244,gB,1.799
2026-10-02T01:08Z,3245,gP,2.049
2026-10-02T01:08Z,3245,g98e5,1.979
2026-10-02T01:08Z,3246,g95e5,1.855
2026-10-02T01:08Z,3246,gA,1.989
2026-10-02T01:08Z,3246,gB,1.835
2026-10-02T01:08Z,3250,gP,2.085
2026-10-02T01:08Z,3250,g98e5,1.965
2026-10-02T01:08Z,3252,gA,1.959
2026-10-02T01:08Z,3252,gP,2.069
2026-10-02T01:08Z,3252,gB,1.779
2026-10-02T01:08Z,3255,g95e5,1.845
2026-10-02T01:08Z,3255,gP,2.099
2026-10-02T01:08Z,3255,g98e5,1.965
2026-10-02T01:08Z,3257,gP,2.049
2026-10-02T01:08Z,3257,g98e5,1.979
2026-10-02T01:08Z,3260,gP,2.049
2026-10-02T01:08Z,3262,g98e5,1.949
2026-10-02T01:08Z,3266,g98e5,1.979
2026-10-02T01:08Z,3267,g95e5,1.845
2026-10-02T01:08Z,3267,gP,2.069
2026-10-02T01:08Z,3267,g98e5,1.985
2026-10-02T01:08Z,3269,g98e5,1.965
2026-10-02T01:08Z,3270,gA,1.989
2026-10-02T01:08Z,3270,g98e5,1.939
2026-10-02T01:08Z,3272,g95e5,1.815
2026-10-02T01:08Z,3272,gA,1.945
2026-10-02T01:08Z,3272,g98e5,1.935
2026-10-02T01:08Z,3272,g95e5p,1.895
2026-10-02T01:08Z,3274,gP,2.085
2026-10-02T01:08Z,3274,g98e5,1.965
2026-10-02T01:08Z,3276,g95e5,1.839
2026-10-02T01:08Z,3276,gP,2.075
2026-10-02T01:08Z,3276,gB,1.789
2026-10-02T01:08Z,3277,gB,1.795
2026-10-02T01:08Z,3281,gA,1.994
2026-10-02T01:08Z,3281,gP,2.059
2026-10-02T01:08Z,3284,gP,2.049
2026-10-02T01:08Z,3286,g95e5,1.845
2026-10-02T01:08Z,3286,g98e5,1.985
2026-10-02T01:08Z,3288,g98e5,1.985
2026-10-02T01:08Z,3289,g95e5,1.845
2026-10-02T01:08Z,3289,gP,2.069
2026-10-02T01:08Z,3289,g98e5,1.985
2026-10-02T01:08Z,3289,gB,1.789
2026-10-02T01:08Z,3290,g98e5,1.979
2026-10-02T01:08Z,3292,g98e5,1.949
2026-10-02T01:08Z,3292,gB,1.775
2026-10-02T01:08Z,3293,g95e5,1.865
2026-10-02T01:08Z,3293,g98e5,1.985
2026-10-02T01:08Z,3293,g95e5p,1.935
2026-10-02T01:08Z,3298,g95e5,1.815
2026-10-02T01:08Z,3298,g98e5,1.935
2026-10-02T01:08Z,3298,gB,1.835
2026-10-02T01:08Z,3304,g95e5,1.809
2026-10-02T01:08Z,3304,gA,1.969
2026-10-02T01:08Z,3304,gP,2.019
2026-10-02T01:08Z,3306,gA,1.979
2026-10-02T01:08Z,3306,gB,1.828
2026-10-02T01:08Z,3310,g98e5,1.949
2026-10-02T01:08Z,3313,gP,1.999
2026-10-02T01:08Z,3313,g98e5,1.985
2026-10-02T01:08Z,3315,gP,2.069
2026-10-02T01:08Z,3315,g98e5,1.965
2026-10-02T01:08Z,3317,g98e5,1.985
2026-10-02T01:08Z,3318,g98e5,1.985
2026-10-02T01:08Z,3320,g98e5,1.929
2026-10-02T01:08Z,3324,gP,2.049
2026-10-02T01:08Z,3324,g98e5,1.979
2026-10-02T01:08Z,3325,g95e5,1.859
2026-10-02T01:08Z,3325,gA,1.959
2026-10-02T01:08Z,3325,g98e5,2.029
2026-10-02T01:08Z,3325,gB,1.775
2026-10-02T01:08Z,3326,g95e5,1.815
2026-10-02T01:08Z,3326,g98e5,1.935
2026-10-02T01:08Z,3326,gB,1.819
2026-10-02T01:08Z,3327,gA,1.969
2026-10-02T01:08Z,3327,g98e5,1.979
2026-10-02T01:08Z,3327,gB,1.819
2026-10-02T01:08Z,3329,g95e5,1.815
2026-10-02T01:08Z,3329,gA,1.959
2026-10-02T01:08Z,3329,g98e5,1.985
2026-10-02T01:08Z,3329,gB,1.829
2026-10-02T01:08Z,3332,gA,1.679
2026-10-02T01:08Z,3335,g98e5,1.939
2026-10-02T01:08Z,3336,gP,2.069
2026-10-02T01:08Z,3336,g98e5,1.965
2026-10-02T01:08Z,3337,gA,1.969
2026-10-02T01:08Z,3337,gP,2.029
2026-10-02T01:08Z,3337,g98e5,1.985
2026-10-02T01:08Z,3338,gP,2.055
2026-10-02T01:08Z,3338,g98e5,1.949
2026-10-02T01:08Z,3339,gP,2.069
2026-10-02T01:08Z,3339,g98e5,1.965
2026-10-02T01:08Z,3349,gA,1.979
2026-10-02T01:08Z,3349,gP,2.029
2026-10-02T01:08Z,3357,gA,1.979
2026-10-02T01:08Z,3357,gP,2.059
2026-10-02T01:08Z,3361,gA,1.979
2026-10-02T01:08Z,3361,gP,2.039
2026-10-02T01:08Z,3362,gA,1.979
2026-10-02T01:08Z,3362,gP,2.039
2026-10-02T01:08Z,3364,gA,1.979
2026-10-02T01:08Z,3364,gP,2.059
2026-10-02T01:08Z,3376,gA,1.979
2026-10-02T01:08Z,3376,gP,2.069
2026-10-02T01:08Z,3377,gA,1.979
2026-10-02T01:08Z,3377,gP,2.069
2026-10-02T01:08Z,3391,gA,1.979
2026-10-02T01:08Z,3391,gP,2.059
2026-10-02T01:08Z,3402,g95e5,1.829
2026-10-02T01:08Z,3402,gP,2.025
2026-10-02T01:08Z,3402,g98e5,1.949
2026-10-02T01:08Z,3410,gA,1.959
2026-10-02T01:08Z,3410,gP,2.059
2026-10-02T01:08Z,3410,gB,1.848
2026-10-02T01:08Z,3412,gA,1.949
2026-10-02T01:08Z,3412,gP,2.049
2026-10-02T01:08Z,3417,gA,1.949
2026-10-02T01:08Z,3417,gP,2.049
2026-10-02T01:08Z,3418,gA,1.959
2026-10-02T01:08Z,3418,gP,2.049
2026-10-02T01:08Z,3418,gB,1.848
2026-10-02T01:08Z,3419,gA,1.959
2026-10-02T01:08Z,3419,gP,2.049
2026-10-02T01:08Z,3419,gB,1.848
2026-10-02T01:08Z,3422,g95e5,1.839
2026-10-02T01:08Z,3422,gA,1.949
2026-10-02T01:08Z,3422,gP,2.039
2026-10-02T01:08Z,3422,g98e5,1.980
2026-10-02T01:08Z,3422,gB,1.870
2026-10-02T01:08Z,3424,gA,1.969
2026-10-02T01:08Z,3424,gP,2.069
2026-10-02T01:08Z,3425,gA,1.969
2026-10-02T01:08Z,3425,gP,2.069
2026-10-02T01:08Z,3429,g95e5,1.809
2026-10-02T01:08Z,3429,gA,1.819
2026-10-02T01:08Z,3429,gP,1.869
2026-10-02T01:08Z,3429,g98e5,1.959
2026-10-02T01:08Z,3430,g95e5,1.809
2026-10-02T01:08Z,3430,gA,1.819
2026-10-02T01:08Z,3430,gP,1.869
2026-10-02T01:08Z,3430,g98e5,1.959
2026-10-02T01:08Z,3438,gA,1.959
2026-10-02T01:08Z,3438,gP,2.059
2026-10-02T01:08Z,3438,gB,1.848
2026-10-02T01:08Z,3446,gA,1.949
2026-10-02T01:08Z,3446,gP,2.059
2026-10-02T01:08Z,3446,gB,1.848
2026-10-02T01:08Z,3450,g95e5,1.839
2026-10-02T01:08Z,3450,gA,1.949
2026-10-02T01:08Z,3450,gP,2.039
2026-10-02T01:08Z,3450,g98e5,1.980
2026-10-02T01:08Z,3456,gA,1.969
2026-10-02T01:08Z,3456,gP,2.069
2026-10-02T01:08Z,3457,gA,1.995
2026-10-02T01:08Z,3457,gP,2.105
2026-10-02T01:08Z,3457,g98e5,1.965
2026-10-02T01:08Z,3458,g95e5,1.969
2026-10-02T01:08Z,3458,g98e5,2.099
2026-10-02T01:08Z,3462,gA,2.009
2026-10-02T01:08Z,3462,g98e5,1.979
2026-10-02T01:08Z,3464,gA,1.995
2026-10-02T01:08Z,3464,gP,2.105
2026-10-02T01:08Z,3464,g98e5,1.995
2026-10-02T01:08Z,3464,gB,1.775
2026-10-02T01:08Z,3470,g95e5,1.865
2026-10-02T01:08Z,3470,gA,1.945
2026-10-02T01:08Z,3470,gP,2.055
2026-10-02T01:08Z,3470,g98e5,2.035
2026-10-02T01:08Z,3472,gP,2.019
2026-10-02T01:08Z,3472,g98e5,1.975
2026-10-02T01:08Z,3474,gP,2.065
2026-10-02T01:08Z,3474,g98e5,1.979
2026-10-02T01:08Z,3475,gP,2.075
2026-10-02T01:08Z,3475,g98e5,2.035
2026-10-02T01:08Z,3476,g98e5,2.035
2026-10-02T01:08Z,3477,g95e5,1.829
2026-10-02T01:08Z,3477,gA,2.029
2026-10-02T01:08Z,3477,gP,2.119
2026-10-02T01:08Z,3477,g98e5,1.969
2026-10-02T01:08Z,3478,g98e5,1.995
2026-10-02T01:08Z,3481,gA,1.955
2026-10-02T01:08Z,3481,gP,2.015
2026-10-02T01:08Z,3481,g98e5,1.959
2026-10-02T01:08Z,3484,gA,1.959
2026-10-02T01:08Z,3484,gP,2.069
2026-10-02T01:08Z,3484,g98e5,1.945
2026-10-02T01:08Z,3487,gA,1.995
2026-10-02T01:08Z,3487,gP,2.105
2026-10-02T01:08Z,3487,g98e5,1.955
2026-10-02T01:08Z,3493,gP,2.105
2026-10-02T01:08Z,3494,gA,2.005
2026-10-02T01:08Z,3494,gP,2.115
2026-10-02T01:08Z,3494,gB,1.789
2026-10-02T01:08Z,3501,g95e5,1.825
2026-10-02T01:08Z,3501,gA,1.999
2026-10-02T01:08Z,3501,gP,2.089
2026-10-02T01:08Z,3501,g98e5,1.965
2026-10-02T01:08Z,3505,gA,1.974
2026-10-02T01:08Z,3505,gP,2.049
2026-10-02T01:08Z,3506,gA,2.024
2026-10-02T01:08Z,3506,gP,2.099
2026-10-02T01:08Z,3509,gA,2.004
2026-10-02T01:08Z,3509,gP,2.069
2026-10-02T01:08Z,3511,g95e5,1.829
2026-10-02T01:08Z,3511,gA,2.029
2026-10-02T01:08Z,3511,gP,2.119
2026-10-02T01:08Z,3511,g98e5,1.969
2026-10-02T01:08Z,3517,gA,1.959
2026-10-02T01:08Z,3517,gP,2.069
2026-10-02T01:08Z,3517,g98e5,1.995
2026-10-02T01:08Z,3521,gA,2.005
2026-10-02T01:08Z,3521,gP,2.065
2026-10-02T01:08Z,3521,g98e5,1.999
2026-10-02T01:08Z,3521,gB,1.899
2026-10-02T01:08Z,3522,gP,2.099
2026-10-02T01:08Z,3522,g98e5,1.999
2026-10-02T01:08Z,3524,g98e5,1.995
2026-10-02T01:08Z,3527,g95e5,1.799
2026-10-02T01:08Z,3527,gP,2.085
2026-10-02T01:08Z,3527,g98e5,1.969
2026-10-02T01:08Z,3529,gP,2.075
2026-10-02T01:08Z,3529,g98e5,1.985
2026-10-02T01:08Z,3534,gA,2.029
2026-10-02T01:08Z,3534,gP,2.139
2026-10-02T01:08Z,3534,g98e5,1.995
2026-10-02T01:08Z,3535,g95e5,1.869
2026-10-02T01:08Z,3535,gA,1.999
2026-10-02T01:08Z,3535,gP,2.059
2026-10-02T01:08Z,3536,g95e5,1.809
2026-10-02T01:08Z,3536,gP,2.115
2026-10-02T01:08Z,3536,g98e5,1.979
2026-10-02T01:08Z,3539,gA,1.995
2026-10-02T01:08Z,3539,g98e5,1.995
2026-10-02T01:08Z,3541,g95e5,1.879
2026-10-02T01:08Z,3541,g98e5,1.999
2026-10-02T01:08Z,3541,g95e5p,1.949
2026-10-02T01:08Z,3548,g95e5,1.809
2026-10-02T01:08Z,3548,gA,2.015
2026-10-02T01:08Z,3548,gP,2.105
2026-10-02T01:08Z,3548,g98e5,1.949
2026-10-02T01:08Z,3550,g95e5,1.825
2026-10-02T01:08Z,3550,gA,1.939
2026-10-02T01:08Z,3550,g98e5,1.995
2026-10-02T01:08Z,3553,g95e5,1.849
2026-10-02T01:08Z,3553,gA,1.999
2026-10-02T01:08Z,3553,g98e5,1.969
2026-10-02T01:08Z,3554,gA,1.939
2026-10-02T01:08Z,3554,g98e5,1.995
2026-10-02T01:08Z,3554,gB,1.865
2026-10-02T01:08Z,3555,gA,1.979
2026-10-02T01:08Z,3555,gP,2.039
2026-10-02T01:08Z,3555,g98e5,2.025
2026-10-02T01:08Z,3557,gA,1.975
2026-10-02T01:08Z,3557,g98e5,2.005
2026-10-02T01:08Z,3567,g98e5,2.009
2026-10-02T01:08Z,3568,gP,2.065
2026-10-02T01:08Z,3568,g98e5,2.009
2026-10-02T01:08Z,3569,gA,1.999
2026-10-02T01:08Z,3569,g98e5,1.999
2026-10-02T01:08Z,3570,g95e5,1.835
2026-10-02T01:08Z,3577,gA,1.979
2026-10-02T01:08Z,3577,gP,2.039
2026-10-02T01:08Z,3577,g98e5,1.995
2026-10-02T01:08Z,3578,gP,2.079
2026-10-02T01:08Z,3578,g98e5,1.995
2026-10-02T01:08Z,3581,gA,1.939
2026-10-02T01:08Z,3581,g98e5,1.945
2026-10-02T01:08Z,3582,gA,1.959
2026-10-02T01:08Z,3582,gP,2.079
2026-10-02T01:08Z,3586,g95e5,1.969
2026-10-02T01:08Z,3586,g98e5,2.079
2026-10-02T01:08Z,3587,g98e5,1.955
2026-10-02T01:08Z,3587,gB,1.775
2026-10-02T01:08Z,3590,g98e5,2.025
2026-10-02T01:08Z,3591,g98e5,2.049
2026-10-02T01:08Z,3591,gB,1.865
2026-10-02T01:08Z,3592,gP,2.099
2026-10-02T01:08Z,3595,g95e5,1.799
2026-10-02T01:08Z,3595,g98e5,1.969
2026-10-02T01:08Z,3598,g95e5,1.849
2026-10-02T01:08Z,3598,gA,1.955
2026-10-02T01:08Z,3598,gP,2.045
2026-10-02T01:08Z,3598,g98e5,1.989
2026-10-02T01:08Z,3602,gA,1.939
2026-10-02T01:08Z,3602,gB,1.899
2026-10-02T01:08Z,3603,g95e5,1.849
2026-10-02T01:08Z,3603,gA,1.955
2026-10-02T01:08Z,3603,gP,2.045
2026-10-02T01:08Z,3603,g98e5,1.989
2026-10-02T01:08Z,3604,g95e5,1.829
2026-10-02T01:08Z,3604,gA,2.025
2026-10-02T01:08Z,3604,gP,2.115
2026-10-02T01:08Z,3604,g98e5,1.969
2026-10-02T01:08Z,3607,g95e5,1.829
2026-10-02T01:08Z,3607,g98e5,1.969
2026-10-02T01:08Z,3610,g95e5,1.855
2026-10-02T01:08Z,3610,gA,1.975
2026-10-02T01:08Z,3610,gP,2.065
2026-10-02T01:08Z,3610,g98e5,1.995
2026-10-02T01:08Z,3612,gP,2.145
2026-10-02T01:08Z,3612,g98e5,1.949
2026-10-02T01:08Z,3614,g95e5,1.839
2026-10-02T01:08Z,3614,gA,1.985
2026-10-02T01:08Z,3614,gP,2.075
2026-10-02T01:08Z,3614,g98e5,1.979
2026-10-02T01:08Z,3616,g95e5,1.839
2026-10-02T01:08Z,3616,gP,2.059
2026-10-02T01:08Z,3616,g95e5p,1.909
2026-10-02T01:08Z,3618,g95e5,1.785
2026-10-02T01:08Z,3618,gA,2.005
2026-10-02T01:08Z,3618,gP,2.115
2026-10-02T01:08Z,3618,g98e5,1.955
2026-10-02T01:08Z,3619,g98e5,1.975
2026-10-02T01:08Z,3621,gA,1.955
2026-10-02T01:08Z,3621,gP,2.055
2026-10-02T01:08Z,3622,g95e5,1.825
2026-10-02T01:08Z,3622,gA,1.999
2026-10-02T01:08Z,3622,gP,2.089
2026-10-02T01:08Z,3622,g98e5,1.965
2026-10-02T01:08Z,3623,gA,1.955
2026-10-02T01:08Z,3623,gP,2.015
2026-10-02T01:08Z,3623,g98e5,2.009
2026-10-02T01:08Z,3629,gA,2.024
2026-10-02T01:08Z,3629,gP,2.099
2026-10-02T01:08Z,3632,g95e5,1.849
2026-10-02T01:08Z,3632,gA,1.955
2026-10-02T01:08Z,3632,gP,2.045
2026-10-02T01:08Z,3632,g98e5,1.989
2026-10-02T01:08Z,3635,g95e5,1.849
2026-10-02T01:08Z,3635,gA,1.979
2026-10-02T01:08Z,3635,gP,2.089
2026-10-02T01:08Z,3635,g98e5,2.019
2026-10-02T01:08Z,3640,g95e5,1.969
2026-10-02T01:08Z,3640,g98e5,2.099
2026-10-02T01:08Z,3646,g98e5,1.949
2026-10-02T01:08Z,3646,gB,1.809
2026-10-02T01:08Z,3647,g98e5,1.999
2026-10-02T01:08Z,3648,gP,2.119
2026-10-02T01:08Z,3648,gB,1.809
2026-10-02T01:08Z,3651,g95e5,1.829
2026-10-02T01:08Z,3651,gA,1.979
2026-10-02T01:08Z,3651,g98e5,1.999
2026-10-02T01:08Z,3651,g95e5p,1.899
2026-10-02T01:08Z,3651,gB,1.865
2026-10-02T01:08Z,3652,gA,1.949
2026-10-02T01:08Z,3652,gP,2.059
2026-10-02T01:08Z,3655,gP,2.099
2026-10-02T01:08Z,3658,gP,2.115
2026-10-02T01:08Z,3658,g98e5,1.955
2026-10-02T01:08Z,3660,gP,2.059
2026-10-02T01:08Z,3660,g98e5,1.995
2026-10-02T01:08Z,3661,gP,2.069
2026-10-02T01:08Z,3661,g98e5,2.009
2026-10-02T01:08Z,3668,gA,1.945
2026-10-02T01:08Z,3668,gP,2.055
2026-10-02T01:08Z,3668,g98e5,1.995
2026-10-02T01:08Z,3668,gB,1.865
2026-10-02T01:08Z,3671,gA,2.029
2026-10-02T01:08Z,3671,gP,2.119
2026-10-02T01:08Z,3673,gA,1.945
2026-10-02T01:08Z,3675,gP,2.075
2026-10-02T01:08Z,3675,g98e5,2.015
2026-10-02T01:08Z,3676,gP,2.105
2026-10-02T01:08Z,3676,g98e5,1.965
2026-10-02T01:08Z,3676,gB,1.775
2026-10-02T01:08Z,3677,gP,2.065
2026-10-02T01:08Z,3677,gB,1.775
2026-10-02T01:08Z,3680,gA,1.975
2026-10-02T01:08Z,3680,gP,2.035
2026-10-02T01:08Z,3680,g98e5,1.985
2026-10-02T01:08Z,3681,gP,2.019
2026-10-02T01:08Z,3681,g98e5,1.975
2026-10-02T01:08Z,3682,gP,2.075
2026-10-02T01:08Z,3682,g98e5,1.985
2026-10-02T01:08Z,3683,g95e5,1.969
2026-10-02T01:08Z,3684,gP,2.065
2026-10-02T01:08Z,3684,g98e5,2.009
2026-10-02T01:08Z,3687,g98e5,2.025
2026-10-02T01:08Z,3688,g95e5,1.829
2026-10-02T01:08Z,3688,gA,1.959
2026-10-02T01:08Z,3688,g98e5,1.949
2026-10-02T01:08Z,3690,g95e5,1.855
2026-10-02T01:08Z,3690,gA,1.959
2026-10-02T01:08Z,3690,g98e5,1.975
2026-10-02T01:08Z,3691,g95e5,1.979
2026-10-02T01:08Z,3691,g98e5,2.059
2026-10-02T01:08Z,3692,g98e5,1.995
2026-10-02T01:08Z,3692,gB,1.899
2026-10-02T01:08Z,3694,g95e5,1.865
2026-10-02T01:08Z,3694,gA,1.945
2026-10-02T01:08Z,3694,g98e5,1.985
2026-10-02T01:08Z,3696,gP,2.049
2026-10-02T01:08Z,3696,g98e5,1.999
2026-10-02T01:08Z,3697,gA,1.979
2026-10-02T01:08Z,3697,g98e5,1.985
2026-10-02T01:08Z,3698,gP,2.105
2026-10-02T01:08Z,3698,g98e5,1.955
2026-10-02T01:08Z,3699,g95e5,1.885
2026-10-02T01:08Z,3699,gP,2.049
2026-10-02T01:08Z,3699,g98e5,2.055
2026-10-02T01:08Z,3700,gP,2.059
2026-10-02T01:08Z,3700,g98e5,1.995
2026-10-02T01:08Z,3701,gA,1.955
2026-10-02T01:08Z,3701,gP,2.065
2026-10-02T01:08Z,3701,g98e5,1.949
2026-10-02T01:08Z,3706,gA,1.999
2026-10-02T01:08Z,3706,gP,2.049
2026-10-02T01:08Z,3711,g95e5,1.831
2026-10-02T01:08Z,3711,gA,1.959
2026-10-02T01:08Z,3711,gP,2.049
2026-10-02T01:08Z,3711,g98e5,1.969
2026-10-02T01:08Z,3716,g95e5,1.849
2026-10-02T01:08Z,3716,gA,1.955
2026-10-02T01:08Z,3716,gP,2.045
2026-10-02T01:08Z,3716,g98e5,1.989
2026-10-02T01:08Z,3717,gA,1.959
2026-10-02T01:08Z,3717,gP,2.049
2026-10-02T01:08Z,3718,gA,2.009
2026-10-02T01:08Z,3718,gP,2.099
2026-10-02T01:08Z,3725,g98e5,1.969
2026-10-02T01:08Z,3725,g95e5p,1.839
2026-10-02T01:08Z,3733,g95e5,1.809
2026-10-02T01:08Z,3733,gA,1.819
2026-10-02T01:08Z,3733,gP,1.869
2026-10-02T01:08Z,3733,g98e5,1.959
2026-10-02T01:08Z,3734,g95e5,1.809
2026-10-02T01:08Z,3734,gA,1.819
2026-10-02T01:08Z,3734,g98e5,1.989
2026-10-02T01:08Z,3736,gA,2.014
2026-10-02T01:08Z,3736,gP,2.079
2026-10-02T01:08Z,3744,gA,1.959
2026-10-02T01:08Z,3744,gP,2.049
2026-10-02T01:08Z,3745,gA,2.014
2026-10-02T01:08Z,3745,gP,2.079
2026-10-02T01:08Z,3747,gA,2.009
2026-10-02T01:08Z,3747,gP,2.099
2026-10-02T01:08Z,3748,gP,2.069
2026-10-02T01:08Z,3748,g98e5,2.009
2026-10-02T01:08Z,3762,g95e5,1.825
2026-10-02T01:08Z,3762,gA,1.999
2026-10-02T01:08Z,3762,gP,2.089
2026-10-02T01:08Z,3762,g98e5,1.965
2026-10-02T01:08Z,3763,g95e5,1.845
2026-10-02T01:08Z,3763,gP,2.039
2026-10-02T01:08Z,3770,g95e5,1.875
2026-10-02T01:08Z,3770,gP,1.985
2026-10-02T01:08Z,3770,g98e5,2.045
2026-10-02T01:08Z,3784,gP,1.995
2026-10-02T01:08Z,3784,g98e5,1.995
2026-10-02T01:08Z,3786,g95e5,1.859
2026-10-02T01:08Z,3786,gA,1.969
2026-10-02T01:08Z,3786,g98e5,1.999
2026-10-02T01:08Z,3786,gB,1.770
2026-10-02T01:08Z,3796,gP,2.025
2026-10-02T01:08Z,3796,g98e5,2.025
2026-10-02T01:08Z,3798,gP,1.999
2026-10-02T01:08Z,3798,g98e5,1.995
2026-10-02T01:08Z,3798,gB,1.815
2026-10-02T01:08Z,3803,g95e5,1.885
2026-10-02T01:08Z,3803,gA,1.979
2026-10-02T01:08Z,3803,gP,2.069
2026-10-02T01:08Z,3803,g98e5,2.025
2026-10-02T01:08Z,3806,g95e5,1.875
2026-10-02T01:08Z,3806,gP,2.009
2026-10-02T01:08Z,3806,g98e5,1.995
2026-10-02T01:08Z,3806,g95e5p,1.945
2026-10-02T01:08Z,3811,g95e5,1.879
2026-10-02T01:08Z,3811,gA,1.939
2026-10-02T01:08Z,3811,gP,2.029
2026-10-02T01:08Z,3811,g98e5,2.019
2026-10-02T01:08Z,3814,gP,2.029
2026-10-02T01:08Z,3814,g98e5,2.035
2026-10-02T01:08Z,3814,gB,1.815
2026-10-02T01:08Z,3823,gP,2.025
2026-10-02T01:08Z,3823,g98e5,2.025
2026-10-02T01:08Z,3826,gP,1.985
2026-10-02T01:08Z,3827,gP,1.989
2026-10-02T01:08Z,3831,gP,2.015
2026-10-02T01:08Z,3831,gB,1.759
2026-10-02T01:08Z,3832,g95e5,1.899
2026-10-02T01:08Z,3832,gA,1.959
2026-10-02T01:08Z,3832,g98e5,2.019
2026-10-02T01:08Z,3839,gP,2.049
2026-10-02T01:08Z,3839,g98e5,2.009
2026-10-02T01:08Z,3840,gP,2.059
2026-10-02T01:08Z,3840,g98e5,2.019
2026-10-02T01:08Z,3841,gP,2.049
2026-10-02T01:08Z,3841,g98e5,2.009
2026-10-02T01:08Z,3843,gP,2.045
2026-10-02T01:08Z,3843,g98e5,1.959
2026-10-02T01:08Z,3844,gP,2.045
2026-10-02T01:08Z,3844,g98e5,1.959
2026-10-02T01:08Z,3851,g95e5,1.859
2026-10-02T01:08Z,3851,gP,1.989
2026-10-02T01:08Z,3851,g98e5,2.029
2026-10-02T01:08Z,3852,gA,1.935
2026-10-02T01:08Z,3852,gP,1.995
2026-10-02T01:08Z,3852,g98e5,2.029
2026-10-02T01:08Z,3855,g95e5,1.859
2026-10-02T01:08Z,3855,gP,1.989
2026-10-02T01:08Z,3857,g95e5,1.859
2026-10-02T01:08Z,3857,gP,1.995
2026-10-02T01:08Z,3857,g98e5,2.029
2026-10-02T01:08Z,3860,g95e5,1.885
2026-10-02T01:08Z,3860,gA,1.979
2026-10-02T01:08Z,3860,gP,2.069
2026-10-02T01:08Z,3860,g98e5,2.025
2026-10-02T01:08Z,3862,g95e5,1.889
2026-10-02T01:08Z,3862,gP,2.059
2026-10-02T01:08Z,3862,g98e5,2.059
2026-10-02T01:08Z,3866,gP,2.005
2026-10-02T01:08Z,3866,g98e5,2.039
2026-10-02T01:08Z,3872,g95e5,1.875
2026-10-02T01:08Z,3872,g98e5,2.015
2026-10-02T01:08Z,3872,g95e5p,1.945
2026-10-02T01:08Z,3876,g95e5,1.885
2026-10-02T01:08Z,3876,gA,1.999
2026-10-02T01:08Z,3878,gP,1.985
2026-10-02T01:08Z,3878,g98e5,1.995
2026-10-02T01:08Z,3878,gB,1.759
2026-10-02T01:08Z,3881,gA,1.974
2026-10-02T01:08Z,3881,gP,2.069
2026-10-02T01:08Z,3882,gP,2.049
2026-10-02T01:08Z,3882,g98e5,2.069
2026-10-02T01:08Z,3882,gB,1.815
2026-10-02T01:08Z,3884,gP,1.995
2026-10-02T01:08Z,3884,g98e5,2.029
2026-10-02T01:08Z,3885,g95e5,1.879
2026-10-02T01:08Z,3885,gA,1.939
2026-10-02T01:08Z,3885,gP,2.029
2026-10-02T01:08Z,3885,g98e5,2.019
2026-10-02T01:08Z,3887,g98e5,1.995
2026-10-02T01:08Z,3887,gB,1.815
2026-10-02T01:08Z,3889,g95e5,1.889
2026-10-02T01:08Z,3889,gA,1.935
2026-10-02T01:08Z,3891,gA,1.974
2026-10-02T01:08Z,3891,gP,2.059
2026-10-02T01:08Z,3892,gA,1.974
2026-10-02T01:08Z,3892,gP,2.059
2026-10-02T01:08Z,3895,g95e5,1.879
2026-10-02T01:08Z,3895,g98e5,2.049
2026-10-02T01:08Z,3897,g98e5,1.995
2026-10-02T01:08Z,3898,gP,2.025
2026-10-02T01:08Z,3898,g98e5,1.985
2026-10-02T01:08Z,3899,g95e5,1.859
2026-10-02T01:08Z,3899,g98e5,1.979
2026-10-02T01:08Z,3899,g95e5p,1.939
2026-10-02T01:08Z,3901,gA,1.995
2026-10-02T01:08Z,3901,gP,2.055
2026-10-02T01:08Z,3901,g98e5,1.995
2026-10-02T01:08Z,3902,g95e5,1.865
2026-10-02T01:08Z,3902,gP,2.029
2026-10-02T01:08Z,3902,g98e5,2.035
2026-10-02T01:08Z,3904,gA,1.955
2026-10-02T01:08Z,3904,gP,2.015
2026-10-02T01:08Z,3904,g98e5,2.019
2026-10-02T01:08Z,3907,gP,1.989
2026-10-02T01:08Z,3907,g98e5,2.035
2026-10-02T01:08Z,3907,gB,1.775
2026-10-02T01:08Z,3913,g95e5,1.875
2026-10-02T01:08Z,3913,gA,1.989
2026-10-02T01:08Z,3913,gP,2.079
2026-10-02T01:08Z,3913,g98e5,2.015
2026-10-02T01:08Z,3916,gA,1.965
2026-10-02T01:08Z,3916,gP,2.025
2026-10-02T01:08Z,3916,g98e5,2.009
2026-10-02T01:08Z,3921,g95e5,1.845
2026-10-02T01:08Z,3921,gA,1.939
2026-10-02T01:08Z,3921,gP,2.029
2026-10-02T01:08Z,3921,g98e5,1.985
2026-10-02T01:08Z,3924,gA,1.984
2026-10-02T01:08Z,3924,gP,2.049
2026-10-02T01:08Z,3929,gA,1.935
2026-10-02T01:08Z,3929,gP,2.025
2026-10-02T01:08Z,3932,gP,2.039
2026-10-02T01:08Z,3932,g98e5,2.019
2026-10-02T01:08Z,3936,gA,1.954
2026-10-02T01:08Z,3936,gP,2.009
2026-10-02T01:08Z,3937,g95e5,1.899
2026-10-02T01:08Z,3940,g98e5,1.995
2026-10-02T01:08Z,3953,g95e5,1.865
2026-10-02T01:08Z,3953,g95e5p,1.925
2026-10-02T01:08Z,3953,gB,1.795
2026-10-02T01:08Z,3955,gA,1.985
2026-10-02T01:08Z,3956,g95e5,1.869
2026-10-02T01:08Z,3956,gA,1.969
2026-10-02T01:08Z,3956,g98e5,2.029
2026-10-02T01:08Z,3958,g95e5,1.885
2026-10-02T01:08Z,3958,gA,1.929
2026-10-02T01:08Z,3958,gP,1.989
2026-10-02T01:08Z,3958,g98e5,2.005
2026-10-02T01:08Z,3960,g95e5,1.879
2026-10-02T01:08Z,3960,gA,1.945
2026-10-02T01:08Z,3960,gP,2.005
2026-10-02T01:08Z,3960,g98e5,2.049
2026-10-02T01:08Z,3963,g95e5,1.865
2026-10-02T01:08Z,3963,g98e5,1.975
2026-10-02T01:08Z,3964,gP,2.059
2026-10-02T01:08Z,3964,g98e5,1.995
2026-10-02T01:08Z,3964,gB,1.759
2026-10-02T01:08Z,3993,gA,1.954
2026-10-02T01:08Z,3993,gP,2.044
2026-10-02T01:08Z,3996,g95e5,1.879
2026-10-02T01:08Z,3996,gA,1.939
2026-10-02T01:08Z,3996,gP,2.029
2026-10-02T01:08Z,3996,g98e5,2.019
2026-10-02T01:08Z,4012,g95e5,1.859
2026-10-02T01:08Z,4012,gA,1.975
2026-10-02T01:08Z,4012,gP,2.065
2026-10-02T01:08Z,4012,g98e5,1.999
2026-10-02T01:08Z,4014,g95e5,1.885
2026-10-02T01:08Z,4014,gA,1.979
2026-10-02T01:08Z,4014,gP,2.069
2026-10-02T01:08Z,4014,g98e5,2.025
2026-10-02T01:08Z,4018,gP,2.019
2026-10-02T01:08Z,4018,g98e5,2.029
2026-10-02T01:08Z,4019,g95e5,1.845
2026-10-02T01:08Z,4019,gA,1.939
2026-10-02T01:08Z,4019,gP,2.029
2026-10-02T01:08Z,4019,g98e5,1.985
2026-10-02T01:08Z,4021,gP,2.059
2026-10-02T01:08Z,4021,g98e5,1.995
2026-10-02T01:08Z,4025,g95e5,1.879
2026-10-02T01:08Z,4025,gA,1.969
2026-10-02T01:08Z,4025,gP,2.059
2026-10-02T01:08Z,4025,g98e5,2.019
2026-10-02T01:08Z,4032,gP,2.019
2026-10-02T01:08Z,4032,g98e5,2.029
2026-10-02T01:08Z,4034,g98e5,2.015
2026-10-02T01:08Z,4038,gP,1.985
2026-10-02T01:08Z,4038,gB,1.759
2026-10-02T01:08Z,4039,g95e5,1.845
2026-10-02T01:08Z,4039,gA,1.939
2026-10-02T01:08Z,4039,gP,2.029
2026-10-02T01:08Z,4039,g98e5,1.985
2026-10-02T01:08Z,4044,g95e5,1.875
2026-10-02T01:08Z,4044,gA,1.969
2026-10-02T01:08Z,4044,gB,1.815
2026-10-02T01:08Z,4046,gP,2.005
2026-10-02T01:08Z,4046,g98e5,2.039
2026-10-02T01:08Z,4053,gA,1.994
2026-10-02T01:08Z,4053,gP,2.059
2026-10-02T01:08Z,4053,gB,1.913
2026-10-02T01:08Z,4060,gP,1.985
2026-10-02T01:08Z,4060,gB,1.759
2026-10-02T01:08Z,4061,g95e5,1.635
2026-10-02T01:08Z,4061,gA,1.859
2026-10-02T01:08Z,4061,gP,1.959
2026-10-02T01:08Z,4061,g98e5,1.775
2026-10-02T01:08Z,4062,gP,1.999
2026-10-02T01:08Z,4062,g98e5,1.995
2026-10-02T01:08Z,4064,gA,1.954
2026-10-02T01:08Z,4064,gP,2.004
2026-10-02T01:08Z,4064,gB,1.913
2026-10-02T01:08Z,4068,g95e5,1.969
2026-10-02T01:08Z,4068,g98e5,2.079
2026-10-02T01:08Z,4069,gP,1.999
2026-10-02T01:08Z,4071,g95e5,1.885
2026-10-02T01:08Z,4071,gA,1.975
2026-10-02T01:08Z,4071,gP,2.035
2026-10-02T01:08Z,4072,g95e5,1.859
2026-10-02T01:08Z,4072,gA,1.989
2026-10-02T01:08Z,4072,gP,2.049
2026-10-02T01:08Z,4073,g98e5,2.019
2026-10-02T01:08Z,4074,g95e5,1.889
2026-10-02T01:08Z,4074,gA,1.935
2026-10-02T01:08Z,4074,g98e5,2.059
2026-10-02T01:08Z,4075,g95e5,1.895
2026-10-02T01:08Z,4075,gA,1.935
2026-10-02T01:08Z,4075,gP,1.995
2026-10-02T01:08Z,4075,g98e5,2.065
2026-10-02T01:08Z,4076,gP,2.025
2026-10-02T01:08Z,4076,g98e5,1.999
2026-10-02T01:08Z,4078,g95e5,1.895
2026-10-02T01:08Z,4078,gA,1.975
2026-10-02T01:08Z,4078,g98e5,2.065
2026-10-02T01:08Z,4079,g98e5,1.995
2026-10-02T01:08Z,4085,g95e5,1.875
2026-10-02T01:08Z,4085,gP,2.009
2026-10-02T01:08Z,4085,g98e5,2.015
2026-10-02T01:08Z,4088,g95e5,1.899
2026-10-02T01:08Z,4088,gA,1.959
2026-10-02T01:08Z,4090,gP,1.989
2026-10-02T01:08Z,4090,g98e5,2.015
2026-10-02T01:08Z,4091,gA,1.995
2026-10-02T01:08Z,4091,gP,2.055
2026-10-02T01:08Z,4093,gP,2.029
2026-10-02T01:08Z,4093,g98e5,2.005
2026-10-02T01:08Z,4094,gP,2.049
2026-10-02T01:08Z,4094,gB,1.815
2026-10-02T01:08Z,4095,gP,2.049
2026-10-02T01:08Z,4095,g98e5,2.009
2026-10-02T01:08Z,4096,gP,2.039
2026-10-02T01:08Z,4096,g98e5,2.015
2026-10-02T01:08Z,4097,gP,2.039
2026-10-02T01:08Z,4097,g98e5,2.015
2026-10-02T01:08Z,4098,gP,2.025
2026-10-02T01:08Z,4098,g98e5,1.959
2026-10-02T01:08Z,4104,gP,2.059
2026-10-02T01:08Z,4104,g98e5,2.019
2026-10-02T01:08Z,4108,gA,1.969
2026-10-02T01:08Z,4108,gP,2.059
2026-10-02T01:08Z,4109,g95e5,1.899
2026-10-02T01:08Z,4109,gA,1.995
2026-10-02T01:08Z,4109,gP,2.085
2026-10-02T01:08Z,4109,g98e5,2.039
2026-10-02T01:08Z,4110,g95e5,1.899
2026-10-02T01:08Z,4110,gA,1.995
2026-10-02T01:08Z,4110,gP,2.085
2026-10-02T01:08Z,4110,g98e5,2.039
2026-10-02T01:08Z,4111,gP,2.059
2026-10-02T01:08Z,4111,g98e5,2.019
2026-10-02T01:08Z,4117,g95e5,1.845
2026-10-02T01:08Z,4117,gA,1.979
2026-10-02T01:08Z,4117,gP,2.069
2026-10-02T01:08Z,4117,g98e5,1.985
2026-10-02T01:08Z,4118,gP,2.039
2026-10-02T01:08Z,4118,g98e5,2.019
2026-10-02T01:08Z,4127,g95e5,1.865
2026-10-02T01:08Z,4127,gP,2.055
2026-10-02T01:08Z,4128,g95e5,1.689
2026-10-02T01:08Z,4155,gA,1.929
2026-10-02T01:08Z,4158,g95e5,1.825
2026-10-02T01:08Z,4158,gA,1.989
2026-10-02T01:08Z,4158,gP,2.079
2026-10-02T01:08Z,4158,g98e5,1.965
2026-10-02T01:08Z,4160,g95e5,1.939
2026-10-02T01:08Z,4160,g98e5,1.999
2026-10-02T01:08Z,4166,g98e5,1.949
2026-10-02T01:08Z,4167,gA,1.974
2026-10-02T01:08Z,4167,gP,2.059
2026-10-02T01:08Z,4168,g95e5,1.825
2026-10-02T01:08Z,4168,gA,1.989
2026-10-02T01:08Z,4169,g95e5,1.779
2026-10-02T01:08Z,4169,gA,1.969
2026-10-02T01:08Z,4169,gP,2.059
2026-10-02T01:08Z,4169,g98e5,1.919
2026-10-02T01:08Z,4169,gB,1.739
2026-10-02T01:08Z,4170,g95e5,1.825
2026-10-02T01:08Z,4170,gA,1.989
2026-10-02T01:08Z,4170,gP,2.079
2026-10-02T01:08Z,4170,g98e5,1.965
2026-10-02T01:08Z,4175,g95e5,1.839
2026-10-02T01:08Z,4175,gA,1.984
2026-10-02T01:08Z,4175,gP,2.079
2026-10-02T01:08Z,4175,g98e5,1.985
2026-10-02T01:08Z,4175,gB,1.823
2026-10-02T01:08Z,4186,g95e5,1.835
2026-10-02T01:08Z,4186,gA,1.989
2026-10-02T01:08Z,4186,gP,2.079
2026-10-02T01:08Z,4186,g98e5,1.975
2026-10-02T01:08Z,4193,gA,1.974
2026-10-02T01:08Z,4193,gP,2.034
2026-10-02T01:08Z,4195,g95e5,1.899
2026-10-02T01:08Z,4195,g98e5,2.049
2026-10-02T01:08Z,4196,g95e5,1.829
2026-10-02T01:08Z,4196,gA,1.989
2026-10-02T01:08Z,4196,g98e5,1.969
2026-10-02T01:08Z,4198,g98e5,1.929
2026-10-02T01:08Z,4204,g95e5,1.819
2026-10-02T01:08Z,4204,g98e5,1.929
2026-10-02T01:08Z,4204,g95e5p,1.879
2026-10-02T01:08Z,4205,g98e5,1.955
2026-10-02T01:08Z,4206,gP,2.065
2026-10-02T01:08Z,4206,g98e5,1.955
2026-10-02T01:08Z,4207,g98e5,1.959
2026-10-02T01:08Z,4211,g98e5,1.905
2026-10-02T01:08Z,4214,g98e5,1.959
2026-10-02T01:08Z,4216,g95e5,1.815
2026-10-02T01:08Z,4216,gA,1.959
2026-10-02T01:08Z,4216,g98e5,1.935
2026-10-02T01:08Z,4216,gB,1.885
2026-10-02T01:08Z,4217,g95e5,1.959
2026-10-02T01:08Z,4217,gA,1.959
2026-10-02T01:08Z,4217,gP,2.059
2026-10-02T01:08Z,4217,g98e5,2.129
2026-10-02T01:08Z,4217,glp,1.199
2026-10-02T01:08Z,4218,g95e5,1.639
2026-10-02T01:08Z,4218,gA,1.789
2026-10-02T01:08Z,4218,gP,1.859
2026-10-02T01:08Z,4218,g98e5,1.799
2026-10-02T01:08Z,4223,g95e5,1.835
2026-10-02T01:08Z,4223,g95e5p,1.905
2026-10-02T01:08Z,4223,gB,1.859
2026-10-02T01:08Z,4224,g95e5,1.959
2026-10-02T01:08Z,4224,gA,1.959
2026-10-02T01:08Z,4224,gP,2.059
2026-10-02T01:08Z,4224,g98e5,2.129
2026-10-02T01:08Z,4225,g95e5,1.789
2026-10-02T01:08Z,4228,g95e5,1.779
2026-10-02T01:08Z,4228,gA,1.969
2026-10-02T01:08Z,4228,gP,2.059
2026-10-02T01:08Z,4228,g98e5,1.919
2026-10-02T01:08Z,4229,g98e5,1.965
2026-10-02T01:08Z,4230,g98e5,1.935
2026-10-02T01:08Z,4231,g98e5,1.935
2026-10-02T01:08Z,4233,g95e5,1.795
2026-10-02T01:08Z,4233,g98e5,1.915
2026-10-02T01:08Z,4238,g95e5,1.835
2026-10-02T01:08Z,4238,g95e5p,1.905
2026-10-02T01:08Z,4241,g95e5,1.899
2026-10-02T01:08Z,4241,g98e5,2.049
2026-10-02T01:08Z,4243,gA,1.954
2026-10-02T01:08Z,4243,gP,2.069
2026-10-02T01:08Z,4245,gA,1.955
2026-10-02T01:08Z,4245,g98e5,1.899
2026-10-02T01:08Z,4246,gA,1.974
2026-10-02T01:08Z,4246,gP,2.089
2026-10-02T01:08Z,4247,gA,1.964
2026-10-02T01:08Z,4247,gP,2.089
2026-10-02T01:08Z,4248,gA,1.964
2026-10-02T01:08Z,4248,gP,2.089
2026-10-02T01:08Z,4249,gA,1.969
2026-10-02T01:08Z,4249,gB,1.859
2026-10-02T01:08Z,4258,g98e5,1.965
2026-10-02T01:08Z,4259,g98e5,1.965
2026-10-02T01:08Z,4264,gA,1.964
2026-10-02T01:08Z,4264,gP,2.089
2026-10-02T01:08Z,4265,gA,1.964
2026-10-02T01:08Z,4265,gP,2.089
2026-10-02T01:08Z,4266,g95e5,1.849
2026-10-02T01:08Z,4266,g98e5,1.989
2026-10-02T01:08Z,4267,g98e5,1.935
2026-10-02T01:08Z,4269,g95e5,1.815
2026-10-02T01:08Z,4270,g98e5,1.929
2026-10-02T01:08Z,4275,g98e5,1.899
2026-10-02T01:08Z,4275,gB,1.825
2026-10-02T01:08Z,4277,g98e5,1.965
2026-10-02T01:08Z,4278,gA,1.974
2026-10-02T01:08Z,4278,gP,2.069
2026-10-02T01:08Z,4278,gB,1.853
2026-10-02T01:08Z,4283,gA,1.954
2026-10-02T01:08Z,4283,gP,2.069
2026-10-02T01:08Z,4284,g95e5,1.829
2026-10-02T01:08Z,4284,g98e5,1.949
2026-10-02T01:08Z,4286,g98e5,1.899
2026-10-02T01:08Z,4289,g98e5,1.945
2026-10-02T01:08Z,4290,g98e5,1.945
2026-10-02T01:08Z,4306,gP,2.059
2026-10-02T01:08Z,4306,g98e5,1.989
2026-10-02T01:08Z,4307,g95e5,1.809
2026-10-02T01:08Z,4307,gA,1.999
2026-10-02T01:08Z,4307,gP,2.059
2026-10-02T01:08Z,4307,g98e5,1.979
2026-10-02T01:08Z,4307,gB,1.859
2026-10-02T01:08Z,4310,g95e5,1.774
2026-10-02T01:08Z,4310,gA,1.954
2026-10-02T01:08Z,4310,gP,2.004
2026-10-02T01:08Z,4310,g98e5,1.864
2026-10-02T01:08Z,4312,gA,1.999
2026-10-02T01:08Z,4312,gP,2.109
2026-10-02T01:08Z,4314,gA,2.019
2026-10-02T01:08Z,4314,gP,2.109
2026-10-02T01:08Z,4316,g95e5,1.855
2026-10-02T01:08Z,4316,gA,2.015
2026-10-02T01:08Z,4316,gP,2.105
2026-10-02T01:08Z,4316,g98e5,1.995
2026-10-02T01:08Z,4319,g98e5,1.959
2026-10-02T01:08Z,4320,gA,1.994
2026-10-02T01:08Z,4320,gP,2.099
2026-10-02T01:08Z,4321,gA,2.009
2026-10-02T01:08Z,4321,gP,2.099
2026-10-02T01:08Z,4322,gA,2.029
2026-10-02T01:08Z,4324,gP,2.085
2026-10-02T01:08Z,4324,g98e5,1.975
2026-10-02T01:08Z,4325,gA,1.984
2026-10-02T01:08Z,4325,gP,2.049
2026-10-02T01:08Z,4327,g95e5,1.839
2026-10-02T01:08Z,4327,gA,1.989
2026-10-02T01:08Z,4327,g98e5,1.959
2026-10-02T01:08Z,4327,g95e5p,1.909
2026-10-02T01:08Z,4328,g98e5,2.005
2026-10-02T01:08Z,4329,g98e5,2.005
2026-10-02T01:08Z,4333,g95e5,1.805
2026-10-02T01:08Z,4333,g98e5,1.925
2026-10-02T01:08Z,4334,gP,2.095
2026-10-02T01:08Z,4334,g98e5,1.955
2026-10-02T01:08Z,4337,g95e5,1.855
2026-10-02T01:08Z,4337,g98e5,2.025
2026-10-02T01:08Z,4339,g98e5,1.929
2026-10-02T01:08Z,4340,g95e5,1.889
2026-10-02T01:08Z,4340,gA,1.975
2026-10-02T01:08Z,4340,g98e5,2.009
2026-10-02T01:08Z,4342,g95e5,1.805
2026-10-02T01:08Z,4342,gA,2.049
2026-10-02T01:08Z,4342,g98e5,1.975
2026-10-02T01:08Z,4346,gA,1.999
2026-10-02T01:08Z,4346,gP,2.109
2026-10-02T01:08Z,4347,g95e5,1.865
2026-10-02T01:08Z,4347,gA,2.029
2026-10-02T01:08Z,4347,g98e5,1.985
2026-10-02T01:08Z,4349,g95e5,1.849
2026-10-02T01:08Z,4349,g98e5,1.969
2026-10-02T01:08Z,4351,g98e5,1.985
2026-10-02T01:08Z,4352,gA,1.979
2026-10-02T01:08Z,4352,g98e5,2.009
2026-10-02T01:08Z,4353,g98e5,1.975
2026-10-02T01:08Z,4354,g98e5,1.975
2026-10-02T01:08Z,4356,gA,1.989
2026-10-02T01:08Z,4356,gP,2.079
2026-10-02T01:08Z,4358,g95e5,1.865
2026-10-02T01:08Z,4358,g98e5,1.985
2026-10-02T01:08Z,4448,g95e5,1.865
2026-10-02T01:08Z,4448,gA,2.029
2026-10-02T01:08Z,4448,g98e5,1.985
2026-10-02T01:08Z,4451,g95e5,1.849
2026-10-02T01:08Z,4451,gA,1.939
2026-10-02T01:08Z,4451,gP,1.989
2026-10-02T01:08Z,4451,g98e5,1.999
2026-10-02T01:08Z,4452,g95e5,1.835
2026-10-02T01:08Z,4452,gA,2.015
2026-10-02T01:08Z,4452,gP,2.105
2026-10-02T01:08Z,4454,g95e5,1.819
2026-10-02T01:08Z,4454,gA,1.999
2026-10-02T01:08Z,4454,gP,2.089
2026-10-02T01:08Z,4454,g98e5,1.959
2026-10-02T01:08Z,4461,gA,2.025
2026-10-02T01:08Z,4461,g98e5,1.979
2026-10-02T01:08Z,4462,g95e5,1.835
2026-10-02T01:08Z,4462,gA,2.015
2026-10-02T01:08Z,4462,g98e5,1.955
2026-10-02T01:08Z,4463,gA,1.999
2026-10-02T01:08Z,4463,gP,2.109
2026-10-02T01:08Z,4463,gB,1.963
2026-10-02T01:08Z,4466,g95e5,1.819
2026-10-02T01:08Z,4466,gA,1.989
2026-10-02T01:08Z,4466,gP,2.099
2026-10-02T01:08Z,4467,g98e5,1.989
2026-10-02T01:08Z,4468,g98e5,1.959
2026-10-02T01:08Z,4469,gA,2.019
2026-10-02T01:08Z,4469,gP,2.109
2026-10-02T01:08Z,4475,gA,2.009
2026-10-02T01:08Z,4475,g98e5,1.989
2026-10-02T01:08Z,4478,g95e5,1.839
2026-10-02T01:08Z,4478,gA,2.015
2026-10-02T01:08Z,4478,g98e5,1.959
2026-10-02T01:08Z,4478,g95e5p,1.919
2026-10-02T01:08Z,4481,gA,1.999
2026-10-02T01:08Z,4481,gP,2.109
2026-10-02T01:08Z,4483,gA,1.975
2026-10-02T01:08Z,4483,g98e5,1.995
2026-10-02T01:08Z,4485,gA,1.999
2026-10-02T01:08Z,4485,gP,2.054
2026-10-02T01:08Z,4486,gA,1.999
2026-10-02T01:08Z,4486,gP,2.089
2026-10-02T01:08Z,4490,gA,2.029
2026-10-02T01:08Z,4490,g98e5,1.985
2026-10-02T01:08Z,4492,gA,1.994
2026-10-02T01:08Z,4492,gP,2.109
2026-10-02T01:08Z,4496,gA,1.975
2026-10-02T01:08Z,4497,g95e5,1.815
2026-10-02T01:08Z,4497,gA,1.975
2026-10-02T01:08Z,4498,g95e5,1.845
2026-10-02T01:08Z,4499,g95e5,1.819
2026-10-02T01:08Z,4499,gA,1.979
2026-10-02T01:08Z,4500,gA,1.975
2026-10-02T01:08Z,4501,g95e5,1.859
2026-10-02T01:08Z,4504,g95e5,1.839
2026-10-02T01:08Z,4505,gP,2.055
2026-10-02T01:08Z,4511,gP,2.055
2026-10-02T01:08Z,4515,gA,1.999
2026-10-02T01:08Z,4515,gP,2.099
2026-10-02T01:08Z,4516,gA,1.999
2026-10-02T01:08Z,4516,gP,2.099
2026-10-02T01:08Z,4517,g95e5,1.839
2026-10-02T01:08Z,4517,gA,1.979
2026-10-02T01:08Z,4518,g95e5,1.865
2026-10-02T01:08Z,4518,gA,1.989
2026-10-02T01:08Z,4518,gP,2.079
2026-10-02T01:08Z,4518,g98e5,2.005
2026-10-02T01:08Z,4521,gA,1.989
2026-10-02T01:08Z,4524,g98e5,1.925
2026-10-02T01:08Z,4525,gA,2.009
2026-10-02T01:08Z,4525,g98e5,1.975
2026-10-02T01:08Z,4526,g95e5,1.885
2026-10-02T01:08Z,4526,gA,1.979
2026-10-02T01:08Z,4526,g98e5,2.005
2026-10-02T01:08Z,4526,g95e5p,1.945
2026-10-02T01:08Z,4527,g98e5,2.009
2026-10-02T01:08Z,4528,g98e5,1.959
2026-10-02T01:08Z,4531,gA,2.009
2026-10-02T01:08Z,4531,g98e5,2.059
2026-10-02T01:08Z,4534,gA,1.999
2026-10-02T01:08Z,4534,gP,2.109
2026-10-02T01:08Z,4536,gA,1.979
2026-10-02T01:08Z,4538,gA,1.985
2026-10-02T01:08Z,4538,g98e5,1.959
2026-10-02T01:08Z,4539,gA,1.999
2026-10-02T01:08Z,4539,gP,2.109
2026-10-02T01:08Z,4540,gA,2.049
2026-10-02T01:08Z,4540,g98e5,2.005
2026-10-02T01:08Z,4540,gB,1.895
2026-10-02T01:08Z,4541,gA,2.029
2026-10-02T01:08Z,4541,g98e5,1.975
2026-10-02T01:08Z,4542,g95e5,1.809
2026-10-02T01:08Z,4542,gA,2.019
2026-10-02T01:08Z,4542,gP,2.079
2026-10-02T01:08Z,4543,g98e5,1.999
2026-10-02T01:08Z,4544,gA,2.009
2026-10-02T01:08Z,4544,g98e5,1.959
2026-10-02T01:08Z,4546,g95e5,1.839
2026-10-02T01:08Z,4546,g98e5,1.959
2026-10-02T01:08Z,4546,g95e5p,1.909
2026-10-02T01:08Z,4547,g95e5,1.849
2026-10-02T01:08Z,4549,g95e5,1.809
2026-10-02T01:08Z,4555,gA,1.994
2026-10-02T01:08Z,4555,gP,2.044
2026-10-02T01:08Z,4556,gA,1.999
2026-10-02T01:08Z,4556,gP,2.109
2026-10-02T01:08Z,4557,gA,2.025
2026-10-02T01:08Z,4561,g95e5,1.849
2026-10-02T01:08Z,4561,gA,1.975
2026-10-02T01:08Z,4568,g95e5,1.819
2026-10-02T01:08Z,4568,gA,2.049
2026-10-02T01:08Z,4568,g98e5,1.939
2026-10-02T01:08Z,4569,gA,1.999
2026-10-02T01:08Z,4569,gP,2.109
2026-10-02T01:08Z,4576,gB,1.905
2026-10-02T01:08Z,4578,g95e5,1.815
2026-10-02T01:08Z,4578,gA,2.029
2026-10-02T01:08Z,4578,g95e5p,1.865
2026-10-02T01:08Z,4579,gA,2.015
2026-10-02T01:08Z,4579,g98e5,1.975
2026-10-02T01:08Z,4580,g98e5,1.955
2026-10-02T01:08Z,4581,g95e5,1.819
2026-10-02T01:08Z,4581,gA,2.009
2026-10-02T01:08Z,4581,gP,2.109
2026-10-02T01:08Z,4581,g98e5,1.929
2026-10-02T01:08Z,4582,gA,1.985
2026-10-02T01:08Z,4583,gA,2.009
2026-10-02T01:08Z,4583,gP,2.099
2026-10-02T01:08Z,4586,gA,2.005
2026-10-02T01:08Z,4588,gA,2.009
2026-10-02T01:08Z,4588,g98e5,1.955
2026-10-02T01:08Z,4591,g95e5,1.989
2026-10-02T01:08Z,4591,g98e5,2.189
2026-10-02T01:08Z,4592,gA,1.999
2026-10-02T01:08Z,4592,gP,2.109
2026-10-02T01:08Z,4593,gA,1.999
2026-10-02T01:08Z,4593,gP,2.109
2026-10-02T01:08Z,4595,g98e5,2.019
2026-10-02T01:08Z,4597,gA,1.974
2026-10-02T01:08Z,4597,gP,2.089
2026-10-02T01:08Z,4598,g95e5,1.855
2026-10-02T01:08Z,4598,g98e5,1.975
2026-10-02T01:08Z,4601,gA,1.999
2026-10-02T01:08Z,4601,gP,2.109
2026-10-02T01:08Z,4603,g98e5,1.925
2026-10-02T01:08Z,4604,gA,1.979
2026-10-02T01:08Z,4604,g98e5,1.975
2026-10-02T01:08Z,4605,g95e5,1.865
2026-10-02T01:08Z,4605,g98e5,1.985
2026-10-02T01:08Z,4607,g95e5,1.815
2026-10-02T01:08Z,4607,gA,2.009
2026-10-02T01:08Z,4607,g98e5,1.935
2026-10-02T01:08Z,4608,gA,2.009
2026-10-02T01:08Z,4608,gP,2.099
2026-10-02T01:08Z,4609,gA,2.009
2026-10-02T01:08Z,4611,g95e5,1.839
2026-10-02T01:08Z,4611,g98e5,2.009
2026-10-02T01:08Z,4613,g98e5,1.959
2026-10-02T01:08Z,4614,g95e5,1.839
2026-10-02T01:08Z,4614,gA,1.995
2026-10-02T01:08Z,4614,g98e5,1.959
2026-10-02T01:08Z,4615,g98e5,1.955
2026-10-02T01:08Z,4616,g95e5,1.839
2026-10-02T01:08Z,4616,g98e5,2.009
2026-10-02T01:08Z,4619,g98e5,1.955
2026-10-02T01:08Z,4620,g98e5,1.955
2026-10-02T01:08Z,4621,g95e5,1.845
2026-10-02T01:08Z,4621,gA,2.019
2026-10-02T01:08Z,4621,g98e5,1.965
2026-10-02T01:08Z,4622,g95e5,1.819
2026-10-02T01:08Z,4622,gA,2.009
2026-10-02T01:08Z,4622,g98e5,1.939
2026-10-02T01:08Z,4623,gA,2.029
2026-10-02T01:08Z,4623,g98e5,1.985
2026-10-02T01:08Z,4624,g98e5,1.985
2026-10-02T01:08Z,4629,gA,2.009
2026-10-02T01:08Z,4629,g98e5,1.939
2026-10-02T01:08Z,4638,g98e5,1.945
2026-10-02T01:08Z,4639,g98e5,1.945
2026-10-02T01:08Z,4640,g95e5,1.855
2026-10-02T01:08Z,4640,gA,2.015
2026-10-02T01:08Z,4640,g98e5,1.975
2026-10-02T01:08Z,4641,g98e5,1.995
2026-10-02T01:08Z,4642,g98e5,1.965
2026-10-02T01:08Z,4643,g95e5,1.819
2026-10-02T01:08Z,4643,g98e5,1.949
2026-10-02T01:08Z,4646,gA,1.999
2026-10-02T01:08Z,4646,gP,2.109
2026-10-02T01:08Z,4649,gA,1.994
2026-10-02T01:08Z,4649,gP,2.099
2026-10-02T01:08Z,4652,gA,1.964
2026-10-02T01:08Z,4652,gP,2.109
2026-10-02T01:08Z,4654,g95e5,1.849
2026-10-02T01:08Z,4654,gA,2.019
2026-10-02T01:08Z,4654,gP,2.109
2026-10-02T01:08Z,4654,g98e5,1.989
2026-10-02T01:08Z,4656,g95e5,1.834
2026-10-02T01:08Z,4656,g95e5p,1.884
2026-10-02T01:08Z,4657,g95e5,1.834
2026-10-02T01:08Z,4657,gA,1.999
2026-10-02T01:08Z,4657,gP,2.049
2026-10-02T01:08Z,4657,g95e5p,1.884
2026-10-02T01:08Z,4662,g95e5,1.819
2026-10-02T01:08Z,4662,gA,1.969
2026-10-02T01:08Z,4662,gP,2.019
2026-10-02T01:08Z,4664,gA,1.994
2026-10-02T01:08Z,4664,gP,2.109
2026-10-02T01:08Z,4674,gA,1.974
2026-10-02T01:08Z,4674,gP,2.024
2026-10-02T01:08Z,4676,g95e5,1.849
2026-10-02T01:08Z,4676,gA,2.009
2026-10-02T01:08Z,4676,gP,2.099
2026-10-02T01:08Z,4676,g98e5,1.989
2026-10-02T01:08Z,4680,gA,1.994
2026-10-02T01:08Z,4680,gP,2.044
2026-10-02T01:08Z,4682,gA,1.999
2026-10-02T01:08Z,4682,gP,2.054
2026-10-02T01:08Z,4689,gA,1.994
2026-10-02T01:08Z,4689,gP,2.044
2026-10-02T01:08Z,4690,gA,1.999
2026-10-02T01:08Z,4690,gP,2.109
2026-10-02T01:08Z,4693,gA,1.994
2026-10-02T01:08Z,4693,gP,2.109
2026-10-02T01:08Z,4694,gA,1.988
2026-10-02T01:08Z,4694,gP,2.038
2026-10-02T01:08Z,4695,gA,1.989
2026-10-02T01:08Z,4695,g98e5,1.959
2026-10-02T01:08Z,4696,gA,2.004
2026-10-02T01:08Z,4696,gP,2.054
2026-10-02T01:08Z,4700,g95e5,1.779
2026-10-02T01:08Z,4700,g98e5,1.919
2026-10-02T01:08Z,4702,g95e5,1.799
2026-10-02T01:08Z,4702,g95e5p,1.849
2026-10-02T01:08Z,4703,g95e5,1.799
2026-10-02T01:08Z,4703,g95e5p,1.849
2026-10-02T01:08Z,4707,gA,1.999
2026-10-02T01:08Z,4707,gP,2.109
2026-10-02T01:08Z,4722,gA,1.999
2026-10-02T01:08Z,4722,gP,2.109
2026-10-02T01:08Z,4725,gA,1.999
2026-10-02T01:08Z,4725,gP,2.109
2026-10-02T01:08Z,4730,gA,1.994
2026-10-02T01:08Z,4730,gP,2.059
2026-10-02T01:08Z,4732,g95e5,1.639
2026-10-02T01:08Z,4735,g95e5,1.669
2026-10-02T01:08Z,4735,g95e5p,1.700
2026-10-02T01:08Z,4759,gA,1.999
2026-10-02T01:08Z,4759,gP,2.109
2026-10-02T01:08Z,4760,gA,1.999
2026-10-02T01:08Z,4760,gP,2.109
2026-10-02T01:08Z,4762,gA,2.014
2026-10-02T01:08Z,4762,gP,2.119
2026-10-02T01:08Z,4763,gA,1.999
2026-10-02T01:08Z,4763,gP,2.109
2026-10-02T01:08Z,4785,gA,1.994
2026-10-02T01:08Z,4785,gP,2.069
2026-10-02T01:08Z,4796,gP,2.054
2026-10-02T01:08Z,4806,g95e5,1.789
2026-10-02T01:08Z,4806,g98e5,1.959
2026-10-02T01:08Z,4807,g95e5,1.879
2026-10-02T01:08Z,4807,gA,2.035
2026-10-02T01:08Z,4807,g98e5,2.049
2026-10-02T01:08Z,4807,gB,1.785
2026-10-02T01:08Z,4817,g95e5,1.820
2026-10-02T01:08Z,4817,gA,1.989
2026-10-02T01:08Z,4817,gP,2.029
2026-10-02T01:08Z,4817,g98e5,1.946
2026-10-02T01:08Z,4818,g95e5,1.859
2026-10-02T01:08Z,4818,gP,2.079
2026-10-02T01:08Z,4818,g98e5,2.029
2026-10-02T01:08Z,4819,g95e5,1.779
2026-10-02T01:08Z,4819,g98e5,1.889
2026-10-02T01:08Z,4820,gP,2.109
2026-10-02T01:08Z,4820,g98e5,2.005
2026-10-02T01:08Z,4820,gB,1.885
2026-10-02T01:08Z,4822,g98e5,1.935
2026-10-02T01:08Z,4822,gB,1.829
2026-10-02T01:08Z,4830,gA,1.999
2026-10-02T01:08Z,4830,gP,2.109
2026-10-02T01:08Z,4831,g95e5,1.795
2026-10-02T01:08Z,4831,gA,1.975
2026-10-02T01:08Z,4831,g98e5,1.965
2026-10-02T01:08Z,4832,g95e5,1.859
2026-10-02T01:08Z,4832,gA,2.005
2026-10-02T01:08Z,4832,gP,2.065
2026-10-02T01:08Z,4833,g95e5,1.859
2026-10-02T01:08Z,4833,gA,2.015
2026-10-02T01:08Z,4833,gP,2.075
2026-10-02T01:08Z,4833,g98e5,2.029
2026-10-02T01:08Z,4834,gA,1.949
2026-10-02T01:08Z,4834,g98e5,1.949
2026-10-02T01:08Z,4841,g98e5,1.979
2026-10-02T01:08Z,4843,gP,2.125
2026-10-02T01:08Z,4843,g98e5,1.949
2026-10-02T01:08Z,4844,gA,1.989
2026-10-02T01:08Z,4844,g95e5p,1.879
2026-10-02T01:08Z,4850,gA,1.979
2026-10-02T01:08Z,4850,g98e5,1.979
2026-10-02T01:08Z,4853,g95e5,1.907
2026-10-02T01:08Z,4853,gA,1.995
2026-10-02T01:08Z,4853,gP,2.055
2026-10-02T01:08Z,4853,gB,1.655
2026-10-02T01:08Z,4858,gA,1.999
2026-10-02T01:08Z,4858,g98e5,1.969
2026-10-02T01:08Z,4859,gB,1.779
2026-10-02T01:08Z,4862,gA,1.999
2026-10-02T01:08Z,4862,gP,2.099
2026-10-02T01:08Z,4862,g98e5,1.989
2026-10-02T01:08Z,4863,gA,1.974
2026-10-02T01:08Z,4863,gP,2.024
2026-10-02T01:08Z,4863,gB,1.838
2026-10-02T01:08Z,4864,g95e5,1.805
2026-10-02T01:08Z,4864,gA,1.975
2026-10-02T01:08Z,4864,g98e5,1.975
2026-10-02T01:08Z,4866,g98e5,1.949
2026-10-02T01:08Z,4867,g98e5,2.015
2026-10-02T01:08Z,4868,gP,2.125
2026-10-02T01:08Z,4868,g98e5,1.949
2026-10-02T01:08Z,4870,gA,1.984
2026-10-02T01:08Z,4870,gP,2.064
2026-10-02T01:08Z,4871,gA,1.984
2026-10-02T01:08Z,4871,gP,2.064
2026-10-02T01:08Z,4873,gA,1.969
2026-10-02T01:08Z,4873,gP,2.029
2026-10-02T01:08Z,4873,g98e5,1.979
2026-10-02T01:08Z,4875,gA,2.015
2026-10-02T01:08Z,4875,gP,2.095
2026-10-02T01:08Z,4875,g98e5,1.979
2026-10-02T01:08Z,4876,gA,2.009
2026-10-02T01:08Z,4876,g98e5,1.979
2026-10-02T01:08Z,4877,gA,1.979
2026-10-02T01:08Z,4877,gP,2.089
2026-10-02T01:08Z,4877,g98e5,2.015
2026-10-02T01:08Z,4878,gB,1.749
2026-10-02T01:08Z,4879,g95e5,1.845
2026-10-02T01:08Z,4879,gA,1.999
2026-10-02T01:08Z,4882,gA,2.044
2026-10-02T01:08Z,4882,gP,2.119
2026-10-02T01:08Z,4883,g95e5,1.719
2026-10-02T01:08Z,4883,g95e5p,1.769
2026-10-02T01:08Z,4886,gA,2.024
2026-10-02T01:08Z,4886,gP,2.089
2026-10-02T01:08Z,4887,gA,2.024
2026-10-02T01:08Z,4887,gP,2.089
2026-10-02T01:08Z,4890,g95e5,1.819
2026-10-02T01:08Z,4890,g98e5,1.959
2026-10-02T01:08Z,4894,g95e5,1.825
2026-10-02T01:08Z,4894,gA,2.005
2026-10-02T01:08Z,4899,g95e5,1.819
2026-10-02T01:08Z,4911,g95e5,1.839
2026-10-02T01:08Z,4911,g98e5,1.909
2026-10-02T01:08Z,4938,g95e5,1.659
2026-10-02T01:08Z,4974,gA,1.995
2026-10-02T01:08Z,4974,gP,2.105
2026-10-02T01:08Z,4974,g98e5,1.949
2026-10-02T01:08Z,4981,gA,2.034
2026-10-02T01:08Z,4981,gP,2.129
2026-10-02T01:08Z,4982,gA,2.014
2026-10-02T01:08Z,4982,gP,2.129
2026-10-02T01:08Z,4983,gA,1.974
2026-10-02T01:08Z,4983,gP,2.054
2026-10-02T01:08Z,4984,gA,1.979
2026-10-02T01:08Z,4984,gP,2.054
2026-10-02T01:08Z,4985,gA,2.014
2026-10-02T01:08Z,4985,gP,2.109
2026-10-02T01:08Z,4985,gB,1.858
2026-10-02T01:08Z,4986,g95e5,1.833
2026-10-02T01:08Z,4986,gA,2.014
2026-10-02T01:08Z,4986,gP,2.109
2026-10-02T01:08Z,4986,g98e5,1.953
2026-10-02T01:08Z,4989,gA,1.964
2026-10-02T01:08Z,4989,gP,2.054
2026-10-02T01:08Z,4990,g95e5,1.833
2026-10-02T01:08Z,4990,gA,2.104
2026-10-02T01:08Z,4990,gP,2.109
2026-10-02T01:08Z,4990,g98e5,1.953
2026-10-02T01:08Z,4991,gA,1.964
2026-10-02T01:08Z,4991,gP,2.054
2026-10-02T01:08Z,4999,gA,2.004
2026-10-02T01:08Z,4999,gP,2.054
2026-10-02T01:08Z,4999,gB,1.933
2026-10-02T01:08Z,5000,gA,1.999
2026-10-02T01:08Z,5000,gP,2.059
2026-10-02T01:08Z,5007,gA,1.984
2026-10-02T01:08Z,5007,gP,2.069
2026-10-02T01:08Z,5010,gA,2.029
2026-10-02T01:08Z,5012,gA,1.974
2026-10-02T01:08Z,5012,gP,2.079
2026-10-02T01:08Z,5021,gA,1.999
2026-10-02T01:08Z,5021,gP,2.059
2026-10-02T01:08Z,5021,gB,1.959
2026-10-02T01:08Z,5038,g95e5,1.729
2026-10-02T01:08Z,5041,gA,1.984
2026-10-02T01:08Z,5041,gP,2.069
2026-10-02T01:08Z,5045,g95e5,1.775
2026-10-02T01:08Z,5050,g95e5,1.785
2026-10-02T01:08Z,5050,gA,1.985
2026-10-02T01:08Z,5052,g95e5,1.795
2026-10-02T01:08Z,5052,gA,2.005
2026-10-02T01:08Z,5054,g95e5,1.825
2026-10-02T01:08Z,5054,gB,1.755
2026-10-02T01:08Z,5059,gA,1.984
2026-10-02T01:08Z,5059,gP,2.029
2026-10-02T01:08Z,5061,g95e5,1.825
2026-10-02T01:08Z,5063,g95e5,1.779
2026-10-02T01:08Z,5063,gA,1.979
2026-10-02T01:08Z,5063,gP,2.089
2026-10-02T01:08Z,5064,g95e5,1.819
2026-10-02T01:08Z,5070,g95e5,1.799
2026-10-02T01:08Z,5070,gA,1.949
2026-10-02T01:08Z,5070,gP,2.039
2026-10-02T01:08Z,5070,g98e5,1.939
2026-10-02T01:08Z,5072,g95e5,1.829
2026-10-02T01:08Z,5072,gA,2.039
2026-10-02T01:08Z,5072,g98e5,1.959
2026-10-02T01:08Z,5073,g95e5,1.829
2026-10-02T01:08Z,5073,gA,2.039
2026-10-02T01:08Z,5073,g98e5,1.989
2026-10-02T01:08Z,5074,g95e5,1.859
2026-10-02T01:08Z,5074,gA,2.004
2026-10-02T01:08Z,5074,gP,2.094
2026-10-02T01:08Z,5074,g95e5p,1.909
2026-10-02T01:08Z,5075,gP,2.139
2026-10-02T01:08Z,5075,g98e5,1.979
2026-10-02T01:08Z,5076,gA,1.989
2026-10-02T01:08Z,5076,g98e5,2.005
2026-10-02T01:08Z,5082,gA,2.024
2026-10-02T01:08Z,5082,gP,2.089
2026-10-02T01:08Z,5101,g95e5,1.765
2026-10-02T01:08Z,5101,gA,1.945
2026-10-02T01:08Z,5101,g98e5,1.935
2026-10-02T01:08Z,5101,gB,1.789
2026-10-02T01:08Z,5105,g98e5,1.935
2026-10-02T01:08Z,5105,gB,1.809
2026-10-02T01:08Z,5106,g98e5,2.015
2026-10-02T01:08Z,5108,gA,1.959
2026-10-02T01:08Z,5111,gA,1.945
2026-10-02T01:08Z,5111,g98e5,1.939
2026-10-02T01:08Z,5117,g95e5,1.809
2026-10-02T01:08Z,5117,gA,1.959
2026-10-02T01:08Z,5117,gP,1.999
2026-10-02T01:08Z,5123,g95e5,1.789
2026-10-02T01:08Z,5123,g98e5,1.959
2026-10-02T01:08Z,5123,gB,1.859
2026-10-02T01:08Z,5134,g95e5,1.789
2026-10-02T01:08Z,5134,gP,2.079
2026-10-02T01:08Z,5134,g95e5p,1.849
2026-10-02T01:08Z,5135,g98e5,2.005
2026-10-02T01:08Z,5140,g98e5,1.969
2026-10-02T01:08Z,5141,g95e5,1.869
2026-10-02T01:08Z,5141,gA,2.035
2026-10-02T01:08Z,5144,g95e5,1.809
2026-10-02T01:08Z,5144,gA,2.009
2026-10-02T01:08Z,5145,g95e5,1.815
2026-10-02T01:08Z,5145,gB,1.845
2026-10-02T01:08Z,5146,g95e5,1.825
2026-10-02T01:08Z,5146,gA,1.949
2026-10-02T01:08Z,5147,gA,2.009
2026-10-02T01:08Z,5147,gP,2.069
2026-10-02T01:08Z,5147,g98e5,2.029
2026-10-02T01:08Z,5148,gP,2.079
2026-10-02T01:08Z,5150,gP,2.125
2026-10-02T01:08Z,5150,g98e5,2.019
2026-10-02T01:08Z,5153,g95e5,1.769
2026-10-02T01:08Z,5153,gA,1.949
2026-10-02T01:08Z,5158,g98e5,1.979
2026-10-02T01:08Z,5159,g98e5,1.979
2026-10-02T01:08Z,5162,g95e5,1.819
2026-10-02T01:08Z,5162,gA,1.995
2026-10-02T01:08Z,5162,g98e5,1.989
2026-10-02T01:08Z,5163,g95e5,1.789
2026-10-02T01:08Z,5163,g98e5,1.959
2026-10-02T01:08Z,5163,gB,1.885
2026-10-02T01:08Z,5167,g95e5,1.789
2026-10-02T01:08Z,5167,gA,1.969
2026-10-02T01:08Z,5167,g98e5,1.959
2026-10-02T01:08Z,5170,g98e5,2.009
2026-10-02T01:08Z,5171,gP,2.075
2026-10-02T01:08Z,5173,gA,1.989
2026-10-02T01:08Z,5173,gP,2.109
2026-10-02T01:08Z,5174,gA,1.989
2026-10-02T01:08Z,5174,gP,2.109
2026-10-02T01:08Z,5180,gA,1.994
2026-10-02T01:08Z,5180,gP,2.089
2026-10-02T01:08Z,5183,gA,2.035
2026-10-02T01:08Z,5183,gP,2.105
2026-10-02T01:08Z,5183,g98e5,2.015
2026-10-02T01:08Z,5187,g95e5,1.875
2026-10-02T01:08Z,5187,gA,2.045
2026-10-02T01:08Z,5187,g98e5,1.995
2026-10-02T01:08Z,5188,g98e5,1.979
2026-10-02T01:08Z,5191,g95e5,1.845
2026-10-02T01:08Z,5191,gA,2.025
2026-10-02T01:08Z,5191,gP,2.085
2026-10-02T01:08Z,5191,g98e5,2.015
2026-10-02T01:08Z,5192,gA,2.004
2026-10-02T01:08Z,5192,gP,2.089
2026-10-02T01:08Z,5193,gA,2.014
2026-10-02T01:08Z,5193,gP,2.064
2026-10-02T01:08Z,5195,g95e5,1.845
2026-10-02T01:08Z,5195,gA,1.985
2026-10-02T01:08Z,5195,g98e5,1.965
2026-10-02T01:08Z,5196,g95e5,1.845
2026-10-02T01:08Z,5196,g95e5p,1.915
2026-10-02T01:08Z,5197,g98e5,1.935
2026-10-02T01:08Z,5197,gB,1.789
2026-10-02T01:08Z,5198,gA,2.009
2026-10-02T01:08Z,5198,g98e5,2.015
2026-10-02T01:08Z,5198,gB,1.749
2026-10-02T01:08Z,5203,g95e5,1.829
2026-10-02T01:08Z,5203,gP,2.085
2026-10-02T01:08Z,5203,gB,1.765
2026-10-02T01:08Z,5205,g95e5,1.789
2026-10-02T01:08Z,5205,gA,1.989
2026-10-02T01:08Z,5205,g98e5,1.929
2026-10-02T01:08Z,5205,gB,1.789
2026-10-02T01:08Z,5206,g98e5,1.949
2026-10-02T01:08Z,5208,g95e5,1.845
2026-10-02T01:08Z,5208,gA,2.025
2026-10-02T01:08Z,5208,g98e5,1.965
2026-10-02T01:08Z,5210,g98e5,1.929
2026-10-02T01:08Z,5211,g98e5,1.929
2026-10-02T01:08Z,5215,g98e5,1.935
2026-10-02T01:08Z,5215,gB,1.849
2026-10-02T01:08Z,5223,g95e5,1.919
2026-10-02T01:08Z,5225,g95e5,1.819
2026-10-02T01:08Z,5225,g98e5,1.989
2026-10-02T01:08Z,5226,g95e5,1.789
2026-10-02T01:08Z,5226,gA,1.999
2026-10-02T01:08Z,5226,g98e5,1.959
2026-10-02T01:08Z,5227,g95e5,1.809
2026-10-02T01:08Z,5227,gA,1.979
2026-10-02T01:08Z,5227,g98e5,1.929
2026-10-02T01:08Z,5230,g95e5,1.819
2026-10-02T01:08Z,5230,gP,2.075
2026-10-02T01:08Z,5230,g98e5,1.979
2026-10-02T01:08Z,5231,g98e5,1.935
2026-10-02T01:08Z,5236,g95e5,1.825
2026-10-02T01:08Z,5236,gP,2.079
2026-10-02T01:08Z,5236,g98e5,1.995
2026-10-02T01:08Z,5237,g95e5,1.805
2026-10-02T01:08Z,5237,gA,1.985
2026-10-02T01:08Z,5237,gP,2.075
2026-10-02T01:08Z,5237,g98e5,1.975
2026-10-02T01:08Z,5239,g95e5,1.769
2026-10-02T01:08Z,5239,g98e5,1.939
2026-10-02T01:08Z,5242,gA,2.014
2026-10-02T01:08Z,5242,gP,2.089
2026-10-02T01:08Z,5244,gA,1.949
2026-10-02T01:08Z,5246,g98e5,1.935
2026-10-02T01:08Z,5252,g98e5,2.015
2026-10-02T01:08Z,5252,gB,1.785
2026-10-02T01:08Z,5253,g95e5,1.845
2026-10-02T01:08Z,5253,g98e5,2.015
2026-10-02T01:08Z,5254,gA,1.945
2026-10-02T01:08Z,5254,g98e5,1.935
2026-10-02T01:08Z,5254,gB,1.845
2026-10-02T01:08Z,5255,g95e5,1.819
2026-10-02T01:08Z,5255,gB,1.839
2026-10-02T01:08Z,5256,gB,1.749
2026-10-02T01:08Z,5257,g95e5,1.815
2026-10-02T01:08Z,5257,gP,2.079
2026-10-02T01:08Z,5257,gB,1.745
2026-10-02T01:08Z,5258,g95e5,1.789
2026-10-02T01:08Z,5258,gA,2.019
2026-10-02T01:08Z,5258,gP,2.079
2026-10-02T01:08Z,5258,g98e5,1.959
2026-10-02T01:08Z,5258,gB,1.885
2026-10-02T01:08Z,5259,gP,2.109
2026-10-02T01:08Z,5265,g95e5,1.789
2026-10-02T01:08Z,5265,g98e5,1.959
2026-10-02T01:08Z,5265,gB,1.839
2026-10-02T01:08Z,5266,g95e5,1.829
2026-10-02T01:08Z,5266,gA,1.949
2026-10-02T01:08Z,5266,g98e5,1.999
2026-10-02T01:08Z,5268,gP,2.109
2026-10-02T01:08Z,5268,g98e5,2.005
2026-10-02T01:08Z,5269,gP,2.109
2026-10-02T01:08Z,5269,g98e5,2.005
2026-10-02T01:08Z,5270,g95e5,1.789
2026-10-02T01:08Z,5270,gP,2.049
2026-10-02T01:08Z,5270,g95e5p,1.859
2026-10-02T01:08Z,5272,g95e5,1.789
2026-10-02T01:08Z,5272,g98e5,1.959
2026-10-02T01:08Z,5272,gB,1.875
2026-10-02T01:08Z,5274,g95e5,1.999
2026-10-02T01:08Z,5274,gA,1.999
2026-10-02T01:08Z,5275,gA,1.949
2026-10-02T01:08Z,5275,g98e5,1.945
2026-10-02T01:08Z,5278,g98e5,2.059
2026-10-02T01:08Z,5282,g95e5,1.789
2026-10-02T01:08Z,5282,gP,2.039
2026-10-02T01:08Z,5282,g98e5,1.959
2026-10-02T01:08Z,5282,gB,1.839
2026-10-02T01:08Z,5284,g95e5,1.789
2026-10-02T01:08Z,5284,g95e5p,1.859
2026-10-02T01:08Z,5286,g95e5,1.849
2026-10-02T01:08Z,5286,gP,2.075
2026-10-02T01:08Z,5286,g95e5p,1.929
2026-10-02T01:08Z,5287,gA,1.985
2026-10-02T01:08Z,5287,g98e5,1.939
2026-10-02T01:08Z,5290,g95e5,1.765
2026-10-02T01:08Z,5290,gA,1.999
2026-10-02T01:08Z,5290,g95e5p,1.835
2026-10-02T01:08Z,5294,g95e5,1.795
2026-10-02T01:08Z,5294,gA,1.975
2026-10-02T01:08Z,5294,g98e5,1.955
2026-10-02T01:08Z,5295,g95e5,1.899
2026-10-02T01:08Z,5295,g98e5,1.999
2026-10-02T01:08Z,5297,g95e5,1.775
2026-10-02T01:08Z,5297,gA,1.949
2026-10-02T01:08Z,5297,gB,1.789
2026-10-02T01:08Z,5301,gA,1.999
2026-10-02T01:08Z,5301,g98e5,1.929
2026-10-02T01:08Z,5301,gB,1.849
2026-10-02T01:08Z,5302,gA,1.979
2026-10-02T01:08Z,5302,g98e5,1.985
2026-10-02T01:08Z,5303,g95e5,1.845
2026-10-02T01:08Z,5303,g98e5,2.015
2026-10-02T01:08Z,5304,g98e5,2.015
2026-10-02T01:08Z,5306,g98e5,1.979
2026-10-02T01:08Z,5307,g95e5,1.875
2026-10-02T01:08Z,5307,g98e5,2.045
2026-10-02T01:08Z,5311,gA,1.994
2026-10-02T01:08Z,5322,g95e5,1.854
2026-10-02T01:08Z,5322,g98e5,1.994
2026-10-02T01:08Z,5324,gA,2.014
2026-10-02T01:08Z,5324,gP,2.109
2026-10-02T01:08Z,5325,g95e5,1.889
2026-10-02T01:08Z,5325,gA,1.979
2026-10-02T01:08Z,5325,g98e5,1.999
2026-10-02T01:08Z,5328,gA,2.014
2026-10-02T01:08Z,5328,gP,2.109
2026-10-02T01:08Z,5343,g95e5,1.815
2026-10-02T01:08Z,5343,gA,1.995
2026-10-02T01:08Z,5351,g98e5,2.015
2026-10-02T01:08Z,5352,g98e5,2.025
2026-10-02T01:08Z,5357,g98e5,2.025
2026-10-02T01:08Z,5361,g98e5,1.995
2026-10-02T01:08Z,5371,g98e5,1.995
2026-10-02T01:08Z,5374,g98e5,1.945
2026-10-02T01:08Z,5374,gB,1.739
2026-10-02T01:08Z,5375,g98e5,1.945
2026-10-02T01:08Z,5375,gB,1.759
2026-10-02T01:08Z,5376,g98e5,1.945
2026-10-02T01:08Z,5378,gA,2.004
2026-10-02T01:08Z,5378,gP,2.089
2026-10-02T01:08Z,5379,g98e5,1.995
2026-10-02T01:08Z,5381,g98e5,2.029
2026-10-02T01:08Z,5386,gB,1.775
2026-10-02T01:08Z,5388,g95e5,1.809
2026-10-02T01:08Z,5388,gA,2.005
2026-10-02T01:08Z,5388,g98e5,1.979
2026-10-02T01:08Z,5390,gA,2.025
2026-10-02T01:08Z,5391,gA,2.025
2026-10-02T01:08Z,5391,g98e5,2.029
2026-10-02T01:08Z,5406,gA,1.985
2026-10-02T01:08Z,5406,g98e5,2.029
2026-10-02T01:08Z,5411,g98e5,2.019
2026-10-02T01:08Z,5415,gA,1.989
2026-10-02T01:08Z,5419,gA,2.049
2026-10-02T01:08Z,5421,gA,2.034
2026-10-02T01:08Z,5421,gP,2.109
2026-10-02T01:08Z,5428,g95e5,1.805
2026-10-02T01:08Z,5428,gA,2.019
2026-10-02T01:08Z,5428,gP,2.129
2026-10-02T01:08Z,5428,g98e5,1.975
2026-10-02T01:08Z,5431,g95e5,1.839
2026-10-02T01:08Z,5431,gA,1.985
2026-10-02T01:08Z,5431,g98e5,2.009
2026-10-02T01:08Z,5440,g98e5,1.975
2026-10-02T01:08Z,5441,g98e5,1.975
2026-10-02T01:08Z,5447,g98e5,1.975
2026-10-02T01:08Z,5448,g95e5,1.939
2026-10-02T01:08Z,5451,gA,2.035
2026-10-02T01:08Z,5451,g98e5,2.025
2026-10-02T01:08Z,5451,gB,1.765
2026-10-02T01:08Z,5452,g95e5,1.805
2026-10-02T01:08Z,5452,gA,1.985
2026-10-02T01:08Z,5452,g98e5,1.975
2026-10-02T01:08Z,5459,gP,2.095
2026-10-02T01:08Z,5459,g98e5,1.975
2026-10-02T01:08Z,5460,g98e5,1.995
2026-10-02T01:08Z,5461,g98e5,1.995
2026-10-02T01:08Z,5464,g95e5,1.959
2026-10-02T01:08Z,5464,gA,1.899
2026-10-02T01:08Z,5466,gA,2.004
2026-10-02T01:08Z,5466,gP,2.089
2026-10-02T01:08Z,5466,gB,1.808
2026-10-02T01:08Z,5469,g98e5,2.015
2026-10-02T01:08Z,5470,g98e5,2.015
2026-10-02T01:08Z,5477,g98e5,2.025
2026-10-02T01:08Z,5479,g98e5,2.029
2026-10-02T01:08Z,5500,gA,1.974
2026-10-02T01:08Z,5500,gP,2.089
2026-10-02T01:08Z,5501,gA,1.999
2026-10-02T01:08Z,5501,gP,2.049
2026-10-02T01:08Z,5508,g95e5,1.963
2026-10-02T01:08Z,5508,gA,2.144
2026-10-02T01:08Z,5508,gP,2.219
2026-10-02T01:08Z,5508,g98e5,2.073
2026-10-02T01:08Z,5514,gA,2.024
2026-10-02T01:08Z,5514,gP,2.089
2026-10-02T01:08Z,5516,g95e5,1.775
2026-10-02T01:08Z,5516,gA,1.985
2026-10-02T01:08Z,5516,gP,2.095
2026-10-02T01:08Z,5516,g98e5,1.945
2026-10-02T01:08Z,5518,g95e5,1.845
2026-10-02T01:08Z,5518,gA,1.975
2026-10-02T01:08Z,5518,g98e5,2.015
2026-10-02T01:08Z,5519,gP,2.079
2026-10-02T01:08Z,5519,g98e5,1.955
2026-10-02T01:08Z,5527,g95e5,1.809
2026-10-02T01:08Z,5527,gP,2.049
2026-10-02T01:08Z,5527,g98e5,1.929
2026-10-02T01:08Z,5530,gA,2.025
2026-10-02T01:08Z,5530,gP,2.085
2026-10-02T01:08Z,5530,g98e5,1.929
2026-10-02T01:08Z,5532,gA,1.989
2026-10-02T01:08Z,5532,gP,2.049
2026-10-02T01:08Z,5540,g95e5,1.825
2026-10-02T01:08Z,5540,g98e5,1.945
2026-10-02T01:08Z,5540,g95e5p,1.905
2026-10-02T01:08Z,5540,gB,1.749
2026-10-02T01:08Z,5541,gA,2.015
2026-10-02T01:08Z,5541,gP,2.075
2026-10-02T01:08Z,5541,g98e5,1.919
2026-10-02T01:08Z,5547,gP,2.089
2026-10-02T01:08Z,5547,g98e5,1.965
2026-10-02T01:08Z,5556,g95e5,1.819
2026-10-02T01:08Z,5556,gA,1.964
2026-10-02T01:08Z,5556,gP,2.014
2026-10-02T01:08Z,5562,g95e5,1.809
2026-10-02T01:08Z,5594,gA,2.012
2026-10-02T01:08Z,5596,gB,1.846
2026-10-02T01:08Z,5610,g95e5,1.845
2026-10-02T01:08Z,5610,gA,1.979
2026-10-02T01:08Z,5610,gP,2.069
2026-10-02T01:08Z,5610,g98e5,1.985
2026-10-02T01:08Z,5614,g95e5,1.809
2026-10-02T01:08Z,5614,gA,1.989
2026-10-02T01:08Z,5614,gP,2.079
2026-10-02T01:08Z,5614,g98e5,1.949
2026-10-02T01:08Z,5618,gA,1.994
2026-10-02T01:08Z,5618,gP,2.064
2026-10-02T01:08Z,5619,gA,1.974
2026-10-02T01:08Z,5619,gP,2.024
2026-10-02T01:08Z,5620,gA,1.969
2026-10-02T01:08Z,5620,gP,2.074
2026-10-02T01:08Z,5644,g95e5,1.819
2026-10-02T01:08Z,5644,gA,1.959
2026-10-02T01:08Z,5644,g98e5,1.989
2026-10-02T01:08Z,5644,g95e5p,1.879
2026-10-02T01:08Z,5644,gB,1.825
2026-10-02T01:08Z,5649,g95e5,1.769
2026-10-02T01:08Z,5649,g98e5,1.939
2026-10-02T01:08Z,5649,gB,1.875
2026-10-02T01:08Z,5650,gA,2.019
2026-10-02T01:08Z,5650,gB,1.719
2026-10-02T01:08Z,5651,g95e5,1.815
2026-10-02T01:08Z,5651,gP,2.155
2026-10-02T01:08Z,5651,g98e5,1.985
2026-10-02T01:08Z,5652,g95e5,1.899
2026-10-02T01:08Z,5652,gA,1.999
2026-10-02T01:08Z,5652,gP,2.099
2026-10-02T01:08Z,5652,g95e5p,2.049
2026-10-02T01:08Z,5655,gA,2.019
2026-10-02T01:08Z,5656,gP,2.089
2026-10-02T01:08Z,5656,g98e5,1.955
2026-10-02T01:08Z,5657,gA,2.045
2026-10-02T01:08Z,5657,g98e5,2.009
2026-10-02T01:08Z,5666,g95e5,1.869
2026-10-02T01:08Z,5666,gA,2.005
2026-10-02T01:08Z,5666,gP,2.095
2026-10-02T01:08Z,5666,g98e5,2.009
2026-10-02T01:08Z,5667,g95e5,1.869
2026-10-02T01:08Z,5667,gA,2.005
2026-10-02T01:08Z,5667,gP,2.095
2026-10-02T01:08Z,5667,g98e5,2.009
2026-10-02T01:08Z,5668,g95e5,1.825
2026-10-02T01:08Z,5668,gA,1.949
2026-10-02T01:08Z,5668,gP,2.039
2026-10-02T01:08Z,5668,g98e5,1.965
2026-10-02T01:08Z,5688,gA,1.999
2026-10-02T01:08Z,5688,gP,2.089
2026-10-02T01:08Z,5691,gA,1.969
2026-10-02T01:08Z,5691,gP,2.074
2026-10-02T01:08Z,5696,gA,1.999
2026-10-02T01:08Z,5696,gP,2.079
2026-10-02T01:08Z,5697,gA,1.969
2026-10-02T01:08Z,5697,gP,2.069
2026-10-02T01:08Z,5698,gA,1.999
2026-10-02T01:08Z,5698,gP,2.099
2026-10-02T01:08Z,5700,gA,1.974
2026-10-02T01:08Z,5700,gP,2.099
2026-10-02T01:08Z,5701,g95e5,2.044
2026-10-02T01:08Z,5701,gP,2.070
2026-10-02T01:08Z,5705,gA,1.989
2026-10-02T01:08Z,5705,gP,2.034
2026-10-02T01:08Z,5706,gA,1.989
2026-10-02T01:08Z,5706,gP,2.074
2026-10-02T01:08Z,5707,gA,1.949
2026-10-02T01:08Z,5707,gP,2.029
2026-10-02T01:08Z,5708,gA,1.999
2026-10-02T01:08Z,5708,gP,2.039
2026-10-02T01:08Z,5710,gA,1.999
2026-10-02T01:08Z,5710,gP,2.054
2026-10-02T01:08Z,5713,g98e5,1.979
2026-10-02T01:08Z,5715,g95e5,1.815
2026-10-02T01:08Z,5715,gP,2.075
2026-10-02T01:08Z,5715,g98e5,1.935
2026-10-02T01:08Z,5719,gA,2.014
2026-10-02T01:08Z,5721,g95e5,1.815
2026-10-02T01:08Z,5721,gP,2.009
2026-10-02T01:08Z,5721,g98e5,1.985
2026-10-02T01:08Z,5721,g95e5p,1.875
2026-10-02T01:08Z,5721,gB,1.899
2026-10-02T01:08Z,5723,g98e5,1.939
2026-10-02T01:08Z,5723,gB,1.875
2026-10-02T01:08Z,5726,g98e5,1.965
2026-10-02T01:08Z,5728,gA,1.969
2026-10-02T01:08Z,5728,g98e5,1.995
2026-10-02T01:08Z,5729,gA,2.039
2026-10-02T01:08Z,5729,gB,1.859
2026-10-02T01:08Z,5733,g95e5,1.819
2026-10-02T01:08Z,5733,gA,1.955
2026-10-02T01:08Z,5733,g98e5,1.939
2026-10-02T01:08Z,5734,g95e5,1.819
2026-10-02T01:08Z,5734,gA,1.965
2026-10-02T01:08Z,5734,g98e5,1.989
2026-10-02T01:08Z,5735,gP,2.075
2026-10-02T01:08Z,5735,g98e5,1.949
2026-10-02T01:08Z,5738,g95e5,1.819
2026-10-02T01:08Z,5738,g98e5,1.989
2026-10-02T01:08Z,5738,gB,1.819
2026-10-02T01:08Z,5739,g95e5,1.799
2026-10-02T01:08Z,5739,gA,1.969
2026-10-02T01:08Z,5739,gP,2.059
2026-10-02T01:08Z,5739,g98e5,1.939
2026-10-02T01:08Z,5744,g95e5,1.829
2026-10-02T01:08Z,5744,gA,2.005
2026-10-02T01:08Z,5744,g98e5,1.959
2026-10-02T01:08Z,5744,g95e5p,1.899
2026-10-02T01:08Z,5745,g95e5,1.799
2026-10-02T01:08Z,5750,g95e5,1.799
2026-10-02T01:08Z,5750,gA,1.989
2026-10-02T01:08Z,5750,gP,2.089
2026-10-02T01:08Z,5750,gB,1.859
2026-10-02T01:08Z,5752,gP,2.085
2026-10-02T01:08Z,5752,g98e5,1.949
2026-10-02T01:08Z,5752,gB,1.815
2026-10-02T01:08Z,5755,gA,1.999
2026-10-02T01:08Z,5755,gP,2.059
2026-10-02T01:08Z,5755,g98e5,1.995
2026-10-02T01:08Z,5758,g95e5,1.839
2026-10-02T01:08Z,5758,gA,1.955
2026-10-02T01:08Z,5758,gP,2.065
2026-10-02T01:08Z,5758,g98e5,2.009
2026-10-02T01:08Z,5760,g95e5,1.859
2026-10-02T01:08Z,5760,gA,1.979
2026-10-02T01:08Z,5760,g98e5,1.999
2026-10-02T01:08Z,5760,gB,1.799
2026-10-02T01:08Z,5762,g95e5,1.815
2026-10-02T01:08Z,5762,gP,2.059
2026-10-02T01:08Z,5762,g95e5p,1.875
2026-10-02T01:08Z,5768,gP,2.075
2026-10-02T01:08Z,5768,g98e5,1.985
2026-10-02T01:08Z,5770,g95e5,1.805
2026-10-02T01:08Z,5770,gA,2.035
2026-10-02T01:08Z,5770,g95e5p,1.875
2026-10-02T01:08Z,5770,gB,1.769
2026-10-02T01:08Z,5774,g95e5,1.825
2026-10-02T01:08Z,5774,gP,2.019
2026-10-02T01:08Z,5774,g98e5,1.995
2026-10-02T01:08Z,5775,g98e5,1.979
2026-10-02T01:08Z,5782,g95e5,1.809
2026-10-02T01:08Z,5782,gP,2.075
2026-10-02T01:08Z,5782,g95e5p,1.879
2026-10-02T01:08Z,5783,g95e5,1.849
2026-10-02T01:08Z,5783,g98e5,2.019
2026-10-02T01:08Z,5784,g95e5,1.829
2026-10-02T01:08Z,5784,gA,1.995
2026-10-02T01:08Z,5784,gP,2.085
2026-10-02T01:08Z,5784,g98e5,1.969
2026-10-02T01:08Z,5785,g95e5,1.869
2026-10-02T01:08Z,5785,gP,2.059
2026-10-02T01:08Z,5785,g98e5,2.029
2026-10-02T01:08Z,5786,gA,2.024
2026-10-02T01:08Z,5786,gP,2.109
2026-10-02T01:08Z,5787,g95e5,1.839
2026-10-02T01:08Z,5787,gA,1.965
2026-10-02T01:08Z,5787,gP,2.055
2026-10-02T01:08Z,5787,g98e5,1.979
2026-10-02T01:08Z,5788,g95e5,1.829
2026-10-02T01:08Z,5788,gA,1.995
2026-10-02T01:08Z,5788,gP,2.085
2026-10-02T01:08Z,5788,g98e5,1.969
2026-10-02T01:08Z,5789,g95e5,1.815
2026-10-02T01:08Z,5789,gP,2.059
2026-10-02T01:08Z,5789,g95e5p,1.875
2026-10-02T01:08Z,5792,g95e5,1.845
2026-10-02T01:08Z,5792,g98e5,1.985
2026-10-02T01:08Z,5794,g95e5,1.769
2026-10-02T01:08Z,5794,g95e5p,1.819
2026-10-02T01:08Z,5797,g95e5,1.779
2026-10-02T01:08Z,5797,gA,1.989
2026-10-02T01:08Z,5797,g98e5,1.899
2026-10-02T01:08Z,5798,g95e5,1.819
2026-10-02T01:08Z,5798,g98e5,1.989
2026-10-02T01:08Z,5798,gB,1.865
2026-10-02T01:08Z,5799,g95e5,1.849
2026-10-02T01:08Z,5799,g98e5,1.989
2026-10-02T01:08Z,5800,g95e5,1.849
2026-10-02T01:08Z,5800,g95e5p,1.909
2026-10-02T01:08Z,5800,gB,1.919
2026-10-02T01:08Z,5803,gA,2.019
2026-10-02T01:08Z,5803,gP,2.119
2026-10-02T01:08Z,5805,gP,2.089
2026-10-02T01:08Z,5805,g98e5,1.955
2026-10-02T01:08Z,5806,g95e5,1.889
2026-10-02T01:08Z,5806,gA,2.039
2026-10-02T01:08Z,5806,gP,2.139
2026-10-02T01:08Z,5806,g98e5,2.019
2026-10-02T01:08Z,5806,gB,1.850
2026-10-02T01:08Z,5807,g98e5,1.959
2026-10-02T01:08Z,5808,gA,1.955
2026-10-02T01:08Z,5808,gP,2.015
2026-10-02T01:08Z,5808,g98e5,2.015
2026-10-02T01:08Z,5809,g98e5,1.939
2026-10-02T01:08Z,5809,gB,1.875
2026-10-02T01:08Z,5816,gP,2.109
2026-10-02T01:08Z,5816,g98e5,2.009
2026-10-02T01:08Z,5830,g95e5,1.819
2026-10-02T01:08Z,5830,gA,1.869
2026-10-02T01:08Z,5830,gP,1.879
2026-10-02T01:08Z,5859,gB,1.795
2026-10-02T01:08Z,5870,g98e5,1.949
2026-10-02T01:08Z,5872,gA,1.998
2026-10-02T01:08Z,5872,gP,2.089
2026-10-02T01:08Z,5872,gB,1.833
2026-10-02T01:08Z,5876,gA,2.024
2026-10-02T01:08Z,5876,gP,2.119
2026-10-02T01:08Z,5877,gA,2.024
2026-10-02T01:08Z,5877,gP,2.119
2026-10-02T01:08Z,5881,gP,2.069
2026-10-02T01:08Z,5890,gP,2.109
2026-10-02T01:08Z,5890,gB,1.775
2026-10-02T01:08Z,5892,g95e5,2.079
2026-10-02T01:08Z,5892,g98e5,2.279
2026-10-02T01:08Z,5894,g95e5,1.839
2026-10-02T01:08Z,5894,gA,2.039
2026-10-02T01:08Z,5894,gP,2.119
2026-10-02T01:08Z,5894,g95e5p,1.889
2026-10-02T01:08Z,5894,gB,1.839
2026-10-02T01:08Z,5898,g95e5,1.839
2026-10-02T01:08Z,5900,g95e5,1.765
2026-10-02T01:08Z,5900,gA,1.959
2026-10-02T01:08Z,5900,gP,2.019
2026-10-02T01:08Z,5903,g98e5,2.005
2026-10-02T01:08Z,5906,gP,2.069
2026-10-02T01:08Z,5906,gB,1.779
2026-10-02T01:08Z,5907,gP,2.085
2026-10-02T01:08Z,5909,gP,2.069
2026-10-02T01:08Z,5910,g95e5,1.805
2026-10-02T01:08Z,5915,gA,1.998
2026-10-02T01:08Z,5915,gP,2.099
2026-10-02T01:08Z,5920,g95e5,1.769
2026-10-02T01:08Z,5920,gB,1.779
2026-10-02T01:08Z,5925,gP,2.069
2026-10-02T01:08Z,5926,g95e5,1.769
2026-10-02T01:08Z,5928,g95e5,1.805
2026-10-02T01:08Z,5928,gA,2.025
2026-10-02T01:08Z,5928,gP,2.135
2026-10-02T01:08Z,5928,g98e5,1.975
2026-10-02T01:08Z,5929,g95e5,1.899
2026-10-02T01:08Z,5929,gA,2.009
2026-10-02T01:08Z,5929,g98e5,2.099
2026-10-02T01:08Z,5931,gP,2.085
2026-10-02T01:08Z,5931,g98e5,1.969
2026-10-02T01:08Z,5936,gP,2.089
2026-10-02T01:08Z,5936,g98e5,1.945
2026-10-02T01:08Z,5938,gA,1.995
2026-10-02T01:08Z,5938,gB,1.789
2026-10-02T01:08Z,5940,gP,2.055
2026-10-02T01:08Z,5940,gB,1.825
2026-10-02T01:08Z,5943,gA,2.045
2026-10-02T01:08Z,5943,gP,2.105
2026-10-02T01:08Z,5943,g98e5,2.009
2026-10-02T01:08Z,5945,g98e5,1.955
2026-10-02T01:08Z,5945,gB,1.749
2026-10-02T01:08Z,5946,gP,2.109
2026-10-02T01:08Z,5946,g98e5,1.959
2026-10-02T01:08Z,5947,gA,1.989
2026-10-02T01:08Z,5947,g98e5,1.975
2026-10-02T01:08Z,5950,gA,2.005
2026-10-02T01:08Z,5951,g95e5,1.819
2026-10-02T01:08Z,5951,gP,2.109
2026-10-02T01:08Z,5951,g98e5,1.989
2026-10-02T01:08Z,5958,gP,2.069
2026-10-02T01:08Z,5959,gA,2.008
2026-10-02T01:08Z,5959,gP,2.104
2026-10-02T01:08Z,5959,gB,1.813
2026-10-02T01:08Z,5962,gA,2.008
2026-10-02T01:08Z,5962,gP,2.104
2026-10-02T01:08Z,5968,gA,2.024
2026-10-02T01:08Z,5968,gP,2.089
2026-10-02T01:08Z,5969,gP,2.105
2026-10-02T01:08Z,5969,g98e5,1.945
2026-10-02T01:08Z,5970,gP,2.105
2026-10-02T01:08Z,5970,g98e5,1.945
2026-10-02T01:08Z,5974,g95e5,1.819
2026-10-02T01:08Z,5974,gA,2.024
2026-10-02T01:08Z,5974,gP,2.114
2026-10-02T01:08Z,5974,g98e5,1.959
2026-10-02T01:08Z,5975,g95e5,1.799
2026-10-02T01:08Z,5975,gA,1.989
2026-10-02T01:08Z,5975,gP,2.049
2026-10-02T01:08Z,5975,g98e5,1.969
2026-10-02T01:08Z,5977,g95e5,1.775
2026-10-02T01:08Z,5977,gP,2.039
2026-10-02T01:08Z,5978,g95e5,1.795
2026-10-02T01:08Z,5978,gA,2.005
2026-10-02T01:08Z,5978,g98e5,1.965
2026-10-02T01:08Z,5982,gA,1.949
2026-10-02T01:08Z,5982,g98e5,1.975
2026-10-02T01:08Z,5983,g95e5,1.829
2026-10-02T01:08Z,5983,gP,2.029
2026-10-02T01:08Z,5984,g95e5,1.829
2026-10-02T01:08Z,5984,gP,2.029
2026-10-02T01:08Z,5984,g98e5,1.979
2026-10-02T01:08Z,5986,gA,1.989
2026-10-02T01:08Z,5986,gP,2.049
2026-10-02T01:08Z,5988,g95e5,1.779
2026-10-02T01:08Z,5988,gA,1.979
2026-10-02T01:08Z,5989,g95e5,1.815
2026-10-02T01:08Z,5989,gA,1.949
2026-10-02T01:08Z,5991,gA,1.984
2026-10-02T01:08Z,5991,gP,2.069
2026-10-02T01:08Z,5993,gA,1.999
2026-10-02T01:08Z,5994,gA,1.999
2026-10-02T01:08Z,5994,gP,2.059
2026-10-02T01:08Z,5995,g95e5,1.775
2026-10-02T01:08Z,5995,gP,2.089
2026-10-02T01:08Z,5995,g98e5,1.945
2026-10-02T01:08Z,5998,g95e5,1.825
2026-10-02T01:08Z,5998,gA,1.945
2026-10-02T01:08Z,5998,gP,2.005
2026-10-02T01:08Z,5998,g98e5,1.995
2026-10-02T01:08Z,5999,gP,2.105
2026-10-02T01:08Z,5999,g98e5,1.949
2026-10-02T01:08Z,6000,gP,2.105
2026-10-02T01:08Z,6000,g98e5,1.949
2026-10-02T01:08Z,6006,gA,1.974
2026-10-02T01:08Z,6006,gP,2.024
2026-10-02T01:08Z,6008,g95e5,1.889
2026-10-02T01:08Z,6008,gA,2.019
2026-10-02T01:08Z,6008,g98e5,2.099
2026-10-02T01:08Z,6008,gB,1.789
2026-10-02T01:08Z,6010,gA,2.025
2026-10-02T01:08Z,6010,gP,2.085
2026-10-02T01:08Z,6011,g95e5,1.825
2026-10-02T01:08Z,6011,gP,2.039
2026-10-02T01:08Z,6011,g98e5,1.995
2026-10-02T01:08Z,6014,g95e5,1.859
2026-10-02T01:08Z,6014,gA,2.049
2026-10-02T01:08Z,6014,g98e5,1.989
2026-10-02T01:08Z,6021,g95e5,1.809
2026-10-02T01:08Z,6021,gA,2.029
2026-10-02T01:08Z,6021,gP,2.119
2026-10-02T01:08Z,6021,g98e5,1.949
2026-10-02T01:08Z,6022,g95e5,1.809
2026-10-02T01:08Z,6022,gA,2.029
2026-10-02T01:08Z,6022,gP,2.119
2026-10-02T01:08Z,6023,g95e5,1.839
2026-10-02T01:08Z,6023,g98e5,2.009
2026-10-02T01:08Z,6024,gA,2.005
2026-10-02T01:08Z,6024,g98e5,1.955
2026-10-02T01:08Z,6024,gB,1.769
2026-10-02T01:08Z,6027,g95e5,1.779
2026-10-02T01:08Z,6027,g98e5,1.949
2026-10-02T01:08Z,6027,gB,1.749
2026-10-02T01:08Z,6029,g95e5,1.775
2026-10-02T01:08Z,6029,gP,2.089
2026-10-02T01:08Z,6030,gA,1.995
2026-10-02T01:08Z,6030,gP,2.105
2026-10-02T01:08Z,6030,g98e5,1.949
2026-10-02T01:08Z,6032,g95e5,1.775
2026-10-02T01:08Z,6032,gP,2.039
2026-10-02T01:08Z,6034,g95e5,1.775
2026-10-02T01:08Z,6034,gP,2.089
2026-10-02T01:08Z,6037,g95e5,1.789
2026-10-02T01:08Z,6038,g95e5,1.819
2026-10-02T01:08Z,6038,gA,1.945
2026-10-02T01:08Z,6038,g98e5,1.939
2026-10-02T01:08Z,6039,g95e5,1.785
2026-10-02T01:08Z,6039,gP,2.095
2026-10-02T01:08Z,6039,g98e5,1.955
2026-10-02T01:08Z,6040,g95e5,1.785
2026-10-02T01:08Z,6040,gP,2.095
2026-10-02T01:08Z,6040,g98e5,1.955
2026-10-02T01:08Z,6041,g95e5,1.825
2026-10-02T01:08Z,6041,gP,2.075
2026-10-02T01:08Z,6041,g98e5,1.995
2026-10-02T01:08Z,6042,gA,1.949
2026-10-02T01:08Z,6042,g98e5,1.969
2026-10-02T01:08Z,6042,gB,1.755
2026-10-02T01:08Z,6043,g95e5,1.775
2026-10-02T01:08Z,6043,gP,2.089
2026-10-02T01:08Z,6043,g98e5,1.945
2026-10-02T01:08Z,6048,g95e5,1.795
2026-10-02T01:08Z,6048,gA,2.035
2026-10-02T01:08Z,6052,gA,1.945
2026-10-02T01:08Z,6053,gA,1.989
2026-10-02T01:08Z,6053,gP,2.049
2026-10-02T01:08Z,6054,gA,1.945
2026-10-02T01:08Z,6054,gP,2.055
2026-10-02T01:08Z,6055,g98e5,1.965
2026-10-02T01:08Z,6056,g95e5,1.809
2026-10-02T01:08Z,6056,gP,2.049
2026-10-02T01:08Z,6056,g98e5,1.929
2026-10-02T01:08Z,6056,g95e5p,1.869
2026-10-02T01:08Z,6057,gA,2.025
2026-10-02T01:08Z,6057,gP,2.085
2026-10-02T01:08Z,6057,g98e5,1.979
2026-10-02T01:08Z,6058,g98e5,1.979
2026-10-02T01:08Z,6059,gA,1.979
2026-10-02T01:08Z,6059,gP,2.039
2026-10-02T01:08Z,6059,g98e5,1.965
2026-10-02T01:08Z,6061,gP,2.055
2026-10-02T01:08Z,6061,g98e5,1.929
2026-10-02T01:08Z,6062,gP,2.055
2026-10-02T01:08Z,6062,g98e5,1.929
2026-10-02T01:08Z,6065,g95e5,1.833
2026-10-02T01:08Z,6065,gA,2.104
2026-10-02T01:08Z,6065,gP,2.109
2026-10-02T01:08Z,6066,gA,2.014
2026-10-02T01:08Z,6066,gP,2.079
2026-10-02T01:08Z,6067,gA,2.034
2026-10-02T01:08Z,6067,gP,2.099
2026-10-02T01:08Z,6086,gA,1.899
2026-10-02T01:08Z,6086,gP,1.949
2026-10-02T01:08Z,6101,gA,2.024
2026-10-02T01:08Z,6101,gP,2.089
2026-10-02T01:08Z,6102,gA,1.979
2026-10-02T01:08Z,6102,gP,2.099
2026-10-02T01:08Z,6103,gA,2.024
2026-10-02T01:08Z,6103,gB,1.808
2026-10-02T01:08Z,6107,gA,2.034
2026-10-02T01:08Z,6107,gP,2.109
2026-10-02T01:08Z,6107,gB,1.908
2026-10-02T01:08Z,6112,gA,1.959
2026-10-02T01:08Z,6112,gP,2.059
2026-10-02T01:08Z,6113,gA,2.004
2026-10-02T01:08Z,6113,gP,2.099
2026-10-02T01:08Z,6113,gB,2.063
2026-10-02T01:08Z,6120,gA,1.959
2026-10-02T01:08Z,6120,gP,2.059
2026-10-02T01:08Z,6121,gA,1.989
2026-10-02T01:08Z,6121,gP,2.049
2026-10-02T01:08Z,6131,gA,1.974
2026-10-02T01:08Z,6131,gP,2.064
2026-10-02T01:08Z,6134,g95e5,1.885
2026-10-02T01:08Z,6134,gA,2.055
2026-10-02T01:08Z,6134,gP,2.125
2026-10-02T01:08Z,6140,gA,2.034
2026-10-02T01:08Z,6140,gP,2.109
2026-10-02T01:08Z,6141,gA,2.034
2026-10-02T01:08Z,6141,gP,2.109
2026-10-02T01:08Z,6144,gA,2.004
2026-10-02T01:08Z,6144,gP,2.054
2026-10-02T01:08Z,6146,gA,2.025
2026-10-02T01:08Z,6146,gP,2.115
2026-10-02T01:08Z,6147,gA,2.025
2026-10-02T01:08Z,6147,gP,2.115
2026-10-02T01:08Z,6148,gA,2.034
2026-10-02T01:08Z,6148,gP,2.109
2026-10-02T01:08Z,6163,gA,1.949
2026-10-02T01:08Z,6163,gP,2.059
2026-10-02T01:08Z,6164,g95e5,1.805
2026-10-02T01:08Z,6164,gA,1.979
2026-10-02T01:08Z,6164,gP,2.039
2026-10-02T01:08Z,6164,gB,1.745
2026-10-02T01:08Z,6165,gA,2.034
2026-10-02T01:08Z,6165,gP,2.109
2026-10-02T01:08Z,6168,g95e5,1.855
2026-10-02T01:08Z,6168,gA,2.025
2026-10-02T01:08Z,6168,gP,2.085
2026-10-02T01:08Z,6170,gP,2.035
2026-10-02T01:08Z,6170,g98e5,1.955
2026-10-02T01:08Z,6173,gA,2.014
2026-10-02T01:08Z,6173,gP,2.139
2026-10-02T01:08Z,6176,gA,2.039
2026-10-02T01:08Z,6176,g98e5,2.055
2026-10-02T01:08Z,6181,g98e5,2.005
2026-10-02T01:08Z,6182,gA,1.995
2026-10-02T01:08Z,6182,g98e5,1.989
2026-10-02T01:08Z,6183,gA,1.995
2026-10-02T01:08Z,6183,gP,2.055
2026-10-02T01:08Z,6183,g98e5,1.989
2026-10-02T01:08Z,6186,g95e5,1.859
2026-10-02T01:08Z,6186,gA,2.025
2026-10-02T01:08Z,6188,g95e5,1.859
2026-10-02T01:08Z,6188,gA,2.025
2026-10-02T01:08Z,6188,gP,2.085
2026-10-02T01:08Z,6188,g98e5,2.029
2026-10-02T01:08Z,6194,g95e5,1.845
2026-10-02T01:08Z,6194,gP,2.109
2026-10-02T01:08Z,6194,g98e5,2.015
2026-10-02T01:08Z,6195,gA,1.999
2026-10-02T01:08Z,6195,gP,2.079
2026-10-02T01:08Z,6197,g95e5,1.839
2026-10-02T01:08Z,6197,gP,2.059
2026-10-02T01:08Z,6197,g98e5,2.009
2026-10-02T01:08Z,6198,g95e5,1.875
2026-10-02T01:08Z,6198,gP,2.059
2026-10-02T01:08Z,6198,g98e5,2.045
2026-10-02T01:08Z,6198,g95e5p,1.945
2026-10-02T01:08Z,6199,g98e5,2.169
2026-10-02T01:08Z,6202,g98e5,2.035
2026-10-02T01:08Z,6204,g95e5,1.835
2026-10-02T01:08Z,6204,gA,1.989
2026-10-02T01:08Z,6204,g98e5,2.005
2026-10-02T01:08Z,6206,g98e5,1.985
2026-10-02T01:08Z,6207,g95e5,1.835
2026-10-02T01:08Z,6207,gA,1.965
2026-10-02T01:08Z,6207,gP,2.075
2026-10-02T01:08Z,6207,g98e5,2.005
2026-10-02T01:08Z,6208,g95e5,1.809
2026-10-02T01:08Z,6208,gB,1.765
2026-10-02T01:08Z,6209,g95e5,1.839
2026-10-02T01:08Z,6211,g95e5,1.819
2026-10-02T01:08Z,6211,gP,2.095
2026-10-02T01:08Z,6211,g98e5,1.989
2026-10-02T01:08Z,6213,gP,2.099
2026-10-02T01:08Z,6213,g98e5,1.975
2026-10-02T01:08Z,6215,g95e5,1.819
2026-10-02T01:08Z,6215,gA,1.979
2026-10-02T01:08Z,6215,g98e5,1.989
2026-10-02T01:08Z,6217,g95e5,1.829
2026-10-02T01:08Z,6217,gA,1.939
2026-10-02T01:08Z,6220,g95e5,1.865
2026-10-02T01:08Z,6220,gP,2.065
2026-10-02T01:08Z,6220,g98e5,2.035
2026-10-02T01:08Z,6222,gA,2.015
2026-10-02T01:08Z,6222,gP,2.115
2026-10-02T01:08Z,6222,g98e5,2.025
2026-10-02T01:08Z,6225,gP,2.099
2026-10-02T01:08Z,6225,g98e5,1.975
2026-10-02T01:08Z,6227,g95e5,1.855
2026-10-02T01:08Z,6227,gA,2.055
2026-10-02T01:08Z,6227,g98e5,2.025
2026-10-02T01:08Z,6230,g95e5,1.839
2026-10-02T01:08Z,6230,gA,1.965
2026-10-02T01:08Z,6230,g98e5,2.009
2026-10-02T01:08Z,6232,g95e5,1.805
2026-10-02T01:08Z,6232,gA,1.939
2026-10-02T01:08Z,6233,g95e5,1.879
2026-10-02T01:08Z,6233,gA,2.035
2026-10-02T01:08Z,6233,g98e5,1.999
2026-10-02T01:08Z,6236,gA,2.009
2026-10-02T01:08Z,6236,gP,2.119
2026-10-02T01:08Z,6236,g98e5,1.975
2026-10-02T01:08Z,6238,gP,2.095
2026-10-02T01:08Z,6238,g98e5,2.019
2026-10-02T01:08Z,6238,gB,1.799
2026-10-02T01:08Z,6240,gP,2.115
2026-10-02T01:08Z,6241,g95e5,1.845
2026-10-02T01:08Z,6241,gA,2.025
2026-10-02T01:08Z,6241,gP,2.135
2026-10-02T01:08Z,6244,g95e5,1.829
2026-10-02T01:08Z,6244,gA,1.989
2026-10-02T01:08Z,6252,gA,2.009
2026-10-02T01:08Z,6252,gP,2.069
2026-10-02T01:08Z,6255,g95e5,1.875
2026-10-02T01:08Z,6255,gA,2.029
2026-10-02T01:08Z,6255,g98e5,1.995
2026-10-02T01:08Z,6255,g95e5p,1.945
2026-10-02T01:08Z,6259,g95e5,1.869
2026-10-02T01:08Z,6259,gA,2.009
2026-10-02T01:08Z,6259,g98e5,2.039
2026-10-02T01:08Z,6260,g95e5,1.875
2026-10-02T01:08Z,6261,g95e5,1.839
2026-10-02T01:08Z,6261,gA,1.965
2026-10-02T01:08Z,6271,g95e5,1.835
2026-10-02T01:08Z,6271,gA,1.965
2026-10-02T01:08Z,6271,g98e5,2.005
2026-10-02T01:08Z,6275,g95e5,1.829
2026-10-02T01:08Z,6275,gA,1.975
2026-10-02T01:08Z,6275,gP,2.035
2026-10-02T01:08Z,6275,g98e5,1.989
2026-10-02T01:08Z,6275,gB,1.745
2026-10-02T01:08Z,6276,gA,2.039
2026-10-02T01:08Z,6276,gP,2.099
2026-10-02T01:08Z,6276,g98e5,1.999
2026-10-02T01:08Z,6277,g95e5,1.849
2026-10-02T01:08Z,6277,gA,2.015
2026-10-02T01:08Z,6277,g98e5,2.019
2026-10-02T01:08Z,6277,g95e5p,1.929
2026-10-02T01:08Z,6278,gP,2.079
2026-10-02T01:08Z,6278,g98e5,2.019
2026-10-02T01:08Z,6283,g95e5,1.849
2026-10-02T01:08Z,6283,gA,2.015
2026-10-02T01:08Z,6283,gP,2.075
2026-10-02T01:08Z,6283,gB,1.765
2026-10-02T01:08Z,6287,g95e5,1.835
2026-10-02T01:08Z,6287,gA,2.015
2026-10-02T01:08Z,6287,gP,2.105
2026-10-02T01:08Z,6287,g98e5,1.975
2026-10-02T01:08Z,6288,g95e5,1.835
2026-10-02T01:08Z,6288,gA,2.015
2026-10-02T01:08Z,6288,gP,2.105
2026-10-02T01:08Z,6288,g98e5,1.975
2026-10-02T01:08Z,6289,g95e5,1.805
2026-10-02T01:08Z,6289,gA,1.939
2026-10-02T01:08Z,6290,g95e5,1.869
2026-10-02T01:08Z,6290,gA,1.999
2026-10-02T01:08Z,6290,g98e5,2.039
2026-10-02T01:08Z,6293,g95e5,1.759
2026-10-02T01:08Z,6293,gA,1.899
2026-10-02T01:08Z,6293,gP,1.949
2026-10-02T01:08Z,6293,g98e5,1.869
2026-10-02T01:08Z,6294,gA,2.029
2026-10-02T01:08Z,6294,gP,2.109
2026-10-02T01:08Z,6294,g98e5,2.035
2026-10-02T01:08Z,6295,gA,2.039
2026-10-02T01:08Z,6295,g98e5,1.985
2026-10-02T01:08Z,6296,gA,2.039
2026-10-02T01:08Z,6296,g98e5,2.035
2026-10-02T01:08Z,6300,g98e5,1.989
2026-10-02T01:08Z,6303,gP,2.029
2026-10-02T01:08Z,6303,g98e5,1.959
2026-10-02T01:08Z,6303,gB,1.765
2026-10-02T01:08Z,6307,g95e5,1.775
2026-10-02T01:08Z,6307,gA,1.989
2026-10-02T01:08Z,6307,gP,2.049
2026-10-02T01:08Z,6311,gP,2.035
2026-10-02T01:08Z,6311,g98e5,1.955
2026-10-02T01:08Z,6312,g95e5,1.865
2026-10-02T01:08Z,6312,gA,2.035
2026-10-02T01:08Z,6312,g98e5,2.035
2026-10-02T01:08Z,6312,g95e5p,1.935
2026-10-02T01:08Z,6313,gP,2.059
2026-10-02T01:08Z,6313,g98e5,1.999
2026-10-02T01:08Z,6314,gP,2.065
2026-10-02T01:08Z,6314,gB,1.745
2026-10-02T01:08Z,6316,g95e5,1.829
2026-10-02T01:08Z,6316,g98e5,1.999
2026-10-02T01:08Z,6317,g95e5,1.799
2026-10-02T01:08Z,6317,gA,1.989
2026-10-02T01:08Z,6317,g98e5,1.969
2026-10-02T01:08Z,6318,g95e5,1.805
2026-10-02T01:08Z,6318,gA,2.019
2026-10-02T01:08Z,6318,g98e5,1.975
2026-10-02T01:08Z,6319,g95e5,1.819
2026-10-02T01:08Z,6319,gA,2.039
2026-10-02T01:08Z,6319,gP,2.149
2026-10-02T01:08Z,6319,g98e5,1.989
2026-10-02T01:08Z,6327,g95e5,1.865
2026-10-02T01:08Z,6327,gA,2.039
2026-10-02T01:08Z,6327,gP,2.099
2026-10-02T01:08Z,6327,g98e5,2.035
2026-10-02T01:08Z,6328,g95e5,1.825
2026-10-02T01:08Z,6328,gA,2.015
2026-10-02T01:08Z,6328,gP,2.125
2026-10-02T01:08Z,6328,g98e5,1.995
2026-10-02T01:08Z,6334,g98e5,1.959
2026-10-02T01:08Z,6337,gA,1.955
2026-10-02T01:08Z,6337,gP,2.065
2026-10-02T01:08Z,6339,g95e5,1.835
2026-10-02T01:08Z,6339,gB,1.875
2026-10-02T01:08Z,6340,g95e5,1.805
2026-10-02T01:08Z,6340,gA,1.939
2026-10-02T01:08Z,6340,gP,2.049
2026-10-02T01:08Z,6342,gP,2.109
2026-10-02T01:08Z,6342,g98e5,1.999
2026-10-02T01:08Z,6344,g95e5,1.839
2026-10-02T01:08Z,6344,g98e5,2.009
2026-10-02T01:08Z,6345,g95e5,1.865
2026-10-02T01:08Z,6345,gA,2.055
2026-10-02T01:08Z,6345,gP,2.115
2026-10-02T01:08Z,6345,g98e5,2.035
2026-10-02T01:08Z,6350,gP,2.015
2026-10-02T01:08Z,6350,g98e5,1.939
2026-10-02T01:08Z,6351,gP,2.009
2026-10-02T01:08Z,6351,g98e5,1.989
2026-10-02T01:08Z,6353,g95e5,1.805
2026-10-02T01:08Z,6353,gA,1.975
2026-10-02T01:08Z,6353,gP,2.035
2026-10-02T01:08Z,6353,g98e5,1.965
2026-10-02T01:08Z,6356,gP,2.089
2026-10-02T01:08Z,6356,g98e5,2.055
2026-10-02T01:08Z,6359,g98e5,1.985
2026-10-02T01:08Z,6360,g95e5,1.879
2026-10-02T01:08Z,6360,g98e5,2.049
2026-10-02T01:08Z,6363,g95e5,1.825
2026-10-02T01:08Z,6363,gA,1.989
2026-10-02T01:08Z,6363,gP,2.099
2026-10-02T01:08Z,6363,g98e5,1.995
2026-10-02T01:08Z,6364,g95e5,1.805
2026-10-02T01:08Z,6364,gA,1.939
2026-10-02T01:08Z,6364,g98e5,1.975
2026-10-02T01:08Z,6364,gB,1.765
2026-10-02T01:08Z,6367,g95e5,1.809
2026-10-02T01:08Z,6371,gA,1.995
2026-10-02T01:08Z,6371,gP,2.105
2026-10-02T01:08Z,6371,g98e5,1.989
2026-10-02T01:08Z,6373,g95e5,1.825
2026-10-02T01:08Z,6373,gA,1.989
2026-10-02T01:08Z,6373,gP,2.099
2026-10-02T01:08Z,6373,gB,1.779
2026-10-02T01:08Z,6374,gP,2.105
2026-10-02T01:08Z,6374,gB,1.779
2026-10-02T01:08Z,6380,g95e5,1.815
2026-10-02T01:08Z,6380,gP,2.059
2026-10-02T01:08Z,6389,gP,2.095
2026-10-02T01:08Z,6389,g98e5,1.969
2026-10-02T01:08Z,6390,g95e5,1.855
2026-10-02T01:08Z,6390,gA,1.999
2026-10-02T01:08Z,6390,gP,2.059
2026-10-02T01:08Z,6396,g95e5,1.919
2026-10-02T01:08Z,6396,gA,1.969
2026-10-02T01:08Z,6396,g98e5,2.139
2026-10-02T01:08Z,6398,g95e5,1.849
2026-10-02T01:08Z,6398,gA,2.035
2026-10-02T01:08Z,6398,gP,2.095
2026-10-02T01:08Z,6398,g98e5,2.019
2026-10-02T01:08Z,6398,gB,1.789
2026-10-02T01:08Z,6399,g95e5,1.855
2026-10-02T01:08Z,6399,gA,1.999
2026-10-02T01:08Z,6399,g98e5,2.005
2026-10-02T01:08Z,6403,g95e5,1.825
2026-10-02T01:08Z,6403,gP,2.069
2026-10-02T01:08Z,6403,g98e5,1.995
2026-10-02T01:08Z,6404,g95e5,1.845
2026-10-02T01:08Z,6404,gA,2.005
2026-10-02T01:08Z,6404,g98e5,2.005
2026-10-02T01:08Z,6404,g95e5p,1.905
2026-10-02T01:08Z,6406,g95e5,1.879
2026-10-02T01:08Z,6406,gA,2.045
2026-10-02T01:08Z,6406,gP,2.125
2026-10-02T01:08Z,6406,g98e5,2.049
2026-10-02T01:08Z,6407,gA,2.035
2026-10-02T01:08Z,6407,g98e5,1.969
2026-10-02T01:08Z,6410,gA,1.945
2026-10-02T01:08Z,6411,gP,2.145
2026-10-02T01:08Z,6411,g98e5,2.015
2026-10-02T01:08Z,6412,gP,2.145
2026-10-02T01:08Z,6412,g98e5,2.015
2026-10-02T01:08Z,6413,g95e5,1.865
2026-10-02T01:08Z,6413,gA,1.999
2026-10-02T01:08Z,6413,g98e5,2.035
2026-10-02T01:08Z,6413,g95e5p,1.935
2026-10-02T01:08Z,6413,gB,1.859
2026-10-02T01:08Z,6423,g95e5,1.749
2026-10-02T01:08Z,6424,gA,1.919
2026-10-02T01:08Z,6424,gP,2.039
2026-10-02T01:08Z,6426,gA,1.959
2026-10-02T01:08Z,6426,gP,2.069
2026-10-02T01:08Z,6431,g95e5,1.718
2026-10-02T01:08Z,6442,g95e5,1.769
2026-10-02T01:08Z,6442,gA,1.879
2026-10-02T01:08Z,6442,gP,1.979
2026-10-02T01:08Z,6442,g98e5,1.999
2026-10-02T01:08Z,6448,g95e5,1.839
2026-10-02T01:08Z,6448,gA,1.965
2026-10-02T01:08Z,6448,gP,2.055
2026-10-02T01:08Z,6448,g98e5,1.979
2026-10-02T01:08Z,6452,gA,1.989
2026-10-02T01:08Z,6452,gP,2.129
2026-10-02T01:08Z,6468,g95e5,1.865
2026-10-02T01:08Z,6468,gA,2.039
2026-10-02T01:08Z,6468,gP,2.129
2026-10-02T01:08Z,6468,g98e5,2.005
2026-10-02T01:08Z,6483,g95e5,1.719
2026-10-02T01:08Z,6484,gA,2.034
2026-10-02T01:08Z,6484,gP,2.129
2026-10-02T01:08Z,6499,gA,2.044
2026-10-02T01:08Z,6499,gP,2.129
2026-10-02T01:08Z,6501,gA,2.034
2026-10-02T01:08Z,6501,gP,2.099
2026-10-02T01:08Z,6501,gB,1.873
2026-10-02T01:08Z,6508,g95e5,1.899
2026-10-02T01:08Z,6508,gA,2.049
2026-10-02T01:08Z,6508,g98e5,1.989
2026-10-02T01:08Z,6509,gA,1.999
2026-10-02T01:08Z,6509,gP,2.109
2026-10-02T01:08Z,6522,gA,1.964
2026-10-02T01:08Z,6522,gP,2.069
2026-10-02T01:08Z,6564,gA,1.979
2026-10-02T01:08Z,6564,gP,2.039
2026-10-02T01:08Z,6564,g98e5,1.935
2026-10-02T01:08Z,6567,g95e5,1.839
2026-10-02T01:08Z,6567,gA,1.965
2026-10-02T01:08Z,6567,gP,2.055
2026-10-02T01:08Z,6567,g98e5,1.979
2026-10-02T01:08Z,6568,gP,2.059
2026-10-02T01:08Z,6568,g98e5,1.969
2026-10-02T01:08Z,6569,gA,1.964
2026-10-02T01:08Z,6569,gP,2.059
2026-10-02T01:08Z,6570,g95e5,1.718
2026-10-02T01:08Z,6570,gA,1.828
2026-10-02T01:08Z,6584,gA,1.969
2026-10-02T01:08Z,6584,gP,2.069
2026-10-02T01:08Z,6589,gP,2.059
2026-10-02T01:08Z,6589,g98e5,1.949
2026-10-02T01:08Z,6590,gP,2.115
2026-10-02T01:08Z,6590,g98e5,1.999
2026-10-02T01:08Z,6599,gA,1.974
2026-10-02T01:08Z,6599,gP,2.059
2026-10-02T01:08Z,6612,gA,2.044
2026-10-02T01:08Z,6612,gP,2.129
2026-10-02T01:08Z,6615,gA,2.044
2026-10-02T01:08Z,6615,gP,2.129
2026-10-02T01:08Z,6622,g95e5,1.769
2026-10-02T01:08Z,6622,gA,2.019
2026-10-02T01:08Z,6623,g95e5,1.799
2026-10-02T01:08Z,6627,gA,2.014
2026-10-02T01:08Z,6627,gP,2.139
2026-10-02T01:08Z,6632,gA,1.999
2026-10-02T01:08Z,6632,gP,2.059
2026-10-02T01:08Z,6641,g95e5,1.809
2026-10-02T01:08Z,6641,gA,2.029
2026-10-02T01:08Z,6644,gP,2.155
2026-10-02T01:08Z,6644,gB,1.829
2026-10-02T01:08Z,6652,gA,2.014
2026-10-02T01:08Z,6652,gP,2.099
2026-10-02T01:08Z,6652,gB,1.818
2026-10-02T01:08Z,6665,g95e5,1.875
2026-10-02T01:08Z,6665,gP,2.009
2026-10-02T01:08Z,6665,g98e5,2.025
2026-10-02T01:08Z,6678,gB,1.855
2026-10-02T01:08Z,6681,gP,2.069
2026-10-02T01:08Z,6682,g98e5,1.969
2026-10-02T01:08Z,6686,gP,2.099
2026-10-02T01:08Z,6686,gB,1.769
2026-10-02T01:08Z,6687,g95e5,1.799
2026-10-02T01:08Z,6687,gP,2.055
2026-10-02T01:08Z,6688,gA,1.979
2026-10-02T01:08Z,6688,gP,2.039
2026-10-02T01:08Z,6688,g98e5,1.935
2026-10-02T01:08Z,6690,gA,1.995
2026-10-02T01:08Z,6690,g98e5,1.955
2026-10-02T01:08Z,6694,gA,1.995
2026-10-02T01:08Z,6695,gA,1.995
2026-10-02T01:08Z,6695,gP,2.105
2026-10-02T01:08Z,6698,g95e5,1.775
2026-10-02T01:08Z,6698,gA,1.955
2026-10-02T01:08Z,6698,g98e5,1.945
2026-10-02T01:08Z,6698,gB,1.865
2026-10-02T01:08Z,6699,g95e5,1.859
2026-10-02T01:08Z,6699,gP,2.009
2026-10-02T01:08Z,6699,g98e5,2.029
2026-10-02T01:08Z,6699,g95e5p,1.939
2026-10-02T01:08Z,6700,g95e5,1.799
2026-10-02T01:08Z,6700,gP,2.055
2026-10-02T01:08Z,6702,g95e5,1.815
2026-10-02T01:08Z,6702,gA,2.045
2026-10-02T01:08Z,6702,gP,2.135
2026-10-02T01:08Z,6703,gA,2.055
2026-10-02T01:08Z,6703,g98e5,1.995
2026-10-02T01:08Z,6706,gA,2.024
2026-10-02T01:08Z,6706,gP,2.099
2026-10-02T01:08Z,6706,gB,1.888
2026-10-02T01:08Z,6711,g95e5,1.825
2026-10-02T01:08Z,6711,gP,2.059
2026-10-02T01:08Z,6711,g98e5,1.995
2026-10-02T01:08Z,6713,g98e5,1.949
2026-10-02T01:08Z,6713,gB,1.779
2026-10-02T01:08Z,6715,g95e5,1.779
2026-10-02T01:08Z,6715,g95e5p,1.849
2026-10-02T01:08Z,6718,g95e5,1.775
2026-10-02T01:08Z,6718,gP,2.065
2026-10-02T01:08Z,6718,g98e5,1.945
2026-10-02T01:08Z,6721,g95e5,1.845
2026-10-02T01:08Z,6721,gP,2.069
2026-10-02T01:08Z,6721,g98e5,2.015
2026-10-02T01:08Z,6721,g95e5p,1.915
2026-10-02T01:08Z,6722,gP,2.059
2026-10-02T01:08Z,6723,gP,2.075
2026-10-02T01:08Z,6725,g95e5,1.819
2026-10-02T01:08Z,6725,gA,1.949
2026-10-02T01:08Z,6725,gP,2.039
2026-10-02T01:08Z,6725,g98e5,1.959
2026-10-02T01:08Z,6731,g95e5,1.839
2026-10-02T01:08Z,6731,gA,1.995
2026-10-02T01:08Z,6731,gP,2.085
2026-10-02T01:08Z,6731,g98e5,1.979
2026-10-02T01:08Z,6737,g95e5,1.845
2026-10-02T01:08Z,6737,g98e5,2.015
2026-10-02T01:08Z,6737,gB,1.845
2026-10-02T01:08Z,6743,gA,2.034
2026-10-02T01:08Z,6743,gP,2.129
2026-10-02T01:08Z,6744,gA,2.034
2026-10-02T01:08Z,6744,gP,2.129
2026-10-02T01:08Z,6745,gA,2.019
2026-10-02T01:08Z,6745,g98e5,1.985
2026-10-02T01:08Z,6746,gA,2.019
2026-10-02T01:08Z,6746,g98e5,1.985
2026-10-02T01:08Z,6749,gA,1.974
2026-10-02T01:08Z,6751,gA,2.029
2026-10-02T01:08Z,6751,g98e5,1.969
2026-10-02T01:08Z,6751,gB,1.869
2026-10-02T01:08Z,6770,gA,2.024
2026-10-02T01:08Z,6770,gP,2.109
2026-10-02T01:08Z,6778,gA,2.024
2026-10-02T01:08Z,6778,gP,2.109
2026-10-02T01:08Z,6778,gB,1.888
2026-10-02T01:08Z,6780,gA,2.024
2026-10-02T01:08Z,6780,gP,2.129
2026-10-02T01:08Z,6780,gB,1.888
2026-10-02T01:08Z,6784,gP,2.115
2026-10-02T01:08Z,6784,gB,1.875
2026-10-02T01:08Z,6789,gA,2.024
2026-10-02T01:08Z,6789,gP,2.099
2026-10-02T01:08Z,6790,gA,2.024
2026-10-02T01:08Z,6790,gP,2.109
2026-10-02T01:08Z,6799,g95e5,1.819
2026-10-02T01:08Z,6799,gP,2.059
2026-10-02T01:08Z,6799,g98e5,1.989
2026-10-02T01:08Z,6799,g95e5p,1.889
2026-10-02T01:08Z,6802,g95e5,1.829
2026-10-02T01:08Z,6803,g95e5,1.779
2026-10-02T01:08Z,6803,g98e5,1.949
2026-10-02T01:08Z,6809,gA,1.969
2026-10-02T01:08Z,6809,gP,2.079
2026-10-02T01:08Z,6809,g98e5,1.999
2026-10-02T01:08Z,6810,gB,1.875
2026-10-02T01:08Z,6811,gB,1.769
2026-10-02T01:08Z,6812,g95e5,1.815
2026-10-02T01:08Z,6812,gP,2.009
2026-10-02T01:08Z,6812,g98e5,1.985
2026-10-02T01:08Z,6812,g95e5p,1.875
2026-10-02T01:08Z,6813,g95e5,1.845
2026-10-02T01:08Z,6813,g95e5p,1.915
2026-10-02T01:08Z,6814,gA,1.995
2026-10-02T01:08Z,6814,gB,1.775
2026-10-02T01:08Z,6815,g98e5,1.949
2026-10-02T01:08Z,6815,gB,1.785
2026-10-02T01:08Z,6816,g95e5,1.825
2026-10-02T01:08Z,6816,gP,2.019
2026-10-02T01:08Z,6816,g98e5,1.995
2026-10-02T01:08Z,6819,gA,2.024
2026-10-02T01:08Z,6819,gP,2.129
2026-10-02T01:08Z,6822,g98e5,2.049
2026-10-02T01:08Z,6823,g95e5,1.879
2026-10-02T01:08Z,6824,g95e5,1.779
2026-10-02T01:08Z,6824,gP,2.029
2026-10-02T01:08Z,6824,g98e5,1.949
2026-10-02T01:08Z,6826,g98e5,1.959
2026-10-02T01:08Z,6830,g95e5,1.839
2026-10-02T01:08Z,6830,gA,1.965
2026-10-02T01:08Z,6830,gP,2.055
2026-10-02T01:08Z,6830,g98e5,1.979
2026-10-02T01:08Z,6831,g95e5,1.879
2026-10-02T01:08Z,6831,gA,1.969
2026-10-02T01:08Z,6831,gP,2.029
2026-10-02T01:08Z,6831,g98e5,2.019
2026-10-02T01:08Z,6832,g95e5,1.875
2026-10-02T01:08Z,6832,gA,2.035
2026-10-02T01:08Z,6832,g98e5,2.045
2026-10-02T01:08Z,6832,g95e5p,1.945
2026-10-02T01:08Z,6833,g98e5,1.985
2026-10-02T01:08Z,6837,g95e5,1.809
2026-10-02T01:08Z,6837,gA,1.969
2026-10-02T01:08Z,6837,gP,2.059
2026-10-02T01:08Z,6837,g98e5,1.949
2026-10-02T01:08Z,6838,g95e5,1.779
2026-10-02T01:08Z,6838,gP,2.065
2026-10-02T01:08Z,6838,gB,1.825
2026-10-02T01:08Z,6840,g95e5,1.855
2026-10-02T01:08Z,6841,g95e5,1.789
2026-10-02T01:08Z,6841,gP,2.109
2026-10-02T01:08Z,6841,g98e5,1.959
2026-10-02T01:08Z,6842,g95e5,1.879
2026-10-02T01:08Z,6842,gP,2.069
2026-10-02T01:08Z,6842,g98e5,1.999
2026-10-02T01:08Z,6843,g95e5,1.865
2026-10-02T01:08Z,6843,g95e5p,1.945
2026-10-02T01:08Z,6846,gA,1.955
2026-10-02T01:08Z,6846,gP,2.065
2026-10-02T01:08Z,6846,g98e5,2.015
2026-10-02T01:08Z,6847,g95e5,1.845
2026-10-02T01:08Z,6847,g98e5,1.985
2026-10-02T01:08Z,6850,g95e5,1.819
2026-10-02T01:08Z,6850,gP,2.059
2026-10-02T01:08Z,6850,g98e5,1.989
2026-10-02T01:08Z,6852,gA,1.999
2026-10-02T01:08Z,6852,gP,2.089
2026-10-02T01:08Z,6853,gP,2.059
2026-10-02T01:08Z,6853,g98e5,1.949
2026-10-02T01:08Z,6857,g95e5,1.775
2026-10-02T01:08Z,6857,gA,1.995
2026-10-02T01:08Z,6857,g98e5,1.945
2026-10-02T01:08Z,6858,gP,2.075
2026-10-02T01:08Z,6858,g98e5,1.985
2026-10-02T01:08Z,6859,gP,2.055
2026-10-02T01:08Z,6859,g98e5,1.985
2026-10-02T01:08Z,6861,g95e5,1.819
2026-10-02T01:08Z,6861,gP,2.059
2026-10-02T01:08Z,6861,g98e5,1.939
2026-10-02T01:08Z,6862,g98e5,1.965
2026-10-02T01:08Z,6862,gB,1.809
2026-10-02T01:08Z,6865,g95e5,1.889
2026-10-02T01:08Z,6865,gA,1.959
2026-10-02T01:08Z,6867,gA,2.015
2026-10-02T01:08Z,6867,gB,1.819
2026-10-02T01:08Z,6870,g95e5,1.825
2026-10-02T01:08Z,6870,gP,2.009
2026-10-02T01:08Z,6871,gA,2.049
2026-10-02T01:08Z,6871,g98e5,1.939
2026-10-02T01:08Z,6875,gP,2.159
2026-10-02T01:08Z,6876,gP,2.119
2026-10-02T01:08Z,6876,g98e5,1.945
2026-10-02T01:08Z,6876,gB,1.819
2026-10-02T01:08Z,6877,g98e5,1.939
2026-10-02T01:08Z,6877,gB,1.869
2026-10-02T01:08Z,6881,gB,1.785
2026-10-02T01:08Z,6882,g95e5,1.815
2026-10-02T01:08Z,6882,gP,2.075
2026-10-02T01:08Z,6882,g98e5,1.985
2026-10-02T01:08Z,6887,g95e5,1.819
2026-10-02T01:08Z,6887,g98e5,1.989
2026-10-02T01:08Z,6887,gB,1.819
2026-10-02T01:08Z,6893,g95e5,1.875
2026-10-02T01:08Z,6893,gA,1.995
2026-10-02T01:08Z,6893,gP,2.055
2026-10-02T01:08Z,6893,g98e5,2.025
2026-10-02T01:08Z,6894,g95e5,1.819
2026-10-02T01:08Z,6894,gP,2.025
2026-10-02T01:08Z,6894,g95e5p,1.889
2026-10-02T01:08Z,6895,g95e5,1.825
2026-10-02T01:08Z,6895,gA,1.949
2026-10-02T01:08Z,6895,gP,2.039
2026-10-02T01:08Z,6895,g98e5,1.965
2026-10-02T01:08Z,6896,g95e5,1.829
2026-10-02T01:08Z,6896,g98e5,1.999
2026-10-02T01:08Z,6897,g95e5,1.825
2026-10-02T01:08Z,6897,g98e5,1.995
2026-10-02T01:08Z,6897,gB,1.819
2026-10-02T01:08Z,6898,g95e5,1.825
2026-10-02T01:08Z,6898,g98e5,1.995
2026-10-02T01:08Z,6900,g95e5,1.845
2026-10-02T01:08Z,6900,gP,2.075
2026-10-02T01:08Z,6904,gP,2.085
2026-10-02T01:08Z,6904,g98e5,1.995
2026-10-02T01:08Z,6905,gP,2.085
2026-10-02T01:08Z,6905,g98e5,1.995
2026-10-02T01:08Z,6907,g95e5,1.855
2026-10-02T01:08Z,6907,gB,1.845
2026-10-02T01:08Z,6908,g95e5,1.775
2026-10-02T01:08Z,6908,gA,2.055
2026-10-02T01:08Z,6908,g98e5,1.945
2026-10-02T01:08Z,6908,gB,1.819
2026-10-02T01:08Z,6909,gB,1.875
2026-10-02T01:08Z,6910,gA,2.029
2026-10-02T01:08Z,6910,g98e5,1.995
2026-10-02T01:08Z,6911,g95e5,1.775
2026-10-02T01:08Z,6913,g95e5,1.769
2026-10-02T01:08Z,6913,g98e5,1.939
2026-10-02T01:08Z,6913,gB,1.819
2026-10-02T01:08Z,6914,g95e5,1.815
2026-10-02T01:08Z,6914,gP,2.059
2026-10-02T01:08Z,6916,gP,2.115
2026-10-02T01:08Z,6917,g95e5,1.879
2026-10-02T01:08Z,6917,gA,1.999
2026-10-02T01:08Z,6917,gP,2.059
2026-10-02T01:08Z,6917,g98e5,1.999
2026-10-02T01:08Z,6921,gB,1.805
2026-10-02T01:08Z,6922,g95e5,1.835
2026-10-02T01:08Z,6922,gP,2.109
2026-10-02T01:08Z,6923,gP,2.059
2026-10-02T01:08Z,6923,g98e5,1.949
2026-10-02T01:08Z,6923,gB,1.779
2026-10-02T01:08Z,6924,gB,1.859
2026-10-02T01:08Z,6926,g95e5,1.809
2026-10-02T01:08Z,6926,gA,1.989
2026-10-02T01:08Z,6926,gP,2.079
2026-10-02T01:08Z,6926,g98e5,1.949
2026-10-02T01:08Z,6928,gP,2.115
2026-10-02T01:08Z,6928,g98e5,1.939
2026-10-02T01:08Z,6928,gB,1.819
2026-10-02T01:08Z,6929,g95e5,1.829
2026-10-02T01:08Z,6929,gP,2.065
2026-10-02T01:08Z,6929,g98e5,1.949
2026-10-02T01:08Z,6930,g95e5,1.829
2026-10-02T01:08Z,6930,gP,2.065
2026-10-02T01:08Z,6931,gA,1.989
2026-10-02T01:08Z,6931,g98e5,1.939
2026-10-02T01:08Z,6931,gB,1.829
2026-10-02T01:08Z,6933,gP,2.059
2026-10-02T01:08Z,6933,gB,1.769
2026-10-02T01:08Z,6934,gA,2.005
2026-10-02T01:08Z,6934,g98e5,1.939
2026-10-02T01:08Z,6934,gB,1.775
2026-10-02T01:08Z,6935,gA,2.025
2026-10-02T01:08Z,6935,g98e5,1.939
2026-10-02T01:08Z,6935,gB,1.875
2026-10-02T01:08Z,6938,g95e5,1.809
2026-10-02T01:08Z,6938,g98e5,1.979
2026-10-02T01:08Z,6938,gB,1.825
2026-10-02T01:08Z,6939,g95e5,1.829
2026-10-02T01:08Z,6939,gA,1.979
2026-10-02T01:08Z,6940,g98e5,1.939
2026-10-02T01:08Z,6940,gB,1.875
2026-10-02T01:08Z,6941,gP,2.115
2026-10-02T01:08Z,6943,g98e5,1.979
2026-10-02T01:08Z,6944,g95e5,1.819
2026-10-02T01:08Z,6944,g98e5,1.939
2026-10-02T01:08Z,6944,g95e5p,1.879
2026-10-02T01:08Z,6947,gP,2.099
2026-10-02T01:08Z,6954,g95e5,1.775
2026-10-02T01:08Z,6954,gP,2.015
2026-10-02T01:08Z,6954,g98e5,1.945
2026-10-02T01:08Z,6955,g98e5,2.049
2026-10-02T01:08Z,6956,gP,2.059
2026-10-02T01:08Z,6956,gB,1.779
2026-10-02T01:08Z,6957,g95e5,1.859
2026-10-02T01:08Z,6957,gP,2.109
2026-10-02T01:08Z,6957,g98e5,2.029
2026-10-02T01:08Z,6958,g95e5,1.779
2026-10-02T01:08Z,6958,gA,1.959
2026-10-02T01:08Z,6958,g98e5,1.949
2026-10-02T01:08Z,6959,gP,2.115
2026-10-02T01:08Z,6959,g98e5,1.999
2026-10-02T01:08Z,6961,gA,2.019
2026-10-02T01:08Z,6961,g98e5,1.985
2026-10-02T01:08Z,6962,gP,2.069
2026-10-02T01:08Z,6962,g98e5,1.969
2026-10-02T01:08Z,6963,gP,2.069
2026-10-02T01:08Z,6963,g98e5,1.969
2026-10-02T01:08Z,6964,g95e5,1.819
2026-10-02T01:08Z,6964,g98e5,1.939
2026-10-02T01:08Z,6966,g95e5,1.819
2026-10-02T01:08Z,6966,gA,1.989
2026-10-02T01:08Z,6966,g98e5,1.929
2026-10-02T01:08Z,6966,gB,1.865
2026-10-02T01:08Z,6967,g95e5,1.815
2026-10-02T01:08Z,6969,gA,2.049
2026-10-02T01:08Z,6969,g98e5,1.995
2026-10-02T01:08Z,6971,g95e5,1.835
2026-10-02T01:08Z,6971,gA,1.985
2026-10-02T01:08Z,6972,g98e5,1.989
2026-10-02T01:08Z,6972,gB,1.879
2026-10-02T01:08Z,6973,g98e5,1.989
2026-10-02T01:08Z,6973,gB,1.879
2026-10-02T01:08Z,6975,gP,2.075
2026-10-02T01:08Z,6975,g98e5,1.985
2026-10-02T01:08Z,6977,gP,2.089
2026-10-02T01:08Z,6977,g98e5,1.955
2026-10-02T01:08Z,6978,gA,1.975
2026-10-02T01:08Z,6978,gP,2.055
2026-10-02T01:08Z,6978,g98e5,1.995
2026-10-02T01:08Z,6993,gA,1.959
2026-10-02T01:08Z,6993,gP,2.049
2026-10-02T01:08Z,6997,g95e5,1.699
2026-10-02T01:08Z,6997,g98e5,1.839
2026-10-02T01:08Z,7054,gA,2.044
2026-10-02T01:08Z,7054,gP,2.109
2026-10-02T01:08Z,7054,gB,1.913
2026-10-02T01:08Z,7062,g95e5,1.825
2026-10-02T01:08Z,7062,gA,1.985
2026-10-02T01:08Z,7062,gP,2.075
2026-10-02T01:08Z,7063,g95e5,1.769
2026-10-02T01:08Z,7063,g98e5,1.889
2026-10-02T01:08Z,7064,g95e5,1.814
2026-10-02T01:08Z,7066,g95e5,1.865
2026-10-02T01:08Z,7066,gA,2.039
2026-10-02T01:08Z,7066,gP,2.129
2026-10-02T01:08Z,7066,g98e5,2.005
2026-10-02T01:08Z,7071,g98e5,1.894
2026-10-02T01:08Z,7071,g95e5p,1.894
2026-10-02T01:08Z,7082,gP,2.079
2026-10-02T01:08Z,7086,g95e5,1.845
2026-10-02T01:08Z,7086,gA,1.995
2026-10-02T01:08Z,7086,gP,2.055
2026-10-02T01:08Z,7086,g98e5,2.015
2026-10-02T01:08Z,7089,g95e5,1.839
2026-10-02T01:08Z,7089,g98e5,1.859
2026-10-02T01:08Z,7089,g95e5p,1.909
2026-10-02T01:08Z,7090,g95e5,1.845
2026-10-02T01:08Z,7090,gA,2.009
2026-10-02T01:08Z,7090,gP,2.099
2026-10-02T01:08Z,7090,g98e5,1.985
2026-10-02T01:08Z,7094,g95e5,1.899
2026-10-02T01:08Z,7094,gA,2.019
2026-10-02T01:08Z,7095,g95e5,1.899
2026-10-02T01:08Z,7095,gA,2.019
2026-10-02T01:08Z,7097,gP,2.119
2026-10-02T01:08Z,7100,g95e5,1.815
2026-10-02T01:08Z,7102,g95e5,1.825
2026-10-02T01:08Z,7102,gA,2.005
2026-10-02T01:08Z,7102,gP,2.095
2026-10-02T01:08Z,7102,g98e5,1.965
2026-10-02T01:08Z,7103,gP,2.115
2026-10-02T01:08Z,7103,g98e5,2.019
2026-10-02T01:08Z,7105,g95e5,1.799
2026-10-02T01:08Z,7105,gP,2.089
2026-10-02T01:08Z,7105,g98e5,1.969
2026-10-02T01:08Z,7106,gP,2.089
2026-10-02T01:08Z,7106,g98e5,1.969
2026-10-02T01:08Z,7111,g95e5,1.885
2026-10-02T01:08Z,7111,gA,2.025
2026-10-02T01:08Z,7111,g98e5,2.005
2026-10-02T01:08Z,7115,g95e5,1.865
2026-10-02T01:08Z,7115,gA,2.039
2026-10-02T01:08Z,7115,gP,2.129
2026-10-02T01:08Z,7115,g98e5,2.005
2026-10-02T01:08Z,7117,g98e5,1.975
2026-10-02T01:08Z,7119,g95e5,1.879
2026-10-02T01:08Z,7119,gA,2.039
2026-10-02T01:08Z,7119,gP,2.099
2026-10-02T01:08Z,7119,g98e5,1.999
2026-10-02T01:08Z,7120,gP,2.099
2026-10-02T01:08Z,7120,g98e5,1.975
2026-10-02T01:08Z,7120,gB,1.859
2026-10-02T01:08Z,7123,gP,2.089
2026-10-02T01:08Z,7123,g98e5,1.975
2026-10-02T01:08Z,7123,gB,1.859
2026-10-02T01:08Z,7129,g95e5,1.819
2026-10-02T01:08Z,7129,g98e5,1.989
2026-10-02T01:08Z,7130,g95e5,1.825
2026-10-02T01:08Z,7130,gP,2.065
2026-10-02T01:08Z,7131,g95e5,1.879
2026-10-02T01:08Z,7131,gA,2.039
2026-10-02T01:08Z,7131,g98e5,2.049
2026-10-02T01:08Z,7134,g95e5,1.835
2026-10-02T01:08Z,7134,gA,1.975
2026-10-02T01:08Z,7134,gP,2.035
2026-10-02T01:08Z,7134,g98e5,2.005
2026-10-02T01:08Z,7134,g95e5p,1.915
2026-10-02T01:08Z,7138,g95e5,1.829
2026-10-02T01:08Z,7138,g98e5,1.949
2026-10-02T01:08Z,7147,g95e5,1.839
2026-10-02T01:08Z,7147,gA,2.059
2026-10-02T01:08Z,7147,g98e5,2.009
2026-10-02T01:08Z,7149,gP,2.079
2026-10-02T01:08Z,7150,gP,2.079
2026-10-02T01:08Z,7151,gP,2.079
2026-10-02T01:08Z,7153,gP,2.079
2026-10-02T01:08Z,7154,g95e5,1.839
2026-10-02T01:08Z,7154,gP,2.085
2026-10-02T01:08Z,7154,g98e5,1.959
2026-10-02T01:08Z,7156,gP,2.089
2026-10-02T01:08Z,7156,g98e5,2.005
2026-10-02T01:08Z,7161,g95e5,1.779
2026-10-02T01:08Z,7161,gP,2.045
2026-10-02T01:08Z,7162,g95e5,1.779
2026-10-02T01:08Z,7162,gP,2.045
2026-10-02T01:08Z,7163,g95e5,1.825
2026-10-02T01:08Z,7163,gP,2.065
2026-10-02T01:08Z,7163,g98e5,1.945
2026-10-02T01:08Z,7174,g95e5,1.865
2026-10-02T01:08Z,7174,gA,2.039
2026-10-02T01:08Z,7174,gP,2.129
2026-10-02T01:08Z,7174,g98e5,2.005
2026-10-02T01:08Z,7176,g95e5,1.865
2026-10-02T01:08Z,7176,gA,2.039
2026-10-02T01:08Z,7176,gP,2.129
2026-10-02T01:08Z,7176,g98e5,2.005
2026-10-02T01:08Z,7181,g95e5,1.845
2026-10-02T01:08Z,7181,gA,2.009
2026-10-02T01:08Z,7181,gP,2.099
2026-10-02T01:08Z,7181,g98e5,1.985
2026-10-02T01:08Z,7186,g95e5,1.825
2026-10-02T01:08Z,7186,gA,2.009
2026-10-02T01:08Z,7186,gP,2.099
2026-10-02T01:08Z,7186,g98e5,1.965
2026-10-02T01:08Z,7190,gA,1.999
2026-10-02T01:08Z,7190,gP,2.119
2026-10-02T01:08Z,7191,g95e5,1.804
2026-10-02T01:08Z,7191,gA,1.949
2026-10-02T01:08Z,7191,gP,1.999
2026-10-02T01:08Z,7191,g95e5p,1.854
2026-10-02T01:08Z,7192,g95e5,1.855
2026-10-02T01:08Z,7192,gA,2.015
2026-10-02T01:08Z,7192,gP,2.075
2026-10-02T01:08Z,7192,g98e5,1.975
2026-10-02T01:08Z,7192,g95e5p,1.935
2026-10-02T01:08Z,7204,g95e5,1.899
2026-10-02T01:08Z,7204,gA,2.049
2026-10-02T01:08Z,7204,g98e5,1.989
2026-10-02T01:08Z,7205,g95e5,1.899
2026-10-02T01:08Z,7205,gA,2.049
2026-10-02T01:08Z,7205,g98e5,1.989
2026-10-02T01:08Z,7207,gA,2.024
2026-10-02T01:08Z,7207,gP,2.099
2026-10-02T01:08Z,7209,gA,1.999
2026-10-02T01:08Z,7209,gP,2.099
2026-10-02T01:08Z,7211,gA,1.974
2026-10-02T01:08Z,7211,gP,2.089
2026-10-02T01:08Z,7212,gA,1.974
2026-10-02T01:08Z,7212,gP,2.089
2026-10-02T01:08Z,7213,gA,1.974
2026-10-02T01:08Z,7213,gP,2.089
2026-10-02T01:08Z,7216,gA,1.999
2026-10-02T01:08Z,7216,gP,2.099
2026-10-02T01:08Z,7219,gA,2.014
2026-10-02T01:08Z,7219,gP,2.109
2026-10-02T01:08Z,7222,gA,1.999
2026-10-02T01:08Z,7222,gP,2.099
2026-10-02T01:08Z,7223,gA,2.034
2026-10-02T01:08Z,7223,gP,2.129
2026-10-02T01:08Z,7224,g98e5,2.009
2026-10-02T01:08Z,7227,g95e5,1.845
2026-10-02T01:08Z,7227,gA,2.009
2026-10-02T01:08Z,7227,gP,2.099
2026-10-02T01:08Z,7227,g98e5,1.985
2026-10-02T01:08Z,7230,gA,1.999
2026-10-02T01:08Z,7230,gP,2.109
2026-10-02T01:08Z,7230,g98e5,2.015
2026-10-02T01:08Z,7232,gP,2.115
2026-10-02T01:08Z,7236,g95e5,1.889
2026-10-02T01:08Z,7236,gA,2.005
2026-10-02T01:08Z,7236,gP,2.065
2026-10-02T01:08Z,7236,g98e5,2.009
2026-10-02T01:08Z,7239,gA,2.025
2026-10-02T01:08Z,7239,gP,2.085
2026-10-02T01:08Z,7239,g98e5,1.949
2026-10-02T01:08Z,7240,gA,2.055
2026-10-02T01:08Z,7240,gP,2.115
2026-10-02T01:08Z,7240,g98e5,1.999
2026-10-02T01:08Z,7242,gP,2.065
2026-10-02T01:08Z,7243,gA,1.995
2026-10-02T01:08Z,7243,gP,2.055
2026-10-02T01:08Z,7243,g98e5,2.015
2026-10-02T01:08Z,7245,gP,2.079
2026-10-02T01:08Z,7245,g98e5,1.949
2026-10-02T01:08Z,7246,g98e5,1.965
2026-10-02T01:08Z,7248,g95e5,1.829
2026-10-02T01:08Z,7248,g98e5,1.939
2026-10-02T01:08Z,7248,g95e5p,1.909
2026-10-02T01:08Z,7249,gP,2.049
2026-10-02T01:08Z,7249,g98e5,2.015
2026-10-02T01:08Z,7250,g95e5,1.849
2026-10-02T01:08Z,7250,gA,1.999
2026-10-02T01:08Z,7250,gP,2.089
2026-10-02T01:08Z,7250,g98e5,1.989
2026-10-02T01:08Z,7253,g95e5,1.865
2026-10-02T01:08Z,7253,gA,2.039
2026-10-02T01:08Z,7253,gP,2.129
2026-10-02T01:08Z,7253,g98e5,2.005
2026-10-02T01:08Z,7257,gA,2.065
2026-10-02T01:08Z,7257,gP,2.175
2026-10-02T01:08Z,7257,g98e5,2.009
2026-10-02T01:08Z,7258,gP,2.115
2026-10-02T01:08Z,7263,g95e5,1.839
2026-10-02T01:08Z,7263,gP,2.065
2026-10-02T01:08Z,7263,g98e5,1.959
2026-10-02T01:08Z,7265,g95e5,1.865
2026-10-02T01:08Z,7265,gA,2.039
2026-10-02T01:08Z,7265,gP,2.129
2026-10-02T01:08Z,7265,g98e5,2.005
2026-10-02T01:08Z,7267,gB,1.895
2026-10-02T01:08Z,7271,g95e5,1.799
2026-10-02T01:08Z,7280,g95e5,1.849
2026-10-02T01:08Z,7280,gA,1.999
2026-10-02T01:08Z,7280,gP,2.089
2026-10-02T01:08Z,7280,g98e5,1.989
2026-10-02T01:08Z,7288,g95e5,1.819
2026-10-02T01:08Z,7288,gA,1.989
2026-10-02T01:08Z,7288,gP,2.079
2026-10-02T01:08Z,7288,g98e5,1.959
2026-10-02T01:08Z,7290,gA,1.989
2026-10-02T01:08Z,7294,gA,1.998
2026-10-02T01:08Z,7294,gP,2.099
2026-10-02T01:08Z,7294,gB,1.873
2026-10-02T01:08Z,7298,gA,2.009
2026-10-02T01:08Z,7298,gP,2.119
2026-10-02T01:08Z,7300,gA,2.019
2026-10-02T01:08Z,7300,gP,2.129
2026-10-02T01:08Z,7317,gA,2.044
2026-10-02T01:08Z,7317,gP,2.129
2026-10-02T01:08Z,7322,gP,2.089
2026-10-02T01:08Z,7322,g98e5,1.975
2026-10-02T01:08Z,7327,gA,1.979
2026-10-02T01:08Z,7327,gP,2.119
2026-10-02T01:08Z,7327,gB,1.873
2026-10-02T01:08Z,7344,gA,2.014
2026-10-02T01:08Z,7344,gP,2.119
2026-10-02T01:08Z,7344,gB,1.873
2026-10-02T01:08Z,7349,gA,2.044
2026-10-02T01:08Z,7349,gP,2.119
2026-10-02T01:08Z,7349,gB,1.923
2026-10-02T01:08Z,7358,g95e5,1.869
2026-10-02T01:08Z,7358,gA,2.025
2026-10-02T01:08Z,7358,gP,2.115
2026-10-02T01:08Z,7358,g98e5,2.009
2026-10-02T01:08Z,7361,g95e5,1.829
2026-10-02T01:08Z,7361,gA,2.019
2026-10-02T01:08Z,7361,g98e5,1.949
2026-10-02T01:08Z,7363,gP,2.029
2026-10-02T01:08Z,7364,g95e5,1.845
2026-10-02T01:08Z,7364,gP,2.085
2026-10-02T01:08Z,7364,g98e5,2.015
2026-10-02T01:08Z,7370,gP,2.059
2026-10-02T01:08Z,7372,gA,1.969
2026-10-02T01:08Z,7372,gP,2.079
2026-10-02T01:08Z,7372,gB,1.859
2026-10-02T01:08Z,7374,gP,2.079
2026-10-02T01:08Z,7374,gB,1.879
2026-10-02T01:08Z,7383,gP,2.045
2026-10-02T01:08Z,7390,gP,2.115
2026-10-02T01:08Z,7390,g98e5,2.019
2026-10-02T01:08Z,7395,gP,2.089
2026-10-02T01:08Z,7395,g98e5,1.965
2026-10-02T01:08Z,7396,g98e5,1.965
2026-10-02T01:08Z,7402,gA,1.939
2026-10-02T01:08Z,7402,gP,1.989
2026-10-02T01:08Z,7403,gP,2.045
2026-10-02T01:08Z,7403,g98e5,1.995
2026-10-02T01:08Z,7407,g95e5,1.845
2026-10-02T01:08Z,7407,gA,2.009
2026-10-02T01:08Z,7407,gP,2.099
2026-10-02T01:08Z,7407,g98e5,1.985
2026-10-02T01:08Z,7408,g95e5,1.859
2026-10-02T01:08Z,7408,gA,2.029
2026-10-02T01:08Z,7408,gP,2.089
2026-10-02T01:08Z,7408,g98e5,1.979
2026-10-02T01:08Z,7410,gP,2.085
2026-10-02T01:08Z,7410,g98e5,2.005
2026-10-02T01:08Z,7411,gP,2.085
2026-10-02T01:08Z,7411,g98e5,2.005
2026-10-02T01:08Z,7413,g98e5,1.995
2026-10-02T01:08Z,7414,g98e5,1.995
2026-10-02T01:08Z,7417,gA,2.029
2026-10-02T01:08Z,7417,gP,2.089
2026-10-02T01:08Z,7417,g98e5,1.945
2026-10-02T01:08Z,7418,g95e5,1.829
2026-10-02T01:08Z,7418,g98e5,1.949
2026-10-02T01:08Z,7418,g95e5p,1.909
2026-10-02T01:08Z,7420,g98e5,1.989
2026-10-02T01:08Z,7421,g98e5,1.989
2026-10-02T01:08Z,7422,gP,2.065
2026-10-02T01:08Z,7422,g98e5,1.945
2026-10-02T01:08Z,7423,gP,2.065
2026-10-02T01:08Z,7423,g98e5,1.945
2026-10-02T01:08Z,7425,g95e5,1.849
2026-10-02T01:08Z,7425,gP,2.079
2026-10-02T01:08Z,7425,g98e5,1.969
2026-10-02T01:08Z,7426,g95e5,1.849
2026-10-02T01:08Z,7426,gP,2.079
2026-10-02T01:08Z,7426,g98e5,1.969
2026-10-02T01:08Z,7427,gA,2.009
2026-10-02T01:08Z,7427,gP,2.069
2026-10-02T01:08Z,7427,g98e5,2.005
2026-10-02T01:08Z,7430,g95e5,1.849
2026-10-02T01:08Z,7430,gP,2.095
2026-10-02T01:08Z,7430,g98e5,1.969
2026-10-02T01:08Z,7431,g95e5,1.879
2026-10-02T01:08Z,7431,gA,2.015
2026-10-02T01:08Z,7432,gP,2.029
2026-10-02T01:08Z,7432,g98e5,2.015
2026-10-02T01:08Z,7433,g98e5,2.015
2026-10-02T01:08Z,7434,g95e5,1.869
2026-10-02T01:08Z,7434,gA,2.059
2026-10-02T01:08Z,7434,gP,2.119
2026-10-02T01:08Z,7434,g98e5,1.989
2026-10-02T01:08Z,7435,g95e5,1.829
2026-10-02T01:08Z,7435,gP,2.079
2026-10-02T01:08Z,7435,g98e5,1.949
2026-10-02T01:08Z,7436,gA,2.065
2026-10-02T01:08Z,7436,gP,2.125
2026-10-02T01:08Z,7436,g98e5,2.009
2026-10-02T01:08Z,7437,g95e5,1.855
2026-10-02T01:08Z,7437,gA,2.019
2026-10-02T01:08Z,7437,gP,2.099
2026-10-02T01:08Z,7437,g98e5,2.025
2026-10-02T01:08Z,7438,gA,1.999
2026-10-02T01:08Z,7438,gP,2.059
2026-10-02T01:08Z,7438,g98e5,1.949
2026-10-02T01:08Z,7439,g95e5,1.845
2026-10-02T01:08Z,7439,gA,2.055
2026-10-02T01:08Z,7439,g98e5,2.015
2026-10-02T01:08Z,7440,g95e5,1.885
2026-10-02T01:08Z,7440,gA,2.049
2026-10-02T01:08Z,7440,g98e5,2.005
2026-10-02T01:08Z,7441,gA,2.015
2026-10-02T01:08Z,7441,gP,2.075
2026-10-02T01:08Z,7441,g98e5,2.015
2026-10-02T01:08Z,7445,g95e5,1.879
2026-10-02T01:08Z,7445,gP,2.069
2026-10-02T01:08Z,7445,g98e5,1.999
2026-10-02T01:08Z,7451,g95e5,1.865
2026-10-02T01:08Z,7451,gA,2.039
2026-10-02T01:08Z,7451,gP,2.129
2026-10-02T01:08Z,7451,g98e5,2.005
2026-10-02T01:08Z,7457,gA,1.964
2026-10-02T01:08Z,7457,gP,2.029
2026-10-02T01:08Z,7460,gA,1.999
2026-10-02T01:08Z,7460,gP,2.099
2026-10-02T01:08Z,7461,gA,1.999
2026-10-02T01:08Z,7461,gP,2.099
2026-10-02T01:08Z,7504,g95e5,1.765
2026-10-02T01:08Z,7504,gA,1.989
2026-10-02T01:08Z,7504,g98e5,1.935
2026-10-02T01:08Z,7505,g95e5,1.779
2026-10-02T01:08Z,7505,gP,2.069
2026-10-02T01:08Z,7506,g95e5,1.819
2026-10-02T01:08Z,7506,gA,2.015
2026-10-02T01:08Z,7507,g95e5,1.805
2026-10-02T01:08Z,7507,gP,2.069
2026-10-02T01:08Z,7507,g98e5,1.925
2026-10-02T01:08Z,7508,g95e5,1.769
2026-10-02T01:08Z,7508,gA,1.969
2026-10-02T01:08Z,7508,gP,2.029
2026-10-02T01:08Z,7508,g98e5,1.939
2026-10-02T01:08Z,7509,g95e5,1.835
2026-10-02T01:08Z,7509,gA,2.049
2026-10-02T01:08Z,7509,gP,2.149
2026-10-02T01:08Z,7513,g95e5,1.789
2026-10-02T01:08Z,7513,gP,2.075
2026-10-02T01:08Z,7515,gA,2.024
2026-10-02T01:08Z,7515,gP,2.119
2026-10-02T01:08Z,7515,gB,1.838
2026-10-02T01:08Z,7520,g95e5,1.829
2026-10-02T01:08Z,7520,gA,2.015
2026-10-02T01:08Z,7520,gP,2.125
2026-10-02T01:08Z,7520,g98e5,1.999
2026-10-02T01:08Z,7520,gB,1.789
2026-10-02T01:08Z,7522,gA,2.035
2026-10-02T01:08Z,7522,g98e5,2.009
2026-10-02T01:08Z,7523,gP,2.105
2026-10-02T01:08Z,7526,g95e5,1.799
2026-10-02T01:08Z,7526,gA,1.969
2026-10-02T01:08Z,7526,g95e5p,1.869
2026-10-02T01:08Z,7527,g95e5,1.805
2026-10-02T01:08Z,7527,gA,1.975
2026-10-02T01:08Z,7527,g98e5,1.975
2026-10-02T01:08Z,7527,g95e5p,1.875
2026-10-02T01:08Z,7529,g95e5,1.765
2026-10-02T01:08Z,7529,gP,2.085
2026-10-02T01:08Z,7529,g98e5,1.935
2026-10-02T01:08Z,7532,g95e5,1.805
2026-10-02T01:08Z,7532,gA,1.975
2026-10-02T01:08Z,7532,g98e5,1.975
2026-10-02T01:08Z,7533,gP,2.055
2026-10-02T01:08Z,7533,g98e5,2.005
2026-10-02T01:08Z,7535,g95e5,1.809
2026-10-02T01:08Z,7535,gA,1.999
2026-10-02T01:08Z,7538,gP,2.085
2026-10-02T01:08Z,7538,g98e5,1.969
2026-10-02T01:08Z,7539,gP,2.055
2026-10-02T01:08Z,7542,gP,2.105
2026-10-02T01:08Z,7545,g95e5,1.785
2026-10-02T01:08Z,7545,gP,2.085
2026-10-02T01:08Z,7545,g98e5,1.955
2026-10-02T01:08Z,7547,g95e5,1.825
2026-10-02T01:08Z,7547,gA,2.045
2026-10-02T01:08Z,7547,gP,2.105
2026-10-02T01:08Z,7548,g98e5,1.945
2026-10-02T01:08Z,7549,g95e5,1.789
2026-10-02T01:08Z,7550,gP,2.055
2026-10-02T01:08Z,7551,g95e5,1.825
2026-10-02T01:08Z,7551,gP,2.109
2026-10-02T01:08Z,7551,g98e5,1.995
2026-10-02T01:08Z,7552,g95e5,1.819
2026-10-02T01:08Z,7553,gP,2.109
2026-10-02T01:08Z,7553,g98e5,2.009
2026-10-02T01:08Z,7557,gA,1.998
2026-10-02T01:08Z,7557,gP,2.089
2026-10-02T01:08Z,7558,g95e5,1.825
2026-10-02T01:08Z,7558,gA,2.009
2026-10-02T01:08Z,7558,g98e5,1.995
2026-10-02T01:08Z,7559,gP,2.085
2026-10-02T01:08Z,7559,g98e5,1.949
2026-10-02T01:08Z,7562,g95e5,1.785
2026-10-02T01:08Z,7562,gA,1.995
2026-10-02T01:08Z,7562,gP,2.105
2026-10-02T01:08Z,7562,g98e5,1.955
2026-10-02T01:08Z,7563,gA,2.005
2026-10-02T01:08Z,7563,gP,2.065
2026-10-02T01:08Z,7565,gP,2.105
2026-10-02T01:08Z,7569,g95e5,1.785
2026-10-02T01:08Z,7569,gA,1.995
2026-10-02T01:08Z,7569,gP,2.105
2026-10-02T01:08Z,7570,gP,2.069
2026-10-02T01:08Z,7573,g95e5,1.795
2026-10-02T01:08Z,7573,g98e5,1.965
2026-10-02T01:08Z,7574,g95e5,1.819
2026-10-02T01:08Z,7574,gA,2.035
2026-10-02T01:08Z,7576,g95e5,1.825
2026-10-02T01:08Z,7576,g98e5,1.945
2026-10-02T01:08Z,7581,gP,2.069
2026-10-02T01:08Z,7581,g98e5,1.935
2026-10-02T01:08Z,7583,gP,2.135
2026-10-02T01:08Z,7586,g98e5,1.955
2026-10-02T01:08Z,7586,gB,1.775
2026-10-02T01:08Z,7588,g95e5,1.869
2026-10-02T01:08Z,7588,gA,1.999
2026-10-02T01:08Z,7589,gP,2.109
2026-10-02T01:08Z,7591,g95e5,1.829
2026-10-02T01:08Z,7591,gA,2.015
2026-10-02T01:08Z,7591,gP,2.125
2026-10-02T01:08Z,7592,gA,2.024
2026-10-02T01:08Z,7592,gP,2.119
2026-10-02T01:08Z,7592,gB,1.838
2026-10-02T01:08Z,7609,gA,1.988
2026-10-02T01:08Z,7609,gP,2.079
2026-10-02T01:08Z,7637,gA,1.739
2026-10-02T01:08Z,7639,gA,1.719
2026-10-02T01:08Z,7640,gA,1.719
2026-10-02T01:08Z,7643,gA,1.699
2026-10-02T01:08Z,7646,gA,1.699
2026-10-02T01:08Z,7647,gA,1.699
2026-10-02T01:08Z,7652,gA,1.699
2026-10-02T01:08Z,7656,gA,1.699
2026-10-02T01:08Z,7657,gA,1.689
2026-10-02T01:08Z,7666,gA,1.699
2026-10-02T01:08Z,7667,gA,1.689
2026-10-02T01:08Z,7675,g95e5,1.519
2026-10-02T01:08Z,7675,g98e5,1.639
2026-10-02T01:08Z,7680,gA,1.649
2026-10-02T01:08Z,7680,gP,1.749
2026-10-02T01:08Z,7683,g95e5,1.519
2026-10-02T01:08Z,7683,g98e5,1.639
2026-10-02T01:08Z,7684,g95e5,1.565
2026-10-02T01:08Z,7684,gA,1.725
2026-10-02T01:08Z,7684,g98e5,1.685
2026-10-02T01:08Z,7688,g95e5,1.519
2026-10-02T01:08Z,7688,g98e5,1.639
2026-10-02T01:08Z,7695,gA,1.639
2026-10-02T01:08Z,7695,gP,1.739
2026-10-02T01:08Z,7711,gA,1.689
2026-10-02T01:08Z,7718,g95e5,1.569
2026-10-02T01:08Z,7718,g98e5,1.689
2026-10-02T01:08Z,7737,gA,1.679
2026-10-02T01:08Z,7751,gA,2.019
2026-10-02T01:08Z,7751,gP,2.109
2026-10-02T01:08Z,7751,gB,1.853
2026-10-02T01:08Z,7753,gA,2.019
2026-10-02T01:08Z,7753,gP,2.109
2026-10-02T01:08Z,7756,g95e5,1.809
2026-10-02T01:08Z,7756,gP,2.075
2026-10-02T01:08Z,7756,g98e5,1.929
2026-10-02T01:08Z,7757,gA,2.009
2026-10-02T01:08Z,7757,gP,2.069
2026-10-02T01:08Z,7757,g98e5,1.959
2026-10-02T01:08Z,7757,gB,1.809
2026-10-02T01:08Z,7761,gA,1.995
2026-10-02T01:08Z,7761,gP,2.105
2026-10-02T01:08Z,7761,g98e5,1.989
2026-10-02T01:08Z,7766,g95e5,1.579
2026-10-02T01:08Z,7766,g98e5,1.699
2026-10-02T01:08Z,7784,g95e5,1.539
2026-10-02T01:08Z,7784,g98e5,1.659
2026-10-02T01:08Z,7817,g95e5,1.555
2026-10-02T01:08Z,7817,gA,1.725
2026-10-02T01:08Z,7817,gP,1.845
2026-10-02T01:08Z,7817,g98e5,1.675
2026-10-02T01:08Z,7818,g95e5,1.539
2026-10-02T01:08Z,7818,g98e5,1.659
2026-10-02T01:08Z,7890,gA,1.739
2026-10-02T01:08Z,7903,gA,1.729
2026-10-02T01:08Z,7903,gP,1.829
2026-10-02T01:08Z,7929,gA,1.699
2026-10-02T01:08Z,7929,gP,1.809
2026-10-02T01:08Z,7950,gP,1.939
2026-10-02T01:08Z,7960,gA,2.029
2026-10-02T01:08Z,7960,gP,2.099
2026-10-02T01:08Z,7982,g95e5,1.849
2026-10-02T01:08Z,7982,gA,1.955
2026-10-02T01:08Z,7982,gP,2.045
2026-10-02T01:08Z,7982,g98e5,1.989
2026-10-02T01:08Z,7983,gA,2.004
2026-10-02T01:08Z,7983,gP,2.104
2026-10-02T01:08Z,8011,g95e5,1.775
2026-10-02T01:08Z,8011,gP,2.089
2026-10-02T01:08Z,8011,g98e5,1.945
2026-10-02T01:08Z,8058,gA,1.994
2026-10-02T01:08Z,8058,gP,2.109
2026-10-02T01:08Z,8088,g95e5,1.815
2026-10-02T01:08Z,8088,gA,1.995
2026-10-02T01:08Z,8088,gP,2.095
2026-10-02T01:08Z,8101,gA,2.024
2026-10-02T01:08Z,8101,gP,2.139
2026-10-02T01:08Z,8105,g95e5,1.799
2026-10-02T01:08Z,8105,gA,1.985
2026-10-02T01:08Z,8105,gP,2.075
2026-10-02T01:08Z,8127,gP,2.065
2026-10-02T01:08Z,8127,g98e5,1.915
2026-10-02T01:08Z,8129,gP,2.059
2026-10-02T01:08Z,8129,g98e5,1.965
2026-10-02T01:08Z,8130,gP,2.059
2026-10-02T01:08Z,8130,g98e5,1.965
2026-10-02T01:08Z,8135,g95e5,1.835
2026-10-02T01:08Z,8135,gA,2.019
2026-10-02T01:08Z,8135,g98e5,1.989
2026-10-02T01:08Z,8138,gA,1.959
2026-10-02T01:08Z,8138,gP,2.069
2026-10-02T01:08Z,8145,gA,2.024
2026-10-02T01:08Z,8145,gP,2.099
2026-10-02T01:08Z,8177,g95e5,1.839
2026-10-02T01:08Z,8177,g98e5,1.979
2026-10-02T01:08Z,8192,g95e5,1.865
2026-10-02T01:08Z,8192,gP,2.115
2026-10-02T01:08Z,8201,gP,2.065
2026-10-02T01:08Z,8201,g98e5,1.985
2026-10-02T01:08Z,8250,g95e5,1.819
2026-10-02T01:08Z,8250,gA,1.965
2026-10-02T01:08Z,8250,gP,2.075
2026-10-02T01:08Z,8250,g98e5,1.989
2026-10-02T01:08Z,8250,gB,1.849
2026-10-02T01:08Z,8251,gA,2.065
2026-10-02T01:08Z,8251,gP,2.125
2026-10-02T01:08Z,8251,g98e5,1.999
2026-10-02T01:08Z,8252,gA,2.045
2026-10-02T01:08Z,8252,g98e5,1.999
2026-10-02T01:08Z,8253,g95e5,1.855
2026-10-02T01:08Z,8253,gP,2.105
2026-10-02T01:08Z,8253,g98e5,1.975
2026-10-02T01:08Z,8266,gA,2.024
2026-10-02T01:08Z,8266,gP,2.119
2026-10-02T01:08Z,8270,g95e5,1.819
2026-10-02T01:08Z,8271,gA,1.984
2026-10-02T01:08Z,8271,gP,2.069
2026-10-02T01:08Z,8271,gB,1.893
2026-10-02T01:08Z,8273,g95e5,1.759
2026-10-02T01:08Z,8273,gA,1.799
2026-10-02T01:08Z,8274,g95e5,1.845
2026-10-02T01:08Z,8274,gP,2.115
2026-10-02T01:08Z,8274,g98e5,1.965
2026-10-02T01:08Z,8274,g95e5p,1.905
2026-10-02T01:08Z,8275,g98e5,1.969
2026-10-02T01:08Z,8275,gB,1.865
2026-10-02T01:08Z,8277,g95e5,1.879
2026-10-02T01:08Z,8277,gA,2.029
2026-10-02T01:08Z,8277,gP,2.129
2026-10-02T01:08Z,8280,g95e5,1.509
2026-10-02T01:08Z,8280,gA,1.679
2026-10-02T01:08Z,8280,gP,1.739
2026-10-02T01:08Z,8280,g98e5,1.639
2026-10-02T01:08Z,8329,gA,2.025
2026-10-02T01:08Z,8329,gP,2.115
2026-10-02T01:08Z,8341,gA,2.009
2026-10-02T01:08Z,8341,gP,2.099
2026-10-02T01:08Z,8344,g95e5,1.819
2026-10-02T01:08Z,8344,gA,1.965
2026-10-02T01:08Z,8344,gP,2.075
2026-10-02T01:08Z,8344,g98e5,1.989
2026-10-02T01:08Z,8344,gB,1.849
2026-10-02T01:08Z,8447,g95e5,1.769
2026-10-02T01:08Z,8447,gA,1.839
2026-10-02T01:08Z,8453,g95e5,1.809
2026-10-02T01:08Z,8453,gA,1.959
2026-10-02T01:08Z,8453,gP,2.009
2026-10-02T01:08Z,8453,g95e5p,1.869
2026-10-02T01:08Z,8476,gP,2.019
2026-10-02T01:08Z,8476,g98e5,1.899
2026-10-02T01:08Z,8522,g95e5,1.819
2026-10-02T01:08Z,8522,gP,2.109
2026-10-02T01:08Z,8522,g98e5,1.989
2026-10-02T01:08Z,8795,g95e5,1.859
2026-10-02T01:08Z,8795,gA,1.989
2026-10-02T01:08Z,8795,gP,2.079
2026-10-02T01:08Z,8795,g98e5,1.999
2026-10-02T01:08Z,8802,gA,1.729
2026-10-02T01:08Z,8961,g95e5,1.859
2026-10-02T01:08Z,8961,g98e5,1.909
2026-10-02T01:08Z,8976,gA,2.014
2026-10-02T01:08Z,8976,gP,2.104
2026-10-02T01:08Z,9020,g95e5,1.835
2026-10-02T01:08Z,9020,gA,2.019
2026-10-02T01:08Z,9095,g95e5,1.700
2026-10-02T01:08Z,9095,gA,1.800
2026-10-02T01:08Z,9102,g95e5,1.789
2026-10-02T01:08Z,9102,g95e5p,1.839
2026-10-02T01:08Z,9121,gA,1.813
2026-10-02T01:08Z,9144,g95e5,1.825
2026-10-02T01:08Z,9144,gP,2.065
2026-10-02T01:08Z,9196,g95e5,1.889
2026-10-02T01:08Z,9196,g98e5,1.959
2026-10-02T01:08Z,9212,gA,1.989
2026-10-02T01:08Z,9265,g95e5,1.859
2026-10-02T01:08Z,9265,gP,2.065
2026-10-02T01:08Z,9265,g98e5,2.029
2026-10-02T01:08Z,9294,g98e5,1.979
2026-10-02T01:08Z,9299,g95e5,1.939
2026-10-02T01:08Z,9302,gA,1.949
2026-10-02T01:08Z,9302,gP,2.049
2026-10-02T01:08Z,9303,gA,1.969
2026-10-02T01:08Z,9303,gP,2.069
2026-10-02T01:08Z,9307,g98e5,1.915
2026-10-02T01:08Z,9309,g95e5,1.768
2026-10-02T01:08Z,9320,g95e5,1.825
2026-10-02T01:08Z,9320,gA,1.989
2026-10-02T01:08Z,9320,gP,2.079
2026-10-02T01:08Z,9320,g98e5,1.965
2026-10-02T01:08Z,9347,gA,1.994
2026-10-02T01:08Z,9347,gP,2.044
2026-10-02T01:08Z,9422,gB,1.889
2026-10-02T01:08Z,9434,g95e5,1.795
2026-10-02T01:08Z,9434,gA,2.005
2026-10-02T01:08Z,9434,gP,2.115
2026-10-02T01:08Z,9436,g95e5,1.865
2026-10-02T01:08Z,9436,gA,2.039
2026-10-02T01:08Z,9436,gP,2.129
2026-10-02T01:08Z,9441,g98e5,1.955
2026-10-02T01:08Z,9463,g95e5,1.825
2026-10-02T01:08Z,9463,gA,1.989
2026-10-02T01:08Z,9463,gP,2.079
2026-10-02T01:08Z,9463,g98e5,1.965
2026-10-02T01:08Z,9471,g95e5,1.795
2026-10-02T01:08Z,9471,g98e5,1.915
2026-10-02T01:08Z,9475,gA,2.005
2026-10-02T01:08Z,9475,gP,2.095
2026-10-02T01:08Z,9499,g95e5,1.769
2026-10-02T01:08Z,9499,gA,1.959
2026-10-02T01:08Z,9499,gP,2.019
2026-10-02T01:08Z,9499,gB,1.779
2026-10-02T01:08Z,9521,gB,1.779
2026-10-02T01:08Z,9546,gP,2.065
2026-10-02T01:08Z,9563,g95e5,1.859
2026-10-02T01:08Z,9563,g98e5,2.029
2026-10-02T01:08Z,9572,g98e5,2.015
2026-10-02T01:08Z,9598,g95e5,1.795
2026-10-02T01:08Z,9598,g98e5,1.915
2026-10-02T01:08Z,9622,gA,1.974
2026-10-02T01:08Z,9622,gP,2.039
2026-10-02T01:08Z,9639,gB,1.825
2026-10-02T01:08Z,9664,g95e5,1.582
2026-10-02T01:08Z,9664,gA,1.710
2026-10-02T01:08Z,9664,g98e5,1.702
2026-10-02T01:08Z,9670,gA,1.994
2026-10-02T01:08Z,9670,gP,2.059
2026-10-02T01:08Z,9708,gA,2.005
2026-10-02T01:08Z,9708,g98e5,1.975
2026-10-02T01:08Z,9710,gP,2.079
2026-10-02T01:08Z,9710,g98e5,1.965
2026-10-02T01:08Z,9732,g95e5,1.835
2026-10-02T01:08Z,9732,gA,1.989
2026-10-02T01:08Z,9732,gP,2.079
2026-10-02T01:08Z,9732,g98e5,1.975
2026-10-02T01:08Z,9748,g98e5,1.969
2026-10-02T01:08Z,9748,gB,1.915
2026-10-02T01:08Z,9771,g95e5,1.825
2026-10-02T01:08Z,9771,gA,1.965
2026-10-02T01:08Z,9771,gP,2.055
2026-10-02T01:08Z,9771,g98e5,1.965
2026-10-02T01:08Z,9777,g95e5,1.805
2026-10-02T01:08Z,9777,gA,1.985
2026-10-02T01:08Z,9777,gB,1.739
2026-10-02T01:08Z,9789,gA,1.999
2026-10-02T01:08Z,9789,gP,2.109
2026-10-02T01:08Z,9791,g95e5,1.795
2026-10-02T01:08Z,9791,gA,1.975
2026-10-02T01:08Z,9791,g98e5,1.965
2026-10-02T01:08Z,9791,gB,1.885
2026-10-02T01:08Z,9811,g95e5,1.800
2026-10-02T01:08Z,9811,gA,2.030
2026-10-02T01:08Z,9811,gP,2.120
2026-10-02T01:08Z,9811,g98e5,1.940
2026-10-02T01:08Z,9814,g95e5,1.825
2026-10-02T01:08Z,9814,gA,2.029
2026-10-02T01:08Z,9814,gP,2.119
2026-10-02T01:08Z,9814,g98e5,1.965
2026-10-02T01:08Z,9819,gA,1.999
2026-10-02T01:08Z,9819,g98e5,1.899
2026-10-02T01:08Z,9820,g98e5,1.899
2026-10-02T01:08Z,9834,gP,2.099
2026-10-02T01:08Z,9834,gB,1.795
2026-10-02T01:08Z,9836,g95e5,1.855
2026-10-02T01:08Z,9836,gP,2.075
2026-10-02T01:08Z,9836,g98e5,1.975
2026-10-02T01:08Z,9845,g98e5,1.969
2026-10-02T01:08Z,9850,gP,2.075
2026-10-02T01:08Z,9850,g98e5,2.049
2026-10-02T01:08Z,9853,g98e5,1.999
2026-10-02T01:08Z,9855,gA,1.955
2026-10-02T01:08Z,9855,g98e5,2.035
2026-10-02T01:08Z,9857,gP,2.009
2026-10-02T01:08Z,9857,g98e5,2.009
2026-10-02T01:08Z,9860,gP,2.085
2026-10-02T01:08Z,9861,gA,1.879
2026-10-02T01:08Z,9861,gB,1.779
2026-10-02T01:08Z,9863,g98e5,1.949
2026-10-02T01:08Z,9893,g95e5,1.843
2026-10-02T01:08Z,9893,gA,2.014
2026-10-02T01:08Z,9893,gP,2.074
2026-10-02T01:08Z,9893,gB,1.894
2026-10-02T01:08Z,9900,gA,1.759
2026-10-02T01:08Z,9916,g98e5,1.989
2026-10-02T01:08Z,9962,gA,1.949
2026-10-02T01:08Z,9962,gP,2.009
2026-10-02T01:08Z,9962,gB,1.735
2026-10-02T01:08Z,9967,g98e5,2.005
2026-10-02T01:08Z,9967,gB,1.845
2026-10-02T01:08Z,9970,gA,1.925
2026-10-02T01:08Z,9970,g98e5,1.995
2026-10-02T01:08Z,9970,gB,1.815
2026-10-02T01:08Z,9974,gA,2.009
2026-10-02T01:08Z,9974,gP,2.119
2026-10-02T01:08Z,9974,g98e5,1.969
2026-10-02T01:08Z,9997,gA,2.029
2026-10-02T01:08Z,9997,g98e5,2.005
2026-10-02T01:08Z,10017,g95e5,1.859
2026-10-02T01:08Z,10017,gA,2.025
2026-10-02T01:08Z,10017,gP,2.135
2026-10-02T01:08Z,10017,g98e5,1.979
2026-10-02T01:08Z,10024,gB,1.829
2026-10-02T01:08Z,10035,g95e5,1.869
2026-10-02T01:08Z,10039,gA,1.985
2026-10-02T01:08Z,10039,gP,2.075
2026-10-02T01:08Z,10041,g95e5,1.775
2026-10-02T01:08Z,10041,gP,2.089
2026-10-02T01:08Z,10041,g98e5,1.945
2026-10-02T01:08Z,10044,g98e5,1.995
2026-10-02T01:08Z,10051,g98e5,1.935
2026-10-02T01:08Z,10076,gA,2.019
2026-10-02T01:08Z,10076,gP,2.109
2026-10-02T01:08Z,10077,g95e5,1.849
2026-10-02T01:08Z,10077,gA,2.009
2026-10-02T01:08Z,10077,gP,2.099
2026-10-02T01:08Z,10077,g98e5,1.989
2026-10-02T01:08Z,10105,g95e5,1.899
2026-10-02T01:08Z,10105,gA,1.929
2026-10-02T01:08Z,10105,g98e5,1.999
2026-10-02T01:08Z,10106,gA,2.024
2026-10-02T01:08Z,10106,gP,2.139
2026-10-02T01:08Z,10107,gA,2.024
2026-10-02T01:08Z,10107,gP,2.139
2026-10-02T01:08Z,10108,g95e5,1.899
2026-10-02T01:08Z,10108,gA,1.959
2026-10-02T01:08Z,10108,gP,2.019
2026-10-02T01:08Z,10108,g98e5,2.069
2026-10-02T01:08Z,10141,gA,2.014
2026-10-02T01:08Z,10141,gP,2.099
2026-10-02T01:08Z,10157,gA,1.959
2026-10-02T01:08Z,10157,gP,2.018
2026-10-02T01:08Z,10157,gB,1.868
2026-10-02T01:08Z,10158,gA,1.959
2026-10-02T01:08Z,10158,gP,2.018
2026-10-02T01:08Z,10158,gB,1.868
2026-10-02T01:08Z,10168,gA,1.959
2026-10-02T01:08Z,10168,gP,2.029
2026-10-02T01:08Z,10195,gA,2.019
2026-10-02T01:08Z,10195,gP,2.109
2026-10-02T01:08Z,10201,gA,1.729
2026-10-02T01:08Z,10207,gA,1.999
2026-10-02T01:08Z,10207,gP,2.099
2026-10-02T01:08Z,10207,gB,1.943
2026-10-02T01:08Z,10212,g95e5,1.965
2026-10-02T01:08Z,10212,gA,1.969
2026-10-02T01:08Z,10212,gP,2.059
2026-10-02T01:08Z,10212,g98e5,2.105
2026-10-02T01:08Z,10217,g95e5,1.805
2026-10-02T01:08Z,10217,gB,1.915
2026-10-02T01:08Z,10249,gA,2.008
2026-10-02T01:08Z,10249,gP,2.109
2026-10-02T01:08Z,10252,gP,2.095
2026-10-02T01:08Z,10252,g98e5,1.949
2026-10-02T01:08Z,10254,gP,2.069
2026-10-02T01:08Z,10254,g98e5,1.969
2026-10-02T01:08Z,10262,gA,1.949
2026-10-02T01:08Z,10262,g98e5,1.935
2026-10-02T01:08Z,10262,gB,1.795
2026-10-02T01:08Z,10270,g95e5,1.859
2026-10-02T01:08Z,10270,gA,1.959
2026-10-02T01:08Z,10270,gP,2.049
2026-10-02T01:08Z,10270,g98e5,1.999
2026-10-02T01:08Z,10290,g95e5,1.789
2026-10-02T01:08Z,10290,gP,2.059
2026-10-02T01:08Z,10290,g98e5,1.959
2026-10-02T01:08Z,10319,gA,2.024
2026-10-02T01:08Z,10319,gP,2.099
2026-10-02T01:08Z,10341,g95e5,1.764
2026-10-02T01:08Z,10341,gA,1.969
2026-10-02T01:08Z,10341,gP,2.059
2026-10-02T01:08Z,10341,g98e5,1.904
2026-10-02T01:08Z,10344,g98e5,1.949
2026-10-02T01:08Z,10344,gB,1.815
2026-10-02T01:08Z,10366,gA,1.999
2026-10-02T01:08Z,10366,gP,2.079
2026-10-02T01:08Z,10367,gA,1.994
2026-10-02T01:08Z,10367,gP,2.079
2026-10-02T01:08Z,10368,gA,2.054
2026-10-02T01:08Z,10368,gP,2.114
2026-10-02T01:08Z,10369,gA,2.054
2026-10-02T01:08Z,10369,gP,2.114
2026-10-02T01:08Z,10373,g95e5,1.769
2026-10-02T01:08Z,10373,gP,2.019
2026-10-02T01:08Z,10385,g95e5,1.835
2026-10-02T01:08Z,10385,gA,1.939
2026-10-02T01:08Z,10385,g98e5,2.005
2026-10-02T01:08Z,10408,g95e5,1.825
2026-10-02T01:08Z,10408,gA,2.025
2026-10-02T01:08Z,10408,gP,2.115
2026-10-02T01:08Z,10408,g98e5,1.965
2026-10-02T01:08Z,10411,g95e5,1.825
2026-10-02T01:08Z,10411,gA,2.005
2026-10-02T01:08Z,10411,gP,2.095
2026-10-02T01:08Z,10411,g98e5,1.965
2026-10-02T01:08Z,10433,g95e5,1.799
2026-10-02T01:08Z,10433,gA,1.979
2026-10-02T01:08Z,10433,gP,2.069
2026-10-02T01:08Z,10433,g98e5,1.939
2026-10-02T01:08Z,10436,g95e5,1.865
2026-10-02T01:08Z,10436,gA,2.039
2026-10-02T01:08Z,10436,gP,2.129
2026-10-02T01:08Z,10436,g98e5,2.005
2026-10-02T01:08Z,10450,g98e5,1.909
2026-10-02T01:08Z,10451,g95e5,1.895
2026-10-02T01:08Z,10451,gA,1.975
2026-10-02T01:08Z,10451,gP,2.075
2026-10-02T01:08Z,10451,g98e5,2.035
2026-10-02T01:08Z,10452,gP,2.059
2026-10-02T01:08Z,10452,g98e5,1.945
2026-10-02T01:08Z,10465,g95e5,1.849
2026-10-02T01:08Z,10465,gA,1.955
2026-10-02T01:08Z,10465,gP,2.045
2026-10-02T01:08Z,10465,g98e5,1.989
2026-10-02T01:08Z,10482,g95e5,1.835
2026-10-02T01:08Z,10482,gA,2.019
2026-10-02T01:08Z,10482,gP,2.109
2026-10-02T01:08Z,10482,g98e5,1.975
2026-10-02T01:08Z,10487,g95e5,1.849
2026-10-02T01:08Z,10487,gA,2.019
2026-10-02T01:08Z,10487,gP,2.109
2026-10-02T01:08Z,10487,g98e5,1.989
2026-10-02T01:08Z,10488,gA,1.989
2026-10-02T01:08Z,10488,gP,2.079
2026-10-02T01:08Z,10517,g95e5,1.799
2026-10-02T01:08Z,10517,gB,1.689
2026-10-02T01:08Z,10530,g95e5,1.799
2026-10-02T01:08Z,10530,gA,1.979
2026-10-02T01:08Z,10530,gB,1.699
2026-10-02T01:08Z,10579,g95e5,1.839
2026-10-02T01:08Z,10579,gP,2.085
2026-10-02T01:08Z,10579,g98e5,1.959
2026-10-02T01:08Z,10582,g95e5,1.829
2026-10-02T01:08Z,10582,gA,1.989
2026-10-02T01:08Z,10582,gP,2.079
2026-10-02T01:08Z,10582,g98e5,1.969
2026-10-02T01:08Z,10602,g95e5,1.859
2026-10-02T01:08Z,10602,gA,1.989
2026-10-02T01:08Z,10602,gP,2.079
2026-10-02T01:08Z,10602,g98e5,1.999
2026-10-02T01:08Z,10605,g95e5,1.897
2026-10-02T01:08Z,10605,g98e5,1.997
2026-10-02T01:08Z,10608,gA,1.979
2026-10-02T01:08Z,10608,gP,2.109
2026-10-02T01:08Z,10610,gA,1.984
2026-10-02T01:08Z,10610,gP,2.119
2026-10-02T01:08Z,10611,gA,1.984
2026-10-02T01:08Z,10611,gP,2.119
2026-10-02T01:08Z,10619,g95e5,1.789
2026-10-02T01:08Z,10619,g95e5p,1.869
2026-10-02T01:08Z,10619,gB,1.839
2026-10-02T01:08Z,10640,g95e5,1.779
2026-10-02T01:08Z,10652,g95e5,1.815
2026-10-02T01:08Z,10652,gA,1.949
2026-10-02T01:08Z,10652,gP,2.009
2026-10-02T01:08Z,10652,g98e5,1.985
2026-10-02T01:08Z,10662,g95e5,1.769
2026-10-02T01:08Z,10662,gP,2.055
2026-10-02T01:08Z,10662,g98e5,1.939
2026-10-02T01:08Z,10663,g98e5,1.979
2026-10-02T01:08Z,10664,gA,2.025
2026-10-02T01:08Z,10664,gP,2.085
2026-10-02T01:08Z,10664,g98e5,1.929
2026-10-02T01:08Z,10666,gP,2.069
2026-10-02T01:08Z,10666,g98e5,1.965
2026-10-02T01:08Z,10668,g95e5,1.769
2026-10-02T01:08Z,10668,gA,1.975
2026-10-02T01:08Z,10668,gP,2.035
2026-10-02T01:08Z,10668,g98e5,1.919
2026-10-02T01:08Z,10669,g95e5,1.639
2026-10-02T01:08Z,10669,gA,1.845
2026-10-02T01:08Z,10682,gA,2.009
2026-10-02T01:08Z,10682,g98e5,2.029
2026-10-02T01:08Z,10710,g95e5,1.849
2026-10-02T01:08Z,10710,gA,1.955
2026-10-02T01:08Z,10710,gP,2.045
2026-10-02T01:08Z,10710,g98e5,1.989
2026-10-02T01:08Z,10720,g95e5,1.839
2026-10-02T01:08Z,10720,gA,2.015
2026-10-02T01:08Z,10720,g98e5,1.959
2026-10-02T01:08Z,10727,g95e5,1.809
2026-10-02T01:08Z,10728,g95e5,1.825
2026-10-02T01:08Z,10728,gA,1.959
2026-10-02T01:08Z,10728,gP,2.049
2026-10-02T01:08Z,10728,g98e5,1.965
2026-10-02T01:08Z,10740,gA,2.004
2026-10-02T01:08Z,10740,gP,2.094
2026-10-02T01:08Z,10746,gA,1.930
2026-10-02T01:08Z,10748,g95e5,1.839
2026-10-02T01:08Z,10750,g95e5,1.989
2026-10-02T01:08Z,10750,g98e5,2.129
2026-10-02T01:08Z,10757,g95e5,1.805
2026-10-02T01:08Z,10757,gA,2.025
2026-10-02T01:08Z,10757,g98e5,1.925
2026-10-02T01:08Z,10776,gA,1.967
2026-10-02T01:08Z,10777,gP,1.789
2026-10-02T01:08Z,10823,gA,2.049
2026-10-02T01:08Z,10823,gP,2.139
2026-10-02T01:08Z,10824,g95e5,1.789
2026-10-02T01:08Z,10829,g95e5,1.799
2026-10-02T01:08Z,10829,gA,1.979
2026-10-02T01:08Z,10829,gP,2.069
2026-10-02T01:08Z,10829,g98e5,1.939
2026-10-02T01:08Z,10830,gP,2.119
2026-10-02T01:08Z,10836,gP,2.095
2026-10-02T01:08Z,10836,g98e5,1.995
2026-10-02T01:08Z,10837,gP,2.095
2026-10-02T01:08Z,10837,g98e5,1.995
2026-10-02T01:08Z,10847,g95e5,1.805
2026-10-02T01:08Z,10847,gA,1.989
2026-10-02T01:08Z,10847,gP,2.079
2026-10-02T01:08Z,10847,g98e5,1.945
2026-10-02T01:08Z,10855,gA,2.039
2026-10-02T01:08Z,10855,gP,2.099
2026-10-02T01:08Z,10855,g98e5,1.955
2026-10-02T01:08Z,10860,g95e5,1.819
2026-10-02T01:08Z,10860,g98e5,1.939
2026-10-02T01:08Z,10861,g95e5,1.879
2026-10-02T01:08Z,10861,gA,2.009
2026-10-02T01:08Z,10861,gP,2.069
2026-10-02T01:08Z,10861,g98e5,1.999
2026-10-02T01:08Z,10861,gB,1.919
2026-10-02T01:08Z,10862,g95e5,1.875
2026-10-02T01:08Z,10862,gP,2.059
2026-10-02T01:08Z,10862,g98e5,1.995
2026-10-02T01:08Z,10863,g95e5,1.835
2026-10-02T01:08Z,10863,gP,2.105
2026-10-02T01:08Z,10864,g95e5,1.855
2026-10-02T01:08Z,10864,gP,2.095
2026-10-02T01:08Z,10864,g98e5,1.975
2026-10-02T01:08Z,10864,gB,1.835
2026-10-02T01:08Z,10865,gP,2.059
2026-10-02T01:08Z,10865,g98e5,1.939
2026-10-02T01:08Z,10867,g95e5,1.819
2026-10-02T01:08Z,10867,g98e5,1.939
2026-10-02T01:08Z,10867,g95e5p,1.879
2026-10-02T01:08Z,10868,g95e5,1.875
2026-10-02T01:08Z,10868,g98e5,1.995
2026-10-02T01:08Z,10869,g98e5,2.029
2026-10-02T01:08Z,10870,g98e5,2.029
2026-10-02T01:08Z,10872,g98e5,1.995
2026-10-02T01:08Z,10873,gP,2.009
2026-10-02T01:08Z,10873,g98e5,2.009
2026-10-02T01:08Z,10874,g95e5,1.865
2026-10-02T01:08Z,10874,gA,1.959
2026-10-02T01:08Z,10874,gP,2.019
2026-10-02T01:08Z,10874,g98e5,2.035
2026-10-02T01:08Z,10875,g95e5,1.865
2026-10-02T01:08Z,10875,gA,1.979
2026-10-02T01:08Z,10875,g98e5,1.985
2026-10-02T01:08Z,10876,gB,1.865
2026-10-02T01:08Z,10877,g95e5,1.809
2026-10-02T01:08Z,10877,g98e5,1.979
2026-10-02T01:08Z,10878,g95e5,1.809
2026-10-02T01:08Z,10878,g98e5,1.979
2026-10-02T01:08Z,10879,g95e5,1.795
2026-10-02T01:08Z,10879,gA,1.959
2026-10-02T01:08Z,10879,gP,2.019
2026-10-02T01:08Z,10879,g98e5,1.965
2026-10-02T01:08Z,10879,gB,1.745
2026-10-02T01:08Z,10880,g95e5,1.799
2026-10-02T01:08Z,10880,g98e5,1.949
2026-10-02T01:08Z,10880,gB,1.769
2026-10-02T01:08Z,10881,g95e5,1.849
2026-10-02T01:08Z,10881,gA,1.985
2026-10-02T01:08Z,10881,gP,2.095
2026-10-02T01:08Z,10881,g98e5,1.969
2026-10-02T01:08Z,10882,g98e5,2.019
2026-10-02T01:08Z,10883,g95e5,1.829
2026-10-02T01:08Z,10883,gA,1.979
2026-10-02T01:08Z,10883,gP,2.039
2026-10-02T01:08Z,10883,g98e5,1.949
2026-10-02T01:08Z,10884,g95e5,1.815
2026-10-02T01:08Z,10884,gA,2.049
2026-10-02T01:08Z,10884,g98e5,1.985
2026-10-02T01:08Z,10885,gA,1.994
2026-10-02T01:08Z,10885,gP,2.109
2026-10-02T01:08Z,10886,gA,1.985
2026-10-02T01:08Z,10886,g98e5,1.985
2026-10-02T01:08Z,10887,g95e5,1.829
2026-10-02T01:08Z,10887,gA,2.005
2026-10-02T01:08Z,10887,g98e5,1.949
2026-10-02T01:08Z,10888,g95e5,1.859
2026-10-02T01:08Z,10888,gA,2.009
2026-10-02T01:08Z,10888,g98e5,1.979
2026-10-02T01:08Z,10889,g98e5,1.999
2026-10-02T01:08Z,10890,g98e5,1.999
2026-10-02T01:08Z,10891,gA,1.949
2026-10-02T01:08Z,10891,g98e5,1.959
2026-10-02T01:08Z,10891,gB,1.935
2026-10-02T01:08Z,10892,g98e5,1.969
2026-10-02T01:08Z,10912,gA,2.009
2026-10-02T01:08Z,10912,gP,2.069
2026-10-02T01:08Z,10912,g98e5,1.979
2026-10-02T01:08Z,10923,g95e5,1.805
2026-10-02T01:08Z,10923,gP,2.095
2026-10-02T01:08Z,10923,g98e5,1.975
2026-10-02T01:08Z,10940,g95e5,1.849
2026-10-02T01:08Z,10940,gA,1.955
2026-10-02T01:08Z,10940,gP,2.045
2026-10-02T01:08Z,10940,g98e5,1.989
2026-10-02T01:08Z,10941,g95e5,1.849
2026-10-02T01:08Z,10941,gA,1.955
2026-10-02T01:08Z,10941,gP,2.045
2026-10-02T01:08Z,10941,g98e5,1.989
2026-10-02T01:08Z,10950,gA,1.729
2026-10-02T01:08Z,10951,gA,1.719
2026-10-02T01:08Z,10966,gA,2.009
2026-10-02T01:08Z,10966,gP,2.099
2026-10-02T01:08Z,10974,g95e5,1.865
2026-10-02T01:08Z,10974,g98e5,1.985
2026-10-02T01:08Z,10976,gA,1.959
2026-10-02T01:08Z,10976,gP,2.069
2026-10-02T01:08Z,10976,gB,1.848
2026-10-02T01:08Z,10982,gA,1.984
2026-10-02T01:08Z,10982,gP,2.109
2026-10-02T01:08Z,10991,g98e5,1.935
2026-10-02T01:08Z,10991,gB,1.845
2026-10-02T01:08Z,10992,g95e5,1.775
2026-10-02T01:08Z,10992,gA,1.955
2026-10-02T01:08Z,10992,gB,1.849
2026-10-02T01:08Z,10994,g95e5,1.799
2026-10-02T01:08Z,11008,g95e5,1.805
2026-10-02T01:08Z,11010,gA,2.004
2026-10-02T01:08Z,11010,gP,2.104
2026-10-02T01:08Z,11012,gP,2.079
2026-10-02T01:08Z,11012,g98e5,1.955
2026-10-02T01:08Z,11013,g95e5,1.785
2026-10-02T01:08Z,11013,gA,2.005
2026-10-02T01:08Z,11013,gP,2.115
2026-10-02T01:08Z,11013,g98e5,1.955
2026-10-02T01:08Z,11016,gA,1.979
2026-10-02T01:08Z,11016,gP,2.039
2026-10-02T01:08Z,11016,gB,1.868
2026-10-02T01:08Z,11021,gA,2.039
2026-10-02T01:08Z,11021,gP,2.099
2026-10-02T01:08Z,11021,g98e5,1.999
2026-10-02T01:08Z,11025,gA,1.999
2026-10-02T01:08Z,11025,gP,2.109
2026-10-02T01:08Z,11026,g95e5,1.775
2026-10-02T01:08Z,11026,g98e5,1.945
2026-10-02T01:08Z,11026,gB,1.795
2026-10-02T01:08Z,11027,g95e5,1.845
2026-10-02T01:08Z,11027,gA,1.979
2026-10-02T01:08Z,11027,gP,2.069
2026-10-02T01:08Z,11027,g98e5,1.985
2026-10-02T01:08Z,11033,g98e5,1.955
2026-10-02T01:08Z,11034,g95e5,1.948
2026-10-02T01:08Z,11034,gA,2.047
2026-10-02T01:08Z,11034,g98e5,2.048
2026-10-02T01:08Z,11048,gA,2.015
2026-10-02T01:08Z,11048,gP,2.119
2026-10-02T01:08Z,11053,g95e5,1.983
2026-10-02T01:08Z,11053,gA,2.164
2026-10-02T01:08Z,11053,gP,2.214
2026-10-02T01:08Z,11053,g98e5,2.073
2026-10-02T01:08Z,11054,gA,2.064
2026-10-02T01:08Z,11054,gP,2.179
2026-10-02T01:08Z,11058,gA,1.999
2026-10-02T01:08Z,11058,gP,2.069
2026-10-02T01:08Z,11080,g95e5,1.845
2026-10-02T01:08Z,11080,gP,1.999
2026-10-02T01:08Z,11080,g98e5,1.965
2026-10-02T01:08Z,11084,g95e5,1.859
2026-10-02T01:08Z,11084,gP,2.155
2026-10-02T01:08Z,11084,g98e5,1.979
2026-10-02T01:08Z,11087,gP,2.095
2026-10-02T01:08Z,11087,g98e5,1.979
2026-10-02T01:08Z,11088,g98e5,1.939
2026-10-02T01:08Z,11097,g95e5,1.815
2026-10-02T01:08Z,11097,gA,2.009
2026-10-02T01:08Z,11097,g98e5,1.985
2026-10-02T01:08Z,11097,gB,1.915
2026-10-02T01:08Z,11112,g95e5,1.829
2026-10-02T01:08Z,11112,gA,1.779
2026-10-02T01:08Z,11116,g95e5,1.799
2026-10-02T01:08Z,11116,gA,1.929
2026-10-02T01:08Z,11126,gP,2.065
2026-10-02T01:08Z,11126,g98e5,1.979
2026-10-02T01:08Z,11127,g95e5,1.879
2026-10-02T01:08Z,11127,gA,1.969
2026-10-02T01:08Z,11127,gP,2.059
2026-10-02T01:08Z,11127,g98e5,2.019
2026-10-02T01:08Z,11130,gA,1.922
2026-10-02T01:08Z,11130,gB,1.852
2026-10-02T01:08Z,11131,gB,1.852
2026-10-02T01:08Z,11137,gA,1.984
2026-10-02T01:08Z,11137,gP,2.109
2026-10-02T01:08Z,11138,gA,1.974
2026-10-02T01:08Z,11138,gP,2.089
2026-10-02T01:08Z,11140,g95e5,1.869
2026-10-02T01:08Z,11140,gA,1.979
2026-10-02T01:08Z,11140,gP,2.079
2026-10-02T01:08Z,11140,g98e5,1.949
2026-10-02T01:08Z,11140,g95e5p,1.909
2026-10-02T01:08Z,11142,gA,1.992
2026-10-02T01:08Z,11158,gP,2.099
2026-10-02T01:08Z,11158,gB,1.829
2026-10-02T01:08Z,11160,g95e5,1.849
2026-10-02T01:08Z,11160,gA,1.999
2026-10-02T01:08Z,11160,gP,2.089
2026-10-02T01:08Z,11160,g98e5,1.989
2026-10-02T01:08Z,11163,gA,2.014
2026-10-02T01:08Z,11163,gP,2.099
2026-10-02T01:08Z,11165,g95e5,1.845
2026-10-02T01:08Z,11165,g98e5,1.965
2026-10-02T01:08Z,11167,gA,2.019
2026-10-02T01:08Z,11167,gP,2.109
2026-10-02T01:08Z,11168,g95e5,1.899
2026-10-02T01:08Z,11168,gA,1.979
2026-10-02T01:08Z,11170,g98e5,1.899
2026-10-02T01:08Z,11178,g95e5,1.865
2026-10-02T01:08Z,11178,gA,2.039
2026-10-02T01:08Z,11178,gP,2.129
2026-10-02T01:08Z,11178,g98e5,2.005
2026-10-02T01:08Z,11181,g95e5,1.789
2026-10-02T01:08Z,11181,gP,2.079
2026-10-02T01:08Z,11181,g98e5,1.959
2026-10-02T01:08Z,11185,g95e5,1.829
2026-10-02T01:08Z,11185,gA,2.025
2026-10-02T01:08Z,11185,gP,2.115
2026-10-02T01:08Z,11185,g98e5,1.969
2026-10-02T01:08Z,11189,g98e5,2.009
2026-10-02T01:08Z,11225,gA,2.011
2026-10-02T01:08Z,11225,gP,2.104
2026-10-02T01:08Z,11239,gA,2.039
2026-10-02T01:08Z,11239,g98e5,1.989
2026-10-02T01:08Z,11245,gP,2.139
2026-10-02T01:08Z,11263,gA,2.035
2026-10-02T01:08Z,11269,gP,2.079
2026-10-02T01:08Z,11269,gB,1.895
2026-10-02T01:08Z,11273,g98e5,2.015
2026-10-02T01:08Z,11275,g95e5,1.859
2026-10-02T01:08Z,11275,gA,1.975
2026-10-02T01:08Z,11276,gA,2.009
2026-10-02T01:08Z,11276,g98e5,1.989
2026-10-02T01:08Z,11276,gB,1.885
2026-10-02T01:08Z,11293,gP,2.105
2026-10-02T01:08Z,11294,gA,1.969
2026-10-02T01:08Z,11294,gP,2.054
2026-10-02T01:08Z,11297,gP,2.065
2026-10-02T01:08Z,11297,g98e5,1.995
2026-10-02T01:08Z,11303,g95e5,1.674
2026-10-02T01:08Z,11303,gA,1.734
2026-10-02T01:08Z,11303,gP,1.794
2026-10-02T01:08Z,11303,g95e5p,1.724
2026-10-02T01:08Z,11305,g95e5,1.869
2026-10-02T01:08Z,11305,gA,1.979
2026-10-02T01:08Z,11305,gP,2.069
2026-10-02T01:08Z,11305,g98e5,1.989
2026-10-02T01:08Z,11306,g95e5,1.869
2026-10-02T01:08Z,11306,gA,1.979
2026-10-02T01:08Z,11306,gP,2.069
2026-10-02T01:08Z,11306,g98e5,1.989
2026-10-02T01:08Z,11316,g95e5,1.864
2026-10-02T01:08Z,11316,g98e5,2.024
2026-10-02T01:08Z,11327,gA,1.979
2026-10-02T01:08Z,11327,gP,2.029
2026-10-02T01:08Z,11353,gA,1.974
2026-10-02T01:08Z,11353,gP,2.069
2026-10-02T01:08Z,11383,g95e5,1.845
2026-10-02T01:08Z,11383,gA,1.965
2026-10-02T01:08Z,11383,gP,2.055
2026-10-02T01:08Z,11383,g98e5,1.985
2026-10-02T01:08Z,11412,gA,2.014
2026-10-02T01:08Z,11412,gP,2.099
2026-10-02T01:08Z,11414,g95e5,1.849
2026-10-02T01:08Z,11414,gA,1.999
2026-10-02T01:08Z,11414,gP,2.089
2026-10-02T01:08Z,11414,g98e5,1.989
2026-10-02T01:08Z,11417,gB,1.846
2026-10-02T01:08Z,11418,gA,1.949
2026-10-02T01:08Z,11418,g98e5,1.955
2026-10-02T01:08Z,11421,gA,2.039
2026-10-02T01:08Z,11421,gP,2.099
2026-10-02T01:08Z,11421,g98e5,2.005
2026-10-02T01:08Z,11424,g95e5,1.845
2026-10-02T01:08Z,11424,g98e5,1.955
2026-10-02T01:08Z,11424,g95e5p,1.925
2026-10-02T01:08Z,11425,glp,0.909
2026-10-02T01:08Z,11427,gP,2.095
2026-10-02T01:08Z,11427,g98e5,1.979
2026-10-02T01:08Z,11428,gP,2.075
2026-10-02T01:08Z,11428,g98e5,2.035
2026-10-02T01:08Z,11450,gA,2.014
2026-10-02T01:08Z,11451,g95e5,1.845
2026-10-02T01:08Z,11451,gA,1.939
2026-10-02T01:08Z,11451,gP,2.029
2026-10-02T01:08Z,11451,g98e5,1.985
2026-10-02T01:08Z,11453,gA,1.974
2026-10-02T01:08Z,11453,gP,2.069
2026-10-02T01:08Z,11454,gA,1.994
2026-10-02T01:08Z,11454,gP,2.109
2026-10-02T01:08Z,11458,gA,1.699
2026-10-02T01:08Z,11465,g95e5,1.799
2026-10-02T01:08Z,11465,gA,2.019
2026-10-02T01:08Z,11465,gP,2.079
2026-10-02T01:08Z,11465,g98e5,1.969
2026-10-02T01:08Z,11472,g95e5,1.849
2026-10-02T01:08Z,11472,g95e5p,1.919
2026-10-02T01:08Z,11474,gP,2.065
2026-10-02T01:08Z,11474,g98e5,2.009
2026-10-02T01:08Z,11486,gA,1.959
2026-10-02T01:08Z,11486,gP,2.069
2026-10-02T01:08Z,11493,gP,2.029
2026-10-02T01:08Z,11493,g98e5,1.959
2026-10-02T01:08Z,11496,gP,2.115
2026-10-02T01:08Z,11496,g98e5,1.999
2026-10-02T01:08Z,11497,gP,2.059
2026-10-02T01:08Z,11497,g98e5,2.019
2026-10-02T01:08Z,11515,g95e5,1.809
2026-10-02T01:08Z,11515,gA,1.989
2026-10-02T01:08Z,11515,gP,2.079
2026-10-02T01:08Z,11515,g98e5,1.949
2026-10-02T01:08Z,11526,g95e5,1.815
2026-10-02T01:08Z,11526,gP,2.059
2026-10-02T01:08Z,11526,g98e5,1.935
2026-10-02T01:08Z,11526,g95e5p,1.895
2026-10-02T01:08Z,11531,g95e5,1.819
2026-10-02T01:08Z,11531,gA,1.979
2026-10-02T01:08Z,11531,gP,2.069
2026-10-02T01:08Z,11531,g98e5,1.959
2026-10-02T01:08Z,11534,g98e5,1.939
2026-10-02T01:08Z,11536,gP,2.035
2026-10-02T01:08Z,11536,g98e5,1.979
2026-10-02T01:08Z,11538,g95e5,1.859
2026-10-02T01:08Z,11538,gA,2.019
2026-10-02T01:08Z,11538,g98e5,1.979
2026-10-02T01:08Z,11538,g95e5p,1.929
2026-10-02T01:08Z,11539,gA,2.024
2026-10-02T01:08Z,11539,gP,2.099
2026-10-02T01:08Z,11545,g95e5,1.979
2026-10-02T01:08Z,11545,gA,1.959
2026-10-02T01:08Z,11545,g98e5,2.099
2026-10-02T01:08Z,11545,g95e5p,2.029
2026-10-02T01:08Z,11546,g95e5,1.819
2026-10-02T01:08Z,11546,gA,2.029
2026-10-02T01:08Z,11546,gP,2.089
2026-10-02T01:08Z,11546,g98e5,1.989
2026-10-02T01:08Z,11546,g95e5p,1.889
2026-10-02T01:08Z,11553,g95e5,1.799
2026-10-02T01:08Z,11553,g98e5,1.929
2026-10-02T01:08Z,11555,g95e5,1.838
2026-10-02T01:08Z,11555,gA,1.968
2026-10-02T01:08Z,11555,g98e5,2.028
2026-10-02T01:08Z,11555,g95e5p,1.898
2026-10-02T01:08Z,11560,g95e5,1.875
2026-10-02T01:08Z,11560,gA,2.025
2026-10-02T01:08Z,11560,gB,1.865
2026-10-02T01:08Z,11563,g98e5,1.929
2026-10-02T01:08Z,11564,g98e5,1.929
2026-10-02T01:08Z,11564,gB,1.825
2026-10-02T01:08Z,11575,g98e5,1.969
2026-10-02T01:08Z,11580,gA,1.985
2026-10-02T01:08Z,11580,g98e5,1.939
2026-10-02T01:08Z,11588,g95e5,1.835
2026-10-02T01:08Z,11588,gA,2.029
2026-10-02T01:08Z,11588,gP,2.119
2026-10-02T01:08Z,11588,g98e5,1.975
2026-10-02T01:08Z,11593,g95e5,1.849
2026-10-02T01:08Z,11593,gP,2.095
2026-10-02T01:08Z,11593,g98e5,1.969
2026-10-02T01:08Z,11595,g95e5,1.769
2026-10-02T01:08Z,11595,g98e5,1.909
2026-10-02T01:08Z,11596,g98e5,1.925
2026-10-02T01:08Z,11633,gA,1.994
2026-10-02T01:08Z,11633,gP,2.069
2026-10-02T01:08Z,11634,gB,1.959
2026-10-02T01:08Z,11643,gA,2.019
2026-10-02T01:08Z,11643,gP,2.109
2026-10-02T01:08Z,11651,g95e5,1.849
2026-10-02T01:08Z,11651,gA,1.959
2026-10-02T01:08Z,11651,g98e5,1.987
2026-10-02T01:08Z,11655,g95e5,1.855
2026-10-02T01:08Z,11655,gA,1.975
2026-10-02T01:08Z,11655,gP,2.065
2026-10-02T01:08Z,11655,g98e5,1.995
2026-10-02T01:08Z,11661,g98e5,1.979
2026-10-02T01:08Z,11662,g98e5,1.979
2026-10-02T01:08Z,11669,g95e5,1.789
2026-10-02T01:08Z,11669,gA,2.015
2026-10-02T01:08Z,11669,g98e5,1.809
2026-10-02T01:08Z,11671,g95e5,1.895
2026-10-02T01:08Z,11671,gA,1.975
2026-10-02T01:08Z,11671,gP,2.075
2026-10-02T01:08Z,11671,g98e5,2.035
2026-10-02T01:08Z,11674,gA,1.968
2026-10-02T01:08Z,11674,gP,2.079
2026-10-02T01:08Z,11685,gA,1.959
2026-10-02T01:08Z,11685,gP,2.044
2026-10-02T01:08Z,11687,gA,1.974
2026-10-02T01:08Z,11687,gP,2.069
2026-10-02T01:08Z,11690,g95e5,1.569
2026-10-02T01:08Z,11690,g98e5,1.689
2026-10-02T01:08Z,11696,gP,2.049
2026-10-02T01:08Z,11696,g98e5,1.949
2026-10-02T01:08Z,11706,g95e5,1.724
2026-10-02T01:08Z,11722,g98e5,1.969
2026-10-02T01:08Z,11724,gA,1.994
2026-10-02T01:08Z,11724,gP,2.044
2026-10-02T01:08Z,11729,g95e5,1.799
2026-10-02T01:08Z,11729,gA,2.029
2026-10-02T01:08Z,11729,gP,2.119
2026-10-02T01:08Z,11729,g98e5,1.939
2026-10-02T01:08Z,11734,g95e5,1.799
2026-10-02T01:08Z,11734,gA,2.029
2026-10-02T01:08Z,11734,gP,2.119
2026-10-02T01:08Z,11734,g98e5,1.939
2026-10-02T01:08Z,11746,gB,1.959
2026-10-02T01:08Z,11749,gA,1.964
2026-10-02T01:08Z,11749,gP,2.049
2026-10-02T01:08Z,11755,gA,2.009
2026-10-02T01:08Z,11755,gP,2.079
2026-10-02T01:08Z,11759,g95e5,2.029
2026-10-02T01:08Z,11759,gA,2.059
2026-10-02T01:08Z,11759,gP,2.129
2026-10-02T01:08Z,11759,g98e5,2.199
2026-10-02T01:08Z,11766,g95e5,1.845
2026-10-02T01:08Z,11766,gA,1.959
2026-10-02T01:08Z,11766,gP,2.019
2026-10-02T01:08Z,11766,g98e5,1.965
2026-10-02T01:08Z,11766,g95e5p,1.925
2026-10-02T01:08Z,11767,g95e5,1.885
2026-10-02T01:08Z,11767,gA,2.049
2026-10-02T01:08Z,11767,g98e5,2.005
2026-10-02T01:08Z,11768,g95e5,1.859
2026-10-02T01:08Z,11768,gA,2.045
2026-10-02T01:08Z,11768,gP,2.135
2026-10-02T01:08Z,11768,g98e5,1.999
2026-10-02T01:08Z,11777,g95e5,1.879
2026-10-02T01:08Z,11777,gA,1.999
2026-10-02T01:08Z,11777,gP,2.059
2026-10-02T01:08Z,11777,g98e5,1.999
2026-10-02T01:08Z,11781,g95e5,1.949
2026-10-02T01:08Z,11781,gA,2.039
2026-10-02T01:08Z,11781,gP,2.129
2026-10-02T01:08Z,11781,g98e5,2.069
2026-10-02T01:08Z,11786,g95e5,1.859
2026-10-02T01:08Z,11786,g98e5,1.979
2026-10-02T01:08Z,11787,g98e5,1.949
2026-10-02T01:08Z,11792,gA,1.984
2026-10-02T01:08Z,11792,gP,2.109
2026-10-02T01:08Z,11799,gA,1.968
2026-10-02T01:08Z,11799,gP,2.079
2026-10-02T01:08Z,11803,g95e5,1.825
2026-10-02T01:08Z,11803,gA,2.025
2026-10-02T01:08Z,11803,gP,2.115
2026-10-02T01:08Z,11803,g98e5,1.965
2026-10-02T01:08Z,11804,g95e5,1.948
2026-10-02T01:08Z,11804,gA,2.047
2026-10-02T01:08Z,11804,g98e5,2.048
2026-10-02T01:08Z,11808,g95e5,1.889
2026-10-02T01:08Z,11808,gA,1.979
2026-10-02T01:08Z,11808,gP,2.079
2026-10-02T01:08Z,11808,gB,1.899
2026-10-02T01:08Z,11821,gA,1.955
2026-10-02T01:08Z,11821,gP,2.015
2026-10-02T01:08Z,11821,g98e5,2.015
2026-10-02T01:08Z,11823,gP,2.039
2026-10-02T01:08Z,11823,g98e5,1.959
2026-10-02T01:08Z,11832,g95e5,1.865
2026-10-02T01:08Z,11832,g98e5,1.985
2026-10-02T01:08Z,11832,g95e5p,1.935
2026-10-02T01:08Z,11833,g98e5,2.005
2026-10-02T01:08Z,11834,g98e5,2.005
2026-10-02T01:08Z,11852,g95e5,1.865
2026-10-02T01:08Z,11852,gA,1.949
2026-10-02T01:08Z,11852,g98e5,1.985
2026-10-02T01:08Z,11890,g95e5,1.864
2026-10-02T01:08Z,11890,gA,1.954
2026-10-02T01:08Z,11890,gP,2.044
2026-10-02T01:08Z,11890,g98e5,2.004
2026-10-02T01:08Z,11894,gB,1.843
2026-10-02T01:08Z,11895,g95e5,1.839
2026-10-02T01:08Z,11895,gA,1.995
2026-10-02T01:08Z,11895,gP,2.085
2026-10-02T01:08Z,11895,g98e5,1.979
2026-10-02T01:08Z,11898,g95e5,1.819
2026-10-02T01:08Z,11898,gA,1.999
2026-10-02T01:08Z,11898,gP,2.089
2026-10-02T01:08Z,11898,g98e5,1.959
2026-10-02T01:08Z,11904,gA,2.024
2026-10-02T01:08Z,11904,gP,2.139
2026-10-02T01:08Z,11904,gB,1.928
2026-10-02T01:08Z,11910,gA,2.014
2026-10-02T01:08Z,11910,gP,2.099
2026-10-02T01:08Z,11911,gA,2.014
2026-10-02T01:08Z,11911,gP,2.099
2026-10-02T01:08Z,11912,g98e5,1.999
2026-10-02T01:08Z,11914,g98e5,1.979
2026-10-02T01:08Z,11915,g98e5,1.975
2026-10-02T01:08Z,11920,g95e5,1.849
2026-10-02T01:08Z,11920,gA,1.955
2026-10-02T01:08Z,11920,gP,2.045
2026-10-02T01:08Z,11920,g98e5,1.989
2026-10-02T01:08Z,11922,g95e5,1.638
2026-10-02T01:08Z,11922,gA,1.757
2026-10-02T01:08Z,11922,gP,1.828
2026-10-02T01:08Z,11929,g95e5,1.855
2026-10-02T01:08Z,11929,gA,1.975
2026-10-02T01:08Z,11929,gP,2.065
2026-10-02T01:08Z,11929,g98e5,1.995
2026-10-02T01:08Z,11942,gA,1.944
2026-10-02T01:08Z,11942,gP,2.039
2026-10-02T01:08Z,11946,g95e5,1.819
2026-10-02T01:08Z,11946,gP,2.059
2026-10-02T01:08Z,11946,g98e5,1.939
2026-10-02T01:08Z,11955,g95e5,1.879
2026-10-02T01:08Z,11955,g98e5,1.989
2026-10-02T01:08Z,11958,g95e5,1.885
2026-10-02T01:08Z,11958,gA,2.039
2026-10-02T01:08Z,11958,g98e5,2.005
2026-10-02T01:08Z,11964,g95e5,1.885
2026-10-02T01:08Z,11964,gA,1.945
2026-10-02T01:08Z,11964,g98e5,2.005
2026-10-02T01:08Z,11970,gP,2.095
2026-10-02T01:08Z,11970,g98e5,1.975
2026-10-02T01:08Z,11974,gA,1.999
2026-10-02T01:08Z,11974,g98e5,1.965
2026-10-02T01:08Z,11976,g95e5,1.795
2026-10-02T01:08Z,11976,gA,1.975
2026-10-02T01:08Z,11976,gP,2.065
2026-10-02T01:08Z,11976,g98e5,1.935
2026-10-02T01:08Z,11986,g98e5,1.909
2026-10-02T01:08Z,11986,gB,1.805
2026-10-02T01:08Z,11990,gA,2.008
2026-10-02T01:08Z,11990,gP,2.109
2026-10-02T01:08Z,12008,g95e5,1.845
2026-10-02T01:08Z,12008,gA,1.985
2026-10-02T01:08Z,12008,gP,2.075
2026-10-02T01:08Z,12008,g98e5,1.985
2026-10-02T01:08Z,12009,g95e5,1.839
2026-10-02T01:08Z,12009,gA,1.965
2026-10-02T01:08Z,12009,gP,2.055
2026-10-02T01:08Z,12009,g98e5,1.979
2026-10-02T01:08Z,12021,gA,1.994
2026-10-02T01:08Z,12021,gP,2.069
2026-10-02T01:08Z,12022,gP,2.115
2026-10-02T01:08Z,12022,g98e5,1.965
2026-10-02T01:08Z,12023,gP,2.115
2026-10-02T01:08Z,12023,g98e5,1.965
2026-10-02T01:08Z,12032,g95e5,1.815
2026-10-02T01:08Z,12032,gA,2.029
2026-10-02T01:08Z,12032,gP,2.119
2026-10-02T01:08Z,12032,g98e5,1.955
2026-10-02T01:08Z,12038,gA,1.995
2026-10-02T01:08Z,12038,gP,2.055
2026-10-02T01:08Z,12038,g98e5,1.965
2026-10-02T01:08Z,12044,g95e5,1.859
2026-10-02T01:08Z,12044,gP,2.129
2026-10-02T01:08Z,12044,g98e5,1.979
2026-10-02T01:08Z,12045,g98e5,1.965
2026-10-02T01:08Z,12045,gB,1.935
2026-10-02T01:08Z,12046,g98e5,1.965
2026-10-02T01:08Z,12046,gB,1.895
2026-10-02T01:08Z,12053,g95e5,1.865
2026-10-02T01:08Z,12053,gA,2.029
2026-10-02T01:08Z,12053,gP,2.119
2026-10-02T01:08Z,12053,g98e5,2.005
2026-10-02T01:08Z,12054,gA,1.999
2026-10-02T01:08Z,12054,gP,2.089
2026-10-02T01:08Z,12065,g95e5,1.789
2026-10-02T01:08Z,12077,g95e5,1.735
2026-10-02T01:08Z,12091,gA,2.031
2026-10-02T01:08Z,12091,gP,2.119
2026-10-02T01:08Z,12096,g98e5,1.995
2026-10-02T01:08Z,12101,gA,1.974
2026-10-02T01:08Z,12101,gP,2.059
2026-10-02T01:08Z,12109,gA,1.979
2026-10-02T01:08Z,12109,gP,2.059
2026-10-02T01:08Z,12110,gA,1.979
2026-10-02T01:08Z,12110,gP,2.059
2026-10-02T01:08Z,12119,g95e5,1.869
2026-10-02T01:08Z,12119,g98e5,1.999
2026-10-02T01:08Z,12124,gP,2.089
2026-10-02T01:08Z,12124,g98e5,1.979
2026-10-02T01:08Z,12125,gP,2.089
2026-10-02T01:08Z,12125,g98e5,1.979
2026-10-02T01:08Z,12132,g95e5,1.819
2026-10-02T01:08Z,12132,gA,1.989
2026-10-02T01:08Z,12132,gP,2.079
2026-10-02T01:08Z,12132,g98e5,1.959
2026-10-02T01:08Z,12134,gA,1.959
2026-10-02T01:08Z,12134,gP,2.059
2026-10-02T01:08Z,12140,gA,2.024
2026-10-02T01:08Z,12140,gP,2.089
2026-10-02T01:08Z,12146,gA,1.959
2026-10-02T01:08Z,12146,gP,2.069
2026-10-02T01:08Z,12158,g95e5,1.859
2026-10-02T01:08Z,12158,gP,2.095
2026-10-02T01:08Z,12158,g98e5,1.979
2026-10-02T01:08Z,12159,g95e5,1.859
2026-10-02T01:08Z,12159,gP,2.095
2026-10-02T01:08Z,12159,g98e5,1.979
2026-10-02T01:08Z,12193,g98e5,1.979
2026-10-02T01:08Z,12202,g95e5,1.799
2026-10-02T01:08Z,12202,gA,2.005
2026-10-02T01:08Z,12202,gP,2.115
2026-10-02T01:08Z,12202,g98e5,1.969
2026-10-02T01:08Z,12214,gA,1.974
2026-10-02T01:08Z,12214,gP,2.049
2026-10-02T01:08Z,12214,gB,1.923
2026-10-02T01:08Z,12232,gA,1.949
2026-10-02T01:08Z,12232,gP,2.009
2026-10-02T01:08Z,12232,g98e5,1.995
2026-10-02T01:08Z,12239,g98e5,1.999
2026-10-02T01:08Z,12247,gA,2.049
2026-10-02T01:08Z,12247,g98e5,1.955
2026-10-02T01:08Z,12259,gA,1.974
2026-10-02T01:08Z,12259,gP,2.069
2026-10-02T01:08Z,12283,g95e5,1.849
2026-10-02T01:08Z,12283,gP,2.059
2026-10-02T01:08Z,12283,g98e5,2.019
2026-10-02T01:08Z,12284,g95e5,1.825
2026-10-02T01:08Z,12284,g98e5,1.965
2026-10-02T01:08Z,12290,g95e5,1.865
2026-10-02T01:08Z,12290,gA,2.005
2026-10-02T01:08Z,12290,gP,2.095
2026-10-02T01:08Z,12290,g98e5,2.005
2026-10-02T01:08Z,12298,gA,1.729
2026-10-02T01:08Z,12346,g95e5,1.825
2026-10-02T01:08Z,12346,gA,2.005
2026-10-02T01:08Z,12346,gP,2.095
2026-10-02T01:08Z,12346,g98e5,1.965
2026-10-02T01:08Z,12350,g98e5,1.999
2026-10-02T01:08Z,12351,gA,1.989
2026-10-02T01:08Z,12351,gP,2.049
2026-10-02T01:08Z,12351,g98e5,1.925
2026-10-02T01:08Z,12395,gA,2.029
2026-10-02T01:08Z,12395,g98e5,2.055
2026-10-02T01:08Z,12396,gA,1.989
2026-10-02T01:08Z,12396,g98e5,1.979
2026-10-02T01:08Z,12401,g95e5,1.831
2026-10-02T01:08Z,12401,gA,1.959
2026-10-02T01:08Z,12401,gP,2.049
2026-10-02T01:08Z,12401,g98e5,1.969
2026-10-02T01:08Z,12426,g95e5,1.718
2026-10-02T01:08Z,12426,gA,1.828
2026-10-02T01:08Z,12446,g95e5,1.999
2026-10-02T01:08Z,12446,gA,2.079
2026-10-02T01:08Z,12446,g98e5,2.199
2026-10-02T01:08Z,12453,gA,2.024
2026-10-02T01:08Z,12458,gA,2.014
2026-10-02T01:08Z,12458,gP,2.104
2026-10-02T01:08Z,12459,g95e5,1.899
2026-10-02T01:08Z,12459,gA,1.929
2026-10-02T01:08Z,12459,gP,1.959
2026-10-02T01:08Z,12472,gA,1.903
2026-10-02T01:08Z,12472,gB,1.838
2026-10-02T01:08Z,12483,g95e5,1.879
2026-10-02T01:08Z,12483,gA,1.969
2026-10-02T01:08Z,12483,gP,2.059
2026-10-02T01:08Z,12483,g98e5,2.019
2026-10-02T01:08Z,12535,g95e5,1.835
2026-10-02T01:08Z,12535,gA,2.025
2026-10-02T01:08Z,12535,gP,2.115
2026-10-02T01:08Z,12535,g98e5,1.975
2026-10-02T01:08Z,12544,gA,1.913
2026-10-02T01:08Z,12544,gB,1.844
2026-10-02T01:08Z,12572,g98e5,1.955
2026-10-02T01:08Z,12581,g95e5,1.825
2026-10-02T01:08Z,12581,gA,1.965
2026-10-02T01:08Z,12581,gP,2.055
2026-10-02T01:08Z,12581,g98e5,1.965
2026-10-02T01:08Z,12584,g95e5,1.839
2026-10-02T01:08Z,12584,gA,1.979
2026-10-02T01:08Z,12584,gP,2.069
2026-10-02T01:08Z,12584,g98e5,1.979
2026-10-02T01:08Z,12596,g95e5,1.909
2026-10-02T01:08Z,12596,gA,1.999
2026-10-02T01:08Z,12596,gP,2.089
2026-10-02T01:08Z,12605,g95e5,1.819
2026-10-02T01:08Z,12605,gA,1.949
2026-10-02T01:08Z,12605,gP,2.039
2026-10-02T01:08Z,12605,g98e5,1.959
2026-10-02T01:08Z,12612,g95e5,1.760
2026-10-02T01:08Z,12615,gA,1.994
2026-10-02T01:08Z,12615,gP,2.064
2026-10-02T01:08Z,12623,g95e5,1.809
2026-10-02T01:08Z,12623,gA,2.025
2026-10-02T01:08Z,12623,gP,2.115
2026-10-02T01:08Z,12623,g98e5,1.949
2026-10-02T01:08Z,12624,g95e5,1.829
2026-10-02T01:08Z,12624,gA,2.025
2026-10-02T01:08Z,12624,gP,2.115
2026-10-02T01:08Z,12624,g98e5,1.969
2026-10-02T01:08Z,12636,gA,2.039
2026-10-02T01:08Z,12636,gP,2.149
2026-10-02T01:08Z,12644,gA,2.014
2026-10-02T01:08Z,12644,gP,2.119
2026-10-02T01:08Z,12644,gB,1.878
2026-10-02T01:08Z,12647,gA,2.024
2026-10-02T01:08Z,12647,gP,2.139
2026-10-02T01:08Z,12650,g95e5,1.815
2026-10-02T01:08Z,12650,gP,2.059
2026-10-02T01:08Z,12650,g98e5,1.985
2026-10-02T01:08Z,12672,gA,1.949
2026-10-02T01:08Z,12672,gP,2.059
2026-10-02T01:08Z,12672,g98e5,1.955
2026-10-02T01:08Z,12680,gA,1.964
2026-10-02T01:08Z,12680,gB,1.928
2026-10-02T01:08Z,12690,g95e5,1.835
2026-10-02T01:08Z,12690,gA,2.005
2026-10-02T01:08Z,12690,gP,2.095
2026-10-02T01:08Z,12690,g98e5,1.975
2026-10-02T01:08Z,12691,g95e5,1.845
2026-10-02T01:08Z,12691,gA,1.939
2026-10-02T01:08Z,12691,gP,2.029
2026-10-02T01:08Z,12691,g98e5,1.985
2026-10-02T01:08Z,12696,g95e5,1.789
2026-10-02T01:08Z,12696,gA,2.015
2026-10-02T01:08Z,12696,gP,2.105
2026-10-02T01:08Z,12696,g98e5,1.929
2026-10-02T01:08Z,12699,g95e5,1.835
2026-10-02T01:08Z,12708,g95e5,1.869
2026-10-02T01:08Z,12708,g98e5,1.989
2026-10-02T01:08Z,12708,gB,1.925
2026-10-02T01:08Z,12765,g95e5,1.799
2026-10-02T01:08Z,12776,g95e5,1.579
2026-10-02T01:08Z,12776,g98e5,1.699
2026-10-02T01:08Z,12795,gA,2.004
2026-10-02T01:08Z,12795,gP,2.089
2026-10-02T01:08Z,12795,gB,1.858
2026-10-02T01:08Z,12811,g95e5,1.839
2026-10-02T01:08Z,12811,gA,2.035
2026-10-02T01:08Z,12811,gP,2.125
2026-10-02T01:08Z,12811,g98e5,1.979
2026-10-02T01:08Z,12822,gA,1.679
2026-10-02T01:08Z,12827,g95e5,1.849
2026-10-02T01:08Z,12827,gA,1.955
2026-10-02T01:08Z,12827,gP,2.045
2026-10-02T01:08Z,12827,g98e5,1.989
2026-10-02T01:08Z,12844,g95e5,1.785
2026-10-02T01:08Z,12844,gA,2.035
2026-10-02T01:08Z,12844,g98e5,1.905
2026-10-02T01:08Z,12845,gA,1.785
2026-10-02T01:08Z,12846,gA,1.955
2026-10-02T01:08Z,12846,gP,2.015
2026-10-02T01:08Z,12846,g98e5,2.015
2026-10-02T01:08Z,12847,g95e5,1.849
2026-10-02T01:08Z,12847,gP,2.075
2026-10-02T01:08Z,12847,g98e5,2.019
2026-10-02T01:08Z,12865,gA,1.984
2026-10-02T01:08Z,12865,gP,2.069
2026-10-02T01:08Z,12866,gA,1.974
2026-10-02T01:08Z,12866,gP,2.069
2026-10-02T01:08Z,12871,g95e5,1.829
2026-10-02T01:08Z,12871,gA,2.009
2026-10-02T01:08Z,12871,gP,2.099
2026-10-02T01:08Z,12871,g98e5,1.969
2026-10-02T01:08Z,12918,g95e5,1.765
2026-10-02T01:08Z,12918,gA,1.899
2026-10-02T01:08Z,12918,g98e5,1.885
2026-10-02T01:08Z,12939,g95e5,1.609
2026-10-02T01:08Z,12939,gA,1.765
2026-10-02T01:08Z,12940,g95e5,1.869
2026-10-02T01:08Z,12940,g98e5,1.989
2026-10-02T01:08Z,12940,g95e5p,1.939
2026-10-02T01:08Z,12949,g95e5,1.855
2026-10-02T01:08Z,12949,gA,1.989
2026-10-02T01:08Z,12949,gP,2.079
2026-10-02T01:08Z,12949,g98e5,1.995
2026-10-02T01:08Z,12952,g95e5,1.649
2026-10-02T01:08Z,12952,gA,1.795
2026-10-02T01:08Z,12967,gA,2.015
2026-10-02T01:08Z,12967,gP,2.075
2026-10-02T01:08Z,12967,g98e5,1.919
2026-10-02T01:08Z,12968,g95e5,1.819
2026-10-02T01:08Z,12968,gP,2.015
2026-10-02T01:08Z,12968,g98e5,1.989
2026-10-02T01:08Z,12970,g95e5,1.729
2026-10-02T01:08Z,12970,gA,1.819
2026-10-02T01:08Z,12977,gA,2.014
2026-10-02T01:08Z,12977,gP,2.139
2026-10-02T01:08Z,12977,gB,1.928
2026-10-02T01:08Z,13001,g95e5,1.779
2026-10-02T01:08Z,13001,gA,1.969
2026-10-02T01:08Z,13001,gP,2.059
2026-10-02T01:08Z,13001,g98e5,1.919
2026-10-02T01:08Z,13012,g95e5,1.569
2026-10-02T01:08Z,13012,g98e5,1.689
2026-10-02T01:08Z,13046,gA,1.999
2026-10-02T01:08Z,13059,g95e5,1.829
2026-10-02T01:08Z,13059,gA,1.995
2026-10-02T01:08Z,13059,gP,2.085
2026-10-02T01:08Z,13063,g95e5,1.829
2026-10-02T01:08Z,13063,gA,2.025
2026-10-02T01:08Z,13063,gP,2.115
2026-10-02T01:08Z,13063,g98e5,1.969
2026-10-02T01:08Z,13075,g95e5,1.855
2026-10-02T01:08Z,13075,gA,1.979
2026-10-02T01:08Z,13075,gP,2.069
2026-10-02T01:08Z,13075,g98e5,1.995
2026-10-02T01:08Z,13104,g98e5,2.015
2026-10-02T01:08Z,13115,g95e5,1.819
2026-10-02T01:08Z,13131,gA,1.989
2026-10-02T01:08Z,13131,gB,1.898
2026-10-02T01:08Z,13134,g95e5,1.879
2026-10-02T01:08Z,13134,g98e5,2.019
2026-10-02T01:08Z,13135,g95e5,1.728
2026-10-02T01:08Z,13146,g95e5,1.875
2026-10-02T01:08Z,13146,gA,1.955
2026-10-02T01:08Z,13146,g98e5,1.995
2026-10-02T01:08Z,13189,g98e5,1.995
2026-10-02T01:08Z,13228,g95e5,1.579
2026-10-02T01:08Z,13228,g98e5,1.699
2026-10-02T01:08Z,13246,g95e5,1.879
2026-10-02T01:08Z,13246,gP,2.085
2026-10-02T01:08Z,13246,g98e5,1.999
2026-10-02T01:08Z,13247,g98e5,1.909
2026-10-02T01:08Z,13257,g95e5,1.837
2026-10-02T01:08Z,13263,g95e5,1.799
2026-10-02T01:08Z,13299,g95e5,1.879
2026-10-02T01:08Z,13299,gA,1.949
2026-10-02T01:08Z,13299,gP,2.039
2026-10-02T01:08Z,13299,g98e5,2.019
2026-10-02T01:08Z,13301,g95e5,1.809
2026-10-02T01:08Z,13301,gA,1.959
2026-10-02T01:08Z,13301,gP,2.049
2026-10-02T01:08Z,13301,g98e5,1.949
2026-10-02T01:08Z,13308,g95e5,1.835
2026-10-02T01:08Z,13308,gA,2.035
2026-10-02T01:08Z,13308,g98e5,1.955
2026-10-02T01:08Z,13308,g95e5p,1.905
2026-10-02T01:08Z,13316,g95e5,1.899
2026-10-02T01:08Z,13316,g98e5,2.049
2026-10-02T01:08Z,13361,gP,2.025
2026-10-02T01:08Z,13361,g98e5,1.899
2026-10-02T01:08Z,13362,gA,2.035
2026-10-02T01:08Z,13362,gP,2.145
2026-10-02T01:08Z,13362,g98e5,1.999
2026-10-02T01:08Z,13362,gB,1.809
2026-10-02T01:08Z,13375,g95e5,1.849
2026-10-02T01:08Z,13375,gA,1.979
2026-10-02T01:08Z,13375,gP,2.069
2026-10-02T01:08Z,13375,g98e5,2.009
2026-10-02T01:08Z,13375,gB,1.829
2026-10-02T01:08Z,13376,gA,2.039
2026-10-02T01:08Z,13376,g98e5,1.985
2026-10-02T01:08Z,13376,gB,1.765
2026-10-02T01:08Z,13377,gA,1.699
2026-10-02T01:08Z,13379,g95e5,1.815
2026-10-02T01:08Z,13379,gA,1.975
2026-10-02T01:08Z,13379,gP,2.035
2026-10-02T01:08Z,13379,g98e5,1.935
2026-10-02T01:08Z,13418,g95e5,1.879
2026-10-02T01:08Z,13418,gA,2.009
2026-10-02T01:08Z,13418,gP,2.069
2026-10-02T01:08Z,13418,g98e5,1.999
2026-10-02T01:08Z,13434,g95e5,1.959
2026-10-02T01:08Z,13434,g98e5,2.179
2026-10-02T01:08Z,13434,glp,0.999
2026-10-02T01:08Z,13479,gA,1.964
2026-10-02T01:08Z,13489,gB,1.828
2026-10-02T01:08Z,13491,gA,1.964
2026-10-02T01:08Z,13491,gP,2.079
2026-10-02T01:08Z,13499,g95e5,1.949
2026-10-02T01:08Z,13499,g98e5,2.049
2026-10-02T01:08Z,13512,gA,1.959
2026-10-02T01:08Z,13512,gP,1.989
2026-10-02T01:08Z,13567,g95e5,1.845
2026-10-02T01:08Z,13567,g98e5,1.985
2026-10-02T01:08Z,13592,g95e5,1.799
2026-10-02T01:08Z,13627,g95e5,1.827
2026-10-02T01:08Z,13627,gA,1.827
2026-10-02T01:08Z,13630,g95e5,1.825
2026-10-02T01:08Z,13630,g98e5,1.965
2026-10-02T01:08Z,13664,g95e5,1.949
2026-10-02T01:08Z,13664,g98e5,2.049
2026-10-02T01:08Z,13670,g95e5,1.849
2026-10-02T01:08Z,13670,gA,1.999
2026-10-02T01:08Z,13670,gP,2.089
2026-10-02T01:08Z,13670,g98e5,1.989
2026-10-02T01:08Z,13671,g95e5,1.724
2026-10-02T01:08Z,13678,g95e5,1.709
2026-10-02T01:08Z,13688,gP,2.079
2026-10-02T01:08Z,13688,g98e5,1.995
2026-10-02T01:08Z,13695,gA,1.679
2026-10-02T01:08Z,13695,gP,1.769
2026-10-02T01:08Z,13706,g95e5,1.799
2026-10-02T01:08Z,13706,gA,1.799
2026-10-02T01:08Z,13720,g95e5,1.809
2026-10-02T01:08Z,13720,gA,1.989
2026-10-02T01:08Z,13720,gP,2.049
2026-10-02T01:08Z,13720,g98e5,1.979
2026-10-02T01:08Z,13736,gA,1.999
2026-10-02T01:08Z,13736,gP,2.099
2026-10-02T01:08Z,13747,g95e5,1.865
2026-10-02T01:08Z,13747,g98e5,2.035
2026-10-02T01:08Z,13781,g95e5,2.019
2026-10-02T01:08Z,13781,gP,2.089
2026-10-02T01:08Z,13781,g98e5,2.069
2026-10-02T01:08Z,13784,gA,2.005
2026-10-02T01:08Z,13784,g98e5,1.979
2026-10-02T01:08Z,13784,gB,1.825
2026-10-02T01:08Z,13823,gA,1.789
2026-10-02T01:08Z,13826,g95e5,1.769
2026-10-02T01:08Z,13916,g95e5,1.885
2026-10-02T01:08Z,13916,gA,2.009
2026-10-02T01:08Z,13916,gP,2.099
2026-10-02T01:08Z,13916,g98e5,2.025
2026-10-02T01:08Z,13918,g95e5,1.855
2026-10-02T01:08Z,13918,gA,1.975
2026-10-02T01:08Z,13918,gP,2.065
2026-10-02T01:08Z,13918,g98e5,1.995
2026-10-02T01:08Z,13960,gA,2.015
2026-10-02T01:08Z,13960,g98e5,1.935
2026-10-02T01:08Z,13983,gP,2.059
2026-10-02T01:08Z,13983,g98e5,1.989
2026-10-02T01:08Z,13985,g95e5,1.815
2026-10-02T01:08Z,13985,gP,2.059
2026-10-02T01:08Z,13985,g98e5,1.985
2026-10-02T01:08Z,13985,g95e5p,1.895
2026-10-02T01:08Z,13985,gB,1.905
2026-10-02T01:08Z,13992,gA,1.729
2026-10-02T01:08Z,14026,g95e5,1.809
2026-10-02T01:08Z,14026,gA,1.975
2026-10-02T01:08Z,14026,gP,2.065
2026-10-02T01:08Z,14026,g98e5,1.949
2026-10-02T01:08Z,14089,g95e5,1.799
2026-10-02T01:08Z,14089,gA,1.799
2026-10-02T01:08Z,14123,gA,1.969
2026-10-02T01:08Z,14123,gP,2.099
2026-10-02T01:08Z,14150,g95e5,1.799
2026-10-02T01:08Z,14150,gP,2.075
2026-10-02T01:08Z,14150,g98e5,1.949
2026-10-02T01:08Z,14150,gB,1.749
2026-10-02T01:08Z,14154,gA,2.014
2026-10-02T01:08Z,14154,gP,2.099
2026-10-02T01:08Z,14232,g95e5,1.815
2026-10-02T01:08Z,14232,g98e5,1.955
2026-10-02T01:08Z,14262,gA,1.739
2026-10-02T01:08Z,14281,g95e5,1.875
2026-10-02T01:08Z,14281,g98e5,1.985
2026-10-02T01:08Z,14281,g95e5p,1.945
2026-10-02T01:08Z,14282,g95e5,1.777
2026-10-02T01:08Z,14367,gP,2.065
2026-10-02T01:08Z,14367,g98e5,1.979
2026-10-02T01:08Z,14390,gB,1.935
2026-10-02T01:08Z,14407,g98e5,1.939
2026-10-02T01:08Z,14407,gB,1.825
2026-10-02T01:08Z,14415,gP,2.025
2026-10-02T01:08Z,14415,g98e5,1.965
2026-10-02T01:08Z,14415,gB,1.835
2026-10-02T01:08Z,14429,g95e5,1.749
2026-10-02T01:08Z,14429,gA,1.839
2026-10-02T01:08Z,14430,g95e5,1.815
2026-10-02T01:08Z,14430,g98e5,1.955
2026-10-02T01:08Z,14434,g98e5,1.939
2026-10-02T01:08Z,14434,gB,1.825
2026-10-02T01:08Z,14447,g95e5,1.879
2026-10-02T01:08Z,14447,gA,1.929
2026-10-02T01:08Z,14447,gP,1.999
2026-10-02T01:08Z,14447,g98e5,1.999
2026-10-02T01:08Z,14449,gA,1.857
2026-10-02T01:08Z,14467,g95e5,1.639
2026-10-02T01:08Z,14514,gA,1.911
2026-10-02T01:08Z,14514,gB,1.834
2026-10-02T01:08Z,14521,g95e5,2.079
2026-10-02T01:08Z,14521,g98e5,2.179
2026-10-02T01:08Z,14545,gA,1.934
2026-10-02T01:08Z,14569,g95e5,1.779
2026-10-02T01:08Z,14569,gA,1.969
2026-10-02T01:08Z,14569,gP,2.059
2026-10-02T01:08Z,14569,g98e5,1.919
2026-10-02T01:08Z,14574,g95e5,1.969
2026-10-02T01:08Z,14574,g98e5,2.099
2026-10-02T01:08Z,14574,g95e5p,2.029
2026-10-02T01:08Z,14589,gA,1.859
2026-10-02T01:08Z,14595,g95e5,1.709
2026-10-02T01:08Z,14609,gA,1.819
2026-10-02T01:08Z,14670,g95e5,1.849
2026-10-02T01:08Z,14670,gA,1.989
2026-10-02T01:08Z,14670,g98e5,1.969
2026-10-02T01:08Z,14681,gA,1.994
2026-10-02T01:08Z,14681,gP,2.044
2026-10-02T01:08Z,14714,gA,1.855
2026-10-02T01:08Z,14755,g95e5,1.845
2026-10-02T01:08Z,14755,gP,2.069
2026-10-02T01:08Z,14755,g98e5,2.015
2026-10-02T01:08Z,14755,g95e5p,1.905
2026-10-02T01:08Z,14766,g95e5,1.939
2026-10-02T01:08Z,14766,gA,1.959
2026-10-02T01:08Z,14766,gP,2.059
2026-10-02T01:08Z,14808,g95e5,1.879
2026-10-02T01:08Z,14808,gA,1.889
2026-10-02T01:08Z,14808,gP,1.959
2026-10-02T01:08Z,14808,g98e5,2.019
2026-10-02T01:08Z,14817,g95e5,1.879
2026-10-02T01:08Z,14817,gA,1.919
2026-10-02T01:08Z,14817,gP,1.969
2026-10-02T01:08Z,14817,g98e5,2.099
2026-10-02T01:08Z,14834,g95e5,1.845
2026-10-02T01:08Z,14834,gA,1.979
2026-10-02T01:08Z,14834,gP,2.069
2026-10-02T01:08Z,14834,g98e5,1.985
2026-10-02T01:08Z,14838,g95e5,1.657
2026-10-02T01:08Z,14851,g95e5,1.849
2026-10-02T01:08Z,14851,gA,1.955
2026-10-02T01:08Z,14851,gP,2.045
2026-10-02T01:08Z,14851,g98e5,1.989
2026-10-02T01:08Z,14869,g95e5,1.729
2026-10-02T01:08Z,14890,g95e5,1.679
2026-10-02T01:08Z,14900,g95e5,1.849
2026-10-02T01:08Z,14900,gA,1.959
2026-10-02T01:08Z,14900,gP,2.035
2026-10-02T01:08Z,14900,g98e5,1.985
2026-10-02T01:08Z,14901,gA,1.919
2026-10-02T01:08Z,14901,gP,2.039
2026-10-02T01:08Z,14934,g95e5,1.739
2026-10-02T01:08Z,14934,gA,1.799
2026-10-02T01:08Z,14936,gA,2.014
2026-10-02T01:08Z,14936,gP,2.119
2026-10-02T01:08Z,14978,gA,2.014
2026-10-02T01:08Z,14978,gP,2.094
2026-10-02T01:08Z,14986,gA,1.979
2026-10-02T01:08Z,14987,gA,1.979
2026-10-02T01:08Z,15009,gA,1.984
2026-10-02T01:08Z,15009,gP,2.049
2026-10-02T01:08Z,15033,g95e5,1.849
2026-10-02T01:08Z,15033,gA,2.055
2026-10-02T01:08Z,15033,gP,2.115
2026-10-02T01:08Z,15033,g98e5,1.969
2026-10-02T01:08Z,15040,g95e5,1.799
2026-10-02T01:08Z,15048,gA,1.769
2026-10-02T01:08Z,15049,g95e5,1.795
2026-10-02T01:08Z,15049,gA,1.969
2026-10-02T01:08Z,15049,gP,2.039
2026-10-02T01:08Z,15055,g95e5,1.719
2026-10-02T01:08Z,15055,gA,1.839
2026-10-02T01:08Z,15055,gP,1.879
2026-10-02T01:08Z,15090,g95e5,1.869
2026-10-02T01:08Z,15090,g98e5,2.009
2026-10-02T01:08Z,15107,g95e5,1.879
2026-10-02T01:08Z,15107,g98e5,1.959
2026-10-02T01:08Z,15157,g95e5,1.839
2026-10-02T01:08Z,15157,gA,1.989
2026-10-02T01:08Z,15157,gP,2.079
2026-10-02T01:08Z,15157,g95e5p,1.889
2026-10-02T01:08Z,15165,gA,1.949
2026-10-02T01:08Z,15165,gP,2.029
2026-10-02T01:08Z,15171,gA,2.019
2026-10-02T01:08Z,15171,gP,2.119
2026-10-02T01:08Z,15189,g95e5,1.855
2026-10-02T01:08Z,15189,gA,1.975
2026-10-02T01:08Z,15189,gP,2.065
2026-10-02T01:08Z,15189,g98e5,1.996
2026-10-02T01:08Z,15206,g95e5,1.739
2026-10-02T01:08Z,15206,g95e5p,1.789
2026-10-02T01:08Z,15217,g95e5,1.899
2026-10-02T01:08Z,15217,gA,1.949
2026-10-02T01:08Z,15217,g98e5,2.069
2026-10-02T01:08Z,15217,g95e5p,1.969
2026-10-02T01:08Z,15235,g95e5,1.799
2026-10-02T01:08Z,15433,g95e5,1.659
2026-10-02T01:08Z,15433,gA,1.749
2026-10-02T01:08Z,15433,g98e5,1.819
2026-10-02T01:08Z,15444,g95e5,1.799
2026-10-02T01:08Z,15444,gA,1.785
2026-10-02T01:08Z,15444,g98e5,1.925
2026-10-02T01:08Z,15482,g95e5,1.799
2026-10-02T01:08Z,15482,gA,1.785
2026-10-02T01:08Z,15497,g95e5,1.809
2026-10-02T01:08Z,15497,gA,1.989
2026-10-02T01:08Z,15497,gP,2.079
2026-10-02T01:08Z,15497,g98e5,1.949
2026-10-02T01:08Z,15549,gA,2.019
2026-10-02T01:08Z,15549,gP,2.079
2026-10-02T01:08Z,15549,gB,1.799
2026-10-02T01:08Z,15578,gA,2.034
2026-10-02T01:08Z,15578,gP,2.109
2026-10-02T01:08Z,15608,gA,1.994
2026-10-02T01:08Z,15608,gP,2.109
2026-10-02T01:08Z,15625,gA,1.885
2026-10-02T01:08Z,15658,gA,2.019
2026-10-02T01:08Z,15658,gP,2.109
2026-10-02T01:08Z,15664,g95e5,1.729
2026-10-02T01:08Z,15667,g98e5,1.999
2026-10-02T01:08Z,15675,g98e5,1.959
2026-10-02T01:08Z,15676,g98e5,2.015
2026-10-02T01:08Z,15697,g95e5,1.389
2026-10-02T01:08Z,15697,gA,1.549
2026-10-02T01:08Z,15701,gA,1.679
2026-10-02T01:08Z,15701,gP,1.769
2026-10-02T01:08Z,15724,g95e5,1.707
2026-10-02T01:08Z,15727,g95e5,1.705
2026-10-02T01:08Z,15727,gA,1.799
2026-10-02T01:08Z,15739,g95e5,1.779
2026-10-02T01:08Z,15739,gA,1.929
2026-10-02T01:08Z,15739,gP,1.979
2026-10-02T01:08Z,15739,g98e5,1.919
2026-10-02T01:08Z,15769,gA,2.004
2026-10-02T01:08Z,15769,gP,2.089
2026-10-02T01:08Z,15806,gA,2.004
2026-10-02T01:08Z,15806,gP,2.139
2026-10-02T01:08Z,15812,g95e5,1.749
2026-10-02T01:08Z,15816,gA,1.679
2026-10-02T01:08Z,15829,g95e5,1.915
2026-10-02T01:08Z,15830,g95e5,1.829
2026-10-02T01:08Z,15830,gA,1.969
2026-10-02T01:08Z,15830,gP,2.059
2026-10-02T01:08Z,15830,g98e5,1.969
2026-10-02T01:08Z,15831,g95e5,1.819
2026-10-02T01:08Z,15831,gA,1.776
2026-10-02T01:08Z,15831,gB,1.580
2026-10-02T01:08Z,15841,g95e5,1.599
2026-10-02T01:08Z,15841,gA,1.679
2026-10-02T01:08Z,15844,gB,1.836
2026-10-02T01:08Z,15845,g98e5,1.955
2026-10-02T01:08Z,15854,g95e5,1.679
2026-10-02T01:08Z,15888,g95e5,1.719
2026-10-02T01:08Z,15893,gA,1.699
2026-10-02T01:08Z,15940,g95e5,1.835
2026-10-02T01:08Z,15940,gA,1.989
2026-10-02T01:08Z,15940,gP,2.079
2026-10-02T01:08Z,15940,g98e5,1.975
2026-10-02T01:08Z,15958,g95e5,1.779
2026-10-02T01:08Z,15960,g95e5,1.739
2026-10-02T01:08Z,15962,gA,1.829
2026-10-02T01:08Z,15979,gA,2.029
2026-10-02T01:08Z,15986,gA,1.845
2026-10-02T01:08Z,15989,gA,1.757
2026-10-02T01:08Z,15990,g95e5,1.719
2026-10-02T01:08Z,15990,gA,1.819
2026-10-02T01:08Z,15990,gP,1.839
2026-10-02T01:08Z,16031,g95e5,1.819
2026-10-02T01:08Z,16031,gA,2.009
2026-10-02T01:08Z,16031,gP,2.099
2026-10-02T01:08Z,16031,g98e5,1.959
2026-10-02T01:08Z,16042,g95e5,1.949
2026-10-02T01:08Z,16042,gP,1.979
2026-10-02T01:08Z,16042,g98e5,1.979
2026-10-02T01:08Z,16047,g95e5,1.769
2026-10-02T01:08Z,16047,gA,1.839
2026-10-02T01:08Z,16047,gP,1.879
2026-10-02T01:08Z,16072,g95e5,1.845
2026-10-02T01:08Z,16072,gA,1.979
2026-10-02T01:08Z,16072,gP,2.039
2026-10-02T01:08Z,16072,g98e5,2.015
2026-10-02T01:08Z,16093,gA,1.899
2026-10-02T01:08Z,16097,g95e5,1.789
2026-10-02T01:08Z,16097,gA,1.924
2026-10-02T01:08Z,16099,g95e5,1.699
2026-10-02T01:08Z,16144,g95e5,1.679
2026-10-02T01:08Z,16194,g95e5,1.969
2026-10-02T01:08Z,16194,gA,1.989
2026-10-02T01:08Z,16194,gP,2.019
2026-10-02T01:08Z,16194,g98e5,1.989
2026-10-02T01:08Z,16195,g95e5,1.939
2026-10-02T01:08Z,16195,gA,1.939
2026-10-02T01:08Z,16195,gP,1.999
2026-10-02T01:08Z,16195,g98e5,1.979
2026-10-02T01:08Z,16202,gA,1.999
2026-10-02T01:08Z,16205,g95e5,1.809
2026-10-02T01:08Z,16205,g98e5,1.929
2026-10-02T01:08Z,16205,gB,1.829
2026-10-02T01:08Z,16226,gA,2.004
2026-10-02T01:08Z,16226,gP,2.094
2026-10-02T01:08Z,16243,gA,1.999
2026-10-02T01:08Z,16243,gP,2.079
2026-10-02T01:08Z,16257,gB,1.848
2026-10-02T01:08Z,16283,gA,2.024
2026-10-02T01:08Z,16283,gB,1.888
2026-10-02T01:08Z,16294,g95e5,1.709
2026-10-02T01:08Z,16294,gA,1.879
2026-10-02T01:08Z,16295,g95e5,1.815
2026-10-02T01:08Z,16295,gA,1.989
2026-10-02T01:08Z,16295,gP,2.079
2026-10-02T01:08Z,16295,g98e5,1.955
2026-10-02T01:08Z,16314,g95e5,1.759
2026-10-02T01:08Z,16314,gA,1.899
2026-10-02T01:08Z,16353,g95e5,1.825
2026-10-02T01:08Z,16353,gA,1.989
2026-10-02T01:08Z,16353,gP,2.079
2026-10-02T01:08Z,16353,g98e5,1.965
2026-10-02T01:08Z,16355,g95e5,1.749
2026-10-02T01:08Z,16355,gA,1.869
2026-10-02T01:08Z,16389,g95e5,1.717
2026-10-02T01:08Z,16423,gP,2.065
2026-10-02T01:08Z,16423,g98e5,1.985
2026-10-02T01:08Z,16434,g95e5,1.659
2026-10-02T01:08Z,16434,gA,1.779
2026-10-02T01:08Z,16461,g95e5,1.865
2026-10-02T01:08Z,16461,gA,1.959
2026-10-02T01:08Z,16461,g98e5,1.985
2026-10-02T01:08Z,16474,g95e5,1.699
2026-10-02T01:08Z,16474,gA,1.799
2026-10-02T01:08Z,16474,gP,1.839
2026-10-02T07:37Z,10,g95e5,1.849
2026-10-02T07:37Z,10,gA,1.959
2026-10-02T07:37Z,10,g98e5,1.999
2026-10-02T07:37Z,15,g95e5,1.869
2026-10-02T07:37Z,15,g98e5,1.939
2026-10-02T07:37Z,15,gB,1.670
2026-10-02T07:37Z,16,gA,2.029
2026-10-02T07:37Z,27,g95e5,1.814
2026-10-02T07:37Z,27,gA,2.039
2026-10-02T07:37Z,27,gP,2.129
2026-10-02T07:37Z,28,g95e5,1.849
2026-10-02T07:37Z,28,g98e5,1.989
2026-10-02T07:37Z,29,gA,1.964
2026-10-02T07:37Z,29,gP,2.014
2026-10-02T07:37Z,32,g95e5,1.789
2026-10-02T07:37Z,32,gA,1.789
2026-10-02T07:37Z,32,gP,1.849
2026-10-02T07:37Z,33,gA,1.780
2026-10-02T07:37Z,33,gP,1.880
2026-10-02T07:37Z,35,gA,1.829
2026-10-02T07:37Z,35,gP,1.929
2026-10-02T07:37Z,37,g95e5,1.789
2026-10-02T07:37Z,37,gA,1.829
2026-10-02T07:37Z,37,gP,1.929
2026-10-02T07:37Z,62,gA,1.925
2026-10-02T07:37Z,62,gB,1.879
2026-10-02T07:37Z,63,gA,2.055
2026-10-02T07:37Z,67,g95e5,1.819
2026-10-02T07:37Z,68,g95e5,1.819
2026-10-02T07:37Z,68,g98e5,1.929
2026-10-02T07:37Z,69,g95e5,1.759
2026-10-02T07:37Z,69,gA,1.959
2026-10-02T07:37Z,69,g98e5,1.879
2026-10-02T07:37Z,73,g95e5,1.804
2026-10-02T07:37Z,73,gA,1.994
2026-10-02T07:37Z,84,gA,2.029
2026-10-02T07:37Z,96,gA,2.024
2026-10-02T07:37Z,97,gA,2.019
2026-10-02T07:37Z,98,g95e5,1.749
2026-10-02T07:37Z,99,g95e5,1.749
2026-10-02T07:37Z,105,gA,2.019
2026-10-02T07:37Z,106,gA,2.019
2026-10-02T07:37Z,116,gA,1.925
2026-10-02T07:37Z,116,gB,1.879
2026-10-02T07:37Z,122,g98e5,2.029
2026-10-02T07:37Z,128,gA,2.055
2026-10-02T07:37Z,130,gA,2.019
2026-10-02T07:37Z,137,gA,2.055
2026-10-02T07:37Z,138,gA,2.049
2026-10-02T07:37Z,144,g95e5,1.939
2026-10-02T07:37Z,144,g98e5,2.109
2026-10-02T07:37Z,152,g95e5,1.789
2026-10-02T07:37Z,152,gA,1.789
2026-10-02T07:37Z,152,gP,1.869
2026-10-02T07:37Z,155,g95e5,1.719
2026-10-02T07:37Z,155,gA,1.759
2026-10-02T07:37Z,155,gP,1.849
2026-10-02T07:37Z,156,gA,1.799
2026-10-02T07:37Z,156,gP,1.869
2026-10-02T07:37Z,163,gA,1.829
2026-10-02T07:37Z,163,gP,1.879
2026-10-02T07:37Z,166,g95e5,1.889
2026-10-02T07:37Z,166,gA,2.019
2026-10-02T07:37Z,166,gP,2.099
2026-10-02T07:37Z,166,g98e5,1.989
2026-10-02T07:37Z,178,g95e5,1.889
2026-10-02T07:37Z,178,gA,1.985
2026-10-02T07:37Z,186,gA,2.015
2026-10-02T07:37Z,188,gA,2.015
2026-10-02T07:37Z,204,g95e5,1.859
2026-10-02T07:37Z,204,gA,2.015
2026-10-02T07:37Z,206,gA,1.985
2026-10-02T07:37Z,208,gA,2.005
2026-10-02T07:37Z,214,g95e5,1.919
2026-10-02T07:37Z,214,g98e5,1.999
2026-10-02T07:37Z,215,g95e5,1.879
2026-10-02T07:37Z,215,g98e5,1.959
2026-10-02T07:37Z,227,g95e5,1.875
2026-10-02T07:37Z,229,gA,1.995
2026-10-02T07:37Z,231,g95e5,1.879
2026-10-02T07:37Z,231,g98e5,1.959
2026-10-02T07:37Z,245,g95e5,1.859
2026-10-02T07:37Z,245,gA,1.999
2026-10-02T07:37Z,251,g95e5,1.735
2026-10-02T07:37Z,254,g95e5,1.899
2026-10-02T07:37Z,271,g95e5,1.889
2026-10-02T07:37Z,295,g95e5,1.889
2026-10-02T07:37Z,314,g95e5,1.599
2026-10-02T07:37Z,314,gA,1.729
2026-10-02T07:37Z,314,gP,1.729
2026-10-02T07:37Z,327,g95e5,1.883
2026-10-02T07:37Z,327,gA,2.014
2026-10-02T07:37Z,327,gP,2.099
2026-10-02T07:37Z,327,g98e5,1.933
2026-10-02T07:37Z,339,g95e5,1.829
2026-10-02T07:37Z,340,gA,1.999
2026-10-02T07:37Z,355,g95e5,1.915
2026-10-02T07:37Z,355,g98e5,1.995
2026-10-02T07:37Z,358,g95e5,1.799
2026-10-02T07:37Z,358,gA,1.919
2026-10-02T07:37Z,358,gP,1.969
2026-10-02T07:37Z,358,g95e5p,1.849
2026-10-02T07:37Z,365,g95e5,1.679
2026-10-02T07:37Z,366,g95e5,1.779
2026-10-02T07:37Z,366,g95e5p,1.829
2026-10-02T07:37Z,409,gB,1.789
2026-10-02T07:37Z,410,gA,2.025
2026-10-02T07:37Z,415,g95e5,1.814
2026-10-02T07:37Z,419,gA,2.024
2026-10-02T07:37Z,419,gP,2.089
2026-10-02T07:37Z,423,g98e10,1.959
2026-10-02T07:37Z,427,g95e5,1.785
2026-10-02T07:37Z,427,g98e5,1.895
2026-10-02T07:37Z,436,gA,1.944
2026-10-02T07:37Z,436,gP,1.994
2026-10-02T07:37Z,444,g95e5,1.699
2026-10-02T07:37Z,450,g95e5,1.809
2026-10-02T07:37Z,450,gA,1.989
2026-10-02T07:37Z,458,g98e5,1.969
2026-10-02T07:37Z,462,g95e5,1.899
2026-10-02T07:37Z,462,gA,1.999
2026-10-02T07:37Z,462,g98e5,2.019
2026-10-02T07:37Z,520,g95e5,1.829
2026-10-02T07:37Z,520,gA,1.999
2026-10-02T07:37Z,520,gP,2.049
2026-10-02T07:37Z,520,g95e5p,1.879
2026-10-02T07:37Z,528,g95e5,1.899
2026-10-02T07:37Z,528,gA,1.969
2026-10-02T07:37Z,528,g98e5,2.099
2026-10-02T07:37Z,528,gB,1.809
2026-10-02T07:37Z,543,gB,1.779
2026-10-02T07:37Z,549,gA,1.975
2026-10-02T07:37Z,568,gA,1.954
2026-10-02T07:37Z,591,g95e5,1.859
2026-10-02T07:37Z,591,g98e5,1.999
2026-10-02T07:37Z,595,gA,1.994
2026-10-02T07:37Z,595,gP,2.044
2026-10-02T07:37Z,595,gB,1.868
2026-10-02T07:37Z,618,g95e5,1.859
2026-10-02T07:37Z,618,gA,1.999
2026-10-02T07:37Z,618,gP,2.059
2026-10-02T07:37Z,618,g98e5,2.119
2026-10-02T07:37Z,618,gB,1.899
2026-10-02T07:37Z,641,g95e5,1.809
2026-10-02T07:37Z,641,gA,1.989
2026-10-02T07:37Z,643,gA,2.025
2026-10-02T07:37Z,659,gA,1.974
2026-10-02T07:37Z,659,gP,2.099
2026-10-02T07:37Z,675,g95e5,1.714
2026-10-02T07:37Z,675,gA,1.834
2026-10-02T07:37Z,675,gP,1.884
2026-10-02T07:37Z,675,g95e5p,1.764
2026-10-02T07:37Z,703,g95e5,1.849
2026-10-02T07:37Z,703,gA,1.886
2026-10-02T07:37Z,706,gP,2.075
2026-10-02T07:37Z,709,gP,2.079
2026-10-02T07:37Z,726,g95e5,1.899
2026-10-02T07:37Z,726,gA,1.999
2026-10-02T07:37Z,726,gP,2.079
2026-10-02T07:37Z,726,g98e5,2.079
2026-10-02T07:37Z,726,gB,1.769
2026-10-02T07:37Z,735,g95e5,1.869
2026-10-02T07:37Z,735,gA,1.939
2026-10-02T07:37Z,735,gP,1.969
2026-10-02T07:37Z,735,g98e5,1.979
2026-10-02T07:37Z,736,g95e5,1.869
2026-10-02T07:37Z,736,gA,1.939
2026-10-02T07:37Z,736,gP,1.969
2026-10-02T07:37Z,736,g98e5,1.979
2026-10-02T07:37Z,736,gB,1.729
2026-10-02T07:37Z,759,g95e5,1.829
2026-10-02T07:37Z,759,g98e5,1.999
2026-10-02T07:37Z,761,gA,1.995
2026-10-02T07:37Z,762,g95e5,1.998
2026-10-02T07:37Z,762,g98e5,2.239
2026-10-02T07:37Z,772,g95e5,1.967
2026-10-02T07:37Z,772,gA,2.007
2026-10-02T07:37Z,772,gP,2.077
2026-10-02T07:37Z,772,g98e5,2.077
2026-10-02T07:37Z,783,g95e5,1.829
2026-10-02T07:37Z,783,gP,2.085
2026-10-02T07:37Z,783,g98e5,1.949
2026-10-02T07:37Z,806,g95e5,1.829
2026-10-02T07:37Z,806,g98e5,1.949
2026-10-02T07:37Z,806,gB,1.809
2026-10-02T07:37Z,810,g95e5,1.846
2026-10-02T07:37Z,819,g95e5,1.915
2026-10-02T07:37Z,819,g98e5,1.995
2026-10-02T07:37Z,828,g95e5,1.875
2026-10-02T07:37Z,828,gA,2.024
2026-10-02T07:37Z,828,gP,2.109
2026-10-02T07:37Z,828,g98e5,1.983
2026-10-02T07:37Z,828,g95e5p,1.933
2026-10-02T07:37Z,847,gA,1.995
2026-10-02T07:37Z,853,g95e5,1.769
2026-10-02T07:37Z,853,g98e5,1.899
2026-10-02T07:37Z,867,g95e5,1.789
2026-10-02T07:37Z,867,g98e5,1.849
2026-10-02T07:37Z,883,g95e5,1.789
2026-10-02T07:37Z,884,g98e5,2.008
2026-10-02T07:37Z,894,gA,2.015
2026-10-02T07:37Z,900,gA,2.055
2026-10-02T07:37Z,905,g95e5,1.869
2026-10-02T07:37Z,905,gA,2.009
2026-10-02T07:37Z,905,gP,2.089
2026-10-02T07:37Z,905,g98e5,1.999
2026-10-02T07:37Z,928,g95e5,1.873
2026-10-02T07:37Z,928,gA,2.024
2026-10-02T07:37Z,928,gP,2.119
2026-10-02T07:37Z,928,gB,1.878
2026-10-02T07:37Z,933,gA,2.039
2026-10-02T07:37Z,933,gP,2.139
2026-10-02T07:37Z,933,gB,1.879
2026-10-02T07:37Z,947,gA,2.009
2026-10-02T07:37Z,947,gP,2.059
2026-10-02T07:37Z,948,gB,1.779
2026-10-02T07:37Z,950,gA,1.984
2026-10-02T07:37Z,950,gP,2.034
2026-10-02T07:37Z,950,gB,1.764
2026-10-02T07:37Z,956,g95e5,1.899
2026-10-02T07:37Z,956,g98e5,1.999
2026-10-02T07:37Z,963,gA,2.014
2026-10-02T07:37Z,963,gP,2.109
2026-10-02T07:37Z,973,g95e5,1.899
2026-10-02T07:37Z,973,g98e5,1.999
2026-10-02T07:37Z,974,g95e5,1.834
2026-10-02T07:37Z,974,gA,1.984
2026-10-02T07:37Z,974,gP,2.034
2026-10-02T07:37Z,974,g98e5,1.974
2026-10-02T07:37Z,980,gA,2.025
2026-10-02T07:37Z,992,g95e5,1.880
2026-10-02T07:37Z,992,g95e5p,1.923
2026-10-02T07:37Z,993,g95e5,1.880
2026-10-02T07:37Z,993,g95e5p,1.923
2026-10-02T07:37Z,998,g95e5,1.849
2026-10-02T07:37Z,999,g95e5,1.849
2026-10-02T07:37Z,999,g98e5,1.955
2026-10-02T07:37Z,999,gB,1.620
2026-10-02T07:37Z,1000,g95e5,1.893
2026-10-02T07:37Z,1078,g95e5,1.899
2026-10-02T07:37Z,1091,g95e5,1.889
2026-10-02T07:37Z,1091,gA,2.039
2026-10-02T07:37Z,1091,g98e5,2.059
2026-10-02T07:37Z,1100,g95e5,1.812
2026-10-02T07:37Z,1100,gA,1.964
2026-10-02T07:37Z,1108,g95e5,1.799
2026-10-02T07:37Z,1108,gA,1.908
2026-10-02T07:37Z,1115,g95e5,1.855
2026-10-02T07:37Z,1115,gA,1.855
2026-10-02T07:37Z,1115,gB,1.619
2026-10-02T07:37Z,1131,gA,2.015
2026-10-02T07:37Z,1163,g95e5,1.845
2026-10-02T07:37Z,1174,g95e5,1.739
2026-10-02T07:37Z,1174,gA,1.779
2026-10-02T07:37Z,1179,g95e5,1.863
2026-10-02T07:37Z,1213,g95e5,1.859
2026-10-02T07:37Z,1213,gA,2.034
2026-10-02T07:37Z,1213,gP,2.124
2026-10-02T07:37Z,1216,gA,1.919
2026-10-02T07:37Z,1255,g95e5,1.750
2026-10-02T07:37Z,1255,gA,1.840
2026-10-02T07:37Z,1255,gP,1.930
2026-10-02T07:37Z,1255,g98e5,1.900
2026-10-02T07:37Z,1255,gB,1.600
2026-10-02T07:37Z,1266,g95e5,1.779
2026-10-02T07:37Z,1266,g98e5,1.899
2026-10-02T07:37Z,1274,gA,1.914
2026-10-02T07:37Z,1274,gP,1.994
2026-10-02T07:37Z,1301,g95e5,1.819
2026-10-02T07:37Z,1301,gA,1.994
2026-10-02T07:37Z,1301,gB,1.868
2026-10-02T07:37Z,1347,gA,1.989
2026-10-02T07:37Z,1350,g95e5,1.851
2026-10-02T07:37Z,1350,g98e5,1.987
2026-10-02T07:37Z,1354,gA,1.939
2026-10-02T07:37Z,1354,gP,2.029
2026-10-02T07:37Z,1355,gA,1.939
2026-10-02T07:37Z,1355,gP,2.029
2026-10-02T07:37Z,1377,gA,1.985
2026-10-02T07:37Z,1422,gA,1.968
2026-10-02T07:37Z,1422,gP,2.079
2026-10-02T07:37Z,1422,gB,1.808
2026-10-02T07:37Z,1431,g95e5,1.899
2026-10-02T07:37Z,1431,g98e5,2.049
2026-10-02T07:37Z,1437,g95e5,1.859
2026-10-02T07:37Z,1437,gA,1.969
2026-10-02T07:37Z,1437,g98e5,2.029
2026-10-02T07:37Z,1448,gA,1.965
2026-10-02T07:37Z,1458,gA,1.939
2026-10-02T07:37Z,1458,gP,2.029
2026-10-02T07:37Z,1479,g95e5,1.971
2026-10-02T07:37Z,1479,g98e5,2.109
2026-10-02T07:37Z,1489,g95e5,1.843
2026-10-02T07:37Z,1489,gA,1.949
2026-10-02T07:37Z,1489,gP,2.059
2026-10-02T07:37Z,1489,g95e5p,1.903
2026-10-02T07:37Z,1513,g95e5,1.896
2026-10-02T07:37Z,1513,g98e5,2.029
2026-10-02T07:37Z,1600,gA,1.949
2026-10-02T07:37Z,1625,g95e5,1.969
2026-10-02T07:37Z,1625,gA,1.949
2026-10-02T07:37Z,1625,gP,1.999
2026-10-02T07:37Z,1625,g98e5,1.999
2026-10-02T07:37Z,1637,gA,1.985
2026-10-02T07:37Z,1639,g95e5,1.799
2026-10-02T07:37Z,1639,g95e5p,1.849
2026-10-02T07:37Z,1710,g95e5,1.659
2026-10-02T07:37Z,1710,gA,1.729
2026-10-02T07:37Z,1723,g95e5,1.749
2026-10-02T07:37Z,1723,gA,1.789
2026-10-02T07:37Z,1723,gP,1.919
2026-10-02T07:37Z,1723,g98e5,1.889
2026-10-02T07:37Z,1726,g95e5,1.859
2026-10-02T07:37Z,1726,gA,1.999
2026-10-02T07:37Z,1726,gP,2.109
2026-10-02T07:37Z,1726,g98e5,1.999
2026-10-02T07:37Z,1727,g95e5,1.719
2026-10-02T07:37Z,1727,gA,1.699
2026-10-02T07:37Z,1729,g95e5,1.699
2026-10-02T07:37Z,1729,gA,1.789
2026-10-02T07:37Z,1782,gP,2.084
2026-10-02T07:37Z,1782,glp,0.889
2026-10-02T07:37Z,1827,gA,2.065
2026-10-02T07:37Z,1851,gA,1.985
2026-10-02T07:37Z,1853,gA,2.044
2026-10-02T07:37Z,1853,gP,2.124
2026-10-02T07:37Z,1856,gA,2.039
2026-10-02T07:37Z,1868,gA,2.015
2026-10-02T07:37Z,1893,g95e5,1.869
2026-10-02T07:37Z,1919,gB,1.539
2026-10-02T07:37Z,1942,gA,1.949
2026-10-02T07:37Z,1984,g95e5,1.868
2026-10-02T07:37Z,1984,gA,1.968
2026-10-02T07:37Z,1984,g98e5,2.058
2026-10-02T07:37Z,1987,g95e5,1.814
2026-10-02T07:37Z,1987,gA,1.939
2026-10-02T07:37Z,1987,gP,2.029
2026-10-02T07:37Z,1989,gA,1.899
2026-10-02T07:37Z,1989,gP,1.989
2026-10-02T07:37Z,1991,g95e5,1.823
2026-10-02T07:37Z,2028,g95e5,1.969
2026-10-02T07:37Z,2028,gA,2.039
2026-10-02T07:37Z,2028,g98e5,2.079
2026-10-02T07:37Z,2036,g95e5,1.759
2026-10-02T07:37Z,2036,gA,1.799
2026-10-02T07:37Z,2036,gP,1.929
2026-10-02T07:37Z,2036,g98e5,1.899
2026-10-02T07:37Z,2069,g95e5,1.929
2026-10-02T07:37Z,2069,g98e5,2.029
2026-10-02T07:37Z,2072,gA,2.009
2026-10-02T07:37Z,2072,gP,2.074
2026-10-02T07:37Z,2079,gA,2.039
2026-10-02T07:37Z,2085,gA,1.995
2026-10-02T07:37Z,2104,g95e5,1.727
2026-10-02T07:37Z,2104,g98e5,1.827
2026-10-02T07:37Z,2108,g95e5,1.815
2026-10-02T07:37Z,2108,g98e5,1.955
2026-10-02T07:37Z,2118,g95e5,1.819
2026-10-02T07:37Z,2118,g98e5,1.929
2026-10-02T07:37Z,2176,g95e5,1.899
2026-10-02T07:37Z,2176,g98e5,2.019
2026-10-02T07:37Z,2177,g95e5,1.899
2026-10-02T07:37Z,2177,g98e5,2.019
2026-10-02T07:37Z,2214,gA,2.029
2026-10-02T07:37Z,2219,gA,1.989
2026-10-02T07:37Z,2221,g95e5,1.815
2026-10-02T07:37Z,2222,gA,1.989
2026-10-02T07:37Z,2223,gA,2.015
2026-10-02T07:37Z,2237,gA,2.035
2026-10-02T07:37Z,2243,g95e5,1.789
2026-10-02T07:37Z,2255,gA,2.055
2026-10-02T07:37Z,2290,gA,2.039
2026-10-02T07:37Z,2300,gA,2.025
2026-10-02T07:37Z,2317,g95e5,1.769
2026-10-02T07:37Z,2317,g98e5,1.979
2026-10-02T07:37Z,2319,g95e5,1.899
2026-10-02T07:37Z,2319,gA,1.989
2026-10-02T07:37Z,2319,gP,2.109
2026-10-02T07:37Z,2319,g98e5,2.079
2026-10-02T07:37Z,2323,gA,2.029
2026-10-02T07:37Z,2329,g95e5,1.875
2026-10-02T07:37Z,2344,gA,2.045
2026-10-02T07:37Z,2350,gA,1.955
2026-10-02T07:37Z,2364,gA,2.009
2026-10-02T07:37Z,2384,g95e5,1.929
2026-10-02T07:37Z,2384,g98e5,2.099
2026-10-02T07:37Z,2385,g95e5,1.929
2026-10-02T07:37Z,2385,g98e5,2.099
2026-10-02T07:37Z,2405,g95e5,1.799
2026-10-02T07:37Z,2405,gA,1.849
2026-10-02T07:37Z,2406,g95e5,1.799
2026-10-02T07:37Z,2406,gA,1.849
2026-10-02T07:37Z,2406,gB,1.679
2026-10-02T07:37Z,2409,g95e5,1.899
2026-10-02T07:37Z,2452,gA,1.995
2026-10-02T07:37Z,2474,g95e5,1.855
2026-10-02T07:37Z,2474,gA,1.995
2026-10-02T07:37Z,2478,gA,1.965
2026-10-02T07:37Z,2489,gA,2.019
2026-10-02T07:37Z,2494,g95e5,1.808
2026-10-02T07:37Z,2494,gA,1.975
2026-10-02T07:37Z,2494,gP,2.065
2026-10-02T07:37Z,2494,g98e5,1.949
2026-10-02T07:37Z,2501,g95e5,1.865
2026-10-02T07:37Z,2501,gA,2.025
2026-10-02T07:37Z,2510,gA,2.019
2026-10-02T07:37Z,2514,gA,1.959
2026-10-02T07:37Z,2514,g98e5,1.935
2026-10-02T07:37Z,2514,gB,1.739
2026-10-02T07:37Z,2516,g95e5,1.805
2026-10-02T07:37Z,2518,g95e5,1.859
2026-10-02T07:37Z,2518,g98e5,1.979
2026-10-02T07:37Z,2535,gA,2.049
2026-10-02T07:37Z,2547,g95e5,1.929
2026-10-02T07:37Z,2547,g98e5,2.029
2026-10-02T07:37Z,2555,gA,1.979
2026-10-02T07:37Z,2559,g95e5,1.889
2026-10-02T07:37Z,2569,gA,2.055
2026-10-02T07:37Z,2574,gA,2.065
2026-10-02T07:37Z,2578,g95e5,1.859
2026-10-02T07:37Z,2578,gA,2.049
2026-10-02T07:37Z,2578,gP,2.119
2026-10-02T07:37Z,2578,g98e5,1.999
2026-10-02T07:37Z,2588,gP,2.089
2026-10-02T07:37Z,2598,g95e5,2.059
2026-10-02T07:37Z,2604,gA,2.089
2026-10-02T07:37Z,2604,gP,2.149
2026-10-02T07:37Z,2609,gA,2.059
2026-10-02T07:37Z,2612,gA,2.039
2026-10-02T07:37Z,2616,gA,2.059
2026-10-02T07:37Z,2620,g95e5,1.815
2026-10-02T07:37Z,2620,gA,1.955
2026-10-02T07:37Z,2623,g95e5,1.949
2026-10-02T07:37Z,2623,gA,2.059
2026-10-02T07:37Z,2623,gP,2.139
2026-10-02T07:37Z,2623,g95e5p,2.049
2026-10-02T07:37Z,2642,gA,2.059
2026-10-02T07:37Z,2642,gB,1.899
2026-10-02T07:37Z,2645,g95e5,2.009
2026-10-02T07:37Z,2645,gA,2.119
2026-10-02T07:37Z,2650,gA,2.019
2026-10-02T07:37Z,2664,gA,2.049
2026-10-02T07:37Z,2665,g95e5,1.899
2026-10-02T07:37Z,2665,gA,2.044
2026-10-02T07:37Z,2665,gP,2.139
2026-10-02T07:37Z,2665,g95e5p,1.999
2026-10-02T07:37Z,2686,g95e5,1.855
2026-10-02T07:37Z,2693,gA,2.019
2026-10-02T07:37Z,2706,g95e5,1.999
2026-10-02T07:37Z,2706,g98e5,2.099
2026-10-02T07:37Z,2725,gA,2.034
2026-10-02T07:37Z,2725,gP,2.109
2026-10-02T07:37Z,2726,gA,2.019
2026-10-02T07:37Z,2730,g95e5,1.919
2026-10-02T07:37Z,2730,gA,2.079
2026-10-02T07:37Z,2730,g98e5,2.059
2026-10-02T07:37Z,2736,gA,2.059
2026-10-02T07:37Z,2737,gA,2.075
2026-10-02T07:37Z,2748,g95e5,1.585
2026-10-02T07:37Z,2748,gA,1.565
2026-10-02T07:37Z,2775,gA,2.055
2026-10-02T07:37Z,2807,gA,2.015
2026-10-02T07:37Z,2811,gA,2.025
2026-10-02T07:37Z,2819,g95e5,1.819
2026-10-02T07:37Z,2819,gA,2.015
2026-10-02T07:37Z,2821,g95e5,1.829
2026-10-02T07:37Z,2821,gA,2.025
2026-10-02T07:37Z,2822,gA,2.055
2026-10-02T07:37Z,2823,gA,1.985
2026-10-02T07:37Z,2825,g95e5,1.779
2026-10-02T07:37Z,2831,g95e5,1.839
2026-10-02T07:37Z,2842,gA,2.064
2026-10-02T07:37Z,2842,gP,2.119
2026-10-02T07:37Z,2853,gA,2.034
2026-10-02T07:37Z,2853,gP,2.119
2026-10-02T07:37Z,2856,g95e5,1.848
2026-10-02T07:37Z,2856,gA,2.039
2026-10-02T07:37Z,2856,gP,2.099
2026-10-02T07:37Z,2856,g98e5,1.928
2026-10-02T07:37Z,2878,g95e5,1.869
2026-10-02T07:37Z,2878,gA,1.999
2026-10-02T07:37Z,2878,gP,2.059
2026-10-02T07:37Z,2878,g98e5,1.999
2026-10-02T07:37Z,2884,gA,1.974
2026-10-02T07:37Z,2884,gP,2.069
2026-10-02T07:37Z,2893,gA,1.969
2026-10-02T07:37Z,2893,gP,2.069
2026-10-02T07:37Z,2895,g95e5,1.863
2026-10-02T07:37Z,2895,gA,2.054
2026-10-02T07:37Z,2895,gP,2.119
2026-10-02T07:37Z,2926,gA,1.899
2026-10-02T07:37Z,2926,gP,1.949
2026-10-02T07:37Z,2927,g95e5,1.789
2026-10-02T07:37Z,2927,g95e5p,1.839
2026-10-02T07:37Z,2929,gA,1.874
2026-10-02T07:37Z,2929,gP,1.924
2026-10-02T07:37Z,2932,g95e5,1.829
2026-10-02T07:37Z,2932,gA,2.015
2026-10-02T07:37Z,2935,gA,2.055
2026-10-02T07:37Z,3018,g95e5,1.799
2026-10-02T07:37Z,3018,g95e5p,1.849
2026-10-02T07:37Z,3061,gA,1.929
2026-10-02T07:37Z,3061,gP,1.979
2026-10-02T07:37Z,3067,gA,1.864
2026-10-02T07:37Z,3067,gP,1.914
2026-10-02T07:37Z,3148,gA,1.999
2026-10-02T07:37Z,3148,gP,2.099
2026-10-02T07:37Z,3148,gB,1.889
2026-10-02T07:37Z,3165,g95e5,1.854
2026-10-02T07:37Z,3165,gA,1.986
2026-10-02T07:37Z,3165,gP,2.074
2026-10-02T07:37Z,3165,g98e5,1.976
2026-10-02T07:37Z,3165,g95e5p,1.932
2026-10-02T07:37Z,3167,gA,2.005
2026-10-02T07:37Z,3175,g95e5,1.815
2026-10-02T07:37Z,3175,gA,2.015
2026-10-02T07:37Z,3183,g95e5,1.855
2026-10-02T07:37Z,3183,gA,1.995
2026-10-02T07:37Z,3187,g95e5,1.810
2026-10-02T07:37Z,3187,gA,1.979
2026-10-02T07:37Z,3187,g98e5,1.960
2026-10-02T07:37Z,3187,gB,1.850
2026-10-02T07:37Z,3199,gA,1.985
2026-10-02T07:37Z,3204,g95e5,1.859
2026-10-02T07:37Z,3204,gA,2.009
2026-10-02T07:37Z,3204,g98e5,2.009
2026-10-02T07:37Z,3204,gB,1.769
2026-10-02T07:37Z,3207,gA,1.929
2026-10-02T07:37Z,3230,g95e5,1.883
2026-10-02T07:37Z,3230,g95e5p,1.943
2026-10-02T07:37Z,3235,gA,1.959
2026-10-02T07:37Z,3244,g95e5,1.859
2026-10-02T07:37Z,3244,gA,1.975
2026-10-02T07:37Z,3255,gA,1.999
2026-10-02T07:37Z,3260,gA,1.949
2026-10-02T07:37Z,3283,gP,2.059
2026-10-02T07:37Z,3283,g98e5,1.979
2026-10-02T07:37Z,3294,g95e5,1.752
2026-10-02T07:37Z,3294,gA,1.846
2026-10-02T07:37Z,3294,gP,1.912
2026-10-02T07:37Z,3294,g98e5,1.966
2026-10-02T07:37Z,3296,g95e5,1.899
2026-10-02T07:37Z,3296,gA,1.999
2026-10-02T07:37Z,3296,g98e5,1.999
2026-10-02T07:37Z,3304,g98e5,1.939
2026-10-02T07:37Z,3310,gA,1.955
2026-10-02T07:37Z,3322,gP,2.019
2026-10-02T07:37Z,3322,g98e5,1.965
2026-10-02T07:37Z,3336,gA,1.969
2026-10-02T07:37Z,3350,gA,1.999
2026-10-02T07:37Z,3350,gP,2.089
2026-10-02T07:37Z,3371,gA,1.889
2026-10-02T07:37Z,3372,gB,1.759
2026-10-02T07:37Z,3376,g95e5,1.863
2026-10-02T07:37Z,3376,g95e5p,1.893
2026-10-02T07:37Z,3377,gA,1.969
2026-10-02T07:37Z,3377,gP,2.059
2026-10-02T07:37Z,3391,gA,1.969
2026-10-02T07:37Z,3391,gP,2.049
2026-10-02T07:37Z,3399,gA,1.899
2026-10-02T07:37Z,3402,g95e5,1.839
2026-10-02T07:37Z,3416,g95e5,1.909
2026-10-02T07:37Z,3457,gA,2.005
2026-10-02T07:37Z,3464,gA,2.005
2026-10-02T07:37Z,3472,gA,1.969
2026-10-02T07:37Z,3478,gA,1.969
2026-10-02T07:37Z,3480,g95e5,1.769
2026-10-02T07:37Z,3480,g98e5,1.909
2026-10-02T07:37Z,3481,gA,1.965
2026-10-02T07:37Z,3496,g95e5,1.824
2026-10-02T07:37Z,3496,gA,2.004
2026-10-02T07:37Z,3496,gP,2.094
2026-10-02T07:37Z,3498,gA,1.944
2026-10-02T07:37Z,3499,gB,1.689
2026-10-02T07:37Z,3537,g95e5,1.754
2026-10-02T07:37Z,3537,gA,1.984
2026-10-02T07:37Z,3537,gP,2.034
2026-10-02T07:37Z,3537,gB,1.549
2026-10-02T07:37Z,3565,g95e5,1.859
2026-10-02T07:37Z,3581,g95e5,1.835
2026-10-02T07:37Z,3588,g95e5,1.839
2026-10-02T07:37Z,3589,g95e5,1.839
2026-10-02T07:37Z,3589,g98e5,1.999
2026-10-02T07:37Z,3612,gA,2.045
2026-10-02T07:37Z,3616,gA,2.009
2026-10-02T07:37Z,3623,gA,1.965
2026-10-02T07:37Z,3678,g95e5,1.939
2026-10-02T07:37Z,3678,g98e5,2.019
2026-10-02T07:37Z,3679,g95e5,1.939
2026-10-02T07:37Z,3690,gA,1.969
2026-10-02T07:37Z,3700,g95e5,1.835
2026-10-02T07:37Z,3700,gA,1.959
2026-10-02T07:37Z,3714,g95e5,1.744
2026-10-02T07:37Z,3714,gA,1.904
2026-10-02T07:37Z,3715,g95e5,1.814
2026-10-02T07:37Z,3715,gA,1.974
2026-10-02T07:37Z,3715,gP,2.024
2026-10-02T07:37Z,3715,g98e5,1.969
2026-10-02T07:37Z,3718,gA,1.979
2026-10-02T07:37Z,3718,gP,2.069
2026-10-02T07:37Z,3728,g95e5,1.769
2026-10-02T07:37Z,3728,g98e5,1.929
2026-10-02T07:37Z,3735,gA,2.009
2026-10-02T07:37Z,3735,gP,2.099
2026-10-02T07:37Z,3743,gA,2.009
2026-10-02T07:37Z,3743,gP,2.099
2026-10-02T07:37Z,3747,gA,1.979
2026-10-02T07:37Z,3747,gP,2.069
2026-10-02T07:37Z,3763,gA,1.989
2026-10-02T07:37Z,3768,g95e5,1.829
2026-10-02T07:37Z,3768,g95e5p,1.879
2026-10-02T07:37Z,3796,gA,1.975
2026-10-02T07:37Z,3799,g95e5,1.857
2026-10-02T07:37Z,3799,gA,1.941
2026-10-02T07:37Z,3799,g98e5,2.029
2026-10-02T07:37Z,3842,g95e5,1.885
2026-10-02T07:37Z,3842,gA,1.999
2026-10-02T07:37Z,3842,gP,2.139
2026-10-02T07:37Z,3862,gA,2.009
2026-10-02T07:37Z,3870,gA,1.884
2026-10-02T07:37Z,3870,gP,1.934
2026-10-02T07:37Z,3893,g95e5,1.885
2026-10-02T07:37Z,3893,gA,1.999
2026-10-02T07:37Z,3893,gP,2.139
2026-10-02T07:37Z,3920,g95e5,1.825
2026-10-02T07:37Z,3920,g98e5,1.965
2026-10-02T07:37Z,3930,g95e5,1.825
2026-10-02T07:37Z,3930,g98e5,1.965
2026-10-02T07:37Z,3949,gA,1.949
2026-10-02T07:37Z,3949,gP,2.009
2026-10-02T07:37Z,3949,g98e5,2.055
2026-10-02T07:37Z,3958,gA,1.939
2026-10-02T07:37Z,3976,g95e5,1.759
2026-10-02T07:37Z,3976,gA,1.789
2026-10-02T07:37Z,3976,gP,1.839
2026-10-02T07:37Z,3984,g95e5,1.877
2026-10-02T07:37Z,3984,g98e5,2.047
2026-10-02T07:37Z,3984,g95e5p,1.917
2026-10-02T07:37Z,3988,gA,1.969
2026-10-02T07:37Z,3988,gP,2.019
2026-10-02T07:37Z,4030,g95e5,1.720
2026-10-02T07:37Z,4030,g98e5,1.830
2026-10-02T07:37Z,4059,gA,2.019
2026-10-02T07:37Z,4059,gP,2.079
2026-10-02T07:37Z,4066,g95e5,1.885
2026-10-02T07:37Z,4066,gA,1.999
2026-10-02T07:37Z,4066,gP,2.139
2026-10-02T07:37Z,4088,g95e5,1.909
2026-10-02T07:37Z,4088,gA,1.969
2026-10-02T07:37Z,4093,gA,1.979
2026-10-02T07:37Z,4127,gA,2.005
2026-10-02T07:37Z,4131,g95e5,1.609
2026-10-02T07:37Z,4131,gA,1.769
2026-10-02T07:37Z,4131,gP,1.789
2026-10-02T07:37Z,4131,g98e5,1.847
2026-10-02T07:37Z,4157,g95e5,1.899
2026-10-02T07:37Z,4157,g98e5,2.019
2026-10-02T07:37Z,4181,g95e5,1.879
2026-10-02T07:37Z,4181,gA,1.939
2026-10-02T07:37Z,4181,gP,1.999
2026-10-02T07:37Z,4181,g98e5,1.999
2026-10-02T07:37Z,4183,g95e5,1.879
2026-10-02T07:37Z,4183,gA,1.939
2026-10-02T07:37Z,4183,gP,1.999
2026-10-02T07:37Z,4183,g98e5,1.999
2026-10-02T07:37Z,4183,gB,1.799
2026-10-02T07:37Z,4201,g95e5,1.749
2026-10-02T07:37Z,4205,gA,2.015
2026-10-02T07:37Z,4220,g95e5,1.825
2026-10-02T07:37Z,4220,g98e5,1.965
2026-10-02T07:37Z,4227,g95e5,1.929
2026-10-02T07:37Z,4227,gA,1.999
2026-10-02T07:37Z,4227,gB,1.819
2026-10-02T07:37Z,4236,g95e5,1.949
2026-10-02T07:37Z,4239,g95e5,1.879
2026-10-02T07:37Z,4239,gA,1.939
2026-10-02T07:37Z,4239,gP,1.999
2026-10-02T07:37Z,4239,g98e5,1.999
2026-10-02T07:37Z,4271,g95e5,1.799
2026-10-02T07:37Z,4271,gA,1.799
2026-10-02T07:37Z,4271,gP,1.869
2026-10-02T07:37Z,4271,g98e5,1.909
2026-10-02T07:37Z,4272,g95e5,1.799
2026-10-02T07:37Z,4272,gA,1.799
2026-10-02T07:37Z,4272,gP,1.869
2026-10-02T07:37Z,4272,g98e5,1.909
2026-10-02T07:37Z,4289,gA,1.965
2026-10-02T07:37Z,4295,g95e5,1.759
2026-10-02T07:37Z,4295,g95e5p,1.809
2026-10-02T07:37Z,4298,g95e5,1.794
2026-10-02T07:37Z,4298,gA,1.908
2026-10-02T07:37Z,4298,gP,1.998
2026-10-02T07:37Z,4298,g98e5,1.921
2026-10-02T07:37Z,4298,gB,1.669
2026-10-02T07:37Z,4304,g95e5,1.799
2026-10-02T07:37Z,4305,g98e5,1.939
2026-10-02T07:37Z,4310,gA,1.909
2026-10-02T07:37Z,4310,gP,1.959
2026-10-02T07:37Z,4315,g95e5,2.049
2026-10-02T07:37Z,4315,gA,2.039
2026-10-02T07:37Z,4315,g95e5p,2.099
2026-10-02T07:37Z,4325,g95e5,1.853
2026-10-02T07:37Z,4325,gA,1.974
2026-10-02T07:37Z,4325,gP,2.039
2026-10-02T07:37Z,4337,gA,2.049
2026-10-02T07:37Z,4344,g95e5,1.958
2026-10-02T07:37Z,4344,g98e5,2.048
2026-10-02T07:37Z,4357,g95e5,1.869
2026-10-02T07:37Z,4357,gA,2.014
2026-10-02T07:37Z,4357,gP,2.050
2026-10-02T07:37Z,4357,g98e5,1.971
2026-10-02T07:37Z,4363,gA,1.999
2026-10-02T07:37Z,4363,gP,2.099
2026-10-02T07:37Z,4364,g95e5,1.863
2026-10-02T07:37Z,4364,gA,1.999
2026-10-02T07:37Z,4364,gP,2.099
2026-10-02T07:37Z,4435,g95e5,1.677
2026-10-02T07:37Z,4435,gA,1.838
2026-10-02T07:37Z,4435,gP,1.859
2026-10-02T07:37Z,4435,g98e5,1.969
2026-10-02T07:37Z,4474,g95e5,1.825
2026-10-02T07:37Z,4476,g95e5,1.809
2026-10-02T07:37Z,4476,gA,1.979
2026-10-02T07:37Z,4476,gP,2.029
2026-10-02T07:37Z,4476,g95e5p,1.859
2026-10-02T07:37Z,4476,gB,1.899
2026-10-02T07:37Z,4484,gA,1.989
2026-10-02T07:37Z,4492,gA,1.984
2026-10-02T07:37Z,4492,gP,2.099
2026-10-02T07:37Z,4522,g95e5,1.859
2026-10-02T07:37Z,4522,gA,1.999
2026-10-02T07:37Z,4522,g98e5,1.999
2026-10-02T07:37Z,4526,gA,1.989
2026-10-02T07:37Z,4534,g95e5,1.843
2026-10-02T07:37Z,4534,g95e5p,1.923
2026-10-02T07:37Z,4543,gA,2.055
2026-10-02T07:37Z,4550,g95e5,1.859
2026-10-02T07:37Z,4551,gA,1.994
2026-10-02T07:37Z,4551,gP,2.109
2026-10-02T07:37Z,4568,gA,2.059
2026-10-02T07:37Z,4569,g95e5,1.873
2026-10-02T07:37Z,4569,g95e5p,1.913
2026-10-02T07:37Z,4577,g95e5,1.845
2026-10-02T07:37Z,4586,gA,2.015
2026-10-02T07:37Z,4587,gA,1.994
2026-10-02T07:37Z,4587,gP,2.109
2026-10-02T07:37Z,4607,gA,2.019
2026-10-02T07:37Z,4614,gA,2.005
2026-10-02T07:37Z,4619,gA,2.029
2026-10-02T07:37Z,4624,gA,2.059
2026-10-02T07:37Z,4641,g95e5,1.835
2026-10-02T07:37Z,4641,gA,2.025
2026-10-02T07:37Z,4642,g95e5,1.835
2026-10-02T07:37Z,4646,g95e5,1.843
2026-10-02T07:37Z,4646,g95e5p,1.933
2026-10-02T07:37Z,4657,gA,1.979
2026-10-02T07:37Z,4657,gP,2.029
2026-10-02T07:37Z,4658,g95e5,1.805
2026-10-02T07:37Z,4658,gA,1.975
2026-10-02T07:37Z,4658,gP,2.085
2026-10-02T07:37Z,4658,g98e5,1.999
2026-10-02T07:37Z,4663,gA,1.954
2026-10-02T07:37Z,4663,gP,2.024
2026-10-02T07:37Z,4669,gA,1.979
2026-10-02T07:37Z,4669,gP,2.029
2026-10-02T07:37Z,4673,g95e5,1.774
2026-10-02T07:37Z,4673,gA,1.914
2026-10-02T07:37Z,4673,gP,1.964
2026-10-02T07:37Z,4673,g95e5p,1.824
2026-10-02T07:37Z,4682,gA,2.009
2026-10-02T07:37Z,4682,gP,2.064
2026-10-02T07:37Z,4690,gA,1.989
2026-10-02T07:37Z,4690,gP,2.099
2026-10-02T07:37Z,4694,gA,1.978
2026-10-02T07:37Z,4694,gP,2.028
2026-10-02T07:37Z,4696,gA,1.979
2026-10-02T07:37Z,4696,gP,2.029
2026-10-02T07:37Z,4700,g95e5,1.794
2026-10-02T07:37Z,4700,gA,1.974
2026-10-02T07:37Z,4700,gP,2.024
2026-10-02T07:37Z,4700,g98e5,1.949
2026-10-02T07:37Z,4702,gA,1.989
2026-10-02T07:37Z,4702,gP,2.039
2026-10-02T07:37Z,4703,gA,1.989
2026-10-02T07:37Z,4703,gP,2.039
2026-10-02T07:37Z,4706,g95e5,1.853
2026-10-02T07:37Z,4706,gA,1.994
2026-10-02T07:37Z,4706,gP,2.099
2026-10-02T07:37Z,4706,g95e5p,1.913
2026-10-02T07:37Z,4708,gA,1.994
2026-10-02T07:37Z,4708,gP,2.109
2026-10-02T07:37Z,4742,g95e5,1.838
2026-10-02T07:37Z,4742,gA,1.998
2026-10-02T07:37Z,4742,gP,2.058
2026-10-02T07:37Z,4742,g98e5,1.938
2026-10-02T07:37Z,4750,g95e5,1.699
2026-10-02T07:37Z,4750,g98e5,1.770
2026-10-02T07:37Z,4758,g95e5,1.849
2026-10-02T07:37Z,4758,gA,2.019
2026-10-02T07:37Z,4758,gP,2.099
2026-10-02T07:37Z,4758,g98e5,1.999
2026-10-02T07:37Z,4761,g95e5,1.749
2026-10-02T07:37Z,4761,g95e5p,1.799
2026-10-02T07:37Z,4775,g95e5,1.719
2026-10-02T07:37Z,4808,g95e5,1.739
2026-10-02T07:37Z,4808,gB,1.590
2026-10-02T07:37Z,4821,g95e5,1.799
2026-10-02T07:37Z,4821,gA,1.755
2026-10-02T07:37Z,4827,g95e5p,1.899
2026-10-02T07:37Z,4837,g95e5,1.829
2026-10-02T07:37Z,4837,gA,2.009
2026-10-02T07:37Z,4837,g98e5,1.979
2026-10-02T07:37Z,4870,gA,1.994
2026-10-02T07:37Z,4870,gP,2.074
2026-10-02T07:37Z,4891,gA,1.989
2026-10-02T07:37Z,4891,gP,2.119
2026-10-02T07:37Z,4923,gA,1.779
2026-10-02T07:37Z,4923,g98e5,1.908
2026-10-02T07:37Z,4932,g95e5,1.879
2026-10-02T07:37Z,4932,gA,1.874
2026-10-02T07:37Z,4936,g95e5,1.969
2026-10-02T07:37Z,4936,gA,1.969
2026-10-02T07:37Z,4975,gA,2.014
2026-10-02T07:37Z,4975,gP,2.064
2026-10-02T07:37Z,4984,gA,1.969
2026-10-02T07:37Z,4984,gP,2.044
2026-10-02T07:37Z,4993,gA,1.974
2026-10-02T07:37Z,4993,gP,2.039
2026-10-02T07:37Z,5006,gA,2.014
2026-10-02T07:37Z,5006,gP,2.079
2026-10-02T07:37Z,5019,gA,1.989
2026-10-02T07:37Z,5019,gP,2.069
2026-10-02T07:37Z,5024,g95e5,1.959
2026-10-02T07:37Z,5024,g98e5,2.049
2026-10-02T07:37Z,5036,g95e5,1.789
2026-10-02T07:37Z,5036,g95e5p,1.839
2026-10-02T07:37Z,5038,g95e5,1.739
2026-10-02T07:37Z,5042,g95e5,1.839
2026-10-02T07:37Z,5042,g95e5p,1.889
2026-10-02T07:37Z,5074,gA,1.984
2026-10-02T07:37Z,5074,gP,2.074
2026-10-02T07:37Z,5078,gA,1.999
2026-10-02T07:37Z,5081,gA,2.034
2026-10-02T07:37Z,5081,gP,2.084
2026-10-02T07:37Z,5085,g95e5,1.829
2026-10-02T07:37Z,5085,g98e5,1.949
2026-10-02T07:37Z,5112,gA,1.999
2026-10-02T07:37Z,5112,gP,2.049
2026-10-02T07:37Z,5152,g95e5,1.819
2026-10-02T07:37Z,5152,g98e5,1.989
2026-10-02T07:37Z,5159,gA,2.025
2026-10-02T07:37Z,5174,g95e5,1.848
2026-10-02T07:37Z,5187,gA,2.055
2026-10-02T07:37Z,5202,g95e5,1.929
2026-10-02T07:37Z,5202,gA,1.989
2026-10-02T07:37Z,5205,gA,1.999
2026-10-02T07:37Z,5222,g95e5,1.889
2026-10-02T07:37Z,5222,gA,1.999
2026-10-02T07:37Z,5222,g98e5,2.039
2026-10-02T07:37Z,5245,g95e5,1.859
2026-10-02T07:37Z,5245,g98e5,1.999
2026-10-02T07:37Z,5245,g95e5p,1.899
2026-10-02T07:37Z,5261,g95e5,1.859
2026-10-02T07:37Z,5261,gA,2.009
2026-10-02T07:37Z,5277,g95e5,1.899
2026-10-02T07:37Z,5277,gA,1.999
2026-10-02T07:37Z,5277,g98e5,2.049
2026-10-02T07:37Z,5277,gB,1.819
2026-10-02T07:37Z,5301,gA,1.989
2026-10-02T07:37Z,5322,gA,1.964
2026-10-02T07:37Z,5322,gP,2.014
2026-10-02T07:37Z,5348,g95e5,1.808
2026-10-02T07:37Z,5352,gA,2.015
2026-10-02T07:37Z,5357,g95e5,1.865
2026-10-02T07:37Z,5358,g95e5,1.859
2026-10-02T07:37Z,5359,g95e5,1.999
2026-10-02T07:37Z,5367,gP,2.099
2026-10-02T07:37Z,5376,gA,2.019
2026-10-02T07:37Z,5441,gA,2.035
2026-10-02T07:37Z,5450,g95e5,2.029
2026-10-02T07:37Z,5450,gA,2.009
2026-10-02T07:37Z,5468,g95e5,1.859
2026-10-02T07:37Z,5468,gA,1.939
2026-10-02T07:37Z,5468,gB,1.749
2026-10-02T07:37Z,5474,gA,2.029
2026-10-02T07:37Z,5512,gA,1.838
2026-10-02T07:37Z,5512,g98e5,1.868
2026-10-02T07:37Z,5523,gA,1.974
2026-10-02T07:37Z,5523,gP,2.024
2026-10-02T07:37Z,5536,g95e5,1.829
2026-10-02T07:37Z,5536,gP,2.049
2026-10-02T07:37Z,5536,g98e5,1.999
2026-10-02T07:37Z,5556,gA,1.944
2026-10-02T07:37Z,5556,gP,1.994
2026-10-02T07:37Z,5559,gA,1.999
2026-10-02T07:37Z,5559,gP,2.049
2026-10-02T07:37Z,5625,gA,1.979
2026-10-02T07:37Z,5625,gP,2.059
2026-10-02T07:37Z,5634,gA,1.999
2026-10-02T07:37Z,5634,gP,2.129
2026-10-02T07:37Z,5669,g95e5,1.819
2026-10-02T07:37Z,5669,gA,2.009
2026-10-02T07:37Z,5669,gP,2.099
2026-10-02T07:37Z,5669,g98e5,1.959
2026-10-02T07:37Z,5672,g95e5,1.859
2026-10-02T07:37Z,5672,gA,1.959
2026-10-02T07:37Z,5672,gP,2.049
2026-10-02T07:37Z,5682,g95e5,1.815
2026-10-02T07:37Z,5682,gP,2.075
2026-10-02T07:37Z,5682,g98e5,1.985
2026-10-02T07:37Z,5689,gA,1.999
2026-10-02T07:37Z,5689,gP,2.059
2026-10-02T07:37Z,5698,gA,1.989
2026-10-02T07:37Z,5698,gP,2.089
2026-10-02T07:37Z,5706,g95e5,1.853
2026-10-02T07:37Z,5706,g95e5p,1.903
2026-10-02T07:37Z,5780,g95e5,1.769
2026-10-02T07:37Z,5780,gA,2.039
2026-10-02T07:37Z,5780,gP,2.149
2026-10-02T07:37Z,5780,g95e5p,1.829
2026-10-02T07:37Z,5781,g95e5,1.819
2026-10-02T07:37Z,5781,gA,1.969
2026-10-02T07:37Z,5781,gP,2.059
2026-10-02T07:37Z,5781,g98e5,2.059
2026-10-02T07:37Z,5834,g95e5,1.929
2026-10-02T07:37Z,5837,g95e5,1.819
2026-10-02T07:37Z,5845,g95e5,2.109
2026-10-02T07:37Z,5845,gA,2.199
2026-10-02T07:37Z,5845,gP,2.299
2026-10-02T07:37Z,5845,g98e5,2.299
2026-10-02T07:37Z,5849,g95e5,1.729
2026-10-02T07:37Z,5858,g95e5,1.899
2026-10-02T07:37Z,5858,gA,1.979
2026-10-02T07:37Z,5858,gB,1.709
2026-10-02T07:37Z,5897,g95e5,1.899
2026-10-02T07:37Z,5897,g98e5,2.109
2026-10-02T07:37Z,5940,gA,1.995
2026-10-02T07:37Z,5964,g95e5,1.883
2026-10-02T07:37Z,5964,g98e5,1.983
2026-10-02T07:37Z,5973,g95e5,1.819
2026-10-02T07:37Z,5973,gP,2.119
2026-10-02T07:37Z,5973,g98e5,1.979
2026-10-02T07:37Z,6004,gA,1.999
2026-10-02T07:37Z,6004,gB,1.759
2026-10-02T07:37Z,6018,g95e5,1.875
2026-10-02T07:37Z,6018,gA,1.975
2026-10-02T07:37Z,6018,gP,2.070
2026-10-02T07:37Z,6018,g98e5,2.055
2026-10-02T07:37Z,6018,gB,1.825
2026-10-02T07:37Z,6025,g95e5,2.079
2026-10-02T07:37Z,6025,gA,2.059
2026-10-02T07:37Z,6025,gB,1.899
2026-10-02T07:37Z,6026,g95e5,2.079
2026-10-02T07:37Z,6026,gA,2.059
2026-10-02T07:37Z,6026,gB,1.899
2026-10-02T07:37Z,6044,g95e5,2.009
2026-10-02T07:37Z,6045,g95e5,1.778
2026-10-02T07:37Z,6045,g98e5,1.878
2026-10-02T07:37Z,6046,g95e5,1.845
2026-10-02T07:37Z,6046,gA,1.945
2026-10-02T07:37Z,6046,gB,1.835
2026-10-02T07:37Z,6068,gA,1.979
2026-10-02T07:37Z,6068,gP,2.069
2026-10-02T07:37Z,6086,gA,1.879
2026-10-02T07:37Z,6086,gP,1.929
2026-10-02T07:37Z,6090,g95e5,1.839
2026-10-02T07:37Z,6090,gA,1.969
2026-10-02T07:37Z,6090,gP,2.059
2026-10-02T07:37Z,6090,g98e5,1.979
2026-10-02T07:37Z,6120,g95e5,1.818
2026-10-02T07:37Z,6120,gA,1.969
2026-10-02T07:37Z,6120,gP,2.069
2026-10-02T07:37Z,6129,gA,2.014
2026-10-02T07:37Z,6129,gP,2.089
2026-10-02T07:37Z,6140,g95e5,1.863
2026-10-02T07:37Z,6140,gA,2.024
2026-10-02T07:37Z,6140,gP,2.099
2026-10-02T07:37Z,6141,g95e5,1.863
2026-10-02T07:37Z,6141,gA,2.024
2026-10-02T07:37Z,6141,gP,2.099
2026-10-02T07:37Z,6166,g95e5,1.819
2026-10-02T07:37Z,6166,g98e5,1.959
2026-10-02T07:37Z,6169,g95e5,1.949
2026-10-02T07:37Z,6169,g98e5,2.139
2026-10-02T07:37Z,6188,gA,2.035
2026-10-02T07:37Z,6189,g95e5,1.899
2026-10-02T07:37Z,6223,g95e5,1.809
2026-10-02T07:37Z,6223,gB,1.779
2026-10-02T07:37Z,6227,g95e5,1.865
2026-10-02T07:37Z,6227,gA,2.065
2026-10-02T07:37Z,6259,gA,2.019
2026-10-02T07:37Z,6269,g95e5,1.969
2026-10-02T07:37Z,6270,g95e5,1.969
2026-10-02T07:37Z,6279,g95e5,1.869
2026-10-02T07:37Z,6279,gA,1.999
2026-10-02T07:37Z,6279,gP,2.064
2026-10-02T07:37Z,6293,g95e5,1.764
2026-10-02T07:37Z,6293,gA,1.884
2026-10-02T07:37Z,6293,gP,1.934
2026-10-02T07:37Z,6293,g98e5,1.889
2026-10-02T07:37Z,6298,g95e5,1.825
2026-10-02T07:37Z,6298,gA,1.989
2026-10-02T07:37Z,6298,gP,2.099
2026-10-02T07:37Z,6298,g98e5,1.995
2026-10-02T07:37Z,6300,gA,1.965
2026-10-02T07:37Z,6312,gA,2.045
2026-10-02T07:37Z,6323,g95e5,1.849
2026-10-02T07:37Z,6323,gA,1.999
2026-10-02T07:37Z,6323,gP,2.049
2026-10-02T07:37Z,6325,g95e5,1.829
2026-10-02T07:37Z,6325,g95e5p,1.879
2026-10-02T07:37Z,6341,g95e5,1.775
2026-10-02T07:37Z,6341,gA,1.945
2026-10-02T07:37Z,6341,gP,2.055
2026-10-02T07:37Z,6341,g98e5,1.945
2026-10-02T07:37Z,6404,gA,2.015
2026-10-02T07:37Z,6450,g95e5,1.799
2026-10-02T07:37Z,6450,gA,1.799
2026-10-02T07:37Z,6463,g95e5,1.775
2026-10-02T07:37Z,6463,gA,2.055
2026-10-02T07:37Z,6463,gP,2.155
2026-10-02T07:37Z,6463,g98e5,1.975
2026-10-02T07:37Z,6466,g95e5,1.755
2026-10-02T07:37Z,6466,glp,1.040
2026-10-02T07:37Z,6471,gA,1.969
2026-10-02T07:37Z,6471,gP,2.019
2026-10-02T07:37Z,6472,gA,2.049
2026-10-02T07:37Z,6472,gP,2.159
2026-10-02T07:37Z,6479,g95e5,1.769
2026-10-02T07:37Z,6491,g95e5,1.819
2026-10-02T07:37Z,6491,g98e5,1.949
2026-10-02T07:37Z,6502,g95e5,1.839
2026-10-02T07:37Z,6502,gB,1.609
2026-10-02T07:37Z,6511,g95e5,1.769
2026-10-02T07:37Z,6519,gA,2.049
2026-10-02T07:37Z,6519,gP,2.159
2026-10-02T07:37Z,6519,gB,1.875
2026-10-02T07:37Z,6586,gA,1.939
2026-10-02T07:37Z,6586,gP,2.029
2026-10-02T07:37Z,6600,gA,1.939
2026-10-02T07:37Z,6600,gP,2.039
2026-10-02T07:37Z,6602,g95e5,1.839
2026-10-02T07:37Z,6602,gA,1.965
2026-10-02T07:37Z,6602,gP,2.055
2026-10-02T07:37Z,6602,g98e5,1.979
2026-10-02T07:37Z,6625,gA,2.019
2026-10-02T07:37Z,6625,g98e5,1.985
2026-10-02T07:37Z,6681,gA,1.969
2026-10-02T07:37Z,6708,g95e5,1.739
2026-10-02T07:37Z,6708,gA,1.799
2026-10-02T07:37Z,6709,g95e5,1.739
2026-10-02T07:37Z,6743,gA,2.024
2026-10-02T07:37Z,6743,gP,2.119
2026-10-02T07:37Z,6768,g95e5,1.779
2026-10-02T07:37Z,6768,gA,1.929
2026-10-02T07:37Z,6768,gB,1.729
2026-10-02T07:37Z,6775,gA,2.019
2026-10-02T07:37Z,6775,gP,2.109
2026-10-02T07:37Z,6778,gA,2.034
2026-10-02T07:37Z,6778,gP,2.119
2026-10-02T07:37Z,6783,gA,1.999
2026-10-02T07:37Z,6783,gP,2.119
2026-10-02T07:37Z,6785,g95e5,1.829
2026-10-02T07:37Z,6785,gA,2.049
2026-10-02T07:37Z,6785,gP,2.109
2026-10-02T07:37Z,6790,gA,2.014
2026-10-02T07:37Z,6790,gP,2.099
2026-10-02T07:37Z,6796,gP,2.099
2026-10-02T07:37Z,6821,g95e5,1.775
2026-10-02T07:37Z,6821,gA,2.055
2026-10-02T07:37Z,6821,g98e5,1.945
2026-10-02T07:37Z,6821,gB,1.819
2026-10-02T07:37Z,6832,gA,2.045
2026-10-02T07:37Z,6844,g95e5,1.845
2026-10-02T07:37Z,6844,gA,1.979
2026-10-02T07:37Z,6844,gP,2.069
2026-10-02T07:37Z,6844,g98e5,1.985
2026-10-02T07:37Z,6866,g95e5,1.679
2026-10-02T07:37Z,6866,g98e5,1.829
2026-10-02T07:37Z,6866,gB,1.549
2026-10-02T07:37Z,6870,g95e5,1.835
2026-10-02T07:37Z,6876,gA,2.069
2026-10-02T07:37Z,6878,g95e5,1.859
2026-10-02T07:37Z,6878,gA,2.059
2026-10-02T07:37Z,6878,gP,2.159
2026-10-02T07:37Z,6878,g98e5,2.029
2026-10-02T07:37Z,6878,gB,1.829
2026-10-02T07:37Z,6880,g95e5,1.949
2026-10-02T07:37Z,6880,gA,1.915
2026-10-02T07:37Z,6883,gA,1.954
2026-10-02T07:37Z,6883,gP,2.054
2026-10-02T07:37Z,6889,g95e5,1.869
2026-10-02T07:37Z,6889,gA,1.989
2026-10-02T07:37Z,6889,gP,2.069
2026-10-02T07:37Z,6889,g98e5,2.009
2026-10-02T07:37Z,6913,gA,2.015
2026-10-02T07:37Z,6927,gA,1.964
2026-10-02T07:37Z,6927,gP,2.054
2026-10-02T07:37Z,6944,gA,1.965
2026-10-02T07:37Z,6984,g95e5,1.830
2026-10-02T07:37Z,6984,gA,1.949
2026-10-02T07:37Z,6984,gP,2.039
2026-10-02T07:37Z,6992,gA,1.964
2026-10-02T07:37Z,6992,gP,2.014
2026-10-02T07:37Z,7001,gA,2.029
2026-10-02T07:37Z,7001,gP,2.149
2026-10-02T07:37Z,7001,gB,1.829
2026-10-02T07:37Z,7007,g95e5,1.849
2026-10-02T07:37Z,7007,g98e5,1.969
2026-10-02T07:37Z,7043,g95e5,1.737
2026-10-02T07:37Z,7053,gA,2.025
2026-10-02T07:37Z,7053,gP,2.089
2026-10-02T07:37Z,7064,gA,1.969
2026-10-02T07:37Z,7064,gP,2.019
2026-10-02T07:37Z,7068,gA,2.014
2026-10-02T07:37Z,7068,gP,2.104
2026-10-02T07:37Z,7069,g95e5,1.749
2026-10-02T07:37Z,7069,gA,1.929
2026-10-02T07:37Z,7069,gP,1.979
2026-10-02T07:37Z,7069,g98e5,1.884
2026-10-02T07:37Z,7071,gA,1.979
2026-10-02T07:37Z,7071,gP,2.029
2026-10-02T07:37Z,7071,g98e5,1.889
2026-10-02T07:37Z,7071,g95e5p,1.889
2026-10-02T07:37Z,7086,g95e5,1.855
2026-10-02T07:37Z,7086,gA,2.005
2026-10-02T07:37Z,7092,gA,1.973
2026-10-02T07:37Z,7137,g95e5,1.885
2026-10-02T07:37Z,7137,gA,2.049
2026-10-02T07:37Z,7137,g98e5,2.015
2026-10-02T07:37Z,7152,g98e5,1.955
2026-10-02T07:37Z,7157,g95e5,2.009
2026-10-02T07:37Z,7191,gA,1.939
2026-10-02T07:37Z,7191,gP,1.989
2026-10-02T07:37Z,7192,gA,2.025
2026-10-02T07:37Z,7216,g95e5,1.863
2026-10-02T07:37Z,7216,g95e5p,1.933
2026-10-02T07:37Z,7217,g95e5,1.739
2026-10-02T07:37Z,7217,gA,1.879
2026-10-02T07:37Z,7240,gA,2.065
2026-10-02T07:37Z,7248,gA,2.029
2026-10-02T07:37Z,7256,g95e5,1.865
2026-10-02T07:37Z,7256,gA,2.039
2026-10-02T07:37Z,7256,gP,2.129
2026-10-02T07:37Z,7256,g98e5,2.005
2026-10-02T07:37Z,7260,g95e5,1.825
2026-10-02T07:37Z,7260,gA,2.009
2026-10-02T07:37Z,7260,gP,2.099
2026-10-02T07:37Z,7260,g98e5,1.965
2026-10-02T07:37Z,7299,g95e5,1.809
2026-10-02T07:37Z,7299,gA,2.009
2026-10-02T07:37Z,7303,g95e5,1.889
2026-10-02T07:37Z,7303,g95e5p,1.945
2026-10-02T07:37Z,7304,g95e5,1.889
2026-10-02T07:37Z,7304,g98e5,1.995
2026-10-02T07:37Z,7304,g95e5p,1.945
2026-10-02T07:37Z,7305,g95e5,1.889
2026-10-02T07:37Z,7305,g98e5,1.995
2026-10-02T07:37Z,7305,g95e5p,1.945
2026-10-02T07:37Z,7314,gA,2.039
2026-10-02T07:37Z,7314,gP,2.129
2026-10-02T07:37Z,7335,g95e5,1.779
2026-10-02T07:37Z,7335,gA,1.969
2026-10-02T07:37Z,7335,gP,2.059
2026-10-02T07:37Z,7335,gB,1.919
2026-10-02T07:37Z,7347,gA,2.019
2026-10-02T07:37Z,7347,g98e5,2.005
2026-10-02T07:37Z,7355,g95e5,1.909
2026-10-02T07:37Z,7360,g95e5,1.839
2026-10-02T07:37Z,7360,gA,1.999
2026-10-02T07:37Z,7360,gP,2.029
2026-10-02T07:37Z,7360,g98e5,1.999
2026-10-02T07:37Z,7364,g95e5,1.855
2026-10-02T07:37Z,7387,g95e5,1.829
2026-10-02T07:37Z,7387,gA,2.009
2026-10-02T07:37Z,7395,gA,2.039
2026-10-02T07:37Z,7420,g95e5,1.879
2026-10-02T07:37Z,7421,gA,2.035
2026-10-02T07:37Z,7423,gA,2.015
2026-10-02T07:37Z,7426,gA,2.029
2026-10-02T07:37Z,7429,gA,2.029
2026-10-02T07:37Z,7429,gP,2.089
2026-10-02T07:37Z,7429,g98e5,1.945
2026-10-02T07:37Z,7439,gA,2.065
2026-10-02T07:37Z,7446,g95e5,1.938
2026-10-02T07:37Z,7446,gA,1.998
2026-10-02T07:37Z,7446,gP,2.050
2026-10-02T07:37Z,7453,g95e5,1.829
2026-10-02T07:37Z,7453,gA,2.029
2026-10-02T07:37Z,7453,gP,2.119
2026-10-02T07:37Z,7453,g98e5,1.969
2026-10-02T07:37Z,7460,gA,1.989
2026-10-02T07:37Z,7460,gP,2.089
2026-10-02T07:37Z,7461,g95e5,1.883
2026-10-02T07:37Z,7469,g95e5,1.839
2026-10-02T07:37Z,7469,g98e5,1.979
2026-10-02T07:37Z,7483,g95e5,1.859
2026-10-02T07:37Z,7483,gA,1.939
2026-10-02T07:37Z,7502,gA,2.015
2026-10-02T07:37Z,7534,g95e5,1.899
2026-10-02T07:37Z,7544,gA,2.034
2026-10-02T07:37Z,7544,gP,2.124
2026-10-02T07:37Z,7546,g95e5,1.909
2026-10-02T07:37Z,7546,gA,1.989
2026-10-02T07:37Z,7546,gP,2.059
2026-10-02T07:37Z,7546,g98e5,2.059
2026-10-02T07:37Z,7551,gA,2.059
2026-10-02T07:37Z,7553,gA,2.059
2026-10-02T07:37Z,7554,g95e5,1.939
2026-10-02T07:37Z,7554,gP,2.059
2026-10-02T07:37Z,7554,gB,1.859
2026-10-02T07:37Z,7584,g98e5,1.929
2026-10-02T07:37Z,7587,g95e5,1.869
2026-10-02T07:37Z,7587,gA,1.999
2026-10-02T07:37Z,7587,gP,2.059
2026-10-02T07:37Z,7587,g98e5,2.059
2026-10-02T07:37Z,7590,g95e5,1.749
2026-10-02T07:37Z,7594,g95e5,1.769
2026-10-02T07:37Z,7594,g95e5p,1.819
2026-10-02T07:37Z,7608,g95e5,1.769
2026-10-02T07:37Z,7608,g95e5p,1.769
2026-10-02T07:37Z,7612,g95e5,1.749
2026-10-02T07:37Z,7679,gA,1.709
2026-10-02T07:37Z,7702,gA,1.699
2026-10-02T07:37Z,7707,gA,1.699
2026-10-02T07:37Z,7710,gA,1.699
2026-10-02T07:37Z,7711,gA,1.699
2026-10-02T07:37Z,7767,gA,1.739
2026-10-02T07:37Z,7807,g95e5,1.534
2026-10-02T07:37Z,7807,gP,1.819
2026-10-02T07:37Z,7811,g95e5,1.534
2026-10-02T07:37Z,7811,gP,1.819
2026-10-02T07:37Z,7859,g95e5,1.469
2026-10-02T07:37Z,7859,gA,1.609
2026-10-02T07:37Z,7859,gP,1.689
2026-10-02T07:37Z,7859,g98e5,1.589
2026-10-02T07:37Z,7923,g95e5,1.539
2026-10-02T07:37Z,7923,gA,1.699
2026-10-02T07:37Z,7923,g98e5,1.679
2026-10-02T07:37Z,8045,g95e5,1.849
2026-10-02T07:37Z,8045,g98e5,1.969
2026-10-02T07:37Z,8057,g95e5,1.835
2026-10-02T07:37Z,8057,gA,2.035
2026-10-02T07:37Z,8057,gP,2.125
2026-10-02T07:37Z,8057,g98e5,1.975
2026-10-02T07:37Z,8060,g95e5,1.750
2026-10-02T07:37Z,8060,gA,1.890
2026-10-02T07:37Z,8060,g98e5,1.910
2026-10-02T07:37Z,8076,g95e5,1.779
2026-10-02T07:37Z,8076,gA,1.889
2026-10-02T07:37Z,8076,gP,1.959
2026-10-02T07:37Z,8076,gB,1.669
2026-10-02T07:37Z,8088,gA,2.005
2026-10-02T07:37Z,8124,g95e5,1.879
2026-10-02T07:37Z,8124,gA,1.909
2026-10-02T07:37Z,8124,gP,1.999
2026-10-02T07:37Z,8124,g98e5,1.989
2026-10-02T07:37Z,8183,gA,1.937
2026-10-02T07:37Z,8202,g95e5,1.719
2026-10-02T07:37Z,8202,g98e5,1.825
2026-10-02T07:37Z,8250,gA,1.975
2026-10-02T07:37Z,8253,gA,2.005
2026-10-02T07:37Z,8274,gA,2.035
2026-10-02T07:37Z,8294,g95e5,1.819
2026-10-02T07:37Z,8294,g98e5,1.959
2026-10-02T07:37Z,8295,g95e5,1.844
2026-10-02T07:37Z,8295,gA,1.928
2026-10-02T07:37Z,8295,gP,2.028
2026-10-02T07:37Z,8295,g98e5,1.964
2026-10-02T07:37Z,8296,g95e5,1.944
2026-10-02T07:37Z,8296,gA,1.918
2026-10-02T07:37Z,8296,gP,2.018
2026-10-02T07:37Z,8296,g98e5,2.071
2026-10-02T07:37Z,8301,g95e5,1.789
2026-10-02T07:37Z,8301,gA,1.979
2026-10-02T07:37Z,8301,gP,2.069
2026-10-02T07:37Z,8301,g98e5,1.929
2026-10-02T07:37Z,8312,gP,1.789
2026-10-02T07:37Z,8312,g95e5p,1.749
2026-10-02T07:37Z,8327,g95e5,1.999
2026-10-02T07:37Z,8327,gA,1.999
2026-10-02T07:37Z,8327,g98e5,2.019
2026-10-02T07:37Z,8406,g95e5,1.869
2026-10-02T07:37Z,8406,g98e5,1.989
2026-10-02T07:37Z,8504,g95e5,1.709
2026-10-02T07:37Z,8504,g95e5p,1.709
2026-10-02T07:37Z,8505,gA,2.024
2026-10-02T07:37Z,8505,gP,2.099
2026-10-02T07:37Z,8506,gA,2.024
2026-10-02T07:37Z,8506,gP,2.099
2026-10-02T07:37Z,8545,gA,1.899
2026-10-02T07:37Z,8545,gP,1.989
2026-10-02T07:37Z,8576,g95e5,1.709
2026-10-02T07:37Z,8577,g95e5,1.709
2026-10-02T07:37Z,8728,gA,1.709
2026-10-02T07:37Z,8772,gA,1.719
2026-10-02T07:37Z,8784,g95e5,1.799
2026-10-02T07:37Z,8784,gA,1.799
2026-10-02T07:37Z,8784,g98e5,1.929
2026-10-02T07:37Z,9054,g95e5,1.849
2026-10-02T07:37Z,9054,g98e5,1.989
2026-10-02T07:37Z,9113,g95e5,1.777
2026-10-02T07:37Z,9135,g95e5,1.865
2026-10-02T07:37Z,9135,gA,2.039
2026-10-02T07:37Z,9135,gP,2.129
2026-10-02T07:37Z,9135,g98e5,2.005
2026-10-02T07:37Z,9136,g95e5,1.865
2026-10-02T07:37Z,9136,gA,2.039
2026-10-02T07:37Z,9136,gP,2.129
2026-10-02T07:37Z,9136,g98e5,2.005
2026-10-02T07:37Z,9137,g95e5,1.865
2026-10-02T07:37Z,9137,gA,2.039
2026-10-02T07:37Z,9137,gP,2.129
2026-10-02T07:37Z,9137,g98e5,2.005
2026-10-02T07:37Z,9138,g95e5,1.865
2026-10-02T07:37Z,9138,gA,2.039
2026-10-02T07:37Z,9138,gP,2.129
2026-10-02T07:37Z,9138,g98e5,2.005
2026-10-02T07:37Z,9140,g95e5,1.865
2026-10-02T07:37Z,9140,gA,2.039
2026-10-02T07:37Z,9140,gP,2.129
2026-10-02T07:37Z,9140,g98e5,2.005
2026-10-02T07:37Z,9142,g95e5,1.865
2026-10-02T07:37Z,9142,gA,2.039
2026-10-02T07:37Z,9142,gP,2.129
2026-10-02T07:37Z,9142,g98e5,2.005
2026-10-02T07:37Z,9143,g95e5,1.859
2026-10-02T07:37Z,9143,gA,2.039
2026-10-02T07:37Z,9143,gP,2.129
2026-10-02T07:37Z,9143,g98e5,1.999
2026-10-02T07:37Z,9160,g95e5,1.819
2026-10-02T07:37Z,9160,g98e5,1.959
2026-10-02T07:37Z,9199,g95e5,1.839
2026-10-02T07:37Z,9226,g95e5,1.699
2026-10-02T07:37Z,9226,gA,1.799
2026-10-02T07:37Z,9259,g95e5,1.839
2026-10-02T07:37Z,9259,gA,1.999
2026-10-02T07:37Z,9259,gP,2.101
2026-10-02T07:37Z,9259,g98e5,1.981
2026-10-02T07:37Z,9344,gA,1.959
2026-10-02T07:37Z,9344,gP,2.009
2026-10-02T07:37Z,9383,g95e5,1.939
2026-10-02T07:37Z,9383,g98e5,2.039
2026-10-02T07:37Z,9432,g95e5,1.785
2026-10-02T07:37Z,9432,gA,1.995
2026-10-02T07:37Z,9432,gP,2.105
2026-10-02T07:37Z,9432,g98e5,1.895
2026-10-02T07:37Z,9455,g95e5,1.929
2026-10-02T07:37Z,9455,g98e5,2.009
2026-10-02T07:37Z,9460,g95e5,1.824
2026-10-02T07:37Z,9460,gA,1.926
2026-10-02T07:37Z,9460,gP,1.985
2026-10-02T07:37Z,9460,g98e5,1.977
2026-10-02T07:37Z,9462,g95e5,1.929
2026-10-02T07:37Z,9462,g98e5,1.999
2026-10-02T07:37Z,9520,g95e5,1.874
2026-10-02T07:37Z,9564,g95e5,1.709
2026-10-02T07:37Z,9564,g95e5p,1.709
2026-10-02T07:37Z,9584,gA,1.629
2026-10-02T07:37Z,9584,g98e5,1.654
2026-10-02T07:37Z,9651,g95e5,1.829
2026-10-02T07:37Z,9651,gA,1.939
2026-10-02T07:37Z,9651,gP,2.009
2026-10-02T07:37Z,9651,g98e5,1.969
2026-10-02T07:37Z,9665,g95e5,1.899
2026-10-02T07:37Z,9665,g98e5,1.999
2026-10-02T07:37Z,9697,g95e5,1.989
2026-10-02T07:37Z,9697,gA,2.049
2026-10-02T07:37Z,9697,gB,1.817
2026-10-02T07:37Z,9699,gA,1.908
2026-10-02T07:37Z,9708,gA,2.015
2026-10-02T07:37Z,9734,g95e5,1.815
2026-10-02T07:37Z,9734,gA,2.045
2026-10-02T07:37Z,9734,gP,2.135
2026-10-02T07:37Z,9766,g95e5,1.859
2026-10-02T07:37Z,9844,g95e5,1.869
2026-10-02T07:37Z,9844,gA,2.009
2026-10-02T07:37Z,9844,g98e5,2.029
2026-10-02T07:37Z,9847,g95e5,1.869
2026-10-02T07:37Z,9847,gA,2.009
2026-10-02T07:37Z,9847,g98e5,2.029
2026-10-02T07:37Z,9847,g95e5p,1.969
2026-10-02T07:37Z,9870,g95e5,1.859
2026-10-02T07:37Z,9870,gA,2.029
2026-10-02T07:37Z,9870,gP,2.099
2026-10-02T07:37Z,9870,g98e5,2.069
2026-10-02T07:37Z,9870,gB,1.819
2026-10-02T07:37Z,9871,g95e5,1.869
2026-10-02T07:37Z,9871,gA,2.019
2026-10-02T07:37Z,9871,gP,2.099
2026-10-02T07:37Z,9871,g98e5,2.069
2026-10-02T07:37Z,9915,g95e5,1.874
2026-10-02T07:37Z,9934,g95e5,1.969
2026-10-02T07:37Z,9934,gA,1.929
2026-10-02T07:37Z,9934,gP,1.989
2026-10-02T07:37Z,9934,g98e5,2.069
2026-10-02T07:37Z,9941,g95e5,1.839
2026-10-02T07:37Z,9941,gA,1.969
2026-10-02T07:37Z,9941,gP,1.999
2026-10-02T07:37Z,9941,g98e5,1.939
2026-10-02T07:37Z,10025,g95e5,1.899
2026-10-02T07:37Z,10025,gA,1.989
2026-10-02T07:37Z,10025,gP,2.099
2026-10-02T07:37Z,10025,g98e5,2.039
2026-10-02T07:37Z,10031,g95e5,1.899
2026-10-02T07:37Z,10031,g98e5,2.019
2026-10-02T07:37Z,10055,gA,1.999
2026-10-02T07:37Z,10055,gP,2.079
2026-10-02T07:37Z,10106,gA,2.034
2026-10-02T07:37Z,10106,gP,2.149
2026-10-02T07:37Z,10107,gA,2.034
2026-10-02T07:37Z,10107,gP,2.149
2026-10-02T07:37Z,10121,g95e5,1.789
2026-10-02T07:37Z,10220,g95e5,1.745
2026-10-02T07:37Z,10244,g95e5,1.709
2026-10-02T07:37Z,10263,g95e5,1.789
2026-10-02T07:37Z,10263,gA,1.929
2026-10-02T07:37Z,10296,gA,1.859
2026-10-02T07:37Z,10361,g95e5,1.798
2026-10-02T07:37Z,10361,gA,2.028
2026-10-02T07:37Z,10361,gB,1.809
2026-10-02T07:37Z,10363,g95e5,1.680
2026-10-02T07:37Z,10455,g95e5,1.728
2026-10-02T07:37Z,10455,gA,1.895
2026-10-02T07:37Z,10455,gP,1.985
2026-10-02T07:37Z,10467,gA,1.975
2026-10-02T07:37Z,10467,gP,2.065
2026-10-02T07:37Z,10483,g95e5,1.853
2026-10-02T07:37Z,10483,gA,1.994
2026-10-02T07:37Z,10483,gP,2.099
2026-10-02T07:37Z,10483,g98e5,1.953
2026-10-02T07:37Z,10483,g95e5p,1.913
2026-10-02T07:37Z,10575,g95e5,1.909
2026-10-02T07:37Z,10575,gA,2.009
2026-10-02T07:37Z,10575,gP,2.089
2026-10-02T07:37Z,10575,g98e5,2.059
2026-10-02T07:37Z,10630,g95e5,1.789
2026-10-02T07:37Z,10633,gA,1.719
2026-10-02T07:37Z,10647,gA,1.944
2026-10-02T07:37Z,10647,gP,1.994
2026-10-02T07:37Z,10740,g95e5,1.853
2026-10-02T07:37Z,10740,g95e5p,1.923
2026-10-02T07:37Z,10756,g95e5,1.780
2026-10-02T07:37Z,10817,g95e5,1.849
2026-10-02T07:37Z,10820,g95e5,1.759
2026-10-02T07:37Z,10820,gA,1.769
2026-10-02T07:37Z,10823,g95e5,1.814
2026-10-02T07:37Z,10823,gA,2.039
2026-10-02T07:37Z,10823,gP,2.129
2026-10-02T07:37Z,10823,gB,1.664
2026-10-02T07:37Z,10855,g95e5,1.845
2026-10-02T07:37Z,10855,gA,2.049
2026-10-02T07:37Z,10856,g95e5,1.835
2026-10-02T07:37Z,10856,gA,1.985
2026-10-02T07:37Z,10856,gP,2.045
2026-10-02T07:37Z,10856,g98e5,1.955
2026-10-02T07:37Z,10862,gA,2.009
2026-10-02T07:37Z,10864,g95e5,1.865
2026-10-02T07:37Z,10864,gA,1.995
2026-10-02T07:37Z,10874,gA,1.969
2026-10-02T07:37Z,10891,g95e5,1.849
2026-10-02T07:37Z,10898,g95e5,1.849
2026-10-02T07:37Z,10898,gA,2.009
2026-10-02T07:37Z,10898,gP,2.089
2026-10-02T07:37Z,10898,g95e5p,1.933
2026-10-02T07:37Z,10914,g95e5,1.899
2026-10-02T07:37Z,10914,gA,1.999
2026-10-02T07:37Z,10917,g95e5,1.939
2026-10-02T07:37Z,10979,gA,1.990
2026-10-02T07:37Z,10979,gP,2.079
2026-10-02T07:37Z,10997,g95e5,1.685
2026-10-02T07:37Z,10997,gA,1.795
2026-10-02T07:37Z,10997,gB,1.535
2026-10-02T07:37Z,11031,g95e5,1.809
2026-10-02T07:37Z,11031,gA,1.989
2026-10-02T07:37Z,11031,gP,2.079
2026-10-02T07:37Z,11031,g98e5,1.949
2026-10-02T07:37Z,11038,g95e5,1.875
2026-10-02T07:37Z,11038,gA,2.035
2026-10-02T07:37Z,11038,g98e5,2.045
2026-10-02T07:37Z,11088,gA,2.005
2026-10-02T07:37Z,11106,g95e5,1.949
2026-10-02T07:37Z,11106,gP,2.055
2026-10-02T07:37Z,11106,g98e5,2.055
2026-10-02T07:37Z,11107,g95e5,1.849
2026-10-02T07:37Z,11107,gA,1.989
2026-10-02T07:37Z,11107,gP,2.039
2026-10-02T07:37Z,11107,g98e5,1.959
2026-10-02T07:37Z,11107,gB,1.939
2026-10-02T07:37Z,11121,g95e5,1.845
2026-10-02T07:37Z,11121,gA,2.019
2026-10-02T07:37Z,11121,g98e5,2.005
2026-10-02T07:37Z,11129,g95e5,1.855
2026-10-02T07:37Z,11129,gA,1.979
2026-10-02T07:37Z,11129,gP,2.039
2026-10-02T07:37Z,11136,gA,1.899
2026-10-02T07:37Z,11208,g95e5,1.859
2026-10-02T07:37Z,11208,gB,1.919
2026-10-02T07:37Z,11223,g95e5,1.819
2026-10-02T07:37Z,11228,gA,1.999
2026-10-02T07:37Z,11228,gP,2.049
2026-10-02T07:37Z,11236,g95e5,1.749
2026-10-02T07:37Z,11271,g95e5,1.878
2026-10-02T07:37Z,11271,gA,1.999
2026-10-02T07:37Z,11271,gP,2.079
2026-10-02T07:37Z,11271,g95e5p,1.943
2026-10-02T07:37Z,11275,gA,1.985
2026-10-02T07:37Z,11281,g95e5,1.799
2026-10-02T07:37Z,11281,gA,1.826
2026-10-02T07:37Z,11281,gP,1.926
2026-10-02T07:37Z,11281,g98e5,1.909
2026-10-02T07:37Z,11305,gA,1.949
2026-10-02T07:37Z,11305,gP,2.039
2026-10-02T07:37Z,11306,gA,1.949
2026-10-02T07:37Z,11306,gP,2.039
2026-10-02T07:37Z,11322,g95e5,1.929
2026-10-02T07:37Z,11322,g98e5,2.029
2026-10-02T07:37Z,11327,gA,1.969
2026-10-02T07:37Z,11327,gP,2.019
2026-10-02T07:37Z,11331,g95e5,1.729
2026-10-02T07:37Z,11331,gA,1.899
2026-10-02T07:37Z,11331,gP,1.949
2026-10-02T07:37Z,11331,g98e5,1.864
2026-10-02T07:37Z,11337,g95e5,1.814
2026-10-02T07:37Z,11337,gA,1.874
2026-10-02T07:37Z,11337,gP,1.924
2026-10-02T07:37Z,11337,g95e5p,1.864
2026-10-02T07:37Z,11386,g95e5,1.744
2026-10-02T07:37Z,11422,g95e5,1.829
2026-10-02T07:37Z,11422,gA,1.949
2026-10-02T07:37Z,11422,gP,2.039
2026-10-02T07:37Z,11422,g98e5,1.969
2026-10-02T07:37Z,11435,gA,1.899
2026-10-02T07:37Z,11447,g95e5,1.769
2026-10-02T07:37Z,11497,gA,2.009
2026-10-02T07:37Z,11536,gA,1.985
2026-10-02T07:37Z,11537,gA,1.994
2026-10-02T07:37Z,11553,g95e5,1.804
2026-10-02T07:37Z,11553,gA,1.984
2026-10-02T07:37Z,11553,gP,2.034
2026-10-02T07:37Z,11553,g98e5,1.949
2026-10-02T07:37Z,11560,g95e5,1.885
2026-10-02T07:37Z,11560,gA,2.035
2026-10-02T07:37Z,11563,gA,2.015
2026-10-02T07:37Z,11579,g95e5,1.829
2026-10-02T07:37Z,11581,gA,2.029
2026-10-02T07:37Z,11581,g98e5,2.019
2026-10-02T07:37Z,11589,gP,2.069
2026-10-02T07:37Z,11589,gB,1.809
2026-10-02T07:37Z,11593,gA,2.045
2026-10-02T07:37Z,11597,g95e5,1.919
2026-10-02T07:37Z,11597,gA,2.019
2026-10-02T07:37Z,11597,gP,2.109
2026-10-02T07:37Z,11597,g98e5,2.039
2026-10-02T07:37Z,11598,g95e5,1.919
2026-10-02T07:37Z,11598,gA,2.019
2026-10-02T07:37Z,11598,gP,2.109
2026-10-02T07:37Z,11598,g98e5,2.039
2026-10-02T07:37Z,11622,g95e5,1.909
2026-10-02T07:37Z,11622,g98e5,1.979
2026-10-02T07:37Z,11633,g95e5,1.793
2026-10-02T07:37Z,11633,g95e5p,1.883
2026-10-02T07:37Z,11652,g95e5,1.839
2026-10-02T07:37Z,11652,g95e5p,1.839
2026-10-02T07:37Z,11674,g95e5,1.793
2026-10-02T07:37Z,11674,g95e5p,1.873
2026-10-02T07:37Z,11825,g95e5,1.969
2026-10-02T07:37Z,11825,gP,2.079
2026-10-02T07:37Z,11825,g98e5,2.139
2026-10-02T07:37Z,11833,gA,1.999
2026-10-02T07:37Z,11852,gA,1.959
2026-10-02T07:37Z,11854,g95e5,1.779
2026-10-02T07:37Z,11854,g98e5,1.919
2026-10-02T07:37Z,11857,gA,1.919
2026-10-02T07:37Z,11857,gP,1.989
2026-10-02T07:37Z,11858,g95e5,1.749
2026-10-02T07:37Z,11858,g98e5,1.849
2026-10-02T07:37Z,11880,g95e5,1.720
2026-10-02T07:37Z,11884,g95e5,1.819
2026-10-02T07:37Z,11884,gA,1.819
2026-10-02T07:37Z,11884,gP,1.919
2026-10-02T07:37Z,11899,g95e5,1.796
2026-10-02T07:37Z,11899,gP,1.816
2026-10-02T07:37Z,11918,g95e5,1.729
2026-10-02T07:37Z,11918,g98e5,1.779
2026-10-02T07:37Z,11930,g95e5,1.699
2026-10-02T07:37Z,11964,gA,1.955
2026-10-02T07:37Z,11974,g95e5,1.855
2026-10-02T07:37Z,12012,g95e5,1.865
2026-10-02T07:37Z,12012,gA,2.039
2026-10-02T07:37Z,12012,gP,2.129
2026-10-02T07:37Z,12012,g98e5,2.005
2026-10-02T07:37Z,12021,gA,2.004
2026-10-02T07:37Z,12021,gP,2.079
2026-10-02T07:37Z,12022,gA,2.065
2026-10-02T07:37Z,12027,g95e5,1.749
2026-10-02T07:37Z,12027,gA,1.825
2026-10-02T07:37Z,12060,gA,1.899
2026-10-02T07:37Z,12060,gP,1.989
2026-10-02T07:37Z,12063,gA,2.014
2026-10-02T07:37Z,12063,gP,2.079
2026-10-02T07:37Z,12133,g95e5,1.719
2026-10-02T07:37Z,12133,gA,1.849
2026-10-02T07:37Z,12133,gP,1.869
2026-10-02T07:37Z,12193,gA,2.049
2026-10-02T07:37Z,12216,g95e5,1.794
2026-10-02T07:37Z,12216,gA,1.908
2026-10-02T07:37Z,12216,gP,1.998
2026-10-02T07:37Z,12216,g98e5,1.921
2026-10-02T07:37Z,12216,gB,1.669
2026-10-02T07:37Z,12241,g95e5,1.769
2026-10-02T07:37Z,12289,gA,2.009
2026-10-02T07:37Z,12318,gA,1.999
2026-10-02T07:37Z,12318,gP,2.099
2026-10-02T07:37Z,12319,g95e5,1.829
2026-10-02T07:37Z,12348,g95e5,1.739
2026-10-02T07:37Z,12357,gA,1.999
2026-10-02T07:37Z,12357,gP,2.079
2026-10-02T07:37Z,12358,g95e5,1.859
2026-10-02T07:37Z,12358,gP,2.079
2026-10-02T07:37Z,12358,g98e5,2.009
2026-10-02T07:37Z,12410,g95e5,1.929
2026-10-02T07:37Z,12410,gA,2.039
2026-10-02T07:37Z,12410,g98e5,2.119
2026-10-02T07:37Z,12442,g95e5,1.899
2026-10-02T07:37Z,12442,g98e5,1.999
2026-10-02T07:37Z,12499,g95e5,1.865
2026-10-02T07:37Z,12499,gA,2.039
2026-10-02T07:37Z,12499,gP,2.129
2026-10-02T07:37Z,12499,g98e5,2.005
2026-10-02T07:37Z,12540,g95e5,1.927
2026-10-02T07:37Z,12540,gA,2.030
2026-10-02T07:37Z,12540,gP,2.103
2026-10-02T07:37Z,12540,g98e5,2.108
2026-10-02T07:37Z,12610,g95e5,1.859
2026-10-02T07:37Z,12613,g95e5,1.979
2026-10-02T07:37Z,12615,g95e5,1.783
2026-10-02T07:37Z,12654,g95e5,1.859
2026-10-02T07:37Z,12654,gA,1.839
2026-10-02T07:37Z,12659,g95e5,1.899
2026-10-02T07:37Z,12659,gA,2.019
2026-10-02T07:37Z,12671,g95e5,1.719
2026-10-02T07:37Z,12704,g95e5,1.735
2026-10-02T07:37Z,12704,gB,1.555
2026-10-02T07:37Z,12734,g95e5,1.679
2026-10-02T07:37Z,12740,g95e5,1.715
2026-10-02T07:37Z,12740,gA,1.845
2026-10-02T07:37Z,12750,g95e5,1.719
2026-10-02T07:37Z,12756,g95e5,1.849
2026-10-02T07:37Z,12783,g95e5,1.759
2026-10-02T07:37Z,12787,g95e5,1.999
2026-10-02T07:37Z,12787,gA,2.039
2026-10-02T07:37Z,12787,gP,2.139
2026-10-02T07:37Z,12787,g98e5,2.159
2026-10-02T07:37Z,12802,g95e5,1.865
2026-10-02T07:37Z,12802,gA,2.039
2026-10-02T07:37Z,12802,gP,2.129
2026-10-02T07:37Z,12802,g98e5,2.005
2026-10-02T07:37Z,12821,g95e5,1.709
2026-10-02T07:37Z,12846,g95e5,1.855
2026-10-02T07:37Z,12870,g95e5,1.739
2026-10-02T07:37Z,12915,g95e5,1.819
2026-10-02T07:37Z,12928,g95e5,1.909
2026-10-02T07:37Z,12928,gA,1.989
2026-10-02T07:37Z,12928,gP,2.059
2026-10-02T07:37Z,12928,g98e5,2.059
2026-10-02T07:37Z,12980,gA,1.999
2026-10-02T07:37Z,12980,gP,2.099
2026-10-02T07:37Z,12981,g95e5,1.715
2026-10-02T07:37Z,13010,g95e5,1.699
2026-10-02T07:37Z,13010,gA,1.799
2026-10-02T07:37Z,13029,g95e5,1.768
2026-10-02T07:37Z,13029,gP,1.898
2026-10-02T07:37Z,13095,g95e5,1.837
2026-10-02T07:37Z,13095,gA,1.973
2026-10-02T07:37Z,13105,g95e5,1.899
2026-10-02T07:37Z,13106,gA,1.999
2026-10-02T07:37Z,13111,g95e5,1.794
2026-10-02T07:37Z,13111,gA,1.908
2026-10-02T07:37Z,13112,g95e5,1.792
2026-10-02T07:37Z,13132,gP,1.789
2026-10-02T07:37Z,13132,g95e5p,1.749
2026-10-02T07:37Z,13134,gA,1.994
2026-10-02T07:37Z,13315,g95e5,1.389
2026-10-02T07:37Z,13315,gA,1.569
2026-10-02T07:37Z,13352,g95e5,1.768
2026-10-02T07:37Z,13352,gP,1.898
2026-10-02T07:37Z,13361,gA,1.975
2026-10-02T07:37Z,13389,g95e5,1.849
2026-10-02T07:37Z,13419,gA,1.699
2026-10-02T07:37Z,13445,g95e5,1.659
2026-10-02T07:37Z,13480,g95e5,1.659
2026-10-02T07:37Z,13484,g95e5,1.698
2026-10-02T07:37Z,13490,g95e5,1.899
2026-10-02T07:37Z,13490,gA,2.029
2026-10-02T07:37Z,13503,gA,1.759
2026-10-02T07:37Z,13535,g95e5,1.719
2026-10-02T07:37Z,13538,gA,1.755
2026-10-02T07:37Z,13566,g95e5,1.937
2026-10-02T07:37Z,13566,gA,1.947
2026-10-02T07:37Z,13569,g95e5,1.848
2026-10-02T07:37Z,13577,gA,2.024
2026-10-02T07:37Z,13583,g95e5,1.739
2026-10-02T07:37Z,13606,g95e5,1.789
2026-10-02T07:37Z,13606,gA,1.799
2026-10-02T07:37Z,13606,gP,1.899
2026-10-02T07:37Z,13608,g95e5,1.759
2026-10-02T07:37Z,13608,g98e5,1.889
2026-10-02T07:37Z,13632,g95e5,1.729
2026-10-02T07:37Z,13663,gA,1.679
2026-10-02T07:37Z,13666,gA,1.999
2026-10-02T07:37Z,13667,g95e5,1.719
2026-10-02T07:37Z,13747,gA,2.015
2026-10-02T07:37Z,13753,g95e5,1.719
2026-10-02T07:37Z,13765,g95e5,1.835
2026-10-02T07:37Z,13765,gA,1.975
2026-10-02T07:37Z,13784,gA,2.015
2026-10-02T07:37Z,13788,g95e5,1.619
2026-10-02T07:37Z,13788,gA,1.699
2026-10-02T07:37Z,13801,g95e5,1.707
2026-10-02T07:37Z,13803,g95e5,1.799
2026-10-02T07:37Z,13813,g95e5,1.715
2026-10-02T07:37Z,13823,gA,1.779
2026-10-02T07:37Z,13826,gA,1.899
2026-10-02T07:37Z,13879,g95e5,1.769
2026-10-02T07:37Z,13890,gA,1.869
2026-10-02T07:37Z,13929,g95e5,1.729
2026-10-02T07:37Z,13985,gA,2.009
2026-10-02T07:37Z,13986,g95e5,1.789
2026-10-02T07:37Z,13986,gA,1.799
2026-10-02T07:37Z,13986,g95e5p,1.789
2026-10-02T07:37Z,14007,g95e5,1.739
2026-10-02T07:37Z,14014,gP,1.789
2026-10-02T07:37Z,14014,g95e5p,1.749
2026-10-02T07:37Z,14034,g95e5,1.399
2026-10-02T07:37Z,14034,gA,1.579
2026-10-02T07:37Z,14034,gP,1.669
2026-10-02T07:37Z,14034,g98e5,1.549
2026-10-02T07:37Z,14048,g95e5,1.899
2026-10-02T07:37Z,14048,g98e5,2.009
2026-10-02T07:37Z,14059,g95e5,1.739
2026-10-02T07:37Z,14059,gA,1.779
2026-10-02T07:37Z,14059,gP,1.801
2026-10-02T07:37Z,14138,g95e5,1.798
2026-10-02T07:37Z,14138,g98e5,1.948
2026-10-02T07:37Z,14138,gB,1.748
2026-10-02T07:37Z,14152,g95e5,1.605
2026-10-02T07:37Z,14152,gA,1.739
2026-10-02T07:37Z,14169,g95e5,1.959
2026-10-02T07:37Z,14169,gA,1.979
2026-10-02T07:37Z,14169,gP,2.059
2026-10-02T07:37Z,14169,g98e5,2.109
2026-10-02T07:37Z,14169,gB,1.879
2026-10-02T07:37Z,14191,g95e5,1.889
2026-10-02T07:37Z,14209,g95e5,1.899
2026-10-02T07:37Z,14209,gA,2.029
2026-10-02T07:37Z,14237,gA,1.854
2026-10-02T07:37Z,14270,g95e5,1.834
2026-10-02T07:37Z,14270,gA,2.024
2026-10-02T07:37Z,14270,gP,2.114
2026-10-02T07:37Z,14270,g95e5p,1.884
2026-10-02T07:37Z,14315,g95e5,1.749
2026-10-02T07:37Z,14315,g95e5p,1.799
2026-10-02T07:37Z,14342,g95e5,1.869
2026-10-02T07:37Z,14342,gA,2.019
2026-10-02T07:37Z,14342,gP,2.099
2026-10-02T07:37Z,14342,g98e5,2.069
2026-10-02T07:37Z,14383,g95e5,1.730
2026-10-02T07:37Z,14411,g95e5,1.909
2026-10-02T07:37Z,14411,gA,2.029
2026-10-02T07:37Z,14437,g95e5,1.709
2026-10-02T07:37Z,14449,gA,1.849
2026-10-02T07:37Z,14530,g95e5,1.805
2026-10-02T07:37Z,14530,g98e5,1.945
2026-10-02T07:37Z,14545,gA,1.909
2026-10-02T07:37Z,14589,gA,1.849
2026-10-02T07:37Z,14642,gA,1.890
2026-10-02T07:37Z,14642,gB,1.670
2026-10-02T07:37Z,14668,g95e5,1.799
2026-10-02T07:37Z,14707,gP,1.789
2026-10-02T07:37Z,14707,g95e5p,1.749
2026-10-02T07:37Z,14728,g95e5,1.699
2026-10-02T07:37Z,14737,g95e5,1.779
2026-10-02T07:37Z,14737,gA,1.779
2026-10-02T07:37Z,14737,gP,1.809
2026-10-02T07:37Z,14746,g95e5,1.849
2026-10-02T07:37Z,14746,gA,1.979
2026-10-02T07:37Z,14746,gP,2.079
2026-10-02T07:37Z,14746,g98e5,1.989
2026-10-02T07:37Z,14749,g95e5,1.799
2026-10-02T07:37Z,14749,gA,1.819
2026-10-02T07:37Z,14819,gA,2.009
2026-10-02T07:37Z,14819,gP,2.099
2026-10-02T07:37Z,14819,g98e5,1.985
2026-10-02T07:37Z,14861,g95e5,1.779
2026-10-02T07:37Z,14867,g95e5,1.779
2026-10-02T07:37Z,14907,g95e5,1.729
2026-10-02T07:37Z,14915,g95e5,1.709
2026-10-02T07:37Z,14971,gA,1.959
2026-10-02T07:37Z,14973,g95e5,1.735
2026-10-02T07:37Z,14973,gA,1.885
2026-10-02T07:37Z,14973,gP,1.905
2026-10-02T07:37Z,15060,g95e5,1.949
2026-10-02T07:37Z,15060,gA,2.029
2026-10-02T07:37Z,15060,gP,2.094
2026-10-02T07:37Z,15071,g95e5,1.868
2026-10-02T07:37Z,15071,gA,2.019
2026-10-02T07:37Z,15071,gP,2.109
2026-10-02T07:37Z,15071,g98e5,1.963
2026-10-02T07:37Z,15077,g95e5,1.739
2026-10-02T07:37Z,15077,gA,1.879
2026-10-02T07:37Z,15087,g95e5,1.819
2026-10-02T07:37Z,15087,g98e5,1.959
2026-10-02T07:37Z,15090,gA,2.039
2026-10-02T07:37Z,15121,g95e5,1.779
2026-10-02T07:37Z,15121,gA,1.799
2026-10-02T07:37Z,15121,gP,1.799
2026-10-02T07:37Z,15121,g95e5p,1.779
2026-10-02T07:37Z,15169,g95e5,1.939
2026-10-02T07:37Z,15185,gA,1.885
2026-10-02T07:37Z,15253,g95e5,1.794
2026-10-02T07:37Z,15253,gA,1.908
2026-10-02T07:37Z,15253,gP,1.998
2026-10-02T07:37Z,15253,g98e5,1.921
2026-10-02T07:37Z,15253,glp,1.199
2026-10-02T07:37Z,15268,g95e5,1.739
2026-10-02T07:37Z,15268,gA,1.849
2026-10-02T07:37Z,15281,g95e5,1.769
2026-10-02T07:37Z,15281,gA,1.819
2026-10-02T07:37Z,15281,gB,1.559
2026-10-02T07:37Z,15342,g95e5,1.680
2026-10-02T07:37Z,15394,g95e5,1.759
2026-10-02T07:37Z,15541,gA,2.014
2026-10-02T07:37Z,15541,gP,2.079
2026-10-02T07:37Z,15625,g95e5,1.729
2026-10-02T07:37Z,15689,g95e5,1.679
2026-10-02T07:37Z,15689,gB,1.559
2026-10-02T07:37Z,15739,g95e5,1.774
2026-10-02T07:37Z,15739,gA,1.939
2026-10-02T07:37Z,15739,gP,1.989
2026-10-02T07:37Z,15739,g98e5,1.929
2026-10-02T07:37Z,15753,g95e5,1.759
2026-10-02T07:37Z,15753,gA,1.895
2026-10-02T07:37Z,15753,gP,1.995
2026-10-02T07:37Z,15772,gA,1.869
2026-10-02T07:37Z,15776,g95e5,1.839
2026-10-02T07:37Z,15776,gA,1.839
2026-10-02T07:37Z,15795,g95e5,1.739
2026-10-02T07:37Z,15799,g95e5,1.849
2026-10-02T07:37Z,15799,g98e5,1.999
2026-10-02T07:37Z,15849,g95e5,1.699
2026-10-02T07:37Z,15860,g95e5,1.889
2026-10-02T07:37Z,15860,gA,2.039
2026-10-02T07:37Z,15860,g98e5,2.059
2026-10-02T07:37Z,15888,gA,1.789
2026-10-02T07:37Z,15909,g95e5,1.785
2026-10-02T07:37Z,15911,g95e5,1.794
2026-10-02T07:37Z,15911,gA,1.908
2026-10-02T07:37Z,16005,g95e5,1.739
2026-10-02T07:37Z,16097,g95e5,1.794
2026-10-02T07:37Z,16097,gA,1.909
2026-10-02T07:37Z,16142,g95e5,1.795
2026-10-02T07:37Z,16161,g95e5,1.830
2026-10-02T07:37Z,16161,gA,1.800
2026-10-02T07:37Z,16197,g95e5,1.680
2026-10-02T07:37Z,16254,g95e5,1.839
2026-10-02T07:37Z,16268,g95e5,1.739
2026-10-02T07:37Z,16288,g95e5,1.802
2026-10-02T07:37Z,16288,gA,1.918
2026-10-02T07:37Z,16288,gB,1.811
2026-10-02T07:37Z,16314,g95e5,1.729
2026-10-02T07:37Z,16314,gA,1.889
2026-10-02T07:37Z,16340,gA,1.915
2026-10-02T07:37Z,16365,g95e5,1.928
2026-10-02T07:37Z,16365,gA,1.888
2026-10-02T07:37Z,16365,gP,1.998
2026-10-02T07:37Z,16400,g95e5,1.879
2026-10-02T07:37Z,16400,gA,1.939
2026-10-02T07:37Z,16400,gP,1.999
2026-10-02T07:37Z,16400,g98e5,1.999
2026-10-02T07:37Z,16417,g95e5,1.859
2026-10-02T07:37Z,16417,gA,1.739
2026-10-02T07:37Z,16431,g95e5,1.659
