ts,id,combustible,precio
2026-09-17T01:58Z,27,g95e5,1.999
2026-09-17T01:58Z,27,gA,2.049
2026-09-17T01:58Z,27,gP,2.139
2026-09-17T01:58Z,29,g95e5,1.969
2026-09-17T01:58Z,29,gA,1.989
2026-09-17T01:58Z,29,gP,2.039
2026-09-17T01:58Z,66,gA,1.844
2026-09-17T01:58Z,66,gP,1.894
2026-09-17T01:58Z,69,g95e5,1.929
2026-09-17T01:58Z,69,gA,1.899
2026-09-17T01:58Z,69,g98e5,2.049
2026-09-17T01:58Z,72,gA,1.839
2026-09-17T01:58Z,72,gP,1.889
2026-09-17T01:58Z,76,g95e5,1.829
2026-09-17T01:58Z,76,gA,1.819
2026-09-17T01:58Z,76,gP,1.869
2026-09-17T01:58Z,76,g95e5p,1.879
2026-09-17T01:58Z,219,gA,1.949
2026-09-17T01:58Z,219,gP,1.999
2026-09-17T01:58Z,220,gA,1.949
2026-09-17T01:58Z,220,gP,1.999
2026-09-17T01:58Z,308,gA,1.829
2026-09-17T01:58Z,308,gP,1.879
2026-09-17T01:58Z,361,g95e5,1.939
2026-09-17T01:58Z,361,gA,1.919
2026-09-17T01:58Z,361,gP,1.969
2026-09-17T01:58Z,361,g95e5p,1.989
2026-09-17T01:58Z,363,g95e5,1.959
2026-09-17T01:58Z,363,gA,1.969
2026-09-17T01:58Z,363,gP,2.059
2026-09-17T01:58Z,363,g95e5p,2.009
2026-09-17T01:58Z,365,g95e5,1.829
2026-09-17T01:58Z,365,gA,1.869
2026-09-17T01:58Z,365,gP,1.919
2026-09-17T01:58Z,366,g95e5,1.929
2026-09-17T01:58Z,366,gA,1.969
2026-09-17T01:58Z,366,gP,2.019
2026-09-17T01:58Z,366,g95e5p,1.979
2026-09-17T01:58Z,409,gB,1.819
2026-09-17T01:58Z,436,g95e5,1.979
2026-09-17T01:58Z,436,gA,1.969
2026-09-17T01:58Z,436,gP,2.019
2026-09-17T01:58Z,436,g95e5p,2.029
2026-09-17T01:58Z,437,g95e5,1.978
2026-09-17T01:58Z,437,gA,1.898
2026-09-17T01:58Z,437,gP,1.964
2026-09-17T01:58Z,437,g98e5,2.087
2026-09-17T01:58Z,520,g95e5,2.009
2026-09-17T01:58Z,520,gA,2.019
2026-09-17T01:58Z,520,gP,2.069
2026-09-17T01:58Z,520,g95e5p,2.059
2026-09-17T01:58Z,525,g95e5,1.989
2026-09-17T01:58Z,525,gA,1.999
2026-09-17T01:58Z,525,gP,2.099
2026-09-17T01:58Z,525,g98e5,2.149
2026-09-17T01:58Z,525,gB,1.929
2026-09-17T01:58Z,543,gA,2.049
2026-09-17T01:58Z,543,gP,2.099
2026-09-17T01:58Z,543,gB,1.799
2026-09-17T01:58Z,579,g95e5,1.819
2026-09-17T01:58Z,579,gA,1.799
2026-09-17T01:58Z,579,gP,1.809
2026-09-17T01:58Z,591,gA,1.999
2026-09-17T01:58Z,652,g95e5,1.999
2026-09-17T01:58Z,652,gA,1.999
2026-09-17T01:58Z,652,gP,2.089
2026-09-17T01:58Z,652,g95e5p,2.049
2026-09-17T01:58Z,661,g95e5,2.029
2026-09-17T01:58Z,661,gA,1.999
2026-09-17T01:58Z,661,gP,2.049
2026-09-17T01:58Z,661,g95e5p,2.079
2026-09-17T01:58Z,675,g95e5,1.859
2026-09-17T01:58Z,675,gA,1.829
2026-09-17T01:58Z,675,gP,1.879
2026-09-17T01:58Z,675,g95e5p,1.909
2026-09-17T01:58Z,684,gA,1.979
2026-09-17T01:58Z,684,gP,2.029
2026-09-17T01:58Z,690,gA,2.019
2026-09-17T01:58Z,690,gP,2.079
2026-09-17T01:58Z,831,g95e5,2.004
2026-09-17T01:58Z,831,g95e5p,2.054
2026-09-17T01:58Z,946,gA,2.039
2026-09-17T01:58Z,946,gB,1.689
2026-09-17T01:58Z,947,g95e5,1.959
2026-09-17T01:58Z,947,gA,1.999
2026-09-17T01:58Z,947,gP,2.049
2026-09-17T01:58Z,947,g98e5,2.099
2026-09-17T01:58Z,948,gA,2.059
2026-09-17T01:58Z,948,gP,2.109
2026-09-17T01:58Z,948,gB,1.769
2026-09-17T01:58Z,950,gA,2.009
2026-09-17T01:58Z,950,gP,2.059
2026-09-17T01:58Z,950,gB,1.789
2026-09-17T01:58Z,952,gA,2.039
2026-09-17T01:58Z,952,gP,2.089
2026-09-17T01:58Z,953,gP,2.059
2026-09-17T01:58Z,954,gA,2.049
2026-09-17T01:58Z,954,gP,2.099
2026-09-17T01:58Z,955,g95e5,1.999
2026-09-17T01:58Z,955,gA,1.989
2026-09-17T01:58Z,955,gP,2.089
2026-09-17T01:58Z,955,g98e5,2.159
2026-09-17T01:58Z,955,gB,1.759
2026-09-17T01:58Z,963,gA,2.039
2026-09-17T01:58Z,963,gP,2.134
2026-09-17T01:58Z,963,g95e5p,2.089
2026-09-17T01:58Z,963,g95e10,2.039
2026-09-17T01:58Z,1029,gA,1.774
2026-09-17T01:58Z,1059,g95e5,1.829
2026-09-17T01:58Z,1059,gA,1.799
2026-09-17T01:58Z,1059,gP,1.809
2026-09-17T01:58Z,1068,gA,1.779
2026-09-17T01:58Z,1068,gP,1.799
2026-09-17T01:58Z,1109,g95e5,1.839
2026-09-17T01:58Z,1109,gA,1.798
2026-09-17T01:58Z,1109,gP,1.808
2026-09-17T01:58Z,1213,g95e5,2.049
2026-09-17T01:58Z,1213,gA,2.049
2026-09-17T01:58Z,1213,gP,2.139
2026-09-17T01:58Z,1354,g95e5,1.979
2026-09-17T01:58Z,1354,gA,1.939
2026-09-17T01:58Z,1354,gP,2.029
2026-09-17T01:58Z,1354,g98e5,2.109
2026-09-17T01:58Z,1355,g95e5,1.979
2026-09-17T01:58Z,1355,gA,1.939
2026-09-17T01:58Z,1355,gP,2.029
2026-09-17T01:58Z,1355,g98e5,2.109
2026-09-17T01:58Z,1377,gA,2.015
2026-09-17T01:58Z,1438,g95e5,1.969
2026-09-17T01:58Z,1438,gA,1.969
2026-09-17T01:58Z,1438,gP,2.029
2026-09-17T01:58Z,1438,g98e5,2.069
2026-09-17T01:58Z,1441,g95e5,1.969
2026-09-17T01:58Z,1441,gA,1.969
2026-09-17T01:58Z,1441,gP,2.029
2026-09-17T01:58Z,1441,g95e5p,2.049
2026-09-17T01:58Z,1442,gA,1.949
2026-09-17T01:58Z,1442,gP,2.009
2026-09-17T01:58Z,1458,g95e5,2.009
2026-09-17T01:58Z,1458,gA,1.969
2026-09-17T01:58Z,1458,gP,2.059
2026-09-17T01:58Z,1494,g95e5,1.809
2026-09-17T01:58Z,1494,gA,1.799
2026-09-17T01:58Z,1494,gP,1.809
2026-09-17T01:58Z,1494,g95e5p,1.819
2026-09-17T01:58Z,1635,gA,1.789
2026-09-17T01:58Z,1636,gB,1.824
2026-09-17T01:58Z,1639,gA,1.999
2026-09-17T01:58Z,1639,gP,2.049
2026-09-17T01:58Z,1692,gA,1.779
2026-09-17T01:58Z,1942,gA,1.939
2026-09-17T01:58Z,1987,g95e5,2.009
2026-09-17T01:58Z,1987,gA,1.969
2026-09-17T01:58Z,1987,gP,2.059
2026-09-17T01:58Z,1988,gA,1.934
2026-09-17T01:58Z,1988,gP,1.984
2026-09-17T01:58Z,2066,gA,1.829
2026-09-17T01:58Z,2066,gP,1.879
2026-09-17T01:58Z,2078,gA,1.999
2026-09-17T01:58Z,2078,gP,2.049
2026-09-17T01:58Z,2131,g95e5,2.039
2026-09-17T01:58Z,2131,gA,1.999
2026-09-17T01:58Z,2131,g98e5,2.179
2026-09-17T01:58Z,2131,g95e5p,2.089
2026-09-17T01:58Z,2131,gB,1.909
2026-09-17T01:58Z,2265,gA,1.819
2026-09-17T01:58Z,2265,gP,1.869
2026-09-17T01:58Z,2297,g95e5,1.789
2026-09-17T01:58Z,2297,gA,1.799
2026-09-17T01:58Z,2297,gP,1.809
2026-09-17T01:58Z,2297,g95e5p,1.799
2026-09-17T01:58Z,2747,g95e5,1.524
2026-09-17T01:58Z,2747,gA,1.507
2026-09-17T01:58Z,2747,gP,1.567
2026-09-17T01:58Z,2790,g95e5,1.779
2026-09-17T01:58Z,2790,gA,1.799
2026-09-17T01:58Z,2870,g95e5,1.789
2026-09-17T01:58Z,2870,gA,1.809
2026-09-17T01:58Z,2870,gP,1.819
2026-09-17T01:58Z,2870,g95e5p,1.799
2026-09-17T01:58Z,2922,gA,1.849
2026-09-17T01:58Z,2922,gP,1.899
2026-09-17T01:58Z,2926,g95e5,1.929
2026-09-17T01:58Z,2926,gA,1.949
2026-09-17T01:58Z,2926,gP,1.999
2026-09-17T01:58Z,2926,g95e5p,1.979
2026-09-17T01:58Z,2927,gA,1.934
2026-09-17T01:58Z,2927,gP,1.984
2026-09-17T01:58Z,2929,g95e5,1.899
2026-09-17T01:58Z,2929,gA,1.899
2026-09-17T01:58Z,2929,gP,1.949
2026-09-17T01:58Z,2929,g98e5,2.039
2026-09-17T01:58Z,2933,g95e5,1.799
2026-09-17T01:58Z,2933,gA,1.809
2026-09-17T01:58Z,2933,gP,1.819
2026-09-17T01:58Z,2933,g95e5p,1.809
2026-09-17T01:58Z,2934,g95e5,1.799
2026-09-17T01:58Z,2934,gA,1.809
2026-09-17T01:58Z,2934,gP,1.819
2026-09-17T01:58Z,2934,g95e5p,1.809
2026-09-17T01:58Z,2995,gA,1.874
2026-09-17T01:58Z,2995,gP,1.924
2026-09-17T01:58Z,3016,gA,1.949
2026-09-17T01:58Z,3016,gP,2.039
2026-09-17T01:58Z,3018,gA,1.999
2026-09-17T01:58Z,3018,gP,2.049
2026-09-17T01:58Z,3024,g95e5,1.774
2026-09-17T01:58Z,3024,gA,1.779
2026-09-17T01:58Z,3031,gA,2.019
2026-09-17T01:58Z,3031,gP,2.069
2026-09-17T01:58Z,3061,g95e5,1.959
2026-09-17T01:58Z,3061,gA,1.939
2026-09-17T01:58Z,3061,gP,1.989
2026-09-17T01:58Z,3061,g98e5,2.069
2026-09-17T01:58Z,3065,g95e5,1.979
2026-09-17T01:58Z,3065,gA,1.999
2026-09-17T01:58Z,3065,gP,2.049
2026-09-17T01:58Z,3065,g95e5p,2.029
2026-09-17T01:58Z,3067,g95e5,1.889
2026-09-17T01:58Z,3067,g95e5p,1.939
2026-09-17T01:58Z,3069,gA,1.849
2026-09-17T01:58Z,3069,gP,1.899
2026-09-17T01:58Z,3074,g95e5,1.999
2026-09-17T01:58Z,3074,gA,2.009
2026-09-17T01:58Z,3074,gP,2.059
2026-09-17T01:58Z,3074,g98e5,2.139
2026-09-17T01:58Z,3091,g95e5,1.929
2026-09-17T01:58Z,3091,gA,1.909
2026-09-17T01:58Z,3091,gP,1.959
2026-09-17T01:58Z,3091,g95e5p,1.979
2026-09-17T01:58Z,3127,g95e5,2.039
2026-09-17T01:58Z,3127,gA,2.009
2026-09-17T01:58Z,3127,gP,2.059
2026-09-17T01:58Z,3127,g95e5p,2.089
2026-09-17T01:58Z,3147,gA,1.979
2026-09-17T01:58Z,3147,gP,2.029
2026-09-17T01:58Z,3216,g95e5,1.799
2026-09-17T01:58Z,3216,gA,1.809
2026-09-17T01:58Z,3304,g95e5,1.999
2026-09-17T01:58Z,3304,gA,1.989
2026-09-17T01:58Z,3304,gP,2.039
2026-09-17T01:58Z,3304,g98e5,2.119
2026-09-17T01:58Z,3371,g95e5,1.919
2026-09-17T01:58Z,3371,gA,1.909
2026-09-17T01:58Z,3372,gB,1.779
2026-09-17T01:58Z,3429,g95e5,1.949
2026-09-17T01:58Z,3429,g98e5,2.099
2026-09-17T01:58Z,3430,g95e5,1.949
2026-09-17T01:58Z,3430,g98e5,2.099
2026-09-17T01:58Z,3488,gA,1.929
2026-09-17T01:58Z,3488,gP,1.979
2026-09-17T01:58Z,3496,gA,1.869
2026-09-17T01:58Z,3496,gP,1.959
2026-09-17T01:58Z,3498,g95e5,1.934
2026-09-17T01:58Z,3498,gA,1.964
2026-09-17T01:58Z,3499,g95e5,1.984
2026-09-17T01:58Z,3499,gA,2.014
2026-09-17T01:58Z,3499,gP,2.064
2026-09-17T01:58Z,3499,gB,1.729
2026-09-17T01:58Z,3502,gA,2.029
2026-09-17T01:58Z,3502,gP,2.079
2026-09-17T01:58Z,3537,g95e5,1.939
2026-09-17T01:58Z,3537,gA,1.979
2026-09-17T01:58Z,3537,gP,2.029
2026-09-17T01:58Z,3537,gB,1.654
2026-09-17T01:58Z,3713,gA,1.809
2026-09-17T01:58Z,3718,g95e5,2.079
2026-09-17T01:58Z,3718,gA,2.009
2026-09-17T01:58Z,3718,gP,2.099
2026-09-17T01:58Z,3725,gA,1.889
2026-09-17T01:58Z,3725,gP,1.979
2026-09-17T01:58Z,3728,g95e5,1.889
2026-09-17T01:58Z,3728,gA,1.889
2026-09-17T01:58Z,3728,gP,1.939
2026-09-17T01:58Z,3728,g98e5,2.049
2026-09-17T01:58Z,3733,g95e5,1.949
2026-09-17T01:58Z,3733,g98e5,2.099
2026-09-17T01:58Z,3734,g95e5,1.949
2026-09-17T01:58Z,3734,g98e5,2.129
2026-09-17T01:58Z,3735,gA,1.999
2026-09-17T01:58Z,3735,gP,2.089
2026-09-17T01:58Z,3743,gA,1.999
2026-09-17T01:58Z,3743,gP,2.089
2026-09-17T01:58Z,3747,g95e5,2.079
2026-09-17T01:58Z,3747,gA,2.009
2026-09-17T01:58Z,3747,gP,2.099
2026-09-17T01:58Z,3768,g95e5,1.999
2026-09-17T01:58Z,3768,gA,1.929
2026-09-17T01:58Z,3768,gP,1.979
2026-09-17T01:58Z,3768,g95e5p,2.049
2026-09-17T01:58Z,3769,gA,1.819
2026-09-17T01:58Z,3819,g95e5,1.959
2026-09-17T01:58Z,3819,gA,1.899
2026-09-17T01:58Z,3819,g98e5,2.079
2026-09-17T01:58Z,3870,g95e5,1.974
2026-09-17T01:58Z,3870,gA,1.904
2026-09-17T01:58Z,3870,gP,1.954
2026-09-17T01:58Z,3870,g98e5,2.114
2026-09-17T01:58Z,3967,gA,1.959
2026-09-17T01:58Z,3967,gP,2.009
2026-09-17T01:58Z,3968,gA,1.959
2026-09-17T01:58Z,3968,gP,2.009
2026-09-17T01:58Z,3987,gA,1.829
2026-09-17T01:58Z,3988,g95e5,1.979
2026-09-17T01:58Z,3988,gB,1.654
2026-09-17T01:58Z,3993,gA,1.974
2026-09-17T01:58Z,3993,gP,2.064
2026-09-17T01:58Z,3993,g98e5,2.129
2026-09-17T01:58Z,3993,g95e5p,2.039
2026-09-17T01:58Z,4005,g95e5,2.064
2026-09-17T01:58Z,4005,g98e5,2.194
2026-09-17T01:58Z,4009,gA,1.849
2026-09-17T01:58Z,4009,gP,1.899
2026-09-17T01:58Z,4120,g95e5,1.959
2026-09-17T01:58Z,4120,gA,1.899
2026-09-17T01:58Z,4120,gP,1.949
2026-09-17T01:58Z,4120,g95e5p,2.009
2026-09-17T01:58Z,4123,g95e5,1.959
2026-09-17T01:58Z,4123,gA,1.899
2026-09-17T01:58Z,4123,g98e5,2.099
2026-09-17T01:58Z,4128,gA,1.784
2026-09-17T01:58Z,4129,g95e5,1.939
2026-09-17T01:58Z,4129,gA,1.909
2026-09-17T01:58Z,4129,gP,1.959
2026-09-17T01:58Z,4129,g98e5,2.099
2026-09-17T01:58Z,4184,g95e5,1.819
2026-09-17T01:58Z,4184,gA,1.804
2026-09-17T01:58Z,4281,g95e5,2.009
2026-09-17T01:58Z,4281,gA,1.999
2026-09-17T01:58Z,4281,gP,2.104
2026-09-17T01:58Z,4295,g95e5,1.939
2026-09-17T01:58Z,4295,gA,1.929
2026-09-17T01:58Z,4295,gP,1.979
2026-09-17T01:58Z,4295,g95e5p,1.989
2026-09-17T01:58Z,4310,g95e5,1.949
2026-09-17T01:58Z,4310,gA,1.959
2026-09-17T01:58Z,4310,gP,2.009
2026-09-17T01:58Z,4310,g98e5,2.039
2026-09-17T01:58Z,4374,g95e5,1.779
2026-09-17T01:58Z,4374,gA,1.799
2026-09-17T01:58Z,4374,gP,1.809
2026-09-17T01:58Z,4406,gA,1.999
2026-09-17T01:58Z,4414,g95e5,1.779
2026-09-17T01:58Z,4414,gA,1.799
2026-09-17T01:58Z,4414,gP,1.809
2026-09-17T01:58Z,4443,g95e5,2.049
2026-09-17T01:58Z,4443,gA,2.035
2026-09-17T01:58Z,4444,g95e5,1.819
2026-09-17T01:58Z,4444,gA,1.799
2026-09-17T01:58Z,4444,gP,1.809
2026-09-17T01:58Z,4444,g95e5p,1.829
2026-09-17T01:58Z,4476,g95e5,1.989
2026-09-17T01:58Z,4476,gA,1.999
2026-09-17T01:58Z,4476,gP,2.049
2026-09-17T01:58Z,4476,g95e5p,2.039
2026-09-17T01:58Z,4476,gB,1.939
2026-09-17T01:58Z,4656,g95e5,2.009
2026-09-17T01:58Z,4656,gA,1.979
2026-09-17T01:58Z,4656,gP,2.029
2026-09-17T01:58Z,4656,g95e5p,2.059
2026-09-17T01:58Z,4657,g95e5,2.009
2026-09-17T01:58Z,4657,gA,1.989
2026-09-17T01:58Z,4657,gP,2.039
2026-09-17T01:58Z,4657,g95e5p,2.059
2026-09-17T01:58Z,4662,gA,1.989
2026-09-17T01:58Z,4662,gP,2.039
2026-09-17T01:58Z,4667,g95e5,1.999
2026-09-17T01:58Z,4667,gA,2.009
2026-09-17T01:58Z,4667,gP,2.059
2026-09-17T01:58Z,4667,g98e5,2.139
2026-09-17T01:58Z,4668,g95e5,1.999
2026-09-17T01:58Z,4668,gA,2.009
2026-09-17T01:58Z,4668,gP,2.059
2026-09-17T01:58Z,4668,g98e5,2.139
2026-09-17T01:58Z,4669,g95e5,2.019
2026-09-17T01:58Z,4669,gA,1.989
2026-09-17T01:58Z,4669,gP,2.039
2026-09-17T01:58Z,4669,g98e5,2.139
2026-09-17T01:58Z,4684,g95e5,2.029
2026-09-17T01:58Z,4684,gA,2.019
2026-09-17T01:58Z,4684,gP,2.069
2026-09-17T01:58Z,4684,g95e5p,2.079
2026-09-17T01:58Z,4696,g95e5,2.029
2026-09-17T01:58Z,4696,gA,2.009
2026-09-17T01:58Z,4696,gP,2.059
2026-09-17T01:58Z,4698,gA,1.884
2026-09-17T01:58Z,4700,gA,1.934
2026-09-17T01:58Z,4700,gP,1.984
2026-09-17T01:58Z,4701,g95e5,1.989
2026-09-17T01:58Z,4701,gA,1.984
2026-09-17T01:58Z,4701,gP,2.034
2026-09-17T01:58Z,4701,g95e5p,2.039
2026-09-17T01:58Z,4702,gA,2.009
2026-09-17T01:58Z,4702,gP,2.059
2026-09-17T01:58Z,4703,gA,2.009
2026-09-17T01:58Z,4703,gP,2.059
2026-09-17T01:58Z,4761,g95e5,1.919
2026-09-17T01:58Z,4761,gA,1.919
2026-09-17T01:58Z,4761,gP,1.969
2026-09-17T01:58Z,4761,g95e5p,1.969
2026-09-17T01:58Z,4762,g95e5,2.069
2026-09-17T01:58Z,4762,gA,2.029
2026-09-17T01:58Z,4762,gP,2.144
2026-09-17T01:58Z,4798,g95e5,1.789
2026-09-17T01:58Z,4798,gA,1.799
2026-09-17T01:58Z,4798,gP,1.809
2026-09-17T01:58Z,4798,g95e5p,1.799
2026-09-17T01:58Z,4819,gA,1.989
2026-09-17T01:58Z,4819,gP,2.079
2026-09-17T01:58Z,4844,g95e5,1.989
2026-09-17T01:58Z,4844,gA,1.999
2026-09-17T01:58Z,4844,gP,2.059
2026-09-17T01:58Z,4844,g95e5p,2.029
2026-09-17T01:58Z,4862,g95e5,1.999
2026-09-17T01:58Z,4862,gA,1.999
2026-09-17T01:58Z,4862,gP,2.099
2026-09-17T01:58Z,4862,g98e5,2.129
2026-09-17T01:58Z,4862,g95e5p,2.059
2026-09-17T01:58Z,4872,g95e5,1.789
2026-09-17T01:58Z,4872,gA,1.799
2026-09-17T01:58Z,4872,gP,1.809
2026-09-17T01:58Z,4872,g95e5p,1.799
2026-09-17T01:58Z,4881,g95e5,2.014
2026-09-17T01:58Z,4881,g98e5,2.144
2026-09-17T01:58Z,4882,g95e5,2.079
2026-09-17T01:58Z,4882,gA,2.069
2026-09-17T01:58Z,4882,gP,2.144
2026-09-17T01:58Z,4882,g98e5,2.179
2026-09-17T01:58Z,4883,g95e5,1.839
2026-09-17T01:58Z,4883,gA,1.859
2026-09-17T01:58Z,4883,gP,1.909
2026-09-17T01:58Z,4883,g95e5p,1.869
2026-09-17T01:58Z,4885,g95e5,1.789
2026-09-17T01:58Z,4885,gA,1.799
2026-09-17T01:58Z,4885,gP,1.809
2026-09-17T01:58Z,4885,g95e5p,1.799
2026-09-17T01:58Z,4891,g95e5,2.029
2026-09-17T01:58Z,4891,gA,2.049
2026-09-17T01:58Z,4891,gP,2.139
2026-09-17T01:58Z,5036,gA,1.929
2026-09-17T01:58Z,5036,gP,2.019
2026-09-17T01:58Z,5074,gA,1.994
2026-09-17T01:58Z,5074,gP,2.084
2026-09-17T01:58Z,5164,g95e5,2.019
2026-09-17T01:58Z,5164,gA,2.029
2026-09-17T01:58Z,5164,gB,1.859
2026-09-17T01:58Z,5223,gA,2.049
2026-09-17T01:58Z,5322,gA,1.984
2026-09-17T01:58Z,5322,gP,2.034
2026-09-17T01:58Z,5448,g95e5,2.029
2026-09-17T01:58Z,5448,gA,1.999
2026-09-17T01:58Z,5448,gP,2.099
2026-09-17T01:58Z,5501,gA,2.019
2026-09-17T01:58Z,5501,gP,2.069
2026-09-17T01:58Z,5537,gA,2.019
2026-09-17T01:58Z,5537,gP,2.069
2026-09-17T01:58Z,5556,gA,2.019
2026-09-17T01:58Z,5556,gP,2.069
2026-09-17T01:58Z,5559,gA,2.009
2026-09-17T01:58Z,5559,gP,2.059
2026-09-17T01:58Z,5561,g95e5,1.809
2026-09-17T01:58Z,5561,gA,1.809
2026-09-17T01:58Z,5614,gA,1.959
2026-09-17T01:58Z,5614,gP,2.049
2026-09-17T01:58Z,5709,g95e5,1.849
2026-09-17T01:58Z,5709,gA,1.799
2026-09-17T01:58Z,5709,gP,1.809
2026-09-17T01:58Z,5803,g95e5,1.949
2026-09-17T01:58Z,5803,gA,1.999
2026-09-17T01:58Z,5803,gP,2.089
2026-09-17T01:58Z,6086,g95e5,1.939
2026-09-17T01:58Z,6086,gA,1.949
2026-09-17T01:58Z,6086,gP,1.999
2026-09-17T01:58Z,6086,g95e5p,1.989
2026-09-17T01:58Z,6090,g95e5,2.029
2026-09-17T01:58Z,6090,gA,1.989
2026-09-17T01:58Z,6090,gP,2.079
2026-09-17T01:58Z,6090,g98e5,2.169
2026-09-17T01:58Z,6091,gA,1.774
2026-09-17T01:58Z,6102,g95e5,2.029
2026-09-17T01:58Z,6102,gA,2.039
2026-09-17T01:58Z,6102,gP,2.129
2026-09-17T01:58Z,6102,g95e5p,2.069
2026-09-17T01:58Z,6134,g95e5,2.049
2026-09-17T01:58Z,6134,gA,2.059
2026-09-17T01:58Z,6134,gP,2.139
2026-09-17T01:58Z,6166,gA,2.009
2026-09-17T01:58Z,6166,gP,2.059
2026-09-17T01:58Z,6293,g95e5,1.939
2026-09-17T01:58Z,6293,gA,1.949
2026-09-17T01:58Z,6293,gP,1.999
2026-09-17T01:58Z,6293,g98e5,2.049
2026-09-17T01:58Z,6323,g95e5,2.029
2026-09-17T01:58Z,6323,gA,2.019
2026-09-17T01:58Z,6323,gP,2.069
2026-09-17T01:58Z,6325,gA,2.019
2026-09-17T01:58Z,6325,gP,2.069
2026-09-17T01:58Z,6357,gA,2.020
2026-09-17T01:58Z,6357,g98e5,2.218
2026-09-17T01:58Z,6357,glp,1.172
2026-09-17T01:58Z,6357,gB,1.914
2026-09-17T01:58Z,6418,g95e5,1.795
2026-09-17T01:58Z,6418,gA,1.795
2026-09-17T01:58Z,6418,gP,1.805
2026-09-17T01:58Z,6418,g95e5p,1.805
2026-09-17T01:58Z,6422,g95e5,2.039
2026-09-17T01:58Z,6422,gA,2.019
2026-09-17T01:58Z,6471,gA,1.989
2026-09-17T01:58Z,6471,gP,2.039
2026-09-17T01:58Z,6567,g95e5,2.009
2026-09-17T01:58Z,6567,gA,1.989
2026-09-17T01:58Z,6567,gP,2.079
2026-09-17T01:58Z,6567,g98e5,2.149
2026-09-17T01:58Z,6631,g95e5,1.769
2026-09-17T01:58Z,6631,gA,1.799
2026-09-17T01:58Z,6631,gP,1.809
2026-09-17T01:58Z,6631,g95e5p,1.779
2026-09-17T01:58Z,6671,g95e5,2.019
2026-09-17T01:58Z,6671,gA,2.039
2026-09-17T01:58Z,6740,g95e5,2.019
2026-09-17T01:58Z,6740,gA,1.979
2026-09-17T01:58Z,6740,gP,2.029
2026-09-17T01:58Z,6740,g98e5,2.159
2026-09-17T01:58Z,6775,g95e5,1.979
2026-09-17T01:58Z,6775,gA,2.009
2026-09-17T01:58Z,6775,gP,2.089
2026-09-17T01:58Z,6775,g95e5p,2.039
2026-09-17T01:58Z,6775,gB,1.729
2026-09-17T01:58Z,6816,g95e5,2.045
2026-09-17T01:58Z,6816,gA,2.005
2026-09-17T01:58Z,6816,gP,2.055
2026-09-17T01:58Z,6816,g98e5,2.195
2026-09-17T01:58Z,6906,gA,1.999
2026-09-17T01:58Z,6906,gP,2.099
2026-09-17T01:58Z,6906,gB,1.899
2026-09-17T01:58Z,6987,g95e5,2.019
2026-09-17T01:58Z,6987,gA,2.019
2026-09-17T01:58Z,6987,gP,2.069
2026-09-17T01:58Z,6987,g95e5p,2.069
2026-09-17T01:58Z,6997,gA,1.834
2026-09-17T01:58Z,6997,gP,1.884
2026-09-17T01:58Z,7011,gA,1.864
2026-09-17T01:58Z,7011,gP,1.914
2026-09-17T01:58Z,7058,gA,1.789
2026-09-17T01:58Z,7063,gA,1.889
2026-09-17T01:58Z,7063,gP,1.939
2026-09-17T01:58Z,7065,gA,1.864
2026-09-17T01:58Z,7065,gP,1.914
2026-09-17T01:58Z,7068,gA,2.014
2026-09-17T01:58Z,7068,gP,2.104
2026-09-17T01:58Z,7071,gA,1.999
2026-09-17T01:58Z,7071,gP,2.049
2026-09-17T01:58Z,7071,g98e5,2.069
2026-09-17T01:58Z,7071,g95e5p,2.069
2026-09-17T01:58Z,7191,g95e5,1.974
2026-09-17T01:58Z,7191,gA,1.929
2026-09-17T01:58Z,7191,gP,1.979
2026-09-17T01:58Z,7191,g95e5p,2.024
2026-09-17T01:58Z,7453,g95e5,2.009
2026-09-17T01:58Z,7453,g98e5,2.149
2026-09-17T01:58Z,7467,gA,1.869
2026-09-17T01:58Z,7467,gP,1.919
2026-09-17T01:58Z,7470,gA,1.814
2026-09-17T01:58Z,7528,g95e5,2.039
2026-09-17T01:58Z,7528,gA,2.079
2026-09-17T01:58Z,7528,gP,2.129
2026-09-17T01:58Z,7528,g98e5,2.199
2026-09-17T01:58Z,7594,gA,1.949
2026-09-17T01:58Z,7594,gP,1.999
2026-09-17T01:58Z,7608,gA,1.949
2026-09-17T01:58Z,7608,gP,1.999
2026-09-17T01:58Z,7612,gA,1.949
2026-09-17T01:58Z,7612,gP,1.999
2026-09-17T01:58Z,7797,g95e5,1.489
2026-09-17T01:58Z,7797,gA,1.639
2026-09-17T01:58Z,7797,gP,1.759
2026-09-17T01:58Z,7797,g98e5,1.619
2026-09-17T01:58Z,7960,g95e5,2.059
2026-09-17T01:58Z,7960,gA,2.049
2026-09-17T01:58Z,7960,gP,2.129
2026-09-17T01:58Z,7960,g98e5,2.159
2026-09-17T01:58Z,8155,gA,1.869
2026-09-17T01:58Z,8155,gP,1.919
2026-09-17T01:58Z,8294,gA,2.009
2026-09-17T01:58Z,8294,gP,2.059
2026-09-17T01:58Z,8304,gA,1.964
2026-09-17T01:58Z,8304,gP,2.054
2026-09-17T01:58Z,8305,gA,1.964
2026-09-17T01:58Z,8305,gP,2.054
2026-09-17T01:58Z,8892,g95e5,1.829
2026-09-17T01:58Z,8892,gA,1.809
2026-09-17T01:58Z,8892,gP,1.819
2026-09-17T01:58Z,8892,g95e5p,1.839
2026-09-17T01:58Z,9004,g95e5,1.967
2026-09-17T01:58Z,9004,gA,1.949
2026-09-17T01:58Z,9004,g98e5,2.117
2026-09-17T01:58Z,9102,gA,1.979
2026-09-17T01:58Z,9102,gP,2.029
2026-09-17T01:58Z,9299,g95e5,2.029
2026-09-17T01:58Z,9299,gA,1.999
2026-09-17T01:58Z,9299,gP,2.099
2026-09-17T01:58Z,9520,g95e5,2.039
2026-09-17T01:58Z,9520,gA,1.949
2026-09-17T01:58Z,9520,gP,2.039
2026-09-17T01:58Z,9915,g95e5,2.039
2026-09-17T01:58Z,9915,gA,1.949
2026-09-17T01:58Z,9915,gP,2.039
2026-09-17T01:58Z,10556,g95e5,2.019
2026-09-17T01:58Z,10556,gA,1.989
2026-09-17T01:58Z,10556,gP,2.039
2026-09-17T01:58Z,10556,g95e5p,2.069
2026-09-17T01:58Z,10556,gB,1.634
2026-09-17T01:58Z,10647,g95e5,1.954
2026-09-17T01:58Z,10647,gA,1.964
2026-09-17T01:58Z,10647,gP,2.014
2026-09-17T01:58Z,10647,g98e5,2.094
2026-09-17T01:58Z,10750,g95e5,2.039
2026-09-17T01:58Z,10750,gA,1.969
2026-09-17T01:58Z,10750,gP,2.049
2026-09-17T01:58Z,10750,g98e5,2.179
2026-09-17T01:58Z,10823,g95e5,1.999
2026-09-17T01:58Z,10823,gA,2.049
2026-09-17T01:58Z,10823,gP,2.139
2026-09-17T01:58Z,10823,gB,1.664
2026-09-17T01:58Z,10858,g95e5,1.829
2026-09-17T01:58Z,10858,gA,1.809
2026-09-17T01:58Z,10858,gP,1.819
2026-09-17T01:58Z,11228,g95e5,2.019
2026-09-17T01:58Z,11228,gA,2.039
2026-09-17T01:58Z,11228,gP,2.089
2026-09-17T01:58Z,11228,g95e5p,2.069
2026-09-17T01:58Z,11305,gA,1.979
2026-09-17T01:58Z,11305,gP,2.069
2026-09-17T01:58Z,11306,gA,1.979
2026-09-17T01:58Z,11306,gP,2.069
2026-09-17T01:58Z,11327,g95e5,1.979
2026-09-17T01:58Z,11327,gA,1.989
2026-09-17T01:58Z,11327,gP,2.039
2026-09-17T01:58Z,11327,g95e5p,2.029
2026-09-17T01:58Z,11330,gA,1.789
2026-09-17T01:58Z,11331,gA,1.914
2026-09-17T01:58Z,11331,gP,1.964
2026-09-17T01:58Z,11337,g95e5,1.979
2026-09-17T01:58Z,11337,gA,1.889
2026-09-17T01:58Z,11337,gP,1.939
2026-09-17T01:58Z,11337,g95e5p,2.029
2026-09-17T01:58Z,11553,gA,1.969
2026-09-17T01:58Z,11553,gP,2.019
2026-09-17T01:58Z,11595,gA,1.819
2026-09-17T01:58Z,11595,gP,1.869
2026-09-17T01:58Z,11761,g95e5,1.959
2026-09-17T01:58Z,11761,g95e5p,2.009
2026-09-17T01:58Z,11866,g95e5,1.779
2026-09-17T01:58Z,11866,gA,1.799
2026-09-17T01:58Z,11866,gP,1.809
2026-09-17T01:58Z,11890,g95e5,2.034
2026-09-17T01:58Z,11890,gA,1.974
2026-09-17T01:58Z,11890,gP,2.064
2026-09-17T01:58Z,11890,g98e5,2.174
2026-09-17T01:58Z,11971,g95e5,2.099
2026-09-17T01:58Z,11971,gA,2.029
2026-09-17T01:58Z,11971,g98e5,2.219
2026-09-17T01:58Z,12035,g95e5,1.779
2026-09-17T01:58Z,12035,gA,1.809
2026-09-17T01:58Z,12035,gP,1.819
2026-09-17T01:58Z,12035,g95e5p,1.789
2026-09-17T01:58Z,12092,g95e5,1.779
2026-09-17T01:58Z,12092,gA,1.799
2026-09-17T01:58Z,12287,g95e5,1.769
2026-09-17T01:58Z,12287,gA,1.798
2026-09-17T01:58Z,12357,g95e5,2.039
2026-09-17T01:58Z,12357,gA,2.029
2026-09-17T01:58Z,12357,gP,2.104
2026-09-17T01:58Z,12357,g95e5p,2.099
2026-09-17T01:58Z,12368,g95e5,1.829
2026-09-17T01:58Z,12368,gA,1.809
2026-09-17T01:58Z,12398,g95e5,1.890
2026-09-17T01:58Z,12398,gA,1.890
2026-09-17T01:58Z,12398,gP,1.950
2026-09-17T01:58Z,12459,g95e5,1.909
2026-09-17T01:58Z,12459,gA,1.869
2026-09-17T01:58Z,12459,gP,1.899
2026-09-17T01:58Z,12459,gB,1.559
2026-09-17T01:58Z,12522,g95e5,1.769
2026-09-17T01:58Z,12522,gA,1.799
2026-09-17T01:58Z,12546,g95e5,1.849
2026-09-17T01:58Z,12546,gA,1.859
2026-09-17T01:58Z,12557,g95e5,1.769
2026-09-17T01:58Z,12557,gA,1.808
2026-09-17T01:58Z,12593,g95e5,1.809
2026-09-17T01:58Z,12593,gA,1.799
2026-09-17T01:58Z,12596,g95e5,2.049
2026-09-17T01:58Z,12596,gA,2.039
2026-09-17T01:58Z,12596,gP,2.139
2026-09-17T01:58Z,12596,g98e5,2.209
2026-09-17T01:58Z,12782,g95e5,1.779
2026-09-17T01:58Z,12782,gA,1.799
2026-09-17T01:58Z,12782,gP,1.809
2026-09-17T01:58Z,12888,g95e5,1.779
2026-09-17T01:58Z,12888,gA,1.799
2026-09-17T01:58Z,12888,gP,1.809
2026-09-17T01:58Z,12973,g95e5,1.779
2026-09-17T01:58Z,12973,gA,1.799
2026-09-17T01:58Z,13005,g95e5,1.819
2026-09-17T01:58Z,13005,gA,1.809
2026-09-17T01:58Z,13013,g95e5,1.789
2026-09-17T01:58Z,13013,gA,1.799
2026-09-17T01:58Z,13101,g95e5,1.839
2026-09-17T01:58Z,13101,gA,1.819
2026-09-17T01:58Z,13134,g95e5,2.049
2026-09-17T01:58Z,13134,gA,2.009
2026-09-17T01:58Z,13134,g98e5,2.189
2026-09-17T01:58Z,13134,gB,1.654
2026-09-17T01:58Z,13159,g95e5,1.799
2026-09-17T01:58Z,13159,gA,1.797
2026-09-17T01:58Z,13172,g95e5,1.769
2026-09-17T01:58Z,13172,gA,1.799
2026-09-17T01:58Z,13172,gP,1.809
2026-09-17T01:58Z,13323,g95e5,1.779
2026-09-17T01:58Z,13323,gA,1.799
2026-09-17T01:58Z,13409,g95e5,1.789
2026-09-17T01:58Z,13409,gA,1.799
2026-09-17T01:58Z,13455,g95e5,1.799
2026-09-17T01:58Z,13455,gA,1.797
2026-09-17T01:58Z,13473,g95e5,1.809
2026-09-17T01:58Z,13473,gA,1.799
2026-09-17T01:58Z,13495,g95e5,1.839
2026-09-17T01:58Z,13495,gA,1.798
2026-09-17T01:58Z,13512,g95e5,1.949
2026-09-17T01:58Z,13512,gA,1.979
2026-09-17T01:58Z,13512,gP,2.009
2026-09-17T01:58Z,13533,g95e5,1.849
2026-09-17T01:58Z,13533,gA,1.799
2026-09-17T01:58Z,13569,g95e5,2.028
2026-09-17T01:58Z,13569,gA,2.018
2026-09-17T01:58Z,13569,gP,2.058
2026-09-17T01:58Z,13593,g95e5,1.817
2026-09-17T01:58Z,13593,gA,1.775
2026-09-17T01:58Z,13654,g95e5,1.714
2026-09-17T01:58Z,13654,gA,1.819
2026-09-17T01:58Z,13671,gA,1.834
2026-09-17T01:58Z,13672,g95e5,1.759
2026-09-17T01:58Z,13672,gA,1.799
2026-09-17T01:58Z,13678,g95e5,1.759
2026-09-17T01:58Z,13678,gA,1.809
2026-09-17T01:58Z,13680,g95e5,1.779
2026-09-17T01:58Z,13680,gA,1.799
2026-09-17T01:58Z,13683,g95e5,1.889
2026-09-17T01:58Z,13683,gA,1.829
2026-09-17T01:58Z,13697,g95e5,1.799
2026-09-17T01:58Z,13697,gA,1.819
2026-09-17T01:58Z,13707,g95e5,1.779
2026-09-17T01:58Z,13707,gA,1.799
2026-09-17T01:58Z,13712,gA,1.639
2026-09-17T01:58Z,13712,gP,1.759
2026-09-17T01:58Z,13712,g98e5,1.619
2026-09-17T01:58Z,13723,g95e5,1.828
2026-09-17T01:58Z,13723,gA,1.798
2026-09-17T01:58Z,13723,gP,1.858
2026-09-17T01:58Z,13723,g98e5,1.928
2026-09-17T01:58Z,13862,g95e5,1.789
2026-09-17T01:58Z,13862,gA,1.808
2026-09-17T01:58Z,13953,g95e5,1.799
2026-09-17T01:58Z,13953,gA,1.799
2026-09-17T01:58Z,14037,g95e5,1.779
2026-09-17T01:58Z,14037,gA,1.799
2026-09-17T01:58Z,14049,g95e5,1.779
2026-09-17T01:58Z,14049,gA,1.798
2026-09-17T01:58Z,14193,g95e5,1.779
2026-09-17T01:58Z,14193,gA,1.799
2026-09-17T01:58Z,14223,g95e5,1.779
2026-09-17T01:58Z,14223,gA,1.794
2026-09-17T01:58Z,14235,gA,1.794
2026-09-17T01:58Z,14237,g95e5,1.844
2026-09-17T01:58Z,14237,gA,1.824
2026-09-17T01:58Z,14241,g95e5,1.847
2026-09-17T01:58Z,14241,gA,1.849
2026-09-17T01:58Z,14241,gP,1.849
2026-09-17T01:58Z,14241,g95e5p,1.847
2026-09-17T01:58Z,14256,g95e5,1.769
2026-09-17T01:58Z,14256,gA,1.779
2026-09-17T01:58Z,14270,gA,2.014
2026-09-17T01:58Z,14270,gP,2.104
2026-09-17T01:58Z,14315,gA,1.969
2026-09-17T01:58Z,14315,gP,2.019
2026-09-17T01:58Z,14359,g95e5,1.819
2026-09-17T01:58Z,14359,gA,1.819
2026-09-17T01:58Z,14359,gP,1.869
2026-09-17T01:58Z,14401,g95e5,1.789
2026-09-17T01:58Z,14401,gA,1.799
2026-09-17T01:58Z,14401,gP,1.809
2026-09-17T01:58Z,14429,gA,1.839
2026-09-17T01:58Z,14545,g95e5,1.929
2026-09-17T01:58Z,14545,gA,1.939
2026-09-17T01:58Z,14580,g95e5,1.849
2026-09-17T01:58Z,14580,gA,1.809
2026-09-17T01:58Z,14580,gP,1.819
2026-09-17T01:58Z,14580,g95e5p,1.859
2026-09-17T01:58Z,14595,g95e5,1.749
2026-09-17T01:58Z,14595,gA,1.819
2026-09-17T01:58Z,14609,g95e5,1.809
2026-09-17T01:58Z,14609,gA,1.829
2026-09-17T01:58Z,14679,g95e5,1.769
2026-09-17T01:58Z,14679,gA,1.809
2026-09-17T01:58Z,14679,gP,1.829
2026-09-17T01:58Z,14842,g95e5,1.829
2026-09-17T01:58Z,14842,gA,1.799
2026-09-17T01:58Z,14842,gP,1.809
2026-09-17T01:58Z,14923,g95e5,2.029
2026-09-17T01:58Z,14923,gA,1.989
2026-09-17T01:58Z,14923,gP,2.039
2026-09-17T01:58Z,14923,g95e5p,2.079
2026-09-17T01:58Z,14931,g95e5,1.839
2026-09-17T01:58Z,14931,gA,1.799
2026-09-17T01:58Z,14931,gP,1.809
2026-09-17T01:58Z,14974,g95e5,1.809
2026-09-17T01:58Z,14974,gA,1.789
2026-09-17T01:58Z,14974,gP,1.809
2026-09-17T01:58Z,15040,gA,1.899
2026-09-17T01:58Z,15087,g95e5,1.959
2026-09-17T01:58Z,15087,gA,1.934
2026-09-17T01:58Z,15087,gP,1.984
2026-09-17T01:58Z,15087,g98e5,2.099
2026-09-17T01:58Z,15157,g95e5,1.999
2026-09-17T01:58Z,15157,gA,1.999
2026-09-17T01:58Z,15157,gP,2.089
2026-09-17T01:58Z,15157,g95e5p,2.049
2026-09-17T01:58Z,15227,g95e5,1.829
2026-09-17T01:58Z,15227,gA,1.799
2026-09-17T01:58Z,15227,gP,1.809
2026-09-17T01:58Z,15490,g95e5,1.779
2026-09-17T01:58Z,15490,gA,1.799
2026-09-17T01:58Z,15490,gP,1.809
2026-09-17T01:58Z,15532,g95e5,1.779
2026-09-17T01:58Z,15532,gA,1.799
2026-09-17T01:58Z,15532,gP,1.809
2026-09-17T01:58Z,15612,g95e5,1.799
2026-09-17T01:58Z,15612,gA,1.809
2026-09-17T01:58Z,15612,gP,1.819
2026-09-17T01:58Z,15673,g95e5,1.889
2026-09-17T01:58Z,15673,gA,1.829
2026-09-17T01:58Z,15673,gP,1.849
2026-09-17T01:58Z,15679,g95e5,1.829
2026-09-17T01:58Z,15679,gA,1.799
2026-09-17T01:58Z,15679,gP,1.809
2026-09-17T01:58Z,15739,g95e5,1.929
2026-09-17T01:58Z,15739,gA,1.939
2026-09-17T01:58Z,15739,gP,1.989
2026-09-17T01:58Z,15739,g98e5,2.069
2026-09-17T01:58Z,15757,g95e5,1.779
2026-09-17T01:58Z,15757,gA,1.799
2026-09-17T01:58Z,15757,gP,1.809
2026-09-17T01:58Z,15792,g95e5,1.779
2026-09-17T01:58Z,15792,gA,1.799
2026-09-17T01:58Z,15792,gP,1.809
2026-09-17T01:58Z,15799,g95e5,1.929
2026-09-17T01:58Z,15799,gA,1.869
2026-09-17T01:58Z,15799,gP,1.969
2026-09-17T01:58Z,15799,g98e5,2.029
2026-09-17T01:58Z,15808,gA,1.999
2026-09-17T01:58Z,15808,gP,2.119
2026-09-17T01:58Z,15812,gA,1.819
2026-09-17T01:58Z,15837,g95e5,1.809
2026-09-17T01:58Z,15837,gA,1.799
2026-09-17T01:58Z,15837,gP,1.809
2026-09-17T01:58Z,15918,g95e5,1.779
2026-09-17T01:58Z,15918,gA,1.799
2026-09-17T01:58Z,15918,gP,1.809
2026-09-17T01:58Z,15937,g95e5,1.779
2026-09-17T01:58Z,15937,gA,1.799
2026-09-17T01:58Z,15937,gP,1.809
2026-09-17T01:58Z,15949,g95e5,1.819
2026-09-17T01:58Z,15949,gA,1.799
2026-09-17T01:58Z,15949,gP,1.809
2026-09-17T01:58Z,15990,g95e5,1.819
2026-09-17T01:58Z,15990,gA,1.799
2026-09-17T01:58Z,15990,gP,1.809
2026-09-17T01:58Z,16024,g95e5,1.769
2026-09-17T01:58Z,16024,gA,1.798
2026-09-17T01:58Z,16024,gP,1.808
2026-09-17T01:58Z,16104,g95e5,1.769
2026-09-17T01:58Z,16104,gA,1.799
2026-09-17T01:58Z,16104,gP,1.809
2026-09-17T01:58Z,16117,g95e5,1.809
2026-09-17T01:58Z,16117,gA,1.809
2026-09-17T01:58Z,16117,gP,1.819
2026-09-17T01:58Z,16117,g95e5p,1.819
2026-09-17T01:58Z,16129,g95e5,1.789
2026-09-17T01:58Z,16129,gA,1.799
2026-09-17T01:58Z,16129,gP,1.809
2026-09-17T01:58Z,16151,g95e5,1.849
2026-09-17T01:58Z,16151,gA,1.799
2026-09-17T01:58Z,16151,gP,1.809
2026-09-17T01:58Z,16175,g95e5,1.799
2026-09-17T01:58Z,16175,gA,1.809
2026-09-17T01:58Z,16175,gP,1.819
2026-09-17T01:58Z,16191,g95e5,1.769
2026-09-17T01:58Z,16191,gA,1.799
2026-09-17T01:58Z,16191,gP,1.809
2026-09-17T01:58Z,16230,g95e5,1.749
2026-09-17T01:58Z,16230,gA,1.799
2026-09-17T01:58Z,16230,gP,1.809
2026-09-17T01:58Z,16230,g95e5p,1.759
2026-09-17T01:58Z,16275,g95e5,1.829
2026-09-17T01:58Z,16275,gA,1.799
2026-09-17T01:58Z,16275,gP,1.809
2026-09-17T01:58Z,16275,g95e5p,1.839
2026-09-17T01:58Z,16310,g95e5,1.829
2026-09-17T01:58Z,16310,gA,1.809
2026-09-17T01:58Z,16310,gP,1.819
2026-09-17T01:58Z,16310,g95e5p,1.839
2026-09-17T01:58Z,16312,g95e5,1.769
2026-09-17T01:58Z,16312,gA,1.799
2026-09-17T01:58Z,16312,gP,1.809
2026-09-17T01:58Z,16312,g95e5p,1.779
2026-09-17T01:58Z,16317,g95e5,1.739
2026-09-17T01:58Z,16317,gA,1.799
2026-09-17T01:58Z,16317,gP,1.809
2026-09-17T01:58Z,16317,g95e5p,1.749
2026-09-17T01:58Z,16322,g95e5,1.779
2026-09-17T01:58Z,16322,gA,1.799
2026-09-17T01:58Z,16322,gP,1.809
2026-09-17T01:58Z,16322,g95e5p,1.789
2026-09-17T01:58Z,16350,g95e5,1.809
2026-09-17T01:58Z,16350,gA,1.789
2026-09-17T01:58Z,16350,gP,1.809
2026-09-17T01:58Z,16350,g95e5p,1.829
2026-09-17T01:58Z,16411,g95e5,1.959
2026-09-17T01:58Z,16411,gA,2.029
2026-09-17T01:58Z,16419,g95e5,1.819
2026-09-17T01:58Z,16419,gA,1.799
2026-09-17T01:58Z,16419,gP,1.809
2026-09-17T01:58Z,16419,g95e5p,1.829
2026-09-17T01:58Z,16443,g95e5,1.809
2026-09-17T01:58Z,16443,gA,1.799
2026-09-17T01:58Z,16443,gP,1.809
2026-09-17T01:58Z,16443,g95e5p,1.819
2026-09-17T01:58Z,16462,g95e5,1.779
2026-09-17T01:58Z,16462,gA,1.799
2026-09-17T01:58Z,16478,g95e5,1.799
2026-09-17T01:58Z,16478,gA,1.799
2026-09-17T01:58Z,16478,gP,1.809
2026-09-17T01:58Z,16478,g95e5p,1.809
2026-09-17T01:58Z,16500,g95e5,1.779
2026-09-17T01:58Z,16500,gA,1.809
2026-09-17T01:58Z,16500,gP,1.819
2026-09-17T01:58Z,16500,g95e5p,1.789
2026-09-17T07:05Z,3,gA,2.045
2026-09-17T07:05Z,10,g95e5,1.979
2026-09-17T07:05Z,10,gA,1.959
2026-09-17T07:05Z,32,g95e5,1.839
2026-09-17T07:05Z,32,gA,1.809
2026-09-17T07:05Z,32,gP,1.869
2026-09-17T07:05Z,34,g95e5,1.789
2026-09-17T07:05Z,34,gA,1.759
2026-09-17T07:05Z,34,gP,1.859
2026-09-17T07:05Z,36,g95e5,1.809
2026-09-17T07:05Z,36,gA,1.789
2026-09-17T07:05Z,36,gP,1.889
2026-09-17T07:05Z,45,g95e5,2.039
2026-09-17T07:05Z,45,gA,2.029
2026-09-17T07:05Z,45,gP,2.129
2026-09-17T07:05Z,45,g98e5,2.149
2026-09-17T07:05Z,62,gA,2.045
2026-09-17T07:05Z,62,gP,2.099
2026-09-17T07:05Z,62,gB,1.899
2026-09-17T07:05Z,63,gA,2.069
2026-09-17T07:05Z,96,g95e5,2.049
2026-09-17T07:05Z,96,gA,2.059
2026-09-17T07:05Z,105,g95e5,2.059
2026-09-17T07:05Z,105,gA,2.035
2026-09-17T07:05Z,114,gA,1.970
2026-09-17T07:05Z,116,gA,1.999
2026-09-17T07:05Z,116,gB,1.899
2026-09-17T07:05Z,122,gA,1.999
2026-09-17T07:05Z,122,gP,2.059
2026-09-17T07:05Z,130,g95e5,2.039
2026-09-17T07:05Z,137,gA,2.069
2026-09-17T07:05Z,139,gA,2.039
2026-09-17T07:05Z,144,gA,2.029
2026-09-17T07:05Z,144,gP,2.079
2026-09-17T07:05Z,144,gB,1.889
2026-09-17T07:05Z,151,g95e5,1.949
2026-09-17T07:05Z,151,gA,1.874
2026-09-17T07:05Z,151,gP,1.974
2026-09-17T07:05Z,152,g95e5,1.839
2026-09-17T07:05Z,152,gA,1.809
2026-09-17T07:05Z,152,gP,1.889
2026-09-17T07:05Z,153,g95e5,1.949
2026-09-17T07:05Z,153,gA,1.874
2026-09-17T07:05Z,153,gP,1.974
2026-09-17T07:05Z,154,g95e5,1.831
2026-09-17T07:05Z,155,g95e5,1.831
2026-09-17T07:05Z,156,g95e5,1.839
2026-09-17T07:05Z,156,gA,1.829
2026-09-17T07:05Z,156,gP,1.899
2026-09-17T07:05Z,160,g95e5,1.819
2026-09-17T07:05Z,160,gA,1.779
2026-09-17T07:05Z,160,gP,1.799
2026-09-17T07:05Z,160,g98e5,1.909
2026-09-17T07:05Z,177,gA,1.995
2026-09-17T07:05Z,183,gA,2.029
2026-09-17T07:05Z,188,g95e5,2.069
2026-09-17T07:05Z,188,gA,2.029
2026-09-17T07:05Z,202,gA,2.019
2026-09-17T07:05Z,204,g95e5,2.039
2026-09-17T07:05Z,204,gA,2.015
2026-09-17T07:05Z,206,gA,1.985
2026-09-17T07:05Z,208,gA,2.015
2026-09-17T07:05Z,245,g95e5,2.035
2026-09-17T07:05Z,245,gA,2.015
2026-09-17T07:05Z,251,g95e5,1.839
2026-09-17T07:05Z,251,gA,1.827
2026-09-17T07:05Z,254,g95e5,1.999
2026-09-17T07:05Z,254,gA,1.958
2026-09-17T07:05Z,254,gP,1.999
2026-09-17T07:05Z,271,g95e5,1.965
2026-09-17T07:05Z,271,gA,1.925
2026-09-17T07:05Z,271,gP,1.945
2026-09-17T07:05Z,295,g95e5,1.965
2026-09-17T07:05Z,295,gA,1.925
2026-09-17T07:05Z,301,g95e5,1.929
2026-09-17T07:05Z,301,gA,1.899
2026-09-17T07:05Z,301,gP,1.969
2026-09-17T07:05Z,301,g98e10,1.999
2026-09-17T07:05Z,301,gB,1.759
2026-09-17T07:05Z,324,g95e5,1.998
2026-09-17T07:05Z,324,gA,1.975
2026-09-17T07:05Z,324,gP,2.020
2026-09-17T07:05Z,324,g98e5,2.111
2026-09-17T07:05Z,324,gB,1.800
2026-09-17T07:05Z,326,gA,1.979
2026-09-17T07:05Z,327,g95e5,1.999
2026-09-17T07:05Z,327,gA,2.029
2026-09-17T07:05Z,327,gP,2.124
2026-09-17T07:05Z,327,g98e5,2.109
2026-09-17T07:05Z,339,gA,2.019
2026-09-17T07:05Z,339,gP,2.109
2026-09-17T07:05Z,339,gB,1.749
2026-09-17T07:05Z,345,g95e5,2.034
2026-09-17T07:05Z,345,gA,2.019
2026-09-17T07:05Z,345,gP,2.099
2026-09-17T07:05Z,345,g98e5,2.144
2026-09-17T07:05Z,353,g95e5,1.979
2026-09-17T07:05Z,353,g98e5,2.099
2026-09-17T07:05Z,354,g95e5,1.969
2026-09-17T07:05Z,354,gA,1.959
2026-09-17T07:05Z,354,gP,2.009
2026-09-17T07:05Z,354,g98e5,2.099
2026-09-17T07:05Z,355,gA,2.025
2026-09-17T07:05Z,355,gP,2.085
2026-09-17T07:05Z,358,g95e5,1.949
2026-09-17T07:05Z,358,gA,1.909
2026-09-17T07:05Z,358,gP,1.959
2026-09-17T07:05Z,358,g95e5p,1.999
2026-09-17T07:05Z,402,g95e5,2.059
2026-09-17T07:05Z,402,gA,2.049
2026-09-17T07:05Z,402,gP,2.144
2026-09-17T07:05Z,402,g98e5,2.179
2026-09-17T07:05Z,402,g95e5p,2.109
2026-09-17T07:05Z,419,g95e5,2.029
2026-09-17T07:05Z,419,gA,2.049
2026-09-17T07:05Z,419,gP,2.114
2026-09-17T07:05Z,419,g98e5,2.159
2026-09-17T07:05Z,427,g98e5,2.049
2026-09-17T07:05Z,431,g95e5,2.039
2026-09-17T07:05Z,431,gA,2.059
2026-09-17T07:05Z,431,gP,2.144
2026-09-17T07:05Z,431,g98e5,2.139
2026-09-17T07:05Z,431,gB,1.998
2026-09-17T07:05Z,450,g95e5,2.039
2026-09-17T07:05Z,450,gA,1.995
2026-09-17T07:05Z,458,g95e5,2.009
2026-09-17T07:05Z,458,gA,2.019
2026-09-17T07:05Z,458,g98e5,2.159
2026-09-17T07:05Z,469,g95e5,2.095
2026-09-17T07:05Z,469,gA,2.055
2026-09-17T07:05Z,469,gP,2.115
2026-09-17T07:05Z,469,g98e5,2.215
2026-09-17T07:05Z,507,gA,1.969
2026-09-17T07:05Z,528,gA,2.039
2026-09-17T07:05Z,528,gB,1.899
2026-09-17T07:05Z,531,g95e5,2.099
2026-09-17T07:05Z,531,gA,2.049
2026-09-17T07:05Z,531,gP,2.119
2026-09-17T07:05Z,547,g95e5,1.989
2026-09-17T07:05Z,547,gA,1.989
2026-09-17T07:05Z,549,gA,1.985
2026-09-17T07:05Z,568,g95e5,2.019
2026-09-17T07:05Z,568,gA,1.979
2026-09-17T07:05Z,594,g95e5,2.039
2026-09-17T07:05Z,594,gA,2.029
2026-09-17T07:05Z,594,gP,2.129
2026-09-17T07:05Z,594,gB,1.905
2026-09-17T07:05Z,616,g95e5,1.975
2026-09-17T07:05Z,616,gA,1.936
2026-09-17T07:05Z,616,gP,2.000
2026-09-17T07:05Z,616,gB,1.685
2026-09-17T07:05Z,618,g95e5,1.999
2026-09-17T07:05Z,618,g98e5,2.169
2026-09-17T07:05Z,641,g95e5,2.039
2026-09-17T07:05Z,641,gA,1.995
2026-09-17T07:05Z,657,gA,1.999
2026-09-17T07:05Z,657,gP,2.059
2026-09-17T07:05Z,657,gB,1.859
2026-09-17T07:05Z,659,g95e5,2.005
2026-09-17T07:05Z,659,gA,1.994
2026-09-17T07:05Z,659,gP,2.124
2026-09-17T07:05Z,659,g98e5,2.119
2026-09-17T07:05Z,665,g95e5,2.019
2026-09-17T07:05Z,665,gA,1.979
2026-09-17T07:05Z,665,gP,2.039
2026-09-17T07:05Z,675,g95e5,1.864
2026-09-17T07:05Z,675,gA,1.834
2026-09-17T07:05Z,675,gP,1.884
2026-09-17T07:05Z,675,g95e5p,1.914
2026-09-17T07:05Z,700,g95e5,1.829
2026-09-17T07:05Z,700,gA,1.799
2026-09-17T07:05Z,700,g98e5,1.869
2026-09-17T07:05Z,703,g95e5,1.979
2026-09-17T07:05Z,703,gA,1.958
2026-09-17T07:05Z,703,gP,1.999
2026-09-17T07:05Z,703,g98e5,2.039
2026-09-17T07:05Z,706,gA,2.025
2026-09-17T07:05Z,706,gP,2.085
2026-09-17T07:05Z,709,g95e5,1.975
2026-09-17T07:05Z,709,gA,1.985
2026-09-17T07:05Z,709,gP,2.085
2026-09-17T07:05Z,753,g95e5,2.029
2026-09-17T07:05Z,753,gA,1.979
2026-09-17T07:05Z,753,gP,2.099
2026-09-17T07:05Z,753,g98e5,2.159
2026-09-17T07:05Z,757,g95e5,2.049
2026-09-17T07:05Z,757,gA,2.049
2026-09-17T07:05Z,757,g98e5,2.149
2026-09-17T07:05Z,759,g95e5,2.039
2026-09-17T07:05Z,759,gA,2.039
2026-09-17T07:05Z,759,gP,2.089
2026-09-17T07:05Z,772,g95e5,2.007
2026-09-17T07:05Z,772,gA,2.007
2026-09-17T07:05Z,772,gP,2.057
2026-09-17T07:05Z,783,g95e5,2.015
2026-09-17T07:05Z,783,gA,2.035
2026-09-17T07:05Z,783,gP,2.095
2026-09-17T07:05Z,783,g98e5,2.125
2026-09-17T07:05Z,810,gA,1.978
2026-09-17T07:05Z,810,gP,2.038
2026-09-17T07:05Z,815,g95e5,1.955
2026-09-17T07:05Z,815,gA,1.939
2026-09-17T07:05Z,815,gP,1.999
2026-09-17T07:05Z,815,g98e5,2.089
2026-09-17T07:05Z,820,gP,1.999
2026-09-17T07:05Z,825,g95e5,2.039
2026-09-17T07:05Z,825,gA,2.039
2026-09-17T07:05Z,825,gP,2.124
2026-09-17T07:05Z,825,g98e5,2.149
2026-09-17T07:05Z,828,g95e5,2.049
2026-09-17T07:05Z,828,gA,2.049
2026-09-17T07:05Z,828,gP,2.134
2026-09-17T07:05Z,828,g98e5,2.159
2026-09-17T07:05Z,828,g95e5p,2.109
2026-09-17T07:05Z,847,gA,1.995
2026-09-17T07:05Z,868,g95e5,1.879
2026-09-17T07:05Z,894,gA,2.035
2026-09-17T07:05Z,900,gA,2.075
2026-09-17T07:05Z,905,gA,2.025
2026-09-17T07:05Z,905,gP,2.109
2026-09-17T07:05Z,928,g95e5,2.049
2026-09-17T07:05Z,928,gA,2.049
2026-09-17T07:05Z,928,gP,2.144
2026-09-17T07:05Z,928,gB,1.903
2026-09-17T07:05Z,950,g95e5,2.009
2026-09-17T07:05Z,950,g95e5p,2.059
2026-09-17T07:05Z,954,g95e5,2.039
2026-09-17T07:05Z,954,g98e5,2.179
2026-09-17T07:05Z,980,gA,2.039
2026-09-17T07:05Z,1006,g95e5,2.049
2026-09-17T07:05Z,1006,gA,1.999
2026-09-17T07:05Z,1006,gB,1.829
2026-09-17T07:05Z,1009,g95e5,1.949
2026-09-17T07:05Z,1009,gA,1.869
2026-09-17T07:05Z,1009,gP,1.969
2026-09-17T07:05Z,1009,g98e5,2.049
2026-09-17T07:05Z,1041,gA,2.019
2026-09-17T07:05Z,1063,gP,2.009
2026-09-17T07:05Z,1063,g95e5p,2.029
2026-09-17T07:05Z,1078,g95e5,2.059
2026-09-17T07:05Z,1078,g98e5,2.219
2026-09-17T07:05Z,1091,g95e5,2.079
2026-09-17T07:05Z,1091,gA,2.069
2026-09-17T07:05Z,1091,g98e5,2.239
2026-09-17T07:05Z,1099,gA,1.969
2026-09-17T07:05Z,1100,g95e5,2.015
2026-09-17T07:05Z,1100,gA,2.019
2026-09-17T07:05Z,1100,gB,1.700
2026-09-17T07:05Z,1123,g95e5,1.835
2026-09-17T07:05Z,1123,gA,1.769
2026-09-17T07:05Z,1123,gP,1.829
2026-09-17T07:05Z,1124,gA,1.755
2026-09-17T07:05Z,1124,gP,1.855
2026-09-17T07:05Z,1131,gA,2.015
2026-09-17T07:05Z,1133,g95e5,2.005
2026-09-17T07:05Z,1133,gA,1.995
2026-09-17T07:05Z,1136,gA,1.985
2026-09-17T07:05Z,1137,gA,1.985
2026-09-17T07:05Z,1163,gA,1.989
2026-09-17T07:05Z,1178,g95e5,2.019
2026-09-17T07:05Z,1203,gA,2.059
2026-09-17T07:05Z,1203,gP,2.124
2026-09-17T07:05Z,1234,g95e5,2.049
2026-09-17T07:05Z,1234,gA,2.029
2026-09-17T07:05Z,1237,gA,2.029
2026-09-17T07:05Z,1266,gA,1.899
2026-09-17T07:05Z,1274,g95e5,1.909
2026-09-17T07:05Z,1274,gA,1.939
2026-09-17T07:05Z,1274,gP,2.019
2026-09-17T07:05Z,1287,g95e5,1.949
2026-09-17T07:05Z,1287,gA,1.969
2026-09-17T07:05Z,1287,gP,2.019
2026-09-17T07:05Z,1287,g98e5,2.059
2026-09-17T07:05Z,1301,g95e5,1.995
2026-09-17T07:05Z,1301,gA,2.010
2026-09-17T07:05Z,1301,gB,1.893
2026-09-17T07:05Z,1315,gA,2.025
2026-09-17T07:05Z,1347,gA,1.989
2026-09-17T07:05Z,1376,g95e5,2.025
2026-09-17T07:05Z,1377,gA,2.005
2026-09-17T07:05Z,1381,gA,1.985
2026-09-17T07:05Z,1413,gA,1.975
2026-09-17T07:05Z,1415,gA,1.975
2026-09-17T07:05Z,1422,g95e5,1.979
2026-09-17T07:05Z,1422,gA,1.993
2026-09-17T07:05Z,1422,gP,2.104
2026-09-17T07:05Z,1422,g98e5,2.089
2026-09-17T07:05Z,1422,gB,1.833
2026-09-17T07:05Z,1431,g95e5,2.069
2026-09-17T07:05Z,1431,gA,2.019
2026-09-17T07:05Z,1431,g98e5,2.229
2026-09-17T07:05Z,1431,gB,1.799
2026-09-17T07:05Z,1437,g95e5,2.029
2026-09-17T07:05Z,1437,gA,2.059
2026-09-17T07:05Z,1479,g95e5,2.029
2026-09-17T07:05Z,1479,gA,1.993
2026-09-17T07:05Z,1479,gP,2.094
2026-09-17T07:05Z,1479,g98e5,2.109
2026-09-17T07:05Z,1479,gB,1.893
2026-09-17T07:05Z,1505,g95e5,2.049
2026-09-17T07:05Z,1505,gA,1.999
2026-09-17T07:05Z,1505,gP,2.099
2026-09-17T07:05Z,1505,g98e5,2.159
2026-09-17T07:05Z,1513,gA,1.969
2026-09-17T07:05Z,1581,g95e5,2.007
2026-09-17T07:05Z,1581,gA,2.037
2026-09-17T07:05Z,1581,g98e5,2.137
2026-09-17T07:05Z,1583,gA,1.799
2026-09-17T07:05Z,1617,g95e5,1.819
2026-09-17T07:05Z,1617,gA,1.849
2026-09-17T07:05Z,1618,g95e5,1.879
2026-09-17T07:05Z,1618,gA,1.889
2026-09-17T07:05Z,1625,g95e5,2.019
2026-09-17T07:05Z,1625,g98e5,2.059
2026-09-17T07:05Z,1639,g95e5,1.959
2026-09-17T07:05Z,1639,g95e5p,2.009
2026-09-17T07:05Z,1723,g95e5,1.829
2026-09-17T07:05Z,1723,gA,1.799
2026-09-17T07:05Z,1723,gP,1.919
2026-09-17T07:05Z,1723,g98e5,1.949
2026-09-17T07:05Z,1808,gA,2.019
2026-09-17T07:05Z,1818,gA,2.009
2026-09-17T07:05Z,1826,g95e5,2.050
2026-09-17T07:05Z,1826,gA,2.075
2026-09-17T07:05Z,1826,g98e5,2.250
2026-09-17T07:05Z,1827,gA,2.045
2026-09-17T07:05Z,1851,gA,2.019
2026-09-17T07:05Z,1853,g95e5,2.059
2026-09-17T07:05Z,1853,gA,2.099
2026-09-17T07:05Z,1853,gP,2.149
2026-09-17T07:05Z,1853,g98e5,2.149
2026-09-17T07:05Z,1856,gA,2.075
2026-09-17T07:05Z,1885,gA,2.019
2026-09-17T07:05Z,1893,g95e5,1.949
2026-09-17T07:05Z,1893,gA,1.899
2026-09-17T07:05Z,1893,gP,1.919
2026-09-17T07:05Z,1905,g95e5,1.879
2026-09-17T07:05Z,1905,gA,1.799
2026-09-17T07:05Z,1905,gB,1.669
2026-09-17T07:05Z,1919,g95e5,1.749
2026-09-17T07:05Z,1933,g95e5,1.889
2026-09-17T07:05Z,1933,gA,1.889
2026-09-17T07:05Z,1933,gP,1.949
2026-09-17T07:05Z,1933,gB,1.699
2026-09-17T07:05Z,1980,g95e5,2.029
2026-09-17T07:05Z,1980,gA,1.979
2026-09-17T07:05Z,1980,g98e5,2.109
2026-09-17T07:05Z,1980,glp,1.199
2026-09-17T07:05Z,1989,gA,1.989
2026-09-17T07:05Z,1989,gP,2.079
2026-09-17T07:05Z,2030,g95e5,1.949
2026-09-17T07:05Z,2030,gA,1.959
2026-09-17T07:05Z,2030,gP,2.029
2026-09-17T07:05Z,2030,g98e5,2.059
2026-09-17T07:05Z,2036,g95e5,1.839
2026-09-17T07:05Z,2036,gA,1.809
2026-09-17T07:05Z,2036,gP,1.929
2026-09-17T07:05Z,2036,g98e5,1.959
2026-09-17T07:05Z,2058,g95e5,1.879
2026-09-17T07:05Z,2058,gA,1.889
2026-09-17T07:05Z,2079,gA,2.059
2026-09-17T07:05Z,2085,g95e5,1.965
2026-09-17T07:05Z,2097,g95e5,1.989
2026-09-17T07:05Z,2097,gA,1.999
2026-09-17T07:05Z,2097,gP,2.089
2026-09-17T07:05Z,2097,g98e5,2.089
2026-09-17T07:05Z,2100,g95e5,2.009
2026-09-17T07:05Z,2100,g95e5p,2.089
2026-09-17T07:05Z,2108,gA,1.959
2026-09-17T07:05Z,2108,gP,2.049
2026-09-17T07:05Z,2114,gA,1.999
2026-09-17T07:05Z,2114,gP,2.119
2026-09-17T07:05Z,2152,gA,1.969
2026-09-17T07:05Z,2152,gB,1.839
2026-09-17T07:05Z,2222,gA,2.005
2026-09-17T07:05Z,2223,gA,2.035
2026-09-17T07:05Z,2237,gA,2.059
2026-09-17T07:05Z,2243,gA,2.039
2026-09-17T07:05Z,2255,gA,2.075
2026-09-17T07:05Z,2273,gA,2.015
2026-09-17T07:05Z,2290,gA,2.039
2026-09-17T07:05Z,2300,gA,2.059
2026-09-17T07:05Z,2317,gA,1.839
2026-09-17T07:05Z,2317,gP,1.869
2026-09-17T07:05Z,2319,gA,2.144
2026-09-17T07:05Z,2319,gP,2.277
2026-09-17T07:05Z,2323,gA,2.035
2026-09-17T07:05Z,2329,g95e5,1.899
2026-09-17T07:05Z,2329,gA,1.869
2026-09-17T07:05Z,2342,gA,2.039
2026-09-17T07:05Z,2344,gA,2.065
2026-09-17T07:05Z,2364,gA,2.025
2026-09-17T07:05Z,2384,g95e5,2.019
2026-09-17T07:05Z,2384,gA,2.069
2026-09-17T07:05Z,2384,g98e5,2.169
2026-09-17T07:05Z,2385,g95e5,2.019
2026-09-17T07:05Z,2385,gA,2.069
2026-09-17T07:05Z,2385,g98e5,2.169
2026-09-17T07:05Z,2409,g95e5,2.069
2026-09-17T07:05Z,2409,gA,2.069
2026-09-17T07:05Z,2411,g95e5,2.079
2026-09-17T07:05Z,2411,gA,2.059
2026-09-17T07:05Z,2411,gP,2.240
2026-09-17T07:05Z,2411,g98e5,2.190
2026-09-17T07:05Z,2474,gA,2.009
2026-09-17T07:05Z,2477,gA,2.069
2026-09-17T07:05Z,2494,g95e5,1.989
2026-09-17T07:05Z,2494,gA,1.998
2026-09-17T07:05Z,2494,gP,2.089
2026-09-17T07:05Z,2494,g98e5,2.129
2026-09-17T07:05Z,2501,g95e5,2.039
2026-09-17T07:05Z,2518,g95e5,2.009
2026-09-17T07:05Z,2518,gA,2.029
2026-09-17T07:05Z,2518,gP,2.139
2026-09-17T07:05Z,2518,g98e5,2.119
2026-09-17T07:05Z,2535,gA,2.055
2026-09-17T07:05Z,2546,g95e5,2.039
2026-09-17T07:05Z,2546,gA,1.999
2026-09-17T07:05Z,2546,gP,2.099
2026-09-17T07:05Z,2546,g98e5,2.169
2026-09-17T07:05Z,2578,g95e5,2.059
2026-09-17T07:05Z,2578,gA,2.049
2026-09-17T07:05Z,2578,gP,2.119
2026-09-17T07:05Z,2578,g98e5,2.199
2026-09-17T07:05Z,2578,gB,1.919
2026-09-17T07:05Z,2583,g95e5,2.039
2026-09-17T07:05Z,2583,gA,2.029
2026-09-17T07:05Z,2583,gP,2.129
2026-09-17T07:05Z,2583,g98e5,2.139
2026-09-17T07:05Z,2587,gA,1.999
2026-09-17T07:05Z,2587,gP,2.069
2026-09-17T07:05Z,2588,gA,2.039
2026-09-17T07:05Z,2588,gP,2.089
2026-09-17T07:05Z,2597,g95e5,2.059
2026-09-17T07:05Z,2597,gA,2.069
2026-09-17T07:05Z,2597,gP,2.189
2026-09-17T07:05Z,2597,g98e5,2.169
2026-09-17T07:05Z,2598,g95e5,2.099
2026-09-17T07:05Z,2598,gA,2.059
2026-09-17T07:05Z,2604,g95e5,2.099
2026-09-17T07:05Z,2604,gA,2.099
2026-09-17T07:05Z,2604,gP,2.159
2026-09-17T07:05Z,2606,g95e5,2.059
2026-09-17T07:05Z,2606,gA,2.069
2026-09-17T07:05Z,2606,gP,2.189
2026-09-17T07:05Z,2606,g98e5,2.169
2026-09-17T07:05Z,2608,g95e5,2.149
2026-09-17T07:05Z,2608,gA,2.129
2026-09-17T07:05Z,2608,gP,2.239
2026-09-17T07:05Z,2608,g95e5p,2.219
2026-09-17T07:05Z,2608,gB,2.043
2026-09-17T07:05Z,2610,g95e5,2.059
2026-09-17T07:05Z,2610,gA,2.069
2026-09-17T07:05Z,2610,g98e5,2.169
2026-09-17T07:05Z,2612,gA,2.059
2026-09-17T07:05Z,2616,gA,2.085
2026-09-17T07:05Z,2620,gA,1.969
2026-09-17T07:05Z,2635,g95e5,2.059
2026-09-17T07:05Z,2635,gA,2.069
2026-09-17T07:05Z,2635,gP,2.189
2026-09-17T07:05Z,2635,g98e5,2.169
2026-09-17T07:05Z,2636,g95e5,2.059
2026-09-17T07:05Z,2636,gA,2.069
2026-09-17T07:05Z,2636,gP,2.189
2026-09-17T07:05Z,2636,g98e5,2.169
2026-09-17T07:05Z,2640,g95e5,2.069
2026-09-17T07:05Z,2640,gA,2.069
2026-09-17T07:05Z,2640,gP,2.169
2026-09-17T07:05Z,2640,g98e5,2.169
2026-09-17T07:05Z,2642,g95e5,2.059
2026-09-17T07:05Z,2642,gA,2.079
2026-09-17T07:05Z,2642,gB,1.899
2026-09-17T07:05Z,2644,g95e5,2.069
2026-09-17T07:05Z,2644,gA,2.059
2026-09-17T07:05Z,2644,gP,2.159
2026-09-17T07:05Z,2644,g98e5,2.169
2026-09-17T07:05Z,2648,g95e5,2.059
2026-09-17T07:05Z,2648,gA,2.069
2026-09-17T07:05Z,2648,gP,2.189
2026-09-17T07:05Z,2648,g98e5,2.169
2026-09-17T07:05Z,2649,g95e5,2.059
2026-09-17T07:05Z,2649,gA,2.069
2026-09-17T07:05Z,2649,gP,2.189
2026-09-17T07:05Z,2649,g98e5,2.169
2026-09-17T07:05Z,2650,gA,2.039
2026-09-17T07:05Z,2651,g95e5,2.059
2026-09-17T07:05Z,2651,gA,2.069
2026-09-17T07:05Z,2651,g98e5,2.169
2026-09-17T07:05Z,2653,g95e5,2.059
2026-09-17T07:05Z,2653,gA,2.069
2026-09-17T07:05Z,2653,gP,2.189
2026-09-17T07:05Z,2653,g98e5,2.169
2026-09-17T07:05Z,2664,g95e5,2.069
2026-09-17T07:05Z,2664,gA,2.069
2026-09-17T07:05Z,2676,g95e5,2.079
2026-09-17T07:05Z,2676,gA,2.059
2026-09-17T07:05Z,2676,gP,2.260
2026-09-17T07:05Z,2686,gA,2.089
2026-09-17T07:05Z,2687,gA,2.085
2026-09-17T07:05Z,2690,gA,2.039
2026-09-17T07:05Z,2693,gA,2.039
2026-09-17T07:05Z,2703,gA,2.039
2026-09-17T07:05Z,2703,gP,2.099
2026-09-17T07:05Z,2704,g95e5,2.059
2026-09-17T07:05Z,2704,gA,2.069
2026-09-17T07:05Z,2704,gP,2.189
2026-09-17T07:05Z,2704,g98e5,2.169
2026-09-17T07:05Z,2705,g95e5,2.059
2026-09-17T07:05Z,2705,gA,2.069
2026-09-17T07:05Z,2705,gP,2.189
2026-09-17T07:05Z,2705,g98e5,2.169
2026-09-17T07:05Z,2706,g95e5,2.059
2026-09-17T07:05Z,2706,gA,2.059
2026-09-17T07:05Z,2706,g98e5,2.179
2026-09-17T07:05Z,2707,gA,2.079
2026-09-17T07:05Z,2711,g95e5,2.039
2026-09-17T07:05Z,2711,gA,2.029
2026-09-17T07:05Z,2711,gP,2.129
2026-09-17T07:05Z,2711,g98e5,2.139
2026-09-17T07:05Z,2712,g95e5,2.059
2026-09-17T07:05Z,2712,gA,2.069
2026-09-17T07:05Z,2712,g98e5,2.169
2026-09-17T07:05Z,2716,g95e5,2.039
2026-09-17T07:05Z,2716,gA,2.029
2026-09-17T07:05Z,2716,gP,2.129
2026-09-17T07:05Z,2716,g98e5,2.139
2026-09-17T07:05Z,2719,g95e5,2.039
2026-09-17T07:05Z,2719,gA,2.049
2026-09-17T07:05Z,2720,g95e5,2.009
2026-09-17T07:05Z,2720,gA,1.999
2026-09-17T07:05Z,2720,gP,2.099
2026-09-17T07:05Z,2720,g98e5,2.109
2026-09-17T07:05Z,2721,g95e5,2.069
2026-09-17T07:05Z,2721,gA,2.059
2026-09-17T07:05Z,2721,gP,2.159
2026-09-17T07:05Z,2721,g98e5,2.169
2026-09-17T07:05Z,2722,g95e5,1.979
2026-09-17T07:05Z,2722,gA,2.019
2026-09-17T07:05Z,2722,gP,2.119
2026-09-17T07:05Z,2722,g98e5,2.109
2026-09-17T07:05Z,2724,g95e5,2.069
2026-09-17T07:05Z,2724,gA,2.049
2026-09-17T07:05Z,2726,gA,2.059
2026-09-17T07:05Z,2730,g95e5,2.059
2026-09-17T07:05Z,2730,gA,2.079
2026-09-17T07:05Z,2730,g98e5,2.199
2026-09-17T07:05Z,2736,gA,2.079
2026-09-17T07:05Z,2737,gA,2.089
2026-09-17T07:05Z,2738,g95e5,2.069
2026-09-17T07:05Z,2738,gA,2.059
2026-09-17T07:05Z,2738,gP,2.159
2026-09-17T07:05Z,2738,g98e5,2.169
2026-09-17T07:05Z,2766,gA,2.045
2026-09-17T07:05Z,2775,g95e5,2.019
2026-09-17T07:05Z,2775,gA,2.049
2026-09-17T07:05Z,2777,g95e5,2.109
2026-09-17T07:05Z,2777,gA,2.089
2026-09-17T07:05Z,2777,g98e5,2.239
2026-09-17T07:05Z,2777,gB,1.899
2026-09-17T07:05Z,2787,g95e5,1.759
2026-09-17T07:05Z,2787,gA,1.799
2026-09-17T07:05Z,2789,gA,2.059
2026-09-17T07:05Z,2798,gA,2.005
2026-09-17T07:05Z,2799,gA,2.065
2026-09-17T07:05Z,2807,gA,2.029
2026-09-17T07:05Z,2819,g95e5,2.009
2026-09-17T07:05Z,2819,gA,2.035
2026-09-17T07:05Z,2821,g95e5,2.005
2026-09-17T07:05Z,2821,gA,2.045
2026-09-17T07:05Z,2822,gA,2.075
2026-09-17T07:05Z,2823,gA,1.995
2026-09-17T07:05Z,2840,gA,2.039
2026-09-17T07:05Z,2842,g95e5,2.039
2026-09-17T07:05Z,2842,gA,2.089
2026-09-17T07:05Z,2842,gP,2.154
2026-09-17T07:05Z,2842,g95e5p,2.069
2026-09-17T07:05Z,2853,g95e5,2.089
2026-09-17T07:05Z,2853,gA,2.069
2026-09-17T07:05Z,2853,gP,2.144
2026-09-17T07:05Z,2855,g95e5,1.994
2026-09-17T07:05Z,2855,gA,2.014
2026-09-17T07:05Z,2855,gP,2.069
2026-09-17T07:05Z,2855,g95e5p,2.064
2026-09-17T07:05Z,2855,gB,1.749
2026-09-17T07:05Z,2856,g95e5,2.024
2026-09-17T07:05Z,2856,gA,2.064
2026-09-17T07:05Z,2856,gP,2.134
2026-09-17T07:05Z,2856,g98e5,2.094
2026-09-17T07:05Z,2868,gA,2.029
2026-09-17T07:05Z,2868,gP,2.079
2026-09-17T07:05Z,2868,g95e5p,2.059
2026-09-17T07:05Z,2872,gA,2.039
2026-09-17T07:05Z,2872,gP,2.129
2026-09-17T07:05Z,2872,g98e5,2.129
2026-09-17T07:05Z,2884,gA,1.999
2026-09-17T07:05Z,2884,gP,2.094
2026-09-17T07:05Z,2895,g95e5,2.059
2026-09-17T07:05Z,2895,gA,2.089
2026-09-17T07:05Z,2895,gP,2.154
2026-09-17T07:05Z,2907,gA,2.039
2026-09-17T07:05Z,2907,gP,2.129
2026-09-17T07:05Z,2911,g95e5,2.019
2026-09-17T07:05Z,2911,gA,1.989
2026-09-17T07:05Z,2911,gP,2.099
2026-09-17T07:05Z,2911,g98e5,2.139
2026-09-17T07:05Z,2914,gA,2.045
2026-09-17T07:05Z,2916,gA,1.989
2026-09-17T07:05Z,2916,gP,2.069
2026-09-17T07:05Z,2922,g95e5,1.849
2026-09-17T07:05Z,2922,gA,1.869
2026-09-17T07:05Z,2922,gP,1.919
2026-09-17T07:05Z,2964,gA,2.035
2026-09-17T07:05Z,2977,gA,2.039
2026-09-17T07:05Z,2977,gP,2.129
2026-09-17T07:05Z,3018,g95e5,1.959
2026-09-17T07:05Z,3018,g95e5p,2.009
2026-09-17T07:05Z,3042,gA,2.029
2026-09-17T07:05Z,3042,gP,2.134
2026-09-17T07:05Z,3069,g95e5,1.849
2026-09-17T07:05Z,3069,gA,1.869
2026-09-17T07:05Z,3069,gP,1.919
2026-09-17T07:05Z,3069,g95e5p,1.899
2026-09-17T07:05Z,3106,gA,2.059
2026-09-17T07:05Z,3136,gA,1.999
2026-09-17T07:05Z,3136,gP,2.089
2026-09-17T07:05Z,3148,g95e5,2.029
2026-09-17T07:05Z,3148,gA,2.029
2026-09-17T07:05Z,3148,gP,2.129
2026-09-17T07:05Z,3148,gB,1.919
2026-09-17T07:05Z,3155,gA,2.045
2026-09-17T07:05Z,3160,gA,2.029
2026-09-17T07:05Z,3161,g95e5,2.035
2026-09-17T07:05Z,3161,gA,2.029
2026-09-17T07:05Z,3167,g95e5,2.029
2026-09-17T07:05Z,3169,g95e5,2.049
2026-09-17T07:05Z,3169,gA,2.019
2026-09-17T07:05Z,3169,g98e5,2.169
2026-09-17T07:05Z,3175,gA,2.039
2026-09-17T07:05Z,3183,gA,2.015
2026-09-17T07:05Z,3192,gA,2.029
2026-09-17T07:05Z,3193,gA,1.999
2026-09-17T07:05Z,3199,gA,1.999
2026-09-17T07:05Z,3204,g95e5,2.049
2026-09-17T07:05Z,3204,gA,2.039
2026-09-17T07:05Z,3204,g98e5,2.189
2026-09-17T07:05Z,3204,gB,1.789
2026-09-17T07:05Z,3207,g95e5,1.999
2026-09-17T07:05Z,3207,gA,2.039
2026-09-17T07:05Z,3209,gA,1.989
2026-09-17T07:05Z,3209,gP,2.049
2026-09-17T07:05Z,3210,g95e5,2.049
2026-09-17T07:05Z,3210,gA,2.069
2026-09-17T07:05Z,3210,g98e5,2.209
2026-09-17T07:05Z,3210,gB,1.899
2026-09-17T07:05Z,3212,g95e5,2.019
2026-09-17T07:05Z,3235,gA,1.979
2026-09-17T07:05Z,3244,gA,1.989
2026-09-17T07:05Z,3255,gA,2.015
2026-09-17T07:05Z,3283,g95e5,2.035
2026-09-17T07:05Z,3283,gA,1.969
2026-09-17T07:05Z,3283,gP,2.069
2026-09-17T07:05Z,3283,g98e5,2.145
2026-09-17T07:05Z,3296,gA,2.029
2026-09-17T07:05Z,3322,g95e5,2.009
2026-09-17T07:05Z,3322,gA,1.985
2026-09-17T07:05Z,3322,gP,2.119
2026-09-17T07:05Z,3322,g98e5,2.119
2026-09-17T07:05Z,3350,g95e5,2.029
2026-09-17T07:05Z,3350,gA,2.049
2026-09-17T07:05Z,3350,gP,2.114
2026-09-17T07:05Z,3350,g95e5p,2.109
2026-09-17T07:05Z,3384,gA,1.989
2026-09-17T07:05Z,3384,gP,2.039
2026-09-17T07:05Z,3399,gA,1.989
2026-09-17T07:05Z,3427,g95e5,2.039
2026-09-17T07:05Z,3427,gA,1.999
2026-09-17T07:05Z,3427,gP,2.094
2026-09-17T07:05Z,3427,g98e5,2.139
2026-09-17T07:05Z,3448,gA,1.999
2026-09-17T07:05Z,3448,gP,2.069
2026-09-17T07:05Z,3457,gA,1.985
2026-09-17T07:05Z,3464,gA,2.025
2026-09-17T07:05Z,3467,g95e5,2.029
2026-09-17T07:05Z,3467,gA,1.979
2026-09-17T07:05Z,3467,gP,2.049
2026-09-17T07:05Z,3467,g98e5,2.169
2026-09-17T07:05Z,3478,gA,1.969
2026-09-17T07:05Z,3481,gA,1.969
2026-09-17T07:05Z,3496,g95e5,1.884
2026-09-17T07:05Z,3496,gA,1.874
2026-09-17T07:05Z,3496,gP,1.964
2026-09-17T07:05Z,3542,gA,1.985
2026-09-17T07:05Z,3542,gB,1.795
2026-09-17T07:05Z,3555,gA,2.005
2026-09-17T07:05Z,3565,gA,1.929
2026-09-17T07:05Z,3572,gA,1.985
2026-09-17T07:05Z,3572,gB,1.795
2026-09-17T07:05Z,3588,g95e5,2.009
2026-09-17T07:05Z,3588,gA,1.959
2026-09-17T07:05Z,3588,gB,1.879
2026-09-17T07:05Z,3589,g95e5,2.009
2026-09-17T07:05Z,3589,gA,1.959
2026-09-17T07:05Z,3589,g98e5,2.159
2026-09-17T07:05Z,3593,gA,1.989
2026-09-17T07:05Z,3593,gP,2.039
2026-09-17T07:05Z,3612,gA,2.059
2026-09-17T07:05Z,3616,gA,2.025
2026-09-17T07:05Z,3623,gA,1.969
2026-09-17T07:05Z,3678,g95e5,2.019
2026-09-17T07:05Z,3678,gA,1.999
2026-09-17T07:05Z,3678,gP,2.059
2026-09-17T07:05Z,3678,g98e5,2.099
2026-09-17T07:05Z,3679,g95e5,2.019
2026-09-17T07:05Z,3679,gA,1.999
2026-09-17T07:05Z,3679,gP,2.059
2026-09-17T07:05Z,3682,gA,1.979
2026-09-17T07:05Z,3690,gA,1.995
2026-09-17T07:05Z,3700,gA,1.975
2026-09-17T07:05Z,3710,g95e5,2.019
2026-09-17T07:05Z,3710,gA,1.949
2026-09-17T07:05Z,3710,gP,2.039
2026-09-17T07:05Z,3710,g98e5,2.159
2026-09-17T07:05Z,3713,g95e5,1.839
2026-09-17T07:05Z,3713,gA,1.819
2026-09-17T07:05Z,3714,g95e5,1.884
2026-09-17T07:05Z,3714,gA,1.834
2026-09-17T07:05Z,3715,g95e5,1.954
2026-09-17T07:05Z,3715,gA,1.904
2026-09-17T07:05Z,3715,gP,1.954
2026-09-17T07:05Z,3715,g98e5,2.109
2026-09-17T07:05Z,3721,g95e5,2.019
2026-09-17T07:05Z,3721,gA,1.949
2026-09-17T07:05Z,3721,gP,2.039
2026-09-17T07:05Z,3721,g98e5,2.159
2026-09-17T07:05Z,3763,g95e5,2.015
2026-09-17T07:05Z,3769,g95e5,1.799
2026-09-17T07:05Z,3769,g98e5,1.939
2026-09-17T07:05Z,3770,gA,1.949
2026-09-17T07:05Z,3796,gA,1.945
2026-09-17T07:05Z,3823,g95e5,2.039
2026-09-17T07:05Z,3823,gA,1.945
2026-09-17T07:05Z,3842,g95e5,2.039
2026-09-17T07:05Z,3842,gA,2.005
2026-09-17T07:05Z,3842,gP,2.135
2026-09-17T07:05Z,3842,g98e5,2.199
2026-09-17T07:05Z,3847,gA,1.945
2026-09-17T07:05Z,3862,gA,2.019
2026-09-17T07:05Z,3893,g95e5,2.039
2026-09-17T07:05Z,3893,gA,2.005
2026-09-17T07:05Z,3893,gP,2.135
2026-09-17T07:05Z,3893,g98e5,2.199
2026-09-17T07:05Z,3920,g95e5,1.989
2026-09-17T07:05Z,3920,gA,1.955
2026-09-17T07:05Z,3920,gP,2.045
2026-09-17T07:05Z,3920,g98e5,2.129
2026-09-17T07:05Z,3930,g95e5,1.989
2026-09-17T07:05Z,3930,gA,1.955
2026-09-17T07:05Z,3930,gP,2.045
2026-09-17T07:05Z,3930,g98e5,2.129
2026-09-17T07:05Z,4003,g95e5,2.009
2026-09-17T07:05Z,4003,gA,1.949
2026-09-17T07:05Z,4003,gP,2.019
2026-09-17T07:05Z,4003,g98e5,2.139
2026-09-17T07:05Z,4023,g95e5,2.057
2026-09-17T07:05Z,4023,gA,2.057
2026-09-17T07:05Z,4027,g95e5,2.019
2026-09-17T07:05Z,4027,gA,1.959
2026-09-17T07:05Z,4027,gB,1.799
2026-09-17T07:05Z,4034,gA,1.985
2026-09-17T07:05Z,4036,gA,1.969
2026-09-17T07:05Z,4059,g95e5,2.109
2026-09-17T07:05Z,4059,gA,2.039
2026-09-17T07:05Z,4059,gP,2.099
2026-09-17T07:05Z,4059,g98e5,2.269
2026-09-17T07:05Z,4066,g95e5,2.039
2026-09-17T07:05Z,4066,gA,2.005
2026-09-17T07:05Z,4066,gP,2.135
2026-09-17T07:05Z,4066,g98e5,2.199
2026-09-17T07:05Z,4088,g95e5,2.089
2026-09-17T07:05Z,4088,gA,2.005
2026-09-17T07:05Z,4091,g95e5,2.079
2026-09-17T07:05Z,4093,gA,1.985
2026-09-17T07:05Z,4097,g95e5,2.029
2026-09-17T07:05Z,4127,gA,1.995
2026-09-17T07:05Z,4163,gA,1.999
2026-09-17T07:05Z,4163,gP,2.119
2026-09-17T07:05Z,4175,g95e5,1.989
2026-09-17T07:05Z,4175,gA,1.954
2026-09-17T07:05Z,4175,gP,2.049
2026-09-17T07:05Z,4175,g98e5,2.135
2026-09-17T07:05Z,4175,gB,1.823
2026-09-17T07:05Z,4177,g95e5,1.869
2026-09-17T07:05Z,4177,gA,1.869
2026-09-17T07:05Z,4177,gP,1.869
2026-09-17T07:05Z,4177,gB,1.688
2026-09-17T07:05Z,4188,gA,1.999
2026-09-17T07:05Z,4188,gP,2.119
2026-09-17T07:05Z,4225,gA,2.025
2026-09-17T07:05Z,4232,g95e5,2.019
2026-09-17T07:05Z,4232,gA,2.009
2026-09-17T07:05Z,4232,gP,2.119
2026-09-17T07:05Z,4232,g98e5,2.129
2026-09-17T07:05Z,4236,g95e5,1.999
2026-09-17T07:05Z,4236,gA,1.979
2026-09-17T07:05Z,4236,gP,2.029
2026-09-17T07:05Z,4236,g98e5,2.079
2026-09-17T07:05Z,4236,g95e5p,2.039
2026-09-17T07:05Z,4236,gB,2.028
2026-09-17T07:05Z,4254,gA,1.999
2026-09-17T07:05Z,4254,gP,2.119
2026-09-17T07:05Z,4260,g95e5,1.959
2026-09-17T07:05Z,4260,gA,1.959
2026-09-17T07:05Z,4260,gP,2.063
2026-09-17T07:05Z,4260,g98e5,2.113
2026-09-17T07:05Z,4261,gA,1.969
2026-09-17T07:05Z,4261,gB,1.839
2026-09-17T07:05Z,4264,gA,1.979
2026-09-17T07:05Z,4264,gP,2.104
2026-09-17T07:05Z,4265,gA,1.979
2026-09-17T07:05Z,4265,gP,2.104
2026-09-17T07:05Z,4282,gA,1.969
2026-09-17T07:05Z,4290,g95e5,1.995
2026-09-17T07:05Z,4305,g95e5,2.005
2026-09-17T07:05Z,4305,gA,2.115
2026-09-17T07:05Z,4305,g98e5,2.115
2026-09-17T07:05Z,4306,g95e5,2.015
2026-09-17T07:05Z,4312,gA,2.009
2026-09-17T07:05Z,4312,gP,2.124
2026-09-17T07:05Z,4326,g95e5,2.069
2026-09-17T07:05Z,4326,gA,2.029
2026-09-17T07:05Z,4337,gA,2.059
2026-09-17T07:05Z,4344,gA,2.028
2026-09-17T07:05Z,4358,gA,2.049
2026-09-17T07:05Z,4363,g95e5,2.029
2026-09-17T07:05Z,4363,gA,2.019
2026-09-17T07:05Z,4363,gP,2.134
2026-09-17T07:05Z,4363,g95e5p,2.139
2026-09-17T07:05Z,4364,g95e5,2.029
2026-09-17T07:05Z,4364,gA,2.019
2026-09-17T07:05Z,4364,gP,2.134
2026-09-17T07:05Z,4364,g95e5p,2.139
2026-09-17T07:05Z,4410,g95e5,1.999
2026-09-17T07:05Z,4410,gA,1.989
2026-09-17T07:05Z,4410,g98e5,2.139
2026-09-17T07:05Z,4410,gB,1.889
2026-09-17T07:05Z,4412,gA,1.849
2026-09-17T07:05Z,4412,gP,1.889
2026-09-17T07:05Z,4460,g95e5,2.039
2026-09-17T07:05Z,4460,gA,2.029
2026-09-17T07:05Z,4460,gP,2.124
2026-09-17T07:05Z,4460,g98e5,2.139
2026-09-17T07:05Z,4462,gA,2.029
2026-09-17T07:05Z,4481,gA,2.019
2026-09-17T07:05Z,4481,gP,2.124
2026-09-17T07:05Z,4484,gA,2.005
2026-09-17T07:05Z,4492,g95e5,2.049
2026-09-17T07:05Z,4524,gA,2.035
2026-09-17T07:05Z,4543,gA,2.069
2026-09-17T07:05Z,4550,g95e5,1.999
2026-09-17T07:05Z,4550,gA,1.999
2026-09-17T07:05Z,4550,gP,2.019
2026-09-17T07:05Z,4550,g95e5p,2.039
2026-09-17T07:05Z,4551,g95e5,2.029
2026-09-17T07:05Z,4551,gA,2.019
2026-09-17T07:05Z,4551,gP,2.134
2026-09-17T07:05Z,4551,g98e5,2.139
2026-09-17T07:05Z,4569,g95e5,2.029
2026-09-17T07:05Z,4569,g95e5p,2.069
2026-09-17T07:05Z,4577,g95e5,2.029
2026-09-17T07:05Z,4581,g95e5,2.009
2026-09-17T07:05Z,4581,gA,1.989
2026-09-17T07:05Z,4581,gP,2.084
2026-09-17T07:05Z,4581,g98e5,2.119
2026-09-17T07:05Z,4587,g95e5,2.029
2026-09-17T07:05Z,4587,gA,2.019
2026-09-17T07:05Z,4587,gP,2.134
2026-09-17T07:05Z,4587,g95e5p,2.069
2026-09-17T07:05Z,4614,gA,2.029
2026-09-17T07:05Z,4620,gA,2.009
2026-09-17T07:05Z,4641,g95e5,2.019
2026-09-17T07:05Z,4641,gA,2.025
2026-09-17T07:05Z,4647,g95e5,2.039
2026-09-17T07:05Z,4647,gA,2.019
2026-09-17T07:05Z,4647,gP,2.124
2026-09-17T07:05Z,4647,g95e5p,2.089
2026-09-17T07:05Z,4648,g95e5,2.039
2026-09-17T07:05Z,4648,gA,2.039
2026-09-17T07:05Z,4648,gP,2.124
2026-09-17T07:05Z,4648,g95e5p,2.119
2026-09-17T07:05Z,4661,g95e5,2.049
2026-09-17T07:05Z,4661,gA,2.019
2026-09-17T07:05Z,4661,g98e5,2.169
2026-09-17T07:05Z,4672,g95e5,1.829
2026-09-17T07:05Z,4672,gA,1.849
2026-09-17T07:05Z,4672,gP,1.899
2026-09-17T07:05Z,4672,g95e5p,1.879
2026-09-17T07:05Z,4673,g95e5,1.834
2026-09-17T07:05Z,4673,gA,1.854
2026-09-17T07:05Z,4673,gP,1.904
2026-09-17T07:05Z,4673,g95e5p,1.884
2026-09-17T07:05Z,4694,gA,2.003
2026-09-17T07:05Z,4694,gP,2.053
2026-09-17T07:05Z,4700,g95e5,1.944
2026-09-17T07:05Z,4700,gA,1.939
2026-09-17T07:05Z,4700,gP,1.989
2026-09-17T07:05Z,4700,g98e5,2.099
2026-09-17T07:05Z,4708,g95e5,2.029
2026-09-17T07:05Z,4708,gA,2.019
2026-09-17T07:05Z,4708,gP,2.134
2026-09-17T07:05Z,4708,g95e5p,2.099
2026-09-17T07:05Z,4742,g95e5,2.028
2026-09-17T07:05Z,4742,gA,1.998
2026-09-17T07:05Z,4742,gP,2.058
2026-09-17T07:05Z,4742,g98e5,2.128
2026-09-17T07:05Z,4755,gA,1.999
2026-09-17T07:05Z,4755,gP,2.099
2026-09-17T07:05Z,4758,gA,2.039
2026-09-17T07:05Z,4759,gA,2.019
2026-09-17T07:05Z,4759,gP,2.124
2026-09-17T07:05Z,4776,gA,2.099
2026-09-17T07:05Z,4790,g95e5,2.019
2026-09-17T07:05Z,4790,gA,2.019
2026-09-17T07:05Z,4790,gP,2.119
2026-09-17T07:05Z,4790,g98e5,2.159
2026-09-17T07:05Z,4790,gB,1.989
2026-09-17T07:05Z,4823,g95e5,1.959
2026-09-17T07:05Z,4823,gA,1.969
2026-09-17T07:05Z,4841,gA,2.025
2026-09-17T07:05Z,4847,g95e5,1.989
2026-09-17T07:05Z,4847,gA,1.999
2026-09-17T07:05Z,4847,gP,2.049
2026-09-17T07:05Z,4847,g95e5p,2.029
2026-09-17T07:05Z,4863,g95e5,1.989
2026-09-17T07:05Z,4863,gA,1.979
2026-09-17T07:05Z,4863,gP,2.094
2026-09-17T07:05Z,4863,g95e5p,2.029
2026-09-17T07:05Z,4886,gA,2.059
2026-09-17T07:05Z,4886,gP,2.124
2026-09-17T07:05Z,4935,gA,1.899
2026-09-17T07:05Z,4935,gP,1.919
2026-09-17T07:05Z,4936,g95e5,1.989
2026-09-17T07:05Z,4936,gA,1.999
2026-09-17T07:05Z,4936,g98e5,2.089
2026-09-17T07:05Z,4937,g95e5,1.919
2026-09-17T07:05Z,4937,gA,1.859
2026-09-17T07:05Z,4937,gP,1.859
2026-09-17T07:05Z,4937,g95e5p,1.919
2026-09-17T07:05Z,4938,g95e5,1.869
2026-09-17T07:05Z,4938,gA,1.779
2026-09-17T07:05Z,4939,gA,1.899
2026-09-17T07:05Z,4939,gP,1.919
2026-09-17T07:05Z,4965,gA,1.979
2026-09-17T07:05Z,4965,gP,2.029
2026-09-17T07:05Z,4981,gA,2.049
2026-09-17T07:05Z,4981,gP,2.144
2026-09-17T07:05Z,4993,g95e5,1.969
2026-09-17T07:05Z,4993,gA,1.992
2026-09-17T07:05Z,4993,gP,2.060
2026-09-17T07:05Z,4993,g98e5,2.069
2026-09-17T07:05Z,4993,g95e5p,2.019
2026-09-17T07:05Z,4993,gB,1.780
2026-09-17T07:05Z,5006,g95e5,1.989
2026-09-17T07:05Z,5006,gA,2.039
2026-09-17T07:05Z,5006,gP,2.104
2026-09-17T07:05Z,5006,g98e5,2.039
2026-09-17T07:05Z,5038,g95e5,1.949
2026-09-17T07:05Z,5065,g95e5,1.989
2026-09-17T07:05Z,5065,gA,1.999
2026-09-17T07:05Z,5069,g95e5,2.048
2026-09-17T07:05Z,5069,gA,1.968
2026-09-17T07:05Z,5069,gP,2.048
2026-09-17T07:05Z,5069,g98e5,2.188
2026-09-17T07:05Z,5074,g95e5,2.034
2026-09-17T07:05Z,5074,g95e5p,2.084
2026-09-17T07:05Z,5078,gA,2.005
2026-09-17T07:05Z,5081,g95e5,1.999
2026-09-17T07:05Z,5081,gA,2.059
2026-09-17T07:05Z,5081,gP,2.109
2026-09-17T07:05Z,5081,g98e5,2.099
2026-09-17T07:05Z,5085,gA,1.879
2026-09-17T07:05Z,5140,gA,1.995
2026-09-17T07:05Z,5152,g95e5,2.019
2026-09-17T07:05Z,5152,gA,1.989
2026-09-17T07:05Z,5152,g98e5,2.179
2026-09-17T07:05Z,5159,gA,2.045
2026-09-17T07:05Z,5174,gA,2.039
2026-09-17T07:05Z,5174,gP,2.124
2026-09-17T07:05Z,5186,g95e5,2.019
2026-09-17T07:05Z,5186,gA,2.029
2026-09-17T07:05Z,5186,gP,2.139
2026-09-17T07:05Z,5186,g95e5p,2.089
2026-09-17T07:05Z,5222,g95e5,2.029
2026-09-17T07:05Z,5222,gA,2.019
2026-09-17T07:05Z,5222,g98e5,2.179
2026-09-17T07:05Z,5248,g95e5,1.939
2026-09-17T07:05Z,5248,gA,1.929
2026-09-17T07:05Z,5248,gB,1.599
2026-09-17T07:05Z,5261,gA,2.039
2026-09-17T07:05Z,5261,gB,1.759
2026-09-17T07:05Z,5277,g95e5,2.039
2026-09-17T07:05Z,5277,gA,2.019
2026-09-17T07:05Z,5277,g98e5,2.189
2026-09-17T07:05Z,5277,gB,1.839
2026-09-17T07:05Z,5295,gA,1.979
2026-09-17T07:05Z,5295,gP,2.059
2026-09-17T07:05Z,5348,gA,2.008
2026-09-17T07:05Z,5357,g95e5,2.049
2026-09-17T07:05Z,5357,gA,2.025
2026-09-17T07:05Z,5358,g95e5,1.919
2026-09-17T07:05Z,5358,gA,1.889
2026-09-17T07:05Z,5358,gP,1.999
2026-09-17T07:05Z,5358,g98e5,2.169
2026-09-17T07:05Z,5358,gB,1.629
2026-09-17T07:05Z,5367,gA,2.009
2026-09-17T07:05Z,5367,gP,2.109
2026-09-17T07:05Z,5376,gA,2.035
2026-09-17T07:05Z,5420,g95e5,1.999
2026-09-17T07:05Z,5420,gA,1.969
2026-09-17T07:05Z,5420,gP,1.999
2026-09-17T07:05Z,5441,gA,2.015
2026-09-17T07:05Z,5444,gA,1.929
2026-09-17T07:05Z,5449,gA,1.939
2026-09-17T07:05Z,5450,g95e5,2.069
2026-09-17T07:05Z,5450,gA,2.019
2026-09-17T07:05Z,5450,g98e5,2.209
2026-09-17T07:05Z,5464,g95e5,1.989
2026-09-17T07:05Z,5464,gA,2.049
2026-09-17T07:05Z,5464,gP,2.129
2026-09-17T07:05Z,5474,g95e5,2.079
2026-09-17T07:05Z,5474,gA,2.089
2026-09-17T07:05Z,5474,gP,2.149
2026-09-17T07:05Z,5474,g98e5,2.199
2026-09-17T07:05Z,5512,gA,1.838
2026-09-17T07:05Z,5512,gP,1.908
2026-09-17T07:05Z,5523,g95e5,1.989
2026-09-17T07:05Z,5523,gA,1.999
2026-09-17T07:05Z,5523,gP,2.099
2026-09-17T07:05Z,5541,gA,2.055
2026-09-17T07:05Z,5542,g95e5,1.865
2026-09-17T07:05Z,5542,gA,1.885
2026-09-17T07:05Z,5542,gP,1.945
2026-09-17T07:05Z,5556,g95e5,2.009
2026-09-17T07:05Z,5562,g95e5,1.879
2026-09-17T07:05Z,5562,gA,1.869
2026-09-17T07:05Z,5595,g95e5,1.819
2026-09-17T07:05Z,5595,gA,1.799
2026-09-17T07:05Z,5625,g95e5,1.969
2026-09-17T07:05Z,5625,gA,2.019
2026-09-17T07:05Z,5625,gP,2.094
2026-09-17T07:05Z,5631,gA,1.989
2026-09-17T07:05Z,5631,gP,2.069
2026-09-17T07:05Z,5631,g98e5,2.139
2026-09-17T07:05Z,5633,g95e5,2.019
2026-09-17T07:05Z,5633,gA,1.989
2026-09-17T07:05Z,5633,gP,2.089
2026-09-17T07:05Z,5633,gB,1.599
2026-09-17T07:05Z,5640,g95e5,1.999
2026-09-17T07:05Z,5640,gA,1.998
2026-09-17T07:05Z,5640,gP,2.112
2026-09-17T07:05Z,5647,g95e5,1.944
2026-09-17T07:05Z,5682,g95e5,2.005
2026-09-17T07:05Z,5682,gA,2.009
2026-09-17T07:05Z,5682,gP,2.059
2026-09-17T07:05Z,5682,g98e5,2.165
2026-09-17T07:05Z,5689,g95e5,2.049
2026-09-17T07:05Z,5689,gA,2.034
2026-09-17T07:05Z,5689,gP,2.084
2026-09-17T07:05Z,5713,gA,1.959
2026-09-17T07:05Z,5746,g95e5,2.039
2026-09-17T07:05Z,5746,gA,2.039
2026-09-17T07:05Z,5746,gP,2.139
2026-09-17T07:05Z,5746,g98e5,2.199
2026-09-17T07:05Z,5746,g95e5p,2.099
2026-09-17T07:05Z,5794,g95e5,1.859
2026-09-17T07:05Z,5794,gA,1.849
2026-09-17T07:05Z,5794,gP,1.899
2026-09-17T07:05Z,5794,g95e5p,1.909
2026-09-17T07:05Z,5815,g95e5,1.909
2026-09-17T07:05Z,5815,gA,1.959
2026-09-17T07:05Z,5877,gA,2.039
2026-09-17T07:05Z,5877,gP,2.134
2026-09-17T07:05Z,5934,gA,2.009
2026-09-17T07:05Z,5962,g95e5,1.989
2026-09-17T07:05Z,5962,gA,2.033
2026-09-17T07:05Z,5962,gP,2.129
2026-09-17T07:05Z,5964,g95e5,2.059
2026-09-17T07:05Z,5964,gA,2.033
2026-09-17T07:05Z,5964,gP,2.159
2026-09-17T07:05Z,5964,g98e5,2.159
2026-09-17T07:05Z,5990,g95e5,2.019
2026-09-17T07:05Z,5990,gA,2.009
2026-09-17T07:05Z,5990,gP,2.069
2026-09-17T07:05Z,5990,g98e5,2.139
2026-09-17T07:05Z,5990,gB,1.709
2026-09-17T07:05Z,6004,g95e5,2.059
2026-09-17T07:05Z,6004,gA,1.999
2026-09-17T07:05Z,6004,g98e5,2.219
2026-09-17T07:05Z,6004,gB,1.769
2026-09-17T07:05Z,6014,gA,2.049
2026-09-17T07:05Z,6025,gA,2.049
2026-09-17T07:05Z,6025,gB,1.839
2026-09-17T07:05Z,6026,gA,2.049
2026-09-17T07:05Z,6026,gB,1.839
2026-09-17T07:05Z,6068,g95e5,2.039
2026-09-17T07:05Z,6068,gA,1.999
2026-09-17T07:05Z,6068,gP,2.099
2026-09-17T07:05Z,6068,g95e5p,2.119
2026-09-17T07:05Z,6071,gA,1.999
2026-09-17T07:05Z,6129,g95e5,2.019
2026-09-17T07:05Z,6129,gA,2.039
2026-09-17T07:05Z,6129,gP,2.114
2026-09-17T07:05Z,6129,g95e5p,2.069
2026-09-17T07:05Z,6140,g95e5,2.039
2026-09-17T07:05Z,6141,g95e5,2.039
2026-09-17T07:05Z,6167,g95e5,2.029
2026-09-17T07:05Z,6167,gA,2.029
2026-09-17T07:05Z,6167,gB,1.699
2026-09-17T07:05Z,6169,gA,2.049
2026-09-17T07:05Z,6169,gP,2.129
2026-09-17T07:05Z,6169,gB,1.809
2026-09-17T07:05Z,6189,g95e5,1.999
2026-09-17T07:05Z,6189,gA,1.979
2026-09-17T07:05Z,6189,gB,1.679
2026-09-17T07:05Z,6223,gA,1.989
2026-09-17T07:05Z,6223,gB,1.799
2026-09-17T07:05Z,6227,g95e5,2.075
2026-09-17T07:05Z,6227,gA,2.085
2026-09-17T07:05Z,6235,gA,1.899
2026-09-17T07:05Z,6235,gP,1.949
2026-09-17T07:05Z,6237,gA,1.899
2026-09-17T07:05Z,6237,gP,1.949
2026-09-17T07:05Z,6256,g95e5,2.059
2026-09-17T07:05Z,6256,gA,2.059
2026-09-17T07:05Z,6256,gP,2.149
2026-09-17T07:05Z,6256,g98e5,2.239
2026-09-17T07:05Z,6259,gA,2.045
2026-09-17T07:05Z,6260,gA,2.079
2026-09-17T07:05Z,6277,gA,2.045
2026-09-17T07:05Z,6281,gA,1.999
2026-09-17T07:05Z,6281,gP,2.099
2026-09-17T07:05Z,6293,g95e5,1.944
2026-09-17T07:05Z,6293,gA,1.954
2026-09-17T07:05Z,6293,gP,2.004
2026-09-17T07:05Z,6293,g98e5,2.069
2026-09-17T07:05Z,6298,g95e5,2.025
2026-09-17T07:05Z,6298,gA,2.025
2026-09-17T07:05Z,6298,gP,2.125
2026-09-17T07:05Z,6298,g98e5,2.185
2026-09-17T07:05Z,6300,gA,1.995
2026-09-17T07:05Z,6310,gA,1.998
2026-09-17T07:05Z,6341,g95e5,1.965
2026-09-17T07:05Z,6341,gA,1.959
2026-09-17T07:05Z,6341,gP,2.059
2026-09-17T07:05Z,6341,g98e5,2.125
2026-09-17T07:05Z,6382,g95e5,2.019
2026-09-17T07:05Z,6382,gA,2.009
2026-09-17T07:05Z,6382,gP,2.079
2026-09-17T07:05Z,6382,g98e5,2.189
2026-09-17T07:05Z,6391,g95e5,2.039
2026-09-17T07:05Z,6391,gA,2.069
2026-09-17T07:05Z,6391,gP,2.134
2026-09-17T07:05Z,6391,g98e5,2.119
2026-09-17T07:05Z,6409,g95e5,2.065
2026-09-17T07:05Z,6409,gA,2.075
2026-09-17T07:05Z,6412,gA,2.055
2026-09-17T07:05Z,6414,g95e5,2.049
2026-09-17T07:05Z,6414,gA,2.059
2026-09-17T07:05Z,6414,gP,2.134
2026-09-17T07:05Z,6414,g98e5,2.149
2026-09-17T07:05Z,6440,g95e5,1.989
2026-09-17T07:05Z,6440,gA,1.999
2026-09-17T07:05Z,6440,gP,2.099
2026-09-17T07:05Z,6440,g98e5,2.149
2026-09-17T07:05Z,6463,g95e5,2.025
2026-09-17T07:05Z,6463,gA,2.049
2026-09-17T07:05Z,6463,gP,2.159
2026-09-17T07:05Z,6463,g98e5,2.215
2026-09-17T07:05Z,6463,gB,1.835
2026-09-17T07:05Z,6472,gA,2.065
2026-09-17T07:05Z,6472,gP,2.175
2026-09-17T07:05Z,6482,g95e5,2.029
2026-09-17T07:05Z,6482,gA,1.999
2026-09-17T07:05Z,6482,gP,2.089
2026-09-17T07:05Z,6482,g98e5,2.129
2026-09-17T07:05Z,6519,gA,2.065
2026-09-17T07:05Z,6519,gP,2.175
2026-09-17T07:05Z,6519,gB,1.895
2026-09-17T07:05Z,6545,g95e5,1.809
2026-09-17T07:05Z,6545,gA,1.835
2026-09-17T07:05Z,6547,g95e5,1.809
2026-09-17T07:05Z,6547,gA,1.835
2026-09-17T07:05Z,6548,g95e5,2.009
2026-09-17T07:05Z,6548,gA,2.009
2026-09-17T07:05Z,6548,gP,2.099
2026-09-17T07:05Z,6548,g98e5,2.149
2026-09-17T07:05Z,6572,g95e5,1.979
2026-09-17T07:05Z,6572,gA,1.989
2026-09-17T07:05Z,6572,gP,2.054
2026-09-17T07:05Z,6572,g95e5p,2.029
2026-09-17T07:05Z,6586,g95e5,2.009
2026-09-17T07:05Z,6586,gA,1.979
2026-09-17T07:05Z,6586,gP,2.054
2026-09-17T07:05Z,6586,g95e5p,2.049
2026-09-17T07:05Z,6592,g95e5,1.849
2026-09-17T07:05Z,6592,gA,1.849
2026-09-17T07:05Z,6593,g95e5,1.849
2026-09-17T07:05Z,6593,gA,1.849
2026-09-17T07:05Z,6594,g95e5,2.019
2026-09-17T07:05Z,6594,gA,1.999
2026-09-17T07:05Z,6594,gP,2.089
2026-09-17T07:05Z,6594,g98e5,2.099
2026-09-17T07:05Z,6600,g95e5,2.019
2026-09-17T07:05Z,6600,gA,1.989
2026-09-17T07:05Z,6600,gP,2.064
2026-09-17T07:05Z,6600,g98e5,2.119
2026-09-17T07:05Z,6602,g95e5,2.009
2026-09-17T07:05Z,6602,gA,1.989
2026-09-17T07:05Z,6602,gP,2.079
2026-09-17T07:05Z,6602,g98e5,2.149
2026-09-17T07:05Z,6623,g95e5,1.995
2026-09-17T07:05Z,6623,gA,2.055
2026-09-17T07:05Z,6625,gA,2.029
2026-09-17T07:05Z,6629,g95e5,1.959
2026-09-17T07:05Z,6629,gA,1.989
2026-09-17T07:05Z,6629,gP,2.089
2026-09-17T07:05Z,6629,g98e5,2.159
2026-09-17T07:05Z,6655,gA,2.039
2026-09-17T07:05Z,6655,gP,2.089
2026-09-17T07:05Z,6661,g95e5,1.849
2026-09-17T07:05Z,6661,gA,1.849
2026-09-17T07:05Z,6661,gP,1.929
2026-09-17T07:05Z,6661,g98e5,1.909
2026-09-17T07:05Z,6674,g95e5,2.059
2026-09-17T07:05Z,6674,gA,2.059
2026-09-17T07:05Z,6674,g98e5,2.189
2026-09-17T07:05Z,6674,gB,1.899
2026-09-17T07:05Z,6676,gB,1.630
2026-09-17T07:05Z,6681,gA,1.975
2026-09-17T07:05Z,6682,gA,1.975
2026-09-17T07:05Z,6693,g95e5,1.989
2026-09-17T07:05Z,6693,gA,2.019
2026-09-17T07:05Z,6693,g95e5p,2.039
2026-09-17T07:05Z,6699,gA,1.975
2026-09-17T07:05Z,6763,gB,1.839
2026-09-17T07:05Z,6764,g95e5,1.949
2026-09-17T07:05Z,6764,gA,2.029
2026-09-17T07:05Z,6764,gP,2.119
2026-09-17T07:05Z,6764,gB,1.759
2026-09-17T07:05Z,6783,g95e5,1.989
2026-09-17T07:05Z,6783,gA,2.049
2026-09-17T07:05Z,6783,gP,2.144
2026-09-17T07:05Z,6783,g95e5p,2.059
2026-09-17T07:05Z,6785,gA,2.049
2026-09-17T07:05Z,6785,gP,2.129
2026-09-17T07:05Z,6796,g95e5,1.955
2026-09-17T07:05Z,6796,gA,2.005
2026-09-17T07:05Z,6796,gP,2.105
2026-09-17T07:05Z,6821,g95e5,2.015
2026-09-17T07:05Z,6821,gA,2.049
2026-09-17T07:05Z,6821,g98e5,2.175
2026-09-17T07:05Z,6821,gB,1.835
2026-09-17T07:05Z,6835,gA,2.019
2026-09-17T07:05Z,6835,gP,2.119
2026-09-17T07:05Z,6844,g95e5,1.999
2026-09-17T07:05Z,6844,gA,1.965
2026-09-17T07:05Z,6844,gP,2.055
2026-09-17T07:05Z,6844,g98e5,2.139
2026-09-17T07:05Z,6861,gA,2.009
2026-09-17T07:05Z,6878,g95e5,2.049
2026-09-17T07:05Z,6878,gA,2.089
2026-09-17T07:05Z,6878,gP,2.189
2026-09-17T07:05Z,6878,g98e5,2.199
2026-09-17T07:05Z,6878,gB,1.849
2026-09-17T07:05Z,6883,g95e5,2.029
2026-09-17T07:05Z,6883,gA,1.989
2026-09-17T07:05Z,6883,gP,2.079
2026-09-17T07:05Z,6883,g95e5p,2.089
2026-09-17T07:05Z,6889,g95e5,2.009
2026-09-17T07:05Z,6889,gA,1.969
2026-09-17T07:05Z,6889,gP,2.059
2026-09-17T07:05Z,6903,gA,2.009
2026-09-17T07:05Z,6903,gB,1.799
2026-09-17T07:05Z,6908,gA,2.059
2026-09-17T07:05Z,6927,g95e5,2.029
2026-09-17T07:05Z,6927,gA,1.985
2026-09-17T07:05Z,6927,gP,2.079
2026-09-17T07:05Z,6927,g95e5p,2.089
2026-09-17T07:05Z,6953,g95e5,2.019
2026-09-17T07:05Z,6953,gA,2.049
2026-09-17T07:05Z,6953,gB,1.839
2026-09-17T07:05Z,6961,gA,2.065
2026-09-17T07:05Z,6964,gA,2.015
2026-09-17T07:05Z,6969,gA,2.075
2026-09-17T07:05Z,6972,gA,2.045
2026-09-17T07:05Z,6984,g95e5,2.009
2026-09-17T07:05Z,6984,gA,1.969
2026-09-17T07:05Z,6984,gP,2.059
2026-09-17T07:05Z,6987,gA,2.029
2026-09-17T07:05Z,6987,gP,2.079
2026-09-17T07:05Z,6992,g95e5,1.979
2026-09-17T07:05Z,6992,gA,1.989
2026-09-17T07:05Z,6992,gP,2.039
2026-09-17T07:05Z,6992,g95e5p,2.039
2026-09-17T07:05Z,7001,g95e5,1.989
2026-09-17T07:05Z,7001,gA,2.039
2026-09-17T07:05Z,7001,gP,2.169
2026-09-17T07:05Z,7001,gB,1.849
2026-09-17T07:05Z,7007,g95e5,1.999
2026-09-17T07:05Z,7007,gA,1.949
2026-09-17T07:05Z,7007,gP,1.999
2026-09-17T07:05Z,7007,g98e5,2.169
2026-09-17T07:05Z,7072,g95e5,1.929
2026-09-17T07:05Z,7072,gA,1.889
2026-09-17T07:05Z,7086,g95e5,2.029
2026-09-17T07:05Z,7089,gA,2.045
2026-09-17T07:05Z,7092,g95e5,2.008
2026-09-17T07:05Z,7092,gA,1.973
2026-09-17T07:05Z,7108,g95e5,1.979
2026-09-17T07:05Z,7108,gA,1.979
2026-09-17T07:05Z,7108,gP,2.059
2026-09-17T07:05Z,7108,g98e5,2.099
2026-09-17T07:05Z,7120,gA,2.005
2026-09-17T07:05Z,7134,gA,2.005
2026-09-17T07:05Z,7137,g95e5,2.039
2026-09-17T07:05Z,7137,gA,2.055
2026-09-17T07:05Z,7137,gP,2.115
2026-09-17T07:05Z,7137,g98e5,2.159
2026-09-17T07:05Z,7152,g95e5,2.015
2026-09-17T07:05Z,7152,gA,2.039
2026-09-17T07:05Z,7152,gP,2.139
2026-09-17T07:05Z,7152,g98e5,2.125
2026-09-17T07:05Z,7170,g95e5,2.049
2026-09-17T07:05Z,7170,gA,2.015
2026-09-17T07:05Z,7170,gP,2.125
2026-09-17T07:05Z,7170,g98e5,2.188
2026-09-17T07:05Z,7206,g95e5,1.869
2026-09-17T07:05Z,7206,gA,1.869
2026-09-17T07:05Z,7209,g95e5,2.039
2026-09-17T07:05Z,7217,g95e5,1.889
2026-09-17T07:05Z,7217,gA,1.889
2026-09-17T07:05Z,7240,gA,2.089
2026-09-17T07:05Z,7256,g95e5,2.019
2026-09-17T07:05Z,7256,gA,2.005
2026-09-17T07:05Z,7256,gP,2.095
2026-09-17T07:05Z,7256,g98e5,2.159
2026-09-17T07:05Z,7260,g95e5,1.995
2026-09-17T07:05Z,7260,gA,2.005
2026-09-17T07:05Z,7260,gP,2.095
2026-09-17T07:05Z,7260,g98e5,2.135
2026-09-17T07:05Z,7304,g95e5,1.999
2026-09-17T07:05Z,7304,gA,1.999
2026-09-17T07:05Z,7304,g98e5,2.065
2026-09-17T07:05Z,7304,g95e5p,2.065
2026-09-17T07:05Z,7305,g95e5,1.999
2026-09-17T07:05Z,7305,gA,1.999
2026-09-17T07:05Z,7305,gP,2.085
2026-09-17T07:05Z,7305,g98e5,2.065
2026-09-17T07:05Z,7305,g95e5p,2.065
2026-09-17T07:05Z,7314,g95e5,1.999
2026-09-17T07:05Z,7314,gA,2.045
2026-09-17T07:05Z,7314,gP,2.139
2026-09-17T07:05Z,7314,g95e5p,2.075
2026-09-17T07:05Z,7328,g95e5,1.989
2026-09-17T07:05Z,7328,gA,2.039
2026-09-17T07:05Z,7328,gP,2.129
2026-09-17T07:05Z,7343,g95e5,2.050
2026-09-17T07:05Z,7343,gA,2.050
2026-09-17T07:05Z,7343,gP,2.100
2026-09-17T07:05Z,7343,g98e5,2.200
2026-09-17T07:05Z,7347,g95e5,2.025
2026-09-17T07:05Z,7347,gA,2.035
2026-09-17T07:05Z,7347,g98e5,2.185
2026-09-17T07:05Z,7359,g95e5,1.869
2026-09-17T07:05Z,7359,gA,1.868
2026-09-17T07:05Z,7360,g95e5,1.979
2026-09-17T07:05Z,7360,gA,1.979
2026-09-17T07:05Z,7360,gP,2.009
2026-09-17T07:05Z,7360,g98e5,2.069
2026-09-17T07:05Z,7408,gA,2.065
2026-09-17T07:05Z,7421,gA,2.049
2026-09-17T07:05Z,7426,gA,2.055
2026-09-17T07:05Z,7433,gA,2.005
2026-09-17T07:05Z,7435,gA,2.035
2026-09-17T07:05Z,7439,gA,2.089
2026-09-17T07:05Z,7458,g98e5,2.194
2026-09-17T07:05Z,7458,g95e5p,2.074
2026-09-17T07:05Z,7461,g95e5,2.029
2026-09-17T07:05Z,7483,g95e5,1.959
2026-09-17T07:05Z,7483,gA,1.949
2026-09-17T07:05Z,7534,g95e5,2.029
2026-09-17T07:05Z,7534,gA,2.049
2026-09-17T07:05Z,7534,gP,2.129
2026-09-17T07:05Z,7534,g98e5,2.209
2026-09-17T07:05Z,7543,g95e5,2.058
2026-09-17T07:05Z,7543,gA,2.102
2026-09-17T07:05Z,7543,gP,2.182
2026-09-17T07:05Z,7543,g98e5,2.198
2026-09-17T07:05Z,7543,gB,1.987
2026-09-17T07:05Z,7546,g95e5,2.009
2026-09-17T07:05Z,7546,gA,1.999
2026-09-17T07:05Z,7546,gP,2.069
2026-09-17T07:05Z,7546,g98e5,2.179
2026-09-17T07:05Z,7546,gB,1.709
2026-09-17T07:05Z,7551,gA,2.075
2026-09-17T07:05Z,7584,g95e5,1.995
2026-09-17T07:05Z,7584,gA,2.015
2026-09-17T07:05Z,7584,gP,2.069
2026-09-17T07:05Z,7584,g98e5,2.105
2026-09-17T07:05Z,7587,g95e5,2.009
2026-09-17T07:05Z,7587,gA,2.069
2026-09-17T07:05Z,7587,gP,2.139
2026-09-17T07:05Z,7594,g95e5,1.969
2026-09-17T07:05Z,7594,g95e5p,2.019
2026-09-17T07:05Z,7601,g95e5,1.987
2026-09-17T07:05Z,7601,gA,1.978
2026-09-17T07:05Z,7601,gB,1.748
2026-09-17T07:05Z,7608,g95e5,1.969
2026-09-17T07:05Z,7608,g95e5p,2.019
2026-09-17T07:05Z,7612,g95e5,1.949
2026-09-17T07:05Z,7649,g95e5,1.499
2026-09-17T07:05Z,7649,gA,1.639
2026-09-17T07:05Z,7649,gP,1.739
2026-09-17T07:05Z,7649,g98e5,1.629
2026-09-17T07:05Z,7659,g95e5,1.509
2026-09-17T07:05Z,7659,gA,1.639
2026-09-17T07:05Z,7659,gP,1.739
2026-09-17T07:05Z,7659,g98e5,1.639
2026-09-17T07:05Z,7664,gA,1.639
2026-09-17T07:05Z,7664,gP,1.739
2026-09-17T07:05Z,7669,g95e5,1.369
2026-09-17T07:05Z,7669,gA,1.495
2026-09-17T07:05Z,7669,gP,1.599
2026-09-17T07:05Z,7669,g98e5,1.499
2026-09-17T07:05Z,7679,gA,1.649
2026-09-17T07:05Z,7688,gA,1.699
2026-09-17T07:05Z,7702,gA,1.649
2026-09-17T07:05Z,7703,g95e5,1.539
2026-09-17T07:05Z,7703,gA,1.669
2026-09-17T07:05Z,7703,gP,1.769
2026-09-17T07:05Z,7703,g98e5,1.669
2026-09-17T07:05Z,7707,gA,1.669
2026-09-17T07:05Z,7710,gA,1.669
2026-09-17T07:05Z,7759,gA,2.019
2026-09-17T07:05Z,7759,gP,2.109
2026-09-17T07:05Z,7808,g95e5,1.459
2026-09-17T07:05Z,7808,gA,1.589
2026-09-17T07:05Z,7808,gP,1.669
2026-09-17T07:05Z,7808,g98e5,1.589
2026-09-17T07:05Z,7811,gA,1.629
2026-09-17T07:05Z,7811,gP,1.739
2026-09-17T07:05Z,7811,g98e5,1.629
2026-09-17T07:05Z,7834,g95e5,1.439
2026-09-17T07:05Z,7834,gA,1.569
2026-09-17T07:05Z,7834,gP,1.679
2026-09-17T07:05Z,7834,g98e5,1.569
2026-09-17T07:05Z,7860,g95e5,1.425
2026-09-17T07:05Z,7860,gA,1.615
2026-09-17T07:05Z,7860,gP,1.715
2026-09-17T07:05Z,7860,g98e5,1.545
2026-09-17T07:05Z,7998,gA,1.969
2026-09-17T07:05Z,8057,g95e5,1.979
2026-09-17T07:05Z,8057,gA,1.999
2026-09-17T07:05Z,8057,gP,2.089
2026-09-17T07:05Z,8057,g98e5,2.119
2026-09-17T07:05Z,8075,g95e5,1.849
2026-09-17T07:05Z,8075,gA,1.849
2026-09-17T07:05Z,8095,g95e5,1.769
2026-09-17T07:05Z,8124,g95e5,1.949
2026-09-17T07:05Z,8124,gA,1.909
2026-09-17T07:05Z,8124,gP,1.999
2026-09-17T07:05Z,8124,g98e5,2.069
2026-09-17T07:05Z,8149,g95e5,1.879
2026-09-17T07:05Z,8149,gA,1.889
2026-09-17T07:05Z,8149,gP,1.929
2026-09-17T07:05Z,8225,gA,1.969
2026-09-17T07:05Z,8225,gP,2.019
2026-09-17T07:05Z,8237,gA,1.799
2026-09-17T07:05Z,8250,gA,2.015
2026-09-17T07:05Z,8263,g95e5,1.919
2026-09-17T07:05Z,8263,gA,1.999
2026-09-17T07:05Z,8263,gP,2.069
2026-09-17T07:05Z,8273,g95e5,1.859
2026-09-17T07:05Z,8273,gA,1.839
2026-09-17T07:05Z,8274,gA,2.035
2026-09-17T07:05Z,8299,g95e5,2.029
2026-09-17T07:05Z,8299,gA,1.979
2026-09-17T07:05Z,8299,gP,2.049
2026-09-17T07:05Z,8299,g98e5,2.159
2026-09-17T07:05Z,8299,gB,1.899
2026-09-17T07:05Z,8301,g95e5,1.969
2026-09-17T07:05Z,8301,gA,1.969
2026-09-17T07:05Z,8301,gP,2.059
2026-09-17T07:05Z,8301,g98e5,2.109
2026-09-17T07:05Z,8304,g95e5,2.024
2026-09-17T07:05Z,8304,g98e5,2.144
2026-09-17T07:05Z,8305,g95e5,2.024
2026-09-17T07:05Z,8305,g98e5,2.144
2026-09-17T07:05Z,8308,gA,1.839
2026-09-17T07:05Z,8399,g95e5,1.759
2026-09-17T07:05Z,8399,gA,1.799
2026-09-17T07:05Z,8399,gP,1.849
2026-09-17T07:05Z,8482,gA,1.959
2026-09-17T07:05Z,8482,gP,2.049
2026-09-17T07:05Z,8504,gA,1.839
2026-09-17T07:05Z,8504,gP,1.839
2026-09-17T07:05Z,8505,g95e5,2.049
2026-09-17T07:05Z,8505,gA,2.049
2026-09-17T07:05Z,8505,gP,2.124
2026-09-17T07:05Z,8505,g98e5,2.169
2026-09-17T07:05Z,8506,g95e5,2.049
2026-09-17T07:05Z,8506,gA,2.049
2026-09-17T07:05Z,8506,gP,2.124
2026-09-17T07:05Z,8506,g98e5,2.169
2026-09-17T07:05Z,8544,gA,1.989
2026-09-17T07:05Z,8544,gP,2.079
2026-09-17T07:05Z,8545,gA,1.989
2026-09-17T07:05Z,8545,gP,2.079
2026-09-17T07:05Z,8576,gA,1.829
2026-09-17T07:05Z,8577,gA,1.829
2026-09-17T07:05Z,8728,gA,1.659
2026-09-17T07:05Z,8738,g95e5,1.639
2026-09-17T07:05Z,8738,gP,1.709
2026-09-17T07:05Z,8756,g95e5,1.425
2026-09-17T07:05Z,8756,gA,1.519
2026-09-17T07:05Z,8756,gP,1.605
2026-09-17T07:05Z,8756,g98e5,1.509
2026-09-17T07:05Z,8780,gA,1.989
2026-09-17T07:05Z,8780,gP,2.039
2026-09-17T07:05Z,8780,gB,1.779
2026-09-17T07:05Z,8920,g95e5,1.942
2026-09-17T07:05Z,8920,gA,1.900
2026-09-17T07:05Z,8920,gP,1.960
2026-09-17T07:05Z,8920,g98e5,2.108
2026-09-17T07:05Z,8920,gB,1.676
2026-09-17T07:05Z,8980,gA,1.879
2026-09-17T07:05Z,9111,gA,2.025
2026-09-17T07:05Z,9111,gP,2.075
2026-09-17T07:05Z,9135,g95e5,2.019
2026-09-17T07:05Z,9135,gA,2.005
2026-09-17T07:05Z,9135,gP,2.095
2026-09-17T07:05Z,9135,g98e5,2.159
2026-09-17T07:05Z,9136,g95e5,2.019
2026-09-17T07:05Z,9136,gA,2.005
2026-09-17T07:05Z,9136,gP,2.095
2026-09-17T07:05Z,9136,g98e5,2.159
2026-09-17T07:05Z,9137,g95e5,2.019
2026-09-17T07:05Z,9137,gA,2.005
2026-09-17T07:05Z,9137,gP,2.095
2026-09-17T07:05Z,9137,g98e5,2.159
2026-09-17T07:05Z,9138,g95e5,2.019
2026-09-17T07:05Z,9138,gA,2.005
2026-09-17T07:05Z,9138,gP,2.095
2026-09-17T07:05Z,9138,g98e5,2.159
2026-09-17T07:05Z,9140,g95e5,2.019
2026-09-17T07:05Z,9140,gA,2.005
2026-09-17T07:05Z,9140,gP,2.095
2026-09-17T07:05Z,9140,g98e5,2.159
2026-09-17T07:05Z,9142,g95e5,2.019
2026-09-17T07:05Z,9142,gA,2.005
2026-09-17T07:05Z,9142,gP,2.095
2026-09-17T07:05Z,9142,g98e5,2.159
2026-09-17T07:05Z,9143,g95e5,2.019
2026-09-17T07:05Z,9143,gA,2.005
2026-09-17T07:05Z,9143,gP,2.095
2026-09-17T07:05Z,9143,g98e5,2.159
2026-09-17T07:05Z,9150,g95e5,1.779
2026-09-17T07:05Z,9195,g95e5,1.979
2026-09-17T07:05Z,9195,gA,1.979
2026-09-17T07:05Z,9198,g95e5,1.939
2026-09-17T07:05Z,9198,gA,1.919
2026-09-17T07:05Z,9225,g95e5,1.999
2026-09-17T07:05Z,9225,gA,1.989
2026-09-17T07:05Z,9259,gA,1.969
2026-09-17T07:05Z,9259,gP,2.071
2026-09-17T07:05Z,9270,g95e5,1.489
2026-09-17T07:05Z,9270,gA,1.629
2026-09-17T07:05Z,9270,gP,1.729
2026-09-17T07:05Z,9270,g98e5,1.619
2026-09-17T07:05Z,9289,g95e5,2.010
2026-09-17T07:05Z,9289,gA,1.998
2026-09-17T07:05Z,9289,gP,2.018
2026-09-17T07:05Z,9289,g98e5,2.170
2026-09-17T07:05Z,9289,gB,1.819
2026-09-17T07:05Z,9344,gA,2.029
2026-09-17T07:05Z,9344,gP,2.079
2026-09-17T07:05Z,9347,g95e5,2.009
2026-09-17T07:05Z,9347,g95e5p,2.059
2026-09-17T07:05Z,9357,g95e5,1.818
2026-09-17T07:05Z,9357,gA,1.818
2026-09-17T07:05Z,9357,gP,1.819
2026-09-17T07:05Z,9383,g95e5,2.049
2026-09-17T07:05Z,9383,gA,2.059
2026-09-17T07:05Z,9383,gP,2.105
2026-09-17T07:05Z,9383,g98e5,2.149
2026-09-17T07:05Z,9405,g95e5,1.999
2026-09-17T07:05Z,9405,gA,1.999
2026-09-17T07:05Z,9405,gP,2.089
2026-09-17T07:05Z,9405,g98e5,2.139
2026-09-17T07:05Z,9455,g95e5,2.019
2026-09-17T07:05Z,9455,gA,1.989
2026-09-17T07:05Z,9455,gP,2.039
2026-09-17T07:05Z,9455,g98e5,2.099
2026-09-17T07:05Z,9456,g95e5,2.049
2026-09-17T07:05Z,9456,gA,2.019
2026-09-17T07:05Z,9456,g98e5,2.169
2026-09-17T07:05Z,9460,g95e5,2.012
2026-09-17T07:05Z,9460,gA,2.064
2026-09-17T07:05Z,9460,gP,2.123
2026-09-17T07:05Z,9460,g98e5,2.165
2026-09-17T07:05Z,9462,gA,1.979
2026-09-17T07:05Z,9466,g95e5,2.019
2026-09-17T07:05Z,9466,gA,1.999
2026-09-17T07:05Z,9470,g95e5,2.089
2026-09-17T07:05Z,9470,gA,2.029
2026-09-17T07:05Z,9470,gP,2.159
2026-09-17T07:05Z,9470,g98e5,2.229
2026-09-17T07:05Z,9490,g95e5,1.525
2026-09-17T07:05Z,9490,gA,1.639
2026-09-17T07:05Z,9490,gP,1.719
2026-09-17T07:05Z,9490,g98e5,1.679
2026-09-17T07:05Z,9560,g95e5,1.785
2026-09-17T07:05Z,9560,gA,1.779
2026-09-17T07:05Z,9560,gB,1.459
2026-09-17T07:05Z,9564,gA,1.829
2026-09-17T07:05Z,9564,gP,1.829
2026-09-17T07:05Z,9584,gA,1.639
2026-09-17T07:05Z,9651,g95e5,2.029
2026-09-17T07:05Z,9651,gA,1.919
2026-09-17T07:05Z,9651,gP,1.989
2026-09-17T07:05Z,9651,g98e5,2.169
2026-09-17T07:05Z,9699,g95e5,1.979
2026-09-17T07:05Z,9699,gA,1.948
2026-09-17T07:05Z,9708,gA,2.015
2026-09-17T07:05Z,9734,g95e5,1.989
2026-09-17T07:05Z,9734,gA,2.009
2026-09-17T07:05Z,9734,gP,2.099
2026-09-17T07:05Z,9782,g95e5,1.950
2026-09-17T07:05Z,9782,gA,1.980
2026-09-17T07:05Z,9844,g95e5,2.039
2026-09-17T07:05Z,9844,gA,1.969
2026-09-17T07:05Z,9844,g98e5,2.199
2026-09-17T07:05Z,9847,g95e5,2.039
2026-09-17T07:05Z,9847,gA,1.969
2026-09-17T07:05Z,9847,g98e5,2.199
2026-09-17T07:05Z,9847,g95e5p,2.139
2026-09-17T07:05Z,10025,g95e5,2.009
2026-09-17T07:05Z,10025,gA,1.999
2026-09-17T07:05Z,10025,gP,2.059
2026-09-17T07:05Z,10025,g98e5,2.149
2026-09-17T07:05Z,10055,g95e5,2.009
2026-09-17T07:05Z,10055,gA,2.029
2026-09-17T07:05Z,10055,gP,2.104
2026-09-17T07:05Z,10055,g98e5,2.109
2026-09-17T07:05Z,10068,g95e5,2.049
2026-09-17T07:05Z,10068,gA,2.039
2026-09-17T07:05Z,10068,gP,2.149
2026-09-17T07:05Z,10068,g98e5,2.189
2026-09-17T07:05Z,10127,g95e5,1.449
2026-09-17T07:05Z,10127,gA,1.569
2026-09-17T07:05Z,10127,gP,1.669
2026-09-17T07:05Z,10127,g98e5,1.589
2026-09-17T07:05Z,10131,g95e5,1.914
2026-09-17T07:05Z,10131,gA,1.903
2026-09-17T07:05Z,10131,gP,1.953
2026-09-17T07:05Z,10131,g98e5,2.004
2026-09-17T07:05Z,10204,g95e5,1.979
2026-09-17T07:05Z,10204,gA,2.029
2026-09-17T07:05Z,10204,gP,2.089
2026-09-17T07:05Z,10216,g95e5,1.899
2026-09-17T07:05Z,10216,gA,1.899
2026-09-17T07:05Z,10219,gA,1.699
2026-09-17T07:05Z,10219,gP,1.799
2026-09-17T07:05Z,10240,g95e5,2.019
2026-09-17T07:05Z,10240,gA,2.029
2026-09-17T07:05Z,10240,gP,2.139
2026-09-17T07:05Z,10240,gB,1.869
2026-09-17T07:05Z,10244,gA,1.829
2026-09-17T07:05Z,10244,gP,1.829
2026-09-17T07:05Z,10252,gA,2.059
2026-09-17T07:05Z,10302,gA,1.849
2026-09-17T07:05Z,10393,g95e5,1.889
2026-09-17T07:05Z,10455,g95e5,1.909
2026-09-17T07:05Z,10455,gA,1.918
2026-09-17T07:05Z,10455,gP,2.009
2026-09-17T07:05Z,10467,g95e5,2.019
2026-09-17T07:05Z,10467,gA,1.949
2026-09-17T07:05Z,10467,gP,2.039
2026-09-17T07:05Z,10467,g98e5,2.159
2026-09-17T07:05Z,10511,g95e5,2.049
2026-09-17T07:05Z,10511,gA,2.019
2026-09-17T07:05Z,10511,g98e5,2.169
2026-09-17T07:05Z,10512,g95e5,2.009
2026-09-17T07:05Z,10512,gA,2.019
2026-09-17T07:05Z,10512,g98e5,2.159
2026-09-17T07:05Z,10544,g95e5,1.839
2026-09-17T07:05Z,10544,gA,1.859
2026-09-17T07:05Z,10565,g95e5,2.019
2026-09-17T07:05Z,10565,gA,1.999
2026-09-17T07:05Z,10565,gP,2.059
2026-09-17T07:05Z,10575,g95e5,2.049
2026-09-17T07:05Z,10575,gA,2.029
2026-09-17T07:05Z,10575,gP,2.109
2026-09-17T07:05Z,10575,g98e5,2.199
2026-09-17T07:05Z,10603,gA,1.999
2026-09-17T07:05Z,10603,gP,2.119
2026-09-17T07:05Z,10603,gB,1.839
2026-09-17T07:05Z,10630,gA,2.069
2026-09-17T07:05Z,10630,gP,2.139
2026-09-17T07:05Z,10630,gB,1.779
2026-09-17T07:05Z,10659,g95e5,1.989
2026-09-17T07:05Z,10659,gA,1.948
2026-09-17T07:05Z,10659,g98e5,2.039
2026-09-17T07:05Z,10727,g95e5,1.879
2026-09-17T07:05Z,10727,gA,1.859
2026-09-17T07:05Z,10756,g95e5,2.060
2026-09-17T07:05Z,10756,gA,2.070
2026-09-17T07:05Z,10756,gP,2.110
2026-09-17T07:05Z,10756,g98e5,2.170
2026-09-17T07:05Z,10817,g95e5,1.989
2026-09-17T07:05Z,10817,gA,1.979
2026-09-17T07:05Z,10817,gP,2.059
2026-09-17T07:05Z,10823,gB,1.679
2026-09-17T07:05Z,10827,g95e5,2.064
2026-09-17T07:05Z,10827,gA,2.049
2026-09-17T07:05Z,10827,gP,2.119
2026-09-17T07:05Z,10827,g98e5,2.189
2026-09-17T07:05Z,10855,gA,2.059
2026-09-17T07:05Z,10862,g95e5,2.059
2026-09-17T07:05Z,10862,gA,2.019
2026-09-17T07:05Z,10864,g95e5,2.039
2026-09-17T07:05Z,10864,gA,1.979
2026-09-17T07:05Z,10874,gA,1.985
2026-09-17T07:05Z,10893,g95e5,1.849
2026-09-17T07:05Z,10893,gA,1.819
2026-09-17T07:05Z,10897,g95e5,1.999
2026-09-17T07:05Z,10897,gA,1.999
2026-09-17T07:05Z,10897,gP,2.089
2026-09-17T07:05Z,10897,g98e5,2.145
2026-09-17T07:05Z,10917,g95e5,1.989
2026-09-17T07:05Z,10917,gA,1.938
2026-09-17T07:05Z,10924,g95e5,1.439
2026-09-17T07:05Z,10924,gA,1.559
2026-09-17T07:05Z,10924,gP,1.645
2026-09-17T07:05Z,10924,g98e5,1.569
2026-09-17T07:05Z,10979,g95e5,1.989
2026-09-17T07:05Z,10979,gA,1.989
2026-09-17T07:05Z,10979,gP,2.079
2026-09-17T07:05Z,10979,g98e5,2.129
2026-09-17T07:05Z,11020,g95e5,1.869
2026-09-17T07:05Z,11031,g95e5,1.995
2026-09-17T07:05Z,11031,gA,1.989
2026-09-17T07:05Z,11031,gP,2.079
2026-09-17T07:05Z,11031,g98e5,2.135
2026-09-17T07:05Z,11084,gA,2.069
2026-09-17T07:05Z,11109,gA,1.979
2026-09-17T07:05Z,11115,g95e5,1.989
2026-09-17T07:05Z,11115,gA,1.969
2026-09-17T07:05Z,11115,gB,1.815
2026-09-17T07:05Z,11136,gA,1.989
2026-09-17T07:05Z,11141,gA,2.020
2026-09-17T07:05Z,11144,gA,1.829
2026-09-17T07:05Z,11198,g95e5,1.539
2026-09-17T07:05Z,11198,gA,1.658
2026-09-17T07:05Z,11198,gP,1.749
2026-09-17T07:05Z,11198,g98e5,1.665
2026-09-17T07:05Z,11208,g95e5,2.029
2026-09-17T07:05Z,11208,gA,1.965
2026-09-17T07:05Z,11208,gB,1.939
2026-09-17T07:05Z,11236,g95e5,1.829
2026-09-17T07:05Z,11236,gA,1.769
2026-09-17T07:05Z,11236,gP,1.869
2026-09-17T07:05Z,11292,g95e5,2.089
2026-09-17T07:05Z,11292,gA,2.049
2026-09-17T07:05Z,11292,gP,2.099
2026-09-17T07:05Z,11292,g98e5,2.189
2026-09-17T07:05Z,11305,g95e5,2.049
2026-09-17T07:05Z,11305,g98e5,2.169
2026-09-17T07:05Z,11306,g95e5,2.049
2026-09-17T07:05Z,11306,g98e5,2.169
2026-09-17T07:05Z,11316,gA,1.999
2026-09-17T07:05Z,11316,gP,2.049
2026-09-17T07:05Z,11331,g95e5,1.914
2026-09-17T07:05Z,11331,gA,1.919
2026-09-17T07:05Z,11331,gP,1.969
2026-09-17T07:05Z,11331,g98e5,2.049
2026-09-17T07:05Z,11337,g95e5,1.984
2026-09-17T07:05Z,11337,gA,1.894
2026-09-17T07:05Z,11337,gP,1.944
2026-09-17T07:05Z,11337,g95e5p,2.034
2026-09-17T07:05Z,11338,g95e5,2.009
2026-09-17T07:05Z,11338,gA,2.019
2026-09-17T07:05Z,11338,g98e5,2.159
2026-09-17T07:05Z,11363,g95e5,1.979
2026-09-17T07:05Z,11363,gA,1.979
2026-09-17T07:05Z,11363,gP,2.039
2026-09-17T07:05Z,11386,g95e5,1.829
2026-09-17T07:05Z,11386,gA,1.819
2026-09-17T07:05Z,11386,gP,1.869
2026-09-17T07:05Z,11388,gA,1.619
2026-09-17T07:05Z,11388,gP,1.749
2026-09-17T07:05Z,11422,g95e5,2.009
2026-09-17T07:05Z,11422,gA,1.969
2026-09-17T07:05Z,11422,gP,2.059
2026-09-17T07:05Z,11422,g98e5,2.149
2026-09-17T07:05Z,11425,gA,1.949
2026-09-17T07:05Z,11425,gP,2.009
2026-09-17T07:05Z,11435,gA,1.989
2026-09-17T07:05Z,11486,g95e5,2.049
2026-09-17T07:05Z,11486,gA,1.983
2026-09-17T07:05Z,11486,gP,2.084
2026-09-17T07:05Z,11486,g95e5p,2.119
2026-09-17T07:05Z,11490,g95e5,1.959
2026-09-17T07:05Z,11490,gA,1.885
2026-09-17T07:05Z,11491,g95e5,2.059
2026-09-17T07:05Z,11491,gA,2.059
2026-09-17T07:05Z,11491,g98e5,2.229
2026-09-17T07:05Z,11493,gA,1.995
2026-09-17T07:05Z,11525,g95e5,1.538
2026-09-17T07:05Z,11553,g95e5,1.979
2026-09-17T07:05Z,11553,g98e5,2.109
2026-09-17T07:05Z,11560,gA,2.045
2026-09-17T07:05Z,11581,gA,2.059
2026-09-17T07:05Z,11581,gP,2.139
2026-09-17T07:05Z,11589,g95e5,2.069
2026-09-17T07:05Z,11589,gA,2.019
2026-09-17T07:05Z,11589,gP,2.059
2026-09-17T07:05Z,11589,g98e5,2.189
2026-09-17T07:05Z,11589,gB,1.829
2026-09-17T07:05Z,11593,gA,2.035
2026-09-17T07:05Z,11595,g95e5,1.869
2026-09-17T07:05Z,11595,g98e5,2.009
2026-09-17T07:05Z,11617,g95e5,2.059
2026-09-17T07:05Z,11617,gA,2.069
2026-09-17T07:05Z,11617,g98e5,2.169
2026-09-17T07:05Z,11617,gB,1.849
2026-09-17T07:05Z,11666,gA,1.969
2026-09-17T07:05Z,11674,gA,2.003
2026-09-17T07:05Z,11674,gP,2.114
2026-09-17T07:05Z,11721,g95e5,1.369
2026-09-17T07:05Z,11721,gA,1.495
2026-09-17T07:05Z,11721,gP,1.599
2026-09-17T07:05Z,11721,g98e5,1.499
2026-09-17T07:05Z,11726,g95e5,2.089
2026-09-17T07:05Z,11726,gA,2.039
2026-09-17T07:05Z,11726,gP,2.089
2026-09-17T07:05Z,11726,g98e5,2.189
2026-09-17T07:05Z,11726,gB,1.899
2026-09-17T07:05Z,11767,gA,2.065
2026-09-17T07:05Z,11793,g95e5,1.855
2026-09-17T07:05Z,11793,gA,1.835
2026-09-17T07:05Z,11793,gP,1.969
2026-09-17T07:05Z,11808,g95e5,1.999
2026-09-17T07:05Z,11808,gA,1.999
2026-09-17T07:05Z,11808,gP,2.099
2026-09-17T07:05Z,11808,gB,1.949
2026-09-17T07:05Z,11822,g95e5,2.049
2026-09-17T07:05Z,11822,gA,1.999
2026-09-17T07:05Z,11822,gP,2.069
2026-09-17T07:05Z,11822,g95e5p,2.059
2026-09-17T07:05Z,11834,g95e5,2.009
2026-09-17T07:05Z,11844,g95e5,1.780
2026-09-17T07:05Z,11844,gA,1.750
2026-09-17T07:05Z,11854,g95e5,1.919
2026-09-17T07:05Z,11854,gA,1.889
2026-09-17T07:05Z,11854,g98e5,2.169
2026-09-17T07:05Z,11854,gB,1.629
2026-09-17T07:05Z,11884,gA,1.819
2026-09-17T07:05Z,11884,gP,1.919
2026-09-17T07:05Z,11899,g95e5,1.829
2026-09-17T07:05Z,11899,gA,1.799
2026-09-17T07:05Z,11899,gP,1.859
2026-09-17T07:05Z,11950,g95e5,1.829
2026-09-17T07:05Z,11950,gA,1.799
2026-09-17T07:05Z,12012,g95e5,2.019
2026-09-17T07:05Z,12012,gA,2.005
2026-09-17T07:05Z,12012,gP,2.095
2026-09-17T07:05Z,12012,g98e5,2.159
2026-09-17T07:05Z,12022,gA,2.069
2026-09-17T07:05Z,12045,g95e5,2.039
2026-09-17T07:05Z,12060,gA,1.989
2026-09-17T07:05Z,12060,gP,2.079
2026-09-17T07:05Z,12063,g95e5,1.989
2026-09-17T07:05Z,12063,gA,2.039
2026-09-17T07:05Z,12063,gP,2.104
2026-09-17T07:05Z,12063,g98e5,2.089
2026-09-17T07:05Z,12075,g95e5,2.079
2026-09-17T07:05Z,12075,gA,2.095
2026-09-17T07:05Z,12075,gP,2.209
2026-09-17T07:05Z,12075,gB,1.799
2026-09-17T07:05Z,12084,gA,1.659
2026-09-17T07:05Z,12089,gA,1.975
2026-09-17T07:05Z,12089,gP,2.025
2026-09-17T07:05Z,12101,gA,1.989
2026-09-17T07:05Z,12101,gP,2.074
2026-09-17T07:05Z,12133,gA,1.809
2026-09-17T07:05Z,12133,gP,1.819
2026-09-17T07:05Z,12133,g98e5,2.019
2026-09-17T07:05Z,12150,g95e5,1.899
2026-09-17T07:05Z,12150,gA,1.919
2026-09-17T07:05Z,12168,g95e5,2.029
2026-09-17T07:05Z,12168,gA,1.959
2026-09-17T07:05Z,12168,g98e5,2.159
2026-09-17T07:05Z,12174,g95e5,1.819
2026-09-17T07:05Z,12174,gA,1.789
2026-09-17T07:05Z,12180,g95e5,1.999
2026-09-17T07:05Z,12180,gA,1.969
2026-09-17T07:05Z,12180,gP,1.998
2026-09-17T07:05Z,12185,g95e5,1.979
2026-09-17T07:05Z,12185,gA,1.958
2026-09-17T07:05Z,12185,gP,1.999
2026-09-17T07:05Z,12185,g98e5,2.039
2026-09-17T07:05Z,12188,g95e5,2.069
2026-09-17T07:05Z,12188,g95e5p,2.149
2026-09-17T07:05Z,12218,g95e5,1.859
2026-09-17T07:05Z,12218,gA,1.849
2026-09-17T07:05Z,12218,gP,1.899
2026-09-17T07:05Z,12251,g95e5,1.799
2026-09-17T07:05Z,12251,gA,1.819
2026-09-17T07:05Z,12318,g95e5,2.049
2026-09-17T07:05Z,12318,gA,2.039
2026-09-17T07:05Z,12318,gP,2.124
2026-09-17T07:05Z,12318,g95e5p,2.089
2026-09-17T07:05Z,12321,g95e5,1.779
2026-09-17T07:05Z,12321,g98e5,1.979
2026-09-17T07:05Z,12350,gA,2.029
2026-09-17T07:05Z,12351,gA,2.019
2026-09-17T07:05Z,12366,g95e5,1.849
2026-09-17T07:05Z,12366,gA,1.849
2026-09-17T07:05Z,12367,gA,1.795
2026-09-17T07:05Z,12408,g95e5,1.796
2026-09-17T07:05Z,12408,gA,1.796
2026-09-17T07:05Z,12410,gA,2.079
2026-09-17T07:05Z,12412,gA,1.663
2026-09-17T07:05Z,12412,gP,1.752
2026-09-17T07:05Z,12423,g95e5,1.990
2026-09-17T07:05Z,12423,gA,1.979
2026-09-17T07:05Z,12423,gP,2.039
2026-09-17T07:05Z,12442,g95e5,1.989
2026-09-17T07:05Z,12442,gA,1.919
2026-09-17T07:05Z,12442,g98e5,2.129
2026-09-17T07:05Z,12499,g95e5,2.019
2026-09-17T07:05Z,12499,gA,2.005
2026-09-17T07:05Z,12499,gP,2.095
2026-09-17T07:05Z,12499,g98e5,2.159
2026-09-17T07:05Z,12500,g95e5,1.849
2026-09-17T07:05Z,12500,gA,1.849
2026-09-17T07:05Z,12503,gA,1.999
2026-09-17T07:05Z,12503,gP,2.099
2026-09-17T07:05Z,12507,g95e5,1.999
2026-09-17T07:05Z,12507,gA,1.999
2026-09-17T07:05Z,12507,gP,2.039
2026-09-17T07:05Z,12523,g95e5,1.479
2026-09-17T07:05Z,12523,gA,1.609
2026-09-17T07:05Z,12523,gP,1.699
2026-09-17T07:05Z,12523,g98e5,1.619
2026-09-17T07:05Z,12540,g95e5,2.114
2026-09-17T07:05Z,12540,gA,2.081
2026-09-17T07:05Z,12540,gP,2.129
2026-09-17T07:05Z,12540,g98e5,2.295
2026-09-17T07:05Z,12553,g95e5,1.759
2026-09-17T07:05Z,12553,gA,1.799
2026-09-17T07:05Z,12566,g95e5,1.849
2026-09-17T07:05Z,12566,gA,1.879
2026-09-17T07:05Z,12566,gP,1.979
2026-09-17T07:05Z,12611,g95e5,2.049
2026-09-17T07:05Z,12611,gA,2.019
2026-09-17T07:05Z,12611,g98e5,2.169
2026-09-17T07:05Z,12630,gA,1.709
2026-09-17T07:05Z,12632,g95e5,1.918
2026-09-17T07:05Z,12632,gA,1.919
2026-09-17T07:05Z,12632,gB,1.719
2026-09-17T07:05Z,12634,g95e5,1.769
2026-09-17T07:05Z,12634,gA,1.739
2026-09-17T07:05Z,12654,gA,1.819
2026-09-17T07:05Z,12670,g95e5,1.810
2026-09-17T07:05Z,12670,gA,1.790
2026-09-17T07:05Z,12670,gP,1.850
2026-09-17T07:05Z,12671,g95e5,1.809
2026-09-17T07:05Z,12671,gA,1.799
2026-09-17T07:05Z,12687,g95e5,2.069
2026-09-17T07:05Z,12687,gA,2.079
2026-09-17T07:05Z,12687,gP,2.179
2026-09-17T07:05Z,12687,g98e5,2.269
2026-09-17T07:05Z,12687,gB,1.949
2026-09-17T07:05Z,12739,g95e5,1.849
2026-09-17T07:05Z,12739,gA,1.849
2026-09-17T07:05Z,12750,g95e5,1.779
2026-09-17T07:05Z,12750,gA,1.779
2026-09-17T07:05Z,12750,gP,1.939
2026-09-17T07:05Z,12753,g95e5,1.895
2026-09-17T07:05Z,12753,gA,1.895
2026-09-17T07:05Z,12753,gP,1.945
2026-09-17T07:05Z,12781,g95e5,1.799
2026-09-17T07:05Z,12781,gA,1.819
2026-09-17T07:05Z,12787,gA,2.019
2026-09-17T07:05Z,12787,gP,2.139
2026-09-17T07:05Z,12802,g95e5,2.019
2026-09-17T07:05Z,12802,gA,2.005
2026-09-17T07:05Z,12802,gP,2.095
2026-09-17T07:05Z,12802,g98e5,2.159
2026-09-17T07:05Z,12817,g95e5,1.829
2026-09-17T07:05Z,12817,gA,1.819
2026-09-17T07:05Z,12821,gA,1.829
2026-09-17T07:05Z,12846,gA,1.965
2026-09-17T07:05Z,12870,g95e5,1.889
2026-09-17T07:05Z,12870,gA,1.869
2026-09-17T07:05Z,12886,g95e5,2.015
2026-09-17T07:05Z,12886,gA,1.984
2026-09-17T07:05Z,12886,gP,2.074
2026-09-17T07:05Z,12886,g98e5,2.145
2026-09-17T07:05Z,12915,g95e5,1.969
2026-09-17T07:05Z,12915,gA,1.949
2026-09-17T07:05Z,12926,g95e5,1.829
2026-09-17T07:05Z,12926,gA,1.819
2026-09-17T07:05Z,12926,g98e5,1.909
2026-09-17T07:05Z,12929,g95e5,1.409
2026-09-17T07:05Z,12929,gA,1.549
2026-09-17T07:05Z,12929,gP,1.669
2026-09-17T07:05Z,12929,g98e5,1.539
2026-09-17T07:05Z,12944,gA,1.809
2026-09-17T07:05Z,12944,gP,1.849
2026-09-17T07:05Z,12944,gnc,1.939
2026-09-17T07:05Z,12980,g95e5,2.029
2026-09-17T07:05Z,12980,gA,2.029
2026-09-17T07:05Z,12980,gP,2.129
2026-09-17T07:05Z,12980,g98e5,2.159
2026-09-17T07:05Z,12997,g95e5,1.789
2026-09-17T07:05Z,12997,gA,1.759
2026-09-17T07:05Z,13002,g95e5,1.989
2026-09-17T07:05Z,13002,gA,1.958
2026-09-17T07:05Z,13002,gP,1.999
2026-09-17T07:05Z,13028,g95e5,1.879
2026-09-17T07:05Z,13028,gA,1.869
2026-09-17T07:05Z,13074,g95e5,1.939
2026-09-17T07:05Z,13074,gA,1.949
2026-09-17T07:05Z,13092,g95e5,1.849
2026-09-17T07:05Z,13092,gA,1.849
2026-09-17T07:05Z,13095,g95e5,2.008
2026-09-17T07:05Z,13095,gA,1.963
2026-09-17T07:05Z,13110,g95e5,1.879
2026-09-17T07:05Z,13110,gA,1.889
2026-09-17T07:05Z,13115,g95e5,1.989
2026-09-17T07:05Z,13115,gA,1.899
2026-09-17T07:05Z,13208,g95e5,2.025
2026-09-17T07:05Z,13208,gA,2.039
2026-09-17T07:05Z,13208,gP,2.109
2026-09-17T07:05Z,13216,g95e5,1.819
2026-09-17T07:05Z,13216,gA,1.849
2026-09-17T07:05Z,13231,g95e5,1.877
2026-09-17T07:05Z,13231,gA,1.865
2026-09-17T07:05Z,13258,g95e5,1.879
2026-09-17T07:05Z,13258,gA,1.879
2026-09-17T07:05Z,13263,g95e5,1.849
2026-09-17T07:05Z,13263,gA,1.859
2026-09-17T07:05Z,13294,g95e5,1.899
2026-09-17T07:05Z,13294,gA,1.899
2026-09-17T07:05Z,13357,g95e5,1.419
2026-09-17T07:05Z,13357,gA,1.529
2026-09-17T07:05Z,13357,gP,1.629
2026-09-17T07:05Z,13357,g98e5,1.549
2026-09-17T07:05Z,13361,gA,1.985
2026-09-17T07:05Z,13362,gA,2.065
2026-09-17T07:05Z,13395,g95e5,1.789
2026-09-17T07:05Z,13395,gA,1.849
2026-09-17T07:05Z,13445,g95e5,1.819
2026-09-17T07:05Z,13445,gA,1.779
2026-09-17T07:05Z,13538,g95e5,1.859
2026-09-17T07:05Z,13559,g95e5,1.799
2026-09-17T07:05Z,13559,gA,1.819
2026-09-17T07:05Z,13566,g95e5,2.017
2026-09-17T07:05Z,13566,gA,1.957
2026-09-17T07:05Z,13577,g95e5,2.039
2026-09-17T07:05Z,13577,gA,2.045
2026-09-17T07:05Z,13583,g95e5,1.819
2026-09-17T07:05Z,13583,gA,1.819
2026-09-17T07:05Z,13592,g95e5,1.849
2026-09-17T07:05Z,13592,gA,1.859
2026-09-17T07:05Z,13592,gP,1.879
2026-09-17T07:05Z,13601,g95e5,1.839
2026-09-17T07:05Z,13601,gA,1.819
2026-09-17T07:05Z,13606,g95e5,1.879
2026-09-17T07:05Z,13606,gA,1.819
2026-09-17T07:05Z,13606,gP,1.919
2026-09-17T07:05Z,13607,g95e5,1.875
2026-09-17T07:05Z,13607,gA,1.865
2026-09-17T07:05Z,13666,g95e5,2.049
2026-09-17T07:05Z,13666,gA,2.034
2026-09-17T07:05Z,13671,g95e5,1.784
2026-09-17T07:05Z,13678,g95e5,1.769
2026-09-17T07:05Z,13703,g95e5,2.079
2026-09-17T07:05Z,13703,gA,2.019
2026-09-17T07:05Z,13703,gP,2.159
2026-09-17T07:05Z,13747,gA,2.029
2026-09-17T07:05Z,13764,g95e5,1.999
2026-09-17T07:05Z,13764,gA,1.999
2026-09-17T07:05Z,13764,gP,2.089
2026-09-17T07:05Z,13765,g95e5,1.989
2026-09-17T07:05Z,13765,gA,1.965
2026-09-17T07:05Z,13784,gA,2.029
2026-09-17T07:05Z,13788,gA,1.699
2026-09-17T07:05Z,13826,g95e5,1.949
2026-09-17T07:05Z,13826,gA,1.929
2026-09-17T07:05Z,13831,g95e5,1.908
2026-09-17T07:05Z,13831,gA,1.948
2026-09-17T07:05Z,13957,g95e5,1.999
2026-09-17T07:05Z,13957,gA,1.969
2026-09-17T07:05Z,13957,gP,2.049
2026-09-17T07:05Z,13960,g95e5,2.019
2026-09-17T07:05Z,13985,g95e5,2.015
2026-09-17T07:05Z,13985,gA,2.029
2026-09-17T07:05Z,14007,g95e5,1.889
2026-09-17T07:05Z,14007,gA,1.869
2026-09-17T07:05Z,14007,gP,1.909
2026-09-17T07:05Z,14075,gA,1.809
2026-09-17T07:05Z,14138,g95e5,1.974
2026-09-17T07:05Z,14138,gA,2.028
2026-09-17T07:05Z,14138,g98e5,2.114
2026-09-17T07:05Z,14138,gB,1.768
2026-09-17T07:05Z,14150,gA,2.039
2026-09-17T07:05Z,14153,g95e5,1.895
2026-09-17T07:05Z,14153,gA,1.895
2026-09-17T07:05Z,14182,g95e5,2.039
2026-09-17T07:05Z,14182,gA,2.039
2026-09-17T07:05Z,14191,g95e5,1.959
2026-09-17T07:05Z,14191,gA,1.899
2026-09-17T07:05Z,14191,gP,1.969
2026-09-17T07:05Z,14209,g95e5,2.059
2026-09-17T07:05Z,14209,gA,2.049
2026-09-17T07:05Z,14214,g95e5,1.849
2026-09-17T07:05Z,14214,gA,1.849
2026-09-17T07:05Z,14214,gP,1.929
2026-09-17T07:05Z,14214,g98e5,1.909
2026-09-17T07:05Z,14249,g95e5,1.831
2026-09-17T07:05Z,14249,gA,1.770
2026-09-17T07:05Z,14270,g95e5,2.024
2026-09-17T07:05Z,14270,g95e5p,2.074
2026-09-17T07:05Z,14334,g95e5,1.989
2026-09-17T07:05Z,14334,gA,2.019
2026-09-17T07:05Z,14334,g98e5,2.149
2026-09-17T07:05Z,14359,g95e5,1.859
2026-09-17T07:05Z,14359,gA,1.849
2026-09-17T07:05Z,14359,gP,1.899
2026-09-17T07:05Z,14367,gA,1.985
2026-09-17T07:05Z,14377,gA,1.869
2026-09-17T07:05Z,14411,gA,2.029
2026-09-17T07:05Z,14415,gA,1.989
2026-09-17T07:05Z,14450,g95e5,1.859
2026-09-17T07:05Z,14450,gA,1.829
2026-09-17T07:05Z,14451,g95e5,1.807
2026-09-17T07:05Z,14527,g95e5,1.919
2026-09-17T07:05Z,14527,gA,1.919
2026-09-17T07:05Z,14527,gP,1.939
2026-09-17T07:05Z,14527,gB,1.699
2026-09-17T07:05Z,14568,g95e5,1.819
2026-09-17T07:05Z,14568,gA,1.809
2026-09-17T07:05Z,14595,g95e5,1.769
2026-09-17T07:05Z,14622,g95e5,1.839
2026-09-17T07:05Z,14622,gA,1.859
2026-09-17T07:05Z,14642,gA,1.870
2026-09-17T07:05Z,14677,gA,1.817
2026-09-17T07:05Z,14711,g95e5,1.955
2026-09-17T07:05Z,14711,gA,1.845
2026-09-17T07:05Z,14743,g95e5,1.810
2026-09-17T07:05Z,14743,gA,1.790
2026-09-17T07:05Z,14743,gP,1.850
2026-09-17T07:05Z,14746,g95e5,1.999
2026-09-17T07:05Z,14746,gA,2.019
2026-09-17T07:05Z,14746,gP,2.109
2026-09-17T07:05Z,14746,g98e5,2.119
2026-09-17T07:05Z,14768,g95e5,2.065
2026-09-17T07:05Z,14768,gA,2.075
2026-09-17T07:05Z,14788,gA,1.889
2026-09-17T07:05Z,14825,g95e5,1.879
2026-09-17T07:05Z,14825,gA,1.889
2026-09-17T07:05Z,14829,g95e5,1.749
2026-09-17T07:05Z,14829,gA,1.799
2026-09-17T07:05Z,14841,g95e5,1.999
2026-09-17T07:05Z,14841,gA,1.979
2026-09-17T07:05Z,14841,gP,2.039
2026-09-17T07:05Z,14868,g95e5,1.409
2026-09-17T07:05Z,14868,gA,1.539
2026-09-17T07:05Z,14868,g98e5,1.559
2026-09-17T07:05Z,14971,gA,2.095
2026-09-17T07:05Z,14971,gP,2.165
2026-09-17T07:05Z,14990,gA,1.819
2026-09-17T07:05Z,15060,gA,2.029
2026-09-17T07:05Z,15060,gP,2.119
2026-09-17T07:05Z,15061,gA,1.778
2026-09-17T07:05Z,15071,g95e5,2.039
2026-09-17T07:05Z,15071,gA,2.059
2026-09-17T07:05Z,15071,gP,2.134
2026-09-17T07:05Z,15071,g98e5,2.139
2026-09-17T07:05Z,15077,g95e5,1.889
2026-09-17T07:05Z,15077,gA,1.889
2026-09-17T07:05Z,15125,gA,1.829
2026-09-17T07:05Z,15169,g95e5,1.979
2026-09-17T07:05Z,15169,gA,1.948
2026-09-17T07:05Z,15169,gP,1.999
2026-09-17T07:05Z,15194,g95e5,1.899
2026-09-17T07:05Z,15194,gA,1.929
2026-09-17T07:05Z,15194,gP,1.939
2026-09-17T07:05Z,15235,g95e5,1.849
2026-09-17T07:05Z,15235,gA,1.859
2026-09-17T07:05Z,15236,g95e5,1.762
2026-09-17T07:05Z,15236,gA,1.810
2026-09-17T07:05Z,15268,g95e5,1.849
2026-09-17T07:05Z,15268,gA,1.839
2026-09-17T07:05Z,15268,gP,1.889
2026-09-17T07:05Z,15317,g95e5,1.889
2026-09-17T07:05Z,15317,gA,1.889
2026-09-17T07:05Z,15317,gB,1.689
2026-09-17T07:05Z,15385,gA,1.979
2026-09-17T07:05Z,15541,g95e5,2.059
2026-09-17T07:05Z,15541,gA,2.039
2026-09-17T07:05Z,15541,gP,2.104
2026-09-17T07:05Z,15541,g98e5,2.169
2026-09-17T07:05Z,15713,g95e5,1.519
2026-09-17T07:05Z,15713,gA,1.649
2026-09-17T07:05Z,15713,gP,1.669
2026-09-17T07:05Z,15730,g95e5,1.824
2026-09-17T07:05Z,15730,gA,1.829
2026-09-17T07:05Z,15753,g95e5,1.939
2026-09-17T07:05Z,15753,gA,1.909
2026-09-17T07:05Z,15753,gP,2.009
2026-09-17T07:05Z,15776,g95e5,1.879
2026-09-17T07:05Z,15795,g95e5,1.889
2026-09-17T07:05Z,15795,gA,1.869
2026-09-17T07:05Z,15795,gP,1.909
2026-09-17T07:05Z,15812,g95e5,1.889
2026-09-17T07:05Z,15812,gA,1.849
2026-09-17T07:05Z,15835,g95e5,1.879
2026-09-17T07:05Z,15835,gA,1.889
2026-09-17T07:05Z,15860,g95e5,2.079
2026-09-17T07:05Z,15860,gA,2.069
2026-09-17T07:05Z,15860,g98e5,2.239
2026-09-17T07:05Z,15999,g95e5,1.789
2026-09-17T07:05Z,15999,gA,1.849
2026-09-17T07:05Z,16005,g95e5,1.889
2026-09-17T07:05Z,16005,gA,1.869
2026-09-17T07:05Z,16038,g95e5,1.797
2026-09-17T07:05Z,16065,g95e5,2.039
2026-09-17T07:05Z,16065,gA,1.969
2026-09-17T07:05Z,16065,g98e5,2.159
2026-09-17T07:05Z,16097,g95e5,1.979
2026-09-17T07:05Z,16136,g95e5,2.039
2026-09-17T07:05Z,16136,gA,2.029
2026-09-17T07:05Z,16136,gP,2.129
2026-09-17T07:05Z,16136,g98e5,2.139
2026-09-17T07:05Z,16142,g95e5,1.969
2026-09-17T07:05Z,16142,gA,2.005
2026-09-17T07:05Z,16142,gP,2.065
2026-09-17T07:05Z,16156,g95e5,1.748
2026-09-17T07:05Z,16156,gA,1.748
2026-09-17T07:05Z,16156,gP,1.758
2026-09-17T07:05Z,16156,g98e5,1.838
2026-09-17T07:05Z,16173,g95e5,1.829
2026-09-17T07:05Z,16173,gA,1.829
2026-09-17T07:05Z,16216,g95e5,1.739
2026-09-17T07:05Z,16216,gA,1.749
2026-09-17T07:05Z,16288,g95e5,1.916
2026-09-17T07:05Z,16288,gA,1.891
2026-09-17T07:05Z,16288,gB,1.769
2026-09-17T07:05Z,16355,g95e5,1.809
2026-09-17T07:05Z,16355,gA,1.829
2026-09-17T07:05Z,16365,g95e5,1.989
2026-09-17T07:05Z,16365,gA,1.948
2026-09-17T07:05Z,16365,gP,1.999
2026-09-17T07:05Z,16365,g98e5,2.039
2026-09-17T07:05Z,16409,g95e5,1.698
2026-09-17T07:05Z,16409,gA,1.678
2026-09-17T07:05Z,16409,gP,1.698
2026-09-17T07:05Z,16409,g98e5,1.777
2026-09-17T07:05Z,16417,g95e5,1.819
2026-09-17T07:05Z,16417,gA,1.829
2026-09-17T07:05Z,16427,g95e5,1.995
2026-09-17T07:05Z,16427,gA,2.023
2026-09-17T07:05Z,16427,gP,2.125
2026-09-17T07:05Z,16427,g98e5,2.105
2026-09-17T07:05Z,16515,g95e5,1.809
2026-09-17T07:05Z,16515,gA,1.809
2026-09-17T12:49Z,2,g95e5,1.919
2026-09-17T12:49Z,2,gA,1.869
2026-09-17T12:49Z,3,gA,2.035
2026-09-17T12:49Z,4,g95e5,1.984
2026-09-17T12:49Z,4,gA,1.914
2026-09-17T12:49Z,4,gP,1.994
2026-09-17T12:49Z,4,g98e5,2.124
2026-09-17T12:49Z,6,gA,2.039
2026-09-17T12:49Z,6,gP,2.154
2026-09-17T12:49Z,11,g95e5,1.998
2026-09-17T12:49Z,11,gA,1.969
2026-09-17T12:49Z,11,g98e5,2.109
2026-09-17T12:49Z,12,g95e5,1.984
2026-09-17T12:49Z,12,gA,1.914
2026-09-17T12:49Z,12,gP,1.994
2026-09-17T12:49Z,12,g98e5,2.124
2026-09-17T12:49Z,14,gA,1.854
2026-09-17T12:49Z,21,g95e5,1.999
2026-09-17T12:49Z,21,gA,1.999
2026-09-17T12:49Z,21,gP,2.069
2026-09-17T12:49Z,21,g98e5,2.169
2026-09-17T12:49Z,28,g95e5,2.044
2026-09-17T12:49Z,28,gA,2.009
2026-09-17T12:49Z,28,gP,2.059
2026-09-17T12:49Z,28,g98e5,2.199
2026-09-17T12:49Z,40,gA,1.989
2026-09-17T12:49Z,40,gP,2.029
2026-09-17T12:49Z,49,gA,2.045
2026-09-17T12:49Z,63,gA,2.059
2026-09-17T12:49Z,67,gA,1.959
2026-09-17T12:49Z,67,gP,2.009
2026-09-17T12:49Z,68,gA,1.959
2026-09-17T12:49Z,68,gP,2.009
2026-09-17T12:49Z,69,gB,1.869
2026-09-17T12:49Z,73,gA,1.959
2026-09-17T12:49Z,76,g95e5,1.859
2026-09-17T12:49Z,76,gA,1.829
2026-09-17T12:49Z,76,gP,1.879
2026-09-17T12:49Z,76,g95e5p,1.909
2026-09-17T12:49Z,77,g95e5,2.049
2026-09-17T12:49Z,78,g95e5,2.059
2026-09-17T12:49Z,78,g95e5p,2.129
2026-09-17T12:49Z,98,gA,1.869
2026-09-17T12:49Z,98,gP,1.869
2026-09-17T12:49Z,99,gA,1.869
2026-09-17T12:49Z,99,gP,1.869
2026-09-17T12:49Z,104,gA,2.035
2026-09-17T12:49Z,105,g95e5,2.049
2026-09-17T12:49Z,105,gA,2.025
2026-09-17T12:49Z,110,g95e5,2.049
2026-09-17T12:49Z,110,gA,2.059
2026-09-17T12:49Z,110,gP,2.174
2026-09-17T12:49Z,110,g95e5p,2.119
2026-09-17T12:49Z,116,gA,2.045
2026-09-17T12:49Z,120,g95e5,2.109
2026-09-17T12:49Z,120,gA,2.079
2026-09-17T12:49Z,120,gP,2.179
2026-09-17T12:49Z,120,g98e5,2.199
2026-09-17T12:49Z,120,g95e10,2.149
2026-09-17T12:49Z,130,g95e5,2.029
2026-09-17T12:49Z,137,gA,2.059
2026-09-17T12:49Z,141,gA,2.059
2026-09-17T12:49Z,147,g95e5,1.879
2026-09-17T12:49Z,147,gA,1.789
2026-09-17T12:49Z,147,gP,1.889
2026-09-17T12:49Z,147,g98e5,1.999
2026-09-17T12:49Z,148,g95e5,2.109
2026-09-17T12:49Z,148,gA,2.079
2026-09-17T12:49Z,148,gP,2.179
2026-09-17T12:49Z,148,gB,1.889
2026-09-17T12:49Z,150,gA,1.969
2026-09-17T12:49Z,173,g95e5p,2.159
2026-09-17T12:49Z,174,gB,1.939
2026-09-17T12:49Z,177,g95e5,2.055
2026-09-17T12:49Z,177,gA,1.985
2026-09-17T12:49Z,183,gA,2.019
2026-09-17T12:49Z,188,g95e5,2.059
2026-09-17T12:49Z,188,gA,2.019
2026-09-17T12:49Z,202,gA,2.009
2026-09-17T12:49Z,203,gA,2.015
2026-09-17T12:49Z,204,g95e5,2.029
2026-09-17T12:49Z,204,gA,2.005
2026-09-17T12:49Z,206,gA,1.975
2026-09-17T12:49Z,208,gA,2.005
2026-09-17T12:49Z,214,g95e5,2.059
2026-09-17T12:49Z,214,gA,2.019
2026-09-17T12:49Z,214,g98e5,2.199
2026-09-17T12:49Z,215,g95e5,2.059
2026-09-17T12:49Z,215,gA,2.019
2026-09-17T12:49Z,215,g98e5,2.199
2026-09-17T12:49Z,231,gA,1.979
2026-09-17T12:49Z,231,g98e5,2.139
2026-09-17T12:49Z,244,g95e5,2.035
2026-09-17T12:49Z,245,g95e5,2.025
2026-09-17T12:49Z,245,gA,2.005
2026-09-17T12:49Z,253,g95e5,2.009
2026-09-17T12:49Z,253,gA,1.989
2026-09-17T12:49Z,253,gP,2.039
2026-09-17T12:49Z,253,g95e5p,2.059
2026-09-17T12:49Z,255,gA,1.999
2026-09-17T12:49Z,269,g95e5,2.008
2026-09-17T12:49Z,269,gA,2.008
2026-09-17T12:49Z,269,gP,2.088
2026-09-17T12:49Z,269,g98e5,2.148
2026-09-17T12:49Z,270,g95e5,1.989
2026-09-17T12:49Z,270,gA,1.999
2026-09-17T12:49Z,270,gP,2.059
2026-09-17T12:49Z,270,g98e5,2.099
2026-09-17T12:49Z,304,g95e5,1.969
2026-09-17T12:49Z,304,gA,1.969
2026-09-17T12:49Z,305,g95e5,2.049
2026-09-17T12:49Z,305,gA,2.029
2026-09-17T12:49Z,305,gP,2.089
2026-09-17T12:49Z,305,gB,1.899
2026-09-17T12:49Z,308,g95e5,1.899
2026-09-17T12:49Z,308,gA,1.849
2026-09-17T12:49Z,308,gP,1.899
2026-09-17T12:49Z,308,g95e5p,1.949
2026-09-17T12:49Z,311,g95e5,1.969
2026-09-17T12:49Z,311,gA,1.969
2026-09-17T12:49Z,338,g95e5,2.039
2026-09-17T12:49Z,351,gA,2.049
2026-09-17T12:49Z,351,gP,2.089
2026-09-17T12:49Z,358,g95e5,1.959
2026-09-17T12:49Z,358,gA,1.939
2026-09-17T12:49Z,358,gP,1.989
2026-09-17T12:49Z,358,g95e5p,2.009
2026-09-17T12:49Z,362,g95e5,1.899
2026-09-17T12:49Z,362,gA,1.879
2026-09-17T12:49Z,362,gP,1.919
2026-09-17T12:49Z,362,g98e5,1.998
2026-09-17T12:49Z,368,g95e5,1.889
2026-09-17T12:49Z,368,g95e5p,1.939
2026-09-17T12:49Z,380,g95e5,2.009
2026-09-17T12:49Z,380,gA,2.049
2026-09-17T12:49Z,385,g95e5,2.049
2026-09-17T12:49Z,385,gA,2.069
2026-09-17T12:49Z,385,gP,2.164
2026-09-17T12:49Z,385,g95e5p,2.099
2026-09-17T12:49Z,405,g95e5,1.800
2026-09-17T12:49Z,405,gA,1.790
2026-09-17T12:49Z,405,gP,1.905
2026-09-17T12:49Z,415,g95e5,1.974
2026-09-17T12:49Z,415,gA,1.974
2026-09-17T12:49Z,415,gP,2.024
2026-09-17T12:49Z,416,gA,2.049
2026-09-17T12:49Z,416,gP,2.139
2026-09-17T12:49Z,417,g95e5,2.059
2026-09-17T12:49Z,417,gA,2.049
2026-09-17T12:49Z,417,gP,2.139
2026-09-17T12:49Z,417,g95e5p,2.099
2026-09-17T12:49Z,420,gA,1.989
2026-09-17T12:49Z,420,gP,2.019
2026-09-17T12:49Z,423,g95e5,2.029
2026-09-17T12:49Z,423,gA,2.029
2026-09-17T12:49Z,423,g98e10,2.139
2026-09-17T12:49Z,425,g95e5,2.029
2026-09-17T12:49Z,425,gA,2.049
2026-09-17T12:49Z,425,gP,2.124
2026-09-17T12:49Z,425,g95e5p,2.089
2026-09-17T12:49Z,429,g95e5,1.859
2026-09-17T12:49Z,429,gA,1.839
2026-09-17T12:49Z,429,gP,1.879
2026-09-17T12:49Z,436,g95e5,1.989
2026-09-17T12:49Z,436,gA,1.979
2026-09-17T12:49Z,436,gP,2.029
2026-09-17T12:49Z,436,g95e5p,2.039
2026-09-17T12:49Z,449,g95e5,1.989
2026-09-17T12:49Z,449,gA,1.959
2026-09-17T12:49Z,449,gP,2.019
2026-09-17T12:49Z,451,g95e5,2.029
2026-09-17T12:49Z,451,gA,1.979
2026-09-17T12:49Z,451,gP,2.039
2026-09-17T12:49Z,451,g98e5,2.179
2026-09-17T12:49Z,454,g95e5,1.869
2026-09-17T12:49Z,454,gA,1.849
2026-09-17T12:49Z,454,gP,1.889
2026-09-17T12:49Z,454,g98e5,1.979
2026-09-17T12:49Z,464,g95e5,1.918
2026-09-17T12:49Z,464,gA,1.888
2026-09-17T12:49Z,464,gP,1.948
2026-09-17T12:49Z,464,g98e5,2.018
2026-09-17T12:49Z,499,g95e5,2.039
2026-09-17T12:49Z,499,gA,2.029
2026-09-17T12:49Z,499,gP,2.094
2026-09-17T12:49Z,499,g95e5p,2.099
2026-09-17T12:49Z,506,g95e5,2.029
2026-09-17T12:49Z,506,gA,1.999
2026-09-17T12:49Z,506,gP,2.074
2026-09-17T12:49Z,506,g95e5p,2.069
2026-09-17T12:49Z,514,gA,2.029
2026-09-17T12:49Z,514,gP,2.114
2026-09-17T12:49Z,515,gA,2.029
2026-09-17T12:49Z,515,gP,2.114
2026-09-17T12:49Z,519,gA,1.979
2026-09-17T12:49Z,519,g98e5,2.199
2026-09-17T12:49Z,519,gB,1.859
2026-09-17T12:49Z,526,gA,2.029
2026-09-17T12:49Z,526,gP,2.069
2026-09-17T12:49Z,526,g98e5,2.179
2026-09-17T12:49Z,526,gB,1.889
2026-09-17T12:49Z,538,g95e5,2.019
2026-09-17T12:49Z,538,g95e5p,2.079
2026-09-17T12:49Z,539,g95e5,2.029
2026-09-17T12:49Z,539,gA,2.039
2026-09-17T12:49Z,539,gP,2.114
2026-09-17T12:49Z,539,g95e5p,2.109
2026-09-17T12:49Z,543,g95e5,2.049
2026-09-17T12:49Z,543,gA,2.059
2026-09-17T12:49Z,543,gP,2.109
2026-09-17T12:49Z,543,g95e5p,2.099
2026-09-17T12:49Z,543,gB,1.804
2026-09-17T12:49Z,546,gA,1.779
2026-09-17T12:49Z,547,gB,1.709
2026-09-17T12:49Z,549,gA,1.975
2026-09-17T12:49Z,550,g95e5,1.999
2026-09-17T12:49Z,550,gA,1.969
2026-09-17T12:49Z,550,gP,2.039
2026-09-17T12:49Z,550,g98e5,2.079
2026-09-17T12:49Z,557,g95e5,2.019
2026-09-17T12:49Z,557,gA,2.019
2026-09-17T12:49Z,557,gP,2.094
2026-09-17T12:49Z,558,g95e5,2.019
2026-09-17T12:49Z,559,g95e5,2.009
2026-09-17T12:49Z,559,gA,1.949
2026-09-17T12:49Z,559,gP,2.049
2026-09-17T12:49Z,559,g98e5,2.119
2026-09-17T12:49Z,564,g95e5,2.019
2026-09-17T12:49Z,564,gA,2.039
2026-09-17T12:49Z,564,gP,2.114
2026-09-17T12:49Z,564,gB,2.078
2026-09-17T12:49Z,565,g95e5,1.999
2026-09-17T12:49Z,565,gA,2.009
2026-09-17T12:49Z,565,gP,2.074
2026-09-17T12:49Z,565,g98e5,2.079
2026-09-17T12:49Z,573,gA,2.029
2026-09-17T12:49Z,578,gA,1.999
2026-09-17T12:49Z,587,gA,2.039
2026-09-17T12:49Z,587,gP,2.109
2026-09-17T12:49Z,588,gA,2.009
2026-09-17T12:49Z,590,g95e5,2.019
2026-09-17T12:49Z,590,gA,2.039
2026-09-17T12:49Z,590,gP,2.099
2026-09-17T12:49Z,595,g95e5,1.999
2026-09-17T12:49Z,595,gA,2.019
2026-09-17T12:49Z,595,gP,2.069
2026-09-17T12:49Z,595,g95e10,2.039
2026-09-17T12:49Z,595,gB,1.893
2026-09-17T12:49Z,610,g95e5,2.045
2026-09-17T12:49Z,610,gA,2.045
2026-09-17T12:49Z,610,g98e5,2.179
2026-09-17T12:49Z,610,g95e5p,2.109
2026-09-17T12:49Z,635,g95e5,1.999
2026-09-17T12:49Z,635,gA,2.015
2026-09-17T12:49Z,635,gP,2.105
2026-09-17T12:49Z,635,g98e5,2.169
2026-09-17T12:49Z,657,g95e5,2.029
2026-09-17T12:49Z,658,g95e5,1.959
2026-09-17T12:49Z,658,gA,1.939
2026-09-17T12:49Z,658,gP,2.014
2026-09-17T12:49Z,658,g98e5,2.119
2026-09-17T12:49Z,660,g95e5,1.859
2026-09-17T12:49Z,660,gA,1.809
2026-09-17T12:49Z,660,gP,1.909
2026-09-17T12:49Z,660,g98e5,2.059
2026-09-17T12:49Z,663,g95e5,1.999
2026-09-17T12:49Z,663,gA,1.989
2026-09-17T12:49Z,663,gP,2.049
2026-09-17T12:49Z,663,g98e5,2.085
2026-09-17T12:49Z,663,gB,1.695
2026-09-17T12:49Z,664,g95e5,2.019
2026-09-17T12:49Z,664,gA,1.979
2026-09-17T12:49Z,664,gP,2.039
2026-09-17T12:49Z,668,g95e5,2.009
2026-09-17T12:49Z,668,gA,1.989
2026-09-17T12:49Z,668,gP,2.069
2026-09-17T12:49Z,668,g98e5,2.119
2026-09-17T12:49Z,669,g95e5,2.009
2026-09-17T12:49Z,669,gA,1.989
2026-09-17T12:49Z,669,gP,2.069
2026-09-17T12:49Z,669,g98e5,2.119
2026-09-17T12:49Z,670,g95e5,1.899
2026-09-17T12:49Z,670,gA,1.879
2026-09-17T12:49Z,670,gP,1.959
2026-09-17T12:49Z,670,g98e5,2.039
2026-09-17T12:49Z,675,g95e5,1.889
2026-09-17T12:49Z,675,gA,1.839
2026-09-17T12:49Z,675,gP,1.889
2026-09-17T12:49Z,675,g95e5p,1.939
2026-09-17T12:49Z,681,g95e5,2.009
2026-09-17T12:49Z,681,gA,2.009
2026-09-17T12:49Z,681,gP,2.059
2026-09-17T12:49Z,683,g95e5,2.029
2026-09-17T12:49Z,683,gA,1.979
2026-09-17T12:49Z,683,gP,2.039
2026-09-17T12:49Z,683,g98e5,2.179
2026-09-17T12:49Z,686,g95e5,2.019
2026-09-17T12:49Z,687,g95e5,2.019
2026-09-17T12:49Z,693,g95e5,1.989
2026-09-17T12:49Z,693,gA,1.979
2026-09-17T12:49Z,693,g98e5,2.149
2026-09-17T12:49Z,694,g95e5,1.959
2026-09-17T12:49Z,694,gA,1.949
2026-09-17T12:49Z,694,gP,1.989
2026-09-17T12:49Z,694,g98e5,2.039
2026-09-17T12:49Z,699,g95e5,1.999
2026-09-17T12:49Z,699,gA,1.999
2026-09-17T12:49Z,699,gP,2.039
2026-09-17T12:49Z,699,g98e5,2.099
2026-09-17T12:49Z,705,g95e5,1.965
2026-09-17T12:49Z,705,gA,1.959
2026-09-17T12:49Z,705,gP,2.005
2026-09-17T12:49Z,720,g95e5,2.039
2026-09-17T12:49Z,720,gA,1.979
2026-09-17T12:49Z,720,gP,2.044
2026-09-17T12:49Z,720,g95e5p,2.109
2026-09-17T12:49Z,733,g95e5,2.029
2026-09-17T12:49Z,733,g98e5,2.139
2026-09-17T12:49Z,742,g95e5,2.059
2026-09-17T12:49Z,742,gA,2.019
2026-09-17T12:49Z,742,g98e5,2.219
2026-09-17T12:49Z,747,g95e5,1.999
2026-09-17T12:49Z,747,gA,1.979
2026-09-17T12:49Z,748,g95e5,1.789
2026-09-17T12:49Z,748,gA,1.809
2026-09-17T12:49Z,785,g95e5,1.979
2026-09-17T12:49Z,785,gA,1.959
2026-09-17T12:49Z,795,g95e5,2.009
2026-09-17T12:49Z,795,gA,1.999
2026-09-17T12:49Z,795,gP,2.074
2026-09-17T12:49Z,795,g95e5p,2.059
2026-09-17T12:49Z,804,g95e5,1.985
2026-09-17T12:49Z,804,gA,1.995
2026-09-17T12:49Z,813,g95e5,2.019
2026-09-17T12:49Z,813,gA,2.049
2026-09-17T12:49Z,813,gP,2.114
2026-09-17T12:49Z,817,g95e5,1.989
2026-09-17T12:49Z,817,gA,1.969
2026-09-17T12:49Z,817,gP,2.029
2026-09-17T12:49Z,817,g98e5,2.109
2026-09-17T12:49Z,817,gB,1.759
2026-09-17T12:49Z,819,g95e5,1.985
2026-09-17T12:49Z,819,gA,2.025
2026-09-17T12:49Z,819,g98e5,2.095
2026-09-17T12:49Z,824,g95e5,2.019
2026-09-17T12:49Z,824,gA,2.049
2026-09-17T12:49Z,824,gP,2.124
2026-09-17T12:49Z,830,g95e5,1.955
2026-09-17T12:49Z,830,gA,1.979
2026-09-17T12:49Z,830,g98e5,2.085
2026-09-17T12:49Z,831,g95e5,2.009
2026-09-17T12:49Z,831,g95e5p,2.059
2026-09-17T12:49Z,834,g95e5,2.039
2026-09-17T12:49Z,835,g95e5,1.999
2026-09-17T12:49Z,835,gA,1.975
2026-09-17T12:49Z,835,gP,2.045
2026-09-17T12:49Z,835,g98e5,2.129
2026-09-17T12:49Z,844,gA,1.995
2026-09-17T12:49Z,855,gA,2.009
2026-09-17T12:49Z,861,g95e5,1.959
2026-09-17T12:49Z,861,gA,1.929
2026-09-17T12:49Z,861,gP,2.029
2026-09-17T12:49Z,871,g98e5,2.169
2026-09-17T12:49Z,875,gA,1.999
2026-09-17T12:49Z,875,gP,2.099
2026-09-17T12:49Z,876,g95e5,1.989
2026-09-17T12:49Z,876,gA,1.949
2026-09-17T12:49Z,876,gP,2.029
2026-09-17T12:49Z,876,g98e5,2.129
2026-09-17T12:49Z,884,gA,2.078
2026-09-17T12:49Z,884,gP,2.118
2026-09-17T12:49Z,890,g95e5,1.999
2026-09-17T12:49Z,890,g98e5,2.159
2026-09-17T12:49Z,890,gB,1.889
2026-09-17T12:49Z,894,gA,2.025
2026-09-17T12:49Z,899,gA,2.029
2026-09-17T12:49Z,899,gP,2.079
2026-09-17T12:49Z,899,gB,1.849
2026-09-17T12:49Z,900,g95e5,2.055
2026-09-17T12:49Z,900,gA,2.065
2026-09-17T12:49Z,909,g95e5,2.059
2026-09-17T12:49Z,911,g95e5,2.069
2026-09-17T12:49Z,911,gA,2.049
2026-09-17T12:49Z,911,gP,2.139
2026-09-17T12:49Z,911,g98e5,2.169
2026-09-17T12:49Z,930,g95e5,2.039
2026-09-17T12:49Z,930,gA,2.029
2026-09-17T12:49Z,931,g95e5,1.979
2026-09-17T12:49Z,931,gA,1.969
2026-09-17T12:49Z,933,g95e5,2.059
2026-09-17T12:49Z,933,gA,2.049
2026-09-17T12:49Z,933,gP,2.149
2026-09-17T12:49Z,933,g98e5,2.189
2026-09-17T12:49Z,933,gB,1.909
2026-09-17T12:49Z,944,g95e5,2.079
2026-09-17T12:49Z,944,gP,2.029
2026-09-17T12:49Z,944,g98e5,2.149
2026-09-17T12:49Z,947,g95e5,1.969
2026-09-17T12:49Z,947,gA,2.009
2026-09-17T12:49Z,947,gP,2.059
2026-09-17T12:49Z,947,g98e5,2.109
2026-09-17T12:49Z,950,g95e5,1.999
2026-09-17T12:49Z,950,gA,1.999
2026-09-17T12:49Z,950,gP,2.049
2026-09-17T12:49Z,950,g95e5p,2.049
2026-09-17T12:49Z,950,gB,1.779
2026-09-17T12:49Z,953,g95e5,2.029
2026-09-17T12:49Z,953,gA,2.029
2026-09-17T12:49Z,953,gP,2.099
2026-09-17T12:49Z,956,g95e5,1.999
2026-09-17T12:49Z,956,gA,1.999
2026-09-17T12:49Z,956,gP,2.099
2026-09-17T12:49Z,956,g98e5,2.099
2026-09-17T12:49Z,957,g95e5,2.049
2026-09-17T12:49Z,957,g95e5p,2.099
2026-09-17T12:49Z,965,g95e5,2.075
2026-09-17T12:49Z,970,g95e5,2.029
2026-09-17T12:49Z,970,gA,2.039
2026-09-17T12:49Z,970,gP,2.069
2026-09-17T12:49Z,970,g98e5,2.139
2026-09-17T12:49Z,971,g95e5,1.945
2026-09-17T12:49Z,971,gA,1.925
2026-09-17T12:49Z,971,gP,1.985
2026-09-17T12:49Z,971,g98e5,2.045
2026-09-17T12:49Z,973,g95e5,1.999
2026-09-17T12:49Z,973,gA,1.999
2026-09-17T12:49Z,973,gP,2.099
2026-09-17T12:49Z,973,g98e5,2.099
2026-09-17T12:49Z,974,g95e5,2.009
2026-09-17T12:49Z,974,gA,2.009
2026-09-17T12:49Z,974,gP,2.059
2026-09-17T12:49Z,974,g98e5,2.149
2026-09-17T12:49Z,980,gA,2.029
2026-09-17T12:49Z,992,g95e5,2.089
2026-09-17T12:49Z,992,gA,2.069
2026-09-17T12:49Z,992,gP,2.164
2026-09-17T12:49Z,992,g95e5p,2.129
2026-09-17T12:49Z,993,g95e5,2.089
2026-09-17T12:49Z,993,gA,2.069
2026-09-17T12:49Z,993,gP,2.164
2026-09-17T12:49Z,993,g95e5p,2.129
2026-09-17T12:49Z,997,gA,2.029
2026-09-17T12:49Z,997,gP,2.114
2026-09-17T12:49Z,1005,g95e5,2.009
2026-09-17T12:49Z,1005,gA,2.019
2026-09-17T12:49Z,1005,gP,2.144
2026-09-17T12:49Z,1020,g95e5,1.809
2026-09-17T12:49Z,1020,gA,1.789
2026-09-17T12:49Z,1025,g95e5,1.969
2026-09-17T12:49Z,1025,gA,1.949
2026-09-17T12:49Z,1025,gP,1.989
2026-09-17T12:49Z,1025,g98e5,2.099
2026-09-17T12:49Z,1026,g95e5,1.969
2026-09-17T12:49Z,1026,gA,1.949
2026-09-17T12:49Z,1026,gP,1.989
2026-09-17T12:49Z,1026,g98e5,2.099
2026-09-17T12:49Z,1046,g95e5,2.049
2026-09-17T12:49Z,1046,gA,2.039
2026-09-17T12:49Z,1046,gP,2.149
2026-09-17T12:49Z,1046,g98e5,2.159
2026-09-17T12:49Z,1046,glp,1.199
2026-09-17T12:49Z,1068,g95e5,1.809
2026-09-17T12:49Z,1068,gA,1.789
2026-09-17T12:49Z,1068,gP,1.809
2026-09-17T12:49Z,1068,g95e5p,1.829
2026-09-17T12:49Z,1072,g95e5,2.020
2026-09-17T12:49Z,1072,gA,2.020
2026-09-17T12:49Z,1072,gP,2.124
2026-09-17T12:49Z,1072,g98e5,2.139
2026-09-17T12:49Z,1086,gA,2.045
2026-09-17T12:49Z,1094,g95e5,2.039
2026-09-17T12:49Z,1095,g95e5,2.049
2026-09-17T12:49Z,1095,gA,2.045
2026-09-17T12:49Z,1095,gP,2.155
2026-09-17T12:49Z,1095,g98e5,2.159
2026-09-17T12:49Z,1095,gB,1.600
2026-09-17T12:49Z,1097,g95e5,2.029
2026-09-17T12:49Z,1097,gA,2.009
2026-09-17T12:49Z,1097,g98e5,2.139
2026-09-17T12:49Z,1101,g95e5,1.929
2026-09-17T12:49Z,1105,gA,1.959
2026-09-17T12:49Z,1105,gP,1.999
2026-09-17T12:49Z,1105,gB,1.689
2026-09-17T12:49Z,1106,g95e5,1.859
2026-09-17T12:49Z,1106,gA,1.809
2026-09-17T12:49Z,1106,gP,1.869
2026-09-17T12:49Z,1130,g95e5,2.029
2026-09-17T12:49Z,1131,gA,2.005
2026-09-17T12:49Z,1136,gA,1.975
2026-09-17T12:49Z,1137,gA,1.975
2026-09-17T12:49Z,1143,gA,2.029
2026-09-17T12:49Z,1151,g95e5,1.900
2026-09-17T12:49Z,1163,gA,1.979
2026-09-17T12:49Z,1171,g95e5,1.797
2026-09-17T12:49Z,1171,gA,1.809
2026-09-17T12:49Z,1174,gA,1.799
2026-09-17T12:49Z,1178,g95e5,2.029
2026-09-17T12:49Z,1179,g95e5,2.039
2026-09-17T12:49Z,1183,g95e5,2.049
2026-09-17T12:49Z,1183,gA,2.029
2026-09-17T12:49Z,1188,gA,1.969
2026-09-17T12:49Z,1202,g95e5,1.859
2026-09-17T12:49Z,1202,gA,1.809
2026-09-17T12:49Z,1202,gP,1.869
2026-09-17T12:49Z,1203,g95e5,2.039
2026-09-17T12:49Z,1203,gA,2.039
2026-09-17T12:49Z,1203,gP,2.104
2026-09-17T12:49Z,1203,g95e5p,2.099
2026-09-17T12:49Z,1204,g95e5,2.019
2026-09-17T12:49Z,1204,g95e5p,2.079
2026-09-17T12:49Z,1219,g95e5,2.005
2026-09-17T12:49Z,1219,gA,2.015
2026-09-17T12:49Z,1219,g98e5,2.135
2026-09-17T12:49Z,1219,gB,1.865
2026-09-17T12:49Z,1225,g95e5,1.805
2026-09-17T12:49Z,1229,gA,1.979
2026-09-17T12:49Z,1229,gP,2.029
2026-09-17T12:49Z,1234,g95e5,2.039
2026-09-17T12:49Z,1234,gA,2.019
2026-09-17T12:49Z,1237,gA,2.019
2026-09-17T12:49Z,1238,g95e5,1.989
2026-09-17T12:49Z,1238,gA,1.929
2026-09-17T12:49Z,1238,gP,1.979
2026-09-17T12:49Z,1239,g95e5,1.859
2026-09-17T12:49Z,1239,gA,1.809
2026-09-17T12:49Z,1240,gA,1.869
2026-09-17T12:49Z,1240,gP,1.929
2026-09-17T12:49Z,1247,gA,1.762
2026-09-17T12:49Z,1250,gA,1.989
2026-09-17T12:49Z,1250,gP,2.069
2026-09-17T12:49Z,1251,g95e5,1.959
2026-09-17T12:49Z,1251,gA,1.899
2026-09-17T12:49Z,1251,gB,1.659
2026-09-17T12:49Z,1252,g95e5,1.979
2026-09-17T12:49Z,1252,gA,1.979
2026-09-17T12:49Z,1252,gP,2.019
2026-09-17T12:49Z,1253,g95e5,1.995
2026-09-17T12:49Z,1257,g95e5,1.919
2026-09-17T12:49Z,1257,gA,1.909
2026-09-17T12:49Z,1257,gP,1.989
2026-09-17T12:49Z,1257,g98e5,2.049
2026-09-17T12:49Z,1257,gB,1.749
2026-09-17T12:49Z,1261,g95e5,1.959
2026-09-17T12:49Z,1261,gA,1.969
2026-09-17T12:49Z,1261,gP,2.019
2026-09-17T12:49Z,1261,g98e5,2.069
2026-09-17T12:49Z,1263,g95e5,1.969
2026-09-17T12:49Z,1263,gA,1.999
2026-09-17T12:49Z,1263,gP,2.134
2026-09-17T12:49Z,1263,g98e5,2.089
2026-09-17T12:49Z,1263,gB,1.809
2026-09-17T12:49Z,1264,g95e5,1.939
2026-09-17T12:49Z,1264,gA,1.859
2026-09-17T12:49Z,1264,gP,1.939
2026-09-17T12:49Z,1264,gB,1.599
2026-09-17T12:49Z,1267,gA,1.894
2026-09-17T12:49Z,1267,gP,1.974
2026-09-17T12:49Z,1282,g95e5,2.029
2026-09-17T12:49Z,1282,gA,1.999
2026-09-17T12:49Z,1282,g98e5,2.119
2026-09-17T12:49Z,1286,gA,1.959
2026-09-17T12:49Z,1290,gA,2.015
2026-09-17T12:49Z,1290,gP,2.115
2026-09-17T12:49Z,1310,g95e5,1.969
2026-09-17T12:49Z,1310,gA,1.999
2026-09-17T12:49Z,1310,gP,2.134
2026-09-17T12:49Z,1310,g98e5,2.089
2026-09-17T12:49Z,1310,gB,1.893
2026-09-17T12:49Z,1313,g95e5,1.959
2026-09-17T12:49Z,1313,gA,1.989
2026-09-17T12:49Z,1313,gP,2.124
2026-09-17T12:49Z,1313,g95e5p,2.039
2026-09-17T12:49Z,1315,gA,2.015
2026-09-17T12:49Z,1368,g95e5,1.979
2026-09-17T12:49Z,1368,gA,1.993
2026-09-17T12:49Z,1368,gP,2.104
2026-09-17T12:49Z,1368,g95e5p,2.059
2026-09-17T12:49Z,1370,g95e5,2.029
2026-09-17T12:49Z,1370,gA,2.019
2026-09-17T12:49Z,1370,g98e5,2.109
2026-09-17T12:49Z,1375,g95e5,2.029
2026-09-17T12:49Z,1375,gA,1.999
2026-09-17T12:49Z,1375,g98e5,2.119
2026-09-17T12:49Z,1377,g95e5,2.025
2026-09-17T12:49Z,1381,gA,1.975
2026-09-17T12:49Z,1382,g95e5,1.929
2026-09-17T12:49Z,1382,gA,1.899
2026-09-17T12:49Z,1382,gP,1.949
2026-09-17T12:49Z,1389,g95e5,1.999
2026-09-17T12:49Z,1389,gA,1.979
2026-09-17T12:49Z,1389,gP,2.059
2026-09-17T12:49Z,1389,gB,1.779
2026-09-17T12:49Z,1414,gA,1.975
2026-09-17T12:49Z,1416,gA,1.975
2026-09-17T12:49Z,1417,g95e5,1.868
2026-09-17T12:49Z,1417,gA,1.941
2026-09-17T12:49Z,1432,gA,1.978
2026-09-17T12:49Z,1432,gP,2.078
2026-09-17T12:49Z,1444,g95e5,2.049
2026-09-17T12:49Z,1444,gA,2.019
2026-09-17T12:49Z,1445,g95e5,2.049
2026-09-17T12:49Z,1445,gA,2.019
2026-09-17T12:49Z,1445,g98e5,2.189
2026-09-17T12:49Z,1458,g95e5,2.014
2026-09-17T12:49Z,1458,gA,1.974
2026-09-17T12:49Z,1458,gP,2.064
2026-09-17T12:49Z,1460,gA,2.013
2026-09-17T12:49Z,1460,gP,2.113
2026-09-17T12:49Z,1464,g95e5,2.019
2026-09-17T12:49Z,1464,g95e5p,2.089
2026-09-17T12:49Z,1468,g95e5,1.998
2026-09-17T12:49Z,1468,gA,1.992
2026-09-17T12:49Z,1472,g95e5,2.049
2026-09-17T12:49Z,1472,gA,2.019
2026-09-17T12:49Z,1472,gP,2.089
2026-09-17T12:49Z,1472,g98e5,2.159
2026-09-17T12:49Z,1472,g95e5p,2.089
2026-09-17T12:49Z,1472,gB,1.839
2026-09-17T12:49Z,1480,gA,1.978
2026-09-17T12:49Z,1480,gP,2.078
2026-09-17T12:49Z,1489,g95e5,1.979
2026-09-17T12:49Z,1489,gA,2.003
2026-09-17T12:49Z,1489,gP,2.104
2026-09-17T12:49Z,1489,g95e5p,2.059
2026-09-17T12:49Z,1498,g95e5,1.999
2026-09-17T12:49Z,1498,gA,1.969
2026-09-17T12:49Z,1498,gP,2.069
2026-09-17T12:49Z,1498,g95e5p,2.069
2026-09-17T12:49Z,1500,g95e5,1.989
2026-09-17T12:49Z,1500,g95e5p,2.069
2026-09-17T12:49Z,1501,g95e5,2.019
2026-09-17T12:49Z,1501,g95e5p,2.089
2026-09-17T12:49Z,1502,g95e5,2.019
2026-09-17T12:49Z,1502,gA,1.999
2026-09-17T12:49Z,1502,gP,2.099
2026-09-17T12:49Z,1507,g95e5,1.969
2026-09-17T12:49Z,1507,gA,1.939
2026-09-17T12:49Z,1507,g98e5,2.089
2026-09-17T12:49Z,1507,gB,1.739
2026-09-17T12:49Z,1536,gA,2.049
2026-09-17T12:49Z,1567,g95e5,2.008
2026-09-17T12:49Z,1567,gA,2.008
2026-09-17T12:49Z,1567,gP,2.117
2026-09-17T12:49Z,1567,g98e5,2.109
2026-09-17T12:49Z,1571,g95e5,1.782
2026-09-17T12:49Z,1571,gA,1.823
2026-09-17T12:49Z,1573,g95e5,1.949
2026-09-17T12:49Z,1573,gA,1.929
2026-09-17T12:49Z,1573,gP,1.999
2026-09-17T12:49Z,1573,g98e5,2.069
2026-09-17T12:49Z,1573,gB,1.579
2026-09-17T12:49Z,1579,gA,2.059
2026-09-17T12:49Z,1579,gP,2.109
2026-09-17T12:49Z,1582,g95e5,1.959
2026-09-17T12:49Z,1582,gA,1.879
2026-09-17T12:49Z,1582,gP,1.909
2026-09-17T12:49Z,1582,g98e5,1.999
2026-09-17T12:49Z,1585,g95e5,1.899
2026-09-17T12:49Z,1585,gA,1.879
2026-09-17T12:49Z,1585,gP,1.959
2026-09-17T12:49Z,1585,g98e5,2.039
2026-09-17T12:49Z,1594,gA,1.969
2026-09-17T12:49Z,1604,g95e5,1.993
2026-09-17T12:49Z,1604,gA,1.999
2026-09-17T12:49Z,1604,gP,2.043
2026-09-17T12:49Z,1604,g98e5,2.085
2026-09-17T12:49Z,1614,g95e5,1.789
2026-09-17T12:49Z,1614,gA,1.779
2026-09-17T12:49Z,1619,g95e5,1.899
2026-09-17T12:49Z,1619,gA,1.879
2026-09-17T12:49Z,1619,gP,1.959
2026-09-17T12:49Z,1619,g98e5,2.039
2026-09-17T12:49Z,1623,g95e5,1.798
2026-09-17T12:49Z,1623,gA,1.816
2026-09-17T12:49Z,1623,gP,1.846
2026-09-17T12:49Z,1623,g98e5,1.935
2026-09-17T12:49Z,1628,g95e5,1.879
2026-09-17T12:49Z,1628,gA,1.894
2026-09-17T12:49Z,1628,gP,1.944
2026-09-17T12:49Z,1628,g98e5,2.039
2026-09-17T12:49Z,1631,g95e5,1.997
2026-09-17T12:49Z,1631,gA,1.997
2026-09-17T12:49Z,1631,gP,2.009
2026-09-17T12:49Z,1634,g95e5,1.824
2026-09-17T12:49Z,1634,gA,1.904
2026-09-17T12:49Z,1634,gP,1.954
2026-09-17T12:49Z,1634,g95e5p,1.874
2026-09-17T12:49Z,1635,g95e5,1.799
2026-09-17T12:49Z,1635,gA,1.809
2026-09-17T12:49Z,1636,g95e5,1.949
2026-09-17T12:49Z,1636,gA,1.954
2026-09-17T12:49Z,1636,gP,2.044
2026-09-17T12:49Z,1638,gA,1.814
2026-09-17T12:49Z,1638,gP,1.864
2026-09-17T12:49Z,1640,g95e5,1.949
2026-09-17T12:49Z,1640,gA,2.014
2026-09-17T12:49Z,1640,gP,2.064
2026-09-17T12:49Z,1640,g95e5p,1.999
2026-09-17T12:49Z,1641,gA,1.964
2026-09-17T12:49Z,1641,gP,2.014
2026-09-17T12:49Z,1687,gA,1.979
2026-09-17T12:49Z,1687,gP,2.019
2026-09-17T12:49Z,1687,g98e5,2.109
2026-09-17T12:49Z,1688,gA,1.859
2026-09-17T12:49Z,1688,gP,1.899
2026-09-17T12:49Z,1688,g98e5,2.099
2026-09-17T12:49Z,1689,g95e5,1.939
2026-09-17T12:49Z,1689,gA,1.979
2026-09-17T12:49Z,1689,gP,2.019
2026-09-17T12:49Z,1689,g98e5,2.039
2026-09-17T12:49Z,1690,g98e5,1.849
2026-09-17T12:49Z,1693,g95e5,2.049
2026-09-17T12:49Z,1694,g98e5,2.139
2026-09-17T12:49Z,1695,g95e5,1.939
2026-09-17T12:49Z,1695,gA,1.969
2026-09-17T12:49Z,1695,gP,2.009
2026-09-17T12:49Z,1695,g98e5,2.029
2026-09-17T12:49Z,1698,g98e5,1.959
2026-09-17T12:49Z,1715,g95e5,1.779
2026-09-17T12:49Z,1715,gA,1.793
2026-09-17T12:49Z,1718,g98e5,1.889
2026-09-17T12:49Z,1724,g95e5,1.929
2026-09-17T12:49Z,1724,gA,1.929
2026-09-17T12:49Z,1724,gP,1.979
2026-09-17T12:49Z,1728,g95e5,1.959
2026-09-17T12:49Z,1728,g98e5,2.039
2026-09-17T12:49Z,1736,g95e5,1.889
2026-09-17T12:49Z,1736,gA,1.909
2026-09-17T12:49Z,1736,gP,1.929
2026-09-17T12:49Z,1736,g95e5p,1.909
2026-09-17T12:49Z,1769,g95e5,1.779
2026-09-17T12:49Z,1769,gA,1.779
2026-09-17T12:49Z,1769,gP,1.829
2026-09-17T12:49Z,1769,g98e5,1.909
2026-09-17T12:49Z,1779,gA,2.049
2026-09-17T12:49Z,1779,gP,2.139
2026-09-17T12:49Z,1780,g95e5,1.989
2026-09-17T12:49Z,1780,gA,2.039
2026-09-17T12:49Z,1780,gP,2.134
2026-09-17T12:49Z,1780,g95e5p,2.049
2026-09-17T12:49Z,1782,gA,1.979
2026-09-17T12:49Z,1782,gP,2.029
2026-09-17T12:49Z,1783,g95e5,1.789
2026-09-17T12:49Z,1783,g95e5p,1.799
2026-09-17T12:49Z,1784,g95e5,2.019
2026-09-17T12:49Z,1784,gA,2.049
2026-09-17T12:49Z,1784,gP,2.144
2026-09-17T12:49Z,1784,g95e5p,2.099
2026-09-17T12:49Z,1795,g95e5,1.999
2026-09-17T12:49Z,1795,gA,1.979
2026-09-17T12:49Z,1795,g98e5,2.129
2026-09-17T12:49Z,1808,gA,2.009
2026-09-17T12:49Z,1812,g95e5,1.849
2026-09-17T12:49Z,1812,gA,1.859
2026-09-17T12:49Z,1812,gP,1.879
2026-09-17T12:49Z,1812,gB,1.654
2026-09-17T12:49Z,1816,g95e5,1.995
2026-09-17T12:49Z,1816,gA,2.029
2026-09-17T12:49Z,1816,g98e5,2.119
2026-09-17T12:49Z,1822,gA,1.959
2026-09-17T12:49Z,1822,gP,2.049
2026-09-17T12:49Z,1823,g95e5,1.949
2026-09-17T12:49Z,1823,g98e5,2.089
2026-09-17T12:49Z,1827,g95e5,2.019
2026-09-17T12:49Z,1827,gA,2.035
2026-09-17T12:49Z,1834,g95e5,2.039
2026-09-17T12:49Z,1834,gA,2.079
2026-09-17T12:49Z,1834,gP,2.144
2026-09-17T12:49Z,1835,g95e5,2.019
2026-09-17T12:49Z,1835,gA,2.055
2026-09-17T12:49Z,1836,g95e5,1.809
2026-09-17T12:49Z,1836,gA,1.829
2026-09-17T12:49Z,1836,gB,1.499
2026-09-17T12:49Z,1840,g95e5,1.919
2026-09-17T12:49Z,1840,gA,1.959
2026-09-17T12:49Z,1840,gP,2.009
2026-09-17T12:49Z,1840,g98e5,2.039
2026-09-17T12:49Z,1841,g95e5,2.019
2026-09-17T12:49Z,1841,gA,1.949
2026-09-17T12:49Z,1841,gP,2.049
2026-09-17T12:49Z,1841,g98e5,2.179
2026-09-17T12:49Z,1841,gB,1.909
2026-09-17T12:49Z,1845,gA,1.939
2026-09-17T12:49Z,1845,gP,1.989
2026-09-17T12:49Z,1851,gA,2.009
2026-09-17T12:49Z,1852,g95e5,1.819
2026-09-17T12:49Z,1852,gA,1.749
2026-09-17T12:49Z,1856,gA,2.065
2026-09-17T12:49Z,1863,g95e5,1.758
2026-09-17T12:49Z,1863,gA,1.798
2026-09-17T12:49Z,1864,g95e5,1.789
2026-09-17T12:49Z,1864,gA,1.824
2026-09-17T12:49Z,1864,gP,1.874
2026-09-17T12:49Z,1864,g98e5,1.899
2026-09-17T12:49Z,1866,g95e5,2.019
2026-09-17T12:49Z,1866,g95e5p,2.069
2026-09-17T12:49Z,1874,g95e5,1.759
2026-09-17T12:49Z,1874,gA,1.887
2026-09-17T12:49Z,1880,g95e5,1.983
2026-09-17T12:49Z,1880,g98e5,2.123
2026-09-17T12:49Z,1882,g95e5,1.999
2026-09-17T12:49Z,1882,gA,1.959
2026-09-17T12:49Z,1882,gP,1.959
2026-09-17T12:49Z,1882,g98e5,2.159
2026-09-17T12:49Z,1885,gA,2.009
2026-09-17T12:49Z,1887,g95e5,1.839
2026-09-17T12:49Z,1887,gA,1.809
2026-09-17T12:49Z,1887,g98e5,1.929
2026-09-17T12:49Z,1887,gB,1.669
2026-09-17T12:49Z,1890,g95e5,1.819
2026-09-17T12:49Z,1890,gA,1.779
2026-09-17T12:49Z,1897,g95e5,1.797
2026-09-17T12:49Z,1897,gA,1.775
2026-09-17T12:49Z,1897,gB,1.677
2026-09-17T12:49Z,1906,g95e5,1.993
2026-09-17T12:49Z,1906,gA,1.932
2026-09-17T12:49Z,1913,g95e5,1.739
2026-09-17T12:49Z,1913,gA,1.757
2026-09-17T12:49Z,1921,gA,1.815
2026-09-17T12:49Z,1924,g95e5,1.759
2026-09-17T12:49Z,1924,gA,1.887
2026-09-17T12:49Z,1924,gB,1.769
2026-09-17T12:49Z,1934,g95e5,1.798
2026-09-17T12:49Z,1934,gA,1.768
2026-09-17T12:49Z,1934,g98e5,1.898
2026-09-17T12:49Z,1934,gB,1.548
2026-09-17T12:49Z,1939,gP,1.849
2026-09-17T12:49Z,1939,g98e5,1.859
2026-09-17T12:49Z,1941,g95e5,2.039
2026-09-17T12:49Z,1941,gA,1.949
2026-09-17T12:49Z,1941,gP,2.039
2026-09-17T12:49Z,1941,g98e5,2.189
2026-09-17T12:49Z,1948,g95e5,2.009
2026-09-17T12:49Z,1948,gA,1.929
2026-09-17T12:49Z,1948,gP,1.969
2026-09-17T12:49Z,1949,g95e5,1.979
2026-09-17T12:49Z,1949,gA,1.959
2026-09-17T12:49Z,1949,gP,1.999
2026-09-17T12:49Z,1949,g98e5,2.099
2026-09-17T12:49Z,1950,g95e5,1.999
2026-09-17T12:49Z,1950,gA,1.969
2026-09-17T12:49Z,1950,gP,2.009
2026-09-17T12:49Z,1950,g98e5,2.049
2026-09-17T12:49Z,1951,gA,1.949
2026-09-17T12:49Z,1951,gP,1.989
2026-09-17T12:49Z,1951,g98e5,2.129
2026-09-17T12:49Z,1953,g95e5,1.959
2026-09-17T12:49Z,1953,gA,1.919
2026-09-17T12:49Z,1953,gP,1.959
2026-09-17T12:49Z,1953,g98e5,2.119
2026-09-17T12:49Z,1954,g98e5,2.109
2026-09-17T12:49Z,1956,g98e5,2.029
2026-09-17T12:49Z,1980,g95e5,2.039
2026-09-17T12:49Z,1980,gA,1.999
2026-09-17T12:49Z,1980,g98e5,2.119
2026-09-17T12:49Z,1987,g95e5,2.014
2026-09-17T12:49Z,1987,gA,1.974
2026-09-17T12:49Z,1987,gP,2.064
2026-09-17T12:49Z,1991,gA,2.013
2026-09-17T12:49Z,1991,gP,2.114
2026-09-17T12:49Z,1992,gA,1.983
2026-09-17T12:49Z,1992,gP,2.084
2026-09-17T12:49Z,2005,g95e5,2.005
2026-09-17T12:49Z,2005,gA,2.039
2026-09-17T12:49Z,2005,gP,2.069
2026-09-17T12:49Z,2005,g98e5,2.115
2026-09-17T12:49Z,2023,gA,1.878
2026-09-17T12:49Z,2029,g95e5,1.789
2026-09-17T12:49Z,2029,gA,1.779
2026-09-17T12:49Z,2029,gB,1.469
2026-09-17T12:49Z,2031,g95e5,1.974
2026-09-17T12:49Z,2031,gA,2.009
2026-09-17T12:49Z,2031,g98e5,2.104
2026-09-17T12:49Z,2038,g95e5,1.839
2026-09-17T12:49Z,2038,gA,1.839
2026-09-17T12:49Z,2045,gA,1.778
2026-09-17T12:49Z,2045,gP,1.878
2026-09-17T12:49Z,2053,g95e5,1.768
2026-09-17T12:49Z,2053,gA,1.778
2026-09-17T12:49Z,2053,gP,1.808
2026-09-17T12:49Z,2053,g98e5,1.888
2026-09-17T12:49Z,2062,g95e5,2.029
2026-09-17T12:49Z,2062,gA,1.999
2026-09-17T12:49Z,2062,gP,2.104
2026-09-17T12:49Z,2062,g95e5p,2.069
2026-09-17T12:49Z,2066,g95e5,1.854
2026-09-17T12:49Z,2066,gA,1.849
2026-09-17T12:49Z,2066,gP,1.899
2026-09-17T12:49Z,2066,g98e5,1.984
2026-09-17T12:49Z,2072,g95e5,1.999
2026-09-17T12:49Z,2072,gA,2.034
2026-09-17T12:49Z,2072,gP,2.099
2026-09-17T12:49Z,2072,g98e5,2.094
2026-09-17T12:49Z,2079,gA,2.049
2026-09-17T12:49Z,2082,g95e5,1.999
2026-09-17T12:49Z,2082,gA,1.999
2026-09-17T12:49Z,2082,gP,2.049
2026-09-17T12:49Z,2082,gB,1.729
2026-09-17T12:49Z,2085,g95e5,1.955
2026-09-17T12:49Z,2091,g95e5,1.919
2026-09-17T12:49Z,2091,gA,1.974
2026-09-17T12:49Z,2093,g95e5,1.769
2026-09-17T12:49Z,2093,gA,1.789
2026-09-17T12:49Z,2094,g95e5,1.949
2026-09-17T12:49Z,2100,g95e5,2.029
2026-09-17T12:49Z,2100,g95e5p,2.109
2026-09-17T12:49Z,2104,gA,1.887
2026-09-17T12:49Z,2104,gP,1.967
2026-09-17T12:49Z,2115,gA,1.859
2026-09-17T12:49Z,2115,gP,1.899
2026-09-17T12:49Z,2115,gB,1.599
2026-09-17T12:49Z,2116,gA,1.999
2026-09-17T12:49Z,2116,gP,2.074
2026-09-17T12:49Z,2118,g95e5,2.015
2026-09-17T12:49Z,2118,gA,1.995
2026-09-17T12:49Z,2118,g98e5,2.125
2026-09-17T12:49Z,2137,g95e5,1.999
2026-09-17T12:49Z,2137,gA,1.999
2026-09-17T12:49Z,2137,gP,2.079
2026-09-17T12:49Z,2137,g98e5,2.129
2026-09-17T12:49Z,2137,gB,1.729
2026-09-17T12:49Z,2141,g95e5,2.009
2026-09-17T12:49Z,2141,gA,1.999
2026-09-17T12:49Z,2141,g98e5,2.119
2026-09-17T12:49Z,2143,g95e5,1.999
2026-09-17T12:49Z,2143,gA,1.999
2026-09-17T12:49Z,2143,gP,2.119
2026-09-17T12:49Z,2143,g98e5,2.119
2026-09-17T12:49Z,2154,g95e5,2.029
2026-09-17T12:49Z,2154,gA,2.049
2026-09-17T12:49Z,2154,gP,2.144
2026-09-17T12:49Z,2154,g98e5,2.129
2026-09-17T12:49Z,2154,gB,1.587
2026-09-17T12:49Z,2174,g95e5,1.975
2026-09-17T12:49Z,2181,g95e5,1.999
2026-09-17T12:49Z,2181,gA,1.999
2026-09-17T12:49Z,2181,gP,2.119
2026-09-17T12:49Z,2181,g98e5,2.119
2026-09-17T12:49Z,2181,g95e5p,2.029
2026-09-17T12:49Z,2184,g95e5,1.999
2026-09-17T12:49Z,2184,gA,1.999
2026-09-17T12:49Z,2184,gP,2.119
2026-09-17T12:49Z,2184,g98e5,2.119
2026-09-17T12:49Z,2187,g95e5,1.969
2026-09-17T12:49Z,2187,gA,1.999
2026-09-17T12:49Z,2187,gP,2.109
2026-09-17T12:49Z,2187,g98e5,2.069
2026-09-17T12:49Z,2187,gB,1.789
2026-09-17T12:49Z,2190,g95e5,2.029
2026-09-17T12:49Z,2190,gA,2.049
2026-09-17T12:49Z,2190,gP,2.144
2026-09-17T12:49Z,2190,g95e10,2.099
2026-09-17T12:49Z,2199,g95e5,1.999
2026-09-17T12:49Z,2199,gA,2.009
2026-09-17T12:49Z,2199,gP,2.114
2026-09-17T12:49Z,2199,g98e5,2.109
2026-09-17T12:49Z,2199,g95e5p,2.069
2026-09-17T12:49Z,2204,g95e5,1.979
2026-09-17T12:49Z,2204,g95e5p,2.029
2026-09-17T12:49Z,2207,g95e5,1.999
2026-09-17T12:49Z,2222,gA,1.995
2026-09-17T12:49Z,2223,gA,2.025
2026-09-17T12:49Z,2226,g95e5,1.999
2026-09-17T12:49Z,2226,g95e5p,2.049
2026-09-17T12:49Z,2230,gA,2.029
2026-09-17T12:49Z,2234,g95e5,2.008
2026-09-17T12:49Z,2234,gA,2.035
2026-09-17T12:49Z,2234,gP,2.135
2026-09-17T12:49Z,2234,g98e5,2.148
2026-09-17T12:49Z,2235,gA,2.029
2026-09-17T12:49Z,2235,gP,2.139
2026-09-17T12:49Z,2237,gA,2.049
2026-09-17T12:49Z,2243,gA,2.029
2026-09-17T12:49Z,2248,gA,2.029
2026-09-17T12:49Z,2248,gP,2.139
2026-09-17T12:49Z,2252,g95e5,1.834
2026-09-17T12:49Z,2252,gA,1.874
2026-09-17T12:49Z,2252,gP,1.924
2026-09-17T12:49Z,2252,g98e5,1.954
2026-09-17T12:49Z,2255,g95e5,2.029
2026-09-17T12:49Z,2255,gA,2.065
2026-09-17T12:49Z,2259,g95e5,1.909
2026-09-17T12:49Z,2259,gA,1.864
2026-09-17T12:49Z,2259,gP,1.914
2026-09-17T12:49Z,2259,g98e5,2.029
2026-09-17T12:49Z,2263,gA,1.989
2026-09-17T12:49Z,2263,gP,2.099
2026-09-17T12:49Z,2264,g95e5,1.868
2026-09-17T12:49Z,2264,gA,1.888
2026-09-17T12:49Z,2265,g95e5,1.849
2026-09-17T12:49Z,2265,gA,1.829
2026-09-17T12:49Z,2265,gP,1.879
2026-09-17T12:49Z,2265,g98e5,2.059
2026-09-17T12:49Z,2267,g95e5,1.779
2026-09-17T12:49Z,2267,gA,1.779
2026-09-17T12:49Z,2271,g95e5,1.919
2026-09-17T12:49Z,2271,gA,1.904
2026-09-17T12:49Z,2273,gA,2.005
2026-09-17T12:49Z,2276,gA,2.013
2026-09-17T12:49Z,2276,gP,2.074
2026-09-17T12:49Z,2286,g95e5,2.019
2026-09-17T12:49Z,2286,gA,1.999
2026-09-17T12:49Z,2286,gP,2.134
2026-09-17T12:49Z,2290,gA,2.029
2026-09-17T12:49Z,2291,g95e5,2.009
2026-09-17T12:49Z,2291,gA,1.979
2026-09-17T12:49Z,2291,gP,2.069
2026-09-17T12:49Z,2291,g98e5,2.139
2026-09-17T12:49Z,2300,gA,2.049
2026-09-17T12:49Z,2303,gA,1.899
2026-09-17T12:49Z,2303,gP,1.899
2026-09-17T12:49Z,2308,gA,2.039
2026-09-17T12:49Z,2323,gA,2.025
2026-09-17T12:49Z,2324,g95e5,2.019
2026-09-17T12:49Z,2324,gA,2.039
2026-09-17T12:49Z,2324,g98e5,2.159
2026-09-17T12:49Z,2332,g95e5,2.019
2026-09-17T12:49Z,2332,gA,2.005
2026-09-17T12:49Z,2339,gA,2.049
2026-09-17T12:49Z,2339,gP,2.159
2026-09-17T12:49Z,2340,gA,2.049
2026-09-17T12:49Z,2340,gP,2.124
2026-09-17T12:49Z,2341,g95e5,2.035
2026-09-17T12:49Z,2342,gA,2.029
2026-09-17T12:49Z,2344,gA,2.055
2026-09-17T12:49Z,2353,g95e5,2.029
2026-09-17T12:49Z,2353,gA,2.053
2026-09-17T12:49Z,2353,gP,2.130
2026-09-17T12:49Z,2353,g98e5,2.129
2026-09-17T12:49Z,2364,g95e5,2.015
2026-09-17T12:49Z,2364,gA,2.015
2026-09-17T12:49Z,2377,gA,1.999
2026-09-17T12:49Z,2379,g95e5,1.999
2026-09-17T12:49Z,2388,g95e5,1.939
2026-09-17T12:49Z,2388,gA,1.899
2026-09-17T12:49Z,2388,gP,1.969
2026-09-17T12:49Z,2419,gA,1.829
2026-09-17T12:49Z,2419,gP,1.859
2026-09-17T12:49Z,2419,g98e5,1.959
2026-09-17T12:49Z,2419,gB,1.600
2026-09-17T12:49Z,2421,g95e5,1.949
2026-09-17T12:49Z,2421,gA,1.999
2026-09-17T12:49Z,2421,gP,2.088
2026-09-17T12:49Z,2421,g98e5,2.088
2026-09-17T12:49Z,2432,gA,1.989
2026-09-17T12:49Z,2432,gP,2.089
2026-09-17T12:49Z,2432,gnc,1.989
2026-09-17T12:49Z,2434,g95e5,1.995
2026-09-17T12:49Z,2434,gA,1.985
2026-09-17T12:49Z,2434,gP,2.035
2026-09-17T12:49Z,2439,g95e5,1.857
2026-09-17T12:49Z,2439,gA,1.934
2026-09-17T12:49Z,2447,g95e5,2.040
2026-09-17T12:49Z,2447,gA,1.999
2026-09-17T12:49Z,2447,gP,2.099
2026-09-17T12:49Z,2447,g98e5,2.189
2026-09-17T12:49Z,2455,g95e5,1.789
2026-09-17T12:49Z,2455,g95e5p,1.799
2026-09-17T12:49Z,2474,gA,1.999
2026-09-17T12:49Z,2477,gA,2.059
2026-09-17T12:49Z,2501,g95e5,2.029
2026-09-17T12:49Z,2508,gA,2.069
2026-09-17T12:49Z,2508,gP,2.144
2026-09-17T12:49Z,2514,g95e5,1.949
2026-09-17T12:49Z,2514,gA,1.969
2026-09-17T12:49Z,2514,gP,2.019
2026-09-17T12:49Z,2514,g98e5,2.109
2026-09-17T12:49Z,2514,gB,1.749
2026-09-17T12:49Z,2525,g95e5,1.995
2026-09-17T12:49Z,2525,gA,2.029
2026-09-17T12:49Z,2525,g98e5,2.119
2026-09-17T12:49Z,2532,g95e5,1.999
2026-09-17T12:49Z,2532,gA,1.979
2026-09-17T12:49Z,2532,g98e5,2.129
2026-09-17T12:49Z,2535,gA,2.045
2026-09-17T12:49Z,2537,g95e5,2.019
2026-09-17T12:49Z,2537,gA,1.999
2026-09-17T12:49Z,2537,gP,2.099
2026-09-17T12:49Z,2538,g95e5,2.019
2026-09-17T12:49Z,2538,gA,1.999
2026-09-17T12:49Z,2538,gB,1.729
2026-09-17T12:49Z,2554,gA,2.069
2026-09-17T12:49Z,2554,gP,2.169
2026-09-17T12:49Z,2554,g98e5,2.119
2026-09-17T12:49Z,2565,g95e5,2.069
2026-09-17T12:49Z,2565,g95e5p,2.129
2026-09-17T12:49Z,2568,g95e5,2.075
2026-09-17T12:49Z,2568,gA,2.059
2026-09-17T12:49Z,2568,gP,2.079
2026-09-17T12:49Z,2568,g98e5,2.199
2026-09-17T12:49Z,2571,g95e5,2.099
2026-09-17T12:49Z,2571,gA,2.079
2026-09-17T12:49Z,2574,gA,2.049
2026-09-17T12:49Z,2580,gA,2.069
2026-09-17T12:49Z,2580,gP,2.169
2026-09-17T12:49Z,2581,g95e5,2.059
2026-09-17T12:49Z,2581,gA,2.059
2026-09-17T12:49Z,2581,g95e5p,2.109
2026-09-17T12:49Z,2596,g95e5,2.049
2026-09-17T12:49Z,2596,gA,2.039
2026-09-17T12:49Z,2596,gP,2.139
2026-09-17T12:49Z,2596,g98e5,2.189
2026-09-17T12:49Z,2609,g95e5,2.059
2026-09-17T12:49Z,2611,g95e5,2.069
2026-09-17T12:49Z,2611,gA,2.059
2026-09-17T12:49Z,2611,gP,2.149
2026-09-17T12:49Z,2611,g98e5,2.189
2026-09-17T12:49Z,2612,gA,2.049
2026-09-17T12:49Z,2616,gA,2.075
2026-09-17T12:49Z,2618,gA,2.039
2026-09-17T12:49Z,2618,gP,2.134
2026-09-17T12:49Z,2621,g95e5,2.059
2026-09-17T12:49Z,2621,gA,2.049
2026-09-17T12:49Z,2621,gP,2.139
2026-09-17T12:49Z,2621,g95e5p,2.139
2026-09-17T12:49Z,2622,gA,2.039
2026-09-17T12:49Z,2632,gA,2.109
2026-09-17T12:49Z,2632,gP,2.179
2026-09-17T12:49Z,2637,g95e5,2.079
2026-09-17T12:49Z,2637,gA,2.109
2026-09-17T12:49Z,2637,gP,2.159
2026-09-17T12:49Z,2637,g98e5,2.189
2026-09-17T12:49Z,2637,g95e5p,2.129
2026-09-17T12:49Z,2641,g95e5,2.039
2026-09-17T12:49Z,2641,gA,2.029
2026-09-17T12:49Z,2641,gP,2.109
2026-09-17T12:49Z,2641,g98e5,2.179
2026-09-17T12:49Z,2646,gA,2.039
2026-09-17T12:49Z,2646,gP,2.129
2026-09-17T12:49Z,2650,gA,2.029
2026-09-17T12:49Z,2665,g95e5,2.064
2026-09-17T12:49Z,2665,gA,2.064
2026-09-17T12:49Z,2665,gP,2.164
2026-09-17T12:49Z,2665,g95e5p,2.139
2026-09-17T12:49Z,2675,g95e5,2.129
2026-09-17T12:49Z,2675,gA,2.079
2026-09-17T12:49Z,2675,gP,2.169
2026-09-17T12:49Z,2675,g95e5p,2.169
2026-09-17T12:49Z,2675,gB,1.939
2026-09-17T12:49Z,2677,g95e5,2.069
2026-09-17T12:49Z,2677,gA,2.059
2026-09-17T12:49Z,2677,gP,2.149
2026-09-17T12:49Z,2677,g98e5,2.189
2026-09-17T12:49Z,2681,gA,2.035
2026-09-17T12:49Z,2681,gP,2.155
2026-09-17T12:49Z,2686,gA,2.079
2026-09-17T12:49Z,2687,gA,2.075
2026-09-17T12:49Z,2688,gA,2.028
2026-09-17T12:49Z,2689,g95e5,2.079
2026-09-17T12:49Z,2689,gA,2.109
2026-09-17T12:49Z,2689,gP,2.159
2026-09-17T12:49Z,2693,gA,2.029
2026-09-17T12:49Z,2694,g95e5,2.049
2026-09-17T12:49Z,2694,gA,2.015
2026-09-17T12:49Z,2694,g98e5,2.159
2026-09-17T12:49Z,2695,g95e5,2.058
2026-09-17T12:49Z,2695,gA,2.068
2026-09-17T12:49Z,2695,gP,2.128
2026-09-17T12:49Z,2697,g95e5,2.069
2026-09-17T12:49Z,2707,gA,2.069
2026-09-17T12:49Z,2708,g95e5,2.059
2026-09-17T12:49Z,2708,g95e5p,2.109
2026-09-17T12:49Z,2726,gA,2.049
2026-09-17T12:49Z,2736,gA,2.069
2026-09-17T12:49Z,2748,g95e5,1.509
2026-09-17T12:49Z,2748,gA,1.495
2026-09-17T12:49Z,2763,gA,2.005
2026-09-17T12:49Z,2763,gP,2.089
2026-09-17T12:49Z,2775,g95e5,2.009
2026-09-17T12:49Z,2775,gA,2.039
2026-09-17T12:49Z,2778,gA,2.035
2026-09-17T12:49Z,2778,gP,2.125
2026-09-17T12:49Z,2778,g98e5,2.139
2026-09-17T12:49Z,2779,g95e5,1.829
2026-09-17T12:49Z,2779,gA,1.799
2026-09-17T12:49Z,2780,g95e5,1.909
2026-09-17T12:49Z,2780,gA,1.949
2026-09-17T12:49Z,2780,gP,1.999
2026-09-17T12:49Z,2789,gA,2.049
2026-09-17T12:49Z,2791,g95e5,2.039
2026-09-17T12:49Z,2791,gA,2.079
2026-09-17T12:49Z,2791,gP,2.144
2026-09-17T12:49Z,2799,gA,2.055
2026-09-17T12:49Z,2807,gA,2.019
2026-09-17T12:49Z,2819,g95e5,1.999
2026-09-17T12:49Z,2819,gA,2.025
2026-09-17T12:49Z,2821,g95e5,1.995
2026-09-17T12:49Z,2821,gA,2.035
2026-09-17T12:49Z,2822,gA,2.065
2026-09-17T12:49Z,2825,g95e5,1.965
2026-09-17T12:49Z,2831,g95e5,2.019
2026-09-17T12:49Z,2832,gA,1.975
2026-09-17T12:49Z,2834,g95e5,1.959
2026-09-17T12:49Z,2834,gA,1.975
2026-09-17T12:49Z,2834,gP,2.025
2026-09-17T12:49Z,2836,g95e5,1.999
2026-09-17T12:49Z,2836,g95e5p,2.049
2026-09-17T12:49Z,2837,g95e5,2.029
2026-09-17T12:49Z,2837,gA,2.049
2026-09-17T12:49Z,2840,gA,2.029
2026-09-17T12:49Z,2843,gA,2.059
2026-09-17T12:49Z,2843,gP,2.134
2026-09-17T12:49Z,2844,gA,2.059
2026-09-17T12:49Z,2844,gP,2.134
2026-09-17T12:49Z,2848,g95e5,1.899
2026-09-17T12:49Z,2848,gA,1.939
2026-09-17T12:49Z,2848,gP,2.019
2026-09-17T12:49Z,2848,g98e5,2.039
2026-09-17T12:49Z,2848,gB,1.699
2026-09-17T12:49Z,2849,gA,1.879
2026-09-17T12:49Z,2849,gP,1.959
2026-09-17T12:49Z,2852,g95e5,2.069
2026-09-17T12:49Z,2852,g95e5p,2.109
2026-09-17T12:49Z,2859,gA,1.959
2026-09-17T12:49Z,2859,gP,2.009
2026-09-17T12:49Z,2863,g95e5,1.989
2026-09-17T12:49Z,2863,gA,1.959
2026-09-17T12:49Z,2863,gP,2.019
2026-09-17T12:49Z,2863,g98e5,2.049
2026-09-17T12:49Z,2871,gA,2.029
2026-09-17T12:49Z,2871,gP,2.124
2026-09-17T12:49Z,2875,gA,2.039
2026-09-17T12:49Z,2875,gP,2.114
2026-09-17T12:49Z,2876,gA,2.069
2026-09-17T12:49Z,2876,gP,2.119
2026-09-17T12:49Z,2878,gA,2.029
2026-09-17T12:49Z,2878,gP,2.099
2026-09-17T12:49Z,2878,g98e5,2.129
2026-09-17T12:49Z,2884,gA,2.009
2026-09-17T12:49Z,2884,gP,2.104
2026-09-17T12:49Z,2890,g95e5,1.881
2026-09-17T12:49Z,2890,gA,1.939
2026-09-17T12:49Z,2893,g95e5,2.039
2026-09-17T12:49Z,2893,gA,1.989
2026-09-17T12:49Z,2893,gP,2.099
2026-09-17T12:49Z,2893,g98e5,2.119
2026-09-17T12:49Z,2893,g95e10,2.079
2026-09-17T12:49Z,2908,g95e5,2.062
2026-09-17T12:49Z,2908,gA,2.052
2026-09-17T12:49Z,2908,gP,2.172
2026-09-17T12:49Z,2912,g95e5,2.029
2026-09-17T12:49Z,2913,g95e5,2.062
2026-09-17T12:49Z,2913,gA,2.052
2026-09-17T12:49Z,2914,gA,2.035
2026-09-17T12:49Z,2923,gA,1.869
2026-09-17T12:49Z,2923,gP,1.869
2026-09-17T12:49Z,2924,g95e5,1.979
2026-09-17T12:49Z,2924,gA,1.969
2026-09-17T12:49Z,2924,gP,2.019
2026-09-17T12:49Z,2924,g98e5,2.099
2026-09-17T12:49Z,2926,g95e5,1.934
2026-09-17T12:49Z,2926,gA,1.959
2026-09-17T12:49Z,2926,gP,2.009
2026-09-17T12:49Z,2926,g95e5p,1.984
2026-09-17T12:49Z,2927,g95e5,1.949
2026-09-17T12:49Z,2927,gA,1.969
2026-09-17T12:49Z,2927,gP,2.019
2026-09-17T12:49Z,2927,g95e5p,1.999
2026-09-17T12:49Z,2929,g95e5,1.904
2026-09-17T12:49Z,2929,gA,1.909
2026-09-17T12:49Z,2929,gP,1.959
2026-09-17T12:49Z,2929,g98e5,2.059
2026-09-17T12:49Z,2933,gP,1.829
2026-09-17T12:49Z,2933,g95e5p,1.819
2026-09-17T12:49Z,2934,gP,1.829
2026-09-17T12:49Z,2934,g95e5p,1.819
2026-09-17T12:49Z,2941,g95e5,1.997
2026-09-17T12:49Z,2941,gA,1.983
2026-09-17T12:49Z,2941,gP,2.033
2026-09-17T12:49Z,2941,g95e5p,2.099
2026-09-17T12:49Z,2941,gB,1.793
2026-09-17T12:49Z,2945,g95e5,2.029
2026-09-17T12:49Z,2945,gA,2.019
2026-09-17T12:49Z,2945,gP,2.124
2026-09-17T12:49Z,2953,g95e5,2.049
2026-09-17T12:49Z,2953,gA,1.999
2026-09-17T12:49Z,2953,gP,2.084
2026-09-17T12:49Z,2953,g95e5p,2.089
2026-09-17T12:49Z,2955,gA,2.029
2026-09-17T12:49Z,2955,gP,2.124
2026-09-17T12:49Z,2964,gA,2.025
2026-09-17T12:49Z,2965,g95e5,1.994
2026-09-17T12:49Z,2965,gA,1.994
2026-09-17T12:49Z,2965,gP,2.084
2026-09-17T12:49Z,2965,g98e5,2.134
2026-09-17T12:49Z,2972,g95e5,1.899
2026-09-17T12:49Z,2972,gA,1.919
2026-09-17T12:49Z,2975,g95e5,2.019
2026-09-17T12:49Z,2975,gA,2.049
2026-09-17T12:49Z,2975,gP,2.149
2026-09-17T12:49Z,2975,g95e5p,2.079
2026-09-17T12:49Z,2979,g95e5,2.029
2026-09-17T12:49Z,2979,gA,2.004
2026-09-17T12:49Z,2979,gP,2.094
2026-09-17T12:49Z,2979,g98e5,2.169
2026-09-17T12:49Z,2980,g95e5,2.029
2026-09-17T12:49Z,2980,gA,2.004
2026-09-17T12:49Z,2980,gP,2.094
2026-09-17T12:49Z,2980,g98e5,2.169
2026-09-17T12:49Z,2981,gA,2.049
2026-09-17T12:49Z,2981,gP,2.139
2026-09-17T12:49Z,2986,g95e5,1.834
2026-09-17T12:49Z,2986,gA,1.829
2026-09-17T12:49Z,2986,gP,1.879
2026-09-17T12:49Z,2986,g98e5,1.944
2026-09-17T12:49Z,2990,gA,2.029
2026-09-17T12:49Z,2990,gP,2.079
2026-09-17T12:49Z,2994,g95e5,1.939
2026-09-17T12:49Z,2994,gA,1.969
2026-09-17T12:49Z,2994,gP,2.019
2026-09-17T12:49Z,2994,g95e5p,1.989
2026-09-17T12:49Z,3003,g95e5,1.939
2026-09-17T12:49Z,3003,gA,2.014
2026-09-17T12:49Z,3003,gP,2.064
2026-09-17T12:49Z,3003,g98e5,2.079
2026-09-17T12:49Z,3007,gA,1.939
2026-09-17T12:49Z,3007,gP,1.989
2026-09-17T12:49Z,3008,g95e5,1.769
2026-09-17T12:49Z,3009,g95e5,1.979
2026-09-17T12:49Z,3009,gA,1.999
2026-09-17T12:49Z,3009,gP,2.049
2026-09-17T12:49Z,3009,g98e5,2.099
2026-09-17T12:49Z,3012,g95e5,1.779
2026-09-17T12:49Z,3012,gA,1.799
2026-09-17T12:49Z,3012,gP,1.839
2026-09-17T12:49Z,3016,g95e5,1.969
2026-09-17T12:49Z,3016,gA,1.959
2026-09-17T12:49Z,3016,gP,2.049
2026-09-17T12:49Z,3016,g98e5,2.079
2026-09-17T12:49Z,3017,g95e5,2.029
2026-09-17T12:49Z,3017,g95e5p,2.069
2026-09-17T12:49Z,3019,g95e5,1.979
2026-09-17T12:49Z,3019,gA,1.989
2026-09-17T12:49Z,3019,gP,2.039
2026-09-17T12:49Z,3019,g95e5p,2.029
2026-09-17T12:49Z,3027,g95e5,1.969
2026-09-17T12:49Z,3027,gA,2.004
2026-09-17T12:49Z,3027,gP,2.054
2026-09-17T12:49Z,3027,g95e5p,2.019
2026-09-17T12:49Z,3033,gA,1.959
2026-09-17T12:49Z,3033,gP,2.009
2026-09-17T12:49Z,3035,gA,1.939
2026-09-17T12:49Z,3035,gP,1.989
2026-09-17T12:49Z,3037,gA,1.939
2026-09-17T12:49Z,3037,gP,1.989
2026-09-17T12:49Z,3042,g95e5,2.029
2026-09-17T12:49Z,3042,gA,2.039
2026-09-17T12:49Z,3042,gP,2.144
2026-09-17T12:49Z,3042,g95e5p,2.099
2026-09-17T12:49Z,3058,g95e5,1.999
2026-09-17T12:49Z,3058,gA,1.969
2026-09-17T12:49Z,3058,gP,2.009
2026-09-17T12:49Z,3058,g98e5,2.119
2026-09-17T12:49Z,3059,g98e5,2.079
2026-09-17T12:49Z,3060,g95e5,1.779
2026-09-17T12:49Z,3060,gA,1.759
2026-09-17T12:49Z,3060,gP,1.799
2026-09-17T12:49Z,3067,g95e5,1.894
2026-09-17T12:49Z,3067,gA,1.899
2026-09-17T12:49Z,3067,gP,1.949
2026-09-17T12:49Z,3067,g95e5p,1.944
2026-09-17T12:49Z,3070,g95e5,1.909
2026-09-17T12:49Z,3070,g95e5p,1.959
2026-09-17T12:49Z,3074,g95e5,2.004
2026-09-17T12:49Z,3074,gA,2.019
2026-09-17T12:49Z,3074,gP,2.069
2026-09-17T12:49Z,3074,g98e5,2.159
2026-09-17T12:49Z,3075,g95e5,1.979
2026-09-17T12:49Z,3075,gA,1.979
2026-09-17T12:49Z,3075,gP,2.029
2026-09-17T12:49Z,3075,g98e5,2.124
2026-09-17T12:49Z,3081,g95e5,1.999
2026-09-17T12:49Z,3081,gA,1.979
2026-09-17T12:49Z,3081,gP,2.019
2026-09-17T12:49Z,3081,g98e5,2.079
2026-09-17T12:49Z,3082,gA,1.989
2026-09-17T12:49Z,3082,gP,2.029
2026-09-17T12:49Z,3083,g95e5,1.979
2026-09-17T12:49Z,3083,gA,1.989
2026-09-17T12:49Z,3083,gP,2.029
2026-09-17T12:49Z,3084,gA,1.969
2026-09-17T12:49Z,3084,gP,2.009
2026-09-17T12:49Z,3085,g95e5,1.989
2026-09-17T12:49Z,3085,gA,1.969
2026-09-17T12:49Z,3085,gP,2.009
2026-09-17T12:49Z,3090,g95e5,1.919
2026-09-17T12:49Z,3090,gA,1.899
2026-09-17T12:49Z,3090,gP,1.979
2026-09-17T12:49Z,3090,g98e5,2.059
2026-09-17T12:49Z,3092,g95e5,1.805
2026-09-17T12:49Z,3092,gA,1.809
2026-09-17T12:49Z,3097,g95e5,1.809
2026-09-17T12:49Z,3097,gA,1.817
2026-09-17T12:49Z,3098,g95e5,1.805
2026-09-17T12:49Z,3098,gA,1.809
2026-09-17T12:49Z,3106,gA,2.049
2026-09-17T12:49Z,3108,g95e5,1.989
2026-09-17T12:49Z,3108,gA,2.019
2026-09-17T12:49Z,3108,gP,2.099
2026-09-17T12:49Z,3108,g98e5,2.129
2026-09-17T12:49Z,3113,g95e5,2.039
2026-09-17T12:49Z,3113,gA,2.009
2026-09-17T12:49Z,3113,g98e5,2.129
2026-09-17T12:49Z,3113,gB,1.849
2026-09-17T12:49Z,3114,g95e5,2.039
2026-09-17T12:49Z,3114,gA,2.009
2026-09-17T12:49Z,3114,g98e5,2.129
2026-09-17T12:49Z,3115,gA,2.069
2026-09-17T12:49Z,3115,gP,2.154
2026-09-17T12:49Z,3116,gA,2.069
2026-09-17T12:49Z,3116,gP,2.154
2026-09-17T12:49Z,3117,g95e5,2.039
2026-09-17T12:49Z,3117,gA,2.019
2026-09-17T12:49Z,3117,gP,2.119
2026-09-17T12:49Z,3117,g98e5,2.179
2026-09-17T12:49Z,3123,gA,2.049
2026-09-17T12:49Z,3131,g95e5,2.029
2026-09-17T12:49Z,3131,gA,2.049
2026-09-17T12:49Z,3131,gP,2.119
2026-09-17T12:49Z,3131,g98e5,2.149
2026-09-17T12:49Z,3131,g95e5p,2.099
2026-09-17T12:49Z,3133,g95e5,2.019
2026-09-17T12:49Z,3133,gA,2.009
2026-09-17T12:49Z,3133,gP,2.124
2026-09-17T12:49Z,3135,g95e5,1.889
2026-09-17T12:49Z,3135,gA,1.869
2026-09-17T12:49Z,3135,gP,1.869
2026-09-17T12:49Z,3137,g95e5,2.039
2026-09-17T12:49Z,3137,gA,2.049
2026-09-17T12:49Z,3137,gP,2.144
2026-09-17T12:49Z,3138,g95e5,2.019
2026-09-17T12:49Z,3138,gA,2.039
2026-09-17T12:49Z,3138,gP,2.144
2026-09-17T12:49Z,3138,g95e5p,2.089
2026-09-17T12:49Z,3140,gA,2.029
2026-09-17T12:49Z,3140,gP,2.124
2026-09-17T12:49Z,3141,g95e5,2.039
2026-09-17T12:49Z,3141,gA,2.049
2026-09-17T12:49Z,3141,gP,2.154
2026-09-17T12:49Z,3141,g95e5p,2.129
2026-09-17T12:49Z,3147,g95e5,1.994
2026-09-17T12:49Z,3147,gA,1.984
2026-09-17T12:49Z,3147,gP,2.034
2026-09-17T12:49Z,3150,g95e5,1.909
2026-09-17T12:49Z,3150,g95e5p,1.959
2026-09-17T12:49Z,3155,gA,2.035
2026-09-17T12:49Z,3156,gA,1.979
2026-09-17T12:49Z,3156,gP,2.079
2026-09-17T12:49Z,3160,gA,2.019
2026-09-17T12:49Z,3161,g95e5,2.025
2026-09-17T12:49Z,3161,gA,2.019
2026-09-17T12:49Z,3164,g95e5,2.029
2026-09-17T12:49Z,3164,gA,2.009
2026-09-17T12:49Z,3164,gP,2.079
2026-09-17T12:49Z,3164,g98e5,2.149
2026-09-17T12:49Z,3164,g95e5p,2.099
2026-09-17T12:49Z,3165,g95e5,2.032
2026-09-17T12:49Z,3165,gA,2.054
2026-09-17T12:49Z,3165,gP,2.142
2026-09-17T12:49Z,3165,g98e5,2.164
2026-09-17T12:49Z,3165,g95e5p,2.120
2026-09-17T12:49Z,3167,g95e5,2.019
2026-09-17T12:49Z,3171,g95e5,2.039
2026-09-17T12:49Z,3171,g95e5p,2.119
2026-09-17T12:49Z,3175,gA,2.029
2026-09-17T12:49Z,3181,g95e5,2.019
2026-09-17T12:49Z,3181,gA,2.049
2026-09-17T12:49Z,3181,gP,2.119
2026-09-17T12:49Z,3181,g98e5,2.149
2026-09-17T12:49Z,3181,gB,1.799
2026-09-17T12:49Z,3183,gA,2.005
2026-09-17T12:49Z,3188,g95e5,1.929
2026-09-17T12:49Z,3188,gA,1.849
2026-09-17T12:49Z,3188,gP,1.879
2026-09-17T12:49Z,3188,g98e5,2.019
2026-09-17T12:49Z,3189,g95e5,2.029
2026-09-17T12:49Z,3189,gA,2.019
2026-09-17T12:49Z,3189,gP,2.124
2026-09-17T12:49Z,3189,g98e5,2.149
2026-09-17T12:49Z,3189,g95e5p,2.069
2026-09-17T12:49Z,3190,g95e5,2.029
2026-09-17T12:49Z,3190,gA,2.019
2026-09-17T12:49Z,3190,gP,2.124
2026-09-17T12:49Z,3190,g98e5,2.149
2026-09-17T12:49Z,3190,g95e5p,2.069
2026-09-17T12:49Z,3192,gA,2.019
2026-09-17T12:49Z,3196,g95e5,2.019
2026-09-17T12:49Z,3196,gA,2.009
2026-09-17T12:49Z,3196,gP,2.059
2026-09-17T12:49Z,3199,gA,1.989
2026-09-17T12:49Z,3200,g95e5,2.059
2026-09-17T12:49Z,3200,gA,2.039
2026-09-17T12:49Z,3203,g95e5,2.029
2026-09-17T12:49Z,3203,gA,2.009
2026-09-17T12:49Z,3203,gP,2.109
2026-09-17T12:49Z,3203,g98e5,2.149
2026-09-17T12:49Z,3206,g95e5,2.057
2026-09-17T12:49Z,3206,gA,2.019
2026-09-17T12:49Z,3206,gP,2.127
2026-09-17T12:49Z,3211,g95e5,2.029
2026-09-17T12:49Z,3211,gA,2.019
2026-09-17T12:49Z,3211,gP,2.079
2026-09-17T12:49Z,3211,g98e5,2.139
2026-09-17T12:49Z,3211,gB,1.899
2026-09-17T12:49Z,3212,g95e5,2.029
2026-09-17T12:49Z,3228,g95e5,2.009
2026-09-17T12:49Z,3228,gA,1.985
2026-09-17T12:49Z,3228,gP,2.065
2026-09-17T12:49Z,3228,g98e5,2.119
2026-09-17T12:49Z,3228,gB,1.899
2026-09-17T12:49Z,3235,gA,1.969
2026-09-17T12:49Z,3244,gA,1.979
2026-09-17T12:49Z,3247,gA,1.909
2026-09-17T12:49Z,3247,gP,1.959
2026-09-17T12:49Z,3249,g95e5,2.009
2026-09-17T12:49Z,3249,gA,1.979
2026-09-17T12:49Z,3249,gP,2.029
2026-09-17T12:49Z,3255,g95e5,2.039
2026-09-17T12:49Z,3255,gA,2.005
2026-09-17T12:49Z,3265,g95e5,2.029
2026-09-17T12:49Z,3265,gA,1.989
2026-09-17T12:49Z,3265,gP,2.069
2026-09-17T12:49Z,3265,g98e5,2.139
2026-09-17T12:49Z,3280,g95e5,2.049
2026-09-17T12:49Z,3280,gA,1.995
2026-09-17T12:49Z,3280,gP,2.045
2026-09-17T12:49Z,3280,g98e5,2.145
2026-09-17T12:49Z,3293,gA,1.995
2026-09-17T12:49Z,3295,g95e5,2.019
2026-09-17T12:49Z,3295,gA,1.969
2026-09-17T12:49Z,3295,gP,2.059
2026-09-17T12:49Z,3300,g95e5,2.029
2026-09-17T12:49Z,3300,gA,1.989
2026-09-17T12:49Z,3300,gP,2.039
2026-09-17T12:49Z,3300,g98e5,2.139
2026-09-17T12:49Z,3303,gA,1.949
2026-09-17T12:49Z,3304,g95e5,2.009
2026-09-17T12:49Z,3304,gA,1.999
2026-09-17T12:49Z,3304,gP,2.049
2026-09-17T12:49Z,3312,g95e5,2.009
2026-09-17T12:49Z,3312,gA,1.985
2026-09-17T12:49Z,3312,gP,2.065
2026-09-17T12:49Z,3312,g98e5,2.119
2026-09-17T12:49Z,3312,gB,1.899
2026-09-17T12:49Z,3340,gA,1.835
2026-09-17T12:49Z,3347,g95e5,2.025
2026-09-17T12:49Z,3347,gA,1.975
2026-09-17T12:49Z,3347,gP,2.075
2026-09-17T12:49Z,3347,g95e10,2.085
2026-09-17T12:49Z,3360,g95e5,2.029
2026-09-17T12:49Z,3360,gA,1.989
2026-09-17T12:49Z,3360,gP,2.029
2026-09-17T12:49Z,3364,gA,2.029
2026-09-17T12:49Z,3364,gP,2.104
2026-09-17T12:49Z,3365,gA,1.944
2026-09-17T12:49Z,3365,gP,1.994
2026-09-17T12:49Z,3372,gA,1.944
2026-09-17T12:49Z,3372,gP,1.994
2026-09-17T12:49Z,3375,g95e5,2.019
2026-09-17T12:49Z,3375,gA,1.979
2026-09-17T12:49Z,3375,gP,2.069
2026-09-17T12:49Z,3375,g98e5,2.149
2026-09-17T12:49Z,3376,g95e5,2.059
2026-09-17T12:49Z,3376,g95e5p,2.089
2026-09-17T12:49Z,3377,g95e5,2.039
2026-09-17T12:49Z,3378,g95e5,2.019
2026-09-17T12:49Z,3378,gA,1.979
2026-09-17T12:49Z,3378,gP,2.069
2026-09-17T12:49Z,3378,g98e5,2.149
2026-09-17T12:49Z,3379,g95e5,2.039
2026-09-17T12:49Z,3379,gA,2.039
2026-09-17T12:49Z,3379,gP,2.129
2026-09-17T12:49Z,3379,g98e5,2.159
2026-09-17T12:49Z,3380,g95e5,2.039
2026-09-17T12:49Z,3380,gA,2.039
2026-09-17T12:49Z,3380,gP,2.129
2026-09-17T12:49Z,3380,g98e5,2.159
2026-09-17T12:49Z,3388,g95e5,2.059
2026-09-17T12:49Z,3388,gA,2.029
2026-09-17T12:49Z,3388,gP,2.119
2026-09-17T12:49Z,3388,g98e5,2.179
2026-09-17T12:49Z,3389,g95e5,2.059
2026-09-17T12:49Z,3389,gA,2.029
2026-09-17T12:49Z,3389,gP,2.119
2026-09-17T12:49Z,3389,g98e5,2.179
2026-09-17T12:49Z,3390,g95e5,2.039
2026-09-17T12:49Z,3390,g98e5,2.039
2026-09-17T12:49Z,3391,g95e5,2.049
2026-09-17T12:49Z,3391,gA,2.009
2026-09-17T12:49Z,3391,gP,2.094
2026-09-17T12:49Z,3391,g95e5p,2.119
2026-09-17T12:49Z,3408,g95e5,2.019
2026-09-17T12:49Z,3408,gA,1.999
2026-09-17T12:49Z,3408,gP,2.064
2026-09-17T12:49Z,3408,g98e5,2.119
2026-09-17T12:49Z,3410,g95e5,2.019
2026-09-17T12:49Z,3410,gA,1.959
2026-09-17T12:49Z,3410,gP,2.074
2026-09-17T12:49Z,3410,g95e5p,2.099
2026-09-17T12:49Z,3411,gA,1.959
2026-09-17T12:49Z,3411,gP,2.049
2026-09-17T12:49Z,3411,g95e5p,2.069
2026-09-17T12:49Z,3412,gA,1.999
2026-09-17T12:49Z,3412,gP,2.094
2026-09-17T12:49Z,3414,g95e5,2.039
2026-09-17T12:49Z,3414,gA,1.999
2026-09-17T12:49Z,3414,gP,2.094
2026-09-17T12:49Z,3414,g95e5p,2.089
2026-09-17T12:49Z,3417,g95e5,2.049
2026-09-17T12:49Z,3417,gA,1.989
2026-09-17T12:49Z,3417,gP,2.084
2026-09-17T12:49Z,3417,g95e5p,2.089
2026-09-17T12:49Z,3418,g95e5,2.039
2026-09-17T12:49Z,3418,gA,1.999
2026-09-17T12:49Z,3418,gP,2.094
2026-09-17T12:49Z,3419,g95e5,2.039
2026-09-17T12:49Z,3419,gA,1.999
2026-09-17T12:49Z,3419,gP,2.094
2026-09-17T12:49Z,3428,g95e5,2.039
2026-09-17T12:49Z,3428,gA,2.009
2026-09-17T12:49Z,3428,gP,2.084
2026-09-17T12:49Z,3428,g95e5p,2.079
2026-09-17T12:49Z,3437,gA,1.855
2026-09-17T12:49Z,3438,gA,1.989
2026-09-17T12:49Z,3438,gP,2.094
2026-09-17T12:49Z,3440,g95e5,2.029
2026-09-17T12:49Z,3440,gA,1.989
2026-09-17T12:49Z,3440,gP,2.089
2026-09-17T12:49Z,3440,g98e5,2.149
2026-09-17T12:49Z,3443,gA,1.979
2026-09-17T12:49Z,3443,gP,2.029
2026-09-17T12:49Z,3443,gB,1.769
2026-09-17T12:49Z,3444,g95e5,2.049
2026-09-17T12:49Z,3444,gA,2.038
2026-09-17T12:49Z,3444,gP,2.129
2026-09-17T12:49Z,3444,g98e5,2.189
2026-09-17T12:49Z,3456,gA,1.999
2026-09-17T12:49Z,3456,gP,2.104
2026-09-17T12:49Z,3457,gA,1.975
2026-09-17T12:49Z,3459,g95e5,1.898
2026-09-17T12:49Z,3459,gA,1.828
2026-09-17T12:49Z,3460,gA,1.969
2026-09-17T12:49Z,3460,gB,1.879
2026-09-17T12:49Z,3462,g95e5,2.035
2026-09-17T12:49Z,3464,g95e5,2.029
2026-09-17T12:49Z,3464,gA,2.015
2026-09-17T12:49Z,3481,gA,1.959
2026-09-17T12:49Z,3486,g95e5,1.909
2026-09-17T12:49Z,3486,gA,1.909
2026-09-17T12:49Z,3496,g95e5,1.879
2026-09-17T12:49Z,3496,gA,1.869
2026-09-17T12:49Z,3496,gP,1.959
2026-09-17T12:49Z,3505,g95e5,1.959
2026-09-17T12:49Z,3505,g95e5p,2.039
2026-09-17T12:49Z,3506,g95e5,1.979
2026-09-17T12:49Z,3512,g95e5,2.019
2026-09-17T12:49Z,3512,gA,1.979
2026-09-17T12:49Z,3518,gA,1.969
2026-09-17T12:49Z,3544,g95e5,2.029
2026-09-17T12:49Z,3544,gA,1.983
2026-09-17T12:49Z,3544,gP,2.089
2026-09-17T12:49Z,3544,g98e5,2.139
2026-09-17T12:49Z,3544,g95e5p,2.079
2026-09-17T12:49Z,3552,g95e5,2.079
2026-09-17T12:49Z,3552,gA,2.019
2026-09-17T12:49Z,3552,g98e5,2.229
2026-09-17T12:49Z,3555,gA,1.995
2026-09-17T12:49Z,3571,g95e5,2.039
2026-09-17T12:49Z,3571,gA,1.969
2026-09-17T12:49Z,3571,g98e5,2.149
2026-09-17T12:49Z,3573,g95e5,1.999
2026-09-17T12:49Z,3573,gA,1.939
2026-09-17T12:49Z,3573,g98e5,2.059
2026-09-17T12:49Z,3573,gB,1.799
2026-09-17T12:49Z,3580,g95e5,2.019
2026-09-17T12:49Z,3580,gA,1.979
2026-09-17T12:49Z,3580,gP,2.069
2026-09-17T12:49Z,3580,g98e5,2.149
2026-09-17T12:49Z,3601,g95e5,2.029
2026-09-17T12:49Z,3601,gA,1.989
2026-09-17T12:49Z,3601,gP,2.089
2026-09-17T12:49Z,3601,g98e5,2.149
2026-09-17T12:49Z,3612,g95e5,2.035
2026-09-17T12:49Z,3612,gA,2.049
2026-09-17T12:49Z,3615,g95e5,2.007
2026-09-17T12:49Z,3615,gA,1.995
2026-09-17T12:49Z,3615,gP,2.083
2026-09-17T12:49Z,3615,g98e5,2.167
2026-09-17T12:49Z,3616,gA,2.015
2026-09-17T12:49Z,3623,gA,1.959
2026-09-17T12:49Z,3629,g95e5,1.999
2026-09-17T12:49Z,3629,g95e5p,2.089
2026-09-17T12:49Z,3637,gA,1.999
2026-09-17T12:49Z,3640,g95e5,2.055
2026-09-17T12:49Z,3640,gA,1.979
2026-09-17T12:49Z,3640,gP,2.089
2026-09-17T12:49Z,3640,g98e5,2.155
2026-09-17T12:49Z,3641,g95e5,2.039
2026-09-17T12:49Z,3641,gA,1.999
2026-09-17T12:49Z,3641,gP,2.094
2026-09-17T12:49Z,3641,g95e5p,2.089
2026-09-17T12:49Z,3642,g95e5,2.029
2026-09-17T12:49Z,3642,gA,1.989
2026-09-17T12:49Z,3642,gP,2.094
2026-09-17T12:49Z,3642,gB,1.873
2026-09-17T12:49Z,3649,g95e5,1.849
2026-09-17T12:49Z,3649,gA,1.829
2026-09-17T12:49Z,3649,gP,1.829
2026-09-17T12:49Z,3649,g95e5p,1.849
2026-09-17T12:49Z,3652,g95e5,2.009
2026-09-17T12:49Z,3652,gA,1.979
2026-09-17T12:49Z,3652,gP,2.094
2026-09-17T12:49Z,3652,g95e5p,2.089
2026-09-17T12:49Z,3657,gA,1.969
2026-09-17T12:49Z,3660,g95e5,2.009
2026-09-17T12:49Z,3660,gA,1.959
2026-09-17T12:49Z,3660,gP,2.059
2026-09-17T12:49Z,3660,g98e5,2.169
2026-09-17T12:49Z,3665,g95e5,2.019
2026-09-17T12:49Z,3665,gA,1.959
2026-09-17T12:49Z,3665,gP,2.049
2026-09-17T12:49Z,3665,g95e5p,2.109
2026-09-17T12:49Z,3669,g95e5,2.029
2026-09-17T12:49Z,3669,gA,2.086
2026-09-17T12:49Z,3669,gP,2.245
2026-09-17T12:49Z,3669,g98e5,2.197
2026-09-17T12:49Z,3669,gB,1.944
2026-09-17T12:49Z,3682,gA,1.969
2026-09-17T12:49Z,3690,gA,1.985
2026-09-17T12:49Z,3700,gA,1.965
2026-09-17T12:49Z,3703,g95e5,2.019
2026-09-17T12:49Z,3703,gA,1.999
2026-09-17T12:49Z,3703,gP,2.094
2026-09-17T12:49Z,3703,g98e5,2.129
2026-09-17T12:49Z,3704,g95e5,1.989
2026-09-17T12:49Z,3704,gA,2.049
2026-09-17T12:49Z,3704,gB,1.833
2026-09-17T12:49Z,3706,gA,1.999
2026-09-17T12:49Z,3706,gP,2.049
2026-09-17T12:49Z,3712,g95e5,2.009
2026-09-17T12:49Z,3712,gA,1.969
2026-09-17T12:49Z,3712,gP,2.059
2026-09-17T12:49Z,3712,g98e5,2.159
2026-09-17T12:49Z,3713,gA,1.839
2026-09-17T12:49Z,3714,g95e5,1.879
2026-09-17T12:49Z,3714,gA,1.859
2026-09-17T12:49Z,3715,g95e5,1.949
2026-09-17T12:49Z,3715,gA,1.929
2026-09-17T12:49Z,3715,gP,1.979
2026-09-17T12:49Z,3715,g98e5,2.089
2026-09-17T12:49Z,3717,gA,2.009
2026-09-17T12:49Z,3717,gP,2.094
2026-09-17T12:49Z,3718,gA,2.029
2026-09-17T12:49Z,3718,gP,2.119
2026-09-17T12:49Z,3727,g95e5,2.019
2026-09-17T12:49Z,3727,gA,1.969
2026-09-17T12:49Z,3727,gP,2.059
2026-09-17T12:49Z,3727,g98e5,2.169
2026-09-17T12:49Z,3729,g95e5,2.019
2026-09-17T12:49Z,3729,gA,1.969
2026-09-17T12:49Z,3729,gP,2.059
2026-09-17T12:49Z,3729,g98e5,2.169
2026-09-17T12:49Z,3730,g95e5,1.829
2026-09-17T12:49Z,3730,gA,1.829
2026-09-17T12:49Z,3730,g98e5,1.979
2026-09-17T12:49Z,3732,g95e5,1.859
2026-09-17T12:49Z,3732,gA,1.859
2026-09-17T12:49Z,3732,gP,1.909
2026-09-17T12:49Z,3732,g98e5,1.999
2026-09-17T12:49Z,3735,g95e5,2.069
2026-09-17T12:49Z,3735,gA,2.019
2026-09-17T12:49Z,3735,gP,2.109
2026-09-17T12:49Z,3735,g98e5,2.179
2026-09-17T12:49Z,3736,g95e5,2.009
2026-09-17T12:49Z,3736,gA,2.029
2026-09-17T12:49Z,3736,gP,2.094
2026-09-17T12:49Z,3736,g95e5p,2.079
2026-09-17T12:49Z,3737,g95e5,2.059
2026-09-17T12:49Z,3737,gA,2.019
2026-09-17T12:49Z,3737,gP,2.089
2026-09-17T12:49Z,3737,g98e5,2.189
2026-09-17T12:49Z,3743,g95e5,2.069
2026-09-17T12:49Z,3743,gA,2.019
2026-09-17T12:49Z,3743,gP,2.109
2026-09-17T12:49Z,3743,g98e5,2.179
2026-09-17T12:49Z,3744,gA,1.999
2026-09-17T12:49Z,3744,gP,2.084
2026-09-17T12:49Z,3745,g95e5,2.009
2026-09-17T12:49Z,3745,gA,2.049
2026-09-17T12:49Z,3745,gP,2.114
2026-09-17T12:49Z,3745,g95e5p,2.079
2026-09-17T12:49Z,3746,g95e5,2.059
2026-09-17T12:49Z,3746,gA,2.019
2026-09-17T12:49Z,3746,gP,2.089
2026-09-17T12:49Z,3746,g98e5,2.189
2026-09-17T12:49Z,3747,g95e5,2.084
2026-09-17T12:49Z,3747,gA,2.029
2026-09-17T12:49Z,3747,gP,2.119
2026-09-17T12:49Z,3749,g95e5,2.019
2026-09-17T12:49Z,3749,gA,1.969
2026-09-17T12:49Z,3749,gP,2.059
2026-09-17T12:49Z,3749,g98e5,2.169
2026-09-17T12:49Z,3758,g95e5,1.979
2026-09-17T12:49Z,3758,gA,1.909
2026-09-17T12:49Z,3758,gP,1.949
2026-09-17T12:49Z,3758,g98e5,2.099
2026-09-17T12:49Z,3759,g95e5,1.940
2026-09-17T12:49Z,3759,gA,1.920
2026-09-17T12:49Z,3761,g95e5,1.729
2026-09-17T12:49Z,3761,gA,1.747
2026-09-17T12:49Z,3763,g95e5,2.005
2026-09-17T12:49Z,3767,g95e5,2.049
2026-09-17T12:49Z,3767,gA,1.976
2026-09-17T12:49Z,3767,g98e5,2.183
2026-09-17T12:49Z,3769,g95e5,1.804
2026-09-17T12:49Z,3769,gA,1.824
2026-09-17T12:49Z,3769,g98e5,1.944
2026-09-17T12:49Z,3770,gA,1.939
2026-09-17T12:49Z,3771,g95e5,1.959
2026-09-17T12:49Z,3771,gA,1.899
2026-09-17T12:49Z,3771,gP,1.939
2026-09-17T12:49Z,3771,g98e5,2.179
2026-09-17T12:49Z,3772,g95e5,1.999
2026-09-17T12:49Z,3772,gA,1.899
2026-09-17T12:49Z,3772,gP,1.939
2026-09-17T12:49Z,3772,g98e5,2.129
2026-09-17T12:49Z,3773,g95e5,2.019
2026-09-17T12:49Z,3773,gA,1.949
2026-09-17T12:49Z,3773,gP,1.989
2026-09-17T12:49Z,3773,g98e5,2.189
2026-09-17T12:49Z,3774,g98e5,2.059
2026-09-17T12:49Z,3775,g95e5,1.999
2026-09-17T12:49Z,3775,g98e5,2.099
2026-09-17T12:49Z,3776,g95e5,2.064
2026-09-17T12:49Z,3776,gA,2.034
2026-09-17T12:49Z,3776,gP,2.124
2026-09-17T12:49Z,3776,g98e5,2.194
2026-09-17T12:49Z,3779,g95e5,1.899
2026-09-17T12:49Z,3779,gA,1.909
2026-09-17T12:49Z,3779,gP,1.949
2026-09-17T12:49Z,3779,g98e5,2.029
2026-09-17T12:49Z,3780,gA,1.909
2026-09-17T12:49Z,3780,gP,1.949
2026-09-17T12:49Z,3783,gP,1.859
2026-09-17T12:49Z,3783,g98e5,1.849
2026-09-17T12:49Z,3810,gA,1.799
2026-09-17T12:49Z,3810,gP,1.899
2026-09-17T12:49Z,3823,g95e5,2.029
2026-09-17T12:49Z,3825,g95e5,1.789
2026-09-17T12:49Z,3825,gA,1.887
2026-09-17T12:49Z,3829,g95e5,1.809
2026-09-17T12:49Z,3829,gA,1.829
2026-09-17T12:49Z,3829,gP,1.889
2026-09-17T12:49Z,3829,g98e5,1.999
2026-09-17T12:49Z,3832,gA,2.009
2026-09-17T12:49Z,3840,gA,2.019
2026-09-17T12:49Z,3845,g95e5,1.849
2026-09-17T12:49Z,3845,gA,1.737
2026-09-17T12:49Z,3847,gA,1.935
2026-09-17T12:49Z,3856,g95e5,1.769
2026-09-17T12:49Z,3856,gA,1.779
2026-09-17T12:49Z,3856,gP,1.779
2026-09-17T12:49Z,3862,gA,2.009
2026-09-17T12:49Z,3863,gA,1.799
2026-09-17T12:49Z,3863,gP,1.909
2026-09-17T12:49Z,3863,g98e5,1.929
2026-09-17T12:49Z,3871,g95e5,1.769
2026-09-17T12:49Z,3881,g95e5,2.059
2026-09-17T12:49Z,3881,g95e5p,2.099
2026-09-17T12:49Z,3891,gA,2.009
2026-09-17T12:49Z,3891,gP,2.094
2026-09-17T12:49Z,3892,gA,2.009
2026-09-17T12:49Z,3892,gP,2.094
2026-09-17T12:49Z,3899,g95e5,2.059
2026-09-17T12:49Z,3909,g95e5,2.079
2026-09-17T12:49Z,3909,gA,2.009
2026-09-17T12:49Z,3909,g98e5,2.239
2026-09-17T12:49Z,3910,g95e5,2.079
2026-09-17T12:49Z,3910,gA,2.009
2026-09-17T12:49Z,3910,g98e5,2.239
2026-09-17T12:49Z,3910,gB,1.835
2026-09-17T12:49Z,3911,g95e5,2.029
2026-09-17T12:49Z,3911,gA,1.999
2026-09-17T12:49Z,3911,gP,2.074
2026-09-17T12:49Z,3911,g98e5,2.109
2026-09-17T12:49Z,3917,g95e5,2.029
2026-09-17T12:49Z,3917,gA,1.949
2026-09-17T12:49Z,3917,gP,2.049
2026-09-17T12:49Z,3917,g98e5,2.179
2026-09-17T12:49Z,3927,g95e5,2.059
2026-09-17T12:49Z,3927,gA,2.019
2026-09-17T12:49Z,3927,gP,2.104
2026-09-17T12:49Z,3927,g98e5,2.139
2026-09-17T12:49Z,3927,gB,1.938
2026-09-17T12:49Z,3949,g95e5,2.079
2026-09-17T12:49Z,3949,gA,1.955
2026-09-17T12:49Z,3949,gP,2.005
2026-09-17T12:49Z,3949,g98e5,2.239
2026-09-17T12:49Z,3966,g95e5,2.089
2026-09-17T12:49Z,3966,gA,1.999
2026-09-17T12:49Z,3966,g98e5,2.339
2026-09-17T12:49Z,3967,g95e5,2.029
2026-09-17T12:49Z,3971,g95e5,2.029
2026-09-17T12:49Z,3971,gA,1.955
2026-09-17T12:49Z,3971,gP,2.045
2026-09-17T12:49Z,3971,g98e5,2.169
2026-09-17T12:49Z,3978,gA,1.827
2026-09-17T12:49Z,3984,g95e5,2.043
2026-09-17T12:49Z,3984,gA,1.982
2026-09-17T12:49Z,3984,g98e5,2.203
2026-09-17T12:49Z,3984,g95e5p,2.083
2026-09-17T12:49Z,3997,g95e5,1.829
2026-09-17T12:49Z,3997,gA,1.809
2026-09-17T12:49Z,3997,gP,1.909
2026-09-17T12:49Z,3997,g98e5,2.029
2026-09-17T12:49Z,3998,g95e5,1.829
2026-09-17T12:49Z,3998,gA,1.849
2026-09-17T12:49Z,3998,g98e5,1.859
2026-09-17T12:49Z,4000,g95e5,1.789
2026-09-17T12:49Z,4000,gA,1.887
2026-09-17T12:49Z,4002,g95e5,1.749
2026-09-17T12:49Z,4002,gA,1.759
2026-09-17T12:49Z,4005,g95e5,2.069
2026-09-17T12:49Z,4005,gA,2.034
2026-09-17T12:49Z,4005,gP,2.124
2026-09-17T12:49Z,4013,g95e5,1.759
2026-09-17T12:49Z,4013,gA,1.739
2026-09-17T12:49Z,4016,g95e5,1.979
2026-09-17T12:49Z,4016,gA,1.909
2026-09-17T12:49Z,4016,gP,2.009
2026-09-17T12:49Z,4016,g98e5,2.149
2026-09-17T12:49Z,4026,gA,1.974
2026-09-17T12:49Z,4026,gB,1.879
2026-09-17T12:49Z,4028,gA,1.799
2026-09-17T12:49Z,4028,gP,1.829
2026-09-17T12:49Z,4034,g95e5,2.039
2026-09-17T12:49Z,4034,gA,1.975
2026-09-17T12:49Z,4036,gA,1.959
2026-09-17T12:49Z,4051,g95e5,1.977
2026-09-17T12:49Z,4051,gA,1.937
2026-09-17T12:49Z,4051,g98e5,2.137
2026-09-17T12:49Z,4077,g95e5,2.068
2026-09-17T12:49Z,4077,gA,2.008
2026-09-17T12:49Z,4077,gP,2.058
2026-09-17T12:49Z,4077,gB,1.868
2026-09-17T12:49Z,4088,g95e5,2.079
2026-09-17T12:49Z,4088,gA,1.995
2026-09-17T12:49Z,4091,g95e5,2.069
2026-09-17T12:49Z,4093,gA,1.975
2026-09-17T12:49Z,4094,gA,2.019
2026-09-17T12:49Z,4096,gA,1.995
2026-09-17T12:49Z,4124,g95e5,1.989
2026-09-17T12:49Z,4124,gA,1.939
2026-09-17T12:49Z,4127,gA,1.985
2026-09-17T12:49Z,4143,g95e5,1.859
2026-09-17T12:49Z,4143,gA,1.889
2026-09-17T12:49Z,4143,g98e5,1.958
2026-09-17T12:49Z,4147,gA,1.948
2026-09-17T12:49Z,4147,gP,1.948
2026-09-17T12:49Z,4148,g95e5,1.969
2026-09-17T12:49Z,4148,gA,1.949
2026-09-17T12:49Z,4148,gP,2.039
2026-09-17T12:49Z,4148,g98e5,2.089
2026-09-17T12:49Z,4151,gA,1.919
2026-09-17T12:49Z,4151,gP,1.959
2026-09-17T12:49Z,4151,g98e5,2.109
2026-09-17T12:49Z,4152,gA,1.838
2026-09-17T12:49Z,4152,gP,1.868
2026-09-17T12:49Z,4153,g98e5,2.089
2026-09-17T12:49Z,4171,g95e5,1.994
2026-09-17T12:49Z,4171,gA,1.949
2026-09-17T12:49Z,4171,gP,2.029
2026-09-17T12:49Z,4171,g98e5,2.134
2026-09-17T12:49Z,4178,g95e5,1.999
2026-09-17T12:49Z,4178,gA,1.979
2026-09-17T12:49Z,4178,gP,2.039
2026-09-17T12:49Z,4178,g98e5,2.119
2026-09-17T12:49Z,4190,g98e5,2.059
2026-09-17T12:49Z,4193,gA,1.999
2026-09-17T12:49Z,4193,gP,2.084
2026-09-17T12:49Z,4194,g95e5,1.999
2026-09-17T12:49Z,4194,gA,1.979
2026-09-17T12:49Z,4194,gP,2.039
2026-09-17T12:49Z,4194,g98e5,2.119
2026-09-17T12:49Z,4221,gA,1.999
2026-09-17T12:49Z,4221,gB,1.839
2026-09-17T12:49Z,4222,gA,1.999
2026-09-17T12:49Z,4222,glp,1.145
2026-09-17T12:49Z,4222,gB,1.839
2026-09-17T12:49Z,4225,gA,2.015
2026-09-17T12:49Z,4242,g95e5,1.989
2026-09-17T12:49Z,4242,gA,1.999
2026-09-17T12:49Z,4242,g98e5,2.109
2026-09-17T12:49Z,4242,gB,1.759
2026-09-17T12:49Z,4244,gA,1.999
2026-09-17T12:49Z,4244,gP,2.119
2026-09-17T12:49Z,4246,gA,1.999
2026-09-17T12:49Z,4246,gP,2.104
2026-09-17T12:49Z,4256,g95e5,1.959
2026-09-17T12:49Z,4256,gA,1.949
2026-09-17T12:49Z,4256,gP,2.039
2026-09-17T12:49Z,4256,g95e5p,2.049
2026-09-17T12:49Z,4256,gB,1.779
2026-09-17T12:49Z,4264,gA,1.989
2026-09-17T12:49Z,4264,gP,2.114
2026-09-17T12:49Z,4265,gA,1.989
2026-09-17T12:49Z,4265,gP,2.114
2026-09-17T12:49Z,4273,g95e5,2.019
2026-09-17T12:49Z,4273,gA,1.999
2026-09-17T12:49Z,4273,gP,2.104
2026-09-17T12:49Z,4273,g95e5p,2.079
2026-09-17T12:49Z,4278,g95e5,1.979
2026-09-17T12:49Z,4278,g95e5p,2.029
2026-09-17T12:49Z,4283,g95e5,1.979
2026-09-17T12:49Z,4283,g95e5p,2.079
2026-09-17T12:49Z,4285,g95e5,1.787
2026-09-17T12:49Z,4285,gA,1.847
2026-09-17T12:49Z,4285,gP,1.867
2026-09-17T12:49Z,4285,g95e5p,1.807
2026-09-17T12:49Z,4288,g95e5,1.989
2026-09-17T12:49Z,4288,gA,1.979
2026-09-17T12:49Z,4288,gP,2.079
2026-09-17T12:49Z,4288,gB,1.899
2026-09-17T12:49Z,4292,g95e5,1.994
2026-09-17T12:49Z,4292,gA,1.949
2026-09-17T12:49Z,4292,gP,2.029
2026-09-17T12:49Z,4292,g98e5,2.134
2026-09-17T12:49Z,4303,gA,1.969
2026-09-17T12:49Z,4303,gP,2.009
2026-09-17T12:49Z,4303,g98e5,2.089
2026-09-17T12:49Z,4306,g95e5,2.005
2026-09-17T12:49Z,4310,g95e5,1.959
2026-09-17T12:49Z,4310,gA,1.979
2026-09-17T12:49Z,4310,gP,2.029
2026-09-17T12:49Z,4310,g98e5,2.049
2026-09-17T12:49Z,4312,gA,2.019
2026-09-17T12:49Z,4312,gP,2.134
2026-09-17T12:49Z,4313,g95e5,1.949
2026-09-17T12:49Z,4313,gA,1.949
2026-09-17T12:49Z,4313,gP,1.999
2026-09-17T12:49Z,4313,g95e5p,1.999
2026-09-17T12:49Z,4315,g95e5,2.044
2026-09-17T12:49Z,4315,gA,2.034
2026-09-17T12:49Z,4315,g95e5p,2.094
2026-09-17T12:49Z,4320,g95e5,2.019
2026-09-17T12:49Z,4320,gA,2.029
2026-09-17T12:49Z,4320,gP,2.134
2026-09-17T12:49Z,4325,gA,1.999
2026-09-17T12:49Z,4325,gP,2.064
2026-09-17T12:49Z,4336,gA,1.869
2026-09-17T12:49Z,4336,gP,1.929
2026-09-17T12:49Z,4336,g98e5,1.989
2026-09-17T12:49Z,4337,gA,2.049
2026-09-17T12:49Z,4343,gA,2.013
2026-09-17T12:49Z,4343,gP,2.103
2026-09-17T12:49Z,4346,g95e5,2.039
2026-09-17T12:49Z,4346,gA,1.999
2026-09-17T12:49Z,4346,gP,2.124
2026-09-17T12:49Z,4346,g95e5p,2.079
2026-09-17T12:49Z,4349,g95e5,2.035
2026-09-17T12:49Z,4350,g95e5,2.009
2026-09-17T12:49Z,4350,gA,1.999
2026-09-17T12:49Z,4350,gP,2.099
2026-09-17T12:49Z,4350,g98e5,2.139
2026-09-17T12:49Z,4351,gA,2.035
2026-09-17T12:49Z,4353,gA,2.009
2026-09-17T12:49Z,4357,g95e5,2.029
2026-09-17T12:49Z,4357,gA,1.995
2026-09-17T12:49Z,4357,gP,2.101
2026-09-17T12:49Z,4357,g98e5,2.131
2026-09-17T12:49Z,4358,gA,2.039
2026-09-17T12:49Z,4359,gA,2.013
2026-09-17T12:49Z,4359,gP,2.103
2026-09-17T12:49Z,4359,g98e5,2.113
2026-09-17T12:49Z,4362,g95e5,1.959
2026-09-17T12:49Z,4362,gA,1.999
2026-09-17T12:49Z,4362,gP,2.084
2026-09-17T12:49Z,4367,g95e5,2.049
2026-09-17T12:49Z,4367,gA,2.035
2026-09-17T12:49Z,4367,gP,2.105
2026-09-17T12:49Z,4367,g98e5,2.159
2026-09-17T12:49Z,4368,g95e5,1.969
2026-09-17T12:49Z,4368,gA,1.989
2026-09-17T12:49Z,4368,gP,2.059
2026-09-17T12:49Z,4368,g95e5p,2.059
2026-09-17T12:49Z,4368,gB,1.729
2026-09-17T12:49Z,4369,g95e5,1.799
2026-09-17T12:49Z,4369,gA,1.779
2026-09-17T12:49Z,4375,g95e5,1.849
2026-09-17T12:49Z,4376,g95e5,1.939
2026-09-17T12:49Z,4376,gA,1.959
2026-09-17T12:49Z,4377,g95e5,1.899
2026-09-17T12:49Z,4377,gA,1.899
2026-09-17T12:49Z,4380,g95e5,1.795
2026-09-17T12:49Z,4380,gA,1.795
2026-09-17T12:49Z,4380,g98e5,2.029
2026-09-17T12:49Z,4385,g95e5,1.889
2026-09-17T12:49Z,4385,gA,1.859
2026-09-17T12:49Z,4396,g95e5,1.995
2026-09-17T12:49Z,4396,gA,1.996
2026-09-17T12:49Z,4399,g95e5,1.995
2026-09-17T12:49Z,4399,gA,1.996
2026-09-17T12:49Z,4404,g95e5,1.949
2026-09-17T12:49Z,4404,gA,1.939
2026-09-17T12:49Z,4404,gP,1.999
2026-09-17T12:49Z,4404,gB,1.659
2026-09-17T12:49Z,4427,g95e5,1.949
2026-09-17T12:49Z,4427,gA,1.959
2026-09-17T12:49Z,4427,gP,1.999
2026-09-17T12:49Z,4428,g95e5,1.739
2026-09-17T12:49Z,4428,gA,1.729
2026-09-17T12:49Z,4429,g95e5,1.779
2026-09-17T12:49Z,4429,gA,1.799
2026-09-17T12:49Z,4429,gP,1.856
2026-09-17T12:49Z,4429,g98e5,1.869
2026-09-17T12:49Z,4430,gA,1.978
2026-09-17T12:49Z,4430,gP,2.028
2026-09-17T12:49Z,4435,g95e5,1.799
2026-09-17T12:49Z,4435,gA,1.793
2026-09-17T12:49Z,4435,gP,1.819
2026-09-17T12:49Z,4442,g95e5,1.959
2026-09-17T12:49Z,4442,g98e5,2.109
2026-09-17T12:49Z,4453,g95e5,1.998
2026-09-17T12:49Z,4453,gA,2.018
2026-09-17T12:49Z,4453,gP,2.128
2026-09-17T12:49Z,4453,g98e5,2.138
2026-09-17T12:49Z,4458,g95e5,2.039
2026-09-17T12:49Z,4458,gA,2.039
2026-09-17T12:49Z,4458,gP,2.129
2026-09-17T12:49Z,4459,g95e5,2.009
2026-09-17T12:49Z,4459,gA,1.999
2026-09-17T12:49Z,4459,gP,2.099
2026-09-17T12:49Z,4459,g98e5,2.119
2026-09-17T12:49Z,4462,gA,2.019
2026-09-17T12:49Z,4467,g95e5,2.049
2026-09-17T12:49Z,4471,gA,1.999
2026-09-17T12:49Z,4471,gP,2.099
2026-09-17T12:49Z,4471,g98e5,2.159
2026-09-17T12:49Z,4480,gA,1.959
2026-09-17T12:49Z,4480,gP,2.039
2026-09-17T12:49Z,4481,gA,2.029
2026-09-17T12:49Z,4481,gP,2.134
2026-09-17T12:49Z,4484,gA,1.995
2026-09-17T12:49Z,4492,g95e5,2.039
2026-09-17T12:49Z,4503,g95e5,2.039
2026-09-17T12:49Z,4503,gA,2.019
2026-09-17T12:49Z,4503,gP,2.134
2026-09-17T12:49Z,4516,g95e5,2.049
2026-09-17T12:49Z,4516,gA,2.049
2026-09-17T12:49Z,4516,gP,2.134
2026-09-17T12:49Z,4524,gA,2.025
2026-09-17T12:49Z,4530,g95e5,2.062
2026-09-17T12:49Z,4530,gA,2.052
2026-09-17T12:49Z,4530,gP,2.172
2026-09-17T12:49Z,4530,g98e5,2.162
2026-09-17T12:49Z,4534,gA,2.059
2026-09-17T12:49Z,4534,gP,2.144
2026-09-17T12:49Z,4539,g95e5,2.019
2026-09-17T12:49Z,4543,g95e5,2.055
2026-09-17T12:49Z,4543,gA,2.059
2026-09-17T12:49Z,4544,gA,2.039
2026-09-17T12:49Z,4545,g95e5,2.062
2026-09-17T12:49Z,4545,gA,2.052
2026-09-17T12:49Z,4545,gP,2.172
2026-09-17T12:49Z,4555,g95e5,2.059
2026-09-17T12:49Z,4555,g95e5p,2.099
2026-09-17T12:49Z,4569,g95e5,2.039
2026-09-17T12:49Z,4569,gA,2.049
2026-09-17T12:49Z,4569,gP,2.154
2026-09-17T12:49Z,4569,g95e5p,2.079
2026-09-17T12:49Z,4577,g95e5,2.019
2026-09-17T12:49Z,4584,g95e5,2.050
2026-09-17T12:49Z,4584,gA,2.090
2026-09-17T12:49Z,4584,gP,2.190
2026-09-17T12:49Z,4584,g98e5,2.220
2026-09-17T12:49Z,4584,glp,1.130
2026-09-17T12:49Z,4585,g95e5,2.050
2026-09-17T12:49Z,4585,gA,2.090
2026-09-17T12:49Z,4585,gP,2.190
2026-09-17T12:49Z,4596,g95e5,2.009
2026-09-17T12:49Z,4596,gA,1.999
2026-09-17T12:49Z,4596,gP,2.099
2026-09-17T12:49Z,4596,g98e5,2.119
2026-09-17T12:49Z,4597,g95e5,1.989
2026-09-17T12:49Z,4597,g95e5p,2.049
2026-09-17T12:49Z,4600,gA,1.979
2026-09-17T12:49Z,4600,gP,2.059
2026-09-17T12:49Z,4601,g95e5,2.029
2026-09-17T12:49Z,4601,gA,1.999
2026-09-17T12:49Z,4601,gP,2.124
2026-09-17T12:49Z,4601,g95e5p,2.119
2026-09-17T12:49Z,4606,gA,2.025
2026-09-17T12:49Z,4614,gA,2.019
2026-09-17T12:49Z,4618,g95e5,2.019
2026-09-17T12:49Z,4618,gA,1.999
2026-09-17T12:49Z,4618,gP,2.079
2026-09-17T12:49Z,4618,g98e5,2.129
2026-09-17T12:49Z,4620,gA,1.999
2026-09-17T12:49Z,4626,g95e5,2.019
2026-09-17T12:49Z,4626,gA,1.999
2026-09-17T12:49Z,4626,gP,2.079
2026-09-17T12:49Z,4626,g98e5,2.159
2026-09-17T12:49Z,4639,g95e5,2.019
2026-09-17T12:49Z,4639,gA,2.029
2026-09-17T12:49Z,4641,g95e5,2.009
2026-09-17T12:49Z,4641,gA,2.015
2026-09-17T12:49Z,4642,gA,2.025
2026-09-17T12:49Z,4644,g95e5,2.009
2026-09-17T12:49Z,4644,gA,1.999
2026-09-17T12:49Z,4644,gP,2.099
2026-09-17T12:49Z,4644,g98e5,2.139
2026-09-17T12:49Z,4646,g95e5,2.019
2026-09-17T12:49Z,4646,g95e5p,2.109
2026-09-17T12:49Z,4649,g95e5,2.019
2026-09-17T12:49Z,4650,g95e5,1.929
2026-09-17T12:49Z,4650,gA,1.919
2026-09-17T12:49Z,4650,gP,2.019
2026-09-17T12:49Z,4650,g98e5,2.129
2026-09-17T12:49Z,4652,g95e5,2.009
2026-09-17T12:49Z,4656,g95e5,2.019
2026-09-17T12:49Z,4656,gA,1.984
2026-09-17T12:49Z,4656,gP,2.034
2026-09-17T12:49Z,4656,g95e5p,2.069
2026-09-17T12:49Z,4657,g95e5,2.019
2026-09-17T12:49Z,4657,gA,1.979
2026-09-17T12:49Z,4657,gP,2.029
2026-09-17T12:49Z,4657,g95e5p,2.069
2026-09-17T12:49Z,4662,g95e5,2.019
2026-09-17T12:49Z,4662,gA,1.994
2026-09-17T12:49Z,4662,gP,2.044
2026-09-17T12:49Z,4664,g95e5,2.029
2026-09-17T12:49Z,4664,g95e5p,2.069
2026-09-17T12:49Z,4667,g95e5,2.004
2026-09-17T12:49Z,4667,gA,2.019
2026-09-17T12:49Z,4667,gP,2.069
2026-09-17T12:49Z,4667,g98e5,2.159
2026-09-17T12:49Z,4668,g95e5,2.004
2026-09-17T12:49Z,4668,gA,2.019
2026-09-17T12:49Z,4668,gP,2.069
2026-09-17T12:49Z,4668,g98e5,2.159
2026-09-17T12:49Z,4671,gA,1.894
2026-09-17T12:49Z,4671,gP,1.944
2026-09-17T12:49Z,4673,g95e5,1.829
2026-09-17T12:49Z,4673,gA,1.849
2026-09-17T12:49Z,4673,gP,1.899
2026-09-17T12:49Z,4673,g95e5p,1.879
2026-09-17T12:49Z,4674,gA,1.989
2026-09-17T12:49Z,4674,gP,2.074
2026-09-17T12:49Z,4675,gA,1.979
2026-09-17T12:49Z,4675,gP,2.059
2026-09-17T12:49Z,4678,gA,1.953
2026-09-17T12:49Z,4680,gA,2.009
2026-09-17T12:49Z,4680,gP,2.104
2026-09-17T12:49Z,4681,g95e5,1.819
2026-09-17T12:49Z,4682,gA,2.049
2026-09-17T12:49Z,4682,gP,2.154
2026-09-17T12:49Z,4683,g95e5,1.995
2026-09-17T12:49Z,4683,gA,1.989
2026-09-17T12:49Z,4683,gP,2.009
2026-09-17T12:49Z,4684,g95e5,2.039
2026-09-17T12:49Z,4684,gA,2.024
2026-09-17T12:49Z,4684,gP,2.074
2026-09-17T12:49Z,4684,g95e5p,2.089
2026-09-17T12:49Z,4689,g95e5,2.059
2026-09-17T12:49Z,4689,gA,2.009
2026-09-17T12:49Z,4689,gP,2.124
2026-09-17T12:49Z,4689,g95e5p,2.109
2026-09-17T12:49Z,4690,gA,2.039
2026-09-17T12:49Z,4690,gP,2.154
2026-09-17T12:49Z,4694,gA,2.013
2026-09-17T12:49Z,4694,gP,2.063
2026-09-17T12:49Z,4696,g95e5,2.019
2026-09-17T12:49Z,4696,gA,2.014
2026-09-17T12:49Z,4696,gP,2.064
2026-09-17T12:49Z,4696,g98e5,2.154
2026-09-17T12:49Z,4700,g95e5,1.949
2026-09-17T12:49Z,4700,gA,1.969
2026-09-17T12:49Z,4700,gP,2.019
2026-09-17T12:49Z,4700,g98e5,2.089
2026-09-17T12:49Z,4701,gA,1.994
2026-09-17T12:49Z,4701,gP,2.044
2026-09-17T12:49Z,4702,g95e5,1.989
2026-09-17T12:49Z,4702,gA,2.019
2026-09-17T12:49Z,4702,gP,2.069
2026-09-17T12:49Z,4702,g95e5p,2.039
2026-09-17T12:49Z,4703,g95e5,1.989
2026-09-17T12:49Z,4703,gA,2.019
2026-09-17T12:49Z,4703,gP,2.069
2026-09-17T12:49Z,4703,g95e5p,2.039
2026-09-17T12:49Z,4704,g95e5,1.959
2026-09-17T12:49Z,4704,gA,1.929
2026-09-17T12:49Z,4704,gP,2.009
2026-09-17T12:49Z,4704,g98e5,2.099
2026-09-17T12:49Z,4706,g95e5,2.029
2026-09-17T12:49Z,4706,gA,2.019
2026-09-17T12:49Z,4706,gP,2.124
2026-09-17T12:49Z,4706,g95e5p,2.089
2026-09-17T12:49Z,4707,gA,1.999
2026-09-17T12:49Z,4707,gP,2.124
2026-09-17T12:49Z,4709,gA,2.009
2026-09-17T12:49Z,4709,gP,2.099
2026-09-17T12:49Z,4711,g95e5,2.054
2026-09-17T12:49Z,4711,gA,1.999
2026-09-17T12:49Z,4711,gP,2.079
2026-09-17T12:49Z,4711,g98e5,2.194
2026-09-17T12:49Z,4714,g95e5,1.989
2026-09-17T12:49Z,4714,gA,1.949
2026-09-17T12:49Z,4714,gP,2.029
2026-09-17T12:49Z,4714,g98e5,2.129
2026-09-17T12:49Z,4715,g95e5,1.989
2026-09-17T12:49Z,4715,gA,1.979
2026-09-17T12:49Z,4715,gP,2.059
2026-09-17T12:49Z,4715,g98e5,2.129
2026-09-17T12:49Z,4716,g95e5,1.949
2026-09-17T12:49Z,4716,gA,1.959
2026-09-17T12:49Z,4716,gP,2.039
2026-09-17T12:49Z,4716,g98e5,2.089
2026-09-17T12:49Z,4717,g95e5,1.954
2026-09-17T12:49Z,4717,gA,1.934
2026-09-17T12:49Z,4717,gP,2.014
2026-09-17T12:49Z,4717,g98e5,2.094
2026-09-17T12:49Z,4718,g95e5,1.954
2026-09-17T12:49Z,4718,gA,1.934
2026-09-17T12:49Z,4718,gP,2.014
2026-09-17T12:49Z,4718,g98e5,2.094
2026-09-17T12:49Z,4725,g95e5,2.039
2026-09-17T12:49Z,4725,gA,2.039
2026-09-17T12:49Z,4725,gP,2.144
2026-09-17T12:49Z,4725,g95e5p,2.079
2026-09-17T12:49Z,4731,gA,1.979
2026-09-17T12:49Z,4731,gP,1.999
2026-09-17T12:49Z,4738,g95e5,1.969
2026-09-17T12:49Z,4738,gA,1.919
2026-09-17T12:49Z,4738,gP,1.999
2026-09-17T12:49Z,4738,g98e5,2.109
2026-09-17T12:49Z,4741,g95e5,1.938
2026-09-17T12:49Z,4741,gA,1.908
2026-09-17T12:49Z,4741,gP,1.986
2026-09-17T12:49Z,4741,g98e5,2.063
2026-09-17T12:49Z,4741,gB,1.729
2026-09-17T12:49Z,4747,g95e5,1.938
2026-09-17T12:49Z,4747,gA,1.908
2026-09-17T12:49Z,4747,gP,1.986
2026-09-17T12:49Z,4747,g98e5,2.063
2026-09-17T12:49Z,4747,gB,1.729
2026-09-17T12:49Z,4752,gA,1.919
2026-09-17T12:49Z,4753,g95e5,1.820
2026-09-17T12:49Z,4753,gA,1.820
2026-09-17T12:49Z,4753,gP,1.850
2026-09-17T12:49Z,4753,g95e5p,1.850
2026-09-17T12:49Z,4759,gA,2.029
2026-09-17T12:49Z,4759,gP,2.134
2026-09-17T12:49Z,4760,g95e5,2.019
2026-09-17T12:49Z,4763,gA,1.999
2026-09-17T12:49Z,4763,gP,2.124
2026-09-17T12:49Z,4764,g95e5,2.019
2026-09-17T12:49Z,4764,gA,1.969
2026-09-17T12:49Z,4764,gP,1.989
2026-09-17T12:49Z,4764,g98e5,2.119
2026-09-17T12:49Z,4774,g95e5,1.949
2026-09-17T12:49Z,4774,gA,1.939
2026-09-17T12:49Z,4774,gP,1.999
2026-09-17T12:49Z,4774,gB,1.659
2026-09-17T12:49Z,4785,g95e5,2.009
2026-09-17T12:49Z,4788,g95e5,1.969
2026-09-17T12:49Z,4788,gA,1.999
2026-09-17T12:49Z,4788,gP,2.105
2026-09-17T12:49Z,4789,g95e5,1.999
2026-09-17T12:49Z,4789,gA,2.029
2026-09-17T12:49Z,4789,gP,2.104
2026-09-17T12:49Z,4789,g98e5,2.079
2026-09-17T12:49Z,4793,g95e5,2.069
2026-09-17T12:49Z,4793,gA,2.099
2026-09-17T12:49Z,4793,gP,2.169
2026-09-17T12:49Z,4793,g95e5p,2.149
2026-09-17T12:49Z,4798,g95e5,1.769
2026-09-17T12:49Z,4798,gA,1.779
2026-09-17T12:49Z,4798,gP,1.799
2026-09-17T12:49Z,4798,g95e5p,1.789
2026-09-17T12:49Z,4799,g95e5,1.969
2026-09-17T12:49Z,4799,gA,2.009
2026-09-17T12:49Z,4799,gP,2.105
2026-09-17T12:49Z,4799,g98e5,2.089
2026-09-17T12:49Z,4808,g95e5,1.849
2026-09-17T12:49Z,4808,gA,1.849
2026-09-17T12:49Z,4819,g95e5,1.989
2026-09-17T12:49Z,4819,gA,1.994
2026-09-17T12:49Z,4819,gP,2.084
2026-09-17T12:49Z,4819,g98e5,2.099
2026-09-17T12:49Z,4827,gA,2.059
2026-09-17T12:49Z,4830,gA,2.079
2026-09-17T12:49Z,4830,gP,2.144
2026-09-17T12:49Z,4838,g95e5,2.015
2026-09-17T12:49Z,4838,gA,2.029
2026-09-17T12:49Z,4838,gB,1.729
2026-09-17T12:49Z,4841,g95e5,2.035
2026-09-17T12:49Z,4850,gA,2.019
2026-09-17T12:49Z,4852,g95e5,2.039
2026-09-17T12:49Z,4852,gA,2.039
2026-09-17T12:49Z,4852,gP,2.129
2026-09-17T12:49Z,4863,g95e5,1.999
2026-09-17T12:49Z,4863,gA,1.989
2026-09-17T12:49Z,4863,gP,2.104
2026-09-17T12:49Z,4863,g95e5p,2.039
2026-09-17T12:49Z,4866,gA,2.035
2026-09-17T12:49Z,4868,g95e5,2.025
2026-09-17T12:49Z,4870,gA,2.049
2026-09-17T12:49Z,4870,gP,2.099
2026-09-17T12:49Z,4872,g95e5,1.769
2026-09-17T12:49Z,4872,gA,1.779
2026-09-17T12:49Z,4872,gP,1.799
2026-09-17T12:49Z,4872,g95e5p,1.789
2026-09-17T12:49Z,4873,g95e5,2.055
2026-09-17T12:49Z,4883,g95e5,1.899
2026-09-17T12:49Z,4883,gA,1.889
2026-09-17T12:49Z,4883,gP,1.939
2026-09-17T12:49Z,4883,g95e5p,1.929
2026-09-17T12:49Z,4885,g95e5,1.829
2026-09-17T12:49Z,4885,gA,1.839
2026-09-17T12:49Z,4885,gP,1.859
2026-09-17T12:49Z,4885,g95e5p,1.849
2026-09-17T12:49Z,4886,gA,2.049
2026-09-17T12:49Z,4886,gP,2.114
2026-09-17T12:49Z,4887,g95e5,2.049
2026-09-17T12:49Z,4887,gA,2.069
2026-09-17T12:49Z,4887,gP,2.134
2026-09-17T12:49Z,4887,g95e5p,2.109
2026-09-17T12:49Z,4911,g95e5,1.889
2026-09-17T12:49Z,4911,gA,1.809
2026-09-17T12:49Z,4916,g95e5,2.039
2026-09-17T12:49Z,4916,gA,1.999
2026-09-17T12:49Z,4916,gP,2.099
2026-09-17T12:49Z,4916,g98e5,2.219
2026-09-17T12:49Z,4917,g95e5,2.019
2026-09-17T12:49Z,4917,gA,1.979
2026-09-17T12:49Z,4922,g95e5,1.969
2026-09-17T12:49Z,4922,gA,1.919
2026-09-17T12:49Z,4922,gP,1.999
2026-09-17T12:49Z,4922,g98e5,2.109
2026-09-17T12:49Z,4923,g95e5,1.799
2026-09-17T12:49Z,4923,gA,1.789
2026-09-17T12:49Z,4923,gP,1.838
2026-09-17T12:49Z,4923,g98e5,1.909
2026-09-17T12:49Z,4923,gB,1.569
2026-09-17T12:49Z,4925,g95e5,1.889
2026-09-17T12:49Z,4925,gA,1.869
2026-09-17T12:49Z,4925,gP,1.919
2026-09-17T12:49Z,4925,g98e5,1.979
2026-09-17T12:49Z,4925,gB,1.579
2026-09-17T12:49Z,4927,g95e5,1.999
2026-09-17T12:49Z,4927,gA,2.059
2026-09-17T12:49Z,4927,gP,2.119
2026-09-17T12:49Z,4928,gA,1.828
2026-09-17T12:49Z,4928,gP,1.878
2026-09-17T12:49Z,4928,gB,1.690
2026-09-17T12:49Z,4930,g95e5,1.929
2026-09-17T12:49Z,4930,gA,1.919
2026-09-17T12:49Z,4930,gP,1.979
2026-09-17T12:49Z,4941,gA,1.824
2026-09-17T12:49Z,4952,g95e5,1.938
2026-09-17T12:49Z,4952,gA,1.908
2026-09-17T12:49Z,4952,gP,1.986
2026-09-17T12:49Z,4952,g98e5,2.063
2026-09-17T12:49Z,4952,gB,1.729
2026-09-17T12:49Z,4953,gB,1.750
2026-09-17T12:49Z,4955,gA,1.845
2026-09-17T12:49Z,4956,g95e5,1.865
2026-09-17T12:49Z,4956,gA,1.845
2026-09-17T12:49Z,4958,gA,1.959
2026-09-17T12:49Z,4958,gP,2.039
2026-09-17T12:49Z,4958,gB,1.779
2026-09-17T12:49Z,4960,gB,1.559
2026-09-17T12:49Z,4962,gA,1.994
2026-09-17T12:49Z,4962,gP,2.064
2026-09-17T12:49Z,4962,g98e5,2.164
2026-09-17T12:49Z,4963,gA,1.994
2026-09-17T12:49Z,4963,gP,2.064
2026-09-17T12:49Z,4963,g98e5,2.164
2026-09-17T12:49Z,4975,g95e5,1.994
2026-09-17T12:49Z,4975,gA,2.044
2026-09-17T12:49Z,4975,gP,2.094
2026-09-17T12:49Z,4975,g98e5,2.149
2026-09-17T12:49Z,4981,g95e5,2.009
2026-09-17T12:49Z,4981,gA,2.059
2026-09-17T12:49Z,4981,gP,2.154
2026-09-17T12:49Z,4981,g95e5p,2.099
2026-09-17T12:49Z,4982,gA,2.029
2026-09-17T12:49Z,4982,gP,2.144
2026-09-17T12:49Z,4984,gA,1.999
2026-09-17T12:49Z,4984,gP,2.089
2026-09-17T12:49Z,4985,g95e5,1.999
2026-09-17T12:49Z,4985,gA,2.029
2026-09-17T12:49Z,4985,gP,2.124
2026-09-17T12:49Z,4985,g95e5p,2.079
2026-09-17T12:49Z,4989,g95e5,2.029
2026-09-17T12:49Z,4991,gA,2.009
2026-09-17T12:49Z,4991,gP,2.099
2026-09-17T12:49Z,5037,g95e5,1.859
2026-09-17T12:49Z,5037,g98e5,1.999
2026-09-17T12:49Z,5038,g95e5,1.959
2026-09-17T12:49Z,5038,gA,1.869
2026-09-17T12:49Z,5038,gP,1.919
2026-09-17T12:49Z,5040,gA,1.869
2026-09-17T12:49Z,5040,gP,1.919
2026-09-17T12:49Z,5043,gB,1.649
2026-09-17T12:49Z,5044,g95e5,2.019
2026-09-17T12:49Z,5044,gA,2.019
2026-09-17T12:49Z,5053,g95e5,1.879
2026-09-17T12:49Z,5053,gA,1.889
2026-09-17T12:49Z,5053,gP,1.939
2026-09-17T12:49Z,5053,g98e5,2.019
2026-09-17T12:49Z,5060,g95e5,1.999
2026-09-17T12:49Z,5060,gA,2.049
2026-09-17T12:49Z,5060,gP,2.124
2026-09-17T12:49Z,5068,g95e5,2.049
2026-09-17T12:49Z,5068,gA,2.049
2026-09-17T12:49Z,5068,g98e5,2.179
2026-09-17T12:49Z,5071,g95e5,1.999
2026-09-17T12:49Z,5071,gA,1.999
2026-09-17T12:49Z,5071,gP,2.029
2026-09-17T12:49Z,5071,g98e5,2.149
2026-09-17T12:49Z,5071,gB,1.799
2026-09-17T12:49Z,5074,g95e5,2.054
2026-09-17T12:49Z,5074,gA,1.984
2026-09-17T12:49Z,5074,gP,2.074
2026-09-17T12:49Z,5074,g95e5p,2.104
2026-09-17T12:49Z,5078,g95e5,2.045
2026-09-17T12:49Z,5078,gA,1.995
2026-09-17T12:49Z,5084,g95e5,1.869
2026-09-17T12:49Z,5084,gA,1.859
2026-09-17T12:49Z,5086,g95e5,1.799
2026-09-17T12:49Z,5086,gA,1.819
2026-09-17T12:49Z,5086,gP,1.839
2026-09-17T12:49Z,5086,g98e5,1.869
2026-09-17T12:49Z,5089,gA,1.929
2026-09-17T12:49Z,5090,g95e5,1.789
2026-09-17T12:49Z,5090,gA,1.819
2026-09-17T12:49Z,5090,gP,1.839
2026-09-17T12:49Z,5093,gA,1.910
2026-09-17T12:49Z,5100,g95e5,1.989
2026-09-17T12:49Z,5100,gA,1.999
2026-09-17T12:49Z,5100,gP,2.049
2026-09-17T12:49Z,5100,g98e5,2.069
2026-09-17T12:49Z,5102,g95e5,2.039
2026-09-17T12:49Z,5102,gA,2.039
2026-09-17T12:49Z,5104,g95e5,1.799
2026-09-17T12:49Z,5104,gA,1.809
2026-09-17T12:49Z,5119,g95e5,1.995
2026-09-17T12:49Z,5119,gA,1.989
2026-09-17T12:49Z,5119,gP,2.069
2026-09-17T12:49Z,5119,g98e5,2.135
2026-09-17T12:49Z,5139,g95e5,1.995
2026-09-17T12:49Z,5139,gA,1.999
2026-09-17T12:49Z,5139,gP,2.089
2026-09-17T12:49Z,5139,g98e5,2.135
2026-09-17T12:49Z,5139,gB,1.599
2026-09-17T12:49Z,5140,g95e5,1.989
2026-09-17T12:49Z,5140,gA,1.985
2026-09-17T12:49Z,5159,gA,2.035
2026-09-17T12:49Z,5165,g95e5,1.897
2026-09-17T12:49Z,5165,gA,1.849
2026-09-17T12:49Z,5165,gP,1.955
2026-09-17T12:49Z,5165,gB,1.709
2026-09-17T12:49Z,5168,g95e5,1.879
2026-09-17T12:49Z,5168,gA,1.869
2026-09-17T12:49Z,5169,g95e5,1.879
2026-09-17T12:49Z,5169,gA,1.869
2026-09-17T12:49Z,5173,gA,2.039
2026-09-17T12:49Z,5173,gP,2.124
2026-09-17T12:49Z,5174,gA,2.049
2026-09-17T12:49Z,5174,gP,2.134
2026-09-17T12:49Z,5176,g95e5,1.989
2026-09-17T12:49Z,5176,gA,1.999
2026-09-17T12:49Z,5176,gP,2.105
2026-09-17T12:49Z,5179,g95e5,2.039
2026-09-17T12:49Z,5179,gA,2.015
2026-09-17T12:49Z,5179,gP,2.114
2026-09-17T12:49Z,5179,g95e10,2.079
2026-09-17T12:49Z,5184,g95e5,1.999
2026-09-17T12:49Z,5184,gA,2.019
2026-09-17T12:49Z,5184,gP,2.099
2026-09-17T12:49Z,5184,g98e5,2.095
2026-09-17T12:49Z,5192,g95e5,2.049
2026-09-17T12:49Z,5192,gA,2.039
2026-09-17T12:49Z,5192,gP,2.124
2026-09-17T12:49Z,5193,g95e5,2.029
2026-09-17T12:49Z,5194,g95e5,1.989
2026-09-17T12:49Z,5194,gA,1.999
2026-09-17T12:49Z,5194,gP,2.049
2026-09-17T12:49Z,5194,g98e5,2.089
2026-09-17T12:49Z,5194,gB,1.863
2026-09-17T12:49Z,5205,gA,2.015
2026-09-17T12:49Z,5219,gA,2.039
2026-09-17T12:49Z,5219,g98e5,2.179
2026-09-17T12:49Z,5219,gB,1.869
2026-09-17T12:49Z,5238,g95e5,2.079
2026-09-17T12:49Z,5238,gA,2.059
2026-09-17T12:49Z,5241,g95e5,2.029
2026-09-17T12:49Z,5241,gA,2.019
2026-09-17T12:49Z,5241,gP,2.119
2026-09-17T12:49Z,5241,g98e5,2.179
2026-09-17T12:49Z,5243,g95e5,2.039
2026-09-17T12:49Z,5243,gA,2.039
2026-09-17T12:49Z,5243,gP,2.109
2026-09-17T12:49Z,5280,g95e5,1.999
2026-09-17T12:49Z,5280,gA,1.995
2026-09-17T12:49Z,5280,gP,2.065
2026-09-17T12:49Z,5280,g98e5,2.169
2026-09-17T12:49Z,5292,g95e5,1.989
2026-09-17T12:49Z,5292,gA,1.999
2026-09-17T12:49Z,5292,gP,2.075
2026-09-17T12:49Z,5307,gA,2.055
2026-09-17T12:49Z,5322,g95e5,2.024
2026-09-17T12:49Z,5322,gA,1.994
2026-09-17T12:49Z,5322,gP,2.044
2026-09-17T12:49Z,5322,g98e5,2.164
2026-09-17T12:49Z,5323,gA,1.979
2026-09-17T12:49Z,5323,gP,2.069
2026-09-17T12:49Z,5324,gA,2.079
2026-09-17T12:49Z,5324,gP,2.154
2026-09-17T12:49Z,5328,g95e5,2.029
2026-09-17T12:49Z,5328,g95e5p,2.079
2026-09-17T12:49Z,5331,g95e5,1.899
2026-09-17T12:49Z,5331,gA,1.865
2026-09-17T12:49Z,5345,gA,2.039
2026-09-17T12:49Z,5345,gP,2.139
2026-09-17T12:49Z,5350,g95e5,2.019
2026-09-17T12:49Z,5350,gA,2.029
2026-09-17T12:49Z,5350,gP,2.119
2026-09-17T12:49Z,5353,gA,1.989
2026-09-17T12:49Z,5357,g95e5,2.039
2026-09-17T12:49Z,5364,gA,2.028
2026-09-17T12:49Z,5364,gP,2.098
2026-09-17T12:49Z,5369,g95e5,2.049
2026-09-17T12:49Z,5369,gA,2.069
2026-09-17T12:49Z,5369,gP,2.159
2026-09-17T12:49Z,5369,g98e5,2.209
2026-09-17T12:49Z,5376,gA,2.025
2026-09-17T12:49Z,5378,g95e5,2.039
2026-09-17T12:49Z,5378,gA,2.039
2026-09-17T12:49Z,5378,gP,2.124
2026-09-17T12:49Z,5378,g95e5p,2.109
2026-09-17T12:49Z,5395,g95e5,2.069
2026-09-17T12:49Z,5395,gA,2.049
2026-09-17T12:49Z,5395,g98e5,2.209
2026-09-17T12:49Z,5398,g95e5,1.859
2026-09-17T12:49Z,5398,gA,1.849
2026-09-17T12:49Z,5398,gP,1.939
2026-09-17T12:49Z,5399,g95e5,1.979
2026-09-17T12:49Z,5399,gA,1.964
2026-09-17T12:49Z,5399,gP,2.014
2026-09-17T12:49Z,5399,g98e5,2.139
2026-09-17T12:49Z,5413,g95e5,2.059
2026-09-17T12:49Z,5413,gA,2.049
2026-09-17T12:49Z,5421,g95e5,2.059
2026-09-17T12:49Z,5421,gA,2.049
2026-09-17T12:49Z,5421,gP,2.124
2026-09-17T12:49Z,5421,g95e5p,2.099
2026-09-17T12:49Z,5430,g95e5,2.049
2026-09-17T12:49Z,5430,gA,2.009
2026-09-17T12:49Z,5430,gP,2.119
2026-09-17T12:49Z,5430,g98e5,2.219
2026-09-17T12:49Z,5441,g95e5,2.045
2026-09-17T12:49Z,5441,gA,2.005
2026-09-17T12:49Z,5466,g95e5,2.029
2026-09-17T12:49Z,5466,gA,2.019
2026-09-17T12:49Z,5466,gP,2.104
2026-09-17T12:49Z,5466,g95e5p,2.089
2026-09-17T12:49Z,5472,g95e5,2.019
2026-09-17T12:49Z,5473,g95e5,2.019
2026-09-17T12:49Z,5473,g98e5,2.159
2026-09-17T12:49Z,5475,g95e5,2.009
2026-09-17T12:49Z,5475,gA,2.029
2026-09-17T12:49Z,5475,gP,2.114
2026-09-17T12:49Z,5475,g95e5p,2.079
2026-09-17T12:49Z,5476,g95e5,2.009
2026-09-17T12:49Z,5476,gA,2.029
2026-09-17T12:49Z,5476,gP,2.114
2026-09-17T12:49Z,5476,g95e5p,2.079
2026-09-17T12:49Z,5491,g95e5,2.009
2026-09-17T12:49Z,5491,gA,2.005
2026-09-17T12:49Z,5491,gP,2.065
2026-09-17T12:49Z,5491,g98e5,2.139
2026-09-17T12:49Z,5492,g95e5,2.009
2026-09-17T12:49Z,5492,gA,2.005
2026-09-17T12:49Z,5492,gP,2.065
2026-09-17T12:49Z,5492,g98e5,2.139
2026-09-17T12:49Z,5500,g95e5,2.019
2026-09-17T12:49Z,5500,gA,1.989
2026-09-17T12:49Z,5500,gP,2.104
2026-09-17T12:49Z,5500,g95e5p,2.079
2026-09-17T12:49Z,5501,g95e5,1.999
2026-09-17T12:49Z,5501,g98e5,2.119
2026-09-17T12:49Z,5505,g95e5,1.829
2026-09-17T12:49Z,5505,gA,1.849
2026-09-17T12:49Z,5505,gP,1.849
2026-09-17T12:49Z,5505,g98e5,1.989
2026-09-17T12:49Z,5515,g95e5,2.049
2026-09-17T12:49Z,5515,gA,1.999
2026-09-17T12:49Z,5529,g95e5,2.069
2026-09-17T12:49Z,5529,gA,2.039
2026-09-17T12:49Z,5529,gP,2.139
2026-09-17T12:49Z,5538,g95e5,1.819
2026-09-17T12:49Z,5538,gA,1.819
2026-09-17T12:49Z,5538,gP,1.869
2026-09-17T12:49Z,5538,g98e5,1.959
2026-09-17T12:49Z,5541,gA,2.045
2026-09-17T12:49Z,5544,g95e5,2.039
2026-09-17T12:49Z,5544,gA,1.999
2026-09-17T12:49Z,5544,gP,1.999
2026-09-17T12:49Z,5544,g98e5,2.209
2026-09-17T12:49Z,5555,g95e5,2.049
2026-09-17T12:49Z,5555,gA,1.969
2026-09-17T12:49Z,5555,gP,2.049
2026-09-17T12:49Z,5555,g98e5,2.209
2026-09-17T12:49Z,5556,g95e5,1.999
2026-09-17T12:49Z,5556,gA,2.009
2026-09-17T12:49Z,5556,gP,2.059
2026-09-17T12:49Z,5558,g95e5,1.919
2026-09-17T12:49Z,5558,gA,1.949
2026-09-17T12:49Z,5558,gP,1.999
2026-09-17T12:49Z,5560,g95e5,1.989
2026-09-17T12:49Z,5560,gA,1.949
2026-09-17T12:49Z,5560,gP,2.059
2026-09-17T12:49Z,5563,g95e5,1.879
2026-09-17T12:49Z,5563,gA,1.879
2026-09-17T12:49Z,5570,g95e5,1.809
2026-09-17T12:49Z,5570,gA,1.799
2026-09-17T12:49Z,5570,gP,1.859
2026-09-17T12:49Z,5571,g95e5,2.019
2026-09-17T12:49Z,5571,gA,1.959
2026-09-17T12:49Z,5571,gP,1.999
2026-09-17T12:49Z,5571,g98e5,2.179
2026-09-17T12:49Z,5572,g95e5,1.959
2026-09-17T12:49Z,5572,g98e5,2.049
2026-09-17T12:49Z,5573,g95e5,1.999
2026-09-17T12:49Z,5573,gA,2.029
2026-09-17T12:49Z,5573,gP,2.129
2026-09-17T12:49Z,5573,g98e5,2.099
2026-09-17T12:49Z,5573,g95e5p,2.089
2026-09-17T12:49Z,5576,g95e5,1.989
2026-09-17T12:49Z,5576,gA,1.929
2026-09-17T12:49Z,5576,gP,1.969
2026-09-17T12:49Z,5576,g98e5,2.139
2026-09-17T12:49Z,5578,g95e5,1.969
2026-09-17T12:49Z,5578,gA,1.959
2026-09-17T12:49Z,5578,gP,1.999
2026-09-17T12:49Z,5578,g98e5,2.119
2026-09-17T12:49Z,5579,gA,1.989
2026-09-17T12:49Z,5579,gP,2.029
2026-09-17T12:49Z,5579,g98e5,2.119
2026-09-17T12:49Z,5581,g95e5,1.929
2026-09-17T12:49Z,5581,gA,1.869
2026-09-17T12:49Z,5581,gP,1.909
2026-09-17T12:49Z,5581,g98e5,2.029
2026-09-17T12:49Z,5581,gB,1.759
2026-09-17T12:49Z,5586,g95e5,2.005
2026-09-17T12:49Z,5586,gA,1.985
2026-09-17T12:49Z,5586,gB,1.759
2026-09-17T12:49Z,5588,gA,1.857
2026-09-17T12:49Z,5590,g95e5,1.859
2026-09-17T12:49Z,5590,gA,1.859
2026-09-17T12:49Z,5591,g95e5,2.019
2026-09-17T12:49Z,5591,gA,1.999
2026-09-17T12:49Z,5591,gP,2.039
2026-09-17T12:49Z,5591,g98e5,2.189
2026-09-17T12:49Z,5592,gA,1.969
2026-09-17T12:49Z,5598,g95e5,1.865
2026-09-17T12:49Z,5598,gA,1.855
2026-09-17T12:49Z,5598,gP,1.899
2026-09-17T12:49Z,5599,g95e5,1.999
2026-09-17T12:49Z,5599,gA,1.959
2026-09-17T12:49Z,5599,gP,1.999
2026-09-17T12:49Z,5599,g98e5,2.159
2026-09-17T12:49Z,5600,gA,1.829
2026-09-17T12:49Z,5600,gP,1.849
2026-09-17T12:49Z,5601,g95e5,1.939
2026-09-17T12:49Z,5601,gA,1.969
2026-09-17T12:49Z,5601,gP,2.009
2026-09-17T12:49Z,5601,g98e5,2.079
2026-09-17T12:49Z,5603,gA,1.959
2026-09-17T12:49Z,5603,gP,1.999
2026-09-17T12:49Z,5603,g98e5,2.099
2026-09-17T12:49Z,5618,g95e5,1.959
2026-09-17T12:49Z,5618,gA,2.019
2026-09-17T12:49Z,5618,gP,2.109
2026-09-17T12:49Z,5618,g95e5p,2.049
2026-09-17T12:49Z,5653,g95e5,1.955
2026-09-17T12:49Z,5653,gA,1.945
2026-09-17T12:49Z,5653,gP,2.045
2026-09-17T12:49Z,5653,g98e5,2.115
2026-09-17T12:49Z,5653,gB,1.759
2026-09-17T12:49Z,5659,g95e5,2.049
2026-09-17T12:49Z,5659,gA,1.969
2026-09-17T12:49Z,5659,gP,2.019
2026-09-17T12:49Z,5659,g98e5,2.149
2026-09-17T12:49Z,5677,g95e5,2.005
2026-09-17T12:49Z,5677,gA,1.965
2026-09-17T12:49Z,5677,gP,2.065
2026-09-17T12:49Z,5684,g95e5,2.049
2026-09-17T12:49Z,5684,gA,1.969
2026-09-17T12:49Z,5684,gP,2.069
2026-09-17T12:49Z,5684,g98e5,2.209
2026-09-17T12:49Z,5684,g95e5p,2.109
2026-09-17T12:49Z,5686,g95e5,2.099
2026-09-17T12:49Z,5686,gA,1.999
2026-09-17T12:49Z,5686,gP,2.099
2026-09-17T12:49Z,5686,g98e5,2.209
2026-09-17T12:49Z,5688,g95e5,2.059
2026-09-17T12:49Z,5688,gA,2.019
2026-09-17T12:49Z,5688,gP,2.104
2026-09-17T12:49Z,5688,g95e5p,2.099
2026-09-17T12:49Z,5690,g95e5,1.999
2026-09-17T12:49Z,5690,gA,1.979
2026-09-17T12:49Z,5690,gP,2.049
2026-09-17T12:49Z,5690,g95e5p,2.059
2026-09-17T12:49Z,5694,g95e5,2.049
2026-09-17T12:49Z,5694,gA,2.039
2026-09-17T12:49Z,5694,gP,2.119
2026-09-17T12:49Z,5694,g98e5,2.149
2026-09-17T12:49Z,5694,gB,1.929
2026-09-17T12:49Z,5695,g95e5,2.109
2026-09-17T12:49Z,5695,gA,2.089
2026-09-17T12:49Z,5695,gP,2.159
2026-09-17T12:49Z,5695,g98e5,2.209
2026-09-17T12:49Z,5696,g95e5,2.029
2026-09-17T12:49Z,5696,g95e5p,2.079
2026-09-17T12:49Z,5697,gA,2.009
2026-09-17T12:49Z,5697,gP,2.104
2026-09-17T12:49Z,5698,g95e5,2.059
2026-09-17T12:49Z,5699,g95e5,2.009
2026-09-17T12:49Z,5699,gA,1.999
2026-09-17T12:49Z,5699,gP,2.089
2026-09-17T12:49Z,5699,g95e5p,2.089
2026-09-17T12:49Z,5700,gA,2.039
2026-09-17T12:49Z,5700,gP,2.114
2026-09-17T12:49Z,5705,g95e5,2.049
2026-09-17T12:49Z,5705,g95e5p,2.099
2026-09-17T12:49Z,5711,g95e5,2.025
2026-09-17T12:49Z,5711,gA,2.005
2026-09-17T12:49Z,5711,gP,2.105
2026-09-17T12:49Z,5725,g95e5,1.939
2026-09-17T12:49Z,5725,gA,1.929
2026-09-17T12:49Z,5725,gP,2.019
2026-09-17T12:49Z,5725,g98e5,2.079
2026-09-17T12:49Z,5736,g95e5,1.879
2026-09-17T12:49Z,5736,gA,1.825
2026-09-17T12:49Z,5740,g95e5,2.039
2026-09-17T12:49Z,5740,gA,2.059
2026-09-17T12:49Z,5740,gP,2.154
2026-09-17T12:49Z,5740,g98e5,2.139
2026-09-17T12:49Z,5761,g95e5,2.029
2026-09-17T12:49Z,5761,gA,1.979
2026-09-17T12:49Z,5761,gB,1.829
2026-09-17T12:49Z,5764,g95e5,1.837
2026-09-17T12:49Z,5764,gA,1.839
2026-09-17T12:49Z,5764,gP,1.889
2026-09-17T12:49Z,5764,gB,1.583
2026-09-17T12:49Z,5766,g95e5,1.841
2026-09-17T12:49Z,5766,gA,1.836
2026-09-17T12:49Z,5766,gB,1.702
2026-09-17T12:49Z,5780,g95e5,1.955
2026-09-17T12:49Z,5780,gA,2.039
2026-09-17T12:49Z,5780,gP,2.139
2026-09-17T12:49Z,5780,g95e5p,2.015
2026-09-17T12:49Z,5786,g95e5,2.009
2026-09-17T12:49Z,5786,gA,2.069
2026-09-17T12:49Z,5786,gP,2.154
2026-09-17T12:49Z,5786,g95e5p,2.069
2026-09-17T12:49Z,5802,g95e5,1.999
2026-09-17T12:49Z,5802,gA,2.029
2026-09-17T12:49Z,5802,gP,2.129
2026-09-17T12:49Z,5802,g98e5,2.099
2026-09-17T12:49Z,5845,g95e5,2.289
2026-09-17T12:49Z,5845,gA,2.299
2026-09-17T12:49Z,5845,gP,2.399
2026-09-17T12:49Z,5845,g98e5,2.429
2026-09-17T12:49Z,5850,g95e5,1.969
2026-09-17T12:49Z,5850,gA,1.949
2026-09-17T12:49Z,5850,gP,1.989
2026-09-17T12:49Z,5851,gA,1.949
2026-09-17T12:49Z,5851,gP,1.989
2026-09-17T12:49Z,5852,g95e5,1.969
2026-09-17T12:49Z,5852,gA,1.949
2026-09-17T12:49Z,5852,gP,1.989
2026-09-17T12:49Z,5853,g95e5,1.969
2026-09-17T12:49Z,5853,gA,1.959
2026-09-17T12:49Z,5853,gP,1.999
2026-09-17T12:49Z,5854,gA,1.999
2026-09-17T12:49Z,5854,gP,2.039
2026-09-17T12:49Z,5855,g95e5,1.989
2026-09-17T12:49Z,5858,g95e5,1.939
2026-09-17T12:49Z,5858,gA,1.969
2026-09-17T12:49Z,5858,gB,1.699
2026-09-17T12:49Z,5860,g95e5,1.999
2026-09-17T12:49Z,5860,gA,2.033
2026-09-17T12:49Z,5860,gP,2.124
2026-09-17T12:49Z,5868,g95e5,1.849
2026-09-17T12:49Z,5868,gA,1.849
2026-09-17T12:49Z,5868,gP,1.909
2026-09-17T12:49Z,5869,gA,1.849
2026-09-17T12:49Z,5874,g95e5,1.999
2026-09-17T12:49Z,5874,gA,2.039
2026-09-17T12:49Z,5874,gP,2.129
2026-09-17T12:49Z,5875,g95e5,1.999
2026-09-17T12:49Z,5875,gA,2.019
2026-09-17T12:49Z,5875,gP,2.139
2026-09-17T12:49Z,5875,g98e5,2.099
2026-09-17T12:49Z,5876,g95e5,2.049
2026-09-17T12:49Z,5876,gA,2.039
2026-09-17T12:49Z,5876,gP,2.134
2026-09-17T12:49Z,5876,g95e5p,2.119
2026-09-17T12:49Z,5877,gA,2.049
2026-09-17T12:49Z,5877,gP,2.144
2026-09-17T12:49Z,5885,gA,1.999
2026-09-17T12:49Z,5885,gB,1.660
2026-09-17T12:49Z,5901,g95e5,1.829
2026-09-17T12:49Z,5901,gA,1.835
2026-09-17T12:49Z,5901,gP,1.879
2026-09-17T12:49Z,5901,gB,1.645
2026-09-17T12:49Z,5915,gA,2.033
2026-09-17T12:49Z,5915,gP,2.134
2026-09-17T12:49Z,5930,gB,1.649
2026-09-17T12:49Z,5931,g95e5,1.985
2026-09-17T12:49Z,5941,g95e5,1.999
2026-09-17T12:49Z,5941,gA,1.989
2026-09-17T12:49Z,5947,g95e5,2.009
2026-09-17T12:49Z,5951,gA,2.075
2026-09-17T12:49Z,5956,g95e5,1.989
2026-09-17T12:49Z,5956,gA,2.039
2026-09-17T12:49Z,5956,gP,2.129
2026-09-17T12:49Z,5965,gA,2.049
2026-09-17T12:49Z,5965,gP,2.149
2026-09-17T12:49Z,5965,gB,1.889
2026-09-17T12:49Z,5973,g95e5,1.999
2026-09-17T12:49Z,5973,gA,1.989
2026-09-17T12:49Z,5973,g98e5,2.139
2026-09-17T12:49Z,5991,g95e5,2.069
2026-09-17T12:49Z,5991,gA,2.019
2026-09-17T12:49Z,5991,gP,2.104
2026-09-17T12:49Z,5996,gA,2.039
2026-09-17T12:49Z,5996,gP,2.099
2026-09-17T12:49Z,6012,g95e5,2.019
2026-09-17T12:49Z,6012,gA,2.019
2026-09-17T12:49Z,6012,gP,2.049
2026-09-17T12:49Z,6012,g98e5,2.149
2026-09-17T12:49Z,6013,g95e5,1.989
2026-09-17T12:49Z,6013,gA,1.979
2026-09-17T12:49Z,6013,gP,1.999
2026-09-17T12:49Z,6013,gB,1.799
2026-09-17T12:49Z,6016,g95e5,1.989
2026-09-17T12:49Z,6016,gA,2.055
2026-09-17T12:49Z,6016,gP,2.105
2026-09-17T12:49Z,6058,gA,2.065
2026-09-17T12:49Z,6066,gA,2.049
2026-09-17T12:49Z,6066,gP,2.114
2026-09-17T12:49Z,6067,g95e5,1.979
2026-09-17T12:49Z,6067,gA,2.069
2026-09-17T12:49Z,6067,gP,2.134
2026-09-17T12:49Z,6070,g95e5,1.979
2026-09-17T12:49Z,6070,gA,1.989
2026-09-17T12:49Z,6070,gP,2.104
2026-09-17T12:49Z,6070,g98e5,2.089
2026-09-17T12:49Z,6079,gA,1.999
2026-09-17T12:49Z,6079,gP,2.039
2026-09-17T12:49Z,6082,gA,1.969
2026-09-17T12:49Z,6082,gP,2.009
2026-09-17T12:49Z,6086,g95e5,1.959
2026-09-17T12:49Z,6086,gA,1.939
2026-09-17T12:49Z,6086,gP,1.989
2026-09-17T12:49Z,6086,g95e5p,2.009
2026-09-17T12:49Z,6087,g95e5,1.979
2026-09-17T12:49Z,6087,gA,1.989
2026-09-17T12:49Z,6087,gP,2.039
2026-09-17T12:49Z,6087,g98e5,2.119
2026-09-17T12:49Z,6091,g95e5,1.849
2026-09-17T12:49Z,6091,gA,1.799
2026-09-17T12:49Z,6092,gA,1.989
2026-09-17T12:49Z,6092,gP,2.029
2026-09-17T12:49Z,6093,gA,1.989
2026-09-17T12:49Z,6093,gP,2.029
2026-09-17T12:49Z,6101,gA,2.039
2026-09-17T12:49Z,6101,gP,2.104
2026-09-17T12:49Z,6106,g95e5,2.049
2026-09-17T12:49Z,6106,gA,2.019
2026-09-17T12:49Z,6106,gP,2.049
2026-09-17T12:49Z,6106,gB,1.769
2026-09-17T12:49Z,6107,g95e5,2.039
2026-09-17T12:49Z,6107,gA,2.049
2026-09-17T12:49Z,6107,gP,2.124
2026-09-17T12:49Z,6107,g95e5p,2.079
2026-09-17T12:49Z,6112,gA,1.979
2026-09-17T12:49Z,6112,gP,2.074
2026-09-17T12:49Z,6120,g95e5,2.039
2026-09-17T12:49Z,6120,gA,2.009
2026-09-17T12:49Z,6120,gP,2.094
2026-09-17T12:49Z,6122,g95e5,1.999
2026-09-17T12:49Z,6122,gA,1.979
2026-09-17T12:49Z,6122,gP,2.089
2026-09-17T12:49Z,6131,g95e5,2.039
2026-09-17T12:49Z,6133,g95e5,1.989
2026-09-17T12:49Z,6133,gA,1.989
2026-09-17T12:49Z,6133,gP,2.089
2026-09-17T12:49Z,6133,g98e5,2.129
2026-09-17T12:49Z,6137,g95e5,2.039
2026-09-17T12:49Z,6137,gA,2.029
2026-09-17T12:49Z,6137,gP,2.079
2026-09-17T12:49Z,6137,gB,1.909
2026-09-17T12:49Z,6139,g95e5,1.899
2026-09-17T12:49Z,6139,gA,1.837
2026-09-17T12:49Z,6139,gP,1.857
2026-09-17T12:49Z,6140,g95e5,2.049
2026-09-17T12:49Z,6141,g95e5,2.049
2026-09-17T12:49Z,6148,g95e5,2.059
2026-09-17T12:49Z,6148,gA,2.049
2026-09-17T12:49Z,6148,gP,2.124
2026-09-17T12:49Z,6148,g95e5p,2.099
2026-09-17T12:49Z,6154,g95e5,1.999
2026-09-17T12:49Z,6154,gA,1.975
2026-09-17T12:49Z,6154,gP,2.085
2026-09-17T12:49Z,6156,g95e5,1.999
2026-09-17T12:49Z,6156,gA,1.979
2026-09-17T12:49Z,6156,gP,2.089
2026-09-17T12:49Z,6160,g95e5,1.979
2026-09-17T12:49Z,6160,gA,1.949
2026-09-17T12:49Z,6163,gA,2.009
2026-09-17T12:49Z,6163,gP,2.104
2026-09-17T12:49Z,6165,g95e5,2.059
2026-09-17T12:49Z,6165,gA,2.069
2026-09-17T12:49Z,6165,gP,2.144
2026-09-17T12:49Z,6165,g95e5p,2.099
2026-09-17T12:49Z,6166,g95e5,2.044
2026-09-17T12:49Z,6166,gA,2.014
2026-09-17T12:49Z,6166,gP,2.064
2026-09-17T12:49Z,6166,g98e5,2.199
2026-09-17T12:49Z,6173,gA,2.049
2026-09-17T12:49Z,6173,gP,2.154
2026-09-17T12:49Z,6179,gA,2.029
2026-09-17T12:49Z,6179,gP,2.089
2026-09-17T12:49Z,6179,gB,1.889
2026-09-17T12:49Z,6180,gA,2.005
2026-09-17T12:49Z,6180,gP,2.065
2026-09-17T12:49Z,6187,g95e5,1.999
2026-09-17T12:49Z,6187,gA,1.999
2026-09-17T12:49Z,6187,gP,2.059
2026-09-17T12:49Z,6187,g98e5,2.129
2026-09-17T12:49Z,6190,g95e5,2.039
2026-09-17T12:49Z,6190,gA,2.019
2026-09-17T12:49Z,6190,g98e5,2.189
2026-09-17T12:49Z,6190,gB,1.849
2026-09-17T12:49Z,6199,g95e5,2.049
2026-09-17T12:49Z,6199,gA,2.029
2026-09-17T12:49Z,6199,gP,2.069
2026-09-17T12:49Z,6203,gA,2.049
2026-09-17T12:49Z,6203,gP,2.129
2026-09-17T12:49Z,6226,gA,1.898
2026-09-17T12:49Z,6226,gP,1.899
2026-09-17T12:49Z,6226,gB,1.698
2026-09-17T12:49Z,6227,gA,2.075
2026-09-17T12:49Z,6248,g95e5,2.049
2026-09-17T12:49Z,6248,gA,2.059
2026-09-17T12:49Z,6248,gP,2.139
2026-09-17T12:49Z,6249,g95e5,2.029
2026-09-17T12:49Z,6249,gA,2.029
2026-09-17T12:49Z,6249,gP,2.129
2026-09-17T12:49Z,6249,g98e5,2.219
2026-09-17T12:49Z,6253,g95e5,2.029
2026-09-17T12:49Z,6253,gA,2.029
2026-09-17T12:49Z,6253,g98e5,2.189
2026-09-17T12:49Z,6257,g95e5,2.009
2026-09-17T12:49Z,6257,gA,1.989
2026-09-17T12:49Z,6259,gA,2.035
2026-09-17T12:49Z,6260,gA,2.069
2026-09-17T12:49Z,6265,g95e5,2.029
2026-09-17T12:49Z,6265,gA,2.029
2026-09-17T12:49Z,6265,g98e5,2.189
2026-09-17T12:49Z,6277,gA,2.035
2026-09-17T12:49Z,6279,g95e5,1.999
2026-09-17T12:49Z,6279,gA,1.999
2026-09-17T12:49Z,6279,gP,2.064
2026-09-17T12:49Z,6286,g95e5,2.025
2026-09-17T12:49Z,6286,gA,2.045
2026-09-17T12:49Z,6286,gP,2.095
2026-09-17T12:49Z,6293,g95e5,1.959
2026-09-17T12:49Z,6293,gA,1.939
2026-09-17T12:49Z,6293,gP,1.989
2026-09-17T12:49Z,6294,g95e5,2.069
2026-09-17T12:49Z,6294,gA,2.065
2026-09-17T12:49Z,6300,gA,1.985
2026-09-17T12:49Z,6306,g95e5,1.959
2026-09-17T12:49Z,6306,gA,1.929
2026-09-17T12:49Z,6309,g95e5,2.029
2026-09-17T12:49Z,6309,gA,2.029
2026-09-17T12:49Z,6309,g98e5,2.189
2026-09-17T12:49Z,6327,g95e5,2.075
2026-09-17T12:49Z,6329,g95e5,1.809
2026-09-17T12:49Z,6329,g98e5,1.949
2026-09-17T12:49Z,6336,g95e5,2.050
2026-09-17T12:49Z,6336,gA,2.019
2026-09-17T12:49Z,6336,gP,2.089
2026-09-17T12:49Z,6336,g98e5,2.240
2026-09-17T12:49Z,6354,g95e5,2.019
2026-09-17T12:49Z,6354,gA,1.969
2026-09-17T12:49Z,6354,g98e5,2.166
2026-09-17T12:49Z,6356,gA,2.049
2026-09-17T12:49Z,6360,g95e5,2.079
2026-09-17T12:49Z,6360,gA,2.085
2026-09-17T12:49Z,6370,g95e5,1.999
2026-09-17T12:49Z,6370,gA,1.989
2026-09-17T12:49Z,6383,gA,2.055
2026-09-17T12:49Z,6383,gP,2.125
2026-09-17T12:49Z,6384,gA,2.055
2026-09-17T12:49Z,6384,gP,2.125
2026-09-17T12:49Z,6411,g95e5,2.009
2026-09-17T12:49Z,6412,g95e5,2.009
2026-09-17T12:49Z,6412,gA,2.045
2026-09-17T12:49Z,6418,gP,1.815
2026-09-17T12:49Z,6418,g95e5p,1.815
2026-09-17T12:49Z,6424,g95e5,1.979
2026-09-17T12:49Z,6424,gA,1.969
2026-09-17T12:49Z,6424,gP,2.054
2026-09-17T12:49Z,6424,g95e5p,2.039
2026-09-17T12:49Z,6426,g95e5,2.009
2026-09-17T12:49Z,6426,gA,2.009
2026-09-17T12:49Z,6426,gP,2.104
2026-09-17T12:49Z,6426,g95e5p,2.059
2026-09-17T12:49Z,6430,g95e5,1.999
2026-09-17T12:49Z,6430,gA,2.069
2026-09-17T12:49Z,6430,gP,2.109
2026-09-17T12:49Z,6430,g98e5,2.099
2026-09-17T12:49Z,6431,g95e5,1.768
2026-09-17T12:49Z,6431,gA,1.798
2026-09-17T12:49Z,6435,g95e5,1.769
2026-09-17T12:49Z,6435,gA,1.779
2026-09-17T12:49Z,6438,g95e5,1.999
2026-09-17T12:49Z,6438,gA,1.979
2026-09-17T12:49Z,6438,gP,2.079
2026-09-17T12:49Z,6438,g98e5,2.159
2026-09-17T12:49Z,6447,gA,1.959
2026-09-17T12:49Z,6452,g95e5,2.069
2026-09-17T12:49Z,6452,g95e5p,2.109
2026-09-17T12:49Z,6456,g95e5,1.978
2026-09-17T12:49Z,6456,gA,1.978
2026-09-17T12:49Z,6456,gP,2.029
2026-09-17T12:49Z,6456,g98e5,2.088
2026-09-17T12:49Z,6462,g95e5,1.939
2026-09-17T12:49Z,6462,gA,1.999
2026-09-17T12:49Z,6462,gB,1.729
2026-09-17T12:49Z,6476,g95e5,1.959
2026-09-17T12:49Z,6476,gA,1.989
2026-09-17T12:49Z,6476,gP,2.089
2026-09-17T12:49Z,6476,g98e5,2.149
2026-09-17T12:49Z,6477,g95e5,1.995
2026-09-17T12:49Z,6477,gA,2.035
2026-09-17T12:49Z,6477,gP,2.125
2026-09-17T12:49Z,6477,g98e5,2.135
2026-09-17T12:49Z,6478,gA,1.899
2026-09-17T12:49Z,6478,gP,1.949
2026-09-17T12:49Z,6483,gA,1.839
2026-09-17T12:49Z,6484,g95e5,2.049
2026-09-17T12:49Z,6484,gA,2.069
2026-09-17T12:49Z,6484,gP,2.164
2026-09-17T12:49Z,6484,g95e5p,2.109
2026-09-17T12:49Z,6487,g95e5,1.929
2026-09-17T12:49Z,6487,gA,1.939
2026-09-17T12:49Z,6487,gP,1.959
2026-09-17T12:49Z,6492,g95e5,1.859
2026-09-17T12:49Z,6492,gA,1.899
2026-09-17T12:49Z,6492,gP,1.939
2026-09-17T12:49Z,6493,g95e5,1.809
2026-09-17T12:49Z,6493,gA,1.749
2026-09-17T12:49Z,6496,g95e5,1.969
2026-09-17T12:49Z,6496,gA,1.979
2026-09-17T12:49Z,6496,gP,2.059
2026-09-17T12:49Z,6496,g98e5,2.109
2026-09-17T12:49Z,6499,g95e5,2.049
2026-09-17T12:49Z,6499,g95e5p,2.109
2026-09-17T12:49Z,6500,gA,2.069
2026-09-17T12:49Z,6500,gP,2.159
2026-09-17T12:49Z,6501,g95e5,2.049
2026-09-17T12:49Z,6501,gA,2.069
2026-09-17T12:49Z,6501,gP,2.134
2026-09-17T12:49Z,6509,gA,2.039
2026-09-17T12:49Z,6509,gP,2.144
2026-09-17T12:49Z,6518,g95e5,1.849
2026-09-17T12:49Z,6518,gA,1.859
2026-09-17T12:49Z,6521,g95e5,1.895
2026-09-17T12:49Z,6521,gA,1.879
2026-09-17T12:49Z,6521,gP,1.979
2026-09-17T12:49Z,6521,g98e5,2.055
2026-09-17T12:49Z,6522,g95e5,2.029
2026-09-17T12:49Z,6522,gA,2.029
2026-09-17T12:49Z,6522,gP,2.114
2026-09-17T12:49Z,6522,g95e5p,2.109
2026-09-17T12:49Z,6527,g95e5,1.899
2026-09-17T12:49Z,6527,gA,1.929
2026-09-17T12:49Z,6530,gA,1.829
2026-09-17T12:49Z,6533,g95e5,1.984
2026-09-17T12:49Z,6533,gA,1.939
2026-09-17T12:49Z,6533,gP,2.019
2026-09-17T12:49Z,6533,g98e5,2.124
2026-09-17T12:49Z,6535,g95e5,1.959
2026-09-17T12:49Z,6535,gA,1.989
2026-09-17T12:49Z,6535,gP,2.039
2026-09-17T12:49Z,6535,g98e5,2.059
2026-09-17T12:49Z,6536,gA,1.792
2026-09-17T12:49Z,6536,gP,1.829
2026-09-17T12:49Z,6538,g95e5,1.827
2026-09-17T12:49Z,6544,g95e5,1.889
2026-09-17T12:49Z,6544,gA,1.939
2026-09-17T12:49Z,6556,g95e5,1.849
2026-09-17T12:49Z,6556,gA,1.839
2026-09-17T12:49Z,6563,g95e5,1.899
2026-09-17T12:49Z,6563,gA,1.919
2026-09-17T12:49Z,6563,gP,1.979
2026-09-17T12:49Z,6569,g95e5,2.019
2026-09-17T12:49Z,6569,g95e5p,2.069
2026-09-17T12:49Z,6570,g95e5,1.838
2026-09-17T12:49Z,6570,gA,1.828
2026-09-17T12:49Z,6580,g95e5,2.019
2026-09-17T12:49Z,6580,gA,1.989
2026-09-17T12:49Z,6580,gP,2.064
2026-09-17T12:49Z,6580,g98e5,2.119
2026-09-17T12:49Z,6580,g95e5p,2.069
2026-09-17T12:49Z,6581,g95e5,2.019
2026-09-17T12:49Z,6581,gA,1.989
2026-09-17T12:49Z,6581,gP,2.064
2026-09-17T12:49Z,6581,g98e5,2.119
2026-09-17T12:49Z,6592,g98e5,1.909
2026-09-17T12:49Z,6593,g98e5,1.909
2026-09-17T12:49Z,6599,g95e5,1.999
2026-09-17T12:49Z,6599,gA,2.009
2026-09-17T12:49Z,6599,gP,2.094
2026-09-17T12:49Z,6599,g95e5p,2.049
2026-09-17T12:49Z,6608,g95e5,1.989
2026-09-17T12:49Z,6608,gA,1.949
2026-09-17T12:49Z,6608,gP,2.029
2026-09-17T12:49Z,6608,g98e5,2.129
2026-09-17T12:49Z,6612,g95e5,2.069
2026-09-17T12:49Z,6612,gA,2.079
2026-09-17T12:49Z,6612,gP,2.164
2026-09-17T12:49Z,6612,g95e5p,2.129
2026-09-17T12:49Z,6613,gA,2.069
2026-09-17T12:49Z,6613,gP,2.159
2026-09-17T12:49Z,6620,gA,2.029
2026-09-17T12:49Z,6620,gB,1.669
2026-09-17T12:49Z,6626,g95e5,1.989
2026-09-17T12:49Z,6626,gA,1.999
2026-09-17T12:49Z,6626,gP,2.069
2026-09-17T12:49Z,6626,g98e5,2.069
2026-09-17T12:49Z,6634,g95e5,1.999
2026-09-17T12:49Z,6634,gA,2.039
2026-09-17T12:49Z,6634,gP,2.079
2026-09-17T12:49Z,6634,g98e5,2.089
2026-09-17T12:49Z,6634,gB,1.839
2026-09-17T12:49Z,6637,g95e5,1.989
2026-09-17T12:49Z,6637,gA,2.039
2026-09-17T12:49Z,6637,gP,2.134
2026-09-17T12:49Z,6637,g98e5,2.119
2026-09-17T12:49Z,6637,g95e5p,2.069
2026-09-17T12:49Z,6642,g95e5,1.999
2026-09-17T12:49Z,6642,gA,2.019
2026-09-17T12:49Z,6642,gP,2.059
2026-09-17T12:49Z,6642,g95e5p,2.079
2026-09-17T12:49Z,6648,g95e5,1.899
2026-09-17T12:49Z,6648,gA,1.869
2026-09-17T12:49Z,6648,gP,1.889
2026-09-17T12:49Z,6648,gB,1.679
2026-09-17T12:49Z,6652,g95e5,1.979
2026-09-17T12:49Z,6652,gA,2.049
2026-09-17T12:49Z,6652,gP,2.134
2026-09-17T12:49Z,6653,g95e5,1.799
2026-09-17T12:49Z,6653,gA,1.739
2026-09-17T12:49Z,6681,gA,1.965
2026-09-17T12:49Z,6689,g95e5,1.979
2026-09-17T12:49Z,6689,gA,1.949
2026-09-17T12:49Z,6689,gP,2.049
2026-09-17T12:49Z,6689,gB,1.699
2026-09-17T12:49Z,6690,gA,2.025
2026-09-17T12:49Z,6699,gA,1.965
2026-09-17T12:49Z,6706,gA,2.039
2026-09-17T12:49Z,6706,gP,2.114
2026-09-17T12:49Z,6707,g95e5,2.019
2026-09-17T12:49Z,6707,gA,2.019
2026-09-17T12:49Z,6707,gP,2.109
2026-09-17T12:49Z,6709,g95e5,1.895
2026-09-17T12:49Z,6709,gA,1.885
2026-09-17T12:49Z,6709,gP,1.935
2026-09-17T12:49Z,6726,g95e5,1.769
2026-09-17T12:49Z,6726,gA,1.839
2026-09-17T12:49Z,6734,g95e5,2.009
2026-09-17T12:49Z,6734,gA,1.969
2026-09-17T12:49Z,6734,gP,2.089
2026-09-17T12:49Z,6734,g95e5p,2.099
2026-09-17T12:49Z,6734,gB,1.899
2026-09-17T12:49Z,6744,g95e5,2.069
2026-09-17T12:49Z,6744,g95e5p,2.129
2026-09-17T12:49Z,6750,g95e5,1.969
2026-09-17T12:49Z,6750,gA,1.929
2026-09-17T12:49Z,6750,gP,2.025
2026-09-17T12:49Z,6750,g98e5,2.099
2026-09-17T12:49Z,6767,gA,1.979
2026-09-17T12:49Z,6767,gP,2.019
2026-09-17T12:49Z,6767,gB,1.759
2026-09-17T12:49Z,6777,g95e5,1.959
2026-09-17T12:49Z,6777,gA,1.979
2026-09-17T12:49Z,6777,gP,2.039
2026-09-17T12:49Z,6777,g98e5,2.119
2026-09-17T12:49Z,6778,g95e5,1.979
2026-09-17T12:49Z,6778,gA,2.059
2026-09-17T12:49Z,6778,gP,2.144
2026-09-17T12:49Z,6778,g95e5p,2.039
2026-09-17T12:49Z,6780,g95e5,1.979
2026-09-17T12:49Z,6780,g95e5p,2.059
2026-09-17T12:49Z,6789,g95e5,1.979
2026-09-17T12:49Z,6790,g95e5,1.999
2026-09-17T12:49Z,6790,g95e5p,2.059
2026-09-17T12:49Z,6795,gA,1.899
2026-09-17T12:49Z,6795,gP,1.939
2026-09-17T12:49Z,6804,g95e5,1.849
2026-09-17T12:49Z,6804,gA,1.849
2026-09-17T12:49Z,6804,gP,1.899
2026-09-17T12:49Z,6804,g95e10,1.849
2026-09-17T12:49Z,6825,g95e5,1.966
2026-09-17T12:49Z,6825,gA,1.999
2026-09-17T12:49Z,6825,gB,1.789
2026-09-17T12:49Z,6828,g95e5,1.769
2026-09-17T12:49Z,6828,gA,1.839
2026-09-17T12:49Z,6829,g95e5,1.989
2026-09-17T12:49Z,6829,gA,1.939
2026-09-17T12:49Z,6829,gP,1.979
2026-09-17T12:49Z,6861,gA,1.999
2026-09-17T12:49Z,6899,g95e5,2.049
2026-09-17T12:49Z,6899,gA,1.999
2026-09-17T12:49Z,6899,gP,2.069
2026-09-17T12:49Z,6899,g98e5,2.169
2026-09-17T12:49Z,6899,gB,1.779
2026-09-17T12:49Z,6908,gA,2.049
2026-09-17T12:49Z,6936,g95e5,2.059
2026-09-17T12:49Z,6936,gA,2.059
2026-09-17T12:49Z,6936,gP,2.149
2026-09-17T12:49Z,6937,g95e5,1.949
2026-09-17T12:49Z,6937,gA,1.958
2026-09-17T12:49Z,6937,gP,2.049
2026-09-17T12:49Z,6937,g98e5,2.088
2026-09-17T12:49Z,6937,gB,1.809
2026-09-17T12:49Z,6944,gA,1.969
2026-09-17T12:49Z,6945,g95e5,1.955
2026-09-17T12:49Z,6945,gA,1.965
2026-09-17T12:49Z,6945,g98e5,2.115
2026-09-17T12:49Z,6948,g95e5,1.999
2026-09-17T12:49Z,6948,gA,1.979
2026-09-17T12:49Z,6948,gP,2.040
2026-09-17T12:49Z,6948,g98e5,2.119
2026-09-17T12:49Z,6948,gB,1.889
2026-09-17T12:49Z,6950,g95e5,1.965
2026-09-17T12:49Z,6950,gA,2.029
2026-09-17T12:49Z,6950,gP,2.129
2026-09-17T12:49Z,6950,g95e5p,2.025
2026-09-17T12:49Z,6950,gB,1.845
2026-09-17T12:49Z,6961,gA,2.055
2026-09-17T12:49Z,6964,gA,2.005
2026-09-17T12:49Z,6969,g95e5,2.019
2026-09-17T12:49Z,6969,gA,2.065
2026-09-17T12:49Z,6972,gA,2.035
2026-09-17T12:49Z,6994,gA,1.969
2026-09-17T12:49Z,6994,gP,2.059
2026-09-17T12:49Z,6997,g95e5,1.849
2026-09-17T12:49Z,6997,gA,1.854
2026-09-17T12:49Z,6997,gP,1.904
2026-09-17T12:49Z,6997,g98e5,1.989
2026-09-17T12:49Z,7016,g95e5,1.949
2026-09-17T12:49Z,7016,gA,1.959
2026-09-17T12:49Z,7016,gP,2.039
2026-09-17T12:49Z,7016,g98e5,2.089
2026-09-17T12:49Z,7016,gB,1.709
2026-09-17T12:49Z,7023,g95e5,1.989
2026-09-17T12:49Z,7023,gA,2.009
2026-09-17T12:49Z,7023,gP,2.099
2026-09-17T12:49Z,7023,g98e5,2.129
2026-09-17T12:49Z,7023,gB,1.759
2026-09-17T12:49Z,7027,g95e5,1.869
2026-09-17T12:49Z,7027,gA,1.829
2026-09-17T12:49Z,7030,g98e5,2.099
2026-09-17T12:49Z,7032,g95e5,1.999
2026-09-17T12:49Z,7032,g98e5,2.099
2026-09-17T12:49Z,7033,gA,1.939
2026-09-17T12:49Z,7033,g98e5,2.059
2026-09-17T12:49Z,7044,g95e5,1.739
2026-09-17T12:49Z,7044,gA,1.719
2026-09-17T12:49Z,7045,g95e5,1.866
2026-09-17T12:49Z,7045,gA,1.866
2026-09-17T12:49Z,7046,gA,1.989
2026-09-17T12:49Z,7046,gP,2.029
2026-09-17T12:49Z,7050,g95e5,1.969
2026-09-17T12:49Z,7050,gA,1.999
2026-09-17T12:49Z,7050,gP,2.039
2026-09-17T12:49Z,7050,g98e5,2.109
2026-09-17T12:49Z,7051,g95e5,1.939
2026-09-17T12:49Z,7051,g98e5,2.009
2026-09-17T12:49Z,7052,g95e5,1.939
2026-09-17T12:49Z,7052,gA,1.929
2026-09-17T12:49Z,7052,gP,1.969
2026-09-17T12:49Z,7052,g98e5,2.149
2026-09-17T12:49Z,7053,g95e5,1.999
2026-09-17T12:49Z,7053,gA,2.059
2026-09-17T12:49Z,7053,gP,2.149
2026-09-17T12:49Z,7053,g95e5p,2.085
2026-09-17T12:49Z,7054,gA,2.089
2026-09-17T12:49Z,7054,gP,2.154
2026-09-17T12:49Z,7064,g95e5,1.964
2026-09-17T12:49Z,7064,gA,1.969
2026-09-17T12:49Z,7064,gP,2.019
2026-09-17T12:49Z,7068,g95e5,2.059
2026-09-17T12:49Z,7068,gA,2.034
2026-09-17T12:49Z,7068,gP,2.124
2026-09-17T12:49Z,7068,g95e5p,2.109
2026-09-17T12:49Z,7070,g95e5,1.769
2026-09-17T12:49Z,7070,gA,1.779
2026-09-17T12:49Z,7071,gA,2.004
2026-09-17T12:49Z,7071,gP,2.054
2026-09-17T12:49Z,7071,g98e5,2.079
2026-09-17T12:49Z,7071,g95e5p,2.079
2026-09-17T12:49Z,7078,g95e5,1.999
2026-09-17T12:49Z,7078,gA,2.009
2026-09-17T12:49Z,7078,gB,1.719
2026-09-17T12:49Z,7085,g95e5,1.979
2026-09-17T12:49Z,7085,g98e5,2.119
2026-09-17T12:49Z,7085,gB,1.699
2026-09-17T12:49Z,7086,g95e5,2.019
2026-09-17T12:49Z,7089,gA,2.035
2026-09-17T12:49Z,7114,gA,2.048
2026-09-17T12:49Z,7114,gP,2.118
2026-09-17T12:49Z,7118,gA,1.988
2026-09-17T12:49Z,7118,gP,2.108
2026-09-17T12:49Z,7120,gA,1.995
2026-09-17T12:49Z,7122,g95e5,1.989
2026-09-17T12:49Z,7122,gA,2.029
2026-09-17T12:49Z,7122,g98e5,2.149
2026-09-17T12:49Z,7124,gA,2.018
2026-09-17T12:49Z,7124,gP,2.108
2026-09-17T12:49Z,7125,gA,1.818
2026-09-17T12:49Z,7125,gP,1.878
2026-09-17T12:49Z,7134,gA,1.995
2026-09-17T12:49Z,7139,gA,1.999
2026-09-17T12:49Z,7139,gP,2.075
2026-09-17T12:49Z,7140,gA,1.999
2026-09-17T12:49Z,7140,gP,2.075
2026-09-17T12:49Z,7141,gA,2.008
2026-09-17T12:49Z,7141,gP,2.108
2026-09-17T12:49Z,7142,gA,1.998
2026-09-17T12:49Z,7142,gP,2.108
2026-09-17T12:49Z,7142,gB,1.738
2026-09-17T12:49Z,7143,g95e5,2.038
2026-09-17T12:49Z,7143,gA,2.028
2026-09-17T12:49Z,7143,gP,2.108
2026-09-17T12:49Z,7144,gA,2.038
2026-09-17T12:49Z,7144,gP,2.108
2026-09-17T12:49Z,7145,g95e5,2.038
2026-09-17T12:49Z,7145,gA,2.028
2026-09-17T12:49Z,7145,gP,2.108
2026-09-17T12:49Z,7146,g95e5,2.038
2026-09-17T12:49Z,7146,gA,2.028
2026-09-17T12:49Z,7146,gP,2.108
2026-09-17T12:49Z,7157,g95e5,2.029
2026-09-17T12:49Z,7157,gA,1.999
2026-09-17T12:49Z,7157,gP,2.069
2026-09-17T12:49Z,7165,gA,2.008
2026-09-17T12:49Z,7165,gB,1.738
2026-09-17T12:49Z,7166,gA,2.028
2026-09-17T12:49Z,7166,gP,2.108
2026-09-17T12:49Z,7167,gA,1.998
2026-09-17T12:49Z,7172,g95e5,1.995
2026-09-17T12:49Z,7172,gA,2.005
2026-09-17T12:49Z,7172,gP,2.095
2026-09-17T12:49Z,7172,g98e5,2.135
2026-09-17T12:49Z,7191,g95e5,1.964
2026-09-17T12:49Z,7191,gA,1.949
2026-09-17T12:49Z,7191,gP,1.999
2026-09-17T12:49Z,7191,g95e5p,2.014
2026-09-17T12:49Z,7207,g95e5,2.029
2026-09-17T12:49Z,7207,gA,2.059
2026-09-17T12:49Z,7207,gP,2.134
2026-09-17T12:49Z,7207,g95e5p,2.109
2026-09-17T12:49Z,7209,g95e5,2.049
2026-09-17T12:49Z,7211,g95e5,1.999
2026-09-17T12:49Z,7211,gA,1.984
2026-09-17T12:49Z,7211,gP,2.134
2026-09-17T12:49Z,7216,g95e5,2.069
2026-09-17T12:49Z,7216,gA,2.039
2026-09-17T12:49Z,7216,gP,2.134
2026-09-17T12:49Z,7216,g95e5p,2.139
2026-09-17T12:49Z,7219,g95e5,2.009
2026-09-17T12:49Z,7219,g95e5p,2.109
2026-09-17T12:49Z,7222,g95e5,2.059
2026-09-17T12:49Z,7222,gA,2.039
2026-09-17T12:49Z,7222,gP,2.134
2026-09-17T12:49Z,7222,g95e5p,2.099
2026-09-17T12:49Z,7223,gA,2.079
2026-09-17T12:49Z,7223,gP,2.174
2026-09-17T12:49Z,7228,gA,2.005
2026-09-17T12:49Z,7228,gP,2.045
2026-09-17T12:49Z,7234,gA,2.009
2026-09-17T12:49Z,7234,gB,1.699
2026-09-17T12:49Z,7235,gA,2.028
2026-09-17T12:49Z,7235,gP,2.108
2026-09-17T12:49Z,7235,gB,1.738
2026-09-17T12:49Z,7237,g95e5,2.038
2026-09-17T12:49Z,7237,gA,2.028
2026-09-17T12:49Z,7240,gA,2.079
2026-09-17T12:49Z,7241,g95e5,2.038
2026-09-17T12:49Z,7241,gA,2.028
2026-09-17T12:49Z,7241,gP,2.108
2026-09-17T12:49Z,7254,g95e5,1.979
2026-09-17T12:49Z,7254,gA,1.969
2026-09-17T12:49Z,7254,gP,2.069
2026-09-17T12:49Z,7254,g98e5,2.129
2026-09-17T12:49Z,7269,gA,2.018
2026-09-17T12:49Z,7270,gA,2.038
2026-09-17T12:49Z,7273,g95e5,1.798
2026-09-17T12:49Z,7273,gA,1.798
2026-09-17T12:49Z,7273,gP,1.938
2026-09-17T12:49Z,7275,g95e5,2.015
2026-09-17T12:49Z,7275,gA,2.049
2026-09-17T12:49Z,7275,gP,2.149
2026-09-17T12:49Z,7275,g98e5,2.155
2026-09-17T12:49Z,7282,g95e5,1.969
2026-09-17T12:49Z,7282,g98e5,2.109
2026-09-17T12:49Z,7287,gA,2.009
2026-09-17T12:49Z,7289,g95e5,1.989
2026-09-17T12:49Z,7289,gA,1.999
2026-09-17T12:49Z,7289,gP,2.089
2026-09-17T12:49Z,7289,g98e5,2.128
2026-09-17T12:49Z,7293,g95e5,2.019
2026-09-17T12:49Z,7293,gA,2.009
2026-09-17T12:49Z,7293,gP,2.049
2026-09-17T12:49Z,7294,gA,2.033
2026-09-17T12:49Z,7294,gP,2.154
2026-09-17T12:49Z,7308,g95e5,2.099
2026-09-17T12:49Z,7308,gA,2.159
2026-09-17T12:49Z,7308,gP,2.244
2026-09-17T12:49Z,7308,g98e5,2.189
2026-09-17T12:49Z,7308,g95e5p,2.169
2026-09-17T12:49Z,7310,g95e5,1.759
2026-09-17T12:49Z,7310,gA,1.769
2026-09-17T12:49Z,7310,gP,1.938
2026-09-17T12:49Z,7317,g95e5,2.019
2026-09-17T12:49Z,7317,gA,2.079
2026-09-17T12:49Z,7317,gP,2.164
2026-09-17T12:49Z,7318,g95e5,1.939
2026-09-17T12:49Z,7318,gA,1.969
2026-09-17T12:49Z,7318,gP,1.999
2026-09-17T12:49Z,7318,gB,1.799
2026-09-17T12:49Z,7323,g95e5,2.013
2026-09-17T12:49Z,7323,gA,2.013
2026-09-17T12:49Z,7323,gP,2.164
2026-09-17T12:49Z,7323,g98e5,2.099
2026-09-17T12:49Z,7327,gA,2.033
2026-09-17T12:49Z,7327,gP,2.154
2026-09-17T12:49Z,7340,g95e5,2.009
2026-09-17T12:49Z,7340,gA,2.059
2026-09-17T12:49Z,7340,gP,2.144
2026-09-17T12:49Z,7340,g98e5,2.109
2026-09-17T12:49Z,7341,g95e5,2.009
2026-09-17T12:49Z,7341,gA,2.059
2026-09-17T12:49Z,7341,gP,2.144
2026-09-17T12:49Z,7341,g98e5,2.109
2026-09-17T12:49Z,7344,gA,2.049
2026-09-17T12:49Z,7344,gP,2.154
2026-09-17T12:49Z,7349,gA,2.079
2026-09-17T12:49Z,7349,gP,2.154
2026-09-17T12:49Z,7355,gA,1.950
2026-09-17T12:49Z,7365,g95e5,1.959
2026-09-17T12:49Z,7365,gA,2.049
2026-09-17T12:49Z,7365,gP,2.149
2026-09-17T12:49Z,7371,gA,2.018
2026-09-17T12:49Z,7371,gP,2.108
2026-09-17T12:49Z,7377,g95e5,2.053
2026-09-17T12:49Z,7377,gA,2.066
2026-09-17T12:49Z,7377,gP,2.169
2026-09-17T12:49Z,7377,g98e5,2.187
2026-09-17T12:49Z,7378,g95e5,1.965
2026-09-17T12:49Z,7378,gA,1.995
2026-09-17T12:49Z,7393,gA,2.028
2026-09-17T12:49Z,7393,gP,2.108
2026-09-17T12:49Z,7398,g95e5,1.965
2026-09-17T12:49Z,7398,gA,1.995
2026-09-17T12:49Z,7400,gA,2.038
2026-09-17T12:49Z,7400,gP,2.108
2026-09-17T12:49Z,7402,g95e5,1.919
2026-09-17T12:49Z,7402,gA,1.964
2026-09-17T12:49Z,7402,gP,2.154
2026-09-17T12:49Z,7402,g95e5p,2.059
2026-09-17T12:49Z,7408,gA,2.055
2026-09-17T12:49Z,7411,gA,2.045
2026-09-17T12:49Z,7413,g95e5,2.015
2026-09-17T12:49Z,7413,gA,2.019
2026-09-17T12:49Z,7420,g95e5,2.039
2026-09-17T12:49Z,7420,gA,2.049
2026-09-17T12:49Z,7421,gA,2.039
2026-09-17T12:49Z,7422,gA,2.035
2026-09-17T12:49Z,7424,gA,1.998
2026-09-17T12:49Z,7424,gP,2.108
2026-09-17T12:49Z,7424,gB,1.738
2026-09-17T12:49Z,7425,gA,2.055
2026-09-17T12:49Z,7426,gA,2.045
2026-09-17T12:49Z,7428,gA,1.979
2026-09-17T12:49Z,7428,gP,2.059
2026-09-17T12:49Z,7429,gA,2.019
2026-09-17T12:49Z,7429,gP,2.069
2026-09-17T12:49Z,7432,g95e5,2.015
2026-09-17T12:49Z,7433,gA,1.995
2026-09-17T12:49Z,7442,g95e5,1.989
2026-09-17T12:49Z,7442,gA,1.979
2026-09-17T12:49Z,7442,gP,2.079
2026-09-17T12:49Z,7442,g98e5,2.149
2026-09-17T12:49Z,7450,g95e5,1.869
2026-09-17T12:49Z,7450,gA,1.864
2026-09-17T12:49Z,7450,gP,1.914
2026-09-17T12:49Z,7450,g98e5,2.009
2026-09-17T12:49Z,7453,gA,2.019
2026-09-17T12:49Z,7453,gP,2.109
2026-09-17T12:49Z,7457,gA,1.959
2026-09-17T12:49Z,7457,gP,2.044
2026-09-17T12:49Z,7461,g95e5,2.039
2026-09-17T12:49Z,7461,gA,2.039
2026-09-17T12:49Z,7461,gP,2.134
2026-09-17T12:49Z,7463,g95e5,1.989
2026-09-17T12:49Z,7463,g98e5,2.129
2026-09-17T12:49Z,7466,g95e5,2.049
2026-09-17T12:49Z,7466,gA,2.059
2026-09-17T12:49Z,7466,gP,2.149
2026-09-17T12:49Z,7466,g98e5,2.189
2026-09-17T12:49Z,7468,g95e5,2.059
2026-09-17T12:49Z,7468,gA,2.069
2026-09-17T12:49Z,7468,gP,2.159
2026-09-17T12:49Z,7468,g98e5,2.199
2026-09-17T12:49Z,7469,g95e5,2.024
2026-09-17T12:49Z,7469,gA,1.999
2026-09-17T12:49Z,7469,gP,2.049
2026-09-17T12:49Z,7469,g98e5,2.179
2026-09-17T12:49Z,7471,g95e5,1.849
2026-09-17T12:49Z,7471,gA,1.864
2026-09-17T12:49Z,7471,gP,1.914
2026-09-17T12:49Z,7471,g98e5,1.989
2026-09-17T12:49Z,7487,gA,1.939
2026-09-17T12:49Z,7487,gP,2.089
2026-09-17T12:49Z,7487,gB,1.809
2026-09-17T12:49Z,7489,gA,1.849
2026-09-17T12:49Z,7503,g95e5,1.989
2026-09-17T12:49Z,7503,gA,1.989
2026-09-17T12:49Z,7503,gB,1.869
2026-09-17T12:49Z,7511,gA,1.999
2026-09-17T12:49Z,7515,g95e5,2.009
2026-09-17T12:49Z,7515,gA,2.079
2026-09-17T12:49Z,7515,gP,2.164
2026-09-17T12:49Z,7515,g95e5p,2.069
2026-09-17T12:49Z,7551,gA,2.065
2026-09-17T12:49Z,7554,gB,1.799
2026-09-17T12:49Z,7557,g95e5,1.979
2026-09-17T12:49Z,7557,g95e5p,2.039
2026-09-17T12:49Z,7559,g95e5,2.035
2026-09-17T12:49Z,7561,g95e5,1.989
2026-09-17T12:49Z,7561,gA,1.999
2026-09-17T12:49Z,7561,gP,2.069
2026-09-17T12:49Z,7590,gA,1.799
2026-09-17T12:49Z,7590,gP,1.849
2026-09-17T12:49Z,7595,g95e5,1.989
2026-09-17T12:49Z,7595,gA,2.039
2026-09-17T12:49Z,7595,gP,2.099
2026-09-17T12:49Z,7595,gB,1.660
2026-09-17T12:49Z,7605,g95e5,1.790
2026-09-17T12:49Z,7605,gA,1.790
2026-09-17T12:49Z,7613,g95e5,1.999
2026-09-17T12:49Z,7613,gA,2.023
2026-09-17T12:49Z,7613,gP,2.083
2026-09-17T12:49Z,7616,g95e5,1.529
2026-09-17T12:49Z,7616,gA,1.659
2026-09-17T12:49Z,7616,gP,1.759
2026-09-17T12:49Z,7616,g98e5,1.659
2026-09-17T12:49Z,7624,g95e5,1.509
2026-09-17T12:49Z,7624,gA,1.649
2026-09-17T12:49Z,7624,gP,1.799
2026-09-17T12:49Z,7624,g98e5,1.639
2026-09-17T12:49Z,7634,gA,1.699
2026-09-17T12:49Z,7634,gP,1.799
2026-09-17T12:49Z,7641,g95e5,1.569
2026-09-17T12:49Z,7641,gA,1.659
2026-09-17T12:49Z,7641,gP,1.749
2026-09-17T12:49Z,7641,g98e5,1.689
2026-09-17T12:49Z,7645,g95e5,1.529
2026-09-17T12:49Z,7645,gA,1.629
2026-09-17T12:49Z,7645,gP,1.759
2026-09-17T12:49Z,7645,g98e5,1.659
2026-09-17T12:49Z,7650,g95e5,1.499
2026-09-17T12:49Z,7650,gA,1.659
2026-09-17T12:49Z,7650,gP,1.759
2026-09-17T12:49Z,7650,g98e5,1.629
2026-09-17T12:49Z,7651,g95e5,1.499
2026-09-17T12:49Z,7651,gA,1.659
2026-09-17T12:49Z,7651,gP,1.759
2026-09-17T12:49Z,7651,g98e5,1.629
2026-09-17T12:49Z,7654,g95e5,1.539
2026-09-17T12:49Z,7654,gA,1.659
2026-09-17T12:49Z,7654,g98e5,1.669
2026-09-17T12:49Z,7665,g95e5,1.489
2026-09-17T12:49Z,7665,gA,1.659
2026-09-17T12:49Z,7665,g98e5,1.629
2026-09-17T12:49Z,7670,g95e5,1.499
2026-09-17T12:49Z,7670,gA,1.659
2026-09-17T12:49Z,7670,g98e5,1.629
2026-09-17T12:49Z,7671,g95e5,1.569
2026-09-17T12:49Z,7671,gA,1.659
2026-09-17T12:49Z,7671,gP,1.749
2026-09-17T12:49Z,7671,g98e5,1.689
2026-09-17T12:49Z,7672,g95e5,1.569
2026-09-17T12:49Z,7672,gA,1.659
2026-09-17T12:49Z,7672,gP,1.749
2026-09-17T12:49Z,7672,g98e5,1.689
2026-09-17T12:49Z,7679,gA,1.639
2026-09-17T12:49Z,7682,g95e5,1.549
2026-09-17T12:49Z,7682,gA,1.659
2026-09-17T12:49Z,7688,gA,1.689
2026-09-17T12:49Z,7690,g95e5,1.583
2026-09-17T12:49Z,7690,gA,1.709
2026-09-17T12:49Z,7690,g98e5,1.722
2026-09-17T12:49Z,7692,g95e5,1.549
2026-09-17T12:49Z,7692,gA,1.679
2026-09-17T12:49Z,7699,g98e5,1.659
2026-09-17T12:49Z,7702,gA,1.639
2026-09-17T12:49Z,7705,g95e5,1.549
2026-09-17T12:49Z,7705,gA,1.679
2026-09-17T12:49Z,7707,gA,1.659
2026-09-17T12:49Z,7709,g95e5,1.559
2026-09-17T12:49Z,7709,gA,1.649
2026-09-17T12:49Z,7709,g98e5,1.629
2026-09-17T12:49Z,7710,gA,1.659
2026-09-17T12:49Z,7723,g95e5,1.504
2026-09-17T12:49Z,7723,gA,1.688
2026-09-17T12:49Z,7723,g98e5,1.645
2026-09-17T12:49Z,7735,g95e5,1.579
2026-09-17T12:49Z,7735,gA,1.699
2026-09-17T12:49Z,7735,gP,1.799
2026-09-17T12:49Z,7752,g95e5,1.549
2026-09-17T12:49Z,7752,gA,1.669
2026-09-17T12:49Z,7752,g98e5,1.669
2026-09-17T12:49Z,7753,g95e5,2.049
2026-09-17T12:49Z,7758,gA,2.059
2026-09-17T12:49Z,7758,gP,2.139
2026-09-17T12:49Z,7769,g95e5,1.499
2026-09-17T12:49Z,7769,gA,1.699
2026-09-17T12:49Z,7769,gP,1.799
2026-09-17T12:49Z,7769,g98e5,1.619
2026-09-17T12:49Z,7770,g95e5,1.499
2026-09-17T12:49Z,7770,gA,1.619
2026-09-17T12:49Z,7770,gP,1.749
2026-09-17T12:49Z,7770,g98e5,1.629
2026-09-17T12:49Z,7776,g95e5,1.548
2026-09-17T12:49Z,7776,gA,1.678
2026-09-17T12:49Z,7776,gP,1.798
2026-09-17T12:49Z,7787,g95e5,1.549
2026-09-17T12:49Z,7787,gA,1.679
2026-09-17T12:49Z,7787,g98e5,1.669
2026-09-17T12:49Z,7790,g95e5,1.509
2026-09-17T12:49Z,7790,gA,1.649
2026-09-17T12:49Z,7790,gP,1.729
2026-09-17T12:49Z,7790,g98e5,1.639
2026-09-17T12:49Z,7791,g95e5,1.474
2026-09-17T12:49Z,7791,gA,1.658
2026-09-17T12:49Z,7791,gP,1.758
2026-09-17T12:49Z,7791,g98e5,1.595
2026-09-17T12:49Z,7824,g95e5,1.486
2026-09-17T12:49Z,7824,gA,1.616
2026-09-17T12:49Z,7824,gP,1.696
2026-09-17T12:49Z,7824,g98e5,1.616
2026-09-17T12:49Z,7827,g95e5,1.559
2026-09-17T12:49Z,7827,gA,1.689
2026-09-17T12:49Z,7827,g98e5,1.689
2026-09-17T12:49Z,7829,g95e5,1.549
2026-09-17T12:49Z,7829,gA,1.679
2026-09-17T12:49Z,7829,g98e5,1.669
2026-09-17T12:49Z,7830,g98e5,1.899
2026-09-17T12:49Z,7832,g95e5,1.549
2026-09-17T12:49Z,7832,gA,1.679
2026-09-17T12:49Z,7832,gP,1.799
2026-09-17T12:49Z,7833,g98e5,1.899
2026-09-17T12:49Z,7840,g95e5,1.579
2026-09-17T12:49Z,7840,gA,1.729
2026-09-17T12:49Z,7840,g98e5,1.709
2026-09-17T12:49Z,7844,g98e5,1.899
2026-09-17T12:49Z,7846,g95e5,1.549
2026-09-17T12:49Z,7846,gA,1.669
2026-09-17T12:49Z,7849,g95e5,1.549
2026-09-17T12:49Z,7849,gA,1.669
2026-09-17T12:49Z,7849,gP,1.769
2026-09-17T12:49Z,7852,g95e5,1.559
2026-09-17T12:49Z,7852,gA,1.699
2026-09-17T12:49Z,7856,g95e5,1.529
2026-09-17T12:49Z,7856,gA,1.664
2026-09-17T12:49Z,7856,gP,1.764
2026-09-17T12:49Z,7856,g98e5,1.654
2026-09-17T12:49Z,7857,g95e5,1.549
2026-09-17T12:49Z,7857,gA,1.699
2026-09-17T12:49Z,7857,gP,1.799
2026-09-17T12:49Z,7861,g95e5,1.539
2026-09-17T12:49Z,7861,gA,1.685
2026-09-17T12:49Z,7861,gP,1.795
2026-09-17T12:49Z,7861,g98e5,1.639
2026-09-17T12:49Z,7862,g95e5,1.571
2026-09-17T12:49Z,7862,gA,1.705
2026-09-17T12:49Z,7862,gP,1.789
2026-09-17T12:49Z,7862,g98e5,1.695
2026-09-17T12:49Z,7863,g95e5,1.545
2026-09-17T12:49Z,7863,gP,1.789
2026-09-17T12:49Z,7864,g95e5,1.629
2026-09-17T12:49Z,7864,gA,1.759
2026-09-17T12:49Z,7865,g95e5,1.565
2026-09-17T12:49Z,7865,gA,1.699
2026-09-17T12:49Z,7865,g98e5,1.689
2026-09-17T12:49Z,7866,g95e5,1.559
2026-09-17T12:49Z,7866,gA,1.689
2026-09-17T12:49Z,7866,g98e5,1.689
2026-09-17T12:49Z,7869,g95e5,1.549
2026-09-17T12:49Z,7869,gA,1.679
2026-09-17T12:49Z,7869,gP,1.799
2026-09-17T12:49Z,7869,g98e5,1.679
2026-09-17T12:49Z,7871,g95e5,1.559
2026-09-17T12:49Z,7871,g98e5,1.689
2026-09-17T12:49Z,7872,g95e5,1.571
2026-09-17T12:49Z,7872,gA,1.705
2026-09-17T12:49Z,7872,gP,1.789
2026-09-17T12:49Z,7872,g98e5,1.695
2026-09-17T12:49Z,7875,g95e5,1.549
2026-09-17T12:49Z,7875,gA,1.699
2026-09-17T12:49Z,7879,g95e5,1.609
2026-09-17T12:49Z,7879,gA,1.719
2026-09-17T12:49Z,7879,gP,1.839
2026-09-17T12:49Z,7879,g98e5,1.739
2026-09-17T12:49Z,7881,gP,1.789
2026-09-17T12:49Z,7887,g95e5,1.559
2026-09-17T12:49Z,7887,gA,1.699
2026-09-17T12:49Z,7887,g98e5,1.699
2026-09-17T12:49Z,7892,g95e5,1.498
2026-09-17T12:49Z,7892,gA,1.629
2026-09-17T12:49Z,7892,g98e5,1.629
2026-09-17T12:49Z,7895,g95e5,1.594
2026-09-17T12:49Z,7895,gA,1.747
2026-09-17T12:49Z,7895,gP,1.805
2026-09-17T12:49Z,7895,glp,0.978
2026-09-17T12:49Z,7897,g95e5,1.504
2026-09-17T12:49Z,7897,gA,1.634
2026-09-17T12:49Z,7897,gP,1.714
2026-09-17T12:49Z,7897,g98e5,1.634
2026-09-17T12:49Z,7898,g95e5,1.519
2026-09-17T12:49Z,7898,gA,1.679
2026-09-17T12:49Z,7898,g98e5,1.609
2026-09-17T12:49Z,7900,gA,1.669
2026-09-17T12:49Z,7905,g95e5,1.525
2026-09-17T12:49Z,7905,g98e5,1.639
2026-09-17T12:49Z,7911,g95e5,1.429
2026-09-17T12:49Z,7911,gA,1.569
2026-09-17T12:49Z,7911,gP,1.669
2026-09-17T12:49Z,7911,g98e5,1.529
2026-09-17T12:49Z,7912,gA,1.639
2026-09-17T12:49Z,7912,gP,1.759
2026-09-17T12:49Z,7913,gA,1.659
2026-09-17T12:49Z,7913,gP,1.779
2026-09-17T12:49Z,7916,gA,1.599
2026-09-17T12:49Z,7916,gP,1.709
2026-09-17T12:49Z,7917,gA,1.639
2026-09-17T12:49Z,7917,gP,1.739
2026-09-17T12:49Z,7917,g98e5,1.639
2026-09-17T12:49Z,7919,g95e5,1.509
2026-09-17T12:49Z,7919,gA,1.659
2026-09-17T12:49Z,7919,gP,1.769
2026-09-17T12:49Z,7919,g98e5,1.639
2026-09-17T12:49Z,7922,g95e5,1.469
2026-09-17T12:49Z,7922,gA,1.599
2026-09-17T12:49Z,7922,g98e5,1.569
2026-09-17T12:49Z,7924,g95e5,1.519
2026-09-17T12:49Z,7924,gA,1.679
2026-09-17T12:49Z,7924,gP,1.759
2026-09-17T12:49Z,7924,g98e5,1.609
2026-09-17T12:49Z,7926,g95e5,1.509
2026-09-17T12:49Z,7926,gA,1.669
2026-09-17T12:49Z,7926,gP,1.769
2026-09-17T12:49Z,7926,g98e5,1.639
2026-09-17T12:49Z,7927,g95e5,1.589
2026-09-17T12:49Z,7927,gA,1.709
2026-09-17T12:49Z,7927,g98e5,1.689
2026-09-17T12:49Z,7928,gA,1.639
2026-09-17T12:49Z,7928,gP,1.759
2026-09-17T12:49Z,7930,gA,1.649
2026-09-17T12:49Z,7930,gP,1.769
2026-09-17T12:49Z,7933,g95e5,1.504
2026-09-17T12:49Z,7933,gA,1.634
2026-09-17T12:49Z,7933,gP,1.714
2026-09-17T12:49Z,7933,g98e5,1.634
2026-09-17T12:49Z,7937,gA,1.619
2026-09-17T12:49Z,7937,gP,1.709
2026-09-17T12:49Z,7941,g95e5,1.565
2026-09-17T12:49Z,7941,gA,1.629
2026-09-17T12:49Z,7945,g95e5,1.489
2026-09-17T12:49Z,7945,gA,1.629
2026-09-17T12:49Z,7945,gP,1.739
2026-09-17T12:49Z,7945,g98e5,1.629
2026-09-17T12:49Z,7946,gA,1.669
2026-09-17T12:49Z,7946,gP,1.789
2026-09-17T12:49Z,7947,g98e5,1.889
2026-09-17T12:49Z,7953,g98e5,1.889
2026-09-17T12:49Z,7954,g95e5,1.489
2026-09-17T12:49Z,7954,gA,1.619
2026-09-17T12:49Z,7954,gP,1.699
2026-09-17T12:49Z,7954,g98e5,1.619
2026-09-17T12:49Z,7955,g95e5,1.534
2026-09-17T12:49Z,7955,gA,1.670
2026-09-17T12:49Z,7955,g98e5,1.654
2026-09-17T12:49Z,7965,gA,1.799
2026-09-17T12:49Z,7983,gA,2.039
2026-09-17T12:49Z,7983,gP,2.139
2026-09-17T12:49Z,8010,g95e5,1.929
2026-09-17T12:49Z,8010,gA,1.899
2026-09-17T12:49Z,8011,g95e5,1.965
2026-09-17T12:49Z,8011,gA,2.005
2026-09-17T12:49Z,8011,gP,2.105
2026-09-17T12:49Z,8011,g98e5,2.125
2026-09-17T12:49Z,8018,g95e5,1.939
2026-09-17T12:49Z,8018,gA,1.909
2026-09-17T12:49Z,8018,gP,1.969
2026-09-17T12:49Z,8018,g95e5p,2.059
2026-09-17T12:49Z,8018,gB,1.689
2026-09-17T12:49Z,8019,g95e5,2.049
2026-09-17T12:49Z,8019,gA,1.989
2026-09-17T12:49Z,8019,gB,1.729
2026-09-17T12:49Z,8021,g95e5,1.889
2026-09-17T12:49Z,8021,gA,1.889
2026-09-17T12:49Z,8021,gP,1.939
2026-09-17T12:49Z,8024,g95e5,1.859
2026-09-17T12:49Z,8024,gA,1.839
2026-09-17T12:49Z,8024,gP,1.879
2026-09-17T12:49Z,8042,gA,1.939
2026-09-17T12:49Z,8042,gP,1.989
2026-09-17T12:49Z,8047,g95e5,1.979
2026-09-17T12:49Z,8047,gA,1.939
2026-09-17T12:49Z,8048,g95e5,1.839
2026-09-17T12:49Z,8048,gA,1.829
2026-09-17T12:49Z,8048,gP,1.929
2026-09-17T12:49Z,8048,g98e5,2.039
2026-09-17T12:49Z,8065,g95e5,1.969
2026-09-17T12:49Z,8065,gA,1.979
2026-09-17T12:49Z,8065,gB,1.590
2026-09-17T12:49Z,8069,gA,1.979
2026-09-17T12:49Z,8069,gP,1.999
2026-09-17T12:49Z,8069,gB,1.779
2026-09-17T12:49Z,8072,g95e5,1.818
2026-09-17T12:49Z,8072,gA,1.818
2026-09-17T12:49Z,8072,g98e5,1.918
2026-09-17T12:49Z,8072,gB,1.548
2026-09-17T12:49Z,8079,g95e5,1.888
2026-09-17T12:49Z,8079,gA,1.868
2026-09-17T12:49Z,8086,g95e5,1.979
2026-09-17T12:49Z,8086,gA,1.969
2026-09-17T12:49Z,8101,gA,2.039
2026-09-17T12:49Z,8101,gP,2.154
2026-09-17T12:49Z,8103,g95e5,1.819
2026-09-17T12:49Z,8103,gA,1.819
2026-09-17T12:49Z,8112,g95e5,1.974
2026-09-17T12:49Z,8112,gA,1.962
2026-09-17T12:49Z,8112,gP,1.997
2026-09-17T12:49Z,8112,g98e5,2.090
2026-09-17T12:49Z,8132,g95e5,1.975
2026-09-17T12:49Z,8132,gA,1.975
2026-09-17T12:49Z,8132,g98e5,2.060
2026-09-17T12:49Z,8138,g95e5,1.979
2026-09-17T12:49Z,8138,g95e5p,2.029
2026-09-17T12:49Z,8145,g95e5,2.069
2026-09-17T12:49Z,8145,gA,2.059
2026-09-17T12:49Z,8145,gP,2.134
2026-09-17T12:49Z,8156,g95e5,2.039
2026-09-17T12:49Z,8156,gA,2.029
2026-09-17T12:49Z,8169,g95e5,2.089
2026-09-17T12:49Z,8169,gA,1.999
2026-09-17T12:49Z,8169,g98e5,2.339
2026-09-17T12:49Z,8170,g95e5,2.029
2026-09-17T12:49Z,8170,gA,1.949
2026-09-17T12:49Z,8170,g98e5,2.139
2026-09-17T12:49Z,8172,gA,1.809
2026-09-17T12:49Z,8174,gA,1.759
2026-09-17T12:49Z,8184,gA,1.989
2026-09-17T12:49Z,8184,gP,2.099
2026-09-17T12:49Z,8197,g95e5,1.985
2026-09-17T12:49Z,8197,gA,2.055
2026-09-17T12:49Z,8202,g95e5,1.819
2026-09-17T12:49Z,8202,gA,1.885
2026-09-17T12:49Z,8202,g98e5,1.949
2026-09-17T12:49Z,8202,gB,1.749
2026-09-17T12:49Z,8221,g95e5,1.959
2026-09-17T12:49Z,8221,gA,1.959
2026-09-17T12:49Z,8223,gA,1.899
2026-09-17T12:49Z,8226,g95e5,1.988
2026-09-17T12:49Z,8226,gA,1.949
2026-09-17T12:49Z,8226,g98e5,2.148
2026-09-17T12:49Z,8226,gB,1.819
2026-09-17T12:49Z,8231,g95e5,1.969
2026-09-17T12:49Z,8231,gA,1.949
2026-09-17T12:49Z,8231,gP,1.989
2026-09-17T12:49Z,8231,g98e5,2.099
2026-09-17T12:49Z,8251,gA,2.089
2026-09-17T12:49Z,8254,g95e5,2.029
2026-09-17T12:49Z,8254,gA,2.049
2026-09-17T12:49Z,8254,gP,2.139
2026-09-17T12:49Z,8254,g98e5,2.219
2026-09-17T12:49Z,8266,g95e5,1.989
2026-09-17T12:49Z,8266,g95e5p,2.059
2026-09-17T12:49Z,8274,gA,2.025
2026-09-17T12:49Z,8276,gA,1.969
2026-09-17T12:49Z,8276,gP,2.059
2026-09-17T12:49Z,8276,g98e5,2.109
2026-09-17T12:49Z,8281,g95e5,1.749
2026-09-17T12:49Z,8288,g95e5,1.874
2026-09-17T12:49Z,8288,g98e5,1.984
2026-09-17T12:49Z,8292,g95e5,2.049
2026-09-17T12:49Z,8292,gA,2.035
2026-09-17T12:49Z,8292,gP,2.105
2026-09-17T12:49Z,8292,g98e5,2.159
2026-09-17T12:49Z,8294,g95e5,2.044
2026-09-17T12:49Z,8294,gA,2.014
2026-09-17T12:49Z,8294,gP,2.064
2026-09-17T12:49Z,8294,g98e5,2.199
2026-09-17T12:49Z,8300,gA,1.979
2026-09-17T12:49Z,8300,gP,2.069
2026-09-17T12:49Z,8302,g95e5,1.888
2026-09-17T12:49Z,8302,gA,1.868
2026-09-17T12:49Z,8302,gP,1.868
2026-09-17T12:49Z,8302,g95e10,1.888
2026-09-17T12:49Z,8304,g95e5,2.034
2026-09-17T12:49Z,8304,gA,1.974
2026-09-17T12:49Z,8304,gP,2.064
2026-09-17T12:49Z,8304,g98e5,2.154
2026-09-17T12:49Z,8305,g95e5,2.034
2026-09-17T12:49Z,8305,gA,1.979
2026-09-17T12:49Z,8305,gP,2.069
2026-09-17T12:49Z,8305,g98e5,2.154
2026-09-17T12:49Z,8306,g95e5,2.009
2026-09-17T12:49Z,8306,gA,2.015
2026-09-17T12:49Z,8306,gP,2.125
2026-09-17T12:49Z,8306,g98e5,2.169
2026-09-17T12:49Z,8313,g95e5,2.004
2026-09-17T12:49Z,8313,gA,1.969
2026-09-17T12:49Z,8313,gP,2.049
2026-09-17T12:49Z,8313,g98e5,2.144
2026-09-17T12:49Z,8314,g95e5,1.969
2026-09-17T12:49Z,8314,gA,1.929
2026-09-17T12:49Z,8314,gP,1.979
2026-09-17T12:49Z,8314,g95e5p,2.019
2026-09-17T12:49Z,8316,gA,1.949
2026-09-17T12:49Z,8316,gP,1.989
2026-09-17T12:49Z,8317,gA,1.949
2026-09-17T12:49Z,8317,gP,1.989
2026-09-17T12:49Z,8317,g98e5,2.089
2026-09-17T12:49Z,8318,g95e5,1.969
2026-09-17T12:49Z,8318,gA,1.939
2026-09-17T12:49Z,8318,gP,1.979
2026-09-17T12:49Z,8319,g95e5,1.989
2026-09-17T12:49Z,8323,gA,1.939
2026-09-17T12:49Z,8323,gP,2.009
2026-09-17T12:49Z,8326,g95e5,1.549
2026-09-17T12:49Z,8326,g98e5,1.679
2026-09-17T12:49Z,8337,g95e5,1.864
2026-09-17T12:49Z,8337,gA,1.794
2026-09-17T12:49Z,8337,gP,1.829
2026-09-17T12:49Z,8337,g98e5,1.899
2026-09-17T12:49Z,8340,gA,1.799
2026-09-17T12:49Z,8340,gP,1.829
2026-09-17T12:49Z,8346,g95e5,1.999
2026-09-17T12:49Z,8346,gA,1.939
2026-09-17T12:49Z,8346,gP,2.029
2026-09-17T12:49Z,8346,g98e5,2.139
2026-09-17T12:49Z,8347,g95e5,1.999
2026-09-17T12:49Z,8347,gA,1.939
2026-09-17T12:49Z,8347,gP,2.029
2026-09-17T12:49Z,8347,g98e5,2.139
2026-09-17T12:49Z,8348,g95e5,1.929
2026-09-17T12:49Z,8348,gA,1.899
2026-09-17T12:49Z,8348,gP,1.989
2026-09-17T12:49Z,8348,g98e5,2.109
2026-09-17T12:49Z,8350,g95e5,1.899
2026-09-17T12:49Z,8350,g98e5,2.179
2026-09-17T12:49Z,8356,g95e5,1.939
2026-09-17T12:49Z,8356,gA,1.869
2026-09-17T12:49Z,8356,gP,1.969
2026-09-17T12:49Z,8356,g98e5,2.039
2026-09-17T12:49Z,8361,g95e5,1.769
2026-09-17T12:49Z,8361,gA,1.839
2026-09-17T12:49Z,8361,gP,1.879
2026-09-17T12:49Z,8362,g95e5,1.949
2026-09-17T12:49Z,8362,gA,1.919
2026-09-17T12:49Z,8362,gP,1.999
2026-09-17T12:49Z,8362,g98e5,2.089
2026-09-17T12:49Z,8365,g95e5,2.049
2026-09-17T12:49Z,8365,gA,1.969
2026-09-17T12:49Z,8365,gP,2.049
2026-09-17T12:49Z,8365,g98e5,2.179
2026-09-17T12:49Z,8369,g95e5,1.939
2026-09-17T12:49Z,8369,gA,1.939
2026-09-17T12:49Z,8369,g98e5,2.099
2026-09-17T12:49Z,8369,gB,1.899
2026-09-17T12:49Z,8372,gA,2.049
2026-09-17T12:49Z,8372,gP,2.149
2026-09-17T12:49Z,8373,g95e5,1.985
2026-09-17T12:49Z,8373,gA,2.045
2026-09-17T12:49Z,8374,gA,2.009
2026-09-17T12:49Z,8374,gP,2.089
2026-09-17T12:49Z,8379,g95e5,1.999
2026-09-17T12:49Z,8379,gA,1.939
2026-09-17T12:49Z,8379,gP,2.019
2026-09-17T12:49Z,8379,g98e5,2.139
2026-09-17T12:49Z,8382,g95e5,2.014
2026-09-17T12:49Z,8382,gA,1.974
2026-09-17T12:49Z,8382,gP,2.054
2026-09-17T12:49Z,8382,g98e5,2.154
2026-09-17T12:49Z,8383,g95e5,2.014
2026-09-17T12:49Z,8383,gA,1.974
2026-09-17T12:49Z,8383,gP,2.054
2026-09-17T12:49Z,8383,g98e5,2.154
2026-09-17T12:49Z,8393,g95e5,1.959
2026-09-17T12:49Z,8393,gA,1.929
2026-09-17T12:49Z,8393,gP,2.009
2026-09-17T12:49Z,8393,g98e5,2.099
2026-09-17T12:49Z,8394,g95e5,1.869
2026-09-17T12:49Z,8394,gA,1.859
2026-09-17T12:49Z,8394,gP,1.939
2026-09-17T12:49Z,8394,g98e5,2.009
2026-09-17T12:49Z,8395,gA,1.874
2026-09-17T12:49Z,8395,gP,1.954
2026-09-17T12:49Z,8397,gA,1.989
2026-09-17T12:49Z,8397,gP,2.069
2026-09-17T12:49Z,8402,g95e5,1.949
2026-09-17T12:49Z,8402,gA,1.929
2026-09-17T12:49Z,8402,gP,2.009
2026-09-17T12:49Z,8402,g98e5,2.089
2026-09-17T12:49Z,8403,g95e5,2.059
2026-09-17T12:49Z,8403,gA,1.999
2026-09-17T12:49Z,8403,gP,2.069
2026-09-17T12:49Z,8403,g98e5,2.179
2026-09-17T12:49Z,8405,g95e5,2.059
2026-09-17T12:49Z,8405,gA,1.999
2026-09-17T12:49Z,8405,gP,2.069
2026-09-17T12:49Z,8408,gA,1.998
2026-09-17T12:49Z,8411,g95e5,1.949
2026-09-17T12:49Z,8411,gA,1.899
2026-09-17T12:49Z,8411,gP,1.989
2026-09-17T12:49Z,8413,gA,1.859
2026-09-17T12:49Z,8413,gP,1.939
2026-09-17T12:49Z,8420,g95e5,1.799
2026-09-17T12:49Z,8420,gA,1.799
2026-09-17T12:49Z,8427,g95e5,1.969
2026-09-17T12:49Z,8427,gA,1.929
2026-09-17T12:49Z,8427,gP,2.009
2026-09-17T12:49Z,8427,g98e5,2.109
2026-09-17T12:49Z,8435,g95e5,1.969
2026-09-17T12:49Z,8435,gA,1.959
2026-09-17T12:49Z,8435,gP,2.039
2026-09-17T12:49Z,8435,g98e5,2.109
2026-09-17T12:49Z,8440,g95e5,1.859
2026-09-17T12:49Z,8440,gA,1.849
2026-09-17T12:49Z,8440,gP,1.949
2026-09-17T12:49Z,8440,g98e5,2.059
2026-09-17T12:49Z,8441,g95e5,1.894
2026-09-17T12:49Z,8441,gA,1.849
2026-09-17T12:49Z,8441,gP,1.929
2026-09-17T12:49Z,8441,g98e5,2.034
2026-09-17T12:49Z,8442,g95e5,1.949
2026-09-17T12:49Z,8442,gA,1.959
2026-09-17T12:49Z,8442,gP,2.039
2026-09-17T12:49Z,8442,g98e5,2.089
2026-09-17T12:49Z,8445,g95e5,1.879
2026-09-17T12:49Z,8445,gA,1.859
2026-09-17T12:49Z,8445,gP,1.959
2026-09-17T12:49Z,8456,g95e5,1.959
2026-09-17T12:49Z,8456,gA,1.929
2026-09-17T12:49Z,8456,gP,2.009
2026-09-17T12:49Z,8456,g98e5,2.099
2026-09-17T12:49Z,8458,g95e5,1.989
2026-09-17T12:49Z,8458,gA,1.999
2026-09-17T12:49Z,8458,gP,2.079
2026-09-17T12:49Z,8458,g98e5,2.129
2026-09-17T12:49Z,8461,g95e5,1.999
2026-09-17T12:49Z,8461,gA,1.989
2026-09-17T12:49Z,8461,gP,2.069
2026-09-17T12:49Z,8461,g98e5,2.139
2026-09-17T12:49Z,8464,g95e5,1.999
2026-09-17T12:49Z,8464,gA,1.989
2026-09-17T12:49Z,8464,gP,2.069
2026-09-17T12:49Z,8464,g98e5,2.139
2026-09-17T12:49Z,8466,g95e5,2.029
2026-09-17T12:49Z,8466,gA,2.029
2026-09-17T12:49Z,8466,gP,2.109
2026-09-17T12:49Z,8466,g98e5,2.169
2026-09-17T12:49Z,8467,g95e5,1.964
2026-09-17T12:49Z,8467,g98e5,2.104
2026-09-17T12:49Z,8468,g95e5,2.039
2026-09-17T12:49Z,8468,gA,2.019
2026-09-17T12:49Z,8468,gP,2.099
2026-09-17T12:49Z,8468,g98e5,2.179
2026-09-17T12:49Z,8469,g95e5,2.049
2026-09-17T12:49Z,8469,gA,2.029
2026-09-17T12:49Z,8469,gP,2.109
2026-09-17T12:49Z,8469,g98e5,2.189
2026-09-17T12:49Z,8475,g95e5,1.939
2026-09-17T12:49Z,8475,gA,1.879
2026-09-17T12:49Z,8475,gP,1.959
2026-09-17T12:49Z,8475,g98e5,2.079
2026-09-17T12:49Z,8485,g95e5,1.839
2026-09-17T12:49Z,8485,gA,1.819
2026-09-17T12:49Z,8485,gP,1.919
2026-09-17T12:49Z,8485,g98e5,2.039
2026-09-17T12:49Z,8489,g95e5,2.029
2026-09-17T12:49Z,8489,gA,1.999
2026-09-17T12:49Z,8489,gP,2.079
2026-09-17T12:49Z,8516,g95e5,1.929
2026-09-17T12:49Z,8516,gA,1.909
2026-09-17T12:49Z,8516,gP,1.989
2026-09-17T12:49Z,8516,g98e5,2.069
2026-09-17T12:49Z,8517,g95e5,1.817
2026-09-17T12:49Z,8517,gA,1.817
2026-09-17T12:49Z,8517,gP,1.837
2026-09-17T12:49Z,8517,g95e5p,1.837
2026-09-17T12:49Z,8519,g95e5,1.929
2026-09-17T12:49Z,8519,gA,1.969
2026-09-17T12:49Z,8519,gP,2.049
2026-09-17T12:49Z,8519,g98e5,2.069
2026-09-17T12:49Z,8526,g95e5,1.899
2026-09-17T12:49Z,8526,gA,1.879
2026-09-17T12:49Z,8526,gP,1.959
2026-09-17T12:49Z,8526,g98e5,2.039
2026-09-17T12:49Z,8529,g95e5,1.889
2026-09-17T12:49Z,8529,gA,1.849
2026-09-17T12:49Z,8529,gP,1.929
2026-09-17T12:49Z,8529,g98e5,2.029
2026-09-17T12:49Z,8530,gA,1.859
2026-09-17T12:49Z,8530,gP,1.939
2026-09-17T12:49Z,8530,gB,1.799
2026-09-17T12:49Z,8532,g95e5,1.849
2026-09-17T12:49Z,8532,gA,1.824
2026-09-17T12:49Z,8532,gP,1.924
2026-09-17T12:49Z,8532,g98e5,2.049
2026-09-17T12:49Z,8533,g95e5,1.939
2026-09-17T12:49Z,8533,gA,1.869
2026-09-17T12:49Z,8533,gP,1.949
2026-09-17T12:49Z,8533,g98e5,2.079
2026-09-17T12:49Z,8534,g95e5,2.029
2026-09-17T12:49Z,8534,gA,1.989
2026-09-17T12:49Z,8534,gP,2.039
2026-09-17T12:49Z,8534,g98e5,2.139
2026-09-17T12:49Z,8535,gA,1.859
2026-09-17T12:49Z,8535,gP,1.939
2026-09-17T12:49Z,8539,gA,1.887
2026-09-17T12:49Z,8541,g95e5,2.049
2026-09-17T12:49Z,8541,gA,2.009
2026-09-17T12:49Z,8541,gP,2.089
2026-09-17T12:49Z,8541,g98e5,2.189
2026-09-17T12:49Z,8549,gA,1.869
2026-09-17T12:49Z,8549,gP,1.949
2026-09-17T12:49Z,8551,g95e5,1.949
2026-09-17T12:49Z,8551,gA,1.869
2026-09-17T12:49Z,8551,gP,1.949
2026-09-17T12:49Z,8551,g98e5,2.089
2026-09-17T12:49Z,8554,g95e5,2.039
2026-09-17T12:49Z,8554,gA,2.004
2026-09-17T12:49Z,8554,gP,2.084
2026-09-17T12:49Z,8554,g98e5,2.179
2026-09-17T12:49Z,8556,g95e5,1.999
2026-09-17T12:49Z,8556,gA,1.959
2026-09-17T12:49Z,8556,gP,2.039
2026-09-17T12:49Z,8556,g98e5,2.139
2026-09-17T12:49Z,8564,g95e5,1.839
2026-09-17T12:49Z,8564,gA,1.819
2026-09-17T12:49Z,8564,gP,1.919
2026-09-17T12:49Z,8564,g98e5,2.039
2026-09-17T12:49Z,8565,g95e5,1.989
2026-09-17T12:49Z,8565,gA,1.989
2026-09-17T12:49Z,8565,gP,2.069
2026-09-17T12:49Z,8565,g98e5,2.129
2026-09-17T12:49Z,8568,g95e5,1.979
2026-09-17T12:49Z,8568,gA,1.969
2026-09-17T12:49Z,8568,gP,2.049
2026-09-17T12:49Z,8568,g98e5,2.119
2026-09-17T12:49Z,8578,g95e5,1.999
2026-09-17T12:49Z,8578,gA,1.989
2026-09-17T12:49Z,8578,gP,2.069
2026-09-17T12:49Z,8578,g98e5,2.139
2026-09-17T12:49Z,8711,g95e5,1.519
2026-09-17T12:49Z,8711,gA,1.659
2026-09-17T12:49Z,8711,gP,1.739
2026-09-17T12:49Z,8711,g98e5,1.649
2026-09-17T12:49Z,8717,g95e5,1.549
2026-09-17T12:49Z,8717,gA,1.669
2026-09-17T12:49Z,8717,g98e5,1.649
2026-09-17T12:49Z,8718,gA,1.639
2026-09-17T12:49Z,8718,gP,1.759
2026-09-17T12:49Z,8722,gA,1.563
2026-09-17T12:49Z,8726,g95e5,1.499
2026-09-17T12:49Z,8726,gA,1.649
2026-09-17T12:49Z,8726,gP,1.759
2026-09-17T12:49Z,8726,g98e5,1.629
2026-09-17T12:49Z,8728,gA,1.649
2026-09-17T12:49Z,8729,gA,1.649
2026-09-17T12:49Z,8729,gP,1.779
2026-09-17T12:49Z,8732,g95e5,1.509
2026-09-17T12:49Z,8732,gA,1.659
2026-09-17T12:49Z,8732,gP,1.769
2026-09-17T12:49Z,8732,g98e5,1.639
2026-09-17T12:49Z,8733,gA,1.669
2026-09-17T12:49Z,8733,gP,1.789
2026-09-17T12:49Z,8734,gA,1.639
2026-09-17T12:49Z,8734,gP,1.759
2026-09-17T12:49Z,8738,g95e5,1.529
2026-09-17T12:49Z,8738,gP,1.739
2026-09-17T12:49Z,8738,g98e5,1.659
2026-09-17T12:49Z,8739,g95e5,1.504
2026-09-17T12:49Z,8739,gA,1.634
2026-09-17T12:49Z,8739,gP,1.714
2026-09-17T12:49Z,8739,g98e5,1.634
2026-09-17T12:49Z,8740,gA,1.646
2026-09-17T12:49Z,8740,gP,1.669
2026-09-17T12:49Z,8743,g95e5,1.548
2026-09-17T12:49Z,8743,gA,1.678
2026-09-17T12:49Z,8743,gP,1.798
2026-09-17T12:49Z,8749,g95e5,1.549
2026-09-17T12:49Z,8749,gA,1.669
2026-09-17T12:49Z,8749,gP,1.769
2026-09-17T12:49Z,8749,g98e5,1.669
2026-09-17T12:49Z,8753,g95e5,1.549
2026-09-17T12:49Z,8753,gA,1.679
2026-09-17T12:49Z,8753,gP,1.799
2026-09-17T12:49Z,8753,g98e5,1.669
2026-09-17T12:49Z,8755,g95e5,1.659
2026-09-17T12:49Z,8755,gA,1.809
2026-09-17T12:49Z,8755,gP,1.879
2026-09-17T12:49Z,8755,g98e5,1.755
2026-09-17T12:49Z,8757,g95e5,1.549
2026-09-17T12:49Z,8757,gA,1.679
2026-09-17T12:49Z,8757,gP,1.799
2026-09-17T12:49Z,8757,g98e5,1.669
2026-09-17T12:49Z,8758,g95e5,1.549
2026-09-17T12:49Z,8758,gA,1.699
2026-09-17T12:49Z,8758,gP,1.799
2026-09-17T12:49Z,8758,g98e5,1.679
2026-09-17T12:49Z,8759,gA,1.599
2026-09-17T12:49Z,8759,gP,1.699
2026-09-17T12:49Z,8760,g95e5,1.559
2026-09-17T12:49Z,8760,gA,1.689
2026-09-17T12:49Z,8760,g98e5,1.689
2026-09-17T12:49Z,8761,gA,1.699
2026-09-17T12:49Z,8761,gP,1.799
2026-09-17T12:49Z,8761,g98e5,1.679
2026-09-17T12:49Z,8762,g95e5,1.569
2026-09-17T12:49Z,8762,gA,1.669
2026-09-17T12:49Z,8762,gP,1.769
2026-09-17T12:49Z,8762,g98e5,1.669
2026-09-17T12:49Z,8767,gA,1.629
2026-09-17T12:49Z,8767,gP,1.739
2026-09-17T12:49Z,8768,g95e5,1.539
2026-09-17T12:49Z,8768,gA,1.685
2026-09-17T12:49Z,8768,gP,1.795
2026-09-17T12:49Z,8768,g98e5,1.639
2026-09-17T12:49Z,8770,g95e5,1.519
2026-09-17T12:49Z,8770,gA,1.659
2026-09-17T12:49Z,8770,gP,1.739
2026-09-17T12:49Z,8770,g98e5,1.649
2026-09-17T12:49Z,8772,g95e5,1.539
2026-09-17T12:49Z,8775,gA,1.649
2026-09-17T12:49Z,8775,gP,1.759
2026-09-17T12:49Z,8776,g95e5,1.525
2026-09-17T12:49Z,8776,gA,1.679
2026-09-17T12:49Z,8776,g98e5,1.619
2026-09-17T12:49Z,8777,g95e5,1.809
2026-09-17T12:49Z,8777,gA,1.789
2026-09-17T12:49Z,8777,gP,1.809
2026-09-17T12:49Z,8788,gA,1.939
2026-09-17T12:49Z,8788,gP,2.019
2026-09-17T12:49Z,8790,g95e5,1.868
2026-09-17T12:49Z,8790,gA,1.868
2026-09-17T12:49Z,8793,g95e5,1.939
2026-09-17T12:49Z,8793,gA,1.999
2026-09-17T12:49Z,8793,gP,2.079
2026-09-17T12:49Z,8793,gB,1.619
2026-09-17T12:49Z,8891,gA,1.799
2026-09-17T12:49Z,8892,g95e5,1.809
2026-09-17T12:49Z,8892,gA,1.789
2026-09-17T12:49Z,8892,gP,1.809
2026-09-17T12:49Z,8892,g95e5p,1.829
2026-09-17T12:49Z,8899,gB,1.540
2026-09-17T12:49Z,8903,g95e5,1.839
2026-09-17T12:49Z,8903,gA,1.829
2026-09-17T12:49Z,8905,g95e5,2.039
2026-09-17T12:49Z,8905,gA,2.049
2026-09-17T12:49Z,8905,gP,2.149
2026-09-17T12:49Z,8905,g98e5,2.159
2026-09-17T12:49Z,8922,g95e5,1.789
2026-09-17T12:49Z,8922,gA,1.779
2026-09-17T12:49Z,8922,gP,1.809
2026-09-17T12:49Z,8922,gB,1.550
2026-09-17T12:49Z,8928,gP,1.869
2026-09-17T12:49Z,8955,gP,1.798
2026-09-17T12:49Z,8955,g95e5p,1.806
2026-09-17T12:49Z,8955,gB,1.623
2026-09-17T12:49Z,8959,gA,1.979
2026-09-17T12:49Z,8969,g95e5,1.817
2026-09-17T12:49Z,8969,gA,1.887
2026-09-17T12:49Z,8969,gP,1.987
2026-09-17T12:49Z,8969,g98e5,1.917
2026-09-17T12:49Z,8975,g95e5,2.019
2026-09-17T12:49Z,8975,gA,1.979
2026-09-17T12:49Z,8975,gP,2.059
2026-09-17T12:49Z,8975,g98e5,2.159
2026-09-17T12:49Z,8976,gA,2.029
2026-09-17T12:49Z,8976,gP,2.119
2026-09-17T12:49Z,8984,g95e5,1.943
2026-09-17T12:49Z,8984,gA,1.923
2026-09-17T12:49Z,8985,g95e5,1.758
2026-09-17T12:49Z,8985,gA,1.791
2026-09-17T12:49Z,8985,gP,1.823
2026-09-17T12:49Z,8985,gB,1.512
2026-09-17T12:49Z,8988,g95e5,2.049
2026-09-17T12:49Z,8988,gA,1.999
2026-09-17T12:49Z,8988,gP,2.049
2026-09-17T12:49Z,8988,g98e5,2.209
2026-09-17T12:49Z,9016,gA,1.770
2026-09-17T12:49Z,9025,g95e5,1.869
2026-09-17T12:49Z,9025,gA,1.859
2026-09-17T12:49Z,9028,g95e5,1.830
2026-09-17T12:49Z,9028,gA,1.830
2026-09-17T12:49Z,9028,gB,1.510
2026-09-17T12:49Z,9031,g95e5,1.949
2026-09-17T12:49Z,9031,gA,1.999
2026-09-17T12:49Z,9036,g95e5,1.819
2026-09-17T12:49Z,9036,gA,1.859
2026-09-17T12:49Z,9036,gB,1.524
2026-09-17T12:49Z,9039,g95e5,1.999
2026-09-17T12:49Z,9039,gA,1.999
2026-09-17T12:49Z,9041,g95e5,2.009
2026-09-17T12:49Z,9041,gA,2.029
2026-09-17T12:49Z,9041,g98e5,2.099
2026-09-17T12:49Z,9044,gA,1.899
2026-09-17T12:49Z,9063,g95e5,1.859
2026-09-17T12:49Z,9063,gA,1.829
2026-09-17T12:49Z,9064,g95e5,1.859
2026-09-17T12:49Z,9064,gA,1.829
2026-09-17T12:49Z,9069,g95e5,2.015
2026-09-17T12:49Z,9069,gA,2.055
2026-09-17T12:49Z,9069,g98e5,2.115
2026-09-17T12:49Z,9089,g98e5,1.999
2026-09-17T12:49Z,9096,gA,1.899
2026-09-17T12:49Z,9101,g95e5,1.793
2026-09-17T12:49Z,9101,gP,1.803
2026-09-17T12:49Z,9102,g95e5,2.009
2026-09-17T12:49Z,9102,gA,1.984
2026-09-17T12:49Z,9102,gP,2.034
2026-09-17T12:49Z,9102,g95e5p,2.059
2026-09-17T12:49Z,9117,gA,1.929
2026-09-17T12:49Z,9117,gP,2.009
2026-09-17T12:49Z,9118,gA,1.929
2026-09-17T12:49Z,9118,gP,2.009
2026-09-17T12:49Z,9124,gA,1.789
2026-09-17T12:49Z,9124,gP,1.829
2026-09-17T12:49Z,9131,g95e5,1.829
2026-09-17T12:49Z,9131,gA,1.827
2026-09-17T12:49Z,9131,gP,1.839
2026-09-17T12:49Z,9139,gA,1.810
2026-09-17T12:49Z,9139,gB,1.472
2026-09-17T12:49Z,9151,gA,1.639
2026-09-17T12:49Z,9158,g95e5,1.979
2026-09-17T12:49Z,9158,gA,1.969
2026-09-17T12:49Z,9160,g95e5,1.954
2026-09-17T12:49Z,9160,gA,1.959
2026-09-17T12:49Z,9160,gP,2.009
2026-09-17T12:49Z,9160,g98e5,2.109
2026-09-17T12:49Z,9162,gA,1.939
2026-09-17T12:49Z,9163,g95e5,1.899
2026-09-17T12:49Z,9163,gA,1.889
2026-09-17T12:49Z,9163,gP,1.899
2026-09-17T12:49Z,9187,gA,1.979
2026-09-17T12:49Z,9187,gP,2.089
2026-09-17T12:49Z,9191,gP,2.027
2026-09-17T12:49Z,9191,g98e5,2.118
2026-09-17T12:49Z,9191,gB,1.873
2026-09-17T12:49Z,9193,g95e5,1.859
2026-09-17T12:49Z,9193,gA,1.919
2026-09-17T12:49Z,9193,g98e5,1.999
2026-09-17T12:49Z,9196,g95e5,1.979
2026-09-17T12:49Z,9196,gA,1.979
2026-09-17T12:49Z,9196,gP,2.039
2026-09-17T12:49Z,9196,gB,1.650
2026-09-17T12:49Z,9215,gA,1.955
2026-09-17T12:49Z,9231,gA,1.799
2026-09-17T12:49Z,9235,g95e5,2.019
2026-09-17T12:49Z,9235,gA,1.959
2026-09-17T12:49Z,9239,gA,1.919
2026-09-17T12:49Z,9253,g95e5,2.029
2026-09-17T12:49Z,9253,gA,2.015
2026-09-17T12:49Z,9253,g98e5,2.179
2026-09-17T12:49Z,9260,g95e5,1.989
2026-09-17T12:49Z,9260,gA,1.969
2026-09-17T12:49Z,9260,gP,2.069
2026-09-17T12:49Z,9260,g98e5,2.109
2026-09-17T12:49Z,9276,gA,2.025
2026-09-17T12:49Z,9276,gP,2.125
2026-09-17T12:49Z,9276,g98e5,2.229
2026-09-17T12:49Z,9277,g95e5,1.919
2026-09-17T12:49Z,9277,gA,1.949
2026-09-17T12:49Z,9277,gP,1.979
2026-09-17T12:49Z,9290,gA,1.618
2026-09-17T12:49Z,9290,g98e5,1.548
2026-09-17T12:49Z,9295,gB,1.690
2026-09-17T12:49Z,9300,g95e5,1.989
2026-09-17T12:49Z,9300,gA,2.009
2026-09-17T12:49Z,9300,gP,2.089
2026-09-17T12:49Z,9302,g95e5,2.039
2026-09-17T12:49Z,9302,gA,1.989
2026-09-17T12:49Z,9302,gP,2.084
2026-09-17T12:49Z,9302,g95e5p,2.089
2026-09-17T12:49Z,9303,g95e5,2.059
2026-09-17T12:49Z,9303,gA,2.029
2026-09-17T12:49Z,9303,gP,2.104
2026-09-17T12:49Z,9303,g95e5p,2.109
2026-09-17T12:49Z,9329,g95e5,1.699
2026-09-17T12:49Z,9347,g95e5,2.019
2026-09-17T12:49Z,9347,gA,1.994
2026-09-17T12:49Z,9347,gP,2.044
2026-09-17T12:49Z,9347,g95e5p,2.069
2026-09-17T12:49Z,9356,gA,1.859
2026-09-17T12:49Z,9357,glp,0.975
2026-09-17T12:49Z,9371,gA,2.009
2026-09-17T12:49Z,9371,gP,2.109
2026-09-17T12:49Z,9377,gA,1.819
2026-09-17T12:49Z,9377,gP,1.919
2026-09-17T12:49Z,9383,gP,2.159
2026-09-17T12:49Z,9384,gA,1.849
2026-09-17T12:49Z,9389,gA,1.979
2026-09-17T12:49Z,9389,gB,1.759
2026-09-17T12:49Z,9393,g95e5,1.709
2026-09-17T12:49Z,9393,gA,1.729
2026-09-17T12:49Z,9393,gB,1.529
2026-09-17T12:49Z,9403,gA,1.924
2026-09-17T12:49Z,9403,gP,1.974
2026-09-17T12:49Z,9426,gA,2.009
2026-09-17T12:49Z,9426,gP,2.089
2026-09-17T12:49Z,9428,g95e5,1.979
2026-09-17T12:49Z,9428,gA,1.979
2026-09-17T12:49Z,9428,gP,2.039
2026-09-17T12:49Z,9428,g98e5,2.099
2026-09-17T12:49Z,9430,gA,1.885
2026-09-17T12:49Z,9431,gA,1.885
2026-09-17T12:49Z,9431,gB,1.709
2026-09-17T12:49Z,9432,g95e5,1.965
2026-09-17T12:49Z,9432,gA,2.009
2026-09-17T12:49Z,9432,gP,2.109
2026-09-17T12:49Z,9432,g98e5,2.085
2026-09-17T12:49Z,9432,gB,1.769
2026-09-17T12:49Z,9439,g95e5,1.859
2026-09-17T12:49Z,9439,gA,1.859
2026-09-17T12:49Z,9439,gB,1.625
2026-09-17T12:49Z,9445,g95e5,1.949
2026-09-17T12:49Z,9445,gA,1.939
2026-09-17T12:49Z,9445,gP,2.039
2026-09-17T12:49Z,9445,g98e5,2.049
2026-09-17T12:49Z,9453,g95e5,1.939
2026-09-17T12:49Z,9453,gA,1.945
2026-09-17T12:49Z,9453,gP,2.066
2026-09-17T12:49Z,9453,g98e5,2.269
2026-09-17T12:49Z,9459,g95e5,1.879
2026-09-17T12:49Z,9459,gA,1.879
2026-09-17T12:49Z,9459,gP,1.929
2026-09-17T12:49Z,9459,g98e5,1.879
2026-09-17T12:49Z,9459,gB,1.679
2026-09-17T12:49Z,9467,g95e5,2.019
2026-09-17T12:49Z,9467,gA,1.999
2026-09-17T12:49Z,9467,gP,2.079
2026-09-17T12:49Z,9467,g98e5,2.159
2026-09-17T12:49Z,9476,g95e5,1.849
2026-09-17T12:49Z,9476,gA,1.864
2026-09-17T12:49Z,9479,g95e5,1.999
2026-09-17T12:49Z,9479,gA,1.965
2026-09-17T12:49Z,9479,gP,2.055
2026-09-17T12:49Z,9479,g98e5,2.139
2026-09-17T12:49Z,9481,gA,1.989
2026-09-17T12:49Z,9481,gP,2.049
2026-09-17T12:49Z,9482,g95e5,1.869
2026-09-17T12:49Z,9482,gA,1.839
2026-09-17T12:49Z,9482,gP,1.899
2026-09-17T12:49Z,9495,g95e5,2.025
2026-09-17T12:49Z,9495,gA,1.969
2026-09-17T12:49Z,9495,gP,2.059
2026-09-17T12:49Z,9495,g98e5,2.165
2026-09-17T12:49Z,9520,gA,1.959
2026-09-17T12:49Z,9520,gP,2.049
2026-09-17T12:49Z,9531,g95e5,1.949
2026-09-17T12:49Z,9531,gA,1.899
2026-09-17T12:49Z,9531,gP,1.959
2026-09-17T12:49Z,9531,g98e5,2.049
2026-09-17T12:49Z,9554,gA,1.849
2026-09-17T12:49Z,9554,gP,1.949
2026-09-17T12:49Z,9565,g95e5,1.849
2026-09-17T12:49Z,9565,gA,1.839
2026-09-17T12:49Z,9565,gP,1.879
2026-09-17T12:49Z,9565,g98e5,1.949
2026-09-17T12:49Z,9575,g95e5,1.969
2026-09-17T12:49Z,9575,gA,1.969
2026-09-17T12:49Z,9575,gP,2.049
2026-09-17T12:49Z,9575,gB,1.679
2026-09-17T12:49Z,9579,g95e5,1.989
2026-09-17T12:49Z,9579,gA,1.979
2026-09-17T12:49Z,9582,g95e5,1.865
2026-09-17T12:49Z,9582,gA,1.886
2026-09-17T12:49Z,9582,gB,1.657
2026-09-17T12:49Z,9601,g95e5,1.819
2026-09-17T12:49Z,9601,gA,1.789
2026-09-17T12:49Z,9601,gP,1.829
2026-09-17T12:49Z,9601,g98e5,1.899
2026-09-17T12:49Z,9604,gA,1.870
2026-09-17T12:49Z,9611,g95e5,1.989
2026-09-17T12:49Z,9611,gA,1.979
2026-09-17T12:49Z,9611,gP,2.059
2026-09-17T12:49Z,9611,g98e5,2.129
2026-09-17T12:49Z,9614,g95e5,1.545
2026-09-17T12:49Z,9614,gA,1.659
2026-09-17T12:49Z,9614,gP,1.739
2026-09-17T12:49Z,9622,g95e5,2.009
2026-09-17T12:49Z,9622,gA,2.019
2026-09-17T12:49Z,9622,gP,2.084
2026-09-17T12:49Z,9622,g95e5p,2.049
2026-09-17T12:49Z,9642,gA,1.896
2026-09-17T12:49Z,9649,g95e5,2.039
2026-09-17T12:49Z,9649,g98e5,2.189
2026-09-17T12:49Z,9665,g95e5,1.999
2026-09-17T12:49Z,9665,gA,1.999
2026-09-17T12:49Z,9665,gP,2.039
2026-09-17T12:49Z,9665,g98e5,2.099
2026-09-17T12:49Z,9665,gB,1.839
2026-09-17T12:49Z,9669,gA,2.096
2026-09-17T12:49Z,9670,g95e5,1.989
2026-09-17T12:49Z,9671,g95e5,1.955
2026-09-17T12:49Z,9671,gA,1.975
2026-09-17T12:49Z,9671,gP,2.095
2026-09-17T12:49Z,9671,g98e5,2.291
2026-09-17T12:49Z,9676,gA,1.985
2026-09-17T12:49Z,9676,gB,1.835
2026-09-17T12:49Z,9685,gA,1.738
2026-09-17T12:49Z,9694,g95e5,1.968
2026-09-17T12:49Z,9694,gA,1.978
2026-09-17T12:49Z,9694,g98e5,2.078
2026-09-17T12:49Z,9708,gA,2.005
2026-09-17T12:49Z,9714,g95e5,1.809
2026-09-17T12:49Z,9714,gA,1.809
2026-09-17T12:49Z,9717,g95e5,2.049
2026-09-17T12:49Z,9717,gA,1.989
2026-09-17T12:49Z,9717,gP,2.089
2026-09-17T12:49Z,9717,g98e5,2.179
2026-09-17T12:49Z,9717,gB,1.859
2026-09-17T12:49Z,9738,g95e5,1.837
2026-09-17T12:49Z,9738,gA,1.839
2026-09-17T12:49Z,9738,gP,1.889
2026-09-17T12:49Z,9738,gB,1.583
2026-09-17T12:49Z,9740,g95e5,1.837
2026-09-17T12:49Z,9740,gA,1.839
2026-09-17T12:49Z,9740,gP,1.889
2026-09-17T12:49Z,9740,gB,1.583
2026-09-17T12:49Z,9741,g95e5,1.549
2026-09-17T12:49Z,9741,gA,1.679
2026-09-17T12:49Z,9741,gP,1.799
2026-09-17T12:49Z,9741,g98e5,1.669
2026-09-17T12:49Z,9742,g95e5,1.837
2026-09-17T12:49Z,9742,gA,1.839
2026-09-17T12:49Z,9742,gP,1.889
2026-09-17T12:49Z,9742,gB,1.583
2026-09-17T12:49Z,9744,g95e5,1.954
2026-09-17T12:49Z,9744,gA,1.929
2026-09-17T12:49Z,9744,g98e5,2.094
2026-09-17T12:49Z,9754,gA,1.779
2026-09-17T12:49Z,9754,gB,1.499
2026-09-17T12:49Z,9759,g95e5,2.049
2026-09-17T12:49Z,9759,gA,2.029
2026-09-17T12:49Z,9759,gP,2.099
2026-09-17T12:49Z,9764,g95e5,2.049
2026-09-17T12:49Z,9764,gA,2.029
2026-09-17T12:49Z,9764,gP,2.099
2026-09-17T12:49Z,9764,g98e5,2.159
2026-09-17T12:49Z,9768,g95e5,2.029
2026-09-17T12:49Z,9768,gA,2.009
2026-09-17T12:49Z,9768,g98e5,2.139
2026-09-17T12:49Z,9788,g95e5,1.837
2026-09-17T12:49Z,9788,gA,1.863
2026-09-17T12:49Z,9788,gB,1.526
2026-09-17T12:49Z,9789,g95e5,2.009
2026-09-17T12:49Z,9789,g95e5p,2.109
2026-09-17T12:49Z,9797,g95e5,1.797
2026-09-17T12:49Z,9797,gA,1.835
2026-09-17T12:49Z,9801,g95e5,2.029
2026-09-17T12:49Z,9801,gA,1.989
2026-09-17T12:49Z,9801,gP,2.089
2026-09-17T12:49Z,9801,g98e5,2.149
2026-09-17T12:49Z,9817,gA,1.999
2026-09-17T12:49Z,9817,gP,2.079
2026-09-17T12:49Z,9830,gA,1.859
2026-09-17T12:49Z,9835,g95e5,2.029
2026-09-17T12:49Z,9835,gA,1.999
2026-09-17T12:49Z,9835,gP,2.059
2026-09-17T12:49Z,9835,g98e5,2.159
2026-09-17T12:49Z,9846,g98e5,1.889
2026-09-17T12:49Z,9848,g95e5,1.954
2026-09-17T12:49Z,9848,gA,1.984
2026-09-17T12:49Z,9848,gP,2.054
2026-09-17T12:49Z,9848,g98e5,2.054
2026-09-17T12:49Z,9856,g95e5,1.989
2026-09-17T12:49Z,9856,gA,1.999
2026-09-17T12:49Z,9856,gP,2.069
2026-09-17T12:49Z,9878,gA,1.789
2026-09-17T12:49Z,9878,gB,1.466
2026-09-17T12:49Z,9881,g95e5,2.019
2026-09-17T12:49Z,9881,gA,2.039
2026-09-17T12:49Z,9881,g98e5,2.159
2026-09-17T12:49Z,9892,g95e5,2.015
2026-09-17T12:49Z,9892,gA,1.979
2026-09-17T12:49Z,9892,gP,2.069
2026-09-17T12:49Z,9892,g98e5,2.148
2026-09-17T12:49Z,9915,gA,1.959
2026-09-17T12:49Z,9915,gP,2.049
2026-09-17T12:49Z,9918,g95e5,1.849
2026-09-17T12:49Z,9918,gA,1.849
2026-09-17T12:49Z,9922,g95e5,1.859
2026-09-17T12:49Z,9922,gA,1.859
2026-09-17T12:49Z,9922,gP,1.889
2026-09-17T12:49Z,9933,g95e5,2.025
2026-09-17T12:49Z,9933,gA,2.005
2026-09-17T12:49Z,9933,gP,2.105
2026-09-17T12:49Z,9933,g98e5,2.135
2026-09-17T12:49Z,9941,g95e5,1.989
2026-09-17T12:49Z,9941,gA,1.989
2026-09-17T12:49Z,9941,gP,2.089
2026-09-17T12:49Z,9941,g98e5,2.089
2026-09-17T12:49Z,9947,g95e5,1.529
2026-09-17T12:49Z,9947,gA,1.669
2026-09-17T12:49Z,9947,g98e5,1.679
2026-09-17T12:49Z,9960,gA,1.829
2026-09-17T12:49Z,9960,gP,1.849
2026-09-17T12:49Z,9961,g95e5,1.519
2026-09-17T12:49Z,9961,gA,1.719
2026-09-17T12:49Z,9961,gP,1.819
2026-09-17T12:49Z,9961,g98e5,1.639
2026-09-17T12:49Z,9964,g95e5,2.038
2026-09-17T12:49Z,9964,gA,2.038
2026-09-17T12:49Z,9964,gP,2.117
2026-09-17T12:49Z,9964,g98e5,2.169
2026-09-17T12:49Z,9966,g95e5,1.482
2026-09-17T12:49Z,9966,gA,1.639
2026-09-17T12:49Z,9966,gP,1.739
2026-09-17T12:49Z,9966,g98e5,1.607
2026-09-17T12:49Z,9972,g95e5,1.817
2026-09-17T12:49Z,9972,gA,1.887
2026-09-17T12:49Z,9993,g95e5,1.929
2026-09-17T12:49Z,9993,gA,1.909
2026-09-17T12:49Z,9993,gP,1.949
2026-09-17T12:49Z,9993,gB,1.759
2026-09-17T12:49Z,10006,g95e5,1.849
2026-09-17T12:49Z,10006,gA,1.859
2026-09-17T12:49Z,10012,gA,1.770
2026-09-17T12:49Z,10012,gB,1.490
2026-09-17T12:49Z,10018,g95e5,1.765
2026-09-17T12:49Z,10018,gA,1.765
2026-09-17T12:49Z,10018,gP,1.805
2026-09-17T12:49Z,10026,gA,1.999
2026-09-17T12:49Z,10026,gP,2.099
2026-09-17T12:49Z,10026,gB,1.869
2026-09-17T12:49Z,10028,g95e5,1.899
2026-09-17T12:49Z,10028,gA,1.899
2026-09-17T12:49Z,10028,gP,1.960
2026-09-17T12:49Z,10028,g98e5,1.960
2026-09-17T12:49Z,10032,g95e5,1.989
2026-09-17T12:49Z,10032,gA,1.919
2026-09-17T12:49Z,10032,gP,1.999
2026-09-17T12:49Z,10032,g98e5,2.129
2026-09-17T12:49Z,10034,gA,1.979
2026-09-17T12:49Z,10059,g95e5,1.999
2026-09-17T12:49Z,10059,gA,2.055
2026-09-17T12:49Z,10059,gP,2.165
2026-09-17T12:49Z,10059,g98e5,2.159
2026-09-17T12:49Z,10059,gB,1.869
2026-09-17T12:49Z,10070,g95e5,1.899
2026-09-17T12:49Z,10070,gA,1.899
2026-09-17T12:49Z,10070,gP,1.899
2026-09-17T12:49Z,10074,g95e5,1.765
2026-09-17T12:49Z,10074,gA,1.765
2026-09-17T12:49Z,10074,gP,1.805
2026-09-17T12:49Z,10078,g95e5,2.029
2026-09-17T12:49Z,10078,gA,2.025
2026-09-17T12:49Z,10078,gP,2.109
2026-09-17T12:49Z,10078,g98e5,2.169
2026-09-17T12:49Z,10083,gA,1.669
2026-09-17T12:49Z,10083,gP,1.789
2026-09-17T12:49Z,10085,g95e5,1.499
2026-09-17T12:49Z,10085,gA,1.649
2026-09-17T12:49Z,10085,gP,1.759
2026-09-17T12:49Z,10085,g98e5,1.629
2026-09-17T12:49Z,10090,g95e5,1.979
2026-09-17T12:49Z,10090,gA,1.899
2026-09-17T12:49Z,10093,gA,1.819
2026-09-17T12:49Z,10100,g95e5,2.005
2026-09-17T12:49Z,10100,gA,2.025
2026-09-17T12:49Z,10100,gP,2.115
2026-09-17T12:49Z,10101,g95e5,1.889
2026-09-17T12:49Z,10101,gA,1.859
2026-09-17T12:49Z,10101,gP,1.959
2026-09-17T12:49Z,10101,g98e5,2.049
2026-09-17T12:49Z,10103,g95e5,1.879
2026-09-17T12:49Z,10103,gA,1.789
2026-09-17T12:49Z,10106,g95e5,2.049
2026-09-17T12:49Z,10106,gA,2.059
2026-09-17T12:49Z,10106,gP,2.174
2026-09-17T12:49Z,10107,g95e5,2.049
2026-09-17T12:49Z,10107,gA,2.059
2026-09-17T12:49Z,10107,gP,2.174
2026-09-17T12:49Z,10114,g95e5,1.848
2026-09-17T12:49Z,10114,gA,1.838
2026-09-17T12:49Z,10114,gB,1.578
2026-09-17T12:49Z,10141,g95e5,1.999
2026-09-17T12:49Z,10141,g95e5p,2.049
2026-09-17T12:49Z,10146,g95e5,1.959
2026-09-17T12:49Z,10146,gA,1.939
2026-09-17T12:49Z,10146,gP,1.989
2026-09-17T12:49Z,10146,g98e5,2.099
2026-09-17T12:49Z,10146,gB,1.649
2026-09-17T12:49Z,10152,g95e5,1.999
2026-09-17T12:49Z,10152,gA,1.979
2026-09-17T12:49Z,10152,gP,2.039
2026-09-17T12:49Z,10152,gB,1.869
2026-09-17T12:49Z,10161,gA,1.915
2026-09-17T12:49Z,10163,g95e5,2.004
2026-09-17T12:49Z,10163,gA,1.999
2026-09-17T12:49Z,10163,gP,2.079
2026-09-17T12:49Z,10163,g98e5,2.144
2026-09-17T12:49Z,10165,g95e5,1.989
2026-09-17T12:49Z,10165,gA,2.033
2026-09-17T12:49Z,10165,gP,2.129
2026-09-17T12:49Z,10170,g95e5,1.989
2026-09-17T12:49Z,10170,gA,1.969
2026-09-17T12:49Z,10170,gP,1.999
2026-09-17T12:49Z,10172,gA,1.809
2026-09-17T12:49Z,10172,gP,1.909
2026-09-17T12:49Z,10173,gA,1.889
2026-09-17T12:49Z,10173,gP,1.989
2026-09-17T12:49Z,10174,g95e5,1.909
2026-09-17T12:49Z,10174,gA,1.899
2026-09-17T12:49Z,10174,gP,1.979
2026-09-17T12:49Z,10177,gA,1.829
2026-09-17T12:49Z,10177,gP,1.929
2026-09-17T12:49Z,10210,g95e5,1.999
2026-09-17T12:49Z,10210,gA,1.965
2026-09-17T12:49Z,10210,gP,2.045
2026-09-17T12:49Z,10210,g98e5,2.139
2026-09-17T12:49Z,10214,g95e5,1.558
2026-09-17T12:49Z,10214,gA,1.679
2026-09-17T12:49Z,10214,g98e5,1.669
2026-09-17T12:49Z,10220,g95e5,1.885
2026-09-17T12:49Z,10220,gA,1.889
2026-09-17T12:49Z,10231,g95e5,1.869
2026-09-17T12:49Z,10231,gA,1.849
2026-09-17T12:49Z,10231,gP,1.889
2026-09-17T12:49Z,10231,g98e5,1.979
2026-09-17T12:49Z,10234,g95e5,2.009
2026-09-17T12:49Z,10234,gA,2.009
2026-09-17T12:49Z,10234,gP,2.089
2026-09-17T12:49Z,10234,g98e5,2.149
2026-09-17T12:49Z,10239,g95e5,1.729
2026-09-17T12:49Z,10239,gA,1.745
2026-09-17T12:49Z,10245,g95e5,1.829
2026-09-17T12:49Z,10245,gA,1.739
2026-09-17T12:49Z,10252,gA,2.049
2026-09-17T12:49Z,10282,g95e5,1.555
2026-09-17T12:49Z,10282,gA,1.679
2026-09-17T12:49Z,10282,gP,1.779
2026-09-17T12:49Z,10282,g98e5,1.679
2026-09-17T12:49Z,10296,gA,1.849
2026-09-17T12:49Z,10306,g95e5,1.829
2026-09-17T12:49Z,10306,gA,1.829
2026-09-17T12:49Z,10307,g95e5,1.535
2026-09-17T12:49Z,10307,gA,1.649
2026-09-17T12:49Z,10307,gP,1.729
2026-09-17T12:49Z,10313,g95e5,2.009
2026-09-17T12:49Z,10313,gA,1.949
2026-09-17T12:49Z,10313,gP,2.039
2026-09-17T12:49Z,10313,g98e5,2.149
2026-09-17T12:49Z,10326,g95e5,1.969
2026-09-17T12:49Z,10326,gA,1.879
2026-09-17T12:49Z,10326,gP,1.949
2026-09-17T12:49Z,10326,g98e5,2.129
2026-09-17T12:49Z,10327,g95e5,1.969
2026-09-17T12:49Z,10327,gA,1.879
2026-09-17T12:49Z,10327,gP,1.949
2026-09-17T12:49Z,10327,g98e5,2.129
2026-09-17T12:49Z,10355,g95e5,1.747
2026-09-17T12:49Z,10355,gA,1.793
2026-09-17T12:49Z,10355,gB,1.375
2026-09-17T12:49Z,10362,g95e5,2.089
2026-09-17T12:49Z,10362,gA,1.999
2026-09-17T12:49Z,10362,g98e5,2.339
2026-09-17T12:49Z,10364,gA,1.959
2026-09-17T12:49Z,10364,g98e5,2.099
2026-09-17T12:49Z,10366,g95e5,2.039
2026-09-17T12:49Z,10367,g95e5,1.999
2026-09-17T12:49Z,10367,gA,2.009
2026-09-17T12:49Z,10367,gP,2.094
2026-09-17T12:49Z,10369,gA,2.099
2026-09-17T12:49Z,10369,gP,2.149
2026-09-17T12:49Z,10375,g95e5,1.830
2026-09-17T12:49Z,10375,gA,1.790
2026-09-17T12:49Z,10381,gA,1.762
2026-09-17T12:49Z,10422,g95e5,1.899
2026-09-17T12:49Z,10422,gA,1.889
2026-09-17T12:49Z,10422,gP,1.939
2026-09-17T12:49Z,10425,g95e5,1.989
2026-09-17T12:49Z,10425,gA,2.029
2026-09-17T12:49Z,10425,gP,2.129
2026-09-17T12:49Z,10425,g98e5,2.109
2026-09-17T12:49Z,10425,gB,1.859
2026-09-17T12:49Z,10464,g95e5,2.029
2026-09-17T12:49Z,10464,gA,1.989
2026-09-17T12:49Z,10464,gP,2.089
2026-09-17T12:49Z,10464,g98e5,2.149
2026-09-17T12:49Z,10470,gA,1.969
2026-09-17T12:49Z,10470,gP,2.059
2026-09-17T12:49Z,10470,gB,1.779
2026-09-17T12:49Z,10483,g95e5,2.029
2026-09-17T12:49Z,10483,gA,2.019
2026-09-17T12:49Z,10483,gP,2.124
2026-09-17T12:49Z,10483,g98e5,2.129
2026-09-17T12:49Z,10483,g95e5p,2.089
2026-09-17T12:49Z,10484,g95e5,1.889
2026-09-17T12:49Z,10484,gA,1.869
2026-09-17T12:49Z,10484,gP,1.869
2026-09-17T12:49Z,10489,gA,1.869
2026-09-17T12:49Z,10489,gP,1.929
2026-09-17T12:49Z,10489,g98e5,1.989
2026-09-17T12:49Z,10508,g95e5,2.019
2026-09-17T12:49Z,10508,gA,1.995
2026-09-17T12:49Z,10520,g95e5,1.879
2026-09-17T12:49Z,10520,gA,1.829
2026-09-17T12:49Z,10520,gP,1.929
2026-09-17T12:49Z,10520,g98e5,2.079
2026-09-17T12:49Z,10551,gA,1.849
2026-09-17T12:49Z,10565,gA,2.019
2026-09-17T12:49Z,10565,gP,2.079
2026-09-17T12:49Z,10574,g95e5,1.959
2026-09-17T12:49Z,10574,gA,1.939
2026-09-17T12:49Z,10574,gP,2.019
2026-09-17T12:49Z,10574,g98e5,2.099
2026-09-17T12:49Z,10574,gB,1.779
2026-09-17T12:49Z,10593,g95e5,1.979
2026-09-17T12:49Z,10593,gA,1.969
2026-09-17T12:49Z,10593,gP,2.049
2026-09-17T12:49Z,10593,g98e5,2.119
2026-09-17T12:49Z,10598,g95e5,1.799
2026-09-17T12:49Z,10598,gA,1.819
2026-09-17T12:49Z,10598,gP,1.849
2026-09-17T12:49Z,10598,g98e5,1.999
2026-09-17T12:49Z,10606,g95e5,1.987
2026-09-17T12:49Z,10606,gA,1.986
2026-09-17T12:49Z,10606,gP,2.056
2026-09-17T12:49Z,10606,g98e5,2.094
2026-09-17T12:49Z,10608,g95e5,1.984
2026-09-17T12:49Z,10608,gA,2.033
2026-09-17T12:49Z,10608,gP,2.144
2026-09-17T12:49Z,10608,g95e5p,2.069
2026-09-17T12:49Z,10614,g95e5,1.929
2026-09-17T12:49Z,10614,gA,1.919
2026-09-17T12:49Z,10614,gP,1.999
2026-09-17T12:49Z,10614,g98e5,2.069
2026-09-17T12:49Z,10615,g95e5,1.849
2026-09-17T12:49Z,10615,gA,1.864
2026-09-17T12:49Z,10615,gP,1.964
2026-09-17T12:49Z,10617,gA,2.029
2026-09-17T12:49Z,10617,gP,2.089
2026-09-17T12:49Z,10618,g95e5,1.919
2026-09-17T12:49Z,10618,gA,1.949
2026-09-17T12:49Z,10618,gP,1.999
2026-09-17T12:49Z,10618,g98e5,2.069
2026-09-17T12:49Z,10635,g95e5,1.539
2026-09-17T12:49Z,10635,gA,1.659
2026-09-17T12:49Z,10635,g98e5,1.659
2026-09-17T12:49Z,10667,g95e5,1.804
2026-09-17T12:49Z,10667,gA,1.764
2026-09-17T12:49Z,10667,gP,1.814
2026-09-17T12:49Z,10667,g98e5,1.924
2026-09-17T12:49Z,10670,g95e5,1.959
2026-09-17T12:49Z,10670,gA,1.929
2026-09-17T12:49Z,10670,gP,1.999
2026-09-17T12:49Z,10670,g98e5,2.099
2026-09-17T12:49Z,10671,g95e5,2.019
2026-09-17T12:49Z,10671,gA,1.949
2026-09-17T12:49Z,10671,gP,2.059
2026-09-17T12:49Z,10671,g98e5,2.069
2026-09-17T12:49Z,10671,gB,1.639
2026-09-17T12:49Z,10672,gB,1.594
2026-09-17T12:49Z,10679,g95e5,1.705
2026-09-17T12:49Z,10683,g95e5,2.009
2026-09-17T12:49Z,10683,gA,1.939
2026-09-17T12:49Z,10683,gP,1.979
2026-09-17T12:49Z,10683,g98e5,2.099
2026-09-17T12:49Z,10691,g95e5,1.817
2026-09-17T12:49Z,10691,gA,1.887
2026-09-17T12:49Z,10691,gP,1.987
2026-09-17T12:49Z,10693,g95e5,1.889
2026-09-17T12:49Z,10693,gA,1.909
2026-09-17T12:49Z,10719,gA,1.998
2026-09-17T12:49Z,10719,gP,2.108
2026-09-17T12:49Z,10722,g95e5,1.945
2026-09-17T12:49Z,10722,gA,1.865
2026-09-17T12:49Z,10722,gP,1.915
2026-09-17T12:49Z,10724,g95e5,1.995
2026-09-17T12:49Z,10724,gA,1.958
2026-09-17T12:49Z,10724,gB,1.839
2026-09-17T12:49Z,10727,gA,1.869
2026-09-17T12:49Z,10740,g95e5,2.029
2026-09-17T12:49Z,10740,g95e5p,2.099
2026-09-17T12:49Z,10744,gA,1.639
2026-09-17T12:49Z,10744,gP,1.729
2026-09-17T12:49Z,10753,gA,1.829
2026-09-17T12:49Z,10753,gP,1.839
2026-09-17T12:49Z,10753,g98e5,1.979
2026-09-17T12:49Z,10753,glp,1.050
2026-09-17T12:49Z,10758,g98e5,2.049
2026-09-17T12:49Z,10759,g98e5,2.139
2026-09-17T12:49Z,10765,g95e5,1.999
2026-09-17T12:49Z,10765,g98e5,2.129
2026-09-17T12:49Z,10767,g95e5,1.989
2026-09-17T12:49Z,10767,gA,1.959
2026-09-17T12:49Z,10767,gP,1.999
2026-09-17T12:49Z,10767,g98e5,2.089
2026-09-17T12:49Z,10768,g95e5,1.989
2026-09-17T12:49Z,10768,gA,1.979
2026-09-17T12:49Z,10768,gP,2.019
2026-09-17T12:49Z,10771,gA,1.989
2026-09-17T12:49Z,10771,gP,2.029
2026-09-17T12:49Z,10772,gA,1.989
2026-09-17T12:49Z,10772,gP,2.029
2026-09-17T12:49Z,10774,g95e5,1.989
2026-09-17T12:49Z,10774,gA,1.949
2026-09-17T12:49Z,10774,gP,1.989
2026-09-17T12:49Z,10774,g98e5,2.069
2026-09-17T12:49Z,10775,gA,1.929
2026-09-17T12:49Z,10775,gP,1.969
2026-09-17T12:49Z,10775,g98e5,2.159
2026-09-17T12:49Z,10777,gA,1.849
2026-09-17T12:49Z,10777,gP,1.889
2026-09-17T12:49Z,10779,g95e5,1.520
2026-09-17T12:49Z,10779,gA,1.619
2026-09-17T12:49Z,10779,gP,1.719
2026-09-17T12:49Z,10779,g98e5,1.640
2026-09-17T12:49Z,10816,gA,1.979
2026-09-17T12:49Z,10834,g95e5,1.945
2026-09-17T12:49Z,10834,gA,1.945
2026-09-17T12:49Z,10834,gP,1.995
2026-09-17T12:49Z,10834,g98e5,1.995
2026-09-17T12:49Z,10835,g95e5,1.818
2026-09-17T12:49Z,10835,gA,1.795
2026-09-17T12:49Z,10835,gP,1.995
2026-09-17T12:49Z,10835,g98e5,1.995
2026-09-17T12:49Z,10842,gA,1.699
2026-09-17T12:49Z,10849,g95e5,1.969
2026-09-17T12:49Z,10849,gA,1.999
2026-09-17T12:49Z,10849,gP,2.039
2026-09-17T12:49Z,10849,g98e5,2.109
2026-09-17T12:49Z,10855,gA,2.049
2026-09-17T12:49Z,10856,g95e5,2.009
2026-09-17T12:49Z,10856,gA,2.005
2026-09-17T12:49Z,10856,gP,2.065
2026-09-17T12:49Z,10856,g98e5,2.119
2026-09-17T12:49Z,10857,g95e5,1.895
2026-09-17T12:49Z,10857,gA,1.889
2026-09-17T12:49Z,10857,gB,1.702
2026-09-17T12:49Z,10858,g95e5,1.809
2026-09-17T12:49Z,10858,gA,1.789
2026-09-17T12:49Z,10858,gP,1.809
2026-09-17T12:49Z,10862,g95e5,2.049
2026-09-17T12:49Z,10862,gA,2.009
2026-09-17T12:49Z,10864,g95e5,2.029
2026-09-17T12:49Z,10864,gA,1.969
2026-09-17T12:49Z,10868,gA,2.065
2026-09-17T12:49Z,10874,gA,1.975
2026-09-17T12:49Z,10877,g95e5,1.995
2026-09-17T12:49Z,10880,g95e5,1.985
2026-09-17T12:49Z,10880,gA,2.039
2026-09-17T12:49Z,10885,g95e5,2.019
2026-09-17T12:49Z,10885,gA,2.029
2026-09-17T12:49Z,10885,gP,2.144
2026-09-17T12:49Z,10885,g95e5p,2.059
2026-09-17T12:49Z,10889,g95e5,2.065
2026-09-17T12:49Z,10915,g95e5,1.979
2026-09-17T12:49Z,10915,gA,1.929
2026-09-17T12:49Z,10916,g95e5,1.995
2026-09-17T12:49Z,10916,gA,1.989
2026-09-17T12:49Z,10916,gP,2.045
2026-09-17T12:49Z,10921,g95e5,1.969
2026-09-17T12:49Z,10921,gA,1.969
2026-09-17T12:49Z,10921,gP,2.019
2026-09-17T12:49Z,10922,gA,1.919
2026-09-17T12:49Z,10936,gA,1.989
2026-09-17T12:49Z,10936,gB,1.800
2026-09-17T12:49Z,10939,g95e5,1.949
2026-09-17T12:49Z,10939,gA,1.949
2026-09-17T12:49Z,10945,g95e5,2.009
2026-09-17T12:49Z,10945,gA,1.999
2026-09-17T12:49Z,10945,gP,2.084
2026-09-17T12:49Z,10945,g95e5p,2.059
2026-09-17T12:49Z,10969,g95e5,2.049
2026-09-17T12:49Z,10969,gA,1.999
2026-09-17T12:49Z,10969,gP,2.084
2026-09-17T12:49Z,10969,g98e5,2.159
2026-09-17T12:49Z,10969,gB,1.938
2026-09-17T12:49Z,10970,g95e5,1.473
2026-09-17T12:49Z,10970,gA,1.589
2026-09-17T12:49Z,10971,g95e5,1.815
2026-09-17T12:49Z,10971,gA,1.795
2026-09-17T12:49Z,10974,gA,1.995
2026-09-17T12:49Z,10976,g95e5,1.999
2026-09-17T12:49Z,10976,gA,1.999
2026-09-17T12:49Z,10976,gP,2.104
2026-09-17T12:49Z,10982,g95e5,2.039
2026-09-17T12:49Z,10982,gA,2.069
2026-09-17T12:49Z,10982,gP,2.144
2026-09-17T12:49Z,10982,g95e5p,2.089
2026-09-17T12:49Z,10986,g95e5,2.018
2026-09-17T12:49Z,10986,gA,1.958
2026-09-17T12:49Z,10986,gP,2.048
2026-09-17T12:49Z,10986,g95e10,2.088
2026-09-17T12:49Z,10995,g95e5,1.629
2026-09-17T12:49Z,10995,gA,1.719
2026-09-17T12:49Z,10995,gP,1.839
2026-09-17T12:49Z,10995,g98e5,1.759
2026-09-17T12:49Z,11010,g95e5,2.059
2026-09-17T12:49Z,11016,g95e5,2.009
2026-09-17T12:49Z,11016,gA,1.999
2026-09-17T12:49Z,11016,gP,2.074
2026-09-17T12:49Z,11025,gA,2.009
2026-09-17T12:49Z,11025,gP,2.124
2026-09-17T12:49Z,11029,gA,1.829
2026-09-17T12:49Z,11029,gP,1.869
2026-09-17T12:49Z,11030,g95e5,1.969
2026-09-17T12:49Z,11030,gA,1.979
2026-09-17T12:49Z,11030,gP,2.039
2026-09-17T12:49Z,11030,gB,1.629
2026-09-17T12:49Z,11034,gA,2.018
2026-09-17T12:49Z,11037,g95e5,1.989
2026-09-17T12:49Z,11037,gA,1.999
2026-09-17T12:49Z,11037,gP,2.039
2026-09-17T12:49Z,11037,g98e5,2.089
2026-09-17T12:49Z,11042,g95e5,1.859
2026-09-17T12:49Z,11042,gA,1.845
2026-09-17T12:49Z,11042,g98e5,1.969
2026-09-17T12:49Z,11046,g95e5,1.845
2026-09-17T12:49Z,11046,gA,1.825
2026-09-17T12:49Z,11046,gP,1.855
2026-09-17T12:49Z,11046,g98e5,1.965
2026-09-17T12:49Z,11056,gA,1.800
2026-09-17T12:49Z,11056,gB,1.500
2026-09-17T12:49Z,11058,g95e5,2.069
2026-09-17T12:49Z,11058,gA,1.999
2026-09-17T12:49Z,11058,gP,2.084
2026-09-17T12:49Z,11058,g95e5p,2.139
2026-09-17T12:49Z,11063,g98e5,1.979
2026-09-17T12:49Z,11073,g95e5,1.999
2026-09-17T12:49Z,11073,gA,1.999
2026-09-17T12:49Z,11073,g98e5,2.189
2026-09-17T12:49Z,11073,gB,1.559
2026-09-17T12:49Z,11078,g95e5,1.888
2026-09-17T12:49Z,11078,gA,1.858
2026-09-17T12:49Z,11078,gP,1.858
2026-09-17T12:49Z,11078,g95e5p,1.888
2026-09-17T12:49Z,11079,g95e5,1.779
2026-09-17T12:49Z,11079,gA,1.779
2026-09-17T12:49Z,11083,gA,2.009
2026-09-17T12:49Z,11083,gP,2.049
2026-09-17T12:49Z,11083,gB,1.699
2026-09-17T12:49Z,11084,gA,2.059
2026-09-17T12:49Z,11088,g95e5,2.019
2026-09-17T12:49Z,11090,g95e5,1.819
2026-09-17T12:49Z,11090,gA,1.809
2026-09-17T12:49Z,11103,g95e5,1.929
2026-09-17T12:49Z,11103,gA,1.919
2026-09-17T12:49Z,11117,gA,1.929
2026-09-17T12:49Z,11117,gP,1.969
2026-09-17T12:49Z,11117,g98e5,2.179
2026-09-17T12:49Z,11118,g95e5,1.999
2026-09-17T12:49Z,11118,gA,1.959
2026-09-17T12:49Z,11118,gP,1.999
2026-09-17T12:49Z,11118,g98e5,2.139
2026-09-17T12:49Z,11121,g95e5,2.025
2026-09-17T12:49Z,11121,gA,2.035
2026-09-17T12:49Z,11121,g98e5,2.185
2026-09-17T12:49Z,11133,g95e5,1.989
2026-09-17T12:49Z,11133,gA,1.999
2026-09-17T12:49Z,11133,gP,1.999
2026-09-17T12:49Z,11137,g95e5,2.009
2026-09-17T12:49Z,11137,gA,2.029
2026-09-17T12:49Z,11137,gP,2.154
2026-09-17T12:49Z,11137,g95e5p,2.049
2026-09-17T12:49Z,11138,g95e5,2.019
2026-09-17T12:49Z,11138,g95e5p,2.129
2026-09-17T12:49Z,11149,gA,1.999
2026-09-17T12:49Z,11149,gP,2.099
2026-09-17T12:49Z,11149,gB,1.799
2026-09-17T12:49Z,11168,g95e5,1.999
2026-09-17T12:49Z,11168,gA,1.989
2026-09-17T12:49Z,11168,gB,1.839
2026-09-17T12:49Z,11182,g95e5,2.089
2026-09-17T12:49Z,11182,gA,1.999
2026-09-17T12:49Z,11182,g98e5,2.339
2026-09-17T12:49Z,11186,g98e5,2.129
2026-09-17T12:49Z,11191,gA,1.899
2026-09-17T12:49Z,11191,gP,1.949
2026-09-17T12:49Z,11193,g95e5,1.939
2026-09-17T12:49Z,11193,gA,1.959
2026-09-17T12:49Z,11193,gP,2.039
2026-09-17T12:49Z,11193,g98e5,2.079
2026-09-17T12:49Z,11201,g95e5,2.025
2026-09-17T12:49Z,11201,gA,1.999
2026-09-17T12:49Z,11201,gP,2.089
2026-09-17T12:49Z,11201,g98e5,2.165
2026-09-17T12:49Z,11206,g95e5,1.899
2026-09-17T12:49Z,11206,gA,1.889
2026-09-17T12:49Z,11206,gP,1.929
2026-09-17T12:49Z,11206,g98e5,1.999
2026-09-17T12:49Z,11206,gB,1.759
2026-09-17T12:49Z,11210,g95e5,1.859
2026-09-17T12:49Z,11210,gA,1.849
2026-09-17T12:49Z,11217,g95e5,1.999
2026-09-17T12:49Z,11217,gA,1.999
2026-09-17T12:49Z,11217,gP,2.039
2026-09-17T12:49Z,11219,g95e5,1.965
2026-09-17T12:49Z,11219,gA,1.939
2026-09-17T12:49Z,11219,gP,2.029
2026-09-17T12:49Z,11219,g98e5,2.105
2026-09-17T12:49Z,11219,gB,1.709
2026-09-17T12:49Z,11225,g95e5,2.049
2026-09-17T12:49Z,11237,gA,1.879
2026-09-17T12:49Z,11249,g95e5,1.939
2026-09-17T12:49Z,11249,gA,1.869
2026-09-17T12:49Z,11249,gP,1.949
2026-09-17T12:49Z,11249,g98e5,2.079
2026-09-17T12:49Z,11255,g95e5,2.009
2026-09-17T12:49Z,11255,gA,1.994
2026-09-17T12:49Z,11255,gP,2.084
2026-09-17T12:49Z,11267,gA,1.989
2026-09-17T12:49Z,11267,gP,2.029
2026-09-17T12:49Z,11276,g95e5,2.059
2026-09-17T12:49Z,11278,g95e5,1.810
2026-09-17T12:49Z,11278,gA,1.820
2026-09-17T12:49Z,11281,g95e5,1.829
2026-09-17T12:49Z,11281,gA,1.886
2026-09-17T12:49Z,11281,gP,1.986
2026-09-17T12:49Z,11281,g98e5,1.939
2026-09-17T12:49Z,11284,g95e5,2.009
2026-09-17T12:49Z,11284,gA,2.019
2026-09-17T12:49Z,11284,gP,2.079
2026-09-17T12:49Z,11294,g95e5,2.049
2026-09-17T12:49Z,11294,gA,1.979
2026-09-17T12:49Z,11294,gP,2.069
2026-09-17T12:49Z,11294,g95e5p,2.109
2026-09-17T12:49Z,11295,g95e5,1.999
2026-09-17T12:49Z,11295,gA,1.959
2026-09-17T12:49Z,11295,gP,1.999
2026-09-17T12:49Z,11295,g98e5,2.159
2026-09-17T12:49Z,11305,g95e5,2.059
2026-09-17T12:49Z,11305,gA,1.999
2026-09-17T12:49Z,11305,gP,2.089
2026-09-17T12:49Z,11305,g98e5,2.179
2026-09-17T12:49Z,11306,g95e5,2.059
2026-09-17T12:49Z,11306,gA,1.999
2026-09-17T12:49Z,11306,gP,2.089
2026-09-17T12:49Z,11306,g98e5,2.179
2026-09-17T12:49Z,11321,gB,1.522
2026-09-17T12:49Z,11325,gA,1.909
2026-09-17T12:49Z,11325,gP,1.949
2026-09-17T12:49Z,11326,g95e5,1.919
2026-09-17T12:49Z,11326,gA,1.899
2026-09-17T12:49Z,11326,gP,1.949
2026-09-17T12:49Z,11326,g98e5,2.059
2026-09-17T12:49Z,11327,g95e5,1.989
2026-09-17T12:49Z,11327,gA,1.999
2026-09-17T12:49Z,11327,gP,2.049
2026-09-17T12:49Z,11327,g95e5p,2.039
2026-09-17T12:49Z,11328,gA,1.879
2026-09-17T12:49Z,11328,gP,1.929
2026-09-17T12:49Z,11331,g95e5,1.909
2026-09-17T12:49Z,11331,gA,1.914
2026-09-17T12:49Z,11331,gP,1.964
2026-09-17T12:49Z,11331,g98e5,2.029
2026-09-17T12:49Z,11332,g95e5,1.985
2026-09-17T12:49Z,11332,gA,1.999
2026-09-17T12:49Z,11332,gP,2.039
2026-09-17T12:49Z,11332,gB,1.789
2026-09-17T12:49Z,11337,g95e5,1.979
2026-09-17T12:49Z,11337,gA,1.889
2026-09-17T12:49Z,11337,gP,1.939
2026-09-17T12:49Z,11337,g95e5p,2.029
2026-09-17T12:49Z,11339,gB,1.594
2026-09-17T12:49Z,11341,g98e5,2.179
2026-09-17T12:49Z,11342,gA,1.875
2026-09-17T12:49Z,11342,gB,1.480
2026-09-17T12:49Z,11344,gA,1.999
2026-09-17T12:49Z,11344,gP,2.089
2026-09-17T12:49Z,11349,g95e5,1.809
2026-09-17T12:49Z,11349,gA,1.799
2026-09-17T12:49Z,11349,g98e5,1.999
2026-09-17T12:49Z,11349,gB,1.539
2026-09-17T12:49Z,11351,g95e5,1.789
2026-09-17T12:49Z,11351,gP,1.789
2026-09-17T12:49Z,11352,gA,1.979
2026-09-17T12:49Z,11352,gP,2.039
2026-09-17T12:49Z,11353,g95e5,1.989
2026-09-17T12:49Z,11353,g95e5p,2.049
2026-09-17T12:49Z,11354,g95e5,1.949
2026-09-17T12:49Z,11354,gA,1.939
2026-09-17T12:49Z,11354,gP,1.979
2026-09-17T12:49Z,11366,g95e5,2.009
2026-09-17T12:49Z,11366,gA,1.989
2026-09-17T12:49Z,11366,gP,2.064
2026-09-17T12:49Z,11366,g98e5,2.109
2026-09-17T12:49Z,11366,g95e10,2.049
2026-09-17T12:49Z,11371,g95e5,1.959
2026-09-17T12:49Z,11371,gA,1.899
2026-09-17T12:49Z,11371,gP,1.979
2026-09-17T12:49Z,11371,g98e5,2.099
2026-09-17T12:49Z,11389,gA,1.859
2026-09-17T12:49Z,11389,gP,1.939
2026-09-17T12:49Z,11391,g95e5,1.729
2026-09-17T12:49Z,11391,gA,1.779
2026-09-17T12:49Z,11391,gB,1.479
2026-09-17T12:49Z,11392,gA,1.969
2026-09-17T12:49Z,11393,gA,2.049
2026-09-17T12:49Z,11393,gP,2.109
2026-09-17T12:49Z,11400,g95e5,1.999
2026-09-17T12:49Z,11400,gA,1.939
2026-09-17T12:49Z,11400,gP,2.019
2026-09-17T12:49Z,11400,g98e5,2.139
2026-09-17T12:49Z,11405,g95e5,2.009
2026-09-17T12:49Z,11405,gA,1.989
2026-09-17T12:49Z,11405,gP,2.079
2026-09-17T12:49Z,11405,g98e5,2.149
2026-09-17T12:49Z,11409,gA,1.949
2026-09-17T12:49Z,11409,gP,2.029
2026-09-17T12:49Z,11409,gB,1.729
2026-09-17T12:49Z,11412,g95e5,2.079
2026-09-17T12:49Z,11412,g95e5p,2.119
2026-09-17T12:49Z,11419,g95e5,1.797
2026-09-17T12:49Z,11419,gA,1.799
2026-09-17T12:49Z,11419,gP,1.825
2026-09-17T12:49Z,11419,g98e5,2.055
2026-09-17T12:49Z,11447,g95e5,1.815
2026-09-17T12:49Z,11447,gA,1.829
2026-09-17T12:49Z,11447,gP,1.919
2026-09-17T12:49Z,11447,gB,1.519
2026-09-17T12:49Z,11449,g95e5,1.995
2026-09-17T12:49Z,11449,gA,1.989
2026-09-17T12:49Z,11449,gP,2.009
2026-09-17T12:49Z,11449,g98e5,2.119
2026-09-17T12:49Z,11453,gA,2.009
2026-09-17T12:49Z,11453,gP,2.104
2026-09-17T12:49Z,11454,gA,2.029
2026-09-17T12:49Z,11454,gP,2.144
2026-09-17T12:49Z,11455,g95e5,1.460
2026-09-17T12:49Z,11455,gA,1.549
2026-09-17T12:49Z,11455,gP,1.660
2026-09-17T12:49Z,11455,g98e5,1.598
2026-09-17T12:49Z,11456,g95e5,1.460
2026-09-17T12:49Z,11456,gA,1.549
2026-09-17T12:49Z,11456,gP,1.660
2026-09-17T12:49Z,11456,g98e5,1.598
2026-09-17T12:49Z,11459,g95e5,2.059
2026-09-17T12:49Z,11459,gA,2.039
2026-09-17T12:49Z,11459,g98e5,2.199
2026-09-17T12:49Z,11483,gA,1.819
2026-09-17T12:49Z,11483,gB,1.569
2026-09-17T12:49Z,11486,g95e5,2.029
2026-09-17T12:49Z,11486,gA,1.993
2026-09-17T12:49Z,11486,gP,2.094
2026-09-17T12:49Z,11486,g95e5p,2.099
2026-09-17T12:49Z,11488,g95e5,2.029
2026-09-17T12:49Z,11488,gA,2.065
2026-09-17T12:49Z,11488,gP,2.115
2026-09-17T12:49Z,11488,g98e5,2.139
2026-09-17T12:49Z,11493,gA,1.985
2026-09-17T12:49Z,11495,gA,1.979
2026-09-17T12:49Z,11495,gP,2.019
2026-09-17T12:49Z,11502,g95e5,2.059
2026-09-17T12:49Z,11502,gA,2.049
2026-09-17T12:49Z,11502,gP,2.139
2026-09-17T12:49Z,11502,g98e5,2.179
2026-09-17T12:49Z,11504,g95e5,1.856
2026-09-17T12:49Z,11504,gA,1.869
2026-09-17T12:49Z,11514,gA,2.049
2026-09-17T12:49Z,11514,gP,2.149
2026-09-17T12:49Z,11520,g95e5,1.859
2026-09-17T12:49Z,11520,gA,1.859
2026-09-17T12:49Z,11520,gP,1.879
2026-09-17T12:49Z,11522,g95e5,1.999
2026-09-17T12:49Z,11522,gA,1.985
2026-09-17T12:49Z,11522,gP,2.079
2026-09-17T12:49Z,11528,g98e5,2.049
2026-09-17T12:49Z,11529,gA,1.999
2026-09-17T12:49Z,11529,gP,2.039
2026-09-17T12:49Z,11534,gA,2.019
2026-09-17T12:49Z,11535,g95e5,2.049
2026-09-17T12:49Z,11535,gA,2.005
2026-09-17T12:49Z,11535,gP,2.055
2026-09-17T12:49Z,11535,g98e5,2.159
2026-09-17T12:49Z,11537,gA,1.959
2026-09-17T12:49Z,11539,gA,2.059
2026-09-17T12:49Z,11539,gP,2.134
2026-09-17T12:49Z,11541,gA,1.909
2026-09-17T12:49Z,11542,gA,1.954
2026-09-17T12:49Z,11542,gP,2.044
2026-09-17T12:49Z,11560,gA,2.035
2026-09-17T12:49Z,11567,g95e5,1.918
2026-09-17T12:49Z,11567,gA,1.888
2026-09-17T12:49Z,11567,gP,1.948
2026-09-17T12:49Z,11567,g98e5,2.018
2026-09-17T12:49Z,11567,glp,1.008
2026-09-17T12:49Z,11573,gP,1.896
2026-09-17T12:49Z,11577,g95e5,1.979
2026-09-17T12:49Z,11577,gA,2.019
2026-09-17T12:49Z,11577,gP,2.099
2026-09-17T12:49Z,11577,g98e5,2.119
2026-09-17T12:49Z,11577,gB,1.889
2026-09-17T12:49Z,11582,g95e5,1.899
2026-09-17T12:49Z,11582,gA,1.849
2026-09-17T12:49Z,11582,g98e5,2.039
2026-09-17T12:49Z,11585,g95e5,1.999
2026-09-17T12:49Z,11585,g98e5,2.059
2026-09-17T12:49Z,11591,g95e5,1.989
2026-09-17T12:49Z,11591,gA,1.989
2026-09-17T12:49Z,11591,gP,2.059
2026-09-17T12:49Z,11591,g98e5,2.165
2026-09-17T12:49Z,11593,gA,2.025
2026-09-17T12:49Z,11595,g95e5,1.849
2026-09-17T12:49Z,11595,gA,1.824
2026-09-17T12:49Z,11595,gP,1.874
2026-09-17T12:49Z,11595,g98e5,1.989
2026-09-17T12:49Z,11607,g95e5,1.460
2026-09-17T12:49Z,11607,gA,1.549
2026-09-17T12:49Z,11607,gP,1.660
2026-09-17T12:49Z,11607,g98e5,1.598
2026-09-17T12:49Z,11610,gA,1.899
2026-09-17T12:49Z,11611,g95e5,1.539
2026-09-17T12:49Z,11611,gA,1.679
2026-09-17T12:49Z,11611,gP,1.759
2026-09-17T12:49Z,11611,g98e5,1.669
2026-09-17T12:49Z,11619,g95e5,1.869
2026-09-17T12:49Z,11619,gA,1.869
2026-09-17T12:49Z,11619,gP,1.929
2026-09-17T12:49Z,11621,gA,1.969
2026-09-17T12:49Z,11629,gA,1.879
2026-09-17T12:49Z,11646,g95e5,2.059
2026-09-17T12:49Z,11646,gA,1.999
2026-09-17T12:49Z,11646,gP,2.089
2026-09-17T12:49Z,11649,g95e5,1.939
2026-09-17T12:49Z,11649,gA,1.949
2026-09-17T12:49Z,11649,gP,1.989
2026-09-17T12:49Z,11649,g98e5,2.089
2026-09-17T12:49Z,11651,g95e5,2.029
2026-09-17T12:49Z,11651,gA,1.989
2026-09-17T12:49Z,11651,g98e5,2.179
2026-09-17T12:49Z,11651,gB,1.619
2026-09-17T12:49Z,11659,g95e5,1.889
2026-09-17T12:49Z,11659,gA,1.909
2026-09-17T12:49Z,11659,gP,1.929
2026-09-17T12:49Z,11659,g98e5,1.999
2026-09-17T12:49Z,11659,gB,1.799
2026-09-17T12:49Z,11660,g95e5,1.595
2026-09-17T12:49Z,11660,gA,1.659
2026-09-17T12:49Z,11674,gA,1.993
2026-09-17T12:49Z,11674,gP,2.104
2026-09-17T12:49Z,11685,gA,1.959
2026-09-17T12:49Z,11685,gP,2.059
2026-09-17T12:49Z,11701,g95e5,1.989
2026-09-17T12:49Z,11701,gA,1.989
2026-09-17T12:49Z,11701,gP,2.099
2026-09-17T12:49Z,11701,g98e5,2.109
2026-09-17T12:49Z,11703,g98e5,1.989
2026-09-17T12:49Z,11715,g95e5,1.905
2026-09-17T12:49Z,11715,gA,1.881
2026-09-17T12:49Z,11715,gP,1.981
2026-09-17T12:49Z,11715,g98e5,1.999
2026-09-17T12:49Z,11716,g95e5,1.905
2026-09-17T12:49Z,11716,gA,1.881
2026-09-17T12:49Z,11716,gP,1.981
2026-09-17T12:49Z,11716,g98e5,1.999
2026-09-17T12:49Z,11717,g95e5,1.879
2026-09-17T12:49Z,11717,gA,1.869
2026-09-17T12:49Z,11717,gP,1.969
2026-09-17T12:49Z,11717,g98e5,1.999
2026-09-17T12:49Z,11717,gB,1.689
2026-09-17T12:49Z,11718,g95e5,1.868
2026-09-17T12:49Z,11718,gA,1.837
2026-09-17T12:49Z,11718,gP,1.937
2026-09-17T12:49Z,11718,g98e5,1.949
2026-09-17T12:49Z,11731,g95e5,1.549
2026-09-17T12:49Z,11731,gA,1.679
2026-09-17T12:49Z,11738,g95e5,2.059
2026-09-17T12:49Z,11738,gA,2.079
2026-09-17T12:49Z,11738,gP,2.189
2026-09-17T12:49Z,11738,g98e5,2.229
2026-09-17T12:49Z,11741,g95e5,1.979
2026-09-17T12:49Z,11741,gA,1.949
2026-09-17T12:49Z,11749,g95e5,2.029
2026-09-17T12:49Z,11749,g95e5p,2.109
2026-09-17T12:49Z,11752,g95e5,1.889
2026-09-17T12:49Z,11752,gA,1.839
2026-09-17T12:49Z,11756,g95e5,1.789
2026-09-17T12:49Z,11756,gA,1.799
2026-09-17T12:49Z,11767,gA,2.055
2026-09-17T12:49Z,11773,g95e5,1.896
2026-09-17T12:49Z,11773,gA,1.895
2026-09-17T12:49Z,11773,gP,1.945
2026-09-17T12:49Z,11773,g98e5,1.945
2026-09-17T12:49Z,11776,g95e5,1.797
2026-09-17T12:49Z,11776,gA,1.818
2026-09-17T12:49Z,11776,gP,1.918
2026-09-17T12:49Z,11776,gB,1.657
2026-09-17T12:49Z,11779,g95e5,1.969
2026-09-17T12:49Z,11779,gA,1.949
2026-09-17T12:49Z,11779,gP,1.989
2026-09-17T12:49Z,11779,g98e5,2.099
2026-09-17T12:49Z,11792,g95e5,2.019
2026-09-17T12:49Z,11792,g95e5p,2.099
2026-09-17T12:49Z,11793,gB,1.739
2026-09-17T12:49Z,11796,g95e5,1.899
2026-09-17T12:49Z,11796,gA,1.859
2026-09-17T12:49Z,11796,gP,1.939
2026-09-17T12:49Z,11796,g98e5,2.039
2026-09-17T12:49Z,11799,gA,1.983
2026-09-17T12:49Z,11799,gP,2.094
2026-09-17T12:49Z,11804,gA,2.018
2026-09-17T12:49Z,11809,g95e5,1.849
2026-09-17T12:49Z,11809,gP,1.869
2026-09-17T12:49Z,11816,gA,1.949
2026-09-17T12:49Z,11816,gP,1.989
2026-09-17T12:49Z,11816,g98e5,2.089
2026-09-17T12:49Z,11827,gA,1.979
2026-09-17T12:49Z,11831,g95e5,1.919
2026-09-17T12:49Z,11831,gA,1.899
2026-09-17T12:49Z,11833,gA,2.009
2026-09-17T12:49Z,11834,g95e5,1.999
2026-09-17T12:49Z,11841,g95e5,1.899
2026-09-17T12:49Z,11841,gA,1.869
2026-09-17T12:49Z,11841,gP,1.949
2026-09-17T12:49Z,11841,g98e5,2.039
2026-09-17T12:49Z,11842,g95e5,1.939
2026-09-17T12:49Z,11842,gA,1.859
2026-09-17T12:49Z,11842,g98e5,2.120
2026-09-17T12:49Z,11847,gA,1.799
2026-09-17T12:49Z,11848,gA,1.860
2026-09-17T12:49Z,11850,g95e5,1.989
2026-09-17T12:49Z,11850,gA,1.999
2026-09-17T12:49Z,11850,gP,2.089
2026-09-17T12:49Z,11850,g98e5,2.139
2026-09-17T12:49Z,11852,g95e5,2.045
2026-09-17T12:49Z,11852,gA,1.955
2026-09-17T12:49Z,11855,g95e5,1.989
2026-09-17T12:49Z,11855,gA,1.959
2026-09-17T12:49Z,11855,gP,2.019
2026-09-17T12:49Z,11855,g98e5,2.049
2026-09-17T12:49Z,11858,g95e5,1.829
2026-09-17T12:49Z,11858,gA,1.769
2026-09-17T12:49Z,11858,gP,1.869
2026-09-17T12:49Z,11858,g98e5,1.929
2026-09-17T12:49Z,11867,g95e5,1.789
2026-09-17T12:49Z,11870,g95e5,1.569
2026-09-17T12:49Z,11870,gA,1.659
2026-09-17T12:49Z,11870,gP,1.749
2026-09-17T12:49Z,11870,g98e5,1.689
2026-09-17T12:49Z,11878,g95e5,2.049
2026-09-17T12:49Z,11878,gA,1.999
2026-09-17T12:49Z,11878,gP,2.109
2026-09-17T12:49Z,11878,g95e5p,2.129
2026-09-17T12:49Z,11881,g95e5,1.769
2026-09-17T12:49Z,11881,gA,1.824
2026-09-17T12:49Z,11881,gP,1.874
2026-09-17T12:49Z,11881,g98e5,1.879
2026-09-17T12:49Z,11882,g95e5,1.919
2026-09-17T12:49Z,11882,gA,1.909
2026-09-17T12:49Z,11882,gP,1.959
2026-09-17T12:49Z,11882,gB,1.569
2026-09-17T12:49Z,11883,g95e5,2.019
2026-09-17T12:49Z,11883,g98e5,2.129
2026-09-17T12:49Z,11889,g95e5,1.499
2026-09-17T12:49Z,11889,gA,1.639
2026-09-17T12:49Z,11889,gP,1.719
2026-09-17T12:49Z,11889,g98e5,1.629
2026-09-17T12:49Z,11890,g95e5,2.044
2026-09-17T12:49Z,11890,gA,1.979
2026-09-17T12:49Z,11890,gP,2.069
2026-09-17T12:49Z,11890,g98e5,2.184
2026-09-17T12:49Z,11891,g95e5,1.999
2026-09-17T12:49Z,11891,gA,2.059
2026-09-17T12:49Z,11891,gP,2.099
2026-09-17T12:49Z,11891,gB,1.799
2026-09-17T12:49Z,11896,gA,2.049
2026-09-17T12:49Z,11896,gP,2.109
2026-09-17T12:49Z,11899,g95e5,1.856
2026-09-17T12:49Z,11899,gA,1.826
2026-09-17T12:49Z,11899,gP,1.886
2026-09-17T12:49Z,11903,g95e5,1.797
2026-09-17T12:49Z,11903,gA,1.777
2026-09-17T12:49Z,11919,g95e5,1.999
2026-09-17T12:49Z,11919,gA,1.989
2026-09-17T12:49Z,11919,gP,2.064
2026-09-17T12:49Z,11919,g98e5,2.169
2026-09-17T12:49Z,11928,g95e5,1.799
2026-09-17T12:49Z,11928,gA,1.789
2026-09-17T12:49Z,11934,g95e5,1.815
2026-09-17T12:49Z,11934,gA,1.785
2026-09-17T12:49Z,11938,g95e5,1.529
2026-09-17T12:49Z,11938,gA,1.659
2026-09-17T12:49Z,11938,gP,1.759
2026-09-17T12:49Z,11938,g98e5,1.659
2026-09-17T12:49Z,11942,g95e5,2.049
2026-09-17T12:49Z,11942,gA,1.979
2026-09-17T12:49Z,11942,gP,2.074
2026-09-17T12:49Z,11942,g95e5p,2.089
2026-09-17T12:49Z,11943,g95e5,2.029
2026-09-17T12:49Z,11943,gA,2.049
2026-09-17T12:49Z,11951,g95e5,1.989
2026-09-17T12:49Z,11951,gA,1.959
2026-09-17T12:49Z,11960,g95e5,2.069
2026-09-17T12:49Z,11960,gA,2.059
2026-09-17T12:49Z,11960,g98e5,2.229
2026-09-17T12:49Z,11960,glp,1.159
2026-09-17T12:49Z,11965,gA,2.019
2026-09-17T12:49Z,11965,gP,2.069
2026-09-17T12:49Z,11973,g95e5,2.022
2026-09-17T12:49Z,11973,gA,2.029
2026-09-17T12:49Z,11978,g95e5,2.028
2026-09-17T12:49Z,11978,gA,2.024
2026-09-17T12:49Z,11978,gP,2.108
2026-09-17T12:49Z,11986,gA,1.995
2026-09-17T12:49Z,11991,g95e5,1.889
2026-09-17T12:49Z,11991,gA,1.869
2026-09-17T12:49Z,11991,gP,1.869
2026-09-17T12:49Z,11992,gA,1.999
2026-09-17T12:49Z,11992,g95e5p,2.039
2026-09-17T12:49Z,11994,g95e5,1.995
2026-09-17T12:49Z,11994,gA,1.949
2026-09-17T12:49Z,11994,gP,2.049
2026-09-17T12:49Z,12013,gA,1.969
2026-09-17T12:49Z,12013,gP,2.009
2026-09-17T12:49Z,12014,g95e5,1.750
2026-09-17T12:49Z,12014,gA,1.740
2026-09-17T12:49Z,12014,gP,1.770
2026-09-17T12:49Z,12014,gB,1.470
2026-09-17T12:49Z,12023,gA,2.069
2026-09-17T12:49Z,12025,g95e5,2.085
2026-09-17T12:49Z,12025,gA,1.995
2026-09-17T12:49Z,12025,gP,2.045
2026-09-17T12:49Z,12025,g98e5,2.129
2026-09-17T12:49Z,12026,g95e5,1.748
2026-09-17T12:49Z,12026,gA,1.758
2026-09-17T12:49Z,12036,gA,1.799
2026-09-17T12:49Z,12036,gP,1.839
2026-09-17T12:49Z,12042,gA,1.800
2026-09-17T12:49Z,12042,gB,1.500
2026-09-17T12:49Z,12045,g95e5,2.029
2026-09-17T12:49Z,12048,g95e5,1.829
2026-09-17T12:49Z,12048,gA,1.829
2026-09-17T12:49Z,12048,gP,1.889
2026-09-17T12:49Z,12061,gA,1.979
2026-09-17T12:49Z,12061,gP,2.059
2026-09-17T12:49Z,12062,gA,1.949
2026-09-17T12:49Z,12062,gP,1.989
2026-09-17T12:49Z,12076,g95e5,1.779
2026-09-17T12:49Z,12079,g95e5,2.024
2026-09-17T12:49Z,12079,gA,2.029
2026-09-17T12:49Z,12079,gP,2.109
2026-09-17T12:49Z,12079,g98e5,2.164
2026-09-17T12:49Z,12084,gA,1.649
2026-09-17T12:49Z,12090,g95e5,2.063
2026-09-17T12:49Z,12090,gA,2.135
2026-09-17T12:49Z,12090,gP,2.194
2026-09-17T12:49Z,12090,g95e5p,2.122
2026-09-17T12:49Z,12091,g95e5,2.069
2026-09-17T12:49Z,12091,gA,2.069
2026-09-17T12:49Z,12091,gP,2.154
2026-09-17T12:49Z,12095,gA,1.842
2026-09-17T12:49Z,12096,g95e5,2.029
2026-09-17T12:49Z,12101,gA,1.999
2026-09-17T12:49Z,12101,gP,2.084
2026-09-17T12:49Z,12107,g95e5,1.780
2026-09-17T12:49Z,12107,gA,1.800
2026-09-17T12:49Z,12109,gA,1.999
2026-09-17T12:49Z,12109,gP,2.094
2026-09-17T12:49Z,12116,g95e5,1.769
2026-09-17T12:49Z,12116,gA,1.779
2026-09-17T12:49Z,12116,gP,1.809
2026-09-17T12:49Z,12122,gA,1.989
2026-09-17T12:49Z,12124,gA,2.065
2026-09-17T12:49Z,12128,g95e5,1.929
2026-09-17T12:49Z,12128,gA,1.969
2026-09-17T12:49Z,12128,gB,1.799
2026-09-17T12:49Z,12134,g95e5,2.019
2026-09-17T12:49Z,12134,g95e5p,2.099
2026-09-17T12:49Z,12136,g95e5,1.919
2026-09-17T12:49Z,12136,gA,1.949
2026-09-17T12:49Z,12136,gP,1.999
2026-09-17T12:49Z,12136,g98e5,2.039
2026-09-17T12:49Z,12138,g95e5,1.819
2026-09-17T12:49Z,12138,gA,1.809
2026-09-17T12:49Z,12139,g95e5,1.799
2026-09-17T12:49Z,12139,gA,1.809
2026-09-17T12:49Z,12140,g95e5,2.029
2026-09-17T12:49Z,12143,g95e5,1.909
2026-09-17T12:49Z,12143,gA,1.889
2026-09-17T12:49Z,12143,gP,1.969
2026-09-17T12:49Z,12143,g98e5,2.049
2026-09-17T12:49Z,12143,bio,1.889
2026-09-17T12:49Z,12146,g95e5,2.009
2026-09-17T12:49Z,12146,gA,2.029
2026-09-17T12:49Z,12146,gP,2.104
2026-09-17T12:49Z,12146,g95e5p,2.049
2026-09-17T12:49Z,12148,g98e5,2.119
2026-09-17T12:49Z,12153,g95e5,1.969
2026-09-17T12:49Z,12153,gA,1.919
2026-09-17T12:49Z,12153,gP,1.959
2026-09-17T12:49Z,12153,g98e5,2.069
2026-09-17T12:49Z,12154,g95e5,1.939
2026-09-17T12:49Z,12154,gA,1.919
2026-09-17T12:49Z,12154,gP,1.959
2026-09-17T12:49Z,12162,g95e5,1.839
2026-09-17T12:49Z,12162,gA,1.839
2026-09-17T12:49Z,12162,gP,1.879
2026-09-17T12:49Z,12162,g98e5,2.069
2026-09-17T12:49Z,12162,gB,1.639
2026-09-17T12:49Z,12170,g95e5,2.035
2026-09-17T12:49Z,12170,gA,1.995
2026-09-17T12:49Z,12170,gP,2.086
2026-09-17T12:49Z,12170,g98e5,2.175
2026-09-17T12:49Z,12179,gA,1.999
2026-09-17T12:49Z,12179,gP,2.039
2026-09-17T12:49Z,12179,g98e5,2.099
2026-09-17T12:49Z,12189,g95e5,1.779
2026-09-17T12:49Z,12189,gA,1.799
2026-09-17T12:49Z,12192,g95e5,1.866
2026-09-17T12:49Z,12192,gA,1.939
2026-09-17T12:49Z,12192,gP,1.999
2026-09-17T12:49Z,12192,glp,0.879
2026-09-17T12:49Z,12195,g95e5,1.799
2026-09-17T12:49Z,12195,gA,1.809
2026-09-17T12:49Z,12196,g98e5,1.889
2026-09-17T12:49Z,12198,gA,1.949
2026-09-17T12:49Z,12198,g98e5,2.139
2026-09-17T12:49Z,12203,gA,1.859
2026-09-17T12:49Z,12203,gP,2.010
2026-09-17T12:49Z,12203,g98e5,2.010
2026-09-17T12:49Z,12204,gA,1.899
2026-09-17T12:49Z,12204,gP,1.929
2026-09-17T12:49Z,12204,g98e5,1.999
2026-09-17T12:49Z,12206,gA,1.799
2026-09-17T12:49Z,12207,g95e5,1.799
2026-09-17T12:49Z,12207,gA,1.799
2026-09-17T12:49Z,12207,gB,1.616
2026-09-17T12:49Z,12213,g95e5,1.939
2026-09-17T12:49Z,12213,gA,1.929
2026-09-17T12:49Z,12213,gP,2.009
2026-09-17T12:49Z,12213,g98e5,2.079
2026-09-17T12:49Z,12214,g95e5,1.999
2026-09-17T12:49Z,12214,g95e5p,2.099
2026-09-17T12:49Z,12215,g95e5,1.905
2026-09-17T12:49Z,12215,gA,1.881
2026-09-17T12:49Z,12215,gP,1.981
2026-09-17T12:49Z,12215,g98e5,1.999
2026-09-17T12:49Z,12222,g95e5,1.939
2026-09-17T12:49Z,12222,gA,1.929
2026-09-17T12:49Z,12237,g95e5,1.899
2026-09-17T12:49Z,12237,gA,1.919
2026-09-17T12:49Z,12237,gP,1.969
2026-09-17T12:49Z,12237,g98e5,2.089
2026-09-17T12:49Z,12241,g95e5,1.869
2026-09-17T12:49Z,12241,gA,1.799
2026-09-17T12:49Z,12241,gP,1.869
2026-09-17T12:49Z,12241,g98e5,1.929
2026-09-17T12:49Z,12248,g95e5,2.039
2026-09-17T12:49Z,12248,gA,2.029
2026-09-17T12:49Z,12248,gP,2.069
2026-09-17T12:49Z,12249,g95e5,1.499
2026-09-17T12:49Z,12249,gA,1.635
2026-09-17T12:49Z,12249,g98e5,1.619
2026-09-17T12:49Z,12254,gA,1.949
2026-09-17T12:49Z,12257,g95e5,1.765
2026-09-17T12:49Z,12257,gA,1.789
2026-09-17T12:49Z,12267,g95e5,2.063
2026-09-17T12:49Z,12267,gA,2.135
2026-09-17T12:49Z,12267,gP,2.194
2026-09-17T12:49Z,12267,g98e5,2.180
2026-09-17T12:49Z,12271,gA,1.989
2026-09-17T12:49Z,12274,g95e5,1.859
2026-09-17T12:49Z,12276,g95e5,2.037
2026-09-17T12:49Z,12276,gA,2.003
2026-09-17T12:49Z,12276,gP,2.073
2026-09-17T12:49Z,12276,g98e5,2.197
2026-09-17T12:49Z,12282,g95e5,1.899
2026-09-17T12:49Z,12282,gA,1.939
2026-09-17T12:49Z,12282,g98e5,2.019
2026-09-17T12:49Z,12286,gA,1.979
2026-09-17T12:49Z,12297,gA,1.789
2026-09-17T12:49Z,12301,g95e5,1.875
2026-09-17T12:49Z,12301,gA,1.865
2026-09-17T12:49Z,12301,gP,1.915
2026-09-17T12:49Z,12301,g98e5,1.985
2026-09-17T12:49Z,12303,g95e5,1.789
2026-09-17T12:49Z,12303,gA,1.779
2026-09-17T12:49Z,12305,gA,2.019
2026-09-17T12:49Z,12307,g95e5,1.819
2026-09-17T12:49Z,12307,gA,1.829
2026-09-17T12:49Z,12307,gP,1.849
2026-09-17T12:49Z,12310,g95e5,1.891
2026-09-17T12:49Z,12310,gA,1.873
2026-09-17T12:49Z,12310,gP,1.973
2026-09-17T12:49Z,12310,g98e5,1.999
2026-09-17T12:49Z,12321,g95e5,1.799
2026-09-17T12:49Z,12321,gA,1.799
2026-09-17T12:49Z,12321,gP,1.899
2026-09-17T12:49Z,12321,g98e5,1.999
2026-09-17T12:49Z,12327,g95e5,1.989
2026-09-17T12:49Z,12327,gA,1.939
2026-09-17T12:49Z,12327,gP,1.979
2026-09-17T12:49Z,12330,g95e5,2.029
2026-09-17T12:49Z,12330,gA,1.999
2026-09-17T12:49Z,12330,gP,2.089
2026-09-17T12:49Z,12330,g98e5,2.149
2026-09-17T12:49Z,12335,g95e5,1.769
2026-09-17T12:49Z,12335,gA,1.799
2026-09-17T12:49Z,12337,g95e5,1.859
2026-09-17T12:49Z,12337,gA,1.839
2026-09-17T12:49Z,12350,gA,2.019
2026-09-17T12:49Z,12351,gA,2.009
2026-09-17T12:49Z,12355,g95e5,1.979
2026-09-17T12:49Z,12355,gA,1.939
2026-09-17T12:49Z,12355,gP,1.979
2026-09-17T12:49Z,12355,g98e5,2.079
2026-09-17T12:49Z,12355,glp,1.059
2026-09-17T12:49Z,12358,g95e5,1.999
2026-09-17T12:49Z,12358,gA,2.029
2026-09-17T12:49Z,12358,gP,2.109
2026-09-17T12:49Z,12358,g98e5,2.159
2026-09-17T12:49Z,12360,g95e5,1.769
2026-09-17T12:49Z,12360,gA,1.839
2026-09-17T12:49Z,12364,g95e5,1.969
2026-09-17T12:49Z,12364,gA,1.919
2026-09-17T12:49Z,12364,gP,1.999
2026-09-17T12:49Z,12364,g98e5,2.109
2026-09-17T12:49Z,12368,g95e5,1.809
2026-09-17T12:49Z,12368,gA,1.799
2026-09-17T12:49Z,12369,g95e5,2.029
2026-09-17T12:49Z,12369,gA,1.985
2026-09-17T12:49Z,12369,gP,2.075
2026-09-17T12:49Z,12369,g98e5,2.169
2026-09-17T12:49Z,12371,g95e5,1.975
2026-09-17T12:49Z,12371,gA,1.975
2026-09-17T12:49Z,12371,gP,2.055
2026-09-17T12:49Z,12371,g98e5,2.085
2026-09-17T12:49Z,12396,gA,2.005
2026-09-17T12:49Z,12400,g95e5,1.819
2026-09-17T12:49Z,12400,gA,1.789
2026-09-17T12:49Z,12400,gB,1.559
2026-09-17T12:49Z,12402,gB,1.477
2026-09-17T12:49Z,12406,g95e5,1.975
2026-09-17T12:49Z,12406,gA,1.932
2026-09-17T12:49Z,12416,gA,2.025
2026-09-17T12:49Z,12416,gP,2.070
2026-09-17T12:49Z,12419,g95e5,1.829
2026-09-17T12:49Z,12419,gA,1.819
2026-09-17T12:49Z,12424,g95e5,1.809
2026-09-17T12:49Z,12424,gA,1.799
2026-09-17T12:49Z,12426,g95e5,1.838
2026-09-17T12:49Z,12426,gA,1.828
2026-09-17T12:49Z,12431,g95e5,1.769
2026-09-17T12:49Z,12431,gA,1.799
2026-09-17T12:49Z,12435,gA,1.879
2026-09-17T12:49Z,12435,gP,1.919
2026-09-17T12:49Z,12436,g95e5,1.929
2026-09-17T12:49Z,12436,gA,1.949
2026-09-17T12:49Z,12436,gP,2.029
2026-09-17T12:49Z,12436,g98e5,2.069
2026-09-17T12:49Z,12441,gA,2.080
2026-09-17T12:49Z,12443,g95e5,1.899
2026-09-17T12:49Z,12443,gA,1.929
2026-09-17T12:49Z,12444,g95e5,1.859
2026-09-17T12:49Z,12444,gA,1.836
2026-09-17T12:49Z,12444,gP,1.876
2026-09-17T12:49Z,12453,g95e5,2.059
2026-09-17T12:49Z,12454,g95e5,1.833
2026-09-17T12:49Z,12454,gA,1.884
2026-09-17T12:49Z,12458,g95e5,1.989
2026-09-17T12:49Z,12465,gA,1.899
2026-09-17T12:49Z,12469,g95e5,2.050
2026-09-17T12:49Z,12469,gA,1.999
2026-09-17T12:49Z,12475,g95e5,1.829
2026-09-17T12:49Z,12475,gA,1.799
2026-09-17T12:49Z,12475,g98e5,1.979
2026-09-17T12:49Z,12477,g95e5,1.959
2026-09-17T12:49Z,12477,gA,1.949
2026-09-17T12:49Z,12477,gP,2.009
2026-09-17T12:49Z,12477,g98e5,2.059
2026-09-17T12:49Z,12485,g95e5,1.988
2026-09-17T12:49Z,12485,gA,1.917
2026-09-17T12:49Z,12485,gP,2.027
2026-09-17T12:49Z,12485,g98e5,2.118
2026-09-17T12:49Z,12485,glp,1.058
2026-09-17T12:49Z,12486,g95e5,1.899
2026-09-17T12:49Z,12486,gA,1.879
2026-09-17T12:49Z,12488,g95e5,1.829
2026-09-17T12:49Z,12488,gA,1.839
2026-09-17T12:49Z,12495,gA,1.929
2026-09-17T12:49Z,12508,g95e5,1.769
2026-09-17T12:49Z,12511,g95e5,1.839
2026-09-17T12:49Z,12511,gA,1.829
2026-09-17T12:49Z,12525,g95e5,1.899
2026-09-17T12:49Z,12525,gA,1.899
2026-09-17T12:49Z,12525,gP,1.899
2026-09-17T12:49Z,12529,g95e5,1.819
2026-09-17T12:49Z,12529,gA,1.839
2026-09-17T12:49Z,12530,g95e5,1.806
2026-09-17T12:49Z,12530,gA,1.818
2026-09-17T12:49Z,12538,g95e5,2.029
2026-09-17T12:49Z,12538,g98e5,2.169
2026-09-17T12:49Z,12549,gA,1.869
2026-09-17T12:49Z,12551,g95e5,1.859
2026-09-17T12:49Z,12551,gA,1.819
2026-09-17T12:49Z,12558,glp,1.165
2026-09-17T12:49Z,12561,gA,1.949
2026-09-17T12:49Z,12566,g95e5,1.859
2026-09-17T12:49Z,12595,gA,1.859
2026-09-17T12:49Z,12595,gB,1.569
2026-09-17T12:49Z,12600,gA,1.989
2026-09-17T12:49Z,12604,g95e5,1.995
2026-09-17T12:49Z,12604,gA,1.995
2026-09-17T12:49Z,12604,gP,2.095
2026-09-17T12:49Z,12604,g98e5,2.155
2026-09-17T12:49Z,12606,gA,1.959
2026-09-17T12:49Z,12607,g95e5,2.019
2026-09-17T12:49Z,12607,gA,1.979
2026-09-17T12:49Z,12608,g95e5,2.019
2026-09-17T12:49Z,12608,gA,1.939
2026-09-17T12:49Z,12615,g95e5,1.979
2026-09-17T12:49Z,12615,gA,2.009
2026-09-17T12:49Z,12615,gP,2.099
2026-09-17T12:49Z,12616,g95e5,1.839
2026-09-17T12:49Z,12616,gA,1.819
2026-09-17T12:49Z,12628,gA,1.799
2026-09-17T12:49Z,12629,g95e5,1.779
2026-09-17T12:49Z,12629,gA,1.799
2026-09-17T12:49Z,12629,gP,1.849
2026-09-17T12:49Z,12629,gB,1.479
2026-09-17T12:49Z,12631,g95e5,1.769
2026-09-17T12:49Z,12631,gA,1.759
2026-09-17T12:49Z,12652,gA,2.015
2026-09-17T12:49Z,12652,gB,1.873
2026-09-17T12:49Z,12653,g95e5,2.029
2026-09-17T12:49Z,12653,gA,2.009
2026-09-17T12:49Z,12653,gP,2.109
2026-09-17T12:49Z,12655,g95e5,1.859
2026-09-17T12:49Z,12655,gA,1.899
2026-09-17T12:49Z,12666,gA,1.799
2026-09-17T12:49Z,12673,g95e5,1.869
2026-09-17T12:49Z,12673,gA,1.859
2026-09-17T12:49Z,12673,g98e5,1.969
2026-09-17T12:49Z,12695,g95e5,1.949
2026-09-17T12:49Z,12695,gA,1.965
2026-09-17T12:49Z,12695,gP,2.065
2026-09-17T12:49Z,12700,g95e5,1.799
2026-09-17T12:49Z,12700,gA,1.769
2026-09-17T12:49Z,12708,g95e5,2.075
2026-09-17T12:49Z,12708,gA,2.015
2026-09-17T12:49Z,12710,gA,1.869
2026-09-17T12:49Z,12714,gA,1.779
2026-09-17T12:49Z,12716,g95e5,1.919
2026-09-17T12:49Z,12716,gA,1.899
2026-09-17T12:49Z,12721,g95e5,1.829
2026-09-17T12:49Z,12721,gA,1.849
2026-09-17T12:49Z,12721,gP,1.899
2026-09-17T12:49Z,12721,g95e5p,1.879
2026-09-17T12:49Z,12730,g95e5,1.729
2026-09-17T12:49Z,12730,gA,1.747
2026-09-17T12:49Z,12734,g95e5,1.879
2026-09-17T12:49Z,12734,gA,1.869
2026-09-17T12:49Z,12757,gA,1.786
2026-09-17T12:49Z,12762,g95e5,1.979
2026-09-17T12:49Z,12762,gA,1.959
2026-09-17T12:49Z,12765,g95e5,1.839
2026-09-17T12:49Z,12765,gA,1.839
2026-09-17T12:49Z,12772,gA,1.849
2026-09-17T12:49Z,12784,g95e5,1.538
2026-09-17T12:49Z,12785,g95e5,1.999
2026-09-17T12:49Z,12785,gA,2.019
2026-09-17T12:49Z,12786,gA,1.900
2026-09-17T12:49Z,12786,gB,1.650
2026-09-17T12:49Z,12787,gA,2.039
2026-09-17T12:49Z,12788,gA,1.819
2026-09-17T12:49Z,12789,gA,1.995
2026-09-17T12:49Z,12795,gA,2.049
2026-09-17T12:49Z,12795,gP,2.134
2026-09-17T12:49Z,12797,g95e5,1.797
2026-09-17T12:49Z,12797,gA,1.775
2026-09-17T12:49Z,12799,g95e5,1.919
2026-09-17T12:49Z,12799,gA,1.899
2026-09-17T12:49Z,12803,g95e5,1.879
2026-09-17T12:49Z,12803,gA,1.889
2026-09-17T12:49Z,12805,g95e5,1.802
2026-09-17T12:49Z,12805,gA,1.879
2026-09-17T12:49Z,12807,g95e5,1.869
2026-09-17T12:49Z,12807,gA,1.849
2026-09-17T12:49Z,12812,gA,1.969
2026-09-17T12:49Z,12812,gP,2.009
2026-09-17T12:49Z,12812,g98e5,2.059
2026-09-17T12:49Z,12816,g95e5,1.999
2026-09-17T12:49Z,12816,gA,1.969
2026-09-17T12:49Z,12816,gP,2.009
2026-09-17T12:49Z,12818,g95e5,1.869
2026-09-17T12:49Z,12818,gA,1.859
2026-09-17T12:49Z,12824,gA,1.727
2026-09-17T12:49Z,12826,g95e5,1.959
2026-09-17T12:49Z,12830,g95e5,1.849
2026-09-17T12:49Z,12830,gA,1.859
2026-09-17T12:49Z,12832,g95e5,1.829
2026-09-17T12:49Z,12832,gA,1.799
2026-09-17T12:49Z,12836,g95e5,1.900
2026-09-17T12:49Z,12836,gA,1.860
2026-09-17T12:49Z,12836,gB,1.660
2026-09-17T12:49Z,12842,g95e5,1.809
2026-09-17T12:49Z,12842,gA,1.799
2026-09-17T12:49Z,12846,gA,1.955
2026-09-17T12:49Z,12848,g95e5,1.569
2026-09-17T12:49Z,12848,gA,1.659
2026-09-17T12:49Z,12848,gP,1.749
2026-09-17T12:49Z,12848,g98e5,1.689
2026-09-17T12:49Z,12856,g95e5,1.985
2026-09-17T12:49Z,12856,gA,2.025
2026-09-17T12:49Z,12856,gP,2.065
2026-09-17T12:49Z,12859,gA,1.855
2026-09-17T12:49Z,12865,gA,2.019
2026-09-17T12:49Z,12865,gP,2.104
2026-09-17T12:49Z,12866,g95e5,2.069
2026-09-17T12:49Z,12866,gA,2.009
2026-09-17T12:49Z,12866,gP,2.104
2026-09-17T12:49Z,12869,g95e5,1.759
2026-09-17T12:49Z,12869,gA,1.799
2026-09-17T12:49Z,12873,g95e5,1.959
2026-09-17T12:49Z,12873,gA,1.939
2026-09-17T12:49Z,12882,g95e5,1.869
2026-09-17T12:49Z,12882,gA,1.829
2026-09-17T12:49Z,12882,gP,1.879
2026-09-17T12:49Z,12890,g95e5,1.729
2026-09-17T12:49Z,12890,gA,1.699
2026-09-17T12:49Z,12894,g95e5,1.809
2026-09-17T12:49Z,12894,gA,1.789
2026-09-17T12:49Z,12901,gA,1.887
2026-09-17T12:49Z,12905,g95e5,1.989
2026-09-17T12:49Z,12905,gA,1.959
2026-09-17T12:49Z,12905,gP,1.999
2026-09-17T12:49Z,12905,g98e5,2.089
2026-09-17T12:49Z,12906,g95e5,1.779
2026-09-17T12:49Z,12906,gA,1.785
2026-09-17T12:49Z,12907,g95e5,1.859
2026-09-17T12:49Z,12907,gA,1.859
2026-09-17T12:49Z,12909,g95e5,1.939
2026-09-17T12:49Z,12909,gA,1.949
2026-09-17T12:49Z,12913,g95e5,1.819
2026-09-17T12:49Z,12913,gA,1.819
2026-09-17T12:49Z,12914,g95e5,1.807
2026-09-17T12:49Z,12914,gA,1.832
2026-09-17T12:49Z,12914,gB,1.559
2026-09-17T12:49Z,12923,g95e5,1.809
2026-09-17T12:49Z,12923,gA,1.759
2026-09-17T12:49Z,12928,g95e5,2.009
2026-09-17T12:49Z,12928,gA,1.999
2026-09-17T12:49Z,12928,gP,2.069
2026-09-17T12:49Z,12928,g98e5,2.179
2026-09-17T12:49Z,12931,g95e5,1.989
2026-09-17T12:49Z,12931,gA,1.999
2026-09-17T12:49Z,12931,gP,2.039
2026-09-17T12:49Z,12932,g95e5,1.899
2026-09-17T12:49Z,12932,gA,1.889
2026-09-17T12:49Z,12932,gP,1.949
2026-09-17T12:49Z,12934,g95e5,1.833
2026-09-17T12:49Z,12934,gA,1.884
2026-09-17T12:49Z,12947,g95e5,1.818
2026-09-17T12:49Z,12947,gA,1.808
2026-09-17T12:49Z,12951,g95e5,1.809
2026-09-17T12:49Z,12951,gA,1.789
2026-09-17T12:49Z,12955,gA,1.799
2026-09-17T12:49Z,12956,g95e5,1.899
2026-09-17T12:49Z,12956,gA,1.859
2026-09-17T12:49Z,12960,gA,2.019
2026-09-17T12:49Z,12960,gP,2.059
2026-09-17T12:49Z,12960,g98e5,2.119
2026-09-17T12:49Z,12961,g95e5,1.999
2026-09-17T12:49Z,12961,gA,1.949
2026-09-17T12:49Z,12961,gP,1.989
2026-09-17T12:49Z,12965,g95e5,1.939
2026-09-17T12:49Z,12965,gA,1.939
2026-09-17T12:49Z,12965,gP,1.999
2026-09-17T12:49Z,12969,gA,1.669
2026-09-17T12:49Z,12972,g95e5,1.989
2026-09-17T12:49Z,12972,gA,1.959
2026-09-17T12:49Z,12972,gP,1.969
2026-09-17T12:49Z,12972,g98e5,2.079
2026-09-17T12:49Z,12975,g95e5,1.879
2026-09-17T12:49Z,12975,gA,1.849
2026-09-17T12:49Z,12977,g95e5,2.029
2026-09-17T12:49Z,12977,g95e5p,2.099
2026-09-17T12:49Z,12984,gA,1.597
2026-09-17T12:49Z,12988,g95e5,1.779
2026-09-17T12:49Z,12988,gA,1.779
2026-09-17T12:49Z,12990,g95e5,1.789
2026-09-17T12:49Z,12990,gA,1.805
2026-09-17T12:49Z,12991,g95e5,1.889
2026-09-17T12:49Z,12991,gA,1.869
2026-09-17T12:49Z,12995,gA,1.889
2026-09-17T12:49Z,12998,gA,2.019
2026-09-17T12:49Z,13007,g95e5,1.765
2026-09-17T12:49Z,13007,gA,1.765
2026-09-17T12:49Z,13007,gP,1.805
2026-09-17T12:49Z,13009,g95e5,1.879
2026-09-17T12:49Z,13009,gA,1.839
2026-09-17T12:49Z,13011,gA,1.867
2026-09-17T12:49Z,13015,g95e5,1.869
2026-09-17T12:49Z,13024,g95e5,1.859
2026-09-17T12:49Z,13024,gA,1.849
2026-09-17T12:49Z,13027,g95e5,2.029
2026-09-17T12:49Z,13027,gA,2.039
2026-09-17T12:49Z,13027,gP,2.119
2026-09-17T12:49Z,13032,g95e5,1.849
2026-09-17T12:49Z,13032,gA,1.859
2026-09-17T12:49Z,13036,g95e5,2.059
2026-09-17T12:49Z,13036,gA,1.999
2026-09-17T12:49Z,13036,gP,2.109
2026-09-17T12:49Z,13036,g98e5,2.179
2026-09-17T12:49Z,13039,g95e5,1.849
2026-09-17T12:49Z,13039,gA,1.849
2026-09-17T12:49Z,13041,g95e5,2.089
2026-09-17T12:49Z,13041,gA,2.079
2026-09-17T12:49Z,13047,g95e5,1.819
2026-09-17T12:49Z,13047,gA,1.819
2026-09-17T12:49Z,13049,gA,1.859
2026-09-17T12:49Z,13052,g95e5,1.969
2026-09-17T12:49Z,13052,gA,1.999
2026-09-17T12:49Z,13077,gA,1.999
2026-09-17T12:49Z,13078,g95e5,1.877
2026-09-17T12:49Z,13078,gA,1.867
2026-09-17T12:49Z,13078,glp,0.979
2026-09-17T12:49Z,13088,g95e5,2.059
2026-09-17T12:49Z,13088,gA,2.049
2026-09-17T12:49Z,13088,gP,2.079
2026-09-17T12:49Z,13095,gA,1.973
2026-09-17T12:49Z,13096,g95e5,1.799
2026-09-17T12:49Z,13096,gA,1.849
2026-09-17T12:49Z,13098,g95e5,1.909
2026-09-17T12:49Z,13098,gA,1.859
2026-09-17T12:49Z,13103,g95e5,1.929
2026-09-17T12:49Z,13103,gA,1.909
2026-09-17T12:49Z,13103,gB,1.759
2026-09-17T12:49Z,13106,g95e5,2.039
2026-09-17T12:49Z,13106,gA,1.999
2026-09-17T12:49Z,13106,g98e5,2.159
2026-09-17T12:49Z,13117,g95e5,1.809
2026-09-17T12:49Z,13117,gA,1.829
2026-09-17T12:49Z,13120,gA,1.895
2026-09-17T12:49Z,13126,gA,1.869
2026-09-17T12:49Z,13127,g95e5,1.979
2026-09-17T12:49Z,13127,gA,1.999
2026-09-17T12:49Z,13127,gP,2.039
2026-09-17T12:49Z,13127,g98e5,2.089
2026-09-17T12:49Z,13131,g95e5,2.049
2026-09-17T12:49Z,13131,gA,2.039
2026-09-17T12:49Z,13134,g95e5,2.059
2026-09-17T12:49Z,13134,gA,2.014
2026-09-17T12:49Z,13134,g98e5,2.199
2026-09-17T12:49Z,13134,gB,1.659
2026-09-17T12:49Z,13137,g95e5,1.859
2026-09-17T12:49Z,13137,gA,1.909
2026-09-17T12:49Z,13143,gA,1.849
2026-09-17T12:49Z,13156,g95e5,1.999
2026-09-17T12:49Z,13156,gA,1.969
2026-09-17T12:49Z,13156,gP,2.059
2026-09-17T12:49Z,13156,g98e5,2.129
2026-09-17T12:49Z,13159,g95e5,1.779
2026-09-17T12:49Z,13161,g95e5,1.830
2026-09-17T12:49Z,13161,gA,1.830
2026-09-17T12:49Z,13161,gP,1.870
2026-09-17T12:49Z,13161,gB,1.570
2026-09-17T12:49Z,13165,g95e5,1.809
2026-09-17T12:49Z,13170,g95e5,2.025
2026-09-17T12:49Z,13170,gA,1.965
2026-09-17T12:49Z,13170,gP,2.065
2026-09-17T12:49Z,13170,g98e5,2.165
2026-09-17T12:49Z,13174,gB,1.676
2026-09-17T12:49Z,13177,gA,1.907
2026-09-17T12:49Z,13177,gP,1.907
2026-09-17T12:49Z,13177,g95e5p,1.879
2026-09-17T12:49Z,13179,g95e5,1.769
2026-09-17T12:49Z,13179,gA,1.759
2026-09-17T12:49Z,13183,gA,1.939
2026-09-17T12:49Z,13185,g95e5,1.889
2026-09-17T12:49Z,13185,gA,1.859
2026-09-17T12:49Z,13194,g95e5,1.839
2026-09-17T12:49Z,13201,g95e5,1.498
2026-09-17T12:49Z,13201,gA,1.618
2026-09-17T12:49Z,13201,g98e5,1.578
2026-09-17T12:49Z,13202,g95e5,2.068
2026-09-17T12:49Z,13202,gA,1.985
2026-09-17T12:49Z,13202,g98e5,2.178
2026-09-17T12:49Z,13204,g95e5,1.869
2026-09-17T12:49Z,13204,gA,1.829
2026-09-17T12:49Z,13207,gA,1.829
2026-09-17T12:49Z,13214,g95e5,2.009
2026-09-17T12:49Z,13214,gA,1.964
2026-09-17T12:49Z,13214,gP,2.044
2026-09-17T12:49Z,13214,g98e5,2.149
2026-09-17T12:49Z,13222,g95e5,1.869
2026-09-17T12:49Z,13224,g95e5,1.989
2026-09-17T12:49Z,13224,gA,1.999
2026-09-17T12:49Z,13224,gP,2.039
2026-09-17T12:49Z,13226,g95e5,1.817
2026-09-17T12:49Z,13226,gA,1.817
2026-09-17T12:49Z,13237,gA,1.779
2026-09-17T12:49Z,13242,g95e5,1.949
2026-09-17T12:49Z,13242,gA,1.939
2026-09-17T12:49Z,13243,g95e5,1.889
2026-09-17T12:49Z,13243,gA,1.879
2026-09-17T12:49Z,13253,gA,1.988
2026-09-17T12:49Z,13259,gA,1.899
2026-09-17T12:49Z,13265,g95e5,1.859
2026-09-17T12:49Z,13265,gA,1.849
2026-09-17T12:49Z,13278,g95e5,1.919
2026-09-17T12:49Z,13278,gA,1.829
2026-09-17T12:49Z,13279,g95e5,1.857
2026-09-17T12:49Z,13279,gA,1.827
2026-09-17T12:49Z,13286,g95e5,1.898
2026-09-17T12:49Z,13286,gA,1.859
2026-09-17T12:49Z,13287,g95e5,1.859
2026-09-17T12:49Z,13287,gA,1.859
2026-09-17T12:49Z,13291,g95e5,1.949
2026-09-17T12:49Z,13291,gA,1.949
2026-09-17T12:49Z,13291,gP,1.989
2026-09-17T12:49Z,13300,g95e5,1.849
2026-09-17T12:49Z,13300,gA,1.829
2026-09-17T12:49Z,13304,g95e5,1.979
2026-09-17T12:49Z,13304,gA,1.989
2026-09-17T12:49Z,13304,gP,2.029
2026-09-17T12:49Z,13305,gA,1.742
2026-09-17T12:49Z,13306,g95e5,1.829
2026-09-17T12:49Z,13306,gA,1.829
2026-09-17T12:49Z,13315,g95e5,1.459
2026-09-17T12:49Z,13315,gA,1.599
2026-09-17T12:49Z,13320,g95e5,1.839
2026-09-17T12:49Z,13320,gA,1.859
2026-09-17T12:49Z,13327,g95e5,1.809
2026-09-17T12:49Z,13327,gA,1.759
2026-09-17T12:49Z,13328,gA,1.929
2026-09-17T12:49Z,13328,gP,1.979
2026-09-17T12:49Z,13328,g98e5,2.059
2026-09-17T12:49Z,13344,gA,1.879
2026-09-17T12:49Z,13347,g95e5,1.829
2026-09-17T12:49Z,13347,gA,1.829
2026-09-17T12:49Z,13347,gP,1.829
2026-09-17T12:49Z,13349,g95e5,1.989
2026-09-17T12:49Z,13349,gA,1.999
2026-09-17T12:49Z,13360,g95e5,1.869
2026-09-17T12:49Z,13360,gA,1.859
2026-09-17T12:49Z,13360,g98e5,1.969
2026-09-17T12:49Z,13361,gA,1.975
2026-09-17T12:49Z,13362,gA,2.055
2026-09-17T12:49Z,13368,g95e5,1.868
2026-09-17T12:49Z,13368,gA,1.827
2026-09-17T12:49Z,13368,gP,1.927
2026-09-17T12:49Z,13368,g98e5,1.959
2026-09-17T12:49Z,13370,g95e5,1.929
2026-09-17T12:49Z,13370,gA,1.839
2026-09-17T12:49Z,13374,g95e5,1.801
2026-09-17T12:49Z,13374,gA,1.801
2026-09-17T12:49Z,13381,g95e5,1.929
2026-09-17T12:49Z,13381,gA,1.839
2026-09-17T12:49Z,13383,g95e5,1.809
2026-09-17T12:49Z,13383,gA,1.719
2026-09-17T12:49Z,13390,g95e5,1.859
2026-09-17T12:49Z,13390,gA,1.809
2026-09-17T12:49Z,13390,gP,1.869
2026-09-17T12:49Z,13390,g98e5,2.029
2026-09-17T12:49Z,13391,g95e5,1.829
2026-09-17T12:49Z,13391,gA,1.829
2026-09-17T12:49Z,13407,g95e5,1.799
2026-09-17T12:49Z,13407,gA,1.789
2026-09-17T12:49Z,13409,g95e5,1.829
2026-09-17T12:49Z,13409,gA,1.839
2026-09-17T12:49Z,13411,gA,2.039
2026-09-17T12:49Z,13411,gP,2.139
2026-09-17T12:49Z,13411,g98e5,2.179
2026-09-17T12:49Z,13412,g95e5,1.999
2026-09-17T12:49Z,13412,gA,1.999
2026-09-17T12:49Z,13413,g95e5,1.829
2026-09-17T12:49Z,13413,gA,1.829
2026-09-17T12:49Z,13415,g95e5,1.884
2026-09-17T12:49Z,13415,gA,1.885
2026-09-17T12:49Z,13415,gP,1.928
2026-09-17T12:49Z,13415,gB,1.581
2026-09-17T12:49Z,13417,g95e5,1.859
2026-09-17T12:49Z,13417,gA,1.849
2026-09-17T12:49Z,13428,g95e5,1.799
2026-09-17T12:49Z,13428,gA,1.789
2026-09-17T12:49Z,13428,gP,1.849
2026-09-17T12:49Z,13429,g95e5,1.859
2026-09-17T12:49Z,13429,gA,1.809
2026-09-17T12:49Z,13432,g95e5,1.899
2026-09-17T12:49Z,13432,gA,1.879
2026-09-17T12:49Z,13435,g95e5,1.845
2026-09-17T12:49Z,13435,gA,1.875
2026-09-17T12:49Z,13439,g95e5,1.789
2026-09-17T12:49Z,13439,gA,1.769
2026-09-17T12:49Z,13455,g95e5,1.779
2026-09-17T12:49Z,13459,g95e5,1.849
2026-09-17T12:49Z,13461,gA,1.799
2026-09-17T12:49Z,13465,g95e5,1.909
2026-09-17T12:49Z,13465,gA,1.899
2026-09-17T12:49Z,13471,g95e5,1.999
2026-09-17T12:49Z,13471,gA,1.989
2026-09-17T12:49Z,13471,gB,1.869
2026-09-17T12:49Z,13476,g95e5,1.770
2026-09-17T12:49Z,13476,gP,1.780
2026-09-17T12:49Z,13479,g95e5,1.999
2026-09-17T12:49Z,13481,gA,1.739
2026-09-17T12:49Z,13482,g95e5,1.869
2026-09-17T12:49Z,13482,gA,1.829
2026-09-17T12:49Z,13482,gP,1.879
2026-09-17T12:49Z,13483,g95e5,1.891
2026-09-17T12:49Z,13483,gA,1.869
2026-09-17T12:49Z,13483,gP,1.969
2026-09-17T12:49Z,13483,g98e5,1.959
2026-09-17T12:49Z,13484,g95e5,1.886
2026-09-17T12:49Z,13484,gA,1.846
2026-09-17T12:49Z,13491,gA,2.009
2026-09-17T12:49Z,13491,gP,2.114
2026-09-17T12:49Z,13492,g95e5,1.829
2026-09-17T12:49Z,13492,gA,1.799
2026-09-17T12:49Z,13494,g95e5,1.829
2026-09-17T12:49Z,13494,gA,1.779
2026-09-17T12:49Z,13498,g95e5,1.859
2026-09-17T12:49Z,13498,gA,1.839
2026-09-17T12:49Z,13522,g95e5,1.847
2026-09-17T12:49Z,13522,gA,1.857
2026-09-17T12:49Z,13522,gP,1.957
2026-09-17T12:49Z,13523,gA,1.999
2026-09-17T12:49Z,13524,g95e5,1.819
2026-09-17T12:49Z,13524,gA,1.829
2026-09-17T12:49Z,13524,gP,1.829
2026-09-17T12:49Z,13526,g95e5,1.879
2026-09-17T12:49Z,13526,gA,1.879
2026-09-17T12:49Z,13527,g95e5,1.838
2026-09-17T12:49Z,13527,gA,1.838
2026-09-17T12:49Z,13527,gP,1.838
2026-09-17T12:49Z,13527,g95e10,1.838
2026-09-17T12:49Z,13528,g95e5,1.759
2026-09-17T12:49Z,13528,gA,1.769
2026-09-17T12:49Z,13529,g95e5,1.999
2026-09-17T12:49Z,13529,gA,2.055
2026-09-17T12:49Z,13529,gP,2.165
2026-09-17T12:49Z,13529,gB,1.869
2026-09-17T12:49Z,13535,g95e5,1.869
2026-09-17T12:49Z,13535,gA,1.849
2026-09-17T12:49Z,13540,g95e5,1.829
2026-09-17T12:49Z,13542,g95e5,2.039
2026-09-17T12:49Z,13542,gA,2.035
2026-09-17T12:49Z,13542,gP,2.099
2026-09-17T12:49Z,13542,g98e5,2.185
2026-09-17T12:49Z,13548,g95e5,1.866
2026-09-17T12:49Z,13548,gA,1.919
2026-09-17T12:49Z,13553,gA,1.919
2026-09-17T12:49Z,13553,gP,1.959
2026-09-17T12:49Z,13556,g95e5,1.929
2026-09-17T12:49Z,13556,gA,1.929
2026-09-17T12:49Z,13556,gP,1.969
2026-09-17T12:49Z,13558,g95e5,1.889
2026-09-17T12:49Z,13558,gA,1.839
2026-09-17T12:49Z,13570,g95e5,1.859
2026-09-17T12:49Z,13570,gA,1.821
2026-09-17T12:49Z,13573,g95e5,1.885
2026-09-17T12:49Z,13573,gA,1.865
2026-09-17T12:49Z,13573,gP,1.925
2026-09-17T12:49Z,13573,g95e5p,1.945
2026-09-17T12:49Z,13576,gA,2.079
2026-09-17T12:49Z,13584,g95e5,1.817
2026-09-17T12:49Z,13584,gA,1.775
2026-09-17T12:49Z,13585,g95e5,1.829
2026-09-17T12:49Z,13585,gA,1.739
2026-09-17T12:49Z,13588,gP,2.019
2026-09-17T12:49Z,13597,g95e5,1.839
2026-09-17T12:49Z,13597,gA,1.829
2026-09-17T12:49Z,13602,g95e5,2.019
2026-09-17T12:49Z,13602,gA,1.999
2026-09-17T12:49Z,13602,gP,2.039
2026-09-17T12:49Z,13613,g95e5,1.827
2026-09-17T12:49Z,13622,g95e5,1.909
2026-09-17T12:49Z,13622,gA,1.879
2026-09-17T12:49Z,13622,gP,1.919
2026-09-17T12:49Z,13634,g95e5,1.819
2026-09-17T12:49Z,13648,g95e5,1.875
2026-09-17T12:49Z,13648,gA,1.859
2026-09-17T12:49Z,13663,g95e5,1.479
2026-09-17T12:49Z,13663,gA,1.619
2026-09-17T12:49Z,13663,g98e5,1.579
2026-09-17T12:49Z,13669,g95e5,1.869
2026-09-17T12:49Z,13673,g95e5,1.869
2026-09-17T12:49Z,13673,gA,1.865
2026-09-17T12:49Z,13674,gA,1.979
2026-09-17T12:49Z,13674,gP,2.019
2026-09-17T12:49Z,13677,g95e5,1.809
2026-09-17T12:49Z,13677,gA,1.795
2026-09-17T12:49Z,13679,g95e5,1.887
2026-09-17T12:49Z,13682,g95e5,1.829
2026-09-17T12:49Z,13682,gA,1.829
2026-09-17T12:49Z,13694,g95e5,1.529
2026-09-17T12:49Z,13694,gA,1.659
2026-09-17T12:49Z,13694,gP,1.759
2026-09-17T12:49Z,13694,g98e5,1.659
2026-09-17T12:49Z,13708,g95e5,1.849
2026-09-17T12:49Z,13708,gA,1.829
2026-09-17T12:49Z,13713,g95e5,2.009
2026-09-17T12:49Z,13713,gA,1.974
2026-09-17T12:49Z,13713,gP,2.054
2026-09-17T12:49Z,13713,g98e5,2.149
2026-09-17T12:49Z,13716,gA,1.919
2026-09-17T12:49Z,13716,gB,1.759
2026-09-17T12:49Z,13728,g95e5,1.919
2026-09-17T12:49Z,13728,gA,1.949
2026-09-17T12:49Z,13736,g95e5,2.059
2026-09-17T12:49Z,13736,gA,2.039
2026-09-17T12:49Z,13736,gP,2.134
2026-09-17T12:49Z,13736,g95e5p,2.129
2026-09-17T12:49Z,13747,gA,2.019
2026-09-17T12:49Z,13752,g95e5,1.809
2026-09-17T12:49Z,13752,gA,1.829
2026-09-17T12:49Z,13757,gA,1.799
2026-09-17T12:49Z,13759,g95e5,2.029
2026-09-17T12:49Z,13759,gA,1.979
2026-09-17T12:49Z,13759,gP,2.074
2026-09-17T12:49Z,13759,g95e5p,2.109
2026-09-17T12:49Z,13774,g95e5,1.749
2026-09-17T12:49Z,13774,gA,1.809
2026-09-17T12:49Z,13775,g95e5,1.789
2026-09-17T12:49Z,13778,g95e5,1.839
2026-09-17T12:49Z,13778,gA,1.839
2026-09-17T12:49Z,13784,gA,2.019
2026-09-17T12:49Z,13786,gA,1.880
2026-09-17T12:49Z,13787,g95e5,1.959
2026-09-17T12:49Z,13787,gA,2.015
2026-09-17T12:49Z,13787,gB,1.815
2026-09-17T12:49Z,13798,g95e5,1.909
2026-09-17T12:49Z,13798,gA,1.899
2026-09-17T12:49Z,13801,g95e5,1.839
2026-09-17T12:49Z,13801,gA,1.839
2026-09-17T12:49Z,13814,g95e5,1.905
2026-09-17T12:49Z,13815,g95e5,1.859
2026-09-17T12:49Z,13815,gA,1.871
2026-09-17T12:49Z,13817,gA,1.919
2026-09-17T12:49Z,13834,g95e5,1.839
2026-09-17T12:49Z,13834,gA,1.819
2026-09-17T12:49Z,13836,gA,1.579
2026-09-17T12:49Z,13841,g95e5,1.889
2026-09-17T12:49Z,13841,gA,1.889
2026-09-17T12:49Z,13850,g95e5,1.989
2026-09-17T12:49Z,13850,gA,1.959
2026-09-17T12:49Z,13851,gP,2.027
2026-09-17T12:49Z,13851,g98e5,2.118
2026-09-17T12:49Z,13851,glp,1.058
2026-09-17T12:49Z,13854,g95e5,1.809
2026-09-17T12:49Z,13854,gA,1.819
2026-09-17T12:49Z,13866,gA,1.799
2026-09-17T12:49Z,13870,g95e5,1.875
2026-09-17T12:49Z,13870,gA,1.865
2026-09-17T12:49Z,13870,gP,1.915
2026-09-17T12:49Z,13876,g95e5,1.939
2026-09-17T12:49Z,13876,gA,1.949
2026-09-17T12:49Z,13879,g95e5,1.829
2026-09-17T12:49Z,13879,gA,1.819
2026-09-17T12:49Z,13892,g95e5,1.959
2026-09-17T12:49Z,13892,gA,1.969
2026-09-17T12:49Z,13892,gP,2.079
2026-09-17T12:49Z,13901,g95e5,1.799
2026-09-17T12:49Z,13904,g95e5,2.049
2026-09-17T12:49Z,13904,gA,2.059
2026-09-17T12:49Z,13904,gP,2.144
2026-09-17T12:49Z,13914,gA,1.879
2026-09-17T12:49Z,13923,g95e5,1.799
2026-09-17T12:49Z,13923,gA,1.839
2026-09-17T12:49Z,13928,g95e5,1.929
2026-09-17T12:49Z,13928,gA,1.979
2026-09-17T12:49Z,13932,g95e5,1.879
2026-09-17T12:49Z,13932,gA,1.839
2026-09-17T12:49Z,13932,gP,1.899
2026-09-17T12:49Z,13932,g98e5,2.129
2026-09-17T12:49Z,13933,g95e5,1.809
2026-09-17T12:49Z,13933,gA,1.789
2026-09-17T12:49Z,13939,g95e5,1.739
2026-09-17T12:49Z,13939,gA,1.759
2026-09-17T12:49Z,13941,g95e5,1.708
2026-09-17T12:49Z,13941,gA,1.729
2026-09-17T12:49Z,13946,gA,1.849
2026-09-17T12:49Z,13949,g95e5,1.959
2026-09-17T12:49Z,13949,gA,1.919
2026-09-17T12:49Z,13949,gP,1.969
2026-09-17T12:49Z,13956,g98e5,2.149
2026-09-17T12:49Z,13960,g95e5,2.009
2026-09-17T12:49Z,13964,gA,1.905
2026-09-17T12:49Z,13965,g95e5,1.839
2026-09-17T12:49Z,13965,gA,1.869
2026-09-17T12:49Z,13968,g95e5,1.899
2026-09-17T12:49Z,13968,gA,1.879
2026-09-17T12:49Z,13970,g95e5,1.849
2026-09-17T12:49Z,13970,gA,1.829
2026-09-17T12:49Z,13973,g95e5,1.869
2026-09-17T12:49Z,13973,gA,1.849
2026-09-17T12:49Z,13984,g95e5,1.869
2026-09-17T12:49Z,13984,gA,1.849
2026-09-17T12:49Z,13985,g95e5,2.005
2026-09-17T12:49Z,13985,gA,2.019
2026-09-17T12:49Z,13986,g95e5,1.849
2026-09-17T12:49Z,13986,gA,1.819
2026-09-17T12:49Z,13986,gP,1.819
2026-09-17T12:49Z,13986,g95e5p,1.849
2026-09-17T12:49Z,13994,g95e5,1.799
2026-09-17T12:49Z,13994,gA,1.779
2026-09-17T12:49Z,14005,g95e5,1.929
2026-09-17T12:49Z,14005,gA,1.869
2026-09-17T12:49Z,14005,gP,1.909
2026-09-17T12:49Z,14005,g98e5,2.029
2026-09-17T12:49Z,14005,gB,1.759
2026-09-17T12:49Z,14010,g95e5,1.849
2026-09-17T12:49Z,14010,gA,1.829
2026-09-17T12:49Z,14010,gP,1.879
2026-09-17T12:49Z,14010,g98e5,1.949
2026-09-17T12:49Z,14016,g95e5,1.839
2026-09-17T12:49Z,14016,gA,1.819
2026-09-17T12:49Z,14017,g95e5,1.817
2026-09-17T12:49Z,14017,gA,1.817
2026-09-17T12:49Z,14019,g95e5,1.899
2026-09-17T12:49Z,14019,gA,1.895
2026-09-17T12:49Z,14019,gP,1.945
2026-09-17T12:49Z,14029,g95e5,1.929
2026-09-17T12:49Z,14034,g95e5,1.469
2026-09-17T12:49Z,14034,gA,1.609
2026-09-17T12:49Z,14034,gP,1.699
2026-09-17T12:49Z,14034,g98e5,1.599
2026-09-17T12:49Z,14040,g95e5,1.969
2026-09-17T12:49Z,14040,gA,1.959
2026-09-17T12:49Z,14052,g95e5,1.989
2026-09-17T12:49Z,14052,gA,2.009
2026-09-17T12:49Z,14052,gP,2.099
2026-09-17T12:49Z,14052,g98e5,2.129
2026-09-17T12:49Z,14052,gB,1.759
2026-09-17T12:49Z,14055,g95e5,1.929
2026-09-17T12:49Z,14055,gP,1.969
2026-09-17T12:49Z,14058,g95e5,1.879
2026-09-17T12:49Z,14058,gA,1.859
2026-09-17T12:49Z,14069,g95e5,2.059
2026-09-17T12:49Z,14069,gA,2.099
2026-09-17T12:49Z,14069,gP,2.169
2026-09-17T12:49Z,14069,g95e5p,2.239
2026-09-17T12:49Z,14070,g95e5,1.819
2026-09-17T12:49Z,14070,gA,1.799
2026-09-17T12:49Z,14075,g95e5,1.769
2026-09-17T12:49Z,14078,gA,1.950
2026-09-17T12:49Z,14079,g95e5,1.869
2026-09-17T12:49Z,14079,gA,1.859
2026-09-17T12:49Z,14094,g95e5,1.849
2026-09-17T12:49Z,14094,gA,1.845
2026-09-17T12:49Z,14096,g95e5,1.769
2026-09-17T12:49Z,14096,gA,1.767
2026-09-17T12:49Z,14101,g95e5,1.799
2026-09-17T12:49Z,14101,gA,1.779
2026-09-17T12:49Z,14101,gP,1.839
2026-09-17T12:49Z,14108,g95e5,1.979
2026-09-17T12:49Z,14108,gA,1.979
2026-09-17T12:49Z,14108,gP,2.029
2026-09-17T12:49Z,14108,g98e5,2.099
2026-09-17T12:49Z,14111,g95e5,1.879
2026-09-17T12:49Z,14111,gA,1.887
2026-09-17T12:49Z,14111,gP,1.907
2026-09-17T12:49Z,14113,gA,1.779
2026-09-17T12:49Z,14117,g95e5,1.943
2026-09-17T12:49Z,14117,gA,1.932
2026-09-17T12:49Z,14123,gA,2.039
2026-09-17T12:49Z,14123,gP,2.134
2026-09-17T12:49Z,14136,g95e5,1.929
2026-09-17T12:49Z,14136,gA,1.839
2026-09-17T12:49Z,14137,gA,1.929
2026-09-17T12:49Z,14147,g95e5,1.966
2026-09-17T12:49Z,14147,gA,1.940
2026-09-17T12:49Z,14147,gP,2.030
2026-09-17T12:49Z,14154,g95e5,2.039
2026-09-17T12:49Z,14156,g95e5,1.999
2026-09-17T12:49Z,14156,gA,2.009
2026-09-17T12:49Z,14159,g95e5,1.875
2026-09-17T12:49Z,14159,gA,1.925
2026-09-17T12:49Z,14163,g95e5,1.909
2026-09-17T12:49Z,14163,gA,1.809
2026-09-17T12:49Z,14167,g95e5,1.874
2026-09-17T12:49Z,14167,gA,1.874
2026-09-17T12:49Z,14167,gP,1.894
2026-09-17T12:49Z,14167,g98e5,1.964
2026-09-17T12:49Z,14168,g95e5,1.399
2026-09-17T12:49Z,14168,gA,1.569
2026-09-17T12:49Z,14168,gP,1.616
2026-09-17T12:49Z,14180,g95e5,1.779
2026-09-17T12:49Z,14180,gA,1.785
2026-09-17T12:49Z,14187,g95e5,2.019
2026-09-17T12:49Z,14187,gA,1.989
2026-09-17T12:49Z,14187,gP,2.064
2026-09-17T12:49Z,14187,g98e5,2.119
2026-09-17T12:49Z,14187,g95e5p,2.069
2026-09-17T12:49Z,14188,g95e5,1.969
2026-09-17T12:49Z,14188,gA,1.969
2026-09-17T12:49Z,14199,g95e5,1.867
2026-09-17T12:49Z,14199,gA,1.858
2026-09-17T12:49Z,14199,gP,1.958
2026-09-17T12:49Z,14199,g98e5,1.949
2026-09-17T12:49Z,14199,gB,1.799
2026-09-17T12:49Z,14200,g95e5,1.799
2026-09-17T12:49Z,14200,gA,1.819
2026-09-17T12:49Z,14201,gB,1.589
2026-09-17T12:49Z,14207,g95e5,1.829
2026-09-17T12:49Z,14207,gA,1.789
2026-09-17T12:49Z,14210,g95e5,1.799
2026-09-17T12:49Z,14210,gA,1.829
2026-09-17T12:49Z,14211,g95e5,1.829
2026-09-17T12:49Z,14211,gA,1.819
2026-09-17T12:49Z,14212,g95e5,1.849
2026-09-17T12:49Z,14212,gA,1.829
2026-09-17T12:49Z,14212,gB,1.519
2026-09-17T12:49Z,14213,g95e5,1.839
2026-09-17T12:49Z,14213,gA,1.839
2026-09-17T12:49Z,14222,g95e5,1.879
2026-09-17T12:49Z,14222,gA,1.889
2026-09-17T12:49Z,14222,gP,1.949
2026-09-17T12:49Z,14231,g95e5,1.859
2026-09-17T12:49Z,14231,gA,1.839
2026-09-17T12:49Z,14234,g95e5,1.877
2026-09-17T12:49Z,14234,gA,1.867
2026-09-17T12:49Z,14236,g95e5,1.929
2026-09-17T12:49Z,14240,g95e5,1.789
2026-09-17T12:49Z,14240,gA,1.779
2026-09-17T12:49Z,14241,g95e5,1.869
2026-09-17T12:49Z,14241,gA,1.869
2026-09-17T12:49Z,14241,gP,1.869
2026-09-17T12:49Z,14241,g95e5p,1.869
2026-09-17T12:49Z,14257,g95e5,1.919
2026-09-17T12:49Z,14257,gA,1.869
2026-09-17T12:49Z,14261,g95e5,1.839
2026-09-17T12:49Z,14261,gA,1.839
2026-09-17T12:49Z,14265,gA,1.559
2026-09-17T12:49Z,14267,g95e5,1.859
2026-09-17T12:49Z,14267,gA,1.815
2026-09-17T12:49Z,14270,gA,2.034
2026-09-17T12:49Z,14270,gP,2.124
2026-09-17T12:49Z,14275,g95e5,1.799
2026-09-17T12:49Z,14275,gA,1.839
2026-09-17T12:49Z,14283,gA,1.998
2026-09-17T12:49Z,14294,gA,1.849
2026-09-17T12:49Z,14307,g95e5,1.799
2026-09-17T12:49Z,14318,g95e5,1.777
2026-09-17T12:49Z,14318,gA,1.728
2026-09-17T12:49Z,14331,g95e5,1.835
2026-09-17T12:49Z,14332,g95e5,1.829
2026-09-17T12:49Z,14332,gA,1.839
2026-09-17T12:49Z,14332,gP,1.869
2026-09-17T12:49Z,14338,g95e5,1.799
2026-09-17T12:49Z,14338,gA,1.779
2026-09-17T12:49Z,14338,gP,1.819
2026-09-17T12:49Z,14338,g98e5,2.050
2026-09-17T12:49Z,14349,g95e5,1.859
2026-09-17T12:49Z,14349,gA,1.829
2026-09-17T12:49Z,14350,gA,1.839
2026-09-17T12:49Z,14350,gP,1.899
2026-09-17T12:49Z,14358,g95e5,1.799
2026-09-17T12:49Z,14358,gA,1.809
2026-09-17T12:49Z,14358,gP,1.829
2026-09-17T12:49Z,14363,gA,1.809
2026-09-17T12:49Z,14363,gP,1.849
2026-09-17T12:49Z,14364,g95e5,1.789
2026-09-17T12:49Z,14364,gA,1.799
2026-09-17T12:49Z,14367,gA,1.975
2026-09-17T12:49Z,14379,gA,1.847
2026-09-17T12:49Z,14381,g95e5,1.939
2026-09-17T12:49Z,14381,gA,1.959
2026-09-17T12:49Z,14393,gA,1.559
2026-09-17T12:49Z,14393,gP,1.659
2026-09-17T12:49Z,14396,g95e5,1.888
2026-09-17T12:49Z,14396,gA,1.858
2026-09-17T12:49Z,14396,gP,1.858
2026-09-17T12:49Z,14396,g95e5p,1.888
2026-09-17T12:49Z,14401,g95e5,1.829
2026-09-17T12:49Z,14401,gA,1.839
2026-09-17T12:49Z,14401,gP,1.859
2026-09-17T12:49Z,14402,gA,1.809
2026-09-17T12:49Z,14405,g95e5,2.035
2026-09-17T12:49Z,14405,gA,2.045
2026-09-17T12:49Z,14408,g95e5,1.849
2026-09-17T12:49Z,14408,gA,1.839
2026-09-17T12:49Z,14414,gA,1.899
2026-09-17T12:49Z,14414,gP,1.979
2026-09-17T12:49Z,14415,g95e5,2.039
2026-09-17T12:49Z,14415,gA,1.979
2026-09-17T12:49Z,14418,g95e5,1.899
2026-09-17T12:49Z,14418,gA,1.889
2026-09-17T12:49Z,14436,g95e5,1.939
2026-09-17T12:49Z,14436,gA,1.949
2026-09-17T12:49Z,14436,gP,1.989
2026-09-17T12:49Z,14436,g98e5,2.089
2026-09-17T12:49Z,14444,g95e5,1.989
2026-09-17T12:49Z,14444,gA,1.958
2026-09-17T12:49Z,14444,gP,1.999
2026-09-17T12:49Z,14454,g95e5,1.829
2026-09-17T12:49Z,14454,gA,1.819
2026-09-17T12:49Z,14455,g95e5,2.015
2026-09-17T12:49Z,14455,gA,2.055
2026-09-17T12:49Z,14455,g98e5,2.115
2026-09-17T12:49Z,14456,g95e5,2.019
2026-09-17T12:49Z,14456,gA,1.989
2026-09-17T12:49Z,14456,gB,1.650
2026-09-17T12:49Z,14468,gA,1.949
2026-09-17T12:49Z,14468,gP,1.989
2026-09-17T12:49Z,14472,g95e5,1.765
2026-09-17T12:49Z,14472,gA,1.755
2026-09-17T12:49Z,14474,g95e5,1.899
2026-09-17T12:49Z,14478,g95e5,1.769
2026-09-17T12:49Z,14478,gA,1.749
2026-09-17T12:49Z,14478,g98e5,1.859
2026-09-17T12:49Z,14480,g95e5,1.989
2026-09-17T12:49Z,14480,gA,1.949
2026-09-17T12:49Z,14480,gP,1.999
2026-09-17T12:49Z,14480,g98e5,2.119
2026-09-17T12:49Z,14482,g95e5,1.809
2026-09-17T12:49Z,14482,gA,1.809
2026-09-17T12:49Z,14486,g95e5,1.769
2026-09-17T12:49Z,14486,gA,1.769
2026-09-17T12:49Z,14493,g95e5,1.869
2026-09-17T12:49Z,14493,gA,1.879
2026-09-17T12:49Z,14496,gA,1.829
2026-09-17T12:49Z,14496,gP,1.849
2026-09-17T12:49Z,14498,g95e5,1.789
2026-09-17T12:49Z,14498,gA,1.855
2026-09-17T12:49Z,14505,g95e5,1.819
2026-09-17T12:49Z,14505,gA,1.817
2026-09-17T12:49Z,14516,g95e5,2.049
2026-09-17T12:49Z,14516,gA,2.009
2026-09-17T12:49Z,14516,gP,2.109
2026-09-17T12:49Z,14516,g98e5,2.139
2026-09-17T12:49Z,14517,g95e5,1.879
2026-09-17T12:49Z,14517,gA,1.879
2026-09-17T12:49Z,14518,gA,1.889
2026-09-17T12:49Z,14520,g95e5,1.889
2026-09-17T12:49Z,14520,gA,1.845
2026-09-17T12:49Z,14522,gA,1.819
2026-09-17T12:49Z,14522,gP,1.869
2026-09-17T12:49Z,14523,g95e5,1.829
2026-09-17T12:49Z,14523,gA,1.819
2026-09-17T12:49Z,14534,g95e5,1.772
2026-09-17T12:49Z,14534,gA,1.778
2026-09-17T12:49Z,14534,gP,1.828
2026-09-17T12:49Z,14537,g95e5,1.859
2026-09-17T12:49Z,14537,gA,1.807
2026-09-17T12:49Z,14538,g95e5,1.859
2026-09-17T12:49Z,14538,gA,1.849
2026-09-17T12:49Z,14540,g95e5,1.779
2026-09-17T12:49Z,14540,gA,1.809
2026-09-17T12:49Z,14544,gA,1.799
2026-09-17T12:49Z,14547,g95e5,1.819
2026-09-17T12:49Z,14547,gA,1.809
2026-09-17T12:49Z,14550,g95e5,1.779
2026-09-17T12:49Z,14550,gA,1.799
2026-09-17T12:49Z,14551,gA,1.759
2026-09-17T12:49Z,14552,gA,1.799
2026-09-17T12:49Z,14554,g95e5,1.789
2026-09-17T12:49Z,14554,gA,1.779
2026-09-17T12:49Z,14557,g95e5,1.799
2026-09-17T12:49Z,14557,gA,1.809
2026-09-17T12:49Z,14567,gA,2.049
2026-09-17T12:49Z,14567,gP,2.129
2026-09-17T12:49Z,14572,g95e5,1.859
2026-09-17T12:49Z,14572,gA,1.809
2026-09-17T12:49Z,14577,g95e5,1.999
2026-09-17T12:49Z,14577,gA,2.029
2026-09-17T12:49Z,14577,gP,2.109
2026-09-17T12:49Z,14577,g98e5,2.149
2026-09-17T12:49Z,14577,glp,1.189
2026-09-17T12:49Z,14588,g95e5,1.849
2026-09-17T12:49Z,14588,gA,1.839
2026-09-17T12:49Z,14589,g95e5,1.889
2026-09-17T12:49Z,14589,gA,1.859
2026-09-17T12:49Z,14598,g95e5,1.839
2026-09-17T12:49Z,14598,gA,1.837
2026-09-17T12:49Z,14605,g95e5,2.049
2026-09-17T12:49Z,14605,gA,2.039
2026-09-17T12:49Z,14605,gP,2.089
2026-09-17T12:49Z,14605,g98e5,2.159
2026-09-17T12:49Z,14608,g95e5,1.849
2026-09-17T12:49Z,14608,gA,1.819
2026-09-17T12:49Z,14609,g95e5,1.829
2026-09-17T12:49Z,14609,gA,1.839
2026-09-17T12:49Z,14610,gA,1.659
2026-09-17T12:49Z,14610,gP,1.779
2026-09-17T12:49Z,14610,g98e5,1.619
2026-09-17T12:49Z,14611,g95e5,1.849
2026-09-17T12:49Z,14611,gA,1.849
2026-09-17T12:49Z,14618,g95e5,1.859
2026-09-17T12:49Z,14618,gA,1.827
2026-09-17T12:49Z,14618,gP,1.847
2026-09-17T12:49Z,14619,g95e5,1.809
2026-09-17T12:49Z,14619,gA,1.809
2026-09-17T12:49Z,14624,g95e5,1.869
2026-09-17T12:49Z,14624,gA,1.829
2026-09-17T12:49Z,14629,gA,1.819
2026-09-17T12:49Z,14629,gB,1.570
2026-09-17T12:49Z,14634,gA,1.859
2026-09-17T12:49Z,14641,g95e5,1.890
2026-09-17T12:49Z,14641,gA,1.880
2026-09-17T12:49Z,14641,gB,1.560
2026-09-17T12:49Z,14645,g95e5,1.859
2026-09-17T12:49Z,14645,gA,1.809
2026-09-17T12:49Z,14651,g95e5,1.839
2026-09-17T12:49Z,14651,gA,1.839
2026-09-17T12:49Z,14652,g95e5,2.019
2026-09-17T12:49Z,14652,gA,2.009
2026-09-17T12:49Z,14652,gP,2.089
2026-09-17T12:49Z,14652,g98e5,2.129
2026-09-17T12:49Z,14652,gB,1.829
2026-09-17T12:49Z,14656,g95e5,1.859
2026-09-17T12:49Z,14656,gA,1.819
2026-09-17T12:49Z,14657,gA,1.754
2026-09-17T12:49Z,14664,g95e5,1.979
2026-09-17T12:49Z,14664,gA,1.979
2026-09-17T12:49Z,14664,gP,2.019
2026-09-17T12:49Z,14665,g95e5,1.869
2026-09-17T12:49Z,14665,gA,1.899
2026-09-17T12:49Z,14665,gB,1.598
2026-09-17T12:49Z,14666,g95e5,1.899
2026-09-17T12:49Z,14666,gA,1.849
2026-09-17T12:49Z,14667,g95e5,1.859
2026-09-17T12:49Z,14667,gA,1.839
2026-09-17T12:49Z,14667,gP,1.919
2026-09-17T12:49Z,14667,g98e5,1.999
2026-09-17T12:49Z,14669,g95e5,1.889
2026-09-17T12:49Z,14669,gA,1.819
2026-09-17T12:49Z,14675,g95e5,1.979
2026-09-17T12:49Z,14675,gA,1.999
2026-09-17T12:49Z,14675,gP,2.039
2026-09-17T12:49Z,14675,g98e5,2.089
2026-09-17T12:49Z,14679,g95e5,1.799
2026-09-17T12:49Z,14679,gA,1.839
2026-09-17T12:49Z,14679,gP,1.859
2026-09-17T12:49Z,14688,g95e5,1.869
2026-09-17T12:49Z,14688,gA,1.839
2026-09-17T12:49Z,14688,gP,1.899
2026-09-17T12:49Z,14690,gA,2.049
2026-09-17T12:49Z,14691,gA,1.819
2026-09-17T12:49Z,14693,g95e5,1.847
2026-09-17T12:49Z,14693,gA,1.827
2026-09-17T12:49Z,14697,g95e5,2.039
2026-09-17T12:49Z,14697,gA,1.999
2026-09-17T12:49Z,14697,g98e5,2.119
2026-09-17T12:49Z,14699,g95e5,1.729
2026-09-17T12:49Z,14699,gA,1.729
2026-09-17T12:49Z,14701,gA,1.749
2026-09-17T12:49Z,14709,g95e5,1.849
2026-09-17T12:49Z,14709,gA,1.819
2026-09-17T12:49Z,14712,gA,1.779
2026-09-17T12:49Z,14713,g95e5,1.959
2026-09-17T12:49Z,14714,g95e5,1.869
2026-09-17T12:49Z,14714,gA,1.865
2026-09-17T12:49Z,14719,g95e5,1.879
2026-09-17T12:49Z,14719,gA,1.849
2026-09-17T12:49Z,14722,g95e5,1.439
2026-09-17T12:49Z,14722,gA,1.559
2026-09-17T12:49Z,14722,g98e5,1.539
2026-09-17T12:49Z,14727,g95e5,1.819
2026-09-17T12:49Z,14727,gA,1.829
2026-09-17T12:49Z,14734,gA,1.859
2026-09-17T12:49Z,14735,gA,1.809
2026-09-17T12:49Z,14747,g95e5,1.725
2026-09-17T12:49Z,14747,gA,1.749
2026-09-17T12:49Z,14754,g95e5,1.839
2026-09-17T12:49Z,14758,g95e5,1.739
2026-09-17T12:49Z,14761,g95e5,1.999
2026-09-17T12:49Z,14761,gA,1.979
2026-09-17T12:49Z,14764,g95e5,1.917
2026-09-17T12:49Z,14764,gA,1.899
2026-09-17T12:49Z,14764,gP,1.919
2026-09-17T12:49Z,14765,g95e5,1.859
2026-09-17T12:49Z,14765,gA,1.839
2026-09-17T12:49Z,14774,g95e5,1.898
2026-09-17T12:49Z,14774,gA,1.888
2026-09-17T12:49Z,14774,gP,1.888
2026-09-17T12:49Z,14774,g95e5p,1.898
2026-09-17T12:49Z,14781,g95e5,2.039
2026-09-17T12:49Z,14781,gA,2.019
2026-09-17T12:49Z,14781,gP,2.094
2026-09-17T12:49Z,14781,g98e5,2.139
2026-09-17T12:49Z,14796,g95e5,1.849
2026-09-17T12:49Z,14796,gA,1.859
2026-09-17T12:49Z,14798,g95e5,1.859
2026-09-17T12:49Z,14798,gA,1.819
2026-09-17T12:49Z,14798,gP,1.829
2026-09-17T12:49Z,14806,g95e5,1.819
2026-09-17T12:49Z,14806,gA,1.809
2026-09-17T12:49Z,14807,g95e5,1.939
2026-09-17T12:49Z,14807,gA,1.935
2026-09-17T12:49Z,14809,g95e5,1.909
2026-09-17T12:49Z,14809,gA,1.889
2026-09-17T12:49Z,14818,g95e5,1.999
2026-09-17T12:49Z,14818,gA,2.069
2026-09-17T12:49Z,14818,g98e5,2.149
2026-09-17T12:49Z,14826,gA,1.899
2026-09-17T12:49Z,14826,gP,1.899
2026-09-17T12:49Z,14827,g95e5,1.879
2026-09-17T12:49Z,14827,gA,1.829
2026-09-17T12:49Z,14850,gA,1.807
2026-09-17T12:49Z,14852,g95e5,2.000
2026-09-17T12:49Z,14852,gA,1.999
2026-09-17T12:49Z,14852,gP,2.040
2026-09-17T12:49Z,14859,g95e5,1.829
2026-09-17T12:49Z,14859,gA,1.799
2026-09-17T12:49Z,14860,gA,1.979
2026-09-17T12:49Z,14861,g95e5,1.847
2026-09-17T12:49Z,14861,gA,1.827
2026-09-17T12:49Z,14862,gA,1.859
2026-09-17T12:49Z,14862,gP,1.879
2026-09-17T12:49Z,14867,g95e5,1.869
2026-09-17T12:49Z,14867,gA,1.869
2026-09-17T12:49Z,14869,g95e5,1.905
2026-09-17T12:49Z,14869,gA,1.869
2026-09-17T12:49Z,14871,gA,1.999
2026-09-17T12:49Z,14872,g95e5,1.829
2026-09-17T12:49Z,14872,gA,1.819
2026-09-17T12:49Z,14873,g95e5,1.859
2026-09-17T12:49Z,14873,gA,1.827
2026-09-17T12:49Z,14874,g95e5,1.799
2026-09-17T12:49Z,14874,gA,1.839
2026-09-17T12:49Z,14876,g95e5,1.839
2026-09-17T12:49Z,14876,gA,1.837
2026-09-17T12:49Z,14879,g95e5,1.839
2026-09-17T12:49Z,14879,gA,1.837
2026-09-17T12:49Z,14886,g95e5,1.899
2026-09-17T12:49Z,14886,gA,1.869
2026-09-17T12:49Z,14890,g95e5,1.809
2026-09-17T12:49Z,14890,gA,1.829
2026-09-17T12:49Z,14892,g95e5,1.879
2026-09-17T12:49Z,14892,gA,1.889
2026-09-17T12:49Z,14892,gP,1.909
2026-09-17T12:49Z,14894,g95e5,1.849
2026-09-17T12:49Z,14894,gA,1.859
2026-09-17T12:49Z,14901,g95e5,1.989
2026-09-17T12:49Z,14901,gA,1.979
2026-09-17T12:49Z,14901,gP,2.054
2026-09-17T12:49Z,14901,g95e5p,2.049
2026-09-17T12:49Z,14905,g95e5,1.899
2026-09-17T12:49Z,14905,gA,1.855
2026-09-17T12:49Z,14910,gA,1.959
2026-09-17T12:49Z,14910,gP,1.999
2026-09-17T12:49Z,14910,g98e5,2.189
2026-09-17T12:49Z,14911,g95e5,1.859
2026-09-17T12:49Z,14911,gA,1.864
2026-09-17T12:49Z,14915,gA,1.829
2026-09-17T12:49Z,14921,g95e5,1.879
2026-09-17T12:49Z,14921,gA,1.889
2026-09-17T12:49Z,14922,g95e5,1.809
2026-09-17T12:49Z,14922,gA,1.829
2026-09-17T12:49Z,14922,gP,1.859
2026-09-17T12:49Z,14922,g95e5p,1.829
2026-09-17T12:49Z,14930,g95e5,1.779
2026-09-17T12:49Z,14930,gA,1.799
2026-09-17T12:49Z,14931,g95e5,1.819
2026-09-17T12:49Z,14931,gA,1.779
2026-09-17T12:49Z,14931,gP,1.799
2026-09-17T12:49Z,14936,gA,2.029
2026-09-17T12:49Z,14936,gP,2.134
2026-09-17T12:49Z,14938,g95e5,1.869
2026-09-17T12:49Z,14938,gA,1.779
2026-09-17T12:49Z,14940,g95e5,1.809
2026-09-17T12:49Z,14940,gA,1.789
2026-09-17T12:49Z,14942,gA,1.799
2026-09-17T12:49Z,14945,g95e5,1.869
2026-09-17T12:49Z,14945,gA,1.829
2026-09-17T12:49Z,14946,g95e5,1.919
2026-09-17T12:49Z,14946,gA,1.869
2026-09-17T12:49Z,14951,gA,1.868
2026-09-17T12:49Z,14952,g95e5,1.989
2026-09-17T12:49Z,14952,gA,1.999
2026-09-17T12:49Z,14952,gP,2.059
2026-09-17T12:49Z,14958,g95e5,1.847
2026-09-17T12:49Z,14958,gA,1.837
2026-09-17T12:49Z,14959,g95e5,1.779
2026-09-17T12:49Z,14960,g95e5,1.795
2026-09-17T12:49Z,14960,gA,1.795
2026-09-17T12:49Z,14962,gA,1.969
2026-09-17T12:49Z,14962,gB,1.799
2026-09-17T12:49Z,14967,g95e5,1.909
2026-09-17T12:49Z,14967,gA,1.855
2026-09-17T12:49Z,14975,g95e5,1.969
2026-09-17T12:49Z,14975,gA,1.949
2026-09-17T12:49Z,14977,g95e5,1.699
2026-09-17T12:49Z,14977,gA,1.699
2026-09-17T12:49Z,14977,gP,1.709
2026-09-17T12:49Z,14978,gA,2.039
2026-09-17T12:49Z,14978,gP,2.129
2026-09-17T12:49Z,14985,g95e5,1.839
2026-09-17T12:49Z,14985,gA,1.837
2026-09-17T12:49Z,14990,g95e5,1.809
2026-09-17T12:49Z,14994,g95e5,1.829
2026-09-17T12:49Z,14994,gA,1.797
2026-09-17T12:49Z,14999,gA,1.739
2026-09-17T12:49Z,15002,g95e5,1.869
2026-09-17T12:49Z,15002,gA,1.849
2026-09-17T12:49Z,15009,gA,2.019
2026-09-17T12:49Z,15009,gP,2.084
2026-09-17T12:49Z,15015,g95e5,1.759
2026-09-17T12:49Z,15015,gA,1.769
2026-09-17T12:49Z,15022,g95e5,1.845
2026-09-17T12:49Z,15022,gA,1.829
2026-09-17T12:49Z,15023,g95e5,1.779
2026-09-17T12:49Z,15023,gA,1.799
2026-09-17T12:49Z,15024,g95e5,1.875
2026-09-17T12:49Z,15025,g95e5,1.859
2026-09-17T12:49Z,15025,gA,1.859
2026-09-17T12:49Z,15025,gP,1.899
2026-09-17T12:49Z,15028,g95e5,1.819
2026-09-17T12:49Z,15028,gA,1.819
2026-09-17T12:49Z,15032,gA,1.849
2026-09-17T12:49Z,15041,g95e5,1.849
2026-09-17T12:49Z,15041,gA,1.845
2026-09-17T12:49Z,15052,gA,1.849
2026-09-17T12:49Z,15057,g95e5,1.859
2026-09-17T12:49Z,15057,gA,1.847
2026-09-17T12:49Z,15059,g95e5,1.889
2026-09-17T12:49Z,15059,gA,1.889
2026-09-17T12:49Z,15062,g95e5,2.010
2026-09-17T12:49Z,15064,g95e5,1.839
2026-09-17T12:49Z,15064,gA,1.809
2026-09-17T12:49Z,15069,gA,1.809
2026-09-17T12:49Z,15074,g95e5,1.859
2026-09-17T12:49Z,15074,gA,1.827
2026-09-17T12:49Z,15074,gP,1.847
2026-09-17T12:49Z,15084,gA,1.859
2026-09-17T12:49Z,15084,gP,1.879
2026-09-17T12:49Z,15088,g95e5,1.989
2026-09-17T12:49Z,15088,gA,1.949
2026-09-17T12:49Z,15088,gP,2.029
2026-09-17T12:49Z,15088,g98e5,2.129
2026-09-17T12:49Z,15091,g95e5,1.739
2026-09-17T12:49Z,15091,gA,1.759
2026-09-17T12:49Z,15092,g95e5,1.839
2026-09-17T12:49Z,15092,gA,1.809
2026-09-17T12:49Z,15095,g95e5,1.839
2026-09-17T12:49Z,15095,gA,1.839
2026-09-17T12:49Z,15096,g95e5,1.929
2026-09-17T12:49Z,15096,gA,1.928
2026-09-17T12:49Z,15096,gP,1.978
2026-09-17T12:49Z,15096,g98e5,2.059
2026-09-17T12:49Z,15102,g95e5,1.999
2026-09-17T12:49Z,15102,gA,1.989
2026-09-17T12:49Z,15102,gP,2.059
2026-09-17T12:49Z,15102,g98e10,2.159
2026-09-17T12:49Z,15103,g95e5,1.829
2026-09-17T12:49Z,15103,gA,1.839
2026-09-17T12:49Z,15103,gP,1.859
2026-09-17T12:49Z,15104,gA,1.978
2026-09-17T12:49Z,15108,g95e5,1.889
2026-09-17T12:49Z,15108,gA,1.869
2026-09-17T12:49Z,15109,g95e5,1.859
2026-09-17T12:49Z,15110,g95e5,1.895
2026-09-17T12:49Z,15110,gA,1.955
2026-09-17T12:49Z,15120,gA,1.759
2026-09-17T12:49Z,15121,g95e5,1.889
2026-09-17T12:49Z,15121,gA,1.869
2026-09-17T12:49Z,15121,gP,1.869
2026-09-17T12:49Z,15121,g95e5p,1.889
2026-09-17T12:49Z,15126,gA,1.857
2026-09-17T12:49Z,15128,g95e5,1.799
2026-09-17T12:49Z,15128,gA,1.799
2026-09-17T12:49Z,15132,g95e5,1.849
2026-09-17T12:49Z,15132,gA,1.837
2026-09-17T12:49Z,15134,g95e5,1.749
2026-09-17T12:49Z,15134,gA,1.789
2026-09-17T12:49Z,15134,gB,1.489
2026-09-17T12:49Z,15140,g95e5,1.819
2026-09-17T12:49Z,15145,g95e5,1.879
2026-09-17T12:49Z,15145,gA,1.889
2026-09-17T12:49Z,15151,gA,1.559
2026-09-17T12:49Z,15153,g95e5,1.779
2026-09-17T12:49Z,15153,gA,1.779
2026-09-17T12:49Z,15158,g95e5,2.010
2026-09-17T12:49Z,15158,gA,1.999
2026-09-17T12:49Z,15158,g98e5,2.072
2026-09-17T12:49Z,15160,g95e5,1.879
2026-09-17T12:49Z,15160,gA,1.909
2026-09-17T12:49Z,15161,g95e5,1.869
2026-09-17T12:49Z,15161,gA,1.849
2026-09-17T12:49Z,15163,g95e5,1.819
2026-09-17T12:49Z,15165,g95e5,2.039
2026-09-17T12:49Z,15165,gA,1.995
2026-09-17T12:49Z,15165,gP,2.064
2026-09-17T12:49Z,15165,g95e5p,2.099
2026-09-17T12:49Z,15167,g95e5,1.789
2026-09-17T12:49Z,15167,gA,1.769
2026-09-17T12:49Z,15168,g95e5,1.769
2026-09-17T12:49Z,15168,gA,1.799
2026-09-17T12:49Z,15171,g95e5,2.049
2026-09-17T12:49Z,15171,gA,2.029
2026-09-17T12:49Z,15171,gP,2.134
2026-09-17T12:49Z,15172,gA,1.887
2026-09-17T12:49Z,15173,g95e5,1.839
2026-09-17T12:49Z,15173,gA,1.799
2026-09-17T12:49Z,15175,gA,1.799
2026-09-17T12:49Z,15177,g95e5,1.839
2026-09-17T12:49Z,15177,gA,1.829
2026-09-17T12:49Z,15180,g95e5,1.947
2026-09-17T12:49Z,15180,gA,1.909
2026-09-17T12:49Z,15180,gP,1.929
2026-09-17T12:49Z,15180,g98e5,2.097
2026-09-17T12:49Z,15181,g95e5,1.849
2026-09-17T12:49Z,15181,gA,1.779
2026-09-17T12:49Z,15182,g95e5,1.559
2026-09-17T12:49Z,15182,gA,1.699
2026-09-17T12:49Z,15182,gP,1.799
2026-09-17T12:49Z,15185,g95e5,1.889
2026-09-17T12:49Z,15185,gA,1.885
2026-09-17T12:49Z,15191,gA,1.969
2026-09-17T12:49Z,15193,g95e5,1.859
2026-09-17T12:49Z,15193,gA,1.829
2026-09-17T12:49Z,15195,g95e5,1.829
2026-09-17T12:49Z,15195,gA,1.869
2026-09-17T12:49Z,15196,gA,1.789
2026-09-17T12:49Z,15198,g95e5,1.879
2026-09-17T12:49Z,15200,g95e5,1.849
2026-09-17T12:49Z,15200,gA,1.819
2026-09-17T12:49Z,15206,gA,1.939
2026-09-17T12:49Z,15206,gP,1.989
2026-09-17T12:49Z,15216,g95e5,1.849
2026-09-17T12:49Z,15216,gA,1.839
2026-09-17T12:49Z,15229,g95e5,1.949
2026-09-17T12:49Z,15229,gA,1.929
2026-09-17T12:49Z,15239,gA,1.849
2026-09-17T12:49Z,15246,gP,1.828
2026-09-17T12:49Z,15252,g95e5,1.869
2026-09-17T12:49Z,15252,gA,1.829
2026-09-17T12:49Z,15256,g95e5,1.859
2026-09-17T12:49Z,15256,gA,1.829
2026-09-17T12:49Z,15257,g95e5,1.849
2026-09-17T12:49Z,15257,gA,1.829
2026-09-17T12:49Z,15263,gA,1.870
2026-09-17T12:49Z,15264,g95e5,1.769
2026-09-17T12:49Z,15264,gA,1.829
2026-09-17T12:49Z,15265,g95e5,1.819
2026-09-17T12:49Z,15265,gA,1.809
2026-09-17T12:49Z,15267,g95e5,1.809
2026-09-17T12:49Z,15267,gA,1.809
2026-09-17T12:49Z,15270,gA,1.929
2026-09-17T12:49Z,15288,g95e5,1.779
2026-09-17T12:49Z,15288,gA,1.739
2026-09-17T12:49Z,15344,g95e5,1.838
2026-09-17T12:49Z,15344,gA,1.818
2026-09-17T12:49Z,15370,g95e5,1.829
2026-09-17T12:49Z,15370,gA,1.829
2026-09-17T12:49Z,15378,gA,1.999
2026-09-17T12:49Z,15415,g95e5,1.699
2026-09-17T12:49Z,15415,gA,1.699
2026-09-17T12:49Z,15422,gA,1.969
2026-09-17T12:49Z,15422,gB,1.829
2026-09-17T12:49Z,15440,g95e5,1.788
2026-09-17T12:49Z,15440,gA,1.799
2026-09-17T12:49Z,15456,g95e5,1.819
2026-09-17T12:49Z,15456,gA,1.809
2026-09-17T12:49Z,15469,gP,1.765
2026-09-17T12:49Z,15489,g95e5,1.849
2026-09-17T12:49Z,15489,gA,1.837
2026-09-17T12:49Z,15493,g95e5,1.909
2026-09-17T12:49Z,15498,g95e5,1.899
2026-09-17T12:49Z,15498,gA,1.899
2026-09-17T12:49Z,15500,gA,1.799
2026-09-17T12:49Z,15504,g95e5,1.865
2026-09-17T12:49Z,15504,gA,1.855
2026-09-17T12:49Z,15507,g95e5,1.899
2026-09-17T12:49Z,15507,gA,1.869
2026-09-17T12:49Z,15513,g95e5,1.799
2026-09-17T12:49Z,15513,gA,1.799
2026-09-17T12:49Z,15514,g95e5,1.819
2026-09-17T12:49Z,15514,gA,1.809
2026-09-17T12:49Z,15515,g95e5,2.009
2026-09-17T12:49Z,15515,gA,2.039
2026-09-17T12:49Z,15515,gP,2.119
2026-09-17T12:49Z,15515,g98e5,2.169
2026-09-17T12:49Z,15518,g95e5,1.889
2026-09-17T12:49Z,15518,gA,1.879
2026-09-17T12:49Z,15519,g95e5,1.999
2026-09-17T12:49Z,15519,gA,1.929
2026-09-17T12:49Z,15519,g98e5,2.089
2026-09-17T12:49Z,15520,gA,1.829
2026-09-17T12:49Z,15520,gP,1.889
2026-09-17T12:49Z,15521,g95e5,1.879
2026-09-17T12:49Z,15521,gA,1.841
2026-09-17T12:49Z,15539,g95e5,1.959
2026-09-17T12:49Z,15546,g95e5,1.989
2026-09-17T12:49Z,15546,gA,1.999
2026-09-17T12:49Z,15546,gP,2.069
2026-09-17T12:49Z,15547,g95e5,1.869
2026-09-17T12:49Z,15547,gA,1.869
2026-09-17T12:49Z,15548,g95e5,1.369
2026-09-17T12:49Z,15549,gA,2.049
2026-09-17T12:49Z,15549,gP,2.134
2026-09-17T12:49Z,15550,g95e5,1.829
2026-09-17T12:49Z,15550,gA,1.799
2026-09-17T12:49Z,15555,g95e5,1.929
2026-09-17T12:49Z,15555,gA,1.859
2026-09-17T12:49Z,15563,gA,1.799
2026-09-17T12:49Z,15564,g95e5,1.799
2026-09-17T12:49Z,15564,gA,1.809
2026-09-17T12:49Z,15572,g95e5,1.849
2026-09-17T12:49Z,15572,gA,1.809
2026-09-17T12:49Z,15573,g95e5,1.859
2026-09-17T12:49Z,15573,gA,1.815
2026-09-17T12:49Z,15574,g95e5,1.929
2026-09-17T12:49Z,15577,g95e5,1.899
2026-09-17T12:49Z,15577,gA,1.859
2026-09-17T12:49Z,15578,g95e5,2.059
2026-09-17T12:49Z,15578,gA,2.049
2026-09-17T12:49Z,15578,gP,2.124
2026-09-17T12:49Z,15578,g95e5p,2.099
2026-09-17T12:49Z,15579,gA,1.859
2026-09-17T12:49Z,15579,gP,1.939
2026-09-17T12:49Z,15592,g95e5,1.829
2026-09-17T12:49Z,15604,g95e5,1.849
2026-09-17T12:49Z,15604,gA,1.845
2026-09-17T12:49Z,15606,g95e5,1.869
2026-09-17T12:49Z,15606,gA,1.829
2026-09-17T12:49Z,15608,g95e5,1.959
2026-09-17T12:49Z,15608,gA,2.009
2026-09-17T12:49Z,15608,gP,2.124
2026-09-17T12:49Z,15608,g95e5p,2.039
2026-09-17T12:49Z,15613,gA,1.899
2026-09-17T12:49Z,15623,g95e5,1.897
2026-09-17T12:49Z,15623,gA,1.827
2026-09-17T12:49Z,15625,g95e5,1.915
2026-09-17T12:49Z,15625,gA,1.895
2026-09-17T12:49Z,15636,g95e5,1.799
2026-09-17T12:49Z,15636,gA,1.798
2026-09-17T12:49Z,15637,g95e5,1.927
2026-09-17T12:49Z,15637,gA,1.887
2026-09-17T12:49Z,15648,gA,1.920
2026-09-17T12:49Z,15653,g95e5,1.399
2026-09-17T12:49Z,15653,gA,1.559
2026-09-17T12:49Z,15653,gP,1.650
2026-09-17T12:49Z,15658,g95e5,2.049
2026-09-17T12:49Z,15668,g95e5,1.768
2026-09-17T12:49Z,15668,gA,1.788
2026-09-17T12:49Z,15678,g95e5,1.859
2026-09-17T12:49Z,15678,gA,1.827
2026-09-17T12:49Z,15678,gP,1.847
2026-09-17T12:49Z,15684,g95e5,1.919
2026-09-17T12:49Z,15684,gA,1.899
2026-09-17T12:49Z,15689,g95e5,1.829
2026-09-17T12:49Z,15689,gA,1.829
2026-09-17T12:49Z,15689,gB,1.589
2026-09-17T12:49Z,15700,g95e5,1.799
2026-09-17T12:49Z,15700,gA,1.819
2026-09-17T12:49Z,15704,g95e5,1.769
2026-09-17T12:49Z,15707,g95e5,1.809
2026-09-17T12:49Z,15707,gA,1.799
2026-09-17T12:49Z,15709,g95e5,1.859
2026-09-17T12:49Z,15709,gA,1.859
2026-09-17T12:49Z,15716,g95e5,1.869
2026-09-17T12:49Z,15716,gA,1.837
2026-09-17T12:49Z,15717,g95e5,1.879
2026-09-17T12:49Z,15717,gA,1.897
2026-09-17T12:49Z,15718,g95e5,1.839
2026-09-17T12:49Z,15718,gA,1.809
2026-09-17T12:49Z,15718,gP,1.849
2026-09-17T12:49Z,15725,g95e5,1.999
2026-09-17T12:49Z,15725,gA,1.999
2026-09-17T12:49Z,15725,gP,2.039
2026-09-17T12:49Z,15726,g95e5,1.829
2026-09-17T12:49Z,15726,gA,1.829
2026-09-17T12:49Z,15726,gP,1.849
2026-09-17T12:49Z,15728,g95e5,1.799
2026-09-17T12:49Z,15729,g95e5,1.839
2026-09-17T12:49Z,15729,gA,1.837
2026-09-17T12:49Z,15744,g95e5,1.849
2026-09-17T12:49Z,15744,gA,1.829
2026-09-17T12:49Z,15745,g95e5,1.865
2026-09-17T12:49Z,15746,g95e5,1.729
2026-09-17T12:49Z,15746,gA,1.745
2026-09-17T12:49Z,15748,g95e5,1.917
2026-09-17T12:49Z,15748,gA,1.899
2026-09-17T12:49Z,15754,g95e5,1.879
2026-09-17T12:49Z,15754,gA,1.825
2026-09-17T12:49Z,15758,g95e5,1.899
2026-09-17T12:49Z,15758,gA,1.865
2026-09-17T12:49Z,15758,gP,1.885
2026-09-17T12:49Z,15760,g95e5,1.819
2026-09-17T12:49Z,15760,gA,1.809
2026-09-17T12:49Z,15761,g95e5,1.830
2026-09-17T12:49Z,15761,gA,1.830
2026-09-17T12:49Z,15761,gB,1.570
2026-09-17T12:49Z,15762,g95e5,2.049
2026-09-17T12:49Z,15762,gA,2.120
2026-09-17T12:49Z,15762,gP,2.169
2026-09-17T12:49Z,15763,g95e5,2.029
2026-09-17T12:49Z,15763,gA,2.029
2026-09-17T12:49Z,15763,gP,2.129
2026-09-17T12:49Z,15764,g95e5,1.784
2026-09-17T12:49Z,15764,gA,1.809
2026-09-17T12:49Z,15764,g95e5p,1.834
2026-09-17T12:49Z,15767,g95e5,1.859
2026-09-17T12:49Z,15767,gA,1.829
2026-09-17T12:49Z,15769,gA,2.039
2026-09-17T12:49Z,15769,gP,2.124
2026-09-17T12:49Z,15772,g95e5,1.809
2026-09-17T12:49Z,15772,gA,1.845
2026-09-17T12:49Z,15777,g95e5,1.799
2026-09-17T12:49Z,15777,gA,1.798
2026-09-17T12:49Z,15786,g95e5,1.879
2026-09-17T12:49Z,15786,gA,1.859
2026-09-17T12:49Z,15794,gA,1.969
2026-09-17T12:49Z,15794,gB,1.829
2026-09-17T12:49Z,15803,g95e5,1.919
2026-09-17T12:49Z,15803,gA,1.969
2026-09-17T12:49Z,15803,gB,1.769
2026-09-17T12:49Z,15805,g95e5,1.829
2026-09-17T12:49Z,15805,gA,1.799
2026-09-17T12:49Z,15805,gB,1.659
2026-09-17T12:49Z,15806,g95e5,2.049
2026-09-17T12:49Z,15806,g95e5p,2.119
2026-09-17T12:49Z,15810,g95e5,1.869
2026-09-17T12:49Z,15810,gA,1.849
2026-09-17T12:49Z,15812,g95e5,1.869
2026-09-17T12:49Z,15812,gA,1.829
2026-09-17T12:49Z,15815,g95e5,1.869
2026-09-17T12:49Z,15815,gA,1.859
2026-09-17T12:49Z,15816,g95e5,1.659
2026-09-17T12:49Z,15816,gA,1.649
2026-09-17T12:49Z,15818,g95e5,1.917
2026-09-17T12:49Z,15818,gA,1.899
2026-09-17T12:49Z,15819,gA,1.889
2026-09-17T12:49Z,15821,g95e5,1.839
2026-09-17T12:49Z,15821,gA,1.837
2026-09-17T12:49Z,15825,g95e5,1.779
2026-09-17T12:49Z,15825,gA,1.799
2026-09-17T12:49Z,15826,g95e5,1.959
2026-09-17T12:49Z,15826,gA,1.909
2026-09-17T12:49Z,15839,g95e5,1.839
2026-09-17T12:49Z,15841,g95e5,1.699
2026-09-17T12:49Z,15841,gA,1.699
2026-09-17T12:49Z,15843,gA,1.839
2026-09-17T12:49Z,15849,g95e5,1.789
2026-09-17T12:49Z,15849,gA,1.805
2026-09-17T12:49Z,15853,g95e5,1.539
2026-09-17T12:49Z,15853,gA,1.639
2026-09-17T12:49Z,15853,g98e5,1.659
2026-09-17T12:49Z,15857,g95e5,1.809
2026-09-17T12:49Z,15857,gA,1.789
2026-09-17T12:49Z,15861,gA,1.895
2026-09-17T12:49Z,15861,gP,1.995
2026-09-17T12:49Z,15864,g95e5,1.779
2026-09-17T12:49Z,15864,gA,1.809
2026-09-17T12:49Z,15870,g95e5,1.809
2026-09-17T12:49Z,15873,g95e5,1.809
2026-09-17T12:49Z,15873,gA,1.829
2026-09-17T12:49Z,15874,g95e5,1.917
2026-09-17T12:49Z,15874,gA,1.877
2026-09-17T12:49Z,15879,g95e5,1.389
2026-09-17T12:49Z,15879,gA,1.549
2026-09-17T12:49Z,15880,g95e5,1.819
2026-09-17T12:49Z,15880,gA,1.819
2026-09-17T12:49Z,15881,gA,1.799
2026-09-17T12:49Z,15882,g95e5,1.840
2026-09-17T12:49Z,15882,gA,1.850
2026-09-17T12:49Z,15883,g95e5,1.819
2026-09-17T12:49Z,15883,gA,1.779
2026-09-17T12:49Z,15888,g95e5,1.839
2026-09-17T12:49Z,15888,gA,1.819
2026-09-17T12:49Z,15896,g95e5,1.359
2026-09-17T12:49Z,15896,gA,1.559
2026-09-17T12:49Z,15903,g95e5,1.815
2026-09-17T12:49Z,15903,gA,1.785
2026-09-17T12:49Z,15904,g95e5,1.965
2026-09-17T12:49Z,15904,gA,1.955
2026-09-17T12:49Z,15920,g95e5,1.829
2026-09-17T12:49Z,15920,gA,1.819
2026-09-17T12:49Z,15922,g95e5,1.779
2026-09-17T12:49Z,15922,gA,1.809
2026-09-17T12:49Z,15923,g95e5,1.929
2026-09-17T12:49Z,15923,gA,1.859
2026-09-17T12:49Z,15925,g95e5,1.899
2026-09-17T12:49Z,15925,gA,1.869
2026-09-17T12:49Z,15926,g95e5,1.849
2026-09-17T12:49Z,15926,gA,1.899
2026-09-17T12:49Z,15928,gA,1.829
2026-09-17T12:49Z,15929,g95e5,1.879
2026-09-17T12:49Z,15929,gA,1.897
2026-09-17T12:49Z,15931,g95e5,1.799
2026-09-17T12:49Z,15931,gA,1.809
2026-09-17T12:49Z,15934,g95e5,1.919
2026-09-17T12:49Z,15934,gA,1.885
2026-09-17T12:49Z,15938,g95e5,1.809
2026-09-17T12:49Z,15938,gB,1.709
2026-09-17T12:49Z,15959,gA,1.809
2026-09-17T12:49Z,15962,g95e5,1.859
2026-09-17T12:49Z,15962,gA,1.829
2026-09-17T12:49Z,15963,g95e5,1.799
2026-09-17T12:49Z,15963,gA,1.799
2026-09-17T12:49Z,15964,g95e5,1.529
2026-09-17T12:49Z,15964,gA,1.629
2026-09-17T12:49Z,15964,g98e5,1.649
2026-09-17T12:49Z,15965,g95e5,1.899
2026-09-17T12:49Z,15965,gA,1.887
2026-09-17T12:49Z,15966,g95e5,1.899
2026-09-17T12:49Z,15966,gA,1.865
2026-09-17T12:49Z,15967,g95e5,1.999
2026-09-17T12:49Z,15967,gA,1.949
2026-09-17T12:49Z,15975,g95e5,1.859
2026-09-17T12:49Z,15975,gA,1.815
2026-09-17T12:49Z,15977,g95e5,1.989
2026-09-17T12:49Z,15977,gA,1.979
2026-09-17T12:49Z,15978,gA,1.899
2026-09-17T12:49Z,15981,g95e5,1.917
2026-09-17T12:49Z,15981,gA,1.867
2026-09-17T12:49Z,15982,g95e5,1.817
2026-09-17T12:49Z,15982,gA,1.817
2026-09-17T12:49Z,15983,g95e5,1.829
2026-09-17T12:49Z,15983,gA,1.819
2026-09-17T12:49Z,15988,gA,1.797
2026-09-17T12:49Z,15989,g95e5,1.797
2026-09-17T12:49Z,15989,gA,1.809
2026-09-17T12:49Z,15994,gA,1.959
2026-09-17T12:49Z,15994,gP,2.049
2026-09-17T12:49Z,16007,g95e5,1.869
2026-09-17T12:49Z,16007,gA,1.829
2026-09-17T12:49Z,16009,g95e5,1.739
2026-09-17T12:49Z,16011,g95e5,1.799
2026-09-17T12:49Z,16013,g95e5,1.839
2026-09-17T12:49Z,16013,gA,1.859
2026-09-17T12:49Z,16015,g95e5,1.459
2026-09-17T12:49Z,16017,gA,1.829
2026-09-17T12:49Z,16017,gP,1.849
2026-09-17T12:49Z,16019,g95e5,1.839
2026-09-17T12:49Z,16019,gA,1.837
2026-09-17T12:49Z,16022,g95e5,1.857
2026-09-17T12:49Z,16022,gP,1.827
2026-09-17T12:49Z,16023,g95e5,1.699
2026-09-17T12:49Z,16023,gA,1.699
2026-09-17T12:49Z,16025,gA,1.879
2026-09-17T12:49Z,16032,g95e5,1.865
2026-09-17T12:49Z,16032,gA,1.855
2026-09-17T12:49Z,16037,g95e5,1.899
2026-09-17T12:49Z,16037,gA,1.889
2026-09-17T12:49Z,16037,gP,1.989
2026-09-17T12:49Z,16037,g98e5,1.999
2026-09-17T12:49Z,16037,gB,1.649
2026-09-17T12:49Z,16055,g95e5,1.789
2026-09-17T12:49Z,16055,gA,1.809
2026-09-17T12:49Z,16056,g95e5,1.859
2026-09-17T12:49Z,16056,gA,1.827
2026-09-17T12:49Z,16056,gP,1.847
2026-09-17T12:49Z,16057,g95e5,1.499
2026-09-17T12:49Z,16057,gA,1.639
2026-09-17T12:49Z,16057,gP,1.739
2026-09-17T12:49Z,16057,g98e5,1.629
2026-09-17T12:49Z,16061,g95e5,1.829
2026-09-17T12:49Z,16061,gA,1.869
2026-09-17T12:49Z,16063,g95e5,1.879
2026-09-17T12:49Z,16063,gA,1.859
2026-09-17T12:49Z,16072,g95e5,2.059
2026-09-17T12:49Z,16072,gA,2.009
2026-09-17T12:49Z,16074,gA,2.049
2026-09-17T12:49Z,16074,gP,2.129
2026-09-17T12:49Z,16078,g95e5,1.894
2026-09-17T12:49Z,16078,gA,1.921
2026-09-17T12:49Z,16079,g95e5,1.789
2026-09-17T12:49Z,16079,gA,1.779
2026-09-17T12:49Z,16083,gA,1.829
2026-09-17T12:49Z,16084,g95e5,1.819
2026-09-17T12:49Z,16084,gA,1.809
2026-09-17T12:49Z,16085,g95e5,1.839
2026-09-17T12:49Z,16085,gA,1.809
2026-09-17T12:49Z,16095,g95e5,1.899
2026-09-17T12:49Z,16095,gA,1.837
2026-09-17T12:49Z,16097,g95e5,1.969
2026-09-17T12:49Z,16099,g95e5,1.819
2026-09-17T12:49Z,16099,gA,1.807
2026-09-17T12:49Z,16101,g95e5,1.819
2026-09-17T12:49Z,16102,gA,1.769
2026-09-17T12:49Z,16105,g95e5,1.849
2026-09-17T12:49Z,16105,gA,1.839
2026-09-17T12:49Z,16105,gP,1.899
2026-09-17T12:49Z,16110,g95e5,1.839
2026-09-17T12:49Z,16110,gA,1.809
2026-09-17T12:49Z,16112,g95e5,1.819
2026-09-17T12:49Z,16112,gA,1.809
2026-09-17T12:49Z,16118,g95e5,1.899
2026-09-17T12:49Z,16118,gA,1.919
2026-09-17T12:49Z,16122,g95e5,1.799
2026-09-17T12:49Z,16122,gA,1.829
2026-09-17T12:49Z,16126,g95e5,1.889
2026-09-17T12:49Z,16126,gA,1.799
2026-09-17T12:49Z,16126,gP,1.809
2026-09-17T12:49Z,16133,g95e5,1.809
2026-09-17T12:49Z,16133,gA,1.759
2026-09-17T12:49Z,16135,gA,1.829
2026-09-17T12:49Z,16139,g95e5,1.869
2026-09-17T12:49Z,16139,gA,1.869
2026-09-17T12:49Z,16139,gB,1.829
2026-09-17T12:49Z,16140,g95e5,1.859
2026-09-17T12:49Z,16141,g95e5,1.909
2026-09-17T12:49Z,16141,gA,1.829
2026-09-17T12:49Z,16143,g95e5,1.839
2026-09-17T12:49Z,16143,gA,1.837
2026-09-17T12:49Z,16144,g95e5,1.759
2026-09-17T12:49Z,16144,gA,1.769
2026-09-17T12:49Z,16152,g95e5,1.705
2026-09-17T12:49Z,16158,gA,1.799
2026-09-17T12:49Z,16162,g95e5,1.999
2026-09-17T12:49Z,16162,gA,1.984
2026-09-17T12:49Z,16162,gnc,1.904
2026-09-17T12:49Z,16162,gnl,1.859
2026-09-17T12:49Z,16162,gB,1.944
2026-09-17T12:49Z,16164,g95e5,1.359
2026-09-17T12:49Z,16164,gA,1.559
2026-09-17T12:49Z,16165,gA,1.969
2026-09-17T12:49Z,16172,gA,1.597
2026-09-17T12:49Z,16172,gP,1.618
2026-09-17T12:49Z,16180,gA,1.859
2026-09-17T12:49Z,16183,g95e5,1.759
2026-09-17T12:49Z,16183,gA,1.769
2026-09-17T12:49Z,16184,g95e5,1.927
2026-09-17T12:49Z,16184,gA,1.887
2026-09-17T12:49Z,16187,g95e5,1.909
2026-09-17T12:49Z,16188,g95e5,1.917
2026-09-17T12:49Z,16188,gA,1.899
2026-09-17T12:49Z,16206,g95e5,1.809
2026-09-17T12:49Z,16209,g95e5,1.827
2026-09-17T12:49Z,16213,g95e5,1.919
2026-09-17T12:49Z,16213,gA,1.869
2026-09-17T12:49Z,16226,g95e5,2.059
2026-09-17T12:49Z,16226,gA,2.049
2026-09-17T12:49Z,16226,gP,2.139
2026-09-17T12:49Z,16227,g95e5,1.869
2026-09-17T12:49Z,16227,gA,1.859
2026-09-17T12:49Z,16243,g95e5,2.009
2026-09-17T12:49Z,16246,g95e5,1.819
2026-09-17T12:49Z,16246,gA,1.809
2026-09-17T12:49Z,16247,g95e5,1.869
2026-09-17T12:49Z,16247,gA,1.849
2026-09-17T12:49Z,16249,g95e5,1.839
2026-09-17T12:49Z,16249,gA,1.769
2026-09-17T12:49Z,16252,g95e5,1.929
2026-09-17T12:49Z,16252,gA,1.919
2026-09-17T12:49Z,16255,g95e5,1.894
2026-09-17T12:49Z,16255,gA,1.864
2026-09-17T12:49Z,16255,gP,1.914
2026-09-17T12:49Z,16258,g95e5,1.819
2026-09-17T12:49Z,16258,gA,1.839
2026-09-17T12:49Z,16258,gB,1.859
2026-09-17T12:49Z,16264,g95e5,1.759
2026-09-17T12:49Z,16264,gA,1.799
2026-09-17T12:49Z,16268,g95e5,1.859
2026-09-17T12:49Z,16268,gA,1.829
2026-09-17T12:49Z,16268,gP,1.909
2026-09-17T12:49Z,16270,g95e5,1.839
2026-09-17T12:49Z,16270,gA,1.819
2026-09-17T12:49Z,16272,g95e5,1.739
2026-09-17T12:49Z,16272,gA,1.759
2026-09-17T12:49Z,16293,g95e5,1.769
2026-09-17T12:49Z,16293,gA,1.789
2026-09-17T12:49Z,16294,g95e5,1.895
2026-09-17T12:49Z,16294,gA,1.895
2026-09-17T12:49Z,16308,g95e5,1.889
2026-09-17T12:49Z,16308,gA,1.869
2026-09-17T12:49Z,16310,g95e5,1.809
2026-09-17T12:49Z,16310,gA,1.789
2026-09-17T12:49Z,16310,gP,1.809
2026-09-17T12:49Z,16310,g95e5p,1.829
2026-09-17T12:49Z,16313,g95e5,1.819
2026-09-17T12:49Z,16313,gA,1.819
2026-09-17T12:49Z,16313,gB,1.499
2026-09-17T12:49Z,16314,g95e5,1.919
2026-09-17T12:49Z,16316,g95e5,1.877
2026-09-17T12:49Z,16316,gA,1.837
2026-09-17T12:49Z,16323,g95e5,1.699
2026-09-17T12:49Z,16323,gA,1.725
2026-09-17T12:49Z,16324,gP,1.809
2026-09-17T12:49Z,16324,g95e5p,1.789
2026-09-17T12:49Z,16328,gA,1.829
2026-09-17T12:49Z,16328,gP,1.849
2026-09-17T12:49Z,16329,g95e5,1.859
2026-09-17T12:49Z,16329,gA,1.839
2026-09-17T12:49Z,16329,gP,1.879
2026-09-17T12:49Z,16335,g95e5,1.849
2026-09-17T12:49Z,16335,gA,1.839
2026-09-17T12:49Z,16340,g95e5,1.889
2026-09-17T12:49Z,16340,gA,1.899
2026-09-17T12:49Z,16345,g95e5,1.779
2026-09-17T12:49Z,16345,gA,1.809
2026-09-17T12:49Z,16348,gA,1.809
2026-09-17T12:49Z,16351,g95e5,1.859
2026-09-17T12:49Z,16351,gA,1.827
2026-09-17T12:49Z,16354,g95e5,1.859
2026-09-17T12:49Z,16354,gA,1.879
2026-09-17T12:49Z,16354,gP,1.919
2026-09-17T12:49Z,16354,g98e10,1.959
2026-09-17T12:49Z,16354,gB,1.759
2026-09-17T12:49Z,16355,g95e5,1.789
2026-09-17T12:49Z,16355,gA,1.809
2026-09-17T12:49Z,16356,g95e5,1.807
2026-09-17T12:49Z,16356,gA,1.807
2026-09-17T12:49Z,16357,gA,1.784
2026-09-17T12:49Z,16357,gP,1.844
2026-09-17T12:49Z,16366,g95e5,1.889
2026-09-17T12:49Z,16366,gA,1.859
2026-09-17T12:49Z,16368,g95e5,1.869
2026-09-17T12:49Z,16372,g95e5,1.825
2026-09-17T12:49Z,16372,gA,1.795
2026-09-17T12:49Z,16376,g95e5,1.847
2026-09-17T12:49Z,16376,gA,1.767
2026-09-17T12:49Z,16381,g95e5,1.779
2026-09-17T12:49Z,16381,gA,1.779
2026-09-17T12:49Z,16383,g95e5,1.819
2026-09-17T12:49Z,16383,gA,1.809
2026-09-17T12:49Z,16384,g95e5,1.759
2026-09-17T12:49Z,16384,gA,1.769
2026-09-17T12:49Z,16385,g95e5,1.769
2026-09-17T12:49Z,16387,g95e5,1.939
2026-09-17T12:49Z,16387,gA,1.929
2026-09-17T12:49Z,16389,g95e5,1.899
2026-09-17T12:49Z,16389,gA,1.899
2026-09-17T12:49Z,16392,g95e5,1.399
2026-09-17T12:49Z,16392,gA,1.559
2026-09-17T12:49Z,16397,g95e5,1.849
2026-09-17T12:49Z,16397,gA,1.817
2026-09-17T12:49Z,16397,gP,1.917
2026-09-17T12:49Z,16397,g98e5,1.945
2026-09-17T12:49Z,16406,g95e5,1.889
2026-09-17T12:49Z,16406,gA,1.889
2026-09-17T12:49Z,16422,g95e5,1.769
2026-09-17T12:49Z,16430,g95e5,1.759
2026-09-17T12:49Z,16430,gA,1.759
2026-09-17T12:49Z,16434,g95e5,1.829
2026-09-17T12:49Z,16434,gA,1.789
2026-09-17T12:49Z,16438,g95e5,1.779
2026-09-17T12:49Z,16438,gA,1.759
2026-09-17T12:49Z,16441,g95e5,1.799
2026-09-17T12:49Z,16441,gA,1.809
2026-09-17T12:49Z,16442,g95e5,1.759
2026-09-17T12:49Z,16442,gA,1.769
2026-09-17T12:49Z,16445,g95e5,1.359
2026-09-17T12:49Z,16445,gA,1.559
2026-09-17T12:49Z,16450,g95e5,1.897
2026-09-17T12:49Z,16450,gA,1.827
2026-09-17T12:49Z,16451,g95e5,1.849
2026-09-17T12:49Z,16451,gA,1.819
2026-09-17T12:49Z,16455,g95e5,1.865
2026-09-17T12:49Z,16455,gA,1.855
2026-09-17T12:49Z,16477,g95e5,1.859
2026-09-17T12:49Z,16477,gA,1.839
2026-09-17T12:49Z,16477,gP,1.879
2026-09-17T12:49Z,16484,g95e5,1.809
2026-09-17T12:49Z,16484,gA,1.769
2026-09-17T12:49Z,16492,g95e5,1.799
2026-09-17T12:49Z,16492,gA,1.809
2026-09-17T12:49Z,16493,g95e5,1.989
2026-09-17T12:49Z,16493,gA,1.959
2026-09-17T12:49Z,16493,gP,1.969
2026-09-17T12:49Z,16493,g98e10,2.079
2026-09-17T12:49Z,16494,g95e5,1.879
2026-09-17T12:49Z,16494,gA,1.839
2026-09-17T12:49Z,16497,g95e5,1.909
2026-09-17T12:49Z,16497,gA,1.869
2026-09-17T12:49Z,16497,gP,1.909
2026-09-17T12:49Z,16507,g95e5,1.859
2026-09-17T12:49Z,16509,gA,1.762
2026-09-17T12:49Z,16513,g95e5,1.779
2026-09-17T12:49Z,16513,gA,1.779
2026-09-17T12:49Z,16525,g95e5,1.859
2026-09-17T12:49Z,16525,gA,1.909
2026-09-17T12:49Z,16526,g95e5,1.729
2026-09-17T12:49Z,16526,gA,1.729
2026-09-17T12:49Z,16527,g95e5,1.789
2026-09-17T12:49Z,16527,gA,1.789
2026-09-17T12:49Z,16528,g95e5,1.789
2026-09-17T12:49Z,16528,gA,1.809
