ts,id,combustible,precio
2026-09-09T00:46Z,9,g95e5,1.659
2026-09-09T00:46Z,9,gA,1.587
2026-09-09T00:46Z,46,gA,1.919
2026-09-09T00:46Z,46,gP,1.979
2026-09-09T00:46Z,61,gA,1.919
2026-09-09T00:46Z,61,gP,1.989
2026-09-09T00:46Z,61,gB,1.839
2026-09-09T00:46Z,65,gA,1.919
2026-09-09T00:46Z,65,gP,1.989
2026-09-09T00:46Z,87,gA,1.919
2026-09-09T00:46Z,103,gA,1.919
2026-09-09T00:46Z,103,gP,1.979
2026-09-09T00:46Z,118,gA,1.929
2026-09-09T00:46Z,118,gP,1.999
2026-09-09T00:46Z,121,gA,1.919
2026-09-09T00:46Z,121,gP,1.989
2026-09-09T00:46Z,121,gB,1.839
2026-09-09T00:46Z,140,gA,1.919
2026-09-09T00:46Z,140,gP,1.989
2026-09-09T00:46Z,140,gB,1.839
2026-09-09T00:46Z,163,g95e5,1.839
2026-09-09T00:46Z,163,gA,1.819
2026-09-09T00:46Z,163,gP,1.869
2026-09-09T00:46Z,219,g95e5,1.909
2026-09-09T00:46Z,219,g95e5p,1.959
2026-09-09T00:46Z,220,g95e5,1.909
2026-09-09T00:46Z,220,g95e5p,1.959
2026-09-09T00:46Z,300,g95e5,1.929
2026-09-09T00:46Z,300,gP,1.889
2026-09-09T00:46Z,300,g98e5,1.999
2026-09-09T00:46Z,320,gA,1.909
2026-09-09T00:46Z,320,gP,2.019
2026-09-09T00:46Z,407,g95e5,1.995
2026-09-09T00:46Z,407,gA,1.925
2026-09-09T00:46Z,407,gP,1.985
2026-09-09T00:46Z,407,g98e5,2.105
2026-09-09T00:46Z,409,g95e5,1.899
2026-09-09T00:46Z,409,g95e5p,1.949
2026-09-09T00:46Z,413,g95e5,1.995
2026-09-09T00:46Z,413,gA,1.925
2026-09-09T00:46Z,413,gP,1.985
2026-09-09T00:46Z,413,g98e5,2.105
2026-09-09T00:46Z,436,g95e5,1.889
2026-09-09T00:46Z,436,g95e5p,1.939
2026-09-09T00:46Z,437,g95e5,1.898
2026-09-09T00:46Z,525,g95e5,1.919
2026-09-09T00:46Z,525,gA,1.899
2026-09-09T00:46Z,552,g95e5,1.919
2026-09-09T00:46Z,552,gA,1.899
2026-09-09T00:46Z,552,gP,1.954
2026-09-09T00:46Z,552,gB,1.773
2026-09-09T00:46Z,564,g95e5,1.939
2026-09-09T00:46Z,564,gA,1.913
2026-09-09T00:46Z,564,gP,1.994
2026-09-09T00:46Z,564,gB,1.958
2026-09-09T00:46Z,591,g95e5,1.939
2026-09-09T00:46Z,591,g98e5,2.099
2026-09-09T00:46Z,652,g95e5,1.929
2026-09-09T00:46Z,652,gA,1.879
2026-09-09T00:46Z,652,gP,1.969
2026-09-09T00:46Z,652,g95e5p,1.979
2026-09-09T00:46Z,674,g95e5,1.849
2026-09-09T00:46Z,674,gA,1.809
2026-09-09T00:46Z,674,gP,1.869
2026-09-09T00:46Z,674,g98e5,1.949
2026-09-09T00:46Z,690,g95e5,1.925
2026-09-09T00:46Z,690,gA,1.889
2026-09-09T00:46Z,690,gP,1.949
2026-09-09T00:46Z,690,g98e5,2.085
2026-09-09T00:46Z,831,g95e5,1.909
2026-09-09T00:46Z,831,g95e5p,1.959
2026-09-09T00:46Z,888,gA,1.859
2026-09-09T00:46Z,888,gP,1.909
2026-09-09T00:46Z,888,g98e5,2.029
2026-09-09T00:46Z,888,g95e5p,1.899
2026-09-09T00:46Z,888,gB,1.649
2026-09-09T00:46Z,890,g95e5,1.945
2026-09-09T00:46Z,890,gA,1.945
2026-09-09T00:46Z,890,g98e5,2.105
2026-09-09T00:46Z,923,g95e5,1.835
2026-09-09T00:46Z,923,gA,1.797
2026-09-09T00:46Z,923,gP,1.817
2026-09-09T00:46Z,950,g95e5,1.919
2026-09-09T00:46Z,950,g95e5p,1.969
2026-09-09T00:46Z,953,gP,1.889
2026-09-09T00:46Z,1029,g95e5,1.689
2026-09-09T00:46Z,1068,g95e5,1.659
2026-09-09T00:46Z,1068,gA,1.637
2026-09-09T00:46Z,1068,gP,1.657
2026-09-09T00:46Z,1371,g95e5,1.959
2026-09-09T00:46Z,1371,gA,1.889
2026-09-09T00:46Z,1438,g95e5,1.899
2026-09-09T00:46Z,1438,gA,1.869
2026-09-09T00:46Z,1438,gP,1.929
2026-09-09T00:46Z,1438,g98e5,2.009
2026-09-09T00:46Z,1441,g95e5,1.899
2026-09-09T00:46Z,1441,gA,1.869
2026-09-09T00:46Z,1441,gP,1.929
2026-09-09T00:46Z,1441,g95e5p,1.989
2026-09-09T00:46Z,1471,g95e5,1.889
2026-09-09T00:46Z,1471,gA,1.828
2026-09-09T00:46Z,1488,g95e5,1.949
2026-09-09T00:46Z,1488,gA,1.879
2026-09-09T00:46Z,1488,gP,1.979
2026-09-09T00:46Z,1488,g95e5p,2.019
2026-09-09T00:46Z,1492,g95e5,1.959
2026-09-09T00:46Z,1492,gA,1.873
2026-09-09T00:46Z,1492,gP,1.963
2026-09-09T00:46Z,1493,g95e5,1.928
2026-09-09T00:46Z,1493,gA,1.848
2026-09-09T00:46Z,1493,gP,1.938
2026-09-09T00:46Z,1495,g95e5,1.928
2026-09-09T00:46Z,1495,gA,1.848
2026-09-09T00:46Z,1495,gP,1.938
2026-09-09T00:46Z,1570,g95e5,1.848
2026-09-09T00:46Z,1570,gA,1.828
2026-09-09T00:46Z,1570,g98e5,1.938
2026-09-09T00:46Z,1570,gB,1.418
2026-09-09T00:46Z,1936,g95e5,1.939
2026-09-09T00:46Z,1936,gA,1.845
2026-09-09T00:46Z,1936,gP,1.935
2026-09-09T00:46Z,1980,g95e5,1.899
2026-09-09T00:46Z,1980,gA,1.839
2026-09-09T00:46Z,1980,g98e5,1.999
2026-09-09T00:46Z,1980,glp,1.119
2026-09-09T00:46Z,1990,g95e5,1.949
2026-09-09T00:46Z,1990,gA,1.879
2026-09-09T00:46Z,1990,gP,1.979
2026-09-09T00:46Z,1990,g98e5,2.049
2026-09-09T00:46Z,1990,g95e5p,2.019
2026-09-09T00:46Z,2131,g95e5,1.929
2026-09-09T00:46Z,2131,gA,1.889
2026-09-09T00:46Z,2131,g98e5,2.039
2026-09-09T00:46Z,2131,g95e5p,1.979
2026-09-09T00:46Z,2131,gB,1.759
2026-09-09T00:46Z,2354,g95e5,1.949
2026-09-09T00:46Z,2354,gA,1.879
2026-09-09T00:46Z,2354,gP,1.969
2026-09-09T00:46Z,2354,g98e5,2.089
2026-09-09T00:46Z,2623,g95e5,1.969
2026-09-09T00:46Z,2623,gA,1.949
2026-09-09T00:46Z,2623,gP,2.039
2026-09-09T00:46Z,2623,g95e5p,2.049
2026-09-09T00:46Z,2672,g95e5,1.799
2026-09-09T00:46Z,2672,gP,1.839
2026-09-09T00:46Z,2672,g95e5p,1.819
2026-09-09T00:46Z,2760,g95e5,1.949
2026-09-09T00:46Z,2760,gA,1.889
2026-09-09T00:46Z,2760,g98e5,2.139
2026-09-09T00:46Z,2761,g95e5,1.999
2026-09-09T00:46Z,2761,gA,1.939
2026-09-09T00:46Z,2761,g98e5,2.169
2026-09-09T00:46Z,2854,g95e5,1.989
2026-09-09T00:46Z,2854,gA,1.939
2026-09-09T00:46Z,2854,gP,2.029
2026-09-09T00:46Z,2854,g95e5p,2.069
2026-09-09T00:46Z,2854,gB,1.838
2026-09-09T00:46Z,2922,g95e5,1.799
2026-09-09T00:46Z,2922,gA,1.759
2026-09-09T00:46Z,2922,gP,1.809
2026-09-09T00:46Z,2933,g95e5,1.654
2026-09-09T00:46Z,2933,gA,1.669
2026-09-09T00:46Z,2933,gP,1.689
2026-09-09T00:46Z,2934,g95e5,1.654
2026-09-09T00:46Z,2934,gA,1.669
2026-09-09T00:46Z,2934,gP,1.689
2026-09-09T00:46Z,2948,g95e5,1.949
2026-09-09T00:46Z,2948,gA,1.939
2026-09-09T00:46Z,2948,gP,2.009
2026-09-09T00:46Z,2948,g98e5,2.069
2026-09-09T00:46Z,2948,g95e5p,1.999
2026-09-09T00:46Z,2949,g95e5,1.949
2026-09-09T00:46Z,2949,gA,1.933
2026-09-09T00:46Z,2949,gP,1.999
2026-09-09T00:46Z,2949,g95e5p,1.999
2026-09-09T00:46Z,2970,g95e5,1.909
2026-09-09T00:46Z,2970,gA,1.899
2026-09-09T00:46Z,2970,gP,1.955
2026-09-09T00:46Z,2970,g98e5,1.989
2026-09-09T00:46Z,3069,g95e5,1.799
2026-09-09T00:46Z,3069,gA,1.759
2026-09-09T00:46Z,3069,gP,1.809
2026-09-09T00:46Z,3069,g95e5p,1.849
2026-09-09T00:46Z,3073,gA,1.749
2026-09-09T00:46Z,3091,g95e5,1.799
2026-09-09T00:46Z,3091,gA,1.769
2026-09-09T00:46Z,3091,gP,1.819
2026-09-09T00:46Z,3091,g95e5p,1.849
2026-09-09T00:46Z,3093,g95e5,1.949
2026-09-09T00:46Z,3093,gA,1.899
2026-09-09T00:46Z,3093,gP,2.014
2026-09-09T00:46Z,3093,gB,1.828
2026-09-09T00:46Z,3099,g95e5,1.757
2026-09-09T00:46Z,3099,gP,1.775
2026-09-09T00:46Z,3147,gA,1.859
2026-09-09T00:46Z,3147,gP,1.909
2026-09-09T00:46Z,3150,g95e5,1.789
2026-09-09T00:46Z,3150,gA,1.779
2026-09-09T00:46Z,3150,gP,1.829
2026-09-09T00:46Z,3150,g95e5p,1.839
2026-09-09T00:46Z,3153,g95e5,1.649
2026-09-09T00:46Z,3153,gP,1.707
2026-09-09T00:46Z,3153,g95e5p,1.669
2026-09-09T00:46Z,3154,g95e5,1.759
2026-09-09T00:46Z,3154,gA,1.747
2026-09-09T00:46Z,3154,gP,1.767
2026-09-09T00:46Z,3191,g95e5,1.799
2026-09-09T00:46Z,3191,gA,1.769
2026-09-09T00:46Z,3191,gP,1.819
2026-09-09T00:46Z,3191,g95e5p,1.849
2026-09-09T00:46Z,3194,g95e5,1.719
2026-09-09T00:46Z,3194,gA,1.709
2026-09-09T00:46Z,3194,gP,1.729
2026-09-09T00:46Z,3195,g95e5,1.719
2026-09-09T00:46Z,3195,gA,1.709
2026-09-09T00:46Z,3195,gP,1.729
2026-09-09T00:46Z,3216,g95e5,1.724
2026-09-09T00:46Z,3216,gA,1.709
2026-09-09T00:46Z,3286,g95e5,1.955
2026-09-09T00:46Z,3286,gA,1.849
2026-09-09T00:46Z,3286,g98e5,2.085
2026-09-09T00:46Z,3286,glp,1.165
2026-09-09T00:46Z,3408,g95e5,1.939
2026-09-09T00:46Z,3408,gA,1.879
2026-09-09T00:46Z,3408,gP,1.944
2026-09-09T00:46Z,3408,g98e5,2.039
2026-09-09T00:46Z,3421,g95e5,1.705
2026-09-09T00:46Z,3421,gA,1.679
2026-09-09T00:46Z,3421,gP,1.699
2026-09-09T00:46Z,3421,g95e5p,1.725
2026-09-09T00:46Z,3423,g95e5,1.719
2026-09-09T00:46Z,3423,gP,1.739
2026-09-09T00:46Z,3423,g95e5p,1.739
2026-09-09T00:46Z,3429,g95e5,1.809
2026-09-09T00:46Z,3429,gA,1.759
2026-09-09T00:46Z,3429,gP,1.809
2026-09-09T00:46Z,3429,g98e5,1.959
2026-09-09T00:46Z,3430,g95e5,1.809
2026-09-09T00:46Z,3430,gA,1.759
2026-09-09T00:46Z,3430,gP,1.809
2026-09-09T00:46Z,3430,g98e5,1.959
2026-09-09T00:46Z,3516,g95e5,1.939
2026-09-09T00:46Z,3516,gA,1.845
2026-09-09T00:46Z,3516,gP,1.935
2026-09-09T00:46Z,3516,g98e5,2.079
2026-09-09T00:46Z,3537,gB,1.474
2026-09-09T00:46Z,3640,g95e5,1.959
2026-09-09T00:46Z,3640,gA,1.889
2026-09-09T00:46Z,3640,gP,1.999
2026-09-09T00:46Z,3640,g98e5,2.079
2026-09-09T00:46Z,3709,g95e5,1.759
2026-09-09T00:46Z,3709,gA,1.739
2026-09-09T00:46Z,3709,gP,1.759
2026-09-09T00:46Z,3725,gA,1.799
2026-09-09T00:46Z,3725,gP,1.889
2026-09-09T00:46Z,3733,g95e5,1.809
2026-09-09T00:46Z,3733,gA,1.759
2026-09-09T00:46Z,3733,gP,1.809
2026-09-09T00:46Z,3733,g98e5,1.959
2026-09-09T00:46Z,3734,g95e5,1.809
2026-09-09T00:46Z,3734,gA,1.759
2026-09-09T00:46Z,3734,g98e5,1.989
2026-09-09T00:46Z,3753,g95e5,1.949
2026-09-09T00:46Z,3753,gA,1.855
2026-09-09T00:46Z,3753,gP,1.945
2026-09-09T00:46Z,3769,g95e5,1.749
2026-09-09T00:46Z,3769,g98e5,1.889
2026-09-09T00:46Z,3945,g95e5,1.665
2026-09-09T00:46Z,3945,gA,1.697
2026-09-09T00:46Z,3945,gP,1.717
2026-09-09T00:46Z,3945,g95e5p,1.685
2026-09-09T00:46Z,3993,gA,1.854
2026-09-09T00:46Z,3993,gP,1.944
2026-09-09T00:46Z,4001,g95e5,1.719
2026-09-09T00:46Z,4001,gA,1.719
2026-09-09T00:46Z,4001,gP,1.739
2026-09-09T00:46Z,4068,g95e5,1.959
2026-09-09T00:46Z,4068,gA,1.879
2026-09-09T00:46Z,4068,gP,1.979
2026-09-09T00:46Z,4068,g98e5,2.069
2026-09-09T00:46Z,4082,g95e5,1.969
2026-09-09T00:46Z,4082,gA,1.879
2026-09-09T00:46Z,4082,gP,1.969
2026-09-09T00:46Z,4128,g95e5,1.664
2026-09-09T00:46Z,4128,gA,1.609
2026-09-09T00:46Z,4184,g95e5,1.699
2026-09-09T00:46Z,4184,gA,1.699
2026-09-09T00:46Z,4220,gA,1.869
2026-09-09T00:46Z,4220,gP,1.959
2026-09-09T00:46Z,4281,g95e5,1.929
2026-09-09T00:46Z,4281,gA,1.879
2026-09-09T00:46Z,4281,gP,1.984
2026-09-09T00:46Z,4295,gA,1.789
2026-09-09T00:46Z,4295,gP,1.839
2026-09-09T00:46Z,4296,g95e5,1.729
2026-09-09T00:46Z,4296,gA,1.749
2026-09-09T00:46Z,4296,gP,1.799
2026-09-09T00:46Z,4296,g98e5,1.839
2026-09-09T00:46Z,4313,gA,1.819
2026-09-09T00:46Z,4313,gP,1.869
2026-09-09T00:46Z,4360,g95e5,1.699
2026-09-09T00:46Z,4360,gA,1.677
2026-09-09T00:46Z,4360,gP,1.697
2026-09-09T00:46Z,4361,g95e5,1.699
2026-09-09T00:46Z,4361,gA,1.677
2026-09-09T00:46Z,4361,gP,1.697
2026-09-09T00:46Z,4406,g95e5,1.889
2026-09-09T00:46Z,4406,gA,1.889
2026-09-09T00:46Z,4449,gA,1.919
2026-09-09T00:46Z,4450,g95e5,1.929
2026-09-09T00:46Z,4450,gA,1.879
2026-09-09T00:46Z,4450,g98e5,2.069
2026-09-09T00:46Z,4466,g95e5,1.919
2026-09-09T00:46Z,4466,gA,1.899
2026-09-09T00:46Z,4466,gP,2.004
2026-09-09T00:46Z,4466,g98e5,2.029
2026-09-09T00:46Z,4662,g95e5,1.929
2026-09-09T00:46Z,4662,gA,1.849
2026-09-09T00:46Z,4662,gP,1.899
2026-09-09T00:46Z,4672,g95e5,1.789
2026-09-09T00:46Z,4672,gA,1.769
2026-09-09T00:46Z,4672,gP,1.819
2026-09-09T00:46Z,4672,g95e5p,1.839
2026-09-09T00:46Z,4673,g95e5,1.789
2026-09-09T00:46Z,4673,gA,1.769
2026-09-09T00:46Z,4673,gP,1.819
2026-09-09T00:46Z,4673,g95e5p,1.839
2026-09-09T00:46Z,4681,g95e5,1.669
2026-09-09T00:46Z,4681,gP,1.689
2026-09-09T00:46Z,4691,g95e5,1.749
2026-09-09T00:46Z,4691,gP,1.739
2026-09-09T00:46Z,4691,g95e5p,1.769
2026-09-09T00:46Z,4696,g95e5,1.939
2026-09-09T00:46Z,4696,gA,1.889
2026-09-09T00:46Z,4696,gP,1.939
2026-09-09T00:46Z,4697,g95e5,1.829
2026-09-09T00:46Z,4697,g95e5p,1.879
2026-09-09T00:46Z,4722,g95e5,1.959
2026-09-09T00:46Z,4722,gA,1.929
2026-09-09T00:46Z,4722,gP,2.014
2026-09-09T00:46Z,4798,g95e5,1.669
2026-09-09T00:46Z,4798,gP,1.687
2026-09-09T00:46Z,4798,g95e5p,1.689
2026-09-09T00:46Z,4819,gA,1.849
2026-09-09T00:46Z,4819,gP,1.939
2026-09-09T00:46Z,4847,g95e5,1.909
2026-09-09T00:46Z,4847,gA,1.879
2026-09-09T00:46Z,4847,gP,1.934
2026-09-09T00:46Z,4847,g95e5p,1.949
2026-09-09T00:46Z,4872,g95e5,1.669
2026-09-09T00:46Z,4872,gP,1.687
2026-09-09T00:46Z,4872,g95e5p,1.689
2026-09-09T00:46Z,4881,g95e5,1.919
2026-09-09T00:46Z,4881,g98e5,2.049
2026-09-09T00:46Z,4882,g95e5,1.999
2026-09-09T00:46Z,4882,gA,1.949
2026-09-09T00:46Z,4882,gP,2.024
2026-09-09T00:46Z,4882,g98e5,2.099
2026-09-09T00:46Z,4883,g95e5,1.744
2026-09-09T00:46Z,4883,g95e5p,1.774
2026-09-09T00:46Z,4885,g95e5,1.639
2026-09-09T00:46Z,4885,gA,1.667
2026-09-09T00:46Z,4885,gP,1.687
2026-09-09T00:46Z,4986,g95e5,1.929
2026-09-09T00:46Z,4986,gA,1.919
2026-09-09T00:46Z,4986,gP,2.019
2026-09-09T00:46Z,4986,g98e5,2.049
2026-09-09T00:46Z,4990,g95e5,1.929
2026-09-09T00:46Z,4990,gA,1.919
2026-09-09T00:46Z,4990,gP,2.019
2026-09-09T00:46Z,4990,g98e5,2.049
2026-09-09T00:46Z,4998,g95e5,1.929
2026-09-09T00:46Z,4998,gA,1.929
2026-09-09T00:46Z,4998,gP,2.004
2026-09-09T00:46Z,4998,g98e5,1.959
2026-09-09T00:46Z,5000,g95e5,1.909
2026-09-09T00:46Z,5000,gA,1.899
2026-09-09T00:46Z,5000,gP,1.969
2026-09-09T00:46Z,5000,g95e5p,1.949
2026-09-09T00:46Z,5021,g95e5,1.909
2026-09-09T00:46Z,5021,gA,1.899
2026-09-09T00:46Z,5021,gP,1.969
2026-09-09T00:46Z,5021,g95e5p,1.949
2026-09-09T00:46Z,5021,gB,1.859
2026-09-09T00:46Z,5037,g95e5,1.734
2026-09-09T00:46Z,5037,g98e5,1.874
2026-09-09T00:46Z,5037,gB,1.414
2026-09-09T00:46Z,5038,gA,1.739
2026-09-09T00:46Z,5038,gP,1.789
2026-09-09T00:46Z,5074,g95e5,1.944
2026-09-09T00:46Z,5074,g95e5p,1.994
2026-09-09T00:46Z,5096,g95e5,1.779
2026-09-09T00:46Z,5096,gA,1.729
2026-09-09T00:46Z,5096,gP,1.749
2026-09-09T00:46Z,5223,g95e5,1.979
2026-09-09T00:46Z,5223,gA,1.919
2026-09-09T00:46Z,5377,g95e5,1.939
2026-09-09T00:46Z,5377,g98e5,2.069
2026-09-09T00:46Z,5399,g95e5,1.909
2026-09-09T00:46Z,5399,gA,1.859
2026-09-09T00:46Z,5399,gP,1.909
2026-09-09T00:46Z,5399,g98e5,2.069
2026-09-09T00:46Z,5419,g95e5,1.979
2026-09-09T00:46Z,5434,g95e5,1.779
2026-09-09T00:46Z,5434,gA,1.769
2026-09-09T00:46Z,5434,gP,1.819
2026-09-09T00:46Z,5434,g98e5,1.929
2026-09-09T00:46Z,5478,g95e5,1.935
2026-09-09T00:46Z,5478,gA,1.895
2026-09-09T00:46Z,5478,g98e5,2.095
2026-09-09T00:46Z,5499,g95e5,1.939
2026-09-09T00:46Z,5499,gA,1.909
2026-09-09T00:46Z,5499,gP,1.994
2026-09-09T00:46Z,5499,g95e5p,1.999
2026-09-09T00:46Z,5515,g95e5,1.989
2026-09-09T00:46Z,5515,gA,1.899
2026-09-09T00:46Z,5561,g95e5,1.709
2026-09-09T00:46Z,5561,gA,1.669
2026-09-09T00:46Z,5620,g95e5,1.889
2026-09-09T00:46Z,5620,gA,1.879
2026-09-09T00:46Z,5620,gP,1.979
2026-09-09T00:46Z,5620,g98e5,2.029
2026-09-09T00:46Z,5630,g95e5,1.689
2026-09-09T00:46Z,5630,gP,1.685
2026-09-09T00:46Z,5641,g95e5,1.719
2026-09-09T00:46Z,5641,gA,1.707
2026-09-09T00:46Z,5665,g95e5,1.779
2026-09-09T00:46Z,5665,gP,1.739
2026-09-09T00:46Z,5673,g95e5,1.825
2026-09-09T00:46Z,5673,gA,1.757
2026-09-09T00:46Z,5673,gP,1.777
2026-09-09T00:46Z,5683,g95e5,1.825
2026-09-09T00:46Z,5683,gA,1.757
2026-09-09T00:46Z,5683,gP,1.777
2026-09-09T00:46Z,5692,g95e5,1.789
2026-09-09T00:46Z,5692,gA,1.759
2026-09-09T00:46Z,5692,gP,1.779
2026-09-09T00:46Z,5713,g95e5,1.899
2026-09-09T00:46Z,5713,gA,1.875
2026-09-09T00:46Z,5713,g98e5,2.039
2026-09-09T00:46Z,5719,g95e5,1.959
2026-09-09T00:46Z,5719,gA,1.919
2026-09-09T00:46Z,5794,g95e5,1.819
2026-09-09T00:46Z,5794,gA,1.769
2026-09-09T00:46Z,5794,gP,1.819
2026-09-09T00:46Z,5794,g95e5p,1.869
2026-09-09T00:46Z,5959,g95e5,1.929
2026-09-09T00:46Z,5959,gA,1.913
2026-09-09T00:46Z,5959,gP,2.009
2026-09-09T00:46Z,5959,g95e5p,1.999
2026-09-09T00:46Z,5959,gB,1.718
2026-09-09T00:46Z,6065,g95e5,1.929
2026-09-09T00:46Z,6065,gA,1.919
2026-09-09T00:46Z,6065,gP,2.019
2026-09-09T00:46Z,6091,g95e5,1.699
2026-09-09T00:46Z,6102,g95e5,1.929
2026-09-09T00:46Z,6102,gA,1.929
2026-09-09T00:46Z,6102,gP,2.009
2026-09-09T00:46Z,6102,g95e5p,1.969
2026-09-09T00:46Z,6113,g95e5,1.939
2026-09-09T00:46Z,6113,gA,1.909
2026-09-09T00:46Z,6113,gP,2.004
2026-09-09T00:46Z,6113,gB,1.968
2026-09-09T00:46Z,6136,g95e5,1.739
2026-09-09T00:46Z,6136,gP,1.729
2026-09-09T00:46Z,6136,g95e5p,1.759
2026-09-09T00:46Z,6139,g95e5,1.769
2026-09-09T00:46Z,6139,gA,1.677
2026-09-09T00:46Z,6139,gP,1.697
2026-09-09T00:46Z,6161,g95e5,1.799
2026-09-09T00:46Z,6161,gP,1.827
2026-09-09T00:46Z,6161,g95e5p,1.819
2026-09-09T00:46Z,6166,g95e5,1.959
2026-09-09T00:46Z,6166,g98e5,2.099
2026-09-09T00:46Z,6396,g95e5,1.959
2026-09-09T00:46Z,6396,gA,1.879
2026-09-09T00:46Z,6396,g98e5,2.049
2026-09-09T00:46Z,6418,g95e5,1.699
2026-09-09T00:46Z,6418,gA,1.669
2026-09-09T00:46Z,6418,gP,1.689
2026-09-09T00:46Z,6439,g95e5,1.709
2026-09-09T00:46Z,6439,gA,1.719
2026-09-09T00:46Z,6439,gP,1.739
2026-09-09T00:46Z,6500,g95e5,1.959
2026-09-09T00:46Z,6500,gA,1.935
2026-09-09T00:46Z,6500,gP,2.020
2026-09-09T00:46Z,6583,g95e5,1.659
2026-09-09T00:46Z,6583,gA,1.639
2026-09-09T00:46Z,6583,gP,1.659
2026-09-09T00:46Z,6613,g95e5,1.959
2026-09-09T00:46Z,6613,gA,1.935
2026-09-09T00:46Z,6613,gP,2.020
2026-09-09T00:46Z,6615,g95e5,1.979
2026-09-09T00:46Z,6615,gA,1.949
2026-09-09T00:46Z,6615,gP,2.034
2026-09-09T00:46Z,6635,g95e5,1.775
2026-09-09T00:46Z,6635,gP,1.787
2026-09-09T00:46Z,6635,g95e5p,1.795
2026-09-09T00:46Z,6640,g95e5,1.775
2026-09-09T00:46Z,6640,gP,1.787
2026-09-09T00:46Z,6640,g95e5p,1.795
2026-09-09T00:46Z,6649,g95e5,1.689
2026-09-09T00:46Z,6649,gP,1.749
2026-09-09T00:46Z,6649,g95e5p,1.709
2026-09-09T00:46Z,6693,g95e5,1.919
2026-09-09T00:46Z,6693,gA,1.929
2026-09-09T00:46Z,6693,g95e5p,1.969
2026-09-09T00:46Z,6787,g95e5,1.779
2026-09-09T00:46Z,6787,gA,1.729
2026-09-09T00:46Z,6787,gP,1.749
2026-09-09T00:46Z,6788,g95e5,1.909
2026-09-09T00:46Z,6788,gA,1.929
2026-09-09T00:46Z,6788,gP,2.004
2026-09-09T00:46Z,6788,g95e5p,2.009
2026-09-09T00:46Z,6788,gB,1.793
2026-09-09T00:46Z,6816,g95e5,1.969
2026-09-09T00:46Z,6816,gA,1.899
2026-09-09T00:46Z,6816,gP,1.949
2026-09-09T00:46Z,6816,g98e5,2.129
2026-09-09T00:46Z,6997,g95e5,1.729
2026-09-09T00:46Z,6997,g98e5,1.869
2026-09-09T00:46Z,7011,g95e5,1.849
2026-09-09T00:46Z,7011,gA,1.789
2026-09-09T00:46Z,7011,gP,1.839
2026-09-09T00:46Z,7011,g95e5p,1.899
2026-09-09T00:46Z,7049,gA,1.689
2026-09-09T00:46Z,7049,gP,1.709
2026-09-09T00:46Z,7049,g95e5p,1.719
2026-09-09T00:46Z,7058,g95e5,1.769
2026-09-09T00:46Z,7063,g95e5,1.819
2026-09-09T00:46Z,7063,gA,1.829
2026-09-09T00:46Z,7063,gP,1.879
2026-09-09T00:46Z,7063,g98e5,1.939
2026-09-09T00:46Z,7190,g95e5,1.959
2026-09-09T00:46Z,7190,gA,1.929
2026-09-09T00:46Z,7190,gP,2.039
2026-09-09T00:46Z,7190,g98e5,2.079
2026-09-09T00:46Z,7332,g95e5,1.759
2026-09-09T00:46Z,7332,gA,1.729
2026-09-09T00:46Z,7332,gP,1.749
2026-09-09T00:46Z,7333,g95e5,1.759
2026-09-09T00:46Z,7333,gA,1.729
2026-09-09T00:46Z,7333,gP,1.749
2026-09-09T00:46Z,7348,g95e5,1.745
2026-09-09T00:46Z,7356,g95e5,1.775
2026-09-09T00:46Z,7356,gA,1.759
2026-09-09T00:46Z,7356,gP,1.779
2026-09-09T00:46Z,7356,g95e5p,1.795
2026-09-09T00:46Z,7470,g95e5,1.679
2026-09-09T00:46Z,7470,gA,1.619
2026-09-09T00:46Z,7528,gA,1.959
2026-09-09T00:46Z,7528,gP,2.009
2026-09-09T00:46Z,7528,g98e5,2.119
2026-09-09T00:46Z,8294,g95e5,1.959
2026-09-09T00:46Z,8294,g98e5,2.099
2026-09-09T00:46Z,8447,gA,1.719
2026-09-09T00:46Z,8517,g95e5,1.775
2026-09-09T00:46Z,8517,gA,1.759
2026-09-09T00:46Z,8517,gP,1.779
2026-09-09T00:46Z,8777,g95e5,1.739
2026-09-09T00:46Z,8777,gP,1.739
2026-09-09T00:46Z,8892,g95e5,1.679
2026-09-09T00:46Z,8892,gP,1.677
2026-09-09T00:46Z,8892,g95e5p,1.699
2026-09-09T00:46Z,8971,g95e5,1.709
2026-09-09T00:46Z,8971,gA,1.809
2026-09-09T00:46Z,8971,gB,1.469
2026-09-09T00:46Z,9009,gA,1.889
2026-09-09T00:46Z,9104,g95e5,1.739
2026-09-09T00:46Z,9104,gA,1.699
2026-09-09T00:46Z,9104,gP,1.719
2026-09-09T00:46Z,9494,g95e5,1.888
2026-09-09T00:46Z,9494,g98e5,2.029
2026-09-09T00:46Z,9507,g95e5,1.889
2026-09-09T00:46Z,9825,g95e5,1.799
2026-09-09T00:46Z,9825,gA,1.777
2026-09-09T00:46Z,9825,gP,1.797
2026-09-09T00:46Z,9861,gA,1.749
2026-09-09T00:46Z,9861,gB,1.649
2026-09-09T00:46Z,10049,gA,1.759
2026-09-09T00:46Z,10049,gP,1.809
2026-09-09T00:46Z,10261,g95e5,1.759
2026-09-09T00:46Z,10261,gA,1.737
2026-09-09T00:46Z,10261,gP,1.757
2026-09-09T00:46Z,10523,g95e5,1.939
2026-09-09T00:46Z,10523,gA,1.889
2026-09-09T00:46Z,10523,gP,1.929
2026-09-09T00:46Z,10525,g95e5,1.939
2026-09-09T00:46Z,10525,gA,1.889
2026-09-09T00:46Z,10525,gB,1.559
2026-09-09T00:46Z,10530,g95e5,1.939
2026-09-09T00:46Z,10530,gA,1.889
2026-09-09T00:46Z,10530,gB,1.609
2026-09-09T00:46Z,10543,g95e5,1.479
2026-09-09T00:46Z,10543,gA,1.589
2026-09-09T00:46Z,10543,gP,1.689
2026-09-09T00:46Z,10543,g98e5,1.609
2026-09-09T00:46Z,10582,g95e5,1.939
2026-09-09T00:46Z,10582,gA,1.845
2026-09-09T00:46Z,10582,gP,1.935
2026-09-09T00:46Z,10582,g98e5,2.079
2026-09-09T00:46Z,10605,g95e5,1.937
2026-09-09T00:46Z,10605,g98e5,2.097
2026-09-09T00:46Z,10858,g95e5,1.679
2026-09-09T00:46Z,10858,gP,1.677
2026-09-09T00:46Z,11033,g95e5,1.899
2026-09-09T00:46Z,11033,gA,1.895
2026-09-09T00:46Z,11033,g98e5,2.059
2026-09-09T00:46Z,11034,g95e5,1.935
2026-09-09T00:46Z,11034,gA,1.925
2026-09-09T00:46Z,11034,g98e5,2.055
2026-09-09T00:46Z,11048,g95e5,1.949
2026-09-09T00:46Z,11048,gA,1.919
2026-09-09T00:46Z,11048,gP,2.024
2026-09-09T00:46Z,11048,g95e5p,1.989
2026-09-09T00:46Z,11054,g95e5,2.009
2026-09-09T00:46Z,11054,gA,1.989
2026-09-09T00:46Z,11054,gP,2.074
2026-09-09T00:46Z,11054,g98e5,2.099
2026-09-09T00:46Z,11112,g95e5,1.799
2026-09-09T00:46Z,11112,gA,1.699
2026-09-09T00:46Z,11123,g95e5,1.939
2026-09-09T00:46Z,11123,gA,1.889
2026-09-09T00:46Z,11123,gP,1.949
2026-09-09T00:46Z,11313,g95e5,1.709
2026-09-09T00:46Z,11313,gA,1.719
2026-09-09T00:46Z,11330,g95e5,1.699
2026-09-09T00:46Z,11452,g95e5,1.708
2026-09-09T00:46Z,11452,gA,1.678
2026-09-09T00:46Z,11452,gP,1.698
2026-09-09T00:46Z,11503,g95e5,1.715
2026-09-09T00:46Z,11511,g95e5,1.999
2026-09-09T00:46Z,11511,gA,1.929
2026-09-09T00:46Z,11511,gP,1.999
2026-09-09T00:46Z,11511,g98e5,2.179
2026-09-09T00:46Z,11555,g95e5,1.998
2026-09-09T00:46Z,11555,gA,1.928
2026-09-09T00:46Z,11583,g95e5,1.939
2026-09-09T00:46Z,11583,gA,1.889
2026-09-09T00:46Z,11583,gP,1.974
2026-09-09T00:46Z,11583,g98e5,2.039
2026-09-09T00:46Z,11595,g95e5,1.694
2026-09-09T00:46Z,11595,gA,1.659
2026-09-09T00:46Z,11595,gP,1.709
2026-09-09T00:46Z,11595,g98e5,1.834
2026-09-09T00:46Z,11651,g95e5,1.949
2026-09-09T00:46Z,11732,g95e5,1.799
2026-09-09T00:46Z,11732,gA,1.699
2026-09-09T00:46Z,11804,g95e5,1.935
2026-09-09T00:46Z,11804,gA,1.925
2026-09-09T00:46Z,11804,g98e5,2.055
2026-09-09T00:46Z,11890,gA,1.854
2026-09-09T00:46Z,11890,gP,1.944
2026-09-09T00:46Z,11922,gA,1.663
2026-09-09T00:46Z,11922,gP,1.734
2026-09-09T00:46Z,11971,g95e5,1.989
2026-09-09T00:46Z,11971,g98e5,2.109
2026-09-09T00:46Z,11975,g95e5,1.939
2026-09-09T00:46Z,11975,gA,1.889
2026-09-09T00:46Z,11975,g98e5,2.149
2026-09-09T00:46Z,11975,g95e5p,2.039
2026-09-09T00:46Z,11975,gB,1.719
2026-09-09T00:46Z,12152,g95e5,1.939
2026-09-09T00:46Z,12152,gA,1.845
2026-09-09T00:46Z,12152,gP,1.935
2026-09-09T00:46Z,12152,g98e5,2.079
2026-09-09T00:46Z,12157,g95e5,1.645
2026-09-09T00:46Z,12157,gA,1.645
2026-09-09T00:46Z,12197,g95e5,1.699
2026-09-09T00:46Z,12197,gA,1.677
2026-09-09T00:46Z,12223,gA,1.789
2026-09-09T00:46Z,12223,gP,1.839
2026-09-09T00:46Z,12266,gA,1.889
2026-09-09T00:46Z,12278,g95e5,1.739
2026-09-09T00:46Z,12278,gA,1.717
2026-09-09T00:46Z,12368,g95e5,1.699
2026-09-09T00:46Z,12368,gA,1.679
2026-09-09T00:46Z,12417,g95e5,1.749
2026-09-09T00:46Z,12417,gA,1.767
2026-09-09T00:46Z,12440,g95e5,1.919
2026-09-09T00:46Z,12440,gA,1.869
2026-09-09T00:46Z,12440,gP,1.959
2026-09-09T00:46Z,12440,g98e5,2.059
2026-09-09T00:46Z,12507,g95e5,1.939
2026-09-09T00:46Z,12507,gA,1.889
2026-09-09T00:46Z,12507,gP,1.929
2026-09-09T00:46Z,12508,g95e5,1.609
2026-09-09T00:46Z,12508,gA,1.599
2026-09-09T00:46Z,12596,g95e5,1.989
2026-09-09T00:46Z,12596,gA,1.919
2026-09-09T00:46Z,12596,gP,1.999
2026-09-09T00:46Z,12596,g98e5,2.129
2026-09-09T00:46Z,12605,gA,1.849
2026-09-09T00:46Z,12605,gP,1.939
2026-09-09T00:46Z,12631,g95e5,1.609
2026-09-09T00:46Z,12631,gA,1.599
2026-09-09T00:46Z,12645,g95e5,1.759
2026-09-09T00:46Z,12645,gA,1.729
2026-09-09T00:46Z,12688,g95e5,1.769
2026-09-09T00:46Z,12688,gA,1.779
2026-09-09T00:46Z,12730,g95e5,1.567
2026-09-09T00:46Z,12730,gA,1.569
2026-09-09T00:46Z,12736,g95e5,1.739
2026-09-09T00:46Z,12736,gA,1.779
2026-09-09T00:46Z,12738,g95e5,1.789
2026-09-09T00:46Z,12765,g95e5,1.759
2026-09-09T00:46Z,12766,g95e5,1.739
2026-09-09T00:46Z,12766,gP,1.739
2026-09-09T00:46Z,12772,g95e5,1.709
2026-09-09T00:46Z,12780,g95e5,1.749
2026-09-09T00:46Z,12780,gA,1.707
2026-09-09T00:46Z,12790,g95e5,1.719
2026-09-09T00:46Z,12790,gA,1.709
2026-09-09T00:46Z,12790,gP,1.729
2026-09-09T00:46Z,12796,g95e5,1.779
2026-09-09T00:46Z,12796,gA,1.739
2026-09-09T00:46Z,12809,g95e5,1.699
2026-09-09T00:46Z,12809,gA,1.677
2026-09-09T00:46Z,12818,g95e5,1.769
2026-09-09T00:46Z,12818,gA,1.787
2026-09-09T00:46Z,12828,g95e5,1.709
2026-09-09T00:46Z,12868,g95e5,1.825
2026-09-09T00:46Z,12868,gA,1.757
2026-09-09T00:46Z,12869,g95e5,1.619
2026-09-09T00:46Z,12869,gA,1.629
2026-09-09T00:46Z,12878,g95e5,1.719
2026-09-09T00:46Z,12878,gA,1.709
2026-09-09T00:46Z,12878,gP,1.729
2026-09-09T00:46Z,12898,g95e5,1.739
2026-09-09T00:46Z,12898,gP,1.789
2026-09-09T00:46Z,12923,g95e5,1.609
2026-09-09T00:46Z,12923,gA,1.599
2026-09-09T00:46Z,12933,g95e5,1.675
2026-09-09T00:46Z,12940,g95e5,2.005
2026-09-09T00:46Z,12940,gA,1.925
2026-09-09T00:46Z,12940,gP,1.985
2026-09-09T00:46Z,12940,g98e5,2.115
2026-09-09T00:46Z,12940,g95e5p,2.065
2026-09-09T00:46Z,12940,glp,1.225
2026-09-09T00:46Z,12963,g95e5,1.567
2026-09-09T00:46Z,12963,gA,1.669
2026-09-09T00:46Z,12987,g95e5,1.719
2026-09-09T00:46Z,12987,gA,1.729
2026-09-09T00:46Z,13020,g95e5,1.739
2026-09-09T00:46Z,13029,g95e5,1.768
2026-09-09T00:46Z,13029,gP,1.718
2026-09-09T00:46Z,13066,g95e5,1.739
2026-09-09T00:46Z,13066,gA,1.719
2026-09-09T00:46Z,13088,gA,1.919
2026-09-09T00:46Z,13088,gP,1.949
2026-09-09T00:46Z,13140,g95e5,1.789
2026-09-09T00:46Z,13140,gA,1.779
2026-09-09T00:46Z,13155,g95e5,1.789
2026-09-09T00:46Z,13159,g95e5,1.689
2026-09-09T00:46Z,13166,g95e5,1.779
2026-09-09T00:46Z,13166,gA,1.727
2026-09-09T00:46Z,13167,g95e5,1.739
2026-09-09T00:46Z,13167,gP,1.749
2026-09-09T00:46Z,13167,g95e5p,1.759
2026-09-09T00:46Z,13179,g95e5,1.609
2026-09-09T00:46Z,13179,gA,1.599
2026-09-09T00:46Z,13209,g95e5,1.749
2026-09-09T00:46Z,13209,gA,1.709
2026-09-09T00:46Z,13209,gP,1.729
2026-09-09T00:46Z,13252,g95e5,1.739
2026-09-09T00:46Z,13252,gA,1.717
2026-09-09T00:46Z,13261,g95e5,1.669
2026-09-09T00:46Z,13261,gA,1.689
2026-09-09T00:46Z,13261,gP,1.709
2026-09-09T00:46Z,13322,g95e5,1.789
2026-09-09T00:46Z,13322,gA,1.759
2026-09-09T00:46Z,13352,g95e5,1.768
2026-09-09T00:46Z,13352,gP,1.718
2026-09-09T00:46Z,13356,g95e5,1.839
2026-09-09T00:46Z,13367,g95e5,1.789
2026-09-09T00:46Z,13367,gA,1.749
2026-09-09T00:46Z,13392,g95e5,1.749
2026-09-09T00:46Z,13392,gA,1.744
2026-09-09T00:46Z,13393,g95e5,1.749
2026-09-09T00:46Z,13393,gA,1.737
2026-09-09T00:46Z,13409,g95e5,1.639
2026-09-09T00:46Z,13409,gA,1.667
2026-09-09T00:46Z,13455,g95e5,1.689
2026-09-09T00:46Z,13565,g95e5,1.939
2026-09-09T00:46Z,13565,gA,1.889
2026-09-09T00:46Z,13565,gB,1.559
2026-09-09T00:46Z,13569,g95e5,1.948
2026-09-09T00:46Z,13569,gA,1.898
2026-09-09T00:46Z,13569,gP,1.958
2026-09-09T00:46Z,13581,g95e5,1.749
2026-09-09T00:46Z,13581,gA,1.729
2026-09-09T00:46Z,13590,g95e5,1.789
2026-09-09T00:46Z,13590,gA,1.759
2026-09-09T00:46Z,13593,g95e5,1.725
2026-09-09T00:46Z,13613,g95e5,1.727
2026-09-09T00:46Z,13613,gA,1.727
2026-09-09T00:46Z,13646,g95e5,1.699
2026-09-09T00:46Z,13654,g95e5,1.694
2026-09-09T00:46Z,13671,g95e5,1.744
2026-09-09T00:46Z,13671,gA,1.744
2026-09-09T00:46Z,13678,g95e5,1.699
2026-09-09T00:46Z,13678,gA,1.679
2026-09-09T00:46Z,13683,g95e5,1.749
2026-09-09T00:46Z,13683,gA,1.697
2026-09-09T00:46Z,13706,g95e5,1.729
2026-09-09T00:46Z,13706,gA,1.719
2026-09-09T00:46Z,13752,g95e5,1.739
2026-09-09T00:46Z,13752,gA,1.769
2026-09-09T00:46Z,13762,g95e5,1.789
2026-09-09T00:46Z,13762,gA,1.749
2026-09-09T00:46Z,13775,g95e5,1.627
2026-09-09T00:46Z,13775,gA,1.746
2026-09-09T00:46Z,13785,g95e5,1.769
2026-09-09T00:46Z,13785,gA,1.779
2026-09-09T00:46Z,13814,g95e5,1.799
2026-09-09T00:46Z,13819,g95e5,1.789
2026-09-09T00:46Z,13847,g95e5,1.739
2026-09-09T00:46Z,13900,g95e5,1.779
2026-09-09T00:46Z,13900,gA,1.759
2026-09-09T00:46Z,14017,g95e5,1.775
2026-09-09T00:46Z,14017,gA,1.759
2026-09-09T00:46Z,14079,g95e5,1.769
2026-09-09T00:46Z,14079,gA,1.787
2026-09-09T00:46Z,14089,gA,1.719
2026-09-09T00:46Z,14107,g95e5,1.739
2026-09-09T00:46Z,14107,gP,1.749
2026-09-09T00:46Z,14107,g95e5p,1.759
2026-09-09T00:46Z,14111,g95e5,1.787
2026-09-09T00:46Z,14111,gP,1.767
2026-09-09T00:46Z,14112,g95e5,1.739
2026-09-09T00:46Z,14112,gA,1.719
2026-09-09T00:46Z,14138,g95e5,1.898
2026-09-09T00:46Z,14138,gA,1.914
2026-09-09T00:46Z,14138,g98e5,2.018
2026-09-09T00:46Z,14138,gB,1.654
2026-09-09T00:46Z,14237,g95e5,1.754
2026-09-09T00:46Z,14237,gA,1.734
2026-09-09T00:46Z,14243,g95e5,1.659
2026-09-09T00:46Z,14243,gP,1.707
2026-09-09T00:46Z,14255,g95e5,1.679
2026-09-09T00:46Z,14256,g95e5,1.679
2026-09-09T00:46Z,14256,gA,1.679
2026-09-09T00:46Z,14268,g95e5,1.789
2026-09-09T00:46Z,14268,gA,1.729
2026-09-09T00:46Z,14290,g95e5,1.739
2026-09-09T00:46Z,14290,gA,1.717
2026-09-09T00:46Z,14290,gP,1.737
2026-09-09T00:46Z,14321,g95e5,1.759
2026-09-09T00:46Z,14321,gA,1.655
2026-09-09T00:46Z,14321,gP,1.675
2026-09-09T00:46Z,14321,g95e5p,1.769
2026-09-09T00:46Z,14343,g95e5,1.749
2026-09-09T00:46Z,14343,gA,1.707
2026-09-09T00:46Z,14358,g95e5,1.749
2026-09-09T00:46Z,14358,gA,1.739
2026-09-09T00:46Z,14358,gP,1.759
2026-09-09T00:46Z,14359,gA,1.669
2026-09-09T00:46Z,14359,gP,1.719
2026-09-09T00:46Z,14386,g95e5,1.769
2026-09-09T00:46Z,14401,g95e5,1.639
2026-09-09T00:46Z,14401,gA,1.667
2026-09-09T00:46Z,14401,gP,1.687
2026-09-09T00:46Z,14410,g95e5,1.789
2026-09-09T00:46Z,14410,gA,1.749
2026-09-09T00:46Z,14429,g95e5,1.799
2026-09-09T00:46Z,14469,g95e5,1.759
2026-09-09T00:46Z,14469,gA,1.739
2026-09-09T00:46Z,14481,g95e5,1.825
2026-09-09T00:46Z,14481,gA,1.757
2026-09-09T00:46Z,14481,gP,1.777
2026-09-09T00:46Z,14496,g95e5,1.759
2026-09-09T00:46Z,14496,gA,1.699
2026-09-09T00:46Z,14496,gP,1.719
2026-09-09T00:46Z,14513,g95e5,1.739
2026-09-09T00:46Z,14513,gA,1.697
2026-09-09T00:46Z,14513,gP,1.717
2026-09-09T00:46Z,14585,g95e5,1.739
2026-09-09T00:46Z,14585,gP,1.749
2026-09-09T00:46Z,14589,g95e5,1.819
2026-09-09T00:46Z,14589,gA,1.769
2026-09-09T00:46Z,14595,g95e5,1.729
2026-09-09T00:46Z,14595,gA,1.734
2026-09-09T00:46Z,14604,g95e5,1.759
2026-09-09T00:46Z,14604,gA,1.767
2026-09-09T00:46Z,14604,gP,1.787
2026-09-09T00:46Z,14606,g95e5,1.759
2026-09-09T00:46Z,14606,gA,1.767
2026-09-09T00:46Z,14609,g95e5,1.779
2026-09-09T00:46Z,14609,gA,1.749
2026-09-09T00:46Z,14613,g95e5,1.749
2026-09-09T00:46Z,14613,gA,1.709
2026-09-09T00:46Z,14613,gP,1.729
2026-09-09T00:46Z,14618,g95e5,1.709
2026-09-09T00:46Z,14618,gA,1.667
2026-09-09T00:46Z,14618,gP,1.687
2026-09-09T00:46Z,14678,g95e5,1.719
2026-09-09T00:46Z,14679,g95e5,1.629
2026-09-09T00:46Z,14679,gA,1.667
2026-09-09T00:46Z,14679,gP,1.687
2026-09-09T00:46Z,14740,g95e5,1.779
2026-09-09T00:46Z,14740,gP,1.739
2026-09-09T00:46Z,14757,g95e5,1.665
2026-09-09T00:46Z,14757,gA,1.697
2026-09-09T00:46Z,14757,gP,1.717
2026-09-09T00:46Z,14758,g95e5,1.739
2026-09-09T00:46Z,14758,gA,1.719
2026-09-09T00:46Z,14758,gP,1.739
2026-09-09T00:46Z,14764,g95e5,1.817
2026-09-09T00:46Z,14764,gP,1.809
2026-09-09T00:46Z,14803,g95e5,1.759
2026-09-09T00:46Z,14803,gA,1.715
2026-09-09T00:46Z,14803,gP,1.735
2026-09-09T00:46Z,14807,gA,1.829
2026-09-09T00:46Z,14815,g95e5,1.739
2026-09-09T00:46Z,14820,g95e5,1.645
2026-09-09T00:46Z,14820,gA,1.645
2026-09-09T00:46Z,14820,gP,1.665
2026-09-09T00:46Z,14832,g95e5,1.739
2026-09-09T00:46Z,14832,gP,1.729
2026-09-09T00:46Z,14862,g95e5,1.769
2026-09-09T00:46Z,14862,gA,1.787
2026-09-09T00:46Z,14862,gP,1.807
2026-09-09T00:46Z,14863,g95e5,1.807
2026-09-09T00:46Z,14869,gA,1.779
2026-09-09T00:46Z,14888,g95e5,1.709
2026-09-09T00:46Z,14888,gP,1.727
2026-09-09T00:46Z,14892,g95e5,1.819
2026-09-09T00:46Z,14892,gP,1.817
2026-09-09T00:46Z,14895,g95e5,1.799
2026-09-09T00:46Z,14895,gP,1.827
2026-09-09T00:46Z,14902,g95e5,1.739
2026-09-09T00:46Z,14902,gA,1.717
2026-09-09T00:46Z,14902,gP,1.737
2026-09-09T00:46Z,14928,g95e5,1.779
2026-09-09T00:46Z,14931,g95e5,1.719
2026-09-09T00:46Z,14931,gP,1.689
2026-09-09T00:46Z,14974,g95e5,1.739
2026-09-09T00:46Z,14974,gA,1.719
2026-09-09T00:46Z,14974,gP,1.739
2026-09-09T00:46Z,14976,g95e5,1.769
2026-09-09T00:46Z,14976,gA,1.779
2026-09-09T00:46Z,14976,gP,1.799
2026-09-09T00:46Z,14977,g95e5,1.739
2026-09-09T00:46Z,14977,gP,1.739
2026-09-09T00:46Z,14993,g95e5,1.789
2026-09-09T00:46Z,14993,gA,1.759
2026-09-09T00:46Z,14993,gP,1.779
2026-09-09T00:46Z,15008,g95e5,1.835
2026-09-09T00:46Z,15008,gA,1.797
2026-09-09T00:46Z,15008,gP,1.817
2026-09-09T00:46Z,15027,g95e5,1.709
2026-09-09T00:46Z,15027,gP,1.707
2026-09-09T00:46Z,15059,gA,1.799
2026-09-09T00:46Z,15065,g95e5,1.689
2026-09-09T00:46Z,15065,gP,1.739
2026-09-09T00:46Z,15068,g95e5,1.759
2026-09-09T00:46Z,15068,gA,1.747
2026-09-09T00:46Z,15074,g95e5,1.709
2026-09-09T00:46Z,15074,gA,1.667
2026-09-09T00:46Z,15074,gP,1.687
2026-09-09T00:46Z,15084,g95e5,1.769
2026-09-09T00:46Z,15084,gA,1.787
2026-09-09T00:46Z,15084,gP,1.807
2026-09-09T00:46Z,15154,g95e5,1.759
2026-09-09T00:46Z,15154,gA,1.747
2026-09-09T00:46Z,15157,g95e5,1.929
2026-09-09T00:46Z,15157,gA,1.879
2026-09-09T00:46Z,15157,gP,1.969
2026-09-09T00:46Z,15157,g95e5p,1.979
2026-09-09T00:46Z,15159,g95e5,1.747
2026-09-09T00:46Z,15159,gP,1.767
2026-09-09T00:46Z,15186,g95e5,1.749
2026-09-09T00:46Z,15186,gP,1.729
2026-09-09T00:46Z,15187,g95e5,1.645
2026-09-09T00:46Z,15187,gA,1.645
2026-09-09T00:46Z,15187,gP,1.665
2026-09-09T00:46Z,15188,g95e5,1.749
2026-09-09T00:46Z,15188,gA,1.729
2026-09-09T00:46Z,15188,gP,1.749
2026-09-09T00:46Z,15206,g95e5,1.819
2026-09-09T00:46Z,15206,gA,1.829
2026-09-09T00:46Z,15206,gP,1.879
2026-09-09T00:46Z,15206,g95e5p,1.869
2026-09-09T00:46Z,15209,g95e5,1.749
2026-09-09T00:46Z,15209,gA,1.759
2026-09-09T00:46Z,15209,gP,1.779
2026-09-09T00:46Z,15251,g95e5,1.739
2026-09-09T00:46Z,15251,gA,1.729
2026-09-09T00:46Z,15259,g95e5,1.799
2026-09-09T00:46Z,15259,gP,1.789
2026-09-09T00:46Z,15321,g95e5,1.879
2026-09-09T00:46Z,15357,g95e5,1.789
2026-09-09T00:46Z,15357,gA,1.719
2026-09-09T00:46Z,15485,g95e5,1.669
2026-09-09T00:46Z,15485,gA,1.689
2026-09-09T00:46Z,15485,gP,1.709
2026-09-09T00:46Z,15491,gA,1.744
2026-09-09T00:46Z,15533,g95e5,1.799
2026-09-09T00:46Z,15533,gP,1.789
2026-09-09T00:46Z,15553,g95e5,1.749
2026-09-09T00:46Z,15553,gA,1.747
2026-09-09T00:46Z,15553,gP,1.767
2026-09-09T00:46Z,15591,g95e5,1.719
2026-09-09T00:46Z,15591,gA,1.709
2026-09-09T00:46Z,15591,gP,1.729
2026-09-09T00:46Z,15592,g95e5,1.739
2026-09-09T00:46Z,15592,gP,1.735
2026-09-09T00:46Z,15673,g95e5,1.749
2026-09-09T00:46Z,15673,gA,1.697
2026-09-09T00:46Z,15673,gP,1.717
2026-09-09T00:46Z,15677,g95e5,1.819
2026-09-09T00:46Z,15677,gA,1.789
2026-09-09T00:46Z,15677,gP,1.839
2026-09-09T00:46Z,15677,g98e5,1.969
2026-09-09T00:46Z,15678,g95e5,1.709
2026-09-09T00:46Z,15678,gA,1.667
2026-09-09T00:46Z,15678,gP,1.687
2026-09-09T00:46Z,15680,g95e5,1.719
2026-09-09T00:46Z,15680,gP,1.739
2026-09-09T00:46Z,15683,g95e5,1.759
2026-09-09T00:46Z,15683,gA,1.655
2026-09-09T00:46Z,15683,gP,1.675
2026-09-09T00:46Z,15699,g95e5,1.717
2026-09-09T00:46Z,15699,gP,1.785
2026-09-09T00:46Z,15702,g95e5,1.929
2026-09-09T00:46Z,15702,gA,1.889
2026-09-09T00:46Z,15702,gP,2.009
2026-09-09T00:46Z,15702,g98e5,2.049
2026-09-09T00:46Z,15702,gB,1.709
2026-09-09T00:46Z,15710,g95e5,1.759
2026-09-09T00:46Z,15710,gA,1.739
2026-09-09T00:46Z,15710,gP,1.759
2026-09-09T00:46Z,15726,g95e5,1.699
2026-09-09T00:46Z,15726,gA,1.649
2026-09-09T00:46Z,15726,gP,1.669
2026-09-09T00:46Z,15740,g95e5,1.759
2026-09-09T00:46Z,15740,gP,1.777
2026-09-09T00:46Z,15758,g95e5,1.709
2026-09-09T00:46Z,15758,gA,1.668
2026-09-09T00:46Z,15758,gP,1.688
2026-09-09T00:46Z,15783,g95e5,1.799
2026-09-09T00:46Z,15783,gP,1.789
2026-09-09T00:46Z,15789,g95e5,1.739
2026-09-09T00:46Z,15789,gP,1.709
2026-09-09T00:46Z,15796,g95e5,1.769
2026-09-09T00:46Z,15796,gA,1.779
2026-09-09T00:46Z,15796,gP,1.799
2026-09-09T00:46Z,15797,g95e5,1.649
2026-09-09T00:46Z,15797,gA,1.679
2026-09-09T00:46Z,15797,gP,1.699
2026-09-09T00:46Z,15812,g95e5,1.759
2026-09-09T00:46Z,15812,gA,1.719
2026-09-09T00:46Z,15850,g95e5,1.699
2026-09-09T00:46Z,15850,gA,1.667
2026-09-09T00:46Z,15850,gP,1.687
2026-09-09T00:46Z,15859,g95e5,1.757
2026-09-09T00:46Z,15859,gP,1.775
2026-09-09T00:46Z,15876,g95e5,1.779
2026-09-09T00:46Z,15876,gA,1.717
2026-09-09T00:46Z,15876,gP,1.737
2026-09-09T00:46Z,15900,g95e5,1.759
2026-09-09T00:46Z,15900,gA,1.747
2026-09-09T00:46Z,15900,gP,1.767
2026-09-09T00:46Z,15904,gA,1.829
2026-09-09T00:46Z,15908,g95e5,1.799
2026-09-09T00:46Z,15908,gP,1.789
2026-09-09T00:46Z,15910,g95e5,1.769
2026-09-09T00:46Z,15910,gA,1.779
2026-09-09T00:46Z,15910,gP,1.799
2026-09-09T00:46Z,15948,g95e5,1.769
2026-09-09T00:46Z,15948,gP,1.729
2026-09-09T00:46Z,15951,g95e5,1.669
2026-09-09T00:46Z,15951,gP,1.745
2026-09-09T00:46Z,15960,g95e5,1.729
2026-09-09T00:46Z,15960,gA,1.719
2026-09-09T00:46Z,15991,g95e5,1.739
2026-09-09T00:46Z,15991,gA,1.697
2026-09-09T00:46Z,15991,gP,1.717
2026-09-09T00:46Z,16000,g95e5,1.799
2026-09-09T00:46Z,16009,g95e5,1.739
2026-09-09T00:46Z,16009,gA,1.719
2026-09-09T00:46Z,16009,gP,1.739
2026-09-09T00:46Z,16016,g95e5,1.759
2026-09-09T00:46Z,16016,gP,1.809
2026-09-09T00:46Z,16017,g95e5,1.779
2026-09-09T00:46Z,16017,gA,1.699
2026-09-09T00:46Z,16017,gP,1.719
2026-09-09T00:46Z,16028,g95e5,1.645
2026-09-09T00:46Z,16028,gA,1.565
2026-09-09T00:46Z,16028,gP,1.585
2026-09-09T00:46Z,16029,g95e5,1.809
2026-09-09T00:46Z,16029,gP,1.799
2026-09-09T00:46Z,16054,g95e5,1.739
2026-09-09T00:46Z,16054,gA,1.729
2026-09-09T00:46Z,16054,gP,1.749
2026-09-09T00:46Z,16056,g95e5,1.709
2026-09-09T00:46Z,16056,gA,1.667
2026-09-09T00:46Z,16056,gP,1.687
2026-09-09T00:46Z,16089,g95e5,1.709
2026-09-09T00:46Z,16089,gA,1.749
2026-09-09T00:46Z,16089,gP,1.769
2026-09-09T00:46Z,16101,g95e5,1.699
2026-09-09T00:46Z,16101,gA,1.729
2026-09-09T00:46Z,16101,gP,1.749
2026-09-09T00:46Z,16108,g95e5,1.649
2026-09-09T00:46Z,16108,gP,1.657
2026-09-09T00:46Z,16125,g95e5,1.779
2026-09-09T00:46Z,16125,gA,1.717
2026-09-09T00:46Z,16125,gP,1.737
2026-09-09T00:46Z,16130,g95e5,1.739
2026-09-09T00:46Z,16130,gA,1.719
2026-09-09T00:46Z,16130,gP,1.739
2026-09-09T00:46Z,16150,g95e5,1.759
2026-09-09T00:46Z,16150,gA,1.737
2026-09-09T00:46Z,16150,gP,1.757
2026-09-09T00:46Z,16151,g95e5,1.749
2026-09-09T00:46Z,16151,gA,1.719
2026-09-09T00:46Z,16151,gP,1.739
2026-09-09T00:46Z,16155,g95e5,1.699
2026-09-09T00:46Z,16155,gP,1.679
2026-09-09T00:46Z,16167,g95e5,1.699
2026-09-09T00:46Z,16167,gA,1.659
2026-09-09T00:46Z,16167,gP,1.679
2026-09-09T00:46Z,16175,g95e5,1.649
2026-09-09T00:46Z,16175,gA,1.617
2026-09-09T00:46Z,16175,gP,1.637
2026-09-09T00:46Z,16186,g95e5,1.717
2026-09-09T00:46Z,16186,gP,1.785
2026-09-09T00:46Z,16192,g95e5,1.759
2026-09-09T00:46Z,16192,gA,1.655
2026-09-09T00:46Z,16192,gP,1.675
2026-09-09T00:46Z,16207,g95e5,1.759
2026-09-09T00:46Z,16248,g95e5,1.729
2026-09-09T00:46Z,16248,gA,1.809
2026-09-09T00:46Z,16248,gP,1.829
2026-09-09T00:46Z,16260,g95e5,1.749
2026-09-09T00:46Z,16260,gP,1.739
2026-09-09T00:46Z,16260,g95e5p,1.769
2026-09-09T00:46Z,16261,g95e5,1.776
2026-09-09T00:46Z,16261,gA,1.696
2026-09-09T00:46Z,16261,gP,1.716
2026-09-09T00:46Z,16264,g95e5,1.629
2026-09-09T00:46Z,16264,gA,1.649
2026-09-09T00:46Z,16279,g95e5,1.799
2026-09-09T00:46Z,16279,gA,1.797
2026-09-09T00:46Z,16285,g95e5,1.699
2026-09-09T00:46Z,16285,gA,1.677
2026-09-09T00:46Z,16285,gP,1.687
2026-09-09T00:46Z,16285,g95e5p,1.709
2026-09-09T00:46Z,16286,g95e5,1.759
2026-09-09T00:46Z,16286,gA,1.727
2026-09-09T00:46Z,16302,g95e5,1.739
2026-09-09T00:46Z,16302,gA,1.749
2026-09-09T00:46Z,16302,gP,1.769
2026-09-09T00:46Z,16310,g95e5,1.679
2026-09-09T00:46Z,16310,gP,1.677
2026-09-09T00:46Z,16310,g95e5p,1.699
2026-09-09T00:46Z,16319,g95e5,1.779
2026-09-09T00:46Z,16319,gA,1.717
2026-09-09T00:46Z,16319,gP,1.737
2026-09-09T00:46Z,16320,g95e5,1.759
2026-09-09T00:46Z,16320,gA,1.737
2026-09-09T00:46Z,16320,g95e5p,1.779
2026-09-09T00:46Z,16328,g95e5,1.779
2026-09-09T00:46Z,16328,gA,1.699
2026-09-09T00:46Z,16328,gP,1.719
2026-09-09T00:46Z,16332,g95e5,1.709
2026-09-09T00:46Z,16332,gA,1.719
2026-09-09T00:46Z,16332,gP,1.739
2026-09-09T00:46Z,16350,g95e5,1.739
2026-09-09T00:46Z,16350,gA,1.719
2026-09-09T00:46Z,16350,gP,1.739
2026-09-09T00:46Z,16398,g95e5,1.759
2026-09-09T00:46Z,16398,gP,1.777
2026-09-09T00:46Z,16398,g95e5p,1.779
2026-09-09T00:46Z,16404,g95e5,1.739
2026-09-09T00:46Z,16404,gA,1.749
2026-09-09T00:46Z,16404,gP,1.769
2026-09-09T00:46Z,16408,g95e5,1.737
2026-09-09T00:46Z,16408,gP,1.739
2026-09-09T00:46Z,16408,g95e5p,1.757
2026-09-09T00:46Z,16411,g95e5,1.879
2026-09-09T00:46Z,16411,gA,1.909
2026-09-09T00:46Z,16411,gP,2.009
2026-09-09T00:46Z,16441,g95e5,1.759
2026-09-09T00:46Z,16441,gA,1.759
2026-09-09T00:46Z,16480,g95e5,1.799
2026-09-09T00:46Z,16480,gA,1.779
2026-09-09T00:46Z,16486,g95e5,1.719
2026-09-09T00:46Z,16486,gP,1.739
2026-09-09T00:46Z,16486,g95e5p,1.739
2026-09-09T05:26Z,27,g95e5,1.929
2026-09-09T05:26Z,27,gA,1.939
2026-09-09T05:26Z,27,gP,2.029
2026-09-09T05:26Z,28,g95e5,1.959
2026-09-09T05:26Z,28,gA,1.929
2026-09-09T05:26Z,28,gP,1.979
2026-09-09T05:26Z,28,g98e5,2.099
2026-09-09T05:26Z,29,g95e5,1.889
2026-09-09T05:26Z,29,gA,1.869
2026-09-09T05:26Z,29,gP,1.919
2026-09-09T05:26Z,62,g95e5,1.939
2026-09-09T05:26Z,62,gA,1.889
2026-09-09T05:26Z,62,gP,1.979
2026-09-09T05:26Z,62,gB,1.839
2026-09-09T05:26Z,96,g95e5,1.969
2026-09-09T05:26Z,96,gA,1.939
2026-09-09T05:26Z,116,g95e5,1.939
2026-09-09T05:26Z,116,gA,1.889
2026-09-09T05:26Z,116,gB,1.839
2026-09-09T05:26Z,122,gA,1.919
2026-09-09T05:26Z,122,gP,1.979
2026-09-09T05:26Z,160,g95e5,1.779
2026-09-09T05:26Z,160,gA,1.649
2026-09-09T05:26Z,160,gP,1.669
2026-09-09T05:26Z,160,g98e5,1.869
2026-09-09T05:26Z,166,g95e5,1.979
2026-09-09T05:26Z,166,gA,1.919
2026-09-09T05:26Z,166,gP,2.009
2026-09-09T05:26Z,166,g98e5,2.079
2026-09-09T05:26Z,177,gA,1.905
2026-09-09T05:26Z,186,gA,1.929
2026-09-09T05:26Z,188,gA,1.935
2026-09-09T05:26Z,202,gA,1.909
2026-09-09T05:26Z,204,g95e5,1.969
2026-09-09T05:26Z,204,gA,1.909
2026-09-09T05:26Z,206,gA,1.909
2026-09-09T05:26Z,208,gA,1.915
2026-09-09T05:26Z,219,g95e5,1.919
2026-09-09T05:26Z,219,g95e5p,1.969
2026-09-09T05:26Z,220,g95e5,1.919
2026-09-09T05:26Z,220,g95e5p,1.969
2026-09-09T05:26Z,242,gA,1.909
2026-09-09T05:26Z,245,g95e5,1.965
2026-09-09T05:26Z,245,gA,1.905
2026-09-09T05:26Z,254,g95e5,1.929
2026-09-09T05:26Z,254,gA,1.838
2026-09-09T05:26Z,254,gP,1.938
2026-09-09T05:26Z,327,g95e5,1.919
2026-09-09T05:26Z,327,gA,1.919
2026-09-09T05:26Z,327,gP,2.004
2026-09-09T05:26Z,327,g98e5,2.029
2026-09-09T05:26Z,337,gA,1.889
2026-09-09T05:26Z,339,g95e5,1.919
2026-09-09T05:26Z,339,gA,1.909
2026-09-09T05:26Z,339,gP,1.999
2026-09-09T05:26Z,339,gB,1.639
2026-09-09T05:26Z,345,g95e5,1.949
2026-09-09T05:26Z,345,gA,1.915
2026-09-09T05:26Z,345,gP,1.999
2026-09-09T05:26Z,345,g98e5,2.069
2026-09-09T05:26Z,358,g95e5,1.869
2026-09-09T05:26Z,358,gA,1.829
2026-09-09T05:26Z,358,gP,1.879
2026-09-09T05:26Z,358,g95e5p,1.919
2026-09-09T05:26Z,361,g95e5,1.849
2026-09-09T05:26Z,361,gA,1.809
2026-09-09T05:26Z,361,gP,1.859
2026-09-09T05:26Z,361,g95e5p,1.899
2026-09-09T05:26Z,363,g95e5,1.889
2026-09-09T05:26Z,363,gA,1.849
2026-09-09T05:26Z,363,gP,1.939
2026-09-09T05:26Z,363,g95e5p,1.939
2026-09-09T05:26Z,365,g95e5,1.769
2026-09-09T05:26Z,365,gA,1.729
2026-09-09T05:26Z,365,gP,1.779
2026-09-09T05:26Z,366,g95e5,1.869
2026-09-09T05:26Z,366,gA,1.829
2026-09-09T05:26Z,366,gP,1.879
2026-09-09T05:26Z,366,g95e5p,1.919
2026-09-09T05:26Z,409,g95e5,1.889
2026-09-09T05:26Z,409,g95e5p,1.939
2026-09-09T05:26Z,409,gB,1.689
2026-09-09T05:26Z,431,g95e5,1.959
2026-09-09T05:26Z,431,gA,1.953
2026-09-09T05:26Z,431,gP,2.024
2026-09-09T05:26Z,431,g98e5,2.059
2026-09-09T05:26Z,431,gB,1.878
2026-09-09T05:26Z,436,g95e5,1.899
2026-09-09T05:26Z,436,gA,1.849
2026-09-09T05:26Z,436,gP,1.899
2026-09-09T05:26Z,436,g95e5p,1.949
2026-09-09T05:26Z,450,g95e5,1.955
2026-09-09T05:26Z,450,gA,1.879
2026-09-09T05:26Z,462,g95e5,1.929
2026-09-09T05:26Z,462,gA,1.899
2026-09-09T05:26Z,462,gP,1.979
2026-09-09T05:26Z,469,gA,1.945
2026-09-09T05:26Z,469,g98e5,2.105
2026-09-09T05:26Z,488,g95e5,2.029
2026-09-09T05:26Z,488,gA,1.929
2026-09-09T05:26Z,488,gP,1.949
2026-09-09T05:26Z,528,g95e5,2.029
2026-09-09T05:26Z,528,gA,1.919
2026-09-09T05:26Z,528,g98e5,2.229
2026-09-09T05:26Z,528,gB,1.759
2026-09-09T05:26Z,543,g95e5,1.969
2026-09-09T05:26Z,543,gA,1.929
2026-09-09T05:26Z,543,gP,1.979
2026-09-09T05:26Z,543,g95e5p,2.019
2026-09-09T05:26Z,543,gB,1.679
2026-09-09T05:26Z,549,gA,1.889
2026-09-09T05:26Z,574,gA,1.944
2026-09-09T05:26Z,574,gP,1.951
2026-09-09T05:26Z,594,g95e5,1.969
2026-09-09T05:26Z,594,gA,1.939
2026-09-09T05:26Z,594,gP,2.014
2026-09-09T05:26Z,594,gB,1.795
2026-09-09T05:26Z,595,g95e5,1.919
2026-09-09T05:26Z,595,gA,1.899
2026-09-09T05:26Z,595,gP,1.954
2026-09-09T05:26Z,595,g95e10,1.959
2026-09-09T05:26Z,595,gB,1.773
2026-09-09T05:26Z,616,g95e5,1.905
2026-09-09T05:26Z,616,gA,1.866
2026-09-09T05:26Z,616,gP,1.930
2026-09-09T05:26Z,616,gB,1.615
2026-09-09T05:26Z,641,g95e5,1.955
2026-09-09T05:26Z,641,gA,1.879
2026-09-09T05:26Z,652,g95e5,1.939
2026-09-09T05:26Z,652,gA,1.889
2026-09-09T05:26Z,652,gP,1.979
2026-09-09T05:26Z,652,g95e5p,1.989
2026-09-09T05:26Z,652,glp,1.109
2026-09-09T05:26Z,661,g95e5,1.949
2026-09-09T05:26Z,661,gA,1.889
2026-09-09T05:26Z,661,gP,1.939
2026-09-09T05:26Z,661,g95e5p,1.999
2026-09-09T05:26Z,684,g95e5,1.899
2026-09-09T05:26Z,684,gA,1.859
2026-09-09T05:26Z,684,gP,1.909
2026-09-09T05:26Z,684,g95e5p,1.949
2026-09-09T05:26Z,700,gA,1.689
2026-09-09T05:26Z,703,g95e5,1.929
2026-09-09T05:26Z,703,gA,1.828
2026-09-09T05:26Z,703,gP,1.928
2026-09-09T05:26Z,706,g95e5,1.915
2026-09-09T05:26Z,706,gA,1.915
2026-09-09T05:26Z,706,gP,1.995
2026-09-09T05:26Z,709,g95e5,1.905
2026-09-09T05:26Z,709,gA,1.869
2026-09-09T05:26Z,709,gP,1.969
2026-09-09T05:26Z,759,g95e5,1.959
2026-09-09T05:26Z,759,gA,1.919
2026-09-09T05:26Z,759,gP,1.979
2026-09-09T05:26Z,762,gA,1.969
2026-09-09T05:26Z,762,gP,2.089
2026-09-09T05:26Z,774,g95e5,1.938
2026-09-09T05:26Z,774,gA,1.919
2026-09-09T05:26Z,774,gB,1.687
2026-09-09T05:26Z,783,g95e5,1.919
2026-09-09T05:26Z,783,gA,1.915
2026-09-09T05:26Z,783,gP,1.995
2026-09-09T05:26Z,783,g98e5,2.029
2026-09-09T05:26Z,819,g95e5,1.969
2026-09-09T05:26Z,819,gA,1.885
2026-09-09T05:26Z,819,g98e5,2.039
2026-09-09T05:26Z,825,g95e5,1.959
2026-09-09T05:26Z,825,gA,1.919
2026-09-09T05:26Z,825,gP,2.004
2026-09-09T05:26Z,825,g98e5,2.069
2026-09-09T05:26Z,828,g95e5,1.979
2026-09-09T05:26Z,828,gA,1.929
2026-09-09T05:26Z,828,gP,2.014
2026-09-09T05:26Z,828,g98e5,2.079
2026-09-09T05:26Z,828,g95e5p,2.039
2026-09-09T05:26Z,831,g95e5,1.929
2026-09-09T05:26Z,831,gA,1.889
2026-09-09T05:26Z,831,gP,1.939
2026-09-09T05:26Z,831,g95e5p,1.979
2026-09-09T05:26Z,883,g95e5,2.005
2026-09-09T05:26Z,883,gA,1.955
2026-09-09T05:26Z,883,g98e5,2.115
2026-09-09T05:26Z,900,gA,1.949
2026-09-09T05:26Z,905,gA,1.929
2026-09-09T05:26Z,905,gP,2.009
2026-09-09T05:26Z,928,g95e5,1.969
2026-09-09T05:26Z,928,gA,1.929
2026-09-09T05:26Z,928,gP,2.024
2026-09-09T05:26Z,928,gB,1.783
2026-09-09T05:26Z,946,gA,1.909
2026-09-09T05:26Z,946,gB,1.559
2026-09-09T05:26Z,947,gA,1.859
2026-09-09T05:26Z,947,gP,1.909
2026-09-09T05:26Z,948,g95e5,1.969
2026-09-09T05:26Z,948,gA,1.939
2026-09-09T05:26Z,948,gP,1.989
2026-09-09T05:26Z,948,g95e5p,2.019
2026-09-09T05:26Z,948,gB,1.639
2026-09-09T05:26Z,950,g95e5,1.929
2026-09-09T05:26Z,950,gA,1.889
2026-09-09T05:26Z,950,gP,1.939
2026-09-09T05:26Z,950,g95e5p,1.979
2026-09-09T05:26Z,950,gB,1.669
2026-09-09T05:26Z,952,gA,1.909
2026-09-09T05:26Z,952,gP,1.959
2026-09-09T05:26Z,954,g95e5,1.979
2026-09-09T05:26Z,954,gA,1.929
2026-09-09T05:26Z,954,gP,1.979
2026-09-09T05:26Z,954,g98e5,2.119
2026-09-09T05:26Z,980,gA,1.909
2026-09-09T05:26Z,1006,g95e5,1.969
2026-09-09T05:26Z,1006,gA,1.929
2026-09-09T05:26Z,1085,gA,1.929
2026-09-09T05:26Z,1091,gA,1.939
2026-09-09T05:26Z,1131,gA,1.909
2026-09-09T05:26Z,1137,gA,1.869
2026-09-09T05:26Z,1163,g95e5,1.945
2026-09-09T05:26Z,1163,gA,1.879
2026-09-09T05:26Z,1213,g95e5,1.979
2026-09-09T05:26Z,1213,gA,1.939
2026-09-09T05:26Z,1213,gP,2.029
2026-09-09T05:26Z,1354,g95e5,1.919
2026-09-09T05:26Z,1354,g98e5,2.049
2026-09-09T05:26Z,1355,g95e5,1.919
2026-09-09T05:26Z,1355,g98e5,2.049
2026-09-09T05:26Z,1442,g95e5,1.889
2026-09-09T05:26Z,1442,gA,1.849
2026-09-09T05:26Z,1442,gP,1.909
2026-09-09T05:26Z,1442,g98e5,1.999
2026-09-09T05:26Z,1458,g95e5,1.929
2026-09-09T05:26Z,1458,gA,1.854
2026-09-09T05:26Z,1458,gP,1.944
2026-09-09T05:26Z,1513,g95e5,1.949
2026-09-09T05:26Z,1513,gA,1.879
2026-09-09T05:26Z,1639,gA,1.839
2026-09-09T05:26Z,1639,gP,1.889
2026-09-09T05:26Z,1640,glp,1.139
2026-09-09T05:26Z,1818,gA,1.909
2026-09-09T05:26Z,1826,g95e5,1.975
2026-09-09T05:26Z,1826,gA,1.895
2026-09-09T05:26Z,1826,g98e5,2.175
2026-09-09T05:26Z,1827,gA,1.949
2026-09-09T05:26Z,1845,glp,1.139
2026-09-09T05:26Z,1851,gA,1.905
2026-09-09T05:26Z,1853,g95e5,1.979
2026-09-09T05:26Z,1853,gA,1.979
2026-09-09T05:26Z,1853,gP,2.024
2026-09-09T05:26Z,1853,g98e5,2.069
2026-09-09T05:26Z,1865,glp,1.109
2026-09-09T05:26Z,1893,g95e5,1.889
2026-09-09T05:26Z,1893,gA,1.829
2026-09-09T05:26Z,1893,gP,1.849
2026-09-09T05:26Z,1942,g95e5,1.929
2026-09-09T05:26Z,1980,g95e5,1.949
2026-09-09T05:26Z,1980,gA,1.889
2026-09-09T05:26Z,1980,g98e5,2.049
2026-09-09T05:26Z,1980,glp,1.169
2026-09-09T05:26Z,1987,g95e5,1.929
2026-09-09T05:26Z,1987,gA,1.854
2026-09-09T05:26Z,1987,gP,1.944
2026-09-09T05:26Z,1988,g95e5,1.919
2026-09-09T05:26Z,1988,gA,1.839
2026-09-09T05:26Z,1988,gP,1.889
2026-09-09T05:26Z,1988,g98e5,2.059
2026-09-09T05:26Z,2072,g95e5,1.929
2026-09-09T05:26Z,2072,gA,1.949
2026-09-09T05:26Z,2072,gP,2.024
2026-09-09T05:26Z,2072,g98e5,2.049
2026-09-09T05:26Z,2084,gA,1.899
2026-09-09T05:26Z,2114,g95e5,1.929
2026-09-09T05:26Z,2114,gA,1.889
2026-09-09T05:26Z,2114,gP,2.009
2026-09-09T05:26Z,2176,g95e5,1.939
2026-09-09T05:26Z,2176,gA,1.889
2026-09-09T05:26Z,2176,g98e5,2.059
2026-09-09T05:26Z,2176,glp,1.169
2026-09-09T05:26Z,2176,gB,1.729
2026-09-09T05:26Z,2177,g95e5,1.939
2026-09-09T05:26Z,2177,gA,1.889
2026-09-09T05:26Z,2177,g98e5,2.059
2026-09-09T05:26Z,2177,gB,1.729
2026-09-09T05:26Z,2181,g95e5,1.929
2026-09-09T05:26Z,2181,gA,1.889
2026-09-09T05:26Z,2181,gP,2.009
2026-09-09T05:26Z,2181,g98e5,2.049
2026-09-09T05:26Z,2181,g95e5p,1.959
2026-09-09T05:26Z,2223,gA,1.925
2026-09-09T05:26Z,2237,gA,1.939
2026-09-09T05:26Z,2238,gA,1.925
2026-09-09T05:26Z,2255,gA,1.949
2026-09-09T05:26Z,2260,glp,1.179
2026-09-09T05:26Z,2290,gA,1.925
2026-09-09T05:26Z,2309,g95e5,1.955
2026-09-09T05:26Z,2319,g95e5,2.059
2026-09-09T05:26Z,2319,gA,1.979
2026-09-09T05:26Z,2319,gP,2.099
2026-09-09T05:26Z,2319,g98e5,2.239
2026-09-09T05:26Z,2329,g95e5,1.829
2026-09-09T05:26Z,2364,gA,1.899
2026-09-09T05:26Z,2384,g95e5,1.999
2026-09-09T05:26Z,2385,g95e5,1.999
2026-09-09T05:26Z,2518,g95e5,1.939
2026-09-09T05:26Z,2518,gA,1.909
2026-09-09T05:26Z,2518,gP,2.019
2026-09-09T05:26Z,2535,gA,1.925
2026-09-09T05:26Z,2574,gA,1.939
2026-09-09T05:26Z,2583,g95e5,1.959
2026-09-09T05:26Z,2583,gA,1.919
2026-09-09T05:26Z,2583,gP,2.019
2026-09-09T05:26Z,2583,g98e5,2.059
2026-09-09T05:26Z,2587,g95e5,1.919
2026-09-09T05:26Z,2587,g98e5,2.019
2026-09-09T05:26Z,2587,g95e5p,1.969
2026-09-09T05:26Z,2588,gA,1.919
2026-09-09T05:26Z,2588,gP,1.969
2026-09-09T05:26Z,2597,g95e5,1.999
2026-09-09T05:26Z,2597,gA,1.949
2026-09-09T05:26Z,2597,gP,2.069
2026-09-09T05:26Z,2597,g98e5,2.109
2026-09-09T05:26Z,2606,g95e5,1.999
2026-09-09T05:26Z,2606,gA,1.949
2026-09-09T05:26Z,2606,gP,2.069
2026-09-09T05:26Z,2606,g98e5,2.109
2026-09-09T05:26Z,2607,gA,1.959
2026-09-09T05:26Z,2609,gA,1.959
2026-09-09T05:26Z,2610,g95e5,1.999
2026-09-09T05:26Z,2610,gA,1.949
2026-09-09T05:26Z,2610,g98e5,2.109
2026-09-09T05:26Z,2612,gA,1.935
2026-09-09T05:26Z,2616,gA,1.959
2026-09-09T05:26Z,2635,g95e5,1.999
2026-09-09T05:26Z,2635,gA,1.949
2026-09-09T05:26Z,2635,gP,2.069
2026-09-09T05:26Z,2635,g98e5,2.109
2026-09-09T05:26Z,2636,g95e5,1.999
2026-09-09T05:26Z,2636,gA,1.949
2026-09-09T05:26Z,2636,gP,2.069
2026-09-09T05:26Z,2636,g98e5,2.109
2026-09-09T05:26Z,2640,g95e5,1.989
2026-09-09T05:26Z,2640,gA,1.959
2026-09-09T05:26Z,2640,gP,2.059
2026-09-09T05:26Z,2640,g98e5,2.089
2026-09-09T05:26Z,2642,g95e5,1.989
2026-09-09T05:26Z,2642,gA,1.959
2026-09-09T05:26Z,2642,gB,1.789
2026-09-09T05:26Z,2644,g95e5,1.989
2026-09-09T05:26Z,2644,gA,1.949
2026-09-09T05:26Z,2644,gP,2.049
2026-09-09T05:26Z,2644,g98e5,2.089
2026-09-09T05:26Z,2648,g95e5,1.999
2026-09-09T05:26Z,2648,gA,1.949
2026-09-09T05:26Z,2648,gP,2.069
2026-09-09T05:26Z,2648,g98e5,2.109
2026-09-09T05:26Z,2649,g95e5,1.999
2026-09-09T05:26Z,2649,gA,1.949
2026-09-09T05:26Z,2649,gP,2.069
2026-09-09T05:26Z,2649,g98e5,2.109
2026-09-09T05:26Z,2651,g95e5,1.999
2026-09-09T05:26Z,2651,gA,1.949
2026-09-09T05:26Z,2651,g98e5,2.109
2026-09-09T05:26Z,2653,g95e5,1.999
2026-09-09T05:26Z,2653,gA,1.949
2026-09-09T05:26Z,2653,gP,2.069
2026-09-09T05:26Z,2653,g98e5,2.109
2026-09-09T05:26Z,2687,gA,1.929
2026-09-09T05:26Z,2693,gA,1.925
2026-09-09T05:26Z,2700,gA,1.975
2026-09-09T05:26Z,2703,g95e5,1.989
2026-09-09T05:26Z,2703,gA,1.949
2026-09-09T05:26Z,2703,gP,2.009
2026-09-09T05:26Z,2703,g95e5p,2.069
2026-09-09T05:26Z,2704,g95e5,1.999
2026-09-09T05:26Z,2704,gA,1.949
2026-09-09T05:26Z,2704,gP,2.069
2026-09-09T05:26Z,2704,g98e5,2.109
2026-09-09T05:26Z,2705,g95e5,1.999
2026-09-09T05:26Z,2705,gA,1.949
2026-09-09T05:26Z,2705,gP,2.069
2026-09-09T05:26Z,2705,g98e5,2.109
2026-09-09T05:26Z,2707,gA,1.975
2026-09-09T05:26Z,2711,g95e5,1.959
2026-09-09T05:26Z,2711,gA,1.919
2026-09-09T05:26Z,2711,gP,2.019
2026-09-09T05:26Z,2711,g98e5,2.059
2026-09-09T05:26Z,2716,g95e5,1.959
2026-09-09T05:26Z,2716,gA,1.919
2026-09-09T05:26Z,2716,gP,2.019
2026-09-09T05:26Z,2716,g98e5,2.059
2026-09-09T05:26Z,2720,g95e5,1.929
2026-09-09T05:26Z,2720,gA,1.889
2026-09-09T05:26Z,2720,gP,1.989
2026-09-09T05:26Z,2720,g98e5,2.029
2026-09-09T05:26Z,2721,g95e5,1.989
2026-09-09T05:26Z,2721,gA,1.949
2026-09-09T05:26Z,2721,gP,2.049
2026-09-09T05:26Z,2721,g98e5,2.089
2026-09-09T05:26Z,2721,glp,1.159
2026-09-09T05:26Z,2722,g95e5,1.909
2026-09-09T05:26Z,2722,gA,1.899
2026-09-09T05:26Z,2722,gP,1.999
2026-09-09T05:26Z,2722,g98e5,2.019
2026-09-09T05:26Z,2726,gA,1.945
2026-09-09T05:26Z,2736,gA,1.959
2026-09-09T05:26Z,2738,g95e5,1.989
2026-09-09T05:26Z,2738,gA,1.949
2026-09-09T05:26Z,2738,gP,2.049
2026-09-09T05:26Z,2738,g98e5,2.089
2026-09-09T05:26Z,2775,gA,1.945
2026-09-09T05:26Z,2789,gA,1.945
2026-09-09T05:26Z,2807,gA,1.915
2026-09-09T05:26Z,2819,gA,1.935
2026-09-09T05:26Z,2820,gA,1.935
2026-09-09T05:26Z,2821,g95e5,1.935
2026-09-09T05:26Z,2821,gA,1.915
2026-09-09T05:26Z,2825,gA,1.889
2026-09-09T05:26Z,2840,gA,1.925
2026-09-09T05:26Z,2842,g95e5,1.959
2026-09-09T05:26Z,2842,gA,1.969
2026-09-09T05:26Z,2842,gP,2.034
2026-09-09T05:26Z,2842,g95e5p,1.989
2026-09-09T05:26Z,2853,g95e5,2.009
2026-09-09T05:26Z,2853,gA,1.959
2026-09-09T05:26Z,2853,gP,2.024
2026-09-09T05:26Z,2856,g95e5,1.959
2026-09-09T05:26Z,2856,gA,1.959
2026-09-09T05:26Z,2856,gP,2.024
2026-09-09T05:26Z,2856,g98e5,2.049
2026-09-09T05:26Z,2878,g95e5,1.979
2026-09-09T05:26Z,2878,gA,1.949
2026-09-09T05:26Z,2878,gP,1.999
2026-09-09T05:26Z,2878,g98e5,2.079
2026-09-09T05:26Z,2895,g95e5,1.979
2026-09-09T05:26Z,2895,gA,1.969
2026-09-09T05:26Z,2895,gP,2.034
2026-09-09T05:26Z,2914,gA,1.925
2026-09-09T05:26Z,2916,g95e5,1.949
2026-09-09T05:26Z,2916,g98e5,2.049
2026-09-09T05:26Z,2922,glp,1.099
2026-09-09T05:26Z,2926,g95e5,1.849
2026-09-09T05:26Z,2926,gA,1.829
2026-09-09T05:26Z,2926,gP,1.879
2026-09-09T05:26Z,2926,g95e5p,1.899
2026-09-09T05:26Z,2927,glp,1.099
2026-09-09T05:26Z,2929,g95e5,1.819
2026-09-09T05:26Z,2929,gA,1.779
2026-09-09T05:26Z,2929,gP,1.829
2026-09-09T05:26Z,2929,g98e5,1.959
2026-09-09T05:26Z,2932,gA,1.925
2026-09-09T05:26Z,3003,glp,1.139
2026-09-09T05:26Z,3016,g95e5,1.889
2026-09-09T05:26Z,3016,gA,1.809
2026-09-09T05:26Z,3016,gP,1.899
2026-09-09T05:26Z,3016,g98e5,1.999
2026-09-09T05:26Z,3018,gA,1.839
2026-09-09T05:26Z,3018,gP,1.889
2026-09-09T05:26Z,3019,glp,1.119
2026-09-09T05:26Z,3031,g95e5,1.909
2026-09-09T05:26Z,3031,gA,1.899
2026-09-09T05:26Z,3031,gP,1.949
2026-09-09T05:26Z,3031,g98e5,2.059
2026-09-09T05:26Z,3061,g95e5,1.879
2026-09-09T05:26Z,3061,gA,1.819
2026-09-09T05:26Z,3061,gP,1.869
2026-09-09T05:26Z,3061,g98e5,1.989
2026-09-09T05:26Z,3067,g95e5,1.809
2026-09-09T05:26Z,3067,gA,1.769
2026-09-09T05:26Z,3067,gP,1.819
2026-09-09T05:26Z,3067,g95e5p,1.859
2026-09-09T05:26Z,3068,glp,1.099
2026-09-09T05:26Z,3074,g95e5,1.929
2026-09-09T05:26Z,3074,gA,1.899
2026-09-09T05:26Z,3074,gP,1.949
2026-09-09T05:26Z,3074,g98e5,2.069
2026-09-09T05:26Z,3076,g95e5,1.929
2026-09-09T05:26Z,3076,gA,1.889
2026-09-09T05:26Z,3076,gP,1.939
2026-09-09T05:26Z,3076,g95e5p,1.979
2026-09-09T05:26Z,3076,glp,1.119
2026-09-09T05:26Z,3106,gA,1.929
2026-09-09T05:26Z,3136,g95e5,1.929
2026-09-09T05:26Z,3136,g98e5,2.069
2026-09-09T05:26Z,3147,gA,1.879
2026-09-09T05:26Z,3147,gP,1.929
2026-09-09T05:26Z,3155,gA,1.939
2026-09-09T05:26Z,3161,gA,1.895
2026-09-09T05:26Z,3167,gA,1.889
2026-09-09T05:26Z,3169,g95e5,1.969
2026-09-09T05:26Z,3169,g98e5,2.079
2026-09-09T05:26Z,3191,g95e5,1.789
2026-09-09T05:26Z,3191,gA,1.749
2026-09-09T05:26Z,3191,gP,1.799
2026-09-09T05:26Z,3191,g95e5p,1.839
2026-09-09T05:26Z,3191,glp,1.119
2026-09-09T05:26Z,3192,g95e5,1.959
2026-09-09T05:26Z,3192,gA,1.895
2026-09-09T05:26Z,3199,gA,1.879
2026-09-09T05:26Z,3207,g95e5,1.979
2026-09-09T05:26Z,3207,gA,1.899
2026-09-09T05:26Z,3207,g98e5,2.099
2026-09-09T05:26Z,3209,g95e5,1.969
2026-09-09T05:26Z,3209,gA,1.909
2026-09-09T05:26Z,3209,gP,1.989
2026-09-09T05:26Z,3209,g98e5,2.109
2026-09-09T05:26Z,3260,gA,1.859
2026-09-09T05:26Z,3272,gA,1.855
2026-09-09T05:26Z,3293,gA,1.905
2026-09-09T05:26Z,3304,g95e5,1.929
2026-09-09T05:26Z,3304,gA,1.859
2026-09-09T05:26Z,3304,gP,1.909
2026-09-09T05:26Z,3304,g98e5,2.049
2026-09-09T05:26Z,3350,g95e5,1.999
2026-09-09T05:26Z,3350,gA,1.909
2026-09-09T05:26Z,3350,gP,1.994
2026-09-09T05:26Z,3350,g95e5p,2.029
2026-09-09T05:26Z,3371,g95e5,1.869
2026-09-09T05:26Z,3371,gA,1.789
2026-09-09T05:26Z,3372,gB,1.659
2026-09-09T05:26Z,3375,glp,1.119
2026-09-09T05:26Z,3378,glp,1.119
2026-09-09T05:26Z,3457,gA,1.865
2026-09-09T05:26Z,3458,g95e5,1.979
2026-09-09T05:26Z,3458,gA,1.865
2026-09-09T05:26Z,3458,g98e5,2.065
2026-09-09T05:26Z,3478,gA,1.865
2026-09-09T05:26Z,3481,gA,1.859
2026-09-09T05:26Z,3498,g95e5,1.854
2026-09-09T05:26Z,3498,gA,1.839
2026-09-09T05:26Z,3499,g95e5,1.904
2026-09-09T05:26Z,3499,gA,1.894
2026-09-09T05:26Z,3499,gP,1.944
2026-09-09T05:26Z,3499,gB,1.629
2026-09-09T05:26Z,3502,gA,1.909
2026-09-09T05:26Z,3502,gP,1.959
2026-09-09T05:26Z,3593,g95e5,1.969
2026-09-09T05:26Z,3593,gA,1.879
2026-09-09T05:26Z,3593,g98e5,2.109
2026-09-09T05:26Z,3612,gA,1.949
2026-09-09T05:26Z,3678,g95e5,1.959
2026-09-09T05:26Z,3678,gA,1.889
2026-09-09T05:26Z,3678,gP,1.949
2026-09-09T05:26Z,3678,g98e5,2.039
2026-09-09T05:26Z,3679,g95e5,1.959
2026-09-09T05:26Z,3679,gA,1.889
2026-09-09T05:26Z,3679,gP,1.949
2026-09-09T05:26Z,3682,gA,1.869
2026-09-09T05:26Z,3690,gA,1.875
2026-09-09T05:26Z,3700,gA,1.859
2026-09-09T05:26Z,3718,g95e5,1.989
2026-09-09T05:26Z,3718,g98e5,2.129
2026-09-09T05:26Z,3747,g95e5,1.989
2026-09-09T05:26Z,3747,g98e5,2.129
2026-09-09T05:26Z,3763,gA,1.909
2026-09-09T05:26Z,3768,g95e5,1.919
2026-09-09T05:26Z,3768,gA,1.819
2026-09-09T05:26Z,3768,gP,1.869
2026-09-09T05:26Z,3768,g95e5p,1.969
2026-09-09T05:26Z,3796,gA,1.849
2026-09-09T05:26Z,3819,g95e5,1.889
2026-09-09T05:26Z,3819,gA,1.789
2026-09-09T05:26Z,3819,g98e5,2.009
2026-09-09T05:26Z,3823,gA,1.849
2026-09-09T05:26Z,3847,gA,1.839
2026-09-09T05:26Z,3862,gA,1.895
2026-09-09T05:26Z,3870,gA,1.794
2026-09-09T05:26Z,3870,gP,1.844
2026-09-09T05:26Z,3920,gA,1.849
2026-09-09T05:26Z,3920,gP,1.939
2026-09-09T05:26Z,3930,gA,1.849
2026-09-09T05:26Z,3930,gP,1.939
2026-09-09T05:26Z,3967,g95e5,1.964
2026-09-09T05:26Z,3967,gA,1.874
2026-09-09T05:26Z,3967,gP,1.924
2026-09-09T05:26Z,3968,g95e5,1.964
2026-09-09T05:26Z,3968,gA,1.874
2026-09-09T05:26Z,3968,gP,1.924
2026-09-09T05:26Z,3968,g98e5,2.084
2026-09-09T05:26Z,3987,gA,1.719
2026-09-09T05:26Z,3988,g95e5,1.889
2026-09-09T05:26Z,3988,gB,1.439
2026-09-09T05:26Z,3993,gA,1.864
2026-09-09T05:26Z,3993,gP,1.954
2026-09-09T05:26Z,3993,g98e5,2.049
2026-09-09T05:26Z,3993,g95e5p,1.959
2026-09-09T05:26Z,4005,g95e5,1.974
2026-09-09T05:26Z,4005,g98e5,2.104
2026-09-09T05:26Z,4006,gA,1.799
2026-09-09T05:26Z,4006,gP,1.849
2026-09-09T05:26Z,4034,gA,1.875
2026-09-09T05:26Z,4079,gA,1.885
2026-09-09T05:26Z,4088,gA,1.855
2026-09-09T05:26Z,4120,g95e5,1.889
2026-09-09T05:26Z,4120,gA,1.789
2026-09-09T05:26Z,4120,gP,1.839
2026-09-09T05:26Z,4120,g95e5p,1.939
2026-09-09T05:26Z,4123,g95e5,1.889
2026-09-09T05:26Z,4123,gA,1.789
2026-09-09T05:26Z,4123,g98e5,2.029
2026-09-09T05:26Z,4129,g95e5,1.869
2026-09-09T05:26Z,4129,gA,1.799
2026-09-09T05:26Z,4129,gP,1.849
2026-09-09T05:26Z,4129,g98e5,2.029
2026-09-09T05:26Z,4157,g95e5,1.939
2026-09-09T05:26Z,4157,gA,1.889
2026-09-09T05:26Z,4157,g98e5,2.059
2026-09-09T05:26Z,4157,glp,1.169
2026-09-09T05:26Z,4244,g95e5,1.929
2026-09-09T05:26Z,4244,gA,1.889
2026-09-09T05:26Z,4244,gP,2.009
2026-09-09T05:26Z,4244,g98e5,2.049
2026-09-09T05:26Z,4310,g95e5,1.869
2026-09-09T05:26Z,4310,gA,1.839
2026-09-09T05:26Z,4310,gP,1.889
2026-09-09T05:26Z,4310,g98e5,1.959
2026-09-09T05:26Z,4313,gA,1.839
2026-09-09T05:26Z,4313,gP,1.889
2026-09-09T05:26Z,4337,gA,1.939
2026-09-09T05:26Z,4343,g95e5,1.933
2026-09-09T05:26Z,4343,gA,1.903
2026-09-09T05:26Z,4343,gP,1.993
2026-09-09T05:26Z,4343,g98e5,2.093
2026-09-09T05:26Z,4344,gA,1.948
2026-09-09T05:26Z,4358,gA,1.915
2026-09-09T05:26Z,4363,g95e5,1.959
2026-09-09T05:26Z,4363,gA,1.909
2026-09-09T05:26Z,4363,gP,2.004
2026-09-09T05:26Z,4363,g95e5p,2.009
2026-09-09T05:26Z,4364,g95e5,1.959
2026-09-09T05:26Z,4364,gA,1.909
2026-09-09T05:26Z,4364,gP,2.004
2026-09-09T05:26Z,4364,g95e5p,2.009
2026-09-09T05:26Z,4431,gA,1.829
2026-09-09T05:26Z,4431,gP,1.879
2026-09-09T05:26Z,4432,gA,1.829
2026-09-09T05:26Z,4432,gP,1.879
2026-09-09T05:26Z,4443,g95e5,1.969
2026-09-09T05:26Z,4448,gA,1.925
2026-09-09T05:26Z,4476,gB,1.839
2026-09-09T05:26Z,4484,gA,1.885
2026-09-09T05:26Z,4528,g95e5,1.989
2026-09-09T05:26Z,4543,gA,1.949
2026-09-09T05:26Z,4550,g95e5,1.959
2026-09-09T05:26Z,4550,gA,1.879
2026-09-09T05:26Z,4550,gP,1.889
2026-09-09T05:26Z,4550,g95e5p,1.999
2026-09-09T05:26Z,4551,g95e5,1.949
2026-09-09T05:26Z,4551,gA,1.899
2026-09-09T05:26Z,4551,gP,2.014
2026-09-09T05:26Z,4551,g98e5,2.059
2026-09-09T05:26Z,4577,g95e5,1.965
2026-09-09T05:26Z,4587,g95e5,1.949
2026-09-09T05:26Z,4587,gA,1.899
2026-09-09T05:26Z,4587,gP,2.014
2026-09-09T05:26Z,4587,g95e5p,1.989
2026-09-09T05:26Z,4609,gA,1.935
2026-09-09T05:26Z,4641,g95e5,1.965
2026-09-09T05:26Z,4641,gA,1.905
2026-09-09T05:26Z,4656,g95e5,1.929
2026-09-09T05:26Z,4656,g95e5p,1.979
2026-09-09T05:26Z,4656,glp,1.139
2026-09-09T05:26Z,4657,g95e5,1.929
2026-09-09T05:26Z,4657,gA,1.879
2026-09-09T05:26Z,4657,gP,1.929
2026-09-09T05:26Z,4657,g95e5p,1.979
2026-09-09T05:26Z,4657,glp,1.119
2026-09-09T05:26Z,4661,g95e5,1.969
2026-09-09T05:26Z,4661,g98e5,2.079
2026-09-09T05:26Z,4662,g95e5,1.939
2026-09-09T05:26Z,4662,gA,1.859
2026-09-09T05:26Z,4662,gP,1.909
2026-09-09T05:26Z,4662,glp,1.139
2026-09-09T05:26Z,4667,g95e5,1.929
2026-09-09T05:26Z,4667,gA,1.899
2026-09-09T05:26Z,4667,gP,1.949
2026-09-09T05:26Z,4667,g98e5,2.069
2026-09-09T05:26Z,4667,glp,1.119
2026-09-09T05:26Z,4668,g95e5,1.929
2026-09-09T05:26Z,4668,gA,1.899
2026-09-09T05:26Z,4668,gP,1.949
2026-09-09T05:26Z,4668,g98e5,2.069
2026-09-09T05:26Z,4669,g95e5,1.949
2026-09-09T05:26Z,4669,gA,1.879
2026-09-09T05:26Z,4669,gP,1.929
2026-09-09T05:26Z,4669,g98e5,2.069
2026-09-09T05:26Z,4669,glp,1.119
2026-09-09T05:26Z,4684,g95e5,1.959
2026-09-09T05:26Z,4684,gA,1.879
2026-09-09T05:26Z,4684,gP,1.929
2026-09-09T05:26Z,4684,g95e5p,2.009
2026-09-09T05:26Z,4684,glp,1.119
2026-09-09T05:26Z,4696,g95e5,1.949
2026-09-09T05:26Z,4696,gA,1.899
2026-09-09T05:26Z,4696,gP,1.949
2026-09-09T05:26Z,4699,glp,1.119
2026-09-09T05:26Z,4701,g95e5,1.919
2026-09-09T05:26Z,4701,gA,1.874
2026-09-09T05:26Z,4701,gP,1.924
2026-09-09T05:26Z,4701,g95e5p,1.969
2026-09-09T05:26Z,4702,g95e5,1.919
2026-09-09T05:26Z,4702,gA,1.889
2026-09-09T05:26Z,4702,gP,1.939
2026-09-09T05:26Z,4702,g95e5p,1.969
2026-09-09T05:26Z,4703,g95e5,1.929
2026-09-09T05:26Z,4703,gA,1.889
2026-09-09T05:26Z,4703,gP,1.939
2026-09-09T05:26Z,4703,g95e5p,1.979
2026-09-09T05:26Z,4708,g95e5,1.949
2026-09-09T05:26Z,4708,gA,1.899
2026-09-09T05:26Z,4708,gP,2.014
2026-09-09T05:26Z,4708,g95e5p,2.019
2026-09-09T05:26Z,4761,g95e5,1.839
2026-09-09T05:26Z,4761,gA,1.799
2026-09-09T05:26Z,4761,gP,1.849
2026-09-09T05:26Z,4761,g95e5p,1.889
2026-09-09T05:26Z,4819,g95e5,1.919
2026-09-09T05:26Z,4819,gA,1.859
2026-09-09T05:26Z,4819,gP,1.949
2026-09-09T05:26Z,4819,g98e5,2.029
2026-09-09T05:26Z,4823,g95e5,1.879
2026-09-09T05:26Z,4823,gA,1.859
2026-09-09T05:26Z,4881,g95e5,1.929
2026-09-09T05:26Z,4881,g98e5,2.059
2026-09-09T05:26Z,4936,g95e5,1.959
2026-09-09T05:26Z,4936,gA,1.859
2026-09-09T05:26Z,4936,g98e5,2.039
2026-09-09T05:26Z,4975,g95e5,1.909
2026-09-09T05:26Z,4975,gA,1.909
2026-09-09T05:26Z,4975,gP,1.959
2026-09-09T05:26Z,4975,g98e5,2.049
2026-09-09T05:26Z,4993,g95e5,1.889
2026-09-09T05:26Z,4993,gA,1.879
2026-09-09T05:26Z,4993,gP,1.944
2026-09-09T05:26Z,4993,g98e5,1.989
2026-09-09T05:26Z,4993,g95e5p,1.939
2026-09-09T05:26Z,4993,gB,1.717
2026-09-09T05:26Z,5019,g95e5,1.979
2026-09-09T05:26Z,5019,gA,1.889
2026-09-09T05:26Z,5019,gP,1.979
2026-09-09T05:26Z,5019,g98e5,2.079
2026-09-09T05:26Z,5036,g95e5,1.939
2026-09-09T05:26Z,5036,gA,1.849
2026-09-09T05:26Z,5036,gP,1.939
2026-09-09T05:26Z,5036,g95e5p,1.989
2026-09-09T05:26Z,5038,g95e5,1.899
2026-09-09T05:26Z,5038,gA,1.749
2026-09-09T05:26Z,5038,gP,1.799
2026-09-09T05:26Z,5074,g95e5,1.954
2026-09-09T05:26Z,5074,gA,1.874
2026-09-09T05:26Z,5074,gP,1.964
2026-09-09T05:26Z,5074,g95e5p,2.004
2026-09-09T05:26Z,5159,gA,1.939
2026-09-09T05:26Z,5253,gA,1.935
2026-09-09T05:26Z,5261,g95e5,1.979
2026-09-09T05:26Z,5261,gA,1.929
2026-09-09T05:26Z,5261,g98e5,2.089
2026-09-09T05:26Z,5261,gB,1.639
2026-09-09T05:26Z,5357,gA,1.905
2026-09-09T05:26Z,5376,gA,1.915
2026-09-09T05:26Z,5434,g95e5,1.789
2026-09-09T05:26Z,5434,g98e5,1.939
2026-09-09T05:26Z,5501,g95e5,1.929
2026-09-09T05:26Z,5501,g98e5,2.049
2026-09-09T05:26Z,5501,glp,1.099
2026-09-09T05:26Z,5537,g95e5,1.889
2026-09-09T05:26Z,5537,gA,1.899
2026-09-09T05:26Z,5537,gP,1.949
2026-09-09T05:26Z,5537,g98e5,2.029
2026-09-09T05:26Z,5556,g95e5,1.929
2026-09-09T05:26Z,5556,gA,1.899
2026-09-09T05:26Z,5556,gP,1.949
2026-09-09T05:26Z,5559,gA,1.869
2026-09-09T05:26Z,5559,gP,1.919
2026-09-09T05:26Z,5614,gA,1.876
2026-09-09T05:26Z,5614,gP,1.965
2026-09-09T05:26Z,5682,g95e5,1.935
2026-09-09T05:26Z,5682,gA,1.899
2026-09-09T05:26Z,5682,gP,1.949
2026-09-09T05:26Z,5682,g98e5,2.095
2026-09-09T05:26Z,5741,g95e5,1.929
2026-09-09T05:26Z,5741,g98e5,2.084
2026-09-09T05:26Z,5964,g95e5,1.979
2026-09-09T05:26Z,5964,gA,1.913
2026-09-09T05:26Z,5964,gP,2.039
2026-09-09T05:26Z,5964,g98e5,2.049
2026-09-09T05:26Z,6086,g95e5,1.859
2026-09-09T05:26Z,6086,gA,1.829
2026-09-09T05:26Z,6086,gP,1.879
2026-09-09T05:26Z,6086,g95e5p,1.909
2026-09-09T05:26Z,6134,g95e5,1.975
2026-09-09T05:26Z,6134,gA,1.949
2026-09-09T05:26Z,6134,gP,2.025
2026-09-09T05:26Z,6166,g95e5,1.949
2026-09-09T05:26Z,6166,gA,1.889
2026-09-09T05:26Z,6166,gP,1.939
2026-09-09T05:26Z,6166,g98e5,2.089
2026-09-09T05:26Z,6227,gA,1.949
2026-09-09T05:26Z,6293,g95e5,1.859
2026-09-09T05:26Z,6293,gA,1.829
2026-09-09T05:26Z,6293,gP,1.879
2026-09-09T05:26Z,6293,g98e5,1.969
2026-09-09T05:26Z,6320,g95e5,1.979
2026-09-09T05:26Z,6320,g98e5,2.109
2026-09-09T05:26Z,6323,g95e5,1.949
2026-09-09T05:26Z,6325,g95e5,1.939
2026-09-09T05:26Z,6325,gA,1.899
2026-09-09T05:26Z,6325,gP,1.949
2026-09-09T05:26Z,6325,g95e5p,1.989
2026-09-09T05:26Z,6409,g95e5,1.965
2026-09-09T05:26Z,6409,gA,1.939
2026-09-09T05:26Z,6409,gP,2.009
2026-09-09T05:26Z,6409,g98e5,2.095
2026-09-09T05:26Z,6409,glp,1.165
2026-09-09T05:26Z,6412,gA,1.925
2026-09-09T05:26Z,6422,g95e5,1.949
2026-09-09T05:26Z,6422,gA,1.909
2026-09-09T05:26Z,6463,g95e5,1.929
2026-09-09T05:26Z,6463,gA,1.905
2026-09-09T05:26Z,6463,gP,2.005
2026-09-09T05:26Z,6463,g98e5,2.129
2026-09-09T05:26Z,6463,gB,1.719
2026-09-09T05:26Z,6470,g95e5,1.929
2026-09-09T05:26Z,6470,gA,1.915
2026-09-09T05:26Z,6470,gP,2.045
2026-09-09T05:26Z,6470,g98e5,2.099
2026-09-09T05:26Z,6470,gB,1.669
2026-09-09T05:26Z,6471,g95e5,1.899
2026-09-09T05:26Z,6471,gA,1.879
2026-09-09T05:26Z,6471,gP,1.929
2026-09-09T05:26Z,6471,g95e5p,1.949
2026-09-09T05:26Z,6505,g95e5,1.859
2026-09-09T05:26Z,6505,gA,1.859
2026-09-09T05:26Z,6505,gP,1.889
2026-09-09T05:26Z,6623,gA,1.915
2026-09-09T05:26Z,6674,g95e5,1.969
2026-09-09T05:26Z,6674,gA,1.909
2026-09-09T05:26Z,6674,g98e5,2.099
2026-09-09T05:26Z,6674,gB,1.759
2026-09-09T05:26Z,6681,gA,1.875
2026-09-09T05:26Z,6740,g95e5,1.939
2026-09-09T05:26Z,6740,g98e5,2.079
2026-09-09T05:26Z,6821,g95e5,1.929
2026-09-09T05:26Z,6821,gA,1.915
2026-09-09T05:26Z,6821,g98e5,2.089
2026-09-09T05:26Z,6821,gB,1.719
2026-09-09T05:26Z,6878,g95e5,1.959
2026-09-09T05:26Z,6878,gA,1.959
2026-09-09T05:26Z,6878,gP,2.069
2026-09-09T05:26Z,6878,g98e5,2.129
2026-09-09T05:26Z,6878,gB,1.699
2026-09-09T05:26Z,6901,g95e5,1.991
2026-09-09T05:26Z,6901,gA,1.893
2026-09-09T05:26Z,6901,gP,1.954
2026-09-09T05:26Z,6901,g98e5,2.167
2026-09-09T05:26Z,6906,g95e5,1.939
2026-09-09T05:26Z,6906,gA,1.869
2026-09-09T05:26Z,6906,gP,1.949
2026-09-09T05:26Z,6906,g98e5,2.089
2026-09-09T05:26Z,6906,gB,1.709
2026-09-09T05:26Z,6972,gA,1.929
2026-09-09T05:26Z,6987,g95e5,1.939
2026-09-09T05:26Z,6987,gA,1.909
2026-09-09T05:26Z,6987,gP,1.959
2026-09-09T05:26Z,6987,g95e5p,1.989
2026-09-09T05:26Z,7053,g95e5,1.925
2026-09-09T05:26Z,7053,gA,1.945
2026-09-09T05:26Z,7053,gP,2.029
2026-09-09T05:26Z,7053,g95e5p,1.999
2026-09-09T05:26Z,7063,g95e5,1.809
2026-09-09T05:26Z,7063,gA,1.819
2026-09-09T05:26Z,7063,gP,1.869
2026-09-09T05:26Z,7063,g98e5,1.929
2026-09-09T05:26Z,7071,gA,1.889
2026-09-09T05:26Z,7071,gP,1.939
2026-09-09T05:26Z,7071,g98e5,1.984
2026-09-09T05:26Z,7071,g95e5p,1.984
2026-09-09T05:26Z,7086,gA,1.909
2026-09-09T05:26Z,7089,gA,1.935
2026-09-09T05:26Z,7170,g95e5,1.989
2026-09-09T05:26Z,7170,g98e5,2.129
2026-09-09T05:26Z,7191,g95e5,1.934
2026-09-09T05:26Z,7191,gA,1.874
2026-09-09T05:26Z,7191,gP,1.924
2026-09-09T05:26Z,7191,g95e5p,1.984
2026-09-09T05:26Z,7240,gA,1.945
2026-09-09T05:26Z,7314,g95e5,1.929
2026-09-09T05:26Z,7314,gA,1.939
2026-09-09T05:26Z,7314,gP,2.034
2026-09-09T05:26Z,7314,g95e5p,2.009
2026-09-09T05:26Z,7411,gA,1.909
2026-09-09T05:26Z,7421,gA,1.915
2026-09-09T05:26Z,7426,gA,1.929
2026-09-09T05:26Z,7441,gA,1.939
2026-09-09T05:26Z,7469,g95e5,1.909
2026-09-09T05:26Z,7469,gA,1.879
2026-09-09T05:26Z,7469,gP,1.929
2026-09-09T05:26Z,7469,g98e5,2.049
2026-09-09T05:26Z,7551,gA,1.959
2026-09-09T05:26Z,7553,gA,1.959
2026-09-09T05:26Z,7594,g95e5,1.919
2026-09-09T05:26Z,7594,gA,1.839
2026-09-09T05:26Z,7594,gP,1.889
2026-09-09T05:26Z,7594,g95e5p,1.969
2026-09-09T05:26Z,7608,g95e5,1.919
2026-09-09T05:26Z,7608,gA,1.839
2026-09-09T05:26Z,7608,gP,1.889
2026-09-09T05:26Z,7608,g95e5p,1.969
2026-09-09T05:26Z,7612,gA,1.829
2026-09-09T05:26Z,7612,gP,1.879
2026-09-09T05:26Z,7686,g95e5,1.529
2026-09-09T05:26Z,7686,gA,1.632
2026-09-09T05:26Z,7686,g98e5,1.648
2026-09-09T05:26Z,7701,g95e5,1.529
2026-09-09T05:26Z,7701,gA,1.632
2026-09-09T05:26Z,7701,g98e5,1.648
2026-09-09T05:26Z,7702,gA,1.549
2026-09-09T05:26Z,7707,gA,1.589
2026-09-09T05:26Z,7710,gA,1.549
2026-09-09T05:26Z,7734,gA,1.579
2026-09-09T05:26Z,7827,gP,1.649
2026-09-09T05:26Z,7827,g98e5,1.529
2026-09-09T05:26Z,7836,g95e5,1.615
2026-09-09T05:26Z,7836,gA,1.742
2026-09-09T05:26Z,7836,g98e5,1.714
2026-09-09T05:26Z,7927,g98e5,1.499
2026-09-09T05:26Z,7945,gP,1.569
2026-09-09T05:26Z,7945,g98e5,1.469
2026-09-09T05:26Z,7954,gP,1.559
2026-09-09T05:26Z,7954,g98e5,1.449
2026-09-09T05:26Z,8294,g95e5,1.949
2026-09-09T05:26Z,8294,gA,1.889
2026-09-09T05:26Z,8294,gP,1.939
2026-09-09T05:26Z,8294,g98e5,2.089
2026-09-09T05:26Z,8304,g95e5,1.944
2026-09-09T05:26Z,8304,gA,1.864
2026-09-09T05:26Z,8304,gP,1.954
2026-09-09T05:26Z,8304,g98e5,2.064
2026-09-09T05:26Z,8305,g95e5,1.944
2026-09-09T05:26Z,8305,gA,1.864
2026-09-09T05:26Z,8305,gP,1.954
2026-09-09T05:26Z,8305,g98e5,2.064
2026-09-09T05:26Z,8505,g95e5,1.969
2026-09-09T05:26Z,8505,gA,1.929
2026-09-09T05:26Z,8505,gP,2.004
2026-09-09T05:26Z,8505,g98e5,2.089
2026-09-09T05:26Z,8506,g95e5,1.969
2026-09-09T05:26Z,8506,gA,1.929
2026-09-09T05:26Z,8506,gP,2.004
2026-09-09T05:26Z,8506,g98e5,2.089
2026-09-09T05:26Z,8726,gP,1.579
2026-09-09T05:26Z,8726,g98e5,1.469
2026-09-09T05:26Z,8729,gP,1.579
2026-09-09T05:26Z,8729,g98e5,1.469
2026-09-09T05:26Z,8744,g95e5,1.615
2026-09-09T05:26Z,8744,gA,1.742
2026-09-09T05:26Z,8744,gP,1.819
2026-09-09T05:26Z,8744,g98e5,1.714
2026-09-09T05:26Z,8753,gP,1.619
2026-09-09T05:26Z,8753,g98e5,1.519
2026-09-09T05:26Z,8760,gP,1.649
2026-09-09T05:26Z,8760,g98e5,1.529
2026-09-09T05:26Z,8767,gP,1.559
2026-09-09T05:26Z,8767,g98e5,1.459
2026-09-09T05:26Z,8768,gP,1.625
2026-09-09T05:26Z,8768,g98e5,1.499
2026-09-09T05:26Z,8776,gP,1.599
2026-09-09T05:26Z,8776,g98e5,1.499
2026-09-09T05:26Z,8920,g95e5,1.872
2026-09-09T05:26Z,8920,gA,1.830
2026-09-09T05:26Z,8920,gP,1.890
2026-09-09T05:26Z,8920,g98e5,2.038
2026-09-09T05:26Z,8920,gB,1.606
2026-09-09T05:26Z,9002,g95e5,1.689
2026-09-09T05:26Z,9002,gA,1.639
2026-09-09T05:26Z,9102,g95e5,1.919
2026-09-09T05:26Z,9102,gA,1.869
2026-09-09T05:26Z,9102,gP,1.919
2026-09-09T05:26Z,9102,g95e5p,1.969
2026-09-09T05:26Z,9259,gA,1.869
2026-09-09T05:26Z,9259,gP,1.971
2026-09-09T05:26Z,9344,g95e5,1.919
2026-09-09T05:26Z,9344,gA,1.889
2026-09-09T05:26Z,9344,gP,1.939
2026-09-09T05:26Z,9344,g95e5p,1.969
2026-09-09T05:26Z,9383,g95e5,1.989
2026-09-09T05:26Z,9383,gA,1.939
2026-09-09T05:26Z,9383,gP,2.039
2026-09-09T05:26Z,9383,g98e5,2.089
2026-09-09T05:26Z,9455,g95e5,1.919
2026-09-09T05:26Z,9455,gA,1.869
2026-09-09T05:26Z,9455,gP,1.919
2026-09-09T05:26Z,9455,g98e5,1.999
2026-09-09T05:26Z,9456,g95e5,1.969
2026-09-09T05:26Z,9456,g98e5,2.079
2026-09-09T05:26Z,9520,g95e5,1.939
2026-09-09T05:26Z,9520,gA,1.839
2026-09-09T05:26Z,9520,gP,1.929
2026-09-09T05:26Z,9708,gA,1.909
2026-09-09T05:26Z,9734,g95e5,1.905
2026-09-09T05:26Z,9734,gA,1.919
2026-09-09T05:26Z,9734,gP,2.009
2026-09-09T05:26Z,9872,g95e5,1.615
2026-09-09T05:26Z,9872,gA,1.742
2026-09-09T05:26Z,9872,g98e5,1.714
2026-09-09T05:26Z,9915,g95e5,1.939
2026-09-09T05:26Z,9915,gA,1.839
2026-09-09T05:26Z,9915,gP,1.929
2026-09-09T05:26Z,10031,g95e5,1.939
2026-09-09T05:26Z,10031,gA,1.889
2026-09-09T05:26Z,10031,g98e5,2.059
2026-09-09T05:26Z,10031,glp,1.169
2026-09-09T05:26Z,10031,gB,1.729
2026-09-09T05:26Z,10219,g95e5,1.509
2026-09-09T05:26Z,10219,g98e5,1.629
2026-09-09T05:26Z,10252,gA,1.945
2026-09-09T05:26Z,10511,g95e5,1.969
2026-09-09T05:26Z,10511,g98e5,2.079
2026-09-09T05:26Z,10512,g95e5,1.939
2026-09-09T05:26Z,10512,g98e5,2.069
2026-09-09T05:26Z,10556,g95e5,1.939
2026-09-09T05:26Z,10556,gA,1.879
2026-09-09T05:26Z,10556,gP,1.929
2026-09-09T05:26Z,10556,g95e5p,1.989
2026-09-09T05:26Z,10556,gB,1.494
2026-09-09T05:26Z,10647,gA,1.834
2026-09-09T05:26Z,10647,gP,1.884
2026-09-09T05:26Z,10659,g95e5,1.939
2026-09-09T05:26Z,10659,gA,1.828
2026-09-09T05:26Z,10659,gP,1.928
2026-09-09T05:26Z,10823,g95e5,1.929
2026-09-09T05:26Z,10823,gA,1.939
2026-09-09T05:26Z,10823,gP,2.029
2026-09-09T05:26Z,10823,gB,1.569
2026-09-09T05:26Z,10862,gA,1.899
2026-09-09T05:26Z,10874,gA,1.855
2026-09-09T05:26Z,10917,g95e5,1.929
2026-09-09T05:26Z,10917,gA,1.828
2026-09-09T05:26Z,10917,gP,1.928
2026-09-09T05:26Z,11085,g95e5,1.689
2026-09-09T05:26Z,11085,gA,1.639
2026-09-09T05:26Z,11129,g95e5,1.919
2026-09-09T05:26Z,11129,gA,1.879
2026-09-09T05:26Z,11129,gP,1.929
2026-09-09T05:26Z,11208,g95e5,1.945
2026-09-09T05:26Z,11208,gA,1.855
2026-09-09T05:26Z,11208,gB,1.825
2026-09-09T05:26Z,11228,g95e5,1.939
2026-09-09T05:26Z,11228,gA,1.919
2026-09-09T05:26Z,11228,gP,1.969
2026-09-09T05:26Z,11228,g95e5p,1.989
2026-09-09T05:26Z,11305,g95e5,1.969
2026-09-09T05:26Z,11305,gA,1.859
2026-09-09T05:26Z,11305,gP,1.949
2026-09-09T05:26Z,11305,g98e5,2.089
2026-09-09T05:26Z,11306,g95e5,1.969
2026-09-09T05:26Z,11306,gA,1.859
2026-09-09T05:26Z,11306,gP,1.949
2026-09-09T05:26Z,11306,g98e5,2.089
2026-09-09T05:26Z,11313,g95e5,1.699
2026-09-09T05:26Z,11316,g95e5,1.929
2026-09-09T05:26Z,11316,g98e5,2.089
2026-09-09T05:26Z,11322,g95e5,1.979
2026-09-09T05:26Z,11322,gA,1.939
2026-09-09T05:26Z,11322,gP,2.039
2026-09-09T05:26Z,11322,g98e5,2.079
2026-09-09T05:26Z,11327,g95e5,1.919
2026-09-09T05:26Z,11327,gA,1.879
2026-09-09T05:26Z,11327,gP,1.929
2026-09-09T05:26Z,11327,g95e5p,1.969
2026-09-09T05:26Z,11332,g95e5,1.899
2026-09-09T05:26Z,11332,gA,1.909
2026-09-09T05:26Z,11332,gP,1.969
2026-09-09T05:26Z,11332,gB,1.699
2026-09-09T05:26Z,11337,gA,1.779
2026-09-09T05:26Z,11338,g95e5,1.939
2026-09-09T05:26Z,11338,g98e5,2.069
2026-09-09T05:26Z,11553,g95e5,1.889
2026-09-09T05:26Z,11553,g98e5,2.019
2026-09-09T05:26Z,11597,gA,1.879
2026-09-09T05:26Z,11597,gP,1.969
2026-09-09T05:26Z,11598,gA,1.879
2026-09-09T05:26Z,11598,gP,1.969
2026-09-09T05:26Z,11611,gP,1.599
2026-09-09T05:26Z,11611,g98e5,1.489
2026-09-09T05:26Z,11669,gA,1.945
2026-09-09T05:26Z,11761,gA,1.799
2026-09-09T05:26Z,11761,gP,1.849
2026-09-09T05:26Z,11889,gP,1.559
2026-09-09T05:26Z,11889,g98e5,1.449
2026-09-09T05:26Z,11890,g95e5,1.944
2026-09-09T05:26Z,11890,gA,1.864
2026-09-09T05:26Z,11890,gP,1.954
2026-09-09T05:26Z,11890,g98e5,2.084
2026-09-09T05:26Z,12022,gA,1.949
2026-09-09T05:26Z,12072,g95e5,2.029
2026-09-09T05:26Z,12072,gA,1.939
2026-09-09T05:26Z,12072,g98e5,2.189
2026-09-09T05:26Z,12188,g95e5,1.989
2026-09-09T05:26Z,12188,gA,1.949
2026-09-09T05:26Z,12188,gP,2.029
2026-09-09T05:26Z,12188,g95e5p,2.069
2026-09-09T05:26Z,12223,g95e5,1.759
2026-09-09T05:26Z,12223,gA,1.769
2026-09-09T05:26Z,12223,gP,1.819
2026-09-09T05:26Z,12223,g95e5p,1.809
2026-09-09T05:26Z,12241,g95e5,1.849
2026-09-09T05:26Z,12241,gA,1.739
2026-09-09T05:26Z,12241,gP,1.769
2026-09-09T05:26Z,12241,g98e5,1.899
2026-09-09T05:26Z,12278,g95e5,1.749
2026-09-09T05:26Z,12278,gA,1.737
2026-09-09T05:26Z,12350,gA,1.935
2026-09-09T05:26Z,12410,g95e5,2.019
2026-09-09T05:26Z,12410,gA,1.959
2026-09-09T05:26Z,12410,g98e5,2.199
2026-09-09T05:26Z,12410,glp,1.199
2026-09-09T05:26Z,12611,g95e5,1.969
2026-09-09T05:26Z,12611,g98e5,2.079
2026-09-09T05:26Z,12630,gA,1.609
2026-09-09T05:26Z,12670,g95e5,1.700
2026-09-09T05:26Z,12787,gA,1.919
2026-09-09T05:26Z,12787,gP,2.019
2026-09-09T05:26Z,12869,g95e5,1.629
2026-09-09T05:26Z,12869,gA,1.649
2026-09-09T05:26Z,12968,gA,1.869
2026-09-09T05:26Z,13106,gA,1.919
2026-09-09T05:26Z,13106,g98e5,2.099
2026-09-09T05:26Z,13134,g95e5,1.959
2026-09-09T05:26Z,13134,gA,1.869
2026-09-09T05:26Z,13134,g98e5,2.099
2026-09-09T05:26Z,13140,g95e5,1.779
2026-09-09T05:26Z,13140,gA,1.759
2026-09-09T05:26Z,13252,g95e5,1.749
2026-09-09T05:26Z,13252,gA,1.737
2026-09-09T05:26Z,13392,g95e5,1.739
2026-09-09T05:26Z,13392,gA,1.729
2026-09-09T05:26Z,13393,g95e5,1.739
2026-09-09T05:26Z,13393,gA,1.717
2026-09-09T05:26Z,13723,g95e5,1.798
2026-09-09T05:26Z,13723,g98e5,1.878
2026-09-09T05:26Z,13747,gA,1.915
2026-09-09T05:26Z,13784,gA,1.905
2026-09-09T05:26Z,13900,g95e5,1.789
2026-09-09T05:26Z,13900,gA,1.779
2026-09-09T05:26Z,13985,gA,1.899
2026-09-09T05:26Z,14270,gA,1.904
2026-09-09T05:26Z,14270,gP,1.994
2026-09-09T05:26Z,14290,g95e5,1.749
2026-09-09T05:26Z,14290,gA,1.737
2026-09-09T05:26Z,14290,gP,1.757
2026-09-09T05:26Z,14315,g95e5,1.889
2026-09-09T05:26Z,14315,gA,1.859
2026-09-09T05:26Z,14315,gP,1.909
2026-09-09T05:26Z,14315,g95e5p,1.939
2026-09-09T05:26Z,14367,gA,1.875
2026-09-09T05:26Z,14411,g95e5,1.969
2026-09-09T05:26Z,14411,gA,1.919
2026-09-09T05:26Z,14545,g95e5,1.849
2026-09-09T05:26Z,14545,gA,1.819
2026-09-09T05:26Z,14606,g95e5,1.749
2026-09-09T05:26Z,14606,gA,1.747
2026-09-09T05:26Z,14743,g95e5,1.700
2026-09-09T05:26Z,14768,g95e5,1.965
2026-09-09T05:26Z,14768,gA,1.939
2026-09-09T05:26Z,14768,g98e5,2.095
2026-09-09T05:26Z,14768,glp,1.165
2026-09-09T05:26Z,14902,g95e5,1.749
2026-09-09T05:26Z,14902,gA,1.737
2026-09-09T05:26Z,14902,gP,1.757
2026-09-09T05:26Z,14923,g95e5,1.949
2026-09-09T05:26Z,14923,gA,1.889
2026-09-09T05:26Z,14923,gP,1.939
2026-09-09T05:26Z,14923,g95e5p,1.999
2026-09-09T05:26Z,14971,gA,1.915
2026-09-09T05:26Z,14971,gP,2.029
2026-09-09T05:26Z,15087,g95e5,1.899
2026-09-09T05:26Z,15087,g98e5,2.039
2026-09-09T05:26Z,15087,glp,1.189
2026-09-09T05:26Z,15157,g95e5,1.939
2026-09-09T05:26Z,15157,gA,1.889
2026-09-09T05:26Z,15157,gP,1.979
2026-09-09T05:26Z,15157,g95e5p,1.989
2026-09-09T05:26Z,15209,g95e5,1.759
2026-09-09T05:26Z,15553,g95e5,1.759
2026-09-09T05:26Z,15553,gA,1.767
2026-09-09T05:26Z,15553,gP,1.787
2026-09-09T05:26Z,15677,g95e5,1.809
2026-09-09T05:26Z,15677,gA,1.769
2026-09-09T05:26Z,15677,gP,1.819
2026-09-09T05:26Z,15677,g98e5,1.959
2026-09-09T05:26Z,15677,glp,1.119
2026-09-09T05:26Z,15713,g95e5,1.509
2026-09-09T05:26Z,15713,gA,1.629
2026-09-09T05:26Z,15713,gP,1.649
2026-09-09T05:26Z,15713,g98e5,1.599
2026-09-09T05:26Z,15739,g95e5,1.859
2026-09-09T05:26Z,15739,gA,1.849
2026-09-09T05:26Z,15739,gP,1.899
2026-09-09T05:26Z,15739,g98e5,1.999
2026-09-09T05:26Z,15808,g95e5,1.929
2026-09-09T05:26Z,15808,gA,1.889
2026-09-09T05:26Z,15808,gP,2.009
2026-09-09T05:26Z,15808,g98e5,2.049
2026-09-09T05:26Z,15812,g95e5,1.769
2026-09-09T05:26Z,15860,gA,1.939
2026-09-09T05:26Z,16054,g95e5,1.749
2026-09-09T05:26Z,16054,gA,1.744
2026-09-09T05:26Z,16054,gP,1.764
2026-09-09T05:26Z,16136,g95e5,1.959
2026-09-09T05:26Z,16136,gA,1.919
2026-09-09T05:26Z,16136,gP,2.019
2026-09-09T05:26Z,16136,g98e5,2.059
2026-09-09T05:26Z,16142,g95e5,1.885
2026-09-09T05:26Z,16207,g95e5,1.749
2026-09-09T05:26Z,16286,g95e5,1.749
2026-09-09T05:26Z,16286,gA,1.707
2026-09-09T05:26Z,16365,g95e5,1.929
2026-09-09T05:26Z,16365,gA,1.828
2026-09-09T05:26Z,16365,gP,1.928
2026-09-09T05:26Z,16441,g95e5,1.749
2026-09-09T05:26Z,16441,gA,1.739
2026-09-09T05:26Z,16480,g95e5,1.809
2026-09-09T10:12Z,3,g95e5,1.965
2026-09-09T10:12Z,3,gA,1.929
2026-09-09T10:12Z,5,gA,1.915
2026-09-09T10:12Z,5,gP,1.955
2026-09-09T10:12Z,5,gB,1.595
2026-09-09T10:12Z,6,g95e5,1.949
2026-09-09T10:12Z,6,gA,1.919
2026-09-09T10:12Z,6,gP,2.034
2026-09-09T10:12Z,7,g95e5,1.939
2026-09-09T10:12Z,7,gA,1.909
2026-09-09T10:12Z,7,g98e5,2.099
2026-09-09T10:12Z,7,gB,1.699
2026-09-09T10:12Z,9,g95e5,1.699
2026-09-09T10:12Z,10,g95e5,1.899
2026-09-09T10:12Z,10,gA,1.859
2026-09-09T10:12Z,10,g98e5,1.999
2026-09-09T10:12Z,17,gA,1.919
2026-09-09T10:12Z,17,gP,1.979
2026-09-09T10:12Z,18,g95e5,1.839
2026-09-09T10:12Z,18,gA,1.819
2026-09-09T10:12Z,18,gP,1.879
2026-09-09T10:12Z,18,g98e5,1.939
2026-09-09T10:12Z,30,g95e5,1.799
2026-09-09T10:12Z,31,g95e5,1.819
2026-09-09T10:12Z,39,gA,1.839
2026-09-09T10:12Z,39,gP,1.879
2026-09-09T10:12Z,40,gA,1.879
2026-09-09T10:12Z,40,gP,1.919
2026-09-09T10:12Z,47,g95e5,1.985
2026-09-09T10:12Z,47,gA,1.909
2026-09-09T10:12Z,49,g95e5,1.965
2026-09-09T10:12Z,49,gA,1.929
2026-09-09T10:12Z,57,gA,1.915
2026-09-09T10:12Z,63,g95e5,1.989
2026-09-09T10:12Z,77,g95e5,1.969
2026-09-09T10:12Z,77,gA,1.939
2026-09-09T10:12Z,77,gP,2.054
2026-09-09T10:12Z,78,g95e5,1.949
2026-09-09T10:12Z,78,gA,1.919
2026-09-09T10:12Z,78,gP,2.034
2026-09-09T10:12Z,78,g95e5p,2.019
2026-09-09T10:12Z,84,g95e5,1.969
2026-09-09T10:12Z,88,g95e5,1.965
2026-09-09T10:12Z,104,gA,1.905
2026-09-09T10:12Z,105,g95e5,1.979
2026-09-09T10:12Z,106,g95e5,1.979
2026-09-09T10:12Z,106,gA,1.905
2026-09-09T10:12Z,107,g95e5,1.979
2026-09-09T10:12Z,107,gA,1.905
2026-09-09T10:12Z,110,g95e5,1.949
2026-09-09T10:12Z,110,gA,1.919
2026-09-09T10:12Z,110,gP,2.034
2026-09-09T10:12Z,110,g95e5p,2.019
2026-09-09T10:12Z,120,g95e5,2.029
2026-09-09T10:12Z,120,gA,1.949
2026-09-09T10:12Z,120,gP,2.049
2026-09-09T10:12Z,120,g98e5,2.119
2026-09-09T10:12Z,120,g95e10,2.069
2026-09-09T10:12Z,128,g95e5,1.955
2026-09-09T10:12Z,128,gA,1.925
2026-09-09T10:12Z,130,g95e5,1.969
2026-09-09T10:12Z,130,gA,1.915
2026-09-09T10:12Z,133,gA,1.909
2026-09-09T10:12Z,134,g95e5,1.975
2026-09-09T10:12Z,135,g95e5,1.975
2026-09-09T10:12Z,135,gA,1.939
2026-09-09T10:12Z,137,g95e5,1.989
2026-09-09T10:12Z,138,g95e5,1.965
2026-09-09T10:12Z,139,gA,1.929
2026-09-09T10:12Z,141,g95e5,1.999
2026-09-09T10:12Z,143,g95e5,1.969
2026-09-09T10:12Z,143,gA,1.945
2026-09-09T10:12Z,144,g95e5,1.959
2026-09-09T10:12Z,144,gA,1.919
2026-09-09T10:12Z,144,g98e5,2.119
2026-09-09T10:12Z,144,gB,1.809
2026-09-09T10:12Z,148,g95e5,2.029
2026-09-09T10:12Z,148,gA,1.949
2026-09-09T10:12Z,148,gP,2.049
2026-09-09T10:12Z,148,gB,1.759
2026-09-09T10:12Z,161,g95e5,1.859
2026-09-09T10:12Z,161,gA,1.799
2026-09-09T10:12Z,161,gP,1.867
2026-09-09T10:12Z,173,gA,1.929
2026-09-09T10:12Z,173,g95e5p,2.049
2026-09-09T10:12Z,174,gA,1.929
2026-09-09T10:12Z,174,gB,1.819
2026-09-09T10:12Z,177,g95e5,1.939
2026-09-09T10:12Z,180,g95e5,1.985
2026-09-09T10:12Z,180,gA,1.895
2026-09-09T10:12Z,181,g95e5,1.985
2026-09-09T10:12Z,181,gA,1.889
2026-09-09T10:12Z,186,gA,1.919
2026-09-09T10:12Z,188,gA,1.925
2026-09-09T10:12Z,201,g95e5,1.959
2026-09-09T10:12Z,201,gA,1.909
2026-09-09T10:12Z,202,g95e5,1.959
2026-09-09T10:12Z,202,gA,1.899
2026-09-09T10:12Z,204,g95e5,1.959
2026-09-09T10:12Z,204,gA,1.899
2026-09-09T10:12Z,205,g95e5,1.979
2026-09-09T10:12Z,205,gA,1.918
2026-09-09T10:12Z,205,gP,1.999
2026-09-09T10:12Z,206,g95e5,1.965
2026-09-09T10:12Z,206,gA,1.899
2026-09-09T10:12Z,208,g95e5,1.969
2026-09-09T10:12Z,208,gA,1.905
2026-09-09T10:12Z,216,g95e5,1.975
2026-09-09T10:12Z,216,gA,1.929
2026-09-09T10:12Z,217,g95e5,1.975
2026-09-09T10:12Z,217,gA,1.909
2026-09-09T10:12Z,217,gP,1.999
2026-09-09T10:12Z,217,gB,1.819
2026-09-09T10:12Z,227,gA,1.935
2026-09-09T10:12Z,229,g95e5,1.949
2026-09-09T10:12Z,242,gA,1.899
2026-09-09T10:12Z,244,gA,1.905
2026-09-09T10:12Z,245,g95e5,1.955
2026-09-09T10:12Z,245,gA,1.895
2026-09-09T10:12Z,246,g95e5,1.959
2026-09-09T10:12Z,246,gA,1.909
2026-09-09T10:12Z,255,gA,1.889
2026-09-09T10:12Z,261,g95e5,1.949
2026-09-09T10:12Z,261,gA,1.929
2026-09-09T10:12Z,270,g95e5,1.919
2026-09-09T10:12Z,270,g98e5,2.029
2026-09-09T10:12Z,278,g95e5,1.868
2026-09-09T10:12Z,278,gA,1.798
2026-09-09T10:12Z,278,g98e5,1.938
2026-09-09T10:12Z,304,g95e5,1.879
2026-09-09T10:12Z,304,gA,1.809
2026-09-09T10:12Z,304,gP,1.859
2026-09-09T10:12Z,304,g98e5,1.979
2026-09-09T10:12Z,311,g95e5,1.879
2026-09-09T10:12Z,311,gA,1.809
2026-09-09T10:12Z,311,gP,1.859
2026-09-09T10:12Z,311,g98e5,1.979
2026-09-09T10:12Z,323,gA,1.939
2026-09-09T10:12Z,323,gP,1.969
2026-09-09T10:12Z,324,g95e5,1.922
2026-09-09T10:12Z,324,gA,1.855
2026-09-09T10:12Z,324,g98e5,2.022
2026-09-09T10:12Z,332,gA,1.909
2026-09-09T10:12Z,337,gA,1.879
2026-09-09T10:12Z,338,gA,1.919
2026-09-09T10:12Z,340,g95e5,1.935
2026-09-09T10:12Z,340,gA,1.889
2026-09-09T10:12Z,354,g95e5,1.899
2026-09-09T10:12Z,354,gA,1.839
2026-09-09T10:12Z,354,gP,1.889
2026-09-09T10:12Z,354,g98e5,2.019
2026-09-09T10:12Z,355,g95e5,1.969
2026-09-09T10:12Z,355,gA,1.885
2026-09-09T10:12Z,355,gP,1.945
2026-09-09T10:12Z,355,g98e5,2.039
2026-09-09T10:12Z,362,g95e5,1.797
2026-09-09T10:12Z,362,gA,1.769
2026-09-09T10:12Z,362,gP,1.799
2026-09-09T10:12Z,362,g98e5,1.887
2026-09-09T10:12Z,380,g95e5,1.949
2026-09-09T10:12Z,380,gA,1.905
2026-09-09T10:12Z,385,g95e5,1.979
2026-09-09T10:12Z,385,gA,1.919
2026-09-09T10:12Z,385,gP,2.014
2026-09-09T10:12Z,385,g95e5p,2.029
2026-09-09T10:12Z,389,g95e5,1.949
2026-09-09T10:12Z,390,g95e5,2.015
2026-09-09T10:12Z,390,gA,1.965
2026-09-09T10:12Z,397,g95e5,2.015
2026-09-09T10:12Z,397,gA,1.965
2026-09-09T10:12Z,405,g95e5,1.760
2026-09-09T10:12Z,405,gA,1.684
2026-09-09T10:12Z,405,gP,1.799
2026-09-09T10:12Z,405,g98e5,1.869
2026-09-09T10:12Z,410,g95e5,1.959
2026-09-09T10:12Z,411,g95e5,1.959
2026-09-09T10:12Z,416,g95e5,1.979
2026-09-09T10:12Z,416,gA,1.899
2026-09-09T10:12Z,416,gP,1.989
2026-09-09T10:12Z,417,g95e5,1.999
2026-09-09T10:12Z,417,gA,1.929
2026-09-09T10:12Z,417,gP,2.019
2026-09-09T10:12Z,417,g95e5p,2.039
2026-09-09T10:12Z,425,g95e5,1.969
2026-09-09T10:12Z,425,gA,1.909
2026-09-09T10:12Z,425,gP,1.984
2026-09-09T10:12Z,425,g95e5p,2.029
2026-09-09T10:12Z,451,g95e5,1.959
2026-09-09T10:12Z,451,gA,1.879
2026-09-09T10:12Z,451,gP,1.939
2026-09-09T10:12Z,451,g98e5,2.109
2026-09-09T10:12Z,458,g95e5,1.979
2026-09-09T10:12Z,458,gA,1.919
2026-09-09T10:12Z,458,g98e5,2.119
2026-09-09T10:12Z,471,g95e5,1.910
2026-09-09T10:12Z,481,g95e5,1.989
2026-09-09T10:12Z,499,gA,1.909
2026-09-09T10:12Z,499,gP,1.974
2026-09-09T10:12Z,506,g95e5,1.919
2026-09-09T10:12Z,506,gA,1.889
2026-09-09T10:12Z,506,gP,1.964
2026-09-09T10:12Z,506,g95e5p,1.959
2026-09-09T10:12Z,507,gA,1.899
2026-09-09T10:12Z,514,g95e5,1.929
2026-09-09T10:12Z,514,gA,1.909
2026-09-09T10:12Z,514,gP,1.994
2026-09-09T10:12Z,514,g95e5p,1.999
2026-09-09T10:12Z,515,g95e5,1.929
2026-09-09T10:12Z,515,gA,1.909
2026-09-09T10:12Z,515,gP,1.994
2026-09-09T10:12Z,515,g95e5p,1.999
2026-09-09T10:12Z,519,g95e5,1.969
2026-09-09T10:12Z,519,gA,1.869
2026-09-09T10:12Z,519,g98e5,2.109
2026-09-09T10:12Z,519,glp,1.149
2026-09-09T10:12Z,519,gB,1.749
2026-09-09T10:12Z,524,g95e5,1.925
2026-09-09T10:12Z,524,gA,1.895
2026-09-09T10:12Z,536,g95e5,1.979
2026-09-09T10:12Z,538,gA,1.923
2026-09-09T10:12Z,538,gP,1.974
2026-09-09T10:12Z,539,g95e5,1.949
2026-09-09T10:12Z,539,gA,1.943
2026-09-09T10:12Z,539,gP,2.014
2026-09-09T10:12Z,539,g95e5p,2.029
2026-09-09T10:12Z,547,gA,1.899
2026-09-09T10:12Z,549,g95e5,1.939
2026-09-09T10:12Z,549,gA,1.879
2026-09-09T10:12Z,550,g95e5,1.919
2026-09-09T10:12Z,550,gA,1.859
2026-09-09T10:12Z,550,gP,1.959
2026-09-09T10:12Z,554,g95e5,1.979
2026-09-09T10:12Z,554,gA,1.939
2026-09-09T10:12Z,557,g95e5,1.959
2026-09-09T10:12Z,558,g95e5,1.939
2026-09-09T10:12Z,558,gA,1.869
2026-09-09T10:12Z,558,gP,1.944
2026-09-09T10:12Z,559,g95e5,1.949
2026-09-09T10:12Z,559,gA,1.859
2026-09-09T10:12Z,559,gP,1.959
2026-09-09T10:12Z,559,g98e5,2.069
2026-09-09T10:12Z,568,g95e5,1.949
2026-09-09T10:12Z,568,gA,1.859
2026-09-09T10:12Z,573,g95e5,1.935
2026-09-09T10:12Z,573,gA,1.899
2026-09-09T10:12Z,578,g95e5,1.959
2026-09-09T10:12Z,578,gA,1.899
2026-09-09T10:12Z,578,g98e5,2.109
2026-09-09T10:12Z,588,g95e5,1.959
2026-09-09T10:12Z,588,gA,1.899
2026-09-09T10:12Z,588,g98e5,2.109
2026-09-09T10:12Z,590,g95e5,1.959
2026-09-09T10:12Z,590,gA,1.909
2026-09-09T10:12Z,590,gP,2.019
2026-09-09T10:12Z,596,gA,1.905
2026-09-09T10:12Z,597,g95e5,1.975
2026-09-09T10:12Z,597,gA,1.909
2026-09-09T10:12Z,601,g95e5,1.925
2026-09-09T10:12Z,601,gA,1.885
2026-09-09T10:12Z,610,g95e5,1.969
2026-09-09T10:12Z,610,gA,1.929
2026-09-09T10:12Z,610,g98e5,2.119
2026-09-09T10:12Z,610,g95e5p,2.039
2026-09-09T10:12Z,629,g95e5,1.979
2026-09-09T10:12Z,629,gA,1.929
2026-09-09T10:12Z,634,g95e5,1.989
2026-09-09T10:12Z,634,gA,1.889
2026-09-09T10:12Z,635,g95e5,1.909
2026-09-09T10:12Z,635,gA,1.899
2026-09-09T10:12Z,635,gP,1.999
2026-09-09T10:12Z,635,g98e5,2.089
2026-09-09T10:12Z,637,g95e5,1.975
2026-09-09T10:12Z,637,gA,1.915
2026-09-09T10:12Z,643,g95e5,1.989
2026-09-09T10:12Z,643,gA,1.929
2026-09-09T10:12Z,651,gA,1.879
2026-09-09T10:12Z,657,g95e5,1.949
2026-09-09T10:12Z,668,gA,1.863
2026-09-09T10:12Z,668,gP,1.943
2026-09-09T10:12Z,668,g98e5,2.049
2026-09-09T10:12Z,669,gA,1.863
2026-09-09T10:12Z,669,gP,1.943
2026-09-09T10:12Z,669,g98e5,2.049
2026-09-09T10:12Z,681,g95e5,1.949
2026-09-09T10:12Z,681,gA,1.889
2026-09-09T10:12Z,681,gP,1.944
2026-09-09T10:12Z,683,g95e5,1.959
2026-09-09T10:12Z,683,gA,1.879
2026-09-09T10:12Z,683,gP,1.939
2026-09-09T10:12Z,683,g98e5,2.109
2026-09-09T10:12Z,686,g95e5,1.939
2026-09-09T10:12Z,686,gA,1.879
2026-09-09T10:12Z,686,gP,1.954
2026-09-09T10:12Z,687,g95e5,1.939
2026-09-09T10:12Z,687,gA,1.879
2026-09-09T10:12Z,687,gP,1.954
2026-09-09T10:12Z,694,g95e5,1.879
2026-09-09T10:12Z,694,gA,1.839
2026-09-09T10:12Z,694,gP,1.879
2026-09-09T10:12Z,694,g98e5,1.969
2026-09-09T10:12Z,699,g95e5,1.889
2026-09-09T10:12Z,699,gA,1.889
2026-09-09T10:12Z,699,gP,1.929
2026-09-09T10:12Z,699,g98e5,2.009
2026-09-09T10:12Z,720,g95e5,1.929
2026-09-09T10:12Z,720,gA,1.889
2026-09-09T10:12Z,720,gP,1.944
2026-09-09T10:12Z,720,g95e5p,1.999
2026-09-09T10:12Z,725,g95e5,1.959
2026-09-09T10:12Z,725,gA,1.945
2026-09-09T10:12Z,733,g95e5,1.949
2026-09-09T10:12Z,733,gA,1.909
2026-09-09T10:12Z,733,g98e5,2.059
2026-09-09T10:12Z,757,g95e5,1.959
2026-09-09T10:12Z,757,gA,1.909
2026-09-09T10:12Z,761,g95e5,1.945
2026-09-09T10:12Z,761,gA,1.885
2026-09-09T10:12Z,769,g95e5,1.899
2026-09-09T10:12Z,769,gA,1.859
2026-09-09T10:12Z,776,g95e5,1.959
2026-09-09T10:12Z,776,gA,1.909
2026-09-09T10:12Z,776,g98e5,2.019
2026-09-09T10:12Z,776,gB,1.709
2026-09-09T10:12Z,795,gA,1.899
2026-09-09T10:12Z,795,gP,1.974
2026-09-09T10:12Z,804,g95e5,1.899
2026-09-09T10:12Z,804,gA,1.885
2026-09-09T10:12Z,809,g95e5,1.935
2026-09-09T10:12Z,813,g95e5,1.919
2026-09-09T10:12Z,813,gA,1.939
2026-09-09T10:12Z,813,gP,2.004
2026-09-09T10:12Z,824,g95e5,1.949
2026-09-09T10:12Z,824,gA,1.899
2026-09-09T10:12Z,824,gP,1.974
2026-09-09T10:12Z,830,g95e5,1.879
2026-09-09T10:12Z,830,gA,1.855
2026-09-09T10:12Z,830,gP,1.905
2026-09-09T10:12Z,830,g98e5,2.029
2026-09-09T10:12Z,834,g95e5,1.929
2026-09-09T10:12Z,834,gA,1.879
2026-09-09T10:12Z,834,gP,1.944
2026-09-09T10:12Z,835,g95e5,1.925
2026-09-09T10:12Z,835,gA,1.859
2026-09-09T10:12Z,835,gP,1.929
2026-09-09T10:12Z,835,g98e5,2.045
2026-09-09T10:12Z,837,g95e5,1.975
2026-09-09T10:12Z,837,gA,1.925
2026-09-09T10:12Z,851,g95e5,1.909
2026-09-09T10:12Z,852,g95e5,1.909
2026-09-09T10:12Z,855,g95e5,1.959
2026-09-09T10:12Z,855,gA,1.939
2026-09-09T10:12Z,855,g98e5,2.069
2026-09-09T10:12Z,856,g95e5,1.787
2026-09-09T10:12Z,856,gA,1.777
2026-09-09T10:12Z,856,gP,1.837
2026-09-09T10:12Z,859,g95e5,1.949
2026-09-09T10:12Z,859,gA,1.939
2026-09-09T10:12Z,866,g95e5,1.855
2026-09-09T10:12Z,866,gA,1.817
2026-09-09T10:12Z,866,gP,1.877
2026-09-09T10:12Z,871,g95e5,1.919
2026-09-09T10:12Z,871,gA,1.869
2026-09-09T10:12Z,871,gP,1.909
2026-09-09T10:12Z,871,g98e5,2.109
2026-09-09T10:12Z,884,g95e5,2.018
2026-09-09T10:12Z,884,gA,1.928
2026-09-09T10:12Z,884,gP,1.978
2026-09-09T10:12Z,884,g98e5,2.188
2026-09-09T10:12Z,890,g95e5,1.939
2026-09-09T10:12Z,890,gA,1.925
2026-09-09T10:12Z,890,g98e5,2.099
2026-09-09T10:12Z,890,gB,1.769
2026-09-09T10:12Z,893,g95e5,2.009
2026-09-09T10:12Z,893,gA,1.945
2026-09-09T10:12Z,900,gA,1.939
2026-09-09T10:12Z,904,g95e5,1.985
2026-09-09T10:12Z,904,gA,1.909
2026-09-09T10:12Z,909,g95e5,2.005
2026-09-09T10:12Z,909,gA,1.919
2026-09-09T10:12Z,911,g95e5,1.969
2026-09-09T10:12Z,911,gA,1.929
2026-09-09T10:12Z,911,gP,1.999
2026-09-09T10:12Z,911,g98e5,2.089
2026-09-09T10:12Z,920,g95e5,2.015
2026-09-09T10:12Z,920,gA,1.945
2026-09-09T10:12Z,933,g95e5,1.979
2026-09-09T10:12Z,933,gA,1.939
2026-09-09T10:12Z,933,gP,2.039
2026-09-09T10:12Z,933,gB,1.789
2026-09-09T10:12Z,953,g95e5,1.979
2026-09-09T10:12Z,953,gA,1.909
2026-09-09T10:12Z,953,gP,1.909
2026-09-09T10:12Z,955,g95e5,1.919
2026-09-09T10:12Z,955,gA,1.899
2026-09-09T10:12Z,955,gP,1.999
2026-09-09T10:12Z,955,g98e5,2.079
2026-09-09T10:12Z,955,gB,1.699
2026-09-09T10:12Z,957,g95e5,1.949
2026-09-09T10:12Z,957,gA,1.919
2026-09-09T10:12Z,957,gP,2.014
2026-09-09T10:12Z,957,g95e5p,1.999
2026-09-09T10:12Z,962,gA,1.915
2026-09-09T10:12Z,965,g95e5,2.015
2026-09-09T10:12Z,966,g95e5,1.929
2026-09-09T10:12Z,966,gP,1.979
2026-09-09T10:12Z,966,g98e5,2.029
2026-09-09T10:12Z,974,g95e5,1.929
2026-09-09T10:12Z,974,gA,1.889
2026-09-09T10:12Z,974,gP,1.939
2026-09-09T10:12Z,974,g98e5,2.069
2026-09-09T10:12Z,980,g95e5,1.985
2026-09-09T10:12Z,980,gA,1.899
2026-09-09T10:12Z,981,g95e5,1.985
2026-09-09T10:12Z,982,g95e5,1.979
2026-09-09T10:12Z,982,gA,1.939
2026-09-09T10:12Z,982,gP,2.024
2026-09-09T10:12Z,982,g98e5,2.079
2026-09-09T10:12Z,992,g95e5,1.979
2026-09-09T10:12Z,992,gA,1.939
2026-09-09T10:12Z,992,gP,2.034
2026-09-09T10:12Z,992,g95e5p,2.019
2026-09-09T10:12Z,993,g95e5,1.979
2026-09-09T10:12Z,993,gA,1.939
2026-09-09T10:12Z,993,gP,2.034
2026-09-09T10:12Z,993,g95e5p,2.019
2026-09-09T10:12Z,997,g95e5,1.969
2026-09-09T10:12Z,997,gA,1.939
2026-09-09T10:12Z,997,gP,2.024
2026-09-09T10:12Z,1000,g95e5,1.989
2026-09-09T10:12Z,1005,g95e5,1.999
2026-09-09T10:12Z,1005,gA,1.919
2026-09-09T10:12Z,1005,gP,1.994
2026-09-09T10:12Z,1020,g95e5,1.679
2026-09-09T10:12Z,1020,gA,1.657
2026-09-09T10:12Z,1025,g95e5,1.869
2026-09-09T10:12Z,1025,gA,1.799
2026-09-09T10:12Z,1025,gP,1.839
2026-09-09T10:12Z,1025,g98e5,2.049
2026-09-09T10:12Z,1026,g95e5,1.869
2026-09-09T10:12Z,1026,gA,1.799
2026-09-09T10:12Z,1026,gP,1.839
2026-09-09T10:12Z,1026,g98e5,2.049
2026-09-09T10:12Z,1035,g95e5,1.999
2026-09-09T10:12Z,1035,gA,1.949
2026-09-09T10:12Z,1038,g95e5,1.979
2026-09-09T10:12Z,1038,gA,1.945
2026-09-09T10:12Z,1039,g95e5,1.969
2026-09-09T10:12Z,1039,gA,1.929
2026-09-09T10:12Z,1039,gP,2.019
2026-09-09T10:12Z,1039,g98e5,2.029
2026-09-09T10:12Z,1039,gB,1.779
2026-09-09T10:12Z,1042,gA,1.949
2026-09-09T10:12Z,1058,g95e5,1.999
2026-09-09T10:12Z,1067,gA,1.949
2026-09-09T10:12Z,1068,g95e5,1.679
2026-09-09T10:12Z,1068,gA,1.657
2026-09-09T10:12Z,1068,gP,1.677
2026-09-09T10:12Z,1068,g95e5p,1.699
2026-09-09T10:12Z,1069,g95e5,1.995
2026-09-09T10:12Z,1074,g95e5,2.005
2026-09-09T10:12Z,1082,g95e5,1.969
2026-09-09T10:12Z,1082,gA,1.929
2026-09-09T10:12Z,1082,gP,2.019
2026-09-09T10:12Z,1082,g95e5p,2.029
2026-09-09T10:12Z,1085,gA,1.919
2026-09-09T10:12Z,1086,g95e5,1.965
2026-09-09T10:12Z,1086,gA,1.929
2026-09-09T10:12Z,1089,g95e5,1.989
2026-09-09T10:12Z,1089,gA,1.949
2026-09-09T10:12Z,1090,g95e5,1.989
2026-09-09T10:12Z,1090,gA,1.949
2026-09-09T10:12Z,1094,g95e5,1.959
2026-09-09T10:12Z,1094,gA,1.939
2026-09-09T10:12Z,1094,gP,1.994
2026-09-09T10:12Z,1095,g95e5,1.965
2026-09-09T10:12Z,1095,gA,1.935
2026-09-09T10:12Z,1095,gP,2.045
2026-09-09T10:12Z,1095,g98e5,2.079
2026-09-09T10:12Z,1095,gB,1.640
2026-09-09T10:12Z,1112,g95e5,1.949
2026-09-09T10:12Z,1131,gA,1.899
2026-09-09T10:12Z,1132,gA,1.915
2026-09-09T10:12Z,1133,g95e5,1.929
2026-09-09T10:12Z,1137,gA,1.859
2026-09-09T10:12Z,1143,g95e5,1.975
2026-09-09T10:12Z,1163,g95e5,1.935
2026-09-09T10:12Z,1163,gA,1.869
2026-09-09T10:12Z,1178,g95e5,1.939
2026-09-09T10:12Z,1179,gA,1.879
2026-09-09T10:12Z,1179,gP,1.964
2026-09-09T10:12Z,1180,g95e5,1.959
2026-09-09T10:12Z,1180,gA,1.905
2026-09-09T10:12Z,1181,g95e5,1.959
2026-09-09T10:12Z,1181,gA,1.905
2026-09-09T10:12Z,1183,g95e5,1.975
2026-09-09T10:12Z,1183,gA,1.915
2026-09-09T10:12Z,1193,g95e5,1.819
2026-09-09T10:12Z,1193,gA,1.799
2026-09-09T10:12Z,1193,gB,1.419
2026-09-09T10:12Z,1203,g95e5,1.939
2026-09-09T10:12Z,1203,gA,1.929
2026-09-09T10:12Z,1203,gP,1.994
2026-09-09T10:12Z,1203,g95e5p,1.999
2026-09-09T10:12Z,1204,g95e5,1.959
2026-09-09T10:12Z,1204,gA,1.899
2026-09-09T10:12Z,1204,gP,1.984
2026-09-09T10:12Z,1204,g95e5p,2.019
2026-09-09T10:12Z,1215,g95e5,1.935
2026-09-09T10:12Z,1219,g95e5,1.929
2026-09-09T10:12Z,1219,gA,1.895
2026-09-09T10:12Z,1219,g98e5,2.059
2026-09-09T10:12Z,1219,gB,1.745
2026-09-09T10:12Z,1234,g95e5,1.975
2026-09-09T10:12Z,1234,gA,1.915
2026-09-09T10:12Z,1239,g95e5,1.839
2026-09-09T10:12Z,1251,g95e5,1.879
2026-09-09T10:12Z,1251,gA,1.859
2026-09-09T10:12Z,1251,gP,1.939
2026-09-09T10:12Z,1251,gB,1.559
2026-09-09T10:12Z,1253,g95e5,1.920
2026-09-09T10:12Z,1263,g95e5,1.899
2026-09-09T10:12Z,1263,gA,1.889
2026-09-09T10:12Z,1263,gP,2.019
2026-09-09T10:12Z,1263,g98e5,2.019
2026-09-09T10:12Z,1263,gB,1.679
2026-09-09T10:12Z,1282,g95e5,1.969
2026-09-09T10:12Z,1282,gA,1.889
2026-09-09T10:12Z,1286,g95e5,1.885
2026-09-09T10:12Z,1286,gA,1.865
2026-09-09T10:12Z,1301,g95e5,1.919
2026-09-09T10:12Z,1301,gA,1.899
2026-09-09T10:12Z,1301,gB,1.773
2026-09-09T10:12Z,1305,g95e5,1.939
2026-09-09T10:12Z,1310,g95e5,1.899
2026-09-09T10:12Z,1310,gA,1.889
2026-09-09T10:12Z,1310,gP,2.019
2026-09-09T10:12Z,1310,g98e5,2.019
2026-09-09T10:12Z,1310,gB,1.779
2026-09-09T10:12Z,1311,g95e5,1.869
2026-09-09T10:12Z,1311,gA,1.859
2026-09-09T10:12Z,1313,gA,1.889
2026-09-09T10:12Z,1313,gP,2.024
2026-09-09T10:12Z,1315,g95e5,1.949
2026-09-09T10:12Z,1315,gA,1.929
2026-09-09T10:12Z,1370,g95e5,1.969
2026-09-09T10:12Z,1370,gA,1.889
2026-09-09T10:12Z,1375,gA,1.889
2026-09-09T10:12Z,1375,g98e5,2.049
2026-09-09T10:12Z,1376,g95e5,1.945
2026-09-09T10:12Z,1381,g95e5,1.979
2026-09-09T10:12Z,1385,g95e5,1.959
2026-09-09T10:12Z,1385,gA,1.895
2026-09-09T10:12Z,1410,g95e5,1.935
2026-09-09T10:12Z,1413,g95e5,1.949
2026-09-09T10:12Z,1414,g95e5,1.949
2026-09-09T10:12Z,1414,gA,1.859
2026-09-09T10:12Z,1415,g95e5,1.949
2026-09-09T10:12Z,1415,gA,1.859
2026-09-09T10:12Z,1416,gA,1.859
2026-09-09T10:12Z,1422,g95e5,1.899
2026-09-09T10:12Z,1422,gA,1.873
2026-09-09T10:12Z,1422,gP,1.984
2026-09-09T10:12Z,1422,g98e5,2.009
2026-09-09T10:12Z,1422,gB,1.713
2026-09-09T10:12Z,1430,g95e5,1.955
2026-09-09T10:12Z,1444,g95e5,1.969
2026-09-09T10:12Z,1445,g95e5,1.969
2026-09-09T10:12Z,1448,g95e5,1.945
2026-09-09T10:12Z,1460,g95e5,1.979
2026-09-09T10:12Z,1460,gA,1.893
2026-09-09T10:12Z,1460,gP,1.993
2026-09-09T10:12Z,1460,g95e5p,2.039
2026-09-09T10:12Z,1464,g95e5,1.959
2026-09-09T10:12Z,1464,gA,1.883
2026-09-09T10:12Z,1464,gP,1.984
2026-09-09T10:12Z,1464,g95e5p,2.029
2026-09-09T10:12Z,1473,g95e5,1.709
2026-09-09T10:12Z,1479,g95e5,1.949
2026-09-09T10:12Z,1479,gA,1.873
2026-09-09T10:12Z,1479,gP,1.974
2026-09-09T10:12Z,1479,g98e5,2.029
2026-09-09T10:12Z,1479,gB,1.773
2026-09-09T10:12Z,1489,gA,1.893
2026-09-09T10:12Z,1489,gP,1.994
2026-09-09T10:12Z,1490,gA,1.883
2026-09-09T10:12Z,1490,gP,1.984
2026-09-09T10:12Z,1500,g95e5,1.939
2026-09-09T10:12Z,1500,gA,1.863
2026-09-09T10:12Z,1500,gP,1.953
2026-09-09T10:12Z,1500,g95e5p,2.019
2026-09-09T10:12Z,1501,g95e5,1.959
2026-09-09T10:12Z,1501,gA,1.863
2026-09-09T10:12Z,1501,gP,1.964
2026-09-09T10:12Z,1501,g95e5p,2.029
2026-09-09T10:12Z,1502,g95e5,1.939
2026-09-09T10:12Z,1502,gA,1.879
2026-09-09T10:12Z,1502,gP,1.979
2026-09-09T10:12Z,1504,g95e5,1.895
2026-09-09T10:12Z,1504,gA,1.895
2026-09-09T10:12Z,1505,g95e5,1.969
2026-09-09T10:12Z,1505,gA,1.889
2026-09-09T10:12Z,1505,gP,1.989
2026-09-09T10:12Z,1505,gB,1.659
2026-09-09T10:12Z,1536,gA,1.939
2026-09-09T10:12Z,1557,g95e5,1.699
2026-09-09T10:12Z,1557,gA,1.649
2026-09-09T10:12Z,1567,g95e5,1.904
2026-09-09T10:12Z,1567,gA,1.896
2026-09-09T10:12Z,1567,gP,2.004
2026-09-09T10:12Z,1567,g98e5,2.017
2026-09-09T10:12Z,1579,g95e5,1.919
2026-09-09T10:12Z,1579,gA,1.939
2026-09-09T10:12Z,1579,gP,1.994
2026-09-09T10:12Z,1579,g95e5p,1.969
2026-09-09T10:12Z,1600,g98e5,1.995
2026-09-09T10:12Z,1600,gB,1.655
2026-09-09T10:12Z,1604,g95e5,1.893
2026-09-09T10:12Z,1604,gA,1.887
2026-09-09T10:12Z,1604,gP,1.943
2026-09-09T10:12Z,1604,g98e5,1.981
2026-09-09T10:12Z,1624,g95e5,1.799
2026-09-09T10:12Z,1637,gA,1.899
2026-09-09T10:12Z,1671,g95e5,1.749
2026-09-09T10:12Z,1671,gA,1.729
2026-09-09T10:12Z,1671,g98e5,1.849
2026-09-09T10:12Z,1671,bio,1.669
2026-09-09T10:12Z,1687,g95e5,1.909
2026-09-09T10:12Z,1687,gA,1.849
2026-09-09T10:12Z,1687,gP,1.889
2026-09-09T10:12Z,1688,g98e5,2.019
2026-09-09T10:12Z,1689,g95e5,1.849
2026-09-09T10:12Z,1689,gA,1.879
2026-09-09T10:12Z,1689,gP,1.919
2026-09-09T10:12Z,1689,g98e5,1.949
2026-09-09T10:12Z,1690,g98e5,1.799
2026-09-09T10:12Z,1694,g98e5,2.049
2026-09-09T10:12Z,1695,g98e5,1.969
2026-09-09T10:12Z,1698,g95e5,1.689
2026-09-09T10:12Z,1698,g98e5,1.909
2026-09-09T10:12Z,1699,gA,1.939
2026-09-09T10:12Z,1699,gP,2.004
2026-09-09T10:12Z,1700,g95e5,1.929
2026-09-09T10:12Z,1700,gA,1.939
2026-09-09T10:12Z,1700,gP,2.004
2026-09-09T10:12Z,1715,g95e5,1.685
2026-09-09T10:12Z,1715,gA,1.621
2026-09-09T10:12Z,1715,g98e5,1.785
2026-09-09T10:12Z,1718,g95e5,1.679
2026-09-09T10:12Z,1718,g98e5,1.799
2026-09-09T10:12Z,1724,g95e5,1.879
2026-09-09T10:12Z,1724,g98e5,1.979
2026-09-09T10:12Z,1728,g95e5,1.859
2026-09-09T10:12Z,1728,gA,1.859
2026-09-09T10:12Z,1728,gP,1.899
2026-09-09T10:12Z,1728,g98e5,1.979
2026-09-09T10:12Z,1779,gA,1.939
2026-09-09T10:12Z,1779,gP,2.029
2026-09-09T10:12Z,1779,g98e5,2.059
2026-09-09T10:12Z,1780,g95e5,1.939
2026-09-09T10:12Z,1780,g95e5p,1.999
2026-09-09T10:12Z,1784,g95e5,1.909
2026-09-09T10:12Z,1784,gA,1.939
2026-09-09T10:12Z,1784,gP,2.024
2026-09-09T10:12Z,1784,g95e5p,1.989
2026-09-09T10:12Z,1797,g95e5,1.939
2026-09-09T10:12Z,1797,gA,1.935
2026-09-09T10:12Z,1807,g95e5,1.979
2026-09-09T10:12Z,1807,gA,1.899
2026-09-09T10:12Z,1818,gA,1.899
2026-09-09T10:12Z,1824,g95e5,1.939
2026-09-09T10:12Z,1827,gA,1.939
2026-09-09T10:12Z,1828,g95e5,1.989
2026-09-09T10:12Z,1834,g95e5,1.939
2026-09-09T10:12Z,1834,gA,1.959
2026-09-09T10:12Z,1834,gP,2.024
2026-09-09T10:12Z,1835,g95e5,1.955
2026-09-09T10:12Z,1835,gA,1.949
2026-09-09T10:12Z,1851,gA,1.895
2026-09-09T10:12Z,1868,g95e5,1.949
2026-09-09T10:12Z,1874,g95e5,1.739
2026-09-09T10:12Z,1874,gA,1.719
2026-09-09T10:12Z,1885,g95e5,2.005
2026-09-09T10:12Z,1885,gA,1.909
2026-09-09T10:12Z,1890,g95e5,1.719
2026-09-09T10:12Z,1890,gA,1.669
2026-09-09T10:12Z,1910,gA,1.829
2026-09-09T10:12Z,1924,g95e5,1.739
2026-09-09T10:12Z,1924,gA,1.719
2026-09-09T10:12Z,1925,g95e5,1.799
2026-09-09T10:12Z,1925,g98e5,1.859
2026-09-09T10:12Z,1925,gB,1.549
2026-09-09T10:12Z,1941,g95e5,1.979
2026-09-09T10:12Z,1941,g98e5,2.129
2026-09-09T10:12Z,1948,g95e5,1.919
2026-09-09T10:12Z,1949,gA,1.859
2026-09-09T10:12Z,1949,gP,1.899
2026-09-09T10:12Z,1950,g95e5,1.919
2026-09-09T10:12Z,1950,gA,1.869
2026-09-09T10:12Z,1950,gP,1.909
2026-09-09T10:12Z,1950,g98e5,1.999
2026-09-09T10:12Z,1951,g95e5,1.869
2026-09-09T10:12Z,1951,gA,1.829
2026-09-09T10:12Z,1951,gP,1.869
2026-09-09T10:12Z,1953,g95e5,1.809
2026-09-09T10:12Z,1953,gA,1.799
2026-09-09T10:12Z,1953,gP,1.839
2026-09-09T10:12Z,1954,gA,1.759
2026-09-09T10:12Z,1954,gP,1.799
2026-09-09T10:12Z,1954,g98e5,2.029
2026-09-09T10:12Z,1956,gA,1.619
2026-09-09T10:12Z,1956,gP,1.659
2026-09-09T10:12Z,1956,g98e5,1.949
2026-09-09T10:12Z,1961,gA,1.657
2026-09-09T10:12Z,1980,gA,1.899
2026-09-09T10:12Z,1991,g95e5,1.969
2026-09-09T10:12Z,1991,gA,1.883
2026-09-09T10:12Z,1991,gP,1.984
2026-09-09T10:12Z,1992,gA,1.883
2026-09-09T10:12Z,1992,gP,1.984
2026-09-09T10:12Z,1996,g95e5,1.629
2026-09-09T10:12Z,2023,g95e5,1.781
2026-09-09T10:12Z,2023,gA,1.745
2026-09-09T10:12Z,2023,gP,1.904
2026-09-09T10:12Z,2030,gA,1.869
2026-09-09T10:12Z,2030,gP,1.949
2026-09-09T10:12Z,2059,g95e5,1.698
2026-09-09T10:12Z,2062,g95e5,1.969
2026-09-09T10:12Z,2062,gA,1.869
2026-09-09T10:12Z,2062,gP,1.964
2026-09-09T10:12Z,2062,g95e5p,2.009
2026-09-09T10:12Z,2065,g95e5,1.939
2026-09-09T10:12Z,2065,gA,1.909
2026-09-09T10:12Z,2065,g98e5,2.029
2026-09-09T10:12Z,2084,gA,1.889
2026-09-09T10:12Z,2085,g95e5,1.889
2026-09-09T10:12Z,2100,gA,1.949
2026-09-09T10:12Z,2100,gP,2.034
2026-09-09T10:12Z,2108,gA,1.869
2026-09-09T10:12Z,2108,gP,1.959
2026-09-09T10:12Z,2116,g95e5,1.929
2026-09-09T10:12Z,2116,g95e5p,1.979
2026-09-09T10:12Z,2118,g95e5,1.939
2026-09-09T10:12Z,2118,gA,1.859
2026-09-09T10:12Z,2118,g98e5,2.049
2026-09-09T10:12Z,2158,g95e5,1.949
2026-09-09T10:12Z,2169,g95e5,1.939
2026-09-09T10:12Z,2169,gA,1.905
2026-09-09T10:12Z,2174,g95e5,1.895
2026-09-09T10:12Z,2174,gA,1.919
2026-09-09T10:12Z,2199,g95e5,1.919
2026-09-09T10:12Z,2199,gA,1.889
2026-09-09T10:12Z,2199,gP,1.994
2026-09-09T10:12Z,2199,g98e5,2.029
2026-09-09T10:12Z,2199,g95e5p,1.989
2026-09-09T10:12Z,2204,g95e5,1.919
2026-09-09T10:12Z,2204,gA,1.899
2026-09-09T10:12Z,2204,gP,1.984
2026-09-09T10:12Z,2204,g95e5p,1.969
2026-09-09T10:12Z,2205,g95e5,1.919
2026-09-09T10:12Z,2205,g95e5p,1.969
2026-09-09T10:12Z,2207,g95e5,1.919
2026-09-09T10:12Z,2207,gA,1.859
2026-09-09T10:12Z,2207,gP,1.954
2026-09-09T10:12Z,2214,gA,1.925
2026-09-09T10:12Z,2221,gA,1.905
2026-09-09T10:12Z,2222,g95e5,1.895
2026-09-09T10:12Z,2223,g95e5,1.945
2026-09-09T10:12Z,2223,gA,1.915
2026-09-09T10:12Z,2229,g95e5,1.929
2026-09-09T10:12Z,2229,gA,1.919
2026-09-09T10:12Z,2231,g95e5,1.989
2026-09-09T10:12Z,2234,g95e5,1.924
2026-09-09T10:12Z,2234,g98e5,2.064
2026-09-09T10:12Z,2237,g95e5,1.965
2026-09-09T10:12Z,2237,gA,1.929
2026-09-09T10:12Z,2238,gA,1.915
2026-09-09T10:12Z,2255,g95e5,1.969
2026-09-09T10:12Z,2255,gA,1.939
2026-09-09T10:12Z,2263,g95e5,1.949
2026-09-09T10:12Z,2263,gA,1.899
2026-09-09T10:12Z,2263,glp,1.179
2026-09-09T10:12Z,2267,gA,1.649
2026-09-09T10:12Z,2273,g95e5,1.989
2026-09-09T10:12Z,2273,gA,1.909
2026-09-09T10:12Z,2274,gA,1.905
2026-09-09T10:12Z,2276,gA,1.873
2026-09-09T10:12Z,2276,gP,1.934
2026-09-09T10:12Z,2286,g95e5,1.939
2026-09-09T10:12Z,2286,gA,1.879
2026-09-09T10:12Z,2286,gP,2.014
2026-09-09T10:12Z,2287,g95e5,1.939
2026-09-09T10:12Z,2287,gA,1.879
2026-09-09T10:12Z,2290,gA,1.915
2026-09-09T10:12Z,2301,g95e5,1.889
2026-09-09T10:12Z,2301,gA,1.899
2026-09-09T10:12Z,2304,g95e5,1.985
2026-09-09T10:12Z,2305,gA,1.929
2026-09-09T10:12Z,2308,g95e5,1.929
2026-09-09T10:12Z,2308,gA,1.909
2026-09-09T10:12Z,2308,g98e5,2.055
2026-09-09T10:12Z,2308,g95e10,1.979
2026-09-09T10:12Z,2309,g95e5,1.945
2026-09-09T10:12Z,2316,g95e5,1.935
2026-09-09T10:12Z,2316,gA,1.909
2026-09-09T10:12Z,2317,g95e5,1.739
2026-09-09T10:12Z,2317,gA,1.709
2026-09-09T10:12Z,2317,gP,1.739
2026-09-09T10:12Z,2317,g98e5,1.879
2026-09-09T10:12Z,2324,gA,1.929
2026-09-09T10:12Z,2332,gA,1.869
2026-09-09T10:12Z,2339,g95e5,1.949
2026-09-09T10:12Z,2339,gA,1.939
2026-09-09T10:12Z,2339,gP,2.049
2026-09-09T10:12Z,2339,g98e5,2.059
2026-09-09T10:12Z,2340,g95e5,1.959
2026-09-09T10:12Z,2340,gA,1.949
2026-09-09T10:12Z,2340,gP,2.024
2026-09-09T10:12Z,2340,g95e5p,2.029
2026-09-09T10:12Z,2341,g95e5,1.969
2026-09-09T10:12Z,2341,gA,1.909
2026-09-09T10:12Z,2342,g95e5,1.935
2026-09-09T10:12Z,2344,gA,1.945
2026-09-09T10:12Z,2364,g95e5,1.939
2026-09-09T10:12Z,2364,gA,1.889
2026-09-09T10:12Z,2369,g95e5,1.919
2026-09-09T10:12Z,2372,g95e5,1.885
2026-09-09T10:12Z,2372,gA,1.855
2026-09-09T10:12Z,2372,gP,1.955
2026-09-09T10:12Z,2378,g95e5,1.915
2026-09-09T10:12Z,2379,g95e5,1.915
2026-09-09T10:12Z,2379,gA,1.885
2026-09-09T10:12Z,2380,gA,1.885
2026-09-09T10:12Z,2381,g95e5,1.915
2026-09-09T10:12Z,2382,g95e5,1.939
2026-09-09T10:12Z,2382,g95e5p,1.979
2026-09-09T10:12Z,2409,g95e5,1.989
2026-09-09T10:12Z,2409,gA,1.959
2026-09-09T10:12Z,2419,g95e5,1.789
2026-09-09T10:12Z,2419,g98e5,1.898
2026-09-09T10:12Z,2421,g95e5,1.899
2026-09-09T10:12Z,2421,gP,2.026
2026-09-09T10:12Z,2421,g98e5,2.015
2026-09-09T10:12Z,2423,gA,1.949
2026-09-09T10:12Z,2432,glp,1.179
2026-09-09T10:12Z,2432,gnc,1.889
2026-09-09T10:12Z,2438,g95e5,1.977
2026-09-09T10:12Z,2438,gP,2.044
2026-09-09T10:12Z,2439,g95e5,1.824
2026-09-09T10:12Z,2439,gA,1.753
2026-09-09T10:12Z,2439,gP,1.972
2026-09-09T10:12Z,2447,g95e5,1.969
2026-09-09T10:12Z,2447,g98e5,2.139
2026-09-09T10:12Z,2449,g95e5,1.985
2026-09-09T10:12Z,2452,g95e5,1.889
2026-09-09T10:12Z,2452,gA,1.889
2026-09-09T10:12Z,2467,g95e5,1.899
2026-09-09T10:12Z,2477,g95e5,1.979
2026-09-09T10:12Z,2477,gA,1.945
2026-09-09T10:12Z,2478,g95e5,1.949
2026-09-09T10:12Z,2485,g95e5,1.959
2026-09-09T10:12Z,2489,g95e5,1.889
2026-09-09T10:12Z,2489,gA,1.889
2026-09-09T10:12Z,2508,g95e5,1.939
2026-09-09T10:12Z,2508,g95e5p,1.989
2026-09-09T10:12Z,2510,g95e5,1.925
2026-09-09T10:12Z,2510,gA,1.945
2026-09-09T10:12Z,2514,g95e5,1.875
2026-09-09T10:12Z,2514,g98e5,2.035
2026-09-09T10:12Z,2514,gB,1.635
2026-09-09T10:12Z,2515,g95e5,1.925
2026-09-09T10:12Z,2515,gA,1.935
2026-09-09T10:12Z,2516,gA,1.935
2026-09-09T10:12Z,2517,gA,1.909
2026-09-09T10:12Z,2531,gA,1.939
2026-09-09T10:12Z,2535,g95e5,1.959
2026-09-09T10:12Z,2535,gA,1.915
2026-09-09T10:12Z,2537,g95e5,1.939
2026-09-09T10:12Z,2537,gA,1.919
2026-09-09T10:12Z,2537,gP,2.050
2026-09-09T10:12Z,2538,g95e5,1.939
2026-09-09T10:12Z,2538,gA,1.919
2026-09-09T10:12Z,2555,gA,1.885
2026-09-09T10:12Z,2559,gA,1.865
2026-09-09T10:12Z,2565,g95e5,1.969
2026-09-09T10:12Z,2565,gA,1.939
2026-09-09T10:12Z,2565,gP,2.034
2026-09-09T10:12Z,2565,g95e5p,2.029
2026-09-09T10:12Z,2566,g95e5,1.958
2026-09-09T10:12Z,2566,gA,1.918
2026-09-09T10:12Z,2569,g95e5,2.019
2026-09-09T10:12Z,2569,gA,1.975
2026-09-09T10:12Z,2574,g95e5,2.009
2026-09-09T10:12Z,2577,g95e5,1.969
2026-09-09T10:12Z,2577,gA,1.929
2026-09-09T10:12Z,2577,gP,1.979
2026-09-09T10:12Z,2577,g98e5,2.079
2026-09-09T10:12Z,2577,glp,1.179
2026-09-09T10:12Z,2577,gB,1.649
2026-09-09T10:12Z,2578,g95e5,1.979
2026-09-09T10:12Z,2578,gA,1.929
2026-09-09T10:12Z,2578,gP,1.999
2026-09-09T10:12Z,2578,g98e5,2.119
2026-09-09T10:12Z,2578,gB,1.679
2026-09-09T10:12Z,2580,g95e5,2.019
2026-09-09T10:12Z,2580,gA,1.979
2026-09-09T10:12Z,2580,gP,2.079
2026-09-09T10:12Z,2581,g95e5,1.979
2026-09-09T10:12Z,2581,gA,1.939
2026-09-09T10:12Z,2581,g95e5p,2.029
2026-09-09T10:12Z,2594,gA,1.899
2026-09-09T10:12Z,2594,gP,1.994
2026-09-09T10:12Z,2602,g95e5,1.959
2026-09-09T10:12Z,2602,g98e5,2.049
2026-09-09T10:12Z,2607,gA,1.949
2026-09-09T10:12Z,2609,gA,1.949
2026-09-09T10:12Z,2612,gA,1.925
2026-09-09T10:12Z,2613,g95e5,1.969
2026-09-09T10:12Z,2613,gA,1.949
2026-09-09T10:12Z,2613,gP,2.044
2026-09-09T10:12Z,2613,g95e5p,2.029
2026-09-09T10:12Z,2616,g95e5,1.989
2026-09-09T10:12Z,2616,gA,1.949
2026-09-09T10:12Z,2618,g95e5,1.999
2026-09-09T10:12Z,2618,gA,1.919
2026-09-09T10:12Z,2618,gP,2.014
2026-09-09T10:12Z,2618,g95e5p,2.059
2026-09-09T10:12Z,2620,g95e5,1.889
2026-09-09T10:12Z,2620,gA,1.845
2026-09-09T10:12Z,2621,g95e5,2.029
2026-09-09T10:12Z,2621,gA,1.949
2026-09-09T10:12Z,2621,gP,2.049
2026-09-09T10:12Z,2621,g95e5p,2.079
2026-09-09T10:12Z,2632,g95e5,2.029
2026-09-09T10:12Z,2632,gA,1.959
2026-09-09T10:12Z,2632,gP,2.059
2026-09-09T10:12Z,2632,g95e5p,2.089
2026-09-09T10:12Z,2637,g95e5,2.029
2026-09-09T10:12Z,2637,gA,1.939
2026-09-09T10:12Z,2637,gP,2.029
2026-09-09T10:12Z,2637,g98e5,2.149
2026-09-09T10:12Z,2637,g95e5p,2.079
2026-09-09T10:12Z,2650,g95e5,1.999
2026-09-09T10:12Z,2665,g95e5,1.979
2026-09-09T10:12Z,2665,gA,1.939
2026-09-09T10:12Z,2665,gP,2.034
2026-09-09T10:12Z,2665,g95e5p,2.049
2026-09-09T10:12Z,2668,g95e5,2.139
2026-09-09T10:12Z,2668,gA,2.109
2026-09-09T10:12Z,2675,g95e5,2.049
2026-09-09T10:12Z,2675,gA,1.959
2026-09-09T10:12Z,2675,gP,2.049
2026-09-09T10:12Z,2675,g95e5p,2.089
2026-09-09T10:12Z,2675,gB,1.819
2026-09-09T10:12Z,2681,g95e5,1.975
2026-09-09T10:12Z,2681,gA,1.925
2026-09-09T10:12Z,2681,gP,2.045
2026-09-09T10:12Z,2681,g98e5,2.115
2026-09-09T10:12Z,2687,g95e5,1.965
2026-09-09T10:12Z,2687,gA,1.919
2026-09-09T10:12Z,2689,g95e5,2.029
2026-09-09T10:12Z,2689,gA,1.939
2026-09-09T10:12Z,2689,gP,2.029
2026-09-09T10:12Z,2690,g95e5,1.965
2026-09-09T10:12Z,2693,g95e5,1.995
2026-09-09T10:12Z,2693,gA,1.915
2026-09-09T10:12Z,2695,g95e5,1.988
2026-09-09T10:12Z,2695,gA,1.948
2026-09-09T10:12Z,2695,g98e5,2.118
2026-09-09T10:12Z,2696,gA,1.939
2026-09-09T10:12Z,2696,gP,2.014
2026-09-09T10:12Z,2697,g95e5,1.969
2026-09-09T10:12Z,2697,gA,1.939
2026-09-09T10:12Z,2697,gP,2.014
2026-09-09T10:12Z,2700,g95e5,2.005
2026-09-09T10:12Z,2700,gA,1.965
2026-09-09T10:12Z,2701,g95e5,1.869
2026-09-09T10:12Z,2701,gA,1.819
2026-09-09T10:12Z,2701,gB,1.679
2026-09-09T10:12Z,2707,g95e5,2.005
2026-09-09T10:12Z,2707,gA,1.965
2026-09-09T10:12Z,2708,g95e5,1.979
2026-09-09T10:12Z,2708,gA,1.949
2026-09-09T10:12Z,2708,gP,2.024
2026-09-09T10:12Z,2708,g95e5p,2.029
2026-09-09T10:12Z,2712,g95e5,1.999
2026-09-09T10:12Z,2712,gA,1.949
2026-09-09T10:12Z,2712,g98e5,2.109
2026-09-09T10:12Z,2713,g95e5,1.969
2026-09-09T10:12Z,2713,gA,1.919
2026-09-09T10:12Z,2715,g95e5,2.019
2026-09-09T10:12Z,2715,gA,1.965
2026-09-09T10:12Z,2725,g95e5,1.959
2026-09-09T10:12Z,2725,gA,1.959
2026-09-09T10:12Z,2725,gP,2.034
2026-09-09T10:12Z,2725,g95e5p,2.009
2026-09-09T10:12Z,2726,gA,1.935
2026-09-09T10:12Z,2730,g95e5,1.969
2026-09-09T10:12Z,2730,g98e5,2.109
2026-09-09T10:12Z,2730,glp,1.179
2026-09-09T10:12Z,2736,gA,1.949
2026-09-09T10:12Z,2737,g95e5,2.019
2026-09-09T10:12Z,2737,gA,1.975
2026-09-09T10:12Z,2739,g95e5,1.958
2026-09-09T10:12Z,2739,gA,1.918
2026-09-09T10:12Z,2746,g95e5,1.485
2026-09-09T10:12Z,2746,gA,1.465
2026-09-09T10:12Z,2748,g95e5,1.475
2026-09-09T10:12Z,2748,gA,1.455
2026-09-09T10:12Z,2749,g95e5,1.475
2026-09-09T10:12Z,2749,gA,1.465
2026-09-09T10:12Z,2763,g95e5,1.919
2026-09-09T10:12Z,2763,gA,1.909
2026-09-09T10:12Z,2766,g95e5,1.879
2026-09-09T10:12Z,2766,gA,1.939
2026-09-09T10:12Z,2766,g98e5,1.989
2026-09-09T10:12Z,2775,gA,1.935
2026-09-09T10:12Z,2778,g95e5,1.959
2026-09-09T10:12Z,2778,g98e5,2.069
2026-09-09T10:12Z,2781,g95e5,1.929
2026-09-09T10:12Z,2789,g95e5,1.919
2026-09-09T10:12Z,2789,gA,1.935
2026-09-09T10:12Z,2791,g95e5,1.939
2026-09-09T10:12Z,2791,gA,1.959
2026-09-09T10:12Z,2791,gP,2.024
2026-09-09T10:12Z,2796,g95e5,1.925
2026-09-09T10:12Z,2798,g95e5,1.879
2026-09-09T10:12Z,2798,gA,1.919
2026-09-09T10:12Z,2798,g98e5,1.989
2026-09-09T10:12Z,2799,g95e5,1.939
2026-09-09T10:12Z,2807,g95e5,1.985
2026-09-09T10:12Z,2807,gA,1.905
2026-09-09T10:12Z,2816,g95e5,1.949
2026-09-09T10:12Z,2818,gA,1.959
2026-09-09T10:12Z,2819,gA,1.925
2026-09-09T10:12Z,2820,gA,1.925
2026-09-09T10:12Z,2821,g95e5,1.925
2026-09-09T10:12Z,2821,gA,1.905
2026-09-09T10:12Z,2823,gA,1.899
2026-09-09T10:12Z,2825,gA,1.879
2026-09-09T10:12Z,2828,gA,1.925
2026-09-09T10:12Z,2836,g95e5,1.949
2026-09-09T10:12Z,2836,g95e5p,1.999
2026-09-09T10:12Z,2843,g95e5,1.959
2026-09-09T10:12Z,2843,gA,1.939
2026-09-09T10:12Z,2843,gP,2.014
2026-09-09T10:12Z,2844,g95e5,1.929
2026-09-09T10:12Z,2844,gA,1.939
2026-09-09T10:12Z,2844,gP,2.014
2026-09-09T10:12Z,2846,g95e5,1.749
2026-09-09T10:12Z,2846,gA,1.739
2026-09-09T10:12Z,2846,g98e5,1.849
2026-09-09T10:12Z,2858,gA,1.939
2026-09-09T10:12Z,2858,gP,2.004
2026-09-09T10:12Z,2865,g95e5,1.979
2026-09-09T10:12Z,2865,gA,1.909
2026-09-09T10:12Z,2865,gP,1.999
2026-09-09T10:12Z,2871,g95e5,1.969
2026-09-09T10:12Z,2871,gA,1.879
2026-09-09T10:12Z,2871,gP,1.974
2026-09-09T10:12Z,2871,g95e5p,2.009
2026-09-09T10:12Z,2872,gA,1.939
2026-09-09T10:12Z,2872,gP,2.029
2026-09-09T10:12Z,2872,g98e5,2.059
2026-09-09T10:12Z,2875,g95e5,1.929
2026-09-09T10:12Z,2875,gA,1.929
2026-09-09T10:12Z,2875,gP,1.994
2026-09-09T10:12Z,2876,g95e5,1.949
2026-09-09T10:12Z,2876,gA,1.939
2026-09-09T10:12Z,2876,gP,1.994
2026-09-09T10:12Z,2876,g95e5p,1.999
2026-09-09T10:12Z,2884,g95e5,1.929
2026-09-09T10:12Z,2884,gA,1.879
2026-09-09T10:12Z,2884,gP,1.974
2026-09-09T10:12Z,2884,g95e5p,1.969
2026-09-09T10:12Z,2890,g95e5,1.849
2026-09-09T10:12Z,2890,gA,1.759
2026-09-09T10:12Z,2890,gP,1.912
2026-09-09T10:12Z,2893,g95e5,1.959
2026-09-09T10:12Z,2893,gA,1.869
2026-09-09T10:12Z,2893,gP,1.979
2026-09-09T10:12Z,2893,g98e5,2.039
2026-09-09T10:12Z,2893,g95e10,1.999
2026-09-09T10:12Z,2907,g95e5,1.989
2026-09-09T10:12Z,2907,g98e5,2.149
2026-09-09T10:12Z,2914,gA,1.915
2026-09-09T10:12Z,2920,g95e5,1.959
2026-09-09T10:12Z,2932,gA,1.915
2026-09-09T10:12Z,2935,g95e5,1.985
2026-09-09T10:12Z,2935,gA,1.949
2026-09-09T10:12Z,2941,g95e5,1.921
2026-09-09T10:12Z,2941,gA,1.865
2026-09-09T10:12Z,2941,g95e5p,1.989
2026-09-09T10:12Z,2941,gB,1.679
2026-09-09T10:12Z,2945,g95e5,1.969
2026-09-09T10:12Z,2945,gA,1.869
2026-09-09T10:12Z,2945,gP,1.974
2026-09-09T10:12Z,2953,gA,1.879
2026-09-09T10:12Z,2953,gP,1.964
2026-09-09T10:12Z,2955,g95e5,1.939
2026-09-09T10:12Z,2955,gA,1.959
2026-09-09T10:12Z,2955,gP,2.024
2026-09-09T10:12Z,2955,g95e5p,1.989
2026-09-09T10:12Z,2975,g95e5,1.929
2026-09-09T10:12Z,2975,g95e5p,1.989
2026-09-09T10:12Z,2977,gA,1.939
2026-09-09T10:12Z,2977,gP,2.029
2026-09-09T10:12Z,2981,g95e5,1.939
2026-09-09T10:12Z,2981,gA,1.909
2026-09-09T10:12Z,2981,gP,1.999
2026-09-09T10:12Z,2981,g95e5p,2.009
2026-09-09T10:12Z,2984,g95e5,1.719
2026-09-09T10:12Z,2984,gA,1.699
2026-09-09T10:12Z,2984,gP,1.729
2026-09-09T10:12Z,2999,g95e5,1.759
2026-09-09T10:12Z,2999,gA,1.759
2026-09-09T10:12Z,2999,g98e5,1.859
2026-09-09T10:12Z,3006,g95e5,1.729
2026-09-09T10:12Z,3006,g98e5,1.829
2026-09-09T10:12Z,3010,g95e5,1.919
2026-09-09T10:12Z,3010,gA,1.919
2026-09-09T10:12Z,3017,g95e5,1.949
2026-09-09T10:12Z,3017,g95e5p,1.989
2026-09-09T10:12Z,3023,g95e5,1.819
2026-09-09T10:12Z,3023,bio,1.699
2026-09-09T10:12Z,3026,g95e5,1.699
2026-09-09T10:12Z,3026,bio,1.639
2026-09-09T10:12Z,3034,gA,1.889
2026-09-09T10:12Z,3034,gP,1.954
2026-09-09T10:12Z,3042,gA,1.929
2026-09-09T10:12Z,3042,gP,2.014
2026-09-09T10:12Z,3058,g95e5,1.909
2026-09-09T10:12Z,3058,gA,1.849
2026-09-09T10:12Z,3058,gP,1.889
2026-09-09T10:12Z,3058,g98e5,2.049
2026-09-09T10:12Z,3059,g95e5,1.669
2026-09-09T10:12Z,3059,gA,1.669
2026-09-09T10:12Z,3059,gP,1.709
2026-09-09T10:12Z,3059,g98e5,2.029
2026-09-09T10:12Z,3081,gA,1.869
2026-09-09T10:12Z,3081,gP,1.909
2026-09-09T10:12Z,3082,g95e5,1.899
2026-09-09T10:12Z,3082,gA,1.869
2026-09-09T10:12Z,3082,gP,1.909
2026-09-09T10:12Z,3083,g95e5,1.879
2026-09-09T10:12Z,3083,gA,1.869
2026-09-09T10:12Z,3083,gP,1.909
2026-09-09T10:12Z,3083,g98e5,2.039
2026-09-09T10:12Z,3084,g95e5,1.899
2026-09-09T10:12Z,3084,g98e5,2.029
2026-09-09T10:12Z,3085,g95e5,1.879
2026-09-09T10:12Z,3085,gA,1.869
2026-09-09T10:12Z,3085,gP,1.909
2026-09-09T10:12Z,3085,g98e5,2.039
2026-09-09T10:12Z,3097,g95e5,1.709
2026-09-09T10:12Z,3097,gA,1.707
2026-09-09T10:12Z,3109,g95e5,1.945
2026-09-09T10:12Z,3111,g95e5,1.819
2026-09-09T10:12Z,3111,gA,1.799
2026-09-09T10:12Z,3111,gP,1.799
2026-09-09T10:12Z,3113,g95e5,1.969
2026-09-09T10:12Z,3113,gA,1.919
2026-09-09T10:12Z,3113,g98e5,2.069
2026-09-09T10:12Z,3113,gB,1.759
2026-09-09T10:12Z,3114,g95e5,1.969
2026-09-09T10:12Z,3114,gA,1.919
2026-09-09T10:12Z,3114,g98e5,2.069
2026-09-09T10:12Z,3115,g95e5,1.969
2026-09-09T10:12Z,3115,gA,1.949
2026-09-09T10:12Z,3115,gP,2.034
2026-09-09T10:12Z,3115,g95e5p,2.019
2026-09-09T10:12Z,3116,g95e5,1.969
2026-09-09T10:12Z,3116,gA,1.949
2026-09-09T10:12Z,3116,gP,2.034
2026-09-09T10:12Z,3116,g95e5p,2.019
2026-09-09T10:12Z,3125,g95e5,1.995
2026-09-09T10:12Z,3125,gA,1.929
2026-09-09T10:12Z,3125,g98e5,2.095
2026-09-09T10:12Z,3131,g95e5,1.959
2026-09-09T10:12Z,3131,gA,1.919
2026-09-09T10:12Z,3131,gP,1.989
2026-09-09T10:12Z,3131,g98e5,2.079
2026-09-09T10:12Z,3131,g95e5p,2.029
2026-09-09T10:12Z,3133,g95e5,1.959
2026-09-09T10:12Z,3135,g95e5,1.829
2026-09-09T10:12Z,3135,gA,1.795
2026-09-09T10:12Z,3135,gP,1.795
2026-09-09T10:12Z,3137,g95e5,1.979
2026-09-09T10:12Z,3137,gA,1.939
2026-09-09T10:12Z,3137,gP,2.034
2026-09-09T10:12Z,3138,g95e5,1.939
2026-09-09T10:12Z,3138,gA,1.919
2026-09-09T10:12Z,3138,gP,2.024
2026-09-09T10:12Z,3138,g95e5p,2.009
2026-09-09T10:12Z,3139,g95e5,1.969
2026-09-09T10:12Z,3139,g95e5p,2.039
2026-09-09T10:12Z,3140,g95e5,1.959
2026-09-09T10:12Z,3140,gA,1.909
2026-09-09T10:12Z,3140,gP,2.004
2026-09-09T10:12Z,3140,g95e5p,1.999
2026-09-09T10:12Z,3148,g95e5,1.949
2026-09-09T10:12Z,3148,gA,1.909
2026-09-09T10:12Z,3148,gP,2.009
2026-09-09T10:12Z,3148,gB,1.799
2026-09-09T10:12Z,3153,g95e5,1.639
2026-09-09T10:12Z,3153,g95e5p,1.659
2026-09-09T10:12Z,3155,g95e5,1.939
2026-09-09T10:12Z,3155,gA,1.929
2026-09-09T10:12Z,3156,gA,1.889
2026-09-09T10:12Z,3156,gP,1.989
2026-09-09T10:12Z,3160,gA,1.895
2026-09-09T10:12Z,3161,gA,1.885
2026-09-09T10:12Z,3163,gA,1.925
2026-09-09T10:12Z,3165,g95e5,1.977
2026-09-09T10:12Z,3165,gA,1.901
2026-09-09T10:12Z,3165,gP,1.999
2026-09-09T10:12Z,3165,g98e5,2.109
2026-09-09T10:12Z,3165,g95e5p,2.065
2026-09-09T10:12Z,3167,g95e5,1.959
2026-09-09T10:12Z,3167,gA,1.879
2026-09-09T10:12Z,3168,g95e5,1.935
2026-09-09T10:12Z,3168,gA,1.895
2026-09-09T10:12Z,3171,g95e5,1.959
2026-09-09T10:12Z,3171,gA,1.919
2026-09-09T10:12Z,3171,gP,2.034
2026-09-09T10:12Z,3171,g95e5p,2.039
2026-09-09T10:12Z,3175,g95e5,1.929
2026-09-09T10:12Z,3181,gA,1.919
2026-09-09T10:12Z,3181,gP,1.989
2026-09-09T10:12Z,3181,gB,1.669
2026-09-09T10:12Z,3182,g95e5,1.975
2026-09-09T10:12Z,3183,g95e5,1.975
2026-09-09T10:12Z,3183,gA,1.885
2026-09-09T10:12Z,3185,g95e5,1.955
2026-09-09T10:12Z,3185,gA,1.935
2026-09-09T10:12Z,3192,gA,1.885
2026-09-09T10:12Z,3196,g95e5,1.949
2026-09-09T10:12Z,3196,gA,1.909
2026-09-09T10:12Z,3196,gP,1.949
2026-09-09T10:12Z,3199,gA,1.869
2026-09-09T10:12Z,3205,g95e5,2.009
2026-09-09T10:12Z,3211,g95e5,1.939
2026-09-09T10:12Z,3211,gA,1.899
2026-09-09T10:12Z,3211,gP,1.959
2026-09-09T10:12Z,3211,g98e5,2.049
2026-09-09T10:12Z,3211,gB,1.759
2026-09-09T10:12Z,3212,g95e5,1.969
2026-09-09T10:12Z,3228,g95e5,1.945
2026-09-09T10:12Z,3228,gA,1.869
2026-09-09T10:12Z,3228,gP,1.969
2026-09-09T10:12Z,3228,g98e5,2.075
2026-09-09T10:12Z,3230,gA,1.889
2026-09-09T10:12Z,3230,gP,1.974
2026-09-09T10:12Z,3235,g95e5,1.969
2026-09-09T10:12Z,3235,gA,1.855
2026-09-09T10:12Z,3238,g95e5,1.969
2026-09-09T10:12Z,3238,gA,1.865
2026-09-09T10:12Z,3249,g95e5,1.939
2026-09-09T10:12Z,3249,gP,1.949
2026-09-09T10:12Z,3255,g95e5,1.969
2026-09-09T10:12Z,3255,gA,1.905
2026-09-09T10:12Z,3260,g95e5,1.959
2026-09-09T10:12Z,3260,gA,1.849
2026-09-09T10:12Z,3262,g95e5,1.969
2026-09-09T10:12Z,3269,g95e5,1.955
2026-09-09T10:12Z,3269,gA,1.879
2026-09-09T10:12Z,3283,g95e5,1.959
2026-09-09T10:12Z,3283,gA,1.845
2026-09-09T10:12Z,3283,gP,1.945
2026-09-09T10:12Z,3283,g98e5,2.089
2026-09-09T10:12Z,3290,g95e5,1.979
2026-09-09T10:12Z,3290,gA,1.899
2026-09-09T10:12Z,3292,g95e5,1.949
2026-09-09T10:12Z,3293,g95e5,1.929
2026-09-09T10:12Z,3296,g95e5,1.989
2026-09-09T10:12Z,3296,gA,1.909
2026-09-09T10:12Z,3296,g98e5,2.089
2026-09-09T10:12Z,3298,g95e5,1.935
2026-09-09T10:12Z,3310,g95e5,1.949
2026-09-09T10:12Z,3317,g95e5,1.979
2026-09-09T10:12Z,3317,gA,1.899
2026-09-09T10:12Z,3319,gA,1.885
2026-09-09T10:12Z,3322,g95e5,1.945
2026-09-09T10:12Z,3322,gA,1.869
2026-09-09T10:12Z,3322,gP,1.969
2026-09-09T10:12Z,3322,g98e5,2.075
2026-09-09T10:12Z,3335,g95e5,1.949
2026-09-09T10:12Z,3335,gA,1.879
2026-09-09T10:12Z,3339,g95e5,1.949
2026-09-09T10:12Z,3349,gA,1.879
2026-09-09T10:12Z,3349,gP,1.964
2026-09-09T10:12Z,3360,g95e5,1.955
2026-09-09T10:12Z,3360,gA,1.885
2026-09-09T10:12Z,3364,g95e5,1.979
2026-09-09T10:12Z,3364,gA,1.879
2026-09-09T10:12Z,3364,gP,1.964
2026-09-09T10:12Z,3364,g95e5p,2.039
2026-09-09T10:12Z,3370,g95e5,1.749
2026-09-09T10:12Z,3370,gA,1.739
2026-09-09T10:12Z,3370,g98e5,1.849
2026-09-09T10:12Z,3373,g95e5,1.839
2026-09-09T10:12Z,3373,gA,1.799
2026-09-09T10:12Z,3373,gP,1.839
2026-09-09T10:12Z,3373,bio,1.739
2026-09-09T10:12Z,3376,g95e5,1.959
2026-09-09T10:12Z,3376,gA,1.909
2026-09-09T10:12Z,3376,gP,1.984
2026-09-09T10:12Z,3376,g95e5p,2.009
2026-09-09T10:12Z,3377,gA,1.889
2026-09-09T10:12Z,3377,gP,1.964
2026-09-09T10:12Z,3379,g95e5,1.949
2026-09-09T10:12Z,3379,gA,1.919
2026-09-09T10:12Z,3379,gP,2.019
2026-09-09T10:12Z,3379,g98e5,2.079
2026-09-09T10:12Z,3380,g95e5,1.949
2026-09-09T10:12Z,3380,gA,1.919
2026-09-09T10:12Z,3380,gP,2.019
2026-09-09T10:12Z,3380,g98e5,2.079
2026-09-09T10:12Z,3388,g95e5,1.969
2026-09-09T10:12Z,3388,gA,1.919
2026-09-09T10:12Z,3388,gP,2.019
2026-09-09T10:12Z,3388,g98e5,2.099
2026-09-09T10:12Z,3389,g95e5,1.969
2026-09-09T10:12Z,3389,gA,1.919
2026-09-09T10:12Z,3389,gP,2.019
2026-09-09T10:12Z,3389,g98e5,2.099
2026-09-09T10:12Z,3391,g95e5,1.949
2026-09-09T10:12Z,3391,gA,1.909
2026-09-09T10:12Z,3391,gP,1.994
2026-09-09T10:12Z,3391,g95e5p,2.019
2026-09-09T10:12Z,3402,g95e5,1.949
2026-09-09T10:12Z,3406,g95e5,1.959
2026-09-09T10:12Z,3406,gA,1.869
2026-09-09T10:12Z,3406,gP,1.959
2026-09-09T10:12Z,3406,gB,1.759
2026-09-09T10:12Z,3410,g95e5,1.969
2026-09-09T10:12Z,3410,gA,1.869
2026-09-09T10:12Z,3410,gP,1.974
2026-09-09T10:12Z,3410,g95e5p,2.049
2026-09-09T10:12Z,3412,gA,1.879
2026-09-09T10:12Z,3412,gP,1.974
2026-09-09T10:12Z,3414,g95e5,1.959
2026-09-09T10:12Z,3414,gA,1.879
2026-09-09T10:12Z,3414,gP,1.974
2026-09-09T10:12Z,3414,g95e5p,2.009
2026-09-09T10:12Z,3416,g95e5,1.909
2026-09-09T10:12Z,3416,gA,1.819
2026-09-09T10:12Z,3416,gP,1.869
2026-09-09T10:12Z,3416,gB,1.779
2026-09-09T10:12Z,3417,g95e5,1.939
2026-09-09T10:12Z,3417,gA,1.869
2026-09-09T10:12Z,3417,gP,1.964
2026-09-09T10:12Z,3417,g95e5p,1.979
2026-09-09T10:12Z,3418,g95e5,1.969
2026-09-09T10:12Z,3418,gA,1.869
2026-09-09T10:12Z,3418,gP,1.964
2026-09-09T10:12Z,3419,g95e5,1.969
2026-09-09T10:12Z,3419,gA,1.869
2026-09-09T10:12Z,3419,gP,1.964
2026-09-09T10:12Z,3427,g95e5,1.959
2026-09-09T10:12Z,3427,gA,1.879
2026-09-09T10:12Z,3427,gP,1.974
2026-09-09T10:12Z,3427,g98e5,2.059
2026-09-09T10:12Z,3428,g95e5,1.959
2026-09-09T10:12Z,3428,gA,1.889
2026-09-09T10:12Z,3428,gP,1.964
2026-09-09T10:12Z,3428,g95e5p,1.999
2026-09-09T10:12Z,3438,gA,1.873
2026-09-09T10:12Z,3438,gP,1.978
2026-09-09T10:12Z,3444,g95e5,1.949
2026-09-09T10:12Z,3444,gA,1.899
2026-09-09T10:12Z,3444,gP,1.999
2026-09-09T10:12Z,3444,g98e5,2.079
2026-09-09T10:12Z,3456,g95e5,1.959
2026-09-09T10:12Z,3456,gA,1.879
2026-09-09T10:12Z,3456,gP,1.984
2026-09-09T10:12Z,3456,g95e5p,2.009
2026-09-09T10:12Z,3457,g95e5,1.965
2026-09-09T10:12Z,3457,gA,1.855
2026-09-09T10:12Z,3460,g95e5,1.979
2026-09-09T10:12Z,3460,gA,1.859
2026-09-09T10:12Z,3460,g98e5,2.089
2026-09-09T10:12Z,3460,gB,1.789
2026-09-09T10:12Z,3462,g95e5,1.939
2026-09-09T10:12Z,3462,gA,1.929
2026-09-09T10:12Z,3464,gA,1.905
2026-09-09T10:12Z,3472,g95e5,1.995
2026-09-09T10:12Z,3472,gA,1.859
2026-09-09T10:12Z,3474,gA,1.865
2026-09-09T10:12Z,3475,g95e5,1.985
2026-09-09T10:12Z,3475,gA,1.875
2026-09-09T10:12Z,3478,g95e5,1.949
2026-09-09T10:12Z,3481,g95e5,1.945
2026-09-09T10:12Z,3481,gA,1.849
2026-09-09T10:12Z,3497,g95e5,1.909
2026-09-09T10:12Z,3497,gA,1.929
2026-09-09T10:12Z,3497,gP,1.989
2026-09-09T10:12Z,3497,gB,1.719
2026-09-09T10:12Z,3505,g95e5,1.899
2026-09-09T10:12Z,3505,gA,1.889
2026-09-09T10:12Z,3505,gP,1.964
2026-09-09T10:12Z,3505,g95e5p,1.979
2026-09-09T10:12Z,3506,g95e5,1.919
2026-09-09T10:12Z,3506,gA,1.919
2026-09-09T10:12Z,3506,gP,1.994
2026-09-09T10:12Z,3512,g95e5,1.949
2026-09-09T10:12Z,3512,gA,1.859
2026-09-09T10:12Z,3518,g95e5,1.979
2026-09-09T10:12Z,3518,gA,1.859
2026-09-09T10:12Z,3518,g98e5,2.089
2026-09-09T10:12Z,3524,g95e5,1.945
2026-09-09T10:12Z,3524,gA,1.855
2026-09-09T10:12Z,3534,g95e5,1.929
2026-09-09T10:12Z,3541,g95e5,1.999
2026-09-09T10:12Z,3541,gA,1.895
2026-09-09T10:12Z,3544,gA,1.863
2026-09-09T10:12Z,3544,gP,1.969
2026-09-09T10:12Z,3544,g98e5,2.059
2026-09-09T10:12Z,3544,g95e5p,1.999
2026-09-09T10:12Z,3557,g95e5,1.999
2026-09-09T10:12Z,3557,gA,1.849
2026-09-09T10:12Z,3571,g95e5,1.959
2026-09-09T10:12Z,3571,gA,1.869
2026-09-09T10:12Z,3571,g98e5,2.069
2026-09-09T10:12Z,3574,g95e5,1.969
2026-09-09T10:12Z,3574,g98e5,1.999
2026-09-09T10:12Z,3581,g95e5,1.945
2026-09-09T10:12Z,3581,gA,1.849
2026-09-09T10:12Z,3612,g95e5,1.949
2026-09-09T10:12Z,3615,g95e5,1.937
2026-09-09T10:12Z,3615,gA,1.865
2026-09-09T10:12Z,3615,gP,1.933
2026-09-09T10:12Z,3615,g98e5,2.097
2026-09-09T10:12Z,3616,g95e5,1.959
2026-09-09T10:12Z,3629,g95e5,1.929
2026-09-09T10:12Z,3629,gA,1.939
2026-09-09T10:12Z,3629,gP,2.014
2026-09-09T10:12Z,3629,g95e5p,2.019
2026-09-09T10:12Z,3642,g95e5,1.949
2026-09-09T10:12Z,3642,gA,1.869
2026-09-09T10:12Z,3642,gP,1.974
2026-09-09T10:12Z,3642,gB,1.753
2026-09-09T10:12Z,3645,g95e5,1.813
2026-09-09T10:12Z,3645,gA,1.848
2026-09-09T10:12Z,3651,g95e5,1.945
2026-09-09T10:12Z,3652,g95e5,1.909
2026-09-09T10:12Z,3652,gA,1.879
2026-09-09T10:12Z,3652,gP,1.984
2026-09-09T10:12Z,3652,g95e5p,1.989
2026-09-09T10:12Z,3657,g95e5,1.989
2026-09-09T10:12Z,3657,gA,1.859
2026-09-09T10:12Z,3657,g98e5,2.109
2026-09-09T10:12Z,3680,g95e5,1.985
2026-09-09T10:12Z,3680,gA,1.879
2026-09-09T10:12Z,3681,g95e5,1.995
2026-09-09T10:12Z,3681,gA,1.859
2026-09-09T10:12Z,3682,g95e5,1.985
2026-09-09T10:12Z,3682,gA,1.859
2026-09-09T10:12Z,3685,g95e5,1.949
2026-09-09T10:12Z,3685,gA,1.865
2026-09-09T10:12Z,3688,g95e5,1.979
2026-09-09T10:12Z,3688,gA,1.895
2026-09-09T10:12Z,3690,g95e5,1.969
2026-09-09T10:12Z,3690,gA,1.865
2026-09-09T10:12Z,3694,g95e5,2.005
2026-09-09T10:12Z,3697,g95e5,1.979
2026-09-09T10:12Z,3697,gA,1.889
2026-09-09T10:12Z,3700,gA,1.849
2026-09-09T10:12Z,3701,g95e5,1.955
2026-09-09T10:12Z,3701,gA,1.865
2026-09-09T10:12Z,3703,g95e5,1.939
2026-09-09T10:12Z,3703,gA,1.879
2026-09-09T10:12Z,3703,gP,1.974
2026-09-09T10:12Z,3703,g98e5,2.049
2026-09-09T10:12Z,3712,g95e5,1.929
2026-09-09T10:12Z,3712,gA,1.839
2026-09-09T10:12Z,3712,gP,1.929
2026-09-09T10:12Z,3712,g98e5,2.079
2026-09-09T10:12Z,3717,g95e5,1.959
2026-09-09T10:12Z,3717,gA,1.859
2026-09-09T10:12Z,3717,gP,1.944
2026-09-09T10:12Z,3717,g95e5p,1.999
2026-09-09T10:12Z,3727,g95e5,1.939
2026-09-09T10:12Z,3727,gA,1.869
2026-09-09T10:12Z,3727,gP,1.959
2026-09-09T10:12Z,3727,g98e5,2.089
2026-09-09T10:12Z,3729,g95e5,1.939
2026-09-09T10:12Z,3729,gA,1.869
2026-09-09T10:12Z,3729,gP,1.959
2026-09-09T10:12Z,3729,g98e5,2.089
2026-09-09T10:12Z,3731,g95e5,1.829
2026-09-09T10:12Z,3731,bio,1.749
2026-09-09T10:12Z,3736,gA,1.909
2026-09-09T10:12Z,3736,gP,1.974
2026-09-09T10:12Z,3737,g95e5,1.969
2026-09-09T10:12Z,3737,g98e5,2.079
2026-09-09T10:12Z,3744,g95e5,1.959
2026-09-09T10:12Z,3744,g95e5p,1.999
2026-09-09T10:12Z,3745,g95e5,1.909
2026-09-09T10:12Z,3745,g95e5p,1.979
2026-09-09T10:12Z,3746,g95e5,1.969
2026-09-09T10:12Z,3746,g98e5,2.079
2026-09-09T10:12Z,3749,g95e5,1.939
2026-09-09T10:12Z,3749,gA,1.869
2026-09-09T10:12Z,3749,gP,1.959
2026-09-09T10:12Z,3749,g98e5,2.089
2026-09-09T10:12Z,3758,g95e5,1.889
2026-09-09T10:12Z,3762,gA,1.859
2026-09-09T10:12Z,3762,gP,1.949
2026-09-09T10:12Z,3763,gA,1.899
2026-09-09T10:12Z,3767,g95e5,1.980
2026-09-09T10:12Z,3767,gA,1.869
2026-09-09T10:12Z,3767,g98e5,2.103
2026-09-09T10:12Z,3770,g95e5,1.945
2026-09-09T10:12Z,3770,gA,1.835
2026-09-09T10:12Z,3771,g95e5,1.839
2026-09-09T10:12Z,3771,gA,1.789
2026-09-09T10:12Z,3771,gP,1.829
2026-09-09T10:12Z,3771,g98e5,2.079
2026-09-09T10:12Z,3772,g95e5,1.879
2026-09-09T10:12Z,3772,gA,1.819
2026-09-09T10:12Z,3772,gP,1.859
2026-09-09T10:12Z,3772,g98e5,2.069
2026-09-09T10:12Z,3773,g95e5,1.919
2026-09-09T10:12Z,3773,gA,1.859
2026-09-09T10:12Z,3773,gP,1.899
2026-09-09T10:12Z,3773,g98e5,2.109
2026-09-09T10:12Z,3774,gA,1.799
2026-09-09T10:12Z,3774,gP,1.839
2026-09-09T10:12Z,3775,gA,1.839
2026-09-09T10:12Z,3775,gP,1.879
2026-09-09T10:12Z,3775,g98e5,2.029
2026-09-09T10:12Z,3780,g95e5,1.879
2026-09-09T10:12Z,3780,gA,1.819
2026-09-09T10:12Z,3780,gP,1.859
2026-09-09T10:12Z,3781,g95e5,1.679
2026-09-09T10:12Z,3781,gA,1.629
2026-09-09T10:12Z,3781,gP,1.729
2026-09-09T10:12Z,3796,gA,1.839
2026-09-09T10:12Z,3806,gA,1.889
2026-09-09T10:12Z,3810,g95e5,1.729
2026-09-09T10:12Z,3810,gA,1.715
2026-09-09T10:12Z,3810,gP,1.829
2026-09-09T10:12Z,3810,g98e5,1.869
2026-09-09T10:12Z,3823,gA,1.839
2026-09-09T10:12Z,3825,g95e5,1.699
2026-09-09T10:12Z,3825,gA,1.719
2026-09-09T10:12Z,3832,g95e5,1.999
2026-09-09T10:12Z,3839,g95e5,2.005
2026-09-09T10:12Z,3839,gA,1.895
2026-09-09T10:12Z,3840,gA,1.909
2026-09-09T10:12Z,3842,g95e5,1.959
2026-09-09T10:12Z,3842,gA,1.899
2026-09-09T10:12Z,3842,gP,2.024
2026-09-09T10:12Z,3842,g98e5,2.119
2026-09-09T10:12Z,3847,gA,1.829
2026-09-09T10:12Z,3862,gA,1.885
2026-09-09T10:12Z,3881,g95e5,1.979
2026-09-09T10:12Z,3881,g95e5p,2.019
2026-09-09T10:12Z,3891,g95e5,1.949
2026-09-09T10:12Z,3891,gA,1.899
2026-09-09T10:12Z,3891,gP,1.984
2026-09-09T10:12Z,3891,g95e5p,1.989
2026-09-09T10:12Z,3892,g95e5,1.949
2026-09-09T10:12Z,3892,gA,1.899
2026-09-09T10:12Z,3892,gP,1.984
2026-09-09T10:12Z,3892,g95e5p,1.989
2026-09-09T10:12Z,3893,g95e5,1.959
2026-09-09T10:12Z,3893,gA,1.899
2026-09-09T10:12Z,3893,gP,2.024
2026-09-09T10:12Z,3893,g98e5,2.119
2026-09-09T10:12Z,3899,gA,1.859
2026-09-09T10:12Z,3902,gA,1.849
2026-09-09T10:12Z,3909,g95e5,1.989
2026-09-09T10:12Z,3909,gA,1.895
2026-09-09T10:12Z,3909,g98e5,2.149
2026-09-09T10:12Z,3910,g95e5,1.989
2026-09-09T10:12Z,3910,gA,1.895
2026-09-09T10:12Z,3910,g98e5,2.149
2026-09-09T10:12Z,3910,gB,1.710
2026-09-09T10:12Z,3911,g95e5,1.949
2026-09-09T10:12Z,3911,gA,1.879
2026-09-09T10:12Z,3911,gP,1.954
2026-09-09T10:12Z,3911,g98e5,2.029
2026-09-09T10:12Z,3917,g98e5,2.089
2026-09-09T10:12Z,3927,g95e5,1.979
2026-09-09T10:12Z,3927,gA,1.899
2026-09-09T10:12Z,3927,gP,1.984
2026-09-09T10:12Z,3927,g98e5,2.059
2026-09-09T10:12Z,3927,gB,1.818
2026-09-09T10:12Z,3949,g95e5,1.995
2026-09-09T10:12Z,3949,gA,1.895
2026-09-09T10:12Z,3949,gP,1.945
2026-09-09T10:12Z,3949,g98e5,2.155
2026-09-09T10:12Z,3958,g95e5,2.005
2026-09-09T10:12Z,3958,gA,1.835
2026-09-09T10:12Z,3965,gA,1.739
2026-09-09T10:12Z,3984,g95e5,1.957
2026-09-09T10:12Z,3984,gA,1.866
2026-09-09T10:12Z,3984,g98e5,2.117
2026-09-09T10:12Z,3984,g95e5p,1.997
2026-09-09T10:12Z,3993,gA,1.874
2026-09-09T10:12Z,3993,gP,1.964
2026-09-09T10:12Z,3995,g95e5,1.839
2026-09-09T10:12Z,3995,gA,1.839
2026-09-09T10:12Z,3995,gP,1.919
2026-09-09T10:12Z,4000,g95e5,1.699
2026-09-09T10:12Z,4002,g95e5,1.659
2026-09-09T10:12Z,4002,gA,1.659
2026-09-09T10:12Z,4017,gA,1.739
2026-09-09T10:12Z,4027,g95e5,1.919
2026-09-09T10:12Z,4027,gA,1.839
2026-09-09T10:12Z,4027,gB,1.669
2026-09-09T10:12Z,4028,g95e5,1.739
2026-09-09T10:12Z,4028,gA,1.719
2026-09-09T10:12Z,4028,gP,1.749
2026-09-09T10:12Z,4032,g95e5,1.979
2026-09-09T10:12Z,4032,gA,1.859
2026-09-09T10:12Z,4042,g95e5,1.959
2026-09-09T10:12Z,4042,gA,1.869
2026-09-09T10:12Z,4042,g98e5,2.119
2026-09-09T10:12Z,4059,g95e5,2.019
2026-09-09T10:12Z,4059,gA,1.929
2026-09-09T10:12Z,4059,gP,1.989
2026-09-09T10:12Z,4059,g98e5,2.179
2026-09-09T10:12Z,4066,g95e5,1.959
2026-09-09T10:12Z,4066,gA,1.899
2026-09-09T10:12Z,4066,gP,2.024
2026-09-09T10:12Z,4066,g98e5,2.119
2026-09-09T10:12Z,4067,g95e5,1.919
2026-09-09T10:12Z,4067,gA,1.829
2026-09-09T10:12Z,4067,g98e5,2.049
2026-09-09T10:12Z,4077,g95e5,1.948
2026-09-09T10:12Z,4077,gA,1.889
2026-09-09T10:12Z,4077,gP,1.939
2026-09-09T10:12Z,4077,gB,1.764
2026-09-09T10:12Z,4079,g95e5,1.969
2026-09-09T10:12Z,4079,gA,1.875
2026-09-09T10:12Z,4088,gA,1.845
2026-09-09T10:12Z,4093,g95e5,1.995
2026-09-09T10:12Z,4093,gA,1.875
2026-09-09T10:12Z,4094,g95e5,1.999
2026-09-09T10:12Z,4095,g95e5,2.005
2026-09-09T10:12Z,4095,gA,1.895
2026-09-09T10:12Z,4096,g95e5,1.935
2026-09-09T10:12Z,4096,gA,1.865
2026-09-09T10:12Z,4097,g95e5,1.935
2026-09-09T10:12Z,4116,g95e5,1.769
2026-09-09T10:12Z,4116,gA,1.769
2026-09-09T10:12Z,4116,g98e5,1.869
2026-09-09T10:12Z,4118,g95e5,1.979
2026-09-09T10:12Z,4118,gA,1.885
2026-09-09T10:12Z,4127,gA,1.879
2026-09-09T10:12Z,4131,g95e5,1.665
2026-09-09T10:12Z,4131,gP,1.699
2026-09-09T10:12Z,4151,gA,1.839
2026-09-09T10:12Z,4151,gP,1.879
2026-09-09T10:12Z,4151,g98e5,2.019
2026-09-09T10:12Z,4153,g95e5,1.859
2026-09-09T10:12Z,4153,gA,1.819
2026-09-09T10:12Z,4153,gP,1.859
2026-09-09T10:12Z,4153,g98e5,2.019
2026-09-09T10:12Z,4159,g95e5,1.919
2026-09-09T10:12Z,4159,gA,1.875
2026-09-09T10:12Z,4159,g95e5p,1.989
2026-09-09T10:12Z,4163,g95e5,1.929
2026-09-09T10:12Z,4163,gA,1.889
2026-09-09T10:12Z,4163,gP,2.009
2026-09-09T10:12Z,4163,g98e5,2.049
2026-09-09T10:12Z,4166,g95e5,1.955
2026-09-09T10:12Z,4173,g95e5,1.969
2026-09-09T10:12Z,4173,gA,1.899
2026-09-09T10:12Z,4173,g98e5,2.099
2026-09-09T10:12Z,4188,g95e5,1.929
2026-09-09T10:12Z,4188,gA,1.889
2026-09-09T10:12Z,4188,gP,2.009
2026-09-09T10:12Z,4188,g98e5,2.049
2026-09-09T10:12Z,4190,g95e5,1.859
2026-09-09T10:12Z,4190,gA,1.819
2026-09-09T10:12Z,4190,gP,1.859
2026-09-09T10:12Z,4193,gA,1.909
2026-09-09T10:12Z,4193,gP,1.994
2026-09-09T10:12Z,4201,gA,1.759
2026-09-09T10:12Z,4205,gA,1.905
2026-09-09T10:12Z,4211,g95e5,1.899
2026-09-09T10:12Z,4214,g95e5,1.959
2026-09-09T10:12Z,4215,g95e5,1.927
2026-09-09T10:12Z,4215,gA,1.887
2026-09-09T10:12Z,4215,gP,2.019
2026-09-09T10:12Z,4215,g98e5,2.059
2026-09-09T10:12Z,4223,g95e5,1.959
2026-09-09T10:12Z,4223,gA,1.919
2026-09-09T10:12Z,4225,g95e5,1.895
2026-09-09T10:12Z,4236,g95e5,1.909
2026-09-09T10:12Z,4236,gA,1.859
2026-09-09T10:12Z,4236,g95e5p,1.969
2026-09-09T10:12Z,4243,g95e5,1.919
2026-09-09T10:12Z,4243,gA,1.869
2026-09-09T10:12Z,4243,gP,1.984
2026-09-09T10:12Z,4243,g95e5p,2.009
2026-09-09T10:12Z,4246,g95e5,1.929
2026-09-09T10:12Z,4246,gA,1.879
2026-09-09T10:12Z,4246,gP,1.984
2026-09-09T10:12Z,4246,g95e5p,1.999
2026-09-09T10:12Z,4247,g95e5,1.939
2026-09-09T10:12Z,4247,gA,1.889
2026-09-09T10:12Z,4247,gP,2.014
2026-09-09T10:12Z,4247,g95e5p,1.999
2026-09-09T10:12Z,4248,g95e5,1.939
2026-09-09T10:12Z,4248,gA,1.889
2026-09-09T10:12Z,4248,gP,2.014
2026-09-09T10:12Z,4248,g95e5p,1.999
2026-09-09T10:12Z,4254,g95e5,1.929
2026-09-09T10:12Z,4254,gA,1.889
2026-09-09T10:12Z,4254,gP,2.009
2026-09-09T10:12Z,4254,g98e5,2.049
2026-09-09T10:12Z,4258,g95e5,1.959
2026-09-09T10:12Z,4258,gA,1.919
2026-09-09T10:12Z,4264,g95e5,1.919
2026-09-09T10:12Z,4264,g95e5p,1.979
2026-09-09T10:12Z,4265,g95e5,1.919
2026-09-09T10:12Z,4265,g95e5p,1.979
2026-09-09T10:12Z,4273,g95e5,1.939
2026-09-09T10:12Z,4273,gA,1.879
2026-09-09T10:12Z,4273,gP,1.984
2026-09-09T10:12Z,4273,g95e5p,1.999
2026-09-09T10:12Z,4278,g95e5,1.899
2026-09-09T10:12Z,4278,gA,1.899
2026-09-09T10:12Z,4278,gP,1.984
2026-09-09T10:12Z,4278,g95e5p,1.949
2026-09-09T10:12Z,4283,g95e5,1.899
2026-09-09T10:12Z,4283,gA,1.849
2026-09-09T10:12Z,4283,gP,1.964
2026-09-09T10:12Z,4283,g95e5p,1.999
2026-09-09T10:12Z,4284,gA,1.905
2026-09-09T10:12Z,4287,g95e5,1.919
2026-09-09T10:12Z,4287,gA,1.875
2026-09-09T10:12Z,4287,g98e5,2.029
2026-09-09T10:12Z,4287,glp,1.145
2026-09-09T10:12Z,4289,g95e5,1.935
2026-09-09T10:12Z,4289,gA,1.869
2026-09-09T10:12Z,4290,g95e5,1.935
2026-09-09T10:12Z,4290,gA,1.869
2026-09-09T10:12Z,4303,g95e5,1.909
2026-09-09T10:12Z,4303,gA,1.899
2026-09-09T10:12Z,4303,gP,1.939
2026-09-09T10:12Z,4305,g95e5,1.929
2026-09-09T10:12Z,4305,gA,1.895
2026-09-09T10:12Z,4305,g98e5,2.039
2026-09-09T10:12Z,4312,gA,1.889
2026-09-09T10:12Z,4312,gP,2.004
2026-09-09T10:12Z,4319,gA,1.909
2026-09-09T10:12Z,4320,g95e5,1.969
2026-09-09T10:12Z,4322,g95e5,1.965
2026-09-09T10:12Z,4325,gA,1.909
2026-09-09T10:12Z,4325,gP,1.974
2026-09-09T10:12Z,4333,g95e5,1.935
2026-09-09T10:12Z,4337,gA,1.929
2026-09-09T10:12Z,4346,g95e5,1.929
2026-09-09T10:12Z,4346,gA,1.909
2026-09-09T10:12Z,4346,gP,2.034
2026-09-09T10:12Z,4346,g95e5p,1.969
2026-09-09T10:12Z,4349,g95e5,1.975
2026-09-09T10:12Z,4351,gA,1.915
2026-09-09T10:12Z,4353,g95e5,1.975
2026-09-09T10:12Z,4358,gA,1.905
2026-09-09T10:12Z,4360,g95e5,1.719
2026-09-09T10:12Z,4360,gA,1.697
2026-09-09T10:12Z,4360,gP,1.717
2026-09-09T10:12Z,4361,g95e5,1.719
2026-09-09T10:12Z,4361,gA,1.697
2026-09-09T10:12Z,4361,gP,1.717
2026-09-09T10:12Z,4362,g95e5,1.889
2026-09-09T10:12Z,4362,gA,1.864
2026-09-09T10:12Z,4362,gP,1.984
2026-09-09T10:12Z,4362,g95e5p,1.979
2026-09-09T10:12Z,4367,g95e5,1.979
2026-09-09T10:12Z,4367,gA,1.905
2026-09-09T10:12Z,4367,gP,1.975
2026-09-09T10:12Z,4367,g98e5,2.089
2026-09-09T10:12Z,4401,g95e5,1.969
2026-09-09T10:12Z,4401,gA,1.909
2026-09-09T10:12Z,4401,gP,1.959
2026-09-09T10:12Z,4409,gA,1.869
2026-09-09T10:12Z,4409,gP,1.919
2026-09-09T10:12Z,4423,g95e5,1.949
2026-09-09T10:12Z,4423,gA,1.945
2026-09-09T10:12Z,4423,gP,2.055
2026-09-09T10:12Z,4423,g98e5,2.089
2026-09-09T10:12Z,4427,g95e5,1.839
2026-09-09T10:12Z,4427,g98e5,1.989
2026-09-09T10:12Z,4429,g95e5,1.709
2026-09-09T10:12Z,4442,g95e5,1.869
2026-09-09T10:12Z,4442,g98e5,2.029
2026-09-09T10:12Z,4448,gA,1.915
2026-09-09T10:12Z,4457,g95e5,1.977
2026-09-09T10:12Z,4457,gA,1.887
2026-09-09T10:12Z,4458,g95e5,1.959
2026-09-09T10:12Z,4462,gA,1.925
2026-09-09T10:12Z,4467,gA,1.929
2026-09-09T10:12Z,4471,g95e5,1.939
2026-09-09T10:12Z,4471,g98e5,2.069
2026-09-09T10:12Z,4481,g95e5,1.959
2026-09-09T10:12Z,4481,gA,1.919
2026-09-09T10:12Z,4481,gP,2.024
2026-09-09T10:12Z,4481,g95e5p,2.019
2026-09-09T10:12Z,4484,gA,1.875
2026-09-09T10:12Z,4492,g95e5,1.969
2026-09-09T10:12Z,4492,gA,1.909
2026-09-09T10:12Z,4492,gP,2.024
2026-09-09T10:12Z,4516,g95e5,1.969
2026-09-09T10:12Z,4516,gA,1.929
2026-09-09T10:12Z,4516,gP,2.014
2026-09-09T10:12Z,4524,g95e5,1.929
2026-09-09T10:12Z,4528,g95e5,1.979
2026-09-09T10:12Z,4530,gA,1.932
2026-09-09T10:12Z,4534,g95e5,1.939
2026-09-09T10:12Z,4534,gA,1.919
2026-09-09T10:12Z,4534,gP,2.004
2026-09-09T10:12Z,4534,g95e5p,2.019
2026-09-09T10:12Z,4539,gA,1.909
2026-09-09T10:12Z,4539,gP,2.024
2026-09-09T10:12Z,4542,g95e5,1.929
2026-09-09T10:12Z,4542,gA,1.905
2026-09-09T10:12Z,4543,g95e5,1.989
2026-09-09T10:12Z,4543,gA,1.939
2026-09-09T10:12Z,4544,g95e5,1.955
2026-09-09T10:12Z,4545,gA,1.932
2026-09-09T10:12Z,4546,g95e5,1.945
2026-09-09T10:12Z,4555,g95e5,1.979
2026-09-09T10:12Z,4555,gA,1.889
2026-09-09T10:12Z,4555,gP,2.004
2026-09-09T10:12Z,4555,g95e5p,2.019
2026-09-09T10:12Z,4556,g95e5,1.909
2026-09-09T10:12Z,4556,gA,1.899
2026-09-09T10:12Z,4556,gP,2.004
2026-09-09T10:12Z,4568,g95e5,1.935
2026-09-09T10:12Z,4568,gA,1.935
2026-09-09T10:12Z,4569,g95e5,1.949
2026-09-09T10:12Z,4569,gA,1.929
2026-09-09T10:12Z,4569,gP,2.034
2026-09-09T10:12Z,4569,g95e5p,1.989
2026-09-09T10:12Z,4576,gA,1.915
2026-09-09T10:12Z,4577,g95e5,1.955
2026-09-09T10:12Z,4580,gA,1.915
2026-09-09T10:12Z,4584,g95e5,1.990
2026-09-09T10:12Z,4584,gA,1.920
2026-09-09T10:12Z,4584,gP,2.020
2026-09-09T10:12Z,4584,g98e5,2.160
2026-09-09T10:12Z,4585,g95e5,1.990
2026-09-09T10:12Z,4585,gA,1.920
2026-09-09T10:12Z,4585,gP,2.020
2026-09-09T10:12Z,4586,g95e5,1.965
2026-09-09T10:12Z,4588,g95e5,1.935
2026-09-09T10:12Z,4592,gA,1.899
2026-09-09T10:12Z,4592,gP,2.004
2026-09-09T10:12Z,4593,gA,1.909
2026-09-09T10:12Z,4593,gP,2.004
2026-09-09T10:12Z,4597,g95e5,1.929
2026-09-09T10:12Z,4597,gA,1.869
2026-09-09T10:12Z,4597,gP,1.984
2026-09-09T10:12Z,4597,g95e5p,1.989
2026-09-09T10:12Z,4598,gA,1.879
2026-09-09T10:12Z,4601,g95e5,1.929
2026-09-09T10:12Z,4601,gA,1.879
2026-09-09T10:12Z,4601,gP,2.004
2026-09-09T10:12Z,4601,g95e5p,2.019
2026-09-09T10:12Z,4603,g95e5,1.935
2026-09-09T10:12Z,4603,gA,1.885
2026-09-09T10:12Z,4605,gA,1.895
2026-09-09T10:12Z,4606,gA,1.889
2026-09-09T10:12Z,4607,g95e5,1.959
2026-09-09T10:12Z,4609,gA,1.925
2026-09-09T10:12Z,4619,g95e5,1.945
2026-09-09T10:12Z,4619,gA,1.915
2026-09-09T10:12Z,4620,gA,1.879
2026-09-09T10:12Z,4639,gA,1.919
2026-09-09T10:12Z,4640,gA,1.935
2026-09-09T10:12Z,4641,g95e5,1.955
2026-09-09T10:12Z,4641,gA,1.895
2026-09-09T10:12Z,4646,g95e5,1.959
2026-09-09T10:12Z,4646,g95e5p,2.049
2026-09-09T10:12Z,4649,g95e5,1.939
2026-09-09T10:12Z,4652,gA,1.889
2026-09-09T10:12Z,4652,gP,2.024
2026-09-09T10:12Z,4664,gA,1.919
2026-09-09T10:12Z,4664,gP,2.024
2026-09-09T10:12Z,4674,g95e5,1.889
2026-09-09T10:12Z,4674,gA,1.869
2026-09-09T10:12Z,4674,gP,1.954
2026-09-09T10:12Z,4674,g95e5p,1.969
2026-09-09T10:12Z,4678,g95e5,1.842
2026-09-09T10:12Z,4678,gA,1.783
2026-09-09T10:12Z,4678,gP,1.929
2026-09-09T10:12Z,4680,g95e5,1.969
2026-09-09T10:12Z,4680,gA,1.919
2026-09-09T10:12Z,4680,gP,2.014
2026-09-09T10:12Z,4680,g95e5p,2.009
2026-09-09T10:12Z,4682,g95e5,1.969
2026-09-09T10:12Z,4682,gA,1.929
2026-09-09T10:12Z,4682,gP,2.034
2026-09-09T10:12Z,4683,g95e5,1.915
2026-09-09T10:12Z,4683,gA,1.869
2026-09-09T10:12Z,4683,gP,1.889
2026-09-09T10:12Z,4689,g95e5,1.979
2026-09-09T10:12Z,4689,g95e5p,2.029
2026-09-09T10:12Z,4690,gA,1.889
2026-09-09T10:12Z,4690,gP,2.004
2026-09-09T10:12Z,4694,g95e5,1.939
2026-09-09T10:12Z,4694,gA,1.903
2026-09-09T10:12Z,4694,gP,1.943
2026-09-09T10:12Z,4694,g95e5p,2.009
2026-09-09T10:12Z,4701,gA,1.884
2026-09-09T10:12Z,4701,gP,1.934
2026-09-09T10:12Z,4705,g95e5,1.829
2026-09-09T10:12Z,4705,gA,1.819
2026-09-09T10:12Z,4705,gP,1.829
2026-09-09T10:12Z,4707,g95e5,1.969
2026-09-09T10:12Z,4707,gA,1.889
2026-09-09T10:12Z,4707,gP,2.004
2026-09-09T10:12Z,4707,g95e5p,2.049
2026-09-09T10:12Z,4725,g95e5,1.979
2026-09-09T10:12Z,4725,gA,1.909
2026-09-09T10:12Z,4725,gP,2.004
2026-09-09T10:12Z,4725,g95e5p,2.019
2026-09-09T10:12Z,4731,g95e5,1.925
2026-09-09T10:12Z,4731,gA,1.865
2026-09-09T10:12Z,4731,gP,1.885
2026-09-09T10:12Z,4731,g98e5,2.035
2026-09-09T10:12Z,4752,g95e5,1.859
2026-09-09T10:12Z,4755,g95e5,1.989
2026-09-09T10:12Z,4755,gA,1.909
2026-09-09T10:12Z,4755,gP,2.009
2026-09-09T10:12Z,4755,g98e5,2.119
2026-09-09T10:12Z,4758,g95e5,1.949
2026-09-09T10:12Z,4758,gA,1.919
2026-09-09T10:12Z,4758,g98e5,2.069
2026-09-09T10:12Z,4759,gA,1.929
2026-09-09T10:12Z,4759,gP,2.034
2026-09-09T10:12Z,4760,g95e5,1.939
2026-09-09T10:12Z,4763,g95e5,1.939
2026-09-09T10:12Z,4763,gA,1.889
2026-09-09T10:12Z,4763,gP,2.004
2026-09-09T10:12Z,4763,g95e5p,1.979
2026-09-09T10:12Z,4764,g95e5,1.919
2026-09-09T10:12Z,4764,gA,1.859
2026-09-09T10:12Z,4764,gP,1.879
2026-09-09T10:12Z,4776,g95e5,2.029
2026-09-09T10:12Z,4776,gA,1.999
2026-09-09T10:12Z,4777,g95e5,1.849
2026-09-09T10:12Z,4777,gA,1.819
2026-09-09T10:12Z,4777,gP,1.859
2026-09-09T10:12Z,4785,gA,1.909
2026-09-09T10:12Z,4785,gP,1.984
2026-09-09T10:12Z,4821,g95e5,1.819
2026-09-09T10:12Z,4821,gA,1.759
2026-09-09T10:12Z,4827,g95e5,1.979
2026-09-09T10:12Z,4827,gA,1.909
2026-09-09T10:12Z,4830,g95e5,1.959
2026-09-09T10:12Z,4830,g95e5p,2.019
2026-09-09T10:12Z,4838,gA,1.915
2026-09-09T10:12Z,4838,gB,1.615
2026-09-09T10:12Z,4841,g95e5,1.955
2026-09-09T10:12Z,4844,g95e5,1.909
2026-09-09T10:12Z,4844,gA,1.879
2026-09-09T10:12Z,4844,g95e5p,1.949
2026-09-09T10:12Z,4859,g95e5,1.965
2026-09-09T10:12Z,4862,gA,1.889
2026-09-09T10:12Z,4862,gP,1.989
2026-09-09T10:12Z,4866,g95e5,1.949
2026-09-09T10:12Z,4866,gA,1.925
2026-09-09T10:12Z,4868,g95e5,1.949
2026-09-09T10:12Z,4870,g95e5,1.959
2026-09-09T10:12Z,4870,g95e5p,2.009
2026-09-09T10:12Z,4871,gA,1.919
2026-09-09T10:12Z,4871,gP,1.964
2026-09-09T10:12Z,4880,g95e5,1.959
2026-09-09T10:12Z,4880,gP,1.994
2026-09-09T10:12Z,4884,g95e5,1.959
2026-09-09T10:12Z,4884,gA,1.929
2026-09-09T10:12Z,4884,gP,1.994
2026-09-09T10:12Z,4884,g98e5,2.069
2026-09-09T10:12Z,4886,gA,1.949
2026-09-09T10:12Z,4886,gP,2.014
2026-09-09T10:12Z,4887,gA,1.949
2026-09-09T10:12Z,4887,gP,2.014
2026-09-09T10:12Z,4889,g95e5,1.959
2026-09-09T10:12Z,4889,gA,1.919
2026-09-09T10:12Z,4889,gP,1.994
2026-09-09T10:12Z,4889,g95e5p,2.019
2026-09-09T10:12Z,4917,g95e5,1.909
2026-09-09T10:12Z,4917,gA,1.899
2026-09-09T10:12Z,4918,gA,1.889
2026-09-09T10:12Z,4918,gP,1.974
2026-09-09T10:12Z,4923,g95e5,1.788
2026-09-09T10:12Z,4923,gA,1.689
2026-09-09T10:12Z,4923,g98e5,1.889
2026-09-09T10:12Z,4927,gA,1.939
2026-09-09T10:12Z,4927,gP,1.999
2026-09-09T10:12Z,4946,g95e5,1.959
2026-09-09T10:12Z,4946,gA,1.909
2026-09-09T10:12Z,4946,gP,1.959
2026-09-09T10:12Z,4953,g95e5,1.909
2026-09-09T10:12Z,4953,gA,1.839
2026-09-09T10:12Z,4953,gB,1.639
2026-09-09T10:12Z,4956,g95e5,1.795
2026-09-09T10:12Z,4965,g95e5,1.899
2026-09-09T10:12Z,4965,gA,1.869
2026-09-09T10:12Z,4965,gP,1.919
2026-09-09T10:12Z,4965,g98e5,2.059
2026-09-09T10:12Z,4981,gA,1.959
2026-09-09T10:12Z,4981,gP,2.054
2026-09-09T10:12Z,4983,gA,1.859
2026-09-09T10:12Z,4983,gP,1.949
2026-09-09T10:12Z,4984,g95e5,1.949
2026-09-09T10:12Z,4985,gA,1.909
2026-09-09T10:12Z,4985,gP,2.004
2026-09-09T10:12Z,4989,gA,1.879
2026-09-09T10:12Z,4989,gP,1.969
2026-09-09T10:12Z,4991,g95e5,1.949
2026-09-09T10:12Z,4991,gA,1.859
2026-09-09T10:12Z,4991,gP,1.949
2026-09-09T10:12Z,5002,gA,1.889
2026-09-09T10:12Z,5002,gP,1.974
2026-09-09T10:12Z,5071,gA,1.879
2026-09-09T10:12Z,5071,gP,1.899
2026-09-09T10:12Z,5071,gB,1.689
2026-09-09T10:12Z,5078,g95e5,1.975
2026-09-09T10:12Z,5079,g95e5,1.975
2026-09-09T10:12Z,5079,gA,1.885
2026-09-09T10:12Z,5086,g95e5,1.679
2026-09-09T10:12Z,5086,gA,1.659
2026-09-09T10:12Z,5086,gP,1.689
2026-09-09T10:12Z,5086,g98e5,1.799
2026-09-09T10:12Z,5090,g95e5,1.689
2026-09-09T10:12Z,5090,gA,1.729
2026-09-09T10:12Z,5090,gP,1.749
2026-09-09T10:12Z,5090,g98e5,1.699
2026-09-09T10:12Z,5112,gA,1.899
2026-09-09T10:12Z,5112,gP,1.949
2026-09-09T10:12Z,5119,g95e5,1.919
2026-09-09T10:12Z,5119,gA,1.885
2026-09-09T10:12Z,5119,gP,1.965
2026-09-09T10:12Z,5119,g98e5,2.073
2026-09-09T10:12Z,5139,g95e5,1.935
2026-09-09T10:12Z,5139,gA,1.909
2026-09-09T10:12Z,5139,gP,1.999
2026-09-09T10:12Z,5139,g98e5,2.075
2026-09-09T10:12Z,5140,g95e5,1.915
2026-09-09T10:12Z,5150,g95e5,1.975
2026-09-09T10:12Z,5152,g95e5,1.919
2026-09-09T10:12Z,5152,g98e5,2.079
2026-09-09T10:12Z,5159,g95e5,1.975
2026-09-09T10:12Z,5159,gA,1.929
2026-09-09T10:12Z,5173,g95e5,1.939
2026-09-09T10:12Z,5173,gA,1.919
2026-09-09T10:12Z,5173,gP,2.004
2026-09-09T10:12Z,5174,gA,1.939
2026-09-09T10:12Z,5174,gP,2.024
2026-09-09T10:12Z,5192,gA,1.909
2026-09-09T10:12Z,5192,gP,1.984
2026-09-09T10:12Z,5193,g95e5,1.969
2026-09-09T10:12Z,5195,g95e5,1.969
2026-09-09T10:12Z,5206,g95e5,1.949
2026-09-09T10:12Z,5206,gA,1.925
2026-09-09T10:12Z,5208,g95e5,1.965
2026-09-09T10:12Z,5243,g95e5,1.959
2026-09-09T10:12Z,5243,gA,1.929
2026-09-09T10:12Z,5243,gP,2.009
2026-09-09T10:12Z,5250,g95e5,1.959
2026-09-09T10:12Z,5250,gA,1.929
2026-09-09T10:12Z,5250,gP,1.994
2026-09-09T10:12Z,5250,g95e5p,2.019
2026-09-09T10:12Z,5251,g95e5,1.959
2026-09-09T10:12Z,5251,gA,1.929
2026-09-09T10:12Z,5253,g95e5,1.969
2026-09-09T10:12Z,5266,g95e5,1.925
2026-09-09T10:12Z,5291,g95e5,1.965
2026-09-09T10:12Z,5291,gA,1.915
2026-09-09T10:12Z,5292,g95e5,1.939
2026-09-09T10:12Z,5292,gA,1.879
2026-09-09T10:12Z,5292,gP,1.959
2026-09-09T10:12Z,5292,g98e5,2.079
2026-09-09T10:12Z,5293,g95e5,1.819
2026-09-09T10:12Z,5293,gA,1.799
2026-09-09T10:12Z,5297,gA,1.865
2026-09-09T10:12Z,5300,g95e5,1.955
2026-09-09T10:12Z,5301,g95e5,1.955
2026-09-09T10:12Z,5302,g95e5,1.929
2026-09-09T10:12Z,5302,gA,1.899
2026-09-09T10:12Z,5306,g95e5,1.949
2026-09-09T10:12Z,5306,gA,1.925
2026-09-09T10:12Z,5307,g95e5,1.999
2026-09-09T10:12Z,5307,gA,1.919
2026-09-09T10:12Z,5323,g95e5,1.969
2026-09-09T10:12Z,5323,gA,1.859
2026-09-09T10:12Z,5323,gP,1.949
2026-09-09T10:12Z,5323,g98e5,2.119
2026-09-09T10:12Z,5324,g95e5,1.969
2026-09-09T10:12Z,5324,gA,1.929
2026-09-09T10:12Z,5324,gP,2.004
2026-09-09T10:12Z,5324,g95e5p,2.009
2026-09-09T10:12Z,5328,g95e5,1.959
2026-09-09T10:12Z,5328,gA,1.929
2026-09-09T10:12Z,5328,gP,2.004
2026-09-09T10:12Z,5328,g95e5p,1.999
2026-09-09T10:12Z,5331,gA,1.775
2026-09-09T10:12Z,5344,gA,1.869
2026-09-09T10:12Z,5344,gP,1.919
2026-09-09T10:12Z,5345,g95e5,1.979
2026-09-09T10:12Z,5345,gA,1.919
2026-09-09T10:12Z,5345,gP,2.019
2026-09-09T10:12Z,5345,g98e5,2.139
2026-09-09T10:12Z,5348,g95e5,1.918
2026-09-09T10:12Z,5348,gA,1.878
2026-09-09T10:12Z,5352,gA,1.905
2026-09-09T10:12Z,5357,g95e5,1.969
2026-09-09T10:12Z,5357,gA,1.895
2026-09-09T10:12Z,5367,g95e5,1.929
2026-09-09T10:12Z,5367,gA,1.879
2026-09-09T10:12Z,5367,gP,1.979
2026-09-09T10:12Z,5367,g95e5p,2.109
2026-09-09T10:12Z,5369,g95e5,1.969
2026-09-09T10:12Z,5369,gA,1.909
2026-09-09T10:12Z,5369,gP,2.019
2026-09-09T10:12Z,5375,g95e5,1.945
2026-09-09T10:12Z,5375,gA,1.915
2026-09-09T10:12Z,5376,g95e5,1.945
2026-09-09T10:12Z,5376,gA,1.905
2026-09-09T10:12Z,5378,g95e5,1.959
2026-09-09T10:12Z,5378,gA,1.929
2026-09-09T10:12Z,5378,gP,2.014
2026-09-09T10:12Z,5378,g95e5p,2.029
2026-09-09T10:12Z,5421,gA,1.929
2026-09-09T10:12Z,5421,gP,2.004
2026-09-09T10:12Z,5430,g95e5,1.969
2026-09-09T10:12Z,5430,g98e5,2.129
2026-09-09T10:12Z,5440,gA,1.905
2026-09-09T10:12Z,5441,g95e5,1.969
2026-09-09T10:12Z,5441,gA,1.905
2026-09-09T10:12Z,5444,g95e5,1.819
2026-09-09T10:12Z,5444,gA,1.801
2026-09-09T10:12Z,5466,gA,1.919
2026-09-09T10:12Z,5466,gP,2.004
2026-09-09T10:12Z,5470,g95e5,1.955
2026-09-09T10:12Z,5475,g95e5,1.929
2026-09-09T10:12Z,5475,gA,1.909
2026-09-09T10:12Z,5475,gP,1.994
2026-09-09T10:12Z,5475,g95e5p,1.999
2026-09-09T10:12Z,5476,g95e5,1.929
2026-09-09T10:12Z,5476,gA,1.909
2026-09-09T10:12Z,5476,gP,1.994
2026-09-09T10:12Z,5476,g95e5p,1.999
2026-09-09T10:12Z,5480,g95e5,1.799
2026-09-09T10:12Z,5491,g95e5,1.935
2026-09-09T10:12Z,5491,gA,1.895
2026-09-09T10:12Z,5492,g95e5,1.935
2026-09-09T10:12Z,5492,gA,1.895
2026-09-09T10:12Z,5500,g95e5,1.959
2026-09-09T10:12Z,5500,gA,1.869
2026-09-09T10:12Z,5500,gP,1.984
2026-09-09T10:12Z,5500,g95e5p,2.019
2026-09-09T10:12Z,5514,gA,1.949
2026-09-09T10:12Z,5514,gP,2.014
2026-09-09T10:12Z,5518,g95e5,1.995
2026-09-09T10:12Z,5518,gA,1.899
2026-09-09T10:12Z,5519,g95e5,1.925
2026-09-09T10:12Z,5519,gA,1.935
2026-09-09T10:12Z,5539,g95e5,1.869
2026-09-09T10:12Z,5539,gA,1.859
2026-09-09T10:12Z,5539,gP,1.949
2026-09-09T10:12Z,5540,g95e5,1.959
2026-09-09T10:12Z,5540,gA,1.955
2026-09-09T10:12Z,5555,g98e5,2.129
2026-09-09T10:12Z,5560,gA,1.859
2026-09-09T10:12Z,5560,gP,1.950
2026-09-09T10:12Z,5571,g95e5,1.959
2026-09-09T10:12Z,5571,gA,1.859
2026-09-09T10:12Z,5571,gP,1.899
2026-09-09T10:12Z,5571,g98e5,2.119
2026-09-09T10:12Z,5576,g98e5,2.069
2026-09-09T10:12Z,5578,gA,1.839
2026-09-09T10:12Z,5578,gP,1.879
2026-09-09T10:12Z,5579,g95e5,1.949
2026-09-09T10:12Z,5579,g98e5,2.039
2026-09-09T10:12Z,5581,gA,1.769
2026-09-09T10:12Z,5581,gP,1.809
2026-09-09T10:12Z,5586,gA,1.875
2026-09-09T10:12Z,5586,gB,1.639
2026-09-09T10:12Z,5590,g95e5,1.769
2026-09-09T10:12Z,5590,gA,1.749
2026-09-09T10:12Z,5591,g95e5,1.929
2026-09-09T10:12Z,5591,gA,1.899
2026-09-09T10:12Z,5591,gP,1.939
2026-09-09T10:12Z,5598,g95e5,1.765
2026-09-09T10:12Z,5598,gA,1.755
2026-09-09T10:12Z,5598,gP,1.785
2026-09-09T10:12Z,5599,g95e5,1.919
2026-09-09T10:12Z,5599,gA,1.839
2026-09-09T10:12Z,5599,gP,1.879
2026-09-09T10:12Z,5599,g98e5,2.089
2026-09-09T10:12Z,5601,g95e5,1.839
2026-09-09T10:12Z,5601,gA,1.879
2026-09-09T10:12Z,5601,gP,1.919
2026-09-09T10:12Z,5601,g98e5,2.029
2026-09-09T10:12Z,5603,g95e5,1.929
2026-09-09T10:12Z,5603,gA,1.839
2026-09-09T10:12Z,5603,gP,1.879
2026-09-09T10:12Z,5603,g98e5,2.039
2026-09-09T10:12Z,5613,g95e5,1.889
2026-09-09T10:12Z,5613,g98e5,2.029
2026-09-09T10:12Z,5618,g95e5,1.879
2026-09-09T10:12Z,5618,gA,1.889
2026-09-09T10:12Z,5618,gP,1.979
2026-09-09T10:12Z,5618,g95e5p,1.969
2026-09-09T10:12Z,5625,g95e5,1.889
2026-09-09T10:12Z,5625,gA,1.899
2026-09-09T10:12Z,5625,gP,1.974
2026-09-09T10:12Z,5644,g95e5,1.909
2026-09-09T10:12Z,5644,gA,1.885
2026-09-09T10:12Z,5657,g95e5,1.955
2026-09-09T10:12Z,5657,gA,1.959
2026-09-09T10:12Z,5677,g95e5,1.955
2026-09-09T10:12Z,5677,gA,1.865
2026-09-09T10:12Z,5677,gP,1.965
2026-09-09T10:12Z,5684,g95e5,1.959
2026-09-09T10:12Z,5684,gA,1.869
2026-09-09T10:12Z,5684,gP,1.969
2026-09-09T10:12Z,5684,g98e5,2.119
2026-09-09T10:12Z,5684,g95e5p,2.019
2026-09-09T10:12Z,5686,gP,1.989
2026-09-09T10:12Z,5686,g98e5,2.119
2026-09-09T10:12Z,5688,gA,1.899
2026-09-09T10:12Z,5688,gP,1.984
2026-09-09T10:12Z,5689,g95e5,1.979
2026-09-09T10:12Z,5689,gA,1.919
2026-09-09T10:12Z,5689,gP,1.979
2026-09-09T10:12Z,5691,g95e5,1.959
2026-09-09T10:12Z,5691,gA,1.889
2026-09-09T10:12Z,5691,gP,1.979
2026-09-09T10:12Z,5691,g98e5,2.059
2026-09-09T10:12Z,5691,g95e5p,2.019
2026-09-09T10:12Z,5694,g95e5,1.959
2026-09-09T10:12Z,5694,gA,1.899
2026-09-09T10:12Z,5694,g98e5,2.069
2026-09-09T10:12Z,5694,gB,1.769
2026-09-09T10:12Z,5696,g95e5,1.969
2026-09-09T10:12Z,5696,gA,1.919
2026-09-09T10:12Z,5696,gP,1.994
2026-09-09T10:12Z,5696,g95e5p,2.019
2026-09-09T10:12Z,5697,g95e5,1.939
2026-09-09T10:12Z,5697,gA,1.889
2026-09-09T10:12Z,5697,gP,1.984
2026-09-09T10:12Z,5697,g95e5p,1.989
2026-09-09T10:12Z,5698,g95e5,1.959
2026-09-09T10:12Z,5698,gA,1.899
2026-09-09T10:12Z,5698,gP,1.994
2026-09-09T10:12Z,5700,g95e5,1.979
2026-09-09T10:12Z,5700,g95e5p,2.019
2026-09-09T10:12Z,5706,g95e5,1.949
2026-09-09T10:12Z,5706,gA,1.879
2026-09-09T10:12Z,5706,gP,1.969
2026-09-09T10:12Z,5706,g95e5p,1.999
2026-09-09T10:12Z,5707,g95e5,1.949
2026-09-09T10:12Z,5707,gA,1.879
2026-09-09T10:12Z,5707,gP,1.934
2026-09-09T10:12Z,5707,g95e5p,1.989
2026-09-09T10:12Z,5710,g95e5,1.969
2026-09-09T10:12Z,5710,gA,1.909
2026-09-09T10:12Z,5710,gP,2.004
2026-09-09T10:12Z,5710,g95e5p,2.009
2026-09-09T10:12Z,5711,g95e5,1.955
2026-09-09T10:12Z,5711,gA,1.889
2026-09-09T10:12Z,5711,gP,1.989
2026-09-09T10:12Z,5723,g95e5,1.909
2026-09-09T10:12Z,5725,gA,1.819
2026-09-09T10:12Z,5725,gP,1.909
2026-09-09T10:12Z,5733,g95e5,1.975
2026-09-09T10:12Z,5733,gA,1.875
2026-09-09T10:12Z,5738,g95e5,1.939
2026-09-09T10:12Z,5738,gA,1.925
2026-09-09T10:12Z,5740,g95e5,1.979
2026-09-09T10:12Z,5740,gA,1.939
2026-09-09T10:12Z,5740,gP,2.034
2026-09-09T10:12Z,5740,g98e5,2.059
2026-09-09T10:12Z,5774,g95e5,1.979
2026-09-09T10:12Z,5774,gA,1.909
2026-09-09T10:12Z,5780,g95e5,1.879
2026-09-09T10:12Z,5780,gA,1.939
2026-09-09T10:12Z,5780,gP,2.039
2026-09-09T10:12Z,5780,g95e5p,1.939
2026-09-09T10:12Z,5783,g95e5,1.985
2026-09-09T10:12Z,5783,gA,1.915
2026-09-09T10:12Z,5786,g95e5,1.919
2026-09-09T10:12Z,5786,gA,1.949
2026-09-09T10:12Z,5786,gP,2.034
2026-09-09T10:12Z,5786,g95e5p,1.979
2026-09-09T10:12Z,5807,g95e5,1.949
2026-09-09T10:12Z,5807,gA,1.859
2026-09-09T10:12Z,5808,g95e5,1.919
2026-09-09T10:12Z,5808,gA,1.849
2026-09-09T10:12Z,5816,g95e5,1.965
2026-09-09T10:12Z,5816,gA,1.959
2026-09-09T10:12Z,5820,g95e5,1.759
2026-09-09T10:12Z,5820,gB,1.469
2026-09-09T10:12Z,5822,g95e5,1.959
2026-09-09T10:12Z,5822,g98e5,2.079
2026-09-09T10:12Z,5850,g95e5,1.869
2026-09-09T10:12Z,5850,gA,1.839
2026-09-09T10:12Z,5850,gP,1.879
2026-09-09T10:12Z,5850,g98e5,2.019
2026-09-09T10:12Z,5851,g95e5,1.819
2026-09-09T10:12Z,5851,gA,1.849
2026-09-09T10:12Z,5851,gP,1.889
2026-09-09T10:12Z,5852,g95e5,1.869
2026-09-09T10:12Z,5852,gA,1.839
2026-09-09T10:12Z,5852,gP,1.879
2026-09-09T10:12Z,5852,g98e5,2.019
2026-09-09T10:12Z,5853,g95e5,1.869
2026-09-09T10:12Z,5853,gA,1.839
2026-09-09T10:12Z,5853,gP,1.879
2026-09-09T10:12Z,5854,g95e5,1.909
2026-09-09T10:12Z,5854,gA,1.899
2026-09-09T10:12Z,5854,gP,1.939
2026-09-09T10:12Z,5855,g95e5,1.909
2026-09-09T10:12Z,5855,gA,1.919
2026-09-09T10:12Z,5855,gP,1.959
2026-09-09T10:12Z,5855,g98e5,2.079
2026-09-09T10:12Z,5860,g95e5,1.919
2026-09-09T10:12Z,5860,gA,1.919
2026-09-09T10:12Z,5860,gP,2.009
2026-09-09T10:12Z,5876,g95e5,1.959
2026-09-09T10:12Z,5876,gA,1.919
2026-09-09T10:12Z,5876,gP,2.014
2026-09-09T10:12Z,5876,g95e5p,2.029
2026-09-09T10:12Z,5877,gA,1.939
2026-09-09T10:12Z,5877,gP,2.034
2026-09-09T10:12Z,5901,g95e5,1.759
2026-09-09T10:12Z,5901,gA,1.739
2026-09-09T10:12Z,5915,g95e5,1.919
2026-09-09T10:12Z,5915,gA,1.893
2026-09-09T10:12Z,5915,gP,1.994
2026-09-09T10:12Z,5915,g95e5p,2.019
2026-09-09T10:12Z,5931,g95e5,1.905
2026-09-09T10:12Z,5931,gA,1.935
2026-09-09T10:12Z,5933,g95e5,1.919
2026-09-09T10:12Z,5933,gA,1.869
2026-09-09T10:12Z,5933,gP,1.989
2026-09-09T10:12Z,5933,g98e5,2.029
2026-09-09T10:12Z,5933,g95e5p,1.949
2026-09-09T10:12Z,5940,g95e5,1.945
2026-09-09T10:12Z,5940,gA,1.915
2026-09-09T10:12Z,5943,g95e5,1.955
2026-09-09T10:12Z,5943,gA,1.935
2026-09-09T10:12Z,5946,g95e5,1.965
2026-09-09T10:12Z,5946,gA,1.959
2026-09-09T10:12Z,5947,g95e5,1.929
2026-09-09T10:12Z,5947,gA,1.909
2026-09-09T10:12Z,5951,g95e5,1.955
2026-09-09T10:12Z,5956,g95e5,1.909
2026-09-09T10:12Z,5956,gA,1.919
2026-09-09T10:12Z,5956,gP,2.009
2026-09-09T10:12Z,5962,g95e5,1.909
2026-09-09T10:12Z,5962,gA,1.913
2026-09-09T10:12Z,5962,gP,2.009
2026-09-09T10:12Z,5965,g95e5,1.929
2026-09-09T10:12Z,5965,gA,1.929
2026-09-09T10:12Z,5965,gP,2.029
2026-09-09T10:12Z,5965,gB,1.769
2026-09-09T10:12Z,5968,g95e5,1.939
2026-09-09T10:12Z,5969,g95e5,1.955
2026-09-09T10:12Z,5969,gA,1.929
2026-09-09T10:12Z,5990,g95e5,1.959
2026-09-09T10:12Z,5990,gA,1.909
2026-09-09T10:12Z,5990,gP,1.969
2026-09-09T10:12Z,5990,g98e5,2.069
2026-09-09T10:12Z,5990,gB,1.609
2026-09-09T10:12Z,5998,g95e5,1.995
2026-09-09T10:12Z,5998,gA,1.859
2026-09-09T10:12Z,6012,gA,1.899
2026-09-09T10:12Z,6012,gP,1.929
2026-09-09T10:12Z,6013,gA,1.859
2026-09-09T10:12Z,6013,gP,1.889
2026-09-09T10:12Z,6013,gB,1.689
2026-09-09T10:12Z,6038,g95e5,1.959
2026-09-09T10:12Z,6038,gA,1.855
2026-09-09T10:12Z,6044,gA,1.959
2026-09-09T10:12Z,6044,gP,2.069
2026-09-09T10:12Z,6057,gA,1.929
2026-09-09T10:12Z,6058,g95e5,1.919
2026-09-09T10:12Z,6058,gA,1.949
2026-09-09T10:12Z,6061,g95e5,1.909
2026-09-09T10:12Z,6062,g95e5,1.909
2026-09-09T10:12Z,6066,g95e5,1.919
2026-09-09T10:12Z,6067,gA,1.929
2026-09-09T10:12Z,6067,gP,1.994
2026-09-09T10:12Z,6068,g95e5,1.959
2026-09-09T10:12Z,6068,gA,1.879
2026-09-09T10:12Z,6068,gP,1.979
2026-09-09T10:12Z,6068,g95e5p,2.039
2026-09-09T10:12Z,6071,g95e5,1.989
2026-09-09T10:12Z,6071,gA,1.909
2026-09-09T10:12Z,6071,g95e5p,2.059
2026-09-09T10:12Z,6079,g95e5,1.929
2026-09-09T10:12Z,6079,g98e5,1.999
2026-09-09T10:12Z,6082,g95e5,1.909
2026-09-09T10:12Z,6082,gA,1.869
2026-09-09T10:12Z,6082,gP,1.909
2026-09-09T10:12Z,6082,g98e5,2.009
2026-09-09T10:12Z,6092,g95e5,1.939
2026-09-09T10:12Z,6092,gA,1.859
2026-09-09T10:12Z,6092,gP,1.899
2026-09-09T10:12Z,6092,g98e5,2.079
2026-09-09T10:12Z,6093,g95e5,1.939
2026-09-09T10:12Z,6093,gA,1.859
2026-09-09T10:12Z,6093,gP,1.899
2026-09-09T10:12Z,6101,g95e5,1.949
2026-09-09T10:12Z,6101,g95e5p,1.999
2026-09-09T10:12Z,6106,g95e5,1.969
2026-09-09T10:12Z,6106,gA,1.909
2026-09-09T10:12Z,6106,gP,1.969
2026-09-09T10:12Z,6107,g95e5,1.979
2026-09-09T10:12Z,6107,gA,1.949
2026-09-09T10:12Z,6107,gP,2.024
2026-09-09T10:12Z,6107,g95e5p,2.019
2026-09-09T10:12Z,6112,g95e5,1.959
2026-09-09T10:12Z,6112,gA,1.869
2026-09-09T10:12Z,6112,gP,1.954
2026-09-09T10:12Z,6122,g95e5,1.919
2026-09-09T10:12Z,6122,gA,1.869
2026-09-09T10:12Z,6122,gP,1.969
2026-09-09T10:12Z,6129,g95e5,1.939
2026-09-09T10:12Z,6129,gA,1.919
2026-09-09T10:12Z,6129,gP,1.994
2026-09-09T10:12Z,6129,g95e5p,1.989
2026-09-09T10:12Z,6131,g95e5,1.919
2026-09-09T10:12Z,6131,gA,1.909
2026-09-09T10:12Z,6131,gP,1.954
2026-09-09T10:12Z,6133,g95e5,1.915
2026-09-09T10:12Z,6133,gA,1.895
2026-09-09T10:12Z,6133,gP,1.995
2026-09-09T10:12Z,6133,g98e5,2.065
2026-09-09T10:12Z,6140,g95e5,1.959
2026-09-09T10:12Z,6141,g95e5,1.959
2026-09-09T10:12Z,6148,g95e5,1.979
2026-09-09T10:12Z,6148,gA,1.949
2026-09-09T10:12Z,6148,gP,2.024
2026-09-09T10:12Z,6148,g95e5p,2.019
2026-09-09T10:12Z,6154,g95e5,1.909
2026-09-09T10:12Z,6154,gA,1.849
2026-09-09T10:12Z,6154,gP,1.959
2026-09-09T10:12Z,6156,g95e5,1.919
2026-09-09T10:12Z,6156,gA,1.869
2026-09-09T10:12Z,6156,gP,1.959
2026-09-09T10:12Z,6156,g98e5,2.009
2026-09-09T10:12Z,6163,g95e5,1.939
2026-09-09T10:12Z,6163,g95e5p,1.979
2026-09-09T10:12Z,6164,g95e5,1.939
2026-09-09T10:12Z,6165,g95e5,1.979
2026-09-09T10:12Z,6165,gA,1.959
2026-09-09T10:12Z,6165,gP,2.034
2026-09-09T10:12Z,6165,g95e5p,2.019
2026-09-09T10:12Z,6169,gA,1.939
2026-09-09T10:12Z,6169,gP,2.009
2026-09-09T10:12Z,6169,gB,1.719
2026-09-09T10:12Z,6170,g95e5,1.899
2026-09-09T10:12Z,6170,gA,1.875
2026-09-09T10:12Z,6173,g95e5,1.959
2026-09-09T10:12Z,6173,gA,1.929
2026-09-09T10:12Z,6173,gP,2.034
2026-09-09T10:12Z,6173,g95e5p,1.999
2026-09-09T10:12Z,6176,g95e5,2.005
2026-09-09T10:12Z,6179,gA,1.909
2026-09-09T10:12Z,6181,gA,1.959
2026-09-09T10:12Z,6187,gA,1.899
2026-09-09T10:12Z,6187,gP,1.959
2026-09-09T10:12Z,6188,gA,1.955
2026-09-09T10:12Z,6189,g95e5,1.909
2026-09-09T10:12Z,6189,gB,1.569
2026-09-09T10:12Z,6190,g98e5,2.099
2026-09-09T10:12Z,6190,gB,1.739
2026-09-09T10:12Z,6197,g95e5,1.989
2026-09-09T10:12Z,6197,gA,1.929
2026-09-09T10:12Z,6198,g95e5,1.979
2026-09-09T10:12Z,6199,gA,1.919
2026-09-09T10:12Z,6199,gP,1.979
2026-09-09T10:12Z,6200,g95e5,1.989
2026-09-09T10:12Z,6200,gA,1.929
2026-09-09T10:12Z,6200,g98e5,2.149
2026-09-09T10:12Z,6203,gA,1.929
2026-09-09T10:12Z,6203,gP,2.009
2026-09-09T10:12Z,6203,g98e5,2.129
2026-09-09T10:12Z,6208,g95e5,1.915
2026-09-09T10:12Z,6208,gA,1.899
2026-09-09T10:12Z,6227,g95e5,1.975
2026-09-09T10:12Z,6227,gA,1.939
2026-09-09T10:12Z,6235,g95e5,1.919
2026-09-09T10:12Z,6235,gA,1.809
2026-09-09T10:12Z,6235,gP,1.859
2026-09-09T10:12Z,6237,g95e5,1.919
2026-09-09T10:12Z,6237,gA,1.809
2026-09-09T10:12Z,6237,gP,1.859
2026-09-09T10:12Z,6237,g98e5,2.019
2026-09-09T10:12Z,6238,g95e5,1.959
2026-09-09T10:12Z,6248,g95e5,1.969
2026-09-09T10:12Z,6248,gA,1.939
2026-09-09T10:12Z,6248,gP,2.019
2026-09-09T10:12Z,6249,g95e5,1.959
2026-09-09T10:12Z,6249,gA,1.909
2026-09-09T10:12Z,6249,gP,2.009
2026-09-09T10:12Z,6249,g98e5,2.139
2026-09-09T10:12Z,6253,g95e5,1.959
2026-09-09T10:12Z,6253,gA,1.909
2026-09-09T10:12Z,6253,g98e5,2.119
2026-09-09T10:12Z,6254,g95e5,1.909
2026-09-09T10:12Z,6254,gA,1.865
2026-09-09T10:12Z,6254,gP,1.915
2026-09-09T10:12Z,6254,g98e5,2.039
2026-09-09T10:12Z,6255,g95e5,1.989
2026-09-09T10:12Z,6256,g95e5,1.979
2026-09-09T10:12Z,6256,gA,1.939
2026-09-09T10:12Z,6256,gP,2.029
2026-09-09T10:12Z,6256,g98e5,2.129
2026-09-09T10:12Z,6259,g95e5,1.975
2026-09-09T10:12Z,6260,g95e5,1.989
2026-09-09T10:12Z,6265,g95e5,1.959
2026-09-09T10:12Z,6265,gA,1.909
2026-09-09T10:12Z,6265,g98e5,2.119
2026-09-09T10:12Z,6275,g95e5,1.995
2026-09-09T10:12Z,6275,gA,1.919
2026-09-09T10:12Z,6277,g95e5,1.975
2026-09-09T10:12Z,6279,g95e5,1.939
2026-09-09T10:12Z,6279,gA,1.879
2026-09-09T10:12Z,6279,gP,1.944
2026-09-09T10:12Z,6281,g95e5,1.989
2026-09-09T10:12Z,6281,gA,1.909
2026-09-09T10:12Z,6281,gP,2.119
2026-09-09T10:12Z,6281,g98e5,2.119
2026-09-09T10:12Z,6286,g95e5,1.945
2026-09-09T10:12Z,6286,gA,1.909
2026-09-09T10:12Z,6286,gP,1.959
2026-09-09T10:12Z,6292,g95e5,1.979
2026-09-09T10:12Z,6292,gA,1.939
2026-09-09T10:12Z,6292,gP,2.029
2026-09-09T10:12Z,6292,g98e5,2.129
2026-09-09T10:12Z,6294,g95e5,1.999
2026-09-09T10:12Z,6294,gA,1.959
2026-09-09T10:12Z,6295,g95e5,1.999
2026-09-09T10:12Z,6295,gA,1.959
2026-09-09T10:12Z,6298,gA,1.909
2026-09-09T10:12Z,6298,gP,2.009
2026-09-09T10:12Z,6300,g95e5,1.925
2026-09-09T10:12Z,6300,gA,1.865
2026-09-09T10:12Z,6309,g95e5,1.959
2026-09-09T10:12Z,6309,gA,1.909
2026-09-09T10:12Z,6309,g98e5,2.119
2026-09-09T10:12Z,6310,g95e5,1.978
2026-09-09T10:12Z,6310,g98e5,2.148
2026-09-09T10:12Z,6312,g95e5,1.989
2026-09-09T10:12Z,6313,g95e5,1.949
2026-09-09T10:12Z,6313,gA,1.915
2026-09-09T10:12Z,6316,g95e5,1.969
2026-09-09T10:12Z,6318,g95e5,1.945
2026-09-09T10:12Z,6327,g95e5,1.985
2026-09-09T10:12Z,6327,gA,1.945
2026-09-09T10:12Z,6331,g95e5,1.909
2026-09-09T10:12Z,6331,gA,1.865
2026-09-09T10:12Z,6331,gP,1.915
2026-09-09T10:12Z,6331,g98e5,2.039
2026-09-09T10:12Z,6331,glp,1.215
2026-09-09T10:12Z,6334,g95e5,1.905
2026-09-09T10:12Z,6336,g95e5,1.945
2026-09-09T10:12Z,6336,gA,1.909
2026-09-09T10:12Z,6336,gP,1.959
2026-09-09T10:12Z,6336,g98e5,2.149
2026-09-09T10:12Z,6339,g95e5,1.949
2026-09-09T10:12Z,6341,g95e5,1.885
2026-09-09T10:12Z,6341,gA,1.845
2026-09-09T10:12Z,6341,gP,1.945
2026-09-09T10:12Z,6341,g98e5,2.045
2026-09-09T10:12Z,6351,g95e5,1.925
2026-09-09T10:12Z,6353,g95e5,1.989
2026-09-09T10:12Z,6357,g95e5,1.948
2026-09-09T10:12Z,6357,gA,1.904
2026-09-09T10:12Z,6359,g95e5,1.999
2026-09-09T10:12Z,6359,gA,1.949
2026-09-09T10:12Z,6360,g95e5,2.005
2026-09-09T10:12Z,6367,g95e5,1.915
2026-09-09T10:12Z,6367,gA,1.899
2026-09-09T10:12Z,6379,g95e5,2.005
2026-09-09T10:12Z,6379,gA,1.949
2026-09-09T10:12Z,6379,gP,1.999
2026-09-09T10:12Z,6379,g98e5,2.115
2026-09-09T10:12Z,6382,g95e5,1.939
2026-09-09T10:12Z,6382,gA,1.899
2026-09-09T10:12Z,6382,gP,1.969
2026-09-09T10:12Z,6382,g98e5,2.109
2026-09-09T10:12Z,6383,g95e5,1.989
2026-09-09T10:12Z,6383,gA,1.949
2026-09-09T10:12Z,6383,gP,1.999
2026-09-09T10:12Z,6383,g98e5,2.149
2026-09-09T10:12Z,6384,g95e5,1.989
2026-09-09T10:12Z,6384,gA,1.949
2026-09-09T10:12Z,6384,gP,1.999
2026-09-09T10:12Z,6384,g98e5,2.149
2026-09-09T10:12Z,6391,g95e5,1.959
2026-09-09T10:12Z,6391,gA,1.949
2026-09-09T10:12Z,6391,gP,2.014
2026-09-09T10:12Z,6391,g98e5,2.039
2026-09-09T10:12Z,6394,g95e5,1.737
2026-09-09T10:12Z,6394,gA,1.737
2026-09-09T10:12Z,6404,g95e5,1.979
2026-09-09T10:12Z,6404,gA,1.955
2026-09-09T10:12Z,6406,g95e5,1.999
2026-09-09T10:12Z,6407,g95e5,1.959
2026-09-09T10:12Z,6411,g95e5,1.919
2026-09-09T10:12Z,6412,g95e5,1.919
2026-09-09T10:12Z,6412,gA,1.915
2026-09-09T10:12Z,6413,g95e5,1.979
2026-09-09T10:12Z,6413,gA,1.929
2026-09-09T10:12Z,6414,g95e5,1.969
2026-09-09T10:12Z,6414,gA,1.939
2026-09-09T10:12Z,6414,gP,2.014
2026-09-09T10:12Z,6414,g98e5,2.069
2026-09-09T10:12Z,6424,g95e5,1.879
2026-09-09T10:12Z,6424,gA,1.889
2026-09-09T10:12Z,6424,gP,1.964
2026-09-09T10:12Z,6424,g95e5p,1.939
2026-09-09T10:12Z,6426,gA,1.889
2026-09-09T10:12Z,6426,gP,1.984
2026-09-09T10:12Z,6452,g95e5,1.969
2026-09-09T10:12Z,6452,gA,1.969
2026-09-09T10:12Z,6452,gP,2.054
2026-09-09T10:12Z,6452,g95e5p,2.009
2026-09-09T10:12Z,6465,g95e5,1.889
2026-09-09T10:12Z,6465,gA,1.929
2026-09-09T10:12Z,6472,g95e5,1.929
2026-09-09T10:12Z,6476,g95e5,1.885
2026-09-09T10:12Z,6476,gA,1.879
2026-09-09T10:12Z,6476,gP,1.979
2026-09-09T10:12Z,6476,g98e5,2.059
2026-09-09T10:12Z,6484,g95e5,1.969
2026-09-09T10:12Z,6484,gA,1.949
2026-09-09T10:12Z,6484,gP,2.044
2026-09-09T10:12Z,6484,g95e5p,2.029
2026-09-09T10:12Z,6493,g95e5,1.709
2026-09-09T10:12Z,6493,gA,1.649
2026-09-09T10:12Z,6493,g98e5,1.719
2026-09-09T10:12Z,6499,g95e5,1.969
2026-09-09T10:12Z,6499,gA,1.959
2026-09-09T10:12Z,6499,gP,2.044
2026-09-09T10:12Z,6499,g95e5p,2.029
2026-09-09T10:12Z,6501,g95e5,1.969
2026-09-09T10:12Z,6501,gA,1.949
2026-09-09T10:12Z,6501,gP,2.014
2026-09-09T10:12Z,6508,g95e5,1.959
2026-09-09T10:12Z,6508,gA,1.929
2026-09-09T10:12Z,6509,gA,1.899
2026-09-09T10:12Z,6509,gP,2.004
2026-09-09T10:12Z,6513,g95e5,1.909
2026-09-09T10:12Z,6513,g98e5,2.049
2026-09-09T10:12Z,6518,g95e5,1.739
2026-09-09T10:12Z,6518,gA,1.759
2026-09-09T10:12Z,6519,g95e5,1.929
2026-09-09T10:12Z,6519,gB,1.779
2026-09-09T10:12Z,6522,g95e5,1.949
2026-09-09T10:12Z,6522,gA,1.879
2026-09-09T10:12Z,6522,gP,1.964
2026-09-09T10:12Z,6522,g95e5p,2.029
2026-09-09T10:12Z,6524,g95e5,1.889
2026-09-09T10:12Z,6524,gA,1.889
2026-09-09T10:12Z,6524,gP,1.979
2026-09-09T10:12Z,6524,g98e5,2.029
2026-09-09T10:12Z,6531,g95e5,1.859
2026-09-09T10:12Z,6531,gA,1.839
2026-09-09T10:12Z,6538,gA,1.747
2026-09-09T10:12Z,6539,g95e5,1.779
2026-09-09T10:12Z,6539,gA,1.779
2026-09-09T10:12Z,6539,gB,1.719
2026-09-09T10:12Z,6540,g95e5,1.829
2026-09-09T10:12Z,6540,gA,1.819
2026-09-09T10:12Z,6550,g95e5,1.909
2026-09-09T10:12Z,6550,gA,1.879
2026-09-09T10:12Z,6550,gP,1.919
2026-09-09T10:12Z,6550,g98e5,2.009
2026-09-09T10:12Z,6556,g95e5,1.729
2026-09-09T10:12Z,6556,gA,1.699
2026-09-09T10:12Z,6563,g95e5,1.789
2026-09-09T10:12Z,6563,gA,1.819
2026-09-09T10:12Z,6563,gP,1.879
2026-09-09T10:12Z,6565,g95e5,1.759
2026-09-09T10:12Z,6569,g95e5,1.949
2026-09-09T10:12Z,6569,gA,1.889
2026-09-09T10:12Z,6569,gP,1.974
2026-09-09T10:12Z,6569,g95e5p,1.999
2026-09-09T10:12Z,6580,g95e5,1.939
2026-09-09T10:12Z,6580,gA,1.869
2026-09-09T10:12Z,6580,gP,1.944
2026-09-09T10:12Z,6580,g95e5p,1.989
2026-09-09T10:12Z,6581,g95e5,1.939
2026-09-09T10:12Z,6581,gA,1.869
2026-09-09T10:12Z,6581,gP,1.944
2026-09-09T10:12Z,6586,g95e5,1.929
2026-09-09T10:12Z,6586,gA,1.859
2026-09-09T10:12Z,6586,gP,1.934
2026-09-09T10:12Z,6586,g95e5p,1.969
2026-09-09T10:12Z,6599,g95e5,1.919
2026-09-09T10:12Z,6599,gA,1.869
2026-09-09T10:12Z,6599,gP,1.954
2026-09-09T10:12Z,6599,g95e5p,1.969
2026-09-09T10:12Z,6600,g95e5,1.939
2026-09-09T10:12Z,6600,gA,1.869
2026-09-09T10:12Z,6600,gP,1.944
2026-09-09T10:12Z,6600,g98e5,2.039
2026-09-09T10:12Z,6612,g95e5,1.989
2026-09-09T10:12Z,6612,gA,1.959
2026-09-09T10:12Z,6612,gP,2.044
2026-09-09T10:12Z,6612,g95e5p,2.049
2026-09-09T10:12Z,6616,g95e5,1.988
2026-09-09T10:12Z,6616,gA,1.958
2026-09-09T10:12Z,6616,gP,2.048
2026-09-09T10:12Z,6616,g95e5p,2.048
2026-09-09T10:12Z,6623,g95e5,1.919
2026-09-09T10:12Z,6623,gA,1.905
2026-09-09T10:12Z,6637,g95e5,1.909
2026-09-09T10:12Z,6637,gA,1.919
2026-09-09T10:12Z,6637,gP,2.014
2026-09-09T10:12Z,6637,g98e5,2.039
2026-09-09T10:12Z,6637,g95e5p,1.989
2026-09-09T10:12Z,6652,g95e5,1.899
2026-09-09T10:12Z,6652,gA,1.929
2026-09-09T10:12Z,6652,gP,2.014
2026-09-09T10:12Z,6653,g95e5,1.699
2026-09-09T10:12Z,6655,g95e5,1.939
2026-09-09T10:12Z,6666,g95e5,1.919
2026-09-09T10:12Z,6666,gA,1.829
2026-09-09T10:12Z,6666,g98e5,2.079
2026-09-09T10:12Z,6681,g95e5,1.969
2026-09-09T10:12Z,6681,gA,1.865
2026-09-09T10:12Z,6682,g95e5,1.969
2026-09-09T10:12Z,6682,gA,1.875
2026-09-09T10:12Z,6688,g95e5,1.929
2026-09-09T10:12Z,6688,gA,1.885
2026-09-09T10:12Z,6690,g95e5,1.955
2026-09-09T10:12Z,6699,g95e5,1.955
2026-09-09T10:12Z,6706,g95e5,1.899
2026-09-09T10:12Z,6706,gA,1.949
2026-09-09T10:12Z,6706,gP,2.024
2026-09-09T10:12Z,6706,g95e5p,1.959
2026-09-09T10:12Z,6707,gA,1.895
2026-09-09T10:12Z,6707,gP,1.985
2026-09-09T10:12Z,6709,g95e5,1.775
2026-09-09T10:12Z,6709,gA,1.767
2026-09-09T10:12Z,6709,gP,1.817
2026-09-09T10:12Z,6734,g95e5,1.949
2026-09-09T10:12Z,6734,gA,1.889
2026-09-09T10:12Z,6734,gP,1.999
2026-09-09T10:12Z,6734,g95e5p,2.029
2026-09-09T10:12Z,6743,g95e5,1.969
2026-09-09T10:12Z,6743,g95e5p,2.029
2026-09-09T10:12Z,6744,g95e5,1.969
2026-09-09T10:12Z,6744,gA,1.949
2026-09-09T10:12Z,6744,gP,2.044
2026-09-09T10:12Z,6744,g95e5p,2.029
2026-09-09T10:12Z,6749,g95e5,1.909
2026-09-09T10:12Z,6749,gA,1.879
2026-09-09T10:12Z,6750,g95e5,1.895
2026-09-09T10:12Z,6750,gA,1.845
2026-09-09T10:12Z,6750,gP,1.905
2026-09-09T10:12Z,6750,g98e5,2.085
2026-09-09T10:12Z,6751,g95e5,1.905
2026-09-09T10:12Z,6756,g95e5,1.760
2026-09-09T10:12Z,6756,gA,1.830
2026-09-09T10:12Z,6756,gP,1.880
2026-09-09T10:12Z,6756,gB,1.470
2026-09-09T10:12Z,6764,g95e5,1.859
2026-09-09T10:12Z,6767,gA,1.849
2026-09-09T10:12Z,6767,gP,1.889
2026-09-09T10:12Z,6777,g95e5,1.895
2026-09-09T10:12Z,6777,gA,1.855
2026-09-09T10:12Z,6777,gP,1.935
2026-09-09T10:12Z,6777,g98e5,2.029
2026-09-09T10:12Z,6778,g95e5,1.919
2026-09-09T10:12Z,6778,gA,1.939
2026-09-09T10:12Z,6778,gP,2.024
2026-09-09T10:12Z,6778,g95e5p,1.979
2026-09-09T10:12Z,6780,g95e5,1.919
2026-09-09T10:12Z,6780,gA,1.939
2026-09-09T10:12Z,6780,gP,2.044
2026-09-09T10:12Z,6780,g95e5p,1.999
2026-09-09T10:12Z,6783,g95e5,1.909
2026-09-09T10:12Z,6783,gA,2.024
2026-09-09T10:12Z,6783,gP,2.024
2026-09-09T10:12Z,6783,g95e5p,1.979
2026-09-09T10:12Z,6785,g95e5,1.919
2026-09-09T10:12Z,6785,gA,1.939
2026-09-09T10:12Z,6785,gP,2.009
2026-09-09T10:12Z,6785,gB,1.779
2026-09-09T10:12Z,6789,g95e5,1.919
2026-09-09T10:12Z,6790,g95e5,1.919
2026-09-09T10:12Z,6790,g95e5p,1.979
2026-09-09T10:12Z,6791,g95e5,1.760
2026-09-09T10:12Z,6791,gA,1.830
2026-09-09T10:12Z,6791,gP,1.880
2026-09-09T10:12Z,6791,gB,1.470
2026-09-09T10:12Z,6796,g95e5,1.879
2026-09-09T10:12Z,6796,gA,1.885
2026-09-09T10:12Z,6796,gP,1.985
2026-09-09T10:12Z,6799,g95e5,1.945
2026-09-09T10:12Z,6799,gA,1.865
2026-09-09T10:12Z,6807,g95e5,1.979
2026-09-09T10:12Z,6807,gA,1.879
2026-09-09T10:12Z,6808,g95e5,1.979
2026-09-09T10:12Z,6808,gA,1.879
2026-09-09T10:12Z,6819,g95e5,1.999
2026-09-09T10:12Z,6819,gA,1.939
2026-09-09T10:12Z,6819,gP,2.044
2026-09-09T10:12Z,6819,g95e5p,2.039
2026-09-09T10:12Z,6822,g95e5,1.995
2026-09-09T10:12Z,6822,gA,1.945
2026-09-09T10:12Z,6829,g95e5,1.849
2026-09-09T10:12Z,6829,gA,1.819
2026-09-09T10:12Z,6829,gP,1.859
2026-09-09T10:12Z,6829,g98e5,2.009
2026-09-09T10:12Z,6832,g95e5,1.989
2026-09-09T10:12Z,6835,g95e5,1.919
2026-09-09T10:12Z,6835,gA,1.909
2026-09-09T10:12Z,6835,gP,1.999
2026-09-09T10:12Z,6843,g95e5,1.959
2026-09-09T10:12Z,6844,g95e5,1.919
2026-09-09T10:12Z,6844,g98e5,2.059
2026-09-09T10:12Z,6848,g95e5,1.859
2026-09-09T10:12Z,6848,gA,1.875
2026-09-09T10:12Z,6848,gP,1.934
2026-09-09T10:12Z,6848,g98e5,1.979
2026-09-09T10:12Z,6853,g95e5,1.929
2026-09-09T10:12Z,6853,gA,1.849
2026-09-09T10:12Z,6870,g95e5,1.949
2026-09-09T10:12Z,6870,gA,1.865
2026-09-09T10:12Z,6876,g95e5,1.939
2026-09-09T10:12Z,6876,gA,1.969
2026-09-09T10:12Z,6887,g95e5,1.919
2026-09-09T10:12Z,6887,gA,1.935
2026-09-09T10:12Z,6894,g95e5,1.975
2026-09-09T10:12Z,6894,gA,1.905
2026-09-09T10:12Z,6903,g95e5,1.939
2026-09-09T10:12Z,6903,gA,1.909
2026-09-09T10:12Z,6908,g95e5,1.939
2026-09-09T10:12Z,6910,g95e5,1.935
2026-09-09T10:12Z,6913,g95e5,1.885
2026-09-09T10:12Z,6917,g95e5,2.009
2026-09-09T10:12Z,6917,gA,1.929
2026-09-09T10:12Z,6922,g95e5,1.979
2026-09-09T10:12Z,6922,gA,1.959
2026-09-09T10:12Z,6928,g95e5,1.885
2026-09-09T10:12Z,6928,gA,1.919
2026-09-09T10:12Z,6929,g95e5,1.945
2026-09-09T10:12Z,6940,g95e5,1.909
2026-09-09T10:12Z,6943,g95e5,1.919
2026-09-09T10:12Z,6943,gA,1.925
2026-09-09T10:12Z,6944,g95e5,1.909
2026-09-09T10:12Z,6944,gA,1.879
2026-09-09T10:12Z,6955,g95e5,1.999
2026-09-09T10:12Z,6955,gA,1.959
2026-09-09T10:12Z,6961,g95e5,1.945
2026-09-09T10:12Z,6961,gA,1.955
2026-09-09T10:12Z,6964,gA,1.899
2026-09-09T10:12Z,6969,g95e5,1.939
2026-09-09T10:12Z,6969,gA,1.959
2026-09-09T10:12Z,6972,g95e5,1.995
2026-09-09T10:12Z,6972,gA,1.919
2026-09-09T10:12Z,6973,g95e5,1.995
2026-09-09T10:12Z,6973,gA,1.929
2026-09-09T10:12Z,6978,g95e5,1.955
2026-09-09T10:12Z,6991,g95e5,1.759
2026-09-09T10:12Z,6991,gA,1.729
2026-09-09T10:12Z,6991,bio,1.669
2026-09-09T10:12Z,7001,g95e5,1.909
2026-09-09T10:12Z,7001,gA,1.919
2026-09-09T10:12Z,7001,gP,2.049
2026-09-09T10:12Z,7001,gB,1.729
2026-09-09T10:12Z,7010,g95e5,1.749
2026-09-09T10:12Z,7010,gA,1.729
2026-09-09T10:12Z,7010,g98e5,1.849
2026-09-09T10:12Z,7010,bio,1.689
2026-09-09T10:12Z,7013,g95e5,1.859
2026-09-09T10:12Z,7013,gA,1.829
2026-09-09T10:12Z,7013,g98e5,1.959
2026-09-09T10:12Z,7013,bio,1.749
2026-09-09T10:12Z,7021,g95e5,1.729
2026-09-09T10:12Z,7023,g95e5,1.905
2026-09-09T10:12Z,7023,g98e5,2.045
2026-09-09T10:12Z,7023,gB,1.649
2026-09-09T10:12Z,7029,gA,1.739
2026-09-09T10:12Z,7029,gB,1.435
2026-09-09T10:12Z,7046,g95e5,1.899
2026-09-09T10:12Z,7046,gA,1.899
2026-09-09T10:12Z,7046,gP,1.939
2026-09-09T10:12Z,7050,g95e5,1.889
2026-09-09T10:12Z,7050,gA,1.879
2026-09-09T10:12Z,7050,gP,1.919
2026-09-09T10:12Z,7050,g98e5,2.029
2026-09-09T10:12Z,7051,g95e5,1.869
2026-09-09T10:12Z,7051,gA,1.849
2026-09-09T10:12Z,7051,gP,1.889
2026-09-09T10:12Z,7052,g95e5,1.869
2026-09-09T10:12Z,7052,gA,1.849
2026-09-09T10:12Z,7052,gP,1.889
2026-09-09T10:12Z,7054,g95e5,1.909
2026-09-09T10:12Z,7054,gA,1.969
2026-09-09T10:12Z,7054,gP,2.034
2026-09-09T10:12Z,7054,g95e5p,1.969
2026-09-09T10:12Z,7072,glp,0.989
2026-09-09T10:12Z,7085,g95e5,1.889
2026-09-09T10:12Z,7085,g98e5,2.019
2026-09-09T10:12Z,7086,gA,1.899
2026-09-09T10:12Z,7088,g95e5,1.929
2026-09-09T10:12Z,7088,gA,1.909
2026-09-09T10:12Z,7089,g95e5,1.959
2026-09-09T10:12Z,7092,g95e5,1.968
2026-09-09T10:12Z,7092,gA,1.908
2026-09-09T10:12Z,7100,g95e5,1.925
2026-09-09T10:12Z,7111,g95e5,1.979
2026-09-09T10:12Z,7111,gA,1.955
2026-09-09T10:12Z,7114,gA,1.939
2026-09-09T10:12Z,7114,gP,2.009
2026-09-09T10:12Z,7117,g95e5,1.925
2026-09-09T10:12Z,7117,gA,1.889
2026-09-09T10:12Z,7118,g95e5,1.938
2026-09-09T10:12Z,7118,gA,1.888
2026-09-09T10:12Z,7119,g95e5,1.945
2026-09-09T10:12Z,7119,gA,1.975
2026-09-09T10:12Z,7120,g95e5,1.925
2026-09-09T10:12Z,7120,gA,1.889
2026-09-09T10:12Z,7122,g95e5,1.919
2026-09-09T10:12Z,7122,gA,1.909
2026-09-09T10:12Z,7122,g98e5,2.059
2026-09-09T10:12Z,7123,g95e5,1.939
2026-09-09T10:12Z,7123,gA,1.899
2026-09-09T10:12Z,7124,gA,1.908
2026-09-09T10:12Z,7125,g95e5,1.738
2026-09-09T10:12Z,7125,g95e5p,1.798
2026-09-09T10:12Z,7129,g95e5,1.929
2026-09-09T10:12Z,7129,gA,1.919
2026-09-09T10:12Z,7130,g95e5,1.935
2026-09-09T10:12Z,7130,gA,1.909
2026-09-09T10:12Z,7134,g95e5,1.939
2026-09-09T10:12Z,7137,g95e5,1.965
2026-09-09T10:12Z,7137,gA,1.945
2026-09-09T10:12Z,7137,gP,2.005
2026-09-09T10:12Z,7137,g98e5,2.085
2026-09-09T10:12Z,7137,glp,1.179
2026-09-09T10:12Z,7139,g95e5,1.949
2026-09-09T10:12Z,7139,gA,1.905
2026-09-09T10:12Z,7139,g98e5,2.079
2026-09-09T10:12Z,7140,g95e5,1.949
2026-09-09T10:12Z,7140,gA,1.905
2026-09-09T10:12Z,7141,g95e5,1.938
2026-09-09T10:12Z,7142,g95e5,1.938
2026-09-09T10:12Z,7142,gA,1.908
2026-09-09T10:12Z,7142,gB,1.618
2026-09-09T10:12Z,7144,g95e5,1.948
2026-09-09T10:12Z,7144,gA,1.908
2026-09-09T10:12Z,7152,g95e5,1.939
2026-09-09T10:12Z,7152,gA,1.929
2026-09-09T10:12Z,7152,gP,2.029
2026-09-09T10:12Z,7152,g98e5,2.049
2026-09-09T10:12Z,7154,g95e5,1.939
2026-09-09T10:12Z,7154,gA,1.919
2026-09-09T10:12Z,7161,g95e5,1.955
2026-09-09T10:12Z,7161,gA,1.899
2026-09-09T10:12Z,7165,g95e5,1.938
2026-09-09T10:12Z,7165,gA,1.908
2026-09-09T10:12Z,7165,gB,1.618
2026-09-09T10:12Z,7166,g95e5,1.928
2026-09-09T10:12Z,7167,g95e5,1.928
2026-09-09T10:12Z,7167,gA,1.878
2026-09-09T10:12Z,7206,glp,0.989
2026-09-09T10:12Z,7207,g95e5,1.949
2026-09-09T10:12Z,7207,gA,1.919
2026-09-09T10:12Z,7207,gP,1.994
2026-09-09T10:12Z,7207,g95e5p,2.029
2026-09-09T10:12Z,7209,g95e5,1.959
2026-09-09T10:12Z,7209,gA,1.899
2026-09-09T10:12Z,7209,gP,1.994
2026-09-09T10:12Z,7211,g95e5,1.979
2026-09-09T10:12Z,7211,gA,1.899
2026-09-09T10:12Z,7211,gP,1.984
2026-09-09T10:12Z,7213,g95e5,1.979
2026-09-09T10:12Z,7213,gA,1.919
2026-09-09T10:12Z,7213,gP,2.004
2026-09-09T10:12Z,7213,g95e5p,2.029
2026-09-09T10:12Z,7216,g95e5,1.959
2026-09-09T10:12Z,7216,gA,1.899
2026-09-09T10:12Z,7216,gP,1.994
2026-09-09T10:12Z,7216,g95e5p,2.029
2026-09-09T10:12Z,7217,g95e5,1.789
2026-09-09T10:12Z,7217,gA,1.779
2026-09-09T10:12Z,7219,g95e5,1.949
2026-09-09T10:12Z,7219,gA,1.929
2026-09-09T10:12Z,7219,gP,2.034
2026-09-09T10:12Z,7219,g95e5p,2.049
2026-09-09T10:12Z,7222,g95e5,1.959
2026-09-09T10:12Z,7222,gA,1.929
2026-09-09T10:12Z,7222,gP,2.024
2026-09-09T10:12Z,7222,g95e5p,1.999
2026-09-09T10:12Z,7223,g95e5,1.969
2026-09-09T10:12Z,7223,gA,1.929
2026-09-09T10:12Z,7223,gP,2.024
2026-09-09T10:12Z,7223,g95e5p,2.059
2026-09-09T10:12Z,7228,g95e5,1.949
2026-09-09T10:12Z,7228,gA,1.899
2026-09-09T10:12Z,7228,gP,1.969
2026-09-09T10:12Z,7228,g95e5p,2.009
2026-09-09T10:12Z,7230,g95e5,1.959
2026-09-09T10:12Z,7230,gA,1.885
2026-09-09T10:12Z,7235,g95e5,1.938
2026-09-09T10:12Z,7235,gA,1.908
2026-09-09T10:12Z,7235,gB,1.618
2026-09-09T10:12Z,7236,g95e5,1.999
2026-09-09T10:12Z,7240,g95e5,1.959
2026-09-09T10:12Z,7243,g95e5,1.959
2026-09-09T10:12Z,7243,gA,1.885
2026-09-09T10:12Z,7246,gA,1.949
2026-09-09T10:12Z,7248,g95e5,1.995
2026-09-09T10:12Z,7248,gA,1.919
2026-09-09T10:12Z,7269,gA,1.908
2026-09-09T10:12Z,7270,g95e5,1.948
2026-09-09T10:12Z,7270,gA,1.908
2026-09-09T10:12Z,7275,g95e5,1.939
2026-09-09T10:12Z,7275,gA,1.939
2026-09-09T10:12Z,7275,gP,2.029
2026-09-09T10:12Z,7275,g98e5,2.059
2026-09-09T10:12Z,7277,g95e5,1.919
2026-09-09T10:12Z,7277,gA,1.889
2026-09-09T10:12Z,7277,gP,1.979
2026-09-09T10:12Z,7277,g98e5,2.059
2026-09-09T10:12Z,7278,g95e5,1.779
2026-09-09T10:12Z,7278,gA,1.779
2026-09-09T10:12Z,7278,gP,1.859
2026-09-09T10:12Z,7284,g95e5,1.919
2026-09-09T10:12Z,7284,gA,1.889
2026-09-09T10:12Z,7284,gP,1.979
2026-09-09T10:12Z,7284,g98e5,2.059
2026-09-09T10:12Z,7289,g95e5,1.925
2026-09-09T10:12Z,7289,gA,1.909
2026-09-09T10:12Z,7289,gP,1.999
2026-09-09T10:12Z,7289,g98e5,2.066
2026-09-09T10:12Z,7290,g95e5,1.934
2026-09-09T10:12Z,7290,g95e5p,2.019
2026-09-09T10:12Z,7291,g95e5,1.875
2026-09-09T10:12Z,7291,gA,1.866
2026-09-09T10:12Z,7291,gP,1.896
2026-09-09T10:12Z,7291,g95e5p,1.895
2026-09-09T10:12Z,7294,g95e5,1.929
2026-09-09T10:12Z,7294,gA,1.893
2026-09-09T10:12Z,7294,gP,2.014
2026-09-09T10:12Z,7294,g95e5p,2.009
2026-09-09T10:12Z,7297,gA,1.969
2026-09-09T10:12Z,7297,gP,2.049
2026-09-09T10:12Z,7297,g95e5p,1.989
2026-09-09T10:12Z,7297,gB,1.839
2026-09-09T10:12Z,7299,g95e5,1.869
2026-09-09T10:12Z,7308,g95e5,2.019
2026-09-09T10:12Z,7308,gA,2.029
2026-09-09T10:12Z,7308,gP,2.114
2026-09-09T10:12Z,7308,g98e5,2.109
2026-09-09T10:12Z,7308,g95e5p,2.089
2026-09-09T10:12Z,7317,g95e5,1.939
2026-09-09T10:12Z,7317,gA,1.959
2026-09-09T10:12Z,7317,gP,2.044
2026-09-09T10:12Z,7323,g95e5,1.929
2026-09-09T10:12Z,7323,gA,1.899
2026-09-09T10:12Z,7323,g98e5,2.019
2026-09-09T10:12Z,7324,g95e5,1.839
2026-09-09T10:12Z,7324,gA,1.829
2026-09-09T10:12Z,7324,gP,1.899
2026-09-09T10:12Z,7327,g95e5,1.919
2026-09-09T10:12Z,7329,g95e5,1.875
2026-09-09T10:12Z,7329,gA,1.866
2026-09-09T10:12Z,7329,gP,1.896
2026-09-09T10:12Z,7329,g95e5p,1.895
2026-09-09T10:12Z,7340,g95e5,1.929
2026-09-09T10:12Z,7340,gA,1.939
2026-09-09T10:12Z,7340,gP,2.024
2026-09-09T10:12Z,7340,g98e5,2.029
2026-09-09T10:12Z,7341,g95e5,1.929
2026-09-09T10:12Z,7341,gA,1.939
2026-09-09T10:12Z,7341,gP,2.024
2026-09-09T10:12Z,7341,g98e5,2.029
2026-09-09T10:12Z,7344,g95e5,1.919
2026-09-09T10:12Z,7344,gA,1.909
2026-09-09T10:12Z,7344,gP,2.014
2026-09-09T10:12Z,7344,g95e5p,1.979
2026-09-09T10:12Z,7347,g95e5,1.949
2026-09-09T10:12Z,7347,g98e5,2.089
2026-09-09T10:12Z,7347,glp,1.135
2026-09-09T10:12Z,7349,gA,1.959
2026-09-09T10:12Z,7349,gP,2.034
2026-09-09T10:12Z,7351,g95e5,1.919
2026-09-09T10:12Z,7351,gA,1.889
2026-09-09T10:12Z,7351,gP,1.989
2026-09-09T10:12Z,7355,g95e5,1.909
2026-09-09T10:12Z,7355,gA,1.910
2026-09-09T10:12Z,7356,g95e5,1.789
2026-09-09T10:12Z,7356,gA,1.779
2026-09-09T10:12Z,7356,gP,1.799
2026-09-09T10:12Z,7356,g95e5p,1.809
2026-09-09T10:12Z,7364,g95e5,1.939
2026-09-09T10:12Z,7364,gA,1.945
2026-09-09T10:12Z,7371,gA,1.908
2026-09-09T10:12Z,7387,g95e5,1.929
2026-09-09T10:12Z,7387,gA,1.919
2026-09-09T10:12Z,7393,gA,1.908
2026-09-09T10:12Z,7395,g95e5,1.959
2026-09-09T10:12Z,7395,gA,1.949
2026-09-09T10:12Z,7398,g95e5,1.899
2026-09-09T10:12Z,7398,gA,1.879
2026-09-09T10:12Z,7400,gA,1.908
2026-09-09T10:12Z,7402,gA,1.928
2026-09-09T10:12Z,7402,gP,2.034
2026-09-09T10:12Z,7402,g95e5p,1.979
2026-09-09T10:12Z,7404,g95e5,1.885
2026-09-09T10:12Z,7404,gA,1.909
2026-09-09T10:12Z,7408,gA,1.929
2026-09-09T10:12Z,7410,g95e5,1.935
2026-09-09T10:12Z,7411,gA,1.899
2026-09-09T10:12Z,7413,g95e5,1.929
2026-09-09T10:12Z,7413,gA,1.905
2026-09-09T10:12Z,7414,g95e5,1.929
2026-09-09T10:12Z,7418,g95e5,1.995
2026-09-09T10:12Z,7418,gA,1.919
2026-09-09T10:12Z,7420,g95e5,1.939
2026-09-09T10:12Z,7421,g95e5,1.939
2026-09-09T10:12Z,7421,gA,1.905
2026-09-09T10:12Z,7422,g95e5,1.985
2026-09-09T10:12Z,7422,gA,1.909
2026-09-09T10:12Z,7423,g95e5,1.985
2026-09-09T10:12Z,7424,g95e5,1.938
2026-09-09T10:12Z,7424,gA,1.908
2026-09-09T10:12Z,7424,gB,1.618
2026-09-09T10:12Z,7425,g95e5,1.959
2026-09-09T10:12Z,7426,gA,1.919
2026-09-09T10:12Z,7427,g95e5,1.959
2026-09-09T10:12Z,7427,gA,1.939
2026-09-09T10:12Z,7429,gA,1.905
2026-09-09T10:12Z,7429,gP,1.955
2026-09-09T10:12Z,7429,g98e5,2.035
2026-09-09T10:12Z,7430,g95e5,1.979
2026-09-09T10:12Z,7432,gA,1.899
2026-09-09T10:12Z,7433,g95e5,1.949
2026-09-09T10:12Z,7433,gA,1.899
2026-09-09T10:12Z,7434,g95e5,1.989
2026-09-09T10:12Z,7434,gA,1.955
2026-09-09T10:12Z,7435,g95e5,1.995
2026-09-09T10:12Z,7435,gA,1.919
2026-09-09T10:12Z,7436,gA,1.949
2026-09-09T10:12Z,7439,g95e5,1.935
2026-09-09T10:12Z,7440,g95e5,1.979
2026-09-09T10:12Z,7440,gA,1.955
2026-09-09T10:12Z,7441,g95e5,1.935
2026-09-09T10:12Z,7457,g95e5,1.929
2026-09-09T10:12Z,7457,gA,1.849
2026-09-09T10:12Z,7457,gP,1.924
2026-09-09T10:12Z,7457,g95e5p,1.999
2026-09-09T10:12Z,7460,gA,1.899
2026-09-09T10:12Z,7460,gP,1.994
2026-09-09T10:12Z,7461,g95e5,1.949
2026-09-09T10:12Z,7464,g95e5,1.779
2026-09-09T10:12Z,7464,gA,1.729
2026-09-09T10:12Z,7464,gP,1.749
2026-09-09T10:12Z,7464,bio,1.689
2026-09-09T10:12Z,7487,g95e5,1.849
2026-09-09T10:12Z,7487,g98e5,2.079
2026-09-09T10:12Z,7487,gB,1.709
2026-09-09T10:12Z,7502,g95e5,1.929
2026-09-09T10:12Z,7502,gA,1.919
2026-09-09T10:12Z,7510,g95e5,1.899
2026-09-09T10:12Z,7510,gA,1.879
2026-09-09T10:12Z,7515,g95e5,1.929
2026-09-09T10:12Z,7515,gA,1.929
2026-09-09T10:12Z,7515,gP,2.014
2026-09-09T10:12Z,7515,g95e5p,1.989
2026-09-09T10:12Z,7522,g95e5,1.949
2026-09-09T10:12Z,7522,gA,1.929
2026-09-09T10:12Z,7534,g95e5,1.949
2026-09-09T10:12Z,7534,gA,1.939
2026-09-09T10:12Z,7534,gP,2.019
2026-09-09T10:12Z,7534,g98e5,2.129
2026-09-09T10:12Z,7538,g95e5,1.905
2026-09-09T10:12Z,7544,g95e5,1.929
2026-09-09T10:12Z,7544,gA,1.939
2026-09-09T10:12Z,7544,gP,2.029
2026-09-09T10:12Z,7544,g98e5,2.029
2026-09-09T10:12Z,7544,g95e5p,1.979
2026-09-09T10:12Z,7551,g95e5,1.955
2026-09-09T10:12Z,7551,gA,1.949
2026-09-09T10:12Z,7552,g95e5,1.949
2026-09-09T10:12Z,7552,gA,1.909
2026-09-09T10:12Z,7553,g95e5,1.949
2026-09-09T10:12Z,7554,gA,1.909
2026-09-09T10:12Z,7557,g95e5,1.929
2026-09-09T10:12Z,7557,gA,1.893
2026-09-09T10:12Z,7557,gP,1.984
2026-09-09T10:12Z,7557,g95e5p,1.989
2026-09-09T10:12Z,7559,g95e5,1.955
2026-09-09T10:12Z,7577,g95e5,1.919
2026-09-09T10:12Z,7577,gA,1.929
2026-09-09T10:12Z,7577,gP,1.994
2026-09-09T10:12Z,7577,gB,1.743
2026-09-09T10:12Z,7584,g95e5,1.919
2026-09-09T10:12Z,7584,gA,1.909
2026-09-09T10:12Z,7584,gP,1.959
2026-09-09T10:12Z,7584,g98e5,2.029
2026-09-09T10:12Z,7587,g95e5,1.949
2026-09-09T10:12Z,7587,gA,1.929
2026-09-09T10:12Z,7587,gP,1.989
2026-09-09T10:12Z,7587,g98e5,2.119
2026-09-09T10:12Z,7592,g95e5,1.949
2026-09-09T10:12Z,7592,gA,1.929
2026-09-09T10:12Z,7592,gP,2.014
2026-09-09T10:12Z,7592,g95e5p,1.999
2026-09-09T10:12Z,7605,g95e5,1.730
2026-09-09T10:12Z,7605,gA,1.700
2026-09-09T10:12Z,7613,g95e5,1.919
2026-09-09T10:12Z,7613,gA,1.903
2026-09-09T10:12Z,7613,gP,1.964
2026-09-09T10:12Z,7614,g95e5,1.719
2026-09-09T10:12Z,7614,gA,1.698
2026-09-09T10:12Z,7614,gP,1.729
2026-09-09T10:12Z,7634,g95e5,1.509
2026-09-09T10:12Z,7648,gA,1.780
2026-09-09T10:12Z,7649,g95e5,1.449
2026-09-09T10:12Z,7649,gA,1.559
2026-09-09T10:12Z,7649,gP,1.659
2026-09-09T10:12Z,7649,g98e5,1.579
2026-09-09T10:12Z,7650,gA,1.579
2026-09-09T10:12Z,7650,gP,1.679
2026-09-09T10:12Z,7659,gA,1.569
2026-09-09T10:12Z,7659,gP,1.669
2026-09-09T10:12Z,7664,g95e5,1.479
2026-09-09T10:12Z,7664,gA,1.579
2026-09-09T10:12Z,7664,gP,1.679
2026-09-09T10:12Z,7680,g95e5,1.449
2026-09-09T10:12Z,7696,g95e5,1.499
2026-09-09T10:12Z,7696,gA,1.599
2026-09-09T10:12Z,7696,g98e5,1.629
2026-09-09T10:12Z,7702,g95e5,1.439
2026-09-09T10:12Z,7702,gA,1.539
2026-09-09T10:12Z,7703,gP,1.719
2026-09-09T10:12Z,7707,g95e5,1.459
2026-09-09T10:12Z,7707,gA,1.579
2026-09-09T10:12Z,7710,gA,1.539
2026-09-09T10:12Z,7713,g95e5,1.499
2026-09-09T10:12Z,7719,g98e5,1.598
2026-09-09T10:12Z,7746,g95e5,1.597
2026-09-09T10:12Z,7746,gA,1.734
2026-09-09T10:12Z,7746,g98e5,1.708
2026-09-09T10:12Z,7751,gA,1.949
2026-09-09T10:12Z,7751,gP,2.024
2026-09-09T10:12Z,7753,g95e5,1.969
2026-09-09T10:12Z,7753,gA,1.949
2026-09-09T10:12Z,7753,gP,2.024
2026-09-09T10:12Z,7758,gA,1.939
2026-09-09T10:12Z,7758,gP,2.019
2026-09-09T10:12Z,7758,g98e5,2.139
2026-09-09T10:12Z,7759,gA,1.909
2026-09-09T10:12Z,7759,gP,2.009
2026-09-09T10:12Z,7764,g95e5,1.499
2026-09-09T10:12Z,7764,gA,1.579
2026-09-09T10:12Z,7764,g98e5,1.629
2026-09-09T10:12Z,7826,g95e5,1.709
2026-09-09T10:12Z,7826,gA,1.839
2026-09-09T10:12Z,7826,g98e5,1.879
2026-09-09T10:12Z,7892,g95e5,1.469
2026-09-09T10:12Z,7892,gA,1.569
2026-09-09T10:12Z,7892,g98e5,1.599
2026-09-09T10:12Z,7983,g95e5,1.969
2026-09-09T10:12Z,8018,gA,1.829
2026-09-09T10:12Z,8018,gP,1.889
2026-09-09T10:12Z,8057,gA,1.905
2026-09-09T10:12Z,8057,gP,1.995
2026-09-09T10:12Z,8076,g95e5,1.829
2026-09-09T10:12Z,8076,gA,1.789
2026-09-09T10:12Z,8076,gP,1.869
2026-09-09T10:12Z,8076,gB,1.539
2026-09-09T10:12Z,8088,g95e5,1.949
2026-09-09T10:12Z,8088,gA,1.925
2026-09-09T10:12Z,8101,g95e5,1.949
2026-09-09T10:12Z,8101,gA,1.919
2026-09-09T10:12Z,8101,gP,2.034
2026-09-09T10:12Z,8103,g95e5,1.749
2026-09-09T10:12Z,8138,g95e5,1.899
2026-09-09T10:12Z,8138,gA,1.869
2026-09-09T10:12Z,8138,gP,1.964
2026-09-09T10:12Z,8138,g95e5p,1.949
2026-09-09T10:12Z,8145,g95e5,1.989
2026-09-09T10:12Z,8145,gA,1.939
2026-09-09T10:12Z,8145,gP,2.014
2026-09-09T10:12Z,8160,g95e5,1.915
2026-09-09T10:12Z,8160,gA,1.899
2026-09-09T10:12Z,8160,gB,1.749
2026-09-09T10:12Z,8171,g95e5,1.729
2026-09-09T10:12Z,8171,gA,1.699
2026-09-09T10:12Z,8171,gP,1.749
2026-09-09T10:12Z,8171,g98e5,1.819
2026-09-09T10:12Z,8184,gA,1.879
2026-09-09T10:12Z,8184,gP,1.979
2026-09-09T10:12Z,8197,g95e5,1.915
2026-09-09T10:12Z,8197,gA,1.925
2026-09-09T10:12Z,8223,gA,1.789
2026-09-09T10:12Z,8231,g95e5,1.869
2026-09-09T10:12Z,8231,gA,1.799
2026-09-09T10:12Z,8231,gP,1.839
2026-09-09T10:12Z,8231,g98e5,2.049
2026-09-09T10:12Z,8251,gA,1.949
2026-09-09T10:12Z,8252,gA,1.945
2026-09-09T10:12Z,8253,gA,1.885
2026-09-09T10:12Z,8254,g95e5,1.949
2026-09-09T10:12Z,8254,gA,1.939
2026-09-09T10:12Z,8254,gP,2.019
2026-09-09T10:12Z,8254,g98e5,2.135
2026-09-09T10:12Z,8255,g95e5,1.369
2026-09-09T10:12Z,8255,gA,1.479
2026-09-09T10:12Z,8255,gP,1.579
2026-09-09T10:12Z,8255,g98e5,1.469
2026-09-09T10:12Z,8266,gA,1.919
2026-09-09T10:12Z,8266,gP,2.014
2026-09-09T10:12Z,8273,gA,1.769
2026-09-09T10:12Z,8276,g95e5,1.879
2026-09-09T10:12Z,8276,gA,1.855
2026-09-09T10:12Z,8276,gP,1.945
2026-09-09T10:12Z,8292,g95e5,1.979
2026-09-09T10:12Z,8292,gA,1.905
2026-09-09T10:12Z,8292,gP,1.975
2026-09-09T10:12Z,8292,g98e5,2.089
2026-09-09T10:12Z,8300,g95e5,1.969
2026-09-09T10:12Z,8300,gA,1.859
2026-09-09T10:12Z,8300,gP,1.949
2026-09-09T10:12Z,8300,g98e5,2.119
2026-09-09T10:12Z,8304,gA,1.874
2026-09-09T10:12Z,8304,gP,1.964
2026-09-09T10:12Z,8305,gA,1.874
2026-09-09T10:12Z,8305,gP,1.964
2026-09-09T10:12Z,8306,g95e5,1.939
2026-09-09T10:12Z,8306,gA,1.855
2026-09-09T10:12Z,8306,gP,1.905
2026-09-09T10:12Z,8306,g98e5,2.049
2026-09-09T10:12Z,8316,gA,1.869
2026-09-09T10:12Z,8316,gP,1.909
2026-09-09T10:12Z,8317,g95e5,1.909
2026-09-09T10:12Z,8317,gA,1.849
2026-09-09T10:12Z,8317,gP,1.889
2026-09-09T10:12Z,8317,g98e5,2.019
2026-09-09T10:12Z,8318,g95e5,1.899
2026-09-09T10:12Z,8318,gA,1.839
2026-09-09T10:12Z,8318,gP,1.879
2026-09-09T10:12Z,8319,g95e5,1.889
2026-09-09T10:12Z,8319,gA,1.869
2026-09-09T10:12Z,8319,gP,1.909
2026-09-09T10:12Z,8319,g98e5,2.069
2026-09-09T10:12Z,8323,g95e5,1.869
2026-09-09T10:12Z,8323,gA,1.855
2026-09-09T10:12Z,8323,gP,1.935
2026-09-09T10:12Z,8323,g98e5,2.099
2026-09-09T10:12Z,8323,glp,1.069
2026-09-09T10:12Z,8340,g95e5,1.739
2026-09-09T10:12Z,8340,gA,1.719
2026-09-09T10:12Z,8340,gP,1.749
2026-09-09T10:12Z,8344,g95e5,1.945
2026-09-09T10:12Z,8350,g98e5,2.099
2026-09-09T10:12Z,8356,g95e5,1.849
2026-09-09T10:12Z,8356,gA,1.789
2026-09-09T10:12Z,8356,gP,1.889
2026-09-09T10:12Z,8356,g98e5,1.949
2026-09-09T10:12Z,8361,gA,1.695
2026-09-09T10:12Z,8361,gP,1.745
2026-09-09T10:12Z,8364,g95e5,1.749
2026-09-09T10:12Z,8364,gA,1.715
2026-09-09T10:12Z,8364,gP,1.759
2026-09-09T10:12Z,8372,g95e5,1.929
2026-09-09T10:12Z,8372,gA,1.919
2026-09-09T10:12Z,8372,gP,2.019
2026-09-09T10:12Z,8372,g98e5,2.039
2026-09-09T10:12Z,8407,g95e5,1.979
2026-09-09T10:12Z,8407,g98e5,2.121
2026-09-09T10:12Z,8408,g95e5,1.928
2026-09-09T10:12Z,8408,gA,1.914
2026-09-09T10:12Z,8408,gP,1.964
2026-09-09T10:12Z,8420,g95e5,1.649
2026-09-09T10:12Z,8462,g95e5,1.659
2026-09-09T10:12Z,8462,gA,1.669
2026-09-09T10:12Z,8482,gA,1.869
2026-09-09T10:12Z,8482,gP,1.959
2026-09-09T10:12Z,8517,g95e5,1.795
2026-09-09T10:12Z,8517,gA,1.779
2026-09-09T10:12Z,8517,gP,1.799
2026-09-09T10:12Z,8517,g95e5p,1.815
2026-09-09T10:12Z,8522,g95e5,1.929
2026-09-09T10:12Z,8536,bio,1.669
2026-09-09T10:12Z,8539,g95e5,1.739
2026-09-09T10:12Z,8539,gA,1.729
2026-09-09T10:12Z,8743,g95e5,1.508
2026-09-09T10:12Z,8743,gA,1.618
2026-09-09T10:12Z,8743,gP,1.744
2026-09-09T10:12Z,8743,g98e5,1.654
2026-09-09T10:12Z,8765,g95e5,1.484
2026-09-09T10:12Z,8765,gA,1.467
2026-09-09T10:12Z,8765,gP,1.507
2026-09-09T10:12Z,8788,g95e5,1.889
2026-09-09T10:12Z,8899,gA,1.740
2026-09-09T10:12Z,8899,gB,1.390
2026-09-09T10:12Z,8905,g95e5,1.959
2026-09-09T10:12Z,8905,gA,1.929
2026-09-09T10:12Z,8905,g98e5,2.079
2026-09-09T10:12Z,8928,gP,1.779
2026-09-09T10:12Z,8954,g95e5,1.783
2026-09-09T10:12Z,8969,g95e5,1.717
2026-09-09T10:12Z,8969,gA,1.767
2026-09-09T10:12Z,8969,gP,1.867
2026-09-09T10:12Z,8969,g98e5,1.817
2026-09-09T10:12Z,8976,g95e5,1.969
2026-09-09T10:12Z,8990,g95e5,1.796
2026-09-09T10:12Z,9054,g95e5,1.779
2026-09-09T10:12Z,9054,gA,1.769
2026-09-09T10:12Z,9097,g95e5,1.988
2026-09-09T10:12Z,9097,gP,2.089
2026-09-09T10:12Z,9097,g98e5,2.099
2026-09-09T10:12Z,9135,g95e5,1.959
2026-09-09T10:12Z,9135,g98e5,2.099
2026-09-09T10:12Z,9136,g95e5,1.959
2026-09-09T10:12Z,9136,g98e5,2.099
2026-09-09T10:12Z,9137,g95e5,1.959
2026-09-09T10:12Z,9137,g98e5,2.099
2026-09-09T10:12Z,9138,g95e5,1.959
2026-09-09T10:12Z,9138,g98e5,2.099
2026-09-09T10:12Z,9140,g95e5,1.959
2026-09-09T10:12Z,9140,g98e5,2.099
2026-09-09T10:12Z,9140,gB,1.609
2026-09-09T10:12Z,9142,g95e5,1.959
2026-09-09T10:12Z,9142,g98e5,2.099
2026-09-09T10:12Z,9142,gB,1.609
2026-09-09T10:12Z,9143,g95e5,1.944
2026-09-09T10:12Z,9143,g98e5,2.085
2026-09-09T10:12Z,9158,gA,1.839
2026-09-09T10:12Z,9162,gA,1.855
2026-09-09T10:12Z,9163,g95e5,1.819
2026-09-09T10:12Z,9163,gA,1.799
2026-09-09T10:12Z,9163,gP,1.809
2026-09-09T10:12Z,9167,g95e5,1.829
2026-09-09T10:12Z,9167,gA,1.819
2026-09-09T10:12Z,9167,gP,1.829
2026-09-09T10:12Z,9182,glp,1.189
2026-09-09T10:12Z,9191,g98e5,2.042
2026-09-09T10:12Z,9215,g95e5,1.919
2026-09-09T10:12Z,9215,gA,1.832
2026-09-09T10:12Z,9231,gB,1.379
2026-09-09T10:12Z,9235,g95e5,1.909
2026-09-09T10:12Z,9235,gA,1.879
2026-09-09T10:12Z,9253,gA,1.889
2026-09-09T10:12Z,9253,g98e5,2.105
2026-09-09T10:12Z,9260,g95e5,1.919
2026-09-09T10:12Z,9260,gA,1.839
2026-09-09T10:12Z,9260,gP,1.939
2026-09-09T10:12Z,9270,g95e5,1.449
2026-09-09T10:12Z,9270,gA,1.559
2026-09-09T10:12Z,9270,gP,1.659
2026-09-09T10:12Z,9270,g98e5,1.579
2026-09-09T10:12Z,9290,gA,1.558
2026-09-09T10:12Z,9290,g98e5,1.498
2026-09-09T10:12Z,9294,g95e5,1.985
2026-09-09T10:12Z,9294,gA,1.939
2026-09-09T10:12Z,9302,g95e5,1.959
2026-09-09T10:12Z,9302,gA,1.869
2026-09-09T10:12Z,9302,gP,1.964
2026-09-09T10:12Z,9302,g95e5p,2.009
2026-09-09T10:12Z,9303,g95e5,1.979
2026-09-09T10:12Z,9303,g95e5p,2.029
2026-09-09T10:12Z,9377,gA,1.709
2026-09-09T10:12Z,9377,gP,1.709
2026-09-09T10:12Z,9384,gB,1.441
2026-09-09T10:12Z,9395,g95e5,1.945
2026-09-09T10:12Z,9395,gA,1.905
2026-09-09T10:12Z,9395,g98e5,2.065
2026-09-09T10:12Z,9426,gA,1.889
2026-09-09T10:12Z,9426,gP,1.969
2026-09-09T10:12Z,9427,g95e5,1.719
2026-09-09T10:12Z,9427,gA,1.699
2026-09-09T10:12Z,9432,g95e5,1.885
2026-09-09T10:12Z,9432,gA,1.895
2026-09-09T10:12Z,9432,gP,1.995
2026-09-09T10:12Z,9432,g98e5,1.995
2026-09-09T10:12Z,9432,gB,1.669
2026-09-09T10:12Z,9441,g95e5,1.965
2026-09-09T10:12Z,9453,g95e5,1.879
2026-09-09T10:12Z,9453,gA,1.825
2026-09-09T10:12Z,9453,gP,1.946
2026-09-09T10:12Z,9453,g98e5,2.209
2026-09-09T10:12Z,9459,g95e5,1.819
2026-09-09T10:12Z,9459,gA,1.819
2026-09-09T10:12Z,9459,gP,1.869
2026-09-09T10:12Z,9459,g98e5,1.819
2026-09-09T10:12Z,9459,gB,1.619
2026-09-09T10:12Z,9460,g95e5,1.957
2026-09-09T10:12Z,9460,gA,1.881
2026-09-09T10:12Z,9460,gP,1.940
2026-09-09T10:12Z,9460,g98e5,2.110
2026-09-09T10:12Z,9462,g95e5,1.919
2026-09-09T10:12Z,9462,gA,1.879
2026-09-09T10:12Z,9462,g98e5,2.039
2026-09-09T10:12Z,9470,gA,1.949
2026-09-09T10:12Z,9470,gP,2.089
2026-09-09T10:12Z,9471,g95e5,1.919
2026-09-09T10:12Z,9471,gA,1.899
2026-09-09T10:12Z,9490,g95e5,1.515
2026-09-09T10:12Z,9490,gA,1.605
2026-09-09T10:12Z,9490,gP,1.695
2026-09-09T10:12Z,9490,g98e5,1.669
2026-09-09T10:12Z,9495,g95e5,1.949
2026-09-09T10:12Z,9495,g98e5,2.089
2026-09-09T10:12Z,9531,g95e5,1.869
2026-09-09T10:12Z,9541,g95e5,1.929
2026-09-09T10:12Z,9541,gA,1.849
2026-09-09T10:12Z,9541,gP,1.929
2026-09-09T10:12Z,9541,g98e5,1.999
2026-09-09T10:12Z,9547,g95e5,1.749
2026-09-09T10:12Z,9550,gA,1.739
2026-09-09T10:12Z,9560,g95e5,1.719
2026-09-09T10:12Z,9560,gB,1.409
2026-09-09T10:12Z,9622,g95e5,1.899
2026-09-09T10:12Z,9622,gA,1.869
2026-09-09T10:12Z,9622,gP,1.934
2026-09-09T10:12Z,9622,g95e5p,1.939
2026-09-09T10:12Z,9626,g95e5,1.737
2026-09-09T10:12Z,9626,gA,1.737
2026-09-09T10:12Z,9632,gA,1.639
2026-09-09T10:12Z,9651,g95e5,1.939
2026-09-09T10:12Z,9651,g98e5,2.079
2026-09-09T10:12Z,9669,gA,1.930
2026-09-09T10:12Z,9670,gA,1.889
2026-09-09T10:12Z,9670,gP,1.954
2026-09-09T10:12Z,9671,g95e5,1.879
2026-09-09T10:12Z,9671,gA,1.829
2026-09-09T10:12Z,9671,gP,1.950
2026-09-09T10:12Z,9671,g98e5,2.209
2026-09-09T10:12Z,9676,gA,1.875
2026-09-09T10:12Z,9676,gB,1.719
2026-09-09T10:12Z,9680,g95e5,1.919
2026-09-09T10:12Z,9680,gA,1.879
2026-09-09T10:12Z,9680,gP,1.939
2026-09-09T10:12Z,9680,g98e5,1.999
2026-09-09T10:12Z,9684,g95e5,1.965
2026-09-09T10:12Z,9684,gA,1.905
2026-09-09T10:12Z,9684,gP,1.955
2026-09-09T10:12Z,9694,g95e5,1.874
2026-09-09T10:12Z,9694,gA,1.878
2026-09-09T10:12Z,9694,g98e5,1.994
2026-09-09T10:12Z,9699,g95e5,1.929
2026-09-09T10:12Z,9699,gA,1.828
2026-09-09T10:12Z,9704,g95e5,1.929
2026-09-09T10:12Z,9704,gA,1.879
2026-09-09T10:12Z,9704,gP,1.919
2026-09-09T10:12Z,9744,g95e5,1.894
2026-09-09T10:12Z,9744,g98e5,2.034
2026-09-09T10:12Z,9759,gA,1.929
2026-09-09T10:12Z,9759,gP,1.989
2026-09-09T10:12Z,9764,gA,1.929
2026-09-09T10:12Z,9764,gP,1.989
2026-09-09T10:12Z,9764,g98e5,1.999
2026-09-09T10:12Z,9789,g95e5,1.929
2026-09-09T10:12Z,9789,gA,1.929
2026-09-09T10:12Z,9789,gP,2.034
2026-09-09T10:12Z,9789,g95e5p,2.029
2026-09-09T10:12Z,9844,g95e5,1.959
2026-09-09T10:12Z,9844,g98e5,2.119
2026-09-09T10:12Z,9847,g95e5,1.959
2026-09-09T10:12Z,9847,g98e5,2.119
2026-09-09T10:12Z,9847,g95e5p,2.059
2026-09-09T10:12Z,9881,gA,1.929
2026-09-09T10:12Z,9892,g95e5,1.899
2026-09-09T10:12Z,9892,gA,1.888
2026-09-09T10:12Z,9892,gP,1.959
2026-09-09T10:12Z,9892,g98e5,2.084
2026-09-09T10:12Z,9922,g95e5,1.739
2026-09-09T10:12Z,9922,gA,1.769
2026-09-09T10:12Z,9922,gP,1.809
2026-09-09T10:12Z,9933,g95e5,1.955
2026-09-09T10:12Z,9933,gA,1.895
2026-09-09T10:12Z,9933,gP,1.995
2026-09-09T10:12Z,9933,g98e5,2.065
2026-09-09T10:12Z,9972,g95e5,1.717
2026-09-09T10:12Z,9972,gA,1.767
2026-09-09T10:12Z,9993,g95e5,1.829
2026-09-09T10:12Z,10006,g95e5,1.739
2026-09-09T10:12Z,10006,gA,1.759
2026-09-09T10:12Z,10017,g95e5,1.965
2026-09-09T10:12Z,10017,gA,1.929
2026-09-09T10:12Z,10019,g95e5,1.919
2026-09-09T10:12Z,10019,gA,1.919
2026-09-09T10:12Z,10019,gP,1.959
2026-09-09T10:12Z,10055,g95e5,1.929
2026-09-09T10:12Z,10055,gA,1.909
2026-09-09T10:12Z,10055,gP,1.999
2026-09-09T10:12Z,10055,g98e5,2.029
2026-09-09T10:12Z,10079,gB,1.499
2026-09-09T10:12Z,10093,gA,1.749
2026-09-09T10:12Z,10106,g95e5,1.969
2026-09-09T10:12Z,10106,gA,1.949
2026-09-09T10:12Z,10106,gP,2.064
2026-09-09T10:12Z,10107,g95e5,1.969
2026-09-09T10:12Z,10107,gA,1.949
2026-09-09T10:12Z,10107,gP,2.064
2026-09-09T10:12Z,10115,gA,1.709
2026-09-09T10:12Z,10141,g95e5,1.949
2026-09-09T10:12Z,10141,g95e5p,1.999
2026-09-09T10:12Z,10146,g95e5,1.879
2026-09-09T10:12Z,10146,gA,1.849
2026-09-09T10:12Z,10146,gP,1.879
2026-09-09T10:12Z,10146,g98e5,1.949
2026-09-09T10:12Z,10146,gB,1.599
2026-09-09T10:12Z,10182,gA,1.639
2026-09-09T10:12Z,10204,g95e5,1.899
2026-09-09T10:12Z,10249,g95e5,1.929
2026-09-09T10:12Z,10249,gA,1.903
2026-09-09T10:12Z,10249,gP,2.004
2026-09-09T10:12Z,10252,g95e5,1.935
2026-09-09T10:12Z,10272,g95e5,1.846
2026-09-09T10:12Z,10272,g98e5,1.905
2026-09-09T10:12Z,10324,g95e5,1.484
2026-09-09T10:12Z,10324,gA,1.467
2026-09-09T10:12Z,10324,gP,1.507
2026-09-09T10:12Z,10325,g95e5,1.484
2026-09-09T10:12Z,10325,gA,1.467
2026-09-09T10:12Z,10325,gP,1.507
2026-09-09T10:12Z,10366,g95e5,1.929
2026-09-09T10:12Z,10366,gA,1.929
2026-09-09T10:12Z,10366,gP,1.994
2026-09-09T10:12Z,10367,g95e5,1.919
2026-09-09T10:12Z,10367,gA,1.889
2026-09-09T10:12Z,10367,gP,1.974
2026-09-09T10:12Z,10368,g95e5,2.009
2026-09-09T10:12Z,10369,gA,1.959
2026-09-09T10:12Z,10369,gP,2.014
2026-09-09T10:12Z,10393,glp,0.989
2026-09-09T10:12Z,10484,g95e5,1.829
2026-09-09T10:12Z,10484,gA,1.795
2026-09-09T10:12Z,10484,gP,1.795
2026-09-09T10:12Z,10579,g95e5,1.939
2026-09-09T10:12Z,10579,gA,1.919
2026-09-09T10:12Z,10585,g95e5,1.899
2026-09-09T10:12Z,10585,gA,1.889
2026-09-09T10:12Z,10585,gB,1.589
2026-09-09T10:12Z,10603,g95e5,1.929
2026-09-09T10:12Z,10603,gA,1.889
2026-09-09T10:12Z,10603,g98e5,2.049
2026-09-09T10:12Z,10603,gB,1.729
2026-09-09T10:12Z,10606,g95e5,1.937
2026-09-09T10:12Z,10606,g98e5,2.034
2026-09-09T10:12Z,10608,g95e5,1.884
2026-09-09T10:12Z,10608,gA,1.913
2026-09-09T10:12Z,10608,gP,2.024
2026-09-09T10:12Z,10608,g95e5p,1.969
2026-09-09T10:12Z,10617,gA,1.909
2026-09-09T10:12Z,10617,gP,1.969
2026-09-09T10:12Z,10633,g95e5,1.509
2026-09-09T10:12Z,10636,g95e5,1.889
2026-09-09T10:12Z,10636,g98e5,1.999
2026-09-09T10:12Z,10636,gB,1.759
2026-09-09T10:12Z,10657,g95e5,1.725
2026-09-09T10:12Z,10657,gA,1.689
2026-09-09T10:12Z,10670,g95e5,1.799
2026-09-09T10:12Z,10670,gA,1.799
2026-09-09T10:12Z,10670,gP,1.879
2026-09-09T10:12Z,10670,g98e5,1.949
2026-09-09T10:12Z,10678,gA,1.799
2026-09-09T10:12Z,10719,g95e5,1.938
2026-09-09T10:12Z,10719,gA,1.888
2026-09-09T10:12Z,10740,g95e5,1.999
2026-09-09T10:12Z,10740,gA,1.919
2026-09-09T10:12Z,10740,gP,2.009
2026-09-09T10:12Z,10740,g95e5p,2.039
2026-09-09T10:12Z,10747,gA,1.709
2026-09-09T10:12Z,10752,g95e5,1.829
2026-09-09T10:12Z,10752,bio,1.729
2026-09-09T10:12Z,10756,g95e5,2.000
2026-09-09T10:12Z,10756,gA,1.950
2026-09-09T10:12Z,10756,gP,1.990
2026-09-09T10:12Z,10756,g98e5,2.110
2026-09-09T10:12Z,10758,g95e5,1.859
2026-09-09T10:12Z,10758,gA,1.819
2026-09-09T10:12Z,10758,gP,1.859
2026-09-09T10:12Z,10758,g98e5,1.979
2026-09-09T10:12Z,10759,g95e5,1.919
2026-09-09T10:12Z,10759,gA,1.879
2026-09-09T10:12Z,10759,gP,1.919
2026-09-09T10:12Z,10759,g98e5,2.079
2026-09-09T10:12Z,10767,g95e5,1.909
2026-09-09T10:12Z,10767,gA,1.829
2026-09-09T10:12Z,10767,gP,1.869
2026-09-09T10:12Z,10767,g98e5,2.019
2026-09-09T10:12Z,10768,g95e5,1.879
2026-09-09T10:12Z,10768,gA,1.869
2026-09-09T10:12Z,10768,gP,1.909
2026-09-09T10:12Z,10768,g98e5,2.039
2026-09-09T10:12Z,10771,g95e5,1.909
2026-09-09T10:12Z,10771,gA,1.879
2026-09-09T10:12Z,10771,gP,1.919
2026-09-09T10:12Z,10771,g98e5,2.009
2026-09-09T10:12Z,10772,g95e5,1.929
2026-09-09T10:12Z,10772,gA,1.869
2026-09-09T10:12Z,10772,gP,1.909
2026-09-09T10:12Z,10773,g95e5,1.869
2026-09-09T10:12Z,10773,gA,1.879
2026-09-09T10:12Z,10773,gP,1.919
2026-09-09T10:12Z,10773,g98e5,2.029
2026-09-09T10:12Z,10774,g95e5,1.909
2026-09-09T10:12Z,10774,gA,1.869
2026-09-09T10:12Z,10774,gP,1.909
2026-09-09T10:12Z,10774,g98e5,1.989
2026-09-09T10:12Z,10775,g95e5,1.849
2026-09-09T10:12Z,10775,gA,1.819
2026-09-09T10:12Z,10775,gP,1.859
2026-09-09T10:12Z,10775,g98e5,2.079
2026-09-09T10:12Z,10833,gA,1.749
2026-09-09T10:12Z,10842,g95e5,1.509
2026-09-09T10:12Z,10848,g95e5,1.859
2026-09-09T10:12Z,10848,gA,1.799
2026-09-09T10:12Z,10848,gP,1.867
2026-09-09T10:12Z,10848,g98e5,1.929
2026-09-09T10:12Z,10848,glp,1.199
2026-09-09T10:12Z,10849,g95e5,1.889
2026-09-09T10:12Z,10849,gA,1.889
2026-09-09T10:12Z,10849,gP,1.929
2026-09-09T10:12Z,10855,g95e5,1.955
2026-09-09T10:12Z,10856,g95e5,1.945
2026-09-09T10:12Z,10856,gA,1.899
2026-09-09T10:12Z,10856,gP,1.959
2026-09-09T10:12Z,10856,g98e5,2.075
2026-09-09T10:12Z,10860,g95e5,1.909
2026-09-09T10:12Z,10860,gA,1.899
2026-09-09T10:12Z,10861,g95e5,2.009
2026-09-09T10:12Z,10862,g95e5,1.999
2026-09-09T10:12Z,10862,gA,1.889
2026-09-09T10:12Z,10863,g95e5,1.989
2026-09-09T10:12Z,10863,gA,1.949
2026-09-09T10:12Z,10864,g95e5,1.975
2026-09-09T10:12Z,10869,gA,1.919
2026-09-09T10:12Z,10872,g95e5,1.949
2026-09-09T10:12Z,10872,gA,1.865
2026-09-09T10:12Z,10874,gA,1.845
2026-09-09T10:12Z,10877,g95e5,1.915
2026-09-09T10:12Z,10878,g95e5,1.915
2026-09-09T10:12Z,10878,gA,1.905
2026-09-09T10:12Z,10880,g95e5,1.909
2026-09-09T10:12Z,10880,gA,1.925
2026-09-09T10:12Z,10881,gA,1.885
2026-09-09T10:12Z,10883,g95e5,1.975
2026-09-09T10:12Z,10883,gA,1.919
2026-09-09T10:12Z,10884,gA,1.949
2026-09-09T10:12Z,10885,g95e5,1.969
2026-09-09T10:12Z,10885,gA,1.889
2026-09-09T10:12Z,10885,gP,2.004
2026-09-09T10:12Z,10885,g95e5p,2.009
2026-09-09T10:12Z,10889,g95e5,1.979
2026-09-09T10:12Z,10891,g95e5,1.955
2026-09-09T10:12Z,10891,gA,1.875
2026-09-09T10:12Z,10897,g95e5,1.929
2026-09-09T10:12Z,10897,gA,1.909
2026-09-09T10:12Z,10897,gP,1.999
2026-09-09T10:12Z,10897,g98e5,2.070
2026-09-09T10:12Z,10899,g95e5,1.938
2026-09-09T10:12Z,10899,gA,1.888
2026-09-09T10:12Z,10899,gP,1.948
2026-09-09T10:12Z,10899,g98e5,2.048
2026-09-09T10:12Z,10899,gB,1.538
2026-09-09T10:12Z,10945,g95e5,1.929
2026-09-09T10:12Z,10945,gA,1.879
2026-09-09T10:12Z,10945,gP,1.964
2026-09-09T10:12Z,10945,g95e5p,1.979
2026-09-09T10:12Z,10969,g95e5,1.969
2026-09-09T10:12Z,10969,gA,1.879
2026-09-09T10:12Z,10969,gP,1.964
2026-09-09T10:12Z,10969,g98e5,2.079
2026-09-09T10:12Z,10969,gB,1.818
2026-09-09T10:12Z,10974,g95e5,1.929
2026-09-09T10:12Z,10976,g95e5,1.919
2026-09-09T10:12Z,10976,gA,1.879
2026-09-09T10:12Z,10976,gP,1.984
2026-09-09T10:12Z,10982,gA,1.949
2026-09-09T10:12Z,10982,gP,2.034
2026-09-09T10:12Z,10999,g95e5,1.764
2026-09-09T10:12Z,10999,gA,1.732
2026-09-09T10:12Z,11009,g95e5,1.849
2026-09-09T10:12Z,11009,gA,1.693
2026-09-09T10:12Z,11009,gP,1.703
2026-09-09T10:12Z,11009,g98e5,1.889
2026-09-09T10:12Z,11010,g95e5,1.969
2026-09-09T10:12Z,11016,g95e5,1.929
2026-09-09T10:12Z,11016,gA,1.889
2026-09-09T10:12Z,11016,gP,1.964
2026-09-09T10:12Z,11020,g95e5,1.799
2026-09-09T10:12Z,11020,gA,1.729
2026-09-09T10:12Z,11020,gP,1.739
2026-09-09T10:12Z,11025,gA,1.889
2026-09-09T10:12Z,11025,gP,2.004
2026-09-09T10:12Z,11029,g95e5,1.799
2026-09-09T10:12Z,11029,gA,1.689
2026-09-09T10:12Z,11029,gP,1.759
2026-09-09T10:12Z,11030,gB,1.509
2026-09-09T10:12Z,11031,g95e5,1.919
2026-09-09T10:12Z,11031,g98e5,2.059
2026-09-09T10:12Z,11037,g95e5,1.909
2026-09-09T10:12Z,11037,g98e5,2.019
2026-09-09T10:12Z,11058,g95e5,1.959
2026-09-09T10:12Z,11058,gA,1.909
2026-09-09T10:12Z,11058,gP,1.994
2026-09-09T10:12Z,11058,g95e5p,2.029
2026-09-09T10:12Z,11060,g95e5,1.939
2026-09-09T10:12Z,11060,gA,1.889
2026-09-09T10:12Z,11060,g98e5,2.139
2026-09-09T10:12Z,11063,gA,1.759
2026-09-09T10:12Z,11063,gP,1.799
2026-09-09T10:12Z,11063,g98e5,1.909
2026-09-09T10:12Z,11081,g95e5,1.749
2026-09-09T10:12Z,11081,gA,1.769
2026-09-09T10:12Z,11081,gP,1.809
2026-09-09T10:12Z,11081,gB,1.479
2026-09-09T10:12Z,11087,g95e5,1.955
2026-09-09T10:12Z,11087,gA,1.935
2026-09-09T10:12Z,11088,g95e5,1.939
2026-09-09T10:12Z,11090,g95e5,1.739
2026-09-09T10:12Z,11090,gA,1.739
2026-09-09T10:12Z,11103,g95e5,1.859
2026-09-09T10:12Z,11109,gA,1.899
2026-09-09T10:12Z,11117,g98e5,2.099
2026-09-09T10:12Z,11118,g95e5,1.909
2026-09-09T10:12Z,11118,gA,1.829
2026-09-09T10:12Z,11118,gP,1.869
2026-09-09T10:12Z,11121,g95e5,1.949
2026-09-09T10:12Z,11121,g98e5,2.089
2026-09-09T10:12Z,11137,g95e5,1.929
2026-09-09T10:12Z,11137,gA,1.879
2026-09-09T10:12Z,11137,gP,2.004
2026-09-09T10:12Z,11137,g95e5p,1.969
2026-09-09T10:12Z,11138,g95e5,1.979
2026-09-09T10:12Z,11138,gA,1.919
2026-09-09T10:12Z,11138,gP,2.004
2026-09-09T10:12Z,11138,g95e5p,2.049
2026-09-09T10:12Z,11141,g95e5,1.900
2026-09-09T10:12Z,11141,gA,1.900
2026-09-09T10:12Z,11141,g98e5,2.050
2026-09-09T10:12Z,11149,g95e5,1.909
2026-09-09T10:12Z,11149,gA,1.879
2026-09-09T10:12Z,11149,gP,1.979
2026-09-09T10:12Z,11149,gB,1.699
2026-09-09T10:12Z,11163,g95e5,1.909
2026-09-09T10:12Z,11163,gA,1.919
2026-09-09T10:12Z,11163,gP,2.004
2026-09-09T10:12Z,11175,g95e5,1.889
2026-09-09T10:12Z,11175,gA,1.799
2026-09-09T10:12Z,11186,g95e5,1.919
2026-09-09T10:12Z,11186,gA,1.869
2026-09-09T10:12Z,11186,gP,1.909
2026-09-09T10:12Z,11186,g98e5,2.059
2026-09-09T10:12Z,11189,g95e5,2.005
2026-09-09T10:12Z,11201,gA,1.899
2026-09-09T10:12Z,11201,gP,1.989
2026-09-09T10:12Z,11206,g95e5,1.789
2026-09-09T10:12Z,11206,g98e5,1.889
2026-09-09T10:12Z,11216,gA,1.753
2026-09-09T10:12Z,11225,g95e5,1.979
2026-09-09T10:12Z,11225,gA,1.929
2026-09-09T10:12Z,11225,gP,2.019
2026-09-09T10:12Z,11239,g95e5,1.965
2026-09-09T10:12Z,11239,gA,1.925
2026-09-09T10:12Z,11267,g95e5,1.909
2026-09-09T10:12Z,11267,gA,1.869
2026-09-09T10:12Z,11267,gP,1.909
2026-09-09T10:12Z,11273,g95e5,1.965
2026-09-09T10:12Z,11273,gA,1.949
2026-09-09T10:12Z,11284,g95e5,1.929
2026-09-09T10:12Z,11284,gA,1.909
2026-09-09T10:12Z,11294,g95e5,1.939
2026-09-09T10:12Z,11294,gA,1.879
2026-09-09T10:12Z,11294,gP,1.969
2026-09-09T10:12Z,11294,g95e5p,1.999
2026-09-09T10:12Z,11295,g95e5,1.919
2026-09-09T10:12Z,11295,gA,1.829
2026-09-09T10:12Z,11295,gP,1.869
2026-09-09T10:12Z,11295,g98e5,2.089
2026-09-09T10:12Z,11308,g95e5,1.739
2026-09-09T10:12Z,11341,gA,1.879
2026-09-09T10:12Z,11341,gB,1.649
2026-09-09T10:12Z,11343,g95e5,1.869
2026-09-09T10:12Z,11343,gA,1.859
2026-09-09T10:12Z,11343,gP,1.949
2026-09-09T10:12Z,11344,g95e5,1.939
2026-09-09T10:12Z,11344,gA,1.879
2026-09-09T10:12Z,11344,gP,1.969
2026-09-09T10:12Z,11344,g98e5,2.079
2026-09-09T10:12Z,11353,g95e5,1.899
2026-09-09T10:12Z,11353,gA,1.899
2026-09-09T10:12Z,11353,gP,1.994
2026-09-09T10:12Z,11353,g95e5p,1.959
2026-09-09T10:12Z,11354,g95e5,1.869
2026-09-09T10:12Z,11354,gA,1.849
2026-09-09T10:12Z,11354,gP,1.889
2026-09-09T10:12Z,11354,g98e5,2.029
2026-09-09T10:12Z,11392,g95e5,1.989
2026-09-09T10:12Z,11392,gA,1.859
2026-09-09T10:12Z,11392,g98e5,2.109
2026-09-09T10:12Z,11393,g95e5,2.005
2026-09-09T10:12Z,11393,gA,1.925
2026-09-09T10:12Z,11393,gP,1.985
2026-09-09T10:12Z,11393,g98e5,2.115
2026-09-09T10:12Z,11393,g95e5p,2.065
2026-09-09T10:12Z,11393,glp,1.195
2026-09-09T10:12Z,11394,g95e5,1.559
2026-09-09T10:12Z,11409,g95e5,1.879
2026-09-09T10:12Z,11409,g98e5,2.039
2026-09-09T10:12Z,11409,gB,1.539
2026-09-09T10:12Z,11412,g95e5,1.989
2026-09-09T10:12Z,11412,gA,1.929
2026-09-09T10:12Z,11412,gP,2.014
2026-09-09T10:12Z,11412,g95e5p,2.029
2026-09-09T10:12Z,11419,gA,1.679
2026-09-09T10:12Z,11419,gP,1.723
2026-09-09T10:12Z,11424,g95e5,1.955
2026-09-09T10:12Z,11427,g95e5,1.955
2026-09-09T10:12Z,11428,g95e5,1.985
2026-09-09T10:12Z,11428,gA,1.875
2026-09-09T10:12Z,11439,g95e5,1.849
2026-09-09T10:12Z,11449,g95e5,1.915
2026-09-09T10:12Z,11449,gA,1.869
2026-09-09T10:12Z,11449,gP,1.889
2026-09-09T10:12Z,11454,g95e5,1.949
2026-09-09T10:12Z,11454,gA,1.889
2026-09-09T10:12Z,11454,gP,2.004
2026-09-09T10:12Z,11454,g95e5p,2.019
2026-09-09T10:12Z,11483,gA,1.730
2026-09-09T10:12Z,11483,gB,1.459
2026-09-09T10:12Z,11486,g95e5,1.939
2026-09-09T10:12Z,11486,gA,1.893
2026-09-09T10:12Z,11486,gP,1.984
2026-09-09T10:12Z,11486,g95e5p,2.009
2026-09-09T10:12Z,11488,g95e5,1.945
2026-09-09T10:12Z,11488,gA,1.919
2026-09-09T10:12Z,11488,gP,1.969
2026-09-09T10:12Z,11491,g95e5,1.999
2026-09-09T10:12Z,11491,gA,1.939
2026-09-09T10:12Z,11495,g95e5,1.889
2026-09-09T10:12Z,11495,gA,1.869
2026-09-09T10:12Z,11495,gP,1.909
2026-09-09T10:12Z,11495,g98e5,2.039
2026-09-09T10:12Z,11497,g95e5,2.005
2026-09-09T10:12Z,11497,gA,1.909
2026-09-09T10:12Z,11513,g95e5,1.764
2026-09-09T10:12Z,11513,g98e5,1.894
2026-09-09T10:12Z,11514,gA,1.939
2026-09-09T10:12Z,11514,gP,2.039
2026-09-09T10:12Z,11519,g95e5,1.679
2026-09-09T10:12Z,11519,gA,1.627
2026-09-09T10:12Z,11520,gA,1.769
2026-09-09T10:12Z,11520,gP,1.789
2026-09-09T10:12Z,11526,g95e5,1.945
2026-09-09T10:12Z,11528,g98e5,1.979
2026-09-09T10:12Z,11529,g95e5,1.899
2026-09-09T10:12Z,11529,gA,1.859
2026-09-09T10:12Z,11529,gP,1.899
2026-09-09T10:12Z,11529,g98e5,2.009
2026-09-09T10:12Z,11534,gA,1.909
2026-09-09T10:12Z,11536,g95e5,1.979
2026-09-09T10:12Z,11538,g95e5,1.975
2026-09-09T10:12Z,11539,g95e5,1.949
2026-09-09T10:12Z,11539,gA,1.939
2026-09-09T10:12Z,11539,gP,2.014
2026-09-09T10:12Z,11539,g95e5p,2.009
2026-09-09T10:12Z,11542,gA,1.869
2026-09-09T10:12Z,11542,gP,1.959
2026-09-09T10:12Z,11560,g95e5,2.009
2026-09-09T10:12Z,11560,gA,1.919
2026-09-09T10:12Z,11563,g95e5,1.929
2026-09-09T10:12Z,11563,gA,1.919
2026-09-09T10:12Z,11564,g95e5,1.929
2026-09-09T10:12Z,11565,g95e5,1.989
2026-09-09T10:12Z,11565,gA,1.939
2026-09-09T10:12Z,11565,g98e5,2.139
2026-09-09T10:12Z,11565,bio,2.029
2026-09-09T10:12Z,11575,g95e5,1.975
2026-09-09T10:12Z,11579,g95e5,1.749
2026-09-09T10:12Z,11581,g95e5,1.969
2026-09-09T10:12Z,11581,gA,1.939
2026-09-09T10:12Z,11585,g95e5,1.889
2026-09-09T10:12Z,11585,gA,1.899
2026-09-09T10:12Z,11585,gP,1.939
2026-09-09T10:12Z,11585,g98e5,2.009
2026-09-09T10:12Z,11589,g95e5,1.989
2026-09-09T10:12Z,11589,g98e5,2.099
2026-09-09T10:12Z,11593,g95e5,1.979
2026-09-09T10:12Z,11617,g95e5,1.999
2026-09-09T10:12Z,11617,gA,1.949
2026-09-09T10:12Z,11617,g98e5,2.109
2026-09-09T10:12Z,11617,gB,1.789
2026-09-09T10:12Z,11629,gA,1.789
2026-09-09T10:12Z,11633,g95e5,1.919
2026-09-09T10:12Z,11633,gA,1.879
2026-09-09T10:12Z,11633,gP,1.964
2026-09-09T10:12Z,11633,g95e5p,2.009
2026-09-09T10:12Z,11637,g95e5,1.799
2026-09-09T10:12Z,11637,g98e5,1.999
2026-09-09T10:12Z,11649,g95e5,1.839
2026-09-09T10:12Z,11649,gA,1.829
2026-09-09T10:12Z,11649,gP,1.869
2026-09-09T10:12Z,11649,g98e5,2.009
2026-09-09T10:12Z,11656,g95e5,1.669
2026-09-09T10:12Z,11656,gA,1.709
2026-09-09T10:12Z,11656,gP,1.729
2026-09-09T10:12Z,11656,g98e5,1.689
2026-09-09T10:12Z,11656,gB,1.459
2026-09-09T10:12Z,11659,glp,1.149
2026-09-09T10:12Z,11661,g95e5,1.965
2026-09-09T10:12Z,11661,gA,1.925
2026-09-09T10:12Z,11662,g95e5,1.965
2026-09-09T10:12Z,11662,gA,1.925
2026-09-09T10:12Z,11669,gA,1.935
2026-09-09T10:12Z,11674,g95e5,1.909
2026-09-09T10:12Z,11674,gA,1.863
2026-09-09T10:12Z,11674,gP,1.974
2026-09-09T10:12Z,11674,g95e5p,1.989
2026-09-09T10:12Z,11685,g95e5,1.959
2026-09-09T10:12Z,11685,gA,1.839
2026-09-09T10:12Z,11685,gP,1.939
2026-09-09T10:12Z,11685,g95e5p,1.999
2026-09-09T10:12Z,11696,g95e5,1.959
2026-09-09T10:12Z,11696,gA,1.859
2026-09-09T10:12Z,11713,g95e5,1.649
2026-09-09T10:12Z,11713,gA,1.729
2026-09-09T10:12Z,11713,gB,1.329
2026-09-09T10:12Z,11726,gA,1.929
2026-09-09T10:12Z,11749,g95e5,1.939
2026-09-09T10:12Z,11749,gA,1.889
2026-09-09T10:12Z,11749,gP,1.974
2026-09-09T10:12Z,11749,g95e5p,2.019
2026-09-09T10:12Z,11756,g95e5,1.709
2026-09-09T10:12Z,11756,gA,1.699
2026-09-09T10:12Z,11756,gP,1.779
2026-09-09T10:12Z,11773,g95e5,1.765
2026-09-09T10:12Z,11773,gA,1.775
2026-09-09T10:12Z,11773,gP,1.825
2026-09-09T10:12Z,11773,g98e5,1.849
2026-09-09T10:12Z,11779,g95e5,1.869
2026-09-09T10:12Z,11779,gA,1.799
2026-09-09T10:12Z,11779,gP,1.839
2026-09-09T10:12Z,11779,g98e5,2.049
2026-09-09T10:12Z,11780,gA,1.820
2026-09-09T10:12Z,11787,g95e5,1.955
2026-09-09T10:12Z,11787,gA,1.935
2026-09-09T10:12Z,11792,g95e5,1.949
2026-09-09T10:12Z,11792,gA,1.879
2026-09-09T10:12Z,11792,gP,2.004
2026-09-09T10:12Z,11792,g95e5p,2.029
2026-09-09T10:12Z,11793,g95e5,1.795
2026-09-09T10:12Z,11793,gA,1.735
2026-09-09T10:12Z,11799,g95e5,1.889
2026-09-09T10:12Z,11799,gA,1.883
2026-09-09T10:12Z,11799,gP,1.994
2026-09-09T10:12Z,11799,g95e5p,1.969
2026-09-09T10:12Z,11809,gP,1.817
2026-09-09T10:12Z,11816,g95e5,1.909
2026-09-09T10:12Z,11816,gA,1.849
2026-09-09T10:12Z,11816,gP,1.889
2026-09-09T10:12Z,11816,g98e5,2.019
2026-09-09T10:12Z,11830,g95e5,1.969
2026-09-09T10:12Z,11830,g98e5,2.079
2026-09-09T10:12Z,11832,g95e5,2.009
2026-09-09T10:12Z,11833,g95e5,1.945
2026-09-09T10:12Z,11834,g95e5,1.945
2026-09-09T10:12Z,11878,g95e5,1.969
2026-09-09T10:12Z,11878,gA,1.889
2026-09-09T10:12Z,11878,gP,1.989
2026-09-09T10:12Z,11878,g95e5p,2.049
2026-09-09T10:12Z,11883,g95e5,1.939
2026-09-09T10:12Z,11883,gA,1.889
2026-09-09T10:12Z,11883,gP,1.969
2026-09-09T10:12Z,11883,gB,1.649
2026-09-09T10:12Z,11886,g95e5,1.739
2026-09-09T10:12Z,11886,gA,1.739
2026-09-09T10:12Z,11890,gA,1.874
2026-09-09T10:12Z,11890,gP,1.964
2026-09-09T10:12Z,11899,g95e5,1.729
2026-09-09T10:12Z,11899,gA,1.689
2026-09-09T10:12Z,11899,gP,1.749
2026-09-09T10:12Z,11918,g95e5,1.709
2026-09-09T10:12Z,11918,gA,1.699
2026-09-09T10:12Z,11918,gP,1.729
2026-09-09T10:12Z,11926,g95e5,1.959
2026-09-09T10:12Z,11926,gP,1.979
2026-09-09T10:12Z,11926,gB,1.749
2026-09-09T10:12Z,11932,g95e5,1.789
2026-09-09T10:12Z,11932,g98e5,1.909
2026-09-09T10:12Z,11942,g95e5,1.949
2026-09-09T10:12Z,11942,gA,1.869
2026-09-09T10:12Z,11942,gP,1.954
2026-09-09T10:12Z,11942,g95e5p,1.989
2026-09-09T10:12Z,11954,gP,1.733
2026-09-09T10:12Z,11954,g95e5p,1.743
2026-09-09T10:12Z,11960,g95e5,1.989
2026-09-09T10:12Z,11960,gA,1.949
2026-09-09T10:12Z,11960,g98e5,2.149
2026-09-09T10:12Z,11960,glp,1.139
2026-09-09T10:12Z,11964,g95e5,1.979
2026-09-09T10:12Z,11965,g95e5,1.925
2026-09-09T10:12Z,11965,gA,1.905
2026-09-09T10:12Z,11965,gP,1.955
2026-09-09T10:12Z,11965,g98e5,2.035
2026-09-09T10:12Z,11974,g95e5,1.959
2026-09-09T10:12Z,11974,gA,1.919
2026-09-09T10:12Z,11986,gA,1.879
2026-09-09T10:12Z,11992,g95e5,1.945
2026-09-09T10:12Z,11992,g95e5p,1.965
2026-09-09T10:12Z,11997,g95e5,1.749
2026-09-09T10:12Z,12002,g95e5,1.969
2026-09-09T10:12Z,12002,gA,1.889
2026-09-09T10:12Z,12002,gP,1.989
2026-09-09T10:12Z,12004,g95e5,1.899
2026-09-09T10:12Z,12004,gA,1.869
2026-09-09T10:12Z,12004,gP,1.959
2026-09-09T10:12Z,12004,g98e5,2.039
2026-09-09T10:12Z,12012,g95e5,1.959
2026-09-09T10:12Z,12012,g98e5,2.099
2026-09-09T10:12Z,12015,g95e5,1.669
2026-09-09T10:12Z,12022,g95e5,1.919
2026-09-09T10:12Z,12022,gA,1.939
2026-09-09T10:12Z,12023,g95e5,1.919
2026-09-09T10:12Z,12023,gA,1.949
2026-09-09T10:12Z,12026,g95e5,1.708
2026-09-09T10:12Z,12026,gA,1.668
2026-09-09T10:12Z,12033,g95e5,1.759
2026-09-09T10:12Z,12045,g95e5,1.989
2026-09-09T10:12Z,12046,g95e5,1.989
2026-09-09T10:12Z,12046,gA,1.935
2026-09-09T10:12Z,12048,g95e5,1.719
2026-09-09T10:12Z,12048,gA,1.719
2026-09-09T10:12Z,12048,gP,1.779
2026-09-09T10:12Z,12061,g95e5,1.959
2026-09-09T10:12Z,12061,gP,1.959
2026-09-09T10:12Z,12061,g98e5,2.069
2026-09-09T10:12Z,12062,g95e5,1.939
2026-09-09T10:12Z,12062,gA,1.839
2026-09-09T10:12Z,12062,gP,1.879
2026-09-09T10:12Z,12062,g98e5,2.079
2026-09-09T10:12Z,12084,g95e5,1.439
2026-09-09T10:12Z,12085,g95e5,1.939
2026-09-09T10:12Z,12085,gA,1.889
2026-09-09T10:12Z,12085,gP,1.929
2026-09-09T10:12Z,12085,gB,1.689
2026-09-09T10:12Z,12088,g95e5,1.719
2026-09-09T10:12Z,12088,gA,1.769
2026-09-09T10:12Z,12089,g95e5,1.957
2026-09-09T10:12Z,12089,gA,1.859
2026-09-09T10:12Z,12089,gP,1.909
2026-09-09T10:12Z,12089,g98e5,2.116
2026-09-09T10:12Z,12091,g95e5,1.989
2026-09-09T10:12Z,12091,gA,1.929
2026-09-09T10:12Z,12091,gP,2.014
2026-09-09T10:12Z,12096,g95e5,1.919
2026-09-09T10:12Z,12101,gA,1.899
2026-09-09T10:12Z,12101,gP,1.984
2026-09-09T10:12Z,12109,g95e5,1.949
2026-09-09T10:12Z,12109,gA,1.889
2026-09-09T10:12Z,12109,gP,1.974
2026-09-09T10:12Z,12109,g95e5p,2.019
2026-09-09T10:12Z,12113,g95e5,1.959
2026-09-09T10:12Z,12113,gP,1.979
2026-09-09T10:12Z,12113,gB,1.749
2026-09-09T10:12Z,12116,gA,1.659
2026-09-09T10:12Z,12116,gP,1.709
2026-09-09T10:12Z,12117,gA,1.839
2026-09-09T10:12Z,12122,gA,1.879
2026-09-09T10:12Z,12124,g95e5,1.955
2026-09-09T10:12Z,12125,g95e5,1.955
2026-09-09T10:12Z,12125,gA,1.935
2026-09-09T10:12Z,12128,gA,1.839
2026-09-09T10:12Z,12133,gA,1.658
2026-09-09T10:12Z,12133,gP,1.678
2026-09-09T10:12Z,12134,g95e5,1.959
2026-09-09T10:12Z,12134,gA,1.869
2026-09-09T10:12Z,12134,gP,1.974
2026-09-09T10:12Z,12134,g95e5p,2.039
2026-09-09T10:12Z,12140,g95e5,1.979
2026-09-09T10:12Z,12148,g95e5,1.889
2026-09-09T10:12Z,12148,gA,1.809
2026-09-09T10:12Z,12148,gP,1.849
2026-09-09T10:12Z,12148,g98e5,2.019
2026-09-09T10:12Z,12154,g95e5,1.839
2026-09-09T10:12Z,12154,gA,1.789
2026-09-09T10:12Z,12154,gP,1.829
2026-09-09T10:12Z,12155,g95e5,1.839
2026-09-09T10:12Z,12156,g95e5,1.879
2026-09-09T10:12Z,12156,gA,1.849
2026-09-09T10:12Z,12159,g95e5,1.965
2026-09-09T10:12Z,12162,g95e5,1.739
2026-09-09T10:12Z,12162,gA,1.739
2026-09-09T10:12Z,12162,gP,1.779
2026-09-09T10:12Z,12162,g98e5,2.009
2026-09-09T10:12Z,12162,gB,1.539
2026-09-09T10:12Z,12170,g95e5,1.955
2026-09-09T10:12Z,12170,g98e5,2.095
2026-09-09T10:12Z,12179,g95e5,1.929
2026-09-09T10:12Z,12179,gA,1.899
2026-09-09T10:12Z,12179,gP,1.939
2026-09-09T10:12Z,12184,g95e5,1.829
2026-09-09T10:12Z,12184,gA,1.729
2026-09-09T10:12Z,12185,g95e5,1.949
2026-09-09T10:12Z,12185,gA,1.828
2026-09-09T10:12Z,12185,gP,1.928
2026-09-09T10:12Z,12189,g95e5,1.699
2026-09-09T10:12Z,12189,gA,1.668
2026-09-09T10:12Z,12192,g95e5,1.833
2026-09-09T10:12Z,12192,gA,1.757
2026-09-09T10:12Z,12192,gP,1.884
2026-09-09T10:12Z,12193,g95e5,2.005
2026-09-09T10:12Z,12193,gA,1.935
2026-09-09T10:12Z,12197,g95e5,1.719
2026-09-09T10:12Z,12197,gA,1.697
2026-09-09T10:12Z,12206,gB,1.379
2026-09-09T10:12Z,12214,g95e5,1.929
2026-09-09T10:12Z,12214,gA,1.899
2026-09-09T10:12Z,12214,gP,1.964
2026-09-09T10:12Z,12214,g95e5p,2.029
2026-09-09T10:12Z,12232,g95e5,1.989
2026-09-09T10:12Z,12232,gA,1.909
2026-09-09T10:12Z,12233,g95e5,1.829
2026-09-09T10:12Z,12233,gA,1.809
2026-09-09T10:12Z,12233,gP,1.844
2026-09-09T10:12Z,12233,g98e5,2.009
2026-09-09T10:12Z,12233,gB,1.559
2026-09-09T10:12Z,12239,g95e5,1.999
2026-09-09T10:12Z,12239,gA,1.959
2026-09-09T10:12Z,12242,g95e5,1.925
2026-09-09T10:12Z,12242,gA,1.885
2026-09-09T10:12Z,12254,g95e5,1.839
2026-09-09T10:12Z,12254,gA,1.859
2026-09-09T10:12Z,12257,g95e5,1.725
2026-09-09T10:12Z,12263,gA,1.759
2026-09-09T10:12Z,12276,g95e5,1.967
2026-09-09T10:12Z,12276,gA,1.861
2026-09-09T10:12Z,12276,gP,1.961
2026-09-09T10:12Z,12276,g98e5,2.127
2026-09-09T10:12Z,12278,g95e5,1.739
2026-09-09T10:12Z,12278,gA,1.717
2026-09-09T10:12Z,12286,gA,1.869
2026-09-09T10:12Z,12289,gA,1.889
2026-09-09T10:12Z,12297,g95e5,1.729
2026-09-09T10:12Z,12297,gA,1.679
2026-09-09T10:12Z,12307,g95e5,1.699
2026-09-09T10:12Z,12307,gA,1.719
2026-09-09T10:12Z,12307,gP,1.739
2026-09-09T10:12Z,12317,gA,1.679
2026-09-09T10:12Z,12319,g95e5,1.749
2026-09-09T10:12Z,12321,g95e5,1.689
2026-09-09T10:12Z,12321,gA,1.739
2026-09-09T10:12Z,12321,gP,1.839
2026-09-09T10:12Z,12321,g98e5,1.889
2026-09-09T10:12Z,12327,g95e5,1.849
2026-09-09T10:12Z,12327,gA,1.819
2026-09-09T10:12Z,12327,gP,1.859
2026-09-09T10:12Z,12327,g98e5,2.029
2026-09-09T10:12Z,12350,g95e5,1.985
2026-09-09T10:12Z,12350,gA,1.925
2026-09-09T10:12Z,12355,g95e5,1.909
2026-09-09T10:12Z,12355,gA,1.829
2026-09-09T10:12Z,12355,gP,1.869
2026-09-09T10:12Z,12355,g98e5,2.009
2026-09-09T10:12Z,12358,g98e5,2.125
2026-09-09T10:12Z,12361,g95e5,1.719
2026-09-09T10:12Z,12378,g95e5,1.789
2026-09-09T10:12Z,12378,gA,1.839
2026-09-09T10:12Z,12384,g95e5,1.869
2026-09-09T10:12Z,12384,gA,1.819
2026-09-09T10:12Z,12384,gP,1.859
2026-09-09T10:12Z,12386,g95e5,1.794
2026-09-09T10:12Z,12386,gA,1.789
2026-09-09T10:12Z,12389,g95e5,1.925
2026-09-09T10:12Z,12395,g95e5,2.005
2026-09-09T10:12Z,12396,g95e5,1.979
2026-09-09T10:12Z,12408,g95e5,1.721
2026-09-09T10:12Z,12419,g95e5,1.749
2026-09-09T10:12Z,12430,gA,1.719
2026-09-09T10:12Z,12441,gA,1.909
2026-09-09T10:12Z,12443,g95e5,1.759
2026-09-09T10:12Z,12443,gA,1.789
2026-09-09T10:12Z,12444,g95e5,1.745
2026-09-09T10:12Z,12444,gA,1.736
2026-09-09T10:12Z,12444,gP,1.776
2026-09-09T10:12Z,12450,g95e5,1.829
2026-09-09T10:12Z,12450,gA,1.779
2026-09-09T10:12Z,12453,g95e5,1.979
2026-09-09T10:12Z,12453,gA,1.939
2026-09-09T10:12Z,12456,g95e5,1.689
2026-09-09T10:12Z,12456,gA,1.739
2026-09-09T10:12Z,12458,g95e5,1.929
2026-09-09T10:12Z,12458,gA,1.929
2026-09-09T10:12Z,12458,gP,2.019
2026-09-09T10:12Z,12474,g95e5,1.679
2026-09-09T10:12Z,12474,gP,1.729
2026-09-09T10:12Z,12485,g95e5,1.908
2026-09-09T10:12Z,12485,gA,1.822
2026-09-09T10:12Z,12485,g98e5,2.042
2026-09-09T10:12Z,12486,g95e5,1.749
2026-09-09T10:12Z,12486,gA,1.719
2026-09-09T10:12Z,12487,g95e5,1.829
2026-09-09T10:12Z,12487,gA,1.849
2026-09-09T10:12Z,12499,g95e5,1.959
2026-09-09T10:12Z,12499,g98e5,2.099
2026-09-09T10:12Z,12503,g95e5,1.989
2026-09-09T10:12Z,12503,gA,1.909
2026-09-09T10:12Z,12503,gP,2.009
2026-09-09T10:12Z,12503,g95e5p,2.059
2026-09-09T10:12Z,12514,g95e5,1.730
2026-09-09T10:12Z,12514,gA,1.679
2026-09-09T10:12Z,12514,gB,1.440
2026-09-09T10:12Z,12517,g95e5,1.679
2026-09-09T10:12Z,12517,gA,1.659
2026-09-09T10:12Z,12517,gP,1.759
2026-09-09T10:12Z,12550,g95e5,1.749
2026-09-09T10:12Z,12568,g95e5,1.859
2026-09-09T10:12Z,12568,gA,1.809
2026-09-09T10:12Z,12568,glp,1.039
2026-09-09T10:12Z,12572,g95e5,1.899
2026-09-09T10:12Z,12574,glp,1.039
2026-09-09T10:12Z,12595,gA,1.759
2026-09-09T10:12Z,12595,gB,1.439
2026-09-09T10:12Z,12600,g95e5,1.839
2026-09-09T10:12Z,12600,gA,1.879
2026-09-09T10:12Z,12604,g95e5,1.919
2026-09-09T10:12Z,12604,gA,1.875
2026-09-09T10:12Z,12604,gP,1.975
2026-09-09T10:12Z,12604,g98e5,2.079
2026-09-09T10:12Z,12606,gA,1.879
2026-09-09T10:12Z,12607,g95e5,1.909
2026-09-09T10:12Z,12607,gA,1.899
2026-09-09T10:12Z,12608,g95e5,1.909
2026-09-09T10:12Z,12608,gA,1.859
2026-09-09T10:12Z,12615,g95e5,1.879
2026-09-09T10:12Z,12628,g95e5,1.779
2026-09-09T10:12Z,12628,gA,1.679
2026-09-09T10:12Z,12630,g95e5,1.499
2026-09-09T10:12Z,12636,g95e5,1.939
2026-09-09T10:12Z,12636,gA,1.939
2026-09-09T10:12Z,12636,gP,2.029
2026-09-09T10:12Z,12636,g98e5,2.049
2026-09-09T10:12Z,12636,g95e5p,1.999
2026-09-09T10:12Z,12636,glp,1.149
2026-09-09T10:12Z,12649,g95e5,1.729
2026-09-09T10:12Z,12649,gA,1.699
2026-09-09T10:12Z,12654,g95e5,1.809
2026-09-09T10:12Z,12654,gA,1.759
2026-09-09T10:12Z,12658,g95e5,1.779
2026-09-09T10:12Z,12658,gA,1.769
2026-09-09T10:12Z,12672,gA,1.885
2026-09-09T10:12Z,12673,g95e5,1.719
2026-09-09T10:12Z,12673,gA,1.719
2026-09-09T10:12Z,12673,g98e5,1.799
2026-09-09T10:12Z,12687,g95e5,1.979
2026-09-09T10:12Z,12687,gA,1.899
2026-09-09T10:12Z,12687,gP,1.999
2026-09-09T10:12Z,12687,g98e5,2.199
2026-09-09T10:12Z,12687,gB,1.759
2026-09-09T10:12Z,12700,g95e5,1.729
2026-09-09T10:12Z,12700,gA,1.669
2026-09-09T10:12Z,12708,g95e5,1.995
2026-09-09T10:12Z,12708,gA,1.915
2026-09-09T10:12Z,12734,gA,1.769
2026-09-09T10:12Z,12740,g95e5,1.769
2026-09-09T10:12Z,12740,gA,1.749
2026-09-09T10:12Z,12770,g95e5,1.855
2026-09-09T10:12Z,12770,gA,1.817
2026-09-09T10:12Z,12774,g95e5,1.775
2026-09-09T10:12Z,12774,gA,1.767
2026-09-09T10:12Z,12786,gA,1.750
2026-09-09T10:12Z,12786,gB,1.500
2026-09-09T10:12Z,12788,g95e5,1.739
2026-09-09T10:12Z,12788,gA,1.719
2026-09-09T10:12Z,12789,g95e5,1.899
2026-09-09T10:12Z,12789,gA,1.869
2026-09-09T10:12Z,12795,g95e5,1.979
2026-09-09T10:12Z,12795,gA,1.919
2026-09-09T10:12Z,12795,gP,2.004
2026-09-09T10:12Z,12795,g95e5p,2.029
2026-09-09T10:12Z,12802,g95e5,1.959
2026-09-09T10:12Z,12802,g98e5,2.099
2026-09-09T10:12Z,12805,g95e5,1.769
2026-09-09T10:12Z,12805,gA,1.698
2026-09-09T10:12Z,12809,g95e5,1.719
2026-09-09T10:12Z,12809,gA,1.697
2026-09-09T10:12Z,12812,g95e5,1.879
2026-09-09T10:12Z,12812,gA,1.869
2026-09-09T10:12Z,12812,gP,1.909
2026-09-09T10:12Z,12812,g98e5,1.979
2026-09-09T10:12Z,12814,gA,1.725
2026-09-09T10:12Z,12814,gP,1.775
2026-09-09T10:12Z,12816,g95e5,1.909
2026-09-09T10:12Z,12816,gA,1.859
2026-09-09T10:12Z,12816,gP,1.899
2026-09-09T10:12Z,12824,gA,1.599
2026-09-09T10:12Z,12826,g95e5,1.889
2026-09-09T10:12Z,12826,g98e5,1.989
2026-09-09T10:12Z,12832,g95e5,1.759
2026-09-09T10:12Z,12832,gA,1.769
2026-09-09T10:12Z,12835,gA,1.869
2026-09-09T10:12Z,12841,g95e5,1.749
2026-09-09T10:12Z,12841,gA,1.749
2026-09-09T10:12Z,12841,gP,1.749
2026-09-09T10:12Z,12842,g95e5,1.749
2026-09-09T10:12Z,12842,gA,1.719
2026-09-09T10:12Z,12844,gA,1.925
2026-09-09T10:12Z,12846,g95e5,1.955
2026-09-09T10:12Z,12847,gA,1.915
2026-09-09T10:12Z,12855,g95e5,1.739
2026-09-09T10:12Z,12855,gA,1.739
2026-09-09T10:12Z,12856,g95e5,1.915
2026-09-09T10:12Z,12856,gA,1.905
2026-09-09T10:12Z,12856,gP,1.955
2026-09-09T10:12Z,12856,g98e5,2.025
2026-09-09T10:12Z,12859,gA,1.745
2026-09-09T10:12Z,12865,g95e5,1.939
2026-09-09T10:12Z,12865,gA,1.879
2026-09-09T10:12Z,12865,gP,1.964
2026-09-09T10:12Z,12865,g95e5p,1.999
2026-09-09T10:12Z,12866,gA,1.889
2026-09-09T10:12Z,12866,gP,1.984
2026-09-09T10:12Z,12873,g95e5,1.899
2026-09-09T10:12Z,12873,gA,1.849
2026-09-09T10:12Z,12876,g95e5,1.699
2026-09-09T10:12Z,12876,gA,1.699
2026-09-09T10:12Z,12886,g95e5,1.919
2026-09-09T10:12Z,12886,g98e5,2.049
2026-09-09T10:12Z,12887,g95e5,1.705
2026-09-09T10:12Z,12887,gA,1.699
2026-09-09T10:12Z,12890,g95e5,1.625
2026-09-09T10:12Z,12894,g95e5,1.679
2026-09-09T10:12Z,12894,gA,1.657
2026-09-09T10:12Z,12901,g95e5,1.749
2026-09-09T10:12Z,12901,gA,1.729
2026-09-09T10:12Z,12905,g95e5,1.909
2026-09-09T10:12Z,12905,gA,1.829
2026-09-09T10:12Z,12905,gP,1.869
2026-09-09T10:12Z,12906,g95e5,1.699
2026-09-09T10:12Z,12906,gA,1.695
2026-09-09T10:12Z,12913,g95e5,1.739
2026-09-09T10:12Z,12913,gA,1.709
2026-09-09T10:12Z,12915,g95e5,1.889
2026-09-09T10:12Z,12915,gA,1.839
2026-09-09T10:12Z,12926,gA,1.689
2026-09-09T10:12Z,12931,gA,1.889
2026-09-09T10:12Z,12931,gP,1.929
2026-09-09T10:12Z,12940,g95e5,1.995
2026-09-09T10:12Z,12940,g98e5,2.105
2026-09-09T10:12Z,12940,g95e5p,2.055
2026-09-09T10:12Z,12940,glp,1.205
2026-09-09T10:12Z,12941,g95e5,1.809
2026-09-09T10:12Z,12941,gA,1.779
2026-09-09T10:12Z,12951,g95e5,1.759
2026-09-09T10:12Z,12951,gA,1.729
2026-09-09T10:12Z,12954,g95e5,1.799
2026-09-09T10:12Z,12954,gA,1.769
2026-09-09T10:12Z,12954,gP,1.829
2026-09-09T10:12Z,12954,g98e5,1.879
2026-09-09T10:12Z,12957,g95e5,1.819
2026-09-09T10:12Z,12957,gA,1.775
2026-09-09T10:12Z,12958,g95e5,1.659
2026-09-09T10:12Z,12958,gA,1.669
2026-09-09T10:12Z,12961,g95e5,1.909
2026-09-09T10:12Z,12961,gA,1.849
2026-09-09T10:12Z,12961,gP,1.889
2026-09-09T10:12Z,12965,g95e5,1.819
2026-09-09T10:12Z,12965,g98e5,1.979
2026-09-09T10:12Z,12965,glp,1.159
2026-09-09T10:12Z,12967,g95e5,1.919
2026-09-09T10:12Z,12968,g95e5,1.969
2026-09-09T10:12Z,12976,g95e5,1.769
2026-09-09T10:12Z,12977,g95e5,1.969
2026-09-09T10:12Z,12977,gA,1.949
2026-09-09T10:12Z,12977,gP,2.064
2026-09-09T10:12Z,12977,g95e5p,2.039
2026-09-09T10:12Z,12980,g95e5,1.949
2026-09-09T10:12Z,12980,gA,1.909
2026-09-09T10:12Z,12980,gP,2.009
2026-09-09T10:12Z,12980,g98e5,2.079
2026-09-09T10:12Z,12981,g95e5,1.698
2026-09-09T10:12Z,12989,gA,1.789
2026-09-09T10:12Z,12990,g95e5,1.749
2026-09-09T10:12Z,12990,gA,1.737
2026-09-09T10:12Z,13002,g95e5,1.929
2026-09-09T10:12Z,13002,gA,1.828
2026-09-09T10:12Z,13002,gP,1.928
2026-09-09T10:12Z,13016,g95e5,1.719
2026-09-09T10:12Z,13016,gA,1.699
2026-09-09T10:12Z,13032,g95e5,1.729
2026-09-09T10:12Z,13032,gA,1.729
2026-09-09T10:12Z,13040,g95e5,1.725
2026-09-09T10:12Z,13040,gA,1.689
2026-09-09T10:12Z,13041,gA,1.969
2026-09-09T10:12Z,13043,g95e5,1.789
2026-09-09T10:12Z,13043,gA,1.779
2026-09-09T10:12Z,13052,g95e5,1.859
2026-09-09T10:12Z,13068,gA,1.875
2026-09-09T10:12Z,13068,gB,1.250
2026-09-09T10:12Z,13074,gA,1.859
2026-09-09T10:12Z,13078,g95e5,1.789
2026-09-09T10:12Z,13078,gA,1.757
2026-09-09T10:12Z,13079,gA,1.779
2026-09-09T10:12Z,13081,g95e5,1.777
2026-09-09T10:12Z,13081,gA,1.737
2026-09-09T10:12Z,13088,gA,1.939
2026-09-09T10:12Z,13088,gP,1.969
2026-09-09T10:12Z,13095,g95e5,1.968
2026-09-09T10:12Z,13103,g95e5,1.829
2026-09-09T10:12Z,13103,gA,1.789
2026-09-09T10:12Z,13105,g95e5,1.909
2026-09-09T10:12Z,13105,gA,1.849
2026-09-09T10:12Z,13106,gA,1.899
2026-09-09T10:12Z,13114,g95e5,1.829
2026-09-09T10:12Z,13114,gA,1.799
2026-09-09T10:12Z,13115,g95e5,1.919
2026-09-09T10:12Z,13115,gA,1.789
2026-09-09T10:12Z,13121,g95e5,1.509
2026-09-09T10:12Z,13124,gA,1.669
2026-09-09T10:12Z,13127,g95e5,1.879
2026-09-09T10:12Z,13127,gA,1.899
2026-09-09T10:12Z,13127,gP,1.939
2026-09-09T10:12Z,13131,g95e5,1.969
2026-09-09T10:12Z,13138,gA,1.657
2026-09-09T10:12Z,13140,g95e5,1.789
2026-09-09T10:12Z,13140,gA,1.779
2026-09-09T10:12Z,13141,g95e5,1.819
2026-09-09T10:12Z,13143,g95e5,1.719
2026-09-09T10:12Z,13144,g95e5,1.879
2026-09-09T10:12Z,13147,g95e5,1.719
2026-09-09T10:12Z,13147,gA,1.698
2026-09-09T10:12Z,13156,g95e5,1.919
2026-09-09T10:12Z,13156,gA,1.859
2026-09-09T10:12Z,13156,gP,1.949
2026-09-09T10:12Z,13156,g98e5,2.059
2026-09-09T10:12Z,13164,g95e5,1.859
2026-09-09T10:12Z,13170,g95e5,1.935
2026-09-09T10:12Z,13170,g98e5,2.095
2026-09-09T10:12Z,13176,g95e5,1.759
2026-09-09T10:12Z,13176,gA,1.699
2026-09-09T10:12Z,13178,gA,1.709
2026-09-09T10:12Z,13180,g95e5,1.769
2026-09-09T10:12Z,13180,gA,1.809
2026-09-09T10:12Z,13189,g95e5,1.939
2026-09-09T10:12Z,13189,gA,1.969
2026-09-09T10:12Z,13202,g95e5,1.985
2026-09-09T10:12Z,13202,gA,1.864
2026-09-09T10:12Z,13202,g98e5,2.093
2026-09-09T10:12Z,13202,glp,1.138
2026-09-09T10:12Z,13208,g95e5,1.945
2026-09-09T10:12Z,13208,gA,1.925
2026-09-09T10:12Z,13208,gP,1.995
2026-09-09T10:12Z,13216,gnc,1.799
2026-09-09T10:12Z,13216,gnl,1.729
2026-09-09T10:12Z,13224,g95e5,1.929
2026-09-09T10:12Z,13224,gA,1.889
2026-09-09T10:12Z,13224,gP,1.929
2026-09-09T10:12Z,13231,g95e5,1.827
2026-09-09T10:12Z,13245,gA,1.729
2026-09-09T10:12Z,13246,g95e5,1.989
2026-09-09T10:12Z,13246,gA,1.909
2026-09-09T10:12Z,13249,g95e5,1.769
2026-09-09T10:12Z,13249,gA,1.777
2026-09-09T10:12Z,13251,g95e5,1.789
2026-09-09T10:12Z,13251,gA,1.749
2026-09-09T10:12Z,13252,g95e5,1.739
2026-09-09T10:12Z,13252,gA,1.717
2026-09-09T10:12Z,13253,g95e5,1.866
2026-09-09T10:12Z,13260,g95e5,1.689
2026-09-09T10:12Z,13260,gA,1.739
2026-09-09T10:12Z,13278,g95e5,1.799
2026-09-09T10:12Z,13278,gA,1.689
2026-09-09T10:12Z,13283,g95e5,1.719
2026-09-09T10:12Z,13283,gA,1.709
2026-09-09T10:12Z,13283,gP,1.809
2026-09-09T10:12Z,13283,g98e5,1.919
2026-09-09T10:12Z,13286,g95e5,1.788
2026-09-09T10:12Z,13286,gA,1.748
2026-09-09T10:12Z,13291,g95e5,1.879
2026-09-09T10:12Z,13291,gA,1.869
2026-09-09T10:12Z,13291,gP,1.909
2026-09-09T10:12Z,13291,g98e5,2.069
2026-09-09T10:12Z,13294,g95e5,1.805
2026-09-09T10:12Z,13294,gA,1.805
2026-09-09T10:12Z,13302,g95e5,1.795
2026-09-09T10:12Z,13302,gA,1.779
2026-09-09T10:12Z,13304,g98e5,2.019
2026-09-09T10:12Z,13307,g95e5,1.817
2026-09-09T10:12Z,13307,gA,1.757
2026-09-09T10:12Z,13308,gA,1.935
2026-09-09T10:12Z,13313,g95e5,1.819
2026-09-09T10:12Z,13313,gA,1.797
2026-09-09T10:12Z,13314,g95e5,1.819
2026-09-09T10:12Z,13314,gA,1.797
2026-09-09T10:12Z,13319,g95e5,1.919
2026-09-09T10:12Z,13319,gA,1.919
2026-09-09T10:12Z,13319,gP,1.959
2026-09-09T10:12Z,13325,g95e5,1.837
2026-09-09T10:12Z,13325,gA,1.797
2026-09-09T10:12Z,13347,g95e5,1.789
2026-09-09T10:12Z,13347,g98e5,1.899
2026-09-09T10:12Z,13360,g95e5,1.719
2026-09-09T10:12Z,13360,gA,1.719
2026-09-09T10:12Z,13360,g98e5,1.799
2026-09-09T10:12Z,13361,g95e5,1.895
2026-09-09T10:12Z,13376,g95e5,1.999
2026-09-09T10:12Z,13376,gA,1.959
2026-09-09T10:12Z,13391,g95e5,1.739
2026-09-09T10:12Z,13391,gA,1.717
2026-09-09T10:12Z,13392,g95e5,1.749
2026-09-09T10:12Z,13392,gA,1.744
2026-09-09T10:12Z,13393,g95e5,1.749
2026-09-09T10:12Z,13393,gA,1.737
2026-09-09T10:12Z,13394,g95e5,1.795
2026-09-09T10:12Z,13394,gA,1.779
2026-09-09T10:12Z,13395,g95e5,1.659
2026-09-09T10:12Z,13395,gA,1.705
2026-09-09T10:12Z,13411,g95e5,1.949
2026-09-09T10:12Z,13411,gA,1.939
2026-09-09T10:12Z,13411,gP,2.079
2026-09-09T10:12Z,13411,g98e5,2.039
2026-09-09T10:12Z,13412,g95e5,1.929
2026-09-09T10:12Z,13412,gA,1.875
2026-09-09T10:12Z,13413,g95e5,1.699
2026-09-09T10:12Z,13413,gA,1.717
2026-09-09T10:12Z,13418,g95e5,2.009
2026-09-09T10:12Z,13418,gA,1.925
2026-09-09T10:12Z,13429,g95e5,1.779
2026-09-09T10:12Z,13429,gA,1.729
2026-09-09T10:12Z,13439,g95e5,1.729
2026-09-09T10:12Z,13439,gA,1.709
2026-09-09T10:12Z,13444,g95e5,1.759
2026-09-09T10:12Z,13444,gA,1.717
2026-09-09T10:12Z,13459,g95e5,1.819
2026-09-09T10:12Z,13459,gA,1.689
2026-09-09T10:12Z,13465,g95e5,1.819
2026-09-09T10:12Z,13465,gA,1.819
2026-09-09T10:12Z,13474,g95e5,1.938
2026-09-09T10:12Z,13474,gA,1.898
2026-09-09T10:12Z,13474,gP,2.038
2026-09-09T10:12Z,13474,g98e5,2.088
2026-09-09T10:12Z,13479,g95e5,1.919
2026-09-09T10:12Z,13479,gA,1.889
2026-09-09T10:12Z,13481,g95e5,1.659
2026-09-09T10:12Z,13481,gA,1.659
2026-09-09T10:12Z,13484,gA,1.726
2026-09-09T10:12Z,13491,g95e5,1.949
2026-09-09T10:12Z,13491,gA,1.869
2026-09-09T10:12Z,13491,gP,1.974
2026-09-09T10:12Z,13492,g95e5,1.729
2026-09-09T10:12Z,13492,gA,1.687
2026-09-09T10:12Z,13493,g95e5,1.919
2026-09-09T10:12Z,13493,gA,1.919
2026-09-09T10:12Z,13498,g95e5,1.749
2026-09-09T10:12Z,13498,gA,1.729
2026-09-09T10:12Z,13509,g95e5,1.729
2026-09-09T10:12Z,13509,gA,1.719
2026-09-09T10:12Z,13514,g95e5,1.787
2026-09-09T10:12Z,13514,gA,1.777
2026-09-09T10:12Z,13514,gP,1.837
2026-09-09T10:12Z,13524,g95e5,1.699
2026-09-09T10:12Z,13524,gA,1.717
2026-09-09T10:12Z,13524,gP,1.717
2026-09-09T10:12Z,13528,g95e5,1.669
2026-09-09T10:12Z,13542,g95e5,1.955
2026-09-09T10:12Z,13542,gA,1.929
2026-09-09T10:12Z,13542,gP,1.979
2026-09-09T10:12Z,13542,g98e5,2.089
2026-09-09T10:12Z,13543,g95e5,1.819
2026-09-09T10:12Z,13543,gA,1.749
2026-09-09T10:12Z,13543,gP,1.819
2026-09-09T10:12Z,13543,g98e5,1.949
2026-09-09T10:12Z,13546,glp,1.083
2026-09-09T10:12Z,13553,g95e5,1.879
2026-09-09T10:12Z,13556,gA,1.839
2026-09-09T10:12Z,13556,gP,1.879
2026-09-09T10:12Z,13566,g95e5,1.947
2026-09-09T10:12Z,13566,gA,1.867
2026-09-09T10:12Z,13576,g95e5,1.986
2026-09-09T10:12Z,13576,gA,1.902
2026-09-09T10:12Z,13583,gA,1.789
2026-09-09T10:12Z,13584,g95e5,1.725
2026-09-09T10:12Z,13584,gA,1.699
2026-09-09T10:12Z,13585,g95e5,1.725
2026-09-09T10:12Z,13585,gA,1.699
2026-09-09T10:12Z,13588,gP,1.947
2026-09-09T10:12Z,13589,g95e5,1.639
2026-09-09T10:12Z,13589,gA,1.639
2026-09-09T10:12Z,13596,gA,1.879
2026-09-09T10:12Z,13596,gP,1.919
2026-09-09T10:12Z,13596,g98e5,2.049
2026-09-09T10:12Z,13599,g95e5,1.730
2026-09-09T10:12Z,13599,gA,1.720
2026-09-09T10:12Z,13599,gB,1.500
2026-09-09T10:12Z,13602,g95e5,1.949
2026-09-09T10:12Z,13602,gA,1.889
2026-09-09T10:12Z,13602,gP,1.929
2026-09-09T10:12Z,13602,g98e5,2.059
2026-09-09T10:12Z,13605,g95e5,1.829
2026-09-09T10:12Z,13605,gA,1.799
2026-09-09T10:12Z,13622,g95e5,1.839
2026-09-09T10:12Z,13623,g95e5,1.699
2026-09-09T10:12Z,13623,gA,1.699
2026-09-09T10:12Z,13634,g95e5,1.719
2026-09-09T10:12Z,13634,gA,1.749
2026-09-09T10:12Z,13635,g95e5,1.759
2026-09-09T10:12Z,13635,gA,1.719
2026-09-09T10:12Z,13639,g95e5,1.399
2026-09-09T10:12Z,13639,gA,1.509
2026-09-09T10:12Z,13645,g95e5,1.699
2026-09-09T10:12Z,13645,gA,1.689
2026-09-09T10:12Z,13666,g95e5,1.979
2026-09-09T10:12Z,13666,gA,1.919
2026-09-09T10:12Z,13673,gA,1.715
2026-09-09T10:12Z,13674,g95e5,1.879
2026-09-09T10:12Z,13677,g95e5,1.749
2026-09-09T10:12Z,13708,g95e5,1.799
2026-09-09T10:12Z,13708,gA,1.759
2026-09-09T10:12Z,13720,g95e5,1.955
2026-09-09T10:12Z,13720,gA,1.895
2026-09-09T10:12Z,13736,g95e5,1.959
2026-09-09T10:12Z,13736,gA,1.899
2026-09-09T10:12Z,13736,gP,1.994
2026-09-09T10:12Z,13736,g95e5p,2.029
2026-09-09T10:12Z,13747,g95e5,1.965
2026-09-09T10:12Z,13747,gA,1.905
2026-09-09T10:12Z,13753,gA,1.749
2026-09-09T10:12Z,13756,gA,1.725
2026-09-09T10:12Z,13756,gP,1.775
2026-09-09T10:12Z,13759,g95e5,1.949
2026-09-09T10:12Z,13759,gA,1.859
2026-09-09T10:12Z,13759,gP,1.954
2026-09-09T10:12Z,13759,g95e5p,2.029
2026-09-09T10:12Z,13764,g95e5,1.909
2026-09-09T10:12Z,13764,gA,1.915
2026-09-09T10:12Z,13764,gP,1.995
2026-09-09T10:12Z,13765,g95e5,1.909
2026-09-09T10:12Z,13765,gA,1.869
2026-09-09T10:12Z,13774,g95e5,1.619
2026-09-09T10:12Z,13774,gA,1.679
2026-09-09T10:12Z,13787,g95e5,1.879
2026-09-09T10:12Z,13787,gA,1.909
2026-09-09T10:12Z,13787,gB,1.715
2026-09-09T10:12Z,13801,g95e5,1.679
2026-09-09T10:12Z,13801,gA,1.659
2026-09-09T10:12Z,13808,g95e5,1.769
2026-09-09T10:12Z,13808,gA,1.779
2026-09-09T10:12Z,13809,g95e5,1.779
2026-09-09T10:12Z,13809,gA,1.819
2026-09-09T10:12Z,13813,g95e5,1.698
2026-09-09T10:12Z,13823,g95e5,1.745
2026-09-09T10:12Z,13826,g95e5,1.879
2026-09-09T10:12Z,13826,gA,1.819
2026-09-09T10:12Z,13831,g95e5,1.848
2026-09-09T10:12Z,13831,gA,1.848
2026-09-09T10:12Z,13835,g95e5,1.755
2026-09-09T10:12Z,13835,gA,1.675
2026-09-09T10:12Z,13841,g95e5,1.829
2026-09-09T10:12Z,13841,gA,1.809
2026-09-09T10:12Z,13846,gA,1.809
2026-09-09T10:12Z,13851,g98e5,2.042
2026-09-09T10:12Z,13854,gA,1.689
2026-09-09T10:12Z,13865,gA,1.745
2026-09-09T10:12Z,13876,g95e5,1.849
2026-09-09T10:12Z,13876,gA,1.829
2026-09-09T10:12Z,13890,g95e5,1.729
2026-09-09T10:12Z,13890,gA,1.769
2026-09-09T10:12Z,13892,g95e5,1.889
2026-09-09T10:12Z,13892,gA,1.863
2026-09-09T10:12Z,13892,gP,1.953
2026-09-09T10:12Z,13894,g95e5,1.778
2026-09-09T10:12Z,13894,gA,1.758
2026-09-09T10:12Z,13900,g95e5,1.779
2026-09-09T10:12Z,13900,gA,1.759
2026-09-09T10:12Z,13923,g95e5,1.649
2026-09-09T10:12Z,13923,gA,1.687
2026-09-09T10:12Z,13924,g95e5,1.769
2026-09-09T10:12Z,13924,gA,1.759
2026-09-09T10:12Z,13956,g95e5,1.879
2026-09-09T10:12Z,13956,gA,1.819
2026-09-09T10:12Z,13956,gP,1.859
2026-09-09T10:12Z,13956,g98e5,2.069
2026-09-09T10:12Z,13960,gA,1.925
2026-09-09T10:12Z,13973,g95e5,1.759
2026-09-09T10:12Z,13973,gA,1.757
2026-09-09T10:12Z,13985,gA,1.889
2026-09-09T10:12Z,13994,gA,1.729
2026-09-09T10:12Z,13999,g95e5,1.769
2026-09-09T10:12Z,14005,gA,1.769
2026-09-09T10:12Z,14005,gP,1.809
2026-09-09T10:12Z,14017,g95e5,1.795
2026-09-09T10:12Z,14017,gA,1.779
2026-09-09T10:12Z,14019,g95e5,1.765
2026-09-09T10:12Z,14019,gA,1.775
2026-09-09T10:12Z,14019,gP,1.825
2026-09-09T10:12Z,14029,g95e5,1.799
2026-09-09T10:12Z,14045,g95e5,1.769
2026-09-09T10:12Z,14052,g95e5,1.905
2026-09-09T10:12Z,14052,g98e5,2.045
2026-09-09T10:12Z,14052,gB,1.649
2026-09-09T10:12Z,14065,g95e5,1.809
2026-09-09T10:12Z,14065,gA,1.787
2026-09-09T10:12Z,14083,g95e5,1.639
2026-09-09T10:12Z,14096,g95e5,1.649
2026-09-09T10:12Z,14096,gA,1.637
2026-09-09T10:12Z,14113,g95e5,1.729
2026-09-09T10:12Z,14113,gA,1.709
2026-09-09T10:12Z,14117,g95e5,1.850
2026-09-09T10:12Z,14123,g95e5,1.949
2026-09-09T10:12Z,14123,gA,1.919
2026-09-09T10:12Z,14123,gP,2.014
2026-09-09T10:12Z,14129,g95e5,1.749
2026-09-09T10:12Z,14129,gA,1.759
2026-09-09T10:12Z,14129,gB,1.609
2026-09-09T10:12Z,14137,gA,1.829
2026-09-09T10:12Z,14139,g95e5,1.879
2026-09-09T10:12Z,14139,gA,1.839
2026-09-09T10:12Z,14139,gP,1.889
2026-09-09T10:12Z,14140,g95e5,1.965
2026-09-09T10:12Z,14140,gA,1.925
2026-09-09T10:12Z,14148,g95e5,1.729
2026-09-09T10:12Z,14148,gA,1.779
2026-09-09T10:12Z,14150,g95e5,1.909
2026-09-09T10:12Z,14154,g95e5,1.989
2026-09-09T10:12Z,14154,gA,1.939
2026-09-09T10:12Z,14154,gP,2.024
2026-09-09T10:12Z,14156,g95e5,1.929
2026-09-09T10:12Z,14168,g95e5,1.399
2026-09-09T10:12Z,14168,gA,1.509
2026-09-09T10:12Z,14168,gP,1.586
2026-09-09T10:12Z,14168,g98e5,1.506
2026-09-09T10:12Z,14168,g95e5p,1.439
2026-09-09T10:12Z,14171,g95e5,1.949
2026-09-09T10:12Z,14171,gA,1.939
2026-09-09T10:12Z,14187,g95e5,1.939
2026-09-09T10:12Z,14187,gA,1.869
2026-09-09T10:12Z,14187,gP,1.944
2026-09-09T10:12Z,14187,g95e5p,1.989
2026-09-09T10:12Z,14189,g95e5,1.699
2026-09-09T10:12Z,14195,g95e5,1.845
2026-09-09T10:12Z,14195,gA,1.815
2026-09-09T10:12Z,14210,g95e5,1.689
2026-09-09T10:12Z,14210,gA,1.739
2026-09-09T10:12Z,14211,g95e5,1.739
2026-09-09T10:12Z,14211,gA,1.719
2026-09-09T10:12Z,14215,g95e5,1.729
2026-09-09T10:12Z,14231,g95e5,1.789
2026-09-09T10:12Z,14234,g95e5,1.779
2026-09-09T10:12Z,14234,gA,1.757
2026-09-09T10:12Z,14241,gA,1.769
2026-09-09T10:12Z,14241,gP,1.769
2026-09-09T10:12Z,14248,g95e5,1.779
2026-09-09T10:12Z,14248,gA,1.819
2026-09-09T10:12Z,14265,g98e5,1.400
2026-09-09T10:12Z,14267,g95e5,1.789
2026-09-09T10:12Z,14267,gA,1.779
2026-09-09T10:12Z,14275,g95e5,1.697
2026-09-09T10:12Z,14275,gA,1.669
2026-09-09T10:12Z,14278,gA,1.749
2026-09-09T10:12Z,14281,gA,1.929
2026-09-09T10:12Z,14283,g95e5,1.955
2026-09-09T10:12Z,14283,gA,1.905
2026-09-09T10:12Z,14283,g98e5,2.085
2026-09-09T10:12Z,14290,g95e5,1.739
2026-09-09T10:12Z,14290,gA,1.717
2026-09-09T10:12Z,14290,gP,1.737
2026-09-09T10:12Z,14305,g95e5,1.829
2026-09-09T10:12Z,14305,gA,1.799
2026-09-09T10:12Z,14306,g95e5,1.829
2026-09-09T10:12Z,14306,gA,1.799
2026-09-09T10:12Z,14307,g95e5,1.717
2026-09-09T10:12Z,14307,gA,1.765
2026-09-09T10:12Z,14308,gP,1.728
2026-09-09T10:12Z,14308,g95e5p,1.738
2026-09-09T10:12Z,14320,g95e5,1.778
2026-09-09T10:12Z,14320,gA,1.738
2026-09-09T10:12Z,14334,g95e5,1.919
2026-09-09T10:12Z,14334,gA,1.909
2026-09-09T10:12Z,14334,g98e5,2.059
2026-09-09T10:12Z,14364,g95e5,1.739
2026-09-09T10:12Z,14367,gA,1.865
2026-09-09T10:12Z,14378,g95e5,1.849
2026-09-09T10:12Z,14378,gA,1.809
2026-09-09T10:12Z,14396,g95e5,1.748
2026-09-09T10:12Z,14396,gA,1.718
2026-09-09T10:12Z,14396,gP,1.718
2026-09-09T10:12Z,14396,g95e5p,1.748
2026-09-09T10:12Z,14396,glp,1.118
2026-09-09T10:12Z,14402,g95e5,1.729
2026-09-09T10:12Z,14407,g95e5,1.939
2026-09-09T10:12Z,14407,gA,1.885
2026-09-09T10:12Z,14415,g95e5,1.969
2026-09-09T10:12Z,14415,gA,1.865
2026-09-09T10:12Z,14434,g95e5,1.939
2026-09-09T10:12Z,14434,gA,1.885
2026-09-09T10:12Z,14436,g95e5,1.799
2026-09-09T10:12Z,14436,g98e5,2.009
2026-09-09T10:12Z,14441,g95e5,1.719
2026-09-09T10:12Z,14441,gA,1.709
2026-09-09T10:12Z,14443,g98e5,1.400
2026-09-09T10:12Z,14444,g95e5,1.929
2026-09-09T10:12Z,14444,gA,1.828
2026-09-09T10:12Z,14444,gP,1.928
2026-09-09T10:12Z,14478,gA,1.719
2026-09-09T10:12Z,14478,g98e5,1.799
2026-09-09T10:12Z,14486,g95e5,1.679
2026-09-09T10:12Z,14493,g95e5,1.799
2026-09-09T10:12Z,14493,gA,1.769
2026-09-09T10:12Z,14516,g95e5,1.969
2026-09-09T10:12Z,14516,gA,1.889
2026-09-09T10:12Z,14516,gP,1.989
2026-09-09T10:12Z,14516,g98e5,2.059
2026-09-09T10:12Z,14537,g95e5,1.729
2026-09-09T10:12Z,14537,gA,1.687
2026-09-09T10:12Z,14538,g95e5,1.759
2026-09-09T10:12Z,14538,gA,1.779
2026-09-09T10:12Z,14540,g95e5,1.699
2026-09-09T10:12Z,14542,g95e5,1.769
2026-09-09T10:12Z,14542,gA,1.759
2026-09-09T10:12Z,14550,g95e5,1.709
2026-09-09T10:12Z,14551,g95e5,1.639
2026-09-09T10:12Z,14551,gA,1.669
2026-09-09T10:12Z,14552,g95e5,1.719
2026-09-09T10:12Z,14552,gA,1.699
2026-09-09T10:12Z,14557,g95e5,1.674
2026-09-09T10:12Z,14557,gA,1.689
2026-09-09T10:12Z,14558,g95e5,1.669
2026-09-09T10:12Z,14567,gA,1.929
2026-09-09T10:12Z,14567,gP,2.009
2026-09-09T10:12Z,14567,g98e5,2.129
2026-09-09T10:12Z,14567,glp,1.169
2026-09-09T10:12Z,14572,g95e5,1.789
2026-09-09T10:12Z,14572,gA,1.719
2026-09-09T10:12Z,14589,g95e5,1.809
2026-09-09T10:12Z,14589,gA,1.759
2026-09-09T10:12Z,14604,g95e5,1.769
2026-09-09T10:12Z,14604,gA,1.777
2026-09-09T10:12Z,14604,gP,1.797
2026-09-09T10:12Z,14606,g95e5,1.759
2026-09-09T10:12Z,14606,gA,1.767
2026-09-09T10:12Z,14607,g95e5,1.689
2026-09-09T10:12Z,14607,gA,1.709
2026-09-09T10:12Z,14608,g95e5,1.739
2026-09-09T10:12Z,14608,gA,1.709
2026-09-09T10:12Z,14614,g95e5,1.739
2026-09-09T10:12Z,14614,gA,1.769
2026-09-09T10:12Z,14619,g95e5,1.679
2026-09-09T10:12Z,14645,g95e5,1.759
2026-09-09T10:12Z,14645,gA,1.699
2026-09-09T10:12Z,14651,g95e5,1.689
2026-09-09T10:12Z,14651,gA,1.679
2026-09-09T10:12Z,14651,gP,1.779
2026-09-09T10:12Z,14651,g95e5p,1.789
2026-09-09T10:12Z,14652,g95e5,1.959
2026-09-09T10:12Z,14652,gB,1.749
2026-09-09T10:12Z,14656,g95e5,1.779
2026-09-09T10:12Z,14656,gA,1.739
2026-09-09T10:12Z,14664,g95e5,1.899
2026-09-09T10:12Z,14664,g98e5,2.049
2026-09-09T10:12Z,14668,g95e5,1.859
2026-09-09T10:12Z,14668,gA,1.819
2026-09-09T10:12Z,14668,glp,0.969
2026-09-09T10:12Z,14670,g95e5,1.949
2026-09-09T10:12Z,14670,gA,1.889
2026-09-09T10:12Z,14672,g95e5,1.589
2026-09-09T10:12Z,14675,g95e5,1.889
2026-09-09T10:12Z,14675,gA,1.869
2026-09-09T10:12Z,14675,gP,1.909
2026-09-09T10:12Z,14675,g98e5,2.009
2026-09-09T10:12Z,14677,g95e5,1.807
2026-09-09T10:12Z,14677,gA,1.707
2026-09-09T10:12Z,14681,g95e5,1.919
2026-09-09T10:12Z,14681,gA,1.919
2026-09-09T10:12Z,14681,gP,1.974
2026-09-09T10:12Z,14693,g95e5,1.857
2026-09-09T10:12Z,14697,g95e5,1.959
2026-09-09T10:12Z,14697,gA,1.899
2026-09-09T10:12Z,14719,g95e5,1.789
2026-09-09T10:12Z,14746,g95e5,1.929
2026-09-09T10:12Z,14746,g98e5,2.059
2026-09-09T10:12Z,14755,g95e5,1.965
2026-09-09T10:12Z,14755,gA,1.875
2026-09-09T10:12Z,14760,g95e5,1.779
2026-09-09T10:12Z,14760,gA,1.767
2026-09-09T10:12Z,14761,g95e5,1.929
2026-09-09T10:12Z,14771,g95e5,1.969
2026-09-09T10:12Z,14771,gA,1.929
2026-09-09T10:12Z,14771,gP,1.989
2026-09-09T10:12Z,14771,g98e5,2.119
2026-09-09T10:12Z,14781,g95e5,1.959
2026-09-09T10:12Z,14781,gA,1.899
2026-09-09T10:12Z,14781,gP,1.974
2026-09-09T10:12Z,14781,g98e5,2.059
2026-09-09T10:12Z,14804,g95e5,1.669
2026-09-09T10:12Z,14809,g95e5,1.799
2026-09-09T10:12Z,14809,gA,1.759
2026-09-09T10:12Z,14813,gA,1.909
2026-09-09T10:12Z,14826,gA,1.779
2026-09-09T10:12Z,14826,gP,1.779
2026-09-09T10:12Z,14826,g95e5p,1.879
2026-09-09T10:12Z,14828,g95e5,1.799
2026-09-09T10:12Z,14828,gA,1.737
2026-09-09T10:12Z,14849,g95e5,1.699
2026-09-09T10:12Z,14849,gA,1.729
2026-09-09T10:12Z,14850,g95e5,1.699
2026-09-09T10:12Z,14858,g95e5,1.667
2026-09-09T10:12Z,14858,gA,1.649
2026-09-09T10:12Z,14859,g95e5,1.729
2026-09-09T10:12Z,14859,gA,1.687
2026-09-09T10:12Z,14860,g95e5,1.919
2026-09-09T10:12Z,14871,g95e5,1.989
2026-09-09T10:12Z,14871,g98e5,2.109
2026-09-09T10:12Z,14873,g95e5,1.729
2026-09-09T10:12Z,14873,gA,1.687
2026-09-09T10:12Z,14890,g95e5,1.779
2026-09-09T10:12Z,14901,g95e5,1.879
2026-09-09T10:12Z,14901,gA,1.889
2026-09-09T10:12Z,14901,gP,1.964
2026-09-09T10:12Z,14901,g95e5p,1.939
2026-09-09T10:12Z,14902,g95e5,1.739
2026-09-09T10:12Z,14902,gA,1.717
2026-09-09T10:12Z,14902,gP,1.737
2026-09-09T10:12Z,14910,g95e5,1.939
2026-09-09T10:12Z,14910,gA,1.839
2026-09-09T10:12Z,14910,gP,1.879
2026-09-09T10:12Z,14910,g98e5,2.119
2026-09-09T10:12Z,14918,g95e5,1.779
2026-09-09T10:12Z,14918,gA,1.735
2026-09-09T10:12Z,14936,g95e5,1.919
2026-09-09T10:12Z,14936,gA,1.909
2026-09-09T10:12Z,14936,gP,2.014
2026-09-09T10:12Z,14936,g95e5p,1.959
2026-09-09T10:12Z,14937,g95e5,1.709
2026-09-09T10:12Z,14937,gA,1.637
2026-09-09T10:12Z,14938,g95e5,1.777
2026-09-09T10:12Z,14938,gA,1.677
2026-09-09T10:12Z,14939,g95e5,1.819
2026-09-09T10:12Z,14939,gA,1.797
2026-09-09T10:12Z,14940,g95e5,1.679
2026-09-09T10:12Z,14940,gA,1.657
2026-09-09T10:12Z,14942,g95e5,1.759
2026-09-09T10:12Z,14942,gA,1.718
2026-09-09T10:12Z,14946,g95e5,1.829
2026-09-09T10:12Z,14946,gA,1.799
2026-09-09T10:12Z,14959,g95e5,1.749
2026-09-09T10:12Z,14960,g95e5,1.719
2026-09-09T10:12Z,14960,gA,1.689
2026-09-09T10:12Z,14961,g95e5,1.339
2026-09-09T10:12Z,14961,gA,1.469
2026-09-09T10:12Z,14962,gA,1.839
2026-09-09T10:12Z,14966,gA,1.759
2026-09-09T10:12Z,14970,g95e5,1.787
2026-09-09T10:12Z,14978,g95e5,1.979
2026-09-09T10:12Z,14978,gA,1.919
2026-09-09T10:12Z,14978,gP,2.009
2026-09-09T10:12Z,14994,g95e5,1.809
2026-09-09T10:12Z,14999,g95e5,1.689
2026-09-09T10:12Z,14999,gA,1.669
2026-09-09T10:12Z,15002,g95e5,1.779
2026-09-09T10:12Z,15002,gA,1.767
2026-09-09T10:12Z,15009,g95e5,1.939
2026-09-09T10:12Z,15009,gA,1.899
2026-09-09T10:12Z,15009,gP,1.964
2026-09-09T10:12Z,15009,g95e5p,2.009
2026-09-09T10:12Z,15011,g95e5,1.779
2026-09-09T10:12Z,15011,bio,1.689
2026-09-09T10:12Z,15015,g95e5,1.669
2026-09-09T10:12Z,15023,g95e5,1.739
2026-09-09T10:12Z,15028,gA,1.719
2026-09-09T10:12Z,15042,g95e5,1.819
2026-09-09T10:12Z,15042,gA,1.797
2026-09-09T10:12Z,15044,g95e5,1.415
2026-09-09T10:12Z,15044,gA,1.529
2026-09-09T10:12Z,15045,g95e5,1.809
2026-09-09T10:12Z,15045,gA,1.765
2026-09-09T10:12Z,15060,g95e5,1.989
2026-09-09T10:12Z,15060,gP,2.010
2026-09-09T10:12Z,15060,g95e5p,2.059
2026-09-09T10:12Z,15062,g95e5,1.817
2026-09-09T10:12Z,15062,gA,1.817
2026-09-09T10:12Z,15064,g95e5,1.739
2026-09-09T10:12Z,15064,gA,1.709
2026-09-09T10:12Z,15071,g95e5,1.959
2026-09-09T10:12Z,15071,gA,1.939
2026-09-09T10:12Z,15071,gP,2.014
2026-09-09T10:12Z,15071,g98e5,2.059
2026-09-09T10:12Z,15077,g95e5,1.789
2026-09-09T10:12Z,15077,gA,1.779
2026-09-09T10:12Z,15082,g95e5,1.739
2026-09-09T10:12Z,15082,gA,1.719
2026-09-09T10:12Z,15082,gP,1.769
2026-09-09T10:12Z,15090,g95e5,1.975
2026-09-09T10:12Z,15090,gA,1.939
2026-09-09T10:12Z,15092,g95e5,1.799
2026-09-09T10:12Z,15092,gA,1.739
2026-09-09T10:12Z,15093,g95e5,1.859
2026-09-09T10:12Z,15093,gA,1.819
2026-09-09T10:12Z,15095,g95e5,1.779
2026-09-09T10:12Z,15095,gA,1.739
2026-09-09T10:12Z,15122,g95e5,1.869
2026-09-09T10:12Z,15122,gA,1.819
2026-09-09T10:12Z,15124,g95e5,1.759
2026-09-09T10:12Z,15124,gA,1.717
2026-09-09T10:12Z,15125,g95e5,1.799
2026-09-09T10:12Z,15125,gA,1.719
2026-09-09T10:12Z,15126,g95e5,1.759
2026-09-09T10:12Z,15126,gA,1.727
2026-09-09T10:12Z,15127,g95e5,1.809
2026-09-09T10:12Z,15127,gA,1.779
2026-09-09T10:12Z,15128,g95e5,1.659
2026-09-09T10:12Z,15128,gA,1.687
2026-09-09T10:12Z,15129,g95e5,1.739
2026-09-09T10:12Z,15129,gA,1.727
2026-09-09T10:12Z,15147,g95e5,1.788
2026-09-09T10:12Z,15147,gA,1.738
2026-09-09T10:12Z,15152,g95e5,1.699
2026-09-09T10:12Z,15152,gA,1.699
2026-09-09T10:12Z,15153,g95e5,1.679
2026-09-09T10:12Z,15153,gA,1.699
2026-09-09T10:12Z,15155,g95e5,1.745
2026-09-09T10:12Z,15155,gA,1.695
2026-09-09T10:12Z,15155,gP,1.735
2026-09-09T10:12Z,15158,g95e5,1.943
2026-09-09T10:12Z,15158,gA,1.910
2026-09-09T10:12Z,15161,g95e5,1.779
2026-09-09T10:12Z,15161,gA,1.767
2026-09-09T10:12Z,15165,g95e5,1.959
2026-09-09T10:12Z,15165,gA,1.889
2026-09-09T10:12Z,15165,gP,1.944
2026-09-09T10:12Z,15165,g95e5p,2.019
2026-09-09T10:12Z,15167,g95e5,1.659
2026-09-09T10:12Z,15167,gA,1.659
2026-09-09T10:12Z,15168,g95e5,1.699
2026-09-09T10:12Z,15169,g95e5,1.969
2026-09-09T10:12Z,15169,gP,1.969
2026-09-09T10:12Z,15171,g95e5,1.969
2026-09-09T10:12Z,15171,gA,1.949
2026-09-09T10:12Z,15171,gP,2.044
2026-09-09T10:12Z,15174,g95e5,1.769
2026-09-09T10:12Z,15180,g95e5,1.817
2026-09-09T10:12Z,15180,gA,1.789
2026-09-09T10:12Z,15180,gP,1.809
2026-09-09T10:12Z,15199,g95e5,1.729
2026-09-09T10:12Z,15199,gA,1.719
2026-09-09T10:12Z,15209,g95e5,1.749
2026-09-09T10:12Z,15210,g95e5,1.719
2026-09-09T10:12Z,15210,gA,1.687
2026-09-09T10:12Z,15211,g95e5,1.759
2026-09-09T10:12Z,15211,gA,1.979
2026-09-09T10:12Z,15212,g95e5,1.757
2026-09-09T10:12Z,15212,gA,1.755
2026-09-09T10:12Z,15212,gP,1.805
2026-09-09T10:12Z,15224,g95e5,1.719
2026-09-09T10:12Z,15224,gA,1.645
2026-09-09T10:12Z,15240,gA,1.749
2026-09-09T10:12Z,15240,gB,1.469
2026-09-09T10:12Z,15266,g95e5,1.856
2026-09-09T10:12Z,15266,gA,1.816
2026-09-09T10:12Z,15268,g95e5,1.699
2026-09-09T10:12Z,15270,gA,1.849
2026-09-09T10:12Z,15300,g95e5,1.769
2026-09-09T10:12Z,15300,gA,1.749
2026-09-09T10:12Z,15370,g95e5,1.719
2026-09-09T10:12Z,15370,gA,1.669
2026-09-09T10:12Z,15385,gA,1.889
2026-09-09T10:12Z,15399,g95e5,1.789
2026-09-09T10:12Z,15399,gA,1.759
2026-09-09T10:12Z,15399,gP,1.789
2026-09-09T10:12Z,15399,g98e5,1.925
2026-09-09T10:12Z,15422,gA,1.839
2026-09-09T10:12Z,15437,gA,1.865
2026-09-09T10:12Z,15440,g95e5,1.783
2026-09-09T10:12Z,15440,gA,1.747
2026-09-09T10:12Z,15451,g95e5,1.899
2026-09-09T10:12Z,15451,gA,1.829
2026-09-09T10:12Z,15451,gP,1.929
2026-09-09T10:12Z,15451,g98e5,1.999
2026-09-09T10:12Z,15457,gA,1.839
2026-09-09T10:12Z,15457,g98e5,1.998
2026-09-09T10:12Z,15489,g95e5,1.769
2026-09-09T10:12Z,15489,gA,1.767
2026-09-09T10:12Z,15513,g95e5,1.649
2026-09-09T10:12Z,15514,g95e5,1.759
2026-09-09T10:12Z,15518,g95e5,1.799
2026-09-09T10:12Z,15520,g95e5,1.769
2026-09-09T10:12Z,15520,g98e5,1.929
2026-09-09T10:12Z,15523,g95e5,1.739
2026-09-09T10:12Z,15523,gA,1.749
2026-09-09T10:12Z,15540,g95e5,1.339
2026-09-09T10:12Z,15540,gA,1.469
2026-09-09T10:12Z,15546,g95e5,1.909
2026-09-09T10:12Z,15546,gA,1.879
2026-09-09T10:12Z,15546,gP,1.943
2026-09-09T10:12Z,15549,g95e5,1.969
2026-09-09T10:12Z,15550,g95e5,1.729
2026-09-09T10:12Z,15550,gA,1.699
2026-09-09T10:12Z,15553,g95e5,1.749
2026-09-09T10:12Z,15553,gA,1.747
2026-09-09T10:12Z,15553,gP,1.767
2026-09-09T10:12Z,15563,g95e5,1.759
2026-09-09T10:12Z,15563,gA,1.729
2026-09-09T10:12Z,15564,g95e5,1.759
2026-09-09T10:12Z,15564,gA,1.759
2026-09-09T10:12Z,15569,g95e5,1.859
2026-09-09T10:12Z,15569,gA,1.809
2026-09-09T10:12Z,15573,g95e5,1.789
2026-09-09T10:12Z,15573,gA,1.779
2026-09-09T10:12Z,15575,g95e5,1.508
2026-09-09T10:12Z,15575,gA,1.618
2026-09-09T10:12Z,15575,g98e5,1.629
2026-09-09T10:12Z,15577,gA,1.767
2026-09-09T10:12Z,15578,g95e5,1.959
2026-09-09T10:12Z,15578,gA,1.929
2026-09-09T10:12Z,15578,gP,2.004
2026-09-09T10:12Z,15578,g95e5p,1.999
2026-09-09T10:12Z,15594,g95e5,1.339
2026-09-09T10:12Z,15594,gA,1.469
2026-09-09T10:12Z,15598,g95e5,1.847
2026-09-09T10:12Z,15608,g95e5,1.899
2026-09-09T10:12Z,15608,gA,1.899
2026-09-09T10:12Z,15608,gP,2.014
2026-09-09T10:12Z,15608,g95e5p,1.979
2026-09-09T10:12Z,15613,g95e5,1.817
2026-09-09T10:12Z,15613,gA,1.789
2026-09-09T10:12Z,15623,g95e5,1.817
2026-09-09T10:12Z,15623,gA,1.757
2026-09-09T10:12Z,15625,g95e5,1.815
2026-09-09T10:12Z,15653,g98e5,1.400
2026-09-09T10:12Z,15656,gA,1.790
2026-09-09T10:12Z,15658,g95e5,1.969
2026-09-09T10:12Z,15668,g95e5,1.680
2026-09-09T10:12Z,15675,gA,1.869
2026-09-09T10:12Z,15688,g95e5,1.739
2026-09-09T10:12Z,15688,gA,1.729
2026-09-09T10:12Z,15689,g95e5,1.747
2026-09-09T10:12Z,15689,gA,1.719
2026-09-09T10:12Z,15689,gB,1.457
2026-09-09T10:12Z,15690,g95e5,1.719
2026-09-09T10:12Z,15690,gA,1.739
2026-09-09T10:12Z,15728,g95e5,1.679
2026-09-09T10:12Z,15728,gA,1.767
2026-09-09T10:12Z,15734,g95e5,1.769
2026-09-09T10:12Z,15734,gA,1.717
2026-09-09T10:12Z,15758,gA,1.658
2026-09-09T10:12Z,15758,gP,1.678
2026-09-09T10:12Z,15762,g95e5,2.018
2026-09-09T10:12Z,15762,gA,1.968
2026-09-09T10:12Z,15762,gP,2.029
2026-09-09T10:12Z,15769,gA,1.909
2026-09-09T10:12Z,15769,gP,1.984
2026-09-09T10:12Z,15777,g95e5,1.719
2026-09-09T10:12Z,15777,gA,1.718
2026-09-09T10:12Z,15794,g95e5,1.788
2026-09-09T10:12Z,15794,gA,1.839
2026-09-09T10:12Z,15797,g95e5,1.639
2026-09-09T10:12Z,15800,g95e5,1.849
2026-09-09T10:12Z,15800,gA,1.819
2026-09-09T10:12Z,15804,gA,1.789
2026-09-09T10:12Z,15810,g95e5,1.779
2026-09-09T10:12Z,15810,gA,1.767
2026-09-09T10:12Z,15811,g95e5,1.599
2026-09-09T10:12Z,15815,g95e5,1.719
2026-09-09T10:12Z,15815,gA,1.719
2026-09-09T10:12Z,15816,g95e5,1.567
2026-09-09T10:12Z,15816,gA,1.617
2026-09-09T10:12Z,15825,g95e5,1.739
2026-09-09T10:12Z,15825,gA,1.719
2026-09-09T10:12Z,15827,g95e5,1.719
2026-09-09T10:12Z,15827,gA,1.609
2026-09-09T10:12Z,15836,g95e5,1.787
2026-09-09T10:12Z,15836,gA,1.777
2026-09-09T10:12Z,15836,gP,1.837
2026-09-09T10:12Z,15841,g95e5,1.699
2026-09-09T10:12Z,15849,g95e5,1.699
2026-09-09T10:12Z,15849,gA,1.667
2026-09-09T10:12Z,15855,g95e5,1.739
2026-09-09T10:12Z,15855,gA,1.749
2026-09-09T10:12Z,15857,g95e5,1.679
2026-09-09T10:12Z,15857,gA,1.657
2026-09-09T10:12Z,15858,g95e5,1.739
2026-09-09T10:12Z,15858,gA,1.727
2026-09-09T10:12Z,15861,g95e5,1.809
2026-09-09T10:12Z,15861,gA,1.789
2026-09-09T10:12Z,15861,gP,1.889
2026-09-09T10:12Z,15869,gA,1.659
2026-09-09T10:12Z,15872,g98e5,1.400
2026-09-09T10:12Z,15878,g95e5,1.739
2026-09-09T10:12Z,15878,gA,1.749
2026-09-09T10:12Z,15881,g95e5,1.749
2026-09-09T10:12Z,15881,gA,1.719
2026-09-09T10:12Z,15883,g95e5,1.749
2026-09-09T10:12Z,15883,gA,1.649
2026-09-09T10:12Z,15888,g95e5,1.759
2026-09-09T10:12Z,15888,gA,1.709
2026-09-09T10:12Z,15897,g95e5,1.799
2026-09-09T10:12Z,15897,gA,1.799
2026-09-09T10:12Z,15917,g95e5,1.589
2026-09-09T10:12Z,15917,gA,1.579
2026-09-09T10:12Z,15925,gA,1.789
2026-09-09T10:12Z,15957,g95e5,1.529
2026-09-09T10:12Z,15957,gA,1.639
2026-09-09T10:12Z,15963,g95e5,1.649
2026-09-09T10:12Z,15966,gA,1.775
2026-09-09T10:12Z,15967,g95e5,1.919
2026-09-09T10:12Z,15970,g95e5,1.659
2026-09-09T10:12Z,15970,gA,1.669
2026-09-09T10:12Z,15971,g95e5,1.819
2026-09-09T10:12Z,15971,gA,1.817
2026-09-09T10:12Z,15974,g95e5,1.689
2026-09-09T10:12Z,15975,g95e5,1.789
2026-09-09T10:12Z,15975,gA,1.779
2026-09-09T10:12Z,15978,g95e5,1.817
2026-09-09T10:12Z,15978,gA,1.789
2026-09-09T10:12Z,15980,g95e5,1.659
2026-09-09T10:12Z,15980,gA,1.699
2026-09-09T10:12Z,15987,g95e5,1.739
2026-09-09T10:12Z,15987,gA,1.719
2026-09-09T10:12Z,15999,g95e5,1.659
2026-09-09T10:12Z,15999,gA,1.689
2026-09-09T10:12Z,16003,g95e5,1.679
2026-09-09T10:12Z,16003,gA,1.639
2026-09-09T10:12Z,16004,g95e5,1.817
2026-09-09T10:12Z,16004,gA,1.789
2026-09-09T10:12Z,16025,gA,1.775
2026-09-09T10:12Z,16032,g95e5,1.755
2026-09-09T10:12Z,16032,gA,1.767
2026-09-09T10:12Z,16035,g95e5,1.699
2026-09-09T10:12Z,16035,gA,1.679
2026-09-09T10:12Z,16037,g95e5,1.819
2026-09-09T10:12Z,16037,g98e5,1.919
2026-09-09T10:12Z,16054,g95e5,1.739
2026-09-09T10:12Z,16054,gA,1.729
2026-09-09T10:12Z,16054,gP,1.749
2026-09-09T10:12Z,16055,g95e5,1.739
2026-09-09T10:12Z,16055,gA,1.719
2026-09-09T10:12Z,16057,gA,1.569
2026-09-09T10:12Z,16057,gP,1.669
2026-09-09T10:12Z,16058,g95e5,1.679
2026-09-09T10:12Z,16058,gA,1.769
2026-09-09T10:12Z,16059,g95e5,1.669
2026-09-09T10:12Z,16072,g95e5,1.989
2026-09-09T10:12Z,16073,g95e5,1.755
2026-09-09T10:12Z,16073,gA,1.765
2026-09-09T10:12Z,16074,g98e5,2.109
2026-09-09T10:12Z,16074,g95e5p,2.049
2026-09-09T10:12Z,16074,g95e10,1.979
2026-09-09T10:12Z,16078,g95e5,1.832
2026-09-09T10:12Z,16085,g95e5,1.739
2026-09-09T10:12Z,16085,gA,1.709
2026-09-09T10:12Z,16086,gA,1.689
2026-09-09T10:12Z,16087,g95e5,1.699
2026-09-09T10:12Z,16087,gA,1.719
2026-09-09T10:12Z,16091,g95e5,1.769
2026-09-09T10:12Z,16091,gA,1.769
2026-09-09T10:12Z,16094,g95e5,1.769
2026-09-09T10:12Z,16094,gA,1.737
2026-09-09T10:12Z,16095,g95e5,1.789
2026-09-09T10:12Z,16095,gA,1.697
2026-09-09T10:12Z,16112,g95e5,1.759
2026-09-09T10:12Z,16122,gA,1.725
2026-09-09T10:12Z,16133,g95e5,1.629
2026-09-09T10:12Z,16133,gA,1.619
2026-09-09T10:12Z,16139,gA,1.738
2026-09-09T10:12Z,16157,g95e5,1.787
2026-09-09T10:12Z,16157,gA,1.777
2026-09-09T10:12Z,16157,gP,1.837
2026-09-09T10:12Z,16160,g95e5,1.849
2026-09-09T10:12Z,16160,gA,1.689
2026-09-09T10:12Z,16169,g95e5,1.769
2026-09-09T10:12Z,16169,gA,1.729
2026-09-09T10:12Z,16173,g95e5,1.699
2026-09-09T10:12Z,16173,gA,1.679
2026-09-09T10:12Z,16174,g95e5,1.799
2026-09-09T10:12Z,16174,gA,1.757
2026-09-09T10:12Z,16204,g95e5,1.759
2026-09-09T10:12Z,16204,gA,1.749
2026-09-09T10:12Z,16206,g95e5,1.679
2026-09-09T10:12Z,16206,gA,1.699
2026-09-09T10:12Z,16207,g95e5,1.759
2026-09-09T10:12Z,16234,g95e5,1.719
2026-09-09T10:12Z,16234,gA,1.689
2026-09-09T10:12Z,16235,g95e5,1.339
2026-09-09T10:12Z,16235,gA,1.469
2026-09-09T10:12Z,16247,g95e5,1.779
2026-09-09T10:12Z,16247,gA,1.767
2026-09-09T10:12Z,16252,g95e5,1.839
2026-09-09T10:12Z,16252,gA,1.819
2026-09-09T10:12Z,16254,g95e5,1.909
2026-09-09T10:12Z,16254,gA,1.899
2026-09-09T10:12Z,16256,g95e5,1.719
2026-09-09T10:12Z,16256,gA,1.697
2026-09-09T10:12Z,16258,gA,1.789
2026-09-09T10:12Z,16261,g95e5,1.796
2026-09-09T10:12Z,16261,g95e5p,1.816
2026-09-09T10:12Z,16272,g95e5,1.679
2026-09-09T10:12Z,16272,gA,1.697
2026-09-09T10:12Z,16278,g95e5,1.389
2026-09-09T10:12Z,16278,gA,1.479
2026-09-09T10:12Z,16285,g95e5,1.719
2026-09-09T10:12Z,16285,gA,1.697
2026-09-09T10:12Z,16285,gP,1.707
2026-09-09T10:12Z,16285,g95e5p,1.729
2026-09-09T10:12Z,16288,g95e5,1.838
2026-09-09T10:12Z,16288,gA,1.803
2026-09-09T10:12Z,16288,gB,1.672
2026-09-09T10:12Z,16308,g95e5,1.779
2026-09-09T10:12Z,16308,gA,1.767
2026-09-09T10:12Z,16314,g95e5,1.819
2026-09-09T10:12Z,16331,g95e5,1.475
2026-09-09T10:12Z,16331,gA,1.465
2026-09-09T10:12Z,16336,g95e5,1.799
2026-09-09T10:12Z,16345,g95e5,1.729
2026-09-09T10:12Z,16345,gA,1.689
2026-09-09T10:12Z,16351,g95e5,1.709
2026-09-09T10:12Z,16351,gA,1.687
2026-09-09T10:12Z,16354,g95e5,1.769
2026-09-09T10:12Z,16354,g98e10,1.869
2026-09-09T10:12Z,16375,g95e5,1.699
2026-09-09T10:12Z,16375,gA,1.699
2026-09-09T10:12Z,16376,g95e5,1.817
2026-09-09T10:12Z,16412,g95e5,1.777
2026-09-09T10:12Z,16412,gP,1.767
2026-09-09T10:12Z,16412,g98e5,1.957
2026-09-09T10:12Z,16416,g95e5,1.819
2026-09-09T10:12Z,16416,gA,1.759
2026-09-09T10:12Z,16418,g95e5,1.699
2026-09-09T10:12Z,16418,gA,1.679
2026-09-09T10:12Z,16421,g95e5,1.777
2026-09-09T10:12Z,16421,gA,1.767
2026-09-09T10:12Z,16438,g95e5,1.639
2026-09-09T10:12Z,16438,gA,1.669
2026-09-09T10:12Z,16450,g95e5,1.817
2026-09-09T10:12Z,16450,gA,1.757
2026-09-09T10:12Z,16456,g95e5,1.779
2026-09-09T10:12Z,16456,gA,1.769
2026-09-09T10:12Z,16471,g95e5,1.837
2026-09-09T10:12Z,16489,g95e5,1.639
2026-09-09T10:12Z,16491,g95e5,1.787
2026-09-09T10:12Z,16497,gA,1.799
2026-09-09T10:12Z,16497,glp,1.095
2026-09-09T10:12Z,16515,g95e5,1.742
2026-09-09T10:12Z,16515,gA,1.699
2026-09-09T10:12Z,16515,gB,1.372
2026-09-09T10:12Z,16518,g95e5,1.809
2026-09-09T10:12Z,16518,gA,1.779
2026-09-09T10:12Z,16521,g95e5,1.799
2026-09-09T10:12Z,16521,gA,1.798
