ts,id,combustible,precio
2026-10-05T01:21Z,27,gA,2.029
2026-10-05T01:21Z,27,gP,2.119
2026-10-05T01:21Z,28,g95e5,1.859
2026-10-05T01:21Z,28,gA,2.019
2026-10-05T01:21Z,28,gP,2.069
2026-10-05T01:21Z,28,g98e5,1.999
2026-10-05T01:21Z,67,g95e5,1.829
2026-10-05T01:21Z,68,g95e5,1.829
2026-10-05T01:21Z,68,g98e5,1.939
2026-10-05T01:21Z,90,gA,1.994
2026-10-05T01:21Z,90,gP,2.044
2026-10-05T01:21Z,219,g95e5,1.839
2026-10-05T01:21Z,219,gA,1.939
2026-10-05T01:21Z,219,gP,1.989
2026-10-05T01:21Z,219,g95e5p,1.889
2026-10-05T01:21Z,220,g95e5,1.839
2026-10-05T01:21Z,220,gA,1.939
2026-10-05T01:21Z,220,gP,1.989
2026-10-05T01:21Z,220,g95e5p,1.889
2026-10-05T01:21Z,313,g95e5,1.679
2026-10-05T01:21Z,392,g95e5,1.898
2026-10-05T01:21Z,392,gA,1.958
2026-10-05T01:21Z,392,gB,1.820
2026-10-05T01:21Z,419,gA,2.014
2026-10-05T01:21Z,419,gP,2.079
2026-10-05T01:21Z,436,g95e5,1.799
2026-10-05T01:21Z,436,g95e5p,1.849
2026-10-05T01:21Z,474,g95e5,1.829
2026-10-05T01:21Z,543,g95e5,1.859
2026-10-05T01:21Z,543,gA,2.009
2026-10-05T01:21Z,543,gP,2.059
2026-10-05T01:21Z,543,g95e5p,1.909
2026-10-05T01:21Z,659,gA,1.964
2026-10-05T01:21Z,659,gP,2.089
2026-10-05T01:21Z,679,g95e5,1.679
2026-10-05T01:21Z,923,g95e5,1.729
2026-10-05T01:21Z,923,gA,1.899
2026-10-05T01:21Z,923,g95e5p,1.749
2026-10-05T01:21Z,947,g95e5,1.779
2026-10-05T01:21Z,947,gA,1.959
2026-10-05T01:21Z,947,gP,2.009
2026-10-05T01:21Z,947,g98e5,1.919
2026-10-05T01:21Z,950,gA,1.979
2026-10-05T01:21Z,950,gP,2.029
2026-10-05T01:21Z,950,gB,1.759
2026-10-05T01:21Z,955,g95e5,1.869
2026-10-05T01:21Z,955,gA,1.989
2026-10-05T01:21Z,955,gP,2.089
2026-10-05T01:21Z,955,gB,1.759
2026-10-05T01:21Z,963,gA,2.004
2026-10-05T01:21Z,963,gP,2.099
2026-10-05T01:21Z,1068,gP,1.799
2026-10-05T01:21Z,1068,g95e5p,1.739
2026-10-05T01:21Z,1213,gA,2.029
2026-10-05T01:21Z,1213,gP,2.119
2026-10-05T01:21Z,1783,g95e5,1.669
2026-10-05T01:21Z,1783,gP,1.817
2026-10-05T01:21Z,1783,g95e5p,1.679
2026-10-05T01:21Z,1979,g95e5,1.838
2026-10-05T01:21Z,1979,gA,1.898
2026-10-05T01:21Z,1980,g95e5,1.839
2026-10-05T01:21Z,1980,gA,1.919
2026-10-05T01:21Z,1980,g98e5,1.969
2026-10-05T01:21Z,1980,glp,1.149
2026-10-05T01:21Z,2246,g95e5,1.839
2026-10-05T01:21Z,2360,gA,1.948
2026-10-05T01:21Z,2361,gA,1.948
2026-10-05T01:21Z,2455,g95e5,1.669
2026-10-05T01:21Z,2455,gP,1.817
2026-10-05T01:21Z,2455,g95e5p,1.679
2026-10-05T01:21Z,2669,g95e5,1.979
2026-10-05T01:21Z,2672,gA,1.785
2026-10-05T01:21Z,2672,gP,1.805
2026-10-05T01:21Z,2672,g95e5p,1.739
2026-10-05T01:21Z,2854,g95e5,1.888
2026-10-05T01:21Z,2854,gA,1.999
2026-10-05T01:21Z,2854,gP,2.119
2026-10-05T01:21Z,2854,g95e5p,1.968
2026-10-05T01:21Z,2854,gB,1.889
2026-10-05T01:21Z,2924,g95e5,1.869
2026-10-05T01:21Z,2924,g98e5,1.989
2026-10-05T01:21Z,2926,g95e5,1.749
2026-10-05T01:21Z,2926,g95e5p,1.799
2026-10-05T01:21Z,2927,g95e5,1.779
2026-10-05T01:21Z,2927,g95e5p,1.829
2026-10-05T01:21Z,2929,g95e5,1.719
2026-10-05T01:21Z,2929,g98e5,1.859
2026-10-05T01:21Z,2933,g95e5,1.657
2026-10-05T01:21Z,2933,gP,1.819
2026-10-05T01:21Z,2933,g95e5p,1.677
2026-10-05T01:21Z,2934,g95e5,1.657
2026-10-05T01:21Z,2934,gP,1.819
2026-10-05T01:21Z,2934,g95e5p,1.677
2026-10-05T01:21Z,2948,g95e5,1.848
2026-10-05T01:21Z,2948,gA,1.998
2026-10-05T01:21Z,2948,g98e5,1.949
2026-10-05T01:21Z,2948,g95e5p,1.898
2026-10-05T01:21Z,2949,g95e5,1.848
2026-10-05T01:21Z,2949,gA,1.998
2026-10-05T01:21Z,2949,g95e5p,1.898
2026-10-05T01:21Z,3016,g95e5,1.789
2026-10-05T01:21Z,3016,gA,1.919
2026-10-05T01:21Z,3016,gP,2.009
2026-10-05T01:21Z,3016,g98e5,1.899
2026-10-05T01:21Z,3061,g95e5,1.779
2026-10-05T01:21Z,3061,gA,1.899
2026-10-05T01:21Z,3061,gP,1.949
2026-10-05T01:21Z,3061,g98e5,1.889
2026-10-05T01:21Z,3067,g95e5,1.709
2026-10-05T01:21Z,3067,g95e5p,1.759
2026-10-05T01:21Z,3074,g95e5,1.829
2026-10-05T01:21Z,3074,gA,1.979
2026-10-05T01:21Z,3074,gP,2.029
2026-10-05T01:21Z,3074,g98e5,1.969
2026-10-05T01:21Z,3099,gP,1.859
2026-10-05T01:21Z,3153,gP,1.849
2026-10-05T01:21Z,3153,g95e5p,1.739
2026-10-05T01:21Z,3154,gP,1.849
2026-10-05T01:21Z,3154,g95e5p,1.739
2026-10-05T01:21Z,3194,gP,1.859
2026-10-05T01:21Z,3195,gA,1.817
2026-10-05T01:21Z,3195,gP,1.837
2026-10-05T01:21Z,3216,gA,1.679
2026-10-05T01:21Z,3421,g95e5,1.659
2026-10-05T01:21Z,3421,gA,1.729
2026-10-05T01:21Z,3423,gP,1.749
2026-10-05T01:21Z,3423,g95e5p,1.699
2026-10-05T01:21Z,3709,g95e5,1.719
2026-10-05T01:21Z,3709,gP,1.879
2026-10-05T01:21Z,3709,g95e5p,1.739
2026-10-05T01:21Z,3870,g95e5,1.804
2026-10-05T01:21Z,3870,gA,1.884
2026-10-05T01:21Z,3870,gP,1.934
2026-10-05T01:21Z,3870,g98e5,1.944
2026-10-05T01:21Z,3886,g95e5,1.869
2026-10-05T01:21Z,3886,gA,1.899
2026-10-05T01:21Z,3934,g95e5,1.815
2026-10-05T01:21Z,3934,gA,1.995
2026-10-05T01:21Z,3945,g95e5,1.699
2026-10-05T01:21Z,3945,gP,1.789
2026-10-05T01:21Z,3945,g95e5p,1.719
2026-10-05T01:21Z,4001,g95e5,1.649
2026-10-05T01:21Z,4001,gP,1.809
2026-10-05T01:21Z,4001,g95e5p,1.669
2026-10-05T01:21Z,4005,gA,1.994
2026-10-05T01:21Z,4005,gP,2.084
2026-10-05T01:21Z,4128,gA,1.729
2026-10-05T01:21Z,4310,gA,1.904
2026-10-05T01:21Z,4310,gP,1.954
2026-10-05T01:21Z,4360,g95e5,1.689
2026-10-05T01:21Z,4360,gA,1.799
2026-10-05T01:21Z,4360,gP,1.819
2026-10-05T01:21Z,4361,g95e5,1.689
2026-10-05T01:21Z,4361,gA,1.799
2026-10-05T01:21Z,4361,gP,1.819
2026-10-05T01:21Z,4656,g95e5,1.829
2026-10-05T01:21Z,4656,g95e5p,1.879
2026-10-05T01:21Z,4662,g95e5,1.809
2026-10-05T01:21Z,4662,gP,2.034
2026-10-05T01:21Z,4667,g95e5,1.829
2026-10-05T01:21Z,4667,gA,1.979
2026-10-05T01:21Z,4667,gP,2.029
2026-10-05T01:21Z,4667,g98e5,1.969
2026-10-05T01:21Z,4668,g95e5,1.829
2026-10-05T01:21Z,4668,gA,1.979
2026-10-05T01:21Z,4668,gP,2.029
2026-10-05T01:21Z,4668,g98e5,1.969
2026-10-05T01:21Z,4669,g95e5,1.829
2026-10-05T01:21Z,4669,g98e5,1.949
2026-10-05T01:21Z,4684,g95e5,1.829
2026-10-05T01:21Z,4684,gA,1.979
2026-10-05T01:21Z,4684,gP,2.029
2026-10-05T01:21Z,4684,g95e5p,1.879
2026-10-05T01:21Z,4691,g95e5,1.737
2026-10-05T01:21Z,4691,gP,1.879
2026-10-05T01:21Z,4691,g95e5p,1.757
2026-10-05T01:21Z,4701,g95e5,1.824
2026-10-05T01:21Z,4701,g95e5p,1.874
2026-10-05T01:21Z,4702,g95e5,1.799
2026-10-05T01:21Z,4702,gA,1.969
2026-10-05T01:21Z,4702,gP,2.019
2026-10-05T01:21Z,4702,g95e5p,1.849
2026-10-05T01:21Z,4703,g95e5,1.799
2026-10-05T01:21Z,4703,gA,1.969
2026-10-05T01:21Z,4703,gP,2.019
2026-10-05T01:21Z,4703,g95e5p,1.849
2026-10-05T01:21Z,4762,g95e5,1.885
2026-10-05T01:21Z,4762,gA,1.994
2026-10-05T01:21Z,4762,gP,2.109
2026-10-05T01:21Z,4798,gP,1.829
2026-10-05T01:21Z,4798,g95e5p,1.699
2026-10-05T01:21Z,4819,g95e5,1.789
2026-10-05T01:21Z,4819,g98e5,1.899
2026-10-05T01:21Z,4872,gP,1.829
2026-10-05T01:21Z,4872,g95e5p,1.699
2026-10-05T01:21Z,4881,g95e5,1.834
2026-10-05T01:21Z,4881,gA,1.974
2026-10-05T01:21Z,4881,gP,2.024
2026-10-05T01:21Z,4881,g98e5,1.964
2026-10-05T01:21Z,4885,g95e5,1.657
2026-10-05T01:21Z,4885,gP,1.809
2026-10-05T01:21Z,4885,g95e5p,1.677
2026-10-05T01:21Z,5000,gP,2.049
2026-10-05T01:21Z,5006,gA,2.004
2026-10-05T01:21Z,5006,gP,2.069
2026-10-05T01:21Z,5006,g98e5,1.858
2026-10-05T01:21Z,5021,gP,2.049
2026-10-05T01:21Z,5038,g95e5,1.759
2026-10-05T01:21Z,5038,gA,1.829
2026-10-05T01:21Z,5038,gP,1.879
2026-10-05T01:21Z,5081,gA,2.024
2026-10-05T01:21Z,5081,gP,2.074
2026-10-05T01:21Z,5096,g95e5,1.709
2026-10-05T01:21Z,5096,gA,1.845
2026-10-05T01:21Z,5096,gP,1.865
2026-10-05T01:21Z,5164,gA,1.989
2026-10-05T01:21Z,5164,gB,1.829
2026-10-05T01:21Z,5223,gA,2.019
2026-10-05T01:21Z,5229,g95e5,1.828
2026-10-05T01:21Z,5229,gA,1.838
2026-10-05T01:21Z,5229,gP,1.838
2026-10-05T01:21Z,5229,gB,1.499
2026-10-05T01:21Z,5322,gA,1.974
2026-10-05T01:21Z,5322,gP,2.024
2026-10-05T01:21Z,5354,g95e5,1.889
2026-10-05T01:21Z,5354,gA,1.999
2026-10-05T01:21Z,5354,gP,2.099
2026-10-05T01:21Z,5354,g98e5,1.999
2026-10-05T01:21Z,5354,gB,1.745
2026-10-05T01:21Z,5478,g95e5,1.849
2026-10-05T01:21Z,5478,gA,1.969
2026-10-05T01:21Z,5478,g98e5,2.009
2026-10-05T01:21Z,5501,g95e5,1.819
2026-10-05T01:21Z,5501,g98e5,1.939
2026-10-05T01:21Z,5523,gA,1.964
2026-10-05T01:21Z,5523,gP,2.014
2026-10-05T01:21Z,5600,g95e5,1.737
2026-10-05T01:21Z,5600,gA,1.859
2026-10-05T01:21Z,5630,g95e5p,1.699
2026-10-05T01:21Z,5641,g95e5,1.699
2026-10-05T01:21Z,5641,gA,1.809
2026-10-05T01:21Z,5665,g95e5,1.737
2026-10-05T01:21Z,5673,g95e5,1.767
2026-10-05T01:21Z,5673,gA,1.849
2026-10-05T01:21Z,5673,gP,1.869
2026-10-05T01:21Z,5673,g95e5p,1.787
2026-10-05T01:21Z,5683,g95e5,1.767
2026-10-05T01:21Z,5683,gA,1.849
2026-10-05T01:21Z,5683,gP,1.869
2026-10-05T01:21Z,5692,g95e5,1.739
2026-10-05T01:21Z,5692,gA,1.849
2026-10-05T01:21Z,5692,gP,1.869
2026-10-05T01:21Z,5692,g95e5p,1.759
2026-10-05T01:21Z,5719,gA,2.004
2026-10-05T01:21Z,6134,g95e5,1.869
2026-10-05T01:21Z,6134,gA,2.029
2026-10-05T01:21Z,6134,gP,2.099
2026-10-05T01:21Z,6136,g95e5,1.727
2026-10-05T01:21Z,6136,gP,1.889
2026-10-05T01:21Z,6136,g95e5p,1.747
2026-10-05T01:21Z,6139,gP,1.779
2026-10-05T01:21Z,6161,g95e5p,1.759
2026-10-05T01:21Z,6166,g95e5,1.839
2026-10-05T01:21Z,6166,g98e5,1.979
2026-10-05T01:21Z,6254,g95e5,1.879
2026-10-05T01:21Z,6254,gA,1.945
2026-10-05T01:21Z,6254,gP,2.005
2026-10-05T01:21Z,6254,g98e5,2.009
2026-10-05T01:21Z,6293,g95e5,1.754
2026-10-05T01:21Z,6293,gA,1.874
2026-10-05T01:21Z,6293,gP,1.924
2026-10-05T01:21Z,6293,g98e5,1.864
2026-10-05T01:21Z,6331,g95e5,1.879
2026-10-05T01:21Z,6331,gA,1.945
2026-10-05T01:21Z,6331,gP,2.005
2026-10-05T01:21Z,6331,g98e5,2.009
2026-10-05T01:21Z,6418,gA,1.799
2026-10-05T01:21Z,6418,gP,1.819
2026-10-05T01:21Z,6418,g95e5p,1.739
2026-10-05T01:21Z,6439,gA,1.819
2026-10-05T01:21Z,6583,g95e5,1.699
2026-10-05T01:21Z,6583,gA,1.849
2026-10-05T01:21Z,6583,g95e5p,1.719
2026-10-05T01:21Z,6615,gA,2.034
2026-10-05T01:21Z,6615,gP,2.119
2026-10-05T01:21Z,6635,g95e5,1.725
2026-10-05T01:21Z,6635,gP,1.895
2026-10-05T01:21Z,6635,g95e5p,1.745
2026-10-05T01:21Z,6640,g95e5,1.725
2026-10-05T01:21Z,6640,gP,1.895
2026-10-05T01:21Z,6640,g95e5p,1.745
2026-10-05T01:21Z,6649,g95e5,1.679
2026-10-05T01:21Z,6649,gA,1.789
2026-10-05T01:21Z,6654,g95e5,1.725
2026-10-05T01:21Z,6654,gP,1.895
2026-10-05T01:21Z,6654,g95e5p,1.745
2026-10-05T01:21Z,6754,g95e5,1.899
2026-10-05T01:21Z,6754,g98e5,2.049
2026-10-05T01:21Z,6787,g95e5,1.699
2026-10-05T01:21Z,6787,gA,1.845
2026-10-05T01:21Z,6787,gP,1.865
2026-10-05T01:21Z,6787,g95e5p,1.719
2026-10-05T01:21Z,6788,gA,2.014
2026-10-05T01:21Z,6788,gP,2.089
2026-10-05T01:21Z,6788,gB,1.878
2026-10-05T01:21Z,6816,g95e5,1.839
2026-10-05T01:21Z,7049,gP,1.859
2026-10-05T01:21Z,7049,g95e5p,1.739
2026-10-05T01:21Z,7064,g95e5,1.809
2026-10-05T01:21Z,7064,gA,1.964
2026-10-05T01:21Z,7064,gP,2.014
2026-10-05T01:21Z,7191,g95e5,1.799
2026-10-05T01:21Z,7191,g95e5p,1.849
2026-10-05T01:21Z,7332,g95e5,1.727
2026-10-05T01:21Z,7332,gP,1.889
2026-10-05T01:21Z,7333,g95e5,1.727
2026-10-05T01:21Z,7333,gP,1.889
2026-10-05T01:21Z,7348,g95e5,1.749
2026-10-05T01:21Z,7348,gA,1.865
2026-10-05T01:21Z,7356,gP,1.865
2026-10-05T01:21Z,7356,g95e5p,1.739
2026-10-05T01:21Z,7541,g95e5,1.907
2026-10-05T01:21Z,7541,gA,1.999
2026-10-05T01:21Z,7541,gP,2.112
2026-10-05T01:21Z,7541,g98e5,2.311
2026-10-05T01:21Z,7541,gB,1.863
2026-10-05T01:21Z,7795,g95e5,1.539
2026-10-05T01:21Z,7795,gA,1.709
2026-10-05T01:21Z,7795,g98e5,1.679
2026-10-05T01:21Z,8009,g95e5,1.749
2026-10-05T01:21Z,8009,gA,1.849
2026-10-05T01:21Z,8294,g95e5,1.839
2026-10-05T01:21Z,8294,g98e5,1.979
2026-10-05T01:21Z,8517,gP,1.865
2026-10-05T01:21Z,8517,g95e5p,1.739
2026-10-05T01:21Z,8777,gP,1.759
2026-10-05T01:21Z,8892,gP,1.799
2026-10-05T01:21Z,8892,g95e5p,1.739
2026-10-05T01:21Z,9102,g95e5,1.809
2026-10-05T01:21Z,9102,gA,1.939
2026-10-05T01:21Z,9102,gP,1.989
2026-10-05T01:21Z,9102,g95e5p,1.859
2026-10-05T01:21Z,9104,g95e5,1.697
2026-10-05T01:21Z,9104,gP,1.829
2026-10-05T01:21Z,9187,g95e5,1.959
2026-10-05T01:21Z,9187,gA,1.979
2026-10-05T01:21Z,9187,gP,2.079
2026-10-05T01:21Z,9187,g98e5,2.079
2026-10-05T01:21Z,9344,g95e5,1.809
2026-10-05T01:21Z,9344,g95e5p,1.859
2026-10-05T01:21Z,9347,g95e5,1.839
2026-10-05T01:21Z,9347,g95e5p,1.889
2026-10-05T01:21Z,9520,g95e5,1.859
2026-10-05T01:21Z,9699,gA,1.898
2026-10-05T01:21Z,9825,g95e5,1.707
2026-10-05T01:21Z,9825,gP,1.899
2026-10-05T01:21Z,9825,g95e5p,1.727
2026-10-05T01:21Z,9915,g95e5,1.859
2026-10-05T01:21Z,9960,g95e5,1.737
2026-10-05T01:21Z,9960,gA,1.859
2026-10-05T01:21Z,10256,gA,1.867
2026-10-05T01:21Z,10261,g95e5,1.757
2026-10-05T01:21Z,10261,gP,1.907
2026-10-05T01:21Z,10823,gA,2.029
2026-10-05T01:21Z,10823,gP,2.119
2026-10-05T01:21Z,10858,gP,1.799
2026-10-05T01:21Z,11305,g95e5,1.864
2026-10-05T01:21Z,11305,g98e5,1.984
2026-10-05T01:21Z,11306,g95e5,1.864
2026-10-05T01:21Z,11306,g98e5,1.984
2026-10-05T01:21Z,11316,g95e5,1.859
2026-10-05T01:21Z,11316,g98e5,2.019
2026-10-05T01:21Z,11327,g95e5,1.809
2026-10-05T01:21Z,11327,gA,1.969
2026-10-05T01:21Z,11327,gP,2.019
2026-10-05T01:21Z,11327,g95e5p,1.859
2026-10-05T01:21Z,11553,g95e5,1.799
2026-10-05T01:21Z,11553,gA,1.959
2026-10-05T01:21Z,11553,gP,2.009
2026-10-05T01:21Z,11553,g98e5,1.929
2026-10-05T01:21Z,11555,gA,1.938
2026-10-05T01:21Z,11583,g95e5,1.838
2026-10-05T01:21Z,11583,gA,1.974
2026-10-05T01:21Z,11583,gP,2.059
2026-10-05T01:21Z,11583,g98e5,1.938
2026-10-05T01:21Z,11595,gA,1.789
2026-10-05T01:21Z,11595,gP,1.839
2026-10-05T01:21Z,11890,g95e5,1.864
2026-10-05T01:21Z,11890,gA,1.934
2026-10-05T01:21Z,11890,gP,2.024
2026-10-05T01:21Z,11890,g98e5,2.004
2026-10-05T01:21Z,11904,gA,2.014
2026-10-05T01:21Z,11904,gP,2.129
2026-10-05T01:21Z,11904,gB,1.918
2026-10-05T01:21Z,12063,gA,2.004
2026-10-05T01:21Z,12063,gP,2.069
2026-10-05T01:21Z,12077,g95e5,1.715
2026-10-05T01:21Z,12077,gP,1.686
2026-10-05T01:21Z,12077,gB,1.546
2026-10-05T01:21Z,12157,g95e5,1.747
2026-10-05T01:21Z,12197,g95e5,1.689
2026-10-05T01:21Z,12197,gA,1.799
2026-10-05T01:21Z,12278,g95e5,1.737
2026-10-05T01:21Z,12368,g95e5,1.679
2026-10-05T01:21Z,12368,gA,1.739
2026-10-05T01:21Z,12417,g95e5,1.727
2026-10-05T01:21Z,12508,gA,1.729
2026-10-05T01:21Z,12631,g95e5,1.689
2026-10-05T01:21Z,12631,gA,1.729
2026-10-05T01:21Z,12645,g95e5,1.727
2026-10-05T01:21Z,12654,g95e5,1.819
2026-10-05T01:21Z,12688,g95e5,1.745
2026-10-05T01:21Z,12736,g95e5,1.737
2026-10-05T01:21Z,12738,g95e5,1.765
2026-10-05T01:21Z,12738,gA,1.849
2026-10-05T01:21Z,12766,g95e5,1.765
2026-10-05T01:21Z,12766,gP,1.919
2026-10-05T01:21Z,12780,g95e5,1.747
2026-10-05T01:21Z,12790,gP,1.859
2026-10-05T01:21Z,12790,g95e5p,1.739
2026-10-05T01:21Z,12801,g95e5,1.779
2026-10-05T01:21Z,12801,gA,1.869
2026-10-05T01:21Z,12801,gP,1.919
2026-10-05T01:21Z,12809,g95e5,1.689
2026-10-05T01:21Z,12809,gA,1.799
2026-10-05T01:21Z,12818,g95e5,1.699
2026-10-05T01:21Z,12818,gA,1.849
2026-10-05T01:21Z,12828,g95e5,1.649
2026-10-05T01:21Z,12828,gA,1.807
2026-10-05T01:21Z,12878,gP,1.859
2026-10-05T01:21Z,12898,g95e5,1.735
2026-10-05T01:21Z,12898,gP,1.899
2026-10-05T01:21Z,12923,g95e5,1.689
2026-10-05T01:21Z,12923,gA,1.699
2026-10-05T01:21Z,12933,g95e5,1.595
2026-10-05T01:21Z,12963,gA,1.787
2026-10-05T01:21Z,13020,g95e5,1.735
2026-10-05T01:21Z,13066,g95e5,1.699
2026-10-05T01:21Z,13066,gA,1.839
2026-10-05T01:21Z,13101,gA,1.809
2026-10-05T01:21Z,13115,g95e5,1.829
2026-10-05T01:21Z,13115,gA,1.869
2026-10-05T01:21Z,13134,g95e5,1.879
2026-10-05T01:21Z,13134,g98e5,2.019
2026-10-05T01:21Z,13155,g95e5,1.737
2026-10-05T01:21Z,13159,gA,1.779
2026-10-05T01:21Z,13166,g95e5,1.677
2026-10-05T01:21Z,13167,gA,1.817
2026-10-05T01:21Z,13167,gP,1.837
2026-10-05T01:21Z,13167,g95e5p,1.739
2026-10-05T01:21Z,13179,g95e5,1.689
2026-10-05T01:21Z,13179,gA,1.729
2026-10-05T01:21Z,13209,g95e5,1.707
2026-10-05T01:21Z,13209,gP,1.839
2026-10-05T01:21Z,13252,g95e5,1.737
2026-10-05T01:21Z,13261,g95e5,1.727
2026-10-05T01:21Z,13261,gP,1.869
2026-10-05T01:21Z,13322,g95e5,1.739
2026-10-05T01:21Z,13322,gA,1.849
2026-10-05T01:21Z,13356,g95e5,1.747
2026-10-05T01:21Z,13356,gA,1.889
2026-10-05T01:21Z,13367,g95e5,1.727
2026-10-05T01:21Z,13409,g95e5,1.657
2026-10-05T01:21Z,13434,gP,2.009
2026-10-05T01:21Z,13577,gA,2.014
2026-10-05T01:21Z,13590,g95e5,1.739
2026-10-05T01:21Z,13590,gA,1.849
2026-10-05T01:21Z,13593,g95e5,1.659
2026-10-05T01:21Z,13593,gA,1.729
2026-10-05T01:21Z,13613,g95e5,1.699
2026-10-05T01:21Z,13646,g95e5,1.689
2026-10-05T01:21Z,13752,g95e5,1.707
2026-10-05T01:21Z,13762,g95e5,1.727
2026-10-05T01:21Z,13785,g95e5,1.745
2026-10-05T01:21Z,13814,g95e5,1.735
2026-10-05T01:21Z,13814,gA,1.849
2026-10-05T01:21Z,13819,g95e5,1.765
2026-10-05T01:21Z,13819,gA,1.849
2026-10-05T01:21Z,13823,gA,1.789
2026-10-05T01:21Z,13847,g95e5,1.765
2026-10-05T01:21Z,13900,g95e5,1.767
2026-10-05T01:21Z,14053,gA,2.014
2026-10-05T01:21Z,14079,g95e5,1.699
2026-10-05T01:21Z,14079,gA,1.849
2026-10-05T01:21Z,14107,gP,1.859
2026-10-05T01:21Z,14107,g95e5p,1.739
2026-10-05T01:21Z,14111,g95e5,1.769
2026-10-05T01:21Z,14111,gP,1.897
2026-10-05T01:21Z,14112,g95e5,1.699
2026-10-05T01:21Z,14112,gA,1.839
2026-10-05T01:21Z,14243,g95e5,1.657
2026-10-05T01:21Z,14243,gP,1.809
2026-10-05T01:21Z,14255,g95e5,1.609
2026-10-05T01:21Z,14290,g95e5,1.737
2026-10-05T01:21Z,14290,gP,1.887
2026-10-05T01:21Z,14321,gP,1.849
2026-10-05T01:21Z,14343,g95e5,1.747
2026-10-05T01:21Z,14358,gP,1.859
2026-10-05T01:21Z,14386,g95e5,1.699
2026-10-05T01:21Z,14401,g95e5,1.657
2026-10-05T01:21Z,14401,gP,1.809
2026-10-05T01:21Z,14410,g95e5,1.727
2026-10-05T01:21Z,14449,g95e5,1.759
2026-10-05T01:21Z,14449,gA,1.859
2026-10-05T01:21Z,14469,g95e5,1.719
2026-10-05T01:21Z,14481,g95e5,1.767
2026-10-05T01:21Z,14481,gA,1.849
2026-10-05T01:21Z,14481,gP,1.869
2026-10-05T01:21Z,14496,g95e5,1.737
2026-10-05T01:21Z,14496,gP,1.879
2026-10-05T01:21Z,14512,g95e5,1.679
2026-10-05T01:21Z,14513,g95e5,1.727
2026-10-05T01:21Z,14513,gP,1.889
2026-10-05T01:21Z,14585,gA,1.817
2026-10-05T01:21Z,14585,gP,1.837
2026-10-05T01:21Z,14589,g95e5,1.699
2026-10-05T01:21Z,14589,gA,1.849
2026-10-05T01:21Z,14604,g95e5,1.759
2026-10-05T01:21Z,14604,gA,1.869
2026-10-05T01:21Z,14604,gP,1.889
2026-10-05T01:21Z,14613,g95e5,1.707
2026-10-05T01:21Z,14613,gP,1.839
2026-10-05T01:21Z,14618,g95e5,1.717
2026-10-05T01:21Z,14618,gP,1.847
2026-10-05T01:21Z,14678,g95e5,1.659
2026-10-05T01:21Z,14679,gP,1.849
2026-10-05T01:21Z,14711,gA,1.819
2026-10-05T01:21Z,14713,g95e5,1.775
2026-10-05T01:21Z,14740,g95e5,1.727
2026-10-05T01:21Z,14740,gP,1.899
2026-10-05T01:21Z,14757,g95e5,1.699
2026-10-05T01:21Z,14757,gP,1.789
2026-10-05T01:21Z,14764,g95e5,1.717
2026-10-05T01:21Z,14803,g95e5,1.699
2026-10-05T01:21Z,14803,gA,1.825
2026-10-05T01:21Z,14803,gP,1.845
2026-10-05T01:21Z,14807,g95e5,1.749
2026-10-05T01:21Z,14807,gA,1.899
2026-10-05T01:21Z,14815,gA,1.817
2026-10-05T01:21Z,14820,g95e5,1.747
2026-10-05T01:21Z,14820,gP,1.909
2026-10-05T01:21Z,14832,g95e5,1.727
2026-10-05T01:21Z,14832,gP,1.889
2026-10-05T01:21Z,14862,g95e5,1.699
2026-10-05T01:21Z,14862,gA,1.849
2026-10-05T01:21Z,14862,gP,1.869
2026-10-05T01:21Z,14888,g95e5,1.649
2026-10-05T01:21Z,14888,gA,1.807
2026-10-05T01:21Z,14890,gA,1.799
2026-10-05T01:21Z,14892,g95e5,1.737
2026-10-05T01:21Z,14892,gP,1.909
2026-10-05T01:21Z,14902,g95e5,1.737
2026-10-05T01:21Z,14902,gP,1.887
2026-10-05T01:21Z,14904,g95e5,1.779
2026-10-05T01:21Z,14904,gA,1.869
2026-10-05T01:21Z,14928,g95e5,1.699
2026-10-05T01:21Z,14928,gA,1.825
2026-10-05T01:21Z,14931,g95e5,1.619
2026-10-05T01:21Z,14931,gA,1.795
2026-10-05T01:21Z,14931,gP,1.815
2026-10-05T01:21Z,14967,g95e5,1.739
2026-10-05T01:21Z,14974,gP,1.759
2026-10-05T01:21Z,14976,g95e5,1.659
2026-10-05T01:21Z,14976,gP,1.886
2026-10-05T01:21Z,14993,g95e5,1.739
2026-10-05T01:21Z,14993,gA,1.849
2026-10-05T01:21Z,14993,gP,1.869
2026-10-05T01:21Z,15008,g95e5,1.729
2026-10-05T01:21Z,15008,gA,1.899
2026-10-05T01:21Z,15027,g95e5,1.689
2026-10-05T01:21Z,15027,gP,1.829
2026-10-05T01:21Z,15065,gA,1.799
2026-10-05T01:21Z,15065,gP,1.819
2026-10-05T01:21Z,15074,g95e5,1.717
2026-10-05T01:21Z,15074,gP,1.847
2026-10-05T01:21Z,15084,g95e5,1.699
2026-10-05T01:21Z,15084,gA,1.849
2026-10-05T01:21Z,15084,gP,1.869
2026-10-05T01:21Z,15159,g95e5,1.699
2026-10-05T01:21Z,15159,gP,1.859
2026-10-05T01:21Z,15186,gP,1.859
2026-10-05T01:21Z,15187,g95e5,1.747
2026-10-05T01:21Z,15187,gP,1.909
2026-10-05T01:21Z,15188,gP,1.839
2026-10-05T01:21Z,15209,gP,1.865
2026-10-05T01:21Z,15222,g95e5,1.727
2026-10-05T01:21Z,15259,g95e5,1.699
2026-10-05T01:21Z,15259,gP,1.869
2026-10-05T01:21Z,15267,g95e5,1.655
2026-10-05T01:21Z,15267,gA,1.739
2026-10-05T01:21Z,15298,g95e5,1.889
2026-10-05T01:21Z,15298,gA,1.939
2026-10-05T01:21Z,15357,g95e5,1.759
2026-10-05T01:21Z,15357,gA,1.749
2026-10-05T01:21Z,15485,g95e5,1.727
2026-10-05T01:21Z,15485,gP,1.869
2026-10-05T01:21Z,15533,g95e5,1.699
2026-10-05T01:21Z,15533,gP,1.869
2026-10-05T01:21Z,15541,gA,2.004
2026-10-05T01:21Z,15541,gP,2.069
2026-10-05T01:21Z,15553,g95e5,1.737
2026-10-05T01:21Z,15553,gP,1.917
2026-10-05T01:21Z,15591,gP,1.859
2026-10-05T01:21Z,15592,gP,1.719
2026-10-05T01:21Z,15673,gP,1.819
2026-10-05T01:21Z,15678,g95e5,1.717
2026-10-05T01:21Z,15678,gP,1.847
2026-10-05T01:21Z,15680,g95e5,1.709
2026-10-05T01:21Z,15680,gP,1.869
2026-10-05T01:21Z,15683,gP,1.849
2026-10-05T01:21Z,15699,g95e5,1.709
2026-10-05T01:21Z,15699,gA,1.889
2026-10-05T01:21Z,15699,gP,1.909
2026-10-05T01:21Z,15710,g95e5,1.719
2026-10-05T01:21Z,15710,gP,1.879
2026-10-05T01:21Z,15726,g95e5,1.659
2026-10-05T01:21Z,15726,gP,1.819
2026-10-05T01:21Z,15739,g95e5,1.759
2026-10-05T01:21Z,15739,g98e5,1.899
2026-10-05T01:21Z,15740,g95e5,1.749
2026-10-05T01:21Z,15740,gA,1.889
2026-10-05T01:21Z,15758,g95e5,1.729
2026-10-05T01:21Z,15758,gA,1.859
2026-10-05T01:21Z,15758,gP,1.879
2026-10-05T01:21Z,15783,g95e5,1.699
2026-10-05T01:21Z,15783,gP,1.869
2026-10-05T01:21Z,15789,g95e5,1.679
2026-10-05T01:21Z,15789,gP,1.839
2026-10-05T01:21Z,15796,g95e5,1.745
2026-10-05T01:21Z,15796,gP,1.909
2026-10-05T01:21Z,15797,gP,1.849
2026-10-05T01:21Z,15850,g95e5,1.649
2026-10-05T01:21Z,15850,gP,1.839
2026-10-05T01:21Z,15859,gP,1.859
2026-10-05T01:21Z,15876,g95e5,1.737
2026-10-05T01:21Z,15876,gP,1.847
2026-10-05T01:21Z,15884,g95e5,1.765
2026-10-05T01:21Z,15884,gA,1.849
2026-10-05T01:21Z,15888,gA,1.797
2026-10-05T01:21Z,15900,gP,1.849
2026-10-05T01:21Z,15900,g95e5p,1.739
2026-10-05T01:21Z,15908,g95e5,1.699
2026-10-05T01:21Z,15908,gP,1.869
2026-10-05T01:21Z,15910,g95e5,1.745
2026-10-05T01:21Z,15910,gP,1.909
2026-10-05T01:21Z,15934,gA,1.859
2026-10-05T01:21Z,15948,g95e5,1.737
2026-10-05T01:21Z,15948,gP,1.879
2026-10-05T01:21Z,15951,g95e5,1.609
2026-10-05T01:21Z,15951,gP,1.787
2026-10-05T01:21Z,15991,g95e5,1.727
2026-10-05T01:21Z,15991,gP,1.889
2026-10-05T01:21Z,15991,g95e5p,1.747
2026-10-05T01:21Z,16000,g95e5,1.699
2026-10-05T01:21Z,16016,g95e5,1.689
2026-10-05T01:21Z,16016,gP,1.889
2026-10-05T01:21Z,16017,g95e5,1.757
2026-10-05T01:21Z,16017,gP,1.889
2026-10-05T01:21Z,16028,g95e5,1.599
2026-10-05T01:21Z,16028,gA,1.709
2026-10-05T01:21Z,16029,g95e5,1.735
2026-10-05T01:21Z,16029,gA,1.835
2026-10-05T01:21Z,16054,gP,1.894
2026-10-05T01:21Z,16056,g95e5,1.717
2026-10-05T01:21Z,16056,gP,1.847
2026-10-05T01:21Z,16089,gP,1.899
2026-10-05T01:21Z,16101,gA,1.827
2026-10-05T01:21Z,16101,gP,1.847
2026-10-05T01:21Z,16108,g95e5,1.659
2026-10-05T01:21Z,16108,gA,1.777
2026-10-05T01:21Z,16125,g95e5,1.737
2026-10-05T01:21Z,16125,gP,1.847
2026-10-05T01:21Z,16130,g95e5,1.765
2026-10-05T01:21Z,16130,gP,1.919
2026-10-05T01:21Z,16150,g95e5,1.737
2026-10-05T01:21Z,16150,gA,1.867
2026-10-05T01:21Z,16150,gP,1.887
2026-10-05T01:21Z,16155,gP,1.809
2026-10-05T01:21Z,16167,gP,1.809
2026-10-05T01:21Z,16186,g95e5,1.709
2026-10-05T01:21Z,16186,gA,1.889
2026-10-05T01:21Z,16186,gP,1.909
2026-10-05T01:21Z,16192,gP,1.849
2026-10-05T01:21Z,16248,g95e5,1.755
2026-10-05T01:21Z,16248,gA,1.849
2026-10-05T01:21Z,16248,gP,1.869
2026-10-05T01:21Z,16260,g95e5,1.737
2026-10-05T01:21Z,16260,gP,1.879
2026-10-05T01:21Z,16260,g95e5p,1.757
2026-10-05T01:21Z,16279,g95e5,1.755
2026-10-05T01:21Z,16285,g95e5,1.689
2026-10-05T01:21Z,16285,gA,1.799
2026-10-05T01:21Z,16285,gP,1.809
2026-10-05T01:21Z,16285,g95e5p,1.699
2026-10-05T01:21Z,16310,gP,1.799
2026-10-05T01:21Z,16310,g95e5p,1.739
2026-10-05T01:21Z,16314,g95e5,1.759
2026-10-05T01:21Z,16314,gA,1.869
2026-10-05T01:21Z,16319,g95e5,1.737
2026-10-05T01:21Z,16319,gP,1.847
2026-10-05T01:21Z,16319,g95e5p,1.757
2026-10-05T01:21Z,16320,g95e5,1.725
2026-10-05T01:21Z,16320,gA,1.847
2026-10-05T01:21Z,16320,gP,1.867
2026-10-05T01:21Z,16320,g95e5p,1.745
2026-10-05T01:21Z,16328,g95e5,1.757
2026-10-05T01:21Z,16328,gP,1.889
2026-10-05T01:21Z,16328,g95e5p,1.777
2026-10-05T01:21Z,16332,gA,1.819
2026-10-05T01:21Z,16332,g95e5p,1.739
2026-10-05T01:21Z,16350,gP,1.759
2026-10-05T01:21Z,16350,g95e5p,1.699
2026-10-05T01:21Z,16398,g95e5,1.749
2026-10-05T01:21Z,16398,gA,1.889
2026-10-05T01:21Z,16398,g95e5p,1.769
2026-10-05T01:21Z,16408,g95e5,1.709
2026-10-05T01:21Z,16408,gP,1.809
2026-10-05T01:21Z,16486,gP,1.749
2026-10-05T01:21Z,16486,g95e5p,1.699
2026-10-05T01:21Z,16512,gP,1.849
2026-10-05T01:21Z,16512,g95e5p,1.739
2026-10-05T07:47Z,16,gA,2.009
2026-10-05T07:47Z,25,gA,1.999
2026-10-05T07:47Z,25,gP,2.149
2026-10-05T07:47Z,27,g95e5,1.824
2026-10-05T07:47Z,29,gA,1.954
2026-10-05T07:47Z,29,gP,2.004
2026-10-05T07:47Z,33,gA,1.749
2026-10-05T07:47Z,33,gP,1.849
2026-10-05T07:47Z,35,gA,1.809
2026-10-05T07:47Z,35,gP,1.909
2026-10-05T07:47Z,37,g95e5,1.739
2026-10-05T07:47Z,37,gA,1.809
2026-10-05T07:47Z,37,gP,1.909
2026-10-05T07:47Z,63,gA,2.029
2026-10-05T07:47Z,73,g95e5,1.804
2026-10-05T07:47Z,77,gA,2.024
2026-10-05T07:47Z,77,gP,2.139
2026-10-05T07:47Z,97,g95e5,1.855
2026-10-05T07:47Z,97,gA,2.005
2026-10-05T07:47Z,98,g95e5,1.699
2026-10-05T07:47Z,98,gA,1.819
2026-10-05T07:47Z,98,gP,1.819
2026-10-05T07:47Z,100,g95e5,1.859
2026-10-05T07:47Z,105,g95e5,1.879
2026-10-05T07:47Z,105,gA,1.999
2026-10-05T07:47Z,106,g95e5,1.879
2026-10-05T07:47Z,110,g95e5,1.848
2026-10-05T07:47Z,110,g95e5p,1.918
2026-10-05T07:47Z,130,gA,1.999
2026-10-05T07:47Z,133,g95e5,1.895
2026-10-05T07:47Z,137,gA,2.029
2026-10-05T07:47Z,138,gA,2.035
2026-10-05T07:47Z,141,gA,2.025
2026-10-05T07:47Z,144,gA,2.019
2026-10-05T07:47Z,144,gP,2.069
2026-10-05T07:47Z,151,g95e5,1.799
2026-10-05T07:47Z,153,g95e5,1.799
2026-10-05T07:47Z,155,g95e5,1.719
2026-10-05T07:47Z,159,g95e5,1.898
2026-10-05T07:47Z,159,gA,2.024
2026-10-05T07:47Z,159,gP,2.109
2026-10-05T07:47Z,159,g95e5p,1.958
2026-10-05T07:47Z,159,gB,1.928
2026-10-05T07:47Z,160,g98e5,1.799
2026-10-05T07:47Z,165,gA,2.004
2026-10-05T07:47Z,166,g95e5,1.879
2026-10-05T07:47Z,166,gA,2.009
2026-10-05T07:47Z,166,gP,2.089
2026-10-05T07:47Z,166,g98e5,1.979
2026-10-05T07:47Z,177,gA,1.965
2026-10-05T07:47Z,178,g95e5,1.875
2026-10-05T07:47Z,178,gA,1.965
2026-10-05T07:47Z,186,gA,1.995
2026-10-05T07:47Z,188,g95e5,1.869
2026-10-05T07:47Z,188,gA,1.995
2026-10-05T07:47Z,195,g95e5,1.888
2026-10-05T07:47Z,195,gA,2.014
2026-10-05T07:47Z,203,gA,1.995
2026-10-05T07:47Z,204,g95e5,1.869
2026-10-05T07:47Z,204,gA,1.995
2026-10-05T07:47Z,206,gA,1.965
2026-10-05T07:47Z,208,g95e5,1.875
2026-10-05T07:47Z,208,gA,2.005
2026-10-05T07:47Z,216,gA,1.979
2026-10-05T07:47Z,229,gA,1.979
2026-10-05T07:47Z,245,g95e5,1.869
2026-10-05T07:47Z,246,gA,1.979
2026-10-05T07:47Z,254,gA,1.876
2026-10-05T07:47Z,324,gA,1.955
2026-10-05T07:47Z,324,g98e5,1.933
2026-10-05T07:47Z,342,gA,1.999
2026-10-05T07:47Z,342,gP,2.109
2026-10-05T07:47Z,358,g95e5,1.799
2026-10-05T07:47Z,358,gA,1.909
2026-10-05T07:47Z,358,gP,1.959
2026-10-05T07:47Z,358,g95e5p,1.849
2026-10-05T07:47Z,373,g95e5,1.898
2026-10-05T07:47Z,373,gA,2.048
2026-10-05T07:47Z,373,gP,2.128
2026-10-05T07:47Z,390,gA,2.049
2026-10-05T07:47Z,402,g95e5,1.878
2026-10-05T07:47Z,402,gA,2.011
2026-10-05T07:47Z,402,gP,2.109
2026-10-05T07:47Z,402,g98e5,1.998
2026-10-05T07:47Z,402,g95e5p,1.928
2026-10-05T07:47Z,409,g95e5,1.779
2026-10-05T07:47Z,409,gA,1.949
2026-10-05T07:47Z,409,gP,1.999
2026-10-05T07:47Z,409,g95e5p,1.829
2026-10-05T07:47Z,425,gA,2.014
2026-10-05T07:47Z,425,gP,2.089
2026-10-05T07:47Z,436,gA,1.934
2026-10-05T07:47Z,436,gP,1.984
2026-10-05T07:47Z,450,g95e5,1.805
2026-10-05T07:47Z,450,gA,1.969
2026-10-05T07:47Z,499,g95e5,1.858
2026-10-05T07:47Z,499,g95e5p,1.918
2026-10-05T07:47Z,509,gA,1.959
2026-10-05T07:47Z,539,g95e5,1.848
2026-10-05T07:47Z,539,g95e5p,1.928
2026-10-05T07:47Z,549,gA,1.955
2026-10-05T07:47Z,558,g95e5,1.858
2026-10-05T07:47Z,558,gA,1.974
2026-10-05T07:47Z,558,gP,2.049
2026-10-05T07:47Z,595,gA,1.984
2026-10-05T07:47Z,595,gP,2.034
2026-10-05T07:47Z,595,gB,1.858
2026-10-05T07:47Z,634,gA,1.975
2026-10-05T07:47Z,637,gA,1.995
2026-10-05T07:47Z,641,g95e5,1.805
2026-10-05T07:47Z,641,gA,1.969
2026-10-05T07:47Z,703,gA,1.876
2026-10-05T07:47Z,703,gP,1.976
2026-10-05T07:47Z,703,g98e5,1.999
2026-10-05T07:47Z,761,gA,1.969
2026-10-05T07:47Z,762,g95e5,1.957
2026-10-05T07:47Z,762,gA,2.017
2026-10-05T07:47Z,762,gP,2.107
2026-10-05T07:47Z,762,g98e5,2.197
2026-10-05T07:47Z,795,g95e5,1.828
2026-10-05T07:47Z,795,gA,1.984
2026-10-05T07:47Z,795,gP,2.059
2026-10-05T07:47Z,795,g95e5p,1.878
2026-10-05T07:47Z,809,gA,1.965
2026-10-05T07:47Z,810,g95e5,1.826
2026-10-05T07:47Z,810,gA,1.938
2026-10-05T07:47Z,810,gP,1.998
2026-10-05T07:47Z,817,g95e5,1.809
2026-10-05T07:47Z,817,gA,1.929
2026-10-05T07:47Z,817,gP,1.989
2026-10-05T07:47Z,817,g98e5,1.969
2026-10-05T07:47Z,847,gA,1.969
2026-10-05T07:47Z,857,g95e5,1.869
2026-10-05T07:47Z,857,gA,1.999
2026-10-05T07:47Z,857,gP,2.079
2026-10-05T07:47Z,857,g98e5,1.979
2026-10-05T07:47Z,857,gB,1.829
2026-10-05T07:47Z,867,g98e5,1.869
2026-10-05T07:47Z,884,gA,1.988
2026-10-05T07:47Z,884,gP,2.038
2026-10-05T07:47Z,894,gA,1.995
2026-10-05T07:47Z,900,gA,2.035
2026-10-05T07:47Z,905,g95e5,1.839
2026-10-05T07:47Z,905,gA,1.979
2026-10-05T07:47Z,905,gP,2.059
2026-10-05T07:47Z,905,g98e5,1.969
2026-10-05T07:47Z,909,g95e5,1.885
2026-10-05T07:47Z,909,gA,1.999
2026-10-05T07:47Z,924,g95e5,1.759
2026-10-05T07:47Z,928,gA,2.014
2026-10-05T07:47Z,928,gP,2.109
2026-10-05T07:47Z,928,gB,1.868
2026-10-05T07:47Z,933,gA,2.029
2026-10-05T07:47Z,933,gP,2.129
2026-10-05T07:47Z,945,g95e5,1.799
2026-10-05T07:47Z,945,g95e5p,1.849
2026-10-05T07:47Z,950,gA,1.974
2026-10-05T07:47Z,950,gP,2.024
2026-10-05T07:47Z,950,gB,1.754
2026-10-05T07:47Z,956,g95e5,1.869
2026-10-05T07:47Z,956,gA,1.859
2026-10-05T07:47Z,956,gP,1.959
2026-10-05T07:47Z,956,gB,1.699
2026-10-05T07:47Z,962,gA,1.999
2026-10-05T07:47Z,973,g95e5,1.869
2026-10-05T07:47Z,973,gA,1.859
2026-10-05T07:47Z,973,gP,1.959
2026-10-05T07:47Z,974,gA,1.974
2026-10-05T07:47Z,974,gP,2.024
2026-10-05T07:47Z,980,gA,2.009
2026-10-05T07:47Z,981,gA,2.009
2026-10-05T07:47Z,992,g95e5,1.875
2026-10-05T07:47Z,992,g95e5p,1.918
2026-10-05T07:47Z,993,g95e5,1.875
2026-10-05T07:47Z,993,g95e5p,1.918
2026-10-05T07:47Z,997,gA,2.014
2026-10-05T07:47Z,997,gP,2.099
2026-10-05T07:47Z,1000,gA,2.014
2026-10-05T07:47Z,1000,gP,2.099
2026-10-05T07:47Z,1006,g95e5,1.869
2026-10-05T07:47Z,1006,gA,1.999
2026-10-05T07:47Z,1035,gA,2.005
2026-10-05T07:47Z,1074,gA,2.019
2026-10-05T07:47Z,1092,g95e5,1.899
2026-10-05T07:47Z,1131,g95e5,1.865
2026-10-05T07:47Z,1131,gA,1.995
2026-10-05T07:47Z,1132,g95e5,1.835
2026-10-05T07:47Z,1132,gA,1.995
2026-10-05T07:47Z,1143,gA,1.965
2026-10-05T07:47Z,1163,g95e5,1.845
2026-10-05T07:47Z,1163,gA,1.975
2026-10-05T07:47Z,1179,gA,1.984
2026-10-05T07:47Z,1179,gP,2.069
2026-10-05T07:47Z,1180,gA,1.975
2026-10-05T07:47Z,1203,g95e5,1.868
2026-10-05T07:47Z,1203,g95e5p,1.928
2026-10-05T07:47Z,1204,g95e5,1.858
2026-10-05T07:47Z,1204,g95e5p,1.918
2026-10-05T07:47Z,1213,gA,2.024
2026-10-05T07:47Z,1213,gP,2.114
2026-10-05T07:47Z,1234,g95e5,1.879
2026-10-05T07:47Z,1237,g95e5,1.879
2026-10-05T07:47Z,1237,gA,1.995
2026-10-05T07:47Z,1249,g95e5,1.829
2026-10-05T07:47Z,1249,gA,1.939
2026-10-05T07:47Z,1249,gP,2.039
2026-10-05T07:47Z,1249,g98e5,1.979
2026-10-05T07:47Z,1266,gA,1.829
2026-10-05T07:47Z,1270,g95e5,1.730
2026-10-05T07:47Z,1270,gA,1.800
2026-10-05T07:47Z,1270,gP,1.830
2026-10-05T07:47Z,1274,gA,1.904
2026-10-05T07:47Z,1274,gP,1.984
2026-10-05T07:47Z,1286,g95e5,1.775
2026-10-05T07:47Z,1286,gA,1.929
2026-10-05T07:47Z,1290,gA,1.989
2026-10-05T07:47Z,1290,gP,2.099
2026-10-05T07:47Z,1301,gA,1.984
2026-10-05T07:47Z,1301,gB,1.858
2026-10-05T07:47Z,1310,gA,1.964
2026-10-05T07:47Z,1310,gP,2.099
2026-10-05T07:47Z,1310,gB,1.858
2026-10-05T07:47Z,1315,g95e5,1.839
2026-10-05T07:47Z,1347,gA,1.969
2026-10-05T07:47Z,1381,gA,1.975
2026-10-05T07:47Z,1409,g95e5,1.855
2026-10-05T07:47Z,1413,gA,1.939
2026-10-05T07:47Z,1422,g95e5,1.798
2026-10-05T07:47Z,1422,gA,1.958
2026-10-05T07:47Z,1422,gP,2.069
2026-10-05T07:47Z,1422,g98e5,1.908
2026-10-05T07:47Z,1422,gB,1.798
2026-10-05T07:47Z,1427,gA,1.979
2026-10-05T07:47Z,1431,g95e5,1.839
2026-10-05T07:47Z,1431,gA,1.979
2026-10-05T07:47Z,1431,g98e5,1.999
2026-10-05T07:47Z,1431,gB,1.799
2026-10-05T07:47Z,1437,g95e5,1.849
2026-10-05T07:47Z,1437,gA,1.949
2026-10-05T07:47Z,1437,g98e5,2.019
2026-10-05T07:47Z,1448,g95e5,1.809
2026-10-05T07:47Z,1458,gA,1.929
2026-10-05T07:47Z,1458,gP,2.019
2026-10-05T07:47Z,1489,g95e5,1.838
2026-10-05T07:47Z,1489,g95e5p,1.898
2026-10-05T07:47Z,1490,g95e5,1.848
2026-10-05T07:47Z,1490,g95e5p,1.908
2026-10-05T07:47Z,1491,g95e5,1.849
2026-10-05T07:47Z,1491,gA,1.949
2026-10-05T07:47Z,1491,gP,2.049
2026-10-05T07:47Z,1497,g95e5,1.849
2026-10-05T07:47Z,1497,gA,1.949
2026-10-05T07:47Z,1497,gP,1.999
2026-10-05T07:47Z,1497,g95e5p,1.899
2026-10-05T07:47Z,1504,gA,1.965
2026-10-05T07:47Z,1507,gA,1.909
2026-10-05T07:47Z,1525,gA,1.979
2026-10-05T07:47Z,1572,g95e5,1.709
2026-10-05T07:47Z,1572,gA,1.779
2026-10-05T07:47Z,1581,g95e5,1.827
2026-10-05T07:47Z,1581,gA,1.997
2026-10-05T07:47Z,1581,g98e5,1.947
2026-10-05T07:47Z,1623,g95e5,1.769
2026-10-05T07:47Z,1623,g98e5,1.899
2026-10-05T07:47Z,1699,gA,2.024
2026-10-05T07:47Z,1699,gP,2.089
2026-10-05T07:47Z,1700,g95e5,1.848
2026-10-05T07:47Z,1808,gA,1.999
2026-10-05T07:47Z,1824,gA,1.945
2026-10-05T07:47Z,1826,g95e5,1.825
2026-10-05T07:47Z,1826,gA,1.925
2026-10-05T07:47Z,1826,g98e5,2.025
2026-10-05T07:47Z,1827,gA,2.039
2026-10-05T07:47Z,1828,gA,1.949
2026-10-05T07:47Z,1851,g95e5,1.799
2026-10-05T07:47Z,1851,gA,1.965
2026-10-05T07:47Z,1853,gA,2.034
2026-10-05T07:47Z,1853,gP,2.114
2026-10-05T07:47Z,1856,g95e5,1.779
2026-10-05T07:47Z,1856,gA,2.035
2026-10-05T07:47Z,1868,gA,1.985
2026-10-05T07:47Z,1875,g95e5,1.680
2026-10-05T07:47Z,1875,gA,1.780
2026-10-05T07:47Z,1875,g98e5,1.810
2026-10-05T07:47Z,1875,gB,1.570
2026-10-05T07:47Z,1882,g95e5,1.825
2026-10-05T07:47Z,1882,gA,1.955
2026-10-05T07:47Z,1882,gP,1.955
2026-10-05T07:47Z,1882,g98e5,1.965
2026-10-05T07:47Z,1885,gA,1.989
2026-10-05T07:47Z,1893,g95e5,1.859
2026-10-05T07:47Z,1893,gA,1.899
2026-10-05T07:47Z,1893,gP,1.919
2026-10-05T07:47Z,1913,gA,1.775
2026-10-05T07:47Z,1933,g95e5,1.829
2026-10-05T07:47Z,1980,g95e5,1.889
2026-10-05T07:47Z,1980,gA,1.969
2026-10-05T07:47Z,1980,g98e5,2.019
2026-10-05T07:47Z,1980,glp,1.199
2026-10-05T07:47Z,1987,gA,1.929
2026-10-05T07:47Z,1987,gP,2.019
2026-10-05T07:47Z,1992,g95e5,1.848
2026-10-05T07:47Z,2062,gA,1.964
2026-10-05T07:47Z,2062,gP,2.069
2026-10-05T07:47Z,2079,gA,2.025
2026-10-05T07:47Z,2085,g95e5,1.779
2026-10-05T07:47Z,2085,gA,1.965
2026-10-05T07:47Z,2095,gA,1.965
2026-10-05T07:47Z,2151,g95e5,1.899
2026-10-05T07:47Z,2151,gA,1.929
2026-10-05T07:47Z,2151,g98e5,1.989
2026-10-05T07:47Z,2151,gB,1.739
2026-10-05T07:47Z,2205,gA,1.974
2026-10-05T07:47Z,2205,gP,2.059
2026-10-05T07:47Z,2208,g95e5,1.939
2026-10-05T07:47Z,2208,gA,1.929
2026-10-05T07:47Z,2208,g98e5,2.099
2026-10-05T07:47Z,2208,gB,1.889
2026-10-05T07:47Z,2213,gA,1.969
2026-10-05T07:47Z,2214,g95e5,1.825
2026-10-05T07:47Z,2214,gA,2.015
2026-10-05T07:47Z,2219,gA,1.969
2026-10-05T07:47Z,2221,g95e5,1.825
2026-10-05T07:47Z,2222,gA,1.969
2026-10-05T07:47Z,2223,gA,1.995
2026-10-05T07:47Z,2226,gA,2.024
2026-10-05T07:47Z,2226,gP,2.074
2026-10-05T07:47Z,2237,gA,2.015
2026-10-05T07:47Z,2243,g95e5,1.779
2026-10-05T07:47Z,2243,gA,1.989
2026-10-05T07:47Z,2255,gA,2.019
2026-10-05T07:47Z,2276,gA,1.978
2026-10-05T07:47Z,2276,gP,2.039
2026-10-05T07:47Z,2281,g95e5,1.800
2026-10-05T07:47Z,2281,gA,1.880
2026-10-05T07:47Z,2281,gP,1.950
2026-10-05T07:47Z,2281,g98e5,1.970
2026-10-05T07:47Z,2281,gB,1.700
2026-10-05T07:47Z,2290,gA,2.019
2026-10-05T07:47Z,2296,g95e5,1.789
2026-10-05T07:47Z,2300,gA,2.005
2026-10-05T07:47Z,2323,g95e5,1.809
2026-10-05T07:47Z,2323,gA,2.009
2026-10-05T07:47Z,2329,g95e5,1.799
2026-10-05T07:47Z,2342,g95e5,1.829
2026-10-05T07:47Z,2364,gA,1.989
2026-10-05T07:47Z,2377,gA,1.959
2026-10-05T07:47Z,2380,gA,1.959
2026-10-05T07:47Z,2382,gA,2.004
2026-10-05T07:47Z,2382,gP,2.069
2026-10-05T07:47Z,2426,g95e5,1.855
2026-10-05T07:47Z,2426,gA,1.965
2026-10-05T07:47Z,2452,gA,1.965
2026-10-05T07:47Z,2474,gA,1.975
2026-10-05T07:47Z,2478,gA,1.945
2026-10-05T07:47Z,2489,g95e5,1.785
2026-10-05T07:47Z,2501,g95e5,1.875
2026-10-05T07:47Z,2501,gA,2.005
2026-10-05T07:47Z,2510,gA,1.999
2026-10-05T07:47Z,2531,g95e5,1.785
2026-10-05T07:47Z,2559,gA,1.945
2026-10-05T07:47Z,2565,gA,2.024
2026-10-05T07:47Z,2565,gP,2.074
2026-10-05T07:47Z,2574,gA,2.025
2026-10-05T07:47Z,2578,g95e5,1.859
2026-10-05T07:47Z,2578,gA,2.029
2026-10-05T07:47Z,2578,gP,2.099
2026-10-05T07:47Z,2578,g98e5,1.999
2026-10-05T07:47Z,2578,gB,1.899
2026-10-05T07:47Z,2580,g95e5,1.959
2026-10-05T07:47Z,2580,gA,2.059
2026-10-05T07:47Z,2580,gP,2.159
2026-10-05T07:47Z,2581,g95e5,1.878
2026-10-05T07:47Z,2581,gA,2.044
2026-10-05T07:47Z,2581,g95e5p,1.928
2026-10-05T07:47Z,2594,g95e5,1.888
2026-10-05T07:47Z,2594,g95e5p,1.938
2026-10-05T07:47Z,2598,g95e5,1.979
2026-10-05T07:47Z,2598,gA,2.089
2026-10-05T07:47Z,2604,g95e5,1.919
2026-10-05T07:47Z,2604,gA,2.069
2026-10-05T07:47Z,2604,gP,2.129
2026-10-05T07:47Z,2604,g95e5p,1.969
2026-10-05T07:47Z,2609,gA,2.039
2026-10-05T07:47Z,2612,gA,2.025
2026-10-05T07:47Z,2616,gA,2.055
2026-10-05T07:47Z,2623,g95e5,1.889
2026-10-05T07:47Z,2623,gA,2.039
2026-10-05T07:47Z,2623,g95e5p,1.999
2026-10-05T07:47Z,2650,gA,1.999
2026-10-05T07:47Z,2670,g95e5,1.979
2026-10-05T07:47Z,2670,gA,2.089
2026-10-05T07:47Z,2686,gA,2.055
2026-10-05T07:47Z,2706,g95e5,1.899
2026-10-05T07:47Z,2706,gA,1.999
2026-10-05T07:47Z,2707,gA,2.039
2026-10-05T07:47Z,2724,g95e5,1.888
2026-10-05T07:47Z,2724,gA,2.015
2026-10-05T07:47Z,2736,gA,2.039
2026-10-05T07:47Z,2737,gA,2.055
2026-10-05T07:47Z,2775,g95e5,1.869
2026-10-05T07:47Z,2775,gA,2.015
2026-10-05T07:47Z,2789,gA,2.015
2026-10-05T07:47Z,2799,g95e5,1.799
2026-10-05T07:47Z,2799,gA,2.029
2026-10-05T07:47Z,2807,g95e5,1.875
2026-10-05T07:47Z,2807,gA,1.999
2026-10-05T07:47Z,2818,gA,2.049
2026-10-05T07:47Z,2819,gA,1.995
2026-10-05T07:47Z,2820,gA,1.995
2026-10-05T07:47Z,2821,g95e5,1.835
2026-10-05T07:47Z,2821,gA,2.005
2026-10-05T07:47Z,2823,gA,1.949
2026-10-05T07:47Z,2824,g95e5,1.859
2026-10-05T07:47Z,2824,gA,2.019
2026-10-05T07:47Z,2828,g95e5,1.825
2026-10-05T07:47Z,2828,gA,2.015
2026-10-05T07:47Z,2842,gA,2.044
2026-10-05T07:47Z,2842,gP,2.109
2026-10-05T07:47Z,2842,g95e5p,1.888
2026-10-05T07:47Z,2852,g95e5,1.888
2026-10-05T07:47Z,2852,g95e5p,1.928
2026-10-05T07:47Z,2853,gA,2.024
2026-10-05T07:47Z,2853,gP,2.109
2026-10-05T07:47Z,2856,gA,2.029
2026-10-05T07:47Z,2856,gP,2.099
2026-10-05T07:47Z,2872,g95e5,1.989
2026-10-05T07:47Z,2872,gA,2.029
2026-10-05T07:47Z,2872,gP,2.129
2026-10-05T07:47Z,2872,g98e5,2.139
2026-10-05T07:47Z,2885,g95e5,1.838
2026-10-05T07:47Z,2885,gA,2.024
2026-10-05T07:47Z,2885,gP,2.099
2026-10-05T07:47Z,2885,g95e5p,1.898
2026-10-05T07:47Z,2895,gA,2.044
2026-10-05T07:47Z,2895,gP,2.109
2026-10-05T07:47Z,2914,gA,1.999
2026-10-05T07:47Z,2916,g95e5,1.869
2026-10-05T07:47Z,2916,gA,1.969
2026-10-05T07:47Z,2926,gA,1.889
2026-10-05T07:47Z,2926,gP,1.939
2026-10-05T07:47Z,2929,gA,1.864
2026-10-05T07:47Z,2929,gP,1.914
2026-10-05T07:47Z,2931,g95e5,1.848
2026-10-05T07:47Z,2931,gA,2.034
2026-10-05T07:47Z,2931,gP,2.099
2026-10-05T07:47Z,2932,g95e5,1.829
2026-10-05T07:47Z,2932,gA,1.995
2026-10-05T07:47Z,2953,g95e5,1.868
2026-10-05T07:47Z,2953,g95e5p,1.908
2026-10-05T07:47Z,2964,g95e5,1.809
2026-10-05T07:47Z,2964,gA,2.009
2026-10-05T07:47Z,2975,gA,2.004
2026-10-05T07:47Z,2975,gP,2.099
2026-10-05T07:47Z,2977,g95e5,1.969
2026-10-05T07:47Z,2977,g95e5p,2.089
2026-10-05T07:47Z,3017,g95e5,1.848
2026-10-05T07:47Z,3017,g95e5p,1.888
2026-10-05T07:47Z,3061,gA,1.909
2026-10-05T07:47Z,3061,gP,1.959
2026-10-05T07:47Z,3067,gA,1.854
2026-10-05T07:47Z,3067,gP,1.904
2026-10-05T07:47Z,3098,g95e5,1.629
2026-10-05T07:47Z,3106,g95e5,1.849
2026-10-05T07:47Z,3110,g95e5,1.839
2026-10-05T07:47Z,3137,g95e5,1.878
2026-10-05T07:47Z,3138,gA,1.999
2026-10-05T07:47Z,3138,gP,2.109
2026-10-05T07:47Z,3141,gA,1.999
2026-10-05T07:47Z,3141,gP,2.109
2026-10-05T07:47Z,3148,g95e5,1.849
2026-10-05T07:47Z,3148,gA,1.989
2026-10-05T07:47Z,3148,gP,2.089
2026-10-05T07:47Z,3148,gB,1.879
2026-10-05T07:47Z,3152,g95e5,1.862
2026-10-05T07:47Z,3152,gA,1.989
2026-10-05T07:47Z,3161,g95e5,1.855
2026-10-05T07:47Z,3163,gA,2.019
2026-10-05T07:47Z,3165,g95e5,1.862
2026-10-05T07:47Z,3165,gA,1.998
2026-10-05T07:47Z,3165,gP,2.056
2026-10-05T07:47Z,3165,g98e5,1.995
2026-10-05T07:47Z,3165,g95e5p,1.931
2026-10-05T07:47Z,3167,gA,1.985
2026-10-05T07:47Z,3175,gA,1.995
2026-10-05T07:47Z,3180,gA,1.989
2026-10-05T07:47Z,3183,g95e5,1.859
2026-10-05T07:47Z,3192,g95e5,1.839
2026-10-05T07:47Z,3193,gA,1.979
2026-10-05T07:47Z,3199,gA,1.965
2026-10-05T07:47Z,3200,gA,1.949
2026-10-05T07:47Z,3205,gA,2.039
2026-10-05T07:47Z,3209,gA,1.969
2026-10-05T07:47Z,3209,gP,2.049
2026-10-05T07:47Z,3210,g95e5,1.939
2026-10-05T07:47Z,3210,gA,2.019
2026-10-05T07:47Z,3210,g98e5,2.119
2026-10-05T07:47Z,3210,gB,1.849
2026-10-05T07:47Z,3229,g95e5,1.889
2026-10-05T07:47Z,3229,gA,1.999
2026-10-05T07:47Z,3229,gP,2.089
2026-10-05T07:47Z,3229,g95e5p,1.909
2026-10-05T07:47Z,3230,g95e5,1.858
2026-10-05T07:47Z,3230,g95e5p,1.918
2026-10-05T07:47Z,3235,gA,1.939
2026-10-05T07:47Z,3238,gA,1.969
2026-10-05T07:47Z,3244,gA,1.955
2026-10-05T07:47Z,3255,gA,1.979
2026-10-05T07:47Z,3260,g95e5,1.845
2026-10-05T07:47Z,3260,gA,1.929
2026-10-05T07:47Z,3262,gA,1.969
2026-10-05T07:47Z,3272,gA,1.935
2026-10-05T07:47Z,3310,gA,1.935
2026-10-05T07:47Z,3336,gA,1.955
2026-10-05T07:47Z,3350,gA,1.989
2026-10-05T07:47Z,3350,gP,2.079
2026-10-05T07:47Z,3376,g95e5,1.878
2026-10-05T07:47Z,3376,gA,1.979
2026-10-05T07:47Z,3376,gP,2.069
2026-10-05T07:47Z,3376,g95e5p,1.908
2026-10-05T07:47Z,3377,g95e5,1.878
2026-10-05T07:47Z,3391,g95e5,1.848
2026-10-05T07:47Z,3391,g95e5p,1.918
2026-10-05T07:47Z,3406,g95e5,1.849
2026-10-05T07:47Z,3406,gA,1.949
2026-10-05T07:47Z,3406,gP,2.049
2026-10-05T07:47Z,3406,gB,1.849
2026-10-05T07:47Z,3417,g95e5,1.843
2026-10-05T07:47Z,3417,gA,1.949
2026-10-05T07:47Z,3417,gP,2.049
2026-10-05T07:47Z,3417,g95e5p,1.878
2026-10-05T07:47Z,3438,gA,1.959
2026-10-05T07:47Z,3438,gP,2.059
2026-10-05T07:47Z,3448,g95e5,1.939
2026-10-05T07:47Z,3448,g98e5,2.069
2026-10-05T07:47Z,3457,gA,1.985
2026-10-05T07:47Z,3464,gA,1.989
2026-10-05T07:47Z,3472,gA,1.949
2026-10-05T07:47Z,3478,g95e5,1.845
2026-10-05T07:47Z,3478,gA,1.949
2026-10-05T07:47Z,3481,gA,1.945
2026-10-05T07:47Z,3537,g95e5,1.754
2026-10-05T07:47Z,3537,gA,1.974
2026-10-05T07:47Z,3537,gP,2.024
2026-10-05T07:47Z,3537,gB,1.469
2026-10-05T07:47Z,3555,gA,1.969
2026-10-05T07:47Z,3565,g95e5,1.819
2026-10-05T07:47Z,3565,gA,1.929
2026-10-05T07:47Z,3565,gP,1.999
2026-10-05T07:47Z,3588,gA,1.939
2026-10-05T07:47Z,3588,gB,1.859
2026-10-05T07:47Z,3589,gA,1.939
2026-10-05T07:47Z,3612,g95e5,1.845
2026-10-05T07:47Z,3616,gA,1.985
2026-10-05T07:47Z,3623,gA,1.949
2026-10-05T07:47Z,3651,gA,1.969
2026-10-05T07:47Z,3660,g95e5,1.829
2026-10-05T07:47Z,3660,gA,1.929
2026-10-05T07:47Z,3660,gP,2.029
2026-10-05T07:47Z,3660,g98e5,1.989
2026-10-05T07:47Z,3669,g95e5,1.909
2026-10-05T07:47Z,3669,gA,1.956
2026-10-05T07:47Z,3669,gP,2.114
2026-10-05T07:47Z,3669,g98e5,2.087
2026-10-05T07:47Z,3669,gB,1.853
2026-10-05T07:47Z,3678,g95e5,1.899
2026-10-05T07:47Z,3678,gA,1.949
2026-10-05T07:47Z,3678,gP,1.999
2026-10-05T07:47Z,3678,g98e5,1.999
2026-10-05T07:47Z,3679,g95e5,1.899
2026-10-05T07:47Z,3679,gA,1.949
2026-10-05T07:47Z,3679,gP,1.999
2026-10-05T07:47Z,3680,gA,1.949
2026-10-05T07:47Z,3682,gA,1.955
2026-10-05T07:47Z,3690,gA,1.959
2026-10-05T07:47Z,3697,gA,1.969
2026-10-05T07:47Z,3700,g95e5,1.845
2026-10-05T07:47Z,3700,gA,1.939
2026-10-05T07:47Z,3718,gA,1.969
2026-10-05T07:47Z,3718,gP,2.059
2026-10-05T07:47Z,3747,gA,1.969
2026-10-05T07:47Z,3747,gP,2.059
2026-10-05T07:47Z,3761,gA,1.765
2026-10-05T07:47Z,3763,g95e5,1.845
2026-10-05T07:47Z,3763,gA,1.969
2026-10-05T07:47Z,3796,gA,1.955
2026-10-05T07:47Z,3806,g95e5,1.895
2026-10-05T07:47Z,3823,g95e5,1.865
2026-10-05T07:47Z,3823,gA,1.955
2026-10-05T07:47Z,3842,g95e5,1.875
2026-10-05T07:47Z,3842,gA,1.975
2026-10-05T07:47Z,3842,gP,2.115
2026-10-05T07:47Z,3842,g98e5,2.035
2026-10-05T07:47Z,3862,gA,1.989
2026-10-05T07:47Z,3881,g95e5,1.868
2026-10-05T07:47Z,3881,g95e5p,1.908
2026-10-05T07:47Z,3893,g95e5,1.875
2026-10-05T07:47Z,3893,gA,1.975
2026-10-05T07:47Z,3893,gP,2.115
2026-10-05T07:47Z,3893,g98e5,2.035
2026-10-05T07:47Z,3904,g95e5,1.905
2026-10-05T07:47Z,3949,g95e5,1.905
2026-10-05T07:47Z,3949,gA,1.925
2026-10-05T07:47Z,3949,gP,1.975
2026-10-05T07:47Z,3949,g98e5,2.065
2026-10-05T07:47Z,3971,g95e5,1.999
2026-10-05T07:47Z,3971,g98e5,2.109
2026-10-05T07:47Z,3983,g95e5,1.779
2026-10-05T07:47Z,3983,gA,1.869
2026-10-05T07:47Z,3983,gP,1.958
2026-10-05T07:47Z,3983,g98e5,1.979
2026-10-05T07:47Z,4013,g95e5,1.679
2026-10-05T07:47Z,4013,gA,1.729
2026-10-05T07:47Z,4034,gA,1.959
2026-10-05T07:47Z,4066,g95e5,1.875
2026-10-05T07:47Z,4066,gA,1.975
2026-10-05T07:47Z,4066,gP,2.115
2026-10-05T07:47Z,4066,g98e5,2.035
2026-10-05T07:47Z,4078,g95e5,1.899
2026-10-05T07:47Z,4079,gA,1.959
2026-10-05T07:47Z,4088,g95e5,1.905
2026-10-05T07:47Z,4088,gA,1.965
2026-10-05T07:47Z,4093,gA,1.959
2026-10-05T07:47Z,4097,g95e5,1.859
2026-10-05T07:47Z,4097,gA,1.969
2026-10-05T07:47Z,4098,gA,1.955
2026-10-05T07:47Z,4125,g95e5,1.903
2026-10-05T07:47Z,4127,gA,1.979
2026-10-05T07:47Z,4205,gA,1.995
2026-10-05T07:47Z,4223,g95e5,1.839
2026-10-05T07:47Z,4236,g95e5,1.919
2026-10-05T07:47Z,4236,gA,1.979
2026-10-05T07:47Z,4236,gP,2.059
2026-10-05T07:47Z,4236,g98e5,2.099
2026-10-05T07:47Z,4236,g95e5p,2.039
2026-10-05T07:47Z,4246,g95e5,1.828
2026-10-05T07:47Z,4246,g95e5p,1.898
2026-10-05T07:47Z,4284,gA,1.955
2026-10-05T07:47Z,4289,g95e5,1.845
2026-10-05T07:47Z,4289,gA,1.945
2026-10-05T07:47Z,4290,g95e5,1.845
2026-10-05T07:47Z,4306,gA,1.989
2026-10-05T07:47Z,4310,gA,1.899
2026-10-05T07:47Z,4310,gP,1.949
2026-10-05T07:47Z,4315,g95e5,2.049
2026-10-05T07:47Z,4315,gA,2.039
2026-10-05T07:47Z,4315,g95e5p,2.099
2026-10-05T07:47Z,4319,gA,2.005
2026-10-05T07:47Z,4320,gA,1.994
2026-10-05T07:47Z,4320,gP,2.099
2026-10-05T07:47Z,4337,gA,2.019
2026-10-05T07:47Z,4357,g95e5,1.859
2026-10-05T07:47Z,4357,gA,1.999
2026-10-05T07:47Z,4358,gA,2.015
2026-10-05T07:47Z,4363,gA,1.989
2026-10-05T07:47Z,4363,gP,2.089
2026-10-05T07:47Z,4364,gA,1.989
2026-10-05T07:47Z,4364,gP,2.089
2026-10-05T07:47Z,4367,g95e5,1.869
2026-10-05T07:47Z,4377,g95e5,1.799
2026-10-05T07:47Z,4377,gA,1.879
2026-10-05T07:47Z,4393,g95e5,1.837
2026-10-05T07:47Z,4393,gA,1.957
2026-10-05T07:47Z,4393,gB,1.757
2026-10-05T07:47Z,4406,g95e5,1.789
2026-10-05T07:47Z,4406,gA,1.959
2026-10-05T07:47Z,4430,gA,1.958
2026-10-05T07:47Z,4430,gP,2.008
2026-10-05T07:47Z,4433,gA,2.059
2026-10-05T07:47Z,4433,gP,2.109
2026-10-05T07:47Z,4435,g95e5,1.691
2026-10-05T07:47Z,4435,g98e5,1.959
2026-10-05T07:47Z,4448,gA,2.015
2026-10-05T07:47Z,4481,g95e5,1.858
2026-10-05T07:47Z,4481,g95e5p,1.918
2026-10-05T07:47Z,4484,gA,1.969
2026-10-05T07:47Z,4492,g95e5,1.868
2026-10-05T07:47Z,4515,g95e5,1.868
2026-10-05T07:47Z,4515,gA,1.999
2026-10-05T07:47Z,4515,gP,2.099
2026-10-05T07:47Z,4515,g95e5p,1.948
2026-10-05T07:47Z,4524,gA,1.965
2026-10-05T07:47Z,4528,g95e5,1.855
2026-10-05T07:47Z,4534,gA,1.979
2026-10-05T07:47Z,4534,gP,2.089
2026-10-05T07:47Z,4551,gA,1.984
2026-10-05T07:47Z,4551,gP,2.099
2026-10-05T07:47Z,4555,gA,1.994
2026-10-05T07:47Z,4555,gP,2.044
2026-10-05T07:47Z,4568,gA,2.039
2026-10-05T07:47Z,4576,gA,1.985
2026-10-05T07:47Z,4577,g95e5,1.849
2026-10-05T07:47Z,4586,gA,1.985
2026-10-05T07:47Z,4587,gA,1.984
2026-10-05T07:47Z,4587,gP,2.099
2026-10-05T07:47Z,4592,gA,1.979
2026-10-05T07:47Z,4592,gP,2.089
2026-10-05T07:47Z,4601,gA,1.979
2026-10-05T07:47Z,4601,gP,2.089
2026-10-05T07:47Z,4603,gA,1.965
2026-10-05T07:47Z,4607,gA,1.989
2026-10-05T07:47Z,4609,gA,2.019
2026-10-05T07:47Z,4613,gA,2.019
2026-10-05T07:47Z,4614,gA,1.989
2026-10-05T07:47Z,4619,g95e5,1.849
2026-10-05T07:47Z,4620,gA,1.975
2026-10-05T07:47Z,4638,g95e5,1.845
2026-10-05T07:47Z,4641,g95e5,1.829
2026-10-05T07:47Z,4641,gA,2.005
2026-10-05T07:47Z,4642,g95e5,1.829
2026-10-05T07:47Z,4649,gA,1.994
2026-10-05T07:47Z,4649,gP,2.099
2026-10-05T07:47Z,4657,gA,1.969
2026-10-05T07:47Z,4657,gP,2.019
2026-10-05T07:47Z,4664,gA,1.994
2026-10-05T07:47Z,4664,gP,2.109
2026-10-05T07:47Z,4682,gA,1.979
2026-10-05T07:47Z,4682,gP,2.034
2026-10-05T07:47Z,4684,gA,1.989
2026-10-05T07:47Z,4684,gP,2.039
2026-10-05T07:47Z,4695,g95e5,1.859
2026-10-05T07:47Z,4695,gA,1.979
2026-10-05T07:47Z,4696,g95e5,1.849
2026-10-05T07:47Z,4696,gA,1.969
2026-10-05T07:47Z,4696,gP,2.019
2026-10-05T07:47Z,4697,g95e5,1.739
2026-10-05T07:47Z,4697,gA,1.889
2026-10-05T07:47Z,4697,g95e5p,1.789
2026-10-05T07:47Z,4700,g95e5,1.779
2026-10-05T07:47Z,4700,g98e5,1.919
2026-10-05T07:47Z,4708,gA,1.984
2026-10-05T07:47Z,4708,gP,2.099
2026-10-05T07:47Z,4725,gA,1.979
2026-10-05T07:47Z,4725,gP,2.089
2026-10-05T07:47Z,4821,g95e5,1.739
2026-10-05T07:47Z,4821,gA,1.785
2026-10-05T07:47Z,4823,gA,1.929
2026-10-05T07:47Z,4830,g95e5,1.858
2026-10-05T07:47Z,4830,g95e5p,1.918
2026-10-05T07:47Z,4837,g95e5,1.839
2026-10-05T07:47Z,4837,gA,1.989
2026-10-05T07:47Z,4838,g95e5,1.835
2026-10-05T07:47Z,4838,gA,1.989
2026-10-05T07:47Z,4838,gB,1.689
2026-10-05T07:47Z,4841,gA,1.985
2026-10-05T07:47Z,4863,g95e5,1.808
2026-10-05T07:47Z,4863,g95e5p,1.848
2026-10-05T07:47Z,4866,gA,2.005
2026-10-05T07:47Z,4868,gA,2.005
2026-10-05T07:47Z,4870,g95e5,1.878
2026-10-05T07:47Z,4870,gA,1.984
2026-10-05T07:47Z,4870,gP,2.064
2026-10-05T07:47Z,4870,g95e5p,1.918
2026-10-05T07:47Z,4886,g95e5,1.868
2026-10-05T07:47Z,4886,g95e5p,1.928
2026-10-05T07:47Z,4887,g95e5,1.868
2026-10-05T07:47Z,4887,g95e5p,1.928
2026-10-05T07:47Z,4910,g95e5,1.869
2026-10-05T07:47Z,4910,gA,2.029
2026-10-05T07:47Z,4910,g98e5,2.009
2026-10-05T07:47Z,4950,g95e5,1.699
2026-10-05T07:47Z,4950,g98e5,1.809
2026-10-05T07:47Z,4953,g95e5,1.789
2026-10-05T07:47Z,4953,gA,1.919
2026-10-05T07:47Z,4953,gB,1.689
2026-10-05T07:47Z,4957,g95e5,1.795
2026-10-05T07:47Z,4957,gA,1.939
2026-10-05T07:47Z,4957,g98e5,1.955
2026-10-05T07:47Z,4960,g95e5,1.829
2026-10-05T07:47Z,4960,gA,1.969
2026-10-05T07:47Z,4960,gP,2.079
2026-10-05T07:47Z,4965,g95e5,1.799
2026-10-05T07:47Z,4965,g98e5,1.959
2026-10-05T07:47Z,4975,gA,2.004
2026-10-05T07:47Z,4975,gP,2.054
2026-10-05T07:47Z,4981,g95e5,1.818
2026-10-05T07:47Z,4981,g95e5p,1.908
2026-10-05T07:47Z,4989,gA,1.964
2026-10-05T07:47Z,4989,gP,2.054
2026-10-05T07:47Z,4993,g95e5,1.788
2026-10-05T07:47Z,4993,gA,1.964
2026-10-05T07:47Z,4993,gP,2.029
2026-10-05T07:47Z,4993,g98e5,1.888
2026-10-05T07:47Z,4993,g95e5p,1.838
2026-10-05T07:47Z,4993,gB,1.813
2026-10-05T07:47Z,5024,g95e5,1.919
2026-10-05T07:47Z,5024,g98e5,1.989
2026-10-05T07:47Z,5074,g95e5,1.854
2026-10-05T07:47Z,5074,gA,1.974
2026-10-05T07:47Z,5074,gP,2.064
2026-10-05T07:47Z,5074,g95e5p,1.904
2026-10-05T07:47Z,5085,g95e5,1.789
2026-10-05T07:47Z,5085,gA,1.849
2026-10-05T07:47Z,5085,g98e5,1.949
2026-10-05T07:47Z,5140,gA,1.959
2026-10-05T07:47Z,5159,gA,2.005
2026-10-05T07:47Z,5174,g95e5,1.843
2026-10-05T07:47Z,5174,gA,1.989
2026-10-05T07:47Z,5174,gP,2.109
2026-10-05T07:47Z,5186,g95e5,1.839
2026-10-05T07:47Z,5186,gA,1.999
2026-10-05T07:47Z,5186,gP,2.099
2026-10-05T07:47Z,5186,g95e5p,1.909
2026-10-05T07:47Z,5192,g95e5,1.868
2026-10-05T07:47Z,5208,g95e5,1.835
2026-10-05T07:47Z,5245,gA,1.959
2026-10-05T07:47Z,5253,g95e5,1.859
2026-10-05T07:47Z,5297,gA,1.945
2026-10-05T07:47Z,5298,g95e5,1.869
2026-10-05T07:47Z,5298,gA,1.919
2026-10-05T07:47Z,5298,gP,1.989
2026-10-05T07:47Z,5322,gA,1.969
2026-10-05T07:47Z,5322,gP,2.019
2026-10-05T07:47Z,5358,g95e5,1.769
2026-10-05T07:47Z,5358,g98e5,1.929
2026-10-05T07:47Z,5375,g95e5,1.835
2026-10-05T07:47Z,5449,gA,1.939
2026-10-05T07:47Z,5470,gA,2.019
2026-10-05T07:47Z,5512,gP,1.874
2026-10-05T07:47Z,5512,g98e5,1.858
2026-10-05T07:47Z,5556,gA,1.934
2026-10-05T07:47Z,5556,gP,1.984
2026-10-05T07:47Z,5581,gA,1.909
2026-10-05T07:47Z,5581,gP,1.949
2026-10-05T07:47Z,5613,g95e5,1.829
2026-10-05T07:47Z,5613,gA,1.999
2026-10-05T07:47Z,5619,gA,1.974
2026-10-05T07:47Z,5619,gP,2.024
2026-10-05T07:47Z,5625,gA,1.969
2026-10-05T07:47Z,5625,gP,2.049
2026-10-05T07:47Z,5631,g95e5,1.819
2026-10-05T07:47Z,5631,gA,1.949
2026-10-05T07:47Z,5631,gP,2.059
2026-10-05T07:47Z,5650,gA,1.999
2026-10-05T07:47Z,5650,gB,1.709
2026-10-05T07:47Z,5653,g95e5,1.807
2026-10-05T07:47Z,5653,gA,1.969
2026-10-05T07:47Z,5653,gP,2.069
2026-10-05T07:47Z,5653,g98e5,1.967
2026-10-05T07:47Z,5682,gP,2.045
2026-10-05T07:47Z,5696,gA,1.999
2026-10-05T07:47Z,5696,gP,2.079
2026-10-05T07:47Z,5697,gA,1.969
2026-10-05T07:47Z,5697,gP,2.069
2026-10-05T07:47Z,5698,g95e5,1.858
2026-10-05T07:47Z,5700,gA,1.974
2026-10-05T07:47Z,5700,gP,2.099
2026-10-05T07:47Z,5736,gA,1.845
2026-10-05T07:47Z,5738,gA,1.995
2026-10-05T07:47Z,5845,g95e5,2.079
2026-10-05T07:47Z,5845,gA,2.169
2026-10-05T07:47Z,5845,gP,2.269
2026-10-05T07:47Z,5845,g98e5,2.269
2026-10-05T07:47Z,5915,gA,1.998
2026-10-05T07:47Z,5915,gP,2.099
2026-10-05T07:47Z,5940,gA,1.975
2026-10-05T07:47Z,5946,g95e5,1.855
2026-10-05T07:47Z,5956,gA,1.999
2026-10-05T07:47Z,5960,gA,1.978
2026-10-05T07:47Z,5960,gP,2.104
2026-10-05T07:47Z,5962,gA,1.998
2026-10-05T07:47Z,5962,gP,2.094
2026-10-05T07:47Z,6016,gP,2.039
2026-10-05T07:47Z,6038,gA,1.955
2026-10-05T07:47Z,6058,gA,2.019
2026-10-05T07:47Z,6062,gA,1.985
2026-10-05T07:47Z,6066,g95e5,1.818
2026-10-05T07:47Z,6067,g95e5,1.818
2026-10-05T07:47Z,6067,gA,2.034
2026-10-05T07:47Z,6067,gP,2.099
2026-10-05T07:47Z,6068,g95e5,1.859
2026-10-05T07:47Z,6068,gA,1.969
2026-10-05T07:47Z,6068,gP,2.059
2026-10-05T07:47Z,6068,g95e5p,1.939
2026-10-05T07:47Z,6086,g95e5,1.754
2026-10-05T07:47Z,6086,gA,1.869
2026-10-05T07:47Z,6086,gP,1.919
2026-10-05T07:47Z,6086,g95e5p,1.804
2026-10-05T07:47Z,6112,g95e5,1.813
2026-10-05T07:47Z,6120,g95e5,1.813
2026-10-05T07:47Z,6122,g95e5,1.815
2026-10-05T07:47Z,6122,gA,1.955
2026-10-05T07:47Z,6122,gP,2.065
2026-10-05T07:47Z,6129,gA,2.004
2026-10-05T07:47Z,6129,gP,2.079
2026-10-05T07:47Z,6156,g95e5,1.819
2026-10-05T07:47Z,6165,g95e5,1.878
2026-10-05T07:47Z,6165,g95e5p,1.918
2026-10-05T07:47Z,6169,g95e5,1.879
2026-10-05T07:47Z,6169,gA,2.009
2026-10-05T07:47Z,6169,gP,2.109
2026-10-05T07:47Z,6169,g98e5,2.079
2026-10-05T07:47Z,6227,g95e5,1.889
2026-10-05T07:47Z,6227,gA,2.019
2026-10-05T07:47Z,6260,gA,2.039
2026-10-05T07:47Z,6293,gA,1.869
2026-10-05T07:47Z,6293,gP,1.919
2026-10-05T07:47Z,6295,gA,2.029
2026-10-05T07:47Z,6300,gA,1.945
2026-10-05T07:47Z,6312,gA,2.029
2026-10-05T07:47Z,6334,gA,1.965
2026-10-05T07:47Z,6353,gA,1.965
2026-10-05T07:47Z,6382,g95e5,1.819
2026-10-05T07:47Z,6382,g98e5,2.019
2026-10-05T07:47Z,6409,g95e5,1.879
2026-10-05T07:47Z,6409,gA,2.019
2026-10-05T07:47Z,6409,g98e5,2.039
2026-10-05T07:47Z,6414,gA,2.024
2026-10-05T07:47Z,6414,gP,2.099
2026-10-05T07:47Z,6426,g95e5,1.813
2026-10-05T07:47Z,6426,g95e5p,1.868
2026-10-05T07:47Z,6472,g95e5,1.829
2026-10-05T07:47Z,6472,gA,2.025
2026-10-05T07:47Z,6472,gP,2.135
2026-10-05T07:47Z,6482,g95e5,1.899
2026-10-05T07:47Z,6482,gA,1.969
2026-10-05T07:47Z,6482,gP,2.049
2026-10-05T07:47Z,6482,g98e5,1.999
2026-10-05T07:47Z,6499,g95e5,1.868
2026-10-05T07:47Z,6499,g95e5p,1.928
2026-10-05T07:47Z,6501,g95e5,1.868
2026-10-05T07:47Z,6501,gA,2.034
2026-10-05T07:47Z,6501,gP,2.099
2026-10-05T07:47Z,6586,gA,1.929
2026-10-05T07:47Z,6586,gP,2.019
2026-10-05T07:47Z,6618,gA,2.019
2026-10-05T07:47Z,6618,gB,1.709
2026-10-05T07:47Z,6624,gA,1.979
2026-10-05T07:47Z,6624,gP,2.099
2026-10-05T07:47Z,6625,g95e5,1.839
2026-10-05T07:47Z,6625,g98e5,1.979
2026-10-05T07:47Z,6658,g95e5,1.859
2026-10-05T07:47Z,6658,gA,2.009
2026-10-05T07:47Z,6658,gP,2.999
2026-10-05T07:47Z,6681,gA,1.949
2026-10-05T07:47Z,6688,gA,1.965
2026-10-05T07:47Z,6692,g95e5,1.869
2026-10-05T07:47Z,6692,gA,1.969
2026-10-05T07:47Z,6692,gB,1.749
2026-10-05T07:47Z,6744,g95e5,1.868
2026-10-05T07:47Z,6744,g95e5p,1.948
2026-10-05T07:47Z,6749,gA,1.964
2026-10-05T07:47Z,6767,gA,1.979
2026-10-05T07:47Z,6767,gP,2.019
2026-10-05T07:47Z,6780,gA,2.034
2026-10-05T07:47Z,6780,gP,2.139
2026-10-05T07:47Z,6783,gA,1.989
2026-10-05T07:47Z,6783,gP,2.109
2026-10-05T07:47Z,6789,g95e5,1.818
2026-10-05T07:47Z,6789,gA,2.034
2026-10-05T07:47Z,6789,gP,2.109
2026-10-05T07:47Z,6796,gA,1.969
2026-10-05T07:47Z,6796,gP,2.069
2026-10-05T07:47Z,6799,g95e5,1.835
2026-10-05T07:47Z,6807,gA,1.939
2026-10-05T07:47Z,6808,g95e5,1.859
2026-10-05T07:47Z,6870,g95e5,1.835
2026-10-05T07:47Z,6871,g95e5,1.789
2026-10-05T07:47Z,6880,g95e5,1.871
2026-10-05T07:47Z,6880,gA,1.897
2026-10-05T07:47Z,6880,g98e5,2.145
2026-10-05T07:47Z,6883,gA,1.944
2026-10-05T07:47Z,6883,gP,2.044
2026-10-05T07:47Z,6903,gA,1.959
2026-10-05T07:47Z,6908,gA,2.025
2026-10-05T07:47Z,6910,gA,2.045
2026-10-05T07:47Z,6913,g95e5,1.785
2026-10-05T07:47Z,6913,gA,1.995
2026-10-05T07:47Z,6927,gA,1.954
2026-10-05T07:47Z,6927,gP,2.044
2026-10-05T07:47Z,6936,g95e5,1.949
2026-10-05T07:47Z,6936,gA,1.999
2026-10-05T07:47Z,6936,gP,2.099
2026-10-05T07:47Z,6944,g95e5,1.819
2026-10-05T07:47Z,6945,gA,1.959
2026-10-05T07:47Z,6964,gA,1.989
2026-10-05T07:47Z,6969,gA,2.035
2026-10-05T07:47Z,6972,gA,2.015
2026-10-05T07:47Z,6978,g95e5,1.855
2026-10-05T07:47Z,6984,g95e5,1.819
2026-10-05T07:47Z,6992,gA,1.954
2026-10-05T07:47Z,6992,gP,2.004
2026-10-05T07:47Z,7027,gA,1.849
2026-10-05T07:47Z,7053,g95e5,1.825
2026-10-05T07:47Z,7053,gA,2.019
2026-10-05T07:47Z,7053,gP,2.115
2026-10-05T07:47Z,7053,g95e5p,1.905
2026-10-05T07:47Z,7054,gA,2.044
2026-10-05T07:47Z,7054,gP,2.109
2026-10-05T07:47Z,7063,g95e5,1.709
2026-10-05T07:47Z,7063,g98e5,1.829
2026-10-05T07:47Z,7064,gA,1.959
2026-10-05T07:47Z,7064,gP,2.009
2026-10-05T07:47Z,7068,g95e5,1.864
2026-10-05T07:47Z,7068,gA,2.004
2026-10-05T07:47Z,7068,gP,2.094
2026-10-05T07:47Z,7068,g95e5p,1.914
2026-10-05T07:47Z,7069,g95e5,1.764
2026-10-05T07:47Z,7069,gA,1.924
2026-10-05T07:47Z,7069,gP,1.974
2026-10-05T07:47Z,7069,g98e5,1.899
2026-10-05T07:47Z,7072,g95e5,1.809
2026-10-05T07:47Z,7072,gA,1.899
2026-10-05T07:47Z,7086,g95e5,1.859
2026-10-05T07:47Z,7092,gA,1.963
2026-10-05T07:47Z,7114,gA,1.999
2026-10-05T07:47Z,7114,gP,2.079
2026-10-05T07:47Z,7117,g95e5,1.819
2026-10-05T07:47Z,7117,gA,1.979
2026-10-05T07:47Z,7119,gA,2.005
2026-10-05T07:47Z,7120,g95e5,1.819
2026-10-05T07:47Z,7137,gA,2.045
2026-10-05T07:47Z,7137,gP,2.105
2026-10-05T07:47Z,7161,gA,1.975
2026-10-05T07:47Z,7191,gA,1.929
2026-10-05T07:47Z,7191,gP,1.979
2026-10-05T07:47Z,7192,gA,2.005
2026-10-05T07:47Z,7200,g95e5,1.839
2026-10-05T07:47Z,7200,gA,2.010
2026-10-05T07:47Z,7200,gP,2.089
2026-10-05T07:47Z,7217,g95e5,1.749
2026-10-05T07:47Z,7217,gA,1.849
2026-10-05T07:47Z,7222,gA,1.999
2026-10-05T07:47Z,7222,gP,2.099
2026-10-05T07:47Z,7236,gA,1.995
2026-10-05T07:47Z,7240,gA,2.045
2026-10-05T07:47Z,7248,gA,2.009
2026-10-05T07:47Z,7254,g95e5,1.799
2026-10-05T07:47Z,7254,gA,1.979
2026-10-05T07:47Z,7254,gP,2.069
2026-10-05T07:47Z,7254,g98e5,1.959
2026-10-05T07:47Z,7283,g95e5,1.909
2026-10-05T07:47Z,7283,gA,1.969
2026-10-05T07:47Z,7290,gA,1.989
2026-10-05T07:47Z,7297,g95e5,1.839
2026-10-05T07:47Z,7297,gA,2.069
2026-10-05T07:47Z,7297,gP,2.149
2026-10-05T07:47Z,7297,g95e5p,1.909
2026-10-05T07:47Z,7297,gB,1.949
2026-10-05T07:47Z,7308,g95e5,1.918
2026-10-05T07:47Z,7308,gA,2.054
2026-10-05T07:47Z,7308,gP,2.179
2026-10-05T07:47Z,7308,g98e5,2.008
2026-10-05T07:47Z,7308,g95e5p,1.988
2026-10-05T07:47Z,7314,g95e5,1.825
2026-10-05T07:47Z,7314,gA,2.019
2026-10-05T07:47Z,7314,gP,2.115
2026-10-05T07:47Z,7314,g95e5p,1.905
2026-10-05T07:47Z,7317,gA,2.044
2026-10-05T07:47Z,7317,gP,2.129
2026-10-05T07:47Z,7328,gA,1.959
2026-10-05T07:47Z,7328,gP,2.089
2026-10-05T07:47Z,7347,g95e5,1.849
2026-10-05T07:47Z,7347,gA,1.989
2026-10-05T07:47Z,7347,g98e5,1.999
2026-10-05T07:47Z,7349,g95e5,1.838
2026-10-05T07:47Z,7360,gA,1.979
2026-10-05T07:47Z,7360,gP,2.009
2026-10-05T07:47Z,7365,g95e5,1.785
2026-10-05T07:47Z,7365,gA,1.999
2026-10-05T07:47Z,7365,gP,2.099
2026-10-05T07:47Z,7395,gA,2.009
2026-10-05T07:47Z,7411,g95e5,1.849
2026-10-05T07:47Z,7411,gA,2.009
2026-10-05T07:47Z,7420,g95e5,1.885
2026-10-05T07:47Z,7421,gA,2.019
2026-10-05T07:47Z,7423,gA,1.995
2026-10-05T07:47Z,7425,g95e5,1.865
2026-10-05T07:47Z,7426,g95e5,1.865
2026-10-05T07:47Z,7426,gA,2.009
2026-10-05T07:47Z,7429,g95e5,1.829
2026-10-05T07:47Z,7429,gA,2.025
2026-10-05T07:47Z,7429,gP,2.075
2026-10-05T07:47Z,7429,g98e5,1.939
2026-10-05T07:47Z,7432,gA,1.959
2026-10-05T07:47Z,7434,gA,2.049
2026-10-05T07:47Z,7439,gA,2.035
2026-10-05T07:47Z,7445,gA,2.015
2026-10-05T07:47Z,7455,g95e5,1.819
2026-10-05T07:47Z,7455,gA,1.979
2026-10-05T07:47Z,7455,gP,2.029
2026-10-05T07:47Z,7460,gA,1.979
2026-10-05T07:47Z,7460,gP,2.079
2026-10-05T07:47Z,7461,g95e5,1.848
2026-10-05T07:47Z,7483,g95e5,1.839
2026-10-05T07:47Z,7483,gA,1.919
2026-10-05T07:47Z,7487,gA,1.919
2026-10-05T07:47Z,7487,gP,2.049
2026-10-05T07:47Z,7487,g98e5,1.939
2026-10-05T07:47Z,7487,gB,1.769
2026-10-05T07:47Z,7502,gA,1.995
2026-10-05T07:47Z,7544,g95e5,1.828
2026-10-05T07:47Z,7544,gA,2.024
2026-10-05T07:47Z,7544,gP,2.114
2026-10-05T07:47Z,7544,g98e5,1.928
2026-10-05T07:47Z,7544,g95e5p,1.878
2026-10-05T07:47Z,7546,g95e5,1.889
2026-10-05T07:47Z,7546,gA,1.969
2026-10-05T07:47Z,7546,gP,2.039
2026-10-05T07:47Z,7546,g98e5,2.039
2026-10-05T07:47Z,7546,gB,1.699
2026-10-05T07:47Z,7551,g95e5,1.839
2026-10-05T07:47Z,7551,gA,2.039
2026-10-05T07:47Z,7553,gA,2.039
2026-10-05T07:47Z,7559,gA,2.015
2026-10-05T07:47Z,7584,g95e5,1.815
2026-10-05T07:47Z,7584,gA,1.985
2026-10-05T07:47Z,7584,gP,2.035
2026-10-05T07:47Z,7584,g98e5,1.925
2026-10-05T07:47Z,7659,gA,1.679
2026-10-05T07:47Z,7679,gA,1.709
2026-10-05T07:47Z,7702,g95e5,1.529
2026-10-05T07:47Z,7702,gA,1.699
2026-10-05T07:47Z,7707,gA,1.709
2026-10-05T07:47Z,7710,gA,1.699
2026-10-05T07:47Z,7711,gA,1.699
2026-10-05T07:47Z,7747,g95e5,1.499
2026-10-05T07:47Z,7751,g95e5,1.853
2026-10-05T07:47Z,7751,gA,2.019
2026-10-05T07:47Z,7751,gP,2.109
2026-10-05T07:47Z,7751,g95e5p,1.918
2026-10-05T07:47Z,7753,g95e5,1.853
2026-10-05T07:47Z,7759,gA,1.979
2026-10-05T07:47Z,7759,gP,2.089
2026-10-05T07:47Z,7855,g95e5,1.473
2026-10-05T07:47Z,7855,gA,1.679
2026-10-05T07:47Z,7855,g98e5,1.529
2026-10-05T07:47Z,7858,gA,1.709
2026-10-05T07:47Z,7983,g95e5,1.868
2026-10-05T07:47Z,7983,gA,2.004
2026-10-05T07:47Z,7983,gP,2.104
2026-10-05T07:47Z,8088,g95e5,1.839
2026-10-05T07:47Z,8109,g95e5,1.739
2026-10-05T07:47Z,8124,g95e5,1.859
2026-10-05T07:47Z,8124,gA,1.879
2026-10-05T07:47Z,8124,gP,1.979
2026-10-05T07:47Z,8124,g98e5,1.969
2026-10-05T07:47Z,8138,g95e5,1.813
2026-10-05T07:47Z,8138,g95e5p,1.868
2026-10-05T07:47Z,8149,g95e5,1.879
2026-10-05T07:47Z,8149,gA,1.899
2026-10-05T07:47Z,8149,gP,1.939
2026-10-05T07:47Z,8160,g95e5,1.859
2026-10-05T07:47Z,8160,gA,1.969
2026-10-05T07:47Z,8195,gA,1.856
2026-10-05T07:47Z,8195,gB,1.584
2026-10-05T07:47Z,8225,gA,1.969
2026-10-05T07:47Z,8226,gA,1.969
2026-10-05T07:47Z,8226,gB,1.819
2026-10-05T07:47Z,8253,gA,1.979
2026-10-05T07:47Z,8266,g95e5,1.808
2026-10-05T07:47Z,8266,g95e5p,1.878
2026-10-05T07:47Z,8274,gA,1.999
2026-10-05T07:47Z,8292,g95e5,1.869
2026-10-05T07:47Z,8299,gA,1.959
2026-10-05T07:47Z,8299,gP,2.029
2026-10-05T07:47Z,8299,gB,1.879
2026-10-05T07:47Z,8304,g95e5,1.844
2026-10-05T07:47Z,8304,g98e5,1.964
2026-10-05T07:47Z,8305,g95e5,1.844
2026-10-05T07:47Z,8305,g98e5,1.964
2026-10-05T07:47Z,8504,g95e5,1.659
2026-10-05T07:47Z,8504,gA,1.779
2026-10-05T07:47Z,8504,gP,1.779
2026-10-05T07:47Z,8504,g95e5p,1.659
2026-10-05T07:47Z,8506,gA,2.014
2026-10-05T07:47Z,8506,gP,2.089
2026-10-05T07:47Z,8576,g95e5,1.659
2026-10-05T07:47Z,8576,gA,1.769
2026-10-05T07:47Z,8577,g95e5,1.659
2026-10-05T07:47Z,8577,gA,1.769
2026-10-05T07:47Z,8728,gA,1.709
2026-10-05T07:47Z,8891,g95e5,1.849
2026-10-05T07:47Z,8984,g95e5,1.773
2026-10-05T07:47Z,8984,gA,1.887
2026-10-05T07:47Z,9002,g95e5,1.599
2026-10-05T07:47Z,9002,gA,1.729
2026-10-05T07:47Z,9054,g95e5,1.789
2026-10-05T07:47Z,9085,gA,1.841
2026-10-05T07:47Z,9085,gP,1.881
2026-10-05T07:47Z,9111,g95e5,1.789
2026-10-05T07:47Z,9111,gA,1.989
2026-10-05T07:47Z,9111,gP,2.039
2026-10-05T07:47Z,9150,g95e5,1.739
2026-10-05T07:47Z,9150,gA,1.799
2026-10-05T07:47Z,9181,g95e5,1.739
2026-10-05T07:47Z,9181,g98e5,1.839
2026-10-05T07:47Z,9181,gB,1.589
2026-10-05T07:47Z,9294,g95e5,1.865
2026-10-05T07:47Z,9294,gA,2.009
2026-10-05T07:47Z,9303,gA,1.969
2026-10-05T07:47Z,9303,gP,2.069
2026-10-05T07:47Z,9383,g95e5,1.899
2026-10-05T07:47Z,9383,gA,2.009
2026-10-05T07:47Z,9383,gP,2.109
2026-10-05T07:47Z,9383,g98e5,2.029
2026-10-05T07:47Z,9385,g95e5,1.899
2026-10-05T07:47Z,9385,gA,1.899
2026-10-05T07:47Z,9389,gA,1.999
2026-10-05T07:47Z,9389,gB,1.799
2026-10-05T07:47Z,9441,gA,1.989
2026-10-05T07:47Z,9455,g95e5,1.889
2026-10-05T07:47Z,9455,gA,1.939
2026-10-05T07:47Z,9455,gP,1.989
2026-10-05T07:47Z,9455,g98e5,1.999
2026-10-05T07:47Z,9466,g95e5,1.899
2026-10-05T07:47Z,9471,gA,1.959
2026-10-05T07:47Z,9512,g95e5,1.669
2026-10-05T07:47Z,9512,gA,1.799
2026-10-05T07:47Z,9564,g95e5,1.659
2026-10-05T07:47Z,9564,gA,1.769
2026-10-05T07:47Z,9564,gP,1.769
2026-10-05T07:47Z,9564,g95e5p,1.659
2026-10-05T07:47Z,9622,gA,1.974
2026-10-05T07:47Z,9622,gP,2.039
2026-10-05T07:47Z,9676,gA,1.949
2026-10-05T07:47Z,9676,gB,1.795
2026-10-05T07:47Z,9708,gA,1.995
2026-10-05T07:47Z,9844,g95e5,1.859
2026-10-05T07:47Z,9844,gA,1.989
2026-10-05T07:47Z,9844,g98e5,2.019
2026-10-05T07:47Z,9847,g95e5,1.859
2026-10-05T07:47Z,9847,gA,1.989
2026-10-05T07:47Z,9847,g98e5,2.019
2026-10-05T07:47Z,9847,g95e5p,1.959
2026-10-05T07:47Z,9896,g95e5,1.799
2026-10-05T07:47Z,9896,gP,1.949
2026-10-05T07:47Z,9896,g98e5,2.029
2026-10-05T07:47Z,9993,g95e5,1.769
2026-10-05T07:47Z,9993,gA,1.889
2026-10-05T07:47Z,9993,gP,1.929
2026-10-05T07:47Z,10055,gA,1.989
2026-10-05T07:47Z,10055,gP,2.069
2026-10-05T07:47Z,10075,g95e5,1.795
2026-10-05T07:47Z,10075,g98e5,1.895
2026-10-05T07:47Z,10090,g95e5,1.819
2026-10-05T07:47Z,10090,gA,1.929
2026-10-05T07:47Z,10101,g95e5,1.709
2026-10-05T07:47Z,10101,gA,1.779
2026-10-05T07:47Z,10215,g95e5,1.849
2026-10-05T07:47Z,10215,g98e5,1.929
2026-10-05T07:47Z,10240,g95e5,1.839
2026-10-05T07:47Z,10240,gA,1.999
2026-10-05T07:47Z,10240,gP,2.099
2026-10-05T07:47Z,10240,gB,1.849
2026-10-05T07:47Z,10244,g95e5,1.659
2026-10-05T07:47Z,10244,gA,1.769
2026-10-05T07:47Z,10244,gP,1.769
2026-10-05T07:47Z,10249,g95e5,1.813
2026-10-05T07:47Z,10249,gA,2.008
2026-10-05T07:47Z,10249,gP,2.109
2026-10-05T07:47Z,10252,gA,2.019
2026-10-05T07:47Z,10361,g95e5,1.859
2026-10-05T07:47Z,10361,gA,1.998
2026-10-05T07:47Z,10361,gB,1.799
2026-10-05T07:47Z,10366,g95e5,1.848
2026-10-05T07:47Z,10366,gA,1.999
2026-10-05T07:47Z,10366,gP,2.079
2026-10-05T07:47Z,10367,gA,1.994
2026-10-05T07:47Z,10367,gP,2.079
2026-10-05T07:47Z,10377,g95e5,1.832
2026-10-05T07:47Z,10377,gA,1.799
2026-10-05T07:47Z,10377,gP,1.819
2026-10-05T07:47Z,10608,gA,1.959
2026-10-05T07:47Z,10608,gP,2.089
2026-10-05T07:47Z,10630,g95e5,1.829
2026-10-05T07:47Z,10630,gP,2.089
2026-10-05T07:47Z,10659,g95e5,1.899
2026-10-05T07:47Z,10659,gA,1.878
2026-10-05T07:47Z,10750,g95e5,1.899
2026-10-05T07:47Z,10817,g95e5,1.859
2026-10-05T07:47Z,10817,gA,1.989
2026-10-05T07:47Z,10817,gP,2.079
2026-10-05T07:47Z,10823,g95e5,1.824
2026-10-05T07:47Z,10823,gB,1.664
2026-10-05T07:47Z,10855,gA,2.035
2026-10-05T07:47Z,10862,g95e5,1.889
2026-10-05T07:47Z,10862,gA,1.989
2026-10-05T07:47Z,10864,g95e5,1.869
2026-10-05T07:47Z,10869,gA,1.989
2026-10-05T07:47Z,10874,g95e5,1.875
2026-10-05T07:47Z,10874,gA,1.955
2026-10-05T07:47Z,10897,g95e5,1.855
2026-10-05T07:47Z,10897,gA,2.009
2026-10-05T07:47Z,10897,gP,2.099
2026-10-05T07:47Z,10897,g98e5,1.995
2026-10-05T07:47Z,10914,g95e5,1.859
2026-10-05T07:47Z,10914,gA,1.989
2026-10-05T07:47Z,10914,gB,1.799
2026-10-05T07:47Z,10917,g95e5,1.899
2026-10-05T07:47Z,10917,gA,1.878
2026-10-05T07:47Z,10954,gA,1.979
2026-10-05T07:47Z,10982,g95e5,1.858
2026-10-05T07:47Z,10982,gA,1.964
2026-10-05T07:47Z,10982,gP,2.089
2026-10-05T07:47Z,10982,g95e5p,1.908
2026-10-05T07:47Z,11010,gA,2.004
2026-10-05T07:47Z,11010,gP,2.104
2026-10-05T07:47Z,11011,g95e5,1.757
2026-10-05T07:47Z,11038,g95e5,1.869
2026-10-05T07:47Z,11038,gA,2.019
2026-10-05T07:47Z,11038,gP,2.129
2026-10-05T07:47Z,11038,g98e5,2.029
2026-10-05T07:47Z,11079,g95e5,1.699
2026-10-05T07:47Z,11085,g95e5,1.599
2026-10-05T07:47Z,11085,gA,1.729
2026-10-05T07:47Z,11088,gA,1.985
2026-10-05T07:47Z,11093,g95e5,1.849
2026-10-05T07:47Z,11093,gA,1.919
2026-10-05T07:47Z,11093,g98e5,1.959
2026-10-05T07:47Z,11102,g95e5,1.849
2026-10-05T07:47Z,11121,g95e5,1.849
2026-10-05T07:47Z,11121,gA,1.989
2026-10-05T07:47Z,11121,g98e5,1.999
2026-10-05T07:47Z,11122,gA,1.750
2026-10-05T07:47Z,11144,g95e5,1.659
2026-10-05T07:47Z,11144,gA,1.769
2026-10-05T07:47Z,11206,g95e5,1.799
2026-10-05T07:47Z,11206,gA,1.919
2026-10-05T07:47Z,11206,gP,1.959
2026-10-05T07:47Z,11206,g98e5,1.899
2026-10-05T07:47Z,11208,g95e5,1.849
2026-10-05T07:47Z,11208,gA,1.939
2026-10-05T07:47Z,11208,gB,1.899
2026-10-05T07:47Z,11228,gA,1.989
2026-10-05T07:47Z,11228,gP,2.039
2026-10-05T07:47Z,11239,gA,2.029
2026-10-05T07:47Z,11305,gA,1.939
2026-10-05T07:47Z,11305,gP,2.029
2026-10-05T07:47Z,11306,gA,1.939
2026-10-05T07:47Z,11306,gP,2.029
2026-10-05T07:47Z,11316,gA,1.989
2026-10-05T07:47Z,11316,gP,2.039
2026-10-05T07:47Z,11322,g95e5,1.899
2026-10-05T07:47Z,11322,gA,1.979
2026-10-05T07:47Z,11322,gP,2.079
2026-10-05T07:47Z,11322,g98e5,1.999
2026-10-05T07:47Z,11332,g95e5,1.808
2026-10-05T07:47Z,11332,gP,2.049
2026-10-05T07:47Z,11332,gB,1.799
2026-10-05T07:47Z,11412,gA,2.014
2026-10-05T07:47Z,11412,gP,2.099
2026-10-05T07:47Z,11424,gA,1.995
2026-10-05T07:47Z,11448,g95e5,1.819
2026-10-05T07:47Z,11448,gA,1.989
2026-10-05T07:47Z,11453,g95e5,1.798
2026-10-05T07:47Z,11453,g95e5p,1.858
2026-10-05T07:47Z,11497,g95e5,1.915
2026-10-05T07:47Z,11536,gA,1.965
2026-10-05T07:47Z,11539,g95e5,1.868
2026-10-05T07:47Z,11539,gA,2.024
2026-10-05T07:47Z,11539,gP,2.099
2026-10-05T07:47Z,11539,g95e5p,1.928
2026-10-05T07:47Z,11542,gA,1.949
2026-10-05T07:47Z,11542,gP,2.039
2026-10-05T07:47Z,11553,g95e5,1.804
2026-10-05T07:47Z,11553,gA,1.964
2026-10-05T07:47Z,11553,gP,2.014
2026-10-05T07:47Z,11553,g98e5,1.949
2026-10-05T07:47Z,11560,gA,1.999
2026-10-05T07:47Z,11581,gA,1.999
2026-10-05T07:47Z,11581,gP,2.099
2026-10-05T07:47Z,11589,gA,1.999
2026-10-05T07:47Z,11589,gP,2.039
2026-10-05T07:47Z,11589,gB,1.789
2026-10-05T07:47Z,11617,gB,1.869
2026-10-05T07:47Z,11633,gA,1.994
2026-10-05T07:47Z,11633,gP,2.069
2026-10-05T07:47Z,11674,gA,1.948
2026-10-05T07:47Z,11674,gP,2.059
2026-10-05T07:47Z,11688,g95e5,1.916
2026-10-05T07:47Z,11688,gA,2.049
2026-10-05T07:47Z,11688,gP,2.141
2026-10-05T07:47Z,11688,g98e5,2.064
2026-10-05T07:47Z,11736,g95e5,1.769
2026-10-05T07:47Z,11736,gA,1.999
2026-10-05T07:47Z,11736,gP,2.089
2026-10-05T07:47Z,11736,g98e5,1.910
2026-10-05T07:47Z,11752,g95e5,1.759
2026-10-05T07:47Z,11780,g95e5,1.800
2026-10-05T07:47Z,11780,gA,1.900
2026-10-05T07:47Z,11799,gA,1.968
2026-10-05T07:47Z,11799,gP,2.079
2026-10-05T07:47Z,11822,g95e5,1.899
2026-10-05T07:47Z,11822,gA,1.979
2026-10-05T07:47Z,11822,gP,2.029
2026-10-05T07:47Z,11822,g95e5p,1.949
2026-10-05T07:47Z,11830,gB,1.889
2026-10-05T07:47Z,11832,g95e5,1.899
2026-10-05T07:47Z,11832,gA,2.039
2026-10-05T07:47Z,11834,g95e5,1.849
2026-10-05T07:47Z,11834,gA,1.979
2026-10-05T07:47Z,11852,gA,1.939
2026-10-05T07:47Z,11854,g95e5,1.749
2026-10-05T07:47Z,11854,gA,1.869
2026-10-05T07:47Z,11884,g95e5,1.729
2026-10-05T07:47Z,11884,gA,1.769
2026-10-05T07:47Z,11884,gP,1.869
2026-10-05T07:47Z,11899,gP,1.876
2026-10-05T07:47Z,11930,g95e5,1.659
2026-10-05T07:47Z,11930,gA,1.769
2026-10-05T07:47Z,11930,gP,1.819
2026-10-05T07:47Z,11942,g95e5,1.868
2026-10-05T07:47Z,11942,g95e5p,1.908
2026-10-05T07:47Z,11965,g95e5,1.829
2026-10-05T07:47Z,11965,gA,2.025
2026-10-05T07:47Z,11965,gP,2.075
2026-10-05T07:47Z,11965,g98e5,1.939
2026-10-05T07:47Z,11974,gA,1.989
2026-10-05T07:47Z,11975,g95e5p,1.959
2026-10-05T07:47Z,12022,gA,2.045
2026-10-05T07:47Z,12038,g95e5,1.855
2026-10-05T07:47Z,12075,g95e5,1.909
2026-10-05T07:47Z,12075,gA,1.949
2026-10-05T07:47Z,12075,gP,2.209
2026-10-05T07:47Z,12075,g98e5,2.259
2026-10-05T07:47Z,12075,gB,1.835
2026-10-05T07:47Z,12091,gA,2.031
2026-10-05T07:47Z,12091,gP,2.119
2026-10-05T07:47Z,12096,gA,2.045
2026-10-05T07:47Z,12101,gA,1.974
2026-10-05T07:47Z,12101,gP,2.059
2026-10-05T07:47Z,12109,gA,1.979
2026-10-05T07:47Z,12109,gP,2.059
2026-10-05T07:47Z,12124,g95e5,1.875
2026-10-05T07:47Z,12140,gA,2.024
2026-10-05T07:47Z,12140,gP,2.089
2026-10-05T07:47Z,12146,g95e5,1.813
2026-10-05T07:47Z,12146,gA,1.959
2026-10-05T07:47Z,12146,gP,2.069
2026-10-05T07:47Z,12146,g95e5p,1.868
2026-10-05T07:47Z,12159,g95e5,1.859
2026-10-05T07:47Z,12159,gA,2.025
2026-10-05T07:47Z,12162,g95e5,1.779
2026-10-05T07:47Z,12162,gA,1.849
2026-10-05T07:47Z,12162,gP,1.889
2026-10-05T07:47Z,12193,gA,2.029
2026-10-05T07:47Z,12218,g95e5,1.779
2026-10-05T07:47Z,12223,gA,1.869
2026-10-05T07:47Z,12223,gP,1.919
2026-10-05T07:47Z,12239,gA,2.039
2026-10-05T07:47Z,12251,g95e5,1.779
2026-10-05T07:47Z,12251,gA,1.809
2026-10-05T07:47Z,12289,g95e5,1.825
2026-10-05T07:47Z,12289,gA,1.989
2026-10-05T07:47Z,12318,gA,1.989
2026-10-05T07:47Z,12318,gP,2.089
2026-10-05T07:47Z,12348,g95e5,1.729
2026-10-05T07:47Z,12348,gA,1.809
2026-10-05T07:47Z,12350,gA,2.005
2026-10-05T07:47Z,12351,gA,1.985
2026-10-05T07:47Z,12355,gA,1.949
2026-10-05T07:47Z,12355,gP,1.989
2026-10-05T07:47Z,12410,g95e5,1.899
2026-10-05T07:47Z,12410,gA,1.999
2026-10-05T07:47Z,12410,g98e5,2.089
2026-10-05T07:47Z,12444,g95e5,1.779
2026-10-05T07:47Z,12446,g95e5,1.899
2026-10-05T07:47Z,12446,gA,2.044
2026-10-05T07:47Z,12453,g95e5,1.878
2026-10-05T07:47Z,12453,gA,2.024
2026-10-05T07:47Z,12458,g95e5,1.828
2026-10-05T07:47Z,12458,gA,2.014
2026-10-05T07:47Z,12458,gP,2.104
2026-10-05T07:47Z,12525,g95e5,1.799
2026-10-05T07:47Z,12574,glp,1.089
2026-10-05T07:47Z,12595,gA,1.849
2026-10-05T07:47Z,12604,g95e5,1.809
2026-10-05T07:47Z,12604,gA,1.969
2026-10-05T07:47Z,12604,gP,2.069
2026-10-05T07:47Z,12604,g98e5,1.969
2026-10-05T07:47Z,12613,g95e5,1.899
2026-10-05T07:47Z,12615,g95e5,1.778
2026-10-05T07:47Z,12615,gA,1.974
2026-10-05T07:47Z,12615,gP,2.044
2026-10-05T07:47Z,12630,gA,1.709
2026-10-05T07:47Z,12654,g95e5,1.799
2026-10-05T07:47Z,12654,gA,1.829
2026-10-05T07:47Z,12695,gA,1.989
2026-10-05T07:47Z,12695,gP,2.089
2026-10-05T07:47Z,12740,gA,1.815
2026-10-05T07:47Z,12763,g95e5,1.779
2026-10-05T07:47Z,12763,gA,1.789
2026-10-05T07:47Z,12781,g95e5,1.779
2026-10-05T07:47Z,12781,gA,1.779
2026-10-05T07:47Z,12821,g95e5,1.659
2026-10-05T07:47Z,12821,gA,1.769
2026-10-05T07:47Z,12844,gA,2.015
2026-10-05T07:47Z,12846,gA,1.949
2026-10-05T07:47Z,12847,gA,2.005
2026-10-05T07:47Z,12855,g95e5,1.799
2026-10-05T07:47Z,12855,gA,1.859
2026-10-05T07:47Z,12859,g95e5,1.735
2026-10-05T07:47Z,12859,gA,1.849
2026-10-05T07:47Z,12866,gA,1.974
2026-10-05T07:47Z,12866,gP,2.069
2026-10-05T07:47Z,12917,g95e5,1.939
2026-10-05T07:47Z,12917,gA,1.979
2026-10-05T07:47Z,12917,gP,2.049
2026-10-05T07:47Z,12917,gB,1.699
2026-10-05T07:47Z,12928,g95e5,1.889
2026-10-05T07:47Z,12928,gA,1.969
2026-10-05T07:47Z,12928,gP,2.039
2026-10-05T07:47Z,12928,g98e5,2.039
2026-10-05T07:47Z,12980,g95e5,1.849
2026-10-05T07:47Z,12980,gA,1.989
2026-10-05T07:47Z,12980,gP,2.089
2026-10-05T07:47Z,12980,g98e5,1.979
2026-10-05T07:47Z,13028,g95e5,1.799
2026-10-05T07:47Z,13041,g95e5,1.909
2026-10-05T07:47Z,13041,gA,2.059
2026-10-05T07:47Z,13095,gA,1.963
2026-10-05T07:47Z,13103,g95e5,1.759
2026-10-05T07:47Z,13103,gA,1.869
2026-10-05T07:47Z,13131,g95e5,1.868
2026-10-05T07:47Z,13201,g95e5,1.498
2026-10-05T07:47Z,13201,gA,1.648
2026-10-05T07:47Z,13232,gA,1.979
2026-10-05T07:47Z,13258,g95e5,1.779
2026-10-05T07:47Z,13258,gA,1.889
2026-10-05T07:47Z,13287,g95e5,1.709
2026-10-05T07:47Z,13287,gA,1.869
2026-10-05T07:47Z,13308,gA,2.025
2026-10-05T07:47Z,13361,gA,1.955
2026-10-05T07:47Z,13418,gA,1.999
2026-10-05T07:47Z,13503,g95e5,1.744
2026-10-05T07:47Z,13506,g95e5,1.979
2026-10-05T07:47Z,13506,gA,1.959
2026-10-05T07:47Z,13506,gP,2.019
2026-10-05T07:47Z,13511,gA,1.849
2026-10-05T07:47Z,13535,g95e5,1.709
2026-10-05T07:47Z,13538,g95e5,1.745
2026-10-05T07:47Z,13543,g95e5,1.729
2026-10-05T07:47Z,13543,gA,1.819
2026-10-05T07:47Z,13543,gP,1.889
2026-10-05T07:47Z,13543,g98e5,1.829
2026-10-05T07:47Z,13559,g95e5,1.779
2026-10-05T07:47Z,13559,gA,1.779
2026-10-05T07:47Z,13584,g95e5,1.659
2026-10-05T07:47Z,13584,gA,1.729
2026-10-05T07:47Z,13588,g95e5,1.827
2026-10-05T07:47Z,13588,gP,1.984
2026-10-05T07:47Z,13641,g95e5,1.799
2026-10-05T07:47Z,13747,gA,1.985
2026-10-05T07:47Z,13764,g95e5,1.959
2026-10-05T07:47Z,13764,gA,1.999
2026-10-05T07:47Z,13764,gP,2.059
2026-10-05T07:47Z,13765,g95e5,1.845
2026-10-05T07:47Z,13765,gA,1.939
2026-10-05T07:47Z,13784,g95e5,1.875
2026-10-05T07:47Z,13784,gA,1.999
2026-10-05T07:47Z,13817,g95e5,1.749
2026-10-05T07:47Z,13817,gA,1.899
2026-10-05T07:47Z,13823,gA,1.779
2026-10-05T07:47Z,13865,g95e5,1.735
2026-10-05T07:47Z,13865,gA,1.849
2026-10-05T07:47Z,13876,gA,1.799
2026-10-05T07:47Z,13961,g95e5,1.779
2026-10-05T07:47Z,14005,gA,1.909
2026-10-05T07:47Z,14005,gP,1.949
2026-10-05T07:47Z,14005,gB,1.709
2026-10-05T07:47Z,14048,gA,1.969
2026-10-05T07:47Z,14069,gA,1.979
2026-10-05T07:47Z,14069,gP,2.049
2026-10-05T07:47Z,14069,g95e5p,2.035
2026-10-05T07:47Z,14191,g95e5,1.809
2026-10-05T07:47Z,14191,gA,1.929
2026-10-05T07:47Z,14191,gP,1.999
2026-10-05T07:47Z,14209,g95e5,1.889
2026-10-05T07:47Z,14237,g95e5,1.754
2026-10-05T07:47Z,14237,gA,1.854
2026-10-05T07:47Z,14265,g95e5,1.385
2026-10-05T07:47Z,14265,gA,1.555
2026-10-05T07:47Z,14265,g98e5,1.520
2026-10-05T07:47Z,14267,gA,1.829
2026-10-05T07:47Z,14367,gA,1.945
2026-10-05T07:47Z,14402,gA,1.809
2026-10-05T07:47Z,14443,g95e5,1.385
2026-10-05T07:47Z,14443,gA,1.555
2026-10-05T07:47Z,14443,g98e5,1.520
2026-10-05T07:47Z,14449,g95e5,1.749
2026-10-05T07:47Z,14449,gA,1.849
2026-10-05T07:47Z,14480,g95e5,1.799
2026-10-05T07:47Z,14480,gA,1.909
2026-10-05T07:47Z,14480,gP,1.959
2026-10-05T07:47Z,14480,g98e5,1.909
2026-10-05T07:47Z,14482,g95e5,1.719
2026-10-05T07:47Z,14493,g95e5,1.859
2026-10-05T07:47Z,14493,gA,1.889
2026-10-05T07:47Z,14545,gA,1.899
2026-10-05T07:47Z,14589,g95e5,1.689
2026-10-05T07:47Z,14589,gA,1.839
2026-10-05T07:47Z,14713,g95e5,1.769
2026-10-05T07:47Z,14768,g95e5,1.879
2026-10-05T07:47Z,14768,gA,2.019
2026-10-05T07:47Z,14768,g98e5,2.039
2026-10-05T07:47Z,14769,g95e5,1.473
2026-10-05T07:47Z,14769,gA,1.679
2026-10-05T07:47Z,14769,gP,1.699
2026-10-05T07:47Z,14769,g98e5,1.529
2026-10-05T07:47Z,14806,gA,1.817
2026-10-05T07:47Z,14807,g95e5,1.739
2026-10-05T07:47Z,14807,gA,1.889
2026-10-05T07:47Z,14826,gA,1.859
2026-10-05T07:47Z,14826,gP,1.859
2026-10-05T07:47Z,14858,gA,1.795
2026-10-05T07:47Z,14904,g95e5,1.769
2026-10-05T07:47Z,14904,gA,1.859
2026-10-05T07:47Z,14915,g95e5,1.659
2026-10-05T07:47Z,14915,gA,1.769
2026-10-05T07:47Z,14936,gA,2.014
2026-10-05T07:47Z,14936,gP,2.119
2026-10-05T07:47Z,14945,gA,1.849
2026-10-05T07:47Z,14956,g95e5,1.849
2026-10-05T07:47Z,14971,g95e5,2.055
2026-10-05T07:47Z,14971,gA,1.949
2026-10-05T07:47Z,14971,gP,2.149
2026-10-05T07:47Z,14971,g98e5,2.229
2026-10-05T07:47Z,14971,gB,1.849
2026-10-05T07:47Z,15017,g95e5,1.659
2026-10-05T07:47Z,15017,gA,1.769
2026-10-05T07:47Z,15017,gP,1.819
2026-10-05T07:47Z,15060,g95e5,1.889
2026-10-05T07:47Z,15060,g98e5,1.999
2026-10-05T07:47Z,15071,gA,2.009
2026-10-05T07:47Z,15071,gP,2.099
2026-10-05T07:47Z,15077,g95e5,1.749
2026-10-05T07:47Z,15077,gA,1.849
2026-10-05T07:47Z,15090,gA,2.019
2026-10-05T07:47Z,15140,g95e5,1.689
2026-10-05T07:47Z,15163,g95e5,1.689
2026-10-05T07:47Z,15267,g95e5,1.695
2026-10-05T07:47Z,15267,gA,1.779
2026-10-05T07:47Z,15394,g95e5,1.789
2026-10-05T07:47Z,15394,gA,1.945
2026-10-05T07:47Z,15569,g95e5,1.879
2026-10-05T07:47Z,15569,gA,1.909
2026-10-05T07:47Z,15573,gA,1.829
2026-10-05T07:47Z,15623,gA,1.857
2026-10-05T07:47Z,15653,g95e5,1.385
2026-10-05T07:47Z,15653,gA,1.555
2026-10-05T07:47Z,15653,gP,1.595
2026-10-05T07:47Z,15653,g98e5,1.520
2026-10-05T07:47Z,15658,g95e5,1.853
2026-10-05T07:47Z,15658,gA,2.019
2026-10-05T07:47Z,15658,gP,2.109
2026-10-05T07:47Z,15753,g95e5,1.749
2026-10-05T07:47Z,15753,gA,1.869
2026-10-05T07:47Z,15753,gP,1.969
2026-10-05T07:47Z,15754,gA,1.845
2026-10-05T07:47Z,15760,gA,1.817
2026-10-05T07:47Z,15769,g95e5,1.848
2026-10-05T07:47Z,15769,gA,2.004
2026-10-05T07:47Z,15769,gP,2.089
2026-10-05T07:47Z,15769,g95e5p,1.898
2026-10-05T07:47Z,15812,g95e5,1.669
2026-10-05T07:47Z,15812,gA,1.849
2026-10-05T07:47Z,15849,g95e5,1.629
2026-10-05T07:47Z,15849,gA,1.769
2026-10-05T07:47Z,15872,g95e5,1.385
2026-10-05T07:47Z,15872,gA,1.555
2026-10-05T07:47Z,15872,g98e5,1.520
2026-10-05T07:47Z,15882,g95e5,1.730
2026-10-05T07:47Z,15882,gA,1.840
2026-10-05T07:47Z,15975,gA,1.829
2026-10-05T07:47Z,15988,gA,1.779
2026-10-05T07:47Z,16025,gA,1.845
2026-10-05T07:47Z,16029,g95e5,1.739
2026-10-05T07:47Z,16074,gA,1.999
2026-10-05T07:47Z,16074,gP,2.089
2026-10-05T07:47Z,16084,gA,1.817
2026-10-05T07:47Z,16097,g95e5,1.789
2026-10-05T07:47Z,16097,gA,1.899
2026-10-05T07:47Z,16134,gA,1.807
2026-10-05T07:47Z,16288,g95e5,1.790
2026-10-05T07:47Z,16288,gA,1.910
2026-10-05T07:47Z,16288,gB,1.815
2026-10-05T07:47Z,16314,g95e5,1.749
2026-10-05T07:47Z,16314,gA,1.859
2026-10-05T07:47Z,16320,gA,1.867
2026-10-05T07:47Z,16320,gP,1.887
2026-10-05T07:47Z,16354,g95e5,1.839
2026-10-05T07:47Z,16354,gA,1.909
2026-10-05T07:47Z,16354,gP,1.949
2026-10-05T07:47Z,16354,g98e10,1.939
2026-10-05T07:47Z,16365,g95e5,1.899
2026-10-05T07:47Z,16365,gA,1.878
2026-10-05T07:47Z,16450,gA,1.857
2026-10-05T16:29Z,3,g95e5,1.859
2026-10-05T16:29Z,4,g95e5,1.754
2026-10-05T16:29Z,4,gA,1.864
2026-10-05T16:29Z,4,gP,1.944
2026-10-05T16:29Z,4,g98e5,1.894
2026-10-05T16:29Z,11,g95e5,1.828
2026-10-05T16:29Z,11,gA,1.969
2026-10-05T16:29Z,12,g95e5,1.754
2026-10-05T16:29Z,12,gA,1.864
2026-10-05T16:29Z,12,gP,1.944
2026-10-05T16:29Z,12,g98e5,1.894
2026-10-05T16:29Z,16,g95e5,1.859
2026-10-05T16:29Z,16,gA,1.999
2026-10-05T16:29Z,21,g95e5,1.839
2026-10-05T16:29Z,21,gA,2.005
2026-10-05T16:29Z,21,gP,2.069
2026-10-05T16:29Z,21,g98e5,1.999
2026-10-05T16:29Z,24,g95e5,1.750
2026-10-05T16:29Z,27,g95e5,1.829
2026-10-05T16:29Z,27,gA,2.039
2026-10-05T16:29Z,27,gP,2.129
2026-10-05T16:29Z,28,g95e5,1.869
2026-10-05T16:29Z,28,gA,2.009
2026-10-05T16:29Z,28,gP,2.059
2026-10-05T16:29Z,28,g98e5,2.009
2026-10-05T16:29Z,29,g95e5,1.794
2026-10-05T16:29Z,29,gA,1.959
2026-10-05T16:29Z,29,gP,2.009
2026-10-05T16:29Z,39,gA,1.999
2026-10-05T16:29Z,39,gP,2.039
2026-10-05T16:29Z,47,g95e5,1.889
2026-10-05T16:29Z,47,gA,1.989
2026-10-05T16:29Z,48,g95e5,1.859
2026-10-05T16:29Z,63,g95e5,1.889
2026-10-05T16:29Z,63,gA,2.019
2026-10-05T16:29Z,66,g95e5,1.799
2026-10-05T16:29Z,66,gA,1.849
2026-10-05T16:29Z,66,gP,1.899
2026-10-05T16:29Z,66,g95e5p,1.849
2026-10-05T16:29Z,66,gB,1.784
2026-10-05T16:29Z,67,g95e5,1.834
2026-10-05T16:29Z,67,gA,1.964
2026-10-05T16:29Z,67,gP,2.014
2026-10-05T16:29Z,68,g95e5,1.834
2026-10-05T16:29Z,68,gA,1.964
2026-10-05T16:29Z,68,gP,2.014
2026-10-05T16:29Z,68,g98e5,1.959
2026-10-05T16:29Z,69,g95e5,1.764
2026-10-05T16:29Z,69,gA,1.964
2026-10-05T16:29Z,69,g98e5,1.899
2026-10-05T16:29Z,69,gB,1.884
2026-10-05T16:29Z,72,g95e5,1.739
2026-10-05T16:29Z,72,gA,1.849
2026-10-05T16:29Z,72,gP,1.899
2026-10-05T16:29Z,72,g95e5p,1.789
2026-10-05T16:29Z,73,g95e5,1.809
2026-10-05T16:29Z,73,gA,1.994
2026-10-05T16:29Z,77,gA,2.014
2026-10-05T16:29Z,77,gP,2.129
2026-10-05T16:29Z,84,g95e5,1.875
2026-10-05T16:29Z,88,g95e5,1.899
2026-10-05T16:29Z,97,g95e5,1.845
2026-10-05T16:29Z,100,g95e5,1.849
2026-10-05T16:29Z,102,g95e5,1.749
2026-10-05T16:29Z,105,g95e5,1.869
2026-10-05T16:29Z,105,gA,1.989
2026-10-05T16:29Z,106,g95e5,1.869
2026-10-05T16:29Z,107,g95e5,1.879
2026-10-05T16:29Z,110,g95e5,1.858
2026-10-05T16:29Z,110,g95e5p,1.928
2026-10-05T16:29Z,128,g95e5,1.865
2026-10-05T16:29Z,130,g95e5,1.855
2026-10-05T16:29Z,130,gA,1.989
2026-10-05T16:29Z,133,gA,1.995
2026-10-05T16:29Z,134,g95e5,1.869
2026-10-05T16:29Z,135,gA,2.035
2026-10-05T16:29Z,137,g95e5,1.889
2026-10-05T16:29Z,137,gA,2.019
2026-10-05T16:29Z,141,g95e5,1.869
2026-10-05T16:29Z,141,gA,2.015
2026-10-05T16:29Z,143,g95e5,1.875
2026-10-05T16:29Z,143,gA,2.009
2026-10-05T16:29Z,150,g95e5,1.879
2026-10-05T16:29Z,150,gA,1.949
2026-10-05T16:29Z,152,g95e5,1.679
2026-10-05T16:29Z,163,g95e5,1.754
2026-10-05T16:29Z,163,gA,1.854
2026-10-05T16:29Z,163,gP,1.904
2026-10-05T16:29Z,165,gA,1.994
2026-10-05T16:29Z,174,gB,1.919
2026-10-05T16:29Z,177,g95e5,1.875
2026-10-05T16:29Z,177,gA,1.955
2026-10-05T16:29Z,178,g95e5,1.865
2026-10-05T16:29Z,178,gA,1.955
2026-10-05T16:29Z,181,g95e5,1.889
2026-10-05T16:29Z,183,g95e5,1.895
2026-10-05T16:29Z,183,gA,2.005
2026-10-05T16:29Z,186,g95e5,1.879
2026-10-05T16:29Z,188,gA,1.985
2026-10-05T16:29Z,201,g95e5,1.855
2026-10-05T16:29Z,202,g95e5,1.855
2026-10-05T16:29Z,203,g95e5,1.869
2026-10-05T16:29Z,203,gA,1.985
2026-10-05T16:29Z,204,g95e5,1.859
2026-10-05T16:29Z,204,gA,1.985
2026-10-05T16:29Z,205,g95e5,1.864
2026-10-05T16:29Z,205,gA,1.995
2026-10-05T16:29Z,205,gP,2.069
2026-10-05T16:29Z,206,g95e5,1.875
2026-10-05T16:29Z,206,gA,1.955
2026-10-05T16:29Z,207,g95e5,1.875
2026-10-05T16:29Z,208,g95e5,1.865
2026-10-05T16:29Z,208,gA,1.995
2026-10-05T16:29Z,216,g95e5,1.895
2026-10-05T16:29Z,216,gA,1.969
2026-10-05T16:29Z,217,g95e5,1.877
2026-10-05T16:29Z,217,gA,1.999
2026-10-05T16:29Z,217,gP,2.089
2026-10-05T16:29Z,217,g98e5,1.917
2026-10-05T16:29Z,217,gB,1.898
2026-10-05T16:29Z,219,g95e5,1.844
2026-10-05T16:29Z,219,gA,1.944
2026-10-05T16:29Z,219,gP,1.994
2026-10-05T16:29Z,219,g95e5p,1.894
2026-10-05T16:29Z,220,g95e5,1.844
2026-10-05T16:29Z,220,gA,1.944
2026-10-05T16:29Z,220,gP,1.994
2026-10-05T16:29Z,220,g95e5p,1.894
2026-10-05T16:29Z,222,g95e5,1.814
2026-10-05T16:29Z,222,gA,1.884
2026-10-05T16:29Z,222,gP,1.964
2026-10-05T16:29Z,227,g95e5,1.869
2026-10-05T16:29Z,229,gA,1.969
2026-10-05T16:29Z,238,g98e5,1.999
2026-10-05T16:29Z,238,gB,1.819
2026-10-05T16:29Z,244,g95e5,1.869
2026-10-05T16:29Z,246,g95e5,1.855
2026-10-05T16:29Z,253,g95e5,1.864
2026-10-05T16:29Z,253,gA,1.964
2026-10-05T16:29Z,253,gP,2.014
2026-10-05T16:29Z,253,g95e5p,1.914
2026-10-05T16:29Z,255,g95e5,1.809
2026-10-05T16:29Z,256,gP,1.879
2026-10-05T16:29Z,259,g95e5,1.815
2026-10-05T16:29Z,259,gP,2.059
2026-10-05T16:29Z,259,g98e5,1.965
2026-10-05T16:29Z,259,gB,1.805
2026-10-05T16:29Z,262,g95e5,1.849
2026-10-05T16:29Z,262,gA,1.899
2026-10-05T16:29Z,262,gP,1.919
2026-10-05T16:29Z,262,g98e5,1.989
2026-10-05T16:29Z,262,gB,1.539
2026-10-05T16:29Z,264,g95e5,1.833
2026-10-05T16:29Z,264,gA,1.966
2026-10-05T16:29Z,264,gB,1.855
2026-10-05T16:29Z,265,gP,1.989
2026-10-05T16:29Z,269,g95e5,1.858
2026-10-05T16:29Z,284,g95e5,1.759
2026-10-05T16:29Z,284,g95e5p,1.769
2026-10-05T16:29Z,287,g95e5,1.959
2026-10-05T16:29Z,287,gA,2.009
2026-10-05T16:29Z,287,gP,2.109
2026-10-05T16:29Z,287,g98e5,2.139
2026-10-05T16:29Z,304,g95e5,1.799
2026-10-05T16:29Z,304,gA,1.849
2026-10-05T16:29Z,304,gP,1.909
2026-10-05T16:29Z,304,g98e5,1.929
2026-10-05T16:29Z,305,g95e5,1.969
2026-10-05T16:29Z,306,g95e5,1.839
2026-10-05T16:29Z,306,gA,1.969
2026-10-05T16:29Z,306,gP,2.025
2026-10-05T16:29Z,308,g95e5,1.774
2026-10-05T16:29Z,308,gA,1.744
2026-10-05T16:29Z,308,gP,1.794
2026-10-05T16:29Z,308,g95e5p,1.824
2026-10-05T16:29Z,311,g95e5,1.799
2026-10-05T16:29Z,311,gA,1.849
2026-10-05T16:29Z,311,gP,1.909
2026-10-05T16:29Z,311,g98e5,1.929
2026-10-05T16:29Z,318,g95e5,1.788
2026-10-05T16:29Z,318,gA,1.888
2026-10-05T16:29Z,318,gB,1.888
2026-10-05T16:29Z,319,g95e5,1.749
2026-10-05T16:29Z,319,gA,1.889
2026-10-05T16:29Z,319,g98e5,1.869
2026-10-05T16:29Z,323,g95e5,1.889
2026-10-05T16:29Z,323,gA,1.969
2026-10-05T16:29Z,323,gP,1.999
2026-10-05T16:29Z,323,g98e5,2.029
2026-10-05T16:29Z,332,g95e5,1.859
2026-10-05T16:29Z,332,gA,1.985
2026-10-05T16:29Z,337,g95e5,1.815
2026-10-05T16:29Z,338,g95e5,1.869
2026-10-05T16:29Z,338,gA,2.005
2026-10-05T16:29Z,343,g95e5,1.599
2026-10-05T16:29Z,343,gA,1.699
2026-10-05T16:29Z,343,gP,1.719
2026-10-05T16:29Z,343,g95e5p,1.609
2026-10-05T16:29Z,351,gA,2.039
2026-10-05T16:29Z,358,g95e5,1.804
2026-10-05T16:29Z,358,gA,1.914
2026-10-05T16:29Z,358,gP,1.964
2026-10-05T16:29Z,358,g95e5p,1.854
2026-10-05T16:29Z,361,g95e5,1.764
2026-10-05T16:29Z,361,gA,1.904
2026-10-05T16:29Z,361,gP,1.954
2026-10-05T16:29Z,361,g95e5p,1.814
2026-10-05T16:29Z,362,g95e5,1.710
2026-10-05T16:29Z,362,gA,1.849
2026-10-05T16:29Z,362,gP,1.869
2026-10-05T16:29Z,362,g98e5,1.877
2026-10-05T16:29Z,363,g95e5,1.789
2026-10-05T16:29Z,363,gA,1.949
2026-10-05T16:29Z,363,gP,2.039
2026-10-05T16:29Z,363,g95e5p,1.839
2026-10-05T16:29Z,368,g95e5,1.769
2026-10-05T16:29Z,368,gA,1.869
2026-10-05T16:29Z,368,gP,1.919
2026-10-05T16:29Z,368,g95e5p,1.819
2026-10-05T16:29Z,370,g95e5,1.859
2026-10-05T16:29Z,380,g95e5,1.825
2026-10-05T16:29Z,380,gA,2.005
2026-10-05T16:29Z,385,gA,2.018
2026-10-05T16:29Z,385,gP,2.119
2026-10-05T16:29Z,388,gA,2.019
2026-10-05T16:29Z,389,gA,2.039
2026-10-05T16:29Z,397,g95e5,1.889
2026-10-05T16:29Z,397,gA,2.029
2026-10-05T16:29Z,405,g95e5,1.704
2026-10-05T16:29Z,405,gA,1.738
2026-10-05T16:29Z,405,gP,1.853
2026-10-05T16:29Z,407,g95e5,1.869
2026-10-05T16:29Z,407,g98e5,1.979
2026-10-05T16:29Z,411,g95e5,1.875
2026-10-05T16:29Z,411,gA,2.005
2026-10-05T16:29Z,413,g95e5,1.869
2026-10-05T16:29Z,413,g98e5,1.979
2026-10-05T16:29Z,414,g95e5,1.789
2026-10-05T16:29Z,415,g95e5,1.819
2026-10-05T16:29Z,415,gA,1.984
2026-10-05T16:29Z,415,gP,2.034
2026-10-05T16:29Z,417,g95e5,1.875
2026-10-05T16:29Z,417,gA,2.024
2026-10-05T16:29Z,417,gP,2.104
2026-10-05T16:29Z,417,g95e5p,1.918
2026-10-05T16:29Z,420,g95e5,1.849
2026-10-05T16:29Z,420,gA,1.969
2026-10-05T16:29Z,420,gP,1.999
2026-10-05T16:29Z,423,g95e5,1.849
2026-10-05T16:29Z,423,gA,1.995
2026-10-05T16:29Z,425,gA,2.004
2026-10-05T16:29Z,425,gP,2.079
2026-10-05T16:29Z,426,g95e5,1.799
2026-10-05T16:29Z,426,gA,1.949
2026-10-05T16:29Z,426,g98e5,1.919
2026-10-05T16:29Z,436,g95e5,1.804
2026-10-05T16:29Z,436,gA,1.929
2026-10-05T16:29Z,436,gP,1.979
2026-10-05T16:29Z,436,g95e5p,1.854
2026-10-05T16:29Z,444,g95e5,1.679
2026-10-05T16:29Z,454,g95e5,1.757
2026-10-05T16:29Z,464,gA,1.898
2026-10-05T16:29Z,481,g95e5,1.879
2026-10-05T16:29Z,481,gA,2.005
2026-10-05T16:29Z,499,g95e5,1.848
2026-10-05T16:29Z,499,g95e5p,1.908
2026-10-05T16:29Z,506,gA,1.964
2026-10-05T16:29Z,506,gP,2.039
2026-10-05T16:29Z,508,g95e5,1.849
2026-10-05T16:29Z,508,gA,1.949
2026-10-05T16:29Z,508,gP,1.999
2026-10-05T16:29Z,520,g95e5,1.834
2026-10-05T16:29Z,520,gA,2.004
2026-10-05T16:29Z,520,gP,2.054
2026-10-05T16:29Z,520,g95e5p,1.884
2026-10-05T16:29Z,524,g95e5,1.815
2026-10-05T16:29Z,524,gA,1.939
2026-10-05T16:29Z,526,gA,1.969
2026-10-05T16:29Z,526,gP,2.009
2026-10-05T16:29Z,536,g95e5,1.869
2026-10-05T16:29Z,536,gA,1.969
2026-10-05T16:29Z,539,g95e5,1.838
2026-10-05T16:29Z,539,gA,1.994
2026-10-05T16:29Z,539,gP,2.079
2026-10-05T16:29Z,539,g95e5p,1.918
2026-10-05T16:29Z,543,g95e5,1.869
2026-10-05T16:29Z,543,gA,2.019
2026-10-05T16:29Z,543,gP,2.069
2026-10-05T16:29Z,543,g95e5p,1.919
2026-10-05T16:29Z,543,gB,1.764
2026-10-05T16:29Z,549,g95e5,1.845
2026-10-05T16:29Z,549,gA,1.945
2026-10-05T16:29Z,550,g95e5,1.839
2026-10-05T16:29Z,550,gA,1.939
2026-10-05T16:29Z,550,gP,2.019
2026-10-05T16:29Z,554,g95e5,1.869
2026-10-05T16:29Z,554,gA,2.019
2026-10-05T16:29Z,558,g95e5,1.848
2026-10-05T16:29Z,558,gA,1.964
2026-10-05T16:29Z,558,gP,2.039
2026-10-05T16:29Z,559,g95e5,1.829
2026-10-05T16:29Z,559,gA,1.935
2026-10-05T16:29Z,559,gP,2.035
2026-10-05T16:29Z,559,g98e5,1.989
2026-10-05T16:29Z,564,gA,2.004
2026-10-05T16:29Z,564,gP,2.079
2026-10-05T16:29Z,564,gB,2.043
2026-10-05T16:29Z,565,gA,1.974
2026-10-05T16:29Z,565,gP,2.039
2026-10-05T16:29Z,577,g95e5,1.869
2026-10-05T16:29Z,577,gA,1.999
2026-10-05T16:29Z,578,g98e5,2.019
2026-10-05T16:29Z,579,g95e5,1.669
2026-10-05T16:29Z,579,gA,1.729
2026-10-05T16:29Z,579,gP,1.749
2026-10-05T16:29Z,587,g95e5,1.859
2026-10-05T16:29Z,596,g95e5,1.849
2026-10-05T16:29Z,596,gA,1.979
2026-10-05T16:29Z,598,gA,1.909
2026-10-05T16:29Z,601,g95e5,1.865
2026-10-05T16:29Z,604,gA,1.945
2026-10-05T16:29Z,629,g95e5,1.829
2026-10-05T16:29Z,629,gA,2.015
2026-10-05T16:29Z,634,g95e5,1.819
2026-10-05T16:29Z,634,gA,1.965
2026-10-05T16:29Z,635,g95e5,1.835
2026-10-05T16:29Z,635,gA,1.939
2026-10-05T16:29Z,635,gP,2.019
2026-10-05T16:29Z,635,g98e5,1.965
2026-10-05T16:29Z,637,gA,1.985
2026-10-05T16:29Z,643,g95e5,1.849
2026-10-05T16:29Z,643,gA,2.005
2026-10-05T16:29Z,651,g95e5,1.845
2026-10-05T16:29Z,651,gA,1.949
2026-10-05T16:29Z,652,g95e5,1.844
2026-10-05T16:29Z,652,gA,1.984
2026-10-05T16:29Z,652,gP,2.074
2026-10-05T16:29Z,652,g95e5p,1.894
2026-10-05T16:29Z,658,g95e5,1.828
2026-10-05T16:29Z,658,gA,1.947
2026-10-05T16:29Z,658,gP,2.012
2026-10-05T16:29Z,658,g98e5,1.927
2026-10-05T16:29Z,661,g95e5,1.834
2026-10-05T16:29Z,661,gA,1.964
2026-10-05T16:29Z,661,gP,2.014
2026-10-05T16:29Z,661,g95e5p,1.884
2026-10-05T16:29Z,668,g95e5,1.859
2026-10-05T16:29Z,668,gA,1.955
2026-10-05T16:29Z,668,gP,2.035
2026-10-05T16:29Z,668,g98e5,1.969
2026-10-05T16:29Z,669,g95e5,1.859
2026-10-05T16:29Z,669,gA,1.955
2026-10-05T16:29Z,669,gP,2.035
2026-10-05T16:29Z,669,g98e5,1.969
2026-10-05T16:29Z,670,g95e5,1.839
2026-10-05T16:29Z,670,gA,1.909
2026-10-05T16:29Z,670,gP,1.989
2026-10-05T16:29Z,670,g98e5,1.979
2026-10-05T16:29Z,675,g95e5,1.714
2026-10-05T16:29Z,675,gA,1.834
2026-10-05T16:29Z,675,gP,1.884
2026-10-05T16:29Z,675,g95e5p,1.764
2026-10-05T16:29Z,684,g95e5,1.804
2026-10-05T16:29Z,684,gA,1.944
2026-10-05T16:29Z,684,gP,1.994
2026-10-05T16:29Z,684,g95e5p,1.854
2026-10-05T16:29Z,694,gA,1.949
2026-10-05T16:29Z,694,gP,1.989
2026-10-05T16:29Z,699,g95e5,1.839
2026-10-05T16:29Z,705,g95e5,1.779
2026-10-05T16:29Z,705,gA,1.929
2026-10-05T16:29Z,705,gP,1.975
2026-10-05T16:29Z,713,g95e5,1.815
2026-10-05T16:29Z,713,gA,1.995
2026-10-05T16:29Z,721,g95e5,1.829
2026-10-05T16:29Z,730,g95e5,1.809
2026-10-05T16:29Z,730,gA,1.949
2026-10-05T16:29Z,730,g98e5,1.969
2026-10-05T16:29Z,741,g98e5,1.979
2026-10-05T16:29Z,742,g98e5,1.979
2026-10-05T16:29Z,747,gA,1.959
2026-10-05T16:29Z,748,g95e5,1.589
2026-10-05T16:29Z,748,gA,1.689
2026-10-05T16:29Z,752,g95e5,1.809
2026-10-05T16:29Z,752,gA,1.979
2026-10-05T16:29Z,760,g95e5,1.929
2026-10-05T16:29Z,761,g95e5,1.865
2026-10-05T16:29Z,761,gA,1.959
2026-10-05T16:29Z,769,g95e5,1.779
2026-10-05T16:29Z,769,gA,1.949
2026-10-05T16:29Z,795,g95e5,1.818
2026-10-05T16:29Z,795,gA,1.974
2026-10-05T16:29Z,795,gP,2.049
2026-10-05T16:29Z,795,g95e5p,1.868
2026-10-05T16:29Z,804,gA,1.965
2026-10-05T16:29Z,806,g95e5,1.809
2026-10-05T16:29Z,806,gA,1.999
2026-10-05T16:29Z,806,g98e5,1.929
2026-10-05T16:29Z,806,gB,1.789
2026-10-05T16:29Z,809,g95e5,1.859
2026-10-05T16:29Z,812,gA,1.959
2026-10-05T16:29Z,815,g95e5,1.795
2026-10-05T16:29Z,815,gA,1.979
2026-10-05T16:29Z,815,gP,2.039
2026-10-05T16:29Z,815,g98e5,1.935
2026-10-05T16:29Z,829,g95e5,1.805
2026-10-05T16:29Z,829,gA,1.949
2026-10-05T16:29Z,829,gP,1.999
2026-10-05T16:29Z,829,g98e5,1.915
2026-10-05T16:29Z,830,g95e5,1.795
2026-10-05T16:29Z,830,gA,1.945
2026-10-05T16:29Z,830,g98e5,1.895
2026-10-05T16:29Z,834,gP,2.039
2026-10-05T16:29Z,837,gA,2.005
2026-10-05T16:29Z,839,g95e5,1.699
2026-10-05T16:29Z,839,gP,1.879
2026-10-05T16:29Z,839,g98e5,1.829
2026-10-05T16:29Z,842,gA,2.015
2026-10-05T16:29Z,847,gA,1.959
2026-10-05T16:29Z,848,g95e5,1.825
2026-10-05T16:29Z,851,g95e5,1.815
2026-10-05T16:29Z,851,gA,1.975
2026-10-05T16:29Z,852,g95e5,1.815
2026-10-05T16:29Z,852,gA,1.975
2026-10-05T16:29Z,856,g95e5,1.755
2026-10-05T16:29Z,856,gA,1.855
2026-10-05T16:29Z,856,gP,1.905
2026-10-05T16:29Z,858,g95e5,1.879
2026-10-05T16:29Z,858,gA,2.029
2026-10-05T16:29Z,858,gB,1.829
2026-10-05T16:29Z,861,gA,1.859
2026-10-05T16:29Z,861,gP,1.959
2026-10-05T16:29Z,863,g95e5,1.879
2026-10-05T16:29Z,863,gA,2.029
2026-10-05T16:29Z,863,gB,1.829
2026-10-05T16:29Z,866,g95e5,1.739
2026-10-05T16:29Z,866,g98e5,1.998
2026-10-05T16:29Z,869,g95e5,1.789
2026-10-05T16:29Z,869,gA,1.979
2026-10-05T16:29Z,869,g98e5,1.909
2026-10-05T16:29Z,876,g95e5,1.769
2026-10-05T16:29Z,876,g98e5,1.909
2026-10-05T16:29Z,882,gA,1.969
2026-10-05T16:29Z,882,gP,2.039
2026-10-05T16:29Z,888,gA,1.914
2026-10-05T16:29Z,888,gP,1.964
2026-10-05T16:29Z,888,g98e5,1.924
2026-10-05T16:29Z,888,g95e5p,1.794
2026-10-05T16:29Z,888,gB,1.704
2026-10-05T16:29Z,893,g95e5,1.879
2026-10-05T16:29Z,894,g95e5,1.839
2026-10-05T16:29Z,894,gA,1.985
2026-10-05T16:29Z,897,g95e5,1.898
2026-10-05T16:29Z,897,gA,1.958
2026-10-05T16:29Z,897,gP,2.028
2026-10-05T16:29Z,897,gB,1.820
2026-10-05T16:29Z,900,gA,2.025
2026-10-05T16:29Z,904,g95e5,1.865
2026-10-05T16:29Z,904,gA,1.985
2026-10-05T16:29Z,906,g95e5,1.879
2026-10-05T16:29Z,906,gA,2.029
2026-10-05T16:29Z,906,gB,1.829
2026-10-05T16:29Z,909,g95e5,1.875
2026-10-05T16:29Z,914,g95e5,1.829
2026-10-05T16:29Z,920,g95e5,1.889
2026-10-05T16:29Z,920,gA,2.025
2026-10-05T16:29Z,930,gA,1.989
2026-10-05T16:29Z,930,gP,2.069
2026-10-05T16:29Z,931,gA,1.929
2026-10-05T16:29Z,944,g95e5,1.859
2026-10-05T16:29Z,944,gP,2.039
2026-10-05T16:29Z,944,g98e5,2.009
2026-10-05T16:29Z,946,g95e5,1.794
2026-10-05T16:29Z,946,gA,2.004
2026-10-05T16:29Z,946,gB,1.654
2026-10-05T16:29Z,947,gA,1.969
2026-10-05T16:29Z,947,gP,2.019
2026-10-05T16:29Z,948,g95e5,1.794
2026-10-05T16:29Z,948,gA,1.984
2026-10-05T16:29Z,948,gP,2.034
2026-10-05T16:29Z,948,g95e5p,1.844
2026-10-05T16:29Z,948,gB,1.764
2026-10-05T16:29Z,950,g95e5,1.824
2026-10-05T16:29Z,950,gA,1.989
2026-10-05T16:29Z,950,gP,2.039
2026-10-05T16:29Z,950,g95e5p,1.874
2026-10-05T16:29Z,950,gB,1.769
2026-10-05T16:29Z,954,g95e5,1.854
2026-10-05T16:29Z,954,gA,2.014
2026-10-05T16:29Z,954,gP,2.064
2026-10-05T16:29Z,954,g98e5,2.009
2026-10-05T16:29Z,960,g95e5,1.838
2026-10-05T16:29Z,960,gA,2.004
2026-10-05T16:29Z,960,gP,2.094
2026-10-05T16:29Z,960,g98e5,1.938
2026-10-05T16:29Z,960,gB,1.898
2026-10-05T16:29Z,965,g95e5,1.889
2026-10-05T16:29Z,965,gA,2.049
2026-10-05T16:29Z,968,g95e5,1.869
2026-10-05T16:29Z,968,g98e5,1.979
2026-10-05T16:29Z,974,g95e5,1.834
2026-10-05T16:29Z,974,gA,1.979
2026-10-05T16:29Z,974,gP,2.029
2026-10-05T16:29Z,974,g98e5,1.989
2026-10-05T16:29Z,977,gA,1.989
2026-10-05T16:29Z,980,g95e5,1.869
2026-10-05T16:29Z,980,gA,1.999
2026-10-05T16:29Z,981,g95e5,1.869
2026-10-05T16:29Z,981,gA,1.999
2026-10-05T16:29Z,984,g95e5,1.879
2026-10-05T16:29Z,984,gA,2.035
2026-10-05T16:29Z,992,g95e5,1.885
2026-10-05T16:29Z,992,g95e5p,1.928
2026-10-05T16:29Z,993,g95e5,1.885
2026-10-05T16:29Z,993,g95e5p,1.928
2026-10-05T16:29Z,997,gA,2.004
2026-10-05T16:29Z,997,gP,2.089
2026-10-05T16:29Z,998,g95e5,1.769
2026-10-05T16:29Z,998,g98e5,1.789
2026-10-05T16:29Z,1000,gA,2.004
2026-10-05T16:29Z,1000,gP,2.089
2026-10-05T16:29Z,1001,gA,1.999
2026-10-05T16:29Z,1002,g95e5,1.729
2026-10-05T16:29Z,1002,gA,1.889
2026-10-05T16:29Z,1002,gP,1.969
2026-10-05T16:29Z,1002,g98e5,1.869
2026-10-05T16:29Z,1005,g95e5,1.818
2026-10-05T16:29Z,1008,gA,1.798
2026-10-05T16:29Z,1008,g98e5,1.869
2026-10-05T16:29Z,1010,g95e5,1.869
2026-10-05T16:29Z,1011,g95e5,1.750
2026-10-05T16:29Z,1012,gA,1.979
2026-10-05T16:29Z,1012,gP,2.089
2026-10-05T16:29Z,1012,g98e5,1.989
2026-10-05T16:29Z,1013,g95e5,1.808
2026-10-05T16:29Z,1013,gA,1.980
2026-10-05T16:29Z,1013,gP,2.089
2026-10-05T16:29Z,1013,g98e5,1.989
2026-10-05T16:29Z,1014,gA,1.999
2026-10-05T16:29Z,1015,g95e5,1.719
2026-10-05T16:29Z,1017,g95e5,1.659
2026-10-05T16:29Z,1017,gA,1.769
2026-10-05T16:29Z,1020,g95e5,1.659
2026-10-05T16:29Z,1020,gA,1.769
2026-10-05T16:29Z,1029,g95e5,1.674
2026-10-05T16:29Z,1029,gA,1.784
2026-10-05T16:29Z,1035,g95e5,1.899
2026-10-05T16:29Z,1035,gA,1.995
2026-10-05T16:29Z,1038,g95e5,1.875
2026-10-05T16:29Z,1038,gA,2.019
2026-10-05T16:29Z,1042,g95e5,1.899
2026-10-05T16:29Z,1058,g95e5,1.899
2026-10-05T16:29Z,1059,g95e5,1.689
2026-10-05T16:29Z,1062,gB,1.848
2026-10-05T16:29Z,1064,gA,1.999
2026-10-05T16:29Z,1064,gP,2.099
2026-10-05T16:29Z,1064,gB,1.848
2026-10-05T16:29Z,1067,g95e5,1.899
2026-10-05T16:29Z,1067,gA,2.045
2026-10-05T16:29Z,1068,g95e5,1.669
2026-10-05T16:29Z,1068,gA,1.769
2026-10-05T16:29Z,1068,gP,1.789
2026-10-05T16:29Z,1068,g95e5p,1.689
2026-10-05T16:29Z,1069,g95e5,1.895
2026-10-05T16:29Z,1069,gA,2.045
2026-10-05T16:29Z,1072,gA,1.999
2026-10-05T16:29Z,1072,gP,2.089
2026-10-05T16:29Z,1072,g98e5,1.989
2026-10-05T16:29Z,1074,gA,2.009
2026-10-05T16:29Z,1083,g95e5,1.869
2026-10-05T16:29Z,1083,gA,1.999
2026-10-05T16:29Z,1083,g98e5,1.999
2026-10-05T16:29Z,1085,gA,2.005
2026-10-05T16:29Z,1089,gA,2.015
2026-10-05T16:29Z,1095,g95e5,1.865
2026-10-05T16:29Z,1095,g98e5,1.975
2026-10-05T16:29Z,1101,g95e5,1.819
2026-10-05T16:29Z,1101,gA,1.899
2026-10-05T16:29Z,1105,g95e5,1.829
2026-10-05T16:29Z,1105,gP,1.939
2026-10-05T16:29Z,1106,g95e5,1.739
2026-10-05T16:29Z,1106,gA,1.789
2026-10-05T16:29Z,1106,gP,1.849
2026-10-05T16:29Z,1109,g95e5,1.709
2026-10-05T16:29Z,1113,g95e5,1.899
2026-10-05T16:29Z,1113,gA,1.897
2026-10-05T16:29Z,1113,gP,1.897
2026-10-05T16:29Z,1130,g95e5,1.865
2026-10-05T16:29Z,1130,gA,1.995
2026-10-05T16:29Z,1131,gA,1.985
2026-10-05T16:29Z,1132,gA,1.985
2026-10-05T16:29Z,1143,gA,1.955
2026-10-05T16:29Z,1153,g95e5,1.895
2026-10-05T16:29Z,1153,gA,1.935
2026-10-05T16:29Z,1153,gP,1.999
2026-10-05T16:29Z,1153,gB,1.650
2026-10-05T16:29Z,1157,g95e5,1.988
2026-10-05T16:29Z,1157,gA,1.990
2026-10-05T16:29Z,1157,gP,2.040
2026-10-05T16:29Z,1157,gB,1.750
2026-10-05T16:29Z,1158,gA,1.799
2026-10-05T16:29Z,1163,g95e5,1.835
2026-10-05T16:29Z,1163,gA,1.965
2026-10-05T16:29Z,1179,gA,1.974
2026-10-05T16:29Z,1179,gP,2.059
2026-10-05T16:29Z,1180,gA,1.965
2026-10-05T16:29Z,1202,g95e5,1.739
2026-10-05T16:29Z,1202,gA,1.789
2026-10-05T16:29Z,1202,gP,1.849
2026-10-05T16:29Z,1203,g95e5,1.858
2026-10-05T16:29Z,1203,g95e5p,1.918
2026-10-05T16:29Z,1204,g95e5,1.848
2026-10-05T16:29Z,1204,g95e5p,1.908
2026-10-05T16:29Z,1213,g95e5,1.879
2026-10-05T16:29Z,1213,gA,2.039
2026-10-05T16:29Z,1213,gP,2.129
2026-10-05T16:29Z,1214,g95e5,2.059
2026-10-05T16:29Z,1214,gA,2.089
2026-10-05T16:29Z,1214,gP,2.179
2026-10-05T16:29Z,1215,g95e5,1.839
2026-10-05T16:29Z,1219,gA,1.979
2026-10-05T16:29Z,1219,gB,1.829
2026-10-05T16:29Z,1223,g95e5,1.939
2026-10-05T16:29Z,1225,gA,1.789
2026-10-05T16:29Z,1234,g95e5,1.869
2026-10-05T16:29Z,1238,g95e5,1.949
2026-10-05T16:29Z,1238,gA,1.979
2026-10-05T16:29Z,1239,g95e5,1.739
2026-10-05T16:29Z,1239,gA,1.789
2026-10-05T16:29Z,1240,g95e5,1.799
2026-10-05T16:29Z,1245,g95e5,1.649
2026-10-05T16:29Z,1250,gA,1.959
2026-10-05T16:29Z,1250,gP,2.039
2026-10-05T16:29Z,1253,g95e5,1.985
2026-10-05T16:29Z,1253,gA,1.955
2026-10-05T16:29Z,1260,g95e5,1.605
2026-10-05T16:29Z,1263,g95e5,1.788
2026-10-05T16:29Z,1263,gA,1.964
2026-10-05T16:29Z,1267,gA,1.849
2026-10-05T16:29Z,1267,gP,1.929
2026-10-05T16:29Z,1268,g95e5,1.799
2026-10-05T16:29Z,1268,g98e5,1.939
2026-10-05T16:29Z,1277,g95e5,1.779
2026-10-05T16:29Z,1277,gA,1.929
2026-10-05T16:29Z,1277,g98e5,1.899
2026-10-05T16:29Z,1277,gB,1.759
2026-10-05T16:29Z,1282,g95e5,1.899
2026-10-05T16:29Z,1282,g98e5,2.019
2026-10-05T16:29Z,1311,gA,1.949
2026-10-05T16:29Z,1347,gA,1.959
2026-10-05T16:29Z,1356,g95e5,1.779
2026-10-05T16:29Z,1358,g98e5,1.879
2026-10-05T16:29Z,1370,g95e5,1.869
2026-10-05T16:29Z,1370,gA,1.959
2026-10-05T16:29Z,1370,g98e5,2.019
2026-10-05T16:29Z,1375,g95e5,1.889
2026-10-05T16:29Z,1375,gA,1.959
2026-10-05T16:29Z,1375,g98e5,1.999
2026-10-05T16:29Z,1378,g95e5,1.875
2026-10-05T16:29Z,1381,gA,1.965
2026-10-05T16:29Z,1382,g95e5,1.789
2026-10-05T16:29Z,1382,gA,1.919
2026-10-05T16:29Z,1382,gP,1.969
2026-10-05T16:29Z,1385,gA,1.985
2026-10-05T16:29Z,1389,g95e5,1.869
2026-10-05T16:29Z,1391,g95e5,1.809
2026-10-05T16:29Z,1391,gA,1.939
2026-10-05T16:29Z,1396,g95e5,1.969
2026-10-05T16:29Z,1396,gA,1.959
2026-10-05T16:29Z,1396,gP,2.019
2026-10-05T16:29Z,1409,g95e5,1.845
2026-10-05T16:29Z,1409,gA,1.975
2026-10-05T16:29Z,1410,gA,1.975
2026-10-05T16:29Z,1412,g95e5,1.959
2026-10-05T16:29Z,1412,gA,1.899
2026-10-05T16:29Z,1412,gP,1.969
2026-10-05T16:29Z,1412,gB,1.679
2026-10-05T16:29Z,1413,gA,1.929
2026-10-05T16:29Z,1414,g95e5,1.829
2026-10-05T16:29Z,1416,gA,1.939
2026-10-05T16:29Z,1417,g95e5,1.735
2026-10-05T16:29Z,1417,gA,1.796
2026-10-05T16:29Z,1420,g95e5,1.798
2026-10-05T16:29Z,1420,gA,1.958
2026-10-05T16:29Z,1420,gP,2.069
2026-10-05T16:29Z,1420,g98e5,1.908
2026-10-05T16:29Z,1420,gB,1.798
2026-10-05T16:29Z,1429,g95e5,1.859
2026-10-05T16:29Z,1429,gA,1.945
2026-10-05T16:29Z,1430,g95e5,1.859
2026-10-05T16:29Z,1430,gA,1.945
2026-10-05T16:29Z,1432,g95e5,1.848
2026-10-05T16:29Z,1432,gA,1.938
2026-10-05T16:29Z,1432,gP,2.038
2026-10-05T16:29Z,1432,g98e5,1.958
2026-10-05T16:29Z,1444,g95e5,1.879
2026-10-05T16:29Z,1444,gA,1.989
2026-10-05T16:29Z,1445,g95e5,1.879
2026-10-05T16:29Z,1445,gA,1.989
2026-10-05T16:29Z,1445,g98e5,2.009
2026-10-05T16:29Z,1448,g95e5,1.799
2026-10-05T16:29Z,1456,g95e5,1.929
2026-10-05T16:29Z,1456,gA,1.969
2026-10-05T16:29Z,1456,gP,1.999
2026-10-05T16:29Z,1462,g95e5,1.829
2026-10-05T16:29Z,1462,gA,1.949
2026-10-05T16:29Z,1462,gP,2.059
2026-10-05T16:29Z,1466,g95e5,1.849
2026-10-05T16:29Z,1466,gA,1.949
2026-10-05T16:29Z,1466,gP,2.061
2026-10-05T16:29Z,1468,g95e5,1.848
2026-10-05T16:29Z,1468,gA,1.958
2026-10-05T16:29Z,1472,g95e5,1.969
2026-10-05T16:29Z,1472,gA,2.009
2026-10-05T16:29Z,1472,g98e5,2.069
2026-10-05T16:29Z,1472,g95e5p,2.029
2026-10-05T16:29Z,1472,gB,1.869
2026-10-05T16:29Z,1473,g95e5,1.669
2026-10-05T16:29Z,1473,gA,1.749
2026-10-05T16:29Z,1480,g95e5,1.848
2026-10-05T16:29Z,1480,gA,1.948
2026-10-05T16:29Z,1480,gP,2.048
2026-10-05T16:29Z,1480,g98e5,1.958
2026-10-05T16:29Z,1489,g95e5,1.828
2026-10-05T16:29Z,1489,g95e5p,1.888
2026-10-05T16:29Z,1490,g95e5,1.828
2026-10-05T16:29Z,1490,g95e5p,1.888
2026-10-05T16:29Z,1494,g95e5,1.689
2026-10-05T16:29Z,1494,gA,1.799
2026-10-05T16:29Z,1494,gP,1.819
2026-10-05T16:29Z,1494,g95e5p,1.699
2026-10-05T16:29Z,1498,gA,1.949
2026-10-05T16:29Z,1498,gP,2.049
2026-10-05T16:29Z,1502,gA,1.969
2026-10-05T16:29Z,1502,gP,2.069
2026-10-05T16:29Z,1505,gA,1.969
2026-10-05T16:29Z,1505,gP,2.069
2026-10-05T16:29Z,1505,g98e5,1.999
2026-10-05T16:29Z,1508,g95e5,1.879
2026-10-05T16:29Z,1508,gA,1.939
2026-10-05T16:29Z,1508,gP,1.979
2026-10-05T16:29Z,1508,g98e5,1.999
2026-10-05T16:29Z,1513,g95e5,1.879
2026-10-05T16:29Z,1513,gA,1.949
2026-10-05T16:29Z,1515,g95e5,1.986
2026-10-05T16:29Z,1515,gA,1.949
2026-10-05T16:29Z,1529,g95e5,1.809
2026-10-05T16:29Z,1529,gA,1.959
2026-10-05T16:29Z,1529,gB,1.759
2026-10-05T16:29Z,1536,g95e5,1.899
2026-10-05T16:29Z,1536,g98e5,1.999
2026-10-05T16:29Z,1548,g95e5,1.690
2026-10-05T16:29Z,1551,gA,1.969
2026-10-05T16:29Z,1554,g95e5,1.669
2026-10-05T16:29Z,1554,gA,1.769
2026-10-05T16:29Z,1556,glp,0.899
2026-10-05T16:29Z,1559,g95e5,1.729
2026-10-05T16:29Z,1559,gA,1.789
2026-10-05T16:29Z,1559,g98e5,1.889
2026-10-05T16:29Z,1562,g95e5,1.605
2026-10-05T16:29Z,1565,g95e5,1.601
2026-10-05T16:29Z,1566,g95e5,1.602
2026-10-05T16:29Z,1567,g95e5,1.886
2026-10-05T16:29Z,1567,gA,1.976
2026-10-05T16:29Z,1567,gP,2.088
2026-10-05T16:29Z,1568,g95e5,1.600
2026-10-05T16:29Z,1576,g95e5,1.839
2026-10-05T16:29Z,1576,gA,1.759
2026-10-05T16:29Z,1576,gP,1.789
2026-10-05T16:29Z,1576,g98e5,1.939
2026-10-05T16:29Z,1579,g95e5,1.818
2026-10-05T16:29Z,1579,g95e5p,1.868
2026-10-05T16:29Z,1584,g95e5,1.839
2026-10-05T16:29Z,1584,gA,1.979
2026-10-05T16:29Z,1584,gP,2.059
2026-10-05T16:29Z,1588,g95e5,1.602
2026-10-05T16:29Z,1588,g98e5,1.761
2026-10-05T16:29Z,1593,g95e5,1.601
2026-10-05T16:29Z,1597,g95e5,1.719
2026-10-05T16:29Z,1597,gA,1.749
2026-10-05T16:29Z,1597,gP,1.779
2026-10-05T16:29Z,1605,g95e5,1.601
2026-10-05T16:29Z,1607,g95e5,1.729
2026-10-05T16:29Z,1607,gA,1.789
2026-10-05T16:29Z,1607,g98e5,1.889
2026-10-05T16:29Z,1609,g95e5,1.749
2026-10-05T16:29Z,1609,gA,1.759
2026-10-05T16:29Z,1609,g98e5,1.909
2026-10-05T16:29Z,1611,g95e5,1.719
2026-10-05T16:29Z,1613,g95e5,1.596
2026-10-05T16:29Z,1614,g95e5,1.749
2026-10-05T16:29Z,1614,gA,1.759
2026-10-05T16:29Z,1615,g95e5,1.769
2026-10-05T16:29Z,1615,gA,1.799
2026-10-05T16:29Z,1616,g95e5,1.839
2026-10-05T16:29Z,1616,gA,1.979
2026-10-05T16:29Z,1616,gP,2.059
2026-10-05T16:29Z,1620,g95e5,1.789
2026-10-05T16:29Z,1620,gA,1.869
2026-10-05T16:29Z,1623,g95e5,1.779
2026-10-05T16:29Z,1623,g98e5,1.935
2026-10-05T16:29Z,1628,g95e5,1.779
2026-10-05T16:29Z,1628,g98e5,1.939
2026-10-05T16:29Z,1633,g95e5,1.708
2026-10-05T16:29Z,1633,g98e5,1.885
2026-10-05T16:29Z,1634,gA,1.879
2026-10-05T16:29Z,1634,gP,1.929
2026-10-05T16:29Z,1635,gA,1.789
2026-10-05T16:29Z,1636,gA,1.929
2026-10-05T16:29Z,1636,gP,2.019
2026-10-05T16:29Z,1637,g95e5,1.799
2026-10-05T16:29Z,1637,gA,1.959
2026-10-05T16:29Z,1638,g95e5,1.764
2026-10-05T16:29Z,1638,g98e5,1.924
2026-10-05T16:29Z,1640,gA,1.979
2026-10-05T16:29Z,1640,gP,2.029
2026-10-05T16:29Z,1654,gA,1.779
2026-10-05T16:29Z,1654,gP,1.849
2026-10-05T16:29Z,1654,g98e5,1.799
2026-10-05T16:29Z,1656,g95e5,1.708
2026-10-05T16:29Z,1656,gA,1.738
2026-10-05T16:29Z,1657,g95e5,1.749
2026-10-05T16:29Z,1657,gA,1.799
2026-10-05T16:29Z,1657,g98e5,1.899
2026-10-05T16:29Z,1658,g95e5,1.739
2026-10-05T16:29Z,1658,gA,1.899
2026-10-05T16:29Z,1659,g95e5,1.859
2026-10-05T16:29Z,1659,gA,1.899
2026-10-05T16:29Z,1661,g95e5,1.659
2026-10-05T16:29Z,1663,g95e5,1.719
2026-10-05T16:29Z,1663,g98e5,1.819
2026-10-05T16:29Z,1673,gA,1.757
2026-10-05T16:29Z,1679,g95e5,1.649
2026-10-05T16:29Z,1681,g95e5,1.649
2026-10-05T16:29Z,1684,g95e5,1.709
2026-10-05T16:29Z,1684,gA,1.809
2026-10-05T16:29Z,1686,g95e5,1.649
2026-10-05T16:29Z,1693,gA,2.005
2026-10-05T16:29Z,1693,g98e5,2.119
2026-10-05T16:29Z,1695,gA,1.989
2026-10-05T16:29Z,1695,gP,2.029
2026-10-05T16:29Z,1699,gA,2.014
2026-10-05T16:29Z,1699,gP,2.079
2026-10-05T16:29Z,1700,g95e5,1.838
2026-10-05T16:29Z,1704,gA,1.969
2026-10-05T16:29Z,1707,gA,1.779
2026-10-05T16:29Z,1709,g95e5,1.729
2026-10-05T16:29Z,1709,gA,1.809
2026-10-05T16:29Z,1712,g95e5,1.729
2026-10-05T16:29Z,1712,gA,1.809
2026-10-05T16:29Z,1715,g95e5,1.646
2026-10-05T16:29Z,1715,gA,1.726
2026-10-05T16:29Z,1724,g95e5,1.799
2026-10-05T16:29Z,1724,gA,1.899
2026-10-05T16:29Z,1724,gP,1.949
2026-10-05T16:29Z,1734,gA,1.839
2026-10-05T16:29Z,1734,gP,1.909
2026-10-05T16:29Z,1734,g98e5,1.829
2026-10-05T16:29Z,1736,g95e5,1.779
2026-10-05T16:29Z,1736,gA,1.909
2026-10-05T16:29Z,1736,gP,1.929
2026-10-05T16:29Z,1736,g95e5p,1.799
2026-10-05T16:29Z,1742,gA,1.939
2026-10-05T16:29Z,1742,gP,2.009
2026-10-05T16:29Z,1742,g98e5,1.899
2026-10-05T16:29Z,1746,g95e5,1.658
2026-10-05T16:29Z,1750,g95e5,1.749
2026-10-05T16:29Z,1750,g98e5,1.859
2026-10-05T16:29Z,1756,gA,1.819
2026-10-05T16:29Z,1756,gP,1.889
2026-10-05T16:29Z,1765,g95e5,1.699
2026-10-05T16:29Z,1774,g95e5,1.829
2026-10-05T16:29Z,1774,gA,1.929
2026-10-05T16:29Z,1774,gP,1.979
2026-10-05T16:29Z,1774,g98e5,1.999
2026-10-05T16:29Z,1778,g95e5,1.679
2026-10-05T16:29Z,1778,gA,1.904
2026-10-05T16:29Z,1778,gP,1.954
2026-10-05T16:29Z,1778,g98e5,1.819
2026-10-05T16:29Z,1779,gA,2.029
2026-10-05T16:29Z,1779,gP,2.129
2026-10-05T16:29Z,1780,gA,1.984
2026-10-05T16:29Z,1780,gP,2.079
2026-10-05T16:29Z,1782,gA,1.959
2026-10-05T16:29Z,1782,gP,2.009
2026-10-05T16:29Z,1786,g95e5,1.748
2026-10-05T16:29Z,1786,gA,1.767
2026-10-05T16:29Z,1786,gP,1.797
2026-10-05T16:29Z,1786,g98e5,1.845
2026-10-05T16:29Z,1788,gP,2.099
2026-10-05T16:29Z,1791,g95e5,1.689
2026-10-05T16:29Z,1791,gA,1.759
2026-10-05T16:29Z,1791,gP,1.779
2026-10-05T16:29Z,1791,g95e5p,1.699
2026-10-05T16:29Z,1794,g95e5,1.779
2026-10-05T16:29Z,1794,gA,1.959
2026-10-05T16:29Z,1794,gP,2.009
2026-10-05T16:29Z,1794,g98e5,1.909
2026-10-05T16:29Z,1795,g95e5,1.879
2026-10-05T16:29Z,1795,g98e5,2.009
2026-10-05T16:29Z,1797,g95e5,1.799
2026-10-05T16:29Z,1807,g95e5,1.899
2026-10-05T16:29Z,1807,gA,1.985
2026-10-05T16:29Z,1808,g95e5,1.835
2026-10-05T16:29Z,1808,gA,1.989
2026-10-05T16:29Z,1810,g95e5,1.889
2026-10-05T16:29Z,1810,gA,1.949
2026-10-05T16:29Z,1810,gP,1.989
2026-10-05T16:29Z,1810,g98e5,2.049
2026-10-05T16:29Z,1810,gB,1.709
2026-10-05T16:29Z,1811,g95e5,1.889
2026-10-05T16:29Z,1811,gA,1.949
2026-10-05T16:29Z,1811,gP,1.989
2026-10-05T16:29Z,1811,g98e5,2.049
2026-10-05T16:29Z,1817,g95e5,1.839
2026-10-05T16:29Z,1817,gA,2.019
2026-10-05T16:29Z,1817,g98e5,1.949
2026-10-05T16:29Z,1818,g95e5,1.875
2026-10-05T16:29Z,1818,gA,1.985
2026-10-05T16:29Z,1822,gA,1.944
2026-10-05T16:29Z,1822,gP,2.034
2026-10-05T16:29Z,1823,gA,1.934
2026-10-05T16:29Z,1823,gP,1.984
2026-10-05T16:29Z,1824,gA,1.935
2026-10-05T16:29Z,1827,g95e5,1.865
2026-10-05T16:29Z,1827,gA,2.029
2026-10-05T16:29Z,1828,g95e5,1.905
2026-10-05T16:29Z,1835,g95e5,1.855
2026-10-05T16:29Z,1836,gA,1.779
2026-10-05T16:29Z,1840,g95e5,1.759
2026-10-05T16:29Z,1840,gA,1.944
2026-10-05T16:29Z,1840,gP,1.994
2026-10-05T16:29Z,1840,g98e5,1.879
2026-10-05T16:29Z,1841,g95e5,1.865
2026-10-05T16:29Z,1841,gA,1.929
2026-10-05T16:29Z,1841,gP,2.029
2026-10-05T16:29Z,1841,g98e5,2.025
2026-10-05T16:29Z,1841,gB,1.879
2026-10-05T16:29Z,1845,g95e5,1.789
2026-10-05T16:29Z,1845,gA,1.934
2026-10-05T16:29Z,1845,gP,1.984
2026-10-05T16:29Z,1845,g98e5,1.929
2026-10-05T16:29Z,1850,gA,1.929
2026-10-05T16:29Z,1850,gP,2.019
2026-10-05T16:29Z,1851,g95e5,1.789
2026-10-05T16:29Z,1851,gA,1.955
2026-10-05T16:29Z,1852,g95e5,1.729
2026-10-05T16:29Z,1852,gA,1.729
2026-10-05T16:29Z,1858,g95e5,1.899
2026-10-05T16:29Z,1858,gA,1.919
2026-10-05T16:29Z,1858,gP,2.130
2026-10-05T16:29Z,1858,g98e5,2.038
2026-10-05T16:29Z,1864,gA,1.794
2026-10-05T16:29Z,1864,gP,1.844
2026-10-05T16:29Z,1865,gA,1.989
2026-10-05T16:29Z,1865,gP,2.039
2026-10-05T16:29Z,1866,g95e5,1.824
2026-10-05T16:29Z,1866,gA,1.994
2026-10-05T16:29Z,1866,gP,2.044
2026-10-05T16:29Z,1866,g95e5p,1.874
2026-10-05T16:29Z,1868,g95e5,1.835
2026-10-05T16:29Z,1868,gA,1.975
2026-10-05T16:29Z,1880,g95e5,1.798
2026-10-05T16:29Z,1880,gA,1.893
2026-10-05T16:29Z,1880,gP,1.973
2026-10-05T16:29Z,1880,g98e5,1.938
2026-10-05T16:29Z,1885,g95e5,1.915
2026-10-05T16:29Z,1889,g95e5,1.730
2026-10-05T16:29Z,1889,gA,1.800
2026-10-05T16:29Z,1889,gB,1.600
2026-10-05T16:29Z,1898,g95e5,1.700
2026-10-05T16:29Z,1898,gA,1.772
2026-10-05T16:29Z,1898,gB,1.573
2026-10-05T16:29Z,1913,g95e5,1.659
2026-10-05T16:29Z,1913,gA,1.707
2026-10-05T16:29Z,1915,gP,1.769
2026-10-05T16:29Z,1915,gB,1.619
2026-10-05T16:29Z,1927,gP,1.769
2026-10-05T16:29Z,1927,gB,1.619
2026-10-05T16:29Z,1935,g95e5,1.809
2026-10-05T16:29Z,1935,gA,1.874
2026-10-05T16:29Z,1935,gP,1.954
2026-10-05T16:29Z,1935,g98e5,1.949
2026-10-05T16:29Z,1939,g95e5,1.599
2026-10-05T16:29Z,1941,gA,1.919
2026-10-05T16:29Z,1941,gP,2.009
2026-10-05T16:29Z,1942,g95e5,1.829
2026-10-05T16:29Z,1942,gA,1.959
2026-10-05T16:29Z,1950,gA,1.949
2026-10-05T16:29Z,1950,gP,1.989
2026-10-05T16:29Z,1956,g95e5,1.669
2026-10-05T16:29Z,1960,g95e5,1.739
2026-10-05T16:29Z,1960,gA,1.849
2026-10-05T16:29Z,1960,gP,1.919
2026-10-05T16:29Z,1960,g98e5,1.869
2026-10-05T16:29Z,1962,gA,1.779
2026-10-05T16:29Z,1980,g95e5,1.859
2026-10-05T16:29Z,1980,gA,1.959
2026-10-05T16:29Z,1980,g98e5,1.999
2026-10-05T16:29Z,1988,g95e5,1.834
2026-10-05T16:29Z,1988,gA,1.944
2026-10-05T16:29Z,1988,gP,1.994
2026-10-05T16:29Z,1988,g98e5,1.989
2026-10-05T16:29Z,1992,g95e5,1.828
2026-10-05T16:29Z,1993,g95e5,1.839
2026-10-05T16:29Z,1993,gA,1.829
2026-10-05T16:29Z,1993,g98e5,1.939
2026-10-05T16:29Z,1993,gB,1.759
2026-10-05T16:29Z,1995,g95e5,1.600
2026-10-05T16:29Z,1997,g95e5,1.601
2026-10-05T16:29Z,1998,g95e5,1.602
2026-10-05T16:29Z,1999,g95e5,1.602
2026-10-05T16:29Z,2000,g95e5,1.601
2026-10-05T16:29Z,2005,g95e5,1.819
2026-10-05T16:29Z,2005,gA,1.999
2026-10-05T16:29Z,2005,gP,2.029
2026-10-05T16:29Z,2005,g98e5,1.929
2026-10-05T16:29Z,2006,g95e5,1.829
2026-10-05T16:29Z,2009,g95e5,1.919
2026-10-05T16:29Z,2009,gA,1.929
2026-10-05T16:29Z,2009,gB,1.759
2026-10-05T16:29Z,2014,g95e5,1.819
2026-10-05T16:29Z,2014,gA,1.759
2026-10-05T16:29Z,2014,gP,1.789
2026-10-05T16:29Z,2014,gB,1.759
2026-10-05T16:29Z,2019,g95e5,1.602
2026-10-05T16:29Z,2029,g95e5,1.749
2026-10-05T16:29Z,2029,gA,1.759
2026-10-05T16:29Z,2031,gA,1.989
2026-10-05T16:29Z,2033,g95e5,1.719
2026-10-05T16:29Z,2033,gA,1.759
2026-10-05T16:29Z,2033,gP,1.789
2026-10-05T16:29Z,2033,gB,1.759
2026-10-05T16:29Z,2035,g95e5,1.719
2026-10-05T16:29Z,2035,gA,1.749
2026-10-05T16:29Z,2035,gP,1.779
2026-10-05T16:29Z,2040,g95e5,1.699
2026-10-05T16:29Z,2040,gA,1.769
2026-10-05T16:29Z,2040,gP,1.829
2026-10-05T16:29Z,2040,g98e5,1.829
2026-10-05T16:29Z,2041,g95e5,1.779
2026-10-05T16:29Z,2041,gA,1.809
2026-10-05T16:29Z,2041,gP,1.839
2026-10-05T16:29Z,2041,g98e5,1.879
2026-10-05T16:29Z,2042,g95e5,1.699
2026-10-05T16:29Z,2042,gA,1.769
2026-10-05T16:29Z,2042,gP,1.829
2026-10-05T16:29Z,2042,g98e5,1.829
2026-10-05T16:29Z,2043,g95e5,1.815
2026-10-05T16:29Z,2043,gA,2.039
2026-10-05T16:29Z,2048,g95e5,1.735
2026-10-05T16:29Z,2048,gA,1.765
2026-10-05T16:29Z,2048,g98e5,1.845
2026-10-05T16:29Z,2048,gB,1.549
2026-10-05T16:29Z,2053,g98e5,1.888
2026-10-05T16:29Z,2059,g95e5,1.778
2026-10-05T16:29Z,2059,gA,1.786
2026-10-05T16:29Z,2059,gP,1.816
2026-10-05T16:29Z,2061,g95e5,1.719
2026-10-05T16:29Z,2062,gA,1.954
2026-10-05T16:29Z,2062,gP,2.059
2026-10-05T16:29Z,2079,g95e5,1.819
2026-10-05T16:29Z,2079,gA,2.015
2026-10-05T16:29Z,2082,gA,1.969
2026-10-05T16:29Z,2082,gP,2.029
2026-10-05T16:29Z,2084,g95e5,1.779
2026-10-05T16:29Z,2085,gA,1.955
2026-10-05T16:29Z,2091,g95e5,1.744
2026-10-05T16:29Z,2091,gA,1.919
2026-10-05T16:29Z,2093,g95e5,1.649
2026-10-05T16:29Z,2093,gA,1.719
2026-10-05T16:29Z,2094,gA,1.934
2026-10-05T16:29Z,2095,gA,1.955
2026-10-05T16:29Z,2102,g95e5,1.809
2026-10-05T16:29Z,2102,gA,1.959
2026-10-05T16:29Z,2102,gP,2.069
2026-10-05T16:29Z,2102,g98e5,1.929
2026-10-05T16:29Z,2105,g95e5,1.638
2026-10-05T16:29Z,2105,gA,1.733
2026-10-05T16:29Z,2105,gB,1.506
2026-10-05T16:29Z,2111,g95e5,1.760
2026-10-05T16:29Z,2111,gA,1.857
2026-10-05T16:29Z,2111,gP,1.857
2026-10-05T16:29Z,2113,g95e5,1.726
2026-10-05T16:29Z,2113,g98e5,1.866
2026-10-05T16:29Z,2115,g95e5,1.729
2026-10-05T16:29Z,2115,gA,1.829
2026-10-05T16:29Z,2115,gP,1.869
2026-10-05T16:29Z,2115,g98e5,1.839
2026-10-05T16:29Z,2141,g95e5,1.949
2026-10-05T16:29Z,2141,gA,1.949
2026-10-05T16:29Z,2141,g98e5,2.079
2026-10-05T16:29Z,2152,g95e5,1.849
2026-10-05T16:29Z,2152,g98e5,1.969
2026-10-05T16:29Z,2152,gB,1.809
2026-10-05T16:29Z,2158,g95e5,1.855
2026-10-05T16:29Z,2158,gA,1.995
2026-10-05T16:29Z,2162,gA,1.947
2026-10-05T16:29Z,2162,gP,2.047
2026-10-05T16:29Z,2162,g98e5,1.949
2026-10-05T16:29Z,2169,g95e5,1.839
2026-10-05T16:29Z,2174,g95e5,1.815
2026-10-05T16:29Z,2191,g95e5,1.738
2026-10-05T16:29Z,2191,g95e5p,1.738
2026-10-05T16:29Z,2199,g95e5,1.818
2026-10-05T16:29Z,2199,gA,1.964
2026-10-05T16:29Z,2199,gP,2.079
2026-10-05T16:29Z,2199,g98e5,1.928
2026-10-05T16:29Z,2199,g95e5p,1.888
2026-10-05T16:29Z,2200,gA,1.949
2026-10-05T16:29Z,2200,gP,2.029
2026-10-05T16:29Z,2202,gB,1.569
2026-10-05T16:29Z,2205,gA,1.964
2026-10-05T16:29Z,2205,gP,2.049
2026-10-05T16:29Z,2210,g95e5,1.829
2026-10-05T16:29Z,2213,gA,1.959
2026-10-05T16:29Z,2217,gA,1.749
2026-10-05T16:29Z,2219,g95e5,1.789
2026-10-05T16:29Z,2221,g95e5,1.815
2026-10-05T16:29Z,2222,g95e5,1.805
2026-10-05T16:29Z,2222,gA,1.959
2026-10-05T16:29Z,2223,g95e5,1.829
2026-10-05T16:29Z,2223,gA,1.985
2026-10-05T16:29Z,2226,gA,2.014
2026-10-05T16:29Z,2226,gP,2.064
2026-10-05T16:29Z,2227,g95e5,1.739
2026-10-05T16:29Z,2227,gA,1.789
2026-10-05T16:29Z,2227,gP,1.819
2026-10-05T16:29Z,2228,g95e5,1.679
2026-10-05T16:29Z,2228,gA,1.779
2026-10-05T16:29Z,2228,gP,1.799
2026-10-05T16:29Z,2228,g95e5p,1.689
2026-10-05T16:29Z,2232,g95e5,1.839
2026-10-05T16:29Z,2232,gA,1.939
2026-10-05T16:29Z,2232,g98e5,1.949
2026-10-05T16:29Z,2233,g95e5,1.809
2026-10-05T16:29Z,2233,gA,2.015
2026-10-05T16:29Z,2237,g95e5,1.855
2026-10-05T16:29Z,2237,gA,2.005
2026-10-05T16:29Z,2252,g95e5,1.689
2026-10-05T16:29Z,2252,gA,1.839
2026-10-05T16:29Z,2252,gP,1.889
2026-10-05T16:29Z,2252,g98e5,1.809
2026-10-05T16:29Z,2255,g95e5,1.865
2026-10-05T16:29Z,2255,gA,2.009
2026-10-05T16:29Z,2258,gA,1.829
2026-10-05T16:29Z,2258,gP,1.889
2026-10-05T16:29Z,2259,gA,1.859
2026-10-05T16:29Z,2259,gP,1.909
2026-10-05T16:29Z,2260,g95e5,1.829
2026-10-05T16:29Z,2260,gA,1.964
2026-10-05T16:29Z,2260,gP,2.054
2026-10-05T16:29Z,2260,g98e5,1.949
2026-10-05T16:29Z,2261,g95e5,1.829
2026-10-05T16:29Z,2261,gA,1.964
2026-10-05T16:29Z,2261,gP,2.054
2026-10-05T16:29Z,2261,g98e5,1.949
2026-10-05T16:29Z,2265,g95e5,1.744
2026-10-05T16:29Z,2265,gA,1.884
2026-10-05T16:29Z,2265,gP,1.934
2026-10-05T16:29Z,2265,g98e5,1.954
2026-10-05T16:29Z,2271,g95e5,1.749
2026-10-05T16:29Z,2273,g95e5,1.879
2026-10-05T16:29Z,2274,g95e5,1.825
2026-10-05T16:29Z,2276,gA,1.968
2026-10-05T16:29Z,2276,gP,2.029
2026-10-05T16:29Z,2280,gA,1.972
2026-10-05T16:29Z,2280,gP,2.028
2026-10-05T16:29Z,2282,gA,1.949
2026-10-05T16:29Z,2285,g95e5,1.785
2026-10-05T16:29Z,2285,gA,1.965
2026-10-05T16:29Z,2287,g95e5,1.909
2026-10-05T16:29Z,2287,gA,1.959
2026-10-05T16:29Z,2287,gP,2.009
2026-10-05T16:29Z,2290,g95e5,1.815
2026-10-05T16:29Z,2290,gA,2.009
2026-10-05T16:29Z,2291,gA,1.969
2026-10-05T16:29Z,2291,gP,2.059
2026-10-05T16:29Z,2296,g95e5,1.779
2026-10-05T16:29Z,2296,gA,1.989
2026-10-05T16:29Z,2300,g95e5,1.779
2026-10-05T16:29Z,2301,g95e5,1.799
2026-10-05T16:29Z,2301,gA,1.985
2026-10-05T16:29Z,2304,g95e5,1.869
2026-10-05T16:29Z,2305,g95e5,1.849
2026-10-05T16:29Z,2309,g95e5,1.859
2026-10-05T16:29Z,2311,g95e5,1.865
2026-10-05T16:29Z,2311,gA,1.939
2026-10-05T16:29Z,2313,g95e5,1.838
2026-10-05T16:29Z,2313,gA,1.974
2026-10-05T16:29Z,2313,gP,2.069
2026-10-05T16:29Z,2316,g95e5,1.879
2026-10-05T16:29Z,2323,gA,1.999
2026-10-05T16:29Z,2344,g95e5,1.829
2026-10-05T16:29Z,2350,gA,1.945
2026-10-05T16:29Z,2353,gA,2.019
2026-10-05T16:29Z,2364,gA,1.979
2026-10-05T16:29Z,2367,g95e5,1.829
2026-10-05T16:29Z,2367,gA,1.989
2026-10-05T16:29Z,2369,gA,1.945
2026-10-05T16:29Z,2374,g95e5,1.858
2026-10-05T16:29Z,2374,gA,1.968
2026-10-05T16:29Z,2374,gP,2.028
2026-10-05T16:29Z,2374,g98e5,2.048
2026-10-05T16:29Z,2374,gB,1.798
2026-10-05T16:29Z,2377,gA,1.949
2026-10-05T16:29Z,2378,gA,1.959
2026-10-05T16:29Z,2380,g95e5,1.815
2026-10-05T16:29Z,2380,gA,1.949
2026-10-05T16:29Z,2382,gA,1.994
2026-10-05T16:29Z,2382,gP,2.059
2026-10-05T16:29Z,2388,gP,1.969
2026-10-05T16:29Z,2388,g98e5,1.939
2026-10-05T16:29Z,2399,g95e5,1.779
2026-10-05T16:29Z,2399,gA,1.879
2026-10-05T16:29Z,2399,g98e5,1.909
2026-10-05T16:29Z,2400,g95e5,1.779
2026-10-05T16:29Z,2400,gA,1.879
2026-10-05T16:29Z,2400,g98e5,1.909
2026-10-05T16:29Z,2402,g95e5,1.779
2026-10-05T16:29Z,2402,gA,1.909
2026-10-05T16:29Z,2402,gP,1.979
2026-10-05T16:29Z,2402,g98e5,1.909
2026-10-05T16:29Z,2403,gA,1.939
2026-10-05T16:29Z,2417,g95e5,1.849
2026-10-05T16:29Z,2417,gA,1.989
2026-10-05T16:29Z,2417,gP,2.085
2026-10-05T16:29Z,2417,g98e5,1.995
2026-10-05T16:29Z,2423,g95e5,1.835
2026-10-05T16:29Z,2423,gA,2.035
2026-10-05T16:29Z,2426,gA,1.955
2026-10-05T16:29Z,2434,gA,1.935
2026-10-05T16:29Z,2434,gP,1.995
2026-10-05T16:29Z,2447,g95e5,1.889
2026-10-05T16:29Z,2447,gA,1.949
2026-10-05T16:29Z,2447,gP,2.039
2026-10-05T16:29Z,2447,g98e5,2.069
2026-10-05T16:29Z,2449,g95e5,1.849
2026-10-05T16:29Z,2449,gA,1.969
2026-10-05T16:29Z,2452,g95e5,1.869
2026-10-05T16:29Z,2465,g95e5,1.849
2026-10-05T16:29Z,2465,g98e5,1.989
2026-10-05T16:29Z,2467,g95e5,1.789
2026-10-05T16:29Z,2467,gA,1.985
2026-10-05T16:29Z,2470,g95e5,1.825
2026-10-05T16:29Z,2477,g95e5,1.859
2026-10-05T16:29Z,2478,g95e5,1.849
2026-10-05T16:29Z,2478,gA,1.935
2026-10-05T16:29Z,2485,g95e5,1.855
2026-10-05T16:29Z,2496,g95e5,1.859
2026-10-05T16:29Z,2496,gA,1.979
2026-10-05T16:29Z,2496,gP,2.029
2026-10-05T16:29Z,2496,g98e5,1.969
2026-10-05T16:29Z,2499,gB,1.749
2026-10-05T16:29Z,2501,g95e5,1.865
2026-10-05T16:29Z,2501,gA,1.995
2026-10-05T16:29Z,2503,g95e5,1.889
2026-10-05T16:29Z,2509,g95e5,1.805
2026-10-05T16:29Z,2510,gA,1.989
2026-10-05T16:29Z,2515,g95e5,1.809
2026-10-05T16:29Z,2516,g95e5,1.809
2026-10-05T16:29Z,2517,g95e5,1.779
2026-10-05T16:29Z,2532,g95e5,1.879
2026-10-05T16:29Z,2532,g98e5,2.009
2026-10-05T16:29Z,2535,g95e5,1.855
2026-10-05T16:29Z,2537,g95e5,1.889
2026-10-05T16:29Z,2537,gA,1.979
2026-10-05T16:29Z,2537,gP,2.090
2026-10-05T16:29Z,2538,g95e5,1.889
2026-10-05T16:29Z,2538,gA,1.979
2026-10-05T16:29Z,2548,g95e5,1.609
2026-10-05T16:29Z,2548,gA,1.679
2026-10-05T16:29Z,2548,g95e5p,1.619
2026-10-05T16:29Z,2549,g95e5,1.609
2026-10-05T16:29Z,2549,gA,1.679
2026-10-05T16:29Z,2549,g95e5p,1.619
2026-10-05T16:29Z,2554,g95e5,1.869
2026-10-05T16:29Z,2554,g98e5,1.969
2026-10-05T16:29Z,2555,g95e5,1.779
2026-10-05T16:29Z,2555,gA,1.969
2026-10-05T16:29Z,2556,g95e5,1.829
2026-10-05T16:29Z,2556,gA,1.979
2026-10-05T16:29Z,2556,gP,2.029
2026-10-05T16:29Z,2556,g98e5,1.969
2026-10-05T16:29Z,2559,g95e5,1.905
2026-10-05T16:29Z,2565,gA,2.014
2026-10-05T16:29Z,2565,gP,2.064
2026-10-05T16:29Z,2568,gA,2.029
2026-10-05T16:29Z,2568,gP,2.129
2026-10-05T16:29Z,2568,g98e5,2.049
2026-10-05T16:29Z,2569,g95e5,1.915
2026-10-05T16:29Z,2569,gA,2.035
2026-10-05T16:29Z,2574,g95e5,1.879
2026-10-05T16:29Z,2574,gA,2.015
2026-10-05T16:29Z,2581,g95e5,1.868
2026-10-05T16:29Z,2581,gA,2.034
2026-10-05T16:29Z,2581,g95e5p,1.918
2026-10-05T16:29Z,2590,g95e5,2.139
2026-10-05T16:29Z,2590,gA,2.199
2026-10-05T16:29Z,2591,g95e5,2.139
2026-10-05T16:29Z,2591,gA,2.199
2026-10-05T16:29Z,2594,g95e5,1.878
2026-10-05T16:29Z,2594,g95e5p,1.928
2026-10-05T16:29Z,2602,g95e5,1.929
2026-10-05T16:29Z,2602,gA,2.019
2026-10-05T16:29Z,2602,gP,2.059
2026-10-05T16:29Z,2602,g98e5,2.049
2026-10-05T16:29Z,2605,g95e5,2.049
2026-10-05T16:29Z,2605,gA,2.099
2026-10-05T16:29Z,2607,g95e5,1.859
2026-10-05T16:29Z,2609,gA,2.029
2026-10-05T16:29Z,2612,g95e5,1.885
2026-10-05T16:29Z,2612,gA,2.015
2026-10-05T16:29Z,2616,g95e5,1.875
2026-10-05T16:29Z,2621,g95e5,1.889
2026-10-05T16:29Z,2621,gA,2.039
2026-10-05T16:29Z,2621,gP,2.149
2026-10-05T16:29Z,2632,g95e5,1.899
2026-10-05T16:29Z,2632,gA,2.019
2026-10-05T16:29Z,2632,gP,2.109
2026-10-05T16:29Z,2632,g95e5p,1.959
2026-10-05T16:29Z,2637,gA,2.019
2026-10-05T16:29Z,2637,gP,2.139
2026-10-05T16:29Z,2637,g98e5,1.999
2026-10-05T16:29Z,2637,g95e5p,1.939
2026-10-05T16:29Z,2641,g95e5,1.839
2026-10-05T16:29Z,2641,gA,1.989
2026-10-05T16:29Z,2641,gP,2.069
2026-10-05T16:29Z,2641,g98e5,1.979
2026-10-05T16:29Z,2646,gA,2.049
2026-10-05T16:29Z,2646,gP,2.139
2026-10-05T16:29Z,2650,g95e5,1.859
2026-10-05T16:29Z,2663,g95e5,1.915
2026-10-05T16:29Z,2665,g95e5,1.878
2026-10-05T16:29Z,2665,gA,2.024
2026-10-05T16:29Z,2665,gP,2.129
2026-10-05T16:29Z,2665,g95e5p,1.958
2026-10-05T16:29Z,2668,g95e5,1.999
2026-10-05T16:29Z,2668,gA,2.099
2026-10-05T16:29Z,2675,g95e5,1.949
2026-10-05T16:29Z,2675,gA,2.049
2026-10-05T16:29Z,2675,gP,2.129
2026-10-05T16:29Z,2675,g95e5p,1.989
2026-10-05T16:29Z,2675,gB,1.899
2026-10-05T16:29Z,2676,g95e5,1.899
2026-10-05T16:29Z,2676,gA,2.029
2026-10-05T16:29Z,2676,gP,2.199
2026-10-05T16:29Z,2681,g95e5,1.865
2026-10-05T16:29Z,2681,gA,2.025
2026-10-05T16:29Z,2681,gP,2.155
2026-10-05T16:29Z,2681,g98e5,1.995
2026-10-05T16:29Z,2686,g95e5,1.859
2026-10-05T16:29Z,2686,gA,2.045
2026-10-05T16:29Z,2687,g95e5,1.859
2026-10-05T16:29Z,2688,g95e5,1.840
2026-10-05T16:29Z,2688,gA,1.999
2026-10-05T16:29Z,2688,g98e5,1.974
2026-10-05T16:29Z,2689,gA,2.019
2026-10-05T16:29Z,2689,gP,2.139
2026-10-05T16:29Z,2690,g95e5,1.865
2026-10-05T16:29Z,2695,g95e5,1.895
2026-10-05T16:29Z,2695,gA,2.028
2026-10-05T16:29Z,2695,gP,2.128
2026-10-05T16:29Z,2695,g98e5,1.998
2026-10-05T16:29Z,2700,g95e5,1.889
2026-10-05T16:29Z,2707,g95e5,1.895
2026-10-05T16:29Z,2707,gA,2.029
2026-10-05T16:29Z,2713,g95e5,1.859
2026-10-05T16:29Z,2719,g95e5,1.869
2026-10-05T16:29Z,2719,gA,1.999
2026-10-05T16:29Z,2726,g95e5,1.865
2026-10-05T16:29Z,2736,g95e5,1.905
2026-10-05T16:29Z,2736,gA,2.029
2026-10-05T16:29Z,2737,g95e5,1.915
2026-10-05T16:29Z,2737,gA,2.045
2026-10-05T16:29Z,2766,gA,2.009
2026-10-05T16:29Z,2775,gA,2.005
2026-10-05T16:29Z,2779,g95e5,1.699
2026-10-05T16:29Z,2780,gA,1.924
2026-10-05T16:29Z,2780,gP,1.974
2026-10-05T16:29Z,2786,g95e5,1.719
2026-10-05T16:29Z,2786,gA,1.799
2026-10-05T16:29Z,2786,gP,1.859
2026-10-05T16:29Z,2786,g98e5,1.819
2026-10-05T16:29Z,2789,g95e5,1.809
2026-10-05T16:29Z,2789,gA,2.005
2026-10-05T16:29Z,2790,g95e5,1.699
2026-10-05T16:29Z,2790,gA,1.819
2026-10-05T16:29Z,2796,g95e5,1.815
2026-10-05T16:29Z,2798,gA,2.005
2026-10-05T16:29Z,2799,g95e5,1.789
2026-10-05T16:29Z,2803,g95e5,1.835
2026-10-05T16:29Z,2807,gA,1.989
2026-10-05T16:29Z,2811,g95e5,1.835
2026-10-05T16:29Z,2811,gA,2.005
2026-10-05T16:29Z,2812,g95e5,1.829
2026-10-05T16:29Z,2818,g95e5,1.805
2026-10-05T16:29Z,2818,gA,2.039
2026-10-05T16:29Z,2819,gA,1.985
2026-10-05T16:29Z,2820,g95e5,1.825
2026-10-05T16:29Z,2821,gA,1.995
2026-10-05T16:29Z,2822,g95e5,1.839
2026-10-05T16:29Z,2823,g95e5,1.779
2026-10-05T16:29Z,2823,gA,1.939
2026-10-05T16:29Z,2824,gA,2.009
2026-10-05T16:29Z,2828,gA,2.005
2026-10-05T16:29Z,2834,gA,1.945
2026-10-05T16:29Z,2834,gP,1.995
2026-10-05T16:29Z,2840,g95e5,1.795
2026-10-05T16:29Z,2848,g95e5,1.769
2026-10-05T16:29Z,2848,g98e5,1.909
2026-10-05T16:29Z,2848,gB,1.749
2026-10-05T16:29Z,2849,g95e5,1.749
2026-10-05T16:29Z,2849,gA,1.859
2026-10-05T16:29Z,2849,gP,1.939
2026-10-05T16:29Z,2849,g98e5,1.889
2026-10-05T16:29Z,2852,g95e5,1.878
2026-10-05T16:29Z,2852,g95e5p,1.918
2026-10-05T16:29Z,2855,gA,2.049
2026-10-05T16:29Z,2855,gP,2.109
2026-10-05T16:29Z,2859,gA,1.934
2026-10-05T16:29Z,2859,gP,1.984
2026-10-05T16:29Z,2869,g95e5,1.767
2026-10-05T16:29Z,2869,g95e5p,1.777
2026-10-05T16:29Z,2870,g95e5,1.689
2026-10-05T16:29Z,2870,g95e5p,1.699
2026-10-05T16:29Z,2873,g95e5,1.699
2026-10-05T16:29Z,2873,gA,1.769
2026-10-05T16:29Z,2873,gP,1.829
2026-10-05T16:29Z,2873,g98e5,1.839
2026-10-05T16:29Z,2885,g95e5,1.828
2026-10-05T16:29Z,2885,gA,2.014
2026-10-05T16:29Z,2885,gP,2.089
2026-10-05T16:29Z,2885,g95e5p,1.888
2026-10-05T16:29Z,2909,g95e5,1.879
2026-10-05T16:29Z,2909,gA,1.989
2026-10-05T16:29Z,2912,g95e5,1.865
2026-10-05T16:29Z,2914,g95e5,1.865
2026-10-05T16:29Z,2914,gA,1.989
2026-10-05T16:29Z,2917,g95e5,1.779
2026-10-05T16:29Z,2917,gA,1.944
2026-10-05T16:29Z,2917,gP,2.024
2026-10-05T16:29Z,2917,g98e5,1.919
2026-10-05T16:29Z,2923,gA,1.849
2026-10-05T16:29Z,2923,gP,1.849
2026-10-05T16:29Z,2924,g95e5,1.874
2026-10-05T16:29Z,2924,gA,1.964
2026-10-05T16:29Z,2924,gP,2.014
2026-10-05T16:29Z,2924,g98e5,1.994
2026-10-05T16:29Z,2925,g95e5,1.754
2026-10-05T16:29Z,2925,gA,1.904
2026-10-05T16:29Z,2925,gP,1.954
2026-10-05T16:29Z,2925,g95e5p,1.804
2026-10-05T16:29Z,2926,g95e5,1.774
2026-10-05T16:29Z,2926,gA,1.904
2026-10-05T16:29Z,2926,gP,1.954
2026-10-05T16:29Z,2926,g95e5p,1.824
2026-10-05T16:29Z,2927,g95e5,1.794
2026-10-05T16:29Z,2927,gA,1.964
2026-10-05T16:29Z,2927,gP,2.014
2026-10-05T16:29Z,2927,g95e5p,1.844
2026-10-05T16:29Z,2929,g95e5,1.734
2026-10-05T16:29Z,2929,gA,1.879
2026-10-05T16:29Z,2929,gP,1.929
2026-10-05T16:29Z,2929,g98e5,1.889
2026-10-05T16:29Z,2931,g95e5,1.838
2026-10-05T16:29Z,2931,gA,2.024
2026-10-05T16:29Z,2931,gP,2.089
2026-10-05T16:29Z,2932,g95e5,1.819
2026-10-05T16:29Z,2932,gA,1.985
2026-10-05T16:29Z,2933,gA,1.789
2026-10-05T16:29Z,2933,gP,1.809
2026-10-05T16:29Z,2934,gA,1.789
2026-10-05T16:29Z,2934,gP,1.809
2026-10-05T16:29Z,2935,g95e5,1.875
2026-10-05T16:29Z,2941,g95e5,1.808
2026-10-05T16:29Z,2941,gA,1.909
2026-10-05T16:29Z,2941,gP,1.979
2026-10-05T16:29Z,2941,g95e5p,1.887
2026-10-05T16:29Z,2941,gB,1.739
2026-10-05T16:29Z,2944,g95e5,1.599
2026-10-05T16:29Z,2945,gA,1.964
2026-10-05T16:29Z,2945,gP,2.079
2026-10-05T16:29Z,2953,g95e5,1.858
2026-10-05T16:29Z,2953,g95e5p,1.898
2026-10-05T16:29Z,2958,g95e5,1.719
2026-10-05T16:29Z,2964,g95e5,1.799
2026-10-05T16:29Z,2964,gA,1.999
2026-10-05T16:29Z,2965,gA,1.974
2026-10-05T16:29Z,2965,gP,2.064
2026-10-05T16:29Z,2972,g95e5,1.759
2026-10-05T16:29Z,2972,gA,1.909
2026-10-05T16:29Z,2972,g98e5,1.869
2026-10-05T16:29Z,2975,gA,1.994
2026-10-05T16:29Z,2975,gP,2.089
2026-10-05T16:29Z,2976,g95e5,1.679
2026-10-05T16:29Z,2976,gA,1.799
2026-10-05T16:29Z,2976,gP,1.819
2026-10-05T16:29Z,2976,g95e5p,1.689
2026-10-05T16:29Z,2979,g95e5,1.874
2026-10-05T16:29Z,2979,gA,1.984
2026-10-05T16:29Z,2979,gP,2.074
2026-10-05T16:29Z,2979,g98e5,2.014
2026-10-05T16:29Z,2980,g95e5,1.874
2026-10-05T16:29Z,2980,gA,1.984
2026-10-05T16:29Z,2980,gP,2.074
2026-10-05T16:29Z,2980,g98e5,2.014
2026-10-05T16:29Z,2983,g95e5,1.778
2026-10-05T16:29Z,2983,gA,1.797
2026-10-05T16:29Z,2983,gP,1.827
2026-10-05T16:29Z,2983,g98e5,1.885
2026-10-05T16:29Z,2986,g95e5,1.659
2026-10-05T16:29Z,2986,gA,1.809
2026-10-05T16:29Z,2986,gP,1.859
2026-10-05T16:29Z,2986,g98e5,1.769
2026-10-05T16:29Z,2990,gA,2.014
2026-10-05T16:29Z,2990,gP,2.064
2026-10-05T16:29Z,2992,g95e5,1.758
2026-10-05T16:29Z,2992,gA,1.776
2026-10-05T16:29Z,2994,gA,1.934
2026-10-05T16:29Z,2994,gP,1.984
2026-10-05T16:29Z,2995,g95e5,1.834
2026-10-05T16:29Z,2995,gA,1.849
2026-10-05T16:29Z,2995,gP,1.899
2026-10-05T16:29Z,2995,g95e5p,1.884
2026-10-05T16:29Z,3003,g95e5,1.784
2026-10-05T16:29Z,3003,gA,1.979
2026-10-05T16:29Z,3003,gP,2.029
2026-10-05T16:29Z,3003,g98e5,1.924
2026-10-05T16:29Z,3005,g95e5,1.809
2026-10-05T16:29Z,3005,gA,1.999
2026-10-05T16:29Z,3005,gP,2.109
2026-10-05T16:29Z,3005,g98e5,1.969
2026-10-05T16:29Z,3007,g95e5,1.799
2026-10-05T16:29Z,3007,gA,1.879
2026-10-05T16:29Z,3007,gP,1.959
2026-10-05T16:29Z,3007,g98e5,1.959
2026-10-05T16:29Z,3008,g95e5,1.704
2026-10-05T16:29Z,3009,g95e5,1.809
2026-10-05T16:29Z,3009,gA,1.989
2026-10-05T16:29Z,3009,gP,2.039
2026-10-05T16:29Z,3009,g98e5,1.929
2026-10-05T16:29Z,3010,g95e5,1.819
2026-10-05T16:29Z,3011,g95e5,1.608
2026-10-05T16:29Z,3011,gA,1.715
2026-10-05T16:29Z,3011,g98e5,1.754
2026-10-05T16:29Z,3016,g95e5,1.799
2026-10-05T16:29Z,3016,gA,1.929
2026-10-05T16:29Z,3016,gP,2.019
2026-10-05T16:29Z,3016,g98e5,1.909
2026-10-05T16:29Z,3017,g95e5,1.858
2026-10-05T16:29Z,3017,g95e5p,1.898
2026-10-05T16:29Z,3018,g95e5,1.794
2026-10-05T16:29Z,3018,gA,1.954
2026-10-05T16:29Z,3018,gP,2.004
2026-10-05T16:29Z,3018,g95e5p,1.844
2026-10-05T16:29Z,3019,gA,1.974
2026-10-05T16:29Z,3019,gP,2.024
2026-10-05T16:29Z,3027,gA,1.984
2026-10-05T16:29Z,3027,gP,2.034
2026-10-05T16:29Z,3028,gA,1.949
2026-10-05T16:29Z,3028,gP,1.999
2026-10-05T16:29Z,3031,g95e5,1.814
2026-10-05T16:29Z,3031,gA,1.994
2026-10-05T16:29Z,3031,gP,2.044
2026-10-05T16:29Z,3031,g98e5,1.979
2026-10-05T16:29Z,3032,gA,1.954
2026-10-05T16:29Z,3032,gP,2.004
2026-10-05T16:29Z,3035,g95e5,1.759
2026-10-05T16:29Z,3035,gA,1.819
2026-10-05T16:29Z,3035,g98e5,1.899
2026-10-05T16:29Z,3037,g95e5,1.799
2026-10-05T16:29Z,3037,gA,1.879
2026-10-05T16:29Z,3037,gP,1.959
2026-10-05T16:29Z,3037,g98e5,1.959
2026-10-05T16:29Z,3055,g95e5,1.649
2026-10-05T16:29Z,3057,g95e5,1.649
2026-10-05T16:29Z,3059,gA,1.799
2026-10-05T16:29Z,3059,gP,1.839
2026-10-05T16:29Z,3061,g95e5,1.784
2026-10-05T16:29Z,3061,gA,1.904
2026-10-05T16:29Z,3061,gP,1.954
2026-10-05T16:29Z,3061,g98e5,1.909
2026-10-05T16:29Z,3065,g95e5,1.804
2026-10-05T16:29Z,3065,gA,1.974
2026-10-05T16:29Z,3065,gP,2.024
2026-10-05T16:29Z,3065,g95e5p,1.854
2026-10-05T16:29Z,3065,glp,1.029
2026-10-05T16:29Z,3067,g95e5,1.719
2026-10-05T16:29Z,3067,gA,1.864
2026-10-05T16:29Z,3067,gP,1.914
2026-10-05T16:29Z,3067,g95e5p,1.769
2026-10-05T16:29Z,3069,g95e5,1.794
2026-10-05T16:29Z,3069,gA,1.914
2026-10-05T16:29Z,3069,gP,1.964
2026-10-05T16:29Z,3069,g95e5p,1.844
2026-10-05T16:29Z,3070,g95e5,1.779
2026-10-05T16:29Z,3070,g95e5p,1.829
2026-10-05T16:29Z,3074,g95e5,1.834
2026-10-05T16:29Z,3074,gA,1.994
2026-10-05T16:29Z,3074,gP,2.044
2026-10-05T16:29Z,3074,g98e5,1.989
2026-10-05T16:29Z,3075,g95e5,1.799
2026-10-05T16:29Z,3075,gA,1.939
2026-10-05T16:29Z,3075,gP,1.989
2026-10-05T16:29Z,3075,g98e5,1.944
2026-10-05T16:29Z,3081,g98e5,1.949
2026-10-05T16:29Z,3082,g95e5,1.839
2026-10-05T16:29Z,3082,gA,1.999
2026-10-05T16:29Z,3082,gP,2.039
2026-10-05T16:29Z,3082,g98e5,1.979
2026-10-05T16:29Z,3083,gA,1.989
2026-10-05T16:29Z,3083,gP,2.029
2026-10-05T16:29Z,3083,g98e5,1.949
2026-10-05T16:29Z,3084,gA,1.999
2026-10-05T16:29Z,3084,gP,2.039
2026-10-05T16:29Z,3085,g95e5,1.869
2026-10-05T16:29Z,3085,gA,1.999
2026-10-05T16:29Z,3085,gP,2.039
2026-10-05T16:29Z,3085,g98e5,1.989
2026-10-05T16:29Z,3090,g95e5,1.759
2026-10-05T16:29Z,3090,gA,1.899
2026-10-05T16:29Z,3090,gP,1.979
2026-10-05T16:29Z,3090,g98e5,1.899
2026-10-05T16:29Z,3091,g95e5,1.799
2026-10-05T16:29Z,3091,gA,1.919
2026-10-05T16:29Z,3091,gP,1.969
2026-10-05T16:29Z,3091,g95e5p,1.849
2026-10-05T16:29Z,3097,g95e5,1.639
2026-10-05T16:29Z,3097,gA,1.797
2026-10-05T16:29Z,3106,g95e5,1.839
2026-10-05T16:29Z,3108,g95e5,1.799
2026-10-05T16:29Z,3108,gA,1.959
2026-10-05T16:29Z,3108,gP,2.039
2026-10-05T16:29Z,3108,g98e5,1.939
2026-10-05T16:29Z,3109,g95e5,1.849
2026-10-05T16:29Z,3109,gA,1.965
2026-10-05T16:29Z,3110,gA,1.995
2026-10-05T16:29Z,3117,g95e5,1.999
2026-10-05T16:29Z,3117,gA,1.999
2026-10-05T16:29Z,3117,gP,2.099
2026-10-05T16:29Z,3117,g98e5,2.099
2026-10-05T16:29Z,3123,gA,2.025
2026-10-05T16:29Z,3125,g95e5,1.885
2026-10-05T16:29Z,3125,gA,2.019
2026-10-05T16:29Z,3125,g98e5,2.005
2026-10-05T16:29Z,3127,g95e5,1.884
2026-10-05T16:29Z,3127,gA,2.004
2026-10-05T16:29Z,3127,gP,2.054
2026-10-05T16:29Z,3127,g95e5p,1.934
2026-10-05T16:29Z,3131,gA,1.989
2026-10-05T16:29Z,3131,gP,2.059
2026-10-05T16:29Z,3133,gA,2.004
2026-10-05T16:29Z,3133,gP,2.119
2026-10-05T16:29Z,3137,g95e5,1.868
2026-10-05T16:29Z,3138,gA,1.989
2026-10-05T16:29Z,3138,gP,2.099
2026-10-05T16:29Z,3141,gA,1.989
2026-10-05T16:29Z,3141,gP,2.099
2026-10-05T16:29Z,3143,g95e5,1.839
2026-10-05T16:29Z,3150,g95e5,1.779
2026-10-05T16:29Z,3150,g95e5p,1.829
2026-10-05T16:29Z,3155,g95e5,1.819
2026-10-05T16:29Z,3155,gA,2.035
2026-10-05T16:29Z,3156,g95e5,1.835
2026-10-05T16:29Z,3156,gA,1.969
2026-10-05T16:29Z,3156,gP,2.069
2026-10-05T16:29Z,3156,g98e5,1.935
2026-10-05T16:29Z,3160,g95e5,1.855
2026-10-05T16:29Z,3161,g95e5,1.845
2026-10-05T16:29Z,3163,g95e5,1.825
2026-10-05T16:29Z,3167,gA,1.975
2026-10-05T16:29Z,3168,gA,1.975
2026-10-05T16:29Z,3171,g95e5,1.848
2026-10-05T16:29Z,3171,gA,1.984
2026-10-05T16:29Z,3171,gP,2.034
2026-10-05T16:29Z,3171,g98e5,1.968
2026-10-05T16:29Z,3171,g95e5p,1.928
2026-10-05T16:29Z,3175,g95e5,1.819
2026-10-05T16:29Z,3175,gA,1.985
2026-10-05T16:29Z,3180,g95e5,1.845
2026-10-05T16:29Z,3181,g95e5,1.899
2026-10-05T16:29Z,3181,gA,2.009
2026-10-05T16:29Z,3181,gP,2.079
2026-10-05T16:29Z,3181,g98e5,2.029
2026-10-05T16:29Z,3181,gB,1.779
2026-10-05T16:29Z,3182,g95e5,1.859
2026-10-05T16:29Z,3183,g95e5,1.849
2026-10-05T16:29Z,3185,g95e5,1.845
2026-10-05T16:29Z,3185,gA,2.019
2026-10-05T16:29Z,3188,g95e5,1.759
2026-10-05T16:29Z,3188,gA,1.869
2026-10-05T16:29Z,3188,gP,1.899
2026-10-05T16:29Z,3189,gA,1.984
2026-10-05T16:29Z,3189,gP,2.089
2026-10-05T16:29Z,3190,gA,1.984
2026-10-05T16:29Z,3190,gP,2.089
2026-10-05T16:29Z,3191,g95e5,1.784
2026-10-05T16:29Z,3191,gA,1.924
2026-10-05T16:29Z,3191,gP,1.974
2026-10-05T16:29Z,3191,g95e5p,1.834
2026-10-05T16:29Z,3192,g95e5,1.829
2026-10-05T16:29Z,3194,g95e5,1.689
2026-10-05T16:29Z,3194,gA,1.799
2026-10-05T16:29Z,3194,gP,1.819
2026-10-05T16:29Z,3195,g95e5,1.689
2026-10-05T16:29Z,3195,gA,1.799
2026-10-05T16:29Z,3195,gP,1.819
2026-10-05T16:29Z,3196,g95e5,1.869
2026-10-05T16:29Z,3196,gA,1.989
2026-10-05T16:29Z,3196,gP,2.039
2026-10-05T16:29Z,3198,g95e5,1.899
2026-10-05T16:29Z,3198,gA,2.005
2026-10-05T16:29Z,3199,g95e5,1.825
2026-10-05T16:29Z,3199,gA,1.955
2026-10-05T16:29Z,3203,g95e5,1.829
2026-10-05T16:29Z,3203,gA,1.959
2026-10-05T16:29Z,3203,gP,2.069
2026-10-05T16:29Z,3203,g98e5,2.029
2026-10-05T16:29Z,3205,g95e5,1.899
2026-10-05T16:29Z,3206,gA,1.989
2026-10-05T16:29Z,3206,gP,2.109
2026-10-05T16:29Z,3216,gA,1.669
2026-10-05T16:29Z,3224,gA,1.899
2026-10-05T16:29Z,3224,gP,1.969
2026-10-05T16:29Z,3226,gA,1.899
2026-10-05T16:29Z,3226,gP,1.969
2026-10-05T16:29Z,3227,g95e5,1.649
2026-10-05T16:29Z,3227,gA,1.769
2026-10-05T16:29Z,3230,g95e5,1.868
2026-10-05T16:29Z,3230,g95e5p,1.928
2026-10-05T16:29Z,3234,g95e5,1.789
2026-10-05T16:29Z,3234,gA,1.879
2026-10-05T16:29Z,3234,g98e5,1.889
2026-10-05T16:29Z,3235,g95e5,1.875
2026-10-05T16:29Z,3236,g95e5,1.849
2026-10-05T16:29Z,3236,gA,1.949
2026-10-05T16:29Z,3236,gP,2.069
2026-10-05T16:29Z,3236,g98e5,1.999
2026-10-05T16:29Z,3238,g95e5,1.845
2026-10-05T16:29Z,3239,g95e5,1.879
2026-10-05T16:29Z,3239,gA,1.949
2026-10-05T16:29Z,3244,g95e5,1.865
2026-10-05T16:29Z,3249,g95e5,1.989
2026-10-05T16:29Z,3249,gA,1.939
2026-10-05T16:29Z,3249,gP,2.029
2026-10-05T16:29Z,3255,g95e5,1.839
2026-10-05T16:29Z,3255,gA,1.969
2026-10-05T16:29Z,3259,g95e5,1.879
2026-10-05T16:29Z,3259,gA,1.949
2026-10-05T16:29Z,3260,gA,1.919
2026-10-05T16:29Z,3262,g95e5,1.845
2026-10-05T16:29Z,3262,gA,1.959
2026-10-05T16:29Z,3265,g95e5,1.849
2026-10-05T16:29Z,3265,gP,2.045
2026-10-05T16:29Z,3269,g95e5,1.835
2026-10-05T16:29Z,3272,g95e5,1.829
2026-10-05T16:29Z,3272,gA,1.925
2026-10-05T16:29Z,3280,g95e5,1.899
2026-10-05T16:29Z,3290,g95e5,1.875
2026-10-05T16:29Z,3290,gA,1.969
2026-10-05T16:29Z,3291,g95e5,1.599
2026-10-05T16:29Z,3291,gA,1.659
2026-10-05T16:29Z,3291,gP,1.679
2026-10-05T16:29Z,3291,g95e5p,1.609
2026-10-05T16:29Z,3292,g95e5,1.845
2026-10-05T16:29Z,3292,gA,1.935
2026-10-05T16:29Z,3298,g95e5,1.829
2026-10-05T16:29Z,3298,gA,1.929
2026-10-05T16:29Z,3300,g95e5,1.859
2026-10-05T16:29Z,3300,gA,1.955
2026-10-05T16:29Z,3300,gP,2.005
2026-10-05T16:29Z,3300,g98e5,1.969
2026-10-05T16:29Z,3304,g95e5,1.824
2026-10-05T16:29Z,3304,gA,1.964
2026-10-05T16:29Z,3304,gP,2.014
2026-10-05T16:29Z,3304,g98e5,1.949
2026-10-05T16:29Z,3310,g95e5,1.845
2026-10-05T16:29Z,3310,gA,1.925
2026-10-05T16:29Z,3317,g95e5,1.879
2026-10-05T16:29Z,3319,gA,1.969
2026-10-05T16:29Z,3334,g95e5,1.865
2026-10-05T16:29Z,3334,gA,1.959
2026-10-05T16:29Z,3335,g95e5,1.829
2026-10-05T16:29Z,3336,g95e5,1.849
2026-10-05T16:29Z,3336,gA,1.945
2026-10-05T16:29Z,3339,g95e5,1.859
2026-10-05T16:29Z,3339,gA,1.949
2026-10-05T16:29Z,3340,gA,1.769
2026-10-05T16:29Z,3345,g95e5,1.899
2026-10-05T16:29Z,3345,gA,1.989
2026-10-05T16:29Z,3345,gP,2.079
2026-10-05T16:29Z,3345,gB,1.849
2026-10-05T16:29Z,3347,g95e5,1.849
2026-10-05T16:29Z,3347,gA,1.949
2026-10-05T16:29Z,3347,gP,2.039
2026-10-05T16:29Z,3347,g95e10,1.909
2026-10-05T16:29Z,3365,g95e5,1.734
2026-10-05T16:29Z,3365,g98e5,1.844
2026-10-05T16:29Z,3372,gA,1.899
2026-10-05T16:29Z,3372,gP,1.949
2026-10-05T16:29Z,3375,g95e5,1.854
2026-10-05T16:29Z,3375,gA,1.959
2026-10-05T16:29Z,3375,gP,2.049
2026-10-05T16:29Z,3375,g98e5,1.984
2026-10-05T16:29Z,3376,g95e5,1.868
2026-10-05T16:29Z,3376,gA,1.969
2026-10-05T16:29Z,3376,gP,2.059
2026-10-05T16:29Z,3376,g95e5p,1.898
2026-10-05T16:29Z,3377,g95e5,1.868
2026-10-05T16:29Z,3378,g95e5,1.854
2026-10-05T16:29Z,3378,gA,1.959
2026-10-05T16:29Z,3378,gP,2.049
2026-10-05T16:29Z,3378,g98e5,1.984
2026-10-05T16:29Z,3379,g95e5,1.858
2026-10-05T16:29Z,3379,gA,1.999
2026-10-05T16:29Z,3379,gP,2.089
2026-10-05T16:29Z,3379,g98e5,1.999
2026-10-05T16:29Z,3380,g95e5,1.858
2026-10-05T16:29Z,3380,gA,1.999
2026-10-05T16:29Z,3380,gP,2.089
2026-10-05T16:29Z,3380,g98e5,1.999
2026-10-05T16:29Z,3384,g95e5,1.849
2026-10-05T16:29Z,3384,gA,1.949
2026-10-05T16:29Z,3384,gP,1.999
2026-10-05T16:29Z,3384,g98e5,1.989
2026-10-05T16:29Z,3388,g95e5,1.868
2026-10-05T16:29Z,3388,g98e5,1.999
2026-10-05T16:29Z,3389,g95e5,1.868
2026-10-05T16:29Z,3389,g98e5,1.999
2026-10-05T16:29Z,3390,g95e5,1.864
2026-10-05T16:29Z,3390,gA,1.959
2026-10-05T16:29Z,3390,gP,2.009
2026-10-05T16:29Z,3390,g98e5,2.024
2026-10-05T16:29Z,3391,g95e5,1.858
2026-10-05T16:29Z,3391,g95e5p,1.928
2026-10-05T16:29Z,3396,g95e5,1.927
2026-10-05T16:29Z,3402,g95e5,1.845
2026-10-05T16:29Z,3408,g95e5,1.843
2026-10-05T16:29Z,3408,gA,1.959
2026-10-05T16:29Z,3408,gP,2.029
2026-10-05T16:29Z,3408,g98e5,1.938
2026-10-05T16:29Z,3408,glp,0.984
2026-10-05T16:29Z,3411,g95e5,1.879
2026-10-05T16:29Z,3411,gA,1.939
2026-10-05T16:29Z,3411,g98e5,2.039
2026-10-05T16:29Z,3414,g95e5,1.843
2026-10-05T16:29Z,3414,gA,1.959
2026-10-05T16:29Z,3414,gP,2.059
2026-10-05T16:29Z,3414,g95e5p,1.908
2026-10-05T16:29Z,3417,g95e5,1.853
2026-10-05T16:29Z,3417,gA,1.939
2026-10-05T16:29Z,3417,gP,2.039
2026-10-05T16:29Z,3417,g95e5p,1.888
2026-10-05T16:29Z,3418,g95e5,1.863
2026-10-05T16:29Z,3419,g95e5,1.863
2026-10-05T16:29Z,3427,g95e5,1.849
2026-10-05T16:29Z,3427,gA,1.959
2026-10-05T16:29Z,3427,gP,2.059
2026-10-05T16:29Z,3427,g98e5,1.959
2026-10-05T16:29Z,3428,g95e5,1.873
2026-10-05T16:29Z,3428,gA,1.979
2026-10-05T16:29Z,3428,gP,2.049
2026-10-05T16:29Z,3428,g95e5p,1.898
2026-10-05T16:29Z,3434,g95e5,1.853
2026-10-05T16:29Z,3434,gA,1.959
2026-10-05T16:29Z,3434,gP,2.049
2026-10-05T16:29Z,3434,g98e5,1.958
2026-10-05T16:29Z,3434,g95e10,1.908
2026-10-05T16:29Z,3438,gA,1.949
2026-10-05T16:29Z,3438,gP,2.049
2026-10-05T16:29Z,3444,g95e5,1.919
2026-10-05T16:29Z,3444,gA,2.039
2026-10-05T16:29Z,3444,g98e5,2.043
2026-10-05T16:29Z,3453,g95e5,1.837
2026-10-05T16:29Z,3453,gA,1.938
2026-10-05T16:29Z,3457,g95e5,1.855
2026-10-05T16:29Z,3457,gA,1.975
2026-10-05T16:29Z,3460,g95e5,1.869
2026-10-05T16:29Z,3460,gA,1.949
2026-10-05T16:29Z,3460,gB,1.859
2026-10-05T16:29Z,3462,g95e5,1.815
2026-10-05T16:29Z,3462,gA,1.999
2026-10-05T16:29Z,3464,g95e5,1.829
2026-10-05T16:29Z,3472,gA,1.939
2026-10-05T16:29Z,3478,g95e5,1.835
2026-10-05T16:29Z,3478,gA,1.939
2026-10-05T16:29Z,3480,g95e5,1.774
2026-10-05T16:29Z,3480,gP,1.904
2026-10-05T16:29Z,3480,g98e5,1.929
2026-10-05T16:29Z,3481,g95e5,1.845
2026-10-05T16:29Z,3481,gA,1.935
2026-10-05T16:29Z,3485,g95e5,1.799
2026-10-05T16:29Z,3486,g95e5,1.799
2026-10-05T16:29Z,3486,gA,1.919
2026-10-05T16:29Z,3487,g95e5,1.799
2026-10-05T16:29Z,3487,gA,2.005
2026-10-05T16:29Z,3489,g95e5,1.589
2026-10-05T16:29Z,3496,g95e5,1.824
2026-10-05T16:29Z,3496,gA,1.984
2026-10-05T16:29Z,3496,gP,2.074
2026-10-05T16:29Z,3497,g95e5,1.809
2026-10-05T16:29Z,3497,gA,2.009
2026-10-05T16:29Z,3497,gP,2.079
2026-10-05T16:29Z,3497,gB,1.789
2026-10-05T16:29Z,3498,g95e5,1.749
2026-10-05T16:29Z,3498,gA,1.929
2026-10-05T16:29Z,3499,g95e5,1.804
2026-10-05T16:29Z,3499,gA,1.984
2026-10-05T16:29Z,3499,gP,2.034
2026-10-05T16:29Z,3499,gB,1.674
2026-10-05T16:29Z,3504,g95e5,1.886
2026-10-05T16:29Z,3504,gA,1.999
2026-10-05T16:29Z,3504,gB,1.799
2026-10-05T16:29Z,3508,g95e5,1.599
2026-10-05T16:29Z,3508,gA,1.659
2026-10-05T16:29Z,3508,gP,1.669
2026-10-05T16:29Z,3508,g95e5p,1.609
2026-10-05T16:29Z,3518,g95e5,1.869
2026-10-05T16:29Z,3518,gA,1.949
2026-10-05T16:29Z,3534,g95e5,1.839
2026-10-05T16:29Z,3544,g95e5,1.853
2026-10-05T16:29Z,3544,gA,1.959
2026-10-05T16:29Z,3544,gP,2.054
2026-10-05T16:29Z,3544,g98e5,1.958
2026-10-05T16:29Z,3544,g95e5p,1.898
2026-10-05T16:29Z,3555,g95e5,1.875
2026-10-05T16:29Z,3555,gA,1.959
2026-10-05T16:29Z,3556,g95e5,1.604
2026-10-05T16:29Z,3557,g95e5,1.899
2026-10-05T16:29Z,3557,gA,1.939
2026-10-05T16:29Z,3563,g95e5,1.879
2026-10-05T16:29Z,3563,gA,2.039
2026-10-05T16:29Z,3571,g95e5,1.889
2026-10-05T16:29Z,3571,gA,1.959
2026-10-05T16:29Z,3580,g95e5,1.839
2026-10-05T16:29Z,3580,gA,1.939
2026-10-05T16:29Z,3580,gP,2.029
2026-10-05T16:29Z,3580,g98e5,1.969
2026-10-05T16:29Z,3581,g95e5,1.849
2026-10-05T16:29Z,3600,g95e5,1.809
2026-10-05T16:29Z,3600,gA,2.029
2026-10-05T16:29Z,3615,g95e5,1.833
2026-10-05T16:29Z,3615,gA,1.927
2026-10-05T16:29Z,3615,gP,2.027
2026-10-05T16:29Z,3615,g98e5,1.993
2026-10-05T16:29Z,3616,g95e5,1.839
2026-10-05T16:29Z,3616,gA,1.975
2026-10-05T16:29Z,3623,g95e5,1.849
2026-10-05T16:29Z,3623,gA,1.939
2026-10-05T16:29Z,3630,g95e5,1.829
2026-10-05T16:29Z,3630,gP,2.089
2026-10-05T16:29Z,3630,g98e5,1.969
2026-10-05T16:29Z,3637,g95e5,1.919
2026-10-05T16:29Z,3637,gP,2.009
2026-10-05T16:29Z,3639,gP,1.859
2026-10-05T16:29Z,3639,g98e5,1.869
2026-10-05T16:29Z,3641,g95e5,1.843
2026-10-05T16:29Z,3641,gA,1.959
2026-10-05T16:29Z,3641,gP,2.059
2026-10-05T16:29Z,3641,g95e5p,1.908
2026-10-05T16:29Z,3642,g95e5,1.853
2026-10-05T16:29Z,3642,gA,1.949
2026-10-05T16:29Z,3642,gP,2.059
2026-10-05T16:29Z,3642,gB,1.838
2026-10-05T16:29Z,3651,g95e5,1.839
2026-10-05T16:29Z,3657,g95e5,1.889
2026-10-05T16:29Z,3657,gA,1.949
2026-10-05T16:29Z,3665,gA,1.929
2026-10-05T16:29Z,3665,gP,2.029
2026-10-05T16:29Z,3670,g95e5,1.829
2026-10-05T16:29Z,3670,gA,2.019
2026-10-05T16:29Z,3670,gP,2.109
2026-10-05T16:29Z,3670,g98e5,1.969
2026-10-05T16:29Z,3680,g95e5,1.875
2026-10-05T16:29Z,3680,gA,1.939
2026-10-05T16:29Z,3682,g95e5,1.879
2026-10-05T16:29Z,3682,gA,1.945
2026-10-05T16:29Z,3685,g95e5,1.859
2026-10-05T16:29Z,3688,g95e5,1.859
2026-10-05T16:29Z,3690,gA,1.949
2026-10-05T16:29Z,3694,g95e5,1.899
2026-10-05T16:29Z,3694,gA,1.929
2026-10-05T16:29Z,3697,gA,1.959
2026-10-05T16:29Z,3700,g95e5,1.835
2026-10-05T16:29Z,3700,gA,1.929
2026-10-05T16:29Z,3702,g95e5,1.829
2026-10-05T16:29Z,3702,gA,1.999
2026-10-05T16:29Z,3702,gP,2.089
2026-10-05T16:29Z,3702,g98e5,1.969
2026-10-05T16:29Z,3703,g95e5,1.853
2026-10-05T16:29Z,3703,gA,1.949
2026-10-05T16:29Z,3703,gP,2.059
2026-10-05T16:29Z,3703,g98e5,1.948
2026-10-05T16:29Z,3712,g95e5,1.829
2026-10-05T16:29Z,3712,gA,1.929
2026-10-05T16:29Z,3712,gP,2.019
2026-10-05T16:29Z,3712,g98e5,1.979
2026-10-05T16:29Z,3714,g95e5,1.764
2026-10-05T16:29Z,3714,gA,1.884
2026-10-05T16:29Z,3715,g95e5,1.834
2026-10-05T16:29Z,3715,gA,1.954
2026-10-05T16:29Z,3715,gP,2.004
2026-10-05T16:29Z,3715,g98e5,1.989
2026-10-05T16:29Z,3718,g95e5,1.924
2026-10-05T16:29Z,3718,gA,1.984
2026-10-05T16:29Z,3718,gP,2.074
2026-10-05T16:29Z,3718,g98e5,2.079
2026-10-05T16:29Z,3725,gA,1.904
2026-10-05T16:29Z,3725,gP,1.994
2026-10-05T16:29Z,3725,g98e5,1.994
2026-10-05T16:29Z,3725,g95e5p,1.864
2026-10-05T16:29Z,3727,gA,1.929
2026-10-05T16:29Z,3727,gP,2.019
2026-10-05T16:29Z,3728,g95e5,1.774
2026-10-05T16:29Z,3728,gA,1.934
2026-10-05T16:29Z,3728,gP,1.984
2026-10-05T16:29Z,3728,g98e5,1.949
2026-10-05T16:29Z,3729,gA,1.929
2026-10-05T16:29Z,3729,gP,2.019
2026-10-05T16:29Z,3732,gA,1.859
2026-10-05T16:29Z,3732,gP,1.909
2026-10-05T16:29Z,3733,g95e5,1.814
2026-10-05T16:29Z,3733,gA,1.824
2026-10-05T16:29Z,3733,gP,1.874
2026-10-05T16:29Z,3733,g98e5,1.979
2026-10-05T16:29Z,3734,g95e5,1.814
2026-10-05T16:29Z,3734,gA,1.824
2026-10-05T16:29Z,3734,g98e5,2.009
2026-10-05T16:29Z,3735,g95e5,1.919
2026-10-05T16:29Z,3735,gA,2.019
2026-10-05T16:29Z,3735,gP,2.109
2026-10-05T16:29Z,3735,g98e5,2.044
2026-10-05T16:29Z,3737,g95e5,1.899
2026-10-05T16:29Z,3737,gA,1.999
2026-10-05T16:29Z,3737,gP,2.089
2026-10-05T16:29Z,3741,g95e5,1.789
2026-10-05T16:29Z,3741,gA,1.899
2026-10-05T16:29Z,3741,gP,1.979
2026-10-05T16:29Z,3741,g98e5,1.929
2026-10-05T16:29Z,3743,g95e5,1.914
2026-10-05T16:29Z,3743,gA,2.014
2026-10-05T16:29Z,3743,gP,2.104
2026-10-05T16:29Z,3743,g98e5,2.039
2026-10-05T16:29Z,3746,g95e5,1.899
2026-10-05T16:29Z,3746,gA,1.999
2026-10-05T16:29Z,3746,gP,2.089
2026-10-05T16:29Z,3747,gA,1.979
2026-10-05T16:29Z,3747,gP,2.069
2026-10-05T16:29Z,3749,gA,1.929
2026-10-05T16:29Z,3749,gP,2.019
2026-10-05T16:29Z,3761,g95e5,1.649
2026-10-05T16:29Z,3761,gA,1.697
2026-10-05T16:29Z,3763,gA,1.959
2026-10-05T16:29Z,3767,g95e5,1.894
2026-10-05T16:29Z,3767,gA,1.925
2026-10-05T16:29Z,3768,g95e5,1.834
2026-10-05T16:29Z,3768,gA,1.894
2026-10-05T16:29Z,3768,gP,1.944
2026-10-05T16:29Z,3768,g95e5p,1.884
2026-10-05T16:29Z,3769,g95e5,1.749
2026-10-05T16:29Z,3769,gA,1.879
2026-10-05T16:29Z,3769,g98e5,1.889
2026-10-05T16:29Z,3773,gA,1.929
2026-10-05T16:29Z,3773,gP,1.969
2026-10-05T16:29Z,3776,g95e5,1.894
2026-10-05T16:29Z,3776,gA,2.019
2026-10-05T16:29Z,3776,gP,2.109
2026-10-05T16:29Z,3776,g98e5,2.039
2026-10-05T16:29Z,3777,gA,1.779
2026-10-05T16:29Z,3777,gP,1.877
2026-10-05T16:29Z,3783,g95e5,1.699
2026-10-05T16:29Z,3783,gA,1.689
2026-10-05T16:29Z,3783,g98e5,1.859
2026-10-05T16:29Z,3787,g95e5,1.879
2026-10-05T16:29Z,3790,g95e5,1.909
2026-10-05T16:29Z,3790,gA,1.999
2026-10-05T16:29Z,3790,gP,2.099
2026-10-05T16:29Z,3790,g98e5,1.999
2026-10-05T16:29Z,3793,g95e5,1.879
2026-10-05T16:29Z,3793,gP,2.079
2026-10-05T16:29Z,3796,gA,1.945
2026-10-05T16:29Z,3806,g95e5,1.885
2026-10-05T16:29Z,3819,g95e5,1.814
2026-10-05T16:29Z,3819,gA,1.864
2026-10-05T16:29Z,3819,g98e5,1.949
2026-10-05T16:29Z,3823,g95e5,1.855
2026-10-05T16:29Z,3823,gA,1.945
2026-10-05T16:29Z,3829,g95e5,1.789
2026-10-05T16:29Z,3829,gA,1.829
2026-10-05T16:29Z,3829,gP,1.889
2026-10-05T16:29Z,3829,g98e5,1.999
2026-10-05T16:29Z,3832,g95e5,1.905
2026-10-05T16:29Z,3833,g95e5,1.619
2026-10-05T16:29Z,3833,gA,1.679
2026-10-05T16:29Z,3833,gP,1.699
2026-10-05T16:29Z,3833,g95e5p,1.629
2026-10-05T16:29Z,3839,gA,1.979
2026-10-05T16:29Z,3840,g95e5,1.865
2026-10-05T16:29Z,3853,g95e5,1.909
2026-10-05T16:29Z,3853,gA,1.989
2026-10-05T16:29Z,3853,gP,2.089
2026-10-05T16:29Z,3862,g95e5,1.905
2026-10-05T16:29Z,3862,gA,1.979
2026-10-05T16:29Z,3870,g95e5,1.809
2026-10-05T16:29Z,3870,gA,1.899
2026-10-05T16:29Z,3870,gP,1.949
2026-10-05T16:29Z,3870,g98e5,1.964
2026-10-05T16:29Z,3871,gA,1.669
2026-10-05T16:29Z,3874,g95e5,1.899
2026-10-05T16:29Z,3874,gA,1.969
2026-10-05T16:29Z,3874,g98e5,2.069
2026-10-05T16:29Z,3874,g95e5p,1.949
2026-10-05T16:29Z,3875,g95e5,1.889
2026-10-05T16:29Z,3875,gA,1.979
2026-10-05T16:29Z,3875,g98e5,2.039
2026-10-05T16:29Z,3875,g95e5p,1.949
2026-10-05T16:29Z,3881,g95e5,1.858
2026-10-05T16:29Z,3881,g95e5p,1.898
2026-10-05T16:29Z,3899,g95e5,1.865
2026-10-05T16:29Z,3902,g95e5,1.859
2026-10-05T16:29Z,3908,g95e5,1.956
2026-10-05T16:29Z,3908,gA,1.989
2026-10-05T16:29Z,3908,gP,2.092
2026-10-05T16:29Z,3908,g98e5,2.138
2026-10-05T16:29Z,3914,g95e5,1.939
2026-10-05T16:29Z,3914,gP,2.079
2026-10-05T16:29Z,3914,g98e5,2.069
2026-10-05T16:29Z,3942,g95e5,1.869
2026-10-05T16:29Z,3942,gA,1.969
2026-10-05T16:29Z,3942,gP,2.019
2026-10-05T16:29Z,3950,g95e5,1.879
2026-10-05T16:29Z,3950,gP,2.089
2026-10-05T16:29Z,3950,g98e5,2.039
2026-10-05T16:29Z,3957,g95e5,1.849
2026-10-05T16:29Z,3957,gA,1.979
2026-10-05T16:29Z,3957,gP,2.069
2026-10-05T16:29Z,3957,g98e5,1.989
2026-10-05T16:29Z,3958,g95e5,1.905
2026-10-05T16:29Z,3965,gA,1.779
2026-10-05T16:29Z,3966,g95e5,1.899
2026-10-05T16:29Z,3966,gA,1.939
2026-10-05T16:29Z,3966,g98e5,2.159
2026-10-05T16:29Z,3967,g95e5,1.844
2026-10-05T16:29Z,3967,gA,1.924
2026-10-05T16:29Z,3967,gP,1.974
2026-10-05T16:29Z,3968,g95e5,1.844
2026-10-05T16:29Z,3968,gA,1.924
2026-10-05T16:29Z,3968,gP,1.974
2026-10-05T16:29Z,3968,g98e5,1.979
2026-10-05T16:29Z,3974,g95e5,1.909
2026-10-05T16:29Z,3974,g98e5,2.009
2026-10-05T16:29Z,3984,g95e5,1.887
2026-10-05T16:29Z,3984,gA,1.966
2026-10-05T16:29Z,3984,g98e5,2.057
2026-10-05T16:29Z,3984,g95e5p,1.927
2026-10-05T16:29Z,3988,g95e5,1.804
2026-10-05T16:29Z,3988,gA,1.954
2026-10-05T16:29Z,3988,gP,2.004
2026-10-05T16:29Z,3988,gB,1.574
2026-10-05T16:29Z,3993,gA,1.949
2026-10-05T16:29Z,3993,gP,2.039
2026-10-05T16:29Z,3993,g98e5,1.994
2026-10-05T16:29Z,3993,g95e5p,1.874
2026-10-05T16:29Z,3995,gP,1.999
2026-10-05T16:29Z,3997,g95e5,1.659
2026-10-05T16:29Z,3997,g98e5,1.859
2026-10-05T16:29Z,4003,gA,1.969
2026-10-05T16:29Z,4003,g98e5,2.029
2026-10-05T16:29Z,4005,g95e5,1.889
2026-10-05T16:29Z,4005,gA,1.999
2026-10-05T16:29Z,4005,gP,2.089
2026-10-05T16:29Z,4005,g98e5,2.034
2026-10-05T16:29Z,4006,g95e5,1.829
2026-10-05T16:29Z,4006,gA,1.894
2026-10-05T16:29Z,4006,gP,1.944
2026-10-05T16:29Z,4006,g98e5,1.964
2026-10-05T16:29Z,4013,gA,1.699
2026-10-05T16:29Z,4026,g95e5,1.899
2026-10-05T16:29Z,4026,g98e5,2.039
2026-10-05T16:29Z,4027,g95e5,1.869
2026-10-05T16:29Z,4027,gA,1.969
2026-10-05T16:29Z,4027,gB,1.809
2026-10-05T16:29Z,4032,g95e5,1.885
2026-10-05T16:29Z,4032,gA,1.949
2026-10-05T16:29Z,4034,gA,1.949
2026-10-05T16:29Z,4035,g95e5,1.667
2026-10-05T16:29Z,4035,gA,1.697
2026-10-05T16:29Z,4042,g95e5,1.865
2026-10-05T16:29Z,4042,g98e5,2.025
2026-10-05T16:29Z,4047,g95e5,1.667
2026-10-05T16:29Z,4047,gA,1.697
2026-10-05T16:29Z,4049,g95e5,1.829
2026-10-05T16:29Z,4049,gA,1.879
2026-10-05T16:29Z,4049,gP,1.929
2026-10-05T16:29Z,4049,g98e5,1.919
2026-10-05T16:29Z,4049,gB,1.549
2026-10-05T16:29Z,4051,gA,1.929
2026-10-05T16:29Z,4077,gA,1.955
2026-10-05T16:29Z,4077,gP,2.025
2026-10-05T16:29Z,4077,gB,1.865
2026-10-05T16:29Z,4078,g95e5,1.889
2026-10-05T16:29Z,4078,gA,1.945
2026-10-05T16:29Z,4082,g95e5,1.999
2026-10-05T16:29Z,4082,gA,2.009
2026-10-05T16:29Z,4082,gP,2.099
2026-10-05T16:29Z,4088,gA,1.955
2026-10-05T16:29Z,4091,g95e5,1.915
2026-10-05T16:29Z,4091,gA,1.965
2026-10-05T16:29Z,4093,g95e5,1.899
2026-10-05T16:29Z,4094,gA,1.979
2026-10-05T16:29Z,4097,g95e5,1.849
2026-10-05T16:29Z,4097,gA,1.959
2026-10-05T16:29Z,4098,g95e5,1.849
2026-10-05T16:29Z,4099,gA,1.779
2026-10-05T16:29Z,4106,g95e5,1.915
2026-10-05T16:29Z,4106,gA,1.975
2026-10-05T16:29Z,4106,gP,2.059
2026-10-05T16:29Z,4118,g95e5,1.865
2026-10-05T16:29Z,4122,g95e5,1.889
2026-10-05T16:29Z,4122,gA,1.989
2026-10-05T16:29Z,4122,gP,2.065
2026-10-05T16:29Z,4122,g98e5,1.989
2026-10-05T16:29Z,4123,g95e5,1.814
2026-10-05T16:29Z,4123,gA,1.864
2026-10-05T16:29Z,4123,g98e5,1.969
2026-10-05T16:29Z,4124,g95e5,1.879
2026-10-05T16:29Z,4124,gA,1.949
2026-10-05T16:29Z,4127,g95e5,1.875
2026-10-05T16:29Z,4127,gA,1.969
2026-10-05T16:29Z,4128,gA,1.699
2026-10-05T16:29Z,4129,g95e5,1.794
2026-10-05T16:29Z,4129,gA,1.874
2026-10-05T16:29Z,4129,gP,1.924
2026-10-05T16:29Z,4129,g98e5,1.969
2026-10-05T16:29Z,4130,g95e5,1.749
2026-10-05T16:29Z,4130,gA,1.879
2026-10-05T16:29Z,4130,g98e5,1.904
2026-10-05T16:29Z,4139,g95e5,1.760
2026-10-05T16:29Z,4139,gA,1.857
2026-10-05T16:29Z,4139,gP,1.857
2026-10-05T16:29Z,4139,g95e5p,1.798
2026-10-05T16:29Z,4140,gP,1.878
2026-10-05T16:29Z,4142,gB,1.569
2026-10-05T16:29Z,4143,g95e5,1.748
2026-10-05T16:29Z,4143,g98e5,1.888
2026-10-05T16:29Z,4147,gA,1.898
2026-10-05T16:29Z,4147,gP,1.928
2026-10-05T16:29Z,4151,gA,1.949
2026-10-05T16:29Z,4151,gP,1.989
2026-10-05T16:29Z,4159,g95e5,1.819
2026-10-05T16:29Z,4159,gA,1.955
2026-10-05T16:29Z,4159,g95e5p,1.889
2026-10-05T16:29Z,4164,g95e5,1.799
2026-10-05T16:29Z,4164,gB,1.599
2026-10-05T16:29Z,4166,g95e5,1.839
2026-10-05T16:29Z,4166,gA,1.969
2026-10-05T16:29Z,4171,gA,1.899
2026-10-05T16:29Z,4171,gP,1.979
2026-10-05T16:29Z,4180,g95e5,1.819
2026-10-05T16:29Z,4180,gA,1.949
2026-10-05T16:29Z,4180,gP,2.059
2026-10-05T16:29Z,4180,g98e5,1.929
2026-10-05T16:29Z,4197,g95e5,1.828
2026-10-05T16:29Z,4197,g98e5,1.899
2026-10-05T16:29Z,4205,g95e5,1.855
2026-10-05T16:29Z,4211,g95e5,1.805
2026-10-05T16:29Z,4214,g95e5,1.859
2026-10-05T16:29Z,4223,g95e5,1.829
2026-10-05T16:29Z,4223,gA,1.999
2026-10-05T16:29Z,4225,g95e5,1.799
2026-10-05T16:29Z,4225,gA,1.989
2026-10-05T16:29Z,4246,g95e5,1.818
2026-10-05T16:29Z,4246,g95e5p,1.888
2026-10-05T16:29Z,4253,gA,1.947
2026-10-05T16:29Z,4253,gP,2.047
2026-10-05T16:29Z,4253,g98e5,1.949
2026-10-05T16:29Z,4256,gP,2.029
2026-10-05T16:29Z,4256,gB,1.779
2026-10-05T16:29Z,4258,g95e5,1.859
2026-10-05T16:29Z,4261,g95e5,1.949
2026-10-05T16:29Z,4261,g98e5,1.969
2026-10-05T16:29Z,4261,gB,1.809
2026-10-05T16:29Z,4273,g95e5,1.838
2026-10-05T16:29Z,4273,gA,1.964
2026-10-05T16:29Z,4273,gP,2.069
2026-10-05T16:29Z,4273,g95e5p,1.898
2026-10-05T16:29Z,4282,g95e5,1.849
2026-10-05T16:29Z,4282,g98e5,1.969
2026-10-05T16:29Z,4287,g95e5,1.819
2026-10-05T16:29Z,4287,gA,1.955
2026-10-05T16:29Z,4287,g98e5,1.929
2026-10-05T16:29Z,4289,g95e5,1.835
2026-10-05T16:29Z,4289,gA,1.935
2026-10-05T16:29Z,4290,g95e5,1.835
2026-10-05T16:29Z,4292,gA,1.899
2026-10-05T16:29Z,4292,gP,1.979
2026-10-05T16:29Z,4295,g95e5,1.764
2026-10-05T16:29Z,4295,gA,1.924
2026-10-05T16:29Z,4295,gP,1.974
2026-10-05T16:29Z,4295,g95e5p,1.814
2026-10-05T16:29Z,4296,g95e5,1.714
2026-10-05T16:29Z,4296,gA,1.854
2026-10-05T16:29Z,4296,gP,1.904
2026-10-05T16:29Z,4296,g98e5,1.824
2026-10-05T16:29Z,4306,g95e5,1.829
2026-10-05T16:29Z,4310,g95e5,1.764
2026-10-05T16:29Z,4310,gA,1.914
2026-10-05T16:29Z,4310,gP,1.964
2026-10-05T16:29Z,4310,g98e5,1.854
2026-10-05T16:29Z,4312,g95e5,1.868
2026-10-05T16:29Z,4312,g95e5p,1.908
2026-10-05T16:29Z,4313,g95e5,1.799
2026-10-05T16:29Z,4313,gA,1.939
2026-10-05T16:29Z,4313,gP,1.989
2026-10-05T16:29Z,4313,g95e5p,1.849
2026-10-05T16:29Z,4315,g95e5,2.054
2026-10-05T16:29Z,4315,gA,2.044
2026-10-05T16:29Z,4315,g95e5p,2.104
2026-10-05T16:29Z,4319,g95e5,1.855
2026-10-05T16:29Z,4319,gA,1.995
2026-10-05T16:29Z,4320,gA,1.984
2026-10-05T16:29Z,4320,gP,2.089
2026-10-05T16:29Z,4322,g95e5,1.865
2026-10-05T16:29Z,4322,gA,2.019
2026-10-05T16:29Z,4333,g95e5,1.825
2026-10-05T16:29Z,4336,g95e5,1.719
2026-10-05T16:29Z,4336,gA,1.819
2026-10-05T16:29Z,4336,gP,1.919
2026-10-05T16:29Z,4336,g98e5,1.839
2026-10-05T16:29Z,4337,g95e5,1.865
2026-10-05T16:29Z,4337,gA,2.009
2026-10-05T16:29Z,4341,g95e5,1.794
2026-10-05T16:29Z,4341,gA,1.954
2026-10-05T16:29Z,4341,gP,2.014
2026-10-05T16:29Z,4341,g98e5,1.894
2026-10-05T16:29Z,4346,g95e5,1.848
2026-10-05T16:29Z,4346,gA,2.009
2026-10-05T16:29Z,4346,gP,2.119
2026-10-05T16:29Z,4346,g95e5p,1.888
2026-10-05T16:29Z,4347,g95e5,1.875
2026-10-05T16:29Z,4347,gA,2.015
2026-10-05T16:29Z,4349,g95e5,1.869
2026-10-05T16:29Z,4349,gA,2.019
2026-10-05T16:29Z,4350,g95e5,1.859
2026-10-05T16:29Z,4350,gA,1.989
2026-10-05T16:29Z,4350,gP,2.099
2026-10-05T16:29Z,4351,g95e5,1.875
2026-10-05T16:29Z,4351,gA,1.999
2026-10-05T16:29Z,4352,g95e5,1.899
2026-10-05T16:29Z,4352,gA,1.985
2026-10-05T16:29Z,4353,g95e5,1.869
2026-10-05T16:29Z,4353,gA,1.999
2026-10-05T16:29Z,4358,g95e5,1.875
2026-10-05T16:29Z,4358,gA,2.005
2026-10-05T16:29Z,4359,g95e5,1.873
2026-10-05T16:29Z,4359,gA,2.013
2026-10-05T16:29Z,4359,gP,2.103
2026-10-05T16:29Z,4359,g98e5,1.963
2026-10-05T16:29Z,4376,gA,1.989
2026-10-05T16:29Z,4395,g95e5,1.799
2026-10-05T16:29Z,4401,g95e5,1.899
2026-10-05T16:29Z,4401,gA,1.989
2026-10-05T16:29Z,4401,gP,2.039
2026-10-05T16:29Z,4404,g95e5,1.789
2026-10-05T16:29Z,4404,gA,1.939
2026-10-05T16:29Z,4404,gP,1.989
2026-10-05T16:29Z,4404,gB,1.639
2026-10-05T16:29Z,4408,gA,1.859
2026-10-05T16:29Z,4412,g95e5,1.829
2026-10-05T16:29Z,4418,gA,2.024
2026-10-05T16:29Z,4418,gP,2.104
2026-10-05T16:29Z,4427,g95e5,1.819
2026-10-05T16:29Z,4427,gA,1.949
2026-10-05T16:29Z,4427,gP,1.989
2026-10-05T16:29Z,4429,g95e5,1.659
2026-10-05T16:29Z,4431,g95e5,1.764
2026-10-05T16:29Z,4431,gA,1.929
2026-10-05T16:29Z,4431,gP,1.979
2026-10-05T16:29Z,4431,g98e5,1.889
2026-10-05T16:29Z,4432,g95e5,1.764
2026-10-05T16:29Z,4432,gA,1.929
2026-10-05T16:29Z,4432,gP,1.979
2026-10-05T16:29Z,4432,g98e5,1.889
2026-10-05T16:29Z,4433,g95e5,1.854
2026-10-05T16:29Z,4433,gA,2.004
2026-10-05T16:29Z,4433,gP,2.054
2026-10-05T16:29Z,4433,g98e5,2.009
2026-10-05T16:29Z,4442,gA,1.969
2026-10-05T16:29Z,4442,gP,2.009
2026-10-05T16:29Z,4448,g95e5,1.875
2026-10-05T16:29Z,4459,g95e5,1.859
2026-10-05T16:29Z,4459,gA,1.989
2026-10-05T16:29Z,4459,gP,2.099
2026-10-05T16:29Z,4459,g98e5,1.999
2026-10-05T16:29Z,4462,g95e5,1.835
2026-10-05T16:29Z,4467,g95e5,1.885
2026-10-05T16:29Z,4468,g95e5,1.849
2026-10-05T16:29Z,4470,g95e5,1.845
2026-10-05T16:29Z,4470,gA,2.015
2026-10-05T16:29Z,4470,gP,2.105
2026-10-05T16:29Z,4470,g98e5,1.985
2026-10-05T16:29Z,4471,gA,1.979
2026-10-05T16:29Z,4471,gP,2.079
2026-10-05T16:29Z,4474,g95e5,1.829
2026-10-05T16:29Z,4476,g95e5,1.824
2026-10-05T16:29Z,4476,gA,1.994
2026-10-05T16:29Z,4476,gP,2.044
2026-10-05T16:29Z,4476,g95e5p,1.874
2026-10-05T16:29Z,4476,gB,1.809
2026-10-05T16:29Z,4480,gA,1.959
2026-10-05T16:29Z,4480,gP,2.039
2026-10-05T16:29Z,4481,g95e5,1.848
2026-10-05T16:29Z,4481,gA,1.999
2026-10-05T16:29Z,4481,gP,2.109
2026-10-05T16:29Z,4481,g95e5p,1.908
2026-10-05T16:29Z,4484,g95e5,1.845
2026-10-05T16:29Z,4484,gA,1.959
2026-10-05T16:29Z,4492,g95e5,1.858
2026-10-05T16:29Z,4515,g95e5,1.858
2026-10-05T16:29Z,4515,gA,1.989
2026-10-05T16:29Z,4515,gP,2.089
2026-10-05T16:29Z,4515,g95e5p,1.938
2026-10-05T16:29Z,4524,gA,1.955
2026-10-05T16:29Z,4525,g95e5,1.869
2026-10-05T16:29Z,4525,gA,2.005
2026-10-05T16:29Z,4526,g95e5,1.889
2026-10-05T16:29Z,4526,gA,1.989
2026-10-05T16:29Z,4527,g95e5,1.899
2026-10-05T16:29Z,4527,gA,1.995
2026-10-05T16:29Z,4531,g95e5,1.899
2026-10-05T16:29Z,4531,gA,2.005
2026-10-05T16:29Z,4534,gA,1.989
2026-10-05T16:29Z,4534,gP,2.099
2026-10-05T16:29Z,4538,g95e5,1.875
2026-10-05T16:29Z,4538,gA,1.975
2026-10-05T16:29Z,4542,gA,1.999
2026-10-05T16:29Z,4543,g95e5,1.875
2026-10-05T16:29Z,4544,g95e5,1.855
2026-10-05T16:29Z,4544,gA,2.005
2026-10-05T16:29Z,4546,g95e5,1.855
2026-10-05T16:29Z,4546,gA,1.979
2026-10-05T16:29Z,4555,gA,1.984
2026-10-05T16:29Z,4555,gP,2.034
2026-10-05T16:29Z,4556,gA,1.999
2026-10-05T16:29Z,4556,gP,2.109
2026-10-05T16:29Z,4568,g95e5,1.825
2026-10-05T16:29Z,4568,gA,2.029
2026-10-05T16:29Z,4576,g95e5,1.849
2026-10-05T16:29Z,4576,gA,1.975
2026-10-05T16:29Z,4577,g95e5,1.839
2026-10-05T16:29Z,4579,g95e5,1.869
2026-10-05T16:29Z,4580,g95e5,1.849
2026-10-05T16:29Z,4586,g95e5,1.855
2026-10-05T16:29Z,4586,gA,1.975
2026-10-05T16:29Z,4592,gA,1.989
2026-10-05T16:29Z,4592,gP,2.099
2026-10-05T16:29Z,4596,g95e5,1.859
2026-10-05T16:29Z,4596,gA,1.989
2026-10-05T16:29Z,4596,gP,2.099
2026-10-05T16:29Z,4596,g98e5,1.999
2026-10-05T16:29Z,4598,g95e5,1.869
2026-10-05T16:29Z,4598,gA,1.969
2026-10-05T16:29Z,4600,g95e5,1.824
2026-10-05T16:29Z,4600,gA,1.964
2026-10-05T16:29Z,4600,gP,2.044
2026-10-05T16:29Z,4600,g98e5,1.964
2026-10-05T16:29Z,4601,gA,1.989
2026-10-05T16:29Z,4601,gP,2.099
2026-10-05T16:29Z,4602,g95e5,1.724
2026-10-05T16:29Z,4602,gA,1.854
2026-10-05T16:29Z,4602,gP,1.904
2026-10-05T16:29Z,4602,g95e5p,1.774
2026-10-05T16:29Z,4603,g95e5,1.819
2026-10-05T16:29Z,4605,g95e5,1.875
2026-10-05T16:29Z,4607,g95e5,1.839
2026-10-05T16:29Z,4607,gA,1.979
2026-10-05T16:29Z,4609,g95e5,1.865
2026-10-05T16:29Z,4613,g95e5,1.849
2026-10-05T16:29Z,4614,g95e5,1.865
2026-10-05T16:29Z,4614,gA,1.979
2026-10-05T16:29Z,4620,g95e5,1.849
2026-10-05T16:29Z,4621,g95e5,1.839
2026-10-05T16:29Z,4621,gA,2.005
2026-10-05T16:29Z,4624,g95e5,1.885
2026-10-05T16:29Z,4624,gA,2.039
2026-10-05T16:29Z,4626,g95e5,1.869
2026-10-05T16:29Z,4626,g98e5,2.009
2026-10-05T16:29Z,4627,gA,1.799
2026-10-05T16:29Z,4627,gP,1.809
2026-10-05T16:29Z,4629,g95e5,1.829
2026-10-05T16:29Z,4629,gA,2.005
2026-10-05T16:29Z,4638,gA,1.999
2026-10-05T16:29Z,4640,g95e5,1.865
2026-10-05T16:29Z,4641,g95e5,1.819
2026-10-05T16:29Z,4641,gA,1.995
2026-10-05T16:29Z,4644,g95e5,1.859
2026-10-05T16:29Z,4644,gA,1.989
2026-10-05T16:29Z,4644,gP,2.099
2026-10-05T16:29Z,4649,gA,1.984
2026-10-05T16:29Z,4649,gP,2.089
2026-10-05T16:29Z,4650,gA,1.909
2026-10-05T16:29Z,4650,gP,2.009
2026-10-05T16:29Z,4656,gA,1.949
2026-10-05T16:29Z,4656,gP,1.999
2026-10-05T16:29Z,4657,g95e5,1.824
2026-10-05T16:29Z,4657,gA,1.984
2026-10-05T16:29Z,4657,gP,2.034
2026-10-05T16:29Z,4657,g95e5p,1.874
2026-10-05T16:29Z,4662,g95e5,1.819
2026-10-05T16:29Z,4662,gA,1.954
2026-10-05T16:29Z,4664,gA,1.984
2026-10-05T16:29Z,4664,gP,2.099
2026-10-05T16:29Z,4665,g95e5,1.744
2026-10-05T16:29Z,4665,gA,1.894
2026-10-05T16:29Z,4665,gP,1.944
2026-10-05T16:29Z,4665,g95e5p,1.794
2026-10-05T16:29Z,4667,g95e5,1.834
2026-10-05T16:29Z,4667,gA,1.989
2026-10-05T16:29Z,4667,gP,2.039
2026-10-05T16:29Z,4667,g98e5,1.989
2026-10-05T16:29Z,4668,g95e5,1.819
2026-10-05T16:29Z,4668,gA,1.989
2026-10-05T16:29Z,4668,gP,2.039
2026-10-05T16:29Z,4668,g98e5,1.989
2026-10-05T16:29Z,4669,g95e5,1.844
2026-10-05T16:29Z,4669,gA,1.964
2026-10-05T16:29Z,4669,gP,2.014
2026-10-05T16:29Z,4669,g98e5,1.979
2026-10-05T16:29Z,4671,gA,1.934
2026-10-05T16:29Z,4671,gP,1.984
2026-10-05T16:29Z,4672,g95e5,1.774
2026-10-05T16:29Z,4672,gA,1.914
2026-10-05T16:29Z,4672,gP,1.964
2026-10-05T16:29Z,4672,g95e5p,1.824
2026-10-05T16:29Z,4673,g95e5,1.774
2026-10-05T16:29Z,4673,gA,1.914
2026-10-05T16:29Z,4673,gP,1.964
2026-10-05T16:29Z,4673,g95e5p,1.824
2026-10-05T16:29Z,4674,g95e5,1.818
2026-10-05T16:29Z,4674,g95e5p,1.898
2026-10-05T16:29Z,4675,g95e5,1.789
2026-10-05T16:29Z,4675,gA,1.964
2026-10-05T16:29Z,4675,gP,2.044
2026-10-05T16:29Z,4675,g98e5,1.929
2026-10-05T16:29Z,4681,g95e5,1.719
2026-10-05T16:29Z,4681,gA,1.789
2026-10-05T16:29Z,4681,gP,1.799
2026-10-05T16:29Z,4682,gA,1.989
2026-10-05T16:29Z,4682,gP,2.044
2026-10-05T16:29Z,4684,gA,1.979
2026-10-05T16:29Z,4684,gP,2.029
2026-10-05T16:29Z,4686,g95e5,1.649
2026-10-05T16:29Z,4686,gA,1.767
2026-10-05T16:29Z,4693,g95e5,1.868
2026-10-05T16:29Z,4693,g95e5p,1.938
2026-10-05T16:29Z,4696,g95e5,1.859
2026-10-05T16:29Z,4696,gA,1.974
2026-10-05T16:29Z,4696,gP,2.024
2026-10-05T16:29Z,4696,g98e5,2.019
2026-10-05T16:29Z,4698,g95e5,1.749
2026-10-05T16:29Z,4698,gA,1.899
2026-10-05T16:29Z,4698,g95e5p,1.799
2026-10-05T16:29Z,4700,g95e5,1.794
2026-10-05T16:29Z,4700,gA,1.964
2026-10-05T16:29Z,4700,gP,2.014
2026-10-05T16:29Z,4700,g98e5,1.949
2026-10-05T16:29Z,4701,g95e5,1.829
2026-10-05T16:29Z,4701,gA,1.939
2026-10-05T16:29Z,4701,gP,1.989
2026-10-05T16:29Z,4701,g95e5p,1.879
2026-10-05T16:29Z,4702,g95e5,1.814
2026-10-05T16:29Z,4702,gA,1.974
2026-10-05T16:29Z,4702,gP,2.024
2026-10-05T16:29Z,4702,g95e5p,1.864
2026-10-05T16:29Z,4703,g95e5,1.814
2026-10-05T16:29Z,4703,gA,1.974
2026-10-05T16:29Z,4703,gP,2.024
2026-10-05T16:29Z,4703,g95e5p,1.864
2026-10-05T16:29Z,4704,g95e5,1.769
2026-10-05T16:29Z,4704,g98e5,1.909
2026-10-05T16:29Z,4706,g95e5,1.848
2026-10-05T16:29Z,4706,gA,1.984
2026-10-05T16:29Z,4706,gP,2.089
2026-10-05T16:29Z,4706,g95e5p,1.908
2026-10-05T16:29Z,4710,g95e5,1.839
2026-10-05T16:29Z,4710,gA,1.959
2026-10-05T16:29Z,4710,gP,2.039
2026-10-05T16:29Z,4710,g98e5,1.979
2026-10-05T16:29Z,4711,gA,1.944
2026-10-05T16:29Z,4711,gP,2.024
2026-10-05T16:29Z,4713,gA,1.879
2026-10-05T16:29Z,4713,gP,1.959
2026-10-05T16:29Z,4714,gA,1.929
2026-10-05T16:29Z,4714,gP,2.009
2026-10-05T16:29Z,4715,gA,1.959
2026-10-05T16:29Z,4715,gP,2.039
2026-10-05T16:29Z,4716,g95e5,1.759
2026-10-05T16:29Z,4716,gA,1.924
2026-10-05T16:29Z,4716,gP,2.004
2026-10-05T16:29Z,4716,g98e5,1.899
2026-10-05T16:29Z,4717,gA,1.914
2026-10-05T16:29Z,4717,gP,1.994
2026-10-05T16:29Z,4718,gA,1.914
2026-10-05T16:29Z,4718,gP,1.994
2026-10-05T16:29Z,4725,gA,1.989
2026-10-05T16:29Z,4725,gP,2.099
2026-10-05T16:29Z,4731,g95e5,1.855
2026-10-05T16:29Z,4731,gA,1.959
2026-10-05T16:29Z,4731,gP,1.979
2026-10-05T16:29Z,4738,g95e5,1.779
2026-10-05T16:29Z,4738,gA,1.909
2026-10-05T16:29Z,4738,gP,1.989
2026-10-05T16:29Z,4738,g98e5,1.919
2026-10-05T16:29Z,4739,gA,1.979
2026-10-05T16:29Z,4763,g95e5,1.858
2026-10-05T16:29Z,4763,g95e5p,1.898
2026-10-05T16:29Z,4774,g95e5,1.789
2026-10-05T16:29Z,4774,gA,1.939
2026-10-05T16:29Z,4774,gP,1.989
2026-10-05T16:29Z,4774,gB,1.639
2026-10-05T16:29Z,4791,gA,1.949
2026-10-05T16:29Z,4794,g95e5,1.879
2026-10-05T16:29Z,4807,g95e5,1.879
2026-10-05T16:29Z,4807,gA,2.025
2026-10-05T16:29Z,4813,gA,1.979
2026-10-05T16:29Z,4819,g95e5,1.804
2026-10-05T16:29Z,4819,gA,1.944
2026-10-05T16:29Z,4819,gP,2.034
2026-10-05T16:29Z,4819,g98e5,1.929
2026-10-05T16:29Z,4828,g95e5,1.785
2026-10-05T16:29Z,4828,gA,1.989
2026-10-05T16:29Z,4828,gP,2.099
2026-10-05T16:29Z,4828,g98e5,1.945
2026-10-05T16:29Z,4830,g95e5,1.848
2026-10-05T16:29Z,4830,g95e5p,1.908
2026-10-05T16:29Z,4841,gA,1.975
2026-10-05T16:29Z,4850,g95e5,1.825
2026-10-05T16:29Z,4850,gA,1.969
2026-10-05T16:29Z,4859,gA,1.995
2026-10-05T16:29Z,4862,gA,1.969
2026-10-05T16:29Z,4862,gP,2.069
2026-10-05T16:29Z,4863,g95e5,1.818
2026-10-05T16:29Z,4863,g95e5p,1.858
2026-10-05T16:29Z,4866,g95e5,1.835
2026-10-05T16:29Z,4866,gA,1.995
2026-10-05T16:29Z,4868,g95e5,1.835
2026-10-05T16:29Z,4868,gA,1.995
2026-10-05T16:29Z,4870,g95e5,1.858
2026-10-05T16:29Z,4870,gA,1.974
2026-10-05T16:29Z,4870,gP,2.054
2026-10-05T16:29Z,4870,g95e5p,1.898
2026-10-05T16:29Z,4874,g95e5,1.969
2026-10-05T16:29Z,4874,gA,2.029
2026-10-05T16:29Z,4880,gA,1.999
2026-10-05T16:29Z,4880,gP,2.079
2026-10-05T16:29Z,4881,g95e5,1.839
2026-10-05T16:29Z,4881,gA,1.979
2026-10-05T16:29Z,4881,gP,2.029
2026-10-05T16:29Z,4881,g98e5,1.984
2026-10-05T16:29Z,4884,g95e5,1.858
2026-10-05T16:29Z,4884,gA,2.014
2026-10-05T16:29Z,4884,gP,2.079
2026-10-05T16:29Z,4884,g98e5,1.968
2026-10-05T16:29Z,4886,g95e5,1.858
2026-10-05T16:29Z,4886,g95e5p,1.918
2026-10-05T16:29Z,4887,g95e5,1.858
2026-10-05T16:29Z,4887,g95e5p,1.918
2026-10-05T16:29Z,4888,g95e5,1.729
2026-10-05T16:29Z,4889,g95e5,1.858
2026-10-05T16:29Z,4889,gA,2.004
2026-10-05T16:29Z,4889,gP,2.079
2026-10-05T16:29Z,4889,g95e5p,1.918
2026-10-05T16:29Z,4908,gB,1.569
2026-10-05T16:29Z,4917,g95e5,1.879
2026-10-05T16:29Z,4917,gA,1.971
2026-10-05T16:29Z,4919,g95e5,1.819
2026-10-05T16:29Z,4919,gA,1.879
2026-10-05T16:29Z,4919,gP,1.929
2026-10-05T16:29Z,4919,g98e5,1.909
2026-10-05T16:29Z,4922,g95e5,1.779
2026-10-05T16:29Z,4922,gA,1.909
2026-10-05T16:29Z,4922,gP,1.989
2026-10-05T16:29Z,4922,g98e5,1.919
2026-10-05T16:29Z,4923,g98e5,1.859
2026-10-05T16:29Z,4928,g95e5,1.768
2026-10-05T16:29Z,4930,gA,1.919
2026-10-05T16:29Z,4930,gP,1.999
2026-10-05T16:29Z,4941,gA,1.799
2026-10-05T16:29Z,4944,g95e5,1.979
2026-10-05T16:29Z,4944,gA,1.979
2026-10-05T16:29Z,4944,gP,1.988
2026-10-05T16:29Z,4958,gA,1.969
2026-10-05T16:29Z,4958,gP,2.049
2026-10-05T16:29Z,4961,g95e5,1.849
2026-10-05T16:29Z,4961,gA,1.999
2026-10-05T16:29Z,4961,gP,2.079
2026-10-05T16:29Z,4961,g98e5,1.989
2026-10-05T16:29Z,4962,g95e5,1.839
2026-10-05T16:29Z,4962,gA,1.994
2026-10-05T16:29Z,4962,gP,2.034
2026-10-05T16:29Z,4962,g98e5,1.979
2026-10-05T16:29Z,4963,g95e5,1.839
2026-10-05T16:29Z,4963,gA,1.994
2026-10-05T16:29Z,4963,gP,2.034
2026-10-05T16:29Z,4963,g98e5,1.979
2026-10-05T16:29Z,4969,g95e5,1.689
2026-10-05T16:29Z,4969,gA,1.719
2026-10-05T16:29Z,4969,g98e5,1.949
2026-10-05T16:29Z,4970,gB,1.569
2026-10-05T16:29Z,4972,g95e5,1.819
2026-10-05T16:29Z,4972,gA,1.989
2026-10-05T16:29Z,4975,g95e5,1.814
2026-10-05T16:29Z,4975,gA,2.009
2026-10-05T16:29Z,4975,gP,2.059
2026-10-05T16:29Z,4975,g98e5,1.969
2026-10-05T16:29Z,4981,g95e5,1.808
2026-10-05T16:29Z,4981,g95e5p,1.898
2026-10-05T16:29Z,4983,g95e5,1.848
2026-10-05T16:29Z,4989,gA,1.954
2026-10-05T16:29Z,4989,gP,2.044
2026-10-05T16:29Z,4991,gA,1.944
2026-10-05T16:29Z,4991,gP,2.034
2026-10-05T16:29Z,5002,gA,1.989
2026-10-05T16:29Z,5002,gP,2.059
2026-10-05T16:29Z,5011,g95e5,1.879
2026-10-05T16:29Z,5011,gA,2.029
2026-10-05T16:29Z,5022,g95e5,1.848
2026-10-05T16:29Z,5022,gA,2.024
2026-10-05T16:29Z,5022,gP,2.119
2026-10-05T16:29Z,5022,g98e5,1.978
2026-10-05T16:29Z,5028,g95e5,2.054
2026-10-05T16:29Z,5028,gA,1.984
2026-10-05T16:29Z,5028,gP,2.074
2026-10-05T16:29Z,5028,g95e5p,2.104
2026-10-05T16:29Z,5036,g95e5,1.814
2026-10-05T16:29Z,5036,gA,1.904
2026-10-05T16:29Z,5036,gP,1.994
2026-10-05T16:29Z,5036,g95e5p,1.864
2026-10-05T16:29Z,5037,g95e5,1.714
2026-10-05T16:29Z,5037,gA,1.799
2026-10-05T16:29Z,5037,gP,1.849
2026-10-05T16:29Z,5037,g98e5,1.854
2026-10-05T16:29Z,5037,gB,1.529
2026-10-05T16:29Z,5038,g95e5,1.769
2026-10-05T16:29Z,5038,gA,1.839
2026-10-05T16:29Z,5038,gP,1.889
2026-10-05T16:29Z,5039,g95e5,1.879
2026-10-05T16:29Z,5039,g98e5,1.979
2026-10-05T16:29Z,5040,g95e5,1.749
2026-10-05T16:29Z,5040,g95e5p,1.799
2026-10-05T16:29Z,5043,g95e5,1.854
2026-10-05T16:29Z,5043,gA,1.974
2026-10-05T16:29Z,5043,gP,2.024
2026-10-05T16:29Z,5043,gB,1.684
2026-10-05T16:29Z,5051,gA,1.995
2026-10-05T16:29Z,5053,gA,1.914
2026-10-05T16:29Z,5053,gP,1.964
2026-10-05T16:29Z,5060,g95e5,1.879
2026-10-05T16:29Z,5060,gA,2.029
2026-10-05T16:29Z,5060,gP,2.099
2026-10-05T16:29Z,5060,g98e5,1.999
2026-10-05T16:29Z,5062,gA,1.999
2026-10-05T16:29Z,5071,gA,1.959
2026-10-05T16:29Z,5071,gP,1.989
2026-10-05T16:29Z,5071,gB,1.729
2026-10-05T16:29Z,5074,g95e5,1.859
2026-10-05T16:29Z,5074,gA,1.979
2026-10-05T16:29Z,5074,gP,2.069
2026-10-05T16:29Z,5074,g95e5p,1.909
2026-10-05T16:29Z,5079,gA,1.979
2026-10-05T16:29Z,5086,g95e5,1.689
2026-10-05T16:29Z,5086,gA,1.769
2026-10-05T16:29Z,5086,g98e5,1.789
2026-10-05T16:29Z,5093,g95e5,1.799
2026-10-05T16:29Z,5096,g95e5,1.699
2026-10-05T16:29Z,5096,gA,1.839
2026-10-05T16:29Z,5096,gP,1.859
2026-10-05T16:29Z,5096,g95e5p,1.719
2026-10-05T16:29Z,5100,g95e5,1.819
2026-10-05T16:29Z,5100,gA,1.979
2026-10-05T16:29Z,5100,gP,2.059
2026-10-05T16:29Z,5107,gA,1.969
2026-10-05T16:29Z,5107,gP,2.079
2026-10-05T16:29Z,5119,gA,1.969
2026-10-05T16:29Z,5119,gP,2.029
2026-10-05T16:29Z,5139,g95e5,1.859
2026-10-05T16:29Z,5139,g98e5,1.999
2026-10-05T16:29Z,5140,gA,1.949
2026-10-05T16:29Z,5143,g95e5,1.789
2026-10-05T16:29Z,5143,gA,1.959
2026-10-05T16:29Z,5150,gA,2.005
2026-10-05T16:29Z,5155,g95e5,2.059
2026-10-05T16:29Z,5159,g95e5,1.869
2026-10-05T16:29Z,5174,g95e5,1.833
2026-10-05T16:29Z,5174,gA,1.979
2026-10-05T16:29Z,5174,gP,2.099
2026-10-05T16:29Z,5175,g95e5,1.669
2026-10-05T16:29Z,5175,gA,1.759
2026-10-05T16:29Z,5175,gP,1.769
2026-10-05T16:29Z,5175,g95e5p,1.679
2026-10-05T16:29Z,5178,g95e5,1.759
2026-10-05T16:29Z,5187,g95e5,1.879
2026-10-05T16:29Z,5187,gA,2.035
2026-10-05T16:29Z,5192,g95e5,1.858
2026-10-05T16:29Z,5194,g95e5,1.813
2026-10-05T16:29Z,5194,gA,1.994
2026-10-05T16:29Z,5194,gP,2.044
2026-10-05T16:29Z,5194,g98e5,1.913
2026-10-05T16:29Z,5194,gB,1.858
2026-10-05T16:29Z,5195,g95e5,1.859
2026-10-05T16:29Z,5195,gA,1.969
2026-10-05T16:29Z,5202,gA,1.979
2026-10-05T16:29Z,5205,g95e5,1.805
2026-10-05T16:29Z,5206,g95e5,1.845
2026-10-05T16:29Z,5206,gA,1.999
2026-10-05T16:29Z,5219,g95e5,1.969
2026-10-05T16:29Z,5219,gA,1.999
2026-10-05T16:29Z,5227,g95e5,1.825
2026-10-05T16:29Z,5227,gA,1.955
2026-10-05T16:29Z,5229,g95e5,1.698
2026-10-05T16:29Z,5229,gA,1.788
2026-10-05T16:29Z,5229,gP,1.898
2026-10-05T16:29Z,5250,g95e5,1.858
2026-10-05T16:29Z,5250,gA,1.989
2026-10-05T16:29Z,5250,gP,2.079
2026-10-05T16:29Z,5250,g95e5p,1.918
2026-10-05T16:29Z,5251,g95e5,1.858
2026-10-05T16:29Z,5251,gA,1.989
2026-10-05T16:29Z,5280,g95e5,1.835
2026-10-05T16:29Z,5280,gA,1.965
2026-10-05T16:29Z,5280,gP,2.035
2026-10-05T16:29Z,5280,g98e5,2.035
2026-10-05T16:29Z,5292,gA,1.949
2026-10-05T16:29Z,5292,gP,2.029
2026-10-05T16:29Z,5297,g95e5,1.815
2026-10-05T16:29Z,5300,gA,1.979
2026-10-05T16:29Z,5301,gA,1.979
2026-10-05T16:29Z,5302,g95e5,1.829
2026-10-05T16:29Z,5302,gA,1.975
2026-10-05T16:29Z,5306,g95e5,1.845
2026-10-05T16:29Z,5306,gA,1.999
2026-10-05T16:29Z,5307,g95e5,1.885
2026-10-05T16:29Z,5307,gA,2.035
2026-10-05T16:29Z,5308,g95e5,1.854
2026-10-05T16:29Z,5308,gA,2.004
2026-10-05T16:29Z,5308,gP,2.054
2026-10-05T16:29Z,5308,g98e5,2.009
2026-10-05T16:29Z,5313,gA,1.979
2026-10-05T16:29Z,5313,gP,2.099
2026-10-05T16:29Z,5313,g98e5,1.929
2026-10-05T16:29Z,5318,g95e5,1.799
2026-10-05T16:29Z,5322,g95e5,1.859
2026-10-05T16:29Z,5322,gA,1.979
2026-10-05T16:29Z,5322,gP,2.029
2026-10-05T16:29Z,5322,g98e5,2.014
2026-10-05T16:29Z,5323,gA,1.939
2026-10-05T16:29Z,5323,gP,2.029
2026-10-05T16:29Z,5328,gA,2.024
2026-10-05T16:29Z,5328,gP,2.119
2026-10-05T16:29Z,5331,gA,1.849
2026-10-05T16:29Z,5335,gA,1.979
2026-10-05T16:29Z,5335,gP,2.059
2026-10-05T16:29Z,5347,gA,1.979
2026-10-05T16:29Z,5352,g95e5,1.855
2026-10-05T16:29Z,5352,gA,1.995
2026-10-05T16:29Z,5353,g95e5,1.809
2026-10-05T16:29Z,5353,gA,1.919
2026-10-05T16:29Z,5353,g98e5,2.049
2026-10-05T16:29Z,5357,g95e5,1.855
2026-10-05T16:29Z,5364,g95e5,1.878
2026-10-05T16:29Z,5364,gA,1.998
2026-10-05T16:29Z,5366,g95e5,1.899
2026-10-05T16:29Z,5366,gA,2.009
2026-10-05T16:29Z,5366,gP,2.129
2026-10-05T16:29Z,5368,g95e5,1.829
2026-10-05T16:29Z,5368,gA,1.989
2026-10-05T16:29Z,5368,gP,2.049
2026-10-05T16:29Z,5368,g95e5p,1.969
2026-10-05T16:29Z,5369,g95e5,1.899
2026-10-05T16:29Z,5369,gA,1.999
2026-10-05T16:29Z,5369,gP,2.109
2026-10-05T16:29Z,5369,g98e5,2.109
2026-10-05T16:29Z,5375,g95e5,1.825
2026-10-05T16:29Z,5375,gA,1.999
2026-10-05T16:29Z,5376,g95e5,1.835
2026-10-05T16:29Z,5380,g95e5,1.962
2026-10-05T16:29Z,5380,gA,1.959
2026-10-05T16:29Z,5395,gA,1.999
2026-10-05T16:29Z,5398,g95e5,1.749
2026-10-05T16:29Z,5398,g98e5,1.899
2026-10-05T16:29Z,5409,g95e5,1.859
2026-10-05T16:29Z,5409,gA,1.989
2026-10-05T16:29Z,5412,g95e5,1.999
2026-10-05T16:29Z,5420,g95e5,1.859
2026-10-05T16:29Z,5430,gA,1.979
2026-10-05T16:29Z,5430,gP,2.089
2026-10-05T16:29Z,5434,g95e5,1.824
2026-10-05T16:29Z,5434,gA,1.954
2026-10-05T16:29Z,5434,gP,2.004
2026-10-05T16:29Z,5434,g98e5,1.989
2026-10-05T16:29Z,5440,g95e5,1.865
2026-10-05T16:29Z,5470,g95e5,1.855
2026-10-05T16:29Z,5470,gA,2.009
2026-10-05T16:29Z,5480,g98e5,1.964
2026-10-05T16:29Z,5491,g95e5,1.855
2026-10-05T16:29Z,5491,g98e5,1.965
2026-10-05T16:29Z,5492,g95e5,1.855
2026-10-05T16:29Z,5492,g98e5,1.965
2026-10-05T16:29Z,5495,g95e5,1.854
2026-10-05T16:29Z,5495,gA,1.944
2026-10-05T16:29Z,5495,gP,1.994
2026-10-05T16:29Z,5495,g98e5,1.979
2026-10-05T16:29Z,5501,g95e5,1.824
2026-10-05T16:29Z,5501,gA,1.994
2026-10-05T16:29Z,5501,gP,2.044
2026-10-05T16:29Z,5501,g98e5,1.959
2026-10-05T16:29Z,5507,g95e5,1.898
2026-10-05T16:29Z,5507,gA,2.064
2026-10-05T16:29Z,5507,gP,2.139
2026-10-05T16:29Z,5507,g98e5,1.998
2026-10-05T16:29Z,5518,g95e5,1.859
2026-10-05T16:29Z,5518,gA,1.975
2026-10-05T16:29Z,5519,g95e5,1.795
2026-10-05T16:29Z,5521,g95e5,1.803
2026-10-05T16:29Z,5521,gA,1.954
2026-10-05T16:29Z,5521,gP,2.079
2026-10-05T16:29Z,5521,g98e5,1.948
2026-10-05T16:29Z,5524,g95e5,1.803
2026-10-05T16:29Z,5524,gA,1.954
2026-10-05T16:29Z,5524,gP,2.079
2026-10-05T16:29Z,5524,g98e5,1.948
2026-10-05T16:29Z,5535,g95e5,1.674
2026-10-05T16:29Z,5535,gA,1.854
2026-10-05T16:29Z,5535,gP,1.904
2026-10-05T16:29Z,5537,g95e5,1.804
2026-10-05T16:29Z,5537,gA,1.984
2026-10-05T16:29Z,5537,gP,2.034
2026-10-05T16:29Z,5537,g98e5,1.959
2026-10-05T16:29Z,5538,g95e5,1.709
2026-10-05T16:29Z,5538,gA,1.794
2026-10-05T16:29Z,5538,gP,1.844
2026-10-05T16:29Z,5538,g98e5,1.849
2026-10-05T16:29Z,5540,g95e5,1.845
2026-10-05T16:29Z,5540,gA,2.035
2026-10-05T16:29Z,5541,g95e5,1.815
2026-10-05T16:29Z,5541,gA,2.005
2026-10-05T16:29Z,5552,g95e5,1.739
2026-10-05T16:29Z,5552,gA,1.929
2026-10-05T16:29Z,5552,gB,1.659
2026-10-05T16:29Z,5553,gA,1.939
2026-10-05T16:29Z,5553,gP,2.009
2026-10-05T16:29Z,5556,g95e5,1.809
2026-10-05T16:29Z,5556,gA,1.939
2026-10-05T16:29Z,5556,gP,1.989
2026-10-05T16:29Z,5558,g95e5,1.729
2026-10-05T16:29Z,5559,g95e5,1.839
2026-10-05T16:29Z,5559,gA,1.999
2026-10-05T16:29Z,5559,gP,2.049
2026-10-05T16:29Z,5559,g98e5,1.974
2026-10-05T16:29Z,5566,g95e5,1.780
2026-10-05T16:29Z,5567,gA,1.929
2026-10-05T16:29Z,5567,gP,1.999
2026-10-05T16:29Z,5569,gA,1.959
2026-10-05T16:29Z,5570,gA,1.799
2026-10-05T16:29Z,5571,g95e5,1.879
2026-10-05T16:29Z,5571,gA,1.959
2026-10-05T16:29Z,5571,gP,1.999
2026-10-05T16:29Z,5576,g95e5,1.829
2026-10-05T16:29Z,5576,gA,1.929
2026-10-05T16:29Z,5576,gP,1.969
2026-10-05T16:29Z,5578,g95e5,1.849
2026-10-05T16:29Z,5579,g95e5,1.859
2026-10-05T16:29Z,5579,gA,1.979
2026-10-05T16:29Z,5579,gP,2.019
2026-10-05T16:29Z,5586,g95e5,1.899
2026-10-05T16:29Z,5586,gA,1.959
2026-10-05T16:29Z,5591,gA,2.029
2026-10-05T16:29Z,5591,gP,2.069
2026-10-05T16:29Z,5592,g95e5,1.869
2026-10-05T16:29Z,5592,gA,1.879
2026-10-05T16:29Z,5592,gP,1.959
2026-10-05T16:29Z,5593,g95e5,1.799
2026-10-05T16:29Z,5598,g95e5,1.725
2026-10-05T16:29Z,5599,g95e5,1.859
2026-10-05T16:29Z,5599,gA,1.949
2026-10-05T16:29Z,5599,gP,1.989
2026-10-05T16:29Z,5601,g95e5,1.779
2026-10-05T16:29Z,5601,gA,1.979
2026-10-05T16:29Z,5601,gP,2.019
2026-10-05T16:29Z,5603,g95e5,1.839
2026-10-05T16:29Z,5603,gA,1.989
2026-10-05T16:29Z,5603,gP,2.029
2026-10-05T16:29Z,5608,g95e5,1.759
2026-10-05T16:29Z,5619,gA,1.964
2026-10-05T16:29Z,5619,gP,2.014
2026-10-05T16:29Z,5621,g95e5,1.677
2026-10-05T16:29Z,5621,gA,1.726
2026-10-05T16:29Z,5622,g95e5,1.677
2026-10-05T16:29Z,5622,gA,1.726
2026-10-05T16:29Z,5623,gA,1.726
2026-10-05T16:29Z,5644,gA,1.949
2026-10-05T16:29Z,5659,g95e5,1.859
2026-10-05T16:29Z,5659,gA,1.929
2026-10-05T16:29Z,5659,gP,1.979
2026-10-05T16:29Z,5659,g98e5,1.959
2026-10-05T16:29Z,5669,gA,1.999
2026-10-05T16:29Z,5669,gP,2.089
2026-10-05T16:29Z,5671,g95e5,1.689
2026-10-05T16:29Z,5676,g95e5,1.889
2026-10-05T16:29Z,5677,gA,1.929
2026-10-05T16:29Z,5677,gP,2.029
2026-10-05T16:29Z,5684,g95e5,1.849
2026-10-05T16:29Z,5684,gA,1.939
2026-10-05T16:29Z,5684,gP,2.039
2026-10-05T16:29Z,5684,g98e5,2.009
2026-10-05T16:29Z,5684,g95e5p,1.909
2026-10-05T16:29Z,5686,g95e5,1.899
2026-10-05T16:29Z,5686,gA,1.979
2026-10-05T16:29Z,5686,gP,2.059
2026-10-05T16:29Z,5686,g98e5,2.049
2026-10-05T16:29Z,5690,gA,1.924
2026-10-05T16:29Z,5690,gP,2.014
2026-10-05T16:29Z,5692,gA,1.845
2026-10-05T16:29Z,5692,gP,1.865
2026-10-05T16:29Z,5694,g95e5,1.859
2026-10-05T16:29Z,5694,gA,1.979
2026-10-05T16:29Z,5694,gP,2.069
2026-10-05T16:29Z,5694,gB,1.889
2026-10-05T16:29Z,5696,gA,1.989
2026-10-05T16:29Z,5696,gP,2.069
2026-10-05T16:29Z,5697,gA,1.959
2026-10-05T16:29Z,5697,gP,2.059
2026-10-05T16:29Z,5698,g95e5,1.868
2026-10-05T16:29Z,5700,gA,1.964
2026-10-05T16:29Z,5700,gP,2.089
2026-10-05T16:29Z,5711,g95e5,1.829
2026-10-05T16:29Z,5711,gA,1.975
2026-10-05T16:29Z,5711,gP,2.075
2026-10-05T16:29Z,5723,gA,2.019
2026-10-05T16:29Z,5725,g95e5,1.829
2026-10-05T16:29Z,5725,g98e5,1.969
2026-10-05T16:29Z,5730,g95e5,1.955
2026-10-05T16:29Z,5730,gA,2.019
2026-10-05T16:29Z,5730,gP,2.159
2026-10-05T16:29Z,5733,g95e5,1.835
2026-10-05T16:29Z,5740,g95e5,1.878
2026-10-05T16:29Z,5740,gA,2.024
2026-10-05T16:29Z,5740,gP,2.119
2026-10-05T16:29Z,5740,g98e5,1.958
2026-10-05T16:29Z,5761,g95e5,1.859
2026-10-05T16:29Z,5761,gA,1.979
2026-10-05T16:29Z,5774,gA,1.945
2026-10-05T16:29Z,5780,g95e5,1.775
2026-10-05T16:29Z,5780,gA,2.015
2026-10-05T16:29Z,5780,gP,2.115
2026-10-05T16:29Z,5780,g95e5p,1.835
2026-10-05T16:29Z,5783,gA,1.995
2026-10-05T16:29Z,5794,g95e5,1.794
2026-10-05T16:29Z,5794,gA,1.914
2026-10-05T16:29Z,5794,gP,1.964
2026-10-05T16:29Z,5794,g95e5p,1.844
2026-10-05T16:29Z,5808,g95e5,1.855
2026-10-05T16:29Z,5808,gA,1.939
2026-10-05T16:29Z,5811,g95e5,1.819
2026-10-05T16:29Z,5811,gA,1.979
2026-10-05T16:29Z,5811,gP,2.069
2026-10-05T16:29Z,5811,g98e5,1.955
2026-10-05T16:29Z,5816,g95e5,1.855
2026-10-05T16:29Z,5816,gA,2.039
2026-10-05T16:29Z,5828,g95e5,1.809
2026-10-05T16:29Z,5828,gA,1.979
2026-10-05T16:29Z,5828,gP,2.049
2026-10-05T16:29Z,5832,g95e5,1.859
2026-10-05T16:29Z,5832,gA,2.039
2026-10-05T16:29Z,5839,g95e5,1.899
2026-10-05T16:29Z,5839,gA,1.959
2026-10-05T16:29Z,5840,g95e5,1.869
2026-10-05T16:29Z,5840,gA,1.949
2026-10-05T16:29Z,5840,gP,2.019
2026-10-05T16:29Z,5841,g95e5,1.769
2026-10-05T16:29Z,5841,gA,1.979
2026-10-05T16:29Z,5842,gA,2.019
2026-10-05T16:29Z,5842,gP,2.089
2026-10-05T16:29Z,5844,g95e5,1.849
2026-10-05T16:29Z,5844,gA,1.979
2026-10-05T16:29Z,5844,gP,2.069
2026-10-05T16:29Z,5844,g98e5,1.969
2026-10-05T16:29Z,5847,g95e5,1.759
2026-10-05T16:29Z,5848,g95e5,1.799
2026-10-05T16:29Z,5850,gA,1.989
2026-10-05T16:29Z,5850,gP,2.029
2026-10-05T16:29Z,5851,gA,1.959
2026-10-05T16:29Z,5851,gP,1.999
2026-10-05T16:29Z,5852,gA,1.989
2026-10-05T16:29Z,5852,gP,2.029
2026-10-05T16:29Z,5854,g95e5,1.839
2026-10-05T16:29Z,5854,gA,2.019
2026-10-05T16:29Z,5854,gP,2.059
2026-10-05T16:29Z,5855,g95e5,1.829
2026-10-05T16:29Z,5855,gA,2.029
2026-10-05T16:29Z,5855,gP,2.069
2026-10-05T16:29Z,5865,g95e5,1.799
2026-10-05T16:29Z,5865,gA,1.845
2026-10-05T16:29Z,5865,gP,1.849
2026-10-05T16:29Z,5866,g95e5,1.849
2026-10-05T16:29Z,5866,gA,1.949
2026-10-05T16:29Z,5866,gP,2.009
2026-10-05T16:29Z,5866,g98e5,2.049
2026-10-05T16:29Z,5868,g95e5,1.799
2026-10-05T16:29Z,5874,g95e5,1.818
2026-10-05T16:29Z,5874,gA,2.004
2026-10-05T16:29Z,5874,gP,2.094
2026-10-05T16:29Z,5876,gA,2.004
2026-10-05T16:29Z,5876,gP,2.099
2026-10-05T16:29Z,5884,gA,1.989
2026-10-05T16:29Z,5884,gP,2.079
2026-10-05T16:29Z,5885,g95e5,1.839
2026-10-05T16:29Z,5885,gA,1.899
2026-10-05T16:29Z,5885,gB,1.599
2026-10-05T16:29Z,5915,gA,1.988
2026-10-05T16:29Z,5915,gP,2.089
2026-10-05T16:29Z,5921,g95e5,1.699
2026-10-05T16:29Z,5921,gA,1.799
2026-10-05T16:29Z,5929,gA,1.959
2026-10-05T16:29Z,5940,gA,1.965
2026-10-05T16:29Z,5943,g95e5,1.855
2026-10-05T16:29Z,5946,gA,2.039
2026-10-05T16:29Z,5947,g95e5,1.825
2026-10-05T16:29Z,5947,gA,1.999
2026-10-05T16:29Z,5965,gA,1.999
2026-10-05T16:29Z,5965,gP,2.099
2026-10-05T16:29Z,5965,gB,1.849
2026-10-05T16:29Z,5970,g95e5,1.845
2026-10-05T16:29Z,5970,gA,2.035
2026-10-05T16:29Z,5980,g95e5,1.859
2026-10-05T16:29Z,5980,gA,2.009
2026-10-05T16:29Z,5980,gP,2.069
2026-10-05T16:29Z,5980,gB,1.679
2026-10-05T16:29Z,5981,g95e5,1.859
2026-10-05T16:29Z,5981,gA,2.009
2026-10-05T16:29Z,5981,gP,2.069
2026-10-05T16:29Z,5981,gB,1.679
2026-10-05T16:29Z,5985,g98e5,1.989
2026-10-05T16:29Z,5996,g95e5,1.849
2026-10-05T16:29Z,5996,gA,2.009
2026-10-05T16:29Z,5996,gP,2.069
2026-10-05T16:29Z,5996,g98e5,1.989
2026-10-05T16:29Z,5998,g95e5,1.859
2026-10-05T16:29Z,6012,gA,1.979
2026-10-05T16:29Z,6012,gP,1.999
2026-10-05T16:29Z,6013,g95e5,1.769
2026-10-05T16:29Z,6013,gA,1.939
2026-10-05T16:29Z,6013,gP,1.969
2026-10-05T16:29Z,6013,gB,1.729
2026-10-05T16:29Z,6038,g95e5,1.859
2026-10-05T16:29Z,6057,g95e5,1.825
2026-10-05T16:29Z,6057,gA,2.029
2026-10-05T16:29Z,6058,gA,2.009
2026-10-05T16:29Z,6061,g95e5,1.809
2026-10-05T16:29Z,6061,gA,1.985
2026-10-05T16:29Z,6066,g95e5,1.808
2026-10-05T16:29Z,6067,g95e5,1.808
2026-10-05T16:29Z,6067,gA,2.024
2026-10-05T16:29Z,6067,gP,2.089
2026-10-05T16:29Z,6078,gA,1.829
2026-10-05T16:29Z,6079,g95e5,1.829
2026-10-05T16:29Z,6082,g95e5,1.829
2026-10-05T16:29Z,6082,gA,1.979
2026-10-05T16:29Z,6082,gP,2.019
2026-10-05T16:29Z,6086,g95e5,1.744
2026-10-05T16:29Z,6086,gA,1.859
2026-10-05T16:29Z,6086,gP,1.909
2026-10-05T16:29Z,6086,g95e5p,1.794
2026-10-05T16:29Z,6106,gA,1.975
2026-10-05T16:29Z,6106,gP,2.065
2026-10-05T16:29Z,6106,gB,1.749
2026-10-05T16:29Z,6107,g95e5,1.878
2026-10-05T16:29Z,6107,g95e5p,1.918
2026-10-05T16:29Z,6112,g95e5,1.803
2026-10-05T16:29Z,6120,g95e5,1.803
2026-10-05T16:29Z,6124,g95e5,1.857
2026-10-05T16:29Z,6124,gA,1.979
2026-10-05T16:29Z,6124,gP,2.021
2026-10-05T16:29Z,6124,g98e5,1.936
2026-10-05T16:29Z,6128,g95e5,1.868
2026-10-05T16:29Z,6128,gA,1.984
2026-10-05T16:29Z,6128,gP,2.074
2026-10-05T16:29Z,6128,g95e5p,1.908
2026-10-05T16:29Z,6138,g95e5,1.878
2026-10-05T16:29Z,6138,gA,2.054
2026-10-05T16:29Z,6138,gP,2.139
2026-10-05T16:29Z,6138,g95e5p,1.928
2026-10-05T16:29Z,6164,gA,1.985
2026-10-05T16:29Z,6165,g95e5,1.868
2026-10-05T16:29Z,6165,g95e5p,1.908
2026-10-05T16:29Z,6166,g95e5,1.854
2026-10-05T16:29Z,6166,gA,1.974
2026-10-05T16:29Z,6166,gP,2.024
2026-10-05T16:29Z,6166,g98e5,2.024
2026-10-05T16:29Z,6167,g95e5,1.899
2026-10-05T16:29Z,6167,gA,1.989
2026-10-05T16:29Z,6176,g95e5,1.899
2026-10-05T16:29Z,6177,g95e5,1.824
2026-10-05T16:29Z,6177,gA,1.994
2026-10-05T16:29Z,6177,gP,2.084
2026-10-05T16:29Z,6177,g98e5,1.964
2026-10-05T16:29Z,6180,g95e5,1.815
2026-10-05T16:29Z,6180,gA,1.965
2026-10-05T16:29Z,6180,gP,2.025
2026-10-05T16:29Z,6180,g95e5p,1.875
2026-10-05T16:29Z,6181,g95e5,1.899
2026-10-05T16:29Z,6181,gA,2.039
2026-10-05T16:29Z,6188,g95e5,1.875
2026-10-05T16:29Z,6190,gA,1.979
2026-10-05T16:29Z,6190,g98e5,2.039
2026-10-05T16:29Z,6190,gB,1.839
2026-10-05T16:29Z,6191,g95e5,1.859
2026-10-05T16:29Z,6191,gA,2.019
2026-10-05T16:29Z,6197,g95e5,1.889
2026-10-05T16:29Z,6198,gA,1.989
2026-10-05T16:29Z,6200,g95e5,1.899
2026-10-05T16:29Z,6200,g98e5,2.049
2026-10-05T16:29Z,6201,g95e5,1.899
2026-10-05T16:29Z,6201,g98e5,2.049
2026-10-05T16:29Z,6203,gA,2.009
2026-10-05T16:29Z,6203,gP,2.079
2026-10-05T16:29Z,6203,g98e5,2.019
2026-10-05T16:29Z,6208,g95e5,1.819
2026-10-05T16:29Z,6208,gA,1.969
2026-10-05T16:29Z,6226,g95e5,1.799
2026-10-05T16:29Z,6226,gA,1.878
2026-10-05T16:29Z,6226,gP,1.879
2026-10-05T16:29Z,6226,gB,1.678
2026-10-05T16:29Z,6227,g95e5,1.879
2026-10-05T16:29Z,6227,gA,2.009
2026-10-05T16:29Z,6238,g95e5,1.869
2026-10-05T16:29Z,6238,gA,2.025
2026-10-05T16:29Z,6249,g95e5,1.835
2026-10-05T16:29Z,6249,gA,1.979
2026-10-05T16:29Z,6249,gP,2.079
2026-10-05T16:29Z,6249,g98e5,2.025
2026-10-05T16:29Z,6253,gA,1.979
2026-10-05T16:29Z,6255,g95e5,1.879
2026-10-05T16:29Z,6257,g95e5,1.819
2026-10-05T16:29Z,6257,g98e5,1.969
2026-10-05T16:29Z,6259,g95e5,1.885
2026-10-05T16:29Z,6260,gA,2.029
2026-10-05T16:29Z,6265,gA,1.979
2026-10-05T16:29Z,6279,g95e5,1.839
2026-10-05T16:29Z,6279,gA,1.979
2026-10-05T16:29Z,6279,gP,2.044
2026-10-05T16:29Z,6286,g95e5,1.839
2026-10-05T16:29Z,6286,gA,1.985
2026-10-05T16:29Z,6286,gP,2.035
2026-10-05T16:29Z,6293,g98e5,1.879
2026-10-05T16:29Z,6294,gA,2.019
2026-10-05T16:29Z,6295,gA,2.019
2026-10-05T16:29Z,6300,g95e5,1.825
2026-10-05T16:29Z,6300,gA,1.935
2026-10-05T16:29Z,6306,gA,1.949
2026-10-05T16:29Z,6306,gP,2.059
2026-10-05T16:29Z,6309,gA,1.979
2026-10-05T16:29Z,6312,g95e5,1.875
2026-10-05T16:29Z,6312,gA,2.019
2026-10-05T16:29Z,6313,g95e5,1.845
2026-10-05T16:29Z,6313,gA,1.989
2026-10-05T16:29Z,6316,g95e5,1.845
2026-10-05T16:29Z,6316,gA,1.989
2026-10-05T16:29Z,6318,g95e5,1.825
2026-10-05T16:29Z,6318,gA,2.009
2026-10-05T16:29Z,6323,g95e5,1.844
2026-10-05T16:29Z,6323,gA,1.994
2026-10-05T16:29Z,6323,gP,2.044
2026-10-05T16:29Z,6324,g95e5,1.944
2026-10-05T16:29Z,6324,gA,1.994
2026-10-05T16:29Z,6324,gP,2.044
2026-10-05T16:29Z,6325,g95e5,1.839
2026-10-05T16:29Z,6325,gA,1.989
2026-10-05T16:29Z,6325,gP,2.039
2026-10-05T16:29Z,6325,g95e5p,1.889
2026-10-05T16:29Z,6327,g95e5,1.899
2026-10-05T16:29Z,6327,gA,2.029
2026-10-05T16:29Z,6334,gA,1.955
2026-10-05T16:29Z,6336,g95e5,1.769
2026-10-05T16:29Z,6336,gA,1.920
2026-10-05T16:29Z,6336,g98e5,1.960
2026-10-05T16:29Z,6339,g95e5,1.859
2026-10-05T16:29Z,6339,gA,2.015
2026-10-05T16:29Z,6349,g98e5,1.979
2026-10-05T16:29Z,6349,gB,1.769
2026-10-05T16:29Z,6353,gA,1.955
2026-10-05T16:29Z,6356,g95e5,1.895
2026-10-05T16:29Z,6356,gA,2.019
2026-10-05T16:29Z,6359,g95e5,1.879
2026-10-05T16:29Z,6370,g95e5,1.899
2026-10-05T16:29Z,6370,gA,1.989
2026-10-05T16:29Z,6383,g95e5,1.869
2026-10-05T16:29Z,6383,gA,2.009
2026-10-05T16:29Z,6383,gP,2.079
2026-10-05T16:29Z,6383,g98e5,2.029
2026-10-05T16:29Z,6384,g95e5,1.869
2026-10-05T16:29Z,6384,gA,2.009
2026-10-05T16:29Z,6384,gP,2.079
2026-10-05T16:29Z,6384,g98e5,2.029
2026-10-05T16:29Z,6395,g95e5,1.879
2026-10-05T16:29Z,6395,gA,2.009
2026-10-05T16:29Z,6395,g98e5,2.037
2026-10-05T16:29Z,6401,g95e5,1.824
2026-10-05T16:29Z,6401,gA,1.994
2026-10-05T16:29Z,6401,gP,2.084
2026-10-05T16:29Z,6401,g98e5,1.964
2026-10-05T16:29Z,6404,gA,2.019
2026-10-05T16:29Z,6406,g95e5,1.899
2026-10-05T16:29Z,6411,gA,2.025
2026-10-05T16:29Z,6412,g95e5,1.865
2026-10-05T16:29Z,6413,g95e5,1.885
2026-10-05T16:29Z,6413,gA,1.999
2026-10-05T16:29Z,6418,g95e5,1.649
2026-10-05T16:29Z,6418,gA,1.789
2026-10-05T16:29Z,6418,gP,1.799
2026-10-05T16:29Z,6418,g95e5p,1.659
2026-10-05T16:29Z,6426,g95e5,1.803
2026-10-05T16:29Z,6426,g95e5p,1.858
2026-10-05T16:29Z,6433,g95e5,1.729
2026-10-05T16:29Z,6433,gA,1.909
2026-10-05T16:29Z,6433,gP,1.989
2026-10-05T16:29Z,6433,g98e5,1.869
2026-10-05T16:29Z,6437,g95e5,1.769
2026-10-05T16:29Z,6437,gA,1.819
2026-10-05T16:29Z,6437,gP,1.929
2026-10-05T16:29Z,6439,g95e5,1.659
2026-10-05T16:29Z,6439,gA,1.789
2026-10-05T16:29Z,6439,gP,1.799
2026-10-05T16:29Z,6440,g95e5,1.989
2026-10-05T16:29Z,6440,gA,1.999
2026-10-05T16:29Z,6440,gP,2.109
2026-10-05T16:29Z,6440,g98e5,2.149
2026-10-05T16:29Z,6444,g95e5,1.809
2026-10-05T16:29Z,6444,gA,1.859
2026-10-05T16:29Z,6444,gP,1.909
2026-10-05T16:29Z,6444,g98e5,1.869
2026-10-05T16:29Z,6449,g95e5,1.815
2026-10-05T16:29Z,6449,gA,1.969
2026-10-05T16:29Z,6449,gP,2.069
2026-10-05T16:29Z,6449,g98e5,1.975
2026-10-05T16:29Z,6451,g95e5,1.999
2026-10-05T16:29Z,6451,gA,2.019
2026-10-05T16:29Z,6451,gP,2.099
2026-10-05T16:29Z,6452,gA,1.999
2026-10-05T16:29Z,6452,gP,2.139
2026-10-05T16:29Z,6456,g95e5,1.808
2026-10-05T16:29Z,6456,gA,1.958
2026-10-05T16:29Z,6456,gP,2.009
2026-10-05T16:29Z,6456,g98e5,1.938
2026-10-05T16:29Z,6458,g95e5,1.760
2026-10-05T16:29Z,6458,gA,1.840
2026-10-05T16:29Z,6461,g95e5,1.859
2026-10-05T16:29Z,6461,g98e5,1.999
2026-10-05T16:29Z,6461,g95e5p,1.859
2026-10-05T16:29Z,6470,g95e5,1.824
2026-10-05T16:29Z,6470,gA,1.994
2026-10-05T16:29Z,6470,gP,2.014
2026-10-05T16:29Z,6470,g98e5,2.010
2026-10-05T16:29Z,6471,g95e5,1.834
2026-10-05T16:29Z,6471,gA,1.964
2026-10-05T16:29Z,6471,gP,2.014
2026-10-05T16:29Z,6471,g95e5p,1.884
2026-10-05T16:29Z,6473,g95e5,1.769
2026-10-05T16:29Z,6473,gA,1.799
2026-10-05T16:29Z,6473,gP,1.849
2026-10-05T16:29Z,6476,g95e5,1.785
2026-10-05T16:29Z,6476,gA,1.949
2026-10-05T16:29Z,6476,gP,2.049
2026-10-05T16:29Z,6476,g98e5,1.985
2026-10-05T16:29Z,6484,g95e5,1.888
2026-10-05T16:29Z,6484,gA,2.014
2026-10-05T16:29Z,6484,gP,2.109
2026-10-05T16:29Z,6484,g95e5p,1.948
2026-10-05T16:29Z,6492,g95e5,1.789
2026-10-05T16:29Z,6496,g95e5,1.789
2026-10-05T16:29Z,6496,gA,1.939
2026-10-05T16:29Z,6496,gP,2.019
2026-10-05T16:29Z,6496,g98e5,1.929
2026-10-05T16:29Z,6497,g95e5,1.819
2026-10-05T16:29Z,6497,gA,1.979
2026-10-05T16:29Z,6497,gP,2.069
2026-10-05T16:29Z,6498,g95e5,1.815
2026-10-05T16:29Z,6498,gA,1.969
2026-10-05T16:29Z,6498,gP,2.069
2026-10-05T16:29Z,6498,g98e5,1.975
2026-10-05T16:29Z,6499,g95e5,1.858
2026-10-05T16:29Z,6499,g95e5p,1.918
2026-10-05T16:29Z,6501,g95e5,1.858
2026-10-05T16:29Z,6501,gA,2.024
2026-10-05T16:29Z,6501,gP,2.089
2026-10-05T16:29Z,6504,g95e5,1.819
2026-10-05T16:29Z,6504,gA,2.019
2026-10-05T16:29Z,6504,gP,2.089
2026-10-05T16:29Z,6504,g98e5,1.979
2026-10-05T16:29Z,6520,g95e5,1.819
2026-10-05T16:29Z,6520,gA,1.769
2026-10-05T16:29Z,6520,gP,1.929
2026-10-05T16:29Z,6521,g95e5,1.757
2026-10-05T16:29Z,6521,gA,1.869
2026-10-05T16:29Z,6521,gP,1.969
2026-10-05T16:29Z,6521,g98e5,1.917
2026-10-05T16:29Z,6522,g95e5,1.848
2026-10-05T16:29Z,6522,gA,1.964
2026-10-05T16:29Z,6522,gP,2.069
2026-10-05T16:29Z,6522,g95e5p,1.928
2026-10-05T16:29Z,6533,g95e5,1.819
2026-10-05T16:29Z,6533,gA,1.979
2026-10-05T16:29Z,6533,gP,2.059
2026-10-05T16:29Z,6533,g98e5,1.959
2026-10-05T16:29Z,6535,g95e5,1.849
2026-10-05T16:29Z,6535,gA,1.978
2026-10-05T16:29Z,6535,gP,2.019
2026-10-05T16:29Z,6535,g98e5,1.928
2026-10-05T16:29Z,6536,g95e5,1.673
2026-10-05T16:29Z,6536,gA,1.815
2026-10-05T16:29Z,6536,g98e5,1.792
2026-10-05T16:29Z,6539,gA,1.835
2026-10-05T16:29Z,6539,gB,1.719
2026-10-05T16:29Z,6542,g95e5,1.799
2026-10-05T16:29Z,6542,g98e5,1.899
2026-10-05T16:29Z,6543,g95e5,1.799
2026-10-05T16:29Z,6556,g95e5,1.719
2026-10-05T16:29Z,6565,g95e5,1.759
2026-10-05T16:29Z,6566,gA,1.939
2026-10-05T16:29Z,6566,gP,2.039
2026-10-05T16:29Z,6579,g95e5,1.818
2026-10-05T16:29Z,6579,gA,1.954
2026-10-05T16:29Z,6579,g98e5,1.938
2026-10-05T16:29Z,6580,g95e5,1.818
2026-10-05T16:29Z,6580,gA,1.954
2026-10-05T16:29Z,6580,gP,2.029
2026-10-05T16:29Z,6580,g98e5,1.938
2026-10-05T16:29Z,6580,g95e5p,1.888
2026-10-05T16:29Z,6581,g95e5,1.818
2026-10-05T16:29Z,6581,gA,1.954
2026-10-05T16:29Z,6581,gP,2.029
2026-10-05T16:29Z,6581,g98e5,1.938
2026-10-05T16:29Z,6583,gA,1.799
2026-10-05T16:29Z,6583,gP,1.819
2026-10-05T16:29Z,6594,g95e5,1.868
2026-10-05T16:29Z,6594,g98e5,1.969
2026-10-05T16:29Z,6596,g95e5,1.809
2026-10-05T16:29Z,6596,gA,1.879
2026-10-05T16:29Z,6596,gP,1.899
2026-10-05T16:29Z,6596,g98e5,1.999
2026-10-05T16:29Z,6608,gA,1.939
2026-10-05T16:29Z,6608,gP,2.019
2026-10-05T16:29Z,6613,g95e5,1.863
2026-10-05T16:29Z,6613,gA,1.989
2026-10-05T16:29Z,6613,gP,2.119
2026-10-05T16:29Z,6620,g95e5,1.809
2026-10-05T16:29Z,6620,gA,2.009
2026-10-05T16:29Z,6631,g95e5,1.759
2026-10-05T16:29Z,6631,gA,1.859
2026-10-05T16:29Z,6631,gP,1.879
2026-10-05T16:29Z,6631,g95e5p,1.769
2026-10-05T16:29Z,6637,g95e5,1.808
2026-10-05T16:29Z,6637,gA,2.004
2026-10-05T16:29Z,6637,gP,2.099
2026-10-05T16:29Z,6637,g98e5,1.938
2026-10-05T16:29Z,6637,g95e5p,1.888
2026-10-05T16:29Z,6648,g95e5,1.789
2026-10-05T16:29Z,6652,g95e5,1.818
2026-10-05T16:29Z,6656,g95e5,1.744
2026-10-05T16:29Z,6656,gA,2.009
2026-10-05T16:29Z,6656,gP,2.089
2026-10-05T16:29Z,6656,g98e5,1.884
2026-10-05T16:29Z,6671,g95e5,1.899
2026-10-05T16:29Z,6671,gA,2.019
2026-10-05T16:29Z,6675,g95e5,1.809
2026-10-05T16:29Z,6675,gA,1.929
2026-10-05T16:29Z,6675,g98e5,2.019
2026-10-05T16:29Z,6675,gB,1.759
2026-10-05T16:29Z,6681,g95e5,1.865
2026-10-05T16:29Z,6681,gA,1.939
2026-10-05T16:29Z,6682,g95e5,1.865
2026-10-05T16:29Z,6682,gA,1.949
2026-10-05T16:29Z,6688,gA,1.955
2026-10-05T16:29Z,6690,g95e5,1.849
2026-10-05T16:29Z,6690,gA,2.009
2026-10-05T16:29Z,6699,g95e5,1.849
2026-10-05T16:29Z,6707,g95e5,1.829
2026-10-05T16:29Z,6709,g95e5,1.725
2026-10-05T16:29Z,6711,g95e5,1.835
2026-10-05T16:29Z,6726,gA,1.835
2026-10-05T16:29Z,6730,g95e5,1.797
2026-10-05T16:29Z,6732,gA,1.954
2026-10-05T16:29Z,6732,gP,2.034
2026-10-05T16:29Z,6740,g95e5,1.839
2026-10-05T16:29Z,6740,gA,1.999
2026-10-05T16:29Z,6740,gP,2.049
2026-10-05T16:29Z,6740,g98e5,1.994
2026-10-05T16:29Z,6744,g95e5,1.858
2026-10-05T16:29Z,6744,g95e5p,1.938
2026-10-05T16:29Z,6750,g95e5,1.839
2026-10-05T16:29Z,6750,gA,1.929
2026-10-05T16:29Z,6750,gP,1.999
2026-10-05T16:29Z,6750,g98e5,1.989
2026-10-05T16:29Z,6751,g95e5,1.815
2026-10-05T16:29Z,6751,gA,2.015
2026-10-05T16:29Z,6756,gB,1.650
2026-10-05T16:29Z,6758,gA,2.019
2026-10-05T16:29Z,6758,gP,2.119
2026-10-05T16:29Z,6761,g95e5,1.879
2026-10-05T16:29Z,6761,gA,1.989
2026-10-05T16:29Z,6761,gP,2.089
2026-10-05T16:29Z,6761,g98e5,2.039
2026-10-05T16:29Z,6761,g95e5p,1.939
2026-10-05T16:29Z,6761,gB,1.829
2026-10-05T16:29Z,6763,g95e5,1.820
2026-10-05T16:29Z,6763,gA,1.999
2026-10-05T16:29Z,6763,gP,2.050
2026-10-05T16:29Z,6763,g98e5,2.080
2026-10-05T16:29Z,6777,g95e5,1.855
2026-10-05T16:29Z,6777,gA,1.955
2026-10-05T16:29Z,6777,gP,2.039
2026-10-05T16:29Z,6780,gA,2.014
2026-10-05T16:29Z,6780,gP,2.119
2026-10-05T16:29Z,6785,gA,2.029
2026-10-05T16:29Z,6785,gP,2.089
2026-10-05T16:29Z,6785,gB,1.859
2026-10-05T16:29Z,6787,gA,1.819
2026-10-05T16:29Z,6787,gP,1.839
2026-10-05T16:29Z,6789,g95e5,1.808
2026-10-05T16:29Z,6791,gB,1.650
2026-10-05T16:29Z,6795,g95e5,1.779
2026-10-05T16:29Z,6795,gA,1.939
2026-10-05T16:29Z,6795,gP,1.989
2026-10-05T16:29Z,6795,g98e5,1.829
2026-10-05T16:29Z,6799,gA,1.939
2026-10-05T16:29Z,6808,gA,1.939
2026-10-05T16:29Z,6817,gA,2.025
2026-10-05T16:29Z,6817,gP,2.135
2026-10-05T16:29Z,6817,gB,1.805
2026-10-05T16:29Z,6822,g95e5,1.885
2026-10-05T16:29Z,6828,gA,1.835
2026-10-05T16:29Z,6829,gA,1.949
2026-10-05T16:29Z,6829,gP,1.989
2026-10-05T16:29Z,6832,g95e5,1.879
2026-10-05T16:29Z,6832,gA,2.029
2026-10-05T16:29Z,6836,g95e5,1.819
2026-10-05T16:29Z,6836,gA,1.979
2026-10-05T16:29Z,6836,gP,2.059
2026-10-05T16:29Z,6836,g98e5,1.959
2026-10-05T16:29Z,6843,g95e5,1.855
2026-10-05T16:29Z,6843,gA,1.939
2026-10-05T16:29Z,6848,g95e5,1.793
2026-10-05T16:29Z,6848,gA,1.964
2026-10-05T16:29Z,6848,gP,2.019
2026-10-05T16:29Z,6848,g98e5,1.878
2026-10-05T16:29Z,6853,g95e5,1.789
2026-10-05T16:29Z,6853,gA,1.939
2026-10-05T16:29Z,6861,g95e5,1.825
2026-10-05T16:29Z,6861,gA,1.989
2026-10-05T16:29Z,6863,g95e5,1.935
2026-10-05T16:29Z,6870,g95e5,1.825
2026-10-05T16:29Z,6871,gA,2.035
2026-10-05T16:29Z,6872,g95e5,1.799
2026-10-05T16:29Z,6872,gA,1.819
2026-10-05T16:29Z,6872,gP,1.829
2026-10-05T16:29Z,6885,gA,1.909
2026-10-05T16:29Z,6885,gP,1.969
2026-10-05T16:29Z,6887,gA,1.995
2026-10-05T16:29Z,6891,g95e5,1.879
2026-10-05T16:29Z,6891,gA,1.899
2026-10-05T16:29Z,6908,g95e5,1.805
2026-10-05T16:29Z,6910,g95e5,1.839
2026-10-05T16:29Z,6922,g95e5,1.849
2026-10-05T16:29Z,6922,gA,2.039
2026-10-05T16:29Z,6928,g95e5,1.785
2026-10-05T16:29Z,6928,gA,1.995
2026-10-05T16:29Z,6940,gA,2.019
2026-10-05T16:29Z,6955,g95e5,1.889
2026-10-05T16:29Z,6955,gA,2.039
2026-10-05T16:29Z,6961,g95e5,1.849
2026-10-05T16:29Z,6964,g95e5,1.825
2026-10-05T16:29Z,6964,gA,1.979
2026-10-05T16:29Z,6969,gA,2.025
2026-10-05T16:29Z,6972,gA,2.005
2026-10-05T16:29Z,6978,gA,1.985
2026-10-05T16:29Z,6994,g95e5,1.869
2026-10-05T16:29Z,6994,gA,1.949
2026-10-05T16:29Z,6994,gP,2.039
2026-10-05T16:29Z,6994,g98e5,2.019
2026-10-05T16:29Z,6997,g95e5,1.754
2026-10-05T16:29Z,6997,gA,1.854
2026-10-05T16:29Z,6997,gP,1.904
2026-10-05T16:29Z,6997,g98e5,1.894
2026-10-05T16:29Z,7006,g95e5,1.869
2026-10-05T16:29Z,7006,gA,1.979
2026-10-05T16:29Z,7006,gP,2.049
2026-10-05T16:29Z,7006,g98e5,1.999
2026-10-05T16:29Z,7014,g95e5,1.938
2026-10-05T16:29Z,7014,gA,1.989
2026-10-05T16:29Z,7014,gP,2.038
2026-10-05T16:29Z,7014,g98e5,1.938
2026-10-05T16:29Z,7014,gB,1.823
2026-10-05T16:29Z,7016,g95e5,1.779
2026-10-05T16:29Z,7016,gA,1.949
2026-10-05T16:29Z,7016,gP,2.029
2026-10-05T16:29Z,7016,g98e5,1.919
2026-10-05T16:29Z,7016,gB,1.749
2026-10-05T16:29Z,7026,g95e5,1.819
2026-10-05T16:29Z,7026,gA,1.979
2026-10-05T16:29Z,7026,gP,2.069
2026-10-05T16:29Z,7026,g98e5,1.959
2026-10-05T16:29Z,7027,g95e5,1.699
2026-10-05T16:29Z,7027,gA,1.819
2026-10-05T16:29Z,7030,gA,1.999
2026-10-05T16:29Z,7030,gB,1.699
2026-10-05T16:29Z,7032,g95e5,1.899
2026-10-05T16:29Z,7032,gA,1.999
2026-10-05T16:29Z,7032,g98e5,1.999
2026-10-05T16:29Z,7032,gB,1.699
2026-10-05T16:29Z,7033,g95e5,1.799
2026-10-05T16:29Z,7033,g98e5,1.979
2026-10-05T16:29Z,7046,gA,1.989
2026-10-05T16:29Z,7046,gP,2.029
2026-10-05T16:29Z,7053,gA,2.014
2026-10-05T16:29Z,7053,gP,2.079
2026-10-05T16:29Z,7053,g95e5p,1.908
2026-10-05T16:29Z,7054,gA,2.034
2026-10-05T16:29Z,7054,gP,2.099
2026-10-05T16:29Z,7058,g95e5,1.859
2026-10-05T16:29Z,7063,g95e5,1.724
2026-10-05T16:29Z,7063,gA,1.934
2026-10-05T16:29Z,7063,gP,1.984
2026-10-05T16:29Z,7063,g98e5,1.844
2026-10-05T16:29Z,7064,g95e5,1.799
2026-10-05T16:29Z,7064,gA,1.969
2026-10-05T16:29Z,7064,gP,2.019
2026-10-05T16:29Z,7065,g95e5,1.794
2026-10-05T16:29Z,7065,gA,1.894
2026-10-05T16:29Z,7065,gP,1.944
2026-10-05T16:29Z,7065,g95e5p,1.844
2026-10-05T16:29Z,7067,g95e5,1.804
2026-10-05T16:29Z,7067,gA,1.954
2026-10-05T16:29Z,7067,gP,2.004
2026-10-05T16:29Z,7068,g95e5,1.869
2026-10-05T16:29Z,7068,gA,2.029
2026-10-05T16:29Z,7068,gP,2.119
2026-10-05T16:29Z,7068,g95e5p,1.919
2026-10-05T16:29Z,7071,gA,1.974
2026-10-05T16:29Z,7071,gP,2.024
2026-10-05T16:29Z,7071,g98e5,1.909
2026-10-05T16:29Z,7071,g95e5p,1.894
2026-10-05T16:29Z,7073,g95e5,1.794
2026-10-05T16:29Z,7073,gA,1.949
2026-10-05T16:29Z,7073,gP,2.029
2026-10-05T16:29Z,7073,g98e5,1.934
2026-10-05T16:29Z,7074,g95e5,1.794
2026-10-05T16:29Z,7074,gA,1.949
2026-10-05T16:29Z,7074,gP,2.029
2026-10-05T16:29Z,7074,g98e5,1.934
2026-10-05T16:29Z,7077,gA,1.939
2026-10-05T16:29Z,7077,gP,2.009
2026-10-05T16:29Z,7085,gB,1.749
2026-10-05T16:29Z,7086,g95e5,1.849
2026-10-05T16:29Z,7089,g95e5,1.829
2026-10-05T16:29Z,7093,g95e5,1.824
2026-10-05T16:29Z,7096,g95e5,1.899
2026-10-05T16:29Z,7096,gA,1.989
2026-10-05T16:29Z,7096,gP,2.099
2026-10-05T16:29Z,7096,gB,1.879
2026-10-05T16:29Z,7100,g95e5,1.859
2026-10-05T16:29Z,7100,gA,1.949
2026-10-05T16:29Z,7111,g95e5,1.885
2026-10-05T16:29Z,7117,g95e5,1.809
2026-10-05T16:29Z,7117,gA,1.969
2026-10-05T16:29Z,7119,g95e5,1.895
2026-10-05T16:29Z,7119,gA,1.995
2026-10-05T16:29Z,7120,g95e5,1.809
2026-10-05T16:29Z,7121,g95e5,1.789
2026-10-05T16:29Z,7121,gA,1.959
2026-10-05T16:29Z,7121,gP,2.079
2026-10-05T16:29Z,7121,g98e5,1.949
2026-10-05T16:29Z,7122,g95e5,1.825
2026-10-05T16:29Z,7122,g98e5,1.985
2026-10-05T16:29Z,7124,gA,2.008
2026-10-05T16:29Z,7129,g95e5,1.835
2026-10-05T16:29Z,7130,g95e5,1.839
2026-10-05T16:29Z,7134,g95e5,1.855
2026-10-05T16:29Z,7143,gA,1.998
2026-10-05T16:29Z,7148,g95e5,1.899
2026-10-05T16:29Z,7148,g98e5,2.019
2026-10-05T16:29Z,7154,g95e5,1.859
2026-10-05T16:29Z,7156,g95e5,1.859
2026-10-05T16:29Z,7156,gA,2.009
2026-10-05T16:29Z,7158,g95e5,1.882
2026-10-05T16:29Z,7158,gA,2.017
2026-10-05T16:29Z,7158,gP,2.116
2026-10-05T16:29Z,7158,g98e5,2.012
2026-10-05T16:29Z,7161,g95e5,1.795
2026-10-05T16:29Z,7189,g95e5,1.869
2026-10-05T16:29Z,7189,gA,2.029
2026-10-05T16:29Z,7189,gP,2.119
2026-10-05T16:29Z,7189,g98e5,2.009
2026-10-05T16:29Z,7191,gA,1.939
2026-10-05T16:29Z,7191,gP,1.989
2026-10-05T16:29Z,7192,g95e5,1.849
2026-10-05T16:29Z,7192,gA,1.995
2026-10-05T16:29Z,7198,g95e5,1.809
2026-10-05T16:29Z,7198,gA,1.899
2026-10-05T16:29Z,7198,gP,1.979
2026-10-05T16:29Z,7222,gA,1.989
2026-10-05T16:29Z,7222,gP,2.089
2026-10-05T16:29Z,7225,g95e5,1.689
2026-10-05T16:29Z,7225,gA,1.799
2026-10-05T16:29Z,7225,gP,1.799
2026-10-05T16:29Z,7225,g95e5p,1.689
2026-10-05T16:29Z,7229,gA,1.979
2026-10-05T16:29Z,7229,gP,2.079
2026-10-05T16:29Z,7230,g95e5,1.859
2026-10-05T16:29Z,7230,gA,1.989
2026-10-05T16:29Z,7234,g95e5,1.849
2026-10-05T16:29Z,7234,g98e5,1.979
2026-10-05T16:29Z,7234,gB,1.679
2026-10-05T16:29Z,7236,g95e5,1.905
2026-10-05T16:29Z,7238,g95e5,1.895
2026-10-05T16:29Z,7238,g98e5,2.025
2026-10-05T16:29Z,7240,g95e5,1.879
2026-10-05T16:29Z,7240,gA,2.035
2026-10-05T16:29Z,7243,g95e5,1.859
2026-10-05T16:29Z,7243,gA,1.989
2026-10-05T16:29Z,7246,g95e5,1.859
2026-10-05T16:29Z,7248,gA,1.999
2026-10-05T16:29Z,7269,gA,2.018
2026-10-05T16:29Z,7270,gA,2.018
2026-10-05T16:29Z,7273,gA,1.788
2026-10-05T16:29Z,7275,g95e5,1.839
2026-10-05T16:29Z,7275,gA,1.975
2026-10-05T16:29Z,7275,gP,2.075
2026-10-05T16:29Z,7277,g95e5,1.899
2026-10-05T16:29Z,7277,gA,1.989
2026-10-05T16:29Z,7277,gP,2.079
2026-10-05T16:29Z,7277,g98e5,1.999
2026-10-05T16:29Z,7278,gA,1.835
2026-10-05T16:29Z,7278,gP,1.915
2026-10-05T16:29Z,7281,gA,1.979
2026-10-05T16:29Z,7281,gP,2.059
2026-10-05T16:29Z,7282,gA,1.929
2026-10-05T16:29Z,7282,gP,2.009
2026-10-05T16:29Z,7287,g95e5,1.849
2026-10-05T16:29Z,7287,g98e5,1.979
2026-10-05T16:29Z,7290,gA,1.979
2026-10-05T16:29Z,7301,g95e5,1.899
2026-10-05T16:29Z,7309,g95e5,1.739
2026-10-05T16:29Z,7309,gA,1.795
2026-10-05T16:29Z,7309,gP,1.795
2026-10-05T16:29Z,7309,g95e5p,1.739
2026-10-05T16:29Z,7312,g95e5,1.824
2026-10-05T16:29Z,7312,gA,1.939
2026-10-05T16:29Z,7312,gP,2.019
2026-10-05T16:29Z,7312,g98e5,1.964
2026-10-05T16:29Z,7313,g95e5,1.750
2026-10-05T16:29Z,7313,gA,1.860
2026-10-05T16:29Z,7317,gA,2.034
2026-10-05T16:29Z,7317,gP,2.119
2026-10-05T16:29Z,7323,gA,1.979
2026-10-05T16:29Z,7323,gP,2.089
2026-10-05T16:29Z,7323,g98e5,1.919
2026-10-05T16:29Z,7326,g95e5,1.939
2026-10-05T16:29Z,7326,gA,1.939
2026-10-05T16:29Z,7326,gP,2.049
2026-10-05T16:29Z,7326,g98e5,2.069
2026-10-05T16:29Z,7326,gB,1.829
2026-10-05T16:29Z,7334,g95e5,1.754
2026-10-05T16:29Z,7334,gA,1.909
2026-10-05T16:29Z,7334,gB,1.699
2026-10-05T16:29Z,7340,g95e5,1.828
2026-10-05T16:29Z,7340,gA,2.024
2026-10-05T16:29Z,7340,gP,2.109
2026-10-05T16:29Z,7340,g98e5,1.928
2026-10-05T16:29Z,7341,g95e5,1.828
2026-10-05T16:29Z,7341,gA,2.024
2026-10-05T16:29Z,7341,gP,2.109
2026-10-05T16:29Z,7341,g98e5,1.928
2026-10-05T16:29Z,7345,g95e5,1.774
2026-10-05T16:29Z,7345,gA,1.929
2026-10-05T16:29Z,7345,gP,2.009
2026-10-05T16:29Z,7345,g98e5,1.914
2026-10-05T16:29Z,7348,g95e5,1.719
2026-10-05T16:29Z,7349,g95e5,1.828
2026-10-05T16:29Z,7350,g95e5,1.839
2026-10-05T16:29Z,7350,gA,2.025
2026-10-05T16:29Z,7350,gP,2.109
2026-10-05T16:29Z,7350,g95e5p,1.909
2026-10-05T16:29Z,7351,g95e5,1.859
2026-10-05T16:29Z,7351,gA,1.964
2026-10-05T16:29Z,7352,gA,1.999
2026-10-05T16:29Z,7359,g95e5,1.759
2026-10-05T16:29Z,7359,gA,1.869
2026-10-05T16:29Z,7364,g95e5,1.859
2026-10-05T16:29Z,7364,gA,2.009
2026-10-05T16:29Z,7371,gA,2.008
2026-10-05T16:29Z,7378,g95e5,1.805
2026-10-05T16:29Z,7378,gA,1.949
2026-10-05T16:29Z,7379,g95e5,1.899
2026-10-05T16:29Z,7393,gA,1.998
2026-10-05T16:29Z,7395,gA,1.999
2026-10-05T16:29Z,7398,g95e5,1.805
2026-10-05T16:29Z,7398,gA,1.949
2026-10-05T16:29Z,7402,g95e5,1.738
2026-10-05T16:29Z,7402,gA,1.929
2026-10-05T16:29Z,7402,gP,1.979
2026-10-05T16:29Z,7402,g95e5p,1.878
2026-10-05T16:29Z,7408,g95e5,1.875
2026-10-05T16:29Z,7410,g95e5,1.849
2026-10-05T16:29Z,7411,g95e5,1.839
2026-10-05T16:29Z,7411,gA,1.999
2026-10-05T16:29Z,7413,g95e5,1.849
2026-10-05T16:29Z,7413,gA,1.949
2026-10-05T16:29Z,7418,g95e5,1.849
2026-10-05T16:29Z,7420,g95e5,1.875
2026-10-05T16:29Z,7420,gA,2.019
2026-10-05T16:29Z,7421,g95e5,1.885
2026-10-05T16:29Z,7421,gA,2.009
2026-10-05T16:29Z,7422,g95e5,1.839
2026-10-05T16:29Z,7423,g95e5,1.839
2026-10-05T16:29Z,7423,gA,1.985
2026-10-05T16:29Z,7426,g95e5,1.855
2026-10-05T16:29Z,7426,gA,1.999
2026-10-05T16:29Z,7427,g95e5,1.859
2026-10-05T16:29Z,7427,gA,1.999
2026-10-05T16:29Z,7428,g95e5,1.839
2026-10-05T16:29Z,7428,gA,1.949
2026-10-05T16:29Z,7428,gP,2.029
2026-10-05T16:29Z,7428,g98e5,1.979
2026-10-05T16:29Z,7430,g95e5,1.859
2026-10-05T16:29Z,7430,gA,2.025
2026-10-05T16:29Z,7432,g95e5,1.859
2026-10-05T16:29Z,7432,gA,1.949
2026-10-05T16:29Z,7433,g95e5,1.859
2026-10-05T16:29Z,7434,g95e5,1.889
2026-10-05T16:29Z,7434,gA,2.039
2026-10-05T16:29Z,7436,g95e5,1.905
2026-10-05T16:29Z,7436,gA,2.055
2026-10-05T16:29Z,7439,g95e5,1.855
2026-10-05T16:29Z,7439,gA,2.025
2026-10-05T16:29Z,7440,g95e5,1.895
2026-10-05T16:29Z,7445,g95e5,1.889
2026-10-05T16:29Z,7446,g95e5,1.788
2026-10-05T16:29Z,7446,gA,1.928
2026-10-05T16:29Z,7446,gP,1.988
2026-10-05T16:29Z,7450,g95e5,1.689
2026-10-05T16:29Z,7450,gA,1.854
2026-10-05T16:29Z,7450,gP,1.904
2026-10-05T16:29Z,7450,g98e5,1.829
2026-10-05T16:29Z,7453,g95e5,1.844
2026-10-05T16:29Z,7453,gA,2.024
2026-10-05T16:29Z,7453,gP,2.114
2026-10-05T16:29Z,7453,g98e5,1.999
2026-10-05T16:29Z,7456,g95e5,1.839
2026-10-05T16:29Z,7456,gA,1.984
2026-10-05T16:29Z,7456,gP,2.064
2026-10-05T16:29Z,7456,g98e5,1.979
2026-10-05T16:29Z,7458,gA,1.989
2026-10-05T16:29Z,7458,gP,2.079
2026-10-05T16:29Z,7458,g98e5,2.039
2026-10-05T16:29Z,7458,g95e5p,1.904
2026-10-05T16:29Z,7460,gA,1.989
2026-10-05T16:29Z,7460,gP,2.089
2026-10-05T16:29Z,7461,g95e5,1.858
2026-10-05T16:29Z,7462,g95e5,1.799
2026-10-05T16:29Z,7462,gA,1.849
2026-10-05T16:29Z,7462,gP,1.899
2026-10-05T16:29Z,7463,g95e5,1.834
2026-10-05T16:29Z,7463,gA,1.954
2026-10-05T16:29Z,7463,gP,2.004
2026-10-05T16:29Z,7463,g98e5,1.974
2026-10-05T16:29Z,7467,g95e5,1.754
2026-10-05T16:29Z,7467,gA,1.894
2026-10-05T16:29Z,7467,gP,1.944
2026-10-05T16:29Z,7467,g95e5p,1.804
2026-10-05T16:29Z,7468,g95e5,1.914
2026-10-05T16:29Z,7468,gA,1.994
2026-10-05T16:29Z,7468,gP,2.084
2026-10-05T16:29Z,7468,g98e5,2.069
2026-10-05T16:29Z,7469,g95e5,1.854
2026-10-05T16:29Z,7469,gA,1.949
2026-10-05T16:29Z,7469,gP,1.999
2026-10-05T16:29Z,7469,g98e5,2.009
2026-10-05T16:29Z,7471,g95e5,1.689
2026-10-05T16:29Z,7471,gA,1.854
2026-10-05T16:29Z,7471,gP,1.904
2026-10-05T16:29Z,7471,g98e5,1.829
2026-10-05T16:29Z,7511,gA,1.949
2026-10-05T16:29Z,7519,g95e5,1.729
2026-10-05T16:29Z,7519,gA,1.799
2026-10-05T16:29Z,7519,gP,1.819
2026-10-05T16:29Z,7519,g95e5p,1.739
2026-10-05T16:29Z,7522,g95e5,1.849
2026-10-05T16:29Z,7538,gA,2.015
2026-10-05T16:29Z,7551,g95e5,1.829
2026-10-05T16:29Z,7552,g95e5,1.839
2026-10-05T16:29Z,7552,gA,1.979
2026-10-05T16:29Z,7553,gA,2.029
2026-10-05T16:29Z,7554,g95e5,1.899
2026-10-05T16:29Z,7554,gA,2.029
2026-10-05T16:29Z,7559,gA,2.005
2026-10-05T16:29Z,7595,gA,1.929
2026-10-05T16:29Z,7595,gP,1.989
2026-10-05T16:29Z,7599,g95e5,1.899
2026-10-05T16:29Z,7599,gA,2.029
2026-10-05T16:29Z,7608,g95e5,1.784
2026-10-05T16:29Z,7608,gA,1.924
2026-10-05T16:29Z,7608,gP,1.974
2026-10-05T16:29Z,7608,g95e5p,1.829
2026-10-05T16:29Z,7612,g95e5,1.764
2026-10-05T16:29Z,7612,gA,1.874
2026-10-05T16:29Z,7612,gP,1.924
2026-10-05T16:29Z,7618,g95e5,1.534
2026-10-05T16:29Z,7618,gA,1.694
2026-10-05T16:29Z,7618,gP,1.784
2026-10-05T16:29Z,7644,g95e5,1.549
2026-10-05T16:29Z,7644,gA,1.709
2026-10-05T16:29Z,7644,gP,1.809
2026-10-05T16:29Z,7644,g98e5,1.669
2026-10-05T16:29Z,7679,g95e5,1.529
2026-10-05T16:29Z,7679,gA,1.699
2026-10-05T16:29Z,7680,g95e5,1.509
2026-10-05T16:29Z,7681,g95e5,1.549
2026-10-05T16:29Z,7681,gA,1.719
2026-10-05T16:29Z,7681,gP,1.799
2026-10-05T16:29Z,7681,g98e5,1.639
2026-10-05T16:29Z,7688,g95e5,1.539
2026-10-05T16:29Z,7693,g95e5,1.549
2026-10-05T16:29Z,7693,gA,1.719
2026-10-05T16:29Z,7693,gP,1.799
2026-10-05T16:29Z,7693,g98e5,1.639
2026-10-05T16:29Z,7694,g95e5,1.549
2026-10-05T16:29Z,7694,gA,1.719
2026-10-05T16:29Z,7694,gP,1.799
2026-10-05T16:29Z,7694,g98e5,1.639
2026-10-05T16:29Z,7699,g95e5,1.568
2026-10-05T16:29Z,7699,gA,1.729
2026-10-05T16:29Z,7699,gP,1.759
2026-10-05T16:29Z,7699,g98e5,1.684
2026-10-05T16:29Z,7702,g95e5,1.519
2026-10-05T16:29Z,7702,gA,1.689
2026-10-05T16:29Z,7707,g95e5,1.529
2026-10-05T16:29Z,7707,gA,1.699
2026-10-05T16:29Z,7709,gA,1.719
2026-10-05T16:29Z,7709,g98e5,1.689
2026-10-05T16:29Z,7710,gA,1.689
2026-10-05T16:29Z,7711,g95e5,1.529
2026-10-05T16:29Z,7711,gA,1.689
2026-10-05T16:29Z,7723,gA,1.709
2026-10-05T16:29Z,7724,g95e5,1.557
2026-10-05T16:29Z,7724,gA,1.667
2026-10-05T16:29Z,7724,gP,1.777
2026-10-05T16:29Z,7724,g98e5,1.637
2026-10-05T16:29Z,7735,g95e5,1.619
2026-10-05T16:29Z,7735,gA,1.769
2026-10-05T16:29Z,7735,gP,1.869
2026-10-05T16:29Z,7735,g98e5,1.739
2026-10-05T16:29Z,7744,g95e5,1.519
2026-10-05T16:29Z,7744,gA,1.619
2026-10-05T16:29Z,7744,g98e5,1.629
2026-10-05T16:29Z,7751,g95e5,1.843
2026-10-05T16:29Z,7751,gA,2.009
2026-10-05T16:29Z,7751,gP,2.099
2026-10-05T16:29Z,7751,g95e5p,1.908
2026-10-05T16:29Z,7753,g95e5,1.843
2026-10-05T16:29Z,7758,gA,2.019
2026-10-05T16:29Z,7758,gP,2.089
2026-10-05T16:29Z,7758,g98e5,2.029
2026-10-05T16:29Z,7769,g95e5,1.539
2026-10-05T16:29Z,7769,gA,1.749
2026-10-05T16:29Z,7769,gP,1.849
2026-10-05T16:29Z,7769,g98e5,1.659
2026-10-05T16:29Z,7824,g95e5,1.546
2026-10-05T16:29Z,7824,gA,1.716
2026-10-05T16:29Z,7824,g98e5,1.676
2026-10-05T16:29Z,7827,g95e5,1.619
2026-10-05T16:29Z,7827,gA,1.749
2026-10-05T16:29Z,7827,gP,1.799
2026-10-05T16:29Z,7827,g98e5,1.739
2026-10-05T16:29Z,7829,g95e5,1.579
2026-10-05T16:29Z,7829,gA,1.719
2026-10-05T16:29Z,7829,g98e5,1.699
2026-10-05T16:29Z,7830,g95e5,1.809
2026-10-05T16:29Z,7830,gA,1.959
2026-10-05T16:29Z,7830,gP,2.009
2026-10-05T16:29Z,7830,g98e5,1.949
2026-10-05T16:29Z,7832,g95e5,1.589
2026-10-05T16:29Z,7832,gA,1.729
2026-10-05T16:29Z,7832,gP,1.849
2026-10-05T16:29Z,7832,g98e5,1.709
2026-10-05T16:29Z,7833,g95e5,1.809
2026-10-05T16:29Z,7833,gA,1.959
2026-10-05T16:29Z,7833,gP,2.009
2026-10-05T16:29Z,7833,g98e5,1.949
2026-10-05T16:29Z,7834,g95e5,1.579
2026-10-05T16:29Z,7834,gA,1.729
2026-10-05T16:29Z,7834,gP,1.849
2026-10-05T16:29Z,7834,g98e5,1.709
2026-10-05T16:29Z,7844,g95e5,1.809
2026-10-05T16:29Z,7844,gA,1.959
2026-10-05T16:29Z,7844,gP,2.009
2026-10-05T16:29Z,7844,g98e5,1.949
2026-10-05T16:29Z,7849,g95e5,1.589
2026-10-05T16:29Z,7849,gA,1.739
2026-10-05T16:29Z,7849,gP,1.839
2026-10-05T16:29Z,7849,g98e5,1.709
2026-10-05T16:29Z,7854,g95e5,1.599
2026-10-05T16:29Z,7854,gA,1.769
2026-10-05T16:29Z,7854,gP,1.859
2026-10-05T16:29Z,7854,g98e5,1.729
2026-10-05T16:29Z,7855,gA,1.657
2026-10-05T16:29Z,7856,g95e5,1.569
2026-10-05T16:29Z,7856,gA,1.709
2026-10-05T16:29Z,7856,gP,1.814
2026-10-05T16:29Z,7856,g98e5,1.694
2026-10-05T16:29Z,7857,g95e5,1.609
2026-10-05T16:29Z,7857,gA,1.759
2026-10-05T16:29Z,7857,gP,1.849
2026-10-05T16:29Z,7857,g98e5,1.729
2026-10-05T16:29Z,7859,g95e5,1.579
2026-10-05T16:29Z,7859,gA,1.719
2026-10-05T16:29Z,7859,gP,1.799
2026-10-05T16:29Z,7859,g98e5,1.699
2026-10-05T16:29Z,7860,g95e5,1.545
2026-10-05T16:29Z,7860,gA,1.755
2026-10-05T16:29Z,7860,gP,1.855
2026-10-05T16:29Z,7860,g98e5,1.665
2026-10-05T16:29Z,7861,g95e5,1.579
2026-10-05T16:29Z,7861,gA,1.735
2026-10-05T16:29Z,7861,gP,1.855
2026-10-05T16:29Z,7861,g98e5,1.689
2026-10-05T16:29Z,7862,g95e5,1.625
2026-10-05T16:29Z,7862,gA,1.755
2026-10-05T16:29Z,7862,gP,1.829
2026-10-05T16:29Z,7862,g98e5,1.735
2026-10-05T16:29Z,7863,g95e5,1.599
2026-10-05T16:29Z,7863,gP,1.839
2026-10-05T16:29Z,7863,g98e5,1.719
2026-10-05T16:29Z,7864,g95e5,1.669
2026-10-05T16:29Z,7864,gA,1.809
2026-10-05T16:29Z,7864,g98e5,1.789
2026-10-05T16:29Z,7865,g95e5,1.619
2026-10-05T16:29Z,7865,gA,1.749
2026-10-05T16:29Z,7865,g98e5,1.729
2026-10-05T16:29Z,7866,g95e5,1.619
2026-10-05T16:29Z,7866,gA,1.749
2026-10-05T16:29Z,7866,gP,1.799
2026-10-05T16:29Z,7866,g98e5,1.739
2026-10-05T16:29Z,7869,g95e5,1.589
2026-10-05T16:29Z,7869,gA,1.729
2026-10-05T16:29Z,7869,gP,1.859
2026-10-05T16:29Z,7869,g98e5,1.709
2026-10-05T16:29Z,7871,g95e5,1.619
2026-10-05T16:29Z,7872,g95e5,1.625
2026-10-05T16:29Z,7872,gA,1.755
2026-10-05T16:29Z,7872,gP,1.829
2026-10-05T16:29Z,7872,g98e5,1.735
2026-10-05T16:29Z,7875,g95e5,1.609
2026-10-05T16:29Z,7875,gA,1.759
2026-10-05T16:29Z,7875,g98e5,1.729
2026-10-05T16:29Z,7879,g95e5,1.659
2026-10-05T16:29Z,7879,gA,1.769
2026-10-05T16:29Z,7879,gP,1.889
2026-10-05T16:29Z,7879,g98e5,1.789
2026-10-05T16:29Z,7881,gA,1.729
2026-10-05T16:29Z,7881,gP,1.849
2026-10-05T16:29Z,7881,g98e5,1.709
2026-10-05T16:29Z,7887,g95e5,1.589
2026-10-05T16:29Z,7887,gA,1.729
2026-10-05T16:29Z,7887,g98e5,1.719
2026-10-05T16:29Z,7894,g95e5,1.405
2026-10-05T16:29Z,7894,gA,1.559
2026-10-05T16:29Z,7894,gP,1.665
2026-10-05T16:29Z,7894,g98e5,1.609
2026-10-05T16:29Z,7895,g95e5,1.541
2026-10-05T16:29Z,7895,gA,1.711
2026-10-05T16:29Z,7895,gP,1.791
2026-10-05T16:29Z,7895,g98e5,1.631
2026-10-05T16:29Z,7897,g95e5,1.564
2026-10-05T16:29Z,7897,gA,1.734
2026-10-05T16:29Z,7897,g98e5,1.694
2026-10-05T16:29Z,7902,g95e5,1.519
2026-10-05T16:29Z,7902,gA,1.619
2026-10-05T16:29Z,7902,gP,1.719
2026-10-05T16:29Z,7902,g98e5,1.629
2026-10-05T16:29Z,7907,g95e5,1.505
2026-10-05T16:29Z,7907,gA,1.659
2026-10-05T16:29Z,7907,gP,1.715
2026-10-05T16:29Z,7907,g98e5,1.659
2026-10-05T16:29Z,7913,g95e5,1.559
2026-10-05T16:29Z,7913,g98e5,1.679
2026-10-05T16:29Z,7917,g95e5,1.579
2026-10-05T16:29Z,7917,gA,1.699
2026-10-05T16:29Z,7917,g98e5,1.699
2026-10-05T16:29Z,7919,g95e5,1.549
2026-10-05T16:29Z,7919,gA,1.719
2026-10-05T16:29Z,7919,gP,1.829
2026-10-05T16:29Z,7919,g98e5,1.679
2026-10-05T16:29Z,7923,gA,1.709
2026-10-05T16:29Z,7926,g95e5,1.549
2026-10-05T16:29Z,7926,gA,1.719
2026-10-05T16:29Z,7926,g98e5,1.679
2026-10-05T16:29Z,7930,g95e5,1.559
2026-10-05T16:29Z,7930,gA,1.699
2026-10-05T16:29Z,7930,gP,1.809
2026-10-05T16:29Z,7931,g95e5,1.589
2026-10-05T16:29Z,7931,gP,1.769
2026-10-05T16:29Z,7933,g95e5,1.564
2026-10-05T16:29Z,7933,gA,1.734
2026-10-05T16:29Z,7933,g98e5,1.694
2026-10-05T16:29Z,7937,g95e5,1.569
2026-10-05T16:29Z,7937,gA,1.689
2026-10-05T16:29Z,7937,gP,1.779
2026-10-05T16:29Z,7941,g95e5,1.625
2026-10-05T16:29Z,7941,gA,1.719
2026-10-05T16:29Z,7941,gP,1.795
2026-10-05T16:29Z,7941,g98e5,1.695
2026-10-05T16:29Z,7942,g95e5,1.549
2026-10-05T16:29Z,7942,gA,1.709
2026-10-05T16:29Z,7942,gP,1.809
2026-10-05T16:29Z,7942,g98e5,1.669
2026-10-05T16:29Z,7943,g95e5,1.519
2026-10-05T16:29Z,7943,gA,1.619
2026-10-05T16:29Z,7943,gP,1.719
2026-10-05T16:29Z,7943,g98e5,1.629
2026-10-05T16:29Z,7945,g95e5,1.549
2026-10-05T16:29Z,7945,g98e5,1.689
2026-10-05T16:29Z,7946,gP,1.829
2026-10-05T16:29Z,7947,g95e5,1.799
2026-10-05T16:29Z,7947,gA,1.949
2026-10-05T16:29Z,7947,gP,1.999
2026-10-05T16:29Z,7953,g95e5,1.799
2026-10-05T16:29Z,7953,gA,1.949
2026-10-05T16:29Z,7954,g95e5,1.549
2026-10-05T16:29Z,7954,gA,1.719
2026-10-05T16:29Z,7954,g98e5,1.679
2026-10-05T16:29Z,7955,g95e5,1.584
2026-10-05T16:29Z,7955,gA,1.754
2026-10-05T16:29Z,7983,g95e5,1.858
2026-10-05T16:29Z,7983,gA,1.994
2026-10-05T16:29Z,7983,gP,2.094
2026-10-05T16:29Z,7998,gA,1.954
2026-10-05T16:29Z,8004,g95e5,1.849
2026-10-05T16:29Z,8010,g95e5,1.739
2026-10-05T16:29Z,8021,gA,1.879
2026-10-05T16:29Z,8021,gP,1.929
2026-10-05T16:29Z,8021,glp,1.139
2026-10-05T16:29Z,8033,g95e5,1.999
2026-10-05T16:29Z,8033,gA,2.019
2026-10-05T16:29Z,8033,gP,2.109
2026-10-05T16:29Z,8033,gB,1.929
2026-10-05T16:29Z,8041,gA,1.799
2026-10-05T16:29Z,8042,g95e5,1.759
2026-10-05T16:29Z,8042,gA,1.819
2026-10-05T16:29Z,8042,g98e5,1.899
2026-10-05T16:29Z,8048,g95e5,1.679
2026-10-05T16:29Z,8048,gA,1.799
2026-10-05T16:29Z,8048,gP,1.899
2026-10-05T16:29Z,8048,g98e5,1.879
2026-10-05T16:29Z,8065,g95e5,1.829
2026-10-05T16:29Z,8068,gA,1.839
2026-10-05T16:29Z,8068,gP,1.919
2026-10-05T16:29Z,8069,g95e5,1.849
2026-10-05T16:29Z,8069,g98e5,1.969
2026-10-05T16:29Z,8069,gB,1.789
2026-10-05T16:29Z,8072,g95e5,1.718
2026-10-05T16:29Z,8072,gA,1.818
2026-10-05T16:29Z,8088,g95e5,1.829
2026-10-05T16:29Z,8088,gA,1.995
2026-10-05T16:29Z,8097,g95e5,1.779
2026-10-05T16:29Z,8097,gA,1.899
2026-10-05T16:29Z,8108,g95e5,1.689
2026-10-05T16:29Z,8108,gA,1.799
2026-10-05T16:29Z,8111,g95e5,1.868
2026-10-05T16:29Z,8111,gA,1.998
2026-10-05T16:29Z,8118,g95e5,1.829
2026-10-05T16:29Z,8132,g95e5,1.795
2026-10-05T16:29Z,8132,g98e5,1.998
2026-10-05T16:29Z,8138,g95e5,1.803
2026-10-05T16:29Z,8138,g95e5p,1.858
2026-10-05T16:29Z,8143,gA,1.979
2026-10-05T16:29Z,8155,g95e5,1.759
2026-10-05T16:29Z,8155,gA,1.899
2026-10-05T16:29Z,8155,gP,1.949
2026-10-05T16:29Z,8157,g95e5,1.749
2026-10-05T16:29Z,8157,gA,1.859
2026-10-05T16:29Z,8157,gP,1.959
2026-10-05T16:29Z,8164,g95e5,1.789
2026-10-05T16:29Z,8164,gA,1.899
2026-10-05T16:29Z,8164,g98e5,1.889
2026-10-05T16:29Z,8169,g95e5,1.890
2026-10-05T16:29Z,8169,gA,1.939
2026-10-05T16:29Z,8169,g98e5,2.159
2026-10-05T16:29Z,8170,g95e5,1.869
2026-10-05T16:29Z,8170,gA,1.929
2026-10-05T16:29Z,8173,g95e5,1.677
2026-10-05T16:29Z,8173,gA,1.799
2026-10-05T16:29Z,8202,gA,1.885
2026-10-05T16:29Z,8207,g95e5,1.839
2026-10-05T16:29Z,8207,gA,1.759
2026-10-05T16:29Z,8207,gP,1.789
2026-10-05T16:29Z,8207,g98e5,1.939
2026-10-05T16:29Z,8213,g95e5,1.679
2026-10-05T16:29Z,8213,gA,1.789
2026-10-05T16:29Z,8247,g95e5,1.759
2026-10-05T16:29Z,8247,gA,1.919
2026-10-05T16:29Z,8247,gP,1.999
2026-10-05T16:29Z,8247,g98e5,1.899
2026-10-05T16:29Z,8248,g95e5,1.759
2026-10-05T16:29Z,8248,gA,1.919
2026-10-05T16:29Z,8248,gP,1.999
2026-10-05T16:29Z,8248,g98e5,1.899
2026-10-05T16:29Z,8251,g95e5,1.885
2026-10-05T16:29Z,8251,gA,2.055
2026-10-05T16:29Z,8252,g95e5,1.885
2026-10-05T16:29Z,8253,g95e5,1.889
2026-10-05T16:29Z,8253,gA,1.969
2026-10-05T16:29Z,8254,gA,1.985
2026-10-05T16:29Z,8254,gP,2.085
2026-10-05T16:29Z,8266,g95e5,1.818
2026-10-05T16:29Z,8266,g95e5p,1.888
2026-10-05T16:29Z,8274,g95e5,1.865
2026-10-05T16:29Z,8274,gA,1.989
2026-10-05T16:29Z,8276,g95e5,1.845
2026-10-05T16:29Z,8276,gA,1.959
2026-10-05T16:29Z,8276,gP,2.029
2026-10-05T16:29Z,8288,gA,1.874
2026-10-05T16:29Z,8288,gP,1.924
2026-10-05T16:29Z,8294,g95e5,1.854
2026-10-05T16:29Z,8294,gA,1.974
2026-10-05T16:29Z,8294,gP,2.024
2026-10-05T16:29Z,8294,g98e5,2.024
2026-10-05T16:29Z,8300,gA,1.939
2026-10-05T16:29Z,8300,gP,2.029
2026-10-05T16:29Z,8302,gA,1.838
2026-10-05T16:29Z,8302,gP,1.838
2026-10-05T16:29Z,8304,g95e5,1.854
2026-10-05T16:29Z,8304,g98e5,1.989
2026-10-05T16:29Z,8305,g95e5,1.859
2026-10-05T16:29Z,8305,gA,1.969
2026-10-05T16:29Z,8305,gP,2.059
2026-10-05T16:29Z,8305,g98e5,2.009
2026-10-05T16:29Z,8306,gA,1.975
2026-10-05T16:29Z,8313,g95e5,1.804
2026-10-05T16:29Z,8313,gA,1.919
2026-10-05T16:29Z,8313,gP,1.999
2026-10-05T16:29Z,8313,g98e5,1.944
2026-10-05T16:29Z,8314,g95e5,1.799
2026-10-05T16:29Z,8314,gA,1.939
2026-10-05T16:29Z,8314,gP,1.989
2026-10-05T16:29Z,8314,g95e5p,1.849
2026-10-05T16:29Z,8316,gA,1.989
2026-10-05T16:29Z,8316,gP,2.029
2026-10-05T16:29Z,8317,gA,1.949
2026-10-05T16:29Z,8317,gP,1.989
2026-10-05T16:29Z,8317,g98e5,1.969
2026-10-05T16:29Z,8345,g95e5,1.799
2026-10-05T16:29Z,8345,gA,1.919
2026-10-05T16:29Z,8345,gP,1.999
2026-10-05T16:29Z,8345,g98e5,1.939
2026-10-05T16:29Z,8346,gA,1.939
2026-10-05T16:29Z,8346,gP,2.029
2026-10-05T16:29Z,8347,gA,1.939
2026-10-05T16:29Z,8347,gP,2.029
2026-10-05T16:29Z,8348,g95e5,1.769
2026-10-05T16:29Z,8348,gA,1.879
2026-10-05T16:29Z,8348,gP,1.969
2026-10-05T16:29Z,8349,g95e5,1.899
2026-10-05T16:29Z,8349,g98e5,2.039
2026-10-05T16:29Z,8351,g95e5,1.595
2026-10-05T16:29Z,8355,g95e5,1.799
2026-10-05T16:29Z,8355,gA,1.869
2026-10-05T16:29Z,8355,gP,1.919
2026-10-05T16:29Z,8356,g95e5,1.739
2026-10-05T16:29Z,8356,g98e5,1.839
2026-10-05T16:29Z,8357,g95e5,1.729
2026-10-05T16:29Z,8357,gA,1.944
2026-10-05T16:29Z,8357,gP,2.024
2026-10-05T16:29Z,8357,g98e5,1.869
2026-10-05T16:29Z,8361,gA,1.835
2026-10-05T16:29Z,8361,gP,1.885
2026-10-05T16:29Z,8362,gA,1.919
2026-10-05T16:29Z,8362,gP,1.999
2026-10-05T16:29Z,8367,g95e5,1.949
2026-10-05T16:29Z,8367,g98e5,2.079
2026-10-05T16:29Z,8368,g95e5,1.929
2026-10-05T16:29Z,8368,gP,2.079
2026-10-05T16:29Z,8368,g98e5,2.059
2026-10-05T16:29Z,8372,gA,1.999
2026-10-05T16:29Z,8372,gP,2.099
2026-10-05T16:29Z,8373,gA,2.019
2026-10-05T16:29Z,8374,g95e5,1.839
2026-10-05T16:29Z,8374,gA,1.994
2026-10-05T16:29Z,8374,gP,2.074
2026-10-05T16:29Z,8379,g95e5,1.799
2026-10-05T16:29Z,8379,gA,1.909
2026-10-05T16:29Z,8379,gP,1.989
2026-10-05T16:29Z,8379,g98e5,1.939
2026-10-05T16:29Z,8382,gA,1.954
2026-10-05T16:29Z,8382,gP,2.034
2026-10-05T16:29Z,8383,gA,1.954
2026-10-05T16:29Z,8383,gP,2.034
2026-10-05T16:29Z,8386,g95e5,1.677
2026-10-05T16:29Z,8386,gA,1.726
2026-10-05T16:29Z,8388,g95e5,1.849
2026-10-05T16:29Z,8388,gA,1.989
2026-10-05T16:29Z,8388,gP,2.089
2026-10-05T16:29Z,8388,g98e5,1.969
2026-10-05T16:29Z,8393,g95e5,1.739
2026-10-05T16:29Z,8393,gA,1.899
2026-10-05T16:29Z,8393,gP,1.979
2026-10-05T16:29Z,8393,g98e5,1.879
2026-10-05T16:29Z,8394,g95e5,1.689
2026-10-05T16:29Z,8394,g98e5,1.829
2026-10-05T16:29Z,8395,g95e5,1.779
2026-10-05T16:29Z,8395,gA,1.869
2026-10-05T16:29Z,8395,gP,1.949
2026-10-05T16:29Z,8395,g98e5,1.919
2026-10-05T16:29Z,8397,g95e5,1.689
2026-10-05T16:29Z,8397,gA,1.894
2026-10-05T16:29Z,8397,gP,1.974
2026-10-05T16:29Z,8397,g98e5,1.829
2026-10-05T16:29Z,8398,gA,1.859
2026-10-05T16:29Z,8398,gP,1.939
2026-10-05T16:29Z,8402,g95e5,1.759
2026-10-05T16:29Z,8402,g98e5,1.899
2026-10-05T16:29Z,8403,g95e5,1.869
2026-10-05T16:29Z,8403,gA,1.989
2026-10-05T16:29Z,8403,gP,2.059
2026-10-05T16:29Z,8403,g98e5,1.989
2026-10-05T16:29Z,8405,g95e5,1.869
2026-10-05T16:29Z,8405,gA,1.989
2026-10-05T16:29Z,8405,gP,2.059
2026-10-05T16:29Z,8413,g95e5,1.769
2026-10-05T16:29Z,8413,gA,1.879
2026-10-05T16:29Z,8413,gP,1.959
2026-10-05T16:29Z,8413,g98e5,1.909
2026-10-05T16:29Z,8427,g95e5,1.759
2026-10-05T16:29Z,8427,g98e5,1.899
2026-10-05T16:29Z,8428,g95e5,1.769
2026-10-05T16:29Z,8428,g98e5,1.909
2026-10-05T16:29Z,8435,g95e5,1.769
2026-10-05T16:29Z,8435,gA,1.929
2026-10-05T16:29Z,8435,gP,2.009
2026-10-05T16:29Z,8435,g98e5,1.909
2026-10-05T16:29Z,8440,g95e5,1.699
2026-10-05T16:29Z,8440,g98e5,1.899
2026-10-05T16:29Z,8441,g95e5,1.739
2026-10-05T16:29Z,8441,g98e5,1.879
2026-10-05T16:29Z,8442,g95e5,1.759
2026-10-05T16:29Z,8442,gA,1.909
2026-10-05T16:29Z,8442,gP,1.989
2026-10-05T16:29Z,8442,g98e5,1.899
2026-10-05T16:29Z,8445,g95e5,1.719
2026-10-05T16:29Z,8445,gA,1.839
2026-10-05T16:29Z,8445,gP,1.939
2026-10-05T16:29Z,8446,gA,1.859
2026-10-05T16:29Z,8446,gP,1.939
2026-10-05T16:29Z,8449,g95e5,1.749
2026-10-05T16:29Z,8449,gA,1.949
2026-10-05T16:29Z,8449,gP,2.029
2026-10-05T16:29Z,8449,g98e5,1.889
2026-10-05T16:29Z,8450,g95e5,1.749
2026-10-05T16:29Z,8450,gA,1.949
2026-10-05T16:29Z,8450,gP,2.029
2026-10-05T16:29Z,8450,g98e5,1.889
2026-10-05T16:29Z,8452,g95e5,1.749
2026-10-05T16:29Z,8452,gA,1.879
2026-10-05T16:29Z,8452,gP,1.959
2026-10-05T16:29Z,8452,g98e5,1.889
2026-10-05T16:29Z,8456,gA,1.929
2026-10-05T16:29Z,8456,gP,2.009
2026-10-05T16:29Z,8457,g95e5,1.759
2026-10-05T16:29Z,8457,gA,1.949
2026-10-05T16:29Z,8457,gP,2.029
2026-10-05T16:29Z,8457,g98e5,1.899
2026-10-05T16:29Z,8458,g95e5,1.859
2026-10-05T16:29Z,8458,gA,1.959
2026-10-05T16:29Z,8458,gP,2.039
2026-10-05T16:29Z,8458,g98e5,1.999
2026-10-05T16:29Z,8461,gA,1.934
2026-10-05T16:29Z,8461,gP,2.014
2026-10-05T16:29Z,8464,gA,1.934
2026-10-05T16:29Z,8464,gP,2.014
2026-10-05T16:29Z,8465,gA,1.999
2026-10-05T16:29Z,8465,gP,2.079
2026-10-05T16:29Z,8466,gA,1.999
2026-10-05T16:29Z,8466,gP,2.079
2026-10-05T16:29Z,8470,g95e5,1.839
2026-10-05T16:29Z,8470,gA,1.989
2026-10-05T16:29Z,8470,gP,2.069
2026-10-05T16:29Z,8470,g98e5,1.979
2026-10-05T16:29Z,8472,g95e5,1.844
2026-10-05T16:29Z,8472,gA,1.984
2026-10-05T16:29Z,8472,gP,2.064
2026-10-05T16:29Z,8472,g98e5,1.984
2026-10-05T16:29Z,8473,g95e5,1.809
2026-10-05T16:29Z,8473,gA,1.984
2026-10-05T16:29Z,8473,gP,2.064
2026-10-05T16:29Z,8473,g98e5,1.949
2026-10-05T16:29Z,8483,g95e5,1.689
2026-10-05T16:29Z,8483,g98e5,1.889
2026-10-05T16:29Z,8485,g95e5,1.679
2026-10-05T16:29Z,8485,g98e5,1.879
2026-10-05T16:29Z,8489,gA,1.974
2026-10-05T16:29Z,8489,gP,2.054
2026-10-05T16:29Z,8490,gA,1.984
2026-10-05T16:29Z,8490,gP,2.064
2026-10-05T16:29Z,8498,g98e5,1.979
2026-10-05T16:29Z,8499,g95e5,1.709
2026-10-05T16:29Z,8499,gA,1.849
2026-10-05T16:29Z,8500,gP,2.099
2026-10-05T16:29Z,8500,g98e5,1.979
2026-10-05T16:29Z,8513,g95e5,1.779
2026-10-05T16:29Z,8513,gA,1.799
2026-10-05T16:29Z,8513,gP,1.839
2026-10-05T16:29Z,8515,g95e5,1.839
2026-10-05T16:29Z,8515,gA,1.949
2026-10-05T16:29Z,8515,gP,2.029
2026-10-05T16:29Z,8515,g98e5,1.979
2026-10-05T16:29Z,8516,g95e5,1.739
2026-10-05T16:29Z,8516,gA,1.869
2026-10-05T16:29Z,8516,gP,1.949
2026-10-05T16:29Z,8516,g98e5,1.879
2026-10-05T16:29Z,8517,g95e5,1.699
2026-10-05T16:29Z,8517,gA,1.817
2026-10-05T16:29Z,8517,gP,1.837
2026-10-05T16:29Z,8517,g95e5p,1.709
2026-10-05T16:29Z,8520,g95e5,1.759
2026-10-05T16:29Z,8520,gA,1.944
2026-10-05T16:29Z,8520,gP,2.024
2026-10-05T16:29Z,8520,g98e5,1.899
2026-10-05T16:29Z,8523,gA,1.809
2026-10-05T16:29Z,8523,gP,1.909
2026-10-05T16:29Z,8526,g95e5,1.699
2026-10-05T16:29Z,8526,gA,1.879
2026-10-05T16:29Z,8526,gP,1.959
2026-10-05T16:29Z,8526,g98e5,1.839
2026-10-05T16:29Z,8529,gA,1.849
2026-10-05T16:29Z,8529,gP,1.929
2026-10-05T16:29Z,8530,gB,1.799
2026-10-05T16:29Z,8532,gA,1.829
2026-10-05T16:29Z,8532,gP,1.929
2026-10-05T16:29Z,8533,g95e5,1.729
2026-10-05T16:29Z,8533,g98e5,1.869
2026-10-05T16:29Z,8534,gP,2.005
2026-10-05T16:29Z,8535,gA,1.869
2026-10-05T16:29Z,8535,gP,1.949
2026-10-05T16:29Z,8537,g95e5,1.829
2026-10-05T16:29Z,8537,gA,1.999
2026-10-05T16:29Z,8537,gP,2.079
2026-10-05T16:29Z,8537,g98e5,1.969
2026-10-05T16:29Z,8541,g95e5,1.859
2026-10-05T16:29Z,8541,gA,1.954
2026-10-05T16:29Z,8541,gP,2.034
2026-10-05T16:29Z,8541,g98e5,1.999
2026-10-05T16:29Z,8548,gA,1.899
2026-10-05T16:29Z,8548,gP,1.979
2026-10-05T16:29Z,8549,g95e5,1.699
2026-10-05T16:29Z,8549,gA,1.859
2026-10-05T16:29Z,8549,gP,1.939
2026-10-05T16:29Z,8549,g98e5,1.839
2026-10-05T16:29Z,8551,gA,1.859
2026-10-05T16:29Z,8551,gP,1.939
2026-10-05T16:29Z,8553,g95e5,1.709
2026-10-05T16:29Z,8553,gA,1.899
2026-10-05T16:29Z,8553,gP,1.979
2026-10-05T16:29Z,8553,g98e5,1.849
2026-10-05T16:29Z,8554,g95e5,1.850
2026-10-05T16:29Z,8554,gA,1.969
2026-10-05T16:29Z,8554,gP,2.049
2026-10-05T16:29Z,8554,g98e5,1.989
2026-10-05T16:29Z,8555,g95e5,1.709
2026-10-05T16:29Z,8555,gA,1.859
2026-10-05T16:29Z,8555,gP,1.939
2026-10-05T16:29Z,8555,g98e5,1.849
2026-10-05T16:29Z,8556,gA,1.924
2026-10-05T16:29Z,8556,gP,2.004
2026-10-05T16:29Z,8565,g95e5,1.769
2026-10-05T16:29Z,8565,gA,1.924
2026-10-05T16:29Z,8565,gP,2.004
2026-10-05T16:29Z,8565,g98e5,1.909
2026-10-05T16:29Z,8568,g95e5,1.774
2026-10-05T16:29Z,8568,gA,1.939
2026-10-05T16:29Z,8568,gP,2.019
2026-10-05T16:29Z,8568,g98e5,1.914
2026-10-05T16:29Z,8569,g95e5,1.774
2026-10-05T16:29Z,8569,gA,1.939
2026-10-05T16:29Z,8569,gP,2.019
2026-10-05T16:29Z,8569,g98e5,1.914
2026-10-05T16:29Z,8578,gA,1.934
2026-10-05T16:29Z,8578,gP,2.014
2026-10-05T16:29Z,8711,g95e5,1.579
2026-10-05T16:29Z,8711,gA,1.729
2026-10-05T16:29Z,8711,gP,1.819
2026-10-05T16:29Z,8711,g98e5,1.699
2026-10-05T16:29Z,8717,g95e5,1.569
2026-10-05T16:29Z,8717,gA,1.729
2026-10-05T16:29Z,8717,g98e5,1.689
2026-10-05T16:29Z,8719,g95e5,1.589
2026-10-05T16:29Z,8719,gP,1.769
2026-10-05T16:29Z,8720,g95e5,1.495
2026-10-05T16:29Z,8720,gA,1.649
2026-10-05T16:29Z,8720,gP,1.715
2026-10-05T16:29Z,8720,g98e5,1.659
2026-10-05T16:29Z,8726,g95e5,1.549
2026-10-05T16:29Z,8726,gA,1.719
2026-10-05T16:29Z,8728,g95e5,1.539
2026-10-05T16:29Z,8728,gA,1.699
2026-10-05T16:29Z,8729,g95e5,1.539
2026-10-05T16:29Z,8729,gA,1.709
2026-10-05T16:29Z,8729,gP,1.819
2026-10-05T16:29Z,8729,g98e5,1.679
2026-10-05T16:29Z,8732,g95e5,1.429
2026-10-05T16:29Z,8732,gA,1.599
2026-10-05T16:29Z,8732,gP,1.719
2026-10-05T16:29Z,8732,g98e5,1.559
2026-10-05T16:29Z,8733,g95e5,1.549
2026-10-05T16:29Z,8733,gA,1.719
2026-10-05T16:29Z,8733,g98e5,1.679
2026-10-05T16:29Z,8735,g95e5,1.529
2026-10-05T16:29Z,8735,gA,1.629
2026-10-05T16:29Z,8735,gP,1.729
2026-10-05T16:29Z,8735,g98e5,1.639
2026-10-05T16:29Z,8739,g95e5,1.564
2026-10-05T16:29Z,8739,gA,1.734
2026-10-05T16:29Z,8739,g98e5,1.694
2026-10-05T16:29Z,8753,g95e5,1.589
2026-10-05T16:29Z,8753,gA,1.719
2026-10-05T16:29Z,8753,gP,1.839
2026-10-05T16:29Z,8755,g95e5,1.689
2026-10-05T16:29Z,8755,gA,1.909
2026-10-05T16:29Z,8755,gP,1.959
2026-10-05T16:29Z,8755,g98e5,1.785
2026-10-05T16:29Z,8756,g95e5,1.555
2026-10-05T16:29Z,8756,gA,1.679
2026-10-05T16:29Z,8756,gP,1.775
2026-10-05T16:29Z,8756,g98e5,1.629
2026-10-05T16:29Z,8757,g95e5,1.589
2026-10-05T16:29Z,8757,gA,1.719
2026-10-05T16:29Z,8757,gP,1.839
2026-10-05T16:29Z,8759,g95e5,1.509
2026-10-05T16:29Z,8759,gA,1.649
2026-10-05T16:29Z,8759,gP,1.749
2026-10-05T16:29Z,8759,g98e5,1.629
2026-10-05T16:29Z,8760,g95e5,1.619
2026-10-05T16:29Z,8760,gA,1.749
2026-10-05T16:29Z,8760,gP,1.799
2026-10-05T16:29Z,8760,g98e5,1.739
2026-10-05T16:29Z,8761,g95e5,1.609
2026-10-05T16:29Z,8761,gP,1.849
2026-10-05T16:29Z,8761,g98e5,1.729
2026-10-05T16:29Z,8762,g95e5,1.609
2026-10-05T16:29Z,8762,gA,1.729
2026-10-05T16:29Z,8762,gP,1.809
2026-10-05T16:29Z,8762,g98e5,1.709
2026-10-05T16:29Z,8765,g95e5,1.594
2026-10-05T16:29Z,8765,gA,1.577
2026-10-05T16:29Z,8765,gP,1.617
2026-10-05T16:29Z,8767,g95e5,1.549
2026-10-05T16:29Z,8767,gA,1.709
2026-10-05T16:29Z,8767,gP,1.809
2026-10-05T16:29Z,8767,g98e5,1.679
2026-10-05T16:29Z,8768,g95e5,1.579
2026-10-05T16:29Z,8768,gA,1.735
2026-10-05T16:29Z,8768,gP,1.855
2026-10-05T16:29Z,8768,g98e5,1.689
2026-10-05T16:29Z,8770,g95e5,1.579
2026-10-05T16:29Z,8770,gA,1.729
2026-10-05T16:29Z,8770,gP,1.819
2026-10-05T16:29Z,8770,g98e5,1.699
2026-10-05T16:29Z,8775,g95e5,1.559
2026-10-05T16:29Z,8775,g98e5,1.689
2026-10-05T16:29Z,8791,g95e5,1.804
2026-10-05T16:29Z,8791,gA,1.949
2026-10-05T16:29Z,8791,gP,2.029
2026-10-05T16:29Z,8791,g98e5,1.944
2026-10-05T16:29Z,8793,g95e5,1.769
2026-10-05T16:29Z,8793,gA,1.964
2026-10-05T16:29Z,8793,gP,2.044
2026-10-05T16:29Z,8793,gB,1.609
2026-10-05T16:29Z,8892,g95e5,1.699
2026-10-05T16:29Z,8892,gA,1.769
2026-10-05T16:29Z,8892,gP,1.789
2026-10-05T16:29Z,8892,g95e5p,1.719
2026-10-05T16:29Z,8893,g95e5,1.829
2026-10-05T16:29Z,8893,gA,1.799
2026-10-05T16:29Z,8897,g95e5,1.673
2026-10-05T16:29Z,8897,gA,1.746
2026-10-05T16:29Z,8897,gB,1.523
2026-10-05T16:29Z,8899,gB,1.480
2026-10-05T16:29Z,8901,g95e5,1.799
2026-10-05T16:29Z,8903,g95e5,1.779
2026-10-05T16:29Z,8905,gA,2.029
2026-10-05T16:29Z,8905,gP,2.129
2026-10-05T16:29Z,8922,g95e5,1.769
2026-10-05T16:29Z,8922,gA,1.779
2026-10-05T16:29Z,8922,gP,1.849
2026-10-05T16:29Z,8922,gB,1.530
2026-10-05T16:29Z,8928,gP,1.819
2026-10-05T16:29Z,8929,g95e5,1.909
2026-10-05T16:29Z,8933,g95e5,1.819
2026-10-05T16:29Z,8933,gA,1.869
2026-10-05T16:29Z,8954,g95e5,1.869
2026-10-05T16:29Z,8954,gA,1.873
2026-10-05T16:29Z,8954,g98e5,1.933
2026-10-05T16:29Z,8958,g95e5,1.609
2026-10-05T16:29Z,8958,gA,1.699
2026-10-05T16:29Z,8958,gB,1.479
2026-10-05T16:29Z,8975,g95e5,1.839
2026-10-05T16:29Z,8975,g98e5,1.979
2026-10-05T16:29Z,8985,gA,1.721
2026-10-05T16:29Z,8985,gP,1.775
2026-10-05T16:29Z,8988,g95e5,1.899
2026-10-05T16:29Z,8988,gA,1.999
2026-10-05T16:29Z,8988,gP,2.049
2026-10-05T16:29Z,8988,g98e5,2.059
2026-10-05T16:29Z,9025,g95e5,1.799
2026-10-05T16:29Z,9025,gA,1.819
2026-10-05T16:29Z,9027,g95e5,1.805
2026-10-05T16:29Z,9027,gA,1.989
2026-10-05T16:29Z,9027,gB,1.789
2026-10-05T16:29Z,9033,g95e5,1.865
2026-10-05T16:29Z,9033,gA,1.725
2026-10-05T16:29Z,9035,g95e5,1.709
2026-10-05T16:29Z,9035,gA,1.778
2026-10-05T16:29Z,9035,gB,1.524
2026-10-05T16:29Z,9040,g95e5,1.819
2026-10-05T16:29Z,9040,gA,1.927
2026-10-05T16:29Z,9040,gP,1.987
2026-10-05T16:29Z,9040,g98e5,1.979
2026-10-05T16:29Z,9040,gB,1.659
2026-10-05T16:29Z,9041,gA,1.999
2026-10-05T16:29Z,9044,g95e5,1.849
2026-10-05T16:29Z,9046,g95e5,1.722
2026-10-05T16:29Z,9046,gA,1.798
2026-10-05T16:29Z,9046,gB,1.544
2026-10-05T16:29Z,9056,g95e5,1.839
2026-10-05T16:29Z,9056,gB,1.799
2026-10-05T16:29Z,9066,g95e5,1.799
2026-10-05T16:29Z,9066,gA,1.959
2026-10-05T16:29Z,9066,gP,2.039
2026-10-05T16:29Z,9066,g98e5,1.939
2026-10-05T16:29Z,9068,g95e5,1.810
2026-10-05T16:29Z,9069,g95e5,1.839
2026-10-05T16:29Z,9069,gA,1.969
2026-10-05T16:29Z,9069,gP,2.069
2026-10-05T16:29Z,9069,g98e5,1.959
2026-10-05T16:29Z,9081,g95e5,1.699
2026-10-05T16:29Z,9081,gA,1.799
2026-10-05T16:29Z,9081,gB,1.550
2026-10-05T16:29Z,9089,g95e5,1.819
2026-10-05T16:29Z,9089,g98e5,1.949
2026-10-05T16:29Z,9101,g95e5,1.803
2026-10-05T16:29Z,9101,gP,1.833
2026-10-05T16:29Z,9102,g95e5,1.824
2026-10-05T16:29Z,9102,gA,1.944
2026-10-05T16:29Z,9102,gP,1.994
2026-10-05T16:29Z,9102,g95e5p,1.874
2026-10-05T16:29Z,9103,g95e5,2.008
2026-10-05T16:29Z,9103,gA,1.958
2026-10-05T16:29Z,9103,gP,1.988
2026-10-05T16:29Z,9103,g98e5,2.038
2026-10-05T16:29Z,9104,g95e5,1.659
2026-10-05T16:29Z,9119,g95e5,1.809
2026-10-05T16:29Z,9119,gA,1.919
2026-10-05T16:29Z,9119,gP,1.999
2026-10-05T16:29Z,9119,g98e5,1.949
2026-10-05T16:29Z,9131,g98e5,1.850
2026-10-05T16:29Z,9151,g95e5,1.589
2026-10-05T16:29Z,9151,gA,1.709
2026-10-05T16:29Z,9158,g95e5,1.839
2026-10-05T16:29Z,9158,gA,1.959
2026-10-05T16:29Z,9172,gP,1.959
2026-10-05T16:29Z,9172,g95e5p,1.839
2026-10-05T16:29Z,9175,gP,2.099
2026-10-05T16:29Z,9175,g98e5,1.979
2026-10-05T16:29Z,9179,gP,2.099
2026-10-05T16:29Z,9179,g98e5,1.979
2026-10-05T16:29Z,9191,g95e5,1.812
2026-10-05T16:29Z,9191,gA,1.919
2026-10-05T16:29Z,9191,gP,2.012
2026-10-05T16:29Z,9191,g98e5,1.952
2026-10-05T16:29Z,9191,gB,1.848
2026-10-05T16:29Z,9201,g95e5,1.798
2026-10-05T16:29Z,9201,gA,1.938
2026-10-05T16:29Z,9201,gP,2.018
2026-10-05T16:29Z,9201,g98e5,1.998
2026-10-05T16:29Z,9204,gA,1.790
2026-10-05T16:29Z,9204,gB,1.580
2026-10-05T16:29Z,9215,g95e5,1.785
2026-10-05T16:29Z,9215,gA,1.867
2026-10-05T16:29Z,9215,gB,1.537
2026-10-05T16:29Z,9227,gA,1.869
2026-10-05T16:29Z,9229,g95e5,1.739
2026-10-05T16:29Z,9229,gA,1.779
2026-10-05T16:29Z,9231,g95e5,1.679
2026-10-05T16:29Z,9231,gA,1.789
2026-10-05T16:29Z,9235,g95e5,1.879
2026-10-05T16:29Z,9235,gA,1.951
2026-10-05T16:29Z,9239,gA,1.919
2026-10-05T16:29Z,9242,g95e5,1.845
2026-10-05T16:29Z,9242,gA,1.989
2026-10-05T16:29Z,9242,g98e5,1.995
2026-10-05T16:29Z,9245,g95e5,1.789
2026-10-05T16:29Z,9245,gA,1.849
2026-10-05T16:29Z,9245,gP,1.879
2026-10-05T16:29Z,9245,g98e5,1.889
2026-10-05T16:29Z,9247,gA,1.799
2026-10-05T16:29Z,9253,g95e5,1.825
2026-10-05T16:29Z,9253,gA,1.985
2026-10-05T16:29Z,9253,g98e5,1.969
2026-10-05T16:29Z,9264,g95e5,1.867
2026-10-05T16:29Z,9264,gA,1.897
2026-10-05T16:29Z,9279,gA,1.839
2026-10-05T16:29Z,9286,g95e5,1.919
2026-10-05T16:29Z,9286,gA,1.999
2026-10-05T16:29Z,9294,g95e5,1.855
2026-10-05T16:29Z,9294,gA,1.999
2026-10-05T16:29Z,9295,gB,1.542
2026-10-05T16:29Z,9300,gA,1.989
2026-10-05T16:29Z,9300,gP,2.069
2026-10-05T16:29Z,9301,g95e5,1.663
2026-10-05T16:29Z,9301,gA,1.685
2026-10-05T16:29Z,9302,g95e5,1.853
2026-10-05T16:29Z,9302,gA,1.949
2026-10-05T16:29Z,9302,gP,2.049
2026-10-05T16:29Z,9302,g95e5p,1.908
2026-10-05T16:29Z,9303,gA,1.959
2026-10-05T16:29Z,9303,gP,2.059
2026-10-05T16:29Z,9306,g95e5,1.829
2026-10-05T16:29Z,9308,gA,1.929
2026-10-05T16:29Z,9308,gP,2.009
2026-10-05T16:29Z,9341,g95e5,1.799
2026-10-05T16:29Z,9341,gA,1.789
2026-10-05T16:29Z,9341,gB,1.589
2026-10-05T16:29Z,9347,g95e5,1.844
2026-10-05T16:29Z,9347,gA,1.999
2026-10-05T16:29Z,9347,gP,2.049
2026-10-05T16:29Z,9347,g95e5p,1.894
2026-10-05T16:29Z,9352,gA,1.779
2026-10-05T16:29Z,9352,gB,1.555
2026-10-05T16:29Z,9360,gA,1.769
2026-10-05T16:29Z,9365,g95e5,1.849
2026-10-05T16:29Z,9365,gA,1.989
2026-10-05T16:29Z,9365,gP,2.049
2026-10-05T16:29Z,9370,g95e5,1.739
2026-10-05T16:29Z,9370,gA,1.779
2026-10-05T16:29Z,9376,g95e5,1.748
2026-10-05T16:29Z,9377,g95e5,1.689
2026-10-05T16:29Z,9377,gA,1.759
2026-10-05T16:29Z,9377,gP,1.859
2026-10-05T16:29Z,9380,g95e5,1.689
2026-10-05T16:29Z,9380,gA,1.839
2026-10-05T16:29Z,9380,gP,1.919
2026-10-05T16:29Z,9380,g98e5,1.829
2026-10-05T16:29Z,9386,g95e5,1.650
2026-10-05T16:29Z,9386,gA,1.834
2026-10-05T16:29Z,9396,g95e5,1.829
2026-10-05T16:29Z,9396,gB,1.935
2026-10-05T16:29Z,9397,g95e5,1.669
2026-10-05T16:29Z,9397,gP,1.839
2026-10-05T16:29Z,9403,g95e5,1.719
2026-10-05T16:29Z,9403,gA,1.879
2026-10-05T16:29Z,9403,gP,1.929
2026-10-05T16:29Z,9403,g98e5,1.829
2026-10-05T16:29Z,9406,g95e5,1.749
2026-10-05T16:29Z,9406,gA,1.789
2026-10-05T16:29Z,9406,gB,1.669
2026-10-05T16:29Z,9423,g95e5,1.839
2026-10-05T16:29Z,9423,gA,1.959
2026-10-05T16:29Z,9423,gP,2.039
2026-10-05T16:29Z,9423,g98e5,1.979
2026-10-05T16:29Z,9426,gA,1.969
2026-10-05T16:29Z,9426,gP,2.039
2026-10-05T16:29Z,9428,g95e5,1.799
2026-10-05T16:29Z,9428,gA,1.949
2026-10-05T16:29Z,9428,gP,1.999
2026-10-05T16:29Z,9428,g98e5,1.899
2026-10-05T16:29Z,9437,gA,1.779
2026-10-05T16:29Z,9437,gB,1.569
2026-10-05T16:29Z,9441,g95e5,1.849
2026-10-05T16:29Z,9441,gA,1.979
2026-10-05T16:29Z,9442,gA,1.779
2026-10-05T16:29Z,9442,gB,1.569
2026-10-05T16:29Z,9445,gP,2.059
2026-10-05T16:29Z,9446,g95e5,1.739
2026-10-05T16:29Z,9446,gA,1.779
2026-10-05T16:29Z,9446,gB,1.555
2026-10-05T16:29Z,9450,g95e5,1.739
2026-10-05T16:29Z,9450,gA,1.779
2026-10-05T16:29Z,9450,gB,1.555
2026-10-05T16:29Z,9458,g95e5,1.739
2026-10-05T16:29Z,9458,gA,1.779
2026-10-05T16:29Z,9458,gB,1.555
2026-10-05T16:29Z,9461,g95e5,1.799
2026-10-05T16:29Z,9461,gA,2.015
2026-10-05T16:29Z,9461,g98e5,1.899
2026-10-05T16:29Z,9467,g95e5,1.869
2026-10-05T16:29Z,9467,g98e5,2.009
2026-10-05T16:29Z,9468,g95e5,1.739
2026-10-05T16:29Z,9468,gA,1.779
2026-10-05T16:29Z,9468,gB,1.555
2026-10-05T16:29Z,9471,g95e5,1.805
2026-10-05T16:29Z,9476,g95e5,1.699
2026-10-05T16:29Z,9477,gA,1.839
2026-10-05T16:29Z,9482,g95e5,1.799
2026-10-05T16:29Z,9482,gA,1.859
2026-10-05T16:29Z,9482,gP,1.919
2026-10-05T16:29Z,9495,g95e5,1.879
2026-10-05T16:29Z,9495,gA,1.969
2026-10-05T16:29Z,9495,gP,2.059
2026-10-05T16:29Z,9495,g98e5,2.019
2026-10-05T16:29Z,9500,g95e5,1.739
2026-10-05T16:29Z,9500,gA,1.779
2026-10-05T16:29Z,9500,gB,1.569
2026-10-05T16:29Z,9518,g95e5,1.762
2026-10-05T16:29Z,9518,gA,1.775
2026-10-05T16:29Z,9520,g95e5,1.869
2026-10-05T16:29Z,9520,gA,1.929
2026-10-05T16:29Z,9520,gP,2.019
2026-10-05T16:29Z,9522,gA,1.770
2026-10-05T16:29Z,9531,gA,1.929
2026-10-05T16:29Z,9531,gP,1.999
2026-10-05T16:29Z,9545,g95e5,1.796
2026-10-05T16:29Z,9545,g98e5,1.896
2026-10-05T16:29Z,9551,g95e5,1.739
2026-10-05T16:29Z,9551,gA,1.779
2026-10-05T16:29Z,9551,gB,1.555
2026-10-05T16:29Z,9554,g95e5,1.779
2026-10-05T16:29Z,9554,gA,1.779
2026-10-05T16:29Z,9554,gP,1.859
2026-10-05T16:29Z,9557,g95e5,1.733
2026-10-05T16:29Z,9557,gA,1.773
2026-10-05T16:29Z,9557,gB,1.500
2026-10-05T16:29Z,9568,g95e5,1.759
2026-10-05T16:29Z,9568,gA,1.799
2026-10-05T16:29Z,9568,gB,1.575
2026-10-05T16:29Z,9569,g95e5,1.799
2026-10-05T16:29Z,9569,gA,1.799
2026-10-05T16:29Z,9573,g95e5,1.739
2026-10-05T16:29Z,9573,gA,1.779
2026-10-05T16:29Z,9582,g95e5,1.733
2026-10-05T16:29Z,9582,gB,1.536
2026-10-05T16:29Z,9583,gA,1.749
2026-10-05T16:29Z,9589,g95e5,1.849
2026-10-05T16:29Z,9589,gA,1.989
2026-10-05T16:29Z,9589,gP,2.069
2026-10-05T16:29Z,9589,g98e5,1.989
2026-10-05T16:29Z,9599,gA,2.029
2026-10-05T16:29Z,9601,gP,1.847
2026-10-05T16:29Z,9611,g95e5,1.779
2026-10-05T16:29Z,9611,gA,1.964
2026-10-05T16:29Z,9611,gP,2.044
2026-10-05T16:29Z,9611,g98e5,1.919
2026-10-05T16:29Z,9614,g95e5,1.599
2026-10-05T16:29Z,9614,gA,1.739
2026-10-05T16:29Z,9614,gP,1.809
2026-10-05T16:29Z,9614,g98e5,1.739
2026-10-05T16:29Z,9616,g95e5,1.879
2026-10-05T16:29Z,9616,gA,1.959
2026-10-05T16:29Z,9616,gP,1.999
2026-10-05T16:29Z,9622,gA,1.964
2026-10-05T16:29Z,9622,gP,2.029
2026-10-05T16:29Z,9629,g95e5,1.599
2026-10-05T16:29Z,9629,gA,1.769
2026-10-05T16:29Z,9629,gP,1.859
2026-10-05T16:29Z,9629,g98e5,1.729
2026-10-05T16:29Z,9636,g95e5,1.739
2026-10-05T16:29Z,9636,gA,1.779
2026-10-05T16:29Z,9636,gB,1.535
2026-10-05T16:29Z,9638,g95e5,1.940
2026-10-05T16:29Z,9638,gA,1.939
2026-10-05T16:29Z,9642,g95e5,1.849
2026-10-05T16:29Z,9642,gA,1.922
2026-10-05T16:29Z,9649,g95e5,1.869
2026-10-05T16:29Z,9649,gA,1.959
2026-10-05T16:29Z,9649,gP,2.029
2026-10-05T16:29Z,9649,g98e5,2.089
2026-10-05T16:29Z,9649,gB,1.839
2026-10-05T16:29Z,9653,g95e5,1.739
2026-10-05T16:29Z,9653,gA,1.779
2026-10-05T16:29Z,9653,gB,1.555
2026-10-05T16:29Z,9669,gA,1.959
2026-10-05T16:29Z,9680,g95e5,1.859
2026-10-05T16:29Z,9680,g98e5,1.959
2026-10-05T16:29Z,9681,g95e5,1.809
2026-10-05T16:29Z,9681,gA,1.819
2026-10-05T16:29Z,9681,gB,1.599
2026-10-05T16:29Z,9686,gB,1.659
2026-10-05T16:29Z,9693,gA,1.939
2026-10-05T16:29Z,9693,gB,1.759
2026-10-05T16:29Z,9708,g95e5,1.859
2026-10-05T16:29Z,9708,gA,1.985
2026-10-05T16:29Z,9741,g95e5,1.579
2026-10-05T16:29Z,9741,gA,1.719
2026-10-05T16:29Z,9741,gP,1.839
2026-10-05T16:29Z,9741,g98e5,1.699
2026-10-05T16:29Z,9750,gA,1.673
2026-10-05T16:29Z,9751,g95e5,1.799
2026-10-05T16:29Z,9751,gA,1.809
2026-10-05T16:29Z,9751,gB,1.609
2026-10-05T16:29Z,9755,g95e5,1.779
2026-10-05T16:29Z,9761,gA,1.673
2026-10-05T16:29Z,9766,g95e5,1.839
2026-10-05T16:29Z,9766,g98e5,1.959
2026-10-05T16:29Z,9780,gA,1.899
2026-10-05T16:29Z,9790,g95e5,1.859
2026-10-05T16:29Z,9790,gA,1.929
2026-10-05T16:29Z,9798,g95e5,1.682
2026-10-05T16:29Z,9798,gA,1.778
2026-10-05T16:29Z,9798,g98e5,1.801
2026-10-05T16:29Z,9807,g95e5,1.607
2026-10-05T16:29Z,9812,g95e5,1.677
2026-10-05T16:29Z,9813,g95e5,1.835
2026-10-05T16:29Z,9813,gA,1.985
2026-10-05T16:29Z,9813,g98e5,1.995
2026-10-05T16:29Z,9813,gB,1.859
2026-10-05T16:29Z,9817,g95e5,1.819
2026-10-05T16:29Z,9817,gA,1.999
2026-10-05T16:29Z,9817,gP,2.059
2026-10-05T16:29Z,9818,g95e5,1.759
2026-10-05T16:29Z,9818,gA,1.779
2026-10-05T16:29Z,9835,g95e5,1.889
2026-10-05T16:29Z,9835,gA,1.949
2026-10-05T16:29Z,9835,gP,1.999
2026-10-05T16:29Z,9835,g98e5,2.049
2026-10-05T16:29Z,9846,g95e5,1.799
2026-10-05T16:29Z,9846,gA,1.949
2026-10-05T16:29Z,9846,gP,1.999
2026-10-05T16:29Z,9868,g95e5,1.859
2026-10-05T16:29Z,9868,gA,1.959
2026-10-05T16:29Z,9868,gP,1.999
2026-10-05T16:29Z,9868,g98e5,1.969
2026-10-05T16:29Z,9870,g95e5,1.855
2026-10-05T16:29Z,9870,gA,2.010
2026-10-05T16:29Z,9870,gP,2.089
2026-10-05T16:29Z,9870,g98e5,1.999
2026-10-05T16:29Z,9871,g95e5,1.859
2026-10-05T16:29Z,9871,gA,2.010
2026-10-05T16:29Z,9871,gP,2.089
2026-10-05T16:29Z,9871,g98e5,1.999
2026-10-05T16:29Z,9887,g95e5,1.679
2026-10-05T16:29Z,9892,gA,1.985
2026-10-05T16:29Z,9892,gP,2.045
2026-10-05T16:29Z,9892,g98e5,1.939
2026-10-05T16:29Z,9907,gB,1.590
2026-10-05T16:29Z,9915,g95e5,1.869
2026-10-05T16:29Z,9915,gA,1.929
2026-10-05T16:29Z,9915,gP,2.019
2026-10-05T16:29Z,9921,g95e5,1.866
2026-10-05T16:29Z,9933,g95e5,1.859
2026-10-05T16:29Z,9933,gA,1.969
2026-10-05T16:29Z,9933,gP,2.069
2026-10-05T16:29Z,9961,g95e5,1.559
2026-10-05T16:29Z,9961,gA,1.769
2026-10-05T16:29Z,9961,gP,1.869
2026-10-05T16:29Z,9961,g98e5,1.679
2026-10-05T16:29Z,9966,gA,1.759
2026-10-05T16:29Z,9966,gP,1.849
2026-10-05T16:29Z,9972,gA,1.887
2026-10-05T16:29Z,9988,gA,1.820
2026-10-05T16:29Z,10000,g95e5,1.989
2026-10-05T16:29Z,10000,gA,1.989
2026-10-05T16:29Z,10000,gP,2.069
2026-10-05T16:29Z,10000,g98e5,2.099
2026-10-05T16:29Z,10019,gA,1.999
2026-10-05T16:29Z,10019,gP,2.039
2026-10-05T16:29Z,10026,g95e5,1.889
2026-10-05T16:29Z,10026,gA,1.989
2026-10-05T16:29Z,10026,gP,2.079
2026-10-05T16:29Z,10034,g95e5,1.669
2026-10-05T16:29Z,10045,g95e5,1.959
2026-10-05T16:29Z,10045,gA,1.899
2026-10-05T16:29Z,10059,gA,2.025
2026-10-05T16:29Z,10059,gP,2.135
2026-10-05T16:29Z,10059,gB,1.805
2026-10-05T16:29Z,10083,g95e5,1.559
2026-10-05T16:29Z,10083,gA,1.729
2026-10-05T16:29Z,10083,g98e5,1.699
2026-10-05T16:29Z,10085,g95e5,1.539
2026-10-05T16:29Z,10085,gA,1.709
2026-10-05T16:29Z,10085,gP,1.819
2026-10-05T16:29Z,10085,g98e5,1.669
2026-10-05T16:29Z,10095,g95e5,1.815
2026-10-05T16:29Z,10095,gA,1.839
2026-10-05T16:29Z,10103,gA,1.809
2026-10-05T16:29Z,10112,gB,1.260
2026-10-05T16:29Z,10113,gA,1.839
2026-10-05T16:29Z,10114,g95e5,1.758
2026-10-05T16:29Z,10114,gA,1.788
2026-10-05T16:29Z,10115,gA,1.813
2026-10-05T16:29Z,10115,gB,1.602
2026-10-05T16:29Z,10116,gA,1.839
2026-10-05T16:29Z,10121,g95e5,1.699
2026-10-05T16:29Z,10121,gA,1.799
2026-10-05T16:29Z,10121,gP,1.829
2026-10-05T16:29Z,10121,gB,1.639
2026-10-05T16:29Z,10127,g95e5,1.589
2026-10-05T16:29Z,10127,gA,1.719
2026-10-05T16:29Z,10127,gP,1.829
2026-10-05T16:29Z,10127,g98e5,1.709
2026-10-05T16:29Z,10131,g95e5,1.749
2026-10-05T16:29Z,10131,gA,1.778
2026-10-05T16:29Z,10131,gP,1.828
2026-10-05T16:29Z,10131,g98e5,1.868
2026-10-05T16:29Z,10161,g95e5,1.759
2026-10-05T16:29Z,10162,g95e5,1.754
2026-10-05T16:29Z,10162,gA,1.869
2026-10-05T16:29Z,10162,gP,1.949
2026-10-05T16:29Z,10162,g98e5,1.894
2026-10-05T16:29Z,10163,gA,1.934
2026-10-05T16:29Z,10163,gP,2.014
2026-10-05T16:29Z,10164,g95e5,1.789
2026-10-05T16:29Z,10165,g95e5,1.803
2026-10-05T16:29Z,10165,gA,1.998
2026-10-05T16:29Z,10165,gP,2.094
2026-10-05T16:29Z,10172,g95e5,1.629
2026-10-05T16:29Z,10172,gA,1.759
2026-10-05T16:29Z,10172,gP,1.859
2026-10-05T16:29Z,10177,g95e5,1.679
2026-10-05T16:29Z,10177,gA,1.779
2026-10-05T16:29Z,10177,gP,1.879
2026-10-05T16:29Z,10196,gB,1.552
2026-10-05T16:29Z,10198,g95e5,1.796
2026-10-05T16:29Z,10204,gA,1.999
2026-10-05T16:29Z,10204,gP,2.059
2026-10-05T16:29Z,10213,g95e5,1.879
2026-10-05T16:29Z,10213,gA,1.949
2026-10-05T16:29Z,10213,gP,2.019
2026-10-05T16:29Z,10216,g95e5,1.799
2026-10-05T16:29Z,10231,g95e5,1.757
2026-10-05T16:29Z,10234,g95e5,1.839
2026-10-05T16:29Z,10234,gA,1.979
2026-10-05T16:29Z,10234,gP,2.059
2026-10-05T16:29Z,10234,g98e5,1.979
2026-10-05T16:29Z,10238,gA,1.770
2026-10-05T16:29Z,10239,g95e5,1.619
2026-10-05T16:29Z,10249,g95e5,1.803
2026-10-05T16:29Z,10249,gA,1.998
2026-10-05T16:29Z,10249,gP,2.099
2026-10-05T16:29Z,10252,g95e5,1.845
2026-10-05T16:29Z,10252,gA,2.009
2026-10-05T16:29Z,10257,g95e5,1.828
2026-10-05T16:29Z,10261,g95e5,1.725
2026-10-05T16:29Z,10261,gA,1.867
2026-10-05T16:29Z,10261,gP,1.887
2026-10-05T16:29Z,10267,g95e5,1.739
2026-10-05T16:29Z,10267,gA,1.795
2026-10-05T16:29Z,10267,gP,1.795
2026-10-05T16:29Z,10267,g95e5p,1.739
2026-10-05T16:29Z,10279,g95e5,1.594
2026-10-05T16:29Z,10279,gA,1.577
2026-10-05T16:29Z,10279,gP,1.617
2026-10-05T16:29Z,10280,g95e5,1.594
2026-10-05T16:29Z,10280,gA,1.577
2026-10-05T16:29Z,10280,gP,1.617
2026-10-05T16:29Z,10281,g95e5,1.594
2026-10-05T16:29Z,10281,gA,1.577
2026-10-05T16:29Z,10281,gP,1.617
2026-10-05T16:29Z,10282,g95e5,1.599
2026-10-05T16:29Z,10282,gA,1.739
2026-10-05T16:29Z,10282,gP,1.839
2026-10-05T16:29Z,10282,g98e5,1.719
2026-10-05T16:29Z,10295,g95e5,1.709
2026-10-05T16:29Z,10295,gA,1.798
2026-10-05T16:29Z,10305,g95e5,1.839
2026-10-05T16:29Z,10305,g98e5,1.999
2026-10-05T16:29Z,10307,g95e5,1.589
2026-10-05T16:29Z,10307,gA,1.729
2026-10-05T16:29Z,10307,gP,1.799
2026-10-05T16:29Z,10307,g98e5,1.729
2026-10-05T16:29Z,10313,gA,1.949
2026-10-05T16:29Z,10313,gP,2.039
2026-10-05T16:29Z,10324,g95e5,1.594
2026-10-05T16:29Z,10324,gA,1.577
2026-10-05T16:29Z,10324,gP,1.617
2026-10-05T16:29Z,10325,g95e5,1.594
2026-10-05T16:29Z,10325,gA,1.577
2026-10-05T16:29Z,10325,gP,1.617
2026-10-05T16:29Z,10326,g95e5,1.809
2026-10-05T16:29Z,10326,gA,1.859
2026-10-05T16:29Z,10326,gP,1.929
2026-10-05T16:29Z,10326,g98e5,1.969
2026-10-05T16:29Z,10327,g95e5,1.809
2026-10-05T16:29Z,10327,gA,1.859
2026-10-05T16:29Z,10327,gP,1.929
2026-10-05T16:29Z,10327,g98e5,1.969
2026-10-05T16:29Z,10328,gA,1.925
2026-10-05T16:29Z,10340,g95e5,1.819
2026-10-05T16:29Z,10340,gA,1.839
2026-10-05T16:29Z,10340,gP,1.869
2026-10-05T16:29Z,10340,g98e5,1.919
2026-10-05T16:29Z,10340,gB,1.759
2026-10-05T16:29Z,10351,g95e5,1.779
2026-10-05T16:29Z,10351,gA,1.799
2026-10-05T16:29Z,10351,gP,1.799
2026-10-05T16:29Z,10353,g95e5,1.739
2026-10-05T16:29Z,10362,g95e5,1.899
2026-10-05T16:29Z,10362,gA,1.939
2026-10-05T16:29Z,10362,g98e5,2.159
2026-10-05T16:29Z,10367,gA,1.984
2026-10-05T16:29Z,10367,gP,2.069
2026-10-05T16:29Z,10374,g95e5,1.729
2026-10-05T16:29Z,10374,gA,1.899
2026-10-05T16:29Z,10374,gP,1.899
2026-10-05T16:29Z,10374,glp,1.179
2026-10-05T16:29Z,10375,g95e5,1.750
2026-10-05T16:29Z,10377,g95e5,1.798
2026-10-05T16:29Z,10377,gA,1.775
2026-10-05T16:29Z,10377,gP,1.805
2026-10-05T16:29Z,10377,gB,1.580
2026-10-05T16:29Z,10378,g95e5,1.739
2026-10-05T16:29Z,10378,gA,1.779
2026-10-05T16:29Z,10380,gA,1.914
2026-10-05T16:29Z,10380,gP,1.974
2026-10-05T16:29Z,10425,gA,2.009
2026-10-05T16:29Z,10425,gP,2.099
2026-10-05T16:29Z,10446,g95e5,1.699
2026-10-05T16:29Z,10470,gB,1.829
2026-10-05T16:29Z,10489,g95e5,1.719
2026-10-05T16:29Z,10489,gA,1.819
2026-10-05T16:29Z,10489,gP,1.919
2026-10-05T16:29Z,10489,g98e5,1.839
2026-10-05T16:29Z,10494,g95e5,1.845
2026-10-05T16:29Z,10494,gA,2.015
2026-10-05T16:29Z,10494,gP,2.105
2026-10-05T16:29Z,10494,g98e5,1.985
2026-10-05T16:29Z,10497,g95e5,1.659
2026-10-05T16:29Z,10497,gA,1.777
2026-10-05T16:29Z,10497,gP,1.807
2026-10-05T16:29Z,10497,g98e5,1.789
2026-10-05T16:29Z,10502,gA,1.919
2026-10-05T16:29Z,10502,gP,2.029
2026-10-05T16:29Z,10502,g98e5,1.999
2026-10-05T16:29Z,10503,gA,1.919
2026-10-05T16:29Z,10503,gP,2.029
2026-10-05T16:29Z,10503,g98e5,1.999
2026-10-05T16:29Z,10510,g95e5,1.602
2026-10-05T16:29Z,10520,g95e5,1.739
2026-10-05T16:29Z,10520,g98e5,1.939
2026-10-05T16:29Z,10524,gA,1.880
2026-10-05T16:29Z,10524,gB,1.500
2026-10-05T16:29Z,10558,g95e5,1.699
2026-10-05T16:29Z,10558,gA,1.789
2026-10-05T16:29Z,10558,gP,1.889
2026-10-05T16:29Z,10558,g98e5,1.899
2026-10-05T16:29Z,10565,g95e5,1.839
2026-10-05T16:29Z,10565,gA,1.999
2026-10-05T16:29Z,10565,gP,2.059
2026-10-05T16:29Z,10573,gA,1.969
2026-10-05T16:29Z,10573,gP,2.069
2026-10-05T16:29Z,10573,glp,1.109
2026-10-05T16:29Z,10574,g95e5,1.789
2026-10-05T16:29Z,10574,gA,1.969
2026-10-05T16:29Z,10574,gP,2.049
2026-10-05T16:29Z,10574,g98e5,1.929
2026-10-05T16:29Z,10579,g95e5,1.859
2026-10-05T16:29Z,10579,gA,2.015
2026-10-05T16:29Z,10593,g95e5,1.819
2026-10-05T16:29Z,10593,gA,1.979
2026-10-05T16:29Z,10593,gP,2.059
2026-10-05T16:29Z,10593,g98e5,1.959
2026-10-05T16:29Z,10598,g95e5,1.699
2026-10-05T16:29Z,10598,gA,1.759
2026-10-05T16:29Z,10598,gP,1.789
2026-10-05T16:29Z,10608,gA,1.969
2026-10-05T16:29Z,10608,gP,2.099
2026-10-05T16:29Z,10614,g95e5,1.749
2026-10-05T16:29Z,10614,gA,1.889
2026-10-05T16:29Z,10614,gP,1.969
2026-10-05T16:29Z,10614,g98e5,1.889
2026-10-05T16:29Z,10615,g95e5,1.719
2026-10-05T16:29Z,10618,g95e5,1.729
2026-10-05T16:29Z,10618,g98e5,1.879
2026-10-05T16:29Z,10633,g95e5,1.589
2026-10-05T16:29Z,10647,g95e5,1.759
2026-10-05T16:29Z,10647,gA,1.929
2026-10-05T16:29Z,10647,gP,1.979
2026-10-05T16:29Z,10647,g98e5,1.914
2026-10-05T16:29Z,10653,g95e5,1.739
2026-10-05T16:29Z,10653,gA,1.779
2026-10-05T16:29Z,10653,gB,1.555
2026-10-05T16:29Z,10667,g95e5,1.754
2026-10-05T16:29Z,10667,g98e5,1.874
2026-10-05T16:29Z,10672,g95e5,1.784
2026-10-05T16:29Z,10674,gA,1.919
2026-10-05T16:29Z,10674,gP,1.989
2026-10-05T16:29Z,10678,gA,1.799
2026-10-05T16:29Z,10679,g95e5,1.595
2026-10-05T16:29Z,10680,g95e5,1.839
2026-10-05T16:29Z,10681,g95e5,1.707
2026-10-05T16:29Z,10683,g95e5,1.829
2026-10-05T16:29Z,10683,gA,1.909
2026-10-05T16:29Z,10683,gP,1.949
2026-10-05T16:29Z,10683,g98e5,1.919
2026-10-05T16:29Z,10689,g95e5,1.602
2026-10-05T16:29Z,10693,g95e5,1.779
2026-10-05T16:29Z,10693,gA,1.909
2026-10-05T16:29Z,10716,g95e5,1.699
2026-10-05T16:29Z,10716,g98e5,1.899
2026-10-05T16:29Z,10730,g95e5,1.849
2026-10-05T16:29Z,10730,gA,1.830
2026-10-05T16:29Z,10730,gP,1.860
2026-10-05T16:29Z,10730,g98e5,1.930
2026-10-05T16:29Z,10734,g95e5,1.729
2026-10-05T16:29Z,10734,gA,1.809
2026-10-05T16:29Z,10735,g95e5,1.709
2026-10-05T16:29Z,10735,gA,1.809
2026-10-05T16:29Z,10744,g95e5,1.589
2026-10-05T16:29Z,10744,gA,1.709
2026-10-05T16:29Z,10744,gP,1.799
2026-10-05T16:29Z,10765,gA,1.979
2026-10-05T16:29Z,10765,gP,2.019
2026-10-05T16:29Z,10768,gA,1.999
2026-10-05T16:29Z,10768,gP,2.039
2026-10-05T16:29Z,10768,g98e5,1.989
2026-10-05T16:29Z,10771,g95e5,1.849
2026-10-05T16:29Z,10771,gA,1.999
2026-10-05T16:29Z,10771,gP,2.039
2026-10-05T16:29Z,10771,g98e5,1.969
2026-10-05T16:29Z,10772,g95e5,1.859
2026-10-05T16:29Z,10772,gA,1.999
2026-10-05T16:29Z,10772,gP,2.039
2026-10-05T16:29Z,10772,g98e5,1.959
2026-10-05T16:29Z,10774,gA,1.989
2026-10-05T16:29Z,10774,gP,2.029
2026-10-05T16:29Z,10779,g95e5,1.580
2026-10-05T16:29Z,10779,gA,1.700
2026-10-05T16:29Z,10779,gP,1.812
2026-10-05T16:29Z,10779,g98e5,1.699
2026-10-05T16:29Z,10816,g95e5,1.909
2026-10-05T16:29Z,10816,gA,1.969
2026-10-05T16:29Z,10816,gP,2.039
2026-10-05T16:29Z,10823,g95e5,1.829
2026-10-05T16:29Z,10823,gA,2.039
2026-10-05T16:29Z,10823,gP,2.129
2026-10-05T16:29Z,10828,g95e5,1.729
2026-10-05T16:29Z,10828,gA,1.849
2026-10-05T16:29Z,10828,gP,1.929
2026-10-05T16:29Z,10828,g98e5,1.869
2026-10-05T16:29Z,10839,g95e5,1.879
2026-10-05T16:29Z,10839,gA,1.999
2026-10-05T16:29Z,10839,gP,2.099
2026-10-05T16:29Z,10841,g95e5,1.869
2026-10-05T16:29Z,10841,gA,1.899
2026-10-05T16:29Z,10851,g95e5,1.659
2026-10-05T16:29Z,10851,gA,1.749
2026-10-05T16:29Z,10851,gP,1.799
2026-10-05T16:29Z,10851,g98e5,1.869
2026-10-05T16:29Z,10855,gA,2.025
2026-10-05T16:29Z,10858,g95e5,1.699
2026-10-05T16:29Z,10858,gA,1.769
2026-10-05T16:29Z,10858,gP,1.789
2026-10-05T16:29Z,10860,g95e5,1.825
2026-10-05T16:29Z,10862,g95e5,1.879
2026-10-05T16:29Z,10862,gA,1.979
2026-10-05T16:29Z,10863,g95e5,1.865
2026-10-05T16:29Z,10864,gA,1.975
2026-10-05T16:29Z,10868,g95e5,1.889
2026-10-05T16:29Z,10868,gA,2.035
2026-10-05T16:29Z,10872,gA,1.929
2026-10-05T16:29Z,10873,g95e5,1.855
2026-10-05T16:29Z,10873,gA,1.939
2026-10-05T16:29Z,10874,gA,1.945
2026-10-05T16:29Z,10877,g95e5,1.809
2026-10-05T16:29Z,10878,g95e5,1.809
2026-10-05T16:29Z,10878,gA,1.985
2026-10-05T16:29Z,10879,g95e5,1.805
2026-10-05T16:29Z,10879,gA,1.949
2026-10-05T16:29Z,10881,g95e5,1.869
2026-10-05T16:29Z,10881,gA,1.969
2026-10-05T16:29Z,10884,g95e5,1.819
2026-10-05T16:29Z,10884,gA,2.019
2026-10-05T16:29Z,10885,g95e5,1.868
2026-10-05T16:29Z,10885,gA,2.004
2026-10-05T16:29Z,10885,gP,2.119
2026-10-05T16:29Z,10885,g95e5p,1.908
2026-10-05T16:29Z,10888,g95e5,1.875
2026-10-05T16:29Z,10888,gA,2.005
2026-10-05T16:29Z,10889,g95e5,1.895
2026-10-05T16:29Z,10890,g95e5,1.895
2026-10-05T16:29Z,10890,gA,2.005
2026-10-05T16:29Z,10891,g95e5,1.875
2026-10-05T16:29Z,10896,gA,1.999
2026-10-05T16:29Z,10896,bio,1.989
2026-10-05T16:29Z,10902,g95e5,1.849
2026-10-05T16:29Z,10902,gA,1.959
2026-10-05T16:29Z,10902,gP,1.989
2026-10-05T16:29Z,10902,gB,1.789
2026-10-05T16:29Z,10906,g95e5,1.809
2026-10-05T16:29Z,10906,gP,2.039
2026-10-05T16:29Z,10907,g95e5,1.809
2026-10-05T16:29Z,10907,gA,1.959
2026-10-05T16:29Z,10907,gP,2.049
2026-10-05T16:29Z,10909,g95e5,1.889
2026-10-05T16:29Z,10909,gA,1.939
2026-10-05T16:29Z,10909,gP,2.039
2026-10-05T16:29Z,10909,g98e5,2.059
2026-10-05T16:29Z,10910,g95e5,1.677
2026-10-05T16:29Z,10910,gA,1.726
2026-10-05T16:29Z,10916,g95e5,1.805
2026-10-05T16:29Z,10916,gA,1.959
2026-10-05T16:29Z,10916,gP,2.015
2026-10-05T16:29Z,10924,g95e5,1.589
2026-10-05T16:29Z,10924,gA,1.739
2026-10-05T16:29Z,10924,gP,1.839
2026-10-05T16:29Z,10924,g98e5,1.709
2026-10-05T16:29Z,10925,g95e5,1.677
2026-10-05T16:29Z,10925,gA,1.726
2026-10-05T16:29Z,10926,g95e5,1.677
2026-10-05T16:29Z,10926,gA,1.726
2026-10-05T16:29Z,10934,g95e5,1.899
2026-10-05T16:29Z,10936,gA,1.939
2026-10-05T16:29Z,10938,g95e5,1.739
2026-10-05T16:29Z,10938,gA,1.779
2026-10-05T16:29Z,10938,gB,1.555
2026-10-05T16:29Z,10939,gA,1.849
2026-10-05T16:29Z,10945,g95e5,1.828
2026-10-05T16:29Z,10945,gA,1.964
2026-10-05T16:29Z,10945,gP,2.049
2026-10-05T16:29Z,10945,g95e5p,1.878
2026-10-05T16:29Z,10948,g95e5,1.888
2026-10-05T16:29Z,10948,gA,2.074
2026-10-05T16:29Z,10948,gP,2.124
2026-10-05T16:29Z,10948,g98e5,1.988
2026-10-05T16:29Z,10949,g95e5,1.858
2026-10-05T16:29Z,10949,gA,2.024
2026-10-05T16:29Z,10949,gP,2.129
2026-10-05T16:29Z,10949,g98e5,1.958
2026-10-05T16:29Z,10969,gA,1.964
2026-10-05T16:29Z,10969,gP,2.049
2026-10-05T16:29Z,10969,g98e5,1.978
2026-10-05T16:29Z,10969,gB,1.903
2026-10-05T16:29Z,10970,g95e5,1.473
2026-10-05T16:29Z,10970,gA,1.679
2026-10-05T16:29Z,10970,g98e5,1.529
2026-10-05T16:29Z,10971,g95e5,1.735
2026-10-05T16:29Z,10974,g95e5,1.879
2026-10-05T16:29Z,10981,g95e5,1.848
2026-10-05T16:29Z,10981,gA,1.974
2026-10-05T16:29Z,10981,gP,2.099
2026-10-05T16:29Z,10981,g98e5,1.918
2026-10-05T16:29Z,10982,g95e5,1.848
2026-10-05T16:29Z,10982,gA,1.974
2026-10-05T16:29Z,10982,gP,2.099
2026-10-05T16:29Z,10982,g95e5p,1.898
2026-10-05T16:29Z,10983,gA,1.929
2026-10-05T16:29Z,10995,g95e5,1.679
2026-10-05T16:29Z,10995,gA,1.769
2026-10-05T16:29Z,10995,gP,1.889
2026-10-05T16:29Z,10995,g98e5,1.809
2026-10-05T16:29Z,11002,gA,1.903
2026-10-05T16:29Z,11007,g95e5,1.799
2026-10-05T16:29Z,11007,gA,1.959
2026-10-05T16:29Z,11007,gP,1.989
2026-10-05T16:29Z,11010,gA,1.994
2026-10-05T16:29Z,11010,gP,2.094
2026-10-05T16:29Z,11030,g95e5,1.859
2026-10-05T16:29Z,11030,gA,1.949
2026-10-05T16:29Z,11030,gP,1.999
2026-10-05T16:29Z,11030,gB,1.589
2026-10-05T16:29Z,11035,g95e5,1.869
2026-10-05T16:29Z,11035,g98e5,2.049
2026-10-05T16:29Z,11046,g95e5,1.765
2026-10-05T16:29Z,11046,g98e5,1.885
2026-10-05T16:29Z,11050,g95e5,1.759
2026-10-05T16:29Z,11050,gA,1.899
2026-10-05T16:29Z,11051,gA,1.849
2026-10-05T16:29Z,11057,g95e5,1.608
2026-10-05T16:29Z,11063,g95e5,1.789
2026-10-05T16:29Z,11073,g95e5,1.899
2026-10-05T16:29Z,11073,gA,1.999
2026-10-05T16:29Z,11073,g98e5,2.099
2026-10-05T16:29Z,11073,gB,1.559
2026-10-05T16:29Z,11083,g95e5,1.849
2026-10-05T16:29Z,11083,gP,2.079
2026-10-05T16:29Z,11083,g98e5,1.979
2026-10-05T16:29Z,11083,gB,1.679
2026-10-05T16:29Z,11084,g95e5,1.889
2026-10-05T16:29Z,11084,gA,2.025
2026-10-05T16:29Z,11088,gA,1.975
2026-10-05T16:29Z,11100,gA,1.730
2026-10-05T16:29Z,11100,gB,1.539
2026-10-05T16:29Z,11103,g95e5,1.789
2026-10-05T16:29Z,11103,gA,1.909
2026-10-05T16:29Z,11105,g95e5,1.823
2026-10-05T16:29Z,11105,gA,1.949
2026-10-05T16:29Z,11105,gP,2.049
2026-10-05T16:29Z,11105,g98e5,1.918
2026-10-05T16:29Z,11110,g95e5,1.719
2026-10-05T16:29Z,11117,gA,1.979
2026-10-05T16:29Z,11117,gP,2.019
2026-10-05T16:29Z,11118,gA,1.949
2026-10-05T16:29Z,11118,gP,1.989
2026-10-05T16:29Z,11137,gA,1.984
2026-10-05T16:29Z,11137,gP,2.109
2026-10-05T16:29Z,11143,g95e5,1.739
2026-10-05T16:29Z,11143,gA,1.799
2026-10-05T16:29Z,11149,gA,1.949
2026-10-05T16:29Z,11149,gP,2.049
2026-10-05T16:29Z,11149,glp,0.999
2026-10-05T16:29Z,11149,gB,1.709
2026-10-05T16:29Z,11156,g95e5,1.879
2026-10-05T16:29Z,11173,g95e5,1.719
2026-10-05T16:29Z,11173,gA,1.749
2026-10-05T16:29Z,11173,gP,1.779
2026-10-05T16:29Z,11173,g98e5,1.819
2026-10-05T16:29Z,11182,g95e5,1.899
2026-10-05T16:29Z,11182,gA,1.939
2026-10-05T16:29Z,11182,g98e5,2.159
2026-10-05T16:29Z,11191,gA,1.909
2026-10-05T16:29Z,11191,gP,1.959
2026-10-05T16:29Z,11193,g95e5,1.739
2026-10-05T16:29Z,11193,gA,1.899
2026-10-05T16:29Z,11193,gP,1.979
2026-10-05T16:29Z,11193,g98e5,1.879
2026-10-05T16:29Z,11194,gA,1.939
2026-10-05T16:29Z,11197,g95e5,1.919
2026-10-05T16:29Z,11201,g95e5,1.889
2026-10-05T16:29Z,11201,g98e5,2.029
2026-10-05T16:29Z,11210,g95e5,1.749
2026-10-05T16:29Z,11216,gA,1.836
2026-10-05T16:29Z,11220,g95e5,1.829
2026-10-05T16:29Z,11220,gA,1.969
2026-10-05T16:29Z,11228,g95e5,1.839
2026-10-05T16:29Z,11228,gA,1.994
2026-10-05T16:29Z,11228,gP,2.044
2026-10-05T16:29Z,11228,g95e5p,1.889
2026-10-05T16:29Z,11239,g95e5,1.885
2026-10-05T16:29Z,11242,g95e5,1.849
2026-10-05T16:29Z,11242,gA,1.909
2026-10-05T16:29Z,11247,g95e5,1.790
2026-10-05T16:29Z,11247,gA,1.890
2026-10-05T16:29Z,11247,g98e5,1.900
2026-10-05T16:29Z,11249,g95e5,1.739
2026-10-05T16:29Z,11249,gA,1.869
2026-10-05T16:29Z,11249,gP,1.949
2026-10-05T16:29Z,11249,g98e5,1.879
2026-10-05T16:29Z,11250,gA,1.799
2026-10-05T16:29Z,11254,g95e5,1.959
2026-10-05T16:29Z,11254,gA,1.998
2026-10-05T16:29Z,11254,gP,2.105
2026-10-05T16:29Z,11255,g95e5,1.864
2026-10-05T16:29Z,11255,gA,1.974
2026-10-05T16:29Z,11255,gP,2.064
2026-10-05T16:29Z,11265,g95e5,1.749
2026-10-05T16:29Z,11265,gA,1.889
2026-10-05T16:29Z,11265,gP,1.969
2026-10-05T16:29Z,11265,g98e5,1.889
2026-10-05T16:29Z,11266,g95e5,1.600
2026-10-05T16:29Z,11267,g95e5,1.849
2026-10-05T16:29Z,11267,gA,1.999
2026-10-05T16:29Z,11267,gP,2.039
2026-10-05T16:29Z,11267,g98e5,1.969
2026-10-05T16:29Z,11273,g95e5,1.849
2026-10-05T16:29Z,11273,gA,2.019
2026-10-05T16:29Z,11275,g95e5,1.875
2026-10-05T16:29Z,11275,gA,1.969
2026-10-05T16:29Z,11276,g95e5,1.835
2026-10-05T16:29Z,11283,gA,1.929
2026-10-05T16:29Z,11283,gP,2.009
2026-10-05T16:29Z,11288,gA,1.909
2026-10-05T16:29Z,11288,gP,1.989
2026-10-05T16:29Z,11295,g95e5,1.859
2026-10-05T16:29Z,11300,g95e5,1.739
2026-10-05T16:29Z,11300,gA,1.779
2026-10-05T16:29Z,11300,gB,1.569
2026-10-05T16:29Z,11305,g95e5,1.874
2026-10-05T16:29Z,11305,gA,1.959
2026-10-05T16:29Z,11305,gP,2.049
2026-10-05T16:29Z,11305,g98e5,2.009
2026-10-05T16:29Z,11306,g95e5,1.874
2026-10-05T16:29Z,11306,gA,1.959
2026-10-05T16:29Z,11306,gP,2.049
2026-10-05T16:29Z,11306,g98e5,2.009
2026-10-05T16:29Z,11308,g95e5,1.699
2026-10-05T16:29Z,11308,gA,1.789
2026-10-05T16:29Z,11308,gP,1.819
2026-10-05T16:29Z,11316,g95e5,1.849
2026-10-05T16:29Z,11316,gA,1.979
2026-10-05T16:29Z,11316,gP,2.029
2026-10-05T16:29Z,11316,g98e5,2.009
2026-10-05T16:29Z,11321,gA,1.789
2026-10-05T16:29Z,11326,g95e5,1.829
2026-10-05T16:29Z,11326,gA,1.894
2026-10-05T16:29Z,11326,gP,1.944
2026-10-05T16:29Z,11326,g98e5,1.949
2026-10-05T16:29Z,11327,g95e5,1.814
2026-10-05T16:29Z,11327,gA,1.974
2026-10-05T16:29Z,11327,gP,2.024
2026-10-05T16:29Z,11327,g95e5p,1.864
2026-10-05T16:29Z,11328,g95e5,1.759
2026-10-05T16:29Z,11328,gA,1.929
2026-10-05T16:29Z,11328,gP,1.979
2026-10-05T16:29Z,11328,g95e5p,1.809
2026-10-05T16:29Z,11331,g95e5,1.814
2026-10-05T16:29Z,11331,gA,1.914
2026-10-05T16:29Z,11331,gP,1.964
2026-10-05T16:29Z,11331,g98e5,1.949
2026-10-05T16:29Z,11337,g95e5,1.814
2026-10-05T16:29Z,11337,gA,1.854
2026-10-05T16:29Z,11337,gP,1.904
2026-10-05T16:29Z,11337,g95e5p,1.864
2026-10-05T16:29Z,11344,g95e5,1.859
2026-10-05T16:29Z,11344,gA,1.979
2026-10-05T16:29Z,11344,gP,2.069
2026-10-05T16:29Z,11344,g98e5,1.989
2026-10-05T16:29Z,11347,gP,1.929
2026-10-05T16:29Z,11347,g95e5p,1.819
2026-10-05T16:29Z,11354,gA,1.949
2026-10-05T16:29Z,11354,gP,1.989
2026-10-05T16:29Z,11355,g95e5,1.601
2026-10-05T16:29Z,11366,gA,1.954
2026-10-05T16:29Z,11366,gP,2.029
2026-10-05T16:29Z,11368,g95e5,1.739
2026-10-05T16:29Z,11368,gA,1.779
2026-10-05T16:29Z,11375,g95e5,1.739
2026-10-05T16:29Z,11375,gA,1.779
2026-10-05T16:29Z,11375,gB,1.569
2026-10-05T16:29Z,11387,g95e5,1.603
2026-10-05T16:29Z,11389,gA,1.869
2026-10-05T16:29Z,11389,gP,1.949
2026-10-05T16:29Z,11392,g95e5,1.889
2026-10-05T16:29Z,11392,gA,1.949
2026-10-05T16:29Z,11394,g95e5,1.659
2026-10-05T16:29Z,11409,gA,1.899
2026-10-05T16:29Z,11409,gP,1.989
2026-10-05T16:29Z,11409,gB,1.689
2026-10-05T16:29Z,11410,g95e5,1.739
2026-10-05T16:29Z,11410,gA,1.779
2026-10-05T16:29Z,11410,gB,1.555
2026-10-05T16:29Z,11412,gA,2.004
2026-10-05T16:29Z,11412,gP,2.089
2026-10-05T16:29Z,11419,g95e5,1.669
2026-10-05T16:29Z,11419,gA,1.749
2026-10-05T16:29Z,11419,gP,1.812
2026-10-05T16:29Z,11419,g98e5,1.949
2026-10-05T16:29Z,11421,g95e5,1.899
2026-10-05T16:29Z,11421,gA,2.035
2026-10-05T16:29Z,11424,g95e5,1.855
2026-10-05T16:29Z,11424,gA,1.985
2026-10-05T16:29Z,11427,gA,1.985
2026-10-05T16:29Z,11428,g95e5,1.885
2026-10-05T16:29Z,11428,gA,1.955
2026-10-05T16:29Z,11436,g95e5,1.764
2026-10-05T16:29Z,11436,gA,1.858
2026-10-05T16:29Z,11453,g95e5,1.788
2026-10-05T16:29Z,11453,g95e5p,1.848
2026-10-05T16:29Z,11455,g95e5,1.499
2026-10-05T16:29Z,11455,gA,1.599
2026-10-05T16:29Z,11455,gP,1.689
2026-10-05T16:29Z,11456,g95e5,1.499
2026-10-05T16:29Z,11456,gA,1.599
2026-10-05T16:29Z,11456,gP,1.689
2026-10-05T16:29Z,11463,g95e5,1.879
2026-10-05T16:29Z,11463,gA,1.829
2026-10-05T16:29Z,11467,gA,1.859
2026-10-05T16:29Z,11467,gP,1.939
2026-10-05T16:29Z,11467,gB,1.710
2026-10-05T16:29Z,11468,g95e5,1.719
2026-10-05T16:29Z,11472,g95e5,1.865
2026-10-05T16:29Z,11472,gA,2.005
2026-10-05T16:29Z,11478,gA,1.849
2026-10-05T16:29Z,11478,gP,2.009
2026-10-05T16:29Z,11485,g95e5,1.709
2026-10-05T16:29Z,11485,gA,1.979
2026-10-05T16:29Z,11485,gP,2.059
2026-10-05T16:29Z,11485,g98e5,1.849
2026-10-05T16:29Z,11488,g95e5,1.869
2026-10-05T16:29Z,11488,gA,2.015
2026-10-05T16:29Z,11488,gP,2.055
2026-10-05T16:29Z,11488,g98e5,1.965
2026-10-05T16:29Z,11493,g95e5,1.795
2026-10-05T16:29Z,11493,gA,1.959
2026-10-05T16:29Z,11495,gA,1.969
2026-10-05T16:29Z,11495,gP,2.009
2026-10-05T16:29Z,11497,g95e5,1.905
2026-10-05T16:29Z,11502,gA,2.029
2026-10-05T16:29Z,11502,gP,2.129
2026-10-05T16:29Z,11503,g95e5,1.709
2026-10-05T16:29Z,11506,gA,2.019
2026-10-05T16:29Z,11506,gP,2.099
2026-10-05T16:29Z,11514,g95e5,1.939
2026-10-05T16:29Z,11514,gA,2.019
2026-10-05T16:29Z,11514,gP,2.119
2026-10-05T16:29Z,11514,g98e5,2.059
2026-10-05T16:29Z,11526,g95e5,1.829
2026-10-05T16:29Z,11528,g95e5,1.799
2026-10-05T16:29Z,11528,gA,1.959
2026-10-05T16:29Z,11528,gP,1.999
2026-10-05T16:29Z,11529,g95e5,1.829
2026-10-05T16:29Z,11529,gA,1.979
2026-10-05T16:29Z,11529,gP,2.019
2026-10-05T16:29Z,11534,g95e5,1.825
2026-10-05T16:29Z,11534,gA,1.979
2026-10-05T16:29Z,11535,g95e5,1.869
2026-10-05T16:29Z,11535,gA,1.975
2026-10-05T16:29Z,11535,gP,2.025
2026-10-05T16:29Z,11535,g98e5,1.979
2026-10-05T16:29Z,11536,g95e5,1.875
2026-10-05T16:29Z,11536,gA,1.955
2026-10-05T16:29Z,11537,gA,1.994
2026-10-05T16:29Z,11538,g95e5,1.875
2026-10-05T16:29Z,11538,gA,2.015
2026-10-05T16:29Z,11539,g95e5,1.858
2026-10-05T16:29Z,11539,gA,2.014
2026-10-05T16:29Z,11539,gP,2.089
2026-10-05T16:29Z,11539,g95e5p,1.918
2026-10-05T16:29Z,11541,gA,1.919
2026-10-05T16:29Z,11542,g95e5,1.839
2026-10-05T16:29Z,11542,g95e5p,1.889
2026-10-05T16:29Z,11550,g95e5,1.602
2026-10-05T16:29Z,11553,g95e5,1.794
2026-10-05T16:29Z,11553,gA,1.974
2026-10-05T16:29Z,11553,gP,2.024
2026-10-05T16:29Z,11553,g98e5,1.939
2026-10-05T16:29Z,11556,gA,1.939
2026-10-05T16:29Z,11556,gP,2.019
2026-10-05T16:29Z,11560,gA,1.989
2026-10-05T16:29Z,11564,gA,1.995
2026-10-05T16:29Z,11565,gA,1.999
2026-10-05T16:29Z,11565,g98e5,1.999
2026-10-05T16:29Z,11565,bio,2.089
2026-10-05T16:29Z,11567,gA,1.898
2026-10-05T16:29Z,11575,g95e5,1.849
2026-10-05T16:29Z,11577,g95e5,1.809
2026-10-05T16:29Z,11577,g98e5,1.949
2026-10-05T16:29Z,11577,gB,1.879
2026-10-05T16:29Z,11584,g95e5,1.709
2026-10-05T16:29Z,11584,gA,1.809
2026-10-05T16:29Z,11584,gP,1.859
2026-10-05T16:29Z,11586,g95e5,1.595
2026-10-05T16:29Z,11591,g95e5,1.825
2026-10-05T16:29Z,11591,gA,1.955
2026-10-05T16:29Z,11591,gP,2.025
2026-10-05T16:29Z,11591,g98e5,2.035
2026-10-05T16:29Z,11595,g95e5,1.784
2026-10-05T16:29Z,11595,gA,1.804
2026-10-05T16:29Z,11595,gP,1.854
2026-10-05T16:29Z,11595,g98e5,1.924
2026-10-05T16:29Z,11598,g95e5,1.924
2026-10-05T16:29Z,11598,gA,2.014
2026-10-05T16:29Z,11598,gP,2.104
2026-10-05T16:29Z,11598,g98e5,2.044
2026-10-05T16:29Z,11599,g95e5,1.759
2026-10-05T16:29Z,11599,gA,1.779
2026-10-05T16:29Z,11599,gB,1.579
2026-10-05T16:29Z,11601,g95e5,1.736
2026-10-05T16:29Z,11601,gA,1.673
2026-10-05T16:29Z,11607,g95e5,1.499
2026-10-05T16:29Z,11607,gA,1.599
2026-10-05T16:29Z,11607,gP,1.689
2026-10-05T16:29Z,11611,g95e5,1.599
2026-10-05T16:29Z,11611,gA,1.749
2026-10-05T16:29Z,11611,gP,1.839
2026-10-05T16:29Z,11611,g98e5,1.719
2026-10-05T16:29Z,11614,g95e5,1.739
2026-10-05T16:29Z,11614,gA,1.879
2026-10-05T16:29Z,11614,gP,1.959
2026-10-05T16:29Z,11614,g98e5,1.879
2026-10-05T16:29Z,11619,g95e5,1.829
2026-10-05T16:29Z,11628,g95e5,1.669
2026-10-05T16:29Z,11628,gA,1.769
2026-10-05T16:29Z,11629,gA,1.855
2026-10-05T16:29Z,11633,gA,1.984
2026-10-05T16:29Z,11633,gP,2.059
2026-10-05T16:29Z,11639,g95e5,1.871
2026-10-05T16:29Z,11639,gA,1.899
2026-10-05T16:29Z,11641,g95e5,1.834
2026-10-05T16:29Z,11641,gA,1.938
2026-10-05T16:29Z,11641,gP,1.988
2026-10-05T16:29Z,11641,g98e5,1.944
2026-10-05T16:29Z,11642,g95e5,1.834
2026-10-05T16:29Z,11642,gA,1.938
2026-10-05T16:29Z,11642,gP,1.988
2026-10-05T16:29Z,11642,g98e5,1.944
2026-10-05T16:29Z,11652,g95e5,1.799
2026-10-05T16:29Z,11652,gA,1.899
2026-10-05T16:29Z,11652,gP,1.899
2026-10-05T16:29Z,11652,g95e5p,1.799
2026-10-05T16:29Z,11659,g95e5,1.779
2026-10-05T16:29Z,11659,gA,1.909
2026-10-05T16:29Z,11659,gP,1.929
2026-10-05T16:29Z,11660,g95e5,1.655
2026-10-05T16:29Z,11660,gA,1.749
2026-10-05T16:29Z,11660,gP,1.825
2026-10-05T16:29Z,11660,g98e5,1.725
2026-10-05T16:29Z,11662,gA,2.009
2026-10-05T16:29Z,11666,gA,1.954
2026-10-05T16:29Z,11669,g95e5,1.789
2026-10-05T16:29Z,11674,gA,1.958
2026-10-05T16:29Z,11674,gP,2.069
2026-10-05T16:29Z,11683,g95e5,1.739
2026-10-05T16:29Z,11683,gA,1.779
2026-10-05T16:29Z,11693,g95e5,1.769
2026-10-05T16:29Z,11693,gA,1.799
2026-10-05T16:29Z,11693,gB,1.589
2026-10-05T16:29Z,11696,gA,1.929
2026-10-05T16:29Z,11703,g98e5,1.829
2026-10-05T16:29Z,11710,g95e5,1.605
2026-10-05T16:29Z,11715,g95e5,1.801
2026-10-05T16:29Z,11715,gA,1.893
2026-10-05T16:29Z,11715,gP,1.993
2026-10-05T16:29Z,11716,gA,1.901
2026-10-05T16:29Z,11716,gP,2.001
2026-10-05T16:29Z,11717,g95e5,1.784
2026-10-05T16:29Z,11717,gA,1.874
2026-10-05T16:29Z,11717,gP,1.974
2026-10-05T16:29Z,11718,g95e5,1.799
2026-10-05T16:29Z,11718,gA,1.852
2026-10-05T16:29Z,11718,gP,1.952
2026-10-05T16:29Z,11718,g98e5,1.829
2026-10-05T16:29Z,11721,g95e5,1.519
2026-10-05T16:29Z,11721,gA,1.689
2026-10-05T16:29Z,11721,gP,1.775
2026-10-05T16:29Z,11721,g98e5,1.649
2026-10-05T16:29Z,11722,g95e5,1.849
2026-10-05T16:29Z,11725,g95e5,1.829
2026-10-05T16:29Z,11725,gP,1.919
2026-10-05T16:29Z,11725,g98e5,1.839
2026-10-05T16:29Z,11730,g95e5,1.834
2026-10-05T16:29Z,11730,gA,1.949
2026-10-05T16:29Z,11730,gP,2.029
2026-10-05T16:29Z,11730,g98e5,1.974
2026-10-05T16:29Z,11738,g95e5,1.999
2026-10-05T16:29Z,11738,gA,2.019
2026-10-05T16:29Z,11738,gP,2.119
2026-10-05T16:29Z,11738,g98e5,2.109
2026-10-05T16:29Z,11741,gA,2.019
2026-10-05T16:29Z,11754,g95e5,1.769
2026-10-05T16:29Z,11756,g95e5,1.669
2026-10-05T16:29Z,11756,gA,1.779
2026-10-05T16:29Z,11761,g95e5,1.834
2026-10-05T16:29Z,11761,gA,1.804
2026-10-05T16:29Z,11761,gP,1.854
2026-10-05T16:29Z,11761,g95e5p,1.884
2026-10-05T16:29Z,11767,g95e5,1.895
2026-10-05T16:29Z,11769,g95e5,1.709
2026-10-05T16:29Z,11769,gA,1.869
2026-10-05T16:29Z,11769,gP,1.949
2026-10-05T16:29Z,11769,g98e5,1.849
2026-10-05T16:29Z,11771,g95e5,1.709
2026-10-05T16:29Z,11771,gA,1.809
2026-10-05T16:29Z,11776,gA,1.789
2026-10-05T16:29Z,11776,gP,1.889
2026-10-05T16:29Z,11782,g95e5,1.789
2026-10-05T16:29Z,11782,gA,1.939
2026-10-05T16:29Z,11782,gP,1.989
2026-10-05T16:29Z,11782,g98e5,1.919
2026-10-05T16:29Z,11786,g95e5,1.875
2026-10-05T16:29Z,11786,gA,1.969
2026-10-05T16:29Z,11795,g95e5,1.804
2026-10-05T16:29Z,11795,gA,1.919
2026-10-05T16:29Z,11795,gP,1.999
2026-10-05T16:29Z,11795,g98e5,1.944
2026-10-05T16:29Z,11796,g95e5,1.739
2026-10-05T16:29Z,11796,gA,1.869
2026-10-05T16:29Z,11796,gP,1.949
2026-10-05T16:29Z,11796,g98e5,1.879
2026-10-05T16:29Z,11799,gA,1.958
2026-10-05T16:29Z,11799,gP,2.069
2026-10-05T16:29Z,11816,gA,1.959
2026-10-05T16:29Z,11816,gP,1.999
2026-10-05T16:29Z,11831,g95e5,1.879
2026-10-05T16:29Z,11831,gA,1.849
2026-10-05T16:29Z,11832,g95e5,1.889
2026-10-05T16:29Z,11832,gA,2.029
2026-10-05T16:29Z,11833,g95e5,1.849
2026-10-05T16:29Z,11833,gA,1.979
2026-10-05T16:29Z,11834,g95e5,1.839
2026-10-05T16:29Z,11834,gA,1.969
2026-10-05T16:29Z,11840,g95e5,1.949
2026-10-05T16:29Z,11840,gA,1.959
2026-10-05T16:29Z,11841,g95e5,1.759
2026-10-05T16:29Z,11841,gA,1.879
2026-10-05T16:29Z,11841,gP,1.959
2026-10-05T16:29Z,11841,g98e5,1.899
2026-10-05T16:29Z,11851,g95e5,1.995
2026-10-05T16:29Z,11851,gA,1.995
2026-10-05T16:29Z,11851,gP,2.055
2026-10-05T16:29Z,11851,g98e5,2.095
2026-10-05T16:29Z,11852,gA,1.929
2026-10-05T16:29Z,11856,g95e5,1.809
2026-10-05T16:29Z,11856,gA,1.989
2026-10-05T16:29Z,11856,gP,2.069
2026-10-05T16:29Z,11856,g98e5,1.949
2026-10-05T16:29Z,11867,g95e5,1.679
2026-10-05T16:29Z,11867,gA,1.799
2026-10-05T16:29Z,11869,g95e5,1.601
2026-10-05T16:29Z,11869,gA,1.674
2026-10-05T16:29Z,11869,g98e5,1.760
2026-10-05T16:29Z,11874,g95e5,1.739
2026-10-05T16:29Z,11874,gA,1.899
2026-10-05T16:29Z,11874,gP,1.979
2026-10-05T16:29Z,11874,g98e5,1.879
2026-10-05T16:29Z,11876,g95e5,1.599
2026-10-05T16:29Z,11878,g95e5,1.869
2026-10-05T16:29Z,11878,gA,1.979
2026-10-05T16:29Z,11878,gP,2.069
2026-10-05T16:29Z,11878,g95e5p,1.949
2026-10-05T16:29Z,11883,g95e5,1.829
2026-10-05T16:29Z,11883,gP,2.059
2026-10-05T16:29Z,11883,g98e5,1.999
2026-10-05T16:29Z,11883,gB,1.725
2026-10-05T16:29Z,11885,g95e5,1.750
2026-10-05T16:29Z,11885,gA,1.790
2026-10-05T16:29Z,11885,gP,1.810
2026-10-05T16:29Z,11885,gB,1.590
2026-10-05T16:29Z,11889,g95e5,1.559
2026-10-05T16:29Z,11889,gA,1.709
2026-10-05T16:29Z,11889,gP,1.799
2026-10-05T16:29Z,11889,g98e5,1.679
2026-10-05T16:29Z,11890,g95e5,1.879
2026-10-05T16:29Z,11890,gA,1.939
2026-10-05T16:29Z,11890,gP,2.029
2026-10-05T16:29Z,11890,g98e5,2.019
2026-10-05T16:29Z,11905,g95e5,1.759
2026-10-05T16:29Z,11905,gA,1.789
2026-10-05T16:29Z,11906,g95e5,1.799
2026-10-05T16:29Z,11906,gA,1.809
2026-10-05T16:29Z,11906,gP,1.859
2026-10-05T16:29Z,11906,g98e5,1.859
2026-10-05T16:29Z,11906,gB,1.609
2026-10-05T16:29Z,11907,g95e5,1.779
2026-10-05T16:29Z,11907,gA,1.829
2026-10-05T16:29Z,11907,gB,1.619
2026-10-05T16:29Z,11919,g95e5,1.805
2026-10-05T16:29Z,11919,gA,1.959
2026-10-05T16:29Z,11919,gP,2.059
2026-10-05T16:29Z,11919,g98e5,1.965
2026-10-05T16:29Z,11925,g95e5,1.638
2026-10-05T16:29Z,11925,gA,1.733
2026-10-05T16:29Z,11925,gP,1.772
2026-10-05T16:29Z,11925,g98e5,1.835
2026-10-05T16:29Z,11925,gB,1.506
2026-10-05T16:29Z,11934,g95e5,1.695
2026-10-05T16:29Z,11934,gA,1.795
2026-10-05T16:29Z,11935,g95e5,1.767
2026-10-05T16:29Z,11936,g95e5,1.668
2026-10-05T16:29Z,11936,gA,1.689
2026-10-05T16:29Z,11936,gB,1.498
2026-10-05T16:29Z,11942,g95e5,1.858
2026-10-05T16:29Z,11942,g95e5p,1.898
2026-10-05T16:29Z,11944,g95e5,1.649
2026-10-05T16:29Z,11952,g95e5,1.603
2026-10-05T16:29Z,11953,g95e5,1.749
2026-10-05T16:29Z,11953,gA,1.739
2026-10-05T16:29Z,11953,gP,1.769
2026-10-05T16:29Z,11960,gA,2.029
2026-10-05T16:29Z,11960,g98e5,1.999
2026-10-05T16:29Z,11972,g95e5,1.868
2026-10-05T16:29Z,11972,g98e5,2.008
2026-10-05T16:29Z,11973,g95e5,1.849
2026-10-05T16:29Z,11973,gA,2.039
2026-10-05T16:29Z,11973,gP,2.118
2026-10-05T16:29Z,11973,g98e5,1.959
2026-10-05T16:29Z,11974,g95e5,1.855
2026-10-05T16:29Z,11974,gA,1.979
2026-10-05T16:29Z,11992,g95e5,1.839
2026-10-05T16:29Z,11992,gA,1.899
2026-10-05T16:29Z,11997,g95e5,1.659
2026-10-05T16:29Z,12001,g95e5,1.739
2026-10-05T16:29Z,12001,gA,1.779
2026-10-05T16:29Z,12001,gB,1.535
2026-10-05T16:29Z,12002,g95e5,1.869
2026-10-05T16:29Z,12002,gA,1.969
2026-10-05T16:29Z,12002,gP,2.069
2026-10-05T16:29Z,12002,g98e5,1.999
2026-10-05T16:29Z,12004,g95e5,1.809
2026-10-05T16:29Z,12004,gA,1.989
2026-10-05T16:29Z,12004,gP,2.079
2026-10-05T16:29Z,12004,g98e5,1.949
2026-10-05T16:29Z,12007,gA,1.879
2026-10-05T16:29Z,12011,g95e5,1.659
2026-10-05T16:29Z,12011,gA,1.769
2026-10-05T16:29Z,12013,g95e5,1.828
2026-10-05T16:29Z,12013,gA,1.969
2026-10-05T16:29Z,12013,gP,2.019
2026-10-05T16:29Z,12013,g98e5,1.949
2026-10-05T16:29Z,12015,gA,1.819
2026-10-05T16:29Z,12022,gA,2.035
2026-10-05T16:29Z,12025,g95e5,1.895
2026-10-05T16:29Z,12025,gA,1.965
2026-10-05T16:29Z,12035,g95e5,1.629
2026-10-05T16:29Z,12035,gA,1.739
2026-10-05T16:29Z,12035,gP,1.749
2026-10-05T16:29Z,12035,g95e5p,1.639
2026-10-05T16:29Z,12038,gA,1.979
2026-10-05T16:29Z,12041,gA,1.839
2026-10-05T16:29Z,12041,gP,1.919
2026-10-05T16:29Z,12052,g95e5,1.769
2026-10-05T16:29Z,12052,gA,1.809
2026-10-05T16:29Z,12057,g95e5,1.604
2026-10-05T16:29Z,12059,g95e5,1.833
2026-10-05T16:29Z,12059,gA,1.964
2026-10-05T16:29Z,12059,gP,1.989
2026-10-05T16:29Z,12059,g98e5,2.019
2026-10-05T16:29Z,12061,g95e5,1.869
2026-10-05T16:29Z,12061,gA,1.949
2026-10-05T16:29Z,12061,gP,2.049
2026-10-05T16:29Z,12062,g95e5,1.859
2026-10-05T16:29Z,12062,gA,1.979
2026-10-05T16:29Z,12062,gP,2.019
2026-10-05T16:29Z,12076,g95e5,1.819
2026-10-05T16:29Z,12079,g95e5,1.819
2026-10-05T16:29Z,12079,gA,1.959
2026-10-05T16:29Z,12079,gP,2.039
2026-10-05T16:29Z,12079,g98e5,1.959
2026-10-05T16:29Z,12084,g95e5,1.509
2026-10-05T16:29Z,12090,g95e5,1.893
2026-10-05T16:29Z,12090,gA,1.988
2026-10-05T16:29Z,12090,gP,2.048
2026-10-05T16:29Z,12090,g95e5p,1.953
2026-10-05T16:29Z,12091,gA,2.021
2026-10-05T16:29Z,12091,gP,2.109
2026-10-05T16:29Z,12092,g95e5,1.659
2026-10-05T16:29Z,12096,g95e5,1.849
2026-10-05T16:29Z,12096,gA,2.035
2026-10-05T16:29Z,12099,g95e5,1.824
2026-10-05T16:29Z,12099,gA,1.919
2026-10-05T16:29Z,12099,gP,1.999
2026-10-05T16:29Z,12099,g98e5,1.964
2026-10-05T16:29Z,12100,g95e5,1.750
2026-10-05T16:29Z,12100,gA,1.798
2026-10-05T16:29Z,12100,gB,1.612
2026-10-05T16:29Z,12101,gA,1.964
2026-10-05T16:29Z,12101,gP,2.049
2026-10-05T16:29Z,12106,g95e5,1.739
2026-10-05T16:29Z,12106,gA,1.779
2026-10-05T16:29Z,12107,g95e5,1.740
2026-10-05T16:29Z,12107,gA,1.810
2026-10-05T16:29Z,12109,gA,1.969
2026-10-05T16:29Z,12109,gP,2.049
2026-10-05T16:29Z,12114,g95e5,1.729
2026-10-05T16:29Z,12117,gA,1.999
2026-10-05T16:29Z,12121,g95e5,1.596
2026-10-05T16:29Z,12122,gA,1.909
2026-10-05T16:29Z,12123,g95e5,1.779
2026-10-05T16:29Z,12123,gB,1.619
2026-10-05T16:29Z,12124,g95e5,1.865
2026-10-05T16:29Z,12128,g95e5,1.789
2026-10-05T16:29Z,12128,gA,1.959
2026-10-05T16:29Z,12128,g98e5,1.879
2026-10-05T16:29Z,12136,g95e5,1.749
2026-10-05T16:29Z,12136,g98e5,1.909
2026-10-05T16:29Z,12138,g95e5,1.769
2026-10-05T16:29Z,12138,gA,1.819
2026-10-05T16:29Z,12140,gA,2.014
2026-10-05T16:29Z,12140,gP,2.079
2026-10-05T16:29Z,12142,g95e5,1.649
2026-10-05T16:29Z,12142,gA,1.719
2026-10-05T16:29Z,12143,g95e5,1.749
2026-10-05T16:29Z,12143,gA,1.879
2026-10-05T16:29Z,12143,gP,1.959
2026-10-05T16:29Z,12143,g98e5,1.889
2026-10-05T16:29Z,12143,bio,1.879
2026-10-05T16:29Z,12146,g95e5,1.803
2026-10-05T16:29Z,12146,gA,1.949
2026-10-05T16:29Z,12146,gP,2.059
2026-10-05T16:29Z,12146,g95e5p,1.858
2026-10-05T16:29Z,12147,g95e5,1.749
2026-10-05T16:29Z,12147,g98e5,1.889
2026-10-05T16:29Z,12149,g95e5,1.689
2026-10-05T16:29Z,12149,gA,1.799
2026-10-05T16:29Z,12149,gP,1.849
2026-10-05T16:29Z,12149,g98e5,1.889
2026-10-05T16:29Z,12151,g95e5,1.660
2026-10-05T16:29Z,12151,gA,1.700
2026-10-05T16:29Z,12151,gP,1.740
2026-10-05T16:29Z,12156,g95e5,1.849
2026-10-05T16:29Z,12156,gA,1.979
2026-10-05T16:29Z,12157,gA,1.867
2026-10-05T16:29Z,12159,g95e5,1.849
2026-10-05T16:29Z,12159,gA,2.015
2026-10-05T16:29Z,12169,g95e5,1.696
2026-10-05T16:29Z,12169,gA,1.741
2026-10-05T16:29Z,12172,g95e5,1.699
2026-10-05T16:29Z,12176,g95e5,1.749
2026-10-05T16:29Z,12176,gA,1.849
2026-10-05T16:29Z,12179,gA,1.999
2026-10-05T16:29Z,12179,gP,2.039
2026-10-05T16:29Z,12180,gA,1.898
2026-10-05T16:29Z,12181,g95e5,1.839
2026-10-05T16:29Z,12181,gA,1.979
2026-10-05T16:29Z,12181,g98e5,1.959
2026-10-05T16:29Z,12186,gA,1.909
2026-10-05T16:29Z,12186,gP,1.989
2026-10-05T16:29Z,12192,g95e5,1.736
2026-10-05T16:29Z,12192,gA,1.781
2026-10-05T16:29Z,12192,gP,1.908
2026-10-05T16:29Z,12192,g98e5,1.966
2026-10-05T16:29Z,12193,g95e5,1.895
2026-10-05T16:29Z,12193,gA,2.019
2026-10-05T16:29Z,12196,g95e5,1.799
2026-10-05T16:29Z,12196,gA,1.949
2026-10-05T16:29Z,12196,gP,1.999
2026-10-05T16:29Z,12198,g95e5,1.829
2026-10-05T16:29Z,12198,gA,1.939
2026-10-05T16:29Z,12201,gA,1.899
2026-10-05T16:29Z,12201,gP,1.979
2026-10-05T16:29Z,12206,gA,1.789
2026-10-05T16:29Z,12209,g95e5,1.939
2026-10-05T16:29Z,12213,g95e5,1.729
2026-10-05T16:29Z,12213,g98e5,1.869
2026-10-05T16:29Z,12215,gA,1.901
2026-10-05T16:29Z,12215,gP,2.001
2026-10-05T16:29Z,12219,g95e5,1.596
2026-10-05T16:29Z,12219,g98e5,1.755
2026-10-05T16:29Z,12222,g95e5,1.809
2026-10-05T16:29Z,12222,gA,1.949
2026-10-05T16:29Z,12224,gA,1.859
2026-10-05T16:29Z,12225,g95e5,1.959
2026-10-05T16:29Z,12225,g98e5,2.079
2026-10-05T16:29Z,12232,g95e5,1.905
2026-10-05T16:29Z,12233,g95e5,1.869
2026-10-05T16:29Z,12233,gB,1.669
2026-10-05T16:29Z,12239,g95e5,1.889
2026-10-05T16:29Z,12240,g95e5,1.829
2026-10-05T16:29Z,12240,gA,1.965
2026-10-05T16:29Z,12240,gP,2.035
2026-10-05T16:29Z,12240,g98e5,1.965
2026-10-05T16:29Z,12247,g95e5,1.849
2026-10-05T16:29Z,12247,gA,2.039
2026-10-05T16:29Z,12248,g95e5,1.899
2026-10-05T16:29Z,12248,gA,2.019
2026-10-05T16:29Z,12248,gP,2.069
2026-10-05T16:29Z,12249,g95e5,1.549
2026-10-05T16:29Z,12249,gA,1.719
2026-10-05T16:29Z,12254,gA,1.969
2026-10-05T16:29Z,12257,g95e5,1.655
2026-10-05T16:29Z,12258,g95e5,1.882
2026-10-05T16:29Z,12258,gA,1.982
2026-10-05T16:29Z,12258,gP,2.046
2026-10-05T16:29Z,12258,gB,1.892
2026-10-05T16:29Z,12260,g95e5,1.599
2026-10-05T16:29Z,12260,g98e5,1.759
2026-10-05T16:29Z,12269,g95e5,1.679
2026-10-05T16:29Z,12269,gA,1.769
2026-10-05T16:29Z,12269,gP,1.769
2026-10-05T16:29Z,12272,g95e5,1.679
2026-10-05T16:29Z,12272,gA,1.739
2026-10-05T16:29Z,12276,gA,1.967
2026-10-05T16:29Z,12276,gP,2.059
2026-10-05T16:29Z,12277,g95e5,1.739
2026-10-05T16:29Z,12277,gA,1.779
2026-10-05T16:29Z,12277,gB,1.569
2026-10-05T16:29Z,12278,g95e5,1.729
2026-10-05T16:29Z,12278,gA,1.839
2026-10-05T16:29Z,12279,g95e5,1.730
2026-10-05T16:29Z,12279,gA,1.770
2026-10-05T16:29Z,12279,gB,1.535
2026-10-05T16:29Z,12280,g95e5,1.728
2026-10-05T16:29Z,12280,gA,1.768
2026-10-05T16:29Z,12280,gP,1.828
2026-10-05T16:29Z,12286,gA,1.999
2026-10-05T16:29Z,12287,gA,1.829
2026-10-05T16:29Z,12288,g95e5,1.799
2026-10-05T16:29Z,12288,gA,1.979
2026-10-05T16:29Z,12291,g95e5,1.799
2026-10-05T16:29Z,12292,g95e5,1.603
2026-10-05T16:29Z,12309,gA,1.781
2026-10-05T16:29Z,12310,gA,1.871
2026-10-05T16:29Z,12310,gP,1.971
2026-10-05T16:29Z,12313,g95e5,1.729
2026-10-05T16:29Z,12313,gA,1.809
2026-10-05T16:29Z,12321,gA,1.779
2026-10-05T16:29Z,12321,gP,1.879
2026-10-05T16:29Z,12321,g98e5,1.879
2026-10-05T16:29Z,12323,gP,1.862
2026-10-05T16:29Z,12327,gA,1.949
2026-10-05T16:29Z,12327,gP,1.989
2026-10-05T16:29Z,12333,g95e5,1.699
2026-10-05T16:29Z,12333,gA,1.799
2026-10-05T16:29Z,12333,gP,1.809
2026-10-05T16:29Z,12333,g95e5p,1.709
2026-10-05T16:29Z,12335,g95e5,1.739
2026-10-05T16:29Z,12335,gA,1.855
2026-10-05T16:29Z,12337,g95e5,1.799
2026-10-05T16:29Z,12337,gA,1.919
2026-10-05T16:29Z,12339,gA,1.759
2026-10-05T16:29Z,12340,g95e5,1.649
2026-10-05T16:29Z,12340,gA,1.719
2026-10-05T16:29Z,12341,g95e5,1.649
2026-10-05T16:29Z,12341,gA,1.739
2026-10-05T16:29Z,12350,g95e5,1.895
2026-10-05T16:29Z,12350,gA,1.995
2026-10-05T16:29Z,12351,g95e5,1.825
2026-10-05T16:29Z,12352,g95e5,1.609
2026-10-05T16:29Z,12352,gA,1.679
2026-10-05T16:29Z,12360,gA,1.835
2026-10-05T16:29Z,12364,g95e5,1.779
2026-10-05T16:29Z,12364,gA,1.909
2026-10-05T16:29Z,12364,gP,1.989
2026-10-05T16:29Z,12364,g98e5,1.919
2026-10-05T16:29Z,12368,g95e5,1.659
2026-10-05T16:29Z,12372,g95e5,1.649
2026-10-05T16:29Z,12373,g95e5,1.749
2026-10-05T16:29Z,12388,g95e5,1.905
2026-10-05T16:29Z,12388,gA,2.035
2026-10-05T16:29Z,12388,g98e5,2.055
2026-10-05T16:29Z,12389,g95e5,1.819
2026-10-05T16:29Z,12395,g95e5,1.899
2026-10-05T16:29Z,12395,gA,2.025
2026-10-05T16:29Z,12396,g95e5,1.875
2026-10-05T16:29Z,12396,gA,1.969
2026-10-05T16:29Z,12397,g95e5,1.889
2026-10-05T16:29Z,12397,gP,2.099
2026-10-05T16:29Z,12397,gB,1.829
2026-10-05T16:29Z,12400,gB,1.529
2026-10-05T16:29Z,12402,gA,1.749
2026-10-05T16:29Z,12403,g95e5,1.596
2026-10-05T16:29Z,12411,g95e5,1.597
2026-10-05T16:29Z,12416,g95e5,1.885
2026-10-05T16:29Z,12416,gA,1.985
2026-10-05T16:29Z,12416,gP,2.035
2026-10-05T16:29Z,12429,g95e5,1.699
2026-10-05T16:29Z,12431,g95e5,1.679
2026-10-05T16:29Z,12431,gA,1.779
2026-10-05T16:29Z,12432,g95e5,1.798
2026-10-05T16:29Z,12432,gA,1.855
2026-10-05T16:29Z,12435,g95e5,1.849
2026-10-05T16:29Z,12435,gA,1.949
2026-10-05T16:29Z,12436,gA,1.959
2026-10-05T16:29Z,12436,gP,2.039
2026-10-05T16:29Z,12438,g95e5,1.764
2026-10-05T16:29Z,12438,gA,1.899
2026-10-05T16:29Z,12438,gP,1.979
2026-10-05T16:29Z,12438,g98e5,1.904
2026-10-05T16:29Z,12440,gA,1.969
2026-10-05T16:29Z,12441,gA,1.936
2026-10-05T16:29Z,12453,g95e5,1.868
2026-10-05T16:29Z,12453,gA,2.014
2026-10-05T16:29Z,12456,gA,1.779
2026-10-05T16:29Z,12458,g95e5,1.818
2026-10-05T16:29Z,12458,gA,2.004
2026-10-05T16:29Z,12458,gP,2.094
2026-10-05T16:29Z,12462,g95e5,1.677
2026-10-05T16:29Z,12462,gA,1.726
2026-10-05T16:29Z,12464,gA,1.939
2026-10-05T16:29Z,12464,gP,2.019
2026-10-05T16:29Z,12465,gA,1.799
2026-10-05T16:29Z,12468,g95e5,1.599
2026-10-05T16:29Z,12475,g95e5,1.729
2026-10-05T16:29Z,12475,gP,1.848
2026-10-05T16:29Z,12475,g98e5,1.839
2026-10-05T16:29Z,12479,gA,1.699
2026-10-05T16:29Z,12479,gP,1.599
2026-10-05T16:29Z,12485,g95e5,1.812
2026-10-05T16:29Z,12485,gA,1.919
2026-10-05T16:29Z,12485,gP,2.012
2026-10-05T16:29Z,12485,g98e5,1.952
2026-10-05T16:29Z,12487,g95e5,1.759
2026-10-05T16:29Z,12489,g95e5,1.869
2026-10-05T16:29Z,12489,g98e5,2.009
2026-10-05T16:29Z,12490,g95e5,1.669
2026-10-05T16:29Z,12490,gA,1.769
2026-10-05T16:29Z,12491,g95e5,1.729
2026-10-05T16:29Z,12491,gA,1.809
2026-10-05T16:29Z,12492,g95e5,1.729
2026-10-05T16:29Z,12492,gA,1.809
2026-10-05T16:29Z,12501,g95e5,1.749
2026-10-05T16:29Z,12501,gA,1.759
2026-10-05T16:29Z,12508,gA,1.669
2026-10-05T16:29Z,12510,g95e5,1.749
2026-10-05T16:29Z,12517,g95e5,1.699
2026-10-05T16:29Z,12517,gA,1.849
2026-10-05T16:29Z,12517,gP,1.939
2026-10-05T16:29Z,12518,g95e5,1.649
2026-10-05T16:29Z,12518,gA,1.739
2026-10-05T16:29Z,12522,g95e5,1.659
2026-10-05T16:29Z,12522,gA,1.799
2026-10-05T16:29Z,12523,gA,1.729
2026-10-05T16:29Z,12523,gP,1.849
2026-10-05T16:29Z,12524,g95e5,1.649
2026-10-05T16:29Z,12524,gA,1.719
2026-10-05T16:29Z,12530,g95e5,1.673
2026-10-05T16:29Z,12537,g95e5,1.899
2026-10-05T16:29Z,12537,gA,1.959
2026-10-05T16:29Z,12537,gP,1.999
2026-10-05T16:29Z,12537,g98e5,1.999
2026-10-05T16:29Z,12538,g95e5,1.849
2026-10-05T16:29Z,12538,g98e5,1.989
2026-10-05T16:29Z,12543,g95e5,1.677
2026-10-05T16:29Z,12543,gA,1.726
2026-10-05T16:29Z,12547,g95e5,1.779
2026-10-05T16:29Z,12547,gA,1.954
2026-10-05T16:29Z,12547,gP,2.034
2026-10-05T16:29Z,12547,g98e5,1.919
2026-10-05T16:29Z,12548,g95e5,1.699
2026-10-05T16:29Z,12548,gA,1.819
2026-10-05T16:29Z,12561,g95e5,1.829
2026-10-05T16:29Z,12561,gA,1.939
2026-10-05T16:29Z,12568,glp,1.089
2026-10-05T16:29Z,12586,glp,1.199
2026-10-05T16:29Z,12593,g95e5,1.679
2026-10-05T16:29Z,12593,gA,1.779
2026-10-05T16:29Z,12594,g95e5,1.900
2026-10-05T16:29Z,12594,gA,2.030
2026-10-05T16:29Z,12597,g95e5,1.779
2026-10-05T16:29Z,12597,gA,1.809
2026-10-05T16:29Z,12597,gP,1.839
2026-10-05T16:29Z,12598,g95e5,1.759
2026-10-05T16:29Z,12598,gA,1.859
2026-10-05T16:29Z,12598,gP,1.939
2026-10-05T16:29Z,12598,g98e5,1.899
2026-10-05T16:29Z,12599,g95e5,1.669
2026-10-05T16:29Z,12599,gA,1.769
2026-10-05T16:29Z,12600,g95e5,1.789
2026-10-05T16:29Z,12600,gA,1.979
2026-10-05T16:29Z,12606,gA,1.951
2026-10-05T16:29Z,12607,g95e5,1.879
2026-10-05T16:29Z,12607,gA,1.971
2026-10-05T16:29Z,12608,g95e5,1.879
2026-10-05T16:29Z,12608,gA,1.931
2026-10-05T16:29Z,12615,g95e5,1.788
2026-10-05T16:29Z,12615,gA,1.984
2026-10-05T16:29Z,12615,gP,2.054
2026-10-05T16:29Z,12621,gA,1.879
2026-10-05T16:29Z,12628,g95e5,1.699
2026-10-05T16:29Z,12628,gA,1.749
2026-10-05T16:29Z,12630,gA,1.699
2026-10-05T16:29Z,12631,g95e5,1.649
2026-10-05T16:29Z,12631,gA,1.679
2026-10-05T16:29Z,12635,g95e5,1.819
2026-10-05T16:29Z,12635,gA,2.009
2026-10-05T16:29Z,12635,gP,2.049
2026-10-05T16:29Z,12646,g95e5,1.739
2026-10-05T16:29Z,12646,gA,1.779
2026-10-05T16:29Z,12646,gB,1.569
2026-10-05T16:29Z,12648,g95e5,1.828
2026-10-05T16:29Z,12652,gA,1.979
2026-10-05T16:29Z,12652,gB,1.859
2026-10-05T16:29Z,12682,gA,1.839
2026-10-05T16:29Z,12683,g95e5,1.597
2026-10-05T16:29Z,12694,gA,1.954
2026-10-05T16:29Z,12694,gP,2.034
2026-10-05T16:29Z,12705,g95e5,1.739
2026-10-05T16:29Z,12705,gA,1.779
2026-10-05T16:29Z,12705,gB,1.569
2026-10-05T16:29Z,12712,g95e5,1.869
2026-10-05T16:29Z,12713,g95e5,1.789
2026-10-05T16:29Z,12713,gA,1.829
2026-10-05T16:29Z,12713,gB,1.619
2026-10-05T16:29Z,12714,g95e5,1.749
2026-10-05T16:29Z,12717,g95e5,1.699
2026-10-05T16:29Z,12718,gA,1.850
2026-10-05T16:29Z,12719,g95e5,1.739
2026-10-05T16:29Z,12719,gA,1.799
2026-10-05T16:29Z,12719,gP,1.859
2026-10-05T16:29Z,12721,g95e5,1.759
2026-10-05T16:29Z,12721,gA,1.884
2026-10-05T16:29Z,12721,gP,1.934
2026-10-05T16:29Z,12721,g95e5p,1.809
2026-10-05T16:29Z,12727,g95e5,1.799
2026-10-05T16:29Z,12727,gA,1.879
2026-10-05T16:29Z,12728,g95e5,1.669
2026-10-05T16:29Z,12728,gA,1.769
2026-10-05T16:29Z,12730,gA,1.697
2026-10-05T16:29Z,12733,g95e5,1.829
2026-10-05T16:29Z,12733,gA,1.914
2026-10-05T16:29Z,12733,gP,1.994
2026-10-05T16:29Z,12733,g98e5,1.969
2026-10-05T16:29Z,12736,g95e5,1.699
2026-10-05T16:29Z,12736,gA,1.799
2026-10-05T16:29Z,12755,g95e5,1.699
2026-10-05T16:29Z,12755,gA,1.839
2026-10-05T16:29Z,12779,g95e5,1.759
2026-10-05T16:29Z,12779,gA,1.799
2026-10-05T16:29Z,12779,g98e5,1.859
2026-10-05T16:29Z,12779,gB,1.589
2026-10-05T16:29Z,12780,g95e5,1.709
2026-10-05T16:29Z,12780,gA,1.849
2026-10-05T16:29Z,12784,g95e5,1.578
2026-10-05T16:29Z,12784,g98e5,1.699
2026-10-05T16:29Z,12789,g95e5,1.799
2026-10-05T16:29Z,12789,gA,1.955
2026-10-05T16:29Z,12790,g95e5,1.689
2026-10-05T16:29Z,12790,gA,1.799
2026-10-05T16:29Z,12790,gP,1.819
2026-10-05T16:29Z,12790,g95e5p,1.709
2026-10-05T16:29Z,12792,g95e5,1.679
2026-10-05T16:29Z,12792,gA,1.839
2026-10-05T16:29Z,12794,g95e5,1.959
2026-10-05T16:29Z,12794,gA,2.009
2026-10-05T16:29Z,12794,gP,2.109
2026-10-05T16:29Z,12794,g98e5,2.139
2026-10-05T16:29Z,12796,g95e5,1.729
2026-10-05T16:29Z,12796,gA,1.829
2026-10-05T16:29Z,12807,g95e5,1.769
2026-10-05T16:29Z,12808,g95e5,1.739
2026-10-05T16:29Z,12809,g95e5,1.739
2026-10-05T16:29Z,12809,gA,1.629
2026-10-05T16:29Z,12810,g95e5,1.549
2026-10-05T16:29Z,12810,gA,1.719
2026-10-05T16:29Z,12810,gP,1.799
2026-10-05T16:29Z,12810,g98e5,1.639
2026-10-05T16:29Z,12812,gA,1.959
2026-10-05T16:29Z,12812,gP,1.999
2026-10-05T16:29Z,12818,gA,1.819
2026-10-05T16:29Z,12824,gA,1.699
2026-10-05T16:29Z,12825,g95e5,1.669
2026-10-05T16:29Z,12825,gA,1.769
2026-10-05T16:29Z,12828,g95e5,1.639
2026-10-05T16:29Z,12828,gA,1.797
2026-10-05T16:29Z,12829,g95e5,1.699
2026-10-05T16:29Z,12830,gA,1.729
2026-10-05T16:29Z,12831,g95e5,1.599
2026-10-05T16:29Z,12832,gA,1.835
2026-10-05T16:29Z,12834,g95e5,1.799
2026-10-05T16:29Z,12834,gA,1.979
2026-10-05T16:29Z,12834,gP,2.059
2026-10-05T16:29Z,12834,g98e5,1.939
2026-10-05T16:29Z,12835,g95e5,1.809
2026-10-05T16:29Z,12835,gA,1.959
2026-10-05T16:29Z,12844,g95e5,1.799
2026-10-05T16:29Z,12844,gA,2.005
2026-10-05T16:29Z,12846,g95e5,1.855
2026-10-05T16:29Z,12846,gA,1.939
2026-10-05T16:29Z,12847,g95e5,1.859
2026-10-05T16:29Z,12852,g95e5,1.596
2026-10-05T16:29Z,12860,g95e5,1.669
2026-10-05T16:29Z,12860,gA,1.769
2026-10-05T16:29Z,12866,gA,1.964
2026-10-05T16:29Z,12866,gP,2.059
2026-10-05T16:29Z,12869,gA,1.849
2026-10-05T16:29Z,12870,g95e5,1.719
2026-10-05T16:29Z,12870,gA,1.855
2026-10-05T16:29Z,12878,g95e5,1.689
2026-10-05T16:29Z,12878,gA,1.799
2026-10-05T16:29Z,12878,gP,1.819
2026-10-05T16:29Z,12885,g95e5,1.729
2026-10-05T16:29Z,12893,g95e5,1.899
2026-10-05T16:29Z,12894,g95e5,1.659
2026-10-05T16:29Z,12894,gA,1.769
2026-10-05T16:29Z,12904,g95e5,1.700
2026-10-05T16:29Z,12906,g95e5,1.689
2026-10-05T16:29Z,12919,g95e5,1.649
2026-10-05T16:29Z,12921,g95e5,1.595
2026-10-05T16:29Z,12923,gA,1.669
2026-10-05T16:29Z,12929,g95e5,1.539
2026-10-05T16:29Z,12929,gA,1.709
2026-10-05T16:29Z,12929,gP,1.829
2026-10-05T16:29Z,12929,g98e5,1.669
2026-10-05T16:29Z,12931,gA,2.029
2026-10-05T16:29Z,12931,gP,2.069
2026-10-05T16:29Z,12941,gA,1.845
2026-10-05T16:29Z,12944,g95e5,1.679
2026-10-05T16:29Z,12944,glp,0.979
2026-10-05T16:29Z,12948,g95e5,1.688
2026-10-05T16:29Z,12948,gA,1.698
2026-10-05T16:29Z,12948,gB,1.508
2026-10-05T16:29Z,12957,gA,1.849
2026-10-05T16:29Z,12960,g95e5,1.839
2026-10-05T16:29Z,12960,gA,1.999
2026-10-05T16:29Z,12960,gP,2.039
2026-10-05T16:29Z,12961,gA,1.949
2026-10-05T16:29Z,12961,gP,1.989
2026-10-05T16:29Z,12963,g95e5,1.667
2026-10-05T16:29Z,12963,gA,1.697
2026-10-05T16:29Z,12964,g95e5,1.729
2026-10-05T16:29Z,12967,g95e5,1.815
2026-10-05T16:29Z,12967,gA,2.005
2026-10-05T16:29Z,12968,g95e5,1.835
2026-10-05T16:29Z,12969,g95e5,1.529
2026-10-05T16:29Z,12969,gA,1.709
2026-10-05T16:29Z,12982,g95e5,1.649
2026-10-05T16:29Z,12983,g95e5,1.606
2026-10-05T16:29Z,12985,g95e5,1.699
2026-10-05T16:29Z,12990,gA,1.739
2026-10-05T16:29Z,12995,g95e5,1.769
2026-10-05T16:29Z,12998,gA,1.959
2026-10-05T16:29Z,13004,g95e5,1.689
2026-10-05T16:29Z,13004,gA,1.729
2026-10-05T16:29Z,13005,g95e5,1.699
2026-10-05T16:29Z,13005,gA,1.819
2026-10-05T16:29Z,13006,g95e5,1.839
2026-10-05T16:29Z,13006,gA,1.929
2026-10-05T16:29Z,13013,g95e5,1.699
2026-10-05T16:29Z,13013,gA,1.799
2026-10-05T16:29Z,13020,g95e5,1.699
2026-10-05T16:29Z,13020,gA,1.819
2026-10-05T16:29Z,13036,g95e5,1.859
2026-10-05T16:29Z,13036,gA,1.969
2026-10-05T16:29Z,13036,gP,2.099
2026-10-05T16:29Z,13036,g98e5,1.989
2026-10-05T16:29Z,13042,g95e5,1.679
2026-10-05T16:29Z,13042,gA,1.679
2026-10-05T16:29Z,13045,g95e5,1.649
2026-10-05T16:29Z,13045,gA,1.719
2026-10-05T16:29Z,13047,gA,1.759
2026-10-05T16:29Z,13048,g95e5,1.799
2026-10-05T16:29Z,13053,g95e5,1.759
2026-10-05T16:29Z,13053,gA,1.899
2026-10-05T16:29Z,13066,gA,1.819
2026-10-05T16:29Z,13067,g95e5,1.875
2026-10-05T16:29Z,13067,gA,1.889
2026-10-05T16:29Z,13080,g95e5,1.709
2026-10-05T16:29Z,13080,gA,1.809
2026-10-05T16:29Z,13080,gP,1.859
2026-10-05T16:29Z,13082,g95e5,1.598
2026-10-05T16:29Z,13088,g95e5,1.879
2026-10-05T16:29Z,13088,gA,1.999
2026-10-05T16:29Z,13088,gP,2.029
2026-10-05T16:29Z,13094,g95e5,1.601
2026-10-05T16:29Z,13106,g95e5,1.839
2026-10-05T16:29Z,13106,gA,1.959
2026-10-05T16:29Z,13106,g98e5,1.979
2026-10-05T16:29Z,13107,g95e5,1.819
2026-10-05T16:29Z,13107,gA,1.935
2026-10-05T16:29Z,13107,gP,1.997
2026-10-05T16:29Z,13107,g98e5,1.989
2026-10-05T16:29Z,13109,gA,1.907
2026-10-05T16:29Z,13117,g95e5,1.689
2026-10-05T16:29Z,13117,gA,1.789
2026-10-05T16:29Z,13119,gA,1.838
2026-10-05T16:29Z,13120,g95e5,1.719
2026-10-05T16:29Z,13120,gA,1.865
2026-10-05T16:29Z,13124,g95e5,1.639
2026-10-05T16:29Z,13125,g95e5,1.649
2026-10-05T16:29Z,13125,gA,1.739
2026-10-05T16:29Z,13127,gA,2.039
2026-10-05T16:29Z,13127,gP,2.079
2026-10-05T16:29Z,13131,g95e5,1.858
2026-10-05T16:29Z,13134,g95e5,1.894
2026-10-05T16:29Z,13134,gA,1.989
2026-10-05T16:29Z,13134,g98e5,2.034
2026-10-05T16:29Z,13144,g95e5,1.819
2026-10-05T16:29Z,13144,gA,1.989
2026-10-05T16:29Z,13144,gP,2.029
2026-10-05T16:29Z,13148,gA,1.879
2026-10-05T16:29Z,13154,g95e5,1.709
2026-10-05T16:29Z,13154,gA,1.769
2026-10-05T16:29Z,13155,g95e5,1.699
2026-10-05T16:29Z,13155,gA,1.819
2026-10-05T16:29Z,13156,gA,1.939
2026-10-05T16:29Z,13156,gP,2.029
2026-10-05T16:29Z,13163,g95e5,1.769
2026-10-05T16:29Z,13163,gA,1.869
2026-10-05T16:29Z,13167,g95e5,1.717
2026-10-05T16:29Z,13167,g95e5p,1.737
2026-10-05T16:29Z,13176,g95e5,1.749
2026-10-05T16:29Z,13176,gA,1.819
2026-10-05T16:29Z,13179,g95e5,1.649
2026-10-05T16:29Z,13179,gA,1.679
2026-10-05T16:29Z,13181,gA,1.789
2026-10-05T16:29Z,13183,gA,1.809
2026-10-05T16:29Z,13189,g95e5,1.839
2026-10-05T16:29Z,13195,g95e5,1.664
2026-10-05T16:29Z,13195,gA,1.779
2026-10-05T16:29Z,13197,g95e5,1.639
2026-10-05T16:29Z,13197,gA,1.699
2026-10-05T16:29Z,13202,g95e5,1.898
2026-10-05T16:29Z,13202,gA,1.958
2026-10-05T16:29Z,13202,g98e5,2.128
2026-10-05T16:29Z,13204,gA,1.874
2026-10-05T16:29Z,13206,gA,1.849
2026-10-05T16:29Z,13214,gA,1.924
2026-10-05T16:29Z,13214,gP,2.004
2026-10-05T16:29Z,13223,g95e5,1.828
2026-10-05T16:29Z,13224,gA,1.999
2026-10-05T16:29Z,13224,gP,2.039
2026-10-05T16:29Z,13225,gA,1.769
2026-10-05T16:29Z,13225,gB,1.569
2026-10-05T16:29Z,13226,gA,1.835
2026-10-05T16:29Z,13231,g95e5,1.777
2026-10-05T16:29Z,13243,g95e5,1.749
2026-10-05T16:29Z,13243,gA,1.869
2026-10-05T16:29Z,13246,g95e5,1.899
2026-10-05T16:29Z,13246,gA,1.995
2026-10-05T16:29Z,13247,g95e5,1.799
2026-10-05T16:29Z,13247,gA,2.015
2026-10-05T16:29Z,13252,g95e5,1.729
2026-10-05T16:29Z,13252,gA,1.839
2026-10-05T16:29Z,13253,g95e5,1.788
2026-10-05T16:29Z,13253,gA,1.910
2026-10-05T16:29Z,13256,g95e5,1.669
2026-10-05T16:29Z,13256,gA,1.769
2026-10-05T16:29Z,13257,g95e5,1.777
2026-10-05T16:29Z,13257,gA,1.797
2026-10-05T16:29Z,13260,gA,1.779
2026-10-05T16:29Z,13261,g95e5,1.689
2026-10-05T16:29Z,13261,gA,1.819
2026-10-05T16:29Z,13261,gP,1.839
2026-10-05T16:29Z,13262,g95e5,1.599
2026-10-05T16:29Z,13268,g95e5,1.840
2026-10-05T16:29Z,13268,gA,1.890
2026-10-05T16:29Z,13268,gB,1.630
2026-10-05T16:29Z,13279,g95e5,1.759
2026-10-05T16:29Z,13279,gA,1.869
2026-10-05T16:29Z,13290,g95e5,1.606
2026-10-05T16:29Z,13291,gA,1.989
2026-10-05T16:29Z,13291,gP,2.029
2026-10-05T16:29Z,13291,g98e5,2.009
2026-10-05T16:29Z,13292,gA,1.699
2026-10-05T16:29Z,13292,gP,1.579
2026-10-05T16:29Z,13292,g95e5p,1.439
2026-10-05T16:29Z,13294,g95e5,1.899
2026-10-05T16:29Z,13294,gA,1.925
2026-10-05T16:29Z,13295,g95e5,1.709
2026-10-05T16:29Z,13295,gA,1.798
2026-10-05T16:29Z,13300,g95e5,1.669
2026-10-05T16:29Z,13300,gA,1.779
2026-10-05T16:29Z,13304,g95e5,1.819
2026-10-05T16:29Z,13304,gA,1.989
2026-10-05T16:29Z,13304,gP,2.029
2026-10-05T16:29Z,13304,g98e5,1.939
2026-10-05T16:29Z,13306,gA,1.789
2026-10-05T16:29Z,13308,g95e5,1.849
2026-10-05T16:29Z,13308,gA,2.015
2026-10-05T16:29Z,13315,g95e5,1.509
2026-10-05T16:29Z,13315,gA,1.689
2026-10-05T16:29Z,13318,gA,1.899
2026-10-05T16:29Z,13319,gA,1.999
2026-10-05T16:29Z,13319,gP,2.039
2026-10-05T16:29Z,13321,g95e5,1.595
2026-10-05T16:29Z,13322,gA,1.845
2026-10-05T16:29Z,13323,g95e5,1.649
2026-10-05T16:29Z,13323,gA,1.799
2026-10-05T16:29Z,13329,g95e5,1.717
2026-10-05T16:29Z,13347,gA,1.799
2026-10-05T16:29Z,13347,gP,1.829
2026-10-05T16:29Z,13347,g98e5,1.859
2026-10-05T16:29Z,13349,g95e5,1.859
2026-10-05T16:29Z,13356,gA,1.879
2026-10-05T16:29Z,13357,g95e5,1.559
2026-10-05T16:29Z,13357,gA,1.709
2026-10-05T16:29Z,13357,gP,1.799
2026-10-05T16:29Z,13357,g98e5,1.679
2026-10-05T16:29Z,13361,gA,1.945
2026-10-05T16:29Z,13363,g95e5,1.658
2026-10-05T16:29Z,13363,gA,1.738
2026-10-05T16:29Z,13367,gA,1.869
2026-10-05T16:29Z,13368,g95e5,1.798
2026-10-05T16:29Z,13368,gA,1.827
2026-10-05T16:29Z,13368,gP,1.927
2026-10-05T16:29Z,13368,g98e5,1.829
2026-10-05T16:29Z,13374,g95e5,1.634
2026-10-05T16:29Z,13374,gA,1.794
2026-10-05T16:29Z,13383,g95e5,1.664
2026-10-05T16:29Z,13383,gA,1.779
2026-10-05T16:29Z,13384,g95e5,1.736
2026-10-05T16:29Z,13384,g98e5,1.896
2026-10-05T16:29Z,13386,g95e5,1.679
2026-10-05T16:29Z,13386,gA,1.829
2026-10-05T16:29Z,13389,g95e5,1.799
2026-10-05T16:29Z,13389,gA,1.859
2026-10-05T16:29Z,13389,gP,1.899
2026-10-05T16:29Z,13390,g95e5,1.739
2026-10-05T16:29Z,13390,gA,1.789
2026-10-05T16:29Z,13390,gP,1.849
2026-10-05T16:29Z,13390,g98e5,1.939
2026-10-05T16:29Z,13392,gA,1.869
2026-10-05T16:29Z,13395,gA,1.835
2026-10-05T16:29Z,13411,g95e5,1.819
2026-10-05T16:29Z,13411,gA,1.969
2026-10-05T16:29Z,13411,g98e5,2.019
2026-10-05T16:29Z,13418,gA,1.989
2026-10-05T16:29Z,13419,g95e5,1.529
2026-10-05T16:29Z,13431,gA,1.879
2026-10-05T16:29Z,13437,gA,1.719
2026-10-05T16:29Z,13437,gB,1.516
2026-10-05T16:29Z,13439,g95e5,1.689
2026-10-05T16:29Z,13449,g95e5,1.697
2026-10-05T16:29Z,13455,gA,1.779
2026-10-05T16:29Z,13462,gA,1.849
2026-10-05T16:29Z,13465,g95e5,1.799
2026-10-05T16:29Z,13471,g95e5,1.839
2026-10-05T16:29Z,13471,gA,1.959
2026-10-05T16:29Z,13472,g95e5,1.839
2026-10-05T16:29Z,13472,gA,2.009
2026-10-05T16:29Z,13472,gP,2.079
2026-10-05T16:29Z,13472,g98e5,1.949
2026-10-05T16:29Z,13479,g95e5,1.838
2026-10-05T16:29Z,13483,gA,1.883
2026-10-05T16:29Z,13483,gP,1.983
2026-10-05T16:29Z,13485,g95e5,1.833
2026-10-05T16:29Z,13485,gA,1.966
2026-10-05T16:29Z,13486,g95e5,1.739
2026-10-05T16:29Z,13486,gA,1.799
2026-10-05T16:29Z,13488,gA,1.875
2026-10-05T16:29Z,13493,gA,1.989
2026-10-05T16:29Z,13500,g95e5,1.689
2026-10-05T16:29Z,13500,gA,1.769
2026-10-05T16:29Z,13500,gP,1.869
2026-10-05T16:29Z,13500,g98e5,1.789
2026-10-05T16:29Z,13507,g95e5,1.717
2026-10-05T16:29Z,13508,gA,1.779
2026-10-05T16:29Z,13508,gB,1.589
2026-10-05T16:29Z,13514,g95e5,1.755
2026-10-05T16:29Z,13514,gA,1.855
2026-10-05T16:29Z,13514,gP,1.905
2026-10-05T16:29Z,13519,g95e5,1.799
2026-10-05T16:29Z,13519,gA,1.859
2026-10-05T16:29Z,13520,g98e5,1.939
2026-10-05T16:29Z,13521,g95e5,1.655
2026-10-05T16:29Z,13523,gA,1.949
2026-10-05T16:29Z,13524,g95e5,1.689
2026-10-05T16:29Z,13529,gA,2.025
2026-10-05T16:29Z,13529,gP,2.135
2026-10-05T16:29Z,13529,gB,1.805
2026-10-05T16:29Z,13540,g95e5,1.735
2026-10-05T16:29Z,13541,g95e5,1.719
2026-10-05T16:29Z,13542,g95e5,1.829
2026-10-05T16:29Z,13542,gP,2.039
2026-10-05T16:29Z,13542,g98e5,1.958
2026-10-05T16:29Z,13551,g95e5,1.719
2026-10-05T16:29Z,13558,g95e5,1.729
2026-10-05T16:29Z,13558,gA,1.849
2026-10-05T16:29Z,13560,g95e5,1.769
2026-10-05T16:29Z,13560,gA,1.819
2026-10-05T16:29Z,13562,g95e5,1.669
2026-10-05T16:29Z,13566,g95e5,1.867
2026-10-05T16:29Z,13566,gA,1.927
2026-10-05T16:29Z,13568,gA,1.728
2026-10-05T16:29Z,13570,g95e5,1.717
2026-10-05T16:29Z,13579,g95e5,1.769
2026-10-05T16:29Z,13590,gA,1.845
2026-10-05T16:29Z,13599,g95e5,1.730
2026-10-05T16:29Z,13602,gA,1.989
2026-10-05T16:29Z,13602,gP,2.029
2026-10-05T16:29Z,13603,g95e5,1.689
2026-10-05T16:29Z,13603,gA,1.799
2026-10-05T16:29Z,13610,gA,1.895
2026-10-05T16:29Z,13611,g95e5,1.669
2026-10-05T16:29Z,13611,gA,1.769
2026-10-05T16:29Z,13614,g95e5,1.599
2026-10-05T16:29Z,13621,gA,1.969
2026-10-05T16:29Z,13621,gP,2.049
2026-10-05T16:29Z,13631,gA,1.869
2026-10-05T16:29Z,13632,g95e5,1.679
2026-10-05T16:29Z,13632,gP,1.769
2026-10-05T16:29Z,13634,gA,1.818
2026-10-05T16:29Z,13639,gA,1.599
2026-10-05T16:29Z,13651,g95e5,1.849
2026-10-05T16:29Z,13651,gA,1.909
2026-10-05T16:29Z,13651,gB,1.759
2026-10-05T16:29Z,13653,g95e5,1.829
2026-10-05T16:29Z,13653,gA,1.969
2026-10-05T16:29Z,13653,gP,2.049
2026-10-05T16:29Z,13653,g98e5,1.969
2026-10-05T16:29Z,13661,g95e5,1.839
2026-10-05T16:29Z,13661,gA,1.889
2026-10-05T16:29Z,13662,g95e5,1.738
2026-10-05T16:29Z,13662,g95e5p,1.738
2026-10-05T16:29Z,13663,gA,1.689
2026-10-05T16:29Z,13672,g95e5,1.599
2026-10-05T16:29Z,13672,gA,1.759
2026-10-05T16:29Z,13673,g95e5,1.699
2026-10-05T16:29Z,13677,g95e5,1.709
2026-10-05T16:29Z,13677,gA,1.849
2026-10-05T16:29Z,13678,gA,1.819
2026-10-05T16:29Z,13680,g95e5,1.649
2026-10-05T16:29Z,13699,gA,1.969
2026-10-05T16:29Z,13704,g95e5,1.709
2026-10-05T16:29Z,13704,gA,1.849
2026-10-05T16:29Z,13707,gA,1.819
2026-10-05T16:29Z,13709,gA,1.969
2026-10-05T16:29Z,13713,g95e5,1.799
2026-10-05T16:29Z,13713,gA,1.939
2026-10-05T16:29Z,13713,gP,2.019
2026-10-05T16:29Z,13713,g98e5,1.939
2026-10-05T16:29Z,13718,gA,1.899
2026-10-05T16:29Z,13720,g95e5,1.819
2026-10-05T16:29Z,13726,g95e5,1.689
2026-10-05T16:29Z,13726,gA,1.849
2026-10-05T16:29Z,13733,g95e5,2.009
2026-10-05T16:29Z,13733,gA,1.979
2026-10-05T16:29Z,13745,g95e5,1.719
2026-10-05T16:29Z,13746,gA,1.769
2026-10-05T16:29Z,13747,g95e5,1.879
2026-10-05T16:29Z,13747,gA,1.975
2026-10-05T16:29Z,13749,g95e5,1.719
2026-10-05T16:29Z,13749,gA,1.849
2026-10-05T16:29Z,13759,g95e5,1.843
2026-10-05T16:29Z,13759,gA,1.939
2026-10-05T16:29Z,13759,gP,2.039
2026-10-05T16:29Z,13759,g95e5p,1.928
2026-10-05T16:29Z,13762,gA,1.869
2026-10-05T16:29Z,13768,g95e5,1.949
2026-10-05T16:29Z,13768,gA,1.859
2026-10-05T16:29Z,13770,g95e5,1.779
2026-10-05T16:29Z,13770,gA,1.889
2026-10-05T16:29Z,13777,g95e5,1.729
2026-10-05T16:29Z,13777,gA,1.799
2026-10-05T16:29Z,13779,gP,1.929
2026-10-05T16:29Z,13779,gB,1.759
2026-10-05T16:29Z,13784,g95e5,1.865
2026-10-05T16:29Z,13784,gA,1.989
2026-10-05T16:29Z,13786,g95e5,1.750
2026-10-05T16:29Z,13786,gA,1.850
2026-10-05T16:29Z,13787,gA,1.995
2026-10-05T16:29Z,13787,gB,1.765
2026-10-05T16:29Z,13801,g95e5,1.699
2026-10-05T16:29Z,13801,gA,1.849
2026-10-05T16:29Z,13810,g95e5,1.714
2026-10-05T16:29Z,13810,gA,1.784
2026-10-05T16:29Z,13821,g95e5,1.819
2026-10-05T16:29Z,13821,gA,1.859
2026-10-05T16:29Z,13821,gP,1.919
2026-10-05T16:29Z,13836,gP,1.719
2026-10-05T16:29Z,13836,g98e5,1.609
2026-10-05T16:29Z,13837,gA,1.688
2026-10-05T16:29Z,13837,gP,1.599
2026-10-05T16:29Z,13837,g98e5,1.599
2026-10-05T16:29Z,13841,gA,1.879
2026-10-05T16:29Z,13842,g95e5,1.759
2026-10-05T16:29Z,13842,gA,1.838
2026-10-05T16:29Z,13851,gA,1.919
2026-10-05T16:29Z,13851,g98e5,1.972
2026-10-05T16:29Z,13854,g95e5,1.659
2026-10-05T16:29Z,13854,gA,1.809
2026-10-05T16:29Z,13855,gA,1.829
2026-10-05T16:29Z,13855,gB,1.699
2026-10-05T16:29Z,13860,g95e5,1.699
2026-10-05T16:29Z,13860,gA,1.819
2026-10-05T16:29Z,13875,g95e5,1.639
2026-10-05T16:29Z,13875,gA,1.797
2026-10-05T16:29Z,13881,g95e5,1.899
2026-10-05T16:29Z,13881,g98e5,1.999
2026-10-05T16:29Z,13894,g95e5,1.708
2026-10-05T16:29Z,13896,g95e5,1.699
2026-10-05T16:29Z,13896,gA,1.779
2026-10-05T16:29Z,13909,g95e5,1.649
2026-10-05T16:29Z,13909,gA,1.719
2026-10-05T16:29Z,13915,g95e5,1.699
2026-10-05T16:29Z,13915,gA,1.799
2026-10-05T16:29Z,13923,g95e5,1.699
2026-10-05T16:29Z,13923,gA,1.799
2026-10-05T16:29Z,13924,g95e5,1.729
2026-10-05T16:29Z,13924,gA,1.829
2026-10-05T16:29Z,13930,g95e5,1.839
2026-10-05T16:29Z,13930,gA,1.849
2026-10-05T16:29Z,13931,g95e5,1.868
2026-10-05T16:29Z,13931,gA,1.989
2026-10-05T16:29Z,13936,g95e5,1.849
2026-10-05T16:29Z,13936,gA,1.849
2026-10-05T16:29Z,13942,g95e5,1.689
2026-10-05T16:29Z,13942,gA,1.799
2026-10-05T16:29Z,13942,gP,1.799
2026-10-05T16:29Z,13942,glp,0.939
2026-10-05T16:29Z,13944,g95e5,1.649
2026-10-05T16:29Z,13948,g95e5,1.629
2026-10-05T16:29Z,13955,g95e5,1.601
2026-10-05T16:29Z,13958,g95e5,1.737
2026-10-05T16:29Z,13958,gA,1.837
2026-10-05T16:29Z,13960,g95e5,1.829
2026-10-05T16:29Z,13960,gA,2.015
2026-10-05T16:29Z,13965,g95e5,1.699
2026-10-05T16:29Z,13966,gA,1.599
2026-10-05T16:29Z,13973,g95e5,1.749
2026-10-05T16:29Z,13973,gA,1.889
2026-10-05T16:29Z,13982,g95e5,1.597
2026-10-05T16:29Z,13984,g95e5,1.719
2026-10-05T16:29Z,13984,gA,1.829
2026-10-05T16:29Z,13988,g95e5,1.709
2026-10-05T16:29Z,13988,gA,1.789
2026-10-05T16:29Z,13989,g95e5,1.739
2026-10-05T16:29Z,13989,gA,1.889
2026-10-05T16:29Z,13993,g95e5,1.699
2026-10-05T16:29Z,13993,gA,1.669
2026-10-05T16:29Z,14000,gA,1.699
2026-10-05T16:29Z,14001,g95e5,1.739
2026-10-05T16:29Z,14007,g95e5,1.719
2026-10-05T16:29Z,14007,gA,1.850
2026-10-05T16:29Z,14007,gP,1.905
2026-10-05T16:29Z,14008,g95e5,1.889
2026-10-05T16:29Z,14015,g95e5,1.716
2026-10-05T16:29Z,14015,gA,1.737
2026-10-05T16:29Z,14016,g95e5,1.719
2026-10-05T16:29Z,14017,g95e5,1.699
2026-10-05T16:29Z,14017,gA,1.817
2026-10-05T16:29Z,14034,g95e5,1.519
2026-10-05T16:29Z,14034,gA,1.699
2026-10-05T16:29Z,14034,gP,1.785
2026-10-05T16:29Z,14034,g98e5,1.659
2026-10-05T16:29Z,14037,g95e5,1.739
2026-10-05T16:29Z,14037,gA,1.779
2026-10-05T16:29Z,14040,g95e5,1.829
2026-10-05T16:29Z,14047,g95e5,1.839
2026-10-05T16:29Z,14055,g98e5,1.939
2026-10-05T16:29Z,14057,g95e5,1.939
2026-10-05T16:29Z,14057,gA,1.919
2026-10-05T16:29Z,14058,g95e5,1.759
2026-10-05T16:29Z,14078,g95e5,1.775
2026-10-05T16:29Z,14078,gA,1.850
2026-10-05T16:29Z,14079,gA,1.819
2026-10-05T16:29Z,14081,g95e5,1.607
2026-10-05T16:29Z,14083,g95e5,1.699
2026-10-05T16:29Z,14083,gA,1.799
2026-10-05T16:29Z,14089,g95e5,1.749
2026-10-05T16:29Z,14092,g95e5,1.549
2026-10-05T16:29Z,14092,gA,1.719
2026-10-05T16:29Z,14092,gP,1.799
2026-10-05T16:29Z,14092,g98e5,1.639
2026-10-05T16:29Z,14095,g95e5,1.679
2026-10-05T16:29Z,14101,g95e5,1.717
2026-10-05T16:29Z,14107,g95e5,1.689
2026-10-05T16:29Z,14107,gA,1.799
2026-10-05T16:29Z,14107,gP,1.819
2026-10-05T16:29Z,14107,g95e5p,1.709
2026-10-05T16:29Z,14112,gA,1.819
2026-10-05T16:29Z,14117,gA,1.954
2026-10-05T16:29Z,14129,g95e5,1.749
2026-10-05T16:29Z,14129,gA,1.849
2026-10-05T16:29Z,14129,gB,1.689
2026-10-05T16:29Z,14137,g95e5,1.839
2026-10-05T16:29Z,14137,gA,1.909
2026-10-05T16:29Z,14139,gA,1.929
2026-10-05T16:29Z,14139,gP,1.969
2026-10-05T16:29Z,14140,gA,2.009
2026-10-05T16:29Z,14147,g95e5,1.835
2026-10-05T16:29Z,14147,gA,1.939
2026-10-05T16:29Z,14148,g95e5,1.719
2026-10-05T16:29Z,14148,gA,1.869
2026-10-05T16:29Z,14149,g95e5,1.559
2026-10-05T16:29Z,14155,g95e5,1.746
2026-10-05T16:29Z,14156,gA,1.999
2026-10-05T16:29Z,14157,gA,1.999
2026-10-05T16:29Z,14157,gP,2.059
2026-10-05T16:29Z,14158,gP,1.857
2026-10-05T16:29Z,14161,g95e5,1.689
2026-10-05T16:29Z,14163,gA,1.769
2026-10-05T16:29Z,14167,g95e5,1.759
2026-10-05T16:29Z,14167,gA,1.839
2026-10-05T16:29Z,14167,gP,1.859
2026-10-05T16:29Z,14167,g98e5,1.859
2026-10-05T16:29Z,14168,g95e5,1.449
2026-10-05T16:29Z,14168,gA,1.629
2026-10-05T16:29Z,14168,gP,1.692
2026-10-05T16:29Z,14168,g98e5,1.572
2026-10-05T16:29Z,14170,g95e5,1.596
2026-10-05T16:29Z,14187,g95e5,1.818
2026-10-05T16:29Z,14187,gA,1.954
2026-10-05T16:29Z,14187,gP,2.029
2026-10-05T16:29Z,14187,g98e5,1.938
2026-10-05T16:29Z,14187,g95e5p,1.888
2026-10-05T16:29Z,14193,g95e5,1.739
2026-10-05T16:29Z,14193,gA,1.779
2026-10-05T16:29Z,14195,g95e5,1.745
2026-10-05T16:29Z,14197,g95e5,1.685
2026-10-05T16:29Z,14197,gA,1.765
2026-10-05T16:29Z,14199,gA,1.845
2026-10-05T16:29Z,14199,gP,1.945
2026-10-05T16:29Z,14199,gB,1.805
2026-10-05T16:29Z,14200,gA,1.839
2026-10-05T16:29Z,14205,g95e5,1.717
2026-10-05T16:29Z,14205,gA,1.849
2026-10-05T16:29Z,14207,g95e5,1.742
2026-10-05T16:29Z,14207,gA,1.729
2026-10-05T16:29Z,14212,g95e5,1.849
2026-10-05T16:29Z,14212,gA,1.829
2026-10-05T16:29Z,14212,gB,1.519
2026-10-05T16:29Z,14220,g95e5,1.749
2026-10-05T16:29Z,14221,g95e5,1.699
2026-10-05T16:29Z,14221,gA,1.799
2026-10-05T16:29Z,14222,g95e5,1.829
2026-10-05T16:29Z,14231,g95e5,1.749
2026-10-05T16:29Z,14236,gA,1.909
2026-10-05T16:29Z,14237,g95e5,1.744
2026-10-05T16:29Z,14237,gA,1.844
2026-10-05T16:29Z,14251,g95e5,1.729
2026-10-05T16:29Z,14251,gA,1.869
2026-10-05T16:29Z,14260,g95e5,1.598
2026-10-05T16:29Z,14261,g95e5,1.729
2026-10-05T16:29Z,14261,gA,1.807
2026-10-05T16:29Z,14264,g95e5,1.839
2026-10-05T16:29Z,14269,g95e5,1.717
2026-10-05T16:29Z,14270,g95e5,1.859
2026-10-05T16:29Z,14270,gA,1.989
2026-10-05T16:29Z,14270,gP,2.079
2026-10-05T16:29Z,14270,g95e5p,1.909
2026-10-05T16:29Z,14272,g95e5,1.699
2026-10-05T16:29Z,14275,gA,1.789
2026-10-05T16:29Z,14276,g95e5,1.854
2026-10-05T16:29Z,14276,gA,2.014
2026-10-05T16:29Z,14276,gB,1.914
2026-10-05T16:29Z,14281,g95e5,1.895
2026-10-05T16:29Z,14281,gA,1.999
2026-10-05T16:29Z,14286,g95e5,1.799
2026-10-05T16:29Z,14287,gA,1.979
2026-10-05T16:29Z,14287,gP,2.099
2026-10-05T16:29Z,14287,g98e5,1.929
2026-10-05T16:29Z,14289,g95e5,1.799
2026-10-05T16:29Z,14290,g95e5,1.729
2026-10-05T16:29Z,14290,gA,1.839
2026-10-05T16:29Z,14290,gP,1.849
2026-10-05T16:29Z,14293,g95e5,1.764
2026-10-05T16:29Z,14293,gA,1.874
2026-10-05T16:29Z,14294,g95e5,1.759
2026-10-05T16:29Z,14307,g95e5,1.709
2026-10-05T16:29Z,14307,gA,1.889
2026-10-05T16:29Z,14312,g95e5,1.639
2026-10-05T16:29Z,14312,gA,1.797
2026-10-05T16:29Z,14315,g95e5,1.764
2026-10-05T16:29Z,14315,gA,1.954
2026-10-05T16:29Z,14315,gP,2.004
2026-10-05T16:29Z,14315,g95e5p,1.814
2026-10-05T16:29Z,14316,g95e5,1.749
2026-10-05T16:29Z,14316,gA,1.849
2026-10-05T16:29Z,14317,g95e5,1.759
2026-10-05T16:29Z,14317,gA,1.789
2026-10-05T16:29Z,14318,g95e5,1.729
2026-10-05T16:29Z,14324,g95e5,1.729
2026-10-05T16:29Z,14324,gA,1.809
2026-10-05T16:29Z,14324,gP,1.859
2026-10-05T16:29Z,14325,g95e5,1.719
2026-10-05T16:29Z,14328,g95e5,1.679
2026-10-05T16:29Z,14338,g98e5,1.899
2026-10-05T16:29Z,14339,gA,1.769
2026-10-05T16:29Z,14342,g95e5,1.865
2026-10-05T16:29Z,14342,gA,2.010
2026-10-05T16:29Z,14342,gP,2.089
2026-10-05T16:29Z,14342,g98e5,1.999
2026-10-05T16:29Z,14343,g95e5,1.709
2026-10-05T16:29Z,14343,gA,1.849
2026-10-05T16:29Z,14345,g95e5,1.759
2026-10-05T16:29Z,14350,g95e5,1.829
2026-10-05T16:29Z,14354,g95e5,1.649
2026-10-05T16:29Z,14361,g95e5,1.669
2026-10-05T16:29Z,14361,gA,1.769
2026-10-05T16:29Z,14361,gP,1.819
2026-10-05T16:29Z,14364,g95e5,1.728
2026-10-05T16:29Z,14367,g95e5,1.825
2026-10-05T16:29Z,14375,g95e5,1.669
2026-10-05T16:29Z,14375,gA,1.729
2026-10-05T16:29Z,14382,gA,1.879
2026-10-05T16:29Z,14390,gA,1.979
2026-10-05T16:29Z,14405,gA,1.999
2026-10-05T16:29Z,14407,gA,1.985
2026-10-05T16:29Z,14408,g95e5,1.699
2026-10-05T16:29Z,14410,gA,1.869
2026-10-05T16:29Z,14414,gA,1.849
2026-10-05T16:29Z,14414,gP,1.929
2026-10-05T16:29Z,14415,g95e5,1.865
2026-10-05T16:29Z,14424,gA,1.776
2026-10-05T16:29Z,14429,g95e5,1.764
2026-10-05T16:29Z,14429,gA,1.854
2026-10-05T16:29Z,14434,g95e5,1.829
2026-10-05T16:29Z,14444,g95e5,1.849
2026-10-05T16:29Z,14444,gA,1.876
2026-10-05T16:29Z,14453,gA,1.728
2026-10-05T16:29Z,14453,gB,1.548
2026-10-05T16:29Z,14454,g95e5,1.679
2026-10-05T16:29Z,14455,g95e5,1.839
2026-10-05T16:29Z,14455,gA,1.969
2026-10-05T16:29Z,14455,gP,2.069
2026-10-05T16:29Z,14455,g98e5,1.959
2026-10-05T16:29Z,14456,g95e5,1.839
2026-10-05T16:29Z,14456,gA,1.989
2026-10-05T16:29Z,14456,gB,1.500
2026-10-05T16:29Z,14462,g95e5,1.699
2026-10-05T16:29Z,14462,gA,1.779
2026-10-05T16:29Z,14468,g95e5,1.839
2026-10-05T16:29Z,14468,gA,1.949
2026-10-05T16:29Z,14468,gP,1.989
2026-10-05T16:29Z,14468,g98e5,1.989
2026-10-05T16:29Z,14479,g95e5,1.769
2026-10-05T16:29Z,14479,gA,1.809
2026-10-05T16:29Z,14486,g95e5,1.699
2026-10-05T16:29Z,14486,gA,1.729
2026-10-05T16:29Z,14490,g95e5,1.734
2026-10-05T16:29Z,14490,gA,1.748
2026-10-05T16:29Z,14490,gB,1.472
2026-10-05T16:29Z,14492,g95e5,1.749
2026-10-05T16:29Z,14505,g95e5,1.649
2026-10-05T16:29Z,14505,gA,1.807
2026-10-05T16:29Z,14506,g95e5,1.699
2026-10-05T16:29Z,14506,gA,1.849
2026-10-05T16:29Z,14513,g95e5,1.729
2026-10-05T16:29Z,14513,gA,1.829
2026-10-05T16:29Z,14516,g95e5,1.869
2026-10-05T16:29Z,14516,gA,1.979
2026-10-05T16:29Z,14516,gP,2.069
2026-10-05T16:29Z,14516,g98e5,1.959
2026-10-05T16:29Z,14517,g95e5,1.859
2026-10-05T16:29Z,14517,gA,1.869
2026-10-05T16:29Z,14520,g95e5,1.729
2026-10-05T16:29Z,14520,gA,1.835
2026-10-05T16:29Z,14522,g95e5,1.774
2026-10-05T16:29Z,14522,gA,1.834
2026-10-05T16:29Z,14522,gP,1.884
2026-10-05T16:29Z,14538,gA,1.847
2026-10-05T16:29Z,14541,g95e5,1.699
2026-10-05T16:29Z,14541,gA,1.819
2026-10-05T16:29Z,14542,g95e5,1.729
2026-10-05T16:29Z,14542,gA,1.829
2026-10-05T16:29Z,14547,g95e5,1.689
2026-10-05T16:29Z,14547,gA,1.799
2026-10-05T16:29Z,14550,g95e5,1.649
2026-10-05T16:29Z,14552,g95e5,1.659
2026-10-05T16:29Z,14557,gA,1.789
2026-10-05T16:29Z,14559,gA,1.847
2026-10-05T16:29Z,14564,g95e5,1.709
2026-10-05T16:29Z,14564,gA,1.749
2026-10-05T16:29Z,14564,gB,1.569
2026-10-05T16:29Z,14567,gA,2.009
2026-10-05T16:29Z,14567,gP,2.079
2026-10-05T16:29Z,14567,g98e5,2.019
2026-10-05T16:29Z,14577,gA,1.999
2026-10-05T16:29Z,14577,gP,2.079
2026-10-05T16:29Z,14580,g95e5,1.719
2026-10-05T16:29Z,14581,g95e5,1.649
2026-10-05T16:29Z,14581,gA,1.739
2026-10-05T16:29Z,14581,gP,1.789
2026-10-05T16:29Z,14583,g95e5,1.679
2026-10-05T16:29Z,14583,gA,1.789
2026-10-05T16:29Z,14585,g95e5,1.717
2026-10-05T16:29Z,14593,g95e5,1.789
2026-10-05T16:29Z,14598,gA,1.799
2026-10-05T16:29Z,14606,g95e5,1.699
2026-10-05T16:29Z,14606,gA,1.849
2026-10-05T16:29Z,14607,g95e5,1.719
2026-10-05T16:29Z,14607,gA,1.819
2026-10-05T16:29Z,14610,g95e5,1.539
2026-10-05T16:29Z,14610,g98e5,1.669
2026-10-05T16:29Z,14624,gA,1.845
2026-10-05T16:29Z,14629,gA,1.779
2026-10-05T16:29Z,14629,gB,1.570
2026-10-05T16:29Z,14634,g95e5,1.699
2026-10-05T16:29Z,14634,gA,1.849
2026-10-05T16:29Z,14641,g95e5,1.849
2026-10-05T16:29Z,14641,gA,1.929
2026-10-05T16:29Z,14643,g95e5,1.719
2026-10-05T16:29Z,14652,g95e5,1.889
2026-10-05T16:29Z,14652,gA,1.969
2026-10-05T16:29Z,14652,gP,2.059
2026-10-05T16:29Z,14652,g98e5,2.009
2026-10-05T16:29Z,14652,gB,1.809
2026-10-05T16:29Z,14664,g95e5,1.829
2026-10-05T16:29Z,14664,gA,1.969
2026-10-05T16:29Z,14664,gP,2.009
2026-10-05T16:29Z,14664,g98e5,1.969
2026-10-05T16:29Z,14667,gA,1.809
2026-10-05T16:29Z,14667,gP,1.889
2026-10-05T16:29Z,14669,g95e5,1.689
2026-10-05T16:29Z,14669,gA,1.849
2026-10-05T16:29Z,14670,g95e5,1.869
2026-10-05T16:29Z,14670,gA,1.975
2026-10-05T16:29Z,14677,glp,1.017
2026-10-05T16:29Z,14684,gA,1.769
2026-10-05T16:29Z,14685,g95e5,1.759
2026-10-05T16:29Z,14685,gA,1.879
2026-10-05T16:29Z,14688,g95e5,1.799
2026-10-05T16:29Z,14688,gA,1.859
2026-10-05T16:29Z,14688,gP,1.919
2026-10-05T16:29Z,14692,g95e5,1.495
2026-10-05T16:29Z,14692,gA,1.649
2026-10-05T16:29Z,14692,gP,1.715
2026-10-05T16:29Z,14692,g98e5,1.659
2026-10-05T16:29Z,14693,g95e5,1.759
2026-10-05T16:29Z,14695,g95e5,1.799
2026-10-05T16:29Z,14695,gA,1.809
2026-10-05T16:29Z,14697,g95e5,1.859
2026-10-05T16:29Z,14697,gA,1.959
2026-10-05T16:29Z,14697,g98e5,1.999
2026-10-05T16:29Z,14702,g95e5,1.605
2026-10-05T16:29Z,14706,g95e5,1.649
2026-10-05T16:29Z,14709,g95e5,1.649
2026-10-05T16:29Z,14709,gA,1.749
2026-10-05T16:29Z,14716,g95e5,1.596
2026-10-05T16:29Z,14722,g95e5,1.459
2026-10-05T16:29Z,14722,gA,1.619
2026-10-05T16:29Z,14722,g98e5,1.579
2026-10-05T16:29Z,14729,g95e5,1.649
2026-10-05T16:29Z,14730,gA,1.779
2026-10-05T16:29Z,14730,gP,1.829
2026-10-05T16:29Z,14735,gA,1.779
2026-10-05T16:29Z,14744,gB,1.747
2026-10-05T16:29Z,14753,g95e5,1.679
2026-10-05T16:29Z,14755,g95e5,1.859
2026-10-05T16:29Z,14755,gA,1.949
2026-10-05T16:29Z,14761,g95e5,1.809
2026-10-05T16:29Z,14761,gA,1.939
2026-10-05T16:29Z,14762,gA,1.869
2026-10-05T16:29Z,14765,g95e5,1.719
2026-10-05T16:29Z,14769,gA,1.657
2026-10-05T16:29Z,14769,gP,1.687
2026-10-05T16:29Z,14771,gA,2.009
2026-10-05T16:29Z,14771,gP,2.069
2026-10-05T16:29Z,14781,g95e5,1.853
2026-10-05T16:29Z,14781,gA,1.959
2026-10-05T16:29Z,14781,gP,2.059
2026-10-05T16:29Z,14781,g98e5,1.958
2026-10-05T16:29Z,14781,glp,1.097
2026-10-05T16:29Z,14784,g95e5,1.589
2026-10-05T16:29Z,14803,g95e5,1.689
2026-10-05T16:29Z,14803,gA,1.789
2026-10-05T16:29Z,14803,gP,1.799
2026-10-05T16:29Z,14804,gA,1.819
2026-10-05T16:29Z,14806,g95e5,1.689
2026-10-05T16:29Z,14806,gA,1.799
2026-10-05T16:29Z,14807,gA,1.869
2026-10-05T16:29Z,14812,g95e5,1.739
2026-10-05T16:29Z,14812,gA,1.939
2026-10-05T16:29Z,14813,gA,1.945
2026-10-05T16:29Z,14815,g95e5,1.717
2026-10-05T16:29Z,14818,g95e5,1.849
2026-10-05T16:29Z,14818,gA,2.029
2026-10-05T16:29Z,14818,g98e5,2.009
2026-10-05T16:29Z,14820,gA,1.867
2026-10-05T16:29Z,14820,gP,1.887
2026-10-05T16:29Z,14823,gA,1.825
2026-10-05T16:29Z,14827,g95e5,1.729
2026-10-05T16:29Z,14833,g95e5,1.769
2026-10-05T16:29Z,14840,gA,1.889
2026-10-05T16:29Z,14846,gA,1.869
2026-10-05T16:29Z,14848,g95e5,1.809
2026-10-05T16:29Z,14848,gA,1.969
2026-10-05T16:29Z,14848,gP,2.039
2026-10-05T16:29Z,14858,gA,1.765
2026-10-05T16:29Z,14862,gA,1.819
2026-10-05T16:29Z,14862,gP,1.829
2026-10-05T16:29Z,14865,gA,1.819
2026-10-05T16:29Z,14868,g95e5,1.535
2026-10-05T16:29Z,14868,gA,1.705
2026-10-05T16:29Z,14868,g98e5,1.659
2026-10-05T16:29Z,14870,gA,1.847
2026-10-05T16:29Z,14871,g95e5,1.889
2026-10-05T16:29Z,14871,gA,1.959
2026-10-05T16:29Z,14872,g95e5,1.699
2026-10-05T16:29Z,14872,gA,1.819
2026-10-05T16:29Z,14874,g95e5,1.679
2026-10-05T16:29Z,14874,gA,1.859
2026-10-05T16:29Z,14876,gA,1.799
2026-10-05T16:29Z,14879,gA,1.799
2026-10-05T16:29Z,14880,g95e5,1.685
2026-10-05T16:29Z,14880,gA,1.755
2026-10-05T16:29Z,14885,g95e5,1.699
2026-10-05T16:29Z,14888,g95e5,1.639
2026-10-05T16:29Z,14888,gA,1.797
2026-10-05T16:29Z,14888,gP,1.817
2026-10-05T16:29Z,14891,g95e5,1.779
2026-10-05T16:29Z,14891,gA,1.889
2026-10-05T16:29Z,14893,g95e5,1.597
2026-10-05T16:29Z,14902,g95e5,1.729
2026-10-05T16:29Z,14902,gA,1.839
2026-10-05T16:29Z,14902,gP,1.849
2026-10-05T16:29Z,14904,g95e5,1.779
2026-10-05T16:29Z,14905,gA,1.819
2026-10-05T16:29Z,14908,g95e5,1.739
2026-10-05T16:29Z,14908,gA,1.779
2026-10-05T16:29Z,14908,gB,1.569
2026-10-05T16:29Z,14910,g95e5,1.869
2026-10-05T16:29Z,14910,gA,1.929
2026-10-05T16:29Z,14910,gP,1.969
2026-10-05T16:29Z,14911,g95e5,1.719
2026-10-05T16:29Z,14911,gA,1.869
2026-10-05T16:29Z,14913,g95e5,1.739
2026-10-05T16:29Z,14913,gA,1.849
2026-10-05T16:29Z,14918,g95e5,1.699
2026-10-05T16:29Z,14918,gA,1.825
2026-10-05T16:29Z,14923,g95e5,1.844
2026-10-05T16:29Z,14923,gA,1.974
2026-10-05T16:29Z,14923,gP,2.024
2026-10-05T16:29Z,14923,g95e5p,1.894
2026-10-05T16:29Z,14924,g95e5,1.606
2026-10-05T16:29Z,14927,g95e5,1.669
2026-10-05T16:29Z,14927,gA,1.769
2026-10-05T16:29Z,14927,gP,1.819
2026-10-05T16:29Z,14928,g95e5,1.689
2026-10-05T16:29Z,14928,gA,1.789
2026-10-05T16:29Z,14931,gA,1.765
2026-10-05T16:29Z,14931,gP,1.785
2026-10-05T16:29Z,14936,gA,2.004
2026-10-05T16:29Z,14936,gP,2.109
2026-10-05T16:29Z,14938,gA,1.799
2026-10-05T16:29Z,14940,g95e5,1.659
2026-10-05T16:29Z,14940,gA,1.769
2026-10-05T16:29Z,14941,g95e5,1.699
2026-10-05T16:29Z,14941,gA,1.819
2026-10-05T16:29Z,14942,g95e5,1.679
2026-10-05T16:29Z,14942,gA,1.799
2026-10-05T16:29Z,14945,g95e5,1.699
2026-10-05T16:29Z,14945,gA,1.819
2026-10-05T16:29Z,14951,g95e5,1.788
2026-10-05T16:29Z,14951,gA,1.826
2026-10-05T16:29Z,14952,g95e5,1.819
2026-10-05T16:29Z,14952,gA,1.979
2026-10-05T16:29Z,14952,gP,2.029
2026-10-05T16:29Z,14952,g98e5,1.929
2026-10-05T16:29Z,14957,g95e5,1.719
2026-10-05T16:29Z,14957,gA,1.819
2026-10-05T16:29Z,14959,gA,1.739
2026-10-05T16:29Z,14960,g95e5,1.699
2026-10-05T16:29Z,14962,gA,1.959
2026-10-05T16:29Z,14964,g95e5,1.385
2026-10-05T16:29Z,14966,gA,1.788
2026-10-05T16:29Z,14967,g95e5,1.735
2026-10-05T16:29Z,14970,gA,1.799
2026-10-05T16:29Z,14978,gA,1.994
2026-10-05T16:29Z,14978,gP,2.074
2026-10-05T16:29Z,14985,gA,1.817
2026-10-05T16:29Z,14993,gA,1.845
2026-10-05T16:29Z,14993,gP,1.865
2026-10-05T16:29Z,14994,gA,1.859
2026-10-05T16:29Z,14995,g95e5,1.849
2026-10-05T16:29Z,14999,gA,1.719
2026-10-05T16:29Z,15002,g95e5,1.699
2026-10-05T16:29Z,15002,gA,1.799
2026-10-05T16:29Z,15007,g95e5,1.609
2026-10-05T16:29Z,15007,gA,1.679
2026-10-05T16:29Z,15007,gP,1.699
2026-10-05T16:29Z,15007,g95e5p,1.619
2026-10-05T16:29Z,15020,gA,1.769
2026-10-05T16:29Z,15025,g95e5,1.759
2026-10-05T16:29Z,15025,g98e5,1.849
2026-10-05T16:29Z,15027,gA,1.799
2026-10-05T16:29Z,15027,gP,1.819
2026-10-05T16:29Z,15028,g95e5,1.679
2026-10-05T16:29Z,15029,g95e5,1.678
2026-10-05T16:29Z,15029,gA,1.726
2026-10-05T16:29Z,15035,gA,1.869
2026-10-05T16:29Z,15039,g95e5,1.775
2026-10-05T16:29Z,15039,gA,1.869
2026-10-05T16:29Z,15043,g95e5,1.385
2026-10-05T16:29Z,15043,gA,1.555
2026-10-05T16:29Z,15045,gA,1.819
2026-10-05T16:29Z,15055,glp,0.969
2026-10-05T16:29Z,15058,g95e5,1.869
2026-10-05T16:29Z,15058,gA,1.839
2026-10-05T16:29Z,15061,g95e5,1.658
2026-10-05T16:29Z,15061,gA,1.738
2026-10-05T16:29Z,15063,g95e5,1.611
2026-10-05T16:29Z,15064,gA,1.769
2026-10-05T16:29Z,15069,g95e5,1.719
2026-10-05T16:29Z,15082,g95e5,1.839
2026-10-05T16:29Z,15082,gA,1.829
2026-10-05T16:29Z,15082,gP,1.879
2026-10-05T16:29Z,15084,gA,1.819
2026-10-05T16:29Z,15084,gP,1.829
2026-10-05T16:29Z,15088,g95e5,1.829
2026-10-05T16:29Z,15088,gA,1.929
2026-10-05T16:29Z,15088,gP,2.009
2026-10-05T16:29Z,15088,g98e5,1.969
2026-10-05T16:29Z,15089,g95e5,1.677
2026-10-05T16:29Z,15089,gA,1.799
2026-10-05T16:29Z,15090,g95e5,1.875
2026-10-05T16:29Z,15090,gA,2.009
2026-10-05T16:29Z,15096,g95e5,1.819
2026-10-05T16:29Z,15096,g98e5,1.938
2026-10-05T16:29Z,15097,g95e5,1.689
2026-10-05T16:29Z,15097,gA,1.789
2026-10-05T16:29Z,15097,gP,1.839
2026-10-05T16:29Z,15098,g95e5,1.839
2026-10-05T16:29Z,15098,g98e5,1.979
2026-10-05T16:29Z,15104,gA,1.998
2026-10-05T16:29Z,15108,gA,1.859
2026-10-05T16:29Z,15117,gA,1.889
2026-10-05T16:29Z,15118,g95e5,1.600
2026-10-05T16:29Z,15120,g95e5,1.759
2026-10-05T16:29Z,15127,gA,1.845
2026-10-05T16:29Z,15129,gA,1.799
2026-10-05T16:29Z,15135,g95e5,1.717
2026-10-05T16:29Z,15135,gA,1.847
2026-10-05T16:29Z,15136,g95e5,1.603
2026-10-05T16:29Z,15138,g95e5,1.717
2026-10-05T16:29Z,15144,g95e5,1.635
2026-10-05T16:29Z,15148,gA,1.779
2026-10-05T16:29Z,15151,g95e5,1.387
2026-10-05T16:29Z,15151,gA,1.577
2026-10-05T16:29Z,15152,gA,1.819
2026-10-05T16:29Z,15157,g95e5,1.849
2026-10-05T16:29Z,15157,gA,1.989
2026-10-05T16:29Z,15157,gP,2.079
2026-10-05T16:29Z,15157,g95e5p,1.899
2026-10-05T16:29Z,15158,g98e5,1.972
2026-10-05T16:29Z,15161,g95e5,1.699
2026-10-05T16:29Z,15161,gA,1.799
2026-10-05T16:29Z,15166,gA,1.819
2026-10-05T16:29Z,15172,g95e5,1.769
2026-10-05T16:29Z,15172,gA,1.877
2026-10-05T16:29Z,15175,g95e5,1.709
2026-10-05T16:29Z,15176,g95e5,1.657
2026-10-05T16:29Z,15180,g95e5,1.717
2026-10-05T16:29Z,15180,gA,1.849
2026-10-05T16:29Z,15180,gP,1.869
2026-10-05T16:29Z,15183,g95e5,1.709
2026-10-05T16:29Z,15183,gA,1.849
2026-10-05T16:29Z,15184,g95e5,1.859
2026-10-05T16:29Z,15184,gA,1.879
2026-10-05T16:29Z,15187,gA,1.867
2026-10-05T16:29Z,15187,gP,1.887
2026-10-05T16:29Z,15192,g95e5,1.729
2026-10-05T16:29Z,15192,gA,1.819
2026-10-05T16:29Z,15192,gP,1.829
2026-10-05T16:29Z,15198,gA,1.914
2026-10-05T16:29Z,15204,g95e5,1.796
2026-10-05T16:29Z,15206,g95e5,1.834
2026-10-05T16:29Z,15206,gA,1.884
2026-10-05T16:29Z,15206,gP,1.934
2026-10-05T16:29Z,15206,g95e5p,1.884
2026-10-05T16:29Z,15207,g95e5,1.569
2026-10-05T16:29Z,15207,gA,1.689
2026-10-05T16:29Z,15209,gA,1.839
2026-10-05T16:29Z,15209,gP,1.859
2026-10-05T16:29Z,15212,g95e5,1.737
2026-10-05T16:29Z,15212,gA,1.827
2026-10-05T16:29Z,15212,gP,1.877
2026-10-05T16:29Z,15220,gA,1.819
2026-10-05T16:29Z,15239,g95e5,1.848
2026-10-05T16:29Z,15242,g95e5,1.709
2026-10-05T16:29Z,15242,gA,1.849
2026-10-05T16:29Z,15252,g95e5,1.719
2026-10-05T16:29Z,15259,gA,1.819
2026-10-05T16:29Z,15259,gP,1.839
2026-10-05T16:29Z,15261,g95e5,1.789
2026-10-05T16:29Z,15261,gA,1.829
2026-10-05T16:29Z,15261,gB,1.619
2026-10-05T16:29Z,15263,g95e5,1.800
2026-10-05T16:29Z,15268,g95e5,1.729
2026-10-05T16:29Z,15268,gA,1.835
2026-10-05T16:29Z,15268,gP,1.889
2026-10-05T16:29Z,15272,g95e5,1.723
2026-10-05T16:29Z,15272,gA,1.761
2026-10-05T16:29Z,15277,gA,1.939
2026-10-05T16:29Z,15288,g95e5,1.764
2026-10-05T16:29Z,15288,gA,1.742
2026-10-05T16:29Z,15288,gB,1.526
2026-10-05T16:29Z,15293,gA,1.891
2026-10-05T16:29Z,15297,g95e5,1.999
2026-10-05T16:29Z,15297,gA,1.989
2026-10-05T16:29Z,15301,gA,1.740
2026-10-05T16:29Z,15323,g95e5,1.889
2026-10-05T16:29Z,15323,gA,1.989
2026-10-05T16:29Z,15328,gA,1.775
2026-10-05T16:29Z,15328,gB,1.558
2026-10-05T16:29Z,15340,g95e5,1.799
2026-10-05T16:29Z,15343,g95e5,1.650
2026-10-05T16:29Z,15343,gA,1.900
2026-10-05T16:29Z,15372,gA,1.867
2026-10-05T16:29Z,15378,gA,2.009
2026-10-05T16:29Z,15390,gA,1.700
2026-10-05T16:29Z,15396,g95e5,1.813
2026-10-05T16:29Z,15396,gA,1.917
2026-10-05T16:29Z,15405,gA,1.979
2026-10-05T16:29Z,15409,g95e5,1.669
2026-10-05T16:29Z,15409,gA,1.729
2026-10-05T16:29Z,15412,gA,1.979
2026-10-05T16:29Z,15418,gA,1.900
2026-10-05T16:29Z,15418,gB,1.700
2026-10-05T16:29Z,15422,gA,1.959
2026-10-05T16:29Z,15422,gB,1.799
2026-10-05T16:29Z,15426,gA,1.830
2026-10-05T16:29Z,15447,g95e5,1.889
2026-10-05T16:29Z,15447,gA,1.989
2026-10-05T16:29Z,15451,g95e5,1.899
2026-10-05T16:29Z,15451,gA,1.876
2026-10-05T16:29Z,15456,gA,1.779
2026-10-05T16:29Z,15460,gA,1.778
2026-10-05T16:29Z,15468,g95e5,1.765
2026-10-05T16:29Z,15468,gA,1.765
2026-10-05T16:29Z,15468,gP,1.825
2026-10-05T16:29Z,15469,gP,1.755
2026-10-05T16:29Z,15475,gA,1.749
2026-10-05T16:29Z,15476,gA,1.749
2026-10-05T16:29Z,15477,gA,1.839
2026-10-05T16:29Z,15485,g95e5,1.689
2026-10-05T16:29Z,15485,gA,1.819
2026-10-05T16:29Z,15485,gP,1.839
2026-10-05T16:29Z,15490,gA,1.819
2026-10-05T16:29Z,15493,gA,1.849
2026-10-05T16:29Z,15500,g95e5,1.679
2026-10-05T16:29Z,15500,gA,1.809
2026-10-05T16:29Z,15505,g95e5,1.709
2026-10-05T16:29Z,15505,gA,1.809
2026-10-05T16:29Z,15511,gnc,1.967
2026-10-05T16:29Z,15519,g95e5,1.819
2026-10-05T16:29Z,15519,gA,1.899
2026-10-05T16:29Z,15519,g98e5,1.909
2026-10-05T16:29Z,15521,g95e5,1.737
2026-10-05T16:29Z,15530,g95e5,1.769
2026-10-05T16:29Z,15530,gA,1.869
2026-10-05T16:29Z,15530,gB,1.699
2026-10-05T16:29Z,15532,g95e5,1.649
2026-10-05T16:29Z,15533,gA,1.819
2026-10-05T16:29Z,15533,gP,1.839
2026-10-05T16:29Z,15534,g95e5,1.439
2026-10-05T16:29Z,15534,gA,1.699
2026-10-05T16:29Z,15534,gP,1.599
2026-10-05T16:29Z,15534,g98e5,1.599
2026-10-05T16:29Z,15539,g95e5,1.839
2026-10-05T16:29Z,15539,gA,1.939
2026-10-05T16:29Z,15542,gB,1.569
2026-10-05T16:29Z,15546,gA,1.975
2026-10-05T16:29Z,15547,g95e5,1.789
2026-10-05T16:29Z,15547,gA,1.859
2026-10-05T16:29Z,15560,g95e5,1.679
2026-10-05T16:29Z,15560,gA,1.727
2026-10-05T16:29Z,15577,g95e5,1.699
2026-10-05T16:29Z,15578,gA,2.014
2026-10-05T16:29Z,15578,gP,2.089
2026-10-05T16:29Z,15585,gA,2.009
2026-10-05T16:29Z,15588,g95e5,1.699
2026-10-05T16:29Z,15588,gP,1.859
2026-10-05T16:29Z,15589,g95e5,1.659
2026-10-05T16:29Z,15589,gA,1.769
2026-10-05T16:29Z,15591,g95e5,1.689
2026-10-05T16:29Z,15591,gA,1.799
2026-10-05T16:29Z,15591,gP,1.819
2026-10-05T16:29Z,15598,g95e5,1.879
2026-10-05T16:29Z,15603,g95e5,1.730
2026-10-05T16:29Z,15605,g95e5,1.699
2026-10-05T16:29Z,15605,gA,1.766
2026-10-05T16:29Z,15606,gA,1.869
2026-10-05T16:29Z,15612,g95e5,1.759
2026-10-05T16:29Z,15612,gA,1.799
2026-10-05T16:29Z,15612,gP,1.809
2026-10-05T16:29Z,15623,g95e5,1.747
2026-10-05T16:29Z,15625,g95e5,1.749
2026-10-05T16:29Z,15628,g95e5,1.619
2026-10-05T16:29Z,15628,gA,1.749
2026-10-05T16:29Z,15628,gP,1.769
2026-10-05T16:29Z,15630,gA,1.728
2026-10-05T16:29Z,15634,g95e5,1.699
2026-10-05T16:29Z,15634,gA,1.859
2026-10-05T16:29Z,15634,gP,1.879
2026-10-05T16:29Z,15638,g95e5,1.699
2026-10-05T16:29Z,15638,gA,1.799
2026-10-05T16:29Z,15642,g95e5,1.769
2026-10-05T16:29Z,15642,gA,2.009
2026-10-05T16:29Z,15647,g95e5,1.739
2026-10-05T16:29Z,15647,gA,1.799
2026-10-05T16:29Z,15658,g95e5,1.843
2026-10-05T16:29Z,15658,gA,2.009
2026-10-05T16:29Z,15658,gP,2.099
2026-10-05T16:29Z,15669,g95e5,1.725
2026-10-05T16:29Z,15675,g95e5,1.849
2026-10-05T16:29Z,15675,gA,1.955
2026-10-05T16:29Z,15677,g95e5,1.804
2026-10-05T16:29Z,15677,gA,1.944
2026-10-05T16:29Z,15677,gP,1.994
2026-10-05T16:29Z,15677,g98e5,1.969
2026-10-05T16:29Z,15677,glp,1.069
2026-10-05T16:29Z,15679,g95e5,1.686
2026-10-05T16:29Z,15684,g95e5,1.719
2026-10-05T16:29Z,15684,gA,1.849
2026-10-05T16:29Z,15688,gA,1.819
2026-10-05T16:29Z,15689,g95e5,1.689
2026-10-05T16:29Z,15689,gA,1.777
2026-10-05T16:29Z,15689,gB,1.547
2026-10-05T16:29Z,15690,gA,1.859
2026-10-05T16:29Z,15697,g95e5,1.385
2026-10-05T16:29Z,15700,gA,1.839
2026-10-05T16:29Z,15704,gA,1.669
2026-10-05T16:29Z,15716,g95e5,1.709
2026-10-05T16:29Z,15716,gA,1.849
2026-10-05T16:29Z,15728,gA,1.839
2026-10-05T16:29Z,15729,gA,1.817
2026-10-05T16:29Z,15732,g95e5,1.608
2026-10-05T16:29Z,15735,g95e5,1.667
2026-10-05T16:29Z,15735,gA,1.697
2026-10-05T16:29Z,15736,g95e5,1.677
2026-10-05T16:29Z,15736,gA,1.725
2026-10-05T16:29Z,15739,g95e5,1.764
2026-10-05T16:29Z,15739,gA,1.914
2026-10-05T16:29Z,15739,gP,1.964
2026-10-05T16:29Z,15739,g98e5,1.919
2026-10-05T16:29Z,15740,g95e5,1.699
2026-10-05T16:29Z,15740,gA,1.819
2026-10-05T16:29Z,15740,gP,1.829
2026-10-05T16:29Z,15746,g95e5,1.619
2026-10-05T16:29Z,15750,g95e5,1.597
2026-10-05T16:29Z,15751,gA,1.759
2026-10-05T16:29Z,15756,g95e5,1.609
2026-10-05T16:29Z,15756,gA,1.679
2026-10-05T16:29Z,15758,gA,1.849
2026-10-05T16:29Z,15758,gP,1.869
2026-10-05T16:29Z,15760,g95e5,1.689
2026-10-05T16:29Z,15760,gA,1.799
2026-10-05T16:29Z,15762,g95e5,1.899
2026-10-05T16:29Z,15762,gA,1.999
2026-10-05T16:29Z,15763,g95e5,1.859
2026-10-05T16:29Z,15763,gA,1.979
2026-10-05T16:29Z,15763,gP,2.079
2026-10-05T16:29Z,15764,g95e5,1.744
2026-10-05T16:29Z,15764,g95e5p,1.794
2026-10-05T16:29Z,15769,gA,1.994
2026-10-05T16:29Z,15769,gP,2.079
2026-10-05T16:29Z,15771,g95e5,1.699
2026-10-05T16:29Z,15771,gP,1.859
2026-10-05T16:29Z,15781,gA,1.915
2026-10-05T16:29Z,15783,gA,1.819
2026-10-05T16:29Z,15783,gP,1.839
2026-10-05T16:29Z,15786,g95e5,1.759
2026-10-05T16:29Z,15791,g95e5,1.699
2026-10-05T16:29Z,15791,gA,1.789
2026-10-05T16:29Z,15791,gP,1.799
2026-10-05T16:29Z,15792,gA,1.819
2026-10-05T16:29Z,15792,gP,1.829
2026-10-05T16:29Z,15794,g95e5,1.698
2026-10-05T16:29Z,15794,gA,1.959
2026-10-05T16:29Z,15794,gB,1.785
2026-10-05T16:29Z,15795,g95e5,1.719
2026-10-05T16:29Z,15795,gA,1.855
2026-10-05T16:29Z,15795,gP,1.905
2026-10-05T16:29Z,15800,g95e5,1.819
2026-10-05T16:29Z,15809,g95e5,1.699
2026-10-05T16:29Z,15810,g95e5,1.699
2026-10-05T16:29Z,15810,gA,1.799
2026-10-05T16:29Z,15812,g95e5,1.674
2026-10-05T16:29Z,15812,gA,1.824
2026-10-05T16:29Z,15813,g95e5,1.649
2026-10-05T16:29Z,15816,g95e5,1.605
2026-10-05T16:29Z,15820,g95e5,1.699
2026-10-05T16:29Z,15820,gA,1.799
2026-10-05T16:29Z,15820,gP,1.819
2026-10-05T16:29Z,15821,gA,1.817
2026-10-05T16:29Z,15836,g95e5,1.755
2026-10-05T16:29Z,15836,gA,1.855
2026-10-05T16:29Z,15836,gP,1.905
2026-10-05T16:29Z,15836,g98e5,1.905
2026-10-05T16:29Z,15841,gA,1.669
2026-10-05T16:29Z,15842,g95e5,1.409
2026-10-05T16:29Z,15842,gA,1.569
2026-10-05T16:29Z,15843,gA,1.659
2026-10-05T16:29Z,15847,g95e5,1.759
2026-10-05T16:29Z,15849,gA,1.739
2026-10-05T16:29Z,15853,g95e5,1.579
2026-10-05T16:29Z,15853,gA,1.699
2026-10-05T16:29Z,15854,g95e5,1.699
2026-10-05T16:29Z,15857,g95e5,1.659
2026-10-05T16:29Z,15857,gA,1.769
2026-10-05T16:29Z,15858,gA,1.799
2026-10-05T16:29Z,15871,gA,1.799
2026-10-05T16:29Z,15871,gP,1.809
2026-10-05T16:29Z,15873,g95e5,1.707
2026-10-05T16:29Z,15875,g95e5,1.619
2026-10-05T16:29Z,15875,gA,1.739
2026-10-05T16:29Z,15875,gP,1.789
2026-10-05T16:29Z,15879,g95e5,1.375
2026-10-05T16:29Z,15881,g95e5,1.649
2026-10-05T16:29Z,15881,gA,1.729
2026-10-05T16:29Z,15890,g95e5,1.609
2026-10-05T16:29Z,15890,g98e5,1.768
2026-10-05T16:29Z,15904,g95e5,1.799
2026-10-05T16:29Z,15904,gA,1.959
2026-10-05T16:29Z,15908,gA,1.819
2026-10-05T16:29Z,15908,gP,1.839
2026-10-05T16:29Z,15914,g95e5,1.719
2026-10-05T16:29Z,15919,g95e5,1.799
2026-10-05T16:29Z,15924,g95e5,1.599
2026-10-05T16:29Z,15927,g95e5,1.599
2026-10-05T16:29Z,15931,g95e5,1.699
2026-10-05T16:29Z,15932,gA,1.765
2026-10-05T16:29Z,15934,gA,1.869
2026-10-05T16:29Z,15935,g95e5,1.785
2026-10-05T16:29Z,15950,g95e5,1.699
2026-10-05T16:29Z,15950,gP,1.869
2026-10-05T16:29Z,15955,gA,1.698
2026-10-05T16:29Z,15955,g95e10,1.668
2026-10-05T16:29Z,15960,g95e5,1.719
2026-10-05T16:29Z,15960,gA,1.799
2026-10-05T16:29Z,15961,g95e5,1.591
2026-10-05T16:29Z,15966,gA,1.849
2026-10-05T16:29Z,15967,gA,1.959
2026-10-05T16:29Z,15968,g95e5,1.749
2026-10-05T16:29Z,15968,gA,1.869
2026-10-05T16:29Z,15968,gP,1.889
2026-10-05T16:29Z,15976,g95e5,1.779
2026-10-05T16:29Z,15976,gA,1.829
2026-10-05T16:29Z,15976,gB,1.619
2026-10-05T16:29Z,15977,g95e5,1.899
2026-10-05T16:29Z,15977,gA,1.959
2026-10-05T16:29Z,15980,g95e5,1.699
2026-10-05T16:29Z,15980,gA,1.799
2026-10-05T16:29Z,15985,g95e5,1.735
2026-10-05T16:29Z,15991,g95e5,1.719
2026-10-05T16:29Z,15991,gA,1.819
2026-10-05T16:29Z,15991,gP,1.829
2026-10-05T16:29Z,15991,g95e5p,1.729
2026-10-05T16:29Z,15998,g95e5,1.597
2026-10-05T16:29Z,15999,gA,1.835
2026-10-05T16:29Z,16000,gA,1.819
2026-10-05T16:29Z,16003,gA,1.699
2026-10-05T16:29Z,16005,g95e5,1.719
2026-10-05T16:29Z,16005,gA,1.849
2026-10-05T16:29Z,16007,gA,1.869
2026-10-05T16:29Z,16018,g95e5,1.709
2026-10-05T16:29Z,16019,gA,1.817
2026-10-05T16:29Z,16022,g95e5,1.759
2026-10-05T16:29Z,16022,gP,1.859
2026-10-05T16:29Z,16029,g95e5,1.735
2026-10-05T16:29Z,16032,g95e5,1.725
2026-10-05T16:29Z,16034,g95e5,1.685
2026-10-05T16:29Z,16035,g95e5,1.699
2026-10-05T16:29Z,16035,gA,1.849
2026-10-05T16:29Z,16047,glp,0.849
2026-10-05T16:29Z,16048,g95e5,1.717
2026-10-05T16:29Z,16049,g95e5,1.719
2026-10-05T16:29Z,16054,gA,1.869
2026-10-05T16:29Z,16054,gP,1.889
2026-10-05T16:29Z,16058,gA,1.839
2026-10-05T16:29Z,16073,g95e5,1.725
2026-10-05T16:29Z,16078,gA,1.854
2026-10-05T16:29Z,16080,g95e5,1.699
2026-10-05T16:29Z,16081,g95e5,1.709
2026-10-05T16:29Z,16081,gA,1.845
2026-10-05T16:29Z,16082,g95e5,1.607
2026-10-05T16:29Z,16083,g95e5,1.737
2026-10-05T16:29Z,16084,g95e5,1.689
2026-10-05T16:29Z,16084,gA,1.799
2026-10-05T16:29Z,16085,gA,1.769
2026-10-05T16:29Z,16088,g95e5,1.689
2026-10-05T16:29Z,16088,gA,1.799
2026-10-05T16:29Z,16089,gA,1.839
2026-10-05T16:29Z,16089,gP,1.859
2026-10-05T16:29Z,16093,gA,1.879
2026-10-05T16:29Z,16094,g95e5,1.729
2026-10-05T16:29Z,16094,gA,1.829
2026-10-05T16:29Z,16097,g95e5,1.779
2026-10-05T16:29Z,16098,g95e5,1.599
2026-10-05T16:29Z,16098,gA,1.699
2026-10-05T16:29Z,16101,gA,1.818
2026-10-05T16:29Z,16101,gP,1.838
2026-10-05T16:29Z,16107,g95e5,1.769
2026-10-05T16:29Z,16111,gA,1.765
2026-10-05T16:29Z,16115,g95e5,1.797
2026-10-05T16:29Z,16119,g95e5,1.689
2026-10-05T16:29Z,16119,gA,1.789
2026-10-05T16:29Z,16119,gP,1.799
2026-10-05T16:29Z,16121,g95e5,1.709
2026-10-05T16:29Z,16121,gA,1.809
2026-10-05T16:29Z,16121,gP,1.859
2026-10-05T16:29Z,16123,g95e5,1.597
2026-10-05T16:29Z,16128,g95e5,1.679
2026-10-05T16:29Z,16128,gA,1.789
2026-10-05T16:29Z,16128,gP,1.809
2026-10-05T16:29Z,16129,g95e5,1.679
2026-10-05T16:29Z,16129,gA,1.789
2026-10-05T16:29Z,16129,gP,1.809
2026-10-05T16:29Z,16133,gA,1.669
2026-10-05T16:29Z,16134,g95e5,1.659
2026-10-05T16:29Z,16135,g95e5,1.705
2026-10-05T16:29Z,16135,gA,1.775
2026-10-05T16:29Z,16137,g95e5,1.598
2026-10-05T16:29Z,16143,gA,1.817
2026-10-05T16:29Z,16145,g95e5,1.747
2026-10-05T16:29Z,16149,gA,1.809
2026-10-05T16:29Z,16150,g95e5,1.725
2026-10-05T16:29Z,16152,g95e5,1.595
2026-10-05T16:29Z,16154,g95e5,1.689
2026-10-05T16:29Z,16154,gA,1.789
2026-10-05T16:29Z,16154,gP,1.799
2026-10-05T16:29Z,16157,g95e5,1.755
2026-10-05T16:29Z,16157,gA,1.855
2026-10-05T16:29Z,16157,gP,1.905
2026-10-05T16:29Z,16157,g98e5,1.905
2026-10-05T16:29Z,16159,gA,1.829
2026-10-05T16:29Z,16162,g95e5,1.824
2026-10-05T16:29Z,16162,gA,1.969
2026-10-05T16:29Z,16162,gB,1.914
2026-10-05T16:29Z,16165,gA,1.969
2026-10-05T16:29Z,16167,g95e5,1.699
2026-10-05T16:29Z,16167,gA,1.769
2026-10-05T16:29Z,16167,gP,1.779
2026-10-05T16:29Z,16168,g95e5,1.796
2026-10-05T16:29Z,16173,g95e5,1.699
2026-10-05T16:29Z,16173,gA,1.849
2026-10-05T16:29Z,16174,gA,1.839
2026-10-05T16:29Z,16179,g95e5,1.679
2026-10-05T16:29Z,16183,gA,1.765
2026-10-05T16:29Z,16185,g95e5,1.669
2026-10-05T16:29Z,16185,gA,1.769
2026-10-05T16:29Z,16189,g95e5,1.597
2026-10-05T16:29Z,16190,g95e5,1.597
2026-10-05T16:29Z,16191,g95e5,1.739
2026-10-05T16:29Z,16191,gA,1.789
2026-10-05T16:29Z,16191,gP,1.809
2026-10-05T16:29Z,16193,g95e5,1.709
2026-10-05T16:29Z,16196,g95e5,1.409
2026-10-05T16:29Z,16196,gA,1.569
2026-10-05T16:29Z,16198,g95e5,1.755
2026-10-05T16:29Z,16199,g95e5,1.677
2026-10-05T16:29Z,16199,gA,1.725
2026-10-05T16:29Z,16201,g95e5,1.725
2026-10-05T16:29Z,16201,gA,1.867
2026-10-05T16:29Z,16207,gA,1.839
2026-10-05T16:29Z,16223,g95e5,1.649
2026-10-05T16:29Z,16226,gA,2.004
2026-10-05T16:29Z,16226,gP,2.094
2026-10-05T16:29Z,16233,gA,1.720
2026-10-05T16:29Z,16245,g95e5,1.735
2026-10-05T16:29Z,16246,g95e5,1.689
2026-10-05T16:29Z,16246,gA,1.799
2026-10-05T16:29Z,16247,g95e5,1.699
2026-10-05T16:29Z,16247,gA,1.799
2026-10-05T16:29Z,16252,gA,1.989
2026-10-05T16:29Z,16253,g95e5,1.619
2026-10-05T16:29Z,16253,gA,1.759
2026-10-05T16:29Z,16253,gP,1.779
2026-10-05T16:29Z,16253,g95e5p,1.629
2026-10-05T16:29Z,16258,gA,1.849
2026-10-05T16:29Z,16258,gB,1.789
2026-10-05T16:29Z,16264,gA,1.739
2026-10-05T16:29Z,16276,g95e5,1.759
2026-10-05T16:29Z,16276,gA,1.869
2026-10-05T16:29Z,16284,g95e5,1.649
2026-10-05T16:29Z,16284,gA,1.739
2026-10-05T16:29Z,16286,g95e5,1.699
2026-10-05T16:29Z,16286,gA,1.829
2026-10-05T16:29Z,16289,g95e5,1.659
2026-10-05T16:29Z,16289,gA,1.769
2026-10-05T16:29Z,16294,g95e5,1.745
2026-10-05T16:29Z,16294,gA,1.859
2026-10-05T16:29Z,16300,g95e5,1.639
2026-10-05T16:29Z,16308,g95e5,1.699
2026-10-05T16:29Z,16308,gA,1.799
2026-10-05T16:29Z,16309,g95e5,1.725
2026-10-05T16:29Z,16310,g95e5,1.699
2026-10-05T16:29Z,16310,gA,1.769
2026-10-05T16:29Z,16310,gP,1.789
2026-10-05T16:29Z,16310,g95e5p,1.719
2026-10-05T16:29Z,16311,gA,1.799
2026-10-05T16:29Z,16314,g95e5,1.759
2026-10-05T16:29Z,16316,g95e5,1.759
2026-10-05T16:29Z,16317,g95e5,1.769
2026-10-05T16:29Z,16317,gA,1.799
2026-10-05T16:29Z,16317,gP,1.819
2026-10-05T16:29Z,16317,g95e5p,1.779
2026-10-05T16:29Z,16321,g95e5,1.689
2026-10-05T16:29Z,16321,gA,1.799
2026-10-05T16:29Z,16322,g95e5,1.679
2026-10-05T16:29Z,16322,gA,1.799
2026-10-05T16:29Z,16322,gP,1.809
2026-10-05T16:29Z,16322,g95e5p,1.689
2026-10-05T16:29Z,16323,g95e5,1.589
2026-10-05T16:29Z,16344,g95e5,1.649
2026-10-05T16:29Z,16345,gA,1.819
2026-10-05T16:29Z,16352,gA,1.819
2026-10-05T16:29Z,16355,g95e5,1.719
2026-10-05T16:29Z,16355,gA,1.809
2026-10-05T16:29Z,16356,gA,1.825
2026-10-05T16:29Z,16359,g95e5,1.725
2026-10-05T16:29Z,16361,g95e5,1.669
2026-10-05T16:29Z,16361,gA,1.769
2026-10-05T16:29Z,16361,gP,1.819
2026-10-05T16:29Z,16367,g95e5,1.599
2026-10-05T16:29Z,16367,gA,1.759
2026-10-05T16:29Z,16370,g95e5,1.739
2026-10-05T16:29Z,16370,gA,1.879
2026-10-05T16:29Z,16374,g95e5,1.659
2026-10-05T16:29Z,16374,gA,1.789
2026-10-05T16:29Z,16374,gP,1.799
2026-10-05T16:29Z,16374,g95e5p,1.669
2026-10-05T16:29Z,16375,g95e5,1.669
2026-10-05T16:29Z,16376,g95e5,1.769
2026-10-05T16:29Z,16379,g95e5,1.605
2026-10-05T16:29Z,16380,g95e5,1.659
2026-10-05T16:29Z,16380,gA,1.769
2026-10-05T16:29Z,16382,g95e5,1.649
2026-10-05T16:29Z,16385,gA,1.669
2026-10-05T16:29Z,16387,g95e5,1.899
2026-10-05T16:29Z,16387,gA,1.909
2026-10-05T16:29Z,16391,g95e5,1.657
2026-10-05T16:29Z,16392,g95e5,1.385
2026-10-05T16:29Z,16396,g95e5,1.602
2026-10-05T16:29Z,16397,g95e5,1.811
2026-10-05T16:29Z,16397,gA,1.821
2026-10-05T16:29Z,16397,gP,1.921
2026-10-05T16:29Z,16397,g98e5,1.845
2026-10-05T16:29Z,16398,g95e5,1.699
2026-10-05T16:29Z,16398,gA,1.819
2026-10-05T16:29Z,16398,gP,1.829
2026-10-05T16:29Z,16398,g95e5p,1.709
2026-10-05T16:29Z,16406,g95e5,1.819
2026-10-05T16:29Z,16406,gA,1.899
2026-10-05T16:29Z,16408,g95e5,1.659
2026-10-05T16:29Z,16408,gA,1.739
2026-10-05T16:29Z,16408,gP,1.749
2026-10-05T16:29Z,16408,g95e5p,1.669
2026-10-05T16:29Z,16418,g95e5,1.699
2026-10-05T16:29Z,16418,gA,1.849
2026-10-05T16:29Z,16421,g95e5,1.777
2026-10-05T16:29Z,16421,gA,1.837
2026-10-05T16:29Z,16422,gA,1.669
2026-10-05T16:29Z,16432,g95e5,1.597
2026-10-05T16:29Z,16433,g95e5,1.659
2026-10-05T16:29Z,16433,gA,1.769
2026-10-05T16:29Z,16438,g95e5,1.699
2026-10-05T16:29Z,16438,gA,1.729
2026-10-05T16:29Z,16440,g95e5,1.629
2026-10-05T16:29Z,16440,gA,1.759
2026-10-05T16:29Z,16440,gP,1.769
2026-10-05T16:29Z,16447,g95e5,1.739
2026-10-05T16:29Z,16447,gA,1.879
2026-10-05T16:29Z,16447,gP,1.959
2026-10-05T16:29Z,16447,g98e5,1.879
2026-10-05T16:29Z,16450,g95e5,1.747
2026-10-05T16:29Z,16452,g95e5,1.599
2026-10-05T16:29Z,16452,gA,1.689
2026-10-05T16:29Z,16453,g95e5,1.699
2026-10-05T16:29Z,16453,gA,1.775
2026-10-05T16:29Z,16457,g95e5,1.699
2026-10-05T16:29Z,16457,gA,1.799
2026-10-05T16:29Z,16457,gP,1.819
2026-10-05T16:29Z,16457,g95e5p,1.699
2026-10-05T16:29Z,16462,g95e5,1.739
2026-10-05T16:29Z,16462,gA,1.799
2026-10-05T16:29Z,16463,g95e5,1.729
2026-10-05T16:29Z,16464,g95e5,1.689
2026-10-05T16:29Z,16464,gA,1.749
2026-10-05T16:29Z,16466,g95e5,1.439
2026-10-05T16:29Z,16466,gA,1.699
2026-10-05T16:29Z,16466,gP,1.599
2026-10-05T16:29Z,16466,g98e5,1.599
2026-10-05T16:29Z,16471,g95e5,1.759
2026-10-05T16:29Z,16471,gA,1.799
2026-10-05T16:29Z,16472,gA,1.757
2026-10-05T16:29Z,16473,g95e5,1.649
2026-10-05T16:29Z,16475,g95e5,1.609
2026-10-05T16:29Z,16475,gA,1.679
2026-10-05T16:29Z,16475,g95e5p,1.619
2026-10-05T16:29Z,16480,g95e5,1.735
2026-10-05T16:29Z,16480,gA,1.835
2026-10-05T16:29Z,16481,g95e5,1.649
2026-10-05T16:29Z,16482,g95e5,1.649
2026-10-05T16:29Z,16483,g95e5,1.649
2026-10-05T16:29Z,16484,g95e5,1.609
2026-10-05T16:29Z,16484,gA,1.679
2026-10-05T16:29Z,16489,g95e5,1.699
2026-10-05T16:29Z,16489,gA,1.799
2026-10-05T16:29Z,16491,gA,1.799
2026-10-05T16:29Z,16496,g95e5,1.603
2026-10-05T16:29Z,16502,g95e5,1.599
2026-10-05T16:29Z,16502,gA,1.699
2026-10-05T16:29Z,16502,gP,1.719
2026-10-05T16:29Z,16502,g95e5p,1.619
2026-10-05T16:29Z,16505,g95e5,1.699
2026-10-05T16:29Z,16505,gA,1.755
2026-10-05T16:29Z,16518,gA,1.845
2026-10-05T16:29Z,16519,g95e5,1.639
2026-10-05T16:29Z,16519,gA,1.759
2026-10-05T16:29Z,16523,g95e5,1.601
2026-10-05T16:29Z,16523,gA,1.674
2026-10-05T16:29Z,16527,g95e5,1.649
2026-10-05T16:29Z,16528,g95e5,1.649
2026-10-05T16:29Z,16536,g95e5,1.689
2026-10-05T16:29Z,16536,g95e5p,1.699
2026-10-05T22:57Z,3,g95e5,1.845
2026-10-05T22:57Z,3,g98e5,1.975
2026-10-05T22:57Z,6,gA,1.994
2026-10-05T22:57Z,6,gP,2.109
2026-10-05T22:57Z,14,g95e5,1.769
2026-10-05T22:57Z,14,gA,1.879
2026-10-05T22:57Z,14,gP,1.929
2026-10-05T22:57Z,14,g98e5,1.950
2026-10-05T22:57Z,16,g95e5,1.839
2026-10-05T22:57Z,16,g98e5,1.999
2026-10-05T22:57Z,19,g95e5,1.845
2026-10-05T22:57Z,19,g98e5,1.985
2026-10-05T22:57Z,27,g95e5,1.819
2026-10-05T22:57Z,27,gA,2.024
2026-10-05T22:57Z,27,gP,2.114
2026-10-05T22:57Z,29,g95e5,1.789
2026-10-05T22:57Z,29,gA,1.954
2026-10-05T22:57Z,29,gP,2.004
2026-10-05T22:57Z,45,g95e5,1.868
2026-10-05T22:57Z,45,gA,1.979
2026-10-05T22:57Z,45,gP,2.079
2026-10-05T22:57Z,47,g95e5,1.875
2026-10-05T22:57Z,47,gA,1.979
2026-10-05T22:57Z,47,g98e5,2.035
2026-10-05T22:57Z,47,g95e5p,1.945
2026-10-05T22:57Z,48,g95e5,1.845
2026-10-05T22:57Z,48,g98e5,1.975
2026-10-05T22:57Z,49,g95e5,1.845
2026-10-05T22:57Z,49,g98e5,1.975
2026-10-05T22:57Z,51,g95e5,1.839
2026-10-05T22:57Z,51,gA,1.985
2026-10-05T22:57Z,51,g98e5,1.999
2026-10-05T22:57Z,52,g95e5,1.865
2026-10-05T22:57Z,52,gA,2.025
2026-10-05T22:57Z,52,gP,2.075
2026-10-05T22:57Z,52,g98e5,1.975
2026-10-05T22:57Z,55,gA,2.005
2026-10-05T22:57Z,55,gP,2.085
2026-10-05T22:57Z,59,g95e5,1.849
2026-10-05T22:57Z,59,g98e5,2.009
2026-10-05T22:57Z,60,g95e5,1.865
2026-10-05T22:57Z,60,gP,2.095
2026-10-05T22:57Z,60,g98e5,1.975
2026-10-05T22:57Z,61,g95e5,1.859
2026-10-05T22:57Z,61,g98e5,1.969
2026-10-05T22:57Z,63,g95e5,1.879
2026-10-05T22:57Z,64,g95e5,1.849
2026-10-05T22:57Z,64,g98e5,2.009
2026-10-05T22:57Z,65,g95e5,1.879
2026-10-05T22:57Z,66,g95e5,1.794
2026-10-05T22:57Z,66,gA,1.844
2026-10-05T22:57Z,66,gP,1.894
2026-10-05T22:57Z,66,g95e5p,1.844
2026-10-05T22:57Z,66,gB,1.779
2026-10-05T22:57Z,67,g95e5,1.829
2026-10-05T22:57Z,67,gA,1.959
2026-10-05T22:57Z,67,gP,2.009
2026-10-05T22:57Z,68,g95e5,1.829
2026-10-05T22:57Z,68,gA,1.959
2026-10-05T22:57Z,68,gP,2.009
2026-10-05T22:57Z,68,g98e5,1.939
2026-10-05T22:57Z,69,g95e5,1.759
2026-10-05T22:57Z,69,gA,1.959
2026-10-05T22:57Z,69,g98e5,1.879
2026-10-05T22:57Z,69,gB,1.879
2026-10-05T22:57Z,73,g95e5,1.799
2026-10-05T22:57Z,73,gA,1.984
2026-10-05T22:57Z,74,gA,1.979
2026-10-05T22:57Z,74,gP,2.069
2026-10-05T22:57Z,76,g95e5,1.759
2026-10-05T22:57Z,76,gA,1.859
2026-10-05T22:57Z,76,gP,1.909
2026-10-05T22:57Z,76,g95e5p,1.809
2026-10-05T22:57Z,77,gA,1.994
2026-10-05T22:57Z,77,gP,2.109
2026-10-05T22:57Z,78,gA,1.994
2026-10-05T22:57Z,78,gP,2.044
2026-10-05T22:57Z,80,g95e5,1.855
2026-10-05T22:57Z,80,g98e5,2.015
2026-10-05T22:57Z,83,g95e5,1.845
2026-10-05T22:57Z,83,gA,2.019
2026-10-05T22:57Z,83,gP,2.069
2026-10-05T22:57Z,84,g95e5,1.865
2026-10-05T22:57Z,87,g95e5,1.869
2026-10-05T22:57Z,88,g95e5,1.885
2026-10-05T22:57Z,88,gA,2.025
2026-10-05T22:57Z,88,g98e5,1.995
2026-10-05T22:57Z,97,gA,1.989
2026-10-05T22:57Z,100,g95e5,1.839
2026-10-05T22:57Z,101,gA,1.995
2026-10-05T22:57Z,101,gP,2.095
2026-10-05T22:57Z,107,g95e5,1.869
2026-10-05T22:57Z,110,gA,1.994
2026-10-05T22:57Z,110,gP,2.109
2026-10-05T22:57Z,111,g98e5,2.019
2026-10-05T22:57Z,112,g98e5,2.019
2026-10-05T22:57Z,118,g95e5,1.889
2026-10-05T22:57Z,121,g95e5,1.859
2026-10-05T22:57Z,121,g98e5,1.969
2026-10-05T22:57Z,125,gA,1.994
2026-10-05T22:57Z,125,gP,2.109
2026-10-05T22:57Z,126,gA,1.994
2026-10-05T22:57Z,126,gP,2.109
2026-10-05T22:57Z,127,g95e5,1.859
2026-10-05T22:57Z,127,g98e5,1.969
2026-10-05T22:57Z,128,g95e5,1.859
2026-10-05T22:57Z,128,g98e5,1.969
2026-10-05T22:57Z,130,g95e5,1.845
2026-10-05T22:57Z,133,g95e5,1.879
2026-10-05T22:57Z,133,gA,1.985
2026-10-05T22:57Z,133,g98e5,1.989
2026-10-05T22:57Z,134,g95e5,1.845
2026-10-05T22:57Z,134,g98e5,1.955
2026-10-05T22:57Z,135,g95e5,1.845
2026-10-05T22:57Z,135,gA,2.025
2026-10-05T22:57Z,136,g95e5,1.875
2026-10-05T22:57Z,136,g98e5,1.985
2026-10-05T22:57Z,137,g95e5,1.879
2026-10-05T22:57Z,137,gA,2.025
2026-10-05T22:57Z,137,gP,2.075
2026-10-05T22:57Z,138,g95e5,1.849
2026-10-05T22:57Z,138,gA,2.025
2026-10-05T22:57Z,139,g95e5,1.855
2026-10-05T22:57Z,139,gP,2.065
2026-10-05T22:57Z,139,g98e5,2.015
2026-10-05T22:57Z,140,g95e5,1.859
2026-10-05T22:57Z,140,g98e5,1.969
2026-10-05T22:57Z,141,g95e5,1.855
2026-10-05T22:57Z,141,g98e5,1.975
2026-10-05T22:57Z,142,g95e5,1.869
2026-10-05T22:57Z,142,gA,2.025
2026-10-05T22:57Z,142,g98e5,1.979
2026-10-05T22:57Z,143,g95e5,1.865
2026-10-05T22:57Z,143,gA,1.999
2026-10-05T22:57Z,145,gA,1.994
2026-10-05T22:57Z,145,gP,2.109
2026-10-05T22:57Z,146,gA,1.994
2026-10-05T22:57Z,146,gP,2.109
2026-10-05T22:57Z,163,g95e5,1.749
2026-10-05T22:57Z,163,gA,1.849
2026-10-05T22:57Z,163,gP,1.899
2026-10-05T22:57Z,164,g95e5,1.829
2026-10-05T22:57Z,164,gA,1.945
2026-10-05T22:57Z,164,gP,2.035
2026-10-05T22:57Z,165,gA,1.974
2026-10-05T22:57Z,170,g95e5,1.829
2026-10-05T22:57Z,170,gA,1.945
2026-10-05T22:57Z,170,gP,2.035
2026-10-05T22:57Z,170,g98e5,1.969
2026-10-05T22:57Z,172,gA,1.959
2026-10-05T22:57Z,172,gP,2.049
2026-10-05T22:57Z,177,g95e5,1.845
2026-10-05T22:57Z,178,g95e5,1.845
2026-10-05T22:57Z,180,g95e5,1.875
2026-10-05T22:57Z,180,gA,1.955
2026-10-05T22:57Z,180,g98e5,1.985
2026-10-05T22:57Z,181,g95e5,1.869
2026-10-05T22:57Z,181,g98e5,1.979
2026-10-05T22:57Z,183,g95e5,1.885
2026-10-05T22:57Z,183,gA,1.995
2026-10-05T22:57Z,186,g95e5,1.869
2026-10-05T22:57Z,186,gA,1.985
2026-10-05T22:57Z,187,g95e5,1.879
2026-10-05T22:57Z,187,gA,1.975
2026-10-05T22:57Z,187,g98e5,1.989
2026-10-05T22:57Z,188,g95e5,1.879
2026-10-05T22:57Z,188,g98e5,2.039
2026-10-05T22:57Z,200,g95e5,1.855
2026-10-05T22:57Z,201,g95e5,1.845
2026-10-05T22:57Z,201,g98e5,1.965
2026-10-05T22:57Z,202,g95e5,1.845
2026-10-05T22:57Z,202,g98e5,1.965
2026-10-05T22:57Z,203,g95e5,1.875
2026-10-05T22:57Z,203,g98e5,1.985
2026-10-05T22:57Z,203,g95e5p,1.945
2026-10-05T22:57Z,204,g95e5,1.875
2026-10-05T22:57Z,204,g98e5,1.985
2026-10-05T22:57Z,204,g95e5p,1.945
2026-10-05T22:57Z,206,g95e5,1.855
2026-10-05T22:57Z,207,g95e5,1.865
2026-10-05T22:57Z,207,g98e5,1.985
2026-10-05T22:57Z,208,g98e5,1.985
2026-10-05T22:57Z,211,gA,1.985
2026-10-05T22:57Z,216,g95e5,1.885
2026-10-05T22:57Z,216,gA,1.979
2026-10-05T22:57Z,219,g95e5,1.839
2026-10-05T22:57Z,219,gA,1.939
2026-10-05T22:57Z,219,gP,1.989
2026-10-05T22:57Z,219,g95e5p,1.889
2026-10-05T22:57Z,220,g95e5,1.839
2026-10-05T22:57Z,220,gA,1.939
2026-10-05T22:57Z,220,gP,1.989
2026-10-05T22:57Z,220,g95e5p,1.889
2026-10-05T22:57Z,227,g95e5,1.859
2026-10-05T22:57Z,228,g95e5,1.865
2026-10-05T22:57Z,228,gA,1.969
2026-10-05T22:57Z,228,g98e5,2.025
2026-10-05T22:57Z,229,gA,1.959
2026-10-05T22:57Z,232,g95e5,1.865
2026-10-05T22:57Z,232,gA,1.985
2026-10-05T22:57Z,232,g98e5,1.975
2026-10-05T22:57Z,232,g95e5p,1.945
2026-10-05T22:57Z,233,g95e5,1.865
2026-10-05T22:57Z,233,gA,1.985
2026-10-05T22:57Z,233,g98e5,1.975
2026-10-05T22:57Z,233,g95e5p,1.945
2026-10-05T22:57Z,234,g95e5,1.879
2026-10-05T22:57Z,234,gA,1.969
2026-10-05T22:57Z,234,g98e5,1.999
2026-10-05T22:57Z,237,g95e5,1.885
2026-10-05T22:57Z,237,gA,1.975
2026-10-05T22:57Z,239,gA,1.965
2026-10-05T22:57Z,240,gA,1.965
2026-10-05T22:57Z,241,g95e5,1.845
2026-10-05T22:57Z,241,gA,1.975
2026-10-05T22:57Z,241,g98e5,1.955
2026-10-05T22:57Z,242,g98e5,1.965
2026-10-05T22:57Z,244,g95e5,1.855
2026-10-05T22:57Z,245,g95e5,1.855
2026-10-05T22:57Z,245,g98e5,1.965
2026-10-05T22:57Z,246,g95e5,1.845
2026-10-05T22:57Z,246,gA,1.969
2026-10-05T22:57Z,246,g98e5,1.965
2026-10-05T22:57Z,247,gA,1.965
2026-10-05T22:57Z,247,gP,2.039
2026-10-05T22:57Z,252,g95e5,1.699
2026-10-05T22:57Z,252,gA,1.699
2026-10-05T22:57Z,253,g95e5,1.859
2026-10-05T22:57Z,253,gA,1.959
2026-10-05T22:57Z,253,gP,2.009
2026-10-05T22:57Z,253,g95e5p,1.909
2026-10-05T22:57Z,256,g95e5,1.699
2026-10-05T22:57Z,256,gA,1.789
2026-10-05T22:57Z,256,gP,1.849
2026-10-05T22:57Z,256,g98e5,1.829
2026-10-05T22:57Z,258,g95e5,1.825
2026-10-05T22:57Z,258,gA,1.895
2026-10-05T22:57Z,258,g98e5,1.995
2026-10-05T22:57Z,260,g95e5,1.789
2026-10-05T22:57Z,260,gA,1.919
2026-10-05T22:57Z,260,gP,1.969
2026-10-05T22:57Z,260,g98e5,1.949
2026-10-05T22:57Z,260,gB,1.849
2026-10-05T22:57Z,273,gA,1.969
2026-10-05T22:57Z,274,g95e5,1.889
2026-10-05T22:57Z,275,g95e5,1.699
2026-10-05T22:57Z,275,gA,1.844
2026-10-05T22:57Z,276,g95e5,1.699
2026-10-05T22:57Z,276,gA,1.699
2026-10-05T22:57Z,280,gA,1.699
2026-10-05T22:57Z,281,g95e5,2.039
2026-10-05T22:57Z,281,gA,2.034
2026-10-05T22:57Z,281,gP,2.119
2026-10-05T22:57Z,281,g98e5,2.124
2026-10-05T22:57Z,281,gB,1.968
2026-10-05T22:57Z,286,g95e5,1.829
2026-10-05T22:57Z,286,gA,1.949
2026-10-05T22:57Z,286,gP,2.029
2026-10-05T22:57Z,302,g95e5,1.699
2026-10-05T22:57Z,302,gA,1.775
2026-10-05T22:57Z,302,gP,1.875
2026-10-05T22:57Z,302,g98e5,1.845
2026-10-05T22:57Z,308,g95e5,1.769
2026-10-05T22:57Z,308,gA,1.739
2026-10-05T22:57Z,308,gP,1.789
2026-10-05T22:57Z,308,g95e5p,1.819
2026-10-05T22:57Z,320,g95e5,1.895
2026-10-05T22:57Z,320,gA,1.975
2026-10-05T22:57Z,320,gP,2.039
2026-10-05T22:57Z,320,g98e5,1.989
2026-10-05T22:57Z,325,g95e5,1.795
2026-10-05T22:57Z,325,gP,2.029
2026-10-05T22:57Z,330,g95e5,1.839
2026-10-05T22:57Z,330,gA,1.969
2026-10-05T22:57Z,330,gP,2.069
2026-10-05T22:57Z,330,g98e5,1.979
2026-10-05T22:57Z,332,g95e5,1.855
2026-10-05T22:57Z,332,gA,1.979
2026-10-05T22:57Z,332,gP,2.029
2026-10-05T22:57Z,332,g98e5,1.965
2026-10-05T22:57Z,334,g95e5,1.809
2026-10-05T22:57Z,334,gA,1.949
2026-10-05T22:57Z,334,gP,2.049
2026-10-05T22:57Z,335,g95e5,1.799
2026-10-05T22:57Z,336,g95e5,1.849
2026-10-05T22:57Z,336,g98e5,1.959
2026-10-05T22:57Z,337,g95e5,1.825
2026-10-05T22:57Z,337,gA,1.989
2026-10-05T22:57Z,337,gP,2.039
2026-10-05T22:57Z,337,g98e5,1.975
2026-10-05T22:57Z,338,g95e5,1.839
2026-10-05T22:57Z,338,gA,1.995
2026-10-05T22:57Z,338,g98e5,1.949
2026-10-05T22:57Z,340,g95e5,1.825
2026-10-05T22:57Z,340,gA,1.989
2026-10-05T22:57Z,340,gP,2.039
2026-10-05T22:57Z,340,g98e5,1.975
2026-10-05T22:57Z,343,g95e5,1.589
2026-10-05T22:57Z,343,gA,1.689
2026-10-05T22:57Z,343,gP,1.699
2026-10-05T22:57Z,348,g95e5,1.795
2026-10-05T22:57Z,348,gP,2.079
2026-10-05T22:57Z,348,g98e5,1.905
2026-10-05T22:57Z,356,g95e5,1.849
2026-10-05T22:57Z,356,g98e5,1.959
2026-10-05T22:57Z,358,g95e5,1.749
2026-10-05T22:57Z,358,gA,1.859
2026-10-05T22:57Z,358,gP,1.909
2026-10-05T22:57Z,358,g95e5p,1.799
2026-10-05T22:57Z,361,g95e5,1.759
2026-10-05T22:57Z,361,gA,1.899
2026-10-05T22:57Z,361,gP,1.949
2026-10-05T22:57Z,361,g95e5p,1.809
2026-10-05T22:57Z,363,g95e5,1.779
2026-10-05T22:57Z,363,gA,1.939
2026-10-05T22:57Z,363,gP,2.029
2026-10-05T22:57Z,363,g95e5p,1.829
2026-10-05T22:57Z,375,g95e5,1.829
2026-10-05T22:57Z,376,gA,1.999
2026-10-05T22:57Z,376,gP,2.079
2026-10-05T22:57Z,378,g95e5,1.859
2026-10-05T22:57Z,378,g98e5,1.969
2026-10-05T22:57Z,380,g95e5,1.815
2026-10-05T22:57Z,380,gA,2.015
2026-10-05T22:57Z,380,gP,2.065
2026-10-05T22:57Z,383,g95e5,1.829
2026-10-05T22:57Z,383,g98e5,1.949
2026-10-05T22:57Z,384,g95e5,1.859
2026-10-05T22:57Z,384,gA,2.015
2026-10-05T22:57Z,384,gP,2.115
2026-10-05T22:57Z,384,g98e5,2.019
2026-10-05T22:57Z,385,gA,1.988
2026-10-05T22:57Z,385,gP,2.089
2026-10-05T22:57Z,386,gA,2.019
2026-10-05T22:57Z,386,gP,2.109
2026-10-05T22:57Z,389,gA,2.029
2026-10-05T22:57Z,390,gA,2.039
2026-10-05T22:57Z,391,g95e5,1.829
2026-10-05T22:57Z,397,g95e5,1.865
2026-10-05T22:57Z,397,gA,2.009
2026-10-05T22:57Z,397,gP,2.059
2026-10-05T22:57Z,398,g95e5,1.859
2026-10-05T22:57Z,398,g98e5,1.969
2026-10-05T22:57Z,406,g95e5,1.859
2026-10-05T22:57Z,406,g98e5,1.969
2026-10-05T22:57Z,407,g95e5,1.879
2026-10-05T22:57Z,407,gA,2.015
2026-10-05T22:57Z,407,gP,2.075
2026-10-05T22:57Z,407,g98e5,1.989
2026-10-05T22:57Z,410,g95e5,1.849
2026-10-05T22:57Z,410,g98e5,1.959
2026-10-05T22:57Z,411,g95e5,1.849
2026-10-05T22:57Z,411,gA,1.995
2026-10-05T22:57Z,411,g98e5,1.959
2026-10-05T22:57Z,413,g95e5,1.879
2026-10-05T22:57Z,413,gA,2.015
2026-10-05T22:57Z,413,gP,2.075
2026-10-05T22:57Z,413,g98e5,1.989
2026-10-05T22:57Z,415,g95e5,1.814
2026-10-05T22:57Z,415,gA,1.979
2026-10-05T22:57Z,415,gP,2.029
2026-10-05T22:57Z,416,gA,1.984
2026-10-05T22:57Z,416,gP,2.064
2026-10-05T22:57Z,417,g95e5,1.885
2026-10-05T22:57Z,417,gA,1.984
2026-10-05T22:57Z,417,gP,2.064
2026-10-05T22:57Z,417,g95e5p,1.928
2026-10-05T22:57Z,418,gA,1.994
2026-10-05T22:57Z,418,gP,2.069
2026-10-05T22:57Z,418,gB,1.828
2026-10-05T22:57Z,425,gA,1.984
2026-10-05T22:57Z,425,gP,2.059
2026-10-05T22:57Z,436,g95e5,1.799
2026-10-05T22:57Z,436,gA,1.924
2026-10-05T22:57Z,436,gP,1.974
2026-10-05T22:57Z,436,g95e5p,1.849
2026-10-05T22:57Z,443,g95e5,1.845
2026-10-05T22:57Z,443,gA,1.959
2026-10-05T22:57Z,443,g98e5,2.005
2026-10-05T22:57Z,446,gA,1.929
2026-10-05T22:57Z,450,g95e5,1.755
2026-10-05T22:57Z,450,gA,1.919
2026-10-05T22:57Z,459,g95e5,1.845
2026-10-05T22:57Z,459,g98e5,2.005
2026-10-05T22:57Z,459,g95e5p,1.915
2026-10-05T22:57Z,466,g95e5,1.879
2026-10-05T22:57Z,466,gA,1.999
2026-10-05T22:57Z,466,gB,1.819
2026-10-05T22:57Z,468,g95e5,1.825
2026-10-05T22:57Z,468,g98e5,1.985
2026-10-05T22:57Z,470,g95e5,1.815
2026-10-05T22:57Z,472,g95e5,1.829
2026-10-05T22:57Z,473,g95e5,1.815
2026-10-05T22:57Z,473,g98e5,1.975
2026-10-05T22:57Z,475,gA,1.944
2026-10-05T22:57Z,475,gP,1.994
2026-10-05T22:57Z,481,g95e5,1.869
2026-10-05T22:57Z,481,gA,1.989
2026-10-05T22:57Z,481,gP,2.039
2026-10-05T22:57Z,482,g95e5,1.835
2026-10-05T22:57Z,482,gA,1.929
2026-10-05T22:57Z,482,g98e5,1.995
2026-10-05T22:57Z,484,g95e5,1.869
2026-10-05T22:57Z,484,gA,1.969
2026-10-05T22:57Z,489,g95e5,1.879
2026-10-05T22:57Z,489,gA,1.999
2026-10-05T22:57Z,489,gB,1.819
2026-10-05T22:57Z,491,g95e5,1.879
2026-10-05T22:57Z,491,gA,1.999
2026-10-05T22:57Z,497,gA,1.964
2026-10-05T22:57Z,497,gP,2.014
2026-10-05T22:57Z,497,gB,1.839
2026-10-05T22:57Z,499,gA,1.964
2026-10-05T22:57Z,499,gP,2.029
2026-10-05T22:57Z,499,gB,1.838
2026-10-05T22:57Z,500,g95e5,1.889
2026-10-05T22:57Z,500,gA,1.969
2026-10-05T22:57Z,500,gP,1.999
2026-10-05T22:57Z,501,g95e5,1.839
2026-10-05T22:57Z,501,gA,1.919
2026-10-05T22:57Z,501,g98e5,1.988
2026-10-05T22:57Z,501,gB,1.798
2026-10-05T22:57Z,502,g95e5,1.699
2026-10-05T22:57Z,502,gA,1.699
2026-10-05T22:57Z,504,g95e5,1.855
2026-10-05T22:57Z,504,g98e5,2.015
2026-10-05T22:57Z,505,g95e5,1.699
2026-10-05T22:57Z,505,gA,1.699
2026-10-05T22:57Z,506,gA,1.934
2026-10-05T22:57Z,506,gP,2.009
2026-10-05T22:57Z,508,g95e5,1.839
2026-10-05T22:57Z,508,gA,1.939
2026-10-05T22:57Z,508,gP,1.989
2026-10-05T22:57Z,510,g95e5,1.699
2026-10-05T22:57Z,510,gA,1.699
2026-10-05T22:57Z,512,g95e5,1.839
2026-10-05T22:57Z,512,gA,1.919
2026-10-05T22:57Z,512,g98e5,1.988
2026-10-05T22:57Z,513,g95e5,1.839
2026-10-05T22:57Z,513,gA,1.969
2026-10-05T22:57Z,513,gP,2.019
2026-10-05T22:57Z,513,g95e5p,1.879
2026-10-05T22:57Z,514,gA,1.964
2026-10-05T22:57Z,514,gP,2.049
2026-10-05T22:57Z,515,gA,1.964
2026-10-05T22:57Z,515,gP,2.049
2026-10-05T22:57Z,516,g95e5,1.799
2026-10-05T22:57Z,517,g95e5,1.859
2026-10-05T22:57Z,517,gA,1.969
2026-10-05T22:57Z,520,g95e5,1.829
2026-10-05T22:57Z,520,gA,1.999
2026-10-05T22:57Z,520,gP,2.049
2026-10-05T22:57Z,520,g95e5p,1.879
2026-10-05T22:57Z,521,gA,1.955
2026-10-05T22:57Z,524,g95e5,1.805
2026-10-05T22:57Z,524,gA,1.929
2026-10-05T22:57Z,535,g95e5,1.815
2026-10-05T22:57Z,535,gA,1.985
2026-10-05T22:57Z,536,g95e5,1.859
2026-10-05T22:57Z,536,gA,1.965
2026-10-05T22:57Z,536,gP,2.065
2026-10-05T22:57Z,536,g98e5,2.009
2026-10-05T22:57Z,538,gA,1.984
2026-10-05T22:57Z,538,gP,2.044
2026-10-05T22:57Z,539,gA,1.984
2026-10-05T22:57Z,539,gP,2.069
2026-10-05T22:57Z,543,g95e5,1.859
2026-10-05T22:57Z,543,g95e5p,1.909
2026-10-05T22:57Z,543,gB,1.759
2026-10-05T22:57Z,549,g95e5,1.835
2026-10-05T22:57Z,551,g95e5,1.809
2026-10-05T22:57Z,551,g98e5,1.969
2026-10-05T22:57Z,553,gA,1.979
2026-10-05T22:57Z,554,g95e5,1.845
2026-10-05T22:57Z,554,gA,2.009
2026-10-05T22:57Z,554,g98e5,1.955
2026-10-05T22:57Z,555,g95e5,1.849
2026-10-05T22:57Z,555,gA,1.939
2026-10-05T22:57Z,557,gA,1.944
2026-10-05T22:57Z,557,gP,2.019
2026-10-05T22:57Z,558,gA,1.944
2026-10-05T22:57Z,558,gP,2.019
2026-10-05T22:57Z,567,gA,1.995
2026-10-05T22:57Z,573,g95e5,1.835
2026-10-05T22:57Z,573,gA,1.995
2026-10-05T22:57Z,573,gP,2.095
2026-10-05T22:57Z,573,g98e5,1.995
2026-10-05T22:57Z,575,g95e5,1.879
2026-10-05T22:57Z,575,gA,1.999
2026-10-05T22:57Z,577,g95e5,1.859
2026-10-05T22:57Z,577,gA,1.995
2026-10-05T22:57Z,584,g95e5,1.829
2026-10-05T22:57Z,584,gA,1.955
2026-10-05T22:57Z,584,gP,2.045
2026-10-05T22:57Z,584,g98e5,1.989
2026-10-05T22:57Z,585,g98e5,2.019
2026-10-05T22:57Z,586,g95e5,1.849
2026-10-05T22:57Z,586,g98e5,1.959
2026-10-05T22:57Z,589,g95e5,1.839
2026-10-05T22:57Z,589,gA,1.969
2026-10-05T22:57Z,589,g98e5,1.989
2026-10-05T22:57Z,593,g95e5,1.879
2026-10-05T22:57Z,593,gA,1.999
2026-10-05T22:57Z,596,g95e5,1.855
2026-10-05T22:57Z,596,gA,1.969
2026-10-05T22:57Z,596,g98e5,2.015
2026-10-05T22:57Z,596,g95e5p,1.925
2026-10-05T22:57Z,597,g95e5,1.849
2026-10-05T22:57Z,597,gA,1.985
2026-10-05T22:57Z,601,g95e5,1.835
2026-10-05T22:57Z,601,g98e5,1.985
2026-10-05T22:57Z,603,g95e5,1.699
2026-10-05T22:57Z,603,gA,1.699
2026-10-05T22:57Z,604,gA,1.935
2026-10-05T22:57Z,606,g95e5,1.879
2026-10-05T22:57Z,606,gA,1.999
2026-10-05T22:57Z,608,gA,1.955
2026-10-05T22:57Z,608,gP,2.055
2026-10-05T22:57Z,608,gB,1.879
2026-10-05T22:57Z,609,g95e5,1.815
2026-10-05T22:57Z,609,gA,1.959
2026-10-05T22:57Z,609,g98e5,1.975
2026-10-05T22:57Z,614,gA,1.965
2026-10-05T22:57Z,614,gP,2.065
2026-10-05T22:57Z,615,g95e5,1.805
2026-10-05T22:57Z,615,g98e5,1.965
2026-10-05T22:57Z,619,g95e5,1.879
2026-10-05T22:57Z,619,gA,1.999
2026-10-05T22:57Z,619,gB,1.819
2026-10-05T22:57Z,620,g95e5,1.835
2026-10-05T22:57Z,620,gA,1.945
2026-10-05T22:57Z,620,g98e5,1.995
2026-10-05T22:57Z,622,g95e5,1.805
2026-10-05T22:57Z,622,gA,1.929
2026-10-05T22:57Z,623,gA,1.945
2026-10-05T22:57Z,626,g95e5,1.865
2026-10-05T22:57Z,626,gA,1.949
2026-10-05T22:57Z,626,g98e5,2.025
2026-10-05T22:57Z,628,g95e5,1.869
2026-10-05T22:57Z,628,gA,1.969
2026-10-05T22:57Z,629,g95e5,1.805
2026-10-05T22:57Z,629,gA,2.005
2026-10-05T22:57Z,629,g98e5,1.915
2026-10-05T22:57Z,630,gA,1.955
2026-10-05T22:57Z,630,gP,2.005
2026-10-05T22:57Z,633,g95e5,1.869
2026-10-05T22:57Z,633,gA,1.969
2026-10-05T22:57Z,634,g95e5,1.805
2026-10-05T22:57Z,634,gA,1.945
2026-10-05T22:57Z,634,g98e5,1.915
2026-10-05T22:57Z,637,gA,1.979
2026-10-05T22:57Z,637,gP,2.049
2026-10-05T22:57Z,640,g95e5,1.879
2026-10-05T22:57Z,640,gA,1.999
2026-10-05T22:57Z,640,gB,1.819
2026-10-05T22:57Z,641,g95e5,1.755
2026-10-05T22:57Z,641,gA,1.919
2026-10-05T22:57Z,643,g95e5,1.855
2026-10-05T22:57Z,643,gA,1.995
2026-10-05T22:57Z,643,g98e5,1.965
2026-10-05T22:57Z,649,g95e5,1.879
2026-10-05T22:57Z,649,gA,1.999
2026-10-05T22:57Z,650,g98e5,2.025
2026-10-05T22:57Z,651,g95e5,1.835
2026-10-05T22:57Z,651,gA,1.939
2026-10-05T22:57Z,652,g95e5,1.839
2026-10-05T22:57Z,652,gA,1.979
2026-10-05T22:57Z,652,gP,2.069
2026-10-05T22:57Z,652,g95e5p,1.889
2026-10-05T22:57Z,661,g95e5,1.829
2026-10-05T22:57Z,661,gA,1.959
2026-10-05T22:57Z,661,gP,2.009
2026-10-05T22:57Z,661,g95e5p,1.879
2026-10-05T22:57Z,674,g95e5,1.859
2026-10-05T22:57Z,674,gP,1.909
2026-10-05T22:57Z,675,g95e5,1.709
2026-10-05T22:57Z,675,gA,1.829
2026-10-05T22:57Z,675,gP,1.879
2026-10-05T22:57Z,675,g95e5p,1.759
2026-10-05T22:57Z,681,gA,1.964
2026-10-05T22:57Z,681,gP,2.014
2026-10-05T22:57Z,684,g95e5,1.799
2026-10-05T22:57Z,684,gA,1.939
2026-10-05T22:57Z,684,gP,1.989
2026-10-05T22:57Z,684,g95e5p,1.849
2026-10-05T22:57Z,686,gA,1.934
2026-10-05T22:57Z,686,gP,2.009
2026-10-05T22:57Z,686,gB,1.838
2026-10-05T22:57Z,687,gA,1.934
2026-10-05T22:57Z,687,gP,2.009
2026-10-05T22:57Z,687,gB,1.838
2026-10-05T22:57Z,691,g95e5,1.699
2026-10-05T22:57Z,691,gA,1.699
2026-10-05T22:57Z,692,g95e5,1.779
2026-10-05T22:57Z,692,gA,1.848
2026-10-05T22:57Z,692,gP,1.848
2026-10-05T22:57Z,692,g98e5,1.928
2026-10-05T22:57Z,698,gA,1.969
2026-10-05T22:57Z,710,g95e5,1.795
2026-10-05T22:57Z,710,gA,1.955
2026-10-05T22:57Z,710,gP,2.045
2026-10-05T22:57Z,710,g98e5,1.955
2026-10-05T22:57Z,710,g95e5p,1.855
2026-10-05T22:57Z,711,g95e5,1.839
2026-10-05T22:57Z,711,gA,2.015
2026-10-05T22:57Z,711,g98e5,1.939
2026-10-05T22:57Z,712,g95e5,1.839
2026-10-05T22:57Z,712,gA,2.005
2026-10-05T22:57Z,712,gP,2.055
2026-10-05T22:57Z,712,g98e5,1.949
2026-10-05T22:57Z,713,g95e5,1.795
2026-10-05T22:57Z,713,gA,1.999
2026-10-05T22:57Z,713,gP,2.099
2026-10-05T22:57Z,713,g98e5,1.955
2026-10-05T22:57Z,715,g95e5,1.795
2026-10-05T22:57Z,715,g98e5,1.955
2026-10-05T22:57Z,716,g95e5,1.799
2026-10-05T22:57Z,717,g95e5,1.795
2026-10-05T22:57Z,717,gA,1.979
2026-10-05T22:57Z,717,gP,2.029
2026-10-05T22:57Z,717,g98e5,1.905
2026-10-05T22:57Z,718,g95e5,1.795
2026-10-05T22:57Z,718,gA,1.979
2026-10-05T22:57Z,718,gP,2.029
2026-10-05T22:57Z,718,g98e5,1.905
2026-10-05T22:57Z,720,gA,1.949
2026-10-05T22:57Z,720,gP,1.999
2026-10-05T22:57Z,723,g95e5,1.849
2026-10-05T22:57Z,723,g98e5,1.959
2026-10-05T22:57Z,725,g95e5,1.849
2026-10-05T22:57Z,725,g98e5,1.959
2026-10-05T22:57Z,728,g95e5,1.795
2026-10-05T22:57Z,729,g95e5,1.899
2026-10-05T22:57Z,729,gA,1.959
2026-10-05T22:57Z,730,g95e5,1.799
2026-10-05T22:57Z,730,g98e5,1.959
2026-10-05T22:57Z,739,g95e5,1.795
2026-10-05T22:57Z,739,gA,1.949
2026-10-05T22:57Z,739,gP,2.039
2026-10-05T22:57Z,739,g98e5,1.955
2026-10-05T22:57Z,744,g95e5,1.888
2026-10-05T22:57Z,744,gA,1.958
2026-10-05T22:57Z,744,gP,2.058
2026-10-05T22:57Z,744,g98e5,1.998
2026-10-05T22:57Z,745,gP,2.099
2026-10-05T22:57Z,745,g98e5,1.979
2026-10-05T22:57Z,746,gP,2.099
2026-10-05T22:57Z,746,g98e5,1.979
2026-10-05T22:57Z,754,g98e5,1.989
2026-10-05T22:57Z,755,g95e5,1.859
2026-10-05T22:57Z,755,g98e5,1.979
2026-10-05T22:57Z,756,g95e5,1.845
2026-10-05T22:57Z,756,g98e5,1.955
2026-10-05T22:57Z,761,g95e5,1.839
2026-10-05T22:57Z,761,gA,1.965
2026-10-05T22:57Z,761,gP,2.015
2026-10-05T22:57Z,761,g98e5,1.949
2026-10-05T22:57Z,763,g95e5,1.839
2026-10-05T22:57Z,763,gA,1.919
2026-10-05T22:57Z,765,g95e5,1.795
2026-10-05T22:57Z,765,gP,2.035
2026-10-05T22:57Z,765,g98e5,1.955
2026-10-05T22:57Z,766,g95e5,1.795
2026-10-05T22:57Z,766,gP,2.035
2026-10-05T22:57Z,766,g98e5,1.955
2026-10-05T22:57Z,773,g95e5,1.795
2026-10-05T22:57Z,775,g95e5,1.795
2026-10-05T22:57Z,775,g98e5,1.925
2026-10-05T22:57Z,780,g95e5,1.795
2026-10-05T22:57Z,780,gA,1.985
2026-10-05T22:57Z,780,gP,2.035
2026-10-05T22:57Z,780,g98e5,1.905
2026-10-05T22:57Z,781,g98e5,1.989
2026-10-05T22:57Z,782,g95e5,1.795
2026-10-05T22:57Z,782,gA,1.955
2026-10-05T22:57Z,782,g98e5,1.905
2026-10-05T22:57Z,786,g95e5,1.859
2026-10-05T22:57Z,786,gA,1.959
2026-10-05T22:57Z,787,g95e5,1.859
2026-10-05T22:57Z,787,gA,1.959
2026-10-05T22:57Z,788,g95e5,1.795
2026-10-05T22:57Z,788,g98e5,1.915
2026-10-05T22:57Z,789,gP,2.035
2026-10-05T22:57Z,790,gP,2.035
2026-10-05T22:57Z,792,g95e5,1.878
2026-10-05T22:57Z,792,gA,1.968
2026-10-05T22:57Z,792,gP,2.048
2026-10-05T22:57Z,792,g98e5,1.988
2026-10-05T22:57Z,793,g95e5,1.825
2026-10-05T22:57Z,793,gA,1.965
2026-10-05T22:57Z,795,gA,1.954
2026-10-05T22:57Z,795,gP,2.029
2026-10-05T22:57Z,797,g95e5,1.795
2026-10-05T22:57Z,799,g95e5,1.799
2026-10-05T22:57Z,799,gA,1.959
2026-10-05T22:57Z,799,gP,2.029
2026-10-05T22:57Z,799,g98e5,1.959
2026-10-05T22:57Z,801,g95e5,1.795
2026-10-05T22:57Z,802,g95e5,1.795
2026-10-05T22:57Z,802,g95e5p,1.855
2026-10-05T22:57Z,809,g95e5,1.845
2026-10-05T22:57Z,809,gA,1.949
2026-10-05T22:57Z,809,gP,2.049
2026-10-05T22:57Z,809,g98e5,1.985
2026-10-05T22:57Z,811,g95e5,1.855
2026-10-05T22:57Z,811,gA,1.985
2026-10-05T22:57Z,811,g98e5,1.975
2026-10-05T22:57Z,813,gA,1.994
2026-10-05T22:57Z,813,gP,2.049
2026-10-05T22:57Z,814,gA,1.994
2026-10-05T22:57Z,814,gP,2.049
2026-10-05T22:57Z,821,gA,1.969
2026-10-05T22:57Z,821,gP,2.069
2026-10-05T22:57Z,822,gA,1.969
2026-10-05T22:57Z,822,gP,2.069
2026-10-05T22:57Z,824,gA,1.969
2026-10-05T22:57Z,824,gP,2.049
2026-10-05T22:57Z,826,g95e5,1.845
2026-10-05T22:57Z,826,gA,1.989
2026-10-05T22:57Z,826,gP,2.089
2026-10-05T22:57Z,826,g98e5,1.985
2026-10-05T22:57Z,827,g95e5,1.829
2026-10-05T22:57Z,827,gA,1.969
2026-10-05T22:57Z,827,gP,2.019
2026-10-05T22:57Z,827,g98e5,1.939
2026-10-05T22:57Z,833,g95e5,1.809
2026-10-05T22:57Z,833,gA,1.979
2026-10-05T22:57Z,833,gP,2.029
2026-10-05T22:57Z,833,g98e5,1.929
2026-10-05T22:57Z,833,g95e5p,1.869
2026-10-05T22:57Z,833,gB,1.789
2026-10-05T22:57Z,834,gA,1.954
2026-10-05T22:57Z,834,gP,2.004
2026-10-05T22:57Z,837,g95e5,1.855
2026-10-05T22:57Z,837,gA,1.995
2026-10-05T22:57Z,837,g98e5,1.985
2026-10-05T22:57Z,838,g95e5,1.799
2026-10-05T22:57Z,838,g98e5,1.959
2026-10-05T22:57Z,839,gA,1.789
2026-10-05T22:57Z,839,gP,1.849
2026-10-05T22:57Z,840,g95e5,1.795
2026-10-05T22:57Z,840,g98e5,1.905
2026-10-05T22:57Z,842,g95e5,1.849
2026-10-05T22:57Z,842,gA,2.005
2026-10-05T22:57Z,842,g98e5,1.959
2026-10-05T22:57Z,844,g95e5,1.815
2026-10-05T22:57Z,844,g98e5,1.975
2026-10-05T22:57Z,844,g95e5p,1.885
2026-10-05T22:57Z,848,g95e5,1.815
2026-10-05T22:57Z,849,g95e5,1.815
2026-10-05T22:57Z,849,gA,1.965
2026-10-05T22:57Z,849,gP,2.015
2026-10-05T22:57Z,849,g98e5,1.925
2026-10-05T22:57Z,851,g95e5,1.805
2026-10-05T22:57Z,851,gA,1.965
2026-10-05T22:57Z,851,g98e5,1.955
2026-10-05T22:57Z,852,g95e5,1.805
2026-10-05T22:57Z,852,gA,1.965
2026-10-05T22:57Z,852,g98e5,1.955
2026-10-05T22:57Z,862,gA,1.969
2026-10-05T22:57Z,862,gP,2.059
2026-10-05T22:57Z,864,g95e5,1.849
2026-10-05T22:57Z,864,gA,1.985
2026-10-05T22:57Z,864,gP,2.075
2026-10-05T22:57Z,864,g98e5,1.989
2026-10-05T22:57Z,873,gA,1.989
2026-10-05T22:57Z,888,gA,1.909
2026-10-05T22:57Z,888,gP,1.959
2026-10-05T22:57Z,888,g98e5,1.919
2026-10-05T22:57Z,888,g95e5p,1.789
2026-10-05T22:57Z,888,gB,1.699
2026-10-05T22:57Z,890,g95e5,1.825
2026-10-05T22:57Z,890,gA,1.989
2026-10-05T22:57Z,890,g98e5,1.985
2026-10-05T22:57Z,893,g95e5,1.859
2026-10-05T22:57Z,893,g98e5,1.969
2026-10-05T22:57Z,895,gA,1.989
2026-10-05T22:57Z,895,gP,2.089
2026-10-05T22:57Z,900,g95e5,1.849
2026-10-05T22:57Z,900,g98e5,1.959
2026-10-05T22:57Z,901,g98e5,1.935
2026-10-05T22:57Z,902,gA,1.959
2026-10-05T22:57Z,904,g95e5,1.875
2026-10-05T22:57Z,904,gA,1.979
2026-10-05T22:57Z,904,gP,2.049
2026-10-05T22:57Z,904,g98e5,1.985
2026-10-05T22:57Z,907,g95e5,1.869
2026-10-05T22:57Z,907,gA,1.985
2026-10-05T22:57Z,908,g95e5,1.859
2026-10-05T22:57Z,908,g98e5,1.969
2026-10-05T22:57Z,909,gA,1.989
2026-10-05T22:57Z,913,g95e5,1.819
2026-10-05T22:57Z,913,gA,2.039
2026-10-05T22:57Z,913,g98e5,1.979
2026-10-05T22:57Z,917,g95e5,1.815
2026-10-05T22:57Z,917,g98e5,1.975
2026-10-05T22:57Z,920,g95e5,1.879
2026-10-05T22:57Z,920,gA,2.019
2026-10-05T22:57Z,920,gP,2.069
2026-10-05T22:57Z,925,gA,1.975
2026-10-05T22:57Z,925,gP,2.075
2026-10-05T22:57Z,926,g95e5,1.707
2026-10-05T22:57Z,935,g95e5,1.829
2026-10-05T22:57Z,935,gA,2.009
2026-10-05T22:57Z,935,gP,2.099
2026-10-05T22:57Z,935,g98e5,1.969
2026-10-05T22:57Z,940,gA,1.985
2026-10-05T22:57Z,940,gP,2.055
2026-10-05T22:57Z,940,g98e5,1.975
2026-10-05T22:57Z,943,gA,1.986
2026-10-05T22:57Z,943,gP,2.041
2026-10-05T22:57Z,946,g95e5,1.789
2026-10-05T22:57Z,946,gA,1.999
2026-10-05T22:57Z,946,gB,1.649
2026-10-05T22:57Z,947,g95e5,1.789
2026-10-05T22:57Z,947,gA,1.959
2026-10-05T22:57Z,947,gP,2.009
2026-10-05T22:57Z,947,g98e5,1.929
2026-10-05T22:57Z,948,g95e5,1.789
2026-10-05T22:57Z,948,gA,1.979
2026-10-05T22:57Z,948,gP,2.029
2026-10-05T22:57Z,948,g95e5p,1.839
2026-10-05T22:57Z,948,gB,1.759
2026-10-05T22:57Z,950,g95e5,1.819
2026-10-05T22:57Z,950,gA,1.984
2026-10-05T22:57Z,950,gP,2.034
2026-10-05T22:57Z,950,g95e5p,1.869
2026-10-05T22:57Z,950,gB,1.764
2026-10-05T22:57Z,953,g95e5,1.869
2026-10-05T22:57Z,954,g95e5,1.849
2026-10-05T22:57Z,954,gA,2.009
2026-10-05T22:57Z,954,gP,2.059
2026-10-05T22:57Z,954,g98e5,1.989
2026-10-05T22:57Z,957,gA,1.988
2026-10-05T22:57Z,957,gP,2.089
2026-10-05T22:57Z,958,gA,1.984
2026-10-05T22:57Z,958,gP,2.074
2026-10-05T22:57Z,958,gB,1.838
2026-10-05T22:57Z,959,gA,1.984
2026-10-05T22:57Z,959,gP,2.074
2026-10-05T22:57Z,959,gB,1.838
2026-10-05T22:57Z,962,g95e5,1.869
2026-10-05T22:57Z,962,gA,1.985
2026-10-05T22:57Z,962,gP,2.035
2026-10-05T22:57Z,965,g95e5,1.879
2026-10-05T22:57Z,965,gA,2.039
2026-10-05T22:57Z,974,g95e5,1.829
2026-10-05T22:57Z,974,gA,1.974
2026-10-05T22:57Z,974,gP,2.024
2026-10-05T22:57Z,974,g98e5,1.969
2026-10-05T22:57Z,980,g95e5,1.855
2026-10-05T22:57Z,980,g98e5,1.965
2026-10-05T22:57Z,981,g95e5,1.855
2026-10-05T22:57Z,981,g98e5,1.965
2026-10-05T22:57Z,984,g95e5,1.865
2026-10-05T22:57Z,984,gA,2.015
2026-10-05T22:57Z,984,g98e5,1.975
2026-10-05T22:57Z,986,gP,2.035
2026-10-05T22:57Z,987,g95e5,1.879
2026-10-05T22:57Z,987,gA,2.025
2026-10-05T22:57Z,987,g98e5,1.989
2026-10-05T22:57Z,987,g95e5p,1.949
2026-10-05T22:57Z,988,g95e5,1.815
2026-10-05T22:57Z,988,g98e5,1.925
2026-10-05T22:57Z,991,gA,1.979
2026-10-05T22:57Z,991,gP,2.029
2026-10-05T22:57Z,992,gA,1.991
2026-10-05T22:57Z,992,gP,2.089
2026-10-05T22:57Z,992,gB,1.878
2026-10-05T22:57Z,993,gA,1.991
2026-10-05T22:57Z,993,gP,2.089
2026-10-05T22:57Z,993,gB,1.878
2026-10-05T22:57Z,994,g95e5,1.865
2026-10-05T22:57Z,994,g98e5,1.975
2026-10-05T22:57Z,997,gA,1.984
2026-10-05T22:57Z,997,gP,2.069
2026-10-05T22:57Z,997,gB,1.828
2026-10-05T22:57Z,1000,gA,1.984
2026-10-05T22:57Z,1000,gP,2.069
2026-10-05T22:57Z,1000,gB,1.828
2026-10-05T22:57Z,1005,g95e5,1.808
2026-10-05T22:57Z,1005,gA,1.964
2026-10-05T22:57Z,1005,gP,2.069
2026-10-05T22:57Z,1032,g95e5,1.855
2026-10-05T22:57Z,1032,gA,1.995
2026-10-05T22:57Z,1032,g98e5,2.015
2026-10-05T22:57Z,1034,g95e5,1.845
2026-10-05T22:57Z,1034,gA,1.985
2026-10-05T22:57Z,1034,g98e5,2.005
2026-10-05T22:57Z,1035,g95e5,1.885
2026-10-05T22:57Z,1035,gA,2.009
2026-10-05T22:57Z,1035,g98e5,1.995
2026-10-05T22:57Z,1036,g95e5,1.829
2026-10-05T22:57Z,1037,g95e5,1.859
2026-10-05T22:57Z,1037,gA,2.005
2026-10-05T22:57Z,1037,g98e5,2.019
2026-10-05T22:57Z,1038,g95e5,1.855
2026-10-05T22:57Z,1038,gA,1.989
2026-10-05T22:57Z,1038,g98e5,1.965
2026-10-05T22:57Z,1040,g95e5,1.829
2026-10-05T22:57Z,1040,gA,1.985
2026-10-05T22:57Z,1040,g98e5,1.989
2026-10-05T22:57Z,1042,g95e5,1.885
2026-10-05T22:57Z,1042,gA,2.025
2026-10-05T22:57Z,1042,g98e5,1.995
2026-10-05T22:57Z,1043,g95e5,1.859
2026-10-05T22:57Z,1043,gA,1.979
2026-10-05T22:57Z,1043,gP,2.079
2026-10-05T22:57Z,1043,g98e5,1.999
2026-10-05T22:57Z,1044,g95e5,1.865
2026-10-05T22:57Z,1044,g98e5,2.025
2026-10-05T22:57Z,1045,g95e5,1.819
2026-10-05T22:57Z,1048,g95e5,1.869
2026-10-05T22:57Z,1048,gA,2.029
2026-10-05T22:57Z,1049,g95e5,1.835
2026-10-05T22:57Z,1049,gA,1.989
2026-10-05T22:57Z,1050,g95e5,1.885
2026-10-05T22:57Z,1050,gA,1.995
2026-10-05T22:57Z,1053,g95e5,1.875
2026-10-05T22:57Z,1053,gA,1.985
2026-10-05T22:57Z,1056,g95e5,1.885
2026-10-05T22:57Z,1056,gA,1.985
2026-10-05T22:57Z,1058,g95e5,1.875
2026-10-05T22:57Z,1058,g98e5,1.985
2026-10-05T22:57Z,1058,g95e5p,1.955
2026-10-05T22:57Z,1066,g95e5,1.879
2026-10-05T22:57Z,1066,gA,1.999
2026-10-05T22:57Z,1066,g98e5,2.039
2026-10-05T22:57Z,1067,g95e5,1.885
2026-10-05T22:57Z,1067,gA,2.025
2026-10-05T22:57Z,1067,g98e5,1.995
2026-10-05T22:57Z,1068,g95e5,1.659
2026-10-05T22:57Z,1068,g95e5p,1.679
2026-10-05T22:57Z,1069,g95e5,1.869
2026-10-05T22:57Z,1069,gA,2.035
2026-10-05T22:57Z,1069,g98e5,1.979
2026-10-05T22:57Z,1074,g95e5,1.885
2026-10-05T22:57Z,1074,gA,2.015
2026-10-05T22:57Z,1074,g98e5,1.995
2026-10-05T22:57Z,1077,g95e5,1.829
2026-10-05T22:57Z,1077,g98e5,1.949
2026-10-05T22:57Z,1080,g95e5,1.849
2026-10-05T22:57Z,1080,gA,1.985
2026-10-05T22:57Z,1081,g95e5,1.829
2026-10-05T22:57Z,1081,gA,1.979
2026-10-05T22:57Z,1081,g98e5,1.989
2026-10-05T22:57Z,1085,g95e5,1.835
2026-10-05T22:57Z,1085,gA,1.995
2026-10-05T22:57Z,1085,g98e5,1.965
2026-10-05T22:57Z,1086,g95e5,1.835
2026-10-05T22:57Z,1087,gA,1.979
2026-10-05T22:57Z,1087,gP,2.069
2026-10-05T22:57Z,1088,g95e5,1.885
2026-10-05T22:57Z,1088,gA,2.019
2026-10-05T22:57Z,1088,g98e5,2.015
2026-10-05T22:57Z,1089,gA,2.005
2026-10-05T22:57Z,1094,gA,1.989
2026-10-05T22:57Z,1094,gP,2.064
2026-10-05T22:57Z,1103,g95e5,1.770
2026-10-05T22:57Z,1110,g95e5,1.799
2026-10-05T22:57Z,1125,gA,1.908
2026-10-05T22:57Z,1125,gB,1.743
2026-10-05T22:57Z,1126,gA,1.914
2026-10-05T22:57Z,1126,gB,1.748
2026-10-05T22:57Z,1129,g95e5,1.845
2026-10-05T22:57Z,1129,gA,1.965
2026-10-05T22:57Z,1129,gP,2.055
2026-10-05T22:57Z,1129,g98e5,1.985
2026-10-05T22:57Z,1130,g95e5,1.855
2026-10-05T22:57Z,1130,gA,1.985
2026-10-05T22:57Z,1130,g98e5,2.005
2026-10-05T22:57Z,1131,g95e5,1.855
2026-10-05T22:57Z,1131,g98e5,2.005
2026-10-05T22:57Z,1132,g98e5,1.995
2026-10-05T22:57Z,1143,gA,1.975
2026-10-05T22:57Z,1145,gA,1.954
2026-10-05T22:57Z,1145,gP,2.039
2026-10-05T22:57Z,1145,gB,1.863
2026-10-05T22:57Z,1155,g95e5,1.845
2026-10-05T22:57Z,1155,gA,1.965
2026-10-05T22:57Z,1155,gP,2.055
2026-10-05T22:57Z,1155,g98e5,1.985
2026-10-05T22:57Z,1159,g95e5,1.825
2026-10-05T22:57Z,1159,gA,1.939
2026-10-05T22:57Z,1159,g98e5,1.985
2026-10-05T22:57Z,1163,gA,1.975
2026-10-05T22:57Z,1163,gP,2.075
2026-10-05T22:57Z,1175,g95e5,1.859
2026-10-05T22:57Z,1176,g95e5,1.959
2026-10-05T22:57Z,1176,gA,1.989
2026-10-05T22:57Z,1176,gP,2.049
2026-10-05T22:57Z,1178,gA,1.954
2026-10-05T22:57Z,1178,gP,2.039
2026-10-05T22:57Z,1178,gB,1.893
2026-10-05T22:57Z,1179,gA,1.954
2026-10-05T22:57Z,1179,gP,2.039
2026-10-05T22:57Z,1179,gB,1.893
2026-10-05T22:57Z,1180,g95e5,1.849
2026-10-05T22:57Z,1180,g98e5,1.999
2026-10-05T22:57Z,1181,g95e5,1.849
2026-10-05T22:57Z,1181,g98e5,1.999
2026-10-05T22:57Z,1194,g95e5,1.825
2026-10-05T22:57Z,1197,g95e5,1.859
2026-10-05T22:57Z,1197,gP,2.079
2026-10-05T22:57Z,1197,g98e5,2.019
2026-10-05T22:57Z,1197,g95e5p,1.929
2026-10-05T22:57Z,1198,g95e5,1.859
2026-10-05T22:57Z,1198,gP,2.079
2026-10-05T22:57Z,1201,gA,1.939
2026-10-05T22:57Z,1201,gP,2.039
2026-10-05T22:57Z,1203,g95e5,1.848
2026-10-05T22:57Z,1203,gA,1.984
2026-10-05T22:57Z,1203,gP,2.049
2026-10-05T22:57Z,1203,g95e5p,1.908
2026-10-05T22:57Z,1204,gA,1.954
2026-10-05T22:57Z,1204,gP,2.039
2026-10-05T22:57Z,1208,gA,1.969
2026-10-05T22:57Z,1208,gP,2.069
2026-10-05T22:57Z,1211,g95e5,1.714
2026-10-05T22:57Z,1211,gA,1.784
2026-10-05T22:57Z,1213,g95e5,1.869
2026-10-05T22:57Z,1213,gA,2.024
2026-10-05T22:57Z,1213,gP,2.114
2026-10-05T22:57Z,1214,g95e5,1.849
2026-10-05T22:57Z,1214,gA,2.029
2026-10-05T22:57Z,1214,gP,2.119
2026-10-05T22:57Z,1215,g95e5,1.829
2026-10-05T22:57Z,1215,gA,1.945
2026-10-05T22:57Z,1226,g95e5,1.779
2026-10-05T22:57Z,1226,gA,1.779
2026-10-05T22:57Z,1230,g95e5,1.845
2026-10-05T22:57Z,1230,gA,1.965
2026-10-05T22:57Z,1230,gP,2.055
2026-10-05T22:57Z,1230,g98e5,1.985
2026-10-05T22:57Z,1235,g95e5,1.845
2026-10-05T22:57Z,1235,gA,1.965
2026-10-05T22:57Z,1235,gP,2.055
2026-10-05T22:57Z,1235,g98e5,1.985
2026-10-05T22:57Z,1237,g95e5,1.869
2026-10-05T22:57Z,1237,gA,1.985
2026-10-05T22:57Z,1276,gA,1.985
2026-10-05T22:57Z,1276,gP,2.105
2026-10-05T22:57Z,1288,g95e5,1.829
2026-10-05T22:57Z,1288,gA,1.935
2026-10-05T22:57Z,1288,gP,2.035
2026-10-05T22:57Z,1288,g98e5,1.989
2026-10-05T22:57Z,1289,g95e5,1.775
2026-10-05T22:57Z,1289,gA,1.969
2026-10-05T22:57Z,1289,gP,2.069
2026-10-05T22:57Z,1292,g95e5,1.789
2026-10-05T22:57Z,1304,g95e5,1.815
2026-10-05T22:57Z,1308,gA,1.965
2026-10-05T22:57Z,1312,gA,1.945
2026-10-05T22:57Z,1312,gP,2.045
2026-10-05T22:57Z,1313,gA,1.944
2026-10-05T22:57Z,1313,gP,2.079
2026-10-05T22:57Z,1313,gB,1.838
2026-10-05T22:57Z,1314,g95e5,1.799
2026-10-05T22:57Z,1315,g95e5,1.825
2026-10-05T22:57Z,1315,g98e5,1.935
2026-10-05T22:57Z,1316,g95e5,1.805
2026-10-05T22:57Z,1316,g98e5,1.925
2026-10-05T22:57Z,1317,g95e5,1.805
2026-10-05T22:57Z,1317,g98e5,1.925
2026-10-05T22:57Z,1318,gA,1.929
2026-10-05T22:57Z,1318,gB,1.759
2026-10-05T22:57Z,1319,g95e5,1.789
2026-10-05T22:57Z,1319,gA,1.889
2026-10-05T22:57Z,1319,g98e5,1.959
2026-10-05T22:57Z,1319,gB,1.669
2026-10-05T22:57Z,1320,g95e5,1.795
2026-10-05T22:57Z,1320,gA,1.929
2026-10-05T22:57Z,1320,gP,1.979
2026-10-05T22:57Z,1320,g98e5,1.955
2026-10-05T22:57Z,1320,g95e5p,1.865
2026-10-05T22:57Z,1325,g95e5,1.779
2026-10-05T22:57Z,1325,gA,1.929
2026-10-05T22:57Z,1325,g98e5,1.939
2026-10-05T22:57Z,1332,g98e5,1.935
2026-10-05T22:57Z,1339,g98e5,1.935
2026-10-05T22:57Z,1343,g95e5,1.799
2026-10-05T22:57Z,1343,g95e5p,1.859
2026-10-05T22:57Z,1344,g95e5,1.825
2026-10-05T22:57Z,1345,g95e5,1.779
2026-10-05T22:57Z,1345,gP,1.999
2026-10-05T22:57Z,1346,gA,1.935
2026-10-05T22:57Z,1346,g98e5,1.909
2026-10-05T22:57Z,1347,g95e5,1.805
2026-10-05T22:57Z,1347,g98e5,1.965
2026-10-05T22:57Z,1352,g95e5,1.809
2026-10-05T22:57Z,1352,gA,1.929
2026-10-05T22:57Z,1352,gP,2.019
2026-10-05T22:57Z,1352,g98e5,1.949
2026-10-05T22:57Z,1353,g95e5,1.809
2026-10-05T22:57Z,1353,gA,1.929
2026-10-05T22:57Z,1353,gP,2.019
2026-10-05T22:57Z,1353,g98e5,1.949
2026-10-05T22:57Z,1362,gA,1.911
2026-10-05T22:57Z,1365,g95e5,1.809
2026-10-05T22:57Z,1365,g98e5,1.919
2026-10-05T22:57Z,1369,g95e5,1.849
2026-10-05T22:57Z,1369,gA,1.949
2026-10-05T22:57Z,1369,g98e5,1.999
2026-10-05T22:57Z,1371,gA,1.969
2026-10-05T22:57Z,1378,g95e5,1.859
2026-10-05T22:57Z,1378,gA,1.969
2026-10-05T22:57Z,1379,g95e5,1.859
2026-10-05T22:57Z,1379,gA,1.959
2026-10-05T22:57Z,1379,g98e5,2.009
2026-10-05T22:57Z,1381,g95e5,1.859
2026-10-05T22:57Z,1381,gA,1.975
2026-10-05T22:57Z,1381,g98e5,2.009
2026-10-05T22:57Z,1385,g95e5,1.799
2026-10-05T22:57Z,1385,gA,1.969
2026-10-05T22:57Z,1385,g98e5,1.909
2026-10-05T22:57Z,1388,g95e5,1.795
2026-10-05T22:57Z,1388,g95e5p,1.855
2026-10-05T22:57Z,1391,g95e5,1.785
2026-10-05T22:57Z,1391,gA,1.919
2026-10-05T22:57Z,1391,gP,1.969
2026-10-05T22:57Z,1391,g98e5,1.905
2026-10-05T22:57Z,1394,g95e5,1.795
2026-10-05T22:57Z,1394,g98e5,1.955
2026-10-05T22:57Z,1398,g95e5,1.825
2026-10-05T22:57Z,1398,gA,1.959
2026-10-05T22:57Z,1398,gP,2.009
2026-10-05T22:57Z,1398,g98e5,1.985
2026-10-05T22:57Z,1399,g95e5,1.859
2026-10-05T22:57Z,1399,g98e5,1.969
2026-10-05T22:57Z,1399,g95e5p,1.929
2026-10-05T22:57Z,1403,gA,1.979
2026-10-05T22:57Z,1404,g95e5,1.775
2026-10-05T22:57Z,1404,gA,1.935
2026-10-05T22:57Z,1404,gP,2.035
2026-10-05T22:57Z,1405,g95e5,1.809
2026-10-05T22:57Z,1405,g98e5,1.919
2026-10-05T22:57Z,1409,g95e5,1.825
2026-10-05T22:57Z,1409,gA,1.965
2026-10-05T22:57Z,1410,g95e5,1.825
2026-10-05T22:57Z,1410,gA,1.965
2026-10-05T22:57Z,1410,g98e5,1.935
2026-10-05T22:57Z,1410,g95e5p,1.895
2026-10-05T22:57Z,1413,g98e5,1.939
2026-10-05T22:57Z,1414,g95e5,1.819
2026-10-05T22:57Z,1414,g98e5,1.939
2026-10-05T22:57Z,1415,g98e5,1.939
2026-10-05T22:57Z,1416,gA,1.929
2026-10-05T22:57Z,1416,g98e5,1.939
2026-10-05T22:57Z,1419,g95e5,1.785
2026-10-05T22:57Z,1419,gA,1.919
2026-10-05T22:57Z,1419,gP,1.969
2026-10-05T22:57Z,1419,g98e5,1.905
2026-10-05T22:57Z,1424,g95e5,1.799
2026-10-05T22:57Z,1424,g98e5,1.959
2026-10-05T22:57Z,1426,g95e5,1.795
2026-10-05T22:57Z,1426,gA,1.935
2026-10-05T22:57Z,1428,g95e5,1.805
2026-10-05T22:57Z,1428,gA,1.965
2026-10-05T22:57Z,1428,g98e5,1.965
2026-10-05T22:57Z,1429,g95e5,1.855
2026-10-05T22:57Z,1429,gA,1.935
2026-10-05T22:57Z,1429,g98e5,1.965
2026-10-05T22:57Z,1429,g95e5p,1.925
2026-10-05T22:57Z,1430,g95e5,1.855
2026-10-05T22:57Z,1430,gA,1.935
2026-10-05T22:57Z,1430,g98e5,1.965
2026-10-05T22:57Z,1430,g95e5p,1.925
2026-10-05T22:57Z,1433,g95e5,1.809
2026-10-05T22:57Z,1433,gA,1.925
2026-10-05T22:57Z,1438,g95e5,1.789
2026-10-05T22:57Z,1438,gA,1.899
2026-10-05T22:57Z,1438,gP,1.989
2026-10-05T22:57Z,1438,g98e5,1.899
2026-10-05T22:57Z,1439,g95e5,1.809
2026-10-05T22:57Z,1439,gA,1.935
2026-10-05T22:57Z,1439,g98e5,1.969
2026-10-05T22:57Z,1440,g95e5,1.809
2026-10-05T22:57Z,1440,gA,1.935
2026-10-05T22:57Z,1440,g98e5,1.969
2026-10-05T22:57Z,1443,g95e5,1.789
2026-10-05T22:57Z,1443,g98e5,1.949
2026-10-05T22:57Z,1446,g95e5,1.795
2026-10-05T22:57Z,1446,g98e5,1.955
2026-10-05T22:57Z,1447,g95e5,1.839
2026-10-05T22:57Z,1447,gA,1.899
2026-10-05T22:57Z,1447,g98e5,2.019
2026-10-05T22:57Z,1448,g95e5,1.795
2026-10-05T22:57Z,1448,g98e5,1.955
2026-10-05T22:57Z,1449,g95e5,1.859
2026-10-05T22:57Z,1449,g98e5,1.969
2026-10-05T22:57Z,1452,g95e5,1.819
2026-10-05T22:57Z,1452,gA,1.985
2026-10-05T22:57Z,1452,g98e5,1.979
2026-10-05T22:57Z,1454,g95e5,1.855
2026-10-05T22:57Z,1454,gA,1.959
2026-10-05T22:57Z,1454,g98e5,2.015
2026-10-05T22:57Z,1455,g95e5,1.775
2026-10-05T22:57Z,1460,gA,1.929
2026-10-05T22:57Z,1460,gP,2.038
2026-10-05T22:57Z,1464,gA,1.929
2026-10-05T22:57Z,1464,gP,2.039
2026-10-05T22:57Z,1464,gB,1.838
2026-10-05T22:57Z,1471,gA,1.868
2026-10-05T22:57Z,1474,g98e5,1.985
2026-10-05T22:57Z,1477,gA,1.929
2026-10-05T22:57Z,1477,gP,2.038
2026-10-05T22:57Z,1483,gA,1.929
2026-10-05T22:57Z,1483,gP,2.039
2026-10-05T22:57Z,1483,gB,1.838
2026-10-05T22:57Z,1487,gA,1.929
2026-10-05T22:57Z,1487,gB,1.838
2026-10-05T22:57Z,1488,gA,1.929
2026-10-05T22:57Z,1488,gP,2.039
2026-10-05T22:57Z,1489,gA,1.929
2026-10-05T22:57Z,1489,gP,2.039
2026-10-05T22:57Z,1489,gB,1.838
2026-10-05T22:57Z,1490,gA,1.929
2026-10-05T22:57Z,1490,gP,2.039
2026-10-05T22:57Z,1490,gB,1.838
2026-10-05T22:57Z,1492,gA,1.928
2026-10-05T22:57Z,1492,gP,2.018
2026-10-05T22:57Z,1493,gA,1.908
2026-10-05T22:57Z,1493,gP,1.998
2026-10-05T22:57Z,1495,gA,1.908
2026-10-05T22:57Z,1495,gP,1.998
2026-10-05T22:57Z,1500,gA,1.939
2026-10-05T22:57Z,1500,gP,2.028
2026-10-05T22:57Z,1501,gA,1.929
2026-10-05T22:57Z,1501,gP,2.039
2026-10-05T22:57Z,1503,gA,1.929
2026-10-05T22:57Z,1503,gP,2.039
2026-10-05T22:57Z,1504,g95e5,1.775
2026-10-05T22:57Z,1504,gA,1.955
2026-10-05T22:57Z,1504,g98e5,1.935
2026-10-05T22:57Z,1511,g95e5,1.799
2026-10-05T22:57Z,1511,g98e5,1.959
2026-10-05T22:57Z,1512,g95e5,1.799
2026-10-05T22:57Z,1516,g95e5,1.859
2026-10-05T22:57Z,1516,g98e5,2.009
2026-10-05T22:57Z,1517,g95e5,1.795
2026-10-05T22:57Z,1517,gA,1.955
2026-10-05T22:57Z,1517,g98e5,1.955
2026-10-05T22:57Z,1519,g95e5,1.795
2026-10-05T22:57Z,1519,gA,1.955
2026-10-05T22:57Z,1519,gP,2.005
2026-10-05T22:57Z,1519,g98e5,1.915
2026-10-05T22:57Z,1520,g95e5,1.795
2026-10-05T22:57Z,1520,gA,1.955
2026-10-05T22:57Z,1520,gP,2.005
2026-10-05T22:57Z,1520,g98e5,1.915
2026-10-05T22:57Z,1521,g98e5,1.985
2026-10-05T22:57Z,1522,g98e5,1.985
2026-10-05T22:57Z,1523,g95e5,1.829
2026-10-05T22:57Z,1528,g95e5,1.795
2026-10-05T22:57Z,1530,g95e5,1.795
2026-10-05T22:57Z,1530,gA,1.925
2026-10-05T22:57Z,1531,g95e5,1.795
2026-10-05T22:57Z,1532,g95e5,1.775
2026-10-05T22:57Z,1532,gA,1.915
2026-10-05T22:57Z,1532,gB,1.739
2026-10-05T22:57Z,1534,g95e5,1.795
2026-10-05T22:57Z,1535,g95e5,1.819
2026-10-05T22:57Z,1535,g98e5,1.979
2026-10-05T22:57Z,1540,g95e5,1.715
2026-10-05T22:57Z,1579,g95e5,1.828
2026-10-05T22:57Z,1579,gA,1.994
2026-10-05T22:57Z,1579,gP,2.044
2026-10-05T22:57Z,1579,g95e5p,1.878
2026-10-05T22:57Z,1590,g95e5,1.779
2026-10-05T22:57Z,1590,gA,1.999
2026-10-05T22:57Z,1590,gP,2.089
2026-10-05T22:57Z,1594,gB,1.917
2026-10-05T22:57Z,1598,g95e5,1.799
2026-10-05T22:57Z,1598,gA,1.869
2026-10-05T22:57Z,1611,g95e5,1.659
2026-10-05T22:57Z,1624,g95e5,1.759
2026-10-05T22:57Z,1624,gA,1.839
2026-10-05T22:57Z,1624,gP,1.859
2026-10-05T22:57Z,1624,g98e5,1.879
2026-10-05T22:57Z,1637,g95e5,1.789
2026-10-05T22:57Z,1661,g95e5,1.599
2026-10-05T22:57Z,1663,g95e5,1.659
2026-10-05T22:57Z,1663,g98e5,1.759
2026-10-05T22:57Z,1666,g95e5,1.619
2026-10-05T22:57Z,1666,gA,1.719
2026-10-05T22:57Z,1666,gP,1.809
2026-10-05T22:57Z,1668,g95e5,1.619
2026-10-05T22:57Z,1668,gA,1.719
2026-10-05T22:57Z,1668,gP,1.809
2026-10-05T22:57Z,1668,g98e5,1.719
2026-10-05T22:57Z,1670,g95e5,1.655
2026-10-05T22:57Z,1670,gA,1.679
2026-10-05T22:57Z,1671,g98e5,1.739
2026-10-05T22:57Z,1672,g95e5,1.699
2026-10-05T22:57Z,1672,gA,1.749
2026-10-05T22:57Z,1674,g95e5,1.649
2026-10-05T22:57Z,1674,gA,1.675
2026-10-05T22:57Z,1675,g95e5,1.649
2026-10-05T22:57Z,1675,gA,1.675
2026-10-05T22:57Z,1682,g95e5,2.020
2026-10-05T22:57Z,1682,gA,2.100
2026-10-05T22:57Z,1699,gA,1.994
2026-10-05T22:57Z,1699,gP,2.059
2026-10-05T22:57Z,1700,gA,1.994
2026-10-05T22:57Z,1700,gP,2.059
2026-10-05T22:57Z,1701,g95e5,1.825
2026-10-05T22:57Z,1701,gA,1.949
2026-10-05T22:57Z,1701,gP,2.039
2026-10-05T22:57Z,1701,g98e5,1.965
2026-10-05T22:57Z,1768,gA,1.948
2026-10-05T22:57Z,1768,gB,1.783
2026-10-05T22:57Z,1776,g95e5,1.809
2026-10-05T22:57Z,1776,gA,1.979
2026-10-05T22:57Z,1776,gP,2.069
2026-10-05T22:57Z,1776,g98e5,1.949
2026-10-05T22:57Z,1780,gA,1.974
2026-10-05T22:57Z,1780,gP,2.069
2026-10-05T22:57Z,1784,gA,1.984
2026-10-05T22:57Z,1784,gP,2.034
2026-10-05T22:57Z,1791,g95e5,1.659
2026-10-05T22:57Z,1791,g95e5p,1.669
2026-10-05T22:57Z,1792,g95e5,1.829
2026-10-05T22:57Z,1792,gA,1.979
2026-10-05T22:57Z,1792,gP,2.069
2026-10-05T22:57Z,1792,g98e5,1.969
2026-10-05T22:57Z,1793,g95e5,1.775
2026-10-05T22:57Z,1793,g98e5,1.935
2026-10-05T22:57Z,1797,g95e5,1.789
2026-10-05T22:57Z,1800,g95e5,1.795
2026-10-05T22:57Z,1800,g98e5,1.905
2026-10-05T22:57Z,1801,g95e5,1.795
2026-10-05T22:57Z,1801,g98e5,1.905
2026-10-05T22:57Z,1802,g95e5,1.825
2026-10-05T22:57Z,1802,gA,1.949
2026-10-05T22:57Z,1802,gP,2.039
2026-10-05T22:57Z,1802,g98e5,1.965
2026-10-05T22:57Z,1805,g95e5,1.865
2026-10-05T22:57Z,1806,g98e5,1.929
2026-10-05T22:57Z,1807,g95e5,1.889
2026-10-05T22:57Z,1807,gA,1.975
2026-10-05T22:57Z,1808,g95e5,1.819
2026-10-05T22:57Z,1808,gA,1.985
2026-10-05T22:57Z,1808,g98e5,1.929
2026-10-05T22:57Z,1808,g95e5p,1.889
2026-10-05T22:57Z,1813,gA,1.969
2026-10-05T22:57Z,1813,gP,2.019
2026-10-05T22:57Z,1815,g95e5,1.785
2026-10-05T22:57Z,1815,g98e5,1.945
2026-10-05T22:57Z,1818,g95e5,1.879
2026-10-05T22:57Z,1818,gA,1.975
2026-10-05T22:57Z,1818,gP,2.055
2026-10-05T22:57Z,1818,g98e5,1.989
2026-10-05T22:57Z,1819,g95e5,1.819
2026-10-05T22:57Z,1819,g98e5,1.929
2026-10-05T22:57Z,1824,g98e5,1.969
2026-10-05T22:57Z,1827,gA,2.039
2026-10-05T22:57Z,1827,g98e5,2.025
2026-10-05T22:57Z,1828,g95e5,1.879
2026-10-05T22:57Z,1828,gA,1.945
2026-10-05T22:57Z,1828,gP,2.045
2026-10-05T22:57Z,1828,g98e5,1.989
2026-10-05T22:57Z,1829,g95e5,1.779
2026-10-05T22:57Z,1829,g98e5,1.889
2026-10-05T22:57Z,1833,g95e5,1.869
2026-10-05T22:57Z,1833,gA,1.955
2026-10-05T22:57Z,1833,gP,2.055
2026-10-05T22:57Z,1833,g98e5,1.979
2026-10-05T22:57Z,1834,gA,2.004
2026-10-05T22:57Z,1834,gP,2.069
2026-10-05T22:57Z,1835,g95e5,1.849
2026-10-05T22:57Z,1835,gA,2.035
2026-10-05T22:57Z,1835,g98e5,1.959
2026-10-05T22:57Z,1835,g95e5p,1.919
2026-10-05T22:57Z,1838,g95e5,1.759
2026-10-05T22:57Z,1838,g98e5,1.919
2026-10-05T22:57Z,1841,g95e5,1.855
2026-10-05T22:57Z,1841,gA,1.935
2026-10-05T22:57Z,1841,gP,2.035
2026-10-05T22:57Z,1841,g98e5,2.015
2026-10-05T22:57Z,1842,g95e5,1.779
2026-10-05T22:57Z,1842,g98e5,1.889
2026-10-05T22:57Z,1844,g98e5,1.939
2026-10-05T22:57Z,1851,g95e5,1.795
2026-10-05T22:57Z,1851,gA,1.965
2026-10-05T22:57Z,1851,g98e5,1.905
2026-10-05T22:57Z,1851,g95e5p,1.865
2026-10-05T22:57Z,1854,g95e5,1.785
2026-10-05T22:57Z,1854,gA,1.979
2026-10-05T22:57Z,1854,gP,2.029
2026-10-05T22:57Z,1854,g98e5,1.895
2026-10-05T22:57Z,1855,g95e5,1.795
2026-10-05T22:57Z,1855,g98e5,1.955
2026-10-05T22:57Z,1856,gA,2.025
2026-10-05T22:57Z,1856,g98e5,1.889
2026-10-05T22:57Z,1856,g95e5p,1.849
2026-10-05T22:57Z,1867,g95e5,1.789
2026-10-05T22:57Z,1867,g98e5,1.919
2026-10-05T22:57Z,1868,g95e5,1.819
2026-10-05T22:57Z,1868,g98e5,1.929
2026-10-05T22:57Z,1868,g95e5p,1.879
2026-10-05T22:57Z,1885,g95e5,1.905
2026-10-05T22:57Z,1885,gA,1.979
2026-10-05T22:57Z,1886,g95e5,1.819
2026-10-05T22:57Z,1886,gA,1.975
2026-10-05T22:57Z,1886,gP,2.065
2026-10-05T22:57Z,1886,g98e5,1.959
2026-10-05T22:57Z,1894,g95e5,1.839
2026-10-05T22:57Z,1894,g98e5,1.909
2026-10-05T22:57Z,1894,gB,1.739
2026-10-05T22:57Z,1895,g95e5,1.839
2026-10-05T22:57Z,1895,g98e5,1.909
2026-10-05T22:57Z,1895,gB,1.739
2026-10-05T22:57Z,1896,g95e5,1.829
2026-10-05T22:57Z,1896,gA,1.919
2026-10-05T22:57Z,1896,gP,2.009
2026-10-05T22:57Z,1896,g98e5,1.969
2026-10-05T22:57Z,1899,g95e5,1.859
2026-10-05T22:57Z,1899,gA,1.945
2026-10-05T22:57Z,1899,gP,2.035
2026-10-05T22:57Z,1899,g98e5,1.999
2026-10-05T22:57Z,1909,g95e5,1.839
2026-10-05T22:57Z,1909,g98e5,1.999
2026-10-05T22:57Z,1909,g95e5p,1.909
2026-10-05T22:57Z,1913,g95e5,1.649
2026-10-05T22:57Z,1914,g95e5,1.839
2026-10-05T22:57Z,1914,g98e5,1.909
2026-10-05T22:57Z,1914,gB,1.739
2026-10-05T22:57Z,1923,g95e5,1.849
2026-10-05T22:57Z,1923,gA,1.829
2026-10-05T22:57Z,1923,gB,1.599
2026-10-05T22:57Z,1925,g95e5,1.789
2026-10-05T22:57Z,1925,gA,1.859
2026-10-05T22:57Z,1925,g98e5,1.929
2026-10-05T22:57Z,1925,gB,1.669
2026-10-05T22:57Z,1930,gA,1.769
2026-10-05T22:57Z,1936,g95e5,1.819
2026-10-05T22:57Z,1936,gA,1.955
2026-10-05T22:57Z,1936,gP,2.045
2026-10-05T22:57Z,1942,g95e5,1.819
2026-10-05T22:57Z,1942,gA,1.949
2026-10-05T22:57Z,1965,g95e5,1.829
2026-10-05T22:57Z,1973,g95e5,1.795
2026-10-05T22:57Z,1973,g98e5,1.955
2026-10-05T22:57Z,1975,g95e5,1.795
2026-10-05T22:57Z,1975,g98e5,1.955
2026-10-05T22:57Z,1976,g95e5,1.795
2026-10-05T22:57Z,1976,gA,1.959
2026-10-05T22:57Z,1976,g98e5,1.905
2026-10-05T22:57Z,1977,g95e5,1.795
2026-10-05T22:57Z,1977,gA,1.959
2026-10-05T22:57Z,1977,g98e5,1.905
2026-10-05T22:57Z,1980,g95e5,1.809
2026-10-05T22:57Z,1980,gA,1.909
2026-10-05T22:57Z,1980,g98e5,1.949
2026-10-05T22:57Z,1980,glp,1.149
2026-10-05T22:57Z,1982,g95e5,1.819
2026-10-05T22:57Z,1982,g98e5,1.979
2026-10-05T22:57Z,1986,g95e5,1.859
2026-10-05T22:57Z,1986,gA,1.969
2026-10-05T22:57Z,1986,g98e5,1.969
2026-10-05T22:57Z,1986,g95e5p,1.929
2026-10-05T22:57Z,1988,g95e5,1.829
2026-10-05T22:57Z,1988,gA,1.939
2026-10-05T22:57Z,1988,gP,1.989
2026-10-05T22:57Z,1988,g98e5,1.969
2026-10-05T22:57Z,1990,gA,1.929
2026-10-05T22:57Z,1990,gP,2.039
2026-10-05T22:57Z,1991,gA,1.949
2026-10-05T22:57Z,1991,gP,2.039
2026-10-05T22:57Z,1992,gA,1.949
2026-10-05T22:57Z,1992,gP,2.039
2026-10-05T22:57Z,2006,g95e5,1.819
2026-10-05T22:57Z,2006,gA,2.005
2026-10-05T22:57Z,2026,g95e5,1.835
2026-10-05T22:57Z,2026,gA,1.925
2026-10-05T22:57Z,2026,gP,2.025
2026-10-05T22:57Z,2026,g98e5,1.995
2026-10-05T22:57Z,2028,g95e5,1.929
2026-10-05T22:57Z,2028,g98e5,2.029
2026-10-05T22:57Z,2056,g95e5,1.779
2026-10-05T22:57Z,2056,gA,2.015
2026-10-05T22:57Z,2056,gP,2.105
2026-10-05T22:57Z,2056,g98e5,1.919
2026-10-05T22:57Z,2060,g95e5,1.849
2026-10-05T22:57Z,2060,gA,1.919
2026-10-05T22:57Z,2060,gP,2.009
2026-10-05T22:57Z,2060,g98e5,1.989
2026-10-05T22:57Z,2062,gA,1.934
2026-10-05T22:57Z,2062,gP,2.039
2026-10-05T22:57Z,2063,gA,1.959
2026-10-05T22:57Z,2063,gP,2.009
2026-10-05T22:57Z,2064,g95e5,1.779
2026-10-05T22:57Z,2064,g98e5,1.939
2026-10-05T22:57Z,2070,gA,1.929
2026-10-05T22:57Z,2070,gP,2.029
2026-10-05T22:57Z,2071,g95e5,1.885
2026-10-05T22:57Z,2071,gA,1.955
2026-10-05T22:57Z,2071,gP,2.055
2026-10-05T22:57Z,2071,g98e5,1.995
2026-10-05T22:57Z,2074,g95e5,1.819
2026-10-05T22:57Z,2074,gA,1.979
2026-10-05T22:57Z,2074,gP,2.069
2026-10-05T22:57Z,2074,g98e5,1.959
2026-10-05T22:57Z,2075,g95e5,1.865
2026-10-05T22:57Z,2075,gA,1.959
2026-10-05T22:57Z,2075,gP,2.009
2026-10-05T22:57Z,2075,g98e5,1.975
2026-10-05T22:57Z,2076,g95e5,1.865
2026-10-05T22:57Z,2076,gA,1.959
2026-10-05T22:57Z,2076,gP,2.009
2026-10-05T22:57Z,2076,g98e5,1.975
2026-10-05T22:57Z,2079,g98e5,1.929
2026-10-05T22:57Z,2080,g95e5,1.819
2026-10-05T22:57Z,2080,gA,1.979
2026-10-05T22:57Z,2080,gP,2.069
2026-10-05T22:57Z,2080,g98e5,1.959
2026-10-05T22:57Z,2081,g95e5,1.845
2026-10-05T22:57Z,2081,g98e5,1.955
2026-10-05T22:57Z,2081,g95e5p,1.925
2026-10-05T22:57Z,2083,g95e5,1.825
2026-10-05T22:57Z,2084,g98e5,1.889
2026-10-05T22:57Z,2084,g95e5p,1.859
2026-10-05T22:57Z,2085,g98e5,1.889
2026-10-05T22:57Z,2086,g95e5,1.725
2026-10-05T22:57Z,2086,gA,1.735
2026-10-05T22:57Z,2086,gP,1.825
2026-10-05T22:57Z,2086,g98e5,1.855
2026-10-05T22:57Z,2089,gA,1.969
2026-10-05T22:57Z,2089,g98e5,1.989
2026-10-05T22:57Z,2090,g95e5,1.855
2026-10-05T22:57Z,2090,gA,1.975
2026-10-05T22:57Z,2095,g95e5,1.795
2026-10-05T22:57Z,2095,g98e5,1.905
2026-10-05T22:57Z,2095,g95e5p,1.855
2026-10-05T22:57Z,2099,gA,1.945
2026-10-05T22:57Z,2099,gP,1.995
2026-10-05T22:57Z,2100,gA,1.984
2026-10-05T22:57Z,2100,gP,2.049
2026-10-05T22:57Z,2107,gA,1.949
2026-10-05T22:57Z,2107,gP,2.069
2026-10-05T22:57Z,2112,g95e5,1.849
2026-10-05T22:57Z,2112,gA,1.949
2026-10-05T22:57Z,2112,gP,2.039
2026-10-05T22:57Z,2112,g98e5,1.989
2026-10-05T22:57Z,2116,gA,1.944
2026-10-05T22:57Z,2116,gP,2.029
2026-10-05T22:57Z,2116,gB,1.893
2026-10-05T22:57Z,2128,g95e5,1.785
2026-10-05T22:57Z,2128,gA,1.975
2026-10-05T22:57Z,2128,g98e5,1.895
2026-10-05T22:57Z,2128,g95e5p,1.855
2026-10-05T22:57Z,2133,g95e5,1.785
2026-10-05T22:57Z,2133,g98e5,1.895
2026-10-05T22:57Z,2134,g95e5,1.835
2026-10-05T22:57Z,2134,g98e5,1.945
2026-10-05T22:57Z,2134,g95e5p,1.895
2026-10-05T22:57Z,2136,g95e5,1.685
2026-10-05T22:57Z,2136,g98e5,1.845
2026-10-05T22:57Z,2140,g95e5,1.819
2026-10-05T22:57Z,2140,g98e5,1.929
2026-10-05T22:57Z,2141,g95e5,1.899
2026-10-05T22:57Z,2141,gA,1.899
2026-10-05T22:57Z,2141,g98e5,2.029
2026-10-05T22:57Z,2143,gA,1.949
2026-10-05T22:57Z,2143,gP,2.069
2026-10-05T22:57Z,2144,g95e5,1.849
2026-10-05T22:57Z,2144,gA,1.949
2026-10-05T22:57Z,2144,gP,2.039
2026-10-05T22:57Z,2144,g98e5,1.989
2026-10-05T22:57Z,2148,g95e5,1.809
2026-10-05T22:57Z,2148,gA,1.949
2026-10-05T22:57Z,2148,gP,2.039
2026-10-05T22:57Z,2148,g98e5,1.949
2026-10-05T22:57Z,2153,g95e5,1.835
2026-10-05T22:57Z,2153,gA,1.919
2026-10-05T22:57Z,2153,gP,2.009
2026-10-05T22:57Z,2153,g98e5,1.975
2026-10-05T22:57Z,2158,g95e5,1.849
2026-10-05T22:57Z,2158,gA,1.985
2026-10-05T22:57Z,2158,g98e5,1.959
2026-10-05T22:57Z,2161,g95e5,1.785
2026-10-05T22:57Z,2161,g98e5,1.805
2026-10-05T22:57Z,2164,gA,1.969
2026-10-05T22:57Z,2164,gP,2.059
2026-10-05T22:57Z,2164,g98e5,1.959
2026-10-05T22:57Z,2164,g95e5p,1.899
2026-10-05T22:57Z,2166,g95e5,1.799
2026-10-05T22:57Z,2166,gA,1.909
2026-10-05T22:57Z,2167,g95e5,1.879
2026-10-05T22:57Z,2167,gA,1.939
2026-10-05T22:57Z,2167,gP,2.039
2026-10-05T22:57Z,2167,g98e5,2.039
2026-10-05T22:57Z,2169,g95e5,1.809
2026-10-05T22:57Z,2169,g98e5,1.919
2026-10-05T22:57Z,2171,g95e5,1.799
2026-10-05T22:57Z,2171,g98e5,1.909
2026-10-05T22:57Z,2174,g95e5,1.795
2026-10-05T22:57Z,2174,gA,1.985
2026-10-05T22:57Z,2174,g98e5,1.905
2026-10-05T22:57Z,2178,g95e5,1.685
2026-10-05T22:57Z,2178,g98e5,1.845
2026-10-05T22:57Z,2179,g95e5,1.789
2026-10-05T22:57Z,2179,gA,1.985
2026-10-05T22:57Z,2179,g98e5,1.899
2026-10-05T22:57Z,2185,g95e5,1.949
2026-10-05T22:57Z,2185,g98e5,1.969
2026-10-05T22:57Z,2185,gB,1.809
2026-10-05T22:57Z,2187,g95e5,1.899
2026-10-05T22:57Z,2187,gA,1.969
2026-10-05T22:57Z,2187,gP,2.079
2026-10-05T22:57Z,2187,g98e5,1.999
2026-10-05T22:57Z,2187,gB,1.769
2026-10-05T22:57Z,2189,g95e5,1.835
2026-10-05T22:57Z,2189,g98e5,1.945
2026-10-05T22:57Z,2193,gA,1.929
2026-10-05T22:57Z,2193,gP,1.999
2026-10-05T22:57Z,2196,gA,1.944
2026-10-05T22:57Z,2196,gP,2.029
2026-10-05T22:57Z,2197,gA,1.944
2026-10-05T22:57Z,2197,gP,2.049
2026-10-05T22:57Z,2198,gA,1.944
2026-10-05T22:57Z,2198,gP,2.019
2026-10-05T22:57Z,2204,gA,1.944
2026-10-05T22:57Z,2204,gP,2.039
2026-10-05T22:57Z,2205,gA,1.944
2026-10-05T22:57Z,2205,gP,2.029
2026-10-05T22:57Z,2206,gA,1.955
2026-10-05T22:57Z,2206,gP,2.045
2026-10-05T22:57Z,2207,gA,1.924
2026-10-05T22:57Z,2207,gP,2.009
2026-10-05T22:57Z,2210,g95e5,1.825
2026-10-05T22:57Z,2210,g98e5,1.935
2026-10-05T22:57Z,2210,g95e5p,1.885
2026-10-05T22:57Z,2213,g95e5,1.779
2026-10-05T22:57Z,2213,gA,1.969
2026-10-05T22:57Z,2213,g98e5,1.889
2026-10-05T22:57Z,2213,g95e5p,1.859
2026-10-05T22:57Z,2214,g95e5,1.815
2026-10-05T22:57Z,2214,gA,1.999
2026-10-05T22:57Z,2215,g95e5,1.815
2026-10-05T22:57Z,2215,g98e5,1.925
2026-10-05T22:57Z,2218,g95e5,1.839
2026-10-05T22:57Z,2218,gA,1.969
2026-10-05T22:57Z,2218,gP,2.019
2026-10-05T22:57Z,2218,g98e5,1.949
2026-10-05T22:57Z,2219,g95e5,1.785
2026-10-05T22:57Z,2219,gA,1.959
2026-10-05T22:57Z,2219,g98e5,1.895
2026-10-05T22:57Z,2221,g95e5,1.809
2026-10-05T22:57Z,2221,g98e5,1.929
2026-10-05T22:57Z,2222,g95e5,1.795
2026-10-05T22:57Z,2223,g95e5,1.819
2026-10-05T22:57Z,2224,g95e5,1.855
2026-10-05T22:57Z,2224,g98e5,1.965
2026-10-05T22:57Z,2225,gA,1.969
2026-10-05T22:57Z,2225,gP,2.019
2026-10-05T22:57Z,2226,gA,1.994
2026-10-05T22:57Z,2226,gP,2.044
2026-10-05T22:57Z,2233,g95e5,1.805
2026-10-05T22:57Z,2233,gA,2.005
2026-10-05T22:57Z,2233,g98e5,1.915
2026-10-05T22:57Z,2237,g98e5,1.965
2026-10-05T22:57Z,2237,g95e5p,1.925
2026-10-05T22:57Z,2238,g95e5,1.819
2026-10-05T22:57Z,2238,gA,2.005
2026-10-05T22:57Z,2238,g98e5,1.929
2026-10-05T22:57Z,2238,g95e5p,1.889
2026-10-05T22:57Z,2239,g95e5,1.799
2026-10-05T22:57Z,2239,gA,1.979
2026-10-05T22:57Z,2239,gP,2.029
2026-10-05T22:57Z,2239,g98e5,1.959
2026-10-05T22:57Z,2241,g95e5,1.825
2026-10-05T22:57Z,2241,g98e5,1.935
2026-10-05T22:57Z,2243,gA,1.975
2026-10-05T22:57Z,2243,g98e5,1.889
2026-10-05T22:57Z,2249,g95e5,1.859
2026-10-05T22:57Z,2249,gA,1.949
2026-10-05T22:57Z,2249,gP,2.039
2026-10-05T22:57Z,2249,g98e5,1.999
2026-10-05T22:57Z,2255,gA,2.029
2026-10-05T22:57Z,2255,g98e5,1.975
2026-10-05T22:57Z,2257,g95e5,1.789
2026-10-05T22:57Z,2257,gA,1.965
2026-10-05T22:57Z,2257,g98e5,1.899
2026-10-05T22:57Z,2265,g95e5,1.739
2026-10-05T22:57Z,2265,gA,1.879
2026-10-05T22:57Z,2265,gP,1.929
2026-10-05T22:57Z,2265,g98e5,1.949
2026-10-05T22:57Z,2266,g95e5,1.869
2026-10-05T22:57Z,2266,gA,1.925
2026-10-05T22:57Z,2266,gP,2.015
2026-10-05T22:57Z,2266,g98e5,2.009
2026-10-05T22:57Z,2269,g95e5,1.839
2026-10-05T22:57Z,2269,gA,1.957
2026-10-05T22:57Z,2269,gP,2.047
2026-10-05T22:57Z,2269,g98e5,1.959
2026-10-05T22:57Z,2270,g95e5,1.845
2026-10-05T22:57Z,2270,gA,1.945
2026-10-05T22:57Z,2270,gP,2.045
2026-10-05T22:57Z,2270,g98e5,1.955
2026-10-05T22:57Z,2273,g95e5,1.869
2026-10-05T22:57Z,2273,gA,1.985
2026-10-05T22:57Z,2273,gP,2.035
2026-10-05T22:57Z,2274,g95e5,1.809
2026-10-05T22:57Z,2274,g98e5,1.929
2026-10-05T22:57Z,2276,gA,1.948
2026-10-05T22:57Z,2276,gP,2.009
2026-10-05T22:57Z,2285,g95e5,1.775
2026-10-05T22:57Z,2285,gA,1.955
2026-10-05T22:57Z,2288,g98e5,1.959
2026-10-05T22:57Z,2290,g98e5,1.925
2026-10-05T22:57Z,2290,g95e5p,1.895
2026-10-05T22:57Z,2292,g95e5,1.779
2026-10-05T22:57Z,2292,gA,1.969
2026-10-05T22:57Z,2292,gP,2.019
2026-10-05T22:57Z,2292,g98e5,1.889
2026-10-05T22:57Z,2294,g95e5,1.759
2026-10-05T22:57Z,2294,g98e5,1.919
2026-10-05T22:57Z,2296,g95e5,1.785
2026-10-05T22:57Z,2296,gA,1.979
2026-10-05T22:57Z,2296,g98e5,1.895
2026-10-05T22:57Z,2296,g95e5p,1.855
2026-10-05T22:57Z,2298,g95e5,1.815
2026-10-05T22:57Z,2298,gA,1.959
2026-10-05T22:57Z,2298,gP,2.009
2026-10-05T22:57Z,2298,g98e5,1.925
2026-10-05T22:57Z,2300,g98e5,1.889
2026-10-05T22:57Z,2300,g95e5p,1.859
2026-10-05T22:57Z,2301,g95e5,1.785
2026-10-05T22:57Z,2301,g98e5,1.895
2026-10-05T22:57Z,2304,g95e5,1.845
2026-10-05T22:57Z,2304,g98e5,1.955
2026-10-05T22:57Z,2305,g98e5,1.959
2026-10-05T22:57Z,2306,gA,2.009
2026-10-05T22:57Z,2306,gP,2.099
2026-10-05T22:57Z,2309,g95e5,1.855
2026-10-05T22:57Z,2309,g98e5,1.965
2026-10-05T22:57Z,2309,g95e5p,1.925
2026-10-05T22:57Z,2311,g95e5,1.855
2026-10-05T22:57Z,2311,gA,1.935
2026-10-05T22:57Z,2311,gP,1.985
2026-10-05T22:57Z,2312,g95e5,1.779
2026-10-05T22:57Z,2312,gA,1.985
2026-10-05T22:57Z,2312,gP,2.035
2026-10-05T22:57Z,2312,g98e5,1.939
2026-10-05T22:57Z,2316,g95e5,1.875
2026-10-05T22:57Z,2316,gA,1.975
2026-10-05T22:57Z,2316,g98e5,1.985
2026-10-05T22:57Z,2318,g95e5,1.809
2026-10-05T22:57Z,2318,gA,1.979
2026-10-05T22:57Z,2318,gP,2.069
2026-10-05T22:57Z,2318,g98e5,1.949
2026-10-05T22:57Z,2322,g95e5,1.815
2026-10-05T22:57Z,2322,g98e5,1.975
2026-10-05T22:57Z,2323,g98e5,1.919
2026-10-05T22:57Z,2326,g95e5,1.789
2026-10-05T22:57Z,2326,gA,1.985
2026-10-05T22:57Z,2326,g98e5,1.899
2026-10-05T22:57Z,2328,g95e5,1.759
2026-10-05T22:57Z,2328,gA,1.939
2026-10-05T22:57Z,2328,gP,1.989
2026-10-05T22:57Z,2328,g98e5,1.919
2026-10-05T22:57Z,2330,g98e5,1.969
2026-10-05T22:57Z,2332,g95e5,1.855
2026-10-05T22:57Z,2332,g98e5,1.975
2026-10-05T22:57Z,2333,g95e5,1.825
2026-10-05T22:57Z,2333,gA,1.999
2026-10-05T22:57Z,2333,gP,2.089
2026-10-05T22:57Z,2333,g98e5,1.965
2026-10-05T22:57Z,2334,g95e5,1.869
2026-10-05T22:57Z,2334,gA,2.005
2026-10-05T22:57Z,2334,g98e5,1.979
2026-10-05T22:57Z,2335,g95e5,1.825
2026-10-05T22:57Z,2335,gA,1.995
2026-10-05T22:57Z,2335,g98e5,1.935
2026-10-05T22:57Z,2340,gA,2.004
2026-10-05T22:57Z,2340,gP,2.069
2026-10-05T22:57Z,2342,g95e5,1.819
2026-10-05T22:57Z,2342,g98e5,1.939
2026-10-05T22:57Z,2344,g95e5,1.819
2026-10-05T22:57Z,2344,gA,2.009
2026-10-05T22:57Z,2345,g95e5,1.805
2026-10-05T22:57Z,2345,g98e5,1.925
2026-10-05T22:57Z,2346,g95e5,1.805
2026-10-05T22:57Z,2346,g98e5,1.925
2026-10-05T22:57Z,2350,g95e5,1.759
2026-10-05T22:57Z,2350,gA,1.935
2026-10-05T22:57Z,2350,g98e5,1.869
2026-10-05T22:57Z,2350,g95e5p,1.829
2026-10-05T22:57Z,2352,g95e5,1.875
2026-10-05T22:57Z,2352,g98e5,1.985
2026-10-05T22:57Z,2354,g95e5,1.825
2026-10-05T22:57Z,2354,gA,1.949
2026-10-05T22:57Z,2354,gP,2.039
2026-10-05T22:57Z,2354,g98e5,1.965
2026-10-05T22:57Z,2359,g95e5,1.819
2026-10-05T22:57Z,2359,g98e5,1.979
2026-10-05T22:57Z,2363,g95e5,1.859
2026-10-05T22:57Z,2363,gA,1.959
2026-10-05T22:57Z,2364,g95e5,1.825
2026-10-05T22:57Z,2364,g98e5,1.935
2026-10-05T22:57Z,2365,g95e5,1.825
2026-10-05T22:57Z,2365,g98e5,1.935
2026-10-05T22:57Z,2366,g95e5,1.859
2026-10-05T22:57Z,2366,g98e5,2.019
2026-10-05T22:57Z,2367,g95e5,1.825
2026-10-05T22:57Z,2367,gA,1.979
2026-10-05T22:57Z,2367,g98e5,1.935
2026-10-05T22:57Z,2367,g95e5p,1.905
2026-10-05T22:57Z,2369,g95e5,1.779
2026-10-05T22:57Z,2369,gA,1.935
2026-10-05T22:57Z,2370,g95e5,1.809
2026-10-05T22:57Z,2370,g98e5,1.969
2026-10-05T22:57Z,2371,g95e5,1.825
2026-10-05T22:57Z,2371,gA,1.975
2026-10-05T22:57Z,2377,g98e5,1.935
2026-10-05T22:57Z,2378,gA,1.949
2026-10-05T22:57Z,2378,gP,1.999
2026-10-05T22:57Z,2378,g98e5,1.935
2026-10-05T22:57Z,2379,g98e5,1.935
2026-10-05T22:57Z,2380,g95e5,1.805
2026-10-05T22:57Z,2380,gP,1.999
2026-10-05T22:57Z,2380,g98e5,1.935
2026-10-05T22:57Z,2381,gP,1.999
2026-10-05T22:57Z,2381,g98e5,1.935
2026-10-05T22:57Z,2382,gA,1.974
2026-10-05T22:57Z,2382,gP,2.039
2026-10-05T22:57Z,2382,gB,1.808
2026-10-05T22:57Z,2383,g95e5,1.785
2026-10-05T22:57Z,2383,gA,1.955
2026-10-05T22:57Z,2383,gP,2.055
2026-10-05T22:57Z,2386,g95e5,1.859
2026-10-05T22:57Z,2386,g98e5,2.019
2026-10-05T22:57Z,2387,g95e5,1.859
2026-10-05T22:57Z,2390,g95e5,1.795
2026-10-05T22:57Z,2390,gA,1.965
2026-10-05T22:57Z,2390,gP,2.065
2026-10-05T22:57Z,2390,g98e5,1.955
2026-10-05T22:57Z,2391,g95e5,1.809
2026-10-05T22:57Z,2391,g98e5,1.969
2026-10-05T22:57Z,2392,g95e5,1.785
2026-10-05T22:57Z,2392,gA,1.959
2026-10-05T22:57Z,2393,g95e5,1.779
2026-10-05T22:57Z,2395,g95e5,1.779
2026-10-05T22:57Z,2397,g95e5,1.785
2026-10-05T22:57Z,2414,g95e5,1.805
2026-10-05T22:57Z,2414,gA,2.010
2026-10-05T22:57Z,2414,gP,2.099
2026-10-05T22:57Z,2414,g98e5,1.944
2026-10-05T22:57Z,2417,g95e5,1.855
2026-10-05T22:57Z,2417,g98e5,2.002
2026-10-05T22:57Z,2418,g95e5,1.789
2026-10-05T22:57Z,2418,gA,1.995
2026-10-05T22:57Z,2418,gP,2.085
2026-10-05T22:57Z,2418,g98e5,1.929
2026-10-05T22:57Z,2423,g95e5,1.825
2026-10-05T22:57Z,2423,gA,2.029
2026-10-05T22:57Z,2425,g95e5,1.819
2026-10-05T22:57Z,2425,gA,1.979
2026-10-05T22:57Z,2425,gP,2.069
2026-10-05T22:57Z,2425,g98e5,1.959
2026-10-05T22:57Z,2426,g95e5,1.865
2026-10-05T22:57Z,2426,g98e5,1.975
2026-10-05T22:57Z,2440,gA,1.974
2026-10-05T22:57Z,2440,gP,2.064
2026-10-05T22:57Z,2441,g95e5,1.779
2026-10-05T22:57Z,2441,gA,1.935
2026-10-05T22:57Z,2441,gP,2.025
2026-10-05T22:57Z,2441,g98e5,1.919
2026-10-05T22:57Z,2442,g95e5,1.795
2026-10-05T22:57Z,2445,gA,1.969
2026-10-05T22:57Z,2445,gP,2.019
2026-10-05T22:57Z,2449,g95e5,1.859
2026-10-05T22:57Z,2449,gA,1.955
2026-10-05T22:57Z,2449,g98e5,1.969
2026-10-05T22:57Z,2449,g95e5p,1.929
2026-10-05T22:57Z,2452,g95e5,1.839
2026-10-05T22:57Z,2452,gA,1.955
2026-10-05T22:57Z,2452,g98e5,1.949
2026-10-05T22:57Z,2453,g95e5,1.799
2026-10-05T22:57Z,2453,g98e5,1.959
2026-10-05T22:57Z,2458,g95e5,1.795
2026-10-05T22:57Z,2458,g98e5,1.905
2026-10-05T22:57Z,2460,g95e5,1.775
2026-10-05T22:57Z,2460,gA,1.965
2026-10-05T22:57Z,2460,gP,2.015
2026-10-05T22:57Z,2460,g98e5,1.885
2026-10-05T22:57Z,2461,g95e5,1.815
2026-10-05T22:57Z,2461,gA,1.979
2026-10-05T22:57Z,2461,gP,2.029
2026-10-05T22:57Z,2461,g98e5,1.925
2026-10-05T22:57Z,2462,gP,2.045
2026-10-05T22:57Z,2464,g95e5,1.769
2026-10-05T22:57Z,2464,gA,1.949
2026-10-05T22:57Z,2464,g98e5,1.929
2026-10-05T22:57Z,2467,g95e5,1.779
2026-10-05T22:57Z,2467,gA,1.975
2026-10-05T22:57Z,2470,g95e5,1.819
2026-10-05T22:57Z,2470,g98e5,1.929
2026-10-05T22:57Z,2470,g95e5p,1.889
2026-10-05T22:57Z,2472,g95e5,1.785
2026-10-05T22:57Z,2472,gA,1.985
2026-10-05T22:57Z,2472,g98e5,1.895
2026-10-05T22:57Z,2474,gA,1.965
2026-10-05T22:57Z,2475,g95e5,1.849
2026-10-05T22:57Z,2475,gA,1.969
2026-10-05T22:57Z,2475,gP,2.055
2026-10-05T22:57Z,2475,g98e5,1.959
2026-10-05T22:57Z,2477,g95e5,1.869
2026-10-05T22:57Z,2478,g95e5,1.839
2026-10-05T22:57Z,2478,gA,1.929
2026-10-05T22:57Z,2478,gP,2.029
2026-10-05T22:57Z,2479,g95e5,1.859
2026-10-05T22:57Z,2479,gA,1.959
2026-10-05T22:57Z,2479,gP,2.049
2026-10-05T22:57Z,2479,g98e5,1.979
2026-10-05T22:57Z,2480,g95e5,1.815
2026-10-05T22:57Z,2480,gA,2.005
2026-10-05T22:57Z,2480,g98e5,1.925
2026-10-05T22:57Z,2481,g95e5,1.809
2026-10-05T22:57Z,2481,g98e5,1.919
2026-10-05T22:57Z,2483,g95e5,1.789
2026-10-05T22:57Z,2483,g98e5,1.949
2026-10-05T22:57Z,2485,g95e5,1.845
2026-10-05T22:57Z,2488,g95e5,1.819
2026-10-05T22:57Z,2488,g98e5,1.929
2026-10-05T22:57Z,2489,g95e5,1.779
2026-10-05T22:57Z,2489,gA,1.965
2026-10-05T22:57Z,2489,gP,2.015
2026-10-05T22:57Z,2489,g98e5,1.889
2026-10-05T22:57Z,2490,g95e5,1.639
2026-10-05T22:57Z,2490,gA,1.805
2026-10-05T22:57Z,2490,gP,1.905
2026-10-05T22:57Z,2490,g98e5,1.779
2026-10-05T22:57Z,2494,g95e5,1.789
2026-10-05T22:57Z,2494,gA,1.939
2026-10-05T22:57Z,2494,gP,2.029
2026-10-05T22:57Z,2494,g98e5,1.929
2026-10-05T22:57Z,2495,g95e5,1.759
2026-10-05T22:57Z,2495,gA,1.939
2026-10-05T22:57Z,2495,gP,1.989
2026-10-05T22:57Z,2495,g98e5,1.919
2026-10-05T22:57Z,2497,g95e5,1.819
2026-10-05T22:57Z,2502,g95e5,1.779
2026-10-05T22:57Z,2502,g98e5,1.889
2026-10-05T22:57Z,2503,g95e5,1.859
2026-10-05T22:57Z,2503,gP,1.999
2026-10-05T22:57Z,2503,g98e5,1.969
2026-10-05T22:57Z,2504,g95e5,1.669
2026-10-05T22:57Z,2504,gA,1.679
2026-10-05T22:57Z,2504,gP,1.779
2026-10-05T22:57Z,2504,g98e5,1.809
2026-10-05T22:57Z,2507,g95e5,1.789
2026-10-05T22:57Z,2507,g98e5,1.899
2026-10-05T22:57Z,2508,gA,1.994
2026-10-05T22:57Z,2508,gP,2.069
2026-10-05T22:57Z,2509,g95e5,1.795
2026-10-05T22:57Z,2511,g98e5,1.959
2026-10-05T22:57Z,2512,g98e5,1.959
2026-10-05T22:57Z,2513,gP,2.039
2026-10-05T22:57Z,2513,g98e5,1.969
2026-10-05T22:57Z,2515,g95e5,1.785
2026-10-05T22:57Z,2515,g98e5,1.895
2026-10-05T22:57Z,2516,g95e5,1.785
2026-10-05T22:57Z,2516,g98e5,1.895
2026-10-05T22:57Z,2517,gA,1.955
2026-10-05T22:57Z,2517,g98e5,1.889
2026-10-05T22:57Z,2520,g95e5,1.869
2026-10-05T22:57Z,2520,g98e5,2.029
2026-10-05T22:57Z,2527,g95e5,1.825
2026-10-05T22:57Z,2527,g98e5,1.935
2026-10-05T22:57Z,2528,g95e5,1.815
2026-10-05T22:57Z,2529,g95e5,1.779
2026-10-05T22:57Z,2529,g98e5,1.939
2026-10-05T22:57Z,2531,g95e5,1.789
2026-10-05T22:57Z,2531,g98e5,1.919
2026-10-05T22:57Z,2533,g95e5,1.839
2026-10-05T22:57Z,2533,g98e5,1.949
2026-10-05T22:57Z,2534,g98e5,2.039
2026-10-05T22:57Z,2535,g95e5,1.849
2026-10-05T22:57Z,2535,g98e5,1.959
2026-10-05T22:57Z,2545,g95e5,1.839
2026-10-05T22:57Z,2545,gA,1.965
2026-10-05T22:57Z,2545,gP,2.055
2026-10-05T22:57Z,2545,g98e5,1.979
2026-10-05T22:57Z,2550,g95e5,1.805
2026-10-05T22:57Z,2550,g98e5,1.915
2026-10-05T22:57Z,2555,g95e5,1.759
2026-10-05T22:57Z,2555,gA,1.959
2026-10-05T22:57Z,2555,g98e5,1.919
2026-10-05T22:57Z,2556,g95e5,1.825
2026-10-05T22:57Z,2556,gA,1.959
2026-10-05T22:57Z,2556,gP,2.009
2026-10-05T22:57Z,2559,g95e5,1.895
2026-10-05T22:57Z,2560,g95e5,1.775
2026-10-05T22:57Z,2560,gA,1.989
2026-10-05T22:57Z,2562,g95e5,1.799
2026-10-05T22:57Z,2562,g98e5,1.909
2026-10-05T22:57Z,2562,g95e5p,1.879
2026-10-05T22:57Z,2565,gA,1.994
2026-10-05T22:57Z,2565,gP,2.044
2026-10-05T22:57Z,2569,g95e5,1.905
2026-10-05T22:57Z,2569,gA,2.019
2026-10-05T22:57Z,2570,g95e5,1.885
2026-10-05T22:57Z,2570,g98e5,1.995
2026-10-05T22:57Z,2571,g95e5,1.969
2026-10-05T22:57Z,2571,gA,2.059
2026-10-05T22:57Z,2573,g95e5,1.855
2026-10-05T22:57Z,2573,g98e5,1.965
2026-10-05T22:57Z,2574,g98e5,1.989
2026-10-05T22:57Z,2574,g95e5p,1.939
2026-10-05T22:57Z,2575,gA,1.984
2026-10-05T22:57Z,2575,gP,2.074
2026-10-05T22:57Z,2581,gA,2.014
2026-10-05T22:57Z,2582,g95e5,1.869
2026-10-05T22:57Z,2582,gA,2.009
2026-10-05T22:57Z,2582,gP,2.059
2026-10-05T22:57Z,2582,g95e5p,1.909
2026-10-05T22:57Z,2586,g95e5,1.885
2026-10-05T22:57Z,2586,g98e5,1.995
2026-10-05T22:57Z,2592,g95e5,1.909
2026-10-05T22:57Z,2592,gA,2.019
2026-10-05T22:57Z,2592,gP,2.119
2026-10-05T22:57Z,2593,g95e5,1.889
2026-10-05T22:57Z,2593,gA,2.039
2026-10-05T22:57Z,2593,g98e5,1.989
2026-10-05T22:57Z,2594,gA,1.974
2026-10-05T22:57Z,2594,gP,2.069
2026-10-05T22:57Z,2594,gB,1.858
2026-10-05T22:57Z,2595,gA,2.045
2026-10-05T22:57Z,2607,g95e5,1.855
2026-10-05T22:57Z,2607,gA,2.015
2026-10-05T22:57Z,2607,g98e5,1.965
2026-10-05T22:57Z,2609,g95e5,1.895
2026-10-05T22:57Z,2609,gA,2.019
2026-10-05T22:57Z,2609,g98e5,2.005
2026-10-05T22:57Z,2609,g95e5p,1.965
2026-10-05T22:57Z,2612,g95e5,1.859
2026-10-05T22:57Z,2612,g98e5,1.969
2026-10-05T22:57Z,2612,g95e5p,1.929
2026-10-05T22:57Z,2613,gA,1.994
2026-10-05T22:57Z,2613,gP,2.089
2026-10-05T22:57Z,2616,g95e5,1.859
2026-10-05T22:57Z,2616,gA,2.025
2026-10-05T22:57Z,2618,gA,1.994
2026-10-05T22:57Z,2618,gP,2.089
2026-10-05T22:57Z,2626,g95e5,1.879
2026-10-05T22:57Z,2626,g98e5,1.989
2026-10-05T22:57Z,2627,g95e5,1.879
2026-10-05T22:57Z,2630,g95e5,1.909
2026-10-05T22:57Z,2630,gA,2.015
2026-10-05T22:57Z,2630,gP,2.105
2026-10-05T22:57Z,2630,g98e5,2.049
2026-10-05T22:57Z,2639,g95e5,1.879
2026-10-05T22:57Z,2639,gA,1.999
2026-10-05T22:57Z,2639,gP,2.089
2026-10-05T22:57Z,2639,g98e5,2.019
2026-10-05T22:57Z,2643,g95e5,1.899
2026-10-05T22:57Z,2643,gA,2.035
2026-10-05T22:57Z,2643,gP,2.125
2026-10-05T22:57Z,2643,g98e5,2.039
2026-10-05T22:57Z,2650,g95e5,1.849
2026-10-05T22:57Z,2650,gA,1.989
2026-10-05T22:57Z,2654,g98e5,2.005
2026-10-05T22:57Z,2663,g95e5,1.889
2026-10-05T22:57Z,2663,g98e5,1.999
2026-10-05T22:57Z,2669,g95e5,1.959
2026-10-05T22:57Z,2669,gA,2.079
2026-10-05T22:57Z,2679,gA,2.049
2026-10-05T22:57Z,2679,gP,2.129
2026-10-05T22:57Z,2684,gA,2.039
2026-10-05T22:57Z,2684,gP,2.139
2026-10-05T22:57Z,2686,g95e5,1.865
2026-10-05T22:57Z,2686,g98e5,1.975
2026-10-05T22:57Z,2687,g95e5,1.849
2026-10-05T22:57Z,2687,gA,2.005
2026-10-05T22:57Z,2690,g95e5,1.849
2026-10-05T22:57Z,2690,g98e5,1.969
2026-10-05T22:57Z,2692,g95e5,1.889
2026-10-05T22:57Z,2692,g98e5,1.999
2026-10-05T22:57Z,2696,gA,2.014
2026-10-05T22:57Z,2696,gP,2.089
2026-10-05T22:57Z,2697,gA,2.014
2026-10-05T22:57Z,2697,gP,2.089
2026-10-05T22:57Z,2698,g95e5,1.869
2026-10-05T22:57Z,2698,gA,1.989
2026-10-05T22:57Z,2698,gP,2.079
2026-10-05T22:57Z,2698,g98e5,2.009
2026-10-05T22:57Z,2700,g95e5,1.895
2026-10-05T22:57Z,2700,gA,2.045
2026-10-05T22:57Z,2700,g98e5,2.005
2026-10-05T22:57Z,2702,gA,1.999
2026-10-05T22:57Z,2707,g95e5,1.899
2026-10-05T22:57Z,2707,gA,2.045
2026-10-05T22:57Z,2707,g98e5,2.009
2026-10-05T22:57Z,2707,g95e5p,1.969
2026-10-05T22:57Z,2708,gA,2.024
2026-10-05T22:57Z,2708,gP,2.099
2026-10-05T22:57Z,2713,g95e5,1.849
2026-10-05T22:57Z,2715,gA,2.039
2026-10-05T22:57Z,2725,gA,2.014
2026-10-05T22:57Z,2725,gP,2.089
2026-10-05T22:57Z,2726,g95e5,1.859
2026-10-05T22:57Z,2726,g98e5,2.019
2026-10-05T22:57Z,2727,gA,1.997
2026-10-05T22:57Z,2727,gP,2.055
2026-10-05T22:57Z,2728,g95e5,1.849
2026-10-05T22:57Z,2728,gP,2.059
2026-10-05T22:57Z,2728,g98e5,1.969
2026-10-05T22:57Z,2732,g95e5,1.865
2026-10-05T22:57Z,2732,gA,1.969
2026-10-05T22:57Z,2732,gP,2.059
2026-10-05T22:57Z,2732,g98e5,2.005
2026-10-05T22:57Z,2733,g95e5,1.849
2026-10-05T22:57Z,2733,gA,1.995
2026-10-05T22:57Z,2733,g98e5,1.959
2026-10-05T22:57Z,2736,g95e5,1.899
2026-10-05T22:57Z,2736,g98e5,2.009
2026-10-05T22:57Z,2737,g95e5,1.905
2026-10-05T22:57Z,2744,g95e5,1.594
2026-10-05T22:57Z,2744,gA,1.577
2026-10-05T22:57Z,2744,gP,1.637
2026-10-05T22:57Z,2758,g98e5,1.929
2026-10-05T22:57Z,2759,gA,1.955
2026-10-05T22:57Z,2759,gP,2.015
2026-10-05T22:57Z,2765,g95e5,1.769
2026-10-05T22:57Z,2765,gA,1.959
2026-10-05T22:57Z,2765,gP,2.049
2026-10-05T22:57Z,2765,g98e5,1.909
2026-10-05T22:57Z,2768,gA,1.945
2026-10-05T22:57Z,2768,gP,2.045
2026-10-05T22:57Z,2772,gA,1.929
2026-10-05T22:57Z,2773,g95e5,1.809
2026-10-05T22:57Z,2773,gA,1.949
2026-10-05T22:57Z,2773,gP,1.999
2026-10-05T22:57Z,2773,g98e5,1.919
2026-10-05T22:57Z,2775,g95e5,1.865
2026-10-05T22:57Z,2775,g98e5,1.975
2026-10-05T22:57Z,2785,g95e5,1.825
2026-10-05T22:57Z,2785,gA,1.949
2026-10-05T22:57Z,2785,gP,2.039
2026-10-05T22:57Z,2785,g98e5,1.965
2026-10-05T22:57Z,2788,g95e5,1.825
2026-10-05T22:57Z,2788,gA,1.949
2026-10-05T22:57Z,2788,gP,2.039
2026-10-05T22:57Z,2788,g98e5,1.965
2026-10-05T22:57Z,2789,g95e5,1.805
2026-10-05T22:57Z,2789,g98e5,1.915
2026-10-05T22:57Z,2791,gA,2.004
2026-10-05T22:57Z,2791,gP,2.069
2026-10-05T22:57Z,2792,g95e5,1.869
2026-10-05T22:57Z,2792,g98e5,1.979
2026-10-05T22:57Z,2793,g95e5,1.845
2026-10-05T22:57Z,2795,g95e5,1.759
2026-10-05T22:57Z,2795,g98e5,1.919
2026-10-05T22:57Z,2795,g95e5p,1.819
2026-10-05T22:57Z,2796,g95e5,1.805
2026-10-05T22:57Z,2799,gA,2.019
2026-10-05T22:57Z,2800,g95e5,1.779
2026-10-05T22:57Z,2800,g98e5,1.939
2026-10-05T22:57Z,2802,gA,1.999
2026-10-05T22:57Z,2803,g95e5,1.825
2026-10-05T22:57Z,2804,g95e5,1.845
2026-10-05T22:57Z,2804,g98e5,1.955
2026-10-05T22:57Z,2807,g95e5,1.869
2026-10-05T22:57Z,2807,gA,1.985
2026-10-05T22:57Z,2807,gP,2.035
2026-10-05T22:57Z,2807,g98e5,1.979
2026-10-05T22:57Z,2808,g95e5,1.825
2026-10-05T22:57Z,2808,gA,2.009
2026-10-05T22:57Z,2808,g98e5,1.935
2026-10-05T22:57Z,2809,g95e5,1.789
2026-10-05T22:57Z,2809,gA,1.959
2026-10-05T22:57Z,2809,g98e5,1.899
2026-10-05T22:57Z,2810,gA,1.999
2026-10-05T22:57Z,2811,g95e5,1.825
2026-10-05T22:57Z,2811,gA,1.995
2026-10-05T22:57Z,2812,g95e5,1.835
2026-10-05T22:57Z,2812,gA,2.009
2026-10-05T22:57Z,2812,g98e5,1.945
2026-10-05T22:57Z,2816,g95e5,1.855
2026-10-05T22:57Z,2816,g98e5,1.975
2026-10-05T22:57Z,2818,g95e5,1.785
2026-10-05T22:57Z,2818,g98e5,1.895
2026-10-05T22:57Z,2819,g95e5,1.819
2026-10-05T22:57Z,2819,g98e5,1.929
2026-10-05T22:57Z,2820,g95e5,1.819
2026-10-05T22:57Z,2820,gA,1.985
2026-10-05T22:57Z,2820,g98e5,1.929
2026-10-05T22:57Z,2821,g95e5,1.825
2026-10-05T22:57Z,2822,g95e5,1.829
2026-10-05T22:57Z,2823,g95e5,1.759
2026-10-05T22:57Z,2823,g98e5,1.919
2026-10-05T22:57Z,2824,g95e5,1.855
2026-10-05T22:57Z,2824,gA,2.029
2026-10-05T22:57Z,2824,g98e5,1.965
2026-10-05T22:57Z,2825,g95e5,1.779
2026-10-05T22:57Z,2825,gA,1.955
2026-10-05T22:57Z,2825,g98e5,1.939
2026-10-05T22:57Z,2826,g95e5,1.775
2026-10-05T22:57Z,2826,gA,1.979
2026-10-05T22:57Z,2826,gP,2.029
2026-10-05T22:57Z,2826,g98e5,1.895
2026-10-05T22:57Z,2827,g95e5,1.775
2026-10-05T22:57Z,2827,gA,1.979
2026-10-05T22:57Z,2827,gP,2.029
2026-10-05T22:57Z,2827,g98e5,1.895
2026-10-05T22:57Z,2828,g98e5,1.935
2026-10-05T22:57Z,2831,g95e5,1.855
2026-10-05T22:57Z,2831,g98e5,1.975
2026-10-05T22:57Z,2836,gA,1.984
2026-10-05T22:57Z,2836,gP,2.069
2026-10-05T22:57Z,2838,g95e5,1.919
2026-10-05T22:57Z,2838,gA,2.009
2026-10-05T22:57Z,2840,g95e5,1.805
2026-10-05T22:57Z,2840,g98e5,1.915
2026-10-05T22:57Z,2843,gA,1.994
2026-10-05T22:57Z,2843,gP,2.069
2026-10-05T22:57Z,2844,gA,1.994
2026-10-05T22:57Z,2844,gP,2.069
2026-10-05T22:57Z,2846,gA,1.759
2026-10-05T22:57Z,2846,g98e5,1.759
2026-10-05T22:57Z,2846,bio,1.659
2026-10-05T22:57Z,2847,g95e5,1.759
2026-10-05T22:57Z,2847,gA,1.919
2026-10-05T22:57Z,2847,g98e5,1.899
2026-10-05T22:57Z,2851,gA,1.934
2026-10-05T22:57Z,2851,gB,1.798
2026-10-05T22:57Z,2852,gA,1.984
2026-10-05T22:57Z,2852,gP,2.069
2026-10-05T22:57Z,2854,gA,1.995
2026-10-05T22:57Z,2854,gP,2.099
2026-10-05T22:57Z,2854,gB,1.883
2026-10-05T22:57Z,2857,gA,1.994
2026-10-05T22:57Z,2857,gP,2.059
2026-10-05T22:57Z,2858,gA,1.994
2026-10-05T22:57Z,2858,gP,2.059
2026-10-05T22:57Z,2861,gA,1.934
2026-10-05T22:57Z,2861,gP,1.999
2026-10-05T22:57Z,2865,gA,1.954
2026-10-05T22:57Z,2865,gP,2.044
2026-10-05T22:57Z,2868,gA,1.999
2026-10-05T22:57Z,2868,gP,2.069
2026-10-05T22:57Z,2871,gA,1.969
2026-10-05T22:57Z,2871,gP,2.049
2026-10-05T22:57Z,2875,gA,1.974
2026-10-05T22:57Z,2875,gP,2.049
2026-10-05T22:57Z,2876,gA,1.994
2026-10-05T22:57Z,2876,gP,2.044
2026-10-05T22:57Z,2877,gA,1.994
2026-10-05T22:57Z,2877,gP,2.044
2026-10-05T22:57Z,2884,gA,1.954
2026-10-05T22:57Z,2884,gP,2.049
2026-10-05T22:57Z,2885,gA,1.994
2026-10-05T22:57Z,2885,gP,2.069
2026-10-05T22:57Z,2887,g95e5,1.839
2026-10-05T22:57Z,2887,gA,1.959
2026-10-05T22:57Z,2887,gP,2.049
2026-10-05T22:57Z,2887,g98e5,1.979
2026-10-05T22:57Z,2888,g95e5,1.839
2026-10-05T22:57Z,2888,gA,1.959
2026-10-05T22:57Z,2888,gP,2.049
2026-10-05T22:57Z,2888,g98e5,1.979
2026-10-05T22:57Z,2909,g95e5,1.865
2026-10-05T22:57Z,2909,gA,1.979
2026-10-05T22:57Z,2909,g98e5,1.975
2026-10-05T22:57Z,2912,g95e5,1.855
2026-10-05T22:57Z,2912,gA,1.995
2026-10-05T22:57Z,2914,g95e5,1.855
2026-10-05T22:57Z,2914,gA,1.995
2026-10-05T22:57Z,2920,gA,1.999
2026-10-05T22:57Z,2924,g95e5,1.869
2026-10-05T22:57Z,2924,gA,1.959
2026-10-05T22:57Z,2924,gP,2.009
2026-10-05T22:57Z,2924,g98e5,1.989
2026-10-05T22:57Z,2925,g95e5,1.749
2026-10-05T22:57Z,2925,gA,1.899
2026-10-05T22:57Z,2925,gP,1.949
2026-10-05T22:57Z,2925,g95e5p,1.799
2026-10-05T22:57Z,2926,g95e5,1.749
2026-10-05T22:57Z,2926,gA,1.889
2026-10-05T22:57Z,2926,gP,1.939
2026-10-05T22:57Z,2926,g95e5p,1.799
2026-10-05T22:57Z,2927,g95e5,1.789
2026-10-05T22:57Z,2927,gA,1.959
2026-10-05T22:57Z,2927,gP,2.009
2026-10-05T22:57Z,2927,g95e5p,1.839
2026-10-05T22:57Z,2928,g95e5,1.835
2026-10-05T22:57Z,2928,gA,1.985
2026-10-05T22:57Z,2928,gP,2.075
2026-10-05T22:57Z,2928,g98e5,1.975
2026-10-05T22:57Z,2929,g95e5,1.729
2026-10-05T22:57Z,2929,gA,1.874
2026-10-05T22:57Z,2929,gP,1.924
2026-10-05T22:57Z,2929,g98e5,1.869
2026-10-05T22:57Z,2931,gA,2.004
2026-10-05T22:57Z,2931,gP,2.069
2026-10-05T22:57Z,2931,gB,1.868
2026-10-05T22:57Z,2935,g95e5,1.859
2026-10-05T22:57Z,2935,gA,2.025
2026-10-05T22:57Z,2935,g98e5,1.969
2026-10-05T22:57Z,2945,gA,1.934
2026-10-05T22:57Z,2945,gP,2.049
2026-10-05T22:57Z,2948,gA,1.995
2026-10-05T22:57Z,2948,gP,2.075
2026-10-05T22:57Z,2949,gA,1.995
2026-10-05T22:57Z,2949,gP,2.075
2026-10-05T22:57Z,2953,gA,1.934
2026-10-05T22:57Z,2953,gP,2.019
2026-10-05T22:57Z,2953,gB,1.898
2026-10-05T22:57Z,2955,gA,1.984
2026-10-05T22:57Z,2955,gP,2.069
2026-10-05T22:57Z,2964,g95e5,1.809
2026-10-05T22:57Z,2964,g98e5,1.919
2026-10-05T22:57Z,2969,g95e5,1.685
2026-10-05T22:57Z,2969,gA,1.675
2026-10-05T22:57Z,2970,gA,1.974
2026-10-05T22:57Z,2970,gP,2.024
2026-10-05T22:57Z,2971,gA,1.984
2026-10-05T22:57Z,2971,gP,2.069
2026-10-05T22:57Z,2975,gA,1.974
2026-10-05T22:57Z,2975,gP,2.069
2026-10-05T22:57Z,2981,gA,1.984
2026-10-05T22:57Z,2981,gP,2.069
2026-10-05T22:57Z,2995,g95e5,1.829
2026-10-05T22:57Z,2995,gA,1.844
2026-10-05T22:57Z,2995,gP,1.894
2026-10-05T22:57Z,2995,g95e5p,1.879
2026-10-05T22:57Z,2997,g95e5,1.825
2026-10-05T22:57Z,2997,g98e5,1.935
2026-10-05T22:57Z,2999,g95e5,1.759
2026-10-05T22:57Z,2999,gA,1.759
2026-10-05T22:57Z,2999,g98e5,1.859
2026-10-05T22:57Z,2999,bio,1.699
2026-10-05T22:57Z,3010,g98e5,1.929
2026-10-05T22:57Z,3016,g95e5,1.789
2026-10-05T22:57Z,3016,gA,1.919
2026-10-05T22:57Z,3016,gP,2.009
2026-10-05T22:57Z,3016,g98e5,1.899
2026-10-05T22:57Z,3017,gA,1.934
2026-10-05T22:57Z,3017,gP,2.039
2026-10-05T22:57Z,3017,gB,1.898
2026-10-05T22:57Z,3018,g95e5,1.789
2026-10-05T22:57Z,3018,gA,1.949
2026-10-05T22:57Z,3018,gP,1.999
2026-10-05T22:57Z,3018,g95e5p,1.839
2026-10-05T22:57Z,3020,g95e5,1.809
2026-10-05T22:57Z,3020,gA,1.995
2026-10-05T22:57Z,3020,gP,2.085
2026-10-05T22:57Z,3020,g98e5,1.949
2026-10-05T22:57Z,3021,g95e5,1.809
2026-10-05T22:57Z,3021,gA,1.995
2026-10-05T22:57Z,3021,gP,2.085
2026-10-05T22:57Z,3021,g98e5,1.949
2026-10-05T22:57Z,3023,gA,1.749
2026-10-05T22:57Z,3023,bio,1.699
2026-10-05T22:57Z,3026,g95e5,1.599
2026-10-05T22:57Z,3026,gA,1.659
2026-10-05T22:57Z,3026,g98e5,1.699
2026-10-05T22:57Z,3031,g95e5,1.809
2026-10-05T22:57Z,3031,gA,1.989
2026-10-05T22:57Z,3031,gP,2.039
2026-10-05T22:57Z,3031,g98e5,1.959
2026-10-05T22:57Z,3034,gA,1.944
2026-10-05T22:57Z,3034,gP,2.029
2026-10-05T22:57Z,3042,gA,1.984
2026-10-05T22:57Z,3042,gP,2.069
2026-10-05T22:57Z,3061,g95e5,1.779
2026-10-05T22:57Z,3061,gA,1.899
2026-10-05T22:57Z,3061,gP,1.949
2026-10-05T22:57Z,3061,g98e5,1.889
2026-10-05T22:57Z,3065,g95e5,1.799
2026-10-05T22:57Z,3065,gA,1.969
2026-10-05T22:57Z,3065,gP,2.019
2026-10-05T22:57Z,3065,g95e5p,1.849
2026-10-05T22:57Z,3065,glp,1.039
2026-10-05T22:57Z,3066,gA,1.959
2026-10-05T22:57Z,3066,gP,2.049
2026-10-05T22:57Z,3067,gA,1.854
2026-10-05T22:57Z,3067,gP,1.904
2026-10-05T22:57Z,3069,g95e5,1.789
2026-10-05T22:57Z,3069,gA,1.909
2026-10-05T22:57Z,3069,gP,1.959
2026-10-05T22:57Z,3069,g95e5p,1.839
2026-10-05T22:57Z,3072,g95e5,1.799
2026-10-05T22:57Z,3072,gP,1.899
2026-10-05T22:57Z,3072,g98e5,1.899
2026-10-05T22:57Z,3074,g95e5,1.829
2026-10-05T22:57Z,3074,gA,1.989
2026-10-05T22:57Z,3074,gP,2.039
2026-10-05T22:57Z,3074,g98e5,1.969
2026-10-05T22:57Z,3077,g95e5,1.839
2026-10-05T22:57Z,3077,gA,1.969
2026-10-05T22:57Z,3077,gP,2.059
2026-10-05T22:57Z,3077,g98e5,1.979
2026-10-05T22:57Z,3091,g95e5,1.789
2026-10-05T22:57Z,3091,gA,1.909
2026-10-05T22:57Z,3091,gP,1.959
2026-10-05T22:57Z,3091,g95e5p,1.839
2026-10-05T22:57Z,3094,g95e5,1.829
2026-10-05T22:57Z,3094,gA,1.979
2026-10-05T22:57Z,3094,gP,2.069
2026-10-05T22:57Z,3094,g98e5,1.969
2026-10-05T22:57Z,3095,gA,1.969
2026-10-05T22:57Z,3095,gP,2.059
2026-10-05T22:57Z,3102,g95e5,1.819
2026-10-05T22:57Z,3102,gA,1.869
2026-10-05T22:57Z,3102,gP,1.939
2026-10-05T22:57Z,3102,g98e5,1.929
2026-10-05T22:57Z,3103,g95e5,1.839
2026-10-05T22:57Z,3103,gA,1.859
2026-10-05T22:57Z,3103,gP,1.959
2026-10-05T22:57Z,3103,g98e5,1.959
2026-10-05T22:57Z,3104,g95e5,1.829
2026-10-05T22:57Z,3104,gA,1.979
2026-10-05T22:57Z,3104,gP,2.069
2026-10-05T22:57Z,3104,g98e5,1.969
2026-10-05T22:57Z,3106,g95e5,1.835
2026-10-05T22:57Z,3106,g98e5,1.965
2026-10-05T22:57Z,3107,g95e5,1.835
2026-10-05T22:57Z,3107,gA,1.985
2026-10-05T22:57Z,3107,gP,2.075
2026-10-05T22:57Z,3107,g98e5,1.975
2026-10-05T22:57Z,3109,g95e5,1.839
2026-10-05T22:57Z,3109,gA,1.955
2026-10-05T22:57Z,3110,g95e5,1.835
2026-10-05T22:57Z,3110,gA,1.989
2026-10-05T22:57Z,3110,g98e5,1.995
2026-10-05T22:57Z,3112,gA,1.979
2026-10-05T22:57Z,3112,gB,1.839
2026-10-05T22:57Z,3115,gA,1.969
2026-10-05T22:57Z,3115,gP,2.079
2026-10-05T22:57Z,3116,gA,1.969
2026-10-05T22:57Z,3116,gP,2.079
2026-10-05T22:57Z,3118,g98e5,1.979
2026-10-05T22:57Z,3119,g98e5,1.979
2026-10-05T22:57Z,3120,g95e5,1.825
2026-10-05T22:57Z,3120,gA,1.985
2026-10-05T22:57Z,3120,gP,2.075
2026-10-05T22:57Z,3120,g98e5,1.965
2026-10-05T22:57Z,3121,gA,1.969
2026-10-05T22:57Z,3121,gP,2.059
2026-10-05T22:57Z,3122,g95e5,1.799
2026-10-05T22:57Z,3122,gA,1.935
2026-10-05T22:57Z,3122,gP,2.025
2026-10-05T22:57Z,3122,g98e5,1.939
2026-10-05T22:57Z,3123,gA,2.015
2026-10-05T22:57Z,3123,g98e5,1.955
2026-10-05T22:57Z,3124,gA,1.969
2026-10-05T22:57Z,3124,gP,2.059
2026-10-05T22:57Z,3127,g95e5,1.879
2026-10-05T22:57Z,3127,gA,1.999
2026-10-05T22:57Z,3127,gP,2.049
2026-10-05T22:57Z,3127,g95e5p,1.929
2026-10-05T22:57Z,3129,g95e5,2.019
2026-10-05T22:57Z,3129,glp,1.039
2026-10-05T22:57Z,3133,gA,1.964
2026-10-05T22:57Z,3133,gP,2.079
2026-10-05T22:57Z,3134,g95e5,1.829
2026-10-05T22:57Z,3134,gA,1.959
2026-10-05T22:57Z,3134,gP,2.049
2026-10-05T22:57Z,3134,g98e5,1.969
2026-10-05T22:57Z,3137,gA,1.969
2026-10-05T22:57Z,3137,gP,2.079
2026-10-05T22:57Z,3138,gA,1.969
2026-10-05T22:57Z,3138,gP,2.079
2026-10-05T22:57Z,3139,gA,1.964
2026-10-05T22:57Z,3139,gP,2.079
2026-10-05T22:57Z,3140,gA,1.969
2026-10-05T22:57Z,3140,gP,2.079
2026-10-05T22:57Z,3141,gA,1.969
2026-10-05T22:57Z,3141,gP,2.079
2026-10-05T22:57Z,3143,g95e5,1.829
2026-10-05T22:57Z,3143,g98e5,1.939
2026-10-05T22:57Z,3144,gA,1.969
2026-10-05T22:57Z,3144,gP,2.069
2026-10-05T22:57Z,3144,gB,1.903
2026-10-05T22:57Z,3145,g95e5,1.815
2026-10-05T22:57Z,3145,gA,1.979
2026-10-05T22:57Z,3145,gP,2.069
2026-10-05T22:57Z,3145,g98e5,1.955
2026-10-05T22:57Z,3149,g95e5,1.815
2026-10-05T22:57Z,3149,gA,1.979
2026-10-05T22:57Z,3149,gP,2.069
2026-10-05T22:57Z,3149,g98e5,1.955
2026-10-05T22:57Z,3151,g98e5,1.955
2026-10-05T22:57Z,3153,g95e5,1.699
2026-10-05T22:57Z,3153,gA,1.799
2026-10-05T22:57Z,3153,gP,1.819
2026-10-05T22:57Z,3153,g95e5p,1.719
2026-10-05T22:57Z,3154,g95e5,1.699
2026-10-05T22:57Z,3154,gA,1.799
2026-10-05T22:57Z,3154,gP,1.819
2026-10-05T22:57Z,3154,g95e5p,1.719
2026-10-05T22:57Z,3155,g95e5,1.815
2026-10-05T22:57Z,3155,gA,2.029
2026-10-05T22:57Z,3155,g98e5,1.925
2026-10-05T22:57Z,3157,g95e5,1.829
2026-10-05T22:57Z,3157,gA,1.955
2026-10-05T22:57Z,3157,gP,2.045
2026-10-05T22:57Z,3157,g98e5,1.969
2026-10-05T22:57Z,3158,g95e5,1.819
2026-10-05T22:57Z,3158,gA,1.959
2026-10-05T22:57Z,3158,gP,2.049
2026-10-05T22:57Z,3158,g98e5,1.959
2026-10-05T22:57Z,3159,g95e5,1.819
2026-10-05T22:57Z,3159,gA,1.959
2026-10-05T22:57Z,3159,gP,2.049
2026-10-05T22:57Z,3159,g98e5,1.959
2026-10-05T22:57Z,3160,g95e5,1.845
2026-10-05T22:57Z,3163,g95e5,1.835
2026-10-05T22:57Z,3163,gA,2.009
2026-10-05T22:57Z,3163,g98e5,1.995
2026-10-05T22:57Z,3167,g95e5,1.839
2026-10-05T22:57Z,3167,g98e5,1.949
2026-10-05T22:57Z,3167,g95e5p,1.909
2026-10-05T22:57Z,3168,gA,1.965
2026-10-05T22:57Z,3174,g95e5,1.815
2026-10-05T22:57Z,3174,g98e5,1.975
2026-10-05T22:57Z,3175,g95e5,1.815
2026-10-05T22:57Z,3175,gA,1.999
2026-10-05T22:57Z,3175,g98e5,1.975
2026-10-05T22:57Z,3176,g95e5,1.859
2026-10-05T22:57Z,3176,gA,1.989
2026-10-05T22:57Z,3176,gP,2.079
2026-10-05T22:57Z,3176,g98e5,1.999
2026-10-05T22:57Z,3178,g95e5,1.849
2026-10-05T22:57Z,3178,gA,1.949
2026-10-05T22:57Z,3178,g98e5,2.059
2026-10-05T22:57Z,3179,g95e5,1.849
2026-10-05T22:57Z,3179,gA,1.949
2026-10-05T22:57Z,3179,g98e5,2.059
2026-10-05T22:57Z,3179,glp,1.069
2026-10-05T22:57Z,3180,g95e5,1.819
2026-10-05T22:57Z,3180,gA,1.979
2026-10-05T22:57Z,3180,g98e5,1.929
2026-10-05T22:57Z,3182,g95e5,1.829
2026-10-05T22:57Z,3182,g98e5,1.949
2026-10-05T22:57Z,3183,g95e5,1.829
2026-10-05T22:57Z,3183,g98e5,1.949
2026-10-05T22:57Z,3185,gA,2.009
2026-10-05T22:57Z,3185,g98e5,1.955
2026-10-05T22:57Z,3191,g95e5,1.779
2026-10-05T22:57Z,3191,gA,1.919
2026-10-05T22:57Z,3191,gP,1.969
2026-10-05T22:57Z,3191,g95e5p,1.829
2026-10-05T22:57Z,3198,g95e5,1.889
2026-10-05T22:57Z,3198,gA,1.979
2026-10-05T22:57Z,3199,g95e5,1.815
2026-10-05T22:57Z,3202,gA,1.979
2026-10-05T22:57Z,3202,gP,2.019
2026-10-05T22:57Z,3202,g98e5,1.979
2026-10-05T22:57Z,3205,g95e5,1.885
2026-10-05T22:57Z,3205,gA,2.029
2026-10-05T22:57Z,3205,g98e5,1.995
2026-10-05T22:57Z,3208,gA,1.969
2026-10-05T22:57Z,3212,gA,1.969
2026-10-05T22:57Z,3212,gP,2.079
2026-10-05T22:57Z,3213,g95e5,1.729
2026-10-05T22:57Z,3213,gA,1.859
2026-10-05T22:57Z,3213,gP,1.879
2026-10-05T22:57Z,3217,g95e5,1.859
2026-10-05T22:57Z,3217,g98e5,1.969
2026-10-05T22:57Z,3219,gA,1.979
2026-10-05T22:57Z,3219,gP,2.069
2026-10-05T22:57Z,3230,gA,1.949
2026-10-05T22:57Z,3230,gP,2.029
2026-10-05T22:57Z,3235,g95e5,1.869
2026-10-05T22:57Z,3235,gA,1.929
2026-10-05T22:57Z,3235,g98e5,1.989
2026-10-05T22:57Z,3238,g95e5,1.835
2026-10-05T22:57Z,3238,gA,1.955
2026-10-05T22:57Z,3240,g95e5,1.865
2026-10-05T22:57Z,3240,g98e5,1.975
2026-10-05T22:57Z,3243,g95e5,1.819
2026-10-05T22:57Z,3243,g98e5,1.979
2026-10-05T22:57Z,3244,g95e5,1.859
2026-10-05T22:57Z,3244,gA,1.945
2026-10-05T22:57Z,3244,g98e5,1.969
2026-10-05T22:57Z,3250,g95e5,1.835
2026-10-05T22:57Z,3250,g98e5,1.965
2026-10-05T22:57Z,3255,g95e5,1.849
2026-10-05T22:57Z,3255,g98e5,1.959
2026-10-05T22:57Z,3260,g95e5,1.829
2026-10-05T22:57Z,3262,g95e5,1.835
2026-10-05T22:57Z,3262,gA,1.955
2026-10-05T22:57Z,3264,g95e5,1.869
2026-10-05T22:57Z,3266,gA,1.919
2026-10-05T22:57Z,3267,g98e5,1.969
2026-10-05T22:57Z,3268,g95e5,1.869
2026-10-05T22:57Z,3268,g98e5,1.979
2026-10-05T22:57Z,3269,g98e5,1.955
2026-10-05T22:57Z,3270,g95e5,1.829
2026-10-05T22:57Z,3270,gA,1.959
2026-10-05T22:57Z,3270,g98e5,1.939
2026-10-05T22:57Z,3270,g95e5p,1.899
2026-10-05T22:57Z,3272,g95e5,1.825
2026-10-05T22:57Z,3272,g98e5,1.935
2026-10-05T22:57Z,3272,g95e5p,1.905
2026-10-05T22:57Z,3274,g95e5,1.835
2026-10-05T22:57Z,3274,g98e5,1.965
2026-10-05T22:57Z,3276,gA,1.939
2026-10-05T22:57Z,3276,gP,2.039
2026-10-05T22:57Z,3281,gA,1.949
2026-10-05T22:57Z,3281,gP,2.019
2026-10-05T22:57Z,3286,g98e5,1.969
2026-10-05T22:57Z,3288,g95e5,1.819
2026-10-05T22:57Z,3288,g98e5,1.979
2026-10-05T22:57Z,3289,g98e5,1.969
2026-10-05T22:57Z,3290,g95e5,1.859
2026-10-05T22:57Z,3290,gA,1.959
2026-10-05T22:57Z,3290,g98e5,1.969
2026-10-05T22:57Z,3292,g95e5,1.835
2026-10-05T22:57Z,3292,gA,1.925
2026-10-05T22:57Z,3292,g98e5,1.955
2026-10-05T22:57Z,3298,g95e5,1.819
2026-10-05T22:57Z,3298,gA,1.919
2026-10-05T22:57Z,3304,g95e5,1.819
2026-10-05T22:57Z,3304,gA,1.959
2026-10-05T22:57Z,3304,gP,2.009
2026-10-05T22:57Z,3304,g98e5,1.929
2026-10-05T22:57Z,3306,gA,1.949
2026-10-05T22:57Z,3306,gB,1.798
2026-10-05T22:57Z,3310,g95e5,1.835
2026-10-05T22:57Z,3310,g98e5,1.955
2026-10-05T22:57Z,3315,g95e5,1.849
2026-10-05T22:57Z,3315,g98e5,1.979
2026-10-05T22:57Z,3317,g95e5,1.869
2026-10-05T22:57Z,3317,gA,1.969
2026-10-05T22:57Z,3319,g95e5,1.869
2026-10-05T22:57Z,3319,gA,1.959
2026-10-05T22:57Z,3319,g98e5,1.979
2026-10-05T22:57Z,3319,g95e5p,1.939
2026-10-05T22:57Z,3325,g95e5,1.859
2026-10-05T22:57Z,3325,gA,1.939
2026-10-05T22:57Z,3325,g98e5,2.019
2026-10-05T22:57Z,3327,gA,1.959
2026-10-05T22:57Z,3332,g95e5,1.655
2026-10-05T22:57Z,3332,gA,1.679
2026-10-05T22:57Z,3334,g95e5,1.855
2026-10-05T22:57Z,3334,gA,1.949
2026-10-05T22:57Z,3335,g98e5,1.939
2026-10-05T22:57Z,3335,g95e5p,1.899
2026-10-05T22:57Z,3336,g98e5,1.979
2026-10-05T22:57Z,3338,g98e5,1.955
2026-10-05T22:57Z,3339,g95e5,1.855
2026-10-05T22:57Z,3339,gA,1.939
2026-10-05T22:57Z,3339,g98e5,1.975
2026-10-05T22:57Z,3349,gA,1.949
2026-10-05T22:57Z,3349,gP,1.999
2026-10-05T22:57Z,3357,gA,1.949
2026-10-05T22:57Z,3357,gP,2.029
2026-10-05T22:57Z,3360,gA,1.959
2026-10-05T22:57Z,3360,gP,2.039
2026-10-05T22:57Z,3361,gA,1.949
2026-10-05T22:57Z,3361,gP,2.009
2026-10-05T22:57Z,3362,gA,1.949
2026-10-05T22:57Z,3362,gP,2.009
2026-10-05T22:57Z,3364,gA,1.949
2026-10-05T22:57Z,3364,gP,2.029
2026-10-05T22:57Z,3370,g95e5,1.639
2026-10-05T22:57Z,3370,gA,1.739
2026-10-05T22:57Z,3370,g98e5,1.739
2026-10-05T22:57Z,3370,bio,1.639
2026-10-05T22:57Z,3373,g95e5,1.699
2026-10-05T22:57Z,3373,gA,1.769
2026-10-05T22:57Z,3373,gP,1.799
2026-10-05T22:57Z,3373,g98e5,1.799
2026-10-05T22:57Z,3373,bio,1.699
2026-10-05T22:57Z,3374,gA,1.799
2026-10-05T22:57Z,3374,g98e5,1.799
2026-10-05T22:57Z,3374,bio,1.699
2026-10-05T22:57Z,3374,gB,1.399
2026-10-05T22:57Z,3376,gA,1.949
2026-10-05T22:57Z,3376,gP,2.039
2026-10-05T22:57Z,3377,gA,1.949
2026-10-05T22:57Z,3377,gP,2.039
2026-10-05T22:57Z,3391,gA,1.949
2026-10-05T22:57Z,3391,gP,2.029
2026-10-05T22:57Z,3402,g95e5,1.835
2026-10-05T22:57Z,3405,g95e5,1.879
2026-10-05T22:57Z,3405,gA,1.939
2026-10-05T22:57Z,3410,gA,1.929
2026-10-05T22:57Z,3410,gP,2.029
2026-10-05T22:57Z,3410,gB,1.818
2026-10-05T22:57Z,3412,gA,1.919
2026-10-05T22:57Z,3412,gP,2.019
2026-10-05T22:57Z,3417,gA,1.919
2026-10-05T22:57Z,3417,gP,2.019
2026-10-05T22:57Z,3418,g95e5,1.853
2026-10-05T22:57Z,3418,gA,1.929
2026-10-05T22:57Z,3418,gP,2.019
2026-10-05T22:57Z,3418,gB,1.818
2026-10-05T22:57Z,3419,g95e5,1.853
2026-10-05T22:57Z,3419,gA,1.929
2026-10-05T22:57Z,3419,gP,2.019
2026-10-05T22:57Z,3419,gB,1.818
2026-10-05T22:57Z,3421,gA,1.727
2026-10-05T22:57Z,3421,gP,1.747
2026-10-05T22:57Z,3422,gA,1.959
2026-10-05T22:57Z,3422,gP,2.049
2026-10-05T22:57Z,3422,gB,1.879
2026-10-05T22:57Z,3424,gA,1.939
2026-10-05T22:57Z,3424,gP,2.039
2026-10-05T22:57Z,3425,gA,1.939
2026-10-05T22:57Z,3425,gP,2.039
2026-10-05T22:57Z,3438,gA,1.929
2026-10-05T22:57Z,3438,gP,2.029
2026-10-05T22:57Z,3438,gB,1.818
2026-10-05T22:57Z,3445,g95e5,1.859
2026-10-05T22:57Z,3445,gA,1.949
2026-10-05T22:57Z,3445,g98e5,2.039
2026-10-05T22:57Z,3446,gA,1.919
2026-10-05T22:57Z,3446,gP,2.029
2026-10-05T22:57Z,3446,gB,1.818
2026-10-05T22:57Z,3450,gA,1.959
2026-10-05T22:57Z,3450,gP,2.049
2026-10-05T22:57Z,3456,gA,1.939
2026-10-05T22:57Z,3456,gP,2.039
2026-10-05T22:57Z,3457,g95e5,1.859
2026-10-05T22:57Z,3457,g98e5,1.969
2026-10-05T22:57Z,3458,g95e5,1.959
2026-10-05T22:57Z,3458,gA,1.939
2026-10-05T22:57Z,3458,g98e5,2.079
2026-10-05T22:57Z,3461,gA,1.929
2026-10-05T22:57Z,3461,gB,1.799
2026-10-05T22:57Z,3462,g95e5,1.795
2026-10-05T22:57Z,3462,gA,1.989
2026-10-05T22:57Z,3462,g98e5,1.955
2026-10-05T22:57Z,3464,g95e5,1.835
2026-10-05T22:57Z,3464,gA,1.979
2026-10-05T22:57Z,3464,g98e5,1.995
2026-10-05T22:57Z,3470,g95e5,1.885
2026-10-05T22:57Z,3470,g98e5,2.045
2026-10-05T22:57Z,3472,g95e5,1.859
2026-10-05T22:57Z,3472,g98e5,1.969
2026-10-05T22:57Z,3472,g95e5p,1.929
2026-10-05T22:57Z,3475,gP,2.035
2026-10-05T22:57Z,3475,g98e5,2.025
2026-10-05T22:57Z,3476,g98e5,2.025
2026-10-05T22:57Z,3477,g95e5,1.819
2026-10-05T22:57Z,3477,gA,1.795
2026-10-05T22:57Z,3477,gP,2.065
2026-10-05T22:57Z,3477,g98e5,1.959
2026-10-05T22:57Z,3478,g98e5,1.985
2026-10-05T22:57Z,3480,g95e5,1.769
2026-10-05T22:57Z,3480,gP,1.899
2026-10-05T22:57Z,3480,g98e5,1.909
2026-10-05T22:57Z,3481,g95e5,1.829
2026-10-05T22:57Z,3481,gA,1.939
2026-10-05T22:57Z,3481,gP,1.989
2026-10-05T22:57Z,3481,g98e5,1.939
2026-10-05T22:57Z,3481,g95e5p,1.909
2026-10-05T22:57Z,3487,g95e5,1.795
2026-10-05T22:57Z,3487,gA,1.985
2026-10-05T22:57Z,3487,gP,2.085
2026-10-05T22:57Z,3487,g98e5,1.955
2026-10-05T22:57Z,3487,g95e5p,1.865
2026-10-05T22:57Z,3493,g95e5,1.795
2026-10-05T22:57Z,3494,g95e5,1.809
2026-10-05T22:57Z,3496,g95e5,1.819
2026-10-05T22:57Z,3496,gA,1.979
2026-10-05T22:57Z,3496,gP,2.069
2026-10-05T22:57Z,3498,g95e5,1.744
2026-10-05T22:57Z,3498,gA,1.924
2026-10-05T22:57Z,3499,g95e5,1.794
2026-10-05T22:57Z,3499,gA,1.974
2026-10-05T22:57Z,3499,gP,2.024
2026-10-05T22:57Z,3499,gB,1.669
2026-10-05T22:57Z,3501,g95e5,1.809
2026-10-05T22:57Z,3501,gA,1.959
2026-10-05T22:57Z,3501,gP,2.049
2026-10-05T22:57Z,3501,g98e5,1.949
2026-10-05T22:57Z,3505,gA,1.944
2026-10-05T22:57Z,3505,gP,2.019
2026-10-05T22:57Z,3506,gA,1.994
2026-10-05T22:57Z,3506,gP,2.069
2026-10-05T22:57Z,3509,gA,1.974
2026-10-05T22:57Z,3509,gP,2.039
2026-10-05T22:57Z,3511,g95e5,1.819
2026-10-05T22:57Z,3511,gA,1.975
2026-10-05T22:57Z,3511,gP,2.065
2026-10-05T22:57Z,3511,g98e5,1.959
2026-10-05T22:57Z,3516,g95e5,1.819
2026-10-05T22:57Z,3516,gA,1.955
2026-10-05T22:57Z,3516,gP,2.045
2026-10-05T22:57Z,3516,g98e5,1.959
2026-10-05T22:57Z,3517,g95e5,1.829
2026-10-05T22:57Z,3517,g98e5,1.989
2026-10-05T22:57Z,3522,g95e5,1.839
2026-10-05T22:57Z,3522,g98e5,1.999
2026-10-05T22:57Z,3524,gA,1.919
2026-10-05T22:57Z,3527,g95e5,1.825
2026-10-05T22:57Z,3527,g98e5,1.985
2026-10-05T22:57Z,3529,g98e5,1.999
2026-10-05T22:57Z,3532,g95e5,1.899
2026-10-05T22:57Z,3532,gA,1.939
2026-10-05T22:57Z,3534,g95e5,1.835
2026-10-05T22:57Z,3534,g98e5,1.995
2026-10-05T22:57Z,3535,g95e5,1.885
2026-10-05T22:57Z,3536,g95e5,1.825
2026-10-05T22:57Z,3536,gA,1.989
2026-10-05T22:57Z,3536,gP,2.089
2026-10-05T22:57Z,3536,g98e5,1.985
2026-10-05T22:57Z,3537,g95e5,1.749
2026-10-05T22:57Z,3537,gA,1.969
2026-10-05T22:57Z,3537,gP,2.019
2026-10-05T22:57Z,3537,gB,1.464
2026-10-05T22:57Z,3539,g95e5,1.829
2026-10-05T22:57Z,3539,g98e5,1.989
2026-10-05T22:57Z,3541,g95e5,1.865
2026-10-05T22:57Z,3541,g98e5,1.975
2026-10-05T22:57Z,3541,g95e5p,1.935
2026-10-05T22:57Z,3548,g95e5,1.795
2026-10-05T22:57Z,3548,gA,1.969
2026-10-05T22:57Z,3548,gP,2.059
2026-10-05T22:57Z,3548,g98e5,1.935
2026-10-05T22:57Z,3550,g95e5,1.835
2026-10-05T22:57Z,3550,gA,1.925
2026-10-05T22:57Z,3550,gP,2.025
2026-10-05T22:57Z,3550,g98e5,1.995
2026-10-05T22:57Z,3553,g95e5,1.865
2026-10-05T22:57Z,3553,g98e5,1.975
2026-10-05T22:57Z,3554,gA,1.919
2026-10-05T22:57Z,3555,g95e5,1.855
2026-10-05T22:57Z,3555,g98e5,2.005
2026-10-05T22:57Z,3557,g95e5,1.889
2026-10-05T22:57Z,3557,gA,1.929
2026-10-05T22:57Z,3567,g98e5,1.969
2026-10-05T22:57Z,3568,gP,2.025
2026-10-05T22:57Z,3568,g98e5,1.969
2026-10-05T22:57Z,3569,g95e5,1.835
2026-10-05T22:57Z,3569,g98e5,1.995
2026-10-05T22:57Z,3570,g95e5,1.849
2026-10-05T22:57Z,3575,g95e5,1.845
2026-10-05T22:57Z,3578,g95e5,1.829
2026-10-05T22:57Z,3578,g98e5,1.989
2026-10-05T22:57Z,3581,g95e5,1.829
2026-10-05T22:57Z,3581,g98e5,1.939
2026-10-05T22:57Z,3581,g95e5p,1.899
2026-10-05T22:57Z,3582,gA,1.929
2026-10-05T22:57Z,3582,gP,2.049
2026-10-05T22:57Z,3586,g95e5,1.879
2026-10-05T22:57Z,3586,gA,1.939
2026-10-05T22:57Z,3586,g98e5,2.059
2026-10-05T22:57Z,3587,g95e5,1.795
2026-10-05T22:57Z,3587,gA,1.979
2026-10-05T22:57Z,3587,g98e5,1.955
2026-10-05T22:57Z,3590,g95e5,1.879
2026-10-05T22:57Z,3590,g98e5,2.039
2026-10-05T22:57Z,3591,g95e5,1.879
2026-10-05T22:57Z,3591,g98e5,2.039
2026-10-05T22:57Z,3592,g95e5,1.879
2026-10-05T22:57Z,3595,g95e5,1.825
2026-10-05T22:57Z,3595,g98e5,1.985
2026-10-05T22:57Z,3598,g95e5,1.829
2026-10-05T22:57Z,3598,gA,1.919
2026-10-05T22:57Z,3598,gP,2.009
2026-10-05T22:57Z,3598,g98e5,1.969
2026-10-05T22:57Z,3602,gA,1.929
2026-10-05T22:57Z,3602,gP,2.029
2026-10-05T22:57Z,3603,g95e5,1.835
2026-10-05T22:57Z,3603,gA,1.909
2026-10-05T22:57Z,3603,gP,1.999
2026-10-05T22:57Z,3603,g98e5,1.975
2026-10-05T22:57Z,3604,g95e5,1.819
2026-10-05T22:57Z,3604,gA,1.979
2026-10-05T22:57Z,3604,gP,2.069
2026-10-05T22:57Z,3604,g98e5,1.959
2026-10-05T22:57Z,3607,g95e5,1.819
2026-10-05T22:57Z,3607,gA,1.955
2026-10-05T22:57Z,3607,gP,2.045
2026-10-05T22:57Z,3607,g98e5,1.959
2026-10-05T22:57Z,3610,g95e5,1.855
2026-10-05T22:57Z,3610,gA,1.939
2026-10-05T22:57Z,3610,gP,2.029
2026-10-05T22:57Z,3610,g98e5,1.995
2026-10-05T22:57Z,3612,g95e5,1.835
2026-10-05T22:57Z,3612,gA,2.019
2026-10-05T22:57Z,3612,gP,2.119
2026-10-05T22:57Z,3614,g95e5,1.835
2026-10-05T22:57Z,3614,gA,1.945
2026-10-05T22:57Z,3614,gP,2.035
2026-10-05T22:57Z,3614,g98e5,1.975
2026-10-05T22:57Z,3616,g95e5,1.829
2026-10-05T22:57Z,3616,gA,1.985
2026-10-05T22:57Z,3616,gP,2.035
2026-10-05T22:57Z,3618,g95e5,1.799
2026-10-05T22:57Z,3618,gA,1.985
2026-10-05T22:57Z,3618,gP,2.085
2026-10-05T22:57Z,3618,g98e5,1.959
2026-10-05T22:57Z,3621,g95e5,1.825
2026-10-05T22:57Z,3621,gP,2.009
2026-10-05T22:57Z,3621,g98e5,1.985
2026-10-05T22:57Z,3621,g95e5p,1.895
2026-10-05T22:57Z,3622,g95e5,1.809
2026-10-05T22:57Z,3622,gA,1.959
2026-10-05T22:57Z,3622,gP,2.049
2026-10-05T22:57Z,3622,g98e5,1.949
2026-10-05T22:57Z,3623,g95e5,1.829
2026-10-05T22:57Z,3623,g98e5,1.989
2026-10-05T22:57Z,3627,g95e5,1.795
2026-10-05T22:57Z,3627,gA,1.989
2026-10-05T22:57Z,3627,gP,2.089
2026-10-05T22:57Z,3629,gA,1.994
2026-10-05T22:57Z,3629,gP,2.069
2026-10-05T22:57Z,3632,g95e5,1.829
2026-10-05T22:57Z,3632,gA,1.919
2026-10-05T22:57Z,3632,gP,2.009
2026-10-05T22:57Z,3632,g98e5,1.969
2026-10-05T22:57Z,3633,g95e5,1.729
2026-10-05T22:57Z,3633,gA,1.839
2026-10-05T22:57Z,3633,gP,1.839
2026-10-05T22:57Z,3634,g95e5,1.729
2026-10-05T22:57Z,3634,gA,1.839
2026-10-05T22:57Z,3634,gP,1.839
2026-10-05T22:57Z,3635,g95e5,1.889
2026-10-05T22:57Z,3635,gP,2.039
2026-10-05T22:57Z,3635,g98e5,2.049
2026-10-05T22:57Z,3640,g95e5,1.939
2026-10-05T22:57Z,3640,gA,1.969
2026-10-05T22:57Z,3640,gP,2.069
2026-10-05T22:57Z,3640,g98e5,2.049
2026-10-05T22:57Z,3646,g95e5,1.839
2026-10-05T22:57Z,3646,g98e5,1.949
2026-10-05T22:57Z,3647,g95e5,1.835
2026-10-05T22:57Z,3647,g98e5,1.995
2026-10-05T22:57Z,3651,g95e5,1.825
2026-10-05T22:57Z,3651,gA,1.959
2026-10-05T22:57Z,3651,g98e5,1.985
2026-10-05T22:57Z,3651,g95e5p,1.895
2026-10-05T22:57Z,3652,gA,1.919
2026-10-05T22:57Z,3652,gP,2.029
2026-10-05T22:57Z,3654,g95e5,1.868
2026-10-05T22:57Z,3654,gA,2.034
2026-10-05T22:57Z,3654,gP,2.098
2026-10-05T22:57Z,3655,g95e5,1.855
2026-10-05T22:57Z,3658,g95e5,1.799
2026-10-05T22:57Z,3658,g98e5,1.959
2026-10-05T22:57Z,3661,g95e5,1.825
2026-10-05T22:57Z,3661,g98e5,1.985
2026-10-05T22:57Z,3673,g95e5,1.829
2026-10-05T22:57Z,3675,gP,2.025
2026-10-05T22:57Z,3676,g95e5,1.805
2026-10-05T22:57Z,3676,g98e5,1.965
2026-10-05T22:57Z,3677,g95e5,1.795
2026-10-05T22:57Z,3677,gP,2.045
2026-10-05T22:57Z,3680,g95e5,1.865
2026-10-05T22:57Z,3680,gA,1.929
2026-10-05T22:57Z,3680,gP,1.979
2026-10-05T22:57Z,3681,g95e5,1.859
2026-10-05T22:57Z,3681,g98e5,1.969
2026-10-05T22:57Z,3682,g95e5,1.869
2026-10-05T22:57Z,3682,g98e5,1.999
2026-10-05T22:57Z,3683,g95e5,1.879
2026-10-05T22:57Z,3683,gA,1.939
2026-10-05T22:57Z,3685,g95e5,1.829
2026-10-05T22:57Z,3685,g98e5,1.939
2026-10-05T22:57Z,3685,g95e5p,1.899
2026-10-05T22:57Z,3687,g95e5,1.879
2026-10-05T22:57Z,3687,g98e5,2.039
2026-10-05T22:57Z,3687,g95e5p,1.959
2026-10-05T22:57Z,3688,g95e5,1.835
2026-10-05T22:57Z,3688,gA,1.929
2026-10-05T22:57Z,3688,g98e5,1.945
2026-10-05T22:57Z,3690,g95e5,1.855
2026-10-05T22:57Z,3690,g98e5,1.965
2026-10-05T22:57Z,3691,g95e5,1.929
2026-10-05T22:57Z,3691,gA,1.949
2026-10-05T22:57Z,3691,g98e5,2.049
2026-10-05T22:57Z,3692,g98e5,1.985
2026-10-05T22:57Z,3694,g95e5,1.889
2026-10-05T22:57Z,3696,g95e5,1.845
2026-10-05T22:57Z,3696,gP,1.999
2026-10-05T22:57Z,3696,g98e5,2.005
2026-10-05T22:57Z,3697,g95e5,1.865
2026-10-05T22:57Z,3697,gA,1.969
2026-10-05T22:57Z,3697,g98e5,1.975
2026-10-05T22:57Z,3698,g95e5,1.795
2026-10-05T22:57Z,3698,gA,1.985
2026-10-05T22:57Z,3698,gP,2.085
2026-10-05T22:57Z,3698,g98e5,1.955
2026-10-05T22:57Z,3700,g95e5,1.825
2026-10-05T22:57Z,3700,g98e5,1.985
2026-10-05T22:57Z,3701,gA,1.935
2026-10-05T22:57Z,3701,gP,2.015
2026-10-05T22:57Z,3706,gA,1.969
2026-10-05T22:57Z,3706,gP,2.019
2026-10-05T22:57Z,3711,g95e5,1.819
2026-10-05T22:57Z,3711,gA,1.919
2026-10-05T22:57Z,3711,gP,2.009
2026-10-05T22:57Z,3711,g98e5,1.959
2026-10-05T22:57Z,3713,gA,1.839
2026-10-05T22:57Z,3714,g95e5,1.759
2026-10-05T22:57Z,3714,gA,1.879
2026-10-05T22:57Z,3715,g95e5,1.829
2026-10-05T22:57Z,3715,gA,1.949
2026-10-05T22:57Z,3715,gP,1.999
2026-10-05T22:57Z,3715,g98e5,1.969
2026-10-05T22:57Z,3716,g95e5,1.829
2026-10-05T22:57Z,3716,gA,1.919
2026-10-05T22:57Z,3716,gP,2.009
2026-10-05T22:57Z,3716,g98e5,1.969
2026-10-05T22:57Z,3717,gA,1.929
2026-10-05T22:57Z,3717,gP,2.019
2026-10-05T22:57Z,3718,g95e5,1.919
2026-10-05T22:57Z,3718,gA,1.979
2026-10-05T22:57Z,3718,gP,2.069
2026-10-05T22:57Z,3718,g98e5,2.059
2026-10-05T22:57Z,3725,gA,1.889
2026-10-05T22:57Z,3725,gP,1.979
2026-10-05T22:57Z,3725,g98e5,1.959
2026-10-05T22:57Z,3725,g95e5p,1.829
2026-10-05T22:57Z,3728,g95e5,1.769
2026-10-05T22:57Z,3728,gA,1.929
2026-10-05T22:57Z,3728,gP,1.979
2026-10-05T22:57Z,3728,g98e5,1.929
2026-10-05T22:57Z,3731,gA,1.729
2026-10-05T22:57Z,3733,g95e5,1.809
2026-10-05T22:57Z,3733,gA,1.819
2026-10-05T22:57Z,3733,gP,1.869
2026-10-05T22:57Z,3733,g98e5,1.959
2026-10-05T22:57Z,3734,g95e5,1.809
2026-10-05T22:57Z,3734,gA,1.819
2026-10-05T22:57Z,3734,g98e5,1.989
2026-10-05T22:57Z,3735,g95e5,1.909
2026-10-05T22:57Z,3735,gA,2.009
2026-10-05T22:57Z,3735,gP,2.099
2026-10-05T22:57Z,3735,g98e5,2.019
2026-10-05T22:57Z,3736,gA,1.984
2026-10-05T22:57Z,3736,gP,2.049
2026-10-05T22:57Z,3743,g95e5,1.909
2026-10-05T22:57Z,3743,gA,2.009
2026-10-05T22:57Z,3743,gP,2.099
2026-10-05T22:57Z,3743,g98e5,2.019
2026-10-05T22:57Z,3744,gA,1.929
2026-10-05T22:57Z,3744,gP,2.019
2026-10-05T22:57Z,3745,gA,1.984
2026-10-05T22:57Z,3745,gP,2.049
2026-10-05T22:57Z,3747,g95e5,1.924
2026-10-05T22:57Z,3747,gA,1.989
2026-10-05T22:57Z,3747,gP,2.079
2026-10-05T22:57Z,3747,g98e5,2.079
2026-10-05T22:57Z,3748,g95e5,1.825
2026-10-05T22:57Z,3748,g98e5,1.985
2026-10-05T22:57Z,3753,g95e5,1.879
2026-10-05T22:57Z,3753,gA,1.929
2026-10-05T22:57Z,3753,gP,2.019
2026-10-05T22:57Z,3761,g95e5,1.639
2026-10-05T22:57Z,3762,gA,1.955
2026-10-05T22:57Z,3762,gP,2.045
2026-10-05T22:57Z,3763,g95e5,1.849
2026-10-05T22:57Z,3763,g98e5,2.009
2026-10-05T22:57Z,3768,g95e5,1.829
2026-10-05T22:57Z,3768,gA,1.889
2026-10-05T22:57Z,3768,gP,1.939
2026-10-05T22:57Z,3768,g95e5p,1.879
2026-10-05T22:57Z,3769,g95e5,1.739
2026-10-05T22:57Z,3769,gA,1.869
2026-10-05T22:57Z,3769,g98e5,1.879
2026-10-05T22:57Z,3770,gP,1.975
2026-10-05T22:57Z,3776,g95e5,1.889
2026-10-05T22:57Z,3776,gA,2.014
2026-10-05T22:57Z,3776,gP,2.104
2026-10-05T22:57Z,3776,g98e5,2.019
2026-10-05T22:57Z,3784,gP,1.985
2026-10-05T22:57Z,3787,g95e5,1.869
2026-10-05T22:57Z,3796,g95e5,1.865
2026-10-05T22:57Z,3796,gP,2.015
2026-10-05T22:57Z,3796,g98e5,2.025
2026-10-05T22:57Z,3803,g95e5,1.869
2026-10-05T22:57Z,3803,gA,1.929
2026-10-05T22:57Z,3803,gP,2.019
2026-10-05T22:57Z,3803,g98e5,2.009
2026-10-05T22:57Z,3806,g95e5,1.879
2026-10-05T22:57Z,3806,gA,1.925
2026-10-05T22:57Z,3806,gP,1.975
2026-10-05T22:57Z,3806,g98e5,1.989
2026-10-05T22:57Z,3806,g95e5p,1.949
2026-10-05T22:57Z,3807,gA,1.925
2026-10-05T22:57Z,3809,g95e5,1.875
2026-10-05T22:57Z,3809,gA,1.939
2026-10-05T22:57Z,3809,gP,1.989
2026-10-05T22:57Z,3809,g98e5,1.985
2026-10-05T22:57Z,3811,g95e5,1.859
2026-10-05T22:57Z,3811,gA,1.909
2026-10-05T22:57Z,3811,gP,1.999
2026-10-05T22:57Z,3811,g98e5,1.999
2026-10-05T22:57Z,3814,g95e5,1.849
2026-10-05T22:57Z,3814,gP,2.019
2026-10-05T22:57Z,3814,g98e5,2.009
2026-10-05T22:57Z,3819,g95e5,1.809
2026-10-05T22:57Z,3819,gA,1.859
2026-10-05T22:57Z,3819,g98e5,1.929
2026-10-05T22:57Z,3823,g95e5,1.865
2026-10-05T22:57Z,3823,gP,2.015
2026-10-05T22:57Z,3823,g98e5,2.025
2026-10-05T22:57Z,3826,gP,1.975
2026-10-05T22:57Z,3827,gP,1.979
2026-10-05T22:57Z,3831,g95e5,1.869
2026-10-05T22:57Z,3831,gP,2.005
2026-10-05T22:57Z,3831,g95e5p,1.929
2026-10-05T22:57Z,3832,g95e5,1.899
2026-10-05T22:57Z,3832,gA,1.945
2026-10-05T22:57Z,3832,gP,2.015
2026-10-05T22:57Z,3832,g98e5,2.009
2026-10-05T22:57Z,3839,gA,1.969
2026-10-05T22:57Z,3839,g98e5,2.015
2026-10-05T22:57Z,3840,g95e5,1.855
2026-10-05T22:57Z,3840,gP,2.049
2026-10-05T22:57Z,3841,g98e5,2.015
2026-10-05T22:57Z,3843,g98e5,1.965
2026-10-05T22:57Z,3844,g98e5,1.965
2026-10-05T22:57Z,3847,gA,1.925
2026-10-05T22:57Z,3851,g95e5,1.879
2026-10-05T22:57Z,3851,gP,1.985
2026-10-05T22:57Z,3851,g98e5,2.039
2026-10-05T22:57Z,3852,gA,1.919
2026-10-05T22:57Z,3852,gP,1.969
2026-10-05T22:57Z,3855,g95e5,1.859
2026-10-05T22:57Z,3855,gP,1.979
2026-10-05T22:57Z,3855,g98e5,2.019
2026-10-05T22:57Z,3857,g95e5,1.859
2026-10-05T22:57Z,3857,gA,1.915
2026-10-05T22:57Z,3857,gP,1.965
2026-10-05T22:57Z,3857,g98e5,2.019
2026-10-05T22:57Z,3860,g95e5,1.869
2026-10-05T22:57Z,3860,gA,1.929
2026-10-05T22:57Z,3860,gP,2.019
2026-10-05T22:57Z,3860,g98e5,2.009
2026-10-05T22:57Z,3861,g95e5,1.685
2026-10-05T22:57Z,3862,g98e5,2.065
2026-10-05T22:57Z,3866,g95e5,1.875
2026-10-05T22:57Z,3866,gP,1.995
2026-10-05T22:57Z,3866,g98e5,2.035
2026-10-05T22:57Z,3870,g95e5,1.804
2026-10-05T22:57Z,3870,gA,1.894
2026-10-05T22:57Z,3870,gP,1.944
2026-10-05T22:57Z,3870,g98e5,1.944
2026-10-05T22:57Z,3872,g95e5,1.879
2026-10-05T22:57Z,3872,g98e5,1.989
2026-10-05T22:57Z,3872,g95e5p,1.949
2026-10-05T22:57Z,3876,g95e5,1.889
2026-10-05T22:57Z,3876,gA,1.979
2026-10-05T22:57Z,3876,g98e5,2.049
2026-10-05T22:57Z,3881,gA,1.944
2026-10-05T22:57Z,3881,gP,2.039
2026-10-05T22:57Z,3882,gP,2.039
2026-10-05T22:57Z,3884,g95e5,1.859
2026-10-05T22:57Z,3884,gA,1.915
2026-10-05T22:57Z,3884,gP,1.985
2026-10-05T22:57Z,3884,g98e5,2.019
2026-10-05T22:57Z,3885,g95e5,1.859
2026-10-05T22:57Z,3885,gA,1.909
2026-10-05T22:57Z,3885,gP,1.999
2026-10-05T22:57Z,3885,g98e5,1.999
2026-10-05T22:57Z,3887,g95e5,1.869
2026-10-05T22:57Z,3889,g95e5,1.905
2026-10-05T22:57Z,3889,gA,1.905
2026-10-05T22:57Z,3889,g98e5,2.065
2026-10-05T22:57Z,3891,gA,1.944
2026-10-05T22:57Z,3891,gP,2.029
2026-10-05T22:57Z,3892,gA,1.944
2026-10-05T22:57Z,3892,gP,2.029
2026-10-05T22:57Z,3895,gA,1.905
2026-10-05T22:57Z,3896,g95e5,1.829
2026-10-05T22:57Z,3896,gA,1.909
2026-10-05T22:57Z,3896,gP,1.959
2026-10-05T22:57Z,3896,gB,1.739
2026-10-05T22:57Z,3897,g95e5,1.869
2026-10-05T22:57Z,3898,g95e5,1.875
2026-10-05T22:57Z,3898,g98e5,1.985
2026-10-05T22:57Z,3899,g95e5,1.875
2026-10-05T22:57Z,3899,g98e5,1.985
2026-10-05T22:57Z,3899,g95e5p,1.955
2026-10-05T22:57Z,3901,gA,1.979
2026-10-05T22:57Z,3901,gP,2.049
2026-10-05T22:57Z,3902,g95e5,1.829
2026-10-05T22:57Z,3902,g98e5,1.989
2026-10-05T22:57Z,3904,g95e5,1.899
2026-10-05T22:57Z,3904,g98e5,2.009
2026-10-05T22:57Z,3906,g95e5,1.865
2026-10-05T22:57Z,3907,g95e5,1.865
2026-10-05T22:57Z,3907,g98e5,2.025
2026-10-05T22:57Z,3913,g95e5,1.855
2026-10-05T22:57Z,3913,gA,1.949
2026-10-05T22:57Z,3913,gP,2.039
2026-10-05T22:57Z,3913,g98e5,1.995
2026-10-05T22:57Z,3916,gP,1.979
2026-10-05T22:57Z,3921,g95e5,1.839
2026-10-05T22:57Z,3921,gA,1.909
2026-10-05T22:57Z,3921,gP,1.999
2026-10-05T22:57Z,3921,g98e5,1.979
2026-10-05T22:57Z,3924,gA,1.954
2026-10-05T22:57Z,3924,gP,2.019
2026-10-05T22:57Z,3929,gA,1.885
2026-10-05T22:57Z,3929,gP,1.975
2026-10-05T22:57Z,3932,g95e5,1.849
2026-10-05T22:57Z,3932,g98e5,2.009
2026-10-05T22:57Z,3937,g95e5,1.899
2026-10-05T22:57Z,3937,gA,1.909
2026-10-05T22:57Z,3940,g95e5,1.869
2026-10-05T22:57Z,3940,g98e5,1.979
2026-10-05T22:57Z,3940,g95e5p,1.929
2026-10-05T22:57Z,3953,g95e5,1.849
2026-10-05T22:57Z,3953,g98e5,2.009
2026-10-05T22:57Z,3953,g95e5p,1.909
2026-10-05T22:57Z,3955,g95e5,1.879
2026-10-05T22:57Z,3955,gA,1.969
2026-10-05T22:57Z,3956,gA,1.955
2026-10-05T22:57Z,3958,g95e5,1.879
2026-10-05T22:57Z,3958,gA,1.925
2026-10-05T22:57Z,3958,gP,1.975
2026-10-05T22:57Z,3958,g98e5,1.989
2026-10-05T22:57Z,3960,g95e5,1.899
2026-10-05T22:57Z,3960,gA,1.929
2026-10-05T22:57Z,3960,gP,1.999
2026-10-05T22:57Z,3960,g98e5,2.059
2026-10-05T22:57Z,3963,g95e5,1.869
2026-10-05T22:57Z,3963,g98e5,1.979
2026-10-05T22:57Z,3964,gP,2.049
2026-10-05T22:57Z,3967,g95e5,1.839
2026-10-05T22:57Z,3967,gA,1.919
2026-10-05T22:57Z,3967,gP,1.969
2026-10-05T22:57Z,3968,g95e5,1.839
2026-10-05T22:57Z,3968,gA,1.919
2026-10-05T22:57Z,3968,gP,1.969
2026-10-05T22:57Z,3968,g98e5,1.959
2026-10-05T22:57Z,3987,g95e5,1.754
2026-10-05T22:57Z,3987,gA,1.874
2026-10-05T22:57Z,3988,g95e5,1.799
2026-10-05T22:57Z,3988,gA,1.949
2026-10-05T22:57Z,3988,gP,1.999
2026-10-05T22:57Z,3988,gB,1.569
2026-10-05T22:57Z,3993,gA,1.944
2026-10-05T22:57Z,3993,gP,2.034
2026-10-05T22:57Z,3993,g98e5,1.949
2026-10-05T22:57Z,3993,g95e5p,1.859
2026-10-05T22:57Z,3996,g95e5,1.859
2026-10-05T22:57Z,3996,gA,1.909
2026-10-05T22:57Z,3996,gP,1.999
2026-10-05T22:57Z,3996,g98e5,1.999
2026-10-05T22:57Z,4002,gA,1.697
2026-10-05T22:57Z,4005,g95e5,1.884
2026-10-05T22:57Z,4005,gA,1.994
2026-10-05T22:57Z,4005,gP,2.084
2026-10-05T22:57Z,4005,g98e5,2.014
2026-10-05T22:57Z,4006,g95e5,1.824
2026-10-05T22:57Z,4006,gA,1.889
2026-10-05T22:57Z,4006,gP,1.939
2026-10-05T22:57Z,4006,g98e5,1.944
2026-10-05T22:57Z,4012,gA,1.945
2026-10-05T22:57Z,4012,gP,2.035
2026-10-05T22:57Z,4013,g95e5,1.639
2026-10-05T22:57Z,4013,gA,1.679
2026-10-05T22:57Z,4014,g95e5,1.869
2026-10-05T22:57Z,4014,gA,1.929
2026-10-05T22:57Z,4014,gP,2.019
2026-10-05T22:57Z,4014,g98e5,2.009
2026-10-05T22:57Z,4015,g95e5,1.829
2026-10-05T22:57Z,4015,gA,1.939
2026-10-05T22:57Z,4015,g98e5,1.989
2026-10-05T22:57Z,4015,gB,1.775
2026-10-05T22:57Z,4018,g95e5,1.869
2026-10-05T22:57Z,4018,g98e5,2.009
2026-10-05T22:57Z,4019,g95e5,1.839
2026-10-05T22:57Z,4019,gA,1.909
2026-10-05T22:57Z,4019,gP,1.999
2026-10-05T22:57Z,4019,g98e5,1.979
2026-10-05T22:57Z,4021,gP,2.049
2026-10-05T22:57Z,4025,g95e5,1.869
2026-10-05T22:57Z,4025,gA,1.905
2026-10-05T22:57Z,4025,gP,1.995
2026-10-05T22:57Z,4025,g98e5,2.009
2026-10-05T22:57Z,4032,g95e5,1.869
2026-10-05T22:57Z,4032,gA,1.939
2026-10-05T22:57Z,4032,g98e5,2.009
2026-10-05T22:57Z,4032,g95e5p,1.949
2026-10-05T22:57Z,4034,g95e5,1.845
2026-10-05T22:57Z,4034,g98e5,2.005
2026-10-05T22:57Z,4038,gP,1.975
2026-10-05T22:57Z,4039,g95e5,1.839
2026-10-05T22:57Z,4039,gA,1.909
2026-10-05T22:57Z,4039,gP,1.999
2026-10-05T22:57Z,4039,g98e5,1.979
2026-10-05T22:57Z,4042,g95e5,1.849
2026-10-05T22:57Z,4042,g98e5,2.009
2026-10-05T22:57Z,4044,g95e5,1.869
2026-10-05T22:57Z,4046,g95e5,1.875
2026-10-05T22:57Z,4046,g98e5,2.035
2026-10-05T22:57Z,4053,gA,1.964
2026-10-05T22:57Z,4053,gP,2.029
2026-10-05T22:57Z,4053,gB,1.883
2026-10-05T22:57Z,4060,gP,1.975
2026-10-05T22:57Z,4061,g95e5,1.715
2026-10-05T22:57Z,4061,g98e5,1.855
2026-10-05T22:57Z,4062,gP,1.989
2026-10-05T22:57Z,4064,gA,1.924
2026-10-05T22:57Z,4064,gP,1.974
2026-10-05T22:57Z,4064,gB,1.883
2026-10-05T22:57Z,4068,g95e5,1.879
2026-10-05T22:57Z,4068,gA,1.925
2026-10-05T22:57Z,4068,g98e5,2.009
2026-10-05T22:57Z,4069,gP,1.989
2026-10-05T22:57Z,4071,g95e5,1.905
2026-10-05T22:57Z,4071,gA,1.959
2026-10-05T22:57Z,4071,gP,2.009
2026-10-05T22:57Z,4071,g98e5,2.015
2026-10-05T22:57Z,4072,g95e5,1.849
2026-10-05T22:57Z,4072,gA,1.969
2026-10-05T22:57Z,4072,gP,2.039
2026-10-05T22:57Z,4074,g95e5,1.899
2026-10-05T22:57Z,4074,g98e5,2.059
2026-10-05T22:57Z,4075,g95e5,1.905
2026-10-05T22:57Z,4075,gA,1.905
2026-10-05T22:57Z,4075,gP,1.955
2026-10-05T22:57Z,4075,g98e5,2.065
2026-10-05T22:57Z,4076,gA,1.945
2026-10-05T22:57Z,4076,gP,1.995
2026-10-05T22:57Z,4078,g95e5,1.905
2026-10-05T22:57Z,4078,gA,1.949
2026-10-05T22:57Z,4078,gP,1.999
2026-10-05T22:57Z,4078,g98e5,2.065
2026-10-05T22:57Z,4079,g95e5,1.869
2026-10-05T22:57Z,4079,gA,1.949
2026-10-05T22:57Z,4080,g95e5,1.905
2026-10-05T22:57Z,4080,gA,1.925
2026-10-05T22:57Z,4080,gP,1.975
2026-10-05T22:57Z,4080,g98e5,2.065
2026-10-05T22:57Z,4082,g95e5,1.979
2026-10-05T22:57Z,4082,gA,1.989
2026-10-05T22:57Z,4082,gP,2.079
2026-10-05T22:57Z,4085,g95e5,1.879
2026-10-05T22:57Z,4085,g98e5,1.989
2026-10-05T22:57Z,4088,gA,1.939
2026-10-05T22:57Z,4089,g95e5,1.849
2026-10-05T22:57Z,4089,gA,1.969
2026-10-05T22:57Z,4089,gP,2.039
2026-10-05T22:57Z,4089,g98e5,2.009
2026-10-05T22:57Z,4090,g95e5,1.845
2026-10-05T22:57Z,4090,gP,1.979
2026-10-05T22:57Z,4090,g98e5,2.005
2026-10-05T22:57Z,4091,g95e5,1.905
2026-10-05T22:57Z,4091,gA,1.935
2026-10-05T22:57Z,4091,gP,1.985
2026-10-05T22:57Z,4093,g95e5,1.885
2026-10-05T22:57Z,4093,gA,1.949
2026-10-05T22:57Z,4093,g98e5,1.995
2026-10-05T22:57Z,4094,gA,1.969
2026-10-05T22:57Z,4094,gP,2.039
2026-10-05T22:57Z,4095,g98e5,2.015
2026-10-05T22:57Z,4096,gA,1.955
2026-10-05T22:57Z,4096,gP,2.005
2026-10-05T22:57Z,4096,g98e5,1.999
2026-10-05T22:57Z,4097,gA,1.955
2026-10-05T22:57Z,4097,gP,2.005
2026-10-05T22:57Z,4097,g98e5,1.999
2026-10-05T22:57Z,4098,g95e5,1.839
2026-10-05T22:57Z,4098,gA,1.945
2026-10-05T22:57Z,4098,g98e5,1.959
2026-10-05T22:57Z,4102,gA,1.789
2026-10-05T22:57Z,4102,gP,1.799
2026-10-05T22:57Z,4103,g95e5,1.858
2026-10-05T22:57Z,4103,gA,1.939
2026-10-05T22:57Z,4103,gP,1.984
2026-10-05T22:57Z,4103,g95e5p,1.888
2026-10-05T22:57Z,4108,g95e5,1.889
2026-10-05T22:57Z,4108,gA,1.925
2026-10-05T22:57Z,4108,gP,2.015
2026-10-05T22:57Z,4108,g98e5,2.029
2026-10-05T22:57Z,4109,gA,1.985
2026-10-05T22:57Z,4109,gP,2.075
2026-10-05T22:57Z,4110,gA,1.985
2026-10-05T22:57Z,4110,gP,2.075
2026-10-05T22:57Z,4113,g95e5,1.699
2026-10-05T22:57Z,4113,g98e5,1.779
2026-10-05T22:57Z,4114,g95e5,1.659
2026-10-05T22:57Z,4114,gA,1.707
2026-10-05T22:57Z,4114,gP,1.809
2026-10-05T22:57Z,4117,g95e5,1.839
2026-10-05T22:57Z,4117,gA,1.939
2026-10-05T22:57Z,4117,gP,2.029
2026-10-05T22:57Z,4117,g98e5,1.979
2026-10-05T22:57Z,4118,g95e5,1.849
2026-10-05T22:57Z,4118,g98e5,2.009
2026-10-05T22:57Z,4119,g95e5,1.739
2026-10-05T22:57Z,4119,gA,1.829
2026-10-05T22:57Z,4123,g95e5,1.809
2026-10-05T22:57Z,4123,gA,1.859
2026-10-05T22:57Z,4123,g98e5,1.949
2026-10-05T22:57Z,4127,g95e5,1.855
2026-10-05T22:57Z,4127,gA,1.975
2026-10-05T22:57Z,4127,gP,2.025
2026-10-05T22:57Z,4127,g98e5,1.995
2026-10-05T22:57Z,4128,gA,1.669
2026-10-05T22:57Z,4129,g95e5,1.789
2026-10-05T22:57Z,4129,gA,1.869
2026-10-05T22:57Z,4129,gP,1.919
2026-10-05T22:57Z,4129,g98e5,1.949
2026-10-05T22:57Z,4130,g95e5,1.744
2026-10-05T22:57Z,4130,gA,1.874
2026-10-05T22:57Z,4130,g98e5,1.884
2026-10-05T22:57Z,4160,g95e5,1.889
2026-10-05T22:57Z,4160,gA,1.919
2026-10-05T22:57Z,4160,g98e5,1.989
2026-10-05T22:57Z,4166,g95e5,1.829
2026-10-05T22:57Z,4166,gA,1.959
2026-10-05T22:57Z,4167,gA,1.944
2026-10-05T22:57Z,4167,gP,2.029
2026-10-05T22:57Z,4168,g95e5,1.839
2026-10-05T22:57Z,4168,gA,1.959
2026-10-05T22:57Z,4169,g95e5,1.789
2026-10-05T22:57Z,4169,gA,1.929
2026-10-05T22:57Z,4169,gP,2.019
2026-10-05T22:57Z,4169,g98e5,1.929
2026-10-05T22:57Z,4169,gB,1.729
2026-10-05T22:57Z,4170,g95e5,1.839
2026-10-05T22:57Z,4170,gA,1.959
2026-10-05T22:57Z,4170,gP,2.049
2026-10-05T22:57Z,4170,g98e5,1.979
2026-10-05T22:57Z,4175,g95e5,1.833
2026-10-05T22:57Z,4175,gA,1.939
2026-10-05T22:57Z,4175,gP,2.034
2026-10-05T22:57Z,4175,g98e5,1.979
2026-10-05T22:57Z,4175,gB,1.779
2026-10-05T22:57Z,4182,g95e5,1.669
2026-10-05T22:57Z,4182,gA,1.769
2026-10-05T22:57Z,4186,g95e5,1.839
2026-10-05T22:57Z,4186,gA,1.959
2026-10-05T22:57Z,4186,gP,2.049
2026-10-05T22:57Z,4186,g98e5,1.979
2026-10-05T22:57Z,4192,g95e5,1.849
2026-10-05T22:57Z,4192,gA,1.969
2026-10-05T22:57Z,4192,gP,2.069
2026-10-05T22:57Z,4193,gA,1.944
2026-10-05T22:57Z,4193,gP,2.004
2026-10-05T22:57Z,4195,g95e5,1.849
2026-10-05T22:57Z,4195,g98e5,1.999
2026-10-05T22:57Z,4198,g95e5,1.809
2026-10-05T22:57Z,4198,g98e5,1.919
2026-10-05T22:57Z,4198,g95e5p,1.879
2026-10-05T22:57Z,4202,g95e5,1.799
2026-10-05T22:57Z,4202,gA,1.949
2026-10-05T22:57Z,4202,g95e5p,1.849
2026-10-05T22:57Z,4203,g95e5,1.799
2026-10-05T22:57Z,4203,gA,1.949
2026-10-05T22:57Z,4203,gP,2.059
2026-10-05T22:57Z,4203,g98e5,1.909
2026-10-05T22:57Z,4204,g95e5,1.835
2026-10-05T22:57Z,4204,g98e5,1.945
2026-10-05T22:57Z,4204,g95e5p,1.895
2026-10-05T22:57Z,4205,g95e5,1.839
2026-10-05T22:57Z,4205,gA,1.985
2026-10-05T22:57Z,4205,g98e5,1.949
2026-10-05T22:57Z,4206,g95e5,1.839
2026-10-05T22:57Z,4206,gP,2.055
2026-10-05T22:57Z,4206,g98e5,1.949
2026-10-05T22:57Z,4207,g95e5,1.849
2026-10-05T22:57Z,4207,g98e5,1.959
2026-10-05T22:57Z,4211,g95e5,1.789
2026-10-05T22:57Z,4211,g98e5,1.899
2026-10-05T22:57Z,4214,g95e5,1.839
2026-10-05T22:57Z,4214,gA,1.929
2026-10-05T22:57Z,4214,g98e5,1.949
2026-10-05T22:57Z,4214,g95e5p,1.909
2026-10-05T22:57Z,4216,g95e5,1.785
2026-10-05T22:57Z,4216,gA,1.945
2026-10-05T22:57Z,4216,g98e5,1.895
2026-10-05T22:57Z,4217,g95e5,1.899
2026-10-05T22:57Z,4217,gA,1.949
2026-10-05T22:57Z,4217,gP,2.049
2026-10-05T22:57Z,4217,g98e5,2.059
2026-10-05T22:57Z,4218,g95e5,1.719
2026-10-05T22:57Z,4218,gP,1.879
2026-10-05T22:57Z,4218,g98e5,1.879
2026-10-05T22:57Z,4220,g95e5,1.835
2026-10-05T22:57Z,4220,gA,1.939
2026-10-05T22:57Z,4220,gP,2.029
2026-10-05T22:57Z,4220,g98e5,1.975
2026-10-05T22:57Z,4223,g95e5,1.809
2026-10-05T22:57Z,4223,gA,1.989
2026-10-05T22:57Z,4223,g98e5,1.919
2026-10-05T22:57Z,4223,g95e5p,1.879
2026-10-05T22:57Z,4224,g95e5,1.899
2026-10-05T22:57Z,4224,gA,1.949
2026-10-05T22:57Z,4224,gP,2.049
2026-10-05T22:57Z,4224,g98e5,2.059
2026-10-05T22:57Z,4225,g95e5,1.785
2026-10-05T22:57Z,4225,gA,1.979
2026-10-05T22:57Z,4225,g98e5,1.895
2026-10-05T22:57Z,4228,g95e5,1.789
2026-10-05T22:57Z,4228,gA,1.929
2026-10-05T22:57Z,4228,gP,2.019
2026-10-05T22:57Z,4228,g98e5,1.929
2026-10-05T22:57Z,4233,g95e5,1.795
2026-10-05T22:57Z,4233,gA,1.975
2026-10-05T22:57Z,4233,g98e5,1.905
2026-10-05T22:57Z,4238,g95e5,1.829
2026-10-05T22:57Z,4238,g98e5,1.939
2026-10-05T22:57Z,4238,g95e5p,1.899
2026-10-05T22:57Z,4241,g95e5,1.849
2026-10-05T22:57Z,4241,g98e5,1.999
2026-10-05T22:57Z,4243,gA,1.924
2026-10-05T22:57Z,4243,gP,2.039
2026-10-05T22:57Z,4246,gA,1.944
2026-10-05T22:57Z,4246,gP,2.059
2026-10-05T22:57Z,4247,gA,1.934
2026-10-05T22:57Z,4247,gP,2.059
2026-10-05T22:57Z,4248,gA,1.934
2026-10-05T22:57Z,4248,gP,2.059
2026-10-05T22:57Z,4249,g95e5,1.789
2026-10-05T22:57Z,4252,g95e5,1.785
2026-10-05T22:57Z,4252,gA,1.975
2026-10-05T22:57Z,4252,g98e5,1.895
2026-10-05T22:57Z,4252,gB,1.859
2026-10-05T22:57Z,4256,gA,1.949
2026-10-05T22:57Z,4256,g95e5p,1.959
2026-10-05T22:57Z,4258,g95e5,1.845
2026-10-05T22:57Z,4258,gA,1.935
2026-10-05T22:57Z,4258,g98e5,1.955
2026-10-05T22:57Z,4258,g95e5p,1.915
2026-10-05T22:57Z,4264,gA,1.934
2026-10-05T22:57Z,4264,gP,2.059
2026-10-05T22:57Z,4265,gA,1.934
2026-10-05T22:57Z,4265,gP,2.059
2026-10-05T22:57Z,4266,gA,1.969
2026-10-05T22:57Z,4266,gP,2.059
2026-10-05T22:57Z,4266,g98e5,1.959
2026-10-05T22:57Z,4266,g95e5p,1.899
2026-10-05T22:57Z,4266,glp,1.189
2026-10-05T22:57Z,4266,gB,1.859
2026-10-05T22:57Z,4275,gA,1.989
2026-10-05T22:57Z,4277,g95e5,1.845
2026-10-05T22:57Z,4277,gA,1.955
2026-10-05T22:57Z,4277,g98e5,1.955
2026-10-05T22:57Z,4277,g95e5p,1.915
2026-10-05T22:57Z,4278,gA,1.944
2026-10-05T22:57Z,4278,gP,2.039
2026-10-05T22:57Z,4278,gB,1.823
2026-10-05T22:57Z,4283,gA,1.924
2026-10-05T22:57Z,4283,gP,2.039
2026-10-05T22:57Z,4284,g95e5,1.825
2026-10-05T22:57Z,4284,gA,1.945
2026-10-05T22:57Z,4284,g98e5,1.935
2026-10-05T22:57Z,4286,g95e5,1.805
2026-10-05T22:57Z,4286,g98e5,1.915
2026-10-05T22:57Z,4289,g95e5,1.845
2026-10-05T22:57Z,4289,g98e5,1.955
2026-10-05T22:57Z,4290,g95e5,1.845
2026-10-05T22:57Z,4290,g98e5,1.955
2026-10-05T22:57Z,4295,g95e5,1.759
2026-10-05T22:57Z,4295,gA,1.919
2026-10-05T22:57Z,4295,gP,1.969
2026-10-05T22:57Z,4295,g95e5p,1.809
2026-10-05T22:57Z,4296,g95e5,1.709
2026-10-05T22:57Z,4296,gA,1.849
2026-10-05T22:57Z,4296,gP,1.899
2026-10-05T22:57Z,4296,g98e5,1.819
2026-10-05T22:57Z,4300,g95e5,1.719
2026-10-05T22:57Z,4300,gA,1.789
2026-10-05T22:57Z,4306,g95e5,1.825
2026-10-05T22:57Z,4306,gA,1.979
2026-10-05T22:57Z,4306,g98e5,1.985
2026-10-05T22:57Z,4307,g95e5,1.825
2026-10-05T22:57Z,4307,gP,2.049
2026-10-05T22:57Z,4307,g98e5,1.985
2026-10-05T22:57Z,4309,g95e5,1.779
2026-10-05T22:57Z,4309,gA,1.925
2026-10-05T22:57Z,4309,gP,1.995
2026-10-05T22:57Z,4309,g98e5,1.939
2026-10-05T22:57Z,4310,g95e5,1.779
2026-10-05T22:57Z,4310,gA,1.909
2026-10-05T22:57Z,4310,gP,1.959
2026-10-05T22:57Z,4310,g98e5,1.869
2026-10-05T22:57Z,4312,g95e5,1.848
2026-10-05T22:57Z,4312,gA,1.969
2026-10-05T22:57Z,4312,gP,2.079
2026-10-05T22:57Z,4312,g95e5p,1.888
2026-10-05T22:57Z,4313,g95e5,1.789
2026-10-05T22:57Z,4313,gA,1.929
2026-10-05T22:57Z,4313,gP,1.979
2026-10-05T22:57Z,4313,g95e5p,1.839
2026-10-05T22:57Z,4314,g95e5,1.829
2026-10-05T22:57Z,4314,gA,1.979
2026-10-05T22:57Z,4314,gP,2.069
2026-10-05T22:57Z,4314,g98e5,1.969
2026-10-05T22:57Z,4315,g95e5,2.044
2026-10-05T22:57Z,4315,gA,2.034
2026-10-05T22:57Z,4315,g95e5p,2.094
2026-10-05T22:57Z,4316,g95e5,1.849
2026-10-05T22:57Z,4316,gA,1.979
2026-10-05T22:57Z,4316,gP,2.069
2026-10-05T22:57Z,4316,g98e5,1.989
2026-10-05T22:57Z,4317,g95e5,1.939
2026-10-05T22:57Z,4317,gA,1.999
2026-10-05T22:57Z,4317,g98e5,2.139
2026-10-05T22:57Z,4319,g95e5,1.845
2026-10-05T22:57Z,4320,gA,1.964
2026-10-05T22:57Z,4320,gP,2.069
2026-10-05T22:57Z,4321,g95e5,1.829
2026-10-05T22:57Z,4321,gA,1.959
2026-10-05T22:57Z,4321,gP,2.049
2026-10-05T22:57Z,4321,g98e5,1.969
2026-10-05T22:57Z,4322,gA,2.009
2026-10-05T22:57Z,4324,g95e5,1.815
2026-10-05T22:57Z,4324,g98e5,1.975
2026-10-05T22:57Z,4325,gA,1.954
2026-10-05T22:57Z,4325,gP,2.019
2026-10-05T22:57Z,4327,g95e5,1.819
2026-10-05T22:57Z,4327,g98e5,1.929
2026-10-05T22:57Z,4327,g95e5p,1.889
2026-10-05T22:57Z,4328,gA,1.985
2026-10-05T22:57Z,4329,gA,1.985
2026-10-05T22:57Z,4330,gA,1.979
2026-10-05T22:57Z,4330,gP,2.019
2026-10-05T22:57Z,4330,g98e5,1.979
2026-10-05T22:57Z,4333,g95e5,1.815
2026-10-05T22:57Z,4334,gP,2.085
2026-10-05T22:57Z,4337,g95e5,1.839
2026-10-05T22:57Z,4337,g98e5,1.999
2026-10-05T22:57Z,4339,g95e5,1.819
2026-10-05T22:57Z,4339,g98e5,1.929
2026-10-05T22:57Z,4342,g95e5,1.815
2026-10-05T22:57Z,4342,g98e5,1.975
2026-10-05T22:57Z,4346,g95e5,1.838
2026-10-05T22:57Z,4346,gA,1.969
2026-10-05T22:57Z,4346,gP,2.079
2026-10-05T22:57Z,4346,g95e5p,1.878
2026-10-05T22:57Z,4347,g95e5,1.865
2026-10-05T22:57Z,4347,gA,2.009
2026-10-05T22:57Z,4349,g95e5,1.855
2026-10-05T22:57Z,4349,gA,2.009
2026-10-05T22:57Z,4349,g98e5,1.965
2026-10-05T22:57Z,4351,g95e5,1.865
2026-10-05T22:57Z,4351,gA,1.995
2026-10-05T22:57Z,4352,g95e5,1.889
2026-10-05T22:57Z,4352,gA,1.975
2026-10-05T22:57Z,4353,g95e5,1.859
2026-10-05T22:57Z,4353,gA,1.989
2026-10-05T22:57Z,4354,g95e5,1.815
2026-10-05T22:57Z,4354,g98e5,1.975
2026-10-05T22:57Z,4356,g95e5,1.819
2026-10-05T22:57Z,4356,gA,1.959
2026-10-05T22:57Z,4356,gP,2.049
2026-10-05T22:57Z,4356,g98e5,1.959
2026-10-05T22:57Z,4358,g95e5,1.879
2026-10-05T22:57Z,4358,g98e5,1.989
2026-10-05T22:57Z,4368,g95e5,1.829
2026-10-05T22:57Z,4368,gA,1.969
2026-10-05T22:57Z,4368,gP,2.059
2026-10-05T22:57Z,4368,g95e5p,1.919
2026-10-05T22:57Z,4368,gB,1.779
2026-10-05T22:57Z,4379,g95e5,1.709
2026-10-05T22:57Z,4379,gA,1.779
2026-10-05T22:57Z,4379,g98e5,1.809
2026-10-05T22:57Z,4379,gB,1.559
2026-10-05T22:57Z,4390,g95e5,1.897
2026-10-05T22:57Z,4392,g95e5,1.869
2026-10-05T22:57Z,4431,g95e5,1.754
2026-10-05T22:57Z,4431,gA,1.919
2026-10-05T22:57Z,4431,gP,1.969
2026-10-05T22:57Z,4431,g98e5,1.864
2026-10-05T22:57Z,4432,g95e5,1.754
2026-10-05T22:57Z,4432,gA,1.919
2026-10-05T22:57Z,4432,gP,1.969
2026-10-05T22:57Z,4432,g98e5,1.864
2026-10-05T22:57Z,4433,g95e5,1.849
2026-10-05T22:57Z,4433,gA,1.999
2026-10-05T22:57Z,4433,gP,2.049
2026-10-05T22:57Z,4433,g98e5,1.989
2026-10-05T22:57Z,4448,g95e5,1.865
2026-10-05T22:57Z,4448,gA,2.005
2026-10-05T22:57Z,4449,g95e5,1.869
2026-10-05T22:57Z,4449,gA,1.999
2026-10-05T22:57Z,4449,g98e5,2.009
2026-10-05T22:57Z,4450,gA,1.989
2026-10-05T22:57Z,4450,g98e5,2.009
2026-10-05T22:57Z,4451,g95e5,1.779
2026-10-05T22:57Z,4451,gP,1.939
2026-10-05T22:57Z,4451,g98e5,1.979
2026-10-05T22:57Z,4452,g95e5,1.835
2026-10-05T22:57Z,4452,gA,1.975
2026-10-05T22:57Z,4452,gP,2.065
2026-10-05T22:57Z,4454,g95e5,1.825
2026-10-05T22:57Z,4454,gA,1.959
2026-10-05T22:57Z,4454,gP,2.049
2026-10-05T22:57Z,4454,g98e5,1.965
2026-10-05T22:57Z,4456,g95e5,1.859
2026-10-05T22:57Z,4456,gA,1.979
2026-10-05T22:57Z,4456,gP,2.069
2026-10-05T22:57Z,4456,g98e5,1.999
2026-10-05T22:57Z,4461,g95e5,1.865
2026-10-05T22:57Z,4461,g98e5,1.975
2026-10-05T22:57Z,4462,g98e5,1.945
2026-10-05T22:57Z,4463,g95e5,1.848
2026-10-05T22:57Z,4463,gA,1.969
2026-10-05T22:57Z,4463,gP,2.079
2026-10-05T22:57Z,4463,g98e5,1.958
2026-10-05T22:57Z,4463,g95e10,1.918
2026-10-05T22:57Z,4463,gB,1.933
2026-10-05T22:57Z,4467,g95e5,1.865
2026-10-05T22:57Z,4467,g98e5,1.975
2026-10-05T22:57Z,4468,g95e5,1.835
2026-10-05T22:57Z,4468,g98e5,1.965
2026-10-05T22:57Z,4468,g95e5p,1.905
2026-10-05T22:57Z,4469,g95e5,1.829
2026-10-05T22:57Z,4469,gA,1.979
2026-10-05T22:57Z,4469,gP,2.069
2026-10-05T22:57Z,4469,g98e5,1.969
2026-10-05T22:57Z,4474,g95e5,1.819
2026-10-05T22:57Z,4475,g95e5,1.815
2026-10-05T22:57Z,4475,g98e5,1.975
2026-10-05T22:57Z,4476,g95e5,1.809
2026-10-05T22:57Z,4476,gA,1.979
2026-10-05T22:57Z,4476,gP,2.029
2026-10-05T22:57Z,4476,g95e5p,1.859
2026-10-05T22:57Z,4476,gB,1.879
2026-10-05T22:57Z,4481,gA,1.969
2026-10-05T22:57Z,4481,gP,2.079
2026-10-05T22:57Z,4483,g95e5,1.829
2026-10-05T22:57Z,4483,g98e5,1.989
2026-10-05T22:57Z,4484,g95e5,1.835
2026-10-05T22:57Z,4485,gA,1.969
2026-10-05T22:57Z,4485,gP,2.024
2026-10-05T22:57Z,4486,gA,1.969
2026-10-05T22:57Z,4486,gP,2.059
2026-10-05T22:57Z,4488,g95e5,1.839
2026-10-05T22:57Z,4490,gA,2.005
2026-10-05T22:57Z,4492,gA,1.964
2026-10-05T22:57Z,4492,gP,2.079
2026-10-05T22:57Z,4497,gA,1.959
2026-10-05T22:57Z,4498,gA,1.965
2026-10-05T22:57Z,4504,g95e5,1.835
2026-10-05T22:57Z,4505,gP,2.045
2026-10-05T22:57Z,4511,gP,2.045
2026-10-05T22:57Z,4512,gA,1.969
2026-10-05T22:57Z,4512,gP,2.069
2026-10-05T22:57Z,4513,g95e5,1.819
2026-10-05T22:57Z,4515,gA,1.969
2026-10-05T22:57Z,4515,gP,2.069
2026-10-05T22:57Z,4516,gA,1.969
2026-10-05T22:57Z,4516,gP,2.069
2026-10-05T22:57Z,4517,g95e5,1.855
2026-10-05T22:57Z,4518,g95e5,1.859
2026-10-05T22:57Z,4518,gA,1.949
2026-10-05T22:57Z,4518,gP,2.039
2026-10-05T22:57Z,4518,g98e5,1.999
2026-10-05T22:57Z,4521,g95e5,1.835
2026-10-05T22:57Z,4521,gA,1.975
2026-10-05T22:57Z,4525,g95e5,1.855
2026-10-05T22:57Z,4525,gA,1.995
2026-10-05T22:57Z,4525,g98e5,1.965
2026-10-05T22:57Z,4525,g95e5p,1.925
2026-10-05T22:57Z,4526,g95e5,1.865
2026-10-05T22:57Z,4526,gA,1.959
2026-10-05T22:57Z,4526,g98e5,1.975
2026-10-05T22:57Z,4526,g95e5p,1.925
2026-10-05T22:57Z,4527,g95e5,1.889
2026-10-05T22:57Z,4527,gA,1.979
2026-10-05T22:57Z,4528,g95e5,1.845
2026-10-05T22:57Z,4531,g95e5,1.889
2026-10-05T22:57Z,4531,gA,1.995
2026-10-05T22:57Z,4534,gA,1.969
2026-10-05T22:57Z,4534,gP,2.079
2026-10-05T22:57Z,4535,gA,1.859
2026-10-05T22:57Z,4535,gP,1.879
2026-10-05T22:57Z,4536,g95e5,1.835
2026-10-05T22:57Z,4538,g95e5,1.865
2026-10-05T22:57Z,4538,gA,1.965
2026-10-05T22:57Z,4539,gA,1.969
2026-10-05T22:57Z,4539,gP,2.079
2026-10-05T22:57Z,4540,g95e5,1.825
2026-10-05T22:57Z,4540,gA,2.025
2026-10-05T22:57Z,4540,g98e5,1.985
2026-10-05T22:57Z,4541,gA,1.969
2026-10-05T22:57Z,4542,g95e5,1.835
2026-10-05T22:57Z,4542,gA,2.009
2026-10-05T22:57Z,4542,gP,2.079
2026-10-05T22:57Z,4542,g98e5,1.995
2026-10-05T22:57Z,4543,g95e5,1.865
2026-10-05T22:57Z,4544,g95e5,1.865
2026-10-05T22:57Z,4544,gA,1.995
2026-10-05T22:57Z,4544,g98e5,1.975
2026-10-05T22:57Z,4544,g95e5p,1.935
2026-10-05T22:57Z,4546,g95e5,1.839
2026-10-05T22:57Z,4546,gA,1.965
2026-10-05T22:57Z,4546,g98e5,1.949
2026-10-05T22:57Z,4546,g95e5p,1.909
2026-10-05T22:57Z,4549,g95e5,1.819
2026-10-05T22:57Z,4555,gA,1.964
2026-10-05T22:57Z,4555,gP,2.014
2026-10-05T22:57Z,4556,gA,1.969
2026-10-05T22:57Z,4556,gP,2.079
2026-10-05T22:57Z,4557,g95e5,1.815
2026-10-05T22:57Z,4557,gA,2.009
2026-10-05T22:57Z,4560,g95e5,1.825
2026-10-05T22:57Z,4560,gA,1.969
2026-10-05T22:57Z,4563,g95e5,1.835
2026-10-05T22:57Z,4568,g95e5,1.815
2026-10-05T22:57Z,4569,gA,1.969
2026-10-05T22:57Z,4569,gP,2.079
2026-10-05T22:57Z,4571,g95e5,1.859
2026-10-05T22:57Z,4571,gA,1.989
2026-10-05T22:57Z,4571,gP,2.079
2026-10-05T22:57Z,4571,g98e5,1.999
2026-10-05T22:57Z,4576,g95e5p,1.919
2026-10-05T22:57Z,4577,g95e5,1.849
2026-10-05T22:57Z,4578,gA,1.989
2026-10-05T22:57Z,4579,g95e5,1.859
2026-10-05T22:57Z,4580,g95e5,1.839
2026-10-05T22:57Z,4581,gA,1.979
2026-10-05T22:57Z,4581,gP,2.079
2026-10-05T22:57Z,4582,g95e5,1.835
2026-10-05T22:57Z,4583,g95e5,1.829
2026-10-05T22:57Z,4583,gA,1.959
2026-10-05T22:57Z,4583,gP,2.049
2026-10-05T22:57Z,4583,g98e5,1.969
2026-10-05T22:57Z,4586,g95e5,1.835
2026-10-05T22:57Z,4586,gA,1.989
2026-10-05T22:57Z,4586,g98e5,1.945
2026-10-05T22:57Z,4586,g95e5p,1.915
2026-10-05T22:57Z,4588,g95e5,1.815
2026-10-05T22:57Z,4588,gA,2.005
2026-10-05T22:57Z,4588,g98e5,1.925
2026-10-05T22:57Z,4592,gA,1.969
2026-10-05T22:57Z,4592,gP,2.079
2026-10-05T22:57Z,4593,gA,1.969
2026-10-05T22:57Z,4593,gP,2.079
2026-10-05T22:57Z,4595,g95e5,1.835
2026-10-05T22:57Z,4595,g98e5,1.995
2026-10-05T22:57Z,4597,gA,1.944
2026-10-05T22:57Z,4597,gP,2.059
2026-10-05T22:57Z,4598,g95e5,1.855
2026-10-05T22:57Z,4598,gA,1.959
2026-10-05T22:57Z,4598,g98e5,1.965
2026-10-05T22:57Z,4601,gA,1.969
2026-10-05T22:57Z,4601,gP,2.079
2026-10-05T22:57Z,4602,g95e5,1.719
2026-10-05T22:57Z,4602,gA,1.849
2026-10-05T22:57Z,4602,gP,1.899
2026-10-05T22:57Z,4602,g95e5p,1.769
2026-10-05T22:57Z,4603,g95e5,1.815
2026-10-05T22:57Z,4603,gA,1.955
2026-10-05T22:57Z,4603,g98e5,1.925
2026-10-05T22:57Z,4604,gA,1.979
2026-10-05T22:57Z,4605,g95e5,1.865
2026-10-05T22:57Z,4606,g95e5,1.849
2026-10-05T22:57Z,4606,g98e5,1.869
2026-10-05T22:57Z,4607,g95e5,1.815
2026-10-05T22:57Z,4607,g98e5,1.925
2026-10-05T22:57Z,4608,g95e5,1.829
2026-10-05T22:57Z,4608,gA,1.959
2026-10-05T22:57Z,4608,gP,2.049
2026-10-05T22:57Z,4608,g98e5,1.969
2026-10-05T22:57Z,4609,g95e5,1.855
2026-10-05T22:57Z,4609,gA,2.009
2026-10-05T22:57Z,4610,g95e5,1.819
2026-10-05T22:57Z,4610,gA,2.005
2026-10-05T22:57Z,4610,g98e5,1.979
2026-10-05T22:57Z,4611,g95e5,1.839
2026-10-05T22:57Z,4611,g98e5,1.999
2026-10-05T22:57Z,4612,g95e5,1.929
2026-10-05T22:57Z,4612,gA,1.969
2026-10-05T22:57Z,4613,g95e5,1.835
2026-10-05T22:57Z,4613,gA,2.009
2026-10-05T22:57Z,4613,g98e5,1.965
2026-10-05T22:57Z,4614,g95e5,1.855
2026-10-05T22:57Z,4614,gA,1.975
2026-10-05T22:57Z,4615,g95e5,1.849
2026-10-05T22:57Z,4615,g98e5,1.959
2026-10-05T22:57Z,4616,g95e5,1.839
2026-10-05T22:57Z,4616,g98e5,1.999
2026-10-05T22:57Z,4619,g95e5,1.839
2026-10-05T22:57Z,4620,g95e5,1.839
2026-10-05T22:57Z,4620,gA,1.965
2026-10-05T22:57Z,4621,gA,1.989
2026-10-05T22:57Z,4621,g98e5,1.949
2026-10-05T22:57Z,4622,g95e5,1.839
2026-10-05T22:57Z,4622,gA,1.995
2026-10-05T22:57Z,4622,g98e5,1.949
2026-10-05T22:57Z,4623,g95e5,1.815
2026-10-05T22:57Z,4623,gA,2.009
2026-10-05T22:57Z,4623,g98e5,1.975
2026-10-05T22:57Z,4624,g95e5,1.865
2026-10-05T22:57Z,4624,gA,2.029
2026-10-05T22:57Z,4624,g98e5,1.975
2026-10-05T22:57Z,4624,g95e5p,1.935
2026-10-05T22:57Z,4629,g95e5,1.819
2026-10-05T22:57Z,4629,gA,1.999
2026-10-05T22:57Z,4638,g95e5,1.835
2026-10-05T22:57Z,4638,gA,1.989
2026-10-05T22:57Z,4640,g95e5,1.859
2026-10-05T22:57Z,4640,g98e5,1.969
2026-10-05T22:57Z,4641,g95e5,1.815
2026-10-05T22:57Z,4641,g98e5,1.975
2026-10-05T22:57Z,4642,g95e5,1.815
2026-10-05T22:57Z,4642,g98e5,1.925
2026-10-05T22:57Z,4643,g95e5,1.819
2026-10-05T22:57Z,4643,g98e5,1.929
2026-10-05T22:57Z,4646,gA,1.969
2026-10-05T22:57Z,4646,gP,2.079
2026-10-05T22:57Z,4649,gA,1.964
2026-10-05T22:57Z,4649,gP,2.069
2026-10-05T22:57Z,4652,gA,1.934
2026-10-05T22:57Z,4652,gP,2.079
2026-10-05T22:57Z,4654,g95e5,1.835
2026-10-05T22:57Z,4654,gA,1.985
2026-10-05T22:57Z,4654,gP,2.075
2026-10-05T22:57Z,4654,g98e5,1.975
2026-10-05T22:57Z,4656,gA,1.939
2026-10-05T22:57Z,4656,gP,1.989
2026-10-05T22:57Z,4657,g95e5,1.819
2026-10-05T22:57Z,4657,gA,1.979
2026-10-05T22:57Z,4657,gP,2.029
2026-10-05T22:57Z,4657,g95e5p,1.869
2026-10-05T22:57Z,4662,gA,1.959
2026-10-05T22:57Z,4662,gP,2.009
2026-10-05T22:57Z,4663,gA,1.924
2026-10-05T22:57Z,4663,gP,1.994
2026-10-05T22:57Z,4664,gA,1.964
2026-10-05T22:57Z,4664,gP,2.079
2026-10-05T22:57Z,4665,g95e5,1.739
2026-10-05T22:57Z,4665,gA,1.889
2026-10-05T22:57Z,4665,gP,1.939
2026-10-05T22:57Z,4665,g95e5p,1.789
2026-10-05T22:57Z,4667,g95e5,1.839
2026-10-05T22:57Z,4667,g98e5,1.979
2026-10-05T22:57Z,4668,g95e5,1.839
2026-10-05T22:57Z,4668,g98e5,1.979
2026-10-05T22:57Z,4669,g95e5,1.839
2026-10-05T22:57Z,4669,gA,1.959
2026-10-05T22:57Z,4669,gP,2.009
2026-10-05T22:57Z,4669,g98e5,1.959
2026-10-05T22:57Z,4670,g95e5,1.859
2026-10-05T22:57Z,4670,gA,1.989
2026-10-05T22:57Z,4670,gP,2.079
2026-10-05T22:57Z,4670,g98e5,1.999
2026-10-05T22:57Z,4672,g95e5,1.769
2026-10-05T22:57Z,4672,gA,1.909
2026-10-05T22:57Z,4672,gP,1.959
2026-10-05T22:57Z,4672,g95e5p,1.819
2026-10-05T22:57Z,4673,g95e5,1.769
2026-10-05T22:57Z,4673,gA,1.909
2026-10-05T22:57Z,4673,gP,1.959
2026-10-05T22:57Z,4673,g95e5p,1.819
2026-10-05T22:57Z,4674,g95e5,1.798
2026-10-05T22:57Z,4674,gA,1.944
2026-10-05T22:57Z,4674,gP,1.994
2026-10-05T22:57Z,4674,g95e5p,1.878
2026-10-05T22:57Z,4676,g95e5,1.815
2026-10-05T22:57Z,4676,gA,1.979
2026-10-05T22:57Z,4676,gP,2.069
2026-10-05T22:57Z,4676,g98e5,1.955
2026-10-05T22:57Z,4680,gA,1.964
2026-10-05T22:57Z,4680,gP,2.014
2026-10-05T22:57Z,4682,gA,1.969
2026-10-05T22:57Z,4682,gP,2.024
2026-10-05T22:57Z,4689,gA,1.964
2026-10-05T22:57Z,4689,gP,2.014
2026-10-05T22:57Z,4690,gA,1.969
2026-10-05T22:57Z,4690,gP,2.079
2026-10-05T22:57Z,4693,g95e5,1.858
2026-10-05T22:57Z,4693,gA,1.964
2026-10-05T22:57Z,4693,gP,2.079
2026-10-05T22:57Z,4693,g95e5p,1.928
2026-10-05T22:57Z,4694,gA,1.958
2026-10-05T22:57Z,4694,gP,2.008
2026-10-05T22:57Z,4695,g95e5,1.839
2026-10-05T22:57Z,4695,gA,1.969
2026-10-05T22:57Z,4695,g98e5,1.949
2026-10-05T22:57Z,4696,g95e5,1.849
2026-10-05T22:57Z,4696,gA,1.969
2026-10-05T22:57Z,4696,gP,2.019
2026-10-05T22:57Z,4696,g98e5,1.989
2026-10-05T22:57Z,4697,g95e5,1.729
2026-10-05T22:57Z,4697,gA,1.879
2026-10-05T22:57Z,4697,g95e5p,1.779
2026-10-05T22:57Z,4698,g95e5,1.729
2026-10-05T22:57Z,4698,gA,1.879
2026-10-05T22:57Z,4698,g95e5p,1.779
2026-10-05T22:57Z,4699,gP,1.999
2026-10-05T22:57Z,4700,g95e5,1.789
2026-10-05T22:57Z,4700,gA,1.959
2026-10-05T22:57Z,4700,gP,2.009
2026-10-05T22:57Z,4700,g98e5,1.929
2026-10-05T22:57Z,4701,g95e5,1.824
2026-10-05T22:57Z,4701,gA,1.934
2026-10-05T22:57Z,4701,gP,1.984
2026-10-05T22:57Z,4701,g95e5p,1.874
2026-10-05T22:57Z,4702,g95e5,1.809
2026-10-05T22:57Z,4702,gA,1.969
2026-10-05T22:57Z,4702,gP,2.019
2026-10-05T22:57Z,4702,g95e5p,1.859
2026-10-05T22:57Z,4703,g95e5,1.809
2026-10-05T22:57Z,4703,gA,1.969
2026-10-05T22:57Z,4703,gP,2.019
2026-10-05T22:57Z,4703,g95e5p,1.859
2026-10-05T22:57Z,4707,gA,1.969
2026-10-05T22:57Z,4707,gP,2.079
2026-10-05T22:57Z,4709,gA,1.969
2026-10-05T22:57Z,4709,gP,2.079
2026-10-05T22:57Z,4721,gA,1.969
2026-10-05T22:57Z,4721,gP,2.069
2026-10-05T22:57Z,4725,gA,1.969
2026-10-05T22:57Z,4725,gP,2.079
2026-10-05T22:57Z,4728,gA,1.969
2026-10-05T22:57Z,4728,gP,2.079
2026-10-05T22:57Z,4730,gA,1.964
2026-10-05T22:57Z,4730,gP,2.029
2026-10-05T22:57Z,4735,g95e5,1.689
2026-10-05T22:57Z,4735,gA,1.799
2026-10-05T22:57Z,4735,gP,1.830
2026-10-05T22:57Z,4735,g95e5p,1.720
2026-10-05T22:57Z,4759,gA,1.969
2026-10-05T22:57Z,4759,gP,2.079
2026-10-05T22:57Z,4760,gA,1.969
2026-10-05T22:57Z,4760,gP,2.079
2026-10-05T22:57Z,4763,g95e5,1.848
2026-10-05T22:57Z,4763,gA,1.969
2026-10-05T22:57Z,4763,gP,2.079
2026-10-05T22:57Z,4763,g95e5p,1.888
2026-10-05T22:57Z,4785,gA,1.964
2026-10-05T22:57Z,4785,gP,2.039
2026-10-05T22:57Z,4796,gA,1.952
2026-10-05T22:57Z,4796,gP,2.011
2026-10-05T22:57Z,4806,g95e5,1.795
2026-10-05T22:57Z,4806,gA,1.945
2026-10-05T22:57Z,4806,g98e5,1.955
2026-10-05T22:57Z,4807,g95e5,1.885
2026-10-05T22:57Z,4807,gA,2.015
2026-10-05T22:57Z,4807,g98e5,2.045
2026-10-05T22:57Z,4818,g95e5,1.855
2026-10-05T22:57Z,4818,gA,1.949
2026-10-05T22:57Z,4818,gP,2.049
2026-10-05T22:57Z,4818,g98e5,2.015
2026-10-05T22:57Z,4819,g95e5,1.799
2026-10-05T22:57Z,4819,gA,1.939
2026-10-05T22:57Z,4819,gP,2.029
2026-10-05T22:57Z,4819,g98e5,1.909
2026-10-05T22:57Z,4820,g95e5,1.835
2026-10-05T22:57Z,4820,g98e5,1.985
2026-10-05T22:57Z,4822,g95e5,1.775
2026-10-05T22:57Z,4822,gA,1.929
2026-10-05T22:57Z,4822,g98e5,1.935
2026-10-05T22:57Z,4830,gA,1.969
2026-10-05T22:57Z,4830,gP,2.079
2026-10-05T22:57Z,4831,g95e5,1.799
2026-10-05T22:57Z,4831,gA,1.945
2026-10-05T22:57Z,4831,g98e5,1.959
2026-10-05T22:57Z,4832,g95e5,1.855
2026-10-05T22:57Z,4832,gA,1.979
2026-10-05T22:57Z,4832,gP,2.029
2026-10-05T22:57Z,4834,g95e5,1.789
2026-10-05T22:57Z,4834,gA,1.939
2026-10-05T22:57Z,4834,g98e5,1.949
2026-10-05T22:57Z,4834,g95e5p,1.859
2026-10-05T22:57Z,4841,g95e5,1.825
2026-10-05T22:57Z,4841,g98e5,1.945
2026-10-05T22:57Z,4841,g95e5p,1.895
2026-10-05T22:57Z,4843,g95e5,1.815
2026-10-05T22:57Z,4844,gA,1.959
2026-10-05T22:57Z,4844,gP,2.039
2026-10-05T22:57Z,4850,g95e5,1.819
2026-10-05T22:57Z,4850,g98e5,1.969
2026-10-05T22:57Z,4858,g95e5,1.819
2026-10-05T22:57Z,4858,g98e5,1.979
2026-10-05T22:57Z,4859,g95e5,1.845
2026-10-05T22:57Z,4859,gA,1.985
2026-10-05T22:57Z,4863,gA,1.944
2026-10-05T22:57Z,4863,gP,1.994
2026-10-05T22:57Z,4863,gB,1.808
2026-10-05T22:57Z,4864,g95e5,1.815
2026-10-05T22:57Z,4864,gA,1.949
2026-10-05T22:57Z,4864,g98e5,1.975
2026-10-05T22:57Z,4866,g95e5,1.815
2026-10-05T22:57Z,4867,g95e5,1.845
2026-10-05T22:57Z,4867,g98e5,2.005
2026-10-05T22:57Z,4868,g95e5,1.815
2026-10-05T22:57Z,4868,g95e5p,1.895
2026-10-05T22:57Z,4870,gA,1.954
2026-10-05T22:57Z,4870,gP,2.034
2026-10-05T22:57Z,4871,gA,1.954
2026-10-05T22:57Z,4871,gP,2.034
2026-10-05T22:57Z,4873,g95e5,1.855
2026-10-05T22:57Z,4873,gA,1.959
2026-10-05T22:57Z,4873,gP,2.009
2026-10-05T22:57Z,4873,g98e5,1.965
2026-10-05T22:57Z,4875,g95e5,1.855
2026-10-05T22:57Z,4875,gP,2.045
2026-10-05T22:57Z,4875,g98e5,1.965
2026-10-05T22:57Z,4876,g95e5,1.855
2026-10-05T22:57Z,4876,g98e5,1.965
2026-10-05T22:57Z,4877,gA,1.945
2026-10-05T22:57Z,4877,gP,2.045
2026-10-05T22:57Z,4877,g98e5,1.989
2026-10-05T22:57Z,4879,g95e5,1.855
2026-10-05T22:57Z,4881,g95e5,1.834
2026-10-05T22:57Z,4881,gA,1.974
2026-10-05T22:57Z,4881,gP,2.024
2026-10-05T22:57Z,4881,g98e5,1.964
2026-10-05T22:57Z,4886,gA,1.994
2026-10-05T22:57Z,4886,gP,2.059
2026-10-05T22:57Z,4887,gA,1.994
2026-10-05T22:57Z,4887,gP,2.059
2026-10-05T22:57Z,4890,g95e5,1.815
2026-10-05T22:57Z,4890,gA,1.955
2026-10-05T22:57Z,4890,gP,2.045
2026-10-05T22:57Z,4890,g98e5,1.955
2026-10-05T22:57Z,4894,gA,1.989
2026-10-05T22:57Z,4899,g95e5,1.809
2026-10-05T22:57Z,4902,g95e5,1.809
2026-10-05T22:57Z,4902,g95e5p,1.879
2026-10-05T22:57Z,4912,gA,1.969
2026-10-05T22:57Z,4912,gB,1.579
2026-10-05T22:57Z,4934,g95e5,1.633
2026-10-05T22:57Z,4934,gA,1.711
2026-10-05T22:57Z,4974,g95e5,1.779
2026-10-05T22:57Z,4974,g98e5,1.939
2026-10-05T22:57Z,4975,g95e5,1.809
2026-10-05T22:57Z,4975,gA,2.004
2026-10-05T22:57Z,4975,gP,2.054
2026-10-05T22:57Z,4975,g98e5,1.949
2026-10-05T22:57Z,4981,gA,2.004
2026-10-05T22:57Z,4981,gP,2.099
2026-10-05T22:57Z,4982,gA,1.984
2026-10-05T22:57Z,4982,gP,2.099
2026-10-05T22:57Z,4983,g95e5,1.858
2026-10-05T22:57Z,4983,gA,1.944
2026-10-05T22:57Z,4983,gP,2.024
2026-10-05T22:57Z,4984,gA,1.949
2026-10-05T22:57Z,4984,gP,2.024
2026-10-05T22:57Z,4985,gA,1.984
2026-10-05T22:57Z,4985,gP,2.079
2026-10-05T22:57Z,4985,gB,1.828
2026-10-05T22:57Z,4989,gA,1.934
2026-10-05T22:57Z,4989,gP,2.024
2026-10-05T22:57Z,4991,gA,1.934
2026-10-05T22:57Z,4991,gP,2.024
2026-10-05T22:57Z,4998,gA,1.999
2026-10-05T22:57Z,4998,gP,2.069
2026-10-05T22:57Z,4999,gA,1.974
2026-10-05T22:57Z,4999,gP,2.024
2026-10-05T22:57Z,4999,gB,1.903
2026-10-05T22:57Z,5000,gA,1.969
2026-10-05T22:57Z,5000,gP,2.029
2026-10-05T22:57Z,5003,gA,1.944
2026-10-05T22:57Z,5003,gP,2.009
2026-10-05T22:57Z,5007,g95e5,1.868
2026-10-05T22:57Z,5007,gA,1.954
2026-10-05T22:57Z,5007,gP,2.039
2026-10-05T22:57Z,5007,g95e5p,1.938
2026-10-05T22:57Z,5010,g95e5,1.929
2026-10-05T22:57Z,5010,gA,1.994
2026-10-05T22:57Z,5010,gP,2.089
2026-10-05T22:57Z,5021,gA,1.969
2026-10-05T22:57Z,5021,gP,2.029
2026-10-05T22:57Z,5021,gB,1.929
2026-10-05T22:57Z,5028,g95e5,2.049
2026-10-05T22:57Z,5028,gA,1.979
2026-10-05T22:57Z,5028,gP,2.069
2026-10-05T22:57Z,5028,g95e5p,2.099
2026-10-05T22:57Z,5035,g95e5,1.659
2026-10-05T22:57Z,5035,gA,1.729
2026-10-05T22:57Z,5036,g95e5,1.809
2026-10-05T22:57Z,5036,gA,1.899
2026-10-05T22:57Z,5036,gP,1.989
2026-10-05T22:57Z,5036,g95e5p,1.859
2026-10-05T22:57Z,5038,g95e5,1.759
2026-10-05T22:57Z,5038,gA,1.829
2026-10-05T22:57Z,5038,gP,1.879
2026-10-05T22:57Z,5041,g95e5,1.868
2026-10-05T22:57Z,5041,gA,1.954
2026-10-05T22:57Z,5041,gP,2.039
2026-10-05T22:57Z,5041,g95e5p,1.938
2026-10-05T22:57Z,5043,g95e5,1.849
2026-10-05T22:57Z,5043,gA,1.969
2026-10-05T22:57Z,5043,gP,2.019
2026-10-05T22:57Z,5043,gB,1.679
2026-10-05T22:57Z,5050,gA,1.975
2026-10-05T22:57Z,5052,g95e5,1.785
2026-10-05T22:57Z,5054,g95e5,1.829
2026-10-05T22:57Z,5056,g95e5,1.729
2026-10-05T22:57Z,5059,gA,1.954
2026-10-05T22:57Z,5059,gP,1.999
2026-10-05T22:57Z,5063,gA,1.969
2026-10-05T22:57Z,5063,gP,2.069
2026-10-05T22:57Z,5064,g95e5,1.815
2026-10-05T22:57Z,5064,gA,2.025
2026-10-05T22:57Z,5064,g98e5,1.975
2026-10-05T22:57Z,5067,g95e5,1.855
2026-10-05T22:57Z,5067,gA,2.039
2026-10-05T22:57Z,5067,gP,2.109
2026-10-05T22:57Z,5067,gB,1.809
2026-10-05T22:57Z,5070,g95e5,1.839
2026-10-05T22:57Z,5070,gA,1.925
2026-10-05T22:57Z,5070,gP,2.015
2026-10-05T22:57Z,5070,g98e5,1.979
2026-10-05T22:57Z,5072,g95e5,1.815
2026-10-05T22:57Z,5072,gA,2.015
2026-10-05T22:57Z,5073,g95e5,1.819
2026-10-05T22:57Z,5073,g98e5,1.979
2026-10-05T22:57Z,5074,g95e5,1.854
2026-10-05T22:57Z,5074,gA,1.974
2026-10-05T22:57Z,5074,gP,2.064
2026-10-05T22:57Z,5074,g95e5p,1.904
2026-10-05T22:57Z,5075,g95e5,1.795
2026-10-05T22:57Z,5075,gA,2.005
2026-10-05T22:57Z,5075,gP,2.105
2026-10-05T22:57Z,5075,g98e5,1.955
2026-10-05T22:57Z,5076,g95e5,1.845
2026-10-05T22:57Z,5076,gA,1.965
2026-10-05T22:57Z,5076,g98e5,1.985
2026-10-05T22:57Z,5079,gA,1.969
2026-10-05T22:57Z,5082,gA,1.994
2026-10-05T22:57Z,5082,gP,2.059
2026-10-05T22:57Z,5096,gA,1.819
2026-10-05T22:57Z,5096,gP,1.839
2026-10-05T22:57Z,5101,g95e5,1.775
2026-10-05T22:57Z,5101,gA,1.929
2026-10-05T22:57Z,5101,g98e5,1.935
2026-10-05T22:57Z,5105,g95e5,1.775
2026-10-05T22:57Z,5105,gA,1.929
2026-10-05T22:57Z,5105,g98e5,1.935
2026-10-05T22:57Z,5106,g95e5,1.845
2026-10-05T22:57Z,5106,g98e5,2.005
2026-10-05T22:57Z,5108,g95e5,1.775
2026-10-05T22:57Z,5108,gA,1.955
2026-10-05T22:57Z,5111,g95e5,1.779
2026-10-05T22:57Z,5111,gA,1.939
2026-10-05T22:57Z,5111,g98e5,1.939
2026-10-05T22:57Z,5123,gA,1.945
2026-10-05T22:57Z,5134,gA,1.945
2026-10-05T22:57Z,5134,gP,2.045
2026-10-05T22:57Z,5135,gA,1.999
2026-10-05T22:57Z,5136,g98e5,1.965
2026-10-05T22:57Z,5137,g95e5,1.879
2026-10-05T22:57Z,5137,gA,1.899
2026-10-05T22:57Z,5141,g95e5,1.869
2026-10-05T22:57Z,5141,gA,2.015
2026-10-05T22:57Z,5144,g95e5,1.789
2026-10-05T22:57Z,5144,gA,1.995
2026-10-05T22:57Z,5146,gA,1.935
2026-10-05T22:57Z,5147,g95e5,1.855
2026-10-05T22:57Z,5147,g98e5,2.015
2026-10-05T22:57Z,5148,g95e5,1.809
2026-10-05T22:57Z,5150,g95e5,1.855
2026-10-05T22:57Z,5150,gA,1.995
2026-10-05T22:57Z,5150,g98e5,2.015
2026-10-05T22:57Z,5153,g95e5,1.789
2026-10-05T22:57Z,5158,g95e5,1.839
2026-10-05T22:57Z,5158,gA,1.995
2026-10-05T22:57Z,5158,g98e5,1.979
2026-10-05T22:57Z,5159,g95e5,1.855
2026-10-05T22:57Z,5159,gA,1.995
2026-10-05T22:57Z,5159,g98e5,1.965
2026-10-05T22:57Z,5161,g95e5,1.775
2026-10-05T22:57Z,5161,gA,1.929
2026-10-05T22:57Z,5162,gA,1.985
2026-10-05T22:57Z,5163,g95e5,1.795
2026-10-05T22:57Z,5163,gA,1.945
2026-10-05T22:57Z,5163,g98e5,1.955
2026-10-05T22:57Z,5167,gA,1.945
2026-10-05T22:57Z,5170,g95e5,1.845
2026-10-05T22:57Z,5170,g98e5,2.005
2026-10-05T22:57Z,5171,g95e5,1.845
2026-10-05T22:57Z,5173,gA,1.959
2026-10-05T22:57Z,5173,gP,2.079
2026-10-05T22:57Z,5174,gA,1.959
2026-10-05T22:57Z,5174,gP,2.079
2026-10-05T22:57Z,5180,gA,1.974
2026-10-05T22:57Z,5180,gP,2.059
2026-10-05T22:57Z,5183,gA,2.009
2026-10-05T22:57Z,5183,gP,2.089
2026-10-05T22:57Z,5187,g95e5,1.885
2026-10-05T22:57Z,5187,gA,2.025
2026-10-05T22:57Z,5187,g98e5,1.995
2026-10-05T22:57Z,5188,g95e5,1.839
2026-10-05T22:57Z,5188,gA,1.995
2026-10-05T22:57Z,5188,g98e5,1.979
2026-10-05T22:57Z,5191,g95e5,1.839
2026-10-05T22:57Z,5191,g98e5,1.999
2026-10-05T22:57Z,5192,gA,1.974
2026-10-05T22:57Z,5192,gP,2.059
2026-10-05T22:57Z,5193,gA,1.984
2026-10-05T22:57Z,5193,gP,2.034
2026-10-05T22:57Z,5195,g95e5,1.849
2026-10-05T22:57Z,5195,gA,1.959
2026-10-05T22:57Z,5196,gA,1.999
2026-10-05T22:57Z,5197,g95e5,1.775
2026-10-05T22:57Z,5197,gA,1.929
2026-10-05T22:57Z,5197,g98e5,1.935
2026-10-05T22:57Z,5203,gA,1.955
2026-10-05T22:57Z,5203,gP,2.055
2026-10-05T22:57Z,5205,g95e5,1.795
2026-10-05T22:57Z,5205,gA,1.975
2026-10-05T22:57Z,5205,g98e5,1.905
2026-10-05T22:57Z,5206,g95e5,1.839
2026-10-05T22:57Z,5206,gA,1.995
2026-10-05T22:57Z,5206,g98e5,1.949
2026-10-05T22:57Z,5208,g95e5,1.845
2026-10-05T22:57Z,5208,g98e5,1.975
2026-10-05T22:57Z,5209,g95e5,1.779
2026-10-05T22:57Z,5209,gA,1.929
2026-10-05T22:57Z,5209,g98e5,1.939
2026-10-05T22:57Z,5210,g95e5,1.809
2026-10-05T22:57Z,5210,g98e5,1.939
2026-10-05T22:57Z,5211,g95e5,1.809
2026-10-05T22:57Z,5211,g98e5,1.939
2026-10-05T22:57Z,5215,g95e5,1.775
2026-10-05T22:57Z,5215,g98e5,1.935
2026-10-05T22:57Z,5218,g95e5,1.785
2026-10-05T22:57Z,5218,gA,1.995
2026-10-05T22:57Z,5218,gP,2.045
2026-10-05T22:57Z,5218,g98e5,1.945
2026-10-05T22:57Z,5219,g95e5,1.959
2026-10-05T22:57Z,5220,g95e5,1.775
2026-10-05T22:57Z,5220,gA,1.929
2026-10-05T22:57Z,5220,g95e5p,1.845
2026-10-05T22:57Z,5221,g95e5,1.775
2026-10-05T22:57Z,5221,gA,1.935
2026-10-05T22:57Z,5221,g95e5p,1.845
2026-10-05T22:57Z,5225,g95e5,1.839
2026-10-05T22:57Z,5225,g98e5,1.999
2026-10-05T22:57Z,5226,g95e5,1.815
2026-10-05T22:57Z,5226,gA,1.995
2026-10-05T22:57Z,5226,g98e5,1.975
2026-10-05T22:57Z,5227,g95e5,1.819
2026-10-05T22:57Z,5227,g98e5,1.929
2026-10-05T22:57Z,5230,g95e5,1.835
2026-10-05T22:57Z,5230,gA,1.995
2026-10-05T22:57Z,5230,gP,2.065
2026-10-05T22:57Z,5230,g98e5,1.985
2026-10-05T22:57Z,5231,g95e5,1.775
2026-10-05T22:57Z,5231,gA,1.929
2026-10-05T22:57Z,5231,g98e5,1.935
2026-10-05T22:57Z,5236,g95e5,1.829
2026-10-05T22:57Z,5236,g98e5,1.989
2026-10-05T22:57Z,5237,g95e5,1.805
2026-10-05T22:57Z,5237,gP,2.015
2026-10-05T22:57Z,5237,g98e5,1.965
2026-10-05T22:57Z,5239,g95e5,1.789
2026-10-05T22:57Z,5239,g98e5,1.949
2026-10-05T22:57Z,5242,gA,1.984
2026-10-05T22:57Z,5242,gP,2.059
2026-10-05T22:57Z,5244,g95e5,1.775
2026-10-05T22:57Z,5246,g95e5,1.775
2026-10-05T22:57Z,5246,gA,1.985
2026-10-05T22:57Z,5246,g98e5,1.935
2026-10-05T22:57Z,5246,g95e5p,1.845
2026-10-05T22:57Z,5253,g95e5,1.855
2026-10-05T22:57Z,5253,g98e5,2.015
2026-10-05T22:57Z,5254,g95e5,1.775
2026-10-05T22:57Z,5254,g98e5,1.935
2026-10-05T22:57Z,5255,g95e5,1.829
2026-10-05T22:57Z,5255,gA,1.999
2026-10-05T22:57Z,5255,g98e5,1.979
2026-10-05T22:57Z,5256,gA,1.999
2026-10-05T22:57Z,5257,g95e5,1.809
2026-10-05T22:57Z,5258,gA,1.945
2026-10-05T22:57Z,5258,gP,1.995
2026-10-05T22:57Z,5265,gA,1.945
2026-10-05T22:57Z,5266,gA,1.939
2026-10-05T22:57Z,5266,g98e5,1.975
2026-10-05T22:57Z,5268,g95e5,1.835
2026-10-05T22:57Z,5268,g98e5,1.985
2026-10-05T22:57Z,5269,g95e5,1.835
2026-10-05T22:57Z,5269,g98e5,1.985
2026-10-05T22:57Z,5270,gA,1.945
2026-10-05T22:57Z,5270,gP,2.005
2026-10-05T22:57Z,5272,gA,1.945
2026-10-05T22:57Z,5278,g95e5,1.855
2026-10-05T22:57Z,5278,g98e5,2.015
2026-10-05T22:57Z,5282,gA,1.945
2026-10-05T22:57Z,5282,gP,2.005
2026-10-05T22:57Z,5286,g95e5,1.855
2026-10-05T22:57Z,5286,gA,1.975
2026-10-05T22:57Z,5286,gP,2.025
2026-10-05T22:57Z,5286,g98e5,2.015
2026-10-05T22:57Z,5286,g95e5p,1.935
2026-10-05T22:57Z,5287,g95e5,1.789
2026-10-05T22:57Z,5287,gA,1.969
2026-10-05T22:57Z,5287,g98e5,1.949
2026-10-05T22:57Z,5287,g95e5p,1.859
2026-10-05T22:57Z,5290,g95e5,1.789
2026-10-05T22:57Z,5290,gA,1.989
2026-10-05T22:57Z,5290,g95e5p,1.859
2026-10-05T22:57Z,5294,gA,1.955
2026-10-05T22:57Z,5294,g98e5,1.959
2026-10-05T22:57Z,5297,g95e5,1.795
2026-10-05T22:57Z,5297,gA,1.929
2026-10-05T22:57Z,5297,g98e5,1.955
2026-10-05T22:57Z,5300,g95e5,1.809
2026-10-05T22:57Z,5300,gA,1.969
2026-10-05T22:57Z,5301,g95e5,1.809
2026-10-05T22:57Z,5301,gA,1.969
2026-10-05T22:57Z,5301,g98e5,1.939
2026-10-05T22:57Z,5302,g95e5,1.819
2026-10-05T22:57Z,5302,gA,1.969
2026-10-05T22:57Z,5303,g95e5,1.855
2026-10-05T22:57Z,5303,gA,2.015
2026-10-05T22:57Z,5303,g98e5,2.015
2026-10-05T22:57Z,5304,g95e5,1.845
2026-10-05T22:57Z,5304,g98e5,2.005
2026-10-05T22:57Z,5305,g95e5,1.809
2026-10-05T22:57Z,5305,gA,1.959
2026-10-05T22:57Z,5305,gP,2.059
2026-10-05T22:57Z,5305,g95e5p,1.869
2026-10-05T22:57Z,5306,g95e5,1.839
2026-10-05T22:57Z,5306,gA,1.995
2026-10-05T22:57Z,5306,g98e5,1.979
2026-10-05T22:57Z,5307,g95e5,1.875
2026-10-05T22:57Z,5307,gA,2.025
2026-10-05T22:57Z,5308,g95e5,1.849
2026-10-05T22:57Z,5308,gA,1.999
2026-10-05T22:57Z,5308,gP,2.049
2026-10-05T22:57Z,5308,g98e5,1.989
2026-10-05T22:57Z,5311,gA,1.964
2026-10-05T22:57Z,5322,g95e5,1.854
2026-10-05T22:57Z,5322,gA,1.974
2026-10-05T22:57Z,5322,gP,2.024
2026-10-05T22:57Z,5322,g98e5,1.994
2026-10-05T22:57Z,5324,gA,1.984
2026-10-05T22:57Z,5324,gP,2.079
2026-10-05T22:57Z,5325,g95e5,1.839
2026-10-05T22:57Z,5325,g98e5,1.929
2026-10-05T22:57Z,5328,gA,1.984
2026-10-05T22:57Z,5328,gP,2.079
2026-10-05T22:57Z,5332,g95e5,1.875
2026-10-05T22:57Z,5332,gA,1.895
2026-10-05T22:57Z,5332,g98e5,1.975
2026-10-05T22:57Z,5332,gB,1.695
2026-10-05T22:57Z,5342,g95e5,1.825
2026-10-05T22:57Z,5342,gA,1.979
2026-10-05T22:57Z,5342,g98e5,1.985
2026-10-05T22:57Z,5343,g95e5,1.825
2026-10-05T22:57Z,5343,gA,1.995
2026-10-05T22:57Z,5343,g98e5,1.985
2026-10-05T22:57Z,5349,g95e5,1.949
2026-10-05T22:57Z,5349,gA,1.979
2026-10-05T22:57Z,5349,g98e5,2.029
2026-10-05T22:57Z,5349,g95e5p,1.999
2026-10-05T22:57Z,5350,gA,1.979
2026-10-05T22:57Z,5351,g95e5,1.855
2026-10-05T22:57Z,5351,g98e5,2.015
2026-10-05T22:57Z,5352,g95e5,1.839
2026-10-05T22:57Z,5352,gA,1.985
2026-10-05T22:57Z,5352,g98e5,1.989
2026-10-05T22:57Z,5352,g95e5p,1.919
2026-10-05T22:57Z,5357,g95e5,1.839
2026-10-05T22:57Z,5357,g98e5,1.989
2026-10-05T22:57Z,5359,g95e5,1.869
2026-10-05T22:57Z,5359,gA,1.869
2026-10-05T22:57Z,5359,gP,1.969
2026-10-05T22:57Z,5359,g98e5,2.219
2026-10-05T22:57Z,5361,g95e5,1.845
2026-10-05T22:57Z,5361,g98e5,2.005
2026-10-05T22:57Z,5371,g95e5,1.845
2026-10-05T22:57Z,5371,g98e5,2.005
2026-10-05T22:57Z,5371,g95e5p,1.915
2026-10-05T22:57Z,5373,g95e5,1.879
2026-10-05T22:57Z,5373,gA,2.029
2026-10-05T22:57Z,5373,gP,2.099
2026-10-05T22:57Z,5374,g95e5,1.835
2026-10-05T22:57Z,5374,g98e5,1.945
2026-10-05T22:57Z,5375,g95e5,1.835
2026-10-05T22:57Z,5375,gA,1.989
2026-10-05T22:57Z,5375,g98e5,1.945
2026-10-05T22:57Z,5376,g98e5,1.945
2026-10-05T22:57Z,5377,g95e5,1.939
2026-10-05T22:57Z,5377,gA,1.979
2026-10-05T22:57Z,5378,gA,1.974
2026-10-05T22:57Z,5378,gP,2.059
2026-10-05T22:57Z,5381,g95e5,1.855
2026-10-05T22:57Z,5381,g98e5,2.015
2026-10-05T22:57Z,5388,gA,1.999
2026-10-05T22:57Z,5390,gA,1.969
2026-10-05T22:57Z,5391,g95e5,1.855
2026-10-05T22:57Z,5391,g98e5,2.015
2026-10-05T22:57Z,5401,g95e5,1.845
2026-10-05T22:57Z,5405,gA,1.934
2026-10-05T22:57Z,5405,gP,2.039
2026-10-05T22:57Z,5406,g95e5,1.839
2026-10-05T22:57Z,5406,g98e5,1.999
2026-10-05T22:57Z,5410,g95e5,1.839
2026-10-05T22:57Z,5411,g98e5,1.999
2026-10-05T22:57Z,5414,g95e5,1.849
2026-10-05T22:57Z,5414,gA,1.969
2026-10-05T22:57Z,5414,gP,2.079
2026-10-05T22:57Z,5414,g98e5,2.059
2026-10-05T22:57Z,5415,g95e5,1.839
2026-10-05T22:57Z,5415,g95e5p,1.909
2026-10-05T22:57Z,5419,gA,2.009
2026-10-05T22:57Z,5419,gP,2.079
2026-10-05T22:57Z,5419,gB,1.799
2026-10-05T22:57Z,5421,gA,2.004
2026-10-05T22:57Z,5421,gP,2.079
2026-10-05T22:57Z,5426,g95e5,1.848
2026-10-05T22:57Z,5426,gA,1.944
2026-10-05T22:57Z,5426,gP,2.049
2026-10-05T22:57Z,5428,g95e5,1.825
2026-10-05T22:57Z,5428,gA,1.999
2026-10-05T22:57Z,5428,gP,2.089
2026-10-05T22:57Z,5428,g98e5,1.985
2026-10-05T22:57Z,5431,g95e5,1.835
2026-10-05T22:57Z,5431,gA,1.989
2026-10-05T22:57Z,5431,g98e5,1.995
2026-10-05T22:57Z,5432,gA,1.934
2026-10-05T22:57Z,5432,gP,2.039
2026-10-05T22:57Z,5434,g95e5,1.819
2026-10-05T22:57Z,5434,gA,1.949
2026-10-05T22:57Z,5434,gP,1.999
2026-10-05T22:57Z,5434,g98e5,1.969
2026-10-05T22:57Z,5440,g95e5,1.855
2026-10-05T22:57Z,5440,g98e5,1.975
2026-10-05T22:57Z,5441,g98e5,1.975
2026-10-05T22:57Z,5443,g95e5,1.665
2026-10-05T22:57Z,5443,gA,1.779
2026-10-05T22:57Z,5445,g95e5,1.809
2026-10-05T22:57Z,5445,gA,1.909
2026-10-05T22:57Z,5445,gP,1.989
2026-10-05T22:57Z,5445,g98e5,1.949
2026-10-05T22:57Z,5445,gB,1.619
2026-10-05T22:57Z,5447,g95e5,1.825
2026-10-05T22:57Z,5447,gA,1.965
2026-10-05T22:57Z,5447,g98e5,1.985
2026-10-05T22:57Z,5451,g95e5,1.839
2026-10-05T22:57Z,5451,g98e5,1.999
2026-10-05T22:57Z,5452,g95e5,1.825
2026-10-05T22:57Z,5452,gA,1.969
2026-10-05T22:57Z,5452,g98e5,1.985
2026-10-05T22:57Z,5459,g95e5,1.815
2026-10-05T22:57Z,5459,gP,2.055
2026-10-05T22:57Z,5459,g98e5,1.975
2026-10-05T22:57Z,5460,g95e5,1.845
2026-10-05T22:57Z,5460,g98e5,2.005
2026-10-05T22:57Z,5461,g95e5,1.845
2026-10-05T22:57Z,5461,g98e5,2.005
2026-10-05T22:57Z,5463,g95e5,1.809
2026-10-05T22:57Z,5464,gA,1.909
2026-10-05T22:57Z,5464,gP,1.999
2026-10-05T22:57Z,5466,gA,1.974
2026-10-05T22:57Z,5466,gP,2.059
2026-10-05T22:57Z,5466,gB,1.778
2026-10-05T22:57Z,5469,g95e5,1.855
2026-10-05T22:57Z,5470,g95e5p,1.925
2026-10-05T22:57Z,5477,g95e5,1.839
2026-10-05T22:57Z,5477,g98e5,1.989
2026-10-05T22:57Z,5479,g95e5,1.855
2026-10-05T22:57Z,5479,g98e5,2.015
2026-10-05T22:57Z,5483,g95e5,1.909
2026-10-05T22:57Z,5483,g98e5,2.199
2026-10-05T22:57Z,5485,g95e5,1.837
2026-10-05T22:57Z,5486,gA,1.827
2026-10-05T22:57Z,5488,g95e5,1.797
2026-10-05T22:57Z,5493,g95e5,1.807
2026-10-05T22:57Z,5493,g98e5,1.847
2026-10-05T22:57Z,5495,g95e5,1.844
2026-10-05T22:57Z,5495,gA,1.934
2026-10-05T22:57Z,5495,gP,1.984
2026-10-05T22:57Z,5495,g98e5,1.954
2026-10-05T22:57Z,5496,g95e5,1.777
2026-10-05T22:57Z,5496,g98e5,1.817
2026-10-05T22:57Z,5498,g95e5,1.807
2026-10-05T22:57Z,5498,g98e5,1.847
2026-10-05T22:57Z,5499,g95e5,1.838
2026-10-05T22:57Z,5499,gA,1.974
2026-10-05T22:57Z,5499,gP,2.024
2026-10-05T22:57Z,5499,g95e5p,1.898
2026-10-05T22:57Z,5500,gA,1.944
2026-10-05T22:57Z,5500,gP,2.059
2026-10-05T22:57Z,5501,g95e5,1.819
2026-10-05T22:57Z,5501,gA,1.989
2026-10-05T22:57Z,5501,gP,2.039
2026-10-05T22:57Z,5501,g98e5,1.939
2026-10-05T22:57Z,5502,g95e5,1.817
2026-10-05T22:57Z,5502,g98e5,1.857
2026-10-05T22:57Z,5503,g95e5,1.807
2026-10-05T22:57Z,5503,g98e5,1.847
2026-10-05T22:57Z,5506,g95e5,1.797
2026-10-05T22:57Z,5508,gA,2.119
2026-10-05T22:57Z,5508,gP,2.194
2026-10-05T22:57Z,5514,gA,1.994
2026-10-05T22:57Z,5514,gP,2.059
2026-10-05T22:57Z,5518,g95e5,1.839
2026-10-05T22:57Z,5518,gA,1.959
2026-10-05T22:57Z,5518,g98e5,1.999
2026-10-05T22:57Z,5519,g95e5,1.785
2026-10-05T22:57Z,5530,g95e5,1.809
2026-10-05T22:57Z,5530,g98e5,1.919
2026-10-05T22:57Z,5531,gA,1.995
2026-10-05T22:57Z,5531,gP,2.085
2026-10-05T22:57Z,5532,g95e5,1.859
2026-10-05T22:57Z,5532,g98e5,1.979
2026-10-05T22:57Z,5535,g95e5,1.669
2026-10-05T22:57Z,5535,gA,1.849
2026-10-05T22:57Z,5535,gP,1.899
2026-10-05T22:57Z,5537,g95e5,1.799
2026-10-05T22:57Z,5537,gA,1.979
2026-10-05T22:57Z,5537,gP,2.029
2026-10-05T22:57Z,5537,g98e5,1.939
2026-10-05T22:57Z,5540,g95e5,1.819
2026-10-05T22:57Z,5540,gA,2.025
2026-10-05T22:57Z,5540,g98e5,1.929
2026-10-05T22:57Z,5540,g95e5p,1.899
2026-10-05T22:57Z,5541,g95e5,1.805
2026-10-05T22:57Z,5541,gA,1.995
2026-10-05T22:57Z,5544,g95e5,1.869
2026-10-05T22:57Z,5544,gA,1.959
2026-10-05T22:57Z,5544,g98e5,2.029
2026-10-05T22:57Z,5556,g95e5,1.804
2026-10-05T22:57Z,5556,gA,1.934
2026-10-05T22:57Z,5556,gP,1.984
2026-10-05T22:57Z,5559,g95e5,1.829
2026-10-05T22:57Z,5559,gA,1.989
2026-10-05T22:57Z,5559,gP,2.039
2026-10-05T22:57Z,5559,g98e5,1.949
2026-10-05T22:57Z,5594,gA,1.934
2026-10-05T22:57Z,5596,gB,1.756
2026-10-05T22:57Z,5606,gA,1.979
2026-10-05T22:57Z,5610,g95e5,1.835
2026-10-05T22:57Z,5610,gA,1.955
2026-10-05T22:57Z,5610,gP,2.045
2026-10-05T22:57Z,5610,g98e5,1.975
2026-10-05T22:57Z,5614,g95e5,1.799
2026-10-05T22:57Z,5614,gA,1.959
2026-10-05T22:57Z,5614,gP,2.049
2026-10-05T22:57Z,5614,g98e5,1.938
2026-10-05T22:57Z,5618,gA,1.964
2026-10-05T22:57Z,5618,gP,2.034
2026-10-05T22:57Z,5619,gA,1.944
2026-10-05T22:57Z,5619,gP,1.994
2026-10-05T22:57Z,5624,g95e5,1.879
2026-10-05T22:57Z,5624,gA,1.959
2026-10-05T22:57Z,5624,gB,1.799
2026-10-05T22:57Z,5630,g95e5,1.677
2026-10-05T22:57Z,5630,gA,1.725
2026-10-05T22:57Z,5630,gP,1.745
2026-10-05T22:57Z,5630,g95e5p,1.697
2026-10-05T22:57Z,5639,g95e5,1.799
2026-10-05T22:57Z,5639,gA,1.859
2026-10-05T22:57Z,5641,gA,1.799
2026-10-05T22:57Z,5644,g95e5,1.795
2026-10-05T22:57Z,5644,gA,1.939
2026-10-05T22:57Z,5644,g98e5,1.955
2026-10-05T22:57Z,5644,g95e5p,1.855
2026-10-05T22:57Z,5651,g95e5,1.839
2026-10-05T22:57Z,5651,gA,2.035
2026-10-05T22:57Z,5651,gP,2.135
2026-10-05T22:57Z,5651,g98e5,1.999
2026-10-05T22:57Z,5654,g95e5,1.849
2026-10-05T22:57Z,5654,gA,1.955
2026-10-05T22:57Z,5654,g98e5,2.009
2026-10-05T22:57Z,5655,gA,2.019
2026-10-05T22:57Z,5656,g98e5,1.945
2026-10-05T22:57Z,5657,g95e5,1.849
2026-10-05T22:57Z,5657,gA,2.015
2026-10-05T22:57Z,5657,g98e5,2.009
2026-10-05T22:57Z,5666,g95e5,1.869
2026-10-05T22:57Z,5666,gA,1.969
2026-10-05T22:57Z,5666,gP,2.059
2026-10-05T22:57Z,5666,g98e5,2.009
2026-10-05T22:57Z,5667,g95e5,1.869
2026-10-05T22:57Z,5667,gA,1.969
2026-10-05T22:57Z,5667,gP,2.059
2026-10-05T22:57Z,5667,g98e5,2.009
2026-10-05T22:57Z,5668,g95e5,1.809
2026-10-05T22:57Z,5668,gA,1.909
2026-10-05T22:57Z,5668,gP,1.999
2026-10-05T22:57Z,5668,g98e5,1.949
2026-10-05T22:57Z,5674,g95e5,1.869
2026-10-05T22:57Z,5674,gA,1.929
2026-10-05T22:57Z,5674,gP,1.999
2026-10-05T22:57Z,5674,g98e5,1.989
2026-10-05T22:57Z,5674,gB,1.829
2026-10-05T22:57Z,5688,gA,1.969
2026-10-05T22:57Z,5688,gP,2.059
2026-10-05T22:57Z,5691,g95e5,1.829
2026-10-05T22:57Z,5691,gA,1.939
2026-10-05T22:57Z,5691,gP,2.044
2026-10-05T22:57Z,5696,gA,1.969
2026-10-05T22:57Z,5696,gP,2.049
2026-10-05T22:57Z,5697,gA,1.939
2026-10-05T22:57Z,5697,gP,2.039
2026-10-05T22:57Z,5698,gA,1.969
2026-10-05T22:57Z,5698,gP,2.069
2026-10-05T22:57Z,5700,gA,1.944
2026-10-05T22:57Z,5700,gP,2.069
2026-10-05T22:57Z,5701,g95e5,1.989
2026-10-05T22:57Z,5701,gA,1.978
2026-10-05T22:57Z,5705,g95e5,1.879
2026-10-05T22:57Z,5705,gP,2.004
2026-10-05T22:57Z,5706,g95e5,1.879
2026-10-05T22:57Z,5706,gP,2.044
2026-10-05T22:57Z,5707,gA,1.919
2026-10-05T22:57Z,5707,gP,1.999
2026-10-05T22:57Z,5708,gA,1.956
2026-10-05T22:57Z,5708,gP,2.009
2026-10-05T22:57Z,5710,g95e5,1.839
2026-10-05T22:57Z,5710,gA,1.969
2026-10-05T22:57Z,5710,gP,2.024
2026-10-05T22:57Z,5714,gA,1.969
2026-10-05T22:57Z,5715,g95e5,1.825
2026-10-05T22:57Z,5715,gA,1.955
2026-10-05T22:57Z,5715,gP,2.005
2026-10-05T22:57Z,5715,g98e5,1.935
2026-10-05T22:57Z,5721,g95e5,1.825
2026-10-05T22:57Z,5721,g98e5,1.985
2026-10-05T22:57Z,5721,g95e5p,1.885
2026-10-05T22:57Z,5723,g95e5,1.819
2026-10-05T22:57Z,5723,gA,2.009
2026-10-05T22:57Z,5723,g98e5,1.939
2026-10-05T22:57Z,5726,g95e5,1.849
2026-10-05T22:57Z,5726,g98e5,1.959
2026-10-05T22:57Z,5728,g95e5,1.849
2026-10-05T22:57Z,5728,gA,1.985
2026-10-05T22:57Z,5728,gP,2.085
2026-10-05T22:57Z,5728,g98e5,1.989
2026-10-05T22:57Z,5729,g95e5,1.785
2026-10-05T22:57Z,5729,gA,2.009
2026-10-05T22:57Z,5729,gP,2.109
2026-10-05T22:57Z,5733,gA,1.935
2026-10-05T22:57Z,5733,g98e5,1.945
2026-10-05T22:57Z,5734,gA,1.929
2026-10-05T22:57Z,5734,gP,2.009
2026-10-05T22:57Z,5735,g95e5,1.785
2026-10-05T22:57Z,5735,g98e5,1.945
2026-10-05T22:57Z,5738,gA,1.979
2026-10-05T22:57Z,5739,g95e5,1.779
2026-10-05T22:57Z,5739,gA,1.925
2026-10-05T22:57Z,5739,gP,2.015
2026-10-05T22:57Z,5739,g98e5,1.919
2026-10-05T22:57Z,5744,g95e5,1.819
2026-10-05T22:57Z,5744,gA,2.025
2026-10-05T22:57Z,5744,g98e5,1.929
2026-10-05T22:57Z,5744,g95e5p,1.889
2026-10-05T22:57Z,5745,g95e5,1.799
2026-10-05T22:57Z,5745,gA,1.999
2026-10-05T22:57Z,5745,g98e5,1.939
2026-10-05T22:57Z,5752,g95e5,1.785
2026-10-05T22:57Z,5752,gA,1.989
2026-10-05T22:57Z,5752,gP,2.039
2026-10-05T22:57Z,5752,g98e5,1.945
2026-10-05T22:57Z,5755,g95e5,1.835
2026-10-05T22:57Z,5755,gA,1.959
2026-10-05T22:57Z,5755,gP,2.009
2026-10-05T22:57Z,5755,g98e5,1.975
2026-10-05T22:57Z,5762,g95e5,1.825
2026-10-05T22:57Z,5762,g95e5p,1.885
2026-10-05T22:57Z,5767,g95e5,1.815
2026-10-05T22:57Z,5768,g95e5,1.815
2026-10-05T22:57Z,5768,g98e5,1.975
2026-10-05T22:57Z,5770,gA,1.985
2026-10-05T22:57Z,5772,gA,1.979
2026-10-05T22:57Z,5772,gP,2.069
2026-10-05T22:57Z,5774,g95e5,1.825
2026-10-05T22:57Z,5774,gA,1.949
2026-10-05T22:57Z,5774,gP,1.999
2026-10-05T22:57Z,5774,g98e5,1.985
2026-10-05T22:57Z,5775,g95e5,1.799
2026-10-05T22:57Z,5775,g98e5,1.959
2026-10-05T22:57Z,5781,g95e5,1.839
2026-10-05T22:57Z,5781,gA,1.949
2026-10-05T22:57Z,5781,gP,2.009
2026-10-05T22:57Z,5781,g98e5,2.009
2026-10-05T22:57Z,5782,g95e5,1.815
2026-10-05T22:57Z,5782,g95e5p,1.885
2026-10-05T22:57Z,5783,g95e5,1.855
2026-10-05T22:57Z,5783,gA,1.985
2026-10-05T22:57Z,5783,g98e5,2.015
2026-10-05T22:57Z,5784,g95e5,1.819
2026-10-05T22:57Z,5784,gA,1.965
2026-10-05T22:57Z,5784,gP,2.055
2026-10-05T22:57Z,5784,g98e5,1.959
2026-10-05T22:57Z,5785,g95e5,1.885
2026-10-05T22:57Z,5785,gP,2.009
2026-10-05T22:57Z,5785,g98e5,2.035
2026-10-05T22:57Z,5786,gA,1.994
2026-10-05T22:57Z,5786,gP,2.079
2026-10-05T22:57Z,5787,g95e5,1.819
2026-10-05T22:57Z,5787,gA,1.935
2026-10-05T22:57Z,5787,gP,2.025
2026-10-05T22:57Z,5787,g98e5,1.959
2026-10-05T22:57Z,5788,g95e5,1.819
2026-10-05T22:57Z,5788,gA,1.965
2026-10-05T22:57Z,5788,gP,2.055
2026-10-05T22:57Z,5788,g98e5,1.959
2026-10-05T22:57Z,5789,g95e5,1.829
2026-10-05T22:57Z,5789,g95e5p,1.889
2026-10-05T22:57Z,5792,g95e5,1.839
2026-10-05T22:57Z,5792,gA,1.909
2026-10-05T22:57Z,5792,gP,1.999
2026-10-05T22:57Z,5792,g98e5,1.979
2026-10-05T22:57Z,5794,g95e5,1.789
2026-10-05T22:57Z,5794,gA,1.909
2026-10-05T22:57Z,5794,gP,1.959
2026-10-05T22:57Z,5794,g95e5p,1.839
2026-10-05T22:57Z,5797,g95e5,1.765
2026-10-05T22:57Z,5797,gA,1.979
2026-10-05T22:57Z,5797,g98e5,1.875
2026-10-05T22:57Z,5799,g95e5,1.839
2026-10-05T22:57Z,5799,gA,1.989
2026-10-05T22:57Z,5799,gP,2.079
2026-10-05T22:57Z,5799,g98e5,1.979
2026-10-05T22:57Z,5800,g95e5,1.865
2026-10-05T22:57Z,5800,gA,1.949
2026-10-05T22:57Z,5800,g95e5p,1.925
2026-10-05T22:57Z,5805,g98e5,1.945
2026-10-05T22:57Z,5807,g95e5,1.849
2026-10-05T22:57Z,5807,g98e5,1.959
2026-10-05T22:57Z,5808,g95e5,1.849
2026-10-05T22:57Z,5808,gA,1.929
2026-10-05T22:57Z,5808,g98e5,2.009
2026-10-05T22:57Z,5809,gA,1.979
2026-10-05T22:57Z,5811,gA,1.959
2026-10-05T22:57Z,5811,gP,2.049
2026-10-05T22:57Z,5816,g95e5,1.845
2026-10-05T22:57Z,5816,gA,2.029
2026-10-05T22:57Z,5816,g98e5,1.985
2026-10-05T22:57Z,5849,gA,1.799
2026-10-05T22:57Z,5861,gA,1.906
2026-10-05T22:57Z,5870,g95e5,1.819
2026-10-05T22:57Z,5870,gA,2.005
2026-10-05T22:57Z,5870,g98e5,1.929
2026-10-05T22:57Z,5872,gA,1.968
2026-10-05T22:57Z,5872,gP,2.059
2026-10-05T22:57Z,5872,gB,1.803
2026-10-05T22:57Z,5876,gA,1.994
2026-10-05T22:57Z,5876,gP,2.089
2026-10-05T22:57Z,5877,gA,1.994
2026-10-05T22:57Z,5877,gP,2.089
2026-10-05T22:57Z,5881,gA,1.995
2026-10-05T22:57Z,5892,g95e5,1.959
2026-10-05T22:57Z,5898,g95e5,1.845
2026-10-05T22:57Z,5898,gA,2.015
2026-10-05T22:57Z,5898,gP,2.105
2026-10-05T22:57Z,5900,g95e5,1.779
2026-10-05T22:57Z,5900,gA,1.939
2026-10-05T22:57Z,5900,gP,1.989
2026-10-05T22:57Z,5900,g98e5,1.939
2026-10-05T22:57Z,5903,g95e5,1.819
2026-10-05T22:57Z,5903,g98e5,1.969
2026-10-05T22:57Z,5906,gP,2.019
2026-10-05T22:57Z,5907,gP,2.075
2026-10-05T22:57Z,5910,g95e5,1.835
2026-10-05T22:57Z,5910,gA,2.015
2026-10-05T22:57Z,5910,gP,2.085
2026-10-05T22:57Z,5915,gA,1.968
2026-10-05T22:57Z,5915,gP,2.069
2026-10-05T22:57Z,5916,g95e5,1.845
2026-10-05T22:57Z,5916,gA,2.029
2026-10-05T22:57Z,5920,g95e5,1.775
2026-10-05T22:57Z,5920,gA,1.945
2026-10-05T22:57Z,5928,g95e5,1.795
2026-10-05T22:57Z,5928,gA,1.985
2026-10-05T22:57Z,5928,gP,2.085
2026-10-05T22:57Z,5928,g98e5,1.955
2026-10-05T22:57Z,5931,g95e5,1.805
2026-10-05T22:57Z,5931,g98e5,1.965
2026-10-05T22:57Z,5936,g95e5,1.789
2026-10-05T22:57Z,5936,g98e5,1.909
2026-10-05T22:57Z,5938,gA,1.939
2026-10-05T22:57Z,5940,g95e5,1.789
2026-10-05T22:57Z,5940,gP,2.015
2026-10-05T22:57Z,5943,g95e5,1.845
2026-10-05T22:57Z,5943,g98e5,1.985
2026-10-05T22:57Z,5946,g95e5,1.845
2026-10-05T22:57Z,5946,gA,2.029
2026-10-05T22:57Z,5947,g95e5,1.815
2026-10-05T22:57Z,5947,gA,1.979
2026-10-05T22:57Z,5947,gP,2.029
2026-10-05T22:57Z,5950,g95e5,1.789
2026-10-05T22:57Z,5950,gA,2.029
2026-10-05T22:57Z,5951,g95e5,1.845
2026-10-05T22:57Z,5951,g98e5,2.005
2026-10-05T22:57Z,5958,gA,1.939
2026-10-05T22:57Z,5958,gP,2.019
2026-10-05T22:57Z,5959,gA,1.978
2026-10-05T22:57Z,5959,gP,2.074
2026-10-05T22:57Z,5959,gB,1.783
2026-10-05T22:57Z,5968,gA,1.994
2026-10-05T22:57Z,5968,gP,2.059
2026-10-05T22:57Z,5969,gA,2.019
2026-10-05T22:57Z,5969,gP,2.069
2026-10-05T22:57Z,5970,g95e5,1.835
2026-10-05T22:57Z,5970,gA,2.019
2026-10-05T22:57Z,5970,gP,2.069
2026-10-05T22:57Z,5974,g95e5,1.824
2026-10-05T22:57Z,5974,gA,1.989
2026-10-05T22:57Z,5974,gP,2.079
2026-10-05T22:57Z,5975,g95e5,1.799
2026-10-05T22:57Z,5975,gA,1.969
2026-10-05T22:57Z,5975,gP,2.019
2026-10-05T22:57Z,5975,g98e5,1.959
2026-10-05T22:57Z,5977,gA,1.965
2026-10-05T22:57Z,5977,gP,2.035
2026-10-05T22:57Z,5978,g95e5,1.785
2026-10-05T22:57Z,5978,gA,1.985
2026-10-05T22:57Z,5978,g98e5,1.945
2026-10-05T22:57Z,5982,g95e5,1.799
2026-10-05T22:57Z,5982,gA,1.929
2026-10-05T22:57Z,5982,g98e5,1.959
2026-10-05T22:57Z,5984,g98e5,1.959
2026-10-05T22:57Z,5986,g95e5,1.859
2026-10-05T22:57Z,5986,g98e5,1.979
2026-10-05T22:57Z,5988,gA,1.969
2026-10-05T22:57Z,5989,g95e5,1.805
2026-10-05T22:57Z,5989,gA,1.925
2026-10-05T22:57Z,5991,gA,1.954
2026-10-05T22:57Z,5991,gP,2.039
2026-10-05T22:57Z,5993,g95e5,1.869
2026-10-05T22:57Z,5993,g98e5,1.989
2026-10-05T22:57Z,5994,g95e5,1.869
2026-10-05T22:57Z,5994,g98e5,1.989
2026-10-05T22:57Z,5998,g95e5,1.829
2026-10-05T22:57Z,5998,gA,1.925
2026-10-05T22:57Z,5998,gP,1.975
2026-10-05T22:57Z,5998,g98e5,1.989
2026-10-05T22:57Z,5999,g95e5,1.789
2026-10-05T22:57Z,5999,gA,1.979
2026-10-05T22:57Z,5999,gP,2.079
2026-10-05T22:57Z,5999,g98e5,1.949
2026-10-05T22:57Z,6000,g95e5,1.789
2026-10-05T22:57Z,6000,gA,1.979
2026-10-05T22:57Z,6000,gP,2.079
2026-10-05T22:57Z,6000,g98e5,1.949
2026-10-05T22:57Z,6006,gA,1.944
2026-10-05T22:57Z,6006,gP,1.994
2026-10-05T22:57Z,6008,g95e5,1.869
2026-10-05T22:57Z,6008,gA,1.989
2026-10-05T22:57Z,6008,g98e5,2.079
2026-10-05T22:57Z,6008,gB,1.769
2026-10-05T22:57Z,6010,g95e5,1.809
2026-10-05T22:57Z,6010,gA,2.019
2026-10-05T22:57Z,6010,gP,2.089
2026-10-05T22:57Z,6011,g95e5,1.829
2026-10-05T22:57Z,6011,gP,1.989
2026-10-05T22:57Z,6011,g98e5,1.989
2026-10-05T22:57Z,6014,gA,2.029
2026-10-05T22:57Z,6021,g95e5,1.789
2026-10-05T22:57Z,6021,gA,1.995
2026-10-05T22:57Z,6021,gP,2.085
2026-10-05T22:57Z,6021,g98e5,1.929
2026-10-05T22:57Z,6022,g95e5,1.789
2026-10-05T22:57Z,6022,gA,1.995
2026-10-05T22:57Z,6022,gP,2.085
2026-10-05T22:57Z,6024,g95e5,1.785
2026-10-05T22:57Z,6024,gA,1.985
2026-10-05T22:57Z,6024,g98e5,1.945
2026-10-05T22:57Z,6030,g95e5,1.779
2026-10-05T22:57Z,6030,g98e5,1.939
2026-10-05T22:57Z,6037,g95e5,1.805
2026-10-05T22:57Z,6037,gA,1.969
2026-10-05T22:57Z,6038,g95e5,1.839
2026-10-05T22:57Z,6038,gA,1.935
2026-10-05T22:57Z,6038,g98e5,1.949
2026-10-05T22:57Z,6039,g95e5,1.779
2026-10-05T22:57Z,6039,gP,2.045
2026-10-05T22:57Z,6039,g98e5,1.939
2026-10-05T22:57Z,6040,g95e5,1.779
2026-10-05T22:57Z,6040,gP,2.045
2026-10-05T22:57Z,6040,g98e5,1.939
2026-10-05T22:57Z,6041,gA,1.945
2026-10-05T22:57Z,6041,gP,2.045
2026-10-05T22:57Z,6042,g95e5,1.799
2026-10-05T22:57Z,6042,gA,1.929
2026-10-05T22:57Z,6042,g98e5,1.959
2026-10-05T22:57Z,6048,g95e5,1.815
2026-10-05T22:57Z,6048,gA,2.015
2026-10-05T22:57Z,6052,g95e5,1.845
2026-10-05T22:57Z,6052,gA,1.965
2026-10-05T22:57Z,6053,g95e5,1.859
2026-10-05T22:57Z,6053,g98e5,1.979
2026-10-05T22:57Z,6054,g95e5,1.799
2026-10-05T22:57Z,6054,gA,1.925
2026-10-05T22:57Z,6054,gP,2.025
2026-10-05T22:57Z,6057,g95e5,1.809
2026-10-05T22:57Z,6057,gA,2.019
2026-10-05T22:57Z,6057,g98e5,1.969
2026-10-05T22:57Z,6058,g95e5,1.795
2026-10-05T22:57Z,6058,gA,2.005
2026-10-05T22:57Z,6058,g98e5,1.955
2026-10-05T22:57Z,6059,g95e5,1.839
2026-10-05T22:57Z,6059,gA,1.965
2026-10-05T22:57Z,6059,gP,2.015
2026-10-05T22:57Z,6059,g98e5,1.949
2026-10-05T22:57Z,6061,g95e5,1.785
2026-10-05T22:57Z,6061,gA,1.975
2026-10-05T22:57Z,6061,g98e5,1.905
2026-10-05T22:57Z,6062,g95e5,1.785
2026-10-05T22:57Z,6062,gA,1.975
2026-10-05T22:57Z,6062,g98e5,1.905
2026-10-05T22:57Z,6066,gA,1.984
2026-10-05T22:57Z,6066,gP,2.049
2026-10-05T22:57Z,6067,gA,2.004
2026-10-05T22:57Z,6067,gP,2.069
2026-10-05T22:57Z,6073,g98e5,1.849
2026-10-05T22:57Z,6075,g95e5,1.749
2026-10-05T22:57Z,6075,gA,1.829
2026-10-05T22:57Z,6075,gP,1.889
2026-10-05T22:57Z,6086,g95e5,1.754
2026-10-05T22:57Z,6086,gA,1.869
2026-10-05T22:57Z,6086,gP,1.919
2026-10-05T22:57Z,6086,g95e5p,1.804
2026-10-05T22:57Z,6101,gA,1.994
2026-10-05T22:57Z,6101,gP,2.059
2026-10-05T22:57Z,6103,gA,1.994
2026-10-05T22:57Z,6103,gB,1.778
2026-10-05T22:57Z,6104,g95e5,1.889
2026-10-05T22:57Z,6107,g95e5,1.868
2026-10-05T22:57Z,6107,gA,2.004
2026-10-05T22:57Z,6107,gP,2.079
2026-10-05T22:57Z,6107,g95e5p,1.908
2026-10-05T22:57Z,6107,gB,1.878
2026-10-05T22:57Z,6112,gA,1.929
2026-10-05T22:57Z,6112,gP,2.029
2026-10-05T22:57Z,6116,gA,1.949
2026-10-05T22:57Z,6116,gP,2.049
2026-10-05T22:57Z,6116,gB,1.798
2026-10-05T22:57Z,6120,gA,1.929
2026-10-05T22:57Z,6120,gP,2.029
2026-10-05T22:57Z,6121,gA,1.959
2026-10-05T22:57Z,6121,gP,2.019
2026-10-05T22:57Z,6131,gA,1.944
2026-10-05T22:57Z,6131,gP,2.034
2026-10-05T22:57Z,6137,g95e5,1.869
2026-10-05T22:57Z,6140,gA,2.004
2026-10-05T22:57Z,6140,gP,2.079
2026-10-05T22:57Z,6141,gA,2.004
2026-10-05T22:57Z,6141,gP,2.079
2026-10-05T22:57Z,6144,gA,1.974
2026-10-05T22:57Z,6144,gP,2.024
2026-10-05T22:57Z,6146,g95e5,1.825
2026-10-05T22:57Z,6146,gA,1.989
2026-10-05T22:57Z,6146,gP,2.079
2026-10-05T22:57Z,6146,g98e5,1.965
2026-10-05T22:57Z,6147,g95e5,1.825
2026-10-05T22:57Z,6147,gA,1.989
2026-10-05T22:57Z,6147,gP,2.079
2026-10-05T22:57Z,6147,g98e5,1.965
2026-10-05T22:57Z,6148,gA,2.004
2026-10-05T22:57Z,6148,gP,2.079
2026-10-05T22:57Z,6150,gA,1.972
2026-10-05T22:57Z,6150,gP,2.032
2026-10-05T22:57Z,6150,gB,1.749
2026-10-05T22:57Z,6151,g95e5,1.838
2026-10-05T22:57Z,6151,gA,1.999
2026-10-05T22:57Z,6151,gP,2.084
2026-10-05T22:57Z,6163,gA,1.919
2026-10-05T22:57Z,6163,gP,2.029
2026-10-05T22:57Z,6164,g95e5,1.779
2026-10-05T22:57Z,6164,gA,1.955
2026-10-05T22:57Z,6164,gP,2.005
2026-10-05T22:57Z,6165,gA,2.004
2026-10-05T22:57Z,6165,gP,2.079
2026-10-05T22:57Z,6166,g95e5,1.839
2026-10-05T22:57Z,6166,gA,1.959
2026-10-05T22:57Z,6166,gP,2.009
2026-10-05T22:57Z,6166,g98e5,1.979
2026-10-05T22:57Z,6168,g95e5,1.849
2026-10-05T22:57Z,6168,gP,2.079
2026-10-05T22:57Z,6170,gP,2.015
2026-10-05T22:57Z,6173,gA,1.984
2026-10-05T22:57Z,6173,gP,2.109
2026-10-05T22:57Z,6176,g95e5,1.885
2026-10-05T22:57Z,6176,g98e5,2.045
2026-10-05T22:57Z,6177,g95e5,1.819
2026-10-05T22:57Z,6177,gA,1.989
2026-10-05T22:57Z,6177,gP,2.079
2026-10-05T22:57Z,6177,g98e5,1.959
2026-10-05T22:57Z,6181,g95e5,1.885
2026-10-05T22:57Z,6181,gA,2.029
2026-10-05T22:57Z,6181,g98e5,1.995
2026-10-05T22:57Z,6181,g95e5p,1.955
2026-10-05T22:57Z,6182,gA,1.975
2026-10-05T22:57Z,6182,gP,2.045
2026-10-05T22:57Z,6183,gP,2.045
2026-10-05T22:57Z,6188,g95e5,1.865
2026-10-05T22:57Z,6188,gA,1.995
2026-10-05T22:57Z,6188,gP,2.045
2026-10-05T22:57Z,6194,g95e5,1.829
2026-10-05T22:57Z,6194,gA,1.995
2026-10-05T22:57Z,6194,gP,2.095
2026-10-05T22:57Z,6194,g98e5,1.989
2026-10-05T22:57Z,6195,gP,2.049
2026-10-05T22:57Z,6197,g95e5,1.865
2026-10-05T22:57Z,6197,g98e5,2.025
2026-10-05T22:57Z,6198,g95e5,1.835
2026-10-05T22:57Z,6198,gA,1.979
2026-10-05T22:57Z,6198,g98e5,1.995
2026-10-05T22:57Z,6198,g95e5p,1.905
2026-10-05T22:57Z,6199,g95e5,1.869
2026-10-05T22:57Z,6199,g98e5,2.029
2026-10-05T22:57Z,6202,gA,1.985
2026-10-05T22:57Z,6204,g95e5,1.845
2026-10-05T22:57Z,6204,g98e5,2.005
2026-10-05T22:57Z,6205,gA,1.939
2026-10-05T22:57Z,6205,gP,2.019
2026-10-05T22:57Z,6206,g95e5,1.809
2026-10-05T22:57Z,6206,g98e5,1.969
2026-10-05T22:57Z,6208,g95e5,1.815
2026-10-05T22:57Z,6208,gA,1.965
2026-10-05T22:57Z,6208,g98e5,1.965
2026-10-05T22:57Z,6211,g95e5,1.855
2026-10-05T22:57Z,6211,gA,1.999
2026-10-05T22:57Z,6211,gP,2.049
2026-10-05T22:57Z,6211,g98e5,2.015
2026-10-05T22:57Z,6217,gA,1.939
2026-10-05T22:57Z,6218,g95e5,1.729
2026-10-05T22:57Z,6220,g98e5,2.019
2026-10-05T22:57Z,6222,gP,2.059
2026-10-05T22:57Z,6227,g95e5,1.869
2026-10-05T22:57Z,6227,gA,2.029
2026-10-05T22:57Z,6227,g98e5,2.029
2026-10-05T22:57Z,6230,g95e5,1.829
2026-10-05T22:57Z,6230,gP,2.015
2026-10-05T22:57Z,6230,g98e5,1.979
2026-10-05T22:57Z,6232,gA,1.929
2026-10-05T22:57Z,6233,g95e5,1.885
2026-10-05T22:57Z,6233,g98e5,1.995
2026-10-05T22:57Z,6238,g95e5,1.859
2026-10-05T22:57Z,6238,gA,2.015
2026-10-05T22:57Z,6241,gA,2.005
2026-10-05T22:57Z,6244,g95e5,1.839
2026-10-05T22:57Z,6246,g95e5,1.829
2026-10-05T22:57Z,6246,g98e5,1.979
2026-10-05T22:57Z,6247,g95e5,1.829
2026-10-05T22:57Z,6247,gA,1.979
2026-10-05T22:57Z,6252,g95e5,1.829
2026-10-05T22:57Z,6252,gA,1.985
2026-10-05T22:57Z,6252,gP,2.035
2026-10-05T22:57Z,6255,g95e5,1.859
2026-10-05T22:57Z,6255,gA,1.999
2026-10-05T22:57Z,6255,g98e5,1.969
2026-10-05T22:57Z,6255,g95e5p,1.929
2026-10-05T22:57Z,6259,g95e5,1.875
2026-10-05T22:57Z,6260,g95e5,1.875
2026-10-05T22:57Z,6260,g98e5,2.035
2026-10-05T22:57Z,6261,g95e5,1.829
2026-10-05T22:57Z,6268,g98e5,1.945
2026-10-05T22:57Z,6271,g95e5,1.805
2026-10-05T22:57Z,6271,gA,1.925
2026-10-05T22:57Z,6271,g98e5,1.965
2026-10-05T22:57Z,6275,g95e5,1.839
2026-10-05T22:57Z,6275,g98e5,1.999
2026-10-05T22:57Z,6276,g95e5,1.829
2026-10-05T22:57Z,6276,g98e5,1.989
2026-10-05T22:57Z,6276,g95e5p,1.909
2026-10-05T22:57Z,6278,g95e5,1.855
2026-10-05T22:57Z,6278,g98e5,2.015
2026-10-05T22:57Z,6283,g95e5,1.845
2026-10-05T22:57Z,6283,gA,2.009
2026-10-05T22:57Z,6283,gP,2.079
2026-10-05T22:57Z,6287,g95e5,1.829
2026-10-05T22:57Z,6287,gA,1.959
2026-10-05T22:57Z,6287,gP,2.049
2026-10-05T22:57Z,6287,g98e5,1.969
2026-10-05T22:57Z,6288,g95e5,1.829
2026-10-05T22:57Z,6288,gA,1.959
2026-10-05T22:57Z,6288,gP,2.049
2026-10-05T22:57Z,6288,g98e5,1.969
2026-10-05T22:57Z,6290,g95e5,1.875
2026-10-05T22:57Z,6290,g98e5,2.035
2026-10-05T22:57Z,6291,g95e5,1.969
2026-10-05T22:57Z,6291,gA,1.939
2026-10-05T22:57Z,6291,gP,1.999
2026-10-05T22:57Z,6291,g98e5,2.079
2026-10-05T22:57Z,6291,gB,1.729
2026-10-05T22:57Z,6293,g98e5,1.864
2026-10-05T22:57Z,6294,gA,2.009
2026-10-05T22:57Z,6294,gP,2.099
2026-10-05T22:57Z,6296,gA,2.019
2026-10-05T22:57Z,6300,g95e5,1.815
2026-10-05T22:57Z,6302,g95e5,1.899
2026-10-05T22:57Z,6302,gA,1.929
2026-10-05T22:57Z,6303,g95e5,1.795
2026-10-05T22:57Z,6303,gA,1.955
2026-10-05T22:57Z,6303,gP,2.005
2026-10-05T22:57Z,6303,g98e5,1.955
2026-10-05T22:57Z,6303,gB,1.745
2026-10-05T22:57Z,6307,g95e5,1.789
2026-10-05T22:57Z,6311,gP,2.015
2026-10-05T22:57Z,6311,g98e5,1.945
2026-10-05T22:57Z,6312,g95e5,1.865
2026-10-05T22:57Z,6312,gA,2.015
2026-10-05T22:57Z,6313,g95e5,1.829
2026-10-05T22:57Z,6313,gA,1.979
2026-10-05T22:57Z,6313,g98e5,1.989
2026-10-05T22:57Z,6314,gA,2.005
2026-10-05T22:57Z,6314,gP,2.055
2026-10-05T22:57Z,6316,g95e5,1.835
2026-10-05T22:57Z,6316,gA,1.979
2026-10-05T22:57Z,6318,g95e5,1.829
2026-10-05T22:57Z,6318,gA,1.999
2026-10-05T22:57Z,6318,g98e5,1.989
2026-10-05T22:57Z,6319,g95e5,1.825
2026-10-05T22:57Z,6319,gP,2.099
2026-10-05T22:57Z,6319,g98e5,1.985
2026-10-05T22:57Z,6323,g95e5,1.839
2026-10-05T22:57Z,6323,gA,1.989
2026-10-05T22:57Z,6323,gP,2.039
2026-10-05T22:57Z,6324,g95e5,1.939
2026-10-05T22:57Z,6324,gA,1.989
2026-10-05T22:57Z,6324,gP,2.039
2026-10-05T22:57Z,6325,g95e5,1.829
2026-10-05T22:57Z,6325,gA,1.979
2026-10-05T22:57Z,6325,gP,2.029
2026-10-05T22:57Z,6325,g95e5p,1.879
2026-10-05T22:57Z,6327,g95e5,1.869
2026-10-05T22:57Z,6327,gA,2.005
2026-10-05T22:57Z,6327,gP,2.055
2026-10-05T22:57Z,6327,g98e5,2.029
2026-10-05T22:57Z,6328,gA,1.995
2026-10-05T22:57Z,6328,gP,2.095
2026-10-05T22:57Z,6330,g95e5,1.829
2026-10-05T22:57Z,6330,g98e5,1.979
2026-10-05T22:57Z,6334,g95e5,1.795
2026-10-05T22:57Z,6334,g98e5,1.955
2026-10-05T22:57Z,6337,gA,1.945
2026-10-05T22:57Z,6337,gP,2.045
2026-10-05T22:57Z,6339,g95e5,1.849
2026-10-05T22:57Z,6339,gA,1.989
2026-10-05T22:57Z,6342,g95e5,1.829
2026-10-05T22:57Z,6342,g98e5,1.989
2026-10-05T22:57Z,6344,g95e5,1.829
2026-10-05T22:57Z,6344,gA,2.005
2026-10-05T22:57Z,6344,g98e5,1.989
2026-10-05T22:57Z,6345,g95e5,1.869
2026-10-05T22:57Z,6345,gA,2.009
2026-10-05T22:57Z,6345,gP,2.059
2026-10-05T22:57Z,6345,g98e5,2.029
2026-10-05T22:57Z,6350,gA,1.929
2026-10-05T22:57Z,6350,gP,1.979
2026-10-05T22:57Z,6351,gA,1.935
2026-10-05T22:57Z,6351,gP,1.985
2026-10-05T22:57Z,6353,g95e5,1.825
2026-10-05T22:57Z,6353,g98e5,1.975
2026-10-05T22:57Z,6356,g95e5,1.879
2026-10-05T22:57Z,6356,gA,2.009
2026-10-05T22:57Z,6356,g98e5,2.039
2026-10-05T22:57Z,6357,g95e5,1.864
2026-10-05T22:57Z,6359,g95e5,1.869
2026-10-05T22:57Z,6360,g95e5,1.845
2026-10-05T22:57Z,6360,gA,1.995
2026-10-05T22:57Z,6360,g98e5,2.005
2026-10-05T22:57Z,6364,gA,1.935
2026-10-05T22:57Z,6366,g95e5,1.870
2026-10-05T22:57Z,6366,gA,2.005
2026-10-05T22:57Z,6366,gP,2.055
2026-10-05T22:57Z,6367,g95e5,1.815
2026-10-05T22:57Z,6367,gA,1.965
2026-10-05T22:57Z,6367,g98e5,1.965
2026-10-05T22:57Z,6371,gP,2.065
2026-10-05T22:57Z,6374,gP,2.055
2026-10-05T22:57Z,6378,g95e5,1.779
2026-10-05T22:57Z,6378,gA,1.899
2026-10-05T22:57Z,6378,gP,1.979
2026-10-05T22:57Z,6379,gA,2.039
2026-10-05T22:57Z,6379,gP,2.089
2026-10-05T22:57Z,6379,g98e5,2.009
2026-10-05T22:57Z,6398,g95e5,1.855
2026-10-05T22:57Z,6398,g98e5,2.015
2026-10-05T22:57Z,6399,g95e5,1.855
2026-10-05T22:57Z,6399,gA,1.979
2026-10-05T22:57Z,6399,g98e5,2.015
2026-10-05T22:57Z,6401,g95e5,1.819
2026-10-05T22:57Z,6401,gA,1.989
2026-10-05T22:57Z,6401,gP,2.079
2026-10-05T22:57Z,6401,g98e5,1.959
2026-10-05T22:57Z,6403,g95e5,1.815
2026-10-05T22:57Z,6403,gA,1.999
2026-10-05T22:57Z,6403,gP,2.049
2026-10-05T22:57Z,6403,g98e5,1.975
2026-10-05T22:57Z,6404,g95e5,1.845
2026-10-05T22:57Z,6404,gA,1.995
2026-10-05T22:57Z,6404,g98e5,2.005
2026-10-05T22:57Z,6404,g95e5p,1.905
2026-10-05T22:57Z,6406,g95e5,1.885
2026-10-05T22:57Z,6406,gA,2.019
2026-10-05T22:57Z,6406,gP,2.069
2026-10-05T22:57Z,6406,g98e5,2.045
2026-10-05T22:57Z,6410,g95e5,1.779
2026-10-05T22:57Z,6410,gA,1.935
2026-10-05T22:57Z,6411,g95e5,1.849
2026-10-05T22:57Z,6411,gA,2.015
2026-10-05T22:57Z,6411,g98e5,2.009
2026-10-05T22:57Z,6412,g95e5,1.849
2026-10-05T22:57Z,6412,g98e5,2.009
2026-10-05T22:57Z,6413,g95e5,1.869
2026-10-05T22:57Z,6413,gA,1.989
2026-10-05T22:57Z,6413,g98e5,2.029
2026-10-05T22:57Z,6413,g95e5p,1.939
2026-10-05T22:57Z,6415,g95e5,1.819
2026-10-05T22:57Z,6415,gA,1.919
2026-10-05T22:57Z,6415,gP,2.029
2026-10-05T22:57Z,6424,gA,1.889
2026-10-05T22:57Z,6424,gP,2.009
2026-10-05T22:57Z,6426,gA,1.929
2026-10-05T22:57Z,6426,gP,2.039
2026-10-05T22:57Z,6448,g95e5,1.819
2026-10-05T22:57Z,6448,gA,1.935
2026-10-05T22:57Z,6448,gP,2.025
2026-10-05T22:57Z,6448,g98e5,1.959
2026-10-05T22:57Z,6452,gA,1.959
2026-10-05T22:57Z,6452,gP,2.099
2026-10-05T22:57Z,6466,g95e5,1.775
2026-10-05T22:57Z,6466,gA,1.855
2026-10-05T22:57Z,6468,g95e5,1.855
2026-10-05T22:57Z,6468,gA,2.005
2026-10-05T22:57Z,6468,gP,2.095
2026-10-05T22:57Z,6468,g98e5,1.995
2026-10-05T22:57Z,6471,g95e5,1.829
2026-10-05T22:57Z,6471,gA,1.959
2026-10-05T22:57Z,6471,gP,2.009
2026-10-05T22:57Z,6471,g95e5p,1.879
2026-10-05T22:57Z,6484,g95e5,1.878
2026-10-05T22:57Z,6484,gA,2.004
2026-10-05T22:57Z,6484,gP,2.099
2026-10-05T22:57Z,6484,g95e5p,1.938
2026-10-05T22:57Z,6486,g95e5,1.890
2026-10-05T22:57Z,6486,gA,1.985
2026-10-05T22:57Z,6486,gP,2.085
2026-10-05T22:57Z,6497,gA,1.959
2026-10-05T22:57Z,6497,gP,2.049
2026-10-05T22:57Z,6499,gA,2.014
2026-10-05T22:57Z,6499,gP,2.099
2026-10-05T22:57Z,6500,g95e5,1.853
2026-10-05T22:57Z,6500,gA,1.979
2026-10-05T22:57Z,6500,gP,2.119
2026-10-05T22:57Z,6501,g95e5,1.839
2026-10-05T22:57Z,6501,gA,1.989
2026-10-05T22:57Z,6501,gP,2.069
2026-10-05T22:57Z,6501,gB,1.843
2026-10-05T22:57Z,6508,gA,2.029
2026-10-05T22:57Z,6509,gA,1.969
2026-10-05T22:57Z,6509,gP,2.079
2026-10-05T22:57Z,6522,g95e5,1.868
2026-10-05T22:57Z,6522,gP,2.039
2026-10-05T22:57Z,6522,g95e5p,1.938
2026-10-05T22:57Z,6528,g95e5,1.889
2026-10-05T22:57Z,6555,g95e5,1.835
2026-10-05T22:57Z,6555,gA,1.955
2026-10-05T22:57Z,6555,gP,2.045
2026-10-05T22:57Z,6555,g98e5,1.975
2026-10-05T22:57Z,6556,gA,1.819
2026-10-05T22:57Z,6558,g95e5,1.979
2026-10-05T22:57Z,6558,gA,1.979
2026-10-05T22:57Z,6558,gP,2.049
2026-10-05T22:57Z,6558,g98e5,2.059
2026-10-05T22:57Z,6564,g98e5,1.935
2026-10-05T22:57Z,6568,g95e5,1.809
2026-10-05T22:57Z,6568,gA,1.945
2026-10-05T22:57Z,6568,gP,2.045
2026-10-05T22:57Z,6568,g98e5,1.969
2026-10-05T22:57Z,6568,g95e5p,1.889
2026-10-05T22:57Z,6569,gA,1.934
2026-10-05T22:57Z,6569,gP,2.029
2026-10-05T22:57Z,6570,g95e5,1.698
2026-10-05T22:57Z,6570,gA,1.798
2026-10-05T22:57Z,6576,g95e5,1.839
2026-10-05T22:57Z,6576,gA,1.899
2026-10-05T22:57Z,6576,gP,1.999
2026-10-05T22:57Z,6576,g95e5p,1.939
2026-10-05T22:57Z,6584,gA,1.939
2026-10-05T22:57Z,6584,gP,2.039
2026-10-05T22:57Z,6589,g95e5,1.785
2026-10-05T22:57Z,6589,g98e5,1.945
2026-10-05T22:57Z,6599,gA,1.944
2026-10-05T22:57Z,6599,gP,2.029
2026-10-05T22:57Z,6611,g95e5,1.919
2026-10-05T22:57Z,6611,gA,2.039
2026-10-05T22:57Z,6611,gP,2.099
2026-10-05T22:57Z,6611,gB,1.959
2026-10-05T22:57Z,6612,gA,2.014
2026-10-05T22:57Z,6612,gP,2.099
2026-10-05T22:57Z,6622,gA,2.005
2026-10-05T22:57Z,6623,g95e5,1.799
2026-10-05T22:57Z,6623,gA,1.999
2026-10-05T22:57Z,6623,g98e5,1.939
2026-10-05T22:57Z,6624,g95e5,1.779
2026-10-05T22:57Z,6624,g98e5,1.899
2026-10-05T22:57Z,6627,gA,1.984
2026-10-05T22:57Z,6627,gP,2.109
2026-10-05T22:57Z,6632,g95e5,1.775
2026-10-05T22:57Z,6632,gA,1.975
2026-10-05T22:57Z,6632,gP,2.025
2026-10-05T22:57Z,6632,g95e5p,1.835
2026-10-05T22:57Z,6635,g95e5,1.705
2026-10-05T22:57Z,6635,g95e5p,1.725
2026-10-05T22:57Z,6639,g95e5,1.729
2026-10-05T22:57Z,6639,gA,1.889
2026-10-05T22:57Z,6640,g95e5,1.705
2026-10-05T22:57Z,6640,g95e5p,1.725
2026-10-05T22:57Z,6644,gP,2.105
2026-10-05T22:57Z,6652,g95e5,1.808
2026-10-05T22:57Z,6652,gA,1.984
2026-10-05T22:57Z,6652,gP,2.069
2026-10-05T22:57Z,6652,gB,1.788
2026-10-05T22:57Z,6654,g95e5,1.705
2026-10-05T22:57Z,6654,g95e5p,1.725
2026-10-05T22:57Z,6662,g95e5,1.879
2026-10-05T22:57Z,6665,g95e5,1.849
2026-10-05T22:57Z,6665,g98e5,1.999
2026-10-05T22:57Z,6678,gA,2.035
2026-10-05T22:57Z,6681,g95e5,1.869
2026-10-05T22:57Z,6682,g95e5,1.869
2026-10-05T22:57Z,6682,gA,1.939
2026-10-05T22:57Z,6682,g98e5,1.979
2026-10-05T22:57Z,6687,g95e5,1.825
2026-10-05T22:57Z,6687,gA,1.969
2026-10-05T22:57Z,6687,gP,2.069
2026-10-05T22:57Z,6687,g98e5,1.985
2026-10-05T22:57Z,6688,g98e5,1.935
2026-10-05T22:57Z,6690,g95e5,1.825
2026-10-05T22:57Z,6690,gA,2.015
2026-10-05T22:57Z,6690,g98e5,1.935
2026-10-05T22:57Z,6690,g95e5p,1.895
2026-10-05T22:57Z,6694,g95e5,1.795
2026-10-05T22:57Z,6694,g95e5p,1.855
2026-10-05T22:57Z,6695,g95e5,1.795
2026-10-05T22:57Z,6698,g95e5,1.765
2026-10-05T22:57Z,6698,gA,1.939
2026-10-05T22:57Z,6698,g98e5,1.925
2026-10-05T22:57Z,6699,gA,1.935
2026-10-05T22:57Z,6699,gP,1.985
2026-10-05T22:57Z,6699,g98e5,2.009
2026-10-05T22:57Z,6699,g95e5p,1.929
2026-10-05T22:57Z,6700,g95e5,1.825
2026-10-05T22:57Z,6700,gA,1.969
2026-10-05T22:57Z,6700,gP,2.069
2026-10-05T22:57Z,6700,g98e5,1.985
2026-10-05T22:57Z,6702,g95e5,1.805
2026-10-05T22:57Z,6702,gA,2.019
2026-10-05T22:57Z,6702,gP,2.109
2026-10-05T22:57Z,6703,g95e5,1.825
2026-10-05T22:57Z,6703,g98e5,1.985
2026-10-05T22:57Z,6706,gA,1.994
2026-10-05T22:57Z,6706,gP,2.069
2026-10-05T22:57Z,6706,gB,1.858
2026-10-05T22:57Z,6711,g95e5,1.825
2026-10-05T22:57Z,6713,g95e5,1.785
2026-10-05T22:57Z,6713,g98e5,1.945
2026-10-05T22:57Z,6715,g95e5,1.825
2026-10-05T22:57Z,6715,g95e5p,1.895
2026-10-05T22:57Z,6716,g95e5,1.825
2026-10-05T22:57Z,6716,gA,1.995
2026-10-05T22:57Z,6716,gP,2.045
2026-10-05T22:57Z,6716,g98e5,1.985
2026-10-05T22:57Z,6718,g95e5,1.765
2026-10-05T22:57Z,6718,g98e5,1.925
2026-10-05T22:57Z,6721,g95e5,1.855
2026-10-05T22:57Z,6721,gA,1.959
2026-10-05T22:57Z,6721,gP,2.029
2026-10-05T22:57Z,6721,g98e5,2.015
2026-10-05T22:57Z,6721,g95e5p,1.925
2026-10-05T22:57Z,6722,g95e5,1.795
2026-10-05T22:57Z,6722,gP,2.009
2026-10-05T22:57Z,6723,g95e5,1.829
2026-10-05T22:57Z,6723,g95e5p,1.899
2026-10-05T22:57Z,6725,g95e5,1.809
2026-10-05T22:57Z,6725,gA,1.909
2026-10-05T22:57Z,6725,gP,1.999
2026-10-05T22:57Z,6725,g98e5,1.949
2026-10-05T22:57Z,6731,g95e5,1.819
2026-10-05T22:57Z,6731,gA,1.955
2026-10-05T22:57Z,6731,gP,2.045
2026-10-05T22:57Z,6731,g98e5,1.959
2026-10-05T22:57Z,6737,g95e5,1.849
2026-10-05T22:57Z,6737,g98e5,2.009
2026-10-05T22:57Z,6740,g95e5,1.829
2026-10-05T22:57Z,6740,gA,1.989
2026-10-05T22:57Z,6740,gP,2.039
2026-10-05T22:57Z,6740,g98e5,1.969
2026-10-05T22:57Z,6743,gA,2.004
2026-10-05T22:57Z,6743,gP,2.099
2026-10-05T22:57Z,6744,gA,2.004
2026-10-05T22:57Z,6744,gP,2.099
2026-10-05T22:57Z,6749,g95e5,1.839
2026-10-05T22:57Z,6749,gA,1.984
2026-10-05T22:57Z,6751,g95e5,1.799
2026-10-05T22:57Z,6751,gA,2.005
2026-10-05T22:57Z,6751,g98e5,1.959
2026-10-05T22:57Z,6766,g95e5,1.899
2026-10-05T22:57Z,6766,gA,1.989
2026-10-05T22:57Z,6766,gP,2.049
2026-10-05T22:57Z,6770,gA,1.994
2026-10-05T22:57Z,6770,gP,2.079
2026-10-05T22:57Z,6773,gA,2.059
2026-10-05T22:57Z,6773,gB,1.899
2026-10-05T22:57Z,6778,gA,1.994
2026-10-05T22:57Z,6778,gP,2.079
2026-10-05T22:57Z,6778,gB,1.858
2026-10-05T22:57Z,6780,gA,1.994
2026-10-05T22:57Z,6780,gP,2.099
2026-10-05T22:57Z,6780,gB,1.858
2026-10-05T22:57Z,6788,gA,1.994
2026-10-05T22:57Z,6788,gP,2.069
2026-10-05T22:57Z,6788,gB,1.858
2026-10-05T22:57Z,6789,gA,1.994
2026-10-05T22:57Z,6789,gP,2.069
2026-10-05T22:57Z,6790,gA,1.994
2026-10-05T22:57Z,6790,gP,2.079
2026-10-05T22:57Z,6799,g95e5,1.829
2026-10-05T22:57Z,6799,gA,1.929
2026-10-05T22:57Z,6799,g98e5,1.989
2026-10-05T22:57Z,6799,g95e5p,1.899
2026-10-05T22:57Z,6803,gA,1.979
2026-10-05T22:57Z,6807,g95e5,1.869
2026-10-05T22:57Z,6807,gA,1.929
2026-10-05T22:57Z,6807,g98e5,1.979
2026-10-05T22:57Z,6807,g95e5p,1.939
2026-10-05T22:57Z,6808,g95e5,1.869
2026-10-05T22:57Z,6808,gA,1.929
2026-10-05T22:57Z,6808,g98e5,1.979
2026-10-05T22:57Z,6808,g95e5p,1.939
2026-10-05T22:57Z,6809,g95e5,1.845
2026-10-05T22:57Z,6809,gA,1.985
2026-10-05T22:57Z,6809,g98e5,1.995
2026-10-05T22:57Z,6810,gA,1.979
2026-10-05T22:57Z,6812,g95e5,1.829
2026-10-05T22:57Z,6812,g98e5,1.989
2026-10-05T22:57Z,6812,g95e5p,1.889
2026-10-05T22:57Z,6813,g95e5,1.859
2026-10-05T22:57Z,6813,gA,1.955
2026-10-05T22:57Z,6813,g95e5p,1.929
2026-10-05T22:57Z,6814,gA,1.969
2026-10-05T22:57Z,6815,g95e5,1.785
2026-10-05T22:57Z,6815,g98e5,1.945
2026-10-05T22:57Z,6819,gA,1.994
2026-10-05T22:57Z,6819,gP,2.099
2026-10-05T22:57Z,6822,g98e5,2.045
2026-10-05T22:57Z,6823,g95e5,1.859
2026-10-05T22:57Z,6823,gA,1.989
2026-10-05T22:57Z,6823,gP,2.049
2026-10-05T22:57Z,6824,gP,1.989
2026-10-05T22:57Z,6826,g95e5,1.799
2026-10-05T22:57Z,6826,g98e5,1.959
2026-10-05T22:57Z,6826,g95e5p,1.859
2026-10-05T22:57Z,6830,g95e5,1.819
2026-10-05T22:57Z,6830,gA,1.935
2026-10-05T22:57Z,6830,gP,2.025
2026-10-05T22:57Z,6830,g98e5,1.959
2026-10-05T22:57Z,6831,g98e5,2.019
2026-10-05T22:57Z,6832,g95e5,1.885
2026-10-05T22:57Z,6832,gA,2.019
2026-10-05T22:57Z,6832,g98e5,2.045
2026-10-05T22:57Z,6832,g95e5p,1.955
2026-10-05T22:57Z,6833,g98e5,1.969
2026-10-05T22:57Z,6837,gA,1.935
2026-10-05T22:57Z,6837,gP,2.025
2026-10-05T22:57Z,6838,g95e5,1.769
2026-10-05T22:57Z,6838,gP,2.019
2026-10-05T22:57Z,6840,g95e5,1.869
2026-10-05T22:57Z,6841,g95e5,1.769
2026-10-05T22:57Z,6841,gA,1.975
2026-10-05T22:57Z,6841,gP,2.065
2026-10-05T22:57Z,6841,g98e5,1.929
2026-10-05T22:57Z,6842,g95e5,1.889
2026-10-05T22:57Z,6842,g98e5,1.999
2026-10-05T22:57Z,6843,gA,1.929
2026-10-05T22:57Z,6843,g98e5,2.015
2026-10-05T22:57Z,6843,g95e5p,1.935
2026-10-05T22:57Z,6846,gA,1.929
2026-10-05T22:57Z,6846,gP,2.009
2026-10-05T22:57Z,6847,g95e5,1.839
2026-10-05T22:57Z,6847,gA,1.909
2026-10-05T22:57Z,6847,gP,1.999
2026-10-05T22:57Z,6847,g98e5,1.979
2026-10-05T22:57Z,6850,g95e5,1.835
2026-10-05T22:57Z,6850,g98e5,1.995
2026-10-05T22:57Z,6853,g95e5,1.785
2026-10-05T22:57Z,6853,gA,1.929
2026-10-05T22:57Z,6853,gP,2.009
2026-10-05T22:57Z,6853,g98e5,1.945
2026-10-05T22:57Z,6853,g95e5p,1.855
2026-10-05T22:57Z,6857,gA,1.945
2026-10-05T22:57Z,6858,g95e5,1.835
2026-10-05T22:57Z,6858,g98e5,1.995
2026-10-05T22:57Z,6859,g95e5,1.835
2026-10-05T22:57Z,6859,gP,2.005
2026-10-05T22:57Z,6859,g98e5,1.995
2026-10-05T22:57Z,6861,g95e5,1.809
2026-10-05T22:57Z,6861,gA,1.979
2026-10-05T22:57Z,6861,g98e5,1.919
2026-10-05T22:57Z,6862,g95e5,1.849
2026-10-05T22:57Z,6862,gA,1.955
2026-10-05T22:57Z,6862,g98e5,1.959
2026-10-05T22:57Z,6865,g95e5,1.829
2026-10-05T22:57Z,6865,gA,1.939
2026-10-05T22:57Z,6867,gA,1.979
2026-10-05T22:57Z,6869,g95e5,1.809
2026-10-05T22:57Z,6869,gA,1.979
2026-10-05T22:57Z,6869,gP,2.079
2026-10-05T22:57Z,6869,g98e5,1.969
2026-10-05T22:57Z,6869,gB,1.889
2026-10-05T22:57Z,6870,g95e5,1.839
2026-10-05T22:57Z,6870,g98e5,1.999
2026-10-05T22:57Z,6871,g95e5,1.775
2026-10-05T22:57Z,6871,gA,2.029
2026-10-05T22:57Z,6871,g98e5,1.925
2026-10-05T22:57Z,6871,g95e5p,1.835
2026-10-05T22:57Z,6875,gA,2.035
2026-10-05T22:57Z,6875,gP,2.115
2026-10-05T22:57Z,6876,gA,2.029
2026-10-05T22:57Z,6876,gP,2.079
2026-10-05T22:57Z,6877,gA,1.979
2026-10-05T22:57Z,6882,g95e5,1.825
2026-10-05T22:57Z,6882,gA,1.989
2026-10-05T22:57Z,6882,gP,2.039
2026-10-05T22:57Z,6882,g98e5,1.985
2026-10-05T22:57Z,6887,g95e5,1.829
2026-10-05T22:57Z,6887,gA,1.985
2026-10-05T22:57Z,6887,g98e5,1.989
2026-10-05T22:57Z,6889,g95e5,1.859
2026-10-05T22:57Z,6889,gA,1.969
2026-10-05T22:57Z,6889,gP,2.059
2026-10-05T22:57Z,6889,g98e5,1.999
2026-10-05T22:57Z,6890,g95e5,1.919
2026-10-05T22:57Z,6890,gA,2.029
2026-10-05T22:57Z,6890,gP,2.119
2026-10-05T22:57Z,6893,g95e5,1.879
2026-10-05T22:57Z,6893,g98e5,2.019
2026-10-05T22:57Z,6894,g95e5,1.825
2026-10-05T22:57Z,6894,gA,1.955
2026-10-05T22:57Z,6894,gP,2.005
2026-10-05T22:57Z,6894,g98e5,1.935
2026-10-05T22:57Z,6894,g95e5p,1.895
2026-10-05T22:57Z,6895,g95e5,1.809
2026-10-05T22:57Z,6895,gA,1.909
2026-10-05T22:57Z,6895,gP,1.999
2026-10-05T22:57Z,6895,g98e5,1.949
2026-10-05T22:57Z,6897,g95e5,1.825
2026-10-05T22:57Z,6897,gA,2.035
2026-10-05T22:57Z,6897,g98e5,1.985
2026-10-05T22:57Z,6898,g95e5,1.805
2026-10-05T22:57Z,6898,gA,2.019
2026-10-05T22:57Z,6898,g98e5,1.965
2026-10-05T22:57Z,6900,g95e5,1.869
2026-10-05T22:57Z,6907,g95e5,1.845
2026-10-05T22:57Z,6908,g95e5,1.775
2026-10-05T22:57Z,6908,gA,1.999
2026-10-05T22:57Z,6908,g98e5,1.935
2026-10-05T22:57Z,6909,g95e5,1.775
2026-10-05T22:57Z,6909,gA,1.995
2026-10-05T22:57Z,6910,g95e5,1.829
2026-10-05T22:57Z,6910,gA,2.025
2026-10-05T22:57Z,6911,g95e5,1.765
2026-10-05T22:57Z,6913,g95e5,1.775
2026-10-05T22:57Z,6913,gA,1.985
2026-10-05T22:57Z,6914,gA,1.929
2026-10-05T22:57Z,6914,gP,2.029
2026-10-05T22:57Z,6916,gA,1.979
2026-10-05T22:57Z,6916,gP,2.079
2026-10-05T22:57Z,6917,g95e5,1.889
2026-10-05T22:57Z,6917,gA,1.989
2026-10-05T22:57Z,6917,gP,2.039
2026-10-05T22:57Z,6917,g98e5,1.999
2026-10-05T22:57Z,6919,g95e5,1.809
2026-10-05T22:57Z,6919,gA,1.939
2026-10-05T22:57Z,6922,g95e5,1.859
2026-10-05T22:57Z,6922,gA,2.029
2026-10-05T22:57Z,6922,g98e5,2.019
2026-10-05T22:57Z,6923,g95e5,1.785
2026-10-05T22:57Z,6923,g98e5,1.945
2026-10-05T22:57Z,6924,g95e5,1.845
2026-10-05T22:57Z,6924,gA,1.985
2026-10-05T22:57Z,6924,gB,1.839
2026-10-05T22:57Z,6926,g95e5,1.799
2026-10-05T22:57Z,6926,gA,1.959
2026-10-05T22:57Z,6926,gP,2.049
2026-10-05T22:57Z,6926,g98e5,1.938
2026-10-05T22:57Z,6928,g95e5,1.775
2026-10-05T22:57Z,6928,gA,1.979
2026-10-05T22:57Z,6928,gP,2.079
2026-10-05T22:57Z,6931,gA,1.975
2026-10-05T22:57Z,6933,gP,2.029
2026-10-05T22:57Z,6934,g95e5,1.775
2026-10-05T22:57Z,6934,gA,1.975
2026-10-05T22:57Z,6934,g98e5,1.935
2026-10-05T22:57Z,6935,gA,1.985
2026-10-05T22:57Z,6939,gA,1.959
2026-10-05T22:57Z,6940,g95e5,1.819
2026-10-05T22:57Z,6940,gA,2.009
2026-10-05T22:57Z,6940,g98e5,1.939
2026-10-05T22:57Z,6941,g95e5,1.845
2026-10-05T22:57Z,6942,g95e5,1.799
2026-10-05T22:57Z,6943,g95e5,1.799
2026-10-05T22:57Z,6943,g98e5,1.959
2026-10-05T22:57Z,6944,g95e5,1.789
2026-10-05T22:57Z,6944,g98e5,1.899
2026-10-05T22:57Z,6944,g95e5p,1.849
2026-10-05T22:57Z,6948,g95e5,1.849
2026-10-05T22:57Z,6948,gA,1.929
2026-10-05T22:57Z,6948,gP,1.990
2026-10-05T22:57Z,6948,g98e5,1.969
2026-10-05T22:57Z,6948,gB,1.839
2026-10-05T22:57Z,6950,g95e5,1.779
2026-10-05T22:57Z,6950,gA,1.979
2026-10-05T22:57Z,6950,gP,2.059
2026-10-05T22:57Z,6950,g95e5p,1.839
2026-10-05T22:57Z,6954,g95e5,1.765
2026-10-05T22:57Z,6954,g98e5,1.925
2026-10-05T22:57Z,6955,gA,2.029
2026-10-05T22:57Z,6955,g98e5,2.049
2026-10-05T22:57Z,6956,g95e5,1.785
2026-10-05T22:57Z,6956,gP,2.009
2026-10-05T22:57Z,6957,g95e5,1.859
2026-10-05T22:57Z,6957,g98e5,2.019
2026-10-05T22:57Z,6958,g95e5,1.785
2026-10-05T22:57Z,6958,gA,1.929
2026-10-05T22:57Z,6958,g98e5,1.945
2026-10-05T22:57Z,6961,g95e5,1.835
2026-10-05T22:57Z,6961,gA,1.995
2026-10-05T22:57Z,6961,g98e5,1.955
2026-10-05T22:57Z,6962,g95e5,1.805
2026-10-05T22:57Z,6962,g98e5,1.955
2026-10-05T22:57Z,6963,g95e5,1.805
2026-10-05T22:57Z,6963,g98e5,1.955
2026-10-05T22:57Z,6964,g95e5,1.809
2026-10-05T22:57Z,6964,g98e5,1.919
2026-10-05T22:57Z,6966,g95e5,1.809
2026-10-05T22:57Z,6966,g98e5,1.919
2026-10-05T22:57Z,6967,g95e5,1.825
2026-10-05T22:57Z,6969,g95e5,1.825
2026-10-05T22:57Z,6969,gA,2.015
2026-10-05T22:57Z,6969,g98e5,1.985
2026-10-05T22:57Z,6971,g95e5,1.809
2026-10-05T22:57Z,6971,gA,1.965
2026-10-05T22:57Z,6971,g98e5,1.969
2026-10-05T22:57Z,6972,g98e5,1.989
2026-10-05T22:57Z,6973,g98e5,1.989
2026-10-05T22:57Z,6974,gA,1.909
2026-10-05T22:57Z,6974,gB,1.789
2026-10-05T22:57Z,6975,gA,2.009
2026-10-05T22:57Z,6975,gP,2.079
2026-10-05T22:57Z,6976,g95e5,1.890
2026-10-05T22:57Z,6976,gA,1.985
2026-10-05T22:57Z,6976,gP,2.085
2026-10-05T22:57Z,6977,g98e5,1.945
2026-10-05T22:57Z,6978,g95e5,1.849
2026-10-05T22:57Z,6978,gA,1.995
2026-10-05T22:57Z,6978,g98e5,1.989
2026-10-05T22:57Z,6988,gA,1.969
2026-10-05T22:57Z,6988,gP,2.059
2026-10-05T22:57Z,6989,gA,1.969
2026-10-05T22:57Z,6989,gP,2.059
2026-10-05T22:57Z,6991,g95e5,1.699
2026-10-05T22:57Z,6993,g95e5,1.869
2026-10-05T22:57Z,6993,gA,1.919
2026-10-05T22:57Z,6993,gP,2.009
2026-10-05T22:57Z,6993,g98e5,2.009
2026-10-05T22:57Z,6997,g95e5,1.749
2026-10-05T22:57Z,6997,gA,1.849
2026-10-05T22:57Z,6997,gP,1.899
2026-10-05T22:57Z,6997,g98e5,1.889
2026-10-05T22:57Z,7003,g95e5,1.849
2026-10-05T22:57Z,7003,g98e5,1.969
2026-10-05T22:57Z,7004,g95e5,1.849
2026-10-05T22:57Z,7004,g98e5,1.969
2026-10-05T22:57Z,7010,g95e5,1.679
2026-10-05T22:57Z,7010,gA,1.779
2026-10-05T22:57Z,7010,bio,1.699
2026-10-05T22:57Z,7013,gA,1.859
2026-10-05T22:57Z,7013,g98e5,1.859
2026-10-05T22:57Z,7013,bio,1.759
2026-10-05T22:57Z,7049,g95e5,1.699
2026-10-05T22:57Z,7049,gA,1.817
2026-10-05T22:57Z,7049,gP,1.837
2026-10-05T22:57Z,7049,g95e5p,1.719
2026-10-05T22:57Z,7054,gA,2.014
2026-10-05T22:57Z,7054,gP,2.079
2026-10-05T22:57Z,7054,gB,1.883
2026-10-05T22:57Z,7062,g95e5,1.819
2026-10-05T22:57Z,7062,gA,1.939
2026-10-05T22:57Z,7062,gP,2.029
2026-10-05T22:57Z,7063,g95e5,1.709
2026-10-05T22:57Z,7063,gA,1.919
2026-10-05T22:57Z,7063,gP,1.969
2026-10-05T22:57Z,7063,g98e5,1.829
2026-10-05T22:57Z,7064,g95e5,1.809
2026-10-05T22:57Z,7064,gA,1.959
2026-10-05T22:57Z,7064,gP,2.009
2026-10-05T22:57Z,7065,g95e5,1.784
2026-10-05T22:57Z,7065,gA,1.884
2026-10-05T22:57Z,7065,gP,1.934
2026-10-05T22:57Z,7065,g95e5p,1.834
2026-10-05T22:57Z,7066,g95e5,1.855
2026-10-05T22:57Z,7066,gA,2.005
2026-10-05T22:57Z,7066,gP,2.095
2026-10-05T22:57Z,7066,g98e5,1.995
2026-10-05T22:57Z,7067,g95e5,1.799
2026-10-05T22:57Z,7067,gA,1.949
2026-10-05T22:57Z,7067,gP,1.999
2026-10-05T22:57Z,7068,g95e5,1.864
2026-10-05T22:57Z,7068,gA,2.024
2026-10-05T22:57Z,7068,gP,2.114
2026-10-05T22:57Z,7068,g95e5p,1.914
2026-10-05T22:57Z,7069,g95e5,1.759
2026-10-05T22:57Z,7069,gA,1.919
2026-10-05T22:57Z,7069,gP,1.969
2026-10-05T22:57Z,7069,g98e5,1.879
2026-10-05T22:57Z,7071,gA,1.969
2026-10-05T22:57Z,7071,gP,2.019
2026-10-05T22:57Z,7071,g98e5,1.889
2026-10-05T22:57Z,7071,g95e5p,1.889
2026-10-05T22:57Z,7082,gP,2.019
2026-10-05T22:57Z,7086,gA,1.949
2026-10-05T22:57Z,7086,gP,1.999
2026-10-05T22:57Z,7088,g95e5,1.879
2026-10-05T22:57Z,7088,gA,1.949
2026-10-05T22:57Z,7088,gP,2.029
2026-10-05T22:57Z,7088,gB,1.679
2026-10-05T22:57Z,7089,g95e5,1.819
2026-10-05T22:57Z,7090,g95e5,1.839
2026-10-05T22:57Z,7090,gA,1.969
2026-10-05T22:57Z,7090,gP,2.059
2026-10-05T22:57Z,7090,g98e5,1.979
2026-10-05T22:57Z,7097,g95e5,1.839
2026-10-05T22:57Z,7097,gP,2.065
2026-10-05T22:57Z,7097,g95e5p,1.909
2026-10-05T22:57Z,7100,g95e5,1.849
2026-10-05T22:57Z,7100,gA,1.939
2026-10-05T22:57Z,7102,g95e5,1.819
2026-10-05T22:57Z,7102,gA,1.965
2026-10-05T22:57Z,7102,gP,2.055
2026-10-05T22:57Z,7102,g98e5,1.959
2026-10-05T22:57Z,7103,g95e5,1.845
2026-10-05T22:57Z,7103,g98e5,2.005
2026-10-05T22:57Z,7105,g95e5,1.785
2026-10-05T22:57Z,7105,gA,1.965
2026-10-05T22:57Z,7105,gP,2.065
2026-10-05T22:57Z,7105,g98e5,1.945
2026-10-05T22:57Z,7106,g95e5,1.785
2026-10-05T22:57Z,7106,gA,1.965
2026-10-05T22:57Z,7106,gP,2.065
2026-10-05T22:57Z,7106,g98e5,1.945
2026-10-05T22:57Z,7111,g95e5,1.895
2026-10-05T22:57Z,7111,gA,1.985
2026-10-05T22:57Z,7111,g98e5,2.005
2026-10-05T22:57Z,7115,g95e5,1.855
2026-10-05T22:57Z,7115,gA,2.005
2026-10-05T22:57Z,7115,gP,2.095
2026-10-05T22:57Z,7115,g98e5,1.995
2026-10-05T22:57Z,7117,g95e5,1.815
2026-10-05T22:57Z,7117,g98e5,1.975
2026-10-05T22:57Z,7119,g95e5,1.899
2026-10-05T22:57Z,7119,gA,2.009
2026-10-05T22:57Z,7119,gP,2.059
2026-10-05T22:57Z,7119,g98e5,2.009
2026-10-05T22:57Z,7120,g95e5,1.815
2026-10-05T22:57Z,7120,g98e5,1.975
2026-10-05T22:57Z,7123,g95e5,1.835
2026-10-05T22:57Z,7123,gP,2.039
2026-10-05T22:57Z,7123,g98e5,1.995
2026-10-05T22:57Z,7123,g95e5p,1.905
2026-10-05T22:57Z,7129,g95e5,1.825
2026-10-05T22:57Z,7129,g98e5,1.965
2026-10-05T22:57Z,7130,g98e5,1.949
2026-10-05T22:57Z,7131,gP,2.085
2026-10-05T22:57Z,7131,g98e5,2.029
2026-10-05T22:57Z,7134,g95e5,1.849
2026-10-05T22:57Z,7134,g98e5,2.009
2026-10-05T22:57Z,7134,g95e5p,1.929
2026-10-05T22:57Z,7138,g95e5,1.849
2026-10-05T22:57Z,7138,gA,1.995
2026-10-05T22:57Z,7138,g98e5,1.959
2026-10-05T22:57Z,7147,gA,2.029
2026-10-05T22:57Z,7154,g95e5,1.845
2026-10-05T22:57Z,7154,gP,2.075
2026-10-05T22:57Z,7154,g98e5,1.955
2026-10-05T22:57Z,7156,g95e5,1.849
2026-10-05T22:57Z,7156,gA,1.999
2026-10-05T22:57Z,7161,g95e5,1.785
2026-10-05T22:57Z,7161,gA,1.965
2026-10-05T22:57Z,7163,g95e5,1.879
2026-10-05T22:57Z,7163,g98e5,1.989
2026-10-05T22:57Z,7173,g95e5,1.808
2026-10-05T22:57Z,7173,g98e5,1.968
2026-10-05T22:57Z,7174,g95e5,1.855
2026-10-05T22:57Z,7174,gA,2.005
2026-10-05T22:57Z,7174,gP,2.095
2026-10-05T22:57Z,7174,g98e5,1.995
2026-10-05T22:57Z,7176,g95e5,1.855
2026-10-05T22:57Z,7176,gA,2.005
2026-10-05T22:57Z,7176,gP,2.095
2026-10-05T22:57Z,7176,g98e5,1.995
2026-10-05T22:57Z,7181,g95e5,1.839
2026-10-05T22:57Z,7181,gA,1.969
2026-10-05T22:57Z,7181,gP,2.059
2026-10-05T22:57Z,7181,g98e5,1.979
2026-10-05T22:57Z,7186,g95e5,1.819
2026-10-05T22:57Z,7186,gA,1.965
2026-10-05T22:57Z,7186,gP,2.055
2026-10-05T22:57Z,7186,g98e5,1.959
2026-10-05T22:57Z,7187,g95e5,1.859
2026-10-05T22:57Z,7187,gA,2.009
2026-10-05T22:57Z,7187,gP,2.099
2026-10-05T22:57Z,7187,g98e5,1.999
2026-10-05T22:57Z,7187,gB,1.709
2026-10-05T22:57Z,7192,g95e5,1.859
2026-10-05T22:57Z,7192,g98e5,1.969
2026-10-05T22:57Z,7192,g95e5p,1.939
2026-10-05T22:57Z,7204,gA,2.029
2026-10-05T22:57Z,7205,gA,2.029
2026-10-05T22:57Z,7207,gA,1.999
2026-10-05T22:57Z,7207,gP,2.069
2026-10-05T22:57Z,7209,g95e5,1.849
2026-10-05T22:57Z,7209,gP,2.069
2026-10-05T22:57Z,7211,gA,1.944
2026-10-05T22:57Z,7211,gP,2.059
2026-10-05T22:57Z,7212,gA,1.944
2026-10-05T22:57Z,7212,gP,2.059
2026-10-05T22:57Z,7213,gA,1.944
2026-10-05T22:57Z,7213,gP,2.059
2026-10-05T22:57Z,7214,gA,1.954
2026-10-05T22:57Z,7214,gP,2.119
2026-10-05T22:57Z,7214,gB,1.823
2026-10-05T22:57Z,7216,gA,1.999
2026-10-05T22:57Z,7216,gP,2.069
2026-10-05T22:57Z,7219,g95e5,1.859
2026-10-05T22:57Z,7219,gA,2.014
2026-10-05T22:57Z,7219,gP,2.079
2026-10-05T22:57Z,7222,gA,1.999
2026-10-05T22:57Z,7222,gP,2.069
2026-10-05T22:57Z,7223,gA,2.004
2026-10-05T22:57Z,7223,gP,2.099
2026-10-05T22:57Z,7224,g95e5,1.899
2026-10-05T22:57Z,7224,g98e5,2.009
2026-10-05T22:57Z,7227,g95e5,1.839
2026-10-05T22:57Z,7227,gA,1.969
2026-10-05T22:57Z,7227,gP,2.059
2026-10-05T22:57Z,7227,g98e5,1.979
2026-10-05T22:57Z,7230,g95e5,1.849
2026-10-05T22:57Z,7230,gA,1.965
2026-10-05T22:57Z,7230,gP,2.045
2026-10-05T22:57Z,7232,g95e5,1.845
2026-10-05T22:57Z,7236,g95e5,1.899
2026-10-05T22:57Z,7236,gA,1.985
2026-10-05T22:57Z,7236,g98e5,2.009
2026-10-05T22:57Z,7239,g95e5,1.805
2026-10-05T22:57Z,7239,gA,1.989
2026-10-05T22:57Z,7239,gP,2.039
2026-10-05T22:57Z,7239,g98e5,1.965
2026-10-05T22:57Z,7240,g95e5,1.869
2026-10-05T22:57Z,7240,g98e5,1.979
2026-10-05T22:57Z,7242,g95e5,1.835
2026-10-05T22:57Z,7243,g95e5,1.849
2026-10-05T22:57Z,7243,gA,1.965
2026-10-05T22:57Z,7243,gP,2.015
2026-10-05T22:57Z,7245,g95e5,1.785
2026-10-05T22:57Z,7245,gA,1.939
2026-10-05T22:57Z,7245,gP,2.019
2026-10-05T22:57Z,7245,g98e5,1.945
2026-10-05T22:57Z,7246,g95e5,1.849
2026-10-05T22:57Z,7248,g98e5,1.959
2026-10-05T22:57Z,7250,g95e5,1.839
2026-10-05T22:57Z,7250,gA,1.969
2026-10-05T22:57Z,7250,gP,2.059
2026-10-05T22:57Z,7250,g98e5,1.979
2026-10-05T22:57Z,7253,g95e5,1.855
2026-10-05T22:57Z,7253,gA,2.005
2026-10-05T22:57Z,7253,gP,2.095
2026-10-05T22:57Z,7253,g98e5,1.995
2026-10-05T22:57Z,7257,gA,2.035
2026-10-05T22:57Z,7257,gP,2.135
2026-10-05T22:57Z,7258,g95e5,1.835
2026-10-05T22:57Z,7258,gP,2.065
2026-10-05T22:57Z,7263,g95e5,1.859
2026-10-05T22:57Z,7263,g98e5,1.969
2026-10-05T22:57Z,7265,g95e5,1.855
2026-10-05T22:57Z,7265,gA,2.005
2026-10-05T22:57Z,7265,gP,2.095
2026-10-05T22:57Z,7265,g98e5,1.995
2026-10-05T22:57Z,7267,g95e5,1.815
2026-10-05T22:57Z,7267,g95e5p,1.885
2026-10-05T22:57Z,7280,g95e5,1.839
2026-10-05T22:57Z,7280,gA,1.969
2026-10-05T22:57Z,7280,gP,2.059
2026-10-05T22:57Z,7280,g98e5,1.979
2026-10-05T22:57Z,7288,g95e5,1.829
2026-10-05T22:57Z,7288,gA,1.959
2026-10-05T22:57Z,7288,gP,2.049
2026-10-05T22:57Z,7288,g98e5,1.969
2026-10-05T22:57Z,7290,gA,1.959
2026-10-05T22:57Z,7294,gA,1.968
2026-10-05T22:57Z,7294,gP,2.069
2026-10-05T22:57Z,7294,gB,1.843
2026-10-05T22:57Z,7298,gA,1.979
2026-10-05T22:57Z,7298,gP,2.089
2026-10-05T22:57Z,7300,gA,1.989
2026-10-05T22:57Z,7300,gP,2.099
2026-10-05T22:57Z,7317,gA,2.014
2026-10-05T22:57Z,7317,gP,2.099
2026-10-05T22:57Z,7322,g95e5,1.835
2026-10-05T22:57Z,7322,gP,2.039
2026-10-05T22:57Z,7322,g98e5,1.995
2026-10-05T22:57Z,7327,gA,1.949
2026-10-05T22:57Z,7327,gP,2.089
2026-10-05T22:57Z,7327,gB,1.843
2026-10-05T22:57Z,7344,gA,1.984
2026-10-05T22:57Z,7344,gP,2.089
2026-10-05T22:57Z,7344,gB,1.843
2026-10-05T22:57Z,7348,g95e5,1.749
2026-10-05T22:57Z,7348,gA,1.879
2026-10-05T22:57Z,7349,gA,2.014
2026-10-05T22:57Z,7349,gP,2.089
2026-10-05T22:57Z,7349,gB,1.893
2026-10-05T22:57Z,7356,g95e5,1.699
2026-10-05T22:57Z,7356,gA,1.817
2026-10-05T22:57Z,7356,gP,1.837
2026-10-05T22:57Z,7356,g95e5p,1.719
2026-10-05T22:57Z,7358,g95e5,1.849
2026-10-05T22:57Z,7358,gA,1.979
2026-10-05T22:57Z,7358,gP,2.069
2026-10-05T22:57Z,7358,g98e5,1.989
2026-10-05T22:57Z,7359,g95e5,1.649
2026-10-05T22:57Z,7361,g95e5,1.849
2026-10-05T22:57Z,7361,gA,2.005
2026-10-05T22:57Z,7361,g98e5,1.959
2026-10-05T22:57Z,7363,gP,2.009
2026-10-05T22:57Z,7364,g95e5,1.849
2026-10-05T22:57Z,7364,gA,1.999
2026-10-05T22:57Z,7370,gP,1.999
2026-10-05T22:57Z,7372,gA,1.939
2026-10-05T22:57Z,7372,gP,2.039
2026-10-05T22:57Z,7381,gA,2.042
2026-10-05T22:57Z,7381,gP,2.122
2026-10-05T22:57Z,7383,g95e5,1.809
2026-10-05T22:57Z,7383,g95e5p,1.869
2026-10-05T22:57Z,7389,g95e5,1.799
2026-10-05T22:57Z,7389,g98e5,1.959
2026-10-05T22:57Z,7390,g95e5,1.845
2026-10-05T22:57Z,7390,g98e5,2.005
2026-10-05T22:57Z,7396,g95e5,1.799
2026-10-05T22:57Z,7396,g98e5,1.959
2026-10-05T22:57Z,7402,gA,1.909
2026-10-05T22:57Z,7402,gP,1.959
2026-10-05T22:57Z,7403,g95e5,1.809
2026-10-05T22:57Z,7403,g98e5,1.969
2026-10-05T22:57Z,7407,g95e5,1.839
2026-10-05T22:57Z,7407,gA,1.979
2026-10-05T22:57Z,7407,gP,2.069
2026-10-05T22:57Z,7407,g98e5,1.979
2026-10-05T22:57Z,7408,gA,2.005
2026-10-05T22:57Z,7408,gP,2.055
2026-10-05T22:57Z,7408,g98e5,1.985
2026-10-05T22:57Z,7410,g95e5,1.819
2026-10-05T22:57Z,7410,g98e5,1.979
2026-10-05T22:57Z,7411,g95e5,1.819
2026-10-05T22:57Z,7411,g98e5,1.979
2026-10-05T22:57Z,7413,g95e5,1.845
2026-10-05T22:57Z,7413,gA,1.939
2026-10-05T22:57Z,7413,g98e5,2.005
2026-10-05T22:57Z,7414,g95e5,1.845
2026-10-05T22:57Z,7414,g98e5,2.005
2026-10-05T22:57Z,7417,g95e5,1.835
2026-10-05T22:57Z,7417,gA,2.015
2026-10-05T22:57Z,7417,gP,2.065
2026-10-05T22:57Z,7417,g98e5,1.945
2026-10-05T22:57Z,7418,g95e5,1.839
2026-10-05T22:57Z,7418,g98e5,1.959
2026-10-05T22:57Z,7420,g95e5,1.885
2026-10-05T22:57Z,7420,gA,2.009
2026-10-05T22:57Z,7420,g98e5,1.995
2026-10-05T22:57Z,7421,g98e5,1.995
2026-10-05T22:57Z,7422,g98e5,1.949
2026-10-05T22:57Z,7423,g98e5,1.949
2026-10-05T22:57Z,7425,g95e5,1.855
2026-10-05T22:57Z,7427,g95e5,1.849
2026-10-05T22:57Z,7427,gA,1.969
2026-10-05T22:57Z,7427,gP,2.019
2026-10-05T22:57Z,7427,g98e5,2.009
2026-10-05T22:57Z,7430,g95e5,1.865
2026-10-05T22:57Z,7430,gA,2.015
2026-10-05T22:57Z,7430,g98e5,1.975
2026-10-05T22:57Z,7431,g95e5,1.889
2026-10-05T22:57Z,7431,gA,1.989
2026-10-05T22:57Z,7431,g98e5,1.999
2026-10-05T22:57Z,7432,g95e5,1.829
2026-10-05T22:57Z,7432,g98e5,1.989
2026-10-05T22:57Z,7433,g95e5,1.829
2026-10-05T22:57Z,7433,g98e5,1.989
2026-10-05T22:57Z,7434,gA,2.045
2026-10-05T22:57Z,7434,gP,2.095
2026-10-05T22:57Z,7434,g98e5,1.999
2026-10-05T22:57Z,7435,g98e5,1.959
2026-10-05T22:57Z,7436,g95e5,1.899
2026-10-05T22:57Z,7436,gA,2.039
2026-10-05T22:57Z,7436,gP,2.089
2026-10-05T22:57Z,7436,g98e5,2.009
2026-10-05T22:57Z,7437,g95e5,1.869
2026-10-05T22:57Z,7437,gA,1.995
2026-10-05T22:57Z,7437,gP,2.085
2026-10-05T22:57Z,7437,g98e5,2.029
2026-10-05T22:57Z,7438,g95e5,1.785
2026-10-05T22:57Z,7438,g98e5,1.945
2026-10-05T22:57Z,7439,g95e5,1.845
2026-10-05T22:57Z,7439,gA,2.035
2026-10-05T22:57Z,7440,g95e5,1.885
2026-10-05T22:57Z,7445,g95e5,1.899
2026-10-05T22:57Z,7445,gA,1.989
2026-10-05T22:57Z,7445,gP,2.039
2026-10-05T22:57Z,7445,g98e5,2.009
2026-10-05T22:57Z,7451,g95e5,1.855
2026-10-05T22:57Z,7451,gA,2.005
2026-10-05T22:57Z,7451,gP,2.095
2026-10-05T22:57Z,7451,g98e5,1.995
2026-10-05T22:57Z,7453,g95e5,1.839
2026-10-05T22:57Z,7453,gA,2.019
2026-10-05T22:57Z,7453,gP,2.109
2026-10-05T22:57Z,7453,g98e5,1.979
2026-10-05T22:57Z,7457,g95e5,1.829
2026-10-05T22:57Z,7457,gA,1.988
2026-10-05T22:57Z,7457,gP,1.999
2026-10-05T22:57Z,7458,gA,1.984
2026-10-05T22:57Z,7458,gP,2.074
2026-10-05T22:57Z,7458,g98e5,2.019
2026-10-05T22:57Z,7458,g95e5p,1.899
2026-10-05T22:57Z,7460,gA,1.969
2026-10-05T22:57Z,7460,gP,2.069
2026-10-05T22:57Z,7461,gA,1.969
2026-10-05T22:57Z,7461,gP,2.069
2026-10-05T22:57Z,7464,g95e5,1.649
2026-10-05T22:57Z,7464,gA,1.749
2026-10-05T22:57Z,7464,bio,1.699
2026-10-05T22:57Z,7467,g95e5,1.749
2026-10-05T22:57Z,7467,gA,1.889
2026-10-05T22:57Z,7467,gP,1.939
2026-10-05T22:57Z,7467,g95e5p,1.799
2026-10-05T22:57Z,7468,g95e5,1.909
2026-10-05T22:57Z,7468,gA,1.989
2026-10-05T22:57Z,7468,gP,2.079
2026-10-05T22:57Z,7468,g98e5,2.049
2026-10-05T22:57Z,7469,g95e5,1.849
2026-10-05T22:57Z,7469,gA,1.939
2026-10-05T22:57Z,7469,gP,1.989
2026-10-05T22:57Z,7469,g98e5,1.989
2026-10-05T22:57Z,7502,gA,1.985
2026-10-05T22:57Z,7504,g95e5,1.825
2026-10-05T22:57Z,7504,gA,1.985
2026-10-05T22:57Z,7504,g98e5,1.985
2026-10-05T22:57Z,7505,g95e5,1.795
2026-10-05T22:57Z,7505,g98e5,1.955
2026-10-05T22:57Z,7506,g95e5,1.809
2026-10-05T22:57Z,7507,g95e5,1.839
2026-10-05T22:57Z,7507,gA,1.939
2026-10-05T22:57Z,7507,gP,2.039
2026-10-05T22:57Z,7507,g98e5,1.949
2026-10-05T22:57Z,7508,gA,1.945
2026-10-05T22:57Z,7508,gP,1.995
2026-10-05T22:57Z,7509,gA,2.025
2026-10-05T22:57Z,7509,gP,2.095
2026-10-05T22:57Z,7513,g95e5,1.809
2026-10-05T22:57Z,7513,g98e5,1.969
2026-10-05T22:57Z,7515,gA,1.994
2026-10-05T22:57Z,7515,gP,2.089
2026-10-05T22:57Z,7515,gB,1.808
2026-10-05T22:57Z,7517,gA,1.994
2026-10-05T22:57Z,7517,gP,2.089
2026-10-05T22:57Z,7518,gA,2.004
2026-10-05T22:57Z,7518,gP,2.089
2026-10-05T22:57Z,7520,g95e5,1.829
2026-10-05T22:57Z,7520,gA,2.005
2026-10-05T22:57Z,7520,gP,2.085
2026-10-05T22:57Z,7520,g98e5,1.989
2026-10-05T22:57Z,7522,g95e5,1.839
2026-10-05T22:57Z,7522,g98e5,1.979
2026-10-05T22:57Z,7526,g95e5,1.799
2026-10-05T22:57Z,7526,gA,1.949
2026-10-05T22:57Z,7526,g95e5p,1.869
2026-10-05T22:57Z,7527,gA,1.955
2026-10-05T22:57Z,7529,g95e5,1.815
2026-10-05T22:57Z,7529,gA,2.005
2026-10-05T22:57Z,7529,gP,2.055
2026-10-05T22:57Z,7529,g98e5,1.975
2026-10-05T22:57Z,7532,g95e5,1.805
2026-10-05T22:57Z,7532,gA,1.955
2026-10-05T22:57Z,7532,g98e5,1.965
2026-10-05T22:57Z,7533,g95e5,1.819
2026-10-05T22:57Z,7533,g98e5,1.969
2026-10-05T22:57Z,7535,g95e5,1.815
2026-10-05T22:57Z,7535,gA,1.959
2026-10-05T22:57Z,7538,g95e5,1.805
2026-10-05T22:57Z,7538,gA,2.005
2026-10-05T22:57Z,7538,g98e5,1.965
2026-10-05T22:57Z,7545,g95e5,1.785
2026-10-05T22:57Z,7545,gA,1.999
2026-10-05T22:57Z,7545,gP,2.049
2026-10-05T22:57Z,7545,g98e5,1.945
2026-10-05T22:57Z,7547,g95e5,1.799
2026-10-05T22:57Z,7548,g95e5,1.789
2026-10-05T22:57Z,7548,g98e5,1.909
2026-10-05T22:57Z,7549,g95e5,1.809
2026-10-05T22:57Z,7549,gA,2.009
2026-10-05T22:57Z,7550,g95e5,1.789
2026-10-05T22:57Z,7550,gP,2.015
2026-10-05T22:57Z,7551,g95e5,1.845
2026-10-05T22:57Z,7551,gA,2.029
2026-10-05T22:57Z,7551,g98e5,1.985
2026-10-05T22:57Z,7552,g95e5,1.835
2026-10-05T22:57Z,7552,gA,1.975
2026-10-05T22:57Z,7552,g98e5,1.945
2026-10-05T22:57Z,7557,gA,1.968
2026-10-05T22:57Z,7557,gP,2.059
2026-10-05T22:57Z,7558,g95e5,1.825
2026-10-05T22:57Z,7558,gA,1.999
2026-10-05T22:57Z,7558,g98e5,1.985
2026-10-05T22:57Z,7569,gA,1.989
2026-10-05T22:57Z,7569,gP,2.089
2026-10-05T22:57Z,7571,gA,1.939
2026-10-05T22:57Z,7573,g95e5,1.779
2026-10-05T22:57Z,7573,gA,1.999
2026-10-05T22:57Z,7573,g98e5,1.939
2026-10-05T22:57Z,7574,g95e5,1.799
2026-10-05T22:57Z,7574,gA,2.019
2026-10-05T22:57Z,7576,g95e5,1.839
2026-10-05T22:57Z,7576,g98e5,1.949
2026-10-05T22:57Z,7577,gA,1.994
2026-10-05T22:57Z,7577,gP,2.059
2026-10-05T22:57Z,7577,gB,1.808
2026-10-05T22:57Z,7579,g95e5,1.775
2026-10-05T22:57Z,7579,gA,1.949
2026-10-05T22:57Z,7579,g95e5p,1.845
2026-10-05T22:57Z,7582,g95e5,1.849
2026-10-05T22:57Z,7582,gA,1.939
2026-10-05T22:57Z,7586,g98e5,1.929
2026-10-05T22:57Z,7591,g95e5,1.825
2026-10-05T22:57Z,7592,gA,1.994
2026-10-05T22:57Z,7592,gP,2.089
2026-10-05T22:57Z,7592,gB,1.808
2026-10-05T22:57Z,7608,g95e5,1.779
2026-10-05T22:57Z,7608,gA,1.919
2026-10-05T22:57Z,7608,gP,1.969
2026-10-05T22:57Z,7612,g95e5,1.759
2026-10-05T22:57Z,7612,gA,1.869
2026-10-05T22:57Z,7612,gP,1.919
2026-10-05T22:57Z,7626,g95e5,1.559
2026-10-05T22:57Z,7626,gA,1.689
2026-10-05T22:57Z,7626,g98e5,1.689
2026-10-05T22:57Z,7675,g95e5,1.539
2026-10-05T22:57Z,7675,gA,1.719
2026-10-05T22:57Z,7675,g98e5,1.659
2026-10-05T22:57Z,7679,g95e5,1.519
2026-10-05T22:57Z,7680,g95e5,1.489
2026-10-05T22:57Z,7680,g98e5,1.619
2026-10-05T22:57Z,7684,g95e5,1.515
2026-10-05T22:57Z,7684,gA,1.685
2026-10-05T22:57Z,7684,g98e5,1.645
2026-10-05T22:57Z,7686,gA,1.719
2026-10-05T22:57Z,7688,gA,1.719
2026-10-05T22:57Z,7688,g98e5,1.659
2026-10-05T22:57Z,7695,g95e5,1.479
2026-10-05T22:57Z,7695,g98e5,1.589
2026-10-05T22:57Z,7702,gA,1.679
2026-10-05T22:57Z,7707,g95e5,1.519
2026-10-05T22:57Z,7707,gA,1.689
2026-10-05T22:57Z,7711,g95e5,1.519
2026-10-05T22:57Z,7711,gA,1.679
2026-10-05T22:57Z,7714,g95e5,1.509
2026-10-05T22:57Z,7714,g98e5,1.639
2026-10-05T22:57Z,7718,g95e5,1.569
2026-10-05T22:57Z,7718,g98e5,1.689
2026-10-05T22:57Z,7733,g95e5,1.498
2026-10-05T22:57Z,7733,gA,1.658
2026-10-05T22:57Z,7733,g98e5,1.598
2026-10-05T22:57Z,7751,gA,1.989
2026-10-05T22:57Z,7751,gP,2.079
2026-10-05T22:57Z,7751,gB,1.823
2026-10-05T22:57Z,7753,gA,1.989
2026-10-05T22:57Z,7753,gP,2.079
2026-10-05T22:57Z,7756,g95e5,1.819
2026-10-05T22:57Z,7756,g98e5,1.929
2026-10-05T22:57Z,7757,g95e5,1.819
2026-10-05T22:57Z,7757,gA,1.995
2026-10-05T22:57Z,7757,gP,2.045
2026-10-05T22:57Z,7757,g98e5,1.979
2026-10-05T22:57Z,7757,g95e5p,1.879
2026-10-05T22:57Z,7766,g95e5,1.589
2026-10-05T22:57Z,7766,g98e5,1.709
2026-10-05T22:57Z,7767,g95e5,1.599
2026-10-05T22:57Z,7767,gA,1.769
2026-10-05T22:57Z,7767,g98e5,1.729
2026-10-05T22:57Z,7768,g95e5,1.585
2026-10-05T22:57Z,7768,g98e5,1.705
2026-10-05T22:57Z,7771,g95e5,1.585
2026-10-05T22:57Z,7771,g98e5,1.705
2026-10-05T22:57Z,7784,gA,1.739
2026-10-05T22:57Z,7784,gP,1.859
2026-10-05T22:57Z,7807,g95e5,1.539
2026-10-05T22:57Z,7807,g98e5,1.669
2026-10-05T22:57Z,7815,g95e5,1.579
2026-10-05T22:57Z,7815,gA,1.729
2026-10-05T22:57Z,7815,gP,1.849
2026-10-05T22:57Z,7815,g98e5,1.699
2026-10-05T22:57Z,7816,g95e5,1.579
2026-10-05T22:57Z,7816,gA,1.729
2026-10-05T22:57Z,7816,gP,1.849
2026-10-05T22:57Z,7816,g98e5,1.699
2026-10-05T22:57Z,7817,gA,1.739
2026-10-05T22:57Z,7817,gP,1.859
2026-10-05T22:57Z,7818,gA,1.739
2026-10-05T22:57Z,7818,gP,1.859
2026-10-05T22:57Z,7822,gA,1.799
2026-10-05T22:57Z,7836,g95e5,1.643
2026-10-05T22:57Z,7836,gA,1.900
2026-10-05T22:57Z,7836,g98e5,1.743
2026-10-05T22:57Z,7838,gA,1.958
2026-10-05T22:57Z,7848,gA,1.962
2026-10-05T22:57Z,7876,gA,1.957
2026-10-05T22:57Z,7876,gP,1.982
2026-10-05T22:57Z,7885,gA,1.958
2026-10-05T22:57Z,7885,gP,1.982
2026-10-05T22:57Z,7888,g95e5,1.619
2026-10-05T22:57Z,7888,gA,1.749
2026-10-05T22:57Z,7888,g98e5,1.739
2026-10-05T22:57Z,7935,g95e5,1.529
2026-10-05T22:57Z,7935,gA,1.695
2026-10-05T22:57Z,7935,gP,1.829
2026-10-05T22:57Z,7939,g95e5,1.509
2026-10-05T22:57Z,7939,g98e5,1.639
2026-10-05T22:57Z,7982,g95e5,1.835
2026-10-05T22:57Z,7982,gA,1.909
2026-10-05T22:57Z,7982,gP,1.999
2026-10-05T22:57Z,7982,g98e5,1.975
2026-10-05T22:57Z,7983,gA,1.974
2026-10-05T22:57Z,7983,gP,2.074
2026-10-05T22:57Z,7991,g95e5,1.799
2026-10-05T22:57Z,7991,gA,1.869
2026-10-05T22:57Z,7991,gP,1.959
2026-10-05T22:57Z,7991,gB,1.559
2026-10-05T22:57Z,7996,gA,1.969
2026-10-05T22:57Z,7996,gB,1.649
2026-10-05T22:57Z,8011,gA,1.959
2026-10-05T22:57Z,8011,gP,2.059
2026-10-05T22:57Z,8018,g95e5,1.829
2026-10-05T22:57Z,8018,gA,1.919
2026-10-05T22:57Z,8018,gP,1.979
2026-10-05T22:57Z,8018,g95e5p,1.989
2026-10-05T22:57Z,8034,gA,1.969
2026-10-05T22:57Z,8034,gB,1.639
2026-10-05T22:57Z,8058,gA,1.964
2026-10-05T22:57Z,8058,gP,2.079
2026-10-05T22:57Z,8066,g95e5,1.871
2026-10-05T22:57Z,8066,gA,1.899
2026-10-05T22:57Z,8073,gA,1.969
2026-10-05T22:57Z,8073,gB,1.559
2026-10-05T22:57Z,8088,g95e5,1.819
2026-10-05T22:57Z,8088,gA,1.985
2026-10-05T22:57Z,8088,gP,2.055
2026-10-05T22:57Z,8101,gA,1.994
2026-10-05T22:57Z,8101,gP,2.109
2026-10-05T22:57Z,8105,g95e5,1.785
2026-10-05T22:57Z,8105,gA,1.959
2026-10-05T22:57Z,8105,gP,2.049
2026-10-05T22:57Z,8129,g95e5,1.805
2026-10-05T22:57Z,8129,g98e5,1.965
2026-10-05T22:57Z,8130,g95e5,1.805
2026-10-05T22:57Z,8130,g98e5,1.965
2026-10-05T22:57Z,8135,g95e5,1.825
2026-10-05T22:57Z,8135,gA,1.999
2026-10-05T22:57Z,8135,g98e5,1.965
2026-10-05T22:57Z,8138,gA,1.929
2026-10-05T22:57Z,8138,gP,2.039
2026-10-05T22:57Z,8145,gA,1.994
2026-10-05T22:57Z,8145,gP,2.069
2026-10-05T22:57Z,8155,g95e5,1.749
2026-10-05T22:57Z,8155,gA,1.889
2026-10-05T22:57Z,8155,gP,1.939
2026-10-05T22:57Z,8174,g95e5,1.719
2026-10-05T22:57Z,8174,gA,1.779
2026-10-05T22:57Z,8174,g98e5,1.899
2026-10-05T22:57Z,8177,g95e5,1.829
2026-10-05T22:57Z,8177,gA,1.979
2026-10-05T22:57Z,8177,gP,2.069
2026-10-05T22:57Z,8177,g98e5,1.969
2026-10-05T22:57Z,8182,g95e5,1.798
2026-10-05T22:57Z,8182,g98e5,1.898
2026-10-05T22:57Z,8192,g95e5,1.865
2026-10-05T22:57Z,8201,g95e5,1.855
2026-10-05T22:57Z,8201,g98e5,1.995
2026-10-05T22:57Z,8250,g95e5,1.835
2026-10-05T22:57Z,8250,g98e5,1.995
2026-10-05T22:57Z,8251,g95e5,1.875
2026-10-05T22:57Z,8251,gA,2.045
2026-10-05T22:57Z,8252,g95e5,1.889
2026-10-05T22:57Z,8252,g98e5,1.999
2026-10-05T22:57Z,8253,g95e5,1.885
2026-10-05T22:57Z,8253,gA,1.975
2026-10-05T22:57Z,8253,gP,2.075
2026-10-05T22:57Z,8253,g98e5,1.995
2026-10-05T22:57Z,8266,gA,1.994
2026-10-05T22:57Z,8266,gP,2.089
2026-10-05T22:57Z,8270,g95e5,1.835
2026-10-05T22:57Z,8271,gA,1.954
2026-10-05T22:57Z,8271,gP,2.039
2026-10-05T22:57Z,8271,gB,1.863
2026-10-05T22:57Z,8272,g95e5,1.899
2026-10-05T22:57Z,8274,g95e5,1.849
2026-10-05T22:57Z,8274,gA,1.995
2026-10-05T22:57Z,8274,gP,2.055
2026-10-05T22:57Z,8274,g98e5,1.959
2026-10-05T22:57Z,8274,g95e5p,1.909
2026-10-05T22:57Z,8275,g95e5,1.819
2026-10-05T22:57Z,8275,g98e5,1.979
2026-10-05T22:57Z,8277,g95e5,1.859
2026-10-05T22:57Z,8277,gA,1.999
2026-10-05T22:57Z,8277,gP,2.099
2026-10-05T22:57Z,8277,g95e5p,1.919
2026-10-05T22:57Z,8280,g95e5,1.509
2026-10-05T22:57Z,8280,gA,1.679
2026-10-05T22:57Z,8280,gP,1.739
2026-10-05T22:57Z,8280,g98e5,1.639
2026-10-05T22:57Z,8294,g95e5,1.839
2026-10-05T22:57Z,8294,gA,1.959
2026-10-05T22:57Z,8294,gP,2.009
2026-10-05T22:57Z,8294,g98e5,1.979
2026-10-05T22:57Z,8304,g95e5,1.844
2026-10-05T22:57Z,8304,gA,1.944
2026-10-05T22:57Z,8304,gP,2.034
2026-10-05T22:57Z,8304,g98e5,1.964
2026-10-05T22:57Z,8305,g95e5,1.844
2026-10-05T22:57Z,8305,gA,1.944
2026-10-05T22:57Z,8305,gP,2.034
2026-10-05T22:57Z,8305,g98e5,1.964
2026-10-05T22:57Z,8321,g95e5,2.019
2026-10-05T22:57Z,8321,gA,1.919
2026-10-05T22:57Z,8321,g98e5,2.079
2026-10-05T22:57Z,8328,g95e5,1.939
2026-10-05T22:57Z,8328,gA,1.929
2026-10-05T22:57Z,8328,g98e5,2.059
2026-10-05T22:57Z,8329,g95e5,1.835
2026-10-05T22:57Z,8329,gA,1.999
2026-10-05T22:57Z,8329,gP,2.089
2026-10-05T22:57Z,8329,g98e5,1.975
2026-10-05T22:57Z,8341,g95e5,1.769
2026-10-05T22:57Z,8341,gA,1.965
2026-10-05T22:57Z,8341,gP,2.055
2026-10-05T22:57Z,8341,g98e5,1.909
2026-10-05T22:57Z,8344,g95e5,1.835
2026-10-05T22:57Z,8344,g98e5,1.995
2026-10-05T22:57Z,8360,g95e5,1.979
2026-10-05T22:57Z,8366,g95e5,1.875
2026-10-05T22:57Z,8366,g98e5,1.975
2026-10-05T22:57Z,8423,g95e5,1.829
2026-10-05T22:57Z,8423,gA,1.989
2026-10-05T22:57Z,8423,gP,2.049
2026-10-05T22:57Z,8423,g98e5,1.949
2026-10-05T22:57Z,8423,gB,1.859
2026-10-05T22:57Z,8429,g95e5,1.899
2026-10-05T22:57Z,8447,g95e5,1.719
2026-10-05T22:57Z,8447,gA,1.799
2026-10-05T22:57Z,8453,g95e5,1.809
2026-10-05T22:57Z,8453,gA,1.889
2026-10-05T22:57Z,8453,gP,1.939
2026-10-05T22:57Z,8453,g95e5p,1.869
2026-10-05T22:57Z,8462,gA,1.799
2026-10-05T22:57Z,8476,gA,1.935
2026-10-05T22:57Z,8476,gP,1.985
2026-10-05T22:57Z,8522,g98e5,1.965
2026-10-05T22:57Z,8536,g95e5,1.599
2026-10-05T22:57Z,8536,gA,1.699
2026-10-05T22:57Z,8536,g98e5,1.699
2026-10-05T22:57Z,8536,bio,1.599
2026-10-05T22:57Z,8728,g95e5,1.529
2026-10-05T22:57Z,8728,gA,1.689
2026-10-05T22:57Z,8737,g95e5,1.539
2026-10-05T22:57Z,8737,g98e5,1.679
2026-10-05T22:57Z,8744,g95e5,1.643
2026-10-05T22:57Z,8744,gA,1.900
2026-10-05T22:57Z,8744,gP,1.982
2026-10-05T22:57Z,8744,g98e5,1.743
2026-10-05T22:57Z,8745,gA,1.958
2026-10-05T22:57Z,8745,gP,1.982
2026-10-05T22:57Z,8750,gA,1.958
2026-10-05T22:57Z,8750,gP,1.982
2026-10-05T22:57Z,8772,g95e5,1.569
2026-10-05T22:57Z,8772,g98e5,1.699
2026-10-05T22:57Z,8795,g95e5,1.855
2026-10-05T22:57Z,8795,gA,1.959
2026-10-05T22:57Z,8795,gP,2.049
2026-10-05T22:57Z,8795,g98e5,1.995
2026-10-05T22:57Z,8869,g95e5,1.709
2026-10-05T22:57Z,8869,gA,1.799
2026-10-05T22:57Z,8869,gP,1.839
2026-10-05T22:57Z,8892,g95e5,1.659
2026-10-05T22:57Z,8892,g95e5p,1.679
2026-10-05T22:57Z,8904,g95e5,1.749
2026-10-05T22:57Z,8916,gA,1.740
2026-10-05T22:57Z,8916,gB,1.480
2026-10-05T22:57Z,8941,g95e5,1.839
2026-10-05T22:57Z,8941,gA,1.919
2026-10-05T22:57Z,8941,gB,1.798
2026-10-05T22:57Z,8976,gA,1.984
2026-10-05T22:57Z,8976,gP,2.074
2026-10-05T22:57Z,8977,g95e5,1.638
2026-10-05T22:57Z,8977,gA,1.719
2026-10-05T22:57Z,8977,gP,1.844
2026-10-05T22:57Z,8977,g98e5,1.729
2026-10-05T22:57Z,9009,gA,1.969
2026-10-05T22:57Z,9020,g95e5,1.825
2026-10-05T22:57Z,9020,gA,1.999
2026-10-05T22:57Z,9102,g95e5,1.819
2026-10-05T22:57Z,9102,gA,1.939
2026-10-05T22:57Z,9102,gP,1.989
2026-10-05T22:57Z,9102,g95e5p,1.869
2026-10-05T22:57Z,9121,gA,1.763
2026-10-05T22:57Z,9131,gA,1.795
2026-10-05T22:57Z,9147,g95e5,1.729
2026-10-05T22:57Z,9147,gA,1.829
2026-10-05T22:57Z,9147,gP,1.979
2026-10-05T22:57Z,9147,g98e5,1.899
2026-10-05T22:57Z,9152,g95e5,1.729
2026-10-05T22:57Z,9152,gA,1.749
2026-10-05T22:57Z,9170,gA,1.802
2026-10-05T22:57Z,9170,gB,1.524
2026-10-05T22:57Z,9182,g95e5,1.889
2026-10-05T22:57Z,9182,gA,2.039
2026-10-05T22:57Z,9182,g98e5,1.989
2026-10-05T22:57Z,9182,g95e5p,1.939
2026-10-05T22:57Z,9212,gA,1.969
2026-10-05T22:57Z,9248,g95e5,1.829
2026-10-05T22:57Z,9248,gA,1.937
2026-10-05T22:57Z,9248,gP,2.027
2026-10-05T22:57Z,9248,g98e5,1.949
2026-10-05T22:57Z,9265,gA,1.995
2026-10-05T22:57Z,9265,gP,2.045
2026-10-05T22:57Z,9294,g95e5,1.859
2026-10-05T22:57Z,9294,gA,2.019
2026-10-05T22:57Z,9294,g98e5,1.969
2026-10-05T22:57Z,9302,g95e5,1.843
2026-10-05T22:57Z,9302,gA,1.919
2026-10-05T22:57Z,9302,gP,2.019
2026-10-05T22:57Z,9302,g95e5p,1.898
2026-10-05T22:57Z,9303,gA,1.939
2026-10-05T22:57Z,9303,gP,2.039
2026-10-05T22:57Z,9307,g95e5,1.795
2026-10-05T22:57Z,9307,g98e5,1.905
2026-10-05T22:57Z,9317,g95e5,1.839
2026-10-05T22:57Z,9317,gA,1.919
2026-10-05T22:57Z,9317,g98e5,1.988
2026-10-05T22:57Z,9320,g95e5,1.839
2026-10-05T22:57Z,9320,gA,1.959
2026-10-05T22:57Z,9320,gP,2.049
2026-10-05T22:57Z,9320,g98e5,1.981
2026-10-05T22:57Z,9321,g95e5,1.839
2026-10-05T22:57Z,9321,gA,1.919
2026-10-05T22:57Z,9321,g98e5,1.988
2026-10-05T22:57Z,9321,gB,1.798
2026-10-05T22:57Z,9322,g95e5,1.766
2026-10-05T22:57Z,9322,gA,1.836
2026-10-05T22:57Z,9347,g95e5,1.839
2026-10-05T22:57Z,9347,gA,1.994
2026-10-05T22:57Z,9347,gP,2.044
2026-10-05T22:57Z,9347,g95e5p,1.889
2026-10-05T22:57Z,9407,g95e5,1.879
2026-10-05T22:57Z,9407,gA,1.979
2026-10-05T22:57Z,9407,gP,2.039
2026-10-05T22:57Z,9407,g98e5,1.989
2026-10-05T22:57Z,9412,g95e5,1.839
2026-10-05T22:57Z,9412,gA,1.919
2026-10-05T22:57Z,9412,g98e5,1.988
2026-10-05T22:57Z,9412,gB,1.798
2026-10-05T22:57Z,9422,gA,1.985
2026-10-05T22:57Z,9434,g95e5,1.785
2026-10-05T22:57Z,9436,g95e5,1.865
2026-10-05T22:57Z,9436,gA,2.005
2026-10-05T22:57Z,9436,gP,2.095
2026-10-05T22:57Z,9441,g95e5,1.839
2026-10-05T22:57Z,9441,gA,1.965
2026-10-05T22:57Z,9463,g95e5,1.839
2026-10-05T22:57Z,9463,gA,1.949
2026-10-05T22:57Z,9463,gP,2.039
2026-10-05T22:57Z,9463,g98e5,1.979
2026-10-05T22:57Z,9464,g95e5,1.684
2026-10-05T22:57Z,9464,gA,1.764
2026-10-05T22:57Z,9471,g95e5,1.795
2026-10-05T22:57Z,9475,g95e5,1.815
2026-10-05T22:57Z,9475,gA,1.979
2026-10-05T22:57Z,9475,gP,2.069
2026-10-05T22:57Z,9475,g98e5,1.955
2026-10-05T22:57Z,9486,g95e5,1.879
2026-10-05T22:57Z,9494,g95e5,1.799
2026-10-05T22:57Z,9494,gA,1.949
2026-10-05T22:57Z,9494,gP,2.049
2026-10-05T22:57Z,9494,g98e5,1.939
2026-10-05T22:57Z,9494,gB,1.824
2026-10-05T22:57Z,9499,g95e5,1.759
2026-10-05T22:57Z,9499,gA,1.935
2026-10-05T22:57Z,9499,gP,1.985
2026-10-05T22:57Z,9520,g95e5,1.859
2026-10-05T22:57Z,9520,gA,1.919
2026-10-05T22:57Z,9520,gP,2.009
2026-10-05T22:57Z,9528,g95e5,1.899
2026-10-05T22:57Z,9528,gA,1.999
2026-10-05T22:57Z,9528,gP,2.059
2026-10-05T22:57Z,9528,g98e5,1.999
2026-10-05T22:57Z,9530,g95e5,1.899
2026-10-05T22:57Z,9530,gA,1.999
2026-10-05T22:57Z,9530,gP,2.059
2026-10-05T22:57Z,9530,g98e5,1.999
2026-10-05T22:57Z,9541,g95e5,1.859
2026-10-05T22:57Z,9541,gA,1.999
2026-10-05T22:57Z,9541,gP,2.099
2026-10-05T22:57Z,9541,g98e5,2.039
2026-10-05T22:57Z,9546,g95e5,1.829
2026-10-05T22:57Z,9546,gA,1.995
2026-10-05T22:57Z,9546,gP,2.045
2026-10-05T22:57Z,9546,g95e5p,1.899
2026-10-05T22:57Z,9563,g95e5,1.849
2026-10-05T22:57Z,9563,gA,2.019
2026-10-05T22:57Z,9563,g98e5,2.009
2026-10-05T22:57Z,9571,gA,1.989
2026-10-05T22:57Z,9598,g95e5,1.795
2026-10-05T22:57Z,9598,g98e5,1.905
2026-10-05T22:57Z,9622,gA,1.944
2026-10-05T22:57Z,9622,gP,2.009
2026-10-05T22:57Z,9632,gA,1.759
2026-10-05T22:57Z,9639,g95e5,1.795
2026-10-05T22:57Z,9670,gA,1.964
2026-10-05T22:57Z,9670,gP,2.029
2026-10-05T22:57Z,9708,g95e5,1.845
2026-10-05T22:57Z,9708,g98e5,1.955
2026-10-05T22:57Z,9708,g95e5p,1.915
2026-10-05T22:57Z,9710,g95e5,1.795
2026-10-05T22:57Z,9710,g98e5,1.955
2026-10-05T22:57Z,9732,g95e5,1.839
2026-10-05T22:57Z,9732,gA,1.959
2026-10-05T22:57Z,9732,gP,2.049
2026-10-05T22:57Z,9732,g98e5,1.979
2026-10-05T22:57Z,9744,gA,1.924
2026-10-05T22:57Z,9748,gA,1.965
2026-10-05T22:57Z,9771,g95e5,1.829
2026-10-05T22:57Z,9771,gA,1.945
2026-10-05T22:57Z,9771,gP,2.035
2026-10-05T22:57Z,9771,g98e5,1.969
2026-10-05T22:57Z,9777,g95e5,1.819
2026-10-05T22:57Z,9789,g95e5,1.859
2026-10-05T22:57Z,9789,gP,2.079
2026-10-05T22:57Z,9791,gA,1.975
2026-10-05T22:57Z,9795,g95e5,1.829
2026-10-05T22:57Z,9795,g98e5,1.959
2026-10-05T22:57Z,9797,g95e5,1.770
2026-10-05T22:57Z,9797,gA,1.766
2026-10-05T22:57Z,9797,gB,1.482
2026-10-05T22:57Z,9800,g95e5,1.839
2026-10-05T22:57Z,9800,gA,1.919
2026-10-05T22:57Z,9800,g95e5p,1.988
2026-10-05T22:57Z,9800,gB,1.798
2026-10-05T22:57Z,9811,g95e5,1.796
2026-10-05T22:57Z,9811,gA,1.986
2026-10-05T22:57Z,9811,gP,2.076
2026-10-05T22:57Z,9811,g98e5,1.937
2026-10-05T22:57Z,9814,g95e5,1.819
2026-10-05T22:57Z,9814,gA,2.009
2026-10-05T22:57Z,9814,gP,2.099
2026-10-05T22:57Z,9814,g98e5,1.959
2026-10-05T22:57Z,9819,g95e5,1.789
2026-10-05T22:57Z,9819,gA,1.965
2026-10-05T22:57Z,9819,g98e5,1.899
2026-10-05T22:57Z,9820,gA,1.935
2026-10-05T22:57Z,9834,gA,1.969
2026-10-05T22:57Z,9834,gP,2.069
2026-10-05T22:57Z,9836,g95e5,1.855
2026-10-05T22:57Z,9836,g98e5,1.965
2026-10-05T22:57Z,9853,g95e5,1.885
2026-10-05T22:57Z,9853,g98e5,2.015
2026-10-05T22:57Z,9855,g95e5,1.865
2026-10-05T22:57Z,9855,gA,1.945
2026-10-05T22:57Z,9855,g98e5,2.025
2026-10-05T22:57Z,9857,g95e5,1.849
2026-10-05T22:57Z,9857,g98e5,2.009
2026-10-05T22:57Z,9863,g95e5,1.785
2026-10-05T22:57Z,9863,gA,1.995
2026-10-05T22:57Z,9863,g98e5,1.945
2026-10-05T22:57Z,9863,g95e5p,1.845
2026-10-05T22:57Z,9872,g95e5,1.643
2026-10-05T22:57Z,9872,gA,1.900
2026-10-05T22:57Z,9872,g98e5,1.743
2026-10-05T22:57Z,9884,g95e5,1.699
2026-10-05T22:57Z,9884,gA,1.829
2026-10-05T22:57Z,9884,g98e5,1.759
2026-10-05T22:57Z,9892,gA,1.905
2026-10-05T22:57Z,9915,g95e5,1.859
2026-10-05T22:57Z,9915,gA,1.919
2026-10-05T22:57Z,9915,gP,2.009
2026-10-05T22:57Z,9916,g98e5,1.989
2026-10-05T22:57Z,9931,g95e5,1.699
2026-10-05T22:57Z,9931,gA,1.699
2026-10-05T22:57Z,9956,g95e5,1.699
2026-10-05T22:57Z,9956,gA,1.819
2026-10-05T22:57Z,9956,gP,1.869
2026-10-05T22:57Z,9962,g95e5,1.759
2026-10-05T22:57Z,9967,g95e5,1.845
2026-10-05T22:57Z,9967,gA,1.995
2026-10-05T22:57Z,9967,g98e5,2.005
2026-10-05T22:57Z,9970,gA,1.909
2026-10-05T22:57Z,9970,gP,1.979
2026-10-05T22:57Z,9974,g95e5,1.845
2026-10-05T22:57Z,9974,gA,1.995
2026-10-05T22:57Z,9974,gP,2.095
2026-10-05T22:57Z,9974,g98e5,2.005
2026-10-05T22:57Z,9997,g98e5,1.995
2026-10-05T22:57Z,10017,g95e5,1.875
2026-10-05T22:57Z,10017,g98e5,1.985
2026-10-05T22:57Z,10018,g95e5,1.665
2026-10-05T22:57Z,10018,gA,1.725
2026-10-05T22:57Z,10018,gP,1.765
2026-10-05T22:57Z,10035,g95e5,1.855
2026-10-05T22:57Z,10039,g95e5,1.849
2026-10-05T22:57Z,10039,gA,1.935
2026-10-05T22:57Z,10039,gP,2.025
2026-10-05T22:57Z,10039,g98e5,1.989
2026-10-05T22:57Z,10044,g95e5,1.839
2026-10-05T22:57Z,10044,g98e5,1.999
2026-10-05T22:57Z,10051,g95e5,1.775
2026-10-05T22:57Z,10051,gA,1.929
2026-10-05T22:57Z,10051,g98e5,1.935
2026-10-05T22:57Z,10074,g95e5,1.665
2026-10-05T22:57Z,10074,gA,1.725
2026-10-05T22:57Z,10074,gP,1.765
2026-10-05T22:57Z,10076,gA,1.979
2026-10-05T22:57Z,10076,gP,2.069
2026-10-05T22:57Z,10077,g95e5,1.815
2026-10-05T22:57Z,10077,gA,1.979
2026-10-05T22:57Z,10077,gP,2.069
2026-10-05T22:57Z,10077,g98e5,1.955
2026-10-05T22:57Z,10082,gA,1.748
2026-10-05T22:57Z,10082,gB,1.505
2026-10-05T22:57Z,10084,gB,1.749
2026-10-05T22:57Z,10105,g95e5,1.869
2026-10-05T22:57Z,10105,gP,1.929
2026-10-05T22:57Z,10105,g98e5,1.969
2026-10-05T22:57Z,10106,gA,1.994
2026-10-05T22:57Z,10106,gP,2.109
2026-10-05T22:57Z,10107,gA,1.994
2026-10-05T22:57Z,10107,gP,2.109
2026-10-05T22:57Z,10108,g95e5,1.799
2026-10-05T22:57Z,10108,gA,1.899
2026-10-05T22:57Z,10108,gP,1.949
2026-10-05T22:57Z,10108,g98e5,1.999
2026-10-05T22:57Z,10109,g95e5,1.899
2026-10-05T22:57Z,10109,gA,1.949
2026-10-05T22:57Z,10109,g98e5,2.079
2026-10-05T22:57Z,10110,gA,2.049
2026-10-05T22:57Z,10138,gA,1.843
2026-10-05T22:57Z,10141,gA,1.984
2026-10-05T22:57Z,10141,gP,2.069
2026-10-05T22:57Z,10157,gA,1.929
2026-10-05T22:57Z,10157,gP,1.988
2026-10-05T22:57Z,10157,gB,1.838
2026-10-05T22:57Z,10158,gA,1.929
2026-10-05T22:57Z,10158,gP,1.988
2026-10-05T22:57Z,10158,gB,1.838
2026-10-05T22:57Z,10167,g95e5,1.729
2026-10-05T22:57Z,10168,gA,1.929
2026-10-05T22:57Z,10168,gP,1.999
2026-10-05T22:57Z,10182,g95e5,1.599
2026-10-05T22:57Z,10195,gA,1.979
2026-10-05T22:57Z,10195,gP,2.069
2026-10-05T22:57Z,10212,g95e5,1.825
2026-10-05T22:57Z,10212,g98e5,1.965
2026-10-05T22:57Z,10241,g95e5,1.879
2026-10-05T22:57Z,10241,gA,1.959
2026-10-05T22:57Z,10241,gB,1.799
2026-10-05T22:57Z,10245,gA,1.727
2026-10-05T22:57Z,10249,gA,1.978
2026-10-05T22:57Z,10249,gP,2.079
2026-10-05T22:57Z,10252,g95e5,1.839
2026-10-05T22:57Z,10252,g98e5,1.949
2026-10-05T22:57Z,10253,g95e5,1.890
2026-10-05T22:57Z,10253,gA,1.985
2026-10-05T22:57Z,10253,gB,1.699
2026-10-05T22:57Z,10254,g95e5,1.805
2026-10-05T22:57Z,10254,g98e5,1.955
2026-10-05T22:57Z,10262,g95e5,1.775
2026-10-05T22:57Z,10262,gA,1.935
2026-10-05T22:57Z,10262,g98e5,1.935
2026-10-05T22:57Z,10270,g95e5,1.845
2026-10-05T22:57Z,10270,gA,1.919
2026-10-05T22:57Z,10270,gP,2.009
2026-10-05T22:57Z,10270,g98e5,1.985
2026-10-05T22:57Z,10273,g95e5,1.979
2026-10-05T22:57Z,10273,g95e5p,1.979
2026-10-05T22:57Z,10319,gA,1.994
2026-10-05T22:57Z,10319,gP,2.069
2026-10-05T22:57Z,10332,g95e5,1.979
2026-10-05T22:57Z,10341,g95e5,1.759
2026-10-05T22:57Z,10341,gA,1.939
2026-10-05T22:57Z,10341,gP,2.029
2026-10-05T22:57Z,10341,g98e5,1.899
2026-10-05T22:57Z,10344,g95e5,1.785
2026-10-05T22:57Z,10344,g98e5,1.945
2026-10-05T22:57Z,10351,gA,1.827
2026-10-05T22:57Z,10351,gP,1.827
2026-10-05T22:57Z,10352,gA,1.809
2026-10-05T22:57Z,10352,gB,1.559
2026-10-05T22:57Z,10366,g95e5,1.838
2026-10-05T22:57Z,10366,gA,1.969
2026-10-05T22:57Z,10366,gP,2.049
2026-10-05T22:57Z,10367,gA,1.964
2026-10-05T22:57Z,10367,gP,2.049
2026-10-05T22:57Z,10368,gA,2.024
2026-10-05T22:57Z,10368,gP,2.084
2026-10-05T22:57Z,10369,gA,2.024
2026-10-05T22:57Z,10369,gP,2.084
2026-10-05T22:57Z,10373,gA,1.949
2026-10-05T22:57Z,10373,gP,1.999
2026-10-05T22:57Z,10385,gP,2.019
2026-10-05T22:57Z,10408,gA,1.985
2026-10-05T22:57Z,10408,gP,2.075
2026-10-05T22:57Z,10411,g95e5,1.819
2026-10-05T22:57Z,10411,gA,1.965
2026-10-05T22:57Z,10411,gP,2.055
2026-10-05T22:57Z,10411,g98e5,1.959
2026-10-05T22:57Z,10433,g95e5,1.785
2026-10-05T22:57Z,10433,gA,1.939
2026-10-05T22:57Z,10433,gP,2.029
2026-10-05T22:57Z,10433,g98e5,1.925
2026-10-05T22:57Z,10436,g95e5,1.855
2026-10-05T22:57Z,10436,gA,2.005
2026-10-05T22:57Z,10436,gP,2.095
2026-10-05T22:57Z,10436,g98e5,1.995
2026-10-05T22:57Z,10450,gA,1.969
2026-10-05T22:57Z,10451,gA,1.935
2026-10-05T22:57Z,10451,gP,2.026
2026-10-05T22:57Z,10451,g98e5,2.036
2026-10-05T22:57Z,10452,g95e5,1.795
2026-10-05T22:57Z,10453,g95e5,1.829
2026-10-05T22:57Z,10453,gA,1.937
2026-10-05T22:57Z,10453,gP,2.027
2026-10-05T22:57Z,10453,g98e5,1.949
2026-10-05T22:57Z,10458,g95e5,1.839
2026-10-05T22:57Z,10458,gA,1.957
2026-10-05T22:57Z,10458,gP,2.047
2026-10-05T22:57Z,10458,g98e5,1.959
2026-10-05T22:57Z,10465,g95e5,1.829
2026-10-05T22:57Z,10465,gA,1.919
2026-10-05T22:57Z,10465,gP,2.009
2026-10-05T22:57Z,10465,g98e5,1.969
2026-10-05T22:57Z,10482,g95e5,1.825
2026-10-05T22:57Z,10482,gA,1.985
2026-10-05T22:57Z,10482,gP,2.075
2026-10-05T22:57Z,10482,g98e5,1.965
2026-10-05T22:57Z,10487,g95e5,1.835
2026-10-05T22:57Z,10487,gA,1.985
2026-10-05T22:57Z,10487,gP,2.075
2026-10-05T22:57Z,10487,g98e5,1.975
2026-10-05T22:57Z,10488,g95e5,1.819
2026-10-05T22:57Z,10488,gA,1.959
2026-10-05T22:57Z,10488,gP,2.049
2026-10-05T22:57Z,10488,g98e5,1.959
2026-10-05T22:57Z,10517,gA,1.959
2026-10-05T22:57Z,10517,gB,1.679
2026-10-05T22:57Z,10525,gA,1.969
2026-10-05T22:57Z,10525,gB,1.639
2026-10-05T22:57Z,10530,gA,1.969
2026-10-05T22:57Z,10530,gB,1.689
2026-10-05T22:57Z,10572,g95e5,1.739
2026-10-05T22:57Z,10572,gA,1.839
2026-10-05T22:57Z,10579,g95e5,1.845
2026-10-05T22:57Z,10579,gA,2.005
2026-10-05T22:57Z,10579,gP,2.075
2026-10-05T22:57Z,10579,g98e5,1.955
2026-10-05T22:57Z,10581,g95e5,1.799
2026-10-05T22:57Z,10581,gA,1.919
2026-10-05T22:57Z,10581,gP,2.009
2026-10-05T22:57Z,10581,g98e5,1.939
2026-10-05T22:57Z,10582,g95e5,1.819
2026-10-05T22:57Z,10582,gA,1.955
2026-10-05T22:57Z,10582,gP,2.045
2026-10-05T22:57Z,10582,g98e5,1.959
2026-10-05T22:57Z,10599,g95e5,1.849
2026-10-05T22:57Z,10599,g98e5,1.989
2026-10-05T22:57Z,10602,g95e5,1.849
2026-10-05T22:57Z,10602,gA,1.959
2026-10-05T22:57Z,10602,gP,2.049
2026-10-05T22:57Z,10602,g98e5,1.989
2026-10-05T22:57Z,10605,g95e5,1.857
2026-10-05T22:57Z,10605,gA,1.979
2026-10-05T22:57Z,10605,gP,2.067
2026-10-05T22:57Z,10608,gA,1.949
2026-10-05T22:57Z,10608,gP,2.079
2026-10-05T22:57Z,10610,gA,1.954
2026-10-05T22:57Z,10610,gP,2.089
2026-10-05T22:57Z,10611,gA,1.954
2026-10-05T22:57Z,10611,gP,2.089
2026-10-05T22:57Z,10619,gA,1.945
2026-10-05T22:57Z,10627,g95e5,1.868
2026-10-05T22:57Z,10627,gA,2.034
2026-10-05T22:57Z,10627,gP,2.098
2026-10-05T22:57Z,10627,g98e5,1.958
2026-10-05T22:57Z,10627,gB,1.808
2026-10-05T22:57Z,10632,g95e5,1.698
2026-10-05T22:57Z,10632,gA,1.739
2026-10-05T22:57Z,10633,g95e5,1.569
2026-10-05T22:57Z,10633,g98e5,1.699
2026-10-05T22:57Z,10637,gA,1.843
2026-10-05T22:57Z,10640,g95e5,1.795
2026-10-05T22:57Z,10640,g98e5,1.905
2026-10-05T22:57Z,10647,g95e5,1.754
2026-10-05T22:57Z,10647,gA,1.924
2026-10-05T22:57Z,10647,gP,1.974
2026-10-05T22:57Z,10647,g98e5,1.894
2026-10-05T22:57Z,10652,g95e5,1.829
2026-10-05T22:57Z,10652,gA,1.929
2026-10-05T22:57Z,10652,gP,1.979
2026-10-05T22:57Z,10652,g98e5,1.989
2026-10-05T22:57Z,10662,g95e5,1.795
2026-10-05T22:57Z,10662,g98e5,1.955
2026-10-05T22:57Z,10663,g95e5,1.869
2026-10-05T22:57Z,10663,gA,1.949
2026-10-05T22:57Z,10663,g98e5,1.979
2026-10-05T22:57Z,10666,g95e5,1.855
2026-10-05T22:57Z,10666,g98e5,1.975
2026-10-05T22:57Z,10668,g95e5,1.779
2026-10-05T22:57Z,10668,g98e5,1.899
2026-10-05T22:57Z,10669,g95e5,1.719
2026-10-05T22:57Z,10670,gA,1.839
2026-10-05T22:57Z,10670,gP,1.919
2026-10-05T22:57Z,10682,g95e5,1.859
2026-10-05T22:57Z,10682,g98e5,2.009
2026-10-05T22:57Z,10695,gA,1.939
2026-10-05T22:57Z,10696,gA,1.778
2026-10-05T22:57Z,10710,g95e5,1.835
2026-10-05T22:57Z,10710,gA,1.909
2026-10-05T22:57Z,10710,gP,1.999
2026-10-05T22:57Z,10710,g98e5,1.975
2026-10-05T22:57Z,10728,gA,1.919
2026-10-05T22:57Z,10728,gP,2.009
2026-10-05T22:57Z,10740,gA,1.974
2026-10-05T22:57Z,10740,gP,2.064
2026-10-05T22:57Z,10748,g95e5,1.829
2026-10-05T22:57Z,10748,gA,1.979
2026-10-05T22:57Z,10748,gP,2.069
2026-10-05T22:57Z,10752,g95e5,1.699
2026-10-05T22:57Z,10752,g98e5,1.799
2026-10-05T22:57Z,10752,bio,1.699
2026-10-05T22:57Z,10757,gA,1.995
2026-10-05T22:57Z,10757,gP,2.045
2026-10-05T22:57Z,10757,g98e5,1.935
2026-10-05T22:57Z,10776,gA,1.909
2026-10-05T22:57Z,10823,g95e5,1.819
2026-10-05T22:57Z,10823,gA,2.024
2026-10-05T22:57Z,10823,gP,2.114
2026-10-05T22:57Z,10823,gB,1.659
2026-10-05T22:57Z,10829,g95e5,1.785
2026-10-05T22:57Z,10829,gA,1.939
2026-10-05T22:57Z,10829,gP,2.029
2026-10-05T22:57Z,10829,g98e5,1.925
2026-10-05T22:57Z,10830,gP,2.099
2026-10-05T22:57Z,10843,g95e5,1.715
2026-10-05T22:57Z,10843,g98e5,1.875
2026-10-05T22:57Z,10847,g95e5,1.799
2026-10-05T22:57Z,10847,gA,1.945
2026-10-05T22:57Z,10847,gP,2.035
2026-10-05T22:57Z,10847,g98e5,1.939
2026-10-05T22:57Z,10858,g95e5,1.659
2026-10-05T22:57Z,10860,g95e5,1.799
2026-10-05T22:57Z,10860,g98e5,1.909
2026-10-05T22:57Z,10861,g95e5,1.889
2026-10-05T22:57Z,10861,g98e5,1.999
2026-10-05T22:57Z,10862,g95e5,1.885
2026-10-05T22:57Z,10862,g98e5,1.995
2026-10-05T22:57Z,10863,g95e5,1.859
2026-10-05T22:57Z,10863,g98e5,1.969
2026-10-05T22:57Z,10864,g95e5,1.865
2026-10-05T22:57Z,10864,gA,1.965
2026-10-05T22:57Z,10864,g98e5,1.975
2026-10-05T22:57Z,10865,g95e5,1.829
2026-10-05T22:57Z,10865,gP,2.009
2026-10-05T22:57Z,10865,g98e5,1.939
2026-10-05T22:57Z,10866,g95e5,1.815
2026-10-05T22:57Z,10866,gA,1.999
2026-10-05T22:57Z,10866,gP,2.029
2026-10-05T22:57Z,10866,g98e5,1.925
2026-10-05T22:57Z,10867,g95e5,1.829
2026-10-05T22:57Z,10867,gA,2.005
2026-10-05T22:57Z,10867,g98e5,1.939
2026-10-05T22:57Z,10867,g95e5p,1.889
2026-10-05T22:57Z,10868,g95e5,1.885
2026-10-05T22:57Z,10868,gA,2.025
2026-10-05T22:57Z,10868,g98e5,1.995
2026-10-05T22:57Z,10869,gA,1.979
2026-10-05T22:57Z,10869,g98e5,2.015
2026-10-05T22:57Z,10870,g98e5,2.015
2026-10-05T22:57Z,10872,g95e5,1.835
2026-10-05T22:57Z,10872,gA,1.919
2026-10-05T22:57Z,10872,g98e5,1.995
2026-10-05T22:57Z,10873,g95e5,1.849
2026-10-05T22:57Z,10873,gA,1.929
2026-10-05T22:57Z,10873,g98e5,2.009
2026-10-05T22:57Z,10874,g95e5,1.865
2026-10-05T22:57Z,10876,g95e5,1.829
2026-10-05T22:57Z,10876,g98e5,1.979
2026-10-05T22:57Z,10876,g95e5p,1.899
2026-10-05T22:57Z,10877,g98e5,1.969
2026-10-05T22:57Z,10878,gA,1.975
2026-10-05T22:57Z,10878,g98e5,1.969
2026-10-05T22:57Z,10879,g95e5,1.779
2026-10-05T22:57Z,10879,gA,1.959
2026-10-05T22:57Z,10879,gP,2.009
2026-10-05T22:57Z,10879,g98e5,1.939
2026-10-05T22:57Z,10880,g98e5,1.915
2026-10-05T22:57Z,10881,g95e5,1.845
2026-10-05T22:57Z,10881,gA,1.965
2026-10-05T22:57Z,10881,gP,2.065
2026-10-05T22:57Z,10881,g98e5,1.955
2026-10-05T22:57Z,10882,g95e5,1.869
2026-10-05T22:57Z,10882,g98e5,2.029
2026-10-05T22:57Z,10883,g95e5,1.815
2026-10-05T22:57Z,10883,gA,1.959
2026-10-05T22:57Z,10883,gP,2.009
2026-10-05T22:57Z,10883,g98e5,1.925
2026-10-05T22:57Z,10884,g95e5,1.815
2026-10-05T22:57Z,10884,gA,2.009
2026-10-05T22:57Z,10884,g98e5,1.975
2026-10-05T22:57Z,10885,g95e5,1.848
2026-10-05T22:57Z,10885,gA,1.964
2026-10-05T22:57Z,10885,gP,2.079
2026-10-05T22:57Z,10885,g95e5p,1.888
2026-10-05T22:57Z,10886,g95e5,1.825
2026-10-05T22:57Z,10886,gA,1.975
2026-10-05T22:57Z,10886,g98e5,1.985
2026-10-05T22:57Z,10887,g95e5,1.835
2026-10-05T22:57Z,10887,g98e5,1.945
2026-10-05T22:57Z,10888,g95e5,1.865
2026-10-05T22:57Z,10888,gA,1.995
2026-10-05T22:57Z,10889,g95e5,1.879
2026-10-05T22:57Z,10889,g98e5,1.989
2026-10-05T22:57Z,10890,g95e5,1.885
2026-10-05T22:57Z,10890,gA,1.995
2026-10-05T22:57Z,10891,g95e5,1.845
2026-10-05T22:57Z,10891,gA,1.949
2026-10-05T22:57Z,10891,g98e5,1.955
2026-10-05T22:57Z,10892,g95e5,1.855
2026-10-05T22:57Z,10892,g98e5,1.965
2026-10-05T22:57Z,10904,g95e5,1.597
2026-10-05T22:57Z,10912,g95e5,1.869
2026-10-05T22:57Z,10912,g98e5,1.979
2026-10-05T22:57Z,10923,g95e5,1.799
2026-10-05T22:57Z,10923,g98e5,1.959
2026-10-05T22:57Z,10940,g95e5,1.835
2026-10-05T22:57Z,10940,gA,1.909
2026-10-05T22:57Z,10940,gP,1.999
2026-10-05T22:57Z,10940,g98e5,1.975
2026-10-05T22:57Z,10941,g95e5,1.835
2026-10-05T22:57Z,10941,gA,1.909
2026-10-05T22:57Z,10941,gP,1.999
2026-10-05T22:57Z,10941,g98e5,1.975
2026-10-05T22:57Z,10943,gA,1.964
2026-10-05T22:57Z,10943,gP,2.079
2026-10-05T22:57Z,10944,g95e5,1.719
2026-10-05T22:57Z,10944,gA,1.859
2026-10-05T22:57Z,10944,g95e5p,1.729
2026-10-05T22:57Z,10946,g95e5,1.788
2026-10-05T22:57Z,10946,gA,1.968
2026-10-05T22:57Z,10946,gP,2.029
2026-10-05T22:57Z,10946,g98e5,1.858
2026-10-05T22:57Z,10966,g95e5,1.795
2026-10-05T22:57Z,10966,gA,1.975
2026-10-05T22:57Z,10966,gP,2.065
2026-10-05T22:57Z,10966,g98e5,1.935
2026-10-05T22:57Z,10970,gA,1.657
2026-10-05T22:57Z,10974,g95e5,1.869
2026-10-05T22:57Z,10976,gA,1.929
2026-10-05T22:57Z,10976,gP,2.039
2026-10-05T22:57Z,10976,gB,1.818
2026-10-05T22:57Z,10982,gA,1.954
2026-10-05T22:57Z,10982,gP,2.079
2026-10-05T22:57Z,10987,g95e5,1.729
2026-10-05T22:57Z,10991,g95e5,1.775
2026-10-05T22:57Z,10991,gA,1.929
2026-10-05T22:57Z,10991,g98e5,1.935
2026-10-05T22:57Z,10992,g95e5,1.795
2026-10-05T22:57Z,10992,g98e5,1.955
2026-10-05T22:57Z,11010,gA,1.974
2026-10-05T22:57Z,11010,gP,2.074
2026-10-05T22:57Z,11013,g95e5,1.785
2026-10-05T22:57Z,11013,gA,1.985
2026-10-05T22:57Z,11013,gP,2.065
2026-10-05T22:57Z,11013,g98e5,1.945
2026-10-05T22:57Z,11016,gA,1.949
2026-10-05T22:57Z,11016,gP,2.009
2026-10-05T22:57Z,11016,gB,1.838
2026-10-05T22:57Z,11021,g95e5,1.829
2026-10-05T22:57Z,11021,gA,2.009
2026-10-05T22:57Z,11021,gP,2.059
2026-10-05T22:57Z,11021,g98e5,1.989
2026-10-05T22:57Z,11025,gA,1.969
2026-10-05T22:57Z,11025,gP,2.079
2026-10-05T22:57Z,11026,g95e5,1.779
2026-10-05T22:57Z,11026,gA,1.935
2026-10-05T22:57Z,11026,g98e5,1.939
2026-10-05T22:57Z,11027,g95e5,1.835
2026-10-05T22:57Z,11027,gA,1.955
2026-10-05T22:57Z,11027,gP,2.045
2026-10-05T22:57Z,11027,g98e5,1.975
2026-10-05T22:57Z,11033,gA,1.989
2026-10-05T22:57Z,11034,g95e5,1.918
2026-10-05T22:57Z,11034,gA,2.025
2026-10-05T22:57Z,11034,g98e5,2.018
2026-10-05T22:57Z,11048,gA,1.985
2026-10-05T22:57Z,11048,gP,2.089
2026-10-05T22:57Z,11053,gA,2.139
2026-10-05T22:57Z,11053,gP,2.189
2026-10-05T22:57Z,11054,gA,2.034
2026-10-05T22:57Z,11054,gP,2.149
2026-10-05T22:57Z,11058,gA,1.969
2026-10-05T22:57Z,11058,gP,2.039
2026-10-05T22:57Z,11069,g95e5,1.899
2026-10-05T22:57Z,11069,gA,2.019
2026-10-05T22:57Z,11080,g95e5,1.859
2026-10-05T22:57Z,11080,gA,1.939
2026-10-05T22:57Z,11080,gP,1.989
2026-10-05T22:57Z,11080,g98e5,1.969
2026-10-05T22:57Z,11084,g95e5,1.865
2026-10-05T22:57Z,11084,gA,2.019
2026-10-05T22:57Z,11084,gP,2.099
2026-10-05T22:57Z,11084,g98e5,1.975
2026-10-05T22:57Z,11087,g95e5,1.825
2026-10-05T22:57Z,11087,g98e5,1.945
2026-10-05T22:57Z,11088,g95e5,1.829
2026-10-05T22:57Z,11088,g98e5,1.939
2026-10-05T22:57Z,11097,g95e5,1.835
2026-10-05T22:57Z,11097,gA,2.005
2026-10-05T22:57Z,11097,g98e5,1.995
2026-10-05T22:57Z,11111,g95e5,1.719
2026-10-05T22:57Z,11111,gA,1.749
2026-10-05T22:57Z,11112,g95e5,1.739
2026-10-05T22:57Z,11112,gA,1.749
2026-10-05T22:57Z,11126,g95e5,1.859
2026-10-05T22:57Z,11126,gA,1.969
2026-10-05T22:57Z,11126,gP,2.019
2026-10-05T22:57Z,11126,g98e5,1.969
2026-10-05T22:57Z,11127,g95e5,1.869
2026-10-05T22:57Z,11127,gA,1.905
2026-10-05T22:57Z,11127,gP,1.995
2026-10-05T22:57Z,11127,g98e5,2.009
2026-10-05T22:57Z,11130,gA,1.906
2026-10-05T22:57Z,11130,gB,1.762
2026-10-05T22:57Z,11131,gB,1.763
2026-10-05T22:57Z,11137,gA,1.954
2026-10-05T22:57Z,11137,gP,2.079
2026-10-05T22:57Z,11138,gA,1.944
2026-10-05T22:57Z,11138,gP,2.059
2026-10-05T22:57Z,11142,gA,1.914
2026-10-05T22:57Z,11160,g95e5,1.835
2026-10-05T22:57Z,11160,gA,1.959
2026-10-05T22:57Z,11160,gP,2.049
2026-10-05T22:57Z,11160,g98e5,1.975
2026-10-05T22:57Z,11161,gA,1.739
2026-10-05T22:57Z,11161,gP,1.839
2026-10-05T22:57Z,11162,g95e5,1.819
2026-10-05T22:57Z,11162,gA,1.899
2026-10-05T22:57Z,11162,gB,1.600
2026-10-05T22:57Z,11163,gA,1.984
2026-10-05T22:57Z,11163,gP,2.069
2026-10-05T22:57Z,11165,g95e5,1.849
2026-10-05T22:57Z,11165,gA,1.965
2026-10-05T22:57Z,11165,g98e5,1.959
2026-10-05T22:57Z,11167,g95e5,1.829
2026-10-05T22:57Z,11167,gA,1.979
2026-10-05T22:57Z,11167,gP,2.069
2026-10-05T22:57Z,11167,g98e5,1.969
2026-10-05T22:57Z,11170,g95e5,1.805
2026-10-05T22:57Z,11170,g98e5,1.915
2026-10-05T22:57Z,11178,g95e5,1.855
2026-10-05T22:57Z,11178,gA,2.005
2026-10-05T22:57Z,11178,gP,2.095
2026-10-05T22:57Z,11178,g98e5,1.995
2026-10-05T22:57Z,11181,g95e5,1.795
2026-10-05T22:57Z,11181,gA,1.945
2026-10-05T22:57Z,11181,gP,2.045
2026-10-05T22:57Z,11181,g98e5,1.955
2026-10-05T22:57Z,11185,g95e5,1.819
2026-10-05T22:57Z,11185,gA,1.979
2026-10-05T22:57Z,11185,gP,2.069
2026-10-05T22:57Z,11185,g98e5,1.959
2026-10-05T22:57Z,11189,g98e5,2.015
2026-10-05T22:57Z,11192,g95e5,1.649
2026-10-05T22:57Z,11192,gA,1.779
2026-10-05T22:57Z,11192,gP,1.789
2026-10-05T22:57Z,11192,g98e5,1.849
2026-10-05T22:57Z,11215,g95e5,1.798
2026-10-05T22:57Z,11215,gA,1.988
2026-10-05T22:57Z,11218,g95e5,1.949
2026-10-05T22:57Z,11218,gA,1.969
2026-10-05T22:57Z,11225,gA,1.981
2026-10-05T22:57Z,11225,gP,2.074
2026-10-05T22:57Z,11228,g95e5,1.834
2026-10-05T22:57Z,11228,gA,1.989
2026-10-05T22:57Z,11228,gP,2.039
2026-10-05T22:57Z,11228,g95e5p,1.884
2026-10-05T22:57Z,11239,g95e5,1.865
2026-10-05T22:57Z,11239,gA,2.019
2026-10-05T22:57Z,11239,g98e5,1.975
2026-10-05T22:57Z,11241,g95e5,1.666
2026-10-05T22:57Z,11241,gA,1.811
2026-10-05T22:57Z,11241,gP,1.822
2026-10-05T22:57Z,11254,g95e5,1.890
2026-10-05T22:57Z,11254,gA,1.985
2026-10-05T22:57Z,11254,gP,2.085
2026-10-05T22:57Z,11254,gB,1.659
2026-10-05T22:57Z,11255,g95e5,1.859
2026-10-05T22:57Z,11255,gA,1.969
2026-10-05T22:57Z,11255,gP,2.059
2026-10-05T22:57Z,11263,g95e5,1.845
2026-10-05T22:57Z,11263,gA,2.009
2026-10-05T22:57Z,11273,g95e5,1.855
2026-10-05T22:57Z,11273,gA,2.009
2026-10-05T22:57Z,11273,g98e5,2.015
2026-10-05T22:57Z,11275,g95e5,1.859
2026-10-05T22:57Z,11275,gA,1.965
2026-10-05T22:57Z,11276,g95e5,1.819
2026-10-05T22:57Z,11276,g98e5,1.979
2026-10-05T22:57Z,11294,gA,1.939
2026-10-05T22:57Z,11294,gP,2.024
2026-10-05T22:57Z,11297,g95e5,1.829
2026-10-05T22:57Z,11297,gA,1.995
2026-10-05T22:57Z,11297,gP,2.045
2026-10-05T22:57Z,11305,g95e5,1.854
2026-10-05T22:57Z,11305,gA,1.939
2026-10-05T22:57Z,11305,gP,2.029
2026-10-05T22:57Z,11305,g98e5,1.974
2026-10-05T22:57Z,11306,g95e5,1.854
2026-10-05T22:57Z,11306,gA,1.939
2026-10-05T22:57Z,11306,gP,2.029
2026-10-05T22:57Z,11306,g98e5,1.974
2026-10-05T22:57Z,11316,g95e5,1.854
2026-10-05T22:57Z,11316,gA,1.989
2026-10-05T22:57Z,11316,gP,2.039
2026-10-05T22:57Z,11316,g98e5,2.029
2026-10-05T22:57Z,11327,g95e5,1.809
2026-10-05T22:57Z,11327,gA,1.969
2026-10-05T22:57Z,11327,gP,2.019
2026-10-05T22:57Z,11327,g95e5p,1.859
2026-10-05T22:57Z,11331,g95e5,1.809
2026-10-05T22:57Z,11331,gA,1.909
2026-10-05T22:57Z,11331,gP,1.959
2026-10-05T22:57Z,11331,g98e5,1.929
2026-10-05T22:57Z,11337,g95e5,1.809
2026-10-05T22:57Z,11337,gA,1.849
2026-10-05T22:57Z,11337,gP,1.899
2026-10-05T22:57Z,11337,g95e5p,1.859
2026-10-05T22:57Z,11348,g95e5,1.636
2026-10-05T22:57Z,11348,gA,1.739
2026-10-05T22:57Z,11348,g98e5,1.820
2026-10-05T22:57Z,11353,gA,1.944
2026-10-05T22:57Z,11353,gP,2.039
2026-10-05T22:57Z,11382,g95e5,1.799
2026-10-05T22:57Z,11382,gP,1.899
2026-10-05T22:57Z,11382,g98e5,1.949
2026-10-05T22:57Z,11383,g95e5,1.849
2026-10-05T22:57Z,11383,gA,1.919
2026-10-05T22:57Z,11383,gP,2.009
2026-10-05T22:57Z,11383,g98e5,1.989
2026-10-05T22:57Z,11394,g95e5,1.639
2026-10-05T22:57Z,11394,gA,1.739
2026-10-05T22:57Z,11394,g98e5,1.759
2026-10-05T22:57Z,11412,gA,1.984
2026-10-05T22:57Z,11412,gP,2.069
2026-10-05T22:57Z,11414,g95e5,1.835
2026-10-05T22:57Z,11414,gA,1.959
2026-10-05T22:57Z,11414,gP,2.049
2026-10-05T22:57Z,11414,g98e5,1.975
2026-10-05T22:57Z,11417,gA,1.906
2026-10-05T22:57Z,11417,gB,1.756
2026-10-05T22:57Z,11418,g95e5,1.805
2026-10-05T22:57Z,11418,g98e5,1.965
2026-10-05T22:57Z,11421,g95e5,1.885
2026-10-05T22:57Z,11421,gA,2.029
2026-10-05T22:57Z,11421,gP,2.079
2026-10-05T22:57Z,11421,g98e5,1.995
2026-10-05T22:57Z,11424,g95e5,1.849
2026-10-05T22:57Z,11424,g98e5,1.959
2026-10-05T22:57Z,11424,g95e5p,1.929
2026-10-05T22:57Z,11427,g95e5,1.825
2026-10-05T22:57Z,11427,gA,1.975
2026-10-05T22:57Z,11427,g98e5,1.945
2026-10-05T22:57Z,11428,g95e5,1.875
2026-10-05T22:57Z,11428,gA,1.945
2026-10-05T22:57Z,11428,g98e5,2.025
2026-10-05T22:57Z,11433,gA,1.748
2026-10-05T22:57Z,11443,g95e5,1.839
2026-10-05T22:57Z,11443,gA,1.919
2026-10-05T22:57Z,11443,gB,1.798
2026-10-05T22:57Z,11450,gA,1.984
2026-10-05T22:57Z,11451,g95e5,1.839
2026-10-05T22:57Z,11451,gA,1.909
2026-10-05T22:57Z,11451,gP,1.999
2026-10-05T22:57Z,11451,g98e5,1.979
2026-10-05T22:57Z,11453,gA,1.944
2026-10-05T22:57Z,11453,gP,2.039
2026-10-05T22:57Z,11454,gA,1.964
2026-10-05T22:57Z,11454,gP,2.079
2026-10-05T22:57Z,11465,gA,2.009
2026-10-05T22:57Z,11465,gP,2.059
2026-10-05T22:57Z,11472,g95e5,1.839
2026-10-05T22:57Z,11472,gA,1.995
2026-10-05T22:57Z,11472,g98e5,1.949
2026-10-05T22:57Z,11472,g95e5p,1.909
2026-10-05T22:57Z,11486,gA,1.929
2026-10-05T22:57Z,11486,gP,2.039
2026-10-05T22:57Z,11493,g95e5,1.799
2026-10-05T22:57Z,11493,gA,1.949
2026-10-05T22:57Z,11493,g98e5,1.959
2026-10-05T22:57Z,11496,gP,2.065
2026-10-05T22:57Z,11499,g95e5,1.539
2026-10-05T22:57Z,11499,g98e5,1.679
2026-10-05T22:57Z,11515,g95e5,1.799
2026-10-05T22:57Z,11515,gA,1.959
2026-10-05T22:57Z,11515,gP,2.049
2026-10-05T22:57Z,11515,g98e5,1.939
2026-10-05T22:57Z,11526,g95e5,1.825
2026-10-05T22:57Z,11526,g98e5,1.935
2026-10-05T22:57Z,11526,g95e5p,1.905
2026-10-05T22:57Z,11531,gA,1.975
2026-10-05T22:57Z,11531,gP,2.065
2026-10-05T22:57Z,11534,g95e5,1.835
2026-10-05T22:57Z,11534,gA,1.969
2026-10-05T22:57Z,11534,g98e5,1.945
2026-10-05T22:57Z,11534,g95e5p,1.905
2026-10-05T22:57Z,11536,g95e5,1.865
2026-10-05T22:57Z,11537,gA,1.984
2026-10-05T22:57Z,11538,g95e5,1.865
2026-10-05T22:57Z,11538,gA,2.005
2026-10-05T22:57Z,11539,gA,1.994
2026-10-05T22:57Z,11539,gP,2.069
2026-10-05T22:57Z,11545,g95e5,1.869
2026-10-05T22:57Z,11545,gA,1.949
2026-10-05T22:57Z,11545,g95e5p,1.999
2026-10-05T22:57Z,11546,g95e5,1.839
2026-10-05T22:57Z,11546,gA,1.985
2026-10-05T22:57Z,11546,gP,2.035
2026-10-05T22:57Z,11546,g98e5,1.999
2026-10-05T22:57Z,11546,g95e5p,1.909
2026-10-05T22:57Z,11553,g95e5,1.789
2026-10-05T22:57Z,11553,gA,1.969
2026-10-05T22:57Z,11553,gP,2.019
2026-10-05T22:57Z,11553,g98e5,1.919
2026-10-05T22:57Z,11560,g95e5,1.875
2026-10-05T22:57Z,11560,gA,1.995
2026-10-05T22:57Z,11560,g98e5,1.985
2026-10-05T22:57Z,11563,g98e5,1.945
2026-10-05T22:57Z,11564,gA,1.985
2026-10-05T22:57Z,11564,g98e5,1.945
2026-10-05T22:57Z,11569,g95e5,1.799
2026-10-05T22:57Z,11569,gA,1.959
2026-10-05T22:57Z,11569,gP,2.059
2026-10-05T22:57Z,11569,g98e5,1.899
2026-10-05T22:57Z,11569,gB,1.570
2026-10-05T22:57Z,11575,g95e5,1.839
2026-10-05T22:57Z,11575,g98e5,1.959
2026-10-05T22:57Z,11580,gA,1.975
2026-10-05T22:57Z,11583,gA,1.954
2026-10-05T22:57Z,11583,gP,2.039
2026-10-05T22:57Z,11588,g95e5,1.819
2026-10-05T22:57Z,11588,gA,1.995
2026-10-05T22:57Z,11588,gP,2.085
2026-10-05T22:57Z,11588,g98e5,1.959
2026-10-05T22:57Z,11593,g95e5,1.865
2026-10-05T22:57Z,11593,g98e5,1.975
2026-10-05T22:57Z,11595,g95e5,1.769
2026-10-05T22:57Z,11595,gA,1.729
2026-10-05T22:57Z,11595,gP,1.779
2026-10-05T22:57Z,11595,g98e5,1.909
2026-10-05T22:57Z,11598,g95e5,1.919
2026-10-05T22:57Z,11598,gA,2.009
2026-10-05T22:57Z,11598,gP,2.099
2026-10-05T22:57Z,11598,g98e5,2.039
2026-10-05T22:57Z,11603,g95e5,1.769
2026-10-05T22:57Z,11603,gA,1.819
2026-10-05T22:57Z,11633,gA,1.964
2026-10-05T22:57Z,11633,gP,2.039
2026-10-05T22:57Z,11634,g95e5,1.835
2026-10-05T22:57Z,11643,gA,1.979
2026-10-05T22:57Z,11643,gP,2.069
2026-10-05T22:57Z,11648,g95e5,1.829
2026-10-05T22:57Z,11648,gA,2.009
2026-10-05T22:57Z,11648,gP,2.059
2026-10-05T22:57Z,11648,gB,1.849
2026-10-05T22:57Z,11655,g95e5,1.855
2026-10-05T22:57Z,11655,gA,1.939
2026-10-05T22:57Z,11655,gP,2.029
2026-10-05T22:57Z,11655,g98e5,1.995
2026-10-05T22:57Z,11661,g95e5,1.875
2026-10-05T22:57Z,11661,g98e5,1.985
2026-10-05T22:57Z,11662,g95e5,1.875
2026-10-05T22:57Z,11662,gA,1.999
2026-10-05T22:57Z,11662,g98e5,1.985
2026-10-05T22:57Z,11669,g95e5,1.795
2026-10-05T22:57Z,11669,g98e5,1.815
2026-10-05T22:57Z,11671,gA,1.935
2026-10-05T22:57Z,11671,gP,2.026
2026-10-05T22:57Z,11671,g98e5,2.036
2026-10-05T22:57Z,11674,gA,1.938
2026-10-05T22:57Z,11674,gP,2.049
2026-10-05T22:57Z,11685,gA,1.929
2026-10-05T22:57Z,11685,gP,2.014
2026-10-05T22:57Z,11687,gA,1.944
2026-10-05T22:57Z,11687,gP,2.039
2026-10-05T22:57Z,11691,g95e5,1.836
2026-10-05T22:57Z,11691,gA,1.919
2026-10-05T22:57Z,11691,gP,2.009
2026-10-05T22:57Z,11691,g98e5,1.975
2026-10-05T22:57Z,11696,g95e5,1.829
2026-10-05T22:57Z,11696,gA,1.919
2026-10-05T22:57Z,11696,g98e5,1.939
2026-10-05T22:57Z,11712,gA,1.969
2026-10-05T22:57Z,11712,gP,2.029
2026-10-05T22:57Z,11712,gB,1.639
2026-10-05T22:57Z,11722,g95e5,1.839
2026-10-05T22:57Z,11722,g98e5,1.959
2026-10-05T22:57Z,11723,g95e5,1.839
2026-10-05T22:57Z,11723,gA,1.969
2026-10-05T22:57Z,11723,gP,2.079
2026-10-05T22:57Z,11723,g98e5,1.999
2026-10-05T22:57Z,11724,gA,1.929
2026-10-05T22:57Z,11724,gP,1.990
2026-10-05T22:57Z,11729,g95e5,1.795
2026-10-05T22:57Z,11729,gA,1.985
2026-10-05T22:57Z,11729,gP,2.075
2026-10-05T22:57Z,11729,g98e5,1.935
2026-10-05T22:57Z,11732,g95e5,1.739
2026-10-05T22:57Z,11732,gA,1.759
2026-10-05T22:57Z,11734,g95e5,1.795
2026-10-05T22:57Z,11734,gA,1.985
2026-10-05T22:57Z,11734,gP,2.075
2026-10-05T22:57Z,11734,g98e5,1.935
2026-10-05T22:57Z,11746,g95e5,1.835
2026-10-05T22:57Z,11746,gP,2.069
2026-10-05T22:57Z,11746,g98e5,1.995
2026-10-05T22:57Z,11749,gA,1.934
2026-10-05T22:57Z,11749,gP,2.019
2026-10-05T22:57Z,11757,g95e5,1.539
2026-10-05T22:57Z,11757,gA,1.699
2026-10-05T22:57Z,11757,gP,1.779
2026-10-05T22:57Z,11757,g98e5,1.629
2026-10-05T22:57Z,11761,g95e5,1.829
2026-10-05T22:57Z,11761,gA,1.799
2026-10-05T22:57Z,11761,gP,1.849
2026-10-05T22:57Z,11761,g95e5p,1.879
2026-10-05T22:57Z,11766,g95e5,1.835
2026-10-05T22:57Z,11766,gA,1.945
2026-10-05T22:57Z,11766,gP,1.995
2026-10-05T22:57Z,11766,g98e5,1.945
2026-10-05T22:57Z,11766,g95e5p,1.915
2026-10-05T22:57Z,11767,g95e5,1.885
2026-10-05T22:57Z,11768,g95e5,1.829
2026-10-05T22:57Z,11768,gA,1.989
2026-10-05T22:57Z,11768,gP,2.079
2026-10-05T22:57Z,11768,g98e5,1.969
2026-10-05T22:57Z,11777,gA,1.979
2026-10-05T22:57Z,11777,gP,2.029
2026-10-05T22:57Z,11778,g95e5,1.829
2026-10-05T22:57Z,11778,gA,1.937
2026-10-05T22:57Z,11778,g98e5,1.949
2026-10-05T22:57Z,11781,g95e5,1.889
2026-10-05T22:57Z,11781,gA,2.009
2026-10-05T22:57Z,11781,gP,2.099
2026-10-05T22:57Z,11781,g98e5,2.029
2026-10-05T22:57Z,11786,g95e5,1.859
2026-10-05T22:57Z,11786,gA,1.965
2026-10-05T22:57Z,11786,g98e5,1.969
2026-10-05T22:57Z,11792,gA,1.954
2026-10-05T22:57Z,11792,gP,2.079
2026-10-05T22:57Z,11799,gA,1.938
2026-10-05T22:57Z,11799,gP,2.049
2026-10-05T22:57Z,11800,gA,1.899
2026-10-05T22:57Z,11803,gA,1.985
2026-10-05T22:57Z,11803,gP,2.075
2026-10-05T22:57Z,11804,g95e5,1.918
2026-10-05T22:57Z,11804,gA,2.025
2026-10-05T22:57Z,11804,g98e5,2.018
2026-10-05T22:57Z,11821,g95e5,1.849
2026-10-05T22:57Z,11821,g98e5,2.009
2026-10-05T22:57Z,11828,g95e5,1.529
2026-10-05T22:57Z,11828,gA,1.709
2026-10-05T22:57Z,11832,g95e5,1.875
2026-10-05T22:57Z,11832,g98e5,1.985
2026-10-05T22:57Z,11832,g95e5p,1.945
2026-10-05T22:57Z,11833,g95e5,1.829
2026-10-05T22:57Z,11833,gA,1.969
2026-10-05T22:57Z,11833,g98e5,1.989
2026-10-05T22:57Z,11834,g95e5,1.829
2026-10-05T22:57Z,11834,g98e5,1.989
2026-10-05T22:57Z,11836,g95e5,1.799
2026-10-05T22:57Z,11836,gA,1.949
2026-10-05T22:57Z,11836,g98e5,1.909
2026-10-05T22:57Z,11849,g95e5,1.880
2026-10-05T22:57Z,11849,gA,1.960
2026-10-05T22:57Z,11852,gA,1.919
2026-10-05T22:57Z,11852,gP,1.999
2026-10-05T22:57Z,11867,gA,1.789
2026-10-05T22:57Z,11886,g95e5,1.669
2026-10-05T22:57Z,11886,gA,1.769
2026-10-05T22:57Z,11890,g95e5,1.864
2026-10-05T22:57Z,11890,gA,1.944
2026-10-05T22:57Z,11890,gP,2.034
2026-10-05T22:57Z,11890,g98e5,2.004
2026-10-05T22:57Z,11894,gB,1.758
2026-10-05T22:57Z,11895,g95e5,1.819
2026-10-05T22:57Z,11895,gA,1.955
2026-10-05T22:57Z,11895,gP,2.045
2026-10-05T22:57Z,11895,g98e5,1.959
2026-10-05T22:57Z,11898,g95e5,1.789
2026-10-05T22:57Z,11898,gA,1.939
2026-10-05T22:57Z,11898,gP,2.029
2026-10-05T22:57Z,11898,g98e5,1.929
2026-10-05T22:57Z,11910,gA,1.984
2026-10-05T22:57Z,11910,gP,2.069
2026-10-05T22:57Z,11911,gA,1.984
2026-10-05T22:57Z,11911,gP,2.069
2026-10-05T22:57Z,11914,gA,2.015
2026-10-05T22:57Z,11914,g98e5,2.005
2026-10-05T22:57Z,11920,g95e5,1.835
2026-10-05T22:57Z,11920,gA,1.909
2026-10-05T22:57Z,11920,gP,1.999
2026-10-05T22:57Z,11920,g98e5,1.975
2026-10-05T22:57Z,11922,g95e5,1.629
2026-10-05T22:57Z,11922,gA,1.709
2026-10-05T22:57Z,11922,gP,1.780
2026-10-05T22:57Z,11922,gB,1.534
2026-10-05T22:57Z,11929,g95e5,1.855
2026-10-05T22:57Z,11929,gA,1.939
2026-10-05T22:57Z,11929,gP,2.029
2026-10-05T22:57Z,11929,g98e5,1.995
2026-10-05T22:57Z,11942,gA,1.914
2026-10-05T22:57Z,11942,gP,2.009
2026-10-05T22:57Z,11946,g95e5,1.809
2026-10-05T22:57Z,11946,g98e5,1.919
2026-10-05T22:57Z,11955,g95e5,1.899
2026-10-05T22:57Z,11955,g98e5,2.009
2026-10-05T22:57Z,11958,g95e5,1.885
2026-10-05T22:57Z,11958,gA,2.019
2026-10-05T22:57Z,11958,gP,2.069
2026-10-05T22:57Z,11958,g98e5,1.995
2026-10-05T22:57Z,11970,g95e5,1.819
2026-10-05T22:57Z,11970,g98e5,1.979
2026-10-05T22:57Z,11972,g95e5,1.843
2026-10-05T22:57Z,11972,gA,1.929
2026-10-05T22:57Z,11972,gP,2.009
2026-10-05T22:57Z,11972,g98e5,1.983
2026-10-05T22:57Z,11974,g95e5,1.825
2026-10-05T22:57Z,11974,gA,1.985
2026-10-05T22:57Z,11974,g98e5,1.935
2026-10-05T22:57Z,11974,g95e5p,1.885
2026-10-05T22:57Z,11976,g95e5,1.799
2026-10-05T22:57Z,11976,gA,1.939
2026-10-05T22:57Z,11976,gP,2.029
2026-10-05T22:57Z,11976,g98e5,1.939
2026-10-05T22:57Z,11985,g95e5,1.859
2026-10-05T22:57Z,11985,gA,1.949
2026-10-05T22:57Z,11985,g98e5,2.039
2026-10-05T22:57Z,11990,gA,1.978
2026-10-05T22:57Z,11990,gP,2.079
2026-10-05T22:57Z,12008,g95e5,1.839
2026-10-05T22:57Z,12008,gA,1.945
2026-10-05T22:57Z,12008,gP,2.035
2026-10-05T22:57Z,12008,g98e5,1.979
2026-10-05T22:57Z,12009,g95e5,1.819
2026-10-05T22:57Z,12009,gA,1.935
2026-10-05T22:57Z,12009,gP,2.025
2026-10-05T22:57Z,12009,g98e5,1.959
2026-10-05T22:57Z,12021,gA,1.964
2026-10-05T22:57Z,12021,gP,2.039
2026-10-05T22:57Z,12022,g95e5,1.805
2026-10-05T22:57Z,12022,g98e5,1.925
2026-10-05T22:57Z,12023,g95e5,1.805
2026-10-05T22:57Z,12023,g98e5,1.925
2026-10-05T22:57Z,12024,g95e5,1.769
2026-10-05T22:57Z,12024,gA,1.799
2026-10-05T22:57Z,12024,gP,1.799
2026-10-05T22:57Z,12024,g95e5p,1.769
2026-10-05T22:57Z,12032,g95e5,1.809
2026-10-05T22:57Z,12032,gA,1.995
2026-10-05T22:57Z,12032,gP,2.085
2026-10-05T22:57Z,12032,g98e5,1.949
2026-10-05T22:57Z,12033,g95e5,1.669
2026-10-05T22:57Z,12038,g95e5,1.849
2026-10-05T22:57Z,12038,gA,1.969
2026-10-05T22:57Z,12038,g98e5,1.959
2026-10-05T22:57Z,12044,g95e5,1.869
2026-10-05T22:57Z,12044,g98e5,1.979
2026-10-05T22:57Z,12045,g95e5,1.849
2026-10-05T22:57Z,12045,g98e5,1.959
2026-10-05T22:57Z,12046,g95e5,1.849
2026-10-05T22:57Z,12046,g98e5,1.959
2026-10-05T22:57Z,12053,gA,1.969
2026-10-05T22:57Z,12053,gP,2.059
2026-10-05T22:57Z,12054,g95e5,1.829
2026-10-05T22:57Z,12054,gA,1.979
2026-10-05T22:57Z,12054,gP,2.069
2026-10-05T22:57Z,12054,g98e5,1.969
2026-10-05T22:57Z,12055,g95e5,1.739
2026-10-05T22:57Z,12055,gA,1.779
2026-10-05T22:57Z,12055,gP,1.839
2026-10-05T22:57Z,12055,g98e5,1.839
2026-10-05T22:57Z,12077,g95e5,1.695
2026-10-05T22:57Z,12077,gP,1.668
2026-10-05T22:57Z,12077,gB,1.527
2026-10-05T22:57Z,12084,g95e5,1.499
2026-10-05T22:57Z,12085,gA,1.969
2026-10-05T22:57Z,12085,gP,2.029
2026-10-05T22:57Z,12085,gB,1.769
2026-10-05T22:57Z,12091,gA,2.001
2026-10-05T22:57Z,12091,gP,2.089
2026-10-05T22:57Z,12092,gA,1.779
2026-10-05T22:57Z,12096,g95e5,1.839
2026-10-05T22:57Z,12096,g98e5,1.999
2026-10-05T22:57Z,12101,gA,1.944
2026-10-05T22:57Z,12101,gP,2.029
2026-10-05T22:57Z,12108,gA,1.859
2026-10-05T22:57Z,12108,gB,1.550
2026-10-05T22:57Z,12109,gA,1.949
2026-10-05T22:57Z,12109,gP,2.029
2026-10-05T22:57Z,12110,gA,1.949
2026-10-05T22:57Z,12110,gP,2.029
2026-10-05T22:57Z,12111,gA,1.905
2026-10-05T22:57Z,12115,g95e5,1.669
2026-10-05T22:57Z,12119,gA,1.949
2026-10-05T22:57Z,12119,gP,1.999
2026-10-05T22:57Z,12119,g98e5,1.969
2026-10-05T22:57Z,12124,g95e5,1.859
2026-10-05T22:57Z,12124,g98e5,1.969
2026-10-05T22:57Z,12125,g95e5,1.859
2026-10-05T22:57Z,12125,g98e5,1.969
2026-10-05T22:57Z,12126,g95e5,1.719
2026-10-05T22:57Z,12132,g95e5,1.829
2026-10-05T22:57Z,12132,gA,1.959
2026-10-05T22:57Z,12132,gP,2.049
2026-10-05T22:57Z,12132,g98e5,1.969
2026-10-05T22:57Z,12134,gA,1.929
2026-10-05T22:57Z,12134,gP,2.029
2026-10-05T22:57Z,12139,g95e5,1.639
2026-10-05T22:57Z,12139,gA,1.789
2026-10-05T22:57Z,12140,gA,1.994
2026-10-05T22:57Z,12140,gP,2.059
2026-10-05T22:57Z,12146,gA,1.929
2026-10-05T22:57Z,12146,gP,2.039
2026-10-05T22:57Z,12152,g95e5,1.819
2026-10-05T22:57Z,12152,gA,1.955
2026-10-05T22:57Z,12152,gP,2.045
2026-10-05T22:57Z,12152,g98e5,1.959
2026-10-05T22:57Z,12158,g98e5,1.969
2026-10-05T22:57Z,12159,g98e5,1.969
2026-10-05T22:57Z,12174,gA,1.699
2026-10-05T22:57Z,12189,g95e5,1.699
2026-10-05T22:57Z,12189,gA,1.799
2026-10-05T22:57Z,12190,g95e5,1.959
2026-10-05T22:57Z,12190,gA,1.919
2026-10-05T22:57Z,12190,g98e5,2.059
2026-10-05T22:57Z,12190,g95e5p,1.999
2026-10-05T22:57Z,12193,g95e5,1.885
2026-10-05T22:57Z,12193,gA,2.015
2026-10-05T22:57Z,12193,g98e5,2.005
2026-10-05T22:57Z,12202,g95e5,1.819
2026-10-05T22:57Z,12202,gA,1.965
2026-10-05T22:57Z,12202,gP,2.065
2026-10-05T22:57Z,12202,g98e5,1.979
2026-10-05T22:57Z,12214,gA,1.944
2026-10-05T22:57Z,12214,gP,2.019
2026-10-05T22:57Z,12214,gB,1.893
2026-10-05T22:57Z,12232,g95e5,1.895
2026-10-05T22:57Z,12232,gA,1.955
2026-10-05T22:57Z,12232,gP,2.025
2026-10-05T22:57Z,12239,gA,2.029
2026-10-05T22:57Z,12239,g98e5,1.999
2026-10-05T22:57Z,12247,g95e5,1.839
2026-10-05T22:57Z,12247,gA,2.029
2026-10-05T22:57Z,12259,gA,1.944
2026-10-05T22:57Z,12259,gP,2.039
2026-10-05T22:57Z,12266,gA,1.969
2026-10-05T22:57Z,12276,g95e5,1.873
2026-10-05T22:57Z,12276,gA,1.957
2026-10-05T22:57Z,12276,gP,2.039
2026-10-05T22:57Z,12283,g95e5,1.849
2026-10-05T22:57Z,12283,gA,1.939
2026-10-05T22:57Z,12283,gP,2.039
2026-10-05T22:57Z,12283,g98e5,2.009
2026-10-05T22:57Z,12284,g95e5,1.835
2026-10-05T22:57Z,12284,gA,1.939
2026-10-05T22:57Z,12284,gP,2.029
2026-10-05T22:57Z,12284,g98e5,1.975
2026-10-05T22:57Z,12290,g95e5,1.849
2026-10-05T22:57Z,12290,gA,1.999
2026-10-05T22:57Z,12290,gP,2.089
2026-10-05T22:57Z,12290,g98e5,1.989
2026-10-05T22:57Z,12305,gA,1.989
2026-10-05T22:57Z,12320,g95e5,1.999
2026-10-05T22:57Z,12320,gA,1.999
2026-10-05T22:57Z,12320,gP,2.099
2026-10-05T22:57Z,12320,g98e5,2.099
2026-10-05T22:57Z,12320,gB,1.799
2026-10-05T22:57Z,12346,g95e5,1.819
2026-10-05T22:57Z,12346,gA,1.965
2026-10-05T22:57Z,12346,gP,2.055
2026-10-05T22:57Z,12346,g98e5,1.959
2026-10-05T22:57Z,12350,g95e5,1.885
2026-10-05T22:57Z,12351,g95e5,1.815
2026-10-05T22:57Z,12351,gA,1.975
2026-10-05T22:57Z,12380,g95e5,1.790
2026-10-05T22:57Z,12380,gA,1.986
2026-10-05T22:57Z,12380,gP,2.075
2026-10-05T22:57Z,12380,g98e5,1.930
2026-10-05T22:57Z,12380,gB,1.748
2026-10-05T22:57Z,12381,g95e5,1.585
2026-10-05T22:57Z,12381,g98e5,1.705
2026-10-05T22:57Z,12395,g95e5,1.885
2026-10-05T22:57Z,12395,gA,2.009
2026-10-05T22:57Z,12395,g98e5,2.045
2026-10-05T22:57Z,12396,g95e5,1.859
2026-10-05T22:57Z,12396,gA,1.965
2026-10-05T22:57Z,12396,g98e5,1.969
2026-10-05T22:57Z,12401,g95e5,1.819
2026-10-05T22:57Z,12401,gA,1.919
2026-10-05T22:57Z,12401,gP,2.009
2026-10-05T22:57Z,12401,g98e5,1.959
2026-10-05T22:57Z,12426,g95e5,1.708
2026-10-05T22:57Z,12426,gA,1.808
2026-10-05T22:57Z,12433,gA,1.969
2026-10-05T22:57Z,12433,gP,2.029
2026-10-05T22:57Z,12433,gB,1.649
2026-10-05T22:57Z,12450,gA,1.799
2026-10-05T22:57Z,12450,bio,1.699
2026-10-05T22:57Z,12452,g95e5,1.699
2026-10-05T22:57Z,12452,gA,1.699
2026-10-05T22:57Z,12453,gA,1.994
2026-10-05T22:57Z,12458,gA,1.984
2026-10-05T22:57Z,12458,gP,2.074
2026-10-05T22:57Z,12472,gA,1.910
2026-10-05T22:57Z,12472,gB,1.748
2026-10-05T22:57Z,12482,g95e5,1.659
2026-10-05T22:57Z,12482,gA,1.799
2026-10-05T22:57Z,12482,gP,1.829
2026-10-05T22:57Z,12483,g95e5,1.869
2026-10-05T22:57Z,12483,gA,1.905
2026-10-05T22:57Z,12483,gP,1.995
2026-10-05T22:57Z,12483,g98e5,2.009
2026-10-05T22:57Z,12516,g95e5,1.619
2026-10-05T22:57Z,12516,gA,1.739
2026-10-05T22:57Z,12516,gP,1.799
2026-10-05T22:57Z,12516,g98e5,1.749
2026-10-05T22:57Z,12519,g95e5,1.679
2026-10-05T22:57Z,12519,gA,1.749
2026-10-05T22:57Z,12535,g95e5,1.829
2026-10-05T22:57Z,12535,gA,1.979
2026-10-05T22:57Z,12535,gP,2.069
2026-10-05T22:57Z,12535,g98e5,1.969
2026-10-05T22:57Z,12544,gB,1.754
2026-10-05T22:57Z,12565,gA,1.762
2026-10-05T22:57Z,12572,g98e5,1.945
2026-10-05T22:57Z,12576,g95e5,1.765
2026-10-05T22:57Z,12576,gA,1.815
2026-10-05T22:57Z,12576,gP,1.955
2026-10-05T22:57Z,12576,gB,1.755
2026-10-05T22:57Z,12581,gA,1.915
2026-10-05T22:57Z,12581,gP,2.005
2026-10-05T22:57Z,12584,gA,1.939
2026-10-05T22:57Z,12584,gP,2.029
2026-10-05T22:57Z,12605,g95e5,1.809
2026-10-05T22:57Z,12605,gA,1.909
2026-10-05T22:57Z,12605,gP,1.999
2026-10-05T22:57Z,12605,g98e5,1.949
2026-10-05T22:57Z,12615,gA,1.964
2026-10-05T22:57Z,12615,gP,2.034
2026-10-05T22:57Z,12619,g95e5,1.899
2026-10-05T22:57Z,12619,gA,1.999
2026-10-05T22:57Z,12619,gP,2.059
2026-10-05T22:57Z,12619,g98e5,1.999
2026-10-05T22:57Z,12623,g95e5,1.829
2026-10-05T22:57Z,12623,gA,1.979
2026-10-05T22:57Z,12623,gP,2.069
2026-10-05T22:57Z,12623,g98e5,1.969
2026-10-05T22:57Z,12624,g95e5,1.819
2026-10-05T22:57Z,12624,gA,1.979
2026-10-05T22:57Z,12624,gP,2.069
2026-10-05T22:57Z,12624,g98e5,1.959
2026-10-05T22:57Z,12628,g95e5,1.689
2026-10-05T22:57Z,12630,gA,1.709
2026-10-05T22:57Z,12644,gA,1.984
2026-10-05T22:57Z,12644,gP,2.089
2026-10-05T22:57Z,12644,gB,1.848
2026-10-05T22:57Z,12647,gA,1.994
2026-10-05T22:57Z,12647,gP,2.109
2026-10-05T22:57Z,12650,g95e5,1.825
2026-10-05T22:57Z,12650,g98e5,1.985
2026-10-05T22:57Z,12668,g95e5,1.519
2026-10-05T22:57Z,12668,g98e5,1.649
2026-10-05T22:57Z,12672,g95e5,1.805
2026-10-05T22:57Z,12672,g98e5,1.965
2026-10-05T22:57Z,12680,gA,1.934
2026-10-05T22:57Z,12680,gB,1.898
2026-10-05T22:57Z,12682,g95e5,1.639
2026-10-05T22:57Z,12682,gA,1.789
2026-10-05T22:57Z,12690,g95e5,1.819
2026-10-05T22:57Z,12690,gA,1.965
2026-10-05T22:57Z,12690,gP,2.055
2026-10-05T22:57Z,12690,g98e5,1.959
2026-10-05T22:57Z,12691,g95e5,1.839
2026-10-05T22:57Z,12691,gA,1.909
2026-10-05T22:57Z,12691,gP,1.999
2026-10-05T22:57Z,12691,g98e5,1.979
2026-10-05T22:57Z,12696,gA,1.959
2026-10-05T22:57Z,12696,gP,2.049
2026-10-05T22:57Z,12699,g95e5,1.845
2026-10-05T22:57Z,12738,g95e5,1.739
2026-10-05T22:57Z,12738,gA,1.799
2026-10-05T22:57Z,12741,g95e5,1.715
2026-10-05T22:57Z,12747,g95e5,1.649
2026-10-05T22:57Z,12747,gA,1.759
2026-10-05T22:57Z,12755,g95e5,1.689
2026-10-05T22:57Z,12755,gA,1.829
2026-10-05T22:57Z,12761,gA,1.909
2026-10-05T22:57Z,12761,gP,2.009
2026-10-05T22:57Z,12761,gB,1.629
2026-10-05T22:57Z,12765,g95e5,1.779
2026-10-05T22:57Z,12765,gA,1.829
2026-10-05T22:57Z,12766,g95e5,1.759
2026-10-05T22:57Z,12776,g95e5,1.589
2026-10-05T22:57Z,12776,g98e5,1.709
2026-10-05T22:57Z,12777,g95e5,1.729
2026-10-05T22:57Z,12777,gA,1.819
2026-10-05T22:57Z,12777,glp,1.030
2026-10-05T22:57Z,12795,gA,1.974
2026-10-05T22:57Z,12795,gP,2.059
2026-10-05T22:57Z,12795,gB,1.828
2026-10-05T22:57Z,12798,g95e5,1.739
2026-10-05T22:57Z,12798,gA,1.829
2026-10-05T22:57Z,12806,g95e5,1.780
2026-10-05T22:57Z,12806,gA,1.810
2026-10-05T22:57Z,12811,g95e5,1.839
2026-10-05T22:57Z,12811,gA,1.995
2026-10-05T22:57Z,12811,gP,2.085
2026-10-05T22:57Z,12811,g98e5,1.979
2026-10-05T22:57Z,12822,g95e5,1.649
2026-10-05T22:57Z,12822,gA,1.675
2026-10-05T22:57Z,12827,g95e5,1.835
2026-10-05T22:57Z,12827,gA,1.909
2026-10-05T22:57Z,12827,gP,1.999
2026-10-05T22:57Z,12827,g98e5,1.975
2026-10-05T22:57Z,12840,gA,1.969
2026-10-05T22:57Z,12840,gP,2.029
2026-10-05T22:57Z,12842,gA,1.749
2026-10-05T22:57Z,12844,g95e5,1.789
2026-10-05T22:57Z,12844,gA,2.009
2026-10-05T22:57Z,12845,g95e5,1.615
2026-10-05T22:57Z,12846,g95e5,1.849
2026-10-05T22:57Z,12846,gA,1.929
2026-10-05T22:57Z,12846,gP,1.979
2026-10-05T22:57Z,12846,g98e5,2.009
2026-10-05T22:57Z,12847,gA,1.995
2026-10-05T22:57Z,12847,g98e5,2.019
2026-10-05T22:57Z,12865,gA,1.954
2026-10-05T22:57Z,12865,gP,2.039
2026-10-05T22:57Z,12866,gA,1.944
2026-10-05T22:57Z,12866,gP,2.039
2026-10-05T22:57Z,12871,g95e5,1.819
2026-10-05T22:57Z,12871,gA,1.969
2026-10-05T22:57Z,12871,gP,2.059
2026-10-05T22:57Z,12871,g98e5,1.959
2026-10-05T22:57Z,12872,g95e5,1.790
2026-10-05T22:57Z,12872,gA,1.900
2026-10-05T22:57Z,12874,gA,1.969
2026-10-05T22:57Z,12881,g95e5,1.899
2026-10-05T22:57Z,12881,gA,1.959
2026-10-05T22:57Z,12881,gB,1.739
2026-10-05T22:57Z,12882,g95e5,1.759
2026-10-05T22:57Z,12898,g95e5,1.729
2026-10-05T22:57Z,12898,gA,1.859
2026-10-05T22:57Z,12898,gP,1.879
2026-10-05T22:57Z,12900,gA,1.749
2026-10-05T22:57Z,12918,g95e5,1.755
2026-10-05T22:57Z,12918,gA,1.875
2026-10-05T22:57Z,12918,g98e5,1.875
2026-10-05T22:57Z,12939,g95e5,1.645
2026-10-05T22:57Z,12939,gA,1.769
2026-10-05T22:57Z,12943,g95e5,1.740
2026-10-05T22:57Z,12943,gA,1.790
2026-10-05T22:57Z,12943,gB,1.580
2026-10-05T22:57Z,12946,gA,1.820
2026-10-05T22:57Z,12946,gB,1.590
2026-10-05T22:57Z,12949,g95e5,1.855
2026-10-05T22:57Z,12949,gA,1.949
2026-10-05T22:57Z,12949,gP,2.039
2026-10-05T22:57Z,12949,g98e5,1.995
2026-10-05T22:57Z,12952,g95e5,1.729
2026-10-05T22:57Z,12958,gA,1.799
2026-10-05T22:57Z,12964,g95e5,1.669
2026-10-05T22:57Z,12964,gA,1.699
2026-10-05T22:57Z,12967,g95e5,1.805
2026-10-05T22:57Z,12967,gA,1.995
2026-10-05T22:57Z,12968,g98e5,1.995
2026-10-05T22:57Z,12969,g95e5,1.519
2026-10-05T22:57Z,12969,gA,1.689
2026-10-05T22:57Z,12970,g95e5,1.759
2026-10-05T22:57Z,12974,g95e5,1.769
2026-10-05T22:57Z,12974,gA,1.829
2026-10-05T22:57Z,12974,gP,1.879
2026-10-05T22:57Z,12974,g98e5,1.869
2026-10-05T22:57Z,12977,gA,1.984
2026-10-05T22:57Z,12977,gP,2.109
2026-10-05T22:57Z,12977,gB,1.898
2026-10-05T22:57Z,12986,g95e5,1.829
2026-10-05T22:57Z,12986,gA,1.799
2026-10-05T22:57Z,13001,g95e5,1.789
2026-10-05T22:57Z,13001,gA,1.929
2026-10-05T22:57Z,13001,gP,2.019
2026-10-05T22:57Z,13001,g98e5,1.929
2026-10-05T22:57Z,13007,g95e5,1.665
2026-10-05T22:57Z,13007,gA,1.725
2026-10-05T22:57Z,13007,gP,1.765
2026-10-05T22:57Z,13008,g95e5,1.729
2026-10-05T22:57Z,13012,g95e5,1.569
2026-10-05T22:57Z,13012,g98e5,1.689
2026-10-05T22:57Z,13016,g95e5,1.669
2026-10-05T22:57Z,13016,gA,1.769
2026-10-05T22:57Z,13019,g95e5,1.749
2026-10-05T22:57Z,13019,gA,1.839
2026-10-05T22:57Z,13026,g95e5,1.638
2026-10-05T22:57Z,13026,gA,1.730
2026-10-05T22:57Z,13026,gP,1.785
2026-10-05T22:57Z,13026,gB,1.561
2026-10-05T22:57Z,13029,g95e5,1.698
2026-10-05T22:57Z,13029,gP,1.798
2026-10-05T22:57Z,13035,g95e5,1.639
2026-10-05T22:57Z,13057,g95e5,1.829
2026-10-05T22:57Z,13057,gA,1.919
2026-10-05T22:57Z,13057,gP,1.959
2026-10-05T22:57Z,13057,g98e5,1.979
2026-10-05T22:57Z,13059,g95e5,1.819
2026-10-05T22:57Z,13059,gA,1.965
2026-10-05T22:57Z,13059,gP,2.055
2026-10-05T22:57Z,13063,g95e5,1.819
2026-10-05T22:57Z,13063,gA,1.979
2026-10-05T22:57Z,13063,gP,2.069
2026-10-05T22:57Z,13063,g98e5,1.959
2026-10-05T22:57Z,13075,gA,1.939
2026-10-05T22:57Z,13075,gP,2.029
2026-10-05T22:57Z,13078,gA,1.849
2026-10-05T22:57Z,13078,glp,0.959
2026-10-05T22:57Z,13087,g95e5,1.719
2026-10-05T22:57Z,13091,gA,1.969
2026-10-05T22:57Z,13091,gP,2.019
2026-10-05T22:57Z,13104,g95e5,1.849
2026-10-05T22:57Z,13104,g98e5,2.009
2026-10-05T22:57Z,13122,g95e5,1.759
2026-10-05T22:57Z,13122,gA,1.839
2026-10-05T22:57Z,13122,gP,1.889
2026-10-05T22:57Z,13131,g95e5,1.869
2026-10-05T22:57Z,13131,gB,1.868
2026-10-05T22:57Z,13134,g95e5,1.879
2026-10-05T22:57Z,13134,gA,1.979
2026-10-05T22:57Z,13134,g98e5,2.019
2026-10-05T22:57Z,13135,gP,1.798
2026-10-05T22:57Z,13146,g95e5,1.875
2026-10-05T22:57Z,13146,gA,1.945
2026-10-05T22:57Z,13146,gP,2.045
2026-10-05T22:57Z,13146,g98e5,1.985
2026-10-05T22:57Z,13189,g95e5,1.829
2026-10-05T22:57Z,13218,g95e5,1.759
2026-10-05T22:57Z,13218,gA,1.849
2026-10-05T22:57Z,13218,gP,1.899
2026-10-05T22:57Z,13228,g95e5,1.589
2026-10-05T22:57Z,13228,g98e5,1.709
2026-10-05T22:57Z,13235,g95e5,1.729
2026-10-05T22:57Z,13235,gA,1.799
2026-10-05T22:57Z,13238,gB,1.569
2026-10-05T22:57Z,13246,g95e5,1.885
2026-10-05T22:57Z,13246,gA,1.985
2026-10-05T22:57Z,13246,gP,2.035
2026-10-05T22:57Z,13246,g98e5,1.995
2026-10-05T22:57Z,13247,g95e5,1.789
2026-10-05T22:57Z,13247,gA,2.005
2026-10-05T22:57Z,13286,g95e5,1.849
2026-10-05T22:57Z,13286,gA,1.809
2026-10-05T22:57Z,13299,gA,1.909
2026-10-05T22:57Z,13299,gP,1.999
2026-10-05T22:57Z,13301,g95e5,1.799
2026-10-05T22:57Z,13301,gA,1.919
2026-10-05T22:57Z,13301,gP,2.009
2026-10-05T22:57Z,13301,g98e5,1.939
2026-10-05T22:57Z,13308,g95e5,1.845
2026-10-05T22:57Z,13308,g98e5,1.955
2026-10-05T22:57Z,13308,g95e5p,1.915
2026-10-05T22:57Z,13316,g98e5,1.979
2026-10-05T22:57Z,13327,gA,1.669
2026-10-05T22:57Z,13358,g95e5,1.689
2026-10-05T22:57Z,13358,gA,1.749
2026-10-05T22:57Z,13361,gA,1.935
2026-10-05T22:57Z,13361,gP,1.985
2026-10-05T22:57Z,13361,g98e5,1.909
2026-10-05T22:57Z,13362,g95e5,1.839
2026-10-05T22:57Z,13362,g98e5,1.999
2026-10-05T22:57Z,13372,g95e5,1.729
2026-10-05T22:57Z,13379,g95e5,1.805
2026-10-05T22:57Z,13379,g98e5,1.915
2026-10-05T22:57Z,13386,gA,1.799
2026-10-05T22:57Z,13393,g95e5,1.729
2026-10-05T22:57Z,13393,gA,1.839
2026-10-05T22:57Z,13394,g95e5,1.699
2026-10-05T22:57Z,13394,gA,1.817
2026-10-05T22:57Z,13410,g95e5,1.739
2026-10-05T22:57Z,13410,gA,1.779
2026-10-05T22:57Z,13410,gB,1.569
2026-10-05T22:57Z,13419,g95e5,1.519
2026-10-05T22:57Z,13419,gA,1.679
2026-10-05T22:57Z,13434,gA,1.969
2026-10-05T22:57Z,13434,gP,1.989
2026-10-05T22:57Z,13434,g98e5,2.129
2026-10-05T22:57Z,13436,g95e5,1.739
2026-10-05T22:57Z,13436,gA,1.779
2026-10-05T22:57Z,13459,g95e5,1.649
2026-10-05T22:57Z,13459,gA,1.759
2026-10-05T22:57Z,13459,gP,1.779
2026-10-05T22:57Z,13479,g95e5,1.828
2026-10-05T22:57Z,13479,gA,1.934
2026-10-05T22:57Z,13480,g95e5,1.639
2026-10-05T22:57Z,13480,gA,1.729
2026-10-05T22:57Z,13482,g95e5,1.759
2026-10-05T22:57Z,13489,gA,1.908
2026-10-05T22:57Z,13489,gB,1.743
2026-10-05T22:57Z,13491,gA,1.934
2026-10-05T22:57Z,13491,gP,2.049
2026-10-05T22:57Z,13499,g95e5,1.879
2026-10-05T22:57Z,13499,gA,1.979
2026-10-05T22:57Z,13499,gP,2.019
2026-10-05T22:57Z,13499,g98e5,2.009
2026-10-05T22:57Z,13535,g95e5,1.699
2026-10-05T22:57Z,13535,gA,1.799
2026-10-05T22:57Z,13565,gA,1.969
2026-10-05T22:57Z,13565,gB,1.639
2026-10-05T22:57Z,13567,g95e5,1.839
2026-10-05T22:57Z,13567,gA,1.909
2026-10-05T22:57Z,13567,gP,1.999
2026-10-05T22:57Z,13567,g98e5,1.979
2026-10-05T22:57Z,13574,g95e5,1.739
2026-10-05T22:57Z,13574,gA,1.779
2026-10-05T22:57Z,13576,g95e5,1.829
2026-10-05T22:57Z,13576,gA,1.859
2026-10-05T22:57Z,13584,gA,1.727
2026-10-05T22:57Z,13585,gA,1.727
2026-10-05T22:57Z,13593,gA,1.727
2026-10-05T22:57Z,13619,g95e5,1.729
2026-10-05T22:57Z,13620,gA,1.959
2026-10-05T22:57Z,13620,gP,1.959
2026-10-05T22:57Z,13623,g95e5,1.599
2026-10-05T22:57Z,13623,gA,1.669
2026-10-05T22:57Z,13630,g95e5,1.835
2026-10-05T22:57Z,13630,gA,1.939
2026-10-05T22:57Z,13630,gP,2.029
2026-10-05T22:57Z,13630,g98e5,1.975
2026-10-05T22:57Z,13638,g95e5,1.729
2026-10-05T22:57Z,13640,g95e5,1.706
2026-10-05T22:57Z,13640,gA,1.859
2026-10-05T22:57Z,13640,gB,1.705
2026-10-05T22:57Z,13643,g95e5,1.769
2026-10-05T22:57Z,13643,gA,1.799
2026-10-05T22:57Z,13645,g95e5,1.629
2026-10-05T22:57Z,13645,gA,1.729
2026-10-05T22:57Z,13655,g95e5,1.739
2026-10-05T22:57Z,13655,gA,1.859
2026-10-05T22:57Z,13664,g95e5,1.879
2026-10-05T22:57Z,13664,gA,1.979
2026-10-05T22:57Z,13664,gP,2.019
2026-10-05T22:57Z,13664,g98e5,2.009
2026-10-05T22:57Z,13670,g95e5,1.839
2026-10-05T22:57Z,13670,gA,1.969
2026-10-05T22:57Z,13670,gP,2.059
2026-10-05T22:57Z,13670,g98e5,1.979
2026-10-05T22:57Z,13688,g95e5,1.829
2026-10-05T22:57Z,13688,g98e5,1.989
2026-10-05T22:57Z,13688,g95e5p,1.909
2026-10-05T22:57Z,13706,g95e5,1.699
2026-10-05T22:57Z,13706,gA,1.779
2026-10-05T22:57Z,13720,g95e5,1.809
2026-10-05T22:57Z,13736,gP,2.069
2026-10-05T22:57Z,13740,gA,1.749
2026-10-05T22:57Z,13747,g95e5,1.869
2026-10-05T22:57Z,13781,g95e5,1.939
2026-10-05T22:57Z,13781,gA,1.999
2026-10-05T22:57Z,13781,gP,2.019
2026-10-05T22:57Z,13781,g98e5,1.989
2026-10-05T22:57Z,13784,g95e5,1.859
2026-10-05T22:57Z,13784,gA,1.985
2026-10-05T22:57Z,13784,g98e5,1.969
2026-10-05T22:57Z,13800,g95e5,1.717
2026-10-05T22:57Z,13801,gA,1.799
2026-10-05T22:57Z,13819,g95e5,1.739
2026-10-05T22:57Z,13819,gA,1.799
2026-10-05T22:57Z,13847,g95e5,1.759
2026-10-05T22:57Z,13901,gA,1.839
2026-10-05T22:57Z,13904,gA,2.009
2026-10-05T22:57Z,13904,gP,2.109
2026-10-05T22:57Z,13908,g95e5,1.749
2026-10-05T22:57Z,13908,gA,1.839
2026-10-05T22:57Z,13916,g95e5,1.869
2026-10-05T22:57Z,13916,gA,1.969
2026-10-05T22:57Z,13916,gP,2.059
2026-10-05T22:57Z,13916,g98e5,2.009
2026-10-05T22:57Z,13918,g95e5,1.855
2026-10-05T22:57Z,13918,gA,1.939
2026-10-05T22:57Z,13918,gP,2.029
2026-10-05T22:57Z,13918,g98e5,1.995
2026-10-05T22:57Z,13929,gA,1.799
2026-10-05T22:57Z,13960,g95e5,1.815
2026-10-05T22:57Z,13960,gA,2.005
2026-10-05T22:57Z,13960,g98e5,1.925
2026-10-05T22:57Z,13960,g95e5p,1.885
2026-10-05T22:57Z,13973,g95e5,1.699
2026-10-05T22:57Z,13973,gA,1.819
2026-10-05T22:57Z,13983,g95e5,1.825
2026-10-05T22:57Z,13983,g98e5,1.985
2026-10-05T22:57Z,13983,g95e5p,1.895
2026-10-05T22:57Z,13985,g95e5,1.825
2026-10-05T22:57Z,13985,gA,1.989
2026-10-05T22:57Z,13985,gP,2.059
2026-10-05T22:57Z,13985,g98e5,1.985
2026-10-05T22:57Z,13985,g95e5p,1.905
2026-10-05T22:57Z,13995,g95e5,1.809
2026-10-05T22:57Z,13998,g95e5,2.109
2026-10-05T22:57Z,13998,gA,2.049
2026-10-05T22:57Z,14026,g95e5,1.805
2026-10-05T22:57Z,14026,gA,1.939
2026-10-05T22:57Z,14026,gP,2.029
2026-10-05T22:57Z,14026,g98e5,1.945
2026-10-05T22:57Z,14071,gA,1.689
2026-10-05T22:57Z,14075,g95e5,1.699
2026-10-05T22:57Z,14075,gA,1.799
2026-10-05T22:57Z,14080,g95e5,1.888
2026-10-05T22:57Z,14080,gA,1.959
2026-10-05T22:57Z,14080,gP,2.059
2026-10-05T22:57Z,14080,g98e5,2.046
2026-10-05T22:57Z,14080,glp,1.089
2026-10-05T22:57Z,14084,g95e5,1.699
2026-10-05T22:57Z,14084,gA,1.819
2026-10-05T22:57Z,14089,g95e5,1.709
2026-10-05T22:57Z,14089,gA,1.779
2026-10-05T22:57Z,14097,g95e5,1.679
2026-10-05T22:57Z,14097,gA,1.799
2026-10-05T22:57Z,14097,gP,1.819
2026-10-05T22:57Z,14104,gA,1.859
2026-10-05T22:57Z,14123,gA,1.939
2026-10-05T22:57Z,14123,gP,2.069
2026-10-05T22:57Z,14132,g95e5,1.809
2026-10-05T22:57Z,14132,gA,1.909
2026-10-05T22:57Z,14132,gP,1.989
2026-10-05T22:57Z,14132,gB,1.619
2026-10-05T22:57Z,14149,g95e5,1.539
2026-10-05T22:57Z,14149,g98e5,1.669
2026-10-05T22:57Z,14150,g98e5,1.915
2026-10-05T22:57Z,14154,gA,1.984
2026-10-05T22:57Z,14154,gP,2.069
2026-10-05T22:57Z,14163,g95e5,1.759
2026-10-05T22:57Z,14164,g95e5,1.719
2026-10-05T22:57Z,14164,gA,1.829
2026-10-05T22:57Z,14172,g95e5,1.699
2026-10-05T22:57Z,14178,g95e5,1.769
2026-10-05T22:57Z,14179,g95e5,1.739
2026-10-05T22:57Z,14188,gA,1.959
2026-10-05T22:57Z,14189,g95e5,1.659
2026-10-05T22:57Z,14189,gA,1.759
2026-10-05T22:57Z,14200,g95e5,1.699
2026-10-05T22:57Z,14200,gA,1.819
2026-10-05T22:57Z,14203,g95e5,1.799
2026-10-05T22:57Z,14203,gA,1.849
2026-10-05T22:57Z,14203,gB,1.729
2026-10-05T22:57Z,14205,g95e5,1.699
2026-10-05T22:57Z,14205,gA,1.819
2026-10-05T22:57Z,14232,g95e5,1.835
2026-10-05T22:57Z,14232,gA,1.939
2026-10-05T22:57Z,14232,gP,2.029
2026-10-05T22:57Z,14232,g98e5,1.975
2026-10-05T22:57Z,14258,g95e5,1.839
2026-10-05T22:57Z,14258,gP,1.999
2026-10-05T22:57Z,14258,g98e5,2.039
2026-10-05T22:57Z,14270,g95e5,1.854
2026-10-05T22:57Z,14270,gA,1.984
2026-10-05T22:57Z,14270,gP,2.074
2026-10-05T22:57Z,14270,g95e5p,1.904
2026-10-05T22:57Z,14281,g95e5,1.885
2026-10-05T22:57Z,14281,gA,1.989
2026-10-05T22:57Z,14282,g95e5,1.717
2026-10-05T22:57Z,14307,gA,1.879
2026-10-05T22:57Z,14315,g95e5,1.759
2026-10-05T22:57Z,14315,gA,1.949
2026-10-05T22:57Z,14315,gP,1.999
2026-10-05T22:57Z,14315,g95e5p,1.809
2026-10-05T22:57Z,14318,g95e5,1.728
2026-10-05T22:57Z,14318,gA,1.776
2026-10-05T22:57Z,14358,g95e5,1.699
2026-10-05T22:57Z,14367,g95e5,1.815
2026-10-05T22:57Z,14367,gA,1.935
2026-10-05T22:57Z,14390,gA,1.969
2026-10-05T22:57Z,14407,g95e5,1.829
2026-10-05T22:57Z,14407,gA,1.975
2026-10-05T22:57Z,14407,g98e5,1.939
2026-10-05T22:57Z,14415,g95e5,1.849
2026-10-05T22:57Z,14415,g98e5,1.959
2026-10-05T22:57Z,14415,g95e5p,1.919
2026-10-05T22:57Z,14429,g95e5,1.749
2026-10-05T22:57Z,14429,gA,1.839
2026-10-05T22:57Z,14430,g95e5,1.819
2026-10-05T22:57Z,14430,gA,1.945
2026-10-05T22:57Z,14430,gP,2.035
2026-10-05T22:57Z,14430,g98e5,1.959
2026-10-05T22:57Z,14434,g98e5,1.939
2026-10-05T22:57Z,14447,g95e5,1.859
2026-10-05T22:57Z,14447,gA,1.879
2026-10-05T22:57Z,14447,gP,1.979
2026-10-05T22:57Z,14447,g98e5,1.959
2026-10-05T22:57Z,14475,g95e5,1.780
2026-10-05T22:57Z,14475,gA,1.810
2026-10-05T22:57Z,14498,gA,1.879
2026-10-05T22:57Z,14514,gB,1.745
2026-10-05T22:57Z,14521,g95e5,2.029
2026-10-05T22:57Z,14521,gA,2.049
2026-10-05T22:57Z,14521,g98e5,2.149
2026-10-05T22:57Z,14522,g95e5,1.769
2026-10-05T22:57Z,14522,gA,1.829
2026-10-05T22:57Z,14522,gP,1.879
2026-10-05T22:57Z,14551,g95e5,1.629
2026-10-05T22:57Z,14551,gA,1.719
2026-10-05T22:57Z,14557,gA,1.769
2026-10-05T22:57Z,14569,g95e5,1.789
2026-10-05T22:57Z,14569,gA,1.929
2026-10-05T22:57Z,14569,gP,2.019
2026-10-05T22:57Z,14569,g98e5,1.929
2026-10-05T22:57Z,14571,g95e5,1.999
2026-10-05T22:57Z,14573,gA,1.809
2026-10-05T22:57Z,14574,g95e5,1.869
2026-10-05T22:57Z,14574,g95e5p,1.999
2026-10-05T22:57Z,14607,g95e5,1.689
2026-10-05T22:57Z,14621,g95e5,1.849
2026-10-05T22:57Z,14670,g95e5,1.845
2026-10-05T22:57Z,14670,gA,1.969
2026-10-05T22:57Z,14670,gP,2.019
2026-10-05T22:57Z,14670,g98e5,1.955
2026-10-05T22:57Z,14672,gA,1.689
2026-10-05T22:57Z,14679,g95e5,1.699
2026-10-05T22:57Z,14679,gA,1.799
2026-10-05T22:57Z,14679,gP,1.819
2026-10-05T22:57Z,14681,gA,1.964
2026-10-05T22:57Z,14681,gP,2.014
2026-10-05T22:57Z,14689,g95e5,1.879
2026-10-05T22:57Z,14689,gA,1.989
2026-10-05T22:57Z,14689,gP,2.049
2026-10-05T22:57Z,14689,g98e5,1.999
2026-10-05T22:57Z,14694,gA,1.668
2026-10-05T22:57Z,14699,g95e5,1.589
2026-10-05T22:57Z,14699,gA,1.709
2026-10-05T22:57Z,14710,gA,1.969
2026-10-05T22:57Z,14710,gP,2.029
2026-10-05T22:57Z,14718,gA,1.969
2026-10-05T22:57Z,14718,gP,2.029
2026-10-05T22:57Z,14718,gB,1.639
2026-10-05T22:57Z,14728,g95e5,1.669
2026-10-05T22:57Z,14728,gA,1.769
2026-10-05T22:57Z,14740,gA,1.849
2026-10-05T22:57Z,14740,gP,1.869
2026-10-05T22:57Z,14754,g95e5,1.709
2026-10-05T22:57Z,14755,g95e5,1.869
2026-10-05T22:57Z,14755,gA,1.945
2026-10-05T22:57Z,14755,gP,2.025
2026-10-05T22:57Z,14755,g98e5,2.029
2026-10-05T22:57Z,14755,g95e5p,1.929
2026-10-05T22:57Z,14766,g95e5,1.879
2026-10-05T22:57Z,14766,gA,1.939
2026-10-05T22:57Z,14766,gP,2.039
2026-10-05T22:57Z,14782,g95e5,1.689
2026-10-05T22:57Z,14782,gA,1.799
2026-10-05T22:57Z,14801,g95e5,1.859
2026-10-05T22:57Z,14801,gA,1.979
2026-10-05T22:57Z,14801,g95e5p,1.959
2026-10-05T22:57Z,14808,g98e5,1.979
2026-10-05T22:57Z,14817,g95e5,1.799
2026-10-05T22:57Z,14817,gP,1.939
2026-10-05T22:57Z,14817,g98e5,2.059
2026-10-05T22:57Z,14821,g95e5,1.799
2026-10-05T22:57Z,14821,gA,1.919
2026-10-05T22:57Z,14821,gP,2.009
2026-10-05T22:57Z,14821,g98e5,1.939
2026-10-05T22:57Z,14821,gB,1.789
2026-10-05T22:57Z,14823,g95e5,1.689
2026-10-05T22:57Z,14823,gA,1.789
2026-10-05T22:57Z,14834,g95e5,1.839
2026-10-05T22:57Z,14834,gA,1.959
2026-10-05T22:57Z,14834,gP,2.049
2026-10-05T22:57Z,14834,g98e5,1.979
2026-10-05T22:57Z,14836,gA,1.780
2026-10-05T22:57Z,14836,gB,1.650
2026-10-05T22:57Z,14839,gA,1.799
2026-10-05T22:57Z,14839,gP,1.869
2026-10-05T22:57Z,14851,g95e5,1.829
2026-10-05T22:57Z,14851,gA,1.919
2026-10-05T22:57Z,14851,gP,2.009
2026-10-05T22:57Z,14851,g98e5,1.969
2026-10-05T22:57Z,14854,g95e5,1.669
2026-10-05T22:57Z,14881,gA,1.799
2026-10-05T22:57Z,14882,g95e5,1.879
2026-10-05T22:57Z,14882,gA,1.879
2026-10-05T22:57Z,14889,g95e5,1.766
2026-10-05T22:57Z,14889,gA,1.836
2026-10-05T22:57Z,14899,gA,1.799
2026-10-05T22:57Z,14899,gP,1.869
2026-10-05T22:57Z,14901,gA,1.889
2026-10-05T22:57Z,14901,gP,2.009
2026-10-05T22:57Z,14923,g95e5,1.839
2026-10-05T22:57Z,14923,gA,1.969
2026-10-05T22:57Z,14923,gP,2.019
2026-10-05T22:57Z,14923,g95e5p,1.889
2026-10-05T22:57Z,14935,g95e5,1.729
2026-10-05T22:57Z,14935,gA,1.799
2026-10-05T22:57Z,14936,gA,1.984
2026-10-05T22:57Z,14936,gP,2.089
2026-10-05T22:57Z,14954,g95e5,1.739
2026-10-05T22:57Z,14955,g95e5,1.677
2026-10-05T22:57Z,14955,gA,1.725
2026-10-05T22:57Z,14957,g95e5,1.739
2026-10-05T22:57Z,14976,g95e5,1.639
2026-10-05T22:57Z,14976,gA,1.789
2026-10-05T22:57Z,14976,gP,1.809
2026-10-05T22:57Z,14978,gA,1.984
2026-10-05T22:57Z,14978,gP,2.064
2026-10-05T22:57Z,14986,gA,1.969
2026-10-05T22:57Z,14987,gA,1.969
2026-10-05T22:57Z,14998,g95e5,1.699
2026-10-05T22:57Z,14998,gA,1.799
2026-10-05T22:57Z,14998,gP,1.849
2026-10-05T22:57Z,15006,g95e5,1.629
2026-10-05T22:57Z,15006,gA,1.719
2026-10-05T22:57Z,15009,gA,1.954
2026-10-05T22:57Z,15009,gP,2.019
2026-10-05T22:57Z,15011,g95e5,1.659
2026-10-05T22:57Z,15023,gA,1.779
2026-10-05T22:57Z,15024,gA,1.789
2026-10-05T22:57Z,15048,gA,1.749
2026-10-05T22:57Z,15049,g95e5,1.815
2026-10-05T22:57Z,15049,gP,1.995
2026-10-05T22:57Z,15049,g98e5,1.975
2026-10-05T22:57Z,15055,g95e5,1.689
2026-10-05T22:57Z,15055,gA,1.799
2026-10-05T22:57Z,15055,gP,1.839
2026-10-05T22:57Z,15068,g95e5,1.699
2026-10-05T22:57Z,15068,gA,1.799
2026-10-05T22:57Z,15090,g95e5,1.855
2026-10-05T22:57Z,15090,g98e5,1.965
2026-10-05T22:57Z,15096,g95e5,1.759
2026-10-05T22:57Z,15096,g98e5,1.908
2026-10-05T22:57Z,15099,g95e5,1.629
2026-10-05T22:57Z,15099,gA,1.719
2026-10-05T22:57Z,15107,g95e5,1.799
2026-10-05T22:57Z,15107,gA,1.839
2026-10-05T22:57Z,15107,g98e5,1.879
2026-10-05T22:57Z,15108,gA,1.849
2026-10-05T22:57Z,15112,g95e5,1.689
2026-10-05T22:57Z,15112,gA,1.699
2026-10-05T22:57Z,15116,g95e5,1.839
2026-10-05T22:57Z,15116,gA,1.919
2026-10-05T22:57Z,15116,g98e5,1.988
2026-10-05T22:57Z,15116,gB,1.798
2026-10-05T22:57Z,15139,g95e5,1.659
2026-10-05T22:57Z,15139,gA,1.739
2026-10-05T22:57Z,15149,g95e5,1.879
2026-10-05T22:57Z,15149,gA,1.999
2026-10-05T22:57Z,15154,g95e5,1.699
2026-10-05T22:57Z,15154,gA,1.799
2026-10-05T22:57Z,15157,gA,1.979
2026-10-05T22:57Z,15157,gP,2.069
2026-10-05T22:57Z,15165,gA,1.919
2026-10-05T22:57Z,15165,gP,1.999
2026-10-05T22:57Z,15167,gA,1.819
2026-10-05T22:57Z,15171,gA,1.989
2026-10-05T22:57Z,15171,gP,2.089
2026-10-05T22:57Z,15189,g95e5,1.855
2026-10-05T22:57Z,15189,gA,1.939
2026-10-05T22:57Z,15189,gP,2.029
2026-10-05T22:57Z,15189,g98e5,1.995
2026-10-05T22:57Z,15191,gB,1.917
2026-10-05T22:57Z,15206,g95e5,1.829
2026-10-05T22:57Z,15206,gA,1.879
2026-10-05T22:57Z,15206,gP,1.929
2026-10-05T22:57Z,15206,g95e5p,1.879
2026-10-05T22:57Z,15209,g95e5,1.699
2026-10-05T22:57Z,15209,gA,1.817
2026-10-05T22:57Z,15209,gP,1.837
2026-10-05T22:57Z,15217,gA,1.929
2026-10-05T22:57Z,15222,g95e5,1.709
2026-10-05T22:57Z,15222,gA,1.849
2026-10-05T22:57Z,15248,gA,1.978
2026-10-05T22:57Z,15248,gP,1.978
2026-10-05T22:57Z,15309,gA,1.764
2026-10-05T22:57Z,15309,g95e5p,1.700
2026-10-05T22:57Z,15314,g95e5,1.699
2026-10-05T22:57Z,15314,gA,1.759
2026-10-05T22:57Z,15337,gA,1.757
2026-10-05T22:57Z,15337,gP,1.757
2026-10-05T22:57Z,15357,gA,1.739
2026-10-05T22:57Z,15360,g95e5,1.644
2026-10-05T22:57Z,15377,g95e5,1.879
2026-10-05T22:57Z,15377,gA,1.879
2026-10-05T22:57Z,15393,g95e5,1.679
2026-10-05T22:57Z,15433,g95e5,1.649
2026-10-05T22:57Z,15433,gA,1.729
2026-10-05T22:57Z,15433,g98e5,1.829
2026-10-05T22:57Z,15444,g95e5,1.699
2026-10-05T22:57Z,15444,gA,1.779
2026-10-05T22:57Z,15444,g98e5,1.859
2026-10-05T22:57Z,15482,g95e5,1.699
2026-10-05T22:57Z,15482,gA,1.779
2026-10-05T22:57Z,15485,gA,1.789
2026-10-05T22:57Z,15485,gP,1.799
2026-10-05T22:57Z,15487,g95e5,1.699
2026-10-05T22:57Z,15487,gA,1.699
2026-10-05T22:57Z,15497,g95e5,1.799
2026-10-05T22:57Z,15497,gA,1.959
2026-10-05T22:57Z,15497,gP,2.049
2026-10-05T22:57Z,15497,g98e5,1.939
2026-10-05T22:57Z,15500,gA,1.799
2026-10-05T22:57Z,15504,g95e5,1.705
2026-10-05T22:57Z,15535,g95e5,1.739
2026-10-05T22:57Z,15535,g98e5,1.769
2026-10-05T22:57Z,15549,gA,1.989
2026-10-05T22:57Z,15549,gP,2.049
2026-10-05T22:57Z,15549,gB,1.769
2026-10-05T22:57Z,15553,g95e5,1.699
2026-10-05T22:57Z,15553,gA,1.849
2026-10-05T22:57Z,15553,gP,1.869
2026-10-05T22:57Z,15558,gA,1.901
2026-10-05T22:57Z,15560,g95e5,1.669
2026-10-05T22:57Z,15578,gA,2.004
2026-10-05T22:57Z,15578,gP,2.079
2026-10-05T22:57Z,15622,g95e5,1.729
2026-10-05T22:57Z,15625,gA,1.869
2026-10-05T22:57Z,15636,g95e5,1.718
2026-10-05T22:57Z,15657,g95e5,1.790
2026-10-05T22:57Z,15657,gA,1.986
2026-10-05T22:57Z,15657,gP,2.075
2026-10-05T22:57Z,15657,g98e5,1.930
2026-10-05T22:57Z,15658,gA,1.989
2026-10-05T22:57Z,15658,gP,2.079
2026-10-05T22:57Z,15660,g95e5,1.729
2026-10-05T22:57Z,15660,gA,1.839
2026-10-05T22:57Z,15667,g95e5,1.899
2026-10-05T22:57Z,15667,gA,2.019
2026-10-05T22:57Z,15667,gP,2.039
2026-10-05T22:57Z,15667,g98e5,1.939
2026-10-05T22:57Z,15669,g95e5,1.705
2026-10-05T22:57Z,15672,g95e5,1.655
2026-10-05T22:57Z,15672,gP,1.766
2026-10-05T22:57Z,15672,gB,1.542
2026-10-05T22:57Z,15674,g95e5,1.899
2026-10-05T22:57Z,15674,gA,1.999
2026-10-05T22:57Z,15675,g95e5,1.839
2026-10-05T22:57Z,15675,gA,1.945
2026-10-05T22:57Z,15675,g98e5,1.959
2026-10-05T22:57Z,15676,g95e5,1.845
2026-10-05T22:57Z,15676,g98e5,2.005
2026-10-05T22:57Z,15677,g95e5,1.799
2026-10-05T22:57Z,15677,gA,1.939
2026-10-05T22:57Z,15677,gP,1.989
2026-10-05T22:57Z,15677,g98e5,1.949
2026-10-05T22:57Z,15677,glp,1.079
2026-10-05T22:57Z,15680,g95e5,1.699
2026-10-05T22:57Z,15699,g95e5,1.689
2026-10-05T22:57Z,15699,gA,1.819
2026-10-05T22:57Z,15699,gP,1.829
2026-10-05T22:57Z,15723,g95e5,1.699
2026-10-05T22:57Z,15723,g98e5,1.799
2026-10-05T22:57Z,15739,g95e5,1.759
2026-10-05T22:57Z,15739,gA,1.909
2026-10-05T22:57Z,15739,gP,1.959
2026-10-05T22:57Z,15739,g98e5,1.899
2026-10-05T22:57Z,15742,g95e5,1.729
2026-10-05T22:57Z,15765,g95e5,1.659
2026-10-05T22:57Z,15765,gA,1.729
2026-10-05T22:57Z,15769,g95e5,1.838
2026-10-05T22:57Z,15769,gA,1.974
2026-10-05T22:57Z,15769,gP,2.059
2026-10-05T22:57Z,15769,g95e5p,1.888
2026-10-05T22:57Z,15778,g95e5,1.629
2026-10-05T22:57Z,15778,gA,1.719
2026-10-05T22:57Z,15784,g95e5,1.789
2026-10-05T22:57Z,15784,gA,1.766
2026-10-05T22:57Z,15784,gB,1.567
2026-10-05T22:57Z,15797,g95e5,1.699
2026-10-05T22:57Z,15797,gA,1.799
2026-10-05T22:57Z,15797,gP,1.819
2026-10-05T22:57Z,15805,g95e5,1.689
2026-10-05T22:57Z,15805,gA,1.769
2026-10-05T22:57Z,15806,gA,1.974
2026-10-05T22:57Z,15806,gP,2.109
2026-10-05T22:57Z,15812,g95e5,1.669
2026-10-05T22:57Z,15812,gA,1.819
2026-10-05T22:57Z,15816,g95e5,1.599
2026-10-05T22:57Z,15816,gA,1.659
2026-10-05T22:57Z,15825,g95e5,1.659
2026-10-05T22:57Z,15825,gA,1.799
2026-10-05T22:57Z,15830,g95e5,1.825
2026-10-05T22:57Z,15830,gA,1.935
2026-10-05T22:57Z,15830,gP,2.025
2026-10-05T22:57Z,15830,g98e5,1.965
2026-10-05T22:57Z,15844,gA,1.890
2026-10-05T22:57Z,15844,gB,1.746
2026-10-05T22:57Z,15845,g95e5,1.799
2026-10-05T22:57Z,15845,g98e5,1.959
2026-10-05T22:57Z,15884,g95e5,1.739
2026-10-05T22:57Z,15884,gA,1.799
2026-10-05T22:57Z,15886,g95e5,1.689
2026-10-05T22:57Z,15900,g95e5,1.699
2026-10-05T22:57Z,15900,gA,1.799
2026-10-05T22:57Z,15900,gP,1.819
2026-10-05T22:57Z,15900,g95e5p,1.719
2026-10-05T22:57Z,15915,gA,1.829
2026-10-05T22:57Z,15915,gP,1.849
2026-10-05T22:57Z,15916,g95e5,1.739
2026-10-05T22:57Z,15916,gA,1.829
2026-10-05T22:57Z,15920,g95e5,1.665
2026-10-05T22:57Z,15920,gA,1.779
2026-10-05T22:57Z,15934,gA,1.859
2026-10-05T22:57Z,15935,gA,1.849
2026-10-05T22:57Z,15940,g95e5,1.839
2026-10-05T22:57Z,15940,gA,1.959
2026-10-05T22:57Z,15940,gP,2.049
2026-10-05T22:57Z,15940,g98e5,1.979
2026-10-05T22:57Z,15950,gA,1.829
2026-10-05T22:57Z,15950,gP,1.849
2026-10-05T22:57Z,15959,gA,1.799
2026-10-05T22:57Z,15960,g95e5,1.699
2026-10-05T22:57Z,15960,gA,1.779
2026-10-05T22:57Z,15962,g95e5,1.719
2026-10-05T22:57Z,15979,gA,1.999
2026-10-05T22:57Z,15982,g95e5,1.699
2026-10-05T22:57Z,15982,gA,1.817
2026-10-05T22:57Z,15983,g95e5,1.665
2026-10-05T22:57Z,15983,gA,1.779
2026-10-05T22:57Z,15985,g95e5,1.745
2026-10-05T22:57Z,16006,g95e5,1.599
2026-10-05T22:57Z,16013,gA,1.805
2026-10-05T22:57Z,16018,g95e5,1.689
2026-10-05T22:57Z,16018,gA,1.859
2026-10-05T22:57Z,16023,g95e5,1.629
2026-10-05T22:57Z,16023,gA,1.729
2026-10-05T22:57Z,16031,gA,1.969
2026-10-05T22:57Z,16031,gP,2.059
2026-10-05T22:57Z,16032,g95e5,1.705
2026-10-05T22:57Z,16035,gA,1.799
2026-10-05T22:57Z,16042,gP,1.959
2026-10-05T22:57Z,16042,g98e5,1.949
2026-10-05T22:57Z,16043,g95e5,1.729
2026-10-05T22:57Z,16043,gA,1.859
2026-10-05T22:57Z,16043,gP,1.879
2026-10-05T22:57Z,16047,gA,1.819
2026-10-05T22:57Z,16047,gP,1.859
2026-10-05T22:57Z,16049,gA,1.819
2026-10-05T22:57Z,16072,g95e5,1.819
2026-10-05T22:57Z,16072,gA,1.945
2026-10-05T22:57Z,16072,gP,1.995
2026-10-05T22:57Z,16072,g98e5,1.979
2026-10-05T22:57Z,16086,g95e5,1.689
2026-10-05T22:57Z,16086,gA,1.769
2026-10-05T22:57Z,16097,g95e5,1.774
2026-10-05T22:57Z,16097,gA,1.894
2026-10-05T22:57Z,16105,g95e5,1.739
2026-10-05T22:57Z,16105,gA,1.839
2026-10-05T22:57Z,16110,g95e5,1.659
2026-10-05T22:57Z,16117,g95e5,1.689
2026-10-05T22:57Z,16117,g95e5p,1.699
2026-10-05T22:57Z,16130,g95e5,1.759
2026-10-05T22:57Z,16132,g95e5,1.569
2026-10-05T22:57Z,16132,gA,1.699
2026-10-05T22:57Z,16132,gP,1.819
2026-10-05T22:57Z,16132,g98e5,1.699
2026-10-05T22:57Z,16134,g95e5,1.639
2026-10-05T22:57Z,16134,gA,1.797
2026-10-05T22:57Z,16141,gA,1.849
2026-10-05T22:57Z,16151,g95e5,1.699
2026-10-05T22:57Z,16155,g95e5,1.669
2026-10-05T22:57Z,16173,gA,1.799
2026-10-05T22:57Z,16176,g95e5,1.679
2026-10-05T22:57Z,16179,g95e5,1.659
2026-10-05T22:57Z,16179,gA,1.789
2026-10-05T22:57Z,16186,g95e5,1.679
2026-10-05T22:57Z,16186,gA,1.869
2026-10-05T22:57Z,16186,gP,1.879
2026-10-05T22:57Z,16193,g95e5,1.689
2026-10-05T22:57Z,16193,gA,1.859
2026-10-05T22:57Z,16194,g95e5,1.919
2026-10-05T22:57Z,16194,gA,1.949
2026-10-05T22:57Z,16194,gP,1.979
2026-10-05T22:57Z,16194,g98e5,1.939
2026-10-05T22:57Z,16195,g95e5,1.859
2026-10-05T22:57Z,16195,gA,1.899
2026-10-05T22:57Z,16195,gP,1.959
2026-10-05T22:57Z,16195,g98e5,1.959
2026-10-05T22:57Z,16202,gA,1.969
2026-10-05T22:57Z,16204,g95e5,1.705
2026-10-05T22:57Z,16205,g95e5,1.815
2026-10-05T22:57Z,16205,g98e5,1.925
2026-10-05T22:57Z,16207,g95e5,1.699
2026-10-05T22:57Z,16207,gA,1.817
2026-10-05T22:57Z,16226,gA,1.974
2026-10-05T22:57Z,16226,gP,2.064
2026-10-05T22:57Z,16236,g95e5,1.839
2026-10-05T22:57Z,16236,gA,2.019
2026-10-05T22:57Z,16236,gP,2.039
2026-10-05T22:57Z,16237,g95e5,1.809
2026-10-05T22:57Z,16237,gA,1.859
2026-10-05T22:57Z,16237,gP,1.919
2026-10-05T22:57Z,16237,g98e5,1.959
2026-10-05T22:57Z,16239,gB,1.925
2026-10-05T22:57Z,16243,gA,1.969
2026-10-05T22:57Z,16243,gP,2.049
2026-10-05T22:57Z,16245,g95e5,1.745
2026-10-05T22:57Z,16248,g95e5,1.739
2026-10-05T22:57Z,16248,gA,1.829
2026-10-05T22:57Z,16248,gP,1.849
2026-10-05T22:57Z,16249,g95e5,1.709
2026-10-05T22:57Z,16255,g95e5,1.744
2026-10-05T22:57Z,16255,g98e5,1.958
2026-10-05T22:57Z,16257,gB,1.758
2026-10-05T22:57Z,16261,gA,1.839
2026-10-05T22:57Z,16261,gP,1.859
2026-10-05T22:57Z,16265,g95e5,1.669
2026-10-05T22:57Z,16265,gA,1.769
2026-10-05T22:57Z,16283,gA,1.994
2026-10-05T22:57Z,16283,gB,1.858
2026-10-05T22:57Z,16290,g95e5,1.669
2026-10-05T22:57Z,16291,g95e5,1.725
2026-10-05T22:57Z,16291,gA,1.859
2026-10-05T22:57Z,16293,gA,1.829
2026-10-05T22:57Z,16294,g95e5,1.735
2026-10-05T22:57Z,16294,gA,1.849
2026-10-05T22:57Z,16295,g95e5,1.819
2026-10-05T22:57Z,16295,gA,1.949
2026-10-05T22:57Z,16295,gP,2.039
2026-10-05T22:57Z,16295,g98e5,1.959
2026-10-05T22:57Z,16310,g95e5,1.659
2026-10-05T22:57Z,16310,g95e5p,1.679
2026-10-05T22:57Z,16314,gA,1.869
2026-10-05T22:57Z,16341,gA,1.699
2026-10-05T22:57Z,16353,g95e5,1.839
2026-10-05T22:57Z,16353,gA,1.959
2026-10-05T22:57Z,16353,gP,2.049
2026-10-05T22:57Z,16353,g98e5,1.979
2026-10-05T22:57Z,16355,g95e5,1.739
2026-10-05T22:57Z,16355,gA,1.799
2026-10-05T22:57Z,16376,g95e5,1.749
2026-10-05T22:57Z,16381,g95e5,1.589
2026-10-05T22:57Z,16381,gA,1.709
2026-10-05T22:57Z,16383,gA,1.829
2026-10-05T22:57Z,16386,g95e5,1.629
2026-10-05T22:57Z,16386,gA,1.729
2026-10-05T22:57Z,16390,gA,1.799
2026-10-05T22:57Z,16402,g95e5,1.679
2026-10-05T22:57Z,16402,gA,1.799
2026-10-05T22:57Z,16402,gP,1.819
2026-10-05T22:57Z,16402,g95e5p,1.689
2026-10-05T22:57Z,16413,gA,1.779
2026-10-05T22:57Z,16414,gA,1.729
2026-10-05T22:57Z,16418,gA,1.829
2026-10-05T22:57Z,16423,g95e5,1.855
2026-10-05T22:57Z,16423,g98e5,1.995
2026-10-05T22:57Z,16429,g95e5,1.709
2026-10-05T22:57Z,16429,gA,1.809
2026-10-05T22:57Z,16430,g95e5,1.619
2026-10-05T22:57Z,16430,gA,1.749
2026-10-05T22:57Z,16431,g95e5,1.639
2026-10-05T22:57Z,16431,gA,1.729
2026-10-05T22:57Z,16441,g95e5,1.699
2026-10-05T22:57Z,16453,g95e5,1.659
2026-10-05T22:57Z,16453,gA,1.739
2026-10-05T22:57Z,16454,g95e5,1.669
2026-10-05T22:57Z,16455,g95e5,1.705
2026-10-05T22:57Z,16467,gA,1.799
2026-10-05T22:57Z,16467,gP,1.799
2026-10-05T22:57Z,16474,gA,1.787
2026-10-05T22:57Z,16474,gP,1.827
2026-10-05T22:57Z,16490,g95e5,1.800
2026-10-05T22:57Z,16490,gA,1.890
2026-10-05T22:57Z,16490,gP,1.920
2026-10-05T22:57Z,16490,g98e5,1.899
2026-10-05T22:57Z,16490,gB,1.500
2026-10-05T22:57Z,16492,gA,1.759
2026-10-05T22:57Z,16512,g95e5,1.699
2026-10-05T22:57Z,16512,gA,1.799
2026-10-05T22:57Z,16512,gP,1.819
2026-10-05T22:57Z,16512,g95e5p,1.719
2026-10-05T22:57Z,16513,gA,1.759
2026-10-05T22:57Z,16514,g95e5,1.740
2026-10-05T22:57Z,16514,gA,1.779
2026-10-05T22:57Z,16514,gB,1.581
2026-10-05T22:57Z,16533,g95e5,1.759
2026-10-05T22:57Z,16533,gA,1.809
