ts,id,combustible,precio
2026-09-01T01:28Z,4,g95e5,1.809
2026-09-01T01:28Z,4,gA,1.798
2026-09-01T01:28Z,4,gP,1.878
2026-09-01T01:28Z,4,g98e5,1.949
2026-09-01T01:28Z,9,g95e5,1.719
2026-09-01T01:28Z,9,gA,1.668
2026-09-01T01:28Z,12,g95e5,1.809
2026-09-01T01:28Z,12,gA,1.798
2026-09-01T01:28Z,12,gP,1.878
2026-09-01T01:28Z,12,g98e5,1.949
2026-09-01T01:28Z,21,g95e5,1.875
2026-09-01T01:28Z,21,gA,1.825
2026-09-01T01:28Z,21,gP,1.895
2026-09-01T01:28Z,21,g98e5,1.995
2026-09-01T01:28Z,21,glp,0.999
2026-09-01T01:28Z,39,gA,1.789
2026-09-01T01:28Z,39,gP,1.829
2026-09-01T01:28Z,40,gA,1.809
2026-09-01T01:28Z,40,gP,1.849
2026-09-01T01:28Z,46,g95e5,1.879
2026-09-01T01:28Z,46,gA,1.899
2026-09-01T01:28Z,46,gP,1.969
2026-09-01T01:28Z,46,g98e5,1.999
2026-09-01T01:28Z,61,g95e5,1.879
2026-09-01T01:28Z,61,gA,1.899
2026-09-01T01:28Z,61,gP,1.969
2026-09-01T01:28Z,61,g98e5,1.999
2026-09-01T01:28Z,61,gB,1.729
2026-09-01T01:28Z,65,g95e5,1.879
2026-09-01T01:28Z,65,gA,1.889
2026-09-01T01:28Z,65,gP,1.969
2026-09-01T01:28Z,65,g98e5,1.989
2026-09-01T01:28Z,66,g95e5,1.719
2026-09-01T01:28Z,66,g95e5p,1.769
2026-09-01T01:28Z,67,gA,1.899
2026-09-01T01:28Z,67,gP,1.949
2026-09-01T01:28Z,68,gA,1.899
2026-09-01T01:28Z,68,gP,1.949
2026-09-01T01:28Z,69,g95e5,1.744
2026-09-01T01:28Z,69,g98e5,1.864
2026-09-01T01:28Z,72,g95e5,1.719
2026-09-01T01:28Z,72,g95e5p,1.769
2026-09-01T01:28Z,73,g95e5,1.779
2026-09-01T01:28Z,76,g95e5,1.719
2026-09-01T01:28Z,76,g95e5p,1.769
2026-09-01T01:28Z,87,g95e5,1.879
2026-09-01T01:28Z,87,gA,1.899
2026-09-01T01:28Z,103,g95e5,1.879
2026-09-01T01:28Z,103,gA,1.899
2026-09-01T01:28Z,103,gP,1.969
2026-09-01T01:28Z,103,g98e5,1.999
2026-09-01T01:28Z,118,g95e5,1.889
2026-09-01T01:28Z,118,gA,1.899
2026-09-01T01:28Z,118,gP,1.979
2026-09-01T01:28Z,118,g98e5,1.999
2026-09-01T01:28Z,121,g95e5,1.879
2026-09-01T01:28Z,121,gA,1.899
2026-09-01T01:28Z,121,gP,1.969
2026-09-01T01:28Z,121,g98e5,1.999
2026-09-01T01:28Z,121,gB,1.729
2026-09-01T01:28Z,140,g95e5,1.879
2026-09-01T01:28Z,140,gA,1.899
2026-09-01T01:28Z,140,gP,1.969
2026-09-01T01:28Z,140,g98e5,1.999
2026-09-01T01:28Z,140,gB,1.729
2026-09-01T01:28Z,158,g95e5,1.679
2026-09-01T01:28Z,158,gA,1.638
2026-09-01T01:28Z,158,gP,1.648
2026-09-01T01:28Z,158,g95e5p,1.689
2026-09-01T01:28Z,222,g95e5,1.839
2026-09-01T01:28Z,222,gA,1.793
2026-09-01T01:28Z,222,gP,1.873
2026-09-01T01:28Z,253,gA,1.834
2026-09-01T01:28Z,253,gP,1.884
2026-09-01T01:28Z,256,g95e5,1.749
2026-09-01T01:28Z,256,gA,1.699
2026-09-01T01:28Z,256,gP,1.769
2026-09-01T01:28Z,256,g98e5,1.859
2026-09-01T01:28Z,258,g95e5,1.795
2026-09-01T01:28Z,258,gA,1.755
2026-09-01T01:28Z,258,g98e5,1.895
2026-09-01T01:28Z,269,g95e5,1.898
2026-09-01T01:28Z,269,gA,1.828
2026-09-01T01:28Z,269,gP,1.898
2026-09-01T01:28Z,269,g98e5,1.998
2026-09-01T01:28Z,301,g95e5,1.759
2026-09-01T01:28Z,308,g95e5,1.719
2026-09-01T01:28Z,308,g95e5p,1.769
2026-09-01T01:28Z,320,g95e5,1.855
2026-09-01T01:28Z,320,g98e5,1.975
2026-09-01T01:28Z,343,g95e5,1.699
2026-09-01T01:28Z,343,gA,1.588
2026-09-01T01:28Z,343,gP,1.598
2026-09-01T01:28Z,343,g95e5p,1.709
2026-09-01T01:28Z,361,g95e5,1.759
2026-09-01T01:28Z,361,g95e5p,1.809
2026-09-01T01:28Z,392,g95e5,1.948
2026-09-01T01:28Z,392,gA,1.848
2026-09-01T01:28Z,392,g98e5,2.098
2026-09-01T01:28Z,407,g95e5,1.889
2026-09-01T01:28Z,407,gA,1.849
2026-09-01T01:28Z,407,gP,1.919
2026-09-01T01:28Z,407,g98e5,2.009
2026-09-01T01:28Z,413,g95e5,1.889
2026-09-01T01:28Z,413,gA,1.849
2026-09-01T01:28Z,413,gP,1.919
2026-09-01T01:28Z,413,g98e5,2.009
2026-09-01T01:28Z,415,g95e5,1.819
2026-09-01T01:28Z,415,gA,1.814
2026-09-01T01:28Z,415,gP,1.864
2026-09-01T01:28Z,419,g95e5,1.899
2026-09-01T01:28Z,419,gA,1.828
2026-09-01T01:28Z,419,gP,1.908
2026-09-01T01:28Z,419,g98e5,2.025
2026-09-01T01:28Z,436,gA,1.899
2026-09-01T01:28Z,436,gP,1.949
2026-09-01T01:28Z,437,g95e5,1.828
2026-09-01T01:28Z,437,gA,1.778
2026-09-01T01:28Z,437,gP,1.844
2026-09-01T01:28Z,437,g98e5,1.967
2026-09-01T01:28Z,448,g95e5,1.848
2026-09-01T01:28Z,448,gA,1.889
2026-09-01T01:28Z,448,gP,1.929
2026-09-01T01:28Z,448,g98e5,1.939
2026-09-01T01:28Z,508,g95e5,1.789
2026-09-01T01:28Z,508,gA,1.839
2026-09-01T01:28Z,508,gP,1.889
2026-09-01T01:28Z,513,g95e5,1.879
2026-09-01T01:28Z,513,gA,1.809
2026-09-01T01:28Z,513,gP,1.869
2026-09-01T01:28Z,513,g95e5p,1.940
2026-09-01T01:28Z,519,g95e5,1.900
2026-09-01T01:28Z,519,gA,1.799
2026-09-01T01:28Z,519,g98e5,2.059
2026-09-01T01:28Z,519,gB,1.689
2026-09-01T01:28Z,525,g95e5,1.839
2026-09-01T01:28Z,525,gA,1.799
2026-09-01T01:28Z,525,gP,1.904
2026-09-01T01:28Z,526,g95e5,1.879
2026-09-01T01:28Z,526,gA,1.809
2026-09-01T01:28Z,526,gP,1.849
2026-09-01T01:28Z,526,g98e5,2.029
2026-09-01T01:28Z,530,g95e5,1.719
2026-09-01T01:28Z,530,gA,1.668
2026-09-01T01:28Z,530,gP,1.678
2026-09-01T01:28Z,543,g95e5,1.829
2026-09-01T01:28Z,543,gA,1.969
2026-09-01T01:28Z,543,gP,2.019
2026-09-01T01:28Z,543,g95e5p,1.879
2026-09-01T01:28Z,546,g95e5,1.689
2026-09-01T01:28Z,546,gA,1.649
2026-09-01T01:28Z,579,g95e5,1.779
2026-09-01T01:28Z,579,gA,1.678
2026-09-01T01:28Z,579,gP,1.688
2026-09-01T01:28Z,591,g95e5,1.859
2026-09-01T01:28Z,591,gA,1.879
2026-09-01T01:28Z,591,g98e5,2.029
2026-09-01T01:28Z,652,g95e5,1.779
2026-09-01T01:28Z,652,gA,1.919
2026-09-01T01:28Z,652,gP,2.009
2026-09-01T01:28Z,652,g95e5p,1.829
2026-09-01T01:28Z,659,g95e5,1.875
2026-09-01T01:28Z,659,gA,1.848
2026-09-01T01:28Z,659,gP,1.918
2026-09-01T01:28Z,659,g98e5,1.985
2026-09-01T01:28Z,660,g95e5,1.719
2026-09-01T01:28Z,660,gA,1.638
2026-09-01T01:28Z,660,gP,1.738
2026-09-01T01:28Z,660,g98e5,1.919
2026-09-01T01:28Z,670,g95e5,1.774
2026-09-01T01:28Z,670,gA,1.718
2026-09-01T01:28Z,670,gP,1.798
2026-09-01T01:28Z,670,g98e5,1.914
2026-09-01T01:28Z,675,g95e5,1.719
2026-09-01T01:28Z,675,g95e5p,1.769
2026-09-01T01:28Z,690,g95e5,1.849
2026-09-01T01:28Z,690,gA,1.819
2026-09-01T01:28Z,690,gP,1.879
2026-09-01T01:28Z,690,g98e5,2.019
2026-09-01T01:28Z,694,gA,1.779
2026-09-01T01:28Z,694,gP,1.819
2026-09-01T01:28Z,699,gA,1.819
2026-09-01T01:28Z,699,gP,1.859
2026-09-01T01:28Z,748,g95e5,1.699
2026-09-01T01:28Z,748,gA,1.659
2026-09-01T01:28Z,831,g95e5,1.834
2026-09-01T01:28Z,831,gA,1.929
2026-09-01T01:28Z,831,gP,1.979
2026-09-01T01:28Z,831,g95e5p,1.884
2026-09-01T01:28Z,832,gA,1.905
2026-09-01T01:28Z,839,g95e5,1.719
2026-09-01T01:28Z,839,gA,1.669
2026-09-01T01:28Z,839,gP,1.749
2026-09-01T01:28Z,839,g98e5,1.839
2026-09-01T01:28Z,854,g95e5,1.749
2026-09-01T01:28Z,854,gA,1.699
2026-09-01T01:28Z,854,g98e5,1.819
2026-09-01T01:28Z,871,gA,1.799
2026-09-01T01:28Z,871,gP,1.839
2026-09-01T01:28Z,876,g95e5,1.839
2026-09-01T01:28Z,876,gA,1.778
2026-09-01T01:28Z,876,gP,1.858
2026-09-01T01:28Z,876,g98e5,1.979
2026-09-01T01:28Z,890,g95e5,1.859
2026-09-01T01:28Z,890,gA,1.859
2026-09-01T01:28Z,890,g98e5,2.029
2026-09-01T01:28Z,923,g95e5,1.786
2026-09-01T01:28Z,923,gA,1.698
2026-09-01T01:28Z,923,gP,1.708
2026-09-01T01:28Z,923,g95e5p,1.796
2026-09-01T01:28Z,946,g95e5,1.819
2026-09-01T01:28Z,947,gA,1.959
2026-09-01T01:28Z,947,gP,2.009
2026-09-01T01:28Z,950,g95e5,1.829
2026-09-01T01:28Z,950,gA,1.964
2026-09-01T01:28Z,950,gP,2.014
2026-09-01T01:28Z,950,g95e5p,1.879
2026-09-01T01:28Z,950,gB,1.744
2026-09-01T01:28Z,955,g95e5,1.856
2026-09-01T01:28Z,955,gA,1.859
2026-09-01T01:28Z,955,gP,1.944
2026-09-01T01:28Z,955,g98e5,2.010
2026-09-01T01:28Z,955,gB,1.649
2026-09-01T01:28Z,963,gA,1.828
2026-09-01T01:28Z,963,gP,1.908
2026-09-01T01:28Z,963,g95e5p,2.025
2026-09-01T01:28Z,963,g95e10,1.899
2026-09-01T01:28Z,967,g95e5,1.879
2026-09-01T01:28Z,967,gA,1.829
2026-09-01T01:28Z,967,gP,1.949
2026-09-01T01:28Z,1002,g95e5,1.815
2026-09-01T01:28Z,1002,gA,1.748
2026-09-01T01:28Z,1002,gP,1.828
2026-09-01T01:28Z,1002,g98e5,1.955
2026-09-01T01:28Z,1020,g95e5,1.679
2026-09-01T01:28Z,1020,gA,1.659
2026-09-01T01:28Z,1025,gA,1.749
2026-09-01T01:28Z,1025,gP,1.789
2026-09-01T01:28Z,1026,gA,1.749
2026-09-01T01:28Z,1026,gP,1.789
2026-09-01T01:28Z,1029,g95e5,1.674
2026-09-01T01:28Z,1029,gA,1.714
2026-09-01T01:28Z,1043,g95e5,1.889
2026-09-01T01:28Z,1043,gA,1.849
2026-09-01T01:28Z,1043,gP,1.939
2026-09-01T01:28Z,1043,g98e5,2.019
2026-09-01T01:28Z,1059,g95e5,1.699
2026-09-01T01:28Z,1059,gA,1.618
2026-09-01T01:28Z,1059,gP,1.628
2026-09-01T01:28Z,1065,g95e5,1.739
2026-09-01T01:28Z,1065,gA,1.638
2026-09-01T01:28Z,1065,gP,1.738
2026-09-01T01:28Z,1065,g98e5,1.939
2026-09-01T01:28Z,1068,g95e5,1.669
2026-09-01T01:28Z,1068,gA,1.588
2026-09-01T01:28Z,1068,gP,1.598
2026-09-01T01:28Z,1068,g95e5p,1.679
2026-09-01T01:28Z,1073,g95e5,1.739
2026-09-01T01:28Z,1073,gA,1.658
2026-09-01T01:28Z,1073,gP,1.668
2026-09-01T01:28Z,1073,g95e5p,1.749
2026-09-01T01:28Z,1093,g95e5,1.759
2026-09-01T01:28Z,1093,gA,1.708
2026-09-01T01:28Z,1093,gP,1.718
2026-09-01T01:28Z,1093,g95e5p,1.769
2026-09-01T01:28Z,1109,g95e5,1.779
2026-09-01T01:28Z,1109,gA,1.658
2026-09-01T01:28Z,1109,gP,1.668
2026-09-01T01:28Z,1118,g95e5,1.739
2026-09-01T01:28Z,1118,gA,1.679
2026-09-01T01:28Z,1118,gP,1.709
2026-09-01T01:28Z,1171,g95e5,1.599
2026-09-01T01:28Z,1171,gA,1.585
2026-09-01T01:28Z,1174,g95e5,1.654
2026-09-01T01:28Z,1250,g95e5,1.884
2026-09-01T01:28Z,1250,gA,1.813
2026-09-01T01:28Z,1250,gP,1.893
2026-09-01T01:28Z,1250,g98e5,2.024
2026-09-01T01:28Z,1257,g95e5,1.779
2026-09-01T01:28Z,1257,gA,1.729
2026-09-01T01:28Z,1257,gP,1.819
2026-09-01T01:28Z,1257,g98e5,1.959
2026-09-01T01:28Z,1265,gA,1.649
2026-09-01T01:28Z,1267,g95e5,1.794
2026-09-01T01:28Z,1267,gA,1.678
2026-09-01T01:28Z,1267,gP,1.758
2026-09-01T01:28Z,1267,g98e5,1.934
2026-09-01T01:28Z,1371,g95e5,1.879
2026-09-01T01:28Z,1371,gA,1.799
2026-09-01T01:28Z,1377,gA,1.784
2026-09-01T01:28Z,1438,g95e5,1.859
2026-09-01T01:28Z,1438,gA,1.829
2026-09-01T01:28Z,1438,gP,1.899
2026-09-01T01:28Z,1438,g98e5,1.969
2026-09-01T01:28Z,1441,g95e5,1.859
2026-09-01T01:28Z,1441,gA,1.829
2026-09-01T01:28Z,1441,gP,1.899
2026-09-01T01:28Z,1441,g95e5p,1.949
2026-09-01T01:28Z,1471,g95e5,1.835
2026-09-01T01:28Z,1471,gA,1.758
2026-09-01T01:28Z,1473,g95e5,1.629
2026-09-01T01:28Z,1473,gA,1.707
2026-09-01T01:28Z,1488,g95e5,1.889
2026-09-01T01:28Z,1488,gA,1.799
2026-09-01T01:28Z,1488,gP,1.889
2026-09-01T01:28Z,1488,g95e5p,1.979
2026-09-01T01:28Z,1492,g95e5,1.885
2026-09-01T01:28Z,1492,gA,1.798
2026-09-01T01:28Z,1492,gP,1.918
2026-09-01T01:28Z,1493,g95e5,1.865
2026-09-01T01:28Z,1493,gA,1.788
2026-09-01T01:28Z,1493,gP,1.908
2026-09-01T01:28Z,1494,g95e5,1.709
2026-09-01T01:28Z,1494,gA,1.668
2026-09-01T01:28Z,1494,gP,1.678
2026-09-01T01:28Z,1494,g95e5p,1.719
2026-09-01T01:28Z,1495,g95e5,1.865
2026-09-01T01:28Z,1495,gA,1.788
2026-09-01T01:28Z,1495,gP,1.908
2026-09-01T01:28Z,1513,g95e5,1.879
2026-09-01T01:28Z,1513,gA,1.829
2026-09-01T01:28Z,1513,g98e5,2.019
2026-09-01T01:28Z,1570,g95e5,1.758
2026-09-01T01:28Z,1570,gA,1.838
2026-09-01T01:28Z,1570,gB,1.358
2026-09-01T01:28Z,1573,g95e5,1.829
2026-09-01T01:28Z,1573,gA,1.798
2026-09-01T01:28Z,1573,gP,1.858
2026-09-01T01:28Z,1573,g98e5,1.999
2026-09-01T01:28Z,1584,g95e5,1.859
2026-09-01T01:28Z,1584,gA,1.793
2026-09-01T01:28Z,1584,gP,1.873
2026-09-01T01:28Z,1585,g95e5,1.749
2026-09-01T01:28Z,1585,gA,1.728
2026-09-01T01:28Z,1585,gP,1.808
2026-09-01T01:28Z,1585,g98e5,1.889
2026-09-01T01:28Z,1616,g95e5,1.859
2026-09-01T01:28Z,1616,gA,1.793
2026-09-01T01:28Z,1616,gP,1.873
2026-09-01T01:28Z,1619,g95e5,1.749
2026-09-01T01:28Z,1619,gA,1.728
2026-09-01T01:28Z,1619,gP,1.808
2026-09-01T01:28Z,1619,g98e5,1.889
2026-09-01T01:28Z,1635,g95e5,1.624
2026-09-01T01:28Z,1636,gB,1.534
2026-09-01T01:28Z,1671,g95e5,1.659
2026-09-01T01:28Z,1671,gA,1.579
2026-09-01T01:28Z,1671,g98e5,1.759
2026-09-01T01:28Z,1671,bio,1.549
2026-09-01T01:28Z,1673,g95e5,1.589
2026-09-01T01:28Z,1673,gA,1.637
2026-09-01T01:28Z,1687,gA,1.779
2026-09-01T01:28Z,1687,gP,1.819
2026-09-01T01:28Z,1688,gA,1.719
2026-09-01T01:28Z,1688,gP,1.759
2026-09-01T01:28Z,1689,gA,1.819
2026-09-01T01:28Z,1689,gP,1.859
2026-09-01T01:28Z,1690,gA,1.599
2026-09-01T01:28Z,1690,gP,1.639
2026-09-01T01:28Z,1692,g95e5,1.624
2026-09-01T01:28Z,1694,gA,1.739
2026-09-01T01:28Z,1694,gP,1.779
2026-09-01T01:28Z,1695,gA,1.779
2026-09-01T01:28Z,1695,gP,1.819
2026-09-01T01:28Z,1698,gA,1.629
2026-09-01T01:28Z,1698,gP,1.669
2026-09-01T01:28Z,1707,g95e5,1.689
2026-09-01T01:28Z,1707,gA,1.648
2026-09-01T01:28Z,1713,g95e5,1.759
2026-09-01T01:28Z,1713,gA,1.648
2026-09-01T01:28Z,1718,gA,1.609
2026-09-01T01:28Z,1718,gP,1.649
2026-09-01T01:28Z,1724,g95e5,1.799
2026-09-01T01:28Z,1724,gA,1.799
2026-09-01T01:28Z,1724,gP,1.849
2026-09-01T01:28Z,1724,g98e5,1.919
2026-09-01T01:28Z,1728,gA,1.729
2026-09-01T01:28Z,1728,gP,1.769
2026-09-01T01:28Z,1778,g95e5,1.719
2026-09-01T01:28Z,1778,g98e5,1.859
2026-09-01T01:28Z,1783,g95e5,1.638
2026-09-01T01:28Z,1783,gA,1.654
2026-09-01T01:28Z,1783,gP,1.664
2026-09-01T01:28Z,1783,g95e5p,1.648
2026-09-01T01:28Z,1788,g95e5,1.794
2026-09-01T01:28Z,1788,gA,1.829
2026-09-01T01:28Z,1788,gP,1.919
2026-09-01T01:28Z,1788,g98e5,1.934
2026-09-01T01:28Z,1791,g95e5,1.599
2026-09-01T01:28Z,1791,gA,1.638
2026-09-01T01:28Z,1791,gP,1.648
2026-09-01T01:28Z,1791,g95e5p,1.609
2026-09-01T01:28Z,1798,g95e5,1.839
2026-09-01T01:28Z,1798,gA,1.814
2026-09-01T01:28Z,1798,g98e5,1.979
2026-09-01T01:28Z,1864,g95e5,1.659
2026-09-01T01:28Z,1864,g98e5,1.769
2026-09-01T01:28Z,1913,g95e5,1.649
2026-09-01T01:28Z,1913,gA,1.739
2026-09-01T01:28Z,1925,g95e5,1.719
2026-09-01T01:28Z,1925,g98e5,1.789
2026-09-01T01:28Z,1935,g95e5,1.859
2026-09-01T01:28Z,1935,gA,1.783
2026-09-01T01:28Z,1935,gP,1.863
2026-09-01T01:28Z,1935,g98e5,1.999
2026-09-01T01:28Z,1936,g95e5,1.829
2026-09-01T01:28Z,1936,gA,1.809
2026-09-01T01:28Z,1936,gP,1.899
2026-09-01T01:28Z,1948,gA,1.799
2026-09-01T01:28Z,1948,gP,1.839
2026-09-01T01:28Z,1949,gA,1.799
2026-09-01T01:28Z,1949,gP,1.839
2026-09-01T01:28Z,1950,gA,1.769
2026-09-01T01:28Z,1950,gP,1.809
2026-09-01T01:28Z,1951,gA,1.799
2026-09-01T01:28Z,1951,gP,1.839
2026-09-01T01:28Z,1953,gA,1.749
2026-09-01T01:28Z,1953,gP,1.789
2026-09-01T01:28Z,1954,gA,1.699
2026-09-01T01:28Z,1954,gP,1.739
2026-09-01T01:28Z,1956,gA,1.609
2026-09-01T01:28Z,1956,gP,1.649
2026-09-01T01:28Z,1961,g95e5,1.627
2026-09-01T01:28Z,1961,gA,1.659
2026-09-01T01:28Z,1990,g95e5,1.889
2026-09-01T01:28Z,1990,gA,1.789
2026-09-01T01:28Z,1990,gP,1.889
2026-09-01T01:28Z,1990,g98e5,2.039
2026-09-01T01:28Z,1990,g95e5p,1.989
2026-09-01T01:28Z,2066,g95e5,1.659
2026-09-01T01:28Z,2066,g98e5,1.789
2026-09-01T01:28Z,2069,g95e5,1.899
2026-09-01T01:28Z,2069,gA,1.809
2026-09-01T01:28Z,2069,gP,1.899
2026-09-01T01:28Z,2069,g98e5,2.029
2026-09-01T01:28Z,2093,g95e5,1.624
2026-09-01T01:28Z,2167,g95e5,1.899
2026-09-01T01:28Z,2167,gA,1.879
2026-09-01T01:28Z,2167,gP,1.949
2026-09-01T01:28Z,2167,g98e5,2.019
2026-09-01T01:28Z,2202,g95e5,1.749
2026-09-01T01:28Z,2202,gA,1.679
2026-09-01T01:28Z,2202,gP,1.709
2026-09-01T01:28Z,2202,gB,1.469
2026-09-01T01:28Z,2228,g95e5,1.659
2026-09-01T01:28Z,2228,gA,1.668
2026-09-01T01:28Z,2228,gP,1.678
2026-09-01T01:28Z,2228,g95e5p,1.669
2026-09-01T01:28Z,2265,g95e5,1.699
2026-09-01T01:28Z,2265,gA,1.779
2026-09-01T01:28Z,2265,gP,1.829
2026-09-01T01:28Z,2265,g98e5,1.909
2026-09-01T01:28Z,2267,g95e5,1.629
2026-09-01T01:28Z,2267,gA,1.679
2026-09-01T01:28Z,2283,g95e5,1.659
2026-09-01T01:28Z,2283,gA,1.678
2026-09-01T01:28Z,2283,gP,1.688
2026-09-01T01:28Z,2283,g95e5p,1.669
2026-09-01T01:28Z,2284,g95e5,1.659
2026-09-01T01:28Z,2284,gA,1.678
2026-09-01T01:28Z,2284,gP,1.688
2026-09-01T01:28Z,2284,g95e5p,1.669
2026-09-01T01:28Z,2297,g95e5,1.699
2026-09-01T01:28Z,2297,gA,1.638
2026-09-01T01:28Z,2297,gP,1.648
2026-09-01T01:28Z,2297,g95e5p,1.709
2026-09-01T01:28Z,2302,g95e5,1.899
2026-09-01T01:28Z,2302,gA,1.809
2026-09-01T01:28Z,2302,gP,1.899
2026-09-01T01:28Z,2302,g98e5,2.029
2026-09-01T01:28Z,2310,g95e5,1.669
2026-09-01T01:28Z,2310,gA,1.608
2026-09-01T01:28Z,2310,gP,1.618
2026-09-01T01:28Z,2310,g95e5p,1.679
2026-09-01T01:28Z,2336,g95e5,1.775
2026-09-01T01:28Z,2336,gA,1.754
2026-09-01T01:28Z,2336,gP,1.814
2026-09-01T01:28Z,2336,g98e5,1.925
2026-09-01T01:28Z,2343,g95e5,1.784
2026-09-01T01:28Z,2343,gA,1.764
2026-09-01T01:28Z,2343,gP,1.825
2026-09-01T01:28Z,2343,g98e5,1.889
2026-09-01T01:28Z,2354,g95e5,1.899
2026-09-01T01:28Z,2354,gA,1.799
2026-09-01T01:28Z,2354,gP,1.889
2026-09-01T01:28Z,2354,g98e5,2.039
2026-09-01T01:28Z,2360,g95e5,1.828
2026-09-01T01:28Z,2360,gA,1.798
2026-09-01T01:28Z,2361,g95e5,1.828
2026-09-01T01:28Z,2361,gA,1.798
2026-09-01T01:28Z,2440,g95e5,1.854
2026-09-01T01:28Z,2440,g98e5,1.994
2026-09-01T01:28Z,2455,g95e5,1.638
2026-09-01T01:28Z,2455,gA,1.654
2026-09-01T01:28Z,2455,gP,1.664
2026-09-01T01:28Z,2455,g95e5p,1.648
2026-09-01T01:28Z,2523,g95e5,1.679
2026-09-01T01:28Z,2523,gA,1.628
2026-09-01T01:28Z,2523,gP,1.638
2026-09-01T01:28Z,2523,g95e5p,1.689
2026-09-01T01:28Z,2547,g95e5,1.899
2026-09-01T01:28Z,2547,gA,1.809
2026-09-01T01:28Z,2547,gP,1.899
2026-09-01T01:28Z,2547,g98e5,2.029
2026-09-01T01:28Z,2623,g95e5,1.909
2026-09-01T01:28Z,2623,gA,1.889
2026-09-01T01:28Z,2623,gP,1.949
2026-09-01T01:28Z,2623,g95e5p,2.019
2026-09-01T01:28Z,2641,g95e5,1.899
2026-09-01T01:28Z,2641,gA,1.863
2026-09-01T01:28Z,2641,gP,1.943
2026-09-01T01:28Z,2641,g98e5,2.039
2026-09-01T01:28Z,2672,g95e5,1.799
2026-09-01T01:28Z,2672,gA,1.748
2026-09-01T01:28Z,2672,gP,1.758
2026-09-01T01:28Z,2672,g95e5p,1.809
2026-09-01T01:28Z,2790,g95e5,1.709
2026-09-01T01:28Z,2790,gA,1.648
2026-09-01T01:28Z,2846,g95e5,1.659
2026-09-01T01:28Z,2846,gA,1.639
2026-09-01T01:28Z,2846,g98e5,1.819
2026-09-01T01:28Z,2846,bio,1.579
2026-09-01T01:28Z,2847,g95e5,1.794
2026-09-01T01:28Z,2847,gA,1.769
2026-09-01T01:28Z,2847,g98e5,1.934
2026-09-01T01:28Z,2848,g95e5,1.759
2026-09-01T01:28Z,2848,gA,1.778
2026-09-01T01:28Z,2848,gP,1.858
2026-09-01T01:28Z,2848,g98e5,1.899
2026-09-01T01:28Z,2849,g95e5,1.759
2026-09-01T01:28Z,2849,gA,1.708
2026-09-01T01:28Z,2849,gP,1.788
2026-09-01T01:28Z,2849,g98e5,1.899
2026-09-01T01:28Z,2854,g95e5,1.915
2026-09-01T01:28Z,2854,gA,1.848
2026-09-01T01:28Z,2854,gP,1.968
2026-09-01T01:28Z,2854,g95e5p,1.990
2026-09-01T01:28Z,2854,gB,1.699
2026-09-01T01:28Z,2869,g95e5,1.719
2026-09-01T01:28Z,2869,gA,1.668
2026-09-01T01:28Z,2869,gP,1.678
2026-09-01T01:28Z,2869,g95e5p,1.729
2026-09-01T01:28Z,2870,g95e5,1.649
2026-09-01T01:28Z,2870,gA,1.628
2026-09-01T01:28Z,2870,gP,1.638
2026-09-01T01:28Z,2870,g95e5p,1.659
2026-09-01T01:28Z,2881,g95e5,1.699
2026-09-01T01:28Z,2881,gA,1.698
2026-09-01T01:28Z,2881,gP,1.708
2026-09-01T01:28Z,2881,g95e5p,1.709
2026-09-01T01:28Z,2917,g95e5,1.819
2026-09-01T01:28Z,2917,gA,1.778
2026-09-01T01:28Z,2917,gP,1.858
2026-09-01T01:28Z,2917,g98e5,1.959
2026-09-01T01:28Z,2926,g95e5,1.749
2026-09-01T01:28Z,2926,g95e5p,1.799
2026-09-01T01:28Z,2929,g95e5,1.724
2026-09-01T01:28Z,2929,g98e5,1.864
2026-09-01T01:28Z,2933,g95e5,1.639
2026-09-01T01:28Z,2933,gA,1.618
2026-09-01T01:28Z,2933,gP,1.628
2026-09-01T01:28Z,2933,g95e5p,1.649
2026-09-01T01:28Z,2934,g95e5,1.639
2026-09-01T01:28Z,2934,gA,1.618
2026-09-01T01:28Z,2934,gP,1.628
2026-09-01T01:28Z,2934,g95e5p,1.649
2026-09-01T01:28Z,2944,g95e5,1.607
2026-09-01T01:28Z,2944,gA,1.555
2026-09-01T01:28Z,2948,g95e5,1.899
2026-09-01T01:28Z,2948,gA,1.829
2026-09-01T01:28Z,2948,gP,1.919
2026-09-01T01:28Z,2948,g98e5,2.025
2026-09-01T01:28Z,2948,g95e5p,1.980
2026-09-01T01:28Z,2949,g95e5,1.875
2026-09-01T01:28Z,2949,gA,1.828
2026-09-01T01:28Z,2949,gP,1.918
2026-09-01T01:28Z,2949,g95e5p,1.960
2026-09-01T01:28Z,2976,g95e5,1.659
2026-09-01T01:28Z,2976,gA,1.668
2026-09-01T01:28Z,2976,gP,1.678
2026-09-01T01:28Z,2976,g95e5p,1.669
2026-09-01T01:28Z,2999,g95e5,1.709
2026-09-01T01:28Z,2999,gA,1.629
2026-09-01T01:28Z,2999,g98e5,1.759
2026-09-01T01:28Z,2999,bio,1.579
2026-09-01T01:28Z,3002,g95e5,1.629
2026-09-01T01:28Z,3002,gA,1.649
2026-09-01T01:28Z,3006,g95e5,1.699
2026-09-01T01:28Z,3006,gA,1.619
2026-09-01T01:28Z,3006,g98e5,1.799
2026-09-01T01:28Z,3006,bio,1.579
2026-09-01T01:28Z,3023,g95e5,1.759
2026-09-01T01:28Z,3023,gA,1.629
2026-09-01T01:28Z,3023,g98e5,1.809
2026-09-01T01:28Z,3023,bio,1.579
2026-09-01T01:28Z,3024,g95e5,1.624
2026-09-01T01:28Z,3026,g95e5,1.619
2026-09-01T01:28Z,3026,gA,1.559
2026-09-01T01:28Z,3026,g98e5,1.759
2026-09-01T01:28Z,3026,bio,1.539
2026-09-01T01:28Z,3058,gA,1.759
2026-09-01T01:28Z,3058,gP,1.799
2026-09-01T01:28Z,3059,gA,1.649
2026-09-01T01:28Z,3059,gP,1.689
2026-09-01T01:28Z,3061,g95e5,1.734
2026-09-01T01:28Z,3061,g98e5,1.844
2026-09-01T01:28Z,3074,g95e5,1.809
2026-09-01T01:28Z,3074,gA,1.939
2026-09-01T01:28Z,3074,gP,1.989
2026-09-01T01:28Z,3074,g98e5,1.949
2026-09-01T01:28Z,3081,gA,1.799
2026-09-01T01:28Z,3081,gP,1.839
2026-09-01T01:28Z,3082,gA,1.799
2026-09-01T01:28Z,3082,gP,1.839
2026-09-01T01:28Z,3083,gA,1.789
2026-09-01T01:28Z,3083,gP,1.829
2026-09-01T01:28Z,3084,gA,1.799
2026-09-01T01:28Z,3084,gP,1.839
2026-09-01T01:28Z,3085,gA,1.799
2026-09-01T01:28Z,3085,gP,1.839
2026-09-01T01:28Z,3090,g95e5,1.799
2026-09-01T01:28Z,3090,gA,1.708
2026-09-01T01:28Z,3090,gP,1.788
2026-09-01T01:28Z,3090,g98e5,1.939
2026-09-01T01:28Z,3092,g95e5,1.649
2026-09-01T01:28Z,3092,gA,1.669
2026-09-01T01:28Z,3093,g95e5,1.890
2026-09-01T01:28Z,3093,gA,1.833
2026-09-01T01:28Z,3093,gP,1.928
2026-09-01T01:28Z,3098,g95e5,1.649
2026-09-01T01:28Z,3098,gA,1.669
2026-09-01T01:28Z,3099,g95e5,1.748
2026-09-01T01:28Z,3099,gA,1.684
2026-09-01T01:28Z,3099,gP,1.694
2026-09-01T01:28Z,3108,g95e5,1.844
2026-09-01T01:28Z,3108,gA,1.828
2026-09-01T01:28Z,3108,gP,1.908
2026-09-01T01:28Z,3108,g98e5,1.984
2026-09-01T01:28Z,3153,g95e5,1.619
2026-09-01T01:28Z,3153,gA,1.628
2026-09-01T01:28Z,3153,gP,1.638
2026-09-01T01:28Z,3153,g95e5p,1.629
2026-09-01T01:28Z,3154,g95e5,1.709
2026-09-01T01:28Z,3154,gA,1.658
2026-09-01T01:28Z,3154,gP,1.668
2026-09-01T01:28Z,3154,g95e5p,1.719
2026-09-01T01:28Z,3194,g95e5,1.719
2026-09-01T01:28Z,3194,gA,1.668
2026-09-01T01:28Z,3194,gP,1.678
2026-09-01T01:28Z,3195,g95e5,1.719
2026-09-01T01:28Z,3195,gA,1.668
2026-09-01T01:28Z,3195,gP,1.678
2026-09-01T01:28Z,3204,g95e5,1.859
2026-09-01T01:28Z,3204,gA,1.809
2026-09-01T01:28Z,3204,g98e5,1.959
2026-09-01T01:28Z,3213,g95e5,1.749
2026-09-01T01:28Z,3213,gA,1.718
2026-09-01T01:28Z,3213,gP,1.728
2026-09-01T01:28Z,3216,g95e5,1.674
2026-09-01T01:28Z,3286,g95e5,1.880
2026-09-01T01:28Z,3286,gA,1.778
2026-09-01T01:28Z,3286,g98e5,2.030
2026-09-01T01:28Z,3291,g95e5,1.679
2026-09-01T01:28Z,3291,gA,1.638
2026-09-01T01:28Z,3291,gP,1.648
2026-09-01T01:28Z,3291,g95e5p,1.689
2026-09-01T01:28Z,3304,g95e5,1.819
2026-09-01T01:28Z,3304,gA,1.899
2026-09-01T01:28Z,3304,gP,1.949
2026-09-01T01:28Z,3370,g95e5,1.659
2026-09-01T01:28Z,3370,gA,1.629
2026-09-01T01:28Z,3370,g98e5,1.759
2026-09-01T01:28Z,3370,bio,1.579
2026-09-01T01:28Z,3373,g95e5,1.759
2026-09-01T01:28Z,3373,gA,1.649
2026-09-01T01:28Z,3373,gP,1.679
2026-09-01T01:28Z,3373,g98e5,1.859
2026-09-01T01:28Z,3373,bio,1.619
2026-09-01T01:28Z,3374,g95e5,1.759
2026-09-01T01:28Z,3374,gA,1.679
2026-09-01T01:28Z,3374,g98e5,1.859
2026-09-01T01:28Z,3374,bio,1.579
2026-09-01T01:28Z,3374,gB,1.249
2026-09-01T01:28Z,3384,g95e5,1.879
2026-09-01T01:28Z,3384,gA,1.789
2026-09-01T01:28Z,3384,gP,1.899
2026-09-01T01:28Z,3384,g98e5,2.019
2026-09-01T01:28Z,3405,g95e5,1.879
2026-09-01T01:28Z,3405,gA,1.889
2026-09-01T01:28Z,3421,g95e5,1.699
2026-09-01T01:28Z,3421,gA,1.554
2026-09-01T01:28Z,3421,gP,1.564
2026-09-01T01:28Z,3421,g95e5p,1.709
2026-09-01T01:28Z,3423,g95e5,1.766
2026-09-01T01:28Z,3423,gA,1.676
2026-09-01T01:28Z,3423,gP,1.686
2026-09-01T01:28Z,3423,g95e5p,1.776
2026-09-01T01:28Z,3468,g95e5,1.895
2026-09-01T01:28Z,3468,gA,1.808
2026-09-01T01:28Z,3468,gP,1.908
2026-09-01T01:28Z,3468,g98e5,1.995
2026-09-01T01:28Z,3468,g95e5p,1.960
2026-09-01T01:28Z,3491,g95e5,1.850
2026-09-01T01:28Z,3491,gA,1.848
2026-09-01T01:28Z,3491,gP,1.918
2026-09-01T01:28Z,3496,gA,1.939
2026-09-01T01:28Z,3496,gP,2.029
2026-09-01T01:28Z,3498,gA,1.884
2026-09-01T01:28Z,3499,gA,1.934
2026-09-01T01:28Z,3499,gP,1.984
2026-09-01T01:28Z,3516,g95e5,1.829
2026-09-01T01:28Z,3516,gA,1.809
2026-09-01T01:28Z,3516,gP,1.899
2026-09-01T01:28Z,3516,g98e5,1.969
2026-09-01T01:28Z,3560,g95e5,1.899
2026-09-01T01:28Z,3560,gA,1.939
2026-09-01T01:28Z,3560,g98e5,2.039
2026-09-01T01:28Z,3560,gB,1.739
2026-09-01T01:28Z,3709,g95e5,1.729
2026-09-01T01:28Z,3709,gA,1.644
2026-09-01T01:28Z,3709,gP,1.654
2026-09-01T01:28Z,3709,g95e5p,1.739
2026-09-01T01:28Z,3713,gA,1.769
2026-09-01T01:28Z,3728,gA,1.819
2026-09-01T01:28Z,3728,gP,1.869
2026-09-01T01:28Z,3731,g95e5,1.729
2026-09-01T01:28Z,3731,gA,1.649
2026-09-01T01:28Z,3731,g98e5,1.829
2026-09-01T01:28Z,3731,bio,1.549
2026-09-01T01:28Z,3741,g95e5,1.829
2026-09-01T01:28Z,3741,gA,1.778
2026-09-01T01:28Z,3741,gP,1.858
2026-09-01T01:28Z,3741,g98e5,1.969
2026-09-01T01:28Z,3753,g95e5,1.839
2026-09-01T01:28Z,3753,gA,1.799
2026-09-01T01:28Z,3753,gP,1.889
2026-09-01T01:28Z,3758,gA,1.769
2026-09-01T01:28Z,3758,gP,1.809
2026-09-01T01:28Z,3761,g95e5,1.639
2026-09-01T01:28Z,3761,gA,1.729
2026-09-01T01:28Z,3771,gA,1.749
2026-09-01T01:28Z,3771,gP,1.789
2026-09-01T01:28Z,3772,gA,1.759
2026-09-01T01:28Z,3772,gP,1.799
2026-09-01T01:28Z,3773,gA,1.789
2026-09-01T01:28Z,3773,gP,1.829
2026-09-01T01:28Z,3774,gA,1.719
2026-09-01T01:28Z,3774,gP,1.759
2026-09-01T01:28Z,3775,gA,1.779
2026-09-01T01:28Z,3775,gP,1.819
2026-09-01T01:28Z,3779,gA,1.769
2026-09-01T01:28Z,3779,gP,1.809
2026-09-01T01:28Z,3780,gA,1.759
2026-09-01T01:28Z,3780,gP,1.799
2026-09-01T01:28Z,3800,g95e5,1.619
2026-09-01T01:28Z,3800,gA,1.649
2026-09-01T01:28Z,3833,g95e5,1.599
2026-09-01T01:28Z,3833,gA,1.568
2026-09-01T01:28Z,3833,gP,1.578
2026-09-01T01:28Z,3833,g95e5p,1.609
2026-09-01T01:28Z,3845,g95e5,1.759
2026-09-01T01:28Z,3845,gA,1.709
2026-09-01T01:28Z,3871,g95e5,1.609
2026-09-01T01:28Z,3871,gA,1.549
2026-09-01T01:28Z,3894,g95e5,1.875
2026-09-01T01:28Z,3894,gA,1.859
2026-09-01T01:28Z,3941,g95e5,1.915
2026-09-01T01:28Z,3941,gA,1.808
2026-09-01T01:28Z,3941,gP,1.878
2026-09-01T01:28Z,3941,g95e5p,1.950
2026-09-01T01:28Z,3945,g95e5,1.699
2026-09-01T01:28Z,3945,gA,1.598
2026-09-01T01:28Z,3945,gP,1.608
2026-09-01T01:28Z,3945,g95e5p,1.709
2026-09-01T01:28Z,3969,g95e5,1.619
2026-09-01T01:28Z,3969,gA,1.649
2026-09-01T01:28Z,3978,g95e5,1.619
2026-09-01T01:28Z,3978,gA,1.699
2026-09-01T01:28Z,3981,g95e5,1.905
2026-09-01T01:28Z,3981,gA,1.803
2026-09-01T01:28Z,3981,gP,1.873
2026-09-01T01:28Z,3981,g95e5p,1.990
2026-09-01T01:28Z,3993,gA,1.884
2026-09-01T01:28Z,3993,gP,1.974
2026-09-01T01:28Z,3997,g95e5,1.729
2026-09-01T01:28Z,3997,gA,1.648
2026-09-01T01:28Z,3997,gP,1.748
2026-09-01T01:28Z,3997,g98e5,1.929
2026-09-01T01:28Z,4001,g95e5,1.729
2026-09-01T01:28Z,4001,gA,1.658
2026-09-01T01:28Z,4001,gP,1.668
2026-09-01T01:28Z,4001,g95e5p,1.739
2026-09-01T01:28Z,4002,g95e5,1.637
2026-09-01T01:28Z,4002,gA,1.627
2026-09-01T01:28Z,4005,gA,1.954
2026-09-01T01:28Z,4005,gP,2.044
2026-09-01T01:28Z,4016,g95e5,1.869
2026-09-01T01:28Z,4016,gA,1.759
2026-09-01T01:28Z,4016,gP,1.859
2026-09-01T01:28Z,4016,g98e5,1.999
2026-09-01T01:28Z,4017,g95e5,1.619
2026-09-01T01:28Z,4017,gA,1.689
2026-09-01T01:28Z,4035,g95e5,1.627
2026-09-01T01:28Z,4035,gA,1.627
2026-09-01T01:28Z,4047,g95e5,1.627
2026-09-01T01:28Z,4047,gA,1.627
2026-09-01T01:28Z,4068,g95e5,1.869
2026-09-01T01:28Z,4068,gA,1.889
2026-09-01T01:28Z,4068,gP,1.979
2026-09-01T01:28Z,4068,g98e5,2.019
2026-09-01T01:28Z,4070,g95e5,1.619
2026-09-01T01:28Z,4070,gA,1.697
2026-09-01T01:28Z,4082,gA,1.820
2026-09-01T01:28Z,4082,gP,1.910
2026-09-01T01:28Z,4099,g95e5,1.619
2026-09-01T01:28Z,4099,gA,1.697
2026-09-01T01:28Z,4102,g95e5,1.749
2026-09-01T01:28Z,4102,gA,1.658
2026-09-01T01:28Z,4102,gP,1.668
2026-09-01T01:28Z,4102,g95e5p,1.759
2026-09-01T01:28Z,4116,g95e5,1.709
2026-09-01T01:28Z,4116,gA,1.629
2026-09-01T01:28Z,4116,g98e5,1.809
2026-09-01T01:28Z,4116,bio,1.529
2026-09-01T01:28Z,4119,g95e5,1.769
2026-09-01T01:28Z,4119,gA,1.759
2026-09-01T01:28Z,4128,g95e5,1.614
2026-09-01T01:28Z,4128,gA,1.599
2026-09-01T01:28Z,4145,g95e5,1.619
2026-09-01T01:28Z,4145,gA,1.629
2026-09-01T01:28Z,4151,gA,1.779
2026-09-01T01:28Z,4151,gP,1.819
2026-09-01T01:28Z,4153,gA,1.749
2026-09-01T01:28Z,4153,gP,1.789
2026-09-01T01:28Z,4158,gA,1.799
2026-09-01T01:28Z,4158,gP,1.889
2026-09-01T01:28Z,4168,g95e5,1.799
2026-09-01T01:28Z,4168,gA,1.799
2026-09-01T01:28Z,4170,g95e5,1.799
2026-09-01T01:28Z,4170,gA,1.799
2026-09-01T01:28Z,4170,gP,1.889
2026-09-01T01:28Z,4170,g98e5,1.939
2026-09-01T01:28Z,4171,g95e5,1.849
2026-09-01T01:28Z,4171,gA,1.788
2026-09-01T01:28Z,4171,gP,1.868
2026-09-01T01:28Z,4171,g98e5,1.989
2026-09-01T01:28Z,4182,g95e5,1.659
2026-09-01T01:28Z,4182,gA,1.649
2026-09-01T01:28Z,4189,g95e5,1.739
2026-09-01T01:28Z,4189,gA,1.648
2026-09-01T01:28Z,4189,gP,1.748
2026-09-01T01:28Z,4189,g98e5,1.939
2026-09-01T01:28Z,4190,gA,1.749
2026-09-01T01:28Z,4190,gP,1.789
2026-09-01T01:28Z,4195,g95e5,1.829
2026-09-01T01:28Z,4195,gA,1.889
2026-09-01T01:28Z,4195,g98e5,1.989
2026-09-01T01:28Z,4217,g95e5,1.899
2026-09-01T01:28Z,4217,gA,1.879
2026-09-01T01:28Z,4217,gP,1.979
2026-09-01T01:28Z,4217,g98e5,2.019
2026-09-01T01:28Z,4217,glp,1.019
2026-09-01T01:28Z,4220,gA,1.789
2026-09-01T01:28Z,4220,gP,1.879
2026-09-01T01:28Z,4224,g95e5,1.899
2026-09-01T01:28Z,4224,gA,1.879
2026-09-01T01:28Z,4224,gP,1.979
2026-09-01T01:28Z,4224,g98e5,2.019
2026-09-01T01:28Z,4241,g95e5,1.829
2026-09-01T01:28Z,4241,gA,1.889
2026-09-01T01:28Z,4241,g98e5,1.989
2026-09-01T01:28Z,4256,g95e5,1.799
2026-09-01T01:28Z,4256,gA,1.809
2026-09-01T01:28Z,4256,gP,1.899
2026-09-01T01:28Z,4256,g95e5p,1.889
2026-09-01T01:28Z,4281,g95e5,1.859
2026-09-01T01:28Z,4281,gA,1.889
2026-09-01T01:28Z,4281,gP,1.959
2026-09-01T01:28Z,4292,g95e5,1.849
2026-09-01T01:28Z,4292,gA,1.788
2026-09-01T01:28Z,4292,gP,1.868
2026-09-01T01:28Z,4292,g98e5,1.989
2026-09-01T01:28Z,4297,g95e5,1.709
2026-09-01T01:28Z,4297,gA,1.649
2026-09-01T01:28Z,4303,gA,1.789
2026-09-01T01:28Z,4303,gP,1.829
2026-09-01T01:28Z,4310,g95e5,1.779
2026-09-01T01:28Z,4310,gA,1.904
2026-09-01T01:28Z,4310,gP,1.954
2026-09-01T01:28Z,4310,g98e5,1.869
2026-09-01T01:28Z,4360,g95e5,1.699
2026-09-01T01:28Z,4360,gA,1.628
2026-09-01T01:28Z,4360,gP,1.638
2026-09-01T01:28Z,4361,g95e5,1.699
2026-09-01T01:28Z,4361,gA,1.628
2026-09-01T01:28Z,4361,gP,1.638
2026-09-01T01:28Z,4369,g95e5,1.619
2026-09-01T01:28Z,4369,gA,1.669
2026-09-01T01:28Z,4374,g95e5,1.739
2026-09-01T01:28Z,4374,gA,1.718
2026-09-01T01:28Z,4374,gP,1.728
2026-09-01T01:28Z,4383,g95e5,1.839
2026-09-01T01:28Z,4383,gA,1.808
2026-09-01T01:28Z,4383,gP,1.888
2026-09-01T01:28Z,4383,g98e5,1.979
2026-09-01T01:28Z,4396,g95e5,1.839
2026-09-01T01:28Z,4396,gA,1.879
2026-09-01T01:28Z,4399,g95e5,1.839
2026-09-01T01:28Z,4399,gA,1.879
2026-09-01T01:28Z,4414,g95e5,1.739
2026-09-01T01:28Z,4414,gA,1.718
2026-09-01T01:28Z,4414,gP,1.728
2026-09-01T01:28Z,4418,g95e5,1.879
2026-09-01T01:28Z,4418,gA,1.843
2026-09-01T01:28Z,4418,gP,1.923
2026-09-01T01:28Z,4418,g98e5,2.019
2026-09-01T01:28Z,4427,gA,1.789
2026-09-01T01:28Z,4427,gP,1.829
2026-09-01T01:28Z,4442,gA,1.769
2026-09-01T01:28Z,4442,gP,1.809
2026-09-01T01:28Z,4444,g95e5,1.749
2026-09-01T01:28Z,4444,gA,1.698
2026-09-01T01:28Z,4444,gP,1.708
2026-09-01T01:28Z,4444,g95e5p,1.759
2026-09-01T01:28Z,4455,g95e5,1.849
2026-09-01T01:28Z,4455,gA,1.758
2026-09-01T01:28Z,4455,gP,1.838
2026-09-01T01:28Z,4455,g98e5,1.989
2026-09-01T01:28Z,4464,g95e5,1.729
2026-09-01T01:28Z,4464,gA,1.668
2026-09-01T01:28Z,4464,gP,1.678
2026-09-01T01:28Z,4464,g95e5p,1.739
2026-09-01T01:28Z,4466,g95e5,1.860
2026-09-01T01:28Z,4466,gA,1.833
2026-09-01T01:28Z,4466,gP,1.918
2026-09-01T01:28Z,4466,g98e5,1.985
2026-09-01T01:28Z,4480,g95e5,1.859
2026-09-01T01:28Z,4480,gA,1.778
2026-09-01T01:28Z,4480,gP,1.858
2026-09-01T01:28Z,4480,g98e5,1.999
2026-09-01T01:28Z,4503,g95e5,1.899
2026-09-01T01:28Z,4503,gA,1.845
2026-09-01T01:28Z,4503,gP,1.939
2026-09-01T01:28Z,4535,g95e5,1.709
2026-09-01T01:28Z,4535,gA,1.668
2026-09-01T01:28Z,4535,gP,1.678
2026-09-01T01:28Z,4589,g95e5,1.749
2026-09-01T01:28Z,4589,gA,1.718
2026-09-01T01:28Z,4590,g95e5,1.739
2026-09-01T01:28Z,4590,gA,1.718
2026-09-01T01:28Z,4600,g95e5,1.859
2026-09-01T01:28Z,4600,gA,1.838
2026-09-01T01:28Z,4600,gP,1.918
2026-09-01T01:28Z,4600,g98e5,1.999
2026-09-01T01:28Z,4626,g95e5,1.879
2026-09-01T01:28Z,4626,gA,1.828
2026-09-01T01:28Z,4626,gP,1.908
2026-09-01T01:28Z,4626,g98e5,2.019
2026-09-01T01:28Z,4627,g95e5,1.659
2026-09-01T01:28Z,4627,gA,1.658
2026-09-01T01:28Z,4627,gP,1.668
2026-09-01T01:28Z,4627,g95e5p,1.669
2026-09-01T01:28Z,4650,g95e5,1.809
2026-09-01T01:28Z,4650,gA,1.758
2026-09-01T01:28Z,4650,gP,1.858
2026-09-01T01:28Z,4650,g98e5,2.009
2026-09-01T01:28Z,4657,gA,1.939
2026-09-01T01:28Z,4657,gP,1.989
2026-09-01T01:28Z,4662,g95e5,1.809
2026-09-01T01:28Z,4662,gA,1.909
2026-09-01T01:28Z,4662,gP,1.959
2026-09-01T01:28Z,4667,g95e5,1.809
2026-09-01T01:28Z,4667,gA,1.939
2026-09-01T01:28Z,4667,gP,1.989
2026-09-01T01:28Z,4667,g98e5,1.949
2026-09-01T01:28Z,4668,g95e5,1.809
2026-09-01T01:28Z,4668,gA,1.939
2026-09-01T01:28Z,4668,gP,1.989
2026-09-01T01:28Z,4668,g98e5,1.949
2026-09-01T01:28Z,4675,g95e5,1.879
2026-09-01T01:28Z,4675,gA,1.798
2026-09-01T01:28Z,4675,gP,1.878
2026-09-01T01:28Z,4675,g98e5,2.019
2026-09-01T01:28Z,4681,g95e5,1.689
2026-09-01T01:28Z,4681,gA,1.608
2026-09-01T01:28Z,4681,gP,1.618
2026-09-01T01:28Z,4684,g95e5,1.819
2026-09-01T01:28Z,4684,g95e5p,1.869
2026-09-01T01:28Z,4691,g95e5,1.749
2026-09-01T01:28Z,4691,gA,1.708
2026-09-01T01:28Z,4691,gP,1.718
2026-09-01T01:28Z,4691,g95e5p,1.759
2026-09-01T01:28Z,4696,g95e5,1.829
2026-09-01T01:28Z,4696,gA,1.954
2026-09-01T01:28Z,4696,gP,2.004
2026-09-01T01:28Z,4704,g95e5,1.859
2026-09-01T01:28Z,4704,gA,1.778
2026-09-01T01:28Z,4704,gP,1.858
2026-09-01T01:28Z,4704,g98e5,1.999
2026-09-01T01:28Z,4710,g95e5,1.839
2026-09-01T01:28Z,4710,gA,1.798
2026-09-01T01:28Z,4710,gP,1.878
2026-09-01T01:28Z,4710,g98e5,1.979
2026-09-01T01:28Z,4711,g95e5,1.924
2026-09-01T01:28Z,4711,gA,1.833
2026-09-01T01:28Z,4711,gP,1.913
2026-09-01T01:28Z,4711,g98e5,2.064
2026-09-01T01:28Z,4713,g95e5,1.809
2026-09-01T01:28Z,4713,gA,1.718
2026-09-01T01:28Z,4713,gP,1.798
2026-09-01T01:28Z,4713,g98e5,1.949
2026-09-01T01:28Z,4714,g95e5,1.839
2026-09-01T01:28Z,4714,gA,1.758
2026-09-01T01:28Z,4714,gP,1.838
2026-09-01T01:28Z,4714,g98e5,1.979
2026-09-01T01:28Z,4715,g95e5,1.849
2026-09-01T01:28Z,4715,gA,1.798
2026-09-01T01:28Z,4715,gP,1.878
2026-09-01T01:28Z,4715,g98e5,1.989
2026-09-01T01:28Z,4716,g95e5,1.799
2026-09-01T01:28Z,4716,gA,1.738
2026-09-01T01:28Z,4716,gP,1.818
2026-09-01T01:28Z,4716,g98e5,1.939
2026-09-01T01:28Z,4717,g95e5,1.829
2026-09-01T01:28Z,4717,gA,1.738
2026-09-01T01:28Z,4717,gP,1.818
2026-09-01T01:28Z,4717,g98e5,1.969
2026-09-01T01:28Z,4718,g95e5,1.829
2026-09-01T01:28Z,4718,gA,1.738
2026-09-01T01:28Z,4718,gP,1.818
2026-09-01T01:28Z,4718,g98e5,1.969
2026-09-01T01:28Z,4722,g95e5,1.895
2026-09-01T01:28Z,4722,gA,1.838
2026-09-01T01:28Z,4722,gP,1.928
2026-09-01T01:28Z,4738,g95e5,1.819
2026-09-01T01:28Z,4738,gA,1.768
2026-09-01T01:28Z,4738,gP,1.848
2026-09-01T01:28Z,4738,g98e5,1.959
2026-09-01T01:28Z,4744,g95e5,1.759
2026-09-01T01:28Z,4744,gA,1.718
2026-09-01T01:28Z,4744,gP,1.728
2026-09-01T01:28Z,4744,g95e5p,1.769
2026-09-01T01:28Z,4777,gA,1.759
2026-09-01T01:28Z,4777,gP,1.799
2026-09-01T01:28Z,4798,g95e5,1.709
2026-09-01T01:28Z,4798,gA,1.648
2026-09-01T01:28Z,4798,gP,1.658
2026-09-01T01:28Z,4798,g95e5p,1.719
2026-09-01T01:28Z,4817,g95e5,1.870
2026-09-01T01:28Z,4817,gA,1.818
2026-09-01T01:28Z,4817,gP,1.898
2026-09-01T01:28Z,4817,g98e5,1.990
2026-09-01T01:28Z,4819,g95e5,1.769
2026-09-01T01:28Z,4819,g98e5,1.879
2026-09-01T01:28Z,4825,g95e5,1.795
2026-09-01T01:28Z,4825,gA,1.789
2026-09-01T01:28Z,4825,g98e5,1.969
2026-09-01T01:28Z,4862,g95e5,1.829
2026-09-01T01:28Z,4862,gA,1.799
2026-09-01T01:28Z,4862,gP,1.899
2026-09-01T01:28Z,4862,g98e5,1.989
2026-09-01T01:28Z,4862,g95e5p,1.889
2026-09-01T01:28Z,4872,g95e5,1.709
2026-09-01T01:28Z,4872,gA,1.648
2026-09-01T01:28Z,4872,gP,1.658
2026-09-01T01:28Z,4872,g95e5p,1.719
2026-09-01T01:28Z,4882,g95e5,1.925
2026-09-01T01:28Z,4882,gA,1.848
2026-09-01T01:28Z,4882,gP,1.938
2026-09-01T01:28Z,4882,g98e5,2.055
2026-09-01T01:28Z,4883,g95e5,1.699
2026-09-01T01:28Z,4883,g95e5p,1.729
2026-09-01T01:28Z,4885,g95e5,1.639
2026-09-01T01:28Z,4885,gA,1.628
2026-09-01T01:28Z,4885,gP,1.638
2026-09-01T01:28Z,4885,g95e5p,1.649
2026-09-01T01:28Z,4922,g95e5,1.819
2026-09-01T01:28Z,4922,gA,1.768
2026-09-01T01:28Z,4922,gP,1.848
2026-09-01T01:28Z,4922,g98e5,1.959
2026-09-01T01:28Z,4934,g95e5,1.799
2026-09-01T01:28Z,4958,g95e5,1.844
2026-09-01T01:28Z,4958,gA,1.793
2026-09-01T01:28Z,4958,gP,1.873
2026-09-01T01:28Z,4958,g98e5,1.984
2026-09-01T01:28Z,4961,g95e5,1.829
2026-09-01T01:28Z,4961,gA,1.833
2026-09-01T01:28Z,4961,gP,1.913
2026-09-01T01:28Z,4961,g98e5,1.969
2026-09-01T01:28Z,4975,g95e5,1.764
2026-09-01T01:28Z,4975,g98e5,1.904
2026-09-01T01:28Z,4986,g95e5,1.890
2026-09-01T01:28Z,4986,gA,1.843
2026-09-01T01:28Z,4986,gP,1.928
2026-09-01T01:28Z,4986,g98e5,1.995
2026-09-01T01:28Z,4990,g95e5,1.890
2026-09-01T01:28Z,4990,gA,1.843
2026-09-01T01:28Z,4990,gP,1.928
2026-09-01T01:28Z,4990,g98e5,1.995
2026-09-01T01:28Z,5000,g95e5,1.849
2026-09-01T01:28Z,5000,gA,1.809
2026-09-01T01:28Z,5000,gP,1.879
2026-09-01T01:28Z,5000,g95e5p,1.909
2026-09-01T01:28Z,5006,g95e5,1.845
2026-09-01T01:28Z,5006,gA,1.828
2026-09-01T01:28Z,5006,gP,1.898
2026-09-01T01:28Z,5006,g98e5,1.920
2026-09-01T01:28Z,5037,g95e5,1.709
2026-09-01T01:28Z,5037,g98e5,1.849
2026-09-01T01:28Z,5038,g95e5,1.749
2026-09-01T01:28Z,5038,gA,1.799
2026-09-01T01:28Z,5038,gP,1.849
2026-09-01T01:28Z,5074,gA,1.924
2026-09-01T01:28Z,5074,gP,2.014
2026-09-01T01:28Z,5081,g95e5,1.855
2026-09-01T01:28Z,5081,gA,1.853
2026-09-01T01:28Z,5081,gP,1.899
2026-09-01T01:28Z,5081,g98e5,1.965
2026-09-01T01:28Z,5096,g95e5,1.739
2026-09-01T01:28Z,5096,gA,1.634
2026-09-01T01:28Z,5096,gP,1.644
2026-09-01T01:28Z,5096,g95e5p,1.749
2026-09-01T01:28Z,5104,g95e5,1.639
2026-09-01T01:28Z,5104,gA,1.677
2026-09-01T01:28Z,5164,g95e5,1.849
2026-09-01T01:28Z,5164,gA,1.899
2026-09-01T01:28Z,5164,gB,1.669
2026-09-01T01:28Z,5175,g95e5,1.679
2026-09-01T01:28Z,5175,gA,1.628
2026-09-01T01:28Z,5175,gP,1.638
2026-09-01T01:28Z,5175,g95e5p,1.689
2026-09-01T01:28Z,5223,g95e5,1.909
2026-09-01T01:28Z,5223,gA,1.839
2026-09-01T01:28Z,5233,g95e5,1.839
2026-09-01T01:28Z,5233,gA,1.849
2026-09-01T01:28Z,5233,g98e5,2.039
2026-09-01T01:28Z,5245,g95e5,1.859
2026-09-01T01:28Z,5245,gA,1.869
2026-09-01T01:28Z,5245,g98e5,1.989
2026-09-01T01:28Z,5245,g95e5p,1.909
2026-09-01T01:28Z,5273,gA,1.829
2026-09-01T01:28Z,5273,gB,1.589
2026-09-01T01:28Z,5305,g95e5,1.809
2026-09-01T01:28Z,5305,gA,1.829
2026-09-01T01:28Z,5305,gP,1.929
2026-09-01T01:28Z,5305,g95e5p,1.859
2026-09-01T01:28Z,5331,g95e5,1.759
2026-09-01T01:28Z,5331,gA,1.739
2026-09-01T01:28Z,5335,g95e5,1.859
2026-09-01T01:28Z,5335,gA,1.828
2026-09-01T01:28Z,5335,gP,1.908
2026-09-01T01:28Z,5335,g98e5,1.999
2026-09-01T01:28Z,5345,g95e5,1.869
2026-09-01T01:28Z,5345,gA,1.859
2026-09-01T01:28Z,5345,gP,1.959
2026-09-01T01:28Z,5345,g98e5,2.029
2026-09-01T01:28Z,5349,g95e5,1.899
2026-09-01T01:28Z,5349,gA,1.899
2026-09-01T01:28Z,5349,gP,1.999
2026-09-01T01:28Z,5349,g98e5,1.999
2026-09-01T01:28Z,5349,g95e5p,1.939
2026-09-01T01:28Z,5349,gB,1.599
2026-09-01T01:28Z,5377,g95e5,1.919
2026-09-01T01:28Z,5377,gA,1.849
2026-09-01T01:28Z,5377,gP,1.919
2026-09-01T01:28Z,5377,g98e5,2.049
2026-09-01T01:28Z,5419,g95e5,1.909
2026-09-01T01:28Z,5419,gA,1.859
2026-09-01T01:28Z,5419,gP,1.909
2026-09-01T01:28Z,5419,gB,1.739
2026-09-01T01:28Z,5443,g95e5,1.719
2026-09-01T01:28Z,5443,gA,1.719
2026-09-01T01:28Z,5474,gA,1.859
2026-09-01T01:28Z,5474,gP,1.959
2026-09-01T01:28Z,5478,g95e5,1.856
2026-09-01T01:28Z,5478,gA,1.814
2026-09-01T01:28Z,5478,g98e5,2.026
2026-09-01T01:28Z,5515,g95e5,1.899
2026-09-01T01:28Z,5515,gA,1.849
2026-09-01T01:28Z,5523,g95e5,1.755
2026-09-01T01:28Z,5523,gA,1.819
2026-09-01T01:28Z,5523,gP,1.889
2026-09-01T01:28Z,5535,g95e5,1.764
2026-09-01T01:28Z,5544,g95e5,1.829
2026-09-01T01:28Z,5544,gA,1.899
2026-09-01T01:28Z,5544,g98e5,1.939
2026-09-01T01:28Z,5556,g95e5,1.794
2026-09-01T01:28Z,5556,gA,1.949
2026-09-01T01:28Z,5556,gP,1.999
2026-09-01T01:28Z,5561,g95e5,1.654
2026-09-01T01:28Z,5561,gA,1.659
2026-09-01T01:28Z,5571,gA,1.809
2026-09-01T01:28Z,5571,gP,1.849
2026-09-01T01:28Z,5572,gA,1.759
2026-09-01T01:28Z,5576,gA,1.769
2026-09-01T01:28Z,5576,gP,1.809
2026-09-01T01:28Z,5578,gA,1.779
2026-09-01T01:28Z,5578,gP,1.819
2026-09-01T01:28Z,5579,gA,1.829
2026-09-01T01:28Z,5579,gP,1.869
2026-09-01T01:28Z,5591,gA,1.849
2026-09-01T01:28Z,5591,gP,1.889
2026-09-01T01:28Z,5599,gA,1.779
2026-09-01T01:28Z,5599,gP,1.819
2026-09-01T01:28Z,5600,g95e5,1.749
2026-09-01T01:28Z,5600,gA,1.628
2026-09-01T01:28Z,5600,gP,1.638
2026-09-01T01:28Z,5601,gA,1.789
2026-09-01T01:28Z,5601,gP,1.829
2026-09-01T01:28Z,5603,gA,1.779
2026-09-01T01:28Z,5603,gP,1.819
2026-09-01T01:28Z,5630,g95e5,1.609
2026-09-01T01:28Z,5630,gA,1.538
2026-09-01T01:28Z,5630,gP,1.548
2026-09-01T01:28Z,5630,g95e5p,1.619
2026-09-01T01:28Z,5641,g95e5,1.689
2026-09-01T01:28Z,5641,gA,1.608
2026-09-01T01:28Z,5665,g95e5,1.749
2026-09-01T01:28Z,5665,gA,1.628
2026-09-01T01:28Z,5665,gP,1.638
2026-09-01T01:28Z,5671,g95e5,1.749
2026-09-01T01:28Z,5671,gA,1.668
2026-09-01T01:28Z,5671,gP,1.748
2026-09-01T01:28Z,5673,g95e5,1.776
2026-09-01T01:28Z,5673,gA,1.658
2026-09-01T01:28Z,5673,gP,1.668
2026-09-01T01:28Z,5673,g95e5p,1.786
2026-09-01T01:28Z,5683,g95e5,1.776
2026-09-01T01:28Z,5683,gA,1.658
2026-09-01T01:28Z,5683,gP,1.668
2026-09-01T01:28Z,5684,g95e5,1.889
2026-09-01T01:28Z,5684,gA,1.799
2026-09-01T01:28Z,5684,gP,1.869
2026-09-01T01:28Z,5684,g98e5,2.059
2026-09-01T01:28Z,5684,g95e5p,1.949
2026-09-01T01:28Z,5686,g95e5,1.959
2026-09-01T01:28Z,5686,gA,1.799
2026-09-01T01:28Z,5686,gP,1.899
2026-09-01T01:28Z,5686,g98e5,2.059
2026-09-01T01:28Z,5692,g95e5,1.759
2026-09-01T01:28Z,5692,gA,1.668
2026-09-01T01:28Z,5692,gP,1.678
2026-09-01T01:28Z,5692,g95e5p,1.769
2026-09-01T01:28Z,5702,g95e5,1.809
2026-09-01T01:28Z,5702,gA,1.738
2026-09-01T01:28Z,5702,gP,1.748
2026-09-01T01:28Z,5702,g95e5p,1.819
2026-09-01T01:28Z,5709,g95e5,1.809
2026-09-01T01:28Z,5709,gA,1.698
2026-09-01T01:28Z,5709,gP,1.708
2026-09-01T01:28Z,5713,g95e5,1.850
2026-09-01T01:28Z,5713,gA,1.804
2026-09-01T01:28Z,5713,g98e5,2.000
2026-09-01T01:28Z,5719,g95e5,1.895
2026-09-01T01:28Z,5719,gA,1.878
2026-09-01T01:28Z,5736,g95e5,1.759
2026-09-01T01:28Z,5736,gA,1.739
2026-09-01T01:28Z,5739,g95e5,1.785
2026-09-01T01:28Z,5739,gA,1.789
2026-09-01T01:28Z,5739,gP,1.879
2026-09-01T01:28Z,5739,g98e5,1.925
2026-09-01T01:28Z,5753,g95e5,1.769
2026-09-01T01:28Z,5753,gA,1.788
2026-09-01T01:28Z,5753,gP,1.868
2026-09-01T01:28Z,5753,g98e5,1.909
2026-09-01T01:28Z,5760,g95e5,1.829
2026-09-01T01:28Z,5760,gA,1.839
2026-09-01T01:28Z,5760,g98e5,1.979
2026-09-01T01:28Z,5769,g95e5,1.839
2026-09-01T01:28Z,5769,gA,1.795
2026-09-01T01:28Z,5769,g98e5,1.960
2026-09-01T01:28Z,5803,gA,1.869
2026-09-01T01:28Z,5803,gP,1.969
2026-09-01T01:28Z,5806,g95e5,1.839
2026-09-01T01:28Z,5806,gA,1.819
2026-09-01T01:28Z,5806,gP,1.909
2026-09-01T01:28Z,5806,g98e5,1.999
2026-09-01T01:28Z,5814,g95e5,1.906
2026-09-01T01:28Z,5814,gA,1.778
2026-09-01T01:28Z,5814,gP,1.848
2026-09-01T01:28Z,5814,g98e5,2.065
2026-09-01T01:28Z,5830,gA,1.789
2026-09-01T01:28Z,5830,gP,1.799
2026-09-01T01:28Z,5831,g95e5,1.759
2026-09-01T01:28Z,5831,gA,1.839
2026-09-01T01:28Z,5831,gP,1.849
2026-09-01T01:28Z,5850,gA,1.799
2026-09-01T01:28Z,5850,gP,1.839
2026-09-01T01:28Z,5851,gA,1.799
2026-09-01T01:28Z,5851,gP,1.839
2026-09-01T01:28Z,5852,gA,1.799
2026-09-01T01:28Z,5852,gP,1.839
2026-09-01T01:28Z,5853,gA,1.789
2026-09-01T01:28Z,5853,gP,1.829
2026-09-01T01:28Z,5854,gA,1.849
2026-09-01T01:28Z,5854,gP,1.889
2026-09-01T01:28Z,5855,gA,1.869
2026-09-01T01:28Z,5855,gP,1.909
2026-09-01T01:28Z,5921,g95e5,1.659
2026-09-01T01:28Z,5921,gA,1.658
2026-09-01T01:28Z,5932,g95e5,1.869
2026-09-01T01:28Z,5932,gA,1.799
2026-09-01T01:28Z,5932,gP,1.829
2026-09-01T01:28Z,5932,g98e5,1.939
2026-09-01T01:28Z,6004,g95e5,1.899
2026-09-01T01:28Z,6004,gA,1.829
2026-09-01T01:28Z,6004,g98e5,2.059
2026-09-01T01:28Z,6065,g95e5,1.890
2026-09-01T01:28Z,6065,gA,1.843
2026-09-01T01:28Z,6065,gP,1.928
2026-09-01T01:28Z,6065,g95e5p,1.949
2026-09-01T01:28Z,6079,gA,1.789
2026-09-01T01:28Z,6079,gP,1.829
2026-09-01T01:28Z,6082,gA,1.819
2026-09-01T01:28Z,6082,gP,1.859
2026-09-01T01:28Z,6086,g95e5,1.764
2026-09-01T01:28Z,6086,gA,1.894
2026-09-01T01:28Z,6086,gP,1.944
2026-09-01T01:28Z,6086,g95e5p,1.814
2026-09-01T01:28Z,6091,g95e5,1.679
2026-09-01T01:28Z,6092,gA,1.799
2026-09-01T01:28Z,6092,gP,1.839
2026-09-01T01:28Z,6093,gA,1.799
2026-09-01T01:28Z,6093,gP,1.839
2026-09-01T01:28Z,6102,g95e5,1.869
2026-09-01T01:28Z,6102,gA,1.839
2026-09-01T01:28Z,6102,gP,1.919
2026-09-01T01:28Z,6102,g95e5p,1.919
2026-09-01T01:28Z,6104,g95e5,1.829
2026-09-01T01:28Z,6104,gA,1.929
2026-09-01T01:28Z,6104,gP,1.979
2026-09-01T01:28Z,6104,gB,1.689
2026-09-01T01:28Z,6113,g95e5,1.875
2026-09-01T01:28Z,6113,gA,1.818
2026-09-01T01:28Z,6113,gP,1.918
2026-09-01T01:28Z,6134,g95e5,1.899
2026-09-01T01:28Z,6134,gA,1.849
2026-09-01T01:28Z,6134,gP,1.939
2026-09-01T01:28Z,6136,g95e5,1.719
2026-09-01T01:28Z,6136,gA,1.668
2026-09-01T01:28Z,6136,gP,1.678
2026-09-01T01:28Z,6136,g95e5p,1.729
2026-09-01T01:28Z,6137,g95e5,1.839
2026-09-01T01:28Z,6137,gA,1.889
2026-09-01T01:28Z,6137,gP,1.945
2026-09-01T01:28Z,6137,gB,1.638
2026-09-01T01:28Z,6139,g95e5,1.719
2026-09-01T01:28Z,6139,gA,1.578
2026-09-01T01:28Z,6139,gP,1.588
2026-09-01T01:28Z,6161,g95e5,1.729
2026-09-01T01:28Z,6161,gA,1.668
2026-09-01T01:28Z,6161,gP,1.678
2026-09-01T01:28Z,6161,g95e5p,1.739
2026-09-01T01:28Z,6166,g95e5,1.799
2026-09-01T01:28Z,6166,g98e5,1.939
2026-09-01T01:28Z,6199,g95e5,1.869
2026-09-01T01:28Z,6199,gA,1.879
2026-09-01T01:28Z,6199,gP,1.929
2026-09-01T01:28Z,6199,g98e5,2.029
2026-09-01T01:28Z,6293,g95e5,1.764
2026-09-01T01:28Z,6293,gA,1.894
2026-09-01T01:28Z,6293,gP,1.944
2026-09-01T01:28Z,6293,g98e5,1.874
2026-09-01T01:28Z,6323,g95e5,1.834
2026-09-01T01:28Z,6357,g95e5,1.879
2026-09-01T01:28Z,6357,gA,1.853
2026-09-01T01:28Z,6357,g98e5,2.050
2026-09-01T01:28Z,6357,gB,1.705
2026-09-01T01:28Z,6397,g95e5,1.889
2026-09-01T01:28Z,6397,gA,1.839
2026-09-01T01:28Z,6397,gP,1.939
2026-09-01T01:28Z,6397,g98e5,1.999
2026-09-01T01:28Z,6418,g95e5,1.719
2026-09-01T01:28Z,6418,gA,1.614
2026-09-01T01:28Z,6418,gP,1.624
2026-09-01T01:28Z,6418,g95e5p,1.729
2026-09-01T01:28Z,6429,gA,1.739
2026-09-01T01:28Z,6429,gP,1.779
2026-09-01T01:28Z,6430,gA,1.849
2026-09-01T01:28Z,6430,gP,1.889
2026-09-01T01:28Z,6433,g95e5,1.789
2026-09-01T01:28Z,6433,gA,1.738
2026-09-01T01:28Z,6433,gP,1.818
2026-09-01T01:28Z,6433,g98e5,1.929
2026-09-01T01:28Z,6439,g95e5,1.699
2026-09-01T01:28Z,6439,gA,1.648
2026-09-01T01:28Z,6439,gP,1.658
2026-09-01T01:28Z,6458,g95e5,1.710
2026-09-01T01:28Z,6458,gA,1.680
2026-09-01T01:28Z,6458,gP,1.720
2026-09-01T01:28Z,6483,g95e5,1.687
2026-09-01T01:28Z,6483,gA,1.699
2026-09-01T01:28Z,6496,g95e5,1.834
2026-09-01T01:28Z,6496,gA,1.788
2026-09-01T01:28Z,6496,gP,1.868
2026-09-01T01:28Z,6496,g98e5,1.974
2026-09-01T01:28Z,6500,g95e5,1.894
2026-09-01T01:28Z,6500,gA,2.019
2026-09-01T01:28Z,6505,g95e5,1.859
2026-09-01T01:28Z,6505,gA,1.869
2026-09-01T01:28Z,6505,gP,1.869
2026-09-01T01:28Z,6508,g95e5,1.889
2026-09-01T01:28Z,6508,gA,1.799
2026-09-01T01:28Z,6508,gP,1.869
2026-09-01T01:28Z,6508,g98e5,1.999
2026-09-01T01:28Z,6508,gB,1.629
2026-09-01T01:28Z,6533,g95e5,1.868
2026-09-01T01:28Z,6533,gA,1.867
2026-09-01T01:28Z,6533,gP,1.947
2026-09-01T01:28Z,6533,g98e5,2.008
2026-09-01T01:28Z,6538,g95e5,1.697
2026-09-01T01:28Z,6538,gA,1.699
2026-09-01T01:28Z,6583,g95e5,1.679
2026-09-01T01:28Z,6583,gA,1.618
2026-09-01T01:28Z,6583,gP,1.628
2026-09-01T01:28Z,6583,g95e5p,1.689
2026-09-01T01:28Z,6608,g95e5,1.859
2026-09-01T01:28Z,6608,gA,1.794
2026-09-01T01:28Z,6608,gP,1.874
2026-09-01T01:28Z,6608,g98e5,1.999
2026-09-01T01:28Z,6613,g95e5,1.894
2026-09-01T01:28Z,6613,gA,2.019
2026-09-01T01:28Z,6615,g95e5,1.925
2026-09-01T01:28Z,6615,gA,1.878
2026-09-01T01:28Z,6615,gP,1.958
2026-09-01T01:28Z,6631,g95e5,1.669
2026-09-01T01:28Z,6631,gA,1.698
2026-09-01T01:28Z,6631,gP,1.708
2026-09-01T01:28Z,6631,g95e5p,1.679
2026-09-01T01:28Z,6635,g95e5,1.709
2026-09-01T01:28Z,6635,gA,1.668
2026-09-01T01:28Z,6635,gP,1.678
2026-09-01T01:28Z,6635,g95e5p,1.719
2026-09-01T01:28Z,6640,g95e5,1.709
2026-09-01T01:28Z,6640,gA,1.668
2026-09-01T01:28Z,6640,gP,1.678
2026-09-01T01:28Z,6640,g95e5p,1.719
2026-09-01T01:28Z,6649,g95e5,1.649
2026-09-01T01:28Z,6649,gA,1.598
2026-09-01T01:28Z,6649,gP,1.608
2026-09-01T01:28Z,6649,g95e5p,1.659
2026-09-01T01:28Z,6654,g95e5,1.709
2026-09-01T01:28Z,6654,gA,1.688
2026-09-01T01:28Z,6654,gP,1.698
2026-09-01T01:28Z,6654,g95e5p,1.719
2026-09-01T01:28Z,6656,g95e5,1.789
2026-09-01T01:28Z,6656,gA,1.878
2026-09-01T01:28Z,6656,gP,1.958
2026-09-01T01:28Z,6656,g98e5,1.929
2026-09-01T01:28Z,6658,g95e5,1.875
2026-09-01T01:28Z,6658,gA,1.859
2026-09-01T01:28Z,6658,gP,1.929
2026-09-01T01:28Z,6692,g95e5,1.845
2026-09-01T01:28Z,6692,gA,1.839
2026-09-01T01:28Z,6708,g95e5,1.699
2026-09-01T01:28Z,6708,gA,1.699
2026-09-01T01:28Z,6726,g95e5,1.619
2026-09-01T01:28Z,6726,gA,1.669
2026-09-01T01:28Z,6732,g95e5,1.844
2026-09-01T01:28Z,6732,gA,1.763
2026-09-01T01:28Z,6732,gP,1.843
2026-09-01T01:28Z,6732,g98e5,1.984
2026-09-01T01:28Z,6775,g95e5,1.839
2026-09-01T01:28Z,6775,gA,1.869
2026-09-01T01:28Z,6775,gP,1.929
2026-09-01T01:28Z,6775,g95e5p,1.919
2026-09-01T01:28Z,6787,g95e5,1.739
2026-09-01T01:28Z,6787,gA,1.634
2026-09-01T01:28Z,6787,gP,1.644
2026-09-01T01:28Z,6787,g95e5p,1.749
2026-09-01T01:28Z,6788,g95e5,1.815
2026-09-01T01:28Z,6788,gA,1.838
2026-09-01T01:28Z,6788,gP,1.918
2026-09-01T01:28Z,6788,g95e5p,1.890
2026-09-01T01:28Z,6816,g95e5,1.906
2026-09-01T01:28Z,6816,gA,1.818
2026-09-01T01:28Z,6816,gP,1.878
2026-09-01T01:28Z,6816,g98e5,2.076
2026-09-01T01:28Z,6828,g95e5,1.619
2026-09-01T01:28Z,6828,gA,1.669
2026-09-01T01:28Z,6829,gA,1.759
2026-09-01T01:28Z,6829,gP,1.799
2026-09-01T01:28Z,6836,g95e5,1.879
2026-09-01T01:28Z,6836,gA,1.818
2026-09-01T01:28Z,6836,gP,1.898
2026-09-01T01:28Z,6836,g98e5,2.019
2026-09-01T01:28Z,6839,gA,1.809
2026-09-01T01:28Z,6839,gP,1.899
2026-09-01T01:28Z,6991,g95e5,1.739
2026-09-01T01:28Z,6991,gA,1.619
2026-09-01T01:28Z,6991,g98e5,1.799
2026-09-01T01:28Z,6991,bio,1.559
2026-09-01T01:28Z,6997,g95e5,1.679
2026-09-01T01:28Z,6997,g98e5,1.819
2026-09-01T01:28Z,7010,g95e5,1.659
2026-09-01T01:28Z,7010,gA,1.619
2026-09-01T01:28Z,7010,g98e5,1.859
2026-09-01T01:28Z,7010,bio,1.579
2026-09-01T01:28Z,7013,g95e5,1.759
2026-09-01T01:28Z,7013,gA,1.679
2026-09-01T01:28Z,7013,g98e5,1.859
2026-09-01T01:28Z,7013,bio,1.579
2026-09-01T01:28Z,7016,g95e5,1.759
2026-09-01T01:28Z,7016,gA,1.778
2026-09-01T01:28Z,7016,gP,1.858
2026-09-01T01:28Z,7016,g98e5,1.899
2026-09-01T01:28Z,7021,g95e5,1.659
2026-09-01T01:28Z,7021,gA,1.629
2026-09-01T01:28Z,7021,gP,1.649
2026-09-01T01:28Z,7021,bio,1.579
2026-09-01T01:28Z,7027,g95e5,1.739
2026-09-01T01:28Z,7027,gA,1.705
2026-09-01T01:28Z,7028,g95e5,1.779
2026-09-01T01:28Z,7028,gA,1.998
2026-09-01T01:28Z,7028,gP,2.074
2026-09-01T01:28Z,7028,g95e5p,1.899
2026-09-01T01:28Z,7046,gA,1.799
2026-09-01T01:28Z,7046,gP,1.839
2026-09-01T01:28Z,7049,g95e5,1.709
2026-09-01T01:28Z,7049,gA,1.628
2026-09-01T01:28Z,7049,gP,1.638
2026-09-01T01:28Z,7049,g95e5p,1.719
2026-09-01T01:28Z,7050,gA,1.819
2026-09-01T01:28Z,7050,gP,1.859
2026-09-01T01:28Z,7051,gA,1.789
2026-09-01T01:28Z,7051,gP,1.829
2026-09-01T01:28Z,7052,gA,1.799
2026-09-01T01:28Z,7052,gP,1.839
2026-09-01T01:28Z,7058,g95e5,1.679
2026-09-01T01:28Z,7058,gA,1.659
2026-09-01T01:28Z,7073,g95e5,1.819
2026-09-01T01:28Z,7073,gA,1.803
2026-09-01T01:28Z,7073,gP,1.883
2026-09-01T01:28Z,7073,g98e5,1.959
2026-09-01T01:28Z,7074,g95e5,1.819
2026-09-01T01:28Z,7074,gA,1.803
2026-09-01T01:28Z,7074,gP,1.883
2026-09-01T01:28Z,7074,g98e5,1.959
2026-09-01T01:28Z,7093,g95e5,1.829
2026-09-01T01:28Z,7093,gA,1.838
2026-09-01T01:28Z,7093,gP,1.918
2026-09-01T01:28Z,7190,g95e5,1.909
2026-09-01T01:28Z,7190,gA,1.899
2026-09-01T01:28Z,7190,gP,1.949
2026-09-01T01:28Z,7190,g98e5,2.039
2026-09-01T01:28Z,7191,g95e5,1.824
2026-09-01T01:28Z,7191,gA,1.824
2026-09-01T01:28Z,7191,gP,1.874
2026-09-01T01:28Z,7191,g95e5p,1.874
2026-09-01T01:28Z,7198,g95e5,1.829
2026-09-01T01:28Z,7198,gA,1.748
2026-09-01T01:28Z,7198,gP,1.828
2026-09-01T01:28Z,7205,g95e5,1.889
2026-09-01T01:28Z,7205,gA,1.799
2026-09-01T01:28Z,7205,gP,1.869
2026-09-01T01:28Z,7205,g98e5,1.999
2026-09-01T01:28Z,7205,gB,1.629
2026-09-01T01:28Z,7220,g95e5,1.899
2026-09-01T01:28Z,7220,gA,1.859
2026-09-01T01:28Z,7220,gP,1.929
2026-09-01T01:28Z,7220,g95e5p,2.000
2026-09-01T01:28Z,7225,g95e5,1.789
2026-09-01T01:28Z,7225,gA,1.709
2026-09-01T01:28Z,7225,gP,1.709
2026-09-01T01:28Z,7225,g95e5p,1.789
2026-09-01T01:28Z,7281,g95e5,1.824
2026-09-01T01:28Z,7281,gA,1.818
2026-09-01T01:28Z,7281,gP,1.898
2026-09-01T01:28Z,7281,g98e5,1.964
2026-09-01T01:28Z,7282,g95e5,1.799
2026-09-01T01:28Z,7282,gA,1.748
2026-09-01T01:28Z,7282,gP,1.828
2026-09-01T01:28Z,7282,g98e5,1.939
2026-09-01T01:28Z,7283,g95e5,1.849
2026-09-01T01:28Z,7283,gA,1.859
2026-09-01T01:28Z,7283,gP,1.950
2026-09-01T01:28Z,7283,g98e5,2.069
2026-09-01T01:28Z,7312,g95e5,1.824
2026-09-01T01:28Z,7312,gA,1.823
2026-09-01T01:28Z,7312,gP,1.903
2026-09-01T01:28Z,7312,g98e5,1.964
2026-09-01T01:28Z,7318,gA,1.769
2026-09-01T01:28Z,7318,gP,1.849
2026-09-01T01:28Z,7318,gB,1.559
2026-09-01T01:28Z,7319,gA,1.719
2026-09-01T01:28Z,7319,gB,1.559
2026-09-01T01:28Z,7332,g95e5,1.709
2026-09-01T01:28Z,7332,gA,1.634
2026-09-01T01:28Z,7332,gP,1.644
2026-09-01T01:28Z,7333,g95e5,1.709
2026-09-01T01:28Z,7333,gA,1.634
2026-09-01T01:28Z,7333,gP,1.644
2026-09-01T01:28Z,7334,g95e5,1.764
2026-09-01T01:28Z,7334,gA,1.773
2026-09-01T01:28Z,7345,g95e5,1.799
2026-09-01T01:28Z,7345,gA,1.783
2026-09-01T01:28Z,7345,gP,1.863
2026-09-01T01:28Z,7345,g98e5,1.939
2026-09-01T01:28Z,7348,g95e5,1.686
2026-09-01T01:28Z,7348,gA,1.668
2026-09-01T01:28Z,7356,g95e5,1.719
2026-09-01T01:28Z,7356,gA,1.664
2026-09-01T01:28Z,7356,gP,1.674
2026-09-01T01:28Z,7356,g95e5p,1.729
2026-09-01T01:28Z,7377,g95e5,1.843
2026-09-01T01:28Z,7377,gA,1.933
2026-09-01T01:28Z,7377,gP,2.041
2026-09-01T01:28Z,7377,g98e5,1.976
2026-09-01T01:28Z,7428,g95e5,1.834
2026-09-01T01:28Z,7428,gA,1.818
2026-09-01T01:28Z,7428,gP,1.898
2026-09-01T01:28Z,7428,g98e5,1.974
2026-09-01T01:28Z,7456,g95e5,1.889
2026-09-01T01:28Z,7456,gA,1.863
2026-09-01T01:28Z,7456,gP,1.943
2026-09-01T01:28Z,7456,g98e5,2.029
2026-09-01T01:28Z,7458,gA,1.854
2026-09-01T01:28Z,7458,gP,1.944
2026-09-01T01:28Z,7464,g95e5,1.719
2026-09-01T01:28Z,7464,gA,1.579
2026-09-01T01:28Z,7464,gP,1.649
2026-09-01T01:28Z,7464,bio,1.549
2026-09-01T01:28Z,7467,g95e5,1.699
2026-09-01T01:28Z,7467,g95e5p,1.749
2026-09-01T01:28Z,7469,g95e5,1.769
2026-09-01T01:28Z,7469,g98e5,1.909
2026-09-01T01:28Z,7519,g95e5,1.759
2026-09-01T01:28Z,7519,gA,1.668
2026-09-01T01:28Z,7519,gP,1.678
2026-09-01T01:28Z,7519,g95e5p,1.769
2026-09-01T01:28Z,7584,g95e5,1.830
2026-09-01T01:28Z,7584,gA,1.834
2026-09-01T01:28Z,7584,gP,1.889
2026-09-01T01:28Z,7584,g98e5,1.950
2026-09-01T01:28Z,7597,gA,1.789
2026-09-01T01:28Z,7597,gP,1.799
2026-09-01T01:28Z,7960,g95e5,1.895
2026-09-01T01:28Z,7960,gA,1.825
2026-09-01T01:28Z,7960,gP,1.895
2026-09-01T01:28Z,7960,g98e5,2.015
2026-09-01T01:28Z,7965,g95e5,1.739
2026-09-01T01:28Z,7965,gA,1.709
2026-09-01T01:28Z,8006,g95e5,1.819
2026-09-01T01:28Z,8006,gA,1.789
2026-09-01T01:28Z,8006,gP,1.899
2026-09-01T01:28Z,8007,g95e5,1.819
2026-09-01T01:28Z,8007,gA,1.789
2026-09-01T01:28Z,8007,gP,1.899
2026-09-01T01:28Z,8007,g98e5,1.959
2026-09-01T01:28Z,8010,g95e5,1.829
2026-09-01T01:28Z,8010,gA,1.748
2026-09-01T01:28Z,8048,g95e5,1.709
2026-09-01T01:28Z,8048,gA,1.628
2026-09-01T01:28Z,8048,gP,1.728
2026-09-01T01:28Z,8048,g98e5,1.909
2026-09-01T01:28Z,8068,g95e5,1.759
2026-09-01T01:28Z,8068,gA,1.738
2026-09-01T01:28Z,8068,gP,1.818
2026-09-01T01:28Z,8068,g98e5,1.899
2026-09-01T01:28Z,8071,g95e5,1.779
2026-09-01T01:28Z,8071,gA,1.749
2026-09-01T01:28Z,8082,g95e5,1.719
2026-09-01T01:28Z,8082,gA,1.667
2026-09-01T01:28Z,8082,gP,1.677
2026-09-01T01:28Z,8151,g95e5,1.809
2026-09-01T01:28Z,8151,gA,1.849
2026-09-01T01:28Z,8151,gP,1.909
2026-09-01T01:28Z,8155,g95e5,1.714
2026-09-01T01:28Z,8213,g95e5,1.679
2026-09-01T01:28Z,8213,gA,1.628
2026-09-01T01:28Z,8231,gA,1.749
2026-09-01T01:28Z,8231,gP,1.789
2026-09-01T01:28Z,8247,g95e5,1.839
2026-09-01T01:28Z,8247,gA,1.728
2026-09-01T01:28Z,8247,gP,1.808
2026-09-01T01:28Z,8247,g98e5,1.979
2026-09-01T01:28Z,8248,g95e5,1.829
2026-09-01T01:28Z,8248,gA,1.738
2026-09-01T01:28Z,8248,gP,1.818
2026-09-01T01:28Z,8248,g98e5,1.969
2026-09-01T01:28Z,8277,g95e5,1.859
2026-09-01T01:28Z,8277,gA,1.969
2026-09-01T01:28Z,8277,gP,2.039
2026-09-01T01:28Z,8277,g95e5p,1.949
2026-09-01T01:28Z,8294,g95e5,1.799
2026-09-01T01:28Z,8294,g98e5,1.939
2026-09-01T01:28Z,8309,g95e5,1.799
2026-09-01T01:28Z,8309,gA,1.758
2026-09-01T01:28Z,8309,gP,1.758
2026-09-01T01:28Z,8313,g95e5,1.844
2026-09-01T01:28Z,8313,gA,1.763
2026-09-01T01:28Z,8313,gP,1.843
2026-09-01T01:28Z,8313,g98e5,1.984
2026-09-01T01:28Z,8316,gA,1.819
2026-09-01T01:28Z,8316,gP,1.859
2026-09-01T01:28Z,8317,gA,1.759
2026-09-01T01:28Z,8317,gP,1.799
2026-09-01T01:28Z,8318,gA,1.769
2026-09-01T01:28Z,8318,gP,1.809
2026-09-01T01:28Z,8319,gA,1.839
2026-09-01T01:28Z,8319,gP,1.879
2026-09-01T01:28Z,8345,g95e5,1.849
2026-09-01T01:28Z,8345,gA,1.778
2026-09-01T01:28Z,8345,gP,1.858
2026-09-01T01:28Z,8345,g98e5,1.989
2026-09-01T01:28Z,8357,g95e5,1.799
2026-09-01T01:28Z,8357,gA,1.808
2026-09-01T01:28Z,8357,gP,1.888
2026-09-01T01:28Z,8357,g98e5,1.939
2026-09-01T01:28Z,8360,g95e5,1.859
2026-09-01T01:28Z,8360,gA,1.869
2026-09-01T01:28Z,8362,g95e5,1.799
2026-09-01T01:28Z,8362,gA,1.728
2026-09-01T01:28Z,8362,gP,1.808
2026-09-01T01:28Z,8362,g98e5,1.939
2026-09-01T01:28Z,8374,g95e5,1.889
2026-09-01T01:28Z,8374,gA,1.833
2026-09-01T01:28Z,8374,gP,1.913
2026-09-01T01:28Z,8379,g95e5,1.849
2026-09-01T01:28Z,8379,gA,1.758
2026-09-01T01:28Z,8379,gP,1.838
2026-09-01T01:28Z,8379,g98e5,1.989
2026-09-01T01:28Z,8382,g95e5,1.854
2026-09-01T01:28Z,8382,gA,1.793
2026-09-01T01:28Z,8382,gP,1.873
2026-09-01T01:28Z,8382,g98e5,1.994
2026-09-01T01:28Z,8383,g95e5,1.854
2026-09-01T01:28Z,8383,gA,1.793
2026-09-01T01:28Z,8383,gP,1.873
2026-09-01T01:28Z,8383,g98e5,1.994
2026-09-01T01:28Z,8393,g95e5,1.805
2026-09-01T01:28Z,8393,gA,1.808
2026-09-01T01:28Z,8393,gP,1.888
2026-09-01T01:28Z,8393,g98e5,1.945
2026-09-01T01:28Z,8394,g95e5,1.727
2026-09-01T01:28Z,8394,gA,1.676
2026-09-01T01:28Z,8394,gP,1.756
2026-09-01T01:28Z,8394,g98e5,1.867
2026-09-01T01:28Z,8395,g95e5,1.759
2026-09-01T01:28Z,8395,gA,1.718
2026-09-01T01:28Z,8395,gP,1.798
2026-09-01T01:28Z,8395,g98e5,1.899
2026-09-01T01:28Z,8397,g95e5,1.794
2026-09-01T01:28Z,8397,gA,1.798
2026-09-01T01:28Z,8397,gP,1.878
2026-09-01T01:28Z,8397,g98e5,1.934
2026-09-01T01:28Z,8398,g95e5,1.799
2026-09-01T01:28Z,8398,gA,1.768
2026-09-01T01:28Z,8398,gP,1.848
2026-09-01T01:28Z,8398,g98e5,1.939
2026-09-01T01:28Z,8402,g95e5,1.759
2026-09-01T01:28Z,8402,gA,1.748
2026-09-01T01:28Z,8402,gP,1.828
2026-09-01T01:28Z,8402,g98e5,1.899
2026-09-01T01:28Z,8410,g95e5,1.819
2026-09-01T01:28Z,8410,gA,1.738
2026-09-01T01:28Z,8410,gP,1.818
2026-09-01T01:28Z,8410,g98e5,1.959
2026-09-01T01:28Z,8413,g95e5,1.875
2026-09-01T01:28Z,8413,gA,1.738
2026-09-01T01:28Z,8413,gP,1.818
2026-09-01T01:28Z,8413,g98e5,2.015
2026-09-01T01:28Z,8418,g95e5,1.859
2026-09-01T01:28Z,8418,gA,1.778
2026-09-01T01:28Z,8418,gP,1.858
2026-09-01T01:28Z,8418,g98e5,1.999
2026-09-01T01:28Z,8420,g95e5,1.639
2026-09-01T01:28Z,8420,gA,1.689
2026-09-01T01:28Z,8423,g95e5,1.899
2026-09-01T01:28Z,8423,gA,1.829
2026-09-01T01:28Z,8423,gP,1.889
2026-09-01T01:28Z,8423,g98e5,2.019
2026-09-01T01:28Z,8423,gB,1.699
2026-09-01T01:28Z,8427,g95e5,1.759
2026-09-01T01:28Z,8427,gA,1.748
2026-09-01T01:28Z,8427,gP,1.828
2026-09-01T01:28Z,8427,g98e5,1.899
2026-09-01T01:28Z,8428,g95e5,1.739
2026-09-01T01:28Z,8428,gA,1.678
2026-09-01T01:28Z,8428,gP,1.758
2026-09-01T01:28Z,8428,g98e5,1.879
2026-09-01T01:28Z,8429,g95e5,1.899
2026-09-01T01:28Z,8429,gA,1.859
2026-09-01T01:28Z,8429,gP,1.939
2026-09-01T01:28Z,8435,g95e5,1.809
2026-09-01T01:28Z,8435,gA,1.778
2026-09-01T01:28Z,8435,gP,1.858
2026-09-01T01:28Z,8435,g98e5,1.949
2026-09-01T01:28Z,8440,g95e5,1.709
2026-09-01T01:28Z,8440,gA,1.678
2026-09-01T01:28Z,8440,gP,1.778
2026-09-01T01:28Z,8440,g98e5,1.909
2026-09-01T01:28Z,8441,g95e5,1.759
2026-09-01T01:28Z,8441,gA,1.658
2026-09-01T01:28Z,8441,gP,1.738
2026-09-01T01:28Z,8441,g98e5,1.899
2026-09-01T01:28Z,8442,g95e5,1.819
2026-09-01T01:28Z,8442,gA,1.758
2026-09-01T01:28Z,8442,gP,1.838
2026-09-01T01:28Z,8442,g98e5,1.959
2026-09-01T01:28Z,8445,g95e5,1.729
2026-09-01T01:28Z,8445,gA,1.648
2026-09-01T01:28Z,8445,gP,1.748
2026-09-01T01:28Z,8446,g95e5,1.809
2026-09-01T01:28Z,8446,gA,1.728
2026-09-01T01:28Z,8446,gP,1.808
2026-09-01T01:28Z,8446,g98e5,1.949
2026-09-01T01:28Z,8447,g95e5,1.699
2026-09-01T01:28Z,8447,gA,1.699
2026-09-01T01:28Z,8449,g95e5,1.879
2026-09-01T01:28Z,8449,gA,1.808
2026-09-01T01:28Z,8449,gP,1.888
2026-09-01T01:28Z,8449,g98e5,2.019
2026-09-01T01:28Z,8450,g95e5,1.879
2026-09-01T01:28Z,8450,gA,1.808
2026-09-01T01:28Z,8450,gP,1.888
2026-09-01T01:28Z,8450,g98e5,2.019
2026-09-01T01:28Z,8452,g95e5,1.809
2026-09-01T01:28Z,8452,gA,1.718
2026-09-01T01:28Z,8452,gP,1.798
2026-09-01T01:28Z,8452,g98e5,1.949
2026-09-01T01:28Z,8456,g95e5,1.819
2026-09-01T01:28Z,8456,gA,1.738
2026-09-01T01:28Z,8456,gP,1.818
2026-09-01T01:28Z,8456,g98e5,1.959
2026-09-01T01:28Z,8457,g95e5,1.849
2026-09-01T01:28Z,8457,gA,1.768
2026-09-01T01:28Z,8457,gP,1.848
2026-09-01T01:28Z,8457,g98e5,1.989
2026-09-01T01:28Z,8458,g95e5,1.839
2026-09-01T01:28Z,8458,gA,1.808
2026-09-01T01:28Z,8458,gP,1.888
2026-09-01T01:28Z,8458,g98e5,1.979
2026-09-01T01:28Z,8461,g95e5,1.839
2026-09-01T01:28Z,8461,gA,1.778
2026-09-01T01:28Z,8461,gP,1.858
2026-09-01T01:28Z,8461,g98e5,1.979
2026-09-01T01:28Z,8464,g95e5,1.839
2026-09-01T01:28Z,8464,gA,1.778
2026-09-01T01:28Z,8464,gP,1.858
2026-09-01T01:28Z,8464,g98e5,1.979
2026-09-01T01:28Z,8465,g95e5,1.849
2026-09-01T01:28Z,8465,gA,1.838
2026-09-01T01:28Z,8465,gP,1.918
2026-09-01T01:28Z,8465,g98e5,1.989
2026-09-01T01:28Z,8466,g95e5,1.884
2026-09-01T01:28Z,8466,gA,1.838
2026-09-01T01:28Z,8466,gP,1.918
2026-09-01T01:28Z,8466,g98e5,2.024
2026-09-01T01:28Z,8467,g95e5,1.849
2026-09-01T01:28Z,8467,gA,1.808
2026-09-01T01:28Z,8467,gP,1.888
2026-09-01T01:28Z,8467,g98e5,1.989
2026-09-01T01:28Z,8468,g95e5,1.854
2026-09-01T01:28Z,8468,gA,1.828
2026-09-01T01:28Z,8468,gP,1.908
2026-09-01T01:28Z,8468,g98e5,1.994
2026-09-01T01:28Z,8469,g95e5,1.864
2026-09-01T01:28Z,8469,gA,1.838
2026-09-01T01:28Z,8469,gP,1.918
2026-09-01T01:28Z,8469,g98e5,2.004
2026-09-01T01:28Z,8470,g95e5,1.869
2026-09-01T01:28Z,8470,gA,1.858
2026-09-01T01:28Z,8470,gP,1.938
2026-09-01T01:28Z,8470,g98e5,2.009
2026-09-01T01:28Z,8472,g95e5,1.909
2026-09-01T01:28Z,8472,gA,1.838
2026-09-01T01:28Z,8472,gP,1.918
2026-09-01T01:28Z,8472,g98e5,2.049
2026-09-01T01:28Z,8473,g95e5,1.874
2026-09-01T01:28Z,8473,gA,1.843
2026-09-01T01:28Z,8473,gP,1.923
2026-09-01T01:28Z,8473,g98e5,2.014
2026-09-01T01:28Z,8475,g95e5,1.809
2026-09-01T01:28Z,8475,gA,1.718
2026-09-01T01:28Z,8475,gP,1.798
2026-09-01T01:28Z,8475,g98e5,1.949
2026-09-01T01:28Z,8483,g95e5,1.719
2026-09-01T01:28Z,8483,gA,1.648
2026-09-01T01:28Z,8483,gP,1.748
2026-09-01T01:28Z,8483,g98e5,1.919
2026-09-01T01:28Z,8485,g95e5,1.679
2026-09-01T01:28Z,8485,gA,1.638
2026-09-01T01:28Z,8485,gP,1.738
2026-09-01T01:28Z,8485,g98e5,1.879
2026-09-01T01:28Z,8489,g95e5,1.884
2026-09-01T01:28Z,8489,gA,1.813
2026-09-01T01:28Z,8489,gP,1.893
2026-09-01T01:28Z,8490,g95e5,1.815
2026-09-01T01:28Z,8490,gA,1.848
2026-09-01T01:28Z,8490,gP,1.928
2026-09-01T01:28Z,8490,g98e5,1.955
2026-09-01T01:28Z,8495,g95e5,1.859
2026-09-01T01:28Z,8495,gA,1.809
2026-09-01T01:28Z,8495,gP,1.897
2026-09-01T01:28Z,8495,g98e5,1.959
2026-09-01T01:28Z,8499,g95e5,1.725
2026-09-01T01:28Z,8499,gA,1.725
2026-09-01T01:28Z,8515,g95e5,1.834
2026-09-01T01:28Z,8515,gA,1.818
2026-09-01T01:28Z,8515,gP,1.898
2026-09-01T01:28Z,8515,g98e5,1.974
2026-09-01T01:28Z,8516,g95e5,1.805
2026-09-01T01:28Z,8516,gA,1.758
2026-09-01T01:28Z,8516,gP,1.838
2026-09-01T01:28Z,8516,g98e5,1.945
2026-09-01T01:28Z,8517,g95e5,1.726
2026-09-01T01:28Z,8517,gA,1.664
2026-09-01T01:28Z,8517,gP,1.674
2026-09-01T01:28Z,8517,g95e5p,1.736
2026-09-01T01:28Z,8519,g95e5,1.814
2026-09-01T01:28Z,8519,gA,1.813
2026-09-01T01:28Z,8519,gP,1.893
2026-09-01T01:28Z,8519,g98e5,1.954
2026-09-01T01:28Z,8520,g95e5,1.799
2026-09-01T01:28Z,8520,gA,1.798
2026-09-01T01:28Z,8520,gP,1.878
2026-09-01T01:28Z,8520,g98e5,1.939
2026-09-01T01:28Z,8523,g95e5,1.704
2026-09-01T01:28Z,8523,gA,1.678
2026-09-01T01:28Z,8523,gP,1.778
2026-09-01T01:28Z,8523,g98e5,1.904
2026-09-01T01:28Z,8526,g95e5,1.759
2026-09-01T01:28Z,8526,gA,1.698
2026-09-01T01:28Z,8526,gP,1.778
2026-09-01T01:28Z,8526,g98e5,1.899
2026-09-01T01:28Z,8529,g95e5,1.759
2026-09-01T01:28Z,8529,gA,1.678
2026-09-01T01:28Z,8529,gP,1.758
2026-09-01T01:28Z,8529,g98e5,1.899
2026-09-01T01:28Z,8530,g95e5,1.759
2026-09-01T01:28Z,8530,gA,1.698
2026-09-01T01:28Z,8530,gP,1.778
2026-09-01T01:28Z,8532,g95e5,1.709
2026-09-01T01:28Z,8532,gA,1.648
2026-09-01T01:28Z,8532,gP,1.748
2026-09-01T01:28Z,8532,g98e5,1.909
2026-09-01T01:28Z,8533,g95e5,1.799
2026-09-01T01:28Z,8533,gA,1.698
2026-09-01T01:28Z,8533,gP,1.778
2026-09-01T01:28Z,8533,g98e5,1.939
2026-09-01T01:28Z,8535,g95e5,1.759
2026-09-01T01:28Z,8535,gA,1.698
2026-09-01T01:28Z,8535,gP,1.778
2026-09-01T01:28Z,8535,g98e5,1.899
2026-09-01T01:28Z,8536,g95e5,1.659
2026-09-01T01:28Z,8536,gA,1.579
2026-09-01T01:28Z,8536,g98e5,1.759
2026-09-01T01:28Z,8536,bio,1.549
2026-09-01T01:28Z,8537,g95e5,1.849
2026-09-01T01:28Z,8537,gA,1.848
2026-09-01T01:28Z,8537,gP,1.928
2026-09-01T01:28Z,8537,g98e5,1.989
2026-09-01T01:28Z,8541,g95e5,1.879
2026-09-01T01:28Z,8541,gA,1.794
2026-09-01T01:28Z,8541,gP,1.874
2026-09-01T01:28Z,8541,g98e5,2.019
2026-09-01T01:28Z,8548,g95e5,1.799
2026-09-01T01:28Z,8548,gA,1.764
2026-09-01T01:28Z,8548,gP,1.844
2026-09-01T01:28Z,8549,g95e5,1.759
2026-09-01T01:28Z,8549,gA,1.678
2026-09-01T01:28Z,8549,gP,1.758
2026-09-01T01:28Z,8549,g98e5,1.899
2026-09-01T01:28Z,8551,g95e5,1.819
2026-09-01T01:28Z,8551,gA,1.678
2026-09-01T01:28Z,8551,gP,1.758
2026-09-01T01:28Z,8551,g98e5,1.959
2026-09-01T01:28Z,8553,g95e5,1.819
2026-09-01T01:28Z,8553,gA,1.768
2026-09-01T01:28Z,8553,gP,1.848
2026-09-01T01:28Z,8553,g98e5,1.959
2026-09-01T01:28Z,8555,g95e5,1.819
2026-09-01T01:28Z,8555,gA,1.738
2026-09-01T01:28Z,8555,gP,1.818
2026-09-01T01:28Z,8555,g98e5,1.959
2026-09-01T01:28Z,8556,g95e5,1.879
2026-09-01T01:28Z,8556,gA,1.778
2026-09-01T01:28Z,8556,gP,1.858
2026-09-01T01:28Z,8556,g98e5,2.019
2026-09-01T01:28Z,8564,g95e5,1.719
2026-09-01T01:28Z,8564,gA,1.658
2026-09-01T01:28Z,8564,gP,1.758
2026-09-01T01:28Z,8564,g98e5,1.919
2026-09-01T01:28Z,8565,g95e5,1.829
2026-09-01T01:28Z,8565,gA,1.738
2026-09-01T01:28Z,8565,gP,1.818
2026-09-01T01:28Z,8565,g98e5,1.969
2026-09-01T01:28Z,8568,g95e5,1.819
2026-09-01T01:28Z,8568,gA,1.778
2026-09-01T01:28Z,8568,gP,1.858
2026-09-01T01:28Z,8568,g98e5,1.959
2026-09-01T01:28Z,8569,g95e5,1.819
2026-09-01T01:28Z,8569,gA,1.778
2026-09-01T01:28Z,8569,gP,1.858
2026-09-01T01:28Z,8569,g98e5,1.959
2026-09-01T01:28Z,8578,g95e5,1.839
2026-09-01T01:28Z,8578,gA,1.778
2026-09-01T01:28Z,8578,gP,1.858
2026-09-01T01:28Z,8578,g98e5,1.979
2026-09-01T01:28Z,8777,g95e5,1.719
2026-09-01T01:28Z,8777,gA,1.658
2026-09-01T01:28Z,8777,gP,1.668
2026-09-01T01:28Z,8791,g95e5,1.859
2026-09-01T01:28Z,8791,gA,1.778
2026-09-01T01:28Z,8791,gP,1.858
2026-09-01T01:28Z,8791,g98e5,1.999
2026-09-01T01:28Z,8793,g95e5,1.794
2026-09-01T01:28Z,8793,gA,1.843
2026-09-01T01:28Z,8793,gP,1.923
2026-09-01T01:28Z,8892,g95e5,1.669
2026-09-01T01:28Z,8892,gA,1.588
2026-09-01T01:28Z,8892,gP,1.598
2026-09-01T01:28Z,8892,g95e5p,1.679
2026-09-01T01:28Z,8964,g95e5,1.829
2026-09-01T01:28Z,8964,gA,1.778
2026-09-01T01:28Z,8964,gP,1.858
2026-09-01T01:28Z,8975,g95e5,1.889
2026-09-01T01:28Z,8975,gA,1.803
2026-09-01T01:28Z,8975,gP,1.883
2026-09-01T01:28Z,8975,g98e5,2.029
2026-09-01T01:28Z,9009,gA,1.799
2026-09-01T01:28Z,9063,g95e5,1.719
2026-09-01T01:28Z,9063,gA,1.649
2026-09-01T01:28Z,9064,g95e5,1.719
2026-09-01T01:28Z,9064,gA,1.649
2026-09-01T01:28Z,9066,g95e5,1.819
2026-09-01T01:28Z,9066,gA,1.778
2026-09-01T01:28Z,9066,gP,1.858
2026-09-01T01:28Z,9066,g98e5,1.959
2026-09-01T01:28Z,9102,g95e5,1.769
2026-09-01T01:28Z,9102,gA,1.889
2026-09-01T01:28Z,9102,gP,1.939
2026-09-01T01:28Z,9102,g95e5p,1.819
2026-09-01T01:28Z,9104,g95e5,1.689
2026-09-01T01:28Z,9104,gA,1.588
2026-09-01T01:28Z,9104,gP,1.598
2026-09-01T01:28Z,9117,g95e5,1.864
2026-09-01T01:28Z,9117,gA,1.773
2026-09-01T01:28Z,9117,gP,1.853
2026-09-01T01:28Z,9117,g98e5,2.004
2026-09-01T01:28Z,9118,g95e5,1.864
2026-09-01T01:28Z,9118,gA,1.773
2026-09-01T01:28Z,9118,gP,1.853
2026-09-01T01:28Z,9118,g98e5,2.004
2026-09-01T01:28Z,9119,g95e5,1.859
2026-09-01T01:28Z,9119,gA,1.758
2026-09-01T01:28Z,9119,gP,1.838
2026-09-01T01:28Z,9119,g98e5,1.999
2026-09-01T01:28Z,9187,g95e5,1.869
2026-09-01T01:28Z,9187,gA,1.859
2026-09-01T01:28Z,9187,gP,1.969
2026-09-01T01:28Z,9187,g98e5,1.999
2026-09-01T01:28Z,9300,g95e5,1.839
2026-09-01T01:28Z,9300,gA,1.853
2026-09-01T01:28Z,9300,gP,1.933
2026-09-01T01:28Z,9308,g95e5,1.794
2026-09-01T01:28Z,9308,gA,1.803
2026-09-01T01:28Z,9308,gP,1.883
2026-09-01T01:28Z,9320,gA,1.799
2026-09-01T01:28Z,9320,gP,1.889
2026-09-01T01:28Z,9329,g95e5,1.655
2026-09-01T01:28Z,9329,gA,1.645
2026-09-01T01:28Z,9344,g95e5,1.759
2026-09-01T01:28Z,9344,g95e5p,1.809
2026-09-01T01:28Z,9360,g95e5,1.719
2026-09-01T01:28Z,9360,gA,1.649
2026-09-01T01:28Z,9380,g95e5,1.799
2026-09-01T01:28Z,9380,gA,1.678
2026-09-01T01:28Z,9380,gP,1.758
2026-09-01T01:28Z,9380,g98e5,1.939
2026-09-01T01:28Z,9423,g95e5,1.834
2026-09-01T01:28Z,9423,gA,1.818
2026-09-01T01:28Z,9423,gP,1.898
2026-09-01T01:28Z,9423,g98e5,1.974
2026-09-01T01:28Z,9427,g95e5,1.689
2026-09-01T01:28Z,9427,gA,1.699
2026-09-01T01:28Z,9457,g95e5,1.729
2026-09-01T01:28Z,9457,gA,1.729
2026-09-01T01:28Z,9464,g95e5,1.654
2026-09-01T01:28Z,9467,g95e5,1.879
2026-09-01T01:28Z,9467,gA,1.828
2026-09-01T01:28Z,9467,gP,1.908
2026-09-01T01:28Z,9467,g98e5,2.019
2026-09-01T01:28Z,9476,g95e5,1.739
2026-09-01T01:28Z,9476,gA,1.668
2026-09-01T01:28Z,9494,g95e5,1.794
2026-09-01T01:28Z,9494,gA,1.819
2026-09-01T01:28Z,9494,gP,1.909
2026-09-01T01:28Z,9494,g98e5,1.934
2026-09-01T01:28Z,9494,gB,1.664
2026-09-01T01:28Z,9507,g95e5,1.819
2026-09-01T01:28Z,9507,gA,1.829
2026-09-01T01:28Z,9507,g98e5,1.989
2026-09-01T01:28Z,9520,g95e5,1.819
2026-09-01T01:28Z,9547,g95e5,1.659
2026-09-01T01:28Z,9547,gA,1.579
2026-09-01T01:28Z,9589,g95e5,1.899
2026-09-01T01:28Z,9589,gA,1.843
2026-09-01T01:28Z,9589,gP,1.923
2026-09-01T01:28Z,9589,g98e5,2.039
2026-09-01T01:28Z,9611,g95e5,1.799
2026-09-01T01:28Z,9611,gA,1.803
2026-09-01T01:28Z,9611,gP,1.883
2026-09-01T01:28Z,9611,g98e5,1.939
2026-09-01T01:28Z,9672,g95e5,1.619
2026-09-01T01:28Z,9672,gA,1.579
2026-09-01T01:28Z,9697,g95e5,1.879
2026-09-01T01:28Z,9697,gA,1.899
2026-09-01T01:28Z,9697,gB,1.637
2026-09-01T01:28Z,9825,g95e5,1.749
2026-09-01T01:28Z,9825,gA,1.678
2026-09-01T01:28Z,9825,gP,1.688
2026-09-01T01:28Z,9825,g95e5p,1.759
2026-09-01T01:28Z,9844,g95e5,1.889
2026-09-01T01:28Z,9844,gA,1.889
2026-09-01T01:28Z,9844,g98e5,2.049
2026-09-01T01:28Z,9847,g95e5,1.889
2026-09-01T01:28Z,9847,gA,1.809
2026-09-01T01:28Z,9847,g98e5,2.049
2026-09-01T01:28Z,9847,g95e5p,1.989
2026-09-01T01:28Z,9851,g95e5,1.669
2026-09-01T01:28Z,9851,gA,1.648
2026-09-01T01:28Z,9851,gP,1.748
2026-09-01T01:28Z,9851,g98e5,1.869
2026-09-01T01:28Z,9915,g95e5,1.819
2026-09-01T01:28Z,9956,gA,1.765
2026-09-01T01:28Z,9956,gP,1.815
2026-09-01T01:28Z,9960,g95e5,1.749
2026-09-01T01:28Z,9960,gA,1.628
2026-09-01T01:28Z,9960,gP,1.638
2026-09-01T01:28Z,10019,gA,1.829
2026-09-01T01:28Z,10019,gP,1.869
2026-09-01T01:28Z,10032,g95e5,1.859
2026-09-01T01:28Z,10032,gA,1.778
2026-09-01T01:28Z,10032,gP,1.858
2026-09-01T01:28Z,10032,g98e5,1.999
2026-09-01T01:28Z,10039,g95e5,1.849
2026-09-01T01:28Z,10039,gA,1.821
2026-09-01T01:28Z,10039,gP,1.909
2026-09-01T01:28Z,10039,g98e5,1.989
2026-09-01T01:28Z,10103,g95e5,1.759
2026-09-01T01:28Z,10103,gA,1.638
2026-09-01T01:28Z,10129,gA,1.659
2026-09-01T01:28Z,10162,g95e5,1.769
2026-09-01T01:28Z,10162,gA,1.748
2026-09-01T01:28Z,10162,gP,1.828
2026-09-01T01:28Z,10162,g98e5,1.909
2026-09-01T01:28Z,10163,g95e5,1.859
2026-09-01T01:28Z,10163,gA,1.828
2026-09-01T01:28Z,10163,gP,1.908
2026-09-01T01:28Z,10163,g98e5,1.999
2026-09-01T01:28Z,10172,g95e5,1.679
2026-09-01T01:28Z,10172,gA,1.658
2026-09-01T01:28Z,10172,gP,1.758
2026-09-01T01:28Z,10172,g98e5,1.879
2026-09-01T01:28Z,10173,g95e5,1.769
2026-09-01T01:28Z,10173,gA,1.678
2026-09-01T01:28Z,10173,gP,1.778
2026-09-01T01:28Z,10173,g98e5,1.969
2026-09-01T01:28Z,10174,g95e5,1.759
2026-09-01T01:28Z,10174,gA,1.678
2026-09-01T01:28Z,10174,gP,1.758
2026-09-01T01:28Z,10234,g95e5,1.819
2026-09-01T01:28Z,10234,gA,1.838
2026-09-01T01:28Z,10234,gP,1.918
2026-09-01T01:28Z,10234,g98e5,1.959
2026-09-01T01:28Z,10245,g95e5,1.707
2026-09-01T01:28Z,10245,gA,1.625
2026-09-01T01:28Z,10256,g95e5,1.697
2026-09-01T01:28Z,10256,gA,1.717
2026-09-01T01:28Z,10261,g95e5,1.759
2026-09-01T01:28Z,10261,gA,1.738
2026-09-01T01:28Z,10261,gP,1.748
2026-09-01T01:28Z,10271,g95e5,1.639
2026-09-01T01:28Z,10271,gA,1.699
2026-09-01T01:28Z,10339,g95e5,1.724
2026-09-01T01:28Z,10339,gA,1.684
2026-09-01T01:28Z,10339,gP,1.745
2026-09-01T01:28Z,10339,g95e5p,1.785
2026-09-01T01:28Z,10339,gB,1.430
2026-09-01T01:28Z,10446,g95e5,1.699
2026-09-01T01:28Z,10446,gA,1.618
2026-09-01T01:28Z,10520,g95e5,1.759
2026-09-01T01:28Z,10520,gA,1.648
2026-09-01T01:28Z,10520,gP,1.748
2026-09-01T01:28Z,10520,g98e5,1.959
2026-09-01T01:28Z,10525,g95e5,1.859
2026-09-01T01:28Z,10525,gA,1.799
2026-09-01T01:28Z,10525,gB,1.469
2026-09-01T01:28Z,10543,g95e5,1.399
2026-09-01T01:28Z,10543,gA,1.499
2026-09-01T01:28Z,10543,gP,1.599
2026-09-01T01:28Z,10543,g98e5,1.529
2026-09-01T01:28Z,10558,g95e5,1.709
2026-09-01T01:28Z,10558,gA,1.638
2026-09-01T01:28Z,10558,gP,1.738
2026-09-01T01:28Z,10558,g98e5,1.909
2026-09-01T01:28Z,10572,g95e5,1.675
2026-09-01T01:28Z,10572,gA,1.765
2026-09-01T01:28Z,10574,g95e5,1.829
2026-09-01T01:28Z,10574,gA,1.778
2026-09-01T01:28Z,10574,gP,1.858
2026-09-01T01:28Z,10574,g98e5,1.969
2026-09-01T01:28Z,10582,g95e5,1.829
2026-09-01T01:28Z,10582,gA,1.809
2026-09-01T01:28Z,10582,gP,1.899
2026-09-01T01:28Z,10582,g98e5,1.969
2026-09-01T01:28Z,10593,g95e5,1.829
2026-09-01T01:28Z,10593,gA,1.848
2026-09-01T01:28Z,10593,gP,1.928
2026-09-01T01:28Z,10593,g98e5,1.969
2026-09-01T01:28Z,10614,g95e5,1.799
2026-09-01T01:28Z,10614,gA,1.728
2026-09-01T01:28Z,10614,gP,1.808
2026-09-01T01:28Z,10614,g98e5,1.939
2026-09-01T01:28Z,10615,g95e5,1.729
2026-09-01T01:28Z,10615,gA,1.668
2026-09-01T01:28Z,10615,gP,1.768
2026-09-01T01:28Z,10752,g95e5,1.729
2026-09-01T01:28Z,10752,gA,1.679
2026-09-01T01:28Z,10752,g98e5,1.859
2026-09-01T01:28Z,10752,bio,1.579
2026-09-01T01:28Z,10758,gA,1.749
2026-09-01T01:28Z,10758,gP,1.789
2026-09-01T01:28Z,10759,gA,1.819
2026-09-01T01:28Z,10759,gP,1.859
2026-09-01T01:28Z,10765,gA,1.799
2026-09-01T01:28Z,10765,gP,1.839
2026-09-01T01:28Z,10767,gA,1.779
2026-09-01T01:28Z,10767,gP,1.819
2026-09-01T01:28Z,10768,gA,1.799
2026-09-01T01:28Z,10768,gP,1.839
2026-09-01T01:28Z,10771,gA,1.809
2026-09-01T01:28Z,10771,gP,1.849
2026-09-01T01:28Z,10772,gA,1.809
2026-09-01T01:28Z,10772,gP,1.849
2026-09-01T01:28Z,10773,gA,1.819
2026-09-01T01:28Z,10773,gP,1.859
2026-09-01T01:28Z,10774,gA,1.819
2026-09-01T01:28Z,10774,gP,1.859
2026-09-01T01:28Z,10775,gA,1.739
2026-09-01T01:28Z,10775,gP,1.779
2026-09-01T01:28Z,10828,g95e5,1.759
2026-09-01T01:28Z,10828,gA,1.718
2026-09-01T01:28Z,10828,gP,1.798
2026-09-01T01:28Z,10828,g98e5,1.899
2026-09-01T01:28Z,10844,g95e5,1.839
2026-09-01T01:28Z,10844,gA,1.768
2026-09-01T01:28Z,10844,gP,1.848
2026-09-01T01:28Z,10844,g98e5,1.979
2026-09-01T01:28Z,10849,gA,1.819
2026-09-01T01:28Z,10849,gP,1.859
2026-09-01T01:28Z,10858,g95e5,1.669
2026-09-01T01:28Z,10858,gA,1.588
2026-09-01T01:28Z,10858,gP,1.598
2026-09-01T01:28Z,10899,gA,1.808
2026-09-01T01:28Z,10899,gP,1.818
2026-09-01T01:28Z,10899,gB,1.418
2026-09-01T01:28Z,10939,g95e5,1.809
2026-09-01T01:28Z,10939,gA,1.778
2026-09-01T01:28Z,10944,g95e5,1.709
2026-09-01T01:28Z,10944,gA,1.668
2026-09-01T01:28Z,10959,gA,1.699
2026-09-01T01:28Z,11020,g95e5,1.739
2026-09-01T01:28Z,11020,gA,1.719
2026-09-01T01:28Z,11020,gP,1.729
2026-09-01T01:28Z,11034,g95e5,1.795
2026-09-01T01:28Z,11034,g98e5,1.907
2026-09-01T01:28Z,11037,gA,1.799
2026-09-01T01:28Z,11037,gP,1.839
2026-09-01T01:28Z,11060,g95e5,1.899
2026-09-01T01:28Z,11060,g98e5,2.099
2026-09-01T01:28Z,11063,gA,1.739
2026-09-01T01:28Z,11063,gP,1.779
2026-09-01T01:28Z,11112,g95e5,1.679
2026-09-01T01:28Z,11117,gA,1.799
2026-09-01T01:28Z,11117,gP,1.839
2026-09-01T01:28Z,11118,gA,1.779
2026-09-01T01:28Z,11118,gP,1.819
2026-09-01T01:28Z,11123,g95e5,1.859
2026-09-01T01:28Z,11123,gA,1.799
2026-09-01T01:28Z,11123,gP,1.869
2026-09-01T01:28Z,11153,g95e5,1.699
2026-09-01T01:28Z,11153,gA,1.749
2026-09-01T01:28Z,11176,g95e5,1.759
2026-09-01T01:28Z,11176,gA,1.768
2026-09-01T01:28Z,11176,gP,1.848
2026-09-01T01:28Z,11176,g98e5,1.899
2026-09-01T01:28Z,11186,gA,1.789
2026-09-01T01:28Z,11186,gP,1.829
2026-09-01T01:28Z,11193,g95e5,1.809
2026-09-01T01:28Z,11193,gA,1.783
2026-09-01T01:28Z,11193,gP,1.863
2026-09-01T01:28Z,11193,g98e5,1.949
2026-09-01T01:28Z,11246,g95e5,1.739
2026-09-01T01:28Z,11246,gA,1.708
2026-09-01T01:28Z,11246,gP,1.718
2026-09-01T01:28Z,11249,g95e5,1.819
2026-09-01T01:28Z,11249,gA,1.698
2026-09-01T01:28Z,11249,gP,1.778
2026-09-01T01:28Z,11249,g98e5,1.959
2026-09-01T01:28Z,11255,g95e5,1.804
2026-09-01T01:28Z,11255,gA,1.919
2026-09-01T01:28Z,11255,gP,2.009
2026-09-01T01:28Z,11265,g95e5,1.759
2026-09-01T01:28Z,11265,gA,1.678
2026-09-01T01:28Z,11265,gP,1.758
2026-09-01T01:28Z,11265,g98e5,1.899
2026-09-01T01:28Z,11267,gA,1.809
2026-09-01T01:28Z,11267,gP,1.849
2026-09-01T01:28Z,11283,g95e5,1.849
2026-09-01T01:28Z,11283,gA,1.778
2026-09-01T01:28Z,11283,gP,1.858
2026-09-01T01:28Z,11283,g98e5,1.989
2026-09-01T01:28Z,11284,g95e5,1.859
2026-09-01T01:28Z,11284,gA,1.799
2026-09-01T01:28Z,11284,gP,1.899
2026-09-01T01:28Z,11284,g98e5,1.979
2026-09-01T01:28Z,11288,g95e5,1.799
2026-09-01T01:28Z,11288,gA,1.778
2026-09-01T01:28Z,11288,gP,1.858
2026-09-01T01:28Z,11295,gA,1.779
2026-09-01T01:28Z,11295,gP,1.819
2026-09-01T01:28Z,11305,g95e5,1.869
2026-09-01T01:28Z,11305,g98e5,1.989
2026-09-01T01:28Z,11306,g95e5,1.869
2026-09-01T01:28Z,11306,g98e5,1.989
2026-09-01T01:28Z,11313,g95e5,1.649
2026-09-01T01:28Z,11325,gA,1.729
2026-09-01T01:28Z,11325,gP,1.769
2026-09-01T01:28Z,11327,g95e5,1.759
2026-09-01T01:28Z,11327,gA,1.929
2026-09-01T01:28Z,11327,gP,1.979
2026-09-01T01:28Z,11327,g95e5p,1.809
2026-09-01T01:28Z,11330,g95e5,1.679
2026-09-01T01:28Z,11330,gA,1.739
2026-09-01T01:28Z,11354,gA,1.779
2026-09-01T01:28Z,11354,gP,1.819
2026-09-01T01:28Z,11371,g95e5,1.799
2026-09-01T01:28Z,11371,gA,1.718
2026-09-01T01:28Z,11371,gP,1.798
2026-09-01T01:28Z,11371,g98e5,1.939
2026-09-01T01:28Z,11389,g95e5,1.759
2026-09-01T01:28Z,11389,gA,1.698
2026-09-01T01:28Z,11389,gP,1.778
2026-09-01T01:28Z,11389,g98e5,1.899
2026-09-01T01:28Z,11400,g95e5,1.859
2026-09-01T01:28Z,11400,gA,1.778
2026-09-01T01:28Z,11400,gP,1.858
2026-09-01T01:28Z,11400,g98e5,1.999
2026-09-01T01:28Z,11445,g95e5,1.879
2026-09-01T01:28Z,11445,gA,1.843
2026-09-01T01:28Z,11445,gP,1.923
2026-09-01T01:28Z,11445,g98e5,2.019
2026-09-01T01:28Z,11445,bio,1.843
2026-09-01T01:28Z,11452,g95e5,1.699
2026-09-01T01:28Z,11452,gA,1.658
2026-09-01T01:28Z,11452,gP,1.668
2026-09-01T01:28Z,11452,g95e5p,1.709
2026-09-01T01:28Z,11459,g95e5,1.919
2026-09-01T01:28Z,11459,gA,1.899
2026-09-01T01:28Z,11459,gB,1.739
2026-09-01T01:28Z,11467,g95e5,1.759
2026-09-01T01:28Z,11467,gA,1.678
2026-09-01T01:28Z,11467,gP,1.758
2026-09-01T01:28Z,11467,g98e5,1.899
2026-09-01T01:28Z,11468,g95e5,1.724
2026-09-01T01:28Z,11468,gA,1.663
2026-09-01T01:28Z,11485,g95e5,1.789
2026-09-01T01:28Z,11485,gA,1.828
2026-09-01T01:28Z,11485,gP,1.908
2026-09-01T01:28Z,11485,g98e5,1.929
2026-09-01T01:28Z,11495,gA,1.789
2026-09-01T01:28Z,11495,gP,1.829
2026-09-01T01:28Z,11504,g95e5,1.717
2026-09-01T01:28Z,11504,gA,1.683
2026-09-01T01:28Z,11504,gP,1.773
2026-09-01T01:28Z,11504,g98e5,1.846
2026-09-01T01:28Z,11506,g95e5,1.844
2026-09-01T01:28Z,11506,gA,1.868
2026-09-01T01:28Z,11506,gP,1.948
2026-09-01T01:28Z,11506,g98e5,1.984
2026-09-01T01:28Z,11528,gA,1.819
2026-09-01T01:28Z,11528,gP,1.859
2026-09-01T01:28Z,11529,gA,1.789
2026-09-01T01:28Z,11529,gP,1.829
2026-09-01T01:28Z,11556,g95e5,1.809
2026-09-01T01:28Z,11556,gA,1.798
2026-09-01T01:28Z,11556,gP,1.878
2026-09-01T01:28Z,11556,g98e5,1.949
2026-09-01T01:28Z,11559,g95e5,1.719
2026-09-01T01:28Z,11559,gA,1.659
2026-09-01T01:28Z,11577,g95e5,1.849
2026-09-01T01:28Z,11577,gA,1.878
2026-09-01T01:28Z,11577,gP,1.958
2026-09-01T01:28Z,11577,g98e5,1.989
2026-09-01T01:28Z,11582,g95e5,1.769
2026-09-01T01:28Z,11582,gA,1.688
2026-09-01T01:28Z,11582,g98e5,1.909
2026-09-01T01:28Z,11583,g95e5,1.875
2026-09-01T01:28Z,11583,gA,1.818
2026-09-01T01:28Z,11583,gP,1.888
2026-09-01T01:28Z,11583,g98e5,1.985
2026-09-01T01:28Z,11585,gA,1.819
2026-09-01T01:28Z,11585,gP,1.859
2026-09-01T01:28Z,11595,g95e5,1.644
2026-09-01T01:28Z,11595,g98e5,1.764
2026-09-01T01:28Z,11614,g95e5,1.809
2026-09-01T01:28Z,11614,gA,1.748
2026-09-01T01:28Z,11614,gP,1.828
2026-09-01T01:28Z,11614,g98e5,1.949
2026-09-01T01:28Z,11645,g95e5,1.699
2026-09-01T01:28Z,11645,gA,1.638
2026-09-01T01:28Z,11645,gP,1.648
2026-09-01T01:28Z,11649,gA,1.789
2026-09-01T01:28Z,11649,gP,1.829
2026-09-01T01:28Z,11651,gB,1.459
2026-09-01T01:28Z,11654,g95e5,1.879
2026-09-01T01:28Z,11654,gA,1.829
2026-09-01T01:28Z,11654,gP,1.909
2026-09-01T01:28Z,11654,g98e5,2.069
2026-09-01T01:28Z,11667,g95e5,1.759
2026-09-01T01:28Z,11667,gA,1.658
2026-09-01T01:28Z,11667,gP,1.758
2026-09-01T01:28Z,11667,g98e5,1.959
2026-09-01T01:28Z,11676,g95e5,1.879
2026-09-01T01:28Z,11676,gA,1.788
2026-09-01T01:28Z,11676,gP,1.868
2026-09-01T01:28Z,11676,g98e5,2.019
2026-09-01T01:28Z,11679,g95e5,1.899
2026-09-01T01:28Z,11679,gA,1.799
2026-09-01T01:28Z,11679,gP,1.899
2026-09-01T01:28Z,11679,g98e5,2.049
2026-09-01T01:28Z,11712,g95e5,1.850
2026-09-01T01:28Z,11712,gA,1.799
2026-09-01T01:28Z,11712,gP,1.839
2026-09-01T01:28Z,11712,gB,1.469
2026-09-01T01:28Z,11730,g95e5,1.834
2026-09-01T01:28Z,11730,gA,1.728
2026-09-01T01:28Z,11730,gP,1.808
2026-09-01T01:28Z,11730,g98e5,1.974
2026-09-01T01:28Z,11732,g95e5,1.679
2026-09-01T01:28Z,11769,g95e5,1.829
2026-09-01T01:28Z,11769,gA,1.738
2026-09-01T01:28Z,11769,gP,1.818
2026-09-01T01:28Z,11769,g98e5,1.969
2026-09-01T01:28Z,11779,gA,1.749
2026-09-01T01:28Z,11779,gP,1.789
2026-09-01T01:28Z,11795,g95e5,1.804
2026-09-01T01:28Z,11795,gA,1.758
2026-09-01T01:28Z,11795,gP,1.838
2026-09-01T01:28Z,11795,g98e5,1.944
2026-09-01T01:28Z,11796,g95e5,1.759
2026-09-01T01:28Z,11796,gA,1.708
2026-09-01T01:28Z,11796,gP,1.788
2026-09-01T01:28Z,11796,g98e5,1.899
2026-09-01T01:28Z,11804,g95e5,1.795
2026-09-01T01:28Z,11804,g98e5,1.907
2026-09-01T01:28Z,11816,gA,1.759
2026-09-01T01:28Z,11816,gP,1.799
2026-09-01T01:28Z,11820,gA,1.670
2026-09-01T01:28Z,11830,g95e5,1.869
2026-09-01T01:28Z,11830,gA,1.799
2026-09-01T01:28Z,11830,gP,1.859
2026-09-01T01:28Z,11830,g98e5,1.989
2026-09-01T01:28Z,11841,g95e5,1.759
2026-09-01T01:28Z,11841,gA,1.738
2026-09-01T01:28Z,11841,gP,1.818
2026-09-01T01:28Z,11841,g98e5,1.899
2026-09-01T01:28Z,11856,g95e5,1.859
2026-09-01T01:28Z,11856,gA,1.843
2026-09-01T01:28Z,11856,gP,1.923
2026-09-01T01:28Z,11856,g98e5,1.999
2026-09-01T01:28Z,11866,g95e5,1.739
2026-09-01T01:28Z,11866,gA,1.718
2026-09-01T01:28Z,11866,gP,1.728
2026-09-01T01:28Z,11874,g95e5,1.759
2026-09-01T01:28Z,11874,gA,1.678
2026-09-01T01:28Z,11874,gP,1.758
2026-09-01T01:28Z,11874,g98e5,1.899
2026-09-01T01:28Z,11883,g95e5,1.859
2026-09-01T01:28Z,11883,gA,1.819
2026-09-01T01:28Z,11883,gP,1.889
2026-09-01T01:28Z,11883,g98e5,2.019
2026-09-01T01:28Z,11886,g95e5,1.659
2026-09-01T01:28Z,11886,gA,1.649
2026-09-01T01:28Z,11892,g95e5,1.828
2026-09-01T01:28Z,11892,gA,1.779
2026-09-01T01:28Z,11892,g98e5,1.958
2026-09-01T01:28Z,11918,gA,1.549
2026-09-01T01:28Z,11918,gP,1.589
2026-09-01T01:28Z,11922,g95e5,1.568
2026-09-01T01:28Z,11922,gA,1.634
2026-09-01T01:28Z,11922,gP,1.705
2026-09-01T01:28Z,11935,g95e5,1.719
2026-09-01T01:28Z,11935,gA,1.668
2026-09-01T01:28Z,11983,g95e5,1.669
2026-09-01T01:28Z,11983,gA,1.608
2026-09-01T01:28Z,11983,gP,1.618
2026-09-01T01:28Z,12007,g95e5,1.679
2026-09-01T01:28Z,12007,gA,1.678
2026-09-01T01:28Z,12015,g95e5,1.669
2026-09-01T01:28Z,12015,gA,1.669
2026-09-01T01:28Z,12035,g95e5,1.689
2026-09-01T01:28Z,12035,gA,1.628
2026-09-01T01:28Z,12035,gP,1.638
2026-09-01T01:28Z,12035,g95e5p,1.699
2026-09-01T01:28Z,12041,g95e5,1.859
2026-09-01T01:28Z,12041,gA,1.698
2026-09-01T01:28Z,12041,gP,1.778
2026-09-01T01:28Z,12041,g98e5,1.999
2026-09-01T01:28Z,12055,g95e5,1.699
2026-09-01T01:28Z,12055,g98e5,1.799
2026-09-01T01:28Z,12058,gA,1.839
2026-09-01T01:28Z,12062,gA,1.789
2026-09-01T01:28Z,12062,gP,1.829
2026-09-01T01:28Z,12063,g95e5,1.845
2026-09-01T01:28Z,12063,gA,1.838
2026-09-01T01:28Z,12063,gP,1.898
2026-09-01T01:28Z,12063,g98e5,1.955
2026-09-01T01:28Z,12068,g95e5,1.639
2026-09-01T01:28Z,12068,gA,1.518
2026-09-01T01:28Z,12068,gP,1.528
2026-09-01T01:28Z,12068,g95e5p,1.649
2026-09-01T01:28Z,12077,g95e5,1.569
2026-09-01T01:28Z,12077,gP,1.582
2026-09-01T01:28Z,12079,g95e5,1.874
2026-09-01T01:28Z,12079,gA,1.838
2026-09-01T01:28Z,12079,gP,1.918
2026-09-01T01:28Z,12079,g98e5,2.014
2026-09-01T01:28Z,12092,g95e5,1.679
2026-09-01T01:28Z,12092,gA,1.638
2026-09-01T01:28Z,12099,g95e5,1.859
2026-09-01T01:28Z,12099,gA,1.738
2026-09-01T01:28Z,12099,gP,1.818
2026-09-01T01:28Z,12099,g98e5,1.999
2026-09-01T01:28Z,12108,gA,1.779
2026-09-01T01:28Z,12108,gB,1.380
2026-09-01T01:28Z,12117,gA,1.789
2026-09-01T01:28Z,12139,g95e5,1.699
2026-09-01T01:28Z,12139,gA,1.737
2026-09-01T01:28Z,12143,g95e5,1.779
2026-09-01T01:28Z,12143,gA,1.698
2026-09-01T01:28Z,12143,gP,1.778
2026-09-01T01:28Z,12143,g98e5,1.919
2026-09-01T01:28Z,12143,bio,1.698
2026-09-01T01:28Z,12147,g95e5,1.819
2026-09-01T01:28Z,12147,gA,1.758
2026-09-01T01:28Z,12147,gP,1.838
2026-09-01T01:28Z,12147,g98e5,1.959
2026-09-01T01:28Z,12148,gA,1.769
2026-09-01T01:28Z,12148,gP,1.809
2026-09-01T01:28Z,12152,g95e5,1.829
2026-09-01T01:28Z,12152,gA,1.809
2026-09-01T01:28Z,12152,gP,1.899
2026-09-01T01:28Z,12152,g98e5,1.969
2026-09-01T01:28Z,12153,gA,1.729
2026-09-01T01:28Z,12153,gP,1.769
2026-09-01T01:28Z,12154,gA,1.719
2026-09-01T01:28Z,12154,gP,1.759
2026-09-01T01:28Z,12155,gA,1.769
2026-09-01T01:28Z,12155,gP,1.809
2026-09-01T01:28Z,12156,gA,1.799
2026-09-01T01:28Z,12157,g95e5,1.656
2026-09-01T01:28Z,12157,gA,1.648
2026-09-01T01:28Z,12179,gA,1.829
2026-09-01T01:28Z,12179,gP,1.869
2026-09-01T01:28Z,12186,g95e5,1.804
2026-09-01T01:28Z,12186,gA,1.788
2026-09-01T01:28Z,12186,gP,1.868
2026-09-01T01:28Z,12186,g98e5,1.944
2026-09-01T01:28Z,12197,g95e5,1.699
2026-09-01T01:28Z,12197,gA,1.628
2026-09-01T01:28Z,12201,g95e5,1.849
2026-09-01T01:28Z,12201,gA,1.788
2026-09-01T01:28Z,12201,gP,1.868
2026-09-01T01:28Z,12201,g98e5,1.989
2026-09-01T01:28Z,12205,g95e5,1.629
2026-09-01T01:28Z,12205,gA,1.689
2026-09-01T01:28Z,12205,gB,1.379
2026-09-01T01:28Z,12213,g95e5,1.824
2026-09-01T01:28Z,12213,gA,1.778
2026-09-01T01:28Z,12213,gP,1.858
2026-09-01T01:28Z,12213,g98e5,1.964
2026-09-01T01:28Z,12224,g95e5,1.699
2026-09-01T01:28Z,12224,gA,1.678
2026-09-01T01:28Z,12254,gA,1.799
2026-09-01T01:28Z,12257,g95e5,1.629
2026-09-01T01:28Z,12257,gA,1.697
2026-09-01T01:28Z,12266,gA,1.799
2026-09-01T01:28Z,12269,g95e5,1.699
2026-09-01T01:28Z,12269,gA,1.649
2026-09-01T01:28Z,12269,gP,1.649
2026-09-01T01:28Z,12270,g95e5,1.769
2026-09-01T01:28Z,12270,gA,1.738
2026-09-01T01:28Z,12278,g95e5,1.739
2026-09-01T01:28Z,12278,gA,1.648
2026-09-01T01:28Z,12286,gA,1.799
2026-09-01T01:28Z,12287,g95e5,1.679
2026-09-01T01:28Z,12287,gA,1.658
2026-09-01T01:28Z,12301,g95e5,1.735
2026-09-01T01:28Z,12301,gA,1.715
2026-09-01T01:28Z,12301,gP,1.765
2026-09-01T01:28Z,12308,gA,1.659
2026-09-01T01:28Z,12322,g95e5,1.719
2026-09-01T01:28Z,12322,gA,1.719
2026-09-01T01:28Z,12327,gA,1.759
2026-09-01T01:28Z,12327,gP,1.799
2026-09-01T01:28Z,12333,g95e5,1.679
2026-09-01T01:28Z,12333,gA,1.608
2026-09-01T01:28Z,12333,gP,1.618
2026-09-01T01:28Z,12333,g95e5p,1.689
2026-09-01T01:28Z,12360,g95e5,1.619
2026-09-01T01:28Z,12360,gA,1.669
2026-09-01T01:28Z,12364,g95e5,1.819
2026-09-01T01:28Z,12364,gA,1.768
2026-09-01T01:28Z,12364,gP,1.848
2026-09-01T01:28Z,12364,g98e5,1.959
2026-09-01T01:28Z,12368,g95e5,1.619
2026-09-01T01:28Z,12368,gA,1.578
2026-09-01T01:28Z,12384,gA,1.749
2026-09-01T01:28Z,12384,gP,1.789
2026-09-01T01:28Z,12398,g95e5,1.730
2026-09-01T01:28Z,12398,gA,1.760
2026-09-01T01:28Z,12398,gP,1.810
2026-09-01T01:28Z,12401,g95e5,1.831
2026-09-01T01:28Z,12401,gA,1.779
2026-09-01T01:28Z,12401,gP,1.869
2026-09-01T01:28Z,12401,g98e5,1.969
2026-09-01T01:28Z,12417,g95e5,1.749
2026-09-01T01:28Z,12417,gA,1.698
2026-09-01T01:28Z,12436,g95e5,1.809
2026-09-01T01:28Z,12436,gA,1.808
2026-09-01T01:28Z,12436,gP,1.888
2026-09-01T01:28Z,12436,g98e5,1.949
2026-09-01T01:28Z,12438,g95e5,1.829
2026-09-01T01:28Z,12438,gA,1.838
2026-09-01T01:28Z,12438,gP,1.918
2026-09-01T01:28Z,12438,g98e5,1.969
2026-09-01T01:28Z,12440,g95e5,1.799
2026-09-01T01:28Z,12440,gA,1.789
2026-09-01T01:28Z,12440,gP,1.879
2026-09-01T01:28Z,12440,g98e5,1.939
2026-09-01T01:28Z,12450,g95e5,1.739
2026-09-01T01:28Z,12450,gA,1.729
2026-09-01T01:28Z,12450,bio,1.649
2026-09-01T01:28Z,12464,g95e5,1.829
2026-09-01T01:28Z,12464,gA,1.748
2026-09-01T01:28Z,12464,gP,1.828
2026-09-01T01:28Z,12464,g98e5,1.969
2026-09-01T01:28Z,12467,g95e5,1.759
2026-09-01T01:28Z,12467,gA,1.708
2026-09-01T01:28Z,12467,gP,1.788
2026-09-01T01:28Z,12467,g98e5,1.899
2026-09-01T01:28Z,12468,g95e5,1.589
2026-09-01T01:28Z,12468,gA,1.578
2026-09-01T01:28Z,12486,gA,1.729
2026-09-01T01:28Z,12507,g95e5,1.859
2026-09-01T01:28Z,12507,gA,1.799
2026-09-01T01:28Z,12507,gP,1.839
2026-09-01T01:28Z,12508,g95e5,1.609
2026-09-01T01:28Z,12508,gA,1.478
2026-09-01T01:28Z,12522,g95e5,1.709
2026-09-01T01:28Z,12522,gA,1.678
2026-09-01T01:28Z,12538,g95e5,1.889
2026-09-01T01:28Z,12538,gA,1.828
2026-09-01T01:28Z,12538,gP,1.908
2026-09-01T01:28Z,12538,g98e5,2.029
2026-09-01T01:28Z,12547,g95e5,1.824
2026-09-01T01:28Z,12547,gA,1.788
2026-09-01T01:28Z,12547,gP,1.868
2026-09-01T01:28Z,12547,g98e5,1.964
2026-09-01T01:28Z,12548,g95e5,1.749
2026-09-01T01:28Z,12548,gA,1.705
2026-09-01T01:28Z,12550,g95e5,1.659
2026-09-01T01:28Z,12550,gA,1.629
2026-09-01T01:28Z,12550,bio,1.579
2026-09-01T01:28Z,12557,g95e5,1.709
2026-09-01T01:28Z,12557,gA,1.698
2026-09-01T01:28Z,12593,g95e5,1.739
2026-09-01T01:28Z,12593,gA,1.668
2026-09-01T01:28Z,12596,g95e5,1.899
2026-09-01T01:28Z,12596,gA,1.899
2026-09-01T01:28Z,12596,gP,1.999
2026-09-01T01:28Z,12596,g98e5,2.049
2026-09-01T01:28Z,12598,g95e5,1.849
2026-09-01T01:28Z,12598,gA,1.718
2026-09-01T01:28Z,12598,gP,1.798
2026-09-01T01:28Z,12598,g98e5,1.989
2026-09-01T01:28Z,12600,gA,1.819
2026-09-01T01:28Z,12605,g95e5,1.879
2026-09-01T01:28Z,12605,gA,1.799
2026-09-01T01:28Z,12605,gP,1.889
2026-09-01T01:28Z,12605,g98e5,2.019
2026-09-01T01:28Z,12621,g95e5,1.769
2026-09-01T01:28Z,12621,gA,1.748
2026-09-01T01:28Z,12628,g95e5,1.719
2026-09-01T01:28Z,12628,gA,1.699
2026-09-01T01:28Z,12631,g95e5,1.609
2026-09-01T01:28Z,12631,gA,1.478
2026-09-01T01:28Z,12635,gA,1.829
2026-09-01T01:28Z,12635,gP,1.869
2026-09-01T01:28Z,12645,g95e5,1.709
2026-09-01T01:28Z,12645,gA,1.634
2026-09-01T01:28Z,12682,g95e5,1.729
2026-09-01T01:28Z,12682,gA,1.737
2026-09-01T01:28Z,12688,g95e5,1.719
2026-09-01T01:28Z,12688,gA,1.664
2026-09-01T01:28Z,12694,g95e5,1.839
2026-09-01T01:28Z,12694,gA,1.748
2026-09-01T01:28Z,12694,gP,1.828
2026-09-01T01:28Z,12694,g98e5,1.979
2026-09-01T01:28Z,12707,g95e5,1.679
2026-09-01T01:28Z,12707,gA,1.638
2026-09-01T01:28Z,12730,g95e5,1.628
2026-09-01T01:28Z,12730,gA,1.556
2026-09-01T01:28Z,12733,g95e5,1.864
2026-09-01T01:28Z,12733,gA,1.788
2026-09-01T01:28Z,12733,gP,1.868
2026-09-01T01:28Z,12733,g98e5,2.004
2026-09-01T01:28Z,12736,g95e5,1.689
2026-09-01T01:28Z,12736,gA,1.678
2026-09-01T01:28Z,12738,g95e5,1.769
2026-09-01T01:28Z,12738,gA,1.688
2026-09-01T01:28Z,12765,g95e5,1.699
2026-09-01T01:28Z,12765,gA,1.699
2026-09-01T01:28Z,12766,g95e5,1.779
2026-09-01T01:28Z,12766,gA,1.708
2026-09-01T01:28Z,12766,gP,1.718
2026-09-01T01:28Z,12770,g95e5,1.795
2026-09-01T01:28Z,12770,gA,1.769
2026-09-01T01:28Z,12772,g95e5,1.689
2026-09-01T01:28Z,12772,gA,1.648
2026-09-01T01:28Z,12774,g95e5,1.719
2026-09-01T01:28Z,12774,gA,1.739
2026-09-01T01:28Z,12777,g95e5,1.759
2026-09-01T01:28Z,12777,gA,1.659
2026-09-01T01:28Z,12780,g95e5,1.749
2026-09-01T01:28Z,12780,gA,1.658
2026-09-01T01:28Z,12782,g95e5,1.749
2026-09-01T01:28Z,12782,gA,1.708
2026-09-01T01:28Z,12782,gP,1.718
2026-09-01T01:28Z,12788,g95e5,1.629
2026-09-01T01:28Z,12788,gA,1.647
2026-09-01T01:28Z,12790,g95e5,1.719
2026-09-01T01:28Z,12790,gA,1.668
2026-09-01T01:28Z,12790,gP,1.678
2026-09-01T01:28Z,12790,g95e5p,1.729
2026-09-01T01:28Z,12792,g95e5,1.739
2026-09-01T01:28Z,12792,gA,1.719
2026-09-01T01:28Z,12796,g95e5,1.729
2026-09-01T01:28Z,12796,gA,1.708
2026-09-01T01:28Z,12798,g95e5,1.769
2026-09-01T01:28Z,12798,gA,1.759
2026-09-01T01:28Z,12800,g95e5,1.639
2026-09-01T01:28Z,12800,gA,1.598
2026-09-01T01:28Z,12807,gA,1.699
2026-09-01T01:28Z,12809,g95e5,1.699
2026-09-01T01:28Z,12809,gA,1.628
2026-09-01T01:28Z,12812,gA,1.779
2026-09-01T01:28Z,12812,gP,1.819
2026-09-01T01:28Z,12816,gA,1.749
2026-09-01T01:28Z,12816,gP,1.789
2026-09-01T01:28Z,12818,g95e5,1.719
2026-09-01T01:28Z,12818,gA,1.668
2026-09-01T01:28Z,12826,gA,1.819
2026-09-01T01:28Z,12826,gP,1.859
2026-09-01T01:28Z,12828,g95e5,1.669
2026-09-01T01:28Z,12828,gA,1.628
2026-09-01T01:28Z,12834,g95e5,1.859
2026-09-01T01:28Z,12834,gA,1.843
2026-09-01T01:28Z,12834,gP,1.923
2026-09-01T01:28Z,12834,g98e5,1.999
2026-09-01T01:28Z,12842,g95e5,1.669
2026-09-01T01:28Z,12842,gA,1.679
2026-09-01T01:28Z,12856,g95e5,1.825
2026-09-01T01:28Z,12856,gA,1.815
2026-09-01T01:28Z,12856,gP,1.865
2026-09-01T01:28Z,12856,g98e5,1.945
2026-09-01T01:28Z,12868,g95e5,1.776
2026-09-01T01:28Z,12868,gA,1.658
2026-09-01T01:28Z,12869,g95e5,1.629
2026-09-01T01:28Z,12869,gA,1.608
2026-09-01T01:28Z,12876,g95e5,1.659
2026-09-01T01:28Z,12876,gA,1.599
2026-09-01T01:28Z,12878,g95e5,1.719
2026-09-01T01:28Z,12878,gA,1.668
2026-09-01T01:28Z,12878,gP,1.678
2026-09-01T01:28Z,12885,g95e5,1.749
2026-09-01T01:28Z,12885,gA,1.678
2026-09-01T01:28Z,12888,g95e5,1.739
2026-09-01T01:28Z,12888,gA,1.718
2026-09-01T01:28Z,12888,gP,1.728
2026-09-01T01:28Z,12894,g95e5,1.679
2026-09-01T01:28Z,12894,gA,1.659
2026-09-01T01:28Z,12898,g95e5,1.699
2026-09-01T01:28Z,12898,gA,1.668
2026-09-01T01:28Z,12898,gP,1.678
2026-09-01T01:28Z,12905,gA,1.779
2026-09-01T01:28Z,12905,gP,1.819
2026-09-01T01:28Z,12913,g95e5,1.669
2026-09-01T01:28Z,12913,gA,1.729
2026-09-01T01:28Z,12923,g95e5,1.619
2026-09-01T01:28Z,12923,gA,1.568
2026-09-01T01:28Z,12931,gA,1.809
2026-09-01T01:28Z,12931,gP,1.849
2026-09-01T01:28Z,12933,g95e5,1.619
2026-09-01T01:28Z,12933,gA,1.508
2026-09-01T01:28Z,12936,g95e5,1.724
2026-09-01T01:28Z,12936,gA,1.684
2026-09-01T01:28Z,12936,gP,1.745
2026-09-01T01:28Z,12940,g95e5,1.899
2026-09-01T01:28Z,12940,gA,1.849
2026-09-01T01:28Z,12940,gP,1.919
2026-09-01T01:28Z,12940,g98e5,2.019
2026-09-01T01:28Z,12940,g95e5p,1.959
2026-09-01T01:28Z,12941,g95e5,1.769
2026-09-01T01:28Z,12941,gA,1.739
2026-09-01T01:28Z,12957,g95e5,1.769
2026-09-01T01:28Z,12957,gA,1.739
2026-09-01T01:28Z,12960,gA,1.819
2026-09-01T01:28Z,12960,gP,1.859
2026-09-01T01:28Z,12961,gA,1.759
2026-09-01T01:28Z,12961,gP,1.799
2026-09-01T01:28Z,12963,g95e5,1.628
2026-09-01T01:28Z,12963,gA,1.556
2026-09-01T01:28Z,12973,g95e5,1.719
2026-09-01T01:28Z,12973,gA,1.668
2026-09-01T01:28Z,12978,g95e5,1.745
2026-09-01T01:28Z,12978,gA,1.689
2026-09-01T01:28Z,12986,g95e5,1.759
2026-09-01T01:28Z,12986,gA,1.699
2026-09-01T01:28Z,12987,g95e5,1.728
2026-09-01T01:28Z,12987,gA,1.668
2026-09-01T01:28Z,12988,g95e5,1.619
2026-09-01T01:28Z,12988,gA,1.679
2026-09-01T01:28Z,12990,g95e5,1.699
2026-09-01T01:28Z,12990,gA,1.699
2026-09-01T01:28Z,12995,g95e5,1.719
2026-09-01T01:28Z,12995,gA,1.638
2026-09-01T01:28Z,13004,g95e5,1.679
2026-09-01T01:28Z,13004,gA,1.638
2026-09-01T01:28Z,13005,g95e5,1.659
2026-09-01T01:28Z,13005,gA,1.578
2026-09-01T01:28Z,13010,g95e5,1.743
2026-09-01T01:28Z,13010,gA,1.673
2026-09-01T01:28Z,13011,g95e5,1.749
2026-09-01T01:28Z,13011,gA,1.718
2026-09-01T01:28Z,13013,g95e5,1.699
2026-09-01T01:28Z,13013,gA,1.638
2026-09-01T01:28Z,13016,g95e5,1.699
2026-09-01T01:28Z,13016,gA,1.619
2026-09-01T01:28Z,13020,g95e5,1.699
2026-09-01T01:28Z,13020,gA,1.668
2026-09-01T01:28Z,13032,g95e5,1.759
2026-09-01T01:28Z,13032,gA,1.709
2026-09-01T01:28Z,13035,g95e5,1.659
2026-09-01T01:28Z,13035,gA,1.579
2026-09-01T01:28Z,13051,g95e5,1.729
2026-09-01T01:28Z,13051,gA,1.735
2026-09-01T01:28Z,13052,gA,1.819
2026-09-01T01:28Z,13066,g95e5,1.709
2026-09-01T01:28Z,13066,gA,1.634
2026-09-01T01:28Z,13081,g95e5,1.735
2026-09-01T01:28Z,13081,gA,1.779
2026-09-01T01:28Z,13088,gA,1.859
2026-09-01T01:28Z,13088,gP,1.889
2026-09-01T01:28Z,13098,g95e5,1.759
2026-09-01T01:28Z,13098,gA,1.678
2026-09-01T01:28Z,13101,g95e5,1.699
2026-09-01T01:28Z,13101,gA,1.719
2026-09-01T01:28Z,13108,g95e5,1.785
2026-09-01T01:28Z,13108,gA,1.729
2026-09-01T01:28Z,13127,gA,1.849
2026-09-01T01:28Z,13127,gP,1.889
2026-09-01T01:28Z,13134,g95e5,1.839
2026-09-01T01:28Z,13134,g98e5,1.979
2026-09-01T01:28Z,13138,g95e5,1.627
2026-09-01T01:28Z,13138,gA,1.659
2026-09-01T01:28Z,13140,g95e5,1.769
2026-09-01T01:28Z,13140,gA,1.789
2026-09-01T01:28Z,13144,gA,1.789
2026-09-01T01:28Z,13144,gP,1.829
2026-09-01T01:28Z,13148,g95e5,1.769
2026-09-01T01:28Z,13148,gA,1.748
2026-09-01T01:28Z,13150,g95e5,1.799
2026-09-01T01:28Z,13150,gA,1.799
2026-09-01T01:28Z,13150,gP,1.829
2026-09-01T01:28Z,13155,g95e5,1.769
2026-09-01T01:28Z,13155,gA,1.718
2026-09-01T01:28Z,13159,g95e5,1.619
2026-09-01T01:28Z,13159,gA,1.626
2026-09-01T01:28Z,13166,g95e5,1.729
2026-09-01T01:28Z,13166,gA,1.628
2026-09-01T01:28Z,13167,g95e5,1.719
2026-09-01T01:28Z,13167,gA,1.678
2026-09-01T01:28Z,13167,gP,1.688
2026-09-01T01:28Z,13167,g95e5p,1.729
2026-09-01T01:28Z,13172,g95e5,1.699
2026-09-01T01:28Z,13172,gA,1.678
2026-09-01T01:28Z,13172,gP,1.688
2026-09-01T01:28Z,13176,g95e5,1.749
2026-09-01T01:28Z,13176,gA,1.679
2026-09-01T01:28Z,13179,g95e5,1.609
2026-09-01T01:28Z,13179,gA,1.478
2026-09-01T01:28Z,13185,g95e5,1.719
2026-09-01T01:28Z,13185,gA,1.705
2026-09-01T01:28Z,13195,g95e5,1.759
2026-09-01T01:28Z,13195,gA,1.678
2026-09-01T01:28Z,13204,g95e5,1.809
2026-09-01T01:28Z,13204,gA,1.748
2026-09-01T01:28Z,13207,g95e5,1.759
2026-09-01T01:28Z,13207,gA,1.699
2026-09-01T01:28Z,13209,g95e5,1.749
2026-09-01T01:28Z,13209,gA,1.644
2026-09-01T01:28Z,13209,gP,1.654
2026-09-01T01:28Z,13214,g95e5,1.869
2026-09-01T01:28Z,13214,gA,1.808
2026-09-01T01:28Z,13214,gP,1.888
2026-09-01T01:28Z,13214,g98e5,2.009
2026-09-01T01:28Z,13224,gA,1.829
2026-09-01T01:28Z,13224,gP,1.869
2026-09-01T01:28Z,13225,g95e5,1.719
2026-09-01T01:28Z,13225,gA,1.649
2026-09-01T01:28Z,13225,gB,1.469
2026-09-01T01:28Z,13226,g95e5,1.689
2026-09-01T01:28Z,13226,gA,1.705
2026-09-01T01:28Z,13237,g95e5,1.639
2026-09-01T01:28Z,13237,gA,1.685
2026-09-01T01:28Z,13248,g95e5,1.719
2026-09-01T01:28Z,13248,gA,1.705
2026-09-01T01:28Z,13249,g95e5,1.719
2026-09-01T01:28Z,13249,gA,1.739
2026-09-01T01:28Z,13251,g95e5,1.729
2026-09-01T01:28Z,13251,gA,1.705
2026-09-01T01:28Z,13252,g95e5,1.739
2026-09-01T01:28Z,13252,gA,1.648
2026-09-01T01:28Z,13255,g95e5,1.739
2026-09-01T01:28Z,13255,gA,1.699
2026-09-01T01:28Z,13261,g95e5,1.719
2026-09-01T01:28Z,13261,gA,1.658
2026-09-01T01:28Z,13261,gP,1.668
2026-09-01T01:28Z,13291,gA,1.809
2026-09-01T01:28Z,13291,gP,1.849
2026-09-01T01:28Z,13302,gA,1.685
2026-09-01T01:28Z,13304,gA,1.799
2026-09-01T01:28Z,13304,gP,1.839
2026-09-01T01:28Z,13306,g95e5,1.679
2026-09-01T01:28Z,13306,gA,1.638
2026-09-01T01:28Z,13313,g95e5,1.759
2026-09-01T01:28Z,13313,gA,1.749
2026-09-01T01:28Z,13314,g95e5,1.759
2026-09-01T01:28Z,13314,gA,1.749
2026-09-01T01:28Z,13322,g95e5,1.759
2026-09-01T01:28Z,13322,gA,1.668
2026-09-01T01:28Z,13323,g95e5,1.699
2026-09-01T01:28Z,13323,gA,1.658
2026-09-01T01:28Z,13325,g95e5,1.779
2026-09-01T01:28Z,13325,gA,1.749
2026-09-01T01:28Z,13327,g95e5,1.609
2026-09-01T01:28Z,13327,gA,1.549
2026-09-01T01:28Z,13329,g95e5,1.719
2026-09-01T01:28Z,13329,gA,1.749
2026-09-01T01:28Z,13347,g95e5,1.699
2026-09-01T01:28Z,13347,gA,1.699
2026-09-01T01:28Z,13347,gP,1.749
2026-09-01T01:28Z,13347,g98e5,1.819
2026-09-01T01:28Z,13356,g95e5,1.769
2026-09-01T01:28Z,13356,gA,1.738
2026-09-01T01:28Z,13358,g95e5,1.729
2026-09-01T01:28Z,13358,gA,1.628
2026-09-01T01:28Z,13367,g95e5,1.739
2026-09-01T01:28Z,13367,gA,1.664
2026-09-01T01:28Z,13383,g95e5,1.759
2026-09-01T01:28Z,13383,gA,1.678
2026-09-01T01:28Z,13386,g95e5,1.699
2026-09-01T01:28Z,13386,gA,1.658
2026-09-01T01:28Z,13391,g95e5,1.769
2026-09-01T01:28Z,13391,gA,1.719
2026-09-01T01:28Z,13392,g95e5,1.749
2026-09-01T01:28Z,13392,gA,1.734
2026-09-01T01:28Z,13393,g95e5,1.749
2026-09-01T01:28Z,13393,gA,1.719
2026-09-01T01:28Z,13394,g95e5,1.735
2026-09-01T01:28Z,13394,gA,1.735
2026-09-01T01:28Z,13395,g95e5,1.629
2026-09-01T01:28Z,13395,gA,1.669
2026-09-01T01:28Z,13396,g95e5,1.719
2026-09-01T01:28Z,13396,gA,1.705
2026-09-01T01:28Z,13409,g95e5,1.639
2026-09-01T01:28Z,13409,gA,1.628
2026-09-01T01:28Z,13429,g95e5,1.729
2026-09-01T01:28Z,13429,gA,1.689
2026-09-01T01:28Z,13431,g95e5,1.769
2026-09-01T01:28Z,13431,gA,1.748
2026-09-01T01:28Z,13433,g95e5,1.679
2026-09-01T01:28Z,13433,gA,1.678
2026-09-01T01:28Z,13436,g95e5,1.699
2026-09-01T01:28Z,13444,g95e5,1.749
2026-09-01T01:28Z,13444,gA,1.699
2026-09-01T01:28Z,13455,g95e5,1.619
2026-09-01T01:28Z,13455,gA,1.626
2026-09-01T01:28Z,13458,g95e5,1.809
2026-09-01T01:28Z,13458,gA,1.738
2026-09-01T01:28Z,13462,g95e5,1.759
2026-09-01T01:28Z,13462,gA,1.658
2026-09-01T01:28Z,13473,g95e5,1.719
2026-09-01T01:28Z,13473,gA,1.698
2026-09-01T01:28Z,13495,g95e5,1.779
2026-09-01T01:28Z,13495,gA,1.658
2026-09-01T01:28Z,13500,g95e5,1.699
2026-09-01T01:28Z,13500,gA,1.669
2026-09-01T01:28Z,13500,gP,1.769
2026-09-01T01:28Z,13500,g98e5,1.799
2026-09-01T01:28Z,13512,g95e5,1.789
2026-09-01T01:28Z,13512,gA,1.769
2026-09-01T01:28Z,13512,gP,1.799
2026-09-01T01:28Z,13533,g95e5,1.809
2026-09-01T01:28Z,13533,gA,1.698
2026-09-01T01:28Z,13541,g95e5,1.789
2026-09-01T01:28Z,13541,gA,1.699
2026-09-01T01:28Z,13546,g95e5,1.699
2026-09-01T01:28Z,13546,gA,1.668
2026-09-01T01:28Z,13550,gA,1.649
2026-09-01T01:28Z,13553,gA,1.749
2026-09-01T01:28Z,13553,gP,1.789
2026-09-01T01:28Z,13556,gA,1.799
2026-09-01T01:28Z,13556,gP,1.839
2026-09-01T01:28Z,13558,g95e5,1.789
2026-09-01T01:28Z,13558,gA,1.668
2026-09-01T01:28Z,13565,g95e5,1.859
2026-09-01T01:28Z,13565,gA,1.799
2026-09-01T01:28Z,13565,gB,1.469
2026-09-01T01:28Z,13573,g95e5,1.755
2026-09-01T01:28Z,13573,gA,1.695
2026-09-01T01:28Z,13573,gP,1.755
2026-09-01T01:28Z,13573,g95e5p,1.815
2026-09-01T01:28Z,13574,g95e5,1.699
2026-09-01T01:28Z,13577,g95e5,1.875
2026-09-01T01:28Z,13577,gA,1.945
2026-09-01T01:28Z,13581,g95e5,1.749
2026-09-01T01:28Z,13581,gA,1.688
2026-09-01T01:28Z,13584,g95e5,1.717
2026-09-01T01:28Z,13584,gA,1.625
2026-09-01T01:28Z,13585,g95e5,1.717
2026-09-01T01:28Z,13585,gA,1.625
2026-09-01T01:28Z,13586,g95e5,1.739
2026-09-01T01:28Z,13586,gA,1.715
2026-09-01T01:28Z,13590,g95e5,1.759
2026-09-01T01:28Z,13590,gA,1.668
2026-09-01T01:28Z,13593,g95e5,1.708
2026-09-01T01:28Z,13593,gA,1.554
2026-09-01T01:28Z,13596,gA,1.819
2026-09-01T01:28Z,13596,gP,1.859
2026-09-01T01:28Z,13598,g95e5,1.699
2026-09-01T01:28Z,13598,gA,1.639
2026-09-01T01:28Z,13602,gA,1.799
2026-09-01T01:28Z,13602,gP,1.839
2026-09-01T01:28Z,13610,g95e5,1.759
2026-09-01T01:28Z,13610,gA,1.799
2026-09-01T01:28Z,13613,g95e5,1.688
2026-09-01T01:28Z,13613,gA,1.628
2026-09-01T01:28Z,13621,g95e5,1.859
2026-09-01T01:28Z,13621,gA,1.768
2026-09-01T01:28Z,13621,gP,1.848
2026-09-01T01:28Z,13621,g98e5,1.999
2026-09-01T01:28Z,13623,g95e5,1.629
2026-09-01T01:28Z,13623,gA,1.579
2026-09-01T01:28Z,13631,g95e5,1.749
2026-09-01T01:28Z,13631,gA,1.735
2026-09-01T01:28Z,13633,g95e5,1.739
2026-09-01T01:28Z,13633,gA,1.699
2026-09-01T01:28Z,13634,g95e5,1.699
2026-09-01T01:28Z,13634,gA,1.699
2026-09-01T01:28Z,13635,g95e5,1.699
2026-09-01T01:28Z,13635,gA,1.659
2026-09-01T01:28Z,13645,g95e5,1.659
2026-09-01T01:28Z,13645,gA,1.579
2026-09-01T01:28Z,13646,g95e5,1.659
2026-09-01T01:28Z,13646,gA,1.578
2026-09-01T01:28Z,13653,g95e5,1.879
2026-09-01T01:28Z,13653,gA,1.778
2026-09-01T01:28Z,13653,gP,1.858
2026-09-01T01:28Z,13653,g98e5,2.019
2026-09-01T01:28Z,13655,g95e5,1.709
2026-09-01T01:28Z,13655,gA,1.668
2026-09-01T01:28Z,13669,g95e5,1.719
2026-09-01T01:28Z,13669,gA,1.735
2026-09-01T01:28Z,13671,g95e5,1.679
2026-09-01T01:28Z,13672,g95e5,1.649
2026-09-01T01:28Z,13672,gA,1.638
2026-09-01T01:28Z,13674,gA,1.769
2026-09-01T01:28Z,13674,gP,1.809
2026-09-01T01:28Z,13677,g95e5,1.739
2026-09-01T01:28Z,13677,gA,1.729
2026-09-01T01:28Z,13678,g95e5,1.674
2026-09-01T01:28Z,13680,g95e5,1.699
2026-09-01T01:28Z,13680,gA,1.658
2026-09-01T01:28Z,13683,g95e5,1.719
2026-09-01T01:28Z,13683,gA,1.618
2026-09-01T01:28Z,13692,g95e5,1.669
2026-09-01T01:28Z,13692,gA,1.628
2026-09-01T01:28Z,13704,g95e5,1.759
2026-09-01T01:28Z,13704,gA,1.729
2026-09-01T01:28Z,13707,g95e5,1.739
2026-09-01T01:28Z,13707,gA,1.718
2026-09-01T01:28Z,13708,g95e5,1.739
2026-09-01T01:28Z,13708,gA,1.689
2026-09-01T01:28Z,13713,g95e5,1.864
2026-09-01T01:28Z,13713,gA,1.808
2026-09-01T01:28Z,13713,gP,1.888
2026-09-01T01:28Z,13713,g98e5,2.004
2026-09-01T01:28Z,13725,g95e5,1.779
2026-09-01T01:28Z,13725,gA,1.688
2026-09-01T01:28Z,13726,g95e5,1.689
2026-09-01T01:28Z,13726,gA,1.678
2026-09-01T01:28Z,13746,g95e5,1.669
2026-09-01T01:28Z,13746,gA,1.588
2026-09-01T01:28Z,13752,g95e5,1.709
2026-09-01T01:28Z,13752,gA,1.668
2026-09-01T01:28Z,13757,gA,1.649
2026-09-01T01:28Z,13758,g95e5,1.769
2026-09-01T01:28Z,13758,gA,1.729
2026-09-01T01:28Z,13762,g95e5,1.739
2026-09-01T01:28Z,13762,gA,1.664
2026-09-01T01:28Z,13774,g95e5,1.629
2026-09-01T01:28Z,13774,gA,1.649
2026-09-01T01:28Z,13775,g95e5,1.637
2026-09-01T01:28Z,13775,gA,1.689
2026-09-01T01:28Z,13777,g95e5,1.659
2026-09-01T01:28Z,13777,gA,1.658
2026-09-01T01:28Z,13785,g95e5,1.719
2026-09-01T01:28Z,13785,gA,1.664
2026-09-01T01:28Z,13791,g95e5,1.759
2026-09-01T01:28Z,13791,gA,1.759
2026-09-01T01:28Z,13814,g95e5,1.729
2026-09-01T01:28Z,13814,gA,1.646
2026-09-01T01:28Z,13819,g95e5,1.769
2026-09-01T01:28Z,13819,gA,1.688
2026-09-01T01:28Z,13823,g95e5,1.639
2026-09-01T01:28Z,13823,gA,1.669
2026-09-01T01:28Z,13826,g95e5,1.789
2026-09-01T01:28Z,13826,gA,1.759
2026-09-01T01:28Z,13831,g95e5,1.788
2026-09-01T01:28Z,13831,gA,1.768
2026-09-01T01:28Z,13846,g95e5,1.759
2026-09-01T01:28Z,13846,gA,1.779
2026-09-01T01:28Z,13847,g95e5,1.779
2026-09-01T01:28Z,13847,gA,1.708
2026-09-01T01:28Z,13855,g95e5,1.729
2026-09-01T01:28Z,13855,gA,1.638
2026-09-01T01:28Z,13860,g95e5,1.718
2026-09-01T01:28Z,13860,gA,1.705
2026-09-01T01:28Z,13862,g95e5,1.729
2026-09-01T01:28Z,13862,gA,1.698
2026-09-01T01:28Z,13870,g95e5,1.735
2026-09-01T01:28Z,13870,gA,1.715
2026-09-01T01:28Z,13870,gP,1.765
2026-09-01T01:28Z,13875,g95e5,1.669
2026-09-01T01:28Z,13875,gA,1.699
2026-09-01T01:28Z,13900,g95e5,1.759
2026-09-01T01:28Z,13900,gA,1.718
2026-09-01T01:28Z,13902,g95e5,1.669
2026-09-01T01:28Z,13902,gA,1.698
2026-09-01T01:28Z,13915,g95e5,1.659
2026-09-01T01:28Z,13915,gA,1.658
2026-09-01T01:28Z,13923,g95e5,1.629
2026-09-01T01:28Z,13923,gA,1.699
2026-09-01T01:28Z,13924,g95e5,1.755
2026-09-01T01:28Z,13924,gA,1.719
2026-09-01T01:28Z,13933,g95e5,1.629
2026-09-01T01:28Z,13933,gA,1.689
2026-09-01T01:28Z,13942,g95e5,1.699
2026-09-01T01:28Z,13942,gA,1.699
2026-09-01T01:28Z,13942,gP,1.699
2026-09-01T01:28Z,13953,g95e5,1.699
2026-09-01T01:28Z,13953,gA,1.658
2026-09-01T01:28Z,13956,gA,1.759
2026-09-01T01:28Z,13956,gP,1.799
2026-09-01T01:28Z,13965,g95e5,1.689
2026-09-01T01:28Z,13965,gA,1.638
2026-09-01T01:28Z,13968,g95e5,1.769
2026-09-01T01:28Z,13968,gA,1.748
2026-09-01T01:28Z,13984,g95e5,1.719
2026-09-01T01:28Z,13984,gA,1.658
2026-09-01T01:28Z,14017,g95e5,1.726
2026-09-01T01:28Z,14017,gA,1.664
2026-09-01T01:28Z,14037,g95e5,1.679
2026-09-01T01:28Z,14037,gA,1.618
2026-09-01T01:28Z,14049,g95e5,1.699
2026-09-01T01:28Z,14049,gA,1.658
2026-09-01T01:28Z,14065,g95e5,1.745
2026-09-01T01:28Z,14065,gA,1.789
2026-09-01T01:28Z,14070,g95e5,1.749
2026-09-01T01:28Z,14070,gA,1.765
2026-09-01T01:28Z,14079,g95e5,1.719
2026-09-01T01:28Z,14079,gA,1.668
2026-09-01T01:28Z,14083,g95e5,1.619
2026-09-01T01:28Z,14083,gA,1.699
2026-09-01T01:28Z,14084,g95e5,1.729
2026-09-01T01:28Z,14084,gA,1.739
2026-09-01T01:28Z,14090,g95e5,1.689
2026-09-01T01:28Z,14090,gA,1.679
2026-09-01T01:28Z,14094,g95e5,1.729
2026-09-01T01:28Z,14094,gA,1.715
2026-09-01T01:28Z,14095,gA,1.659
2026-09-01T01:28Z,14097,g95e5,1.629
2026-09-01T01:28Z,14097,gA,1.603
2026-09-01T01:28Z,14097,gP,1.613
2026-09-01T01:28Z,14107,g95e5,1.719
2026-09-01T01:28Z,14107,gA,1.668
2026-09-01T01:28Z,14107,gP,1.678
2026-09-01T01:28Z,14107,g95e5p,1.729
2026-09-01T01:28Z,14111,g95e5,1.769
2026-09-01T01:28Z,14111,gA,1.678
2026-09-01T01:28Z,14111,gP,1.688
2026-09-01T01:28Z,14112,g95e5,1.709
2026-09-01T01:28Z,14112,gA,1.634
2026-09-01T01:28Z,14145,g95e5,1.839
2026-09-01T01:28Z,14145,gA,1.759
2026-09-01T01:28Z,14158,gP,1.695
2026-09-01T01:28Z,14163,g95e5,1.739
2026-09-01T01:28Z,14163,gA,1.629
2026-09-01T01:28Z,14182,g95e5,1.895
2026-09-01T01:28Z,14182,gA,1.808
2026-09-01T01:28Z,14189,g95e5,1.679
2026-09-01T01:28Z,14189,gA,1.599
2026-09-01T01:28Z,14193,g95e5,1.679
2026-09-01T01:28Z,14193,gA,1.618
2026-09-01T01:28Z,14195,g95e5,1.779
2026-09-01T01:28Z,14195,gA,1.789
2026-09-01T01:28Z,14197,g95e5,1.659
2026-09-01T01:28Z,14197,gA,1.635
2026-09-01T01:28Z,14205,g95e5,1.769
2026-09-01T01:28Z,14205,gA,1.789
2026-09-01T01:28Z,14210,g95e5,1.629
2026-09-01T01:28Z,14210,gA,1.699
2026-09-01T01:28Z,14211,g95e5,1.719
2026-09-01T01:28Z,14211,gA,1.709
2026-09-01T01:28Z,14215,g95e5,1.719
2026-09-01T01:28Z,14215,gA,1.649
2026-09-01T01:28Z,14220,gA,1.799
2026-09-01T01:28Z,14223,g95e5,1.699
2026-09-01T01:28Z,14223,gA,1.678
2026-09-01T01:28Z,14240,g95e5,1.719
2026-09-01T01:28Z,14240,gA,1.759
2026-09-01T01:28Z,14243,g95e5,1.639
2026-09-01T01:28Z,14243,gA,1.628
2026-09-01T01:28Z,14243,gP,1.638
2026-09-01T01:28Z,14251,g95e5,1.759
2026-09-01T01:28Z,14251,gA,1.718
2026-09-01T01:28Z,14255,g95e5,1.639
2026-09-01T01:28Z,14255,gA,1.614
2026-09-01T01:28Z,14267,g95e5,1.745
2026-09-01T01:28Z,14267,gA,1.719
2026-09-01T01:28Z,14270,g95e5,1.814
2026-09-01T01:28Z,14270,g95e5p,1.864
2026-09-01T01:28Z,14271,g95e5,1.775
2026-09-01T01:28Z,14271,gA,1.737
2026-09-01T01:28Z,14276,g95e5,1.884
2026-09-01T01:28Z,14276,gA,1.883
2026-09-01T01:28Z,14289,g95e5,1.799
2026-09-01T01:28Z,14289,gA,1.778
2026-09-01T01:28Z,14290,g95e5,1.739
2026-09-01T01:28Z,14290,gA,1.648
2026-09-01T01:28Z,14290,gP,1.658
2026-09-01T01:28Z,14312,g95e5,1.669
2026-09-01T01:28Z,14312,gA,1.699
2026-09-01T01:28Z,14318,g95e5,1.735
2026-09-01T01:28Z,14318,gA,1.685
2026-09-01T01:28Z,14320,g95e5,1.738
2026-09-01T01:28Z,14320,gA,1.758
2026-09-01T01:28Z,14321,g95e5,1.759
2026-09-01T01:28Z,14321,gA,1.658
2026-09-01T01:28Z,14321,gP,1.668
2026-09-01T01:28Z,14321,g95e5p,1.769
2026-09-01T01:28Z,14331,g95e5,1.689
2026-09-01T01:28Z,14331,gA,1.669
2026-09-01T01:28Z,14335,g95e5,1.719
2026-09-01T01:28Z,14335,gA,1.679
2026-09-01T01:28Z,14339,g95e5,1.719
2026-09-01T01:28Z,14339,gA,1.649
2026-09-01T01:28Z,14339,gP,1.679
2026-09-01T01:28Z,14339,g98e5,1.799
2026-09-01T01:28Z,14343,g95e5,1.749
2026-09-01T01:28Z,14343,gA,1.658
2026-09-01T01:28Z,14358,g95e5,1.739
2026-09-01T01:28Z,14358,gA,1.658
2026-09-01T01:28Z,14358,gP,1.668
2026-09-01T01:28Z,14386,g95e5,1.699
2026-09-01T01:28Z,14386,gA,1.678
2026-09-01T01:28Z,14401,g95e5,1.639
2026-09-01T01:28Z,14401,gA,1.628
2026-09-01T01:28Z,14401,gP,1.638
2026-09-01T01:28Z,14408,g95e5,1.709
2026-09-01T01:28Z,14408,gA,1.678
2026-09-01T01:28Z,14410,g95e5,1.739
2026-09-01T01:28Z,14410,gA,1.664
2026-09-01T01:28Z,14414,g95e5,1.789
2026-09-01T01:28Z,14414,gA,1.678
2026-09-01T01:28Z,14414,gP,1.758
2026-09-01T01:28Z,14414,g98e5,1.929
2026-09-01T01:28Z,14418,g95e5,1.759
2026-09-01T01:28Z,14418,gA,1.678
2026-09-01T01:28Z,14429,g95e5,1.719
2026-09-01T01:28Z,14436,gA,1.769
2026-09-01T01:28Z,14436,gP,1.809
2026-09-01T01:28Z,14438,g95e5,1.709
2026-09-01T01:28Z,14438,gA,1.719
2026-09-01T01:28Z,14439,g95e5,1.709
2026-09-01T01:28Z,14439,gA,1.719
2026-09-01T01:28Z,14440,g95e5,1.729
2026-09-01T01:28Z,14440,gA,1.729
2026-09-01T01:28Z,14441,g95e5,1.719
2026-09-01T01:28Z,14441,gA,1.699
2026-09-01T01:28Z,14449,g95e5,1.739
2026-09-01T01:28Z,14449,gA,1.739
2026-09-01T01:28Z,14454,g95e5,1.699
2026-09-01T01:28Z,14454,gA,1.668
2026-09-01T01:28Z,14458,g95e5,1.749
2026-09-01T01:28Z,14458,gA,1.709
2026-09-01T01:28Z,14468,gA,1.789
2026-09-01T01:28Z,14468,gP,1.829
2026-09-01T01:28Z,14469,g95e5,1.729
2026-09-01T01:28Z,14469,gA,1.644
2026-09-01T01:28Z,14472,g95e5,1.575
2026-09-01T01:28Z,14472,gA,1.615
2026-09-01T01:28Z,14474,g95e5,1.719
2026-09-01T01:28Z,14474,gA,1.649
2026-09-01T01:28Z,14481,g95e5,1.776
2026-09-01T01:28Z,14481,gA,1.658
2026-09-01T01:28Z,14481,gP,1.668
2026-09-01T01:28Z,14495,g95e5,1.679
2026-09-01T01:28Z,14495,gA,1.638
2026-09-01T01:28Z,14496,g95e5,1.749
2026-09-01T01:28Z,14496,gA,1.628
2026-09-01T01:28Z,14496,gP,1.638
2026-09-01T01:28Z,14497,g95e5,1.709
2026-09-01T01:28Z,14497,gA,1.669
2026-09-01T01:28Z,14498,g95e5,1.697
2026-09-01T01:28Z,14498,gA,1.747
2026-09-01T01:28Z,14505,g95e5,1.679
2026-09-01T01:28Z,14505,gA,1.638
2026-09-01T01:28Z,14506,g95e5,1.739
2026-09-01T01:28Z,14506,gA,1.698
2026-09-01T01:28Z,14513,g95e5,1.739
2026-09-01T01:28Z,14513,gA,1.638
2026-09-01T01:28Z,14513,gP,1.648
2026-09-01T01:28Z,14522,g95e5,1.719
2026-09-01T01:28Z,14523,g95e5,1.679
2026-09-01T01:28Z,14523,gA,1.648
2026-09-01T01:28Z,14537,g95e5,1.719
2026-09-01T01:28Z,14537,gA,1.689
2026-09-01T01:28Z,14538,g95e5,1.719
2026-09-01T01:28Z,14538,gA,1.749
2026-09-01T01:28Z,14541,g95e5,1.749
2026-09-01T01:28Z,14541,gA,1.705
2026-09-01T01:28Z,14542,g95e5,1.755
2026-09-01T01:28Z,14542,gA,1.719
2026-09-01T01:28Z,14545,gA,1.884
2026-09-01T01:28Z,14547,g95e5,1.719
2026-09-01T01:28Z,14547,gA,1.739
2026-09-01T01:28Z,14550,g95e5,1.699
2026-09-01T01:28Z,14550,gA,1.729
2026-09-01T01:28Z,14551,g95e5,1.619
2026-09-01T01:28Z,14551,gA,1.579
2026-09-01T01:28Z,14552,g95e5,1.629
2026-09-01T01:28Z,14552,gA,1.649
2026-09-01T01:28Z,14554,g95e5,1.719
2026-09-01T01:28Z,14554,gA,1.759
2026-09-01T01:28Z,14557,g95e5,1.649
2026-09-01T01:28Z,14557,gA,1.689
2026-09-01T01:28Z,14558,g95e5,1.669
2026-09-01T01:28Z,14558,gA,1.699
2026-09-01T01:28Z,14559,g95e5,1.709
2026-09-01T01:28Z,14559,gA,1.749
2026-09-01T01:28Z,14560,g95e5,1.759
2026-09-01T01:28Z,14560,gA,1.769
2026-09-01T01:28Z,14572,g95e5,1.729
2026-09-01T01:28Z,14572,gA,1.679
2026-09-01T01:28Z,14573,g95e5,1.699
2026-09-01T01:28Z,14573,gA,1.749
2026-09-01T01:28Z,14580,g95e5,1.749
2026-09-01T01:28Z,14580,gA,1.658
2026-09-01T01:28Z,14580,gP,1.668
2026-09-01T01:28Z,14580,g95e5p,1.759
2026-09-01T01:28Z,14583,g95e5,1.679
2026-09-01T01:28Z,14583,gA,1.638
2026-09-01T01:28Z,14585,g95e5,1.719
2026-09-01T01:28Z,14585,gA,1.678
2026-09-01T01:28Z,14585,gP,1.688
2026-09-01T01:28Z,14587,g95e5,1.739
2026-09-01T01:28Z,14587,gA,1.719
2026-09-01T01:28Z,14588,g95e5,1.749
2026-09-01T01:28Z,14588,gA,1.759
2026-09-01T01:28Z,14589,g95e5,1.739
2026-09-01T01:28Z,14589,gA,1.749
2026-09-01T01:28Z,14595,g95e5,1.669
2026-09-01T01:28Z,14598,g95e5,1.689
2026-09-01T01:28Z,14598,gA,1.679
2026-09-01T01:28Z,14599,g95e5,1.724
2026-09-01T01:28Z,14599,gA,1.684
2026-09-01T01:28Z,14599,gP,1.745
2026-09-01T01:28Z,14604,g95e5,1.709
2026-09-01T01:28Z,14604,gA,1.668
2026-09-01T01:28Z,14604,gP,1.678
2026-09-01T01:28Z,14606,g95e5,1.759
2026-09-01T01:28Z,14606,gA,1.749
2026-09-01T01:28Z,14607,g95e5,1.729
2026-09-01T01:28Z,14607,gA,1.729
2026-09-01T01:28Z,14608,g95e5,1.697
2026-09-01T01:28Z,14608,gA,1.635
2026-09-01T01:28Z,14611,g95e5,1.729
2026-09-01T01:28Z,14611,gA,1.749
2026-09-01T01:28Z,14613,g95e5,1.749
2026-09-01T01:28Z,14613,gA,1.644
2026-09-01T01:28Z,14613,gP,1.654
2026-09-01T01:28Z,14614,g95e5,1.705
2026-09-01T01:28Z,14614,gA,1.739
2026-09-01T01:28Z,14618,g95e5,1.709
2026-09-01T01:28Z,14618,gA,1.618
2026-09-01T01:28Z,14618,gP,1.628
2026-09-01T01:28Z,14633,g95e5,1.779
2026-09-01T01:28Z,14633,gA,1.678
2026-09-01T01:28Z,14633,gP,1.688
2026-09-01T01:28Z,14634,gA,1.689
2026-09-01T01:28Z,14636,g95e5,1.759
2026-09-01T01:28Z,14636,gA,1.718
2026-09-01T01:28Z,14636,gP,1.728
2026-09-01T01:28Z,14645,g95e5,1.719
2026-09-01T01:28Z,14645,gA,1.669
2026-09-01T01:28Z,14656,g95e5,1.769
2026-09-01T01:28Z,14656,gA,1.699
2026-09-01T01:28Z,14664,gA,1.789
2026-09-01T01:28Z,14664,gP,1.829
2026-09-01T01:28Z,14667,g95e5,1.789
2026-09-01T01:28Z,14667,gA,1.698
2026-09-01T01:28Z,14667,gP,1.778
2026-09-01T01:28Z,14667,g98e5,1.929
2026-09-01T01:28Z,14669,g95e5,1.749
2026-09-01T01:28Z,14669,gA,1.658
2026-09-01T01:28Z,14672,g95e5,1.599
2026-09-01T01:28Z,14672,gA,1.579
2026-09-01T01:28Z,14673,gA,1.699
2026-09-01T01:28Z,14673,gP,1.849
2026-09-01T01:28Z,14675,gA,1.799
2026-09-01T01:28Z,14675,gP,1.839
2026-09-01T01:28Z,14678,g95e5,1.689
2026-09-01T01:28Z,14678,gA,1.608
2026-09-01T01:28Z,14679,g95e5,1.619
2026-09-01T01:28Z,14679,gA,1.628
2026-09-01T01:28Z,14679,gP,1.638
2026-09-01T01:28Z,14684,g95e5,1.719
2026-09-01T01:28Z,14684,gA,1.649
2026-09-01T01:28Z,14699,g95e5,1.719
2026-09-01T01:28Z,14699,gA,1.709
2026-09-01T01:28Z,14701,g95e5,1.699
2026-09-01T01:28Z,14701,gA,1.669
2026-09-01T01:28Z,14713,g95e5,1.805
2026-09-01T01:28Z,14713,gA,1.759
2026-09-01T01:28Z,14714,g95e5,1.749
2026-09-01T01:28Z,14714,gA,1.735
2026-09-01T01:28Z,14715,g95e5,1.635
2026-09-01T01:28Z,14715,gA,1.715
2026-09-01T01:28Z,14740,g95e5,1.759
2026-09-01T01:28Z,14740,gA,1.708
2026-09-01T01:28Z,14740,gP,1.718
2026-09-01T01:28Z,14754,g95e5,1.709
2026-09-01T01:28Z,14754,gA,1.729
2026-09-01T01:28Z,14757,g95e5,1.699
2026-09-01T01:28Z,14757,gA,1.598
2026-09-01T01:28Z,14757,gP,1.608
2026-09-01T01:28Z,14758,g95e5,1.719
2026-09-01T01:28Z,14758,gA,1.658
2026-09-01T01:28Z,14758,gP,1.668
2026-09-01T01:28Z,14760,g95e5,1.719
2026-09-01T01:28Z,14760,gA,1.769
2026-09-01T01:28Z,14761,gA,1.779
2026-09-01T01:28Z,14764,g95e5,1.749
2026-09-01T01:28Z,14764,gA,1.678
2026-09-01T01:28Z,14764,gP,1.688
2026-09-01T01:28Z,14765,g95e5,1.719
2026-09-01T01:28Z,14765,gA,1.698
2026-09-01T01:28Z,14766,g95e5,1.919
2026-09-01T01:28Z,14766,gA,1.879
2026-09-01T01:28Z,14766,gP,1.879
2026-09-01T01:28Z,14784,g95e5,1.595
2026-09-01T01:28Z,14784,gA,1.545
2026-09-01T01:28Z,14793,g95e5,1.879
2026-09-01T01:28Z,14793,gA,1.799
2026-09-01T01:28Z,14793,gP,1.889
2026-09-01T01:28Z,14793,g98e5,2.019
2026-09-01T01:28Z,14803,g95e5,1.709
2026-09-01T01:28Z,14803,gA,1.616
2026-09-01T01:28Z,14803,gP,1.626
2026-09-01T01:28Z,14804,g95e5,1.669
2026-09-01T01:28Z,14804,gA,1.669
2026-09-01T01:28Z,14806,g95e5,1.719
2026-09-01T01:28Z,14806,gA,1.739
2026-09-01T01:28Z,14807,g95e5,1.815
2026-09-01T01:28Z,14807,gA,1.829
2026-09-01T01:28Z,14815,g95e5,1.719
2026-09-01T01:28Z,14815,gA,1.678
2026-09-01T01:28Z,14820,g95e5,1.656
2026-09-01T01:28Z,14820,gA,1.648
2026-09-01T01:28Z,14820,gP,1.658
2026-09-01T01:28Z,14823,g95e5,1.719
2026-09-01T01:28Z,14823,gA,1.687
2026-09-01T01:28Z,14828,g95e5,1.759
2026-09-01T01:28Z,14828,gA,1.719
2026-09-01T01:28Z,14832,g95e5,1.719
2026-09-01T01:28Z,14832,gA,1.668
2026-09-01T01:28Z,14832,gP,1.678
2026-09-01T01:28Z,14838,g95e5,1.639
2026-09-01T01:28Z,14838,gA,1.699
2026-09-01T01:28Z,14840,g95e5,1.759
2026-09-01T01:28Z,14840,gA,1.698
2026-09-01T01:28Z,14842,g95e5,1.685
2026-09-01T01:28Z,14842,gA,1.658
2026-09-01T01:28Z,14842,gP,1.668
2026-09-01T01:28Z,14843,g95e5,1.769
2026-09-01T01:28Z,14843,gA,1.738
2026-09-01T01:28Z,14843,gP,1.748
2026-09-01T01:28Z,14844,g95e5,1.709
2026-09-01T01:28Z,14844,gA,1.688
2026-09-01T01:28Z,14849,g95e5,1.679
2026-09-01T01:28Z,14849,gA,1.689
2026-09-01T01:28Z,14854,g95e5,1.659
2026-09-01T01:28Z,14854,gA,1.649
2026-09-01T01:28Z,14857,g95e5,1.689
2026-09-01T01:28Z,14857,gA,1.639
2026-09-01T01:28Z,14858,g95e5,1.649
2026-09-01T01:28Z,14858,gA,1.669
2026-09-01T01:28Z,14862,g95e5,1.719
2026-09-01T01:28Z,14862,gA,1.668
2026-09-01T01:28Z,14862,gP,1.678
2026-09-01T01:28Z,14863,g95e5,1.749
2026-09-01T01:28Z,14863,gA,1.678
2026-09-01T01:28Z,14865,g95e5,1.719
2026-09-01T01:28Z,14865,gA,1.739
2026-09-01T01:28Z,14869,g95e5,1.759
2026-09-01T01:28Z,14869,gA,1.759
2026-09-01T01:28Z,14870,g95e5,1.709
2026-09-01T01:28Z,14870,gA,1.749
2026-09-01T01:28Z,14872,g95e5,1.719
2026-09-01T01:28Z,14872,gA,1.648
2026-09-01T01:28Z,14873,g95e5,1.719
2026-09-01T01:28Z,14873,gA,1.689
2026-09-01T01:28Z,14876,g95e5,1.689
2026-09-01T01:28Z,14876,gA,1.679
2026-09-01T01:28Z,14879,g95e5,1.689
2026-09-01T01:28Z,14879,gA,1.679
2026-09-01T01:28Z,14888,g95e5,1.669
2026-09-01T01:28Z,14888,gA,1.628
2026-09-01T01:28Z,14888,gP,1.638
2026-09-01T01:28Z,14890,g95e5,1.699
2026-09-01T01:28Z,14890,gA,1.679
2026-09-01T01:28Z,14892,g95e5,1.746
2026-09-01T01:28Z,14892,gA,1.728
2026-09-01T01:28Z,14892,gP,1.738
2026-09-01T01:28Z,14894,g95e5,1.745
2026-09-01T01:28Z,14894,gA,1.799
2026-09-01T01:28Z,14895,g95e5,1.729
2026-09-01T01:28Z,14895,gA,1.668
2026-09-01T01:28Z,14895,gP,1.678
2026-09-01T01:28Z,14896,g95e5,1.759
2026-09-01T01:28Z,14896,gA,1.787
2026-09-01T01:28Z,14897,g95e5,1.709
2026-09-01T01:28Z,14897,gA,1.689
2026-09-01T01:28Z,14900,g95e5,1.819
2026-09-01T01:28Z,14900,gA,1.769
2026-09-01T01:28Z,14900,gP,1.845
2026-09-01T01:28Z,14900,g98e5,1.955
2026-09-01T01:28Z,14902,g95e5,1.739
2026-09-01T01:28Z,14902,gA,1.648
2026-09-01T01:28Z,14902,gP,1.658
2026-09-01T01:28Z,14904,g95e5,1.819
2026-09-01T01:28Z,14904,gA,1.725
2026-09-01T01:28Z,14905,g95e5,1.769
2026-09-01T01:28Z,14905,gA,1.759
2026-09-01T01:28Z,14910,gA,1.779
2026-09-01T01:28Z,14910,gP,1.819
2026-09-01T01:28Z,14914,g95e5,1.699
2026-09-01T01:28Z,14914,gA,1.669
2026-09-01T01:28Z,14918,gA,1.637
2026-09-01T01:28Z,14921,g95e5,1.749
2026-09-01T01:28Z,14921,gA,1.779
2026-09-01T01:28Z,14923,gA,1.889
2026-09-01T01:28Z,14923,gP,1.939
2026-09-01T01:28Z,14928,g95e5,1.709
2026-09-01T01:28Z,14928,gA,1.616
2026-09-01T01:28Z,14930,g95e5,1.715
2026-09-01T01:28Z,14930,gA,1.739
2026-09-01T01:28Z,14931,g95e5,1.699
2026-09-01T01:28Z,14931,gA,1.554
2026-09-01T01:28Z,14931,gP,1.564
2026-09-01T01:28Z,14932,g95e5,1.739
2026-09-01T01:28Z,14932,gA,1.658
2026-09-01T01:28Z,14932,gP,1.668
2026-09-01T01:28Z,14937,g95e5,1.699
2026-09-01T01:28Z,14937,gA,1.619
2026-09-01T01:28Z,14938,g95e5,1.749
2026-09-01T01:28Z,14938,gA,1.699
2026-09-01T01:28Z,14939,g95e5,1.759
2026-09-01T01:28Z,14939,gA,1.749
2026-09-01T01:28Z,14940,g95e5,1.679
2026-09-01T01:28Z,14940,gA,1.659
2026-09-01T01:28Z,14941,g95e5,1.749
2026-09-01T01:28Z,14941,gA,1.705
2026-09-01T01:28Z,14942,g95e5,1.749
2026-09-01T01:28Z,14942,gA,1.719
2026-09-01T01:28Z,14945,g95e5,1.739
2026-09-01T01:28Z,14945,gA,1.705
2026-09-01T01:28Z,14953,g95e5,1.745
2026-09-01T01:28Z,14953,gA,1.689
2026-09-01T01:28Z,14954,g95e5,1.759
2026-09-01T01:28Z,14954,gA,1.719
2026-09-01T01:28Z,14955,g95e5,1.609
2026-09-01T01:28Z,14955,gA,1.609
2026-09-01T01:28Z,14957,g95e5,1.689
2026-09-01T01:28Z,14957,gA,1.719
2026-09-01T01:28Z,14958,g95e5,1.709
2026-09-01T01:28Z,14958,gA,1.769
2026-09-01T01:28Z,14959,g95e5,1.689
2026-09-01T01:28Z,14959,gA,1.699
2026-09-01T01:28Z,14960,g95e5,1.729
2026-09-01T01:28Z,14960,gA,1.685
2026-09-01T01:28Z,14965,g95e5,1.689
2026-09-01T01:28Z,14965,gA,1.669
2026-09-01T01:28Z,14967,g95e5,1.759
2026-09-01T01:28Z,14967,gA,1.739
2026-09-01T01:28Z,14968,g95e5,1.749
2026-09-01T01:28Z,14968,gA,1.739
2026-09-01T01:28Z,14969,g95e5,1.717
2026-09-01T01:28Z,14969,gA,1.755
2026-09-01T01:28Z,14970,g95e5,1.739
2026-09-01T01:28Z,14970,gA,1.699
2026-09-01T01:28Z,14974,g95e5,1.719
2026-09-01T01:28Z,14974,gA,1.658
2026-09-01T01:28Z,14974,gP,1.668
2026-09-01T01:28Z,14976,g95e5,1.719
2026-09-01T01:28Z,14976,gA,1.666
2026-09-01T01:28Z,14976,gP,1.676
2026-09-01T01:28Z,14977,g95e5,1.719
2026-09-01T01:28Z,14977,gA,1.658
2026-09-01T01:28Z,14977,gP,1.668
2026-09-01T01:28Z,14985,g95e5,1.689
2026-09-01T01:28Z,14985,gA,1.679
2026-09-01T01:28Z,14993,g95e5,1.759
2026-09-01T01:28Z,14993,gA,1.668
2026-09-01T01:28Z,14993,gP,1.678
2026-09-01T01:28Z,14994,g95e5,1.779
2026-09-01T01:28Z,14994,gA,1.749
2026-09-01T01:28Z,15002,g95e5,1.709
2026-09-01T01:28Z,15002,gA,1.729
2026-09-01T01:28Z,15003,g95e5,1.785
2026-09-01T01:28Z,15003,gA,1.769
2026-09-01T01:28Z,15006,g95e5,1.609
2026-09-01T01:28Z,15006,gA,1.579
2026-09-01T01:28Z,15008,g95e5,1.786
2026-09-01T01:28Z,15008,gA,1.698
2026-09-01T01:28Z,15008,gP,1.708
2026-09-01T01:28Z,15011,g95e5,1.699
2026-09-01T01:28Z,15011,gA,1.649
2026-09-01T01:28Z,15011,bio,1.579
2026-09-01T01:28Z,15012,gA,1.669
2026-09-01T01:28Z,15020,g95e5,1.719
2026-09-01T01:28Z,15020,gA,1.649
2026-09-01T01:28Z,15020,gP,1.679
2026-09-01T01:28Z,15020,g98e5,1.799
2026-09-01T01:28Z,15022,g95e5,1.765
2026-09-01T01:28Z,15022,gA,1.735
2026-09-01T01:28Z,15023,g95e5,1.679
2026-09-01T01:28Z,15023,gA,1.689
2026-09-01T01:28Z,15024,g95e5,1.749
2026-09-01T01:28Z,15024,gA,1.745
2026-09-01T01:28Z,15027,g95e5,1.699
2026-09-01T01:28Z,15027,gA,1.618
2026-09-01T01:28Z,15027,gP,1.628
2026-09-01T01:28Z,15032,g95e5,1.689
2026-09-01T01:28Z,15032,gA,1.719
2026-09-01T01:28Z,15040,g95e5,1.749
2026-09-01T01:28Z,15040,gA,1.749
2026-09-01T01:28Z,15041,g95e5,1.729
2026-09-01T01:28Z,15041,gA,1.715
2026-09-01T01:28Z,15042,g95e5,1.755
2026-09-01T01:28Z,15042,gA,1.799
2026-09-01T01:28Z,15045,g95e5,1.779
2026-09-01T01:28Z,15045,gA,1.759
2026-09-01T01:28Z,15057,g95e5,1.759
2026-09-01T01:28Z,15057,gA,1.668
2026-09-01T01:28Z,15059,g95e5,1.719
2026-09-01T01:28Z,15059,gA,1.799
2026-09-01T01:28Z,15064,g95e5,1.687
2026-09-01T01:28Z,15064,gA,1.635
2026-09-01T01:28Z,15065,g95e5,1.679
2026-09-01T01:28Z,15065,gA,1.598
2026-09-01T01:28Z,15065,gP,1.608
2026-09-01T01:28Z,15068,g95e5,1.709
2026-09-01T01:28Z,15068,gA,1.658
2026-09-01T01:28Z,15069,gA,1.649
2026-09-01T01:28Z,15070,g95e5,1.689
2026-09-01T01:28Z,15070,gA,1.679
2026-09-01T01:28Z,15074,g95e5,1.709
2026-09-01T01:28Z,15074,gA,1.618
2026-09-01T01:28Z,15074,gP,1.628
2026-09-01T01:28Z,15082,gA,1.729
2026-09-01T01:28Z,15082,gP,1.779
2026-09-01T01:28Z,15084,g95e5,1.719
2026-09-01T01:28Z,15084,gA,1.668
2026-09-01T01:28Z,15084,gP,1.678
2026-09-01T01:28Z,15088,g95e5,1.839
2026-09-01T01:28Z,15088,gA,1.788
2026-09-01T01:28Z,15088,gP,1.868
2026-09-01T01:28Z,15088,g98e5,1.979
2026-09-01T01:28Z,15091,g95e5,1.709
2026-09-01T01:28Z,15091,gA,1.677
2026-09-01T01:28Z,15098,g95e5,1.869
2026-09-01T01:28Z,15098,gA,1.818
2026-09-01T01:28Z,15098,gP,1.898
2026-09-01T01:28Z,15098,g98e5,2.009
2026-09-01T01:28Z,15099,g95e5,1.609
2026-09-01T01:28Z,15099,gA,1.579
2026-09-01T01:28Z,15103,g95e5,1.729
2026-09-01T01:28Z,15103,gA,1.688
2026-09-01T01:28Z,15103,gP,1.698
2026-09-01T01:28Z,15108,g95e5,1.759
2026-09-01T01:28Z,15108,gA,1.769
2026-09-01T01:28Z,15109,g95e5,1.677
2026-09-01T01:28Z,15109,gA,1.647
2026-09-01T01:28Z,15111,g95e5,1.689
2026-09-01T01:28Z,15111,gA,1.679
2026-09-01T01:28Z,15117,g95e5,1.769
2026-09-01T01:28Z,15117,gA,1.718
2026-09-01T01:28Z,15124,g95e5,1.749
2026-09-01T01:28Z,15124,gA,1.699
2026-09-01T01:28Z,15125,g95e5,1.799
2026-09-01T01:28Z,15125,gA,1.819
2026-09-01T01:28Z,15126,g95e5,1.687
2026-09-01T01:28Z,15126,gA,1.647
2026-09-01T01:28Z,15127,g95e5,1.769
2026-09-01T01:28Z,15127,gA,1.739
2026-09-01T01:28Z,15128,g95e5,1.649
2026-09-01T01:28Z,15128,gA,1.699
2026-09-01T01:28Z,15129,g95e5,1.699
2026-09-01T01:28Z,15129,gA,1.679
2026-09-01T01:28Z,15132,g95e5,1.749
2026-09-01T01:28Z,15132,gA,1.729
2026-09-01T01:28Z,15135,g95e5,1.729
2026-09-01T01:28Z,15135,gA,1.719
2026-09-01T01:28Z,15138,g95e5,1.719
2026-09-01T01:28Z,15138,gA,1.749
2026-09-01T01:28Z,15139,g95e5,1.735
2026-09-01T01:28Z,15139,gA,1.705
2026-09-01T01:28Z,15140,g95e5,1.659
2026-09-01T01:28Z,15140,gA,1.649
2026-09-01T01:28Z,15142,g95e5,1.679
2026-09-01T01:28Z,15142,gA,1.649
2026-09-01T01:28Z,15145,g95e5,1.749
2026-09-01T01:28Z,15145,gA,1.779
2026-09-01T01:28Z,15148,g95e5,1.619
2026-09-01T01:28Z,15148,gA,1.697
2026-09-01T01:28Z,15154,g95e5,1.709
2026-09-01T01:28Z,15154,gA,1.658
2026-09-01T01:28Z,15157,g95e5,1.779
2026-09-01T01:28Z,15157,gA,1.919
2026-09-01T01:28Z,15157,gP,2.009
2026-09-01T01:28Z,15157,g95e5p,1.829
2026-09-01T01:28Z,15159,g95e5,1.688
2026-09-01T01:28Z,15159,gA,1.628
2026-09-01T01:28Z,15159,gP,1.638
2026-09-01T01:28Z,15160,g95e5,1.709
2026-09-01T01:28Z,15160,gA,1.789
2026-09-01T01:28Z,15161,g95e5,1.709
2026-09-01T01:28Z,15161,gA,1.729
2026-09-01T01:28Z,15163,g95e5,1.659
2026-09-01T01:28Z,15163,gA,1.649
2026-09-01T01:28Z,15166,g95e5,1.719
2026-09-01T01:28Z,15166,gA,1.739
2026-09-01T01:28Z,15167,g95e5,1.639
2026-09-01T01:28Z,15167,gA,1.589
2026-09-01T01:28Z,15168,g95e5,1.679
2026-09-01T01:28Z,15168,gA,1.759
2026-09-01T01:28Z,15170,g95e5,1.699
2026-09-01T01:28Z,15170,gA,1.689
2026-09-01T01:28Z,15172,g95e5,1.769
2026-09-01T01:28Z,15172,gA,1.749
2026-09-01T01:28Z,15173,g95e5,1.679
2026-09-01T01:28Z,15173,gA,1.705
2026-09-01T01:28Z,15174,gA,1.709
2026-09-01T01:28Z,15175,g95e5,1.659
2026-09-01T01:28Z,15175,gA,1.649
2026-09-01T01:28Z,15176,g95e5,1.639
2026-09-01T01:28Z,15176,gA,1.699
2026-09-01T01:28Z,15177,g95e5,1.739
2026-09-01T01:28Z,15177,gA,1.749
2026-09-01T01:28Z,15179,g95e5,1.689
2026-09-01T01:28Z,15179,gA,1.739
2026-09-01T01:28Z,15183,g95e5,1.725
2026-09-01T01:28Z,15183,gA,1.725
2026-09-01T01:28Z,15185,g95e5,1.729
2026-09-01T01:28Z,15185,gA,1.745
2026-09-01T01:28Z,15186,g95e5,1.749
2026-09-01T01:28Z,15186,gA,1.694
2026-09-01T01:28Z,15186,gP,1.704
2026-09-01T01:28Z,15187,g95e5,1.656
2026-09-01T01:28Z,15187,gA,1.648
2026-09-01T01:28Z,15187,gP,1.658
2026-09-01T01:28Z,15188,g95e5,1.749
2026-09-01T01:28Z,15188,gA,1.688
2026-09-01T01:28Z,15188,gP,1.698
2026-09-01T01:28Z,15193,g95e5,1.749
2026-09-01T01:28Z,15193,gA,1.649
2026-09-01T01:28Z,15195,g95e5,1.709
2026-09-01T01:28Z,15195,gA,1.697
2026-09-01T01:28Z,15196,g95e5,1.719
2026-09-01T01:28Z,15196,gA,1.669
2026-09-01T01:28Z,15207,g95e5,1.679
2026-09-01T01:28Z,15207,gA,1.628
2026-09-01T01:28Z,15209,g95e5,1.699
2026-09-01T01:28Z,15209,gA,1.664
2026-09-01T01:28Z,15209,gP,1.674
2026-09-01T01:28Z,15210,g95e5,1.679
2026-09-01T01:28Z,15210,gA,1.689
2026-09-01T01:28Z,15216,g95e5,1.749
2026-09-01T01:28Z,15216,gA,1.759
2026-09-01T01:28Z,15220,g95e5,1.749
2026-09-01T01:28Z,15220,gA,1.705
2026-09-01T01:28Z,15222,g95e5,1.739
2026-09-01T01:28Z,15222,gA,1.658
2026-09-01T01:28Z,15224,g95e5,1.729
2026-09-01T01:28Z,15224,gA,1.739
2026-09-01T01:28Z,15226,g95e5,1.747
2026-09-01T01:28Z,15226,gA,1.755
2026-09-01T01:28Z,15227,g95e5,1.759
2026-09-01T01:28Z,15227,gA,1.648
2026-09-01T01:28Z,15227,gP,1.658
2026-09-01T01:28Z,15242,g95e5,1.725
2026-09-01T01:28Z,15242,gA,1.725
2026-09-01T01:28Z,15251,g95e5,1.779
2026-09-01T01:28Z,15251,gA,1.769
2026-09-01T01:28Z,15252,g95e5,1.759
2026-09-01T01:28Z,15252,gA,1.658
2026-09-01T01:28Z,15259,g95e5,1.759
2026-09-01T01:28Z,15259,gA,1.634
2026-09-01T01:28Z,15259,gP,1.644
2026-09-01T01:28Z,15267,g95e5,1.629
2026-09-01T01:28Z,15267,gA,1.659
2026-09-01T01:28Z,15357,g95e5,1.649
2026-09-01T01:28Z,15357,gA,1.669
2026-09-01T01:28Z,15370,g95e5,1.699
2026-09-01T01:28Z,15370,gA,1.679
2026-09-01T01:28Z,15372,g95e5,1.665
2026-09-01T01:28Z,15372,gA,1.719
2026-09-01T01:28Z,15485,g95e5,1.719
2026-09-01T01:28Z,15485,gA,1.658
2026-09-01T01:28Z,15485,gP,1.668
2026-09-01T01:28Z,15489,g95e5,1.759
2026-09-01T01:28Z,15489,gA,1.729
2026-09-01T01:28Z,15490,g95e5,1.739
2026-09-01T01:28Z,15490,gA,1.718
2026-09-01T01:28Z,15490,gP,1.728
2026-09-01T01:28Z,15493,g95e5,1.759
2026-09-01T01:28Z,15493,gA,1.779
2026-09-01T01:28Z,15504,g95e5,1.709
2026-09-01T01:28Z,15504,gA,1.739
2026-09-01T01:28Z,15513,g95e5,1.639
2026-09-01T01:28Z,15513,gA,1.689
2026-09-01T01:28Z,15517,g95e5,1.659
2026-09-01T01:28Z,15517,gA,1.729
2026-09-01T01:28Z,15517,gP,1.769
2026-09-01T01:28Z,15517,g98e5,1.799
2026-09-01T01:28Z,15517,glp,0.999
2026-09-01T01:28Z,15532,g95e5,1.699
2026-09-01T01:28Z,15532,gA,1.658
2026-09-01T01:28Z,15532,gP,1.668
2026-09-01T01:28Z,15533,g95e5,1.759
2026-09-01T01:28Z,15533,gA,1.634
2026-09-01T01:28Z,15533,gP,1.644
2026-09-01T01:28Z,15541,g95e5,1.895
2026-09-01T01:28Z,15541,gA,1.808
2026-09-01T01:28Z,15541,gP,1.898
2026-09-01T01:28Z,15541,g98e5,2.045
2026-09-01T01:28Z,15542,g95e5,1.719
2026-09-01T01:28Z,15542,gA,1.659
2026-09-01T01:28Z,15542,gP,1.689
2026-09-01T01:28Z,15542,gB,1.469
2026-09-01T01:28Z,15552,g95e5,1.739
2026-09-01T01:28Z,15552,gA,1.759
2026-09-01T01:28Z,15553,g95e5,1.749
2026-09-01T01:28Z,15553,gA,1.678
2026-09-01T01:28Z,15553,gP,1.688
2026-09-01T01:28Z,15555,g95e5,1.775
2026-09-01T01:28Z,15555,gA,1.729
2026-09-01T01:28Z,15556,g95e5,1.709
2026-09-01T01:28Z,15556,gA,1.689
2026-09-01T01:28Z,15559,g95e5,1.739
2026-09-01T01:28Z,15559,gA,1.719
2026-09-01T01:28Z,15560,g95e5,1.649
2026-09-01T01:28Z,15560,gA,1.689
2026-09-01T01:28Z,15562,g95e5,1.755
2026-09-01T01:28Z,15562,gA,1.735
2026-09-01T01:28Z,15562,gP,1.795
2026-09-01T01:28Z,15562,glp,0.999
2026-09-01T01:28Z,15563,g95e5,1.749
2026-09-01T01:28Z,15563,gA,1.669
2026-09-01T01:28Z,15564,g95e5,1.749
2026-09-01T01:28Z,15564,gA,1.729
2026-09-01T01:28Z,15572,g95e5,1.759
2026-09-01T01:28Z,15572,gA,1.729
2026-09-01T01:28Z,15573,g95e5,1.745
2026-09-01T01:28Z,15573,gA,1.719
2026-09-01T01:28Z,15574,g95e5,1.769
2026-09-01T01:28Z,15574,gA,1.749
2026-09-01T01:28Z,15579,g95e5,1.829
2026-09-01T01:28Z,15579,gA,1.718
2026-09-01T01:28Z,15579,gP,1.798
2026-09-01T01:28Z,15579,g98e5,1.969
2026-09-01T01:28Z,15581,g95e5,1.679
2026-09-01T01:28Z,15581,gA,1.649
2026-09-01T01:28Z,15588,g95e5,1.759
2026-09-01T01:28Z,15588,gA,1.678
2026-09-01T01:28Z,15588,gP,1.688
2026-09-01T01:28Z,15589,g95e5,1.659
2026-09-01T01:28Z,15589,gA,1.578
2026-09-01T01:28Z,15589,gP,1.588
2026-09-01T01:28Z,15591,g95e5,1.719
2026-09-01T01:28Z,15591,gA,1.668
2026-09-01T01:28Z,15591,gP,1.678
2026-09-01T01:28Z,15592,g95e5,1.679
2026-09-01T01:28Z,15592,gA,1.576
2026-09-01T01:28Z,15592,gP,1.586
2026-09-01T01:28Z,15604,g95e5,1.729
2026-09-01T01:28Z,15604,gA,1.715
2026-09-01T01:28Z,15606,g95e5,1.739
2026-09-01T01:28Z,15606,gA,1.735
2026-09-01T01:28Z,15612,g95e5,1.649
2026-09-01T01:28Z,15612,gA,1.678
2026-09-01T01:28Z,15612,gP,1.688
2026-09-01T01:28Z,15613,g95e5,1.759
2026-09-01T01:28Z,15613,gA,1.749
2026-09-01T01:28Z,15622,g95e5,1.749
2026-09-01T01:28Z,15622,gA,1.709
2026-09-01T01:28Z,15623,g95e5,1.765
2026-09-01T01:28Z,15623,gA,1.737
2026-09-01T01:28Z,15625,g95e5,1.735
2026-09-01T01:28Z,15625,gA,1.799
2026-09-01T01:28Z,15628,g95e5,1.649
2026-09-01T01:28Z,15628,gA,1.578
2026-09-01T01:28Z,15628,gP,1.588
2026-09-01T01:28Z,15634,g95e5,1.739
2026-09-01T01:28Z,15634,gA,1.678
2026-09-01T01:28Z,15634,gP,1.688
2026-09-01T01:28Z,15637,g95e5,1.769
2026-09-01T01:28Z,15637,gA,1.749
2026-09-01T01:28Z,15638,g95e5,1.719
2026-09-01T01:28Z,15638,gA,1.729
2026-09-01T01:28Z,15664,g95e5,1.729
2026-09-01T01:28Z,15664,gA,1.678
2026-09-01T01:28Z,15664,gP,1.738
2026-09-01T01:28Z,15669,g95e5,1.709
2026-09-01T01:28Z,15669,gA,1.739
2026-09-01T01:28Z,15670,g95e5,1.709
2026-09-01T01:28Z,15670,gA,1.669
2026-09-01T01:28Z,15671,g95e5,1.739
2026-09-01T01:28Z,15671,gA,1.729
2026-09-01T01:28Z,15673,g95e5,1.719
2026-09-01T01:28Z,15673,gA,1.618
2026-09-01T01:28Z,15673,gP,1.628
2026-09-01T01:28Z,15678,g95e5,1.709
2026-09-01T01:28Z,15678,gA,1.618
2026-09-01T01:28Z,15678,gP,1.628
2026-09-01T01:28Z,15679,g95e5,1.779
2026-09-01T01:28Z,15679,gA,1.698
2026-09-01T01:28Z,15679,gP,1.708
2026-09-01T01:28Z,15680,g95e5,1.689
2026-09-01T01:28Z,15680,gA,1.668
2026-09-01T01:28Z,15680,gP,1.678
2026-09-01T01:28Z,15681,g95e5,1.699
2026-09-01T01:28Z,15681,gA,1.638
2026-09-01T01:28Z,15681,gP,1.648
2026-09-01T01:28Z,15683,g95e5,1.759
2026-09-01T01:28Z,15683,gA,1.658
2026-09-01T01:28Z,15683,gP,1.668
2026-09-01T01:28Z,15684,g95e5,1.749
2026-09-01T01:28Z,15684,gA,1.749
2026-09-01T01:28Z,15688,gA,1.689
2026-09-01T01:28Z,15690,g95e5,1.729
2026-09-01T01:28Z,15690,gA,1.729
2026-09-01T01:28Z,15694,g95e5,1.699
2026-09-01T01:28Z,15694,gA,1.689
2026-09-01T01:28Z,15696,g95e5,1.699
2026-09-01T01:28Z,15696,gA,1.689
2026-09-01T01:28Z,15698,g95e5,1.739
2026-09-01T01:28Z,15698,gA,1.715
2026-09-01T01:28Z,15699,g95e5,1.698
2026-09-01T01:28Z,15699,gA,1.676
2026-09-01T01:28Z,15699,gP,1.686
2026-09-01T01:28Z,15700,g95e5,1.719
2026-09-01T01:28Z,15700,gA,1.719
2026-09-01T01:28Z,15703,g95e5,1.719
2026-09-01T01:28Z,15703,gA,1.739
2026-09-01T01:28Z,15704,g95e5,1.609
2026-09-01T01:28Z,15704,gA,1.549
2026-09-01T01:28Z,15710,g95e5,1.729
2026-09-01T01:28Z,15710,gA,1.644
2026-09-01T01:28Z,15710,gP,1.654
2026-09-01T01:28Z,15716,g95e5,1.749
2026-09-01T01:28Z,15716,gA,1.729
2026-09-01T01:28Z,15717,g95e5,1.709
2026-09-01T01:28Z,15717,gA,1.739
2026-09-01T01:28Z,15721,g95e5,1.759
2026-09-01T01:28Z,15721,gA,1.728
2026-09-01T01:28Z,15724,g95e5,1.719
2026-09-01T01:28Z,15724,gA,1.689
2026-09-01T01:28Z,15726,g95e5,1.689
2026-09-01T01:28Z,15726,gA,1.608
2026-09-01T01:28Z,15726,gP,1.618
2026-09-01T01:28Z,15727,g95e5,1.749
2026-09-01T01:28Z,15727,gA,1.749
2026-09-01T01:28Z,15728,g95e5,1.729
2026-09-01T01:28Z,15728,gA,1.719
2026-09-01T01:28Z,15729,g95e5,1.689
2026-09-01T01:28Z,15729,gA,1.679
2026-09-01T01:28Z,15734,g95e5,1.729
2026-09-01T01:28Z,15734,gA,1.689
2026-09-01T01:28Z,15735,g95e5,1.627
2026-09-01T01:28Z,15735,gA,1.627
2026-09-01T01:28Z,15736,g95e5,1.609
2026-09-01T01:28Z,15736,gA,1.609
2026-09-01T01:28Z,15739,gA,1.819
2026-09-01T01:28Z,15739,gP,1.869
2026-09-01T01:28Z,15740,g95e5,1.739
2026-09-01T01:28Z,15740,gA,1.668
2026-09-01T01:28Z,15740,gP,1.678
2026-09-01T01:28Z,15744,g95e5,1.729
2026-09-01T01:28Z,15744,gA,1.689
2026-09-01T01:28Z,15745,g95e5,1.709
2026-09-01T01:28Z,15745,gA,1.699
2026-09-01T01:28Z,15748,g95e5,1.749
2026-09-01T01:28Z,15748,gA,1.749
2026-09-01T01:28Z,15754,g95e5,1.759
2026-09-01T01:28Z,15754,gA,1.739
2026-09-01T01:28Z,15755,g95e5,1.765
2026-09-01T01:28Z,15755,gA,1.747
2026-09-01T01:28Z,15756,g95e5,1.709
2026-09-01T01:28Z,15756,gA,1.659
2026-09-01T01:28Z,15757,g95e5,1.749
2026-09-01T01:28Z,15757,gA,1.708
2026-09-01T01:28Z,15757,gP,1.718
2026-09-01T01:28Z,15758,g95e5,1.759
2026-09-01T01:28Z,15758,gA,1.668
2026-09-01T01:28Z,15758,gP,1.678
2026-09-01T01:28Z,15759,g95e5,1.725
2026-09-01T01:28Z,15759,gA,1.699
2026-09-01T01:28Z,15760,g95e5,1.719
2026-09-01T01:28Z,15760,gA,1.739
2026-09-01T01:28Z,15770,g95e5,1.759
2026-09-01T01:28Z,15770,gA,1.728
2026-09-01T01:28Z,15770,gP,1.738
2026-09-01T01:28Z,15771,g95e5,1.759
2026-09-01T01:28Z,15771,gA,1.678
2026-09-01T01:28Z,15771,gP,1.688
2026-09-01T01:28Z,15772,g95e5,1.699
2026-09-01T01:28Z,15772,gA,1.699
2026-09-01T01:28Z,15780,g95e5,1.669
2026-09-01T01:28Z,15780,gA,1.639
2026-09-01T01:28Z,15783,g95e5,1.759
2026-09-01T01:28Z,15783,gA,1.634
2026-09-01T01:28Z,15783,gP,1.644
2026-09-01T01:28Z,15787,g95e5,1.689
2026-09-01T01:28Z,15787,gA,1.679
2026-09-01T01:28Z,15789,g95e5,1.739
2026-09-01T01:28Z,15789,gA,1.658
2026-09-01T01:28Z,15789,gP,1.668
2026-09-01T01:28Z,15790,g95e5,1.709
2026-09-01T01:28Z,15790,gA,1.687
2026-09-01T01:28Z,15791,g95e5,1.699
2026-09-01T01:28Z,15791,gA,1.658
2026-09-01T01:28Z,15791,gP,1.668
2026-09-01T01:28Z,15792,g95e5,1.709
2026-09-01T01:28Z,15792,gA,1.638
2026-09-01T01:28Z,15792,gP,1.648
2026-09-01T01:28Z,15793,g95e5,1.729
2026-09-01T01:28Z,15793,gA,1.718
2026-09-01T01:28Z,15793,gP,1.728
2026-09-01T01:28Z,15796,g95e5,1.719
2026-09-01T01:28Z,15796,gA,1.664
2026-09-01T01:28Z,15796,gP,1.674
2026-09-01T01:28Z,15797,g95e5,1.619
2026-09-01T01:28Z,15797,gA,1.628
2026-09-01T01:28Z,15797,gP,1.638
2026-09-01T01:28Z,15800,gA,1.779
2026-09-01T01:28Z,15809,g95e5,1.729
2026-09-01T01:28Z,15809,gA,1.678
2026-09-01T01:28Z,15810,g95e5,1.709
2026-09-01T01:28Z,15810,gA,1.729
2026-09-01T01:28Z,15817,g95e5,1.689
2026-09-01T01:28Z,15817,gA,1.679
2026-09-01T01:28Z,15818,g95e5,1.749
2026-09-01T01:28Z,15818,gA,1.749
2026-09-01T01:28Z,15819,g95e5,1.729
2026-09-01T01:28Z,15819,gA,1.739
2026-09-01T01:28Z,15820,g95e5,1.659
2026-09-01T01:28Z,15820,gA,1.658
2026-09-01T01:28Z,15820,gP,1.668
2026-09-01T01:28Z,15821,g95e5,1.689
2026-09-01T01:28Z,15821,gA,1.679
2026-09-01T01:28Z,15824,g95e5,1.679
2026-09-01T01:28Z,15824,gA,1.669
2026-09-01T01:28Z,15825,g95e5,1.709
2026-09-01T01:28Z,15825,gA,1.719
2026-09-01T01:28Z,15827,g95e5,1.775
2026-09-01T01:28Z,15827,gA,1.739
2026-09-01T01:28Z,15828,g95e5,1.719
2026-09-01T01:28Z,15828,gA,1.705
2026-09-01T01:28Z,15832,g95e5,1.679
2026-09-01T01:28Z,15832,gA,1.647
2026-09-01T01:28Z,15837,g95e5,1.729
2026-09-01T01:28Z,15837,gA,1.598
2026-09-01T01:28Z,15837,gP,1.608
2026-09-01T01:28Z,15839,g95e5,1.749
2026-09-01T01:28Z,15839,gA,1.699
2026-09-01T01:28Z,15841,g95e5,1.765
2026-09-01T01:28Z,15841,gA,1.739
2026-09-01T01:28Z,15843,g95e5,1.669
2026-09-01T01:28Z,15843,gA,1.719
2026-09-01T01:28Z,15847,g95e5,1.779
2026-09-01T01:28Z,15847,gA,1.779
2026-09-01T01:28Z,15850,g95e5,1.669
2026-09-01T01:28Z,15850,gA,1.618
2026-09-01T01:28Z,15850,gP,1.628
2026-09-01T01:28Z,15855,g95e5,1.737
2026-09-01T01:28Z,15855,gA,1.739
2026-09-01T01:28Z,15857,g95e5,1.679
2026-09-01T01:28Z,15857,gA,1.659
2026-09-01T01:28Z,15858,g95e5,1.699
2026-09-01T01:28Z,15858,gA,1.679
2026-09-01T01:28Z,15859,g95e5,1.748
2026-09-01T01:28Z,15859,gA,1.684
2026-09-01T01:28Z,15859,gP,1.694
2026-09-01T01:28Z,15862,g95e5,1.709
2026-09-01T01:28Z,15862,gA,1.689
2026-09-01T01:28Z,15863,g95e5,1.749
2026-09-01T01:28Z,15863,gA,1.698
2026-09-01T01:28Z,15863,gP,1.708
2026-09-01T01:28Z,15864,g95e5,1.649
2026-09-01T01:28Z,15864,gA,1.669
2026-09-01T01:28Z,15870,g95e5,1.629
2026-09-01T01:28Z,15870,gA,1.599
2026-09-01T01:28Z,15871,g95e5,1.659
2026-09-01T01:28Z,15871,gA,1.658
2026-09-01T01:28Z,15871,gP,1.668
2026-09-01T01:28Z,15873,g95e5,1.709
2026-09-01T01:28Z,15873,gA,1.739
2026-09-01T01:28Z,15874,g95e5,1.769
2026-09-01T01:28Z,15874,gA,1.749
2026-09-01T01:28Z,15876,g95e5,1.749
2026-09-01T01:28Z,15876,gA,1.648
2026-09-01T01:28Z,15876,gP,1.658
2026-09-01T01:28Z,15878,g95e5,1.737
2026-09-01T01:28Z,15878,gA,1.739
2026-09-01T01:28Z,15879,gA,1.449
2026-09-01T01:28Z,15880,g95e5,1.729
2026-09-01T01:28Z,15880,gA,1.709
2026-09-01T01:28Z,15881,g95e5,1.689
2026-09-01T01:28Z,15881,gA,1.699
2026-09-01T01:28Z,15883,g95e5,1.699
2026-09-01T01:28Z,15883,gA,1.649
2026-09-01T01:28Z,15884,g95e5,1.799
2026-09-01T01:28Z,15884,gA,1.698
2026-09-01T01:28Z,15886,g95e5,1.649
2026-09-01T01:28Z,15886,gA,1.668
2026-09-01T01:28Z,15886,gP,1.678
2026-09-01T01:28Z,15888,g95e5,1.699
2026-09-01T01:28Z,15888,gA,1.635
2026-09-01T01:28Z,15900,g95e5,1.709
2026-09-01T01:28Z,15900,gA,1.658
2026-09-01T01:28Z,15900,gP,1.668
2026-09-01T01:28Z,15900,g95e5p,1.719
2026-09-01T01:28Z,15903,g95e5,1.737
2026-09-01T01:28Z,15903,gA,1.717
2026-09-01T01:28Z,15904,g95e5,1.840
2026-09-01T01:28Z,15904,gA,1.809
2026-09-01T01:28Z,15908,g95e5,1.759
2026-09-01T01:28Z,15908,gA,1.634
2026-09-01T01:28Z,15908,gP,1.644
2026-09-01T01:28Z,15910,g95e5,1.719
2026-09-01T01:28Z,15910,gA,1.664
2026-09-01T01:28Z,15910,gP,1.674
2026-09-01T01:28Z,15915,g95e5,1.679
2026-09-01T01:28Z,15915,gA,1.638
2026-09-01T01:28Z,15915,gP,1.648
2026-09-01T01:28Z,15918,g95e5,1.699
2026-09-01T01:28Z,15918,gA,1.638
2026-09-01T01:28Z,15918,gP,1.648
2026-09-01T01:28Z,15920,g95e5,1.715
2026-09-01T01:28Z,15920,gA,1.729
2026-09-01T01:28Z,15921,g95e5,1.689
2026-09-01T01:28Z,15921,gA,1.739
2026-09-01T01:28Z,15922,g95e5,1.649
2026-09-01T01:28Z,15922,gA,1.669
2026-09-01T01:28Z,15923,g95e5,1.775
2026-09-01T01:28Z,15923,gA,1.729
2026-09-01T01:28Z,15929,g95e5,1.709
2026-09-01T01:28Z,15929,gA,1.739
2026-09-01T01:28Z,15932,g95e5,1.699
2026-09-01T01:28Z,15932,gA,1.625
2026-09-01T01:28Z,15934,g95e5,1.779
2026-09-01T01:28Z,15934,gA,1.759
2026-09-01T01:28Z,15935,g95e5,1.789
2026-09-01T01:28Z,15935,gA,1.769
2026-09-01T01:28Z,15937,g95e5,1.739
2026-09-01T01:28Z,15937,gA,1.718
2026-09-01T01:28Z,15937,gP,1.728
2026-09-01T01:28Z,15948,g95e5,1.749
2026-09-01T01:28Z,15948,gA,1.668
2026-09-01T01:28Z,15948,gP,1.678
2026-09-01T01:28Z,15949,g95e5,1.756
2026-09-01T01:28Z,15949,gA,1.714
2026-09-01T01:28Z,15949,gP,1.724
2026-09-01T01:28Z,15950,g95e5,1.669
2026-09-01T01:28Z,15950,gA,1.618
2026-09-01T01:28Z,15950,gP,1.628
2026-09-01T01:28Z,15951,g95e5,1.669
2026-09-01T01:28Z,15951,gA,1.628
2026-09-01T01:28Z,15951,gP,1.638
2026-09-01T01:28Z,15958,gA,1.769
2026-09-01T01:28Z,15958,gP,1.799
2026-09-01T01:28Z,15962,g95e5,1.729
2026-09-01T01:28Z,15962,gA,1.719
2026-09-01T01:28Z,15963,g95e5,1.639
2026-09-01T01:28Z,15963,gA,1.689
2026-09-01T01:28Z,15965,g95e5,1.749
2026-09-01T01:28Z,15965,gA,1.749
2026-09-01T01:28Z,15966,g95e5,1.759
2026-09-01T01:28Z,15966,gA,1.739
2026-09-01T01:28Z,15967,gA,1.769
2026-09-01T01:28Z,15968,g95e5,1.699
2026-09-01T01:28Z,15968,gA,1.638
2026-09-01T01:28Z,15968,gP,1.648
2026-09-01T01:28Z,15969,g95e5,1.799
2026-09-01T01:28Z,15969,gA,1.819
2026-09-01T01:28Z,15970,g95e5,1.669
2026-09-01T01:28Z,15970,gA,1.719
2026-09-01T01:28Z,15971,g95e5,1.759
2026-09-01T01:28Z,15971,gA,1.769
2026-09-01T01:28Z,15972,g95e5,1.689
2026-09-01T01:28Z,15972,gA,1.679
2026-09-01T01:28Z,15975,g95e5,1.745
2026-09-01T01:28Z,15975,gA,1.719
2026-09-01T01:28Z,15978,g95e5,1.759
2026-09-01T01:28Z,15978,gA,1.749
2026-09-01T01:28Z,15980,g95e5,1.729
2026-09-01T01:28Z,15980,gA,1.709
2026-09-01T01:28Z,15982,g95e5,1.725
2026-09-01T01:28Z,15982,gA,1.735
2026-09-01T01:28Z,15983,g95e5,1.715
2026-09-01T01:28Z,15983,gA,1.729
2026-09-01T01:28Z,15985,g95e5,1.739
2026-09-01T01:28Z,15985,gA,1.779
2026-09-01T01:28Z,15986,g95e5,1.805
2026-09-01T01:28Z,15986,gA,1.745
2026-09-01T01:28Z,15987,g95e5,1.679
2026-09-01T01:28Z,15987,gA,1.689
2026-09-01T01:28Z,15988,g95e5,1.619
2026-09-01T01:28Z,15988,gA,1.697
2026-09-01T01:28Z,15989,g95e5,1.599
2026-09-01T01:28Z,15989,gA,1.585
2026-09-01T01:28Z,15990,g95e5,1.709
2026-09-01T01:28Z,15990,gA,1.618
2026-09-01T01:28Z,15990,gP,1.628
2026-09-01T01:28Z,15991,g95e5,1.739
2026-09-01T01:28Z,15991,gA,1.628
2026-09-01T01:28Z,15991,gP,1.638
2026-09-01T01:28Z,15991,g95e5p,1.749
2026-09-01T01:28Z,15999,g95e5,1.629
2026-09-01T01:28Z,15999,gA,1.669
2026-09-01T01:28Z,16000,g95e5,1.749
2026-09-01T01:28Z,16000,gA,1.634
2026-09-01T01:28Z,16007,g95e5,1.739
2026-09-01T01:28Z,16007,gA,1.735
2026-09-01T01:28Z,16009,g95e5,1.719
2026-09-01T01:28Z,16009,gA,1.658
2026-09-01T01:28Z,16009,gP,1.668
2026-09-01T01:28Z,16011,g95e5,1.659
2026-09-01T01:28Z,16011,gA,1.689
2026-09-01T01:28Z,16012,g95e5,1.689
2026-09-01T01:28Z,16012,gA,1.679
2026-09-01T01:28Z,16013,g95e5,1.649
2026-09-01T01:28Z,16013,gA,1.635
2026-09-01T01:28Z,16014,g95e5,1.619
2026-09-01T01:28Z,16014,gA,1.649
2026-09-01T01:28Z,16016,g95e5,1.709
2026-09-01T01:28Z,16016,gA,1.718
2026-09-01T01:28Z,16016,gP,1.728
2026-09-01T01:28Z,16017,g95e5,1.789
2026-09-01T01:28Z,16017,gA,1.748
2026-09-01T01:28Z,16017,gP,1.758
2026-09-01T01:28Z,16018,g95e5,1.697
2026-09-01T01:28Z,16018,gA,1.747
2026-09-01T01:28Z,16019,g95e5,1.689
2026-09-01T01:28Z,16019,gA,1.679
2026-09-01T01:28Z,16024,g95e5,1.679
2026-09-01T01:28Z,16024,gA,1.658
2026-09-01T01:28Z,16024,gP,1.668
2026-09-01T01:28Z,16028,g95e5,1.656
2026-09-01T01:28Z,16028,gA,1.574
2026-09-01T01:28Z,16028,gP,1.584
2026-09-01T01:28Z,16029,g95e5,1.759
2026-09-01T01:28Z,16029,gA,1.668
2026-09-01T01:28Z,16029,gP,1.678
2026-09-01T01:28Z,16032,g95e5,1.699
2026-09-01T01:28Z,16032,gA,1.729
2026-09-01T01:28Z,16034,g95e5,1.635
2026-09-01T01:28Z,16034,gA,1.715
2026-09-01T01:28Z,16035,g95e5,1.679
2026-09-01T01:28Z,16035,gA,1.689
2026-09-01T01:28Z,16036,g95e5,1.729
2026-09-01T01:28Z,16036,gA,1.717
2026-09-01T01:28Z,16038,g95e5,1.705
2026-09-01T01:28Z,16038,gA,1.705
2026-09-01T01:28Z,16043,g95e5,1.699
2026-09-01T01:28Z,16043,gA,1.658
2026-09-01T01:28Z,16043,gP,1.668
2026-09-01T01:28Z,16048,g95e5,1.719
2026-09-01T01:28Z,16048,gA,1.749
2026-09-01T01:28Z,16049,g95e5,1.679
2026-09-01T01:28Z,16049,gA,1.689
2026-09-01T01:28Z,16053,g95e5,1.747
2026-09-01T01:28Z,16053,gA,1.755
2026-09-01T01:28Z,16054,g95e5,1.739
2026-09-01T01:28Z,16054,gA,1.663
2026-09-01T01:28Z,16054,gP,1.673
2026-09-01T01:28Z,16055,g95e5,1.689
2026-09-01T01:28Z,16055,gA,1.689
2026-09-01T01:28Z,16056,g95e5,1.709
2026-09-01T01:28Z,16056,gA,1.618
2026-09-01T01:28Z,16056,gP,1.628
2026-09-01T01:28Z,16058,g95e5,1.719
2026-09-01T01:28Z,16058,gA,1.719
2026-09-01T01:28Z,16059,g95e5,1.669
2026-09-01T01:28Z,16059,gA,1.699
2026-09-01T01:28Z,16061,g95e5,1.709
2026-09-01T01:28Z,16061,gA,1.697
2026-09-01T01:28Z,16062,g95e5,1.719
2026-09-01T01:28Z,16062,gA,1.679
2026-09-01T01:28Z,16063,g95e5,1.749
2026-09-01T01:28Z,16063,gA,1.779
2026-09-01T01:28Z,16067,g95e5,1.799
2026-09-01T01:28Z,16067,gA,1.728
2026-09-01T01:28Z,16067,gP,1.738
2026-09-01T01:28Z,16070,g95e5,1.799
2026-09-01T01:28Z,16070,gA,1.708
2026-09-01T01:28Z,16070,gP,1.718
2026-09-01T01:28Z,16073,g95e5,1.709
2026-09-01T01:28Z,16073,gA,1.729
2026-09-01T01:28Z,16079,g95e5,1.719
2026-09-01T01:28Z,16079,gA,1.759
2026-09-01T01:28Z,16080,g95e5,1.679
2026-09-01T01:28Z,16080,gA,1.638
2026-09-01T01:28Z,16080,gP,1.648
2026-09-01T01:28Z,16084,g95e5,1.779
2026-09-01T01:28Z,16084,gA,1.799
2026-09-01T01:28Z,16085,g95e5,1.687
2026-09-01T01:28Z,16085,gA,1.635
2026-09-01T01:28Z,16086,g95e5,1.669
2026-09-01T01:28Z,16086,gA,1.659
2026-09-01T01:28Z,16087,g95e5,1.669
2026-09-01T01:28Z,16087,gA,1.669
2026-09-01T01:28Z,16088,g95e5,1.729
2026-09-01T01:28Z,16088,gA,1.739
2026-09-01T01:28Z,16089,g95e5,1.719
2026-09-01T01:28Z,16089,gA,1.648
2026-09-01T01:28Z,16089,gP,1.658
2026-09-01T01:28Z,16090,g95e5,1.699
2026-09-01T01:28Z,16090,gA,1.638
2026-09-01T01:28Z,16090,gP,1.648
2026-09-01T01:28Z,16091,g95e5,1.749
2026-09-01T01:28Z,16091,gA,1.749
2026-09-01T01:28Z,16092,g95e5,1.889
2026-09-01T01:28Z,16092,gA,1.799
2026-09-01T01:28Z,16092,gP,1.889
2026-09-01T01:28Z,16092,g98e5,2.049
2026-09-01T01:28Z,16093,g95e5,1.769
2026-09-01T01:28Z,16093,gA,1.809
2026-09-01T01:28Z,16094,g95e5,1.755
2026-09-01T01:28Z,16094,gA,1.719
2026-09-01T01:28Z,16095,g95e5,1.729
2026-09-01T01:28Z,16095,gA,1.649
2026-09-01T01:28Z,16098,g95e5,1.659
2026-09-01T01:28Z,16098,gA,1.578
2026-09-01T01:28Z,16099,g95e5,1.699
2026-09-01T01:28Z,16099,gA,1.699
2026-09-01T01:28Z,16100,g95e5,1.709
2026-09-01T01:28Z,16100,gA,1.687
2026-09-01T01:28Z,16101,g95e5,1.689
2026-09-01T01:28Z,16101,gA,1.628
2026-09-01T01:28Z,16101,gP,1.638
2026-09-01T01:28Z,16104,g95e5,1.679
2026-09-01T01:28Z,16104,gA,1.678
2026-09-01T01:28Z,16104,gP,1.688
2026-09-01T01:28Z,16108,g95e5,1.689
2026-09-01T01:28Z,16108,gA,1.608
2026-09-01T01:28Z,16108,gP,1.618
2026-09-01T01:28Z,16110,g95e5,1.689
2026-09-01T01:28Z,16110,gA,1.659
2026-09-01T01:28Z,16111,g95e5,1.699
2026-09-01T01:28Z,16111,gA,1.625
2026-09-01T01:28Z,16114,g95e5,1.715
2026-09-01T01:28Z,16114,gA,1.707
2026-09-01T01:28Z,16115,g95e5,1.797
2026-09-01T01:28Z,16115,gA,1.847
2026-09-01T01:28Z,16116,g95e5,1.729
2026-09-01T01:28Z,16116,gA,1.699
2026-09-01T01:28Z,16117,g95e5,1.629
2026-09-01T01:28Z,16117,gA,1.588
2026-09-01T01:28Z,16117,gP,1.598
2026-09-01T01:28Z,16117,g95e5p,1.639
2026-09-01T01:28Z,16119,g95e5,1.679
2026-09-01T01:28Z,16119,gA,1.638
2026-09-01T01:28Z,16119,gP,1.648
2026-09-01T01:28Z,16122,g95e5,1.679
2026-09-01T01:28Z,16122,gA,1.699
2026-09-01T01:28Z,16125,g95e5,1.749
2026-09-01T01:28Z,16125,gA,1.648
2026-09-01T01:28Z,16125,gP,1.658
2026-09-01T01:28Z,16128,g95e5,1.639
2026-09-01T01:28Z,16128,gA,1.648
2026-09-01T01:28Z,16128,gP,1.658
2026-09-01T01:28Z,16129,g95e5,1.699
2026-09-01T01:28Z,16129,gA,1.648
2026-09-01T01:28Z,16129,gP,1.658
2026-09-01T01:28Z,16130,g95e5,1.779
2026-09-01T01:28Z,16130,gA,1.708
2026-09-01T01:28Z,16130,gP,1.718
2026-09-01T01:28Z,16133,g95e5,1.629
2026-09-01T01:28Z,16133,gA,1.639
2026-09-01T01:28Z,16134,g95e5,1.669
2026-09-01T01:28Z,16134,gA,1.699
2026-09-01T01:28Z,16135,g95e5,1.729
2026-09-01T01:28Z,16135,gA,1.647
2026-09-01T01:28Z,16138,g95e5,1.745
2026-09-01T01:28Z,16138,gA,1.689
2026-09-01T01:28Z,16140,g95e5,1.677
2026-09-01T01:28Z,16140,gA,1.647
2026-09-01T01:28Z,16141,g95e5,1.789
2026-09-01T01:28Z,16141,gA,1.749
2026-09-01T01:28Z,16143,g95e5,1.689
2026-09-01T01:28Z,16143,gA,1.679
2026-09-01T01:28Z,16144,g95e5,1.709
2026-09-01T01:28Z,16144,gA,1.719
2026-09-01T01:28Z,16145,g95e5,1.765
2026-09-01T01:28Z,16145,gA,1.737
2026-09-01T01:28Z,16146,g95e5,1.759
2026-09-01T01:28Z,16146,gA,1.809
2026-09-01T01:28Z,16150,g95e5,1.759
2026-09-01T01:28Z,16150,gA,1.738
2026-09-01T01:28Z,16150,gP,1.748
2026-09-01T01:28Z,16151,g95e5,1.609
2026-09-01T01:28Z,16151,gA,1.688
2026-09-01T01:28Z,16151,gP,1.698
2026-09-01T01:28Z,16154,g95e5,1.679
2026-09-01T01:28Z,16154,gA,1.638
2026-09-01T01:28Z,16154,gP,1.648
2026-09-01T01:28Z,16155,g95e5,1.659
2026-09-01T01:28Z,16155,gA,1.578
2026-09-01T01:28Z,16155,gP,1.588
2026-09-01T01:28Z,16160,g95e5,1.679
2026-09-01T01:28Z,16160,gA,1.639
2026-09-01T01:28Z,16162,g95e5,1.854
2026-09-01T01:28Z,16162,gA,1.793
2026-09-01T01:28Z,16167,g95e5,1.659
2026-09-01T01:28Z,16167,gA,1.578
2026-09-01T01:28Z,16167,gP,1.588
2026-09-01T01:28Z,16169,g95e5,1.759
2026-09-01T01:28Z,16169,gA,1.715
2026-09-01T01:28Z,16170,g95e5,1.729
2026-09-01T01:28Z,16170,gA,1.678
2026-09-01T01:28Z,16170,gP,1.688
2026-09-01T01:28Z,16173,g95e5,1.689
2026-09-01T01:28Z,16173,gA,1.689
2026-09-01T01:28Z,16174,g95e5,1.799
2026-09-01T01:28Z,16174,gA,1.769
2026-09-01T01:28Z,16175,g95e5,1.639
2026-09-01T01:28Z,16175,gA,1.618
2026-09-01T01:28Z,16175,gP,1.628
2026-09-01T01:28Z,16183,g95e5,1.639
2026-09-01T01:28Z,16183,gA,1.669
2026-09-01T01:28Z,16184,g95e5,1.769
2026-09-01T01:28Z,16184,gA,1.749
2026-09-01T01:28Z,16186,g95e5,1.698
2026-09-01T01:28Z,16186,gA,1.676
2026-09-01T01:28Z,16186,gP,1.686
2026-09-01T01:28Z,16187,g95e5,1.789
2026-09-01T01:28Z,16187,gA,1.805
2026-09-01T01:28Z,16188,g95e5,1.749
2026-09-01T01:28Z,16188,gA,1.749
2026-09-01T01:28Z,16191,g95e5,1.669
2026-09-01T01:28Z,16191,gA,1.648
2026-09-01T01:28Z,16191,gP,1.658
2026-09-01T01:28Z,16192,g95e5,1.759
2026-09-01T01:28Z,16192,gA,1.658
2026-09-01T01:28Z,16192,gP,1.668
2026-09-01T01:28Z,16193,g95e5,1.697
2026-09-01T01:28Z,16193,gA,1.747
2026-09-01T01:28Z,16198,g95e5,1.789
2026-09-01T01:28Z,16198,gA,1.819
2026-09-01T01:28Z,16199,g95e5,1.609
2026-09-01T01:28Z,16199,gA,1.609
2026-09-01T01:28Z,16200,g95e5,1.619
2026-09-01T01:28Z,16200,gA,1.649
2026-09-01T01:28Z,16201,g95e5,1.759
2026-09-01T01:28Z,16201,gA,1.809
2026-09-01T01:28Z,16204,g95e5,1.719
2026-09-01T01:28Z,16204,gA,1.739
2026-09-01T01:28Z,16206,g95e5,1.649
2026-09-01T01:28Z,16206,gA,1.685
2026-09-01T01:28Z,16207,g95e5,1.709
2026-09-01T01:28Z,16207,gA,1.735
2026-09-01T01:28Z,16209,g95e5,1.697
2026-09-01T01:28Z,16209,gA,1.699
2026-09-01T01:28Z,16214,g95e5,1.729
2026-09-01T01:28Z,16214,gA,1.709
2026-09-01T01:28Z,16225,g95e5,1.799
2026-09-01T01:28Z,16227,g95e5,1.709
2026-09-01T01:28Z,16227,gA,1.705
2026-09-01T01:28Z,16229,g95e5,1.729
2026-09-01T01:28Z,16229,gA,1.698
2026-09-01T01:28Z,16229,gP,1.708
2026-09-01T01:28Z,16229,g95e5p,1.739
2026-09-01T01:28Z,16230,g95e5,1.659
2026-09-01T01:28Z,16230,gA,1.728
2026-09-01T01:28Z,16230,gP,1.738
2026-09-01T01:28Z,16230,g95e5p,1.669
2026-09-01T01:28Z,16245,g95e5,1.739
2026-09-01T01:28Z,16245,gA,1.779
2026-09-01T01:28Z,16246,g95e5,1.719
2026-09-01T01:28Z,16246,gA,1.739
2026-09-01T01:28Z,16247,g95e5,1.709
2026-09-01T01:28Z,16247,gA,1.729
2026-09-01T01:28Z,16248,g95e5,1.789
2026-09-01T01:28Z,16248,gA,1.688
2026-09-01T01:28Z,16248,gP,1.698
2026-09-01T01:28Z,16249,g95e5,1.689
2026-09-01T01:28Z,16249,gA,1.669
2026-09-01T01:28Z,16252,gA,1.769
2026-09-01T01:28Z,16253,g95e5,1.659
2026-09-01T01:28Z,16253,gA,1.568
2026-09-01T01:28Z,16253,gP,1.578
2026-09-01T01:28Z,16253,g95e5p,1.669
2026-09-01T01:28Z,16256,g95e5,1.709
2026-09-01T01:28Z,16256,gA,1.699
2026-09-01T01:28Z,16260,g95e5,1.749
2026-09-01T01:28Z,16260,gA,1.708
2026-09-01T01:28Z,16260,gP,1.718
2026-09-01T01:28Z,16260,g95e5p,1.759
2026-09-01T01:28Z,16261,g95e5,1.747
2026-09-01T01:28Z,16261,gA,1.631
2026-09-01T01:28Z,16261,gP,1.641
2026-09-01T01:28Z,16261,g95e5p,1.757
2026-09-01T01:28Z,16263,g95e5,1.709
2026-09-01T01:28Z,16263,gA,1.678
2026-09-01T01:28Z,16264,g95e5,1.639
2026-09-01T01:28Z,16264,gA,1.679
2026-09-01T01:28Z,16265,g95e5,1.659
2026-09-01T01:28Z,16265,gA,1.649
2026-09-01T01:28Z,16275,g95e5,1.759
2026-09-01T01:28Z,16275,gA,1.648
2026-09-01T01:28Z,16275,gP,1.658
2026-09-01T01:28Z,16275,g95e5p,1.769
2026-09-01T01:28Z,16279,g95e5,1.749
2026-09-01T01:28Z,16279,gA,1.698
2026-09-01T01:28Z,16282,g95e5,1.775
2026-09-01T01:28Z,16282,gA,1.739
2026-09-01T01:28Z,16285,g95e5,1.699
2026-09-01T01:28Z,16285,gA,1.628
2026-09-01T01:28Z,16285,gP,1.638
2026-09-01T01:28Z,16285,g95e5p,1.709
2026-09-01T01:28Z,16286,g95e5,1.759
2026-09-01T01:28Z,16286,gA,1.729
2026-09-01T01:28Z,16290,g95e5,1.659
2026-09-01T01:28Z,16290,gA,1.649
2026-09-01T01:28Z,16291,g95e5,1.699
2026-09-01T01:28Z,16291,gA,1.739
2026-09-01T01:28Z,16293,g95e5,1.635
2026-09-01T01:28Z,16293,gA,1.689
2026-09-01T01:28Z,16294,g95e5,1.745
2026-09-01T01:28Z,16294,gA,1.795
2026-09-01T01:28Z,16295,g95e5,1.825
2026-09-01T01:28Z,16295,gA,1.809
2026-09-01T01:28Z,16295,gP,1.899
2026-09-01T01:28Z,16295,g98e5,1.965
2026-09-01T01:28Z,16302,g95e5,1.689
2026-09-01T01:28Z,16302,gA,1.634
2026-09-01T01:28Z,16302,gP,1.644
2026-09-01T01:28Z,16302,g95e5p,1.699
2026-09-01T01:28Z,16304,g95e5,1.749
2026-09-01T01:28Z,16304,gA,1.709
2026-09-01T01:28Z,16305,g95e5,1.829
2026-09-01T01:28Z,16305,gA,1.799
2026-09-01T01:28Z,16306,g95e5,1.639
2026-09-01T01:28Z,16306,gA,1.668
2026-09-01T01:28Z,16306,gP,1.678
2026-09-01T01:28Z,16306,g95e5p,1.649
2026-09-01T01:28Z,16308,g95e5,1.719
2026-09-01T01:28Z,16308,gA,1.729
2026-09-01T01:28Z,16309,g95e5,1.759
2026-09-01T01:28Z,16309,gA,1.809
2026-09-01T01:28Z,16310,g95e5,1.669
2026-09-01T01:28Z,16310,gA,1.588
2026-09-01T01:28Z,16310,gP,1.598
2026-09-01T01:28Z,16310,g95e5p,1.679
2026-09-01T01:28Z,16311,g95e5,1.699
2026-09-01T01:28Z,16311,gA,1.689
2026-09-01T01:28Z,16312,g95e5,1.679
2026-09-01T01:28Z,16312,gA,1.688
2026-09-01T01:28Z,16312,gP,1.698
2026-09-01T01:28Z,16312,g95e5p,1.689
2026-09-01T01:28Z,16314,g95e5,1.739
2026-09-01T01:28Z,16314,gA,1.799
2026-09-01T01:28Z,16317,g95e5,1.679
2026-09-01T01:28Z,16317,gA,1.638
2026-09-01T01:28Z,16317,gP,1.648
2026-09-01T01:28Z,16317,g95e5p,1.689
2026-09-01T01:28Z,16319,g95e5,1.749
2026-09-01T01:28Z,16319,gA,1.648
2026-09-01T01:28Z,16319,gP,1.658
2026-09-01T01:28Z,16319,g95e5p,1.759
2026-09-01T01:28Z,16320,g95e5,1.698
2026-09-01T01:28Z,16320,gA,1.646
2026-09-01T01:28Z,16320,gP,1.656
2026-09-01T01:28Z,16320,g95e5p,1.708
2026-09-01T01:28Z,16322,g95e5,1.679
2026-09-01T01:28Z,16322,gA,1.638
2026-09-01T01:28Z,16322,gP,1.648
2026-09-01T01:28Z,16322,g95e5p,1.689
2026-09-01T01:28Z,16327,g95e5,1.749
2026-09-01T01:28Z,16327,gA,1.739
2026-09-01T01:28Z,16328,g95e5,1.789
2026-09-01T01:28Z,16328,gA,1.748
2026-09-01T01:28Z,16328,gP,1.758
2026-09-01T01:28Z,16328,g95e5p,1.799
2026-09-01T01:28Z,16330,g95e5,1.679
2026-09-01T01:28Z,16330,gA,1.669
2026-09-01T01:28Z,16332,g95e5,1.699
2026-09-01T01:28Z,16332,gA,1.648
2026-09-01T01:28Z,16332,gP,1.658
2026-09-01T01:28Z,16332,g95e5p,1.709
2026-09-01T01:28Z,16335,g95e5,1.715
2026-09-01T01:28Z,16335,gA,1.759
2026-09-01T01:28Z,16340,g95e5,1.739
2026-09-01T01:28Z,16340,gA,1.809
2026-09-01T01:28Z,16341,g95e5,1.669
2026-09-01T01:28Z,16341,gA,1.649
2026-09-01T01:28Z,16350,g95e5,1.719
2026-09-01T01:28Z,16350,gA,1.658
2026-09-01T01:28Z,16350,gP,1.668
2026-09-01T01:28Z,16350,g95e5p,1.729
2026-09-01T01:28Z,16351,g95e5,1.719
2026-09-01T01:28Z,16351,gA,1.689
2026-09-01T01:28Z,16356,g95e5,1.679
2026-09-01T01:28Z,16356,gA,1.695
2026-09-01T01:28Z,16359,g95e5,1.759
2026-09-01T01:28Z,16359,gA,1.809
2026-09-01T01:28Z,16364,g95e5,1.775
2026-09-01T01:28Z,16364,gA,1.735
2026-09-01T01:28Z,16366,g95e5,1.779
2026-09-01T01:28Z,16366,gA,1.769
2026-09-01T01:28Z,16367,g95e5,1.659
2026-09-01T01:28Z,16367,gA,1.588
2026-09-01T01:28Z,16368,g95e5,1.719
2026-09-01T01:28Z,16368,gA,1.735
2026-09-01T01:28Z,16371,g95e5,1.749
2026-09-01T01:28Z,16371,gA,1.719
2026-09-01T01:28Z,16372,g95e5,1.695
2026-09-01T01:28Z,16372,gA,1.695
2026-09-01T01:28Z,16373,g95e5,1.829
2026-09-01T01:28Z,16373,gA,1.749
2026-09-01T01:28Z,16374,g95e5,1.679
2026-09-01T01:28Z,16374,gA,1.638
2026-09-01T01:28Z,16374,gP,1.648
2026-09-01T01:28Z,16374,g95e5p,1.689
2026-09-01T01:28Z,16376,g95e5,1.637
2026-09-01T01:28Z,16376,gA,1.637
2026-09-01T01:28Z,16381,g95e5,1.709
2026-09-01T01:28Z,16381,gA,1.709
2026-09-01T01:28Z,16382,g95e5,1.659
2026-09-01T01:28Z,16382,gA,1.598
2026-09-01T01:28Z,16383,g95e5,1.699
2026-09-01T01:28Z,16383,gA,1.749
2026-09-01T01:28Z,16384,g95e5,1.659
2026-09-01T01:28Z,16384,gA,1.649
2026-09-01T01:28Z,16385,g95e5,1.609
2026-09-01T01:28Z,16385,gA,1.549
2026-09-01T01:28Z,16386,g95e5,1.779
2026-09-01T01:28Z,16386,gA,1.749
2026-09-01T01:28Z,16388,g95e5,1.799
2026-09-01T01:28Z,16388,gA,1.799
2026-09-01T01:28Z,16389,g95e5,1.749
2026-09-01T01:28Z,16389,gA,1.769
2026-09-01T01:28Z,16391,g95e5,1.639
2026-09-01T01:28Z,16391,gA,1.699
2026-09-01T01:28Z,16398,g95e5,1.739
2026-09-01T01:28Z,16398,gA,1.668
2026-09-01T01:28Z,16398,gP,1.678
2026-09-01T01:28Z,16398,g95e5p,1.749
2026-09-01T01:28Z,16402,g95e5,1.629
2026-09-01T01:28Z,16402,gA,1.603
2026-09-01T01:28Z,16402,gP,1.613
2026-09-01T01:28Z,16402,g95e5p,1.639
2026-09-01T01:28Z,16404,g95e5,1.689
2026-09-01T01:28Z,16404,gA,1.634
2026-09-01T01:28Z,16404,gP,1.644
2026-09-01T01:28Z,16404,g95e5p,1.699
2026-09-01T01:28Z,16408,g95e5,1.736
2026-09-01T01:28Z,16408,gA,1.634
2026-09-01T01:28Z,16408,gP,1.644
2026-09-01T01:28Z,16408,g95e5p,1.746
2026-09-01T01:28Z,16411,g95e5,1.789
2026-09-01T01:28Z,16411,gA,1.859
2026-09-01T01:28Z,16411,gP,1.959
2026-09-01T01:28Z,16411,g98e5,1.959
2026-09-01T01:28Z,16418,g95e5,1.679
2026-09-01T01:28Z,16418,gA,1.689
2026-09-01T01:28Z,16419,g95e5,1.769
2026-09-01T01:28Z,16419,gA,1.668
2026-09-01T01:28Z,16419,gP,1.678
2026-09-01T01:28Z,16419,g95e5p,1.779
2026-09-01T01:28Z,16422,g95e5,1.609
2026-09-01T01:28Z,16422,gA,1.549
2026-09-01T01:28Z,16425,g95e5,1.689
2026-09-01T01:28Z,16425,gA,1.739
2026-09-01T01:28Z,16430,g95e5,1.659
2026-09-01T01:28Z,16430,gA,1.719
2026-09-01T01:28Z,16434,g95e5,1.709
2026-09-01T01:28Z,16434,gA,1.669
2026-09-01T01:28Z,16440,g95e5,1.629
2026-09-01T01:28Z,16440,gA,1.608
2026-09-01T01:28Z,16440,gP,1.618
2026-09-01T01:28Z,16440,g95e5p,1.639
2026-09-01T01:28Z,16441,g95e5,1.749
2026-09-01T01:28Z,16441,gA,1.729
2026-09-01T01:28Z,16442,g95e5,1.659
2026-09-01T01:28Z,16442,gA,1.649
2026-09-01T01:28Z,16443,g95e5,1.659
2026-09-01T01:28Z,16443,gA,1.638
2026-09-01T01:28Z,16443,gP,1.648
2026-09-01T01:28Z,16443,g95e5p,1.669
2026-09-01T01:28Z,16447,g95e5,1.829
2026-09-01T01:28Z,16447,gA,1.738
2026-09-01T01:28Z,16447,gP,1.818
2026-09-01T01:28Z,16447,g98e5,1.969
2026-09-01T01:28Z,16449,g95e5,1.709
2026-09-01T01:28Z,16449,gA,1.649
2026-09-01T01:28Z,16450,g95e5,1.765
2026-09-01T01:28Z,16450,gA,1.737
2026-09-01T01:28Z,16451,g95e5,1.689
2026-09-01T01:28Z,16451,gA,1.669
2026-09-01T01:28Z,16452,g95e5,1.649
2026-09-01T01:28Z,16452,gA,1.578
2026-09-01T01:28Z,16453,g95e5,1.669
2026-09-01T01:28Z,16453,gA,1.667
2026-09-01T01:28Z,16454,g95e5,1.659
2026-09-01T01:28Z,16454,gA,1.649
2026-09-01T01:28Z,16455,g95e5,1.709
2026-09-01T01:28Z,16455,gA,1.739
2026-09-01T01:28Z,16457,g95e5,1.659
2026-09-01T01:28Z,16457,gA,1.658
2026-09-01T01:28Z,16457,gP,1.668
2026-09-01T01:28Z,16457,g95e5p,1.669
2026-09-01T01:28Z,16459,g95e5,1.659
2026-09-01T01:28Z,16459,gA,1.658
2026-09-01T01:28Z,16459,gP,1.668
2026-09-01T01:28Z,16459,g95e5p,1.669
2026-09-01T01:28Z,16462,g95e5,1.679
2026-09-01T01:28Z,16462,gA,1.638
2026-09-01T01:28Z,16464,g95e5,1.679
2026-09-01T01:28Z,16464,gA,1.638
2026-09-01T01:28Z,16470,g95e5,1.859
2026-09-01T01:28Z,16470,gA,1.799
2026-09-01T01:28Z,16470,gB,1.469
2026-09-01T01:28Z,16472,g95e5,1.589
2026-09-01T01:28Z,16472,gA,1.637
2026-09-01T01:28Z,16475,g95e5,1.569
2026-09-01T01:28Z,16475,gA,1.547
2026-09-01T01:28Z,16475,gP,1.557
2026-09-01T01:28Z,16475,g95e5p,1.579
2026-09-01T01:28Z,16478,g95e5,1.639
2026-09-01T01:28Z,16478,gA,1.618
2026-09-01T01:28Z,16478,gP,1.628
2026-09-01T01:28Z,16478,g95e5p,1.649
2026-09-01T01:28Z,16479,g95e5,1.659
2026-09-01T01:28Z,16479,gA,1.618
2026-09-01T01:28Z,16479,gP,1.628
2026-09-01T01:28Z,16479,g95e5p,1.669
2026-09-01T01:28Z,16480,g95e5,1.769
2026-09-01T01:28Z,16480,gA,1.739
2026-09-01T01:28Z,16484,g95e5,1.699
2026-09-01T01:28Z,16484,gA,1.659
2026-09-01T01:28Z,16486,g95e5,1.766
2026-09-01T01:28Z,16486,gA,1.676
2026-09-01T01:28Z,16486,gP,1.686
2026-09-01T01:28Z,16486,g95e5p,1.776
2026-09-01T01:28Z,16489,g95e5,1.619
2026-09-01T01:28Z,16489,gA,1.699
2026-09-01T01:28Z,16491,g95e5,1.739
2026-09-01T01:28Z,16491,gA,1.699
2026-09-01T01:28Z,16492,g95e5,1.679
2026-09-01T01:28Z,16492,gA,1.669
2026-09-01T01:28Z,16500,g95e5,1.599
2026-09-01T01:28Z,16500,gA,1.608
2026-09-01T01:28Z,16500,gP,1.618
2026-09-01T01:28Z,16500,g95e5p,1.609
2026-09-01T01:28Z,16502,g95e5,1.609
2026-09-01T01:28Z,16502,gA,1.578
2026-09-01T01:28Z,16502,gP,1.588
2026-09-01T01:28Z,16502,g95e5p,1.619
2026-09-01T01:28Z,16503,g95e5,1.699
2026-09-01T01:28Z,16503,gA,1.578
2026-09-01T01:28Z,16503,gP,1.588
2026-09-01T01:28Z,16503,g95e5p,1.709
2026-09-01T01:28Z,16508,g95e5,1.599
2026-09-01T01:28Z,16508,gA,1.518
2026-09-01T01:28Z,16512,g95e5,1.619
2026-09-01T01:28Z,16512,gA,1.628
2026-09-01T01:28Z,16512,gP,1.638
2026-09-01T01:28Z,16512,g95e5p,1.629
2026-09-01T01:28Z,16518,g95e5,1.769
2026-09-01T01:28Z,16518,gA,1.739
2026-09-01T06:52Z,5,g95e5,1.845
2026-09-01T06:52Z,5,gA,1.845
2026-09-01T06:52Z,5,gP,1.895
2026-09-01T06:52Z,5,g98e5,1.995
2026-09-01T06:52Z,5,gB,1.495
2026-09-01T06:52Z,6,gA,1.888
2026-09-01T06:52Z,6,gP,1.978
2026-09-01T06:52Z,10,g95e5,1.799
2026-09-01T06:52Z,10,gA,1.869
2026-09-01T06:52Z,10,g98e5,1.899
2026-09-01T06:52Z,27,g95e5,1.849
2026-09-01T06:52Z,27,gA,1.859
2026-09-01T06:52Z,27,gP,1.949
2026-09-01T06:52Z,28,g95e5,1.859
2026-09-01T06:52Z,28,gA,1.844
2026-09-01T06:52Z,28,gP,1.894
2026-09-01T06:52Z,28,g98e5,1.999
2026-09-01T06:52Z,29,g95e5,1.834
2026-09-01T06:52Z,29,gA,1.789
2026-09-01T06:52Z,29,gP,1.839
2026-09-01T06:52Z,33,g95e5,1.580
2026-09-01T06:52Z,33,gA,1.659
2026-09-01T06:52Z,33,gP,1.759
2026-09-01T06:52Z,34,gA,1.699
2026-09-01T06:52Z,34,gP,1.799
2026-09-01T06:52Z,35,g95e5,1.627
2026-09-01T06:52Z,35,gA,1.647
2026-09-01T06:52Z,35,gP,1.747
2026-09-01T06:52Z,36,g95e5,1.775
2026-09-01T06:52Z,36,gA,1.749
2026-09-01T06:52Z,36,gP,1.849
2026-09-01T06:52Z,37,g95e5,1.627
2026-09-01T06:52Z,37,gA,1.663
2026-09-01T06:52Z,37,gP,1.763
2026-09-01T06:52Z,62,g95e5,1.879
2026-09-01T06:52Z,62,gA,1.759
2026-09-01T06:52Z,62,gP,1.969
2026-09-01T06:52Z,62,gB,1.729
2026-09-01T06:52Z,63,gA,1.874
2026-09-01T06:52Z,67,gA,1.814
2026-09-01T06:52Z,67,gP,1.864
2026-09-01T06:52Z,68,gA,1.814
2026-09-01T06:52Z,68,gP,1.864
2026-09-01T06:52Z,69,g95e5,1.809
2026-09-01T06:52Z,69,gA,1.779
2026-09-01T06:52Z,69,g98e5,1.929
2026-09-01T06:52Z,73,gA,1.779
2026-09-01T06:52Z,77,gA,1.858
2026-09-01T06:52Z,77,gP,1.948
2026-09-01T06:52Z,96,g95e5,1.895
2026-09-01T06:52Z,96,gA,1.858
2026-09-01T06:52Z,98,g95e5,1.789
2026-09-01T06:52Z,98,gA,1.729
2026-09-01T06:52Z,98,gP,1.729
2026-09-01T06:52Z,99,g95e5,1.789
2026-09-01T06:52Z,99,gA,1.729
2026-09-01T06:52Z,99,gP,1.729
2026-09-01T06:52Z,105,gA,1.818
2026-09-01T06:52Z,110,gA,1.858
2026-09-01T06:52Z,110,gP,1.948
2026-09-01T06:52Z,116,g95e5,1.879
2026-09-01T06:52Z,116,gA,1.759
2026-09-01T06:52Z,116,gB,1.729
2026-09-01T06:52Z,122,g95e5,1.879
2026-09-01T06:52Z,122,gA,1.899
2026-09-01T06:52Z,122,gP,1.969
2026-09-01T06:52Z,122,g98e5,1.999
2026-09-01T06:52Z,128,gA,1.868
2026-09-01T06:52Z,137,gA,1.858
2026-09-01T06:52Z,144,g95e5,1.869
2026-09-01T06:52Z,144,gA,1.839
2026-09-01T06:52Z,144,gP,1.919
2026-09-01T06:52Z,144,g98e5,2.039
2026-09-01T06:52Z,147,g95e5,1.699
2026-09-01T06:52Z,147,gA,1.589
2026-09-01T06:52Z,147,gP,1.689
2026-09-01T06:52Z,147,g98e5,1.849
2026-09-01T06:52Z,155,gA,1.669
2026-09-01T06:52Z,155,gP,1.759
2026-09-01T06:52Z,156,gA,1.678
2026-09-01T06:52Z,156,gP,1.748
2026-09-01T06:52Z,163,g95e5,1.779
2026-09-01T06:52Z,163,gA,1.779
2026-09-01T06:52Z,163,gP,1.829
2026-09-01T06:52Z,166,g95e5,1.919
2026-09-01T06:52Z,166,gA,1.849
2026-09-01T06:52Z,166,gP,1.919
2026-09-01T06:52Z,166,g98e5,2.039
2026-09-01T06:52Z,186,gA,1.838
2026-09-01T06:52Z,202,gA,1.838
2026-09-01T06:52Z,204,gA,1.828
2026-09-01T06:52Z,206,gA,1.828
2026-09-01T06:52Z,219,g95e5,1.789
2026-09-01T06:52Z,219,gA,1.789
2026-09-01T06:52Z,219,gP,1.839
2026-09-01T06:52Z,219,g95e5p,1.839
2026-09-01T06:52Z,220,g95e5,1.789
2026-09-01T06:52Z,220,gA,1.789
2026-09-01T06:52Z,220,gP,1.839
2026-09-01T06:52Z,220,g95e5p,1.839
2026-09-01T06:52Z,238,g95e5,1.849
2026-09-01T06:52Z,238,gA,1.929
2026-09-01T06:52Z,238,gB,1.749
2026-09-01T06:52Z,245,g95e5,1.890
2026-09-01T06:52Z,245,gA,1.838
2026-09-01T06:52Z,249,g95e5,1.699
2026-09-01T06:52Z,249,gA,1.699
2026-09-01T06:52Z,249,gP,1.799
2026-09-01T06:52Z,249,g98e5,1.799
2026-09-01T06:52Z,251,g95e5,1.759
2026-09-01T06:52Z,251,gA,1.739
2026-09-01T06:52Z,308,g95e5,1.769
2026-09-01T06:52Z,308,gA,1.719
2026-09-01T06:52Z,308,gP,1.769
2026-09-01T06:52Z,308,g95e5p,1.819
2026-09-01T06:52Z,314,g95e5,1.799
2026-09-01T06:52Z,314,gA,1.789
2026-09-01T06:52Z,314,gP,1.839
2026-09-01T06:52Z,326,g95e5,1.889
2026-09-01T06:52Z,326,gA,1.859
2026-09-01T06:52Z,326,g98e5,1.989
2026-09-01T06:52Z,327,g95e5,1.859
2026-09-01T06:52Z,327,gA,1.829
2026-09-01T06:52Z,327,gP,1.919
2026-09-01T06:52Z,327,g98e5,1.965
2026-09-01T06:52Z,337,gA,1.804
2026-09-01T06:52Z,339,g95e5,1.839
2026-09-01T06:52Z,339,gA,1.819
2026-09-01T06:52Z,339,gP,1.909
2026-09-01T06:52Z,339,gB,1.549
2026-09-01T06:52Z,345,g95e5,1.895
2026-09-01T06:52Z,345,gA,1.889
2026-09-01T06:52Z,345,gP,1.959
2026-09-01T06:52Z,345,g98e5,2.025
2026-09-01T06:52Z,354,g95e5,1.829
2026-09-01T06:52Z,354,gA,1.779
2026-09-01T06:52Z,354,gP,1.839
2026-09-01T06:52Z,354,g98e5,1.942
2026-09-01T06:52Z,355,g95e5,1.840
2026-09-01T06:52Z,355,gA,1.794
2026-09-01T06:52Z,355,gP,1.854
2026-09-01T06:52Z,355,g98e5,1.960
2026-09-01T06:52Z,358,g95e5,1.819
2026-09-01T06:52Z,358,gA,1.774
2026-09-01T06:52Z,358,gP,1.824
2026-09-01T06:52Z,358,g95e5p,1.869
2026-09-01T06:52Z,361,g95e5,1.784
2026-09-01T06:52Z,361,gA,1.744
2026-09-01T06:52Z,361,gP,1.794
2026-09-01T06:52Z,361,g95e5p,1.834
2026-09-01T06:52Z,363,g95e5,1.814
2026-09-01T06:52Z,363,gA,1.779
2026-09-01T06:52Z,363,gP,1.869
2026-09-01T06:52Z,363,g95e5p,1.864
2026-09-01T06:52Z,365,g95e5,1.719
2026-09-01T06:52Z,365,gA,1.634
2026-09-01T06:52Z,365,gP,1.684
2026-09-01T06:52Z,366,g95e5,1.784
2026-09-01T06:52Z,366,gA,1.734
2026-09-01T06:52Z,366,gP,1.784
2026-09-01T06:52Z,366,g95e5p,1.834
2026-09-01T06:52Z,388,g95e5,1.859
2026-09-01T06:52Z,388,gA,1.949
2026-09-01T06:52Z,388,g98e5,1.969
2026-09-01T06:52Z,409,g95e5,1.839
2026-09-01T06:52Z,409,gA,1.749
2026-09-01T06:52Z,409,gP,1.799
2026-09-01T06:52Z,409,g95e5p,1.889
2026-09-01T06:52Z,410,gA,1.844
2026-09-01T06:52Z,415,g95e5,1.829
2026-09-01T06:52Z,415,gA,1.809
2026-09-01T06:52Z,415,gP,1.859
2026-09-01T06:52Z,427,g95e5,1.749
2026-09-01T06:52Z,427,gA,1.669
2026-09-01T06:52Z,427,g98e5,1.906
2026-09-01T06:52Z,431,g95e5,1.895
2026-09-01T06:52Z,431,gA,1.868
2026-09-01T06:52Z,431,gP,1.938
2026-09-01T06:52Z,431,g98e5,2.005
2026-09-01T06:52Z,431,gB,1.789
2026-09-01T06:52Z,436,g95e5,1.849
2026-09-01T06:52Z,436,gA,1.759
2026-09-01T06:52Z,436,gP,1.809
2026-09-01T06:52Z,436,g95e5p,1.899
2026-09-01T06:52Z,450,g95e5,1.850
2026-09-01T06:52Z,450,gA,1.794
2026-09-01T06:52Z,462,g95e5,1.859
2026-09-01T06:52Z,462,gA,1.899
2026-09-01T06:52Z,462,gP,1.959
2026-09-01T06:52Z,462,g98e5,1.999
2026-09-01T06:52Z,469,g95e5,1.905
2026-09-01T06:52Z,469,gA,1.835
2026-09-01T06:52Z,469,gP,1.955
2026-09-01T06:52Z,469,g98e5,2.055
2026-09-01T06:52Z,474,g95e5,1.849
2026-09-01T06:52Z,474,gA,1.829
2026-09-01T06:52Z,474,g98e5,1.979
2026-09-01T06:52Z,488,g95e5,1.979
2026-09-01T06:52Z,488,gA,1.839
2026-09-01T06:52Z,488,gP,1.859
2026-09-01T06:52Z,488,g98e5,2.129
2026-09-01T06:52Z,507,g95e5,1.899
2026-09-01T06:52Z,507,gA,1.829
2026-09-01T06:52Z,509,gA,1.819
2026-09-01T06:52Z,509,gP,1.899
2026-09-01T06:52Z,520,g95e5,1.849
2026-09-01T06:52Z,520,gA,1.809
2026-09-01T06:52Z,520,gP,1.859
2026-09-01T06:52Z,520,g95e5p,1.899
2026-09-01T06:52Z,528,g95e5,1.979
2026-09-01T06:52Z,528,gA,1.799
2026-09-01T06:52Z,528,g98e5,2.179
2026-09-01T06:52Z,531,g95e5,1.889
2026-09-01T06:52Z,531,gA,1.899
2026-09-01T06:52Z,531,gP,1.959
2026-09-01T06:52Z,543,g95e5,1.889
2026-09-01T06:52Z,543,gA,1.844
2026-09-01T06:52Z,543,gP,1.894
2026-09-01T06:52Z,543,g95e5p,1.939
2026-09-01T06:52Z,578,g95e5,1.869
2026-09-01T06:52Z,578,gA,1.819
2026-09-01T06:52Z,578,g98e5,2.039
2026-09-01T06:52Z,594,g95e5,1.905
2026-09-01T06:52Z,594,gA,1.855
2026-09-01T06:52Z,594,gP,1.958
2026-09-01T06:52Z,594,gB,1.715
2026-09-01T06:52Z,595,g95e5,1.835
2026-09-01T06:52Z,595,gA,1.798
2026-09-01T06:52Z,595,gP,1.868
2026-09-01T06:52Z,595,g95e10,1.910
2026-09-01T06:52Z,607,g95e5,1.899
2026-09-01T06:52Z,607,gA,1.799
2026-09-01T06:52Z,607,gP,1.869
2026-09-01T06:52Z,616,gA,1.886
2026-09-01T06:52Z,616,gP,1.950
2026-09-01T06:52Z,618,g95e5,1.879
2026-09-01T06:52Z,618,gA,1.859
2026-09-01T06:52Z,618,gP,1.919
2026-09-01T06:52Z,618,g98e5,2.069
2026-09-01T06:52Z,618,gB,1.699
2026-09-01T06:52Z,641,g95e5,1.850
2026-09-01T06:52Z,641,gA,1.794
2026-09-01T06:52Z,652,g95e5,1.844
2026-09-01T06:52Z,652,gA,1.799
2026-09-01T06:52Z,652,gP,1.889
2026-09-01T06:52Z,652,g95e5p,1.894
2026-09-01T06:52Z,661,g95e5,1.844
2026-09-01T06:52Z,661,gA,1.774
2026-09-01T06:52Z,661,gP,1.824
2026-09-01T06:52Z,661,g95e5p,1.894
2026-09-01T06:52Z,675,g95e5,1.739
2026-09-01T06:52Z,675,gA,1.699
2026-09-01T06:52Z,675,gP,1.749
2026-09-01T06:52Z,675,g95e5p,1.789
2026-09-01T06:52Z,684,g95e5,1.824
2026-09-01T06:52Z,684,gA,1.759
2026-09-01T06:52Z,684,gP,1.809
2026-09-01T06:52Z,684,g95e5p,1.874
2026-09-01T06:52Z,706,g95e5,1.826
2026-09-01T06:52Z,706,gA,1.798
2026-09-01T06:52Z,706,gP,1.898
2026-09-01T06:52Z,706,g98e5,1.966
2026-09-01T06:52Z,707,g95e5,1.839
2026-09-01T06:52Z,707,gA,1.839
2026-09-01T06:52Z,707,g98e5,1.959
2026-09-01T06:52Z,707,gB,1.579
2026-09-01T06:52Z,709,g95e5,1.816
2026-09-01T06:52Z,709,gA,1.788
2026-09-01T06:52Z,709,gP,1.898
2026-09-01T06:52Z,709,g98e5,1.966
2026-09-01T06:52Z,753,g95e5,1.889
2026-09-01T06:52Z,753,gA,1.859
2026-09-01T06:52Z,753,gP,1.979
2026-09-01T06:52Z,753,g98e5,1.989
2026-09-01T06:52Z,757,g95e5,1.859
2026-09-01T06:52Z,757,gA,1.839
2026-09-01T06:52Z,757,g98e5,1.999
2026-09-01T06:52Z,759,g95e5,1.899
2026-09-01T06:52Z,759,gA,1.829
2026-09-01T06:52Z,759,gP,1.889
2026-09-01T06:52Z,759,g98e5,2.009
2026-09-01T06:52Z,762,g95e5,1.979
2026-09-01T06:52Z,762,gA,1.889
2026-09-01T06:52Z,762,gP,1.999
2026-09-01T06:52Z,762,g98e5,2.157
2026-09-01T06:52Z,774,g95e5,1.858
2026-09-01T06:52Z,774,gA,1.839
2026-09-01T06:52Z,774,gB,1.587
2026-09-01T06:52Z,810,g95e5,1.846
2026-09-01T06:52Z,810,gA,1.838
2026-09-01T06:52Z,810,gP,1.908
2026-09-01T06:52Z,810,g98e5,1.996
2026-09-01T06:52Z,813,gA,1.813
2026-09-01T06:52Z,813,gP,1.888
2026-09-01T06:52Z,815,g95e5,1.816
2026-09-01T06:52Z,815,gA,1.808
2026-09-01T06:52Z,815,gP,1.928
2026-09-01T06:52Z,815,g98e5,1.966
2026-09-01T06:52Z,817,g95e5,1.849
2026-09-01T06:52Z,817,gA,1.789
2026-09-01T06:52Z,817,gP,1.849
2026-09-01T06:52Z,817,g98e5,1.969
2026-09-01T06:52Z,819,g95e5,1.840
2026-09-01T06:52Z,819,gA,1.864
2026-09-01T06:52Z,819,g98e5,1.960
2026-09-01T06:52Z,825,g95e5,1.895
2026-09-01T06:52Z,825,gA,1.828
2026-09-01T06:52Z,825,gP,1.919
2026-09-01T06:52Z,825,g98e5,2.025
2026-09-01T06:52Z,828,g95e5,1.905
2026-09-01T06:52Z,828,gA,1.838
2026-09-01T06:52Z,828,gP,1.928
2026-09-01T06:52Z,828,g98e5,2.035
2026-09-01T06:52Z,828,g95e5p,1.999
2026-09-01T06:52Z,831,gA,1.804
2026-09-01T06:52Z,831,gP,1.854
2026-09-01T06:52Z,847,gA,1.804
2026-09-01T06:52Z,855,g95e5,1.899
2026-09-01T06:52Z,855,gA,1.839
2026-09-01T06:52Z,855,g98e5,1.999
2026-09-01T06:52Z,857,g95e5,1.829
2026-09-01T06:52Z,857,gA,1.939
2026-09-01T06:52Z,857,gP,1.999
2026-09-01T06:52Z,857,g98e5,1.949
2026-09-01T06:52Z,857,gB,1.749
2026-09-01T06:52Z,858,g95e5,1.879
2026-09-01T06:52Z,858,gA,1.959
2026-09-01T06:52Z,858,gP,2.049
2026-09-01T06:52Z,858,g98e5,1.979
2026-09-01T06:52Z,858,gB,1.749
2026-09-01T06:52Z,863,g95e5,1.879
2026-09-01T06:52Z,863,gA,1.959
2026-09-01T06:52Z,863,gP,2.049
2026-09-01T06:52Z,863,g98e5,1.979
2026-09-01T06:52Z,863,gB,1.749
2026-09-01T06:52Z,867,g98e5,1.909
2026-09-01T06:52Z,868,g95e5,1.759
2026-09-01T06:52Z,868,gA,1.719
2026-09-01T06:52Z,875,gA,1.859
2026-09-01T06:52Z,875,gP,1.929
2026-09-01T06:52Z,882,gA,1.899
2026-09-01T06:52Z,882,gP,1.989
2026-09-01T06:52Z,882,g98e5,1.939
2026-09-01T06:52Z,883,g95e5,1.920
2026-09-01T06:52Z,883,gA,1.868
2026-09-01T06:52Z,883,g98e5,2.040
2026-09-01T06:52Z,886,gA,1.748
2026-09-01T06:52Z,886,gP,1.748
2026-09-01T06:52Z,888,gA,1.799
2026-09-01T06:52Z,888,gP,1.849
2026-09-01T06:52Z,888,g98e5,2.019
2026-09-01T06:52Z,888,g95e5p,1.889
2026-09-01T06:52Z,888,gB,1.589
2026-09-01T06:52Z,900,gA,1.828
2026-09-01T06:52Z,905,gA,1.895
2026-09-01T06:52Z,905,gP,1.989
2026-09-01T06:52Z,906,g95e5,1.879
2026-09-01T06:52Z,906,gA,1.959
2026-09-01T06:52Z,906,gP,2.049
2026-09-01T06:52Z,906,gB,1.749
2026-09-01T06:52Z,909,gA,1.858
2026-09-01T06:52Z,928,g95e5,1.900
2026-09-01T06:52Z,928,gA,1.843
2026-09-01T06:52Z,928,gP,1.938
2026-09-01T06:52Z,933,g95e5,1.910
2026-09-01T06:52Z,933,gA,1.869
2026-09-01T06:52Z,933,gP,1.969
2026-09-01T06:52Z,933,g98e5,2.059
2026-09-01T06:52Z,943,g95e5,1.910
2026-09-01T06:52Z,943,gA,1.810
2026-09-01T06:52Z,943,gP,1.868
2026-09-01T06:52Z,943,g98e5,2.015
2026-09-01T06:52Z,946,gA,1.819
2026-09-01T06:52Z,946,gB,1.469
2026-09-01T06:52Z,947,g95e5,1.819
2026-09-01T06:52Z,947,gA,1.839
2026-09-01T06:52Z,947,gP,1.889
2026-09-01T06:52Z,947,g98e5,1.959
2026-09-01T06:52Z,948,g95e5,1.864
2026-09-01T06:52Z,948,gA,1.859
2026-09-01T06:52Z,948,gP,1.909
2026-09-01T06:52Z,948,g95e5p,1.914
2026-09-01T06:52Z,950,g95e5,1.874
2026-09-01T06:52Z,950,gA,1.824
2026-09-01T06:52Z,950,gP,1.874
2026-09-01T06:52Z,950,g95e5p,1.924
2026-09-01T06:52Z,950,gB,1.604
2026-09-01T06:52Z,952,g95e5,1.819
2026-09-01T06:52Z,952,gA,1.819
2026-09-01T06:52Z,952,gP,1.869
2026-09-01T06:52Z,952,g98e5,1.959
2026-09-01T06:52Z,954,g95e5,1.894
2026-09-01T06:52Z,954,gA,1.849
2026-09-01T06:52Z,954,gP,1.899
2026-09-01T06:52Z,954,g98e5,2.034
2026-09-01T06:52Z,962,gA,1.858
2026-09-01T06:52Z,977,g95e5,1.829
2026-09-01T06:52Z,977,gA,1.939
2026-09-01T06:52Z,977,gP,1.999
2026-09-01T06:52Z,977,g98e5,1.949
2026-09-01T06:52Z,996,g95e5,1.820
2026-09-01T06:52Z,996,gA,1.780
2026-09-01T06:52Z,996,g98e5,1.940
2026-09-01T06:52Z,996,gB,1.370
2026-09-01T06:52Z,1001,g95e5,1.839
2026-09-01T06:52Z,1001,gA,1.939
2026-09-01T06:52Z,1006,g95e5,1.869
2026-09-01T06:52Z,1006,gA,1.839
2026-09-01T06:52Z,1010,g95e5,1.839
2026-09-01T06:52Z,1010,gA,1.949
2026-09-01T06:52Z,1014,g95e5,1.849
2026-09-01T06:52Z,1014,gA,1.939
2026-09-01T06:52Z,1014,gP,1.999
2026-09-01T06:52Z,1014,g98e5,1.969
2026-09-01T06:52Z,1014,glp,1.169
2026-09-01T06:52Z,1029,gA,1.594
2026-09-01T06:52Z,1041,g95e5,1.869
2026-09-01T06:52Z,1041,gA,1.849
2026-09-01T06:52Z,1062,g95e5,1.869
2026-09-01T06:52Z,1062,gA,1.819
2026-09-01T06:52Z,1062,gP,1.919
2026-09-01T06:52Z,1062,g95e5p,1.939
2026-09-01T06:52Z,1064,g95e5,1.889
2026-09-01T06:52Z,1064,gA,1.839
2026-09-01T06:52Z,1064,gP,1.939
2026-09-01T06:52Z,1064,g95e5p,1.959
2026-09-01T06:52Z,1078,g95e5,1.899
2026-09-01T06:52Z,1078,gA,1.849
2026-09-01T06:52Z,1078,g98e5,2.049
2026-09-01T06:52Z,1083,g95e5,1.839
2026-09-01T06:52Z,1083,gA,1.929
2026-09-01T06:52Z,1083,gP,1.999
2026-09-01T06:52Z,1083,g98e5,1.979
2026-09-01T06:52Z,1099,g95e5,1.829
2026-09-01T06:52Z,1099,gA,1.799
2026-09-01T06:52Z,1099,g98e5,1.999
2026-09-01T06:52Z,1100,gA,1.819
2026-09-01T06:52Z,1123,gA,1.649
2026-09-01T06:52Z,1123,gP,1.709
2026-09-01T06:52Z,1124,g95e5,1.555
2026-09-01T06:52Z,1124,gA,1.652
2026-09-01T06:52Z,1124,gP,1.752
2026-09-01T06:52Z,1131,gA,1.828
2026-09-01T06:52Z,1133,gA,1.788
2026-09-01T06:52Z,1137,gA,1.788
2026-09-01T06:52Z,1163,g95e5,1.856
2026-09-01T06:52Z,1163,gA,1.834
2026-09-01T06:52Z,1186,g95e5,1.889
2026-09-01T06:52Z,1186,gA,1.769
2026-09-01T06:52Z,1186,g98e5,2.059
2026-09-01T06:52Z,1213,g95e5,1.899
2026-09-01T06:52Z,1213,gA,1.859
2026-09-01T06:52Z,1213,gP,1.949
2026-09-01T06:52Z,1216,g95e5,1.839
2026-09-01T06:52Z,1216,gA,1.749
2026-09-01T06:52Z,1266,g95e5,1.749
2026-09-01T06:52Z,1266,gA,1.699
2026-09-01T06:52Z,1266,g98e5,1.849
2026-09-01T06:52Z,1274,g95e5,1.780
2026-09-01T06:52Z,1274,gA,1.758
2026-09-01T06:52Z,1274,gP,1.838
2026-09-01T06:52Z,1282,g95e5,1.909
2026-09-01T06:52Z,1282,gA,1.789
2026-09-01T06:52Z,1282,g98e5,1.979
2026-09-01T06:52Z,1287,g95e5,1.779
2026-09-01T06:52Z,1287,gA,1.749
2026-09-01T06:52Z,1287,gP,1.799
2026-09-01T06:52Z,1287,g98e5,1.899
2026-09-01T06:52Z,1294,g95e5,1.882
2026-09-01T06:52Z,1294,gA,1.845
2026-09-01T06:52Z,1294,gP,1.885
2026-09-01T06:52Z,1338,g95e5,1.885
2026-09-01T06:52Z,1338,gA,1.845
2026-09-01T06:52Z,1338,g98e5,1.975
2026-09-01T06:52Z,1347,gA,1.804
2026-09-01T06:52Z,1350,g95e5,1.846
2026-09-01T06:52Z,1350,gA,1.879
2026-09-01T06:52Z,1350,gP,1.898
2026-09-01T06:52Z,1350,g98e5,1.947
2026-09-01T06:52Z,1354,g95e5,1.869
2026-09-01T06:52Z,1354,gA,1.779
2026-09-01T06:52Z,1354,gP,1.869
2026-09-01T06:52Z,1354,g98e5,1.999
2026-09-01T06:52Z,1355,g95e5,1.869
2026-09-01T06:52Z,1355,gA,1.779
2026-09-01T06:52Z,1355,gP,1.869
2026-09-01T06:52Z,1355,g98e5,1.999
2026-09-01T06:52Z,1370,g95e5,1.909
2026-09-01T06:52Z,1370,gA,1.779
2026-09-01T06:52Z,1370,g98e5,1.999
2026-09-01T06:52Z,1375,g95e5,1.919
2026-09-01T06:52Z,1375,gA,1.779
2026-09-01T06:52Z,1375,g98e5,1.999
2026-09-01T06:52Z,1377,gA,1.774
2026-09-01T06:52Z,1378,gA,1.788
2026-09-01T06:52Z,1422,g95e5,1.845
2026-09-01T06:52Z,1422,gA,1.808
2026-09-01T06:52Z,1422,gP,1.898
2026-09-01T06:52Z,1422,g98e5,1.965
2026-09-01T06:52Z,1437,g95e5,1.909
2026-09-01T06:52Z,1437,gA,1.809
2026-09-01T06:52Z,1437,g98e5,2.079
2026-09-01T06:52Z,1442,g95e5,1.819
2026-09-01T06:52Z,1442,gA,1.754
2026-09-01T06:52Z,1442,gP,1.814
2026-09-01T06:52Z,1442,g98e5,1.929
2026-09-01T06:52Z,1444,g95e5,1.919
2026-09-01T06:52Z,1444,gA,1.829
2026-09-01T06:52Z,1458,g95e5,1.869
2026-09-01T06:52Z,1458,gA,1.779
2026-09-01T06:52Z,1458,gP,1.869
2026-09-01T06:52Z,1472,g95e5,1.939
2026-09-01T06:52Z,1472,gA,1.849
2026-09-01T06:52Z,1472,gP,1.959
2026-09-01T06:52Z,1472,g98e5,2.039
2026-09-01T06:52Z,1472,g95e5p,2.019
2026-09-01T06:52Z,1479,g95e5,1.885
2026-09-01T06:52Z,1479,gA,1.788
2026-09-01T06:52Z,1479,gP,1.888
2026-09-01T06:52Z,1479,g98e5,1.975
2026-09-01T06:52Z,1490,gA,1.788
2026-09-01T06:52Z,1490,gP,1.878
2026-09-01T06:52Z,1501,g95e5,1.895
2026-09-01T06:52Z,1501,g95e5p,1.990
2026-09-01T06:52Z,1572,g95e5,1.709
2026-09-01T06:52Z,1572,gA,1.729
2026-09-01T06:52Z,1581,g95e5,1.847
2026-09-01T06:52Z,1581,gA,1.837
2026-09-01T06:52Z,1581,g98e5,1.967
2026-09-01T06:52Z,1581,gB,1.647
2026-09-01T06:52Z,1630,g95e5,1.829
2026-09-01T06:52Z,1630,gA,1.849
2026-09-01T06:52Z,1630,gP,1.879
2026-09-01T06:52Z,1630,g98e5,1.989
2026-09-01T06:52Z,1631,g95e5,1.804
2026-09-01T06:52Z,1631,g98e5,1.969
2026-09-01T06:52Z,1635,g95e5,1.649
2026-09-01T06:52Z,1635,gA,1.689
2026-09-01T06:52Z,1639,g95e5,1.859
2026-09-01T06:52Z,1639,gA,1.759
2026-09-01T06:52Z,1639,gP,1.809
2026-09-01T06:52Z,1639,g95e5p,1.909
2026-09-01T06:52Z,1692,gA,1.649
2026-09-01T06:52Z,1723,g95e5,1.679
2026-09-01T06:52Z,1723,g98e5,1.839
2026-09-01T06:52Z,1818,gA,1.798
2026-09-01T06:52Z,1826,g95e5,1.850
2026-09-01T06:52Z,1826,gA,1.825
2026-09-01T06:52Z,1827,gA,1.844
2026-09-01T06:52Z,1828,gA,1.808
2026-09-01T06:52Z,1835,gA,1.848
2026-09-01T06:52Z,1851,gA,1.834
2026-09-01T06:52Z,1853,g95e5,1.895
2026-09-01T06:52Z,1853,gA,1.868
2026-09-01T06:52Z,1853,gP,1.938
2026-09-01T06:52Z,1853,g98e5,2.015
2026-09-01T06:52Z,1868,gA,1.828
2026-09-01T06:52Z,1870,g95e5,1.749
2026-09-01T06:52Z,1870,gA,1.779
2026-09-01T06:52Z,1870,gP,1.809
2026-09-01T06:52Z,1887,g95e5,1.719
2026-09-01T06:52Z,1887,gA,1.699
2026-09-01T06:52Z,1887,g98e5,1.809
2026-09-01T06:52Z,1887,gB,1.569
2026-09-01T06:52Z,1893,g95e5,1.829
2026-09-01T06:52Z,1893,gA,1.829
2026-09-01T06:52Z,1893,gP,1.849
2026-09-01T06:52Z,1900,g95e5,1.699
2026-09-01T06:52Z,1900,gA,1.679
2026-09-01T06:52Z,1900,gP,1.719
2026-09-01T06:52Z,1900,gB,1.399
2026-09-01T06:52Z,1905,g95e5,1.809
2026-09-01T06:52Z,1905,gA,1.699
2026-09-01T06:52Z,1905,gB,1.599
2026-09-01T06:52Z,1911,g95e5,1.849
2026-09-01T06:52Z,1911,gA,1.799
2026-09-01T06:52Z,1911,gP,1.849
2026-09-01T06:52Z,1942,g95e5,1.824
2026-09-01T06:52Z,1942,gA,1.759
2026-09-01T06:52Z,1987,g95e5,1.869
2026-09-01T06:52Z,1987,gA,1.779
2026-09-01T06:52Z,1987,gP,1.869
2026-09-01T06:52Z,1988,g95e5,1.799
2026-09-01T06:52Z,1988,gA,1.769
2026-09-01T06:52Z,1988,gP,1.819
2026-09-01T06:52Z,1988,g98e5,1.939
2026-09-01T06:52Z,1989,g95e5,1.869
2026-09-01T06:52Z,1989,gA,1.799
2026-09-01T06:52Z,1989,gP,1.889
2026-09-01T06:52Z,1989,g98e5,1.959
2026-09-01T06:52Z,1991,g95e5,1.905
2026-09-01T06:52Z,2036,g95e5,1.689
2026-09-01T06:52Z,2036,g98e5,1.849
2026-09-01T06:52Z,2066,gA,1.699
2026-09-01T06:52Z,2066,gP,1.749
2026-09-01T06:52Z,2078,g95e5,1.809
2026-09-01T06:52Z,2078,gA,1.829
2026-09-01T06:52Z,2078,gP,1.879
2026-09-01T06:52Z,2078,g95e5p,1.859
2026-09-01T06:52Z,2079,gA,1.854
2026-09-01T06:52Z,2108,g95e5,1.799
2026-09-01T06:52Z,2108,gA,1.799
2026-09-01T06:52Z,2108,gP,1.889
2026-09-01T06:52Z,2108,g98e5,1.939
2026-09-01T06:52Z,2114,g95e5,1.849
2026-09-01T06:52Z,2114,gA,1.799
2026-09-01T06:52Z,2114,gP,1.919
2026-09-01T06:52Z,2152,g95e5,1.860
2026-09-01T06:52Z,2152,gA,1.774
2026-09-01T06:52Z,2152,g98e5,1.980
2026-09-01T06:52Z,2152,gB,1.519
2026-09-01T06:52Z,2176,g95e5,1.829
2026-09-01T06:52Z,2176,g98e5,1.949
2026-09-01T06:52Z,2176,gB,1.639
2026-09-01T06:52Z,2177,g95e5,1.829
2026-09-01T06:52Z,2177,g98e5,1.949
2026-09-01T06:52Z,2177,gB,1.639
2026-09-01T06:52Z,2219,g95e5,1.836
2026-09-01T06:52Z,2222,gA,1.808
2026-09-01T06:52Z,2230,g95e5,1.879
2026-09-01T06:52Z,2230,gA,1.849
2026-09-01T06:52Z,2230,g98e5,1.999
2026-09-01T06:52Z,2233,gA,1.848
2026-09-01T06:52Z,2237,gA,1.844
2026-09-01T06:52Z,2238,gA,1.848
2026-09-01T06:52Z,2263,g95e5,1.879
2026-09-01T06:52Z,2263,gA,1.809
2026-09-01T06:52Z,2263,gP,1.919
2026-09-01T06:52Z,2263,g98e5,1.999
2026-09-01T06:52Z,2281,g95e5,1.800
2026-09-01T06:52Z,2281,g98e5,1.960
2026-09-01T06:52Z,2290,gA,1.848
2026-09-01T06:52Z,2316,gA,1.824
2026-09-01T06:52Z,2319,g95e5,1.999
2026-09-01T06:52Z,2319,gA,1.859
2026-09-01T06:52Z,2319,gP,1.959
2026-09-01T06:52Z,2319,g98e5,2.179
2026-09-01T06:52Z,2323,gA,1.848
2026-09-01T06:52Z,2324,g95e5,1.859
2026-09-01T06:52Z,2324,gA,1.919
2026-09-01T06:52Z,2324,g98e5,1.999
2026-09-01T06:52Z,2342,gA,1.848
2026-09-01T06:52Z,2344,gA,1.848
2026-09-01T06:52Z,2363,g95e5,1.855
2026-09-01T06:52Z,2363,gA,1.785
2026-09-01T06:52Z,2364,gA,1.798
2026-09-01T06:52Z,2366,g95e5,1.855
2026-09-01T06:52Z,2366,gA,1.785
2026-09-01T06:52Z,2366,gP,1.845
2026-09-01T06:52Z,2366,g98e5,1.975
2026-09-01T06:52Z,2366,gB,1.675
2026-09-01T06:52Z,2384,g95e5,1.879
2026-09-01T06:52Z,2384,gA,1.879
2026-09-01T06:52Z,2384,g98e5,1.999
2026-09-01T06:52Z,2385,g95e5,1.879
2026-09-01T06:52Z,2385,gA,1.879
2026-09-01T06:52Z,2386,g95e5,1.855
2026-09-01T06:52Z,2386,gA,1.785
2026-09-01T06:52Z,2386,gP,1.845
2026-09-01T06:52Z,2386,g98e5,1.975
2026-09-01T06:52Z,2386,gB,1.675
2026-09-01T06:52Z,2387,g95e5,1.855
2026-09-01T06:52Z,2387,gA,1.785
2026-09-01T06:52Z,2387,gP,1.845
2026-09-01T06:52Z,2409,g95e5,1.869
2026-09-01T06:52Z,2432,g95e5,1.889
2026-09-01T06:52Z,2432,gA,1.799
2026-09-01T06:52Z,2432,gP,1.899
2026-09-01T06:52Z,2432,g98e5,2.019
2026-09-01T06:52Z,2450,gA,1.845
2026-09-01T06:52Z,2450,gP,1.885
2026-09-01T06:52Z,2452,gA,1.858
2026-09-01T06:52Z,2456,g95e5,1.869
2026-09-01T06:52Z,2456,gA,1.879
2026-09-01T06:52Z,2456,g98e5,2.026
2026-09-01T06:52Z,2457,g95e5,1.869
2026-09-01T06:52Z,2457,gA,1.879
2026-09-01T06:52Z,2457,g98e5,2.026
2026-09-01T06:52Z,2487,gA,1.770
2026-09-01T06:52Z,2489,gA,1.838
2026-09-01T06:52Z,2501,gA,1.824
2026-09-01T06:52Z,2517,g95e5,1.836
2026-09-01T06:52Z,2518,g95e5,1.849
2026-09-01T06:52Z,2518,gA,1.859
2026-09-01T06:52Z,2518,gP,1.979
2026-09-01T06:52Z,2518,g98e5,1.969
2026-09-01T06:52Z,2535,gA,1.848
2026-09-01T06:52Z,2566,g95e5,1.868
2026-09-01T06:52Z,2566,gA,1.838
2026-09-01T06:52Z,2566,g98e5,1.998
2026-09-01T06:52Z,2578,g95e5,1.899
2026-09-01T06:52Z,2578,gA,1.879
2026-09-01T06:52Z,2578,gP,1.949
2026-09-01T06:52Z,2578,g98e5,2.039
2026-09-01T06:52Z,2578,gB,1.609
2026-09-01T06:52Z,2583,g95e5,1.839
2026-09-01T06:52Z,2583,g98e5,1.939
2026-09-01T06:52Z,2588,g95e5,1.889
2026-09-01T06:52Z,2588,g98e5,2.006
2026-09-01T06:52Z,2596,g95e5,1.899
2026-09-01T06:52Z,2596,gA,1.859
2026-09-01T06:52Z,2596,gP,1.969
2026-09-01T06:52Z,2596,g98e5,2.039
2026-09-01T06:52Z,2598,g95e5,1.969
2026-09-01T06:52Z,2598,gA,1.999
2026-09-01T06:52Z,2602,gA,1.926
2026-09-01T06:52Z,2602,gP,1.976
2026-09-01T06:52Z,2602,gB,1.579
2026-09-01T06:52Z,2604,g95e5,1.959
2026-09-01T06:52Z,2604,gA,1.899
2026-09-01T06:52Z,2604,gP,1.959
2026-09-01T06:52Z,2604,g95e5p,2.039
2026-09-01T06:52Z,2608,g95e5,2.020
2026-09-01T06:52Z,2608,gA,1.933
2026-09-01T06:52Z,2608,gP,2.038
2026-09-01T06:52Z,2608,g95e5p,2.100
2026-09-01T06:52Z,2608,gB,1.909
2026-09-01T06:52Z,2609,gA,1.864
2026-09-01T06:52Z,2612,gA,1.854
2026-09-01T06:52Z,2620,g95e5,1.810
2026-09-01T06:52Z,2620,gA,1.788
2026-09-01T06:52Z,2640,g95e5,1.869
2026-09-01T06:52Z,2640,g98e5,1.969
2026-09-01T06:52Z,2642,g95e5,1.899
2026-09-01T06:52Z,2642,gA,1.909
2026-09-01T06:52Z,2644,g95e5,1.869
2026-09-01T06:52Z,2644,g98e5,1.969
2026-09-01T06:52Z,2665,g95e5,1.920
2026-09-01T06:52Z,2665,gA,1.899
2026-09-01T06:52Z,2665,gP,1.998
2026-09-01T06:52Z,2665,g95e5p,1.999
2026-09-01T06:52Z,2669,g95e5,1.969
2026-09-01T06:52Z,2669,gA,1.959
2026-09-01T06:52Z,2687,gA,1.838
2026-09-01T06:52Z,2693,gA,1.848
2026-09-01T06:52Z,2703,g95e5,1.869
2026-09-01T06:52Z,2703,g95e5p,1.949
2026-09-01T06:52Z,2711,g95e5,1.839
2026-09-01T06:52Z,2711,g98e5,1.939
2026-09-01T06:52Z,2716,g95e5,1.839
2026-09-01T06:52Z,2716,g98e5,1.939
2026-09-01T06:52Z,2720,g95e5,1.809
2026-09-01T06:52Z,2720,g98e5,1.909
2026-09-01T06:52Z,2721,g95e5,1.869
2026-09-01T06:52Z,2721,g98e5,1.969
2026-09-01T06:52Z,2726,gA,1.848
2026-09-01T06:52Z,2736,gA,1.864
2026-09-01T06:52Z,2737,gA,1.894
2026-09-01T06:52Z,2738,g95e5,1.869
2026-09-01T06:52Z,2738,g98e5,1.969
2026-09-01T06:52Z,2739,g95e5,1.868
2026-09-01T06:52Z,2739,gA,1.838
2026-09-01T06:52Z,2739,g98e5,1.998
2026-09-01T06:52Z,2775,gA,1.854
2026-09-01T06:52Z,2777,g95e5,1.949
2026-09-01T06:52Z,2777,gA,1.889
2026-09-01T06:52Z,2777,g98e5,2.089
2026-09-01T06:52Z,2777,gB,1.699
2026-09-01T06:52Z,2789,gA,1.848
2026-09-01T06:52Z,2799,g95e5,1.850
2026-09-01T06:52Z,2799,gA,1.838
2026-09-01T06:52Z,2807,gA,1.808
2026-09-01T06:52Z,2819,g95e5,1.850
2026-09-01T06:52Z,2819,gA,1.838
2026-09-01T06:52Z,2820,gA,1.838
2026-09-01T06:52Z,2821,g95e5,1.836
2026-09-01T06:52Z,2821,gA,1.844
2026-09-01T06:52Z,2823,gA,1.818
2026-09-01T06:52Z,2840,gA,1.844
2026-09-01T06:52Z,2842,g95e5,1.845
2026-09-01T06:52Z,2842,gA,1.878
2026-09-01T06:52Z,2842,gP,1.948
2026-09-01T06:52Z,2842,g95e5p,1.950
2026-09-01T06:52Z,2853,g95e5,1.925
2026-09-01T06:52Z,2853,gA,1.868
2026-09-01T06:52Z,2853,gP,1.938
2026-09-01T06:52Z,2855,g95e5,1.794
2026-09-01T06:52Z,2855,gA,1.984
2026-09-01T06:52Z,2855,gP,2.049
2026-09-01T06:52Z,2855,g95e5p,1.914
2026-09-01T06:52Z,2856,g95e5,1.875
2026-09-01T06:52Z,2856,gA,1.878
2026-09-01T06:52Z,2856,gP,1.938
2026-09-01T06:52Z,2856,g98e5,1.995
2026-09-01T06:52Z,2868,g95e5,1.869
2026-09-01T06:52Z,2868,gA,1.859
2026-09-01T06:52Z,2868,gP,1.919
2026-09-01T06:52Z,2868,g95e5p,1.949
2026-09-01T06:52Z,2872,g95e5,1.869
2026-09-01T06:52Z,2872,gA,1.909
2026-09-01T06:52Z,2872,gP,1.999
2026-09-01T06:52Z,2872,g98e5,1.989
2026-09-01T06:52Z,2878,g95e5,1.919
2026-09-01T06:52Z,2878,gA,1.909
2026-09-01T06:52Z,2878,gP,1.969
2026-09-01T06:52Z,2878,g98e5,2.039
2026-09-01T06:52Z,2884,gA,1.778
2026-09-01T06:52Z,2884,gP,1.888
2026-09-01T06:52Z,2895,g95e5,1.875
2026-09-01T06:52Z,2895,gA,1.878
2026-09-01T06:52Z,2895,gP,1.948
2026-09-01T06:52Z,2907,g95e5,1.899
2026-09-01T06:52Z,2907,gA,1.869
2026-09-01T06:52Z,2907,gP,1.919
2026-09-01T06:52Z,2907,g98e5,2.029
2026-09-01T06:52Z,2914,gA,1.838
2026-09-01T06:52Z,2916,g95e5,1.889
2026-09-01T06:52Z,2916,gA,1.849
2026-09-01T06:52Z,2916,gP,1.939
2026-09-01T06:52Z,2916,g98e5,1.999
2026-09-01T06:52Z,2920,gA,1.824
2026-09-01T06:52Z,2922,g95e5,1.779
2026-09-01T06:52Z,2922,gA,1.709
2026-09-01T06:52Z,2922,gP,1.759
2026-09-01T06:52Z,2924,gA,1.789
2026-09-01T06:52Z,2924,gP,1.839
2026-09-01T06:52Z,2925,g95e5,1.789
2026-09-01T06:52Z,2925,gA,1.709
2026-09-01T06:52Z,2925,gP,1.759
2026-09-01T06:52Z,2925,g95e5p,1.839
2026-09-01T06:52Z,2926,g95e5,1.794
2026-09-01T06:52Z,2926,gA,1.734
2026-09-01T06:52Z,2926,gP,1.784
2026-09-01T06:52Z,2926,g95e5p,1.844
2026-09-01T06:52Z,2927,gA,1.769
2026-09-01T06:52Z,2927,gP,1.819
2026-09-01T06:52Z,2929,g95e5,1.764
2026-09-01T06:52Z,2929,gA,1.704
2026-09-01T06:52Z,2929,gP,1.754
2026-09-01T06:52Z,2929,g98e5,1.904
2026-09-01T06:52Z,2932,gA,1.844
2026-09-01T06:52Z,2945,g95e5,1.905
2026-09-01T06:52Z,2977,g95e5,1.869
2026-09-01T06:52Z,2977,gA,1.909
2026-09-01T06:52Z,2977,gP,1.999
2026-09-01T06:52Z,2995,g95e5,1.834
2026-09-01T06:52Z,2995,gA,1.809
2026-09-01T06:52Z,2995,gP,1.859
2026-09-01T06:52Z,2995,g95e5p,1.884
2026-09-01T06:52Z,3016,g95e5,1.819
2026-09-01T06:52Z,3016,gA,1.729
2026-09-01T06:52Z,3016,gP,1.819
2026-09-01T06:52Z,3016,g98e5,1.929
2026-09-01T06:52Z,3017,gA,1.818
2026-09-01T06:52Z,3017,gP,1.878
2026-09-01T06:52Z,3018,g95e5,1.859
2026-09-01T06:52Z,3018,gA,1.759
2026-09-01T06:52Z,3018,gP,1.809
2026-09-01T06:52Z,3018,g95e5p,1.909
2026-09-01T06:52Z,3031,g95e5,1.809
2026-09-01T06:52Z,3031,gA,1.804
2026-09-01T06:52Z,3031,gP,1.854
2026-09-01T06:52Z,3031,g98e5,1.959
2026-09-01T06:52Z,3034,gA,1.848
2026-09-01T06:52Z,3034,gP,1.898
2026-09-01T06:52Z,3042,gA,1.848
2026-09-01T06:52Z,3042,gP,1.928
2026-09-01T06:52Z,3061,g95e5,1.794
2026-09-01T06:52Z,3061,gA,1.744
2026-09-01T06:52Z,3061,gP,1.794
2026-09-01T06:52Z,3061,g98e5,1.904
2026-09-01T06:52Z,3065,g95e5,1.839
2026-09-01T06:52Z,3065,gA,1.799
2026-09-01T06:52Z,3065,gP,1.849
2026-09-01T06:52Z,3065,g95e5p,1.889
2026-09-01T06:52Z,3067,g95e5,1.754
2026-09-01T06:52Z,3067,gA,1.694
2026-09-01T06:52Z,3067,gP,1.744
2026-09-01T06:52Z,3067,g95e5p,1.804
2026-09-01T06:52Z,3069,g95e5,1.779
2026-09-01T06:52Z,3069,gA,1.709
2026-09-01T06:52Z,3069,gP,1.759
2026-09-01T06:52Z,3069,g95e5p,1.829
2026-09-01T06:52Z,3073,g95e5,1.709
2026-09-01T06:52Z,3073,gA,1.659
2026-09-01T06:52Z,3074,g95e5,1.869
2026-09-01T06:52Z,3074,gA,1.819
2026-09-01T06:52Z,3074,gP,1.869
2026-09-01T06:52Z,3074,g98e5,2.009
2026-09-01T06:52Z,3076,g95e5,1.844
2026-09-01T06:52Z,3076,gA,1.799
2026-09-01T06:52Z,3076,gP,1.849
2026-09-01T06:52Z,3076,g95e5p,1.894
2026-09-01T06:52Z,3091,g95e5,1.799
2026-09-01T06:52Z,3091,gA,1.829
2026-09-01T06:52Z,3091,gP,1.879
2026-09-01T06:52Z,3091,g95e5p,1.849
2026-09-01T06:52Z,3106,gA,1.844
2026-09-01T06:52Z,3112,g95e5,1.849
2026-09-01T06:52Z,3112,gA,1.849
2026-09-01T06:52Z,3112,gB,1.619
2026-09-01T06:52Z,3113,g95e5,1.899
2026-09-01T06:52Z,3113,gA,1.859
2026-09-01T06:52Z,3113,g98e5,2.029
2026-09-01T06:52Z,3113,gB,1.659
2026-09-01T06:52Z,3114,g95e5,1.899
2026-09-01T06:52Z,3114,gA,1.859
2026-09-01T06:52Z,3114,g98e5,2.029
2026-09-01T06:52Z,3133,gA,1.823
2026-09-01T06:52Z,3133,gP,1.918
2026-09-01T06:52Z,3136,g95e5,1.839
2026-09-01T06:52Z,3136,gA,1.849
2026-09-01T06:52Z,3136,gP,1.939
2026-09-01T06:52Z,3136,g98e5,1.979
2026-09-01T06:52Z,3147,g95e5,1.829
2026-09-01T06:52Z,3147,gA,1.799
2026-09-01T06:52Z,3147,gP,1.849
2026-09-01T06:52Z,3148,g95e5,1.890
2026-09-01T06:52Z,3148,gA,1.833
2026-09-01T06:52Z,3148,gP,1.908
2026-09-01T06:52Z,3148,gB,1.673
2026-09-01T06:52Z,3150,g95e5,1.769
2026-09-01T06:52Z,3150,gA,1.789
2026-09-01T06:52Z,3150,gP,1.839
2026-09-01T06:52Z,3150,g95e5p,1.819
2026-09-01T06:52Z,3155,gA,1.868
2026-09-01T06:52Z,3161,gA,1.818
2026-09-01T06:52Z,3183,gA,1.818
2026-09-01T06:52Z,3188,g95e5,1.729
2026-09-01T06:52Z,3188,gA,1.778
2026-09-01T06:52Z,3188,gP,1.808
2026-09-01T06:52Z,3191,g95e5,1.789
2026-09-01T06:52Z,3191,gA,1.679
2026-09-01T06:52Z,3191,gP,1.729
2026-09-01T06:52Z,3191,g95e5p,1.839
2026-09-01T06:52Z,3193,g95e5,1.859
2026-09-01T06:52Z,3193,gA,1.809
2026-09-01T06:52Z,3193,g98e5,1.979
2026-09-01T06:52Z,3199,gA,1.808
2026-09-01T06:52Z,3200,g95e5,1.909
2026-09-01T06:52Z,3200,gA,1.869
2026-09-01T06:52Z,3207,g95e5,1.939
2026-09-01T06:52Z,3207,gA,1.809
2026-09-01T06:52Z,3207,g98e5,2.059
2026-09-01T06:52Z,3209,g95e5,1.869
2026-09-01T06:52Z,3209,gA,1.869
2026-09-01T06:52Z,3209,gP,1.899
2026-09-01T06:52Z,3209,g98e5,1.949
2026-09-01T06:52Z,3216,g95e5,1.689
2026-09-01T06:52Z,3216,gA,1.679
2026-09-01T06:52Z,3260,gA,1.794
2026-09-01T06:52Z,3283,g95e5,1.850
2026-09-01T06:52Z,3283,gA,1.788
2026-09-01T06:52Z,3283,gP,1.898
2026-09-01T06:52Z,3283,g98e5,1.970
2026-09-01T06:52Z,3285,gA,1.655
2026-09-01T06:52Z,3296,g95e5,1.899
2026-09-01T06:52Z,3296,gA,1.869
2026-09-01T06:52Z,3296,g98e5,2.019
2026-09-01T06:52Z,3304,g95e5,1.879
2026-09-01T06:52Z,3304,gA,1.779
2026-09-01T06:52Z,3304,gP,1.829
2026-09-01T06:52Z,3304,g98e5,2.009
2026-09-01T06:52Z,3312,gA,1.788
2026-09-01T06:52Z,3312,gP,1.898
2026-09-01T06:52Z,3312,g98e5,1.966
2026-09-01T06:52Z,3312,gB,1.549
2026-09-01T06:52Z,3322,gA,1.788
2026-09-01T06:52Z,3322,gP,1.898
2026-09-01T06:52Z,3322,g98e5,1.966
2026-09-01T06:52Z,3341,g95e5,1.869
2026-09-01T06:52Z,3341,gA,1.799
2026-09-01T06:52Z,3341,gP,1.899
2026-09-01T06:52Z,3341,g95e5p,1.979
2026-09-01T06:52Z,3341,gB,1.719
2026-09-01T06:52Z,3345,g95e5,1.879
2026-09-01T06:52Z,3345,gA,1.819
2026-09-01T06:52Z,3345,gP,1.919
2026-09-01T06:52Z,3350,g95e5,1.895
2026-09-01T06:52Z,3350,gA,1.818
2026-09-01T06:52Z,3350,gP,1.908
2026-09-01T06:52Z,3350,g95e5p,1.970
2026-09-01T06:52Z,3360,g95e5,1.875
2026-09-01T06:52Z,3360,gA,1.805
2026-09-01T06:52Z,3360,gP,1.889
2026-09-01T06:52Z,3371,g95e5,1.774
2026-09-01T06:52Z,3371,gA,1.709
2026-09-01T06:52Z,3399,g95e5,1.869
2026-09-01T06:52Z,3399,gA,1.799
2026-09-01T06:52Z,3411,g95e5,1.839
2026-09-01T06:52Z,3411,gA,1.869
2026-09-01T06:52Z,3411,gP,1.919
2026-09-01T06:52Z,3416,gA,1.879
2026-09-01T06:52Z,3416,gP,1.929
2026-09-01T06:52Z,3416,gB,1.709
2026-09-01T06:52Z,3427,g95e5,1.900
2026-09-01T06:52Z,3427,gA,1.793
2026-09-01T06:52Z,3427,gP,1.888
2026-09-01T06:52Z,3427,g98e5,2.005
2026-09-01T06:52Z,3429,g95e5,1.779
2026-09-01T06:52Z,3429,gA,1.669
2026-09-01T06:52Z,3429,gP,1.719
2026-09-01T06:52Z,3429,g98e5,1.929
2026-09-01T06:52Z,3430,g95e5,1.779
2026-09-01T06:52Z,3430,gA,1.669
2026-09-01T06:52Z,3430,gP,1.719
2026-09-01T06:52Z,3430,g98e5,1.929
2026-09-01T06:52Z,3448,g95e5,1.899
2026-09-01T06:52Z,3448,gA,1.839
2026-09-01T06:52Z,3448,gP,1.939
2026-09-01T06:52Z,3448,g98e5,2.029
2026-09-01T06:52Z,3457,gA,1.798
2026-09-01T06:52Z,3467,g95e5,1.889
2026-09-01T06:52Z,3467,gA,1.845
2026-09-01T06:52Z,3467,gP,1.935
2026-09-01T06:52Z,3467,g98e5,2.049
2026-09-01T06:52Z,3478,gA,1.784
2026-09-01T06:52Z,3480,g95e5,1.799
2026-09-01T06:52Z,3480,gP,1.834
2026-09-01T06:52Z,3480,g98e5,1.939
2026-09-01T06:52Z,3488,g95e5,1.759
2026-09-01T06:52Z,3488,gA,1.749
2026-09-01T06:52Z,3488,gP,1.799
2026-09-01T06:52Z,3488,g98e5,1.899
2026-09-01T06:52Z,3496,g95e5,1.809
2026-09-01T06:52Z,3496,gA,1.814
2026-09-01T06:52Z,3496,gP,1.904
2026-09-01T06:52Z,3498,gA,1.764
2026-09-01T06:52Z,3499,g95e5,1.824
2026-09-01T06:52Z,3499,gA,1.809
2026-09-01T06:52Z,3499,gP,1.859
2026-09-01T06:52Z,3502,g95e5,1.819
2026-09-01T06:52Z,3502,gA,1.829
2026-09-01T06:52Z,3502,gP,1.879
2026-09-01T06:52Z,3537,g95e5,1.759
2026-09-01T06:52Z,3537,gA,1.779
2026-09-01T06:52Z,3537,gP,1.829
2026-09-01T06:52Z,3537,gB,1.364
2026-09-01T06:52Z,3538,g95e5,1.729
2026-09-01T06:52Z,3538,gA,1.679
2026-09-01T06:52Z,3538,gP,1.719
2026-09-01T06:52Z,3538,g98e5,1.929
2026-09-01T06:52Z,3542,g95e5,1.869
2026-09-01T06:52Z,3542,gA,1.779
2026-09-01T06:52Z,3542,g98e5,2.039
2026-09-01T06:52Z,3542,gB,1.639
2026-09-01T06:52Z,3555,gA,1.794
2026-09-01T06:52Z,3572,g95e5,1.869
2026-09-01T06:52Z,3572,gA,1.779
2026-09-01T06:52Z,3572,gB,1.639
2026-09-01T06:52Z,3574,gA,1.899
2026-09-01T06:52Z,3574,gP,1.999
2026-09-01T06:52Z,3574,gB,1.679
2026-09-01T06:52Z,3582,g95e5,1.870
2026-09-01T06:52Z,3582,gA,1.803
2026-09-01T06:52Z,3582,gP,1.899
2026-09-01T06:52Z,3582,g98e5,2.005
2026-09-01T06:52Z,3582,g95e5p,1.960
2026-09-01T06:52Z,3588,g95e5,1.859
2026-09-01T06:52Z,3588,gA,1.819
2026-09-01T06:52Z,3589,g95e5,1.859
2026-09-01T06:52Z,3589,gA,1.819
2026-09-01T06:52Z,3589,g98e5,2.009
2026-09-01T06:52Z,3612,g95e5,1.850
2026-09-01T06:52Z,3612,gA,1.844
2026-09-01T06:52Z,3616,gA,1.824
2026-09-01T06:52Z,3623,gA,1.798
2026-09-01T06:52Z,3651,gA,1.798
2026-09-01T06:52Z,3663,g95e5,1.879
2026-09-01T06:52Z,3663,gA,1.889
2026-09-01T06:52Z,3682,gA,1.798
2026-09-01T06:52Z,3685,gA,1.788
2026-09-01T06:52Z,3690,gA,1.788
2026-09-01T06:52Z,3700,gA,1.788
2026-09-01T06:52Z,3710,g95e5,1.839
2026-09-01T06:52Z,3710,gA,1.819
2026-09-01T06:52Z,3710,gP,1.909
2026-09-01T06:52Z,3710,g98e5,1.989
2026-09-01T06:52Z,3713,g95e5,1.719
2026-09-01T06:52Z,3713,gA,1.649
2026-09-01T06:52Z,3714,gA,1.714
2026-09-01T06:52Z,3715,gA,1.784
2026-09-01T06:52Z,3715,gP,1.834
2026-09-01T06:52Z,3718,g95e5,1.939
2026-09-01T06:52Z,3718,gA,1.834
2026-09-01T06:52Z,3718,gP,1.924
2026-09-01T06:52Z,3718,g98e5,2.079
2026-09-01T06:52Z,3721,g95e5,1.849
2026-09-01T06:52Z,3721,gA,1.829
2026-09-01T06:52Z,3721,gP,1.919
2026-09-01T06:52Z,3721,g98e5,1.989
2026-09-01T06:52Z,3725,gA,1.789
2026-09-01T06:52Z,3725,gP,1.879
2026-09-01T06:52Z,3725,g98e5,1.929
2026-09-01T06:52Z,3725,g95e5p,1.799
2026-09-01T06:52Z,3728,g95e5,1.769
2026-09-01T06:52Z,3728,gA,1.769
2026-09-01T06:52Z,3728,gP,1.819
2026-09-01T06:52Z,3728,g98e5,1.929
2026-09-01T06:52Z,3733,g95e5,1.779
2026-09-01T06:52Z,3733,gA,1.669
2026-09-01T06:52Z,3733,gP,1.719
2026-09-01T06:52Z,3733,g98e5,1.929
2026-09-01T06:52Z,3734,g95e5,1.779
2026-09-01T06:52Z,3734,gA,1.669
2026-09-01T06:52Z,3734,g98e5,1.959
2026-09-01T06:52Z,3735,gA,1.829
2026-09-01T06:52Z,3735,gP,1.919
2026-09-01T06:52Z,3743,gA,1.829
2026-09-01T06:52Z,3743,gP,1.919
2026-09-01T06:52Z,3744,gA,1.803
2026-09-01T06:52Z,3744,gP,1.858
2026-09-01T06:52Z,3745,g95e5,1.850
2026-09-01T06:52Z,3745,g95e5p,1.940
2026-09-01T06:52Z,3747,g95e5,1.939
2026-09-01T06:52Z,3747,gA,1.834
2026-09-01T06:52Z,3747,gP,1.924
2026-09-01T06:52Z,3747,g98e5,2.079
2026-09-01T06:52Z,3762,g95e5,1.839
2026-09-01T06:52Z,3762,gA,1.799
2026-09-01T06:52Z,3762,gP,1.889
2026-09-01T06:52Z,3762,g98e5,1.982
2026-09-01T06:52Z,3768,g95e5,1.864
2026-09-01T06:52Z,3768,gA,1.739
2026-09-01T06:52Z,3768,gP,1.789
2026-09-01T06:52Z,3768,g95e5p,1.914
2026-09-01T06:52Z,3769,g95e5,1.799
2026-09-01T06:52Z,3769,gA,1.739
2026-09-01T06:52Z,3769,g98e5,1.939
2026-09-01T06:52Z,3770,gA,1.758
2026-09-01T06:52Z,3796,gA,1.768
2026-09-01T06:52Z,3801,g95e5,1.899
2026-09-01T06:52Z,3801,gA,1.859
2026-09-01T06:52Z,3801,gP,1.929
2026-09-01T06:52Z,3801,g98e5,2.019
2026-09-01T06:52Z,3802,g95e5,1.889
2026-09-01T06:52Z,3802,gA,1.819
2026-09-01T06:52Z,3802,gP,1.889
2026-09-01T06:52Z,3802,gB,1.559
2026-09-01T06:52Z,3819,g95e5,1.834
2026-09-01T06:52Z,3819,gA,1.709
2026-09-01T06:52Z,3819,g98e5,1.954
2026-09-01T06:52Z,3840,gA,1.818
2026-09-01T06:52Z,3842,g95e5,1.850
2026-09-01T06:52Z,3842,gA,1.818
2026-09-01T06:52Z,3842,gP,1.945
2026-09-01T06:52Z,3842,g98e5,2.020
2026-09-01T06:52Z,3847,gA,1.784
2026-09-01T06:52Z,3862,gA,1.784
2026-09-01T06:52Z,3870,g95e5,1.804
2026-09-01T06:52Z,3870,gA,1.709
2026-09-01T06:52Z,3870,gP,1.759
2026-09-01T06:52Z,3870,g98e5,1.944
2026-09-01T06:52Z,3893,g95e5,1.850
2026-09-01T06:52Z,3893,gA,1.818
2026-09-01T06:52Z,3893,gP,1.945
2026-09-01T06:52Z,3893,g98e5,2.020
2026-09-01T06:52Z,3920,g95e5,1.839
2026-09-01T06:52Z,3920,gA,1.745
2026-09-01T06:52Z,3920,gP,1.835
2026-09-01T06:52Z,3920,g98e5,1.979
2026-09-01T06:52Z,3930,g95e5,1.839
2026-09-01T06:52Z,3930,gA,1.745
2026-09-01T06:52Z,3930,gP,1.835
2026-09-01T06:52Z,3930,g98e5,1.979
2026-09-01T06:52Z,3959,gA,1.769
2026-09-01T06:52Z,3959,gP,1.859
2026-09-01T06:52Z,3965,g95e5,1.619
2026-09-01T06:52Z,3965,gA,1.697
2026-09-01T06:52Z,3967,g95e5,1.889
2026-09-01T06:52Z,3967,gA,1.794
2026-09-01T06:52Z,3967,gP,1.844
2026-09-01T06:52Z,3968,g95e5,1.889
2026-09-01T06:52Z,3968,gA,1.794
2026-09-01T06:52Z,3968,gP,1.844
2026-09-01T06:52Z,3968,g98e5,2.009
2026-09-01T06:52Z,3987,gA,1.644
2026-09-01T06:52Z,3988,g95e5,1.799
2026-09-01T06:52Z,3988,gA,1.714
2026-09-01T06:52Z,3988,gP,1.764
2026-09-01T06:52Z,3993,gA,1.764
2026-09-01T06:52Z,3993,gP,1.854
2026-09-01T06:52Z,3993,g98e5,2.014
2026-09-01T06:52Z,3993,g95e5p,1.924
2026-09-01T06:52Z,4004,gA,1.769
2026-09-01T06:52Z,4004,gP,1.859
2026-09-01T06:52Z,4005,g95e5,1.884
2026-09-01T06:52Z,4005,gA,1.884
2026-09-01T06:52Z,4005,gP,1.974
2026-09-01T06:52Z,4005,g98e5,2.014
2026-09-01T06:52Z,4006,g95e5,1.819
2026-09-01T06:52Z,4006,gA,1.724
2026-09-01T06:52Z,4006,gP,1.774
2026-09-01T06:52Z,4006,g98e5,1.939
2026-09-01T06:52Z,4009,g95e5,1.694
2026-09-01T06:52Z,4009,gA,1.749
2026-09-01T06:52Z,4009,gP,1.799
2026-09-01T06:52Z,4009,g98e5,1.834
2026-09-01T06:52Z,4013,g95e5,1.609
2026-09-01T06:52Z,4027,g95e5,1.859
2026-09-01T06:52Z,4027,gA,1.839
2026-09-01T06:52Z,4030,g95e5,1.660
2026-09-01T06:52Z,4030,gA,1.680
2026-09-01T06:52Z,4030,gP,1.750
2026-09-01T06:52Z,4030,g98e5,1.720
2026-09-01T06:52Z,4030,gB,1.370
2026-09-01T06:52Z,4031,g95e5,1.729
2026-09-01T06:52Z,4031,gA,1.628
2026-09-01T06:52Z,4034,gA,1.784
2026-09-01T06:52Z,4059,g95e5,1.919
2026-09-01T06:52Z,4059,gA,1.819
2026-09-01T06:52Z,4059,gP,1.879
2026-09-01T06:52Z,4059,g98e5,2.079
2026-09-01T06:52Z,4066,g95e5,1.850
2026-09-01T06:52Z,4066,gA,1.818
2026-09-01T06:52Z,4066,gP,1.945
2026-09-01T06:52Z,4066,g98e5,2.020
2026-09-01T06:52Z,4088,gA,1.784
2026-09-01T06:52Z,4093,gA,1.788
2026-09-01T06:52Z,4097,g95e5,1.876
2026-09-01T06:52Z,4097,gA,1.768
2026-09-01T06:52Z,4120,g95e5,1.834
2026-09-01T06:52Z,4120,gA,1.709
2026-09-01T06:52Z,4120,gP,1.759
2026-09-01T06:52Z,4120,g95e5p,1.884
2026-09-01T06:52Z,4123,g95e5,1.834
2026-09-01T06:52Z,4123,gA,1.709
2026-09-01T06:52Z,4123,g98e5,1.974
2026-09-01T06:52Z,4128,gA,1.504
2026-09-01T06:52Z,4129,g95e5,1.814
2026-09-01T06:52Z,4129,gA,1.719
2026-09-01T06:52Z,4129,gP,1.769
2026-09-01T06:52Z,4129,g98e5,1.974
2026-09-01T06:52Z,4130,g95e5,1.824
2026-09-01T06:52Z,4130,gA,1.684
2026-09-01T06:52Z,4130,g98e5,1.964
2026-09-01T06:52Z,4131,g95e5,1.649
2026-09-01T06:52Z,4131,gA,1.598
2026-09-01T06:52Z,4131,gP,1.608
2026-09-01T06:52Z,4157,g95e5,1.829
2026-09-01T06:52Z,4157,g98e5,1.949
2026-09-01T06:52Z,4163,g95e5,1.849
2026-09-01T06:52Z,4163,gA,1.799
2026-09-01T06:52Z,4163,gP,1.919
2026-09-01T06:52Z,4163,g98e5,1.969
2026-09-01T06:52Z,4184,gA,1.689
2026-09-01T06:52Z,4188,g95e5,1.869
2026-09-01T06:52Z,4188,gA,1.829
2026-09-01T06:52Z,4188,gP,1.949
2026-09-01T06:52Z,4188,g98e5,1.989
2026-09-01T06:52Z,4193,gA,1.808
2026-09-01T06:52Z,4193,gP,1.878
2026-09-01T06:52Z,4205,gA,1.794
2026-09-01T06:52Z,4236,g95e5,1.849
2026-09-01T06:52Z,4236,gA,1.819
2026-09-01T06:52Z,4236,gP,1.919
2026-09-01T06:52Z,4236,g98e5,1.949
2026-09-01T06:52Z,4236,g95e5p,1.909
2026-09-01T06:52Z,4254,g95e5,1.849
2026-09-01T06:52Z,4254,gA,1.799
2026-09-01T06:52Z,4254,gP,1.919
2026-09-01T06:52Z,4254,g98e5,1.969
2026-09-01T06:52Z,4260,g95e5,1.799
2026-09-01T06:52Z,4260,gA,1.915
2026-09-01T06:52Z,4260,gP,2.019
2026-09-01T06:52Z,4260,g98e5,1.953
2026-09-01T06:52Z,4261,g95e5,1.860
2026-09-01T06:52Z,4261,gA,1.774
2026-09-01T06:52Z,4261,g98e5,1.980
2026-09-01T06:52Z,4261,gB,1.519
2026-09-01T06:52Z,4282,g95e5,1.860
2026-09-01T06:52Z,4282,gA,1.774
2026-09-01T06:52Z,4282,g98e5,1.980
2026-09-01T06:52Z,4288,g95e5,1.849
2026-09-01T06:52Z,4288,gA,1.799
2026-09-01T06:52Z,4288,gP,1.929
2026-09-01T06:52Z,4288,g98e5,1.949
2026-09-01T06:52Z,4288,gB,1.699
2026-09-01T06:52Z,4295,g95e5,1.724
2026-09-01T06:52Z,4295,gA,1.779
2026-09-01T06:52Z,4295,gP,1.829
2026-09-01T06:52Z,4295,g95e5p,1.774
2026-09-01T06:52Z,4296,g95e5,1.759
2026-09-01T06:52Z,4296,gA,1.729
2026-09-01T06:52Z,4296,gP,1.779
2026-09-01T06:52Z,4296,g98e5,1.869
2026-09-01T06:52Z,4305,g95e5,1.859
2026-09-01T06:52Z,4305,gA,1.795
2026-09-01T06:52Z,4305,g98e5,1.979
2026-09-01T06:52Z,4310,g95e5,1.824
2026-09-01T06:52Z,4310,gA,1.764
2026-09-01T06:52Z,4310,gP,1.814
2026-09-01T06:52Z,4310,g98e5,1.914
2026-09-01T06:52Z,4312,gA,1.823
2026-09-01T06:52Z,4312,gP,1.918
2026-09-01T06:52Z,4313,gA,1.759
2026-09-01T06:52Z,4313,gP,1.809
2026-09-01T06:52Z,4319,gA,1.848
2026-09-01T06:52Z,4337,gA,1.844
2026-09-01T06:52Z,4347,gA,1.838
2026-09-01T06:52Z,4358,gA,1.828
2026-09-01T06:52Z,4363,g95e5,1.895
2026-09-01T06:52Z,4363,gA,1.833
2026-09-01T06:52Z,4363,gP,1.918
2026-09-01T06:52Z,4363,g95e5p,1.970
2026-09-01T06:52Z,4364,g95e5,1.895
2026-09-01T06:52Z,4364,gA,1.833
2026-09-01T06:52Z,4364,gP,1.918
2026-09-01T06:52Z,4364,g95e5p,1.970
2026-09-01T06:52Z,4390,g95e5,1.799
2026-09-01T06:52Z,4390,gA,1.799
2026-09-01T06:52Z,4406,g95e5,1.799
2026-09-01T06:52Z,4406,gA,1.809
2026-09-01T06:52Z,4430,g95e5,1.858
2026-09-01T06:52Z,4430,gA,1.778
2026-09-01T06:52Z,4430,gP,1.828
2026-09-01T06:52Z,4431,g95e5,1.759
2026-09-01T06:52Z,4431,gA,1.749
2026-09-01T06:52Z,4431,gP,1.799
2026-09-01T06:52Z,4431,g98e5,1.869
2026-09-01T06:52Z,4432,g95e5,1.759
2026-09-01T06:52Z,4432,gA,1.749
2026-09-01T06:52Z,4432,gP,1.799
2026-09-01T06:52Z,4432,g98e5,1.869
2026-09-01T06:52Z,4433,gA,1.849
2026-09-01T06:52Z,4433,gP,1.899
2026-09-01T06:52Z,4443,g95e5,1.890
2026-09-01T06:52Z,4443,gA,1.834
2026-09-01T06:52Z,4457,g95e5,1.862
2026-09-01T06:52Z,4457,gA,1.881
2026-09-01T06:52Z,4457,gP,1.970
2026-09-01T06:52Z,4457,g98e5,1.980
2026-09-01T06:52Z,4462,gA,1.828
2026-09-01T06:52Z,4476,g95e5,1.829
2026-09-01T06:52Z,4476,gA,1.789
2026-09-01T06:52Z,4476,gP,1.839
2026-09-01T06:52Z,4476,g95e5p,1.879
2026-09-01T06:52Z,4484,gA,1.808
2026-09-01T06:52Z,4522,g95e5,1.879
2026-09-01T06:52Z,4522,gA,1.929
2026-09-01T06:52Z,4522,g98e5,1.999
2026-09-01T06:52Z,4524,gA,1.854
2026-09-01T06:52Z,4528,g95e5,1.906
2026-09-01T06:52Z,4538,gA,1.844
2026-09-01T06:52Z,4543,gA,1.854
2026-09-01T06:52Z,4550,g95e5,1.909
2026-09-01T06:52Z,4550,gA,1.769
2026-09-01T06:52Z,4550,gP,1.779
2026-09-01T06:52Z,4550,g95e5p,1.969
2026-09-01T06:52Z,4551,g95e5,1.890
2026-09-01T06:52Z,4551,gA,1.833
2026-09-01T06:52Z,4551,gP,1.928
2026-09-01T06:52Z,4551,g98e5,2.015
2026-09-01T06:52Z,4569,g95e5,1.900
2026-09-01T06:52Z,4569,g95e5p,1.940
2026-09-01T06:52Z,4577,g95e5,1.896
2026-09-01T06:52Z,4577,gA,1.834
2026-09-01T06:52Z,4587,g95e5,1.890
2026-09-01T06:52Z,4587,gA,1.833
2026-09-01T06:52Z,4587,gP,1.928
2026-09-01T06:52Z,4587,g95e5p,1.940
2026-09-01T06:52Z,4588,gA,1.828
2026-09-01T06:52Z,4597,g95e5,1.850
2026-09-01T06:52Z,4597,g95e5p,1.930
2026-09-01T06:52Z,4609,gA,1.838
2026-09-01T06:52Z,4614,gA,1.828
2026-09-01T06:52Z,4619,gA,1.824
2026-09-01T06:52Z,4620,gA,1.804
2026-09-01T06:52Z,4636,g95e5,1.979
2026-09-01T06:52Z,4636,gA,2.049
2026-09-01T06:52Z,4636,gP,2.109
2026-09-01T06:52Z,4636,g98e5,2.039
2026-09-01T06:52Z,4637,g95e5,1.979
2026-09-01T06:52Z,4637,gA,2.049
2026-09-01T06:52Z,4637,gP,2.109
2026-09-01T06:52Z,4637,g98e5,2.039
2026-09-01T06:52Z,4642,g95e5,1.900
2026-09-01T06:52Z,4642,gA,1.828
2026-09-01T06:52Z,4647,g95e5,1.900
2026-09-01T06:52Z,4647,gA,1.833
2026-09-01T06:52Z,4647,gP,1.918
2026-09-01T06:52Z,4647,g95e5p,1.940
2026-09-01T06:52Z,4648,g95e5,1.900
2026-09-01T06:52Z,4648,gA,1.833
2026-09-01T06:52Z,4648,gP,1.918
2026-09-01T06:52Z,4648,g95e5p,2.000
2026-09-01T06:52Z,4649,g95e5,1.900
2026-09-01T06:52Z,4656,g95e5,1.864
2026-09-01T06:52Z,4656,gA,1.809
2026-09-01T06:52Z,4656,gP,1.859
2026-09-01T06:52Z,4656,g95e5p,1.914
2026-09-01T06:52Z,4657,g95e5,1.864
2026-09-01T06:52Z,4657,gA,1.814
2026-09-01T06:52Z,4657,gP,1.864
2026-09-01T06:52Z,4657,g95e5p,1.914
2026-09-01T06:52Z,4658,g95e5,1.850
2026-09-01T06:52Z,4658,gA,1.818
2026-09-01T06:52Z,4658,gP,1.938
2026-09-01T06:52Z,4658,g98e5,2.139
2026-09-01T06:52Z,4662,g95e5,1.874
2026-09-01T06:52Z,4662,gA,1.789
2026-09-01T06:52Z,4662,gP,1.839
2026-09-01T06:52Z,4665,g95e5,1.789
2026-09-01T06:52Z,4665,gA,1.729
2026-09-01T06:52Z,4665,gP,1.779
2026-09-01T06:52Z,4665,g95e5p,1.839
2026-09-01T06:52Z,4667,g95e5,1.869
2026-09-01T06:52Z,4667,gA,1.819
2026-09-01T06:52Z,4667,gP,1.869
2026-09-01T06:52Z,4667,g98e5,2.009
2026-09-01T06:52Z,4668,g95e5,1.869
2026-09-01T06:52Z,4668,gA,1.819
2026-09-01T06:52Z,4668,gP,1.869
2026-09-01T06:52Z,4668,g98e5,2.009
2026-09-01T06:52Z,4669,g95e5,1.864
2026-09-01T06:52Z,4669,gA,1.809
2026-09-01T06:52Z,4669,gP,1.859
2026-09-01T06:52Z,4669,g98e5,1.984
2026-09-01T06:52Z,4672,g95e5,1.729
2026-09-01T06:52Z,4672,gA,1.669
2026-09-01T06:52Z,4672,gP,1.719
2026-09-01T06:52Z,4672,g95e5p,1.779
2026-09-01T06:52Z,4673,g95e5,1.709
2026-09-01T06:52Z,4673,gA,1.629
2026-09-01T06:52Z,4673,gP,1.679
2026-09-01T06:52Z,4673,g95e5p,1.759
2026-09-01T06:52Z,4684,g95e5,1.879
2026-09-01T06:52Z,4684,gA,1.819
2026-09-01T06:52Z,4684,gP,1.869
2026-09-01T06:52Z,4684,g95e5p,1.929
2026-09-01T06:52Z,4694,g95e5,1.880
2026-09-01T06:52Z,4694,g95e5p,1.970
2026-09-01T06:52Z,4696,g95e5,1.874
2026-09-01T06:52Z,4696,gA,1.814
2026-09-01T06:52Z,4696,gP,1.864
2026-09-01T06:52Z,4696,g98e5,1.999
2026-09-01T06:52Z,4697,g95e5,1.789
2026-09-01T06:52Z,4697,gA,1.729
2026-09-01T06:52Z,4697,g95e5p,1.839
2026-09-01T06:52Z,4698,g95e5,1.789
2026-09-01T06:52Z,4698,gA,1.729
2026-09-01T06:52Z,4698,g95e5p,1.839
2026-09-01T06:52Z,4699,g95e5,1.839
2026-09-01T06:52Z,4699,gP,1.799
2026-09-01T06:52Z,4699,g95e5p,1.889
2026-09-01T06:52Z,4700,gA,1.769
2026-09-01T06:52Z,4700,gP,1.819
2026-09-01T06:52Z,4701,g95e5,1.829
2026-09-01T06:52Z,4701,gA,1.774
2026-09-01T06:52Z,4701,gP,1.824
2026-09-01T06:52Z,4701,g95e5p,1.879
2026-09-01T06:52Z,4708,g95e5,1.890
2026-09-01T06:52Z,4708,gA,1.833
2026-09-01T06:52Z,4708,gP,1.928
2026-09-01T06:52Z,4708,g95e5p,1.980
2026-09-01T06:52Z,4725,g95e5,1.880
2026-09-01T06:52Z,4725,gA,1.823
2026-09-01T06:52Z,4725,gP,1.918
2026-09-01T06:52Z,4725,g95e5p,1.940
2026-09-01T06:52Z,4735,gA,1.689
2026-09-01T06:52Z,4735,gP,1.720
2026-09-01T06:52Z,4755,g95e5,1.929
2026-09-01T06:52Z,4755,gA,1.899
2026-09-01T06:52Z,4755,gP,1.999
2026-09-01T06:52Z,4755,g98e5,2.069
2026-09-01T06:52Z,4761,g95e5,1.784
2026-09-01T06:52Z,4761,gA,1.749
2026-09-01T06:52Z,4761,gP,1.799
2026-09-01T06:52Z,4761,g95e5p,1.834
2026-09-01T06:52Z,4776,g95e5,1.939
2026-09-01T06:52Z,4776,gA,1.939
2026-09-01T06:52Z,4800,g95e5,1.849
2026-09-01T06:52Z,4800,gA,1.869
2026-09-01T06:52Z,4800,gP,1.969
2026-09-01T06:52Z,4819,g95e5,1.834
2026-09-01T06:52Z,4819,gA,1.789
2026-09-01T06:52Z,4819,gP,1.879
2026-09-01T06:52Z,4819,g98e5,1.944
2026-09-01T06:52Z,4823,g95e5,1.809
2026-09-01T06:52Z,4823,gA,1.779
2026-09-01T06:52Z,4827,g95e5,1.899
2026-09-01T06:52Z,4827,gA,1.819
2026-09-01T06:52Z,4847,g95e5,1.855
2026-09-01T06:52Z,4847,gA,1.798
2026-09-01T06:52Z,4847,gP,1.838
2026-09-01T06:52Z,4847,g95e5p,1.900
2026-09-01T06:52Z,4863,gA,1.788
2026-09-01T06:52Z,4863,gP,1.888
2026-09-01T06:52Z,4881,g95e5,1.809
2026-09-01T06:52Z,4881,gA,1.789
2026-09-01T06:52Z,4881,gP,1.839
2026-09-01T06:52Z,4881,g98e5,1.939
2026-09-01T06:52Z,4883,g95e5,1.709
2026-09-01T06:52Z,4883,gA,1.699
2026-09-01T06:52Z,4883,gP,1.749
2026-09-01T06:52Z,4883,g95e5p,1.739
2026-09-01T06:52Z,4891,g95e5,1.869
2026-09-01T06:52Z,4891,gA,1.869
2026-09-01T06:52Z,4891,gP,1.979
2026-09-01T06:52Z,4910,g95e5,1.839
2026-09-01T06:52Z,4910,gA,1.859
2026-09-01T06:52Z,4923,g95e5,1.618
2026-09-01T06:52Z,4923,gA,1.629
2026-09-01T06:52Z,4923,gP,1.679
2026-09-01T06:52Z,4932,g95e5,1.689
2026-09-01T06:52Z,4932,gA,1.779
2026-09-01T06:52Z,4937,gA,1.759
2026-09-01T06:52Z,4937,gP,1.759
2026-09-01T06:52Z,4938,g95e5,1.729
2026-09-01T06:52Z,4948,g95e5,1.828
2026-09-01T06:52Z,4948,gA,1.798
2026-09-01T06:52Z,4948,gP,1.878
2026-09-01T06:52Z,4948,g98e5,1.948
2026-09-01T06:52Z,4950,g95e5,1.699
2026-09-01T06:52Z,4950,gA,1.669
2026-09-01T06:52Z,4965,g95e5,1.829
2026-09-01T06:52Z,4965,gA,1.799
2026-09-01T06:52Z,4965,gP,1.879
2026-09-01T06:52Z,4965,g98e5,1.999
2026-09-01T06:52Z,4975,g95e5,1.819
2026-09-01T06:52Z,4975,gA,1.814
2026-09-01T06:52Z,4975,gP,1.864
2026-09-01T06:52Z,4975,g98e5,1.959
2026-09-01T06:52Z,4982,g95e5,1.850
2026-09-01T06:52Z,4982,g95e5p,1.965
2026-09-01T06:52Z,4989,g95e5,1.885
2026-09-01T06:52Z,4991,g95e5,1.885
2026-09-01T06:52Z,4993,g95e5,1.799
2026-09-01T06:52Z,4993,gA,1.788
2026-09-01T06:52Z,4993,gP,1.858
2026-09-01T06:52Z,4993,g98e5,1.933
2026-09-01T06:52Z,4993,gB,1.639
2026-09-01T06:52Z,5024,g95e5,1.859
2026-09-01T06:52Z,5024,gA,1.899
2026-09-01T06:52Z,5024,gP,1.989
2026-09-01T06:52Z,5024,g98e5,1.999
2026-09-01T06:52Z,5036,g95e5,1.854
2026-09-01T06:52Z,5036,gA,1.759
2026-09-01T06:52Z,5036,gP,1.849
2026-09-01T06:52Z,5036,g95e5p,1.904
2026-09-01T06:52Z,5038,g95e5,1.809
2026-09-01T06:52Z,5038,gA,1.674
2026-09-01T06:52Z,5038,gP,1.724
2026-09-01T06:52Z,5042,g95e5,1.779
2026-09-01T06:52Z,5042,gA,1.899
2026-09-01T06:52Z,5042,gP,1.949
2026-09-01T06:52Z,5042,g95e5p,1.849
2026-09-01T06:52Z,5062,g95e5,1.799
2026-09-01T06:52Z,5062,gA,1.929
2026-09-01T06:52Z,5062,gP,1.999
2026-09-01T06:52Z,5069,g95e5,1.898
2026-09-01T06:52Z,5069,gA,1.888
2026-09-01T06:52Z,5069,gP,1.988
2026-09-01T06:52Z,5069,g98e5,2.028
2026-09-01T06:52Z,5074,g95e5,1.894
2026-09-01T06:52Z,5074,gA,1.784
2026-09-01T06:52Z,5074,gP,1.874
2026-09-01T06:52Z,5074,g95e5p,1.944
2026-09-01T06:52Z,5078,gA,1.804
2026-09-01T06:52Z,5118,g95e5,1.799
2026-09-01T06:52Z,5118,gA,1.785
2026-09-01T06:52Z,5118,gB,1.495
2026-09-01T06:52Z,5152,g95e5,1.816
2026-09-01T06:52Z,5152,gA,1.818
2026-09-01T06:52Z,5152,g98e5,1.976
2026-09-01T06:52Z,5159,gA,1.874
2026-09-01T06:52Z,5186,g95e5,1.879
2026-09-01T06:52Z,5186,gA,1.829
2026-09-01T06:52Z,5186,gP,1.939
2026-09-01T06:52Z,5186,g95e5p,1.969
2026-09-01T06:52Z,5208,gA,1.844
2026-09-01T06:52Z,5222,g95e5,1.839
2026-09-01T06:52Z,5222,gA,1.919
2026-09-01T06:52Z,5222,g98e5,1.999
2026-09-01T06:52Z,5261,g95e5,1.889
2026-09-01T06:52Z,5261,gA,1.829
2026-09-01T06:52Z,5261,g98e5,1.959
2026-09-01T06:52Z,5266,gA,1.794
2026-09-01T06:52Z,5277,g95e5,1.849
2026-09-01T06:52Z,5277,gA,1.919
2026-09-01T06:52Z,5277,g98e5,2.009
2026-09-01T06:52Z,5277,gB,1.699
2026-09-01T06:52Z,5295,g95e5,1.839
2026-09-01T06:52Z,5295,gA,1.899
2026-09-01T06:52Z,5295,gP,1.999
2026-09-01T06:52Z,5295,g98e5,1.979
2026-09-01T06:52Z,5308,gA,1.849
2026-09-01T06:52Z,5308,gP,1.899
2026-09-01T06:52Z,5310,g95e5,1.849
2026-09-01T06:52Z,5310,gA,1.809
2026-09-01T06:52Z,5310,gP,1.869
2026-09-01T06:52Z,5310,g95e5p,1.959
2026-09-01T06:52Z,5313,g95e5,1.860
2026-09-01T06:52Z,5313,gA,1.859
2026-09-01T06:52Z,5313,gP,1.929
2026-09-01T06:52Z,5313,g98e5,1.989
2026-09-01T06:52Z,5322,gA,1.834
2026-09-01T06:52Z,5322,gP,1.884
2026-09-01T06:52Z,5348,g95e5,1.848
2026-09-01T06:52Z,5348,gA,1.818
2026-09-01T06:52Z,5357,gA,1.828
2026-09-01T06:52Z,5394,g95e5,1.879
2026-09-01T06:52Z,5394,gA,1.879
2026-09-01T06:52Z,5394,g98e5,2.049
2026-09-01T06:52Z,5434,g95e5,1.829
2026-09-01T06:52Z,5434,gA,1.759
2026-09-01T06:52Z,5434,gP,1.809
2026-09-01T06:52Z,5434,g98e5,1.979
2026-09-01T06:52Z,5448,g95e5,1.879
2026-09-01T06:52Z,5448,gA,1.829
2026-09-01T06:52Z,5448,gP,1.949
2026-09-01T06:52Z,5449,g95e5,1.829
2026-09-01T06:52Z,5449,gA,1.789
2026-09-01T06:52Z,5495,g95e5,1.854
2026-09-01T06:52Z,5495,gA,1.809
2026-09-01T06:52Z,5495,gP,1.859
2026-09-01T06:52Z,5495,g98e5,1.964
2026-09-01T06:52Z,5501,g95e5,1.819
2026-09-01T06:52Z,5501,gA,1.809
2026-09-01T06:52Z,5501,gP,1.859
2026-09-01T06:52Z,5501,g98e5,1.939
2026-09-01T06:52Z,5512,gA,1.678
2026-09-01T06:52Z,5512,gP,1.798
2026-09-01T06:52Z,5535,g95e5,1.769
2026-09-01T06:52Z,5535,gA,1.749
2026-09-01T06:52Z,5535,gP,1.799
2026-09-01T06:52Z,5536,g95e5,1.769
2026-09-01T06:52Z,5536,gP,1.995
2026-09-01T06:52Z,5537,g95e5,1.764
2026-09-01T06:52Z,5537,gA,1.824
2026-09-01T06:52Z,5537,gP,1.874
2026-09-01T06:52Z,5537,g98e5,1.904
2026-09-01T06:52Z,5541,gA,1.834
2026-09-01T06:52Z,5556,gA,1.809
2026-09-01T06:52Z,5556,gP,1.859
2026-09-01T06:52Z,5559,g95e5,1.819
2026-09-01T06:52Z,5559,gA,1.784
2026-09-01T06:52Z,5559,gP,1.834
2026-09-01T06:52Z,5559,g98e5,1.939
2026-09-01T06:52Z,5561,gA,1.609
2026-09-01T06:52Z,5573,g95e5,1.839
2026-09-01T06:52Z,5573,gA,1.819
2026-09-01T06:52Z,5573,gP,1.919
2026-09-01T06:52Z,5573,g98e5,2.029
2026-09-01T06:52Z,5573,g95e5p,2.009
2026-09-01T06:52Z,5574,g95e5,1.839
2026-09-01T06:52Z,5574,gA,1.819
2026-09-01T06:52Z,5574,gP,1.919
2026-09-01T06:52Z,5574,g98e5,2.029
2026-09-01T06:52Z,5613,g95e5,1.799
2026-09-01T06:52Z,5613,gA,1.839
2026-09-01T06:52Z,5613,gP,1.939
2026-09-01T06:52Z,5613,g98e5,1.939
2026-09-01T06:52Z,5614,g95e5,1.794
2026-09-01T06:52Z,5614,gA,1.809
2026-09-01T06:52Z,5614,gP,1.898
2026-09-01T06:52Z,5614,g98e5,1.935
2026-09-01T06:52Z,5625,g95e5,1.820
2026-09-01T06:52Z,5625,gA,1.793
2026-09-01T06:52Z,5625,gP,1.888
2026-09-01T06:52Z,5629,g95e5,1.899
2026-09-01T06:52Z,5629,gA,1.879
2026-09-01T06:52Z,5629,gP,1.959
2026-09-01T06:52Z,5629,g98e5,2.049
2026-09-01T06:52Z,5629,g95e5p,1.999
2026-09-01T06:52Z,5647,gA,1.903
2026-09-01T06:52Z,5672,gA,1.839
2026-09-01T06:52Z,5672,gP,1.929
2026-09-01T06:52Z,5674,g95e5,1.799
2026-09-01T06:52Z,5674,gA,1.869
2026-09-01T06:52Z,5674,gP,1.959
2026-09-01T06:52Z,5674,g98e5,1.949
2026-09-01T06:52Z,5674,gB,1.629
2026-09-01T06:52Z,5689,g95e5,1.939
2026-09-01T06:52Z,5689,gA,1.829
2026-09-01T06:52Z,5689,gP,1.899
2026-09-01T06:52Z,5741,gA,1.895
2026-09-01T06:52Z,5765,g95e5,1.819
2026-09-01T06:52Z,5765,gA,1.779
2026-09-01T06:52Z,5765,gP,1.869
2026-09-01T06:52Z,5765,gB,1.649
2026-09-01T06:52Z,5780,g95e5,1.796
2026-09-01T06:52Z,5780,gA,1.874
2026-09-01T06:52Z,5780,gP,1.984
2026-09-01T06:52Z,5780,g95e5p,1.856
2026-09-01T06:52Z,5794,g95e5,1.779
2026-09-01T06:52Z,5794,gA,1.649
2026-09-01T06:52Z,5794,gP,1.699
2026-09-01T06:52Z,5794,g95e5p,1.829
2026-09-01T06:52Z,5801,g95e5,1.839
2026-09-01T06:52Z,5801,gA,1.819
2026-09-01T06:52Z,5801,gP,1.919
2026-09-01T06:52Z,5801,g98e5,2.029
2026-09-01T06:52Z,5802,g95e5,1.839
2026-09-01T06:52Z,5802,gA,1.819
2026-09-01T06:52Z,5802,gP,1.919
2026-09-01T06:52Z,5802,g98e5,2.029
2026-09-01T06:52Z,5826,gA,1.799
2026-09-01T06:52Z,5832,g95e5,1.839
2026-09-01T06:52Z,5832,gA,1.899
2026-09-01T06:52Z,5877,g95e5,1.865
2026-09-01T06:52Z,5877,gA,1.843
2026-09-01T06:52Z,5877,gP,1.928
2026-09-01T06:52Z,5877,g95e5p,1.940
2026-09-01T06:52Z,5897,g95e5,1.969
2026-09-01T06:52Z,5897,gA,1.849
2026-09-01T06:52Z,5897,gP,1.909
2026-09-01T06:52Z,5897,g98e5,2.149
2026-09-01T06:52Z,5934,g95e5,1.859
2026-09-01T06:52Z,5934,gA,1.829
2026-09-01T06:52Z,5934,g98e5,2.039
2026-09-01T06:52Z,5964,g95e5,1.905
2026-09-01T06:52Z,5964,gA,1.883
2026-09-01T06:52Z,5964,gP,1.968
2026-09-01T06:52Z,5964,g98e5,1.995
2026-09-01T06:52Z,5990,g95e5,1.859
2026-09-01T06:52Z,5990,gA,1.829
2026-09-01T06:52Z,5990,gP,1.889
2026-09-01T06:52Z,5990,g98e5,1.989
2026-09-01T06:52Z,5990,gB,1.469
2026-09-01T06:52Z,6025,g95e5,1.889
2026-09-01T06:52Z,6025,gA,1.969
2026-09-01T06:52Z,6026,g95e5,1.889
2026-09-01T06:52Z,6026,gA,1.969
2026-09-01T06:52Z,6060,g95e5,1.849
2026-09-01T06:52Z,6060,gA,1.829
2026-09-01T06:52Z,6060,g98e5,1.969
2026-09-01T06:52Z,6067,g95e5,1.855
2026-09-01T06:52Z,6068,g95e5,1.909
2026-09-01T06:52Z,6068,gA,1.799
2026-09-01T06:52Z,6068,gP,1.889
2026-09-01T06:52Z,6068,g95e5p,2.009
2026-09-01T06:52Z,6071,g95e5,1.929
2026-09-01T06:52Z,6071,gA,1.899
2026-09-01T06:52Z,6071,g95e5p,2.019
2026-09-01T06:52Z,6071,gB,1.499
2026-09-01T06:52Z,6086,g95e5,1.784
2026-09-01T06:52Z,6086,gA,1.754
2026-09-01T06:52Z,6086,gP,1.804
2026-09-01T06:52Z,6086,g95e5p,1.834
2026-09-01T06:52Z,6090,g95e5,1.834
2026-09-01T06:52Z,6090,gA,1.829
2026-09-01T06:52Z,6090,gP,1.919
2026-09-01T06:52Z,6090,g98e5,1.974
2026-09-01T06:52Z,6091,g95e5,1.709
2026-09-01T06:52Z,6091,gA,1.679
2026-09-01T06:52Z,6120,g95e5,1.850
2026-09-01T06:52Z,6166,g95e5,1.864
2026-09-01T06:52Z,6166,gA,1.834
2026-09-01T06:52Z,6166,gP,1.884
2026-09-01T06:52Z,6166,g98e5,2.004
2026-09-01T06:52Z,6177,g95e5,1.799
2026-09-01T06:52Z,6177,gA,1.819
2026-09-01T06:52Z,6177,gP,1.909
2026-09-01T06:52Z,6177,g98e5,1.939
2026-09-01T06:52Z,6178,g95e5,1.865
2026-09-01T06:52Z,6178,gA,1.975
2026-09-01T06:52Z,6178,g98e5,2.025
2026-09-01T06:52Z,6178,gB,1.645
2026-09-01T06:52Z,6189,g95e5,1.819
2026-09-01T06:52Z,6189,gA,1.829
2026-09-01T06:52Z,6189,gB,1.499
2026-09-01T06:52Z,6223,g95e5,1.839
2026-09-01T06:52Z,6223,gA,1.789
2026-09-01T06:52Z,6226,g95e5,1.799
2026-09-01T06:52Z,6226,gA,1.748
2026-09-01T06:52Z,6226,gP,1.749
2026-09-01T06:52Z,6227,gA,1.874
2026-09-01T06:52Z,6235,g95e5,1.829
2026-09-01T06:52Z,6235,gA,1.799
2026-09-01T06:52Z,6235,gP,1.849
2026-09-01T06:52Z,6235,gB,1.499
2026-09-01T06:52Z,6237,g95e5,1.829
2026-09-01T06:52Z,6237,gA,1.799
2026-09-01T06:52Z,6237,gP,1.849
2026-09-01T06:52Z,6237,g98e5,1.909
2026-09-01T06:52Z,6239,g95e5,1.915
2026-09-01T06:52Z,6239,gA,1.868
2026-09-01T06:52Z,6239,gP,1.928
2026-09-01T06:52Z,6239,g95e5p,1.990
2026-09-01T06:52Z,6253,g95e5,1.869
2026-09-01T06:52Z,6253,gA,1.834
2026-09-01T06:52Z,6253,g98e5,2.039
2026-09-01T06:52Z,6256,g95e5,1.899
2026-09-01T06:52Z,6256,gA,1.859
2026-09-01T06:52Z,6256,gP,1.929
2026-09-01T06:52Z,6256,g98e5,2.069
2026-09-01T06:52Z,6265,g95e5,1.869
2026-09-01T06:52Z,6265,gA,1.834
2026-09-01T06:52Z,6265,g98e5,2.039
2026-09-01T06:52Z,6281,g95e5,1.929
2026-09-01T06:52Z,6281,gA,1.899
2026-09-01T06:52Z,6281,gP,1.999
2026-09-01T06:52Z,6281,g98e5,2.069
2026-09-01T06:52Z,6284,g95e5,1.849
2026-09-01T06:52Z,6284,gA,1.809
2026-09-01T06:52Z,6284,gP,1.889
2026-09-01T06:52Z,6284,g98e5,1.989
2026-09-01T06:52Z,6293,g95e5,1.784
2026-09-01T06:52Z,6293,gA,1.754
2026-09-01T06:52Z,6293,gP,1.804
2026-09-01T06:52Z,6293,g98e5,1.894
2026-09-01T06:52Z,6295,gA,1.878
2026-09-01T06:52Z,6309,g95e5,1.869
2026-09-01T06:52Z,6309,gA,1.834
2026-09-01T06:52Z,6309,g98e5,2.039
2026-09-01T06:52Z,6310,g95e5,1.878
2026-09-01T06:52Z,6310,gA,1.838
2026-09-01T06:52Z,6310,g98e5,2.068
2026-09-01T06:52Z,6320,g95e5,1.899
2026-09-01T06:52Z,6320,gA,1.859
2026-09-01T06:52Z,6320,gP,1.949
2026-09-01T06:52Z,6320,g98e5,2.029
2026-09-01T06:52Z,6323,g95e5,1.859
2026-09-01T06:52Z,6323,gA,1.819
2026-09-01T06:52Z,6323,gP,1.869
2026-09-01T06:52Z,6324,g95e5,1.769
2026-09-01T06:52Z,6324,gA,1.899
2026-09-01T06:52Z,6324,gP,1.949
2026-09-01T06:52Z,6325,g95e5,1.869
2026-09-01T06:52Z,6325,gA,1.819
2026-09-01T06:52Z,6325,gP,1.869
2026-09-01T06:52Z,6325,g95e5p,1.919
2026-09-01T06:52Z,6349,gA,1.899
2026-09-01T06:52Z,6349,g98e5,1.959
2026-09-01T06:52Z,6382,g95e5,1.849
2026-09-01T06:52Z,6382,gA,1.859
2026-09-01T06:52Z,6382,gP,1.929
2026-09-01T06:52Z,6382,g98e5,2.019
2026-09-01T06:52Z,6401,g95e5,1.799
2026-09-01T06:52Z,6401,gA,1.819
2026-09-01T06:52Z,6401,gP,1.909
2026-09-01T06:52Z,6401,g98e5,1.939
2026-09-01T06:52Z,6409,g95e5,1.906
2026-09-01T06:52Z,6409,gA,1.864
2026-09-01T06:52Z,6409,gP,1.934
2026-09-01T06:52Z,6409,g98e5,2.025
2026-09-01T06:52Z,6421,g95e5,1.828
2026-09-01T06:52Z,6421,gA,1.779
2026-09-01T06:52Z,6422,g95e5,1.884
2026-09-01T06:52Z,6422,gA,1.829
2026-09-01T06:52Z,6423,g95e5,1.779
2026-09-01T06:52Z,6423,gA,1.789
2026-09-01T06:52Z,6463,g95e5,1.850
2026-09-01T06:52Z,6463,gA,1.868
2026-09-01T06:52Z,6463,gP,1.968
2026-09-01T06:52Z,6463,g98e5,2.050
2026-09-01T06:52Z,6463,gB,1.645
2026-09-01T06:52Z,6466,g95e5,1.720
2026-09-01T06:52Z,6466,gA,1.675
2026-09-01T06:52Z,6466,gP,1.715
2026-09-01T06:52Z,6466,g98e5,1.955
2026-09-01T06:52Z,6471,g95e5,1.759
2026-09-01T06:52Z,6471,gA,1.799
2026-09-01T06:52Z,6471,gP,1.849
2026-09-01T06:52Z,6471,g95e5p,1.809
2026-09-01T06:52Z,6472,g95e5,1.840
2026-09-01T06:52Z,6472,gA,1.854
2026-09-01T06:52Z,6472,gP,1.974
2026-09-01T06:52Z,6479,g95e5,1.739
2026-09-01T06:52Z,6479,gA,1.718
2026-09-01T06:52Z,6491,gA,1.859
2026-09-01T06:52Z,6497,g95e5,1.809
2026-09-01T06:52Z,6497,gA,1.849
2026-09-01T06:52Z,6497,gP,1.935
2026-09-01T06:52Z,6511,g95e5,1.739
2026-09-01T06:52Z,6511,gA,1.718
2026-09-01T06:52Z,6536,gA,1.638
2026-09-01T06:52Z,6539,g95e5,1.689
2026-09-01T06:52Z,6539,gA,1.705
2026-09-01T06:52Z,6539,gB,1.659
2026-09-01T06:52Z,6545,g95e5,1.649
2026-09-01T06:52Z,6545,gA,1.705
2026-09-01T06:52Z,6547,g95e5,1.649
2026-09-01T06:52Z,6547,gA,1.705
2026-09-01T06:52Z,6548,g95e5,1.839
2026-09-01T06:52Z,6548,gA,1.859
2026-09-01T06:52Z,6548,gP,1.949
2026-09-01T06:52Z,6548,g98e5,1.979
2026-09-01T06:52Z,6567,g95e5,1.835
2026-09-01T06:52Z,6567,gA,1.769
2026-09-01T06:52Z,6567,gP,1.859
2026-09-01T06:52Z,6567,g98e5,1.975
2026-09-01T06:52Z,6572,g95e5,1.835
2026-09-01T06:52Z,6572,gA,1.778
2026-09-01T06:52Z,6572,gP,1.848
2026-09-01T06:52Z,6572,g95e5p,1.910
2026-09-01T06:52Z,6579,g95e5,1.814
2026-09-01T06:52Z,6579,gA,1.919
2026-09-01T06:52Z,6579,g98e5,1.964
2026-09-01T06:52Z,6586,g95e5,1.840
2026-09-01T06:52Z,6586,gA,1.753
2026-09-01T06:52Z,6586,gP,1.843
2026-09-01T06:52Z,6586,g95e5p,1.930
2026-09-01T06:52Z,6600,g95e5,1.850
2026-09-01T06:52Z,6600,gA,1.763
2026-09-01T06:52Z,6600,gP,1.853
2026-09-01T06:52Z,6600,g98e5,1.980
2026-09-01T06:52Z,6602,g95e5,1.835
2026-09-01T06:52Z,6602,gA,1.769
2026-09-01T06:52Z,6602,gP,1.859
2026-09-01T06:52Z,6602,g98e5,1.975
2026-09-01T06:52Z,6605,g95e5,1.815
2026-09-01T06:52Z,6605,gA,1.789
2026-09-01T06:52Z,6605,gP,1.879
2026-09-01T06:52Z,6605,g98e5,1.955
2026-09-01T06:52Z,6623,gA,1.854
2026-09-01T06:52Z,6625,g95e5,1.840
2026-09-01T06:52Z,6625,gA,1.889
2026-09-01T06:52Z,6625,gP,1.959
2026-09-01T06:52Z,6625,g98e5,1.965
2026-09-01T06:52Z,6639,g95e5,1.729
2026-09-01T06:52Z,6639,gA,1.739
2026-09-01T06:52Z,6639,g98e5,1.789
2026-09-01T06:52Z,6655,g95e5,1.839
2026-09-01T06:52Z,6655,gA,1.859
2026-09-01T06:52Z,6655,gP,1.919
2026-09-01T06:52Z,6655,g98e5,1.959
2026-09-01T06:52Z,6666,g95e5,1.800
2026-09-01T06:52Z,6666,gA,1.768
2026-09-01T06:52Z,6666,gP,1.878
2026-09-01T06:52Z,6666,g98e5,1.970
2026-09-01T06:52Z,6681,gA,1.794
2026-09-01T06:52Z,6693,g95e5,1.829
2026-09-01T06:52Z,6693,gA,1.919
2026-09-01T06:52Z,6693,g95e5p,1.879
2026-09-01T06:52Z,6693,gB,1.599
2026-09-01T06:52Z,6697,g95e5,1.730
2026-09-01T06:52Z,6697,gA,1.764
2026-09-01T06:52Z,6697,gP,1.780
2026-09-01T06:52Z,6699,gA,1.794
2026-09-01T06:52Z,6740,g95e5,1.839
2026-09-01T06:52Z,6740,gA,1.824
2026-09-01T06:52Z,6740,gP,1.874
2026-09-01T06:52Z,6740,g98e5,1.979
2026-09-01T06:52Z,6754,g95e5,1.729
2026-09-01T06:52Z,6754,gA,1.849
2026-09-01T06:52Z,6754,gP,1.949
2026-09-01T06:52Z,6754,g98e5,1.889
2026-09-01T06:52Z,6763,gA,1.909
2026-09-01T06:52Z,6763,gP,1.999
2026-09-01T06:52Z,6785,g95e5,1.869
2026-09-01T06:52Z,6785,gA,1.879
2026-09-01T06:52Z,6785,gP,1.959
2026-09-01T06:52Z,6785,gB,1.749
2026-09-01T06:52Z,6796,g95e5,1.796
2026-09-01T06:52Z,6796,gA,1.814
2026-09-01T06:52Z,6796,gP,1.924
2026-09-01T06:52Z,6821,g95e5,1.850
2026-09-01T06:52Z,6821,gA,1.868
2026-09-01T06:52Z,6821,g98e5,2.000
2026-09-01T06:52Z,6834,gA,1.779
2026-09-01T06:52Z,6834,gP,1.881
2026-09-01T06:52Z,6835,g95e5,1.839
2026-09-01T06:52Z,6835,gA,1.849
2026-09-01T06:52Z,6835,gP,1.949
2026-09-01T06:52Z,6844,gA,1.769
2026-09-01T06:52Z,6844,gP,1.859
2026-09-01T06:52Z,6861,gA,1.824
2026-09-01T06:52Z,6878,gA,1.889
2026-09-01T06:52Z,6878,gP,1.989
2026-09-01T06:52Z,6878,gB,1.609
2026-09-01T06:52Z,6880,g95e5,1.889
2026-09-01T06:52Z,6880,gA,1.879
2026-09-01T06:52Z,6889,g95e5,1.799
2026-09-01T06:52Z,6889,gA,1.809
2026-09-01T06:52Z,6889,gP,1.899
2026-09-01T06:52Z,6889,g98e5,1.939
2026-09-01T06:52Z,6929,g95e5,1.856
2026-09-01T06:52Z,6929,gA,1.838
2026-09-01T06:52Z,6945,g95e5,1.810
2026-09-01T06:52Z,6945,gA,1.774
2026-09-01T06:52Z,6945,g98e5,1.980
2026-09-01T06:52Z,6953,g95e5,1.879
2026-09-01T06:52Z,6953,gA,1.889
2026-09-01T06:52Z,6961,gA,1.858
2026-09-01T06:52Z,6972,gA,1.838
2026-09-01T06:52Z,6984,g95e5,1.845
2026-09-01T06:52Z,6984,gA,1.779
2026-09-01T06:52Z,6984,gP,1.869
2026-09-01T06:52Z,6987,g95e5,1.859
2026-09-01T06:52Z,6987,gA,1.819
2026-09-01T06:52Z,6987,gP,1.869
2026-09-01T06:52Z,6987,g95e5p,1.909
2026-09-01T06:52Z,6997,gA,1.759
2026-09-01T06:52Z,6997,gP,1.809
2026-09-01T06:52Z,7001,g95e5,1.899
2026-09-01T06:52Z,7001,gA,1.859
2026-09-01T06:52Z,7001,gP,1.959
2026-09-01T06:52Z,7011,g95e5,1.769
2026-09-01T06:52Z,7011,gA,1.719
2026-09-01T06:52Z,7011,gP,1.769
2026-09-01T06:52Z,7011,g95e5p,1.819
2026-09-01T06:52Z,7019,g95e5,1.759
2026-09-01T06:52Z,7019,gA,1.679
2026-09-01T06:52Z,7019,gP,1.739
2026-09-01T06:52Z,7043,g95e5,1.629
2026-09-01T06:52Z,7043,gA,1.678
2026-09-01T06:52Z,7043,gP,1.738
2026-09-01T06:52Z,7053,g95e5,1.862
2026-09-01T06:52Z,7053,gA,1.855
2026-09-01T06:52Z,7053,gP,1.945
2026-09-01T06:52Z,7053,g95e5p,1.969
2026-09-01T06:52Z,7054,g95e5,1.865
2026-09-01T06:52Z,7054,g95e5p,1.950
2026-09-01T06:52Z,7063,g95e5,1.759
2026-09-01T06:52Z,7063,gA,1.719
2026-09-01T06:52Z,7063,gP,1.769
2026-09-01T06:52Z,7063,g98e5,1.879
2026-09-01T06:52Z,7064,gA,1.799
2026-09-01T06:52Z,7064,gP,1.849
2026-09-01T06:52Z,7065,gA,1.834
2026-09-01T06:52Z,7065,gP,1.884
2026-09-01T06:52Z,7067,g95e5,1.769
2026-09-01T06:52Z,7067,gA,1.829
2026-09-01T06:52Z,7067,gP,1.879
2026-09-01T06:52Z,7068,gA,1.864
2026-09-01T06:52Z,7068,gP,1.954
2026-09-01T06:52Z,7069,gA,1.824
2026-09-01T06:52Z,7069,gP,1.874
2026-09-01T06:52Z,7071,gA,1.809
2026-09-01T06:52Z,7071,gP,1.859
2026-09-01T06:52Z,7071,g98e5,1.899
2026-09-01T06:52Z,7071,g95e5p,1.899
2026-09-01T06:52Z,7078,g95e5,1.849
2026-09-01T06:52Z,7078,gA,1.849
2026-09-01T06:52Z,7078,g98e5,1.989
2026-09-01T06:52Z,7086,gA,1.844
2026-09-01T06:52Z,7089,gA,1.828
2026-09-01T06:52Z,7092,g95e5,1.899
2026-09-01T06:52Z,7092,gA,1.827
2026-09-01T06:52Z,7096,g95e5,1.829
2026-09-01T06:52Z,7096,gA,1.838
2026-09-01T06:52Z,7096,gP,1.918
2026-09-01T06:52Z,7096,gB,1.729
2026-09-01T06:52Z,7114,g95e5,1.834
2026-09-01T06:52Z,7114,gA,1.844
2026-09-01T06:52Z,7114,gP,1.914
2026-09-01T06:52Z,7120,g95e5,1.826
2026-09-01T06:52Z,7120,gA,1.818
2026-09-01T06:52Z,7134,gA,1.818
2026-09-01T06:52Z,7137,g95e5,1.880
2026-09-01T06:52Z,7137,gA,1.858
2026-09-01T06:52Z,7137,gP,1.928
2026-09-01T06:52Z,7137,g98e5,2.010
2026-09-01T06:52Z,7152,g95e5,1.839
2026-09-01T06:52Z,7152,gA,1.835
2026-09-01T06:52Z,7152,gP,1.935
2026-09-01T06:52Z,7152,g98e5,1.959
2026-09-01T06:52Z,7170,g95e5,1.869
2026-09-01T06:52Z,7170,gA,1.858
2026-09-01T06:52Z,7170,gP,1.969
2026-09-01T06:52Z,7170,g98e5,2.009
2026-09-01T06:52Z,7191,g95e5,1.869
2026-09-01T06:52Z,7191,gA,1.794
2026-09-01T06:52Z,7191,gP,1.844
2026-09-01T06:52Z,7191,g95e5p,1.919
2026-09-01T06:52Z,7200,g95e5,1.919
2026-09-01T06:52Z,7200,gA,1.839
2026-09-01T06:52Z,7200,gP,1.939
2026-09-01T06:52Z,7206,g95e5,1.689
2026-09-01T06:52Z,7206,gA,1.749
2026-09-01T06:52Z,7217,gA,1.759
2026-09-01T06:52Z,7240,gA,1.854
2026-09-01T06:52Z,7256,g95e5,1.839
2026-09-01T06:52Z,7256,gA,1.849
2026-09-01T06:52Z,7256,gP,1.939
2026-09-01T06:52Z,7256,g98e5,1.979
2026-09-01T06:52Z,7260,g95e5,1.839
2026-09-01T06:52Z,7260,gA,1.829
2026-09-01T06:52Z,7260,gP,1.919
2026-09-01T06:52Z,7260,g98e5,1.979
2026-09-01T06:52Z,7278,g95e5,1.689
2026-09-01T06:52Z,7278,gA,1.705
2026-09-01T06:52Z,7278,gP,1.785
2026-09-01T06:52Z,7297,g95e5,1.919
2026-09-01T06:52Z,7297,gA,1.919
2026-09-01T06:52Z,7297,gP,1.979
2026-09-01T06:52Z,7297,g95e5p,2.029
2026-09-01T06:52Z,7299,g95e5,1.789
2026-09-01T06:52Z,7299,gA,1.879
2026-09-01T06:52Z,7303,g95e5,1.799
2026-09-01T06:52Z,7303,gA,1.949
2026-09-01T06:52Z,7303,gP,2.044
2026-09-01T06:52Z,7304,g95e5,1.799
2026-09-01T06:52Z,7304,gA,1.949
2026-09-01T06:52Z,7304,g98e5,1.894
2026-09-01T06:52Z,7305,g95e5,1.799
2026-09-01T06:52Z,7305,gA,1.949
2026-09-01T06:52Z,7305,gP,2.044
2026-09-01T06:52Z,7305,g98e5,1.894
2026-09-01T06:52Z,7314,g95e5,1.865
2026-09-01T06:52Z,7314,gA,1.858
2026-09-01T06:52Z,7314,gP,1.948
2026-09-01T06:52Z,7314,g95e5p,1.969
2026-09-01T06:52Z,7335,gA,1.829
2026-09-01T06:52Z,7335,gP,1.879
2026-09-01T06:52Z,7387,g95e5,1.829
2026-09-01T06:52Z,7387,gA,1.819
2026-09-01T06:52Z,7420,g95e5,1.886
2026-09-01T06:52Z,7421,gA,1.838
2026-09-01T06:52Z,7426,gA,1.854
2026-09-01T06:52Z,7439,gA,1.854
2026-09-01T06:52Z,7453,g95e5,1.819
2026-09-01T06:52Z,7453,gA,1.839
2026-09-01T06:52Z,7453,gP,1.929
2026-09-01T06:52Z,7453,g98e5,1.959
2026-09-01T06:52Z,7454,g95e5,1.759
2026-09-01T06:52Z,7454,gA,1.739
2026-09-01T06:52Z,7455,gA,1.824
2026-09-01T06:52Z,7455,gP,1.874
2026-09-01T06:52Z,7458,gA,1.819
2026-09-01T06:52Z,7458,gP,1.909
2026-09-01T06:52Z,7461,gA,1.848
2026-09-01T06:52Z,7461,gP,1.928
2026-09-01T06:52Z,7468,gA,1.859
2026-09-01T06:52Z,7468,gP,1.949
2026-09-01T06:52Z,7469,g95e5,1.779
2026-09-01T06:52Z,7469,gA,1.809
2026-09-01T06:52Z,7469,gP,1.859
2026-09-01T06:52Z,7469,g98e5,1.919
2026-09-01T06:52Z,7470,g95e5,1.629
2026-09-01T06:52Z,7470,gA,1.589
2026-09-01T06:52Z,7534,g95e5,1.869
2026-09-01T06:52Z,7534,gA,1.869
2026-09-01T06:52Z,7534,gP,1.949
2026-09-01T06:52Z,7534,g98e5,2.049
2026-09-01T06:52Z,7543,g95e5,1.828
2026-09-01T06:52Z,7543,gA,1.898
2026-09-01T06:52Z,7543,gP,1.978
2026-09-01T06:52Z,7543,gB,1.689
2026-09-01T06:52Z,7546,g95e5,1.859
2026-09-01T06:52Z,7546,gA,1.859
2026-09-01T06:52Z,7546,gP,1.919
2026-09-01T06:52Z,7546,g98e5,2.029
2026-09-01T06:52Z,7551,gA,1.884
2026-09-01T06:52Z,7587,g95e5,1.879
2026-09-01T06:52Z,7587,gA,1.909
2026-09-01T06:52Z,7587,gP,1.969
2026-09-01T06:52Z,7587,g98e5,2.069
2026-09-01T06:52Z,7590,g95e5,1.699
2026-09-01T06:52Z,7590,gA,1.669
2026-09-01T06:52Z,7590,gP,1.719
2026-09-01T06:52Z,7594,g95e5,1.834
2026-09-01T06:52Z,7594,gA,1.754
2026-09-01T06:52Z,7594,gP,1.804
2026-09-01T06:52Z,7594,g95e5p,1.884
2026-09-01T06:52Z,7608,g95e5,1.834
2026-09-01T06:52Z,7608,gA,1.754
2026-09-01T06:52Z,7608,gP,1.804
2026-09-01T06:52Z,7608,g95e5p,1.884
2026-09-01T06:52Z,7612,gA,1.749
2026-09-01T06:52Z,7612,gP,1.799
2026-09-01T06:52Z,7702,gA,1.549
2026-09-01T06:52Z,7707,gA,1.559
2026-09-01T06:52Z,7713,gA,1.589
2026-09-01T06:52Z,7759,g95e5,1.859
2026-09-01T06:52Z,7759,gA,1.829
2026-09-01T06:52Z,7759,gP,1.939
2026-09-01T06:52Z,7759,g98e5,2.039
2026-09-01T06:52Z,7834,g95e5,1.399
2026-09-01T06:52Z,7834,gA,1.509
2026-09-01T06:52Z,7834,gP,1.615
2026-09-01T06:52Z,7834,g98e5,1.529
2026-09-01T06:52Z,7991,gA,1.789
2026-09-01T06:52Z,7991,gP,1.879
2026-09-01T06:52Z,8025,g95e5,1.799
2026-09-01T06:52Z,8025,gA,1.929
2026-09-01T06:52Z,8025,gP,1.999
2026-09-01T06:52Z,8025,g98e5,1.949
2026-09-01T06:52Z,8057,gA,1.865
2026-09-01T06:52Z,8057,gP,1.955
2026-09-01T06:52Z,8072,g95e5,1.688
2026-09-01T06:52Z,8072,gA,1.668
2026-09-01T06:52Z,8072,g98e5,1.838
2026-09-01T06:52Z,8072,gB,1.398
2026-09-01T06:52Z,8088,gA,1.848
2026-09-01T06:52Z,8101,gA,1.888
2026-09-01T06:52Z,8101,gP,1.978
2026-09-01T06:52Z,8112,g95e5,1.842
2026-09-01T06:52Z,8112,gA,1.773
2026-09-01T06:52Z,8112,gP,1.807
2026-09-01T06:52Z,8112,g98e5,1.919
2026-09-01T06:52Z,8124,g95e5,1.819
2026-09-01T06:52Z,8124,gA,1.779
2026-09-01T06:52Z,8124,gP,1.879
2026-09-01T06:52Z,8124,g98e5,1.939
2026-09-01T06:52Z,8143,g95e5,1.819
2026-09-01T06:52Z,8143,gA,1.919
2026-09-01T06:52Z,8149,gP,1.849
2026-09-01T06:52Z,8160,g95e5,1.844
2026-09-01T06:52Z,8160,gA,1.869
2026-09-01T06:52Z,8160,gB,1.699
2026-09-01T06:52Z,8202,g95e5,1.689
2026-09-01T06:52Z,8202,gA,1.659
2026-09-01T06:52Z,8202,g98e5,1.829
2026-09-01T06:52Z,8225,g95e5,1.859
2026-09-01T06:52Z,8225,gA,1.799
2026-09-01T06:52Z,8225,gP,1.859
2026-09-01T06:52Z,8225,g98e5,1.999
2026-09-01T06:52Z,8253,gA,1.798
2026-09-01T06:52Z,8258,g95e5,1.730
2026-09-01T06:52Z,8258,gA,1.740
2026-09-01T06:52Z,8274,gA,1.824
2026-09-01T06:52Z,8294,g95e5,1.864
2026-09-01T06:52Z,8294,gA,1.834
2026-09-01T06:52Z,8294,gP,1.884
2026-09-01T06:52Z,8294,g98e5,2.004
2026-09-01T06:52Z,8299,g95e5,1.879
2026-09-01T06:52Z,8299,gA,1.799
2026-09-01T06:52Z,8299,gP,1.869
2026-09-01T06:52Z,8299,g98e5,2.009
2026-09-01T06:52Z,8301,g95e5,1.789
2026-09-01T06:52Z,8301,gA,1.799
2026-09-01T06:52Z,8301,gP,1.889
2026-09-01T06:52Z,8301,g98e5,1.929
2026-09-01T06:52Z,8304,g95e5,1.879
2026-09-01T06:52Z,8304,gA,1.779
2026-09-01T06:52Z,8304,gP,1.869
2026-09-01T06:52Z,8304,g98e5,1.999
2026-09-01T06:52Z,8305,g95e5,1.879
2026-09-01T06:52Z,8305,gA,1.779
2026-09-01T06:52Z,8305,gP,1.869
2026-09-01T06:52Z,8305,g98e5,1.999
2026-09-01T06:52Z,8306,g95e5,1.866
2026-09-01T06:52Z,8306,gA,1.778
2026-09-01T06:52Z,8306,gP,1.898
2026-09-01T06:52Z,8306,g98e5,2.036
2026-09-01T06:52Z,8327,g95e5,1.859
2026-09-01T06:52Z,8327,gA,1.968
2026-09-01T06:52Z,8327,gP,2.019
2026-09-01T06:52Z,8327,g98e5,1.989
2026-09-01T06:52Z,8369,g95e5,1.809
2026-09-01T06:52Z,8369,gA,1.779
2026-09-01T06:52Z,8369,g98e5,1.989
2026-09-01T06:52Z,8369,gB,1.729
2026-09-01T06:52Z,8407,g95e5,1.889
2026-09-01T06:52Z,8407,gA,1.819
2026-09-01T06:52Z,8407,gP,1.921
2026-09-01T06:52Z,8407,g98e5,2.032
2026-09-01T06:52Z,8432,g95e5,1.730
2026-09-01T06:52Z,8432,gA,1.740
2026-09-01T06:52Z,8432,gP,1.780
2026-09-01T06:52Z,8482,gA,1.791
2026-09-01T06:52Z,8482,gP,1.879
2026-09-01T06:52Z,8504,g95e5,1.789
2026-09-01T06:52Z,8504,gA,1.699
2026-09-01T06:52Z,8504,gP,1.699
2026-09-01T06:52Z,8504,g95e5p,1.789
2026-09-01T06:52Z,8505,g95e5,1.895
2026-09-01T06:52Z,8505,gA,1.828
2026-09-01T06:52Z,8505,gP,1.918
2026-09-01T06:52Z,8505,g98e5,2.045
2026-09-01T06:52Z,8506,g95e5,1.895
2026-09-01T06:52Z,8506,gA,1.828
2026-09-01T06:52Z,8506,gP,1.918
2026-09-01T06:52Z,8506,g98e5,2.045
2026-09-01T06:52Z,8544,g95e5,1.869
2026-09-01T06:52Z,8544,gA,1.799
2026-09-01T06:52Z,8544,gP,1.889
2026-09-01T06:52Z,8544,g98e5,1.959
2026-09-01T06:52Z,8545,g95e5,1.869
2026-09-01T06:52Z,8545,gA,1.799
2026-09-01T06:52Z,8545,gP,1.889
2026-09-01T06:52Z,8545,g98e5,1.959
2026-09-01T06:52Z,8576,g95e5,1.789
2026-09-01T06:52Z,8576,gA,1.679
2026-09-01T06:52Z,8577,g95e5,1.789
2026-09-01T06:52Z,8577,gA,1.679
2026-09-01T06:52Z,8728,gA,1.559
2026-09-01T06:52Z,8738,gP,1.569
2026-09-01T06:52Z,8738,g98e5,1.469
2026-09-01T06:52Z,8920,gA,1.850
2026-09-01T06:52Z,8920,gP,1.910
2026-09-01T06:52Z,8980,gA,1.809
2026-09-01T06:52Z,9002,g95e5,1.659
2026-09-01T06:52Z,9002,gA,1.579
2026-09-01T06:52Z,9056,gA,1.799
2026-09-01T06:52Z,9056,gP,1.849
2026-09-01T06:52Z,9102,g95e5,1.829
2026-09-01T06:52Z,9102,gA,1.769
2026-09-01T06:52Z,9102,gP,1.819
2026-09-01T06:52Z,9102,g95e5p,1.879
2026-09-01T06:52Z,9135,g95e5,1.839
2026-09-01T06:52Z,9135,gA,1.849
2026-09-01T06:52Z,9135,gP,1.939
2026-09-01T06:52Z,9135,g98e5,1.979
2026-09-01T06:52Z,9136,g95e5,1.839
2026-09-01T06:52Z,9136,gA,1.849
2026-09-01T06:52Z,9136,gP,1.939
2026-09-01T06:52Z,9136,g98e5,1.979
2026-09-01T06:52Z,9137,g95e5,1.839
2026-09-01T06:52Z,9137,gA,1.849
2026-09-01T06:52Z,9137,gP,1.939
2026-09-01T06:52Z,9137,g98e5,1.979
2026-09-01T06:52Z,9138,g95e5,1.839
2026-09-01T06:52Z,9138,gA,1.849
2026-09-01T06:52Z,9138,gP,1.939
2026-09-01T06:52Z,9138,g98e5,1.979
2026-09-01T06:52Z,9140,g95e5,1.839
2026-09-01T06:52Z,9140,gA,1.849
2026-09-01T06:52Z,9140,gP,1.939
2026-09-01T06:52Z,9140,g98e5,1.979
2026-09-01T06:52Z,9142,g95e5,1.839
2026-09-01T06:52Z,9142,gA,1.849
2026-09-01T06:52Z,9142,gP,1.939
2026-09-01T06:52Z,9142,g98e5,1.979
2026-09-01T06:52Z,9143,g95e5,1.839
2026-09-01T06:52Z,9143,gA,1.849
2026-09-01T06:52Z,9143,gP,1.939
2026-09-01T06:52Z,9143,g98e5,1.979
2026-09-01T06:52Z,9160,gA,1.779
2026-09-01T06:52Z,9160,gP,1.829
2026-09-01T06:52Z,9225,g95e5,1.849
2026-09-01T06:52Z,9225,gA,1.799
2026-09-01T06:52Z,9225,g98e5,1.989
2026-09-01T06:52Z,9259,g95e5,1.799
2026-09-01T06:52Z,9259,gA,1.789
2026-09-01T06:52Z,9259,gP,1.891
2026-09-01T06:52Z,9259,g98e5,1.941
2026-09-01T06:52Z,9270,g95e5,1.389
2026-09-01T06:52Z,9270,gA,1.489
2026-09-01T06:52Z,9270,gP,1.589
2026-09-01T06:52Z,9289,gA,1.915
2026-09-01T06:52Z,9289,gP,1.935
2026-09-01T06:52Z,9299,g95e5,1.879
2026-09-01T06:52Z,9299,gA,1.829
2026-09-01T06:52Z,9299,gP,1.949
2026-09-01T06:52Z,9344,g95e5,1.824
2026-09-01T06:52Z,9344,gA,1.819
2026-09-01T06:52Z,9344,gP,1.869
2026-09-01T06:52Z,9344,g95e5p,1.874
2026-09-01T06:52Z,9347,g95e5,1.849
2026-09-01T06:52Z,9347,gA,1.849
2026-09-01T06:52Z,9347,gP,1.899
2026-09-01T06:52Z,9347,g95e5p,1.899
2026-09-01T06:52Z,9377,gA,1.699
2026-09-01T06:52Z,9377,gP,1.799
2026-09-01T06:52Z,9383,g95e5,1.929
2026-09-01T06:52Z,9383,gA,1.899
2026-09-01T06:52Z,9383,gP,1.999
2026-09-01T06:52Z,9383,g98e5,2.029
2026-09-01T06:52Z,9395,g95e5,1.855
2026-09-01T06:52Z,9395,gA,1.855
2026-09-01T06:52Z,9395,g98e5,1.985
2026-09-01T06:52Z,9455,g95e5,1.849
2026-09-01T06:52Z,9455,gA,1.869
2026-09-01T06:52Z,9455,gP,1.919
2026-09-01T06:52Z,9455,g98e5,1.949
2026-09-01T06:52Z,9462,g95e5,1.859
2026-09-01T06:52Z,9462,gA,1.849
2026-09-01T06:52Z,9462,gP,1.969
2026-09-01T06:52Z,9462,g98e5,1.969
2026-09-01T06:52Z,9464,gA,1.634
2026-09-01T06:52Z,9479,g95e5,1.785
2026-09-01T06:52Z,9479,gA,1.769
2026-09-01T06:52Z,9479,gP,1.859
2026-09-01T06:52Z,9479,g98e5,1.925
2026-09-01T06:52Z,9520,g95e5,1.879
2026-09-01T06:52Z,9520,gA,1.784
2026-09-01T06:52Z,9520,gP,1.874
2026-09-01T06:52Z,9522,gA,1.690
2026-09-01T06:52Z,9544,g95e5,1.749
2026-09-01T06:52Z,9544,gA,1.719
2026-09-01T06:52Z,9564,g95e5,1.789
2026-09-01T06:52Z,9564,gA,1.679
2026-09-01T06:52Z,9564,gP,1.679
2026-09-01T06:52Z,9564,g95e5p,1.789
2026-09-01T06:52Z,9676,gA,1.778
2026-09-01T06:52Z,9676,gB,1.639
2026-09-01T06:52Z,9684,g95e5,1.856
2026-09-01T06:52Z,9684,gA,1.858
2026-09-01T06:52Z,9684,gP,1.908
2026-09-01T06:52Z,9708,gA,1.824
2026-09-01T06:52Z,9734,g95e5,1.789
2026-09-01T06:52Z,9734,gA,1.839
2026-09-01T06:52Z,9734,gP,1.929
2026-09-01T06:52Z,9755,g95e5,1.739
2026-09-01T06:52Z,9868,g95e5,1.759
2026-09-01T06:52Z,9868,gA,1.839
2026-09-01T06:52Z,9868,gP,1.899
2026-09-01T06:52Z,9868,g98e5,1.899
2026-09-01T06:52Z,9881,g95e5,1.859
2026-09-01T06:52Z,9881,gA,1.919
2026-09-01T06:52Z,9881,g98e5,1.999
2026-09-01T06:52Z,9884,g95e5,1.769
2026-09-01T06:52Z,9884,gA,1.699
2026-09-01T06:52Z,9884,gP,1.729
2026-09-01T06:52Z,9884,g98e5,1.799
2026-09-01T06:52Z,9915,g95e5,1.879
2026-09-01T06:52Z,9915,gA,1.784
2026-09-01T06:52Z,9915,gP,1.874
2026-09-01T06:52Z,9918,g95e5,1.801
2026-09-01T06:52Z,9918,gA,1.730
2026-09-01T06:52Z,9930,g95e5,1.999
2026-09-01T06:52Z,9930,gA,1.899
2026-09-01T06:52Z,9930,g98e5,2.139
2026-09-01T06:52Z,10002,g95e5,1.829
2026-09-01T06:52Z,10002,gA,1.789
2026-09-01T06:52Z,10002,gP,1.899
2026-09-01T06:52Z,10002,gB,1.599
2026-09-01T06:52Z,10031,g95e5,1.829
2026-09-01T06:52Z,10031,g98e5,1.949
2026-09-01T06:52Z,10031,gB,1.639
2026-09-01T06:52Z,10055,g95e5,1.865
2026-09-01T06:52Z,10055,gA,1.828
2026-09-01T06:52Z,10055,gP,1.898
2026-09-01T06:52Z,10055,g98e5,1.975
2026-09-01T06:52Z,10068,g95e5,1.859
2026-09-01T06:52Z,10068,gA,1.809
2026-09-01T06:52Z,10068,gP,1.929
2026-09-01T06:52Z,10068,g98e5,1.959
2026-09-01T06:52Z,10078,g95e5,1.915
2026-09-01T06:52Z,10078,gA,1.845
2026-09-01T06:52Z,10078,gP,1.935
2026-09-01T06:52Z,10078,g98e5,2.055
2026-09-01T06:52Z,10085,g95e5,1.359
2026-09-01T06:52Z,10085,gA,1.489
2026-09-01T06:52Z,10085,gP,1.609
2026-09-01T06:52Z,10085,g98e5,1.489
2026-09-01T06:52Z,10090,g95e5,1.819
2026-09-01T06:52Z,10090,gA,1.759
2026-09-01T06:52Z,10121,g95e5,1.629
2026-09-01T06:52Z,10121,gA,1.685
2026-09-01T06:52Z,10240,g95e5,1.879
2026-09-01T06:52Z,10240,gA,1.829
2026-09-01T06:52Z,10240,gP,1.939
2026-09-01T06:52Z,10244,g95e5,1.789
2026-09-01T06:52Z,10244,gA,1.679
2026-09-01T06:52Z,10244,gP,1.679
2026-09-01T06:52Z,10252,gA,1.834
2026-09-01T06:52Z,10298,g95e5,1.789
2026-09-01T06:52Z,10298,gA,1.789
2026-09-01T06:52Z,10298,gP,1.891
2026-09-01T06:52Z,10298,g98e5,1.941
2026-09-01T06:52Z,10358,g95e5,1.789
2026-09-01T06:52Z,10358,gA,1.899
2026-09-01T06:52Z,10368,g95e5,1.930
2026-09-01T06:52Z,10393,g95e5,1.689
2026-09-01T06:52Z,10393,gA,1.749
2026-09-01T06:52Z,10556,g95e5,1.834
2026-09-01T06:52Z,10556,gA,1.764
2026-09-01T06:52Z,10556,gP,1.814
2026-09-01T06:52Z,10556,g95e5p,1.884
2026-09-01T06:52Z,10575,g95e5,1.859
2026-09-01T06:52Z,10575,gA,1.939
2026-09-01T06:52Z,10575,gP,2.019
2026-09-01T06:52Z,10575,g98e5,2.019
2026-09-01T06:52Z,10603,g95e5,1.869
2026-09-01T06:52Z,10603,gA,1.829
2026-09-01T06:52Z,10603,gP,1.949
2026-09-01T06:52Z,10603,g98e5,1.999
2026-09-01T06:52Z,10603,gB,1.559
2026-09-01T06:52Z,10630,g95e5,1.859
2026-09-01T06:52Z,10630,gA,1.849
2026-09-01T06:52Z,10630,gP,1.919
2026-09-01T06:52Z,10633,gA,1.569
2026-09-01T06:52Z,10647,g95e5,1.794
2026-09-01T06:52Z,10647,gA,1.744
2026-09-01T06:52Z,10647,gP,1.794
2026-09-01T06:52Z,10647,g98e5,1.934
2026-09-01T06:52Z,10745,g95e5,1.839
2026-09-01T06:52Z,10745,gA,1.815
2026-09-01T06:52Z,10745,gP,1.905
2026-09-01T06:52Z,10745,g98e5,1.979
2026-09-01T06:52Z,10815,g95e5,1.849
2026-09-01T06:52Z,10815,gA,1.839
2026-09-01T06:52Z,10815,gP,1.941
2026-09-01T06:52Z,10815,g98e5,1.991
2026-09-01T06:52Z,10817,gA,1.859
2026-09-01T06:52Z,10817,gP,1.949
2026-09-01T06:52Z,10823,g95e5,1.849
2026-09-01T06:52Z,10823,gA,1.859
2026-09-01T06:52Z,10823,gP,1.949
2026-09-01T06:52Z,10823,gB,1.479
2026-09-01T06:52Z,10827,g95e5,1.869
2026-09-01T06:52Z,10827,gA,1.929
2026-09-01T06:52Z,10827,gP,1.999
2026-09-01T06:52Z,10827,g98e5,2.049
2026-09-01T06:52Z,10839,g95e5,1.849
2026-09-01T06:52Z,10839,gA,1.939
2026-09-01T06:52Z,10839,gP,2.039
2026-09-01T06:52Z,10839,g98e5,1.979
2026-09-01T06:52Z,10839,glp,1.169
2026-09-01T06:52Z,10842,g95e5,1.459
2026-09-01T06:52Z,10862,g95e5,1.896
2026-09-01T06:52Z,10862,gA,1.804
2026-09-01T06:52Z,10896,g95e5,1.889
2026-09-01T06:52Z,10896,gA,1.839
2026-09-01T06:52Z,10896,bio,1.829
2026-09-01T06:52Z,10914,g95e5,1.909
2026-09-01T06:52Z,10914,gA,1.819
2026-09-01T06:52Z,10921,g95e5,1.789
2026-09-01T06:52Z,10921,gA,1.829
2026-09-01T06:52Z,10921,gP,1.909
2026-09-01T06:52Z,10924,g95e5,1.399
2026-09-01T06:52Z,10924,gA,1.499
2026-09-01T06:52Z,10924,gP,1.595
2026-09-01T06:52Z,10924,g98e5,1.529
2026-09-01T06:52Z,10979,g95e5,1.789
2026-09-01T06:52Z,10979,gA,1.839
2026-09-01T06:52Z,10979,gP,1.929
2026-09-01T06:52Z,10979,g98e5,1.929
2026-09-01T06:52Z,11009,g95e5,1.719
2026-09-01T06:52Z,11009,gA,1.579
2026-09-01T06:52Z,11009,gP,1.589
2026-09-01T06:52Z,11009,g98e5,1.789
2026-09-01T06:52Z,11020,g95e5,1.759
2026-09-01T06:52Z,11020,gA,1.689
2026-09-01T06:52Z,11020,gP,1.699
2026-09-01T06:52Z,11031,g95e5,1.789
2026-09-01T06:52Z,11031,gA,1.849
2026-09-01T06:52Z,11031,gP,1.939
2026-09-01T06:52Z,11031,g98e5,1.929
2026-09-01T06:52Z,11046,g95e5,1.635
2026-09-01T06:52Z,11046,gA,1.735
2026-09-01T06:52Z,11046,gP,1.775
2026-09-01T06:52Z,11084,gA,1.854
2026-09-01T06:52Z,11085,g95e5,1.659
2026-09-01T06:52Z,11085,gA,1.579
2026-09-01T06:52Z,11093,gA,1.729
2026-09-01T06:52Z,11106,g95e5,1.888
2026-09-01T06:52Z,11106,g98e5,1.999
2026-09-01T06:52Z,11121,g95e5,1.818
2026-09-01T06:52Z,11121,gA,1.838
2026-09-01T06:52Z,11121,g98e5,2.006
2026-09-01T06:52Z,11136,g95e5,1.869
2026-09-01T06:52Z,11136,gA,1.799
2026-09-01T06:52Z,11180,g95e5,1.800
2026-09-01T06:52Z,11180,gA,1.790
2026-09-01T06:52Z,11180,gB,1.590
2026-09-01T06:52Z,11208,g95e5,1.866
2026-09-01T06:52Z,11208,gA,1.778
2026-09-01T06:52Z,11223,g95e5,1.733
2026-09-01T06:52Z,11223,gA,1.683
2026-09-01T06:52Z,11223,gP,1.773
2026-09-01T06:52Z,11228,g95e5,1.879
2026-09-01T06:52Z,11228,gA,1.839
2026-09-01T06:52Z,11228,gP,1.889
2026-09-01T06:52Z,11228,g95e5p,1.929
2026-09-01T06:52Z,11255,g95e5,1.849
2026-09-01T06:52Z,11255,gA,1.809
2026-09-01T06:52Z,11255,gP,1.899
2026-09-01T06:52Z,11292,g95e5,1.899
2026-09-01T06:52Z,11292,gA,1.829
2026-09-01T06:52Z,11292,gP,1.939
2026-09-01T06:52Z,11292,g98e5,1.999
2026-09-01T06:52Z,11305,g95e5,1.914
2026-09-01T06:52Z,11305,gA,1.804
2026-09-01T06:52Z,11305,gP,1.894
2026-09-01T06:52Z,11305,g98e5,2.034
2026-09-01T06:52Z,11306,g95e5,1.914
2026-09-01T06:52Z,11306,gA,1.804
2026-09-01T06:52Z,11306,gP,1.894
2026-09-01T06:52Z,11306,g98e5,2.034
2026-09-01T06:52Z,11313,g95e5,1.679
2026-09-01T06:52Z,11313,gA,1.639
2026-09-01T06:52Z,11316,g95e5,1.829
2026-09-01T06:52Z,11316,gA,1.829
2026-09-01T06:52Z,11316,gP,1.879
2026-09-01T06:52Z,11316,g98e5,1.989
2026-09-01T06:52Z,11322,g95e5,1.899
2026-09-01T06:52Z,11322,gA,1.899
2026-09-01T06:52Z,11322,gP,1.999
2026-09-01T06:52Z,11322,g98e5,1.999
2026-09-01T06:52Z,11327,g95e5,1.819
2026-09-01T06:52Z,11327,gA,1.809
2026-09-01T06:52Z,11327,gP,1.859
2026-09-01T06:52Z,11327,g95e5p,1.869
2026-09-01T06:52Z,11330,gA,1.619
2026-09-01T06:52Z,11331,gA,1.869
2026-09-01T06:52Z,11331,gP,1.919
2026-09-01T06:52Z,11332,g95e5,1.815
2026-09-01T06:52Z,11332,gA,1.818
2026-09-01T06:52Z,11332,gP,1.888
2026-09-01T06:52Z,11337,g95e5,1.829
2026-09-01T06:52Z,11337,gA,1.679
2026-09-01T06:52Z,11337,gP,1.729
2026-09-01T06:52Z,11337,g95e5p,1.879
2026-09-01T06:52Z,11349,gA,1.749
2026-09-01T06:52Z,11386,gA,1.678
2026-09-01T06:52Z,11386,gP,1.728
2026-09-01T06:52Z,11422,g95e5,1.845
2026-09-01T06:52Z,11422,gA,1.779
2026-09-01T06:52Z,11422,gP,1.869
2026-09-01T06:52Z,11422,g98e5,1.985
2026-09-01T06:52Z,11425,g95e5,1.799
2026-09-01T06:52Z,11425,gA,1.809
2026-09-01T06:52Z,11425,gP,1.869
2026-09-01T06:52Z,11425,g98e5,1.919
2026-09-01T06:52Z,11428,gA,1.794
2026-09-01T06:52Z,11435,g95e5,1.869
2026-09-01T06:52Z,11435,gA,1.799
2026-09-01T06:52Z,11491,g95e5,1.899
2026-09-01T06:52Z,11491,gA,1.899
2026-09-01T06:52Z,11491,g98e5,2.129
2026-09-01T06:52Z,11537,gA,1.779
2026-09-01T06:52Z,11542,gA,1.814
2026-09-01T06:52Z,11542,gP,1.904
2026-09-01T06:52Z,11553,g95e5,1.799
2026-09-01T06:52Z,11553,gA,1.794
2026-09-01T06:52Z,11553,gP,1.844
2026-09-01T06:52Z,11553,g98e5,1.929
2026-09-01T06:52Z,11560,gA,1.844
2026-09-01T06:52Z,11593,gA,1.854
2026-09-01T06:52Z,11595,g95e5,1.659
2026-09-01T06:52Z,11595,gA,1.539
2026-09-01T06:52Z,11595,gP,1.589
2026-09-01T06:52Z,11595,g98e5,1.779
2026-09-01T06:52Z,11597,g95e5,1.879
2026-09-01T06:52Z,11597,gA,1.809
2026-09-01T06:52Z,11597,gP,1.899
2026-09-01T06:52Z,11597,g98e5,1.999
2026-09-01T06:52Z,11598,g95e5,1.879
2026-09-01T06:52Z,11598,gA,1.809
2026-09-01T06:52Z,11598,gP,1.899
2026-09-01T06:52Z,11598,g98e5,1.999
2026-09-01T06:52Z,11620,gA,1.779
2026-09-01T06:52Z,11620,gP,1.779
2026-09-01T06:52Z,11640,gA,1.569
2026-09-01T06:52Z,11652,g95e5,1.749
2026-09-01T06:52Z,11652,g95e5p,1.749
2026-09-01T06:52Z,11669,gA,1.864
2026-09-01T06:52Z,11721,g95e5,1.349
2026-09-01T06:52Z,11721,gA,1.469
2026-09-01T06:52Z,11721,gP,1.549
2026-09-01T06:52Z,11721,g98e5,1.479
2026-09-01T06:52Z,11723,g95e5,1.840
2026-09-01T06:52Z,11723,gA,1.798
2026-09-01T06:52Z,11723,gP,1.918
2026-09-01T06:52Z,11723,g98e5,2.010
2026-09-01T06:52Z,11726,g95e5,1.899
2026-09-01T06:52Z,11726,gA,1.829
2026-09-01T06:52Z,11726,gP,1.999
2026-09-01T06:52Z,11726,g98e5,1.999
2026-09-01T06:52Z,11726,gB,1.649
2026-09-01T06:52Z,11752,gA,1.759
2026-09-01T06:52Z,11761,g95e5,1.799
2026-09-01T06:52Z,11761,gA,1.784
2026-09-01T06:52Z,11761,gP,1.834
2026-09-01T06:52Z,11761,g95e5p,1.849
2026-09-01T06:52Z,11788,g95e5,1.899
2026-09-01T06:52Z,11788,gA,1.799
2026-09-01T06:52Z,11788,gP,1.899
2026-09-01T06:52Z,11788,g98e5,1.999
2026-09-01T06:52Z,11788,gB,1.599
2026-09-01T06:52Z,11793,g95e5,1.755
2026-09-01T06:52Z,11793,gA,1.715
2026-09-01T06:52Z,11793,gP,1.815
2026-09-01T06:52Z,11797,g95e5,1.809
2026-09-01T06:52Z,11797,gA,1.829
2026-09-01T06:52Z,11797,g98e5,1.976
2026-09-01T06:52Z,11808,g95e5,1.879
2026-09-01T06:52Z,11808,gA,1.806
2026-09-01T06:52Z,11808,gP,1.959
2026-09-01T06:52Z,11808,gB,1.769
2026-09-01T06:52Z,11822,g95e5,1.899
2026-09-01T06:52Z,11822,gA,1.879
2026-09-01T06:52Z,11822,gP,1.929
2026-09-01T06:52Z,11822,g95e5p,1.939
2026-09-01T06:52Z,11825,g95e5,1.880
2026-09-01T06:52Z,11825,gA,1.778
2026-09-01T06:52Z,11825,gP,1.878
2026-09-01T06:52Z,11825,g98e5,2.060
2026-09-01T06:52Z,11833,gA,1.808
2026-09-01T06:52Z,11880,g95e5,1.660
2026-09-01T06:52Z,11880,gA,1.680
2026-09-01T06:52Z,11880,gP,1.750
2026-09-01T06:52Z,11880,gB,1.370
2026-09-01T06:52Z,11881,g95e5,1.674
2026-09-01T06:52Z,11881,g98e5,1.784
2026-09-01T06:52Z,11884,g95e5,1.639
2026-09-01T06:52Z,11890,g95e5,1.884
2026-09-01T06:52Z,11890,gA,1.764
2026-09-01T06:52Z,11890,gP,1.854
2026-09-01T06:52Z,11890,g98e5,2.024
2026-09-01T06:52Z,11917,g95e5,1.759
2026-09-01T06:52Z,11950,g95e5,1.779
2026-09-01T06:52Z,11950,gA,1.698
2026-09-01T06:52Z,12012,g95e5,1.839
2026-09-01T06:52Z,12012,gA,1.849
2026-09-01T06:52Z,12012,gP,1.939
2026-09-01T06:52Z,12012,g98e5,1.979
2026-09-01T06:52Z,12021,gA,1.788
2026-09-01T06:52Z,12021,gP,1.878
2026-09-01T06:52Z,12022,gA,1.878
2026-09-01T06:52Z,12024,gA,1.739
2026-09-01T06:52Z,12024,gP,1.739
2026-09-01T06:52Z,12060,g95e5,1.869
2026-09-01T06:52Z,12060,gA,1.799
2026-09-01T06:52Z,12060,gP,1.889
2026-09-01T06:52Z,12060,g98e5,1.959
2026-09-01T06:52Z,12075,g95e5,1.979
2026-09-01T06:52Z,12075,gA,1.819
2026-09-01T06:52Z,12075,gP,1.909
2026-09-01T06:52Z,12075,g98e5,2.049
2026-09-01T06:52Z,12089,g95e5,1.868
2026-09-01T06:52Z,12089,gA,1.804
2026-09-01T06:52Z,12089,gP,1.864
2026-09-01T06:52Z,12089,g98e5,2.037
2026-09-01T06:52Z,12144,g95e5,1.734
2026-09-01T06:52Z,12144,gA,1.676
2026-09-01T06:52Z,12150,gA,1.829
2026-09-01T06:52Z,12188,g95e5,1.879
2026-09-01T06:52Z,12188,g95e5p,1.959
2026-09-01T06:52Z,12204,g95e5,1.779
2026-09-01T06:52Z,12204,gA,1.719
2026-09-01T06:52Z,12204,gP,1.799
2026-09-01T06:52Z,12204,g98e5,1.949
2026-09-01T06:52Z,12223,g95e5,1.749
2026-09-01T06:52Z,12223,gA,1.699
2026-09-01T06:52Z,12223,gP,1.749
2026-09-01T06:52Z,12223,g95e5p,1.799
2026-09-01T06:52Z,12289,g95e5,1.860
2026-09-01T06:52Z,12289,gA,1.804
2026-09-01T06:52Z,12315,gA,1.869
2026-09-01T06:52Z,12315,gP,1.929
2026-09-01T06:52Z,12350,gA,1.844
2026-09-01T06:52Z,12359,gA,1.798
2026-09-01T06:52Z,12359,gP,1.808
2026-09-01T06:52Z,12410,g95e5,1.929
2026-09-01T06:52Z,12410,gA,1.859
2026-09-01T06:52Z,12410,g98e5,2.109
2026-09-01T06:52Z,12425,g95e5,1.859
2026-09-01T06:52Z,12425,gA,1.799
2026-09-01T06:52Z,12425,gP,1.901
2026-09-01T06:52Z,12425,g98e5,2.001
2026-09-01T06:52Z,12442,g95e5,1.849
2026-09-01T06:52Z,12442,gA,1.789
2026-09-01T06:52Z,12442,g98e5,2.009
2026-09-01T06:52Z,12444,g95e5,1.705
2026-09-01T06:52Z,12444,gA,1.698
2026-09-01T06:52Z,12444,gP,1.738
2026-09-01T06:52Z,12446,g95e5,1.969
2026-09-01T06:52Z,12446,gA,1.949
2026-09-01T06:52Z,12461,g95e5,1.599
2026-09-01T06:52Z,12461,gA,1.699
2026-09-01T06:52Z,12499,g95e5,1.839
2026-09-01T06:52Z,12499,gA,1.849
2026-09-01T06:52Z,12499,gP,1.939
2026-09-01T06:52Z,12499,g98e5,1.979
2026-09-01T06:52Z,12503,g95e5,1.929
2026-09-01T06:52Z,12503,gA,1.899
2026-09-01T06:52Z,12503,gP,1.999
2026-09-01T06:52Z,12503,g95e5p,2.019
2026-09-01T06:52Z,12517,g95e5,1.679
2026-09-01T06:52Z,12517,gA,1.689
2026-09-01T06:52Z,12517,gP,1.779
2026-09-01T06:52Z,12556,g95e5,1.739
2026-09-01T06:52Z,12556,gA,1.779
2026-09-01T06:52Z,12615,gA,1.833
2026-09-01T06:52Z,12615,gP,1.928
2026-09-01T06:52Z,12630,gA,1.589
2026-09-01T06:52Z,12632,gA,1.739
2026-09-01T06:52Z,12632,gB,1.559
2026-09-01T06:52Z,12658,g95e5,1.699
2026-09-01T06:52Z,12723,g95e5,1.689
2026-09-01T06:52Z,12723,gA,1.699
2026-09-01T06:52Z,12724,g95e5,1.749
2026-09-01T06:52Z,12740,g95e5,1.725
2026-09-01T06:52Z,12740,gA,1.685
2026-09-01T06:52Z,12741,g95e5,1.729
2026-09-01T06:52Z,12741,gA,1.749
2026-09-01T06:52Z,12802,g95e5,1.839
2026-09-01T06:52Z,12802,gA,1.849
2026-09-01T06:52Z,12802,gP,1.939
2026-09-01T06:52Z,12802,g98e5,1.979
2026-09-01T06:52Z,12821,g95e5,1.789
2026-09-01T06:52Z,12821,gA,1.679
2026-09-01T06:52Z,12846,gA,1.794
2026-09-01T06:52Z,12855,g95e5,1.679
2026-09-01T06:52Z,12855,gA,1.699
2026-09-01T06:52Z,12870,g95e5,1.749
2026-09-01T06:52Z,12870,gA,1.715
2026-09-01T06:52Z,12915,g95e5,1.799
2026-09-01T06:52Z,12915,gA,1.799
2026-09-01T06:52Z,12971,g95e5,1.689
2026-09-01T06:52Z,12971,gA,1.699
2026-09-01T06:52Z,12980,g95e5,1.890
2026-09-01T06:52Z,12980,gA,1.833
2026-09-01T06:52Z,12980,gP,1.908
2026-09-01T06:52Z,12980,g98e5,2.020
2026-09-01T06:52Z,12997,gA,1.709
2026-09-01T06:52Z,12998,g95e5,1.769
2026-09-01T06:52Z,12998,gA,1.849
2026-09-01T06:52Z,13024,g95e5,1.719
2026-09-01T06:52Z,13024,gA,1.699
2026-09-01T06:52Z,13028,g95e5,1.749
2026-09-01T06:52Z,13028,gA,1.799
2026-09-01T06:52Z,13070,g95e5,1.689
2026-09-01T06:52Z,13070,gA,1.699
2026-09-01T06:52Z,13071,g95e5,1.699
2026-09-01T06:52Z,13079,g95e5,1.749
2026-09-01T06:52Z,13079,gA,1.729
2026-09-01T06:52Z,13095,g95e5,1.899
2026-09-01T06:52Z,13095,gA,1.827
2026-09-01T06:52Z,13106,g95e5,1.899
2026-09-01T06:52Z,13106,gA,1.859
2026-09-01T06:52Z,13106,g98e5,2.099
2026-09-01T06:52Z,13115,g95e5,1.859
2026-09-01T06:52Z,13115,gA,1.779
2026-09-01T06:52Z,13123,g95e5,1.789
2026-09-01T06:52Z,13123,gA,1.799
2026-09-01T06:52Z,13134,g95e5,1.899
2026-09-01T06:52Z,13134,gA,1.779
2026-09-01T06:52Z,13134,g98e5,2.039
2026-09-01T06:52Z,13157,g95e5,1.730
2026-09-01T06:52Z,13157,gA,1.740
2026-09-01T06:52Z,13163,g95e5,1.779
2026-09-01T06:52Z,13163,gA,1.779
2026-09-01T06:52Z,13227,g95e5,1.729
2026-09-01T06:52Z,13227,gA,1.679
2026-09-01T06:52Z,13227,gP,1.719
2026-09-01T06:52Z,13227,g98e5,1.929
2026-09-01T06:52Z,13258,g95e5,1.729
2026-09-01T06:52Z,13258,gA,1.749
2026-09-01T06:52Z,13260,g95e5,1.619
2026-09-01T06:52Z,13260,gA,1.697
2026-09-01T06:52Z,13283,g95e5,1.699
2026-09-01T06:52Z,13283,gA,1.689
2026-09-01T06:52Z,13283,gP,1.789
2026-09-01T06:52Z,13283,g98e5,1.899
2026-09-01T06:52Z,13328,g95e5,1.769
2026-09-01T06:52Z,13328,gA,1.749
2026-09-01T06:52Z,13328,gP,1.799
2026-09-01T06:52Z,13328,g98e5,1.939
2026-09-01T06:52Z,13412,g95e5,1.810
2026-09-01T06:52Z,13412,gA,1.808
2026-09-01T06:52Z,13445,g95e5,1.699
2026-09-01T06:52Z,13445,gA,1.625
2026-09-01T06:52Z,13474,g95e5,1.868
2026-09-01T06:52Z,13474,gA,1.898
2026-09-01T06:52Z,13474,gP,1.998
2026-09-01T06:52Z,13474,g98e5,1.998
2026-09-01T06:52Z,13498,g95e5,1.719
2026-09-01T06:52Z,13498,gA,1.719
2026-09-01T06:52Z,13503,gA,1.669
2026-09-01T06:52Z,13538,g95e5,1.769
2026-09-01T06:52Z,13538,gA,1.809
2026-09-01T06:52Z,13566,g95e5,1.858
2026-09-01T06:52Z,13566,gA,1.867
2026-09-01T06:52Z,13569,g95e5,1.858
2026-09-01T06:52Z,13569,gA,1.838
2026-09-01T06:52Z,13569,gP,1.938
2026-09-01T06:52Z,13599,g95e5,1.700
2026-09-01T06:52Z,13606,g95e5,1.639
2026-09-01T06:52Z,13606,gA,1.749
2026-09-01T06:52Z,13606,gP,1.849
2026-09-01T06:52Z,13608,g95e5,1.669
2026-09-01T06:52Z,13608,gA,1.719
2026-09-01T06:52Z,13608,g98e5,1.799
2026-09-01T06:52Z,13620,g95e5,1.829
2026-09-01T06:52Z,13620,gA,1.839
2026-09-01T06:52Z,13620,gP,1.839
2026-09-01T06:52Z,13620,g98e5,1.929
2026-09-01T06:52Z,13654,g95e5,1.644
2026-09-01T06:52Z,13654,gA,1.624
2026-09-01T06:52Z,13666,g95e5,1.939
2026-09-01T06:52Z,13666,gA,1.829
2026-09-01T06:52Z,13671,gA,1.684
2026-09-01T06:52Z,13678,gA,1.749
2026-09-01T06:52Z,13703,g95e5,1.999
2026-09-01T06:52Z,13703,gA,1.849
2026-09-01T06:52Z,13703,gP,1.899
2026-09-01T06:52Z,13703,g98e5,2.109
2026-09-01T06:52Z,13723,g95e5,1.708
2026-09-01T06:52Z,13723,gA,1.638
2026-09-01T06:52Z,13723,gP,1.698
2026-09-01T06:52Z,13723,g98e5,1.788
2026-09-01T06:52Z,13747,gA,1.828
2026-09-01T06:52Z,13764,g95e5,1.859
2026-09-01T06:52Z,13764,gA,1.879
2026-09-01T06:52Z,13764,gP,1.959
2026-09-01T06:52Z,13765,g95e5,1.729
2026-09-01T06:52Z,13765,gA,1.788
2026-09-01T06:52Z,13788,g95e5,1.785
2026-09-01T06:52Z,13788,gA,1.759
2026-09-01T06:52Z,13801,g95e5,1.679
2026-09-01T06:52Z,13801,gA,1.689
2026-09-01T06:52Z,13876,gA,1.799
2026-09-01T06:52Z,13890,g95e5,1.699
2026-09-01T06:52Z,13890,gA,1.699
2026-09-01T06:52Z,13948,gA,1.689
2026-09-01T06:52Z,13985,gA,1.788
2026-09-01T06:52Z,13986,g95e5,1.689
2026-09-01T06:52Z,13986,gA,1.699
2026-09-01T06:52Z,13986,gP,1.699
2026-09-01T06:52Z,13986,g95e5p,1.689
2026-09-01T06:52Z,14053,g95e5,1.875
2026-09-01T06:52Z,14053,gA,1.818
2026-09-01T06:52Z,14075,g95e5,1.619
2026-09-01T06:52Z,14075,gA,1.628
2026-09-01T06:52Z,14138,g95e5,1.835
2026-09-01T06:52Z,14138,gA,1.853
2026-09-01T06:52Z,14138,g98e5,1.965
2026-09-01T06:52Z,14140,g95e5,1.875
2026-09-01T06:52Z,14140,gA,1.828
2026-09-01T06:52Z,14141,g95e5,1.698
2026-09-01T06:52Z,14141,gA,1.744
2026-09-01T06:52Z,14141,gP,1.794
2026-09-01T06:52Z,14152,g95e5,1.538
2026-09-01T06:52Z,14152,gA,1.547
2026-09-01T06:52Z,14188,g95e5,1.819
2026-09-01T06:52Z,14188,gA,1.789
2026-09-01T06:52Z,14209,g95e5,1.879
2026-09-01T06:52Z,14209,gA,1.849
2026-09-01T06:52Z,14237,g95e5,1.739
2026-09-01T06:52Z,14237,gA,1.739
2026-09-01T06:52Z,14270,g95e5,1.834
2026-09-01T06:52Z,14270,gA,1.824
2026-09-01T06:52Z,14270,gP,1.914
2026-09-01T06:52Z,14270,g95e5p,1.884
2026-09-01T06:52Z,14287,g95e5,1.860
2026-09-01T06:52Z,14287,gA,1.859
2026-09-01T06:52Z,14287,gP,1.929
2026-09-01T06:52Z,14287,g98e5,1.989
2026-09-01T06:52Z,14315,g95e5,1.814
2026-09-01T06:52Z,14315,gA,1.779
2026-09-01T06:52Z,14315,gP,1.829
2026-09-01T06:52Z,14315,g95e5p,1.864
2026-09-01T06:52Z,14334,g95e5,1.820
2026-09-01T06:52Z,14334,gA,1.828
2026-09-01T06:52Z,14334,g98e5,1.990
2026-09-01T06:52Z,14359,g95e5,1.839
2026-09-01T06:52Z,14359,gA,1.779
2026-09-01T06:52Z,14359,gP,1.829
2026-09-01T06:52Z,14363,g95e5,1.659
2026-09-01T06:52Z,14363,gA,1.549
2026-09-01T06:52Z,14363,gP,1.589
2026-09-01T06:52Z,14363,g98e5,1.759
2026-09-01T06:52Z,14377,gA,1.789
2026-09-01T06:52Z,14388,g95e5,1.769
2026-09-01T06:52Z,14388,gA,1.809
2026-09-01T06:52Z,14411,g95e5,1.869
2026-09-01T06:52Z,14411,gA,1.859
2026-09-01T06:52Z,14415,gA,1.788
2026-09-01T06:52Z,14429,gA,1.699
2026-09-01T06:52Z,14450,g95e5,1.674
2026-09-01T06:52Z,14450,gA,1.719
2026-09-01T06:52Z,14545,g95e5,1.794
2026-09-01T06:52Z,14545,gA,1.744
2026-09-01T06:52Z,14595,gA,1.674
2026-09-01T06:52Z,14609,g95e5,1.699
2026-09-01T06:52Z,14609,gA,1.699
2026-09-01T06:52Z,14642,gA,1.750
2026-09-01T06:52Z,14652,g95e5,1.919
2026-09-01T06:52Z,14652,gA,1.829
2026-09-01T06:52Z,14652,gP,1.939
2026-09-01T06:52Z,14652,g98e5,2.029
2026-09-01T06:52Z,14697,g95e5,1.909
2026-09-01T06:52Z,14697,gA,1.789
2026-09-01T06:52Z,14697,g98e5,2.030
2026-09-01T06:52Z,14711,g95e5,1.805
2026-09-01T06:52Z,14711,gA,1.745
2026-09-01T06:52Z,14728,g95e5,1.709
2026-09-01T06:52Z,14728,gA,1.658
2026-09-01T06:52Z,14746,g95e5,1.819
2026-09-01T06:52Z,14746,gA,1.899
2026-09-01T06:52Z,14746,g98e5,1.949
2026-09-01T06:52Z,14768,g95e5,1.906
2026-09-01T06:52Z,14768,gA,1.864
2026-09-01T06:52Z,14768,g98e5,2.025
2026-09-01T06:52Z,14776,g95e5,1.759
2026-09-01T06:52Z,14776,gA,1.659
2026-09-01T06:52Z,14819,g95e5,1.900
2026-09-01T06:52Z,14819,gA,1.839
2026-09-01T06:52Z,14819,gP,1.929
2026-09-01T06:52Z,14819,g98e5,2.039
2026-09-01T06:52Z,14853,g95e5,1.800
2026-09-01T06:52Z,14853,gA,1.740
2026-09-01T06:52Z,14915,g95e5,1.789
2026-09-01T06:52Z,14915,gA,1.679
2026-09-01T06:52Z,14923,g95e5,1.844
2026-09-01T06:52Z,14923,gA,1.769
2026-09-01T06:52Z,14923,gP,1.819
2026-09-01T06:52Z,14923,g95e5p,1.894
2026-09-01T06:52Z,14971,g95e5,1.979
2026-09-01T06:52Z,14971,gA,1.819
2026-09-01T06:52Z,14971,g98e5,2.049
2026-09-01T06:52Z,14990,gA,1.649
2026-09-01T06:52Z,15060,g95e5,1.899
2026-09-01T06:52Z,15060,gA,1.853
2026-09-01T06:52Z,15060,gP,1.938
2026-09-01T06:52Z,15060,g95e5p,1.970
2026-09-01T06:52Z,15073,g95e5,1.699
2026-09-01T06:52Z,15073,gA,1.699
2026-09-01T06:52Z,15073,gP,1.799
2026-09-01T06:52Z,15073,g98e5,1.799
2026-09-01T06:52Z,15077,gA,1.759
2026-09-01T06:52Z,15087,g95e5,1.799
2026-09-01T06:52Z,15087,gA,1.734
2026-09-01T06:52Z,15087,gP,1.784
2026-09-01T06:52Z,15087,g98e5,1.939
2026-09-01T06:52Z,15121,gA,1.729
2026-09-01T06:52Z,15121,gP,1.729
2026-09-01T06:52Z,15157,g95e5,1.844
2026-09-01T06:52Z,15157,gA,1.799
2026-09-01T06:52Z,15157,gP,1.889
2026-09-01T06:52Z,15157,g95e5p,1.894
2026-09-01T06:52Z,15206,g95e5,1.759
2026-09-01T06:52Z,15206,gA,1.719
2026-09-01T06:52Z,15206,gP,1.769
2026-09-01T06:52Z,15206,g95e5p,1.809
2026-09-01T06:52Z,15268,g95e5,1.679
2026-09-01T06:52Z,15268,gA,1.689
2026-09-01T06:52Z,15268,gP,1.749
2026-09-01T06:52Z,15288,g95e5,1.639
2026-09-01T06:52Z,15288,gA,1.684
2026-09-01T06:52Z,15288,gB,1.394
2026-09-01T06:52Z,15496,g95e5,1.599
2026-09-01T06:52Z,15496,gA,1.699
2026-09-01T06:52Z,15677,g95e5,1.809
2026-09-01T06:52Z,15677,gA,1.699
2026-09-01T06:52Z,15677,gP,1.749
2026-09-01T06:52Z,15677,g98e5,1.959
2026-09-01T06:52Z,15730,g95e5,1.682
2026-09-01T06:52Z,15730,gA,1.746
2026-09-01T06:52Z,15739,g95e5,1.774
2026-09-01T06:52Z,15739,gA,1.749
2026-09-01T06:52Z,15739,gP,1.799
2026-09-01T06:52Z,15739,g98e5,1.914
2026-09-01T06:52Z,15753,g95e5,1.745
2026-09-01T06:52Z,15753,gA,1.809
2026-09-01T06:52Z,15753,gP,1.909
2026-09-01T06:52Z,15776,g95e5,1.769
2026-09-01T06:52Z,15799,gA,1.869
2026-09-01T06:52Z,15799,gP,1.949
2026-09-01T06:52Z,15808,g95e5,1.849
2026-09-01T06:52Z,15808,gA,1.799
2026-09-01T06:52Z,15808,gP,1.919
2026-09-01T06:52Z,15808,g98e5,1.969
2026-09-01T06:52Z,15812,g95e5,1.749
2026-09-01T06:52Z,15812,gA,1.604
2026-09-01T06:52Z,15860,g95e5,1.899
2026-09-01T06:52Z,15860,gA,1.879
2026-09-01T06:52Z,15860,g98e5,2.069
2026-09-01T06:52Z,15877,g95e5,1.689
2026-09-01T06:52Z,15877,gA,1.699
2026-09-01T06:52Z,15877,gP,1.779
2026-09-01T06:52Z,15885,g95e5,1.829
2026-09-01T06:52Z,15885,gA,1.779
2026-09-01T06:52Z,15909,g95e5,1.789
2026-09-01T06:52Z,15909,gA,1.719
2026-09-01T06:52Z,15909,gP,1.779
2026-09-01T06:52Z,16027,g95e5,1.878
2026-09-01T06:52Z,16027,gA,1.799
2026-09-01T06:52Z,16027,gP,1.859
2026-09-01T06:52Z,16060,g95e5,1.799
2026-09-01T06:52Z,16060,gA,1.758
2026-09-01T06:52Z,16097,g95e5,1.839
2026-09-01T06:52Z,16136,g95e5,1.839
2026-09-01T06:52Z,16136,g98e5,1.939
2026-09-01T06:52Z,16142,g95e5,1.829
2026-09-01T06:52Z,16142,gA,1.819
2026-09-01T06:52Z,16142,gP,1.889
2026-09-01T06:52Z,16161,gA,1.620
2026-09-01T06:52Z,16216,g95e5,1.699
2026-09-01T06:52Z,16216,gA,1.669
2026-09-01T06:52Z,16254,g95e5,1.799
2026-09-01T06:52Z,16355,g95e5,1.699
2026-09-01T06:52Z,16355,gA,1.709
