ts,id,combustible,precio
2026-10-09T00:44Z,3,g95e5,1.865
2026-10-09T00:44Z,3,gA,1.995
2026-10-09T00:44Z,3,gP,2.055
2026-10-09T00:44Z,3,g98e5,2.005
2026-10-09T00:44Z,11,gB,1.921
2026-10-09T00:44Z,16,g95e5,1.849
2026-10-09T00:44Z,16,gA,1.965
2026-10-09T00:44Z,16,g98e5,2.019
2026-10-09T00:44Z,19,g95e5,1.849
2026-10-09T00:44Z,19,gA,1.989
2026-10-09T00:44Z,19,gP,2.079
2026-10-09T00:44Z,19,g98e5,1.989
2026-10-09T00:44Z,27,gA,2.009
2026-10-09T00:44Z,27,gP,2.099
2026-10-09T00:44Z,28,g95e5,1.859
2026-10-09T00:44Z,28,g98e5,1.999
2026-10-09T00:44Z,47,gA,1.965
2026-10-09T00:44Z,47,g98e5,2.049
2026-10-09T00:44Z,48,g95e5,1.865
2026-10-09T00:44Z,48,gA,1.995
2026-10-09T00:44Z,48,g98e5,2.005
2026-10-09T00:44Z,49,g95e5,1.865
2026-10-09T00:44Z,49,gA,1.995
2026-10-09T00:44Z,49,g98e5,2.005
2026-10-09T00:44Z,51,gA,1.965
2026-10-09T00:44Z,51,g98e5,2.015
2026-10-09T00:44Z,52,g95e5,1.849
2026-10-09T00:44Z,52,gA,1.985
2026-10-09T00:44Z,52,gP,2.045
2026-10-09T00:44Z,52,g98e5,1.969
2026-10-09T00:44Z,55,g95e5,1.849
2026-10-09T00:44Z,55,gA,1.979
2026-10-09T00:44Z,55,gP,2.069
2026-10-09T00:44Z,55,g98e5,2.019
2026-10-09T00:44Z,57,g95e5,1.849
2026-10-09T00:44Z,57,gP,2.079
2026-10-09T00:44Z,57,g98e5,2.019
2026-10-09T00:44Z,59,g95e5,1.869
2026-10-09T00:44Z,59,g98e5,2.039
2026-10-09T00:44Z,60,g95e5,1.849
2026-10-09T00:44Z,60,gP,2.085
2026-10-09T00:44Z,60,g98e5,1.969
2026-10-09T00:44Z,63,g95e5,1.885
2026-10-09T00:44Z,63,gP,2.065
2026-10-09T00:44Z,63,g98e5,2.005
2026-10-09T00:44Z,64,gP,2.065
2026-10-09T00:44Z,64,g98e5,2.019
2026-10-09T00:44Z,73,g95e5,1.789
2026-10-09T00:44Z,73,gA,1.899
2026-10-09T00:44Z,79,g95e5,1.885
2026-10-09T00:44Z,79,gA,2.005
2026-10-09T00:44Z,79,g98e5,2.005
2026-10-09T00:44Z,79,g95e5p,1.955
2026-10-09T00:44Z,80,g95e5,1.849
2026-10-09T00:44Z,80,gA,1.989
2026-10-09T00:44Z,80,g98e5,2.019
2026-10-09T00:44Z,83,g95e5,1.855
2026-10-09T00:44Z,83,gA,1.989
2026-10-09T00:44Z,83,gP,2.049
2026-10-09T00:44Z,84,g95e5,1.885
2026-10-09T00:44Z,84,gA,1.969
2026-10-09T00:44Z,84,g98e5,2.005
2026-10-09T00:44Z,84,g95e5p,1.955
2026-10-09T00:44Z,86,g95e5,1.849
2026-10-09T00:44Z,86,g98e5,2.019
2026-10-09T00:44Z,88,g95e5,1.875
2026-10-09T00:44Z,88,gA,1.999
2026-10-09T00:44Z,88,g98e5,1.995
2026-10-09T00:44Z,93,g95e5,1.885
2026-10-09T00:44Z,93,gA,1.969
2026-10-09T00:44Z,93,gP,2.029
2026-10-09T00:44Z,93,g98e5,2.005
2026-10-09T00:44Z,97,g95e5,1.849
2026-10-09T00:44Z,97,g98e5,2.019
2026-10-09T00:44Z,100,g95e5,1.849
2026-10-09T00:44Z,100,gA,1.965
2026-10-09T00:44Z,100,gP,2.075
2026-10-09T00:44Z,101,gP,2.079
2026-10-09T00:44Z,101,g98e5,2.019
2026-10-09T00:44Z,104,g95e5,1.849
2026-10-09T00:44Z,104,gA,1.989
2026-10-09T00:44Z,104,g98e5,1.969
2026-10-09T00:44Z,105,g95e5,1.849
2026-10-09T00:44Z,105,gA,1.989
2026-10-09T00:44Z,105,g98e5,1.969
2026-10-09T00:44Z,106,g95e5,1.849
2026-10-09T00:44Z,106,gA,1.989
2026-10-09T00:44Z,106,g98e5,1.969
2026-10-09T00:44Z,106,g95e5p,1.909
2026-10-09T00:44Z,107,g95e5,1.849
2026-10-09T00:44Z,107,gA,1.989
2026-10-09T00:44Z,107,g98e5,1.969
2026-10-09T00:44Z,107,g95e5p,1.909
2026-10-09T00:44Z,111,g95e5,1.875
2026-10-09T00:44Z,111,gA,1.995
2026-10-09T00:44Z,111,g98e5,2.025
2026-10-09T00:44Z,112,g95e5,1.875
2026-10-09T00:44Z,112,gA,1.995
2026-10-09T00:44Z,112,g98e5,2.025
2026-10-09T00:44Z,127,g95e5,1.849
2026-10-09T00:44Z,127,gA,2.005
2026-10-09T00:44Z,127,gP,2.065
2026-10-09T00:44Z,128,g95e5,1.849
2026-10-09T00:44Z,128,gA,2.005
2026-10-09T00:44Z,130,g98e5,1.969
2026-10-09T00:44Z,133,g95e5,1.889
2026-10-09T00:44Z,133,gA,1.975
2026-10-09T00:44Z,133,g98e5,2.009
2026-10-09T00:44Z,134,g95e5,1.875
2026-10-09T00:44Z,134,gA,1.985
2026-10-09T00:44Z,134,g98e5,1.995
2026-10-09T00:44Z,135,g95e5,1.875
2026-10-09T00:44Z,135,gA,1.985
2026-10-09T00:44Z,136,g95e5,1.889
2026-10-09T00:44Z,136,g98e5,2.009
2026-10-09T00:44Z,137,g95e5,1.885
2026-10-09T00:44Z,137,gP,2.065
2026-10-09T00:44Z,139,g95e5,1.849
2026-10-09T00:44Z,139,gA,1.989
2026-10-09T00:44Z,139,gP,2.059
2026-10-09T00:44Z,139,g98e5,2.019
2026-10-09T00:44Z,141,g95e5,1.879
2026-10-09T00:44Z,141,gA,1.999
2026-10-09T00:44Z,141,gP,2.059
2026-10-09T00:44Z,141,g98e5,2.009
2026-10-09T00:44Z,142,g95e5,1.879
2026-10-09T00:44Z,142,g98e5,1.999
2026-10-09T00:44Z,143,g95e5,1.885
2026-10-09T00:44Z,143,gA,1.969
2026-10-09T00:44Z,143,g98e5,2.005
2026-10-09T00:44Z,163,g95e5,1.789
2026-10-09T00:44Z,164,gA,1.919
2026-10-09T00:44Z,164,gP,2.009
2026-10-09T00:44Z,169,g95e5,1.879
2026-10-09T00:44Z,169,gA,1.975
2026-10-09T00:44Z,169,g98e5,1.999
2026-10-09T00:44Z,170,gA,1.919
2026-10-09T00:44Z,170,gP,2.009
2026-10-09T00:44Z,172,gA,1.939
2026-10-09T00:44Z,172,gP,2.029
2026-10-09T00:44Z,175,g95e5,1.839
2026-10-09T00:44Z,175,gA,1.955
2026-10-09T00:44Z,176,g95e5,1.839
2026-10-09T00:44Z,176,gA,1.955
2026-10-09T00:44Z,177,g95e5,1.849
2026-10-09T00:44Z,177,gA,1.955
2026-10-09T00:44Z,177,g98e5,1.999
2026-10-09T00:44Z,178,g95e5,1.849
2026-10-09T00:44Z,178,gA,1.955
2026-10-09T00:44Z,178,g98e5,1.999
2026-10-09T00:44Z,180,g95e5,1.839
2026-10-09T00:44Z,180,gA,1.949
2026-10-09T00:44Z,180,g98e5,1.959
2026-10-09T00:44Z,181,gA,1.949
2026-10-09T00:44Z,181,g98e5,1.959
2026-10-09T00:44Z,182,g95e5,1.839
2026-10-09T00:44Z,182,gA,1.955
2026-10-09T00:44Z,182,g98e5,2.009
2026-10-09T00:44Z,183,gA,1.995
2026-10-09T00:44Z,183,g98e5,2.005
2026-10-09T00:44Z,185,gA,1.949
2026-10-09T00:44Z,185,g98e5,2.009
2026-10-09T00:44Z,186,g95e5,1.869
2026-10-09T00:44Z,186,gA,1.985
2026-10-09T00:44Z,187,g95e5,1.865
2026-10-09T00:44Z,187,gA,1.995
2026-10-09T00:44Z,187,g98e5,1.985
2026-10-09T00:44Z,188,g95e5,1.859
2026-10-09T00:44Z,188,gA,1.985
2026-10-09T00:44Z,188,g98e5,2.029
2026-10-09T00:44Z,193,g95e5,1.855
2026-10-09T00:44Z,193,gA,1.985
2026-10-09T00:44Z,200,g95e5,1.875
2026-10-09T00:44Z,200,gA,1.955
2026-10-09T00:44Z,200,g98e5,2.005
2026-10-09T00:44Z,201,g95e5,1.865
2026-10-09T00:44Z,201,gA,1.969
2026-10-09T00:44Z,201,g98e5,1.995
2026-10-09T00:44Z,202,g95e5,1.865
2026-10-09T00:44Z,202,gA,1.969
2026-10-09T00:44Z,202,g98e5,1.995
2026-10-09T00:44Z,203,g95e5,1.885
2026-10-09T00:44Z,203,gA,1.985
2026-10-09T00:44Z,203,g98e5,2.005
2026-10-09T00:44Z,203,g95e5p,1.955
2026-10-09T00:44Z,204,g95e5,1.885
2026-10-09T00:44Z,204,gA,1.985
2026-10-09T00:44Z,204,g98e5,2.005
2026-10-09T00:44Z,204,g95e5p,1.955
2026-10-09T00:44Z,206,g95e5,1.875
2026-10-09T00:44Z,206,gA,1.955
2026-10-09T00:44Z,206,g98e5,2.005
2026-10-09T00:44Z,207,g95e5,1.845
2026-10-09T00:44Z,207,gA,1.995
2026-10-09T00:44Z,207,g98e5,1.965
2026-10-09T00:44Z,207,g95e5p,1.915
2026-10-09T00:44Z,208,g95e5,1.845
2026-10-09T00:44Z,208,gA,1.995
2026-10-09T00:44Z,208,g98e5,1.965
2026-10-09T00:44Z,208,g95e5p,1.925
2026-10-09T00:44Z,209,g95e5,1.839
2026-10-09T00:44Z,209,gA,1.949
2026-10-09T00:44Z,211,g95e5,1.875
2026-10-09T00:44Z,211,gA,1.959
2026-10-09T00:44Z,216,gA,1.955
2026-10-09T00:44Z,227,g95e5,1.845
2026-10-09T00:44Z,227,gA,1.989
2026-10-09T00:44Z,228,g95e5,1.865
2026-10-09T00:44Z,228,gA,1.969
2026-10-09T00:44Z,228,g98e5,2.035
2026-10-09T00:44Z,229,g95e5,1.879
2026-10-09T00:44Z,229,gA,1.959
2026-10-09T00:44Z,229,g98e5,1.999
2026-10-09T00:44Z,229,g95e5p,1.949
2026-10-09T00:44Z,232,gA,1.965
2026-10-09T00:44Z,233,gA,1.965
2026-10-09T00:44Z,234,g95e5,1.859
2026-10-09T00:44Z,234,gA,1.965
2026-10-09T00:44Z,234,g98e5,1.989
2026-10-09T00:44Z,237,g95e5,1.869
2026-10-09T00:44Z,237,gA,1.975
2026-10-09T00:44Z,239,g95e5,1.879
2026-10-09T00:44Z,239,gA,1.965
2026-10-09T00:44Z,239,g98e5,1.999
2026-10-09T00:44Z,240,g95e5,1.879
2026-10-09T00:44Z,240,gA,1.965
2026-10-09T00:44Z,240,g98e5,1.999
2026-10-09T00:44Z,241,gA,1.995
2026-10-09T00:44Z,241,g98e5,1.959
2026-10-09T00:44Z,242,g95e5,1.865
2026-10-09T00:44Z,242,gA,1.969
2026-10-09T00:44Z,242,g98e5,1.995
2026-10-09T00:44Z,243,gA,1.995
2026-10-09T00:44Z,243,g98e5,2.005
2026-10-09T00:44Z,244,g95e5,1.875
2026-10-09T00:44Z,244,gA,1.969
2026-10-09T00:44Z,245,g95e5,1.875
2026-10-09T00:44Z,245,gA,1.969
2026-10-09T00:44Z,245,g98e5,1.995
2026-10-09T00:44Z,246,g95e5,1.865
2026-10-09T00:44Z,246,gA,1.969
2026-10-09T00:44Z,246,g98e5,1.995
2026-10-09T00:44Z,256,g95e5,1.759
2026-10-09T00:44Z,256,gA,1.829
2026-10-09T00:44Z,256,gP,1.869
2026-10-09T00:44Z,256,g98e5,1.899
2026-10-09T00:44Z,257,g95e5,1.669
2026-10-09T00:44Z,257,g98e5,1.859
2026-10-09T00:44Z,282,g95e5,1.669
2026-10-09T00:44Z,282,g98e5,1.859
2026-10-09T00:44Z,300,g95e5,1.869
2026-10-09T00:44Z,300,gA,1.929
2026-10-09T00:44Z,300,gP,1.999
2026-10-09T00:44Z,300,g98e5,1.969
2026-10-09T00:44Z,308,gA,1.759
2026-10-09T00:44Z,308,gP,1.809
2026-10-09T00:44Z,325,g95e5,1.805
2026-10-09T00:44Z,325,gP,2.019
2026-10-09T00:44Z,330,g95e5,1.839
2026-10-09T00:44Z,330,gA,1.939
2026-10-09T00:44Z,330,gP,2.039
2026-10-09T00:44Z,330,g98e5,1.979
2026-10-09T00:44Z,331,g95e5,1.899
2026-10-09T00:44Z,331,gA,1.969
2026-10-09T00:44Z,332,g95e5,1.859
2026-10-09T00:44Z,332,gA,1.959
2026-10-09T00:44Z,332,g98e5,1.979
2026-10-09T00:44Z,334,gP,2.039
2026-10-09T00:44Z,334,gB,1.809
2026-10-09T00:44Z,335,g95e5,1.815
2026-10-09T00:44Z,335,gP,2.045
2026-10-09T00:44Z,335,g98e5,1.955
2026-10-09T00:44Z,336,g95e5,1.859
2026-10-09T00:44Z,336,gP,2.055
2026-10-09T00:44Z,336,g98e5,1.979
2026-10-09T00:44Z,337,g95e5,1.845
2026-10-09T00:44Z,337,gA,1.975
2026-10-09T00:44Z,337,gP,2.035
2026-10-09T00:44Z,337,g98e5,2.005
2026-10-09T00:44Z,338,g95e5,1.855
2026-10-09T00:44Z,338,g98e5,1.975
2026-10-09T00:44Z,340,g95e5,1.845
2026-10-09T00:44Z,340,gA,1.975
2026-10-09T00:44Z,340,gP,2.035
2026-10-09T00:44Z,340,g98e5,2.005
2026-10-09T00:44Z,348,g95e5,1.815
2026-10-09T00:44Z,348,gA,1.989
2026-10-09T00:44Z,348,gP,2.089
2026-10-09T00:44Z,348,g98e5,1.935
2026-10-09T00:44Z,348,gB,1.805
2026-10-09T00:44Z,356,g95e5,1.859
2026-10-09T00:44Z,356,gP,2.055
2026-10-09T00:44Z,356,g98e5,1.979
2026-10-09T00:44Z,374,g95e5,1.835
2026-10-09T00:44Z,375,g95e5,1.845
2026-10-09T00:44Z,375,gA,2.019
2026-10-09T00:44Z,378,gA,1.975
2026-10-09T00:44Z,378,gP,2.035
2026-10-09T00:44Z,378,g98e5,1.969
2026-10-09T00:44Z,380,g95e5,1.835
2026-10-09T00:44Z,380,gA,1.955
2026-10-09T00:44Z,380,gP,2.015
2026-10-09T00:44Z,380,g98e5,2.005
2026-10-09T00:44Z,380,gB,1.809
2026-10-09T00:44Z,381,g95e5,1.835
2026-10-09T00:44Z,381,gB,1.819
2026-10-09T00:44Z,383,g95e5,1.845
2026-10-09T00:44Z,383,gA,2.019
2026-10-09T00:44Z,383,g98e5,1.975
2026-10-09T00:44Z,383,gB,1.869
2026-10-09T00:44Z,384,g95e5,1.885
2026-10-09T00:44Z,384,gA,2.009
2026-10-09T00:44Z,384,gP,2.119
2026-10-09T00:44Z,384,g98e5,2.055
2026-10-09T00:44Z,384,gB,1.835
2026-10-09T00:44Z,386,g95e5,1.849
2026-10-09T00:44Z,386,gA,2.019
2026-10-09T00:44Z,386,gP,2.109
2026-10-09T00:44Z,389,g95e5,1.835
2026-10-09T00:44Z,389,gA,1.985
2026-10-09T00:44Z,389,gP,2.045
2026-10-09T00:44Z,389,gB,1.869
2026-10-09T00:44Z,390,g95e5,1.899
2026-10-09T00:44Z,390,gP,2.079
2026-10-09T00:44Z,390,g98e5,2.019
2026-10-09T00:44Z,390,gB,1.869
2026-10-09T00:44Z,391,g95e5,1.835
2026-10-09T00:44Z,391,gA,1.955
2026-10-09T00:44Z,391,gB,1.809
2026-10-09T00:44Z,394,g95e5,1.869
2026-10-09T00:44Z,394,g98e5,1.989
2026-10-09T00:44Z,397,g95e5,1.879
2026-10-09T00:44Z,397,gA,1.995
2026-10-09T00:44Z,397,gP,2.055
2026-10-09T00:44Z,397,gB,1.865
2026-10-09T00:44Z,398,g95e5,1.835
2026-10-09T00:44Z,398,gA,1.995
2026-10-09T00:44Z,398,gP,2.055
2026-10-09T00:44Z,398,g98e5,1.955
2026-10-09T00:44Z,399,g95e5,1.835
2026-10-09T00:44Z,401,g95e5,1.835
2026-10-09T00:44Z,401,gP,2.065
2026-10-09T00:44Z,401,gB,1.869
2026-10-09T00:44Z,406,g95e5,1.839
2026-10-09T00:44Z,406,gA,1.985
2026-10-09T00:44Z,406,gP,2.045
2026-10-09T00:44Z,406,g98e5,1.959
2026-10-09T00:44Z,407,g95e5,1.889
2026-10-09T00:44Z,407,g98e5,2.009
2026-10-09T00:44Z,410,g95e5,1.869
2026-10-09T00:44Z,410,gA,1.995
2026-10-09T00:44Z,410,gP,2.055
2026-10-09T00:44Z,410,g98e5,1.989
2026-10-09T00:44Z,411,g95e5,1.869
2026-10-09T00:44Z,411,gA,1.995
2026-10-09T00:44Z,411,gP,2.055
2026-10-09T00:44Z,411,g98e5,1.989
2026-10-09T00:44Z,413,g95e5,1.889
2026-10-09T00:44Z,413,g98e5,2.009
2026-10-09T00:44Z,436,gA,1.919
2026-10-09T00:44Z,436,gP,1.969
2026-10-09T00:44Z,442,g95e5,1.845
2026-10-09T00:44Z,442,gA,1.935
2026-10-09T00:44Z,442,g98e5,2.015
2026-10-09T00:44Z,443,g95e5,1.849
2026-10-09T00:44Z,443,gA,1.969
2026-10-09T00:44Z,443,g98e5,2.019
2026-10-09T00:44Z,446,g95e5,1.855
2026-10-09T00:44Z,446,gA,1.949
2026-10-09T00:44Z,446,g98e5,2.025
2026-10-09T00:44Z,450,g95e5,1.775
2026-10-09T00:44Z,450,gA,1.919
2026-10-09T00:44Z,450,gP,2.079
2026-10-09T00:44Z,450,g98e5,1.995
2026-10-09T00:44Z,457,g95e5,1.809
2026-10-09T00:44Z,457,gA,1.929
2026-10-09T00:44Z,457,gP,2.039
2026-10-09T00:44Z,457,g98e5,1.979
2026-10-09T00:44Z,459,g95e5,1.855
2026-10-09T00:44Z,459,gA,1.935
2026-10-09T00:44Z,459,g98e5,2.025
2026-10-09T00:44Z,459,g95e5p,1.925
2026-10-09T00:44Z,468,g95e5,1.799
2026-10-09T00:44Z,468,gA,1.949
2026-10-09T00:44Z,468,g98e5,1.969
2026-10-09T00:44Z,470,g95e5,1.825
2026-10-09T00:44Z,470,gA,1.939
2026-10-09T00:44Z,472,g95e5,1.835
2026-10-09T00:44Z,472,gA,1.929
2026-10-09T00:44Z,473,g95e5,1.825
2026-10-09T00:44Z,473,gA,1.939
2026-10-09T00:44Z,473,g98e5,1.995
2026-10-09T00:44Z,475,gA,1.929
2026-10-09T00:44Z,479,gA,1.995
2026-10-09T00:44Z,479,g98e5,1.979
2026-10-09T00:44Z,479,gB,1.825
2026-10-09T00:44Z,480,g95e5,1.809
2026-10-09T00:44Z,480,gA,1.929
2026-10-09T00:44Z,480,gP,2.039
2026-10-09T00:44Z,480,g98e5,1.979
2026-10-09T00:44Z,481,g95e5,1.875
2026-10-09T00:44Z,481,gA,1.995
2026-10-09T00:44Z,481,gP,2.055
2026-10-09T00:44Z,481,g98e5,2.025
2026-10-09T00:44Z,481,g95e5p,1.935
2026-10-09T00:44Z,482,gA,1.949
2026-10-09T00:44Z,482,g98e5,2.005
2026-10-09T00:44Z,492,g95e5,1.785
2026-10-09T00:44Z,492,gA,1.935
2026-10-09T00:44Z,492,gP,2.045
2026-10-09T00:44Z,492,gB,1.799
2026-10-09T00:44Z,495,g95e5,1.845
2026-10-09T00:44Z,495,gA,1.935
2026-10-09T00:44Z,495,g95e5p,1.915
2026-10-09T00:44Z,496,g95e5,1.785
2026-10-09T00:44Z,496,gP,2.045
2026-10-09T00:44Z,496,gB,1.825
2026-10-09T00:44Z,499,gA,1.929
2026-10-09T00:44Z,501,g95e5,1.859
2026-10-09T00:44Z,501,gA,1.936
2026-10-09T00:44Z,501,g98e5,1.994
2026-10-09T00:44Z,501,gB,1.836
2026-10-09T00:44Z,504,g95e5,1.845
2026-10-09T00:44Z,504,gA,1.969
2026-10-09T00:44Z,504,gB,1.779
2026-10-09T00:44Z,506,gA,1.919
2026-10-09T00:44Z,512,g95e5,1.859
2026-10-09T00:44Z,512,gA,1.936
2026-10-09T00:44Z,512,g98e5,1.994
2026-10-09T00:44Z,514,gA,1.959
2026-10-09T00:44Z,515,gA,1.959
2026-10-09T00:44Z,521,g95e5,1.785
2026-10-09T00:44Z,521,gA,1.955
2026-10-09T00:44Z,521,g98e5,1.955
2026-10-09T00:44Z,521,gB,1.845
2026-10-09T00:44Z,524,g95e5,1.809
2026-10-09T00:44Z,524,gA,1.929
2026-10-09T00:44Z,524,gP,2.039
2026-10-09T00:44Z,524,gB,1.825
2026-10-09T00:44Z,525,g95e5,1.789
2026-10-09T00:44Z,525,gA,1.949
2026-10-09T00:44Z,525,gB,1.879
2026-10-09T00:44Z,527,g95e5,1.785
2026-10-09T00:44Z,527,g98e5,1.955
2026-10-09T00:44Z,527,gB,1.799
2026-10-09T00:44Z,535,g95e5,1.809
2026-10-09T00:44Z,535,gA,1.959
2026-10-09T00:44Z,535,gB,1.779
2026-10-09T00:44Z,536,g95e5,1.839
2026-10-09T00:44Z,536,gA,1.949
2026-10-09T00:44Z,536,gP,2.059
2026-10-09T00:44Z,536,g98e5,1.999
2026-10-09T00:44Z,537,g95e5,1.795
2026-10-09T00:44Z,537,gB,1.799
2026-10-09T00:44Z,539,gA,1.975
2026-10-09T00:44Z,544,g95e5,1.809
2026-10-09T00:44Z,544,g98e5,1.979
2026-10-09T00:44Z,544,gB,1.799
2026-10-09T00:44Z,549,g95e5,1.855
2026-10-09T00:44Z,549,gA,1.939
2026-10-09T00:44Z,549,g98e5,1.975
2026-10-09T00:44Z,549,g95e5p,1.925
2026-10-09T00:44Z,551,g95e5,1.825
2026-10-09T00:44Z,551,gA,1.935
2026-10-09T00:44Z,551,g98e5,1.995
2026-10-09T00:44Z,553,g95e5,1.819
2026-10-09T00:44Z,554,g95e5,1.839
2026-10-09T00:44Z,554,gP,2.049
2026-10-09T00:44Z,554,g98e5,1.959
2026-10-09T00:44Z,556,g95e5,1.809
2026-10-09T00:44Z,556,gA,1.929
2026-10-09T00:44Z,556,gB,1.809
2026-10-09T00:44Z,561,g95e5,1.835
2026-10-09T00:44Z,561,gA,1.929
2026-10-09T00:44Z,561,g98e5,2.005
2026-10-09T00:44Z,566,g95e5,1.875
2026-10-09T00:44Z,566,gA,1.995
2026-10-09T00:44Z,566,g98e5,2.035
2026-10-09T00:44Z,567,g95e5,1.839
2026-10-09T00:44Z,573,g95e5,1.825
2026-10-09T00:44Z,573,gA,1.979
2026-10-09T00:44Z,573,gP,2.089
2026-10-09T00:44Z,573,g98e5,1.995
2026-10-09T00:44Z,573,gB,1.849
2026-10-09T00:44Z,576,g95e5,1.785
2026-10-09T00:44Z,576,gA,1.945
2026-10-09T00:44Z,576,gP,2.055
2026-10-09T00:44Z,576,g98e5,1.955
2026-10-09T00:44Z,576,gB,1.835
2026-10-09T00:44Z,577,g95e5,1.839
2026-10-09T00:44Z,577,gA,1.979
2026-10-09T00:44Z,577,g98e5,1.959
2026-10-09T00:44Z,580,g95e5,1.839
2026-10-09T00:44Z,580,g98e5,1.959
2026-10-09T00:44Z,580,gB,1.799
2026-10-09T00:44Z,583,g95e5,1.839
2026-10-09T00:44Z,583,gA,1.989
2026-10-09T00:44Z,583,gP,2.039
2026-10-09T00:44Z,584,g95e5,1.785
2026-10-09T00:44Z,584,gP,2.035
2026-10-09T00:44Z,584,g98e5,1.955
2026-10-09T00:44Z,585,g95e5,1.849
2026-10-09T00:44Z,585,gA,1.955
2026-10-09T00:44Z,585,g98e5,2.009
2026-10-09T00:44Z,585,gB,1.819
2026-10-09T00:44Z,586,g95e5,1.825
2026-10-09T00:44Z,586,gA,1.995
2026-10-09T00:44Z,586,gP,2.055
2026-10-09T00:44Z,586,g98e5,1.945
2026-10-09T00:44Z,586,gB,1.785
2026-10-09T00:44Z,589,g95e5,1.789
2026-10-09T00:44Z,589,gA,1.959
2026-10-09T00:44Z,589,g98e5,1.949
2026-10-09T00:44Z,589,gB,1.815
2026-10-09T00:44Z,591,gA,1.979
2026-10-09T00:44Z,596,g95e5,1.845
2026-10-09T00:44Z,596,gA,1.969
2026-10-09T00:44Z,596,gP,2.029
2026-10-09T00:44Z,596,g95e5p,1.915
2026-10-09T00:44Z,597,g95e5,1.839
2026-10-09T00:44Z,597,gA,1.949
2026-10-09T00:44Z,597,gP,2.009
2026-10-09T00:44Z,597,gB,1.829
2026-10-09T00:44Z,601,g95e5,1.785
2026-10-09T00:44Z,601,gP,1.995
2026-10-09T00:44Z,601,g98e5,1.945
2026-10-09T00:44Z,604,gA,1.935
2026-10-09T00:44Z,604,gP,2.045
2026-10-09T00:44Z,604,g98e5,1.985
2026-10-09T00:44Z,608,g95e5,1.785
2026-10-09T00:44Z,608,gP,2.045
2026-10-09T00:44Z,608,gB,1.839
2026-10-09T00:44Z,609,g95e5,1.785
2026-10-09T00:44Z,609,gA,1.965
2026-10-09T00:44Z,609,g98e5,1.955
2026-10-09T00:44Z,609,gB,1.859
2026-10-09T00:44Z,611,g95e5,1.839
2026-10-09T00:44Z,611,gA,1.989
2026-10-09T00:44Z,611,gP,2.039
2026-10-09T00:44Z,611,g98e5,1.979
2026-10-09T00:44Z,612,g95e5,1.839
2026-10-09T00:44Z,612,gA,1.989
2026-10-09T00:44Z,612,gP,2.039
2026-10-09T00:44Z,614,g95e5,1.809
2026-10-09T00:44Z,614,gA,1.975
2026-10-09T00:44Z,614,gP,2.085
2026-10-09T00:44Z,614,g98e5,1.979
2026-10-09T00:44Z,614,gB,1.779
2026-10-09T00:44Z,615,g95e5,1.809
2026-10-09T00:44Z,615,gA,1.995
2026-10-09T00:44Z,615,g98e5,1.979
2026-10-09T00:44Z,620,g95e5,1.865
2026-10-09T00:44Z,620,gA,1.955
2026-10-09T00:44Z,620,g98e5,2.035
2026-10-09T00:44Z,622,gA,1.929
2026-10-09T00:44Z,622,gB,1.785
2026-10-09T00:44Z,623,g95e5,1.809
2026-10-09T00:44Z,623,gA,1.929
2026-10-09T00:44Z,623,gB,1.795
2026-10-09T00:44Z,626,g95e5,1.875
2026-10-09T00:44Z,626,gA,1.939
2026-10-09T00:44Z,626,g98e5,2.045
2026-10-09T00:44Z,629,g95e5,1.815
2026-10-09T00:44Z,629,gA,1.949
2026-10-09T00:44Z,629,gP,2.009
2026-10-09T00:44Z,629,g98e5,1.935
2026-10-09T00:44Z,629,gB,1.799
2026-10-09T00:44Z,630,g95e5,1.799
2026-10-09T00:44Z,630,gP,1.995
2026-10-09T00:44Z,630,g98e5,1.969
2026-10-09T00:44Z,630,gB,1.859
2026-10-09T00:44Z,634,g95e5,1.809
2026-10-09T00:44Z,634,gA,1.935
2026-10-09T00:44Z,634,g98e5,1.929
2026-10-09T00:44Z,637,g95e5,1.835
2026-10-09T00:44Z,637,gA,1.945
2026-10-09T00:44Z,637,gP,2.025
2026-10-09T00:44Z,641,g95e5,1.775
2026-10-09T00:44Z,641,gA,1.919
2026-10-09T00:44Z,641,g98e5,1.995
2026-10-09T00:44Z,643,g95e5,1.825
2026-10-09T00:44Z,643,gA,1.995
2026-10-09T00:44Z,643,gP,2.055
2026-10-09T00:44Z,643,g98e5,1.945
2026-10-09T00:44Z,647,g95e5,1.839
2026-10-09T00:44Z,647,gA,1.989
2026-10-09T00:44Z,647,g98e5,1.959
2026-10-09T00:44Z,648,g95e5,1.809
2026-10-09T00:44Z,648,gA,1.929
2026-10-09T00:44Z,648,gB,1.825
2026-10-09T00:44Z,650,g95e5,1.875
2026-10-09T00:44Z,650,gA,1.969
2026-10-09T00:44Z,650,gP,2.079
2026-10-09T00:44Z,650,g98e5,2.045
2026-10-09T00:44Z,651,g95e5,1.855
2026-10-09T00:44Z,651,gA,1.935
2026-10-09T00:44Z,651,g98e5,2.025
2026-10-09T00:44Z,654,g95e5,1.839
2026-10-09T00:44Z,654,gA,1.989
2026-10-09T00:44Z,654,gP,2.039
2026-10-09T00:44Z,654,g98e5,1.979
2026-10-09T00:44Z,655,g95e5,1.839
2026-10-09T00:44Z,655,gA,1.989
2026-10-09T00:44Z,655,gP,2.039
2026-10-09T00:44Z,655,g98e5,1.979
2026-10-09T00:44Z,674,gP,1.909
2026-10-09T00:44Z,681,gA,1.959
2026-10-09T00:44Z,692,g95e5,1.799
2026-10-09T00:44Z,692,gA,1.898
2026-10-09T00:44Z,692,gP,1.898
2026-10-09T00:44Z,692,g98e5,1.944
2026-10-09T00:44Z,698,gA,1.949
2026-10-09T00:44Z,710,g95e5,1.805
2026-10-09T00:44Z,710,gA,1.929
2026-10-09T00:44Z,710,g98e5,1.975
2026-10-09T00:44Z,710,g95e5p,1.865
2026-10-09T00:44Z,711,g95e5,1.849
2026-10-09T00:44Z,711,gA,1.969
2026-10-09T00:44Z,711,g98e5,1.949
2026-10-09T00:44Z,712,gA,1.975
2026-10-09T00:44Z,712,gP,2.035
2026-10-09T00:44Z,712,g98e5,1.939
2026-10-09T00:44Z,713,g95e5,1.805
2026-10-09T00:44Z,713,gA,1.929
2026-10-09T00:44Z,713,gP,2.039
2026-10-09T00:44Z,713,g98e5,1.975
2026-10-09T00:44Z,713,gB,1.765
2026-10-09T00:44Z,715,g95e5,1.815
2026-10-09T00:44Z,715,gA,1.995
2026-10-09T00:44Z,715,gP,2.055
2026-10-09T00:44Z,715,g98e5,1.985
2026-10-09T00:44Z,715,gB,1.825
2026-10-09T00:44Z,716,g95e5,1.815
2026-10-09T00:44Z,716,g98e5,1.955
2026-10-09T00:44Z,717,g95e5,1.819
2026-10-09T00:44Z,717,gA,1.945
2026-10-09T00:44Z,717,gP,1.995
2026-10-09T00:44Z,717,g98e5,1.929
2026-10-09T00:44Z,718,g95e5,1.819
2026-10-09T00:44Z,718,gA,1.945
2026-10-09T00:44Z,718,gP,1.995
2026-10-09T00:44Z,718,g98e5,1.929
2026-10-09T00:44Z,722,g95e5,1.958
2026-10-09T00:44Z,722,gA,2.029
2026-10-09T00:44Z,722,gP,2.098
2026-10-09T00:44Z,722,g98e5,2.178
2026-10-09T00:44Z,723,g95e5,1.859
2026-10-09T00:44Z,723,g98e5,1.979
2026-10-09T00:44Z,725,g95e5,1.859
2026-10-09T00:44Z,725,gP,2.055
2026-10-09T00:44Z,725,g98e5,1.979
2026-10-09T00:44Z,728,g95e5,1.805
2026-10-09T00:44Z,728,gP,2.039
2026-10-09T00:44Z,728,gB,1.765
2026-10-09T00:44Z,729,g95e5,1.879
2026-10-09T00:44Z,729,gA,1.949
2026-10-09T00:44Z,730,g95e5,1.839
2026-10-09T00:44Z,739,g95e5,1.805
2026-10-09T00:44Z,739,gA,1.939
2026-10-09T00:44Z,739,gP,2.039
2026-10-09T00:44Z,739,g98e5,1.975
2026-10-09T00:44Z,739,gB,1.819
2026-10-09T00:44Z,743,g95e5,1.849
2026-10-09T00:44Z,743,gA,1.969
2026-10-09T00:44Z,743,gP,2.079
2026-10-09T00:44Z,744,g95e5,1.858
2026-10-09T00:44Z,744,gA,1.978
2026-10-09T00:44Z,754,g95e5,1.835
2026-10-09T00:44Z,754,gA,1.959
2026-10-09T00:44Z,754,gP,2.069
2026-10-09T00:44Z,754,g98e5,1.995
2026-10-09T00:44Z,756,g95e5,1.859
2026-10-09T00:44Z,756,gA,1.979
2026-10-09T00:44Z,756,gP,2.039
2026-10-09T00:44Z,756,g98e5,1.979
2026-10-09T00:44Z,761,g95e5,1.855
2026-10-09T00:44Z,761,gA,1.945
2026-10-09T00:44Z,761,gP,2.005
2026-10-09T00:44Z,761,g98e5,1.975
2026-10-09T00:44Z,763,g95e5,1.859
2026-10-09T00:44Z,763,gA,1.936
2026-10-09T00:44Z,765,g95e5,1.805
2026-10-09T00:44Z,765,gP,2.025
2026-10-09T00:44Z,765,g98e5,1.975
2026-10-09T00:44Z,766,g95e5,1.805
2026-10-09T00:44Z,766,gP,2.025
2026-10-09T00:44Z,766,g98e5,1.975
2026-10-09T00:44Z,773,g95e5,1.805
2026-10-09T00:44Z,773,gP,2.039
2026-10-09T00:44Z,773,gB,1.809
2026-10-09T00:44Z,775,g95e5,1.805
2026-10-09T00:44Z,775,gA,1.935
2026-10-09T00:44Z,775,gP,1.995
2026-10-09T00:44Z,775,g98e5,1.945
2026-10-09T00:44Z,775,gB,1.765
2026-10-09T00:44Z,776,g95e5,1.899
2026-10-09T00:44Z,776,gA,1.939
2026-10-09T00:44Z,776,g98e5,2.069
2026-10-09T00:44Z,776,gB,1.789
2026-10-09T00:44Z,780,g95e5,1.819
2026-10-09T00:44Z,780,gP,2.029
2026-10-09T00:44Z,780,g98e5,1.939
2026-10-09T00:44Z,781,g95e5,1.835
2026-10-09T00:44Z,781,gA,1.959
2026-10-09T00:44Z,781,gP,2.069
2026-10-09T00:44Z,781,g98e5,1.995
2026-10-09T00:44Z,782,g95e5,1.809
2026-10-09T00:44Z,782,gA,1.945
2026-10-09T00:44Z,782,g98e5,1.929
2026-10-09T00:44Z,788,g95e5,1.815
2026-10-09T00:44Z,788,gA,1.949
2026-10-09T00:44Z,788,gP,2.009
2026-10-09T00:44Z,788,g98e5,1.945
2026-10-09T00:44Z,788,gB,1.799
2026-10-09T00:44Z,789,g95e5,1.805
2026-10-09T00:44Z,789,gA,1.935
2026-10-09T00:44Z,790,g95e5,1.805
2026-10-09T00:44Z,790,gA,1.935
2026-10-09T00:44Z,790,g98e5,1.975
2026-10-09T00:44Z,790,g95e5p,1.875
2026-10-09T00:44Z,792,g95e5,1.848
2026-10-09T00:44Z,792,gA,1.978
2026-10-09T00:44Z,793,g95e5,1.819
2026-10-09T00:44Z,793,gA,1.935
2026-10-09T00:44Z,795,gA,1.929
2026-10-09T00:44Z,797,g95e5,1.805
2026-10-09T00:44Z,797,gA,1.975
2026-10-09T00:44Z,797,gP,2.035
2026-10-09T00:44Z,799,g95e5,1.805
2026-10-09T00:44Z,799,gA,1.955
2026-10-09T00:44Z,799,gP,2.035
2026-10-09T00:44Z,799,g98e5,1.975
2026-10-09T00:44Z,801,g95e5,1.805
2026-10-09T00:44Z,802,g95e5,1.805
2026-10-09T00:44Z,802,gP,2.039
2026-10-09T00:44Z,802,g95e5p,1.865
2026-10-09T00:44Z,802,gB,1.825
2026-10-09T00:44Z,809,g95e5,1.839
2026-10-09T00:44Z,809,gP,2.039
2026-10-09T00:44Z,809,g98e5,1.989
2026-10-09T00:44Z,811,gA,1.969
2026-10-09T00:44Z,811,g98e5,1.989
2026-10-09T00:44Z,811,gB,1.805
2026-10-09T00:44Z,816,gA,1.889
2026-10-09T00:44Z,816,gP,1.949
2026-10-09T00:44Z,816,g98e5,1.929
2026-10-09T00:44Z,816,gB,1.699
2026-10-09T00:44Z,820,gA,1.959
2026-10-09T00:44Z,824,gA,1.979
2026-10-09T00:44Z,826,g95e5,1.859
2026-10-09T00:44Z,826,gA,1.975
2026-10-09T00:44Z,826,gP,2.085
2026-10-09T00:44Z,826,g98e5,2.009
2026-10-09T00:44Z,827,g95e5,1.829
2026-10-09T00:44Z,827,gA,1.945
2026-10-09T00:44Z,827,gP,2.005
2026-10-09T00:44Z,832,gA,1.925
2026-10-09T00:44Z,833,g95e5,1.819
2026-10-09T00:44Z,833,gP,2.035
2026-10-09T00:44Z,833,g98e5,1.949
2026-10-09T00:44Z,833,g95e5p,1.879
2026-10-09T00:44Z,833,gB,1.789
2026-10-09T00:44Z,837,gP,2.035
2026-10-09T00:44Z,837,g98e5,1.999
2026-10-09T00:44Z,838,g95e5,1.845
2026-10-09T00:44Z,838,gP,1.989
2026-10-09T00:44Z,838,g98e5,2.015
2026-10-09T00:44Z,839,g95e5,1.759
2026-10-09T00:44Z,839,gA,1.829
2026-10-09T00:44Z,839,gP,1.869
2026-10-09T00:44Z,839,g98e5,1.899
2026-10-09T00:44Z,840,g95e5,1.815
2026-10-09T00:44Z,840,gA,1.949
2026-10-09T00:44Z,840,gP,1.999
2026-10-09T00:44Z,840,g98e5,1.925
2026-10-09T00:44Z,840,gB,1.799
2026-10-09T00:44Z,842,g95e5,1.835
2026-10-09T00:44Z,842,gA,1.975
2026-10-09T00:44Z,842,g98e5,1.955
2026-10-09T00:44Z,844,g95e5,1.805
2026-10-09T00:44Z,844,gP,2.039
2026-10-09T00:44Z,844,g98e5,1.975
2026-10-09T00:44Z,844,g95e5p,1.875
2026-10-09T00:44Z,847,g95e5,1.835
2026-10-09T00:44Z,847,gA,1.959
2026-10-09T00:44Z,847,gP,2.069
2026-10-09T00:44Z,847,g98e5,1.955
2026-10-09T00:44Z,847,g95e5p,1.905
2026-10-09T00:44Z,848,g95e5,1.835
2026-10-09T00:44Z,848,gA,1.959
2026-10-09T00:44Z,848,gP,2.069
2026-10-09T00:44Z,848,g98e5,1.955
2026-10-09T00:44Z,848,gB,1.769
2026-10-09T00:44Z,849,gP,2.005
2026-10-09T00:44Z,849,g98e5,1.935
2026-10-09T00:44Z,849,gB,1.815
2026-10-09T00:44Z,851,gA,1.965
2026-10-09T00:44Z,851,gP,2.025
2026-10-09T00:44Z,851,g98e5,1.965
2026-10-09T00:44Z,852,gA,1.965
2026-10-09T00:44Z,852,gP,2.025
2026-10-09T00:44Z,852,g98e5,1.965
2026-10-09T00:44Z,862,g95e5,1.879
2026-10-09T00:44Z,862,gA,1.965
2026-10-09T00:44Z,862,gP,1.965
2026-10-09T00:44Z,862,g98e5,2.019
2026-10-09T00:44Z,864,g95e5,1.859
2026-10-09T00:44Z,864,gA,1.985
2026-10-09T00:44Z,864,gP,2.075
2026-10-09T00:44Z,864,g98e5,1.999
2026-10-09T00:44Z,873,gA,1.959
2026-10-09T00:44Z,889,g95e5,1.879
2026-10-09T00:44Z,889,gA,1.999
2026-10-09T00:44Z,889,gP,2.059
2026-10-09T00:44Z,889,g98e5,1.999
2026-10-09T00:44Z,890,g95e5,1.835
2026-10-09T00:44Z,890,g98e5,1.985
2026-10-09T00:44Z,893,g95e5,1.899
2026-10-09T00:44Z,893,gA,1.989
2026-10-09T00:44Z,893,gP,2.049
2026-10-09T00:44Z,893,g98e5,2.019
2026-10-09T00:44Z,893,gB,1.809
2026-10-09T00:44Z,894,g95e5,1.859
2026-10-09T00:44Z,894,gP,2.039
2026-10-09T00:44Z,894,g98e5,1.979
2026-10-09T00:44Z,895,g95e5,1.835
2026-10-09T00:44Z,895,gA,1.955
2026-10-09T00:44Z,895,gP,2.065
2026-10-09T00:44Z,895,g98e5,2.005
2026-10-09T00:44Z,895,gB,1.809
2026-10-09T00:44Z,900,g95e5,1.859
2026-10-09T00:44Z,900,gA,2.019
2026-10-09T00:44Z,900,g98e5,1.979
2026-10-09T00:44Z,901,g95e5,1.835
2026-10-09T00:44Z,901,g98e5,1.965
2026-10-09T00:44Z,904,g95e5,1.879
2026-10-09T00:44Z,904,gA,1.979
2026-10-09T00:44Z,904,gP,2.059
2026-10-09T00:44Z,904,g98e5,1.999
2026-10-09T00:44Z,908,g95e5,1.899
2026-10-09T00:44Z,908,gA,2.019
2026-10-09T00:44Z,908,gP,2.129
2026-10-09T00:44Z,908,g98e5,2.019
2026-10-09T00:44Z,909,g95e5,1.899
2026-10-09T00:44Z,909,gA,1.989
2026-10-09T00:44Z,909,gP,2.049
2026-10-09T00:44Z,909,g98e5,2.019
2026-10-09T00:44Z,909,g95e5p,1.969
2026-10-09T00:44Z,913,g95e5,1.859
2026-10-09T00:44Z,913,gA,1.999
2026-10-09T00:44Z,913,g98e5,2.029
2026-10-09T00:44Z,913,gB,1.865
2026-10-09T00:44Z,917,g95e5,1.839
2026-10-09T00:44Z,917,gA,1.999
2026-10-09T00:44Z,917,gP,2.059
2026-10-09T00:44Z,917,g98e5,2.009
2026-10-09T00:44Z,920,g95e5,1.899
2026-10-09T00:44Z,920,gA,2.009
2026-10-09T00:44Z,920,gP,2.069
2026-10-09T00:44Z,925,g95e5,1.835
2026-10-09T00:44Z,925,gA,1.955
2026-10-09T00:44Z,925,gP,2.065
2026-10-09T00:44Z,927,g95e5,1.835
2026-10-09T00:44Z,927,gA,1.965
2026-10-09T00:44Z,927,g98e5,1.955
2026-10-09T00:44Z,935,g95e5,1.849
2026-10-09T00:44Z,935,gA,2.015
2026-10-09T00:44Z,935,gP,2.105
2026-10-09T00:44Z,935,g98e5,1.989
2026-10-09T00:44Z,940,g95e5,1.839
2026-10-09T00:44Z,940,gA,1.959
2026-10-09T00:44Z,940,gP,2.039
2026-10-09T00:44Z,940,g98e5,2.009
2026-10-09T00:44Z,941,g95e5,1.835
2026-10-09T00:44Z,941,gA,1.975
2026-10-09T00:44Z,941,g98e5,2.005
2026-10-09T00:44Z,941,gB,1.865
2026-10-09T00:44Z,947,g95e5,1.779
2026-10-09T00:44Z,947,g98e5,1.919
2026-10-09T00:44Z,948,g95e5,1.799
2026-10-09T00:44Z,948,gA,1.959
2026-10-09T00:44Z,948,gP,2.009
2026-10-09T00:44Z,948,g95e5p,1.849
2026-10-09T00:44Z,950,g95e5,1.829
2026-10-09T00:44Z,950,gA,1.959
2026-10-09T00:44Z,950,gP,2.009
2026-10-09T00:44Z,950,g95e5p,1.879
2026-10-09T00:44Z,950,gB,1.739
2026-10-09T00:44Z,955,gB,1.769
2026-10-09T00:44Z,962,g95e5,1.899
2026-10-09T00:44Z,962,gA,1.979
2026-10-09T00:44Z,962,gP,2.039
2026-10-09T00:44Z,965,g95e5,1.899
2026-10-09T00:44Z,965,gP,2.079
2026-10-09T00:44Z,965,g98e5,2.019
2026-10-09T00:44Z,966,g95e5,1.859
2026-10-09T00:44Z,966,gA,1.959
2026-10-09T00:44Z,966,gP,2.029
2026-10-09T00:44Z,978,g95e5,1.879
2026-10-09T00:44Z,978,gA,1.999
2026-10-09T00:44Z,978,gP,2.059
2026-10-09T00:44Z,978,g98e5,1.999
2026-10-09T00:44Z,978,gB,1.815
2026-10-09T00:44Z,980,g95e5,1.885
2026-10-09T00:44Z,980,gA,1.999
2026-10-09T00:44Z,980,gP,2.059
2026-10-09T00:44Z,980,g98e5,2.005
2026-10-09T00:44Z,981,g95e5,1.885
2026-10-09T00:44Z,981,gA,1.999
2026-10-09T00:44Z,981,gP,2.059
2026-10-09T00:44Z,981,g98e5,2.005
2026-10-09T00:44Z,984,g95e5,1.899
2026-10-09T00:44Z,984,gA,1.979
2026-10-09T00:44Z,984,g98e5,2.019
2026-10-09T00:44Z,986,g95e5,1.889
2026-10-09T00:44Z,986,gA,1.979
2026-10-09T00:44Z,986,gP,2.039
2026-10-09T00:44Z,986,g98e5,2.009
2026-10-09T00:44Z,987,g95e5,1.899
2026-10-09T00:44Z,987,g98e5,2.019
2026-10-09T00:44Z,987,g95e5p,1.969
2026-10-09T00:44Z,988,g95e5,1.845
2026-10-09T00:44Z,988,gA,1.959
2026-10-09T00:44Z,988,g98e5,1.965
2026-10-09T00:44Z,988,gB,1.809
2026-10-09T00:44Z,991,g95e5,1.899
2026-10-09T00:44Z,991,gA,1.969
2026-10-09T00:44Z,991,gP,2.029
2026-10-09T00:44Z,991,g98e5,2.019
2026-10-09T00:44Z,994,g95e5,1.889
2026-10-09T00:44Z,994,gA,2.019
2026-10-09T00:44Z,994,g98e5,2.009
2026-10-09T00:44Z,1032,g95e5,1.835
2026-10-09T00:44Z,1032,gA,1.965
2026-10-09T00:44Z,1032,g98e5,2.005
2026-10-09T00:44Z,1034,gA,1.965
2026-10-09T00:44Z,1034,g98e5,2.019
2026-10-09T00:44Z,1035,gA,1.999
2026-10-09T00:44Z,1035,g98e5,2.009
2026-10-09T00:44Z,1036,gA,1.965
2026-10-09T00:44Z,1037,g95e5,1.835
2026-10-09T00:44Z,1037,gA,1.965
2026-10-09T00:44Z,1038,g98e5,1.965
2026-10-09T00:44Z,1040,gA,1.965
2026-10-09T00:44Z,1040,g98e5,2.005
2026-10-09T00:44Z,1042,gA,2.015
2026-10-09T00:44Z,1042,g98e5,2.009
2026-10-09T00:44Z,1043,g95e5,1.889
2026-10-09T00:44Z,1043,gA,1.989
2026-10-09T00:44Z,1043,gP,2.099
2026-10-09T00:44Z,1044,g95e5,1.859
2026-10-09T00:44Z,1044,g98e5,2.029
2026-10-09T00:44Z,1048,g95e5,1.879
2026-10-09T00:44Z,1049,g95e5,1.835
2026-10-09T00:44Z,1049,gA,1.975
2026-10-09T00:44Z,1050,g95e5,1.889
2026-10-09T00:44Z,1050,gA,1.969
2026-10-09T00:44Z,1053,g95e5,1.889
2026-10-09T00:44Z,1053,gA,1.979
2026-10-09T00:44Z,1056,g95e5,1.869
2026-10-09T00:44Z,1056,gA,1.979
2026-10-09T00:44Z,1058,gA,2.019
2026-10-09T00:44Z,1058,g98e5,2.009
2026-10-09T00:44Z,1066,gA,1.989
2026-10-09T00:44Z,1066,g98e5,2.059
2026-10-09T00:44Z,1067,gA,2.005
2026-10-09T00:44Z,1067,g98e5,2.009
2026-10-09T00:44Z,1069,g95e5,1.879
2026-10-09T00:44Z,1069,g98e5,1.999
2026-10-09T00:44Z,1074,gA,1.985
2026-10-09T00:44Z,1074,g98e5,2.009
2026-10-09T00:44Z,1077,g95e5,1.835
2026-10-09T00:44Z,1077,gA,1.989
2026-10-09T00:44Z,1077,g98e5,1.965
2026-10-09T00:44Z,1080,g95e5,1.835
2026-10-09T00:44Z,1080,gA,1.965
2026-10-09T00:44Z,1081,gA,1.965
2026-10-09T00:44Z,1081,g98e5,2.005
2026-10-09T00:44Z,1085,g95e5,1.859
2026-10-09T00:44Z,1085,gA,1.995
2026-10-09T00:44Z,1085,g98e5,1.999
2026-10-09T00:44Z,1086,g95e5,1.859
2026-10-09T00:44Z,1086,gA,1.995
2026-10-09T00:44Z,1087,g95e5,1.885
2026-10-09T00:44Z,1087,gA,1.975
2026-10-09T00:44Z,1087,gP,2.065
2026-10-09T00:44Z,1087,g98e5,2.025
2026-10-09T00:44Z,1088,gA,1.989
2026-10-09T00:44Z,1088,g98e5,2.029
2026-10-09T00:44Z,1089,g95e5,1.859
2026-10-09T00:44Z,1089,gA,2.005
2026-10-09T00:44Z,1089,g98e5,1.979
2026-10-09T00:44Z,1090,g95e5,1.859
2026-10-09T00:44Z,1090,gA,2.005
2026-10-09T00:44Z,1090,g98e5,1.979
2026-10-09T00:44Z,1125,gA,1.891
2026-10-09T00:44Z,1125,gB,1.799
2026-10-09T00:44Z,1126,gA,1.897
2026-10-09T00:44Z,1126,gB,1.805
2026-10-09T00:44Z,1127,g95e5,1.829
2026-10-09T00:44Z,1127,gA,1.925
2026-10-09T00:44Z,1127,gP,2.035
2026-10-09T00:44Z,1127,g98e5,1.999
2026-10-09T00:44Z,1129,g95e5,1.865
2026-10-09T00:44Z,1129,gA,1.965
2026-10-09T00:44Z,1129,gP,2.055
2026-10-09T00:44Z,1129,g98e5,2.005
2026-10-09T00:44Z,1130,g95e5,1.875
2026-10-09T00:44Z,1130,gP,2.025
2026-10-09T00:44Z,1130,g98e5,2.035
2026-10-09T00:44Z,1131,g95e5,1.875
2026-10-09T00:44Z,1131,gP,2.025
2026-10-09T00:44Z,1131,g98e5,2.035
2026-10-09T00:44Z,1132,g95e5,1.829
2026-10-09T00:44Z,1132,g98e5,1.999
2026-10-09T00:44Z,1133,g95e5,1.835
2026-10-09T00:44Z,1133,gA,1.925
2026-10-09T00:44Z,1133,gP,2.035
2026-10-09T00:44Z,1133,g98e5,2.005
2026-10-09T00:44Z,1136,g95e5,1.829
2026-10-09T00:44Z,1136,gA,1.925
2026-10-09T00:44Z,1136,gB,1.829
2026-10-09T00:44Z,1137,g95e5,1.829
2026-10-09T00:44Z,1137,gA,1.925
2026-10-09T00:44Z,1137,gB,1.829
2026-10-09T00:44Z,1143,g95e5,1.875
2026-10-09T00:44Z,1143,gA,1.959
2026-10-09T00:44Z,1143,g98e5,1.995
2026-10-09T00:44Z,1155,g95e5,1.865
2026-10-09T00:44Z,1155,gA,1.965
2026-10-09T00:44Z,1155,gP,2.055
2026-10-09T00:44Z,1155,g98e5,2.005
2026-10-09T00:44Z,1159,g95e5,1.829
2026-10-09T00:44Z,1159,gA,1.935
2026-10-09T00:44Z,1159,g98e5,1.999
2026-10-09T00:44Z,1163,g95e5,1.835
2026-10-09T00:44Z,1163,gA,1.945
2026-10-09T00:44Z,1163,gP,2.055
2026-10-09T00:44Z,1163,g98e5,2.005
2026-10-09T00:44Z,1171,gA,1.679
2026-10-09T00:44Z,1175,g95e5,1.875
2026-10-09T00:44Z,1175,gA,1.969
2026-10-09T00:44Z,1175,gP,2.029
2026-10-09T00:44Z,1180,g95e5,1.875
2026-10-09T00:44Z,1180,gA,1.965
2026-10-09T00:44Z,1180,g98e5,2.035
2026-10-09T00:44Z,1181,g95e5,1.875
2026-10-09T00:44Z,1181,gA,1.965
2026-10-09T00:44Z,1181,g98e5,2.035
2026-10-09T00:44Z,1183,g95e5,1.875
2026-10-09T00:44Z,1183,gA,1.969
2026-10-09T00:44Z,1183,g98e5,2.045
2026-10-09T00:44Z,1189,g95e5,1.848
2026-10-09T00:44Z,1189,gA,1.955
2026-10-09T00:44Z,1189,gP,2.040
2026-10-09T00:44Z,1189,gB,1.934
2026-10-09T00:44Z,1194,g95e5,1.829
2026-10-09T00:44Z,1194,gP,2.065
2026-10-09T00:44Z,1194,gB,1.795
2026-10-09T00:44Z,1196,g95e5,1.875
2026-10-09T00:44Z,1196,gP,2.025
2026-10-09T00:44Z,1196,g98e5,2.045
2026-10-09T00:44Z,1196,gB,1.795
2026-10-09T00:44Z,1197,g95e5,1.845
2026-10-09T00:44Z,1197,gA,1.969
2026-10-09T00:44Z,1197,gP,2.079
2026-10-09T00:44Z,1197,g98e5,2.015
2026-10-09T00:44Z,1197,g95e5p,1.915
2026-10-09T00:44Z,1198,g95e5,1.845
2026-10-09T00:44Z,1198,gA,1.969
2026-10-09T00:44Z,1198,gP,2.079
2026-10-09T00:44Z,1201,g95e5,1.829
2026-10-09T00:44Z,1201,gA,1.929
2026-10-09T00:44Z,1201,gP,2.039
2026-10-09T00:44Z,1201,gB,1.795
2026-10-09T00:44Z,1208,g95e5,1.835
2026-10-09T00:44Z,1208,gA,1.935
2026-10-09T00:44Z,1208,gP,2.045
2026-10-09T00:44Z,1213,gA,2.009
2026-10-09T00:44Z,1213,gP,2.099
2026-10-09T00:44Z,1215,g95e5,1.835
2026-10-09T00:44Z,1215,gA,1.945
2026-10-09T00:44Z,1215,g98e5,2.005
2026-10-09T00:44Z,1218,g95e5,1.829
2026-10-09T00:44Z,1218,gA,1.925
2026-10-09T00:44Z,1230,g95e5,1.865
2026-10-09T00:44Z,1230,gA,1.965
2026-10-09T00:44Z,1230,gP,2.055
2026-10-09T00:44Z,1230,g98e5,2.005
2026-10-09T00:44Z,1234,g95e5,1.875
2026-10-09T00:44Z,1234,gP,2.025
2026-10-09T00:44Z,1234,g98e5,2.045
2026-10-09T00:44Z,1235,g95e5,1.865
2026-10-09T00:44Z,1235,gA,1.965
2026-10-09T00:44Z,1235,gP,2.055
2026-10-09T00:44Z,1235,g98e5,2.005
2026-10-09T00:44Z,1236,g95e5,1.875
2026-10-09T00:44Z,1236,gA,1.969
2026-10-09T00:44Z,1236,gP,2.029
2026-10-09T00:44Z,1237,g95e5,1.875
2026-10-09T00:44Z,1237,gA,1.969
2026-10-09T00:44Z,1237,gP,2.029
2026-10-09T00:44Z,1237,g98e5,2.045
2026-10-09T00:44Z,1277,g95e5,1.769
2026-10-09T00:44Z,1277,gA,1.909
2026-10-09T00:44Z,1277,gP,1.989
2026-10-09T00:44Z,1277,gB,1.729
2026-10-09T00:44Z,1285,g95e5,1.938
2026-10-09T00:44Z,1285,gA,1.942
2026-10-09T00:44Z,1285,gP,1.987
2026-10-09T00:44Z,1288,g95e5,1.795
2026-10-09T00:44Z,1288,gA,1.929
2026-10-09T00:44Z,1288,gP,2.039
2026-10-09T00:44Z,1288,g98e5,1.965
2026-10-09T00:44Z,1289,g95e5,1.775
2026-10-09T00:44Z,1289,gA,1.919
2026-10-09T00:44Z,1289,gP,2.029
2026-10-09T00:44Z,1289,g98e5,1.945
2026-10-09T00:44Z,1291,g95e5,1.775
2026-10-09T00:44Z,1291,gA,1.909
2026-10-09T00:44Z,1291,gP,1.959
2026-10-09T00:44Z,1291,g98e5,1.885
2026-10-09T00:44Z,1291,gB,1.689
2026-10-09T00:44Z,1292,g95e5,1.779
2026-10-09T00:44Z,1292,gA,1.955
2026-10-09T00:44Z,1292,gB,1.685
2026-10-09T00:44Z,1304,gA,1.909
2026-10-09T00:44Z,1306,gA,1.929
2026-10-09T00:44Z,1306,g98e5,1.945
2026-10-09T00:44Z,1306,gB,1.739
2026-10-09T00:44Z,1308,g95e5,1.785
2026-10-09T00:44Z,1308,gA,1.919
2026-10-09T00:44Z,1308,g98e5,1.905
2026-10-09T00:44Z,1308,gB,1.685
2026-10-09T00:44Z,1312,g95e5,1.805
2026-10-09T00:44Z,1312,gA,1.949
2026-10-09T00:44Z,1312,gP,2.059
2026-10-09T00:44Z,1312,g98e5,1.975
2026-10-09T00:44Z,1312,gB,1.729
2026-10-09T00:44Z,1315,gA,1.965
2026-10-09T00:44Z,1315,g98e5,1.949
2026-10-09T00:44Z,1315,gB,1.745
2026-10-09T00:44Z,1316,gA,1.929
2026-10-09T00:44Z,1316,g98e5,1.935
2026-10-09T00:44Z,1317,gA,1.929
2026-10-09T00:44Z,1317,g98e5,1.935
2026-10-09T00:44Z,1318,g95e5,1.775
2026-10-09T00:44Z,1318,gA,1.909
2026-10-09T00:44Z,1318,g98e5,1.895
2026-10-09T00:44Z,1318,gB,1.719
2026-10-09T00:44Z,1320,g95e5,1.775
2026-10-09T00:44Z,1320,gA,1.919
2026-10-09T00:44Z,1320,gP,1.979
2026-10-09T00:44Z,1320,g98e5,1.945
2026-10-09T00:44Z,1320,g95e5p,1.845
2026-10-09T00:44Z,1320,gB,1.689
2026-10-09T00:44Z,1322,gA,1.909
2026-10-09T00:44Z,1322,g98e5,1.945
2026-10-09T00:44Z,1322,gB,1.709
2026-10-09T00:44Z,1325,gA,1.915
2026-10-09T00:44Z,1325,g98e5,1.945
2026-10-09T00:44Z,1326,gA,1.909
2026-10-09T00:44Z,1326,g98e5,1.945
2026-10-09T00:44Z,1327,gA,1.909
2026-10-09T00:44Z,1330,gA,1.965
2026-10-09T00:44Z,1330,g98e5,1.949
2026-10-09T00:44Z,1332,g95e5,1.815
2026-10-09T00:44Z,1332,gA,1.939
2026-10-09T00:44Z,1332,gP,1.999
2026-10-09T00:44Z,1332,g98e5,1.965
2026-10-09T00:44Z,1332,gB,1.729
2026-10-09T00:44Z,1333,gA,1.909
2026-10-09T00:44Z,1333,gB,1.709
2026-10-09T00:44Z,1339,g95e5,1.815
2026-10-09T00:44Z,1339,gA,1.939
2026-10-09T00:44Z,1339,g98e5,1.965
2026-10-09T00:44Z,1343,g95e5,1.795
2026-10-09T00:44Z,1343,gA,1.929
2026-10-09T00:44Z,1343,g95e5p,1.855
2026-10-09T00:44Z,1343,gB,1.745
2026-10-09T00:44Z,1344,g95e5,1.815
2026-10-09T00:44Z,1344,gA,1.959
2026-10-09T00:44Z,1345,gA,1.909
2026-10-09T00:44Z,1345,gB,1.685
2026-10-09T00:44Z,1346,g95e5,1.809
2026-10-09T00:44Z,1346,gA,1.939
2026-10-09T00:44Z,1346,g98e5,1.939
2026-10-09T00:44Z,1346,gB,1.739
2026-10-09T00:44Z,1347,g95e5,1.805
2026-10-09T00:44Z,1347,g98e5,1.975
2026-10-09T00:44Z,1347,gB,1.699
2026-10-09T00:44Z,1348,gA,1.959
2026-10-09T00:44Z,1349,gA,1.959
2026-10-09T00:44Z,1352,g95e5,1.809
2026-10-09T00:44Z,1352,gA,1.919
2026-10-09T00:44Z,1352,gP,2.009
2026-10-09T00:44Z,1352,g98e5,1.949
2026-10-09T00:44Z,1353,g95e5,1.809
2026-10-09T00:44Z,1353,gA,1.919
2026-10-09T00:44Z,1353,gP,2.009
2026-10-09T00:44Z,1353,g98e5,1.949
2026-10-09T00:44Z,1362,gA,1.882
2026-10-09T00:44Z,1365,gA,1.949
2026-10-09T00:44Z,1365,g98e5,1.929
2026-10-09T00:44Z,1365,gB,1.735
2026-10-09T00:44Z,1369,g95e5,1.809
2026-10-09T00:44Z,1369,gA,1.899
2026-10-09T00:44Z,1376,g95e5,1.849
2026-10-09T00:44Z,1376,gA,1.959
2026-10-09T00:44Z,1376,g98e5,2.019
2026-10-09T00:44Z,1376,gB,1.859
2026-10-09T00:44Z,1377,g95e5,1.849
2026-10-09T00:44Z,1377,gA,1.959
2026-10-09T00:44Z,1377,g98e5,2.019
2026-10-09T00:44Z,1377,gB,1.865
2026-10-09T00:44Z,1378,g95e5,1.875
2026-10-09T00:44Z,1378,gA,1.935
2026-10-09T00:44Z,1379,g95e5,1.875
2026-10-09T00:44Z,1379,gA,1.955
2026-10-09T00:44Z,1379,g98e5,2.035
2026-10-09T00:44Z,1381,g95e5,1.875
2026-10-09T00:44Z,1381,gA,1.945
2026-10-09T00:44Z,1381,g98e5,2.035
2026-10-09T00:44Z,1383,g95e5,1.835
2026-10-09T00:44Z,1383,gA,1.929
2026-10-09T00:44Z,1383,g98e5,2.005
2026-10-09T00:44Z,1385,g95e5,1.825
2026-10-09T00:44Z,1385,gA,1.955
2026-10-09T00:44Z,1385,g98e5,1.945
2026-10-09T00:44Z,1385,gB,1.819
2026-10-09T00:44Z,1388,g95e5,1.809
2026-10-09T00:44Z,1388,gA,1.909
2026-10-09T00:44Z,1388,g95e5p,1.869
2026-10-09T00:44Z,1388,gB,1.805
2026-10-09T00:44Z,1391,g95e5,1.805
2026-10-09T00:44Z,1391,gA,1.919
2026-10-09T00:44Z,1391,gP,1.979
2026-10-09T00:44Z,1391,g98e5,1.935
2026-10-09T00:44Z,1392,gA,1.919
2026-10-09T00:44Z,1392,g98e5,2.019
2026-10-09T00:44Z,1394,g95e5,1.809
2026-10-09T00:44Z,1394,gA,1.905
2026-10-09T00:44Z,1394,g98e5,1.979
2026-10-09T00:44Z,1394,gB,1.805
2026-10-09T00:44Z,1398,g95e5,1.839
2026-10-09T00:44Z,1398,gA,1.929
2026-10-09T00:44Z,1398,gP,1.979
2026-10-09T00:44Z,1398,g98e5,1.999
2026-10-09T00:44Z,1399,g95e5,1.875
2026-10-09T00:44Z,1399,gA,1.969
2026-10-09T00:44Z,1399,g98e5,1.995
2026-10-09T00:44Z,1399,g95e5p,1.945
2026-10-09T00:44Z,1403,g95e5,1.809
2026-10-09T00:44Z,1403,gA,1.925
2026-10-09T00:44Z,1403,g98e5,1.979
2026-10-09T00:44Z,1404,gA,1.905
2026-10-09T00:44Z,1404,gP,2.015
2026-10-09T00:44Z,1404,gB,1.729
2026-10-09T00:44Z,1405,g95e5,1.789
2026-10-09T00:44Z,1405,g98e5,1.899
2026-10-09T00:44Z,1405,gB,1.745
2026-10-09T00:44Z,1409,g95e5,1.855
2026-10-09T00:44Z,1409,gA,1.969
2026-10-09T00:44Z,1409,gB,1.865
2026-10-09T00:44Z,1410,g95e5,1.855
2026-10-09T00:44Z,1410,gA,1.969
2026-10-09T00:44Z,1410,g98e5,1.975
2026-10-09T00:44Z,1410,g95e5p,1.925
2026-10-09T00:44Z,1410,gB,1.865
2026-10-09T00:44Z,1413,g95e5,1.809
2026-10-09T00:44Z,1413,gA,1.905
2026-10-09T00:44Z,1413,g95e5p,1.889
2026-10-09T00:44Z,1414,g95e5,1.809
2026-10-09T00:44Z,1414,gA,1.905
2026-10-09T00:44Z,1414,g95e5p,1.889
2026-10-09T00:44Z,1415,g95e5,1.809
2026-10-09T00:44Z,1415,gA,1.905
2026-10-09T00:44Z,1415,g95e5p,1.889
2026-10-09T00:44Z,1416,g95e5,1.809
2026-10-09T00:44Z,1416,gA,1.905
2026-10-09T00:44Z,1416,g95e5p,1.889
2026-10-09T00:44Z,1419,g95e5,1.805
2026-10-09T00:44Z,1419,gA,1.919
2026-10-09T00:44Z,1419,gP,1.979
2026-10-09T00:44Z,1419,g98e5,1.935
2026-10-09T00:44Z,1419,gB,1.699
2026-10-09T00:44Z,1424,g95e5,1.775
2026-10-09T00:44Z,1424,gA,1.949
2026-10-09T00:44Z,1424,gP,2.059
2026-10-09T00:44Z,1424,g98e5,1.945
2026-10-09T00:44Z,1426,g95e5,1.819
2026-10-09T00:44Z,1426,gA,1.915
2026-10-09T00:44Z,1428,g95e5,1.825
2026-10-09T00:44Z,1428,gA,1.945
2026-10-09T00:44Z,1428,g98e5,1.995
2026-10-09T00:44Z,1429,g95e5,1.875
2026-10-09T00:44Z,1429,gA,1.905
2026-10-09T00:44Z,1429,g98e5,1.995
2026-10-09T00:44Z,1429,g95e5p,1.945
2026-10-09T00:44Z,1430,g95e5,1.875
2026-10-09T00:44Z,1430,gA,1.905
2026-10-09T00:44Z,1430,g98e5,1.995
2026-10-09T00:44Z,1430,g95e5p,1.945
2026-10-09T00:44Z,1433,g95e5,1.809
2026-10-09T00:44Z,1433,gB,1.809
2026-10-09T00:44Z,1439,gA,1.905
2026-10-09T00:44Z,1439,g98e5,1.979
2026-10-09T00:44Z,1440,gA,1.905
2026-10-09T00:44Z,1440,g98e5,1.979
2026-10-09T00:44Z,1443,gA,1.909
2026-10-09T00:44Z,1443,gP,2.019
2026-10-09T00:44Z,1443,g98e5,1.945
2026-10-09T00:44Z,1446,g95e5,1.809
2026-10-09T00:44Z,1446,gA,1.909
2026-10-09T00:44Z,1446,g98e5,1.979
2026-10-09T00:44Z,1448,g95e5,1.809
2026-10-09T00:44Z,1448,g98e5,1.979
2026-10-09T00:44Z,1448,gB,1.805
2026-10-09T00:44Z,1449,g95e5,1.859
2026-10-09T00:44Z,1449,gA,1.969
2026-10-09T00:44Z,1449,g98e5,1.979
2026-10-09T00:44Z,1452,g95e5,1.819
2026-10-09T00:44Z,1452,gA,1.949
2026-10-09T00:44Z,1452,g98e5,1.989
2026-10-09T00:44Z,1452,gB,1.805
2026-10-09T00:44Z,1454,g95e5,1.865
2026-10-09T00:44Z,1454,gA,1.935
2026-10-09T00:44Z,1454,g98e5,2.035
2026-10-09T00:44Z,1455,gA,1.905
2026-10-09T00:44Z,1455,gB,1.699
2026-10-09T00:44Z,1474,gA,1.939
2026-10-09T00:44Z,1474,g98e5,1.995
2026-10-09T00:44Z,1475,gA,1.939
2026-10-09T00:44Z,1475,gB,1.805
2026-10-09T00:44Z,1478,g95e5,1.875
2026-10-09T00:44Z,1478,gA,1.935
2026-10-09T00:44Z,1478,g98e5,1.995
2026-10-09T00:44Z,1504,gA,1.915
2026-10-09T00:44Z,1504,g98e5,1.945
2026-10-09T00:44Z,1504,gB,1.699
2026-10-09T00:44Z,1510,g95e5,1.809
2026-10-09T00:44Z,1510,gA,1.949
2026-10-09T00:44Z,1510,g98e5,1.929
2026-10-09T00:44Z,1511,g95e5,1.789
2026-10-09T00:44Z,1511,gA,1.929
2026-10-09T00:44Z,1511,gP,2.039
2026-10-09T00:44Z,1511,g98e5,1.959
2026-10-09T00:44Z,1511,gB,1.735
2026-10-09T00:44Z,1512,g95e5,1.789
2026-10-09T00:44Z,1512,gA,1.929
2026-10-09T00:44Z,1512,gP,2.039
2026-10-09T00:44Z,1516,g95e5,1.875
2026-10-09T00:44Z,1516,g98e5,2.035
2026-10-09T00:44Z,1517,g95e5,1.809
2026-10-09T00:44Z,1517,gA,1.915
2026-10-09T00:44Z,1517,g98e5,1.979
2026-10-09T00:44Z,1519,g95e5,1.815
2026-10-09T00:44Z,1519,gA,1.919
2026-10-09T00:44Z,1519,gP,1.969
2026-10-09T00:44Z,1519,g98e5,1.935
2026-10-09T00:44Z,1520,g95e5,1.815
2026-10-09T00:44Z,1520,gA,1.919
2026-10-09T00:44Z,1520,gP,1.969
2026-10-09T00:44Z,1520,g98e5,1.935
2026-10-09T00:44Z,1521,gA,1.939
2026-10-09T00:44Z,1521,g98e5,1.995
2026-10-09T00:44Z,1522,gA,1.939
2026-10-09T00:44Z,1522,g98e5,1.995
2026-10-09T00:44Z,1523,g95e5,1.845
2026-10-09T00:44Z,1523,gA,1.929
2026-10-09T00:44Z,1528,g95e5,1.809
2026-10-09T00:44Z,1528,gB,1.859
2026-10-09T00:44Z,1530,g95e5,1.809
2026-10-09T00:44Z,1530,gA,1.905
2026-10-09T00:44Z,1530,gB,1.805
2026-10-09T00:44Z,1531,g95e5,1.809
2026-10-09T00:44Z,1531,gB,1.865
2026-10-09T00:44Z,1532,gA,1.905
2026-10-09T00:44Z,1532,gB,1.699
2026-10-09T00:44Z,1534,g95e5,1.809
2026-10-09T00:44Z,1534,gA,1.909
2026-10-09T00:44Z,1535,g95e5,1.839
2026-10-09T00:44Z,1535,g98e5,2.009
2026-10-09T00:44Z,1540,g95e5,1.729
2026-10-09T00:44Z,1540,gA,1.935
2026-10-09T00:44Z,1561,g95e5,1.888
2026-10-09T00:44Z,1561,gA,1.969
2026-10-09T00:44Z,1561,gP,2.074
2026-10-09T00:44Z,1561,g95e5p,1.928
2026-10-09T00:44Z,1590,g95e5,1.789
2026-10-09T00:44Z,1594,gB,1.917
2026-10-09T00:44Z,1636,gB,1.734
2026-10-09T00:44Z,1637,g95e5,1.809
2026-10-09T00:44Z,1637,gA,1.909
2026-10-09T00:44Z,1637,g98e5,1.929
2026-10-09T00:44Z,1699,gP,2.059
2026-10-09T00:44Z,1700,gP,2.059
2026-10-09T00:44Z,1776,g95e5,1.825
2026-10-09T00:44Z,1776,gA,1.979
2026-10-09T00:44Z,1776,gP,2.069
2026-10-09T00:44Z,1776,g98e5,1.965
2026-10-09T00:44Z,1784,gA,1.969
2026-10-09T00:44Z,1784,gP,2.059
2026-10-09T00:44Z,1792,g95e5,1.839
2026-10-09T00:44Z,1792,gA,1.969
2026-10-09T00:44Z,1792,gP,2.059
2026-10-09T00:44Z,1792,g98e5,1.979
2026-10-09T00:44Z,1793,g95e5,1.789
2026-10-09T00:44Z,1793,gA,1.909
2026-10-09T00:44Z,1793,gP,1.969
2026-10-09T00:44Z,1793,g98e5,1.959
2026-10-09T00:44Z,1797,g95e5,1.809
2026-10-09T00:44Z,1797,gA,1.979
2026-10-09T00:44Z,1797,g98e5,1.929
2026-10-09T00:44Z,1797,g95e5p,1.879
2026-10-09T00:44Z,1800,g95e5,1.815
2026-10-09T00:44Z,1800,gA,1.945
2026-10-09T00:44Z,1800,gP,2.005
2026-10-09T00:44Z,1800,g98e5,1.935
2026-10-09T00:44Z,1801,g95e5,1.815
2026-10-09T00:44Z,1801,gA,1.945
2026-10-09T00:44Z,1801,gP,2.005
2026-10-09T00:44Z,1801,g98e5,1.935
2026-10-09T00:44Z,1805,g95e5,1.829
2026-10-09T00:44Z,1805,gA,1.889
2026-10-09T00:44Z,1806,g95e5,1.799
2026-10-09T00:44Z,1806,gA,1.959
2026-10-09T00:44Z,1807,g95e5,1.869
2026-10-09T00:44Z,1807,gA,1.895
2026-10-09T00:44Z,1807,gP,1.955
2026-10-09T00:44Z,1807,g98e5,1.989
2026-10-09T00:44Z,1807,g95e5p,1.939
2026-10-09T00:44Z,1808,g95e5,1.849
2026-10-09T00:44Z,1808,gA,1.945
2026-10-09T00:44Z,1808,g98e5,1.969
2026-10-09T00:44Z,1808,g95e5p,1.919
2026-10-09T00:44Z,1813,g95e5,1.885
2026-10-09T00:44Z,1813,gA,1.929
2026-10-09T00:44Z,1813,gP,1.989
2026-10-09T00:44Z,1815,g95e5,1.789
2026-10-09T00:44Z,1815,gA,1.975
2026-10-09T00:44Z,1815,gP,2.035
2026-10-09T00:44Z,1815,g98e5,1.959
2026-10-09T00:44Z,1818,g95e5,1.859
2026-10-09T00:44Z,1818,gA,1.935
2026-10-09T00:44Z,1818,gP,2.025
2026-10-09T00:44Z,1818,g98e5,1.979
2026-10-09T00:44Z,1819,g95e5,1.845
2026-10-09T00:44Z,1819,gA,1.975
2026-10-09T00:44Z,1819,g98e5,1.965
2026-10-09T00:44Z,1824,g95e5,1.855
2026-10-09T00:44Z,1824,gA,1.905
2026-10-09T00:44Z,1824,g98e5,1.985
2026-10-09T00:44Z,1825,g95e5,1.765
2026-10-09T00:44Z,1825,gP,1.985
2026-10-09T00:44Z,1827,gA,2.009
2026-10-09T00:44Z,1827,g98e5,2.035
2026-10-09T00:44Z,1828,g95e5,1.845
2026-10-09T00:44Z,1828,gA,1.889
2026-10-09T00:44Z,1828,gP,1.999
2026-10-09T00:44Z,1828,g98e5,1.965
2026-10-09T00:44Z,1829,g95e5,1.799
2026-10-09T00:44Z,1829,gA,1.909
2026-10-09T00:44Z,1829,gP,1.969
2026-10-09T00:44Z,1829,g98e5,1.919
2026-10-09T00:44Z,1833,g95e5,1.845
2026-10-09T00:44Z,1833,gA,1.915
2026-10-09T00:44Z,1833,gP,2.025
2026-10-09T00:44Z,1833,g98e5,1.965
2026-10-09T00:44Z,1834,gP,2.059
2026-10-09T00:44Z,1835,g95e5,1.865
2026-10-09T00:44Z,1835,gA,1.995
2026-10-09T00:44Z,1835,g98e5,1.985
2026-10-09T00:44Z,1835,g95e5p,1.935
2026-10-09T00:44Z,1838,g95e5,1.735
2026-10-09T00:44Z,1838,gA,1.895
2026-10-09T00:44Z,1838,g98e5,1.905
2026-10-09T00:44Z,1842,g95e5,1.789
2026-10-09T00:44Z,1842,gA,1.975
2026-10-09T00:44Z,1842,g98e5,1.909
2026-10-09T00:44Z,1844,g95e5,1.839
2026-10-09T00:44Z,1844,gA,1.955
2026-10-09T00:44Z,1844,g98e5,1.969
2026-10-09T00:44Z,1851,g95e5,1.815
2026-10-09T00:44Z,1851,gA,1.925
2026-10-09T00:44Z,1851,g98e5,1.935
2026-10-09T00:44Z,1851,g95e5p,1.885
2026-10-09T00:44Z,1854,g95e5,1.799
2026-10-09T00:44Z,1854,gA,1.919
2026-10-09T00:44Z,1854,gP,1.979
2026-10-09T00:44Z,1854,g98e5,1.919
2026-10-09T00:44Z,1855,g95e5,1.789
2026-10-09T00:44Z,1855,gA,1.935
2026-10-09T00:44Z,1855,gP,1.995
2026-10-09T00:44Z,1855,g98e5,1.959
2026-10-09T00:44Z,1856,g95e5,1.789
2026-10-09T00:44Z,1856,gA,1.989
2026-10-09T00:44Z,1856,g98e5,1.909
2026-10-09T00:44Z,1856,g95e5p,1.859
2026-10-09T00:44Z,1867,g95e5,1.799
2026-10-09T00:44Z,1867,gA,1.969
2026-10-09T00:44Z,1867,gP,2.029
2026-10-09T00:44Z,1867,g98e5,1.939
2026-10-09T00:44Z,1868,g95e5,1.845
2026-10-09T00:44Z,1868,gA,1.939
2026-10-09T00:44Z,1868,g98e5,1.965
2026-10-09T00:44Z,1868,g95e5p,1.905
2026-10-09T00:44Z,1874,gA,1.769
2026-10-09T00:44Z,1885,g95e5,1.899
2026-10-09T00:44Z,1885,gP,2.019
2026-10-09T00:44Z,1885,g98e5,2.069
2026-10-09T00:44Z,1885,gB,1.735
2026-10-09T00:44Z,1886,g95e5,1.845
2026-10-09T00:44Z,1886,gA,1.975
2026-10-09T00:44Z,1886,gP,2.065
2026-10-09T00:44Z,1886,g98e5,1.985
2026-10-09T00:44Z,1896,g95e5,1.829
2026-10-09T00:44Z,1896,gA,1.925
2026-10-09T00:44Z,1896,gP,2.015
2026-10-09T00:44Z,1896,g98e5,1.969
2026-10-09T00:44Z,1899,g95e5,1.905
2026-10-09T00:44Z,1899,gA,1.955
2026-10-09T00:44Z,1899,gP,2.045
2026-10-09T00:44Z,1899,g98e5,2.045
2026-10-09T00:44Z,1909,g95e5,1.829
2026-10-09T00:44Z,1909,gA,1.935
2026-10-09T00:44Z,1909,gP,1.995
2026-10-09T00:44Z,1909,g98e5,1.989
2026-10-09T00:44Z,1909,g95e5p,1.899
2026-10-09T00:44Z,1924,gA,1.769
2026-10-09T00:44Z,1925,g95e5,1.759
2026-10-09T00:44Z,1925,g98e5,1.869
2026-10-09T00:44Z,1965,g95e5,1.809
2026-10-09T00:44Z,1965,gA,1.959
2026-10-09T00:44Z,1965,gP,2.019
2026-10-09T00:44Z,1973,g95e5,1.809
2026-10-09T00:44Z,1973,gA,1.949
2026-10-09T00:44Z,1973,g98e5,1.979
2026-10-09T00:44Z,1975,g95e5,1.809
2026-10-09T00:44Z,1975,gA,1.905
2026-10-09T00:44Z,1975,g98e5,1.979
2026-10-09T00:44Z,1976,g95e5,1.815
2026-10-09T00:44Z,1976,gA,1.929
2026-10-09T00:44Z,1976,g98e5,1.925
2026-10-09T00:44Z,1976,gB,1.865
2026-10-09T00:44Z,1977,g95e5,1.815
2026-10-09T00:44Z,1977,gA,1.929
2026-10-09T00:44Z,1977,g98e5,1.925
2026-10-09T00:44Z,1977,gB,1.865
2026-10-09T00:44Z,1980,g95e5,1.809
2026-10-09T00:44Z,1980,gA,1.869
2026-10-09T00:44Z,1980,g98e5,1.949
2026-10-09T00:44Z,1980,glp,1.139
2026-10-09T00:44Z,1982,g95e5,1.839
2026-10-09T00:44Z,1982,gA,1.935
2026-10-09T00:44Z,1982,g98e5,2.009
2026-10-09T00:44Z,1986,g95e5,1.875
2026-10-09T00:44Z,1986,gA,1.935
2026-10-09T00:44Z,1986,g98e5,1.995
2026-10-09T00:44Z,1986,g95e5p,1.945
2026-10-09T00:44Z,2006,g95e5,1.845
2026-10-09T00:44Z,2006,gA,1.965
2026-10-09T00:44Z,2006,g98e5,1.965
2026-10-09T00:44Z,2006,g95e5p,1.915
2026-10-09T00:44Z,2026,g95e5,1.845
2026-10-09T00:44Z,2026,gA,1.919
2026-10-09T00:44Z,2026,gP,2.029
2026-10-09T00:44Z,2026,g98e5,2.015
2026-10-09T00:44Z,2056,g95e5,1.789
2026-10-09T00:44Z,2056,gA,2.009
2026-10-09T00:44Z,2056,gP,2.099
2026-10-09T00:44Z,2056,g98e5,1.929
2026-10-09T00:44Z,2060,g95e5,1.869
2026-10-09T00:44Z,2060,gA,1.929
2026-10-09T00:44Z,2060,gP,2.019
2026-10-09T00:44Z,2060,g98e5,2.009
2026-10-09T00:44Z,2063,g95e5,1.809
2026-10-09T00:44Z,2063,gA,1.915
2026-10-09T00:44Z,2063,gP,1.975
2026-10-09T00:44Z,2063,g98e5,1.979
2026-10-09T00:44Z,2064,g95e5,1.789
2026-10-09T00:44Z,2064,gA,1.935
2026-10-09T00:44Z,2064,gP,1.995
2026-10-09T00:44Z,2064,g98e5,1.959
2026-10-09T00:44Z,2070,g95e5,1.875
2026-10-09T00:44Z,2070,gA,1.889
2026-10-09T00:44Z,2070,gP,1.999
2026-10-09T00:44Z,2070,g98e5,1.995
2026-10-09T00:44Z,2071,g95e5,1.875
2026-10-09T00:44Z,2071,gA,1.939
2026-10-09T00:44Z,2071,gP,2.049
2026-10-09T00:44Z,2074,g95e5,1.839
2026-10-09T00:44Z,2074,gA,1.985
2026-10-09T00:44Z,2074,gP,2.075
2026-10-09T00:44Z,2074,g98e5,1.979
2026-10-09T00:44Z,2075,g95e5,1.855
2026-10-09T00:44Z,2075,gA,1.919
2026-10-09T00:44Z,2075,gP,1.979
2026-10-09T00:44Z,2075,g98e5,1.975
2026-10-09T00:44Z,2076,g95e5,1.855
2026-10-09T00:44Z,2076,gA,1.919
2026-10-09T00:44Z,2076,gP,1.979
2026-10-09T00:44Z,2076,g98e5,1.975
2026-10-09T00:44Z,2079,g95e5,1.835
2026-10-09T00:44Z,2079,gA,1.979
2026-10-09T00:44Z,2079,g98e5,1.955
2026-10-09T00:44Z,2079,gB,1.889
2026-10-09T00:44Z,2080,g95e5,1.839
2026-10-09T00:44Z,2080,gA,1.985
2026-10-09T00:44Z,2080,gP,2.075
2026-10-09T00:44Z,2080,g98e5,1.979
2026-10-09T00:44Z,2081,g95e5,1.869
2026-10-09T00:44Z,2081,gA,1.989
2026-10-09T00:44Z,2081,g98e5,1.989
2026-10-09T00:44Z,2081,g95e5p,1.949
2026-10-09T00:44Z,2083,g95e5,1.845
2026-10-09T00:44Z,2083,gA,1.969
2026-10-09T00:44Z,2084,g95e5,1.789
2026-10-09T00:44Z,2084,gA,1.939
2026-10-09T00:44Z,2084,g98e5,1.909
2026-10-09T00:44Z,2084,g95e5p,1.869
2026-10-09T00:44Z,2085,g95e5,1.789
2026-10-09T00:44Z,2085,gA,1.919
2026-10-09T00:44Z,2085,gP,1.979
2026-10-09T00:44Z,2085,g98e5,1.909
2026-10-09T00:44Z,2089,g95e5,1.859
2026-10-09T00:44Z,2089,gA,1.945
2026-10-09T00:44Z,2089,g98e5,1.989
2026-10-09T00:44Z,2090,g95e5,1.839
2026-10-09T00:44Z,2090,gA,1.945
2026-10-09T00:44Z,2095,g95e5,1.825
2026-10-09T00:44Z,2095,gA,1.915
2026-10-09T00:44Z,2095,gP,1.965
2026-10-09T00:44Z,2095,g98e5,1.935
2026-10-09T00:44Z,2095,g95e5p,1.885
2026-10-09T00:44Z,2099,g95e5,1.739
2026-10-09T00:44Z,2099,gP,1.985
2026-10-09T00:44Z,2099,g98e5,1.909
2026-10-09T00:44Z,2100,gP,2.059
2026-10-09T00:44Z,2112,g95e5,1.849
2026-10-09T00:44Z,2112,gA,1.925
2026-10-09T00:44Z,2112,gP,2.015
2026-10-09T00:44Z,2112,g98e5,1.989
2026-10-09T00:44Z,2117,g95e5,1.799
2026-10-09T00:44Z,2117,gA,1.955
2026-10-09T00:44Z,2117,gP,2.015
2026-10-09T00:44Z,2117,gB,1.825
2026-10-09T00:44Z,2129,g95e5,1.775
2026-10-09T00:44Z,2129,gA,1.929
2026-10-09T00:44Z,2132,g95e5,1.839
2026-10-09T00:44Z,2132,gA,1.955
2026-10-09T00:44Z,2132,g98e5,1.959
2026-10-09T00:44Z,2133,g95e5,1.775
2026-10-09T00:44Z,2133,gA,1.959
2026-10-09T00:44Z,2134,g95e5,1.815
2026-10-09T00:44Z,2134,gA,1.929
2026-10-09T00:44Z,2134,g98e5,1.925
2026-10-09T00:44Z,2134,g95e5p,1.875
2026-10-09T00:44Z,2136,gA,1.715
2026-10-09T00:44Z,2136,gP,1.815
2026-10-09T00:44Z,2140,g95e5,1.799
2026-10-09T00:44Z,2140,gA,1.935
2026-10-09T00:44Z,2141,gA,1.929
2026-10-09T00:44Z,2143,g95e5,1.839
2026-10-09T00:44Z,2143,gA,1.949
2026-10-09T00:44Z,2143,gP,2.069
2026-10-09T00:44Z,2143,g98e5,1.959
2026-10-09T00:44Z,2144,g95e5,1.849
2026-10-09T00:44Z,2144,gA,1.925
2026-10-09T00:44Z,2144,gP,2.015
2026-10-09T00:44Z,2144,g98e5,1.989
2026-10-09T00:44Z,2148,g95e5,1.825
2026-10-09T00:44Z,2148,g98e5,1.965
2026-10-09T00:44Z,2153,g95e5,1.805
2026-10-09T00:44Z,2153,gA,1.925
2026-10-09T00:44Z,2153,gP,2.015
2026-10-09T00:44Z,2153,g98e5,1.945
2026-10-09T00:44Z,2156,g95e5,1.775
2026-10-09T00:44Z,2156,gA,1.935
2026-10-09T00:44Z,2156,g98e5,1.885
2026-10-09T00:44Z,2158,g95e5,1.825
2026-10-09T00:44Z,2158,gA,1.945
2026-10-09T00:44Z,2158,g98e5,1.945
2026-10-09T00:44Z,2160,g95e5,1.785
2026-10-09T00:44Z,2160,gA,1.905
2026-10-09T00:44Z,2160,g98e5,1.905
2026-10-09T00:44Z,2161,g95e5,1.775
2026-10-09T00:44Z,2161,gA,1.959
2026-10-09T00:44Z,2161,g98e5,1.795
2026-10-09T00:44Z,2161,gB,1.769
2026-10-09T00:44Z,2164,g95e5,1.819
2026-10-09T00:44Z,2164,gA,1.939
2026-10-09T00:44Z,2164,gP,2.029
2026-10-09T00:44Z,2164,g98e5,1.949
2026-10-09T00:44Z,2164,g95e5p,1.879
2026-10-09T00:44Z,2169,g95e5,1.775
2026-10-09T00:44Z,2169,gA,1.895
2026-10-09T00:44Z,2171,g95e5,1.805
2026-10-09T00:44Z,2171,gA,1.915
2026-10-09T00:44Z,2171,g98e5,1.925
2026-10-09T00:44Z,2171,gB,1.819
2026-10-09T00:44Z,2172,g95e5,1.805
2026-10-09T00:44Z,2172,gA,1.945
2026-10-09T00:44Z,2172,g98e5,1.925
2026-10-09T00:44Z,2173,g95e5,1.775
2026-10-09T00:44Z,2173,gA,1.929
2026-10-09T00:44Z,2174,g95e5,1.785
2026-10-09T00:44Z,2174,gA,1.949
2026-10-09T00:44Z,2174,g98e5,1.905
2026-10-09T00:44Z,2178,gA,1.715
2026-10-09T00:44Z,2178,gP,1.815
2026-10-09T00:44Z,2179,g95e5,1.775
2026-10-09T00:44Z,2179,gA,1.945
2026-10-09T00:44Z,2187,g95e5,1.869
2026-10-09T00:44Z,2187,g98e5,1.969
2026-10-09T00:44Z,2189,g95e5,1.839
2026-10-09T00:44Z,2189,gA,1.895
2026-10-09T00:44Z,2189,gP,1.955
2026-10-09T00:44Z,2210,g95e5,1.845
2026-10-09T00:44Z,2210,gA,1.929
2026-10-09T00:44Z,2210,g98e5,1.955
2026-10-09T00:44Z,2210,g95e5p,1.905
2026-10-09T00:44Z,2213,g95e5,1.799
2026-10-09T00:44Z,2213,gA,1.949
2026-10-09T00:44Z,2213,g98e5,1.919
2026-10-09T00:44Z,2213,g95e5p,1.879
2026-10-09T00:44Z,2214,g95e5,1.839
2026-10-09T00:44Z,2214,gA,1.959
2026-10-09T00:44Z,2214,g98e5,1.959
2026-10-09T00:44Z,2214,g95e5p,1.909
2026-10-09T00:44Z,2215,g95e5,1.839
2026-10-09T00:44Z,2215,gA,1.959
2026-10-09T00:44Z,2215,g98e5,1.959
2026-10-09T00:44Z,2218,g95e5,1.875
2026-10-09T00:44Z,2218,gA,1.945
2026-10-09T00:44Z,2218,gP,2.005
2026-10-09T00:44Z,2218,g98e5,1.995
2026-10-09T00:44Z,2219,g95e5,1.789
2026-10-09T00:44Z,2219,gA,1.919
2026-10-09T00:44Z,2219,g98e5,1.909
2026-10-09T00:44Z,2221,g95e5,1.789
2026-10-09T00:44Z,2221,gA,1.949
2026-10-09T00:44Z,2221,g98e5,1.919
2026-10-09T00:44Z,2222,g95e5,1.775
2026-10-09T00:44Z,2222,gA,1.919
2026-10-09T00:44Z,2222,gP,1.979
2026-10-09T00:44Z,2223,g95e5,1.839
2026-10-09T00:44Z,2223,gA,1.955
2026-10-09T00:44Z,2223,g98e5,1.959
2026-10-09T00:44Z,2223,g95e5p,1.899
2026-10-09T00:44Z,2224,g95e5,1.869
2026-10-09T00:44Z,2224,gA,1.959
2026-10-09T00:44Z,2224,g98e5,1.989
2026-10-09T00:44Z,2225,g95e5,1.859
2026-10-09T00:44Z,2225,gA,1.945
2026-10-09T00:44Z,2225,gP,1.995
2026-10-09T00:44Z,2225,g98e5,1.969
2026-10-09T00:44Z,2231,g95e5,1.885
2026-10-09T00:44Z,2231,gA,1.945
2026-10-09T00:44Z,2231,gB,1.855
2026-10-09T00:44Z,2233,g95e5,1.825
2026-10-09T00:44Z,2233,gA,1.979
2026-10-09T00:44Z,2233,g98e5,1.945
2026-10-09T00:44Z,2237,g95e5,1.875
2026-10-09T00:44Z,2237,gA,1.969
2026-10-09T00:44Z,2237,g98e5,1.995
2026-10-09T00:44Z,2237,g95e5p,1.945
2026-10-09T00:44Z,2238,g95e5,1.845
2026-10-09T00:44Z,2238,gA,1.965
2026-10-09T00:44Z,2238,g98e5,1.965
2026-10-09T00:44Z,2238,g95e5p,1.915
2026-10-09T00:44Z,2239,g95e5,1.775
2026-10-09T00:44Z,2239,gA,1.945
2026-10-09T00:44Z,2239,gP,2.005
2026-10-09T00:44Z,2239,g98e5,1.945
2026-10-09T00:44Z,2241,g95e5,1.845
2026-10-09T00:44Z,2241,gA,2.009
2026-10-09T00:44Z,2241,g98e5,1.965
2026-10-09T00:44Z,2243,g95e5,1.789
2026-10-09T00:44Z,2243,gA,1.909
2026-10-09T00:44Z,2243,g98e5,1.909
2026-10-09T00:44Z,2249,g95e5,1.869
2026-10-09T00:44Z,2249,gA,1.939
2026-10-09T00:44Z,2249,gP,2.029
2026-10-09T00:44Z,2249,g98e5,2.009
2026-10-09T00:44Z,2255,g95e5,1.885
2026-10-09T00:44Z,2255,gA,1.989
2026-10-09T00:44Z,2255,g98e5,2.005
2026-10-09T00:44Z,2256,g95e5,1.765
2026-10-09T00:44Z,2256,gA,1.895
2026-10-09T00:44Z,2256,g98e5,1.905
2026-10-09T00:44Z,2257,g95e5,1.769
2026-10-09T00:44Z,2257,g98e5,1.889
2026-10-09T00:44Z,2266,g95e5,1.879
2026-10-09T00:44Z,2266,gA,1.929
2026-10-09T00:44Z,2266,gP,2.019
2026-10-09T00:44Z,2266,g98e5,2.019
2026-10-09T00:44Z,2270,g95e5,1.839
2026-10-09T00:44Z,2270,gP,2.025
2026-10-09T00:44Z,2270,g98e5,1.959
2026-10-09T00:44Z,2273,g95e5,1.859
2026-10-09T00:44Z,2273,gA,1.929
2026-10-09T00:44Z,2273,gP,1.989
2026-10-09T00:44Z,2273,g98e5,1.979
2026-10-09T00:44Z,2273,g95e5p,1.929
2026-10-09T00:44Z,2274,g95e5,1.789
2026-10-09T00:44Z,2274,gA,1.949
2026-10-09T00:44Z,2274,g98e5,1.919
2026-10-09T00:44Z,2276,gA,1.939
2026-10-09T00:44Z,2285,g95e5,1.789
2026-10-09T00:44Z,2285,gA,1.915
2026-10-09T00:44Z,2285,g98e5,1.909
2026-10-09T00:44Z,2285,g95e5p,1.859
2026-10-09T00:44Z,2288,g95e5,1.845
2026-10-09T00:44Z,2288,gA,1.899
2026-10-09T00:44Z,2288,gP,1.949
2026-10-09T00:44Z,2288,g98e5,1.965
2026-10-09T00:44Z,2290,g95e5,1.835
2026-10-09T00:44Z,2290,gA,2.005
2026-10-09T00:44Z,2290,g98e5,1.955
2026-10-09T00:44Z,2290,g95e5p,1.915
2026-10-09T00:44Z,2292,g95e5,1.789
2026-10-09T00:44Z,2292,gA,1.935
2026-10-09T00:44Z,2292,gP,1.995
2026-10-09T00:44Z,2292,g98e5,1.909
2026-10-09T00:44Z,2294,g95e5,1.735
2026-10-09T00:44Z,2294,gA,1.895
2026-10-09T00:44Z,2294,g98e5,1.905
2026-10-09T00:44Z,2296,g95e5,1.805
2026-10-09T00:44Z,2296,gA,1.939
2026-10-09T00:44Z,2296,g98e5,1.925
2026-10-09T00:44Z,2296,g95e5p,1.875
2026-10-09T00:44Z,2298,g95e5,1.789
2026-10-09T00:44Z,2298,gA,1.949
2026-10-09T00:44Z,2298,g98e5,1.909
2026-10-09T00:44Z,2300,g95e5,1.819
2026-10-09T00:44Z,2300,gA,1.959
2026-10-09T00:44Z,2300,g98e5,1.939
2026-10-09T00:44Z,2300,g95e5p,1.899
2026-10-09T00:44Z,2301,g95e5,1.805
2026-10-09T00:44Z,2301,gA,1.945
2026-10-09T00:44Z,2301,g98e5,1.925
2026-10-09T00:44Z,2304,g95e5,1.885
2026-10-09T00:44Z,2304,gA,1.925
2026-10-09T00:44Z,2304,g98e5,2.005
2026-10-09T00:44Z,2305,g95e5,1.869
2026-10-09T00:44Z,2305,gA,1.995
2026-10-09T00:44Z,2305,g98e5,1.989
2026-10-09T00:44Z,2306,g95e5,1.849
2026-10-09T00:44Z,2306,gA,2.009
2026-10-09T00:44Z,2306,gP,2.099
2026-10-09T00:44Z,2306,g98e5,1.989
2026-10-09T00:44Z,2307,g95e5,1.809
2026-10-09T00:44Z,2307,gA,1.969
2026-10-09T00:44Z,2307,gP,2.029
2026-10-09T00:44Z,2307,g98e5,1.929
2026-10-09T00:44Z,2309,g95e5,1.835
2026-10-09T00:44Z,2309,gA,1.905
2026-10-09T00:44Z,2309,gP,1.955
2026-10-09T00:44Z,2309,g98e5,1.945
2026-10-09T00:44Z,2309,g95e5p,1.905
2026-10-09T00:44Z,2311,g95e5,1.829
2026-10-09T00:44Z,2311,gA,1.895
2026-10-09T00:44Z,2311,gP,1.955
2026-10-09T00:44Z,2311,g95e5p,1.899
2026-10-09T00:44Z,2312,g95e5,1.795
2026-10-09T00:44Z,2312,gA,1.939
2026-10-09T00:44Z,2312,gP,1.999
2026-10-09T00:44Z,2312,g98e5,1.965
2026-10-09T00:44Z,2316,g95e5,1.849
2026-10-09T00:44Z,2316,gP,2.035
2026-10-09T00:44Z,2316,g98e5,1.969
2026-10-09T00:44Z,2316,gB,1.855
2026-10-09T00:44Z,2318,g95e5,1.825
2026-10-09T00:44Z,2318,gA,1.979
2026-10-09T00:44Z,2318,gP,2.069
2026-10-09T00:44Z,2318,g98e5,1.965
2026-10-09T00:44Z,2322,g95e5,1.839
2026-10-09T00:44Z,2322,gA,1.959
2026-10-09T00:44Z,2322,g98e5,2.009
2026-10-09T00:44Z,2323,g95e5,1.829
2026-10-09T00:44Z,2323,gA,1.999
2026-10-09T00:44Z,2323,g98e5,1.949
2026-10-09T00:44Z,2326,g95e5,1.805
2026-10-09T00:44Z,2326,gA,1.965
2026-10-09T00:44Z,2326,g98e5,1.925
2026-10-09T00:44Z,2330,g95e5,1.855
2026-10-09T00:44Z,2330,gA,1.905
2026-10-09T00:44Z,2330,gP,2.005
2026-10-09T00:44Z,2330,g98e5,1.975
2026-10-09T00:44Z,2331,g95e5,1.825
2026-10-09T00:44Z,2331,gA,1.949
2026-10-09T00:44Z,2331,g98e5,1.935
2026-10-09T00:44Z,2332,g95e5,1.879
2026-10-09T00:44Z,2332,gA,1.945
2026-10-09T00:44Z,2332,g98e5,1.999
2026-10-09T00:44Z,2333,g95e5,1.839
2026-10-09T00:44Z,2333,gA,1.999
2026-10-09T00:44Z,2333,gP,2.089
2026-10-09T00:44Z,2333,g98e5,1.979
2026-10-09T00:44Z,2334,g95e5,1.885
2026-10-09T00:44Z,2334,gA,1.959
2026-10-09T00:44Z,2334,g98e5,2.005
2026-10-09T00:44Z,2335,g95e5,1.859
2026-10-09T00:44Z,2335,gA,1.965
2026-10-09T00:44Z,2335,g98e5,1.979
2026-10-09T00:44Z,2341,g95e5,1.885
2026-10-09T00:44Z,2341,gA,1.945
2026-10-09T00:44Z,2341,g98e5,2.005
2026-10-09T00:44Z,2341,gB,1.855
2026-10-09T00:44Z,2342,g95e5,1.839
2026-10-09T00:44Z,2342,gA,1.955
2026-10-09T00:44Z,2342,g98e5,1.969
2026-10-09T00:44Z,2344,g95e5,1.835
2026-10-09T00:44Z,2344,gA,1.985
2026-10-09T00:44Z,2344,g98e5,1.955
2026-10-09T00:44Z,2345,g95e5,1.779
2026-10-09T00:44Z,2345,gA,1.919
2026-10-09T00:44Z,2345,gP,1.979
2026-10-09T00:44Z,2345,g98e5,1.909
2026-10-09T00:44Z,2346,g95e5,1.779
2026-10-09T00:44Z,2346,gA,1.919
2026-10-09T00:44Z,2346,gP,1.979
2026-10-09T00:44Z,2346,g98e5,1.909
2026-10-09T00:44Z,2349,g95e5,1.789
2026-10-09T00:44Z,2349,gA,1.909
2026-10-09T00:44Z,2349,gP,1.969
2026-10-09T00:44Z,2349,g98e5,1.959
2026-10-09T00:44Z,2349,g95e5p,1.849
2026-10-09T00:44Z,2350,g95e5,1.735
2026-10-09T00:44Z,2350,gA,1.895
2026-10-09T00:44Z,2350,g98e5,1.855
2026-10-09T00:44Z,2350,g95e5p,1.805
2026-10-09T00:44Z,2350,gB,1.735
2026-10-09T00:44Z,2352,g95e5,1.859
2026-10-09T00:44Z,2352,gA,1.889
2026-10-09T00:44Z,2352,gP,1.999
2026-10-09T00:44Z,2352,g98e5,1.979
2026-10-09T00:44Z,2359,g95e5,1.805
2026-10-09T00:44Z,2359,gA,1.935
2026-10-09T00:44Z,2359,g98e5,1.975
2026-10-09T00:44Z,2359,gB,1.789
2026-10-09T00:44Z,2364,g95e5,1.809
2026-10-09T00:44Z,2364,gA,1.965
2026-10-09T00:44Z,2364,gP,2.025
2026-10-09T00:44Z,2365,g95e5,1.815
2026-10-09T00:44Z,2365,gA,1.965
2026-10-09T00:44Z,2366,gA,1.979
2026-10-09T00:44Z,2366,gP,2.029
2026-10-09T00:44Z,2367,g95e5,1.815
2026-10-09T00:44Z,2367,gA,1.965
2026-10-09T00:44Z,2367,g95e5p,1.895
2026-10-09T00:44Z,2369,g95e5,1.769
2026-10-09T00:44Z,2369,gA,1.919
2026-10-09T00:44Z,2370,g95e5,1.795
2026-10-09T00:44Z,2370,gA,1.925
2026-10-09T00:44Z,2370,g98e5,1.965
2026-10-09T00:44Z,2371,g95e5,1.815
2026-10-09T00:44Z,2371,gA,1.939
2026-10-09T00:44Z,2377,gA,1.949
2026-10-09T00:44Z,2377,g98e5,1.945
2026-10-09T00:44Z,2378,gA,1.949
2026-10-09T00:44Z,2378,gP,2.009
2026-10-09T00:44Z,2378,g98e5,1.945
2026-10-09T00:44Z,2379,gA,1.949
2026-10-09T00:44Z,2379,g98e5,1.945
2026-10-09T00:44Z,2380,gA,1.949
2026-10-09T00:44Z,2380,gP,2.009
2026-10-09T00:44Z,2380,g98e5,1.945
2026-10-09T00:44Z,2381,gA,1.949
2026-10-09T00:44Z,2381,gP,2.009
2026-10-09T00:44Z,2381,g98e5,1.945
2026-10-09T00:44Z,2383,g95e5,1.775
2026-10-09T00:44Z,2383,gA,1.929
2026-10-09T00:44Z,2383,gP,2.039
2026-10-09T00:44Z,2383,gB,1.809
2026-10-09T00:44Z,2386,gA,1.979
2026-10-09T00:44Z,2386,gP,2.029
2026-10-09T00:44Z,2387,gA,1.979
2026-10-09T00:44Z,2387,gP,2.029
2026-10-09T00:44Z,2390,g95e5,1.785
2026-10-09T00:44Z,2390,gA,1.939
2026-10-09T00:44Z,2390,gP,2.049
2026-10-09T00:44Z,2390,g98e5,1.955
2026-10-09T00:44Z,2391,g95e5,1.795
2026-10-09T00:44Z,2391,gA,1.925
2026-10-09T00:44Z,2391,g98e5,1.965
2026-10-09T00:44Z,2391,gB,1.825
2026-10-09T00:44Z,2392,g95e5,1.769
2026-10-09T00:44Z,2392,gA,1.919
2026-10-09T00:44Z,2393,g95e5,1.769
2026-10-09T00:44Z,2393,gA,1.919
2026-10-09T00:44Z,2393,gP,2.029
2026-10-09T00:44Z,2393,gB,1.825
2026-10-09T00:44Z,2395,g95e5,1.769
2026-10-09T00:44Z,2395,gA,1.919
2026-10-09T00:44Z,2395,gP,2.029
2026-10-09T00:44Z,2395,gB,1.825
2026-10-09T00:44Z,2396,g95e5,1.805
2026-10-09T00:44Z,2396,gA,1.925
2026-10-09T00:44Z,2397,g95e5,1.769
2026-10-09T00:44Z,2397,gA,1.935
2026-10-09T00:44Z,2397,gP,2.045
2026-10-09T00:44Z,2397,gB,1.799
2026-10-09T00:44Z,2414,g95e5,1.839
2026-10-09T00:44Z,2414,g98e5,1.980
2026-10-09T00:44Z,2418,g95e5,1.805
2026-10-09T00:44Z,2418,gA,1.989
2026-10-09T00:44Z,2418,gP,2.079
2026-10-09T00:44Z,2418,g98e5,1.945
2026-10-09T00:44Z,2423,g95e5,1.845
2026-10-09T00:44Z,2423,gA,1.989
2026-10-09T00:44Z,2423,g98e5,1.965
2026-10-09T00:44Z,2425,g95e5,1.839
2026-10-09T00:44Z,2425,gA,1.985
2026-10-09T00:44Z,2425,gP,2.075
2026-10-09T00:44Z,2425,g98e5,1.979
2026-10-09T00:44Z,2426,g95e5,1.885
2026-10-09T00:44Z,2426,gA,1.909
2026-10-09T00:44Z,2426,g98e5,2.005
2026-10-09T00:44Z,2440,g95e5,1.884
2026-10-09T00:44Z,2440,gA,1.939
2026-10-09T00:44Z,2440,gP,2.029
2026-10-09T00:44Z,2440,g98e5,2.024
2026-10-09T00:44Z,2441,g95e5,1.799
2026-10-09T00:44Z,2441,gA,1.935
2026-10-09T00:44Z,2441,gP,2.025
2026-10-09T00:44Z,2441,g98e5,1.939
2026-10-09T00:44Z,2442,g95e5,1.789
2026-10-09T00:44Z,2442,gA,1.939
2026-10-09T00:44Z,2442,gP,1.999
2026-10-09T00:44Z,2442,g98e5,1.939
2026-10-09T00:44Z,2445,g95e5,1.859
2026-10-09T00:44Z,2445,gA,1.945
2026-10-09T00:44Z,2445,gP,1.995
2026-10-09T00:44Z,2445,g98e5,1.969
2026-10-09T00:44Z,2449,g95e5,1.875
2026-10-09T00:44Z,2449,gA,1.919
2026-10-09T00:44Z,2449,g98e5,1.985
2026-10-09T00:44Z,2449,g95e5p,1.945
2026-10-09T00:44Z,2452,g95e5,1.849
2026-10-09T00:44Z,2452,gA,1.909
2026-10-09T00:44Z,2452,g98e5,1.969
2026-10-09T00:44Z,2453,g95e5,1.769
2026-10-09T00:44Z,2453,gA,1.909
2026-10-09T00:44Z,2453,gP,1.969
2026-10-09T00:44Z,2453,g98e5,1.939
2026-10-09T00:44Z,2453,gB,1.715
2026-10-09T00:44Z,2458,g95e5,1.775
2026-10-09T00:44Z,2458,gA,1.925
2026-10-09T00:44Z,2458,g98e5,1.895
2026-10-09T00:44Z,2460,g95e5,1.789
2026-10-09T00:44Z,2460,gA,1.909
2026-10-09T00:44Z,2460,gP,1.969
2026-10-09T00:44Z,2460,g98e5,1.909
2026-10-09T00:44Z,2461,g95e5,1.789
2026-10-09T00:44Z,2461,gA,1.949
2026-10-09T00:44Z,2461,g98e5,1.909
2026-10-09T00:44Z,2461,gB,1.759
2026-10-09T00:44Z,2462,g95e5,1.875
2026-10-09T00:44Z,2462,gA,1.945
2026-10-09T00:44Z,2462,g98e5,1.995
2026-10-09T00:44Z,2467,g95e5,1.795
2026-10-09T00:44Z,2467,gA,1.949
2026-10-09T00:44Z,2467,g98e5,1.915
2026-10-09T00:44Z,2470,g95e5,1.839
2026-10-09T00:44Z,2470,gA,1.965
2026-10-09T00:44Z,2470,g98e5,1.959
2026-10-09T00:44Z,2470,g95e5p,1.909
2026-10-09T00:44Z,2472,g95e5,1.795
2026-10-09T00:44Z,2472,gA,1.945
2026-10-09T00:44Z,2472,g98e5,1.915
2026-10-09T00:44Z,2473,g95e5,1.835
2026-10-09T00:44Z,2473,gA,1.925
2026-10-09T00:44Z,2473,gP,1.985
2026-10-09T00:44Z,2473,g98e5,1.955
2026-10-09T00:44Z,2474,g95e5,1.835
2026-10-09T00:44Z,2474,gA,1.925
2026-10-09T00:44Z,2474,gP,1.985
2026-10-09T00:44Z,2474,g98e5,1.955
2026-10-09T00:44Z,2475,g95e5,1.829
2026-10-09T00:44Z,2475,gA,1.945
2026-10-09T00:44Z,2475,gP,2.034
2026-10-09T00:44Z,2475,g98e5,1.939
2026-10-09T00:44Z,2476,g95e5,1.859
2026-10-09T00:44Z,2476,gA,1.935
2026-10-09T00:44Z,2476,gP,1.985
2026-10-09T00:44Z,2476,g98e5,1.969
2026-10-09T00:44Z,2477,g95e5,1.885
2026-10-09T00:44Z,2477,gA,1.985
2026-10-09T00:44Z,2478,g95e5,1.839
2026-10-09T00:44Z,2478,gA,1.889
2026-10-09T00:44Z,2478,gP,1.999
2026-10-09T00:44Z,2478,g98e5,2.009
2026-10-09T00:44Z,2480,g95e5,1.839
2026-10-09T00:44Z,2480,gA,1.959
2026-10-09T00:44Z,2480,g98e5,1.959
2026-10-09T00:44Z,2481,g95e5,1.789
2026-10-09T00:44Z,2481,gA,1.949
2026-10-09T00:44Z,2481,g98e5,1.909
2026-10-09T00:44Z,2483,g95e5,1.749
2026-10-09T00:44Z,2483,gA,1.949
2026-10-09T00:44Z,2483,gP,2.009
2026-10-09T00:44Z,2483,g98e5,1.919
2026-10-09T00:44Z,2483,gB,1.759
2026-10-09T00:44Z,2485,g95e5,1.869
2026-10-09T00:44Z,2485,gA,1.999
2026-10-09T00:44Z,2485,g98e5,1.979
2026-10-09T00:44Z,2485,g95e5p,1.929
2026-10-09T00:44Z,2488,g95e5,1.845
2026-10-09T00:44Z,2488,gA,1.975
2026-10-09T00:44Z,2488,g98e5,1.965
2026-10-09T00:44Z,2489,g95e5,1.789
2026-10-09T00:44Z,2489,gA,1.909
2026-10-09T00:44Z,2489,gP,1.969
2026-10-09T00:44Z,2489,g98e5,1.909
2026-10-09T00:44Z,2492,g95e5,1.865
2026-10-09T00:44Z,2492,gA,1.935
2026-10-09T00:44Z,2492,g98e5,1.985
2026-10-09T00:44Z,2494,g95e5,1.808
2026-10-09T00:44Z,2494,g98e5,1.949
2026-10-09T00:44Z,2495,g95e5,1.735
2026-10-09T00:44Z,2495,gA,1.895
2026-10-09T00:44Z,2495,gP,1.955
2026-10-09T00:44Z,2495,g98e5,1.905
2026-10-09T00:44Z,2497,g95e5,1.829
2026-10-09T00:44Z,2497,gA,1.999
2026-10-09T00:44Z,2497,gP,2.059
2026-10-09T00:44Z,2501,g95e5,1.885
2026-10-09T00:44Z,2501,gA,1.955
2026-10-09T00:44Z,2501,g98e5,2.005
2026-10-09T00:44Z,2502,g95e5,1.735
2026-10-09T00:44Z,2502,gA,1.949
2026-10-09T00:44Z,2502,g98e5,1.855
2026-10-09T00:44Z,2503,g95e5,1.829
2026-10-09T00:44Z,2503,gA,1.889
2026-10-09T00:44Z,2503,gP,1.969
2026-10-09T00:44Z,2503,g98e5,1.949
2026-10-09T00:44Z,2504,g95e5,1.605
2026-10-09T00:44Z,2504,gA,1.705
2026-10-09T00:44Z,2504,gP,1.805
2026-10-09T00:44Z,2504,g98e5,1.745
2026-10-09T00:44Z,2504,gB,1.715
2026-10-09T00:44Z,2507,g95e5,1.815
2026-10-09T00:44Z,2507,gA,1.925
2026-10-09T00:44Z,2507,g98e5,1.935
2026-10-09T00:44Z,2509,gA,1.955
2026-10-09T00:44Z,2510,gA,1.955
2026-10-09T00:44Z,2510,g98e5,1.915
2026-10-09T00:44Z,2511,g95e5,1.845
2026-10-09T00:44Z,2511,gA,1.899
2026-10-09T00:44Z,2511,gP,1.949
2026-10-09T00:44Z,2511,g98e5,1.965
2026-10-09T00:44Z,2511,gB,1.895
2026-10-09T00:44Z,2512,g95e5,1.845
2026-10-09T00:44Z,2512,gA,1.899
2026-10-09T00:44Z,2512,gP,1.949
2026-10-09T00:44Z,2512,g98e5,1.965
2026-10-09T00:44Z,2512,gB,1.895
2026-10-09T00:44Z,2513,g95e5,1.829
2026-10-09T00:44Z,2513,gA,1.919
2026-10-09T00:44Z,2513,gP,2.009
2026-10-09T00:44Z,2513,g98e5,1.969
2026-10-09T00:44Z,2515,g95e5,1.799
2026-10-09T00:44Z,2515,gA,1.959
2026-10-09T00:44Z,2515,g98e5,1.919
2026-10-09T00:44Z,2516,g95e5,1.799
2026-10-09T00:44Z,2516,gA,1.959
2026-10-09T00:44Z,2516,gP,2.019
2026-10-09T00:44Z,2516,g98e5,1.919
2026-10-09T00:44Z,2517,g95e5,1.789
2026-10-09T00:44Z,2517,gA,1.925
2026-10-09T00:44Z,2517,g98e5,1.909
2026-10-09T00:44Z,2519,g95e5,1.875
2026-10-09T00:44Z,2519,gA,1.945
2026-10-09T00:44Z,2520,g95e5,1.849
2026-10-09T00:44Z,2520,gA,1.895
2026-10-09T00:44Z,2520,gP,2.005
2026-10-09T00:44Z,2520,g98e5,2.019
2026-10-09T00:44Z,2527,g95e5,1.845
2026-10-09T00:44Z,2527,gA,1.969
2026-10-09T00:44Z,2527,g98e5,1.965
2026-10-09T00:44Z,2528,g95e5,1.789
2026-10-09T00:44Z,2528,gA,1.949
2026-10-09T00:44Z,2529,g95e5,1.789
2026-10-09T00:44Z,2529,gA,1.909
2026-10-09T00:44Z,2529,g98e5,1.959
2026-10-09T00:44Z,2531,g95e5,1.799
2026-10-09T00:44Z,2531,gA,1.969
2026-10-09T00:44Z,2531,g98e5,1.939
2026-10-09T00:44Z,2533,g95e5,1.829
2026-10-09T00:44Z,2533,gA,1.889
2026-10-09T00:44Z,2533,gP,1.999
2026-10-09T00:44Z,2534,g95e5,1.865
2026-10-09T00:44Z,2534,gA,1.935
2026-10-09T00:44Z,2534,g98e5,2.025
2026-10-09T00:44Z,2535,g95e5,1.875
2026-10-09T00:44Z,2535,gA,1.985
2026-10-09T00:44Z,2535,g98e5,1.995
2026-10-09T00:44Z,2540,g95e5,1.879
2026-10-09T00:44Z,2540,gA,1.999
2026-10-09T00:44Z,2540,g98e5,2.079
2026-10-09T00:44Z,2541,g95e5,1.795
2026-10-09T00:44Z,2541,gA,1.939
2026-10-09T00:44Z,2545,g95e5,1.849
2026-10-09T00:44Z,2545,gA,1.969
2026-10-09T00:44Z,2545,gP,2.059
2026-10-09T00:44Z,2545,g98e5,1.989
2026-10-09T00:44Z,2550,g95e5,1.815
2026-10-09T00:44Z,2550,gA,1.925
2026-10-09T00:44Z,2550,g98e5,1.935
2026-10-09T00:44Z,2551,g95e5,1.765
2026-10-09T00:44Z,2551,gP,1.985
2026-10-09T00:44Z,2551,gB,1.709
2026-10-09T00:44Z,2555,g95e5,1.739
2026-10-09T00:44Z,2555,gA,1.919
2026-10-09T00:44Z,2555,g98e5,1.909
2026-10-09T00:44Z,2556,gA,1.909
2026-10-09T00:44Z,2556,gP,1.959
2026-10-09T00:44Z,2558,g95e5,1.839
2026-10-09T00:44Z,2558,gA,1.959
2026-10-09T00:44Z,2558,g98e5,1.959
2026-10-09T00:44Z,2559,g95e5,1.885
2026-10-09T00:44Z,2559,gA,1.889
2026-10-09T00:44Z,2559,gP,1.949
2026-10-09T00:44Z,2560,g95e5,1.789
2026-10-09T00:44Z,2560,gA,1.985
2026-10-09T00:44Z,2562,g95e5,1.825
2026-10-09T00:44Z,2562,gA,1.959
2026-10-09T00:44Z,2562,g98e5,1.945
2026-10-09T00:44Z,2562,g95e5p,1.905
2026-10-09T00:44Z,2567,gA,1.975
2026-10-09T00:44Z,2567,g98e5,2.025
2026-10-09T00:44Z,2569,gA,1.989
2026-10-09T00:44Z,2570,g95e5,1.909
2026-10-09T00:44Z,2570,gA,2.015
2026-10-09T00:44Z,2570,gP,2.075
2026-10-09T00:44Z,2570,g98e5,2.029
2026-10-09T00:44Z,2573,g95e5,1.855
2026-10-09T00:44Z,2573,gA,1.995
2026-10-09T00:44Z,2573,g98e5,1.975
2026-10-09T00:44Z,2574,gA,1.989
2026-10-09T00:44Z,2574,g98e5,1.989
2026-10-09T00:44Z,2586,g95e5,1.879
2026-10-09T00:44Z,2586,gA,1.999
2026-10-09T00:44Z,2586,g98e5,1.999
2026-10-09T00:44Z,2593,g95e5,1.899
2026-10-09T00:44Z,2593,g98e5,1.999
2026-10-09T00:44Z,2595,gA,2.029
2026-10-09T00:44Z,2595,g98e5,2.029
2026-10-09T00:44Z,2607,g95e5,1.855
2026-10-09T00:44Z,2607,gA,1.995
2026-10-09T00:44Z,2607,g98e5,1.975
2026-10-09T00:44Z,2609,g95e5,1.885
2026-10-09T00:44Z,2609,gA,2.015
2026-10-09T00:44Z,2609,g98e5,2.005
2026-10-09T00:44Z,2609,g95e5p,1.955
2026-10-09T00:44Z,2612,gA,1.999
2026-10-09T00:44Z,2612,g98e5,1.999
2026-10-09T00:44Z,2616,g95e5,1.859
2026-10-09T00:44Z,2616,gA,2.005
2026-10-09T00:44Z,2616,gB,1.855
2026-10-09T00:44Z,2617,g95e5,1.869
2026-10-09T00:44Z,2617,gA,2.011
2026-10-09T00:44Z,2617,g98e5,2.009
2026-10-09T00:44Z,2626,g95e5,1.909
2026-10-09T00:44Z,2626,gA,2.009
2026-10-09T00:44Z,2626,gP,2.069
2026-10-09T00:44Z,2626,g98e5,2.029
2026-10-09T00:44Z,2627,g95e5,1.909
2026-10-09T00:44Z,2627,gA,2.009
2026-10-09T00:44Z,2630,g95e5,1.915
2026-10-09T00:44Z,2630,gA,2.015
2026-10-09T00:44Z,2630,gP,2.105
2026-10-09T00:44Z,2630,g98e5,2.055
2026-10-09T00:44Z,2639,g95e5,1.889
2026-10-09T00:44Z,2639,gA,2.025
2026-10-09T00:44Z,2639,gP,2.115
2026-10-09T00:44Z,2639,g98e5,2.029
2026-10-09T00:44Z,2643,g95e5,1.919
2026-10-09T00:44Z,2643,gA,2.035
2026-10-09T00:44Z,2643,gP,2.125
2026-10-09T00:44Z,2643,g98e5,2.059
2026-10-09T00:44Z,2650,g95e5,1.855
2026-10-09T00:44Z,2650,gA,1.975
2026-10-09T00:44Z,2654,g95e5,1.859
2026-10-09T00:44Z,2654,gA,1.985
2026-10-09T00:44Z,2654,g98e5,1.999
2026-10-09T00:44Z,2654,g95e5p,1.929
2026-10-09T00:44Z,2663,gA,2.029
2026-10-09T00:44Z,2663,g98e5,2.029
2026-10-09T00:44Z,2663,gB,1.885
2026-10-09T00:44Z,2686,g95e5,1.869
2026-10-09T00:44Z,2686,gA,2.029
2026-10-09T00:44Z,2686,g98e5,1.989
2026-10-09T00:44Z,2686,gB,1.865
2026-10-09T00:44Z,2687,gA,2.025
2026-10-09T00:44Z,2687,g98e5,2.025
2026-10-09T00:44Z,2690,g95e5,1.855
2026-10-09T00:44Z,2690,gA,1.975
2026-10-09T00:44Z,2690,g98e5,1.985
2026-10-09T00:44Z,2692,gA,2.029
2026-10-09T00:44Z,2692,g98e5,2.005
2026-10-09T00:44Z,2693,g95e5,1.879
2026-10-09T00:44Z,2693,gA,1.975
2026-10-09T00:44Z,2693,g98e5,1.999
2026-10-09T00:44Z,2693,g95e5p,1.949
2026-10-09T00:44Z,2698,g95e5,1.865
2026-10-09T00:44Z,2698,gA,1.975
2026-10-09T00:44Z,2698,gP,2.065
2026-10-09T00:44Z,2698,g98e5,2.005
2026-10-09T00:44Z,2700,g95e5,1.855
2026-10-09T00:44Z,2700,gA,1.999
2026-10-09T00:44Z,2700,g98e5,1.975
2026-10-09T00:44Z,2700,gB,1.885
2026-10-09T00:44Z,2707,g95e5,1.859
2026-10-09T00:44Z,2707,gA,1.989
2026-10-09T00:44Z,2707,g98e5,1.979
2026-10-09T00:44Z,2707,g95e5p,1.929
2026-10-09T00:44Z,2707,gB,1.855
2026-10-09T00:44Z,2710,gA,1.975
2026-10-09T00:44Z,2710,g98e5,1.975
2026-10-09T00:44Z,2710,gB,1.865
2026-10-09T00:44Z,2713,g98e5,1.975
2026-10-09T00:44Z,2715,g98e5,2.029
2026-10-09T00:44Z,2726,gA,1.985
2026-10-09T00:44Z,2726,g98e5,2.025
2026-10-09T00:44Z,2727,gA,2.015
2026-10-09T00:44Z,2727,gP,2.065
2026-10-09T00:44Z,2728,g95e5,1.855
2026-10-09T00:44Z,2728,gA,1.975
2026-10-09T00:44Z,2728,gP,2.045
2026-10-09T00:44Z,2728,g98e5,1.975
2026-10-09T00:44Z,2732,g95e5,1.855
2026-10-09T00:44Z,2732,gA,1.975
2026-10-09T00:44Z,2732,gP,2.065
2026-10-09T00:44Z,2732,g98e5,1.995
2026-10-09T00:44Z,2733,g95e5,1.855
2026-10-09T00:44Z,2734,gA,1.989
2026-10-09T00:44Z,2734,g98e5,2.029
2026-10-09T00:44Z,2736,gA,2.025
2026-10-09T00:44Z,2736,g98e5,2.015
2026-10-09T00:44Z,2737,gA,2.029
2026-10-09T00:44Z,2740,g95e5,1.879
2026-10-09T00:44Z,2740,gA,2.019
2026-10-09T00:44Z,2740,g98e5,2.019
2026-10-09T00:44Z,2744,gA,1.597
2026-10-09T00:44Z,2744,gP,1.657
2026-10-09T00:44Z,2758,g95e5,1.799
2026-10-09T00:44Z,2758,gA,1.959
2026-10-09T00:44Z,2758,gP,2.019
2026-10-09T00:44Z,2759,g95e5,1.885
2026-10-09T00:44Z,2759,gA,1.905
2026-10-09T00:44Z,2759,gP,1.975
2026-10-09T00:44Z,2765,g95e5,1.789
2026-10-09T00:44Z,2765,gA,1.965
2026-10-09T00:44Z,2765,gP,2.055
2026-10-09T00:44Z,2765,g98e5,1.929
2026-10-09T00:44Z,2768,g95e5,1.829
2026-10-09T00:44Z,2768,gA,1.889
2026-10-09T00:44Z,2768,gP,1.999
2026-10-09T00:44Z,2772,g95e5,1.885
2026-10-09T00:44Z,2772,gA,1.889
2026-10-09T00:44Z,2773,g95e5,1.789
2026-10-09T00:44Z,2773,gA,1.909
2026-10-09T00:44Z,2773,gP,1.969
2026-10-09T00:44Z,2773,g98e5,1.909
2026-10-09T00:44Z,2775,g95e5,1.885
2026-10-09T00:44Z,2775,gA,1.969
2026-10-09T00:44Z,2775,g98e5,2.005
2026-10-09T00:44Z,2789,g95e5,1.825
2026-10-09T00:44Z,2789,gA,1.979
2026-10-09T00:44Z,2789,g98e5,1.945
2026-10-09T00:44Z,2791,gP,2.059
2026-10-09T00:44Z,2792,g95e5,1.885
2026-10-09T00:44Z,2792,gA,1.985
2026-10-09T00:44Z,2792,gP,2.045
2026-10-09T00:44Z,2792,g98e5,2.005
2026-10-09T00:44Z,2793,g95e5,1.885
2026-10-09T00:44Z,2793,gA,1.965
2026-10-09T00:44Z,2795,g95e5,1.735
2026-10-09T00:44Z,2795,gA,1.899
2026-10-09T00:44Z,2795,gP,1.959
2026-10-09T00:44Z,2795,g98e5,1.905
2026-10-09T00:44Z,2795,g95e5p,1.795
2026-10-09T00:44Z,2796,g95e5,1.825
2026-10-09T00:44Z,2796,gA,1.949
2026-10-09T00:44Z,2796,g98e5,1.935
2026-10-09T00:44Z,2796,g95e5p,1.885
2026-10-09T00:44Z,2799,g95e5,1.809
2026-10-09T00:44Z,2799,gA,1.979
2026-10-09T00:44Z,2799,g98e5,1.929
2026-10-09T00:44Z,2800,g95e5,1.789
2026-10-09T00:44Z,2800,gA,1.935
2026-10-09T00:44Z,2800,g98e5,1.959
2026-10-09T00:44Z,2802,gA,1.969
2026-10-09T00:44Z,2803,g95e5,1.855
2026-10-09T00:44Z,2803,gA,1.939
2026-10-09T00:44Z,2803,g98e5,1.975
2026-10-09T00:44Z,2804,g95e5,1.869
2026-10-09T00:44Z,2804,gA,1.985
2026-10-09T00:44Z,2804,g98e5,1.989
2026-10-09T00:44Z,2805,g95e5,1.869
2026-10-09T00:44Z,2805,gA,1.989
2026-10-09T00:44Z,2805,g98e5,1.989
2026-10-09T00:44Z,2806,g95e5,1.845
2026-10-09T00:44Z,2806,gA,1.985
2026-10-09T00:44Z,2806,gP,2.045
2026-10-09T00:44Z,2806,g98e5,1.965
2026-10-09T00:44Z,2807,g95e5,1.865
2026-10-09T00:44Z,2807,gA,1.949
2026-10-09T00:44Z,2807,gP,2.009
2026-10-09T00:44Z,2807,g98e5,1.985
2026-10-09T00:44Z,2808,g95e5,1.845
2026-10-09T00:44Z,2808,gA,1.969
2026-10-09T00:44Z,2808,g98e5,1.965
2026-10-09T00:44Z,2809,g95e5,1.819
2026-10-09T00:44Z,2809,gA,1.915
2026-10-09T00:44Z,2809,g98e5,1.939
2026-10-09T00:44Z,2810,g95e5,1.819
2026-10-09T00:44Z,2810,gA,1.965
2026-10-09T00:44Z,2810,g98e5,1.939
2026-10-09T00:44Z,2811,g95e5,1.845
2026-10-09T00:44Z,2811,gA,1.985
2026-10-09T00:44Z,2811,g98e5,1.965
2026-10-09T00:44Z,2812,g95e5,1.845
2026-10-09T00:44Z,2812,gA,1.965
2026-10-09T00:44Z,2812,g98e5,1.965
2026-10-09T00:44Z,2814,g95e5,1.805
2026-10-09T00:44Z,2814,gA,2.009
2026-10-09T00:44Z,2814,g98e5,1.975
2026-10-09T00:44Z,2814,gB,1.889
2026-10-09T00:44Z,2815,g95e5,1.855
2026-10-09T00:44Z,2815,gA,1.949
2026-10-09T00:44Z,2815,gP,2.009
2026-10-09T00:44Z,2815,g98e5,1.975
2026-10-09T00:44Z,2816,g95e5,1.879
2026-10-09T00:44Z,2816,gA,1.945
2026-10-09T00:44Z,2816,g98e5,1.999
2026-10-09T00:44Z,2817,g95e5,1.855
2026-10-09T00:44Z,2817,gA,1.949
2026-10-09T00:44Z,2817,gP,2.009
2026-10-09T00:44Z,2817,g98e5,1.975
2026-10-09T00:44Z,2818,g95e5,1.815
2026-10-09T00:44Z,2818,gA,1.999
2026-10-09T00:44Z,2818,g98e5,1.935
2026-10-09T00:44Z,2819,g95e5,1.839
2026-10-09T00:44Z,2819,gA,1.955
2026-10-09T00:44Z,2819,g98e5,1.959
2026-10-09T00:44Z,2820,g95e5,1.839
2026-10-09T00:44Z,2820,gA,1.955
2026-10-09T00:44Z,2820,g98e5,1.959
2026-10-09T00:44Z,2821,g95e5,1.845
2026-10-09T00:44Z,2821,gA,1.985
2026-10-09T00:44Z,2821,g98e5,1.965
2026-10-09T00:44Z,2822,g95e5,1.849
2026-10-09T00:44Z,2822,g98e5,1.969
2026-10-09T00:44Z,2823,g95e5,1.735
2026-10-09T00:44Z,2823,gA,1.899
2026-10-09T00:44Z,2823,gP,1.959
2026-10-09T00:44Z,2823,g98e5,1.905
2026-10-09T00:44Z,2824,g95e5,1.875
2026-10-09T00:44Z,2824,gA,1.989
2026-10-09T00:44Z,2824,g98e5,1.995
2026-10-09T00:44Z,2825,g95e5,1.789
2026-10-09T00:44Z,2825,gA,1.909
2026-10-09T00:44Z,2825,g98e5,1.959
2026-10-09T00:44Z,2826,g95e5,1.789
2026-10-09T00:44Z,2826,gA,1.939
2026-10-09T00:44Z,2826,gP,1.999
2026-10-09T00:44Z,2826,g98e5,1.919
2026-10-09T00:44Z,2827,g95e5,1.789
2026-10-09T00:44Z,2827,gA,1.939
2026-10-09T00:44Z,2827,gP,1.999
2026-10-09T00:44Z,2827,g98e5,1.919
2026-10-09T00:44Z,2828,g95e5,1.845
2026-10-09T00:44Z,2828,gA,1.965
2026-10-09T00:44Z,2828,g98e5,1.965
2026-10-09T00:44Z,2831,g95e5,1.879
2026-10-09T00:44Z,2831,gA,1.945
2026-10-09T00:44Z,2831,g98e5,1.999
2026-10-09T00:44Z,2833,g95e5,1.849
2026-10-09T00:44Z,2833,gA,1.995
2026-10-09T00:44Z,2833,g98e5,1.969
2026-10-09T00:44Z,2840,g95e5,1.835
2026-10-09T00:44Z,2840,gA,1.969
2026-10-09T00:44Z,2840,g98e5,1.955
2026-10-09T00:44Z,2843,gP,2.059
2026-10-09T00:44Z,2844,gP,2.059
2026-10-09T00:44Z,2845,g95e5,1.838
2026-10-09T00:44Z,2845,gA,1.974
2026-10-09T00:44Z,2845,gP,2.059
2026-10-09T00:44Z,2845,g95e5p,1.928
2026-10-09T00:44Z,2852,gP,2.059
2026-10-09T00:44Z,2857,gA,1.989
2026-10-09T00:44Z,2857,gP,2.059
2026-10-09T00:44Z,2858,gP,2.059
2026-10-09T00:44Z,2861,gA,1.935
2026-10-09T00:44Z,2861,gP,2.000
2026-10-09T00:44Z,2865,gP,2.059
2026-10-09T00:44Z,2871,gP,2.059
2026-10-09T00:44Z,2884,gP,2.059
2026-10-09T00:44Z,2885,gA,1.984
2026-10-09T00:44Z,2885,gP,2.059
2026-10-09T00:44Z,2887,g95e5,1.849
2026-10-09T00:44Z,2887,gA,1.959
2026-10-09T00:44Z,2887,gP,2.049
2026-10-09T00:44Z,2887,g98e5,1.989
2026-10-09T00:44Z,2888,g95e5,1.849
2026-10-09T00:44Z,2888,gA,1.959
2026-10-09T00:44Z,2888,gP,2.049
2026-10-09T00:44Z,2888,g98e5,1.989
2026-10-09T00:44Z,2909,g95e5,1.885
2026-10-09T00:44Z,2909,gA,1.979
2026-10-09T00:44Z,2909,g98e5,2.005
2026-10-09T00:44Z,2912,g95e5,1.865
2026-10-09T00:44Z,2912,gA,1.989
2026-10-09T00:44Z,2912,g98e5,1.985
2026-10-09T00:44Z,2912,g95e5p,1.935
2026-10-09T00:44Z,2914,g95e5,1.865
2026-10-09T00:44Z,2914,gA,1.989
2026-10-09T00:44Z,2914,g98e5,1.985
2026-10-09T00:44Z,2914,g95e5p,1.935
2026-10-09T00:44Z,2920,g95e5,1.839
2026-10-09T00:44Z,2920,gA,1.995
2026-10-09T00:44Z,2920,g98e5,2.009
2026-10-09T00:44Z,2922,g95e5,1.769
2026-10-09T00:44Z,2922,gA,1.839
2026-10-09T00:44Z,2922,gP,1.889
2026-10-09T00:44Z,2926,g95e5,1.749
2026-10-09T00:44Z,2926,g95e5p,1.799
2026-10-09T00:44Z,2927,g95e5,1.789
2026-10-09T00:44Z,2927,g95e5p,1.839
2026-10-09T00:44Z,2928,g95e5,1.845
2026-10-09T00:44Z,2928,gA,1.979
2026-10-09T00:44Z,2928,gP,2.069
2026-10-09T00:44Z,2928,g98e5,1.985
2026-10-09T00:44Z,2929,g95e5,1.719
2026-10-09T00:44Z,2929,gA,1.849
2026-10-09T00:44Z,2929,gP,1.899
2026-10-09T00:44Z,2929,g98e5,1.859
2026-10-09T00:44Z,2931,gP,2.059
2026-10-09T00:44Z,2932,g95e5,1.839
2026-10-09T00:44Z,2932,gA,1.955
2026-10-09T00:44Z,2932,g98e5,1.959
2026-10-09T00:44Z,2935,g95e5,1.885
2026-10-09T00:44Z,2935,gA,1.985
2026-10-09T00:44Z,2935,g98e5,2.005
2026-10-09T00:44Z,2947,g95e5,1.837
2026-10-09T00:44Z,2947,gA,1.996
2026-10-09T00:44Z,2947,gP,2.079
2026-10-09T00:44Z,2947,g95e5p,1.898
2026-10-09T00:44Z,2955,gP,2.059
2026-10-09T00:44Z,2957,g95e5,1.853
2026-10-09T00:44Z,2957,gA,1.944
2026-10-09T00:44Z,2957,gP,2.049
2026-10-09T00:44Z,2957,g98e5,1.973
2026-10-09T00:44Z,2964,g95e5,1.829
2026-10-09T00:44Z,2964,gA,1.999
2026-10-09T00:44Z,2964,g98e5,1.949
2026-10-09T00:44Z,2968,g95e5,1.819
2026-10-09T00:44Z,2968,g98e5,1.939
2026-10-09T00:44Z,2970,gA,1.975
2026-10-09T00:44Z,2970,gP,2.025
2026-10-09T00:44Z,2981,gA,1.974
2026-10-09T00:44Z,2981,gP,2.059
2026-10-09T00:44Z,2997,g95e5,1.845
2026-10-09T00:44Z,2997,gA,1.979
2026-10-09T00:44Z,2997,g98e5,1.965
2026-10-09T00:44Z,3010,g95e5,1.829
2026-10-09T00:44Z,3010,gA,1.999
2026-10-09T00:44Z,3010,g98e5,1.949
2026-10-09T00:44Z,3020,g95e5,1.819
2026-10-09T00:44Z,3020,gA,1.989
2026-10-09T00:44Z,3020,gP,2.079
2026-10-09T00:44Z,3020,g98e5,1.959
2026-10-09T00:44Z,3021,g95e5,1.819
2026-10-09T00:44Z,3021,gA,1.989
2026-10-09T00:44Z,3021,gP,2.079
2026-10-09T00:44Z,3021,g98e5,1.959
2026-10-09T00:44Z,3029,g95e5,1.855
2026-10-09T00:44Z,3029,gA,1.925
2026-10-09T00:44Z,3029,gP,1.985
2026-10-09T00:44Z,3029,g98e5,1.975
2026-10-09T00:44Z,3030,g95e5,1.855
2026-10-09T00:44Z,3030,gA,1.925
2026-10-09T00:44Z,3030,gP,1.985
2026-10-09T00:44Z,3030,g98e5,1.975
2026-10-09T00:44Z,3042,gA,1.965
2026-10-09T00:44Z,3066,gA,1.979
2026-10-09T00:44Z,3066,gP,2.069
2026-10-09T00:44Z,3067,g95e5,1.709
2026-10-09T00:44Z,3067,g95e5p,1.759
2026-10-09T00:44Z,3073,g95e5,1.689
2026-10-09T00:44Z,3077,g95e5,1.855
2026-10-09T00:44Z,3077,gA,1.969
2026-10-09T00:44Z,3077,gP,2.059
2026-10-09T00:44Z,3077,g98e5,1.995
2026-10-09T00:44Z,3094,g95e5,1.849
2026-10-09T00:44Z,3094,gA,1.969
2026-10-09T00:44Z,3094,gP,2.059
2026-10-09T00:44Z,3094,g98e5,1.989
2026-10-09T00:44Z,3095,g95e5,1.839
2026-10-09T00:44Z,3095,gA,1.969
2026-10-09T00:44Z,3095,gP,2.059
2026-10-09T00:44Z,3095,g98e5,1.979
2026-10-09T00:44Z,3097,g95e5,1.629
2026-10-09T00:44Z,3097,gA,1.759
2026-10-09T00:44Z,3104,g95e5,1.849
2026-10-09T00:44Z,3104,gA,1.969
2026-10-09T00:44Z,3104,gP,2.059
2026-10-09T00:44Z,3104,g98e5,1.989
2026-10-09T00:44Z,3106,g95e5,1.855
2026-10-09T00:44Z,3106,gA,2.009
2026-10-09T00:44Z,3106,g98e5,1.995
2026-10-09T00:44Z,3107,g95e5,1.845
2026-10-09T00:44Z,3107,gA,1.979
2026-10-09T00:44Z,3107,gP,2.069
2026-10-09T00:44Z,3107,g98e5,1.985
2026-10-09T00:44Z,3109,g95e5,1.859
2026-10-09T00:44Z,3109,gA,1.949
2026-10-09T00:44Z,3109,g98e5,1.979
2026-10-09T00:44Z,3109,g95e5p,1.929
2026-10-09T00:44Z,3110,g95e5,1.855
2026-10-09T00:44Z,3110,gA,1.985
2026-10-09T00:44Z,3110,g98e5,2.025
2026-10-09T00:44Z,3115,gP,2.059
2026-10-09T00:44Z,3116,gP,2.059
2026-10-09T00:44Z,3118,g95e5,1.839
2026-10-09T00:44Z,3118,gA,1.969
2026-10-09T00:44Z,3118,g98e5,1.999
2026-10-09T00:44Z,3119,g95e5,1.839
2026-10-09T00:44Z,3119,gA,1.969
2026-10-09T00:44Z,3119,g98e5,1.999
2026-10-09T00:44Z,3120,g95e5,1.835
2026-10-09T00:44Z,3120,gA,1.985
2026-10-09T00:44Z,3120,gP,2.075
2026-10-09T00:44Z,3120,g98e5,1.975
2026-10-09T00:44Z,3121,g95e5,1.865
2026-10-09T00:44Z,3121,gA,1.969
2026-10-09T00:44Z,3121,gP,2.059
2026-10-09T00:44Z,3121,g98e5,2.005
2026-10-09T00:44Z,3122,g95e5,1.815
2026-10-09T00:44Z,3122,gA,1.939
2026-10-09T00:44Z,3122,gP,2.029
2026-10-09T00:44Z,3122,g98e5,1.955
2026-10-09T00:44Z,3123,g95e5,1.855
2026-10-09T00:44Z,3123,gA,2.015
2026-10-09T00:44Z,3123,g98e5,1.985
2026-10-09T00:44Z,3124,g95e5,1.865
2026-10-09T00:44Z,3124,gA,1.969
2026-10-09T00:44Z,3124,gP,2.059
2026-10-09T00:44Z,3124,g98e5,2.005
2026-10-09T00:44Z,3133,gP,2.059
2026-10-09T00:44Z,3134,g95e5,1.835
2026-10-09T00:44Z,3134,gA,1.949
2026-10-09T00:44Z,3134,gP,2.039
2026-10-09T00:44Z,3134,g98e5,1.975
2026-10-09T00:44Z,3137,gA,1.970
2026-10-09T00:44Z,3137,gP,2.059
2026-10-09T00:44Z,3138,gP,2.059
2026-10-09T00:44Z,3139,gP,2.059
2026-10-09T00:44Z,3140,gP,2.059
2026-10-09T00:44Z,3141,gP,2.059
2026-10-09T00:44Z,3143,g95e5,1.839
2026-10-09T00:44Z,3143,gA,1.985
2026-10-09T00:44Z,3143,g98e5,1.959
2026-10-09T00:44Z,3144,gP,2.059
2026-10-09T00:44Z,3145,g95e5,1.829
2026-10-09T00:44Z,3145,gA,1.985
2026-10-09T00:44Z,3145,gP,2.075
2026-10-09T00:44Z,3145,g98e5,1.969
2026-10-09T00:44Z,3149,g95e5,1.829
2026-10-09T00:44Z,3149,gA,1.985
2026-10-09T00:44Z,3149,gP,2.075
2026-10-09T00:44Z,3149,g98e5,1.969
2026-10-09T00:44Z,3151,g95e5,1.855
2026-10-09T00:44Z,3151,gA,2.015
2026-10-09T00:44Z,3151,g98e5,1.985
2026-10-09T00:44Z,3153,g95e5,1.689
2026-10-09T00:44Z,3153,g95e5p,1.709
2026-10-09T00:44Z,3155,g95e5,1.829
2026-10-09T00:44Z,3155,gA,2.015
2026-10-09T00:44Z,3155,g98e5,1.949
2026-10-09T00:44Z,3157,g95e5,1.839
2026-10-09T00:44Z,3157,gA,1.945
2026-10-09T00:44Z,3157,gP,2.035
2026-10-09T00:44Z,3157,g98e5,1.979
2026-10-09T00:44Z,3158,g95e5,1.825
2026-10-09T00:44Z,3158,gA,1.955
2026-10-09T00:44Z,3158,gP,2.045
2026-10-09T00:44Z,3158,g98e5,1.965
2026-10-09T00:44Z,3159,g95e5,1.825
2026-10-09T00:44Z,3159,gA,1.955
2026-10-09T00:44Z,3159,gP,2.045
2026-10-09T00:44Z,3159,g98e5,1.965
2026-10-09T00:44Z,3160,g95e5,1.865
2026-10-09T00:44Z,3160,gA,1.979
2026-10-09T00:44Z,3160,g98e5,1.985
2026-10-09T00:44Z,3161,g95e5,1.865
2026-10-09T00:44Z,3161,gA,1.979
2026-10-09T00:44Z,3161,g98e5,1.985
2026-10-09T00:44Z,3163,g95e5,1.845
2026-10-09T00:44Z,3163,g98e5,2.015
2026-10-09T00:44Z,3163,gB,1.855
2026-10-09T00:44Z,3167,g95e5,1.859
2026-10-09T00:44Z,3167,gA,1.975
2026-10-09T00:44Z,3167,g98e5,1.979
2026-10-09T00:44Z,3167,g95e5p,1.929
2026-10-09T00:44Z,3168,g95e5,1.825
2026-10-09T00:44Z,3168,gA,1.949
2026-10-09T00:44Z,3172,g95e5,1.859
2026-10-09T00:44Z,3174,g95e5,1.835
2026-10-09T00:44Z,3174,gA,1.985
2026-10-09T00:44Z,3174,g98e5,2.005
2026-10-09T00:44Z,3175,g95e5,1.839
2026-10-09T00:44Z,3175,g98e5,2.009
2026-10-09T00:44Z,3176,g95e5,1.855
2026-10-09T00:44Z,3176,gA,1.985
2026-10-09T00:44Z,3176,gP,2.075
2026-10-09T00:44Z,3176,g98e5,1.995
2026-10-09T00:44Z,3178,g95e5,1.829
2026-10-09T00:44Z,3178,gA,1.929
2026-10-09T00:44Z,3178,g98e5,2.049
2026-10-09T00:44Z,3179,g95e5,1.829
2026-10-09T00:44Z,3179,gA,1.929
2026-10-09T00:44Z,3179,g98e5,2.049
2026-10-09T00:44Z,3180,g95e5,1.839
2026-10-09T00:44Z,3180,gA,1.985
2026-10-09T00:44Z,3180,g98e5,1.959
2026-10-09T00:44Z,3182,g95e5,1.825
2026-10-09T00:44Z,3182,gA,1.949
2026-10-09T00:44Z,3182,g98e5,1.955
2026-10-09T00:44Z,3183,g95e5,1.825
2026-10-09T00:44Z,3183,gA,1.949
2026-10-09T00:44Z,3183,g98e5,1.955
2026-10-09T00:44Z,3185,g95e5,1.869
2026-10-09T00:44Z,3185,gA,2.009
2026-10-09T00:44Z,3185,g98e5,1.989
2026-10-09T00:44Z,3191,g95e5,1.749
2026-10-09T00:44Z,3191,gA,1.849
2026-10-09T00:44Z,3191,gP,1.899
2026-10-09T00:44Z,3191,g95e5p,1.799
2026-10-09T00:44Z,3192,g95e5,1.839
2026-10-09T00:44Z,3192,gA,1.985
2026-10-09T00:44Z,3192,g98e5,2.009
2026-10-09T00:44Z,3192,gB,1.855
2026-10-09T00:44Z,3198,g95e5,1.909
2026-10-09T00:44Z,3198,gA,1.989
2026-10-09T00:44Z,3198,g98e5,2.029
2026-10-09T00:44Z,3198,g95e5p,1.979
2026-10-09T00:44Z,3199,g95e5,1.839
2026-10-09T00:44Z,3199,gA,1.949
2026-10-09T00:44Z,3199,g98e5,2.009
2026-10-09T00:44Z,3199,g95e5p,1.919
2026-10-09T00:44Z,3202,g95e5,1.779
2026-10-09T00:44Z,3202,gA,1.939
2026-10-09T00:44Z,3202,gP,1.979
2026-10-09T00:44Z,3202,g98e5,1.969
2026-10-09T00:44Z,3205,g95e5,1.909
2026-10-09T00:44Z,3205,gA,2.019
2026-10-09T00:44Z,3205,g98e5,2.029
2026-10-09T00:44Z,3208,g95e5,1.825
2026-10-09T00:44Z,3208,gA,1.949
2026-10-09T00:44Z,3212,gP,2.059
2026-10-09T00:44Z,3216,g95e5,1.619
2026-10-09T00:44Z,3216,gA,1.719
2026-10-09T00:44Z,3217,g95e5,1.875
2026-10-09T00:44Z,3217,gA,1.949
2026-10-09T00:44Z,3217,g98e5,1.995
2026-10-09T00:44Z,3218,g95e5,1.885
2026-10-09T00:44Z,3218,gA,1.955
2026-10-09T00:44Z,3218,g98e5,2.005
2026-10-09T00:44Z,3219,g95e5,1.829
2026-10-09T00:44Z,3219,gA,1.999
2026-10-09T00:44Z,3219,gP,2.089
2026-10-09T00:44Z,3219,g98e5,1.969
2026-10-09T00:44Z,3235,g95e5,1.849
2026-10-09T00:44Z,3235,gA,1.899
2026-10-09T00:44Z,3235,g98e5,1.979
2026-10-09T00:44Z,3235,gB,1.719
2026-10-09T00:44Z,3238,g95e5,1.859
2026-10-09T00:44Z,3238,gA,1.949
2026-10-09T00:44Z,3238,g98e5,1.979
2026-10-09T00:44Z,3240,g95e5,1.865
2026-10-09T00:44Z,3240,gA,1.949
2026-10-09T00:44Z,3240,gP,2.009
2026-10-09T00:44Z,3240,g98e5,1.985
2026-10-09T00:44Z,3240,gB,1.775
2026-10-09T00:44Z,3241,g95e5,1.829
2026-10-09T00:44Z,3241,gA,1.909
2026-10-09T00:44Z,3241,gP,2.009
2026-10-09T00:44Z,3241,g98e5,1.969
2026-10-09T00:44Z,3242,g95e5,1.809
2026-10-09T00:44Z,3242,gA,1.895
2026-10-09T00:44Z,3242,gP,2.005
2026-10-09T00:44Z,3242,g98e5,1.979
2026-10-09T00:44Z,3242,gB,1.715
2026-10-09T00:44Z,3243,g95e5,1.815
2026-10-09T00:44Z,3243,gA,1.899
2026-10-09T00:44Z,3243,gP,2.009
2026-10-09T00:44Z,3243,g98e5,1.985
2026-10-09T00:44Z,3244,g95e5,1.865
2026-10-09T00:44Z,3244,gA,1.945
2026-10-09T00:44Z,3244,g98e5,1.985
2026-10-09T00:44Z,3244,gB,1.739
2026-10-09T00:44Z,3245,g95e5,1.809
2026-10-09T00:44Z,3245,gP,2.005
2026-10-09T00:44Z,3245,g98e5,1.979
2026-10-09T00:44Z,3246,g95e5,1.825
2026-10-09T00:44Z,3246,gA,1.935
2026-10-09T00:44Z,3246,g98e5,1.985
2026-10-09T00:44Z,3246,gB,1.775
2026-10-09T00:44Z,3250,g95e5,1.815
2026-10-09T00:44Z,3250,gA,1.915
2026-10-09T00:44Z,3250,gP,2.025
2026-10-09T00:44Z,3250,g98e5,1.955
2026-10-09T00:44Z,3252,g95e5,1.855
2026-10-09T00:44Z,3252,gA,1.905
2026-10-09T00:44Z,3252,gP,2.015
2026-10-09T00:44Z,3252,gB,1.719
2026-10-09T00:44Z,3255,g95e5,1.849
2026-10-09T00:44Z,3255,gP,2.059
2026-10-09T00:44Z,3255,g98e5,1.969
2026-10-09T00:44Z,3257,g95e5,1.809
2026-10-09T00:44Z,3257,gA,1.895
2026-10-09T00:44Z,3257,gP,2.005
2026-10-09T00:44Z,3257,g98e5,1.979
2026-10-09T00:44Z,3260,g95e5,1.845
2026-10-09T00:44Z,3260,gA,1.909
2026-10-09T00:44Z,3260,gP,2.019
2026-10-09T00:44Z,3262,g95e5,1.859
2026-10-09T00:44Z,3262,gA,1.949
2026-10-09T00:44Z,3262,g98e5,1.979
2026-10-09T00:44Z,3264,g95e5,1.849
2026-10-09T00:44Z,3266,g95e5,1.809
2026-10-09T00:44Z,3266,gA,1.909
2026-10-09T00:44Z,3266,g98e5,1.979
2026-10-09T00:44Z,3267,g95e5,1.829
2026-10-09T00:44Z,3267,gA,1.909
2026-10-09T00:44Z,3267,g98e5,1.959
2026-10-09T00:44Z,3268,g95e5,1.849
2026-10-09T00:44Z,3268,g98e5,1.959
2026-10-09T00:44Z,3269,gA,1.925
2026-10-09T00:44Z,3269,g98e5,1.965
2026-10-09T00:44Z,3270,g95e5,1.809
2026-10-09T00:44Z,3270,gA,1.935
2026-10-09T00:44Z,3270,g98e5,1.929
2026-10-09T00:44Z,3270,g95e5p,1.879
2026-10-09T00:44Z,3272,g95e5,1.825
2026-10-09T00:44Z,3272,gA,1.909
2026-10-09T00:44Z,3272,g98e5,1.945
2026-10-09T00:44Z,3272,g95e5p,1.905
2026-10-09T00:44Z,3274,g95e5,1.815
2026-10-09T00:44Z,3274,gA,1.915
2026-10-09T00:44Z,3274,gP,2.025
2026-10-09T00:44Z,3274,g98e5,1.955
2026-10-09T00:44Z,3276,g95e5,1.825
2026-10-09T00:44Z,3276,gA,1.909
2026-10-09T00:44Z,3276,gP,2.019
2026-10-09T00:44Z,3276,gB,1.729
2026-10-09T00:44Z,3277,g95e5,1.809
2026-10-09T00:44Z,3277,g98e5,1.969
2026-10-09T00:44Z,3277,gB,1.735
2026-10-09T00:44Z,3284,g95e5,1.809
2026-10-09T00:44Z,3284,gP,2.005
2026-10-09T00:44Z,3286,g95e5,1.829
2026-10-09T00:44Z,3286,gA,1.909
2026-10-09T00:44Z,3286,g98e5,1.959
2026-10-09T00:44Z,3287,g95e5,1.809
2026-10-09T00:44Z,3287,gP,2.005
2026-10-09T00:44Z,3287,gB,1.715
2026-10-09T00:44Z,3288,g95e5,1.809
2026-10-09T00:44Z,3289,g95e5,1.829
2026-10-09T00:44Z,3289,gA,1.909
2026-10-09T00:44Z,3289,g98e5,1.959
2026-10-09T00:44Z,3289,gB,1.729
2026-10-09T00:44Z,3290,g95e5,1.865
2026-10-09T00:44Z,3290,gA,1.949
2026-10-09T00:44Z,3290,g98e5,1.985
2026-10-09T00:44Z,3292,g95e5,1.855
2026-10-09T00:44Z,3292,gA,1.919
2026-10-09T00:44Z,3292,g98e5,1.985
2026-10-09T00:44Z,3292,gB,1.715
2026-10-09T00:44Z,3293,gA,1.949
2026-10-09T00:44Z,3293,g98e5,1.985
2026-10-09T00:44Z,3298,g95e5,1.809
2026-10-09T00:44Z,3298,gB,1.775
2026-10-09T00:44Z,3304,g95e5,1.829
2026-10-09T00:44Z,3304,gA,1.929
2026-10-09T00:44Z,3304,gP,1.979
2026-10-09T00:44Z,3310,g95e5,1.855
2026-10-09T00:44Z,3310,gA,1.919
2026-10-09T00:44Z,3310,g98e5,1.985
2026-10-09T00:44Z,3313,g95e5,1.859
2026-10-09T00:44Z,3313,gA,1.895
2026-10-09T00:44Z,3313,gP,1.955
2026-10-09T00:44Z,3315,g95e5,1.839
2026-10-09T00:44Z,3315,gA,1.909
2026-10-09T00:44Z,3315,gP,2.019
2026-10-09T00:44Z,3317,g95e5,1.865
2026-10-09T00:44Z,3317,g98e5,1.985
2026-10-09T00:44Z,3318,g95e5,1.845
2026-10-09T00:44Z,3318,gA,1.919
2026-10-09T00:44Z,3318,g98e5,1.965
2026-10-09T00:44Z,3319,g95e5,1.849
2026-10-09T00:44Z,3319,g98e5,1.959
2026-10-09T00:44Z,3319,g95e5p,1.919
2026-10-09T00:44Z,3320,g95e5,1.809
2026-10-09T00:44Z,3320,gA,1.909
2026-10-09T00:44Z,3320,g98e5,1.929
2026-10-09T00:44Z,3324,g95e5,1.809
2026-10-09T00:44Z,3324,gP,2.005
2026-10-09T00:44Z,3324,g98e5,1.979
2026-10-09T00:44Z,3325,g95e5,1.845
2026-10-09T00:44Z,3325,gA,1.905
2026-10-09T00:44Z,3325,g98e5,2.015
2026-10-09T00:44Z,3325,gB,1.715
2026-10-09T00:44Z,3326,g95e5,1.815
2026-10-09T00:44Z,3326,g98e5,1.935
2026-10-09T00:44Z,3326,gB,1.759
2026-10-09T00:44Z,3327,gA,1.949
2026-10-09T00:44Z,3327,g98e5,1.985
2026-10-09T00:44Z,3327,gB,1.759
2026-10-09T00:44Z,3329,g95e5,1.825
2026-10-09T00:44Z,3329,gA,1.909
2026-10-09T00:44Z,3329,g98e5,1.995
2026-10-09T00:44Z,3329,gB,1.769
2026-10-09T00:44Z,3334,g95e5,1.845
2026-10-09T00:44Z,3334,gA,1.919
2026-10-09T00:44Z,3334,g95e5p,1.915
2026-10-09T00:44Z,3335,g95e5,1.819
2026-10-09T00:44Z,3335,gA,1.919
2026-10-09T00:44Z,3335,g98e5,1.939
2026-10-09T00:44Z,3335,g95e5p,1.889
2026-10-09T00:44Z,3336,g95e5,1.839
2026-10-09T00:44Z,3336,gA,1.909
2026-10-09T00:44Z,3336,gP,2.019
2026-10-09T00:44Z,3336,g98e5,1.979
2026-10-09T00:44Z,3337,g95e5,1.865
2026-10-09T00:44Z,3337,gA,1.949
2026-10-09T00:44Z,3337,gP,2.009
2026-10-09T00:44Z,3337,g98e5,1.985
2026-10-09T00:44Z,3338,g95e5,1.855
2026-10-09T00:44Z,3338,gA,1.919
2026-10-09T00:44Z,3338,gP,2.029
2026-10-09T00:44Z,3338,g98e5,1.985
2026-10-09T00:44Z,3339,g95e5,1.859
2026-10-09T00:44Z,3339,gA,1.939
2026-10-09T00:44Z,3339,gP,2.049
2026-10-09T00:44Z,3339,g98e5,1.989
2026-10-09T00:44Z,3402,g95e5,1.855
2026-10-09T00:44Z,3402,gA,1.919
2026-10-09T00:44Z,3402,g98e5,1.975
2026-10-09T00:44Z,3405,gA,1.939
2026-10-09T00:44Z,3421,g95e5,1.649
2026-10-09T00:44Z,3421,gA,1.715
2026-10-09T00:44Z,3421,gP,1.735
2026-10-09T00:44Z,3421,g95e5p,1.669
2026-10-09T00:44Z,3456,gP,2.030
2026-10-09T00:44Z,3457,g95e5,1.849
2026-10-09T00:44Z,3457,gA,1.939
2026-10-09T00:44Z,3457,gP,2.049
2026-10-09T00:44Z,3457,g98e5,1.969
2026-10-09T00:44Z,3458,gA,1.939
2026-10-09T00:44Z,3461,g95e5,1.819
2026-10-09T00:44Z,3461,gA,1.899
2026-10-09T00:44Z,3461,g98e5,1.999
2026-10-09T00:44Z,3461,gB,1.729
2026-10-09T00:44Z,3462,g95e5,1.825
2026-10-09T00:44Z,3462,gA,1.949
2026-10-09T00:44Z,3462,g98e5,1.995
2026-10-09T00:44Z,3464,g95e5,1.819
2026-10-09T00:44Z,3464,gA,1.935
2026-10-09T00:44Z,3464,gP,2.045
2026-10-09T00:44Z,3464,g98e5,1.989
2026-10-09T00:44Z,3464,gB,1.715
2026-10-09T00:44Z,3470,g95e5,1.869
2026-10-09T00:44Z,3470,gA,1.889
2026-10-09T00:44Z,3470,gP,1.999
2026-10-09T00:44Z,3470,g98e5,2.039
2026-10-09T00:44Z,3472,g95e5,1.839
2026-10-09T00:44Z,3472,gA,1.899
2026-10-09T00:44Z,3472,gP,1.959
2026-10-09T00:44Z,3472,g98e5,1.959
2026-10-09T00:44Z,3472,g95e5p,1.909
2026-10-09T00:44Z,3474,g95e5,1.845
2026-10-09T00:44Z,3474,gA,1.909
2026-10-09T00:44Z,3474,gP,2.009
2026-10-09T00:44Z,3474,g98e5,1.965
2026-10-09T00:44Z,3475,g95e5,1.855
2026-10-09T00:44Z,3475,gA,1.905
2026-10-09T00:44Z,3475,gP,2.005
2026-10-09T00:44Z,3475,g98e5,2.015
2026-10-09T00:44Z,3475,g95e5p,1.935
2026-10-09T00:44Z,3476,g95e5,1.855
2026-10-09T00:44Z,3476,gA,1.905
2026-10-09T00:44Z,3476,g98e5,2.015
2026-10-09T00:44Z,3477,g95e5,1.845
2026-10-09T00:44Z,3477,g98e5,1.985
2026-10-09T00:44Z,3478,g95e5,1.855
2026-10-09T00:44Z,3478,gA,1.935
2026-10-09T00:44Z,3478,g98e5,2.015
2026-10-09T00:44Z,3478,g95e5p,1.925
2026-10-09T00:44Z,3481,g95e5,1.845
2026-10-09T00:44Z,3481,gA,1.935
2026-10-09T00:44Z,3481,gP,1.995
2026-10-09T00:44Z,3481,g98e5,1.965
2026-10-09T00:44Z,3481,g95e5p,1.925
2026-10-09T00:44Z,3484,g95e5,1.845
2026-10-09T00:44Z,3484,gA,1.909
2026-10-09T00:44Z,3484,gP,2.019
2026-10-09T00:44Z,3484,g98e5,1.965
2026-10-09T00:44Z,3487,g95e5,1.785
2026-10-09T00:44Z,3487,gA,1.945
2026-10-09T00:44Z,3487,gP,2.055
2026-10-09T00:44Z,3487,g98e5,1.955
2026-10-09T00:44Z,3487,g95e5p,1.855
2026-10-09T00:44Z,3493,g95e5,1.785
2026-10-09T00:44Z,3493,gA,1.935
2026-10-09T00:44Z,3493,gP,2.045
2026-10-09T00:44Z,3494,g95e5,1.799
2026-10-09T00:44Z,3494,gA,1.955
2026-10-09T00:44Z,3494,gP,2.065
2026-10-09T00:44Z,3494,gB,1.729
2026-10-09T00:44Z,3501,g95e5,1.839
2026-10-09T00:44Z,3501,gA,1.955
2026-10-09T00:44Z,3501,gP,2.045
2026-10-09T00:44Z,3501,g98e5,1.979
2026-10-09T00:44Z,3511,g95e5,1.845
2026-10-09T00:44Z,3511,gA,1.975
2026-10-09T00:44Z,3511,gP,2.065
2026-10-09T00:44Z,3511,g98e5,1.985
2026-10-09T00:44Z,3517,g95e5,1.845
2026-10-09T00:44Z,3517,gA,1.909
2026-10-09T00:44Z,3517,gP,2.019
2026-10-09T00:44Z,3517,g98e5,2.015
2026-10-09T00:44Z,3521,g95e5,1.879
2026-10-09T00:44Z,3521,gA,1.945
2026-10-09T00:44Z,3521,gP,2.005
2026-10-09T00:44Z,3521,gB,1.879
2026-10-09T00:44Z,3522,g95e5,1.829
2026-10-09T00:44Z,3522,gA,1.979
2026-10-09T00:44Z,3522,gP,2.039
2026-10-09T00:44Z,3522,g98e5,1.999
2026-10-09T00:44Z,3524,gA,1.889
2026-10-09T00:44Z,3524,g98e5,1.995
2026-10-09T00:44Z,3527,g95e5,1.805
2026-10-09T00:44Z,3527,gA,1.965
2026-10-09T00:44Z,3527,gP,2.025
2026-10-09T00:44Z,3527,g98e5,1.975
2026-10-09T00:44Z,3529,g95e5,1.849
2026-10-09T00:44Z,3529,gA,1.905
2026-10-09T00:44Z,3529,gP,2.015
2026-10-09T00:44Z,3529,g98e5,1.989
2026-10-09T00:44Z,3534,g95e5,1.825
2026-10-09T00:44Z,3534,gA,1.969
2026-10-09T00:44Z,3534,gP,2.079
2026-10-09T00:44Z,3534,g98e5,1.995
2026-10-09T00:44Z,3535,g95e5,1.865
2026-10-09T00:44Z,3535,gA,1.939
2026-10-09T00:44Z,3535,gP,1.999
2026-10-09T00:44Z,3536,g95e5,1.799
2026-10-09T00:44Z,3536,gA,1.949
2026-10-09T00:44Z,3536,gP,2.059
2026-10-09T00:44Z,3536,g98e5,1.969
2026-10-09T00:44Z,3537,gB,1.574
2026-10-09T00:44Z,3539,gA,1.919
2026-10-09T00:44Z,3539,g98e5,1.995
2026-10-09T00:44Z,3541,g95e5,1.889
2026-10-09T00:44Z,3541,gA,1.939
2026-10-09T00:44Z,3541,g98e5,2.009
2026-10-09T00:44Z,3541,g95e5p,1.959
2026-10-09T00:44Z,3548,g95e5,1.805
2026-10-09T00:44Z,3548,gA,1.969
2026-10-09T00:44Z,3548,gP,2.059
2026-10-09T00:44Z,3548,g98e5,1.945
2026-10-09T00:44Z,3550,g95e5,1.845
2026-10-09T00:44Z,3550,gA,1.889
2026-10-09T00:44Z,3550,g98e5,2.015
2026-10-09T00:44Z,3553,gA,1.935
2026-10-09T00:44Z,3553,g98e5,1.999
2026-10-09T00:44Z,3554,gA,1.895
2026-10-09T00:44Z,3554,g98e5,1.995
2026-10-09T00:44Z,3554,gB,1.845
2026-10-09T00:44Z,3555,g95e5,1.855
2026-10-09T00:44Z,3555,gA,1.925
2026-10-09T00:44Z,3555,gP,1.985
2026-10-09T00:44Z,3557,gA,1.895
2026-10-09T00:44Z,3557,g98e5,2.009
2026-10-09T00:44Z,3560,g98e5,1.999
2026-10-09T00:44Z,3567,g95e5,1.825
2026-10-09T00:44Z,3567,gA,1.905
2026-10-09T00:44Z,3567,g98e5,1.975
2026-10-09T00:44Z,3568,g95e5,1.825
2026-10-09T00:44Z,3568,gA,1.905
2026-10-09T00:44Z,3568,g98e5,1.975
2026-10-09T00:44Z,3569,g95e5,1.825
2026-10-09T00:44Z,3569,gA,1.939
2026-10-09T00:44Z,3569,g98e5,1.995
2026-10-09T00:44Z,3570,g95e5,1.879
2026-10-09T00:44Z,3570,gA,1.889
2026-10-09T00:44Z,3575,g95e5,1.825
2026-10-09T00:44Z,3575,gA,1.899
2026-10-09T00:44Z,3577,gA,1.929
2026-10-09T00:44Z,3577,gP,1.989
2026-10-09T00:44Z,3577,g98e5,1.995
2026-10-09T00:44Z,3578,g95e5,1.825
2026-10-09T00:44Z,3578,gA,1.909
2026-10-09T00:44Z,3578,gP,2.019
2026-10-09T00:44Z,3578,g98e5,1.995
2026-10-09T00:44Z,3581,g95e5,1.845
2026-10-09T00:44Z,3581,gA,1.905
2026-10-09T00:44Z,3581,g98e5,1.965
2026-10-09T00:44Z,3581,g95e5p,1.915
2026-10-09T00:44Z,3586,g95e5,1.889
2026-10-09T00:44Z,3586,gA,1.939
2026-10-09T00:44Z,3586,gP,2.049
2026-10-09T00:44Z,3586,g98e5,2.069
2026-10-09T00:44Z,3587,g95e5,1.785
2026-10-09T00:44Z,3587,gA,1.935
2026-10-09T00:44Z,3587,g98e5,1.955
2026-10-09T00:44Z,3587,gB,1.715
2026-10-09T00:44Z,3590,g95e5,1.859
2026-10-09T00:44Z,3590,gA,1.939
2026-10-09T00:44Z,3590,g98e5,2.029
2026-10-09T00:44Z,3591,g95e5,1.859
2026-10-09T00:44Z,3591,gA,1.955
2026-10-09T00:44Z,3591,g98e5,2.029
2026-10-09T00:44Z,3591,gB,1.845
2026-10-09T00:44Z,3592,g95e5,1.859
2026-10-09T00:44Z,3592,gA,1.955
2026-10-09T00:44Z,3592,gP,2.065
2026-10-09T00:44Z,3595,g95e5,1.805
2026-10-09T00:44Z,3595,gA,1.965
2026-10-09T00:44Z,3595,g98e5,1.975
2026-10-09T00:44Z,3598,g95e5,1.829
2026-10-09T00:44Z,3598,gA,1.925
2026-10-09T00:44Z,3598,gP,2.015
2026-10-09T00:44Z,3598,g98e5,1.969
2026-10-09T00:44Z,3602,gA,1.889
2026-10-09T00:44Z,3602,gB,1.875
2026-10-09T00:44Z,3603,g95e5,1.849
2026-10-09T00:44Z,3603,g98e5,1.989
2026-10-09T00:44Z,3604,g95e5,1.839
2026-10-09T00:44Z,3604,gA,1.989
2026-10-09T00:44Z,3604,gP,2.079
2026-10-09T00:44Z,3604,g98e5,1.979
2026-10-09T00:44Z,3607,g95e5,1.829
2026-10-09T00:44Z,3607,g98e5,1.969
2026-10-09T00:44Z,3610,g95e5,1.865
2026-10-09T00:44Z,3610,gA,1.919
2026-10-09T00:44Z,3610,gP,2.009
2026-10-09T00:44Z,3610,g98e5,2.005
2026-10-09T00:44Z,3612,g95e5,1.829
2026-10-09T00:44Z,3612,gA,1.979
2026-10-09T00:44Z,3612,gP,2.089
2026-10-09T00:44Z,3612,g98e5,1.949
2026-10-09T00:44Z,3614,g95e5,1.845
2026-10-09T00:44Z,3614,gA,1.945
2026-10-09T00:44Z,3614,gP,2.035
2026-10-09T00:44Z,3614,g98e5,1.985
2026-10-09T00:44Z,3616,g95e5,1.849
2026-10-09T00:44Z,3616,gA,1.945
2026-10-09T00:44Z,3616,gP,2.005
2026-10-09T00:44Z,3616,g98e5,1.969
2026-10-09T00:44Z,3616,g95e5p,1.919
2026-10-09T00:44Z,3617,g95e5,1.785
2026-10-09T00:44Z,3617,gA,1.949
2026-10-09T00:44Z,3617,gP,2.049
2026-10-09T00:44Z,3617,gB,1.789
2026-10-09T00:44Z,3618,g95e5,1.795
2026-10-09T00:44Z,3618,gA,1.935
2026-10-09T00:44Z,3618,gP,2.045
2026-10-09T00:44Z,3618,g98e5,1.965
2026-10-09T00:44Z,3619,g95e5,1.785
2026-10-09T00:44Z,3619,gA,1.949
2026-10-09T00:44Z,3619,g98e5,1.955
2026-10-09T00:44Z,3621,g95e5,1.825
2026-10-09T00:44Z,3621,gA,1.895
2026-10-09T00:44Z,3621,gP,1.975
2026-10-09T00:44Z,3621,g98e5,1.985
2026-10-09T00:44Z,3621,g95e5p,1.895
2026-10-09T00:44Z,3622,g95e5,1.839
2026-10-09T00:44Z,3622,gA,1.955
2026-10-09T00:44Z,3622,gP,2.045
2026-10-09T00:44Z,3622,g98e5,1.979
2026-10-09T00:44Z,3623,g95e5,1.845
2026-10-09T00:44Z,3623,gA,1.935
2026-10-09T00:44Z,3623,gP,1.995
2026-10-09T00:44Z,3623,g98e5,2.015
2026-10-09T00:44Z,3627,g95e5,1.825
2026-10-09T00:44Z,3627,gA,1.949
2026-10-09T00:44Z,3627,gP,2.059
2026-10-09T00:44Z,3632,g95e5,1.829
2026-10-09T00:44Z,3632,gA,1.925
2026-10-09T00:44Z,3632,gP,2.015
2026-10-09T00:44Z,3632,g98e5,1.969
2026-10-09T00:44Z,3635,g95e5,1.869
2026-10-09T00:44Z,3635,gA,1.939
2026-10-09T00:44Z,3635,gP,2.029
2026-10-09T00:44Z,3635,g98e5,2.039
2026-10-09T00:44Z,3640,gA,1.959
2026-10-09T00:44Z,3640,gP,2.069
2026-10-09T00:44Z,3646,g95e5,1.829
2026-10-09T00:44Z,3646,gA,1.979
2026-10-09T00:44Z,3646,g98e5,1.949
2026-10-09T00:44Z,3646,gB,1.749
2026-10-09T00:44Z,3647,g95e5,1.845
2026-10-09T00:44Z,3647,gA,1.945
2026-10-09T00:44Z,3647,g98e5,2.015
2026-10-09T00:44Z,3648,g95e5,1.785
2026-10-09T00:44Z,3648,gA,1.949
2026-10-09T00:44Z,3648,gP,2.059
2026-10-09T00:44Z,3648,g95e5p,1.855
2026-10-09T00:44Z,3648,gB,1.749
2026-10-09T00:44Z,3651,gA,1.919
2026-10-09T00:44Z,3651,g98e5,1.995
2026-10-09T00:44Z,3651,gB,1.845
2026-10-09T00:44Z,3655,g95e5,1.839
2026-10-09T00:44Z,3655,gA,1.929
2026-10-09T00:44Z,3655,gP,2.039
2026-10-09T00:44Z,3658,g95e5,1.785
2026-10-09T00:44Z,3658,gA,1.949
2026-10-09T00:44Z,3658,gP,2.059
2026-10-09T00:44Z,3658,g98e5,1.955
2026-10-09T00:44Z,3661,gA,1.899
2026-10-09T00:44Z,3661,gP,2.009
2026-10-09T00:44Z,3661,g98e5,1.995
2026-10-09T00:44Z,3668,gP,2.015
2026-10-09T00:44Z,3668,g98e5,1.995
2026-10-09T00:44Z,3668,gB,1.845
2026-10-09T00:44Z,3673,gA,1.889
2026-10-09T00:44Z,3675,gA,1.915
2026-10-09T00:44Z,3675,g98e5,2.019
2026-10-09T00:44Z,3676,g95e5,1.789
2026-10-09T00:44Z,3676,gA,1.949
2026-10-09T00:44Z,3676,gP,2.059
2026-10-09T00:44Z,3676,g98e5,1.959
2026-10-09T00:44Z,3676,gB,1.715
2026-10-09T00:44Z,3677,g95e5,1.785
2026-10-09T00:44Z,3677,gA,1.935
2026-10-09T00:44Z,3677,gP,2.015
2026-10-09T00:44Z,3677,gB,1.715
2026-10-09T00:44Z,3680,gA,1.915
2026-10-09T00:44Z,3680,gP,1.975
2026-10-09T00:44Z,3680,g98e5,1.985
2026-10-09T00:44Z,3681,g95e5,1.839
2026-10-09T00:44Z,3681,gA,1.899
2026-10-09T00:44Z,3681,gP,1.959
2026-10-09T00:44Z,3681,g98e5,1.959
2026-10-09T00:44Z,3682,g95e5,1.849
2026-10-09T00:44Z,3682,gA,1.905
2026-10-09T00:44Z,3682,gP,2.015
2026-10-09T00:44Z,3682,g98e5,1.989
2026-10-09T00:44Z,3683,gA,1.949
2026-10-09T00:44Z,3684,g95e5,1.859
2026-10-09T00:44Z,3684,gA,1.905
2026-10-09T00:44Z,3684,g98e5,2.029
2026-10-09T00:44Z,3685,g95e5,1.825
2026-10-09T00:44Z,3685,gA,1.905
2026-10-09T00:44Z,3685,gP,1.955
2026-10-09T00:44Z,3685,g98e5,1.935
2026-10-09T00:44Z,3685,g95e5p,1.895
2026-10-09T00:44Z,3687,g95e5,1.859
2026-10-09T00:44Z,3687,gA,1.939
2026-10-09T00:44Z,3687,g98e5,2.029
2026-10-09T00:44Z,3687,g95e5p,1.939
2026-10-09T00:44Z,3688,g95e5,1.825
2026-10-09T00:44Z,3688,gA,1.889
2026-10-09T00:44Z,3688,g98e5,1.945
2026-10-09T00:44Z,3690,g95e5,1.875
2026-10-09T00:44Z,3690,gA,1.935
2026-10-09T00:44Z,3690,g98e5,1.995
2026-10-09T00:44Z,3691,gA,1.939
2026-10-09T00:44Z,3692,g95e5,1.855
2026-10-09T00:44Z,3692,gA,1.935
2026-10-09T00:44Z,3692,g98e5,2.015
2026-10-09T00:44Z,3692,gB,1.879
2026-10-09T00:44Z,3694,g95e5,1.839
2026-10-09T00:44Z,3694,gA,1.889
2026-10-09T00:44Z,3694,g98e5,1.959
2026-10-09T00:44Z,3696,g95e5,1.825
2026-10-09T00:44Z,3696,gA,1.899
2026-10-09T00:44Z,3696,gP,1.969
2026-10-09T00:44Z,3696,g98e5,1.995
2026-10-09T00:44Z,3697,g95e5,1.885
2026-10-09T00:44Z,3697,gA,1.945
2026-10-09T00:44Z,3697,g98e5,2.005
2026-10-09T00:44Z,3698,g95e5,1.785
2026-10-09T00:44Z,3698,gA,1.935
2026-10-09T00:44Z,3698,gP,2.045
2026-10-09T00:44Z,3698,g98e5,1.955
2026-10-09T00:44Z,3699,g95e5,1.885
2026-10-09T00:44Z,3699,gA,1.955
2026-10-09T00:44Z,3699,gP,2.015
2026-10-09T00:44Z,3699,g98e5,2.055
2026-10-09T00:44Z,3700,g95e5,1.845
2026-10-09T00:44Z,3700,gA,1.905
2026-10-09T00:44Z,3700,gP,2.015
2026-10-09T00:44Z,3700,g98e5,2.015
2026-10-09T00:44Z,3701,g95e5,1.855
2026-10-09T00:44Z,3701,gP,2.005
2026-10-09T00:44Z,3701,g98e5,1.975
2026-10-09T00:44Z,3713,g95e5,1.689
2026-10-09T00:44Z,3716,g95e5,1.829
2026-10-09T00:44Z,3716,gA,1.925
2026-10-09T00:44Z,3716,gP,2.015
2026-10-09T00:44Z,3716,g98e5,1.969
2026-10-09T00:44Z,3718,g95e5,1.879
2026-10-09T00:44Z,3718,g98e5,2.019
2026-10-09T00:44Z,3728,g95e5,1.739
2026-10-09T00:44Z,3728,g98e5,1.899
2026-10-09T00:44Z,3734,g95e5,1.799
2026-10-09T00:44Z,3734,gA,1.809
2026-10-09T00:44Z,3734,g98e5,1.979
2026-10-09T00:44Z,3748,gA,1.899
2026-10-09T00:44Z,3748,gP,2.009
2026-10-09T00:44Z,3748,g98e5,1.995
2026-10-09T00:44Z,3762,g95e5,1.849
2026-10-09T00:44Z,3762,gA,1.959
2026-10-09T00:44Z,3762,gP,2.049
2026-10-09T00:44Z,3762,g98e5,1.989
2026-10-09T00:44Z,3763,g95e5,1.829
2026-10-09T00:44Z,3763,gA,1.935
2026-10-09T00:44Z,3763,gP,1.995
2026-10-09T00:44Z,3763,g98e5,1.999
2026-10-09T00:44Z,3770,g95e5,1.879
2026-10-09T00:44Z,3770,gP,1.965
2026-10-09T00:44Z,3770,g98e5,2.049
2026-10-09T00:44Z,3776,g95e5,1.884
2026-10-09T00:44Z,3776,gA,1.974
2026-10-09T00:44Z,3776,gP,2.064
2026-10-09T00:44Z,3776,g98e5,2.014
2026-10-09T00:44Z,3784,g95e5,1.825
2026-10-09T00:44Z,3784,gA,1.885
2026-10-09T00:44Z,3784,gP,1.965
2026-10-09T00:44Z,3784,g98e5,1.995
2026-10-09T00:44Z,3787,g95e5,1.865
2026-10-09T00:44Z,3787,gA,1.899
2026-10-09T00:44Z,3787,gP,1.949
2026-10-09T00:44Z,3787,g98e5,1.975
2026-10-09T00:44Z,3787,g95e5p,1.935
2026-10-09T00:44Z,3796,g95e5,1.859
2026-10-09T00:44Z,3796,gA,1.909
2026-10-09T00:44Z,3796,gP,1.989
2026-10-09T00:44Z,3796,g98e5,2.029
2026-10-09T00:44Z,3798,gA,1.895
2026-10-09T00:44Z,3798,g98e5,1.999
2026-10-09T00:44Z,3798,gB,1.795
2026-10-09T00:44Z,3803,g95e5,1.869
2026-10-09T00:44Z,3803,gA,1.929
2026-10-09T00:44Z,3803,gP,2.019
2026-10-09T00:44Z,3803,g98e5,2.009
2026-10-09T00:44Z,3806,g95e5,1.859
2026-10-09T00:44Z,3806,gA,1.925
2026-10-09T00:44Z,3806,gP,1.985
2026-10-09T00:44Z,3806,g98e5,1.979
2026-10-09T00:44Z,3806,g95e5p,1.929
2026-10-09T00:44Z,3807,g95e5,1.855
2026-10-09T00:44Z,3807,gA,1.919
2026-10-09T00:44Z,3807,g95e5p,1.925
2026-10-09T00:44Z,3809,g95e5,1.899
2026-10-09T00:44Z,3809,gA,1.939
2026-10-09T00:44Z,3809,gP,1.999
2026-10-09T00:44Z,3809,g98e5,2.019
2026-10-09T00:44Z,3811,g95e5,1.869
2026-10-09T00:44Z,3811,g98e5,2.009
2026-10-09T00:44Z,3814,g95e5,1.849
2026-10-09T00:44Z,3814,gA,1.935
2026-10-09T00:44Z,3814,g98e5,2.019
2026-10-09T00:44Z,3814,gB,1.795
2026-10-09T00:44Z,3823,g95e5,1.859
2026-10-09T00:44Z,3823,gA,1.909
2026-10-09T00:44Z,3823,gP,1.989
2026-10-09T00:44Z,3823,g98e5,2.029
2026-10-09T00:44Z,3826,g95e5,1.825
2026-10-09T00:44Z,3826,gP,1.965
2026-10-09T00:44Z,3827,g95e5,1.825
2026-10-09T00:44Z,3827,gA,1.895
2026-10-09T00:44Z,3827,g95e5p,1.895
2026-10-09T00:44Z,3831,g95e5,1.859
2026-10-09T00:44Z,3831,gA,1.909
2026-10-09T00:44Z,3831,gP,1.989
2026-10-09T00:44Z,3831,g95e5p,1.919
2026-10-09T00:44Z,3831,gB,1.735
2026-10-09T00:44Z,3832,gA,1.919
2026-10-09T00:44Z,3832,gP,1.999
2026-10-09T00:44Z,3832,g98e5,2.019
2026-10-09T00:44Z,3836,g95e5,1.859
2026-10-09T00:44Z,3836,gA,1.909
2026-10-09T00:44Z,3839,g95e5,1.865
2026-10-09T00:44Z,3839,gA,1.959
2026-10-09T00:44Z,3839,gP,2.019
2026-10-09T00:44Z,3839,g98e5,2.005
2026-10-09T00:44Z,3840,g95e5,1.835
2026-10-09T00:44Z,3840,gP,2.039
2026-10-09T00:44Z,3840,g98e5,2.005
2026-10-09T00:44Z,3841,g95e5,1.865
2026-10-09T00:44Z,3841,gA,1.959
2026-10-09T00:44Z,3841,gP,2.019
2026-10-09T00:44Z,3841,g98e5,2.005
2026-10-09T00:44Z,3843,g95e5,1.825
2026-10-09T00:44Z,3843,gA,1.925
2026-10-09T00:44Z,3843,gP,1.985
2026-10-09T00:44Z,3843,g98e5,1.955
2026-10-09T00:44Z,3844,g95e5,1.825
2026-10-09T00:44Z,3844,gA,1.925
2026-10-09T00:44Z,3844,gP,1.985
2026-10-09T00:44Z,3844,g98e5,1.955
2026-10-09T00:44Z,3847,g95e5,1.839
2026-10-09T00:44Z,3847,gA,1.905
2026-10-09T00:44Z,3847,g98e5,1.999
2026-10-09T00:44Z,3851,g95e5,1.859
2026-10-09T00:44Z,3851,gA,1.909
2026-10-09T00:44Z,3851,g98e5,2.029
2026-10-09T00:44Z,3852,g95e5,1.859
2026-10-09T00:44Z,3852,gA,1.909
2026-10-09T00:44Z,3852,g98e5,2.029
2026-10-09T00:44Z,3855,g95e5,1.859
2026-10-09T00:44Z,3855,gA,1.909
2026-10-09T00:44Z,3855,gP,1.989
2026-10-09T00:44Z,3855,g98e5,2.029
2026-10-09T00:44Z,3857,g95e5,1.859
2026-10-09T00:44Z,3857,gA,1.909
2026-10-09T00:44Z,3857,gP,1.969
2026-10-09T00:44Z,3857,g98e5,2.029
2026-10-09T00:44Z,3860,g95e5,1.869
2026-10-09T00:44Z,3860,gA,1.929
2026-10-09T00:44Z,3860,gP,2.019
2026-10-09T00:44Z,3860,g98e5,2.009
2026-10-09T00:44Z,3862,g95e5,1.899
2026-10-09T00:44Z,3862,gP,2.009
2026-10-09T00:44Z,3862,g98e5,2.069
2026-10-09T00:44Z,3866,g95e5,1.849
2026-10-09T00:44Z,3866,gA,1.919
2026-10-09T00:44Z,3866,gP,1.999
2026-10-09T00:44Z,3866,g98e5,2.019
2026-10-09T00:44Z,3872,g95e5,1.859
2026-10-09T00:44Z,3872,gA,1.929
2026-10-09T00:44Z,3872,g98e5,1.979
2026-10-09T00:44Z,3872,g95e5p,1.929
2026-10-09T00:44Z,3876,g95e5,1.869
2026-10-09T00:44Z,3876,gA,1.945
2026-10-09T00:44Z,3876,g98e5,2.039
2026-10-09T00:44Z,3878,g95e5,1.825
2026-10-09T00:44Z,3878,gA,1.895
2026-10-09T00:44Z,3878,gP,1.955
2026-10-09T00:44Z,3878,g98e5,1.995
2026-10-09T00:44Z,3878,gB,1.735
2026-10-09T00:44Z,3882,g95e5,1.865
2026-10-09T00:44Z,3882,gA,1.959
2026-10-09T00:44Z,3882,gP,2.039
2026-10-09T00:44Z,3882,g98e5,2.035
2026-10-09T00:44Z,3882,gB,1.795
2026-10-09T00:44Z,3884,g95e5,1.859
2026-10-09T00:44Z,3884,gA,1.909
2026-10-09T00:44Z,3884,gP,1.989
2026-10-09T00:44Z,3884,g98e5,2.029
2026-10-09T00:44Z,3885,g95e5,1.869
2026-10-09T00:44Z,3885,g98e5,2.009
2026-10-09T00:44Z,3887,g95e5,1.889
2026-10-09T00:44Z,3887,gA,1.949
2026-10-09T00:44Z,3887,g98e5,2.019
2026-10-09T00:44Z,3887,gB,1.795
2026-10-09T00:44Z,3889,g95e5,1.875
2026-10-09T00:44Z,3889,gA,1.885
2026-10-09T00:44Z,3889,g98e5,2.045
2026-10-09T00:44Z,3895,g95e5,1.889
2026-10-09T00:44Z,3895,g98e5,2.059
2026-10-09T00:44Z,3896,g95e5,1.825
2026-10-09T00:44Z,3896,gA,1.885
2026-10-09T00:44Z,3896,gP,1.945
2026-10-09T00:44Z,3896,gB,1.735
2026-10-09T00:44Z,3897,g95e5,1.889
2026-10-09T00:44Z,3897,gA,1.949
2026-10-09T00:44Z,3897,g98e5,2.019
2026-10-09T00:44Z,3898,g95e5,1.899
2026-10-09T00:44Z,3898,gA,1.909
2026-10-09T00:44Z,3898,gP,1.969
2026-10-09T00:44Z,3898,g98e5,2.019
2026-10-09T00:44Z,3899,g95e5,1.899
2026-10-09T00:44Z,3899,gA,1.939
2026-10-09T00:44Z,3899,g98e5,2.019
2026-10-09T00:44Z,3899,g95e5p,1.979
2026-10-09T00:44Z,3901,g95e5,1.825
2026-10-09T00:44Z,3901,gA,1.919
2026-10-09T00:44Z,3901,gP,1.999
2026-10-09T00:44Z,3901,g98e5,1.995
2026-10-09T00:44Z,3902,g95e5,1.829
2026-10-09T00:44Z,3902,gA,1.919
2026-10-09T00:44Z,3902,gP,1.979
2026-10-09T00:44Z,3904,g95e5,1.899
2026-10-09T00:44Z,3904,gP,1.979
2026-10-09T00:44Z,3904,g98e5,2.019
2026-10-09T00:44Z,3906,g95e5,1.845
2026-10-09T00:44Z,3907,g95e5,1.845
2026-10-09T00:44Z,3907,gP,1.945
2026-10-09T00:44Z,3907,g98e5,2.015
2026-10-09T00:44Z,3907,gB,1.745
2026-10-09T00:44Z,3913,g95e5,1.855
2026-10-09T00:44Z,3913,gA,1.945
2026-10-09T00:44Z,3913,gP,2.035
2026-10-09T00:44Z,3913,g98e5,1.995
2026-10-09T00:44Z,3916,g95e5,1.849
2026-10-09T00:44Z,3916,gA,1.909
2026-10-09T00:44Z,3916,g98e5,2.019
2026-10-09T00:44Z,3921,g95e5,1.849
2026-10-09T00:44Z,3921,gA,1.915
2026-10-09T00:44Z,3921,gP,2.005
2026-10-09T00:44Z,3921,g98e5,1.989
2026-10-09T00:44Z,3929,g95e5,1.905
2026-10-09T00:44Z,3929,gA,1.885
2026-10-09T00:44Z,3929,gP,1.975
2026-10-09T00:44Z,3929,g98e5,2.045
2026-10-09T00:44Z,3932,g95e5,1.829
2026-10-09T00:44Z,3932,gA,1.919
2026-10-09T00:44Z,3932,gP,1.979
2026-10-09T00:44Z,3932,g98e5,1.999
2026-10-09T00:44Z,3937,g95e5,1.885
2026-10-09T00:44Z,3937,gA,1.909
2026-10-09T00:44Z,3940,g95e5,1.859
2026-10-09T00:44Z,3940,gA,1.909
2026-10-09T00:44Z,3940,g98e5,1.979
2026-10-09T00:44Z,3940,g95e5p,1.919
2026-10-09T00:44Z,3953,g95e5,1.835
2026-10-09T00:44Z,3953,gA,1.929
2026-10-09T00:44Z,3953,g98e5,2.005
2026-10-09T00:44Z,3953,g95e5p,1.895
2026-10-09T00:44Z,3953,gB,1.775
2026-10-09T00:44Z,3955,g95e5,1.899
2026-10-09T00:44Z,3955,gA,1.949
2026-10-09T00:44Z,3956,g95e5,1.855
2026-10-09T00:44Z,3956,gA,1.929
2026-10-09T00:44Z,3956,g98e5,2.015
2026-10-09T00:44Z,3958,g95e5,1.885
2026-10-09T00:44Z,3958,gP,1.945
2026-10-09T00:44Z,3958,g98e5,2.005
2026-10-09T00:44Z,3960,g95e5,1.879
2026-10-09T00:44Z,3960,gA,1.909
2026-10-09T00:44Z,3960,gP,1.989
2026-10-09T00:44Z,3960,g98e5,2.049
2026-10-09T00:44Z,3963,g95e5,1.859
2026-10-09T00:44Z,3963,gA,1.929
2026-10-09T00:44Z,3963,g98e5,1.969
2026-10-09T00:44Z,3964,g95e5,1.825
2026-10-09T00:44Z,3964,gA,1.955
2026-10-09T00:44Z,3964,gP,2.035
2026-10-09T00:44Z,3964,g98e5,1.995
2026-10-09T00:44Z,3964,gB,1.735
2026-10-09T00:44Z,3996,g95e5,1.869
2026-10-09T00:44Z,3996,g98e5,2.009
2026-10-09T00:44Z,4004,g95e5,1.869
2026-10-09T00:44Z,4004,g98e5,2.009
2026-10-09T00:44Z,4005,g95e5,1.884
2026-10-09T00:44Z,4005,gA,1.974
2026-10-09T00:44Z,4005,gP,2.064
2026-10-09T00:44Z,4005,g98e5,2.014
2026-10-09T00:44Z,4009,g95e5,1.709
2026-10-09T00:44Z,4009,gA,1.819
2026-10-09T00:44Z,4009,gP,1.869
2026-10-09T00:44Z,4009,g98e5,1.849
2026-10-09T00:44Z,4012,g95e5,1.869
2026-10-09T00:44Z,4012,gA,1.935
2026-10-09T00:44Z,4012,gP,2.025
2026-10-09T00:44Z,4012,g98e5,2.009
2026-10-09T00:44Z,4014,g95e5,1.869
2026-10-09T00:44Z,4014,gA,1.929
2026-10-09T00:44Z,4014,gP,2.019
2026-10-09T00:44Z,4014,g98e5,2.009
2026-10-09T00:44Z,4015,g95e5,1.825
2026-10-09T00:44Z,4015,gA,1.909
2026-10-09T00:44Z,4015,gB,1.775
2026-10-09T00:44Z,4017,g95e5,1.649
2026-10-09T00:44Z,4017,gA,1.759
2026-10-09T00:44Z,4018,g95e5,1.889
2026-10-09T00:44Z,4018,gA,1.909
2026-10-09T00:44Z,4018,g98e5,2.039
2026-10-09T00:44Z,4019,g95e5,1.849
2026-10-09T00:44Z,4019,gA,1.915
2026-10-09T00:44Z,4019,gP,2.005
2026-10-09T00:44Z,4019,g98e5,1.989
2026-10-09T00:44Z,4021,g95e5,1.825
2026-10-09T00:44Z,4021,gA,1.955
2026-10-09T00:44Z,4021,gP,2.035
2026-10-09T00:44Z,4021,g98e5,1.995
2026-10-09T00:44Z,4025,g95e5,1.885
2026-10-09T00:44Z,4025,gA,1.925
2026-10-09T00:44Z,4025,gP,2.015
2026-10-09T00:44Z,4025,g98e5,2.025
2026-10-09T00:44Z,4032,g95e5,1.889
2026-10-09T00:44Z,4032,gA,1.909
2026-10-09T00:44Z,4032,g98e5,2.039
2026-10-09T00:44Z,4032,g95e5p,1.969
2026-10-09T00:44Z,4034,g95e5,1.859
2026-10-09T00:44Z,4034,gA,1.929
2026-10-09T00:44Z,4034,g98e5,2.029
2026-10-09T00:44Z,4038,g95e5,1.825
2026-10-09T00:44Z,4038,gP,1.965
2026-10-09T00:44Z,4038,gB,1.735
2026-10-09T00:44Z,4039,g95e5,1.849
2026-10-09T00:44Z,4039,gA,1.915
2026-10-09T00:44Z,4039,gP,2.005
2026-10-09T00:44Z,4039,g98e5,1.989
2026-10-09T00:44Z,4042,g95e5,1.835
2026-10-09T00:44Z,4042,gA,1.929
2026-10-09T00:44Z,4042,g98e5,2.005
2026-10-09T00:44Z,4044,g95e5,1.889
2026-10-09T00:44Z,4044,gA,1.949
2026-10-09T00:44Z,4044,gB,1.795
2026-10-09T00:44Z,4046,g95e5,1.849
2026-10-09T00:44Z,4046,gA,1.919
2026-10-09T00:44Z,4046,gP,1.979
2026-10-09T00:44Z,4046,g98e5,2.019
2026-10-09T00:44Z,4060,gP,1.965
2026-10-09T00:44Z,4060,gB,1.735
2026-10-09T00:44Z,4062,g95e5,1.825
2026-10-09T00:44Z,4062,gA,1.895
2026-10-09T00:44Z,4062,gP,1.975
2026-10-09T00:44Z,4062,g98e5,1.995
2026-10-09T00:44Z,4069,gA,1.895
2026-10-09T00:44Z,4071,g95e5,1.885
2026-10-09T00:44Z,4071,gA,1.939
2026-10-09T00:44Z,4071,gP,1.999
2026-10-09T00:44Z,4071,g98e5,2.005
2026-10-09T00:44Z,4072,g95e5,1.829
2026-10-09T00:44Z,4072,gA,1.929
2026-10-09T00:44Z,4072,gP,2.009
2026-10-09T00:44Z,4073,g95e5,1.899
2026-10-09T00:44Z,4073,gA,1.949
2026-10-09T00:44Z,4073,g98e5,2.019
2026-10-09T00:44Z,4074,g95e5,1.869
2026-10-09T00:44Z,4074,gA,1.885
2026-10-09T00:44Z,4074,gP,1.945
2026-10-09T00:44Z,4074,g98e5,2.039
2026-10-09T00:44Z,4075,g95e5,1.879
2026-10-09T00:44Z,4075,gA,1.885
2026-10-09T00:44Z,4075,gP,1.945
2026-10-09T00:44Z,4075,g98e5,2.049
2026-10-09T00:44Z,4076,g95e5,1.889
2026-10-09T00:44Z,4076,gA,1.925
2026-10-09T00:44Z,4076,gP,1.985
2026-10-09T00:44Z,4076,g98e5,2.009
2026-10-09T00:44Z,4078,g95e5,1.889
2026-10-09T00:44Z,4078,gA,1.909
2026-10-09T00:44Z,4078,gP,1.969
2026-10-09T00:44Z,4078,g98e5,2.059
2026-10-09T00:44Z,4079,g95e5,1.889
2026-10-09T00:44Z,4079,gA,1.949
2026-10-09T00:44Z,4079,g98e5,2.019
2026-10-09T00:44Z,4080,g95e5,1.885
2026-10-09T00:44Z,4080,gA,1.895
2026-10-09T00:44Z,4080,gP,1.955
2026-10-09T00:44Z,4080,g98e5,2.055
2026-10-09T00:44Z,4085,g95e5,1.859
2026-10-09T00:44Z,4085,gA,1.929
2026-10-09T00:44Z,4085,gP,1.989
2026-10-09T00:44Z,4085,g98e5,1.979
2026-10-09T00:44Z,4088,g95e5,1.899
2026-10-09T00:44Z,4089,g95e5,1.829
2026-10-09T00:44Z,4089,gA,1.929
2026-10-09T00:44Z,4089,gP,2.009
2026-10-09T00:44Z,4089,g98e5,1.999
2026-10-09T00:44Z,4090,g95e5,1.859
2026-10-09T00:44Z,4090,gA,1.925
2026-10-09T00:44Z,4090,gP,2.005
2026-10-09T00:44Z,4090,g98e5,2.029
2026-10-09T00:44Z,4091,g95e5,1.899
2026-10-09T00:44Z,4091,gA,1.909
2026-10-09T00:44Z,4091,gP,1.969
2026-10-09T00:44Z,4093,g95e5,1.899
2026-10-09T00:44Z,4093,gA,1.939
2026-10-09T00:44Z,4093,gP,1.999
2026-10-09T00:44Z,4093,g98e5,2.019
2026-10-09T00:44Z,4094,g95e5,1.865
2026-10-09T00:44Z,4094,gA,1.959
2026-10-09T00:44Z,4094,gP,2.039
2026-10-09T00:44Z,4094,gB,1.795
2026-10-09T00:44Z,4095,g95e5,1.865
2026-10-09T00:44Z,4095,gA,1.959
2026-10-09T00:44Z,4095,gP,2.019
2026-10-09T00:44Z,4095,g98e5,2.005
2026-10-09T00:44Z,4096,g95e5,1.869
2026-10-09T00:44Z,4096,gA,1.955
2026-10-09T00:44Z,4096,gP,2.015
2026-10-09T00:44Z,4096,g98e5,2.029
2026-10-09T00:44Z,4097,g95e5,1.869
2026-10-09T00:44Z,4097,gA,1.955
2026-10-09T00:44Z,4097,gP,2.015
2026-10-09T00:44Z,4097,g98e5,2.029
2026-10-09T00:44Z,4098,g95e5,1.859
2026-10-09T00:44Z,4098,gA,1.939
2026-10-09T00:44Z,4098,gP,1.999
2026-10-09T00:44Z,4098,g98e5,1.989
2026-10-09T00:44Z,4104,g95e5,1.899
2026-10-09T00:44Z,4104,gP,2.019
2026-10-09T00:44Z,4104,g98e5,2.019
2026-10-09T00:44Z,4108,g95e5,1.899
2026-10-09T00:44Z,4108,gA,1.925
2026-10-09T00:44Z,4108,gP,2.015
2026-10-09T00:44Z,4108,g98e5,2.039
2026-10-09T00:44Z,4109,g95e5,1.889
2026-10-09T00:44Z,4109,gA,1.945
2026-10-09T00:44Z,4109,gP,2.035
2026-10-09T00:44Z,4109,g98e5,2.029
2026-10-09T00:44Z,4110,g95e5,1.889
2026-10-09T00:44Z,4110,gA,1.945
2026-10-09T00:44Z,4110,gP,2.035
2026-10-09T00:44Z,4110,g98e5,2.029
2026-10-09T00:44Z,4111,g95e5,1.899
2026-10-09T00:44Z,4111,gP,2.019
2026-10-09T00:44Z,4111,g98e5,2.019
2026-10-09T00:44Z,4117,g95e5,1.849
2026-10-09T00:44Z,4117,gA,1.935
2026-10-09T00:44Z,4117,gP,2.025
2026-10-09T00:44Z,4117,g98e5,1.989
2026-10-09T00:44Z,4118,g95e5,1.829
2026-10-09T00:44Z,4118,gA,1.919
2026-10-09T00:44Z,4118,gP,1.979
2026-10-09T00:44Z,4118,g98e5,1.999
2026-10-09T00:44Z,4127,g95e5,1.839
2026-10-09T00:44Z,4127,gA,1.939
2026-10-09T00:44Z,4127,gP,1.999
2026-10-09T00:44Z,4127,g98e5,1.989
2026-10-09T00:44Z,4128,gA,1.689
2026-10-09T00:44Z,4143,gB,1.921
2026-10-09T00:44Z,4160,gA,1.949
2026-10-09T00:44Z,4166,g95e5,1.819
2026-10-09T00:44Z,4166,gA,1.919
2026-10-09T00:44Z,4169,g95e5,1.805
2026-10-09T00:44Z,4169,gA,1.929
2026-10-09T00:44Z,4169,gP,2.019
2026-10-09T00:44Z,4169,g98e5,1.945
2026-10-09T00:44Z,4169,gB,1.739
2026-10-09T00:44Z,4172,g95e5,1.775
2026-10-09T00:44Z,4172,gA,1.895
2026-10-09T00:44Z,4174,g95e5,1.779
2026-10-09T00:44Z,4174,gA,1.895
2026-10-09T00:44Z,4175,g95e5,1.839
2026-10-09T00:44Z,4175,gA,1.909
2026-10-09T00:44Z,4175,gP,2.004
2026-10-09T00:44Z,4175,g98e5,1.985
2026-10-09T00:44Z,4175,glp,1.059
2026-10-09T00:44Z,4175,gB,1.793
2026-10-09T00:44Z,4186,g95e5,1.845
2026-10-09T00:44Z,4186,gA,1.949
2026-10-09T00:44Z,4186,gP,2.039
2026-10-09T00:44Z,4186,g98e5,1.985
2026-10-09T00:44Z,4198,g95e5,1.795
2026-10-09T00:44Z,4198,gA,1.915
2026-10-09T00:44Z,4198,g98e5,1.915
2026-10-09T00:44Z,4198,g95e5p,1.865
2026-10-09T00:44Z,4199,g95e5,1.819
2026-10-09T00:44Z,4199,gA,1.919
2026-10-09T00:44Z,4199,g95e5p,1.879
2026-10-09T00:44Z,4204,g95e5,1.815
2026-10-09T00:44Z,4204,gA,1.929
2026-10-09T00:44Z,4204,g98e5,1.925
2026-10-09T00:44Z,4204,g95e5p,1.875
2026-10-09T00:44Z,4205,g95e5,1.835
2026-10-09T00:44Z,4205,gA,1.945
2026-10-09T00:44Z,4205,g98e5,1.955
2026-10-09T00:44Z,4206,g95e5,1.835
2026-10-09T00:44Z,4206,gA,1.945
2026-10-09T00:44Z,4206,gP,2.025
2026-10-09T00:44Z,4206,g98e5,1.955
2026-10-09T00:44Z,4207,g95e5,1.825
2026-10-09T00:44Z,4207,gA,1.945
2026-10-09T00:44Z,4207,g98e5,1.945
2026-10-09T00:44Z,4211,g95e5,1.775
2026-10-09T00:44Z,4211,gA,1.949
2026-10-09T00:44Z,4214,g95e5,1.819
2026-10-09T00:44Z,4214,gA,1.895
2026-10-09T00:44Z,4214,g98e5,1.939
2026-10-09T00:44Z,4214,g95e5p,1.889
2026-10-09T00:44Z,4216,g95e5,1.785
2026-10-09T00:44Z,4216,gA,1.915
2026-10-09T00:44Z,4216,g98e5,1.905
2026-10-09T00:44Z,4216,gB,1.825
2026-10-09T00:44Z,4218,g95e5,1.745
2026-10-09T00:44Z,4218,g98e5,1.905
2026-10-09T00:44Z,4223,g95e5,1.775
2026-10-09T00:44Z,4223,gA,1.959
2026-10-09T00:44Z,4223,g95e5p,1.845
2026-10-09T00:44Z,4223,gB,1.799
2026-10-09T00:44Z,4225,g95e5,1.775
2026-10-09T00:44Z,4225,gA,1.945
2026-10-09T00:44Z,4228,g95e5,1.805
2026-10-09T00:44Z,4228,gA,1.929
2026-10-09T00:44Z,4228,gP,2.019
2026-10-09T00:44Z,4228,g98e5,1.945
2026-10-09T00:44Z,4229,g95e5,1.839
2026-10-09T00:44Z,4229,gA,1.905
2026-10-09T00:44Z,4230,g95e5,1.809
2026-10-09T00:44Z,4230,gA,1.915
2026-10-09T00:44Z,4230,g98e5,1.929
2026-10-09T00:44Z,4231,g95e5,1.805
2026-10-09T00:44Z,4231,gA,1.945
2026-10-09T00:44Z,4231,g98e5,1.925
2026-10-09T00:44Z,4233,g95e5,1.779
2026-10-09T00:44Z,4233,gA,1.905
2026-10-09T00:44Z,4233,g98e5,1.899
2026-10-09T00:44Z,4238,g95e5,1.779
2026-10-09T00:44Z,4238,gA,1.899
2026-10-09T00:44Z,4238,g98e5,1.899
2026-10-09T00:44Z,4238,g95e5p,1.849
2026-10-09T00:44Z,4245,g95e5,1.775
2026-10-09T00:44Z,4245,gA,1.895
2026-10-09T00:44Z,4249,g95e5,1.795
2026-10-09T00:44Z,4249,gA,1.919
2026-10-09T00:44Z,4249,gB,1.799
2026-10-09T00:44Z,4250,g95e5,1.839
2026-10-09T00:44Z,4250,gA,1.945
2026-10-09T00:44Z,4251,g95e5,1.775
2026-10-09T00:44Z,4251,gA,1.895
2026-10-09T00:44Z,4252,g95e5,1.775
2026-10-09T00:44Z,4252,gA,1.935
2026-10-09T00:44Z,4252,g98e5,1.885
2026-10-09T00:44Z,4252,gB,1.819
2026-10-09T00:44Z,4258,g95e5,1.829
2026-10-09T00:44Z,4258,gA,1.895
2026-10-09T00:44Z,4258,g98e5,1.949
2026-10-09T00:44Z,4258,g95e5p,1.899
2026-10-09T00:44Z,4259,g95e5,1.839
2026-10-09T00:44Z,4259,gA,1.959
2026-10-09T00:44Z,4266,g95e5,1.819
2026-10-09T00:44Z,4266,gA,1.939
2026-10-09T00:44Z,4266,gP,2.029
2026-10-09T00:44Z,4266,g98e5,1.949
2026-10-09T00:44Z,4266,g95e5p,1.879
2026-10-09T00:44Z,4266,gB,1.819
2026-10-09T00:44Z,4267,g95e5,1.809
2026-10-09T00:44Z,4267,gA,1.915
2026-10-09T00:44Z,4267,g98e5,1.929
2026-10-09T00:44Z,4270,g95e5,1.785
2026-10-09T00:44Z,4270,gA,1.905
2026-10-09T00:44Z,4270,g98e5,1.905
2026-10-09T00:44Z,4275,g95e5,1.775
2026-10-09T00:44Z,4275,gA,1.935
2026-10-09T00:44Z,4275,gB,1.765
2026-10-09T00:44Z,4277,g95e5,1.825
2026-10-09T00:44Z,4277,gA,1.895
2026-10-09T00:44Z,4277,g98e5,1.945
2026-10-09T00:44Z,4277,g95e5p,1.895
2026-10-09T00:44Z,4284,g95e5,1.785
2026-10-09T00:44Z,4284,gA,1.905
2026-10-09T00:44Z,4284,g98e5,1.905
2026-10-09T00:44Z,4286,g95e5,1.775
2026-10-09T00:44Z,4286,gA,1.909
2026-10-09T00:44Z,4286,g98e5,1.895
2026-10-09T00:44Z,4289,g95e5,1.839
2026-10-09T00:44Z,4289,gA,1.935
2026-10-09T00:44Z,4289,g98e5,1.959
2026-10-09T00:44Z,4290,g95e5,1.839
2026-10-09T00:44Z,4290,gA,1.935
2026-10-09T00:44Z,4290,g98e5,1.959
2026-10-09T00:44Z,4296,g95e5,1.729
2026-10-09T00:44Z,4296,gA,1.829
2026-10-09T00:44Z,4296,gP,1.879
2026-10-09T00:44Z,4296,g98e5,1.839
2026-10-09T00:44Z,4306,g95e5,1.815
2026-10-09T00:44Z,4306,gA,1.965
2026-10-09T00:44Z,4306,gP,2.025
2026-10-09T00:44Z,4307,g95e5,1.805
2026-10-09T00:44Z,4307,gA,1.945
2026-10-09T00:44Z,4307,gP,2.025
2026-10-09T00:44Z,4307,g98e5,1.975
2026-10-09T00:44Z,4307,gB,1.799
2026-10-09T00:44Z,4309,g95e5,1.769
2026-10-09T00:44Z,4309,gA,1.909
2026-10-09T00:44Z,4309,gP,1.979
2026-10-09T00:44Z,4309,g98e5,1.929
2026-10-09T00:44Z,4310,g95e5,1.769
2026-10-09T00:44Z,4310,gA,1.884
2026-10-09T00:44Z,4310,gP,1.934
2026-10-09T00:44Z,4310,g98e5,1.859
2026-10-09T00:44Z,4312,gP,2.059
2026-10-09T00:44Z,4314,g95e5,1.849
2026-10-09T00:44Z,4314,gA,1.969
2026-10-09T00:44Z,4314,gP,2.059
2026-10-09T00:44Z,4314,g98e5,1.989
2026-10-09T00:44Z,4316,g95e5,1.859
2026-10-09T00:44Z,4316,gA,1.985
2026-10-09T00:44Z,4316,gP,2.075
2026-10-09T00:44Z,4316,g98e5,1.999
2026-10-09T00:44Z,4319,g95e5,1.865
2026-10-09T00:44Z,4319,gA,1.995
2026-10-09T00:44Z,4319,g98e5,1.985
2026-10-09T00:44Z,4320,gP,2.059
2026-10-09T00:44Z,4321,g95e5,1.835
2026-10-09T00:44Z,4321,gA,1.949
2026-10-09T00:44Z,4321,gP,2.039
2026-10-09T00:44Z,4321,g98e5,1.975
2026-10-09T00:44Z,4322,g95e5,1.885
2026-10-09T00:44Z,4322,gA,2.009
2026-10-09T00:44Z,4324,g95e5,1.825
2026-10-09T00:44Z,4324,gA,1.949
2026-10-09T00:44Z,4324,gP,2.059
2026-10-09T00:44Z,4324,g98e5,1.995
2026-10-09T00:44Z,4325,gP,2.059
2026-10-09T00:44Z,4327,g95e5,1.859
2026-10-09T00:44Z,4327,gA,1.975
2026-10-09T00:44Z,4327,g98e5,1.979
2026-10-09T00:44Z,4327,g95e5p,1.929
2026-10-09T00:44Z,4328,g95e5,1.825
2026-10-09T00:44Z,4328,g98e5,1.995
2026-10-09T00:44Z,4329,g95e5,1.825
2026-10-09T00:44Z,4329,g98e5,1.995
2026-10-09T00:44Z,4330,g95e5,1.779
2026-10-09T00:44Z,4330,gA,1.879
2026-10-09T00:44Z,4330,gP,1.919
2026-10-09T00:44Z,4330,g98e5,1.969
2026-10-09T00:44Z,4333,g95e5,1.835
2026-10-09T00:44Z,4333,gA,2.005
2026-10-09T00:44Z,4333,g98e5,1.955
2026-10-09T00:44Z,4334,g95e5,1.855
2026-10-09T00:44Z,4334,gA,2.015
2026-10-09T00:44Z,4334,gP,2.095
2026-10-09T00:44Z,4334,g98e5,1.975
2026-10-09T00:44Z,4337,g95e5,1.869
2026-10-09T00:44Z,4337,gA,2.015
2026-10-09T00:44Z,4337,g98e5,2.039
2026-10-09T00:44Z,4339,g95e5,1.839
2026-10-09T00:44Z,4339,gA,1.959
2026-10-09T00:44Z,4339,g98e5,1.959
2026-10-09T00:44Z,4340,g95e5,1.909
2026-10-09T00:44Z,4340,gA,1.949
2026-10-09T00:44Z,4340,g98e5,2.029
2026-10-09T00:44Z,4342,g95e5,1.829
2026-10-09T00:44Z,4342,gA,2.019
2026-10-09T00:44Z,4342,g98e5,1.999
2026-10-09T00:44Z,4346,gA,1.954
2026-10-09T00:44Z,4346,gP,2.059
2026-10-09T00:44Z,4347,g95e5,1.885
2026-10-09T00:44Z,4347,g98e5,2.005
2026-10-09T00:44Z,4349,g95e5,1.885
2026-10-09T00:44Z,4349,gA,2.005
2026-10-09T00:44Z,4349,g98e5,2.005
2026-10-09T00:44Z,4351,g95e5,1.885
2026-10-09T00:44Z,4351,gA,1.989
2026-10-09T00:44Z,4351,g98e5,2.005
2026-10-09T00:44Z,4351,g95e5p,1.955
2026-10-09T00:44Z,4352,g95e5,1.909
2026-10-09T00:44Z,4352,gA,1.949
2026-10-09T00:44Z,4352,g98e5,2.029
2026-10-09T00:44Z,4352,g95e5p,1.979
2026-10-09T00:44Z,4353,g95e5,1.885
2026-10-09T00:44Z,4353,gA,1.969
2026-10-09T00:44Z,4353,g98e5,2.005
2026-10-09T00:44Z,4354,g95e5,1.825
2026-10-09T00:44Z,4354,gA,1.949
2026-10-09T00:44Z,4354,g98e5,1.995
2026-10-09T00:44Z,4356,g95e5,1.825
2026-10-09T00:44Z,4356,gA,1.955
2026-10-09T00:44Z,4356,gP,2.045
2026-10-09T00:44Z,4356,g98e5,1.965
2026-10-09T00:44Z,4358,g95e5,1.885
2026-10-09T00:44Z,4358,gA,1.999
2026-10-09T00:44Z,4358,g98e5,2.005
2026-10-09T00:44Z,4381,g95e5,1.749
2026-10-09T00:44Z,4381,gA,1.849
2026-10-09T00:44Z,4381,gP,1.899
2026-10-09T00:44Z,4381,g98e5,1.869
2026-10-09T00:44Z,4392,gA,1.949
2026-10-09T00:44Z,4433,g95e5,1.849
2026-10-09T00:44Z,4433,g98e5,1.989
2026-10-09T00:44Z,4448,g95e5,1.885
2026-10-09T00:44Z,4448,gA,1.999
2026-10-09T00:44Z,4448,g98e5,2.005
2026-10-09T00:44Z,4451,g95e5,1.779
2026-10-09T00:44Z,4452,g95e5,1.839
2026-10-09T00:44Z,4452,gA,1.975
2026-10-09T00:44Z,4452,gP,2.065
2026-10-09T00:44Z,4454,g95e5,1.819
2026-10-09T00:44Z,4454,gA,1.979
2026-10-09T00:44Z,4454,gP,2.069
2026-10-09T00:44Z,4454,g98e5,1.959
2026-10-09T00:44Z,4456,g95e5,1.849
2026-10-09T00:44Z,4456,gA,1.939
2026-10-09T00:44Z,4456,gP,2.029
2026-10-09T00:44Z,4456,g98e5,1.989
2026-10-09T00:44Z,4461,g95e5,1.885
2026-10-09T00:44Z,4461,gA,2.005
2026-10-09T00:44Z,4461,g98e5,2.005
2026-10-09T00:44Z,4462,g95e5,1.849
2026-10-09T00:44Z,4462,gA,1.995
2026-10-09T00:44Z,4462,g98e5,1.969
2026-10-09T00:44Z,4463,gP,2.059
2026-10-09T00:44Z,4467,g95e5,1.885
2026-10-09T00:44Z,4467,gA,1.999
2026-10-09T00:44Z,4467,g98e5,2.005
2026-10-09T00:44Z,4468,g95e5,1.855
2026-10-09T00:44Z,4468,gA,2.009
2026-10-09T00:44Z,4468,g98e5,1.995
2026-10-09T00:44Z,4468,g95e5p,1.925
2026-10-09T00:44Z,4469,g95e5,1.849
2026-10-09T00:44Z,4469,gA,1.969
2026-10-09T00:44Z,4469,gP,2.059
2026-10-09T00:44Z,4469,g98e5,1.989
2026-10-09T00:44Z,4470,g95e5,1.845
2026-10-09T00:44Z,4470,gA,1.979
2026-10-09T00:44Z,4470,gP,2.069
2026-10-09T00:44Z,4470,g98e5,1.985
2026-10-09T00:44Z,4474,g95e5,1.845
2026-10-09T00:44Z,4474,gA,1.989
2026-10-09T00:44Z,4474,g98e5,1.955
2026-10-09T00:44Z,4474,g95e5p,1.925
2026-10-09T00:44Z,4475,g95e5,1.849
2026-10-09T00:44Z,4475,gA,1.979
2026-10-09T00:44Z,4475,g98e5,2.019
2026-10-09T00:44Z,4478,g95e5,1.855
2026-10-09T00:44Z,4478,gA,1.969
2026-10-09T00:44Z,4478,g98e5,1.975
2026-10-09T00:44Z,4478,g95e5p,1.935
2026-10-09T00:44Z,4481,gA,1.964
2026-10-09T00:44Z,4481,gP,2.059
2026-10-09T00:44Z,4483,g95e5,1.845
2026-10-09T00:44Z,4483,gA,1.949
2026-10-09T00:44Z,4483,g98e5,2.015
2026-10-09T00:44Z,4484,g95e5,1.845
2026-10-09T00:44Z,4484,gA,1.949
2026-10-09T00:44Z,4485,gA,1.949
2026-10-09T00:44Z,4485,gP,2.059
2026-10-09T00:44Z,4486,gA,1.949
2026-10-09T00:44Z,4486,gP,2.059
2026-10-09T00:44Z,4488,g95e5,1.859
2026-10-09T00:44Z,4488,gA,1.975
2026-10-09T00:44Z,4490,g95e5,1.839
2026-10-09T00:44Z,4490,gA,2.019
2026-10-09T00:44Z,4490,g98e5,2.009
2026-10-09T00:44Z,4492,gP,2.059
2026-10-09T00:44Z,4496,g95e5,1.859
2026-10-09T00:44Z,4496,gA,1.949
2026-10-09T00:44Z,4497,g95e5,1.835
2026-10-09T00:44Z,4497,gA,1.955
2026-10-09T00:44Z,4498,g95e5,1.855
2026-10-09T00:44Z,4498,gA,1.959
2026-10-09T00:44Z,4499,g95e5,1.845
2026-10-09T00:44Z,4499,gA,1.965
2026-10-09T00:44Z,4500,g95e5,1.855
2026-10-09T00:44Z,4500,gA,1.949
2026-10-09T00:44Z,4501,g95e5,1.875
2026-10-09T00:44Z,4501,gA,1.955
2026-10-09T00:44Z,4504,g95e5,1.855
2026-10-09T00:44Z,4504,gA,1.959
2026-10-09T00:44Z,4505,g95e5,1.825
2026-10-09T00:44Z,4505,gA,1.949
2026-10-09T00:44Z,4505,gP,2.049
2026-10-09T00:44Z,4507,g95e5,1.825
2026-10-09T00:44Z,4507,gA,1.949
2026-10-09T00:44Z,4511,g95e5,1.825
2026-10-09T00:44Z,4511,gA,1.949
2026-10-09T00:44Z,4511,gP,2.049
2026-10-09T00:44Z,4512,gP,2.059
2026-10-09T00:44Z,4513,g95e5,1.835
2026-10-09T00:44Z,4513,gA,1.949
2026-10-09T00:44Z,4515,gP,2.059
2026-10-09T00:44Z,4516,gP,2.059
2026-10-09T00:44Z,4517,g95e5,1.875
2026-10-09T00:44Z,4517,gA,1.959
2026-10-09T00:44Z,4518,g95e5,1.875
2026-10-09T00:44Z,4518,gA,1.949
2026-10-09T00:44Z,4518,gP,2.039
2026-10-09T00:44Z,4518,g98e5,2.015
2026-10-09T00:44Z,4521,g95e5,1.839
2026-10-09T00:44Z,4521,gA,1.965
2026-10-09T00:44Z,4524,g95e5,1.825
2026-10-09T00:44Z,4524,gA,1.955
2026-10-09T00:44Z,4524,g98e5,1.945
2026-10-09T00:44Z,4524,g95e5p,1.895
2026-10-09T00:44Z,4525,g95e5,1.875
2026-10-09T00:44Z,4525,gA,1.989
2026-10-09T00:44Z,4525,g98e5,1.995
2026-10-09T00:44Z,4525,g95e5p,1.945
2026-10-09T00:44Z,4526,g95e5,1.885
2026-10-09T00:44Z,4526,gA,1.959
2026-10-09T00:44Z,4526,g98e5,2.005
2026-10-09T00:44Z,4526,g95e5p,1.945
2026-10-09T00:44Z,4527,g95e5,1.909
2026-10-09T00:44Z,4527,gA,1.985
2026-10-09T00:44Z,4527,g98e5,2.029
2026-10-09T00:44Z,4528,g95e5,1.865
2026-10-09T00:44Z,4528,gA,1.995
2026-10-09T00:44Z,4528,g98e5,1.985
2026-10-09T00:44Z,4531,g95e5,1.909
2026-10-09T00:44Z,4531,gA,1.989
2026-10-09T00:44Z,4531,g98e5,2.079
2026-10-09T00:44Z,4534,gP,2.059
2026-10-09T00:44Z,4536,g95e5,1.845
2026-10-09T00:44Z,4536,gA,1.959
2026-10-09T00:44Z,4538,g95e5,1.885
2026-10-09T00:44Z,4538,gA,1.959
2026-10-09T00:44Z,4538,g98e5,2.005
2026-10-09T00:44Z,4538,g95e5p,1.955
2026-10-09T00:44Z,4539,gP,2.059
2026-10-09T00:44Z,4540,g95e5,1.855
2026-10-09T00:44Z,4540,gA,1.955
2026-10-09T00:44Z,4540,g98e5,2.025
2026-10-09T00:44Z,4541,g95e5,1.825
2026-10-09T00:44Z,4541,gA,1.955
2026-10-09T00:44Z,4541,g98e5,1.995
2026-10-09T00:44Z,4542,g95e5,1.829
2026-10-09T00:44Z,4542,gA,2.015
2026-10-09T00:44Z,4542,gP,2.095
2026-10-09T00:44Z,4542,g98e5,1.999
2026-10-09T00:44Z,4543,g95e5,1.875
2026-10-09T00:44Z,4543,gA,2.019
2026-10-09T00:44Z,4543,g98e5,1.995
2026-10-09T00:44Z,4544,g95e5,1.855
2026-10-09T00:44Z,4544,gA,1.989
2026-10-09T00:44Z,4544,g98e5,1.975
2026-10-09T00:44Z,4544,g95e5p,1.925
2026-10-09T00:44Z,4546,g95e5,1.859
2026-10-09T00:44Z,4546,gA,1.959
2026-10-09T00:44Z,4546,g98e5,1.979
2026-10-09T00:44Z,4546,g95e5p,1.929
2026-10-09T00:44Z,4547,g95e5,1.875
2026-10-09T00:44Z,4547,gA,1.975
2026-10-09T00:44Z,4549,g95e5,1.835
2026-10-09T00:44Z,4549,gA,1.949
2026-10-09T00:44Z,4555,gP,2.059
2026-10-09T00:44Z,4556,g95e5,1.818
2026-10-09T00:44Z,4556,gP,2.059
2026-10-09T00:44Z,4557,g95e5,1.825
2026-10-09T00:44Z,4557,gA,1.949
2026-10-09T00:44Z,4560,g95e5,1.849
2026-10-09T00:44Z,4560,gA,1.965
2026-10-09T00:44Z,4561,g95e5,1.849
2026-10-09T00:44Z,4561,gA,1.949
2026-10-09T00:44Z,4563,g95e5,1.855
2026-10-09T00:44Z,4563,gA,1.959
2026-10-09T00:44Z,4565,g95e5,1.885
2026-10-09T00:44Z,4565,gA,1.975
2026-10-09T00:44Z,4568,g95e5,1.839
2026-10-09T00:44Z,4568,gA,2.019
2026-10-09T00:44Z,4568,g98e5,1.959
2026-10-09T00:44Z,4569,gP,2.059
2026-10-09T00:44Z,4571,gA,1.995
2026-10-09T00:44Z,4571,gP,2.085
2026-10-09T00:44Z,4573,g95e5,1.825
2026-10-09T00:44Z,4573,gA,1.949
2026-10-09T00:44Z,4573,g98e5,1.945
2026-10-09T00:44Z,4574,g95e5,1.825
2026-10-09T00:44Z,4574,gA,1.949
2026-10-09T00:44Z,4576,g95e5,1.855
2026-10-09T00:44Z,4576,gA,1.975
2026-10-09T00:44Z,4576,g95e5p,1.925
2026-10-09T00:44Z,4576,gB,1.855
2026-10-09T00:44Z,4577,g95e5,1.855
2026-10-09T00:44Z,4577,gA,1.975
2026-10-09T00:44Z,4578,g95e5,1.825
2026-10-09T00:44Z,4578,gA,1.975
2026-10-09T00:44Z,4578,g95e5p,1.875
2026-10-09T00:44Z,4579,g95e5,1.875
2026-10-09T00:44Z,4579,gA,1.989
2026-10-09T00:44Z,4579,g98e5,1.995
2026-10-09T00:44Z,4580,g95e5,1.859
2026-10-09T00:44Z,4580,gA,1.999
2026-10-09T00:44Z,4580,g98e5,1.979
2026-10-09T00:44Z,4581,g95e5,1.845
2026-10-09T00:44Z,4581,g98e5,1.955
2026-10-09T00:44Z,4582,g95e5,1.855
2026-10-09T00:44Z,4582,gA,1.959
2026-10-09T00:44Z,4583,g95e5,1.835
2026-10-09T00:44Z,4583,gA,1.949
2026-10-09T00:44Z,4583,gP,2.039
2026-10-09T00:44Z,4583,g98e5,1.975
2026-10-09T00:44Z,4586,g95e5,1.855
2026-10-09T00:44Z,4586,g98e5,1.965
2026-10-09T00:44Z,4586,g95e5p,1.935
2026-10-09T00:44Z,4588,g95e5,1.839
2026-10-09T00:44Z,4588,gA,1.999
2026-10-09T00:44Z,4588,g98e5,1.959
2026-10-09T00:44Z,4592,gP,2.059
2026-10-09T00:44Z,4593,gP,2.059
2026-10-09T00:44Z,4595,g95e5,1.855
2026-10-09T00:44Z,4595,gA,1.949
2026-10-09T00:44Z,4595,g98e5,2.025
2026-10-09T00:44Z,4597,gP,2.059
2026-10-09T00:44Z,4598,g95e5,1.885
2026-10-09T00:44Z,4598,gA,1.959
2026-10-09T00:44Z,4598,g98e5,2.005
2026-10-09T00:44Z,4601,gA,1.954
2026-10-09T00:44Z,4601,gP,2.059
2026-10-09T00:44Z,4603,g95e5,1.825
2026-10-09T00:44Z,4603,gA,1.949
2026-10-09T00:44Z,4603,g98e5,1.945
2026-10-09T00:44Z,4604,g95e5,1.825
2026-10-09T00:44Z,4604,gA,1.949
2026-10-09T00:44Z,4604,g98e5,1.995
2026-10-09T00:44Z,4605,g95e5,1.885
2026-10-09T00:44Z,4605,g98e5,2.005
2026-10-09T00:44Z,4606,g95e5,1.855
2026-10-09T00:44Z,4606,gA,1.989
2026-10-09T00:44Z,4606,g98e5,1.875
2026-10-09T00:44Z,4607,g95e5,1.829
2026-10-09T00:44Z,4607,gA,1.995
2026-10-09T00:44Z,4607,g98e5,1.949
2026-10-09T00:44Z,4608,g95e5,1.835
2026-10-09T00:44Z,4608,gA,1.949
2026-10-09T00:44Z,4608,gP,2.039
2026-10-09T00:44Z,4608,g98e5,1.975
2026-10-09T00:44Z,4609,g95e5,1.879
2026-10-09T00:44Z,4609,gA,1.999
2026-10-09T00:44Z,4610,g95e5,1.825
2026-10-09T00:44Z,4610,gA,1.995
2026-10-09T00:44Z,4610,g98e5,1.985
2026-10-09T00:44Z,4611,g95e5,1.825
2026-10-09T00:44Z,4611,gA,1.985
2026-10-09T00:44Z,4611,g98e5,1.995
2026-10-09T00:44Z,4612,gA,1.949
2026-10-09T00:44Z,4613,g95e5,1.855
2026-10-09T00:44Z,4613,gA,2.009
2026-10-09T00:44Z,4613,g98e5,1.995
2026-10-09T00:44Z,4614,g95e5,1.855
2026-10-09T00:44Z,4614,gA,1.975
2026-10-09T00:44Z,4614,g98e5,1.975
2026-10-09T00:44Z,4615,g95e5,1.855
2026-10-09T00:44Z,4615,gA,1.989
2026-10-09T00:44Z,4615,g98e5,1.975
2026-10-09T00:44Z,4616,g95e5,1.825
2026-10-09T00:44Z,4616,gA,1.985
2026-10-09T00:44Z,4616,g98e5,1.995
2026-10-09T00:44Z,4619,g95e5,1.859
2026-10-09T00:44Z,4619,gA,1.999
2026-10-09T00:44Z,4619,g98e5,1.979
2026-10-09T00:44Z,4620,g95e5,1.855
2026-10-09T00:44Z,4620,gA,1.959
2026-10-09T00:44Z,4620,g98e5,1.975
2026-10-09T00:44Z,4621,g95e5,1.849
2026-10-09T00:44Z,4621,g98e5,1.969
2026-10-09T00:44Z,4622,g95e5,1.855
2026-10-09T00:44Z,4622,gA,1.995
2026-10-09T00:44Z,4622,g98e5,1.975
2026-10-09T00:44Z,4623,g95e5,1.839
2026-10-09T00:44Z,4623,gA,2.019
2026-10-09T00:44Z,4623,g98e5,2.009
2026-10-09T00:44Z,4624,g95e5,1.885
2026-10-09T00:44Z,4624,gA,2.015
2026-10-09T00:44Z,4624,g98e5,2.005
2026-10-09T00:44Z,4624,g95e5p,1.955
2026-10-09T00:44Z,4629,g95e5,1.839
2026-10-09T00:44Z,4629,gA,2.005
2026-10-09T00:44Z,4629,g98e5,1.959
2026-10-09T00:44Z,4638,g95e5,1.855
2026-10-09T00:44Z,4638,gA,1.989
2026-10-09T00:44Z,4638,g98e5,1.975
2026-10-09T00:44Z,4639,g95e5,1.855
2026-10-09T00:44Z,4639,gA,1.989
2026-10-09T00:44Z,4639,g98e5,1.975
2026-10-09T00:44Z,4640,g95e5,1.879
2026-10-09T00:44Z,4640,gA,2.005
2026-10-09T00:44Z,4640,g98e5,1.999
2026-10-09T00:44Z,4641,g95e5,1.835
2026-10-09T00:44Z,4641,gA,1.995
2026-10-09T00:44Z,4641,g98e5,2.005
2026-10-09T00:44Z,4642,g95e5,1.835
2026-10-09T00:44Z,4642,gA,1.995
2026-10-09T00:44Z,4642,g98e5,1.955
2026-10-09T00:44Z,4643,g95e5,1.855
2026-10-09T00:44Z,4643,gA,2.015
2026-10-09T00:44Z,4643,g98e5,1.975
2026-10-09T00:44Z,4646,gP,2.059
2026-10-09T00:44Z,4649,gP,2.059
2026-10-09T00:44Z,4652,gP,2.059
2026-10-09T00:44Z,4654,g95e5,1.845
2026-10-09T00:44Z,4654,gA,1.979
2026-10-09T00:44Z,4654,gP,2.069
2026-10-09T00:44Z,4654,g98e5,1.985
2026-10-09T00:44Z,4656,g95e5,1.829
2026-10-09T00:44Z,4656,g95e5p,1.879
2026-10-09T00:44Z,4657,gA,1.954
2026-10-09T00:44Z,4657,gP,2.004
2026-10-09T00:44Z,4662,g95e5,1.809
2026-10-09T00:44Z,4662,gA,1.929
2026-10-09T00:44Z,4662,gP,1.979
2026-10-09T00:44Z,4663,gA,1.925
2026-10-09T00:44Z,4663,gP,1.995
2026-10-09T00:44Z,4664,gA,1.944
2026-10-09T00:44Z,4664,gP,2.059
2026-10-09T00:44Z,4667,g95e5,1.829
2026-10-09T00:44Z,4667,gA,1.959
2026-10-09T00:44Z,4667,gP,2.009
2026-10-09T00:44Z,4667,g98e5,1.969
2026-10-09T00:44Z,4668,g95e5,1.829
2026-10-09T00:44Z,4668,gA,1.959
2026-10-09T00:44Z,4668,gP,2.009
2026-10-09T00:44Z,4668,g98e5,1.969
2026-10-09T00:44Z,4669,g95e5,1.829
2026-10-09T00:44Z,4669,gA,1.929
2026-10-09T00:44Z,4669,gP,1.979
2026-10-09T00:44Z,4669,g98e5,1.949
2026-10-09T00:44Z,4670,gA,1.995
2026-10-09T00:44Z,4670,gP,2.085
2026-10-09T00:44Z,4672,g95e5,1.749
2026-10-09T00:44Z,4672,gA,1.809
2026-10-09T00:44Z,4672,gP,1.859
2026-10-09T00:44Z,4672,g95e5p,1.799
2026-10-09T00:44Z,4673,gA,1.809
2026-10-09T00:44Z,4673,gP,1.859
2026-10-09T00:44Z,4676,g95e5,1.829
2026-10-09T00:44Z,4676,gA,1.985
2026-10-09T00:44Z,4676,gP,2.075
2026-10-09T00:44Z,4676,g98e5,1.969
2026-10-09T00:44Z,4680,gP,2.059
2026-10-09T00:44Z,4681,g95e5,1.619
2026-10-09T00:44Z,4681,gA,1.759
2026-10-09T00:44Z,4681,gP,1.779
2026-10-09T00:44Z,4682,gA,1.959
2026-10-09T00:44Z,4682,gP,1.979
2026-10-09T00:44Z,4689,g95e5,1.849
2026-10-09T00:44Z,4689,gA,1.949
2026-10-09T00:44Z,4689,gP,2.059
2026-10-09T00:44Z,4690,g95e5,1.849
2026-10-09T00:44Z,4690,gA,1.949
2026-10-09T00:44Z,4690,gP,2.059
2026-10-09T00:44Z,4693,gA,1.954
2026-10-09T00:44Z,4693,gP,2.059
2026-10-09T00:44Z,4694,gP,2.059
2026-10-09T00:44Z,4695,g95e5,1.865
2026-10-09T00:44Z,4695,gA,1.965
2026-10-09T00:44Z,4695,g98e5,1.985
2026-10-09T00:44Z,4696,g95e5,1.849
2026-10-09T00:44Z,4696,gA,1.954
2026-10-09T00:44Z,4696,gP,2.004
2026-10-09T00:44Z,4696,g98e5,1.979
2026-10-09T00:44Z,4700,g95e5,1.789
2026-10-09T00:44Z,4700,g98e5,1.929
2026-10-09T00:44Z,4707,gP,2.059
2026-10-09T00:44Z,4709,g95e5,1.859
2026-10-09T00:44Z,4709,gA,1.979
2026-10-09T00:44Z,4709,gP,2.089
2026-10-09T00:44Z,4709,g98e5,2.059
2026-10-09T00:44Z,4709,g95e5p,1.889
2026-10-09T00:44Z,4721,gP,2.059
2026-10-09T00:44Z,4725,gP,2.059
2026-10-09T00:44Z,4728,gP,2.059
2026-10-09T00:44Z,4730,gA,1.965
2026-10-09T00:44Z,4730,gP,2.059
2026-10-09T00:44Z,4732,g95e5,1.669
2026-10-09T00:44Z,4732,gA,1.719
2026-10-09T00:44Z,4732,gP,1.779
2026-10-09T00:44Z,4735,gA,1.789
2026-10-09T00:44Z,4735,gP,1.820
2026-10-09T00:44Z,4759,gP,2.059
2026-10-09T00:44Z,4760,gP,2.059
2026-10-09T00:44Z,4762,gP,2.069
2026-10-09T00:44Z,4763,gP,2.059
2026-10-09T00:44Z,4796,gA,1.969
2026-10-09T00:44Z,4796,gP,2.025
2026-10-09T00:44Z,4806,g95e5,1.775
2026-10-09T00:44Z,4806,gA,1.925
2026-10-09T00:44Z,4806,g98e5,1.945
2026-10-09T00:44Z,4807,gA,1.995
2026-10-09T00:44Z,4807,g98e5,2.059
2026-10-09T00:44Z,4807,gB,1.735
2026-10-09T00:44Z,4817,gA,1.950
2026-10-09T00:44Z,4817,gP,1.999
2026-10-09T00:44Z,4817,g98e5,1.943
2026-10-09T00:44Z,4818,g95e5,1.839
2026-10-09T00:44Z,4818,gA,1.939
2026-10-09T00:44Z,4818,gP,2.049
2026-10-09T00:44Z,4818,g98e5,2.009
2026-10-09T00:44Z,4819,g95e5,1.779
2026-10-09T00:44Z,4819,gA,1.919
2026-10-09T00:44Z,4819,gP,2.009
2026-10-09T00:44Z,4819,g98e5,1.889
2026-10-09T00:44Z,4820,g95e5,1.819
2026-10-09T00:44Z,4820,gA,1.939
2026-10-09T00:44Z,4820,gP,2.049
2026-10-09T00:44Z,4820,g98e5,1.979
2026-10-09T00:44Z,4820,gB,1.825
2026-10-09T00:44Z,4822,gA,1.915
2026-10-09T00:44Z,4822,g98e5,1.939
2026-10-09T00:44Z,4822,gB,1.809
2026-10-09T00:44Z,4831,g95e5,1.779
2026-10-09T00:44Z,4831,gA,1.925
2026-10-09T00:44Z,4831,g98e5,1.949
2026-10-09T00:44Z,4832,g95e5,1.835
2026-10-09T00:44Z,4832,gA,1.979
2026-10-09T00:44Z,4832,gP,2.039
2026-10-09T00:44Z,4833,g95e5,1.855
2026-10-09T00:44Z,4833,gA,2.005
2026-10-09T00:44Z,4833,gP,2.065
2026-10-09T00:44Z,4833,g98e5,2.025
2026-10-09T00:44Z,4834,g95e5,1.785
2026-10-09T00:44Z,4834,gA,1.935
2026-10-09T00:44Z,4834,g98e5,1.955
2026-10-09T00:44Z,4834,g95e5p,1.855
2026-10-09T00:44Z,4841,g95e5,1.829
2026-10-09T00:44Z,4841,gA,1.975
2026-10-09T00:44Z,4841,g98e5,1.959
2026-10-09T00:44Z,4841,g95e5p,1.899
2026-10-09T00:44Z,4843,g95e5,1.835
2026-10-09T00:44Z,4843,gA,1.985
2026-10-09T00:44Z,4843,gP,2.095
2026-10-09T00:44Z,4843,g98e5,1.965
2026-10-09T00:44Z,4850,g95e5,1.815
2026-10-09T00:44Z,4850,gA,1.965
2026-10-09T00:44Z,4850,g98e5,1.975
2026-10-09T00:44Z,4858,g95e5,1.805
2026-10-09T00:44Z,4858,gA,1.969
2026-10-09T00:44Z,4858,g98e5,1.975
2026-10-09T00:44Z,4859,g95e5,1.855
2026-10-09T00:44Z,4859,gA,1.959
2026-10-09T00:44Z,4859,gB,1.725
2026-10-09T00:44Z,4864,g95e5,1.805
2026-10-09T00:44Z,4864,gA,1.939
2026-10-09T00:44Z,4866,g95e5,1.835
2026-10-09T00:44Z,4866,gA,1.985
2026-10-09T00:44Z,4866,g98e5,1.965
2026-10-09T00:44Z,4867,g95e5,1.855
2026-10-09T00:44Z,4867,gA,1.959
2026-10-09T00:44Z,4867,g98e5,2.025
2026-10-09T00:44Z,4868,g95e5,1.835
2026-10-09T00:44Z,4868,gA,1.985
2026-10-09T00:44Z,4868,gP,2.095
2026-10-09T00:44Z,4868,g98e5,1.965
2026-10-09T00:44Z,4868,g95e5p,1.915
2026-10-09T00:44Z,4873,g95e5,1.849
2026-10-09T00:44Z,4873,gA,1.945
2026-10-09T00:44Z,4873,gP,2.005
2026-10-09T00:44Z,4875,g95e5,1.849
2026-10-09T00:44Z,4875,gA,1.985
2026-10-09T00:44Z,4875,gP,2.045
2026-10-09T00:44Z,4876,g95e5,1.849
2026-10-09T00:44Z,4876,gA,1.979
2026-10-09T00:44Z,4877,g95e5,1.829
2026-10-09T00:44Z,4877,gA,1.919
2026-10-09T00:44Z,4877,gP,2.029
2026-10-09T00:44Z,4877,g98e5,1.979
2026-10-09T00:44Z,4878,g95e5,1.855
2026-10-09T00:44Z,4878,gA,1.959
2026-10-09T00:44Z,4878,gB,1.695
2026-10-09T00:44Z,4879,g95e5,1.865
2026-10-09T00:44Z,4886,gA,1.989
2026-10-09T00:44Z,4887,gA,1.984
2026-10-09T00:44Z,4890,g95e5,1.819
2026-10-09T00:44Z,4890,gA,1.939
2026-10-09T00:44Z,4890,gP,2.029
2026-10-09T00:44Z,4890,g98e5,1.959
2026-10-09T00:44Z,4894,g95e5,1.829
2026-10-09T00:44Z,4894,gA,1.969
2026-10-09T00:44Z,4894,g98e5,1.949
2026-10-09T00:44Z,4899,g95e5,1.805
2026-10-09T00:44Z,4899,gA,1.939
2026-10-09T00:44Z,4902,g95e5,1.805
2026-10-09T00:44Z,4902,gA,1.939
2026-10-09T00:44Z,4902,g95e5p,1.875
2026-10-09T00:44Z,4974,g95e5,1.799
2026-10-09T00:44Z,4974,gP,2.059
2026-10-09T00:44Z,4974,g98e5,1.969
2026-10-09T00:44Z,4975,g95e5,1.809
2026-10-09T00:44Z,4975,gA,1.979
2026-10-09T00:44Z,4975,gP,2.029
2026-10-09T00:44Z,4975,g98e5,1.949
2026-10-09T00:44Z,5003,gA,1.945
2026-10-09T00:44Z,5003,gP,2.010
2026-10-09T00:44Z,5010,g95e5,1.899
2026-10-09T00:44Z,5038,gA,1.809
2026-10-09T00:44Z,5038,gP,1.859
2026-10-09T00:44Z,5045,gA,1.929
2026-10-09T00:44Z,5050,g95e5,1.789
2026-10-09T00:44Z,5050,gA,1.939
2026-10-09T00:44Z,5052,g95e5,1.779
2026-10-09T00:44Z,5052,gA,1.959
2026-10-09T00:44Z,5054,g95e5,1.845
2026-10-09T00:44Z,5054,gB,1.705
2026-10-09T00:44Z,5059,gA,1.955
2026-10-09T00:44Z,5059,gP,2.000
2026-10-09T00:44Z,5061,g95e5,1.829
2026-10-09T00:44Z,5061,gA,1.969
2026-10-09T00:44Z,5063,g95e5,1.779
2026-10-09T00:44Z,5063,gA,1.929
2026-10-09T00:44Z,5063,gP,2.039
2026-10-09T00:44Z,5064,g95e5,1.779
2026-10-09T00:44Z,5064,gA,1.985
2026-10-09T00:44Z,5070,gA,1.905
2026-10-09T00:44Z,5070,gP,1.995
2026-10-09T00:44Z,5072,g95e5,1.799
2026-10-09T00:44Z,5072,gA,1.985
2026-10-09T00:44Z,5072,g98e5,1.949
2026-10-09T00:44Z,5073,g95e5,1.815
2026-10-09T00:44Z,5073,gA,1.995
2026-10-09T00:44Z,5073,g98e5,1.985
2026-10-09T00:44Z,5074,g95e5,1.854
2026-10-09T00:44Z,5074,gA,1.959
2026-10-09T00:44Z,5074,gP,2.049
2026-10-09T00:44Z,5074,g95e5p,1.904
2026-10-09T00:44Z,5075,g95e5,1.809
2026-10-09T00:44Z,5075,gP,2.099
2026-10-09T00:44Z,5075,g98e5,1.979
2026-10-09T00:44Z,5076,g95e5,1.845
2026-10-09T00:44Z,5076,gA,1.965
2026-10-09T00:44Z,5076,g98e5,1.995
2026-10-09T00:44Z,5078,g95e5,1.845
2026-10-09T00:44Z,5078,gA,1.965
2026-10-09T00:44Z,5078,gP,2.015
2026-10-09T00:44Z,5078,g98e5,1.955
2026-10-09T00:44Z,5078,g95e5p,1.915
2026-10-09T00:44Z,5079,g95e5,1.845
2026-10-09T00:44Z,5079,gA,1.965
2026-10-09T00:44Z,5079,gP,2.015
2026-10-09T00:44Z,5079,g98e5,1.955
2026-10-09T00:44Z,5101,gA,1.915
2026-10-09T00:44Z,5101,g98e5,1.939
2026-10-09T00:44Z,5101,gB,1.769
2026-10-09T00:44Z,5105,gA,1.915
2026-10-09T00:44Z,5105,g98e5,1.939
2026-10-09T00:44Z,5105,gB,1.789
2026-10-09T00:44Z,5106,g95e5,1.855
2026-10-09T00:44Z,5106,gA,1.959
2026-10-09T00:44Z,5106,g98e5,2.025
2026-10-09T00:44Z,5108,gA,1.935
2026-10-09T00:44Z,5111,g95e5,1.775
2026-10-09T00:44Z,5111,gA,1.925
2026-10-09T00:44Z,5111,g98e5,1.945
2026-10-09T00:44Z,5123,g95e5,1.775
2026-10-09T00:44Z,5123,gA,1.919
2026-10-09T00:44Z,5123,g98e5,1.945
2026-10-09T00:44Z,5123,gB,1.835
2026-10-09T00:44Z,5134,g95e5,1.775
2026-10-09T00:44Z,5134,gA,1.919
2026-10-09T00:44Z,5134,gP,2.029
2026-10-09T00:44Z,5134,g95e5p,1.835
2026-10-09T00:44Z,5135,g95e5,1.815
2026-10-09T00:44Z,5135,gA,1.975
2026-10-09T00:44Z,5135,g98e5,1.975
2026-10-09T00:44Z,5136,g95e5,1.789
2026-10-09T00:44Z,5136,gA,1.919
2026-10-09T00:44Z,5136,g98e5,1.959
2026-10-09T00:44Z,5140,g95e5,1.809
2026-10-09T00:44Z,5140,gA,1.915
2026-10-09T00:44Z,5140,g98e5,1.979
2026-10-09T00:44Z,5141,g95e5,1.865
2026-10-09T00:44Z,5141,gA,1.979
2026-10-09T00:44Z,5144,g95e5,1.785
2026-10-09T00:44Z,5144,gA,1.979
2026-10-09T00:44Z,5145,g95e5,1.789
2026-10-09T00:44Z,5145,gA,1.919
2026-10-09T00:44Z,5145,gB,1.825
2026-10-09T00:44Z,5146,g95e5,1.799
2026-10-09T00:44Z,5146,gA,1.925
2026-10-09T00:44Z,5147,g95e5,1.849
2026-10-09T00:44Z,5147,gA,1.975
2026-10-09T00:44Z,5147,gP,2.035
2026-10-09T00:44Z,5148,g95e5,1.805
2026-10-09T00:44Z,5148,gA,1.939
2026-10-09T00:44Z,5148,gP,2.049
2026-10-09T00:44Z,5150,g95e5,1.849
2026-10-09T00:44Z,5150,gA,1.985
2026-10-09T00:44Z,5150,gP,2.095
2026-10-09T00:44Z,5153,g95e5,1.769
2026-10-09T00:44Z,5153,gA,1.915
2026-10-09T00:44Z,5158,gA,1.979
2026-10-09T00:44Z,5158,g98e5,1.985
2026-10-09T00:44Z,5159,g95e5,1.849
2026-10-09T00:44Z,5159,gA,1.985
2026-10-09T00:44Z,5161,gA,1.915
2026-10-09T00:44Z,5162,g95e5,1.825
2026-10-09T00:44Z,5162,g98e5,1.995
2026-10-09T00:44Z,5163,g95e5,1.775
2026-10-09T00:44Z,5163,gA,1.919
2026-10-09T00:44Z,5163,g98e5,1.945
2026-10-09T00:44Z,5163,gB,1.835
2026-10-09T00:44Z,5167,g95e5,1.775
2026-10-09T00:44Z,5167,gA,1.919
2026-10-09T00:44Z,5167,g98e5,1.945
2026-10-09T00:44Z,5173,gP,2.049
2026-10-09T00:44Z,5174,gP,2.049
2026-10-09T00:44Z,5183,g95e5,1.855
2026-10-09T00:44Z,5183,gA,2.005
2026-10-09T00:44Z,5183,gP,2.095
2026-10-09T00:44Z,5183,g98e5,2.025
2026-10-09T00:44Z,5187,g95e5,1.895
2026-10-09T00:44Z,5187,gA,2.005
2026-10-09T00:44Z,5187,g98e5,2.015
2026-10-09T00:44Z,5188,gA,1.979
2026-10-09T00:44Z,5188,g98e5,1.985
2026-10-09T00:44Z,5191,g95e5,1.829
2026-10-09T00:44Z,5191,gP,2.035
2026-10-09T00:44Z,5191,g98e5,1.999
2026-10-09T00:44Z,5195,g95e5,1.829
2026-10-09T00:44Z,5195,g98e5,1.949
2026-10-09T00:44Z,5196,g95e5,1.829
2026-10-09T00:44Z,5196,gA,1.975
2026-10-09T00:44Z,5196,g95e5p,1.899
2026-10-09T00:44Z,5197,gA,1.915
2026-10-09T00:44Z,5197,g98e5,1.939
2026-10-09T00:44Z,5197,gB,1.769
2026-10-09T00:44Z,5198,g95e5,1.855
2026-10-09T00:44Z,5198,gA,1.979
2026-10-09T00:44Z,5198,g98e5,2.025
2026-10-09T00:44Z,5198,gB,1.695
2026-10-09T00:44Z,5203,g95e5,1.809
2026-10-09T00:44Z,5203,gA,1.945
2026-10-09T00:44Z,5203,gP,2.055
2026-10-09T00:44Z,5205,g95e5,1.835
2026-10-09T00:44Z,5205,g98e5,1.955
2026-10-09T00:44Z,5205,gB,1.769
2026-10-09T00:44Z,5206,gA,1.979
2026-10-09T00:44Z,5206,g98e5,1.955
2026-10-09T00:44Z,5208,g95e5,1.829
2026-10-09T00:44Z,5208,g98e5,1.969
2026-10-09T00:44Z,5209,gA,1.915
2026-10-09T00:44Z,5209,g98e5,1.939
2026-10-09T00:44Z,5210,g95e5,1.829
2026-10-09T00:44Z,5210,gA,1.969
2026-10-09T00:44Z,5210,g98e5,1.969
2026-10-09T00:44Z,5211,g95e5,1.829
2026-10-09T00:44Z,5211,gA,1.969
2026-10-09T00:44Z,5211,g98e5,1.969
2026-10-09T00:44Z,5215,gA,1.919
2026-10-09T00:44Z,5215,g98e5,1.939
2026-10-09T00:44Z,5215,gB,1.829
2026-10-09T00:44Z,5218,gA,1.979
2026-10-09T00:44Z,5218,gP,2.039
2026-10-09T00:44Z,5218,g98e5,1.939
2026-10-09T00:44Z,5220,gA,1.919
2026-10-09T00:44Z,5220,gB,1.775
2026-10-09T00:44Z,5223,gA,1.979
2026-10-09T00:44Z,5225,g95e5,1.805
2026-10-09T00:44Z,5225,gA,1.945
2026-10-09T00:44Z,5225,g98e5,1.975
2026-10-09T00:44Z,5226,g98e5,1.965
2026-10-09T00:44Z,5227,g95e5,1.815
2026-10-09T00:44Z,5227,gA,1.949
2026-10-09T00:44Z,5227,g98e5,1.935
2026-10-09T00:44Z,5230,g95e5,1.825
2026-10-09T00:44Z,5230,gA,1.969
2026-10-09T00:44Z,5230,g98e5,1.985
2026-10-09T00:44Z,5231,gA,1.915
2026-10-09T00:44Z,5231,g98e5,1.939
2026-10-09T00:44Z,5233,g95e5,1.879
2026-10-09T00:44Z,5233,gA,1.939
2026-10-09T00:44Z,5236,g95e5,1.835
2026-10-09T00:44Z,5236,gA,1.939
2026-10-09T00:44Z,5236,gP,2.049
2026-10-09T00:44Z,5236,g98e5,2.005
2026-10-09T00:44Z,5237,g95e5,1.789
2026-10-09T00:44Z,5237,gA,1.935
2026-10-09T00:44Z,5237,gP,2.005
2026-10-09T00:44Z,5237,g98e5,1.959
2026-10-09T00:44Z,5239,g95e5,1.769
2026-10-09T00:44Z,5239,gA,1.969
2026-10-09T00:44Z,5239,g98e5,1.939
2026-10-09T00:44Z,5244,gA,1.925
2026-10-09T00:44Z,5246,gA,1.979
2026-10-09T00:44Z,5246,g98e5,1.939
2026-10-09T00:44Z,5252,g95e5,1.855
2026-10-09T00:44Z,5252,gA,1.959
2026-10-09T00:44Z,5252,g98e5,2.025
2026-10-09T00:44Z,5252,gB,1.725
2026-10-09T00:44Z,5253,g95e5,1.865
2026-10-09T00:44Z,5253,gA,2.005
2026-10-09T00:44Z,5253,g98e5,2.035
2026-10-09T00:44Z,5254,gA,1.915
2026-10-09T00:44Z,5254,g98e5,1.939
2026-10-09T00:44Z,5254,gB,1.825
2026-10-09T00:44Z,5255,g95e5,1.775
2026-10-09T00:44Z,5255,gA,1.975
2026-10-09T00:44Z,5255,g98e5,1.935
2026-10-09T00:44Z,5255,gB,1.785
2026-10-09T00:44Z,5256,g95e5,1.855
2026-10-09T00:44Z,5256,gA,1.979
2026-10-09T00:44Z,5256,gB,1.715
2026-10-09T00:44Z,5257,g95e5,1.805
2026-10-09T00:44Z,5257,gA,1.945
2026-10-09T00:44Z,5257,gP,2.055
2026-10-09T00:44Z,5258,g95e5,1.775
2026-10-09T00:44Z,5258,gA,1.945
2026-10-09T00:44Z,5258,gP,2.005
2026-10-09T00:44Z,5258,g98e5,1.945
2026-10-09T00:44Z,5258,gB,1.825
2026-10-09T00:44Z,5259,g95e5,1.855
2026-10-09T00:44Z,5259,gA,1.959
2026-10-09T00:44Z,5259,gP,2.069
2026-10-09T00:44Z,5265,g95e5,1.775
2026-10-09T00:44Z,5265,gA,1.919
2026-10-09T00:44Z,5265,g98e5,1.945
2026-10-09T00:44Z,5265,gB,1.785
2026-10-09T00:44Z,5266,g95e5,1.809
2026-10-09T00:44Z,5266,gA,1.935
2026-10-09T00:44Z,5266,g98e5,1.959
2026-10-09T00:44Z,5268,g95e5,1.819
2026-10-09T00:44Z,5268,gA,1.939
2026-10-09T00:44Z,5268,gP,2.049
2026-10-09T00:44Z,5268,g98e5,1.979
2026-10-09T00:44Z,5269,g95e5,1.819
2026-10-09T00:44Z,5269,gA,1.939
2026-10-09T00:44Z,5269,gP,2.049
2026-10-09T00:44Z,5269,g98e5,1.979
2026-10-09T00:44Z,5270,g95e5,1.775
2026-10-09T00:44Z,5270,gA,1.919
2026-10-09T00:44Z,5270,gP,1.989
2026-10-09T00:44Z,5270,g95e5p,1.845
2026-10-09T00:44Z,5272,g95e5,1.775
2026-10-09T00:44Z,5272,gA,1.919
2026-10-09T00:44Z,5272,g98e5,1.945
2026-10-09T00:44Z,5272,gB,1.815
2026-10-09T00:44Z,5274,g95e5,1.859
2026-10-09T00:44Z,5274,gA,1.949
2026-10-09T00:44Z,5275,g95e5,1.775
2026-10-09T00:44Z,5275,gA,1.935
2026-10-09T00:44Z,5275,g98e5,1.945
2026-10-09T00:44Z,5278,g95e5,1.855
2026-10-09T00:44Z,5278,gA,2.005
2026-10-09T00:44Z,5278,g98e5,2.025
2026-10-09T00:44Z,5282,g95e5,1.775
2026-10-09T00:44Z,5282,gA,1.919
2026-10-09T00:44Z,5282,g98e5,1.945
2026-10-09T00:44Z,5282,gB,1.785
2026-10-09T00:44Z,5284,g95e5,1.775
2026-10-09T00:44Z,5284,gA,1.919
2026-10-09T00:44Z,5284,g95e5p,1.845
2026-10-09T00:44Z,5286,g95e5,1.839
2026-10-09T00:44Z,5286,gA,1.965
2026-10-09T00:44Z,5286,g98e5,2.009
2026-10-09T00:44Z,5286,g95e5p,1.919
2026-10-09T00:44Z,5287,g95e5,1.775
2026-10-09T00:44Z,5287,gA,1.979
2026-10-09T00:44Z,5287,g98e5,1.945
2026-10-09T00:44Z,5287,g95e5p,1.845
2026-10-09T00:44Z,5294,g95e5,1.785
2026-10-09T00:44Z,5294,g98e5,1.955
2026-10-09T00:44Z,5297,g95e5,1.779
2026-10-09T00:44Z,5297,gA,1.915
2026-10-09T00:44Z,5297,g98e5,1.949
2026-10-09T00:44Z,5297,gB,1.769
2026-10-09T00:44Z,5300,g95e5,1.829
2026-10-09T00:44Z,5300,gA,1.969
2026-10-09T00:44Z,5301,g95e5,1.829
2026-10-09T00:44Z,5301,gA,1.979
2026-10-09T00:44Z,5301,g98e5,1.969
2026-10-09T00:44Z,5301,gB,1.829
2026-10-09T00:44Z,5302,g95e5,1.815
2026-10-09T00:44Z,5302,gA,1.965
2026-10-09T00:44Z,5302,g98e5,1.985
2026-10-09T00:44Z,5302,g95e5p,1.885
2026-10-09T00:44Z,5303,g95e5,1.865
2026-10-09T00:44Z,5303,gA,2.005
2026-10-09T00:44Z,5303,g98e5,2.035
2026-10-09T00:44Z,5304,g95e5,1.855
2026-10-09T00:44Z,5304,gA,1.959
2026-10-09T00:44Z,5304,g98e5,2.025
2026-10-09T00:44Z,5306,gA,1.979
2026-10-09T00:44Z,5306,g98e5,1.985
2026-10-09T00:44Z,5307,gA,1.989
2026-10-09T00:44Z,5307,g98e5,2.045
2026-10-09T00:44Z,5308,g95e5,1.849
2026-10-09T00:44Z,5308,g98e5,1.989
2026-10-09T00:44Z,5325,g95e5,1.739
2026-10-09T00:44Z,5325,gA,1.929
2026-10-09T00:44Z,5325,gP,1.969
2026-10-09T00:44Z,5325,g98e5,1.849
2026-10-09T00:44Z,5342,g95e5,1.809
2026-10-09T00:44Z,5342,gA,1.949
2026-10-09T00:44Z,5342,g98e5,1.979
2026-10-09T00:44Z,5343,g95e5,1.825
2026-10-09T00:44Z,5343,gA,1.965
2026-10-09T00:44Z,5349,g95e5,1.869
2026-10-09T00:44Z,5349,gA,1.949
2026-10-09T00:44Z,5351,g95e5,1.835
2026-10-09T00:44Z,5351,gA,2.005
2026-10-09T00:44Z,5351,g98e5,2.005
2026-10-09T00:44Z,5352,g95e5,1.855
2026-10-09T00:44Z,5352,gA,1.985
2026-10-09T00:44Z,5352,g98e5,2.015
2026-10-09T00:44Z,5352,g95e5p,1.935
2026-10-09T00:44Z,5354,g95e5,1.829
2026-10-09T00:44Z,5354,gA,1.949
2026-10-09T00:44Z,5357,g95e5,1.855
2026-10-09T00:44Z,5357,gA,1.985
2026-10-09T00:44Z,5357,g98e5,2.015
2026-10-09T00:44Z,5361,g95e5,1.855
2026-10-09T00:44Z,5361,gA,1.969
2026-10-09T00:44Z,5361,g98e5,2.025
2026-10-09T00:44Z,5371,g95e5,1.855
2026-10-09T00:44Z,5371,gA,1.969
2026-10-09T00:44Z,5371,g98e5,2.025
2026-10-09T00:44Z,5371,g95e5p,1.925
2026-10-09T00:44Z,5374,g95e5,1.855
2026-10-09T00:44Z,5374,gA,1.989
2026-10-09T00:44Z,5374,g98e5,1.975
2026-10-09T00:44Z,5374,gB,1.695
2026-10-09T00:44Z,5375,g95e5,1.855
2026-10-09T00:44Z,5375,gA,1.989
2026-10-09T00:44Z,5375,g98e5,1.975
2026-10-09T00:44Z,5375,gB,1.715
2026-10-09T00:44Z,5376,g95e5,1.855
2026-10-09T00:44Z,5376,gA,1.989
2026-10-09T00:44Z,5376,g98e5,1.975
2026-10-09T00:44Z,5377,g95e5,1.869
2026-10-09T00:44Z,5377,gA,1.949
2026-10-09T00:44Z,5377,gP,2.049
2026-10-09T00:44Z,5379,gA,1.975
2026-10-09T00:44Z,5379,g98e5,1.995
2026-10-09T00:44Z,5381,g95e5,1.835
2026-10-09T00:44Z,5381,gA,1.965
2026-10-09T00:44Z,5381,g98e5,2.005
2026-10-09T00:44Z,5386,g95e5,1.805
2026-10-09T00:44Z,5386,gA,1.949
2026-10-09T00:44Z,5388,g95e5,1.819
2026-10-09T00:44Z,5388,gA,1.975
2026-10-09T00:44Z,5388,g98e5,1.989
2026-10-09T00:44Z,5390,g95e5,1.805
2026-10-09T00:44Z,5391,g95e5,1.839
2026-10-09T00:44Z,5391,gA,1.989
2026-10-09T00:44Z,5391,g98e5,2.009
2026-10-09T00:44Z,5401,gA,1.949
2026-10-09T00:44Z,5406,g95e5,1.835
2026-10-09T00:44Z,5406,gA,1.949
2026-10-09T00:44Z,5406,g98e5,2.005
2026-10-09T00:44Z,5410,g95e5,1.819
2026-10-09T00:44Z,5410,gA,2.005
2026-10-09T00:44Z,5411,g95e5,1.859
2026-10-09T00:44Z,5411,gA,2.005
2026-10-09T00:44Z,5411,g98e5,2.009
2026-10-09T00:44Z,5415,g95e5,1.835
2026-10-09T00:44Z,5415,gA,1.949
2026-10-09T00:44Z,5415,g95e5p,1.905
2026-10-09T00:44Z,5428,g95e5,1.805
2026-10-09T00:44Z,5428,gA,1.959
2026-10-09T00:44Z,5428,gP,2.059
2026-10-09T00:44Z,5440,gA,2.005
2026-10-09T00:44Z,5440,g98e5,1.985
2026-10-09T00:44Z,5441,gA,2.005
2026-10-09T00:44Z,5441,g98e5,1.985
2026-10-09T00:44Z,5445,g95e5,1.789
2026-10-09T00:44Z,5445,gA,1.889
2026-10-09T00:44Z,5445,gP,1.979
2026-10-09T00:44Z,5445,g98e5,1.939
2026-10-09T00:44Z,5445,gB,1.599
2026-10-09T00:44Z,5446,g95e5,1.819
2026-10-09T00:44Z,5447,g95e5,1.805
2026-10-09T00:44Z,5447,gA,1.949
2026-10-09T00:44Z,5447,g98e5,1.975
2026-10-09T00:44Z,5451,g95e5,1.839
2026-10-09T00:44Z,5451,gA,1.975
2026-10-09T00:44Z,5451,g98e5,2.009
2026-10-09T00:44Z,5451,gB,1.735
2026-10-09T00:44Z,5452,g95e5,1.805
2026-10-09T00:44Z,5452,gA,1.949
2026-10-09T00:44Z,5452,g98e5,1.975
2026-10-09T00:44Z,5459,g95e5,1.805
2026-10-09T00:44Z,5459,gA,1.949
2026-10-09T00:44Z,5459,gP,2.049
2026-10-09T00:44Z,5459,g98e5,1.975
2026-10-09T00:44Z,5463,g95e5,1.805
2026-10-09T00:44Z,5463,gA,1.949
2026-10-09T00:44Z,5469,g95e5,1.855
2026-10-09T00:44Z,5469,gA,1.969
2026-10-09T00:44Z,5470,g95e5,1.855
2026-10-09T00:44Z,5470,gA,1.969
2026-10-09T00:44Z,5470,g95e5p,1.925
2026-10-09T00:44Z,5477,g95e5,1.855
2026-10-09T00:44Z,5477,gA,1.985
2026-10-09T00:44Z,5477,g98e5,2.015
2026-10-09T00:44Z,5479,g95e5,1.835
2026-10-09T00:44Z,5479,gA,1.965
2026-10-09T00:44Z,5479,g98e5,2.005
2026-10-09T00:44Z,5516,gA,1.929
2026-10-09T00:44Z,5516,gP,2.039
2026-10-09T00:44Z,5516,g98e5,1.949
2026-10-09T00:44Z,5518,gA,1.955
2026-10-09T00:44Z,5518,g98e5,2.005
2026-10-09T00:44Z,5519,g95e5,1.809
2026-10-09T00:44Z,5519,gA,1.995
2026-10-09T00:44Z,5519,gP,2.055
2026-10-09T00:44Z,5519,g98e5,1.979
2026-10-09T00:44Z,5527,g95e5,1.799
2026-10-09T00:44Z,5527,gA,1.939
2026-10-09T00:44Z,5527,g98e5,1.919
2026-10-09T00:44Z,5530,g95e5,1.829
2026-10-09T00:44Z,5530,gP,2.039
2026-10-09T00:44Z,5530,g98e5,1.949
2026-10-09T00:44Z,5532,g95e5,1.869
2026-10-09T00:44Z,5532,gA,1.979
2026-10-09T00:44Z,5532,gP,2.039
2026-10-09T00:44Z,5532,g98e5,1.989
2026-10-09T00:44Z,5540,g95e5,1.789
2026-10-09T00:44Z,5540,gA,1.995
2026-10-09T00:44Z,5540,g98e5,1.909
2026-10-09T00:44Z,5540,g95e5p,1.869
2026-10-09T00:44Z,5540,gB,1.715
2026-10-09T00:44Z,5541,g95e5,1.825
2026-10-09T00:44Z,5541,gA,1.969
2026-10-09T00:44Z,5541,gP,2.029
2026-10-09T00:44Z,5541,g98e5,1.945
2026-10-09T00:44Z,5541,g95e5p,1.895
2026-10-09T00:44Z,5547,g95e5,1.819
2026-10-09T00:44Z,5547,gA,1.959
2026-10-09T00:44Z,5547,g98e5,1.989
2026-10-09T00:44Z,5594,gA,1.985
2026-10-09T00:44Z,5596,gB,1.807
2026-10-09T00:44Z,5606,g95e5,1.769
2026-10-09T00:44Z,5606,gA,1.949
2026-10-09T00:44Z,5610,g95e5,1.849
2026-10-09T00:44Z,5610,g98e5,1.989
2026-10-09T00:44Z,5614,g95e5,1.799
2026-10-09T00:44Z,5614,gA,1.969
2026-10-09T00:44Z,5614,gP,2.059
2026-10-09T00:44Z,5614,g98e5,1.938
2026-10-09T00:44Z,5644,g95e5,1.799
2026-10-09T00:44Z,5644,gA,1.939
2026-10-09T00:44Z,5644,g98e5,1.969
2026-10-09T00:44Z,5644,g95e5p,1.859
2026-10-09T00:44Z,5644,gB,1.805
2026-10-09T00:44Z,5649,g95e5,1.769
2026-10-09T00:44Z,5649,gA,1.949
2026-10-09T00:44Z,5649,gB,1.849
2026-10-09T00:44Z,5650,gA,1.999
2026-10-09T00:44Z,5651,g95e5,1.835
2026-10-09T00:44Z,5651,gA,1.979
2026-10-09T00:44Z,5651,gP,2.089
2026-10-09T00:44Z,5651,g98e5,2.005
2026-10-09T00:44Z,5654,g95e5,1.835
2026-10-09T00:44Z,5654,gA,1.915
2026-10-09T00:44Z,5654,g98e5,2.005
2026-10-09T00:44Z,5655,g95e5,1.825
2026-10-09T00:44Z,5655,gA,1.975
2026-10-09T00:44Z,5656,g95e5,1.775
2026-10-09T00:44Z,5656,gA,1.919
2026-10-09T00:44Z,5656,gP,2.029
2026-10-09T00:44Z,5656,g98e5,1.935
2026-10-09T00:44Z,5657,g95e5,1.849
2026-10-09T00:44Z,5657,gA,1.975
2026-10-09T00:44Z,5657,g98e5,2.019
2026-10-09T00:44Z,5666,g95e5,1.889
2026-10-09T00:44Z,5666,gA,1.965
2026-10-09T00:44Z,5666,gP,2.055
2026-10-09T00:44Z,5666,g98e5,2.029
2026-10-09T00:44Z,5667,g95e5,1.889
2026-10-09T00:44Z,5667,gA,1.965
2026-10-09T00:44Z,5667,gP,2.055
2026-10-09T00:44Z,5667,g98e5,2.029
2026-10-09T00:44Z,5668,g95e5,1.829
2026-10-09T00:44Z,5668,gA,1.915
2026-10-09T00:44Z,5668,gP,2.005
2026-10-09T00:44Z,5668,g98e5,1.969
2026-10-09T00:44Z,5688,gA,1.919
2026-10-09T00:44Z,5696,gA,1.949
2026-10-09T00:44Z,5697,gA,1.929
2026-10-09T00:44Z,5698,gA,1.969
2026-10-09T00:44Z,5700,gA,1.939
2026-10-09T00:44Z,5701,g95e5,1.958
2026-10-09T00:44Z,5705,gA,1.974
2026-10-09T00:44Z,5706,gA,1.974
2026-10-09T00:44Z,5708,gA,1.959
2026-10-09T00:44Z,5708,gP,2.010
2026-10-09T00:44Z,5713,g95e5,1.819
2026-10-09T00:44Z,5713,gA,1.939
2026-10-09T00:44Z,5713,g98e5,1.989
2026-10-09T00:44Z,5714,gA,1.949
2026-10-09T00:44Z,5715,g95e5,1.809
2026-10-09T00:44Z,5715,gP,2.035
2026-10-09T00:44Z,5715,g98e5,1.929
2026-10-09T00:44Z,5721,g95e5,1.809
2026-10-09T00:44Z,5721,gP,1.969
2026-10-09T00:44Z,5721,g98e5,1.979
2026-10-09T00:44Z,5721,g95e5p,1.869
2026-10-09T00:44Z,5721,gB,1.865
2026-10-09T00:44Z,5723,g95e5,1.825
2026-10-09T00:44Z,5723,gA,2.005
2026-10-09T00:44Z,5723,g98e5,1.955
2026-10-09T00:44Z,5723,gB,1.849
2026-10-09T00:44Z,5726,g95e5,1.829
2026-10-09T00:44Z,5726,gA,1.895
2026-10-09T00:44Z,5726,g98e5,1.949
2026-10-09T00:44Z,5728,g95e5,1.829
2026-10-09T00:44Z,5728,gA,1.935
2026-10-09T00:44Z,5728,gP,2.045
2026-10-09T00:44Z,5728,g98e5,1.979
2026-10-09T00:44Z,5729,g95e5,1.769
2026-10-09T00:44Z,5729,gP,2.099
2026-10-09T00:44Z,5729,gB,1.839
2026-10-09T00:44Z,5732,g95e5,1.809
2026-10-09T00:44Z,5732,gA,1.945
2026-10-09T00:44Z,5732,gP,2.055
2026-10-09T00:44Z,5732,g98e5,1.979
2026-10-09T00:44Z,5732,gB,1.765
2026-10-09T00:44Z,5733,g95e5,1.819
2026-10-09T00:44Z,5733,gA,1.919
2026-10-09T00:44Z,5733,g98e5,1.939
2026-10-09T00:44Z,5734,g95e5,1.769
2026-10-09T00:44Z,5734,gP,1.999
2026-10-09T00:44Z,5734,g98e5,1.939
2026-10-09T00:44Z,5735,g95e5,1.769
2026-10-09T00:44Z,5735,gA,1.939
2026-10-09T00:44Z,5735,gP,1.999
2026-10-09T00:44Z,5735,g98e5,1.939
2026-10-09T00:44Z,5738,g95e5,1.819
2026-10-09T00:44Z,5738,gA,1.949
2026-10-09T00:44Z,5738,gB,1.795
2026-10-09T00:44Z,5739,gA,1.919
2026-10-09T00:44Z,5739,gP,2.009
2026-10-09T00:44Z,5743,g95e5,1.829
2026-10-09T00:44Z,5743,gA,1.909
2026-10-09T00:44Z,5743,gP,1.999
2026-10-09T00:44Z,5743,g98e5,1.969
2026-10-09T00:44Z,5744,g95e5,1.825
2026-10-09T00:44Z,5744,gA,1.969
2026-10-09T00:44Z,5744,g98e5,1.945
2026-10-09T00:44Z,5744,g95e5p,1.895
2026-10-09T00:44Z,5745,g95e5,1.795
2026-10-09T00:44Z,5745,gA,1.979
2026-10-09T00:44Z,5745,g98e5,1.945
2026-10-09T00:44Z,5746,g95e5,1.919
2026-10-09T00:44Z,5746,g98e5,2.059
2026-10-09T00:44Z,5746,g95e5p,1.969
2026-10-09T00:44Z,5752,g95e5,1.769
2026-10-09T00:44Z,5752,gA,1.959
2026-10-09T00:44Z,5752,gP,2.019
2026-10-09T00:44Z,5752,g98e5,1.939
2026-10-09T00:44Z,5752,gB,1.765
2026-10-09T00:44Z,5755,g95e5,1.829
2026-10-09T00:44Z,5755,gA,1.945
2026-10-09T00:44Z,5755,gP,2.005
2026-10-09T00:44Z,5755,g98e5,1.979
2026-10-09T00:44Z,5758,g95e5,1.829
2026-10-09T00:44Z,5758,gA,1.895
2026-10-09T00:44Z,5758,gP,2.005
2026-10-09T00:44Z,5758,g98e5,1.999
2026-10-09T00:44Z,5760,g95e5,1.819
2026-10-09T00:44Z,5760,gA,1.939
2026-10-09T00:44Z,5760,g98e5,1.969
2026-10-09T00:44Z,5760,gB,1.759
2026-10-09T00:44Z,5762,g95e5,1.809
2026-10-09T00:44Z,5762,gP,2.019
2026-10-09T00:44Z,5762,g95e5p,1.869
2026-10-09T00:44Z,5767,g95e5,1.795
2026-10-09T00:44Z,5767,gA,1.929
2026-10-09T00:44Z,5768,g95e5,1.795
2026-10-09T00:44Z,5768,gA,1.929
2026-10-09T00:44Z,5768,gP,2.039
2026-10-09T00:44Z,5768,g98e5,1.965
2026-10-09T00:44Z,5770,g95e5,1.809
2026-10-09T00:44Z,5770,gA,1.979
2026-10-09T00:44Z,5770,g95e5p,1.879
2026-10-09T00:44Z,5770,gB,1.749
2026-10-09T00:44Z,5774,g95e5,1.809
2026-10-09T00:44Z,5774,gA,1.909
2026-10-09T00:44Z,5774,g98e5,1.979
2026-10-09T00:44Z,5775,g95e5,1.779
2026-10-09T00:44Z,5775,gA,1.955
2026-10-09T00:44Z,5775,g98e5,1.949
2026-10-09T00:44Z,5781,g95e5,1.829
2026-10-09T00:44Z,5781,gA,1.919
2026-10-09T00:44Z,5781,gP,1.989
2026-10-09T00:44Z,5781,g98e5,1.989
2026-10-09T00:44Z,5782,g95e5,1.805
2026-10-09T00:44Z,5782,gA,1.999
2026-10-09T00:44Z,5782,gP,2.059
2026-10-09T00:44Z,5782,g95e5p,1.875
2026-10-09T00:44Z,5783,g95e5,1.849
2026-10-09T00:44Z,5783,g98e5,2.019
2026-10-09T00:44Z,5784,g95e5,1.829
2026-10-09T00:44Z,5784,gA,1.959
2026-10-09T00:44Z,5784,gP,2.049
2026-10-09T00:44Z,5784,g98e5,1.969
2026-10-09T00:44Z,5785,g95e5,1.855
2026-10-09T00:44Z,5785,gA,1.915
2026-10-09T00:44Z,5785,gP,2.005
2026-10-09T00:44Z,5785,g98e5,2.015
2026-10-09T00:44Z,5787,g95e5,1.839
2026-10-09T00:44Z,5787,gA,1.929
2026-10-09T00:44Z,5787,gP,2.019
2026-10-09T00:44Z,5787,g98e5,1.979
2026-10-09T00:44Z,5788,g95e5,1.829
2026-10-09T00:44Z,5788,gA,1.959
2026-10-09T00:44Z,5788,gP,2.049
2026-10-09T00:44Z,5788,g98e5,1.969
2026-10-09T00:44Z,5789,g95e5,1.809
2026-10-09T00:44Z,5789,gP,2.019
2026-10-09T00:44Z,5789,g95e5p,1.869
2026-10-09T00:44Z,5792,g95e5,1.865
2026-10-09T00:44Z,5792,gA,1.909
2026-10-09T00:44Z,5792,gP,1.999
2026-10-09T00:44Z,5792,g98e5,2.005
2026-10-09T00:44Z,5797,g95e5,1.785
2026-10-09T00:44Z,5797,gA,1.969
2026-10-09T00:44Z,5797,g98e5,1.905
2026-10-09T00:44Z,5798,g95e5,1.825
2026-10-09T00:44Z,5798,gA,1.985
2026-10-09T00:44Z,5798,g98e5,1.995
2026-10-09T00:44Z,5798,gB,1.845
2026-10-09T00:44Z,5799,g95e5,1.849
2026-10-09T00:44Z,5799,gA,1.989
2026-10-09T00:44Z,5799,gP,2.079
2026-10-09T00:44Z,5799,g98e5,1.989
2026-10-09T00:44Z,5800,g95e5,1.859
2026-10-09T00:44Z,5800,gA,1.945
2026-10-09T00:44Z,5800,g95e5p,1.919
2026-10-09T00:44Z,5800,gB,1.889
2026-10-09T00:44Z,5805,g95e5,1.775
2026-10-09T00:44Z,5805,gA,1.919
2026-10-09T00:44Z,5805,gP,2.029
2026-10-09T00:44Z,5805,g98e5,1.935
2026-10-09T00:44Z,5807,g95e5,1.835
2026-10-09T00:44Z,5807,gA,1.905
2026-10-09T00:44Z,5807,g98e5,1.955
2026-10-09T00:44Z,5808,g95e5,1.835
2026-10-09T00:44Z,5808,gA,1.895
2026-10-09T00:44Z,5808,gP,1.955
2026-10-09T00:44Z,5808,g98e5,2.005
2026-10-09T00:44Z,5809,g95e5,1.769
2026-10-09T00:44Z,5809,gA,1.949
2026-10-09T00:44Z,5809,gB,1.855
2026-10-09T00:44Z,5816,g95e5,1.835
2026-10-09T00:44Z,5816,gA,2.015
2026-10-09T00:44Z,5816,gP,2.075
2026-10-09T00:44Z,5859,gA,1.939
2026-10-09T00:44Z,5859,gB,1.775
2026-10-09T00:44Z,5870,g95e5,1.835
2026-10-09T00:44Z,5870,gA,2.005
2026-10-09T00:44Z,5870,g98e5,1.955
2026-10-09T00:44Z,5876,gA,1.985
2026-10-09T00:44Z,5881,g95e5,1.769
2026-10-09T00:44Z,5881,gA,1.945
2026-10-09T00:44Z,5881,gP,2.035
2026-10-09T00:44Z,5890,g95e5,1.795
2026-10-09T00:44Z,5890,gA,2.015
2026-10-09T00:44Z,5890,gP,2.075
2026-10-09T00:44Z,5890,gB,1.715
2026-10-09T00:44Z,5892,gA,1.959
2026-10-09T00:44Z,5898,g95e5,1.825
2026-10-09T00:44Z,5898,gA,1.969
2026-10-09T00:44Z,5898,gP,2.059
2026-10-09T00:44Z,5900,g95e5,1.775
2026-10-09T00:44Z,5900,gA,1.945
2026-10-09T00:44Z,5900,gP,2.005
2026-10-09T00:44Z,5903,g95e5,1.799
2026-10-09T00:44Z,5903,gA,1.975
2026-10-09T00:44Z,5903,g98e5,1.959
2026-10-09T00:44Z,5906,g95e5,1.769
2026-10-09T00:44Z,5906,gA,1.939
2026-10-09T00:44Z,5906,gP,2.029
2026-10-09T00:44Z,5906,gB,1.759
2026-10-09T00:44Z,5907,g95e5,1.779
2026-10-09T00:44Z,5907,gA,1.959
2026-10-09T00:44Z,5907,gP,2.069
2026-10-09T00:44Z,5909,g95e5,1.769
2026-10-09T00:44Z,5909,gA,1.939
2026-10-09T00:44Z,5909,gP,2.049
2026-10-09T00:44Z,5910,g95e5,1.809
2026-10-09T00:44Z,5910,gA,1.975
2026-10-09T00:44Z,5910,gP,2.045
2026-10-09T00:44Z,5915,gP,2.049
2026-10-09T00:44Z,5916,g95e5,1.835
2026-10-09T00:44Z,5916,gA,2.015
2026-10-09T00:44Z,5920,g95e5,1.769
2026-10-09T00:44Z,5920,gA,1.945
2026-10-09T00:44Z,5920,gB,1.759
2026-10-09T00:44Z,5923,g95e5,1.769
2026-10-09T00:44Z,5923,gA,1.979
2026-10-09T00:44Z,5925,g95e5,1.769
2026-10-09T00:44Z,5925,gA,1.939
2026-10-09T00:44Z,5925,gP,2.049
2026-10-09T00:44Z,5926,g95e5,1.785
2026-10-09T00:44Z,5926,gA,1.939
2026-10-09T00:44Z,5928,g95e5,1.795
2026-10-09T00:44Z,5928,gA,1.945
2026-10-09T00:44Z,5928,gP,2.055
2026-10-09T00:44Z,5928,g98e5,1.965
2026-10-09T00:44Z,5929,gA,1.959
2026-10-09T00:44Z,5931,g95e5,1.815
2026-10-09T00:44Z,5931,gA,2.005
2026-10-09T00:44Z,5931,gP,2.065
2026-10-09T00:44Z,5931,g98e5,1.985
2026-10-09T00:44Z,5936,g95e5,1.815
2026-10-09T00:44Z,5936,gA,1.999
2026-10-09T00:44Z,5936,gP,2.059
2026-10-09T00:44Z,5936,g98e5,1.945
2026-10-09T00:44Z,5938,g95e5,1.769
2026-10-09T00:44Z,5938,gA,1.939
2026-10-09T00:44Z,5938,gB,1.759
2026-10-09T00:44Z,5940,g95e5,1.809
2026-10-09T00:44Z,5940,gA,1.965
2026-10-09T00:44Z,5940,gP,2.025
2026-10-09T00:44Z,5940,gB,1.805
2026-10-09T00:44Z,5943,g95e5,1.835
2026-10-09T00:44Z,5943,gA,2.009
2026-10-09T00:44Z,5943,gP,2.069
2026-10-09T00:44Z,5945,g95e5,1.779
2026-10-09T00:44Z,5945,gA,1.959
2026-10-09T00:44Z,5945,gB,1.715
2026-10-09T00:44Z,5946,g95e5,1.835
2026-10-09T00:44Z,5946,gA,2.015
2026-10-09T00:44Z,5946,gP,2.075
2026-10-09T00:44Z,5947,gA,1.975
2026-10-09T00:44Z,5947,gP,2.035
2026-10-09T00:44Z,5947,g98e5,1.979
2026-10-09T00:44Z,5949,g95e5,1.859
2026-10-09T00:44Z,5949,gA,1.909
2026-10-09T00:44Z,5949,gP,1.969
2026-10-09T00:44Z,5950,g95e5,1.779
2026-10-09T00:44Z,5950,gA,1.959
2026-10-09T00:44Z,5951,g95e5,1.825
2026-10-09T00:44Z,5951,gA,2.015
2026-10-09T00:44Z,5951,gP,2.075
2026-10-09T00:44Z,5951,g98e5,1.995
2026-10-09T00:44Z,5958,g95e5,1.769
2026-10-09T00:44Z,5958,gA,1.939
2026-10-09T00:44Z,5958,gP,2.029
2026-10-09T00:44Z,5969,g95e5,1.845
2026-10-09T00:44Z,5969,gA,1.995
2026-10-09T00:44Z,5969,gP,2.055
2026-10-09T00:44Z,5969,g98e5,1.965
2026-10-09T00:44Z,5970,g95e5,1.845
2026-10-09T00:44Z,5970,gA,1.995
2026-10-09T00:44Z,5970,gP,2.055
2026-10-09T00:44Z,5970,g98e5,1.965
2026-10-09T00:44Z,5974,g95e5,1.819
2026-10-09T00:44Z,5974,gA,1.999
2026-10-09T00:44Z,5974,gP,2.089
2026-10-09T00:44Z,5974,g98e5,1.959
2026-10-09T00:44Z,5975,g95e5,1.799
2026-10-09T00:44Z,5975,gA,1.965
2026-10-09T00:44Z,5975,gP,2.025
2026-10-09T00:44Z,5975,g98e5,1.969
2026-10-09T00:44Z,5977,gA,1.929
2026-10-09T00:44Z,5977,gP,2.009
2026-10-09T00:44Z,5978,g95e5,1.779
2026-10-09T00:44Z,5978,gA,1.959
2026-10-09T00:44Z,5978,g98e5,1.949
2026-10-09T00:44Z,5982,g95e5,1.805
2026-10-09T00:44Z,5982,gA,1.925
2026-10-09T00:44Z,5982,g98e5,1.975
2026-10-09T00:44Z,5983,g95e5,1.825
2026-10-09T00:44Z,5983,gA,1.949
2026-10-09T00:44Z,5983,gP,2.009
2026-10-09T00:44Z,5984,g95e5,1.825
2026-10-09T00:44Z,5984,gA,1.949
2026-10-09T00:44Z,5984,gP,2.009
2026-10-09T00:44Z,5986,g95e5,1.869
2026-10-09T00:44Z,5986,gA,1.979
2026-10-09T00:44Z,5986,gP,2.039
2026-10-09T00:44Z,5986,g98e5,1.989
2026-10-09T00:44Z,5988,g95e5,1.779
2026-10-09T00:44Z,5988,gA,1.929
2026-10-09T00:44Z,5988,g98e5,1.949
2026-10-09T00:44Z,5989,g95e5,1.805
2026-10-09T00:44Z,5989,gA,1.925
2026-10-09T00:44Z,5993,g95e5,1.879
2026-10-09T00:44Z,5993,gA,1.989
2026-10-09T00:44Z,5993,g98e5,1.999
2026-10-09T00:44Z,5994,g95e5,1.879
2026-10-09T00:44Z,5994,gA,1.989
2026-10-09T00:44Z,5994,gP,2.049
2026-10-09T00:44Z,5994,g98e5,1.999
2026-10-09T00:44Z,5995,gA,1.929
2026-10-09T00:44Z,5995,g98e5,1.949
2026-10-09T00:44Z,5998,g95e5,1.799
2026-10-09T00:44Z,5998,gA,1.919
2026-10-09T00:44Z,5998,gP,1.979
2026-10-09T00:44Z,5998,g98e5,1.969
2026-10-09T00:44Z,5999,g95e5,1.795
2026-10-09T00:44Z,5999,gA,1.939
2026-10-09T00:44Z,5999,gP,2.049
2026-10-09T00:44Z,5999,g98e5,1.965
2026-10-09T00:44Z,6000,g95e5,1.795
2026-10-09T00:44Z,6000,gA,1.939
2026-10-09T00:44Z,6000,gP,2.049
2026-10-09T00:44Z,6000,g98e5,1.965
2026-10-09T00:44Z,6010,g95e5,1.825
2026-10-09T00:44Z,6010,gP,2.059
2026-10-09T00:44Z,6011,g95e5,1.845
2026-10-09T00:44Z,6011,gP,1.979
2026-10-09T00:44Z,6011,g98e5,2.015
2026-10-09T00:44Z,6021,g95e5,1.799
2026-10-09T00:44Z,6021,g98e5,1.939
2026-10-09T00:44Z,6022,g95e5,1.799
2026-10-09T00:44Z,6023,g98e5,2.015
2026-10-09T00:44Z,6024,g95e5,1.785
2026-10-09T00:44Z,6024,gA,1.949
2026-10-09T00:44Z,6024,g98e5,1.955
2026-10-09T00:44Z,6027,g95e5,1.779
2026-10-09T00:44Z,6027,gA,1.939
2026-10-09T00:44Z,6027,g98e5,1.949
2026-10-09T00:44Z,6027,gB,1.705
2026-10-09T00:44Z,6029,gA,1.929
2026-10-09T00:44Z,6030,g95e5,1.799
2026-10-09T00:44Z,6030,gP,2.059
2026-10-09T00:44Z,6030,g98e5,1.969
2026-10-09T00:44Z,6032,gA,1.929
2026-10-09T00:44Z,6034,gA,1.929
2026-10-09T00:44Z,6037,g95e5,1.779
2026-10-09T00:44Z,6037,gA,1.935
2026-10-09T00:44Z,6038,gA,1.925
2026-10-09T00:44Z,6038,g98e5,1.929
2026-10-09T00:44Z,6039,g95e5,1.799
2026-10-09T00:44Z,6039,gA,1.955
2026-10-09T00:44Z,6039,gP,2.015
2026-10-09T00:44Z,6039,g98e5,1.969
2026-10-09T00:44Z,6040,g95e5,1.799
2026-10-09T00:44Z,6040,gA,1.955
2026-10-09T00:44Z,6040,gP,2.015
2026-10-09T00:44Z,6040,g98e5,1.969
2026-10-09T00:44Z,6041,g95e5,1.835
2026-10-09T00:44Z,6041,gA,1.939
2026-10-09T00:44Z,6041,gP,2.049
2026-10-09T00:44Z,6041,g98e5,2.005
2026-10-09T00:44Z,6042,g95e5,1.799
2026-10-09T00:44Z,6042,gA,1.919
2026-10-09T00:44Z,6042,g98e5,1.969
2026-10-09T00:44Z,6042,gB,1.725
2026-10-09T00:44Z,6043,gA,1.929
2026-10-09T00:44Z,6043,g98e5,1.949
2026-10-09T00:44Z,6048,g95e5,1.785
2026-10-09T00:44Z,6048,gA,1.989
2026-10-09T00:44Z,6052,g95e5,1.829
2026-10-09T00:44Z,6052,gA,1.919
2026-10-09T00:44Z,6053,g95e5,1.869
2026-10-09T00:44Z,6053,gA,1.979
2026-10-09T00:44Z,6053,gP,2.039
2026-10-09T00:44Z,6053,g98e5,1.989
2026-10-09T00:44Z,6054,g95e5,1.799
2026-10-09T00:44Z,6054,gA,1.919
2026-10-09T00:44Z,6054,gP,2.029
2026-10-09T00:44Z,6055,g95e5,1.819
2026-10-09T00:44Z,6055,gA,1.959
2026-10-09T00:44Z,6055,g98e5,1.989
2026-10-09T00:44Z,6056,g95e5,1.799
2026-10-09T00:44Z,6056,gA,1.939
2026-10-09T00:44Z,6056,g98e5,1.919
2026-10-09T00:44Z,6056,g95e5p,1.859
2026-10-09T00:44Z,6057,g95e5,1.825
2026-10-09T00:44Z,6057,gP,2.039
2026-10-09T00:44Z,6057,g98e5,1.995
2026-10-09T00:44Z,6058,g95e5,1.809
2026-10-09T00:44Z,6058,g98e5,1.979
2026-10-09T00:44Z,6059,g95e5,1.845
2026-10-09T00:44Z,6059,gA,1.965
2026-10-09T00:44Z,6059,gP,2.025
2026-10-09T00:44Z,6059,g98e5,1.965
2026-10-09T00:44Z,6061,g95e5,1.779
2026-10-09T00:44Z,6061,gA,1.975
2026-10-09T00:44Z,6061,gP,2.035
2026-10-09T00:44Z,6061,g98e5,1.909
2026-10-09T00:44Z,6062,g95e5,1.779
2026-10-09T00:44Z,6062,gA,1.975
2026-10-09T00:44Z,6062,gP,2.035
2026-10-09T00:44Z,6062,g98e5,1.909
2026-10-09T00:44Z,6107,gA,1.989
2026-10-09T00:44Z,6121,gA,1.960
2026-10-09T00:44Z,6121,gP,2.020
2026-10-09T00:44Z,6144,gA,1.975
2026-10-09T00:44Z,6144,gP,2.025
2026-10-09T00:44Z,6146,g95e5,1.829
2026-10-09T00:44Z,6146,gA,1.985
2026-10-09T00:44Z,6146,gP,2.075
2026-10-09T00:44Z,6146,g98e5,1.969
2026-10-09T00:44Z,6147,g95e5,1.829
2026-10-09T00:44Z,6147,gA,1.985
2026-10-09T00:44Z,6147,gP,2.075
2026-10-09T00:44Z,6147,g98e5,1.969
2026-10-09T00:44Z,6148,gA,1.959
2026-10-09T00:44Z,6150,gA,1.995
2026-10-09T00:44Z,6150,gP,2.045
2026-10-09T00:44Z,6150,gB,1.798
2026-10-09T00:44Z,6164,gA,1.949
2026-10-09T00:44Z,6164,gP,2.009
2026-10-09T00:44Z,6166,g95e5,1.809
2026-10-09T00:44Z,6166,gA,1.939
2026-10-09T00:44Z,6166,gP,1.989
2026-10-09T00:44Z,6166,g98e5,1.949
2026-10-09T00:44Z,6168,g95e5,1.835
2026-10-09T00:44Z,6168,gA,1.969
2026-10-09T00:44Z,6168,gP,2.049
2026-10-09T00:44Z,6170,g95e5,1.815
2026-10-09T00:44Z,6170,gA,1.945
2026-10-09T00:44Z,6170,gP,2.025
2026-10-09T00:44Z,6170,g98e5,1.985
2026-10-09T00:44Z,6176,g95e5,1.889
2026-10-09T00:44Z,6176,gA,2.015
2026-10-09T00:44Z,6176,g98e5,2.059
2026-10-09T00:44Z,6181,g95e5,1.889
2026-10-09T00:44Z,6181,gA,2.009
2026-10-09T00:44Z,6181,g98e5,2.009
2026-10-09T00:44Z,6181,g95e5p,1.959
2026-10-09T00:44Z,6182,g95e5,1.809
2026-10-09T00:44Z,6182,gA,1.965
2026-10-09T00:44Z,6182,gP,2.045
2026-10-09T00:44Z,6182,g98e5,1.979
2026-10-09T00:44Z,6183,g95e5,1.799
2026-10-09T00:44Z,6183,gA,1.965
2026-10-09T00:44Z,6183,gP,2.045
2026-10-09T00:44Z,6183,g98e5,1.969
2026-10-09T00:44Z,6186,g95e5,1.845
2026-10-09T00:44Z,6186,gA,1.969
2026-10-09T00:44Z,6188,g95e5,1.845
2026-10-09T00:44Z,6188,gA,1.969
2026-10-09T00:44Z,6188,gP,2.029
2026-10-09T00:44Z,6194,g95e5,1.835
2026-10-09T00:44Z,6194,gA,1.965
2026-10-09T00:44Z,6194,g98e5,2.005
2026-10-09T00:44Z,6195,g95e5,1.799
2026-10-09T00:44Z,6195,gA,1.965
2026-10-09T00:44Z,6195,gP,2.025
2026-10-09T00:44Z,6197,g95e5,1.849
2026-10-09T00:44Z,6197,gA,1.965
2026-10-09T00:44Z,6197,gP,2.025
2026-10-09T00:44Z,6197,g98e5,2.019
2026-10-09T00:44Z,6198,g95e5,1.865
2026-10-09T00:44Z,6198,gA,1.965
2026-10-09T00:44Z,6198,gP,2.025
2026-10-09T00:44Z,6198,g98e5,2.035
2026-10-09T00:44Z,6198,g95e5p,1.935
2026-10-09T00:44Z,6202,g95e5,1.845
2026-10-09T00:44Z,6202,gA,1.979
2026-10-09T00:44Z,6202,g98e5,2.015
2026-10-09T00:44Z,6204,g95e5,1.815
2026-10-09T00:44Z,6204,gA,1.945
2026-10-09T00:44Z,6204,g98e5,1.985
2026-10-09T00:44Z,6205,gA,1.929
2026-10-09T00:44Z,6206,g95e5,1.799
2026-10-09T00:44Z,6206,gA,1.919
2026-10-09T00:44Z,6206,g98e5,1.969
2026-10-09T00:44Z,6207,g95e5,1.779
2026-10-09T00:44Z,6207,gA,1.929
2026-10-09T00:44Z,6207,gP,2.039
2026-10-09T00:44Z,6208,g95e5,1.825
2026-10-09T00:44Z,6208,gA,1.965
2026-10-09T00:44Z,6208,g98e5,1.985
2026-10-09T00:44Z,6211,g95e5,1.835
2026-10-09T00:44Z,6211,gA,1.999
2026-10-09T00:44Z,6211,gP,2.059
2026-10-09T00:44Z,6211,g98e5,2.005
2026-10-09T00:44Z,6213,g95e5,1.799
2026-10-09T00:44Z,6213,gA,1.959
2026-10-09T00:44Z,6213,gP,2.069
2026-10-09T00:44Z,6213,g98e5,1.969
2026-10-09T00:44Z,6215,g95e5,1.815
2026-10-09T00:44Z,6215,gA,1.955
2026-10-09T00:44Z,6215,g98e5,1.985
2026-10-09T00:44Z,6217,g95e5,1.799
2026-10-09T00:44Z,6217,gA,1.925
2026-10-09T00:44Z,6220,gA,1.975
2026-10-09T00:44Z,6220,gP,2.035
2026-10-09T00:44Z,6220,g98e5,2.039
2026-10-09T00:44Z,6222,g95e5,1.869
2026-10-09T00:44Z,6222,gA,1.975
2026-10-09T00:44Z,6222,gP,2.055
2026-10-09T00:44Z,6222,g98e5,2.039
2026-10-09T00:44Z,6222,g95e5p,1.949
2026-10-09T00:44Z,6227,g95e5,1.889
2026-10-09T00:44Z,6227,gA,2.015
2026-10-09T00:44Z,6227,g98e5,2.059
2026-10-09T00:44Z,6230,g95e5,1.805
2026-10-09T00:44Z,6230,gA,1.905
2026-10-09T00:44Z,6230,gP,1.985
2026-10-09T00:44Z,6230,g98e5,1.965
2026-10-09T00:44Z,6232,g95e5,1.785
2026-10-09T00:44Z,6232,g98e5,1.955
2026-10-09T00:44Z,6233,g95e5,1.889
2026-10-09T00:44Z,6233,gA,2.005
2026-10-09T00:44Z,6233,g98e5,2.009
2026-10-09T00:44Z,6236,g95e5,1.799
2026-10-09T00:44Z,6236,gA,1.999
2026-10-09T00:44Z,6236,gP,2.109
2026-10-09T00:44Z,6236,g98e5,1.969
2026-10-09T00:44Z,6238,g95e5,1.845
2026-10-09T00:44Z,6238,gA,2.005
2026-10-09T00:44Z,6238,gP,2.065
2026-10-09T00:44Z,6238,g98e5,2.015
2026-10-09T00:44Z,6238,gB,1.779
2026-10-09T00:44Z,6240,g95e5,1.819
2026-10-09T00:44Z,6240,gA,1.969
2026-10-09T00:44Z,6240,gP,2.079
2026-10-09T00:44Z,6241,g95e5,1.815
2026-10-09T00:44Z,6241,gA,2.005
2026-10-09T00:44Z,6241,gP,2.095
2026-10-09T00:44Z,6244,g95e5,1.809
2026-10-09T00:44Z,6244,gA,1.935
2026-10-09T00:44Z,6246,g95e5,1.835
2026-10-09T00:44Z,6246,gA,1.979
2026-10-09T00:44Z,6246,g98e5,1.985
2026-10-09T00:44Z,6247,g95e5,1.835
2026-10-09T00:44Z,6252,g95e5,1.835
2026-10-09T00:44Z,6252,gA,1.965
2026-10-09T00:44Z,6252,gP,2.025
2026-10-09T00:44Z,6255,g95e5,1.865
2026-10-09T00:44Z,6255,gA,2.005
2026-10-09T00:44Z,6255,g98e5,1.985
2026-10-09T00:44Z,6255,g95e5p,1.935
2026-10-09T00:44Z,6259,g95e5,1.889
2026-10-09T00:44Z,6259,gA,1.985
2026-10-09T00:44Z,6259,g98e5,2.059
2026-10-09T00:44Z,6260,gA,1.995
2026-10-09T00:44Z,6260,g98e5,2.045
2026-10-09T00:44Z,6261,g95e5,1.805
2026-10-09T00:44Z,6261,gA,1.905
2026-10-09T00:44Z,6268,g95e5,1.815
2026-10-09T00:44Z,6268,g98e5,1.965
2026-10-09T00:44Z,6271,g95e5,1.779
2026-10-09T00:44Z,6271,gA,1.935
2026-10-09T00:44Z,6275,g95e5,1.809
2026-10-09T00:44Z,6275,gP,1.995
2026-10-09T00:44Z,6275,g98e5,1.979
2026-10-09T00:44Z,6275,gB,1.725
2026-10-09T00:44Z,6276,g95e5,1.849
2026-10-09T00:44Z,6276,gA,2.005
2026-10-09T00:44Z,6276,gP,2.065
2026-10-09T00:44Z,6276,g98e5,2.019
2026-10-09T00:44Z,6276,g95e5p,1.929
2026-10-09T00:44Z,6277,g95e5,1.859
2026-10-09T00:44Z,6277,gA,1.975
2026-10-09T00:44Z,6277,g98e5,2.029
2026-10-09T00:44Z,6277,g95e5p,1.939
2026-10-09T00:44Z,6278,g95e5,1.829
2026-10-09T00:44Z,6278,gA,1.985
2026-10-09T00:44Z,6278,gP,2.045
2026-10-09T00:44Z,6278,g98e5,1.999
2026-10-09T00:44Z,6283,g95e5,1.825
2026-10-09T00:44Z,6283,gA,1.959
2026-10-09T00:44Z,6283,gP,2.039
2026-10-09T00:44Z,6283,gB,1.705
2026-10-09T00:44Z,6287,gA,1.949
2026-10-09T00:44Z,6287,gP,2.039
2026-10-09T00:44Z,6288,gA,1.949
2026-10-09T00:44Z,6288,gP,2.039
2026-10-09T00:44Z,6289,g95e5,1.779
2026-10-09T00:44Z,6290,gA,1.975
2026-10-09T00:44Z,6290,gP,2.035
2026-10-09T00:44Z,6290,g98e5,2.049
2026-10-09T00:44Z,6293,g95e5,1.754
2026-10-09T00:44Z,6293,gA,1.854
2026-10-09T00:44Z,6293,gP,1.904
2026-10-09T00:44Z,6293,g98e5,1.864
2026-10-09T00:44Z,6294,g95e5,1.845
2026-10-09T00:44Z,6294,gA,1.999
2026-10-09T00:44Z,6294,gP,2.099
2026-10-09T00:44Z,6294,g98e5,2.015
2026-10-09T00:44Z,6295,g95e5,1.845
2026-10-09T00:44Z,6295,gA,2.009
2026-10-09T00:44Z,6295,g98e5,1.965
2026-10-09T00:44Z,6296,g95e5,1.845
2026-10-09T00:44Z,6296,gA,2.009
2026-10-09T00:44Z,6296,g98e5,2.015
2026-10-09T00:44Z,6296,g95e5p,1.915
2026-10-09T00:44Z,6300,g95e5,1.809
2026-10-09T00:44Z,6300,gA,1.929
2026-10-09T00:44Z,6300,g98e5,1.979
2026-10-09T00:44Z,6303,g95e5,1.819
2026-10-09T00:44Z,6303,gA,1.955
2026-10-09T00:44Z,6303,gP,2.015
2026-10-09T00:44Z,6303,g98e5,1.989
2026-10-09T00:44Z,6307,gA,1.965
2026-10-09T00:44Z,6307,gP,2.025
2026-10-09T00:44Z,6311,g95e5,1.815
2026-10-09T00:44Z,6311,gA,1.945
2026-10-09T00:44Z,6311,gP,2.025
2026-10-09T00:44Z,6311,g98e5,1.975
2026-10-09T00:44Z,6312,g95e5,1.839
2026-10-09T00:44Z,6312,g98e5,2.009
2026-10-09T00:44Z,6312,g95e5p,1.909
2026-10-09T00:44Z,6313,g95e5,1.835
2026-10-09T00:44Z,6313,gA,1.965
2026-10-09T00:44Z,6313,gP,2.025
2026-10-09T00:44Z,6313,g98e5,2.005
2026-10-09T00:44Z,6314,g95e5,1.845
2026-10-09T00:44Z,6314,gA,1.979
2026-10-09T00:44Z,6314,gP,2.039
2026-10-09T00:44Z,6316,g95e5,1.819
2026-10-09T00:44Z,6316,gA,1.945
2026-10-09T00:44Z,6316,g98e5,1.989
2026-10-09T00:44Z,6317,g95e5,1.789
2026-10-09T00:44Z,6317,gA,1.965
2026-10-09T00:44Z,6317,g98e5,1.959
2026-10-09T00:44Z,6318,g95e5,1.805
2026-10-09T00:44Z,6318,gA,1.999
2026-10-09T00:44Z,6318,g98e5,1.975
2026-10-09T00:44Z,6319,g95e5,1.799
2026-10-09T00:44Z,6319,gA,2.009
2026-10-09T00:44Z,6319,gP,2.099
2026-10-09T00:44Z,6319,g98e5,1.969
2026-10-09T00:44Z,6324,g95e5,1.829
2026-10-09T00:44Z,6324,gA,1.969
2026-10-09T00:44Z,6324,gP,2.019
2026-10-09T00:44Z,6327,gA,1.979
2026-10-09T00:44Z,6327,gP,2.039
2026-10-09T00:44Z,6327,g98e5,2.055
2026-10-09T00:44Z,6328,g95e5,1.799
2026-10-09T00:44Z,6328,gP,2.099
2026-10-09T00:44Z,6328,g98e5,1.969
2026-10-09T00:44Z,6330,g95e5,1.835
2026-10-09T00:44Z,6330,gA,1.979
2026-10-09T00:44Z,6330,g98e5,1.985
2026-10-09T00:44Z,6334,g95e5,1.819
2026-10-09T00:44Z,6334,gA,1.955
2026-10-09T00:44Z,6334,g98e5,1.989
2026-10-09T00:44Z,6337,gA,1.935
2026-10-09T00:44Z,6337,gP,2.045
2026-10-09T00:44Z,6339,g95e5,1.835
2026-10-09T00:44Z,6339,gA,1.965
2026-10-09T00:44Z,6339,gB,1.815
2026-10-09T00:44Z,6340,g95e5,1.779
2026-10-09T00:44Z,6340,gP,2.009
2026-10-09T00:44Z,6342,g95e5,1.835
2026-10-09T00:44Z,6342,gA,1.965
2026-10-09T00:44Z,6342,gP,2.075
2026-10-09T00:44Z,6342,g98e5,2.005
2026-10-09T00:44Z,6344,g95e5,1.835
2026-10-09T00:44Z,6344,gA,1.965
2026-10-09T00:44Z,6344,g98e5,2.005
2026-10-09T00:44Z,6350,g95e5,1.799
2026-10-09T00:44Z,6350,gA,1.919
2026-10-09T00:44Z,6350,gP,1.979
2026-10-09T00:44Z,6350,g98e5,1.919
2026-10-09T00:44Z,6350,g95e5p,1.869
2026-10-09T00:44Z,6351,g95e5,1.809
2026-10-09T00:44Z,6351,gA,1.925
2026-10-09T00:44Z,6351,gP,1.985
2026-10-09T00:44Z,6351,g98e5,1.979
2026-10-09T00:44Z,6353,gA,1.935
2026-10-09T00:44Z,6353,gP,1.995
2026-10-09T00:44Z,6353,g98e5,1.975
2026-10-09T00:44Z,6356,g95e5,1.879
2026-10-09T00:44Z,6356,gP,2.055
2026-10-09T00:44Z,6356,g98e5,2.049
2026-10-09T00:44Z,6357,g95e5,1.864
2026-10-09T00:44Z,6357,gA,1.968
2026-10-09T00:44Z,6357,glp,1.149
2026-10-09T00:44Z,6358,g95e5,1.799
2026-10-09T00:44Z,6358,gA,1.959
2026-10-09T00:44Z,6358,g98e5,1.969
2026-10-09T00:44Z,6359,g95e5,1.845
2026-10-09T00:44Z,6359,gA,1.999
2026-10-09T00:44Z,6359,g98e5,1.965
2026-10-09T00:44Z,6360,g95e5,1.865
2026-10-09T00:44Z,6360,gA,2.005
2026-10-09T00:44Z,6360,g98e5,2.035
2026-10-09T00:44Z,6363,g95e5,1.809
2026-10-09T00:44Z,6363,gA,1.935
2026-10-09T00:44Z,6363,gP,2.045
2026-10-09T00:44Z,6364,g95e5,1.779
2026-10-09T00:44Z,6364,gB,1.705
2026-10-09T00:44Z,6367,g95e5,1.825
2026-10-09T00:44Z,6367,gA,1.965
2026-10-09T00:44Z,6367,g98e5,1.985
2026-10-09T00:44Z,6371,g95e5,1.799
2026-10-09T00:44Z,6371,gA,1.965
2026-10-09T00:44Z,6371,gP,2.065
2026-10-09T00:44Z,6371,g98e5,1.969
2026-10-09T00:44Z,6373,g95e5,1.809
2026-10-09T00:44Z,6373,gA,1.935
2026-10-09T00:44Z,6373,gP,2.045
2026-10-09T00:44Z,6373,gB,1.725
2026-10-09T00:44Z,6374,g95e5,1.799
2026-10-09T00:44Z,6374,gA,1.959
2026-10-09T00:44Z,6374,gP,2.049
2026-10-09T00:44Z,6374,gB,1.759
2026-10-09T00:44Z,6378,g95e5,1.809
2026-10-09T00:44Z,6378,gA,1.929
2026-10-09T00:44Z,6379,g95e5,1.889
2026-10-09T00:44Z,6379,gA,1.999
2026-10-09T00:44Z,6379,gP,2.049
2026-10-09T00:44Z,6379,g98e5,1.999
2026-10-09T00:44Z,6380,g95e5,1.799
2026-10-09T00:44Z,6380,gA,1.919
2026-10-09T00:44Z,6380,gP,2.029
2026-10-09T00:44Z,6389,g95e5,1.845
2026-10-09T00:44Z,6389,gA,2.005
2026-10-09T00:44Z,6389,gP,2.065
2026-10-09T00:44Z,6389,g98e5,1.965
2026-10-09T00:44Z,6390,g95e5,1.845
2026-10-09T00:44Z,6390,gA,1.969
2026-10-09T00:44Z,6390,gP,2.029
2026-10-09T00:44Z,6390,g98e5,2.015
2026-10-09T00:44Z,6398,g95e5,1.845
2026-10-09T00:44Z,6398,gA,2.005
2026-10-09T00:44Z,6398,gP,2.065
2026-10-09T00:44Z,6398,g98e5,2.015
2026-10-09T00:44Z,6398,gB,1.769
2026-10-09T00:44Z,6399,g95e5,1.849
2026-10-09T00:44Z,6399,gA,1.965
2026-10-09T00:44Z,6399,g98e5,2.019
2026-10-09T00:44Z,6403,g95e5,1.799
2026-10-09T00:44Z,6403,gA,1.959
2026-10-09T00:44Z,6403,gP,2.019
2026-10-09T00:44Z,6403,g98e5,1.969
2026-10-09T00:44Z,6404,g95e5,1.839
2026-10-09T00:44Z,6404,gA,1.959
2026-10-09T00:44Z,6404,g98e5,1.999
2026-10-09T00:44Z,6404,g95e5p,1.899
2026-10-09T00:44Z,6406,g95e5,1.889
2026-10-09T00:44Z,6406,gA,2.005
2026-10-09T00:44Z,6406,gP,2.065
2026-10-09T00:44Z,6406,g98e5,2.059
2026-10-09T00:44Z,6407,g95e5,1.845
2026-10-09T00:44Z,6407,gA,2.005
2026-10-09T00:44Z,6407,g98e5,1.965
2026-10-09T00:44Z,6410,gA,1.919
2026-10-09T00:44Z,6411,g95e5,1.839
2026-10-09T00:44Z,6411,gA,2.005
2026-10-09T00:44Z,6411,gP,2.115
2026-10-09T00:44Z,6411,g98e5,2.009
2026-10-09T00:44Z,6412,g95e5,1.839
2026-10-09T00:44Z,6412,gA,2.005
2026-10-09T00:44Z,6412,gP,2.115
2026-10-09T00:44Z,6412,g98e5,2.009
2026-10-09T00:44Z,6413,g95e5,1.889
2026-10-09T00:44Z,6413,gA,1.975
2026-10-09T00:44Z,6413,g98e5,2.059
2026-10-09T00:44Z,6413,g95e5p,1.959
2026-10-09T00:44Z,6413,gB,1.799
2026-10-09T00:44Z,6423,g95e5,1.714
2026-10-09T00:44Z,6448,g95e5,1.839
2026-10-09T00:44Z,6448,gA,1.929
2026-10-09T00:44Z,6448,gP,2.019
2026-10-09T00:44Z,6448,g98e5,1.979
2026-10-09T00:44Z,6453,gA,1.748
2026-10-09T00:44Z,6456,gB,1.934
2026-10-09T00:44Z,6468,g95e5,1.869
2026-10-09T00:44Z,6468,g98e5,2.009
2026-10-09T00:44Z,6483,g95e5,1.699
2026-10-09T00:44Z,6484,gA,1.999
2026-10-09T00:44Z,6486,g95e5,1.809
2026-10-09T00:44Z,6486,gA,1.925
2026-10-09T00:44Z,6486,gP,2.005
2026-10-09T00:44Z,6486,g98e5,1.959
2026-10-09T00:44Z,6499,gA,1.999
2026-10-09T00:44Z,6500,g95e5,1.878
2026-10-09T00:44Z,6500,gA,1.995
2026-10-09T00:44Z,6500,gP,2.070
2026-10-09T00:44Z,6517,g95e5,1.829
2026-10-09T00:44Z,6517,gA,1.949
2026-10-09T00:44Z,6522,gA,1.929
2026-10-09T00:44Z,6535,gB,1.934
2026-10-09T00:44Z,6555,g95e5,1.849
2026-10-09T00:44Z,6555,g98e5,1.989
2026-10-09T00:44Z,6564,gA,1.949
2026-10-09T00:44Z,6564,gP,2.009
2026-10-09T00:44Z,6564,g98e5,1.945
2026-10-09T00:44Z,6568,g95e5,1.795
2026-10-09T00:44Z,6568,gA,1.895
2026-10-09T00:44Z,6568,gP,2.005
2026-10-09T00:44Z,6568,g98e5,1.965
2026-10-09T00:44Z,6568,g95e5p,1.875
2026-10-09T00:44Z,6569,gA,1.914
2026-10-09T00:44Z,6590,g95e5,1.809
2026-10-09T00:44Z,6590,gA,1.945
2026-10-09T00:44Z,6590,gP,2.055
2026-10-09T00:44Z,6590,g98e5,1.979
2026-10-09T00:44Z,6605,g95e5,1.829
2026-10-09T00:44Z,6605,gA,1.959
2026-10-09T00:44Z,6605,gP,2.049
2026-10-09T00:44Z,6605,g98e5,1.969
2026-10-09T00:44Z,6611,g95e5,1.899
2026-10-09T00:44Z,6613,gA,1.995
2026-10-09T00:44Z,6613,gP,2.070
2026-10-09T00:44Z,6615,gP,2.100
2026-10-09T00:44Z,6623,g95e5,1.795
2026-10-09T00:44Z,6623,g98e5,1.945
2026-10-09T00:44Z,6624,g95e5,1.779
2026-10-09T00:44Z,6632,gP,2.015
2026-10-09T00:44Z,6641,g95e5,1.785
2026-10-09T00:44Z,6641,gA,1.989
2026-10-09T00:44Z,6644,gP,2.095
2026-10-09T00:44Z,6644,gB,1.809
2026-10-09T00:44Z,6665,g95e5,1.859
2026-10-09T00:44Z,6665,gP,1.969
2026-10-09T00:44Z,6665,g98e5,2.019
2026-10-09T00:44Z,6678,g95e5,1.769
2026-10-09T00:44Z,6678,gA,1.979
2026-10-09T00:44Z,6678,gB,1.795
2026-10-09T00:44Z,6681,gA,1.935
2026-10-09T00:44Z,6681,gP,2.045
2026-10-09T00:44Z,6682,gA,1.935
2026-10-09T00:44Z,6682,g98e5,1.989
2026-10-09T00:44Z,6686,gP,2.059
2026-10-09T00:44Z,6686,gB,1.749
2026-10-09T00:44Z,6688,gA,1.949
2026-10-09T00:44Z,6688,gP,2.009
2026-10-09T00:44Z,6688,g98e5,1.945
2026-10-09T00:44Z,6690,gA,1.959
2026-10-09T00:44Z,6690,g98e5,1.955
2026-10-09T00:44Z,6694,g95e5,1.775
2026-10-09T00:44Z,6694,gA,1.949
2026-10-09T00:44Z,6694,g95e5p,1.835
2026-10-09T00:44Z,6695,g95e5,1.775
2026-10-09T00:44Z,6695,gA,1.949
2026-10-09T00:44Z,6695,gP,2.059
2026-10-09T00:44Z,6698,g95e5,1.779
2026-10-09T00:44Z,6698,gA,1.939
2026-10-09T00:44Z,6698,g98e5,1.949
2026-10-09T00:44Z,6698,gB,1.845
2026-10-09T00:44Z,6699,g95e5,1.835
2026-10-09T00:44Z,6699,gA,1.919
2026-10-09T00:44Z,6699,gP,1.979
2026-10-09T00:44Z,6699,g98e5,2.005
2026-10-09T00:44Z,6699,g95e5p,1.915
2026-10-09T00:44Z,6700,g95e5,1.805
2026-10-09T00:44Z,6700,gA,1.949
2026-10-09T00:44Z,6700,gP,2.059
2026-10-09T00:44Z,6700,g98e5,1.975
2026-10-09T00:44Z,6702,g95e5,1.819
2026-10-09T00:44Z,6702,gA,1.999
2026-10-09T00:44Z,6702,gP,2.089
2026-10-09T00:44Z,6703,g95e5,1.825
2026-10-09T00:44Z,6703,gA,1.995
2026-10-09T00:44Z,6711,g95e5,1.819
2026-10-09T00:44Z,6711,gP,2.019
2026-10-09T00:44Z,6713,g95e5,1.769
2026-10-09T00:44Z,6713,gA,1.895
2026-10-09T00:44Z,6713,g98e5,1.939
2026-10-09T00:44Z,6713,gB,1.725
2026-10-09T00:44Z,6715,gA,1.995
2026-10-09T00:44Z,6716,g95e5,1.819
2026-10-09T00:44Z,6716,gP,2.035
2026-10-09T00:44Z,6716,g98e5,1.989
2026-10-09T00:44Z,6718,g95e5,1.779
2026-10-09T00:44Z,6718,gA,1.939
2026-10-09T00:44Z,6718,gP,2.049
2026-10-09T00:44Z,6718,g98e5,1.949
2026-10-09T00:44Z,6721,g95e5,1.839
2026-10-09T00:44Z,6721,gA,1.925
2026-10-09T00:44Z,6721,g98e5,2.009
2026-10-09T00:44Z,6721,g95e5p,1.909
2026-10-09T00:44Z,6722,g95e5,1.769
2026-10-09T00:44Z,6722,gA,1.895
2026-10-09T00:44Z,6722,gP,1.985
2026-10-09T00:44Z,6723,g95e5,1.829
2026-10-09T00:44Z,6723,gP,2.035
2026-10-09T00:44Z,6723,g95e5p,1.899
2026-10-09T00:44Z,6725,g95e5,1.829
2026-10-09T00:44Z,6725,gA,1.909
2026-10-09T00:44Z,6725,gP,1.999
2026-10-09T00:44Z,6725,g98e5,1.969
2026-10-09T00:44Z,6726,gA,1.775
2026-10-09T00:44Z,6731,g95e5,1.829
2026-10-09T00:44Z,6731,gA,1.949
2026-10-09T00:44Z,6731,gP,2.039
2026-10-09T00:44Z,6731,g98e5,1.969
2026-10-09T00:44Z,6737,g95e5,1.839
2026-10-09T00:44Z,6737,gB,1.795
2026-10-09T00:44Z,6743,gA,1.989
2026-10-09T00:44Z,6744,gA,1.989
2026-10-09T00:44Z,6745,g95e5,1.795
2026-10-09T00:44Z,6745,g98e5,1.965
2026-10-09T00:44Z,6746,g95e5,1.795
2026-10-09T00:44Z,6746,g98e5,1.965
2026-10-09T00:44Z,6751,g95e5,1.799
2026-10-09T00:44Z,6751,gA,1.975
2026-10-09T00:44Z,6751,g98e5,1.969
2026-10-09T00:44Z,6751,gB,1.849
2026-10-09T00:44Z,6766,gA,1.959
2026-10-09T00:44Z,6766,gP,2.019
2026-10-09T00:44Z,6799,g95e5,1.809
2026-10-09T00:44Z,6799,gP,2.019
2026-10-09T00:44Z,6799,g98e5,1.979
2026-10-09T00:44Z,6799,g95e5p,1.879
2026-10-09T00:44Z,6802,g95e5,1.815
2026-10-09T00:44Z,6802,gA,1.985
2026-10-09T00:44Z,6803,g95e5,1.779
2026-10-09T00:44Z,6803,gA,1.949
2026-10-09T00:44Z,6807,g95e5,1.845
2026-10-09T00:44Z,6807,g98e5,1.955
2026-10-09T00:44Z,6807,g95e5p,1.915
2026-10-09T00:44Z,6808,g95e5,1.845
2026-10-09T00:44Z,6808,g98e5,1.955
2026-10-09T00:44Z,6808,g95e5p,1.915
2026-10-09T00:44Z,6809,g95e5,1.829
2026-10-09T00:44Z,6809,gA,1.935
2026-10-09T00:44Z,6809,gP,2.025
2026-10-09T00:44Z,6809,g98e5,1.989
2026-10-09T00:44Z,6810,g95e5,1.769
2026-10-09T00:44Z,6810,gA,1.949
2026-10-09T00:44Z,6810,gB,1.855
2026-10-09T00:44Z,6811,gB,1.749
2026-10-09T00:44Z,6812,g95e5,1.809
2026-10-09T00:44Z,6812,gP,1.969
2026-10-09T00:44Z,6812,g98e5,1.979
2026-10-09T00:44Z,6812,g95e5p,1.869
2026-10-09T00:44Z,6813,g95e5,1.839
2026-10-09T00:44Z,6813,gA,1.915
2026-10-09T00:44Z,6813,g95e5p,1.909
2026-10-09T00:44Z,6814,gB,1.755
2026-10-09T00:44Z,6815,g95e5,1.769
2026-10-09T00:44Z,6815,gA,1.895
2026-10-09T00:44Z,6815,g98e5,1.939
2026-10-09T00:44Z,6815,gB,1.725
2026-10-09T00:44Z,6816,g95e5,1.809
2026-10-09T00:44Z,6816,gA,1.909
2026-10-09T00:44Z,6816,g98e5,1.979
2026-10-09T00:44Z,6819,gA,1.979
2026-10-09T00:44Z,6822,g95e5,1.885
2026-10-09T00:44Z,6822,gA,1.985
2026-10-09T00:44Z,6822,g98e5,2.055
2026-10-09T00:44Z,6824,g95e5,1.785
2026-10-09T00:44Z,6824,gA,1.945
2026-10-09T00:44Z,6824,gP,2.005
2026-10-09T00:44Z,6824,g98e5,1.955
2026-10-09T00:44Z,6826,g95e5,1.819
2026-10-09T00:44Z,6826,gA,1.949
2026-10-09T00:44Z,6826,g98e5,1.989
2026-10-09T00:44Z,6826,g95e5p,1.879
2026-10-09T00:44Z,6828,gA,1.775
2026-10-09T00:44Z,6830,g95e5,1.839
2026-10-09T00:44Z,6830,gA,1.929
2026-10-09T00:44Z,6830,gP,2.019
2026-10-09T00:44Z,6830,g98e5,1.979
2026-10-09T00:44Z,6831,g95e5,1.869
2026-10-09T00:44Z,6831,gA,1.925
2026-10-09T00:44Z,6831,gP,1.985
2026-10-09T00:44Z,6831,g98e5,2.019
2026-10-09T00:44Z,6832,g95e5,1.875
2026-10-09T00:44Z,6832,gA,1.985
2026-10-09T00:44Z,6832,g95e5p,1.945
2026-10-09T00:44Z,6833,g98e5,1.975
2026-10-09T00:44Z,6834,g95e5,1.839
2026-10-09T00:44Z,6834,gA,1.949
2026-10-09T00:44Z,6834,gP,2.051
2026-10-09T00:44Z,6834,g98e5,1.994
2026-10-09T00:44Z,6837,gA,1.929
2026-10-09T00:44Z,6837,gP,2.019
2026-10-09T00:44Z,6838,gA,1.945
2026-10-09T00:44Z,6838,gP,2.035
2026-10-09T00:44Z,6838,gB,1.805
2026-10-09T00:44Z,6840,g95e5,1.815
2026-10-09T00:44Z,6841,g95e5,1.795
2026-10-09T00:44Z,6841,gA,1.975
2026-10-09T00:44Z,6841,gP,2.075
2026-10-09T00:44Z,6841,g98e5,1.965
2026-10-09T00:44Z,6842,g95e5,1.875
2026-10-09T00:44Z,6842,gA,1.965
2026-10-09T00:44Z,6842,gP,2.025
2026-10-09T00:44Z,6842,g98e5,1.995
2026-10-09T00:44Z,6843,g95e5,1.845
2026-10-09T00:44Z,6843,g98e5,2.015
2026-10-09T00:44Z,6843,g95e5p,1.925
2026-10-09T00:44Z,6847,g95e5,1.865
2026-10-09T00:44Z,6847,gA,1.909
2026-10-09T00:44Z,6847,gP,1.999
2026-10-09T00:44Z,6847,g98e5,2.005
2026-10-09T00:44Z,6850,g95e5,1.809
2026-10-09T00:44Z,6850,gA,1.909
2026-10-09T00:44Z,6850,gP,2.019
2026-10-09T00:44Z,6850,g98e5,1.979
2026-10-09T00:44Z,6853,g95e5,1.769
2026-10-09T00:44Z,6853,gA,1.895
2026-10-09T00:44Z,6853,gP,1.985
2026-10-09T00:44Z,6853,g98e5,1.939
2026-10-09T00:44Z,6853,g95e5p,1.839
2026-10-09T00:44Z,6857,g95e5,1.779
2026-10-09T00:44Z,6857,gA,1.949
2026-10-09T00:44Z,6857,g98e5,1.949
2026-10-09T00:44Z,6858,g95e5,1.819
2026-10-09T00:44Z,6858,gA,1.905
2026-10-09T00:44Z,6858,gP,2.015
2026-10-09T00:44Z,6858,g98e5,1.989
2026-10-09T00:44Z,6859,g95e5,1.819
2026-10-09T00:44Z,6859,gA,1.905
2026-10-09T00:44Z,6859,gP,1.975
2026-10-09T00:44Z,6859,g98e5,1.989
2026-10-09T00:44Z,6861,g95e5,1.825
2026-10-09T00:44Z,6861,gA,1.985
2026-10-09T00:44Z,6861,gP,2.045
2026-10-09T00:44Z,6861,g98e5,1.945
2026-10-09T00:44Z,6862,g95e5,1.829
2026-10-09T00:44Z,6862,gA,1.915
2026-10-09T00:44Z,6862,g98e5,1.949
2026-10-09T00:44Z,6862,gB,1.765
2026-10-09T00:44Z,6864,g95e5,1.839
2026-10-09T00:44Z,6864,gA,1.959
2026-10-09T00:44Z,6864,gP,2.069
2026-10-09T00:44Z,6867,g95e5,1.769
2026-10-09T00:44Z,6867,gA,1.949
2026-10-09T00:44Z,6867,gB,1.795
2026-10-09T00:44Z,6870,g95e5,1.819
2026-10-09T00:44Z,6870,gP,1.975
2026-10-09T00:44Z,6871,gA,1.989
2026-10-09T00:44Z,6871,g98e5,1.929
2026-10-09T00:44Z,6875,g95e5,1.779
2026-10-09T00:44Z,6875,gP,2.105
2026-10-09T00:44Z,6875,g95e5p,1.849
2026-10-09T00:44Z,6876,g95e5,1.825
2026-10-09T00:44Z,6876,gA,2.005
2026-10-09T00:44Z,6876,gB,1.795
2026-10-09T00:44Z,6877,g95e5,1.769
2026-10-09T00:44Z,6877,gA,1.949
2026-10-09T00:44Z,6877,gB,1.849
2026-10-09T00:44Z,6881,gB,1.765
2026-10-09T00:44Z,6882,g95e5,1.809
2026-10-09T00:44Z,6882,gP,2.035
2026-10-09T00:44Z,6882,g98e5,1.979
2026-10-09T00:44Z,6887,g95e5,1.805
2026-10-09T00:44Z,6887,gA,1.949
2026-10-09T00:44Z,6887,g98e5,1.975
2026-10-09T00:44Z,6887,gB,1.795
2026-10-09T00:44Z,6889,g95e5,1.859
2026-10-09T00:44Z,6889,g98e5,1.999
2026-10-09T00:44Z,6893,g95e5,1.859
2026-10-09T00:44Z,6893,gA,1.945
2026-10-09T00:44Z,6893,g98e5,2.009
2026-10-09T00:44Z,6894,g95e5,1.809
2026-10-09T00:44Z,6894,gA,1.919
2026-10-09T00:44Z,6894,gP,1.979
2026-10-09T00:44Z,6894,g98e5,1.929
2026-10-09T00:44Z,6894,g95e5p,1.879
2026-10-09T00:44Z,6895,g95e5,1.829
2026-10-09T00:44Z,6895,gA,1.915
2026-10-09T00:44Z,6895,gP,2.005
2026-10-09T00:44Z,6895,g98e5,1.969
2026-10-09T00:44Z,6896,g95e5,1.825
2026-10-09T00:44Z,6896,g98e5,1.995
2026-10-09T00:44Z,6897,g95e5,1.825
2026-10-09T00:44Z,6897,gA,1.995
2026-10-09T00:44Z,6897,gB,1.795
2026-10-09T00:44Z,6898,g95e5,1.825
2026-10-09T00:44Z,6898,gA,2.005
2026-10-09T00:44Z,6900,g95e5,1.845
2026-10-09T00:44Z,6900,gP,2.035
2026-10-09T00:44Z,6904,g95e5,1.805
2026-10-09T00:44Z,6904,gA,1.915
2026-10-09T00:44Z,6904,gP,2.025
2026-10-09T00:44Z,6904,g98e5,1.975
2026-10-09T00:44Z,6905,g95e5,1.805
2026-10-09T00:44Z,6905,gA,1.915
2026-10-09T00:44Z,6905,gP,2.025
2026-10-09T00:44Z,6905,g98e5,1.975
2026-10-09T00:44Z,6907,g95e5,1.839
2026-10-09T00:44Z,6907,gA,2.005
2026-10-09T00:44Z,6907,gB,1.799
2026-10-09T00:44Z,6908,g95e5,1.795
2026-10-09T00:44Z,6908,gA,1.969
2026-10-09T00:44Z,6908,g98e5,1.965
2026-10-09T00:44Z,6908,gB,1.795
2026-10-09T00:44Z,6909,g95e5,1.769
2026-10-09T00:44Z,6909,gA,1.975
2026-10-09T00:44Z,6910,g95e5,1.825
2026-10-09T00:44Z,6910,gA,1.979
2026-10-09T00:44Z,6911,g95e5,1.789
2026-10-09T00:44Z,6911,gA,1.985
2026-10-09T00:44Z,6913,g95e5,1.769
2026-10-09T00:44Z,6913,gA,1.949
2026-10-09T00:44Z,6913,gB,1.795
2026-10-09T00:44Z,6914,g95e5,1.809
2026-10-09T00:44Z,6914,gP,2.019
2026-10-09T00:44Z,6916,g95e5,1.769
2026-10-09T00:44Z,6916,gA,1.949
2026-10-09T00:44Z,6917,g95e5,1.869
2026-10-09T00:44Z,6917,gA,1.929
2026-10-09T00:44Z,6917,gP,1.989
2026-10-09T00:44Z,6917,g98e5,1.989
2026-10-09T00:44Z,6919,g95e5,1.779
2026-10-09T00:44Z,6919,gA,1.939
2026-10-09T00:44Z,6919,gB,1.805
2026-10-09T00:44Z,6921,gB,1.785
2026-10-09T00:44Z,6922,g95e5,1.839
2026-10-09T00:44Z,6922,gP,2.069
2026-10-09T00:44Z,6922,g98e5,2.009
2026-10-09T00:44Z,6923,g95e5,1.769
2026-10-09T00:44Z,6923,gA,1.895
2026-10-09T00:44Z,6923,gP,2.005
2026-10-09T00:44Z,6923,g98e5,1.939
2026-10-09T00:44Z,6923,gB,1.725
2026-10-09T00:44Z,6924,g95e5,1.839
2026-10-09T00:44Z,6924,gB,1.799
2026-10-09T00:44Z,6926,g95e5,1.799
2026-10-09T00:44Z,6926,gA,1.969
2026-10-09T00:44Z,6926,gP,2.059
2026-10-09T00:44Z,6926,g98e5,1.938
2026-10-09T00:44Z,6928,g95e5,1.769
2026-10-09T00:44Z,6928,gA,1.949
2026-10-09T00:44Z,6928,gB,1.795
2026-10-09T00:44Z,6929,g95e5,1.815
2026-10-09T00:44Z,6929,gA,1.985
2026-10-09T00:44Z,6929,gP,2.045
2026-10-09T00:44Z,6929,g98e5,1.935
2026-10-09T00:44Z,6930,g95e5,1.815
2026-10-09T00:44Z,6930,gA,1.985
2026-10-09T00:44Z,6930,gP,2.045
2026-10-09T00:44Z,6931,gA,1.999
2026-10-09T00:44Z,6931,g98e5,1.939
2026-10-09T00:44Z,6931,gB,1.809
2026-10-09T00:44Z,6933,gP,2.015
2026-10-09T00:44Z,6933,gB,1.749
2026-10-09T00:44Z,6934,g98e5,1.939
2026-10-09T00:44Z,6934,gB,1.755
2026-10-09T00:44Z,6935,g95e5,1.769
2026-10-09T00:44Z,6935,gA,1.959
2026-10-09T00:44Z,6935,gB,1.855
2026-10-09T00:44Z,6938,g95e5,1.809
2026-10-09T00:44Z,6938,gA,1.989
2026-10-09T00:44Z,6938,gB,1.805
2026-10-09T00:44Z,6939,g95e5,1.809
2026-10-09T00:44Z,6939,gA,1.899
2026-10-09T00:44Z,6939,g98e5,1.979
2026-10-09T00:44Z,6940,g95e5,1.825
2026-10-09T00:44Z,6940,gA,2.005
2026-10-09T00:44Z,6940,g98e5,1.955
2026-10-09T00:44Z,6940,gB,1.855
2026-10-09T00:44Z,6941,g95e5,1.839
2026-10-09T00:44Z,6941,gA,1.969
2026-10-09T00:44Z,6941,gP,2.079
2026-10-09T00:44Z,6942,g95e5,1.779
2026-10-09T00:44Z,6942,gA,1.955
2026-10-09T00:44Z,6943,g95e5,1.779
2026-10-09T00:44Z,6943,gA,1.955
2026-10-09T00:44Z,6943,g98e5,1.949
2026-10-09T00:44Z,6944,g95e5,1.795
2026-10-09T00:44Z,6944,gA,1.939
2026-10-09T00:44Z,6944,g98e5,1.915
2026-10-09T00:44Z,6944,g95e5p,1.855
2026-10-09T00:44Z,6947,gP,2.059
2026-10-09T00:44Z,6950,g95e5,1.769
2026-10-09T00:44Z,6950,gA,1.965
2026-10-09T00:44Z,6950,gP,2.055
2026-10-09T00:44Z,6950,g95e5p,1.829
2026-10-09T00:44Z,6950,gB,1.809
2026-10-09T00:44Z,6952,g95e5,1.838
2026-10-09T00:44Z,6952,gA,1.948
2026-10-09T00:44Z,6954,g95e5,1.779
2026-10-09T00:44Z,6954,gA,1.939
2026-10-09T00:44Z,6954,gP,1.999
2026-10-09T00:44Z,6954,g98e5,1.949
2026-10-09T00:44Z,6955,g95e5,1.885
2026-10-09T00:44Z,6955,g98e5,2.055
2026-10-09T00:44Z,6956,g95e5,1.769
2026-10-09T00:44Z,6956,gA,1.895
2026-10-09T00:44Z,6956,gP,1.985
2026-10-09T00:44Z,6956,gB,1.725
2026-10-09T00:44Z,6957,g95e5,1.865
2026-10-09T00:44Z,6957,gP,2.069
2026-10-09T00:44Z,6957,g98e5,2.035
2026-10-09T00:44Z,6958,g95e5,1.769
2026-10-09T00:44Z,6958,gA,1.895
2026-10-09T00:44Z,6958,g98e5,1.939
2026-10-09T00:44Z,6959,g95e5,1.809
2026-10-09T00:44Z,6959,gA,1.945
2026-10-09T00:44Z,6959,gP,2.055
2026-10-09T00:44Z,6959,g98e5,1.979
2026-10-09T00:44Z,6961,g95e5,1.815
2026-10-09T00:44Z,6961,g98e5,1.945
2026-10-09T00:44Z,6962,g95e5,1.825
2026-10-09T00:44Z,6962,gA,1.939
2026-10-09T00:44Z,6962,gP,2.049
2026-10-09T00:44Z,6962,g98e5,1.985
2026-10-09T00:44Z,6963,g95e5,1.825
2026-10-09T00:44Z,6963,gA,1.939
2026-10-09T00:44Z,6963,gP,2.049
2026-10-09T00:44Z,6963,g98e5,1.985
2026-10-09T00:44Z,6964,g95e5,1.825
2026-10-09T00:44Z,6964,gA,1.979
2026-10-09T00:44Z,6964,g98e5,1.945
2026-10-09T00:44Z,6966,g95e5,1.825
2026-10-09T00:44Z,6966,gA,1.985
2026-10-09T00:44Z,6966,g98e5,1.935
2026-10-09T00:44Z,6966,gB,1.845
2026-10-09T00:44Z,6967,g95e5,1.809
2026-10-09T00:44Z,6969,g95e5,1.825
2026-10-09T00:44Z,6969,gA,1.995
2026-10-09T00:44Z,6971,g95e5,1.815
2026-10-09T00:44Z,6971,gA,1.909
2026-10-09T00:44Z,6971,g98e5,1.985
2026-10-09T00:44Z,6972,g95e5,1.879
2026-10-09T00:44Z,6972,gA,2.005
2026-10-09T00:44Z,6972,g98e5,2.019
2026-10-09T00:44Z,6972,gB,1.819
2026-10-09T00:44Z,6973,g95e5,1.879
2026-10-09T00:44Z,6973,gA,2.005
2026-10-09T00:44Z,6973,g98e5,2.019
2026-10-09T00:44Z,6973,gB,1.825
2026-10-09T00:44Z,6974,gA,1.899
2026-10-09T00:44Z,6974,gB,1.779
2026-10-09T00:44Z,6975,g95e5,1.829
2026-10-09T00:44Z,6975,gA,1.955
2026-10-09T00:44Z,6975,gP,2.035
2026-10-09T00:44Z,6975,g98e5,1.979
2026-10-09T00:44Z,6976,g95e5,1.809
2026-10-09T00:44Z,6976,gA,1.945
2026-10-09T00:44Z,6976,gP,2.055
2026-10-09T00:44Z,6976,g98e5,1.999
2026-10-09T00:44Z,6977,g95e5,1.775
2026-10-09T00:44Z,6977,gA,1.919
2026-10-09T00:44Z,6977,gP,2.029
2026-10-09T00:44Z,6977,g98e5,1.935
2026-10-09T00:44Z,6978,g95e5,1.835
2026-10-09T00:44Z,6978,gA,1.945
2026-10-09T00:44Z,6978,gP,2.005
2026-10-09T00:44Z,6978,g98e5,1.985
2026-10-09T00:44Z,6988,gA,1.959
2026-10-09T00:44Z,6988,gP,2.049
2026-10-09T00:44Z,6989,gA,1.959
2026-10-09T00:44Z,6989,gP,2.049
2026-10-09T00:44Z,6993,g95e5,1.869
2026-10-09T00:44Z,6993,gA,1.909
2026-10-09T00:44Z,6993,gP,1.999
2026-10-09T00:44Z,6993,g98e5,2.009
2026-10-09T00:44Z,6997,g95e5,1.749
2026-10-09T00:44Z,6997,g98e5,1.889
2026-10-09T00:44Z,7003,g95e5,1.849
2026-10-09T00:44Z,7004,g95e5,1.849
2026-10-09T00:44Z,7011,g95e5,1.769
2026-10-09T00:44Z,7011,g95e5p,1.819
2026-10-09T00:44Z,7054,gA,1.989
2026-10-09T00:44Z,7058,g95e5,1.799
2026-10-09T00:44Z,7062,g95e5,1.809
2026-10-09T00:44Z,7062,gA,1.929
2026-10-09T00:44Z,7062,gP,2.019
2026-10-09T00:44Z,7064,gA,1.949
2026-10-09T00:44Z,7064,gP,1.999
2026-10-09T00:44Z,7066,g95e5,1.869
2026-10-09T00:44Z,7066,g98e5,2.009
2026-10-09T00:44Z,7068,gA,1.989
2026-10-09T00:44Z,7068,gP,2.079
2026-10-09T00:44Z,7071,gA,1.949
2026-10-09T00:44Z,7071,gP,1.999
2026-10-09T00:44Z,7071,g98e5,1.889
2026-10-09T00:44Z,7071,g95e5p,1.889
2026-10-09T00:44Z,7082,g95e5,1.799
2026-10-09T00:44Z,7082,gA,1.925
2026-10-09T00:44Z,7082,gP,2.015
2026-10-09T00:44Z,7082,g95e5p,1.859
2026-10-09T00:44Z,7086,g95e5,1.865
2026-10-09T00:44Z,7086,gA,1.935
2026-10-09T00:44Z,7086,gP,1.995
2026-10-09T00:44Z,7086,g98e5,2.035
2026-10-09T00:44Z,7088,g95e5,1.839
2026-10-09T00:44Z,7088,gA,1.939
2026-10-09T00:44Z,7088,gP,2.019
2026-10-09T00:44Z,7088,gB,1.689
2026-10-09T00:44Z,7089,g95e5,1.835
2026-10-09T00:44Z,7089,gA,1.969
2026-10-09T00:44Z,7089,g98e5,1.855
2026-10-09T00:44Z,7089,g95e5p,1.905
2026-10-09T00:44Z,7090,g95e5,1.859
2026-10-09T00:44Z,7090,gA,1.969
2026-10-09T00:44Z,7090,gP,2.059
2026-10-09T00:44Z,7090,g98e5,1.999
2026-10-09T00:44Z,7097,gA,1.959
2026-10-09T00:44Z,7097,gP,2.049
2026-10-09T00:44Z,7100,g95e5,1.865
2026-10-09T00:44Z,7100,gA,1.925
2026-10-09T00:44Z,7100,g98e5,2.035
2026-10-09T00:44Z,7102,g95e5,1.839
2026-10-09T00:44Z,7102,gA,1.965
2026-10-09T00:44Z,7102,gP,2.055
2026-10-09T00:44Z,7102,g98e5,1.979
2026-10-09T00:44Z,7103,g95e5,1.839
2026-10-09T00:44Z,7103,gA,1.959
2026-10-09T00:44Z,7103,gP,2.069
2026-10-09T00:44Z,7103,g98e5,2.009
2026-10-09T00:44Z,7105,g95e5,1.799
2026-10-09T00:44Z,7105,gP,2.035
2026-10-09T00:44Z,7105,g98e5,1.969
2026-10-09T00:44Z,7106,g95e5,1.799
2026-10-09T00:44Z,7106,gP,2.035
2026-10-09T00:44Z,7106,g98e5,1.969
2026-10-09T00:44Z,7111,g95e5,1.895
2026-10-09T00:44Z,7111,g98e5,2.015
2026-10-09T00:44Z,7115,g95e5,1.869
2026-10-09T00:44Z,7115,g98e5,2.009
2026-10-09T00:44Z,7117,g95e5,1.799
2026-10-09T00:44Z,7117,gA,1.965
2026-10-09T00:44Z,7117,g98e5,1.969
2026-10-09T00:44Z,7119,g95e5,1.875
2026-10-09T00:44Z,7119,gA,2.009
2026-10-09T00:44Z,7119,gP,2.069
2026-10-09T00:44Z,7119,g98e5,1.995
2026-10-09T00:44Z,7120,g95e5,1.799
2026-10-09T00:44Z,7120,gA,1.965
2026-10-09T00:44Z,7120,gP,2.075
2026-10-09T00:44Z,7120,g98e5,1.969
2026-10-09T00:44Z,7120,gB,1.839
2026-10-09T00:44Z,7123,g95e5,1.855
2026-10-09T00:44Z,7123,gA,1.959
2026-10-09T00:44Z,7123,gP,2.049
2026-10-09T00:44Z,7123,g98e5,2.025
2026-10-09T00:44Z,7123,g95e5p,1.925
2026-10-09T00:44Z,7123,gB,1.839
2026-10-09T00:44Z,7129,g95e5,1.855
2026-10-09T00:44Z,7129,gA,1.949
2026-10-09T00:44Z,7129,g98e5,2.005
2026-10-09T00:44Z,7130,gA,1.959
2026-10-09T00:44Z,7130,gP,2.019
2026-10-09T00:44Z,7130,g98e5,1.959
2026-10-09T00:44Z,7131,g95e5,1.889
2026-10-09T00:44Z,7131,gA,2.005
2026-10-09T00:44Z,7131,gP,2.065
2026-10-09T00:44Z,7131,g98e5,2.049
2026-10-09T00:44Z,7134,g95e5,1.865
2026-10-09T00:44Z,7134,gA,1.939
2026-10-09T00:44Z,7134,gP,1.999
2026-10-09T00:44Z,7134,g98e5,2.035
2026-10-09T00:44Z,7134,g95e5p,1.945
2026-10-09T00:44Z,7138,g95e5,1.865
2026-10-09T00:44Z,7138,gA,1.989
2026-10-09T00:44Z,7138,g98e5,1.985
2026-10-09T00:44Z,7147,g95e5,1.849
2026-10-09T00:44Z,7147,gA,1.965
2026-10-09T00:44Z,7147,g98e5,2.019
2026-10-09T00:44Z,7149,g95e5,1.799
2026-10-09T00:44Z,7149,gA,1.925
2026-10-09T00:44Z,7149,gP,2.035
2026-10-09T00:44Z,7149,g95e5p,1.869
2026-10-09T00:44Z,7150,g95e5,1.799
2026-10-09T00:44Z,7150,gA,1.949
2026-10-09T00:44Z,7150,gP,2.059
2026-10-09T00:44Z,7151,g95e5,1.799
2026-10-09T00:44Z,7151,gA,1.925
2026-10-09T00:44Z,7151,gP,2.035
2026-10-09T00:44Z,7153,g95e5,1.799
2026-10-09T00:44Z,7153,gA,1.925
2026-10-09T00:44Z,7153,gP,2.035
2026-10-09T00:44Z,7154,g95e5,1.849
2026-10-09T00:44Z,7154,gA,1.965
2026-10-09T00:44Z,7154,gP,2.045
2026-10-09T00:44Z,7154,g98e5,1.969
2026-10-09T00:44Z,7156,g95e5,1.865
2026-10-09T00:44Z,7156,gA,1.989
2026-10-09T00:44Z,7156,gP,2.049
2026-10-09T00:44Z,7156,g98e5,2.025
2026-10-09T00:44Z,7161,g95e5,1.799
2026-10-09T00:44Z,7161,gA,1.949
2026-10-09T00:44Z,7161,gP,2.009
2026-10-09T00:44Z,7161,g98e5,1.969
2026-10-09T00:44Z,7162,g95e5,1.799
2026-10-09T00:44Z,7162,gA,1.949
2026-10-09T00:44Z,7162,gP,2.009
2026-10-09T00:44Z,7162,g98e5,1.969
2026-10-09T00:44Z,7163,g95e5,1.849
2026-10-09T00:44Z,7163,gA,1.959
2026-10-09T00:44Z,7163,gP,2.019
2026-10-09T00:44Z,7163,g98e5,1.969
2026-10-09T00:44Z,7174,g95e5,1.869
2026-10-09T00:44Z,7174,g98e5,2.009
2026-10-09T00:44Z,7176,g95e5,1.869
2026-10-09T00:44Z,7176,g98e5,2.009
2026-10-09T00:44Z,7181,g95e5,1.859
2026-10-09T00:44Z,7181,gA,1.969
2026-10-09T00:44Z,7181,gP,2.059
2026-10-09T00:44Z,7181,g98e5,1.999
2026-10-09T00:44Z,7186,g95e5,1.839
2026-10-09T00:44Z,7186,gA,1.965
2026-10-09T00:44Z,7186,gP,2.055
2026-10-09T00:44Z,7186,g98e5,1.979
2026-10-09T00:44Z,7191,g95e5,1.799
2026-10-09T00:44Z,7191,gA,1.914
2026-10-09T00:44Z,7191,gP,1.964
2026-10-09T00:44Z,7191,g95e5p,1.849
2026-10-09T00:44Z,7192,g95e5,1.869
2026-10-09T00:44Z,7192,gP,2.045
2026-10-09T00:44Z,7192,g98e5,1.989
2026-10-09T00:44Z,7192,g95e5p,1.949
2026-10-09T00:44Z,7216,gA,1.979
2026-10-09T00:44Z,7219,gA,1.999
2026-10-09T00:44Z,7222,gA,1.979
2026-10-09T00:44Z,7223,gA,1.999
2026-10-09T00:44Z,7224,gA,2.025
2026-10-09T00:44Z,7224,g98e5,2.019
2026-10-09T00:44Z,7227,g95e5,1.859
2026-10-09T00:44Z,7227,gA,1.969
2026-10-09T00:44Z,7227,gP,2.059
2026-10-09T00:44Z,7227,g98e5,1.999
2026-10-09T00:44Z,7230,g95e5,1.865
2026-10-09T00:44Z,7230,gA,1.935
2026-10-09T00:44Z,7230,gP,2.025
2026-10-09T00:44Z,7230,g98e5,2.035
2026-10-09T00:44Z,7232,g95e5,1.839
2026-10-09T00:44Z,7232,gA,1.959
2026-10-09T00:44Z,7232,gP,2.069
2026-10-09T00:44Z,7236,g95e5,1.879
2026-10-09T00:44Z,7236,gA,1.959
2026-10-09T00:44Z,7236,g98e5,1.999
2026-10-09T00:44Z,7239,g95e5,1.799
2026-10-09T00:44Z,7239,gA,1.935
2026-10-09T00:44Z,7239,gP,1.995
2026-10-09T00:44Z,7239,g98e5,1.969
2026-10-09T00:44Z,7240,g95e5,1.889
2026-10-09T00:44Z,7240,gA,2.025
2026-10-09T00:44Z,7240,gP,2.085
2026-10-09T00:44Z,7240,g98e5,2.009
2026-10-09T00:44Z,7242,gA,1.959
2026-10-09T00:44Z,7242,gP,2.019
2026-10-09T00:44Z,7243,g95e5,1.865
2026-10-09T00:44Z,7243,gP,1.985
2026-10-09T00:44Z,7243,g98e5,2.035
2026-10-09T00:44Z,7245,g95e5,1.799
2026-10-09T00:44Z,7245,gA,1.925
2026-10-09T00:44Z,7245,gP,2.015
2026-10-09T00:44Z,7245,g98e5,1.969
2026-10-09T00:44Z,7246,g95e5,1.865
2026-10-09T00:44Z,7246,gA,1.989
2026-10-09T00:44Z,7246,g98e5,1.985
2026-10-09T00:44Z,7248,g95e5,1.865
2026-10-09T00:44Z,7248,gA,1.959
2026-10-09T00:44Z,7248,g98e5,1.985
2026-10-09T00:44Z,7248,g95e5p,1.945
2026-10-09T00:44Z,7249,g95e5,1.865
2026-10-09T00:44Z,7249,gP,1.999
2026-10-09T00:44Z,7249,g98e5,2.035
2026-10-09T00:44Z,7250,g95e5,1.855
2026-10-09T00:44Z,7250,gA,1.969
2026-10-09T00:44Z,7250,gP,2.059
2026-10-09T00:44Z,7250,g98e5,1.995
2026-10-09T00:44Z,7253,g95e5,1.869
2026-10-09T00:44Z,7253,g98e5,2.009
2026-10-09T00:44Z,7257,g95e5,1.859
2026-10-09T00:44Z,7257,gA,2.025
2026-10-09T00:44Z,7257,gP,2.135
2026-10-09T00:44Z,7257,g98e5,2.029
2026-10-09T00:44Z,7257,g95e5p,1.929
2026-10-09T00:44Z,7258,gA,1.959
2026-10-09T00:44Z,7258,gP,2.049
2026-10-09T00:44Z,7263,g95e5,1.855
2026-10-09T00:44Z,7263,gA,1.979
2026-10-09T00:44Z,7263,gP,2.039
2026-10-09T00:44Z,7263,g98e5,1.975
2026-10-09T00:44Z,7265,g95e5,1.869
2026-10-09T00:44Z,7265,g98e5,2.009
2026-10-09T00:44Z,7267,g95e5,1.799
2026-10-09T00:44Z,7267,gA,1.965
2026-10-09T00:44Z,7267,g95e5p,1.869
2026-10-09T00:44Z,7267,gB,1.875
2026-10-09T00:44Z,7280,g95e5,1.855
2026-10-09T00:44Z,7280,gA,1.969
2026-10-09T00:44Z,7280,gP,2.059
2026-10-09T00:44Z,7280,g98e5,1.995
2026-10-09T00:44Z,7288,g95e5,1.839
2026-10-09T00:44Z,7288,gA,1.949
2026-10-09T00:44Z,7288,gP,2.039
2026-10-09T00:44Z,7288,g98e5,1.979
2026-10-09T00:44Z,7290,gA,1.945
2026-10-09T00:44Z,7294,gA,1.949
2026-10-09T00:44Z,7298,gA,1.949
2026-10-09T00:44Z,7317,gA,1.999
2026-10-09T00:44Z,7322,g95e5,1.855
2026-10-09T00:44Z,7322,gA,1.959
2026-10-09T00:44Z,7322,gP,2.049
2026-10-09T00:44Z,7322,g98e5,2.025
2026-10-09T00:44Z,7349,gA,1.969
2026-10-09T00:44Z,7358,g95e5,1.859
2026-10-09T00:44Z,7358,g98e5,1.999
2026-10-09T00:44Z,7361,g95e5,1.839
2026-10-09T00:44Z,7361,gA,1.965
2026-10-09T00:44Z,7361,g98e5,1.959
2026-10-09T00:44Z,7363,g95e5,1.799
2026-10-09T00:44Z,7363,gA,1.925
2026-10-09T00:44Z,7363,gP,2.005
2026-10-09T00:44Z,7364,g95e5,1.865
2026-10-09T00:44Z,7364,gA,1.955
2026-10-09T00:44Z,7364,gP,2.015
2026-10-09T00:44Z,7364,g98e5,2.035
2026-10-09T00:44Z,7370,g95e5,1.799
2026-10-09T00:44Z,7370,gA,1.925
2026-10-09T00:44Z,7370,gP,1.995
2026-10-09T00:44Z,7372,g95e5,1.799
2026-10-09T00:44Z,7372,gA,1.925
2026-10-09T00:44Z,7372,gP,2.035
2026-10-09T00:44Z,7372,gB,1.839
2026-10-09T00:44Z,7374,g95e5,1.799
2026-10-09T00:44Z,7374,gA,1.925
2026-10-09T00:44Z,7374,gP,2.035
2026-10-09T00:44Z,7374,gB,1.859
2026-10-09T00:44Z,7375,g95e5,1.799
2026-10-09T00:44Z,7375,gA,1.925
2026-10-09T00:44Z,7383,g95e5,1.815
2026-10-09T00:44Z,7383,gA,1.925
2026-10-09T00:44Z,7383,gP,1.985
2026-10-09T00:44Z,7383,g95e5p,1.875
2026-10-09T00:44Z,7389,g95e5,1.819
2026-10-09T00:44Z,7389,gA,1.989
2026-10-09T00:44Z,7389,gP,2.099
2026-10-09T00:44Z,7389,g98e5,1.989
2026-10-09T00:44Z,7390,g95e5,1.839
2026-10-09T00:44Z,7390,gA,1.959
2026-10-09T00:44Z,7390,gP,2.069
2026-10-09T00:44Z,7390,g98e5,2.009
2026-10-09T00:44Z,7395,g95e5,1.865
2026-10-09T00:44Z,7395,gA,1.989
2026-10-09T00:44Z,7395,gP,2.049
2026-10-09T00:44Z,7395,g98e5,1.985
2026-10-09T00:44Z,7396,g95e5,1.819
2026-10-09T00:44Z,7396,gA,1.989
2026-10-09T00:44Z,7396,g98e5,1.989
2026-10-09T00:44Z,7403,g95e5,1.815
2026-10-09T00:44Z,7403,gA,1.925
2026-10-09T00:44Z,7403,gP,1.985
2026-10-09T00:44Z,7403,g98e5,1.985
2026-10-09T00:44Z,7407,g95e5,1.859
2026-10-09T00:44Z,7407,gA,1.979
2026-10-09T00:44Z,7407,gP,2.069
2026-10-09T00:44Z,7407,g98e5,1.999
2026-10-09T00:44Z,7408,g95e5,1.899
2026-10-09T00:44Z,7408,gA,1.995
2026-10-09T00:44Z,7408,gP,2.055
2026-10-09T00:44Z,7408,g98e5,2.019
2026-10-09T00:44Z,7410,g95e5,1.839
2026-10-09T00:44Z,7410,gA,1.989
2026-10-09T00:44Z,7410,gP,2.049
2026-10-09T00:44Z,7410,g98e5,2.009
2026-10-09T00:44Z,7411,g95e5,1.839
2026-10-09T00:44Z,7411,gA,1.989
2026-10-09T00:44Z,7411,gP,2.049
2026-10-09T00:44Z,7411,g98e5,2.009
2026-10-09T00:44Z,7413,g95e5,1.865
2026-10-09T00:44Z,7413,gA,1.939
2026-10-09T00:44Z,7413,g98e5,2.035
2026-10-09T00:44Z,7414,g95e5,1.865
2026-10-09T00:44Z,7414,gA,1.939
2026-10-09T00:44Z,7414,g98e5,2.035
2026-10-09T00:44Z,7417,gA,1.965
2026-10-09T00:44Z,7417,gP,2.025
2026-10-09T00:44Z,7417,g98e5,1.959
2026-10-09T00:44Z,7418,g95e5,1.865
2026-10-09T00:44Z,7418,gA,1.959
2026-10-09T00:44Z,7418,g98e5,1.995
2026-10-09T00:44Z,7418,g95e5p,1.945
2026-10-09T00:44Z,7420,g95e5,1.899
2026-10-09T00:44Z,7420,gA,2.009
2026-10-09T00:44Z,7420,g98e5,2.019
2026-10-09T00:44Z,7421,g95e5,1.899
2026-10-09T00:44Z,7421,gA,2.009
2026-10-09T00:44Z,7421,g98e5,2.019
2026-10-09T00:44Z,7422,gA,1.985
2026-10-09T00:44Z,7422,gP,2.045
2026-10-09T00:44Z,7422,g98e5,1.959
2026-10-09T00:44Z,7423,gA,1.985
2026-10-09T00:44Z,7423,gP,2.045
2026-10-09T00:44Z,7423,g98e5,1.959
2026-10-09T00:44Z,7425,g95e5,1.839
2026-10-09T00:44Z,7425,gA,1.999
2026-10-09T00:44Z,7425,gP,2.059
2026-10-09T00:44Z,7425,g98e5,1.959
2026-10-09T00:44Z,7426,g95e5,1.839
2026-10-09T00:44Z,7426,gA,1.999
2026-10-09T00:44Z,7426,gP,2.059
2026-10-09T00:44Z,7426,g98e5,1.959
2026-10-09T00:44Z,7427,g95e5,1.865
2026-10-09T00:44Z,7427,gA,1.965
2026-10-09T00:44Z,7427,gP,2.025
2026-10-09T00:44Z,7427,g98e5,2.035
2026-10-09T00:44Z,7430,g95e5,1.845
2026-10-09T00:44Z,7430,gA,1.975
2026-10-09T00:44Z,7430,gP,2.035
2026-10-09T00:44Z,7430,g98e5,1.965
2026-10-09T00:44Z,7431,g95e5,1.895
2026-10-09T00:44Z,7431,gA,1.959
2026-10-09T00:44Z,7431,g98e5,2.015
2026-10-09T00:44Z,7432,g95e5,1.855
2026-10-09T00:44Z,7432,gA,1.949
2026-10-09T00:44Z,7432,gP,2.009
2026-10-09T00:44Z,7432,g98e5,2.025
2026-10-09T00:44Z,7433,g95e5,1.855
2026-10-09T00:44Z,7433,gA,1.949
2026-10-09T00:44Z,7433,g98e5,2.025
2026-10-09T00:44Z,7434,g95e5,1.859
2026-10-09T00:44Z,7434,gA,2.005
2026-10-09T00:44Z,7434,gP,2.065
2026-10-09T00:44Z,7434,g98e5,1.979
2026-10-09T00:44Z,7435,g95e5,1.865
2026-10-09T00:44Z,7435,gA,1.959
2026-10-09T00:44Z,7435,gP,2.019
2026-10-09T00:44Z,7435,g98e5,1.995
2026-10-09T00:44Z,7436,gA,2.025
2026-10-09T00:44Z,7436,gP,2.085
2026-10-09T00:44Z,7436,g98e5,2.019
2026-10-09T00:44Z,7437,g95e5,1.889
2026-10-09T00:44Z,7437,gP,2.085
2026-10-09T00:44Z,7437,g98e5,2.059
2026-10-09T00:44Z,7438,g95e5,1.799
2026-10-09T00:44Z,7438,gA,1.935
2026-10-09T00:44Z,7438,gP,1.995
2026-10-09T00:44Z,7438,g98e5,1.969
2026-10-09T00:44Z,7439,g95e5,1.859
2026-10-09T00:44Z,7439,g98e5,2.029
2026-10-09T00:44Z,7440,g95e5,1.899
2026-10-09T00:44Z,7440,gP,2.075
2026-10-09T00:44Z,7440,g98e5,2.019
2026-10-09T00:44Z,7441,g95e5,1.865
2026-10-09T00:44Z,7441,gA,1.979
2026-10-09T00:44Z,7441,gP,2.039
2026-10-09T00:44Z,7441,g98e5,2.035
2026-10-09T00:44Z,7445,g95e5,1.879
2026-10-09T00:44Z,7445,gA,1.999
2026-10-09T00:44Z,7445,gP,2.059
2026-10-09T00:44Z,7445,g98e5,1.999
2026-10-09T00:44Z,7451,g95e5,1.869
2026-10-09T00:44Z,7451,g98e5,2.009
2026-10-09T00:44Z,7457,gA,1.979
2026-10-09T00:44Z,7502,g95e5,1.809
2026-10-09T00:44Z,7502,gA,1.985
2026-10-09T00:44Z,7504,g95e5,1.769
2026-10-09T00:44Z,7504,gA,2.005
2026-10-09T00:44Z,7505,g95e5,1.795
2026-10-09T00:44Z,7505,gA,1.939
2026-10-09T00:44Z,7505,gP,2.049
2026-10-09T00:44Z,7505,g98e5,1.965
2026-10-09T00:44Z,7506,g95e5,1.789
2026-10-09T00:44Z,7506,gA,1.975
2026-10-09T00:44Z,7507,g95e5,1.799
2026-10-09T00:44Z,7507,gA,1.939
2026-10-09T00:44Z,7507,gP,2.049
2026-10-09T00:44Z,7507,g98e5,1.919
2026-10-09T00:44Z,7508,g95e5,1.795
2026-10-09T00:44Z,7508,gA,1.939
2026-10-09T00:44Z,7508,gP,1.999
2026-10-09T00:44Z,7508,g98e5,1.965
2026-10-09T00:44Z,7509,g95e5,1.805
2026-10-09T00:44Z,7509,gA,2.015
2026-10-09T00:44Z,7509,gP,2.095
2026-10-09T00:44Z,7513,g95e5,1.829
2026-10-09T00:44Z,7513,gA,1.939
2026-10-09T00:44Z,7513,gP,2.049
2026-10-09T00:44Z,7513,g98e5,1.999
2026-10-09T00:44Z,7514,g95e5,1.898
2026-10-09T00:44Z,7514,gA,1.969
2026-10-09T00:44Z,7514,gP,2.033
2026-10-09T00:44Z,7514,g98e5,1.968
2026-10-09T00:44Z,7518,gA,1.999
2026-10-09T00:44Z,7520,g95e5,1.819
2026-10-09T00:44Z,7520,gA,1.999
2026-10-09T00:44Z,7520,gP,2.089
2026-10-09T00:44Z,7520,g98e5,1.989
2026-10-09T00:44Z,7520,gB,1.769
2026-10-09T00:44Z,7522,g95e5,1.825
2026-10-09T00:44Z,7522,gA,1.999
2026-10-09T00:44Z,7522,g98e5,1.975
2026-10-09T00:44Z,7523,g95e5,1.779
2026-10-09T00:44Z,7523,gA,1.959
2026-10-09T00:44Z,7523,gP,2.069
2026-10-09T00:44Z,7524,g95e5,1.779
2026-10-09T00:44Z,7524,gA,1.959
2026-10-09T00:44Z,7525,g95e5,1.769
2026-10-09T00:44Z,7525,gA,1.939
2026-10-09T00:44Z,7526,g95e5,1.779
2026-10-09T00:44Z,7526,gA,1.945
2026-10-09T00:44Z,7526,g95e5p,1.849
2026-10-09T00:44Z,7527,g95e5,1.789
2026-10-09T00:44Z,7527,gA,1.949
2026-10-09T00:44Z,7527,g98e5,1.959
2026-10-09T00:44Z,7527,g95e5p,1.859
2026-10-09T00:44Z,7529,g95e5,1.815
2026-10-09T00:44Z,7529,gA,2.005
2026-10-09T00:44Z,7529,gP,2.065
2026-10-09T00:44Z,7529,g98e5,1.985
2026-10-09T00:44Z,7532,g95e5,1.789
2026-10-09T00:44Z,7532,gA,1.949
2026-10-09T00:44Z,7532,g98e5,1.959
2026-10-09T00:44Z,7533,g95e5,1.799
2026-10-09T00:44Z,7533,gA,1.975
2026-10-09T00:44Z,7533,gP,2.035
2026-10-09T00:44Z,7533,g98e5,1.959
2026-10-09T00:44Z,7535,g95e5,1.809
2026-10-09T00:44Z,7535,gA,1.959
2026-10-09T00:44Z,7538,g95e5,1.815
2026-10-09T00:44Z,7538,gA,2.005
2026-10-09T00:44Z,7538,gP,2.065
2026-10-09T00:44Z,7538,g98e5,1.985
2026-10-09T00:44Z,7539,g95e5,1.779
2026-10-09T00:44Z,7539,gA,1.959
2026-10-09T00:44Z,7539,gP,2.019
2026-10-09T00:44Z,7542,g95e5,1.779
2026-10-09T00:44Z,7542,gA,1.965
2026-10-09T00:44Z,7545,g95e5,1.769
2026-10-09T00:44Z,7545,gA,2.005
2026-10-09T00:44Z,7545,gP,2.065
2026-10-09T00:44Z,7547,g95e5,1.805
2026-10-09T00:44Z,7547,gA,1.999
2026-10-09T00:44Z,7547,gP,2.059
2026-10-09T00:44Z,7548,g95e5,1.815
2026-10-09T00:44Z,7548,gA,1.999
2026-10-09T00:44Z,7548,g98e5,1.945
2026-10-09T00:44Z,7549,g95e5,1.785
2026-10-09T00:44Z,7549,gA,1.989
2026-10-09T00:44Z,7550,g95e5,1.809
2026-10-09T00:44Z,7550,gA,1.965
2026-10-09T00:44Z,7550,gP,2.025
2026-10-09T00:44Z,7551,g95e5,1.825
2026-10-09T00:44Z,7551,gA,2.015
2026-10-09T00:44Z,7551,gP,2.075
2026-10-09T00:44Z,7551,g98e5,1.975
2026-10-09T00:44Z,7552,g95e5,1.835
2026-10-09T00:44Z,7552,gA,1.969
2026-10-09T00:44Z,7552,g98e5,1.955
2026-10-09T00:44Z,7553,g95e5,1.835
2026-10-09T00:44Z,7553,gA,2.015
2026-10-09T00:44Z,7553,gP,2.075
2026-10-09T00:44Z,7557,gA,1.954
2026-10-09T00:44Z,7558,g95e5,1.815
2026-10-09T00:44Z,7558,gA,1.989
2026-10-09T00:44Z,7558,g98e5,1.985
2026-10-09T00:44Z,7559,g95e5,1.835
2026-10-09T00:44Z,7559,gA,2.005
2026-10-09T00:44Z,7559,gP,2.065
2026-10-09T00:44Z,7559,g98e5,1.955
2026-10-09T00:44Z,7562,g95e5,1.779
2026-10-09T00:44Z,7562,gA,1.959
2026-10-09T00:44Z,7562,gP,2.069
2026-10-09T00:44Z,7563,g95e5,1.779
2026-10-09T00:44Z,7563,gA,1.959
2026-10-09T00:44Z,7563,gP,2.019
2026-10-09T00:44Z,7565,g95e5,1.779
2026-10-09T00:44Z,7565,gA,1.959
2026-10-09T00:44Z,7565,gP,2.069
2026-10-09T00:44Z,7569,g95e5,1.779
2026-10-09T00:44Z,7569,gP,2.069
2026-10-09T00:44Z,7570,g95e5,1.769
2026-10-09T00:44Z,7570,gA,1.939
2026-10-09T00:44Z,7570,gP,2.049
2026-10-09T00:44Z,7571,g95e5,1.769
2026-10-09T00:44Z,7571,gA,1.939
2026-10-09T00:44Z,7571,gB,1.805
2026-10-09T00:44Z,7573,g95e5,1.769
2026-10-09T00:44Z,7573,gA,1.989
2026-10-09T00:44Z,7573,g98e5,1.939
2026-10-09T00:44Z,7574,g95e5,1.805
2026-10-09T00:44Z,7574,gA,1.995
2026-10-09T00:44Z,7576,g95e5,1.829
2026-10-09T00:44Z,7576,gA,2.005
2026-10-09T00:44Z,7579,g95e5,1.769
2026-10-09T00:44Z,7579,gA,1.945
2026-10-09T00:44Z,7579,g95e5p,1.839
2026-10-09T00:44Z,7581,g95e5,1.769
2026-10-09T00:44Z,7581,gA,1.939
2026-10-09T00:44Z,7581,gP,2.049
2026-10-09T00:44Z,7581,g98e5,1.939
2026-10-09T00:44Z,7583,g95e5,1.769
2026-10-09T00:44Z,7583,gA,2.005
2026-10-09T00:44Z,7583,gP,2.015
2026-10-09T00:44Z,7583,g95e5p,1.839
2026-10-09T00:44Z,7586,g95e5,1.785
2026-10-09T00:44Z,7586,gA,1.959
2026-10-09T00:44Z,7586,g98e5,1.935
2026-10-09T00:44Z,7586,g95e5p,1.855
2026-10-09T00:44Z,7586,gB,1.715
2026-10-09T00:44Z,7588,g95e5,1.829
2026-10-09T00:44Z,7588,gA,1.999
2026-10-09T00:44Z,7588,g98e5,2.019
2026-10-09T00:44Z,7589,g95e5,1.825
2026-10-09T00:44Z,7589,gA,2.015
2026-10-09T00:44Z,7589,gP,2.075
2026-10-09T00:44Z,7591,g95e5,1.835
2026-10-09T00:44Z,7591,gA,1.979
2026-10-09T00:44Z,7591,gP,2.089
2026-10-09T00:44Z,7594,g95e5,1.809
2026-10-09T00:44Z,7594,gA,1.889
2026-10-09T00:44Z,7594,gP,1.939
2026-10-09T00:44Z,7594,g95e5p,1.859
2026-10-09T00:44Z,7652,g95e5,1.589
2026-10-09T00:44Z,7660,g95e5,1.549
2026-10-09T00:44Z,7660,gA,1.699
2026-10-09T00:44Z,7667,gA,1.699
2026-10-09T00:44Z,7679,gA,1.699
2026-10-09T00:44Z,7680,gA,1.609
2026-10-09T00:44Z,7680,gP,1.709
2026-10-09T00:44Z,7684,g95e5,1.565
2026-10-09T00:44Z,7684,gA,1.725
2026-10-09T00:44Z,7684,g98e5,1.685
2026-10-09T00:44Z,7695,g95e5,1.499
2026-10-09T00:44Z,7695,g98e5,1.609
2026-10-09T00:44Z,7714,gA,1.639
2026-10-09T00:44Z,7714,gP,1.759
2026-10-09T00:44Z,7718,gA,1.729
2026-10-09T00:44Z,7718,gP,1.849
2026-10-09T00:44Z,7737,g95e5,1.539
2026-10-09T00:44Z,7737,gA,1.689
2026-10-09T00:44Z,7737,g98e5,1.669
2026-10-09T00:44Z,7751,gA,1.974
2026-10-09T00:44Z,7751,gP,2.044
2026-10-09T00:44Z,7756,gP,2.035
2026-10-09T00:44Z,7756,g98e5,1.945
2026-10-09T00:44Z,7757,g95e5,1.815
2026-10-09T00:44Z,7757,gA,1.975
2026-10-09T00:44Z,7757,gP,2.035
2026-10-09T00:44Z,7757,g98e5,1.985
2026-10-09T00:44Z,7757,g95e5p,1.875
2026-10-09T00:44Z,7757,gB,1.789
2026-10-09T00:44Z,7761,g95e5,1.799
2026-10-09T00:44Z,7761,gA,1.965
2026-10-09T00:44Z,7761,gP,2.075
2026-10-09T00:44Z,7761,g98e5,1.969
2026-10-09T00:44Z,7767,gA,1.779
2026-10-09T00:44Z,7778,g95e5,1.569
2026-10-09T00:44Z,7778,g98e5,1.689
2026-10-09T00:44Z,7784,gA,1.739
2026-10-09T00:44Z,7784,gP,1.859
2026-10-09T00:44Z,7791,g95e5,1.503
2026-10-09T00:44Z,7791,gA,1.668
2026-10-09T00:44Z,7791,gP,1.798
2026-10-09T00:44Z,7791,g98e5,1.618
2026-10-09T00:44Z,7795,g98e5,1.689
2026-10-09T00:44Z,7817,g95e5,1.559
2026-10-09T00:44Z,7817,g98e5,1.679
2026-10-09T00:44Z,7818,gA,1.739
2026-10-09T00:44Z,7818,gP,1.859
2026-10-09T00:44Z,7834,g95e5,1.579
2026-10-09T00:44Z,7834,gA,1.729
2026-10-09T00:44Z,7834,gP,1.849
2026-10-09T00:44Z,7834,g98e5,1.709
2026-10-09T00:44Z,7941,g95e5,1.625
2026-10-09T00:44Z,7941,gA,1.719
2026-10-09T00:44Z,7941,gP,1.795
2026-10-09T00:44Z,7941,g98e5,1.695
2026-10-09T00:44Z,7943,g95e5,1.519
2026-10-09T00:44Z,7943,gA,1.619
2026-10-09T00:44Z,7943,gP,1.719
2026-10-09T00:44Z,7943,g98e5,1.629
2026-10-09T00:44Z,7982,g95e5,1.849
2026-10-09T00:44Z,7982,g98e5,1.989
2026-10-09T00:44Z,8004,gA,1.929
2026-10-09T00:44Z,8004,gP,1.999
2026-10-09T00:44Z,8011,gA,1.929
2026-10-09T00:44Z,8011,g98e5,1.949
2026-10-09T00:44Z,8058,gP,2.059
2026-10-09T00:44Z,8073,gA,1.949
2026-10-09T00:44Z,8073,gB,1.539
2026-10-09T00:44Z,8088,g95e5,1.819
2026-10-09T00:44Z,8088,gA,1.955
2026-10-09T00:44Z,8088,gP,2.035
2026-10-09T00:44Z,8088,g98e5,1.949
2026-10-09T00:44Z,8105,g95e5,1.785
2026-10-09T00:44Z,8105,gA,1.939
2026-10-09T00:44Z,8105,gP,2.029
2026-10-09T00:44Z,8127,g95e5,1.819
2026-10-09T00:44Z,8127,gP,2.025
2026-10-09T00:44Z,8127,g98e5,1.939
2026-10-09T00:44Z,8129,g95e5,1.789
2026-10-09T00:44Z,8129,gA,1.939
2026-10-09T00:44Z,8129,gP,1.999
2026-10-09T00:44Z,8129,g98e5,1.959
2026-10-09T00:44Z,8130,g95e5,1.789
2026-10-09T00:44Z,8130,gA,1.939
2026-10-09T00:44Z,8130,gP,1.999
2026-10-09T00:44Z,8130,g98e5,1.959
2026-10-09T00:44Z,8177,g95e5,1.839
2026-10-09T00:44Z,8177,gA,1.989
2026-10-09T00:44Z,8177,gP,2.079
2026-10-09T00:44Z,8177,g98e5,1.979
2026-10-09T00:44Z,8192,g95e5,1.839
2026-10-09T00:44Z,8192,gA,1.969
2026-10-09T00:44Z,8192,gP,2.079
2026-10-09T00:44Z,8201,g95e5,1.875
2026-10-09T00:44Z,8201,gA,1.965
2026-10-09T00:44Z,8201,gP,2.025
2026-10-09T00:44Z,8201,g98e5,2.025
2026-10-09T00:44Z,8250,g95e5,1.829
2026-10-09T00:44Z,8250,gA,1.925
2026-10-09T00:44Z,8250,gP,2.035
2026-10-09T00:44Z,8250,g98e5,1.999
2026-10-09T00:44Z,8250,gB,1.829
2026-10-09T00:44Z,8251,g95e5,1.899
2026-10-09T00:44Z,8251,gA,2.025
2026-10-09T00:44Z,8251,gP,2.085
2026-10-09T00:44Z,8251,g98e5,2.019
2026-10-09T00:44Z,8252,g95e5,1.885
2026-10-09T00:44Z,8252,gA,1.995
2026-10-09T00:44Z,8252,g98e5,2.005
2026-10-09T00:44Z,8253,g95e5,1.849
2026-10-09T00:44Z,8253,gA,1.935
2026-10-09T00:44Z,8253,gP,2.045
2026-10-09T00:44Z,8253,g98e5,1.969
2026-10-09T00:44Z,8266,gA,1.984
2026-10-09T00:44Z,8266,gP,2.074
2026-10-09T00:44Z,8270,g95e5,1.835
2026-10-09T00:44Z,8270,gA,1.985
2026-10-09T00:44Z,8274,g95e5,1.859
2026-10-09T00:44Z,8274,gA,1.985
2026-10-09T00:44Z,8274,gP,2.055
2026-10-09T00:44Z,8274,g98e5,1.979
2026-10-09T00:44Z,8274,g95e5p,1.919
2026-10-09T00:44Z,8275,g95e5,1.839
2026-10-09T00:44Z,8275,gA,1.935
2026-10-09T00:44Z,8275,g98e5,2.009
2026-10-09T00:44Z,8275,gB,1.845
2026-10-09T00:44Z,8277,g95e5,1.869
2026-10-09T00:44Z,8277,gA,2.009
2026-10-09T00:44Z,8277,gP,2.079
2026-10-09T00:44Z,8277,g95e5p,1.929
2026-10-09T00:44Z,8280,g95e5,1.489
2026-10-09T00:44Z,8280,gA,1.649
2026-10-09T00:44Z,8280,gP,1.719
2026-10-09T00:44Z,8280,g98e5,1.619
2026-10-09T00:44Z,8294,g95e5,1.809
2026-10-09T00:44Z,8294,gA,1.939
2026-10-09T00:44Z,8294,gP,1.989
2026-10-09T00:44Z,8294,g98e5,1.949
2026-10-09T00:44Z,8329,gA,1.985
2026-10-09T00:44Z,8329,gP,2.075
2026-10-09T00:44Z,8335,g95e5,1.839
2026-10-09T00:44Z,8335,gA,1.989
2026-10-09T00:44Z,8335,gP,2.039
2026-10-09T00:44Z,8341,gA,1.969
2026-10-09T00:44Z,8341,gP,2.059
2026-10-09T00:44Z,8342,g95e5,1.839
2026-10-09T00:44Z,8342,gA,1.989
2026-10-09T00:44Z,8342,gP,2.039
2026-10-09T00:44Z,8342,g98e5,1.979
2026-10-09T00:44Z,8344,g95e5,1.829
2026-10-09T00:44Z,8344,gA,1.925
2026-10-09T00:44Z,8344,gP,2.035
2026-10-09T00:44Z,8344,g98e5,1.999
2026-10-09T00:44Z,8344,gB,1.829
2026-10-09T00:44Z,8476,g95e5,1.775
2026-10-09T00:44Z,8476,gA,1.895
2026-10-09T00:44Z,8476,gP,1.955
2026-10-09T00:44Z,8522,g95e5,1.855
2026-10-09T00:44Z,8522,gA,1.949
2026-10-09T00:44Z,8522,g98e5,2.005
2026-10-09T00:44Z,8772,g95e5,1.579
2026-10-09T00:44Z,8772,g98e5,1.709
2026-10-09T00:44Z,8777,g95e5,1.569
2026-10-09T00:44Z,8795,g95e5,1.869
2026-10-09T00:44Z,8795,gA,1.955
2026-10-09T00:44Z,8795,gP,2.045
2026-10-09T00:44Z,8795,g98e5,2.009
2026-10-09T00:44Z,8904,g95e5,1.709
2026-10-09T00:44Z,8904,gA,1.779
2026-10-09T00:44Z,8941,g95e5,1.859
2026-10-09T00:44Z,8941,gA,1.936
2026-10-09T00:44Z,8941,gB,1.836
2026-10-09T00:44Z,8953,g95e5,1.769
2026-10-09T00:44Z,8953,gA,1.915
2026-10-09T00:44Z,9102,g95e5,1.829
2026-10-09T00:44Z,9102,g95e5p,1.879
2026-10-09T00:44Z,9104,gA,1.799
2026-10-09T00:44Z,9104,gP,1.819
2026-10-09T00:44Z,9121,gA,1.823
2026-10-09T00:44Z,9182,g95e5,1.899
2026-10-09T00:44Z,9182,g98e5,1.999
2026-10-09T00:44Z,9182,g95e5p,1.949
2026-10-09T00:44Z,9195,g95e5,1.819
2026-10-09T00:44Z,9195,gA,1.959
2026-10-09T00:44Z,9196,g95e5,1.819
2026-10-09T00:44Z,9196,gA,1.959
2026-10-09T00:44Z,9196,gP,2.019
2026-10-09T00:44Z,9198,g95e5,1.779
2026-10-09T00:44Z,9198,gA,1.899
2026-10-09T00:44Z,9212,gA,1.999
2026-10-09T00:44Z,9265,g95e5,1.889
2026-10-09T00:44Z,9265,gA,1.969
2026-10-09T00:44Z,9265,gP,2.029
2026-10-09T00:44Z,9265,g98e5,2.059
2026-10-09T00:44Z,9294,g95e5,1.859
2026-10-09T00:44Z,9294,gA,1.969
2026-10-09T00:44Z,9294,g98e5,1.979
2026-10-09T00:44Z,9303,gP,2.030
2026-10-09T00:44Z,9307,g95e5,1.805
2026-10-09T00:44Z,9307,g98e5,1.925
2026-10-09T00:44Z,9317,g95e5,1.859
2026-10-09T00:44Z,9317,gA,1.936
2026-10-09T00:44Z,9317,g98e5,1.994
2026-10-09T00:44Z,9321,g95e5,1.859
2026-10-09T00:44Z,9321,gA,1.936
2026-10-09T00:44Z,9321,g98e5,1.994
2026-10-09T00:44Z,9321,gB,1.836
2026-10-09T00:44Z,9322,g95e5,1.789
2026-10-09T00:44Z,9322,gA,1.866
2026-10-09T00:44Z,9344,g95e5,1.809
2026-10-09T00:44Z,9344,gA,1.939
2026-10-09T00:44Z,9344,gP,1.989
2026-10-09T00:44Z,9344,g95e5p,1.859
2026-10-09T00:44Z,9412,g95e5,1.859
2026-10-09T00:44Z,9412,gA,1.936
2026-10-09T00:44Z,9412,g98e5,1.994
2026-10-09T00:44Z,9412,gB,1.836
2026-10-09T00:44Z,9422,g95e5,1.799
2026-10-09T00:44Z,9422,gA,1.945
2026-10-09T00:44Z,9422,gB,1.869
2026-10-09T00:44Z,9436,g95e5,1.875
2026-10-09T00:44Z,9436,gA,2.005
2026-10-09T00:44Z,9436,gP,2.095
2026-10-09T00:44Z,9441,g95e5,1.865
2026-10-09T00:44Z,9441,gA,1.975
2026-10-09T00:44Z,9441,g98e5,1.985
2026-10-09T00:44Z,9463,g95e5,1.845
2026-10-09T00:44Z,9463,gA,1.949
2026-10-09T00:44Z,9463,gP,2.039
2026-10-09T00:44Z,9463,g98e5,1.985
2026-10-09T00:44Z,9471,g95e5,1.819
2026-10-09T00:44Z,9471,gA,1.915
2026-10-09T00:44Z,9471,g98e5,1.939
2026-10-09T00:44Z,9475,gA,1.965
2026-10-09T00:44Z,9475,gP,2.055
2026-10-09T00:44Z,9494,g95e5,1.799
2026-10-09T00:44Z,9494,gA,1.968
2026-10-09T00:44Z,9494,gP,2.059
2026-10-09T00:44Z,9494,g98e5,1.938
2026-10-09T00:44Z,9494,gB,1.824
2026-10-09T00:44Z,9499,g95e5,1.735
2026-10-09T00:44Z,9499,gA,1.895
2026-10-09T00:44Z,9499,gP,1.955
2026-10-09T00:44Z,9499,gB,1.759
2026-10-09T00:44Z,9521,g95e5,1.765
2026-10-09T00:44Z,9521,gA,1.885
2026-10-09T00:44Z,9521,g98e5,1.875
2026-10-09T00:44Z,9521,gB,1.759
2026-10-09T00:44Z,9546,g95e5,1.829
2026-10-09T00:44Z,9546,gA,1.955
2026-10-09T00:44Z,9546,gP,2.015
2026-10-09T00:44Z,9546,g95e5p,1.899
2026-10-09T00:44Z,9563,g95e5,1.855
2026-10-09T00:44Z,9563,gA,1.979
2026-10-09T00:44Z,9563,g98e5,2.025
2026-10-09T00:44Z,9571,g95e5,1.779
2026-10-09T00:44Z,9571,gA,1.959
2026-10-09T00:44Z,9572,g95e5,1.855
2026-10-09T00:44Z,9572,gA,1.959
2026-10-09T00:44Z,9572,g98e5,2.025
2026-10-09T00:44Z,9598,g95e5,1.805
2026-10-09T00:44Z,9598,g98e5,1.925
2026-10-09T00:44Z,9639,g95e5,1.809
2026-10-09T00:44Z,9639,gB,1.805
2026-10-09T00:44Z,9664,g95e5,1.607
2026-10-09T00:44Z,9664,gA,1.725
2026-10-09T00:44Z,9664,g98e5,1.716
2026-10-09T00:44Z,9708,g95e5,1.875
2026-10-09T00:44Z,9708,gA,1.945
2026-10-09T00:44Z,9708,g98e5,1.995
2026-10-09T00:44Z,9708,g95e5p,1.945
2026-10-09T00:44Z,9710,g95e5,1.805
2026-10-09T00:44Z,9710,gP,2.039
2026-10-09T00:44Z,9710,g98e5,1.975
2026-10-09T00:44Z,9732,g95e5,1.845
2026-10-09T00:44Z,9732,gA,1.949
2026-10-09T00:44Z,9732,gP,2.039
2026-10-09T00:44Z,9732,g98e5,1.985
2026-10-09T00:44Z,9748,g95e5,1.785
2026-10-09T00:44Z,9748,g98e5,1.955
2026-10-09T00:44Z,9748,gB,1.855
2026-10-09T00:44Z,9771,gA,1.919
2026-10-09T00:44Z,9771,gP,2.009
2026-10-09T00:44Z,9777,g95e5,1.805
2026-10-09T00:44Z,9777,gA,1.949
2026-10-09T00:44Z,9777,gB,1.695
2026-10-09T00:44Z,9789,gA,1.989
2026-10-09T00:44Z,9791,g95e5,1.809
2026-10-09T00:44Z,9791,gA,1.919
2026-10-09T00:44Z,9791,g98e5,1.979
2026-10-09T00:44Z,9791,gB,1.865
2026-10-09T00:44Z,9800,g95e5,1.859
2026-10-09T00:44Z,9800,gA,1.936
2026-10-09T00:44Z,9800,g95e5p,1.994
2026-10-09T00:44Z,9800,gB,1.836
2026-10-09T00:44Z,9811,g95e5,1.820
2026-10-09T00:44Z,9811,gA,1.970
2026-10-09T00:44Z,9811,gP,2.060
2026-10-09T00:44Z,9811,g98e5,1.960
2026-10-09T00:44Z,9814,g95e5,1.835
2026-10-09T00:44Z,9814,gA,1.995
2026-10-09T00:44Z,9814,gP,2.085
2026-10-09T00:44Z,9814,g98e5,1.975
2026-10-09T00:44Z,9819,g95e5,1.775
2026-10-09T00:44Z,9819,gA,1.935
2026-10-09T00:44Z,9820,g95e5,1.775
2026-10-09T00:44Z,9820,gA,1.895
2026-10-09T00:44Z,9834,gA,1.959
2026-10-09T00:44Z,9834,gP,2.069
2026-10-09T00:44Z,9834,gB,1.775
2026-10-09T00:44Z,9836,gP,2.035
2026-10-09T00:44Z,9836,g98e5,1.979
2026-10-09T00:44Z,9845,g95e5,1.809
2026-10-09T00:44Z,9845,gA,1.915
2026-10-09T00:44Z,9845,g98e5,1.979
2026-10-09T00:44Z,9850,g95e5,1.865
2026-10-09T00:44Z,9850,gA,1.965
2026-10-09T00:44Z,9850,g98e5,2.035
2026-10-09T00:44Z,9853,g95e5,1.875
2026-10-09T00:44Z,9853,gA,1.965
2026-10-09T00:44Z,9853,g98e5,2.015
2026-10-09T00:44Z,9855,g95e5,1.885
2026-10-09T00:44Z,9855,gA,1.909
2026-10-09T00:44Z,9855,g98e5,2.055
2026-10-09T00:44Z,9857,g95e5,1.869
2026-10-09T00:44Z,9857,gA,1.889
2026-10-09T00:44Z,9857,gP,1.949
2026-10-09T00:44Z,9857,g98e5,2.039
2026-10-09T00:44Z,9860,gA,1.919
2026-10-09T00:44Z,9860,gP,2.029
2026-10-09T00:44Z,9861,gA,1.859
2026-10-09T00:44Z,9861,gB,1.759
2026-10-09T00:44Z,9863,g95e5,1.769
2026-10-09T00:44Z,9863,gA,1.955
2026-10-09T00:44Z,9863,g98e5,1.939
2026-10-09T00:44Z,9863,g95e5p,1.829
2026-10-09T00:44Z,9893,gA,1.985
2026-10-09T00:44Z,9893,gP,2.045
2026-10-09T00:44Z,9893,gB,1.865
2026-10-09T00:44Z,9916,g95e5,1.879
2026-10-09T00:44Z,9916,gA,2.005
2026-10-09T00:44Z,9916,g98e5,2.019
2026-10-09T00:44Z,9956,gA,1.819
2026-10-09T00:44Z,9956,gP,1.869
2026-10-09T00:44Z,9962,g95e5,1.735
2026-10-09T00:44Z,9962,gA,1.895
2026-10-09T00:44Z,9962,gP,1.955
2026-10-09T00:44Z,9962,gB,1.715
2026-10-09T00:44Z,9967,g95e5,1.839
2026-10-09T00:44Z,9967,gA,1.979
2026-10-09T00:44Z,9967,g98e5,2.009
2026-10-09T00:44Z,9967,gB,1.795
2026-10-09T00:44Z,9970,g95e5,1.825
2026-10-09T00:44Z,9970,gA,1.885
2026-10-09T00:44Z,9970,gP,1.965
2026-10-09T00:44Z,9970,g98e5,1.995
2026-10-09T00:44Z,9970,gB,1.795
2026-10-09T00:44Z,9974,g95e5,1.809
2026-10-09T00:44Z,9974,gA,1.959
2026-10-09T00:44Z,9974,gP,2.069
2026-10-09T00:44Z,9974,g98e5,1.979
2026-10-09T00:44Z,9997,g95e5,1.819
2026-10-09T00:44Z,9997,g98e5,1.989
2026-10-09T00:44Z,10017,g95e5,1.899
2026-10-09T00:44Z,10017,gA,1.985
2026-10-09T00:44Z,10017,gP,2.095
2026-10-09T00:44Z,10017,g98e5,2.019
2026-10-09T00:44Z,10024,gA,2.009
2026-10-09T00:44Z,10024,gB,1.809
2026-10-09T00:44Z,10039,g95e5,1.859
2026-10-09T00:44Z,10039,gA,1.935
2026-10-09T00:44Z,10039,gP,2.025
2026-10-09T00:44Z,10039,g98e5,1.999
2026-10-09T00:44Z,10041,gA,1.929
2026-10-09T00:44Z,10041,g98e5,1.949
2026-10-09T00:44Z,10044,gA,1.959
2026-10-09T00:44Z,10044,g98e5,2.009
2026-10-09T00:44Z,10051,gA,1.915
2026-10-09T00:44Z,10051,g98e5,1.939
2026-10-09T00:44Z,10057,g95e5,1.579
2026-10-09T00:44Z,10057,gA,1.709
2026-10-09T00:44Z,10057,gP,1.839
2026-10-09T00:44Z,10057,g98e5,1.699
2026-10-09T00:44Z,10076,g95e5,1.829
2026-10-09T00:44Z,10076,gA,1.999
2026-10-09T00:44Z,10076,gP,2.089
2026-10-09T00:44Z,10076,g98e5,1.969
2026-10-09T00:44Z,10077,g95e5,1.829
2026-10-09T00:44Z,10077,gA,1.985
2026-10-09T00:44Z,10077,gP,2.075
2026-10-09T00:44Z,10077,g98e5,1.969
2026-10-09T00:44Z,10105,g95e5,1.789
2026-10-09T00:44Z,10105,gA,1.879
2026-10-09T00:44Z,10105,gP,1.909
2026-10-09T00:44Z,10105,g98e5,1.889
2026-10-09T00:44Z,10108,g95e5,1.759
2026-10-09T00:44Z,10110,g95e5,2.039
2026-10-09T00:44Z,10110,gA,2.039
2026-10-09T00:44Z,10110,g98e5,2.139
2026-10-09T00:44Z,10168,gA,1.930
2026-10-09T00:44Z,10168,gP,2.000
2026-10-09T00:44Z,10195,g95e5,1.829
2026-10-09T00:44Z,10195,gA,1.999
2026-10-09T00:44Z,10195,gP,2.089
2026-10-09T00:44Z,10195,g98e5,1.969
2026-10-09T00:44Z,10212,g95e5,1.795
2026-10-09T00:44Z,10212,gA,1.959
2026-10-09T00:44Z,10212,gP,2.049
2026-10-09T00:44Z,10212,g98e5,1.935
2026-10-09T00:44Z,10217,g95e5,1.785
2026-10-09T00:44Z,10217,gA,1.935
2026-10-09T00:44Z,10217,gB,1.859
2026-10-09T00:44Z,10218,g95e5,1.805
2026-10-09T00:44Z,10218,gA,1.949
2026-10-09T00:44Z,10245,g95e5,1.649
2026-10-09T00:44Z,10245,gA,1.715
2026-10-09T00:44Z,10252,g95e5,1.829
2026-10-09T00:44Z,10252,gA,1.975
2026-10-09T00:44Z,10252,gP,2.035
2026-10-09T00:44Z,10252,g98e5,1.949
2026-10-09T00:44Z,10253,g95e5,1.809
2026-10-09T00:44Z,10253,gA,1.945
2026-10-09T00:44Z,10253,g98e5,1.999
2026-10-09T00:44Z,10254,g95e5,1.825
2026-10-09T00:44Z,10254,gA,1.939
2026-10-09T00:44Z,10254,gP,2.049
2026-10-09T00:44Z,10254,g98e5,1.985
2026-10-09T00:44Z,10256,gA,1.799
2026-10-09T00:44Z,10262,g95e5,1.795
2026-10-09T00:44Z,10262,g98e5,1.965
2026-10-09T00:44Z,10262,gB,1.775
2026-10-09T00:44Z,10270,g95e5,1.879
2026-10-09T00:44Z,10270,gA,1.919
2026-10-09T00:44Z,10270,gP,2.009
2026-10-09T00:44Z,10270,g98e5,2.019
2026-10-09T00:44Z,10290,g95e5,1.815
2026-10-09T00:44Z,10290,gA,1.909
2026-10-09T00:44Z,10290,g98e5,1.985
2026-10-09T00:44Z,10341,gA,1.944
2026-10-09T00:44Z,10341,gP,2.034
2026-10-09T00:44Z,10344,g95e5,1.769
2026-10-09T00:44Z,10344,gA,1.895
2026-10-09T00:44Z,10344,g98e5,1.939
2026-10-09T00:44Z,10344,gB,1.765
2026-10-09T00:44Z,10373,g95e5,1.769
2026-10-09T00:44Z,10373,gA,1.939
2026-10-09T00:44Z,10373,gP,1.999
2026-10-09T00:44Z,10385,g95e5,1.849
2026-10-09T00:44Z,10385,gA,1.889
2026-10-09T00:44Z,10385,g98e5,2.019
2026-10-09T00:44Z,10408,g95e5,1.845
2026-10-09T00:44Z,10408,gA,1.985
2026-10-09T00:44Z,10408,gP,2.075
2026-10-09T00:44Z,10408,g98e5,1.985
2026-10-09T00:44Z,10411,g95e5,1.839
2026-10-09T00:44Z,10411,gA,1.965
2026-10-09T00:44Z,10411,gP,2.055
2026-10-09T00:44Z,10411,g98e5,1.979
2026-10-09T00:44Z,10422,g95e5,1.769
2026-10-09T00:44Z,10422,gA,1.829
2026-10-09T00:44Z,10422,gP,1.919
2026-10-09T00:44Z,10433,g95e5,1.799
2026-10-09T00:44Z,10433,gA,1.939
2026-10-09T00:44Z,10433,gP,2.029
2026-10-09T00:44Z,10433,g98e5,1.939
2026-10-09T00:44Z,10436,g95e5,1.869
2026-10-09T00:44Z,10436,g98e5,2.009
2026-10-09T00:44Z,10450,g95e5,1.805
2026-10-09T00:44Z,10450,gA,1.945
2026-10-09T00:44Z,10450,g98e5,1.925
2026-10-09T00:44Z,10451,g95e5,1.895
2026-10-09T00:44Z,10451,gA,1.944
2026-10-09T00:44Z,10451,gP,2.036
2026-10-09T00:44Z,10451,g98e5,2.036
2026-10-09T00:44Z,10452,g95e5,1.789
2026-10-09T00:44Z,10452,gA,1.939
2026-10-09T00:44Z,10452,gP,1.999
2026-10-09T00:44Z,10452,g98e5,1.939
2026-10-09T00:44Z,10465,g95e5,1.829
2026-10-09T00:44Z,10465,gA,1.925
2026-10-09T00:44Z,10465,gP,2.015
2026-10-09T00:44Z,10465,g98e5,1.969
2026-10-09T00:44Z,10482,g95e5,1.835
2026-10-09T00:44Z,10482,gA,1.985
2026-10-09T00:44Z,10482,gP,2.075
2026-10-09T00:44Z,10482,g98e5,1.975
2026-10-09T00:44Z,10487,g95e5,1.845
2026-10-09T00:44Z,10487,gA,1.979
2026-10-09T00:44Z,10487,gP,2.069
2026-10-09T00:44Z,10487,g98e5,1.985
2026-10-09T00:44Z,10488,g95e5,1.825
2026-10-09T00:44Z,10488,gA,1.955
2026-10-09T00:44Z,10488,gP,2.045
2026-10-09T00:44Z,10488,g98e5,1.965
2026-10-09T00:44Z,10494,g95e5,1.845
2026-10-09T00:44Z,10494,gA,1.979
2026-10-09T00:44Z,10494,gP,2.069
2026-10-09T00:44Z,10494,g98e5,1.985
2026-10-09T00:44Z,10543,g95e5,1.519
2026-10-09T00:44Z,10543,gA,1.659
2026-10-09T00:44Z,10543,gP,1.759
2026-10-09T00:44Z,10543,g98e5,1.639
2026-10-09T00:44Z,10579,g95e5,1.849
2026-10-09T00:44Z,10579,gA,1.965
2026-10-09T00:44Z,10579,gP,2.045
2026-10-09T00:44Z,10579,g98e5,1.969
2026-10-09T00:44Z,10599,g95e5,1.819
2026-10-09T00:44Z,10599,gA,1.959
2026-10-09T00:44Z,10599,gP,1.999
2026-10-09T00:44Z,10599,g98e5,1.979
2026-10-09T00:44Z,10602,g95e5,1.859
2026-10-09T00:44Z,10602,gA,1.939
2026-10-09T00:44Z,10602,gP,2.029
2026-10-09T00:44Z,10602,g98e5,1.999
2026-10-09T00:44Z,10605,gA,1.967
2026-10-09T00:44Z,10605,gP,2.067
2026-10-09T00:44Z,10619,g95e5,1.775
2026-10-09T00:44Z,10619,gA,1.919
2026-10-09T00:44Z,10619,g95e5p,1.855
2026-10-09T00:44Z,10619,gB,1.785
2026-10-09T00:44Z,10633,g95e5,1.579
2026-10-09T00:44Z,10633,g98e5,1.709
2026-10-09T00:44Z,10640,g95e5,1.775
2026-10-09T00:44Z,10640,gA,1.895
2026-10-09T00:44Z,10640,g98e5,1.895
2026-10-09T00:44Z,10652,g95e5,1.809
2026-10-09T00:44Z,10652,gP,1.969
2026-10-09T00:44Z,10652,g98e5,1.979
2026-10-09T00:44Z,10662,g95e5,1.789
2026-10-09T00:44Z,10662,gA,1.935
2026-10-09T00:44Z,10662,gP,1.995
2026-10-09T00:44Z,10662,g98e5,1.959
2026-10-09T00:44Z,10663,g95e5,1.885
2026-10-09T00:44Z,10663,gA,1.909
2026-10-09T00:44Z,10663,g98e5,2.005
2026-10-09T00:44Z,10664,g95e5,1.845
2026-10-09T00:44Z,10664,gA,1.959
2026-10-09T00:44Z,10664,gP,2.019
2026-10-09T00:44Z,10664,g98e5,1.965
2026-10-09T00:44Z,10666,g95e5,1.859
2026-10-09T00:44Z,10666,gA,1.939
2026-10-09T00:44Z,10666,gP,2.049
2026-10-09T00:44Z,10666,g98e5,1.989
2026-10-09T00:44Z,10668,g95e5,1.789
2026-10-09T00:44Z,10668,gA,1.909
2026-10-09T00:44Z,10668,gP,1.969
2026-10-09T00:44Z,10668,g98e5,1.919
2026-10-09T00:44Z,10671,gA,1.899
2026-10-09T00:44Z,10682,g95e5,1.875
2026-10-09T00:44Z,10682,gA,1.969
2026-10-09T00:44Z,10682,g98e5,2.035
2026-10-09T00:44Z,10701,gA,1.939
2026-10-09T00:44Z,10705,g95e5,1.760
2026-10-09T00:44Z,10705,gA,1.860
2026-10-09T00:44Z,10705,gP,1.920
2026-10-09T00:44Z,10710,g95e5,1.849
2026-10-09T00:44Z,10710,g98e5,1.989
2026-10-09T00:44Z,10720,g95e5,1.855
2026-10-09T00:44Z,10720,gA,1.969
2026-10-09T00:44Z,10720,g98e5,1.975
2026-10-09T00:44Z,10728,g95e5,1.835
2026-10-09T00:44Z,10728,gA,1.919
2026-10-09T00:44Z,10728,gP,2.009
2026-10-09T00:44Z,10728,g98e5,1.975
2026-10-09T00:44Z,10748,g95e5,1.839
2026-10-09T00:44Z,10748,gA,1.989
2026-10-09T00:44Z,10748,gP,2.079
2026-10-09T00:44Z,10757,g95e5,1.835
2026-10-09T00:44Z,10757,gP,2.025
2026-10-09T00:44Z,10757,g98e5,1.965
2026-10-09T00:44Z,10776,gA,1.899
2026-10-09T00:44Z,10777,g95e5,1.699
2026-10-09T00:44Z,10777,gA,1.809
2026-10-09T00:44Z,10777,gP,1.809
2026-10-09T00:44Z,10815,g95e5,1.869
2026-10-09T00:44Z,10815,g98e5,2.011
2026-10-09T00:44Z,10823,gA,2.009
2026-10-09T00:44Z,10823,gP,2.099
2026-10-09T00:44Z,10829,g95e5,1.799
2026-10-09T00:44Z,10829,gA,1.939
2026-10-09T00:44Z,10829,gP,2.029
2026-10-09T00:44Z,10829,g98e5,1.939
2026-10-09T00:44Z,10830,g95e5,1.805
2026-10-09T00:44Z,10830,gA,1.985
2026-10-09T00:44Z,10830,gP,2.095
2026-10-09T00:44Z,10836,g95e5,1.815
2026-10-09T00:44Z,10836,gA,1.949
2026-10-09T00:44Z,10836,gP,2.059
2026-10-09T00:44Z,10836,g98e5,1.985
2026-10-09T00:44Z,10837,g95e5,1.815
2026-10-09T00:44Z,10837,gA,1.949
2026-10-09T00:44Z,10837,gP,2.059
2026-10-09T00:44Z,10837,g98e5,1.985
2026-10-09T00:44Z,10843,g95e5,1.729
2026-10-09T00:44Z,10843,gA,1.935
2026-10-09T00:44Z,10843,gP,1.985
2026-10-09T00:44Z,10843,g98e5,1.889
2026-10-09T00:44Z,10847,gA,1.945
2026-10-09T00:44Z,10847,gP,2.035
2026-10-09T00:44Z,10855,gA,2.005
2026-10-09T00:44Z,10855,gP,2.065
2026-10-09T00:44Z,10855,g98e5,1.955
2026-10-09T00:44Z,10860,g95e5,1.825
2026-10-09T00:44Z,10860,gA,1.985
2026-10-09T00:44Z,10860,g98e5,1.945
2026-10-09T00:44Z,10861,g95e5,1.875
2026-10-09T00:44Z,10861,gA,1.959
2026-10-09T00:44Z,10861,gP,2.019
2026-10-09T00:44Z,10861,g98e5,1.995
2026-10-09T00:44Z,10861,gB,1.865
2026-10-09T00:44Z,10862,g95e5,1.869
2026-10-09T00:44Z,10862,gA,1.955
2026-10-09T00:44Z,10862,gP,2.015
2026-10-09T00:44Z,10862,g98e5,1.989
2026-10-09T00:44Z,10863,g95e5,1.865
2026-10-09T00:44Z,10863,gA,1.985
2026-10-09T00:44Z,10863,gP,2.045
2026-10-09T00:44Z,10863,g98e5,1.985
2026-10-09T00:44Z,10864,g95e5,1.839
2026-10-09T00:44Z,10864,gA,1.925
2026-10-09T00:44Z,10864,gP,2.035
2026-10-09T00:44Z,10864,g98e5,1.959
2026-10-09T00:44Z,10864,gB,1.775
2026-10-09T00:44Z,10865,g95e5,1.819
2026-10-09T00:44Z,10865,gA,1.919
2026-10-09T00:44Z,10865,gP,1.979
2026-10-09T00:44Z,10865,g98e5,1.939
2026-10-09T00:44Z,10867,g95e5,1.845
2026-10-09T00:44Z,10867,gA,1.959
2026-10-09T00:44Z,10867,g98e5,1.965
2026-10-09T00:44Z,10867,g95e5p,1.905
2026-10-09T00:44Z,10868,g95e5,1.895
2026-10-09T00:44Z,10868,gA,2.005
2026-10-09T00:44Z,10868,g98e5,2.015
2026-10-09T00:44Z,10869,g95e5,1.859
2026-10-09T00:44Z,10869,gA,1.989
2026-10-09T00:44Z,10869,g98e5,2.019
2026-10-09T00:44Z,10870,g95e5,1.859
2026-10-09T00:44Z,10870,gA,1.989
2026-10-09T00:44Z,10870,g98e5,2.019
2026-10-09T00:44Z,10872,gA,1.889
2026-10-09T00:44Z,10872,g98e5,1.995
2026-10-09T00:44Z,10873,g95e5,1.869
2026-10-09T00:44Z,10873,gA,1.889
2026-10-09T00:44Z,10873,gP,1.949
2026-10-09T00:44Z,10873,g98e5,2.039
2026-10-09T00:44Z,10874,g95e5,1.879
2026-10-09T00:44Z,10874,gA,1.909
2026-10-09T00:44Z,10874,gP,1.969
2026-10-09T00:44Z,10874,g98e5,2.049
2026-10-09T00:44Z,10875,gA,1.909
2026-10-09T00:44Z,10875,g98e5,1.985
2026-10-09T00:44Z,10876,g95e5,1.835
2026-10-09T00:44Z,10876,gA,1.979
2026-10-09T00:44Z,10876,g98e5,1.985
2026-10-09T00:44Z,10876,g95e5p,1.905
2026-10-09T00:44Z,10876,gB,1.805
2026-10-09T00:44Z,10877,g95e5,1.795
2026-10-09T00:44Z,10877,gA,1.959
2026-10-09T00:44Z,10877,g98e5,1.965
2026-10-09T00:44Z,10878,g95e5,1.795
2026-10-09T00:44Z,10878,gA,1.959
2026-10-09T00:44Z,10878,g98e5,1.965
2026-10-09T00:44Z,10879,gA,1.919
2026-10-09T00:44Z,10879,gP,1.979
2026-10-09T00:44Z,10879,g98e5,1.949
2026-10-09T00:44Z,10880,g95e5,1.809
2026-10-09T00:44Z,10880,gA,1.995
2026-10-09T00:44Z,10880,g98e5,1.939
2026-10-09T00:44Z,10881,g95e5,1.859
2026-10-09T00:44Z,10881,gA,1.945
2026-10-09T00:44Z,10881,gP,2.055
2026-10-09T00:44Z,10881,g98e5,1.979
2026-10-09T00:44Z,10882,g95e5,1.875
2026-10-09T00:44Z,10882,gA,1.995
2026-10-09T00:44Z,10882,g98e5,2.045
2026-10-09T00:44Z,10883,gA,1.935
2026-10-09T00:44Z,10883,gP,1.995
2026-10-09T00:44Z,10883,g98e5,1.935
2026-10-09T00:44Z,10884,g95e5,1.825
2026-10-09T00:44Z,10884,gA,2.019
2026-10-09T00:44Z,10884,g98e5,1.995
2026-10-09T00:44Z,10885,gP,2.059
2026-10-09T00:44Z,10886,g95e5,1.845
2026-10-09T00:44Z,10886,gA,1.965
2026-10-09T00:44Z,10886,g98e5,2.015
2026-10-09T00:44Z,10887,g95e5,1.849
2026-10-09T00:44Z,10887,gA,1.975
2026-10-09T00:44Z,10887,g98e5,1.969
2026-10-09T00:44Z,10888,g95e5,1.885
2026-10-09T00:44Z,10888,gA,1.979
2026-10-09T00:44Z,10888,g98e5,2.005
2026-10-09T00:44Z,10889,g95e5,1.875
2026-10-09T00:44Z,10889,gA,1.989
2026-10-09T00:44Z,10889,g98e5,1.995
2026-10-09T00:44Z,10890,gA,1.995
2026-10-09T00:44Z,10890,g98e5,2.005
2026-10-09T00:44Z,10891,g95e5,1.849
2026-10-09T00:44Z,10891,gA,1.909
2026-10-09T00:44Z,10891,g98e5,1.969
2026-10-09T00:44Z,10892,g95e5,1.875
2026-10-09T00:44Z,10892,gA,1.969
2026-10-09T00:44Z,10892,g98e5,1.995
2026-10-09T00:44Z,10912,g95e5,1.885
2026-10-09T00:44Z,10912,gA,1.965
2026-10-09T00:44Z,10912,g98e5,2.005
2026-10-09T00:44Z,10923,g95e5,1.789
2026-10-09T00:44Z,10923,gA,1.929
2026-10-09T00:44Z,10923,gP,2.039
2026-10-09T00:44Z,10923,g98e5,1.959
2026-10-09T00:44Z,10924,g95e5,1.589
2026-10-09T00:44Z,10924,gA,1.739
2026-10-09T00:44Z,10924,gP,1.839
2026-10-09T00:44Z,10924,g98e5,1.709
2026-10-09T00:44Z,10940,g95e5,1.849
2026-10-09T00:44Z,10940,g98e5,1.989
2026-10-09T00:44Z,10941,g95e5,1.849
2026-10-09T00:44Z,10941,g98e5,1.989
2026-10-09T00:44Z,10966,g95e5,1.799
2026-10-09T00:44Z,10966,gA,1.999
2026-10-09T00:44Z,10966,gP,2.089
2026-10-09T00:44Z,10966,g98e5,1.939
2026-10-09T00:44Z,10968,g95e5,1.845
2026-10-09T00:44Z,10974,gA,1.949
2026-10-09T00:44Z,10974,g98e5,1.985
2026-10-09T00:44Z,10976,gP,2.030
2026-10-09T00:44Z,10991,gA,1.915
2026-10-09T00:44Z,10991,g98e5,1.939
2026-10-09T00:44Z,10991,gB,1.825
2026-10-09T00:44Z,10992,g95e5,1.779
2026-10-09T00:44Z,10992,gA,1.925
2026-10-09T00:44Z,10992,g98e5,1.949
2026-10-09T00:44Z,10992,gB,1.829
2026-10-09T00:44Z,10994,g95e5,1.809
2026-10-09T00:44Z,11008,g95e5,1.835
2026-10-09T00:44Z,11012,g95e5,1.809
2026-10-09T00:44Z,11012,gA,1.995
2026-10-09T00:44Z,11012,gP,2.055
2026-10-09T00:44Z,11012,g98e5,1.979
2026-10-09T00:44Z,11012,g95e5p,1.869
2026-10-09T00:44Z,11013,gA,1.949
2026-10-09T00:44Z,11013,gP,2.039
2026-10-09T00:44Z,11013,g98e5,1.955
2026-10-09T00:44Z,11021,g95e5,1.835
2026-10-09T00:44Z,11021,gP,2.049
2026-10-09T00:44Z,11021,g98e5,2.005
2026-10-09T00:44Z,11025,gP,2.059
2026-10-09T00:44Z,11026,g95e5,1.775
2026-10-09T00:44Z,11026,gA,1.909
2026-10-09T00:44Z,11026,g98e5,1.945
2026-10-09T00:44Z,11026,gB,1.745
2026-10-09T00:44Z,11027,g95e5,1.849
2026-10-09T00:44Z,11027,g98e5,1.989
2026-10-09T00:44Z,11033,g95e5,1.779
2026-10-09T00:44Z,11033,gA,1.959
2026-10-09T00:44Z,11060,g95e5,1.849
2026-10-09T00:44Z,11060,gA,1.929
2026-10-09T00:44Z,11060,g98e5,2.049
2026-10-09T00:44Z,11060,gB,1.829
2026-10-09T00:44Z,11080,g95e5,1.825
2026-10-09T00:44Z,11080,gA,1.899
2026-10-09T00:44Z,11080,g98e5,1.945
2026-10-09T00:44Z,11084,g95e5,1.895
2026-10-09T00:44Z,11084,gA,2.019
2026-10-09T00:44Z,11084,gP,2.109
2026-10-09T00:44Z,11084,g98e5,2.015
2026-10-09T00:44Z,11087,g95e5,1.829
2026-10-09T00:44Z,11087,gA,1.975
2026-10-09T00:44Z,11087,gP,2.075
2026-10-09T00:44Z,11087,g98e5,1.959
2026-10-09T00:44Z,11088,g95e5,1.835
2026-10-09T00:44Z,11088,gA,1.959
2026-10-09T00:44Z,11088,g98e5,1.955
2026-10-09T00:44Z,11097,g95e5,1.825
2026-10-09T00:44Z,11097,gA,1.989
2026-10-09T00:44Z,11097,g98e5,1.995
2026-10-09T00:44Z,11097,gB,1.859
2026-10-09T00:44Z,11116,g95e5,1.789
2026-10-09T00:44Z,11116,gA,1.899
2026-10-09T00:44Z,11116,gP,1.939
2026-10-09T00:44Z,11116,g98e5,1.959
2026-10-09T00:44Z,11126,g95e5,1.865
2026-10-09T00:44Z,11126,gP,2.015
2026-10-09T00:44Z,11126,g98e5,1.985
2026-10-09T00:44Z,11127,g95e5,1.885
2026-10-09T00:44Z,11127,gA,1.925
2026-10-09T00:44Z,11127,gP,2.015
2026-10-09T00:44Z,11127,g98e5,2.025
2026-10-09T00:44Z,11130,gA,1.901
2026-10-09T00:44Z,11130,gB,1.813
2026-10-09T00:44Z,11131,gB,1.813
2026-10-09T00:44Z,11137,gP,2.059
2026-10-09T00:44Z,11140,gA,1.959
2026-10-09T00:44Z,11140,gP,2.039
2026-10-09T00:44Z,11140,g98e5,1.939
2026-10-09T00:44Z,11140,g95e5p,1.899
2026-10-09T00:44Z,11142,gA,1.965
2026-10-09T00:44Z,11158,gP,2.059
2026-10-09T00:44Z,11158,gB,1.809
2026-10-09T00:44Z,11160,g95e5,1.835
2026-10-09T00:44Z,11160,gA,1.965
2026-10-09T00:44Z,11160,gP,2.055
2026-10-09T00:44Z,11160,g98e5,1.975
2026-10-09T00:44Z,11165,g95e5,1.865
2026-10-09T00:44Z,11165,gA,1.969
2026-10-09T00:44Z,11165,g98e5,1.985
2026-10-09T00:44Z,11167,g95e5,1.849
2026-10-09T00:44Z,11167,gA,1.969
2026-10-09T00:44Z,11167,gP,2.059
2026-10-09T00:44Z,11167,g98e5,1.989
2026-10-09T00:44Z,11170,g95e5,1.775
2026-10-09T00:44Z,11170,gA,1.909
2026-10-09T00:44Z,11170,g98e5,1.895
2026-10-09T00:44Z,11178,g95e5,1.869
2026-10-09T00:44Z,11178,g98e5,2.009
2026-10-09T00:44Z,11180,gA,1.960
2026-10-09T00:44Z,11181,g95e5,1.775
2026-10-09T00:44Z,11181,gA,1.919
2026-10-09T00:44Z,11181,gP,2.029
2026-10-09T00:44Z,11181,g98e5,1.945
2026-10-09T00:44Z,11185,g95e5,1.839
2026-10-09T00:44Z,11185,gA,1.989
2026-10-09T00:44Z,11185,gP,2.079
2026-10-09T00:44Z,11185,g98e5,1.979
2026-10-09T00:44Z,11189,g95e5,1.865
2026-10-09T00:44Z,11189,gA,1.959
2026-10-09T00:44Z,11189,g98e5,2.005
2026-10-09T00:44Z,11228,g95e5,1.824
2026-10-09T00:44Z,11228,gA,1.974
2026-10-09T00:44Z,11228,gP,2.024
2026-10-09T00:44Z,11228,g95e5p,1.874
2026-10-09T00:44Z,11239,g95e5,1.889
2026-10-09T00:44Z,11239,gA,2.019
2026-10-09T00:44Z,11239,g98e5,2.009
2026-10-09T00:44Z,11245,g95e5,1.865
2026-10-09T00:44Z,11245,gP,2.089
2026-10-09T00:44Z,11254,gA,1.945
2026-10-09T00:44Z,11254,gP,2.055
2026-10-09T00:44Z,11254,gB,1.619
2026-10-09T00:44Z,11263,g95e5,1.839
2026-10-09T00:44Z,11263,gA,1.965
2026-10-09T00:44Z,11269,g95e5,1.799
2026-10-09T00:44Z,11269,gA,1.925
2026-10-09T00:44Z,11269,gP,2.035
2026-10-09T00:44Z,11269,gB,1.875
2026-10-09T00:44Z,11273,g95e5,1.875
2026-10-09T00:44Z,11273,gA,2.015
2026-10-09T00:44Z,11273,g98e5,2.045
2026-10-09T00:44Z,11275,g95e5,1.875
2026-10-09T00:44Z,11276,g95e5,1.849
2026-10-09T00:44Z,11276,g98e5,2.019
2026-10-09T00:44Z,11276,gB,1.865
2026-10-09T00:44Z,11293,g95e5,1.779
2026-10-09T00:44Z,11293,gA,1.959
2026-10-09T00:44Z,11293,gP,2.069
2026-10-09T00:44Z,11294,gA,1.949
2026-10-09T00:44Z,11297,g95e5,1.829
2026-10-09T00:44Z,11297,gA,1.955
2026-10-09T00:44Z,11297,gP,2.015
2026-10-09T00:44Z,11313,g95e5,1.629
2026-10-09T00:44Z,11327,g95e5,1.809
2026-10-09T00:44Z,11327,gA,1.949
2026-10-09T00:44Z,11327,gP,1.999
2026-10-09T00:44Z,11327,g95e5p,1.859
2026-10-09T00:44Z,11383,g95e5,1.869
2026-10-09T00:44Z,11383,gA,1.929
2026-10-09T00:44Z,11383,gP,2.019
2026-10-09T00:44Z,11383,g98e5,2.009
2026-10-09T00:44Z,11414,g95e5,1.835
2026-10-09T00:44Z,11414,gA,1.965
2026-10-09T00:44Z,11414,gP,2.055
2026-10-09T00:44Z,11414,g98e5,1.975
2026-10-09T00:44Z,11417,gA,1.893
2026-10-09T00:44Z,11417,gB,1.807
2026-10-09T00:44Z,11418,g95e5,1.785
2026-10-09T00:44Z,11418,gA,1.925
2026-10-09T00:44Z,11418,g98e5,1.955
2026-10-09T00:44Z,11421,g95e5,1.889
2026-10-09T00:44Z,11421,gA,2.009
2026-10-09T00:44Z,11421,gP,2.069
2026-10-09T00:44Z,11421,g98e5,2.009
2026-10-09T00:44Z,11424,g95e5,1.819
2026-10-09T00:44Z,11424,gA,1.939
2026-10-09T00:44Z,11424,gP,1.989
2026-10-09T00:44Z,11424,g98e5,1.929
2026-10-09T00:44Z,11424,g95e5p,1.899
2026-10-09T00:44Z,11427,g95e5,1.829
2026-10-09T00:44Z,11427,gA,1.975
2026-10-09T00:44Z,11427,gP,2.075
2026-10-09T00:44Z,11427,g98e5,1.959
2026-10-09T00:44Z,11428,g95e5,1.855
2026-10-09T00:44Z,11428,gA,1.905
2026-10-09T00:44Z,11428,gP,2.015
2026-10-09T00:44Z,11428,g98e5,2.015
2026-10-09T00:44Z,11443,g95e5,1.859
2026-10-09T00:44Z,11443,gA,1.936
2026-10-09T00:44Z,11443,gB,1.836
2026-10-09T00:44Z,11451,g95e5,1.849
2026-10-09T00:44Z,11451,gA,1.915
2026-10-09T00:44Z,11451,gP,2.005
2026-10-09T00:44Z,11451,g98e5,1.989
2026-10-09T00:44Z,11454,gP,2.059
2026-10-09T00:44Z,11465,g95e5,1.835
2026-10-09T00:44Z,11465,gA,1.985
2026-10-09T00:44Z,11465,gP,2.045
2026-10-09T00:44Z,11465,g98e5,2.005
2026-10-09T00:44Z,11472,g95e5,1.869
2026-10-09T00:44Z,11472,gA,1.989
2026-10-09T00:44Z,11472,g98e5,1.989
2026-10-09T00:44Z,11472,g95e5p,1.939
2026-10-09T00:44Z,11474,g95e5,1.859
2026-10-09T00:44Z,11474,gA,1.905
2026-10-09T00:44Z,11474,g98e5,2.029
2026-10-09T00:44Z,11493,g95e5,1.819
2026-10-09T00:44Z,11493,gA,1.949
2026-10-09T00:44Z,11493,gP,2.009
2026-10-09T00:44Z,11493,g98e5,1.989
2026-10-09T00:44Z,11496,g95e5,1.809
2026-10-09T00:44Z,11496,gA,1.945
2026-10-09T00:44Z,11496,gP,2.035
2026-10-09T00:44Z,11496,g98e5,1.979
2026-10-09T00:44Z,11497,g95e5,1.899
2026-10-09T00:44Z,11497,gP,2.019
2026-10-09T00:44Z,11497,g98e5,2.019
2026-10-09T00:44Z,11515,g95e5,1.799
2026-10-09T00:44Z,11515,gA,1.969
2026-10-09T00:44Z,11515,gP,2.059
2026-10-09T00:44Z,11515,g98e5,1.939
2026-10-09T00:44Z,11526,g95e5,1.809
2026-10-09T00:44Z,11526,gP,2.019
2026-10-09T00:44Z,11526,g98e5,1.929
2026-10-09T00:44Z,11526,g95e5p,1.889
2026-10-09T00:44Z,11531,gA,1.959
2026-10-09T00:44Z,11531,gP,2.049
2026-10-09T00:44Z,11534,g95e5,1.839
2026-10-09T00:44Z,11534,gA,1.975
2026-10-09T00:44Z,11534,g98e5,1.959
2026-10-09T00:44Z,11534,g95e5p,1.909
2026-10-09T00:44Z,11536,gA,1.949
2026-10-09T00:44Z,11536,gP,2.009
2026-10-09T00:44Z,11536,g98e5,1.985
2026-10-09T00:44Z,11537,gA,1.899
2026-10-09T00:44Z,11538,g95e5,1.885
2026-10-09T00:44Z,11538,gA,1.999
2026-10-09T00:44Z,11538,g98e5,2.005
2026-10-09T00:44Z,11538,g95e5p,1.955
2026-10-09T00:44Z,11546,g95e5,1.825
2026-10-09T00:44Z,11546,gA,1.975
2026-10-09T00:44Z,11546,gP,2.035
2026-10-09T00:44Z,11546,g95e5p,1.895
2026-10-09T00:44Z,11553,g95e5,1.799
2026-10-09T00:44Z,11553,g98e5,1.929
2026-10-09T00:44Z,11560,g95e5,1.889
2026-10-09T00:44Z,11560,gA,1.985
2026-10-09T00:44Z,11560,g98e5,2.009
2026-10-09T00:44Z,11560,gB,1.845
2026-10-09T00:44Z,11563,g95e5,1.809
2026-10-09T00:44Z,11563,gA,1.985
2026-10-09T00:44Z,11563,g98e5,1.949
2026-10-09T00:44Z,11564,g95e5,1.809
2026-10-09T00:44Z,11564,gA,1.985
2026-10-09T00:44Z,11564,g98e5,1.949
2026-10-09T00:44Z,11564,gB,1.805
2026-10-09T00:44Z,11575,g95e5,1.855
2026-10-09T00:44Z,11575,gA,1.979
2026-10-09T00:44Z,11575,g98e5,1.985
2026-10-09T00:44Z,11580,gA,1.965
2026-10-09T00:44Z,11580,g98e5,1.945
2026-10-09T00:44Z,11588,g95e5,1.829
2026-10-09T00:44Z,11588,gA,1.995
2026-10-09T00:44Z,11588,gP,2.085
2026-10-09T00:44Z,11588,g98e5,1.969
2026-10-09T00:44Z,11593,g95e5,1.845
2026-10-09T00:44Z,11593,gA,1.975
2026-10-09T00:44Z,11593,gP,2.035
2026-10-09T00:44Z,11593,g98e5,1.965
2026-10-09T00:44Z,11596,g95e5,1.779
2026-10-09T00:44Z,11596,gA,1.895
2026-10-09T00:44Z,11596,g98e5,1.899
2026-10-09T00:44Z,11596,g95e5p,1.849
2026-10-09T00:44Z,11634,g95e5,1.855
2026-10-09T00:44Z,11634,gA,1.969
2026-10-09T00:44Z,11634,gB,1.935
2026-10-09T00:44Z,11643,g95e5,1.829
2026-10-09T00:44Z,11643,gA,1.999
2026-10-09T00:44Z,11643,gP,2.089
2026-10-09T00:44Z,11643,g98e5,1.969
2026-10-09T00:44Z,11648,g95e5,1.859
2026-10-09T00:44Z,11648,gA,1.969
2026-10-09T00:44Z,11648,gP,2.019
2026-10-09T00:44Z,11648,gB,1.809
2026-10-09T00:44Z,11651,gA,1.959
2026-10-09T00:44Z,11655,g95e5,1.865
2026-10-09T00:44Z,11655,gA,1.919
2026-10-09T00:44Z,11655,gP,2.009
2026-10-09T00:44Z,11655,g98e5,2.005
2026-10-09T00:44Z,11661,gA,1.999
2026-10-09T00:44Z,11661,g98e5,1.999
2026-10-09T00:44Z,11662,gA,1.999
2026-10-09T00:44Z,11662,g98e5,1.999
2026-10-09T00:44Z,11665,g95e5,1.739
2026-10-09T00:44Z,11665,gA,1.819
2026-10-09T00:44Z,11665,g98e5,1.919
2026-10-09T00:44Z,11669,g95e5,1.805
2026-10-09T00:44Z,11669,gA,1.939
2026-10-09T00:44Z,11669,g98e5,1.925
2026-10-09T00:44Z,11671,g95e5,1.895
2026-10-09T00:44Z,11671,gA,1.944
2026-10-09T00:44Z,11671,gP,2.036
2026-10-09T00:44Z,11671,g98e5,2.036
2026-10-09T00:44Z,11674,g95e5,1.798
2026-10-09T00:44Z,11674,g95e5p,1.878
2026-10-09T00:44Z,11680,gA,1.939
2026-10-09T00:44Z,11680,gP,2.079
2026-10-09T00:44Z,11680,g98e5,2.039
2026-10-09T00:44Z,11691,g95e5,1.825
2026-10-09T00:44Z,11691,gA,1.919
2026-10-09T00:44Z,11691,gP,2.009
2026-10-09T00:44Z,11691,g98e5,1.965
2026-10-09T00:44Z,11696,g95e5,1.845
2026-10-09T00:44Z,11696,gA,1.909
2026-10-09T00:44Z,11696,gP,2.019
2026-10-09T00:44Z,11696,g98e5,1.965
2026-10-09T00:44Z,11721,g95e5,1.529
2026-10-09T00:44Z,11721,gA,1.699
2026-10-09T00:44Z,11721,gP,1.789
2026-10-09T00:44Z,11721,g98e5,1.659
2026-10-09T00:44Z,11722,g95e5,1.855
2026-10-09T00:44Z,11722,gA,1.979
2026-10-09T00:44Z,11722,g98e5,1.985
2026-10-09T00:44Z,11724,gA,1.964
2026-10-09T00:44Z,11724,gP,2.015
2026-10-09T00:44Z,11729,g95e5,1.819
2026-10-09T00:44Z,11729,gA,1.969
2026-10-09T00:44Z,11729,gP,2.059
2026-10-09T00:44Z,11729,g98e5,1.959
2026-10-09T00:44Z,11734,g95e5,1.819
2026-10-09T00:44Z,11734,gA,1.969
2026-10-09T00:44Z,11734,gP,2.059
2026-10-09T00:44Z,11734,g98e5,1.959
2026-10-09T00:44Z,11746,g95e5,1.855
2026-10-09T00:44Z,11746,gA,1.969
2026-10-09T00:44Z,11746,gP,2.069
2026-10-09T00:44Z,11746,g98e5,2.015
2026-10-09T00:44Z,11746,gB,1.935
2026-10-09T00:44Z,11749,gA,1.929
2026-10-09T00:44Z,11755,gA,1.959
2026-10-09T00:44Z,11755,gP,2.029
2026-10-09T00:44Z,11766,g95e5,1.855
2026-10-09T00:44Z,11766,gA,1.945
2026-10-09T00:44Z,11766,gP,2.005
2026-10-09T00:44Z,11766,g98e5,1.975
2026-10-09T00:44Z,11766,g95e5p,1.935
2026-10-09T00:44Z,11767,g95e5,1.899
2026-10-09T00:44Z,11767,gA,2.015
2026-10-09T00:44Z,11767,gP,2.075
2026-10-09T00:44Z,11767,g98e5,2.019
2026-10-09T00:44Z,11768,g95e5,1.879
2026-10-09T00:44Z,11768,gA,2.019
2026-10-09T00:44Z,11768,gP,2.109
2026-10-09T00:44Z,11768,g98e5,2.019
2026-10-09T00:44Z,11777,g95e5,1.875
2026-10-09T00:44Z,11777,gA,1.905
2026-10-09T00:44Z,11777,gP,1.965
2026-10-09T00:44Z,11777,g98e5,1.995
2026-10-09T00:44Z,11786,g95e5,1.875
2026-10-09T00:44Z,11786,gA,1.945
2026-10-09T00:44Z,11786,g98e5,1.995
2026-10-09T00:44Z,11787,g95e5,1.835
2026-10-09T00:44Z,11787,gA,2.005
2026-10-09T00:44Z,11787,g98e5,1.955
2026-10-09T00:44Z,11792,gP,1.979
2026-10-09T00:44Z,11803,g95e5,1.845
2026-10-09T00:44Z,11803,gA,1.985
2026-10-09T00:44Z,11803,gP,2.075
2026-10-09T00:44Z,11803,g98e5,1.985
2026-10-09T00:44Z,11805,g95e5,1.749
2026-10-09T00:44Z,11805,gA,1.849
2026-10-09T00:44Z,11805,gP,1.899
2026-10-09T00:44Z,11805,g98e5,1.869
2026-10-09T00:44Z,11823,g95e5,1.775
2026-10-09T00:44Z,11823,gA,1.919
2026-10-09T00:44Z,11823,gP,1.979
2026-10-09T00:44Z,11823,g98e5,1.945
2026-10-09T00:44Z,11832,g95e5,1.875
2026-10-09T00:44Z,11832,g98e5,1.995
2026-10-09T00:44Z,11832,g95e5p,1.945
2026-10-09T00:44Z,11833,g95e5,1.825
2026-10-09T00:44Z,11833,gA,1.969
2026-10-09T00:44Z,11833,g98e5,1.995
2026-10-09T00:44Z,11834,g95e5,1.825
2026-10-09T00:44Z,11834,gA,1.969
2026-10-09T00:44Z,11834,g98e5,1.995
2026-10-09T00:44Z,11852,gP,1.989
2026-10-09T00:44Z,11852,g98e5,1.985
2026-10-09T00:44Z,11889,g95e5,1.549
2026-10-09T00:44Z,11889,gA,1.709
2026-10-09T00:44Z,11889,gP,1.799
2026-10-09T00:44Z,11889,g98e5,1.669
2026-10-09T00:44Z,11890,g95e5,1.854
2026-10-09T00:44Z,11890,g98e5,1.994
2026-10-09T00:44Z,11894,gB,1.814
2026-10-09T00:44Z,11895,g95e5,1.829
2026-10-09T00:44Z,11895,gA,1.949
2026-10-09T00:44Z,11895,gP,2.039
2026-10-09T00:44Z,11895,g98e5,1.969
2026-10-09T00:44Z,11898,g95e5,1.809
2026-10-09T00:44Z,11898,g98e5,1.949
2026-10-09T00:44Z,11904,gA,1.995
2026-10-09T00:44Z,11904,gP,2.110
2026-10-09T00:44Z,11904,gB,1.899
2026-10-09T00:44Z,11910,gA,1.975
2026-10-09T00:44Z,11911,gA,1.975
2026-10-09T00:44Z,11912,g95e5,1.845
2026-10-09T00:44Z,11912,gA,1.949
2026-10-09T00:44Z,11912,g98e5,2.015
2026-10-09T00:44Z,11912,g95e5p,1.915
2026-10-09T00:44Z,11914,g95e5,1.905
2026-10-09T00:44Z,11914,gA,2.015
2026-10-09T00:44Z,11914,g98e5,2.035
2026-10-09T00:44Z,11915,g95e5,1.805
2026-10-09T00:44Z,11915,gA,1.949
2026-10-09T00:44Z,11915,g98e5,1.975
2026-10-09T00:44Z,11920,g95e5,1.849
2026-10-09T00:44Z,11920,g98e5,1.989
2026-10-09T00:44Z,11922,g95e5,1.627
2026-10-09T00:44Z,11922,gA,1.684
2026-10-09T00:44Z,11922,gP,1.755
2026-10-09T00:44Z,11929,g95e5,1.865
2026-10-09T00:44Z,11929,gA,1.919
2026-10-09T00:44Z,11929,gP,2.009
2026-10-09T00:44Z,11929,g98e5,2.005
2026-10-09T00:44Z,11946,g95e5,1.825
2026-10-09T00:44Z,11946,gA,1.985
2026-10-09T00:44Z,11946,gP,2.045
2026-10-09T00:44Z,11946,g98e5,1.945
2026-10-09T00:44Z,11955,g95e5,1.859
2026-10-09T00:44Z,11955,gA,1.919
2026-10-09T00:44Z,11955,g98e5,1.969
2026-10-09T00:44Z,11958,g95e5,1.879
2026-10-09T00:44Z,11958,gA,2.005
2026-10-09T00:44Z,11958,gP,2.065
2026-10-09T00:44Z,11958,g98e5,1.999
2026-10-09T00:44Z,11964,g95e5,1.869
2026-10-09T00:44Z,11964,gA,1.889
2026-10-09T00:44Z,11964,g98e5,1.989
2026-10-09T00:44Z,11970,g95e5,1.805
2026-10-09T00:44Z,11970,gA,1.949
2026-10-09T00:44Z,11970,gP,2.059
2026-10-09T00:44Z,11970,g98e5,1.975
2026-10-09T00:44Z,11974,g95e5,1.825
2026-10-09T00:44Z,11974,gA,1.945
2026-10-09T00:44Z,11974,g98e5,1.945
2026-10-09T00:44Z,11974,g95e5p,1.885
2026-10-09T00:44Z,11976,g95e5,1.799
2026-10-09T00:44Z,11976,gA,1.935
2026-10-09T00:44Z,11976,gP,2.025
2026-10-09T00:44Z,11976,g98e5,1.939
2026-10-09T00:44Z,11986,g95e5,1.809
2026-10-09T00:44Z,11986,gA,1.949
2026-10-09T00:44Z,11986,g98e5,1.929
2026-10-09T00:44Z,11986,gB,1.745
2026-10-09T00:44Z,12008,g95e5,1.849
2026-10-09T00:44Z,12008,gA,1.945
2026-10-09T00:44Z,12008,gP,2.035
2026-10-09T00:44Z,12008,g98e5,1.989
2026-10-09T00:44Z,12009,g95e5,1.839
2026-10-09T00:44Z,12009,gA,1.929
2026-10-09T00:44Z,12009,gP,2.019
2026-10-09T00:44Z,12009,g98e5,1.979
2026-10-09T00:44Z,12013,gB,1.926
2026-10-09T00:44Z,12022,g95e5,1.835
2026-10-09T00:44Z,12022,gA,1.995
2026-10-09T00:44Z,12022,gP,2.055
2026-10-09T00:44Z,12022,g98e5,1.965
2026-10-09T00:44Z,12023,g95e5,1.835
2026-10-09T00:44Z,12023,gA,1.995
2026-10-09T00:44Z,12023,gP,2.055
2026-10-09T00:44Z,12023,g98e5,1.965
2026-10-09T00:44Z,12032,gA,1.995
2026-10-09T00:44Z,12032,gP,2.085
2026-10-09T00:44Z,12038,g95e5,1.835
2026-10-09T00:44Z,12038,gA,1.935
2026-10-09T00:44Z,12038,gP,1.995
2026-10-09T00:44Z,12038,g98e5,1.955
2026-10-09T00:44Z,12044,g95e5,1.865
2026-10-09T00:44Z,12044,gA,2.025
2026-10-09T00:44Z,12044,gP,2.085
2026-10-09T00:44Z,12044,g98e5,1.985
2026-10-09T00:44Z,12045,g95e5,1.875
2026-10-09T00:44Z,12045,gA,1.999
2026-10-09T00:44Z,12045,g98e5,1.995
2026-10-09T00:44Z,12046,g95e5,1.875
2026-10-09T00:44Z,12046,gA,1.999
2026-10-09T00:44Z,12046,g98e5,1.995
2026-10-09T00:44Z,12053,g95e5,1.865
2026-10-09T00:44Z,12053,gA,1.969
2026-10-09T00:44Z,12053,gP,2.059
2026-10-09T00:44Z,12053,g98e5,2.005
2026-10-09T00:44Z,12054,g95e5,1.859
2026-10-09T00:44Z,12054,gA,1.975
2026-10-09T00:44Z,12054,gP,2.065
2026-10-09T00:44Z,12054,g98e5,1.999
2026-10-09T00:44Z,12077,gP,1.698
2026-10-09T00:44Z,12084,g95e5,1.509
2026-10-09T00:44Z,12084,g98e5,1.639
2026-10-09T00:44Z,12096,g98e5,2.005
2026-10-09T00:44Z,12111,gA,1.900
2026-10-09T00:44Z,12115,gA,1.879
2026-10-09T00:44Z,12119,g95e5,1.789
2026-10-09T00:44Z,12119,gA,1.879
2026-10-09T00:44Z,12119,gP,1.929
2026-10-09T00:44Z,12119,g98e5,1.889
2026-10-09T00:44Z,12120,g95e5,1.875
2026-10-09T00:44Z,12120,gA,1.935
2026-10-09T00:44Z,12124,g95e5,1.859
2026-10-09T00:44Z,12124,gA,1.999
2026-10-09T00:44Z,12124,gP,2.059
2026-10-09T00:44Z,12124,g98e5,1.979
2026-10-09T00:44Z,12125,g95e5,1.859
2026-10-09T00:44Z,12125,gA,1.999
2026-10-09T00:44Z,12125,gP,2.059
2026-10-09T00:44Z,12125,g98e5,1.979
2026-10-09T00:44Z,12132,g95e5,1.839
2026-10-09T00:44Z,12132,gA,1.949
2026-10-09T00:44Z,12132,gP,2.039
2026-10-09T00:44Z,12132,g98e5,1.979
2026-10-09T00:44Z,12140,gA,1.979
2026-10-09T00:44Z,12145,gA,1.759
2026-10-09T00:44Z,12145,gP,1.779
2026-10-09T00:44Z,12158,gP,2.065
2026-10-09T00:44Z,12158,g98e5,1.979
2026-10-09T00:44Z,12159,gP,2.065
2026-10-09T00:44Z,12159,g98e5,1.979
2026-10-09T00:44Z,12189,g95e5,1.679
2026-10-09T00:44Z,12193,g95e5,1.905
2026-10-09T00:44Z,12193,gA,2.015
2026-10-09T00:44Z,12193,g98e5,2.035
2026-10-09T00:44Z,12202,g95e5,1.835
2026-10-09T00:44Z,12202,gA,1.959
2026-10-09T00:44Z,12202,gP,2.069
2026-10-09T00:44Z,12202,g98e5,2.005
2026-10-09T00:44Z,12223,g95e5,1.709
2026-10-09T00:44Z,12223,gA,1.839
2026-10-09T00:44Z,12223,gP,1.889
2026-10-09T00:44Z,12223,g95e5p,1.759
2026-10-09T00:44Z,12232,g95e5,1.879
2026-10-09T00:44Z,12232,gP,2.005
2026-10-09T00:44Z,12232,g98e5,1.999
2026-10-09T00:44Z,12239,g95e5,1.885
2026-10-09T00:44Z,12239,g98e5,2.005
2026-10-09T00:44Z,12247,gA,2.015
2026-10-09T00:44Z,12247,g98e5,1.955
2026-10-09T00:44Z,12259,gA,1.934
2026-10-09T00:44Z,12283,g95e5,1.865
2026-10-09T00:44Z,12283,gA,1.925
2026-10-09T00:44Z,12283,gP,2.035
2026-10-09T00:44Z,12283,g98e5,2.035
2026-10-09T00:44Z,12284,g95e5,1.835
2026-10-09T00:44Z,12284,g98e5,1.975
2026-10-09T00:44Z,12290,g95e5,1.859
2026-10-09T00:44Z,12290,gA,1.999
2026-10-09T00:44Z,12290,gP,2.089
2026-10-09T00:44Z,12290,g98e5,1.999
2026-10-09T00:44Z,12305,g95e5,1.889
2026-10-09T00:44Z,12305,gA,1.999
2026-10-09T00:44Z,12305,g98e5,2.079
2026-10-09T00:44Z,12346,g95e5,1.839
2026-10-09T00:44Z,12346,gA,1.965
2026-10-09T00:44Z,12346,gP,2.055
2026-10-09T00:44Z,12346,g98e5,1.979
2026-10-09T00:44Z,12350,gA,1.995
2026-10-09T00:44Z,12350,g98e5,2.005
2026-10-09T00:44Z,12351,g95e5,1.789
2026-10-09T00:44Z,12351,gA,1.949
2026-10-09T00:44Z,12351,g98e5,1.909
2026-10-09T00:44Z,12357,gA,1.959
2026-10-09T00:44Z,12360,g95e5,1.585
2026-10-09T00:44Z,12360,gA,1.775
2026-10-09T00:44Z,12370,gA,1.689
2026-10-09T00:44Z,12395,g95e5,1.889
2026-10-09T00:44Z,12395,gA,1.999
2026-10-09T00:44Z,12395,g98e5,2.059
2026-10-09T00:44Z,12396,g95e5,1.875
2026-10-09T00:44Z,12396,gA,1.965
2026-10-09T00:44Z,12396,g98e5,1.995
2026-10-09T00:44Z,12398,g95e5,1.730
2026-10-09T00:44Z,12398,gA,1.800
2026-10-09T00:44Z,12398,gP,1.850
2026-10-09T00:44Z,12401,g95e5,1.845
2026-10-09T00:44Z,12401,gA,1.919
2026-10-09T00:44Z,12401,gP,2.009
2026-10-09T00:44Z,12401,g98e5,1.987
2026-10-09T00:44Z,12425,g95e5,1.839
2026-10-09T00:44Z,12425,gA,1.929
2026-10-09T00:44Z,12425,gP,2.032
2026-10-09T00:44Z,12425,g98e5,1.987
2026-10-09T00:44Z,12472,gA,1.881
2026-10-09T00:44Z,12472,gB,1.799
2026-10-09T00:44Z,12483,g95e5,1.885
2026-10-09T00:44Z,12483,gA,1.925
2026-10-09T00:44Z,12483,gP,2.015
2026-10-09T00:44Z,12483,g98e5,2.025
2026-10-09T00:44Z,12535,g95e5,1.819
2026-10-09T00:44Z,12535,gA,1.979
2026-10-09T00:44Z,12535,gP,2.069
2026-10-09T00:44Z,12535,g98e5,1.959
2026-10-09T00:44Z,12544,gB,1.805
2026-10-09T00:44Z,12565,gA,1.764
2026-10-09T00:44Z,12572,g95e5,1.815
2026-10-09T00:44Z,12572,gA,1.945
2026-10-09T00:44Z,12572,g98e5,1.975
2026-10-09T00:44Z,12581,g95e5,1.835
2026-10-09T00:44Z,12581,gA,1.899
2026-10-09T00:44Z,12581,gP,1.989
2026-10-09T00:44Z,12581,g98e5,1.975
2026-10-09T00:44Z,12584,g95e5,1.849
2026-10-09T00:44Z,12584,gA,1.939
2026-10-09T00:44Z,12584,gP,2.029
2026-10-09T00:44Z,12584,g98e5,1.989
2026-10-09T00:44Z,12596,g95e5,1.879
2026-10-09T00:44Z,12596,gA,1.999
2026-10-09T00:44Z,12596,gP,2.089
2026-10-09T00:44Z,12605,g95e5,1.829
2026-10-09T00:44Z,12605,gA,1.909
2026-10-09T00:44Z,12605,gP,1.999
2026-10-09T00:44Z,12605,g98e5,1.969
2026-10-09T00:44Z,12612,g95e5,1.690
2026-10-09T00:44Z,12612,gA,1.780
2026-10-09T00:44Z,12620,g95e5,1.849
2026-10-09T00:44Z,12620,gA,1.899
2026-10-09T00:44Z,12623,g95e5,1.839
2026-10-09T00:44Z,12623,gA,1.969
2026-10-09T00:44Z,12623,gP,2.059
2026-10-09T00:44Z,12623,g98e5,1.979
2026-10-09T00:44Z,12624,g95e5,1.839
2026-10-09T00:44Z,12624,gA,1.989
2026-10-09T00:44Z,12624,gP,2.079
2026-10-09T00:44Z,12624,g98e5,1.979
2026-10-09T00:44Z,12650,g95e5,1.809
2026-10-09T00:44Z,12650,gP,2.019
2026-10-09T00:44Z,12650,g98e5,1.979
2026-10-09T00:44Z,12672,g95e5,1.785
2026-10-09T00:44Z,12672,gA,1.925
2026-10-09T00:44Z,12672,gP,2.035
2026-10-09T00:44Z,12672,g98e5,1.955
2026-10-09T00:44Z,12690,g95e5,1.845
2026-10-09T00:44Z,12690,gA,1.979
2026-10-09T00:44Z,12690,gP,2.069
2026-10-09T00:44Z,12690,g98e5,1.985
2026-10-09T00:44Z,12691,g95e5,1.849
2026-10-09T00:44Z,12691,gA,1.915
2026-10-09T00:44Z,12691,gP,2.005
2026-10-09T00:44Z,12691,g98e5,1.989
2026-10-09T00:44Z,12696,g95e5,1.809
2026-10-09T00:44Z,12696,gA,1.965
2026-10-09T00:44Z,12696,gP,2.055
2026-10-09T00:44Z,12696,g98e5,1.949
2026-10-09T00:44Z,12699,g95e5,1.825
2026-10-09T00:44Z,12699,gA,1.895
2026-10-09T00:44Z,12708,g95e5,1.865
2026-10-09T00:44Z,12708,gA,1.969
2026-10-09T00:44Z,12708,g98e5,1.985
2026-10-09T00:44Z,12708,gB,1.889
2026-10-09T00:44Z,12770,gA,1.865
2026-10-09T00:44Z,12774,g95e5,1.685
2026-10-09T00:44Z,12801,g95e5,1.769
2026-10-09T00:44Z,12801,gA,1.849
2026-10-09T00:44Z,12801,gP,1.899
2026-10-09T00:44Z,12801,g98e5,1.899
2026-10-09T00:44Z,12811,g95e5,1.865
2026-10-09T00:44Z,12811,gA,1.995
2026-10-09T00:44Z,12811,gP,2.085
2026-10-09T00:44Z,12811,g98e5,2.005
2026-10-09T00:44Z,12827,g95e5,1.849
2026-10-09T00:44Z,12827,g98e5,1.989
2026-10-09T00:44Z,12844,g95e5,1.809
2026-10-09T00:44Z,12844,gA,1.969
2026-10-09T00:44Z,12844,g98e5,1.929
2026-10-09T00:44Z,12846,g95e5,1.835
2026-10-09T00:44Z,12846,gA,1.895
2026-10-09T00:44Z,12846,gP,1.955
2026-10-09T00:44Z,12846,g98e5,2.005
2026-10-09T00:44Z,12847,g95e5,1.845
2026-10-09T00:44Z,12847,gA,1.985
2026-10-09T00:44Z,12847,gP,2.045
2026-10-09T00:44Z,12847,g98e5,2.015
2026-10-09T00:44Z,12871,g95e5,1.839
2026-10-09T00:44Z,12871,gA,1.969
2026-10-09T00:44Z,12871,gP,2.059
2026-10-09T00:44Z,12871,g98e5,1.979
2026-10-09T00:44Z,12887,g95e5,1.669
2026-10-09T00:44Z,12887,gA,1.779
2026-10-09T00:44Z,12910,g95e5,1.819
2026-10-09T00:44Z,12910,gA,1.959
2026-10-09T00:44Z,12910,gP,2.019
2026-10-09T00:44Z,12910,g98e5,1.929
2026-10-09T00:44Z,12918,g95e5,1.769
2026-10-09T00:44Z,12918,g98e5,1.889
2026-10-09T00:44Z,12940,g95e5,1.889
2026-10-09T00:44Z,12940,g98e5,2.009
2026-10-09T00:44Z,12940,g95e5p,1.959
2026-10-09T00:44Z,12941,g95e5,1.719
2026-10-09T00:44Z,12949,g95e5,1.869
2026-10-09T00:44Z,12949,gA,1.939
2026-10-09T00:44Z,12949,gP,2.029
2026-10-09T00:44Z,12949,g98e5,2.009
2026-10-09T00:44Z,12952,g95e5,1.685
2026-10-09T00:44Z,12967,g95e5,1.829
2026-10-09T00:44Z,12967,gA,1.969
2026-10-09T00:44Z,12967,gP,2.029
2026-10-09T00:44Z,12967,g98e5,1.949
2026-10-09T00:44Z,12968,g95e5,1.819
2026-10-09T00:44Z,12968,gP,1.975
2026-10-09T00:44Z,12990,g95e5,1.599
2026-10-09T00:44Z,13001,g95e5,1.805
2026-10-09T00:44Z,13001,gA,1.929
2026-10-09T00:44Z,13001,gP,2.019
2026-10-09T00:44Z,13001,g98e5,1.945
2026-10-09T00:44Z,13012,gA,1.729
2026-10-09T00:44Z,13012,gP,1.849
2026-10-09T00:44Z,13024,g95e5,1.789
2026-10-09T00:44Z,13046,gA,1.979
2026-10-09T00:44Z,13057,g95e5,1.789
2026-10-09T00:44Z,13057,gA,1.879
2026-10-09T00:44Z,13057,gP,1.919
2026-10-09T00:44Z,13057,g98e5,1.969
2026-10-09T00:44Z,13059,g95e5,1.829
2026-10-09T00:44Z,13059,gA,1.959
2026-10-09T00:44Z,13059,gP,2.049
2026-10-09T00:44Z,13063,g95e5,1.839
2026-10-09T00:44Z,13063,gA,1.989
2026-10-09T00:44Z,13063,gP,2.079
2026-10-09T00:44Z,13063,g98e5,1.979
2026-10-09T00:44Z,13075,g95e5,1.869
2026-10-09T00:44Z,13075,gA,1.939
2026-10-09T00:44Z,13075,gP,2.029
2026-10-09T00:44Z,13075,g98e5,2.009
2026-10-09T00:44Z,13081,g95e5,1.705
2026-10-09T00:44Z,13081,gA,1.847
2026-10-09T00:44Z,13091,gA,1.949
2026-10-09T00:44Z,13091,gP,2.009
2026-10-09T00:44Z,13104,g95e5,1.835
2026-10-09T00:44Z,13104,gA,1.999
2026-10-09T00:44Z,13104,g98e5,2.005
2026-10-09T00:44Z,13131,gA,1.949
2026-10-09T00:44Z,13146,g95e5,1.839
2026-10-09T00:44Z,13146,gA,1.889
2026-10-09T00:44Z,13146,gP,1.999
2026-10-09T00:44Z,13146,g98e5,1.959
2026-10-09T00:44Z,13167,gA,1.757
2026-10-09T00:44Z,13167,gP,1.777
2026-10-09T00:44Z,13189,g95e5,1.825
2026-10-09T00:44Z,13189,gA,2.005
2026-10-09T00:44Z,13199,g95e5,1.845
2026-10-09T00:44Z,13199,gA,1.949
2026-10-09T00:44Z,13246,g95e5,1.885
2026-10-09T00:44Z,13246,gA,1.915
2026-10-09T00:44Z,13246,gP,1.975
2026-10-09T00:44Z,13247,g95e5,1.809
2026-10-09T00:44Z,13247,gA,1.969
2026-10-09T00:44Z,13247,g98e5,1.929
2026-10-09T00:44Z,13299,g95e5,1.875
2026-10-09T00:44Z,13299,gA,1.905
2026-10-09T00:44Z,13299,gP,1.995
2026-10-09T00:44Z,13299,g98e5,2.015
2026-10-09T00:44Z,13301,g95e5,1.799
2026-10-09T00:44Z,13301,gA,1.919
2026-10-09T00:44Z,13301,gP,2.009
2026-10-09T00:44Z,13301,g98e5,1.939
2026-10-09T00:44Z,13308,g95e5,1.869
2026-10-09T00:44Z,13308,g98e5,1.989
2026-10-09T00:44Z,13308,g95e5p,1.939
2026-10-09T00:44Z,13316,g95e5,1.769
2026-10-09T00:44Z,13329,gA,1.757
2026-10-09T00:44Z,13357,g95e5,1.549
2026-10-09T00:44Z,13357,gA,1.709
2026-10-09T00:44Z,13357,gP,1.799
2026-10-09T00:44Z,13357,g98e5,1.669
2026-10-09T00:44Z,13361,g95e5,1.809
2026-10-09T00:44Z,13361,gA,1.939
2026-10-09T00:44Z,13361,gP,1.999
2026-10-09T00:44Z,13361,g98e5,1.939
2026-10-09T00:44Z,13362,g95e5,1.825
2026-10-09T00:44Z,13362,gA,1.975
2026-10-09T00:44Z,13362,gP,2.085
2026-10-09T00:44Z,13362,g98e5,1.995
2026-10-09T00:44Z,13362,gB,1.749
2026-10-09T00:44Z,13376,g95e5,1.845
2026-10-09T00:44Z,13376,gA,2.009
2026-10-09T00:44Z,13376,g98e5,1.965
2026-10-09T00:44Z,13377,gA,1.689
2026-10-09T00:44Z,13379,g95e5,1.799
2026-10-09T00:44Z,13379,gA,1.959
2026-10-09T00:44Z,13379,gP,2.019
2026-10-09T00:44Z,13379,g98e5,1.919
2026-10-09T00:44Z,13395,gA,1.775
2026-10-09T00:44Z,13418,g95e5,1.875
2026-10-09T00:44Z,13418,gA,1.945
2026-10-09T00:44Z,13418,gP,2.005
2026-10-09T00:44Z,13418,g98e5,1.995
2026-10-09T00:44Z,13434,g95e5,1.829
2026-10-09T00:44Z,13434,gA,1.889
2026-10-09T00:44Z,13434,gP,1.909
2026-10-09T00:44Z,13434,g98e5,2.039
2026-10-09T00:44Z,13434,gB,1.929
2026-10-09T00:44Z,13435,g95e5,1.787
2026-10-09T00:44Z,13435,gA,1.835
2026-10-09T00:44Z,13489,gA,1.891
2026-10-09T00:44Z,13489,gB,1.799
2026-10-09T00:44Z,13499,g95e5,1.819
2026-10-09T00:44Z,13499,gA,1.919
2026-10-09T00:44Z,13499,gP,1.959
2026-10-09T00:44Z,13499,g98e5,1.949
2026-10-09T00:44Z,13512,gA,1.919
2026-10-09T00:44Z,13512,gP,1.949
2026-10-09T00:44Z,13567,g95e5,1.865
2026-10-09T00:44Z,13567,gA,1.909
2026-10-09T00:44Z,13567,gP,1.999
2026-10-09T00:44Z,13567,g98e5,2.005
2026-10-09T00:44Z,13584,g95e5,1.649
2026-10-09T00:44Z,13584,gA,1.715
2026-10-09T00:44Z,13585,g95e5,1.649
2026-10-09T00:44Z,13585,gA,1.715
2026-10-09T00:44Z,13593,g95e5,1.649
2026-10-09T00:44Z,13593,gA,1.715
2026-10-09T00:44Z,13630,g95e5,1.835
2026-10-09T00:44Z,13630,g98e5,1.975
2026-10-09T00:44Z,13664,g95e5,1.819
2026-10-09T00:44Z,13664,gA,1.919
2026-10-09T00:44Z,13664,gP,1.959
2026-10-09T00:44Z,13664,g98e5,1.949
2026-10-09T00:44Z,13670,g95e5,1.855
2026-10-09T00:44Z,13670,gA,1.969
2026-10-09T00:44Z,13670,gP,2.059
2026-10-09T00:44Z,13670,g98e5,1.995
2026-10-09T00:44Z,13683,g95e5,1.739
2026-10-09T00:44Z,13688,g95e5,1.825
2026-10-09T00:44Z,13688,gA,1.909
2026-10-09T00:44Z,13688,gP,2.019
2026-10-09T00:44Z,13688,g98e5,1.995
2026-10-09T00:44Z,13688,g95e5p,1.905
2026-10-09T00:44Z,13695,g95e5,1.579
2026-10-09T00:44Z,13720,gA,1.935
2026-10-09T00:44Z,13720,gP,1.995
2026-10-09T00:44Z,13720,g98e5,1.985
2026-10-09T00:44Z,13747,g95e5,1.845
2026-10-09T00:44Z,13747,g98e5,2.015
2026-10-09T00:44Z,13781,g95e5,1.859
2026-10-09T00:44Z,13781,g98e5,1.929
2026-10-09T00:44Z,13784,g95e5,1.875
2026-10-09T00:44Z,13784,gA,1.965
2026-10-09T00:44Z,13784,g98e5,1.995
2026-10-09T00:44Z,13784,gB,1.805
2026-10-09T00:44Z,13823,gA,1.769
2026-10-09T00:44Z,13846,gA,1.859
2026-10-09T00:44Z,13875,g95e5,1.619
2026-10-09T00:44Z,13916,g95e5,1.889
2026-10-09T00:44Z,13916,gA,1.969
2026-10-09T00:44Z,13916,gP,2.059
2026-10-09T00:44Z,13916,g98e5,2.029
2026-10-09T00:44Z,13918,g95e5,1.865
2026-10-09T00:44Z,13918,gA,1.919
2026-10-09T00:44Z,13918,gP,2.009
2026-10-09T00:44Z,13918,g98e5,2.005
2026-10-09T00:44Z,13924,gA,1.789
2026-10-09T00:44Z,13960,g95e5,1.839
2026-10-09T00:44Z,13960,gA,1.959
2026-10-09T00:44Z,13960,g98e5,1.959
2026-10-09T00:44Z,13960,g95e5p,1.909
2026-10-09T00:44Z,13983,g95e5,1.809
2026-10-09T00:44Z,13983,gP,2.019
2026-10-09T00:44Z,13983,g98e5,1.979
2026-10-09T00:44Z,13983,g95e5p,1.879
2026-10-09T00:44Z,13985,g95e5,1.809
2026-10-09T00:44Z,13985,gA,1.955
2026-10-09T00:44Z,13985,g98e5,1.979
2026-10-09T00:44Z,13985,g95e5p,1.889
2026-10-09T00:44Z,14026,g95e5,1.789
2026-10-09T00:44Z,14026,gA,1.925
2026-10-09T00:44Z,14026,gP,2.015
2026-10-09T00:44Z,14026,g98e5,1.929
2026-10-09T00:44Z,14083,g95e5,1.689
2026-10-09T00:44Z,14107,g95e5,1.679
2026-10-09T00:44Z,14107,gA,1.749
2026-10-09T00:44Z,14107,gP,1.769
2026-10-09T00:44Z,14107,g95e5p,1.699
2026-10-09T00:44Z,14123,gP,2.039
2026-10-09T00:44Z,14143,g95e5,1.715
2026-10-09T00:44Z,14143,gA,1.735
2026-10-09T00:44Z,14143,gP,1.765
2026-10-09T00:44Z,14150,g95e5,1.809
2026-10-09T00:44Z,14150,gA,1.995
2026-10-09T00:44Z,14150,gP,2.055
2026-10-09T00:44Z,14150,g98e5,1.939
2026-10-09T00:44Z,14150,gB,1.705
2026-10-09T00:44Z,14163,g95e5,1.759
2026-10-09T00:44Z,14232,g95e5,1.845
2026-10-09T00:44Z,14232,g98e5,1.985
2026-10-09T00:44Z,14240,g95e5,1.669
2026-10-09T00:44Z,14267,gA,1.789
2026-10-09T00:44Z,14275,g95e5,1.649
2026-10-09T00:44Z,14275,gA,1.769
2026-10-09T00:44Z,14281,g95e5,1.865
2026-10-09T00:44Z,14281,gA,1.989
2026-10-09T00:44Z,14281,g98e5,1.975
2026-10-09T00:44Z,14281,g95e5p,1.935
2026-10-09T00:44Z,14312,g95e5,1.619
2026-10-09T00:44Z,14367,gA,1.935
2026-10-09T00:44Z,14367,gP,2.045
2026-10-09T00:44Z,14367,g98e5,1.985
2026-10-09T00:44Z,14390,gA,1.945
2026-10-09T00:44Z,14407,g95e5,1.835
2026-10-09T00:44Z,14407,gA,1.959
2026-10-09T00:44Z,14407,g98e5,1.955
2026-10-09T00:44Z,14407,gB,1.765
2026-10-09T00:44Z,14415,g95e5,1.825
2026-10-09T00:44Z,14415,gA,1.919
2026-10-09T00:44Z,14415,gP,1.979
2026-10-09T00:44Z,14415,g98e5,1.945
2026-10-09T00:44Z,14415,g95e5p,1.895
2026-10-09T00:44Z,14415,gB,1.775
2026-10-09T00:44Z,14430,g95e5,1.825
2026-10-09T00:44Z,14430,gA,1.945
2026-10-09T00:44Z,14430,gP,2.035
2026-10-09T00:44Z,14430,g98e5,1.965
2026-10-09T00:44Z,14434,g95e5,1.835
2026-10-09T00:44Z,14434,gA,1.959
2026-10-09T00:44Z,14434,g98e5,1.955
2026-10-09T00:44Z,14434,gB,1.765
2026-10-09T00:44Z,14447,g95e5,1.829
2026-10-09T00:44Z,14447,gP,1.919
2026-10-09T00:44Z,14447,glp,0.899
2026-10-09T00:44Z,14449,g95e5,1.719
2026-10-09T00:44Z,14449,gA,1.829
2026-10-09T00:44Z,14467,g95e5,1.669
2026-10-09T00:44Z,14467,gA,1.719
2026-10-09T00:44Z,14467,gP,1.779
2026-10-09T00:44Z,14507,g95e5,1.769
2026-10-09T00:44Z,14514,gB,1.795
2026-10-09T00:44Z,14521,gA,2.059
2026-10-09T00:44Z,14542,gA,1.789
2026-10-09T00:44Z,14547,g95e5,1.679
2026-10-09T00:44Z,14547,gA,1.749
2026-10-09T00:44Z,14563,g95e5,1.749
2026-10-09T00:44Z,14563,gA,1.849
2026-10-09T00:44Z,14563,gP,1.899
2026-10-09T00:44Z,14563,g98e5,1.869
2026-10-09T00:44Z,14569,g95e5,1.805
2026-10-09T00:44Z,14569,gA,1.929
2026-10-09T00:44Z,14569,gP,2.019
2026-10-09T00:44Z,14569,g98e5,1.945
2026-10-09T00:44Z,14571,g95e5,1.859
2026-10-09T00:44Z,14571,gA,1.969
2026-10-09T00:44Z,14574,g95e5,1.869
2026-10-09T00:44Z,14574,gA,1.925
2026-10-09T00:44Z,14585,gA,1.757
2026-10-09T00:44Z,14585,gP,1.777
2026-10-09T00:44Z,14588,g95e5,1.699
2026-10-09T00:44Z,14589,g95e5,1.689
2026-10-09T00:44Z,14589,gA,1.819
2026-10-09T00:44Z,14607,g95e5,1.649
2026-10-09T00:44Z,14607,gA,1.789
2026-10-09T00:44Z,14632,g95e5,1.799
2026-10-09T00:44Z,14632,gA,1.869
2026-10-09T00:44Z,14632,gP,1.969
2026-10-09T00:44Z,14670,g95e5,1.859
2026-10-09T00:44Z,14670,gA,1.955
2026-10-09T00:44Z,14670,gP,2.015
2026-10-09T00:44Z,14670,g98e5,1.979
2026-10-09T00:44Z,14681,gA,1.914
2026-10-09T00:44Z,14713,g95e5,1.749
2026-10-09T00:44Z,14713,gA,1.809
2026-10-09T00:44Z,14714,g95e5,1.725
2026-10-09T00:44Z,14714,gA,1.795
2026-10-09T00:44Z,14715,g95e5,1.695
2026-10-09T00:44Z,14755,g95e5,1.859
2026-10-09T00:44Z,14755,gA,1.935
2026-10-09T00:44Z,14755,gP,2.025
2026-10-09T00:44Z,14755,g98e5,2.029
2026-10-09T00:44Z,14755,g95e5p,1.919
2026-10-09T00:44Z,14760,g95e5,1.679
2026-10-09T00:44Z,14760,gA,1.829
2026-10-09T00:44Z,14804,g95e5,1.719
2026-10-09T00:44Z,14807,g95e5,1.739
2026-10-09T00:44Z,14807,gA,1.869
2026-10-09T00:44Z,14808,g95e5,1.759
2026-10-09T00:44Z,14808,gP,1.889
2026-10-09T00:44Z,14808,g98e5,1.929
2026-10-09T00:44Z,14815,gA,1.757
2026-10-09T00:44Z,14817,g95e5,1.729
2026-10-09T00:44Z,14817,gP,1.899
2026-10-09T00:44Z,14817,g98e5,1.979
2026-10-09T00:44Z,14818,g95e5,1.829
2026-10-09T00:44Z,14818,gA,2.009
2026-10-09T00:44Z,14834,g95e5,1.849
2026-10-09T00:44Z,14834,gA,1.929
2026-10-09T00:44Z,14834,gP,2.019
2026-10-09T00:44Z,14834,g98e5,1.989
2026-10-09T00:44Z,14841,g95e5,1.849
2026-10-09T00:44Z,14841,gA,1.959
2026-10-09T00:44Z,14841,gP,2.019
2026-10-09T00:44Z,14851,g95e5,1.829
2026-10-09T00:44Z,14851,gA,1.925
2026-10-09T00:44Z,14851,gP,2.015
2026-10-09T00:44Z,14851,g98e5,1.969
2026-10-09T00:44Z,14869,g95e5,1.705
2026-10-09T00:44Z,14889,g95e5,1.789
2026-10-09T00:44Z,14889,gA,1.866
2026-10-09T00:44Z,14904,gA,1.855
2026-10-09T00:44Z,14906,g95e5,1.879
2026-10-09T00:44Z,14906,gA,2.019
2026-10-09T00:44Z,14906,g98e5,2.019
2026-10-09T00:44Z,14914,g95e5,1.719
2026-10-09T00:44Z,14930,g95e5,1.699
2026-10-09T00:44Z,14954,g95e5,1.735
2026-10-09T00:44Z,14954,gA,1.809
2026-10-09T00:44Z,14959,g95e5,1.599
2026-10-09T00:44Z,14967,g95e5,1.709
2026-10-09T00:44Z,14967,gA,1.809
2026-10-09T00:44Z,14974,g95e5,1.569
2026-10-09T00:44Z,15002,g95e5,1.689
2026-10-09T00:44Z,15009,gP,2.059
2026-10-09T00:44Z,15023,g95e5,1.699
2026-10-09T00:44Z,15023,gA,1.759
2026-10-09T00:44Z,15024,g95e5,1.675
2026-10-09T00:44Z,15033,g95e5,1.879
2026-10-09T00:44Z,15033,gA,2.015
2026-10-09T00:44Z,15033,gP,2.075
2026-10-09T00:44Z,15033,g98e5,1.999
2026-10-09T00:44Z,15041,gA,1.839
2026-10-09T00:44Z,15049,gA,1.939
2026-10-09T00:44Z,15049,gP,1.999
2026-10-09T00:44Z,15049,g98e5,2.005
2026-10-09T00:44Z,15061,g95e5,1.698
2026-10-09T00:44Z,15061,gA,1.738
2026-10-09T00:44Z,15090,g95e5,1.849
2026-10-09T00:44Z,15090,gA,1.979
2026-10-09T00:44Z,15090,g98e5,1.969
2026-10-09T00:44Z,15107,gA,1.859
2026-10-09T00:44Z,15107,g98e5,1.889
2026-10-09T00:44Z,15116,g95e5,1.859
2026-10-09T00:44Z,15116,gA,1.936
2026-10-09T00:44Z,15116,g98e5,1.994
2026-10-09T00:44Z,15116,gB,1.836
2026-10-09T00:44Z,15127,g95e5,1.719
2026-10-09T00:44Z,15138,gA,1.757
2026-10-09T00:44Z,15140,g95e5,1.689
2026-10-09T00:44Z,15152,g95e5,1.649
2026-10-09T00:44Z,15152,gA,1.779
2026-10-09T00:44Z,15159,g95e5,1.699
2026-10-09T00:44Z,15161,g95e5,1.689
2026-10-09T00:44Z,15163,g95e5,1.689
2026-10-09T00:44Z,15165,gA,1.899
2026-10-09T00:44Z,15168,gA,1.855
2026-10-09T00:44Z,15170,gA,1.815
2026-10-09T00:44Z,15175,gA,1.779
2026-10-09T00:44Z,15176,g95e5,1.627
2026-10-09T00:44Z,15177,g95e5,1.689
2026-10-09T00:44Z,15185,g95e5,1.719
2026-10-09T00:44Z,15189,g95e5,1.865
2026-10-09T00:44Z,15189,gA,1.919
2026-10-09T00:44Z,15189,gP,2.009
2026-10-09T00:44Z,15189,g98e5,2.005
2026-10-09T00:44Z,15191,gB,1.917
2026-10-09T00:44Z,15206,g95e5,1.859
2026-10-09T00:44Z,15206,g95e5p,1.909
2026-10-09T00:44Z,15216,g95e5,1.699
2026-10-09T00:44Z,15217,g95e5,1.895
2026-10-09T00:44Z,15217,gA,1.905
2026-10-09T00:44Z,15217,g95e5p,1.965
2026-10-09T00:44Z,15267,g95e5,1.645
2026-10-09T00:44Z,15267,gA,1.739
2026-10-09T00:44Z,15337,gA,1.779
2026-10-09T00:44Z,15337,gP,1.779
2026-10-09T00:44Z,15357,g95e5,1.699
2026-10-09T00:44Z,15357,gA,1.779
2026-10-09T00:44Z,15433,g95e5,1.629
2026-10-09T00:44Z,15433,g98e5,1.795
2026-10-09T00:44Z,15444,gA,1.779
2026-10-09T00:44Z,15482,gA,1.779
2026-10-09T00:44Z,15497,g95e5,1.799
2026-10-09T00:44Z,15497,gA,1.969
2026-10-09T00:44Z,15497,gP,2.059
2026-10-09T00:44Z,15497,g98e5,1.939
2026-10-09T00:44Z,15504,g95e5,1.705
2026-10-09T00:44Z,15504,gA,1.869
2026-10-09T00:44Z,15545,g95e5,1.627
2026-10-09T00:44Z,15559,g95e5,1.739
2026-10-09T00:44Z,15559,gA,1.849
2026-10-09T00:44Z,15573,gA,1.789
2026-10-09T00:44Z,15574,gA,1.835
2026-10-09T00:44Z,15622,g95e5,1.725
2026-10-09T00:44Z,15622,gA,1.799
2026-10-09T00:44Z,15623,gA,1.837
2026-10-09T00:44Z,15625,gA,1.839
2026-10-09T00:44Z,15667,g95e5,1.889
2026-10-09T00:44Z,15667,gA,1.989
2026-10-09T00:44Z,15667,gP,2.009
2026-10-09T00:44Z,15667,g98e5,1.919
2026-10-09T00:44Z,15671,g95e5,1.649
2026-10-09T00:44Z,15671,gA,1.779
2026-10-09T00:44Z,15673,g95e5,1.739
2026-10-09T00:44Z,15675,g95e5,1.859
2026-10-09T00:44Z,15675,gA,1.939
2026-10-09T00:44Z,15675,g98e5,1.989
2026-10-09T00:44Z,15675,g95e5p,1.929
2026-10-09T00:44Z,15676,gA,1.949
2026-10-09T00:44Z,15676,g98e5,2.005
2026-10-09T00:44Z,15696,gA,1.815
2026-10-09T00:44Z,15701,g95e5,1.579
2026-10-09T00:44Z,15702,g95e5,1.839
2026-10-09T00:44Z,15702,gA,1.949
2026-10-09T00:44Z,15702,gP,2.069
2026-10-09T00:44Z,15702,g98e5,1.959
2026-10-09T00:44Z,15702,gB,1.829
2026-10-09T00:44Z,15724,g95e5,1.739
2026-10-09T00:44Z,15734,g95e5,1.739
2026-10-09T00:44Z,15739,g95e5,1.769
2026-10-09T00:44Z,15739,g98e5,1.909
2026-10-09T00:44Z,15745,g95e5,1.675
2026-10-09T00:44Z,15745,gA,1.795
2026-10-09T00:44Z,15765,g95e5,1.649
2026-10-09T00:44Z,15787,g95e5,1.619
2026-10-09T00:44Z,15787,gA,1.759
2026-10-09T00:44Z,15810,g95e5,1.689
2026-10-09T00:44Z,15829,gA,1.885
2026-10-09T00:44Z,15830,g95e5,1.849
2026-10-09T00:44Z,15830,gA,1.929
2026-10-09T00:44Z,15830,gP,2.019
2026-10-09T00:44Z,15830,g98e5,1.989
2026-10-09T00:44Z,15831,gA,1.769
2026-10-09T00:44Z,15844,gB,1.797
2026-10-09T00:44Z,15845,g95e5,1.785
2026-10-09T00:44Z,15845,gA,1.949
2026-10-09T00:44Z,15845,g98e5,1.955
2026-10-09T00:44Z,15870,g95e5,1.677
2026-10-09T00:44Z,15870,gA,1.707
2026-10-09T00:44Z,15887,g95e5,1.799
2026-10-09T00:44Z,15887,gA,1.959
2026-10-09T00:44Z,15904,gA,1.933
2026-10-09T00:44Z,15916,g95e5,1.729
2026-10-09T00:44Z,15924,gA,1.669
2026-10-09T00:44Z,15927,gA,1.669
2026-10-09T00:44Z,15935,gA,1.819
2026-10-09T00:44Z,15940,g95e5,1.845
2026-10-09T00:44Z,15940,gA,1.949
2026-10-09T00:44Z,15940,gP,2.039
2026-10-09T00:44Z,15940,g98e5,1.985
2026-10-09T00:44Z,15972,g95e5,1.619
2026-10-09T00:44Z,15972,gA,1.759
2026-10-09T00:44Z,15975,gA,1.789
2026-10-09T00:44Z,15986,g95e5,1.759
2026-10-09T00:44Z,15986,gA,1.789
2026-10-09T00:44Z,15989,g95e5,1.627
2026-10-09T00:44Z,15989,gA,1.679
2026-10-09T00:44Z,16011,gA,1.737
2026-10-09T00:44Z,16013,g95e5,1.677
2026-10-09T00:44Z,16013,gA,1.729
2026-10-09T00:44Z,16031,g95e5,1.845
2026-10-09T00:44Z,16031,gA,1.969
2026-10-09T00:44Z,16031,gP,2.059
2026-10-09T00:44Z,16031,g98e5,1.985
2026-10-09T00:44Z,16034,g95e5,1.699
2026-10-09T00:44Z,16042,gP,1.959
2026-10-09T00:44Z,16042,g98e5,1.919
2026-10-09T00:44Z,16048,gA,1.757
2026-10-09T00:44Z,16049,gA,1.795
2026-10-09T00:44Z,16059,g95e5,1.599
2026-10-09T00:44Z,16072,g95e5,1.835
2026-10-09T00:44Z,16072,gA,1.955
2026-10-09T00:44Z,16072,gP,2.015
2026-10-09T00:44Z,16072,g98e5,2.005
2026-10-09T00:44Z,16094,gA,1.789
2026-10-09T00:44Z,16110,g95e5,1.659
2026-10-09T00:44Z,16110,gA,1.799
2026-10-09T00:44Z,16134,g95e5,1.619
2026-10-09T00:44Z,16138,g95e5,1.609
2026-10-09T00:44Z,16138,gA,1.729
2026-10-09T00:44Z,16165,gB,1.921
2026-10-09T00:44Z,16187,g95e5,1.725
2026-10-09T00:44Z,16194,g95e5,1.869
2026-10-09T00:44Z,16194,gA,1.899
2026-10-09T00:44Z,16194,gP,1.929
2026-10-09T00:44Z,16194,g98e5,1.899
2026-10-09T00:44Z,16195,g95e5,1.799
2026-10-09T00:44Z,16195,gA,1.839
2026-10-09T00:44Z,16195,gP,1.899
2026-10-09T00:44Z,16195,g98e5,1.899
2026-10-09T00:44Z,16205,g95e5,1.805
2026-10-09T00:44Z,16205,gA,1.999
2026-10-09T00:44Z,16205,gB,1.809
2026-10-09T00:44Z,16241,g95e5,1.825
2026-10-09T00:44Z,16241,gA,1.949
2026-10-09T00:44Z,16243,gA,1.964
2026-10-09T00:44Z,16246,g95e5,1.679
2026-10-09T00:44Z,16246,gA,1.749
2026-10-09T00:44Z,16247,g95e5,1.689
2026-10-09T00:44Z,16256,g95e5,1.659
2026-10-09T00:44Z,16257,gB,1.809
2026-10-09T00:44Z,16264,g95e5,1.599
2026-10-09T00:44Z,16294,g95e5,1.705
2026-10-09T00:44Z,16295,gA,1.929
2026-10-09T00:44Z,16295,gP,2.019
2026-10-09T00:44Z,16308,g95e5,1.689
2026-10-09T00:44Z,16309,gA,1.799
2026-10-09T00:44Z,16314,g95e5,1.729
2026-10-09T00:44Z,16314,gA,1.849
2026-10-09T00:44Z,16335,g95e5,1.705
2026-10-09T00:44Z,16340,g95e5,1.719
2026-10-09T00:44Z,16350,g95e5,1.569
2026-10-09T00:44Z,16350,g95e5p,1.589
2026-10-09T00:44Z,16355,g95e5,1.759
2026-10-09T00:44Z,16355,gA,1.799
2026-10-09T00:44Z,16359,gA,1.799
2026-10-09T00:44Z,16366,g95e5,1.759
2026-10-09T00:44Z,16391,g95e5,1.627
2026-10-09T00:44Z,16423,g95e5,1.875
2026-10-09T00:44Z,16423,gA,1.965
2026-10-09T00:44Z,16423,gP,2.025
2026-10-09T00:44Z,16423,g98e5,2.025
2026-10-09T00:44Z,16450,gA,1.837
2026-10-09T00:44Z,16461,g95e5,1.855
2026-10-09T00:44Z,16461,g98e5,1.975
2026-10-09T00:44Z,16480,g95e5,1.709
2026-10-09T00:44Z,16484,g95e5,1.599
2026-10-09T00:44Z,16489,g95e5,1.689
2026-10-09T00:44Z,16505,gA,1.855
2026-10-09T00:44Z,16505,g98e5,1.950
2026-10-09T00:44Z,16512,g95e5,1.689
2026-10-09T00:44Z,16512,g95e5p,1.709
2026-10-09T00:44Z,16518,g95e5,1.719
2026-10-09T06:52Z,63,gA,2.015
2026-10-09T06:52Z,77,gA,1.985
2026-10-09T06:52Z,77,gP,2.100
2026-10-09T06:52Z,105,gA,1.999
2026-10-09T06:52Z,110,g95e5,1.868
2026-10-09T06:52Z,110,g95e5p,1.938
2026-10-09T06:52Z,130,gA,1.979
2026-10-09T06:52Z,137,gA,2.015
2026-10-09T06:52Z,141,gA,2.009
2026-10-09T06:52Z,144,gA,1.999
2026-10-09T06:52Z,144,gP,2.059
2026-10-09T06:52Z,144,g98e5,2.099
2026-10-09T06:52Z,177,gA,1.965
2026-10-09T06:52Z,186,gA,1.995
2026-10-09T06:52Z,188,gA,1.995
2026-10-09T06:52Z,202,gA,1.979
2026-10-09T06:52Z,204,gA,1.995
2026-10-09T06:52Z,206,gA,1.965
2026-10-09T06:52Z,208,g95e5,1.855
2026-10-09T06:52Z,208,gA,2.005
2026-10-09T06:52Z,219,g95e5,1.819
2026-10-09T06:52Z,219,gA,1.939
2026-10-09T06:52Z,219,gP,1.989
2026-10-09T06:52Z,219,g95e5p,1.869
2026-10-09T06:52Z,220,g95e5,1.819
2026-10-09T06:52Z,220,gA,1.939
2026-10-09T06:52Z,220,gP,1.989
2026-10-09T06:52Z,220,g95e5p,1.869
2026-10-09T06:52Z,245,g95e5,1.885
2026-10-09T06:52Z,245,gA,1.979
2026-10-09T06:52Z,254,gA,1.876
2026-10-09T06:52Z,254,gP,1.976
2026-10-09T06:52Z,326,gA,1.929
2026-10-09T06:52Z,326,g98e5,1.999
2026-10-09T06:52Z,337,gA,1.985
2026-10-09T06:52Z,345,g95e5,1.899
2026-10-09T06:52Z,345,gA,1.983
2026-10-09T06:52Z,345,gP,2.079
2026-10-09T06:52Z,345,g98e5,1.968
2026-10-09T06:52Z,354,g95e5,1.819
2026-10-09T06:52Z,354,gP,2.000
2026-10-09T06:52Z,354,g98e5,1.979
2026-10-09T06:52Z,355,g95e5,1.829
2026-10-09T06:52Z,355,gA,1.945
2026-10-09T06:52Z,355,gP,2.005
2026-10-09T06:52Z,355,g98e5,1.965
2026-10-09T06:52Z,361,g95e5,1.759
2026-10-09T06:52Z,361,g95e5p,1.809
2026-10-09T06:52Z,363,g95e5,1.789
2026-10-09T06:52Z,363,gA,1.939
2026-10-09T06:52Z,363,gP,2.029
2026-10-09T06:52Z,363,g95e5p,1.839
2026-10-09T06:52Z,365,g95e5,1.669
2026-10-09T06:52Z,365,gA,1.789
2026-10-09T06:52Z,365,gP,1.839
2026-10-09T06:52Z,366,g95e5,1.769
2026-10-09T06:52Z,366,gA,1.889
2026-10-09T06:52Z,366,gP,1.939
2026-10-09T06:52Z,366,g95e5p,1.819
2026-10-09T06:52Z,409,gB,1.729
2026-10-09T06:52Z,431,g95e5,1.878
2026-10-09T06:52Z,431,gA,2.005
2026-10-09T06:52Z,431,gP,2.090
2026-10-09T06:52Z,431,g98e5,1.958
2026-10-09T06:52Z,431,gB,1.944
2026-10-09T06:52Z,436,gA,1.879
2026-10-09T06:52Z,436,gP,1.929
2026-10-09T06:52Z,437,g95e5,1.848
2026-10-09T06:52Z,437,gA,1.938
2026-10-09T06:52Z,437,gP,2.004
2026-10-09T06:52Z,437,g98e5,2.007
2026-10-09T06:52Z,450,g95e5,1.825
2026-10-09T06:52Z,450,gA,1.969
2026-10-09T06:52Z,474,g95e5,1.839
2026-10-09T06:52Z,474,gA,1.929
2026-10-09T06:52Z,507,gA,1.899
2026-10-09T06:52Z,520,g95e5,1.829
2026-10-09T06:52Z,520,gA,1.959
2026-10-09T06:52Z,520,gP,2.009
2026-10-09T06:52Z,520,g95e5p,1.879
2026-10-09T06:52Z,528,g95e5,1.869
2026-10-09T06:52Z,528,gA,1.929
2026-10-09T06:52Z,528,g98e5,2.069
2026-10-09T06:52Z,528,gB,1.769
2026-10-09T06:52Z,543,g95e5,1.839
2026-10-09T06:52Z,543,g95e5p,1.889
2026-10-09T06:52Z,543,gB,1.719
2026-10-09T06:52Z,549,gA,1.949
2026-10-09T06:52Z,552,gA,1.949
2026-10-09T06:52Z,552,gP,2.015
2026-10-09T06:52Z,552,gB,1.839
2026-10-09T06:52Z,574,g95e5,1.873
2026-10-09T06:52Z,574,gA,1.947
2026-10-09T06:52Z,594,g95e5,1.965
2026-10-09T06:52Z,594,gA,1.988
2026-10-09T06:52Z,594,gP,2.089
2026-10-09T06:52Z,594,gB,1.909
2026-10-09T06:52Z,595,gA,1.919
2026-10-09T06:52Z,597,gA,1.959
2026-10-09T06:52Z,616,g95e5,1.845
2026-10-09T06:52Z,616,gA,1.936
2026-10-09T06:52Z,616,gP,1.999
2026-10-09T06:52Z,616,gB,1.665
2026-10-09T06:52Z,641,g95e5,1.825
2026-10-09T06:52Z,641,gA,1.969
2026-10-09T06:52Z,652,gA,1.969
2026-10-09T06:52Z,652,gP,2.059
2026-10-09T06:52Z,661,g95e5,1.839
2026-10-09T06:52Z,661,gA,1.959
2026-10-09T06:52Z,661,gP,2.009
2026-10-09T06:52Z,661,g95e5p,1.889
2026-10-09T06:52Z,675,g95e5,1.714
2026-10-09T06:52Z,675,gA,1.834
2026-10-09T06:52Z,675,gP,1.884
2026-10-09T06:52Z,675,g95e5p,1.764
2026-10-09T06:52Z,684,g95e5,1.779
2026-10-09T06:52Z,684,gA,1.929
2026-10-09T06:52Z,684,gP,1.979
2026-10-09T06:52Z,684,g95e5p,1.829
2026-10-09T06:52Z,690,g95e5,1.825
2026-10-09T06:52Z,690,gA,1.979
2026-10-09T06:52Z,690,gP,2.039
2026-10-09T06:52Z,690,g98e5,1.985
2026-10-09T06:52Z,703,gA,1.869
2026-10-09T06:52Z,703,gP,1.976
2026-10-09T06:52Z,706,g95e5,1.815
2026-10-09T06:52Z,706,gA,1.995
2026-10-09T06:52Z,706,gP,2.055
2026-10-09T06:52Z,709,g95e5,1.805
2026-10-09T06:52Z,709,gP,2.039
2026-10-09T06:52Z,753,gA,1.929
2026-10-09T06:52Z,753,gP,2.049
2026-10-09T06:52Z,753,g98e5,1.999
2026-10-09T06:52Z,757,g95e5,1.849
2026-10-09T06:52Z,757,gA,1.969
2026-10-09T06:52Z,783,gA,1.975
2026-10-09T06:52Z,783,gP,2.035
2026-10-09T06:52Z,783,g98e5,1.939
2026-10-09T06:52Z,819,g95e5,1.829
2026-10-09T06:52Z,819,gA,1.945
2026-10-09T06:52Z,819,g98e5,1.965
2026-10-09T06:52Z,831,g95e5,1.829
2026-10-09T06:52Z,831,g95e5p,1.879
2026-10-09T06:52Z,847,gA,1.969
2026-10-09T06:52Z,855,g95e5,1.889
2026-10-09T06:52Z,855,gA,2.019
2026-10-09T06:52Z,855,g98e5,1.999
2026-10-09T06:52Z,883,g95e5,1.819
2026-10-09T06:52Z,883,g98e5,1.939
2026-10-09T06:52Z,900,gA,2.029
2026-10-09T06:52Z,905,gA,1.999
2026-10-09T06:52Z,905,gP,2.079
2026-10-09T06:52Z,923,gA,1.865
2026-10-09T06:52Z,923,gP,1.885
2026-10-09T06:52Z,946,g95e5,1.809
2026-10-09T06:52Z,946,gA,1.969
2026-10-09T06:52Z,946,gB,1.619
2026-10-09T06:52Z,947,g95e5,1.799
2026-10-09T06:52Z,947,gA,1.919
2026-10-09T06:52Z,947,gP,1.969
2026-10-09T06:52Z,947,g98e5,1.939
2026-10-09T06:52Z,948,g95e5,1.819
2026-10-09T06:52Z,948,gA,1.979
2026-10-09T06:52Z,948,gP,2.029
2026-10-09T06:52Z,948,g95e5p,1.869
2026-10-09T06:52Z,948,gB,1.719
2026-10-09T06:52Z,952,g95e5,1.809
2026-10-09T06:52Z,952,gA,1.969
2026-10-09T06:52Z,952,gP,2.019
2026-10-09T06:52Z,952,g98e5,1.949
2026-10-09T06:52Z,954,g95e5,1.839
2026-10-09T06:52Z,954,g98e5,1.979
2026-10-09T06:52Z,975,g95e5,1.839
2026-10-09T06:52Z,975,gA,1.969
2026-10-09T06:52Z,975,g98e5,1.969
2026-10-09T06:52Z,975,gB,1.849
2026-10-09T06:52Z,980,gA,2.009
2026-10-09T06:52Z,992,g95e5,1.875
2026-10-09T06:52Z,992,g95e5p,1.918
2026-10-09T06:52Z,993,g95e5,1.875
2026-10-09T06:52Z,993,g95e5p,1.918
2026-10-09T06:52Z,999,gA,1.899
2026-10-09T06:52Z,1069,gA,2.025
2026-10-09T06:52Z,1105,gB,1.639
2026-10-09T06:52Z,1108,g95e5,1.819
2026-10-09T06:52Z,1108,gA,1.928
2026-10-09T06:52Z,1163,gA,1.955
2026-10-09T06:52Z,1204,g95e5,1.868
2026-10-09T06:52Z,1204,g95e5p,1.928
2026-10-09T06:52Z,1234,gA,1.975
2026-10-09T06:52Z,1293,g95e5,1.899
2026-10-09T06:52Z,1293,gA,1.889
2026-10-09T06:52Z,1338,g95e5,1.895
2026-10-09T06:52Z,1338,gA,1.930
2026-10-09T06:52Z,1338,g98e5,2.050
2026-10-09T06:52Z,1381,gA,1.955
2026-10-09T06:52Z,1442,gA,1.909
2026-10-09T06:52Z,1442,gP,1.969
2026-10-09T06:52Z,1479,g95e5,1.950
2026-10-09T06:52Z,1479,g98e5,2.100
2026-10-09T06:52Z,1490,g95e5,1.818
2026-10-09T06:52Z,1490,g95e5p,1.878
2026-10-09T06:52Z,1794,g95e5,1.749
2026-10-09T06:52Z,1794,gA,1.909
2026-10-09T06:52Z,1794,gP,1.969
2026-10-09T06:52Z,1808,gA,1.955
2026-10-09T06:52Z,1827,gA,2.019
2026-10-09T06:52Z,1851,gA,1.935
2026-10-09T06:52Z,1853,gP,2.079
2026-10-09T06:52Z,1856,gA,1.999
2026-10-09T06:52Z,1868,gA,1.949
2026-10-09T06:52Z,1893,gA,1.899
2026-10-09T06:52Z,1893,gP,1.919
2026-10-09T06:52Z,1905,g95e5,1.799
2026-10-09T06:52Z,1905,gA,1.839
2026-10-09T06:52Z,1905,gB,1.689
2026-10-09T06:52Z,1980,g95e5,1.859
2026-10-09T06:52Z,1980,gA,1.919
2026-10-09T06:52Z,1980,g98e5,1.999
2026-10-09T06:52Z,1980,glp,1.189
2026-10-09T06:52Z,1988,g95e5,1.819
2026-10-09T06:52Z,1988,gA,1.909
2026-10-09T06:52Z,1988,gP,1.959
2026-10-09T06:52Z,1988,g98e5,1.959
2026-10-09T06:52Z,1989,g95e5,1.799
2026-10-09T06:52Z,1989,gA,1.899
2026-10-09T06:52Z,1989,gP,1.989
2026-10-09T06:52Z,1989,g98e5,1.889
2026-10-09T06:52Z,1992,g95e5,1.838
2026-10-09T06:52Z,2079,gA,1.989
2026-10-09T06:52Z,2084,gA,1.949
2026-10-09T06:52Z,2097,g95e5,1.839
2026-10-09T06:52Z,2108,g95e5,1.825
2026-10-09T06:52Z,2108,gA,1.945
2026-10-09T06:52Z,2108,gP,2.035
2026-10-09T06:52Z,2108,g98e5,1.965
2026-10-09T06:52Z,2114,g95e5,1.839
2026-10-09T06:52Z,2114,gA,1.949
2026-10-09T06:52Z,2114,gP,2.069
2026-10-09T06:52Z,2181,g95e5,1.839
2026-10-09T06:52Z,2181,gA,1.949
2026-10-09T06:52Z,2181,gP,2.069
2026-10-09T06:52Z,2181,g98e5,1.959
2026-10-09T06:52Z,2181,g95e5p,1.869
2026-10-09T06:52Z,2184,g95e5,1.839
2026-10-09T06:52Z,2184,gA,1.949
2026-10-09T06:52Z,2184,gP,2.069
2026-10-09T06:52Z,2184,g98e5,1.959
2026-10-09T06:52Z,2223,gA,1.965
2026-10-09T06:52Z,2233,gA,1.989
2026-10-09T06:52Z,2237,gA,1.979
2026-10-09T06:52Z,2242,gA,1.949
2026-10-09T06:52Z,2242,g98e5,2.055
2026-10-09T06:52Z,2255,gA,1.999
2026-10-09T06:52Z,2281,g95e5,1.810
2026-10-09T06:52Z,2281,gA,1.900
2026-10-09T06:52Z,2281,gP,1.970
2026-10-09T06:52Z,2281,gB,1.720
2026-10-09T06:52Z,2285,g95e5,1.799
2026-10-09T06:52Z,2290,gA,2.015
2026-10-09T06:52Z,2296,gA,1.949
2026-10-09T06:52Z,2319,g95e5,1.879
2026-10-09T06:52Z,2319,gA,1.949
2026-10-09T06:52Z,2319,gP,2.059
2026-10-09T06:52Z,2319,g98e5,2.059
2026-10-09T06:52Z,2323,gA,2.009
2026-10-09T06:52Z,2336,g95e5,1.765
2026-10-09T06:52Z,2336,gA,1.885
2026-10-09T06:52Z,2336,gP,1.935
2026-10-09T06:52Z,2336,g98e5,1.875
2026-10-09T06:52Z,2344,gA,1.995
2026-10-09T06:52Z,2364,gA,1.975
2026-10-09T06:52Z,2384,g95e5,1.819
2026-10-09T06:52Z,2384,gA,1.929
2026-10-09T06:52Z,2385,g95e5,1.819
2026-10-09T06:52Z,2385,gA,1.929
2026-10-09T06:52Z,2411,g95e5,1.899
2026-10-09T06:52Z,2411,g98e5,1.999
2026-10-09T06:52Z,2474,gA,1.935
2026-10-09T06:52Z,2477,gA,1.995
2026-10-09T06:52Z,2478,gA,1.899
2026-10-09T06:52Z,2485,gA,2.009
2026-10-09T06:52Z,2489,gA,1.919
2026-10-09T06:52Z,2501,g95e5,1.895
2026-10-09T06:52Z,2501,gA,1.965
2026-10-09T06:52Z,2518,g95e5,1.849
2026-10-09T06:52Z,2518,gA,1.979
2026-10-09T06:52Z,2518,gP,2.089
2026-10-09T06:52Z,2518,g98e5,1.969
2026-10-09T06:52Z,2535,g95e5,1.885
2026-10-09T06:52Z,2535,gA,1.995
2026-10-09T06:52Z,2569,gA,1.999
2026-10-09T06:52Z,2578,gB,1.899
2026-10-09T06:52Z,2583,g95e5,1.869
2026-10-09T06:52Z,2583,g98e5,1.969
2026-10-09T06:52Z,2588,g95e5,1.909
2026-10-09T06:52Z,2588,gA,2.009
2026-10-09T06:52Z,2588,gP,2.069
2026-10-09T06:52Z,2588,g98e5,2.029
2026-10-09T06:52Z,2609,gA,2.025
2026-10-09T06:52Z,2612,gA,2.009
2026-10-09T06:52Z,2616,gA,2.015
2026-10-09T06:52Z,2620,g95e5,1.829
2026-10-09T06:52Z,2620,gA,1.935
2026-10-09T06:52Z,2640,g95e5,1.899
2026-10-09T06:52Z,2640,g98e5,1.999
2026-10-09T06:52Z,2642,g95e5,1.899
2026-10-09T06:52Z,2642,gA,2.049
2026-10-09T06:52Z,2642,gB,1.879
2026-10-09T06:52Z,2644,g95e5,1.899
2026-10-09T06:52Z,2644,g98e5,1.999
2026-10-09T06:52Z,2649,g95e5,1.874
2026-10-09T06:52Z,2649,gA,2.017
2026-10-09T06:52Z,2649,gP,2.104
2026-10-09T06:52Z,2650,gA,1.985
2026-10-09T06:52Z,2687,gA,2.035
2026-10-09T06:52Z,2690,gA,1.985
2026-10-09T06:52Z,2693,gA,1.985
2026-10-09T06:52Z,2711,g95e5,1.869
2026-10-09T06:52Z,2711,g98e5,1.969
2026-10-09T06:52Z,2715,gA,2.029
2026-10-09T06:52Z,2716,g95e5,1.869
2026-10-09T06:52Z,2716,g98e5,1.969
2026-10-09T06:52Z,2720,g95e5,1.839
2026-10-09T06:52Z,2720,g98e5,1.939
2026-10-09T06:52Z,2721,g95e5,1.899
2026-10-09T06:52Z,2721,g98e5,1.999
2026-10-09T06:52Z,2725,gA,2.005
2026-10-09T06:52Z,2725,gP,2.080
2026-10-09T06:52Z,2726,gA,1.995
2026-10-09T06:52Z,2736,gA,2.035
2026-10-09T06:52Z,2737,gA,2.039
2026-10-09T06:52Z,2738,g95e5,1.899
2026-10-09T06:52Z,2738,g98e5,1.999
2026-10-09T06:52Z,2766,g95e5,1.789
2026-10-09T06:52Z,2766,gA,1.965
2026-10-09T06:52Z,2766,g98e5,1.909
2026-10-09T06:52Z,2775,gA,1.979
2026-10-09T06:52Z,2789,gA,1.989
2026-10-09T06:52Z,2798,g95e5,1.789
2026-10-09T06:52Z,2798,gA,1.935
2026-10-09T06:52Z,2798,g98e5,1.809
2026-10-09T06:52Z,2803,gA,1.949
2026-10-09T06:52Z,2807,gA,1.959
2026-10-09T06:52Z,2819,gA,1.965
2026-10-09T06:52Z,2821,g95e5,1.855
2026-10-09T06:52Z,2821,gA,1.995
2026-10-09T06:52Z,2823,gA,1.909
2026-10-09T06:52Z,2828,g95e5,1.855
2026-10-09T06:52Z,2842,gP,2.079
2026-10-09T06:52Z,2853,gP,2.079
2026-10-09T06:52Z,2856,gP,2.079
2026-10-09T06:52Z,2878,g95e5,1.859
2026-10-09T06:52Z,2878,gA,1.989
2026-10-09T06:52Z,2878,gP,2.039
2026-10-09T06:52Z,2878,g98e5,1.969
2026-10-09T06:52Z,2895,gP,2.079
2026-10-09T06:52Z,2914,gA,1.999
2026-10-09T06:52Z,2927,g95e5,1.799
2026-10-09T06:52Z,2927,g95e5p,1.849
2026-10-09T06:52Z,2932,g95e5,1.849
2026-10-09T06:52Z,2932,gA,1.965
2026-10-09T06:52Z,2964,gA,2.009
2026-10-09T06:52Z,3010,gA,2.009
2026-10-09T06:52Z,3031,g95e5,1.829
2026-10-09T06:52Z,3031,gA,1.949
2026-10-09T06:52Z,3031,gP,1.999
2026-10-09T06:52Z,3031,g98e5,1.979
2026-10-09T06:52Z,3061,g95e5,1.799
2026-10-09T06:52Z,3061,gA,1.889
2026-10-09T06:52Z,3061,gP,1.939
2026-10-09T06:52Z,3061,g98e5,1.909
2026-10-09T06:52Z,3074,g95e5,1.849
2026-10-09T06:52Z,3074,gA,1.979
2026-10-09T06:52Z,3074,gP,2.029
2026-10-09T06:52Z,3074,g98e5,1.989
2026-10-09T06:52Z,3106,gA,2.019
2026-10-09T06:52Z,3147,gA,1.969
2026-10-09T06:52Z,3147,gP,2.019
2026-10-09T06:52Z,3155,gA,2.025
2026-10-09T06:52Z,3161,gA,1.989
2026-10-09T06:52Z,3167,gA,1.985
2026-10-09T06:52Z,3175,gA,1.989
2026-10-09T06:52Z,3199,gA,1.959
2026-10-09T06:52Z,3207,g95e5,1.829
2026-10-09T06:52Z,3207,gA,1.919
2026-10-09T06:52Z,3230,g95e5,1.858
2026-10-09T06:52Z,3230,g95e5p,1.918
2026-10-09T06:52Z,3235,gA,1.909
2026-10-09T06:52Z,3255,gA,1.959
2026-10-09T06:52Z,3260,gA,1.919
2026-10-09T06:52Z,3283,g95e5,1.849
2026-10-09T06:52Z,3283,gA,1.899
2026-10-09T06:52Z,3283,g98e5,1.979
2026-10-09T06:52Z,3304,g95e5,1.809
2026-10-09T06:52Z,3304,gA,1.909
2026-10-09T06:52Z,3304,gP,1.959
2026-10-09T06:52Z,3304,g98e5,1.939
2026-10-09T06:52Z,3322,gP,2.005
2026-10-09T06:52Z,3322,g98e5,1.965
2026-10-09T06:52Z,3371,g95e5,1.709
2026-10-09T06:52Z,3371,gA,1.839
2026-10-09T06:52Z,3372,gB,1.699
2026-10-09T06:52Z,3376,g95e5,1.858
2026-10-09T06:52Z,3376,gA,1.960
2026-10-09T06:52Z,3376,gP,2.050
2026-10-09T06:52Z,3376,g95e5p,1.888
2026-10-09T06:52Z,3399,g95e5,1.799
2026-10-09T06:52Z,3399,gA,1.899
2026-10-09T06:52Z,3402,gA,1.929
2026-10-09T06:52Z,3417,g95e5,1.873
2026-10-09T06:52Z,3417,g95e5p,1.908
2026-10-09T06:52Z,3445,g98e5,2.059
2026-10-09T06:52Z,3457,gA,1.949
2026-10-09T06:52Z,3478,gA,1.945
2026-10-09T06:52Z,3480,g95e5,1.769
2026-10-09T06:52Z,3480,gP,1.969
2026-10-09T06:52Z,3480,g98e5,1.909
2026-10-09T06:52Z,3481,gA,1.945
2026-10-09T06:52Z,3488,g95e5,1.749
2026-10-09T06:52Z,3488,gA,1.869
2026-10-09T06:52Z,3488,gP,1.919
2026-10-09T06:52Z,3488,g98e5,1.889
2026-10-09T06:52Z,3496,g95e5,1.814
2026-10-09T06:52Z,3496,gA,1.944
2026-10-09T06:52Z,3496,gP,2.034
2026-10-09T06:52Z,3498,g95e5,1.739
2026-10-09T06:52Z,3498,gA,1.889
2026-10-09T06:52Z,3499,g95e5,1.784
2026-10-09T06:52Z,3499,gA,1.934
2026-10-09T06:52Z,3499,gP,1.984
2026-10-09T06:52Z,3499,gB,1.629
2026-10-09T06:52Z,3502,g95e5,1.789
2026-10-09T06:52Z,3502,gA,1.949
2026-10-09T06:52Z,3502,gP,1.999
2026-10-09T06:52Z,3537,g95e5,1.769
2026-10-09T06:52Z,3555,gA,1.935
2026-10-09T06:52Z,3557,g95e5,1.899
2026-10-09T06:52Z,3593,g95e5,1.889
2026-10-09T06:52Z,3593,gA,1.949
2026-10-09T06:52Z,3593,gP,2.049
2026-10-09T06:52Z,3593,g98e5,2.009
2026-10-09T06:52Z,3612,gA,1.989
2026-10-09T06:52Z,3616,gA,1.955
2026-10-09T06:52Z,3641,gP,2.030
2026-10-09T06:52Z,3663,gA,1.909
2026-10-09T06:52Z,3678,gA,1.929
2026-10-09T06:52Z,3678,gP,1.979
2026-10-09T06:52Z,3679,gA,1.929
2026-10-09T06:52Z,3679,gP,1.979
2026-10-09T06:52Z,3682,gA,1.915
2026-10-09T06:52Z,3690,gA,1.945
2026-10-09T06:52Z,3700,gA,1.915
2026-10-09T06:52Z,3714,g95e5,1.754
2026-10-09T06:52Z,3714,gA,1.844
2026-10-09T06:52Z,3715,g95e5,1.824
2026-10-09T06:52Z,3715,gA,1.914
2026-10-09T06:52Z,3715,gP,1.964
2026-10-09T06:52Z,3715,g98e5,1.979
2026-10-09T06:52Z,3718,g95e5,1.909
2026-10-09T06:52Z,3718,gA,1.954
2026-10-09T06:52Z,3718,gP,2.044
2026-10-09T06:52Z,3718,g98e5,2.049
2026-10-09T06:52Z,3721,g95e5,1.875
2026-10-09T06:52Z,3721,gA,1.955
2026-10-09T06:52Z,3721,gP,2.045
2026-10-09T06:52Z,3721,g98e5,2.015
2026-10-09T06:52Z,3728,g95e5,1.744
2026-10-09T06:52Z,3728,gA,1.854
2026-10-09T06:52Z,3728,gP,1.904
2026-10-09T06:52Z,3728,g98e5,1.919
2026-10-09T06:52Z,3735,g95e5,1.889
2026-10-09T06:52Z,3735,gA,1.959
2026-10-09T06:52Z,3735,gP,2.049
2026-10-09T06:52Z,3735,g98e5,1.999
2026-10-09T06:52Z,3743,g95e5,1.889
2026-10-09T06:52Z,3743,gA,1.959
2026-10-09T06:52Z,3743,gP,2.049
2026-10-09T06:52Z,3743,g98e5,1.999
2026-10-09T06:52Z,3747,g95e5,1.909
2026-10-09T06:52Z,3747,gA,1.954
2026-10-09T06:52Z,3747,gP,2.044
2026-10-09T06:52Z,3747,g98e5,2.049
2026-10-09T06:52Z,3763,g95e5,1.839
2026-10-09T06:52Z,3768,gA,1.879
2026-10-09T06:52Z,3768,gP,1.929
2026-10-09T06:52Z,3796,gA,1.919
2026-10-09T06:52Z,3819,g95e5,1.809
2026-10-09T06:52Z,3819,gA,1.849
2026-10-09T06:52Z,3819,g98e5,1.929
2026-10-09T06:52Z,3823,gA,1.919
2026-10-09T06:52Z,3825,gA,1.769
2026-10-09T06:52Z,3847,gA,1.915
2026-10-09T06:52Z,3862,gA,1.959
2026-10-09T06:52Z,3870,g95e5,1.814
2026-10-09T06:52Z,3870,g98e5,1.954
2026-10-09T06:52Z,3920,g95e5,1.829
2026-10-09T06:52Z,3920,gA,1.939
2026-10-09T06:52Z,3920,gP,2.029
2026-10-09T06:52Z,3920,g98e5,1.969
2026-10-09T06:52Z,3930,g95e5,1.829
2026-10-09T06:52Z,3930,gA,1.939
2026-10-09T06:52Z,3930,gP,2.029
2026-10-09T06:52Z,3930,g98e5,1.969
2026-10-09T06:52Z,3967,g95e5,1.819
2026-10-09T06:52Z,3967,gA,1.909
2026-10-09T06:52Z,3967,gP,1.959
2026-10-09T06:52Z,3968,g95e5,1.819
2026-10-09T06:52Z,3968,gA,1.909
2026-10-09T06:52Z,3968,gP,1.959
2026-10-09T06:52Z,3968,g98e5,1.939
2026-10-09T06:52Z,3987,g95e5,1.749
2026-10-09T06:52Z,3987,gA,1.829
2026-10-09T06:52Z,3988,gA,1.889
2026-10-09T06:52Z,3988,gP,1.939
2026-10-09T06:52Z,3988,gB,1.569
2026-10-09T06:52Z,3993,gA,1.934
2026-10-09T06:52Z,3993,gP,2.024
2026-10-09T06:52Z,4000,g95e5,1.689
2026-10-09T06:52Z,4000,gA,1.769
2026-10-09T06:52Z,4006,g95e5,1.794
2026-10-09T06:52Z,4006,gA,1.879
2026-10-09T06:52Z,4006,gP,1.929
2026-10-09T06:52Z,4034,gA,1.939
2026-10-09T06:52Z,4078,gA,1.919
2026-10-09T06:52Z,4088,gA,1.919
2026-10-09T06:52Z,4091,gA,1.919
2026-10-09T06:52Z,4120,g95e5,1.809
2026-10-09T06:52Z,4120,gA,1.849
2026-10-09T06:52Z,4120,gP,1.899
2026-10-09T06:52Z,4120,g95e5p,1.859
2026-10-09T06:52Z,4123,g95e5,1.809
2026-10-09T06:52Z,4123,gA,1.849
2026-10-09T06:52Z,4123,g98e5,1.949
2026-10-09T06:52Z,4129,g95e5,1.789
2026-10-09T06:52Z,4129,gA,1.859
2026-10-09T06:52Z,4129,gP,1.909
2026-10-09T06:52Z,4129,g98e5,1.949
2026-10-09T06:52Z,4163,g95e5,1.839
2026-10-09T06:52Z,4163,gA,1.949
2026-10-09T06:52Z,4163,gP,2.069
2026-10-09T06:52Z,4163,g98e5,1.959
2026-10-09T06:52Z,4178,g95e5,1.839
2026-10-09T06:52Z,4178,gA,1.929
2026-10-09T06:52Z,4178,gP,1.989
2026-10-09T06:52Z,4178,g98e5,1.959
2026-10-09T06:52Z,4184,g95e5,1.659
2026-10-09T06:52Z,4185,gA,1.909
2026-10-09T06:52Z,4185,gP,1.999
2026-10-09T06:52Z,4188,gA,1.949
2026-10-09T06:52Z,4188,gP,2.069
2026-10-09T06:52Z,4194,g95e5,1.839
2026-10-09T06:52Z,4194,gA,1.929
2026-10-09T06:52Z,4194,gP,1.989
2026-10-09T06:52Z,4194,g98e5,1.959
2026-10-09T06:52Z,4220,g95e5,1.835
2026-10-09T06:52Z,4220,g98e5,1.975
2026-10-09T06:52Z,4236,g98e5,1.999
2026-10-09T06:52Z,4244,gA,1.949
2026-10-09T06:52Z,4244,gP,2.069
2026-10-09T06:52Z,4254,g95e5,1.839
2026-10-09T06:52Z,4254,gA,1.949
2026-10-09T06:52Z,4254,gP,2.069
2026-10-09T06:52Z,4254,g98e5,1.959
2026-10-09T06:52Z,4298,g95e5,1.814
2026-10-09T06:52Z,4298,gA,1.928
2026-10-09T06:52Z,4298,gP,2.018
2026-10-09T06:52Z,4298,g98e5,1.941
2026-10-09T06:52Z,4298,gB,1.689
2026-10-09T06:52Z,4313,g95e5,1.799
2026-10-09T06:52Z,4313,gA,1.919
2026-10-09T06:52Z,4313,gP,1.969
2026-10-09T06:52Z,4313,g95e5p,1.849
2026-10-09T06:52Z,4337,gA,2.025
2026-10-09T06:52Z,4343,g95e5,1.883
2026-10-09T06:52Z,4343,gA,2.033
2026-10-09T06:52Z,4343,gP,2.123
2026-10-09T06:52Z,4343,g98e5,2.023
2026-10-09T06:52Z,4347,gA,2.005
2026-10-09T06:52Z,4358,gA,2.009
2026-10-09T06:52Z,4360,g95e5,1.659
2026-10-09T06:52Z,4361,g95e5,1.659
2026-10-09T06:52Z,4363,gP,2.059
2026-10-09T06:52Z,4364,gP,2.059
2026-10-09T06:52Z,4415,g95e5,1.699
2026-10-09T06:52Z,4415,gA,1.799
2026-10-09T06:52Z,4415,gP,1.849
2026-10-09T06:52Z,4416,g95e5,1.699
2026-10-09T06:52Z,4416,gA,1.799
2026-10-09T06:52Z,4417,g95e5,1.699
2026-10-09T06:52Z,4417,gA,1.799
2026-10-09T06:52Z,4417,gP,1.849
2026-10-09T06:52Z,4430,g95e5,1.788
2026-10-09T06:52Z,4430,gB,1.548
2026-10-09T06:52Z,4443,g95e5,1.885
2026-10-09T06:52Z,4443,gA,1.999
2026-10-09T06:52Z,4460,gA,1.970
2026-10-09T06:52Z,4460,gP,2.059
2026-10-09T06:52Z,4462,gA,2.005
2026-10-09T06:52Z,4476,g95e5,1.809
2026-10-09T06:52Z,4476,gA,1.939
2026-10-09T06:52Z,4476,gP,1.989
2026-10-09T06:52Z,4476,g95e5p,1.859
2026-10-09T06:52Z,4476,gB,1.849
2026-10-09T06:52Z,4522,g95e5,1.839
2026-10-09T06:52Z,4522,gA,1.949
2026-10-09T06:52Z,4524,gA,1.965
2026-10-09T06:52Z,4534,gA,1.960
2026-10-09T06:52Z,4534,gP,2.049
2026-10-09T06:52Z,4543,gA,2.029
2026-10-09T06:52Z,4550,g95e5,1.829
2026-10-09T06:52Z,4551,gP,2.059
2026-10-09T06:52Z,4568,gA,2.029
2026-10-09T06:52Z,4577,g95e5,1.865
2026-10-09T06:52Z,4587,gP,2.059
2026-10-09T06:52Z,4592,gA,1.960
2026-10-09T06:52Z,4592,gP,2.049
2026-10-09T06:52Z,4601,gA,1.944
2026-10-09T06:52Z,4601,gP,2.049
2026-10-09T06:52Z,4609,gA,2.009
2026-10-09T06:52Z,4620,gA,1.969
2026-10-09T06:52Z,4621,gA,1.969
2026-10-09T06:52Z,4630,g95e5,2.039
2026-10-09T06:52Z,4630,gA,2.069
2026-10-09T06:52Z,4630,gP,2.129
2026-10-09T06:52Z,4631,g95e5,2.039
2026-10-09T06:52Z,4631,gA,2.069
2026-10-09T06:52Z,4631,gP,2.129
2026-10-09T06:52Z,4641,g95e5,1.845
2026-10-09T06:52Z,4647,gA,1.965
2026-10-09T06:52Z,4647,gP,2.059
2026-10-09T06:52Z,4648,gA,1.970
2026-10-09T06:52Z,4648,gP,2.059
2026-10-09T06:52Z,4656,gA,1.929
2026-10-09T06:52Z,4656,gP,1.979
2026-10-09T06:52Z,4658,g95e5,1.825
2026-10-09T06:52Z,4658,gA,1.949
2026-10-09T06:52Z,4658,gP,2.059
2026-10-09T06:52Z,4662,g95e5,1.829
2026-10-09T06:52Z,4662,gA,1.949
2026-10-09T06:52Z,4662,gP,1.999
2026-10-09T06:52Z,4667,g95e5,1.849
2026-10-09T06:52Z,4667,gA,1.979
2026-10-09T06:52Z,4667,gP,2.029
2026-10-09T06:52Z,4667,g98e5,1.989
2026-10-09T06:52Z,4668,g95e5,1.849
2026-10-09T06:52Z,4668,gA,1.979
2026-10-09T06:52Z,4668,gP,2.029
2026-10-09T06:52Z,4668,g98e5,1.989
2026-10-09T06:52Z,4669,g95e5,1.849
2026-10-09T06:52Z,4669,gA,1.949
2026-10-09T06:52Z,4669,gP,1.999
2026-10-09T06:52Z,4669,g98e5,1.969
2026-10-09T06:52Z,4673,g95e5,1.754
2026-10-09T06:52Z,4673,gA,1.814
2026-10-09T06:52Z,4673,gP,1.864
2026-10-09T06:52Z,4673,g95e5p,1.804
2026-10-09T06:52Z,4682,gA,1.979
2026-10-09T06:52Z,4682,gP,1.999
2026-10-09T06:52Z,4684,g95e5,1.849
2026-10-09T06:52Z,4684,gA,1.979
2026-10-09T06:52Z,4684,gP,2.029
2026-10-09T06:52Z,4684,g95e5p,1.899
2026-10-09T06:52Z,4700,g95e5,1.804
2026-10-09T06:52Z,4700,gA,1.924
2026-10-09T06:52Z,4700,gP,1.974
2026-10-09T06:52Z,4700,g98e5,1.959
2026-10-09T06:52Z,4702,g95e5,1.819
2026-10-09T06:52Z,4702,g95e5p,1.869
2026-10-09T06:52Z,4703,g95e5,1.819
2026-10-09T06:52Z,4703,g95e5p,1.869
2026-10-09T06:52Z,4708,gP,2.059
2026-10-09T06:52Z,4725,gA,1.960
2026-10-09T06:52Z,4725,gP,2.049
2026-10-09T06:52Z,4758,g95e5,1.869
2026-10-09T06:52Z,4758,gA,1.999
2026-10-09T06:52Z,4758,gP,2.069
2026-10-09T06:52Z,4758,g98e5,2.019
2026-10-09T06:52Z,4761,g95e5,1.759
2026-10-09T06:52Z,4761,gA,1.879
2026-10-09T06:52Z,4761,gP,1.929
2026-10-09T06:52Z,4761,g95e5p,1.809
2026-10-09T06:52Z,4800,g95e5,1.859
2026-10-09T06:52Z,4800,gA,1.969
2026-10-09T06:52Z,4800,gP,2.069
2026-10-09T06:52Z,4819,g95e5,1.799
2026-10-09T06:52Z,4819,gA,1.949
2026-10-09T06:52Z,4819,gP,2.039
2026-10-09T06:52Z,4819,g98e5,1.909
2026-10-09T06:52Z,4821,g95e5,1.759
2026-10-09T06:52Z,4821,gA,1.809
2026-10-09T06:52Z,4841,gA,1.985
2026-10-09T06:52Z,4863,g95e5,1.808
2026-10-09T06:52Z,4863,g95e5p,1.848
2026-10-09T06:52Z,4870,g95e5,1.848
2026-10-09T06:52Z,4870,gA,1.945
2026-10-09T06:52Z,4870,gP,2.025
2026-10-09T06:52Z,4870,g95e5p,1.888
2026-10-09T06:52Z,4881,g95e5,1.854
2026-10-09T06:52Z,4881,g98e5,1.984
2026-10-09T06:52Z,4938,gA,1.799
2026-10-09T06:52Z,4965,g95e5,1.789
2026-10-09T06:52Z,4965,gA,1.929
2026-10-09T06:52Z,4965,gP,1.979
2026-10-09T06:52Z,4965,g98e5,1.939
2026-10-09T06:52Z,4993,gA,1.945
2026-10-09T06:52Z,4993,gP,2.010
2026-10-09T06:52Z,4993,gB,1.794
2026-10-09T06:52Z,5036,g95e5,1.809
2026-10-09T06:52Z,5036,g95e5p,1.859
2026-10-09T06:52Z,5038,g95e5,1.709
2026-10-09T06:52Z,5038,gA,1.819
2026-10-09T06:52Z,5038,gP,1.869
2026-10-09T06:52Z,5129,g95e5,1.749
2026-10-09T06:52Z,5129,gA,1.799
2026-10-09T06:52Z,5152,g95e5,1.805
2026-10-09T06:52Z,5152,gA,1.945
2026-10-09T06:52Z,5152,g98e5,1.975
2026-10-09T06:52Z,5159,gA,1.995
2026-10-09T06:52Z,5213,g95e5,1.749
2026-10-09T06:52Z,5213,gA,1.819
2026-10-09T06:52Z,5213,gP,1.869
2026-10-09T06:52Z,5261,g95e5,1.879
2026-10-09T06:52Z,5261,g98e5,1.969
2026-10-09T06:52Z,5261,gB,1.699
2026-10-09T06:52Z,5295,g95e5,1.869
2026-10-09T06:52Z,5295,gA,1.969
2026-10-09T06:52Z,5301,gA,1.969
2026-10-09T06:52Z,5308,g95e5,1.839
2026-10-09T06:52Z,5308,g98e5,1.979
2026-10-09T06:52Z,5322,g95e5,1.844
2026-10-09T06:52Z,5322,gA,1.944
2026-10-09T06:52Z,5322,gP,1.994
2026-10-09T06:52Z,5322,g98e5,1.984
2026-10-09T06:52Z,5394,g95e5,1.879
2026-10-09T06:52Z,5394,gA,1.989
2026-10-09T06:52Z,5394,g98e5,2.890
2026-10-09T06:52Z,5394,gB,1.789
2026-10-09T06:52Z,5450,g95e5,1.909
2026-10-09T06:52Z,5450,g98e5,2.109
2026-10-09T06:52Z,5495,g95e5,1.859
2026-10-09T06:52Z,5495,gA,1.909
2026-10-09T06:52Z,5495,gP,1.959
2026-10-09T06:52Z,5495,g98e5,1.984
2026-10-09T06:52Z,5512,gP,1.868
2026-10-09T06:52Z,5536,gA,1.969
2026-10-09T06:52Z,5536,gP,2.019
2026-10-09T06:52Z,5537,g95e5,1.789
2026-10-09T06:52Z,5537,gA,1.939
2026-10-09T06:52Z,5537,gP,1.989
2026-10-09T06:52Z,5537,g98e5,1.929
2026-10-09T06:52Z,5556,g95e5,1.814
2026-10-09T06:52Z,5556,gA,1.909
2026-10-09T06:52Z,5556,gP,1.959
2026-10-09T06:52Z,5559,g95e5,1.809
2026-10-09T06:52Z,5559,gA,1.949
2026-10-09T06:52Z,5559,gP,1.999
2026-10-09T06:52Z,5559,g98e5,1.929
2026-10-09T06:52Z,5613,g95e5,1.819
2026-10-09T06:52Z,5613,gA,1.969
2026-10-09T06:52Z,5613,gP,2.059
2026-10-09T06:52Z,5672,g95e5,1.829
2026-10-09T06:52Z,5682,g95e5,1.809
2026-10-09T06:52Z,5682,gA,1.975
2026-10-09T06:52Z,5682,gP,2.035
2026-10-09T06:52Z,5692,g95e5,1.719
2026-10-09T06:52Z,5692,g95e5p,1.739
2026-10-09T06:52Z,5698,g95e5,1.858
2026-10-09T06:52Z,6025,g95e5,1.999
2026-10-09T06:52Z,6025,gA,2.029
2026-10-09T06:52Z,6025,g98e5,1.999
2026-10-09T06:52Z,6026,g95e5,1.999
2026-10-09T06:52Z,6026,gA,2.029
2026-10-09T06:52Z,6026,g98e5,1.999
2026-10-09T06:52Z,6090,g95e5,1.779
2026-10-09T06:52Z,6090,g98e5,1.919
2026-10-09T06:52Z,6134,gA,2.005
2026-10-09T06:52Z,6134,gP,2.079
2026-10-09T06:52Z,6166,g95e5,1.829
2026-10-09T06:52Z,6166,gA,1.949
2026-10-09T06:52Z,6166,gP,1.999
2026-10-09T06:52Z,6166,g98e5,1.969
2026-10-09T06:52Z,6188,gA,1.979
2026-10-09T06:52Z,6223,g95e5,1.829
2026-10-09T06:52Z,6223,gA,1.949
2026-10-09T06:52Z,6223,gB,1.749
2026-10-09T06:52Z,6259,gA,1.995
2026-10-09T06:52Z,6260,gA,2.005
2026-10-09T06:52Z,6293,g95e5,1.759
2026-10-09T06:52Z,6293,gA,1.859
2026-10-09T06:52Z,6293,gP,1.909
2026-10-09T06:52Z,6293,g98e5,1.884
2026-10-09T06:52Z,6300,gA,1.939
2026-10-09T06:52Z,6312,gA,2.009
2026-10-09T06:52Z,6323,g95e5,1.839
2026-10-09T06:52Z,6323,gA,1.979
2026-10-09T06:52Z,6323,gP,2.029
2026-10-09T06:52Z,6325,g95e5,1.829
2026-10-09T06:52Z,6325,g95e5p,1.879
2026-10-09T06:52Z,6382,gA,1.949
2026-10-09T06:52Z,6382,gP,2.019
2026-10-09T06:52Z,6463,g95e5,1.795
2026-10-09T06:52Z,6463,gA,1.969
2026-10-09T06:52Z,6463,gP,2.069
2026-10-09T06:52Z,6463,g98e5,1.995
2026-10-09T06:52Z,6463,gB,1.795
2026-10-09T06:52Z,6471,g95e5,1.839
2026-10-09T06:52Z,6471,gA,1.939
2026-10-09T06:52Z,6471,gP,1.989
2026-10-09T06:52Z,6471,g95e5p,1.889
2026-10-09T06:52Z,6478,g95e5,1.779
2026-10-09T06:52Z,6491,g95e5,1.799
2026-10-09T06:52Z,6491,g98e5,1.929
2026-10-09T06:52Z,6567,g95e5,1.839
2026-10-09T06:52Z,6567,gA,1.929
2026-10-09T06:52Z,6567,gP,2.019
2026-10-09T06:52Z,6567,g98e5,1.979
2026-10-09T06:52Z,6586,gA,1.919
2026-10-09T06:52Z,6602,g95e5,1.839
2026-10-09T06:52Z,6602,gA,1.929
2026-10-09T06:52Z,6602,gP,2.019
2026-10-09T06:52Z,6602,g98e5,1.979
2026-10-09T06:52Z,6635,g95e5,1.705
2026-10-09T06:52Z,6635,gA,1.869
2026-10-09T06:52Z,6635,gP,1.889
2026-10-09T06:52Z,6635,g95e5p,1.725
2026-10-09T06:52Z,6640,g95e5,1.705
2026-10-09T06:52Z,6640,gA,1.869
2026-10-09T06:52Z,6640,gP,1.889
2026-10-09T06:52Z,6640,g95e5p,1.725
2026-10-09T06:52Z,6654,g95e5,1.705
2026-10-09T06:52Z,6654,gA,1.869
2026-10-09T06:52Z,6654,gP,1.889
2026-10-09T06:52Z,6654,g95e5p,1.725
2026-10-09T06:52Z,6658,g95e5,1.839
2026-10-09T06:52Z,6658,gA,1.999
2026-10-09T06:52Z,6658,gP,2.089
2026-10-09T06:52Z,6674,g95e5,1.899
2026-10-09T06:52Z,6674,gA,1.979
2026-10-09T06:52Z,6674,g98e5,2.019
2026-10-09T06:52Z,6681,gA,1.945
2026-10-09T06:52Z,6699,gA,1.929
2026-10-09T06:52Z,6739,g95e5,1.690
2026-10-09T06:52Z,6739,gB,1.495
2026-10-09T06:52Z,6740,g95e5,1.829
2026-10-09T06:52Z,6740,g98e5,1.969
2026-10-09T06:52Z,6743,g95e5,1.848
2026-10-09T06:52Z,6743,g95e5p,1.928
2026-10-09T06:52Z,6821,g95e5,1.795
2026-10-09T06:52Z,6821,gA,1.969
2026-10-09T06:52Z,6821,g98e5,1.965
2026-10-09T06:52Z,6821,gB,1.795
2026-10-09T06:52Z,6844,g95e5,1.849
2026-10-09T06:52Z,6844,g98e5,1.989
2026-10-09T06:52Z,6878,g95e5,1.819
2026-10-09T06:52Z,6878,gA,1.999
2026-10-09T06:52Z,6878,gP,2.099
2026-10-09T06:52Z,6878,g98e5,1.989
2026-10-09T06:52Z,6878,gB,1.769
2026-10-09T06:52Z,6906,g95e5,1.829
2026-10-09T06:52Z,6906,gA,1.949
2026-10-09T06:52Z,6906,gP,1.999
2026-10-09T06:52Z,6906,g98e5,1.949
2026-10-09T06:52Z,6928,gA,1.959
2026-10-09T06:52Z,6972,gA,2.015
2026-10-09T06:52Z,6984,gA,1.915
2026-10-09T06:52Z,6984,gP,2.005
2026-10-09T06:52Z,6987,gA,1.969
2026-10-09T06:52Z,6987,gP,2.019
2026-10-09T06:52Z,7007,g95e5,1.849
2026-10-09T06:52Z,7067,gA,1.909
2026-10-09T06:52Z,7067,gP,1.959
2026-10-09T06:52Z,7068,gA,1.984
2026-10-09T06:52Z,7068,gP,2.074
2026-10-09T06:52Z,7071,gA,1.939
2026-10-09T06:52Z,7071,gP,1.989
2026-10-09T06:52Z,7152,g95e5,1.855
2026-10-09T06:52Z,7152,gA,1.979
2026-10-09T06:52Z,7152,gP,2.079
2026-10-09T06:52Z,7152,g98e5,1.975
2026-10-09T06:52Z,7170,g95e5,1.899
2026-10-09T06:52Z,7170,g98e5,2.039
2026-10-09T06:52Z,7217,g95e5,1.739
2026-10-09T06:52Z,7240,gA,2.035
2026-10-09T06:52Z,7256,g95e5,1.869
2026-10-09T06:52Z,7256,g98e5,2.009
2026-10-09T06:52Z,7260,g95e5,1.839
2026-10-09T06:52Z,7260,gA,1.965
2026-10-09T06:52Z,7260,gP,2.055
2026-10-09T06:52Z,7260,g98e5,1.979
2026-10-09T06:52Z,7290,gA,1.935
2026-10-09T06:52Z,7303,gP,2.049
2026-10-09T06:52Z,7305,gP,2.049
2026-10-09T06:52Z,7420,g95e5,1.909
2026-10-09T06:52Z,7421,gA,2.019
2026-10-09T06:52Z,7426,gA,2.009
2026-10-09T06:52Z,7453,gA,1.989
2026-10-09T06:52Z,7453,gP,2.079
2026-10-09T06:52Z,7460,gA,1.980
2026-10-09T06:52Z,7460,gP,2.080
2026-10-09T06:52Z,7461,g95e5,1.848
2026-10-09T06:52Z,7469,gA,1.929
2026-10-09T06:52Z,7469,gP,1.979
2026-10-09T06:52Z,7543,g95e5,1.832
2026-10-09T06:52Z,7543,gA,1.867
2026-10-09T06:52Z,7543,gP,1.947
2026-10-09T06:52Z,7543,g98e5,1.972
2026-10-09T06:52Z,7543,gB,1.769
2026-10-09T06:52Z,7551,gA,2.025
2026-10-09T06:52Z,7587,g95e5,1.839
2026-10-09T06:52Z,7587,gA,1.999
2026-10-09T06:52Z,7587,gP,2.059
2026-10-09T06:52Z,7587,g98e5,2.029
2026-10-09T06:52Z,7590,gA,1.799
2026-10-09T06:52Z,7590,gP,1.849
2026-10-09T06:52Z,7594,gA,1.909
2026-10-09T06:52Z,7594,gP,1.959
2026-10-09T06:52Z,7608,gA,1.909
2026-10-09T06:52Z,7608,gP,1.959
2026-10-09T06:52Z,7612,g95e5,1.789
2026-10-09T06:52Z,7612,gA,1.909
2026-10-09T06:52Z,7612,gP,1.959
2026-10-09T06:52Z,7688,gA,1.739
2026-10-09T06:52Z,7702,gA,1.689
2026-10-09T06:52Z,7707,gA,1.699
2026-10-09T06:52Z,7710,gA,1.699
2026-10-09T06:52Z,7713,gA,1.739
2026-10-09T06:52Z,7759,g95e5,1.799
2026-10-09T06:52Z,7759,gA,1.969
2026-10-09T06:52Z,7759,gP,2.069
2026-10-09T06:52Z,7859,g95e5,1.479
2026-10-09T06:52Z,7859,gA,1.619
2026-10-09T06:52Z,7859,gP,1.699
2026-10-09T06:52Z,7859,g98e5,1.599
2026-10-09T06:52Z,7902,g95e5,1.449
2026-10-09T06:52Z,7902,gA,1.549
2026-10-09T06:52Z,7902,gP,1.639
2026-10-09T06:52Z,7902,g98e5,1.559
2026-10-09T06:52Z,7998,gA,1.935
2026-10-09T06:52Z,8045,g95e5,1.799
2026-10-09T06:52Z,8045,gA,1.859
2026-10-09T06:52Z,8045,gP,1.899
2026-10-09T06:52Z,8045,g98e5,1.899
2026-10-09T06:52Z,8057,g95e5,1.835
2026-10-09T06:52Z,8057,g98e5,1.975
2026-10-09T06:52Z,8266,g95e5,1.828
2026-10-09T06:52Z,8266,g95e5p,1.898
2026-10-09T06:52Z,8274,gA,1.995
2026-10-09T06:52Z,8294,g95e5,1.829
2026-10-09T06:52Z,8294,gA,1.949
2026-10-09T06:52Z,8294,gP,1.999
2026-10-09T06:52Z,8294,g98e5,1.969
2026-10-09T06:52Z,8295,g95e5,1.864
2026-10-09T06:52Z,8295,gA,1.948
2026-10-09T06:52Z,8295,gP,2.048
2026-10-09T06:52Z,8295,g98e5,1.984
2026-10-09T06:52Z,8296,g95e5,1.964
2026-10-09T06:52Z,8296,gA,1.938
2026-10-09T06:52Z,8296,gP,2.038
2026-10-09T06:52Z,8296,g98e5,2.091
2026-10-09T06:52Z,8301,g95e5,1.795
2026-10-09T06:52Z,8301,gA,1.939
2026-10-09T06:52Z,8301,gP,2.029
2026-10-09T06:52Z,8301,g98e5,1.935
2026-10-09T06:52Z,8304,g95e5,1.864
2026-10-09T06:52Z,8304,gA,1.944
2026-10-09T06:52Z,8304,gP,2.034
2026-10-09T06:52Z,8304,g98e5,1.984
2026-10-09T06:52Z,8305,g95e5,1.864
2026-10-09T06:52Z,8305,gA,1.944
2026-10-09T06:52Z,8305,gP,2.034
2026-10-09T06:52Z,8305,g98e5,1.984
2026-10-09T06:52Z,8327,g95e5,1.929
2026-10-09T06:52Z,8327,g98e5,1.989
2026-10-09T06:52Z,8504,g95e5,1.689
2026-10-09T06:52Z,8504,gA,1.779
2026-10-09T06:52Z,8504,gP,1.779
2026-10-09T06:52Z,8504,g95e5p,1.689
2026-10-09T06:52Z,8539,g95e5,1.729
2026-10-09T06:52Z,8539,gA,1.769
2026-10-09T06:52Z,8544,g95e5,1.799
2026-10-09T06:52Z,8544,gA,1.899
2026-10-09T06:52Z,8544,gP,1.989
2026-10-09T06:52Z,8544,g98e5,1.889
2026-10-09T06:52Z,8545,g95e5,1.799
2026-10-09T06:52Z,8545,gA,1.899
2026-10-09T06:52Z,8545,gP,1.989
2026-10-09T06:52Z,8545,g98e5,1.889
2026-10-09T06:52Z,8576,g95e5,1.689
2026-10-09T06:52Z,8576,gA,1.769
2026-10-09T06:52Z,8577,g95e5,1.689
2026-10-09T06:52Z,8577,gA,1.769
2026-10-09T06:52Z,8728,gA,1.699
2026-10-09T06:52Z,8900,g95e5,1.719
2026-10-09T06:52Z,8900,gA,1.799
2026-10-09T06:52Z,8900,gB,1.529
2026-10-09T06:52Z,8920,g95e5,1.812
2026-10-09T06:52Z,8920,gA,1.900
2026-10-09T06:52Z,8920,gP,1.959
2026-10-09T06:52Z,8920,g98e5,1.978
2026-10-09T06:52Z,8920,gB,1.656
2026-10-09T06:52Z,9102,g95e5,1.819
2026-10-09T06:52Z,9102,gA,1.939
2026-10-09T06:52Z,9102,gP,1.989
2026-10-09T06:52Z,9102,g95e5p,1.869
2026-10-09T06:52Z,9135,g95e5,1.869
2026-10-09T06:52Z,9135,g98e5,2.009
2026-10-09T06:52Z,9136,g95e5,1.869
2026-10-09T06:52Z,9136,g98e5,2.009
2026-10-09T06:52Z,9137,g95e5,1.869
2026-10-09T06:52Z,9137,g98e5,2.009
2026-10-09T06:52Z,9138,g95e5,1.869
2026-10-09T06:52Z,9138,g98e5,2.009
2026-10-09T06:52Z,9140,g95e5,1.869
2026-10-09T06:52Z,9140,g98e5,2.009
2026-10-09T06:52Z,9140,gB,1.729
2026-10-09T06:52Z,9142,g95e5,1.869
2026-10-09T06:52Z,9142,g98e5,2.009
2026-10-09T06:52Z,9142,gB,1.729
2026-10-09T06:52Z,9143,g95e5,1.869
2026-10-09T06:52Z,9143,gA,1.995
2026-10-09T06:52Z,9143,gP,2.085
2026-10-09T06:52Z,9143,g98e5,2.009
2026-10-09T06:52Z,9181,glp,0.969
2026-10-09T06:52Z,9259,g95e5,1.839
2026-10-09T06:52Z,9259,g98e5,1.981
2026-10-09T06:52Z,9344,g95e5,1.799
2026-10-09T06:52Z,9344,gA,1.959
2026-10-09T06:52Z,9344,gP,2.009
2026-10-09T06:52Z,9344,g95e5p,1.849
2026-10-09T06:52Z,9347,g95e5,1.829
2026-10-09T06:52Z,9347,g95e5p,1.879
2026-10-09T06:52Z,9383,gA,1.999
2026-10-09T06:52Z,9383,gP,2.099
2026-10-09T06:52Z,9405,g95e5,1.809
2026-10-09T06:52Z,9455,gA,1.929
2026-10-09T06:52Z,9455,gP,1.979
2026-10-09T06:52Z,9460,g95e5,1.804
2026-10-09T06:52Z,9460,gA,1.882
2026-10-09T06:52Z,9460,gP,1.940
2026-10-09T06:52Z,9460,g98e5,1.956
2026-10-09T06:52Z,9490,g95e5,1.599
2026-10-09T06:52Z,9490,gA,1.739
2026-10-09T06:52Z,9490,gP,1.809
2026-10-09T06:52Z,9490,g98e5,1.739
2026-10-09T06:52Z,9520,g95e5,1.839
2026-10-09T06:52Z,9520,gA,1.909
2026-10-09T06:52Z,9520,gP,1.999
2026-10-09T06:52Z,9564,g95e5,1.689
2026-10-09T06:52Z,9564,gA,1.769
2026-10-09T06:52Z,9564,gP,1.769
2026-10-09T06:52Z,9564,g95e5p,1.689
2026-10-09T06:52Z,9684,g95e5,1.805
2026-10-09T06:52Z,9684,gA,1.959
2026-10-09T06:52Z,9684,gP,2.009
2026-10-09T06:52Z,9699,gA,1.869
2026-10-09T06:52Z,9734,g95e5,1.815
2026-10-09T06:52Z,9734,gA,1.999
2026-10-09T06:52Z,9734,gP,2.089
2026-10-09T06:52Z,9746,g95e5,1.849
2026-10-09T06:52Z,9746,gA,1.949
2026-10-09T06:52Z,9746,gP,1.999
2026-10-09T06:52Z,9746,gB,1.899
2026-10-09T06:52Z,9896,g95e5,1.749
2026-10-09T06:52Z,9896,gA,1.839
2026-10-09T06:52Z,9896,gP,1.899
2026-10-09T06:52Z,9896,g98e5,1.979
2026-10-09T06:52Z,9915,g95e5,1.839
2026-10-09T06:52Z,9915,gA,1.909
2026-10-09T06:52Z,9915,gP,1.999
2026-10-09T06:52Z,10244,g95e5,1.689
2026-10-09T06:52Z,10244,gA,1.769
2026-10-09T06:52Z,10244,gP,1.769
2026-10-09T06:52Z,10252,gA,1.985
2026-10-09T06:52Z,10366,g95e5,1.848
2026-10-09T06:52Z,10366,gA,1.980
2026-10-09T06:52Z,10366,gP,2.060
2026-10-09T06:52Z,10556,g95e5,1.839
2026-10-09T06:52Z,10556,gA,1.959
2026-10-09T06:52Z,10556,gP,2.009
2026-10-09T06:52Z,10556,g95e5p,1.889
2026-10-09T06:52Z,10603,gA,1.949
2026-10-09T06:52Z,10603,gP,2.069
2026-10-09T06:52Z,10603,gB,1.829
2026-10-09T06:52Z,10608,gA,1.940
2026-10-09T06:52Z,10608,gP,2.070
2026-10-09T06:52Z,10633,gA,1.729
2026-10-09T06:52Z,10647,g95e5,1.754
2026-10-09T06:52Z,10647,gA,1.884
2026-10-09T06:52Z,10647,gP,1.934
2026-10-09T06:52Z,10647,g98e5,1.894
2026-10-09T06:52Z,10659,g95e5,1.818
2026-10-09T06:52Z,10659,gA,1.876
2026-10-09T06:52Z,10659,gP,1.986
2026-10-09T06:52Z,10680,g95e5,1.799
2026-10-09T06:52Z,10680,g98e5,1.899
2026-10-09T06:52Z,10750,g95e5,1.879
2026-10-09T06:52Z,10750,gA,1.939
2026-10-09T06:52Z,10750,gP,2.039
2026-10-09T06:52Z,10750,g98e5,2.029
2026-10-09T06:52Z,10827,g95e5,1.849
2026-10-09T06:52Z,10827,gA,1.999
2026-10-09T06:52Z,10827,gP,2.069
2026-10-09T06:52Z,10827,g98e5,1.999
2026-10-09T06:52Z,10862,g95e5,1.879
2026-10-09T06:52Z,10862,gA,1.965
2026-10-09T06:52Z,10874,gA,1.919
2026-10-09T06:52Z,10917,g95e5,1.818
2026-10-09T06:52Z,10917,gA,1.876
2026-10-09T06:52Z,10917,gP,1.986
2026-10-09T06:52Z,10979,gA,1.939
2026-10-09T06:52Z,10979,gP,2.029
2026-10-09T06:52Z,10982,gA,1.945
2026-10-09T06:52Z,10982,gP,2.070
2026-10-09T06:52Z,11009,g95e5,1.699
2026-10-09T06:52Z,11009,gA,1.769
2026-10-09T06:52Z,11009,gP,1.779
2026-10-09T06:52Z,11031,g95e5,1.799
2026-10-09T06:52Z,11031,gA,1.929
2026-10-09T06:52Z,11031,gP,2.019
2026-10-09T06:52Z,11031,g98e5,1.939
2026-10-09T06:52Z,11136,g95e5,1.799
2026-10-09T06:52Z,11136,gA,1.899
2026-10-09T06:52Z,11157,g95e5,1.839
2026-10-09T06:52Z,11157,gA,1.969
2026-10-09T06:52Z,11157,gP,2.029
2026-10-09T06:52Z,11157,gB,1.849
2026-10-09T06:52Z,11208,gA,1.919
2026-10-09T06:52Z,11228,gA,1.954
2026-10-09T06:52Z,11228,gP,2.004
2026-10-09T06:52Z,11236,g95e5,1.669
2026-10-09T06:52Z,11236,gA,1.757
2026-10-09T06:52Z,11236,gP,1.857
2026-10-09T06:52Z,11278,gA,1.780
2026-10-09T06:52Z,11305,g95e5,1.864
2026-10-09T06:52Z,11305,gA,1.924
2026-10-09T06:52Z,11305,gP,2.014
2026-10-09T06:52Z,11305,g98e5,1.984
2026-10-09T06:52Z,11306,g95e5,1.864
2026-10-09T06:52Z,11306,gA,1.924
2026-10-09T06:52Z,11306,gP,2.014
2026-10-09T06:52Z,11306,g98e5,1.984
2026-10-09T06:52Z,11313,g95e5,1.619
2026-10-09T06:52Z,11316,gA,1.969
2026-10-09T06:52Z,11316,gP,2.019
2026-10-09T06:52Z,11322,g95e5,1.889
2026-10-09T06:52Z,11322,gA,1.959
2026-10-09T06:52Z,11322,gP,2.059
2026-10-09T06:52Z,11322,g98e5,1.989
2026-10-09T06:52Z,11327,gA,1.929
2026-10-09T06:52Z,11327,gP,1.979
2026-10-09T06:52Z,11331,g95e5,1.814
2026-10-09T06:52Z,11331,gA,1.894
2026-10-09T06:52Z,11331,gP,1.944
2026-10-09T06:52Z,11331,g98e5,1.949
2026-10-09T06:52Z,11337,g95e5,1.824
2026-10-09T06:52Z,11337,gA,1.854
2026-10-09T06:52Z,11337,gP,1.904
2026-10-09T06:52Z,11337,g95e5p,1.874
2026-10-09T06:52Z,11422,gA,1.915
2026-10-09T06:52Z,11422,gP,2.005
2026-10-09T06:52Z,11425,g95e5,1.769
2026-10-09T06:52Z,11425,gA,1.929
2026-10-09T06:52Z,11425,gP,1.989
2026-10-09T06:52Z,11435,g95e5,1.799
2026-10-09T06:52Z,11435,gA,1.899
2026-10-09T06:52Z,11497,gA,1.969
2026-10-09T06:52Z,11536,gA,1.959
2026-10-09T06:52Z,11553,gA,1.949
2026-10-09T06:52Z,11553,gP,1.999
2026-10-09T06:52Z,11560,gA,1.995
2026-10-09T06:52Z,11593,gA,1.985
2026-10-09T06:52Z,11597,g95e5,1.929
2026-10-09T06:52Z,11597,gA,1.979
2026-10-09T06:52Z,11597,gP,2.069
2026-10-09T06:52Z,11597,g98e5,2.049
2026-10-09T06:52Z,11598,g95e5,1.929
2026-10-09T06:52Z,11598,gA,1.979
2026-10-09T06:52Z,11598,gP,2.069
2026-10-09T06:52Z,11598,g98e5,2.049
2026-10-09T06:52Z,11633,gA,1.955
2026-10-09T06:52Z,11633,gP,2.030
2026-10-09T06:52Z,11660,g95e5,1.575
2026-10-09T06:52Z,11660,gA,1.669
2026-10-09T06:52Z,11660,gP,1.745
2026-10-09T06:52Z,11660,g98e5,1.645
2026-10-09T06:52Z,11666,gA,1.935
2026-10-09T06:52Z,11674,gA,1.949
2026-10-09T06:52Z,11674,gP,2.060
2026-10-09T06:52Z,11761,gA,1.799
2026-10-09T06:52Z,11761,gP,1.849
2026-10-09T06:52Z,11830,g95e5,1.839
2026-10-09T06:52Z,11830,gA,1.959
2026-10-09T06:52Z,11830,gP,2.009
2026-10-09T06:52Z,11830,g98e5,1.949
2026-10-09T06:52Z,11858,g95e5,1.669
2026-10-09T06:52Z,11858,gA,1.757
2026-10-09T06:52Z,11858,gP,1.857
2026-10-09T06:52Z,11858,g98e5,1.769
2026-10-09T06:52Z,11890,gA,1.934
2026-10-09T06:52Z,11890,gP,2.024
2026-10-09T06:52Z,11974,g95e5,1.835
2026-10-09T06:52Z,12012,g95e5,1.869
2026-10-09T06:52Z,12012,g98e5,2.009
2026-10-09T06:52Z,12022,gA,2.005
2026-10-09T06:52Z,12027,g95e5,1.769
2026-10-09T06:52Z,12027,gA,1.845
2026-10-09T06:52Z,12045,gA,2.009
2026-10-09T06:52Z,12060,g95e5,1.799
2026-10-09T06:52Z,12060,gA,1.899
2026-10-09T06:52Z,12060,gP,1.989
2026-10-09T06:52Z,12060,g98e5,1.889
2026-10-09T06:52Z,12096,gA,2.025
2026-10-09T06:52Z,12101,gA,1.955
2026-10-09T06:52Z,12101,gP,2.040
2026-10-09T06:52Z,12133,g95e5,1.689
2026-10-09T06:52Z,12133,gA,1.799
2026-10-09T06:52Z,12133,gP,1.819
2026-10-09T06:52Z,12159,g95e5,1.859
2026-10-09T06:52Z,12180,gA,1.886
2026-10-09T06:52Z,12180,gP,1.998
2026-10-09T06:52Z,12197,g95e5,1.659
2026-10-09T06:52Z,12216,g95e5,1.814
2026-10-09T06:52Z,12216,gA,1.928
2026-10-09T06:52Z,12216,gP,2.018
2026-10-09T06:52Z,12216,g98e5,1.941
2026-10-09T06:52Z,12216,gB,1.689
2026-10-09T06:52Z,12297,gA,1.769
2026-10-09T06:52Z,12350,gA,2.005
2026-10-09T06:52Z,12499,g95e5,1.869
2026-10-09T06:52Z,12499,g98e5,2.009
2026-10-09T06:52Z,12566,g95e5,1.799
2026-10-09T06:52Z,12566,gA,1.859
2026-10-09T06:52Z,12615,g95e5,1.808
2026-10-09T06:52Z,12630,gA,1.719
2026-10-09T06:52Z,12654,g95e5,1.759
2026-10-09T06:52Z,12724,g95e5,1.739
2026-10-09T06:52Z,12780,g95e5,1.709
2026-10-09T06:52Z,12787,g95e5,1.879
2026-10-09T06:52Z,12787,gA,1.979
2026-10-09T06:52Z,12787,gP,2.079
2026-10-09T06:52Z,12802,g95e5,1.869
2026-10-09T06:52Z,12802,g98e5,2.009
2026-10-09T06:52Z,12809,g95e5,1.659
2026-10-09T06:52Z,12821,g95e5,1.689
2026-10-09T06:52Z,12821,gA,1.769
2026-10-09T06:52Z,12901,gA,1.769
2026-10-09T06:52Z,12998,gA,1.979
2026-10-09T06:52Z,13106,g95e5,1.859
2026-10-09T06:52Z,13106,gA,1.959
2026-10-09T06:52Z,13106,g98e5,1.999
2026-10-09T06:52Z,13111,g95e5,1.814
2026-10-09T06:52Z,13111,gA,1.928
2026-10-09T06:52Z,13134,g95e5,1.869
2026-10-09T06:52Z,13134,g98e5,2.009
2026-10-09T06:52Z,13167,g95e5,1.689
2026-10-09T06:52Z,13167,g95e5p,1.709
2026-10-09T06:52Z,13188,g95e5,1.735
2026-10-09T06:52Z,13188,gA,1.835
2026-10-09T06:52Z,13208,gA,2.005
2026-10-09T06:52Z,13208,gP,2.075
2026-10-09T06:52Z,13261,g95e5,1.629
2026-10-09T06:52Z,13261,gA,1.759
2026-10-09T06:52Z,13261,gP,1.779
2026-10-09T06:52Z,13315,g95e5,1.419
2026-10-09T06:52Z,13315,gA,1.589
2026-10-09T06:52Z,13322,g95e5,1.719
2026-10-09T06:52Z,13361,gA,1.949
2026-10-09T06:52Z,13590,g95e5,1.719
2026-10-09T06:52Z,13747,gA,1.975
2026-10-09T06:52Z,13758,gA,1.799
2026-10-09T06:52Z,13765,g95e5,1.855
2026-10-09T06:52Z,13765,gA,1.929
2026-10-09T06:52Z,13823,gA,1.759
2026-10-09T06:52Z,13985,gA,1.965
2026-10-09T06:52Z,14034,g95e5,1.429
2026-10-09T06:52Z,14034,gA,1.599
2026-10-09T06:52Z,14034,gP,1.689
2026-10-09T06:52Z,14034,g98e5,1.559
2026-10-09T06:52Z,14138,g95e5,1.808
2026-10-09T06:52Z,14138,gA,1.994
2026-10-09T06:52Z,14138,g98e5,1.938
2026-10-09T06:52Z,14138,gB,1.704
2026-10-09T06:52Z,14209,gA,1.989
2026-10-09T06:52Z,14237,g95e5,1.714
2026-10-09T06:52Z,14237,gA,1.824
2026-10-09T06:52Z,14270,g95e5,1.844
2026-10-09T06:52Z,14270,gA,1.974
2026-10-09T06:52Z,14270,gP,2.064
2026-10-09T06:52Z,14270,g95e5p,1.894
2026-10-09T06:52Z,14315,g95e5,1.759
2026-10-09T06:52Z,14315,gA,1.909
2026-10-09T06:52Z,14315,gP,1.959
2026-10-09T06:52Z,14315,g95e5p,1.809
2026-10-09T06:52Z,14334,g95e5,1.855
2026-10-09T06:52Z,14334,gA,1.949
2026-10-09T06:52Z,14334,g98e5,2.005
2026-10-09T06:52Z,14343,g95e5,1.709
2026-10-09T06:52Z,14449,g95e5,1.709
2026-10-09T06:52Z,14449,gA,1.819
2026-10-09T06:52Z,14530,g95e5,1.825
2026-10-09T06:52Z,14530,gA,1.945
2026-10-09T06:52Z,14530,gP,2.035
2026-10-09T06:52Z,14530,g98e5,1.965
2026-10-09T06:52Z,14585,g95e5,1.689
2026-10-09T06:52Z,14589,g95e5,1.679
2026-10-09T06:52Z,14589,gA,1.809
2026-10-09T06:52Z,14607,g95e5,1.629
2026-10-09T06:52Z,14659,g95e5,1.699
2026-10-09T06:52Z,14659,gA,1.799
2026-10-09T06:52Z,14711,g95e5,1.759
2026-10-09T06:52Z,14711,gA,1.789
2026-10-09T06:52Z,14807,g95e5,1.729
2026-10-09T06:52Z,14807,gA,1.859
2026-10-09T06:52Z,14815,g95e5,1.689
2026-10-09T06:52Z,14819,g98e5,1.999
2026-10-09T06:52Z,14850,gA,1.747
2026-10-09T06:52Z,14904,gA,1.849
2026-10-09T06:52Z,14915,g95e5,1.689
2026-10-09T06:52Z,14915,gA,1.769
2026-10-09T06:52Z,14921,gA,1.859
2026-10-09T06:52Z,14923,g95e5,1.849
2026-10-09T06:52Z,14923,gA,1.969
2026-10-09T06:52Z,14923,gP,2.019
2026-10-09T06:52Z,14923,g95e5p,1.899
2026-10-09T06:52Z,14958,g95e5,1.679
2026-10-09T06:52Z,14958,gA,1.829
2026-10-09T06:52Z,14971,g95e5,1.875
2026-10-09T06:52Z,14971,gA,1.919
2026-10-09T06:52Z,14971,gB,1.815
2026-10-09T06:52Z,14993,g95e5,1.719
2026-10-09T06:52Z,15003,gA,1.865
2026-10-09T06:52Z,15008,gA,1.865
2026-10-09T06:52Z,15008,gP,1.885
2026-10-09T06:52Z,15077,g95e5,1.739
2026-10-09T06:52Z,15087,g95e5,1.819
2026-10-09T06:52Z,15087,gA,1.899
2026-10-09T06:52Z,15087,gP,1.949
2026-10-09T06:52Z,15087,g98e5,1.959
2026-10-09T06:52Z,15145,gA,1.859
2026-10-09T06:52Z,15157,gA,1.969
2026-10-09T06:52Z,15157,gP,2.059
2026-10-09T06:52Z,15195,g95e5,1.669
2026-10-09T06:52Z,15222,g95e5,1.709
2026-10-09T06:52Z,15253,g95e5,1.814
2026-10-09T06:52Z,15253,gA,1.928
2026-10-09T06:52Z,15253,gP,2.018
2026-10-09T06:52Z,15253,g98e5,1.941
2026-10-09T06:52Z,15406,g95e5,2.099
2026-10-09T06:52Z,15406,gA,2.259
2026-10-09T06:52Z,15406,gB,2.199
2026-10-09T06:52Z,15485,g95e5,1.629
2026-10-09T06:52Z,15485,gA,1.759
2026-10-09T06:52Z,15485,gP,1.779
2026-10-09T06:52Z,15504,g95e5,1.695
2026-10-09T06:52Z,15504,gA,1.859
2026-10-09T06:52Z,15739,g95e5,1.754
2026-10-09T06:52Z,15739,gA,1.894
2026-10-09T06:52Z,15739,gP,1.944
2026-10-09T06:52Z,15799,g95e5,1.829
2026-10-09T06:52Z,15799,gA,1.929
2026-10-09T06:52Z,15808,g95e5,1.839
2026-10-09T06:52Z,15808,gA,1.949
2026-10-09T06:52Z,15808,gP,2.069
2026-10-09T06:52Z,15808,g98e5,1.959
2026-10-09T06:52Z,15888,gA,1.747
2026-10-09T06:52Z,15911,g95e5,1.814
2026-10-09T06:52Z,15911,gA,1.928
2026-10-09T06:52Z,16029,g95e5,1.709
2026-10-09T06:52Z,16029,gA,1.809
2026-10-09T06:52Z,16029,gP,1.829
2026-10-09T06:52Z,16061,g95e5,1.669
2026-10-09T06:52Z,16097,g95e5,1.784
2026-10-09T06:52Z,16097,gA,1.869
2026-10-09T06:52Z,16136,g95e5,1.869
2026-10-09T06:52Z,16136,g98e5,1.969
2026-10-09T06:52Z,16144,gA,1.799
2026-10-09T06:52Z,16248,g95e5,1.729
2026-10-09T06:52Z,16285,g95e5,1.659
2026-10-09T06:52Z,16285,g95e5p,1.669
2026-10-09T06:52Z,16314,g95e5,1.719
2026-10-09T06:52Z,16365,g95e5,1.818
2026-10-09T06:52Z,16365,gA,1.876
2026-10-09T06:52Z,16365,gP,1.986
2026-10-09T06:52Z,16455,g95e5,1.685
2026-10-09T06:52Z,16480,gA,1.809
2026-10-09T06:52Z,16517,g95e5,1.679
2026-10-09T06:52Z,16517,gA,1.829
2026-10-09T06:52Z,16530,g95e5,1.700
2026-10-09T06:52Z,16530,gA,1.780
2026-10-09T13:55Z,3,g95e5,1.875
2026-10-09T13:55Z,15,gA,1.849
2026-10-09T13:55Z,15,gP,1.889
2026-10-09T13:55Z,15,gB,1.620
2026-10-09T13:55Z,17,g95e5,1.869
2026-10-09T13:55Z,17,gA,1.979
2026-10-09T13:55Z,17,gP,2.039
2026-10-09T13:55Z,17,g98e5,1.979
2026-10-09T13:55Z,21,g95e5,1.849
2026-10-09T13:55Z,21,gA,1.989
2026-10-09T13:55Z,28,g95e5,1.869
2026-10-09T13:55Z,28,gA,2.009
2026-10-09T13:55Z,28,gP,2.059
2026-10-09T13:55Z,28,g98e5,2.024
2026-10-09T13:55Z,29,g95e5,1.794
2026-10-09T13:55Z,29,gA,1.944
2026-10-09T13:55Z,29,gP,1.994
2026-10-09T13:55Z,32,gA,1.749
2026-10-09T13:55Z,32,gP,1.809
2026-10-09T13:55Z,33,gA,1.749
2026-10-09T13:55Z,33,gP,1.849
2026-10-09T13:55Z,36,g95e5,1.709
2026-10-09T13:55Z,39,g98e5,2.009
2026-10-09T13:55Z,40,g95e5,1.819
2026-10-09T13:55Z,40,gA,1.979
2026-10-09T13:55Z,40,gP,2.019
2026-10-09T13:55Z,49,g95e5,1.875
2026-10-09T13:55Z,57,g95e5,1.859
2026-10-09T13:55Z,66,g95e5,1.749
2026-10-09T13:55Z,66,gA,1.829
2026-10-09T13:55Z,66,gP,1.879
2026-10-09T13:55Z,66,g95e5p,1.799
2026-10-09T13:55Z,67,g95e5,1.834
2026-10-09T13:55Z,67,gA,1.944
2026-10-09T13:55Z,67,gP,1.994
2026-10-09T13:55Z,68,g95e5,1.834
2026-10-09T13:55Z,68,gA,1.944
2026-10-09T13:55Z,68,gP,1.994
2026-10-09T13:55Z,68,g98e5,1.944
2026-10-09T13:55Z,70,g95e5,1.879
2026-10-09T13:55Z,70,gA,1.999
2026-10-09T13:55Z,70,gP,2.089
2026-10-09T13:55Z,70,g98e5,1.999
2026-10-09T13:55Z,71,g95e5,1.879
2026-10-09T13:55Z,71,gA,1.999
2026-10-09T13:55Z,71,gP,2.089
2026-10-09T13:55Z,71,g98e5,1.999
2026-10-09T13:55Z,72,g95e5,1.744
2026-10-09T13:55Z,72,gA,1.844
2026-10-09T13:55Z,72,gP,1.894
2026-10-09T13:55Z,72,g95e5p,1.794
2026-10-09T13:55Z,76,g95e5,1.704
2026-10-09T13:55Z,76,gA,1.784
2026-10-09T13:55Z,76,gP,1.834
2026-10-09T13:55Z,76,g95e5p,1.754
2026-10-09T13:55Z,77,gA,1.995
2026-10-09T13:55Z,77,gP,2.110
2026-10-09T13:55Z,78,g95e5,1.868
2026-10-09T13:55Z,78,gA,2.005
2026-10-09T13:55Z,78,gP,2.055
2026-10-09T13:55Z,78,g95e5p,1.938
2026-10-09T13:55Z,97,gA,1.979
2026-10-09T13:55Z,100,gA,1.975
2026-10-09T13:55Z,102,g95e5,1.759
2026-10-09T13:55Z,102,gA,1.849
2026-10-09T13:55Z,102,gP,1.909
2026-10-09T13:55Z,104,g95e5,1.859
2026-10-09T13:55Z,105,gA,1.989
2026-10-09T13:55Z,107,g95e5,1.859
2026-10-09T13:55Z,107,gA,1.999
2026-10-09T13:55Z,110,g95e5,1.858
2026-10-09T13:55Z,110,g95e5p,1.928
2026-10-09T13:55Z,130,gA,1.969
2026-10-09T13:55Z,134,gA,1.995
2026-10-09T13:55Z,135,g95e5,1.885
2026-10-09T13:55Z,135,gA,1.995
2026-10-09T13:55Z,137,gA,2.005
2026-10-09T13:55Z,138,gA,2.015
2026-10-09T13:55Z,139,g95e5,1.859
2026-10-09T13:55Z,143,g95e5,1.895
2026-10-09T13:55Z,150,g95e5,1.859
2026-10-09T13:55Z,150,gA,1.959
2026-10-09T13:55Z,152,g95e5,1.689
2026-10-09T13:55Z,155,g95e5,1.689
2026-10-09T13:55Z,156,gA,1.819
2026-10-09T13:55Z,156,gP,1.889
2026-10-09T13:55Z,160,g95e5,1.659
2026-10-09T13:55Z,160,gA,1.718
2026-10-09T13:55Z,160,gP,1.738
2026-10-09T13:55Z,160,g98e5,1.789
2026-10-09T13:55Z,163,g95e5,1.794
2026-10-09T13:55Z,163,gA,1.854
2026-10-09T13:55Z,163,gP,1.904
2026-10-09T13:55Z,173,gA,1.999
2026-10-09T13:55Z,174,gB,1.899
2026-10-09T13:55Z,177,gA,1.955
2026-10-09T13:55Z,178,gA,1.965
2026-10-09T13:55Z,183,g95e5,1.895
2026-10-09T13:55Z,202,gA,1.969
2026-10-09T13:55Z,203,g95e5,1.895
2026-10-09T13:55Z,204,gA,1.985
2026-10-09T13:55Z,206,gA,1.955
2026-10-09T13:55Z,207,gA,2.005
2026-10-09T13:55Z,208,gA,1.995
2026-10-09T13:55Z,222,g95e5,1.799
2026-10-09T13:55Z,227,g95e5,1.855
2026-10-09T13:55Z,242,gA,1.979
2026-10-09T13:55Z,244,g95e5,1.885
2026-10-09T13:55Z,245,gA,1.969
2026-10-09T13:55Z,251,g95e5,1.689
2026-10-09T13:55Z,255,g95e5,1.819
2026-10-09T13:55Z,256,g95e5,1.689
2026-10-09T13:55Z,256,gA,1.769
2026-10-09T13:55Z,256,gP,1.859
2026-10-09T13:55Z,256,g98e5,1.839
2026-10-09T13:55Z,259,gA,1.929
2026-10-09T13:55Z,259,gP,2.039
2026-10-09T13:55Z,259,g98e5,1.935
2026-10-09T13:55Z,259,gB,1.765
2026-10-09T13:55Z,262,g95e5,1.869
2026-10-09T13:55Z,262,gA,1.929
2026-10-09T13:55Z,262,gP,1.949
2026-10-09T13:55Z,262,g98e5,2.009
2026-10-09T13:55Z,262,gB,1.569
2026-10-09T13:55Z,270,g95e5,1.819
2026-10-09T13:55Z,270,gA,1.969
2026-10-09T13:55Z,270,gP,2.029
2026-10-09T13:55Z,270,g98e5,1.939
2026-10-09T13:55Z,278,g95e5,1.758
2026-10-09T13:55Z,278,gA,1.828
2026-10-09T13:55Z,278,g98e5,1.898
2026-10-09T13:55Z,279,gA,1.909
2026-10-09T13:55Z,287,g95e5,1.879
2026-10-09T13:55Z,287,gA,1.979
2026-10-09T13:55Z,287,gP,2.079
2026-10-09T13:55Z,290,gA,1.915
2026-10-09T13:55Z,290,gP,2.015
2026-10-09T13:55Z,304,gA,1.869
2026-10-09T13:55Z,308,g95e5,1.734
2026-10-09T13:55Z,308,gA,1.764
2026-10-09T13:55Z,308,gP,1.814
2026-10-09T13:55Z,308,g95e5p,1.784
2026-10-09T13:55Z,311,gA,1.869
2026-10-09T13:55Z,314,gA,1.789
2026-10-09T13:55Z,314,gP,1.789
2026-10-09T13:55Z,323,g95e5,1.859
2026-10-09T13:55Z,323,g98e5,1.959
2026-10-09T13:55Z,324,g95e5,1.842
2026-10-09T13:55Z,324,gA,1.953
2026-10-09T13:55Z,324,gP,1.997
2026-10-09T13:55Z,324,g98e5,1.975
2026-10-09T13:55Z,337,gA,1.975
2026-10-09T13:55Z,340,g95e5,1.855
2026-10-09T13:55Z,343,gP,1.699
2026-10-09T13:55Z,358,g95e5,1.774
2026-10-09T13:55Z,358,gA,1.894
2026-10-09T13:55Z,358,gP,1.944
2026-10-09T13:55Z,358,g95e5p,1.824
2026-10-09T13:55Z,368,g95e5,1.699
2026-10-09T13:55Z,368,gA,1.799
2026-10-09T13:55Z,368,gP,1.849
2026-10-09T13:55Z,368,g95e5p,1.749
2026-10-09T13:55Z,385,g95e5,1.848
2026-10-09T13:55Z,385,gA,2.009
2026-10-09T13:55Z,385,gP,2.110
2026-10-09T13:55Z,385,g95e5p,1.898
2026-10-09T13:55Z,396,g95e5,1.709
2026-10-09T13:55Z,396,gA,1.829
2026-10-09T13:55Z,396,g98e5,1.779
2026-10-09T13:55Z,405,g95e5,1.679
2026-10-09T13:55Z,405,gA,1.767
2026-10-09T13:55Z,405,gP,1.882
2026-10-09T13:55Z,407,gA,1.999
2026-10-09T13:55Z,407,gP,2.059
2026-10-09T13:55Z,409,g95e5,1.774
2026-10-09T13:55Z,409,gA,1.924
2026-10-09T13:55Z,409,gP,1.974
2026-10-09T13:55Z,409,g95e5p,1.824
2026-10-09T13:55Z,409,gB,1.734
2026-10-09T13:55Z,413,gA,1.999
2026-10-09T13:55Z,413,gP,2.059
2026-10-09T13:55Z,415,g95e5,1.819
2026-10-09T13:55Z,415,gA,1.969
2026-10-09T13:55Z,415,gP,2.019
2026-10-09T13:55Z,416,g95e5,1.875
2026-10-09T13:55Z,417,g95e5,1.875
2026-10-09T13:55Z,417,gA,1.975
2026-10-09T13:55Z,417,gP,2.055
2026-10-09T13:55Z,417,g95e5p,1.918
2026-10-09T13:55Z,423,gA,1.979
2026-10-09T13:55Z,425,g95e5,1.848
2026-10-09T13:55Z,425,g95e5p,1.908
2026-10-09T13:55Z,427,g98e5,1.879
2026-10-09T13:55Z,451,g95e5,1.849
2026-10-09T13:55Z,451,gA,1.949
2026-10-09T13:55Z,451,gP,2.009
2026-10-09T13:55Z,451,g98e5,1.999
2026-10-09T13:55Z,458,g95e5,1.825
2026-10-09T13:55Z,458,gA,1.995
2026-10-09T13:55Z,458,g98e5,1.995
2026-10-09T13:55Z,499,gA,1.949
2026-10-09T13:55Z,499,gP,2.050
2026-10-09T13:55Z,506,gA,1.929
2026-10-09T13:55Z,506,gP,2.020
2026-10-09T13:55Z,511,g95e5,1.899
2026-10-09T13:55Z,511,gA,1.949
2026-10-09T13:55Z,511,gP,2.049
2026-10-09T13:55Z,514,gA,1.979
2026-10-09T13:55Z,514,gP,2.070
2026-10-09T13:55Z,515,gA,1.979
2026-10-09T13:55Z,515,gP,2.070
2026-10-09T13:55Z,530,gP,1.849
2026-10-09T13:55Z,534,g95e5,1.820
2026-10-09T13:55Z,534,gA,1.880
2026-10-09T13:55Z,539,g95e5,1.848
2026-10-09T13:55Z,539,gA,1.985
2026-10-09T13:55Z,539,gP,2.080
2026-10-09T13:55Z,539,g95e5p,1.928
2026-10-09T13:55Z,545,gA,1.979
2026-10-09T13:55Z,545,gB,1.859
2026-10-09T13:55Z,549,gA,1.939
2026-10-09T13:55Z,550,g95e5,1.839
2026-10-09T13:55Z,550,gA,1.929
2026-10-09T13:55Z,550,g98e5,1.939
2026-10-09T13:55Z,559,gA,1.899
2026-10-09T13:55Z,559,gP,1.999
2026-10-09T13:55Z,564,gA,1.979
2026-10-09T13:55Z,590,g95e5,1.839
2026-10-09T13:55Z,590,gA,1.979
2026-10-09T13:55Z,597,gA,1.949
2026-10-09T13:55Z,610,g95e5,1.839
2026-10-09T13:55Z,610,g98e5,2.009
2026-10-09T13:55Z,610,g95e5p,1.919
2026-10-09T13:55Z,635,g95e5,1.819
2026-10-09T13:55Z,635,g98e5,1.969
2026-10-09T13:55Z,658,gA,1.909
2026-10-09T13:55Z,658,gP,1.979
2026-10-09T13:55Z,660,g95e5,1.689
2026-10-09T13:55Z,660,gA,1.809
2026-10-09T13:55Z,660,gP,1.909
2026-10-09T13:55Z,660,g98e5,1.889
2026-10-09T13:55Z,661,g95e5,1.849
2026-10-09T13:55Z,661,gA,1.969
2026-10-09T13:55Z,661,gP,2.019
2026-10-09T13:55Z,661,g95e5p,1.899
2026-10-09T13:55Z,671,gA,1.799
2026-10-09T13:55Z,675,g95e5,1.709
2026-10-09T13:55Z,675,gA,1.829
2026-10-09T13:55Z,675,gP,1.879
2026-10-09T13:55Z,675,g95e5p,1.759
2026-10-09T13:55Z,681,g95e5,1.828
2026-10-09T13:55Z,683,g95e5,1.849
2026-10-09T13:55Z,683,gA,1.949
2026-10-09T13:55Z,683,gP,2.009
2026-10-09T13:55Z,683,g98e5,1.999
2026-10-09T13:55Z,684,g95e5,1.784
2026-10-09T13:55Z,684,gA,1.934
2026-10-09T13:55Z,684,gP,1.984
2026-10-09T13:55Z,684,g95e5p,1.834
2026-10-09T13:55Z,686,g95e5,1.838
2026-10-09T13:55Z,686,gA,1.945
2026-10-09T13:55Z,686,gP,2.020
2026-10-09T13:55Z,687,g95e5,1.838
2026-10-09T13:55Z,687,gA,1.945
2026-10-09T13:55Z,687,gP,2.020
2026-10-09T13:55Z,694,g98e5,1.919
2026-10-09T13:55Z,699,gA,1.919
2026-10-09T13:55Z,699,gP,1.959
2026-10-09T13:55Z,699,g98e5,1.989
2026-10-09T13:55Z,705,g95e5,1.779
2026-10-09T13:55Z,705,gA,1.929
2026-10-09T13:55Z,705,gP,1.985
2026-10-09T13:55Z,707,g95e5,1.839
2026-10-09T13:55Z,707,g98e5,1.959
2026-10-09T13:55Z,720,gA,1.960
2026-10-09T13:55Z,720,gP,2.010
2026-10-09T13:55Z,733,g95e5,1.855
2026-10-09T13:55Z,733,g98e5,1.975
2026-10-09T13:55Z,747,g95e5,1.849
2026-10-09T13:55Z,747,gA,1.959
2026-10-09T13:55Z,748,g95e5,1.589
2026-10-09T13:55Z,752,g95e5,1.829
2026-10-09T13:55Z,752,gA,1.959
2026-10-09T13:55Z,752,gP,1.999
2026-10-09T13:55Z,752,g98e5,1.999
2026-10-09T13:55Z,804,g95e5,1.815
2026-10-09T13:55Z,804,gA,1.955
2026-10-09T13:55Z,806,g98e5,1.949
2026-10-09T13:55Z,806,gB,1.789
2026-10-09T13:55Z,812,g95e5,1.849
2026-10-09T13:55Z,812,gA,1.959
2026-10-09T13:55Z,812,gP,1.999
2026-10-09T13:55Z,812,g98e5,1.979
2026-10-09T13:55Z,813,g95e5,1.838
2026-10-09T13:55Z,813,gA,2.015
2026-10-09T13:55Z,813,gP,2.070
2026-10-09T13:55Z,824,g95e5,1.848
2026-10-09T13:55Z,829,g95e5,1.815
2026-10-09T13:55Z,829,gA,1.949
2026-10-09T13:55Z,829,gP,1.999
2026-10-09T13:55Z,829,g98e5,1.925
2026-10-09T13:55Z,830,g95e5,1.799
2026-10-09T13:55Z,830,gA,1.935
2026-10-09T13:55Z,830,gP,1.989
2026-10-09T13:55Z,830,g98e5,1.899
2026-10-09T13:55Z,831,g95e5,1.834
2026-10-09T13:55Z,831,gA,1.964
2026-10-09T13:55Z,831,gP,2.014
2026-10-09T13:55Z,831,g95e5p,1.884
2026-10-09T13:55Z,834,g95e5,1.828
2026-10-09T13:55Z,835,g95e5,1.845
2026-10-09T13:55Z,835,gA,1.955
2026-10-09T13:55Z,835,gP,2.035
2026-10-09T13:55Z,835,g98e5,2.005
2026-10-09T13:55Z,835,gB,1.785
2026-10-09T13:55Z,839,g95e5,1.689
2026-10-09T13:55Z,839,gA,1.769
2026-10-09T13:55Z,839,gP,1.859
2026-10-09T13:55Z,839,g98e5,1.839
2026-10-09T13:55Z,848,g95e5,1.845
2026-10-09T13:55Z,853,g95e5,1.799
2026-10-09T13:55Z,853,gA,1.899
2026-10-09T13:55Z,853,g98e5,1.919
2026-10-09T13:55Z,856,g95e5,1.743
2026-10-09T13:55Z,856,gA,1.843
2026-10-09T13:55Z,856,gP,1.903
2026-10-09T13:55Z,865,g95e5,1.749
2026-10-09T13:55Z,865,gA,1.839
2026-10-09T13:55Z,865,g98e5,1.879
2026-10-09T13:55Z,866,gA,1.865
2026-10-09T13:55Z,867,g95e5,1.749
2026-10-09T13:55Z,868,gA,1.827
2026-10-09T13:55Z,876,g95e5,1.779
2026-10-09T13:55Z,876,gA,1.889
2026-10-09T13:55Z,876,gP,1.969
2026-10-09T13:55Z,876,g98e5,1.919
2026-10-09T13:55Z,884,g95e5,1.868
2026-10-09T13:55Z,884,gA,1.988
2026-10-09T13:55Z,884,gP,2.048
2026-10-09T13:55Z,884,g98e5,2.038
2026-10-09T13:55Z,890,gA,1.955
2026-10-09T13:55Z,890,g98e5,2.005
2026-10-09T13:55Z,890,gB,1.809
2026-10-09T13:55Z,900,g95e5,1.869
2026-10-09T13:55Z,900,gA,2.019
2026-10-09T13:55Z,924,g95e5,1.769
2026-10-09T13:55Z,924,gA,1.880
2026-10-09T13:55Z,924,gP,1.880
2026-10-09T13:55Z,926,gA,1.819
2026-10-09T13:55Z,944,g95e5,1.859
2026-10-09T13:55Z,944,gA,1.979
2026-10-09T13:55Z,944,gP,2.029
2026-10-09T13:55Z,944,g98e5,2.029
2026-10-09T13:55Z,946,g95e5,1.814
2026-10-09T13:55Z,946,gA,1.974
2026-10-09T13:55Z,947,g95e5,1.804
2026-10-09T13:55Z,947,gA,1.924
2026-10-09T13:55Z,947,gP,1.974
2026-10-09T13:55Z,947,g98e5,1.944
2026-10-09T13:55Z,952,g95e5,1.814
2026-10-09T13:55Z,952,gA,1.974
2026-10-09T13:55Z,952,gP,2.024
2026-10-09T13:55Z,952,g98e5,1.954
2026-10-09T13:55Z,953,g95e5,1.869
2026-10-09T13:55Z,954,g95e5,1.844
2026-10-09T13:55Z,954,gA,1.994
2026-10-09T13:55Z,954,gP,2.044
2026-10-09T13:55Z,954,g98e5,1.984
2026-10-09T13:55Z,956,gA,1.899
2026-10-09T13:55Z,956,gP,1.999
2026-10-09T13:55Z,962,gA,1.989
2026-10-09T13:55Z,968,g95e5,1.879
2026-10-09T13:55Z,968,gA,1.959
2026-10-09T13:55Z,968,gP,2.059
2026-10-09T13:55Z,968,g98e5,1.999
2026-10-09T13:55Z,970,g95e5,1.869
2026-10-09T13:55Z,970,g98e5,1.969
2026-10-09T13:55Z,973,gA,1.899
2026-10-09T13:55Z,973,gP,1.999
2026-10-09T13:55Z,974,g95e5,1.834
2026-10-09T13:55Z,974,gA,1.964
2026-10-09T13:55Z,974,gP,2.014
2026-10-09T13:55Z,974,g98e5,1.974
2026-10-09T13:55Z,992,g95e5,1.885
2026-10-09T13:55Z,992,g95e5p,1.928
2026-10-09T13:55Z,993,g95e5,1.885
2026-10-09T13:55Z,993,g95e5p,1.928
2026-10-09T13:55Z,997,g95e5,1.868
2026-10-09T13:55Z,997,gA,1.995
2026-10-09T13:55Z,997,gP,2.080
2026-10-09T13:55Z,998,g98e5,1.879
2026-10-09T13:55Z,1002,gA,1.854
2026-10-09T13:55Z,1002,gP,1.934
2026-10-09T13:55Z,1015,g95e5,1.749
2026-10-09T13:55Z,1016,g95e5,1.799
2026-10-09T13:55Z,1016,gA,1.869
2026-10-09T13:55Z,1020,g95e5,1.689
2026-10-09T13:55Z,1025,g95e5,1.839
2026-10-09T13:55Z,1025,g98e5,1.999
2026-10-09T13:55Z,1026,g95e5,1.839
2026-10-09T13:55Z,1059,gP,1.809
2026-10-09T13:55Z,1069,gA,2.015
2026-10-09T13:55Z,1070,g95e5,1.879
2026-10-09T13:55Z,1070,gA,1.999
2026-10-09T13:55Z,1070,gP,2.059
2026-10-09T13:55Z,1071,g95e5,1.879
2026-10-09T13:55Z,1071,gA,1.999
2026-10-09T13:55Z,1071,g98e5,2.059
2026-10-09T13:55Z,1071,gB,1.819
2026-10-09T13:55Z,1073,gP,1.809
2026-10-09T13:55Z,1078,gA,1.989
2026-10-09T13:55Z,1090,gA,2.015
2026-10-09T13:55Z,1094,g95e5,1.878
2026-10-09T13:55Z,1097,g95e5,1.879
2026-10-09T13:55Z,1097,gA,1.969
2026-10-09T13:55Z,1097,g98e5,1.979
2026-10-09T13:55Z,1105,g95e5,1.799
2026-10-09T13:55Z,1105,gA,1.899
2026-10-09T13:55Z,1105,gP,1.959
2026-10-09T13:55Z,1105,g98e5,1.969
2026-10-09T13:55Z,1109,gP,1.809
2026-10-09T13:55Z,1119,gA,1.839
2026-10-09T13:55Z,1130,g95e5,1.885
2026-10-09T13:55Z,1163,gA,1.945
2026-10-09T13:55Z,1171,g95e5,1.627
2026-10-09T13:55Z,1179,g95e5,1.858
2026-10-09T13:55Z,1179,gA,1.965
2026-10-09T13:55Z,1179,gP,2.050
2026-10-09T13:55Z,1203,g95e5,1.858
2026-10-09T13:55Z,1203,g95e5p,1.918
2026-10-09T13:55Z,1204,g95e5,1.848
2026-10-09T13:55Z,1204,g95e5p,1.908
2026-10-09T13:55Z,1213,g95e5,1.874
2026-10-09T13:55Z,1213,gA,2.014
2026-10-09T13:55Z,1213,gP,2.104
2026-10-09T13:55Z,1219,g95e5,1.815
2026-10-09T13:55Z,1219,gA,1.965
2026-10-09T13:55Z,1219,g98e5,1.945
2026-10-09T13:55Z,1219,gB,1.815
2026-10-09T13:55Z,1234,gA,1.965
2026-10-09T13:55Z,1240,g95e5,1.739
2026-10-09T13:55Z,1240,gA,1.819
2026-10-09T13:55Z,1240,gP,1.879
2026-10-09T13:55Z,1248,g95e5,1.799
2026-10-09T13:55Z,1248,gA,1.829
2026-10-09T13:55Z,1248,gP,1.839
2026-10-09T13:55Z,1249,g95e5,1.809
2026-10-09T13:55Z,1249,gA,1.949
2026-10-09T13:55Z,1250,g95e5,1.839
2026-10-09T13:55Z,1250,gA,1.929
2026-10-09T13:55Z,1250,gP,2.009
2026-10-09T13:55Z,1250,g98e5,1.979
2026-10-09T13:55Z,1282,g95e5,1.889
2026-10-09T13:55Z,1282,gA,1.959
2026-10-09T13:55Z,1286,gA,1.909
2026-10-09T13:55Z,1290,g95e5,1.819
2026-10-09T13:55Z,1290,gA,1.959
2026-10-09T13:55Z,1305,g95e5,1.799
2026-10-09T13:55Z,1305,gA,1.966
2026-10-09T13:55Z,1310,g95e5,1.799
2026-10-09T13:55Z,1310,gA,1.959
2026-10-09T13:55Z,1310,gP,2.089
2026-10-09T13:55Z,1310,g98e5,1.919
2026-10-09T13:55Z,1355,g95e5,1.804
2026-10-09T13:55Z,1355,gA,1.914
2026-10-09T13:55Z,1355,gP,2.004
2026-10-09T13:55Z,1355,g98e5,1.934
2026-10-09T13:55Z,1358,gA,1.849
2026-10-09T13:55Z,1358,gP,1.919
2026-10-09T13:55Z,1361,g95e5,1.669
2026-10-09T13:55Z,1370,g95e5,1.899
2026-10-09T13:55Z,1370,gA,1.949
2026-10-09T13:55Z,1375,g95e5,1.879
2026-10-09T13:55Z,1375,gA,1.939
2026-10-09T13:55Z,1375,g98e5,2.009
2026-10-09T13:55Z,1381,gA,1.945
2026-10-09T13:55Z,1382,g95e5,1.799
2026-10-09T13:55Z,1410,gA,1.979
2026-10-09T13:55Z,1413,gA,1.915
2026-10-09T13:55Z,1416,g95e5,1.819
2026-10-09T13:55Z,1427,g95e5,1.809
2026-10-09T13:55Z,1427,gA,1.909
2026-10-09T13:55Z,1444,gA,1.949
2026-10-09T13:55Z,1445,gA,1.949
2026-10-09T13:55Z,1445,g98e5,2.029
2026-10-09T13:55Z,1458,g95e5,1.814
2026-10-09T13:55Z,1458,gA,1.919
2026-10-09T13:55Z,1458,gP,2.009
2026-10-09T13:55Z,1464,g95e5,1.838
2026-10-09T13:55Z,1464,g95e5p,1.928
2026-10-09T13:55Z,1472,g95e5,1.999
2026-10-09T13:55Z,1472,gB,1.809
2026-10-09T13:55Z,1473,g95e5,1.639
2026-10-09T13:55Z,1473,gA,1.719
2026-10-09T13:55Z,1489,g95e5,1.838
2026-10-09T13:55Z,1489,g95e5p,1.898
2026-10-09T13:55Z,1490,g95e5,1.828
2026-10-09T13:55Z,1490,g95e5p,1.888
2026-10-09T13:55Z,1500,g95e5,1.838
2026-10-09T13:55Z,1500,g95e5p,1.908
2026-10-09T13:55Z,1501,g95e5,1.838
2026-10-09T13:55Z,1501,gA,1.940
2026-10-09T13:55Z,1501,gP,2.050
2026-10-09T13:55Z,1501,g95e5p,1.928
2026-10-09T13:55Z,1502,gA,1.959
2026-10-09T13:55Z,1502,gP,2.059
2026-10-09T13:55Z,1504,gA,1.925
2026-10-09T13:55Z,1505,g95e5,1.839
2026-10-09T13:55Z,1515,g95e5,1.839
2026-10-09T13:55Z,1515,gA,1.879
2026-10-09T13:55Z,1515,g98e5,2.029
2026-10-09T13:55Z,1525,g95e5,1.819
2026-10-09T13:55Z,1525,gA,1.909
2026-10-09T13:55Z,1551,g95e5,1.879
2026-10-09T13:55Z,1551,gA,1.949
2026-10-09T13:55Z,1567,g95e5,1.794
2026-10-09T13:55Z,1567,gA,1.947
2026-10-09T13:55Z,1567,gP,2.059
2026-10-09T13:55Z,1584,g95e5,1.869
2026-10-09T13:55Z,1584,gA,1.949
2026-10-09T13:55Z,1584,gP,2.029
2026-10-09T13:55Z,1585,gA,1.809
2026-10-09T13:55Z,1585,gP,1.889
2026-10-09T13:55Z,1616,g95e5,1.869
2026-10-09T13:55Z,1616,gA,1.949
2026-10-09T13:55Z,1616,gP,2.029
2026-10-09T13:55Z,1619,gA,1.809
2026-10-09T13:55Z,1619,gP,1.889
2026-10-09T13:55Z,1623,g95e5,1.769
2026-10-09T13:55Z,1623,gP,1.877
2026-10-09T13:55Z,1623,g98e5,1.925
2026-10-09T13:55Z,1634,gA,1.859
2026-10-09T13:55Z,1634,gP,1.909
2026-10-09T13:55Z,1636,g95e5,1.829
2026-10-09T13:55Z,1636,gA,1.929
2026-10-09T13:55Z,1639,g95e5,1.804
2026-10-09T13:55Z,1639,gA,1.904
2026-10-09T13:55Z,1639,gP,1.954
2026-10-09T13:55Z,1639,g95e5p,1.854
2026-10-09T13:55Z,1640,g95e5,1.814
2026-10-09T13:55Z,1640,gA,1.939
2026-10-09T13:55Z,1640,gP,1.989
2026-10-09T13:55Z,1640,g95e5p,1.864
2026-10-09T13:55Z,1641,g95e5,1.754
2026-10-09T13:55Z,1641,g95e5p,1.804
2026-10-09T13:55Z,1645,g95e5,1.669
2026-10-09T13:55Z,1647,gA,1.869
2026-10-09T13:55Z,1649,g95e5,1.719
2026-10-09T13:55Z,1649,gA,1.819
2026-10-09T13:55Z,1688,gA,1.799
2026-10-09T13:55Z,1688,gP,1.839
2026-10-09T13:55Z,1689,g95e5,1.789
2026-10-09T13:55Z,1695,g95e5,1.789
2026-10-09T13:55Z,1695,g98e5,1.899
2026-10-09T13:55Z,1698,g98e5,1.919
2026-10-09T13:55Z,1700,g95e5,1.848
2026-10-09T13:55Z,1700,gA,2.005
2026-10-09T13:55Z,1700,gP,2.069
2026-10-09T13:55Z,1704,gA,1.939
2026-10-09T13:55Z,1718,g95e5,1.605
2026-10-09T13:55Z,1724,g95e5,1.779
2026-10-09T13:55Z,1724,gA,1.879
2026-10-09T13:55Z,1724,g98e5,1.939
2026-10-09T13:55Z,1727,g95e5,1.598
2026-10-09T13:55Z,1727,gA,1.678
2026-10-09T13:55Z,1728,g95e5,1.819
2026-10-09T13:55Z,1728,g98e5,1.939
2026-10-09T13:55Z,1734,gA,1.829
2026-10-09T13:55Z,1734,gP,1.899
2026-10-09T13:55Z,1736,gA,1.849
2026-10-09T13:55Z,1736,gP,1.869
2026-10-09T13:55Z,1738,gA,1.979
2026-10-09T13:55Z,1738,gP,2.049
2026-10-09T13:55Z,1750,g95e5,1.769
2026-10-09T13:55Z,1778,g95e5,1.684
2026-10-09T13:55Z,1778,gA,1.864
2026-10-09T13:55Z,1778,gP,1.914
2026-10-09T13:55Z,1778,g98e5,1.824
2026-10-09T13:55Z,1780,gA,1.985
2026-10-09T13:55Z,1780,gP,2.080
2026-10-09T13:55Z,1782,g95e5,1.779
2026-10-09T13:55Z,1782,gA,1.909
2026-10-09T13:55Z,1782,gP,1.959
2026-10-09T13:55Z,1782,g98e5,1.899
2026-10-09T13:55Z,1791,gP,1.709
2026-10-09T13:55Z,1795,g95e5,1.899
2026-10-09T13:55Z,1795,gA,1.979
2026-10-09T13:55Z,1795,gP,2.129
2026-10-09T13:55Z,1795,g98e5,2.029
2026-10-09T13:55Z,1804,gA,1.729
2026-10-09T13:55Z,1804,gP,1.759
2026-10-09T13:55Z,1807,gA,1.905
2026-10-09T13:55Z,1808,gA,1.945
2026-10-09T13:55Z,1812,gA,1.819
2026-10-09T13:55Z,1812,gP,1.879
2026-10-09T13:55Z,1812,gB,1.614
2026-10-09T13:55Z,1822,g95e5,1.809
2026-10-09T13:55Z,1823,gA,1.894
2026-10-09T13:55Z,1823,gP,1.944
2026-10-09T13:55Z,1827,g95e5,1.875
2026-10-09T13:55Z,1827,gA,2.009
2026-10-09T13:55Z,1834,g95e5,1.858
2026-10-09T13:55Z,1841,g95e5,1.845
2026-10-09T13:55Z,1841,gA,1.889
2026-10-09T13:55Z,1841,gP,1.999
2026-10-09T13:55Z,1841,gB,1.855
2026-10-09T13:55Z,1845,g95e5,1.789
2026-10-09T13:55Z,1845,gA,1.899
2026-10-09T13:55Z,1845,gP,1.949
2026-10-09T13:55Z,1845,g98e5,1.929
2026-10-09T13:55Z,1850,g95e5,1.829
2026-10-09T13:55Z,1850,g98e5,1.929
2026-10-09T13:55Z,1851,gA,1.925
2026-10-09T13:55Z,1852,g95e5,1.759
2026-10-09T13:55Z,1852,gA,1.769
2026-10-09T13:55Z,1856,gA,1.989
2026-10-09T13:55Z,1864,g95e5,1.689
2026-10-09T13:55Z,1864,g98e5,1.799
2026-10-09T13:55Z,1866,gA,1.964
2026-10-09T13:55Z,1866,gP,2.014
2026-10-09T13:55Z,1868,gA,1.939
2026-10-09T13:55Z,1935,g95e5,1.784
2026-10-09T13:55Z,1935,gA,1.834
2026-10-09T13:55Z,1935,gP,1.914
2026-10-09T13:55Z,1935,g98e5,1.924
2026-10-09T13:55Z,1945,gA,1.859
2026-10-09T13:55Z,1946,gA,1.899
2026-10-09T13:55Z,1949,g95e5,1.839
2026-10-09T13:55Z,1949,gA,1.889
2026-10-09T13:55Z,1949,gP,1.929
2026-10-09T13:55Z,1949,g98e5,1.949
2026-10-09T13:55Z,1951,g95e5,1.859
2026-10-09T13:55Z,1951,gA,1.919
2026-10-09T13:55Z,1951,gP,1.959
2026-10-09T13:55Z,1952,g95e5,1.724
2026-10-09T13:55Z,1960,g95e5,1.719
2026-10-09T13:55Z,1960,gA,1.829
2026-10-09T13:55Z,1960,gP,1.899
2026-10-09T13:55Z,1960,g98e5,1.849
2026-10-09T13:55Z,1980,g95e5,1.869
2026-10-09T13:55Z,1980,gA,1.929
2026-10-09T13:55Z,1988,g95e5,1.824
2026-10-09T13:55Z,1988,gA,1.914
2026-10-09T13:55Z,1988,gP,1.964
2026-10-09T13:55Z,1988,g98e5,1.964
2026-10-09T13:55Z,1992,g95e5,1.828
2026-10-09T13:55Z,2005,g95e5,1.839
2026-10-09T13:55Z,2005,gA,1.965
2026-10-09T13:55Z,2005,gP,1.995
2026-10-09T13:55Z,2005,g98e5,1.959
2026-10-09T13:55Z,2023,g95e5,1.702
2026-10-09T13:55Z,2023,gA,1.795
2026-10-09T13:55Z,2023,gP,1.999
2026-10-09T13:55Z,2023,g98e5,1.999
2026-10-09T13:55Z,2031,g95e5,1.809
2026-10-09T13:55Z,2031,gA,1.959
2026-10-09T13:55Z,2031,g98e5,1.939
2026-10-09T13:55Z,2043,g95e5,1.845
2026-10-09T13:55Z,2045,gA,1.738
2026-10-09T13:55Z,2045,gP,1.828
2026-10-09T13:55Z,2066,g95e5,1.714
2026-10-09T13:55Z,2066,gA,1.754
2026-10-09T13:55Z,2066,gP,1.804
2026-10-09T13:55Z,2066,g98e5,1.844
2026-10-09T13:55Z,2078,g95e5,1.774
2026-10-09T13:55Z,2078,gA,1.964
2026-10-09T13:55Z,2078,gP,2.014
2026-10-09T13:55Z,2078,g95e5p,1.824
2026-10-09T13:55Z,2084,gA,1.939
2026-10-09T13:55Z,2091,g95e5,1.774
2026-10-09T13:55Z,2091,gA,1.899
2026-10-09T13:55Z,2094,gA,1.894
2026-10-09T13:55Z,2100,g95e5,1.848
2026-10-09T13:55Z,2100,gA,1.975
2026-10-09T13:55Z,2100,gP,2.049
2026-10-09T13:55Z,2100,g95e5p,1.928
2026-10-09T13:55Z,2105,g95e5,1.645
2026-10-09T13:55Z,2105,gA,1.735
2026-10-09T13:55Z,2111,g95e5,1.725
2026-10-09T13:55Z,2111,gA,1.827
2026-10-09T13:55Z,2111,gP,1.827
2026-10-09T13:55Z,2111,g98e5,1.815
2026-10-09T13:55Z,2111,gB,1.648
2026-10-09T13:55Z,2116,g95e5,1.828
2026-10-09T13:55Z,2116,g95e5p,1.878
2026-10-09T13:55Z,2118,g95e5,1.815
2026-10-09T13:55Z,2118,gA,1.929
2026-10-09T13:55Z,2118,g98e5,1.925
2026-10-09T13:55Z,2138,gA,1.799
2026-10-09T13:55Z,2151,g95e5,1.879
2026-10-09T13:55Z,2151,gA,1.939
2026-10-09T13:55Z,2151,g98e5,1.959
2026-10-09T13:55Z,2152,g95e5,1.819
2026-10-09T13:55Z,2152,gA,1.919
2026-10-09T13:55Z,2152,g98e5,1.939
2026-10-09T13:55Z,2152,gB,1.829
2026-10-09T13:55Z,2191,g95e5,1.698
2026-10-09T13:55Z,2191,g95e5p,1.698
2026-10-09T13:55Z,2200,g95e5,1.879
2026-10-09T13:55Z,2200,gA,1.939
2026-10-09T13:55Z,2200,gP,2.019
2026-10-09T13:55Z,2200,gB,1.739
2026-10-09T13:55Z,2207,gA,1.915
2026-10-09T13:55Z,2207,gP,2.000
2026-10-09T13:55Z,2219,gA,1.929
2026-10-09T13:55Z,2221,g95e5,1.799
2026-10-09T13:55Z,2223,gA,1.955
2026-10-09T13:55Z,2228,gP,1.789
2026-10-09T13:55Z,2232,g95e5,1.845
2026-10-09T13:55Z,2232,gA,1.919
2026-10-09T13:55Z,2232,g98e5,1.965
2026-10-09T13:55Z,2233,gA,1.979
2026-10-09T13:55Z,2234,gA,1.984
2026-10-09T13:55Z,2234,gP,2.074
2026-10-09T13:55Z,2237,gA,1.969
2026-10-09T13:55Z,2241,g95e5,1.855
2026-10-09T13:55Z,2255,gA,1.989
2026-10-09T13:55Z,2259,g95e5,1.739
2026-10-09T13:55Z,2259,gA,1.809
2026-10-09T13:55Z,2259,gP,1.859
2026-10-09T13:55Z,2259,g98e5,1.859
2026-10-09T13:55Z,2265,g95e5,1.744
2026-10-09T13:55Z,2265,gA,1.864
2026-10-09T13:55Z,2265,gP,1.914
2026-10-09T13:55Z,2265,g98e5,1.954
2026-10-09T13:55Z,2271,g95e5,1.769
2026-10-09T13:55Z,2271,gA,1.879
2026-10-09T13:55Z,2276,gA,1.949
2026-10-09T13:55Z,2276,gP,2.020
2026-10-09T13:55Z,2285,g95e5,1.789
2026-10-09T13:55Z,2287,g95e5,1.829
2026-10-09T13:55Z,2287,g98e5,2.029
2026-10-09T13:55Z,2290,gA,2.005
2026-10-09T13:55Z,2291,g95e5,1.859
2026-10-09T13:55Z,2291,gA,1.969
2026-10-09T13:55Z,2296,gA,1.939
2026-10-09T13:55Z,2297,gP,1.849
2026-10-09T13:55Z,2308,g95e5,1.849
2026-10-09T13:55Z,2308,gA,1.959
2026-10-09T13:55Z,2308,g98e5,2.009
2026-10-09T13:55Z,2308,g95e10,1.999
2026-10-09T13:55Z,2315,g95e5,1.598
2026-10-09T13:55Z,2315,gA,1.678
2026-10-09T13:55Z,2323,g95e5,1.839
2026-10-09T13:55Z,2323,gA,1.999
2026-10-09T13:55Z,2332,gA,1.955
2026-10-09T13:55Z,2341,g95e5,1.895
2026-10-09T13:55Z,2344,gA,1.985
2026-10-09T13:55Z,2368,g95e5,1.909
2026-10-09T13:55Z,2368,gA,1.979
2026-10-09T13:55Z,2372,g95e5,1.769
2026-10-09T13:55Z,2372,gA,1.919
2026-10-09T13:55Z,2372,gP,2.029
2026-10-09T13:55Z,2380,g95e5,1.815
2026-10-09T13:55Z,2380,gA,1.959
2026-10-09T13:55Z,2388,gP,1.969
2026-10-09T13:55Z,2409,g95e5,1.899
2026-10-09T13:55Z,2413,g95e5,1.779
2026-10-09T13:55Z,2413,gA,1.878
2026-10-09T13:55Z,2413,gP,1.946
2026-10-09T13:55Z,2413,g98e5,1.887
2026-10-09T13:55Z,2421,gA,1.955
2026-10-09T13:55Z,2421,gP,2.086
2026-10-09T13:55Z,2439,g95e5,1.746
2026-10-09T13:55Z,2439,gA,1.851
2026-10-09T13:55Z,2439,gP,1.999
2026-10-09T13:55Z,2439,g98e5,1.999
2026-10-09T13:55Z,2474,gA,1.925
2026-10-09T13:55Z,2477,gA,1.985
2026-10-09T13:55Z,2478,gA,1.889
2026-10-09T13:55Z,2485,gA,1.999
2026-10-09T13:55Z,2489,gA,1.909
2026-10-09T13:55Z,2496,g95e5,1.865
2026-10-09T13:55Z,2496,gA,1.955
2026-10-09T13:55Z,2496,gP,2.005
2026-10-09T13:55Z,2496,g98e5,1.975
2026-10-09T13:55Z,2501,g95e5,1.885
2026-10-09T13:55Z,2501,gA,1.955
2026-10-09T13:55Z,2508,g95e5,1.838
2026-10-09T13:55Z,2508,g95e5p,1.888
2026-10-09T13:55Z,2509,g95e5,1.805
2026-10-09T13:55Z,2525,g95e5,1.819
2026-10-09T13:55Z,2525,gA,1.969
2026-10-09T13:55Z,2525,g98e5,1.975
2026-10-09T13:55Z,2531,gA,1.979
2026-10-09T13:55Z,2532,g95e5,1.899
2026-10-09T13:55Z,2532,gA,1.979
2026-10-09T13:55Z,2532,g98e5,2.029
2026-10-09T13:55Z,2535,g95e5,1.875
2026-10-09T13:55Z,2535,gA,1.985
2026-10-09T13:55Z,2565,g95e5,1.868
2026-10-09T13:55Z,2565,gA,2.005
2026-10-09T13:55Z,2565,gP,2.055
2026-10-09T13:55Z,2565,g95e5p,1.928
2026-10-09T13:55Z,2569,gA,1.989
2026-10-09T13:55Z,2590,g95e5,1.999
2026-10-09T13:55Z,2591,g95e5,1.999
2026-10-09T13:55Z,2609,g95e5,1.895
2026-10-09T13:55Z,2609,gA,2.015
2026-10-09T13:55Z,2612,gA,1.999
2026-10-09T13:55Z,2613,g95e5,1.898
2026-10-09T13:55Z,2613,g95e5p,1.958
2026-10-09T13:55Z,2616,gA,2.005
2026-10-09T13:55Z,2621,gA,2.019
2026-10-09T13:55Z,2632,gA,2.019
2026-10-09T13:55Z,2632,g95e5p,1.959
2026-10-09T13:55Z,2637,gA,2.019
2026-10-09T13:55Z,2637,g98e5,1.999
2026-10-09T13:55Z,2641,g95e5,1.869
2026-10-09T13:55Z,2641,gA,1.974
2026-10-09T13:55Z,2641,gP,2.054
2026-10-09T13:55Z,2641,g98e5,2.009
2026-10-09T13:55Z,2650,gA,1.975
2026-10-09T13:55Z,2663,g95e5,1.919
2026-10-09T13:55Z,2668,gA,2.029
2026-10-09T13:55Z,2672,g95e5,1.715
2026-10-09T13:55Z,2672,gA,1.735
2026-10-09T13:55Z,2672,gP,1.755
2026-10-09T13:55Z,2672,g95e5p,1.735
2026-10-09T13:55Z,2675,g95e5,1.939
2026-10-09T13:55Z,2675,gA,2.019
2026-10-09T13:55Z,2675,gP,2.109
2026-10-09T13:55Z,2675,g95e5p,1.979
2026-10-09T13:55Z,2675,gB,1.879
2026-10-09T13:55Z,2686,gA,2.039
2026-10-09T13:55Z,2687,gA,2.025
2026-10-09T13:55Z,2689,gA,2.019
2026-10-09T13:55Z,2690,gA,1.975
2026-10-09T13:55Z,2693,g95e5,1.889
2026-10-09T13:55Z,2693,gA,1.975
2026-10-09T13:55Z,2694,gA,1.995
2026-10-09T13:55Z,2697,gA,2.025
2026-10-09T13:55Z,2697,gP,2.100
2026-10-09T13:55Z,2701,g95e5,1.769
2026-10-09T13:55Z,2701,gA,1.859
2026-10-09T13:55Z,2708,g95e5,1.878
2026-10-09T13:55Z,2708,gA,2.015
2026-10-09T13:55Z,2708,gP,2.090
2026-10-09T13:55Z,2708,g95e5p,1.928
2026-10-09T13:55Z,2718,g95e5,1.879
2026-10-09T13:55Z,2718,gA,2.019
2026-10-09T13:55Z,2718,g98e5,2.069
2026-10-09T13:55Z,2718,gB,1.889
2026-10-09T13:55Z,2725,gA,2.015
2026-10-09T13:55Z,2725,gP,2.090
2026-10-09T13:55Z,2726,gA,1.985
2026-10-09T13:55Z,2730,g95e5,1.919
2026-10-09T13:55Z,2730,gA,2.035
2026-10-09T13:55Z,2730,g98e5,2.059
2026-10-09T13:55Z,2736,gA,2.025
2026-10-09T13:55Z,2737,gA,2.029
2026-10-09T13:55Z,2747,gA,1.597
2026-10-09T13:55Z,2747,gP,1.657
2026-10-09T13:55Z,2775,gA,1.969
2026-10-09T13:55Z,2778,g95e5,1.855
2026-10-09T13:55Z,2778,gA,1.969
2026-10-09T13:55Z,2778,gP,2.029
2026-10-09T13:55Z,2778,g98e5,1.979
2026-10-09T13:55Z,2779,g95e5,1.669
2026-10-09T13:55Z,2780,gA,1.899
2026-10-09T13:55Z,2780,gP,1.949
2026-10-09T13:55Z,2789,gA,1.979
2026-10-09T13:55Z,2791,g95e5,1.858
2026-10-09T13:55Z,2803,gA,1.939
2026-10-09T13:55Z,2807,gA,1.949
2026-10-09T13:55Z,2811,gA,1.995
2026-10-09T13:55Z,2819,gA,1.955
2026-10-09T13:55Z,2821,g95e5,1.845
2026-10-09T13:55Z,2821,gA,1.985
2026-10-09T13:55Z,2823,gA,1.899
2026-10-09T13:55Z,2825,g95e5,1.799
2026-10-09T13:55Z,2828,g95e5,1.845
2026-10-09T13:55Z,2831,g95e5,1.889
2026-10-09T13:55Z,2831,gA,1.955
2026-10-09T13:55Z,2832,g95e5,1.770
2026-10-09T13:55Z,2832,gA,1.919
2026-10-09T13:55Z,2832,g98e5,1.900
2026-10-09T13:55Z,2836,g95e5,1.838
2026-10-09T13:55Z,2836,gA,1.995
2026-10-09T13:55Z,2836,gP,2.080
2026-10-09T13:55Z,2836,g95e5p,1.888
2026-10-09T13:55Z,2843,gA,1.985
2026-10-09T13:55Z,2843,gP,2.049
2026-10-09T13:55Z,2844,g95e5,1.858
2026-10-09T13:55Z,2844,gA,1.985
2026-10-09T13:55Z,2844,gP,2.049
2026-10-09T13:55Z,2848,g95e5,1.789
2026-10-09T13:55Z,2848,gA,1.949
2026-10-09T13:55Z,2848,gP,2.029
2026-10-09T13:55Z,2848,g98e5,1.929
2026-10-09T13:55Z,2849,g95e5,1.729
2026-10-09T13:55Z,2849,gA,1.839
2026-10-09T13:55Z,2849,gP,1.919
2026-10-09T13:55Z,2849,g98e5,1.869
2026-10-09T13:55Z,2859,g95e5,1.844
2026-10-09T13:55Z,2859,gA,1.889
2026-10-09T13:55Z,2859,gP,1.939
2026-10-09T13:55Z,2859,g98e5,1.984
2026-10-09T13:55Z,2860,g95e5,1.798
2026-10-09T13:55Z,2860,gA,1.889
2026-10-09T13:55Z,2865,g95e5,1.858
2026-10-09T13:55Z,2865,gA,1.965
2026-10-09T13:55Z,2865,gP,2.069
2026-10-09T13:55Z,2870,gP,1.829
2026-10-09T13:55Z,2871,g95e5,1.868
2026-10-09T13:55Z,2871,gA,1.980
2026-10-09T13:55Z,2871,gP,2.069
2026-10-09T13:55Z,2871,g95e5p,1.908
2026-10-09T13:55Z,2873,gA,1.779
2026-10-09T13:55Z,2875,g95e5,1.828
2026-10-09T13:55Z,2875,gA,1.985
2026-10-09T13:55Z,2875,gP,2.060
2026-10-09T13:55Z,2877,g95e5,1.838
2026-10-09T13:55Z,2877,gA,2.005
2026-10-09T13:55Z,2877,gP,2.055
2026-10-09T13:55Z,2877,g95e5p,1.888
2026-10-09T13:55Z,2881,gP,1.889
2026-10-09T13:55Z,2885,g95e5,1.838
2026-10-09T13:55Z,2885,g95e5p,1.898
2026-10-09T13:55Z,2890,g95e5,1.770
2026-10-09T13:55Z,2890,gA,1.857
2026-10-09T13:55Z,2890,gP,1.999
2026-10-09T13:55Z,2890,g98e5,1.999
2026-10-09T13:55Z,2906,g95e5,1.829
2026-10-09T13:55Z,2906,gA,1.899
2026-10-09T13:55Z,2907,g95e5,1.829
2026-10-09T13:55Z,2907,gA,2.009
2026-10-09T13:55Z,2907,gP,2.059
2026-10-09T13:55Z,2907,g98e5,1.999
2026-10-09T13:55Z,2914,gA,1.989
2026-10-09T13:55Z,2922,g95e5,1.774
2026-10-09T13:55Z,2922,gA,1.844
2026-10-09T13:55Z,2922,gP,1.894
2026-10-09T13:55Z,2923,gP,1.904
2026-10-09T13:55Z,2927,g95e5,1.804
2026-10-09T13:55Z,2927,gA,1.924
2026-10-09T13:55Z,2927,gP,1.974
2026-10-09T13:55Z,2927,g95e5p,1.854
2026-10-09T13:55Z,2929,g95e5,1.724
2026-10-09T13:55Z,2929,gA,1.854
2026-10-09T13:55Z,2929,gP,1.904
2026-10-09T13:55Z,2929,g98e5,1.864
2026-10-09T13:55Z,2931,g95e5,1.848
2026-10-09T13:55Z,2931,gA,2.015
2026-10-09T13:55Z,2931,gP,2.069
2026-10-09T13:55Z,2932,g95e5,1.839
2026-10-09T13:55Z,2932,gA,1.955
2026-10-09T13:55Z,2941,g95e5,1.813
2026-10-09T13:55Z,2941,gA,1.905
2026-10-09T13:55Z,2941,gP,1.974
2026-10-09T13:55Z,2941,gB,1.726
2026-10-09T13:55Z,2945,g95e5,1.868
2026-10-09T13:55Z,2953,gA,1.945
2026-10-09T13:55Z,2953,gP,2.030
2026-10-09T13:55Z,2955,gA,1.995
2026-10-09T13:55Z,2955,gP,2.069
2026-10-09T13:55Z,2964,gA,1.999
2026-10-09T13:55Z,2972,g98e5,1.859
2026-10-09T13:55Z,2976,gP,1.809
2026-10-09T13:55Z,2979,g95e5,1.864
2026-10-09T13:55Z,2979,gA,1.944
2026-10-09T13:55Z,2979,gP,2.034
2026-10-09T13:55Z,2979,g98e5,2.004
2026-10-09T13:55Z,2980,g95e5,1.864
2026-10-09T13:55Z,2980,gA,1.944
2026-10-09T13:55Z,2980,gP,2.034
2026-10-09T13:55Z,2980,g98e5,2.004
2026-10-09T13:55Z,2981,gA,1.984
2026-10-09T13:55Z,2981,gP,2.069
2026-10-09T13:55Z,2990,g95e5,1.804
2026-10-09T13:55Z,2990,gA,1.979
2026-10-09T13:55Z,2990,gP,2.029
2026-10-09T13:55Z,2990,g98e5,1.914
2026-10-09T13:55Z,2994,gA,1.904
2026-10-09T13:55Z,2994,gP,1.954
2026-10-09T13:55Z,2995,g95e5,1.834
2026-10-09T13:55Z,2995,gA,1.849
2026-10-09T13:55Z,2995,gP,1.899
2026-10-09T13:55Z,2995,g95e5p,1.884
2026-10-09T13:55Z,2998,g95e5,1.716
2026-10-09T13:55Z,2998,gA,1.797
2026-10-09T13:55Z,3002,gA,1.729
2026-10-09T13:55Z,3003,g95e5,1.814
2026-10-09T13:55Z,3003,gA,1.939
2026-10-09T13:55Z,3003,gP,1.989
2026-10-09T13:55Z,3003,g98e5,1.954
2026-10-09T13:55Z,3007,g95e5,1.799
2026-10-09T13:55Z,3007,gA,1.899
2026-10-09T13:55Z,3007,gP,1.959
2026-10-09T13:55Z,3007,g98e5,1.959
2026-10-09T13:55Z,3009,gA,1.954
2026-10-09T13:55Z,3009,gP,2.004
2026-10-09T13:55Z,3012,g95e5,1.659
2026-10-09T13:55Z,3016,g95e5,1.829
2026-10-09T13:55Z,3016,g98e5,1.929
2026-10-09T13:55Z,3017,gA,1.925
2026-10-09T13:55Z,3017,gP,2.030
2026-10-09T13:55Z,3019,g95e5,1.824
2026-10-09T13:55Z,3019,gA,1.939
2026-10-09T13:55Z,3019,gP,1.989
2026-10-09T13:55Z,3019,g95e5p,1.874
2026-10-09T13:55Z,3027,g95e5,1.824
2026-10-09T13:55Z,3027,gA,1.954
2026-10-09T13:55Z,3027,gP,2.004
2026-10-09T13:55Z,3027,g95e5p,1.874
2026-10-09T13:55Z,3028,g95e5,1.784
2026-10-09T13:55Z,3028,gA,1.914
2026-10-09T13:55Z,3028,gP,1.964
2026-10-09T13:55Z,3028,g95e5p,1.834
2026-10-09T13:55Z,3031,g95e5,1.834
2026-10-09T13:55Z,3031,gA,1.954
2026-10-09T13:55Z,3031,gP,2.004
2026-10-09T13:55Z,3031,g98e5,1.984
2026-10-09T13:55Z,3032,g95e5,1.794
2026-10-09T13:55Z,3032,gA,1.924
2026-10-09T13:55Z,3032,gP,1.974
2026-10-09T13:55Z,3032,g95e5p,1.844
2026-10-09T13:55Z,3033,g95e5,1.789
2026-10-09T13:55Z,3033,gA,1.899
2026-10-09T13:55Z,3033,gP,1.949
2026-10-09T13:55Z,3033,g95e5p,1.839
2026-10-09T13:55Z,3035,g95e5,1.763
2026-10-09T13:55Z,3035,gA,1.859
2026-10-09T13:55Z,3035,gP,1.909
2026-10-09T13:55Z,3035,g98e5,1.893
2026-10-09T13:55Z,3037,g95e5,1.799
2026-10-09T13:55Z,3037,gA,1.899
2026-10-09T13:55Z,3037,gP,1.959
2026-10-09T13:55Z,3037,g98e5,1.959
2026-10-09T13:55Z,3058,gA,1.959
2026-10-09T13:55Z,3058,gP,1.999
2026-10-09T13:55Z,3061,g95e5,1.804
2026-10-09T13:55Z,3061,gA,1.894
2026-10-09T13:55Z,3061,gP,1.944
2026-10-09T13:55Z,3061,g98e5,1.914
2026-10-09T13:55Z,3067,g95e5,1.714
2026-10-09T13:55Z,3067,gA,1.844
2026-10-09T13:55Z,3067,gP,1.894
2026-10-09T13:55Z,3067,g95e5p,1.764
2026-10-09T13:55Z,3068,g95e5,1.759
2026-10-09T13:55Z,3070,g95e5,1.739
2026-10-09T13:55Z,3070,gA,1.809
2026-10-09T13:55Z,3070,gP,1.859
2026-10-09T13:55Z,3070,g95e5p,1.789
2026-10-09T13:55Z,3081,gA,1.959
2026-10-09T13:55Z,3081,gP,1.999
2026-10-09T13:55Z,3081,g98e5,1.999
2026-10-09T13:55Z,3082,gA,1.949
2026-10-09T13:55Z,3082,gP,1.989
2026-10-09T13:55Z,3082,g98e5,1.989
2026-10-09T13:55Z,3083,g95e5,1.819
2026-10-09T13:55Z,3083,gA,1.969
2026-10-09T13:55Z,3083,gP,2.009
2026-10-09T13:55Z,3083,g98e5,1.999
2026-10-09T13:55Z,3084,g95e5,1.819
2026-10-09T13:55Z,3084,gA,1.949
2026-10-09T13:55Z,3084,gP,1.989
2026-10-09T13:55Z,3084,g98e5,1.969
2026-10-09T13:55Z,3085,g98e5,1.979
2026-10-09T13:55Z,3090,g95e5,1.739
2026-10-09T13:55Z,3090,gA,1.869
2026-10-09T13:55Z,3090,gP,1.949
2026-10-09T13:55Z,3090,g98e5,1.879
2026-10-09T13:55Z,3097,g95e5,1.619
2026-10-09T13:55Z,3106,g95e5,1.865
2026-10-09T13:55Z,3106,gA,2.009
2026-10-09T13:55Z,3108,g95e5,1.814
2026-10-09T13:55Z,3108,gA,1.924
2026-10-09T13:55Z,3108,gP,2.004
2026-10-09T13:55Z,3108,g98e5,1.954
2026-10-09T13:55Z,3112,g95e5,1.819
2026-10-09T13:55Z,3115,g95e5,1.868
2026-10-09T13:55Z,3115,gA,1.980
2026-10-09T13:55Z,3115,gP,2.069
2026-10-09T13:55Z,3115,g95e5p,1.918
2026-10-09T13:55Z,3116,g95e5,1.868
2026-10-09T13:55Z,3116,gA,1.980
2026-10-09T13:55Z,3116,gP,2.069
2026-10-09T13:55Z,3116,g95e5p,1.918
2026-10-09T13:55Z,3117,gA,1.979
2026-10-09T13:55Z,3117,gP,2.079
2026-10-09T13:55Z,3117,g98e5,2.069
2026-10-09T13:55Z,3125,g95e5,1.905
2026-10-09T13:55Z,3125,g98e5,2.025
2026-10-09T13:55Z,3127,g95e5,1.884
2026-10-09T13:55Z,3127,gA,2.004
2026-10-09T13:55Z,3127,gP,2.054
2026-10-09T13:55Z,3127,g95e5p,1.934
2026-10-09T13:55Z,3131,g95e5,1.849
2026-10-09T13:55Z,3131,gA,1.969
2026-10-09T13:55Z,3131,gP,2.039
2026-10-09T13:55Z,3131,g98e5,1.969
2026-10-09T13:55Z,3131,g95e5p,1.919
2026-10-09T13:55Z,3133,g95e5,1.858
2026-10-09T13:55Z,3135,gA,1.849
2026-10-09T13:55Z,3135,gP,1.849
2026-10-09T13:55Z,3137,gA,1.960
2026-10-09T13:55Z,3137,gP,2.049
2026-10-09T13:55Z,3138,g95e5,1.858
2026-10-09T13:55Z,3138,gA,1.980
2026-10-09T13:55Z,3138,gP,2.069
2026-10-09T13:55Z,3138,g95e5p,1.928
2026-10-09T13:55Z,3140,g95e5,1.878
2026-10-09T13:55Z,3140,g95e5p,1.918
2026-10-09T13:55Z,3141,g95e5,1.838
2026-10-09T13:55Z,3141,g95e5p,1.928
2026-10-09T13:55Z,3143,g95e5,1.849
2026-10-09T13:55Z,3147,g95e5,1.839
2026-10-09T13:55Z,3147,gA,1.979
2026-10-09T13:55Z,3147,gP,2.029
2026-10-09T13:55Z,3150,g95e5,1.739
2026-10-09T13:55Z,3150,gA,1.809
2026-10-09T13:55Z,3150,gP,1.859
2026-10-09T13:55Z,3150,g95e5p,1.789
2026-10-09T13:55Z,3155,gA,2.015
2026-10-09T13:55Z,3156,g95e5,1.819
2026-10-09T13:55Z,3156,gA,1.959
2026-10-09T13:55Z,3156,gP,2.059
2026-10-09T13:55Z,3156,g98e5,1.919
2026-10-09T13:55Z,3161,gA,1.979
2026-10-09T13:55Z,3165,g95e5,1.873
2026-10-09T13:55Z,3165,gA,1.972
2026-10-09T13:55Z,3165,gP,2.080
2026-10-09T13:55Z,3165,g98e5,1.996
2026-10-09T13:55Z,3165,g95e5p,1.951
2026-10-09T13:55Z,3167,gA,1.975
2026-10-09T13:55Z,3171,gP,2.059
2026-10-09T13:55Z,3173,gA,1.859
2026-10-09T13:55Z,3173,gP,1.929
2026-10-09T13:55Z,3175,gA,1.979
2026-10-09T13:55Z,3182,g95e5,1.835
2026-10-09T13:55Z,3183,g95e5,1.835
2026-10-09T13:55Z,3199,gA,1.949
2026-10-09T13:55Z,3210,g95e5,1.889
2026-10-09T13:55Z,3210,gA,1.969
2026-10-09T13:55Z,3210,g98e5,2.069
2026-10-09T13:55Z,3210,gB,1.799
2026-10-09T13:55Z,3212,g95e5,1.858
2026-10-09T13:55Z,3212,gA,1.960
2026-10-09T13:55Z,3212,gP,2.049
2026-10-09T13:55Z,3224,gA,1.869
2026-10-09T13:55Z,3224,gP,1.939
2026-10-09T13:55Z,3226,gA,1.869
2026-10-09T13:55Z,3226,gP,1.939
2026-10-09T13:55Z,3230,g95e5,1.868
2026-10-09T13:55Z,3230,g95e5p,1.928
2026-10-09T13:55Z,3235,gA,1.899
2026-10-09T13:55Z,3236,gA,1.929
2026-10-09T13:55Z,3236,gP,2.049
2026-10-09T13:55Z,3249,g95e5,1.859
2026-10-09T13:55Z,3255,gA,1.949
2026-10-09T13:55Z,3260,gA,1.909
2026-10-09T13:55Z,3265,g95e5,1.839
2026-10-09T13:55Z,3265,gA,1.909
2026-10-09T13:55Z,3265,gP,2.019
2026-10-09T13:55Z,3280,g95e5,1.869
2026-10-09T13:55Z,3280,g98e5,1.989
2026-10-09T13:55Z,3285,g95e5,1.670
2026-10-09T13:55Z,3300,g95e5,1.865
2026-10-09T13:55Z,3300,gA,1.949
2026-10-09T13:55Z,3300,gP,2.009
2026-10-09T13:55Z,3300,g98e5,1.985
2026-10-09T13:55Z,3303,g95e5,1.859
2026-10-09T13:55Z,3303,gA,1.949
2026-10-09T13:55Z,3304,g95e5,1.814
2026-10-09T13:55Z,3304,gA,1.914
2026-10-09T13:55Z,3304,gP,1.964
2026-10-09T13:55Z,3304,g98e5,1.944
2026-10-09T13:55Z,3340,gA,1.789
2026-10-09T13:55Z,3347,g95e5,1.859
2026-10-09T13:55Z,3347,gA,1.939
2026-10-09T13:55Z,3347,gP,2.049
2026-10-09T13:55Z,3347,g95e10,1.919
2026-10-09T13:55Z,3349,gA,1.960
2026-10-09T13:55Z,3349,gP,2.010
2026-10-09T13:55Z,3360,g95e5,1.845
2026-10-09T13:55Z,3360,gA,1.919
2026-10-09T13:55Z,3360,gP,2.019
2026-10-09T13:55Z,3367,gA,1.899
2026-10-09T13:55Z,3367,gP,2.019
2026-10-09T13:55Z,3372,g95e5,1.769
2026-10-09T13:55Z,3372,gA,1.894
2026-10-09T13:55Z,3372,gP,1.944
2026-10-09T13:55Z,3372,g98e5,1.909
2026-10-09T13:55Z,3376,g95e5,1.868
2026-10-09T13:55Z,3376,gA,1.950
2026-10-09T13:55Z,3376,gP,2.040
2026-10-09T13:55Z,3376,g95e5p,1.898
2026-10-09T13:55Z,3381,g95e5,1.789
2026-10-09T13:55Z,3381,gA,1.899
2026-10-09T13:55Z,3387,g95e5,1.789
2026-10-09T13:55Z,3402,gA,1.919
2026-10-09T13:55Z,3412,g95e5,1.853
2026-10-09T13:55Z,3412,gA,1.930
2026-10-09T13:55Z,3412,gP,2.030
2026-10-09T13:55Z,3412,g95e5p,1.908
2026-10-09T13:55Z,3417,g95e5,1.853
2026-10-09T13:55Z,3417,g95e5p,1.888
2026-10-09T13:55Z,3418,gA,1.920
2026-10-09T13:55Z,3418,gP,2.010
2026-10-09T13:55Z,3419,gA,1.920
2026-10-09T13:55Z,3419,gP,2.010
2026-10-09T13:55Z,3429,g95e5,1.809
2026-10-09T13:55Z,3429,gA,1.819
2026-10-09T13:55Z,3429,gP,1.869
2026-10-09T13:55Z,3429,g98e5,1.974
2026-10-09T13:55Z,3430,g95e5,1.809
2026-10-09T13:55Z,3430,gA,1.819
2026-10-09T13:55Z,3430,gP,1.869
2026-10-09T13:55Z,3430,g98e5,1.974
2026-10-09T13:55Z,3434,gA,1.940
2026-10-09T13:55Z,3434,gP,2.030
2026-10-09T13:55Z,3456,gA,1.930
2026-10-09T13:55Z,3456,gP,2.020
2026-10-09T13:55Z,3457,gA,1.939
2026-10-09T13:55Z,3462,g95e5,1.835
2026-10-09T13:55Z,3474,g95e5,1.855
2026-10-09T13:55Z,3478,gA,1.935
2026-10-09T13:55Z,3480,g95e5,1.774
2026-10-09T13:55Z,3480,gP,1.974
2026-10-09T13:55Z,3480,g98e5,1.914
2026-10-09T13:55Z,3481,gA,1.935
2026-10-09T13:55Z,3488,g95e5,1.754
2026-10-09T13:55Z,3488,gA,1.874
2026-10-09T13:55Z,3488,gP,1.924
2026-10-09T13:55Z,3488,g98e5,1.909
2026-10-09T13:55Z,3496,g95e5,1.809
2026-10-09T13:55Z,3496,gA,1.939
2026-10-09T13:55Z,3496,gP,2.029
2026-10-09T13:55Z,3498,g95e5,1.734
2026-10-09T13:55Z,3498,gA,1.884
2026-10-09T13:55Z,3505,gA,1.935
2026-10-09T13:55Z,3505,gP,2.010
2026-10-09T13:55Z,3519,g95e5,1.862
2026-10-09T13:55Z,3519,gA,1.922
2026-10-09T13:55Z,3551,g95e5,1.879
2026-10-09T13:55Z,3551,gA,1.969
2026-10-09T13:55Z,3551,gP,2.069
2026-10-09T13:55Z,3551,g98e5,1.979
2026-10-09T13:55Z,3552,gA,1.989
2026-10-09T13:55Z,3552,gP,2.039
2026-10-09T13:55Z,3552,g98e5,2.069
2026-10-09T13:55Z,3557,g95e5,1.889
2026-10-09T13:55Z,3562,g95e5,1.832
2026-10-09T13:55Z,3562,gA,1.896
2026-10-09T13:55Z,3562,gP,1.988
2026-10-09T13:55Z,3562,g98e5,1.974
2026-10-09T13:55Z,3600,gA,1.989
2026-10-09T13:55Z,3600,gP,2.069
2026-10-09T13:55Z,3612,gA,1.979
2026-10-09T13:55Z,3616,gA,1.945
2026-10-09T13:55Z,3649,g95e5,1.709
2026-10-09T13:55Z,3649,gA,1.819
2026-10-09T13:55Z,3649,gP,1.819
2026-10-09T13:55Z,3649,g95e5p,1.709
2026-10-09T13:55Z,3669,g95e5,1.855
2026-10-09T13:55Z,3669,gA,1.976
2026-10-09T13:55Z,3669,gP,2.134
2026-10-09T13:55Z,3669,g98e5,2.047
2026-10-09T13:55Z,3669,gB,1.843
2026-10-09T13:55Z,3670,g95e5,1.839
2026-10-09T13:55Z,3670,gA,1.989
2026-10-09T13:55Z,3670,gP,2.079
2026-10-09T13:55Z,3670,g98e5,1.979
2026-10-09T13:55Z,3682,gA,1.905
2026-10-09T13:55Z,3690,gA,1.935
2026-10-09T13:55Z,3697,gA,1.955
2026-10-09T13:55Z,3700,gA,1.905
2026-10-09T13:55Z,3709,g95e5,1.659
2026-10-09T13:55Z,3709,gA,1.759
2026-10-09T13:55Z,3709,gP,1.769
2026-10-09T13:55Z,3709,g95e5p,1.669
2026-10-09T13:55Z,3715,g98e5,1.964
2026-10-09T13:55Z,3717,g95e5,1.873
2026-10-09T13:55Z,3717,gA,1.940
2026-10-09T13:55Z,3717,gP,2.030
2026-10-09T13:55Z,3717,g95e5p,1.918
2026-10-09T13:55Z,3726,gA,1.934
2026-10-09T13:55Z,3726,gP,1.984
2026-10-09T13:55Z,3726,g98e5,2.014
2026-10-09T13:55Z,3728,g98e5,1.904
2026-10-09T13:55Z,3732,g95e5,1.759
2026-10-09T13:55Z,3732,g98e5,1.899
2026-10-09T13:55Z,3733,g95e5,1.804
2026-10-09T13:55Z,3733,gA,1.814
2026-10-09T13:55Z,3733,gP,1.864
2026-10-09T13:55Z,3733,g98e5,1.954
2026-10-09T13:55Z,3737,gA,1.979
2026-10-09T13:55Z,3737,gP,2.069
2026-10-09T13:55Z,3742,g95e5,1.788
2026-10-09T13:55Z,3742,gA,1.863
2026-10-09T13:55Z,3742,gP,1.943
2026-10-09T13:55Z,3742,g98e5,1.928
2026-10-09T13:55Z,3743,g95e5,1.894
2026-10-09T13:55Z,3743,gA,1.964
2026-10-09T13:55Z,3743,gP,2.054
2026-10-09T13:55Z,3743,g98e5,2.004
2026-10-09T13:55Z,3744,gA,1.940
2026-10-09T13:55Z,3744,gP,2.030
2026-10-09T13:55Z,3746,gA,1.979
2026-10-09T13:55Z,3746,gP,2.069
2026-10-09T13:55Z,3747,g95e5,1.914
2026-10-09T13:55Z,3747,gA,1.959
2026-10-09T13:55Z,3747,gP,2.049
2026-10-09T13:55Z,3747,g98e5,2.054
2026-10-09T13:55Z,3763,g95e5,1.829
2026-10-09T13:55Z,3763,gA,1.945
2026-10-09T13:55Z,3768,g95e5,1.834
2026-10-09T13:55Z,3768,gA,1.884
2026-10-09T13:55Z,3768,gP,1.934
2026-10-09T13:55Z,3768,g95e5p,1.884
2026-10-09T13:55Z,3772,g95e5,1.859
2026-10-09T13:55Z,3772,gA,1.899
2026-10-09T13:55Z,3772,gP,1.939
2026-10-09T13:55Z,3772,g98e5,2.019
2026-10-09T13:55Z,3773,g95e5,1.849
2026-10-09T13:55Z,3773,gA,1.919
2026-10-09T13:55Z,3773,gP,1.959
2026-10-09T13:55Z,3796,gA,1.909
2026-10-09T13:55Z,3800,gA,1.749
2026-10-09T13:55Z,3819,g95e5,1.814
2026-10-09T13:55Z,3819,gA,1.854
2026-10-09T13:55Z,3819,g98e5,1.934
2026-10-09T13:55Z,3823,gA,1.909
2026-10-09T13:55Z,3832,gA,1.929
2026-10-09T13:55Z,3842,g95e5,1.869
2026-10-09T13:55Z,3842,gA,1.945
2026-10-09T13:55Z,3842,gP,2.099
2026-10-09T13:55Z,3842,g98e5,2.039
2026-10-09T13:55Z,3847,gA,1.905
2026-10-09T13:55Z,3862,gA,1.949
2026-10-09T13:55Z,3891,g95e5,1.868
2026-10-09T13:55Z,3891,g95e5p,1.908
2026-10-09T13:55Z,3892,g95e5,1.868
2026-10-09T13:55Z,3892,g95e5p,1.908
2026-10-09T13:55Z,3893,g95e5,1.869
2026-10-09T13:55Z,3893,gA,1.945
2026-10-09T13:55Z,3893,gP,2.099
2026-10-09T13:55Z,3893,g98e5,2.039
2026-10-09T13:55Z,3909,g95e5,1.865
2026-10-09T13:55Z,3909,gA,1.959
2026-10-09T13:55Z,3909,g98e5,2.035
2026-10-09T13:55Z,3910,g95e5,1.865
2026-10-09T13:55Z,3910,gA,1.959
2026-10-09T13:55Z,3910,g98e5,2.035
2026-10-09T13:55Z,3910,gB,1.795
2026-10-09T13:55Z,3927,gA,1.950
2026-10-09T13:55Z,3927,gB,1.884
2026-10-09T13:55Z,3949,g95e5,1.849
2026-10-09T13:55Z,3949,gP,1.969
2026-10-09T13:55Z,3949,g98e5,2.019
2026-10-09T13:55Z,3959,g95e5,1.869
2026-10-09T13:55Z,3959,g98e5,2.099
2026-10-09T13:55Z,3967,g95e5,1.824
2026-10-09T13:55Z,3967,gA,1.914
2026-10-09T13:55Z,3967,gP,1.964
2026-10-09T13:55Z,3968,g95e5,1.824
2026-10-09T13:55Z,3968,gA,1.914
2026-10-09T13:55Z,3968,gP,1.964
2026-10-09T13:55Z,3968,g98e5,1.944
2026-10-09T13:55Z,3969,gA,1.749
2026-10-09T13:55Z,3982,gA,1.829
2026-10-09T13:55Z,3982,gP,1.829
2026-10-09T13:55Z,3988,g95e5,1.804
2026-10-09T13:55Z,3988,gA,1.894
2026-10-09T13:55Z,3988,gP,1.944
2026-10-09T13:55Z,3988,gB,1.574
2026-10-09T13:55Z,3995,g95e5,1.749
2026-10-09T13:55Z,3995,gA,1.859
2026-10-09T13:55Z,3995,gP,1.949
2026-10-09T13:55Z,3997,g95e5,1.669
2026-10-09T13:55Z,3997,gA,1.759
2026-10-09T13:55Z,3997,gP,1.859
2026-10-09T13:55Z,3997,g98e5,1.869
2026-10-09T13:55Z,4003,gA,1.939
2026-10-09T13:55Z,4006,g95e5,1.789
2026-10-09T13:55Z,4006,gA,1.874
2026-10-09T13:55Z,4006,gP,1.924
2026-10-09T13:55Z,4006,g98e5,1.909
2026-10-09T13:55Z,4034,gA,1.929
2026-10-09T13:55Z,4040,g95e5,1.792
2026-10-09T13:55Z,4040,gA,1.877
2026-10-09T13:55Z,4040,gP,1.894
2026-10-09T13:55Z,4040,g98e5,2.012
2026-10-09T13:55Z,4051,g95e5,1.859
2026-10-09T13:55Z,4051,g98e5,1.979
2026-10-09T13:55Z,4059,g95e5,1.929
2026-10-09T13:55Z,4059,gA,1.979
2026-10-09T13:55Z,4059,gP,2.039
2026-10-09T13:55Z,4059,g98e5,2.089
2026-10-09T13:55Z,4066,g95e5,1.869
2026-10-09T13:55Z,4066,gA,1.945
2026-10-09T13:55Z,4066,gP,2.099
2026-10-09T13:55Z,4066,g98e5,2.039
2026-10-09T13:55Z,4088,gA,1.909
2026-10-09T13:55Z,4091,gA,1.909
2026-10-09T13:55Z,4094,gA,1.969
2026-10-09T13:55Z,4095,g95e5,1.875
2026-10-09T13:55Z,4120,g95e5,1.814
2026-10-09T13:55Z,4120,gA,1.854
2026-10-09T13:55Z,4120,gP,1.904
2026-10-09T13:55Z,4120,g95e5p,1.864
2026-10-09T13:55Z,4123,g95e5,1.814
2026-10-09T13:55Z,4123,gA,1.854
2026-10-09T13:55Z,4123,g98e5,1.954
2026-10-09T13:55Z,4129,g95e5,1.794
2026-10-09T13:55Z,4129,gA,1.864
2026-10-09T13:55Z,4129,gP,1.914
2026-10-09T13:55Z,4129,g98e5,1.954
2026-10-09T13:55Z,4130,g95e5,1.749
2026-10-09T13:55Z,4130,gA,1.859
2026-10-09T13:55Z,4130,g98e5,1.889
2026-10-09T13:55Z,4136,g95e5,1.739
2026-10-09T13:55Z,4139,g95e5,1.725
2026-10-09T13:55Z,4139,gA,1.827
2026-10-09T13:55Z,4139,gP,1.827
2026-10-09T13:55Z,4139,g98e5,1.815
2026-10-09T13:55Z,4139,g95e5p,1.768
2026-10-09T13:55Z,4143,g95e5,1.738
2026-10-09T13:55Z,4143,g98e5,1.849
2026-10-09T13:55Z,4147,g95e5,1.768
2026-10-09T13:55Z,4147,gA,1.868
2026-10-09T13:55Z,4147,gP,1.868
2026-10-09T13:55Z,4147,g95e5p,1.768
2026-10-09T13:55Z,4151,gA,1.899
2026-10-09T13:55Z,4151,gP,1.939
2026-10-09T13:55Z,4151,g98e5,1.899
2026-10-09T13:55Z,4153,g95e5,1.829
2026-10-09T13:55Z,4153,gA,1.929
2026-10-09T13:55Z,4153,gP,1.969
2026-10-09T13:55Z,4153,g98e5,1.949
2026-10-09T13:55Z,4159,g95e5,1.805
2026-10-09T13:55Z,4159,gA,1.915
2026-10-09T13:55Z,4159,g95e5p,1.875
2026-10-09T13:55Z,4171,g95e5,1.834
2026-10-09T13:55Z,4171,gA,1.859
2026-10-09T13:55Z,4171,gP,1.939
2026-10-09T13:55Z,4171,g98e5,1.974
2026-10-09T13:55Z,4189,gA,1.819
2026-10-09T13:55Z,4189,gP,1.919
2026-10-09T13:55Z,4190,g95e5,1.829
2026-10-09T13:55Z,4190,gA,1.929
2026-10-09T13:55Z,4190,gP,1.969
2026-10-09T13:55Z,4190,g98e5,1.949
2026-10-09T13:55Z,4201,g95e5,1.669
2026-10-09T13:55Z,4201,gA,1.739
2026-10-09T13:55Z,4221,gA,1.949
2026-10-09T13:55Z,4221,gB,1.829
2026-10-09T13:55Z,4222,gA,1.949
2026-10-09T13:55Z,4222,gB,1.829
2026-10-09T13:55Z,4246,g95e5,1.828
2026-10-09T13:55Z,4246,g95e5p,1.898
2026-10-09T13:55Z,4256,g95e5,1.839
2026-10-09T13:55Z,4256,g95e5p,1.929
2026-10-09T13:55Z,4261,g95e5,1.819
2026-10-09T13:55Z,4261,gA,1.919
2026-10-09T13:55Z,4261,g98e5,1.939
2026-10-09T13:55Z,4261,gB,1.829
2026-10-09T13:55Z,4264,gA,1.945
2026-10-09T13:55Z,4264,gP,2.070
2026-10-09T13:55Z,4265,gA,1.945
2026-10-09T13:55Z,4265,gP,2.070
2026-10-09T13:55Z,4278,g95e5,1.828
2026-10-09T13:55Z,4278,gA,1.955
2026-10-09T13:55Z,4278,gP,2.050
2026-10-09T13:55Z,4278,g95e5p,1.878
2026-10-09T13:55Z,4282,g95e5,1.819
2026-10-09T13:55Z,4282,gA,1.919
2026-10-09T13:55Z,4282,g98e5,1.939
2026-10-09T13:55Z,4282,glp,1.119
2026-10-09T13:55Z,4283,g95e5,1.818
2026-10-09T13:55Z,4283,gA,1.945
2026-10-09T13:55Z,4283,gP,2.060
2026-10-09T13:55Z,4283,g95e5p,1.918
2026-10-09T13:55Z,4287,g95e5,1.805
2026-10-09T13:55Z,4287,gA,1.915
2026-10-09T13:55Z,4287,g98e5,1.925
2026-10-09T13:55Z,4292,g95e5,1.834
2026-10-09T13:55Z,4292,gA,1.859
2026-10-09T13:55Z,4292,gP,1.939
2026-10-09T13:55Z,4292,g98e5,1.974
2026-10-09T13:55Z,4295,g95e5,1.769
2026-10-09T13:55Z,4295,gA,1.929
2026-10-09T13:55Z,4295,gP,1.979
2026-10-09T13:55Z,4295,g95e5p,1.819
2026-10-09T13:55Z,4303,g95e5,1.819
2026-10-09T13:55Z,4303,gA,1.919
2026-10-09T13:55Z,4303,gP,1.959
2026-10-09T13:55Z,4304,g95e5,1.777
2026-10-09T13:55Z,4305,g95e5,1.815
2026-10-09T13:55Z,4305,gA,1.965
2026-10-09T13:55Z,4312,gA,1.980
2026-10-09T13:55Z,4312,gP,2.069
2026-10-09T13:55Z,4325,gA,1.945
2026-10-09T13:55Z,4325,gP,2.049
2026-10-09T13:55Z,4333,gA,2.015
2026-10-09T13:55Z,4335,gA,1.954
2026-10-09T13:55Z,4335,gP,2.014
2026-10-09T13:55Z,4336,g95e5,1.719
2026-10-09T13:55Z,4336,gA,1.819
2026-10-09T13:55Z,4336,g98e5,1.859
2026-10-09T13:55Z,4337,g95e5,1.879
2026-10-09T13:55Z,4337,gA,2.015
2026-10-09T13:55Z,4341,gA,1.924
2026-10-09T13:55Z,4341,gP,1.984
2026-10-09T13:55Z,4344,gA,1.996
2026-10-09T13:55Z,4346,g95e5,1.828
2026-10-09T13:55Z,4346,g95e5p,1.868
2026-10-09T13:55Z,4347,gA,1.995
2026-10-09T13:55Z,4349,g95e5,1.895
2026-10-09T13:55Z,4357,g95e5,1.849
2026-10-09T13:55Z,4357,gA,1.970
2026-10-09T13:55Z,4357,gP,2.056
2026-10-09T13:55Z,4358,gA,1.999
2026-10-09T13:55Z,4359,g95e5,1.883
2026-10-09T13:55Z,4359,gA,1.999
2026-10-09T13:55Z,4359,gP,2.098
2026-10-09T13:55Z,4359,g98e5,1.973
2026-10-09T13:55Z,4362,g95e5,1.789
2026-10-09T13:55Z,4362,gA,1.899
2026-10-09T13:55Z,4362,g95e5p,1.878
2026-10-09T13:55Z,4367,g95e5,1.885
2026-10-09T13:55Z,4367,gA,1.985
2026-10-09T13:55Z,4367,gP,2.055
2026-10-09T13:55Z,4367,g98e5,2.005
2026-10-09T13:55Z,4372,g95e5,1.874
2026-10-09T13:55Z,4372,gA,1.920
2026-10-09T13:55Z,4372,gP,1.957
2026-10-09T13:55Z,4374,gP,1.849
2026-10-09T13:55Z,4376,g95e5,1.799
2026-10-09T13:55Z,4376,gA,1.959
2026-10-09T13:55Z,4380,g95e5,1.685
2026-10-09T13:55Z,4380,gA,1.785
2026-10-09T13:55Z,4383,gA,1.929
2026-10-09T13:55Z,4383,gP,2.009
2026-10-09T13:55Z,4385,g95e5,1.749
2026-10-09T13:55Z,4385,gA,1.849
2026-10-09T13:55Z,4395,gA,1.819
2026-10-09T13:55Z,4404,gA,1.919
2026-10-09T13:55Z,4404,gP,1.969
2026-10-09T13:55Z,4408,gA,1.859
2026-10-09T13:55Z,4413,gA,1.809
2026-10-09T13:55Z,4414,gP,1.849
2026-10-09T13:55Z,4418,gA,1.999
2026-10-09T13:55Z,4418,gP,2.079
2026-10-09T13:55Z,4427,gA,1.919
2026-10-09T13:55Z,4427,gP,1.959
2026-10-09T13:55Z,4428,gA,1.719
2026-10-09T13:55Z,4433,g95e5,1.854
2026-10-09T13:55Z,4433,gA,1.964
2026-10-09T13:55Z,4433,gP,2.014
2026-10-09T13:55Z,4433,g98e5,1.994
2026-10-09T13:55Z,4435,g95e5,1.699
2026-10-09T13:55Z,4435,gA,1.801
2026-10-09T13:55Z,4435,gP,1.836
2026-10-09T13:55Z,4435,g98e5,1.809
2026-10-09T13:55Z,4444,gP,1.849
2026-10-09T13:55Z,4455,gA,1.939
2026-10-09T13:55Z,4455,gP,2.019
2026-10-09T13:55Z,4457,g95e5,1.829
2026-10-09T13:55Z,4457,gA,1.869
2026-10-09T13:55Z,4457,gP,1.949
2026-10-09T13:55Z,4462,gA,1.995
2026-10-09T13:55Z,4464,gP,1.809
2026-10-09T13:55Z,4468,gA,2.019
2026-10-09T13:55Z,4471,gA,1.979
2026-10-09T13:55Z,4471,gP,2.079
2026-10-09T13:55Z,4481,g95e5,1.858
2026-10-09T13:55Z,4481,gA,1.954
2026-10-09T13:55Z,4481,gP,2.049
2026-10-09T13:55Z,4481,g95e5p,1.918
2026-10-09T13:55Z,4492,g95e5,1.868
2026-10-09T13:55Z,4503,gP,2.059
2026-10-09T13:55Z,4515,g95e5,1.868
2026-10-09T13:55Z,4515,gA,1.980
2026-10-09T13:55Z,4515,gP,2.069
2026-10-09T13:55Z,4515,g95e5p,1.948
2026-10-09T13:55Z,4524,gA,1.955
2026-10-09T13:55Z,4534,gA,1.970
2026-10-09T13:55Z,4534,gP,2.059
2026-10-09T13:55Z,4543,gA,2.019
2026-10-09T13:55Z,4569,g95e5,1.868
2026-10-09T13:55Z,4569,g95e5p,1.908
2026-10-09T13:55Z,4577,g95e5,1.855
2026-10-09T13:55Z,4584,g95e5,1.840
2026-10-09T13:55Z,4584,gA,1.960
2026-10-09T13:55Z,4584,gP,2.060
2026-10-09T13:55Z,4584,g98e5,2.010
2026-10-09T13:55Z,4585,g95e5,1.840
2026-10-09T13:55Z,4585,gA,1.960
2026-10-09T13:55Z,4585,gP,2.060
2026-10-09T13:55Z,4592,gA,1.970
2026-10-09T13:55Z,4592,gP,2.059
2026-10-09T13:55Z,4598,gA,1.969
2026-10-09T13:55Z,4600,g95e5,1.834
2026-10-09T13:55Z,4600,gA,1.949
2026-10-09T13:55Z,4600,gP,2.029
2026-10-09T13:55Z,4600,g98e5,1.974
2026-10-09T13:55Z,4601,gA,1.954
2026-10-09T13:55Z,4601,gP,2.059
2026-10-09T13:55Z,4603,gA,1.959
2026-10-09T13:55Z,4606,g98e5,1.989
2026-10-09T13:55Z,4609,gA,1.999
2026-10-09T13:55Z,4613,gA,2.019
2026-10-09T13:55Z,4620,g95e5,1.865
2026-10-09T13:55Z,4620,gA,1.959
2026-10-09T13:55Z,4621,gA,1.959
2026-10-09T13:55Z,4626,gA,1.969
2026-10-09T13:55Z,4626,gP,2.049
2026-10-09T13:55Z,4639,g95e5,1.865
2026-10-09T13:55Z,4641,g95e5,1.835
2026-10-09T13:55Z,4642,g95e5,1.845
2026-10-09T13:55Z,4646,g95e5,1.858
2026-10-09T13:55Z,4646,g95e5p,1.948
2026-10-09T13:55Z,4662,g95e5,1.834
2026-10-09T13:55Z,4662,gA,1.954
2026-10-09T13:55Z,4662,gP,2.004
2026-10-09T13:55Z,4664,g95e5,1.868
2026-10-09T13:55Z,4664,g95e5p,1.908
2026-10-09T13:55Z,4673,g95e5,1.749
2026-10-09T13:55Z,4673,gA,1.809
2026-10-09T13:55Z,4673,gP,1.859
2026-10-09T13:55Z,4673,g95e5p,1.799
2026-10-09T13:55Z,4674,gA,1.955
2026-10-09T13:55Z,4674,gP,2.005
2026-10-09T13:55Z,4678,g95e5,1.789
2026-10-09T13:55Z,4678,gA,1.882
2026-10-09T13:55Z,4678,gP,1.994
2026-10-09T13:55Z,4678,g98e5,1.988
2026-10-09T13:55Z,4680,gA,1.955
2026-10-09T13:55Z,4680,gP,2.049
2026-10-09T13:55Z,4681,g95e5,1.659
2026-10-09T13:55Z,4681,gA,1.779
2026-10-09T13:55Z,4681,gP,1.799
2026-10-09T13:55Z,4682,gA,1.959
2026-10-09T13:55Z,4682,gP,1.979
2026-10-09T13:55Z,4683,g95e5,1.839
2026-10-09T13:55Z,4683,gA,1.979
2026-10-09T13:55Z,4683,gP,1.999
2026-10-09T13:55Z,4689,g95e5,1.859
2026-10-09T13:55Z,4689,g95e5p,1.918
2026-10-09T13:55Z,4694,g95e5,1.858
2026-10-09T13:55Z,4694,gA,1.949
2026-10-09T13:55Z,4694,gP,2.049
2026-10-09T13:55Z,4694,g95e5p,1.928
2026-10-09T13:55Z,4700,g95e5,1.799
2026-10-09T13:55Z,4700,gA,1.919
2026-10-09T13:55Z,4700,gP,1.969
2026-10-09T13:55Z,4700,g98e5,1.939
2026-10-09T13:55Z,4702,g95e5,1.824
2026-10-09T13:55Z,4702,gA,1.954
2026-10-09T13:55Z,4702,gP,2.004
2026-10-09T13:55Z,4702,g95e5p,1.874
2026-10-09T13:55Z,4703,g95e5,1.824
2026-10-09T13:55Z,4703,gA,1.954
2026-10-09T13:55Z,4703,gP,2.004
2026-10-09T13:55Z,4703,g95e5p,1.874
2026-10-09T13:55Z,4704,g95e5,1.754
2026-10-09T13:55Z,4704,gA,1.934
2026-10-09T13:55Z,4704,gP,2.014
2026-10-09T13:55Z,4704,g98e5,1.894
2026-10-09T13:55Z,4705,gA,1.889
2026-10-09T13:55Z,4705,gP,1.899
2026-10-09T13:55Z,4711,g95e5,1.879
2026-10-09T13:55Z,4711,g98e5,2.019
2026-10-09T13:55Z,4714,g95e5,1.769
2026-10-09T13:55Z,4714,gA,1.889
2026-10-09T13:55Z,4714,gP,1.969
2026-10-09T13:55Z,4714,g98e5,1.909
2026-10-09T13:55Z,4716,g95e5,1.759
2026-10-09T13:55Z,4716,g98e5,1.899
2026-10-09T13:55Z,4725,g95e5,1.888
2026-10-09T13:55Z,4725,gA,1.970
2026-10-09T13:55Z,4725,gP,2.059
2026-10-09T13:55Z,4725,g95e5p,1.928
2026-10-09T13:55Z,4731,g95e5,1.849
2026-10-09T13:55Z,4731,gA,1.939
2026-10-09T13:55Z,4731,gP,1.959
2026-10-09T13:55Z,4731,g98e5,1.999
2026-10-09T13:55Z,4741,g95e5,1.779
2026-10-09T13:55Z,4741,gA,1.879
2026-10-09T13:55Z,4741,gP,1.959
2026-10-09T13:55Z,4741,gB,1.714
2026-10-09T13:55Z,4744,gP,1.879
2026-10-09T13:55Z,4746,gA,1.869
2026-10-09T13:55Z,4746,gP,1.909
2026-10-09T13:55Z,4747,g95e5,1.779
2026-10-09T13:55Z,4747,gA,1.879
2026-10-09T13:55Z,4747,gP,1.959
2026-10-09T13:55Z,4747,gB,1.714
2026-10-09T13:55Z,4748,g95e5,1.875
2026-10-09T13:55Z,4748,gA,1.968
2026-10-09T13:55Z,4748,gP,2.068
2026-10-09T13:55Z,4759,gA,1.980
2026-10-09T13:55Z,4759,gP,2.069
2026-10-09T13:55Z,4760,gA,1.960
2026-10-09T13:55Z,4760,gP,2.049
2026-10-09T13:55Z,4763,g95e5,1.858
2026-10-09T13:55Z,4763,gA,1.980
2026-10-09T13:55Z,4763,gP,2.069
2026-10-09T13:55Z,4763,g95e5p,1.898
2026-10-09T13:55Z,4774,gA,1.919
2026-10-09T13:55Z,4774,gP,1.969
2026-10-09T13:55Z,4777,gA,1.909
2026-10-09T13:55Z,4777,gP,1.949
2026-10-09T13:55Z,4777,g98e5,1.939
2026-10-09T13:55Z,4785,g95e5,1.828
2026-10-09T13:55Z,4791,gA,1.909
2026-10-09T13:55Z,4819,gA,1.939
2026-10-09T13:55Z,4819,gP,2.029
2026-10-09T13:55Z,4827,g95e5,1.879
2026-10-09T13:55Z,4827,gA,1.979
2026-10-09T13:55Z,4827,g95e5p,1.909
2026-10-09T13:55Z,4838,g95e5,1.835
2026-10-09T13:55Z,4838,gA,1.979
2026-10-09T13:55Z,4838,gB,1.679
2026-10-09T13:55Z,4841,gA,1.975
2026-10-09T13:55Z,4850,gA,1.975
2026-10-09T13:55Z,4852,g95e5,1.839
2026-10-09T13:55Z,4852,gA,1.949
2026-10-09T13:55Z,4852,gP,2.009
2026-10-09T13:55Z,4863,g95e5,1.818
2026-10-09T13:55Z,4863,g95e5p,1.858
2026-10-09T13:55Z,4870,g95e5,1.858
2026-10-09T13:55Z,4870,gA,1.955
2026-10-09T13:55Z,4870,gP,2.035
2026-10-09T13:55Z,4870,g95e5p,1.898
2026-10-09T13:55Z,4871,g95e5,1.868
2026-10-09T13:55Z,4871,gA,1.965
2026-10-09T13:55Z,4871,gP,2.045
2026-10-09T13:55Z,4871,g95e5p,1.908
2026-10-09T13:55Z,4881,g95e5,1.864
2026-10-09T13:55Z,4881,gA,1.984
2026-10-09T13:55Z,4881,gP,2.034
2026-10-09T13:55Z,4881,g98e5,2.009
2026-10-09T13:55Z,4883,g95e5,1.704
2026-10-09T13:55Z,4883,gA,1.834
2026-10-09T13:55Z,4883,gP,1.884
2026-10-09T13:55Z,4883,g95e5p,1.754
2026-10-09T13:55Z,4886,gA,1.999
2026-10-09T13:55Z,4886,gP,2.070
2026-10-09T13:55Z,4891,g95e5,1.899
2026-10-09T13:55Z,4914,g95e5,1.909
2026-10-09T13:55Z,4914,gA,1.889
2026-10-09T13:55Z,4914,g98e5,1.989
2026-10-09T13:55Z,4927,gA,1.999
2026-10-09T13:55Z,4927,gP,2.059
2026-10-09T13:55Z,4930,gP,1.969
2026-10-09T13:55Z,4935,g95e5,1.889
2026-10-09T13:55Z,4935,gA,1.899
2026-10-09T13:55Z,4935,gP,1.949
2026-10-09T13:55Z,4935,g98e5,1.969
2026-10-09T13:55Z,4937,g95e5,1.739
2026-10-09T13:55Z,4937,gA,1.809
2026-10-09T13:55Z,4937,gP,1.809
2026-10-09T13:55Z,4937,g95e5p,1.739
2026-10-09T13:55Z,4939,g95e5,1.889
2026-10-09T13:55Z,4939,gA,1.899
2026-10-09T13:55Z,4939,gP,1.949
2026-10-09T13:55Z,4939,g98e5,1.969
2026-10-09T13:55Z,4941,g95e5,1.749
2026-10-09T13:55Z,4941,gA,1.789
2026-10-09T13:55Z,4951,g95e5,1.805
2026-10-09T13:55Z,4951,gA,1.935
2026-10-09T13:55Z,4951,gB,1.795
2026-10-09T13:55Z,4952,g95e5,1.779
2026-10-09T13:55Z,4952,gA,1.879
2026-10-09T13:55Z,4952,gP,1.959
2026-10-09T13:55Z,4952,gB,1.714
2026-10-09T13:55Z,4953,g95e5,1.769
2026-10-09T13:55Z,4953,gA,1.899
2026-10-09T13:55Z,4953,gB,1.659
2026-10-09T13:55Z,4957,g95e5,1.785
2026-10-09T13:55Z,4957,gA,1.925
2026-10-09T13:55Z,4962,g95e5,1.829
2026-10-09T13:55Z,4962,gA,1.959
2026-10-09T13:55Z,4962,gP,1.999
2026-10-09T13:55Z,4962,g98e5,1.979
2026-10-09T13:55Z,4963,g95e5,1.829
2026-10-09T13:55Z,4963,gA,1.959
2026-10-09T13:55Z,4963,gP,1.999
2026-10-09T13:55Z,4963,g98e5,1.979
2026-10-09T13:55Z,4964,g95e5,1.789
2026-10-09T13:55Z,4964,gA,1.988
2026-10-09T13:55Z,4969,g98e5,1.919
2026-10-09T13:55Z,4972,gA,1.969
2026-10-09T13:55Z,4982,g95e5,1.818
2026-10-09T13:55Z,4982,g95e5p,1.908
2026-10-09T13:55Z,4983,gA,1.955
2026-10-09T13:55Z,4983,gP,2.035
2026-10-09T13:55Z,4984,g95e5,1.848
2026-10-09T13:55Z,4985,gA,2.005
2026-10-09T13:55Z,4985,gP,2.100
2026-10-09T13:55Z,4989,g95e5,1.848
2026-10-09T13:55Z,4991,gA,1.925
2026-10-09T13:55Z,4991,gP,2.015
2026-10-09T13:55Z,5022,gA,2.005
2026-10-09T13:55Z,5028,g95e5,1.849
2026-10-09T13:55Z,5028,gA,1.959
2026-10-09T13:55Z,5028,gP,2.049
2026-10-09T13:55Z,5028,g95e5p,1.899
2026-10-09T13:55Z,5032,g95e5,1.869
2026-10-09T13:55Z,5032,gA,1.979
2026-10-09T13:55Z,5032,gP,2.039
2026-10-09T13:55Z,5032,g98e5,1.969
2026-10-09T13:55Z,5036,g95e5,1.819
2026-10-09T13:55Z,5036,gA,1.889
2026-10-09T13:55Z,5036,gP,1.979
2026-10-09T13:55Z,5036,g95e5p,1.869
2026-10-09T13:55Z,5037,g95e5,1.704
2026-10-09T13:55Z,5037,gA,1.799
2026-10-09T13:55Z,5037,gP,1.849
2026-10-09T13:55Z,5037,g98e5,1.844
2026-10-09T13:55Z,5037,gB,1.529
2026-10-09T13:55Z,5039,gA,1.999
2026-10-09T13:55Z,5039,gP,2.099
2026-10-09T13:55Z,5043,g95e5,1.874
2026-10-09T13:55Z,5043,gA,1.974
2026-10-09T13:55Z,5043,gP,2.024
2026-10-09T13:55Z,5043,gB,1.654
2026-10-09T13:55Z,5071,g95e5,1.789
2026-10-09T13:55Z,5071,gA,1.919
2026-10-09T13:55Z,5071,gP,1.949
2026-10-09T13:55Z,5071,g98e5,1.949
2026-10-09T13:55Z,5074,g95e5,1.864
2026-10-09T13:55Z,5074,gA,1.969
2026-10-09T13:55Z,5074,gP,2.059
2026-10-09T13:55Z,5074,g95e5p,1.914
2026-10-09T13:55Z,5094,g95e5,1.857
2026-10-09T13:55Z,5094,gA,1.942
2026-10-09T13:55Z,5094,gP,2.026
2026-10-09T13:55Z,5094,g98e5,1.996
2026-10-09T13:55Z,5119,gA,1.959
2026-10-09T13:55Z,5119,gP,1.989
2026-10-09T13:55Z,5119,gB,1.740
2026-10-09T13:55Z,5142,g95e5,1.869
2026-10-09T13:55Z,5142,gA,1.959
2026-10-09T13:55Z,5142,gP,2.059
2026-10-09T13:55Z,5142,g98e5,2.019
2026-10-09T13:55Z,5159,gA,1.985
2026-10-09T13:55Z,5173,g95e5,1.843
2026-10-09T13:55Z,5173,gA,1.970
2026-10-09T13:55Z,5173,gP,2.059
2026-10-09T13:55Z,5175,gP,1.779
2026-10-09T13:55Z,5192,g95e5,1.868
2026-10-09T13:55Z,5192,gA,1.995
2026-10-09T13:55Z,5192,gP,2.080
2026-10-09T13:55Z,5219,g95e5,1.859
2026-10-09T13:55Z,5219,gA,1.979
2026-10-09T13:55Z,5219,g98e5,2.099
2026-10-09T13:55Z,5219,gB,1.869
2026-10-09T13:55Z,5273,gA,1.919
2026-10-09T13:55Z,5273,gB,1.799
2026-10-09T13:55Z,5291,g95e5,1.935
2026-10-09T13:55Z,5291,gA,1.885
2026-10-09T13:55Z,5292,g95e5,1.839
2026-10-09T13:55Z,5292,gA,1.949
2026-10-09T13:55Z,5292,gP,2.019
2026-10-09T13:55Z,5292,gB,1.740
2026-10-09T13:55Z,5293,g95e5,1.789
2026-10-09T13:55Z,5293,gA,1.879
2026-10-09T13:55Z,5293,gP,1.939
2026-10-09T13:55Z,5300,g95e5,1.839
2026-10-09T13:55Z,5308,g95e5,1.844
2026-10-09T13:55Z,5308,gA,1.964
2026-10-09T13:55Z,5308,gP,2.014
2026-10-09T13:55Z,5308,g98e5,1.984
2026-10-09T13:55Z,5310,g95e5,1.849
2026-10-09T13:55Z,5310,gA,1.949
2026-10-09T13:55Z,5310,gP,2.039
2026-10-09T13:55Z,5310,g95e5p,1.889
2026-10-09T13:55Z,5328,gA,1.975
2026-10-09T13:55Z,5328,gP,2.070
2026-10-09T13:55Z,5331,g95e5,1.689
2026-10-09T13:55Z,5331,gA,1.799
2026-10-09T13:55Z,5335,g95e5,1.789
2026-10-09T13:55Z,5335,gA,1.939
2026-10-09T13:55Z,5335,gP,2.019
2026-10-09T13:55Z,5335,g98e5,1.929
2026-10-09T13:55Z,5345,g95e5,1.839
2026-10-09T13:55Z,5345,gA,1.989
2026-10-09T13:55Z,5345,gP,2.089
2026-10-09T13:55Z,5345,g98e5,2.009
2026-10-09T13:55Z,5357,gA,1.995
2026-10-09T13:55Z,5367,gP,2.049
2026-10-09T13:55Z,5369,g95e5,1.879
2026-10-09T13:55Z,5369,gA,1.989
2026-10-09T13:55Z,5369,gP,2.099
2026-10-09T13:55Z,5369,g98e5,2.089
2026-10-09T13:55Z,5376,g95e5,1.865
2026-10-09T13:55Z,5378,gA,1.985
2026-10-09T13:55Z,5378,gP,2.070
2026-10-09T13:55Z,5394,g98e5,2.089
2026-10-09T13:55Z,5398,gA,1.839
2026-10-09T13:55Z,5398,gP,1.929
2026-10-09T13:55Z,5466,gA,1.985
2026-10-09T13:55Z,5466,gP,2.070
2026-10-09T13:55Z,5475,g95e5,1.828
2026-10-09T13:55Z,5475,gA,1.975
2026-10-09T13:55Z,5475,gP,2.060
2026-10-09T13:55Z,5475,g95e5p,1.898
2026-10-09T13:55Z,5476,g95e5,1.828
2026-10-09T13:55Z,5476,gA,1.975
2026-10-09T13:55Z,5476,gP,2.060
2026-10-09T13:55Z,5476,g95e5p,1.898
2026-10-09T13:55Z,5491,gP,2.059
2026-10-09T13:55Z,5491,g98e5,1.978
2026-10-09T13:55Z,5492,gP,2.059
2026-10-09T13:55Z,5492,g98e5,1.978
2026-10-09T13:55Z,5495,g95e5,1.854
2026-10-09T13:55Z,5495,gA,1.904
2026-10-09T13:55Z,5495,gP,1.954
2026-10-09T13:55Z,5495,g98e5,1.964
2026-10-09T13:55Z,5500,g95e5,1.858
2026-10-09T13:55Z,5500,gA,1.955
2026-10-09T13:55Z,5500,gP,2.070
2026-10-09T13:55Z,5500,g95e5p,1.918
2026-10-09T13:55Z,5508,g95e5,1.988
2026-10-09T13:55Z,5508,gA,2.145
2026-10-09T13:55Z,5508,gP,2.220
2026-10-09T13:55Z,5508,g98e5,2.098
2026-10-09T13:55Z,5514,g95e5,1.838
2026-10-09T13:55Z,5514,gA,2.005
2026-10-09T13:55Z,5514,gP,2.070
2026-10-09T13:55Z,5535,g95e5,1.664
2026-10-09T13:55Z,5535,gA,1.824
2026-10-09T13:55Z,5535,gP,1.874
2026-10-09T13:55Z,5537,g95e5,1.794
2026-10-09T13:55Z,5537,gA,1.944
2026-10-09T13:55Z,5537,gP,1.994
2026-10-09T13:55Z,5537,g98e5,1.934
2026-10-09T13:55Z,5538,g95e5,1.629
2026-10-09T13:55Z,5538,gA,1.719
2026-10-09T13:55Z,5538,gP,1.769
2026-10-09T13:55Z,5538,g98e5,1.769
2026-10-09T13:55Z,5553,g95e5,1.799
2026-10-09T13:55Z,5553,gA,1.899
2026-10-09T13:55Z,5553,gP,1.969
2026-10-09T13:55Z,5553,g98e5,1.899
2026-10-09T13:55Z,5556,g95e5,1.819
2026-10-09T13:55Z,5556,gA,1.914
2026-10-09T13:55Z,5556,gP,1.964
2026-10-09T13:55Z,5560,gA,1.949
2026-10-09T13:55Z,5560,gP,2.009
2026-10-09T13:55Z,5567,g95e5,1.779
2026-10-09T13:55Z,5567,gA,1.889
2026-10-09T13:55Z,5567,gP,1.959
2026-10-09T13:55Z,5567,g98e5,1.899
2026-10-09T13:55Z,5571,g95e5,1.859
2026-10-09T13:55Z,5571,gA,1.909
2026-10-09T13:55Z,5571,gP,1.949
2026-10-09T13:55Z,5571,g98e5,1.999
2026-10-09T13:55Z,5572,gA,1.899
2026-10-09T13:55Z,5576,g95e5,1.799
2026-10-09T13:55Z,5576,gA,1.899
2026-10-09T13:55Z,5576,gP,1.939
2026-10-09T13:55Z,5576,g98e5,1.929
2026-10-09T13:55Z,5578,g95e5,1.839
2026-10-09T13:55Z,5578,gA,1.909
2026-10-09T13:55Z,5578,gP,1.949
2026-10-09T13:55Z,5578,g98e5,1.949
2026-10-09T13:55Z,5579,gA,1.969
2026-10-09T13:55Z,5579,gP,2.009
2026-10-09T13:55Z,5579,g98e5,1.999
2026-10-09T13:55Z,5590,g95e5,1.699
2026-10-09T13:55Z,5590,gA,1.799
2026-10-09T13:55Z,5591,g95e5,1.869
2026-10-09T13:55Z,5592,g95e5,1.859
2026-10-09T13:55Z,5592,gA,1.879
2026-10-09T13:55Z,5592,gP,1.969
2026-10-09T13:55Z,5599,g95e5,1.839
2026-10-09T13:55Z,5599,gA,1.919
2026-10-09T13:55Z,5599,gP,1.959
2026-10-09T13:55Z,5599,g98e5,1.999
2026-10-09T13:55Z,5601,g95e5,1.809
2026-10-09T13:55Z,5601,gA,1.899
2026-10-09T13:55Z,5601,gP,1.939
2026-10-09T13:55Z,5603,gA,1.969
2026-10-09T13:55Z,5603,gP,2.009
2026-10-09T13:55Z,5603,g98e5,1.919
2026-10-09T13:55Z,5618,gA,1.985
2026-10-09T13:55Z,5618,gP,2.055
2026-10-09T13:55Z,5631,g95e5,1.819
2026-10-09T13:55Z,5631,gA,1.949
2026-10-09T13:55Z,5631,gP,2.049
2026-10-09T13:55Z,5631,g98e5,1.939
2026-10-09T13:55Z,5653,g95e5,1.780
2026-10-09T13:55Z,5653,gA,1.939
2026-10-09T13:55Z,5653,gP,2.039
2026-10-09T13:55Z,5669,gA,1.969
2026-10-09T13:55Z,5669,gP,2.059
2026-10-09T13:55Z,5671,gA,1.799
2026-10-09T13:55Z,5671,gP,1.899
2026-10-09T13:55Z,5677,g95e5,1.809
2026-10-09T13:55Z,5677,gP,2.019
2026-10-09T13:55Z,5690,g95e5,1.804
2026-10-09T13:55Z,5690,gA,1.884
2026-10-09T13:55Z,5690,gP,1.995
2026-10-09T13:55Z,5691,gA,1.929
2026-10-09T13:55Z,5698,g95e5,1.868
2026-10-09T13:55Z,5702,gP,1.878
2026-10-09T13:55Z,5706,g95e5,1.869
2026-10-09T13:55Z,5706,gA,1.964
2026-10-09T13:55Z,5706,gP,2.035
2026-10-09T13:55Z,5706,g95e5p,1.898
2026-10-09T13:55Z,5710,gA,1.969
2026-10-09T13:55Z,5711,g95e5,1.849
2026-10-09T13:55Z,5711,gA,1.975
2026-10-09T13:55Z,5711,gP,2.075
2026-10-09T13:55Z,5736,g95e5,1.719
2026-10-09T13:55Z,5740,g95e5,1.878
2026-10-09T13:55Z,5740,gA,1.999
2026-10-09T13:55Z,5740,gP,2.100
2026-10-09T13:55Z,5753,gA,1.899
2026-10-09T13:55Z,5753,gP,1.979
2026-10-09T13:55Z,5780,gA,1.979
2026-10-09T13:55Z,5780,gP,2.089
2026-10-09T13:55Z,5786,gA,2.005
2026-10-09T13:55Z,5786,gP,2.090
2026-10-09T13:55Z,5794,g95e5,1.754
2026-10-09T13:55Z,5794,gA,1.854
2026-10-09T13:55Z,5794,gP,1.904
2026-10-09T13:55Z,5794,g95e5p,1.804
2026-10-09T13:55Z,5817,g95e5,1.819
2026-10-09T13:55Z,5817,gA,1.899
2026-10-09T13:55Z,5817,gP,1.899
2026-10-09T13:55Z,5817,gB,1.599
2026-10-09T13:55Z,5827,g95e5,1.855
2026-10-09T13:55Z,5827,gA,1.859
2026-10-09T13:55Z,5827,gP,1.869
2026-10-09T13:55Z,5832,g95e5,1.839
2026-10-09T13:55Z,5832,gA,2.019
2026-10-09T13:55Z,5835,g95e5,1.819
2026-10-09T13:55Z,5835,gA,1.899
2026-10-09T13:55Z,5835,gP,1.899
2026-10-09T13:55Z,5835,gB,1.599
2026-10-09T13:55Z,5837,g95e5,1.799
2026-10-09T13:55Z,5837,gA,1.859
2026-10-09T13:55Z,5837,gP,1.909
2026-10-09T13:55Z,5840,g95e5,1.859
2026-10-09T13:55Z,5842,gA,1.979
2026-10-09T13:55Z,5842,gP,2.049
2026-10-09T13:55Z,5844,gA,1.949
2026-10-09T13:55Z,5844,gP,2.029
2026-10-09T13:55Z,5846,g95e5,1.799
2026-10-09T13:55Z,5846,gA,1.969
2026-10-09T13:55Z,5846,gP,2.039
2026-10-09T13:55Z,5848,g95e5,1.769
2026-10-09T13:55Z,5848,g98e5,1.879
2026-10-09T13:55Z,5849,g95e5,1.759
2026-10-09T13:55Z,5850,g95e5,1.839
2026-10-09T13:55Z,5850,gA,1.949
2026-10-09T13:55Z,5850,gP,1.989
2026-10-09T13:55Z,5851,g95e5,1.789
2026-10-09T13:55Z,5851,gA,1.939
2026-10-09T13:55Z,5851,gP,1.979
2026-10-09T13:55Z,5852,g95e5,1.839
2026-10-09T13:55Z,5852,gA,1.949
2026-10-09T13:55Z,5852,gP,1.989
2026-10-09T13:55Z,5853,g95e5,1.799
2026-10-09T13:55Z,5854,g95e5,1.829
2026-10-09T13:55Z,5854,gA,1.989
2026-10-09T13:55Z,5854,gP,2.029
2026-10-09T13:55Z,5855,g95e5,1.819
2026-10-09T13:55Z,5855,gA,1.999
2026-10-09T13:55Z,5855,gP,2.039
2026-10-09T13:55Z,5868,g95e5,1.749
2026-10-09T13:55Z,5868,gA,1.829
2026-10-09T13:55Z,5868,gP,1.889
2026-10-09T13:55Z,5869,gA,1.829
2026-10-09T13:55Z,5876,g95e5,1.858
2026-10-09T13:55Z,5876,g95e5p,1.928
2026-10-09T13:55Z,5877,g95e5,1.838
2026-10-09T13:55Z,5877,g95e5p,1.878
2026-10-09T13:55Z,5897,gA,1.959
2026-10-09T13:55Z,5897,gP,2.029
2026-10-09T13:55Z,5915,g95e5,1.818
2026-10-09T13:55Z,5915,gA,1.979
2026-10-09T13:55Z,5915,gP,2.059
2026-10-09T13:55Z,5915,g95e5p,1.918
2026-10-09T13:55Z,5980,gA,2.009
2026-10-09T13:55Z,5980,gP,2.069
2026-10-09T13:55Z,5981,gA,2.009
2026-10-09T13:55Z,5981,gP,2.069
2026-10-09T13:55Z,5990,gA,1.979
2026-10-09T13:55Z,5990,gP,2.039
2026-10-09T13:55Z,5996,g95e5,1.859
2026-10-09T13:55Z,5996,gA,2.009
2026-10-09T13:55Z,5996,gP,2.069
2026-10-09T13:55Z,5996,g98e5,1.999
2026-10-09T13:55Z,6008,g95e5,1.879
2026-10-09T13:55Z,6008,gA,1.979
2026-10-09T13:55Z,6008,gB,1.769
2026-10-09T13:55Z,6012,g95e5,1.799
2026-10-09T13:55Z,6012,gA,1.939
2026-10-09T13:55Z,6012,gP,1.969
2026-10-09T13:55Z,6013,g95e5,1.769
2026-10-09T13:55Z,6016,g95e5,1.809
2026-10-09T13:55Z,6016,gA,1.995
2026-10-09T13:55Z,6016,gP,2.055
2026-10-09T13:55Z,6016,g98e5,1.979
2026-10-09T13:55Z,6018,g95e5,1.865
2026-10-09T13:55Z,6018,gP,2.055
2026-10-09T13:55Z,6018,g98e5,2.045
2026-10-09T13:55Z,6018,gB,1.775
2026-10-09T13:55Z,6046,gA,1.915
2026-10-09T13:55Z,6058,gA,1.999
2026-10-09T13:55Z,6066,g95e5,1.818
2026-10-09T13:55Z,6068,gP,2.049
2026-10-09T13:55Z,6079,g95e5,1.809
2026-10-09T13:55Z,6082,g95e5,1.809
2026-10-09T13:55Z,6082,gA,1.929
2026-10-09T13:55Z,6082,gP,1.969
2026-10-09T13:55Z,6082,g98e5,1.979
2026-10-09T13:55Z,6086,g95e5,1.759
2026-10-09T13:55Z,6086,gA,1.859
2026-10-09T13:55Z,6086,gP,1.909
2026-10-09T13:55Z,6086,g95e5p,1.809
2026-10-09T13:55Z,6090,g95e5,1.784
2026-10-09T13:55Z,6090,gA,1.934
2026-10-09T13:55Z,6090,gP,2.024
2026-10-09T13:55Z,6090,g98e5,1.939
2026-10-09T13:55Z,6092,gA,1.959
2026-10-09T13:55Z,6092,gP,1.999
2026-10-09T13:55Z,6092,g98e5,2.049
2026-10-09T13:55Z,6093,gA,1.959
2026-10-09T13:55Z,6093,gP,1.999
2026-10-09T13:55Z,6093,g98e5,2.049
2026-10-09T13:55Z,6101,g95e5,1.868
2026-10-09T13:55Z,6101,g95e5p,1.918
2026-10-09T13:55Z,6106,g95e5,1.879
2026-10-09T13:55Z,6107,g95e5,1.878
2026-10-09T13:55Z,6107,g95e5p,1.918
2026-10-09T13:55Z,6112,gA,1.940
2026-10-09T13:55Z,6112,gP,2.040
2026-10-09T13:55Z,6117,g95e5,1.788
2026-10-09T13:55Z,6117,g98e5,1.918
2026-10-09T13:55Z,6118,g95e5,1.788
2026-10-09T13:55Z,6120,g95e5,1.813
2026-10-09T13:55Z,6120,gA,1.940
2026-10-09T13:55Z,6120,gP,2.040
2026-10-09T13:55Z,6131,g95e5,1.838
2026-10-09T13:55Z,6131,gA,1.935
2026-10-09T13:55Z,6131,gP,2.025
2026-10-09T13:55Z,6140,g95e5,1.878
2026-10-09T13:55Z,6140,gA,2.015
2026-10-09T13:55Z,6140,gP,2.090
2026-10-09T13:55Z,6141,g95e5,1.878
2026-10-09T13:55Z,6141,gA,2.015
2026-10-09T13:55Z,6141,gP,2.090
2026-10-09T13:55Z,6148,g95e5,1.878
2026-10-09T13:55Z,6148,g95e5p,1.918
2026-10-09T13:55Z,6164,gA,1.959
2026-10-09T13:55Z,6169,g95e5,1.849
2026-10-09T13:55Z,6169,gA,1.979
2026-10-09T13:55Z,6169,gP,2.079
2026-10-09T13:55Z,6169,g98e5,2.049
2026-10-09T13:55Z,6178,g95e5,1.875
2026-10-09T13:55Z,6178,gA,1.995
2026-10-09T13:55Z,6178,g98e5,2.035
2026-10-09T13:55Z,6178,gB,1.815
2026-10-09T13:55Z,6179,g95e5,1.969
2026-10-09T13:55Z,6179,gA,1.989
2026-10-09T13:55Z,6179,gP,2.069
2026-10-09T13:55Z,6179,g98e5,2.139
2026-10-09T13:55Z,6179,gB,1.799
2026-10-09T13:55Z,6180,g95e5,1.815
2026-10-09T13:55Z,6180,gA,1.945
2026-10-09T13:55Z,6180,gP,2.005
2026-10-09T13:55Z,6180,g95e5p,1.875
2026-10-09T13:55Z,6188,gA,1.969
2026-10-09T13:55Z,6190,g95e5,1.889
2026-10-09T13:55Z,6190,gA,1.949
2026-10-09T13:55Z,6190,gB,1.829
2026-10-09T13:55Z,6200,g95e5,1.859
2026-10-09T13:55Z,6200,gA,1.975
2026-10-09T13:55Z,6200,g98e5,2.029
2026-10-09T13:55Z,6201,g95e5,1.859
2026-10-09T13:55Z,6201,gA,1.975
2026-10-09T13:55Z,6201,g98e5,2.029
2026-10-09T13:55Z,6203,g95e5,1.839
2026-10-09T13:55Z,6203,g98e5,2.009
2026-10-09T13:55Z,6210,gA,1.799
2026-10-09T13:55Z,6210,gB,1.549
2026-10-09T13:55Z,6227,g95e5,1.899
2026-10-09T13:55Z,6249,g95e5,1.815
2026-10-09T13:55Z,6249,gA,1.945
2026-10-09T13:55Z,6249,gP,2.045
2026-10-09T13:55Z,6249,g98e5,2.009
2026-10-09T13:55Z,6253,g95e5,1.815
2026-10-09T13:55Z,6253,gA,1.945
2026-10-09T13:55Z,6253,g98e5,1.985
2026-10-09T13:55Z,6254,g95e5,1.815
2026-10-09T13:55Z,6254,gA,1.945
2026-10-09T13:55Z,6254,gP,2.025
2026-10-09T13:55Z,6257,g95e5,1.799
2026-10-09T13:55Z,6257,g98e5,1.919
2026-10-09T13:55Z,6259,gA,1.985
2026-10-09T13:55Z,6260,g95e5,1.885
2026-10-09T13:55Z,6260,gA,1.995
2026-10-09T13:55Z,6265,g95e5,1.815
2026-10-09T13:55Z,6265,gA,1.945
2026-10-09T13:55Z,6265,g98e5,1.985
2026-10-09T13:55Z,6277,gA,1.985
2026-10-09T13:55Z,6286,g95e5,1.845
2026-10-09T13:55Z,6286,gA,1.975
2026-10-09T13:55Z,6286,gP,2.035
2026-10-09T13:55Z,6293,g95e5,1.754
2026-10-09T13:55Z,6293,gA,1.854
2026-10-09T13:55Z,6293,gP,1.904
2026-10-09T13:55Z,6293,g98e5,1.864
2026-10-09T13:55Z,6295,gA,2.019
2026-10-09T13:55Z,6298,g95e5,1.809
2026-10-09T13:55Z,6298,gA,1.935
2026-10-09T13:55Z,6298,gP,2.045
2026-10-09T13:55Z,6300,gA,1.929
2026-10-09T13:55Z,6306,g98e5,1.979
2026-10-09T13:55Z,6309,g95e5,1.815
2026-10-09T13:55Z,6309,gA,1.945
2026-10-09T13:55Z,6309,g98e5,1.985
2026-10-09T13:55Z,6312,gA,1.999
2026-10-09T13:55Z,6315,g95e5,1.803
2026-10-09T13:55Z,6315,gA,1.914
2026-10-09T13:55Z,6315,gP,1.993
2026-10-09T13:55Z,6315,g98e5,1.903
2026-10-09T13:55Z,6323,g95e5,1.844
2026-10-09T13:55Z,6323,gA,1.984
2026-10-09T13:55Z,6323,gP,2.034
2026-10-09T13:55Z,6331,g95e5,1.815
2026-10-09T13:55Z,6331,gA,1.945
2026-10-09T13:55Z,6331,gP,2.025
2026-10-09T13:55Z,6331,glp,1.189
2026-10-09T13:55Z,6336,g95e5,1.809
2026-10-09T13:55Z,6336,gA,1.965
2026-10-09T13:55Z,6336,gP,1.990
2026-10-09T13:55Z,6336,g98e5,2.009
2026-10-09T13:55Z,6341,gA,1.919
2026-10-09T13:55Z,6341,gP,2.029
2026-10-09T13:55Z,6341,g98e5,1.949
2026-10-09T13:55Z,6354,gA,1.959
2026-10-09T13:55Z,6357,gA,1.965
2026-10-09T13:55Z,6360,gA,2.015
2026-10-09T13:55Z,6383,g95e5,1.845
2026-10-09T13:55Z,6383,gA,1.999
2026-10-09T13:55Z,6383,gP,2.099
2026-10-09T13:55Z,6383,g98e5,2.015
2026-10-09T13:55Z,6384,g95e5,1.845
2026-10-09T13:55Z,6384,gA,1.999
2026-10-09T13:55Z,6384,gP,2.099
2026-10-09T13:55Z,6384,g98e5,2.015
2026-10-09T13:55Z,6393,g95e5,1.803
2026-10-09T13:55Z,6393,gA,1.914
2026-10-09T13:55Z,6393,gP,1.993
2026-10-09T13:55Z,6393,g98e5,1.903
2026-10-09T13:55Z,6395,g95e5,1.899
2026-10-09T13:55Z,6395,gA,1.999
2026-10-09T13:55Z,6395,g98e5,2.097
2026-10-09T13:55Z,6406,gA,2.015
2026-10-09T13:55Z,6408,g95e5,1.809
2026-10-09T13:55Z,6408,gA,1.929
2026-10-09T13:55Z,6412,g95e5,1.849
2026-10-09T13:55Z,6429,g95e5,1.789
2026-10-09T13:55Z,6429,gA,1.889
2026-10-09T13:55Z,6429,gP,1.929
2026-10-09T13:55Z,6433,g95e5,1.739
2026-10-09T13:55Z,6433,g98e5,1.879
2026-10-09T13:55Z,6434,g95e5,1.759
2026-10-09T13:55Z,6434,gA,1.869
2026-10-09T13:55Z,6434,gP,1.909
2026-10-09T13:55Z,6434,g98e5,1.909
2026-10-09T13:55Z,6442,g95e5,1.729
2026-10-09T13:55Z,6442,gA,1.829
2026-10-09T13:55Z,6442,gP,1.929
2026-10-09T13:55Z,6452,g95e5,1.843
2026-10-09T13:55Z,6452,g95e5p,1.908
2026-10-09T13:55Z,6471,g95e5,1.844
2026-10-09T13:55Z,6471,gA,1.944
2026-10-09T13:55Z,6471,gP,1.994
2026-10-09T13:55Z,6471,g95e5p,1.894
2026-10-09T13:55Z,6472,g95e5,1.825
2026-10-09T13:55Z,6472,gA,1.995
2026-10-09T13:55Z,6472,gP,2.105
2026-10-09T13:55Z,6473,glp,1.069
2026-10-09T13:55Z,6476,g95e5,1.799
2026-10-09T13:55Z,6476,gA,1.949
2026-10-09T13:55Z,6476,gP,2.059
2026-10-09T13:55Z,6476,g98e5,2.005
2026-10-09T13:55Z,6478,g95e5,1.784
2026-10-09T13:55Z,6478,gA,1.874
2026-10-09T13:55Z,6478,gP,1.924
2026-10-09T13:55Z,6484,g95e5,1.868
2026-10-09T13:55Z,6484,g95e5p,1.928
2026-10-09T13:55Z,6487,gA,1.929
2026-10-09T13:55Z,6487,gP,1.939
2026-10-09T13:55Z,6491,gA,1.929
2026-10-09T13:55Z,6491,g98e5,1.949
2026-10-09T13:55Z,6496,g95e5,1.759
2026-10-09T13:55Z,6496,gA,1.884
2026-10-09T13:55Z,6496,gP,1.964
2026-10-09T13:55Z,6496,g98e5,1.899
2026-10-09T13:55Z,6506,g95e5,1.929
2026-10-09T13:55Z,6506,gA,1.989
2026-10-09T13:55Z,6506,gP,2.079
2026-10-09T13:55Z,6509,g95e5,1.818
2026-10-09T13:55Z,6509,g95e5p,1.918
2026-10-09T13:55Z,6513,g95e5,1.839
2026-10-09T13:55Z,6513,gA,1.949
2026-10-09T13:55Z,6513,gP,2.039
2026-10-09T13:55Z,6513,g98e5,1.979
2026-10-09T13:55Z,6519,g95e5,1.825
2026-10-09T13:55Z,6519,gA,1.995
2026-10-09T13:55Z,6519,gP,2.105
2026-10-09T13:55Z,6519,gB,1.855
2026-10-09T13:55Z,6533,g95e5,1.809
2026-10-09T13:55Z,6533,g98e5,1.949
2026-10-09T13:55Z,6535,g95e5,1.839
2026-10-09T13:55Z,6535,g98e5,1.938
2026-10-09T13:55Z,6550,g95e5,1.809
2026-10-09T13:55Z,6550,gA,1.949
2026-10-09T13:55Z,6550,gP,1.999
2026-10-09T13:55Z,6550,g98e5,1.919
2026-10-09T13:55Z,6553,gA,1.879
2026-10-09T13:55Z,6553,gP,1.949
2026-10-09T13:55Z,6556,gA,1.795
2026-10-09T13:55Z,6559,g95e5,1.727
2026-10-09T13:55Z,6559,gA,1.807
2026-10-09T13:55Z,6559,gP,1.857
2026-10-09T13:55Z,6559,g98e5,1.887
2026-10-09T13:55Z,6569,g95e5,1.828
2026-10-09T13:55Z,6569,gA,1.924
2026-10-09T13:55Z,6569,gP,2.040
2026-10-09T13:55Z,6569,g95e5p,1.888
2026-10-09T13:55Z,6580,gA,1.935
2026-10-09T13:55Z,6580,gP,2.010
2026-10-09T13:55Z,6581,gA,1.935
2026-10-09T13:55Z,6581,gP,2.010
2026-10-09T13:55Z,6599,g95e5,1.838
2026-10-09T13:55Z,6599,g95e5p,1.888
2026-10-09T13:55Z,6600,gA,1.919
2026-10-09T13:55Z,6609,g95e5,1.799
2026-10-09T13:55Z,6609,gA,1.929
2026-10-09T13:55Z,6609,gP,1.989
2026-10-09T13:55Z,6609,g98e5,1.919
2026-10-09T13:55Z,6616,gA,1.998
2026-10-09T13:55Z,6620,g95e5,1.769
2026-10-09T13:55Z,6620,gA,1.979
2026-10-09T13:55Z,6635,g95e5,1.695
2026-10-09T13:55Z,6635,gA,1.859
2026-10-09T13:55Z,6635,gP,1.879
2026-10-09T13:55Z,6635,g95e5p,1.715
2026-10-09T13:55Z,6640,g95e5,1.695
2026-10-09T13:55Z,6640,gA,1.859
2026-10-09T13:55Z,6640,gP,1.879
2026-10-09T13:55Z,6640,g95e5p,1.715
2026-10-09T13:55Z,6647,g95e5,1.809
2026-10-09T13:55Z,6647,gA,1.999
2026-10-09T13:55Z,6647,g95e10,1.879
2026-10-09T13:55Z,6654,g95e5,1.695
2026-10-09T13:55Z,6654,gA,1.859
2026-10-09T13:55Z,6654,gP,1.879
2026-10-09T13:55Z,6654,g95e5p,1.715
2026-10-09T13:55Z,6656,g95e5,1.759
2026-10-09T13:55Z,6656,gA,1.989
2026-10-09T13:55Z,6656,gP,2.069
2026-10-09T13:55Z,6656,g98e5,1.899
2026-10-09T13:55Z,6662,g95e5,1.758
2026-10-09T13:55Z,6662,gA,1.878
2026-10-09T13:55Z,6666,g95e5,1.785
2026-10-09T13:55Z,6666,gA,1.929
2026-10-09T13:55Z,6666,gP,2.009
2026-10-09T13:55Z,6666,g98e5,1.945
2026-10-09T13:55Z,6675,gA,1.899
2026-10-09T13:55Z,6675,gB,1.729
2026-10-09T13:55Z,6681,gA,1.935
2026-10-09T13:55Z,6699,gA,1.919
2026-10-09T13:55Z,6707,g95e5,1.849
2026-10-09T13:55Z,6707,gA,1.969
2026-10-09T13:55Z,6707,gP,2.059
2026-10-09T13:55Z,6726,g95e5,1.585
2026-10-09T13:55Z,6730,g95e5,1.759
2026-10-09T13:55Z,6730,gA,1.839
2026-10-09T13:55Z,6732,gA,1.899
2026-10-09T13:55Z,6732,gP,1.979
2026-10-09T13:55Z,6732,gB,1.829
2026-10-09T13:55Z,6743,g95e5,1.858
2026-10-09T13:55Z,6743,g95e5p,1.938
2026-10-09T13:55Z,6750,gA,1.899
2026-10-09T13:55Z,6750,gP,1.965
2026-10-09T13:55Z,6758,gP,2.029
2026-10-09T13:55Z,6768,gA,1.889
2026-10-09T13:55Z,6768,gB,1.689
2026-10-09T13:55Z,6777,g95e5,1.839
2026-10-09T13:55Z,6777,gA,1.919
2026-10-09T13:55Z,6777,gP,2.019
2026-10-09T13:55Z,6777,g98e5,1.959
2026-10-09T13:55Z,6780,g95e5,1.818
2026-10-09T13:55Z,6780,gA,2.005
2026-10-09T13:55Z,6780,gP,2.110
2026-10-09T13:55Z,6780,g95e5p,1.898
2026-10-09T13:55Z,6789,gA,1.985
2026-10-09T13:55Z,6789,gP,2.060
2026-10-09T13:55Z,6790,gA,2.015
2026-10-09T13:55Z,6790,gP,2.100
2026-10-09T13:55Z,6795,g95e5,1.759
2026-10-09T13:55Z,6795,g98e5,1.809
2026-10-09T13:55Z,6819,g95e5,1.888
2026-10-09T13:55Z,6819,g95e5p,1.928
2026-10-09T13:55Z,6828,g95e5,1.585
2026-10-09T13:55Z,6829,g95e5,1.839
2026-10-09T13:55Z,6829,gA,1.929
2026-10-09T13:55Z,6829,gP,1.969
2026-10-09T13:55Z,6836,gA,1.959
2026-10-09T13:55Z,6836,gP,2.039
2026-10-09T13:55Z,6848,gA,1.945
2026-10-09T13:55Z,6848,gP,2.000
2026-10-09T13:55Z,6872,g95e5,1.749
2026-10-09T13:55Z,6876,g95e5,1.835
2026-10-09T13:55Z,6883,gA,1.914
2026-10-09T13:55Z,6885,g95e5,1.824
2026-10-09T13:55Z,6885,g95e5p,1.884
2026-10-09T13:55Z,6891,g95e5,1.739
2026-10-09T13:55Z,6903,gA,1.939
2026-10-09T13:55Z,6927,gA,1.929
2026-10-09T13:55Z,6928,gA,1.949
2026-10-09T13:55Z,6929,g95e5,1.825
2026-10-09T13:55Z,6969,gA,2.005
2026-10-09T13:55Z,6972,gA,2.005
2026-10-09T13:55Z,6987,g95e5,1.829
2026-10-09T13:55Z,6987,gA,1.974
2026-10-09T13:55Z,6987,gP,2.024
2026-10-09T13:55Z,6987,g95e5p,1.879
2026-10-09T13:55Z,6992,gA,1.899
2026-10-09T13:55Z,6997,g95e5,1.754
2026-10-09T13:55Z,6997,gA,1.814
2026-10-09T13:55Z,6997,gP,1.864
2026-10-09T13:55Z,6997,g98e5,1.894
2026-10-09T13:55Z,7002,gA,1.999
2026-10-09T13:55Z,7002,gP,2.119
2026-10-09T13:55Z,7002,gB,1.789
2026-10-09T13:55Z,7006,g95e5,1.849
2026-10-09T13:55Z,7006,gA,1.949
2026-10-09T13:55Z,7006,gP,2.029
2026-10-09T13:55Z,7006,g98e5,1.989
2026-10-09T13:55Z,7011,g95e5,1.774
2026-10-09T13:55Z,7011,gA,1.894
2026-10-09T13:55Z,7011,gP,1.944
2026-10-09T13:55Z,7011,g95e5p,1.824
2026-10-09T13:55Z,7016,gA,1.939
2026-10-09T13:55Z,7016,gP,2.019
2026-10-09T13:55Z,7016,gB,1.769
2026-10-09T13:55Z,7023,g95e5,1.835
2026-10-09T13:55Z,7023,gA,1.995
2026-10-09T13:55Z,7023,gP,2.085
2026-10-09T13:55Z,7023,g98e5,1.975
2026-10-09T13:55Z,7023,gB,1.769
2026-10-09T13:55Z,7025,g95e5,1.829
2026-10-09T13:55Z,7025,gA,1.949
2026-10-09T13:55Z,7025,gP,2.009
2026-10-09T13:55Z,7046,g98e5,1.999
2026-10-09T13:55Z,7050,g95e5,1.849
2026-10-09T13:55Z,7050,g98e5,1.999
2026-10-09T13:55Z,7051,g95e5,1.849
2026-10-09T13:55Z,7051,gA,1.939
2026-10-09T13:55Z,7051,gP,1.979
2026-10-09T13:55Z,7051,g98e5,2.029
2026-10-09T13:55Z,7052,g95e5,1.799
2026-10-09T13:55Z,7052,gA,1.939
2026-10-09T13:55Z,7052,gP,1.979
2026-10-09T13:55Z,7052,g98e5,2.019
2026-10-09T13:55Z,7057,gA,1.829
2026-10-09T13:55Z,7064,g95e5,1.824
2026-10-09T13:55Z,7064,gA,1.954
2026-10-09T13:55Z,7064,gP,2.004
2026-10-09T13:55Z,7067,g95e5,1.799
2026-10-09T13:55Z,7067,gA,1.919
2026-10-09T13:55Z,7067,gP,1.969
2026-10-09T13:55Z,7068,g95e5,1.849
2026-10-09T13:55Z,7068,gA,1.989
2026-10-09T13:55Z,7068,gP,2.079
2026-10-09T13:55Z,7068,g95e5p,1.899
2026-10-09T13:55Z,7069,g95e5,1.744
2026-10-09T13:55Z,7069,gA,1.874
2026-10-09T13:55Z,7069,gP,1.924
2026-10-09T13:55Z,7069,g98e5,1.864
2026-10-09T13:55Z,7073,g95e5,1.789
2026-10-09T13:55Z,7073,gA,1.914
2026-10-09T13:55Z,7073,gP,1.994
2026-10-09T13:55Z,7073,g98e5,1.929
2026-10-09T13:55Z,7074,g95e5,1.789
2026-10-09T13:55Z,7074,gA,1.914
2026-10-09T13:55Z,7074,gP,1.994
2026-10-09T13:55Z,7074,g98e5,1.929
2026-10-09T13:55Z,7106,g95e5,1.798
2026-10-09T13:55Z,7114,g95e5,1.798
2026-10-09T13:55Z,7114,gA,1.934
2026-10-09T13:55Z,7114,gP,1.999
2026-10-09T13:55Z,7122,g95e5,1.855
2026-10-09T13:55Z,7122,gA,1.949
2026-10-09T13:55Z,7122,g98e5,2.005
2026-10-09T13:55Z,7137,g95e5,1.899
2026-10-09T13:55Z,7137,gP,2.079
2026-10-09T13:55Z,7137,g98e5,2.029
2026-10-09T13:55Z,7142,gB,1.758
2026-10-09T13:55Z,7143,gA,1.968
2026-10-09T13:55Z,7144,g95e5,1.858
2026-10-09T13:55Z,7145,gA,1.988
2026-10-09T13:55Z,7146,gA,1.988
2026-10-09T13:55Z,7158,g95e5,1.899
2026-10-09T13:55Z,7158,gA,2.009
2026-10-09T13:55Z,7158,gP,2.096
2026-10-09T13:55Z,7158,g98e5,2.031
2026-10-09T13:55Z,7165,g95e5,1.858
2026-10-09T13:55Z,7165,gB,1.758
2026-10-09T13:55Z,7172,g95e5,1.839
2026-10-09T13:55Z,7172,g98e5,1.979
2026-10-09T13:55Z,7200,gA,1.979
2026-10-09T13:55Z,7200,gP,2.059
2026-10-09T13:55Z,7206,gA,1.799
2026-10-09T13:55Z,7209,gA,1.980
2026-10-09T13:55Z,7209,gP,2.060
2026-10-09T13:55Z,7212,g95e5,1.853
2026-10-09T13:55Z,7212,g95e5p,1.928
2026-10-09T13:55Z,7216,gA,1.989
2026-10-09T13:55Z,7216,gP,2.080
2026-10-09T13:55Z,7228,g95e5,1.859
2026-10-09T13:55Z,7228,g95e5p,1.939
2026-10-09T13:55Z,7235,g95e5,1.858
2026-10-09T13:55Z,7235,gB,1.758
2026-10-09T13:55Z,7237,gA,1.988
2026-10-09T13:55Z,7240,gA,2.025
2026-10-09T13:55Z,7241,gA,1.978
2026-10-09T13:55Z,7248,gA,1.969
2026-10-09T13:55Z,7264,g95e5,1.841
2026-10-09T13:55Z,7264,gA,1.990
2026-10-09T13:55Z,7264,gP,2.100
2026-10-09T13:55Z,7264,g98e5,1.999
2026-10-09T13:55Z,7270,g95e5,1.858
2026-10-09T13:55Z,7275,g95e5,1.865
2026-10-09T13:55Z,7275,gA,1.989
2026-10-09T13:55Z,7275,gP,2.089
2026-10-09T13:55Z,7275,g98e5,1.985
2026-10-09T13:55Z,7281,gA,1.959
2026-10-09T13:55Z,7281,gP,2.039
2026-10-09T13:55Z,7285,g95e5,1.875
2026-10-09T13:55Z,7285,gA,1.995
2026-10-09T13:55Z,7285,gP,2.099
2026-10-09T13:55Z,7289,g95e5,1.845
2026-10-09T13:55Z,7289,g98e5,1.984
2026-10-09T13:55Z,7290,gA,1.945
2026-10-09T13:55Z,7294,gA,1.939
2026-10-09T13:55Z,7294,gP,2.060
2026-10-09T13:55Z,7312,gA,1.904
2026-10-09T13:55Z,7312,gP,1.984
2026-10-09T13:55Z,7325,g95e5,1.729
2026-10-09T13:55Z,7325,gA,1.839
2026-10-09T13:55Z,7325,gP,1.869
2026-10-09T13:55Z,7327,g95e5,1.818
2026-10-09T13:55Z,7340,gA,2.000
2026-10-09T13:55Z,7340,gP,2.090
2026-10-09T13:55Z,7341,gA,2.000
2026-10-09T13:55Z,7341,gP,2.090
2026-10-09T13:55Z,7344,g95e5,1.818
2026-10-09T13:55Z,7344,g95e5p,1.878
2026-10-09T13:55Z,7345,g95e5,1.769
2026-10-09T13:55Z,7345,gA,1.894
2026-10-09T13:55Z,7345,gP,1.974
2026-10-09T13:55Z,7345,g98e5,1.909
2026-10-09T13:55Z,7347,g95e5,1.865
2026-10-09T13:55Z,7347,g98e5,2.035
2026-10-09T13:55Z,7377,g95e5,1.898
2026-10-09T13:55Z,7377,gA,2.009
2026-10-09T13:55Z,7377,gP,2.106
2026-10-09T13:55Z,7377,g98e5,2.031
2026-10-09T13:55Z,7378,g95e5,1.799
2026-10-09T13:55Z,7378,gA,1.925
2026-10-09T13:55Z,7386,g95e5,1.747
2026-10-09T13:55Z,7398,g95e5,1.799
2026-10-09T13:55Z,7398,gA,1.925
2026-10-09T13:55Z,7402,gA,1.910
2026-10-09T13:55Z,7402,gP,1.960
2026-10-09T13:55Z,7409,gA,1.969
2026-10-09T13:55Z,7409,gP,2.049
2026-10-09T13:55Z,7421,gA,2.009
2026-10-09T13:55Z,7422,gA,1.995
2026-10-09T13:55Z,7423,gA,1.995
2026-10-09T13:55Z,7424,gB,1.758
2026-10-09T13:55Z,7425,gA,2.009
2026-10-09T13:55Z,7426,gA,1.999
2026-10-09T13:55Z,7428,g95e5,1.844
2026-10-09T13:55Z,7428,gA,1.919
2026-10-09T13:55Z,7428,gP,1.999
2026-10-09T13:55Z,7428,g98e5,1.984
2026-10-09T13:55Z,7429,gA,1.965
2026-10-09T13:55Z,7429,gP,2.025
2026-10-09T13:55Z,7429,g98e5,1.959
2026-10-09T13:55Z,7439,g95e5,1.869
2026-10-09T13:55Z,7439,gA,2.035
2026-10-09T13:55Z,7442,gA,1.949
2026-10-09T13:55Z,7442,gP,2.059
2026-10-09T13:55Z,7453,g95e5,1.844
2026-10-09T13:55Z,7453,gA,1.994
2026-10-09T13:55Z,7453,gP,2.084
2026-10-09T13:55Z,7453,g98e5,1.984
2026-10-09T13:55Z,7455,g95e5,1.824
2026-10-09T13:55Z,7455,gA,1.984
2026-10-09T13:55Z,7455,gP,2.034
2026-10-09T13:55Z,7457,gA,1.969
2026-10-09T13:55Z,7457,gP,1.990
2026-10-09T13:55Z,7460,gA,1.970
2026-10-09T13:55Z,7460,gP,2.070
2026-10-09T13:55Z,7461,g95e5,1.858
2026-10-09T13:55Z,7462,gA,1.829
2026-10-09T13:55Z,7462,gP,1.879
2026-10-09T13:55Z,7463,g95e5,1.849
2026-10-09T13:55Z,7463,g98e5,1.989
2026-10-09T13:55Z,7466,gA,1.949
2026-10-09T13:55Z,7466,gP,2.029
2026-10-09T13:55Z,7467,g95e5,1.759
2026-10-09T13:55Z,7467,gA,1.839
2026-10-09T13:55Z,7467,gP,1.889
2026-10-09T13:55Z,7467,g95e5p,1.809
2026-10-09T13:55Z,7468,g95e5,1.899
2026-10-09T13:55Z,7468,gA,1.959
2026-10-09T13:55Z,7468,gP,2.049
2026-10-09T13:55Z,7468,g98e5,2.054
2026-10-09T13:55Z,7469,g95e5,1.854
2026-10-09T13:55Z,7469,gA,1.934
2026-10-09T13:55Z,7469,gP,1.984
2026-10-09T13:55Z,7469,g98e5,1.994
2026-10-09T13:55Z,7487,gP,2.059
2026-10-09T13:55Z,7487,gB,1.769
2026-10-09T13:55Z,7489,gA,1.829
2026-10-09T13:55Z,7492,g95e5,1.768
2026-10-09T13:55Z,7492,gA,1.818
2026-10-09T13:55Z,7492,g98e5,1.888
2026-10-09T13:55Z,7492,gB,1.628
2026-10-09T13:55Z,7502,g95e5,1.819
2026-10-09T13:55Z,7511,gA,1.949
2026-10-09T13:55Z,7528,g95e5,1.849
2026-10-09T13:55Z,7528,gP,2.099
2026-10-09T13:55Z,7551,gA,2.015
2026-10-09T13:55Z,7557,g95e5,1.828
2026-10-09T13:55Z,7557,gA,1.944
2026-10-09T13:55Z,7557,gP,2.050
2026-10-09T13:55Z,7557,g95e5p,1.888
2026-10-09T13:55Z,7559,g95e5,1.845
2026-10-09T13:55Z,7561,g95e5,1.799
2026-10-09T13:55Z,7561,gA,1.949
2026-10-09T13:55Z,7561,gP,2.049
2026-10-09T13:55Z,7584,g95e5,1.809
2026-10-09T13:55Z,7584,gA,1.985
2026-10-09T13:55Z,7584,gP,2.035
2026-10-09T13:55Z,7584,g98e5,1.949
2026-10-09T13:55Z,7594,g95e5,1.814
2026-10-09T13:55Z,7594,gA,1.914
2026-10-09T13:55Z,7594,gP,1.964
2026-10-09T13:55Z,7594,g95e5p,1.864
2026-10-09T13:55Z,7595,g95e5,1.779
2026-10-09T13:55Z,7595,gA,1.859
2026-10-09T13:55Z,7595,gP,1.919
2026-10-09T13:55Z,7595,gB,1.530
2026-10-09T13:55Z,7599,gA,1.989
2026-10-09T13:55Z,7608,g95e5,1.814
2026-10-09T13:55Z,7608,gA,1.914
2026-10-09T13:55Z,7608,gP,1.964
2026-10-09T13:55Z,7608,g95e5p,1.864
2026-10-09T13:55Z,7659,g95e5,1.579
2026-10-09T13:55Z,7664,g95e5,1.559
2026-10-09T13:55Z,7669,g95e5,1.529
2026-10-09T13:55Z,7669,gA,1.699
2026-10-09T13:55Z,7669,gP,1.789
2026-10-09T13:55Z,7669,g98e5,1.659
2026-10-09T13:55Z,7688,gA,1.729
2026-10-09T13:55Z,7691,gA,1.725
2026-10-09T13:55Z,7702,gA,1.679
2026-10-09T13:55Z,7707,gA,1.689
2026-10-09T13:55Z,7710,gA,1.689
2026-10-09T13:55Z,7742,g95e5,1.518
2026-10-09T13:55Z,7742,g98e5,1.628
2026-10-09T13:55Z,7753,g95e5,1.853
2026-10-09T13:55Z,7753,gA,2.000
2026-10-09T13:55Z,7753,gP,2.090
2026-10-09T13:55Z,7758,g95e5,1.849
2026-10-09T13:55Z,7758,g98e5,2.019
2026-10-09T13:55Z,7855,g98e5,1.549
2026-10-09T13:55Z,7889,gP,1.799
2026-10-09T13:55Z,7894,g95e5,1.419
2026-10-09T13:55Z,7894,gA,1.579
2026-10-09T13:55Z,7894,gP,1.669
2026-10-09T13:55Z,7894,g98e5,1.599
2026-10-09T13:55Z,7907,g95e5,1.519
2026-10-09T13:55Z,7907,gA,1.679
2026-10-09T13:55Z,7907,gP,1.719
2026-10-09T13:55Z,7907,g98e5,1.649
2026-10-09T13:55Z,7912,g95e5,1.549
2026-10-09T13:55Z,7912,glp,0.929
2026-10-09T13:55Z,7928,g95e5,1.549
2026-10-09T13:55Z,7928,glp,0.929
2026-10-09T13:55Z,7951,g95e5,1.609
2026-10-09T13:55Z,7951,gA,1.749
2026-10-09T13:55Z,7951,g98e5,1.749
2026-10-09T13:55Z,7961,g95e5,1.699
2026-10-09T13:55Z,7961,gA,1.779
2026-10-09T13:55Z,7961,gP,1.799
2026-10-09T13:55Z,7965,g95e5,1.629
2026-10-09T13:55Z,7965,gA,1.749
2026-10-09T13:55Z,7983,g95e5,1.868
2026-10-09T13:55Z,8006,g95e5,1.829
2026-10-09T13:55Z,8006,gA,1.879
2026-10-09T13:55Z,8006,gP,1.959
2026-10-09T13:55Z,8007,g95e5,1.829
2026-10-09T13:55Z,8007,gA,1.879
2026-10-09T13:55Z,8007,gP,1.959
2026-10-09T13:55Z,8007,g98e5,1.949
2026-10-09T13:55Z,8010,g95e5,1.724
2026-10-09T13:55Z,8010,gA,1.904
2026-10-09T13:55Z,8024,g95e5,1.729
2026-10-09T13:55Z,8042,g95e5,1.763
2026-10-09T13:55Z,8042,gA,1.859
2026-10-09T13:55Z,8042,gP,1.909
2026-10-09T13:55Z,8042,g98e5,1.893
2026-10-09T13:55Z,8048,g95e5,1.659
2026-10-09T13:55Z,8048,gA,1.769
2026-10-09T13:55Z,8048,gP,1.869
2026-10-09T13:55Z,8048,g98e5,1.859
2026-10-09T13:55Z,8079,g95e5,1.748
2026-10-09T13:55Z,8079,gA,1.818
2026-10-09T13:55Z,8082,gP,1.849
2026-10-09T13:55Z,8085,g95e5,1.699
2026-10-09T13:55Z,8085,gA,1.829
2026-10-09T13:55Z,8085,gP,1.859
2026-10-09T13:55Z,8085,gB,1.629
2026-10-09T13:55Z,8103,g95e5,1.669
2026-10-09T13:55Z,8118,g95e5,1.759
2026-10-09T13:55Z,8118,gA,1.839
2026-10-09T13:55Z,8132,g95e5,1.785
2026-10-09T13:55Z,8132,gA,1.955
2026-10-09T13:55Z,8132,g98e5,1.929
2026-10-09T13:55Z,8132,gB,1.650
2026-10-09T13:55Z,8157,g95e5,1.729
2026-10-09T13:55Z,8157,gA,1.829
2026-10-09T13:55Z,8157,gP,1.929
2026-10-09T13:55Z,8197,g95e5,1.805
2026-10-09T13:55Z,8221,g95e5,1.829
2026-10-09T13:55Z,8231,g95e5,1.839
2026-10-09T13:55Z,8231,g98e5,1.999
2026-10-09T13:55Z,8247,g95e5,1.749
2026-10-09T13:55Z,8247,gA,1.899
2026-10-09T13:55Z,8247,gP,1.979
2026-10-09T13:55Z,8247,g98e5,1.889
2026-10-09T13:55Z,8248,g95e5,1.729
2026-10-09T13:55Z,8248,gA,1.879
2026-10-09T13:55Z,8248,gP,1.959
2026-10-09T13:55Z,8248,g98e5,1.869
2026-10-09T13:55Z,8254,g95e5,1.815
2026-10-09T13:55Z,8254,gA,2.005
2026-10-09T13:55Z,8254,gP,2.095
2026-10-09T13:55Z,8254,g98e5,2.015
2026-10-09T13:55Z,8266,g95e5,1.818
2026-10-09T13:55Z,8266,g95e5p,1.888
2026-10-09T13:55Z,8274,g95e5,1.869
2026-10-09T13:55Z,8276,g95e5,1.849
2026-10-09T13:55Z,8276,gA,1.959
2026-10-09T13:55Z,8276,gP,2.029
2026-10-09T13:55Z,8276,g98e5,1.949
2026-10-09T13:55Z,8288,g95e5,1.769
2026-10-09T13:55Z,8288,gA,1.829
2026-10-09T13:55Z,8288,gP,1.879
2026-10-09T13:55Z,8288,g98e5,1.879
2026-10-09T13:55Z,8292,g95e5,1.885
2026-10-09T13:55Z,8292,gA,1.985
2026-10-09T13:55Z,8292,gP,2.055
2026-10-09T13:55Z,8292,g98e5,2.005
2026-10-09T13:55Z,8302,g95e5,1.748
2026-10-09T13:55Z,8302,gA,1.818
2026-10-09T13:55Z,8302,gP,1.818
2026-10-09T13:55Z,8302,g95e10,1.748
2026-10-09T13:55Z,8308,g95e5,1.849
2026-10-09T13:55Z,8308,glp,1.099
2026-10-09T13:55Z,8313,g95e5,1.824
2026-10-09T13:55Z,8313,g98e5,1.964
2026-10-09T13:55Z,8314,g95e5,1.784
2026-10-09T13:55Z,8314,g95e5p,1.834
2026-10-09T13:55Z,8316,g95e5,1.829
2026-10-09T13:55Z,8317,g95e5,1.849
2026-10-09T13:55Z,8317,gA,1.909
2026-10-09T13:55Z,8317,gP,1.949
2026-10-09T13:55Z,8317,g98e5,1.989
2026-10-09T13:55Z,8319,gA,1.959
2026-10-09T13:55Z,8319,gP,1.999
2026-10-09T13:55Z,8323,g95e5,1.819
2026-10-09T13:55Z,8323,gA,1.909
2026-10-09T13:55Z,8323,gP,1.979
2026-10-09T13:55Z,8323,g98e5,1.989
2026-10-09T13:55Z,8345,g95e5,1.779
2026-10-09T13:55Z,8345,gA,1.899
2026-10-09T13:55Z,8345,gP,1.979
2026-10-09T13:55Z,8345,g98e5,1.919
2026-10-09T13:55Z,8355,g95e5,1.759
2026-10-09T13:55Z,8355,gA,1.829
2026-10-09T13:55Z,8355,gP,1.879
2026-10-09T13:55Z,8356,gA,1.869
2026-10-09T13:55Z,8356,gP,1.969
2026-10-09T13:55Z,8357,gA,1.909
2026-10-09T13:55Z,8357,gP,1.989
2026-10-09T13:55Z,8362,gA,1.879
2026-10-09T13:55Z,8362,gP,1.959
2026-10-09T13:55Z,8372,g95e5,1.879
2026-10-09T13:55Z,8374,g95e5,1.849
2026-10-09T13:55Z,8374,gA,1.984
2026-10-09T13:55Z,8374,gP,2.064
2026-10-09T13:55Z,8379,g95e5,1.799
2026-10-09T13:55Z,8379,gA,1.899
2026-10-09T13:55Z,8379,gP,1.979
2026-10-09T13:55Z,8379,g98e5,1.939
2026-10-09T13:55Z,8382,g95e5,1.819
2026-10-09T13:55Z,8382,gA,1.919
2026-10-09T13:55Z,8382,gP,1.999
2026-10-09T13:55Z,8382,g98e5,1.959
2026-10-09T13:55Z,8383,g95e5,1.819
2026-10-09T13:55Z,8383,gA,1.919
2026-10-09T13:55Z,8383,gP,1.999
2026-10-09T13:55Z,8383,g98e5,1.959
2026-10-09T13:55Z,8393,g95e5,1.754
2026-10-09T13:55Z,8393,gA,1.879
2026-10-09T13:55Z,8393,gP,1.959
2026-10-09T13:55Z,8393,g98e5,1.894
2026-10-09T13:55Z,8395,g95e5,1.799
2026-10-09T13:55Z,8395,gA,1.869
2026-10-09T13:55Z,8395,gP,1.949
2026-10-09T13:55Z,8395,g98e5,1.939
2026-10-09T13:55Z,8397,g95e5,1.699
2026-10-09T13:55Z,8397,gA,1.869
2026-10-09T13:55Z,8397,gP,1.949
2026-10-09T13:55Z,8397,g98e5,1.839
2026-10-09T13:55Z,8398,g95e5,1.699
2026-10-09T13:55Z,8398,gA,1.829
2026-10-09T13:55Z,8398,gP,1.909
2026-10-09T13:55Z,8398,g98e5,1.839
2026-10-09T13:55Z,8402,g95e5,1.744
2026-10-09T13:55Z,8402,gA,1.879
2026-10-09T13:55Z,8402,gP,1.959
2026-10-09T13:55Z,8402,g98e5,1.884
2026-10-09T13:55Z,8403,g95e5,1.879
2026-10-09T13:55Z,8403,gP,2.049
2026-10-09T13:55Z,8403,g98e5,1.999
2026-10-09T13:55Z,8405,g95e5,1.879
2026-10-09T13:55Z,8405,gP,2.049
2026-10-09T13:55Z,8408,gA,1.998
2026-10-09T13:55Z,8408,gP,2.074
2026-10-09T13:55Z,8410,gA,1.889
2026-10-09T13:55Z,8410,gP,1.969
2026-10-09T13:55Z,8413,g95e5,1.744
2026-10-09T13:55Z,8413,gA,1.839
2026-10-09T13:55Z,8413,gP,1.919
2026-10-09T13:55Z,8413,g98e5,1.884
2026-10-09T13:55Z,8418,g95e5,1.819
2026-10-09T13:55Z,8418,gA,1.919
2026-10-09T13:55Z,8418,gP,1.999
2026-10-09T13:55Z,8418,g98e5,1.959
2026-10-09T13:55Z,8427,g95e5,1.779
2026-10-09T13:55Z,8427,g98e5,1.919
2026-10-09T13:55Z,8432,gB,1.400
2026-10-09T13:55Z,8435,g95e5,1.749
2026-10-09T13:55Z,8435,gA,1.889
2026-10-09T13:55Z,8435,gP,1.969
2026-10-09T13:55Z,8435,g98e5,1.889
2026-10-09T13:55Z,8440,g95e5,1.699
2026-10-09T13:55Z,8440,gA,1.809
2026-10-09T13:55Z,8440,gP,1.909
2026-10-09T13:55Z,8440,g98e5,1.899
2026-10-09T13:55Z,8442,gA,1.889
2026-10-09T13:55Z,8442,gP,1.969
2026-10-09T13:55Z,8445,g95e5,1.739
2026-10-09T13:55Z,8446,g95e5,1.724
2026-10-09T13:55Z,8446,gA,1.829
2026-10-09T13:55Z,8446,gP,1.909
2026-10-09T13:55Z,8446,g98e5,1.864
2026-10-09T13:55Z,8449,g95e5,1.729
2026-10-09T13:55Z,8449,gA,1.929
2026-10-09T13:55Z,8449,gP,2.009
2026-10-09T13:55Z,8449,g98e5,1.869
2026-10-09T13:55Z,8450,g95e5,1.729
2026-10-09T13:55Z,8450,gA,1.929
2026-10-09T13:55Z,8450,gP,2.009
2026-10-09T13:55Z,8450,g98e5,1.869
2026-10-09T13:55Z,8452,g95e5,1.729
2026-10-09T13:55Z,8452,gA,1.849
2026-10-09T13:55Z,8452,gP,1.929
2026-10-09T13:55Z,8452,g98e5,1.869
2026-10-09T13:55Z,8456,g95e5,1.789
2026-10-09T13:55Z,8456,g98e5,1.929
2026-10-09T13:55Z,8457,g95e5,1.744
2026-10-09T13:55Z,8457,gA,1.909
2026-10-09T13:55Z,8457,gP,1.989
2026-10-09T13:55Z,8457,g98e5,1.884
2026-10-09T13:55Z,8458,g95e5,1.819
2026-10-09T13:55Z,8458,g98e5,1.959
2026-10-09T13:55Z,8461,g95e5,1.794
2026-10-09T13:55Z,8461,gA,1.909
2026-10-09T13:55Z,8461,gP,1.989
2026-10-09T13:55Z,8461,g98e5,1.934
2026-10-09T13:55Z,8464,g95e5,1.794
2026-10-09T13:55Z,8464,gA,1.909
2026-10-09T13:55Z,8464,gP,1.989
2026-10-09T13:55Z,8464,g98e5,1.934
2026-10-09T13:55Z,8465,g95e5,1.839
2026-10-09T13:55Z,8465,gA,1.964
2026-10-09T13:55Z,8465,gP,2.044
2026-10-09T13:55Z,8465,g98e5,1.979
2026-10-09T13:55Z,8469,g95e5,1.824
2026-10-09T13:55Z,8469,g98e5,1.964
2026-10-09T13:55Z,8472,g95e5,1.819
2026-10-09T13:55Z,8472,g98e5,1.959
2026-10-09T13:55Z,8475,g95e5,1.769
2026-10-09T13:55Z,8475,g98e5,1.909
2026-10-09T13:55Z,8482,g95e5,1.837
2026-10-09T13:55Z,8482,g98e5,1.975
2026-10-09T13:55Z,8489,g95e5,1.864
2026-10-09T13:55Z,8495,gA,1.945
2026-10-09T13:55Z,8495,gP,1.999
2026-10-09T13:55Z,8515,g95e5,1.844
2026-10-09T13:55Z,8515,gA,1.919
2026-10-09T13:55Z,8515,gP,1.999
2026-10-09T13:55Z,8515,g98e5,1.984
2026-10-09T13:55Z,8516,gA,1.849
2026-10-09T13:55Z,8516,gP,1.929
2026-10-09T13:55Z,8519,g95e5,1.759
2026-10-09T13:55Z,8519,gA,1.929
2026-10-09T13:55Z,8519,gP,2.009
2026-10-09T13:55Z,8519,g98e5,1.899
2026-10-09T13:55Z,8520,gA,1.899
2026-10-09T13:55Z,8520,gP,1.979
2026-10-09T13:55Z,8523,g95e5,1.739
2026-10-09T13:55Z,8523,g98e5,1.939
2026-10-09T13:55Z,8526,g95e5,1.699
2026-10-09T13:55Z,8526,g98e5,1.839
2026-10-09T13:55Z,8530,g95e5,1.719
2026-10-09T13:55Z,8530,gA,1.859
2026-10-09T13:55Z,8530,gP,1.939
2026-10-09T13:55Z,8530,gB,1.774
2026-10-09T13:55Z,8531,g95e5,1.849
2026-10-09T13:55Z,8531,gP,2.029
2026-10-09T13:55Z,8531,g98e5,1.959
2026-10-09T13:55Z,8533,g95e5,1.729
2026-10-09T13:55Z,8533,gA,1.839
2026-10-09T13:55Z,8533,gP,1.919
2026-10-09T13:55Z,8533,g98e5,1.869
2026-10-09T13:55Z,8534,gP,2.009
2026-10-09T13:55Z,8534,g98e5,1.985
2026-10-09T13:55Z,8541,gA,1.939
2026-10-09T13:55Z,8541,gP,2.019
2026-10-09T13:55Z,8548,g95e5,1.719
2026-10-09T13:55Z,8548,gA,1.874
2026-10-09T13:55Z,8548,gP,1.954
2026-10-09T13:55Z,8549,g95e5,1.699
2026-10-09T13:55Z,8549,gA,1.829
2026-10-09T13:55Z,8549,gP,1.909
2026-10-09T13:55Z,8549,g98e5,1.839
2026-10-09T13:55Z,8551,g95e5,1.749
2026-10-09T13:55Z,8551,gA,1.839
2026-10-09T13:55Z,8551,gP,1.919
2026-10-09T13:55Z,8551,g98e5,1.889
2026-10-09T13:55Z,8553,g95e5,1.694
2026-10-09T13:55Z,8553,gA,1.869
2026-10-09T13:55Z,8553,gP,1.949
2026-10-09T13:55Z,8553,g98e5,1.834
2026-10-09T13:55Z,8555,gA,1.859
2026-10-09T13:55Z,8555,gP,1.939
2026-10-09T13:55Z,8556,gA,1.899
2026-10-09T13:55Z,8556,gP,1.979
2026-10-09T13:55Z,8564,g95e5,1.629
2026-10-09T13:55Z,8564,gA,1.819
2026-10-09T13:55Z,8564,gP,1.919
2026-10-09T13:55Z,8564,g98e5,1.829
2026-10-09T13:55Z,8565,g95e5,1.739
2026-10-09T13:55Z,8565,gA,1.889
2026-10-09T13:55Z,8565,gP,1.969
2026-10-09T13:55Z,8565,g98e5,1.879
2026-10-09T13:55Z,8568,g95e5,1.784
2026-10-09T13:55Z,8568,gA,1.944
2026-10-09T13:55Z,8568,gP,2.024
2026-10-09T13:55Z,8568,g98e5,1.924
2026-10-09T13:55Z,8569,g95e5,1.784
2026-10-09T13:55Z,8569,gA,1.944
2026-10-09T13:55Z,8569,gP,2.024
2026-10-09T13:55Z,8569,g98e5,1.924
2026-10-09T13:55Z,8578,g95e5,1.794
2026-10-09T13:55Z,8578,gA,1.909
2026-10-09T13:55Z,8578,gP,1.989
2026-10-09T13:55Z,8578,g98e5,1.934
2026-10-09T13:55Z,8717,g95e5,1.569
2026-10-09T13:55Z,8717,gA,1.729
2026-10-09T13:55Z,8717,g98e5,1.689
2026-10-09T13:55Z,8718,g95e5,1.549
2026-10-09T13:55Z,8718,glp,0.929
2026-10-09T13:55Z,8720,g95e5,1.509
2026-10-09T13:55Z,8720,gA,1.669
2026-10-09T13:55Z,8720,gP,1.719
2026-10-09T13:55Z,8720,g98e5,1.649
2026-10-09T13:55Z,8728,gA,1.689
2026-10-09T13:55Z,8732,g95e5,1.439
2026-10-09T13:55Z,8732,gA,1.609
2026-10-09T13:55Z,8732,gP,1.719
2026-10-09T13:55Z,8732,g98e5,1.559
2026-10-09T13:55Z,8734,g95e5,1.549
2026-10-09T13:55Z,8759,g95e5,1.509
2026-10-09T13:55Z,8759,gA,1.649
2026-10-09T13:55Z,8759,gP,1.749
2026-10-09T13:55Z,8759,g98e5,1.629
2026-10-09T13:55Z,8772,g95e5,1.589
2026-10-09T13:55Z,8772,gA,1.729
2026-10-09T13:55Z,8780,gA,1.959
2026-10-09T13:55Z,8780,gP,2.019
2026-10-09T13:55Z,8780,gB,1.739
2026-10-09T13:55Z,8788,gA,1.939
2026-10-09T13:55Z,8788,gP,2.029
2026-10-09T13:55Z,8788,gB,1.730
2026-10-09T13:55Z,8789,gA,1.859
2026-10-09T13:55Z,8793,gB,1.589
2026-10-09T13:55Z,8816,gA,1.800
2026-10-09T13:55Z,8816,gB,1.390
2026-10-09T13:55Z,8891,g95e5,1.719
2026-10-09T13:55Z,8891,gA,1.819
2026-10-09T13:55Z,8897,gA,1.838
2026-10-09T13:55Z,8897,gB,1.628
2026-10-09T13:55Z,8928,g95e5,1.779
2026-10-09T13:55Z,8928,gP,1.809
2026-10-09T13:55Z,8960,g95e5p,1.709
2026-10-09T13:55Z,8976,g95e5,1.848
2026-10-09T13:55Z,8976,gA,1.995
2026-10-09T13:55Z,8976,gP,2.085
2026-10-09T13:55Z,8984,g95e5,1.793
2026-10-09T13:55Z,8984,gA,1.887
2026-10-09T13:55Z,8985,gA,1.706
2026-10-09T13:55Z,8985,gP,1.764
2026-10-09T13:55Z,8985,gB,1.499
2026-10-09T13:55Z,8986,g95e5,1.690
2026-10-09T13:55Z,8986,gA,1.770
2026-10-09T13:55Z,8988,g95e5,1.879
2026-10-09T13:55Z,8988,gA,1.979
2026-10-09T13:55Z,8988,gP,2.029
2026-10-09T13:55Z,8988,g98e5,2.039
2026-10-09T13:55Z,8995,g95e5,1.726
2026-10-09T13:55Z,8995,gA,1.744
2026-10-09T13:55Z,8995,gB,1.573
2026-10-09T13:55Z,9016,g95e5,1.655
2026-10-09T13:55Z,9046,g95e5,1.664
2026-10-09T13:55Z,9046,gA,1.762
2026-10-09T13:55Z,9046,gB,1.529
2026-10-09T13:55Z,9066,g95e5,1.819
2026-10-09T13:55Z,9066,gA,1.959
2026-10-09T13:55Z,9066,gP,2.039
2026-10-09T13:55Z,9066,g98e5,1.959
2026-10-09T13:55Z,9066,gB,1.609
2026-10-09T13:55Z,9067,gA,1.939
2026-10-09T13:55Z,9067,gP,1.969
2026-10-09T13:55Z,9067,g98e5,1.989
2026-10-09T13:55Z,9069,gA,1.947
2026-10-09T13:55Z,9069,gP,2.062
2026-10-09T13:55Z,9089,gP,1.989
2026-10-09T13:55Z,9102,g95e5,1.824
2026-10-09T13:55Z,9102,gA,1.944
2026-10-09T13:55Z,9102,gP,1.994
2026-10-09T13:55Z,9102,g95e5p,1.874
2026-10-09T13:55Z,9128,gA,1.734
2026-10-09T13:55Z,9128,gB,1.495
2026-10-09T13:55Z,9153,g95e5,1.699
2026-10-09T13:55Z,9160,g95e5,1.764
2026-10-09T13:55Z,9160,gA,1.874
2026-10-09T13:55Z,9160,gP,1.924
2026-10-09T13:55Z,9160,g98e5,1.884
2026-10-09T13:55Z,9162,gA,1.909
2026-10-09T13:55Z,9163,g95e5,1.769
2026-10-09T13:55Z,9163,gA,1.869
2026-10-09T13:55Z,9163,gP,1.879
2026-10-09T13:55Z,9166,g95e5,1.719
2026-10-09T13:55Z,9166,gA,1.799
2026-10-09T13:55Z,9166,gP,1.939
2026-10-09T13:55Z,9167,gA,1.889
2026-10-09T13:55Z,9167,gP,1.899
2026-10-09T13:55Z,9186,g95e5,1.725
2026-10-09T13:55Z,9186,gA,1.845
2026-10-09T13:55Z,9215,g95e5,1.779
2026-10-09T13:55Z,9215,gA,1.858
2026-10-09T13:55Z,9230,gA,1.775
2026-10-09T13:55Z,9232,gA,1.775
2026-10-09T13:55Z,9253,g95e5,1.835
2026-10-09T13:55Z,9253,gA,1.969
2026-10-09T13:55Z,9253,g98e5,1.995
2026-10-09T13:55Z,9260,gA,1.889
2026-10-09T13:55Z,9260,gP,1.989
2026-10-09T13:55Z,9262,g95e5,1.879
2026-10-09T13:55Z,9262,gA,1.969
2026-10-09T13:55Z,9262,gP,2.069
2026-10-09T13:55Z,9262,g98e5,1.979
2026-10-09T13:55Z,9276,g98e5,2.029
2026-10-09T13:55Z,9279,g95e5,1.779
2026-10-09T13:55Z,9279,gA,1.809
2026-10-09T13:55Z,9295,gB,1.629
2026-10-09T13:55Z,9302,gA,1.910
2026-10-09T13:55Z,9302,gP,2.010
2026-10-09T13:55Z,9305,g95e5,1.820
2026-10-09T13:55Z,9305,gA,1.920
2026-10-09T13:55Z,9308,g95e5,1.789
2026-10-09T13:55Z,9308,gA,1.914
2026-10-09T13:55Z,9308,gP,1.994
2026-10-09T13:55Z,9316,gA,1.789
2026-10-09T13:55Z,9335,g95e5,1.879
2026-10-09T13:55Z,9335,gA,1.979
2026-10-09T13:55Z,9335,gP,2.079
2026-10-09T13:55Z,9335,g98e5,2.069
2026-10-09T13:55Z,9347,g95e5,1.834
2026-10-09T13:55Z,9347,gA,1.979
2026-10-09T13:55Z,9347,gP,2.029
2026-10-09T13:55Z,9347,g95e5p,1.884
2026-10-09T13:55Z,9356,gA,1.809
2026-10-09T13:55Z,9356,gB,1.609
2026-10-09T13:55Z,9365,gA,1.969
2026-10-09T13:55Z,9371,g95e5,1.839
2026-10-09T13:55Z,9371,gA,1.989
2026-10-09T13:55Z,9371,gP,2.099
2026-10-09T13:55Z,9371,g98e5,1.979
2026-10-09T13:55Z,9380,g95e5,1.699
2026-10-09T13:55Z,9380,g98e5,1.839
2026-10-09T13:55Z,9384,g95e5,1.699
2026-10-09T13:55Z,9384,gA,1.809
2026-10-09T13:55Z,9386,g95e5,1.695
2026-10-09T13:55Z,9386,gA,1.774
2026-10-09T13:55Z,9386,gB,1.451
2026-10-09T13:55Z,9389,g95e5,1.859
2026-10-09T13:55Z,9389,gA,1.959
2026-10-09T13:55Z,9391,gA,1.799
2026-10-09T13:55Z,9391,gB,1.549
2026-10-09T13:55Z,9397,gP,1.779
2026-10-09T13:55Z,9426,g95e5,1.799
2026-10-09T13:55Z,9428,gA,1.899
2026-10-09T13:55Z,9428,g98e5,1.939
2026-10-09T13:55Z,9432,g95e5,1.769
2026-10-09T13:55Z,9432,gA,1.949
2026-10-09T13:55Z,9432,gP,2.059
2026-10-09T13:55Z,9432,g98e5,1.939
2026-10-09T13:55Z,9432,gB,1.739
2026-10-09T13:55Z,9467,gA,1.969
2026-10-09T13:55Z,9467,gP,2.049
2026-10-09T13:55Z,9470,gA,2.009
2026-10-09T13:55Z,9477,g95e5,1.779
2026-10-09T13:55Z,9477,gA,1.809
2026-10-09T13:55Z,9486,g95e5,1.759
2026-10-09T13:55Z,9486,gA,1.878
2026-10-09T13:55Z,9489,g95e5,1.759
2026-10-09T13:55Z,9489,gA,1.829
2026-10-09T13:55Z,9489,gB,1.599
2026-10-09T13:55Z,9495,g95e5,1.869
2026-10-09T13:55Z,9495,gA,1.909
2026-10-09T13:55Z,9495,gP,1.999
2026-10-09T13:55Z,9495,g98e5,2.009
2026-10-09T13:55Z,9522,gB,1.532
2026-10-09T13:55Z,9544,g95e5,1.699
2026-10-09T13:55Z,9544,gA,1.829
2026-10-09T13:55Z,9560,g95e5,1.819
2026-10-09T13:55Z,9560,gA,1.819
2026-10-09T13:55Z,9560,gB,1.529
2026-10-09T13:55Z,9589,gA,1.969
2026-10-09T13:55Z,9589,gP,2.049
2026-10-09T13:55Z,9591,gA,1.785
2026-10-09T13:55Z,9591,gB,1.577
2026-10-09T13:55Z,9599,g95e5,1.859
2026-10-09T13:55Z,9599,g98e5,1.979
2026-10-09T13:55Z,9611,g95e5,1.779
2026-10-09T13:55Z,9611,gA,1.944
2026-10-09T13:55Z,9611,gP,2.024
2026-10-09T13:55Z,9611,g98e5,1.919
2026-10-09T13:55Z,9638,g95e5,1.839
2026-10-09T13:55Z,9638,gA,1.919
2026-10-09T13:55Z,9638,gP,1.979
2026-10-09T13:55Z,9638,g98e5,1.959
2026-10-09T13:55Z,9638,gB,1.709
2026-10-09T13:55Z,9669,gA,2.000
2026-10-09T13:55Z,9670,g95e5,1.788
2026-10-09T13:55Z,9670,gA,1.975
2026-10-09T13:55Z,9670,gP,2.040
2026-10-09T13:55Z,9672,gA,1.755
2026-10-09T13:55Z,9681,g95e5,1.739
2026-10-09T13:55Z,9681,gB,1.569
2026-10-09T13:55Z,9690,g95e5,1.829
2026-10-09T13:55Z,9690,gA,1.949
2026-10-09T13:55Z,9694,g95e5,1.768
2026-10-09T13:55Z,9694,gA,1.888
2026-10-09T13:55Z,9708,gA,1.955
2026-10-09T13:55Z,9714,g95e5,1.639
2026-10-09T13:55Z,9714,gA,1.729
2026-10-09T13:55Z,9744,g95e5,1.814
2026-10-09T13:55Z,9744,gA,1.894
2026-10-09T13:55Z,9744,g98e5,1.954
2026-10-09T13:55Z,9764,gP,2.069
2026-10-09T13:55Z,9768,g95e5,1.879
2026-10-09T13:55Z,9768,gA,1.969
2026-10-09T13:55Z,9768,g98e5,1.979
2026-10-09T13:55Z,9780,gA,1.849
2026-10-09T13:55Z,9789,gA,1.999
2026-10-09T13:55Z,9789,gP,2.090
2026-10-09T13:55Z,9812,g95e5,1.657
2026-10-09T13:55Z,9812,gA,1.747
2026-10-09T13:55Z,9817,g98e5,1.949
2026-10-09T13:55Z,9818,g95e5,1.749
2026-10-09T13:55Z,9818,gA,1.769
2026-10-09T13:55Z,9818,gP,1.929
2026-10-09T13:55Z,9818,g98e5,1.909
2026-10-09T13:55Z,9835,g95e5,1.869
2026-10-09T13:55Z,9844,g95e5,1.869
2026-10-09T13:55Z,9844,gA,1.959
2026-10-09T13:55Z,9844,g98e5,2.029
2026-10-09T13:55Z,9847,g95e5,1.869
2026-10-09T13:55Z,9847,gA,1.959
2026-10-09T13:55Z,9847,g98e5,2.029
2026-10-09T13:55Z,9847,g95e5p,1.969
2026-10-09T13:55Z,9858,g95e5,1.779
2026-10-09T13:55Z,9858,gA,1.869
2026-10-09T13:55Z,9858,gP,1.909
2026-10-09T13:55Z,9878,gA,1.731
2026-10-09T13:55Z,9878,gB,1.492
2026-10-09T13:55Z,9886,gA,1.719
2026-10-09T13:55Z,9887,g95e5,1.649
2026-10-09T13:55Z,9887,gA,1.719
2026-10-09T13:55Z,9920,gA,1.728
2026-10-09T13:55Z,9920,gP,1.858
2026-10-09T13:55Z,9929,g95e5,1.659
2026-10-09T13:55Z,9929,gA,1.799
2026-10-09T13:55Z,9933,g95e5,1.875
2026-10-09T13:55Z,9933,gA,1.969
2026-10-09T13:55Z,9933,gP,2.069
2026-10-09T13:55Z,9933,g98e5,1.995
2026-10-09T13:55Z,9986,gA,1.719
2026-10-09T13:55Z,9988,gA,1.818
2026-10-09T13:55Z,9993,gA,1.869
2026-10-09T13:55Z,9993,gP,1.909
2026-10-09T13:55Z,10001,g95e5,1.669
2026-10-09T13:55Z,10004,g95e5,1.730
2026-10-09T13:55Z,10019,g95e5,1.869
2026-10-09T13:55Z,10019,g98e5,1.989
2026-10-09T13:55Z,10025,g95e5,1.879
2026-10-09T13:55Z,10025,gA,1.989
2026-10-09T13:55Z,10025,gP,2.069
2026-10-09T13:55Z,10032,g95e5,1.829
2026-10-09T13:55Z,10032,gA,1.899
2026-10-09T13:55Z,10032,gP,1.979
2026-10-09T13:55Z,10032,g98e5,1.969
2026-10-09T13:55Z,10055,gA,1.979
2026-10-09T13:55Z,10068,gA,1.979
2026-10-09T13:55Z,10103,gA,1.779
2026-10-09T13:55Z,10106,g95e5,1.848
2026-10-09T13:55Z,10107,g95e5,1.848
2026-10-09T13:55Z,10137,g95e5,1.620
2026-10-09T13:55Z,10137,gA,1.720
2026-10-09T13:55Z,10137,gB,1.500
2026-10-09T13:55Z,10141,gA,2.005
2026-10-09T13:55Z,10141,gP,2.090
2026-10-09T13:55Z,10155,gA,1.818
2026-10-09T13:55Z,10155,gP,1.842
2026-10-09T13:55Z,10161,gA,1.893
2026-10-09T13:55Z,10162,gA,1.854
2026-10-09T13:55Z,10162,gP,1.934
2026-10-09T13:55Z,10173,gA,1.879
2026-10-09T13:55Z,10173,gP,1.979
2026-10-09T13:55Z,10174,gA,1.879
2026-10-09T13:55Z,10174,gP,1.959
2026-10-09T13:55Z,10204,gA,1.979
2026-10-09T13:55Z,10204,gP,2.039
2026-10-09T13:55Z,10234,gA,1.959
2026-10-09T13:55Z,10234,gP,2.039
2026-10-09T13:55Z,10249,g95e5,1.813
2026-10-09T13:55Z,10252,gA,1.975
2026-10-09T13:55Z,10272,g95e5,1.885
2026-10-09T13:55Z,10277,g95e5,1.805
2026-10-09T13:55Z,10277,gA,1.793
2026-10-09T13:55Z,10277,gB,1.460
2026-10-09T13:55Z,10351,g95e5,1.715
2026-10-09T13:55Z,10351,gA,1.785
2026-10-09T13:55Z,10351,gP,1.785
2026-10-09T13:55Z,10366,g95e5,1.828
2026-10-09T13:55Z,10366,gA,1.970
2026-10-09T13:55Z,10366,gP,2.050
2026-10-09T13:55Z,10367,g95e5,1.798
2026-10-09T13:55Z,10374,gA,1.865
2026-10-09T13:55Z,10374,gP,1.865
2026-10-09T13:55Z,10380,g95e5,1.774
2026-10-09T13:55Z,10380,gA,1.884
2026-10-09T13:55Z,10380,gP,1.944
2026-10-09T13:55Z,10380,g98e5,1.914
2026-10-09T13:55Z,10484,gA,1.849
2026-10-09T13:55Z,10484,gP,1.849
2026-10-09T13:55Z,10489,g95e5,1.719
2026-10-09T13:55Z,10489,gA,1.819
2026-10-09T13:55Z,10489,g98e5,1.859
2026-10-09T13:55Z,10520,g95e5,1.719
2026-10-09T13:55Z,10520,gA,1.839
2026-10-09T13:55Z,10520,gP,1.939
2026-10-09T13:55Z,10520,g98e5,1.919
2026-10-09T13:55Z,10523,gA,1.959
2026-10-09T13:55Z,10523,gP,2.019
2026-10-09T13:55Z,10544,gA,1.799
2026-10-09T13:55Z,10558,g95e5,1.669
2026-10-09T13:55Z,10558,gA,1.759
2026-10-09T13:55Z,10558,gP,1.859
2026-10-09T13:55Z,10558,g98e5,1.869
2026-10-09T13:55Z,10562,gA,1.869
2026-10-09T13:55Z,10574,g95e5,1.789
2026-10-09T13:55Z,10574,gA,1.939
2026-10-09T13:55Z,10574,gP,2.019
2026-10-09T13:55Z,10574,g98e5,1.929
2026-10-09T13:55Z,10574,gB,1.824
2026-10-09T13:55Z,10580,gA,1.929
2026-10-09T13:55Z,10591,gA,1.699
2026-10-09T13:55Z,10593,gA,1.919
2026-10-09T13:55Z,10593,gP,1.999
2026-10-09T13:55Z,10598,g95e5,1.649
2026-10-09T13:55Z,10598,gA,1.729
2026-10-09T13:55Z,10598,gP,1.759
2026-10-09T13:55Z,10598,g98e5,1.929
2026-10-09T13:55Z,10606,gA,1.936
2026-10-09T13:55Z,10606,gP,1.996
2026-10-09T13:55Z,10608,gA,1.950
2026-10-09T13:55Z,10608,gP,2.080
2026-10-09T13:55Z,10617,g95e5,1.819
2026-10-09T13:55Z,10633,gA,1.719
2026-10-09T13:55Z,10647,g95e5,1.759
2026-10-09T13:55Z,10647,gA,1.889
2026-10-09T13:55Z,10647,gP,1.939
2026-10-09T13:55Z,10647,g98e5,1.899
2026-10-09T13:55Z,10649,g95e5,1.789
2026-10-09T13:55Z,10649,gA,1.799
2026-10-09T13:55Z,10649,gB,1.619
2026-10-09T13:55Z,10661,gP,1.790
2026-10-09T13:55Z,10667,g95e5,1.724
2026-10-09T13:55Z,10667,g98e5,1.844
2026-10-09T13:55Z,10672,g95e5,1.704
2026-10-09T13:55Z,10672,gA,1.739
2026-10-09T13:55Z,10672,gP,1.759
2026-10-09T13:55Z,10672,gB,1.539
2026-10-09T13:55Z,10674,gA,1.899
2026-10-09T13:55Z,10674,gP,1.969
2026-10-09T13:55Z,10693,gA,1.849
2026-10-09T13:55Z,10736,gA,1.779
2026-10-09T13:55Z,10740,gA,1.965
2026-10-09T13:55Z,10740,gP,2.055
2026-10-09T13:55Z,10741,g95e5,1.714
2026-10-09T13:55Z,10741,gA,1.794
2026-10-09T13:55Z,10747,g95e5,1.729
2026-10-09T13:55Z,10747,gA,1.769
2026-10-09T13:55Z,10756,g95e5,1.810
2026-10-09T13:55Z,10756,g98e5,1.930
2026-10-09T13:55Z,10758,g95e5,1.829
2026-10-09T13:55Z,10758,gA,1.929
2026-10-09T13:55Z,10758,gP,1.969
2026-10-09T13:55Z,10758,g98e5,1.949
2026-10-09T13:55Z,10759,g95e5,1.869
2026-10-09T13:55Z,10759,g98e5,2.009
2026-10-09T13:55Z,10765,g95e5,1.819
2026-10-09T13:55Z,10765,gA,1.919
2026-10-09T13:55Z,10765,gP,1.959
2026-10-09T13:55Z,10765,g98e5,1.939
2026-10-09T13:55Z,10767,gA,1.919
2026-10-09T13:55Z,10767,gP,1.959
2026-10-09T13:55Z,10768,g95e5,1.869
2026-10-09T13:55Z,10768,gA,1.959
2026-10-09T13:55Z,10768,gP,1.999
2026-10-09T13:55Z,10768,g98e5,1.979
2026-10-09T13:55Z,10771,g95e5,1.859
2026-10-09T13:55Z,10771,gA,1.979
2026-10-09T13:55Z,10771,gP,2.019
2026-10-09T13:55Z,10771,g98e5,1.979
2026-10-09T13:55Z,10772,g98e5,1.969
2026-10-09T13:55Z,10773,g95e5,1.809
2026-10-09T13:55Z,10773,gA,1.999
2026-10-09T13:55Z,10773,gP,2.039
2026-10-09T13:55Z,10773,g98e5,1.979
2026-10-09T13:55Z,10774,gA,1.979
2026-10-09T13:55Z,10774,gP,2.019
2026-10-09T13:55Z,10813,gA,1.799
2026-10-09T13:55Z,10813,gB,1.549
2026-10-09T13:55Z,10823,g95e5,1.824
2026-10-09T13:55Z,10823,gA,2.014
2026-10-09T13:55Z,10823,gP,2.104
2026-10-09T13:55Z,10823,gB,1.644
2026-10-09T13:55Z,10828,gA,1.834
2026-10-09T13:55Z,10828,gP,1.914
2026-10-09T13:55Z,10844,g95e5,1.759
2026-10-09T13:55Z,10844,g98e5,1.899
2026-10-09T13:55Z,10849,g95e5,1.849
2026-10-09T13:55Z,10849,g98e5,2.029
2026-10-09T13:55Z,10856,gA,1.949
2026-10-09T13:55Z,10856,gP,2.009
2026-10-09T13:55Z,10856,g98e5,1.955
2026-10-09T13:55Z,10862,gA,1.955
2026-10-09T13:55Z,10869,gA,1.999
2026-10-09T13:55Z,10874,gA,1.909
2026-10-09T13:55Z,10879,g95e5,1.789
2026-10-09T13:55Z,10879,gA,1.929
2026-10-09T13:55Z,10885,g95e5,1.858
2026-10-09T13:55Z,10885,g95e5p,1.898
2026-10-09T13:55Z,10889,gA,1.999
2026-10-09T13:55Z,10891,g95e5,1.859
2026-10-09T13:55Z,10891,gA,1.919
2026-10-09T13:55Z,10897,g95e5,1.859
2026-10-09T13:55Z,10897,gA,1.966
2026-10-09T13:55Z,10897,gP,2.055
2026-10-09T13:55Z,10897,g98e5,1.999
2026-10-09T13:55Z,10898,g95e5,1.835
2026-10-09T13:55Z,10898,gA,1.979
2026-10-09T13:55Z,10898,gP,2.060
2026-10-09T13:55Z,10898,g95e5p,1.928
2026-10-09T13:55Z,10907,g95e5,1.799
2026-10-09T13:55Z,10907,gA,1.939
2026-10-09T13:55Z,10907,gP,2.029
2026-10-09T13:55Z,10907,g98e5,1.939
2026-10-09T13:55Z,10916,g95e5,1.805
2026-10-09T13:55Z,10916,gA,1.969
2026-10-09T13:55Z,10916,gP,2.025
2026-10-09T13:55Z,10969,gA,1.945
2026-10-09T13:55Z,10969,gP,2.030
2026-10-09T13:55Z,10969,gB,1.884
2026-10-09T13:55Z,10974,gA,1.959
2026-10-09T13:55Z,10982,gA,1.955
2026-10-09T13:55Z,10982,gP,2.080
2026-10-09T13:55Z,11007,gA,1.919
2026-10-09T13:55Z,11007,gP,1.959
2026-10-09T13:55Z,11010,gA,1.985
2026-10-09T13:55Z,11010,gP,2.085
2026-10-09T13:55Z,11020,g95e5,1.699
2026-10-09T13:55Z,11035,g95e5,1.829
2026-10-09T13:55Z,11035,gA,1.949
2026-10-09T13:55Z,11036,g95e5,1.598
2026-10-09T13:55Z,11036,gA,1.678
2026-10-09T13:55Z,11037,g95e5,1.849
2026-10-09T13:55Z,11037,g98e5,1.969
2026-10-09T13:55Z,11053,g95e5,2.008
2026-10-09T13:55Z,11053,gA,2.165
2026-10-09T13:55Z,11053,gP,2.215
2026-10-09T13:55Z,11053,g98e5,2.098
2026-10-09T13:55Z,11055,g95e5,1.749
2026-10-09T13:55Z,11055,gA,1.799
2026-10-09T13:55Z,11055,gP,1.859
2026-10-09T13:55Z,11058,g95e5,1.878
2026-10-09T13:55Z,11058,gA,1.980
2026-10-09T13:55Z,11058,gP,2.050
2026-10-09T13:55Z,11058,g95e5p,1.948
2026-10-09T13:55Z,11061,gA,1.811
2026-10-09T13:55Z,11061,gB,1.545
2026-10-09T13:55Z,11071,g95e5,1.810
2026-10-09T13:55Z,11071,gA,1.833
2026-10-09T13:55Z,11079,g95e5,1.669
2026-10-09T13:55Z,11084,g95e5,1.905
2026-10-09T13:55Z,11084,gA,2.029
2026-10-09T13:55Z,11101,g95e5,1.799
2026-10-09T13:55Z,11101,g98e5,1.999
2026-10-09T13:55Z,11121,g95e5,1.865
2026-10-09T13:55Z,11121,g98e5,2.035
2026-10-09T13:55Z,11128,g95e5,1.779
2026-10-09T13:55Z,11128,gA,1.869
2026-10-09T13:55Z,11132,g95e5,1.689
2026-10-09T13:55Z,11132,gA,1.749
2026-10-09T13:55Z,11144,g95e5,1.689
2026-10-09T13:55Z,11144,gA,1.769
2026-10-09T13:55Z,11163,gA,1.975
2026-10-09T13:55Z,11163,gP,2.060
2026-10-09T13:55Z,11176,g95e5,1.799
2026-10-09T13:55Z,11176,gA,1.919
2026-10-09T13:55Z,11176,gP,1.999
2026-10-09T13:55Z,11176,g98e5,1.939
2026-10-09T13:55Z,11186,g98e5,2.009
2026-10-09T13:55Z,11189,g95e5,1.875
2026-10-09T13:55Z,11191,gA,1.869
2026-10-09T13:55Z,11191,gP,1.919
2026-10-09T13:55Z,11193,gA,1.884
2026-10-09T13:55Z,11193,gP,1.964
2026-10-09T13:55Z,11217,gP,2.039
2026-10-09T13:55Z,11246,gP,1.848
2026-10-09T13:55Z,11249,g95e5,1.749
2026-10-09T13:55Z,11249,gA,1.849
2026-10-09T13:55Z,11249,gP,1.929
2026-10-09T13:55Z,11249,g98e5,1.889
2026-10-09T13:55Z,11257,g95e5,1.699
2026-10-09T13:55Z,11257,gA,1.809
2026-10-09T13:55Z,11257,gB,1.595
2026-10-09T13:55Z,11267,g95e5,1.859
2026-10-09T13:55Z,11267,gA,1.969
2026-10-09T13:55Z,11267,gP,2.009
2026-10-09T13:55Z,11267,g98e5,1.979
2026-10-09T13:55Z,11276,g95e5,1.859
2026-10-09T13:55Z,11284,gA,1.979
2026-10-09T13:55Z,11284,gP,2.039
2026-10-09T13:55Z,11288,g95e5,1.784
2026-10-09T13:55Z,11288,gA,1.879
2026-10-09T13:55Z,11288,gP,1.959
2026-10-09T13:55Z,11294,g95e5,1.858
2026-10-09T13:55Z,11294,gA,1.939
2026-10-09T13:55Z,11294,gP,2.015
2026-10-09T13:55Z,11294,g95e5p,1.898
2026-10-09T13:55Z,11295,g95e5,1.839
2026-10-09T13:55Z,11295,gA,1.909
2026-10-09T13:55Z,11295,gP,1.949
2026-10-09T13:55Z,11295,g98e5,1.999
2026-10-09T13:55Z,11316,g95e5,1.854
2026-10-09T13:55Z,11316,gA,1.974
2026-10-09T13:55Z,11316,gP,2.024
2026-10-09T13:55Z,11316,g98e5,2.014
2026-10-09T13:55Z,11327,g95e5,1.814
2026-10-09T13:55Z,11327,gA,1.934
2026-10-09T13:55Z,11327,gP,1.984
2026-10-09T13:55Z,11327,g95e5p,1.864
2026-10-09T13:55Z,11328,gA,1.869
2026-10-09T13:55Z,11328,gP,1.919
2026-10-09T13:55Z,11331,g98e5,1.934
2026-10-09T13:55Z,11339,gA,1.739
2026-10-09T13:55Z,11339,gB,1.539
2026-10-09T13:55Z,11345,g95e5,1.729
2026-10-09T13:55Z,11345,gA,1.849
2026-10-09T13:55Z,11352,g95e5,1.839
2026-10-09T13:55Z,11352,gA,1.949
2026-10-09T13:55Z,11352,gP,2.009
2026-10-09T13:55Z,11352,g98e5,1.939
2026-10-09T13:55Z,11354,gA,1.899
2026-10-09T13:55Z,11354,gP,1.939
2026-10-09T13:55Z,11354,g98e5,1.939
2026-10-09T13:55Z,11371,gA,1.859
2026-10-09T13:55Z,11371,gP,1.939
2026-10-09T13:55Z,11386,gA,1.819
2026-10-09T13:55Z,11386,gP,1.869
2026-10-09T13:55Z,11394,g95e5,1.649
2026-10-09T13:55Z,11400,gA,1.939
2026-10-09T13:55Z,11400,gP,2.019
2026-10-09T13:55Z,11419,g95e5,1.639
2026-10-09T13:55Z,11419,gA,1.719
2026-10-09T13:55Z,11419,g98e5,1.969
2026-10-09T13:55Z,11449,g95e5,1.839
2026-10-09T13:55Z,11449,gA,1.979
2026-10-09T13:55Z,11449,gP,1.999
2026-10-09T13:55Z,11452,gP,1.909
2026-10-09T13:55Z,11467,g95e5,1.739
2026-10-09T13:55Z,11467,gA,1.849
2026-10-09T13:55Z,11467,gP,1.929
2026-10-09T13:55Z,11467,g98e5,1.879
2026-10-09T13:55Z,11467,gB,1.739
2026-10-09T13:55Z,11468,g95e5,1.709
2026-10-09T13:55Z,11485,g95e5,1.729
2026-10-09T13:55Z,11485,gA,1.954
2026-10-09T13:55Z,11485,gP,2.034
2026-10-09T13:55Z,11485,g98e5,1.869
2026-10-09T13:55Z,11488,gA,1.995
2026-10-09T13:55Z,11495,g95e5,1.789
2026-10-09T13:55Z,11495,g98e5,1.949
2026-10-09T13:55Z,11497,gA,1.959
2026-10-09T13:55Z,11513,gA,1.799
2026-10-09T13:55Z,11513,gP,1.819
2026-10-09T13:55Z,11520,gP,1.809
2026-10-09T13:55Z,11528,g95e5,1.819
2026-10-09T13:55Z,11528,g98e5,1.929
2026-10-09T13:55Z,11529,g95e5,1.809
2026-10-09T13:55Z,11529,gA,1.899
2026-10-09T13:55Z,11529,gP,1.939
2026-10-09T13:55Z,11529,g98e5,1.959
2026-10-09T13:55Z,11535,g95e5,1.859
2026-10-09T13:55Z,11535,gA,1.935
2026-10-09T13:55Z,11535,gP,1.995
2026-10-09T13:55Z,11535,g98e5,1.979
2026-10-09T13:55Z,11536,gA,1.949
2026-10-09T13:55Z,11539,g95e5,1.868
2026-10-09T13:55Z,11539,gA,2.005
2026-10-09T13:55Z,11539,gP,2.080
2026-10-09T13:55Z,11539,g95e5p,1.928
2026-10-09T13:55Z,11541,gA,1.879
2026-10-09T13:55Z,11542,gA,1.929
2026-10-09T13:55Z,11542,gP,2.019
2026-10-09T13:55Z,11556,g95e5,1.869
2026-10-09T13:55Z,11556,gA,1.899
2026-10-09T13:55Z,11556,gP,1.979
2026-10-09T13:55Z,11556,g98e5,2.009
2026-10-09T13:55Z,11560,g95e5,1.899
2026-10-09T13:55Z,11560,gA,1.985
2026-10-09T13:55Z,11563,g95e5,1.819
2026-10-09T13:55Z,11564,gA,1.995
2026-10-09T13:55Z,11575,g95e5,1.865
2026-10-09T13:55Z,11575,gA,1.989
2026-10-09T13:55Z,11582,g95e5,1.789
2026-10-09T13:55Z,11582,g98e5,1.929
2026-10-09T13:55Z,11585,gA,1.989
2026-10-09T13:55Z,11585,gP,2.029
2026-10-09T13:55Z,11587,g95e5,1.819
2026-10-09T13:55Z,11587,gA,1.929
2026-10-09T13:55Z,11587,gB,1.729
2026-10-09T13:55Z,11593,gA,1.975
2026-10-09T13:55Z,11598,g95e5,1.934
2026-10-09T13:55Z,11598,gA,1.984
2026-10-09T13:55Z,11598,gP,2.074
2026-10-09T13:55Z,11598,g98e5,2.069
2026-10-09T13:55Z,11617,gB,1.879
2026-10-09T13:55Z,11619,g95e5,1.739
2026-10-09T13:55Z,11629,g95e5,1.689
2026-10-09T13:55Z,11629,gA,1.845
2026-10-09T13:55Z,11633,gA,1.965
2026-10-09T13:55Z,11633,gP,2.040
2026-10-09T13:55Z,11641,g95e5,1.808
2026-10-09T13:55Z,11641,gA,1.929
2026-10-09T13:55Z,11641,gP,1.987
2026-10-09T13:55Z,11641,g98e5,1.928
2026-10-09T13:55Z,11642,g95e5,1.808
2026-10-09T13:55Z,11642,gA,1.929
2026-10-09T13:55Z,11642,gP,1.987
2026-10-09T13:55Z,11642,g98e5,1.928
2026-10-09T13:55Z,11649,g95e5,1.789
2026-10-09T13:55Z,11649,gA,1.919
2026-10-09T13:55Z,11649,gP,1.959
2026-10-09T13:55Z,11649,g98e5,1.959
2026-10-09T13:55Z,11659,gA,1.849
2026-10-09T13:55Z,11659,gP,1.869
2026-10-09T13:55Z,11659,g98e5,1.929
2026-10-09T13:55Z,11674,gA,1.939
2026-10-09T13:55Z,11674,gP,2.050
2026-10-09T13:55Z,11685,g95e5,1.853
2026-10-09T13:55Z,11685,g95e5p,1.898
2026-10-09T13:55Z,11706,g95e5,1.692
2026-10-09T13:55Z,11730,g95e5,1.789
2026-10-09T13:55Z,11730,gA,1.899
2026-10-09T13:55Z,11730,gP,1.979
2026-10-09T13:55Z,11730,g98e5,1.929
2026-10-09T13:55Z,11741,gA,1.969
2026-10-09T13:55Z,11741,g98e5,2.019
2026-10-09T13:55Z,11749,g95e5,1.818
2026-10-09T13:55Z,11749,g95e5p,1.898
2026-10-09T13:55Z,11750,g95e5,1.689
2026-10-09T13:55Z,11750,gA,1.759
2026-10-09T13:55Z,11754,g95e5,1.719
2026-10-09T13:55Z,11754,gA,1.849
2026-10-09T13:55Z,11765,g95e5,1.899
2026-10-09T13:55Z,11765,gA,2.029
2026-10-09T13:55Z,11765,g95e5p,1.969
2026-10-09T13:55Z,11769,g95e5,1.689
2026-10-09T13:55Z,11769,gA,1.829
2026-10-09T13:55Z,11769,gP,1.909
2026-10-09T13:55Z,11769,g98e5,1.829
2026-10-09T13:55Z,11779,gA,1.949
2026-10-09T13:55Z,11779,gP,1.989
2026-10-09T13:55Z,11779,g98e5,1.999
2026-10-09T13:55Z,11781,g95e5,1.899
2026-10-09T13:55Z,11781,gA,1.999
2026-10-09T13:55Z,11781,gP,2.089
2026-10-09T13:55Z,11781,g98e5,2.039
2026-10-09T13:55Z,11792,g95e5,1.818
2026-10-09T13:55Z,11792,gA,1.965
2026-10-09T13:55Z,11792,gP,1.989
2026-10-09T13:55Z,11792,g95e5p,1.898
2026-10-09T13:55Z,11795,g95e5,1.799
2026-10-09T13:55Z,11795,gA,1.894
2026-10-09T13:55Z,11795,gP,1.974
2026-10-09T13:55Z,11795,g98e5,1.939
2026-10-09T13:55Z,11796,gA,1.829
2026-10-09T13:55Z,11796,gP,1.909
2026-10-09T13:55Z,11809,g95e5,1.654
2026-10-09T13:55Z,11809,gP,1.825
2026-10-09T13:55Z,11809,g98e5,1.874
2026-10-09T13:55Z,11816,g95e5,1.849
2026-10-09T13:55Z,11816,gA,1.909
2026-10-09T13:55Z,11816,gP,1.949
2026-10-09T13:55Z,11831,g95e5,1.779
2026-10-09T13:55Z,11831,gA,1.839
2026-10-09T13:55Z,11832,gA,2.019
2026-10-09T13:55Z,11834,g95e5,1.835
2026-10-09T13:55Z,11852,g95e5,1.875
2026-10-09T13:55Z,11852,gA,1.909
2026-10-09T13:55Z,11863,g95e5,1.659
2026-10-09T13:55Z,11863,gA,1.799
2026-10-09T13:55Z,11865,g95e5,1.859
2026-10-09T13:55Z,11865,gA,1.965
2026-10-09T13:55Z,11865,gP,2.045
2026-10-09T13:55Z,11865,g95e5p,1.979
2026-10-09T13:55Z,11866,gP,1.849
2026-10-09T13:55Z,11874,gA,1.879
2026-10-09T13:55Z,11874,gP,1.959
2026-10-09T13:55Z,11878,gP,2.059
2026-10-09T13:55Z,11883,g95e5,1.829
2026-10-09T13:55Z,11883,gA,1.969
2026-10-09T13:55Z,11883,gP,2.035
2026-10-09T13:55Z,11890,g95e5,1.879
2026-10-09T13:55Z,11890,gA,1.939
2026-10-09T13:55Z,11890,gP,2.029
2026-10-09T13:55Z,11890,g98e5,2.034
2026-10-09T13:55Z,11891,g95e5,1.829
2026-10-09T13:55Z,11899,gP,1.816
2026-10-09T13:55Z,11925,g95e5,1.645
2026-10-09T13:55Z,11925,gA,1.735
2026-10-09T13:55Z,11942,g95e5,1.868
2026-10-09T13:55Z,11942,gA,1.925
2026-10-09T13:55Z,11942,gP,2.020
2026-10-09T13:55Z,11942,g95e5p,1.908
2026-10-09T13:55Z,11960,g95e5,1.889
2026-10-09T13:55Z,11960,gA,2.009
2026-10-09T13:55Z,11960,g98e5,2.059
2026-10-09T13:55Z,11962,g95e5,1.799
2026-10-09T13:55Z,11962,gA,1.899
2026-10-09T13:55Z,11962,gP,1.959
2026-10-09T13:55Z,11962,g98e5,1.919
2026-10-09T13:55Z,11965,gA,1.965
2026-10-09T13:55Z,11965,gP,2.025
2026-10-09T13:55Z,11965,g98e5,1.959
2026-10-09T13:55Z,11973,g95e5,1.859
2026-10-09T13:55Z,11974,g95e5,1.825
2026-10-09T13:55Z,12015,g95e5,1.719
2026-10-09T13:55Z,12015,gA,1.819
2026-10-09T13:55Z,12022,gA,1.995
2026-10-09T13:55Z,12036,g95e5,1.739
2026-10-09T13:55Z,12036,gA,1.799
2026-10-09T13:55Z,12036,gP,1.839
2026-10-09T13:55Z,12041,g95e5,1.789
2026-10-09T13:55Z,12041,g98e5,1.929
2026-10-09T13:55Z,12046,gA,2.009
2026-10-09T13:55Z,12062,gA,1.959
2026-10-09T13:55Z,12062,gP,1.999
2026-10-09T13:55Z,12062,g98e5,1.979
2026-10-09T13:55Z,12065,g95e5,1.689
2026-10-09T13:55Z,12065,gA,1.739
2026-10-09T13:55Z,12068,gP,1.809
2026-10-09T13:55Z,12091,g95e5,1.888
2026-10-09T13:55Z,12099,g95e5,1.799
2026-10-09T13:55Z,12099,gA,1.869
2026-10-09T13:55Z,12099,gP,1.949
2026-10-09T13:55Z,12099,g98e5,1.939
2026-10-09T13:55Z,12101,gA,1.945
2026-10-09T13:55Z,12101,gP,2.030
2026-10-09T13:55Z,12109,g95e5,1.833
2026-10-09T13:55Z,12109,g95e5p,1.918
2026-10-09T13:55Z,12116,g95e5,1.619
2026-10-09T13:55Z,12116,gP,1.759
2026-10-09T13:55Z,12117,g95e5,1.839
2026-10-09T13:55Z,12117,gA,1.989
2026-10-09T13:55Z,12122,gA,1.799
2026-10-09T13:55Z,12143,g95e5,1.729
2026-10-09T13:55Z,12143,gA,1.849
2026-10-09T13:55Z,12143,gP,1.929
2026-10-09T13:55Z,12143,g98e5,1.869
2026-10-09T13:55Z,12143,bio,1.849
2026-10-09T13:55Z,12147,g95e5,1.769
2026-10-09T13:55Z,12147,g98e5,1.909
2026-10-09T13:55Z,12153,gA,1.899
2026-10-09T13:55Z,12153,gP,1.939
2026-10-09T13:55Z,12153,g98e5,1.979
2026-10-09T13:55Z,12155,g95e5,1.799
2026-10-09T13:55Z,12155,gA,1.899
2026-10-09T13:55Z,12155,gP,1.939
2026-10-09T13:55Z,12156,g95e5,1.869
2026-10-09T13:55Z,12156,gA,1.929
2026-10-09T13:55Z,12158,g95e5,1.859
2026-10-09T13:55Z,12158,gA,2.015
2026-10-09T13:55Z,12169,g95e5,1.699
2026-10-09T13:55Z,12169,gA,1.744
2026-10-09T13:55Z,12179,gA,1.989
2026-10-09T13:55Z,12179,gP,2.029
2026-10-09T13:55Z,12179,g98e5,2.009
2026-10-09T13:55Z,12185,g95e5,1.848
2026-10-09T13:55Z,12185,gA,1.869
2026-10-09T13:55Z,12185,gP,1.958
2026-10-09T13:55Z,12186,g95e5,1.839
2026-10-09T13:55Z,12186,g98e5,1.979
2026-10-09T13:55Z,12192,g95e5,1.755
2026-10-09T13:55Z,12192,gA,1.855
2026-10-09T13:55Z,12192,gP,1.982
2026-10-09T13:55Z,12192,g98e5,1.989
2026-10-09T13:55Z,12195,gA,1.825
2026-10-09T13:55Z,12201,g95e5,1.834
2026-10-09T13:55Z,12201,gA,1.859
2026-10-09T13:55Z,12201,gP,1.939
2026-10-09T13:55Z,12201,g98e5,1.974
2026-10-09T13:55Z,12207,g95e5,1.699
2026-10-09T13:55Z,12207,gA,1.811
2026-10-09T13:55Z,12222,g95e5,1.799
2026-10-09T13:55Z,12222,gA,1.929
2026-10-09T13:55Z,12223,g95e5,1.719
2026-10-09T13:55Z,12223,gA,1.849
2026-10-09T13:55Z,12223,gP,1.899
2026-10-09T13:55Z,12223,g95e5p,1.769
2026-10-09T13:55Z,12238,g95e5,1.875
2026-10-09T13:55Z,12238,gA,1.995
2026-10-09T13:55Z,12238,gP,2.099
2026-10-09T13:55Z,12242,g95e5,1.785
2026-10-09T13:55Z,12242,gA,1.960
2026-10-09T13:55Z,12254,g95e5,1.829
2026-10-09T13:55Z,12254,gA,1.899
2026-10-09T13:55Z,12263,gA,1.783
2026-10-09T13:55Z,12286,gA,1.959
2026-10-09T13:55Z,12289,g95e5,1.849
2026-10-09T13:55Z,12291,g95e5,1.699
2026-10-09T13:55Z,12291,gA,1.799
2026-10-09T13:55Z,12308,g95e5,1.719
2026-10-09T13:55Z,12308,gA,1.819
2026-10-09T13:55Z,12318,gA,1.965
2026-10-09T13:55Z,12323,g95e5,1.804
2026-10-09T13:55Z,12323,gA,1.877
2026-10-09T13:55Z,12323,gP,2.025
2026-10-09T13:55Z,12333,gP,1.759
2026-10-09T13:55Z,12335,gA,1.835
2026-10-09T13:55Z,12337,g95e5,1.859
2026-10-09T13:55Z,12337,gA,1.929
2026-10-09T13:55Z,12341,g95e5,1.619
2026-10-09T13:55Z,12341,gP,1.779
2026-10-09T13:55Z,12349,g95e5,1.669
2026-10-09T13:55Z,12349,gA,1.699
2026-10-09T13:55Z,12350,gA,1.995
2026-10-09T13:55Z,12354,gA,1.799
2026-10-09T13:55Z,12358,gA,2.019
2026-10-09T13:55Z,12358,gP,2.099
2026-10-09T13:55Z,12366,gA,1.809
2026-10-09T13:55Z,12367,gA,1.816
2026-10-09T13:55Z,12367,gB,1.509
2026-10-09T13:55Z,12379,g95e5,1.678
2026-10-09T13:55Z,12379,gA,1.738
2026-10-09T13:55Z,12379,gB,1.548
2026-10-09T13:55Z,12389,g95e5,1.819
2026-10-09T13:55Z,12389,gA,1.919
2026-10-09T13:55Z,12396,gA,1.975
2026-10-09T13:55Z,12416,g95e5,1.889
2026-10-09T13:55Z,12416,g98e5,1.995
2026-10-09T13:55Z,12424,g95e5,1.679
2026-10-09T13:55Z,12424,gA,1.739
2026-10-09T13:55Z,12430,g95e5,1.799
2026-10-09T13:55Z,12435,g95e5,1.839
2026-10-09T13:55Z,12435,gA,1.919
2026-10-09T13:55Z,12435,gP,1.989
2026-10-09T13:55Z,12436,g95e5,1.739
2026-10-09T13:55Z,12436,gA,1.929
2026-10-09T13:55Z,12436,gP,2.009
2026-10-09T13:55Z,12436,g98e5,1.879
2026-10-09T13:55Z,12440,g95e5,1.845
2026-10-09T13:55Z,12440,g98e5,1.987
2026-10-09T13:55Z,12441,gA,1.961
2026-10-09T13:55Z,12443,g95e5,1.669
2026-10-09T13:55Z,12454,gA,1.817
2026-10-09T13:55Z,12458,g95e5,1.828
2026-10-09T13:55Z,12458,gA,1.995
2026-10-09T13:55Z,12458,gP,2.085
2026-10-09T13:55Z,12464,g95e5,1.799
2026-10-09T13:55Z,12464,g98e5,1.939
2026-10-09T13:55Z,12474,g95e5,1.629
2026-10-09T13:55Z,12475,gA,1.765
2026-10-09T13:55Z,12475,gP,1.799
2026-10-09T13:55Z,12475,g98e5,1.769
2026-10-09T13:55Z,12476,g95e5,1.749
2026-10-09T13:55Z,12476,gA,1.745
2026-10-09T13:55Z,12477,g95e5,1.799
2026-10-09T13:55Z,12477,gA,1.899
2026-10-09T13:55Z,12477,gP,1.959
2026-10-09T13:55Z,12477,g98e5,1.899
2026-10-09T13:55Z,12511,g95e5,1.739
2026-10-09T13:55Z,12529,g95e5,1.635
2026-10-09T13:55Z,12529,gA,1.785
2026-10-09T13:55Z,12532,g95e5,1.777
2026-10-09T13:55Z,12532,gA,1.777
2026-10-09T13:55Z,12538,gA,1.959
2026-10-09T13:55Z,12538,gP,2.039
2026-10-09T13:55Z,12540,g95e5,1.880
2026-10-09T13:55Z,12540,gA,1.989
2026-10-09T13:55Z,12540,gP,2.099
2026-10-09T13:55Z,12541,gA,1.797
2026-10-09T13:55Z,12556,g95e5,1.719
2026-10-09T13:55Z,12556,gA,1.819
2026-10-09T13:55Z,12563,gA,1.895
2026-10-09T13:55Z,12564,gA,1.884
2026-10-09T13:55Z,12568,g95e5,1.809
2026-10-09T13:55Z,12595,gA,1.809
2026-10-09T13:55Z,12598,gA,1.839
2026-10-09T13:55Z,12598,gP,1.919
2026-10-09T13:55Z,12600,gA,1.939
2026-10-09T13:55Z,12602,g95e5,1.695
2026-10-09T13:55Z,12604,g95e5,1.825
2026-10-09T13:55Z,12604,gA,1.959
2026-10-09T13:55Z,12604,gP,2.069
2026-10-09T13:55Z,12604,g98e5,1.995
2026-10-09T13:55Z,12615,g95e5,1.788
2026-10-09T13:55Z,12615,gA,1.985
2026-10-09T13:55Z,12615,gP,2.055
2026-10-09T13:55Z,12629,g95e5,1.739
2026-10-09T13:55Z,12629,gB,1.499
2026-10-09T13:55Z,12630,g95e5,1.569
2026-10-09T13:55Z,12630,gA,1.709
2026-10-09T13:55Z,12643,g95e5,1.739
2026-10-09T13:55Z,12643,gA,1.819
2026-10-09T13:55Z,12643,gP,1.919
2026-10-09T13:55Z,12655,g95e5,1.809
2026-10-09T13:55Z,12659,g95e5,1.899
2026-10-09T13:55Z,12672,gA,1.935
2026-10-09T13:55Z,12678,gA,1.719
2026-10-09T13:55Z,12694,gA,1.924
2026-10-09T13:55Z,12694,gP,2.004
2026-10-09T13:55Z,12704,gA,1.765
2026-10-09T13:55Z,12704,gB,1.545
2026-10-09T13:55Z,12716,g95e5,1.719
2026-10-09T13:55Z,12716,gA,1.799
2026-10-09T13:55Z,12721,gA,1.849
2026-10-09T13:55Z,12721,gP,1.899
2026-10-09T13:55Z,12725,g95e5,1.797
2026-10-09T13:55Z,12725,gA,1.797
2026-10-09T13:55Z,12732,g95e5,1.787
2026-10-09T13:55Z,12732,gA,1.767
2026-10-09T13:55Z,12734,g95e5,1.659
2026-10-09T13:55Z,12734,gA,1.829
2026-10-09T13:55Z,12748,g95e5,1.758
2026-10-09T13:55Z,12748,gA,1.738
2026-10-09T13:55Z,12765,glp,0.969
2026-10-09T13:55Z,12768,g95e5,1.799
2026-10-09T13:55Z,12768,gA,1.839
2026-10-09T13:55Z,12771,g95e5,1.696
2026-10-09T13:55Z,12771,gA,1.747
2026-10-09T13:55Z,12780,g95e5,1.699
2026-10-09T13:55Z,12784,g95e5,1.588
2026-10-09T13:55Z,12784,g98e5,1.714
2026-10-09T13:55Z,12785,gA,1.959
2026-10-09T13:55Z,12789,g95e5,1.779
2026-10-09T13:55Z,12789,gA,1.915
2026-10-09T13:55Z,12792,g95e5,1.689
2026-10-09T13:55Z,12794,g95e5,1.879
2026-10-09T13:55Z,12794,gA,1.979
2026-10-09T13:55Z,12794,gP,2.079
2026-10-09T13:55Z,12795,g95e5,1.878
2026-10-09T13:55Z,12795,gA,1.985
2026-10-09T13:55Z,12795,gP,2.070
2026-10-09T13:55Z,12795,g95e5p,1.928
2026-10-09T13:55Z,12805,g95e5,1.691
2026-10-09T13:55Z,12805,gA,1.796
2026-10-09T13:55Z,12812,g95e5,1.809
2026-10-09T13:55Z,12812,gA,1.929
2026-10-09T13:55Z,12812,gP,1.969
2026-10-09T13:55Z,12812,g98e5,1.979
2026-10-09T13:55Z,12817,g95e5,1.679
2026-10-09T13:55Z,12817,gA,1.739
2026-10-09T13:55Z,12819,g95e5,1.729
2026-10-09T13:55Z,12826,gA,1.869
2026-10-09T13:55Z,12826,gP,1.909
2026-10-09T13:55Z,12826,g98e5,1.939
2026-10-09T13:55Z,12846,gA,1.905
2026-10-09T13:55Z,12856,g95e5,1.809
2026-10-09T13:55Z,12856,gA,1.949
2026-10-09T13:55Z,12856,g98e5,1.919
2026-10-09T13:55Z,12873,g95e5,1.829
2026-10-09T13:55Z,12873,gA,1.919
2026-10-09T13:55Z,12885,gA,1.769
2026-10-09T13:55Z,12888,gP,1.849
2026-10-09T13:55Z,12905,gA,1.919
2026-10-09T13:55Z,12905,gP,1.959
2026-10-09T13:55Z,12906,g95e5,1.649
2026-10-09T13:55Z,12906,gA,1.759
2026-10-09T13:55Z,12931,gA,1.969
2026-10-09T13:55Z,12931,gP,2.009
2026-10-09T13:55Z,12933,gA,1.755
2026-10-09T13:55Z,12934,g95e5,1.682
2026-10-09T13:55Z,12934,gA,1.798
2026-10-09T13:55Z,12940,gA,1.999
2026-10-09T13:55Z,12940,gP,2.059
2026-10-09T13:55Z,12957,g95e5,1.689
2026-10-09T13:55Z,12957,gA,1.799
2026-10-09T13:55Z,12960,g98e5,1.959
2026-10-09T13:55Z,12976,g95e5,1.769
2026-10-09T13:55Z,12976,gA,1.829
2026-10-09T13:55Z,12995,g95e5,1.729
2026-10-09T13:55Z,12995,gA,1.839
2026-10-09T13:55Z,13002,gA,1.869
2026-10-09T13:55Z,13002,gP,1.969
2026-10-09T13:55Z,13011,g95e5,1.684
2026-10-09T13:55Z,13011,gA,1.819
2026-10-09T13:55Z,13036,g95e5,1.889
2026-10-09T13:55Z,13036,gA,1.939
2026-10-09T13:55Z,13036,gP,2.059
2026-10-09T13:55Z,13047,g95e5,1.639
2026-10-09T13:55Z,13047,gA,1.729
2026-10-09T13:55Z,13048,g95e5,1.749
2026-10-09T13:55Z,13061,g95e5,1.785
2026-10-09T13:55Z,13071,g95e5,1.699
2026-10-09T13:55Z,13084,g95e5,1.746
2026-10-09T13:55Z,13087,g95e5,1.749
2026-10-09T13:55Z,13098,gA,1.789
2026-10-09T13:55Z,13103,g95e5,1.739
2026-10-09T13:55Z,13103,gA,1.839
2026-10-09T13:55Z,13105,g95e5,1.869
2026-10-09T13:55Z,13105,gA,1.949
2026-10-09T13:55Z,13112,g95e5,1.723
2026-10-09T13:55Z,13115,g95e5,1.799
2026-10-09T13:55Z,13115,gA,1.839
2026-10-09T13:55Z,13120,g95e5,1.715
2026-10-09T13:55Z,13120,gA,1.855
2026-10-09T13:55Z,13121,g95e5,1.579
2026-10-09T13:55Z,13127,g95e5,1.879
2026-10-09T13:55Z,13131,gA,1.959
2026-10-09T13:55Z,13139,g95e5,1.699
2026-10-09T13:55Z,13139,gA,1.779
2026-10-09T13:55Z,13145,g95e5,1.756
2026-10-09T13:55Z,13145,gA,1.847
2026-10-09T13:55Z,13162,gA,1.909
2026-10-09T13:55Z,13172,gP,1.869
2026-10-09T13:55Z,13184,gA,1.909
2026-10-09T13:55Z,13195,gA,1.769
2026-10-09T13:55Z,13204,gA,1.829
2026-10-09T13:55Z,13224,gA,1.989
2026-10-09T13:55Z,13224,gP,2.029
2026-10-09T13:55Z,13243,g95e5,1.709
2026-10-09T13:55Z,13250,g95e5,1.789
2026-10-09T13:55Z,13255,gA,1.759
2026-10-09T13:55Z,13261,g95e5,1.619
2026-10-09T13:55Z,13261,gA,1.789
2026-10-09T13:55Z,13261,gP,1.809
2026-10-09T13:55Z,13263,glp,1.099
2026-10-09T13:55Z,13279,g95e5,1.696
2026-10-09T13:55Z,13279,gA,1.797
2026-10-09T13:55Z,13291,g95e5,1.849
2026-10-09T13:55Z,13291,gA,1.949
2026-10-09T13:55Z,13291,gP,1.989
2026-10-09T13:55Z,13293,g95e5,1.667
2026-10-09T13:55Z,13293,gA,1.807
2026-10-09T13:55Z,13293,gP,1.877
2026-10-09T13:55Z,13293,g98e5,1.867
2026-10-09T13:55Z,13302,g95e5,1.709
2026-10-09T13:55Z,13304,g95e5,1.849
2026-10-09T13:55Z,13304,gA,1.949
2026-10-09T13:55Z,13304,gP,1.989
2026-10-09T13:55Z,13304,g98e5,1.969
2026-10-09T13:55Z,13319,g95e5,1.869
2026-10-09T13:55Z,13319,g98e5,1.989
2026-10-09T13:55Z,13354,g95e5,1.759
2026-10-09T13:55Z,13361,gA,1.939
2026-10-09T13:55Z,13374,g95e5,1.614
2026-10-09T13:55Z,13374,gA,1.749
2026-10-09T13:55Z,13376,gA,2.019
2026-10-09T13:55Z,13383,g95e5,1.659
2026-10-09T13:55Z,13383,gA,1.769
2026-10-09T13:55Z,13395,g95e5,1.585
2026-10-09T13:55Z,13412,g95e5,1.809
2026-10-09T13:55Z,13412,gA,1.925
2026-10-09T13:55Z,13413,g95e5,1.709
2026-10-09T13:55Z,13415,g95e5,1.692
2026-10-09T13:55Z,13415,gA,1.818
2026-10-09T13:55Z,13415,gP,1.842
2026-10-09T13:55Z,13419,g95e5,1.529
2026-10-09T13:55Z,13428,g95e5,1.749
2026-10-09T13:55Z,13428,gA,1.749
2026-10-09T13:55Z,13428,gP,1.809
2026-10-09T13:55Z,13437,gB,1.560
2026-10-09T13:55Z,13444,g95e5,1.699
2026-10-09T13:55Z,13444,gA,1.799
2026-10-09T13:55Z,13459,g95e5,1.669
2026-10-09T13:55Z,13459,gA,1.749
2026-10-09T13:55Z,13459,gP,1.789
2026-10-09T13:55Z,13484,gA,1.746
2026-10-09T13:55Z,13500,g95e5,1.699
2026-10-09T13:55Z,13500,gA,1.799
2026-10-09T13:55Z,13500,gP,1.899
2026-10-09T13:55Z,13500,g98e5,1.799
2026-10-09T13:55Z,13503,g95e5,1.689
2026-10-09T13:55Z,13509,g95e5,1.739
2026-10-09T13:55Z,13514,g95e5,1.743
2026-10-09T13:55Z,13514,gA,1.843
2026-10-09T13:55Z,13514,gP,1.903
2026-10-09T13:55Z,13525,g95e5,1.619
2026-10-09T13:55Z,13525,gA,1.719
2026-10-09T13:55Z,13538,g95e5,1.695
2026-10-09T13:55Z,13538,gA,1.715
2026-10-09T13:55Z,13540,g95e5,1.639
2026-10-09T13:55Z,13546,glp,1.083
2026-10-09T13:55Z,13555,g95e5,1.767
2026-10-09T13:55Z,13555,gA,1.867
2026-10-09T13:55Z,13555,gP,1.957
2026-10-09T13:55Z,13555,g98e5,1.907
2026-10-09T13:55Z,13556,g95e5,1.799
2026-10-09T13:55Z,13556,gA,1.939
2026-10-09T13:55Z,13556,gP,1.979
2026-10-09T13:55Z,13558,g95e5,1.749
2026-10-09T13:55Z,13558,gA,1.859
2026-10-09T13:55Z,13564,gA,1.719
2026-10-09T13:55Z,13566,g95e5,1.817
2026-10-09T13:55Z,13566,gA,1.897
2026-10-09T13:55Z,13572,g95e5,1.734
2026-10-09T13:55Z,13572,gA,1.734
2026-10-09T13:55Z,13576,g95e5,1.899
2026-10-09T13:55Z,13576,gA,1.959
2026-10-09T13:55Z,13588,g95e5,1.835
2026-10-09T13:55Z,13588,gP,1.956
2026-10-09T13:55Z,13592,glp,1.099
2026-10-09T13:55Z,13596,g95e5,1.859
2026-10-09T13:55Z,13596,gA,1.959
2026-10-09T13:55Z,13596,gP,1.999
2026-10-09T13:55Z,13596,g98e5,1.989
2026-10-09T13:55Z,13602,gA,1.969
2026-10-09T13:55Z,13602,gP,2.009
2026-10-09T13:55Z,13602,g98e5,1.989
2026-10-09T13:55Z,13603,g95e5,1.659
2026-10-09T13:55Z,13606,g95e5,1.669
2026-10-09T13:55Z,13609,gA,1.839
2026-10-09T13:55Z,13615,gA,1.839
2026-10-09T13:55Z,13621,gA,1.939
2026-10-09T13:55Z,13621,gP,2.019
2026-10-09T13:55Z,13628,g95e5,1.699
2026-10-09T13:55Z,13628,gA,1.779
2026-10-09T13:55Z,13628,gP,1.799
2026-10-09T13:55Z,13653,gA,1.949
2026-10-09T13:55Z,13653,gP,2.029
2026-10-09T13:55Z,13659,g95e5,1.729
2026-10-09T13:55Z,13662,g95e5,1.698
2026-10-09T13:55Z,13662,g95e5p,1.698
2026-10-09T13:55Z,13674,gA,1.909
2026-10-09T13:55Z,13674,gP,1.949
2026-10-09T13:55Z,13674,g98e5,2.009
2026-10-09T13:55Z,13736,gA,1.980
2026-10-09T13:55Z,13736,gP,2.060
2026-10-09T13:55Z,13747,gA,1.965
2026-10-09T13:55Z,13774,gA,1.749
2026-10-09T13:55Z,13780,g95e5,1.777
2026-10-09T13:55Z,13780,gA,1.877
2026-10-09T13:55Z,13786,g95e5,1.760
2026-10-09T13:55Z,13791,g95e5,1.699
2026-10-09T13:55Z,13793,g95e5,1.697
2026-10-09T13:55Z,13793,gA,1.669
2026-10-09T13:55Z,13797,gA,1.768
2026-10-09T13:55Z,13803,g95e5,1.779
2026-10-09T13:55Z,13803,gA,1.839
2026-10-09T13:55Z,13823,gA,1.739
2026-10-09T13:55Z,13831,gA,1.918
2026-10-09T13:55Z,13835,g95e5,1.719
2026-10-09T13:55Z,13835,gA,1.759
2026-10-09T13:55Z,13836,g95e5,1.459
2026-10-09T13:55Z,13836,gA,1.629
2026-10-09T13:55Z,13836,g95e5p,1.489
2026-10-09T13:55Z,13846,gA,1.849
2026-10-09T13:55Z,13854,g95e5,1.619
2026-10-09T13:55Z,13854,gA,1.759
2026-10-09T13:55Z,13855,g95e5,1.679
2026-10-09T13:55Z,13855,gA,1.769
2026-10-09T13:55Z,13855,gB,1.669
2026-10-09T13:55Z,13866,g95e5,1.699
2026-10-09T13:55Z,13875,g95e5,1.609
2026-10-09T13:55Z,13875,gA,1.749
2026-10-09T13:55Z,13881,gA,1.849
2026-10-09T13:55Z,13890,g95e5,1.659
2026-10-09T13:55Z,13890,gA,1.839
2026-10-09T13:55Z,13905,gA,1.869
2026-10-09T13:55Z,13929,g95e5,1.759
2026-10-09T13:55Z,13931,gA,1.969
2026-10-09T13:55Z,13933,gA,1.729
2026-10-09T13:55Z,13965,g95e5,1.679
2026-10-09T13:55Z,13965,gA,1.829
2026-10-09T13:55Z,13968,g95e5,1.724
2026-10-09T13:55Z,13968,gA,1.899
2026-10-09T13:55Z,13969,gA,1.849
2026-10-09T13:55Z,13969,gP,1.919
2026-10-09T13:55Z,13975,g95e5,1.787
2026-10-09T13:55Z,13975,gA,1.837
2026-10-09T13:55Z,13976,g95e5,1.746
2026-10-09T13:55Z,13984,g95e5,1.689
2026-10-09T13:55Z,13984,gA,1.799
2026-10-09T13:55Z,13985,gA,1.955
2026-10-09T13:55Z,14010,g95e5,1.669
2026-10-09T13:55Z,14015,g95e5,1.697
2026-10-09T13:55Z,14015,gA,1.737
2026-10-09T13:55Z,14016,gA,1.759
2026-10-09T13:55Z,14025,g95e5,1.719
2026-10-09T13:55Z,14025,gA,1.749
2026-10-09T13:55Z,14025,gP,1.799
2026-10-09T13:55Z,14045,g95e5,1.769
2026-10-09T13:55Z,14045,gA,1.829
2026-10-09T13:55Z,14047,g95e5,1.779
2026-10-09T13:55Z,14055,gA,1.899
2026-10-09T13:55Z,14055,gP,1.999
2026-10-09T13:55Z,14055,g98e5,1.929
2026-10-09T13:55Z,14059,g95e5,1.699
2026-10-09T13:55Z,14059,gA,1.759
2026-10-09T13:55Z,14059,gP,1.799
2026-10-09T13:55Z,14094,gA,1.819
2026-10-09T13:55Z,14098,g95e5,1.819
2026-10-09T13:55Z,14098,gA,1.949
2026-10-09T13:55Z,14098,gP,2.039
2026-10-09T13:55Z,14098,g98e5,1.869
2026-10-09T13:55Z,14100,g95e5,1.839
2026-10-09T13:55Z,14100,gA,1.939
2026-10-09T13:55Z,14108,g95e5,1.819
2026-10-09T13:55Z,14121,g95e5,1.787
2026-10-09T13:55Z,14121,gA,1.796
2026-10-09T13:55Z,14123,g95e5,1.843
2026-10-09T13:55Z,14123,gA,1.950
2026-10-09T13:55Z,14123,gP,2.049
2026-10-09T13:55Z,14140,g95e5,1.875
2026-10-09T13:55Z,14140,gA,2.015
2026-10-09T13:55Z,14143,g95e5,1.705
2026-10-09T13:55Z,14143,gA,1.725
2026-10-09T13:55Z,14143,gP,1.755
2026-10-09T13:55Z,14154,g95e5,1.858
2026-10-09T13:55Z,14159,g95e5,1.780
2026-10-09T13:55Z,14181,g95e5,1.667
2026-10-09T13:55Z,14181,gA,1.837
2026-10-09T13:55Z,14187,gA,1.935
2026-10-09T13:55Z,14187,gP,2.010
2026-10-09T13:55Z,14212,g95e5,1.719
2026-10-09T13:55Z,14212,gA,1.819
2026-10-09T13:55Z,14212,gB,1.529
2026-10-09T13:55Z,14213,gA,1.819
2026-10-09T13:55Z,14218,gA,1.909
2026-10-09T13:55Z,14218,gP,1.939
2026-10-09T13:55Z,14222,g95e5,1.745
2026-10-09T13:55Z,14224,g95e5,1.699
2026-10-09T13:55Z,14231,g95e5,1.709
2026-10-09T13:55Z,14231,gA,1.789
2026-10-09T13:55Z,14236,g95e5,1.789
2026-10-09T13:55Z,14236,gA,1.879
2026-10-09T13:55Z,14239,g95e5,1.728
2026-10-09T13:55Z,14239,gA,1.776
2026-10-09T13:55Z,14251,g95e5,1.749
2026-10-09T13:55Z,14251,gA,1.799
2026-10-09T13:55Z,14256,gA,1.809
2026-10-09T13:55Z,14266,g95e5,1.689
2026-10-09T13:55Z,14270,g95e5,1.849
2026-10-09T13:55Z,14270,gA,1.979
2026-10-09T13:55Z,14270,gP,2.069
2026-10-09T13:55Z,14270,g95e5p,1.899
2026-10-09T13:55Z,14271,g95e5,1.699
2026-10-09T13:55Z,14271,gA,1.789
2026-10-09T13:55Z,14283,g95e5,1.875
2026-10-09T13:55Z,14283,gA,1.969
2026-10-09T13:55Z,14294,g95e5,1.699
2026-10-09T13:55Z,14294,gA,1.809
2026-10-09T13:55Z,14298,g95e5,1.670
2026-10-09T13:55Z,14298,gP,1.754
2026-10-09T13:55Z,14298,gB,1.570
2026-10-09T13:55Z,14312,g95e5,1.609
2026-10-09T13:55Z,14312,gA,1.749
2026-10-09T13:55Z,14315,g95e5,1.769
2026-10-09T13:55Z,14315,gA,1.919
2026-10-09T13:55Z,14315,gP,1.969
2026-10-09T13:55Z,14315,g95e5p,1.819
2026-10-09T13:55Z,14325,g95e5,1.695
2026-10-09T13:55Z,14325,gA,1.762
2026-10-09T13:55Z,14343,g95e5,1.699
2026-10-09T13:55Z,14345,g95e5,1.697
2026-10-09T13:55Z,14345,gA,1.797
2026-10-09T13:55Z,14350,g95e5,1.739
2026-10-09T13:55Z,14359,g95e5,1.769
2026-10-09T13:55Z,14359,gA,1.849
2026-10-09T13:55Z,14359,gP,1.899
2026-10-09T13:55Z,14364,gA,1.799
2026-10-09T13:55Z,14367,g95e5,1.825
2026-10-09T13:55Z,14367,gA,1.945
2026-10-09T13:55Z,14382,g95e5,1.779
2026-10-09T13:55Z,14382,gA,1.889
2026-10-09T13:55Z,14382,gB,1.699
2026-10-09T13:55Z,14388,g95e5,1.705
2026-10-09T13:55Z,14388,gA,1.725
2026-10-09T13:55Z,14390,gA,1.955
2026-10-09T13:55Z,14393,gA,1.619
2026-10-09T13:55Z,14393,gP,1.719
2026-10-09T13:55Z,14402,gA,1.749
2026-10-09T13:55Z,14408,gA,1.809
2026-10-09T13:55Z,14414,gA,1.819
2026-10-09T13:55Z,14414,gP,1.899
2026-10-09T13:55Z,14418,gA,1.879
2026-10-09T13:55Z,14436,g95e5,1.829
2026-10-09T13:55Z,14436,gA,1.929
2026-10-09T13:55Z,14436,gP,1.969
2026-10-09T13:55Z,14436,g98e5,1.929
2026-10-09T13:55Z,14444,gA,1.876
2026-10-09T13:55Z,14444,gP,1.989
2026-10-09T13:55Z,14449,g95e5,1.699
2026-10-09T13:55Z,14449,gA,1.809
2026-10-09T13:55Z,14450,g95e5,1.689
2026-10-09T13:55Z,14455,gA,1.947
2026-10-09T13:55Z,14455,gP,2.062
2026-10-09T13:55Z,14468,g95e5,1.829
2026-10-09T13:55Z,14469,g95e5,1.659
2026-10-09T13:55Z,14469,gA,1.759
2026-10-09T13:55Z,14477,g95e5,1.777
2026-10-09T13:55Z,14477,gA,1.797
2026-10-09T13:55Z,14480,g95e5,1.779
2026-10-09T13:55Z,14480,g98e5,1.889
2026-10-09T13:55Z,14486,g95e5,1.619
2026-10-09T13:55Z,14486,gA,1.707
2026-10-09T13:55Z,14490,gA,1.733
2026-10-09T13:55Z,14498,g95e5,1.695
2026-10-09T13:55Z,14505,g95e5,1.619
2026-10-09T13:55Z,14505,gA,1.759
2026-10-09T13:55Z,14506,g95e5,1.709
2026-10-09T13:55Z,14507,g95e5,1.749
2026-10-09T13:55Z,14515,g95e5,1.759
2026-10-09T13:55Z,14516,gP,2.059
2026-10-09T13:55Z,14517,g95e5,1.809
2026-10-09T13:55Z,14517,gA,1.839
2026-10-09T13:55Z,14520,gA,1.789
2026-10-09T13:55Z,14522,g95e5,1.754
2026-10-09T13:55Z,14522,gA,1.834
2026-10-09T13:55Z,14522,gP,1.884
2026-10-09T13:55Z,14523,g95e5,1.659
2026-10-09T13:55Z,14523,gA,1.779
2026-10-09T13:55Z,14553,g95e5,1.766
2026-10-09T13:55Z,14553,gA,1.766
2026-10-09T13:55Z,14553,gP,1.786
2026-10-09T13:55Z,14567,g95e5,1.839
2026-10-09T13:55Z,14567,g98e5,2.009
2026-10-09T13:55Z,14576,g95e5,1.766
2026-10-09T13:55Z,14576,gA,1.777
2026-10-09T13:55Z,14581,g95e5,1.619
2026-10-09T13:55Z,14587,g95e5,1.725
2026-10-09T13:55Z,14593,g95e5,1.759
2026-10-09T13:55Z,14593,gA,1.839
2026-10-09T13:55Z,14607,g95e5,1.619
2026-10-09T13:55Z,14607,gA,1.759
2026-10-09T13:55Z,14608,g95e5,1.639
2026-10-09T13:55Z,14608,gA,1.729
2026-10-09T13:55Z,14611,g95e5,1.689
2026-10-09T13:55Z,14622,gA,1.799
2026-10-09T13:55Z,14633,gP,1.849
2026-10-09T13:55Z,14634,g95e5,1.709
2026-10-09T13:55Z,14636,gP,1.879
2026-10-09T13:55Z,14641,g95e5,1.809
2026-10-09T13:55Z,14641,gA,1.879
2026-10-09T13:55Z,14641,gB,1.589
2026-10-09T13:55Z,14643,g95e5,1.749
2026-10-09T13:55Z,14644,g95e5,1.788
2026-10-09T13:55Z,14644,gA,1.889
2026-10-09T13:55Z,14652,g95e5,1.869
2026-10-09T13:55Z,14652,gA,1.949
2026-10-09T13:55Z,14652,gP,2.049
2026-10-09T13:55Z,14652,gB,1.799
2026-10-09T13:55Z,14664,g95e5,1.829
2026-10-09T13:55Z,14664,gA,1.939
2026-10-09T13:55Z,14664,gP,1.979
2026-10-09T13:55Z,14664,g98e5,1.999
2026-10-09T13:55Z,14667,g95e5,1.689
2026-10-09T13:55Z,14667,gA,1.799
2026-10-09T13:55Z,14667,gP,1.879
2026-10-09T13:55Z,14667,g98e5,1.829
2026-10-09T13:55Z,14669,g95e5,1.699
2026-10-09T13:55Z,14673,g95e5,1.779
2026-10-09T13:55Z,14673,gA,1.799
2026-10-09T13:55Z,14673,g98e5,1.959
2026-10-09T13:55Z,14675,g95e5,1.859
2026-10-09T13:55Z,14675,gA,1.959
2026-10-09T13:55Z,14675,gP,1.999
2026-10-09T13:55Z,14675,g98e5,1.989
2026-10-09T13:55Z,14678,g95e5,1.619
2026-10-09T13:55Z,14681,g95e5,1.818
2026-10-09T13:55Z,14681,gA,1.934
2026-10-09T13:55Z,14681,gP,2.035
2026-10-09T13:55Z,14685,g95e5,1.739
2026-10-09T13:55Z,14685,gA,1.839
2026-10-09T13:55Z,14690,g95e5,1.839
2026-10-09T13:55Z,14690,gA,1.979
2026-10-09T13:55Z,14690,g98e5,1.959
2026-10-09T13:55Z,14692,g95e5,1.509
2026-10-09T13:55Z,14692,gA,1.669
2026-10-09T13:55Z,14692,gP,1.719
2026-10-09T13:55Z,14692,g98e5,1.649
2026-10-09T13:55Z,14693,g95e5,1.699
2026-10-09T13:55Z,14693,gA,1.739
2026-10-09T13:55Z,14697,g95e5,1.869
2026-10-09T13:55Z,14697,gA,1.929
2026-10-09T13:55Z,14709,g95e5,1.689
2026-10-09T13:55Z,14709,gA,1.749
2026-10-09T13:55Z,14719,g95e5,1.749
2026-10-09T13:55Z,14719,gA,1.829
2026-10-09T13:55Z,14722,g95e5,1.459
2026-10-09T13:55Z,14722,gA,1.619
2026-10-09T13:55Z,14722,g98e5,1.579
2026-10-09T13:55Z,14735,g95e5,1.699
2026-10-09T13:55Z,14737,g95e5,1.699
2026-10-09T13:55Z,14737,gA,1.749
2026-10-09T13:55Z,14737,gP,1.779
2026-10-09T13:55Z,14746,gA,1.959
2026-10-09T13:55Z,14746,gP,2.049
2026-10-09T13:55Z,14754,gA,1.819
2026-10-09T13:55Z,14758,g95e5,1.569
2026-10-09T13:55Z,14758,gA,1.659
2026-10-09T13:55Z,14758,gP,1.669
2026-10-09T13:55Z,14761,g95e5,1.799
2026-10-09T13:55Z,14761,gA,1.899
2026-10-09T13:55Z,14763,g95e5,1.747
2026-10-09T13:55Z,14763,gA,1.766
2026-10-09T13:55Z,14765,g95e5,1.729
2026-10-09T13:55Z,14769,g98e5,1.549
2026-10-09T13:55Z,14770,g95e5,1.729
2026-10-09T13:55Z,14770,gA,1.819
2026-10-09T13:55Z,14774,g95e5,1.748
2026-10-09T13:55Z,14774,gA,1.858
2026-10-09T13:55Z,14774,gP,1.858
2026-10-09T13:55Z,14774,g95e5p,1.748
2026-10-09T13:55Z,14804,gA,1.819
2026-10-09T13:55Z,14809,g95e5,1.749
2026-10-09T13:55Z,14810,g95e5,1.697
2026-10-09T13:55Z,14810,gA,1.687
2026-10-09T13:55Z,14812,gA,1.919
2026-10-09T13:55Z,14813,gA,1.981
2026-10-09T13:55Z,14816,g95e5,1.747
2026-10-09T13:55Z,14816,gA,1.797
2026-10-09T13:55Z,14826,gA,1.849
2026-10-09T13:55Z,14826,gP,1.849
2026-10-09T13:55Z,14826,g95e5p,1.749
2026-10-09T13:55Z,14831,g95e5,1.799
2026-10-09T13:55Z,14831,gA,1.839
2026-10-09T13:55Z,14840,g95e5,1.699
2026-10-09T13:55Z,14840,gA,1.859
2026-10-09T13:55Z,14843,gP,1.859
2026-10-09T13:55Z,14846,gA,1.839
2026-10-09T13:55Z,14868,gnc,1.925
2026-10-09T13:55Z,14872,g95e5,1.659
2026-10-09T13:55Z,14872,gA,1.789
2026-10-09T13:55Z,14878,gA,1.839
2026-10-09T13:55Z,14878,gP,1.889
2026-10-09T13:55Z,14882,gA,1.899
2026-10-09T13:55Z,14886,g95e5,1.759
2026-10-09T13:55Z,14901,gA,1.900
2026-10-09T13:55Z,14901,gP,2.020
2026-10-09T13:55Z,14909,gA,1.829
2026-10-09T13:55Z,14909,gP,1.889
2026-10-09T13:55Z,14909,g95e10,1.679
2026-10-09T13:55Z,14909,g98e10,1.909
2026-10-09T13:55Z,14910,g95e5,1.849
2026-10-09T13:55Z,14910,gA,1.909
2026-10-09T13:55Z,14910,gP,1.949
2026-10-09T13:55Z,14910,g98e5,2.009
2026-10-09T13:55Z,14914,g95e5,1.709
2026-10-09T13:55Z,14919,gA,1.869
2026-10-09T13:55Z,14920,g95e5,1.749
2026-10-09T13:55Z,14921,gA,1.849
2026-10-09T13:55Z,14923,g95e5,1.854
2026-10-09T13:55Z,14923,gA,1.974
2026-10-09T13:55Z,14923,gP,2.024
2026-10-09T13:55Z,14923,g95e5p,1.904
2026-10-09T13:55Z,14932,gP,1.809
2026-10-09T13:55Z,14936,g95e5,1.838
2026-10-09T13:55Z,14936,g95e5p,1.878
2026-10-09T13:55Z,14938,gA,1.769
2026-10-09T13:55Z,14952,gA,1.959
2026-10-09T13:55Z,14952,gP,2.029
2026-10-09T13:55Z,14953,gA,1.729
2026-10-09T13:55Z,14966,gA,1.783
2026-10-09T13:55Z,14970,gA,1.769
2026-10-09T13:55Z,14977,g95e5,1.569
2026-10-09T13:55Z,14977,gA,1.659
2026-10-09T13:55Z,14977,gP,1.669
2026-10-09T13:55Z,14978,g95e5,1.858
2026-10-09T13:55Z,14980,gA,1.919
2026-10-09T13:55Z,14981,gA,1.889
2026-10-09T13:55Z,14981,gB,1.649
2026-10-09T13:55Z,14983,g95e5,1.779
2026-10-09T13:55Z,14988,g95e5,1.779
2026-10-09T13:55Z,14988,gA,1.839
2026-10-09T13:55Z,15007,gP,1.699
2026-10-09T13:55Z,15009,g95e5,1.848
2026-10-09T13:55Z,15009,g95e5p,1.918
2026-10-09T13:55Z,15013,gP,1.819
2026-10-09T13:55Z,15017,g95e5,1.689
2026-10-09T13:55Z,15017,gA,1.769
2026-10-09T13:55Z,15017,gP,1.819
2026-10-09T13:55Z,15017,g98e5,1.919
2026-10-09T13:55Z,15035,g95e5,1.779
2026-10-09T13:55Z,15035,gA,1.839
2026-10-09T13:55Z,15039,g95e5,1.769
2026-10-09T13:55Z,15039,gA,1.829
2026-10-09T13:55Z,15041,gA,1.819
2026-10-09T13:55Z,15059,gA,1.829
2026-10-09T13:55Z,15062,g95e5,1.888
2026-10-09T13:55Z,15062,gA,1.999
2026-10-09T13:55Z,15064,g95e5,1.639
2026-10-09T13:55Z,15064,gA,1.729
2026-10-09T13:55Z,15066,g95e5,1.729
2026-10-09T13:55Z,15069,gA,1.789
2026-10-09T13:55Z,15070,gA,1.809
2026-10-09T13:55Z,15075,gA,1.859
2026-10-09T13:55Z,15078,g95e5,1.729
2026-10-09T13:55Z,15078,gA,1.849
2026-10-09T13:55Z,15087,g95e5,1.829
2026-10-09T13:55Z,15087,gA,1.909
2026-10-09T13:55Z,15087,gP,1.959
2026-10-09T13:55Z,15087,g98e5,1.984
2026-10-09T13:55Z,15088,g95e5,1.799
2026-10-09T13:55Z,15088,gA,1.909
2026-10-09T13:55Z,15088,gP,1.989
2026-10-09T13:55Z,15088,g98e5,1.939
2026-10-09T13:55Z,15092,g95e5,1.728
2026-10-09T13:55Z,15092,gA,1.839
2026-10-09T13:55Z,15104,gA,1.958
2026-10-09T13:55Z,15109,g95e5,1.699
2026-10-09T13:55Z,15109,gA,1.767
2026-10-09T13:55Z,15121,g95e5,1.729
2026-10-09T13:55Z,15121,gA,1.779
2026-10-09T13:55Z,15121,gP,1.779
2026-10-09T13:55Z,15121,g95e5p,1.729
2026-10-09T13:55Z,15124,g95e5,1.699
2026-10-09T13:55Z,15124,gA,1.799
2026-10-09T13:55Z,15128,g95e5,1.627
2026-10-09T13:55Z,15145,gA,1.849
2026-10-09T13:55Z,15152,g95e5,1.659
2026-10-09T13:55Z,15152,gA,1.789
2026-10-09T13:55Z,15158,gA,1.977
2026-10-09T13:55Z,15165,gA,1.889
2026-10-09T13:55Z,15165,gP,1.990
2026-10-09T13:55Z,15168,gA,1.815
2026-10-09T13:55Z,15169,gA,1.869
2026-10-09T13:55Z,15170,gA,1.819
2026-10-09T13:55Z,15171,g95e5,1.868
2026-10-09T13:55Z,15174,gA,1.919
2026-10-09T13:55Z,15175,gA,1.799
2026-10-09T13:55Z,15181,g95e5,1.769
2026-10-09T13:55Z,15181,gA,1.759
2026-10-09T13:55Z,15207,gA,1.669
2026-10-09T13:55Z,15222,g95e5,1.699
2026-10-09T13:55Z,15235,glp,1.099
2026-10-09T13:55Z,15252,g95e5,1.739
2026-10-09T13:55Z,15252,gA,1.839
2026-10-09T13:55Z,15263,g95e5,1.730
2026-10-09T13:55Z,15267,g95e5,1.665
2026-10-09T13:55Z,15267,gA,1.759
2026-10-09T13:55Z,15268,gA,1.799
2026-10-09T13:55Z,15268,gP,1.869
2026-10-09T13:55Z,15272,g95e5,1.692
2026-10-09T13:55Z,15272,gA,1.751
2026-10-09T13:55Z,15274,g95e5,1.749
2026-10-09T13:55Z,15274,gA,1.879
2026-10-09T13:55Z,15279,gA,1.869
2026-10-09T13:55Z,15281,g95e5,1.729
2026-10-09T13:55Z,15281,gA,1.799
2026-10-09T13:55Z,15281,gB,1.539
2026-10-09T13:55Z,15355,gA,2.259
2026-10-09T13:55Z,15355,gB,2.199
2026-10-09T13:55Z,15356,g95e5,1.699
2026-10-09T13:55Z,15378,gA,1.989
2026-10-09T13:55Z,15379,gA,1.806
2026-10-09T13:55Z,15385,g95e5,1.839
2026-10-09T13:55Z,15385,gA,1.949
2026-10-09T13:55Z,15391,g95e5,1.677
2026-10-09T13:55Z,15394,g95e5,1.715
2026-10-09T13:55Z,15394,gA,1.915
2026-10-09T13:55Z,15399,g95e5,1.719
2026-10-09T13:55Z,15399,g98e5,1.949
2026-10-09T13:55Z,15422,gB,1.789
2026-10-09T13:55Z,15428,gA,1.935
2026-10-09T13:55Z,15440,g95e5,1.698
2026-10-09T13:55Z,15451,g95e5,1.838
2026-10-09T13:55Z,15451,gA,1.858
2026-10-09T13:55Z,15451,gP,1.958
2026-10-09T13:55Z,15465,g95e5,1.799
2026-10-09T13:55Z,15465,gA,1.799
2026-10-09T13:55Z,15485,g95e5,1.619
2026-10-09T13:55Z,15485,gA,1.789
2026-10-09T13:55Z,15485,gP,1.809
2026-10-09T13:55Z,15490,gP,1.829
2026-10-09T13:55Z,15518,g95e5,1.769
2026-10-09T13:55Z,15532,gP,1.829
2026-10-09T13:55Z,15539,g95e5,1.739
2026-10-09T13:55Z,15539,gA,1.889
2026-10-09T13:55Z,15544,gA,1.857
2026-10-09T13:55Z,15549,gA,2.000
2026-10-09T13:55Z,15549,gP,2.060
2026-10-09T13:55Z,15574,gA,1.825
2026-10-09T13:55Z,15578,g95e5,1.878
2026-10-09T13:55Z,15578,g95e5p,1.918
2026-10-09T13:55Z,15579,g95e5,1.749
2026-10-09T13:55Z,15579,gA,1.824
2026-10-09T13:55Z,15579,gP,1.904
2026-10-09T13:55Z,15579,g98e5,1.889
2026-10-09T13:55Z,15588,gP,1.809
2026-10-09T13:55Z,15589,gP,1.759
2026-10-09T13:55Z,15598,g95e5,1.731
2026-10-09T13:55Z,15598,gA,1.831
2026-10-09T13:55Z,15598,gP,1.851
2026-10-09T13:55Z,15603,g95e5,1.690
2026-10-09T13:55Z,15603,gA,1.790
2026-10-09T13:55Z,15604,gA,1.819
2026-10-09T13:55Z,15623,g95e5,1.725
2026-10-09T13:55Z,15623,gA,1.835
2026-10-09T13:55Z,15625,gA,1.845
2026-10-09T13:55Z,15628,gP,1.759
2026-10-09T13:55Z,15647,gA,1.809
2026-10-09T13:55Z,15650,gA,1.809
2026-10-09T13:55Z,15658,g95e5,1.853
2026-10-09T13:55Z,15671,g95e5,1.639
2026-10-09T13:55Z,15671,gA,1.769
2026-10-09T13:55Z,15688,g95e5,1.699
2026-10-09T13:55Z,15688,gA,1.757
2026-10-09T13:55Z,15696,gA,1.819
2026-10-09T13:55Z,15698,gA,1.819
2026-10-09T13:55Z,15699,g95e5,1.679
2026-10-09T13:55Z,15699,gA,1.799
2026-10-09T13:55Z,15699,gP,1.819
2026-10-09T13:55Z,15700,g95e5,1.677
2026-10-09T13:55Z,15709,g95e5,1.809
2026-10-09T13:55Z,15709,gA,1.849
2026-10-09T13:55Z,15710,g95e5,1.659
2026-10-09T13:55Z,15710,gA,1.759
2026-10-09T13:55Z,15710,gP,1.769
2026-10-09T13:55Z,15718,g95e5,1.729
2026-10-09T13:55Z,15718,gA,1.799
2026-10-09T13:55Z,15718,gP,1.839
2026-10-09T13:55Z,15728,g95e5,1.699
2026-10-09T13:55Z,15728,gA,1.829
2026-10-09T13:55Z,15739,g98e5,1.894
2026-10-09T13:55Z,15745,gA,1.789
2026-10-09T13:55Z,15753,gA,1.849
2026-10-09T13:55Z,15753,gP,1.949
2026-10-09T13:55Z,15754,g95e5,1.719
2026-10-09T13:55Z,15756,g95e5,1.599
2026-10-09T13:55Z,15757,gP,1.849
2026-10-09T13:55Z,15758,g95e5,1.689
2026-10-09T13:55Z,15758,gA,1.799
2026-10-09T13:55Z,15758,gP,1.819
2026-10-09T13:55Z,15759,g95e5,1.737
2026-10-09T13:55Z,15759,gA,1.845
2026-10-09T13:55Z,15764,g95e5,1.679
2026-10-09T13:55Z,15764,g95e5p,1.729
2026-10-09T13:55Z,15769,g95e5,1.848
2026-10-09T13:55Z,15769,g95e5p,1.898
2026-10-09T13:55Z,15770,gP,1.859
2026-10-09T13:55Z,15772,g95e5,1.659
2026-10-09T13:55Z,15772,gA,1.839
2026-10-09T13:55Z,15777,g95e5,1.739
2026-10-09T13:55Z,15789,g95e5,1.639
2026-10-09T13:55Z,15789,gA,1.769
2026-10-09T13:55Z,15789,gP,1.789
2026-10-09T13:55Z,15792,gP,1.779
2026-10-09T13:55Z,15793,gP,1.869
2026-10-09T13:55Z,15794,gB,1.789
2026-10-09T13:55Z,15806,g95e5,1.868
2026-10-09T13:55Z,15806,gA,1.985
2026-10-09T13:55Z,15806,gP,2.120
2026-10-09T13:55Z,15806,g95e5p,1.938
2026-10-09T13:55Z,15809,g95e5,1.689
2026-10-09T13:55Z,15809,gA,1.889
2026-10-09T13:55Z,15812,g95e5,1.674
2026-10-09T13:55Z,15812,gA,1.824
2026-10-09T13:55Z,15817,gA,1.809
2026-10-09T13:55Z,15820,gP,1.809
2026-10-09T13:55Z,15823,g95e5,1.419
2026-10-09T13:55Z,15823,gA,1.579
2026-10-09T13:55Z,15823,gP,1.679
2026-10-09T13:55Z,15823,g98e5,1.519
2026-10-09T13:55Z,15836,g95e5,1.743
2026-10-09T13:55Z,15836,gA,1.843
2026-10-09T13:55Z,15836,gP,1.903
2026-10-09T13:55Z,15836,g98e5,1.903
2026-10-09T13:55Z,15837,gP,1.809
2026-10-09T13:55Z,15842,g95e5,1.409
2026-10-09T13:55Z,15842,gA,1.569
2026-10-09T13:55Z,15843,g95e5,1.609
2026-10-09T13:55Z,15843,gA,1.709
2026-10-09T13:55Z,15862,g95e5,1.669
2026-10-09T13:55Z,15863,gP,1.849
2026-10-09T13:55Z,15882,g95e5,1.710
2026-10-09T13:55Z,15882,gA,1.830
2026-10-09T13:55Z,15883,g95e5,1.659
2026-10-09T13:55Z,15883,gA,1.718
2026-10-09T13:55Z,15888,g95e5,1.669
2026-10-09T13:55Z,15888,gA,1.749
2026-10-09T13:55Z,15913,g95e5,1.449
2026-10-09T13:55Z,15913,gA,1.589
2026-10-09T13:55Z,15918,gP,1.849
2026-10-09T13:55Z,15919,g95e5,1.759
2026-10-09T13:55Z,15925,gA,1.859
2026-10-09T13:55Z,15926,g95e5,1.699
2026-10-09T13:55Z,15926,gA,1.799
2026-10-09T13:55Z,15934,g95e5,1.709
2026-10-09T13:55Z,15934,gA,1.819
2026-10-09T13:55Z,15949,gP,1.849
2026-10-09T13:55Z,15950,gP,1.839
2026-10-09T13:55Z,15959,g95e5,1.689
2026-10-09T13:55Z,15959,gA,1.789
2026-10-09T13:55Z,15963,g95e5,1.699
2026-10-09T13:55Z,15963,gA,1.799
2026-10-09T13:55Z,15966,g95e5,1.689
2026-10-09T13:55Z,15966,gA,1.799
2026-10-09T13:55Z,15969,g95e5,1.715
2026-10-09T13:55Z,15969,gA,1.735
2026-10-09T13:55Z,15981,gA,1.889
2026-10-09T13:55Z,15986,g95e5,1.739
2026-10-09T13:55Z,16008,g95e5,1.742
2026-10-09T13:55Z,16009,g95e5,1.569
2026-10-09T13:55Z,16009,gA,1.659
2026-10-09T13:55Z,16009,gP,1.669
2026-10-09T13:55Z,16014,gA,1.749
2026-10-09T13:55Z,16018,g95e5,1.707
2026-10-09T13:55Z,16020,g95e5,1.699
2026-10-09T13:55Z,16020,gA,1.799
2026-10-09T13:55Z,16022,g95e5,1.739
2026-10-09T13:55Z,16022,gP,1.797
2026-10-09T13:55Z,16023,gA,1.709
2026-10-09T13:55Z,16024,gP,1.889
2026-10-09T13:55Z,16039,g95e5,1.760
2026-10-09T13:55Z,16058,g95e5,1.707
2026-10-09T13:55Z,16058,gA,1.829
2026-10-09T13:55Z,16060,gA,1.798
2026-10-09T13:55Z,16072,gA,1.965
2026-10-09T13:55Z,16074,g95e5,1.869
2026-10-09T13:55Z,16074,gA,1.989
2026-10-09T13:55Z,16074,gP,2.079
2026-10-09T13:55Z,16074,g95e5p,1.939
2026-10-09T13:55Z,16080,g95e5,1.619
2026-10-09T13:55Z,16080,gP,1.829
2026-10-09T13:55Z,16085,g95e5,1.639
2026-10-09T13:55Z,16085,gA,1.729
2026-10-09T13:55Z,16089,g95e5,1.677
2026-10-09T13:55Z,16097,g95e5,1.789
2026-10-09T13:55Z,16097,gA,1.874
2026-10-09T13:55Z,16104,gP,1.879
2026-10-09T13:55Z,16115,gA,1.909
2026-10-09T13:55Z,16117,g95e5,1.659
2026-10-09T13:55Z,16117,g95e5p,1.669
2026-10-09T13:55Z,16119,gP,1.779
2026-10-09T13:55Z,16128,gP,1.769
2026-10-09T13:55Z,16129,gP,1.799
2026-10-09T13:55Z,16135,g95e5,1.699
2026-10-09T13:55Z,16135,gA,1.775
2026-10-09T13:55Z,16140,g95e5,1.699
2026-10-09T13:55Z,16140,gA,1.767
2026-10-09T13:55Z,16145,g95e5,1.725
2026-10-09T13:55Z,16149,g95e5,1.659
2026-10-09T13:55Z,16149,gA,1.779
2026-10-09T13:55Z,16149,g98e5,1.739
2026-10-09T13:55Z,16154,gP,1.779
2026-10-09T13:55Z,16157,g95e5,1.743
2026-10-09T13:55Z,16157,gA,1.843
2026-10-09T13:55Z,16157,gP,1.903
2026-10-09T13:55Z,16157,g98e5,1.903
2026-10-09T13:55Z,16159,gA,1.859
2026-10-09T13:55Z,16162,g95e5,1.844
2026-10-09T13:55Z,16162,gA,1.939
2026-10-09T13:55Z,16162,gB,1.899
2026-10-09T13:55Z,16168,g95e5,1.722
2026-10-09T13:55Z,16168,gA,1.762
2026-10-09T13:55Z,16170,gP,1.848
2026-10-09T13:55Z,16175,gP,1.829
2026-10-09T13:55Z,16186,g95e5,1.695
2026-10-09T13:55Z,16187,gA,1.889
2026-10-09T13:55Z,16191,gP,1.769
2026-10-09T13:55Z,16193,g95e5,1.707
2026-10-09T13:55Z,16198,g95e5,1.705
2026-10-09T13:55Z,16198,gA,1.725
2026-10-09T13:55Z,16200,gA,1.749
2026-10-09T13:55Z,16229,gP,1.809
2026-10-09T13:55Z,16234,g95e5,1.719
2026-10-09T13:55Z,16234,gA,1.799
2026-10-09T13:55Z,16243,g95e5,1.848
2026-10-09T13:55Z,16243,gA,1.974
2026-10-09T13:55Z,16243,gP,2.060
2026-10-09T13:55Z,16249,g95e5,1.739
2026-10-09T13:55Z,16252,g95e5,1.799
2026-10-09T13:55Z,16252,gA,1.939
2026-10-09T13:55Z,16261,gP,1.849
2026-10-09T13:55Z,16264,g95e5,1.629
2026-10-09T13:55Z,16288,g95e5,1.775
2026-10-09T13:55Z,16288,gA,1.888
2026-10-09T13:55Z,16288,gB,1.789
2026-10-09T13:55Z,16297,gA,1.878
2026-10-09T13:55Z,16299,g95e5,1.742
2026-10-09T13:55Z,16299,gA,1.805
2026-10-09T13:55Z,16299,gB,1.566
2026-10-09T13:55Z,16300,gA,1.749
2026-10-09T13:55Z,16300,gP,1.799
2026-10-09T13:55Z,16306,gP,1.849
2026-10-09T13:55Z,16312,gP,1.879
2026-10-09T13:55Z,16313,g95e5,1.699
2026-10-09T13:55Z,16317,gP,1.809
2026-10-09T13:55Z,16321,g95e5,1.679
2026-10-09T13:55Z,16321,gA,1.749
2026-10-09T13:55Z,16322,gP,1.809
2026-10-09T13:55Z,16324,g95e5p,1.729
2026-10-09T13:55Z,16326,g95e5,1.722
2026-10-09T13:55Z,16326,gA,1.762
2026-10-09T13:55Z,16330,g95e5,1.709
2026-10-09T13:55Z,16340,gA,1.875
2026-10-09T13:55Z,16347,g95e5,1.657
2026-10-09T13:55Z,16347,gA,1.797
2026-10-09T13:55Z,16347,g98e5,1.857
2026-10-09T13:55Z,16352,g95e5,1.759
2026-10-09T13:55Z,16354,g95e5,1.759
2026-10-09T13:55Z,16354,gA,1.889
2026-10-09T13:55Z,16354,gP,1.929
2026-10-09T13:55Z,16354,g98e10,1.859
2026-10-09T13:55Z,16355,g95e5,1.699
2026-10-09T13:55Z,16355,gA,1.759
2026-10-09T13:55Z,16360,g95e5,1.679
2026-10-09T13:55Z,16360,gA,1.839
2026-10-09T13:55Z,16370,gA,1.859
2026-10-09T13:55Z,16376,g95e5,1.669
2026-10-09T13:55Z,16376,gA,1.769
2026-10-09T13:55Z,16377,g95e5,1.799
2026-10-09T13:55Z,16386,gA,1.709
2026-10-09T13:55Z,16412,g95e5,1.719
2026-10-09T13:55Z,16412,gP,1.897
2026-10-09T13:55Z,16421,gA,1.827
2026-10-09T13:55Z,16424,g95e5,1.779
2026-10-09T13:55Z,16424,gA,1.809
2026-10-09T13:55Z,16424,gP,1.819
2026-10-09T13:55Z,16427,g95e5,1.809
2026-10-09T13:55Z,16427,gA,1.985
2026-10-09T13:55Z,16427,g98e5,1.949
2026-10-09T13:55Z,16440,g95e5,1.599
2026-10-09T13:55Z,16440,gP,1.749
2026-10-09T13:55Z,16440,g95e5p,1.609
2026-10-09T13:55Z,16443,gP,1.849
2026-10-09T13:55Z,16447,g95e5,1.749
2026-10-09T13:55Z,16447,gA,1.819
2026-10-09T13:55Z,16447,gP,1.899
2026-10-09T13:55Z,16447,g98e5,1.889
2026-10-09T13:55Z,16450,g95e5,1.725
2026-10-09T13:55Z,16450,gA,1.835
2026-10-09T13:55Z,16457,gP,1.809
2026-10-09T13:55Z,16459,gP,1.809
2026-10-09T13:55Z,16463,g95e5,1.709
2026-10-09T13:55Z,16463,gA,1.759
2026-10-09T13:55Z,16471,g95e5,1.769
2026-10-09T13:55Z,16477,g95e5,1.729
2026-10-09T13:55Z,16478,g95e5,1.719
2026-10-09T13:55Z,16478,g95e5p,1.729
2026-10-09T13:55Z,16488,g95e5,1.899
2026-10-09T13:55Z,16488,gA,1.859
2026-10-09T13:55Z,16488,gP,1.899
2026-10-09T13:55Z,16491,gA,1.769
2026-10-09T13:55Z,16495,gA,1.839
2026-10-09T13:55Z,16502,gP,1.689
2026-10-09T13:55Z,16516,g95e5,1.649
2026-10-09T13:55Z,16516,gA,1.699
2026-10-09T13:55Z,16520,g95e5,1.449
2026-10-09T13:55Z,16520,gA,1.589
2026-10-09T13:55Z,16538,g95e5,1.659
2026-10-09T13:55Z,16538,gA,1.699
2026-10-09T19:07Z,3,g95e5,1.865
2026-10-09T19:07Z,28,g95e5,1.864
2026-10-09T19:07Z,28,gA,2.004
2026-10-09T19:07Z,28,gP,2.054
2026-10-09T19:07Z,28,g98e5,2.004
2026-10-09T19:07Z,29,g95e5,1.789
2026-10-09T19:07Z,29,gA,1.939
2026-10-09T19:07Z,29,gP,1.989
2026-10-09T19:07Z,49,g95e5,1.865
2026-10-09T19:07Z,57,g95e5,1.849
2026-10-09T19:07Z,63,gA,2.005
2026-10-09T19:07Z,78,g95e5,1.858
2026-10-09T19:07Z,78,gA,1.995
2026-10-09T19:07Z,78,gP,2.045
2026-10-09T19:07Z,78,g95e5p,1.928
2026-10-09T19:07Z,97,gA,1.969
2026-10-09T19:07Z,100,gA,1.965
2026-10-09T19:07Z,104,g95e5,1.849
2026-10-09T19:07Z,107,g95e5,1.849
2026-10-09T19:07Z,107,gA,1.989
2026-10-09T19:07Z,134,gA,1.985
2026-10-09T19:07Z,135,g95e5,1.875
2026-10-09T19:07Z,135,gA,1.985
2026-10-09T19:07Z,138,gA,2.005
2026-10-09T19:07Z,139,g95e5,1.849
2026-10-09T19:07Z,141,gA,1.999
2026-10-09T19:07Z,143,g95e5,1.885
2026-10-09T19:07Z,178,gA,1.955
2026-10-09T19:07Z,183,g95e5,1.885
2026-10-09T19:07Z,186,gA,1.985
2026-10-09T19:07Z,188,gA,1.985
2026-10-09T19:07Z,203,g95e5,1.885
2026-10-09T19:07Z,207,gA,1.995
2026-10-09T19:07Z,208,g95e5,1.845
2026-10-09T19:07Z,227,g95e5,1.845
2026-10-09T19:07Z,242,gA,1.969
2026-10-09T19:07Z,244,g95e5,1.875
2026-10-09T19:07Z,245,g95e5,1.875
2026-10-09T19:07Z,286,g95e5,1.849
2026-10-09T19:07Z,286,gA,1.959
2026-10-09T19:07Z,340,g95e5,1.845
2026-10-09T19:07Z,385,g95e5,1.858
2026-10-09T19:07Z,385,gA,1.989
2026-10-09T19:07Z,385,gP,2.090
2026-10-09T19:07Z,385,g95e5p,1.908
2026-10-09T19:07Z,409,gB,1.729
2026-10-09T19:07Z,416,g95e5,1.885
2026-10-09T19:07Z,417,g95e5,1.885
2026-10-09T19:07Z,417,gA,1.985
2026-10-09T19:07Z,417,gP,2.065
2026-10-09T19:07Z,417,g95e5p,1.928
2026-10-09T19:07Z,425,g95e5,1.858
2026-10-09T19:07Z,425,g95e5p,1.918
2026-10-09T19:07Z,429,g95e5,1.739
2026-10-09T19:07Z,429,gA,1.849
2026-10-09T19:07Z,429,g98e5,1.859
2026-10-09T19:07Z,466,g95e5,1.879
2026-10-09T19:07Z,466,gA,1.989
2026-10-09T19:07Z,489,g95e5,1.879
2026-10-09T19:07Z,489,gA,1.989
2026-10-09T19:07Z,491,g95e5,1.879
2026-10-09T19:07Z,491,gA,1.989
2026-10-09T19:07Z,499,gA,1.919
2026-10-09T19:07Z,499,gP,2.020
2026-10-09T19:07Z,506,gA,1.919
2026-10-09T19:07Z,506,gP,2.010
2026-10-09T19:07Z,514,gA,1.959
2026-10-09T19:07Z,514,gP,2.050
2026-10-09T19:07Z,515,gA,1.959
2026-10-09T19:07Z,515,gP,2.050
2026-10-09T19:07Z,539,g95e5,1.838
2026-10-09T19:07Z,539,gA,1.975
2026-10-09T19:07Z,539,gP,2.070
2026-10-09T19:07Z,539,g95e5p,1.918
2026-10-09T19:07Z,555,g95e5,1.859
2026-10-09T19:07Z,555,gA,1.939
2026-10-09T19:07Z,575,g95e5,1.879
2026-10-09T19:07Z,575,gA,1.989
2026-10-09T19:07Z,593,g95e5,1.879
2026-10-09T19:07Z,593,gA,1.989
2026-10-09T19:07Z,606,g95e5,1.879
2026-10-09T19:07Z,606,gA,1.989
2026-10-09T19:07Z,619,g95e5,1.879
2026-10-09T19:07Z,619,gA,1.989
2026-10-09T19:07Z,640,g95e5,1.879
2026-10-09T19:07Z,640,gA,1.989
2026-10-09T19:07Z,649,g95e5,1.879
2026-10-09T19:07Z,649,gA,1.989
2026-10-09T19:07Z,681,g95e5,1.838
2026-10-09T19:07Z,686,g95e5,1.828
2026-10-09T19:07Z,686,gA,1.935
2026-10-09T19:07Z,686,gP,2.010
2026-10-09T19:07Z,687,g95e5,1.828
2026-10-09T19:07Z,687,gA,1.935
2026-10-09T19:07Z,687,gP,2.010
2026-10-09T19:07Z,720,gA,1.950
2026-10-09T19:07Z,720,gP,2.000
2026-10-09T19:07Z,813,g95e5,1.828
2026-10-09T19:07Z,813,gA,1.995
2026-10-09T19:07Z,813,gP,2.050
2026-10-09T19:07Z,824,g95e5,1.828
2026-10-09T19:07Z,834,g95e5,1.818
2026-10-09T19:07Z,847,gA,1.959
2026-10-09T19:07Z,848,g95e5,1.835
2026-10-09T19:07Z,859,g95e5,1.879
2026-10-09T19:07Z,859,gA,2.015
2026-10-09T19:07Z,859,g98e5,2.067
2026-10-09T19:07Z,900,g95e5,1.859
2026-10-09T19:07Z,962,gA,1.979
2026-10-09T19:07Z,980,gA,1.999
2026-10-09T19:07Z,997,g95e5,1.858
2026-10-09T19:07Z,997,gA,1.985
2026-10-09T19:07Z,997,gP,2.070
2026-10-09T19:07Z,1017,g95e5,1.659
2026-10-09T19:07Z,1017,gA,1.739
2026-10-09T19:07Z,1020,g95e5,1.659
2026-10-09T19:07Z,1020,gA,1.739
2026-10-09T19:07Z,1062,gA,1.979
2026-10-09T19:07Z,1062,gP,2.079
2026-10-09T19:07Z,1065,gA,1.789
2026-10-09T19:07Z,1065,gP,1.889
2026-10-09T19:07Z,1090,gA,2.005
2026-10-09T19:07Z,1094,g95e5,1.868
2026-10-09T19:07Z,1130,g95e5,1.875
2026-10-09T19:07Z,1179,g95e5,1.848
2026-10-09T19:07Z,1179,gA,1.955
2026-10-09T19:07Z,1179,gP,2.040
2026-10-09T19:07Z,1203,g95e5,1.848
2026-10-09T19:07Z,1203,g95e5p,1.908
2026-10-09T19:07Z,1265,gA,1.769
2026-10-09T19:07Z,1276,g95e5,1.805
2026-10-09T19:07Z,1276,gA,1.939
2026-10-09T19:07Z,1276,gP,2.059
2026-10-09T19:07Z,1276,g98e5,1.935
2026-10-09T19:07Z,1287,g95e5,1.799
2026-10-09T19:07Z,1287,gA,1.929
2026-10-09T19:07Z,1287,gP,1.979
2026-10-09T19:07Z,1287,g98e5,1.929
2026-10-09T19:07Z,1410,gA,1.969
2026-10-09T19:07Z,1413,gA,1.905
2026-10-09T19:07Z,1416,g95e5,1.809
2026-10-09T19:07Z,1417,g95e5,1.712
2026-10-09T19:07Z,1417,gA,1.865
2026-10-09T19:07Z,1458,g95e5,1.809
2026-10-09T19:07Z,1458,gA,1.914
2026-10-09T19:07Z,1458,gP,2.004
2026-10-09T19:07Z,1464,g95e5,1.828
2026-10-09T19:07Z,1464,g95e5p,1.918
2026-10-09T19:07Z,1489,g95e5,1.828
2026-10-09T19:07Z,1489,g95e5p,1.888
2026-10-09T19:07Z,1500,g95e5,1.828
2026-10-09T19:07Z,1500,g95e5p,1.898
2026-10-09T19:07Z,1501,g95e5,1.828
2026-10-09T19:07Z,1501,gA,1.930
2026-10-09T19:07Z,1501,gP,2.040
2026-10-09T19:07Z,1501,g95e5p,1.918
2026-10-09T19:07Z,1504,gA,1.915
2026-10-09T19:07Z,1582,gA,1.879
2026-10-09T19:07Z,1583,g95e5,1.599
2026-10-09T19:07Z,1583,gA,1.699
2026-10-09T19:07Z,1617,g95e5,1.699
2026-10-09T19:07Z,1617,gA,1.799
2026-10-09T19:07Z,1618,gA,1.859
2026-10-09T19:07Z,1671,gA,1.749
2026-10-09T19:07Z,1700,g95e5,1.838
2026-10-09T19:07Z,1700,gA,1.995
2026-10-09T19:07Z,1700,gP,2.059
2026-10-09T19:07Z,1744,g95e5,1.719
2026-10-09T19:07Z,1744,gA,1.809
2026-10-09T19:07Z,1744,gP,1.839
2026-10-09T19:07Z,1807,gA,1.895
2026-10-09T19:07Z,1827,g95e5,1.865
2026-10-09T19:07Z,1834,g95e5,1.838
2026-10-09T19:07Z,2048,g95e5,1.710
2026-10-09T19:07Z,2048,gA,1.760
2026-10-09T19:07Z,2048,g98e5,1.820
2026-10-09T19:07Z,2048,gB,1.540
2026-10-09T19:07Z,2079,gA,1.979
2026-10-09T19:07Z,2100,g95e5,1.828
2026-10-09T19:07Z,2100,gA,1.985
2026-10-09T19:07Z,2100,gP,2.059
2026-10-09T19:07Z,2100,g95e5p,1.908
2026-10-09T19:07Z,2116,g95e5,1.818
2026-10-09T19:07Z,2116,g95e5p,1.868
2026-10-09T19:07Z,2128,g95e5,1.779
2026-10-09T19:07Z,2128,gA,1.955
2026-10-09T19:07Z,2128,g98e5,1.889
2026-10-09T19:07Z,2128,g95e5p,1.849
2026-10-09T19:07Z,2137,g95e5,1.849
2026-10-09T19:07Z,2137,gA,1.939
2026-10-09T19:07Z,2137,gP,2.039
2026-10-09T19:07Z,2137,g98e5,2.019
2026-10-09T19:07Z,2202,gB,1.589
2026-10-09T19:07Z,2207,gA,1.925
2026-10-09T19:07Z,2207,gP,2.010
2026-10-09T19:07Z,2219,gA,1.919
2026-10-09T19:07Z,2221,g95e5,1.789
2026-10-09T19:07Z,2241,g95e5,1.845
2026-10-09T19:07Z,2276,gA,1.939
2026-10-09T19:07Z,2276,gP,2.010
2026-10-09T19:07Z,2323,g95e5,1.829
2026-10-09T19:07Z,2332,gA,1.945
2026-10-09T19:07Z,2341,g95e5,1.885
2026-10-09T19:07Z,2351,g95e5,1.639
2026-10-09T19:07Z,2351,gA,1.709
2026-10-09T19:07Z,2364,gA,1.965
2026-10-09T19:07Z,2380,g95e5,1.805
2026-10-09T19:07Z,2380,gA,1.949
2026-10-09T19:07Z,2432,gnc,2.069
2026-10-09T19:07Z,2447,g95e5,1.869
2026-10-09T19:07Z,2447,gP,2.049
2026-10-09T19:07Z,2447,g98e5,2.059
2026-10-09T19:07Z,2508,g95e5,1.828
2026-10-09T19:07Z,2508,g95e5p,1.878
2026-10-09T19:07Z,2509,g95e5,1.795
2026-10-09T19:07Z,2531,gA,1.969
2026-10-09T19:07Z,2565,g95e5,1.878
2026-10-09T19:07Z,2565,gA,1.995
2026-10-09T19:07Z,2565,gP,2.045
2026-10-09T19:07Z,2565,g95e5p,1.938
2026-10-09T19:07Z,2566,g95e5,1.879
2026-10-09T19:07Z,2566,gA,2.019
2026-10-09T19:07Z,2607,gA,2.005
2026-10-09T19:07Z,2609,g95e5,1.885
2026-10-09T19:07Z,2613,g95e5,1.878
2026-10-09T19:07Z,2613,g95e5p,1.938
2026-10-09T19:07Z,2663,g95e5,1.909
2026-10-09T19:07Z,2686,gA,2.029
2026-10-09T19:07Z,2693,g95e5,1.879
2026-10-09T19:07Z,2697,gA,2.015
2026-10-09T19:07Z,2697,gP,2.090
2026-10-09T19:07Z,2708,g95e5,1.888
2026-10-09T19:07Z,2708,gA,2.025
2026-10-09T19:07Z,2708,gP,2.100
2026-10-09T19:07Z,2708,g95e5p,1.938
2026-10-09T19:07Z,2715,gA,2.019
2026-10-09T19:07Z,2791,g95e5,1.838
2026-10-09T19:07Z,2811,gA,1.985
2026-10-09T19:07Z,2825,g95e5,1.789
2026-10-09T19:07Z,2831,g95e5,1.879
2026-10-09T19:07Z,2831,gA,1.945
2026-10-09T19:07Z,2834,g95e5,1.759
2026-10-09T19:07Z,2834,gA,1.945
2026-10-09T19:07Z,2834,gP,1.995
2026-10-09T19:07Z,2836,g95e5,1.828
2026-10-09T19:07Z,2836,gA,1.985
2026-10-09T19:07Z,2836,gP,2.070
2026-10-09T19:07Z,2836,g95e5p,1.878
2026-10-09T19:07Z,2843,gA,1.995
2026-10-09T19:07Z,2843,gP,2.059
2026-10-09T19:07Z,2844,g95e5,1.838
2026-10-09T19:07Z,2844,gA,1.995
2026-10-09T19:07Z,2844,gP,2.059
2026-10-09T19:07Z,2846,g95e5,1.669
2026-10-09T19:07Z,2846,gA,1.769
2026-10-09T19:07Z,2846,g98e5,1.799
2026-10-09T19:07Z,2846,bio,1.699
2026-10-09T19:07Z,2865,g95e5,1.868
2026-10-09T19:07Z,2865,gA,1.955
2026-10-09T19:07Z,2865,gP,2.059
2026-10-09T19:07Z,2871,g95e5,1.848
2026-10-09T19:07Z,2871,gA,1.970
2026-10-09T19:07Z,2871,gP,2.059
2026-10-09T19:07Z,2871,g95e5p,1.888
2026-10-09T19:07Z,2875,g95e5,1.818
2026-10-09T19:07Z,2875,gA,1.975
2026-10-09T19:07Z,2875,gP,2.050
2026-10-09T19:07Z,2877,g95e5,1.828
2026-10-09T19:07Z,2877,gA,1.995
2026-10-09T19:07Z,2877,gP,2.045
2026-10-09T19:07Z,2877,g95e5p,1.878
2026-10-09T19:07Z,2885,g95e5,1.828
2026-10-09T19:07Z,2885,g95e5p,1.888
2026-10-09T19:07Z,2922,g95e5,1.769
2026-10-09T19:07Z,2922,gA,1.839
2026-10-09T19:07Z,2922,gP,1.889
2026-10-09T19:07Z,2931,g95e5,1.838
2026-10-09T19:07Z,2931,gA,2.005
2026-10-09T19:07Z,2931,gP,2.059
2026-10-09T19:07Z,2945,g95e5,1.858
2026-10-09T19:07Z,2953,gA,1.935
2026-10-09T19:07Z,2953,gP,2.020
2026-10-09T19:07Z,2955,gA,1.985
2026-10-09T19:07Z,2955,gP,2.059
2026-10-09T19:07Z,2981,gA,1.974
2026-10-09T19:07Z,2981,gP,2.059
2026-10-09T19:07Z,2999,gA,1.769
2026-10-09T19:07Z,2999,g98e5,1.769
2026-10-09T19:07Z,3006,g98e5,1.799
2026-10-09T19:07Z,3010,gA,1.999
2026-10-09T19:07Z,3017,gA,1.935
2026-10-09T19:07Z,3017,gP,2.040
2026-10-09T19:07Z,3023,gA,1.769
2026-10-09T19:07Z,3023,bio,1.749
2026-10-09T19:07Z,3026,gA,1.699
2026-10-09T19:07Z,3026,g98e5,1.699
2026-10-09T19:07Z,3097,g95e5,1.609
2026-10-09T19:07Z,3097,gA,1.749
2026-10-09T19:07Z,3106,g95e5,1.855
2026-10-09T19:07Z,3107,g95e5,1.859
2026-10-09T19:07Z,3107,g98e5,1.999
2026-10-09T19:07Z,3115,g95e5,1.858
2026-10-09T19:07Z,3115,gA,1.970
2026-10-09T19:07Z,3115,gP,2.059
2026-10-09T19:07Z,3115,g95e5p,1.908
2026-10-09T19:07Z,3116,g95e5,1.858
2026-10-09T19:07Z,3116,gA,1.970
2026-10-09T19:07Z,3116,gP,2.059
2026-10-09T19:07Z,3116,g95e5p,1.908
2026-10-09T19:07Z,3133,g95e5,1.848
2026-10-09T19:07Z,3137,gA,1.970
2026-10-09T19:07Z,3137,gP,2.059
2026-10-09T19:07Z,3138,g95e5,1.848
2026-10-09T19:07Z,3138,gA,1.970
2026-10-09T19:07Z,3138,gP,2.059
2026-10-09T19:07Z,3138,g95e5p,1.918
2026-10-09T19:07Z,3140,g95e5,1.868
2026-10-09T19:07Z,3140,g95e5p,1.908
2026-10-09T19:07Z,3141,g95e5,1.848
2026-10-09T19:07Z,3141,g95e5p,1.938
2026-10-09T19:07Z,3143,g95e5,1.839
2026-10-09T19:07Z,3182,g95e5,1.825
2026-10-09T19:07Z,3183,g95e5,1.825
2026-10-09T19:07Z,3196,g95e5,1.859
2026-10-09T19:07Z,3196,gP,2.049
2026-10-09T19:07Z,3212,g95e5,1.848
2026-10-09T19:07Z,3212,gA,1.970
2026-10-09T19:07Z,3212,gP,2.059
2026-10-09T19:07Z,3228,g95e5,1.829
2026-10-09T19:07Z,3228,gA,1.935
2026-10-09T19:07Z,3228,gP,2.005
2026-10-09T19:07Z,3228,g98e5,1.949
2026-10-09T19:07Z,3349,gA,1.950
2026-10-09T19:07Z,3349,gP,2.000
2026-10-09T19:07Z,3370,gA,1.739
2026-10-09T19:07Z,3370,g98e5,1.739
2026-10-09T19:07Z,3370,bio,1.699
2026-10-09T19:07Z,3373,gA,1.759
2026-10-09T19:07Z,3373,g98e5,1.759
2026-10-09T19:07Z,3374,g95e5,1.699
2026-10-09T19:07Z,3374,gA,1.799
2026-10-09T19:07Z,3374,gB,1.599
2026-10-09T19:07Z,3412,g95e5,1.843
2026-10-09T19:07Z,3412,gA,1.920
2026-10-09T19:07Z,3412,gP,2.020
2026-10-09T19:07Z,3412,g95e5p,1.898
2026-10-09T19:07Z,3418,gA,1.930
2026-10-09T19:07Z,3418,gP,2.020
2026-10-09T19:07Z,3419,gA,1.930
2026-10-09T19:07Z,3419,gP,2.020
2026-10-09T19:07Z,3429,g95e5,1.804
2026-10-09T19:07Z,3429,gA,1.814
2026-10-09T19:07Z,3429,gP,1.864
2026-10-09T19:07Z,3429,g98e5,1.954
2026-10-09T19:07Z,3430,g95e5,1.804
2026-10-09T19:07Z,3430,gA,1.814
2026-10-09T19:07Z,3430,gP,1.864
2026-10-09T19:07Z,3430,g98e5,1.954
2026-10-09T19:07Z,3443,g95e5,1.869
2026-10-09T19:07Z,3443,gA,1.929
2026-10-09T19:07Z,3443,gP,1.969
2026-10-09T19:07Z,3456,gA,1.940
2026-10-09T19:07Z,3456,gP,2.030
2026-10-09T19:07Z,3462,g95e5,1.825
2026-10-09T19:07Z,3474,g95e5,1.845
2026-10-09T19:07Z,3488,g95e5,1.749
2026-10-09T19:07Z,3488,gA,1.869
2026-10-09T19:07Z,3488,gP,1.919
2026-10-09T19:07Z,3488,g98e5,1.889
2026-10-09T19:07Z,3505,gA,1.945
2026-10-09T19:07Z,3505,gP,2.020
2026-10-09T19:07Z,3555,gA,1.925
2026-10-09T19:07Z,3697,gA,1.945
2026-10-09T19:07Z,3717,g95e5,1.863
2026-10-09T19:07Z,3717,gA,1.930
2026-10-09T19:07Z,3717,gP,2.020
2026-10-09T19:07Z,3717,g95e5p,1.908
2026-10-09T19:07Z,3731,g95e5,1.699
2026-10-09T19:07Z,3731,gA,1.799
2026-10-09T19:07Z,3731,g98e5,1.839
2026-10-09T19:07Z,3731,bio,1.739
2026-10-09T19:07Z,3744,gA,1.930
2026-10-09T19:07Z,3744,gP,2.020
2026-10-09T19:07Z,3763,gA,1.935
2026-10-09T19:07Z,3832,gA,1.919
2026-10-09T19:07Z,3891,g95e5,1.858
2026-10-09T19:07Z,3891,g95e5p,1.898
2026-10-09T19:07Z,3892,g95e5,1.858
2026-10-09T19:07Z,3892,g95e5p,1.898
2026-10-09T19:07Z,3988,gB,1.569
2026-10-09T19:07Z,4001,g95e5,1.609
2026-10-09T19:07Z,4001,g95e5p,1.629
2026-10-09T19:07Z,4078,gA,1.909
2026-10-09T19:07Z,4094,gA,1.959
2026-10-09T19:07Z,4095,g95e5,1.865
2026-10-09T19:07Z,4116,g95e5,1.659
2026-10-09T19:07Z,4116,gA,1.759
2026-10-09T19:07Z,4116,g98e5,1.759
2026-10-09T19:07Z,4116,bio,1.699
2026-10-09T19:07Z,4135,g95e5,1.707
2026-10-09T19:07Z,4135,g95e5p,1.707
2026-10-09T19:07Z,4142,gB,1.589
2026-10-09T19:07Z,4150,g95e5,1.799
2026-10-09T19:07Z,4150,g95e5p,1.879
2026-10-09T19:07Z,4246,g95e5,1.818
2026-10-09T19:07Z,4246,g95e5p,1.888
2026-10-09T19:07Z,4264,gA,1.935
2026-10-09T19:07Z,4264,gP,2.060
2026-10-09T19:07Z,4265,gA,1.935
2026-10-09T19:07Z,4265,gP,2.060
2026-10-09T19:07Z,4278,g95e5,1.808
2026-10-09T19:07Z,4278,gA,1.945
2026-10-09T19:07Z,4278,gP,2.040
2026-10-09T19:07Z,4278,g95e5p,1.858
2026-10-09T19:07Z,4283,g95e5,1.808
2026-10-09T19:07Z,4283,gA,1.925
2026-10-09T19:07Z,4283,gP,2.040
2026-10-09T19:07Z,4283,g95e5p,1.908
2026-10-09T19:07Z,4285,g95e5,1.677
2026-10-09T19:07Z,4285,gA,1.777
2026-10-09T19:07Z,4285,gP,1.797
2026-10-09T19:07Z,4285,g95e5p,1.697
2026-10-09T19:07Z,4312,gA,1.970
2026-10-09T19:07Z,4312,gP,2.059
2026-10-09T19:07Z,4325,gA,1.955
2026-10-09T19:07Z,4325,gP,2.059
2026-10-09T19:07Z,4333,gA,2.005
2026-10-09T19:07Z,4337,g95e5,1.869
2026-10-09T19:07Z,4346,g95e5,1.838
2026-10-09T19:07Z,4346,g95e5p,1.878
2026-10-09T19:07Z,4349,g95e5,1.885
2026-10-09T19:07Z,4379,gA,1.839
2026-10-09T19:07Z,4379,gB,1.629
2026-10-09T19:07Z,4468,gA,2.009
2026-10-09T19:07Z,4481,g95e5,1.848
2026-10-09T19:07Z,4481,gA,1.964
2026-10-09T19:07Z,4481,gP,2.059
2026-10-09T19:07Z,4481,g95e5p,1.908
2026-10-09T19:07Z,4492,g95e5,1.858
2026-10-09T19:07Z,4515,g95e5,1.858
2026-10-09T19:07Z,4515,gA,1.970
2026-10-09T19:07Z,4515,gP,2.059
2026-10-09T19:07Z,4515,g95e5p,1.938
2026-10-09T19:07Z,4568,gA,2.019
2026-10-09T19:07Z,4569,g95e5,1.858
2026-10-09T19:07Z,4569,g95e5p,1.898
2026-10-09T19:07Z,4598,gA,1.959
2026-10-09T19:07Z,4603,gA,1.949
2026-10-09T19:07Z,4613,gA,2.009
2026-10-09T19:07Z,4620,g95e5,1.855
2026-10-09T19:07Z,4639,g95e5,1.855
2026-10-09T19:07Z,4642,g95e5,1.835
2026-10-09T19:07Z,4646,g95e5,1.848
2026-10-09T19:07Z,4646,g95e5p,1.938
2026-10-09T19:07Z,4660,g95e5,1.599
2026-10-09T19:07Z,4660,gP,1.749
2026-10-09T19:07Z,4664,g95e5,1.858
2026-10-09T19:07Z,4664,g95e5p,1.898
2026-10-09T19:07Z,4674,gA,1.945
2026-10-09T19:07Z,4674,gP,1.995
2026-10-09T19:07Z,4680,gA,1.965
2026-10-09T19:07Z,4680,gP,2.059
2026-10-09T19:07Z,4689,g95e5,1.849
2026-10-09T19:07Z,4689,g95e5p,1.908
2026-10-09T19:07Z,4694,g95e5,1.848
2026-10-09T19:07Z,4694,gA,1.959
2026-10-09T19:07Z,4694,gP,2.059
2026-10-09T19:07Z,4694,g95e5p,1.918
2026-10-09T19:07Z,4725,g95e5,1.868
2026-10-09T19:07Z,4725,g95e5p,1.908
2026-10-09T19:07Z,4733,g95e5,1.859
2026-10-09T19:07Z,4733,gA,1.959
2026-10-09T19:07Z,4733,gP,2.059
2026-10-09T19:07Z,4740,gA,1.989
2026-10-09T19:07Z,4740,gP,2.079
2026-10-09T19:07Z,4759,gA,1.970
2026-10-09T19:07Z,4759,gP,2.059
2026-10-09T19:07Z,4760,gA,1.970
2026-10-09T19:07Z,4760,gP,2.059
2026-10-09T19:07Z,4763,g95e5,1.848
2026-10-09T19:07Z,4763,gA,1.970
2026-10-09T19:07Z,4763,gP,2.059
2026-10-09T19:07Z,4763,g95e5p,1.888
2026-10-09T19:07Z,4785,g95e5,1.818
2026-10-09T19:07Z,4850,gA,1.965
2026-10-09T19:07Z,4871,g95e5,1.858
2026-10-09T19:07Z,4871,gA,1.955
2026-10-09T19:07Z,4871,gP,2.035
2026-10-09T19:07Z,4871,g95e5p,1.898
2026-10-09T19:07Z,4886,gA,1.989
2026-10-09T19:07Z,4886,gP,2.060
2026-10-09T19:07Z,4905,g95e5,1.850
2026-10-09T19:07Z,4905,gA,1.930
2026-10-09T19:07Z,4961,g95e5,1.834
2026-10-09T19:07Z,4961,g98e5,1.974
2026-10-09T19:07Z,4982,g95e5,1.808
2026-10-09T19:07Z,4982,g95e5p,1.898
2026-10-09T19:07Z,4983,gA,1.945
2026-10-09T19:07Z,4983,gP,2.025
2026-10-09T19:07Z,4984,g95e5,1.858
2026-10-09T19:07Z,4985,gA,1.985
2026-10-09T19:07Z,4985,gP,2.080
2026-10-09T19:07Z,4989,g95e5,1.858
2026-10-09T19:07Z,4991,gA,1.935
2026-10-09T19:07Z,4991,gP,2.025
2026-10-09T19:07Z,5043,gB,1.649
2026-10-09T19:07Z,5044,g95e5,1.839
2026-10-09T19:07Z,5044,g98e5,1.999
2026-10-09T19:07Z,5104,gA,1.799
2026-10-09T19:07Z,5168,g95e5,1.759
2026-10-09T19:07Z,5168,gA,1.839
2026-10-09T19:07Z,5169,g95e5,1.759
2026-10-09T19:07Z,5169,gA,1.839
2026-10-09T19:07Z,5173,g95e5,1.833
2026-10-09T19:07Z,5173,gA,1.960
2026-10-09T19:07Z,5173,gP,2.049
2026-10-09T19:07Z,5192,g95e5,1.858
2026-10-09T19:07Z,5192,gA,1.975
2026-10-09T19:07Z,5192,gP,2.060
2026-10-09T19:07Z,5300,g95e5,1.829
2026-10-09T19:07Z,5328,gA,1.985
2026-10-09T19:07Z,5328,gP,2.080
2026-10-09T19:07Z,5357,gA,1.985
2026-10-09T19:07Z,5376,g95e5,1.855
2026-10-09T19:07Z,5378,gA,1.975
2026-10-09T19:07Z,5378,gP,2.060
2026-10-09T19:07Z,5420,g95e5,1.799
2026-10-09T19:07Z,5420,gA,1.959
2026-10-09T19:07Z,5420,gP,1.999
2026-10-09T19:07Z,5439,g95e5,1.854
2026-10-09T19:07Z,5466,gA,1.975
2026-10-09T19:07Z,5466,gP,2.060
2026-10-09T19:07Z,5485,g95e5,1.787
2026-10-09T19:07Z,5485,gA,1.867
2026-10-09T19:07Z,5485,gP,1.907
2026-10-09T19:07Z,5486,g95e5,1.727
2026-10-09T19:07Z,5486,gA,1.787
2026-10-09T19:07Z,5487,g95e5,1.767
2026-10-09T19:07Z,5493,gA,1.837
2026-10-09T19:07Z,5493,gP,1.877
2026-10-09T19:07Z,5494,g95e5,1.817
2026-10-09T19:07Z,5494,g98e5,1.857
2026-10-09T19:07Z,5500,g95e5,1.848
2026-10-09T19:07Z,5500,gA,1.945
2026-10-09T19:07Z,5500,gP,2.060
2026-10-09T19:07Z,5500,g95e5p,1.908
2026-10-09T19:07Z,5502,g95e5,1.797
2026-10-09T19:07Z,5504,g95e5,1.777
2026-10-09T19:07Z,5506,g95e5,1.757
2026-10-09T19:07Z,5506,gA,1.837
2026-10-09T19:07Z,5506,gP,1.877
2026-10-09T19:07Z,5514,g95e5,1.828
2026-10-09T19:07Z,5514,gA,1.995
2026-10-09T19:07Z,5514,gP,2.060
2026-10-09T19:07Z,5586,g95e5,1.855
2026-10-09T19:07Z,5586,gA,1.949
2026-10-09T19:07Z,5586,gB,1.699
2026-10-09T19:07Z,5618,gA,1.965
2026-10-09T19:07Z,5618,gP,2.035
2026-10-09T19:07Z,5621,gA,1.727
2026-10-09T19:07Z,5622,gA,1.727
2026-10-09T19:07Z,5623,gA,1.727
2026-10-09T19:07Z,5706,g95e5,1.879
2026-10-09T19:07Z,5706,gA,1.974
2026-10-09T19:07Z,5706,gP,2.045
2026-10-09T19:07Z,5706,g95e5p,1.908
2026-10-09T19:07Z,5747,g95e5,1.829
2026-10-09T19:07Z,5747,gP,2.109
2026-10-09T19:07Z,5751,g95e5,1.799
2026-10-09T19:07Z,5751,gA,1.899
2026-10-09T19:07Z,5751,gP,1.949
2026-10-09T19:07Z,5751,gB,1.629
2026-10-09T19:07Z,5761,g95e5,1.959
2026-10-09T19:07Z,5772,gA,1.989
2026-10-09T19:07Z,5772,gP,2.079
2026-10-09T19:07Z,5786,gA,1.995
2026-10-09T19:07Z,5786,gP,2.080
2026-10-09T19:07Z,5811,gA,1.949
2026-10-09T19:07Z,5811,gP,2.039
2026-10-09T19:07Z,5876,g95e5,1.848
2026-10-09T19:07Z,5876,g95e5p,1.918
2026-10-09T19:07Z,5877,g95e5,1.848
2026-10-09T19:07Z,5877,g95e5p,1.888
2026-10-09T19:07Z,5901,gA,1.749
2026-10-09T19:07Z,5901,gP,1.859
2026-10-09T19:07Z,5915,g95e5,1.808
2026-10-09T19:07Z,5915,gA,1.969
2026-10-09T19:07Z,5915,gP,2.049
2026-10-09T19:07Z,5915,g95e5p,1.908
2026-10-09T19:07Z,6058,gA,1.989
2026-10-09T19:07Z,6066,g95e5,1.808
2026-10-09T19:07Z,6090,g95e5,1.779
2026-10-09T19:07Z,6090,gA,1.929
2026-10-09T19:07Z,6090,gP,2.019
2026-10-09T19:07Z,6090,g98e5,1.919
2026-10-09T19:07Z,6101,g95e5,1.858
2026-10-09T19:07Z,6101,g95e5p,1.908
2026-10-09T19:07Z,6107,g95e5,1.868
2026-10-09T19:07Z,6107,g95e5p,1.908
2026-10-09T19:07Z,6112,gA,1.930
2026-10-09T19:07Z,6112,gP,2.030
2026-10-09T19:07Z,6120,g95e5,1.803
2026-10-09T19:07Z,6120,gA,1.930
2026-10-09T19:07Z,6120,gP,2.030
2026-10-09T19:07Z,6131,g95e5,1.848
2026-10-09T19:07Z,6131,gA,1.945
2026-10-09T19:07Z,6131,gP,2.035
2026-10-09T19:07Z,6140,g95e5,1.868
2026-10-09T19:07Z,6140,gA,2.005
2026-10-09T19:07Z,6140,gP,2.080
2026-10-09T19:07Z,6141,g95e5,1.868
2026-10-09T19:07Z,6141,gA,2.005
2026-10-09T19:07Z,6141,gP,2.080
2026-10-09T19:07Z,6148,g95e5,1.868
2026-10-09T19:07Z,6148,g95e5p,1.908
2026-10-09T19:07Z,6164,gA,1.949
2026-10-09T19:07Z,6227,g95e5,1.889
2026-10-09T19:07Z,6260,g95e5,1.875
2026-10-09T19:07Z,6273,g95e5,1.789
2026-10-09T19:07Z,6277,gA,1.975
2026-10-09T19:07Z,6295,gA,2.009
2026-10-09T19:07Z,6360,gA,2.005
2026-10-09T19:07Z,6394,g95e5,1.747
2026-10-09T19:07Z,6394,gA,1.767
2026-10-09T19:07Z,6406,gA,2.005
2026-10-09T19:07Z,6412,g95e5,1.839
2026-10-09T19:07Z,6437,g95e5,1.729
2026-10-09T19:07Z,6437,gA,1.799
2026-10-09T19:07Z,6437,gP,1.909
2026-10-09T19:07Z,6452,g95e5,1.853
2026-10-09T19:07Z,6452,g95e5p,1.918
2026-10-09T19:07Z,6484,g95e5,1.878
2026-10-09T19:07Z,6484,g95e5p,1.938
2026-10-09T19:07Z,6497,gA,1.949
2026-10-09T19:07Z,6497,gP,2.039
2026-10-09T19:07Z,6509,g95e5,1.808
2026-10-09T19:07Z,6509,g95e5p,1.908
2026-10-09T19:07Z,6520,g95e5,1.729
2026-10-09T19:07Z,6520,gA,1.799
2026-10-09T19:07Z,6520,gP,1.909
2026-10-09T19:07Z,6532,g95e5,1.699
2026-10-09T19:07Z,6532,gA,1.779
2026-10-09T19:07Z,6532,gP,1.801
2026-10-09T19:07Z,6569,g95e5,1.838
2026-10-09T19:07Z,6569,g95e5p,1.898
2026-10-09T19:07Z,6576,gA,1.929
2026-10-09T19:07Z,6576,gP,2.029
2026-10-09T19:07Z,6599,g95e5,1.828
2026-10-09T19:07Z,6599,g95e5p,1.878
2026-10-09T19:07Z,6780,g95e5,1.808
2026-10-09T19:07Z,6780,gA,1.995
2026-10-09T19:07Z,6780,gP,2.100
2026-10-09T19:07Z,6780,g95e5p,1.888
2026-10-09T19:07Z,6789,gA,1.995
2026-10-09T19:07Z,6789,gP,2.070
2026-10-09T19:07Z,6790,gA,1.995
2026-10-09T19:07Z,6790,gP,2.080
2026-10-09T19:07Z,6819,g95e5,1.878
2026-10-09T19:07Z,6819,g95e5p,1.918
2026-10-09T19:07Z,6869,g95e5,1.799
2026-10-09T19:07Z,6869,gA,1.949
2026-10-09T19:07Z,6869,gP,2.049
2026-10-09T19:07Z,6869,g98e5,1.959
2026-10-09T19:07Z,6869,gB,1.859
2026-10-09T19:07Z,6876,g95e5,1.825
2026-10-09T19:07Z,6929,g95e5,1.815
2026-10-09T19:07Z,6937,g95e5,1.789
2026-10-09T19:07Z,6937,gA,1.958
2026-10-09T19:07Z,6937,gP,2.049
2026-10-09T19:07Z,6937,g98e5,1.929
2026-10-09T19:07Z,6937,gB,1.825
2026-10-09T19:07Z,6969,gA,1.995
2026-10-09T19:07Z,6991,g95e5,1.689
2026-10-09T19:07Z,6991,gA,1.789
2026-10-09T19:07Z,6991,g98e5,1.799
2026-10-09T19:07Z,6991,bio,1.699
2026-10-09T19:07Z,7010,g95e5,1.669
2026-10-09T19:07Z,7010,gA,1.799
2026-10-09T19:07Z,7010,bio,1.769
2026-10-09T19:07Z,7013,g95e5,1.769
2026-10-09T19:07Z,7013,bio,1.769
2026-10-09T19:07Z,7021,g95e5,1.699
2026-10-09T19:07Z,7021,gA,1.799
2026-10-09T19:07Z,7021,gP,1.839
2026-10-09T19:07Z,7021,bio,1.739
2026-10-09T19:07Z,7209,gA,1.990
2026-10-09T19:07Z,7209,gP,2.070
2026-10-09T19:07Z,7212,g95e5,1.833
2026-10-09T19:07Z,7212,g95e5p,1.908
2026-10-09T19:07Z,7216,gA,1.979
2026-10-09T19:07Z,7216,gP,2.070
2026-10-09T19:07Z,7234,g95e5,1.829
2026-10-09T19:07Z,7234,gA,1.959
2026-10-09T19:07Z,7234,g98e5,1.979
2026-10-09T19:07Z,7248,gA,1.959
2026-10-09T19:07Z,7287,g95e5,1.829
2026-10-09T19:07Z,7287,gA,1.959
2026-10-09T19:07Z,7287,g98e5,1.979
2026-10-09T19:07Z,7294,gA,1.949
2026-10-09T19:07Z,7294,gP,2.070
2026-10-09T19:07Z,7327,g95e5,1.808
2026-10-09T19:07Z,7330,g95e5,1.809
2026-10-09T19:07Z,7330,gA,1.959
2026-10-09T19:07Z,7344,g95e5,1.828
2026-10-09T19:07Z,7344,g95e5p,1.888
2026-10-09T19:07Z,7420,g95e5,1.899
2026-10-09T19:07Z,7422,gA,1.985
2026-10-09T19:07Z,7423,gA,1.985
2026-10-09T19:07Z,7425,gA,1.999
2026-10-09T19:07Z,7439,g95e5,1.859
2026-10-09T19:07Z,7439,gA,2.025
2026-10-09T19:07Z,7454,gA,1.849
2026-10-09T19:07Z,7457,gA,1.979
2026-10-09T19:07Z,7457,gP,2.000
2026-10-09T19:07Z,7464,g95e5,1.639
2026-10-09T19:07Z,7464,gA,1.769
2026-10-09T19:07Z,7464,gP,1.799
2026-10-09T19:07Z,7464,bio,1.739
2026-10-09T19:07Z,7493,g95e5,1.839
2026-10-09T19:07Z,7493,gA,1.899
2026-10-09T19:07Z,7502,g95e5,1.809
2026-10-09T19:07Z,7557,g95e5,1.808
2026-10-09T19:07Z,7557,gA,1.954
2026-10-09T19:07Z,7557,gP,2.060
2026-10-09T19:07Z,7557,g95e5p,1.868
2026-10-09T19:07Z,7559,g95e5,1.835
2026-10-09T19:07Z,7594,g95e5,1.809
2026-10-09T19:07Z,7594,gA,1.909
2026-10-09T19:07Z,7594,gP,1.959
2026-10-09T19:07Z,7594,g95e5p,1.859
2026-10-09T19:07Z,7661,g95e5,1.539
2026-10-09T19:07Z,7661,gA,1.689
2026-10-09T19:07Z,7713,gA,1.729
2026-10-09T19:07Z,7753,g95e5,1.843
2026-10-09T19:07Z,7753,gA,1.990
2026-10-09T19:07Z,7753,gP,2.080
2026-10-09T19:07Z,7983,g95e5,1.858
2026-10-09T19:07Z,8017,gA,1.926
2026-10-09T19:07Z,8017,gP,2.016
2026-10-09T19:07Z,8034,gA,1.989
2026-10-09T19:07Z,8034,gB,1.659
2026-10-09T19:07Z,8108,g95e5,1.699
2026-10-09T19:07Z,8143,g95e5,1.889
2026-10-09T19:07Z,8143,gA,1.999
2026-10-09T19:07Z,8213,g95e5,1.649
2026-10-09T19:07Z,8213,gA,1.749
2026-10-09T19:07Z,8237,g95e5,1.599
2026-10-09T19:07Z,8237,gA,1.699
2026-10-09T19:07Z,8274,g95e5,1.859
2026-10-09T19:07Z,8274,gA,1.985
2026-10-09T19:07Z,8386,gA,1.727
2026-10-09T19:07Z,8406,g95e5,1.869
2026-10-09T19:07Z,8406,gA,1.979
2026-10-09T19:07Z,8406,gP,2.040
2026-10-09T19:07Z,8406,g98e5,1.989
2026-10-09T19:07Z,8483,g95e5,1.669
2026-10-09T19:07Z,8483,gA,1.789
2026-10-09T19:07Z,8483,gP,1.889
2026-10-09T19:07Z,8483,g98e5,1.869
2026-10-09T19:07Z,8536,gA,1.699
2026-10-09T19:07Z,8536,bio,1.669
2026-10-09T19:07Z,8772,g95e5,1.579
2026-10-09T19:07Z,8772,gA,1.719
2026-10-09T19:07Z,8892,g95e5,1.659
2026-10-09T19:07Z,8892,gA,1.739
2026-10-09T19:07Z,8892,gP,1.759
2026-10-09T19:07Z,8892,g95e5p,1.679
2026-10-09T19:07Z,8916,gA,1.750
2026-10-09T19:07Z,8916,gB,1.500
2026-10-09T19:07Z,8928,gP,1.829
2026-10-09T19:07Z,8945,gA,1.787
2026-10-09T19:07Z,8958,gB,1.499
2026-10-09T19:07Z,8969,g95e5,1.677
2026-10-09T19:07Z,8969,gA,1.797
2026-10-09T19:07Z,8969,gP,1.897
2026-10-09T19:07Z,8969,g98e5,1.777
2026-10-09T19:07Z,8976,g95e5,1.858
2026-10-09T19:07Z,8976,gA,1.985
2026-10-09T19:07Z,8976,gP,2.075
2026-10-09T19:07Z,9034,g95e5,1.696
2026-10-09T19:07Z,9034,gA,1.807
2026-10-09T19:07Z,9034,gB,1.566
2026-10-09T19:07Z,9302,gA,1.920
2026-10-09T19:07Z,9302,gP,2.020
2026-10-09T19:07Z,9313,g95e5,1.629
2026-10-09T19:07Z,9313,gA,1.699
2026-10-09T19:07Z,9313,gB,1.522
2026-10-09T19:07Z,9360,gA,1.799
2026-10-09T19:07Z,9407,g95e5,1.869
2026-10-09T19:07Z,9407,gA,1.969
2026-10-09T19:07Z,9407,gP,2.029
2026-10-09T19:07Z,9407,g98e5,1.979
2026-10-09T19:07Z,9417,gA,1.853
2026-10-09T19:07Z,9430,g95e5,1.775
2026-10-09T19:07Z,9430,gA,1.855
2026-10-09T19:07Z,9431,gA,1.855
2026-10-09T19:07Z,9439,g95e5,1.699
2026-10-09T19:07Z,9439,gA,1.809
2026-10-09T19:07Z,9439,gB,1.588
2026-10-09T19:07Z,9457,g95e5,1.609
2026-10-09T19:07Z,9527,g95e5,1.859
2026-10-09T19:07Z,9527,gA,1.959
2026-10-09T19:07Z,9527,gP,2.059
2026-10-09T19:07Z,9527,g98e5,1.959
2026-10-09T19:07Z,9547,gA,1.749
2026-10-09T19:07Z,9582,g95e5,1.723
2026-10-09T19:07Z,9582,gA,1.836
2026-10-09T19:07Z,9582,gB,1.603
2026-10-09T19:07Z,9670,g95e5,1.798
2026-10-09T19:07Z,9670,gA,1.965
2026-10-09T19:07Z,9670,gP,2.030
2026-10-09T19:07Z,9690,gA,1.939
2026-10-09T19:07Z,9708,gA,1.945
2026-10-09T19:07Z,9714,gA,1.749
2026-10-09T19:07Z,9788,g95e5,1.727
2026-10-09T19:07Z,9788,gA,1.785
2026-10-09T19:07Z,9788,gB,1.502
2026-10-09T19:07Z,9789,gA,1.989
2026-10-09T19:07Z,9789,gP,2.080
2026-10-09T19:07Z,9798,g95e5,1.688
2026-10-09T19:07Z,9798,gA,1.768
2026-10-09T19:07Z,9798,gP,1.801
2026-10-09T19:07Z,9798,g98e5,1.780
2026-10-09T19:07Z,9892,g95e5,1.824
2026-10-09T19:07Z,9892,gA,1.949
2026-10-09T19:07Z,9892,gP,2.039
2026-10-09T19:07Z,9892,g98e5,1.964
2026-10-09T19:07Z,9921,g95e5,1.855
2026-10-09T19:07Z,9921,g98e5,1.977
2026-10-09T19:07Z,9972,g95e5,1.697
2026-10-09T19:07Z,9972,gA,1.797
2026-10-09T19:07Z,10106,g95e5,1.858
2026-10-09T19:07Z,10107,g95e5,1.858
2026-10-09T19:07Z,10129,gA,1.759
2026-10-09T19:07Z,10141,gA,1.985
2026-10-09T19:07Z,10141,gP,2.070
2026-10-09T19:07Z,10249,g95e5,1.803
2026-10-09T19:07Z,10295,g95e5,1.678
2026-10-09T19:07Z,10295,gA,1.774
2026-10-09T19:07Z,10366,g95e5,1.838
2026-10-09T19:07Z,10367,g95e5,1.808
2026-10-09T19:07Z,10377,g95e5,1.698
2026-10-09T19:07Z,10377,gA,1.725
2026-10-09T19:07Z,10377,gP,1.755
2026-10-09T19:07Z,10381,gA,1.780
2026-10-09T19:07Z,10528,gA,1.747
2026-10-09T19:07Z,10528,gP,1.800
2026-10-09T19:07Z,10537,gA,1.747
2026-10-09T19:07Z,10658,g95e5,1.599
2026-10-09T19:07Z,10658,gP,1.749
2026-10-09T19:07Z,10678,gA,1.819
2026-10-09T19:07Z,10679,gA,1.669
2026-10-09T19:07Z,10691,g95e5,1.707
2026-10-09T19:07Z,10691,gA,1.807
2026-10-09T19:07Z,10691,gP,1.907
2026-10-09T19:07Z,10695,g95e5,1.779
2026-10-09T19:07Z,10695,gA,1.899
2026-10-09T19:07Z,10695,g98e5,1.909
2026-10-09T19:07Z,10705,gB,1.550
2026-10-09T19:07Z,10740,gA,1.975
2026-10-09T19:07Z,10740,gP,2.065
2026-10-09T19:07Z,10752,bio,1.759
2026-10-09T19:07Z,10858,g95e5,1.659
2026-10-09T19:07Z,10858,gA,1.739
2026-10-09T19:07Z,10858,gP,1.759
2026-10-09T19:07Z,10862,g95e5,1.869
2026-10-09T19:07Z,10869,gA,1.989
2026-10-09T19:07Z,10879,g95e5,1.779
2026-10-09T19:07Z,10879,gA,1.919
2026-10-09T19:07Z,10885,g95e5,1.848
2026-10-09T19:07Z,10885,g95e5p,1.888
2026-10-09T19:07Z,10889,gA,1.989
2026-10-09T19:07Z,10891,g95e5,1.849
2026-10-09T19:07Z,10891,gA,1.909
2026-10-09T19:07Z,10902,gA,1.979
2026-10-09T19:07Z,10902,gP,1.979
2026-10-09T19:07Z,10902,gB,1.789
2026-10-09T19:07Z,10910,gA,1.727
2026-10-09T19:07Z,10921,g95e5,1.779
2026-10-09T19:07Z,10925,gA,1.727
2026-10-09T19:07Z,10926,g95e5,1.654
2026-10-09T19:07Z,10926,gA,1.727
2026-10-09T19:07Z,10936,gA,1.929
2026-10-09T19:07Z,10959,gA,1.799
2026-10-09T19:07Z,10974,gA,1.949
2026-10-09T19:07Z,11010,gA,1.975
2026-10-09T19:07Z,11010,gP,2.075
2026-10-09T19:07Z,11041,g95e5,1.705
2026-10-09T19:07Z,11041,gA,1.775
2026-10-09T19:07Z,11041,gB,1.555
2026-10-09T19:07Z,11058,g95e5,1.868
2026-10-09T19:07Z,11058,gA,1.970
2026-10-09T19:07Z,11058,gP,2.040
2026-10-09T19:07Z,11058,g95e5p,1.938
2026-10-09T19:07Z,11083,g95e5,1.829
2026-10-09T19:07Z,11083,gA,1.959
2026-10-09T19:07Z,11083,gP,2.019
2026-10-09T19:07Z,11083,g98e5,1.979
2026-10-09T19:07Z,11084,g95e5,1.895
2026-10-09T19:07Z,11084,gA,2.019
2026-10-09T19:07Z,11154,g95e5,1.729
2026-10-09T19:07Z,11154,gA,1.829
2026-10-09T19:07Z,11154,gP,1.929
2026-10-09T19:07Z,11163,gA,1.985
2026-10-09T19:07Z,11163,gP,2.070
2026-10-09T19:07Z,11189,g95e5,1.865
2026-10-09T19:07Z,11219,g95e5,1.829
2026-10-09T19:07Z,11219,gA,1.939
2026-10-09T19:07Z,11219,gP,2.039
2026-10-09T19:07Z,11219,g98e5,1.969
2026-10-09T19:07Z,11219,gB,1.749
2026-10-09T19:07Z,11276,g95e5,1.849
2026-10-09T19:07Z,11278,g95e5,1.670
2026-10-09T19:07Z,11294,g95e5,1.868
2026-10-09T19:07Z,11294,gA,1.949
2026-10-09T19:07Z,11294,gP,2.025
2026-10-09T19:07Z,11294,g95e5p,1.908
2026-10-09T19:07Z,11394,g95e5,1.639
2026-10-09T19:07Z,11399,g95e5,1.859
2026-10-09T19:07Z,11399,g95e5p,1.959
2026-10-09T19:07Z,11444,g98e5,1.997
2026-10-09T19:07Z,11503,g95e5,1.689
2026-10-09T19:07Z,11503,gB,1.499
2026-10-09T19:07Z,11539,g95e5,1.858
2026-10-09T19:07Z,11539,gA,1.995
2026-10-09T19:07Z,11539,gP,2.070
2026-10-09T19:07Z,11539,g95e5p,1.918
2026-10-09T19:07Z,11557,gP,1.789
2026-10-09T19:07Z,11560,g95e5,1.889
2026-10-09T19:07Z,11563,g95e5,1.809
2026-10-09T19:07Z,11564,gA,1.985
2026-10-09T19:07Z,11575,g95e5,1.855
2026-10-09T19:07Z,11575,gA,1.979
2026-10-09T19:07Z,11598,g95e5,1.929
2026-10-09T19:07Z,11598,gA,1.979
2026-10-09T19:07Z,11598,gP,2.069
2026-10-09T19:07Z,11598,g98e5,2.049
2026-10-09T19:07Z,11685,g95e5,1.863
2026-10-09T19:07Z,11685,g95e5p,1.908
2026-10-09T19:07Z,11722,gA,1.989
2026-10-09T19:07Z,11749,g95e5,1.828
2026-10-09T19:07Z,11749,g95e5p,1.908
2026-10-09T19:07Z,11792,g95e5,1.828
2026-10-09T19:07Z,11792,gA,1.955
2026-10-09T19:07Z,11792,gP,1.979
2026-10-09T19:07Z,11792,g95e5p,1.908
2026-10-09T19:07Z,11811,g95e5,1.839
2026-10-09T19:07Z,11811,gA,1.939
2026-10-09T19:07Z,11811,gP,1.989
2026-10-09T19:07Z,11811,gB,1.779
2026-10-09T19:07Z,11832,gA,2.009
2026-10-09T19:07Z,11834,g95e5,1.825
2026-10-09T19:07Z,11852,g95e5,1.865
2026-10-09T19:07Z,11852,gA,1.899
2026-10-09T19:07Z,11853,g95e5,1.689
2026-10-09T19:07Z,11853,gA,1.729
2026-10-09T19:07Z,11864,gA,1.730
2026-10-09T19:07Z,11867,g95e5,1.659
2026-10-09T19:07Z,11867,gA,1.769
2026-10-09T19:07Z,11885,g95e5,1.720
2026-10-09T19:07Z,11890,g95e5,1.874
2026-10-09T19:07Z,11890,gA,1.934
2026-10-09T19:07Z,11890,gP,2.024
2026-10-09T19:07Z,11890,g98e5,2.014
2026-10-09T19:07Z,11921,g95e5,1.729
2026-10-09T19:07Z,11921,gA,1.789
2026-10-09T19:07Z,11942,g95e5,1.858
2026-10-09T19:07Z,11942,gA,1.915
2026-10-09T19:07Z,11942,gP,2.010
2026-10-09T19:07Z,11942,g95e5p,1.898
2026-10-09T19:07Z,11994,g95e5,1.809
2026-10-09T19:07Z,11994,gA,1.895
2026-10-09T19:07Z,11994,gP,2.009
2026-10-09T19:07Z,11994,g98e5,1.965
2026-10-09T19:07Z,12011,g95e5,1.659
2026-10-09T19:07Z,12011,gA,1.739
2026-10-09T19:07Z,12028,gA,1.979
2026-10-09T19:07Z,12045,gA,1.999
2026-10-09T19:07Z,12046,gA,1.999
2026-10-09T19:07Z,12065,gA,1.789
2026-10-09T19:07Z,12091,g95e5,1.878
2026-10-09T19:07Z,12096,gA,2.015
2026-10-09T19:07Z,12107,g95e5,1.690
2026-10-09T19:07Z,12107,gA,1.780
2026-10-09T19:07Z,12109,g95e5,1.823
2026-10-09T19:07Z,12109,g95e5p,1.908
2026-10-09T19:07Z,12158,g95e5,1.849
2026-10-09T19:07Z,12158,gA,2.005
2026-10-09T19:07Z,12159,g95e5,1.849
2026-10-09T19:07Z,12162,g95e5,1.699
2026-10-09T19:07Z,12162,gA,1.749
2026-10-09T19:07Z,12162,gP,1.789
2026-10-09T19:07Z,12192,g95e5,1.774
2026-10-09T19:07Z,12192,gA,1.901
2026-10-09T19:07Z,12192,gP,1.999
2026-10-09T19:07Z,12192,g98e5,1.988
2026-10-09T19:07Z,12223,g95e5,1.714
2026-10-09T19:07Z,12223,gA,1.844
2026-10-09T19:07Z,12223,gP,1.894
2026-10-09T19:07Z,12223,g95e5p,1.764
2026-10-09T19:07Z,12278,g95e5,1.699
2026-10-09T19:07Z,12278,gA,1.799
2026-10-09T19:07Z,12301,g95e5,1.685
2026-10-09T19:07Z,12301,gA,1.795
2026-10-09T19:07Z,12301,gP,1.845
2026-10-09T19:07Z,12301,g98e5,1.885
2026-10-09T19:07Z,12302,gA,1.759
2026-10-09T19:07Z,12322,g95e5,1.609
2026-10-09T19:07Z,12363,gA,1.799
2026-10-09T19:07Z,12396,gA,1.965
2026-10-09T19:07Z,12450,g95e5,1.699
2026-10-09T19:07Z,12458,g95e5,1.818
2026-10-09T19:07Z,12458,gA,1.985
2026-10-09T19:07Z,12458,gP,2.075
2026-10-09T19:07Z,12462,gA,1.727
2026-10-09T19:07Z,12530,g95e5,1.663
2026-10-09T19:07Z,12530,gA,1.769
2026-10-09T19:07Z,12530,glp,0.969
2026-10-09T19:07Z,12543,gA,1.727
2026-10-09T19:07Z,12550,g95e5,1.699
2026-10-09T19:07Z,12550,gA,1.769
2026-10-09T19:07Z,12557,g95e5,1.729
2026-10-09T19:07Z,12557,gA,1.819
2026-10-09T19:07Z,12615,gA,1.965
2026-10-09T19:07Z,12615,gP,2.035
2026-10-09T19:07Z,12621,g95e5,1.769
2026-10-09T19:07Z,12621,gA,1.839
2026-10-09T19:07Z,12630,g95e5,1.559
2026-10-09T19:07Z,12672,gA,1.925
2026-10-09T19:07Z,12722,g95e5,1.598
2026-10-09T19:07Z,12722,gA,1.718
2026-10-09T19:07Z,12727,g95e5,1.789
2026-10-09T19:07Z,12727,gA,1.839
2026-10-09T19:07Z,12795,g95e5,1.868
2026-10-09T19:07Z,12795,gA,1.975
2026-10-09T19:07Z,12795,gP,2.060
2026-10-09T19:07Z,12795,g95e5p,1.918
2026-10-09T19:07Z,12809,g95e5,1.599
2026-10-09T19:07Z,12809,gA,1.699
2026-10-09T19:07Z,12830,g95e5,1.659
2026-10-09T19:07Z,12842,g95e5,1.669
2026-10-09T19:07Z,12846,gA,1.895
2026-10-09T19:07Z,12855,g95e5,1.719
2026-10-09T19:07Z,12855,gA,1.759
2026-10-09T19:07Z,12876,gA,1.759
2026-10-09T19:07Z,12881,gA,1.899
2026-10-09T19:07Z,12942,g95e5,1.729
2026-10-09T19:07Z,12942,gA,1.819
2026-10-09T19:07Z,12951,g95e5,1.679
2026-10-09T19:07Z,12953,g95e5,1.725
2026-10-09T19:07Z,12953,gA,1.779
2026-10-09T19:07Z,13016,gA,1.769
2026-10-09T19:07Z,13026,g95e5,1.642
2026-10-09T19:07Z,13026,gA,1.732
2026-10-09T19:07Z,13026,gP,1.784
2026-10-09T19:07Z,13110,g95e5,1.729
2026-10-09T19:07Z,13110,gA,1.859
2026-10-09T19:07Z,13131,gA,1.949
2026-10-09T19:07Z,13148,g95e5,1.769
2026-10-09T19:07Z,13148,gA,1.839
2026-10-09T19:07Z,13177,g95e5p,1.789
2026-10-09T19:07Z,13216,g95e5,1.699
2026-10-09T19:07Z,13216,gA,1.799
2026-10-09T19:07Z,13225,gA,1.799
2026-10-09T19:07Z,13225,gB,1.589
2026-10-09T19:07Z,13250,gA,1.799
2026-10-09T19:07Z,13252,g95e5,1.699
2026-10-09T19:07Z,13252,gA,1.799
2026-10-09T19:07Z,13261,gA,1.759
2026-10-09T19:07Z,13261,gP,1.779
2026-10-09T19:07Z,13288,g95e5,1.699
2026-10-09T19:07Z,13288,gA,1.799
2026-10-09T19:07Z,13295,g95e5,1.678
2026-10-09T19:07Z,13295,gA,1.774
2026-10-09T19:07Z,13311,g95e5,1.769
2026-10-09T19:07Z,13311,gA,1.869
2026-10-09T19:07Z,13329,g95e5,1.689
2026-10-09T19:07Z,13374,g95e5,1.607
2026-10-09T19:07Z,13374,gA,1.743
2026-10-09T19:07Z,13376,gA,2.009
2026-10-09T19:07Z,13393,g95e5,1.699
2026-10-09T19:07Z,13393,gA,1.799
2026-10-09T19:07Z,13419,g95e5,1.519
2026-10-09T19:07Z,13431,g95e5,1.769
2026-10-09T19:07Z,13431,gA,1.839
2026-10-09T19:07Z,13476,g95e5,1.600
2026-10-09T19:07Z,13476,gP,1.750
2026-10-09T19:07Z,13484,gA,1.778
2026-10-09T19:07Z,13551,g95e5,1.719
2026-10-09T19:07Z,13551,gA,1.759
2026-10-09T19:07Z,13562,gA,1.739
2026-10-09T19:07Z,13586,g95e5,1.659
2026-10-09T19:07Z,13586,gA,1.759
2026-10-09T19:07Z,13604,g95e5,1.659
2026-10-09T19:07Z,13623,g95e5,1.599
2026-10-09T19:07Z,13623,gA,1.699
2026-10-09T19:07Z,13639,gA,1.619
2026-10-09T19:07Z,13689,gA,1.780
2026-10-09T19:07Z,13698,g95e5,1.619
2026-10-09T19:07Z,13698,gA,1.709
2026-10-09T19:07Z,13736,gA,1.990
2026-10-09T19:07Z,13736,gP,2.070
2026-10-09T19:07Z,13749,gA,1.799
2026-10-09T19:07Z,13769,gA,1.799
2026-10-09T19:07Z,13815,g95e5,1.715
2026-10-09T19:07Z,13815,gA,1.822
2026-10-09T19:07Z,13870,g95e5,1.685
2026-10-09T19:07Z,13870,gA,1.795
2026-10-09T19:07Z,13870,gP,1.845
2026-10-09T19:07Z,13946,g95e5,1.750
2026-10-09T19:07Z,13946,gA,1.855
2026-10-09T19:07Z,13966,gA,1.619
2026-10-09T19:07Z,14009,g95e5,1.619
2026-10-09T19:07Z,14009,gA,1.709
2026-10-09T19:07Z,14016,g95e5,1.659
2026-10-09T19:07Z,14057,g95e5,1.815
2026-10-09T19:07Z,14094,g95e5,1.659
2026-10-09T19:07Z,14094,gA,1.759
2026-10-09T19:07Z,14113,g95e5,1.669
2026-10-09T19:07Z,14123,g95e5,1.833
2026-10-09T19:07Z,14123,gA,1.940
2026-10-09T19:07Z,14123,gP,2.039
2026-10-09T19:07Z,14129,g95e5,1.719
2026-10-09T19:07Z,14129,gA,1.829
2026-10-09T19:07Z,14143,g95e5,1.709
2026-10-09T19:07Z,14143,gA,1.829
2026-10-09T19:07Z,14143,gP,1.859
2026-10-09T19:07Z,14148,g95e5,1.709
2026-10-09T19:07Z,14148,gA,1.799
2026-10-09T19:07Z,14154,g95e5,1.848
2026-10-09T19:07Z,14271,g95e5,1.729
2026-10-09T19:07Z,14276,g95e5,1.864
2026-10-09T19:07Z,14276,gA,1.999
2026-10-09T19:07Z,14276,gB,1.894
2026-10-09T19:07Z,14290,g95e5,1.699
2026-10-09T19:07Z,14290,gA,1.799
2026-10-09T19:07Z,14290,gP,1.809
2026-10-09T19:07Z,14307,gA,1.799
2026-10-09T19:07Z,14339,gA,1.799
2026-10-09T19:07Z,14339,gP,1.829
2026-10-09T19:07Z,14359,g95e5,1.764
2026-10-09T19:07Z,14359,gA,1.844
2026-10-09T19:07Z,14359,gP,1.894
2026-10-09T19:07Z,14367,g95e5,1.815
2026-10-09T19:07Z,14367,gA,1.935
2026-10-09T19:07Z,14390,gA,1.945
2026-10-09T19:07Z,14472,gA,1.755
2026-10-09T19:07Z,14498,g95e5,1.679
2026-10-09T19:07Z,14498,gA,1.799
2026-10-09T19:07Z,14607,gA,1.789
2026-10-09T19:07Z,14651,g95e5,1.699
2026-10-09T19:07Z,14651,gA,1.799
2026-10-09T19:07Z,14651,gP,1.899
2026-10-09T19:07Z,14651,g95e5p,1.799
2026-10-09T19:07Z,14681,g95e5,1.808
2026-10-09T19:07Z,14681,gA,1.914
2026-10-09T19:07Z,14681,gP,2.015
2026-10-09T19:07Z,14684,gA,1.799
2026-10-09T19:07Z,14714,g95e5,1.679
2026-10-09T19:07Z,14714,gA,1.779
2026-10-09T19:07Z,14737,gA,1.799
2026-10-09T19:07Z,14737,gP,1.829
2026-10-09T19:07Z,14901,gA,1.890
2026-10-09T19:07Z,14901,gP,2.010
2026-10-09T19:07Z,14902,g95e5,1.699
2026-10-09T19:07Z,14902,gA,1.799
2026-10-09T19:07Z,14902,gP,1.809
2026-10-09T19:07Z,14923,g95e5,1.849
2026-10-09T19:07Z,14923,gA,1.969
2026-10-09T19:07Z,14923,gP,2.019
2026-10-09T19:07Z,14923,g95e5p,1.899
2026-10-09T19:07Z,14936,g95e5,1.828
2026-10-09T19:07Z,14936,g95e5p,1.868
2026-10-09T19:07Z,14940,gA,1.739
2026-10-09T19:07Z,14948,gA,1.744
2026-10-09T19:07Z,14951,gA,1.838
2026-10-09T19:07Z,14978,g95e5,1.868
2026-10-09T19:07Z,14994,gA,1.849
2026-10-09T19:07Z,15009,g95e5,1.828
2026-10-09T19:07Z,15009,g95e5p,1.898
2026-10-09T19:07Z,15011,g95e5,1.659
2026-10-09T19:07Z,15011,bio,1.759
2026-10-09T19:07Z,15020,gA,1.799
2026-10-09T19:07Z,15020,gP,1.829
2026-10-09T19:07Z,15021,g95e5,1.705
2026-10-09T19:07Z,15027,g95e5,1.689
2026-10-09T19:07Z,15027,gA,1.769
2026-10-09T19:07Z,15027,gP,1.789
2026-10-09T19:07Z,15028,g95e5,1.639
2026-10-09T19:07Z,15029,g95e5,1.669
2026-10-09T19:07Z,15029,gA,1.769
2026-10-09T19:07Z,15041,g95e5,1.659
2026-10-09T19:07Z,15041,gA,1.759
2026-10-09T19:07Z,15065,g95e5,1.709
2026-10-09T19:07Z,15070,gA,1.819
2026-10-09T19:07Z,15087,g95e5,1.824
2026-10-09T19:07Z,15087,gA,1.904
2026-10-09T19:07Z,15087,gP,1.954
2026-10-09T19:07Z,15087,g98e5,1.964
2026-10-09T19:07Z,15126,g95e5,1.699
2026-10-09T19:07Z,15126,gA,1.767
2026-10-09T19:07Z,15138,g95e5,1.689
2026-10-09T19:07Z,15149,g95e5,1.879
2026-10-09T19:07Z,15149,gA,1.989
2026-10-09T19:07Z,15165,gA,1.899
2026-10-09T19:07Z,15165,gP,2.000
2026-10-09T19:07Z,15171,g95e5,1.858
2026-10-09T19:07Z,15251,g95e5,1.719
2026-10-09T19:07Z,15251,gA,1.839
2026-10-09T19:07Z,15267,g95e5,1.659
2026-10-09T19:07Z,15317,g95e5,1.785
2026-10-09T19:07Z,15458,gA,1.799
2026-10-09T19:07Z,15485,gA,1.759
2026-10-09T19:07Z,15485,gP,1.779
2026-10-09T19:07Z,15506,g95e5,1.599
2026-10-09T19:07Z,15506,gA,1.600
2026-10-09T19:07Z,15542,gB,1.589
2026-10-09T19:07Z,15549,gA,1.990
2026-10-09T19:07Z,15549,gP,2.050
2026-10-09T19:07Z,15550,g95e5,1.719
2026-10-09T19:07Z,15550,gA,1.799
2026-10-09T19:07Z,15559,g95e5,1.749
2026-10-09T19:07Z,15574,gA,1.835
2026-10-09T19:07Z,15578,g95e5,1.868
2026-10-09T19:07Z,15578,g95e5p,1.908
2026-10-09T19:07Z,15604,g95e5,1.659
2026-10-09T19:07Z,15604,gA,1.759
2026-10-09T19:07Z,15609,gA,1.939
2026-10-09T19:07Z,15609,gP,1.969
2026-10-09T19:07Z,15625,gA,1.839
2026-10-09T19:07Z,15658,g95e5,1.843
2026-10-09T19:07Z,15698,g95e5,1.659
2026-10-09T19:07Z,15698,gA,1.759
2026-10-09T19:07Z,15728,g95e5,1.707
2026-10-09T19:07Z,15769,g95e5,1.838
2026-10-09T19:07Z,15769,g95e5p,1.888
2026-10-09T19:07Z,15806,g95e5,1.858
2026-10-09T19:07Z,15806,gA,1.975
2026-10-09T19:07Z,15806,gP,2.110
2026-10-09T19:07Z,15806,g95e5p,1.928
2026-10-09T19:07Z,15817,gA,1.819
2026-10-09T19:07Z,15835,gA,1.859
2026-10-09T19:07Z,15857,gA,1.739
2026-10-09T19:07Z,15888,g95e5,1.689
2026-10-09T19:07Z,15888,gA,1.769
2026-10-09T19:07Z,15914,g95e5,1.719
2026-10-09T19:07Z,15914,gA,1.759
2026-10-09T19:07Z,15914,glp,1.035
2026-10-09T19:07Z,15986,g95e5,1.749
2026-10-09T19:07Z,16003,g95e5,1.609
2026-10-09T19:07Z,16003,gA,1.709
2026-10-09T19:07Z,16018,g95e5,1.679
2026-10-09T19:07Z,16018,gA,1.799
2026-10-09T19:07Z,16023,gA,1.699
2026-10-09T19:07Z,16048,g95e5,1.689
2026-10-09T19:07Z,16072,gA,1.955
2026-10-09T19:07Z,16141,gA,1.819
2026-10-09T19:07Z,16145,gA,1.835
2026-10-09T19:07Z,16152,gA,1.669
2026-10-09T19:07Z,16175,gA,1.799
2026-10-09T19:07Z,16175,gP,1.809
2026-10-09T19:07Z,16186,g95e5,1.679
2026-10-09T19:07Z,16186,gA,1.799
2026-10-09T19:07Z,16186,gP,1.819
2026-10-09T19:07Z,16193,g95e5,1.679
2026-10-09T19:07Z,16193,gA,1.799
2026-10-09T19:07Z,16196,g95e5,1.409
2026-10-09T19:07Z,16196,gA,1.569
2026-10-09T19:07Z,16243,g95e5,1.838
2026-10-09T19:07Z,16243,gA,1.964
2026-10-09T19:07Z,16243,gP,2.050
2026-10-09T19:07Z,16264,g95e5,1.589
2026-10-09T19:07Z,16264,gA,1.689
2026-10-09T19:07Z,16266,gA,1.939
2026-10-09T19:07Z,16266,gP,1.969
2026-10-09T19:07Z,16281,g95e5,1.815
2026-10-09T19:07Z,16281,gA,1.805
2026-10-09T19:07Z,16286,g95e5,1.679
2026-10-09T19:07Z,16286,gA,1.799
2026-10-09T19:07Z,16289,g95e5,1.659
2026-10-09T19:07Z,16289,gA,1.739
2026-10-09T19:07Z,16294,g95e5,1.715
2026-10-09T19:07Z,16310,g95e5,1.659
2026-10-09T19:07Z,16310,gA,1.739
2026-10-09T19:07Z,16310,gP,1.759
2026-10-09T19:07Z,16310,g95e5p,1.679
2026-10-09T19:07Z,16311,g95e5,1.689
2026-10-09T19:07Z,16311,gA,1.769
2026-10-09T19:07Z,16313,g95e5,1.649
2026-10-09T19:07Z,16313,gA,1.699
2026-10-09T19:07Z,16331,g95e5,1.604
2026-10-09T19:07Z,16331,gA,1.595
2026-10-09T19:07Z,16378,gA,1.739
2026-10-09T19:07Z,16378,gP,1.819
2026-10-09T19:07Z,16378,g95e10,1.595
2026-10-09T19:07Z,16380,g95e5,1.659
2026-10-09T19:07Z,16380,gA,1.739
2026-10-09T19:07Z,16386,gA,1.699
2026-10-09T19:07Z,16410,gA,1.789
2026-10-09T19:07Z,16415,g95e5,1.739
2026-10-09T19:07Z,16415,gA,1.849
2026-10-09T19:07Z,16415,g98e5,1.859
2026-10-09T19:07Z,16433,g95e5,1.659
2026-10-09T19:07Z,16433,gA,1.739
2026-10-09T19:07Z,16440,g95e5,1.589
2026-10-09T19:07Z,16440,gA,1.689
2026-10-09T19:07Z,16440,gP,1.699
2026-10-09T19:07Z,16440,g95e5p,1.599
2026-10-09T19:07Z,16504,gA,1.729
2026-10-09T19:07Z,16513,g95e5,1.679
2026-10-09T19:07Z,16513,gA,1.739
2026-10-09T19:07Z,16522,g95e5,1.719
2026-10-09T19:07Z,16522,gA,1.759
2026-10-09T19:07Z,16530,g95e5,1.670
2026-10-09T19:07Z,16537,g95e5,1.859
2026-10-09T19:07Z,16537,gA,1.959
2026-10-09T19:07Z,16537,gP,2.059
2026-10-09T23:37Z,3,g95e5,1.885
2026-10-09T23:37Z,3,gA,2.019
2026-10-09T23:37Z,3,gP,2.069
2026-10-09T23:37Z,3,g98e5,2.015
2026-10-09T23:37Z,6,gA,2.020
2026-10-09T23:37Z,6,gP,2.135
2026-10-09T23:37Z,11,gB,1.928
2026-10-09T23:37Z,16,g95e5,1.865
2026-10-09T23:37Z,16,gA,1.989
2026-10-09T23:37Z,16,g98e5,2.025
2026-10-09T23:37Z,28,g95e5,1.859
2026-10-09T23:37Z,28,gA,1.999
2026-10-09T23:37Z,28,gP,2.049
2026-10-09T23:37Z,28,g98e5,1.999
2026-10-09T23:37Z,45,gA,2.009
2026-10-09T23:37Z,45,gP,2.109
2026-10-09T23:37Z,46,g95e5,1.879
2026-10-09T23:37Z,46,gA,1.989
2026-10-09T23:37Z,46,g98e5,1.989
2026-10-09T23:37Z,47,g95e5,1.885
2026-10-09T23:37Z,47,gA,1.979
2026-10-09T23:37Z,47,gP,2.029
2026-10-09T23:37Z,47,g98e5,2.045
2026-10-09T23:37Z,47,g95e5p,1.955
2026-10-09T23:37Z,48,g95e5,1.885
2026-10-09T23:37Z,48,gA,2.019
2026-10-09T23:37Z,48,g98e5,2.015
2026-10-09T23:37Z,48,gB,1.899
2026-10-09T23:37Z,49,g95e5,1.885
2026-10-09T23:37Z,49,gA,2.019
2026-10-09T23:37Z,49,g98e5,2.015
2026-10-09T23:37Z,49,gB,1.899
2026-10-09T23:37Z,51,g95e5,1.849
2026-10-09T23:37Z,51,gA,1.975
2026-10-09T23:37Z,51,g98e5,2.009
2026-10-09T23:37Z,51,gB,1.869
2026-10-09T23:37Z,52,g95e5,1.855
2026-10-09T23:37Z,52,gA,2.015
2026-10-09T23:37Z,52,gP,2.065
2026-10-09T23:37Z,52,g98e5,1.965
2026-10-09T23:37Z,55,g95e5,1.855
2026-10-09T23:37Z,55,gP,2.059
2026-10-09T23:37Z,55,g98e5,2.015
2026-10-09T23:37Z,55,gB,1.865
2026-10-09T23:37Z,57,g95e5,1.855
2026-10-09T23:37Z,57,gA,1.979
2026-10-09T23:37Z,57,g98e5,2.015
2026-10-09T23:37Z,59,g98e5,2.029
2026-10-09T23:37Z,60,g95e5,1.855
2026-10-09T23:37Z,60,gA,2.015
2026-10-09T23:37Z,60,g98e5,1.965
2026-10-09T23:37Z,61,g95e5,1.859
2026-10-09T23:37Z,61,g98e5,1.979
2026-10-09T23:37Z,63,g95e5,1.889
2026-10-09T23:37Z,63,gA,2.009
2026-10-09T23:37Z,63,gP,2.059
2026-10-09T23:37Z,63,g98e5,1.999
2026-10-09T23:37Z,64,g95e5,1.855
2026-10-09T23:37Z,64,gA,2.015
2026-10-09T23:37Z,64,g98e5,2.015
2026-10-09T23:37Z,65,gA,1.989
2026-10-09T23:37Z,65,g98e5,1.989
2026-10-09T23:37Z,66,g95e5,1.744
2026-10-09T23:37Z,66,gA,1.824
2026-10-09T23:37Z,66,gP,1.874
2026-10-09T23:37Z,66,g95e5p,1.794
2026-10-09T23:37Z,67,g95e5,1.829
2026-10-09T23:37Z,67,gA,1.939
2026-10-09T23:37Z,67,gP,1.989
2026-10-09T23:37Z,68,g95e5,1.829
2026-10-09T23:37Z,68,gA,1.939
2026-10-09T23:37Z,68,gP,1.989
2026-10-09T23:37Z,68,g98e5,1.939
2026-10-09T23:37Z,72,g95e5,1.739
2026-10-09T23:37Z,72,gA,1.839
2026-10-09T23:37Z,72,gP,1.889
2026-10-09T23:37Z,72,g95e5p,1.789
2026-10-09T23:37Z,76,g95e5,1.699
2026-10-09T23:37Z,76,gA,1.779
2026-10-09T23:37Z,76,gP,1.829
2026-10-09T23:37Z,76,g95e5p,1.749
2026-10-09T23:37Z,77,gA,2.020
2026-10-09T23:37Z,77,gP,2.135
2026-10-09T23:37Z,78,gA,2.020
2026-10-09T23:37Z,78,gP,2.070
2026-10-09T23:37Z,79,gA,2.015
2026-10-09T23:37Z,79,g98e5,1.995
2026-10-09T23:37Z,80,g95e5,1.855
2026-10-09T23:37Z,80,gA,1.979
2026-10-09T23:37Z,80,g98e5,2.015
2026-10-09T23:37Z,83,g95e5,1.849
2026-10-09T23:37Z,83,gA,1.995
2026-10-09T23:37Z,83,gP,2.045
2026-10-09T23:37Z,83,gB,1.869
2026-10-09T23:37Z,84,g95e5,1.889
2026-10-09T23:37Z,84,gA,1.979
2026-10-09T23:37Z,84,g98e5,1.999
2026-10-09T23:37Z,84,g95e5p,1.959
2026-10-09T23:37Z,86,g95e5,1.855
2026-10-09T23:37Z,86,gA,1.979
2026-10-09T23:37Z,86,g98e5,2.015
2026-10-09T23:37Z,87,g95e5,1.859
2026-10-09T23:37Z,87,gA,1.989
2026-10-09T23:37Z,88,g95e5,1.865
2026-10-09T23:37Z,88,gA,2.015
2026-10-09T23:37Z,88,g98e5,1.975
2026-10-09T23:37Z,93,g95e5,1.889
2026-10-09T23:37Z,93,gA,1.979
2026-10-09T23:37Z,93,g98e5,1.999
2026-10-09T23:37Z,97,g95e5,1.855
2026-10-09T23:37Z,97,gA,1.985
2026-10-09T23:37Z,97,g98e5,2.015
2026-10-09T23:37Z,100,g95e5,1.865
2026-10-09T23:37Z,100,gA,1.989
2026-10-09T23:37Z,100,gP,2.089
2026-10-09T23:37Z,101,g95e5,1.855
2026-10-09T23:37Z,101,gA,1.979
2026-10-09T23:37Z,101,g98e5,2.015
2026-10-09T23:37Z,101,gB,1.865
2026-10-09T23:37Z,103,g95e5,1.879
2026-10-09T23:37Z,103,gA,1.989
2026-10-09T23:37Z,103,g98e5,1.989
2026-10-09T23:37Z,104,g98e5,1.959
2026-10-09T23:37Z,105,g98e5,1.959
2026-10-09T23:37Z,106,g98e5,1.959
2026-10-09T23:37Z,107,g98e5,1.959
2026-10-09T23:37Z,110,gA,2.020
2026-10-09T23:37Z,110,gP,2.135
2026-10-09T23:37Z,111,gA,2.015
2026-10-09T23:37Z,111,g98e5,2.015
2026-10-09T23:37Z,112,gA,2.015
2026-10-09T23:37Z,112,g98e5,2.015
2026-10-09T23:37Z,118,gA,1.999
2026-10-09T23:37Z,118,g98e5,1.999
2026-10-09T23:37Z,121,g95e5,1.859
2026-10-09T23:37Z,121,g98e5,1.979
2026-10-09T23:37Z,122,gA,1.999
2026-10-09T23:37Z,122,g98e5,1.989
2026-10-09T23:37Z,125,gA,2.020
2026-10-09T23:37Z,125,gP,2.135
2026-10-09T23:37Z,126,gA,2.020
2026-10-09T23:37Z,126,gP,2.135
2026-10-09T23:37Z,127,g95e5,1.855
2026-10-09T23:37Z,127,gA,2.015
2026-10-09T23:37Z,127,g98e5,1.965
2026-10-09T23:37Z,128,g95e5,1.855
2026-10-09T23:37Z,128,gA,2.015
2026-10-09T23:37Z,128,g98e5,1.965
2026-10-09T23:37Z,130,g95e5,1.855
2026-10-09T23:37Z,130,gA,1.979
2026-10-09T23:37Z,130,g98e5,1.965
2026-10-09T23:37Z,133,g95e5,1.895
2026-10-09T23:37Z,133,gA,1.989
2026-10-09T23:37Z,133,g98e5,2.005
2026-10-09T23:37Z,134,g95e5,1.889
2026-10-09T23:37Z,134,gA,2.015
2026-10-09T23:37Z,134,g98e5,1.999
2026-10-09T23:37Z,135,g95e5,1.889
2026-10-09T23:37Z,135,gA,2.015
2026-10-09T23:37Z,136,g95e5,1.875
2026-10-09T23:37Z,136,gA,1.995
2026-10-09T23:37Z,136,g98e5,1.985
2026-10-09T23:37Z,137,g95e5,1.889
2026-10-09T23:37Z,137,gA,1.995
2026-10-09T23:37Z,137,gP,2.045
2026-10-09T23:37Z,138,g95e5,1.855
2026-10-09T23:37Z,138,gA,2.015
2026-10-09T23:37Z,138,gB,1.905
2026-10-09T23:37Z,139,g95e5,1.855
2026-10-09T23:37Z,139,gA,1.979
2026-10-09T23:37Z,139,gP,2.039
2026-10-09T23:37Z,139,g98e5,2.015
2026-10-09T23:37Z,140,g95e5,1.859
2026-10-09T23:37Z,140,g98e5,1.979
2026-10-09T23:37Z,141,gP,2.049
2026-10-09T23:37Z,141,g98e5,1.999
2026-10-09T23:37Z,142,g95e5,1.895
2026-10-09T23:37Z,142,gA,2.019
2026-10-09T23:37Z,142,g98e5,2.005
2026-10-09T23:37Z,143,g95e5,1.889
2026-10-09T23:37Z,143,gA,1.979
2026-10-09T23:37Z,143,g98e5,1.999
2026-10-09T23:37Z,145,gA,2.020
2026-10-09T23:37Z,145,gP,2.135
2026-10-09T23:37Z,146,gA,2.020
2026-10-09T23:37Z,146,gP,2.135
2026-10-09T23:37Z,163,g95e5,1.789
2026-10-09T23:37Z,163,gA,1.849
2026-10-09T23:37Z,163,gP,1.899
2026-10-09T23:37Z,164,g95e5,1.839
2026-10-09T23:37Z,164,gA,1.925
2026-10-09T23:37Z,164,gP,2.015
2026-10-09T23:37Z,165,gA,2.000
2026-10-09T23:37Z,169,g95e5,1.889
2026-10-09T23:37Z,169,gA,2.005
2026-10-09T23:37Z,170,g95e5,1.839
2026-10-09T23:37Z,170,gA,1.925
2026-10-09T23:37Z,170,gP,2.015
2026-10-09T23:37Z,170,g98e5,1.979
2026-10-09T23:37Z,172,g95e5,1.815
2026-10-09T23:37Z,172,gA,1.955
2026-10-09T23:37Z,172,gP,2.045
2026-10-09T23:37Z,172,g98e5,1.955
2026-10-09T23:37Z,175,g95e5,1.845
2026-10-09T23:37Z,175,gA,1.985
2026-10-09T23:37Z,175,g98e5,2.005
2026-10-09T23:37Z,176,g95e5,1.845
2026-10-09T23:37Z,176,gA,1.985
2026-10-09T23:37Z,177,g95e5,1.869
2026-10-09T23:37Z,177,gA,1.985
2026-10-09T23:37Z,177,g98e5,2.009
2026-10-09T23:37Z,178,g95e5,1.869
2026-10-09T23:37Z,178,gA,1.985
2026-10-09T23:37Z,178,g98e5,2.009
2026-10-09T23:37Z,180,g95e5,1.845
2026-10-09T23:37Z,180,gA,1.979
2026-10-09T23:37Z,180,g98e5,1.955
2026-10-09T23:37Z,180,gB,1.875
2026-10-09T23:37Z,181,g95e5,1.845
2026-10-09T23:37Z,181,gA,1.975
2026-10-09T23:37Z,181,g98e5,1.955
2026-10-09T23:37Z,182,g95e5,1.845
2026-10-09T23:37Z,182,gA,1.985
2026-10-09T23:37Z,182,g98e5,2.005
2026-10-09T23:37Z,183,g95e5,1.889
2026-10-09T23:37Z,183,gA,2.019
2026-10-09T23:37Z,183,g98e5,1.999
2026-10-09T23:37Z,185,g95e5,1.849
2026-10-09T23:37Z,185,gA,1.975
2026-10-09T23:37Z,186,g95e5,1.875
2026-10-09T23:37Z,186,gA,2.015
2026-10-09T23:37Z,186,g98e5,1.985
2026-10-09T23:37Z,187,g95e5,1.855
2026-10-09T23:37Z,187,gA,1.985
2026-10-09T23:37Z,187,g98e5,1.965
2026-10-09T23:37Z,188,g95e5,1.845
2026-10-09T23:37Z,188,gA,2.005
2026-10-09T23:37Z,188,g98e5,2.005
2026-10-09T23:37Z,193,g95e5,1.849
2026-10-09T23:37Z,193,gA,1.989
2026-10-09T23:37Z,200,g95e5,1.889
2026-10-09T23:37Z,200,gA,1.985
2026-10-09T23:37Z,200,g98e5,2.009
2026-10-09T23:37Z,201,g95e5,1.889
2026-10-09T23:37Z,201,gA,1.999
2026-10-09T23:37Z,201,g98e5,2.009
2026-10-09T23:37Z,202,g95e5,1.889
2026-10-09T23:37Z,202,gA,1.999
2026-10-09T23:37Z,202,g98e5,2.009
2026-10-09T23:37Z,203,g95e5,1.889
2026-10-09T23:37Z,203,gA,2.015
2026-10-09T23:37Z,203,g98e5,1.999
2026-10-09T23:37Z,203,g95e5p,1.959
2026-10-09T23:37Z,204,g95e5,1.889
2026-10-09T23:37Z,204,gA,2.015
2026-10-09T23:37Z,204,g98e5,1.999
2026-10-09T23:37Z,204,g95e5p,1.959
2026-10-09T23:37Z,206,g95e5,1.889
2026-10-09T23:37Z,206,gA,1.985
2026-10-09T23:37Z,206,g98e5,2.009
2026-10-09T23:37Z,207,gA,2.019
2026-10-09T23:37Z,208,gA,2.019
2026-10-09T23:37Z,209,g95e5,1.845
2026-10-09T23:37Z,209,gA,1.979
2026-10-09T23:37Z,209,g98e5,1.955
2026-10-09T23:37Z,209,gB,1.895
2026-10-09T23:37Z,211,g95e5,1.879
2026-10-09T23:37Z,211,gA,1.989
2026-10-09T23:37Z,211,g98e5,1.989
2026-10-09T23:37Z,216,g95e5,1.889
2026-10-09T23:37Z,216,gA,1.985
2026-10-09T23:37Z,227,gA,1.999
2026-10-09T23:37Z,228,g95e5,1.859
2026-10-09T23:37Z,228,gA,1.975
2026-10-09T23:37Z,228,g98e5,2.019
2026-10-09T23:37Z,229,gA,1.975
2026-10-09T23:37Z,229,g98e5,1.989
2026-10-09T23:37Z,232,g95e5,1.865
2026-10-09T23:37Z,232,gA,1.975
2026-10-09T23:37Z,232,g98e5,1.975
2026-10-09T23:37Z,232,g95e5p,1.945
2026-10-09T23:37Z,233,g95e5,1.865
2026-10-09T23:37Z,233,gA,1.975
2026-10-09T23:37Z,233,g98e5,1.975
2026-10-09T23:37Z,233,g95e5p,1.945
2026-10-09T23:37Z,234,g95e5,1.845
2026-10-09T23:37Z,234,gA,1.995
2026-10-09T23:37Z,234,g98e5,1.965
2026-10-09T23:37Z,237,g95e5,1.855
2026-10-09T23:37Z,237,gA,1.985
2026-10-09T23:37Z,239,g95e5,1.875
2026-10-09T23:37Z,239,gA,1.985
2026-10-09T23:37Z,239,g98e5,1.985
2026-10-09T23:37Z,240,g95e5,1.875
2026-10-09T23:37Z,240,gA,1.985
2026-10-09T23:37Z,240,g98e5,1.985
2026-10-09T23:37Z,241,g95e5,1.849
2026-10-09T23:37Z,241,gA,2.019
2026-10-09T23:37Z,242,g95e5,1.889
2026-10-09T23:37Z,242,gA,1.999
2026-10-09T23:37Z,242,g98e5,2.009
2026-10-09T23:37Z,243,g95e5,1.889
2026-10-09T23:37Z,243,gA,2.019
2026-10-09T23:37Z,243,g98e5,1.999
2026-10-09T23:37Z,244,g95e5,1.889
2026-10-09T23:37Z,244,gA,1.999
2026-10-09T23:37Z,245,g95e5,1.889
2026-10-09T23:37Z,245,gA,1.999
2026-10-09T23:37Z,245,g98e5,1.999
2026-10-09T23:37Z,246,g95e5,1.889
2026-10-09T23:37Z,246,gA,1.999
2026-10-09T23:37Z,246,g98e5,2.009
2026-10-09T23:37Z,247,gA,1.991
2026-10-09T23:37Z,247,gP,2.065
2026-10-09T23:37Z,256,gP,1.869
2026-10-09T23:37Z,258,g95e5,1.785
2026-10-09T23:37Z,258,gA,1.855
2026-10-09T23:37Z,258,g98e5,1.955
2026-10-09T23:37Z,260,gA,1.859
2026-10-09T23:37Z,273,gA,1.989
2026-10-09T23:37Z,278,g95e5,1.698
2026-10-09T23:37Z,278,gA,1.778
2026-10-09T23:37Z,278,g98e5,1.828
2026-10-09T23:37Z,308,g95e5,1.729
2026-10-09T23:37Z,308,gA,1.759
2026-10-09T23:37Z,308,gP,1.809
2026-10-09T23:37Z,308,g95e5p,1.779
2026-10-09T23:37Z,325,g95e5,1.815
2026-10-09T23:37Z,325,gA,1.939
2026-10-09T23:37Z,330,g95e5,1.825
2026-10-09T23:37Z,330,g98e5,1.965
2026-10-09T23:37Z,332,g95e5,1.855
2026-10-09T23:37Z,332,gP,2.009
2026-10-09T23:37Z,332,g98e5,1.965
2026-10-09T23:37Z,334,g95e5,1.819
2026-10-09T23:37Z,334,gA,1.945
2026-10-09T23:37Z,334,gP,2.045
2026-10-09T23:37Z,334,gB,1.819
2026-10-09T23:37Z,335,g95e5,1.839
2026-10-09T23:37Z,335,gA,1.965
2026-10-09T23:37Z,335,gP,2.065
2026-10-09T23:37Z,335,g98e5,1.969
2026-10-09T23:37Z,336,g95e5,1.869
2026-10-09T23:37Z,336,gA,2.005
2026-10-09T23:37Z,337,g95e5,1.865
2026-10-09T23:37Z,337,gA,1.985
2026-10-09T23:37Z,337,g98e5,2.015
2026-10-09T23:37Z,338,g95e5,1.869
2026-10-09T23:37Z,338,gA,2.005
2026-10-09T23:37Z,338,g98e5,1.979
2026-10-09T23:37Z,340,g95e5,1.865
2026-10-09T23:37Z,340,gA,1.985
2026-10-09T23:37Z,340,g98e5,2.015
2026-10-09T23:37Z,348,g95e5,1.839
2026-10-09T23:37Z,348,gA,1.979
2026-10-09T23:37Z,348,gP,2.069
2026-10-09T23:37Z,348,g98e5,1.949
2026-10-09T23:37Z,348,gB,1.815
2026-10-09T23:37Z,356,g95e5,1.869
2026-10-09T23:37Z,356,gA,1.985
2026-10-09T23:37Z,356,gP,2.035
2026-10-09T23:37Z,358,g95e5,1.724
2026-10-09T23:37Z,358,gA,1.844
2026-10-09T23:37Z,358,gP,1.894
2026-10-09T23:37Z,358,g95e5p,1.774
2026-10-09T23:37Z,374,g95e5,1.839
2026-10-09T23:37Z,374,gA,1.975
2026-10-09T23:37Z,375,g95e5,1.865
2026-10-09T23:37Z,375,gA,2.029
2026-10-09T23:37Z,378,g95e5,1.839
2026-10-09T23:37Z,378,gA,1.989
2026-10-09T23:37Z,378,gP,2.039
2026-10-09T23:37Z,378,g98e5,1.949
2026-10-09T23:37Z,380,g95e5,1.839
2026-10-09T23:37Z,380,gA,1.965
2026-10-09T23:37Z,380,g98e5,1.999
2026-10-09T23:37Z,380,gB,1.819
2026-10-09T23:37Z,381,g95e5,1.839
2026-10-09T23:37Z,381,gA,1.965
2026-10-09T23:37Z,381,gB,1.829
2026-10-09T23:37Z,383,g95e5,1.865
2026-10-09T23:37Z,383,gA,2.029
2026-10-09T23:37Z,383,g98e5,1.985
2026-10-09T23:37Z,383,gB,1.879
2026-10-09T23:37Z,384,g95e5,1.875
2026-10-09T23:37Z,384,gA,1.999
2026-10-09T23:37Z,384,gP,2.099
2026-10-09T23:37Z,384,g98e5,2.035
2026-10-09T23:37Z,384,gB,1.845
2026-10-09T23:37Z,385,gA,2.014
2026-10-09T23:37Z,385,gP,2.115
2026-10-09T23:37Z,386,g95e5,1.859
2026-10-09T23:37Z,389,g95e5,1.839
2026-10-09T23:37Z,389,gA,1.975
2026-10-09T23:37Z,389,gP,2.025
2026-10-09T23:37Z,389,gB,1.879
2026-10-09T23:37Z,390,g95e5,1.905
2026-10-09T23:37Z,390,gA,2.029
2026-10-09T23:37Z,390,g98e5,2.015
2026-10-09T23:37Z,390,gB,1.879
2026-10-09T23:37Z,391,g95e5,1.849
2026-10-09T23:37Z,391,gA,1.985
2026-10-09T23:37Z,391,gB,1.819
2026-10-09T23:37Z,392,g98e5,2.058
2026-10-09T23:37Z,394,g95e5,1.889
2026-10-09T23:37Z,394,gA,2.029
2026-10-09T23:37Z,394,g98e5,1.999
2026-10-09T23:37Z,397,g95e5,1.865
2026-10-09T23:37Z,397,gA,1.985
2026-10-09T23:37Z,397,gP,2.035
2026-10-09T23:37Z,397,gB,1.875
2026-10-09T23:37Z,398,g95e5,1.839
2026-10-09T23:37Z,398,gA,2.019
2026-10-09T23:37Z,398,gP,2.069
2026-10-09T23:37Z,398,g98e5,1.949
2026-10-09T23:37Z,399,g95e5,1.839
2026-10-09T23:37Z,399,gA,1.965
2026-10-09T23:37Z,401,g95e5,1.839
2026-10-09T23:37Z,401,gA,1.965
2026-10-09T23:37Z,401,gB,1.879
2026-10-09T23:37Z,406,gA,1.979
2026-10-09T23:37Z,406,gP,2.029
2026-10-09T23:37Z,406,g98e5,1.949
2026-10-09T23:37Z,407,g95e5,1.895
2026-10-09T23:37Z,407,gA,2.009
2026-10-09T23:37Z,407,gP,2.069
2026-10-09T23:37Z,407,g98e5,2.005
2026-10-09T23:37Z,409,g95e5,1.769
2026-10-09T23:37Z,409,gA,1.919
2026-10-09T23:37Z,409,gP,1.969
2026-10-09T23:37Z,409,g95e5p,1.819
2026-10-09T23:37Z,410,g95e5,1.889
2026-10-09T23:37Z,410,gA,2.009
2026-10-09T23:37Z,410,gP,2.059
2026-10-09T23:37Z,410,g98e5,1.999
2026-10-09T23:37Z,411,g95e5,1.889
2026-10-09T23:37Z,411,gA,2.009
2026-10-09T23:37Z,411,gP,2.059
2026-10-09T23:37Z,411,g98e5,1.999
2026-10-09T23:37Z,413,g95e5,1.895
2026-10-09T23:37Z,413,gA,2.009
2026-10-09T23:37Z,413,gP,2.069
2026-10-09T23:37Z,413,g98e5,2.005
2026-10-09T23:37Z,415,g95e5,1.809
2026-10-09T23:37Z,415,gA,1.959
2026-10-09T23:37Z,415,gP,2.009
2026-10-09T23:37Z,416,gA,2.010
2026-10-09T23:37Z,416,gP,2.090
2026-10-09T23:37Z,417,gA,2.010
2026-10-09T23:37Z,417,gP,2.090
2026-10-09T23:37Z,418,gA,2.020
2026-10-09T23:37Z,418,gP,2.095
2026-10-09T23:37Z,418,gB,1.854
2026-10-09T23:37Z,425,gA,2.010
2026-10-09T23:37Z,425,gP,2.085
2026-10-09T23:37Z,442,g95e5,1.835
2026-10-09T23:37Z,442,gA,1.959
2026-10-09T23:37Z,442,g98e5,1.995
2026-10-09T23:37Z,443,g95e5,1.835
2026-10-09T23:37Z,443,gA,1.959
2026-10-09T23:37Z,443,g98e5,1.995
2026-10-09T23:37Z,446,gA,1.979
2026-10-09T23:37Z,446,g98e5,2.015
2026-10-09T23:37Z,450,g95e5,1.765
2026-10-09T23:37Z,450,gA,1.909
2026-10-09T23:37Z,450,gP,2.059
2026-10-09T23:37Z,450,g98e5,1.975
2026-10-09T23:37Z,457,g95e5,1.805
2026-10-09T23:37Z,457,gA,1.939
2026-10-09T23:37Z,457,g98e5,1.965
2026-10-09T23:37Z,459,g95e5,1.845
2026-10-09T23:37Z,459,gA,1.949
2026-10-09T23:37Z,459,g98e5,2.005
2026-10-09T23:37Z,459,g95e5p,1.915
2026-10-09T23:37Z,460,g95e5,1.849
2026-10-09T23:37Z,460,gA,1.949
2026-10-09T23:37Z,460,gP,2.014
2026-10-09T23:37Z,460,gB,1.859
2026-10-09T23:37Z,468,g95e5,1.789
2026-10-09T23:37Z,468,gA,1.959
2026-10-09T23:37Z,468,g98e5,1.949
2026-10-09T23:37Z,470,g95e5,1.815
2026-10-09T23:37Z,472,g95e5,1.825
2026-10-09T23:37Z,472,gA,1.939
2026-10-09T23:37Z,473,g95e5,1.815
2026-10-09T23:37Z,473,g98e5,1.975
2026-10-09T23:37Z,475,gA,1.954
2026-10-09T23:37Z,475,gP,2.020
2026-10-09T23:37Z,479,g95e5,1.805
2026-10-09T23:37Z,479,gA,2.005
2026-10-09T23:37Z,479,g98e5,1.965
2026-10-09T23:37Z,479,gB,1.835
2026-10-09T23:37Z,480,g95e5,1.805
2026-10-09T23:37Z,480,gA,1.939
2026-10-09T23:37Z,480,g98e5,1.965
2026-10-09T23:37Z,481,g95e5,1.869
2026-10-09T23:37Z,481,gA,2.005
2026-10-09T23:37Z,481,g98e5,2.009
2026-10-09T23:37Z,481,g95e5p,1.929
2026-10-09T23:37Z,482,g95e5,1.829
2026-10-09T23:37Z,482,g98e5,1.989
2026-10-09T23:37Z,492,g95e5,1.775
2026-10-09T23:37Z,492,gA,1.945
2026-10-09T23:37Z,492,gB,1.809
2026-10-09T23:37Z,495,g95e5,1.865
2026-10-09T23:37Z,495,gA,1.965
2026-10-09T23:37Z,495,g98e5,1.975
2026-10-09T23:37Z,495,g95e5p,1.935
2026-10-09T23:37Z,496,g95e5,1.775
2026-10-09T23:37Z,496,gA,1.965
2026-10-09T23:37Z,496,gP,2.065
2026-10-09T23:37Z,496,gB,1.835
2026-10-09T23:37Z,497,gA,1.970
2026-10-09T23:37Z,497,gP,2.040
2026-10-09T23:37Z,497,gB,1.864
2026-10-09T23:37Z,499,gA,1.954
2026-10-09T23:37Z,499,gP,2.055
2026-10-09T23:37Z,499,gB,1.864
2026-10-09T23:37Z,501,g95e5,1.898
2026-10-09T23:37Z,501,gA,1.987
2026-10-09T23:37Z,501,gP,2.098
2026-10-09T23:37Z,501,g98e5,1.999
2026-10-09T23:37Z,501,gB,1.888
2026-10-09T23:37Z,504,g95e5,1.839
2026-10-09T23:37Z,504,g98e5,1.999
2026-10-09T23:37Z,504,gB,1.789
2026-10-09T23:37Z,506,gA,1.944
2026-10-09T23:37Z,506,gP,2.035
2026-10-09T23:37Z,512,g95e5,1.898
2026-10-09T23:37Z,512,gA,1.987
2026-10-09T23:37Z,512,gP,2.098
2026-10-09T23:37Z,512,g98e5,1.999
2026-10-09T23:37Z,513,gA,1.979
2026-10-09T23:37Z,513,gP,2.040
2026-10-09T23:37Z,514,gA,1.984
2026-10-09T23:37Z,514,gP,2.075
2026-10-09T23:37Z,515,gA,1.984
2026-10-09T23:37Z,515,gP,2.075
2026-10-09T23:37Z,521,g95e5,1.775
2026-10-09T23:37Z,521,gA,1.965
2026-10-09T23:37Z,521,g98e5,1.935
2026-10-09T23:37Z,521,gB,1.855
2026-10-09T23:37Z,524,g95e5,1.805
2026-10-09T23:37Z,524,gA,1.959
2026-10-09T23:37Z,524,gP,2.059
2026-10-09T23:37Z,524,gB,1.835
2026-10-09T23:37Z,527,g95e5,1.775
2026-10-09T23:37Z,527,gA,1.945
2026-10-09T23:37Z,527,g98e5,1.935
2026-10-09T23:37Z,527,gB,1.809
2026-10-09T23:37Z,535,g95e5,1.805
2026-10-09T23:37Z,535,gA,1.989
2026-10-09T23:37Z,535,gB,1.789
2026-10-09T23:37Z,536,g95e5,1.829
2026-10-09T23:37Z,536,gA,1.969
2026-10-09T23:37Z,536,gP,2.069
2026-10-09T23:37Z,536,g98e5,1.979
2026-10-09T23:37Z,537,g95e5,1.785
2026-10-09T23:37Z,537,gA,1.945
2026-10-09T23:37Z,537,gB,1.809
2026-10-09T23:37Z,538,gA,2.010
2026-10-09T23:37Z,538,gP,2.070
2026-10-09T23:37Z,539,gA,2.000
2026-10-09T23:37Z,539,gP,2.095
2026-10-09T23:37Z,544,g95e5,1.795
2026-10-09T23:37Z,544,gA,1.945
2026-10-09T23:37Z,544,g98e5,1.955
2026-10-09T23:37Z,544,gB,1.809
2026-10-09T23:37Z,549,g95e5,1.845
2026-10-09T23:37Z,549,gA,1.969
2026-10-09T23:37Z,549,g98e5,1.955
2026-10-09T23:37Z,549,g95e5p,1.915
2026-10-09T23:37Z,551,g95e5,1.815
2026-10-09T23:37Z,551,gA,1.939
2026-10-09T23:37Z,551,g98e5,1.975
2026-10-09T23:37Z,552,gA,1.974
2026-10-09T23:37Z,552,gP,2.040
2026-10-09T23:37Z,552,gB,1.864
2026-10-09T23:37Z,553,g95e5,1.805
2026-10-09T23:37Z,553,gA,1.969
2026-10-09T23:37Z,554,g95e5,1.829
2026-10-09T23:37Z,554,gA,1.999
2026-10-09T23:37Z,554,g98e5,1.939
2026-10-09T23:37Z,556,g95e5,1.805
2026-10-09T23:37Z,556,gA,1.945
2026-10-09T23:37Z,556,gB,1.819
2026-10-09T23:37Z,557,gA,1.970
2026-10-09T23:37Z,557,gP,2.045
2026-10-09T23:37Z,558,gA,1.970
2026-10-09T23:37Z,558,gP,2.045
2026-10-09T23:37Z,561,g95e5,1.855
2026-10-09T23:37Z,561,gA,1.955
2026-10-09T23:37Z,561,g98e5,2.015
2026-10-09T23:37Z,566,g95e5,1.869
2026-10-09T23:37Z,566,gA,2.005
2026-10-09T23:37Z,566,g98e5,2.019
2026-10-09T23:37Z,567,g95e5,1.825
2026-10-09T23:37Z,567,gA,1.985
2026-10-09T23:37Z,573,g95e5,1.815
2026-10-09T23:37Z,573,gA,1.989
2026-10-09T23:37Z,573,g98e5,1.975
2026-10-09T23:37Z,573,gB,1.859
2026-10-09T23:37Z,576,g95e5,1.775
2026-10-09T23:37Z,576,gA,1.975
2026-10-09T23:37Z,576,gP,2.075
2026-10-09T23:37Z,576,g98e5,1.935
2026-10-09T23:37Z,576,gB,1.845
2026-10-09T23:37Z,577,g95e5,1.829
2026-10-09T23:37Z,577,gA,1.999
2026-10-09T23:37Z,577,g98e5,1.939
2026-10-09T23:37Z,580,g95e5,1.829
2026-10-09T23:37Z,580,gA,1.999
2026-10-09T23:37Z,580,g98e5,1.939
2026-10-09T23:37Z,580,gB,1.809
2026-10-09T23:37Z,583,gA,1.979
2026-10-09T23:37Z,583,gP,2.029
2026-10-09T23:37Z,584,g95e5,1.775
2026-10-09T23:37Z,584,gA,1.945
2026-10-09T23:37Z,584,g98e5,1.935
2026-10-09T23:37Z,585,g95e5,1.835
2026-10-09T23:37Z,585,gA,1.965
2026-10-09T23:37Z,585,g98e5,1.985
2026-10-09T23:37Z,585,gB,1.829
2026-10-09T23:37Z,586,g95e5,1.849
2026-10-09T23:37Z,586,gA,2.005
2026-10-09T23:37Z,586,g98e5,1.959
2026-10-09T23:37Z,586,gB,1.795
2026-10-09T23:37Z,589,g95e5,1.775
2026-10-09T23:37Z,589,gA,1.989
2026-10-09T23:37Z,589,g98e5,1.925
2026-10-09T23:37Z,589,gB,1.825
2026-10-09T23:37Z,596,g95e5,1.839
2026-10-09T23:37Z,596,gP,2.019
2026-10-09T23:37Z,596,g98e5,1.999
2026-10-09T23:37Z,596,g95e5p,1.909
2026-10-09T23:37Z,597,g95e5,1.829
2026-10-09T23:37Z,597,gA,1.945
2026-10-09T23:37Z,597,gP,1.995
2026-10-09T23:37Z,597,gB,1.839
2026-10-09T23:37Z,599,gA,1.899
2026-10-09T23:37Z,599,gP,1.959
2026-10-09T23:37Z,599,g98e5,1.959
2026-10-09T23:37Z,599,gB,1.739
2026-10-09T23:37Z,601,g95e5,1.775
2026-10-09T23:37Z,601,gA,1.945
2026-10-09T23:37Z,601,g98e5,1.925
2026-10-09T23:37Z,604,g95e5,1.825
2026-10-09T23:37Z,604,gA,1.939
2026-10-09T23:37Z,604,gP,2.039
2026-10-09T23:37Z,608,g95e5,1.775
2026-10-09T23:37Z,608,gA,1.945
2026-10-09T23:37Z,608,gB,1.849
2026-10-09T23:37Z,609,g95e5,1.805
2026-10-09T23:37Z,609,gA,1.955
2026-10-09T23:37Z,609,g98e5,1.965
2026-10-09T23:37Z,609,gB,1.869
2026-10-09T23:37Z,611,gA,1.979
2026-10-09T23:37Z,611,gP,2.029
2026-10-09T23:37Z,612,gA,1.979
2026-10-09T23:37Z,612,gP,2.029
2026-10-09T23:37Z,614,g95e5,1.805
2026-10-09T23:37Z,614,gA,1.979
2026-10-09T23:37Z,614,gP,2.079
2026-10-09T23:37Z,614,g98e5,1.965
2026-10-09T23:37Z,614,gB,1.789
2026-10-09T23:37Z,615,g95e5,1.805
2026-10-09T23:37Z,615,g98e5,1.965
2026-10-09T23:37Z,620,g95e5,1.855
2026-10-09T23:37Z,620,gA,1.979
2026-10-09T23:37Z,620,g98e5,2.015
2026-10-09T23:37Z,622,gA,1.949
2026-10-09T23:37Z,622,gB,1.795
2026-10-09T23:37Z,623,g95e5,1.805
2026-10-09T23:37Z,623,gA,1.939
2026-10-09T23:37Z,623,gB,1.805
2026-10-09T23:37Z,626,g95e5,1.865
2026-10-09T23:37Z,626,gA,1.965
2026-10-09T23:37Z,626,g98e5,2.025
2026-10-09T23:37Z,629,g95e5,1.805
2026-10-09T23:37Z,629,gA,1.959
2026-10-09T23:37Z,629,g98e5,1.915
2026-10-09T23:37Z,629,gB,1.809
2026-10-09T23:37Z,630,g95e5,1.785
2026-10-09T23:37Z,630,gA,1.945
2026-10-09T23:37Z,630,g98e5,1.945
2026-10-09T23:37Z,630,gB,1.869
2026-10-09T23:37Z,634,g95e5,1.825
2026-10-09T23:37Z,634,gA,1.965
2026-10-09T23:37Z,634,g98e5,1.935
2026-10-09T23:37Z,637,g95e5,1.825
2026-10-09T23:37Z,637,gA,1.949
2026-10-09T23:37Z,637,gP,2.019
2026-10-09T23:37Z,638,g95e5,1.899
2026-10-09T23:37Z,638,gA,1.979
2026-10-09T23:37Z,641,g95e5,1.765
2026-10-09T23:37Z,641,gA,1.909
2026-10-09T23:37Z,641,g98e5,1.975
2026-10-09T23:37Z,643,g95e5,1.815
2026-10-09T23:37Z,643,gP,2.045
2026-10-09T23:37Z,643,g98e5,1.925
2026-10-09T23:37Z,647,g95e5,1.825
2026-10-09T23:37Z,647,gA,1.979
2026-10-09T23:37Z,647,g98e5,1.935
2026-10-09T23:37Z,648,g95e5,1.805
2026-10-09T23:37Z,648,gA,1.939
2026-10-09T23:37Z,648,gB,1.835
2026-10-09T23:37Z,650,g95e5,1.869
2026-10-09T23:37Z,650,gA,1.999
2026-10-09T23:37Z,650,gP,2.099
2026-10-09T23:37Z,650,g98e5,2.029
2026-10-09T23:37Z,651,g95e5,1.845
2026-10-09T23:37Z,651,gA,1.959
2026-10-09T23:37Z,651,g98e5,2.005
2026-10-09T23:37Z,654,gA,1.979
2026-10-09T23:37Z,654,gP,2.029
2026-10-09T23:37Z,655,gA,1.979
2026-10-09T23:37Z,655,gP,2.029
2026-10-09T23:37Z,661,g95e5,1.839
2026-10-09T23:37Z,661,gA,1.959
2026-10-09T23:37Z,661,gP,2.009
2026-10-09T23:37Z,661,g95e5p,1.889
2026-10-09T23:37Z,674,g95e5,1.869
2026-10-09T23:37Z,674,gA,1.919
2026-10-09T23:37Z,674,gP,1.999
2026-10-09T23:37Z,681,gA,1.984
2026-10-09T23:37Z,681,gP,2.040
2026-10-09T23:37Z,684,g95e5,1.779
2026-10-09T23:37Z,684,gA,1.929
2026-10-09T23:37Z,684,gP,1.979
2026-10-09T23:37Z,684,g95e5p,1.829
2026-10-09T23:37Z,686,gA,1.960
2026-10-09T23:37Z,686,gP,2.035
2026-10-09T23:37Z,686,gB,1.864
2026-10-09T23:37Z,687,gA,1.960
2026-10-09T23:37Z,687,gP,2.035
2026-10-09T23:37Z,687,gB,1.864
2026-10-09T23:37Z,692,g95e5,1.825
2026-10-09T23:37Z,692,gA,1.938
2026-10-09T23:37Z,692,gP,1.938
2026-10-09T23:37Z,692,g98e5,1.959
2026-10-09T23:37Z,698,gA,1.939
2026-10-09T23:37Z,710,g95e5,1.815
2026-10-09T23:37Z,710,gA,1.939
2026-10-09T23:37Z,710,g95e5p,1.875
2026-10-09T23:37Z,712,g95e5,1.839
2026-10-09T23:37Z,712,gA,1.965
2026-10-09T23:37Z,712,gP,2.015
2026-10-09T23:37Z,712,g98e5,1.949
2026-10-09T23:37Z,713,g95e5,1.815
2026-10-09T23:37Z,713,gA,1.939
2026-10-09T23:37Z,713,gB,1.775
2026-10-09T23:37Z,715,g95e5,1.839
2026-10-09T23:37Z,715,gA,1.989
2026-10-09T23:37Z,715,gP,2.039
2026-10-09T23:37Z,715,g98e5,1.999
2026-10-09T23:37Z,715,gB,1.835
2026-10-09T23:37Z,716,g95e5,1.839
2026-10-09T23:37Z,716,gA,1.965
2026-10-09T23:37Z,716,g98e5,1.969
2026-10-09T23:37Z,717,g95e5,1.815
2026-10-09T23:37Z,717,gA,1.969
2026-10-09T23:37Z,717,gP,2.019
2026-10-09T23:37Z,717,g98e5,1.925
2026-10-09T23:37Z,718,g95e5,1.815
2026-10-09T23:37Z,718,gA,1.969
2026-10-09T23:37Z,718,gP,2.019
2026-10-09T23:37Z,718,g98e5,1.925
2026-10-09T23:37Z,720,gA,1.975
2026-10-09T23:37Z,720,gP,2.025
2026-10-09T23:37Z,723,g95e5,1.845
2026-10-09T23:37Z,723,gA,1.999
2026-10-09T23:37Z,723,g98e5,1.955
2026-10-09T23:37Z,725,g95e5,1.869
2026-10-09T23:37Z,725,gA,2.005
2026-10-09T23:37Z,728,g95e5,1.815
2026-10-09T23:37Z,728,gA,1.939
2026-10-09T23:37Z,728,gB,1.775
2026-10-09T23:37Z,730,g95e5,1.825
2026-10-09T23:37Z,730,gA,1.939
2026-10-09T23:37Z,730,g98e5,1.985
2026-10-09T23:37Z,739,g95e5,1.815
2026-10-09T23:37Z,739,gP,2.029
2026-10-09T23:37Z,739,gB,1.829
2026-10-09T23:37Z,743,g95e5,1.859
2026-10-09T23:37Z,743,gA,1.995
2026-10-09T23:37Z,743,gP,2.095
2026-10-09T23:37Z,744,g95e5,1.868
2026-10-09T23:37Z,744,gA,1.988
2026-10-09T23:37Z,744,gP,2.078
2026-10-09T23:37Z,744,g98e5,2.058
2026-10-09T23:37Z,754,g95e5,1.859
2026-10-09T23:37Z,754,gA,1.985
2026-10-09T23:37Z,754,gP,2.085
2026-10-09T23:37Z,754,g98e5,2.009
2026-10-09T23:37Z,756,g95e5,1.869
2026-10-09T23:37Z,756,gA,2.005
2026-10-09T23:37Z,756,gP,2.055
2026-10-09T23:37Z,761,g95e5,1.869
2026-10-09T23:37Z,761,gA,1.965
2026-10-09T23:37Z,761,gP,2.015
2026-10-09T23:37Z,761,g98e5,1.979
2026-10-09T23:37Z,763,g95e5,1.898
2026-10-09T23:37Z,763,gA,1.987
2026-10-09T23:37Z,765,g95e5,1.815
2026-10-09T23:37Z,765,gA,1.949
2026-10-09T23:37Z,765,gP,2.019
2026-10-09T23:37Z,766,g95e5,1.815
2026-10-09T23:37Z,766,gA,1.949
2026-10-09T23:37Z,766,gP,2.019
2026-10-09T23:37Z,773,g95e5,1.815
2026-10-09T23:37Z,773,gA,1.939
2026-10-09T23:37Z,773,gB,1.819
2026-10-09T23:37Z,775,g95e5,1.815
2026-10-09T23:37Z,775,gA,1.939
2026-10-09T23:37Z,775,gP,1.989
2026-10-09T23:37Z,775,gB,1.775
2026-10-09T23:37Z,776,g95e5,1.879
2026-10-09T23:37Z,776,gA,1.959
2026-10-09T23:37Z,780,g95e5,1.815
2026-10-09T23:37Z,780,gA,1.959
2026-10-09T23:37Z,780,gP,2.009
2026-10-09T23:37Z,780,g98e5,1.925
2026-10-09T23:37Z,781,g95e5,1.859
2026-10-09T23:37Z,781,gA,1.985
2026-10-09T23:37Z,781,gP,2.085
2026-10-09T23:37Z,781,g98e5,2.009
2026-10-09T23:37Z,782,g95e5,1.825
2026-10-09T23:37Z,782,gA,1.949
2026-10-09T23:37Z,782,g98e5,1.935
2026-10-09T23:37Z,786,gA,1.949
2026-10-09T23:37Z,786,gP,2.059
2026-10-09T23:37Z,786,g98e5,1.999
2026-10-09T23:37Z,787,gA,1.949
2026-10-09T23:37Z,788,g95e5,1.839
2026-10-09T23:37Z,788,gA,1.969
2026-10-09T23:37Z,788,gP,2.019
2026-10-09T23:37Z,788,g98e5,1.959
2026-10-09T23:37Z,788,gB,1.809
2026-10-09T23:37Z,789,g95e5,1.829
2026-10-09T23:37Z,789,gA,1.939
2026-10-09T23:37Z,789,gP,2.009
2026-10-09T23:37Z,790,g95e5,1.829
2026-10-09T23:37Z,790,gA,1.939
2026-10-09T23:37Z,790,gP,2.009
2026-10-09T23:37Z,790,g98e5,1.989
2026-10-09T23:37Z,790,g95e5p,1.899
2026-10-09T23:37Z,792,g95e5,1.858
2026-10-09T23:37Z,792,gA,1.988
2026-10-09T23:37Z,792,gP,2.078
2026-10-09T23:37Z,792,g98e5,1.978
2026-10-09T23:37Z,793,gA,1.945
2026-10-09T23:37Z,795,gA,1.954
2026-10-09T23:37Z,795,gP,2.055
2026-10-09T23:37Z,797,g95e5,1.815
2026-10-09T23:37Z,797,gA,1.999
2026-10-09T23:37Z,797,gP,2.049
2026-10-09T23:37Z,799,g95e5,1.815
2026-10-09T23:37Z,799,gA,1.985
2026-10-09T23:37Z,799,gP,2.055
2026-10-09T23:37Z,801,g95e5,1.815
2026-10-09T23:37Z,801,gA,1.939
2026-10-09T23:37Z,802,g95e5,1.815
2026-10-09T23:37Z,802,gA,1.939
2026-10-09T23:37Z,802,g95e5p,1.875
2026-10-09T23:37Z,802,gB,1.835
2026-10-09T23:37Z,809,g95e5,1.849
2026-10-09T23:37Z,809,gA,1.945
2026-10-09T23:37Z,809,gP,2.045
2026-10-09T23:37Z,811,g95e5,1.865
2026-10-09T23:37Z,811,g98e5,1.985
2026-10-09T23:37Z,811,gB,1.815
2026-10-09T23:37Z,813,gA,2.020
2026-10-09T23:37Z,813,gP,2.075
2026-10-09T23:37Z,814,gA,2.020
2026-10-09T23:37Z,814,gP,2.075
2026-10-09T23:37Z,821,gA,1.994
2026-10-09T23:37Z,821,gP,2.089
2026-10-09T23:37Z,822,gA,1.994
2026-10-09T23:37Z,822,gP,2.089
2026-10-09T23:37Z,824,gA,2.004
2026-10-09T23:37Z,824,gP,2.075
2026-10-09T23:37Z,826,gA,1.965
2026-10-09T23:37Z,826,gP,2.065
2026-10-09T23:37Z,826,g98e5,1.999
2026-10-09T23:37Z,827,g95e5,1.825
2026-10-09T23:37Z,827,gA,1.955
2026-10-09T23:37Z,827,g98e5,1.935
2026-10-09T23:37Z,831,g95e5,1.829
2026-10-09T23:37Z,831,gA,1.959
2026-10-09T23:37Z,831,gP,2.009
2026-10-09T23:37Z,831,g95e5p,1.879
2026-10-09T23:37Z,833,gP,2.025
2026-10-09T23:37Z,833,g98e5,1.939
2026-10-09T23:37Z,833,gB,1.799
2026-10-09T23:37Z,834,gA,1.980
2026-10-09T23:37Z,834,gP,2.030
2026-10-09T23:37Z,837,g95e5,1.865
2026-10-09T23:37Z,837,gA,1.985
2026-10-09T23:37Z,837,g98e5,1.995
2026-10-09T23:37Z,838,g95e5,1.835
2026-10-09T23:37Z,838,gA,1.939
2026-10-09T23:37Z,838,g98e5,1.995
2026-10-09T23:37Z,839,gP,1.869
2026-10-09T23:37Z,840,g95e5,1.839
2026-10-09T23:37Z,840,gA,1.969
2026-10-09T23:37Z,840,gP,2.019
2026-10-09T23:37Z,840,g98e5,1.949
2026-10-09T23:37Z,840,gB,1.809
2026-10-09T23:37Z,842,g95e5,1.859
2026-10-09T23:37Z,842,gA,1.979
2026-10-09T23:37Z,842,gP,2.029
2026-10-09T23:37Z,842,g98e5,1.969
2026-10-09T23:37Z,844,g95e5,1.815
2026-10-09T23:37Z,844,gA,1.939
2026-10-09T23:37Z,844,g95e5p,1.885
2026-10-09T23:37Z,847,g95e5,1.829
2026-10-09T23:37Z,847,gA,1.949
2026-10-09T23:37Z,847,gP,2.049
2026-10-09T23:37Z,847,g98e5,1.939
2026-10-09T23:37Z,847,g95e5p,1.899
2026-10-09T23:37Z,848,g95e5,1.829
2026-10-09T23:37Z,848,gA,1.949
2026-10-09T23:37Z,848,gP,2.049
2026-10-09T23:37Z,848,g98e5,1.939
2026-10-09T23:37Z,848,gB,1.779
2026-10-09T23:37Z,849,g95e5,1.829
2026-10-09T23:37Z,849,gA,1.955
2026-10-09T23:37Z,849,g98e5,1.939
2026-10-09T23:37Z,849,gB,1.825
2026-10-09T23:37Z,851,g95e5,1.815
2026-10-09T23:37Z,851,gA,1.995
2026-10-09T23:37Z,851,gP,2.045
2026-10-09T23:37Z,852,g95e5,1.815
2026-10-09T23:37Z,852,gA,1.995
2026-10-09T23:37Z,852,gP,2.045
2026-10-09T23:37Z,862,g95e5,1.899
2026-10-09T23:37Z,862,gA,1.979
2026-10-09T23:37Z,862,gP,1.979
2026-10-09T23:37Z,862,g98e5,2.039
2026-10-09T23:37Z,872,gA,1.964
2026-10-09T23:37Z,873,gA,1.989
2026-10-09T23:37Z,881,gA,2.029
2026-10-09T23:37Z,889,g95e5,1.875
2026-10-09T23:37Z,889,gA,2.029
2026-10-09T23:37Z,889,gP,2.079
2026-10-09T23:37Z,889,g98e5,1.985
2026-10-09T23:37Z,890,g95e5,1.839
2026-10-09T23:37Z,890,gA,1.965
2026-10-09T23:37Z,890,g98e5,1.999
2026-10-09T23:37Z,893,g95e5,1.905
2026-10-09T23:37Z,893,gP,2.039
2026-10-09T23:37Z,893,g98e5,2.015
2026-10-09T23:37Z,893,gB,1.819
2026-10-09T23:37Z,894,g95e5,1.865
2026-10-09T23:37Z,894,gA,1.999
2026-10-09T23:37Z,894,gP,2.049
2026-10-09T23:37Z,894,g98e5,1.975
2026-10-09T23:37Z,895,g95e5,1.839
2026-10-09T23:37Z,895,gA,1.965
2026-10-09T23:37Z,895,g98e5,1.999
2026-10-09T23:37Z,895,gB,1.819
2026-10-09T23:37Z,900,g95e5,1.869
2026-10-09T23:37Z,900,gA,2.029
2026-10-09T23:37Z,901,g95e5,1.839
2026-10-09T23:37Z,901,gA,1.969
2026-10-09T23:37Z,901,g98e5,1.959
2026-10-09T23:37Z,904,g95e5,1.869
2026-10-09T23:37Z,904,gA,1.969
2026-10-09T23:37Z,904,gP,2.039
2026-10-09T23:37Z,904,g98e5,1.979
2026-10-09T23:37Z,908,g95e5,1.905
2026-10-09T23:37Z,908,gA,2.029
2026-10-09T23:37Z,908,g98e5,2.015
2026-10-09T23:37Z,909,g95e5,1.905
2026-10-09T23:37Z,909,gA,1.979
2026-10-09T23:37Z,909,gP,2.029
2026-10-09T23:37Z,909,g98e5,2.015
2026-10-09T23:37Z,909,g95e5p,1.975
2026-10-09T23:37Z,913,g95e5,1.865
2026-10-09T23:37Z,913,gA,1.989
2026-10-09T23:37Z,913,g98e5,2.025
2026-10-09T23:37Z,913,gB,1.875
2026-10-09T23:37Z,917,g95e5,1.859
2026-10-09T23:37Z,917,gA,2.029
2026-10-09T23:37Z,917,gP,2.079
2026-10-09T23:37Z,917,g98e5,2.019
2026-10-09T23:37Z,920,g95e5,1.905
2026-10-09T23:37Z,920,gP,2.059
2026-10-09T23:37Z,925,g95e5,1.839
2026-10-09T23:37Z,925,gA,1.965
2026-10-09T23:37Z,927,g95e5,1.839
2026-10-09T23:37Z,927,gA,1.995
2026-10-09T23:37Z,927,g98e5,1.949
2026-10-09T23:37Z,935,g95e5,1.835
2026-10-09T23:37Z,935,gA,1.995
2026-10-09T23:37Z,935,gP,2.085
2026-10-09T23:37Z,935,g98e5,1.975
2026-10-09T23:37Z,940,gA,1.989
2026-10-09T23:37Z,940,gP,2.059
2026-10-09T23:37Z,940,g98e5,1.999
2026-10-09T23:37Z,941,g95e5,1.839
2026-10-09T23:37Z,941,gA,1.965
2026-10-09T23:37Z,941,g98e5,1.999
2026-10-09T23:37Z,941,gB,1.875
2026-10-09T23:37Z,943,gA,2.017
2026-10-09T23:37Z,943,gP,2.070
2026-10-09T23:37Z,946,g95e5,1.809
2026-10-09T23:37Z,946,gA,1.969
2026-10-09T23:37Z,947,g95e5,1.799
2026-10-09T23:37Z,947,gA,1.919
2026-10-09T23:37Z,947,gP,1.969
2026-10-09T23:37Z,947,g98e5,1.939
2026-10-09T23:37Z,952,g95e5,1.809
2026-10-09T23:37Z,952,gA,1.969
2026-10-09T23:37Z,952,gP,2.019
2026-10-09T23:37Z,952,g98e5,1.949
2026-10-09T23:37Z,953,gP,1.969
2026-10-09T23:37Z,954,g95e5,1.839
2026-10-09T23:37Z,954,gA,1.989
2026-10-09T23:37Z,954,gP,2.039
2026-10-09T23:37Z,954,g98e5,1.979
2026-10-09T23:37Z,955,g95e5,1.839
2026-10-09T23:37Z,955,gB,1.799
2026-10-09T23:37Z,957,gA,2.014
2026-10-09T23:37Z,957,gP,2.115
2026-10-09T23:37Z,958,gA,2.010
2026-10-09T23:37Z,958,gP,2.100
2026-10-09T23:37Z,958,gB,1.864
2026-10-09T23:37Z,959,gA,2.010
2026-10-09T23:37Z,959,gP,2.100
2026-10-09T23:37Z,959,gB,1.864
2026-10-09T23:37Z,962,gA,1.969
2026-10-09T23:37Z,962,gP,2.019
2026-10-09T23:37Z,965,g95e5,1.905
2026-10-09T23:37Z,965,gA,2.029
2026-10-09T23:37Z,965,g98e5,2.015
2026-10-09T23:37Z,974,g95e5,1.829
2026-10-09T23:37Z,974,gA,1.959
2026-10-09T23:37Z,974,gP,2.009
2026-10-09T23:37Z,974,g98e5,1.969
2026-10-09T23:37Z,978,g95e5,1.875
2026-10-09T23:37Z,978,gA,2.029
2026-10-09T23:37Z,978,gP,2.079
2026-10-09T23:37Z,978,g98e5,1.985
2026-10-09T23:37Z,978,gB,1.825
2026-10-09T23:37Z,980,g95e5,1.899
2026-10-09T23:37Z,980,gA,2.029
2026-10-09T23:37Z,980,gP,2.079
2026-10-09T23:37Z,980,g98e5,2.009
2026-10-09T23:37Z,981,g95e5,1.899
2026-10-09T23:37Z,981,gA,2.029
2026-10-09T23:37Z,981,gP,2.079
2026-10-09T23:37Z,981,g98e5,2.009
2026-10-09T23:37Z,984,g95e5,1.905
2026-10-09T23:37Z,984,gA,1.999
2026-10-09T23:37Z,984,g98e5,2.015
2026-10-09T23:37Z,986,g95e5,1.895
2026-10-09T23:37Z,986,gA,1.969
2026-10-09T23:37Z,986,gP,2.019
2026-10-09T23:37Z,986,g98e5,2.005
2026-10-09T23:37Z,987,g95e5,1.905
2026-10-09T23:37Z,987,gA,2.029
2026-10-09T23:37Z,987,g98e5,2.015
2026-10-09T23:37Z,987,g95e5p,1.975
2026-10-09T23:37Z,988,g95e5,1.859
2026-10-09T23:37Z,988,gA,1.989
2026-10-09T23:37Z,988,g98e5,1.969
2026-10-09T23:37Z,988,gB,1.819
2026-10-09T23:37Z,991,g95e5,1.905
2026-10-09T23:37Z,991,gP,2.019
2026-10-09T23:37Z,991,g98e5,2.015
2026-10-09T23:37Z,992,gA,2.017
2026-10-09T23:37Z,992,gP,2.115
2026-10-09T23:37Z,992,gB,1.904
2026-10-09T23:37Z,993,gA,2.017
2026-10-09T23:37Z,993,gP,2.115
2026-10-09T23:37Z,993,gB,1.904
2026-10-09T23:37Z,994,g95e5,1.895
2026-10-09T23:37Z,994,gA,2.015
2026-10-09T23:37Z,994,g98e5,2.005
2026-10-09T23:37Z,997,gA,2.010
2026-10-09T23:37Z,997,gP,2.095
2026-10-09T23:37Z,997,gB,1.854
2026-10-09T23:37Z,1000,gA,2.010
2026-10-09T23:37Z,1000,gP,2.095
2026-10-09T23:37Z,1000,gB,1.854
2026-10-09T23:37Z,1005,gA,1.990
2026-10-09T23:37Z,1005,gP,2.095
2026-10-09T23:37Z,1032,g95e5,1.839
2026-10-09T23:37Z,1032,gA,1.979
2026-10-09T23:37Z,1032,g98e5,1.999
2026-10-09T23:37Z,1034,g95e5,1.839
2026-10-09T23:37Z,1034,gA,1.975
2026-10-09T23:37Z,1034,g98e5,1.999
2026-10-09T23:37Z,1035,gA,1.989
2026-10-09T23:37Z,1035,g98e5,1.999
2026-10-09T23:37Z,1036,g95e5,1.839
2026-10-09T23:37Z,1036,gA,1.995
2026-10-09T23:37Z,1037,g95e5,1.839
2026-10-09T23:37Z,1037,gA,1.989
2026-10-09T23:37Z,1037,g98e5,1.999
2026-10-09T23:37Z,1038,g95e5,1.869
2026-10-09T23:37Z,1038,gA,1.985
2026-10-09T23:37Z,1038,g98e5,1.979
2026-10-09T23:37Z,1040,g95e5,1.839
2026-10-09T23:37Z,1040,gA,1.979
2026-10-09T23:37Z,1040,g98e5,1.999
2026-10-09T23:37Z,1041,g95e5,1.839
2026-10-09T23:37Z,1042,g95e5,1.895
2026-10-09T23:37Z,1042,g98e5,2.005
2026-10-09T23:37Z,1044,g95e5,1.849
2026-10-09T23:37Z,1044,gA,1.995
2026-10-09T23:37Z,1044,g98e5,2.009
2026-10-09T23:37Z,1048,g95e5,1.885
2026-10-09T23:37Z,1048,gA,2.019
2026-10-09T23:37Z,1049,g95e5,1.839
2026-10-09T23:37Z,1049,gA,1.989
2026-10-09T23:37Z,1050,g95e5,1.875
2026-10-09T23:37Z,1050,gA,1.979
2026-10-09T23:37Z,1053,g95e5,1.875
2026-10-09T23:37Z,1053,gA,1.975
2026-10-09T23:37Z,1056,g95e5,1.889
2026-10-09T23:37Z,1056,gA,1.975
2026-10-09T23:37Z,1058,g95e5,1.895
2026-10-09T23:37Z,1058,gA,2.029
2026-10-09T23:37Z,1058,g98e5,2.005
2026-10-09T23:37Z,1058,g95e5p,1.975
2026-10-09T23:37Z,1066,g95e5,1.879
2026-10-09T23:37Z,1066,gA,1.985
2026-10-09T23:37Z,1066,g98e5,2.039
2026-10-09T23:37Z,1067,g95e5,1.879
2026-10-09T23:37Z,1067,gA,2.015
2026-10-09T23:37Z,1067,g98e5,1.989
2026-10-09T23:37Z,1069,g95e5,1.885
2026-10-09T23:37Z,1069,gA,2.029
2026-10-09T23:37Z,1069,g98e5,1.995
2026-10-09T23:37Z,1074,g95e5,1.895
2026-10-09T23:37Z,1074,g98e5,2.005
2026-10-09T23:37Z,1077,g95e5,1.855
2026-10-09T23:37Z,1077,gA,2.019
2026-10-09T23:37Z,1077,g98e5,1.975
2026-10-09T23:37Z,1080,g95e5,1.859
2026-10-09T23:37Z,1080,gA,1.975
2026-10-09T23:37Z,1081,g95e5,1.839
2026-10-09T23:37Z,1081,gA,1.989
2026-10-09T23:37Z,1081,g98e5,1.999
2026-10-09T23:37Z,1085,g95e5,1.879
2026-10-09T23:37Z,1085,g98e5,2.009
2026-10-09T23:37Z,1086,g95e5,1.879
2026-10-09T23:37Z,1087,g95e5,1.889
2026-10-09T23:37Z,1087,gA,1.969
2026-10-09T23:37Z,1087,gP,2.059
2026-10-09T23:37Z,1087,g98e5,2.029
2026-10-09T23:37Z,1088,g95e5,1.875
2026-10-09T23:37Z,1088,gA,2.015
2026-10-09T23:37Z,1088,g98e5,2.005
2026-10-09T23:37Z,1089,g95e5,1.879
2026-10-09T23:37Z,1089,gA,2.029
2026-10-09T23:37Z,1089,g98e5,1.989
2026-10-09T23:37Z,1090,g95e5,1.879
2026-10-09T23:37Z,1090,gA,2.029
2026-10-09T23:37Z,1090,g98e5,1.989
2026-10-09T23:37Z,1094,gA,2.015
2026-10-09T23:37Z,1094,gP,2.090
2026-10-09T23:37Z,1125,gA,1.917
2026-10-09T23:37Z,1125,gB,1.859
2026-10-09T23:37Z,1126,gA,1.923
2026-10-09T23:37Z,1126,gB,1.865
2026-10-09T23:37Z,1127,gA,1.929
2026-10-09T23:37Z,1127,gP,2.029
2026-10-09T23:37Z,1127,g98e5,1.989
2026-10-09T23:37Z,1129,g95e5,1.875
2026-10-09T23:37Z,1129,g98e5,2.015
2026-10-09T23:37Z,1130,gA,1.975
2026-10-09T23:37Z,1130,g98e5,2.025
2026-10-09T23:37Z,1131,gA,1.975
2026-10-09T23:37Z,1131,g98e5,2.025
2026-10-09T23:37Z,1132,g98e5,1.989
2026-10-09T23:37Z,1133,g95e5,1.829
2026-10-09T23:37Z,1133,gA,1.929
2026-10-09T23:37Z,1133,gP,2.029
2026-10-09T23:37Z,1133,g98e5,1.989
2026-10-09T23:37Z,1136,gA,1.929
2026-10-09T23:37Z,1136,gB,1.839
2026-10-09T23:37Z,1137,gA,1.929
2026-10-09T23:37Z,1137,gB,1.839
2026-10-09T23:37Z,1143,gA,1.975
2026-10-09T23:37Z,1143,g98e5,1.985
2026-10-09T23:37Z,1145,gA,1.980
2026-10-09T23:37Z,1145,gP,2.065
2026-10-09T23:37Z,1145,gB,1.889
2026-10-09T23:37Z,1155,g95e5,1.875
2026-10-09T23:37Z,1155,g98e5,2.015
2026-10-09T23:37Z,1159,gA,1.929
2026-10-09T23:37Z,1159,g98e5,1.989
2026-10-09T23:37Z,1163,g95e5,1.845
2026-10-09T23:37Z,1163,gA,1.975
2026-10-09T23:37Z,1163,gP,2.075
2026-10-09T23:37Z,1175,gA,1.975
2026-10-09T23:37Z,1175,gP,2.025
2026-10-09T23:37Z,1178,gA,1.980
2026-10-09T23:37Z,1178,gP,2.065
2026-10-09T23:37Z,1178,gB,1.919
2026-10-09T23:37Z,1179,gA,1.980
2026-10-09T23:37Z,1179,gP,2.065
2026-10-09T23:37Z,1179,gB,1.919
2026-10-09T23:37Z,1180,g95e5,1.865
2026-10-09T23:37Z,1180,gA,1.969
2026-10-09T23:37Z,1180,g98e5,2.015
2026-10-09T23:37Z,1181,g95e5,1.865
2026-10-09T23:37Z,1181,gA,1.969
2026-10-09T23:37Z,1181,g98e5,2.015
2026-10-09T23:37Z,1183,gA,1.975
2026-10-09T23:37Z,1183,g98e5,2.035
2026-10-09T23:37Z,1194,gA,1.969
2026-10-09T23:37Z,1194,gP,2.069
2026-10-09T23:37Z,1194,gB,1.805
2026-10-09T23:37Z,1196,gA,1.955
2026-10-09T23:37Z,1196,gP,2.005
2026-10-09T23:37Z,1196,g98e5,2.035
2026-10-09T23:37Z,1196,gB,1.805
2026-10-09T23:37Z,1197,gA,1.965
2026-10-09T23:37Z,1197,gP,2.065
2026-10-09T23:37Z,1197,g98e5,2.005
2026-10-09T23:37Z,1198,gA,1.965
2026-10-09T23:37Z,1198,gP,2.065
2026-10-09T23:37Z,1201,gP,2.029
2026-10-09T23:37Z,1201,gB,1.805
2026-10-09T23:37Z,1203,gA,2.010
2026-10-09T23:37Z,1203,gP,2.075
2026-10-09T23:37Z,1204,gA,1.980
2026-10-09T23:37Z,1204,gP,2.065
2026-10-09T23:37Z,1208,gA,1.965
2026-10-09T23:37Z,1208,gP,2.065
2026-10-09T23:37Z,1215,gA,1.935
2026-10-09T23:37Z,1215,g98e5,1.995
2026-10-09T23:37Z,1218,gA,1.929
2026-10-09T23:37Z,1230,g95e5,1.875
2026-10-09T23:37Z,1230,g98e5,2.015
2026-10-09T23:37Z,1234,gA,1.975
2026-10-09T23:37Z,1234,g98e5,2.035
2026-10-09T23:37Z,1235,g95e5,1.875
2026-10-09T23:37Z,1235,g98e5,2.015
2026-10-09T23:37Z,1236,gA,1.975
2026-10-09T23:37Z,1236,gP,2.025
2026-10-09T23:37Z,1237,gA,1.975
2026-10-09T23:37Z,1237,gP,2.025
2026-10-09T23:37Z,1237,g98e5,2.035
2026-10-09T23:37Z,1276,g95e5,1.825
2026-10-09T23:37Z,1276,gA,1.969
2026-10-09T23:37Z,1276,gP,2.089
2026-10-09T23:37Z,1276,g98e5,1.945
2026-10-09T23:37Z,1288,g95e5,1.785
2026-10-09T23:37Z,1288,gA,1.919
2026-10-09T23:37Z,1288,gP,2.019
2026-10-09T23:37Z,1288,g98e5,1.945
2026-10-09T23:37Z,1289,g95e5,1.789
2026-10-09T23:37Z,1289,gA,1.929
2026-10-09T23:37Z,1289,g98e5,1.949
2026-10-09T23:37Z,1291,gA,1.919
2026-10-09T23:37Z,1291,gP,1.969
2026-10-09T23:37Z,1291,gB,1.699
2026-10-09T23:37Z,1292,g95e5,1.775
2026-10-09T23:37Z,1292,gB,1.695
2026-10-09T23:37Z,1304,g95e5,1.799
2026-10-09T23:37Z,1304,gA,1.939
2026-10-09T23:37Z,1304,gP,1.989
2026-10-09T23:37Z,1306,gA,1.939
2026-10-09T23:37Z,1306,g98e5,1.935
2026-10-09T23:37Z,1306,gB,1.749
2026-10-09T23:37Z,1308,g95e5,1.809
2026-10-09T23:37Z,1308,gA,1.949
2026-10-09T23:37Z,1308,g98e5,1.919
2026-10-09T23:37Z,1308,gB,1.695
2026-10-09T23:37Z,1312,g95e5,1.795
2026-10-09T23:37Z,1312,gA,1.939
2026-10-09T23:37Z,1312,gP,2.039
2026-10-09T23:37Z,1312,g98e5,1.955
2026-10-09T23:37Z,1312,gB,1.739
2026-10-09T23:37Z,1313,gA,1.970
2026-10-09T23:37Z,1313,gP,2.105
2026-10-09T23:37Z,1313,gB,1.864
2026-10-09T23:37Z,1314,g95e5,1.809
2026-10-09T23:37Z,1315,gA,1.975
2026-10-09T23:37Z,1315,g98e5,1.939
2026-10-09T23:37Z,1315,gB,1.755
2026-10-09T23:37Z,1316,g95e5,1.809
2026-10-09T23:37Z,1316,gA,1.939
2026-10-09T23:37Z,1316,g98e5,1.929
2026-10-09T23:37Z,1317,g95e5,1.809
2026-10-09T23:37Z,1317,gA,1.939
2026-10-09T23:37Z,1317,g98e5,1.929
2026-10-09T23:37Z,1318,gA,1.919
2026-10-09T23:37Z,1318,g98e5,1.885
2026-10-09T23:37Z,1318,gB,1.729
2026-10-09T23:37Z,1320,gP,1.969
2026-10-09T23:37Z,1320,g98e5,1.935
2026-10-09T23:37Z,1320,gB,1.699
2026-10-09T23:37Z,1322,gA,1.919
2026-10-09T23:37Z,1322,g98e5,1.935
2026-10-09T23:37Z,1322,gB,1.719
2026-10-09T23:37Z,1325,gA,1.919
2026-10-09T23:37Z,1325,g98e5,1.935
2026-10-09T23:37Z,1326,gA,1.919
2026-10-09T23:37Z,1326,g98e5,1.935
2026-10-09T23:37Z,1327,gA,1.919
2026-10-09T23:37Z,1330,gA,1.975
2026-10-09T23:37Z,1330,g98e5,1.939
2026-10-09T23:37Z,1332,g95e5,1.805
2026-10-09T23:37Z,1332,gA,1.949
2026-10-09T23:37Z,1332,g98e5,1.945
2026-10-09T23:37Z,1332,gB,1.739
2026-10-09T23:37Z,1333,gA,1.919
2026-10-09T23:37Z,1333,gB,1.719
2026-10-09T23:37Z,1339,g95e5,1.805
2026-10-09T23:37Z,1339,gA,1.949
2026-10-09T23:37Z,1339,g98e5,1.945
2026-10-09T23:37Z,1343,g95e5,1.809
2026-10-09T23:37Z,1343,g95e5p,1.869
2026-10-09T23:37Z,1343,gB,1.755
2026-10-09T23:37Z,1344,g95e5,1.829
2026-10-09T23:37Z,1344,gA,1.975
2026-10-09T23:37Z,1345,gA,1.919
2026-10-09T23:37Z,1345,gB,1.695
2026-10-09T23:37Z,1346,g95e5,1.805
2026-10-09T23:37Z,1346,gA,1.949
2026-10-09T23:37Z,1346,g98e5,1.925
2026-10-09T23:37Z,1346,gB,1.749
2026-10-09T23:37Z,1347,g95e5,1.819
2026-10-09T23:37Z,1347,g98e5,1.979
2026-10-09T23:37Z,1347,gB,1.709
2026-10-09T23:37Z,1348,gA,1.969
2026-10-09T23:37Z,1349,gA,1.969
2026-10-09T23:37Z,1352,gA,1.929
2026-10-09T23:37Z,1352,gP,2.019
2026-10-09T23:37Z,1353,gA,1.929
2026-10-09T23:37Z,1353,gP,2.019
2026-10-09T23:37Z,1355,g95e5,1.799
2026-10-09T23:37Z,1355,gA,1.909
2026-10-09T23:37Z,1355,gP,1.999
2026-10-09T23:37Z,1355,g98e5,1.929
2026-10-09T23:37Z,1362,gA,1.943
2026-10-09T23:37Z,1365,g95e5,1.805
2026-10-09T23:37Z,1365,gA,1.939
2026-10-09T23:37Z,1365,g98e5,1.915
2026-10-09T23:37Z,1365,gB,1.745
2026-10-09T23:37Z,1371,gA,1.989
2026-10-09T23:37Z,1376,gA,1.949
2026-10-09T23:37Z,1376,g98e5,2.009
2026-10-09T23:37Z,1376,gB,1.869
2026-10-09T23:37Z,1377,gA,1.949
2026-10-09T23:37Z,1377,g98e5,2.009
2026-10-09T23:37Z,1377,gB,1.875
2026-10-09T23:37Z,1378,gA,1.949
2026-10-09T23:37Z,1379,gA,1.945
2026-10-09T23:37Z,1379,g98e5,2.025
2026-10-09T23:37Z,1381,gA,1.935
2026-10-09T23:37Z,1381,g98e5,2.025
2026-10-09T23:37Z,1383,gA,1.919
2026-10-09T23:37Z,1383,g98e5,1.995
2026-10-09T23:37Z,1385,gA,1.945
2026-10-09T23:37Z,1385,g98e5,1.935
2026-10-09T23:37Z,1385,gB,1.829
2026-10-09T23:37Z,1388,gA,1.899
2026-10-09T23:37Z,1388,gB,1.815
2026-10-09T23:37Z,1391,gA,1.949
2026-10-09T23:37Z,1391,gP,1.999
2026-10-09T23:37Z,1391,g98e5,1.925
2026-10-09T23:37Z,1394,gA,1.899
2026-10-09T23:37Z,1394,g98e5,1.969
2026-10-09T23:37Z,1394,gB,1.815
2026-10-09T23:37Z,1398,g95e5,1.835
2026-10-09T23:37Z,1398,gA,1.925
2026-10-09T23:37Z,1398,gP,1.975
2026-10-09T23:37Z,1398,g98e5,1.995
2026-10-09T23:37Z,1399,gA,1.959
2026-10-09T23:37Z,1399,g98e5,1.985
2026-10-09T23:37Z,1403,gA,1.919
2026-10-09T23:37Z,1403,g98e5,1.969
2026-10-09T23:37Z,1404,g95e5,1.769
2026-10-09T23:37Z,1404,gA,1.909
2026-10-09T23:37Z,1404,gP,2.009
2026-10-09T23:37Z,1404,gB,1.739
2026-10-09T23:37Z,1405,g95e5,1.775
2026-10-09T23:37Z,1405,gA,1.929
2026-10-09T23:37Z,1405,gP,1.979
2026-10-09T23:37Z,1405,g98e5,1.885
2026-10-09T23:37Z,1405,gB,1.755
2026-10-09T23:37Z,1409,g95e5,1.875
2026-10-09T23:37Z,1409,gA,1.959
2026-10-09T23:37Z,1409,gB,1.875
2026-10-09T23:37Z,1410,g95e5,1.875
2026-10-09T23:37Z,1410,gA,1.959
2026-10-09T23:37Z,1410,g98e5,1.985
2026-10-09T23:37Z,1410,g95e5p,1.945
2026-10-09T23:37Z,1410,gB,1.875
2026-10-09T23:37Z,1413,gA,1.899
2026-10-09T23:37Z,1413,g98e5,1.929
2026-10-09T23:37Z,1414,gA,1.899
2026-10-09T23:37Z,1414,g98e5,1.929
2026-10-09T23:37Z,1415,gA,1.899
2026-10-09T23:37Z,1415,g98e5,1.929
2026-10-09T23:37Z,1416,gA,1.899
2026-10-09T23:37Z,1416,g98e5,1.929
2026-10-09T23:37Z,1419,gA,1.949
2026-10-09T23:37Z,1419,gP,1.999
2026-10-09T23:37Z,1419,g98e5,1.925
2026-10-09T23:37Z,1419,gB,1.709
2026-10-09T23:37Z,1424,g95e5,1.769
2026-10-09T23:37Z,1424,gA,1.955
2026-10-09T23:37Z,1424,gP,2.055
2026-10-09T23:37Z,1424,g98e5,1.929
2026-10-09T23:37Z,1426,g95e5,1.809
2026-10-09T23:37Z,1426,gA,1.905
2026-10-09T23:37Z,1428,g95e5,1.815
2026-10-09T23:37Z,1428,gA,1.935
2026-10-09T23:37Z,1428,g98e5,1.975
2026-10-09T23:37Z,1429,gA,1.935
2026-10-09T23:37Z,1429,g98e5,1.985
2026-10-09T23:37Z,1430,gA,1.935
2026-10-09T23:37Z,1430,g98e5,1.985
2026-10-09T23:37Z,1433,g95e5,1.815
2026-10-09T23:37Z,1433,gA,1.899
2026-10-09T23:37Z,1433,gB,1.819
2026-10-09T23:37Z,1439,gA,1.899
2026-10-09T23:37Z,1439,g98e5,1.969
2026-10-09T23:37Z,1440,gA,1.899
2026-10-09T23:37Z,1440,g98e5,1.969
2026-10-09T23:37Z,1443,g95e5,1.769
2026-10-09T23:37Z,1443,gA,1.915
2026-10-09T23:37Z,1443,gP,2.015
2026-10-09T23:37Z,1443,g98e5,1.929
2026-10-09T23:37Z,1446,gA,1.899
2026-10-09T23:37Z,1446,g98e5,1.969
2026-10-09T23:37Z,1448,gA,1.899
2026-10-09T23:37Z,1448,g98e5,1.969
2026-10-09T23:37Z,1448,gB,1.815
2026-10-09T23:37Z,1449,g95e5,1.875
2026-10-09T23:37Z,1449,gA,1.965
2026-10-09T23:37Z,1449,g98e5,1.985
2026-10-09T23:37Z,1452,g95e5,1.839
2026-10-09T23:37Z,1452,gA,1.959
2026-10-09T23:37Z,1452,g98e5,1.999
2026-10-09T23:37Z,1452,gB,1.815
2026-10-09T23:37Z,1454,gA,1.925
2026-10-09T23:37Z,1454,g98e5,2.025
2026-10-09T23:37Z,1455,g95e5,1.769
2026-10-09T23:37Z,1455,gA,1.909
2026-10-09T23:37Z,1455,gB,1.709
2026-10-09T23:37Z,1460,gA,1.955
2026-10-09T23:37Z,1460,gP,2.064
2026-10-09T23:37Z,1464,gA,1.955
2026-10-09T23:37Z,1464,gP,2.065
2026-10-09T23:37Z,1464,gB,1.864
2026-10-09T23:37Z,1474,g95e5,1.825
2026-10-09T23:37Z,1474,gA,1.929
2026-10-09T23:37Z,1474,g98e5,1.975
2026-10-09T23:37Z,1475,g95e5,1.825
2026-10-09T23:37Z,1475,gA,1.929
2026-10-09T23:37Z,1475,gB,1.815
2026-10-09T23:37Z,1477,gA,1.955
2026-10-09T23:37Z,1477,gP,2.064
2026-10-09T23:37Z,1478,g95e5,1.865
2026-10-09T23:37Z,1478,gA,1.925
2026-10-09T23:37Z,1478,g98e5,1.975
2026-10-09T23:37Z,1483,gA,1.955
2026-10-09T23:37Z,1483,gP,2.065
2026-10-09T23:37Z,1483,gB,1.864
2026-10-09T23:37Z,1487,gA,1.955
2026-10-09T23:37Z,1487,gB,1.864
2026-10-09T23:37Z,1488,gA,1.959
2026-10-09T23:37Z,1488,gP,2.069
2026-10-09T23:37Z,1489,gA,1.955
2026-10-09T23:37Z,1489,gP,2.065
2026-10-09T23:37Z,1489,gB,1.864
2026-10-09T23:37Z,1490,gA,1.955
2026-10-09T23:37Z,1490,gP,2.065
2026-10-09T23:37Z,1490,gB,1.864
2026-10-09T23:37Z,1500,gA,1.965
2026-10-09T23:37Z,1500,gP,2.054
2026-10-09T23:37Z,1501,gA,1.955
2026-10-09T23:37Z,1501,gP,2.065
2026-10-09T23:37Z,1503,gA,1.955
2026-10-09T23:37Z,1503,gP,2.065
2026-10-09T23:37Z,1504,g95e5,1.769
2026-10-09T23:37Z,1504,gA,1.945
2026-10-09T23:37Z,1504,g98e5,1.929
2026-10-09T23:37Z,1504,gB,1.709
2026-10-09T23:37Z,1509,g95e5,1.840
2026-10-09T23:37Z,1509,gA,1.946
2026-10-09T23:37Z,1510,g95e5,1.805
2026-10-09T23:37Z,1510,gA,1.955
2026-10-09T23:37Z,1510,g98e5,1.915
2026-10-09T23:37Z,1511,g95e5,1.775
2026-10-09T23:37Z,1511,gA,1.925
2026-10-09T23:37Z,1511,gP,2.025
2026-10-09T23:37Z,1511,g98e5,1.935
2026-10-09T23:37Z,1511,gB,1.745
2026-10-09T23:37Z,1512,g95e5,1.775
2026-10-09T23:37Z,1512,gA,1.925
2026-10-09T23:37Z,1512,gP,2.025
2026-10-09T23:37Z,1516,gA,1.965
2026-10-09T23:37Z,1516,g98e5,2.025
2026-10-09T23:37Z,1517,gA,1.905
2026-10-09T23:37Z,1517,g98e5,1.969
2026-10-09T23:37Z,1519,g95e5,1.809
2026-10-09T23:37Z,1519,gA,1.909
2026-10-09T23:37Z,1519,gP,1.959
2026-10-09T23:37Z,1519,g98e5,1.929
2026-10-09T23:37Z,1520,g95e5,1.809
2026-10-09T23:37Z,1520,gA,1.909
2026-10-09T23:37Z,1520,gP,1.959
2026-10-09T23:37Z,1520,g98e5,1.929
2026-10-09T23:37Z,1521,g95e5,1.825
2026-10-09T23:37Z,1521,gA,1.929
2026-10-09T23:37Z,1521,g98e5,1.975
2026-10-09T23:37Z,1522,g95e5,1.825
2026-10-09T23:37Z,1522,gA,1.929
2026-10-09T23:37Z,1522,g98e5,1.975
2026-10-09T23:37Z,1523,gA,1.919
2026-10-09T23:37Z,1528,gA,1.899
2026-10-09T23:37Z,1528,gB,1.869
2026-10-09T23:37Z,1530,gB,1.815
2026-10-09T23:37Z,1531,gA,1.899
2026-10-09T23:37Z,1531,gB,1.875
2026-10-09T23:37Z,1532,g95e5,1.795
2026-10-09T23:37Z,1532,gA,1.909
2026-10-09T23:37Z,1532,gB,1.709
2026-10-09T23:37Z,1534,gA,1.899
2026-10-09T23:37Z,1535,g95e5,1.835
2026-10-09T23:37Z,1535,gA,1.955
2026-10-09T23:37Z,1535,g98e5,1.995
2026-10-09T23:37Z,1540,g95e5,1.749
2026-10-09T23:37Z,1540,gA,1.929
2026-10-09T23:37Z,1570,g95e5,1.818
2026-10-09T23:37Z,1570,gA,1.898
2026-10-09T23:37Z,1570,g98e5,1.908
2026-10-09T23:37Z,1579,gA,2.020
2026-10-09T23:37Z,1579,gP,2.070
2026-10-09T23:37Z,1590,g95e5,1.809
2026-10-09T23:37Z,1590,gA,1.985
2026-10-09T23:37Z,1590,gP,2.075
2026-10-09T23:37Z,1637,g95e5,1.829
2026-10-09T23:37Z,1637,gA,1.905
2026-10-09T23:37Z,1637,g98e5,1.939
2026-10-09T23:37Z,1639,g95e5,1.799
2026-10-09T23:37Z,1639,gA,1.899
2026-10-09T23:37Z,1639,gP,1.949
2026-10-09T23:37Z,1639,g95e5p,1.849
2026-10-09T23:37Z,1670,gA,1.695
2026-10-09T23:37Z,1674,gA,1.695
2026-10-09T23:37Z,1675,gA,1.695
2026-10-09T23:37Z,1699,gA,2.020
2026-10-09T23:37Z,1699,gP,2.084
2026-10-09T23:37Z,1700,gA,2.020
2026-10-09T23:37Z,1700,gP,2.084
2026-10-09T23:37Z,1701,g95e5,1.849
2026-10-09T23:37Z,1701,g98e5,1.989
2026-10-09T23:37Z,1768,gA,1.974
2026-10-09T23:37Z,1768,gB,1.809
2026-10-09T23:37Z,1776,g95e5,1.845
2026-10-09T23:37Z,1776,gA,1.969
2026-10-09T23:37Z,1776,gP,2.059
2026-10-09T23:37Z,1776,g98e5,1.985
2026-10-09T23:37Z,1780,gA,2.000
2026-10-09T23:37Z,1780,gP,2.095
2026-10-09T23:37Z,1784,gA,1.994
2026-10-09T23:37Z,1784,gP,2.084
2026-10-09T23:37Z,1793,g95e5,1.809
2026-10-09T23:37Z,1793,gA,1.905
2026-10-09T23:37Z,1793,gP,1.955
2026-10-09T23:37Z,1793,g98e5,1.969
2026-10-09T23:37Z,1797,g95e5,1.829
2026-10-09T23:37Z,1797,gA,1.969
2026-10-09T23:37Z,1797,g98e5,1.939
2026-10-09T23:37Z,1797,g95e5p,1.899
2026-10-09T23:37Z,1798,g95e5,1.859
2026-10-09T23:37Z,1798,gA,1.939
2026-10-09T23:37Z,1798,g98e5,1.969
2026-10-09T23:37Z,1800,g95e5,1.839
2026-10-09T23:37Z,1800,gA,1.935
2026-10-09T23:37Z,1800,gP,1.985
2026-10-09T23:37Z,1800,g98e5,1.949
2026-10-09T23:37Z,1801,g95e5,1.839
2026-10-09T23:37Z,1801,gA,1.935
2026-10-09T23:37Z,1801,gP,1.985
2026-10-09T23:37Z,1801,g98e5,1.949
2026-10-09T23:37Z,1802,g95e5,1.849
2026-10-09T23:37Z,1802,g98e5,1.989
2026-10-09T23:37Z,1805,g95e5,1.839
2026-10-09T23:37Z,1805,gA,1.909
2026-10-09T23:37Z,1806,g95e5,1.819
2026-10-09T23:37Z,1806,gA,1.949
2026-10-09T23:37Z,1806,g98e5,1.939
2026-10-09T23:37Z,1807,g95e5,1.889
2026-10-09T23:37Z,1807,gA,1.925
2026-10-09T23:37Z,1807,gP,1.975
2026-10-09T23:37Z,1807,g98e5,1.999
2026-10-09T23:37Z,1807,g95e5p,1.959
2026-10-09T23:37Z,1808,g95e5,1.869
2026-10-09T23:37Z,1808,gA,1.935
2026-10-09T23:37Z,1808,g98e5,1.979
2026-10-09T23:37Z,1808,g95e5p,1.939
2026-10-09T23:37Z,1813,g95e5,1.879
2026-10-09T23:37Z,1813,gA,1.959
2026-10-09T23:37Z,1813,gP,2.009
2026-10-09T23:37Z,1813,g98e5,1.989
2026-10-09T23:37Z,1815,g95e5,1.809
2026-10-09T23:37Z,1815,gA,1.965
2026-10-09T23:37Z,1815,gP,2.015
2026-10-09T23:37Z,1815,g98e5,1.969
2026-10-09T23:37Z,1818,g95e5,1.865
2026-10-09T23:37Z,1818,gA,1.949
2026-10-09T23:37Z,1818,gP,2.029
2026-10-09T23:37Z,1818,g98e5,1.975
2026-10-09T23:37Z,1819,g95e5,1.869
2026-10-09T23:37Z,1819,gA,1.965
2026-10-09T23:37Z,1819,g98e5,1.979
2026-10-09T23:37Z,1824,g95e5,1.859
2026-10-09T23:37Z,1824,gA,1.935
2026-10-09T23:37Z,1824,gP,2.035
2026-10-09T23:37Z,1824,g98e5,1.979
2026-10-09T23:37Z,1825,g95e5,1.759
2026-10-09T23:37Z,1825,gA,1.945
2026-10-09T23:37Z,1825,gP,1.995
2026-10-09T23:37Z,1827,gA,1.999
2026-10-09T23:37Z,1827,g98e5,2.025
2026-10-09T23:37Z,1828,g95e5,1.869
2026-10-09T23:37Z,1828,gA,1.919
2026-10-09T23:37Z,1828,gP,2.019
2026-10-09T23:37Z,1828,g98e5,1.979
2026-10-09T23:37Z,1829,g95e5,1.819
2026-10-09T23:37Z,1829,gA,1.905
2026-10-09T23:37Z,1829,gP,1.955
2026-10-09T23:37Z,1829,g98e5,1.929
2026-10-09T23:37Z,1830,g95e5,1.889
2026-10-09T23:37Z,1830,gA,1.989
2026-10-09T23:37Z,1833,g95e5,1.869
2026-10-09T23:37Z,1833,gA,1.945
2026-10-09T23:37Z,1833,gP,2.045
2026-10-09T23:37Z,1833,g98e5,1.979
2026-10-09T23:37Z,1834,gA,2.030
2026-10-09T23:37Z,1834,gP,2.084
2026-10-09T23:37Z,1835,g95e5,1.875
2026-10-09T23:37Z,1835,gA,1.989
2026-10-09T23:37Z,1835,g95e5p,1.945
2026-10-09T23:37Z,1838,g95e5,1.745
2026-10-09T23:37Z,1838,gA,1.915
2026-10-09T23:37Z,1838,gP,1.965
2026-10-09T23:37Z,1842,g95e5,1.809
2026-10-09T23:37Z,1842,gA,1.965
2026-10-09T23:37Z,1842,g98e5,1.919
2026-10-09T23:37Z,1844,g95e5,1.859
2026-10-09T23:37Z,1844,gA,1.945
2026-10-09T23:37Z,1844,g98e5,1.979
2026-10-09T23:37Z,1851,g95e5,1.839
2026-10-09T23:37Z,1851,gA,1.915
2026-10-09T23:37Z,1851,g98e5,1.949
2026-10-09T23:37Z,1851,g95e5p,1.909
2026-10-09T23:37Z,1854,g95e5,1.819
2026-10-09T23:37Z,1854,gA,1.915
2026-10-09T23:37Z,1854,gP,1.965
2026-10-09T23:37Z,1854,g98e5,1.929
2026-10-09T23:37Z,1855,g95e5,1.809
2026-10-09T23:37Z,1855,gA,1.925
2026-10-09T23:37Z,1855,gP,1.975
2026-10-09T23:37Z,1855,g98e5,1.969
2026-10-09T23:37Z,1856,g95e5,1.809
2026-10-09T23:37Z,1856,gA,1.979
2026-10-09T23:37Z,1856,g98e5,1.919
2026-10-09T23:37Z,1856,g95e5p,1.879
2026-10-09T23:37Z,1856,gB,1.869
2026-10-09T23:37Z,1867,g95e5,1.819
2026-10-09T23:37Z,1867,gP,2.019
2026-10-09T23:37Z,1867,g98e5,1.949
2026-10-09T23:37Z,1868,g95e5,1.869
2026-10-09T23:37Z,1868,gA,1.955
2026-10-09T23:37Z,1868,g98e5,1.979
2026-10-09T23:37Z,1868,g95e5p,1.929
2026-10-09T23:37Z,1885,g95e5,1.909
2026-10-09T23:37Z,1885,gA,1.965
2026-10-09T23:37Z,1885,gP,2.015
2026-10-09T23:37Z,1885,gB,1.745
2026-10-09T23:37Z,1886,g95e5,1.825
2026-10-09T23:37Z,1886,gA,1.965
2026-10-09T23:37Z,1886,gP,2.055
2026-10-09T23:37Z,1886,g98e5,1.965
2026-10-09T23:37Z,1896,g95e5,1.855
2026-10-09T23:37Z,1896,gA,1.945
2026-10-09T23:37Z,1896,gP,2.035
2026-10-09T23:37Z,1896,g98e5,1.995
2026-10-09T23:37Z,1899,g95e5,1.899
2026-10-09T23:37Z,1899,gA,1.949
2026-10-09T23:37Z,1899,gP,2.039
2026-10-09T23:37Z,1899,g98e5,2.039
2026-10-09T23:37Z,1909,g95e5,1.849
2026-10-09T23:37Z,1909,gA,1.929
2026-10-09T23:37Z,1909,gP,1.989
2026-10-09T23:37Z,1909,g98e5,2.009
2026-10-09T23:37Z,1909,g95e5p,1.919
2026-10-09T23:37Z,1936,gA,1.939
2026-10-09T23:37Z,1936,gP,2.029
2026-10-09T23:37Z,1965,g95e5,1.829
2026-10-09T23:37Z,1965,gA,1.965
2026-10-09T23:37Z,1965,gP,2.015
2026-10-09T23:37Z,1973,gA,1.965
2026-10-09T23:37Z,1973,g98e5,1.969
2026-10-09T23:37Z,1975,gA,1.899
2026-10-09T23:37Z,1975,g98e5,1.969
2026-10-09T23:37Z,1976,g95e5,1.835
2026-10-09T23:37Z,1976,gA,1.919
2026-10-09T23:37Z,1976,g98e5,1.945
2026-10-09T23:37Z,1976,gB,1.875
2026-10-09T23:37Z,1977,g95e5,1.835
2026-10-09T23:37Z,1977,gA,1.919
2026-10-09T23:37Z,1977,g98e5,1.945
2026-10-09T23:37Z,1977,gB,1.875
2026-10-09T23:37Z,1979,g95e5,1.848
2026-10-09T23:37Z,1979,gA,1.938
2026-10-09T23:37Z,1980,g95e5,1.819
2026-10-09T23:37Z,1980,gA,1.879
2026-10-09T23:37Z,1980,g98e5,1.949
2026-10-09T23:37Z,1980,glp,1.139
2026-10-09T23:37Z,1982,g95e5,1.825
2026-10-09T23:37Z,1982,gA,1.925
2026-10-09T23:37Z,1982,g98e5,1.985
2026-10-09T23:37Z,1986,gA,1.925
2026-10-09T23:37Z,1986,g98e5,1.985
2026-10-09T23:37Z,1988,g95e5,1.819
2026-10-09T23:37Z,1988,gA,1.909
2026-10-09T23:37Z,1988,gP,1.959
2026-10-09T23:37Z,1988,g98e5,1.959
2026-10-09T23:37Z,1990,gA,1.959
2026-10-09T23:37Z,1990,gP,2.069
2026-10-09T23:37Z,1991,gA,1.975
2026-10-09T23:37Z,1991,gP,2.065
2026-10-09T23:37Z,1992,gA,1.975
2026-10-09T23:37Z,1992,gP,2.065
2026-10-09T23:37Z,2006,g95e5,1.869
2026-10-09T23:37Z,2006,gA,1.969
2026-10-09T23:37Z,2006,g98e5,1.979
2026-10-09T23:37Z,2006,g95e5p,1.939
2026-10-09T23:37Z,2026,g95e5,1.835
2026-10-09T23:37Z,2026,gP,2.019
2026-10-09T23:37Z,2026,g98e5,1.995
2026-10-09T23:37Z,2056,g95e5,1.809
2026-10-09T23:37Z,2056,g98e5,1.949
2026-10-09T23:37Z,2060,g95e5,1.859
2026-10-09T23:37Z,2060,g98e5,1.999
2026-10-09T23:37Z,2062,gA,1.960
2026-10-09T23:37Z,2062,gP,2.065
2026-10-09T23:37Z,2063,g95e5,1.829
2026-10-09T23:37Z,2063,gA,1.905
2026-10-09T23:37Z,2063,gP,1.955
2026-10-09T23:37Z,2063,g98e5,1.989
2026-10-09T23:37Z,2064,g95e5,1.809
2026-10-09T23:37Z,2064,gA,1.925
2026-10-09T23:37Z,2064,gP,1.975
2026-10-09T23:37Z,2064,g98e5,1.969
2026-10-09T23:37Z,2066,g95e5,1.709
2026-10-09T23:37Z,2066,gA,1.749
2026-10-09T23:37Z,2066,gP,1.799
2026-10-09T23:37Z,2066,g98e5,1.839
2026-10-09T23:37Z,2070,g95e5,1.895
2026-10-09T23:37Z,2070,gA,1.909
2026-10-09T23:37Z,2070,gP,2.009
2026-10-09T23:37Z,2070,g98e5,2.005
2026-10-09T23:37Z,2071,g95e5,1.885
2026-10-09T23:37Z,2071,gA,1.965
2026-10-09T23:37Z,2071,gP,2.065
2026-10-09T23:37Z,2074,g95e5,1.845
2026-10-09T23:37Z,2074,gA,1.975
2026-10-09T23:37Z,2074,gP,2.065
2026-10-09T23:37Z,2074,g98e5,1.985
2026-10-09T23:37Z,2075,g95e5,1.879
2026-10-09T23:37Z,2075,gA,1.949
2026-10-09T23:37Z,2075,gP,1.999
2026-10-09T23:37Z,2075,g98e5,1.989
2026-10-09T23:37Z,2076,g95e5,1.879
2026-10-09T23:37Z,2076,gA,1.949
2026-10-09T23:37Z,2076,gP,1.999
2026-10-09T23:37Z,2076,g98e5,1.989
2026-10-09T23:37Z,2078,g95e5,1.769
2026-10-09T23:37Z,2078,gA,1.959
2026-10-09T23:37Z,2078,gP,2.009
2026-10-09T23:37Z,2078,g95e5p,1.819
2026-10-09T23:37Z,2079,g95e5,1.859
2026-10-09T23:37Z,2079,gA,1.969
2026-10-09T23:37Z,2079,g98e5,1.969
2026-10-09T23:37Z,2079,gB,1.899
2026-10-09T23:37Z,2080,g95e5,1.845
2026-10-09T23:37Z,2080,gA,1.975
2026-10-09T23:37Z,2080,gP,2.065
2026-10-09T23:37Z,2080,g98e5,1.985
2026-10-09T23:37Z,2081,g95e5,1.889
2026-10-09T23:37Z,2081,gA,1.979
2026-10-09T23:37Z,2081,g98e5,1.999
2026-10-09T23:37Z,2081,g95e5p,1.969
2026-10-09T23:37Z,2083,g95e5,1.865
2026-10-09T23:37Z,2083,gA,1.959
2026-10-09T23:37Z,2084,g95e5,1.809
2026-10-09T23:37Z,2084,gA,1.929
2026-10-09T23:37Z,2084,g98e5,1.919
2026-10-09T23:37Z,2084,g95e5p,1.889
2026-10-09T23:37Z,2085,g95e5,1.809
2026-10-09T23:37Z,2085,gA,1.909
2026-10-09T23:37Z,2085,gP,1.959
2026-10-09T23:37Z,2085,g98e5,1.919
2026-10-09T23:37Z,2089,gA,1.939
2026-10-09T23:37Z,2090,g95e5,1.849
2026-10-09T23:37Z,2090,gA,1.949
2026-10-09T23:37Z,2095,g95e5,1.839
2026-10-09T23:37Z,2095,gA,1.905
2026-10-09T23:37Z,2095,gP,1.955
2026-10-09T23:37Z,2095,g98e5,1.949
2026-10-09T23:37Z,2095,g95e5p,1.899
2026-10-09T23:37Z,2099,g95e5,1.745
2026-10-09T23:37Z,2099,gA,1.945
2026-10-09T23:37Z,2099,gP,1.995
2026-10-09T23:37Z,2099,g98e5,1.905
2026-10-09T23:37Z,2100,gA,2.010
2026-10-09T23:37Z,2100,gP,2.084
2026-10-09T23:37Z,2104,g95e5,1.687
2026-10-09T23:37Z,2104,gA,1.797
2026-10-09T23:37Z,2104,gP,1.877
2026-10-09T23:37Z,2104,g98e5,1.787
2026-10-09T23:37Z,2116,gA,1.970
2026-10-09T23:37Z,2116,gP,2.055
2026-10-09T23:37Z,2116,gB,1.919
2026-10-09T23:37Z,2117,g95e5,1.805
2026-10-09T23:37Z,2117,gA,1.969
2026-10-09T23:37Z,2117,gP,2.019
2026-10-09T23:37Z,2117,gB,1.835
2026-10-09T23:37Z,2129,gA,1.939
2026-10-09T23:37Z,2132,gA,1.969
2026-10-09T23:37Z,2132,g98e5,1.949
2026-10-09T23:37Z,2133,gA,1.955
2026-10-09T23:37Z,2133,g98e5,1.885
2026-10-09T23:37Z,2134,g95e5,1.829
2026-10-09T23:37Z,2134,gA,1.919
2026-10-09T23:37Z,2134,g98e5,1.939
2026-10-09T23:37Z,2134,g95e5p,1.889
2026-10-09T23:37Z,2140,g95e5,1.819
2026-10-09T23:37Z,2140,gA,1.945
2026-10-09T23:37Z,2140,g98e5,1.929
2026-10-09T23:37Z,2141,gA,1.969
2026-10-09T23:37Z,2153,g95e5,1.785
2026-10-09T23:37Z,2153,gA,1.905
2026-10-09T23:37Z,2153,gP,1.995
2026-10-09T23:37Z,2153,g98e5,1.925
2026-10-09T23:37Z,2156,gA,1.925
2026-10-09T23:37Z,2158,g95e5,1.815
2026-10-09T23:37Z,2158,gA,1.935
2026-10-09T23:37Z,2158,g98e5,1.925
2026-10-09T23:37Z,2160,g95e5,1.805
2026-10-09T23:37Z,2160,gA,1.935
2026-10-09T23:37Z,2160,g98e5,1.915
2026-10-09T23:37Z,2161,gA,1.965
2026-10-09T23:37Z,2161,gP,2.015
2026-10-09T23:37Z,2161,gB,1.779
2026-10-09T23:37Z,2164,g95e5,1.839
2026-10-09T23:37Z,2164,gA,1.959
2026-10-09T23:37Z,2164,gP,2.049
2026-10-09T23:37Z,2164,g98e5,1.969
2026-10-09T23:37Z,2164,g95e5p,1.899
2026-10-09T23:37Z,2169,g95e5,1.799
2026-10-09T23:37Z,2169,gA,1.905
2026-10-09T23:37Z,2169,g98e5,1.909
2026-10-09T23:37Z,2171,g95e5,1.809
2026-10-09T23:37Z,2171,gA,1.925
2026-10-09T23:37Z,2171,g98e5,1.919
2026-10-09T23:37Z,2171,gB,1.829
2026-10-09T23:37Z,2172,g95e5,1.809
2026-10-09T23:37Z,2172,gA,1.935
2026-10-09T23:37Z,2172,g98e5,1.919
2026-10-09T23:37Z,2173,gA,1.939
2026-10-09T23:37Z,2173,g98e5,1.885
2026-10-09T23:37Z,2174,g95e5,1.789
2026-10-09T23:37Z,2174,gA,1.969
2026-10-09T23:37Z,2174,g98e5,1.899
2026-10-09T23:37Z,2179,g95e5,1.779
2026-10-09T23:37Z,2179,gA,1.969
2026-10-09T23:37Z,2179,g98e5,1.889
2026-10-09T23:37Z,2189,gA,1.925
2026-10-09T23:37Z,2189,gP,1.975
2026-10-09T23:37Z,2189,g98e5,1.949
2026-10-09T23:37Z,2196,gA,1.970
2026-10-09T23:37Z,2196,gP,2.055
2026-10-09T23:37Z,2197,gA,1.970
2026-10-09T23:37Z,2197,gP,2.075
2026-10-09T23:37Z,2198,gA,1.970
2026-10-09T23:37Z,2198,gP,2.045
2026-10-09T23:37Z,2204,gA,1.970
2026-10-09T23:37Z,2204,gP,2.065
2026-10-09T23:37Z,2205,gA,1.970
2026-10-09T23:37Z,2205,gP,2.055
2026-10-09T23:37Z,2206,g95e5,1.831
2026-10-09T23:37Z,2206,gA,1.945
2026-10-09T23:37Z,2206,gP,2.035
2026-10-09T23:37Z,2206,g98e5,1.969
2026-10-09T23:37Z,2207,gA,1.950
2026-10-09T23:37Z,2207,gP,2.035
2026-10-09T23:37Z,2210,g95e5,1.869
2026-10-09T23:37Z,2210,gA,1.945
2026-10-09T23:37Z,2210,g98e5,1.979
2026-10-09T23:37Z,2210,g95e5p,1.929
2026-10-09T23:37Z,2213,g95e5,1.815
2026-10-09T23:37Z,2213,gA,1.959
2026-10-09T23:37Z,2213,g98e5,1.925
2026-10-09T23:37Z,2213,g95e5p,1.895
2026-10-09T23:37Z,2214,g95e5,1.859
2026-10-09T23:37Z,2214,g98e5,1.969
2026-10-09T23:37Z,2214,g95e5p,1.929
2026-10-09T23:37Z,2215,g95e5,1.859
2026-10-09T23:37Z,2215,g98e5,1.969
2026-10-09T23:37Z,2218,g95e5,1.899
2026-10-09T23:37Z,2218,gA,1.935
2026-10-09T23:37Z,2218,gP,1.985
2026-10-09T23:37Z,2218,g98e5,2.009
2026-10-09T23:37Z,2219,g95e5,1.809
2026-10-09T23:37Z,2219,gA,1.909
2026-10-09T23:37Z,2219,g98e5,1.919
2026-10-09T23:37Z,2221,g95e5,1.799
2026-10-09T23:37Z,2221,gA,1.969
2026-10-09T23:37Z,2222,g95e5,1.765
2026-10-09T23:37Z,2222,gA,1.949
2026-10-09T23:37Z,2222,gP,1.999
2026-10-09T23:37Z,2223,g95e5,1.859
2026-10-09T23:37Z,2223,gA,1.945
2026-10-09T23:37Z,2223,g98e5,1.969
2026-10-09T23:37Z,2223,g95e5p,1.919
2026-10-09T23:37Z,2224,g95e5,1.889
2026-10-09T23:37Z,2224,gA,1.949
2026-10-09T23:37Z,2224,g98e5,1.999
2026-10-09T23:37Z,2225,gA,1.939
2026-10-09T23:37Z,2225,gP,1.989
2026-10-09T23:37Z,2226,gA,2.020
2026-10-09T23:37Z,2226,gP,2.070
2026-10-09T23:37Z,2231,g95e5,1.895
2026-10-09T23:37Z,2231,gA,1.965
2026-10-09T23:37Z,2231,gB,1.865
2026-10-09T23:37Z,2233,g95e5,1.849
2026-10-09T23:37Z,2233,gA,1.969
2026-10-09T23:37Z,2233,g98e5,1.959
2026-10-09T23:37Z,2237,g95e5,1.899
2026-10-09T23:37Z,2237,gA,1.959
2026-10-09T23:37Z,2237,g98e5,2.009
2026-10-09T23:37Z,2237,g95e5p,1.969
2026-10-09T23:37Z,2238,g95e5,1.869
2026-10-09T23:37Z,2238,gA,1.955
2026-10-09T23:37Z,2238,g98e5,1.979
2026-10-09T23:37Z,2238,g95e5p,1.939
2026-10-09T23:37Z,2239,g95e5,1.765
2026-10-09T23:37Z,2239,gA,1.955
2026-10-09T23:37Z,2239,g98e5,1.925
2026-10-09T23:37Z,2241,g95e5,1.865
2026-10-09T23:37Z,2241,gA,1.999
2026-10-09T23:37Z,2241,g98e5,1.975
2026-10-09T23:37Z,2241,gB,1.869
2026-10-09T23:37Z,2243,g95e5,1.809
2026-10-09T23:37Z,2243,gA,1.905
2026-10-09T23:37Z,2243,g98e5,1.919
2026-10-09T23:37Z,2255,g95e5,1.905
2026-10-09T23:37Z,2255,gA,1.979
2026-10-09T23:37Z,2255,g98e5,2.015
2026-10-09T23:37Z,2256,g95e5,1.789
2026-10-09T23:37Z,2256,gA,1.915
2026-10-09T23:37Z,2256,g98e5,1.919
2026-10-09T23:37Z,2257,g95e5,1.789
2026-10-09T23:37Z,2257,gA,1.955
2026-10-09T23:37Z,2257,g98e5,1.899
2026-10-09T23:37Z,2265,g95e5,1.739
2026-10-09T23:37Z,2265,gA,1.859
2026-10-09T23:37Z,2265,gP,1.909
2026-10-09T23:37Z,2265,g98e5,1.949
2026-10-09T23:37Z,2266,g95e5,1.869
2026-10-09T23:37Z,2266,g98e5,2.009
2026-10-09T23:37Z,2269,g95e5,1.829
2026-10-09T23:37Z,2269,gA,1.947
2026-10-09T23:37Z,2269,gP,2.037
2026-10-09T23:37Z,2269,g98e5,1.949
2026-10-09T23:37Z,2270,gA,1.929
2026-10-09T23:37Z,2270,gP,2.029
2026-10-09T23:37Z,2270,g98e5,1.949
2026-10-09T23:37Z,2273,g95e5,1.879
2026-10-09T23:37Z,2273,gA,1.959
2026-10-09T23:37Z,2273,gP,2.009
2026-10-09T23:37Z,2273,g98e5,1.989
2026-10-09T23:37Z,2273,g95e5p,1.949
2026-10-09T23:37Z,2274,g95e5,1.799
2026-10-09T23:37Z,2274,gA,1.969
2026-10-09T23:37Z,2276,gA,1.964
2026-10-09T23:37Z,2276,gP,2.035
2026-10-09T23:37Z,2285,g95e5,1.809
2026-10-09T23:37Z,2285,g98e5,1.919
2026-10-09T23:37Z,2285,g95e5p,1.879
2026-10-09T23:37Z,2288,g95e5,1.849
2026-10-09T23:37Z,2288,gA,1.929
2026-10-09T23:37Z,2288,gP,1.979
2026-10-09T23:37Z,2288,g98e5,1.969
2026-10-09T23:37Z,2290,g95e5,1.859
2026-10-09T23:37Z,2290,gA,1.995
2026-10-09T23:37Z,2290,g98e5,1.969
2026-10-09T23:37Z,2290,g95e5p,1.939
2026-10-09T23:37Z,2292,g95e5,1.809
2026-10-09T23:37Z,2292,gA,1.925
2026-10-09T23:37Z,2292,gP,1.975
2026-10-09T23:37Z,2292,g98e5,1.919
2026-10-09T23:37Z,2294,g95e5,1.745
2026-10-09T23:37Z,2294,gA,1.915
2026-10-09T23:37Z,2294,gP,1.965
2026-10-09T23:37Z,2296,g95e5,1.829
2026-10-09T23:37Z,2296,gA,1.929
2026-10-09T23:37Z,2296,g98e5,1.939
2026-10-09T23:37Z,2296,g95e5p,1.899
2026-10-09T23:37Z,2298,g95e5,1.799
2026-10-09T23:37Z,2298,gA,1.939
2026-10-09T23:37Z,2298,gP,1.989
2026-10-09T23:37Z,2300,g95e5,1.839
2026-10-09T23:37Z,2300,gA,1.949
2026-10-09T23:37Z,2300,g98e5,1.949
2026-10-09T23:37Z,2300,g95e5p,1.919
2026-10-09T23:37Z,2301,g95e5,1.829
2026-10-09T23:37Z,2301,gA,1.935
2026-10-09T23:37Z,2301,g98e5,1.939
2026-10-09T23:37Z,2304,g95e5,1.905
2026-10-09T23:37Z,2304,gA,1.915
2026-10-09T23:37Z,2304,g98e5,2.015
2026-10-09T23:37Z,2305,g95e5,1.889
2026-10-09T23:37Z,2305,gA,1.989
2026-10-09T23:37Z,2305,g98e5,1.999
2026-10-09T23:37Z,2306,g95e5,1.865
2026-10-09T23:37Z,2306,g98e5,2.005
2026-10-09T23:37Z,2307,g95e5,1.829
2026-10-09T23:37Z,2307,gA,1.959
2026-10-09T23:37Z,2307,gP,2.009
2026-10-09T23:37Z,2307,g98e5,1.939
2026-10-09T23:37Z,2309,g95e5,1.845
2026-10-09T23:37Z,2309,gA,1.925
2026-10-09T23:37Z,2309,gP,1.975
2026-10-09T23:37Z,2309,g98e5,1.955
2026-10-09T23:37Z,2309,g95e5p,1.915
2026-10-09T23:37Z,2311,g95e5,1.839
2026-10-09T23:37Z,2311,gA,1.909
2026-10-09T23:37Z,2311,gP,1.959
2026-10-09T23:37Z,2311,g95e5p,1.909
2026-10-09T23:37Z,2312,g95e5,1.819
2026-10-09T23:37Z,2312,gA,1.929
2026-10-09T23:37Z,2312,gP,1.979
2026-10-09T23:37Z,2312,g98e5,1.979
2026-10-09T23:37Z,2316,g95e5,1.869
2026-10-09T23:37Z,2316,gA,1.959
2026-10-09T23:37Z,2316,gP,2.039
2026-10-09T23:37Z,2316,g98e5,1.979
2026-10-09T23:37Z,2316,gB,1.865
2026-10-09T23:37Z,2318,g95e5,1.845
2026-10-09T23:37Z,2318,gA,1.969
2026-10-09T23:37Z,2318,gP,2.059
2026-10-09T23:37Z,2318,g98e5,1.985
2026-10-09T23:37Z,2322,g95e5,1.859
2026-10-09T23:37Z,2322,gA,1.949
2026-10-09T23:37Z,2322,g98e5,2.019
2026-10-09T23:37Z,2323,g95e5,1.849
2026-10-09T23:37Z,2323,g98e5,1.959
2026-10-09T23:37Z,2326,g95e5,1.829
2026-10-09T23:37Z,2326,gA,1.955
2026-10-09T23:37Z,2326,g98e5,1.939
2026-10-09T23:37Z,2330,g95e5,1.859
2026-10-09T23:37Z,2330,gA,1.935
2026-10-09T23:37Z,2330,gP,2.034
2026-10-09T23:37Z,2330,g98e5,1.979
2026-10-09T23:37Z,2331,g95e5,1.849
2026-10-09T23:37Z,2331,gA,1.939
2026-10-09T23:37Z,2331,g98e5,1.959
2026-10-09T23:37Z,2332,g95e5,1.895
2026-10-09T23:37Z,2332,gA,1.965
2026-10-09T23:37Z,2332,g98e5,2.015
2026-10-09T23:37Z,2333,g95e5,1.859
2026-10-09T23:37Z,2333,gA,1.995
2026-10-09T23:37Z,2333,gP,2.085
2026-10-09T23:37Z,2333,g98e5,1.999
2026-10-09T23:37Z,2334,g95e5,1.905
2026-10-09T23:37Z,2334,gA,1.979
2026-10-09T23:37Z,2334,g98e5,2.015
2026-10-09T23:37Z,2335,g95e5,1.879
2026-10-09T23:37Z,2335,gA,1.955
2026-10-09T23:37Z,2335,g98e5,1.989
2026-10-09T23:37Z,2340,gA,2.030
2026-10-09T23:37Z,2340,gP,2.095
2026-10-09T23:37Z,2341,g95e5,1.889
2026-10-09T23:37Z,2341,gA,1.965
2026-10-09T23:37Z,2341,g98e5,1.999
2026-10-09T23:37Z,2341,gB,1.865
2026-10-09T23:37Z,2342,g95e5,1.859
2026-10-09T23:37Z,2342,gA,1.945
2026-10-09T23:37Z,2342,g98e5,1.979
2026-10-09T23:37Z,2343,g95e5,1.724
2026-10-09T23:37Z,2343,gA,1.824
2026-10-09T23:37Z,2343,gP,1.889
2026-10-09T23:37Z,2343,g98e5,1.856
2026-10-09T23:37Z,2344,g95e5,1.859
2026-10-09T23:37Z,2344,gA,1.975
2026-10-09T23:37Z,2344,g98e5,1.969
2026-10-09T23:37Z,2345,g95e5,1.789
2026-10-09T23:37Z,2345,gA,1.915
2026-10-09T23:37Z,2345,gP,1.965
2026-10-09T23:37Z,2346,g95e5,1.789
2026-10-09T23:37Z,2346,gA,1.915
2026-10-09T23:37Z,2346,gP,1.965
2026-10-09T23:37Z,2349,g95e5,1.809
2026-10-09T23:37Z,2349,gA,1.905
2026-10-09T23:37Z,2349,gP,1.955
2026-10-09T23:37Z,2349,g98e5,1.969
2026-10-09T23:37Z,2349,g95e5p,1.869
2026-10-09T23:37Z,2350,g95e5,1.745
2026-10-09T23:37Z,2350,gA,1.925
2026-10-09T23:37Z,2350,g95e5p,1.815
2026-10-09T23:37Z,2350,gB,1.745
2026-10-09T23:37Z,2352,g95e5,1.849
2026-10-09T23:37Z,2352,gA,1.909
2026-10-09T23:37Z,2352,gP,2.009
2026-10-09T23:37Z,2352,g98e5,1.959
2026-10-09T23:37Z,2354,g95e5,1.849
2026-10-09T23:37Z,2354,g98e5,1.989
2026-10-09T23:37Z,2359,g95e5,1.809
2026-10-09T23:37Z,2359,gA,1.939
2026-10-09T23:37Z,2359,g98e5,1.969
2026-10-09T23:37Z,2359,gB,1.799
2026-10-09T23:37Z,2364,g95e5,1.819
2026-10-09T23:37Z,2364,gA,1.975
2026-10-09T23:37Z,2365,g95e5,1.819
2026-10-09T23:37Z,2365,gA,1.975
2026-10-09T23:37Z,2365,g98e5,1.929
2026-10-09T23:37Z,2367,g95e5,1.819
2026-10-09T23:37Z,2367,gA,1.975
2026-10-09T23:37Z,2367,g98e5,1.929
2026-10-09T23:37Z,2367,g95e5p,1.899
2026-10-09T23:37Z,2369,g95e5,1.775
2026-10-09T23:37Z,2369,gA,1.929
2026-10-09T23:37Z,2370,g95e5,1.819
2026-10-09T23:37Z,2370,gA,1.955
2026-10-09T23:37Z,2370,g98e5,1.979
2026-10-09T23:37Z,2371,g95e5,1.819
2026-10-09T23:37Z,2371,gA,1.945
2026-10-09T23:37Z,2377,g95e5,1.795
2026-10-09T23:37Z,2377,g98e5,1.925
2026-10-09T23:37Z,2377,g95e5p,1.875
2026-10-09T23:37Z,2378,g95e5,1.795
2026-10-09T23:37Z,2378,gP,1.999
2026-10-09T23:37Z,2378,g98e5,1.925
2026-10-09T23:37Z,2378,g95e5p,1.875
2026-10-09T23:37Z,2379,g95e5,1.795
2026-10-09T23:37Z,2379,g98e5,1.925
2026-10-09T23:37Z,2380,g95e5,1.795
2026-10-09T23:37Z,2380,gP,1.999
2026-10-09T23:37Z,2380,g98e5,1.925
2026-10-09T23:37Z,2380,g95e5p,1.875
2026-10-09T23:37Z,2381,g95e5,1.795
2026-10-09T23:37Z,2381,gP,1.999
2026-10-09T23:37Z,2381,g98e5,1.925
2026-10-09T23:37Z,2381,g95e5p,1.875
2026-10-09T23:37Z,2382,gA,2.000
2026-10-09T23:37Z,2382,gP,2.065
2026-10-09T23:37Z,2382,gB,1.834
2026-10-09T23:37Z,2383,gP,2.029
2026-10-09T23:37Z,2383,gB,1.819
2026-10-09T23:37Z,2390,g95e5,1.789
2026-10-09T23:37Z,2390,gA,1.945
2026-10-09T23:37Z,2390,gP,2.045
2026-10-09T23:37Z,2390,g98e5,1.949
2026-10-09T23:37Z,2391,g95e5,1.819
2026-10-09T23:37Z,2391,gA,1.955
2026-10-09T23:37Z,2391,g98e5,1.979
2026-10-09T23:37Z,2391,gB,1.835
2026-10-09T23:37Z,2392,g95e5,1.775
2026-10-09T23:37Z,2392,gA,1.949
2026-10-09T23:37Z,2393,g95e5,1.775
2026-10-09T23:37Z,2393,gA,1.929
2026-10-09T23:37Z,2393,gB,1.835
2026-10-09T23:37Z,2395,g95e5,1.775
2026-10-09T23:37Z,2395,gA,1.929
2026-10-09T23:37Z,2395,gB,1.835
2026-10-09T23:37Z,2396,g95e5,1.799
2026-10-09T23:37Z,2396,gA,1.929
2026-10-09T23:37Z,2397,g95e5,1.779
2026-10-09T23:37Z,2397,gA,1.945
2026-10-09T23:37Z,2397,gB,1.809
2026-10-09T23:37Z,2410,g95e5,1.889
2026-10-09T23:37Z,2410,gA,2.029
2026-10-09T23:37Z,2410,g98e5,2.029
2026-10-09T23:37Z,2414,g95e5,1.845
2026-10-09T23:37Z,2414,g98e5,1.986
2026-10-09T23:37Z,2418,g95e5,1.825
2026-10-09T23:37Z,2418,g98e5,1.965
2026-10-09T23:37Z,2423,g95e5,1.869
2026-10-09T23:37Z,2423,gA,1.979
2026-10-09T23:37Z,2423,g98e5,1.979
2026-10-09T23:37Z,2425,g95e5,1.845
2026-10-09T23:37Z,2425,gA,1.975
2026-10-09T23:37Z,2425,gP,2.065
2026-10-09T23:37Z,2425,g98e5,1.985
2026-10-09T23:37Z,2426,g95e5,1.905
2026-10-09T23:37Z,2426,g98e5,2.015
2026-10-09T23:37Z,2440,g95e5,1.879
2026-10-09T23:37Z,2440,gA,1.934
2026-10-09T23:37Z,2440,gP,2.024
2026-10-09T23:37Z,2440,g98e5,2.019
2026-10-09T23:37Z,2441,g95e5,1.815
2026-10-09T23:37Z,2441,g98e5,1.955
2026-10-09T23:37Z,2442,g95e5,1.809
2026-10-09T23:37Z,2442,gA,1.929
2026-10-09T23:37Z,2442,gP,1.979
2026-10-09T23:37Z,2442,g98e5,1.949
2026-10-09T23:37Z,2445,gA,1.939
2026-10-09T23:37Z,2445,gP,1.989
2026-10-09T23:37Z,2449,g95e5,1.895
2026-10-09T23:37Z,2449,gA,1.909
2026-10-09T23:37Z,2449,g98e5,2.005
2026-10-09T23:37Z,2449,g95e5p,1.965
2026-10-09T23:37Z,2452,g95e5,1.869
2026-10-09T23:37Z,2452,g98e5,1.979
2026-10-09T23:37Z,2453,g95e5,1.789
2026-10-09T23:37Z,2453,gA,1.939
2026-10-09T23:37Z,2453,gP,1.989
2026-10-09T23:37Z,2453,g98e5,1.949
2026-10-09T23:37Z,2453,gB,1.725
2026-10-09T23:37Z,2458,gA,1.945
2026-10-09T23:37Z,2458,gP,1.995
2026-10-09T23:37Z,2458,g98e5,1.885
2026-10-09T23:37Z,2460,g95e5,1.809
2026-10-09T23:37Z,2460,gP,1.959
2026-10-09T23:37Z,2460,g98e5,1.919
2026-10-09T23:37Z,2461,g95e5,1.799
2026-10-09T23:37Z,2461,gA,1.969
2026-10-09T23:37Z,2461,gP,2.019
2026-10-09T23:37Z,2461,gB,1.769
2026-10-09T23:37Z,2462,g95e5,1.865
2026-10-09T23:37Z,2462,gA,1.965
2026-10-09T23:37Z,2462,gP,2.025
2026-10-09T23:37Z,2462,g98e5,1.975
2026-10-09T23:37Z,2467,g95e5,1.819
2026-10-09T23:37Z,2467,gA,1.939
2026-10-09T23:37Z,2467,g98e5,1.929
2026-10-09T23:37Z,2470,g95e5,1.859
2026-10-09T23:37Z,2470,gA,1.959
2026-10-09T23:37Z,2470,g98e5,1.969
2026-10-09T23:37Z,2470,g95e5p,1.929
2026-10-09T23:37Z,2472,g95e5,1.819
2026-10-09T23:37Z,2472,gA,1.935
2026-10-09T23:37Z,2472,g98e5,1.929
2026-10-09T23:37Z,2473,g95e5,1.859
2026-10-09T23:37Z,2473,gA,1.929
2026-10-09T23:37Z,2473,gP,1.979
2026-10-09T23:37Z,2473,g98e5,1.969
2026-10-09T23:37Z,2474,g95e5,1.859
2026-10-09T23:37Z,2474,gA,1.929
2026-10-09T23:37Z,2474,gP,1.979
2026-10-09T23:37Z,2474,g98e5,1.969
2026-10-09T23:37Z,2475,g95e5,1.839
2026-10-09T23:37Z,2475,gA,1.939
2026-10-09T23:37Z,2475,g98e5,1.949
2026-10-09T23:37Z,2476,gA,1.939
2026-10-09T23:37Z,2476,gP,1.989
2026-10-09T23:37Z,2477,g95e5,1.905
2026-10-09T23:37Z,2477,gA,1.975
2026-10-09T23:37Z,2478,g95e5,1.859
2026-10-09T23:37Z,2478,gA,1.919
2026-10-09T23:37Z,2478,gP,2.019
2026-10-09T23:37Z,2478,g98e5,2.019
2026-10-09T23:37Z,2480,g95e5,1.859
2026-10-09T23:37Z,2480,gA,1.949
2026-10-09T23:37Z,2480,g98e5,1.969
2026-10-09T23:37Z,2481,g95e5,1.799
2026-10-09T23:37Z,2481,gA,1.969
2026-10-09T23:37Z,2483,g95e5,1.769
2026-10-09T23:37Z,2483,gA,1.969
2026-10-09T23:37Z,2483,gP,2.019
2026-10-09T23:37Z,2483,g98e5,1.929
2026-10-09T23:37Z,2483,gB,1.769
2026-10-09T23:37Z,2485,g95e5,1.889
2026-10-09T23:37Z,2485,gA,1.989
2026-10-09T23:37Z,2485,g98e5,1.999
2026-10-09T23:37Z,2485,g95e5p,1.949
2026-10-09T23:37Z,2488,g95e5,1.869
2026-10-09T23:37Z,2488,gA,1.965
2026-10-09T23:37Z,2488,g98e5,1.979
2026-10-09T23:37Z,2489,g95e5,1.809
2026-10-09T23:37Z,2489,gA,1.919
2026-10-09T23:37Z,2489,g98e5,1.919
2026-10-09T23:37Z,2492,g95e5,1.889
2026-10-09T23:37Z,2492,gA,1.965
2026-10-09T23:37Z,2492,g98e5,1.999
2026-10-09T23:37Z,2495,g95e5,1.745
2026-10-09T23:37Z,2495,gA,1.915
2026-10-09T23:37Z,2495,gP,1.965
2026-10-09T23:37Z,2497,g95e5,1.849
2026-10-09T23:37Z,2497,gA,1.989
2026-10-09T23:37Z,2497,gP,2.039
2026-10-09T23:37Z,2501,g95e5,1.905
2026-10-09T23:37Z,2501,gA,1.949
2026-10-09T23:37Z,2501,g98e5,2.015
2026-10-09T23:37Z,2502,g95e5,1.759
2026-10-09T23:37Z,2502,gA,1.969
2026-10-09T23:37Z,2502,g98e5,1.869
2026-10-09T23:37Z,2503,g95e5,1.839
2026-10-09T23:37Z,2503,gA,1.909
2026-10-09T23:37Z,2503,gP,1.979
2026-10-09T23:37Z,2504,gA,1.765
2026-10-09T23:37Z,2504,gP,1.865
2026-10-09T23:37Z,2504,gB,1.725
2026-10-09T23:37Z,2507,g95e5,1.829
2026-10-09T23:37Z,2507,gA,1.915
2026-10-09T23:37Z,2507,g98e5,1.939
2026-10-09T23:37Z,2508,gA,2.020
2026-10-09T23:37Z,2508,gP,2.095
2026-10-09T23:37Z,2509,g95e5,1.819
2026-10-09T23:37Z,2509,gA,1.945
2026-10-09T23:37Z,2510,g95e5,1.819
2026-10-09T23:37Z,2510,gA,1.945
2026-10-09T23:37Z,2510,g98e5,1.929
2026-10-09T23:37Z,2510,g95e5p,1.889
2026-10-09T23:37Z,2511,g95e5,1.849
2026-10-09T23:37Z,2511,gA,1.929
2026-10-09T23:37Z,2511,gP,1.979
2026-10-09T23:37Z,2511,g98e5,1.969
2026-10-09T23:37Z,2511,gB,1.905
2026-10-09T23:37Z,2512,g95e5,1.849
2026-10-09T23:37Z,2512,gA,1.929
2026-10-09T23:37Z,2512,gP,1.979
2026-10-09T23:37Z,2512,g98e5,1.969
2026-10-09T23:37Z,2512,gB,1.905
2026-10-09T23:37Z,2513,g95e5,1.849
2026-10-09T23:37Z,2513,gA,1.925
2026-10-09T23:37Z,2513,gP,2.005
2026-10-09T23:37Z,2513,g98e5,1.979
2026-10-09T23:37Z,2515,g95e5,1.819
2026-10-09T23:37Z,2515,gA,1.949
2026-10-09T23:37Z,2515,g98e5,1.929
2026-10-09T23:37Z,2516,g95e5,1.819
2026-10-09T23:37Z,2516,gA,1.949
2026-10-09T23:37Z,2516,gP,1.999
2026-10-09T23:37Z,2516,g98e5,1.929
2026-10-09T23:37Z,2517,g95e5,1.809
2026-10-09T23:37Z,2517,gA,1.915
2026-10-09T23:37Z,2517,g98e5,1.919
2026-10-09T23:37Z,2519,g95e5,1.895
2026-10-09T23:37Z,2519,gA,1.965
2026-10-09T23:37Z,2519,g98e5,2.005
2026-10-09T23:37Z,2520,g95e5,1.839
2026-10-09T23:37Z,2520,gA,1.915
2026-10-09T23:37Z,2520,gP,2.015
2026-10-09T23:37Z,2520,g98e5,1.999
2026-10-09T23:37Z,2527,g95e5,1.865
2026-10-09T23:37Z,2527,gA,1.959
2026-10-09T23:37Z,2527,g98e5,1.975
2026-10-09T23:37Z,2528,g95e5,1.799
2026-10-09T23:37Z,2528,gA,1.969
2026-10-09T23:37Z,2529,g95e5,1.809
2026-10-09T23:37Z,2529,gA,1.905
2026-10-09T23:37Z,2529,g98e5,1.969
2026-10-09T23:37Z,2531,g95e5,1.819
2026-10-09T23:37Z,2531,g98e5,1.949
2026-10-09T23:37Z,2533,g95e5,1.839
2026-10-09T23:37Z,2533,gA,1.909
2026-10-09T23:37Z,2533,gP,2.009
2026-10-09T23:37Z,2534,g95e5,1.855
2026-10-09T23:37Z,2534,gA,1.955
2026-10-09T23:37Z,2534,g98e5,2.005
2026-10-09T23:37Z,2535,g95e5,1.899
2026-10-09T23:37Z,2535,gA,1.979
2026-10-09T23:37Z,2535,g98e5,2.009
2026-10-09T23:37Z,2540,g95e5,1.889
2026-10-09T23:37Z,2540,gA,2.039
2026-10-09T23:37Z,2540,g98e5,2.089
2026-10-09T23:37Z,2541,g95e5,1.819
2026-10-09T23:37Z,2541,gA,1.929
2026-10-09T23:37Z,2545,g95e5,1.875
2026-10-09T23:37Z,2545,gA,1.955
2026-10-09T23:37Z,2545,gP,2.045
2026-10-09T23:37Z,2545,g98e5,2.015
2026-10-09T23:37Z,2550,g95e5,1.839
2026-10-09T23:37Z,2550,gA,1.915
2026-10-09T23:37Z,2550,g98e5,1.949
2026-10-09T23:37Z,2551,g95e5,1.759
2026-10-09T23:37Z,2551,gA,1.945
2026-10-09T23:37Z,2551,gP,1.995
2026-10-09T23:37Z,2551,gB,1.719
2026-10-09T23:37Z,2555,g95e5,1.759
2026-10-09T23:37Z,2555,gA,1.945
2026-10-09T23:37Z,2555,g98e5,1.919
2026-10-09T23:37Z,2556,g95e5,1.835
2026-10-09T23:37Z,2556,gA,1.915
2026-10-09T23:37Z,2556,gP,1.965
2026-10-09T23:37Z,2556,g98e5,1.975
2026-10-09T23:37Z,2557,g95e5,1.845
2026-10-09T23:37Z,2557,gA,1.919
2026-10-09T23:37Z,2557,gP,2.019
2026-10-09T23:37Z,2557,g98e5,1.955
2026-10-09T23:37Z,2558,g95e5,1.859
2026-10-09T23:37Z,2558,gA,1.949
2026-10-09T23:37Z,2558,gP,1.999
2026-10-09T23:37Z,2558,g98e5,1.969
2026-10-09T23:37Z,2559,g95e5,1.895
2026-10-09T23:37Z,2559,gA,1.919
2026-10-09T23:37Z,2559,gP,1.969
2026-10-09T23:37Z,2560,g95e5,1.809
2026-10-09T23:37Z,2560,gA,1.975
2026-10-09T23:37Z,2562,g95e5,1.849
2026-10-09T23:37Z,2562,gA,1.969
2026-10-09T23:37Z,2562,g98e5,1.959
2026-10-09T23:37Z,2562,g95e5p,1.929
2026-10-09T23:37Z,2565,gA,2.020
2026-10-09T23:37Z,2565,gP,2.070
2026-10-09T23:37Z,2567,g95e5,1.859
2026-10-09T23:37Z,2567,gA,1.985
2026-10-09T23:37Z,2567,g98e5,2.019
2026-10-09T23:37Z,2569,g95e5,1.895
2026-10-09T23:37Z,2569,gA,2.009
2026-10-09T23:37Z,2570,g95e5,1.915
2026-10-09T23:37Z,2570,gA,2.039
2026-10-09T23:37Z,2570,gP,2.089
2026-10-09T23:37Z,2570,g98e5,2.025
2026-10-09T23:37Z,2573,g95e5,1.859
2026-10-09T23:37Z,2573,gA,1.985
2026-10-09T23:37Z,2573,gP,2.035
2026-10-09T23:37Z,2573,g98e5,1.969
2026-10-09T23:37Z,2574,g95e5,1.875
2026-10-09T23:37Z,2574,gA,1.995
2026-10-09T23:37Z,2574,g98e5,1.985
2026-10-09T23:37Z,2574,g95e5p,1.935
2026-10-09T23:37Z,2575,gA,2.010
2026-10-09T23:37Z,2575,gP,2.100
2026-10-09T23:37Z,2581,gA,2.040
2026-10-09T23:37Z,2584,g95e5,1.889
2026-10-09T23:37Z,2584,gA,2.029
2026-10-09T23:37Z,2584,g98e5,2.029
2026-10-09T23:37Z,2584,g95e5p,1.959
2026-10-09T23:37Z,2586,g95e5,1.885
2026-10-09T23:37Z,2586,gA,1.989
2026-10-09T23:37Z,2586,g98e5,1.995
2026-10-09T23:37Z,2593,g95e5,1.919
2026-10-09T23:37Z,2593,gA,2.039
2026-10-09T23:37Z,2593,g98e5,2.019
2026-10-09T23:37Z,2594,gA,2.000
2026-10-09T23:37Z,2594,gP,2.095
2026-10-09T23:37Z,2594,gB,1.884
2026-10-09T23:37Z,2595,g95e5,1.915
2026-10-09T23:37Z,2595,gA,2.019
2026-10-09T23:37Z,2595,g98e5,2.025
2026-10-09T23:37Z,2607,g95e5,1.859
2026-10-09T23:37Z,2607,gA,2.025
2026-10-09T23:37Z,2607,g98e5,1.969
2026-10-09T23:37Z,2609,g95e5,1.875
2026-10-09T23:37Z,2609,g98e5,1.985
2026-10-09T23:37Z,2609,g95e5p,1.945
2026-10-09T23:37Z,2612,g95e5,1.885
2026-10-09T23:37Z,2612,gA,2.005
2026-10-09T23:37Z,2612,g98e5,1.995
2026-10-09T23:37Z,2612,g95e5p,1.955
2026-10-09T23:37Z,2613,gA,2.020
2026-10-09T23:37Z,2613,gP,2.115
2026-10-09T23:37Z,2615,g95e5,1.889
2026-10-09T23:37Z,2615,gA,2.029
2026-10-09T23:37Z,2615,g98e5,2.029
2026-10-09T23:37Z,2616,g95e5,1.879
2026-10-09T23:37Z,2616,gA,2.035
2026-10-09T23:37Z,2616,gB,1.865
2026-10-09T23:37Z,2617,g95e5,1.873
2026-10-09T23:37Z,2617,gA,2.029
2026-10-09T23:37Z,2617,g98e5,2.013
2026-10-09T23:37Z,2618,gA,2.020
2026-10-09T23:37Z,2618,gP,2.115
2026-10-09T23:37Z,2619,g95e5,1.889
2026-10-09T23:37Z,2619,gA,2.029
2026-10-09T23:37Z,2619,g98e5,2.029
2026-10-09T23:37Z,2623,gA,2.039
2026-10-09T23:37Z,2623,gP,2.129
2026-10-09T23:37Z,2625,g95e5,1.898
2026-10-09T23:37Z,2625,gA,2.039
2026-10-09T23:37Z,2625,g98e5,2.039
2026-10-09T23:37Z,2626,g95e5,1.915
2026-10-09T23:37Z,2626,gA,2.039
2026-10-09T23:37Z,2626,gP,2.089
2026-10-09T23:37Z,2626,g98e5,2.025
2026-10-09T23:37Z,2627,g95e5,1.915
2026-10-09T23:37Z,2627,gA,2.039
2026-10-09T23:37Z,2630,g95e5,1.929
2026-10-09T23:37Z,2630,gA,2.035
2026-10-09T23:37Z,2630,gP,2.125
2026-10-09T23:37Z,2630,g98e5,2.069
2026-10-09T23:37Z,2631,g95e5,1.889
2026-10-09T23:37Z,2631,gA,2.029
2026-10-09T23:37Z,2631,gP,2.119
2026-10-09T23:37Z,2631,g98e5,2.029
2026-10-09T23:37Z,2634,g95e5,1.889
2026-10-09T23:37Z,2634,gA,2.029
2026-10-09T23:37Z,2634,g98e5,2.029
2026-10-09T23:37Z,2634,gB,1.899
2026-10-09T23:37Z,2638,g95e5,1.889
2026-10-09T23:37Z,2638,gA,2.029
2026-10-09T23:37Z,2638,g98e5,2.029
2026-10-09T23:37Z,2638,gB,1.899
2026-10-09T23:37Z,2647,g95e5,1.889
2026-10-09T23:37Z,2647,gA,2.029
2026-10-09T23:37Z,2647,g98e5,2.029
2026-10-09T23:37Z,2647,gB,1.899
2026-10-09T23:37Z,2650,g95e5,1.859
2026-10-09T23:37Z,2650,gA,1.985
2026-10-09T23:37Z,2650,g98e5,1.969
2026-10-09T23:37Z,2652,g95e5,1.898
2026-10-09T23:37Z,2652,gA,2.039
2026-10-09T23:37Z,2652,g98e5,2.039
2026-10-09T23:37Z,2652,gB,1.899
2026-10-09T23:37Z,2654,g95e5,1.879
2026-10-09T23:37Z,2654,g98e5,2.009
2026-10-09T23:37Z,2654,g95e5p,1.949
2026-10-09T23:37Z,2663,g95e5,1.915
2026-10-09T23:37Z,2663,gA,2.035
2026-10-09T23:37Z,2663,g98e5,2.025
2026-10-09T23:37Z,2663,gB,1.895
2026-10-09T23:37Z,2664,gA,2.039
2026-10-09T23:37Z,2666,g95e5,1.949
2026-10-09T23:37Z,2666,gA,2.079
2026-10-09T23:37Z,2666,gP,2.189
2026-10-09T23:37Z,2666,gB,1.989
2026-10-09T23:37Z,2667,g95e5,1.949
2026-10-09T23:37Z,2667,gA,2.079
2026-10-09T23:37Z,2667,gP,2.189
2026-10-09T23:37Z,2673,g95e5,1.909
2026-10-09T23:37Z,2673,gA,2.049
2026-10-09T23:37Z,2673,gP,2.159
2026-10-09T23:37Z,2673,g98e5,2.049
2026-10-09T23:37Z,2673,gB,1.949
2026-10-09T23:37Z,2678,g95e5,1.889
2026-10-09T23:37Z,2678,gA,2.029
2026-10-09T23:37Z,2678,g98e5,2.029
2026-10-09T23:37Z,2678,gB,1.899
2026-10-09T23:37Z,2680,gA,2.059
2026-10-09T23:37Z,2680,gP,2.159
2026-10-09T23:37Z,2680,gB,1.929
2026-10-09T23:37Z,2682,g95e5,1.885
2026-10-09T23:37Z,2682,gA,2.025
2026-10-09T23:37Z,2682,g98e5,2.025
2026-10-09T23:37Z,2682,g95e5p,1.955
2026-10-09T23:37Z,2683,g95e5,1.889
2026-10-09T23:37Z,2683,gA,2.029
2026-10-09T23:37Z,2683,g98e5,2.029
2026-10-09T23:37Z,2686,g95e5,1.859
2026-10-09T23:37Z,2686,gA,2.039
2026-10-09T23:37Z,2686,g98e5,1.969
2026-10-09T23:37Z,2686,gB,1.875
2026-10-09T23:37Z,2687,g95e5,1.859
2026-10-09T23:37Z,2687,gA,2.015
2026-10-09T23:37Z,2687,g98e5,2.019
2026-10-09T23:37Z,2690,g95e5,1.859
2026-10-09T23:37Z,2690,gA,1.985
2026-10-09T23:37Z,2690,g98e5,1.979
2026-10-09T23:37Z,2692,g95e5,1.909
2026-10-09T23:37Z,2692,gA,2.039
2026-10-09T23:37Z,2692,g98e5,2.019
2026-10-09T23:37Z,2693,g95e5,1.899
2026-10-09T23:37Z,2693,gA,1.985
2026-10-09T23:37Z,2693,g98e5,2.009
2026-10-09T23:37Z,2693,g95e5p,1.969
2026-10-09T23:37Z,2696,gA,2.040
2026-10-09T23:37Z,2696,gP,2.115
2026-10-09T23:37Z,2697,gA,2.040
2026-10-09T23:37Z,2697,gP,2.115
2026-10-09T23:37Z,2698,g95e5,1.855
2026-10-09T23:37Z,2698,g98e5,1.995
2026-10-09T23:37Z,2700,g95e5,1.869
2026-10-09T23:37Z,2700,gA,2.029
2026-10-09T23:37Z,2700,g98e5,1.979
2026-10-09T23:37Z,2700,gB,1.895
2026-10-09T23:37Z,2702,gA,1.999
2026-10-09T23:37Z,2707,g95e5,1.875
2026-10-09T23:37Z,2707,gA,2.019
2026-10-09T23:37Z,2707,g98e5,1.985
2026-10-09T23:37Z,2707,g95e5p,1.945
2026-10-09T23:37Z,2707,gB,1.865
2026-10-09T23:37Z,2708,gA,2.050
2026-10-09T23:37Z,2708,gP,2.125
2026-10-09T23:37Z,2710,g95e5,1.859
2026-10-09T23:37Z,2710,gA,2.005
2026-10-09T23:37Z,2710,g98e5,1.969
2026-10-09T23:37Z,2710,gB,1.875
2026-10-09T23:37Z,2713,g95e5,1.859
2026-10-09T23:37Z,2713,gA,1.985
2026-10-09T23:37Z,2713,g98e5,1.969
2026-10-09T23:37Z,2713,g95e5p,1.939
2026-10-09T23:37Z,2715,g95e5,1.915
2026-10-09T23:37Z,2715,gA,2.009
2026-10-09T23:37Z,2715,g98e5,2.025
2026-10-09T23:37Z,2723,g95e5,1.889
2026-10-09T23:37Z,2723,gA,2.029
2026-10-09T23:37Z,2723,g98e5,2.029
2026-10-09T23:37Z,2723,gB,1.899
2026-10-09T23:37Z,2725,gA,2.040
2026-10-09T23:37Z,2725,gP,2.115
2026-10-09T23:37Z,2726,g95e5,1.859
2026-10-09T23:37Z,2726,g98e5,2.019
2026-10-09T23:37Z,2727,gA,2.029
2026-10-09T23:37Z,2727,gP,2.090
2026-10-09T23:37Z,2728,g95e5,1.859
2026-10-09T23:37Z,2728,gA,1.985
2026-10-09T23:37Z,2728,gP,2.055
2026-10-09T23:37Z,2728,g98e5,1.979
2026-10-09T23:37Z,2731,g95e5,1.898
2026-10-09T23:37Z,2731,gA,2.039
2026-10-09T23:37Z,2731,g98e5,2.039
2026-10-09T23:37Z,2732,g95e5,1.859
2026-10-09T23:37Z,2732,gA,1.985
2026-10-09T23:37Z,2732,gP,2.075
2026-10-09T23:37Z,2732,g98e5,1.999
2026-10-09T23:37Z,2733,g95e5,1.859
2026-10-09T23:37Z,2733,gA,1.985
2026-10-09T23:37Z,2733,g98e5,1.969
2026-10-09T23:37Z,2734,g95e5,1.875
2026-10-09T23:37Z,2734,gA,1.999
2026-10-09T23:37Z,2734,g98e5,2.025
2026-10-09T23:37Z,2735,g95e5,1.889
2026-10-09T23:37Z,2735,gA,2.029
2026-10-09T23:37Z,2735,g98e5,2.029
2026-10-09T23:37Z,2736,g95e5,1.885
2026-10-09T23:37Z,2736,g98e5,1.995
2026-10-09T23:37Z,2737,g95e5,1.915
2026-10-09T23:37Z,2737,gA,2.039
2026-10-09T23:37Z,2740,g95e5,1.889
2026-10-09T23:37Z,2740,gA,2.029
2026-10-09T23:37Z,2740,g98e5,2.029
2026-10-09T23:37Z,2743,g95e5,1.885
2026-10-09T23:37Z,2743,gA,2.025
2026-10-09T23:37Z,2743,g98e5,2.025
2026-10-09T23:37Z,2758,g95e5,1.819
2026-10-09T23:37Z,2758,gA,1.949
2026-10-09T23:37Z,2758,gP,1.999
2026-10-09T23:37Z,2758,g98e5,1.939
2026-10-09T23:37Z,2759,g95e5,1.875
2026-10-09T23:37Z,2759,gA,1.935
2026-10-09T23:37Z,2759,gP,1.995
2026-10-09T23:37Z,2759,g98e5,1.985
2026-10-09T23:37Z,2760,gA,1.919
2026-10-09T23:37Z,2761,gA,1.969
2026-10-09T23:37Z,2765,g95e5,1.795
2026-10-09T23:37Z,2765,gA,1.955
2026-10-09T23:37Z,2765,gP,2.045
2026-10-09T23:37Z,2765,g98e5,1.935
2026-10-09T23:37Z,2768,g95e5,1.839
2026-10-09T23:37Z,2768,gA,1.919
2026-10-09T23:37Z,2768,gP,2.019
2026-10-09T23:37Z,2772,g95e5,1.895
2026-10-09T23:37Z,2772,gA,1.919
2026-10-09T23:37Z,2773,g95e5,1.799
2026-10-09T23:37Z,2773,gA,1.919
2026-10-09T23:37Z,2775,g95e5,1.905
2026-10-09T23:37Z,2775,gA,1.959
2026-10-09T23:37Z,2775,g98e5,2.015
2026-10-09T23:37Z,2785,g95e5,1.849
2026-10-09T23:37Z,2785,g98e5,1.989
2026-10-09T23:37Z,2788,g95e5,1.849
2026-10-09T23:37Z,2788,g98e5,1.989
2026-10-09T23:37Z,2789,g95e5,1.849
2026-10-09T23:37Z,2789,gA,1.969
2026-10-09T23:37Z,2789,g98e5,1.959
2026-10-09T23:37Z,2791,gA,2.030
2026-10-09T23:37Z,2791,gP,2.084
2026-10-09T23:37Z,2792,g95e5,1.905
2026-10-09T23:37Z,2792,gA,1.975
2026-10-09T23:37Z,2792,gP,2.025
2026-10-09T23:37Z,2792,g98e5,2.015
2026-10-09T23:37Z,2793,g95e5,1.899
2026-10-09T23:37Z,2793,gA,1.955
2026-10-09T23:37Z,2795,g95e5,1.745
2026-10-09T23:37Z,2795,gA,1.929
2026-10-09T23:37Z,2795,gP,1.979
2026-10-09T23:37Z,2795,g95e5p,1.805
2026-10-09T23:37Z,2796,g95e5,1.849
2026-10-09T23:37Z,2796,gA,1.939
2026-10-09T23:37Z,2796,g98e5,1.959
2026-10-09T23:37Z,2796,g95e5p,1.909
2026-10-09T23:37Z,2799,g95e5,1.829
2026-10-09T23:37Z,2799,gA,1.969
2026-10-09T23:37Z,2799,g98e5,1.939
2026-10-09T23:37Z,2800,g95e5,1.809
2026-10-09T23:37Z,2800,gA,1.925
2026-10-09T23:37Z,2800,g98e5,1.969
2026-10-09T23:37Z,2802,g95e5,1.835
2026-10-09T23:37Z,2802,gA,1.959
2026-10-09T23:37Z,2802,g98e5,1.945
2026-10-09T23:37Z,2803,g95e5,1.879
2026-10-09T23:37Z,2803,gA,1.955
2026-10-09T23:37Z,2803,g98e5,1.989
2026-10-09T23:37Z,2804,g95e5,1.889
2026-10-09T23:37Z,2804,gA,1.979
2026-10-09T23:37Z,2804,g98e5,1.999
2026-10-09T23:37Z,2805,g95e5,1.889
2026-10-09T23:37Z,2805,g98e5,1.999
2026-10-09T23:37Z,2806,g95e5,1.869
2026-10-09T23:37Z,2806,gA,1.975
2026-10-09T23:37Z,2806,gP,2.025
2026-10-09T23:37Z,2806,g98e5,1.979
2026-10-09T23:37Z,2807,g95e5,1.889
2026-10-09T23:37Z,2807,gA,1.939
2026-10-09T23:37Z,2807,gP,1.989
2026-10-09T23:37Z,2807,g98e5,1.999
2026-10-09T23:37Z,2808,g95e5,1.869
2026-10-09T23:37Z,2808,gA,1.959
2026-10-09T23:37Z,2808,g98e5,1.979
2026-10-09T23:37Z,2809,g95e5,1.839
2026-10-09T23:37Z,2809,gA,1.905
2026-10-09T23:37Z,2809,g98e5,1.949
2026-10-09T23:37Z,2810,g95e5,1.839
2026-10-09T23:37Z,2810,gA,1.959
2026-10-09T23:37Z,2810,g98e5,1.949
2026-10-09T23:37Z,2811,g95e5,1.869
2026-10-09T23:37Z,2811,gA,1.975
2026-10-09T23:37Z,2811,g98e5,1.979
2026-10-09T23:37Z,2812,g95e5,1.869
2026-10-09T23:37Z,2812,gA,1.955
2026-10-09T23:37Z,2812,g98e5,1.979
2026-10-09T23:37Z,2814,g95e5,1.829
2026-10-09T23:37Z,2814,gA,1.999
2026-10-09T23:37Z,2814,g98e5,1.989
2026-10-09T23:37Z,2814,gB,1.899
2026-10-09T23:37Z,2815,g95e5,1.879
2026-10-09T23:37Z,2815,gP,1.999
2026-10-09T23:37Z,2815,g98e5,1.989
2026-10-09T23:37Z,2816,g95e5,1.895
2026-10-09T23:37Z,2816,gA,1.965
2026-10-09T23:37Z,2816,g98e5,2.015
2026-10-09T23:37Z,2816,gB,1.905
2026-10-09T23:37Z,2817,g95e5,1.879
2026-10-09T23:37Z,2817,gP,1.999
2026-10-09T23:37Z,2817,g98e5,1.989
2026-10-09T23:37Z,2818,g95e5,1.839
2026-10-09T23:37Z,2818,gA,1.989
2026-10-09T23:37Z,2818,g98e5,1.949
2026-10-09T23:37Z,2819,g95e5,1.855
2026-10-09T23:37Z,2819,gA,1.945
2026-10-09T23:37Z,2819,g98e5,1.965
2026-10-09T23:37Z,2820,g95e5,1.855
2026-10-09T23:37Z,2820,gA,1.945
2026-10-09T23:37Z,2820,g98e5,1.965
2026-10-09T23:37Z,2821,g95e5,1.869
2026-10-09T23:37Z,2821,gA,1.975
2026-10-09T23:37Z,2821,g98e5,1.979
2026-10-09T23:37Z,2822,g95e5,1.869
2026-10-09T23:37Z,2822,gA,1.995
2026-10-09T23:37Z,2822,g98e5,1.979
2026-10-09T23:37Z,2823,g95e5,1.745
2026-10-09T23:37Z,2823,gA,1.929
2026-10-09T23:37Z,2823,gP,1.979
2026-10-09T23:37Z,2824,g95e5,1.899
2026-10-09T23:37Z,2824,gA,1.979
2026-10-09T23:37Z,2824,g98e5,2.009
2026-10-09T23:37Z,2825,g95e5,1.809
2026-10-09T23:37Z,2825,gA,1.905
2026-10-09T23:37Z,2825,g98e5,1.969
2026-10-09T23:37Z,2826,g95e5,1.809
2026-10-09T23:37Z,2826,gA,1.929
2026-10-09T23:37Z,2826,gP,1.979
2026-10-09T23:37Z,2826,g98e5,1.929
2026-10-09T23:37Z,2827,g95e5,1.809
2026-10-09T23:37Z,2827,gA,1.929
2026-10-09T23:37Z,2827,gP,1.979
2026-10-09T23:37Z,2827,g98e5,1.929
2026-10-09T23:37Z,2828,g95e5,1.859
2026-10-09T23:37Z,2828,gA,1.955
2026-10-09T23:37Z,2828,g98e5,1.969
2026-10-09T23:37Z,2831,g95e5,1.895
2026-10-09T23:37Z,2831,gA,1.965
2026-10-09T23:37Z,2831,g98e5,2.015
2026-10-09T23:37Z,2831,gB,1.905
2026-10-09T23:37Z,2833,g95e5,1.869
2026-10-09T23:37Z,2833,gA,1.985
2026-10-09T23:37Z,2833,g98e5,1.979
2026-10-09T23:37Z,2836,gA,2.010
2026-10-09T23:37Z,2836,gP,2.095
2026-10-09T23:37Z,2838,g95e5,1.889
2026-10-09T23:37Z,2838,g98e5,2.109
2026-10-09T23:37Z,2840,g95e5,1.859
2026-10-09T23:37Z,2840,gA,1.979
2026-10-09T23:37Z,2840,g98e5,1.969
2026-10-09T23:37Z,2843,gA,2.020
2026-10-09T23:37Z,2843,gP,2.084
2026-10-09T23:37Z,2844,gA,2.020
2026-10-09T23:37Z,2844,gP,2.084
2026-10-09T23:37Z,2851,gA,1.960
2026-10-09T23:37Z,2851,gB,1.824
2026-10-09T23:37Z,2852,gA,2.010
2026-10-09T23:37Z,2852,gP,2.084
2026-10-09T23:37Z,2857,gA,2.014
2026-10-09T23:37Z,2857,gP,2.084
2026-10-09T23:37Z,2858,gA,2.020
2026-10-09T23:37Z,2858,gP,2.084
2026-10-09T23:37Z,2861,gA,1.944
2026-10-09T23:37Z,2861,gP,2.025
2026-10-09T23:37Z,2865,gA,1.980
2026-10-09T23:37Z,2865,gP,2.084
2026-10-09T23:37Z,2871,gA,1.995
2026-10-09T23:37Z,2871,gP,2.084
2026-10-09T23:37Z,2875,gA,2.000
2026-10-09T23:37Z,2875,gP,2.075
2026-10-09T23:37Z,2876,gA,2.020
2026-10-09T23:37Z,2876,gP,2.070
2026-10-09T23:37Z,2877,gA,2.020
2026-10-09T23:37Z,2877,gP,2.070
2026-10-09T23:37Z,2884,gA,1.980
2026-10-09T23:37Z,2884,gP,2.084
2026-10-09T23:37Z,2885,gA,2.009
2026-10-09T23:37Z,2885,gP,2.084
2026-10-09T23:37Z,2909,g95e5,1.909
2026-10-09T23:37Z,2909,gA,1.995
2026-10-09T23:37Z,2909,g98e5,2.019
2026-10-09T23:37Z,2912,g95e5,1.885
2026-10-09T23:37Z,2912,gA,2.005
2026-10-09T23:37Z,2912,g98e5,1.995
2026-10-09T23:37Z,2912,g95e5p,1.955
2026-10-09T23:37Z,2914,g95e5,1.885
2026-10-09T23:37Z,2914,gA,2.005
2026-10-09T23:37Z,2914,g98e5,1.995
2026-10-09T23:37Z,2914,g95e5p,1.955
2026-10-09T23:37Z,2920,g95e5,1.845
2026-10-09T23:37Z,2920,gA,1.999
2026-10-09T23:37Z,2920,g98e5,2.005
2026-10-09T23:37Z,2927,g95e5,1.799
2026-10-09T23:37Z,2927,gA,1.919
2026-10-09T23:37Z,2927,gP,1.969
2026-10-09T23:37Z,2927,g95e5p,1.849
2026-10-09T23:37Z,2928,g95e5,1.859
2026-10-09T23:37Z,2928,g98e5,1.999
2026-10-09T23:37Z,2929,g95e5,1.719
2026-10-09T23:37Z,2929,gA,1.849
2026-10-09T23:37Z,2929,gP,1.899
2026-10-09T23:37Z,2929,g98e5,1.859
2026-10-09T23:37Z,2931,gA,2.030
2026-10-09T23:37Z,2931,gP,2.084
2026-10-09T23:37Z,2931,gB,1.894
2026-10-09T23:37Z,2932,g95e5,1.859
2026-10-09T23:37Z,2932,gA,1.945
2026-10-09T23:37Z,2932,gP,1.995
2026-10-09T23:37Z,2932,g98e5,1.969
2026-10-09T23:37Z,2935,g95e5,1.905
2026-10-09T23:37Z,2935,gA,1.975
2026-10-09T23:37Z,2935,g98e5,2.015
2026-10-09T23:37Z,2945,gA,1.960
2026-10-09T23:37Z,2945,gP,2.075
2026-10-09T23:37Z,2953,gA,1.960
2026-10-09T23:37Z,2953,gP,2.045
2026-10-09T23:37Z,2953,gB,1.924
2026-10-09T23:37Z,2955,gA,2.010
2026-10-09T23:37Z,2955,gP,2.084
2026-10-09T23:37Z,2964,g95e5,1.849
2026-10-09T23:37Z,2964,g98e5,1.959
2026-10-09T23:37Z,2968,g95e5,1.839
2026-10-09T23:37Z,2968,gA,1.955
2026-10-09T23:37Z,2968,g98e5,1.949
2026-10-09T23:37Z,2969,gA,1.695
2026-10-09T23:37Z,2970,gA,1.969
2026-10-09T23:37Z,2970,gP,2.050
2026-10-09T23:37Z,2971,gA,2.010
2026-10-09T23:37Z,2971,gP,2.095
2026-10-09T23:37Z,2975,gA,2.000
2026-10-09T23:37Z,2975,gP,2.095
2026-10-09T23:37Z,2981,gA,1.999
2026-10-09T23:37Z,2981,gP,2.084
2026-10-09T23:37Z,2995,g95e5,1.829
2026-10-09T23:37Z,2995,gA,1.844
2026-10-09T23:37Z,2995,gP,1.894
2026-10-09T23:37Z,2995,g95e5p,1.879
2026-10-09T23:37Z,2997,g95e5,1.869
2026-10-09T23:37Z,2997,gA,1.969
2026-10-09T23:37Z,2997,g98e5,1.979
2026-10-09T23:37Z,3010,g95e5,1.849
2026-10-09T23:37Z,3010,gA,1.989
2026-10-09T23:37Z,3010,g98e5,1.959
2026-10-09T23:37Z,3017,gA,1.960
2026-10-09T23:37Z,3017,gP,2.065
2026-10-09T23:37Z,3017,gB,1.924
2026-10-09T23:37Z,3020,g95e5,1.829
2026-10-09T23:37Z,3020,gA,1.995
2026-10-09T23:37Z,3020,gP,2.085
2026-10-09T23:37Z,3020,g98e5,1.969
2026-10-09T23:37Z,3021,g95e5,1.829
2026-10-09T23:37Z,3021,gA,1.995
2026-10-09T23:37Z,3021,gP,2.085
2026-10-09T23:37Z,3021,g98e5,1.969
2026-10-09T23:37Z,3029,g95e5,1.879
2026-10-09T23:37Z,3029,gA,1.919
2026-10-09T23:37Z,3029,gP,1.969
2026-10-09T23:37Z,3029,g98e5,1.989
2026-10-09T23:37Z,3030,g95e5,1.879
2026-10-09T23:37Z,3030,gA,1.919
2026-10-09T23:37Z,3030,gP,1.969
2026-10-09T23:37Z,3030,g98e5,1.989
2026-10-09T23:37Z,3031,g95e5,1.829
2026-10-09T23:37Z,3031,gA,1.949
2026-10-09T23:37Z,3031,gP,1.999
2026-10-09T23:37Z,3031,g98e5,1.979
2026-10-09T23:37Z,3034,gA,1.970
2026-10-09T23:37Z,3034,gP,2.055
2026-10-09T23:37Z,3042,gA,1.990
2026-10-09T23:37Z,3042,gP,2.095
2026-10-09T23:37Z,3061,g95e5,1.799
2026-10-09T23:37Z,3061,gA,1.889
2026-10-09T23:37Z,3061,gP,1.939
2026-10-09T23:37Z,3061,g98e5,1.909
2026-10-09T23:37Z,3066,gA,1.949
2026-10-09T23:37Z,3066,gP,2.039
2026-10-09T23:37Z,3067,g95e5,1.709
2026-10-09T23:37Z,3067,gA,1.839
2026-10-09T23:37Z,3067,gP,1.889
2026-10-09T23:37Z,3067,g95e5p,1.759
2026-10-09T23:37Z,3072,g95e5,1.729
2026-10-09T23:37Z,3072,gA,1.859
2026-10-09T23:37Z,3072,gP,1.879
2026-10-09T23:37Z,3072,g98e5,1.869
2026-10-09T23:37Z,3077,g95e5,1.869
2026-10-09T23:37Z,3077,gA,1.979
2026-10-09T23:37Z,3077,gP,2.069
2026-10-09T23:37Z,3077,g98e5,2.009
2026-10-09T23:37Z,3087,gA,1.952
2026-10-09T23:37Z,3092,g95e5,1.599
2026-10-09T23:37Z,3094,g95e5,1.855
2026-10-09T23:37Z,3094,g98e5,1.995
2026-10-09T23:37Z,3095,gA,1.965
2026-10-09T23:37Z,3095,gP,2.055
2026-10-09T23:37Z,3098,g95e5,1.599
2026-10-09T23:37Z,3102,g95e5,1.819
2026-10-09T23:37Z,3102,gA,1.889
2026-10-09T23:37Z,3102,gP,1.929
2026-10-09T23:37Z,3102,g98e5,1.879
2026-10-09T23:37Z,3103,gA,1.879
2026-10-09T23:37Z,3103,gP,1.939
2026-10-09T23:37Z,3103,g98e5,1.879
2026-10-09T23:37Z,3104,g95e5,1.855
2026-10-09T23:37Z,3104,g98e5,1.995
2026-10-09T23:37Z,3106,g95e5,1.879
2026-10-09T23:37Z,3106,gA,2.039
2026-10-09T23:37Z,3106,g98e5,2.009
2026-10-09T23:37Z,3109,g95e5,1.879
2026-10-09T23:37Z,3109,gA,1.975
2026-10-09T23:37Z,3109,g98e5,1.989
2026-10-09T23:37Z,3109,g95e5p,1.949
2026-10-09T23:37Z,3110,g95e5,1.845
2026-10-09T23:37Z,3110,gA,2.015
2026-10-09T23:37Z,3110,g98e5,2.005
2026-10-09T23:37Z,3115,gA,1.995
2026-10-09T23:37Z,3115,gP,2.084
2026-10-09T23:37Z,3116,gA,1.995
2026-10-09T23:37Z,3116,gP,2.084
2026-10-09T23:37Z,3118,g95e5,1.849
2026-10-09T23:37Z,3118,gA,1.985
2026-10-09T23:37Z,3119,g95e5,1.849
2026-10-09T23:37Z,3119,gA,1.985
2026-10-09T23:37Z,3120,g95e5,1.855
2026-10-09T23:37Z,3120,gA,1.999
2026-10-09T23:37Z,3120,gP,2.089
2026-10-09T23:37Z,3120,g98e5,1.995
2026-10-09T23:37Z,3121,g95e5,1.869
2026-10-09T23:37Z,3121,gA,1.985
2026-10-09T23:37Z,3121,gP,2.075
2026-10-09T23:37Z,3121,g98e5,2.009
2026-10-09T23:37Z,3122,g95e5,1.825
2026-10-09T23:37Z,3122,gA,1.949
2026-10-09T23:37Z,3122,gP,2.039
2026-10-09T23:37Z,3122,g98e5,1.965
2026-10-09T23:37Z,3123,g95e5,1.879
2026-10-09T23:37Z,3123,gA,2.039
2026-10-09T23:37Z,3123,g98e5,1.999
2026-10-09T23:37Z,3124,g95e5,1.869
2026-10-09T23:37Z,3124,gA,1.985
2026-10-09T23:37Z,3124,gP,2.075
2026-10-09T23:37Z,3124,g98e5,2.009
2026-10-09T23:37Z,3127,g95e5,1.879
2026-10-09T23:37Z,3127,gA,1.999
2026-10-09T23:37Z,3127,gP,2.049
2026-10-09T23:37Z,3127,g95e5p,1.929
2026-10-09T23:37Z,3129,gA,1.959
2026-10-09T23:37Z,3129,g98e5,1.999
2026-10-09T23:37Z,3129,glp,1.049
2026-10-09T23:37Z,3133,gA,1.990
2026-10-09T23:37Z,3133,gP,2.084
2026-10-09T23:37Z,3134,g95e5,1.845
2026-10-09T23:37Z,3134,g98e5,1.985
2026-10-09T23:37Z,3137,gA,1.995
2026-10-09T23:37Z,3137,gP,2.084
2026-10-09T23:37Z,3138,gA,1.995
2026-10-09T23:37Z,3138,gP,2.084
2026-10-09T23:37Z,3139,gA,1.990
2026-10-09T23:37Z,3139,gP,2.084
2026-10-09T23:37Z,3140,gA,1.995
2026-10-09T23:37Z,3140,gP,2.084
2026-10-09T23:37Z,3141,gA,1.995
2026-10-09T23:37Z,3141,gP,2.084
2026-10-09T23:37Z,3143,g95e5,1.849
2026-10-09T23:37Z,3143,gA,2.015
2026-10-09T23:37Z,3143,gB,1.865
2026-10-09T23:37Z,3144,gA,1.995
2026-10-09T23:37Z,3144,gP,2.084
2026-10-09T23:37Z,3144,gB,1.929
2026-10-09T23:37Z,3145,g95e5,1.845
2026-10-09T23:37Z,3145,gA,1.989
2026-10-09T23:37Z,3145,gP,2.079
2026-10-09T23:37Z,3145,g98e5,1.985
2026-10-09T23:37Z,3147,g95e5,1.829
2026-10-09T23:37Z,3147,gA,1.969
2026-10-09T23:37Z,3147,gP,2.019
2026-10-09T23:37Z,3149,g95e5,1.845
2026-10-09T23:37Z,3149,gA,1.989
2026-10-09T23:37Z,3149,gP,2.079
2026-10-09T23:37Z,3149,g98e5,1.985
2026-10-09T23:37Z,3151,g95e5,1.879
2026-10-09T23:37Z,3151,gA,2.039
2026-10-09T23:37Z,3151,g98e5,1.999
2026-10-09T23:37Z,3155,g95e5,1.839
2026-10-09T23:37Z,3155,gA,2.019
2026-10-09T23:37Z,3157,g95e5,1.855
2026-10-09T23:37Z,3157,gA,1.959
2026-10-09T23:37Z,3157,gP,2.049
2026-10-09T23:37Z,3157,g98e5,1.995
2026-10-09T23:37Z,3158,g95e5,1.835
2026-10-09T23:37Z,3158,g98e5,1.975
2026-10-09T23:37Z,3159,g95e5,1.835
2026-10-09T23:37Z,3159,g98e5,1.975
2026-10-09T23:37Z,3160,gA,2.009
2026-10-09T23:37Z,3160,g98e5,1.975
2026-10-09T23:37Z,3161,gA,2.009
2026-10-09T23:37Z,3161,g98e5,1.975
2026-10-09T23:37Z,3163,g95e5,1.839
2026-10-09T23:37Z,3163,gA,1.999
2026-10-09T23:37Z,3163,g98e5,1.999
2026-10-09T23:37Z,3163,gB,1.865
2026-10-09T23:37Z,3167,g95e5,1.879
2026-10-09T23:37Z,3167,gA,1.995
2026-10-09T23:37Z,3167,g98e5,1.989
2026-10-09T23:37Z,3167,g95e5p,1.949
2026-10-09T23:37Z,3168,g95e5,1.845
2026-10-09T23:37Z,3168,gA,1.965
2026-10-09T23:37Z,3172,g95e5,1.869
2026-10-09T23:37Z,3172,gA,1.979
2026-10-09T23:37Z,3172,gP,2.099
2026-10-09T23:37Z,3172,g98e5,1.999
2026-10-09T23:37Z,3174,g95e5,1.849
2026-10-09T23:37Z,3174,gA,2.009
2026-10-09T23:37Z,3174,g98e5,2.009
2026-10-09T23:37Z,3175,g95e5,1.849
2026-10-09T23:37Z,3175,gA,1.989
2026-10-09T23:37Z,3176,g95e5,1.859
2026-10-09T23:37Z,3176,gA,1.979
2026-10-09T23:37Z,3176,gP,2.069
2026-10-09T23:37Z,3176,g98e5,1.999
2026-10-09T23:37Z,3180,g95e5,1.845
2026-10-09T23:37Z,3180,gA,2.015
2026-10-09T23:37Z,3180,g98e5,1.955
2026-10-09T23:37Z,3182,g95e5,1.839
2026-10-09T23:37Z,3182,gA,1.965
2026-10-09T23:37Z,3182,g98e5,1.959
2026-10-09T23:37Z,3183,g95e5,1.839
2026-10-09T23:37Z,3183,gA,1.965
2026-10-09T23:37Z,3183,g98e5,1.959
2026-10-09T23:37Z,3185,g95e5,1.879
2026-10-09T23:37Z,3185,gA,2.019
2026-10-09T23:37Z,3192,g95e5,1.849
2026-10-09T23:37Z,3192,gA,2.015
2026-10-09T23:37Z,3192,gB,1.865
2026-10-09T23:37Z,3198,g95e5,1.919
2026-10-09T23:37Z,3198,gA,2.005
2026-10-09T23:37Z,3198,g95e5p,1.989
2026-10-09T23:37Z,3199,gA,1.965
2026-10-09T23:37Z,3199,g98e5,1.999
2026-10-09T23:37Z,3202,g95e5,1.789
2026-10-09T23:37Z,3202,g98e5,1.979
2026-10-09T23:37Z,3205,g95e5,1.919
2026-10-09T23:37Z,3205,gA,2.039
2026-10-09T23:37Z,3208,g95e5,1.839
2026-10-09T23:37Z,3208,gA,1.965
2026-10-09T23:37Z,3212,gA,1.995
2026-10-09T23:37Z,3212,gP,2.084
2026-10-09T23:37Z,3217,g95e5,1.885
2026-10-09T23:37Z,3217,gA,1.979
2026-10-09T23:37Z,3218,g95e5,1.889
2026-10-09T23:37Z,3218,gA,1.965
2026-10-09T23:37Z,3218,g98e5,1.999
2026-10-09T23:37Z,3219,g95e5,1.849
2026-10-09T23:37Z,3219,gA,2.009
2026-10-09T23:37Z,3219,gP,2.099
2026-10-09T23:37Z,3219,g98e5,1.989
2026-10-09T23:37Z,3230,gA,1.975
2026-10-09T23:37Z,3230,gP,2.055
2026-10-09T23:37Z,3235,g95e5,1.835
2026-10-09T23:37Z,3235,gA,1.909
2026-10-09T23:37Z,3235,g98e5,1.955
2026-10-09T23:37Z,3235,gB,1.729
2026-10-09T23:37Z,3238,g95e5,1.855
2026-10-09T23:37Z,3238,gA,1.959
2026-10-09T23:37Z,3238,g98e5,1.965
2026-10-09T23:37Z,3240,g95e5,1.855
2026-10-09T23:37Z,3240,gP,1.999
2026-10-09T23:37Z,3240,g98e5,1.965
2026-10-09T23:37Z,3240,gB,1.785
2026-10-09T23:37Z,3241,g95e5,1.815
2026-10-09T23:37Z,3241,g98e5,1.945
2026-10-09T23:37Z,3242,g95e5,1.799
2026-10-09T23:37Z,3242,gA,1.909
2026-10-09T23:37Z,3242,gP,2.009
2026-10-09T23:37Z,3242,g98e5,1.959
2026-10-09T23:37Z,3242,gB,1.725
2026-10-09T23:37Z,3243,g95e5,1.805
2026-10-09T23:37Z,3243,gA,1.909
2026-10-09T23:37Z,3243,g98e5,1.965
2026-10-09T23:37Z,3244,g95e5,1.855
2026-10-09T23:37Z,3244,gA,1.965
2026-10-09T23:37Z,3244,g98e5,1.965
2026-10-09T23:37Z,3244,gB,1.749
2026-10-09T23:37Z,3245,g95e5,1.799
2026-10-09T23:37Z,3245,gA,1.909
2026-10-09T23:37Z,3245,gP,2.009
2026-10-09T23:37Z,3245,g98e5,1.959
2026-10-09T23:37Z,3246,g95e5,1.829
2026-10-09T23:37Z,3246,gA,1.965
2026-10-09T23:37Z,3246,g98e5,1.979
2026-10-09T23:37Z,3246,gB,1.785
2026-10-09T23:37Z,3250,g95e5,1.805
2026-10-09T23:37Z,3250,gA,1.909
2026-10-09T23:37Z,3250,gP,2.009
2026-10-09T23:37Z,3250,g98e5,1.935
2026-10-09T23:37Z,3252,gA,1.935
2026-10-09T23:37Z,3252,gP,2.035
2026-10-09T23:37Z,3252,gB,1.729
2026-10-09T23:37Z,3255,g95e5,1.835
2026-10-09T23:37Z,3255,gA,1.965
2026-10-09T23:37Z,3255,gP,2.065
2026-10-09T23:37Z,3255,g98e5,1.945
2026-10-09T23:37Z,3257,g95e5,1.799
2026-10-09T23:37Z,3257,gA,1.909
2026-10-09T23:37Z,3257,gP,2.009
2026-10-09T23:37Z,3257,g98e5,1.959
2026-10-09T23:37Z,3260,g95e5,1.855
2026-10-09T23:37Z,3260,gA,1.925
2026-10-09T23:37Z,3260,gP,2.025
2026-10-09T23:37Z,3262,g95e5,1.855
2026-10-09T23:37Z,3262,gA,1.959
2026-10-09T23:37Z,3262,g98e5,1.965
2026-10-09T23:37Z,3264,g95e5,1.835
2026-10-09T23:37Z,3264,gA,1.965
2026-10-09T23:37Z,3264,gP,2.065
2026-10-09T23:37Z,3266,g95e5,1.799
2026-10-09T23:37Z,3266,g98e5,1.959
2026-10-09T23:37Z,3267,g95e5,1.815
2026-10-09T23:37Z,3267,gP,2.009
2026-10-09T23:37Z,3267,g98e5,1.935
2026-10-09T23:37Z,3268,g95e5,1.835
2026-10-09T23:37Z,3268,gA,1.965
2026-10-09T23:37Z,3268,g98e5,1.945
2026-10-09T23:37Z,3269,g95e5,1.829
2026-10-09T23:37Z,3269,gA,1.935
2026-10-09T23:37Z,3269,g98e5,1.949
2026-10-09T23:37Z,3270,g95e5,1.799
2026-10-09T23:37Z,3270,gA,1.949
2026-10-09T23:37Z,3270,g98e5,1.909
2026-10-09T23:37Z,3270,g95e5p,1.869
2026-10-09T23:37Z,3272,g95e5,1.815
2026-10-09T23:37Z,3272,gA,1.919
2026-10-09T23:37Z,3272,g98e5,1.925
2026-10-09T23:37Z,3272,g95e5p,1.895
2026-10-09T23:37Z,3274,g95e5,1.805
2026-10-09T23:37Z,3274,gA,1.909
2026-10-09T23:37Z,3274,gP,2.009
2026-10-09T23:37Z,3274,g98e5,1.935
2026-10-09T23:37Z,3276,g95e5,1.819
2026-10-09T23:37Z,3276,gA,1.919
2026-10-09T23:37Z,3276,gB,1.739
2026-10-09T23:37Z,3277,g95e5,1.799
2026-10-09T23:37Z,3277,gA,1.909
2026-10-09T23:37Z,3277,g98e5,1.959
2026-10-09T23:37Z,3277,gB,1.745
2026-10-09T23:37Z,3281,gA,1.975
2026-10-09T23:37Z,3281,gP,2.045
2026-10-09T23:37Z,3284,g95e5,1.799
2026-10-09T23:37Z,3284,gA,1.909
2026-10-09T23:37Z,3284,gP,2.009
2026-10-09T23:37Z,3286,g95e5,1.815
2026-10-09T23:37Z,3286,g98e5,1.935
2026-10-09T23:37Z,3287,g95e5,1.799
2026-10-09T23:37Z,3287,gA,1.909
2026-10-09T23:37Z,3287,gP,2.009
2026-10-09T23:37Z,3287,gB,1.725
2026-10-09T23:37Z,3288,g95e5,1.799
2026-10-09T23:37Z,3288,g98e5,1.959
2026-10-09T23:37Z,3289,g95e5,1.815
2026-10-09T23:37Z,3289,gP,2.009
2026-10-09T23:37Z,3289,g98e5,1.935
2026-10-09T23:37Z,3289,gB,1.739
2026-10-09T23:37Z,3290,g95e5,1.855
2026-10-09T23:37Z,3290,gA,1.965
2026-10-09T23:37Z,3290,g98e5,1.965
2026-10-09T23:37Z,3292,g95e5,1.845
2026-10-09T23:37Z,3292,g98e5,1.965
2026-10-09T23:37Z,3292,gB,1.725
2026-10-09T23:37Z,3293,g95e5,1.855
2026-10-09T23:37Z,3293,gA,1.965
2026-10-09T23:37Z,3293,g98e5,1.965
2026-10-09T23:37Z,3293,g95e5p,1.925
2026-10-09T23:37Z,3298,g95e5,1.805
2026-10-09T23:37Z,3298,gA,1.919
2026-10-09T23:37Z,3298,g98e5,1.915
2026-10-09T23:37Z,3298,gB,1.785
2026-10-09T23:37Z,3304,g95e5,1.809
2026-10-09T23:37Z,3304,gA,1.909
2026-10-09T23:37Z,3304,gP,1.959
2026-10-09T23:37Z,3304,g98e5,1.939
2026-10-09T23:37Z,3306,gA,1.975
2026-10-09T23:37Z,3306,gB,1.824
2026-10-09T23:37Z,3310,g95e5,1.845
2026-10-09T23:37Z,3310,g98e5,1.965
2026-10-09T23:37Z,3313,g95e5,1.855
2026-10-09T23:37Z,3313,gA,1.909
2026-10-09T23:37Z,3313,gP,1.959
2026-10-09T23:37Z,3313,g98e5,1.965
2026-10-09T23:37Z,3315,g95e5,1.825
2026-10-09T23:37Z,3315,gP,2.009
2026-10-09T23:37Z,3315,g98e5,1.955
2026-10-09T23:37Z,3317,g95e5,1.855
2026-10-09T23:37Z,3317,g98e5,1.965
2026-10-09T23:37Z,3318,g95e5,1.855
2026-10-09T23:37Z,3318,gA,1.935
2026-10-09T23:37Z,3319,g95e5,1.835
2026-10-09T23:37Z,3319,gA,1.965
2026-10-09T23:37Z,3319,g98e5,1.945
2026-10-09T23:37Z,3319,g95e5p,1.905
2026-10-09T23:37Z,3320,g95e5,1.799
2026-10-09T23:37Z,3320,g98e5,1.909
2026-10-09T23:37Z,3324,g95e5,1.799
2026-10-09T23:37Z,3324,gA,1.909
2026-10-09T23:37Z,3324,gP,2.009
2026-10-09T23:37Z,3324,g98e5,1.959
2026-10-09T23:37Z,3325,g95e5,1.835
2026-10-09T23:37Z,3325,gA,1.935
2026-10-09T23:37Z,3325,g98e5,1.995
2026-10-09T23:37Z,3325,gB,1.725
2026-10-09T23:37Z,3326,g95e5,1.809
2026-10-09T23:37Z,3326,gA,1.919
2026-10-09T23:37Z,3326,g98e5,1.919
2026-10-09T23:37Z,3326,gB,1.769
2026-10-09T23:37Z,3327,g95e5,1.805
2026-10-09T23:37Z,3327,gA,1.939
2026-10-09T23:37Z,3327,g98e5,1.965
2026-10-09T23:37Z,3327,gB,1.769
2026-10-09T23:37Z,3329,g95e5,1.815
2026-10-09T23:37Z,3329,gA,1.915
2026-10-09T23:37Z,3329,g98e5,1.975
2026-10-09T23:37Z,3329,gB,1.779
2026-10-09T23:37Z,3332,gA,1.695
2026-10-09T23:37Z,3334,g95e5,1.855
2026-10-09T23:37Z,3334,gA,1.935
2026-10-09T23:37Z,3334,g95e5p,1.925
2026-10-09T23:37Z,3335,g95e5,1.839
2026-10-09T23:37Z,3335,gA,1.949
2026-10-09T23:37Z,3335,g98e5,1.949
2026-10-09T23:37Z,3335,g95e5p,1.909
2026-10-09T23:37Z,3336,g95e5,1.825
2026-10-09T23:37Z,3336,gP,2.009
2026-10-09T23:37Z,3336,g98e5,1.955
2026-10-09T23:37Z,3337,g95e5,1.855
2026-10-09T23:37Z,3337,gA,1.939
2026-10-09T23:37Z,3337,gP,1.989
2026-10-09T23:37Z,3337,g98e5,1.965
2026-10-09T23:37Z,3338,g95e5,1.845
2026-10-09T23:37Z,3338,gP,2.019
2026-10-09T23:37Z,3338,g98e5,1.965
2026-10-09T23:37Z,3339,g95e5,1.845
2026-10-09T23:37Z,3339,gA,1.955
2026-10-09T23:37Z,3339,gP,2.055
2026-10-09T23:37Z,3339,g98e5,1.965
2026-10-09T23:37Z,3349,gA,1.975
2026-10-09T23:37Z,3349,gP,2.025
2026-10-09T23:37Z,3357,gA,1.975
2026-10-09T23:37Z,3357,gP,2.055
2026-10-09T23:37Z,3361,gA,1.975
2026-10-09T23:37Z,3361,gP,2.035
2026-10-09T23:37Z,3362,gA,1.975
2026-10-09T23:37Z,3362,gP,2.035
2026-10-09T23:37Z,3364,gA,1.975
2026-10-09T23:37Z,3364,gP,2.055
2026-10-09T23:37Z,3376,gA,1.975
2026-10-09T23:37Z,3376,gP,2.065
2026-10-09T23:37Z,3377,gA,1.975
2026-10-09T23:37Z,3377,gP,2.065
2026-10-09T23:37Z,3391,gA,1.975
2026-10-09T23:37Z,3391,gP,2.055
2026-10-09T23:37Z,3402,g95e5,1.879
2026-10-09T23:37Z,3402,gA,1.935
2026-10-09T23:37Z,3402,gP,1.985
2026-10-09T23:37Z,3402,g98e5,1.989
2026-10-09T23:37Z,3410,gA,1.955
2026-10-09T23:37Z,3410,gP,2.055
2026-10-09T23:37Z,3410,gB,1.844
2026-10-09T23:37Z,3412,gA,1.945
2026-10-09T23:37Z,3412,gP,2.045
2026-10-09T23:37Z,3417,gA,1.945
2026-10-09T23:37Z,3417,gP,2.045
2026-10-09T23:37Z,3418,gA,1.955
2026-10-09T23:37Z,3418,gP,2.045
2026-10-09T23:37Z,3418,gB,1.844
2026-10-09T23:37Z,3419,gA,1.955
2026-10-09T23:37Z,3419,gP,2.045
2026-10-09T23:37Z,3419,gB,1.844
2026-10-09T23:37Z,3422,g95e5,1.846
2026-10-09T23:37Z,3422,gA,1.919
2026-10-09T23:37Z,3422,gP,2.009
2026-10-09T23:37Z,3422,g98e5,1.986
2026-10-09T23:37Z,3422,gB,1.859
2026-10-09T23:37Z,3424,gA,1.965
2026-10-09T23:37Z,3424,gP,2.065
2026-10-09T23:37Z,3425,gA,1.965
2026-10-09T23:37Z,3425,gP,2.065
2026-10-09T23:37Z,3429,g95e5,1.799
2026-10-09T23:37Z,3429,gA,1.809
2026-10-09T23:37Z,3429,gP,1.859
2026-10-09T23:37Z,3429,g98e5,1.949
2026-10-09T23:37Z,3430,g95e5,1.799
2026-10-09T23:37Z,3430,gA,1.809
2026-10-09T23:37Z,3430,gP,1.859
2026-10-09T23:37Z,3430,g98e5,1.949
2026-10-09T23:37Z,3438,gA,1.955
2026-10-09T23:37Z,3438,gP,2.055
2026-10-09T23:37Z,3438,gB,1.844
2026-10-09T23:37Z,3445,g95e5,1.869
2026-10-09T23:37Z,3445,gA,1.969
2026-10-09T23:37Z,3446,gA,1.945
2026-10-09T23:37Z,3446,gP,2.055
2026-10-09T23:37Z,3446,gB,1.844
2026-10-09T23:37Z,3450,g95e5,1.846
2026-10-09T23:37Z,3450,gA,1.919
2026-10-09T23:37Z,3450,gP,2.009
2026-10-09T23:37Z,3450,g98e5,1.986
2026-10-09T23:37Z,3456,gA,1.965
2026-10-09T23:37Z,3456,gP,2.055
2026-10-09T23:37Z,3457,g95e5,1.869
2026-10-09T23:37Z,3457,gA,1.945
2026-10-09T23:37Z,3457,gP,2.045
2026-10-09T23:37Z,3457,g98e5,1.979
2026-10-09T23:37Z,3462,g95e5,1.849
2026-10-09T23:37Z,3462,gA,1.939
2026-10-09T23:37Z,3462,g98e5,2.009
2026-10-09T23:37Z,3464,g95e5,1.839
2026-10-09T23:37Z,3464,gA,1.925
2026-10-09T23:37Z,3464,gP,2.025
2026-10-09T23:37Z,3464,g98e5,1.999
2026-10-09T23:37Z,3464,gB,1.725
2026-10-09T23:37Z,3470,g95e5,1.889
2026-10-09T23:37Z,3470,gA,1.899
2026-10-09T23:37Z,3470,g98e5,2.049
2026-10-09T23:37Z,3472,g95e5,1.859
2026-10-09T23:37Z,3472,gA,1.925
2026-10-09T23:37Z,3472,gP,1.975
2026-10-09T23:37Z,3472,g98e5,1.969
2026-10-09T23:37Z,3472,g95e5p,1.929
2026-10-09T23:37Z,3474,g95e5,1.869
2026-10-09T23:37Z,3474,gA,1.935
2026-10-09T23:37Z,3474,gP,2.025
2026-10-09T23:37Z,3474,g98e5,1.979
2026-10-09T23:37Z,3475,g95e5,1.849
2026-10-09T23:37Z,3475,gA,1.935
2026-10-09T23:37Z,3475,gP,2.025
2026-10-09T23:37Z,3475,g98e5,1.999
2026-10-09T23:37Z,3475,g95e5p,1.929
2026-10-09T23:37Z,3476,g95e5,1.849
2026-10-09T23:37Z,3476,gA,1.935
2026-10-09T23:37Z,3476,g98e5,1.999
2026-10-09T23:37Z,3477,g95e5,1.825
2026-10-09T23:37Z,3477,gA,1.965
2026-10-09T23:37Z,3477,gP,2.055
2026-10-09T23:37Z,3477,g98e5,1.966
2026-10-09T23:37Z,3478,g95e5,1.869
2026-10-09T23:37Z,3478,gA,1.925
2026-10-09T23:37Z,3478,g98e5,2.019
2026-10-09T23:37Z,3478,g95e5p,1.939
2026-10-09T23:37Z,3480,g95e5,1.769
2026-10-09T23:37Z,3480,gP,1.969
2026-10-09T23:37Z,3480,g98e5,1.909
2026-10-09T23:37Z,3481,g95e5,1.869
2026-10-09T23:37Z,3481,gA,1.955
2026-10-09T23:37Z,3481,gP,2.005
2026-10-09T23:37Z,3481,g98e5,1.979
2026-10-09T23:37Z,3481,g95e5p,1.949
2026-10-09T23:37Z,3484,g95e5,1.869
2026-10-09T23:37Z,3484,gA,1.935
2026-10-09T23:37Z,3484,gP,2.035
2026-10-09T23:37Z,3484,g98e5,1.979
2026-10-09T23:37Z,3487,g95e5,1.805
2026-10-09T23:37Z,3487,gA,1.949
2026-10-09T23:37Z,3487,gP,2.049
2026-10-09T23:37Z,3487,g98e5,1.965
2026-10-09T23:37Z,3487,g95e5p,1.875
2026-10-09T23:37Z,3491,gA,2.020
2026-10-09T23:37Z,3493,g95e5,1.805
2026-10-09T23:37Z,3493,gA,1.925
2026-10-09T23:37Z,3493,gP,2.025
2026-10-09T23:37Z,3494,g95e5,1.819
2026-10-09T23:37Z,3494,gA,1.945
2026-10-09T23:37Z,3494,gP,2.045
2026-10-09T23:37Z,3494,gB,1.739
2026-10-09T23:37Z,3501,g95e5,1.819
2026-10-09T23:37Z,3501,gA,1.939
2026-10-09T23:37Z,3501,gP,2.029
2026-10-09T23:37Z,3501,g98e5,1.959
2026-10-09T23:37Z,3505,gA,1.970
2026-10-09T23:37Z,3505,gP,2.045
2026-10-09T23:37Z,3506,gA,2.020
2026-10-09T23:37Z,3506,gP,2.095
2026-10-09T23:37Z,3509,gA,2.000
2026-10-09T23:37Z,3509,gP,2.065
2026-10-09T23:37Z,3511,g95e5,1.825
2026-10-09T23:37Z,3511,gA,1.965
2026-10-09T23:37Z,3511,gP,2.055
2026-10-09T23:37Z,3511,g98e5,1.965
2026-10-09T23:37Z,3513,gA,1.990
2026-10-09T23:37Z,3513,gP,2.080
2026-10-09T23:37Z,3516,gA,1.939
2026-10-09T23:37Z,3516,gP,2.029
2026-10-09T23:37Z,3517,g95e5,1.869
2026-10-09T23:37Z,3517,gA,1.925
2026-10-09T23:37Z,3517,gP,2.025
2026-10-09T23:37Z,3517,g98e5,2.029
2026-10-09T23:37Z,3521,g95e5,1.885
2026-10-09T23:37Z,3521,gP,1.995
2026-10-09T23:37Z,3521,g98e5,1.995
2026-10-09T23:37Z,3521,gB,1.889
2026-10-09T23:37Z,3522,g95e5,1.849
2026-10-09T23:37Z,3522,gA,1.969
2026-10-09T23:37Z,3522,gP,2.019
2026-10-09T23:37Z,3522,g98e5,2.009
2026-10-09T23:37Z,3524,g95e5,1.849
2026-10-09T23:37Z,3524,gA,1.899
2026-10-09T23:37Z,3524,g98e5,2.009
2026-10-09T23:37Z,3524,g95e5p,1.909
2026-10-09T23:37Z,3527,g95e5,1.819
2026-10-09T23:37Z,3527,gA,1.955
2026-10-09T23:37Z,3527,gP,2.005
2026-10-09T23:37Z,3527,g98e5,1.979
2026-10-09T23:37Z,3529,g95e5,1.869
2026-10-09T23:37Z,3529,gA,1.935
2026-10-09T23:37Z,3529,gP,2.035
2026-10-09T23:37Z,3529,g98e5,1.999
2026-10-09T23:37Z,3534,g95e5,1.839
2026-10-09T23:37Z,3534,gA,1.959
2026-10-09T23:37Z,3534,gP,2.059
2026-10-09T23:37Z,3534,g98e5,1.999
2026-10-09T23:37Z,3535,g95e5,1.889
2026-10-09T23:37Z,3535,gA,1.929
2026-10-09T23:37Z,3535,gP,1.979
2026-10-09T23:37Z,3536,g95e5,1.819
2026-10-09T23:37Z,3536,gA,1.939
2026-10-09T23:37Z,3536,gP,2.039
2026-10-09T23:37Z,3536,g98e5,1.979
2026-10-09T23:37Z,3539,g95e5,1.845
2026-10-09T23:37Z,3539,gA,1.909
2026-10-09T23:37Z,3539,g98e5,2.005
2026-10-09T23:37Z,3541,g95e5,1.909
2026-10-09T23:37Z,3541,gA,1.965
2026-10-09T23:37Z,3541,g98e5,2.019
2026-10-09T23:37Z,3541,g95e5p,1.979
2026-10-09T23:37Z,3548,g95e5,1.825
2026-10-09T23:37Z,3548,gA,1.949
2026-10-09T23:37Z,3548,gP,2.039
2026-10-09T23:37Z,3548,g98e5,1.965
2026-10-09T23:37Z,3550,g95e5,1.869
2026-10-09T23:37Z,3550,gA,1.899
2026-10-09T23:37Z,3550,g98e5,2.029
2026-10-09T23:37Z,3553,g95e5,1.885
2026-10-09T23:37Z,3553,g98e5,1.995
2026-10-09T23:37Z,3554,g95e5,1.845
2026-10-09T23:37Z,3554,gA,1.899
2026-10-09T23:37Z,3554,g98e5,2.005
2026-10-09T23:37Z,3554,gB,1.855
2026-10-09T23:37Z,3555,g95e5,1.879
2026-10-09T23:37Z,3555,gA,1.929
2026-10-09T23:37Z,3555,gP,1.979
2026-10-09T23:37Z,3555,g98e5,2.029
2026-10-09T23:37Z,3557,g95e5,1.909
2026-10-09T23:37Z,3557,gA,1.899
2026-10-09T23:37Z,3557,g98e5,2.019
2026-10-09T23:37Z,3567,g95e5,1.849
2026-10-09T23:37Z,3567,gA,1.925
2026-10-09T23:37Z,3567,g98e5,1.989
2026-10-09T23:37Z,3568,g95e5,1.849
2026-10-09T23:37Z,3568,gA,1.925
2026-10-09T23:37Z,3568,gP,2.015
2026-10-09T23:37Z,3568,g98e5,1.989
2026-10-09T23:37Z,3570,g95e5,1.899
2026-10-09T23:37Z,3570,gA,1.899
2026-10-09T23:37Z,3575,g95e5,1.849
2026-10-09T23:37Z,3577,g95e5,1.845
2026-10-09T23:37Z,3577,gA,1.959
2026-10-09T23:37Z,3577,gP,2.009
2026-10-09T23:37Z,3577,g98e5,2.005
2026-10-09T23:37Z,3578,g95e5,1.845
2026-10-09T23:37Z,3578,gA,1.899
2026-10-09T23:37Z,3578,gP,1.999
2026-10-09T23:37Z,3578,g98e5,2.005
2026-10-09T23:37Z,3581,g95e5,1.869
2026-10-09T23:37Z,3581,gA,1.915
2026-10-09T23:37Z,3581,g98e5,1.979
2026-10-09T23:37Z,3581,g95e5p,1.939
2026-10-09T23:37Z,3582,gA,1.955
2026-10-09T23:37Z,3582,gP,2.069
2026-10-09T23:37Z,3586,g95e5,1.879
2026-10-09T23:37Z,3586,g98e5,2.059
2026-10-09T23:37Z,3587,g95e5,1.805
2026-10-09T23:37Z,3587,gA,1.925
2026-10-09T23:37Z,3587,g98e5,1.965
2026-10-09T23:37Z,3587,gB,1.725
2026-10-09T23:37Z,3590,g95e5,1.879
2026-10-09T23:37Z,3590,gA,1.965
2026-10-09T23:37Z,3590,g98e5,2.039
2026-10-09T23:37Z,3591,g95e5,1.879
2026-10-09T23:37Z,3591,gA,1.949
2026-10-09T23:37Z,3591,g98e5,2.039
2026-10-09T23:37Z,3591,gB,1.855
2026-10-09T23:37Z,3592,g95e5,1.879
2026-10-09T23:37Z,3592,gA,1.949
2026-10-09T23:37Z,3592,gP,2.049
2026-10-09T23:37Z,3595,g95e5,1.819
2026-10-09T23:37Z,3595,gA,1.955
2026-10-09T23:37Z,3595,g98e5,1.979
2026-10-09T23:37Z,3598,g95e5,1.855
2026-10-09T23:37Z,3598,gA,1.945
2026-10-09T23:37Z,3598,gP,2.035
2026-10-09T23:37Z,3598,g98e5,1.995
2026-10-09T23:37Z,3602,g95e5,1.845
2026-10-09T23:37Z,3602,gA,1.899
2026-10-09T23:37Z,3602,gB,1.885
2026-10-09T23:37Z,3603,g95e5,1.859
2026-10-09T23:37Z,3603,g98e5,1.999
2026-10-09T23:37Z,3604,g95e5,1.819
2026-10-09T23:37Z,3604,gA,1.969
2026-10-09T23:37Z,3604,gP,2.059
2026-10-09T23:37Z,3604,g98e5,1.959
2026-10-09T23:37Z,3607,gA,1.939
2026-10-09T23:37Z,3607,gP,2.029
2026-10-09T23:37Z,3612,g95e5,1.849
2026-10-09T23:37Z,3612,gA,1.969
2026-10-09T23:37Z,3612,gP,2.069
2026-10-09T23:37Z,3612,g98e5,1.959
2026-10-09T23:37Z,3614,g95e5,1.825
2026-10-09T23:37Z,3614,gA,1.935
2026-10-09T23:37Z,3614,gP,2.025
2026-10-09T23:37Z,3614,g98e5,1.965
2026-10-09T23:37Z,3616,g95e5,1.869
2026-10-09T23:37Z,3616,gA,1.965
2026-10-09T23:37Z,3616,gP,2.015
2026-10-09T23:37Z,3616,g98e5,1.979
2026-10-09T23:37Z,3616,g95e5p,1.939
2026-10-09T23:37Z,3617,g95e5,1.805
2026-10-09T23:37Z,3617,gA,1.939
2026-10-09T23:37Z,3617,gP,2.039
2026-10-09T23:37Z,3617,gB,1.779
2026-10-09T23:37Z,3618,g95e5,1.815
2026-10-09T23:37Z,3618,gP,2.035
2026-10-09T23:37Z,3618,g98e5,1.975
2026-10-09T23:37Z,3621,g95e5,1.849
2026-10-09T23:37Z,3621,gA,1.899
2026-10-09T23:37Z,3621,gP,1.979
2026-10-09T23:37Z,3621,g98e5,2.009
2026-10-09T23:37Z,3621,g95e5p,1.919
2026-10-09T23:37Z,3622,g95e5,1.819
2026-10-09T23:37Z,3622,gA,1.939
2026-10-09T23:37Z,3622,gP,2.029
2026-10-09T23:37Z,3622,g98e5,1.959
2026-10-09T23:37Z,3623,g95e5,1.869
2026-10-09T23:37Z,3623,gA,1.955
2026-10-09T23:37Z,3623,gP,2.005
2026-10-09T23:37Z,3623,g98e5,2.029
2026-10-09T23:37Z,3627,g95e5,1.849
2026-10-09T23:37Z,3627,gA,1.939
2026-10-09T23:37Z,3627,gP,2.039
2026-10-09T23:37Z,3629,gA,2.020
2026-10-09T23:37Z,3629,gP,2.095
2026-10-09T23:37Z,3632,g95e5,1.855
2026-10-09T23:37Z,3632,gA,1.945
2026-10-09T23:37Z,3632,gP,2.035
2026-10-09T23:37Z,3632,g98e5,1.995
2026-10-09T23:37Z,3635,g95e5,1.889
2026-10-09T23:37Z,3635,gA,1.965
2026-10-09T23:37Z,3635,gP,2.045
2026-10-09T23:37Z,3635,g98e5,2.049
2026-10-09T23:37Z,3646,g95e5,1.849
2026-10-09T23:37Z,3646,gA,1.969
2026-10-09T23:37Z,3646,g98e5,1.959
2026-10-09T23:37Z,3646,gB,1.759
2026-10-09T23:37Z,3647,g95e5,1.869
2026-10-09T23:37Z,3647,gA,1.935
2026-10-09T23:37Z,3647,g98e5,2.029
2026-10-09T23:37Z,3648,g95e5,1.805
2026-10-09T23:37Z,3648,gA,1.939
2026-10-09T23:37Z,3648,gP,2.039
2026-10-09T23:37Z,3648,g95e5p,1.875
2026-10-09T23:37Z,3648,gB,1.759
2026-10-09T23:37Z,3651,g95e5,1.845
2026-10-09T23:37Z,3651,gA,1.939
2026-10-09T23:37Z,3651,g98e5,2.005
2026-10-09T23:37Z,3651,g95e5p,1.915
2026-10-09T23:37Z,3651,gB,1.855
2026-10-09T23:37Z,3652,gA,1.945
2026-10-09T23:37Z,3652,gP,2.055
2026-10-09T23:37Z,3655,g95e5,1.859
2026-10-09T23:37Z,3655,gA,1.935
2026-10-09T23:37Z,3655,gP,2.035
2026-10-09T23:37Z,3658,g95e5,1.805
2026-10-09T23:37Z,3658,gA,1.939
2026-10-09T23:37Z,3658,gP,2.039
2026-10-09T23:37Z,3658,g98e5,1.965
2026-10-09T23:37Z,3661,g95e5,1.845
2026-10-09T23:37Z,3661,gP,1.999
2026-10-09T23:37Z,3661,g98e5,2.005
2026-10-09T23:37Z,3668,g95e5,1.845
2026-10-09T23:37Z,3668,gA,1.899
2026-10-09T23:37Z,3668,gP,1.999
2026-10-09T23:37Z,3668,g98e5,2.005
2026-10-09T23:37Z,3668,gB,1.855
2026-10-09T23:37Z,3673,g95e5,1.849
2026-10-09T23:37Z,3673,gA,1.899
2026-10-09T23:37Z,3675,g95e5,1.869
2026-10-09T23:37Z,3675,gA,1.925
2026-10-09T23:37Z,3675,g98e5,2.029
2026-10-09T23:37Z,3676,g95e5,1.809
2026-10-09T23:37Z,3676,gA,1.939
2026-10-09T23:37Z,3676,gP,2.039
2026-10-09T23:37Z,3676,g98e5,1.969
2026-10-09T23:37Z,3676,gB,1.725
2026-10-09T23:37Z,3677,g95e5,1.805
2026-10-09T23:37Z,3677,gA,1.925
2026-10-09T23:37Z,3677,gP,1.995
2026-10-09T23:37Z,3677,gB,1.725
2026-10-09T23:37Z,3680,g95e5,1.889
2026-10-09T23:37Z,3680,gA,1.929
2026-10-09T23:37Z,3680,gP,1.979
2026-10-09T23:37Z,3680,g98e5,1.999
2026-10-09T23:37Z,3681,g95e5,1.859
2026-10-09T23:37Z,3681,gA,1.925
2026-10-09T23:37Z,3681,gP,1.975
2026-10-09T23:37Z,3681,g98e5,1.969
2026-10-09T23:37Z,3682,g95e5,1.869
2026-10-09T23:37Z,3682,gA,1.935
2026-10-09T23:37Z,3682,gP,2.035
2026-10-09T23:37Z,3682,g98e5,1.999
2026-10-09T23:37Z,3684,g95e5,1.879
2026-10-09T23:37Z,3684,gA,1.935
2026-10-09T23:37Z,3684,gP,2.035
2026-10-09T23:37Z,3684,g98e5,2.039
2026-10-09T23:37Z,3685,g95e5,1.849
2026-10-09T23:37Z,3685,gA,1.909
2026-10-09T23:37Z,3685,gP,1.959
2026-10-09T23:37Z,3685,g98e5,1.959
2026-10-09T23:37Z,3685,g95e5p,1.919
2026-10-09T23:37Z,3687,g95e5,1.879
2026-10-09T23:37Z,3687,gA,1.965
2026-10-09T23:37Z,3687,g98e5,2.039
2026-10-09T23:37Z,3687,g95e5p,1.959
2026-10-09T23:37Z,3688,g95e5,1.849
2026-10-09T23:37Z,3688,gA,1.905
2026-10-09T23:37Z,3688,g98e5,1.959
2026-10-09T23:37Z,3690,g95e5,1.899
2026-10-09T23:37Z,3690,g98e5,2.009
2026-10-09T23:37Z,3692,g95e5,1.869
2026-10-09T23:37Z,3692,gA,1.925
2026-10-09T23:37Z,3692,g98e5,2.019
2026-10-09T23:37Z,3692,gB,1.889
2026-10-09T23:37Z,3694,g95e5,1.859
2026-10-09T23:37Z,3694,gA,1.919
2026-10-09T23:37Z,3694,g98e5,1.969
2026-10-09T23:37Z,3696,g95e5,1.849
2026-10-09T23:37Z,3696,gP,1.959
2026-10-09T23:37Z,3696,g98e5,2.009
2026-10-09T23:37Z,3697,g95e5,1.909
2026-10-09T23:37Z,3697,gA,1.955
2026-10-09T23:37Z,3697,g98e5,2.019
2026-10-09T23:37Z,3698,g95e5,1.805
2026-10-09T23:37Z,3698,gA,1.925
2026-10-09T23:37Z,3698,gP,2.025
2026-10-09T23:37Z,3698,g98e5,1.965
2026-10-09T23:37Z,3699,g95e5,1.905
2026-10-09T23:37Z,3699,gA,1.949
2026-10-09T23:37Z,3699,gP,1.999
2026-10-09T23:37Z,3699,g98e5,2.065
2026-10-09T23:37Z,3700,g95e5,1.869
2026-10-09T23:37Z,3700,gP,2.005
2026-10-09T23:37Z,3700,g98e5,2.029
2026-10-09T23:37Z,3701,g95e5,1.879
2026-10-09T23:37Z,3701,gA,1.905
2026-10-09T23:37Z,3701,gP,1.985
2026-10-09T23:37Z,3701,g98e5,1.989
2026-10-09T23:37Z,3706,gA,1.995
2026-10-09T23:37Z,3706,gP,2.045
2026-10-09T23:37Z,3711,g95e5,1.825
2026-10-09T23:37Z,3711,g98e5,1.965
2026-10-09T23:37Z,3714,g95e5,1.749
2026-10-09T23:37Z,3714,gA,1.839
2026-10-09T23:37Z,3715,g95e5,1.819
2026-10-09T23:37Z,3715,gA,1.909
2026-10-09T23:37Z,3715,gP,1.959
2026-10-09T23:37Z,3715,g98e5,1.959
2026-10-09T23:37Z,3716,g95e5,1.855
2026-10-09T23:37Z,3716,gA,1.945
2026-10-09T23:37Z,3716,gP,2.035
2026-10-09T23:37Z,3716,g98e5,1.995
2026-10-09T23:37Z,3717,gA,1.955
2026-10-09T23:37Z,3717,gP,2.045
2026-10-09T23:37Z,3728,g95e5,1.739
2026-10-09T23:37Z,3728,gA,1.849
2026-10-09T23:37Z,3728,gP,1.899
2026-10-09T23:37Z,3728,g98e5,1.899
2026-10-09T23:37Z,3733,g95e5,1.799
2026-10-09T23:37Z,3733,gA,1.809
2026-10-09T23:37Z,3733,gP,1.859
2026-10-09T23:37Z,3733,g98e5,1.949
2026-10-09T23:37Z,3736,gA,2.010
2026-10-09T23:37Z,3736,gP,2.075
2026-10-09T23:37Z,3743,g95e5,1.889
2026-10-09T23:37Z,3743,gA,1.959
2026-10-09T23:37Z,3743,gP,2.049
2026-10-09T23:37Z,3743,g98e5,1.999
2026-10-09T23:37Z,3744,gA,1.955
2026-10-09T23:37Z,3744,gP,2.045
2026-10-09T23:37Z,3745,gA,2.010
2026-10-09T23:37Z,3745,gP,2.075
2026-10-09T23:37Z,3747,g95e5,1.909
2026-10-09T23:37Z,3747,gA,1.954
2026-10-09T23:37Z,3747,gP,2.044
2026-10-09T23:37Z,3747,g98e5,2.049
2026-10-09T23:37Z,3748,g95e5,1.845
2026-10-09T23:37Z,3748,gP,1.999
2026-10-09T23:37Z,3748,g98e5,2.005
2026-10-09T23:37Z,3753,g95e5,1.879
2026-10-09T23:37Z,3753,gA,1.939
2026-10-09T23:37Z,3753,gP,2.029
2026-10-09T23:37Z,3762,g95e5,1.859
2026-10-09T23:37Z,3762,gA,1.939
2026-10-09T23:37Z,3762,gP,2.029
2026-10-09T23:37Z,3762,g98e5,1.999
2026-10-09T23:37Z,3763,g95e5,1.849
2026-10-09T23:37Z,3763,gA,1.925
2026-10-09T23:37Z,3763,gP,1.975
2026-10-09T23:37Z,3763,g98e5,2.009
2026-10-09T23:37Z,3768,g95e5,1.829
2026-10-09T23:37Z,3768,gA,1.879
2026-10-09T23:37Z,3768,gP,1.929
2026-10-09T23:37Z,3768,g95e5p,1.879
2026-10-09T23:37Z,3770,g95e5,1.899
2026-10-09T23:37Z,3770,gA,1.899
2026-10-09T23:37Z,3770,gP,1.969
2026-10-09T23:37Z,3770,g98e5,2.059
2026-10-09T23:37Z,3784,g95e5,1.835
2026-10-09T23:37Z,3784,gA,1.895
2026-10-09T23:37Z,3787,g95e5,1.875
2026-10-09T23:37Z,3787,gA,1.915
2026-10-09T23:37Z,3787,gP,1.965
2026-10-09T23:37Z,3787,g98e5,1.985
2026-10-09T23:37Z,3787,g95e5p,1.945
2026-10-09T23:37Z,3796,g95e5,1.879
2026-10-09T23:37Z,3796,gA,1.915
2026-10-09T23:37Z,3796,gP,1.985
2026-10-09T23:37Z,3796,g98e5,2.039
2026-10-09T23:37Z,3798,g95e5,1.835
2026-10-09T23:37Z,3798,gA,1.905
2026-10-09T23:37Z,3798,g98e5,1.995
2026-10-09T23:37Z,3798,gB,1.805
2026-10-09T23:37Z,3803,g95e5,1.879
2026-10-09T23:37Z,3803,gA,1.939
2026-10-09T23:37Z,3803,gP,2.029
2026-10-09T23:37Z,3803,g98e5,2.019
2026-10-09T23:37Z,3806,g95e5,1.879
2026-10-09T23:37Z,3806,gA,1.955
2026-10-09T23:37Z,3806,gP,2.005
2026-10-09T23:37Z,3806,g98e5,1.989
2026-10-09T23:37Z,3806,g95e5p,1.949
2026-10-09T23:37Z,3807,g95e5,1.869
2026-10-09T23:37Z,3807,gA,1.949
2026-10-09T23:37Z,3807,g95e5p,1.939
2026-10-09T23:37Z,3809,g95e5,1.909
2026-10-09T23:37Z,3809,gA,1.955
2026-10-09T23:37Z,3809,gP,2.005
2026-10-09T23:37Z,3811,gA,1.915
2026-10-09T23:37Z,3811,gP,2.005
2026-10-09T23:37Z,3814,g95e5,1.869
2026-10-09T23:37Z,3814,gP,2.005
2026-10-09T23:37Z,3814,g98e5,2.029
2026-10-09T23:37Z,3814,gB,1.805
2026-10-09T23:37Z,3819,g95e5,1.809
2026-10-09T23:37Z,3819,gA,1.849
2026-10-09T23:37Z,3819,g98e5,1.929
2026-10-09T23:37Z,3823,g95e5,1.879
2026-10-09T23:37Z,3823,gA,1.915
2026-10-09T23:37Z,3823,gP,1.985
2026-10-09T23:37Z,3823,g98e5,2.039
2026-10-09T23:37Z,3826,g95e5,1.835
2026-10-09T23:37Z,3826,gA,1.895
2026-10-09T23:37Z,3827,g95e5,1.835
2026-10-09T23:37Z,3827,gP,1.965
2026-10-09T23:37Z,3827,g95e5p,1.905
2026-10-09T23:37Z,3831,g95e5,1.869
2026-10-09T23:37Z,3831,gA,1.939
2026-10-09T23:37Z,3831,gP,2.009
2026-10-09T23:37Z,3831,g95e5p,1.929
2026-10-09T23:37Z,3831,gB,1.745
2026-10-09T23:37Z,3832,g95e5,1.909
2026-10-09T23:37Z,3832,gA,1.925
2026-10-09T23:37Z,3832,gP,1.995
2026-10-09T23:37Z,3836,g95e5,1.875
2026-10-09T23:37Z,3836,gA,1.915
2026-10-09T23:37Z,3839,g95e5,1.889
2026-10-09T23:37Z,3839,gA,1.949
2026-10-09T23:37Z,3839,gP,1.999
2026-10-09T23:37Z,3839,g98e5,2.019
2026-10-09T23:37Z,3840,g95e5,1.859
2026-10-09T23:37Z,3840,gA,1.965
2026-10-09T23:37Z,3840,gP,2.035
2026-10-09T23:37Z,3840,g98e5,2.019
2026-10-09T23:37Z,3841,g95e5,1.889
2026-10-09T23:37Z,3841,gA,1.949
2026-10-09T23:37Z,3841,gP,1.999
2026-10-09T23:37Z,3841,g98e5,2.019
2026-10-09T23:37Z,3843,g95e5,1.839
2026-10-09T23:37Z,3843,gP,1.975
2026-10-09T23:37Z,3843,g98e5,1.959
2026-10-09T23:37Z,3844,g95e5,1.839
2026-10-09T23:37Z,3844,gP,1.975
2026-10-09T23:37Z,3844,g98e5,1.959
2026-10-09T23:37Z,3847,g95e5,1.835
2026-10-09T23:37Z,3847,gA,1.935
2026-10-09T23:37Z,3847,g98e5,1.995
2026-10-09T23:37Z,3851,g95e5,1.869
2026-10-09T23:37Z,3851,gA,1.915
2026-10-09T23:37Z,3851,gP,1.985
2026-10-09T23:37Z,3852,g95e5,1.869
2026-10-09T23:37Z,3852,gA,1.915
2026-10-09T23:37Z,3852,gP,1.965
2026-10-09T23:37Z,3855,g95e5,1.869
2026-10-09T23:37Z,3855,gA,1.915
2026-10-09T23:37Z,3855,gP,1.985
2026-10-09T23:37Z,3857,g95e5,1.869
2026-10-09T23:37Z,3857,gA,1.915
2026-10-09T23:37Z,3857,gP,1.965
2026-10-09T23:37Z,3860,g95e5,1.879
2026-10-09T23:37Z,3860,gA,1.939
2026-10-09T23:37Z,3860,gP,2.029
2026-10-09T23:37Z,3860,g98e5,2.019
2026-10-09T23:37Z,3862,g95e5,1.905
2026-10-09T23:37Z,3862,gA,1.939
2026-10-09T23:37Z,3862,gP,1.989
2026-10-09T23:37Z,3862,g98e5,2.065
2026-10-09T23:37Z,3866,g95e5,1.869
2026-10-09T23:37Z,3866,gA,1.945
2026-10-09T23:37Z,3866,gP,2.015
2026-10-09T23:37Z,3866,g98e5,2.029
2026-10-09T23:37Z,3872,g95e5,1.879
2026-10-09T23:37Z,3872,gA,1.955
2026-10-09T23:37Z,3872,g98e5,1.989
2026-10-09T23:37Z,3872,g95e5p,1.949
2026-10-09T23:37Z,3876,g95e5,1.889
2026-10-09T23:37Z,3876,gA,1.935
2026-10-09T23:37Z,3876,g98e5,2.049
2026-10-09T23:37Z,3878,g95e5,1.835
2026-10-09T23:37Z,3878,gA,1.909
2026-10-09T23:37Z,3878,gP,1.959
2026-10-09T23:37Z,3878,gB,1.745
2026-10-09T23:37Z,3881,gA,1.970
2026-10-09T23:37Z,3881,gP,2.065
2026-10-09T23:37Z,3882,g95e5,1.889
2026-10-09T23:37Z,3882,gA,1.965
2026-10-09T23:37Z,3882,gP,2.035
2026-10-09T23:37Z,3882,g98e5,2.049
2026-10-09T23:37Z,3882,gB,1.805
2026-10-09T23:37Z,3884,g95e5,1.865
2026-10-09T23:37Z,3884,gA,1.915
2026-10-09T23:37Z,3884,gP,1.985
2026-10-09T23:37Z,3884,g98e5,2.025
2026-10-09T23:37Z,3885,gA,1.915
2026-10-09T23:37Z,3885,gP,2.005
2026-10-09T23:37Z,3887,g95e5,1.905
2026-10-09T23:37Z,3887,gA,1.955
2026-10-09T23:37Z,3887,g98e5,2.025
2026-10-09T23:37Z,3887,gB,1.805
2026-10-09T23:37Z,3889,g95e5,1.889
2026-10-09T23:37Z,3889,gA,1.909
2026-10-09T23:37Z,3889,g98e5,2.049
2026-10-09T23:37Z,3891,gA,1.970
2026-10-09T23:37Z,3891,gP,2.055
2026-10-09T23:37Z,3892,gA,1.970
2026-10-09T23:37Z,3892,gP,2.055
2026-10-09T23:37Z,3895,g95e5,1.909
2026-10-09T23:37Z,3895,gA,1.899
2026-10-09T23:37Z,3895,g98e5,2.069
2026-10-09T23:37Z,3896,g95e5,1.835
2026-10-09T23:37Z,3896,gA,1.895
2026-10-09T23:37Z,3896,gB,1.745
2026-10-09T23:37Z,3897,g95e5,1.905
2026-10-09T23:37Z,3897,gA,1.955
2026-10-09T23:37Z,3897,g98e5,2.025
2026-10-09T23:37Z,3898,g95e5,1.909
2026-10-09T23:37Z,3898,gA,1.939
2026-10-09T23:37Z,3898,gP,1.989
2026-10-09T23:37Z,3899,g95e5,1.909
2026-10-09T23:37Z,3899,gA,1.955
2026-10-09T23:37Z,3899,g95e5p,1.989
2026-10-09T23:37Z,3901,g95e5,1.835
2026-10-09T23:37Z,3901,gA,1.915
2026-10-09T23:37Z,3901,gP,1.985
2026-10-09T23:37Z,3902,g95e5,1.845
2026-10-09T23:37Z,3902,gA,1.909
2026-10-09T23:37Z,3902,gP,1.959
2026-10-09T23:37Z,3902,g98e5,2.005
2026-10-09T23:37Z,3904,g95e5,1.905
2026-10-09T23:37Z,3904,gA,1.925
2026-10-09T23:37Z,3904,gP,1.975
2026-10-09T23:37Z,3904,g98e5,2.015
2026-10-09T23:37Z,3906,g95e5,1.835
2026-10-09T23:37Z,3906,gA,1.895
2026-10-09T23:37Z,3907,g95e5,1.835
2026-10-09T23:37Z,3907,gA,1.895
2026-10-09T23:37Z,3907,g98e5,1.995
2026-10-09T23:37Z,3907,gB,1.755
2026-10-09T23:37Z,3913,g95e5,1.839
2026-10-09T23:37Z,3913,gA,1.939
2026-10-09T23:37Z,3913,gP,2.029
2026-10-09T23:37Z,3913,g98e5,1.979
2026-10-09T23:37Z,3916,g95e5,1.865
2026-10-09T23:37Z,3916,gA,1.915
2026-10-09T23:37Z,3916,gP,1.985
2026-10-09T23:37Z,3916,g98e5,2.025
2026-10-09T23:37Z,3921,g95e5,1.859
2026-10-09T23:37Z,3921,gA,1.929
2026-10-09T23:37Z,3921,gP,2.019
2026-10-09T23:37Z,3921,g98e5,1.999
2026-10-09T23:37Z,3924,gA,1.980
2026-10-09T23:37Z,3924,gP,2.045
2026-10-09T23:37Z,3929,g95e5,1.885
2026-10-09T23:37Z,3929,g98e5,2.025
2026-10-09T23:37Z,3932,g95e5,1.849
2026-10-09T23:37Z,3932,gA,1.925
2026-10-09T23:37Z,3932,gP,1.975
2026-10-09T23:37Z,3932,g98e5,2.009
2026-10-09T23:37Z,3937,g95e5,1.875
2026-10-09T23:37Z,3937,gA,1.915
2026-10-09T23:37Z,3940,g95e5,1.869
2026-10-09T23:37Z,3940,gA,1.939
2026-10-09T23:37Z,3940,g95e5p,1.929
2026-10-09T23:37Z,3953,g95e5,1.839
2026-10-09T23:37Z,3953,gA,1.959
2026-10-09T23:37Z,3953,g98e5,1.999
2026-10-09T23:37Z,3953,g95e5p,1.899
2026-10-09T23:37Z,3953,gB,1.785
2026-10-09T23:37Z,3955,gA,1.939
2026-10-09T23:37Z,3956,g95e5,1.865
2026-10-09T23:37Z,3956,gA,1.919
2026-10-09T23:37Z,3956,g98e5,2.025
2026-10-09T23:37Z,3958,g95e5,1.909
2026-10-09T23:37Z,3958,gA,1.895
2026-10-09T23:37Z,3958,g98e5,2.019
2026-10-09T23:37Z,3960,g95e5,1.865
2026-10-09T23:37Z,3960,gA,1.899
2026-10-09T23:37Z,3960,gP,1.969
2026-10-09T23:37Z,3960,g98e5,2.025
2026-10-09T23:37Z,3963,g95e5,1.865
2026-10-09T23:37Z,3963,gA,1.919
2026-10-09T23:37Z,3963,g98e5,1.975
2026-10-09T23:37Z,3964,g95e5,1.835
2026-10-09T23:37Z,3964,gA,1.965
2026-10-09T23:37Z,3964,gB,1.745
2026-10-09T23:37Z,3967,g95e5,1.819
2026-10-09T23:37Z,3967,gA,1.909
2026-10-09T23:37Z,3967,gP,1.959
2026-10-09T23:37Z,3968,g95e5,1.819
2026-10-09T23:37Z,3968,gA,1.909
2026-10-09T23:37Z,3968,gP,1.959
2026-10-09T23:37Z,3968,g98e5,1.939
2026-10-09T23:37Z,3988,g95e5,1.799
2026-10-09T23:37Z,3988,gA,1.889
2026-10-09T23:37Z,3988,gP,1.939
2026-10-09T23:37Z,3996,gA,1.915
2026-10-09T23:37Z,3996,gP,2.005
2026-10-09T23:37Z,4004,gA,1.915
2026-10-09T23:37Z,4004,gP,2.005
2026-10-09T23:37Z,4012,g95e5,1.855
2026-10-09T23:37Z,4012,gA,1.929
2026-10-09T23:37Z,4012,gP,2.019
2026-10-09T23:37Z,4012,g98e5,1.995
2026-10-09T23:37Z,4014,g95e5,1.879
2026-10-09T23:37Z,4014,gA,1.939
2026-10-09T23:37Z,4014,gP,2.029
2026-10-09T23:37Z,4014,g98e5,2.019
2026-10-09T23:37Z,4015,g95e5,1.835
2026-10-09T23:37Z,4015,gA,1.899
2026-10-09T23:37Z,4015,gB,1.785
2026-10-09T23:37Z,4018,g95e5,1.909
2026-10-09T23:37Z,4018,gA,1.929
2026-10-09T23:37Z,4018,gP,1.979
2026-10-09T23:37Z,4018,g98e5,2.049
2026-10-09T23:37Z,4019,g95e5,1.859
2026-10-09T23:37Z,4019,gA,1.929
2026-10-09T23:37Z,4019,gP,2.019
2026-10-09T23:37Z,4019,g98e5,1.999
2026-10-09T23:37Z,4021,g95e5,1.835
2026-10-09T23:37Z,4021,gA,1.965
2026-10-09T23:37Z,4025,g95e5,1.875
2026-10-09T23:37Z,4025,gA,1.909
2026-10-09T23:37Z,4025,gP,1.999
2026-10-09T23:37Z,4025,g98e5,2.015
2026-10-09T23:37Z,4032,g95e5,1.909
2026-10-09T23:37Z,4032,gA,1.929
2026-10-09T23:37Z,4032,gP,1.979
2026-10-09T23:37Z,4032,g98e5,2.049
2026-10-09T23:37Z,4032,g95e5p,1.989
2026-10-09T23:37Z,4034,g95e5,1.875
2026-10-09T23:37Z,4034,gA,1.945
2026-10-09T23:37Z,4034,g98e5,2.035
2026-10-09T23:37Z,4038,g95e5,1.835
2026-10-09T23:37Z,4038,gA,1.895
2026-10-09T23:37Z,4038,gB,1.745
2026-10-09T23:37Z,4039,g95e5,1.859
2026-10-09T23:37Z,4039,gA,1.929
2026-10-09T23:37Z,4039,gP,2.019
2026-10-09T23:37Z,4039,g98e5,1.999
2026-10-09T23:37Z,4044,g95e5,1.905
2026-10-09T23:37Z,4044,gA,1.955
2026-10-09T23:37Z,4044,gB,1.805
2026-10-09T23:37Z,4046,g95e5,1.869
2026-10-09T23:37Z,4046,gA,1.945
2026-10-09T23:37Z,4046,gP,1.995
2026-10-09T23:37Z,4046,g98e5,2.029
2026-10-09T23:37Z,4053,gA,1.990
2026-10-09T23:37Z,4053,gP,2.055
2026-10-09T23:37Z,4053,gB,1.909
2026-10-09T23:37Z,4060,g95e5,1.835
2026-10-09T23:37Z,4060,gA,1.909
2026-10-09T23:37Z,4060,gP,1.979
2026-10-09T23:37Z,4060,gB,1.745
2026-10-09T23:37Z,4061,g95e5,1.705
2026-10-09T23:37Z,4061,gA,1.825
2026-10-09T23:37Z,4061,gP,1.925
2026-10-09T23:37Z,4061,g98e5,1.845
2026-10-09T23:37Z,4062,g95e5,1.835
2026-10-09T23:37Z,4062,gP,1.965
2026-10-09T23:37Z,4064,gA,1.950
2026-10-09T23:37Z,4064,gP,2.000
2026-10-09T23:37Z,4064,gB,1.909
2026-10-09T23:37Z,4069,g95e5,1.835
2026-10-09T23:37Z,4069,gP,1.965
2026-10-09T23:37Z,4069,g95e5p,1.895
2026-10-09T23:37Z,4071,g95e5,1.875
2026-10-09T23:37Z,4071,gA,1.929
2026-10-09T23:37Z,4071,gP,1.979
2026-10-09T23:37Z,4071,g98e5,1.985
2026-10-09T23:37Z,4072,g95e5,1.835
2026-10-09T23:37Z,4072,gA,1.959
2026-10-09T23:37Z,4072,gP,2.029
2026-10-09T23:37Z,4073,g95e5,1.909
2026-10-09T23:37Z,4073,gA,1.955
2026-10-09T23:37Z,4074,g95e5,1.889
2026-10-09T23:37Z,4074,gA,1.899
2026-10-09T23:37Z,4074,gP,1.949
2026-10-09T23:37Z,4074,g98e5,2.049
2026-10-09T23:37Z,4075,g95e5,1.899
2026-10-09T23:37Z,4075,gA,1.899
2026-10-09T23:37Z,4075,gP,1.949
2026-10-09T23:37Z,4075,g98e5,2.059
2026-10-09T23:37Z,4076,g95e5,1.895
2026-10-09T23:37Z,4076,gA,1.939
2026-10-09T23:37Z,4076,gP,1.989
2026-10-09T23:37Z,4076,g98e5,2.005
2026-10-09T23:37Z,4078,g95e5,1.905
2026-10-09T23:37Z,4078,gA,1.905
2026-10-09T23:37Z,4078,gP,1.955
2026-10-09T23:37Z,4078,g98e5,2.065
2026-10-09T23:37Z,4079,g95e5,1.905
2026-10-09T23:37Z,4079,gA,1.955
2026-10-09T23:37Z,4079,g98e5,2.025
2026-10-09T23:37Z,4080,g95e5,1.905
2026-10-09T23:37Z,4080,gA,1.909
2026-10-09T23:37Z,4080,gP,1.959
2026-10-09T23:37Z,4080,g98e5,2.065
2026-10-09T23:37Z,4082,g95e5,1.905
2026-10-09T23:37Z,4082,gA,1.959
2026-10-09T23:37Z,4082,gP,2.049
2026-10-09T23:37Z,4085,g95e5,1.879
2026-10-09T23:37Z,4085,gA,1.955
2026-10-09T23:37Z,4085,gP,2.005
2026-10-09T23:37Z,4085,g98e5,1.989
2026-10-09T23:37Z,4088,g95e5,1.909
2026-10-09T23:37Z,4088,gA,1.915
2026-10-09T23:37Z,4089,g95e5,1.835
2026-10-09T23:37Z,4089,gA,1.959
2026-10-09T23:37Z,4089,gP,2.029
2026-10-09T23:37Z,4089,g98e5,1.995
2026-10-09T23:37Z,4090,g95e5,1.869
2026-10-09T23:37Z,4090,gA,1.915
2026-10-09T23:37Z,4090,gP,1.985
2026-10-09T23:37Z,4091,g95e5,1.909
2026-10-09T23:37Z,4091,gA,1.899
2026-10-09T23:37Z,4091,gP,1.949
2026-10-09T23:37Z,4093,g95e5,1.909
2026-10-09T23:37Z,4093,gA,1.955
2026-10-09T23:37Z,4093,gP,2.005
2026-10-09T23:37Z,4094,g95e5,1.889
2026-10-09T23:37Z,4094,gA,1.965
2026-10-09T23:37Z,4094,gP,2.035
2026-10-09T23:37Z,4094,gB,1.805
2026-10-09T23:37Z,4095,g95e5,1.889
2026-10-09T23:37Z,4095,gA,1.949
2026-10-09T23:37Z,4095,gP,1.999
2026-10-09T23:37Z,4095,g98e5,2.019
2026-10-09T23:37Z,4096,g95e5,1.889
2026-10-09T23:37Z,4096,gA,1.965
2026-10-09T23:37Z,4096,g98e5,2.039
2026-10-09T23:37Z,4097,g95e5,1.889
2026-10-09T23:37Z,4097,gA,1.965
2026-10-09T23:37Z,4097,g98e5,2.039
2026-10-09T23:37Z,4098,g95e5,1.879
2026-10-09T23:37Z,4098,gA,1.955
2026-10-09T23:37Z,4098,gP,2.005
2026-10-09T23:37Z,4098,g98e5,1.999
2026-10-09T23:37Z,4104,g95e5,1.909
2026-10-09T23:37Z,4104,gA,1.965
2026-10-09T23:37Z,4104,gP,2.015
2026-10-09T23:37Z,4109,g95e5,1.899
2026-10-09T23:37Z,4109,gA,1.955
2026-10-09T23:37Z,4109,gP,2.045
2026-10-09T23:37Z,4109,g98e5,2.039
2026-10-09T23:37Z,4110,g95e5,1.899
2026-10-09T23:37Z,4110,gA,1.955
2026-10-09T23:37Z,4110,gP,2.045
2026-10-09T23:37Z,4110,g98e5,2.039
2026-10-09T23:37Z,4111,g95e5,1.909
2026-10-09T23:37Z,4111,gA,1.965
2026-10-09T23:37Z,4111,gP,2.015
2026-10-09T23:37Z,4117,g95e5,1.869
2026-10-09T23:37Z,4117,gA,1.955
2026-10-09T23:37Z,4117,gP,2.045
2026-10-09T23:37Z,4117,g98e5,2.009
2026-10-09T23:37Z,4118,g95e5,1.849
2026-10-09T23:37Z,4118,gA,1.925
2026-10-09T23:37Z,4118,gP,1.975
2026-10-09T23:37Z,4118,g98e5,2.009
2026-10-09T23:37Z,4120,g95e5,1.809
2026-10-09T23:37Z,4120,gA,1.849
2026-10-09T23:37Z,4120,gP,1.899
2026-10-09T23:37Z,4120,g95e5p,1.859
2026-10-09T23:37Z,4123,g95e5,1.769
2026-10-09T23:37Z,4123,gA,1.819
2026-10-09T23:37Z,4123,g98e5,1.909
2026-10-09T23:37Z,4127,g95e5,1.845
2026-10-09T23:37Z,4127,gA,1.965
2026-10-09T23:37Z,4127,gP,2.015
2026-10-09T23:37Z,4127,g98e5,1.985
2026-10-09T23:37Z,4129,g95e5,1.789
2026-10-09T23:37Z,4129,gA,1.859
2026-10-09T23:37Z,4129,gP,1.909
2026-10-09T23:37Z,4129,g98e5,1.949
2026-10-09T23:37Z,4130,g95e5,1.744
2026-10-09T23:37Z,4130,gA,1.854
2026-10-09T23:37Z,4130,g98e5,1.884
2026-10-09T23:37Z,4147,gP,1.898
2026-10-09T23:37Z,4147,g95e5p,1.798
2026-10-09T23:37Z,4166,g95e5,1.839
2026-10-09T23:37Z,4166,gA,1.925
2026-10-09T23:37Z,4166,g98e5,1.949
2026-10-09T23:37Z,4167,gA,1.970
2026-10-09T23:37Z,4167,gP,2.055
2026-10-09T23:37Z,4169,g95e5,1.795
2026-10-09T23:37Z,4169,gA,1.915
2026-10-09T23:37Z,4169,gP,2.005
2026-10-09T23:37Z,4169,g98e5,1.935
2026-10-09T23:37Z,4172,gA,1.925
2026-10-09T23:37Z,4174,g95e5,1.799
2026-10-09T23:37Z,4174,gA,1.925
2026-10-09T23:37Z,4186,g95e5,1.839
2026-10-09T23:37Z,4186,gA,1.944
2026-10-09T23:37Z,4186,gP,2.035
2026-10-09T23:37Z,4186,g98e5,1.980
2026-10-09T23:37Z,4193,gA,1.970
2026-10-09T23:37Z,4193,gP,2.030
2026-10-09T23:37Z,4196,g95e5,1.779
2026-10-09T23:37Z,4196,gA,1.959
2026-10-09T23:37Z,4196,g98e5,1.899
2026-10-09T23:37Z,4196,gB,1.769
2026-10-09T23:37Z,4198,g95e5,1.789
2026-10-09T23:37Z,4198,g98e5,1.899
2026-10-09T23:37Z,4198,g95e5p,1.859
2026-10-09T23:37Z,4199,g95e5,1.839
2026-10-09T23:37Z,4199,gA,1.925
2026-10-09T23:37Z,4199,g95e5p,1.899
2026-10-09T23:37Z,4202,gA,1.929
2026-10-09T23:37Z,4203,gA,1.929
2026-10-09T23:37Z,4203,gP,2.039
2026-10-09T23:37Z,4204,g95e5,1.829
2026-10-09T23:37Z,4204,gA,1.919
2026-10-09T23:37Z,4204,g98e5,1.939
2026-10-09T23:37Z,4204,g95e5p,1.889
2026-10-09T23:37Z,4205,g95e5,1.825
2026-10-09T23:37Z,4205,gA,1.939
2026-10-09T23:37Z,4205,g98e5,1.935
2026-10-09T23:37Z,4206,g95e5,1.825
2026-10-09T23:37Z,4206,gA,1.939
2026-10-09T23:37Z,4206,gP,2.009
2026-10-09T23:37Z,4206,g98e5,1.935
2026-10-09T23:37Z,4207,g95e5,1.815
2026-10-09T23:37Z,4207,gA,1.935
2026-10-09T23:37Z,4207,g98e5,1.925
2026-10-09T23:37Z,4211,g95e5,1.785
2026-10-09T23:37Z,4211,gA,1.965
2026-10-09T23:37Z,4214,g95e5,1.839
2026-10-09T23:37Z,4214,gA,1.925
2026-10-09T23:37Z,4214,g98e5,1.949
2026-10-09T23:37Z,4214,g95e5p,1.909
2026-10-09T23:37Z,4216,g95e5,1.799
2026-10-09T23:37Z,4216,gA,1.929
2026-10-09T23:37Z,4216,g98e5,1.909
2026-10-09T23:37Z,4216,gB,1.835
2026-10-09T23:37Z,4220,g95e5,1.839
2026-10-09T23:37Z,4220,gA,1.935
2026-10-09T23:37Z,4220,gP,2.025
2026-10-09T23:37Z,4220,g98e5,1.979
2026-10-09T23:37Z,4223,g98e5,1.885
2026-10-09T23:37Z,4223,gB,1.809
2026-10-09T23:37Z,4225,g95e5,1.785
2026-10-09T23:37Z,4225,gA,1.935
2026-10-09T23:37Z,4228,g95e5,1.795
2026-10-09T23:37Z,4228,gA,1.915
2026-10-09T23:37Z,4228,gP,2.005
2026-10-09T23:37Z,4228,g98e5,1.935
2026-10-09T23:37Z,4229,gA,1.935
2026-10-09T23:37Z,4229,g98e5,1.949
2026-10-09T23:37Z,4230,g95e5,1.799
2026-10-09T23:37Z,4230,gA,1.905
2026-10-09T23:37Z,4230,g98e5,1.909
2026-10-09T23:37Z,4231,g95e5,1.809
2026-10-09T23:37Z,4231,gA,1.935
2026-10-09T23:37Z,4231,g98e5,1.919
2026-10-09T23:37Z,4233,g95e5,1.775
2026-10-09T23:37Z,4233,gA,1.935
2026-10-09T23:37Z,4233,g98e5,1.885
2026-10-09T23:37Z,4238,g95e5,1.799
2026-10-09T23:37Z,4238,gA,1.925
2026-10-09T23:37Z,4238,g98e5,1.909
2026-10-09T23:37Z,4238,g95e5p,1.869
2026-10-09T23:37Z,4243,gA,1.950
2026-10-09T23:37Z,4243,gP,2.065
2026-10-09T23:37Z,4245,gA,1.925
2026-10-09T23:37Z,4245,g98e5,1.885
2026-10-09T23:37Z,4246,gA,1.970
2026-10-09T23:37Z,4246,gP,2.085
2026-10-09T23:37Z,4247,gA,1.960
2026-10-09T23:37Z,4247,gP,2.085
2026-10-09T23:37Z,4248,gA,1.960
2026-10-09T23:37Z,4248,gP,2.085
2026-10-09T23:37Z,4249,g95e5,1.799
2026-10-09T23:37Z,4249,gA,1.949
2026-10-09T23:37Z,4249,gB,1.809
2026-10-09T23:37Z,4251,gA,1.925
2026-10-09T23:37Z,4252,gA,1.925
2026-10-09T23:37Z,4252,gB,1.829
2026-10-09T23:37Z,4258,g95e5,1.839
2026-10-09T23:37Z,4258,gA,1.925
2026-10-09T23:37Z,4258,g95e5p,1.909
2026-10-09T23:37Z,4259,gA,1.969
2026-10-09T23:37Z,4259,g98e5,1.949
2026-10-09T23:37Z,4264,gA,1.960
2026-10-09T23:37Z,4264,gP,2.085
2026-10-09T23:37Z,4265,gA,1.960
2026-10-09T23:37Z,4265,gP,2.085
2026-10-09T23:37Z,4266,g95e5,1.839
2026-10-09T23:37Z,4266,gA,1.959
2026-10-09T23:37Z,4266,gP,2.049
2026-10-09T23:37Z,4266,g98e5,1.969
2026-10-09T23:37Z,4266,g95e5p,1.899
2026-10-09T23:37Z,4267,g95e5,1.799
2026-10-09T23:37Z,4267,gA,1.905
2026-10-09T23:37Z,4267,g98e5,1.909
2026-10-09T23:37Z,4270,g95e5,1.805
2026-10-09T23:37Z,4270,gA,1.935
2026-10-09T23:37Z,4270,g98e5,1.915
2026-10-09T23:37Z,4275,gA,1.965
2026-10-09T23:37Z,4275,g98e5,1.885
2026-10-09T23:37Z,4275,gB,1.775
2026-10-09T23:37Z,4277,g95e5,1.839
2026-10-09T23:37Z,4277,gA,1.925
2026-10-09T23:37Z,4277,g98e5,1.949
2026-10-09T23:37Z,4277,g95e5p,1.909
2026-10-09T23:37Z,4278,gA,1.970
2026-10-09T23:37Z,4278,gP,2.065
2026-10-09T23:37Z,4278,gB,1.849
2026-10-09T23:37Z,4283,gA,1.950
2026-10-09T23:37Z,4283,gP,2.065
2026-10-09T23:37Z,4284,g95e5,1.809
2026-10-09T23:37Z,4284,gA,1.935
2026-10-09T23:37Z,4284,g98e5,1.919
2026-10-09T23:37Z,4286,g95e5,1.779
2026-10-09T23:37Z,4286,g98e5,1.889
2026-10-09T23:37Z,4289,gA,1.929
2026-10-09T23:37Z,4289,g98e5,1.949
2026-10-09T23:37Z,4290,gA,1.929
2026-10-09T23:37Z,4290,g98e5,1.949
2026-10-09T23:37Z,4295,g95e5,1.759
2026-10-09T23:37Z,4295,gA,1.919
2026-10-09T23:37Z,4295,gP,1.969
2026-10-09T23:37Z,4295,g95e5p,1.809
2026-10-09T23:37Z,4306,g95e5,1.819
2026-10-09T23:37Z,4306,gA,1.975
2026-10-09T23:37Z,4306,g98e5,1.979
2026-10-09T23:37Z,4307,g95e5,1.819
2026-10-09T23:37Z,4307,gA,1.975
2026-10-09T23:37Z,4307,gP,2.045
2026-10-09T23:37Z,4307,g98e5,1.979
2026-10-09T23:37Z,4307,gB,1.809
2026-10-09T23:37Z,4309,g95e5,1.775
2026-10-09T23:37Z,4309,gA,1.919
2026-10-09T23:37Z,4309,gP,1.989
2026-10-09T23:37Z,4309,g98e5,1.935
2026-10-09T23:37Z,4312,gA,1.995
2026-10-09T23:37Z,4312,gP,2.084
2026-10-09T23:37Z,4314,g95e5,1.855
2026-10-09T23:37Z,4314,g98e5,1.995
2026-10-09T23:37Z,4316,g95e5,1.879
2026-10-09T23:37Z,4316,gA,1.995
2026-10-09T23:37Z,4316,gP,2.085
2026-10-09T23:37Z,4316,g98e5,2.019
2026-10-09T23:37Z,4317,g98e5,1.999
2026-10-09T23:37Z,4319,g95e5,1.889
2026-10-09T23:37Z,4319,gA,2.025
2026-10-09T23:37Z,4319,g98e5,1.999
2026-10-09T23:37Z,4320,gA,1.990
2026-10-09T23:37Z,4320,gP,2.084
2026-10-09T23:37Z,4321,g95e5,1.845
2026-10-09T23:37Z,4321,g98e5,1.985
2026-10-09T23:37Z,4322,g95e5,1.875
2026-10-09T23:37Z,4322,gA,2.039
2026-10-09T23:37Z,4324,g95e5,1.839
2026-10-09T23:37Z,4324,gA,1.965
2026-10-09T23:37Z,4324,gP,2.065
2026-10-09T23:37Z,4324,g98e5,1.999
2026-10-09T23:37Z,4325,gA,1.980
2026-10-09T23:37Z,4325,gP,2.084
2026-10-09T23:37Z,4327,gA,1.999
2026-10-09T23:37Z,4327,g98e5,1.969
2026-10-09T23:37Z,4328,g95e5,1.839
2026-10-09T23:37Z,4328,gA,1.975
2026-10-09T23:37Z,4328,g98e5,1.999
2026-10-09T23:37Z,4329,g95e5,1.839
2026-10-09T23:37Z,4329,gA,1.975
2026-10-09T23:37Z,4329,g98e5,1.999
2026-10-09T23:37Z,4330,g95e5,1.789
2026-10-09T23:37Z,4330,g98e5,1.979
2026-10-09T23:37Z,4333,g95e5,1.839
2026-10-09T23:37Z,4333,gA,2.015
2026-10-09T23:37Z,4333,g98e5,1.949
2026-10-09T23:37Z,4334,g95e5,1.879
2026-10-09T23:37Z,4334,gA,2.039
2026-10-09T23:37Z,4334,gP,2.109
2026-10-09T23:37Z,4334,g98e5,1.989
2026-10-09T23:37Z,4337,g95e5,1.879
2026-10-09T23:37Z,4337,gA,2.005
2026-10-09T23:37Z,4339,g95e5,1.845
2026-10-09T23:37Z,4339,gA,1.979
2026-10-09T23:37Z,4339,g98e5,1.955
2026-10-09T23:37Z,4340,g95e5,1.919
2026-10-09T23:37Z,4340,gA,1.965
2026-10-09T23:37Z,4342,g95e5,1.849
2026-10-09T23:37Z,4342,gA,2.039
2026-10-09T23:37Z,4342,g98e5,2.009
2026-10-09T23:37Z,4346,gA,1.979
2026-10-09T23:37Z,4346,gP,2.084
2026-10-09T23:37Z,4347,g95e5,1.909
2026-10-09T23:37Z,4347,gA,2.025
2026-10-09T23:37Z,4347,g98e5,2.019
2026-10-09T23:37Z,4349,g95e5,1.879
2026-10-09T23:37Z,4349,gA,2.009
2026-10-09T23:37Z,4349,g98e5,1.989
2026-10-09T23:37Z,4351,g95e5,1.905
2026-10-09T23:37Z,4351,gA,2.005
2026-10-09T23:37Z,4351,g98e5,2.015
2026-10-09T23:37Z,4351,g95e5p,1.975
2026-10-09T23:37Z,4352,g95e5,1.919
2026-10-09T23:37Z,4352,gA,1.979
2026-10-09T23:37Z,4352,g95e5p,1.989
2026-10-09T23:37Z,4353,g95e5,1.899
2026-10-09T23:37Z,4353,gA,1.999
2026-10-09T23:37Z,4353,g98e5,2.009
2026-10-09T23:37Z,4354,g95e5,1.839
2026-10-09T23:37Z,4354,gA,1.965
2026-10-09T23:37Z,4354,g98e5,1.999
2026-10-09T23:37Z,4356,g95e5,1.835
2026-10-09T23:37Z,4356,g98e5,1.975
2026-10-09T23:37Z,4358,g95e5,1.879
2026-10-09T23:37Z,4358,gA,1.989
2026-10-09T23:37Z,4358,g98e5,1.989
2026-10-09T23:37Z,4433,g95e5,1.839
2026-10-09T23:37Z,4433,gA,1.959
2026-10-09T23:37Z,4433,gP,2.009
2026-10-09T23:37Z,4433,g98e5,1.979
2026-10-09T23:37Z,4448,g95e5,1.909
2026-10-09T23:37Z,4448,gA,2.009
2026-10-09T23:37Z,4448,g98e5,2.019
2026-10-09T23:37Z,4451,g95e5,1.799
2026-10-09T23:37Z,4451,gA,1.889
2026-10-09T23:37Z,4451,gP,1.949
2026-10-09T23:37Z,4452,g95e5,1.825
2026-10-09T23:37Z,4452,gA,1.985
2026-10-09T23:37Z,4452,gP,2.075
2026-10-09T23:37Z,4454,g95e5,1.839
2026-10-09T23:37Z,4454,gA,1.985
2026-10-09T23:37Z,4454,gP,2.075
2026-10-09T23:37Z,4454,g98e5,1.979
2026-10-09T23:37Z,4456,gA,1.949
2026-10-09T23:37Z,4456,gP,2.039
2026-10-09T23:37Z,4461,g95e5,1.909
2026-10-09T23:37Z,4461,gA,2.035
2026-10-09T23:37Z,4461,g98e5,2.019
2026-10-09T23:37Z,4462,g95e5,1.865
2026-10-09T23:37Z,4462,gA,1.999
2026-10-09T23:37Z,4462,g98e5,1.975
2026-10-09T23:37Z,4467,g95e5,1.909
2026-10-09T23:37Z,4467,gA,2.009
2026-10-09T23:37Z,4467,g98e5,2.019
2026-10-09T23:37Z,4468,g95e5,1.879
2026-10-09T23:37Z,4468,gA,2.039
2026-10-09T23:37Z,4468,g98e5,2.009
2026-10-09T23:37Z,4468,g95e5p,1.949
2026-10-09T23:37Z,4469,g95e5,1.855
2026-10-09T23:37Z,4469,g98e5,1.995
2026-10-09T23:37Z,4470,g95e5,1.859
2026-10-09T23:37Z,4470,g98e5,1.999
2026-10-09T23:37Z,4474,g95e5,1.859
2026-10-09T23:37Z,4474,gA,1.995
2026-10-09T23:37Z,4474,g98e5,1.969
2026-10-09T23:37Z,4474,g95e5p,1.939
2026-10-09T23:37Z,4475,g95e5,1.839
2026-10-09T23:37Z,4475,gA,1.975
2026-10-09T23:37Z,4475,g98e5,1.999
2026-10-09T23:37Z,4478,g95e5,1.879
2026-10-09T23:37Z,4478,gA,1.979
2026-10-09T23:37Z,4478,g98e5,1.989
2026-10-09T23:37Z,4478,g95e5p,1.959
2026-10-09T23:37Z,4481,gA,1.989
2026-10-09T23:37Z,4481,gP,2.084
2026-10-09T23:37Z,4484,g95e5,1.859
2026-10-09T23:37Z,4484,gA,1.965
2026-10-09T23:37Z,4485,gA,1.974
2026-10-09T23:37Z,4485,gP,2.084
2026-10-09T23:37Z,4486,gA,1.974
2026-10-09T23:37Z,4486,gP,2.084
2026-10-09T23:37Z,4490,g95e5,1.849
2026-10-09T23:37Z,4490,gA,2.029
2026-10-09T23:37Z,4492,gA,1.990
2026-10-09T23:37Z,4492,gP,2.084
2026-10-09T23:37Z,4496,g95e5,1.879
2026-10-09T23:37Z,4496,gA,1.965
2026-10-09T23:37Z,4497,g95e5,1.859
2026-10-09T23:37Z,4497,gA,1.965
2026-10-09T23:37Z,4498,g95e5,1.875
2026-10-09T23:37Z,4498,gA,1.975
2026-10-09T23:37Z,4499,g95e5,1.869
2026-10-09T23:37Z,4499,gA,1.969
2026-10-09T23:37Z,4500,g95e5,1.879
2026-10-09T23:37Z,4500,gA,1.965
2026-10-09T23:37Z,4501,g95e5,1.879
2026-10-09T23:37Z,4501,gA,1.965
2026-10-09T23:37Z,4504,g95e5,1.869
2026-10-09T23:37Z,4504,gA,1.969
2026-10-09T23:37Z,4505,g95e5,1.839
2026-10-09T23:37Z,4505,gA,1.965
2026-10-09T23:37Z,4505,gP,2.055
2026-10-09T23:37Z,4507,g95e5,1.839
2026-10-09T23:37Z,4507,gA,1.965
2026-10-09T23:37Z,4511,g95e5,1.839
2026-10-09T23:37Z,4511,gA,1.965
2026-10-09T23:37Z,4511,gP,2.055
2026-10-09T23:37Z,4512,gA,1.995
2026-10-09T23:37Z,4512,gP,2.084
2026-10-09T23:37Z,4513,g95e5,1.849
2026-10-09T23:37Z,4513,gA,1.965
2026-10-09T23:37Z,4515,gA,1.995
2026-10-09T23:37Z,4515,gP,2.084
2026-10-09T23:37Z,4516,gA,1.995
2026-10-09T23:37Z,4516,gP,2.084
2026-10-09T23:37Z,4517,g95e5,1.869
2026-10-09T23:37Z,4517,gA,1.975
2026-10-09T23:37Z,4518,g95e5,1.889
2026-10-09T23:37Z,4518,gA,1.959
2026-10-09T23:37Z,4518,gP,2.049
2026-10-09T23:37Z,4518,g98e5,2.029
2026-10-09T23:37Z,4524,g95e5,1.839
2026-10-09T23:37Z,4524,gA,1.965
2026-10-09T23:37Z,4524,g98e5,1.949
2026-10-09T23:37Z,4524,g95e5p,1.909
2026-10-09T23:37Z,4525,g95e5,1.879
2026-10-09T23:37Z,4525,gA,2.005
2026-10-09T23:37Z,4525,g98e5,1.989
2026-10-09T23:37Z,4525,g95e5p,1.949
2026-10-09T23:37Z,4526,g95e5,1.909
2026-10-09T23:37Z,4526,gA,1.989
2026-10-09T23:37Z,4526,g98e5,2.019
2026-10-09T23:37Z,4526,g95e5p,1.969
2026-10-09T23:37Z,4527,g95e5,1.919
2026-10-09T23:37Z,4527,gA,1.995
2026-10-09T23:37Z,4528,g95e5,1.889
2026-10-09T23:37Z,4528,gA,2.025
2026-10-09T23:37Z,4528,g98e5,1.999
2026-10-09T23:37Z,4531,g95e5,1.919
2026-10-09T23:37Z,4531,gA,2.005
2026-10-09T23:37Z,4534,gA,1.995
2026-10-09T23:37Z,4534,gP,2.084
2026-10-09T23:37Z,4536,g95e5,1.869
2026-10-09T23:37Z,4536,gA,1.975
2026-10-09T23:37Z,4538,g95e5,1.879
2026-10-09T23:37Z,4538,gA,1.969
2026-10-09T23:37Z,4538,g98e5,1.989
2026-10-09T23:37Z,4538,g95e5p,1.949
2026-10-09T23:37Z,4539,gA,1.995
2026-10-09T23:37Z,4539,gP,2.084
2026-10-09T23:37Z,4540,g95e5,1.845
2026-10-09T23:37Z,4540,gA,1.965
2026-10-09T23:37Z,4540,g98e5,2.005
2026-10-09T23:37Z,4540,gB,1.865
2026-10-09T23:37Z,4541,g95e5,1.839
2026-10-09T23:37Z,4541,gA,1.985
2026-10-09T23:37Z,4541,g98e5,1.999
2026-10-09T23:37Z,4542,g95e5,1.845
2026-10-09T23:37Z,4542,gA,2.005
2026-10-09T23:37Z,4542,gP,2.075
2026-10-09T23:37Z,4542,g98e5,2.005
2026-10-09T23:37Z,4543,g95e5,1.899
2026-10-09T23:37Z,4543,g98e5,2.009
2026-10-09T23:37Z,4544,g95e5,1.879
2026-10-09T23:37Z,4544,gA,1.999
2026-10-09T23:37Z,4544,g98e5,1.989
2026-10-09T23:37Z,4544,g95e5p,1.949
2026-10-09T23:37Z,4546,g95e5,1.879
2026-10-09T23:37Z,4546,gA,1.975
2026-10-09T23:37Z,4546,g98e5,1.989
2026-10-09T23:37Z,4546,g95e5p,1.949
2026-10-09T23:37Z,4547,g95e5,1.889
2026-10-09T23:37Z,4549,g95e5,1.845
2026-10-09T23:37Z,4549,gA,1.965
2026-10-09T23:37Z,4555,gA,1.990
2026-10-09T23:37Z,4555,gP,2.084
2026-10-09T23:37Z,4556,gA,1.995
2026-10-09T23:37Z,4556,gP,2.084
2026-10-09T23:37Z,4560,g95e5,1.869
2026-10-09T23:37Z,4560,gA,1.995
2026-10-09T23:37Z,4563,g95e5,1.869
2026-10-09T23:37Z,4563,gA,1.969
2026-10-09T23:37Z,4565,g95e5,1.889
2026-10-09T23:37Z,4568,gA,2.009
2026-10-09T23:37Z,4568,g98e5,1.949
2026-10-09T23:37Z,4569,gA,1.995
2026-10-09T23:37Z,4569,gP,2.084
2026-10-09T23:37Z,4571,gA,1.975
2026-10-09T23:37Z,4571,gP,2.065
2026-10-09T23:37Z,4573,g95e5,1.845
2026-10-09T23:37Z,4573,gA,1.975
2026-10-09T23:37Z,4573,g98e5,1.955
2026-10-09T23:37Z,4574,g95e5,1.845
2026-10-09T23:37Z,4574,gA,1.975
2026-10-09T23:37Z,4576,g95e5,1.869
2026-10-09T23:37Z,4576,gA,2.005
2026-10-09T23:37Z,4576,g95e5p,1.939
2026-10-09T23:37Z,4576,gB,1.865
2026-10-09T23:37Z,4577,g95e5,1.869
2026-10-09T23:37Z,4577,gA,2.005
2026-10-09T23:37Z,4579,g95e5,1.899
2026-10-09T23:37Z,4579,gA,2.005
2026-10-09T23:37Z,4579,g98e5,2.009
2026-10-09T23:37Z,4580,g95e5,1.879
2026-10-09T23:37Z,4580,gA,2.015
2026-10-09T23:37Z,4580,g98e5,1.989
2026-10-09T23:37Z,4581,g95e5,1.849
2026-10-09T23:37Z,4581,gP,2.061
2026-10-09T23:37Z,4581,g98e5,1.959
2026-10-09T23:37Z,4582,g95e5,1.879
2026-10-09T23:37Z,4582,gA,1.969
2026-10-09T23:37Z,4583,g95e5,1.845
2026-10-09T23:37Z,4583,g98e5,1.985
2026-10-09T23:37Z,4586,g95e5,1.879
2026-10-09T23:37Z,4586,gA,1.989
2026-10-09T23:37Z,4586,g98e5,1.989
2026-10-09T23:37Z,4586,g95e5p,1.959
2026-10-09T23:37Z,4588,g95e5,1.859
2026-10-09T23:37Z,4588,gA,2.029
2026-10-09T23:37Z,4588,g98e5,1.969
2026-10-09T23:37Z,4591,gA,1.959
2026-10-09T23:37Z,4591,gP,2.029
2026-10-09T23:37Z,4591,glp,0.949
2026-10-09T23:37Z,4591,gB,1.839
2026-10-09T23:37Z,4592,gA,1.995
2026-10-09T23:37Z,4592,gP,2.084
2026-10-09T23:37Z,4593,gA,1.995
2026-10-09T23:37Z,4593,gP,2.084
2026-10-09T23:37Z,4595,g95e5,1.879
2026-10-09T23:37Z,4595,gA,1.965
2026-10-09T23:37Z,4595,g98e5,2.039
2026-10-09T23:37Z,4597,gA,1.970
2026-10-09T23:37Z,4597,gP,2.084
2026-10-09T23:37Z,4598,g95e5,1.879
2026-10-09T23:37Z,4598,gA,1.975
2026-10-09T23:37Z,4598,g98e5,1.989
2026-10-09T23:37Z,4601,gA,1.979
2026-10-09T23:37Z,4601,gP,2.084
2026-10-09T23:37Z,4603,g95e5,1.839
2026-10-09T23:37Z,4603,gA,1.965
2026-10-09T23:37Z,4603,g98e5,1.949
2026-10-09T23:37Z,4604,g95e5,1.839
2026-10-09T23:37Z,4604,gA,1.979
2026-10-09T23:37Z,4604,g98e5,1.999
2026-10-09T23:37Z,4605,g95e5,1.909
2026-10-09T23:37Z,4605,gA,1.999
2026-10-09T23:37Z,4605,g98e5,2.019
2026-10-09T23:37Z,4606,g95e5,1.879
2026-10-09T23:37Z,4606,gA,2.019
2026-10-09T23:37Z,4606,g98e5,1.999
2026-10-09T23:37Z,4607,g95e5,1.839
2026-10-09T23:37Z,4607,gA,2.005
2026-10-09T23:37Z,4608,g95e5,1.845
2026-10-09T23:37Z,4608,g98e5,1.985
2026-10-09T23:37Z,4609,g95e5,1.885
2026-10-09T23:37Z,4609,gA,2.009
2026-10-09T23:37Z,4610,g95e5,1.839
2026-10-09T23:37Z,4610,gA,2.025
2026-10-09T23:37Z,4610,g98e5,1.999
2026-10-09T23:37Z,4611,g95e5,1.839
2026-10-09T23:37Z,4611,gA,1.979
2026-10-09T23:37Z,4611,g98e5,1.999
2026-10-09T23:37Z,4613,g95e5,1.879
2026-10-09T23:37Z,4613,gA,2.039
2026-10-09T23:37Z,4613,g98e5,2.009
2026-10-09T23:37Z,4614,g95e5,1.879
2026-10-09T23:37Z,4614,gA,1.999
2026-10-09T23:37Z,4614,g98e5,1.989
2026-10-09T23:37Z,4615,g95e5,1.879
2026-10-09T23:37Z,4615,gA,2.019
2026-10-09T23:37Z,4615,g98e5,1.989
2026-10-09T23:37Z,4616,g95e5,1.839
2026-10-09T23:37Z,4616,gA,1.979
2026-10-09T23:37Z,4616,g98e5,1.999
2026-10-09T23:37Z,4619,g95e5,1.879
2026-10-09T23:37Z,4619,gA,2.015
2026-10-09T23:37Z,4619,g98e5,1.989
2026-10-09T23:37Z,4620,g95e5,1.869
2026-10-09T23:37Z,4620,gA,1.975
2026-10-09T23:37Z,4620,g98e5,1.979
2026-10-09T23:37Z,4621,g95e5,1.829
2026-10-09T23:37Z,4621,g98e5,1.939
2026-10-09T23:37Z,4622,gA,2.025
2026-10-09T23:37Z,4622,g98e5,1.965
2026-10-09T23:37Z,4623,gA,2.009
2026-10-09T23:37Z,4623,g98e5,1.999
2026-10-09T23:37Z,4624,g95e5,1.909
2026-10-09T23:37Z,4624,gA,2.039
2026-10-09T23:37Z,4624,g98e5,2.019
2026-10-09T23:37Z,4624,g95e5p,1.979
2026-10-09T23:37Z,4629,g95e5,1.855
2026-10-09T23:37Z,4629,gA,1.999
2026-10-09T23:37Z,4629,g98e5,1.965
2026-10-09T23:37Z,4638,g95e5,1.879
2026-10-09T23:37Z,4638,gA,2.019
2026-10-09T23:37Z,4638,g98e5,1.989
2026-10-09T23:37Z,4639,g95e5,1.879
2026-10-09T23:37Z,4639,gA,2.019
2026-10-09T23:37Z,4639,g98e5,1.989
2026-10-09T23:37Z,4640,g95e5,1.895
2026-10-09T23:37Z,4640,gA,2.019
2026-10-09T23:37Z,4640,g98e5,2.005
2026-10-09T23:37Z,4641,g95e5,1.845
2026-10-09T23:37Z,4641,gA,2.005
2026-10-09T23:37Z,4642,g95e5,1.845
2026-10-09T23:37Z,4642,gA,2.005
2026-10-09T23:37Z,4643,g95e5,1.859
2026-10-09T23:37Z,4643,gA,2.005
2026-10-09T23:37Z,4643,g98e5,1.969
2026-10-09T23:37Z,4646,gA,1.995
2026-10-09T23:37Z,4646,gP,2.084
2026-10-09T23:37Z,4649,gA,1.990
2026-10-09T23:37Z,4649,gP,2.084
2026-10-09T23:37Z,4652,gA,1.960
2026-10-09T23:37Z,4652,gP,2.084
2026-10-09T23:37Z,4654,g95e5,1.859
2026-10-09T23:37Z,4654,g98e5,1.999
2026-10-09T23:37Z,4662,g95e5,1.829
2026-10-09T23:37Z,4662,gA,1.949
2026-10-09T23:37Z,4662,gP,1.999
2026-10-09T23:37Z,4663,gA,1.950
2026-10-09T23:37Z,4663,gP,2.020
2026-10-09T23:37Z,4664,gA,1.969
2026-10-09T23:37Z,4664,gP,2.084
2026-10-09T23:37Z,4670,gA,1.975
2026-10-09T23:37Z,4670,gP,2.065
2026-10-09T23:37Z,4674,gA,1.970
2026-10-09T23:37Z,4674,gP,2.020
2026-10-09T23:37Z,4676,g95e5,1.845
2026-10-09T23:37Z,4676,gA,1.989
2026-10-09T23:37Z,4676,gP,2.079
2026-10-09T23:37Z,4676,g98e5,1.985
2026-10-09T23:37Z,4680,gA,1.990
2026-10-09T23:37Z,4680,gP,2.084
2026-10-09T23:37Z,4682,gA,1.984
2026-10-09T23:37Z,4682,gP,2.004
2026-10-09T23:37Z,4685,g95e5,1.879
2026-10-09T23:37Z,4685,gA,1.989
2026-10-09T23:37Z,4685,g98e5,1.979
2026-10-09T23:37Z,4689,gA,1.974
2026-10-09T23:37Z,4689,gP,2.084
2026-10-09T23:37Z,4690,gA,1.974
2026-10-09T23:37Z,4690,gP,2.084
2026-10-09T23:37Z,4693,gA,1.979
2026-10-09T23:37Z,4693,gP,2.084
2026-10-09T23:37Z,4694,gA,1.984
2026-10-09T23:37Z,4694,gP,2.084
2026-10-09T23:37Z,4695,g95e5,1.879
2026-10-09T23:37Z,4695,gA,1.979
2026-10-09T23:37Z,4695,g98e5,1.989
2026-10-09T23:37Z,4702,g95e5,1.819
2026-10-09T23:37Z,4702,gA,1.949
2026-10-09T23:37Z,4702,gP,1.999
2026-10-09T23:37Z,4702,g95e5p,1.869
2026-10-09T23:37Z,4703,g95e5,1.819
2026-10-09T23:37Z,4703,gA,1.949
2026-10-09T23:37Z,4703,gP,1.999
2026-10-09T23:37Z,4703,g95e5p,1.869
2026-10-09T23:37Z,4707,gA,1.995
2026-10-09T23:37Z,4707,gP,2.084
2026-10-09T23:37Z,4721,gA,1.995
2026-10-09T23:37Z,4721,gP,2.084
2026-10-09T23:37Z,4725,gA,1.995
2026-10-09T23:37Z,4725,gP,2.084
2026-10-09T23:37Z,4726,g95e5,1.879
2026-10-09T23:37Z,4726,gA,1.989
2026-10-09T23:37Z,4726,g98e5,1.979
2026-10-09T23:37Z,4728,gA,1.995
2026-10-09T23:37Z,4728,gP,2.084
2026-10-09T23:37Z,4730,gA,1.979
2026-10-09T23:37Z,4752,gA,1.859
2026-10-09T23:37Z,4759,gA,1.995
2026-10-09T23:37Z,4759,gP,2.084
2026-10-09T23:37Z,4760,gA,1.995
2026-10-09T23:37Z,4760,gP,2.084
2026-10-09T23:37Z,4763,gA,1.995
2026-10-09T23:37Z,4763,gP,2.084
2026-10-09T23:37Z,4785,gA,1.990
2026-10-09T23:37Z,4785,gP,2.065
2026-10-09T23:37Z,4796,gP,2.050
2026-10-09T23:37Z,4806,g95e5,1.769
2026-10-09T23:37Z,4806,gA,1.955
2026-10-09T23:37Z,4806,g98e5,1.929
2026-10-09T23:37Z,4807,g95e5,1.885
2026-10-09T23:37Z,4807,g98e5,2.045
2026-10-09T23:37Z,4807,gB,1.745
2026-10-09T23:37Z,4818,g95e5,1.825
2026-10-09T23:37Z,4818,gA,1.929
2026-10-09T23:37Z,4818,gP,2.029
2026-10-09T23:37Z,4818,g98e5,1.985
2026-10-09T23:37Z,4820,gA,1.929
2026-10-09T23:37Z,4820,gP,2.029
2026-10-09T23:37Z,4820,g98e5,1.969
2026-10-09T23:37Z,4820,gB,1.835
2026-10-09T23:37Z,4822,g95e5,1.775
2026-10-09T23:37Z,4822,gA,1.929
2026-10-09T23:37Z,4822,g98e5,1.935
2026-10-09T23:37Z,4822,gB,1.819
2026-10-09T23:37Z,4825,g95e5,1.775
2026-10-09T23:37Z,4825,gA,1.929
2026-10-09T23:37Z,4825,g98e5,1.939
2026-10-09T23:37Z,4825,gB,1.605
2026-10-09T23:37Z,4830,gA,1.995
2026-10-09T23:37Z,4830,gP,2.105
2026-10-09T23:37Z,4831,g95e5,1.769
2026-10-09T23:37Z,4831,gA,1.955
2026-10-09T23:37Z,4831,g98e5,1.929
2026-10-09T23:37Z,4832,g95e5,1.825
2026-10-09T23:37Z,4832,gA,1.969
2026-10-09T23:37Z,4832,gP,2.019
2026-10-09T23:37Z,4833,g95e5,1.859
2026-10-09T23:37Z,4833,gP,2.055
2026-10-09T23:37Z,4833,g98e5,2.019
2026-10-09T23:37Z,4834,g95e5,1.789
2026-10-09T23:37Z,4834,gA,1.945
2026-10-09T23:37Z,4834,g98e5,1.949
2026-10-09T23:37Z,4834,g95e5p,1.859
2026-10-09T23:37Z,4841,g95e5,1.825
2026-10-09T23:37Z,4841,gA,1.965
2026-10-09T23:37Z,4841,g98e5,1.945
2026-10-09T23:37Z,4841,g95e5p,1.895
2026-10-09T23:37Z,4843,g95e5,1.855
2026-10-09T23:37Z,4843,gA,1.975
2026-10-09T23:37Z,4843,gP,2.075
2026-10-09T23:37Z,4843,g98e5,1.975
2026-10-09T23:37Z,4844,gA,1.979
2026-10-09T23:37Z,4844,gP,2.059
2026-10-09T23:37Z,4850,g95e5,1.819
2026-10-09T23:37Z,4850,gA,1.975
2026-10-09T23:37Z,4850,g98e5,1.969
2026-10-09T23:37Z,4858,g95e5,1.809
2026-10-09T23:37Z,4858,gA,1.995
2026-10-09T23:37Z,4858,g98e5,1.969
2026-10-09T23:37Z,4859,gB,1.735
2026-10-09T23:37Z,4863,gA,1.970
2026-10-09T23:37Z,4863,gP,2.020
2026-10-09T23:37Z,4863,gB,1.834
2026-10-09T23:37Z,4864,g95e5,1.809
2026-10-09T23:37Z,4864,gA,1.935
2026-10-09T23:37Z,4864,g98e5,1.969
2026-10-09T23:37Z,4866,g95e5,1.855
2026-10-09T23:37Z,4866,gA,1.975
2026-10-09T23:37Z,4866,g98e5,1.975
2026-10-09T23:37Z,4867,g98e5,2.015
2026-10-09T23:37Z,4868,g95e5,1.855
2026-10-09T23:37Z,4868,gA,1.975
2026-10-09T23:37Z,4868,gP,2.075
2026-10-09T23:37Z,4868,g98e5,1.975
2026-10-09T23:37Z,4868,g95e5p,1.935
2026-10-09T23:37Z,4870,gA,1.980
2026-10-09T23:37Z,4870,gP,2.060
2026-10-09T23:37Z,4871,gA,1.980
2026-10-09T23:37Z,4871,gP,2.060
2026-10-09T23:37Z,4873,g95e5,1.855
2026-10-09T23:37Z,4873,gA,1.935
2026-10-09T23:37Z,4873,gP,1.985
2026-10-09T23:37Z,4873,g98e5,1.965
2026-10-09T23:37Z,4875,g95e5,1.855
2026-10-09T23:37Z,4875,gA,1.975
2026-10-09T23:37Z,4875,gP,2.025
2026-10-09T23:37Z,4875,g98e5,1.965
2026-10-09T23:37Z,4876,g95e5,1.855
2026-10-09T23:37Z,4876,gA,1.969
2026-10-09T23:37Z,4876,g98e5,1.965
2026-10-09T23:37Z,4877,g95e5,1.825
2026-10-09T23:37Z,4877,gA,1.925
2026-10-09T23:37Z,4877,gP,2.025
2026-10-09T23:37Z,4877,g98e5,1.965
2026-10-09T23:37Z,4878,gB,1.705
2026-10-09T23:37Z,4881,g95e5,1.854
2026-10-09T23:37Z,4881,gA,1.974
2026-10-09T23:37Z,4881,gP,2.024
2026-10-09T23:37Z,4881,g98e5,1.984
2026-10-09T23:37Z,4882,gA,2.040
2026-10-09T23:37Z,4882,gP,2.115
2026-10-09T23:37Z,4883,g95e5,1.699
2026-10-09T23:37Z,4883,gA,1.829
2026-10-09T23:37Z,4883,gP,1.879
2026-10-09T23:37Z,4883,g95e5p,1.749
2026-10-09T23:37Z,4886,gA,2.014
2026-10-09T23:37Z,4886,gP,2.085
2026-10-09T23:37Z,4887,gA,2.009
2026-10-09T23:37Z,4887,gP,2.085
2026-10-09T23:37Z,4890,gA,1.945
2026-10-09T23:37Z,4890,gP,2.035
2026-10-09T23:37Z,4894,g95e5,1.825
2026-10-09T23:37Z,4894,gA,1.959
2026-10-09T23:37Z,4894,g98e5,1.935
2026-10-09T23:37Z,4899,g95e5,1.809
2026-10-09T23:37Z,4899,gA,1.929
2026-10-09T23:37Z,4902,g95e5,1.809
2026-10-09T23:37Z,4902,gA,1.929
2026-10-09T23:37Z,4902,g95e5p,1.879
2026-10-09T23:37Z,4912,gA,1.989
2026-10-09T23:37Z,4912,gB,1.599
2026-10-09T23:37Z,4934,g95e5,1.659
2026-10-09T23:37Z,4934,gA,1.779
2026-10-09T23:37Z,4974,g95e5,1.789
2026-10-09T23:37Z,4974,gA,1.979
2026-10-09T23:37Z,4974,gP,2.079
2026-10-09T23:37Z,4974,g98e5,1.949
2026-10-09T23:37Z,4981,gA,2.030
2026-10-09T23:37Z,4981,gP,2.125
2026-10-09T23:37Z,4982,gA,2.010
2026-10-09T23:37Z,4982,gP,2.125
2026-10-09T23:37Z,4983,gA,1.970
2026-10-09T23:37Z,4983,gP,2.050
2026-10-09T23:37Z,4984,gA,1.975
2026-10-09T23:37Z,4984,gP,2.050
2026-10-09T23:37Z,4985,gA,2.010
2026-10-09T23:37Z,4985,gP,2.105
2026-10-09T23:37Z,4985,gB,1.854
2026-10-09T23:37Z,4989,gA,1.960
2026-10-09T23:37Z,4989,gP,2.050
2026-10-09T23:37Z,4991,gA,1.960
2026-10-09T23:37Z,4991,gP,2.050
2026-10-09T23:37Z,4998,gA,2.029
2026-10-09T23:37Z,4998,gP,2.094
2026-10-09T23:37Z,4999,gA,2.000
2026-10-09T23:37Z,4999,gP,2.050
2026-10-09T23:37Z,4999,gB,1.929
2026-10-09T23:37Z,5000,gA,1.999
2026-10-09T23:37Z,5000,gP,2.059
2026-10-09T23:37Z,5003,gA,1.970
2026-10-09T23:37Z,5003,gP,2.035
2026-10-09T23:37Z,5007,gA,1.980
2026-10-09T23:37Z,5007,gP,2.065
2026-10-09T23:37Z,5012,g95e5,1.789
2026-10-09T23:37Z,5012,gA,1.979
2026-10-09T23:37Z,5012,gP,2.079
2026-10-09T23:37Z,5012,g95e5p,1.859
2026-10-09T23:37Z,5019,g95e5,1.878
2026-10-09T23:37Z,5019,gA,1.988
2026-10-09T23:37Z,5019,gP,2.069
2026-10-09T23:37Z,5019,g98e5,1.989
2026-10-09T23:37Z,5021,gA,1.999
2026-10-09T23:37Z,5021,gP,2.059
2026-10-09T23:37Z,5021,gB,1.949
2026-10-09T23:37Z,5028,g95e5,1.854
2026-10-09T23:37Z,5028,g95e5p,1.904
2026-10-09T23:37Z,5036,g95e5,1.809
2026-10-09T23:37Z,5036,gA,1.879
2026-10-09T23:37Z,5036,gP,1.969
2026-10-09T23:37Z,5036,g95e5p,1.859
2026-10-09T23:37Z,5041,gA,1.980
2026-10-09T23:37Z,5041,gP,2.065
2026-10-09T23:37Z,5043,g95e5,1.869
2026-10-09T23:37Z,5043,gA,1.969
2026-10-09T23:37Z,5043,gP,2.019
2026-10-09T23:37Z,5045,gA,1.959
2026-10-09T23:37Z,5050,g95e5,1.785
2026-10-09T23:37Z,5050,gA,1.959
2026-10-09T23:37Z,5050,g98e5,1.945
2026-10-09T23:37Z,5052,g95e5,1.785
2026-10-09T23:37Z,5052,gA,1.949
2026-10-09T23:37Z,5054,g95e5,1.835
2026-10-09T23:37Z,5054,gA,1.935
2026-10-09T23:37Z,5054,gB,1.715
2026-10-09T23:37Z,5059,gA,1.959
2026-10-09T23:37Z,5059,gP,2.025
2026-10-09T23:37Z,5061,g95e5,1.825
2026-10-09T23:37Z,5061,gA,1.999
2026-10-09T23:37Z,5061,g98e5,1.935
2026-10-09T23:37Z,5063,gA,1.959
2026-10-09T23:37Z,5063,gP,2.059
2026-10-09T23:37Z,5064,gA,2.009
2026-10-09T23:37Z,5064,g98e5,1.939
2026-10-09T23:37Z,5070,gA,1.925
2026-10-09T23:37Z,5070,gP,2.015
2026-10-09T23:37Z,5072,g95e5,1.815
2026-10-09T23:37Z,5072,gA,1.975
2026-10-09T23:37Z,5072,g98e5,1.955
2026-10-09T23:37Z,5073,g95e5,1.819
2026-10-09T23:37Z,5073,gA,1.985
2026-10-09T23:37Z,5073,g98e5,1.979
2026-10-09T23:37Z,5074,g95e5,1.854
2026-10-09T23:37Z,5074,gA,1.959
2026-10-09T23:37Z,5074,gP,2.049
2026-10-09T23:37Z,5074,g95e5p,1.904
2026-10-09T23:37Z,5075,g95e5,1.815
2026-10-09T23:37Z,5075,gA,1.979
2026-10-09T23:37Z,5075,gP,2.079
2026-10-09T23:37Z,5075,g98e5,1.975
2026-10-09T23:37Z,5076,g95e5,1.855
2026-10-09T23:37Z,5076,gA,1.979
2026-10-09T23:37Z,5078,g95e5,1.855
2026-10-09T23:37Z,5078,gA,1.979
2026-10-09T23:37Z,5078,gP,2.029
2026-10-09T23:37Z,5078,g98e5,1.965
2026-10-09T23:37Z,5078,g95e5p,1.925
2026-10-09T23:37Z,5079,g95e5,1.855
2026-10-09T23:37Z,5079,gA,1.979
2026-10-09T23:37Z,5079,gP,2.029
2026-10-09T23:37Z,5079,g98e5,1.965
2026-10-09T23:37Z,5082,gA,2.020
2026-10-09T23:37Z,5082,gP,2.085
2026-10-09T23:37Z,5101,g95e5,1.775
2026-10-09T23:37Z,5101,gA,1.929
2026-10-09T23:37Z,5101,g98e5,1.935
2026-10-09T23:37Z,5101,gB,1.779
2026-10-09T23:37Z,5105,g95e5,1.775
2026-10-09T23:37Z,5105,gA,1.929
2026-10-09T23:37Z,5105,g98e5,1.935
2026-10-09T23:37Z,5105,gB,1.799
2026-10-09T23:37Z,5106,g98e5,2.015
2026-10-09T23:37Z,5108,g95e5,1.775
2026-10-09T23:37Z,5108,gA,1.949
2026-10-09T23:37Z,5111,g95e5,1.779
2026-10-09T23:37Z,5111,gA,1.935
2026-10-09T23:37Z,5111,g98e5,1.939
2026-10-09T23:37Z,5123,g95e5,1.769
2026-10-09T23:37Z,5123,gA,1.925
2026-10-09T23:37Z,5123,g98e5,1.929
2026-10-09T23:37Z,5123,gB,1.845
2026-10-09T23:37Z,5127,g95e5,1.899
2026-10-09T23:37Z,5127,gA,1.969
2026-10-09T23:37Z,5127,gP,2.059
2026-10-09T23:37Z,5127,gB,1.700
2026-10-09T23:37Z,5134,g95e5,1.769
2026-10-09T23:37Z,5134,gA,1.929
2026-10-09T23:37Z,5134,g95e5p,1.829
2026-10-09T23:37Z,5135,gA,1.979
2026-10-09T23:37Z,5135,g98e5,1.965
2026-10-09T23:37Z,5136,g95e5,1.775
2026-10-09T23:37Z,5136,gA,1.929
2026-10-09T23:37Z,5136,g98e5,1.935
2026-10-09T23:37Z,5140,g95e5,1.815
2026-10-09T23:37Z,5140,gA,1.929
2026-10-09T23:37Z,5140,g98e5,1.975
2026-10-09T23:37Z,5141,g95e5,1.869
2026-10-09T23:37Z,5141,gA,1.969
2026-10-09T23:37Z,5144,g95e5,1.809
2026-10-09T23:37Z,5144,gA,1.995
2026-10-09T23:37Z,5145,g95e5,1.775
2026-10-09T23:37Z,5145,gA,1.929
2026-10-09T23:37Z,5145,gB,1.835
2026-10-09T23:37Z,5146,g95e5,1.789
2026-10-09T23:37Z,5146,gA,1.935
2026-10-09T23:37Z,5147,g95e5,1.855
2026-10-09T23:37Z,5147,gP,2.025
2026-10-09T23:37Z,5147,g98e5,2.015
2026-10-09T23:37Z,5148,g95e5,1.809
2026-10-09T23:37Z,5148,gA,1.929
2026-10-09T23:37Z,5148,gP,2.029
2026-10-09T23:37Z,5150,g95e5,1.855
2026-10-09T23:37Z,5150,gA,1.975
2026-10-09T23:37Z,5150,gP,2.075
2026-10-09T23:37Z,5150,g98e5,2.015
2026-10-09T23:37Z,5153,g95e5,1.775
2026-10-09T23:37Z,5153,gA,1.929
2026-10-09T23:37Z,5158,g95e5,1.839
2026-10-09T23:37Z,5158,gA,1.995
2026-10-09T23:37Z,5158,g98e5,1.979
2026-10-09T23:37Z,5159,g95e5,1.855
2026-10-09T23:37Z,5159,gA,1.975
2026-10-09T23:37Z,5159,g98e5,1.965
2026-10-09T23:37Z,5161,g95e5,1.775
2026-10-09T23:37Z,5161,gA,1.929
2026-10-09T23:37Z,5162,g95e5,1.815
2026-10-09T23:37Z,5162,gA,1.949
2026-10-09T23:37Z,5162,g98e5,1.975
2026-10-09T23:37Z,5163,g95e5,1.769
2026-10-09T23:37Z,5163,gA,1.945
2026-10-09T23:37Z,5163,g98e5,1.929
2026-10-09T23:37Z,5163,gB,1.845
2026-10-09T23:37Z,5167,g95e5,1.769
2026-10-09T23:37Z,5167,gA,1.925
2026-10-09T23:37Z,5167,g98e5,1.929
2026-10-09T23:37Z,5170,g95e5,1.815
2026-10-09T23:37Z,5170,gA,1.929
2026-10-09T23:37Z,5170,g98e5,1.975
2026-10-09T23:37Z,5170,glp,1.125
2026-10-09T23:37Z,5171,g95e5,1.815
2026-10-09T23:37Z,5171,gA,1.929
2026-10-09T23:37Z,5171,gP,1.979
2026-10-09T23:37Z,5173,gA,1.985
2026-10-09T23:37Z,5173,gP,2.074
2026-10-09T23:37Z,5174,gA,1.985
2026-10-09T23:37Z,5174,gP,2.074
2026-10-09T23:37Z,5180,gA,1.999
2026-10-09T23:37Z,5180,gP,2.085
2026-10-09T23:37Z,5183,gP,2.085
2026-10-09T23:37Z,5183,g98e5,2.015
2026-10-09T23:37Z,5187,g98e5,2.005
2026-10-09T23:37Z,5188,g95e5,1.839
2026-10-09T23:37Z,5188,gA,1.995
2026-10-09T23:37Z,5188,g98e5,1.979
2026-10-09T23:37Z,5191,g95e5,1.815
2026-10-09T23:37Z,5191,gA,1.969
2026-10-09T23:37Z,5191,gP,2.019
2026-10-09T23:37Z,5191,g98e5,1.975
2026-10-09T23:37Z,5192,gA,2.000
2026-10-09T23:37Z,5192,gP,2.085
2026-10-09T23:37Z,5193,gA,2.010
2026-10-09T23:37Z,5193,gP,2.060
2026-10-09T23:37Z,5195,g95e5,1.825
2026-10-09T23:37Z,5195,gA,1.965
2026-10-09T23:37Z,5195,g98e5,1.935
2026-10-09T23:37Z,5196,g95e5,1.825
2026-10-09T23:37Z,5196,g95e5p,1.895
2026-10-09T23:37Z,5197,g95e5,1.775
2026-10-09T23:37Z,5197,gA,1.945
2026-10-09T23:37Z,5197,g98e5,1.935
2026-10-09T23:37Z,5197,gB,1.779
2026-10-09T23:37Z,5198,gA,1.969
2026-10-09T23:37Z,5198,g98e5,2.015
2026-10-09T23:37Z,5198,gB,1.705
2026-10-09T23:37Z,5203,g95e5,1.815
2026-10-09T23:37Z,5203,gA,1.935
2026-10-09T23:37Z,5203,gP,2.035
2026-10-09T23:37Z,5203,gB,1.735
2026-10-09T23:37Z,5205,g95e5,1.839
2026-10-09T23:37Z,5205,gA,1.969
2026-10-09T23:37Z,5205,g98e5,1.949
2026-10-09T23:37Z,5205,gB,1.779
2026-10-09T23:37Z,5206,g95e5,1.839
2026-10-09T23:37Z,5206,gA,1.995
2026-10-09T23:37Z,5206,g98e5,1.949
2026-10-09T23:37Z,5208,g95e5,1.825
2026-10-09T23:37Z,5208,gA,1.979
2026-10-09T23:37Z,5208,g98e5,1.955
2026-10-09T23:37Z,5209,g95e5,1.779
2026-10-09T23:37Z,5209,gA,1.929
2026-10-09T23:37Z,5210,g95e5,1.839
2026-10-09T23:37Z,5210,gA,1.989
2026-10-09T23:37Z,5211,g95e5,1.839
2026-10-09T23:37Z,5211,gA,1.989
2026-10-09T23:37Z,5215,g95e5,1.775
2026-10-09T23:37Z,5215,gA,1.929
2026-10-09T23:37Z,5215,g98e5,1.935
2026-10-09T23:37Z,5215,gB,1.839
2026-10-09T23:37Z,5218,g95e5,1.775
2026-10-09T23:37Z,5218,gA,1.995
2026-10-09T23:37Z,5218,gP,2.045
2026-10-09T23:37Z,5218,g98e5,1.935
2026-10-09T23:37Z,5220,g95e5,1.775
2026-10-09T23:37Z,5220,gA,1.929
2026-10-09T23:37Z,5220,g95e5p,1.845
2026-10-09T23:37Z,5220,gB,1.785
2026-10-09T23:37Z,5221,g95e5,1.775
2026-10-09T23:37Z,5221,gA,1.939
2026-10-09T23:37Z,5221,g95e5p,1.845
2026-10-09T23:37Z,5225,g95e5,1.809
2026-10-09T23:37Z,5225,gA,1.935
2026-10-09T23:37Z,5225,g98e5,1.969
2026-10-09T23:37Z,5226,g95e5,1.799
2026-10-09T23:37Z,5226,gA,1.989
2026-10-09T23:37Z,5226,g98e5,1.959
2026-10-09T23:37Z,5227,g95e5,1.819
2026-10-09T23:37Z,5227,gA,1.945
2026-10-09T23:37Z,5227,g98e5,1.929
2026-10-09T23:37Z,5230,gA,1.959
2026-10-09T23:37Z,5230,gP,2.029
2026-10-09T23:37Z,5230,g98e5,1.975
2026-10-09T23:37Z,5231,g95e5,1.775
2026-10-09T23:37Z,5231,gA,1.929
2026-10-09T23:37Z,5231,g98e5,1.935
2026-10-09T23:37Z,5233,g95e5,1.829
2026-10-09T23:37Z,5233,g98e5,1.999
2026-10-09T23:37Z,5236,g95e5,1.855
2026-10-09T23:37Z,5236,gA,1.929
2026-10-09T23:37Z,5236,gP,2.029
2026-10-09T23:37Z,5236,g98e5,2.015
2026-10-09T23:37Z,5237,g95e5,1.785
2026-10-09T23:37Z,5237,gA,1.939
2026-10-09T23:37Z,5237,gP,1.999
2026-10-09T23:37Z,5237,g98e5,1.945
2026-10-09T23:37Z,5239,g95e5,1.785
2026-10-09T23:37Z,5239,gA,1.995
2026-10-09T23:37Z,5239,g98e5,1.945
2026-10-09T23:37Z,5242,gA,2.010
2026-10-09T23:37Z,5242,gP,2.085
2026-10-09T23:37Z,5244,g95e5,1.775
2026-10-09T23:37Z,5244,gA,1.955
2026-10-09T23:37Z,5246,g95e5,1.775
2026-10-09T23:37Z,5246,gA,1.985
2026-10-09T23:37Z,5246,g98e5,1.935
2026-10-09T23:37Z,5246,g95e5p,1.845
2026-10-09T23:37Z,5252,g98e5,2.015
2026-10-09T23:37Z,5252,gB,1.735
2026-10-09T23:37Z,5253,g95e5,1.869
2026-10-09T23:37Z,5253,gA,1.995
2026-10-09T23:37Z,5253,g98e5,2.029
2026-10-09T23:37Z,5254,g95e5,1.775
2026-10-09T23:37Z,5254,gA,1.945
2026-10-09T23:37Z,5254,g98e5,1.935
2026-10-09T23:37Z,5254,gB,1.835
2026-10-09T23:37Z,5255,g95e5,1.785
2026-10-09T23:37Z,5255,gA,1.965
2026-10-09T23:37Z,5255,gB,1.795
2026-10-09T23:37Z,5256,gA,1.995
2026-10-09T23:37Z,5256,gB,1.725
2026-10-09T23:37Z,5257,g95e5,1.809
2026-10-09T23:37Z,5257,gA,1.935
2026-10-09T23:37Z,5257,gP,2.035
2026-10-09T23:37Z,5257,gB,1.715
2026-10-09T23:37Z,5258,g95e5,1.769
2026-10-09T23:37Z,5258,gA,1.935
2026-10-09T23:37Z,5258,gP,1.985
2026-10-09T23:37Z,5258,g98e5,1.929
2026-10-09T23:37Z,5258,gB,1.835
2026-10-09T23:37Z,5259,gP,2.059
2026-10-09T23:37Z,5265,g95e5,1.769
2026-10-09T23:37Z,5265,gA,1.925
2026-10-09T23:37Z,5265,g98e5,1.929
2026-10-09T23:37Z,5265,gB,1.795
2026-10-09T23:37Z,5266,g95e5,1.799
2026-10-09T23:37Z,5266,gA,1.945
2026-10-09T23:37Z,5266,g98e5,1.939
2026-10-09T23:37Z,5268,gA,1.929
2026-10-09T23:37Z,5268,gP,2.029
2026-10-09T23:37Z,5268,g98e5,1.969
2026-10-09T23:37Z,5269,gA,1.929
2026-10-09T23:37Z,5269,gP,2.029
2026-10-09T23:37Z,5269,g98e5,1.969
2026-10-09T23:37Z,5270,g95e5,1.769
2026-10-09T23:37Z,5270,gA,1.925
2026-10-09T23:37Z,5270,gP,1.985
2026-10-09T23:37Z,5270,g95e5p,1.839
2026-10-09T23:37Z,5272,g95e5,1.769
2026-10-09T23:37Z,5272,gA,1.925
2026-10-09T23:37Z,5272,g98e5,1.929
2026-10-09T23:37Z,5272,gB,1.825
2026-10-09T23:37Z,5275,g95e5,1.779
2026-10-09T23:37Z,5275,gA,1.945
2026-10-09T23:37Z,5275,g98e5,1.939
2026-10-09T23:37Z,5278,g98e5,2.015
2026-10-09T23:37Z,5282,g95e5,1.769
2026-10-09T23:37Z,5282,gA,1.935
2026-10-09T23:37Z,5282,gP,1.995
2026-10-09T23:37Z,5282,g98e5,1.929
2026-10-09T23:37Z,5282,gB,1.795
2026-10-09T23:37Z,5284,g95e5,1.769
2026-10-09T23:37Z,5284,gA,1.949
2026-10-09T23:37Z,5284,g95e5p,1.839
2026-10-09T23:37Z,5286,g95e5,1.825
2026-10-09T23:37Z,5286,gA,1.955
2026-10-09T23:37Z,5286,gP,2.005
2026-10-09T23:37Z,5286,g98e5,1.985
2026-10-09T23:37Z,5286,g95e5p,1.905
2026-10-09T23:37Z,5287,g95e5,1.779
2026-10-09T23:37Z,5287,gA,1.969
2026-10-09T23:37Z,5287,g98e5,1.939
2026-10-09T23:37Z,5287,g95e5p,1.849
2026-10-09T23:37Z,5290,g95e5,1.775
2026-10-09T23:37Z,5290,gA,1.985
2026-10-09T23:37Z,5290,g95e5p,1.845
2026-10-09T23:37Z,5294,g95e5,1.789
2026-10-09T23:37Z,5294,gA,1.949
2026-10-09T23:37Z,5294,g98e5,1.949
2026-10-09T23:37Z,5297,g95e5,1.785
2026-10-09T23:37Z,5297,gA,1.939
2026-10-09T23:37Z,5297,g98e5,1.945
2026-10-09T23:37Z,5297,gB,1.779
2026-10-09T23:37Z,5300,g95e5,1.839
2026-10-09T23:37Z,5300,gA,1.989
2026-10-09T23:37Z,5301,g95e5,1.839
2026-10-09T23:37Z,5301,gA,1.999
2026-10-09T23:37Z,5301,gB,1.839
2026-10-09T23:37Z,5302,g95e5,1.819
2026-10-09T23:37Z,5302,gA,1.975
2026-10-09T23:37Z,5302,g98e5,1.979
2026-10-09T23:37Z,5302,g95e5p,1.889
2026-10-09T23:37Z,5303,g95e5,1.869
2026-10-09T23:37Z,5303,gA,1.995
2026-10-09T23:37Z,5303,g98e5,2.029
2026-10-09T23:37Z,5304,g98e5,2.015
2026-10-09T23:37Z,5306,g95e5,1.839
2026-10-09T23:37Z,5306,gA,1.995
2026-10-09T23:37Z,5306,g98e5,1.979
2026-10-09T23:37Z,5307,g95e5,1.879
2026-10-09T23:37Z,5307,gA,1.979
2026-10-09T23:37Z,5307,g98e5,2.039
2026-10-09T23:37Z,5308,g95e5,1.839
2026-10-09T23:37Z,5308,gA,1.959
2026-10-09T23:37Z,5308,gP,2.009
2026-10-09T23:37Z,5308,g98e5,1.979
2026-10-09T23:37Z,5311,gA,1.990
2026-10-09T23:37Z,5324,gA,2.010
2026-10-09T23:37Z,5324,gP,2.105
2026-10-09T23:37Z,5325,g95e5,1.719
2026-10-09T23:37Z,5325,g98e5,1.829
2026-10-09T23:37Z,5328,gA,2.010
2026-10-09T23:37Z,5328,gP,2.105
2026-10-09T23:37Z,5337,gA,1.948
2026-10-09T23:37Z,5342,g95e5,1.799
2026-10-09T23:37Z,5342,gA,1.959
2026-10-09T23:37Z,5342,g98e5,1.959
2026-10-09T23:37Z,5343,g95e5,1.815
2026-10-09T23:37Z,5343,gA,1.959
2026-10-09T23:37Z,5343,g98e5,1.975
2026-10-09T23:37Z,5351,g95e5,1.825
2026-10-09T23:37Z,5351,gA,2.015
2026-10-09T23:37Z,5351,g98e5,1.985
2026-10-09T23:37Z,5352,g95e5,1.845
2026-10-09T23:37Z,5352,gA,1.999
2026-10-09T23:37Z,5352,g98e5,1.995
2026-10-09T23:37Z,5352,g95e5p,1.925
2026-10-09T23:37Z,5357,g95e5,1.845
2026-10-09T23:37Z,5357,gA,1.999
2026-10-09T23:37Z,5357,g98e5,1.995
2026-10-09T23:37Z,5359,g95e5,1.859
2026-10-09T23:37Z,5359,gP,1.969
2026-10-09T23:37Z,5359,g98e5,2.199
2026-10-09T23:37Z,5361,g95e5,1.845
2026-10-09T23:37Z,5361,gA,1.959
2026-10-09T23:37Z,5361,g98e5,2.005
2026-10-09T23:37Z,5371,g95e5,1.845
2026-10-09T23:37Z,5371,gA,1.959
2026-10-09T23:37Z,5371,g98e5,2.005
2026-10-09T23:37Z,5371,g95e5p,1.915
2026-10-09T23:37Z,5374,gA,2.015
2026-10-09T23:37Z,5374,g98e5,1.965
2026-10-09T23:37Z,5374,gB,1.705
2026-10-09T23:37Z,5375,gA,2.015
2026-10-09T23:37Z,5375,g98e5,1.965
2026-10-09T23:37Z,5375,gB,1.725
2026-10-09T23:37Z,5376,gA,2.015
2026-10-09T23:37Z,5376,g98e5,1.965
2026-10-09T23:37Z,5378,gA,2.000
2026-10-09T23:37Z,5378,gP,2.085
2026-10-09T23:37Z,5379,g95e5,1.829
2026-10-09T23:37Z,5379,gA,1.965
2026-10-09T23:37Z,5379,g98e5,1.989
2026-10-09T23:37Z,5381,g95e5,1.825
2026-10-09T23:37Z,5381,gA,1.985
2026-10-09T23:37Z,5381,g98e5,1.985
2026-10-09T23:37Z,5386,g95e5,1.799
2026-10-09T23:37Z,5386,gA,1.959
2026-10-09T23:37Z,5386,gB,1.745
2026-10-09T23:37Z,5388,g95e5,1.805
2026-10-09T23:37Z,5388,gA,1.965
2026-10-09T23:37Z,5388,g98e5,1.965
2026-10-09T23:37Z,5390,g95e5,1.799
2026-10-09T23:37Z,5390,gA,1.969
2026-10-09T23:37Z,5391,g95e5,1.825
2026-10-09T23:37Z,5391,gA,1.979
2026-10-09T23:37Z,5391,g98e5,1.985
2026-10-09T23:37Z,5401,g95e5,1.825
2026-10-09T23:37Z,5401,gA,1.959
2026-10-09T23:37Z,5405,gA,1.960
2026-10-09T23:37Z,5405,gP,2.065
2026-10-09T23:37Z,5406,g95e5,1.825
2026-10-09T23:37Z,5406,gA,1.959
2026-10-09T23:37Z,5406,g98e5,1.985
2026-10-09T23:37Z,5410,g95e5,1.815
2026-10-09T23:37Z,5410,gA,2.015
2026-10-09T23:37Z,5411,g95e5,1.855
2026-10-09T23:37Z,5411,gA,2.015
2026-10-09T23:37Z,5411,g98e5,1.995
2026-10-09T23:37Z,5414,g95e5,1.829
2026-10-09T23:37Z,5414,gA,1.969
2026-10-09T23:37Z,5414,gP,2.079
2026-10-09T23:37Z,5414,g98e5,2.039
2026-10-09T23:37Z,5415,g95e5,1.829
2026-10-09T23:37Z,5415,gA,1.969
2026-10-09T23:37Z,5415,g95e5p,1.899
2026-10-09T23:37Z,5419,gA,2.049
2026-10-09T23:37Z,5419,gP,2.099
2026-10-09T23:37Z,5419,gB,1.819
2026-10-09T23:37Z,5421,gA,2.030
2026-10-09T23:37Z,5421,gP,2.105
2026-10-09T23:37Z,5428,g95e5,1.799
2026-10-09T23:37Z,5428,gA,1.989
2026-10-09T23:37Z,5428,gP,2.079
2026-10-09T23:37Z,5428,g98e5,1.959
2026-10-09T23:37Z,5431,g95e5,1.815
2026-10-09T23:37Z,5431,gA,1.959
2026-10-09T23:37Z,5431,g98e5,1.975
2026-10-09T23:37Z,5432,gA,1.960
2026-10-09T23:37Z,5432,gP,2.065
2026-10-09T23:37Z,5440,gA,1.995
2026-10-09T23:37Z,5440,g98e5,1.975
2026-10-09T23:37Z,5441,gA,1.995
2026-10-09T23:37Z,5441,g98e5,1.975
2026-10-09T23:37Z,5447,g95e5,1.799
2026-10-09T23:37Z,5447,gA,1.959
2026-10-09T23:37Z,5447,g98e5,1.959
2026-10-09T23:37Z,5451,g95e5,1.849
2026-10-09T23:37Z,5451,gA,2.005
2026-10-09T23:37Z,5451,gB,1.745
2026-10-09T23:37Z,5452,g95e5,1.799
2026-10-09T23:37Z,5452,gA,1.959
2026-10-09T23:37Z,5452,g98e5,1.959
2026-10-09T23:37Z,5459,g95e5,1.799
2026-10-09T23:37Z,5459,gA,1.959
2026-10-09T23:37Z,5459,g98e5,1.959
2026-10-09T23:37Z,5463,g95e5,1.799
2026-10-09T23:37Z,5463,gA,1.959
2026-10-09T23:37Z,5464,g95e5,1.789
2026-10-09T23:37Z,5464,gA,1.879
2026-10-09T23:37Z,5466,gA,2.000
2026-10-09T23:37Z,5466,gP,2.085
2026-10-09T23:37Z,5466,gB,1.804
2026-10-09T23:37Z,5469,gA,1.999
2026-10-09T23:37Z,5469,g98e5,2.005
2026-10-09T23:37Z,5470,gA,1.999
2026-10-09T23:37Z,5470,g98e5,2.005
2026-10-09T23:37Z,5477,g95e5,1.845
2026-10-09T23:37Z,5477,gA,1.999
2026-10-09T23:37Z,5477,g98e5,1.995
2026-10-09T23:37Z,5479,g95e5,1.825
2026-10-09T23:37Z,5479,gA,1.985
2026-10-09T23:37Z,5479,g98e5,1.985
2026-10-09T23:37Z,5483,g95e5,1.999
2026-10-09T23:37Z,5483,gA,2.039
2026-10-09T23:37Z,5484,gA,1.979
2026-10-09T23:37Z,5499,gA,2.000
2026-10-09T23:37Z,5499,gP,2.050
2026-10-09T23:37Z,5500,gA,1.970
2026-10-09T23:37Z,5500,gP,2.085
2026-10-09T23:37Z,5514,gA,2.020
2026-10-09T23:37Z,5514,gP,2.085
2026-10-09T23:37Z,5516,gA,1.955
2026-10-09T23:37Z,5516,gP,2.055
2026-10-09T23:37Z,5516,g98e5,1.939
2026-10-09T23:37Z,5518,g95e5,1.845
2026-10-09T23:37Z,5518,gA,1.965
2026-10-09T23:37Z,5519,g95e5,1.829
2026-10-09T23:37Z,5519,gA,2.019
2026-10-09T23:37Z,5519,gP,2.069
2026-10-09T23:37Z,5519,g98e5,1.989
2026-10-09T23:37Z,5527,g95e5,1.819
2026-10-09T23:37Z,5527,gA,1.969
2026-10-09T23:37Z,5527,gP,2.019
2026-10-09T23:37Z,5527,g98e5,1.929
2026-10-09T23:37Z,5530,g95e5,1.819
2026-10-09T23:37Z,5530,gA,2.009
2026-10-09T23:37Z,5530,gP,2.059
2026-10-09T23:37Z,5530,g98e5,1.929
2026-10-09T23:37Z,5532,g95e5,1.879
2026-10-09T23:37Z,5532,gA,1.989
2026-10-09T23:37Z,5532,gP,2.049
2026-10-09T23:37Z,5532,g98e5,1.999
2026-10-09T23:37Z,5535,gA,1.819
2026-10-09T23:37Z,5535,gP,1.869
2026-10-09T23:37Z,5537,g95e5,1.789
2026-10-09T23:37Z,5537,gA,1.939
2026-10-09T23:37Z,5537,gP,1.989
2026-10-09T23:37Z,5537,g98e5,1.929
2026-10-09T23:37Z,5540,gA,2.019
2026-10-09T23:37Z,5540,g98e5,1.899
2026-10-09T23:37Z,5540,gB,1.725
2026-10-09T23:37Z,5541,g95e5,1.819
2026-10-09T23:37Z,5541,gA,1.999
2026-10-09T23:37Z,5541,gP,2.049
2026-10-09T23:37Z,5541,g98e5,1.929
2026-10-09T23:37Z,5541,g95e5p,1.889
2026-10-09T23:37Z,5547,gA,1.989
2026-10-09T23:37Z,5547,gP,2.059
2026-10-09T23:37Z,5547,g98e5,1.979
2026-10-09T23:37Z,5556,g95e5,1.814
2026-10-09T23:37Z,5556,gA,1.909
2026-10-09T23:37Z,5556,gP,1.959
2026-10-09T23:37Z,5594,gA,2.048
2026-10-09T23:37Z,5596,gA,1.944
2026-10-09T23:37Z,5596,gB,1.870
2026-10-09T23:37Z,5606,g95e5,1.775
2026-10-09T23:37Z,5606,gA,1.959
2026-10-09T23:37Z,5610,g95e5,1.829
2026-10-09T23:37Z,5610,gA,1.939
2026-10-09T23:37Z,5610,gP,2.029
2026-10-09T23:37Z,5610,g98e5,1.969
2026-10-09T23:37Z,5614,g95e5,1.819
2026-10-09T23:37Z,5614,g98e5,1.959
2026-10-09T23:37Z,5618,gA,1.990
2026-10-09T23:37Z,5618,gP,2.060
2026-10-09T23:37Z,5619,gA,1.970
2026-10-09T23:37Z,5619,gP,2.020
2026-10-09T23:37Z,5620,gA,1.965
2026-10-09T23:37Z,5620,gP,2.070
2026-10-09T23:37Z,5624,gA,1.959
2026-10-09T23:37Z,5624,gP,2.069
2026-10-09T23:37Z,5644,g95e5,1.819
2026-10-09T23:37Z,5644,gA,1.959
2026-10-09T23:37Z,5644,g98e5,1.979
2026-10-09T23:37Z,5644,g95e5p,1.879
2026-10-09T23:37Z,5644,gB,1.815
2026-10-09T23:37Z,5649,g95e5,1.775
2026-10-09T23:37Z,5649,gA,1.975
2026-10-09T23:37Z,5649,g98e5,1.935
2026-10-09T23:37Z,5649,gB,1.859
2026-10-09T23:37Z,5651,g95e5,1.839
2026-10-09T23:37Z,5651,gA,2.009
2026-10-09T23:37Z,5651,gP,2.109
2026-10-09T23:37Z,5651,g98e5,1.999
2026-10-09T23:37Z,5654,g95e5,1.825
2026-10-09T23:37Z,5654,gA,1.945
2026-10-09T23:37Z,5654,g98e5,1.985
2026-10-09T23:37Z,5656,g95e5,1.765
2026-10-09T23:37Z,5656,gA,1.909
2026-10-09T23:37Z,5656,gP,2.009
2026-10-09T23:37Z,5656,g98e5,1.915
2026-10-09T23:37Z,5657,g95e5,1.859
2026-10-09T23:37Z,5657,gA,1.985
2026-10-09T23:37Z,5666,g95e5,1.875
2026-10-09T23:37Z,5666,gA,1.945
2026-10-09T23:37Z,5666,gP,2.035
2026-10-09T23:37Z,5666,g98e5,2.015
2026-10-09T23:37Z,5667,g95e5,1.875
2026-10-09T23:37Z,5667,gA,1.945
2026-10-09T23:37Z,5667,gP,2.035
2026-10-09T23:37Z,5667,g98e5,2.015
2026-10-09T23:37Z,5668,g95e5,1.815
2026-10-09T23:37Z,5668,gA,1.909
2026-10-09T23:37Z,5668,gP,1.999
2026-10-09T23:37Z,5668,g98e5,1.955
2026-10-09T23:37Z,5688,gA,1.944
2026-10-09T23:37Z,5688,gP,2.085
2026-10-09T23:37Z,5696,gA,1.974
2026-10-09T23:37Z,5696,gP,2.075
2026-10-09T23:37Z,5697,gA,1.954
2026-10-09T23:37Z,5697,gP,2.065
2026-10-09T23:37Z,5698,gA,1.994
2026-10-09T23:37Z,5698,gP,2.095
2026-10-09T23:37Z,5700,gA,1.964
2026-10-09T23:37Z,5700,gP,2.095
2026-10-09T23:37Z,5701,g95e5,1.949
2026-10-09T23:37Z,5705,gA,1.999
2026-10-09T23:37Z,5705,gP,2.030
2026-10-09T23:37Z,5706,gA,1.999
2026-10-09T23:37Z,5706,gP,2.070
2026-10-09T23:37Z,5708,gP,2.035
2026-10-09T23:37Z,5714,g95e5,1.775
2026-10-09T23:37Z,5714,gA,1.959
2026-10-09T23:37Z,5715,g95e5,1.799
2026-10-09T23:37Z,5715,gA,1.989
2026-10-09T23:37Z,5715,gP,2.039
2026-10-09T23:37Z,5715,g98e5,1.909
2026-10-09T23:37Z,5719,gA,1.975
2026-10-09T23:37Z,5721,g95e5,1.799
2026-10-09T23:37Z,5721,gA,1.925
2026-10-09T23:37Z,5721,gP,1.975
2026-10-09T23:37Z,5721,g98e5,1.959
2026-10-09T23:37Z,5721,g95e5p,1.859
2026-10-09T23:37Z,5721,gB,1.875
2026-10-09T23:37Z,5723,g95e5,1.829
2026-10-09T23:37Z,5723,gA,1.995
2026-10-09T23:37Z,5723,g98e5,1.949
2026-10-09T23:37Z,5723,gB,1.859
2026-10-09T23:37Z,5726,gA,1.905
2026-10-09T23:37Z,5726,g98e5,1.939
2026-10-09T23:37Z,5728,g95e5,1.819
2026-10-09T23:37Z,5728,gA,1.925
2026-10-09T23:37Z,5728,gP,2.025
2026-10-09T23:37Z,5728,g98e5,1.959
2026-10-09T23:37Z,5729,g95e5,1.789
2026-10-09T23:37Z,5729,gP,2.089
2026-10-09T23:37Z,5729,gB,1.849
2026-10-09T23:37Z,5732,g95e5,1.795
2026-10-09T23:37Z,5732,gA,1.935
2026-10-09T23:37Z,5732,gP,2.035
2026-10-09T23:37Z,5732,g98e5,1.955
2026-10-09T23:37Z,5732,gB,1.775
2026-10-09T23:37Z,5733,g95e5,1.809
2026-10-09T23:37Z,5733,gA,1.935
2026-10-09T23:37Z,5733,g98e5,1.919
2026-10-09T23:37Z,5734,g95e5,1.765
2026-10-09T23:37Z,5734,gA,1.905
2026-10-09T23:37Z,5734,gP,1.985
2026-10-09T23:37Z,5734,g98e5,1.925
2026-10-09T23:37Z,5735,g95e5,1.765
2026-10-09T23:37Z,5735,gA,1.969
2026-10-09T23:37Z,5735,gP,2.019
2026-10-09T23:37Z,5735,g98e5,1.925
2026-10-09T23:37Z,5738,g95e5,1.815
2026-10-09T23:37Z,5738,gA,1.959
2026-10-09T23:37Z,5738,g98e5,1.975
2026-10-09T23:37Z,5738,gB,1.805
2026-10-09T23:37Z,5739,g95e5,1.799
2026-10-09T23:37Z,5739,gA,1.929
2026-10-09T23:37Z,5739,gP,2.019
2026-10-09T23:37Z,5739,g98e5,1.939
2026-10-09T23:37Z,5744,g95e5,1.829
2026-10-09T23:37Z,5744,gA,1.999
2026-10-09T23:37Z,5744,g98e5,1.939
2026-10-09T23:37Z,5744,g95e5p,1.899
2026-10-09T23:37Z,5745,g95e5,1.799
2026-10-09T23:37Z,5745,gA,1.975
2026-10-09T23:37Z,5745,g98e5,1.939
2026-10-09T23:37Z,5746,g95e5,1.939
2026-10-09T23:37Z,5746,gA,2.019
2026-10-09T23:37Z,5746,gP,2.129
2026-10-09T23:37Z,5746,g98e5,2.079
2026-10-09T23:37Z,5746,g95e5p,1.989
2026-10-09T23:37Z,5752,g95e5,1.765
2026-10-09T23:37Z,5752,gA,1.969
2026-10-09T23:37Z,5752,g98e5,1.925
2026-10-09T23:37Z,5752,gB,1.775
2026-10-09T23:37Z,5755,gP,1.995
2026-10-09T23:37Z,5755,g98e5,1.969
2026-10-09T23:37Z,5758,g95e5,1.815
2026-10-09T23:37Z,5758,gA,1.925
2026-10-09T23:37Z,5758,gP,2.025
2026-10-09T23:37Z,5758,g98e5,1.975
2026-10-09T23:37Z,5760,g95e5,1.829
2026-10-09T23:37Z,5760,gA,1.949
2026-10-09T23:37Z,5760,g98e5,1.979
2026-10-09T23:37Z,5760,gB,1.769
2026-10-09T23:37Z,5762,g95e5,1.799
2026-10-09T23:37Z,5762,gA,1.925
2026-10-09T23:37Z,5762,gP,2.025
2026-10-09T23:37Z,5762,g95e5p,1.859
2026-10-09T23:37Z,5767,g95e5,1.805
2026-10-09T23:37Z,5767,gA,1.949
2026-10-09T23:37Z,5768,g95e5,1.805
2026-10-09T23:37Z,5768,gA,1.949
2026-10-09T23:37Z,5768,gP,2.049
2026-10-09T23:37Z,5770,g95e5,1.805
2026-10-09T23:37Z,5770,gA,1.969
2026-10-09T23:37Z,5770,g95e5p,1.875
2026-10-09T23:37Z,5770,gB,1.759
2026-10-09T23:37Z,5774,g95e5,1.799
2026-10-09T23:37Z,5774,gA,1.939
2026-10-09T23:37Z,5774,gP,1.989
2026-10-09T23:37Z,5774,g98e5,1.959
2026-10-09T23:37Z,5775,g95e5,1.775
2026-10-09T23:37Z,5775,gA,1.959
2026-10-09T23:37Z,5775,g98e5,1.935
2026-10-09T23:37Z,5782,g95e5,1.829
2026-10-09T23:37Z,5782,gA,1.989
2026-10-09T23:37Z,5782,gP,2.039
2026-10-09T23:37Z,5782,g95e5p,1.899
2026-10-09T23:37Z,5783,gA,1.975
2026-10-09T23:37Z,5783,g98e5,2.009
2026-10-09T23:37Z,5784,g95e5,1.809
2026-10-09T23:37Z,5784,gA,1.945
2026-10-09T23:37Z,5784,gP,2.035
2026-10-09T23:37Z,5784,g98e5,1.949
2026-10-09T23:37Z,5785,g95e5,1.845
2026-10-09T23:37Z,5785,gA,1.925
2026-10-09T23:37Z,5785,g98e5,1.995
2026-10-09T23:37Z,5786,gA,2.020
2026-10-09T23:37Z,5786,gP,2.105
2026-10-09T23:37Z,5787,g95e5,1.819
2026-10-09T23:37Z,5787,gA,1.915
2026-10-09T23:37Z,5787,gP,2.005
2026-10-09T23:37Z,5787,g98e5,1.959
2026-10-09T23:37Z,5788,g95e5,1.809
2026-10-09T23:37Z,5788,gA,1.945
2026-10-09T23:37Z,5788,gP,2.035
2026-10-09T23:37Z,5788,g98e5,1.949
2026-10-09T23:37Z,5789,g95e5,1.799
2026-10-09T23:37Z,5789,gA,1.935
2026-10-09T23:37Z,5789,gP,2.035
2026-10-09T23:37Z,5789,g95e5p,1.859
2026-10-09T23:37Z,5792,g95e5,1.845
2026-10-09T23:37Z,5792,g98e5,1.985
2026-10-09T23:37Z,5794,g95e5,1.749
2026-10-09T23:37Z,5794,gA,1.849
2026-10-09T23:37Z,5794,gP,1.899
2026-10-09T23:37Z,5794,g95e5p,1.799
2026-10-09T23:37Z,5797,g95e5,1.809
2026-10-09T23:37Z,5797,gA,1.999
2026-10-09T23:37Z,5797,g98e5,1.919
2026-10-09T23:37Z,5798,g95e5,1.829
2026-10-09T23:37Z,5798,gA,2.005
2026-10-09T23:37Z,5798,g98e5,1.989
2026-10-09T23:37Z,5798,gB,1.855
2026-10-09T23:37Z,5799,g95e5,1.869
2026-10-09T23:37Z,5799,gA,2.009
2026-10-09T23:37Z,5799,gP,2.099
2026-10-09T23:37Z,5799,g98e5,2.009
2026-10-09T23:37Z,5800,g95e5,1.845
2026-10-09T23:37Z,5800,gA,1.975
2026-10-09T23:37Z,5800,g95e5p,1.905
2026-10-09T23:37Z,5800,gB,1.899
2026-10-09T23:37Z,5805,g95e5,1.765
2026-10-09T23:37Z,5805,gA,1.909
2026-10-09T23:37Z,5805,gP,2.009
2026-10-09T23:37Z,5805,g98e5,1.915
2026-10-09T23:37Z,5806,g95e5,1.859
2026-10-09T23:37Z,5806,gA,1.989
2026-10-09T23:37Z,5806,gP,2.079
2026-10-09T23:37Z,5806,g98e5,1.979
2026-10-09T23:37Z,5807,g95e5,1.829
2026-10-09T23:37Z,5807,gA,1.935
2026-10-09T23:37Z,5807,g98e5,1.939
2026-10-09T23:37Z,5808,g95e5,1.829
2026-10-09T23:37Z,5808,gA,1.925
2026-10-09T23:37Z,5808,gP,1.975
2026-10-09T23:37Z,5808,g98e5,1.989
2026-10-09T23:37Z,5809,g95e5,1.775
2026-10-09T23:37Z,5809,gA,1.959
2026-10-09T23:37Z,5809,g98e5,1.935
2026-10-09T23:37Z,5809,gB,1.865
2026-10-09T23:37Z,5816,g95e5,1.829
2026-10-09T23:37Z,5816,gA,2.029
2026-10-09T23:37Z,5816,gP,2.079
2026-10-09T23:37Z,5816,g98e5,1.969
2026-10-09T23:37Z,5859,gA,1.965
2026-10-09T23:37Z,5859,gB,1.785
2026-10-09T23:37Z,5870,g95e5,1.839
2026-10-09T23:37Z,5870,gA,2.029
2026-10-09T23:37Z,5870,g98e5,1.949
2026-10-09T23:37Z,5872,gA,1.994
2026-10-09T23:37Z,5872,gP,2.085
2026-10-09T23:37Z,5872,gB,1.829
2026-10-09T23:37Z,5876,gA,2.010
2026-10-09T23:37Z,5876,gP,2.115
2026-10-09T23:37Z,5877,gA,2.020
2026-10-09T23:37Z,5877,gP,2.115
2026-10-09T23:37Z,5881,g95e5,1.775
2026-10-09T23:37Z,5881,gA,1.975
2026-10-09T23:37Z,5881,gP,2.055
2026-10-09T23:37Z,5887,g95e5,1.819
2026-10-09T23:37Z,5887,gB,1.689
2026-10-09T23:37Z,5890,g95e5,1.785
2026-10-09T23:37Z,5890,gA,2.029
2026-10-09T23:37Z,5890,gP,2.079
2026-10-09T23:37Z,5890,gB,1.725
2026-10-09T23:37Z,5894,gA,2.039
2026-10-09T23:37Z,5894,gP,2.129
2026-10-09T23:37Z,5894,gB,1.849
2026-10-09T23:37Z,5898,g95e5,1.815
2026-10-09T23:37Z,5898,gA,1.975
2026-10-09T23:37Z,5898,gP,2.065
2026-10-09T23:37Z,5900,g95e5,1.779
2026-10-09T23:37Z,5900,gA,1.975
2026-10-09T23:37Z,5900,gP,2.025
2026-10-09T23:37Z,5900,g98e5,1.939
2026-10-09T23:37Z,5903,g95e5,1.785
2026-10-09T23:37Z,5903,gA,2.005
2026-10-09T23:37Z,5903,g98e5,1.935
2026-10-09T23:37Z,5905,g95e5,1.819
2026-10-09T23:37Z,5905,gB,1.689
2026-10-09T23:37Z,5906,g95e5,1.775
2026-10-09T23:37Z,5906,gA,1.965
2026-10-09T23:37Z,5906,gP,2.045
2026-10-09T23:37Z,5906,gB,1.769
2026-10-09T23:37Z,5907,g95e5,1.775
2026-10-09T23:37Z,5907,gA,1.975
2026-10-09T23:37Z,5907,gP,2.075
2026-10-09T23:37Z,5909,g95e5,1.775
2026-10-09T23:37Z,5909,gA,1.965
2026-10-09T23:37Z,5909,gP,2.065
2026-10-09T23:37Z,5910,g95e5,1.795
2026-10-09T23:37Z,5915,gA,1.994
2026-10-09T23:37Z,5915,gP,2.074
2026-10-09T23:37Z,5916,g95e5,1.829
2026-10-09T23:37Z,5916,gA,2.029
2026-10-09T23:37Z,5920,g95e5,1.775
2026-10-09T23:37Z,5920,gA,1.975
2026-10-09T23:37Z,5920,gB,1.769
2026-10-09T23:37Z,5923,g95e5,1.775
2026-10-09T23:37Z,5923,gA,2.009
2026-10-09T23:37Z,5925,g95e5,1.775
2026-10-09T23:37Z,5925,gA,1.965
2026-10-09T23:37Z,5925,gP,2.065
2026-10-09T23:37Z,5926,g95e5,1.789
2026-10-09T23:37Z,5926,gA,1.969
2026-10-09T23:37Z,5928,g95e5,1.785
2026-10-09T23:37Z,5928,gA,1.975
2026-10-09T23:37Z,5928,gP,2.075
2026-10-09T23:37Z,5928,g98e5,1.945
2026-10-09T23:37Z,5931,g95e5,1.839
2026-10-09T23:37Z,5931,gA,2.029
2026-10-09T23:37Z,5931,gP,2.079
2026-10-09T23:37Z,5931,g98e5,1.999
2026-10-09T23:37Z,5932,g95e5,1.819
2026-10-09T23:37Z,5936,gA,2.029
2026-10-09T23:37Z,5936,gP,2.079
2026-10-09T23:37Z,5936,g98e5,1.935
2026-10-09T23:37Z,5938,g95e5,1.775
2026-10-09T23:37Z,5938,gA,1.965
2026-10-09T23:37Z,5938,gB,1.769
2026-10-09T23:37Z,5940,g95e5,1.795
2026-10-09T23:37Z,5940,gA,1.995
2026-10-09T23:37Z,5940,gP,2.045
2026-10-09T23:37Z,5940,gB,1.815
2026-10-09T23:37Z,5943,g95e5,1.825
2026-10-09T23:37Z,5943,gA,1.999
2026-10-09T23:37Z,5943,gP,2.049
2026-10-09T23:37Z,5943,g98e5,1.965
2026-10-09T23:37Z,5945,g95e5,1.775
2026-10-09T23:37Z,5945,gA,1.975
2026-10-09T23:37Z,5945,g98e5,1.935
2026-10-09T23:37Z,5945,gB,1.725
2026-10-09T23:37Z,5946,g95e5,1.829
2026-10-09T23:37Z,5946,gA,2.029
2026-10-09T23:37Z,5946,gP,2.079
2026-10-09T23:37Z,5946,g98e5,1.939
2026-10-09T23:37Z,5947,g95e5,1.815
2026-10-09T23:37Z,5947,gA,2.005
2026-10-09T23:37Z,5947,gP,2.055
2026-10-09T23:37Z,5947,g98e5,1.975
2026-10-09T23:37Z,5949,gA,1.919
2026-10-09T23:37Z,5950,g95e5,1.775
2026-10-09T23:37Z,5950,gA,1.975
2026-10-09T23:37Z,5951,g95e5,1.815
2026-10-09T23:37Z,5951,gA,2.019
2026-10-09T23:37Z,5951,gP,2.069
2026-10-09T23:37Z,5951,g98e5,1.975
2026-10-09T23:37Z,5958,g95e5,1.775
2026-10-09T23:37Z,5958,gA,1.965
2026-10-09T23:37Z,5958,gP,2.045
2026-10-09T23:37Z,5959,gA,2.004
2026-10-09T23:37Z,5959,gP,2.100
2026-10-09T23:37Z,5959,gB,1.809
2026-10-09T23:37Z,5962,gA,2.004
2026-10-09T23:37Z,5962,gP,2.100
2026-10-09T23:37Z,5968,gA,2.020
2026-10-09T23:37Z,5968,gP,2.085
2026-10-09T23:37Z,5969,gA,1.985
2026-10-09T23:37Z,5969,gP,2.035
2026-10-09T23:37Z,5969,g98e5,1.955
2026-10-09T23:37Z,5970,gA,1.985
2026-10-09T23:37Z,5970,gP,2.035
2026-10-09T23:37Z,5970,g98e5,1.955
2026-10-09T23:37Z,5974,g95e5,1.799
2026-10-09T23:37Z,5974,gA,1.984
2026-10-09T23:37Z,5974,gP,2.074
2026-10-09T23:37Z,5974,g98e5,1.939
2026-10-09T23:37Z,5975,g95e5,1.809
2026-10-09T23:37Z,5975,gA,1.955
2026-10-09T23:37Z,5975,gP,2.005
2026-10-09T23:37Z,5977,gA,1.955
2026-10-09T23:37Z,5977,gP,2.025
2026-10-09T23:37Z,5978,g95e5,1.785
2026-10-09T23:37Z,5978,gA,1.949
2026-10-09T23:37Z,5978,g98e5,1.945
2026-10-09T23:37Z,5982,g95e5,1.815
2026-10-09T23:37Z,5982,gA,1.939
2026-10-09T23:37Z,5983,g95e5,1.849
2026-10-09T23:37Z,5983,gA,1.979
2026-10-09T23:37Z,5983,gP,2.029
2026-10-09T23:37Z,5984,g95e5,1.849
2026-10-09T23:37Z,5984,gA,1.979
2026-10-09T23:37Z,5984,gP,2.029
2026-10-09T23:37Z,5984,g98e5,1.979
2026-10-09T23:37Z,5986,g95e5,1.879
2026-10-09T23:37Z,5986,gA,1.989
2026-10-09T23:37Z,5986,gP,2.049
2026-10-09T23:37Z,5986,g98e5,1.999
2026-10-09T23:37Z,5988,gA,1.955
2026-10-09T23:37Z,5988,g98e5,1.939
2026-10-09T23:37Z,5989,g95e5,1.815
2026-10-09T23:37Z,5989,gA,1.939
2026-10-09T23:37Z,5991,gA,1.980
2026-10-09T23:37Z,5991,gP,2.065
2026-10-09T23:37Z,5993,g95e5,1.889
2026-10-09T23:37Z,5993,gA,1.999
2026-10-09T23:37Z,5993,g98e5,2.009
2026-10-09T23:37Z,5994,g95e5,1.889
2026-10-09T23:37Z,5994,gA,1.999
2026-10-09T23:37Z,5994,gP,2.059
2026-10-09T23:37Z,5994,g98e5,2.009
2026-10-09T23:37Z,5995,gA,1.955
2026-10-09T23:37Z,5995,gP,2.055
2026-10-09T23:37Z,5995,g98e5,1.939
2026-10-09T23:37Z,5998,g95e5,1.809
2026-10-09T23:37Z,5998,gA,1.949
2026-10-09T23:37Z,5998,gP,1.999
2026-10-09T23:37Z,5999,g95e5,1.789
2026-10-09T23:37Z,5999,gA,1.969
2026-10-09T23:37Z,5999,gP,2.069
2026-10-09T23:37Z,5999,g98e5,1.949
2026-10-09T23:37Z,6000,g95e5,1.789
2026-10-09T23:37Z,6000,gA,1.969
2026-10-09T23:37Z,6000,gP,2.069
2026-10-09T23:37Z,6000,g98e5,1.949
2026-10-09T23:37Z,6006,gA,1.959
2026-10-09T23:37Z,6006,gP,2.020
2026-10-09T23:37Z,6010,g95e5,1.819
2026-10-09T23:37Z,6010,gA,2.009
2026-10-09T23:37Z,6010,gP,2.079
2026-10-09T23:37Z,6011,g95e5,1.835
2026-10-09T23:37Z,6011,gA,1.935
2026-10-09T23:37Z,6011,gP,1.985
2026-10-09T23:37Z,6011,g98e5,1.995
2026-10-09T23:37Z,6021,g95e5,1.815
2026-10-09T23:37Z,6021,gA,1.969
2026-10-09T23:37Z,6021,gP,2.059
2026-10-09T23:37Z,6021,g98e5,1.955
2026-10-09T23:37Z,6022,g95e5,1.815
2026-10-09T23:37Z,6022,gA,1.969
2026-10-09T23:37Z,6022,gP,2.059
2026-10-09T23:37Z,6023,gA,2.015
2026-10-09T23:37Z,6023,g98e5,2.005
2026-10-09T23:37Z,6024,g95e5,1.779
2026-10-09T23:37Z,6024,gA,1.979
2026-10-09T23:37Z,6024,g98e5,1.939
2026-10-09T23:37Z,6024,gB,1.739
2026-10-09T23:37Z,6027,gA,1.965
2026-10-09T23:37Z,6027,g98e5,1.939
2026-10-09T23:37Z,6027,gB,1.715
2026-10-09T23:37Z,6029,gA,1.955
2026-10-09T23:37Z,6029,gP,2.055
2026-10-09T23:37Z,6030,g95e5,1.789
2026-10-09T23:37Z,6030,gA,1.979
2026-10-09T23:37Z,6030,gP,2.079
2026-10-09T23:37Z,6030,g98e5,1.949
2026-10-09T23:37Z,6032,gA,1.955
2026-10-09T23:37Z,6032,gP,2.005
2026-10-09T23:37Z,6034,gA,1.955
2026-10-09T23:37Z,6034,gP,2.055
2026-10-09T23:37Z,6037,gA,1.965
2026-10-09T23:37Z,6038,g95e5,1.829
2026-10-09T23:37Z,6038,gA,1.935
2026-10-09T23:37Z,6038,g98e5,1.939
2026-10-09T23:37Z,6039,gA,1.985
2026-10-09T23:37Z,6039,gP,2.035
2026-10-09T23:37Z,6039,g98e5,1.959
2026-10-09T23:37Z,6040,gA,1.985
2026-10-09T23:37Z,6040,gP,2.035
2026-10-09T23:37Z,6040,g98e5,1.959
2026-10-09T23:37Z,6042,g95e5,1.809
2026-10-09T23:37Z,6042,gA,1.945
2026-10-09T23:37Z,6042,gB,1.735
2026-10-09T23:37Z,6048,gA,1.979
2026-10-09T23:37Z,6052,g95e5,1.815
2026-10-09T23:37Z,6052,gA,1.935
2026-10-09T23:37Z,6053,g95e5,1.879
2026-10-09T23:37Z,6053,gA,1.989
2026-10-09T23:37Z,6053,gP,2.049
2026-10-09T23:37Z,6053,g98e5,1.999
2026-10-09T23:37Z,6054,g95e5,1.809
2026-10-09T23:37Z,6054,gA,1.935
2026-10-09T23:37Z,6054,gP,2.035
2026-10-09T23:37Z,6055,gA,1.989
2026-10-09T23:37Z,6055,g98e5,1.979
2026-10-09T23:37Z,6056,g95e5,1.819
2026-10-09T23:37Z,6056,gA,1.969
2026-10-09T23:37Z,6056,gP,2.019
2026-10-09T23:37Z,6056,g98e5,1.929
2026-10-09T23:37Z,6056,g95e5p,1.879
2026-10-09T23:37Z,6057,g95e5,1.819
2026-10-09T23:37Z,6057,gA,2.009
2026-10-09T23:37Z,6057,gP,2.059
2026-10-09T23:37Z,6057,g98e5,1.979
2026-10-09T23:37Z,6058,g95e5,1.815
2026-10-09T23:37Z,6058,gA,1.979
2026-10-09T23:37Z,6058,g98e5,1.975
2026-10-09T23:37Z,6059,g95e5,1.855
2026-10-09T23:37Z,6059,gA,1.975
2026-10-09T23:37Z,6061,gA,2.005
2026-10-09T23:37Z,6061,gP,2.055
2026-10-09T23:37Z,6061,g98e5,1.899
2026-10-09T23:37Z,6062,gA,2.005
2026-10-09T23:37Z,6062,gP,2.055
2026-10-09T23:37Z,6062,g98e5,1.899
2026-10-09T23:37Z,6066,gA,2.010
2026-10-09T23:37Z,6066,gP,2.075
2026-10-09T23:37Z,6067,gA,2.030
2026-10-09T23:37Z,6067,gP,2.095
2026-10-09T23:37Z,6075,g95e5,1.759
2026-10-09T23:37Z,6075,gA,1.859
2026-10-09T23:37Z,6075,gP,1.919
2026-10-09T23:37Z,6086,g95e5,1.754
2026-10-09T23:37Z,6086,gA,1.854
2026-10-09T23:37Z,6086,gP,1.904
2026-10-09T23:37Z,6086,g95e5p,1.804
2026-10-09T23:37Z,6101,gA,2.020
2026-10-09T23:37Z,6101,gP,2.085
2026-10-09T23:37Z,6103,gA,2.020
2026-10-09T23:37Z,6103,gB,1.804
2026-10-09T23:37Z,6107,gA,2.014
2026-10-09T23:37Z,6107,gP,2.105
2026-10-09T23:37Z,6107,gB,1.904
2026-10-09T23:37Z,6112,gA,1.955
2026-10-09T23:37Z,6112,gP,2.055
2026-10-09T23:37Z,6116,gA,1.975
2026-10-09T23:37Z,6116,gP,2.085
2026-10-09T23:37Z,6116,gB,1.834
2026-10-09T23:37Z,6120,gA,1.955
2026-10-09T23:37Z,6120,gP,2.055
2026-10-09T23:37Z,6121,gA,1.985
2026-10-09T23:37Z,6121,gP,2.045
2026-10-09T23:37Z,6131,gA,1.970
2026-10-09T23:37Z,6131,gP,2.060
2026-10-09T23:37Z,6140,gA,2.030
2026-10-09T23:37Z,6140,gP,2.105
2026-10-09T23:37Z,6141,gA,2.030
2026-10-09T23:37Z,6141,gP,2.105
2026-10-09T23:37Z,6144,gA,1.999
2026-10-09T23:37Z,6144,gP,2.050
2026-10-09T23:37Z,6146,g95e5,1.835
2026-10-09T23:37Z,6146,gA,1.979
2026-10-09T23:37Z,6146,gP,2.069
2026-10-09T23:37Z,6146,g98e5,1.975
2026-10-09T23:37Z,6147,g95e5,1.835
2026-10-09T23:37Z,6147,gA,1.979
2026-10-09T23:37Z,6147,gP,2.069
2026-10-09T23:37Z,6147,g98e5,1.975
2026-10-09T23:37Z,6148,gA,1.984
2026-10-09T23:37Z,6148,gP,2.105
2026-10-09T23:37Z,6150,gA,1.999
2026-10-09T23:37Z,6150,gP,2.070
2026-10-09T23:37Z,6150,gB,1.824
2026-10-09T23:37Z,6163,gA,1.945
2026-10-09T23:37Z,6163,gP,2.055
2026-10-09T23:37Z,6164,g95e5,1.799
2026-10-09T23:37Z,6164,gA,1.979
2026-10-09T23:37Z,6164,gP,2.029
2026-10-09T23:37Z,6164,gB,1.715
2026-10-09T23:37Z,6165,gA,2.030
2026-10-09T23:37Z,6165,gP,2.105
2026-10-09T23:37Z,6168,g95e5,1.825
2026-10-09T23:37Z,6168,gA,1.959
2026-10-09T23:37Z,6168,gP,2.029
2026-10-09T23:37Z,6170,gA,1.969
2026-10-09T23:37Z,6170,gP,2.039
2026-10-09T23:37Z,6170,g98e5,1.975
2026-10-09T23:37Z,6173,gA,2.010
2026-10-09T23:37Z,6173,gP,2.135
2026-10-09T23:37Z,6176,g95e5,1.895
2026-10-09T23:37Z,6176,gA,2.019
2026-10-09T23:37Z,6176,g98e5,2.055
2026-10-09T23:37Z,6178,g95e5,1.895
2026-10-09T23:37Z,6178,gA,2.035
2026-10-09T23:37Z,6178,g98e5,2.085
2026-10-09T23:37Z,6178,gB,1.855
2026-10-09T23:37Z,6181,g95e5,1.895
2026-10-09T23:37Z,6181,gA,2.025
2026-10-09T23:37Z,6181,g98e5,2.005
2026-10-09T23:37Z,6181,g95e5p,1.965
2026-10-09T23:37Z,6182,g95e5,1.795
2026-10-09T23:37Z,6182,gA,1.955
2026-10-09T23:37Z,6182,gP,2.025
2026-10-09T23:37Z,6182,g98e5,1.955
2026-10-09T23:37Z,6183,g95e5,1.789
2026-10-09T23:37Z,6183,gA,1.955
2026-10-09T23:37Z,6183,gP,2.025
2026-10-09T23:37Z,6183,g98e5,1.949
2026-10-09T23:37Z,6186,g95e5,1.835
2026-10-09T23:37Z,6186,gA,1.959
2026-10-09T23:37Z,6188,g95e5,1.835
2026-10-09T23:37Z,6188,gA,1.959
2026-10-09T23:37Z,6188,gP,2.009
2026-10-09T23:37Z,6188,g98e5,1.995
2026-10-09T23:37Z,6194,g95e5,1.839
2026-10-09T23:37Z,6194,gA,1.975
2026-10-09T23:37Z,6194,g98e5,1.999
2026-10-09T23:37Z,6195,g95e5,1.789
2026-10-09T23:37Z,6195,gA,1.969
2026-10-09T23:37Z,6195,gP,2.019
2026-10-09T23:37Z,6197,g95e5,1.869
2026-10-09T23:37Z,6197,gA,1.975
2026-10-09T23:37Z,6197,g98e5,2.029
2026-10-09T23:37Z,6198,g95e5,1.879
2026-10-09T23:37Z,6198,gA,1.975
2026-10-09T23:37Z,6198,g98e5,2.039
2026-10-09T23:37Z,6198,g95e5p,1.949
2026-10-09T23:37Z,6202,g95e5,1.835
2026-10-09T23:37Z,6202,g98e5,1.995
2026-10-09T23:37Z,6204,g95e5,1.809
2026-10-09T23:37Z,6204,gA,1.935
2026-10-09T23:37Z,6204,g98e5,1.969
2026-10-09T23:37Z,6206,g95e5,1.785
2026-10-09T23:37Z,6206,gA,1.945
2026-10-09T23:37Z,6206,g98e5,1.945
2026-10-09T23:37Z,6207,g95e5,1.785
2026-10-09T23:37Z,6207,gA,1.919
2026-10-09T23:37Z,6207,gP,2.019
2026-10-09T23:37Z,6207,g98e5,1.945
2026-10-09T23:37Z,6208,g95e5,1.819
2026-10-09T23:37Z,6208,gA,1.989
2026-10-09T23:37Z,6208,g98e5,1.969
2026-10-09T23:37Z,6208,gB,1.735
2026-10-09T23:37Z,6211,g95e5,1.829
2026-10-09T23:37Z,6211,gA,2.015
2026-10-09T23:37Z,6211,gP,2.065
2026-10-09T23:37Z,6211,g98e5,1.989
2026-10-09T23:37Z,6213,g95e5,1.789
2026-10-09T23:37Z,6213,gA,1.969
2026-10-09T23:37Z,6213,g98e5,1.949
2026-10-09T23:37Z,6215,g95e5,1.805
2026-10-09T23:37Z,6215,gA,1.975
2026-10-09T23:37Z,6215,g98e5,1.965
2026-10-09T23:37Z,6217,g95e5,1.815
2026-10-09T23:37Z,6217,gA,1.919
2026-10-09T23:37Z,6220,g95e5,1.869
2026-10-09T23:37Z,6220,gA,1.985
2026-10-09T23:37Z,6220,g98e5,2.019
2026-10-09T23:37Z,6222,g95e5,1.875
2026-10-09T23:37Z,6222,gA,1.989
2026-10-09T23:37Z,6222,gP,2.059
2026-10-09T23:37Z,6222,g98e5,2.035
2026-10-09T23:37Z,6222,g95e5p,1.955
2026-10-09T23:37Z,6227,g95e5,1.895
2026-10-09T23:37Z,6227,gA,2.029
2026-10-09T23:37Z,6227,g98e5,2.055
2026-10-09T23:37Z,6230,g95e5,1.795
2026-10-09T23:37Z,6230,gA,1.935
2026-10-09T23:37Z,6230,gP,2.005
2026-10-09T23:37Z,6230,g98e5,1.945
2026-10-09T23:37Z,6232,g95e5,1.799
2026-10-09T23:37Z,6232,gA,1.909
2026-10-09T23:37Z,6232,g98e5,1.959
2026-10-09T23:37Z,6233,g95e5,1.895
2026-10-09T23:37Z,6233,gA,2.025
2026-10-09T23:37Z,6233,g98e5,2.005
2026-10-09T23:37Z,6236,g95e5,1.789
2026-10-09T23:37Z,6236,gA,2.015
2026-10-09T23:37Z,6236,gP,2.115
2026-10-09T23:37Z,6236,g98e5,1.949
2026-10-09T23:37Z,6238,g95e5,1.835
2026-10-09T23:37Z,6238,gA,2.015
2026-10-09T23:37Z,6238,g98e5,1.995
2026-10-09T23:37Z,6238,gB,1.789
2026-10-09T23:37Z,6240,g95e5,1.805
2026-10-09T23:37Z,6240,gP,2.069
2026-10-09T23:37Z,6241,g95e5,1.805
2026-10-09T23:37Z,6241,gA,1.995
2026-10-09T23:37Z,6241,gP,2.075
2026-10-09T23:37Z,6244,g95e5,1.799
2026-10-09T23:37Z,6244,gA,1.925
2026-10-09T23:37Z,6246,g95e5,1.839
2026-10-09T23:37Z,6246,gA,2.009
2026-10-09T23:37Z,6246,g98e5,1.989
2026-10-09T23:37Z,6247,g95e5,1.839
2026-10-09T23:37Z,6247,gA,1.975
2026-10-09T23:37Z,6252,g95e5,1.839
2026-10-09T23:37Z,6252,gA,1.975
2026-10-09T23:37Z,6255,g95e5,1.869
2026-10-09T23:37Z,6255,gA,2.009
2026-10-09T23:37Z,6255,g98e5,1.979
2026-10-09T23:37Z,6255,g95e5p,1.939
2026-10-09T23:37Z,6259,g95e5,1.875
2026-10-09T23:37Z,6259,gA,1.989
2026-10-09T23:37Z,6259,g98e5,2.035
2026-10-09T23:37Z,6260,g95e5,1.865
2026-10-09T23:37Z,6260,gA,1.985
2026-10-09T23:37Z,6260,g98e5,2.025
2026-10-09T23:37Z,6261,g95e5,1.795
2026-10-09T23:37Z,6261,gA,1.935
2026-10-09T23:37Z,6268,gA,1.949
2026-10-09T23:37Z,6268,gP,1.999
2026-10-09T23:37Z,6271,g95e5,1.785
2026-10-09T23:37Z,6271,gA,1.925
2026-10-09T23:37Z,6271,g98e5,1.945
2026-10-09T23:37Z,6275,g95e5,1.819
2026-10-09T23:37Z,6275,gA,1.945
2026-10-09T23:37Z,6275,gB,1.735
2026-10-09T23:37Z,6276,g95e5,1.855
2026-10-09T23:37Z,6276,gA,1.995
2026-10-09T23:37Z,6276,gP,2.045
2026-10-09T23:37Z,6276,g98e5,2.015
2026-10-09T23:37Z,6276,g95e5p,1.935
2026-10-09T23:37Z,6277,g95e5,1.865
2026-10-09T23:37Z,6277,gA,1.995
2026-10-09T23:37Z,6277,g98e5,2.025
2026-10-09T23:37Z,6277,g95e5p,1.945
2026-10-09T23:37Z,6278,g95e5,1.815
2026-10-09T23:37Z,6278,gA,1.975
2026-10-09T23:37Z,6278,gP,2.025
2026-10-09T23:37Z,6278,g98e5,1.975
2026-10-09T23:37Z,6283,g95e5,1.815
2026-10-09T23:37Z,6283,gA,1.949
2026-10-09T23:37Z,6283,gP,2.019
2026-10-09T23:37Z,6283,gB,1.715
2026-10-09T23:37Z,6287,gA,1.975
2026-10-09T23:37Z,6287,gP,2.065
2026-10-09T23:37Z,6288,gA,1.975
2026-10-09T23:37Z,6288,gP,2.065
2026-10-09T23:37Z,6289,g95e5,1.785
2026-10-09T23:37Z,6289,gA,1.929
2026-10-09T23:37Z,6289,g98e5,1.945
2026-10-09T23:37Z,6290,gA,1.979
2026-10-09T23:37Z,6290,gP,2.029
2026-10-09T23:37Z,6290,g98e5,2.039
2026-10-09T23:37Z,6291,gA,1.989
2026-10-09T23:37Z,6291,gP,2.049
2026-10-09T23:37Z,6291,glp,1.269
2026-10-09T23:37Z,6291,gB,1.789
2026-10-09T23:37Z,6294,g95e5,1.835
2026-10-09T23:37Z,6294,gP,2.089
2026-10-09T23:37Z,6294,g98e5,1.995
2026-10-09T23:37Z,6295,g95e5,1.835
2026-10-09T23:37Z,6295,gA,1.999
2026-10-09T23:37Z,6295,g98e5,1.945
2026-10-09T23:37Z,6296,g95e5,1.835
2026-10-09T23:37Z,6296,gA,1.999
2026-10-09T23:37Z,6296,g98e5,1.995
2026-10-09T23:37Z,6296,g95e5p,1.905
2026-10-09T23:37Z,6300,g95e5,1.795
2026-10-09T23:37Z,6300,gA,1.955
2026-10-09T23:37Z,6300,g98e5,1.955
2026-10-09T23:37Z,6303,gA,1.985
2026-10-09T23:37Z,6303,gP,2.035
2026-10-09T23:37Z,6303,g98e5,1.979
2026-10-09T23:37Z,6303,gB,1.735
2026-10-09T23:37Z,6306,g95e5,1.779
2026-10-09T23:37Z,6306,gA,1.929
2026-10-09T23:37Z,6306,gP,2.029
2026-10-09T23:37Z,6306,g98e5,1.959
2026-10-09T23:37Z,6307,g95e5,1.775
2026-10-09T23:37Z,6307,gA,1.989
2026-10-09T23:37Z,6307,gP,2.039
2026-10-09T23:37Z,6311,gA,1.969
2026-10-09T23:37Z,6311,gP,2.039
2026-10-09T23:37Z,6311,g98e5,1.965
2026-10-09T23:37Z,6312,g95e5,1.829
2026-10-09T23:37Z,6312,g98e5,1.989
2026-10-09T23:37Z,6312,g95e5p,1.899
2026-10-09T23:37Z,6313,g95e5,1.839
2026-10-09T23:37Z,6313,gA,1.975
2026-10-09T23:37Z,6313,g98e5,1.999
2026-10-09T23:37Z,6314,g95e5,1.835
2026-10-09T23:37Z,6314,gA,1.969
2026-10-09T23:37Z,6314,gP,2.019
2026-10-09T23:37Z,6314,gB,1.715
2026-10-09T23:37Z,6316,g95e5,1.809
2026-10-09T23:37Z,6316,gA,1.935
2026-10-09T23:37Z,6316,g98e5,1.969
2026-10-09T23:37Z,6317,g95e5,1.809
2026-10-09T23:37Z,6317,gA,1.989
2026-10-09T23:37Z,6317,g98e5,1.969
2026-10-09T23:37Z,6318,g95e5,1.795
2026-10-09T23:37Z,6318,gA,2.015
2026-10-09T23:37Z,6318,g98e5,1.955
2026-10-09T23:37Z,6319,g95e5,1.795
2026-10-09T23:37Z,6319,gA,1.999
2026-10-09T23:37Z,6319,gP,2.079
2026-10-09T23:37Z,6319,g98e5,1.955
2026-10-09T23:37Z,6323,g95e5,1.839
2026-10-09T23:37Z,6323,gA,1.979
2026-10-09T23:37Z,6323,gP,2.029
2026-10-09T23:37Z,6327,g95e5,1.895
2026-10-09T23:37Z,6327,gA,2.009
2026-10-09T23:37Z,6327,gP,2.059
2026-10-09T23:37Z,6328,g95e5,1.789
2026-10-09T23:37Z,6328,gA,1.979
2026-10-09T23:37Z,6328,gP,2.079
2026-10-09T23:37Z,6328,g98e5,1.949
2026-10-09T23:37Z,6330,g95e5,1.839
2026-10-09T23:37Z,6330,gA,2.009
2026-10-09T23:37Z,6330,g98e5,1.989
2026-10-09T23:37Z,6334,gA,1.985
2026-10-09T23:37Z,6334,g98e5,1.979
2026-10-09T23:37Z,6337,gA,1.955
2026-10-09T23:37Z,6337,gP,2.055
2026-10-09T23:37Z,6339,g95e5,1.839
2026-10-09T23:37Z,6339,gA,1.975
2026-10-09T23:37Z,6339,g98e5,1.999
2026-10-09T23:37Z,6339,gB,1.825
2026-10-09T23:37Z,6342,g95e5,1.839
2026-10-09T23:37Z,6342,gA,1.975
2026-10-09T23:37Z,6342,g98e5,1.999
2026-10-09T23:37Z,6344,g95e5,1.839
2026-10-09T23:37Z,6344,gA,1.985
2026-10-09T23:37Z,6344,g98e5,1.999
2026-10-09T23:37Z,6345,g95e5,1.879
2026-10-09T23:37Z,6345,gA,2.019
2026-10-09T23:37Z,6345,gP,2.069
2026-10-09T23:37Z,6345,g98e5,2.039
2026-10-09T23:37Z,6346,g95e5,1.795
2026-10-09T23:37Z,6346,gA,1.959
2026-10-09T23:37Z,6346,gP,2.009
2026-10-09T23:37Z,6346,g95e5p,1.865
2026-10-09T23:37Z,6350,g95e5,1.785
2026-10-09T23:37Z,6350,gA,1.949
2026-10-09T23:37Z,6350,gP,1.999
2026-10-09T23:37Z,6350,g98e5,1.895
2026-10-09T23:37Z,6350,g95e5p,1.855
2026-10-09T23:37Z,6351,g95e5,1.795
2026-10-09T23:37Z,6351,gA,1.945
2026-10-09T23:37Z,6351,gP,1.995
2026-10-09T23:37Z,6351,g98e5,1.955
2026-10-09T23:37Z,6353,g95e5,1.819
2026-10-09T23:37Z,6353,gA,1.945
2026-10-09T23:37Z,6353,g98e5,1.969
2026-10-09T23:37Z,6356,g95e5,1.889
2026-10-09T23:37Z,6356,gA,2.015
2026-10-09T23:37Z,6356,gP,2.065
2026-10-09T23:37Z,6357,gA,1.964
2026-10-09T23:37Z,6358,g95e5,1.789
2026-10-09T23:37Z,6358,gA,1.969
2026-10-09T23:37Z,6358,g98e5,1.949
2026-10-09T23:37Z,6359,g95e5,1.835
2026-10-09T23:37Z,6359,g98e5,1.945
2026-10-09T23:37Z,6360,g95e5,1.855
2026-10-09T23:37Z,6360,gA,1.995
2026-10-09T23:37Z,6360,g98e5,2.015
2026-10-09T23:37Z,6363,g95e5,1.799
2026-10-09T23:37Z,6363,gA,1.925
2026-10-09T23:37Z,6363,gP,2.025
2026-10-09T23:37Z,6363,g98e5,1.959
2026-10-09T23:37Z,6364,g95e5,1.785
2026-10-09T23:37Z,6364,gA,1.909
2026-10-09T23:37Z,6364,g98e5,1.945
2026-10-09T23:37Z,6364,gB,1.715
2026-10-09T23:37Z,6366,g95e5,1.850
2026-10-09T23:37Z,6366,gA,1.975
2026-10-09T23:37Z,6366,gP,2.025
2026-10-09T23:37Z,6367,g95e5,1.819
2026-10-09T23:37Z,6367,gA,1.989
2026-10-09T23:37Z,6367,g98e5,1.969
2026-10-09T23:37Z,6371,g95e5,1.789
2026-10-09T23:37Z,6371,gA,1.955
2026-10-09T23:37Z,6371,gP,2.045
2026-10-09T23:37Z,6371,g98e5,1.949
2026-10-09T23:37Z,6373,g95e5,1.799
2026-10-09T23:37Z,6373,gA,1.925
2026-10-09T23:37Z,6373,gP,2.025
2026-10-09T23:37Z,6373,gB,1.735
2026-10-09T23:37Z,6374,g95e5,1.789
2026-10-09T23:37Z,6374,gA,1.975
2026-10-09T23:37Z,6374,gP,2.055
2026-10-09T23:37Z,6374,gB,1.769
2026-10-09T23:37Z,6376,g95e5,1.789
2026-10-09T23:37Z,6376,gA,1.955
2026-10-09T23:37Z,6376,gP,2.055
2026-10-09T23:37Z,6376,g98e5,1.949
2026-10-09T23:37Z,6379,g95e5,1.899
2026-10-09T23:37Z,6379,gA,2.019
2026-10-09T23:37Z,6379,gP,2.079
2026-10-09T23:37Z,6379,g98e5,2.019
2026-10-09T23:37Z,6380,g95e5,1.785
2026-10-09T23:37Z,6380,gA,1.945
2026-10-09T23:37Z,6380,gP,2.045
2026-10-09T23:37Z,6389,g95e5,1.835
2026-10-09T23:37Z,6389,gA,2.015
2026-10-09T23:37Z,6389,g98e5,1.945
2026-10-09T23:37Z,6390,g95e5,1.835
2026-10-09T23:37Z,6390,gP,2.019
2026-10-09T23:37Z,6390,g98e5,1.995
2026-10-09T23:37Z,6398,g95e5,1.835
2026-10-09T23:37Z,6398,gA,2.015
2026-10-09T23:37Z,6398,g98e5,1.995
2026-10-09T23:37Z,6398,gB,1.779
2026-10-09T23:37Z,6399,g95e5,1.859
2026-10-09T23:37Z,6399,gA,1.979
2026-10-09T23:37Z,6403,g95e5,1.789
2026-10-09T23:37Z,6403,gA,1.985
2026-10-09T23:37Z,6403,gP,2.035
2026-10-09T23:37Z,6403,g98e5,1.949
2026-10-09T23:37Z,6404,g95e5,1.825
2026-10-09T23:37Z,6404,gA,1.955
2026-10-09T23:37Z,6404,g98e5,1.985
2026-10-09T23:37Z,6404,g95e5p,1.885
2026-10-09T23:37Z,6406,g95e5,1.895
2026-10-09T23:37Z,6406,gA,1.995
2026-10-09T23:37Z,6406,gP,2.045
2026-10-09T23:37Z,6406,g98e5,2.055
2026-10-09T23:37Z,6407,g95e5,1.835
2026-10-09T23:37Z,6407,gA,2.015
2026-10-09T23:37Z,6407,g98e5,1.945
2026-10-09T23:37Z,6410,g95e5,1.775
2026-10-09T23:37Z,6410,gA,1.945
2026-10-09T23:37Z,6411,g95e5,1.829
2026-10-09T23:37Z,6411,gA,2.015
2026-10-09T23:37Z,6411,g98e5,1.989
2026-10-09T23:37Z,6412,g95e5,1.829
2026-10-09T23:37Z,6412,gA,2.015
2026-10-09T23:37Z,6412,g98e5,1.989
2026-10-09T23:37Z,6413,g95e5,1.875
2026-10-09T23:37Z,6413,gA,1.979
2026-10-09T23:37Z,6413,g98e5,2.035
2026-10-09T23:37Z,6413,g95e5p,1.945
2026-10-09T23:37Z,6413,gB,1.809
2026-10-09T23:37Z,6424,gA,1.915
2026-10-09T23:37Z,6424,gP,2.035
2026-10-09T23:37Z,6426,gA,1.955
2026-10-09T23:37Z,6426,gP,2.065
2026-10-09T23:37Z,6427,g95e5,1.799
2026-10-09T23:37Z,6428,g95e5,1.799
2026-10-09T23:37Z,6446,g95e5,1.689
2026-10-09T23:37Z,6448,g95e5,1.819
2026-10-09T23:37Z,6448,gA,1.915
2026-10-09T23:37Z,6448,gP,2.005
2026-10-09T23:37Z,6448,g98e5,1.959
2026-10-09T23:37Z,6452,gA,1.985
2026-10-09T23:37Z,6452,gP,2.125
2026-10-09T23:37Z,6471,g95e5,1.839
2026-10-09T23:37Z,6471,gA,1.939
2026-10-09T23:37Z,6471,gP,1.989
2026-10-09T23:37Z,6471,g95e5p,1.889
2026-10-09T23:37Z,6478,g95e5,1.779
2026-10-09T23:37Z,6478,gA,1.869
2026-10-09T23:37Z,6478,gP,1.919
2026-10-09T23:37Z,6484,gA,2.024
2026-10-09T23:37Z,6484,gP,2.125
2026-10-09T23:37Z,6486,g95e5,1.795
2026-10-09T23:37Z,6486,gA,1.935
2026-10-09T23:37Z,6499,gA,2.024
2026-10-09T23:37Z,6499,gP,2.125
2026-10-09T23:37Z,6501,gA,2.015
2026-10-09T23:37Z,6501,gP,2.095
2026-10-09T23:37Z,6501,gB,1.869
2026-10-09T23:37Z,6509,gA,1.995
2026-10-09T23:37Z,6509,gP,2.105
2026-10-09T23:37Z,6517,gA,1.969
2026-10-09T23:37Z,6522,gA,1.954
2026-10-09T23:37Z,6522,gP,2.065
2026-10-09T23:37Z,6555,g95e5,1.829
2026-10-09T23:37Z,6555,gA,1.939
2026-10-09T23:37Z,6555,gP,2.029
2026-10-09T23:37Z,6555,g98e5,1.969
2026-10-09T23:37Z,6564,g95e5,1.825
2026-10-09T23:37Z,6564,gA,1.969
2026-10-09T23:37Z,6564,gP,2.019
2026-10-09T23:37Z,6568,g95e5,1.789
2026-10-09T23:37Z,6568,gA,1.905
2026-10-09T23:37Z,6568,g98e5,1.949
2026-10-09T23:37Z,6568,g95e5p,1.869
2026-10-09T23:37Z,6569,g95e5,1.818
2026-10-09T23:37Z,6569,gA,1.939
2026-10-09T23:37Z,6569,gP,2.055
2026-10-09T23:37Z,6569,g95e5p,1.878
2026-10-09T23:37Z,6584,gA,1.965
2026-10-09T23:37Z,6584,gP,2.065
2026-10-09T23:37Z,6590,g95e5,1.795
2026-10-09T23:37Z,6590,gA,1.935
2026-10-09T23:37Z,6590,gP,2.035
2026-10-09T23:37Z,6590,g98e5,1.955
2026-10-09T23:37Z,6599,gA,1.970
2026-10-09T23:37Z,6599,gP,2.055
2026-10-09T23:37Z,6612,gA,2.040
2026-10-09T23:37Z,6612,gP,2.125
2026-10-09T23:37Z,6615,gA,2.024
2026-10-09T23:37Z,6615,gP,2.125
2026-10-09T23:37Z,6622,g95e5,1.775
2026-10-09T23:37Z,6622,gA,2.019
2026-10-09T23:37Z,6622,g98e5,1.935
2026-10-09T23:37Z,6623,g95e5,1.799
2026-10-09T23:37Z,6623,gA,1.975
2026-10-09T23:37Z,6623,g98e5,1.939
2026-10-09T23:37Z,6627,gA,2.010
2026-10-09T23:37Z,6627,gP,2.135
2026-10-09T23:37Z,6632,g95e5,1.785
2026-10-09T23:37Z,6632,gA,1.985
2026-10-09T23:37Z,6632,gP,2.035
2026-10-09T23:37Z,6632,g95e5p,1.845
2026-10-09T23:37Z,6639,g95e5,1.719
2026-10-09T23:37Z,6639,gA,1.859
2026-10-09T23:37Z,6641,g95e5,1.779
2026-10-09T23:37Z,6641,gA,1.979
2026-10-09T23:37Z,6644,g95e5,1.775
2026-10-09T23:37Z,6644,gA,2.005
2026-10-09T23:37Z,6644,gP,2.075
2026-10-09T23:37Z,6644,gB,1.819
2026-10-09T23:37Z,6652,gA,2.010
2026-10-09T23:37Z,6652,gP,2.095
2026-10-09T23:37Z,6652,gB,1.814
2026-10-09T23:37Z,6665,g95e5,1.849
2026-10-09T23:37Z,6665,gA,1.935
2026-10-09T23:37Z,6665,gP,1.985
2026-10-09T23:37Z,6665,g98e5,1.999
2026-10-09T23:37Z,6678,g95e5,1.775
2026-10-09T23:37Z,6678,gA,2.009
2026-10-09T23:37Z,6678,gB,1.805
2026-10-09T23:37Z,6681,g95e5,1.855
2026-10-09T23:37Z,6681,gA,1.965
2026-10-09T23:37Z,6681,gP,2.065
2026-10-09T23:37Z,6682,g95e5,1.855
2026-10-09T23:37Z,6682,gA,1.965
2026-10-09T23:37Z,6682,g98e5,1.965
2026-10-09T23:37Z,6686,g95e5,1.775
2026-10-09T23:37Z,6686,gA,1.965
2026-10-09T23:37Z,6686,gP,2.065
2026-10-09T23:37Z,6686,gB,1.759
2026-10-09T23:37Z,6688,g95e5,1.825
2026-10-09T23:37Z,6688,gA,1.969
2026-10-09T23:37Z,6688,gP,2.019
2026-10-09T23:37Z,6690,g95e5,1.839
2026-10-09T23:37Z,6690,gA,1.989
2026-10-09T23:37Z,6690,g98e5,1.949
2026-10-09T23:37Z,6690,g95e5p,1.909
2026-10-09T23:37Z,6692,g95e5,1.799
2026-10-09T23:37Z,6694,gA,1.959
2026-10-09T23:37Z,6695,gA,1.959
2026-10-09T23:37Z,6699,g95e5,1.825
2026-10-09T23:37Z,6699,gA,1.925
2026-10-09T23:37Z,6699,gP,1.975
2026-10-09T23:37Z,6699,g98e5,1.985
2026-10-09T23:37Z,6699,g95e5p,1.905
2026-10-09T23:37Z,6700,g95e5,1.795
2026-10-09T23:37Z,6700,gA,1.939
2026-10-09T23:37Z,6700,gP,2.039
2026-10-09T23:37Z,6700,g98e5,1.955
2026-10-09T23:37Z,6703,g95e5,1.829
2026-10-09T23:37Z,6703,gA,1.985
2026-10-09T23:37Z,6703,g98e5,1.989
2026-10-09T23:37Z,6706,gA,2.020
2026-10-09T23:37Z,6706,gP,2.095
2026-10-09T23:37Z,6706,gB,1.884
2026-10-09T23:37Z,6711,g95e5,1.809
2026-10-09T23:37Z,6711,gA,1.925
2026-10-09T23:37Z,6711,gP,2.025
2026-10-09T23:37Z,6711,g98e5,1.969
2026-10-09T23:37Z,6713,g95e5,1.765
2026-10-09T23:37Z,6713,gA,1.905
2026-10-09T23:37Z,6713,g98e5,1.925
2026-10-09T23:37Z,6713,gB,1.735
2026-10-09T23:37Z,6715,g95e5,1.799
2026-10-09T23:37Z,6715,gA,1.985
2026-10-09T23:37Z,6715,g95e5p,1.869
2026-10-09T23:37Z,6716,gA,1.989
2026-10-09T23:37Z,6716,gP,2.039
2026-10-09T23:37Z,6716,g98e5,1.979
2026-10-09T23:37Z,6718,g95e5,1.789
2026-10-09T23:37Z,6718,gA,1.959
2026-10-09T23:37Z,6718,gP,2.059
2026-10-09T23:37Z,6721,g95e5,1.825
2026-10-09T23:37Z,6721,gA,1.935
2026-10-09T23:37Z,6721,g98e5,1.985
2026-10-09T23:37Z,6721,g95e5p,1.895
2026-10-09T23:37Z,6722,g95e5,1.765
2026-10-09T23:37Z,6722,gA,1.905
2026-10-09T23:37Z,6723,gA,1.999
2026-10-09T23:37Z,6723,gP,2.049
2026-10-09T23:37Z,6725,g95e5,1.809
2026-10-09T23:37Z,6725,g98e5,1.949
2026-10-09T23:37Z,6731,g95e5,1.825
2026-10-09T23:37Z,6731,gA,1.929
2026-10-09T23:37Z,6731,gP,2.019
2026-10-09T23:37Z,6731,g98e5,1.965
2026-10-09T23:37Z,6737,g95e5,1.849
2026-10-09T23:37Z,6737,gA,1.975
2026-10-09T23:37Z,6737,gB,1.805
2026-10-09T23:37Z,6743,gA,2.014
2026-10-09T23:37Z,6743,gP,2.125
2026-10-09T23:37Z,6744,gA,2.014
2026-10-09T23:37Z,6744,gP,2.125
2026-10-09T23:37Z,6745,g95e5,1.789
2026-10-09T23:37Z,6745,gA,1.975
2026-10-09T23:37Z,6745,g98e5,1.949
2026-10-09T23:37Z,6746,g95e5,1.789
2026-10-09T23:37Z,6746,gA,1.975
2026-10-09T23:37Z,6746,g98e5,1.949
2026-10-09T23:37Z,6749,gA,1.969
2026-10-09T23:37Z,6751,g95e5,1.809
2026-10-09T23:37Z,6751,gA,1.989
2026-10-09T23:37Z,6751,gB,1.859
2026-10-09T23:37Z,6770,gA,2.020
2026-10-09T23:37Z,6770,gP,2.105
2026-10-09T23:37Z,6773,gA,2.059
2026-10-09T23:37Z,6778,gA,2.020
2026-10-09T23:37Z,6778,gP,2.105
2026-10-09T23:37Z,6778,gB,1.884
2026-10-09T23:37Z,6780,gA,2.020
2026-10-09T23:37Z,6780,gP,2.125
2026-10-09T23:37Z,6780,gB,1.884
2026-10-09T23:37Z,6788,gA,2.020
2026-10-09T23:37Z,6788,gP,2.095
2026-10-09T23:37Z,6788,gB,1.884
2026-10-09T23:37Z,6789,gA,2.020
2026-10-09T23:37Z,6789,gP,2.095
2026-10-09T23:37Z,6790,gA,2.020
2026-10-09T23:37Z,6790,gP,2.105
2026-10-09T23:37Z,6794,g95e5,1.775
2026-10-09T23:37Z,6799,gA,1.925
2026-10-09T23:37Z,6799,gP,2.025
2026-10-09T23:37Z,6799,g98e5,1.969
2026-10-09T23:37Z,6800,g95e5,1.775
2026-10-09T23:37Z,6800,gA,1.959
2026-10-09T23:37Z,6802,g95e5,1.805
2026-10-09T23:37Z,6802,gA,2.015
2026-10-09T23:37Z,6803,g95e5,1.775
2026-10-09T23:37Z,6803,gA,1.959
2026-10-09T23:37Z,6803,g98e5,1.935
2026-10-09T23:37Z,6807,g95e5,1.835
2026-10-09T23:37Z,6807,gA,1.925
2026-10-09T23:37Z,6807,gP,1.975
2026-10-09T23:37Z,6807,g98e5,1.945
2026-10-09T23:37Z,6807,g95e5p,1.905
2026-10-09T23:37Z,6808,g95e5,1.835
2026-10-09T23:37Z,6808,gA,1.925
2026-10-09T23:37Z,6808,gP,1.975
2026-10-09T23:37Z,6808,g98e5,1.945
2026-10-09T23:37Z,6808,g95e5p,1.905
2026-10-09T23:37Z,6809,g95e5,1.819
2026-10-09T23:37Z,6809,gA,1.925
2026-10-09T23:37Z,6809,gP,2.005
2026-10-09T23:37Z,6809,g98e5,1.969
2026-10-09T23:37Z,6810,g95e5,1.775
2026-10-09T23:37Z,6810,gA,1.965
2026-10-09T23:37Z,6810,gB,1.865
2026-10-09T23:37Z,6811,g95e5,1.775
2026-10-09T23:37Z,6811,gA,1.959
2026-10-09T23:37Z,6811,g95e5p,1.845
2026-10-09T23:37Z,6811,gB,1.759
2026-10-09T23:37Z,6812,g95e5,1.799
2026-10-09T23:37Z,6812,gA,1.925
2026-10-09T23:37Z,6812,gP,1.975
2026-10-09T23:37Z,6812,g98e5,1.959
2026-10-09T23:37Z,6812,g95e5p,1.859
2026-10-09T23:37Z,6813,g95e5,1.825
2026-10-09T23:37Z,6813,gA,1.925
2026-10-09T23:37Z,6813,g95e5p,1.895
2026-10-09T23:37Z,6814,g95e5,1.775
2026-10-09T23:37Z,6814,gA,1.969
2026-10-09T23:37Z,6814,gB,1.765
2026-10-09T23:37Z,6815,g95e5,1.765
2026-10-09T23:37Z,6815,gA,1.905
2026-10-09T23:37Z,6815,g98e5,1.925
2026-10-09T23:37Z,6815,gB,1.735
2026-10-09T23:37Z,6819,gA,2.004
2026-10-09T23:37Z,6819,gP,2.125
2026-10-09T23:37Z,6822,g95e5,1.895
2026-10-09T23:37Z,6822,gA,1.999
2026-10-09T23:37Z,6824,g95e5,1.789
2026-10-09T23:37Z,6824,gA,1.965
2026-10-09T23:37Z,6824,gP,2.015
2026-10-09T23:37Z,6824,g98e5,1.949
2026-10-09T23:37Z,6826,g95e5,1.835
2026-10-09T23:37Z,6826,gA,1.975
2026-10-09T23:37Z,6826,g98e5,1.995
2026-10-09T23:37Z,6826,g95e5p,1.895
2026-10-09T23:37Z,6830,g95e5,1.819
2026-10-09T23:37Z,6830,gA,1.915
2026-10-09T23:37Z,6830,gP,2.005
2026-10-09T23:37Z,6830,g98e5,1.959
2026-10-09T23:37Z,6831,g95e5,1.855
2026-10-09T23:37Z,6831,gA,1.945
2026-10-09T23:37Z,6831,gP,1.995
2026-10-09T23:37Z,6831,g98e5,1.995
2026-10-09T23:37Z,6832,g95e5,1.885
2026-10-09T23:37Z,6832,gA,1.999
2026-10-09T23:37Z,6832,g95e5p,1.955
2026-10-09T23:37Z,6833,g95e5,1.839
2026-10-09T23:37Z,6833,gA,2.025
2026-10-09T23:37Z,6833,g98e5,1.969
2026-10-09T23:37Z,6833,g95e5p,1.909
2026-10-09T23:37Z,6837,g95e5,1.819
2026-10-09T23:37Z,6837,g98e5,1.959
2026-10-09T23:37Z,6838,gA,1.965
2026-10-09T23:37Z,6838,gP,2.045
2026-10-09T23:37Z,6838,gB,1.815
2026-10-09T23:37Z,6840,g95e5,1.805
2026-10-09T23:37Z,6840,gA,1.935
2026-10-09T23:37Z,6841,g95e5,1.805
2026-10-09T23:37Z,6841,gP,2.065
2026-10-09T23:37Z,6842,g95e5,1.865
2026-10-09T23:37Z,6842,gP,2.015
2026-10-09T23:37Z,6842,g98e5,1.975
2026-10-09T23:37Z,6843,g95e5,1.835
2026-10-09T23:37Z,6843,gA,1.925
2026-10-09T23:37Z,6843,g98e5,1.995
2026-10-09T23:37Z,6843,g95e5p,1.915
2026-10-09T23:37Z,6847,g95e5,1.845
2026-10-09T23:37Z,6847,g98e5,1.985
2026-10-09T23:37Z,6850,g95e5,1.799
2026-10-09T23:37Z,6850,gA,1.925
2026-10-09T23:37Z,6850,gP,2.025
2026-10-09T23:37Z,6850,g98e5,1.959
2026-10-09T23:37Z,6853,g95e5,1.765
2026-10-09T23:37Z,6853,gA,1.905
2026-10-09T23:37Z,6853,g98e5,1.925
2026-10-09T23:37Z,6853,g95e5p,1.835
2026-10-09T23:37Z,6857,g95e5,1.789
2026-10-09T23:37Z,6857,gA,1.959
2026-10-09T23:37Z,6858,g95e5,1.805
2026-10-09T23:37Z,6858,gP,2.005
2026-10-09T23:37Z,6858,g98e5,1.965
2026-10-09T23:37Z,6859,g95e5,1.805
2026-10-09T23:37Z,6859,gP,1.965
2026-10-09T23:37Z,6859,g98e5,1.965
2026-10-09T23:37Z,6861,g95e5,1.835
2026-10-09T23:37Z,6861,gA,2.005
2026-10-09T23:37Z,6861,gP,2.055
2026-10-09T23:37Z,6862,gA,1.945
2026-10-09T23:37Z,6862,g98e5,1.939
2026-10-09T23:37Z,6862,gB,1.775
2026-10-09T23:37Z,6864,gA,1.979
2026-10-09T23:37Z,6864,gP,2.079
2026-10-09T23:37Z,6865,g95e5,1.809
2026-10-09T23:37Z,6867,g95e5,1.775
2026-10-09T23:37Z,6867,gA,1.959
2026-10-09T23:37Z,6867,gB,1.805
2026-10-09T23:37Z,6870,g95e5,1.809
2026-10-09T23:37Z,6870,gA,1.925
2026-10-09T23:37Z,6870,g98e5,1.969
2026-10-09T23:37Z,6871,g95e5,1.775
2026-10-09T23:37Z,6871,gA,1.979
2026-10-09T23:37Z,6871,g98e5,1.925
2026-10-09T23:37Z,6871,g95e5p,1.835
2026-10-09T23:37Z,6875,g95e5,1.775
2026-10-09T23:37Z,6875,gA,2.005
2026-10-09T23:37Z,6875,gP,2.085
2026-10-09T23:37Z,6875,g95e5p,1.845
2026-10-09T23:37Z,6876,g95e5,1.829
2026-10-09T23:37Z,6876,gA,1.995
2026-10-09T23:37Z,6876,gP,2.045
2026-10-09T23:37Z,6876,g98e5,1.939
2026-10-09T23:37Z,6876,gB,1.805
2026-10-09T23:37Z,6877,g95e5,1.775
2026-10-09T23:37Z,6877,gA,1.959
2026-10-09T23:37Z,6877,g98e5,1.935
2026-10-09T23:37Z,6877,gB,1.859
2026-10-09T23:37Z,6881,g95e5,1.775
2026-10-09T23:37Z,6881,gA,1.959
2026-10-09T23:37Z,6881,g95e5p,1.845
2026-10-09T23:37Z,6881,gB,1.775
2026-10-09T23:37Z,6882,g95e5,1.799
2026-10-09T23:37Z,6882,gA,1.989
2026-10-09T23:37Z,6882,gP,2.039
2026-10-09T23:37Z,6882,g98e5,1.959
2026-10-09T23:37Z,6887,gA,1.979
2026-10-09T23:37Z,6887,g98e5,1.965
2026-10-09T23:37Z,6887,gB,1.805
2026-10-09T23:37Z,6893,g95e5,1.845
2026-10-09T23:37Z,6893,gA,1.955
2026-10-09T23:37Z,6893,g98e5,1.985
2026-10-09T23:37Z,6894,g95e5,1.799
2026-10-09T23:37Z,6894,gA,1.949
2026-10-09T23:37Z,6894,gP,1.999
2026-10-09T23:37Z,6894,g98e5,1.909
2026-10-09T23:37Z,6894,g95e5p,1.869
2026-10-09T23:37Z,6895,g95e5,1.815
2026-10-09T23:37Z,6895,gA,1.909
2026-10-09T23:37Z,6895,gP,1.999
2026-10-09T23:37Z,6895,g98e5,1.955
2026-10-09T23:37Z,6896,g95e5,1.815
2026-10-09T23:37Z,6896,gA,1.989
2026-10-09T23:37Z,6896,g98e5,1.975
2026-10-09T23:37Z,6897,g95e5,1.829
2026-10-09T23:37Z,6897,gA,2.015
2026-10-09T23:37Z,6897,g98e5,1.989
2026-10-09T23:37Z,6897,gB,1.805
2026-10-09T23:37Z,6898,g95e5,1.819
2026-10-09T23:37Z,6898,gA,2.015
2026-10-09T23:37Z,6898,g98e5,1.979
2026-10-09T23:37Z,6900,g95e5,1.855
2026-10-09T23:37Z,6900,gA,1.965
2026-10-09T23:37Z,6900,gP,2.015
2026-10-09T23:37Z,6904,g95e5,1.799
2026-10-09T23:37Z,6904,gA,1.935
2026-10-09T23:37Z,6904,gP,2.035
2026-10-09T23:37Z,6904,g98e5,1.959
2026-10-09T23:37Z,6905,g95e5,1.799
2026-10-09T23:37Z,6905,gA,1.935
2026-10-09T23:37Z,6905,gP,2.035
2026-10-09T23:37Z,6905,g98e5,1.959
2026-10-09T23:37Z,6907,g95e5,1.849
2026-10-09T23:37Z,6907,gA,1.999
2026-10-09T23:37Z,6907,gB,1.809
2026-10-09T23:37Z,6908,g95e5,1.819
2026-10-09T23:37Z,6908,gA,1.989
2026-10-09T23:37Z,6908,g98e5,1.979
2026-10-09T23:37Z,6908,gB,1.805
2026-10-09T23:37Z,6909,g95e5,1.789
2026-10-09T23:37Z,6909,gA,2.005
2026-10-09T23:37Z,6909,gB,1.865
2026-10-09T23:37Z,6910,g95e5,1.829
2026-10-09T23:37Z,6910,gA,1.975
2026-10-09T23:37Z,6910,g98e5,1.989
2026-10-09T23:37Z,6911,g95e5,1.795
2026-10-09T23:37Z,6911,gA,2.005
2026-10-09T23:37Z,6913,g95e5,1.775
2026-10-09T23:37Z,6913,gA,1.975
2026-10-09T23:37Z,6913,g98e5,1.935
2026-10-09T23:37Z,6913,gB,1.805
2026-10-09T23:37Z,6914,g95e5,1.799
2026-10-09T23:37Z,6914,gA,1.939
2026-10-09T23:37Z,6914,gP,2.039
2026-10-09T23:37Z,6916,g95e5,1.775
2026-10-09T23:37Z,6916,gA,1.959
2026-10-09T23:37Z,6917,g95e5,1.855
2026-10-09T23:37Z,6917,gA,1.925
2026-10-09T23:37Z,6917,gP,1.975
2026-10-09T23:37Z,6917,g98e5,1.965
2026-10-09T23:37Z,6919,g95e5,1.789
2026-10-09T23:37Z,6919,gA,1.969
2026-10-09T23:37Z,6919,gB,1.815
2026-10-09T23:37Z,6921,g95e5,1.775
2026-10-09T23:37Z,6921,gA,1.959
2026-10-09T23:37Z,6921,gB,1.795
2026-10-09T23:37Z,6922,g95e5,1.849
2026-10-09T23:37Z,6922,gA,2.019
2026-10-09T23:37Z,6923,g95e5,1.765
2026-10-09T23:37Z,6923,gA,1.905
2026-10-09T23:37Z,6923,g98e5,1.925
2026-10-09T23:37Z,6923,gB,1.735
2026-10-09T23:37Z,6924,g95e5,1.849
2026-10-09T23:37Z,6924,gA,1.985
2026-10-09T23:37Z,6924,gB,1.809
2026-10-09T23:37Z,6926,g95e5,1.819
2026-10-09T23:37Z,6926,g98e5,1.959
2026-10-09T23:37Z,6928,g95e5,1.775
2026-10-09T23:37Z,6928,gA,1.959
2026-10-09T23:37Z,6928,g98e5,1.935
2026-10-09T23:37Z,6928,gB,1.805
2026-10-09T23:37Z,6929,g95e5,1.805
2026-10-09T23:37Z,6929,gA,2.015
2026-10-09T23:37Z,6929,gP,2.065
2026-10-09T23:37Z,6929,g98e5,1.915
2026-10-09T23:37Z,6930,g95e5,1.805
2026-10-09T23:37Z,6930,gA,2.015
2026-10-09T23:37Z,6930,gP,2.065
2026-10-09T23:37Z,6931,g95e5,1.775
2026-10-09T23:37Z,6931,gA,1.989
2026-10-09T23:37Z,6931,g98e5,1.935
2026-10-09T23:37Z,6931,gB,1.819
2026-10-09T23:37Z,6933,g95e5,1.775
2026-10-09T23:37Z,6933,gA,1.959
2026-10-09T23:37Z,6933,gP,2.009
2026-10-09T23:37Z,6933,g95e5p,1.835
2026-10-09T23:37Z,6933,gB,1.759
2026-10-09T23:37Z,6934,g95e5,1.785
2026-10-09T23:37Z,6934,gA,1.979
2026-10-09T23:37Z,6934,g98e5,1.945
2026-10-09T23:37Z,6934,gB,1.765
2026-10-09T23:37Z,6935,g95e5,1.775
2026-10-09T23:37Z,6935,gA,1.969
2026-10-09T23:37Z,6935,g98e5,1.935
2026-10-09T23:37Z,6935,gB,1.865
2026-10-09T23:37Z,6938,g95e5,1.815
2026-10-09T23:37Z,6938,gA,2.015
2026-10-09T23:37Z,6938,g98e5,1.975
2026-10-09T23:37Z,6938,gB,1.815
2026-10-09T23:37Z,6939,g95e5,1.795
2026-10-09T23:37Z,6939,gA,1.915
2026-10-09T23:37Z,6939,g98e5,1.955
2026-10-09T23:37Z,6940,g95e5,1.829
2026-10-09T23:37Z,6940,gA,1.995
2026-10-09T23:37Z,6940,g98e5,1.949
2026-10-09T23:37Z,6940,gB,1.865
2026-10-09T23:37Z,6941,g95e5,1.849
2026-10-09T23:37Z,6941,gA,1.979
2026-10-09T23:37Z,6942,g95e5,1.775
2026-10-09T23:37Z,6942,gA,1.959
2026-10-09T23:37Z,6943,g95e5,1.775
2026-10-09T23:37Z,6943,gA,1.959
2026-10-09T23:37Z,6943,g98e5,1.935
2026-10-09T23:37Z,6944,g95e5,1.819
2026-10-09T23:37Z,6944,gA,1.959
2026-10-09T23:37Z,6944,g98e5,1.929
2026-10-09T23:37Z,6944,g95e5p,1.879
2026-10-09T23:37Z,6947,g95e5,1.775
2026-10-09T23:37Z,6947,gA,1.959
2026-10-09T23:37Z,6950,g95e5,1.789
2026-10-09T23:37Z,6950,gA,1.995
2026-10-09T23:37Z,6950,gP,2.075
2026-10-09T23:37Z,6950,g95e5p,1.849
2026-10-09T23:37Z,6950,gB,1.819
2026-10-09T23:37Z,6954,g95e5,1.789
2026-10-09T23:37Z,6954,gA,1.959
2026-10-09T23:37Z,6954,gP,2.009
2026-10-09T23:37Z,6955,g95e5,1.879
2026-10-09T23:37Z,6955,gA,2.019
2026-10-09T23:37Z,6955,g98e5,2.039
2026-10-09T23:37Z,6956,g95e5,1.765
2026-10-09T23:37Z,6956,gA,1.925
2026-10-09T23:37Z,6956,gP,2.005
2026-10-09T23:37Z,6956,gB,1.735
2026-10-09T23:37Z,6957,g95e5,1.855
2026-10-09T23:37Z,6957,gA,2.019
2026-10-09T23:37Z,6957,g98e5,2.015
2026-10-09T23:37Z,6958,g95e5,1.765
2026-10-09T23:37Z,6958,gA,1.905
2026-10-09T23:37Z,6958,g98e5,1.925
2026-10-09T23:37Z,6959,g95e5,1.795
2026-10-09T23:37Z,6959,gA,1.935
2026-10-09T23:37Z,6959,gP,2.035
2026-10-09T23:37Z,6959,g98e5,1.955
2026-10-09T23:37Z,6961,gA,1.985
2026-10-09T23:37Z,6961,g98e5,1.935
2026-10-09T23:37Z,6962,g95e5,1.815
2026-10-09T23:37Z,6962,gP,2.039
2026-10-09T23:37Z,6962,g98e5,1.965
2026-10-09T23:37Z,6963,g95e5,1.815
2026-10-09T23:37Z,6963,gP,2.039
2026-10-09T23:37Z,6963,g98e5,1.965
2026-10-09T23:37Z,6964,g95e5,1.835
2026-10-09T23:37Z,6964,gA,2.005
2026-10-09T23:37Z,6966,g95e5,1.829
2026-10-09T23:37Z,6966,gA,2.005
2026-10-09T23:37Z,6966,g98e5,1.939
2026-10-09T23:37Z,6966,gB,1.855
2026-10-09T23:37Z,6967,g95e5,1.799
2026-10-09T23:37Z,6967,gA,1.925
2026-10-09T23:37Z,6969,g95e5,1.829
2026-10-09T23:37Z,6969,gA,2.015
2026-10-09T23:37Z,6969,g98e5,1.989
2026-10-09T23:37Z,6971,g95e5,1.805
2026-10-09T23:37Z,6971,gA,1.925
2026-10-09T23:37Z,6971,g98e5,1.965
2026-10-09T23:37Z,6972,g95e5,1.895
2026-10-09T23:37Z,6972,gA,2.019
2026-10-09T23:37Z,6972,g98e5,2.025
2026-10-09T23:37Z,6972,gB,1.829
2026-10-09T23:37Z,6973,g95e5,1.895
2026-10-09T23:37Z,6973,gA,2.019
2026-10-09T23:37Z,6973,g98e5,2.025
2026-10-09T23:37Z,6973,gB,1.835
2026-10-09T23:37Z,6975,g95e5,1.815
2026-10-09T23:37Z,6975,gA,1.985
2026-10-09T23:37Z,6975,gP,2.055
2026-10-09T23:37Z,6975,g98e5,1.955
2026-10-09T23:37Z,6976,g95e5,1.795
2026-10-09T23:37Z,6976,gA,1.935
2026-10-09T23:37Z,6976,gP,2.035
2026-10-09T23:37Z,6977,g95e5,1.765
2026-10-09T23:37Z,6977,gA,1.909
2026-10-09T23:37Z,6977,gP,2.009
2026-10-09T23:37Z,6977,g98e5,1.915
2026-10-09T23:37Z,6978,g95e5,1.829
2026-10-09T23:37Z,6978,gA,1.935
2026-10-09T23:37Z,6978,gP,1.985
2026-10-09T23:37Z,6978,g98e5,1.969
2026-10-09T23:37Z,6987,g95e5,1.824
2026-10-09T23:37Z,6987,gA,1.969
2026-10-09T23:37Z,6987,gP,2.019
2026-10-09T23:37Z,6987,g95e5p,1.874
2026-10-09T23:37Z,6993,gA,1.925
2026-10-09T23:37Z,6993,gP,2.015
2026-10-09T23:37Z,6997,g95e5,1.749
2026-10-09T23:37Z,6997,gA,1.809
2026-10-09T23:37Z,6997,gP,1.859
2026-10-09T23:37Z,6997,g98e5,1.889
2026-10-09T23:37Z,7002,gA,2.019
2026-10-09T23:37Z,7002,gP,2.139
2026-10-09T23:37Z,7002,gB,1.819
2026-10-09T23:37Z,7011,g95e5,1.769
2026-10-09T23:37Z,7011,gA,1.889
2026-10-09T23:37Z,7011,gP,1.939
2026-10-09T23:37Z,7011,g95e5p,1.819
2026-10-09T23:37Z,7054,gA,2.014
2026-10-09T23:37Z,7054,gP,2.105
2026-10-09T23:37Z,7054,gB,1.909
2026-10-09T23:37Z,7062,g95e5,1.815
2026-10-09T23:37Z,7062,gA,1.925
2026-10-09T23:37Z,7062,gP,2.015
2026-10-09T23:37Z,7064,g95e5,1.819
2026-10-09T23:37Z,7064,gA,1.949
2026-10-09T23:37Z,7064,gP,1.999
2026-10-09T23:37Z,7067,g95e5,1.789
2026-10-09T23:37Z,7067,gA,1.909
2026-10-09T23:37Z,7067,gP,1.959
2026-10-09T23:37Z,7068,g95e5,1.844
2026-10-09T23:37Z,7068,gA,1.984
2026-10-09T23:37Z,7068,gP,2.074
2026-10-09T23:37Z,7068,g95e5p,1.894
2026-10-09T23:37Z,7069,g95e5,1.739
2026-10-09T23:37Z,7069,gA,1.869
2026-10-09T23:37Z,7069,gP,1.919
2026-10-09T23:37Z,7069,g98e5,1.859
2026-10-09T23:37Z,7082,g95e5,1.789
2026-10-09T23:37Z,7082,gA,1.945
2026-10-09T23:37Z,7082,gP,2.025
2026-10-09T23:37Z,7082,g95e5p,1.849
2026-10-09T23:37Z,7086,g95e5,1.855
2026-10-09T23:37Z,7086,gA,1.965
2026-10-09T23:37Z,7086,gP,2.015
2026-10-09T23:37Z,7086,g98e5,2.015
2026-10-09T23:37Z,7088,g95e5,1.859
2026-10-09T23:37Z,7088,gA,1.959
2026-10-09T23:37Z,7088,gP,2.039
2026-10-09T23:37Z,7088,gB,1.709
2026-10-09T23:37Z,7089,g95e5,1.825
2026-10-09T23:37Z,7089,gA,1.975
2026-10-09T23:37Z,7089,g98e5,1.845
2026-10-09T23:37Z,7089,g95e5p,1.895
2026-10-09T23:37Z,7090,gA,1.959
2026-10-09T23:37Z,7090,gP,2.049
2026-10-09T23:37Z,7097,g95e5,1.845
2026-10-09T23:37Z,7097,gA,1.975
2026-10-09T23:37Z,7097,gP,2.055
2026-10-09T23:37Z,7097,g95e5p,1.915
2026-10-09T23:37Z,7100,g95e5,1.855
2026-10-09T23:37Z,7100,gA,1.945
2026-10-09T23:37Z,7100,g98e5,2.015
2026-10-09T23:37Z,7102,gA,1.985
2026-10-09T23:37Z,7102,gP,2.075
2026-10-09T23:37Z,7103,g95e5,1.845
2026-10-09T23:37Z,7103,gA,1.979
2026-10-09T23:37Z,7103,gP,2.079
2026-10-09T23:37Z,7103,g98e5,2.005
2026-10-09T23:37Z,7105,g95e5,1.789
2026-10-09T23:37Z,7105,gA,1.955
2026-10-09T23:37Z,7105,gP,2.055
2026-10-09T23:37Z,7105,g98e5,1.949
2026-10-09T23:37Z,7106,g95e5,1.789
2026-10-09T23:37Z,7106,gA,1.955
2026-10-09T23:37Z,7106,gP,2.055
2026-10-09T23:37Z,7106,g98e5,1.949
2026-10-09T23:37Z,7111,gA,1.999
2026-10-09T23:37Z,7111,g98e5,2.005
2026-10-09T23:37Z,7117,g95e5,1.789
2026-10-09T23:37Z,7117,gA,1.959
2026-10-09T23:37Z,7117,g98e5,1.949
2026-10-09T23:37Z,7119,g95e5,1.865
2026-10-09T23:37Z,7119,gA,1.999
2026-10-09T23:37Z,7119,gP,2.049
2026-10-09T23:37Z,7119,g98e5,1.975
2026-10-09T23:37Z,7120,g95e5,1.789
2026-10-09T23:37Z,7120,gA,1.959
2026-10-09T23:37Z,7120,gP,2.059
2026-10-09T23:37Z,7120,g98e5,1.949
2026-10-09T23:37Z,7120,gB,1.849
2026-10-09T23:37Z,7123,g95e5,1.845
2026-10-09T23:37Z,7123,gA,1.975
2026-10-09T23:37Z,7123,gP,2.055
2026-10-09T23:37Z,7123,g98e5,2.005
2026-10-09T23:37Z,7123,g95e5p,1.915
2026-10-09T23:37Z,7123,gB,1.849
2026-10-09T23:37Z,7129,gA,1.975
2026-10-09T23:37Z,7129,g98e5,1.995
2026-10-09T23:37Z,7130,g95e5,1.845
2026-10-09T23:37Z,7130,gA,1.975
2026-10-09T23:37Z,7130,gP,2.025
2026-10-09T23:37Z,7130,g98e5,1.955
2026-10-09T23:37Z,7131,g95e5,1.899
2026-10-09T23:37Z,7131,gA,2.029
2026-10-09T23:37Z,7131,gP,2.079
2026-10-09T23:37Z,7134,g95e5,1.855
2026-10-09T23:37Z,7134,gA,1.945
2026-10-09T23:37Z,7134,gP,1.995
2026-10-09T23:37Z,7134,g98e5,2.015
2026-10-09T23:37Z,7134,g95e5p,1.935
2026-10-09T23:37Z,7138,g95e5,1.855
2026-10-09T23:37Z,7138,gA,1.979
2026-10-09T23:37Z,7138,g98e5,1.965
2026-10-09T23:37Z,7147,g95e5,1.859
2026-10-09T23:37Z,7147,gA,1.995
2026-10-09T23:37Z,7149,g95e5,1.789
2026-10-09T23:37Z,7149,gA,1.945
2026-10-09T23:37Z,7149,gP,2.045
2026-10-09T23:37Z,7149,g95e5p,1.859
2026-10-09T23:37Z,7150,g95e5,1.795
2026-10-09T23:37Z,7150,gA,1.969
2026-10-09T23:37Z,7150,gP,2.069
2026-10-09T23:37Z,7151,g95e5,1.789
2026-10-09T23:37Z,7151,gA,1.955
2026-10-09T23:37Z,7151,gP,2.055
2026-10-09T23:37Z,7153,g95e5,1.789
2026-10-09T23:37Z,7153,gA,1.949
2026-10-09T23:37Z,7153,gP,2.049
2026-10-09T23:37Z,7154,g95e5,1.859
2026-10-09T23:37Z,7154,gA,1.989
2026-10-09T23:37Z,7154,gP,2.059
2026-10-09T23:37Z,7156,g95e5,1.855
2026-10-09T23:37Z,7156,gA,2.009
2026-10-09T23:37Z,7156,gP,2.059
2026-10-09T23:37Z,7156,g98e5,2.005
2026-10-09T23:37Z,7161,g95e5,1.789
2026-10-09T23:37Z,7161,gA,1.979
2026-10-09T23:37Z,7161,gP,2.029
2026-10-09T23:37Z,7161,g98e5,1.949
2026-10-09T23:37Z,7162,g95e5,1.789
2026-10-09T23:37Z,7162,gA,1.979
2026-10-09T23:37Z,7162,gP,2.029
2026-10-09T23:37Z,7162,g98e5,1.949
2026-10-09T23:37Z,7163,gA,1.975
2026-10-09T23:37Z,7163,gP,2.025
2026-10-09T23:37Z,7163,g98e5,1.959
2026-10-09T23:37Z,7181,gA,1.959
2026-10-09T23:37Z,7181,gP,2.049
2026-10-09T23:37Z,7186,gA,1.959
2026-10-09T23:37Z,7186,gP,2.049
2026-10-09T23:37Z,7192,g95e5,1.859
2026-10-09T23:37Z,7192,gA,1.989
2026-10-09T23:37Z,7192,gP,2.039
2026-10-09T23:37Z,7192,g98e5,1.969
2026-10-09T23:37Z,7192,g95e5p,1.939
2026-10-09T23:37Z,7207,gA,2.025
2026-10-09T23:37Z,7207,gP,2.095
2026-10-09T23:37Z,7209,gA,2.015
2026-10-09T23:37Z,7209,gP,2.095
2026-10-09T23:37Z,7211,gA,1.970
2026-10-09T23:37Z,7211,gP,2.085
2026-10-09T23:37Z,7212,gA,1.970
2026-10-09T23:37Z,7212,gP,2.085
2026-10-09T23:37Z,7213,gA,1.970
2026-10-09T23:37Z,7213,gP,2.085
2026-10-09T23:37Z,7214,gA,1.980
2026-10-09T23:37Z,7214,gP,2.145
2026-10-09T23:37Z,7214,gB,1.849
2026-10-09T23:37Z,7216,gA,2.004
2026-10-09T23:37Z,7216,gP,2.095
2026-10-09T23:37Z,7219,gA,2.024
2026-10-09T23:37Z,7219,gP,2.105
2026-10-09T23:37Z,7222,gA,2.004
2026-10-09T23:37Z,7222,gP,2.095
2026-10-09T23:37Z,7223,gA,2.024
2026-10-09T23:37Z,7223,gP,2.125
2026-10-09T23:37Z,7224,gA,2.039
2026-10-09T23:37Z,7224,g98e5,2.009
2026-10-09T23:37Z,7227,gA,1.959
2026-10-09T23:37Z,7227,gP,2.049
2026-10-09T23:37Z,7230,g95e5,1.855
2026-10-09T23:37Z,7230,gA,1.965
2026-10-09T23:37Z,7230,gP,2.045
2026-10-09T23:37Z,7230,g98e5,2.015
2026-10-09T23:37Z,7232,g95e5,1.845
2026-10-09T23:37Z,7232,gA,1.979
2026-10-09T23:37Z,7232,gP,2.079
2026-10-09T23:37Z,7236,g95e5,1.865
2026-10-09T23:37Z,7236,gA,1.975
2026-10-09T23:37Z,7236,gP,2.025
2026-10-09T23:37Z,7236,g98e5,1.975
2026-10-09T23:37Z,7239,g95e5,1.789
2026-10-09T23:37Z,7239,gA,1.965
2026-10-09T23:37Z,7239,gP,2.015
2026-10-09T23:37Z,7239,g98e5,1.949
2026-10-09T23:37Z,7240,gA,2.029
2026-10-09T23:37Z,7240,gP,2.079
2026-10-09T23:37Z,7240,g98e5,1.999
2026-10-09T23:37Z,7242,g95e5,1.845
2026-10-09T23:37Z,7242,gA,1.975
2026-10-09T23:37Z,7242,gP,2.025
2026-10-09T23:37Z,7243,g95e5,1.855
2026-10-09T23:37Z,7243,gA,1.955
2026-10-09T23:37Z,7243,gP,2.005
2026-10-09T23:37Z,7243,g98e5,2.015
2026-10-09T23:37Z,7245,g95e5,1.789
2026-10-09T23:37Z,7245,gA,1.945
2026-10-09T23:37Z,7245,gP,2.025
2026-10-09T23:37Z,7245,g98e5,1.949
2026-10-09T23:37Z,7246,g95e5,1.855
2026-10-09T23:37Z,7246,gA,2.009
2026-10-09T23:37Z,7246,g98e5,1.965
2026-10-09T23:37Z,7248,g95e5,1.889
2026-10-09T23:37Z,7248,gA,1.975
2026-10-09T23:37Z,7248,g98e5,2.009
2026-10-09T23:37Z,7248,g95e5p,1.969
2026-10-09T23:37Z,7249,g95e5,1.855
2026-10-09T23:37Z,7249,gA,1.945
2026-10-09T23:37Z,7249,gP,1.995
2026-10-09T23:37Z,7249,g98e5,2.015
2026-10-09T23:37Z,7250,g95e5,1.869
2026-10-09T23:37Z,7250,g98e5,2.009
2026-10-09T23:37Z,7257,gA,2.015
2026-10-09T23:37Z,7257,gP,2.115
2026-10-09T23:37Z,7257,g98e5,2.019
2026-10-09T23:37Z,7258,g95e5,1.845
2026-10-09T23:37Z,7258,gA,1.975
2026-10-09T23:37Z,7258,gP,2.055
2026-10-09T23:37Z,7263,g95e5,1.859
2026-10-09T23:37Z,7263,gA,2.009
2026-10-09T23:37Z,7263,gP,2.059
2026-10-09T23:37Z,7263,g98e5,1.969
2026-10-09T23:37Z,7267,g95e5,1.789
2026-10-09T23:37Z,7267,gA,1.959
2026-10-09T23:37Z,7267,g95e5p,1.859
2026-10-09T23:37Z,7267,gB,1.885
2026-10-09T23:37Z,7280,g95e5,1.869
2026-10-09T23:37Z,7280,g98e5,2.009
2026-10-09T23:37Z,7288,g95e5,1.855
2026-10-09T23:37Z,7288,g98e5,1.995
2026-10-09T23:37Z,7290,gA,1.970
2026-10-09T23:37Z,7294,gA,1.974
2026-10-09T23:37Z,7294,gP,2.095
2026-10-09T23:37Z,7294,gB,1.869
2026-10-09T23:37Z,7298,gA,1.974
2026-10-09T23:37Z,7298,gP,2.115
2026-10-09T23:37Z,7300,gA,2.015
2026-10-09T23:37Z,7300,gP,2.125
2026-10-09T23:37Z,7311,g95e5,1.692
2026-10-09T23:37Z,7311,gA,1.849
2026-10-09T23:37Z,7311,gP,1.989
2026-10-09T23:37Z,7317,gA,2.024
2026-10-09T23:37Z,7317,gP,2.125
2026-10-09T23:37Z,7322,g95e5,1.845
2026-10-09T23:37Z,7322,gA,1.975
2026-10-09T23:37Z,7322,gP,2.055
2026-10-09T23:37Z,7322,g98e5,2.005
2026-10-09T23:37Z,7327,gA,1.975
2026-10-09T23:37Z,7327,gP,2.115
2026-10-09T23:37Z,7327,gB,1.869
2026-10-09T23:37Z,7344,gA,2.010
2026-10-09T23:37Z,7344,gP,2.115
2026-10-09T23:37Z,7344,gB,1.869
2026-10-09T23:37Z,7349,gA,1.994
2026-10-09T23:37Z,7349,gP,2.115
2026-10-09T23:37Z,7349,gB,1.919
2026-10-09T23:37Z,7358,g95e5,1.879
2026-10-09T23:37Z,7358,gA,1.989
2026-10-09T23:37Z,7358,gP,2.079
2026-10-09T23:37Z,7358,g98e5,2.019
2026-10-09T23:37Z,7361,g95e5,1.845
2026-10-09T23:37Z,7361,gA,1.975
2026-10-09T23:37Z,7361,g98e5,1.955
2026-10-09T23:37Z,7363,g95e5,1.789
2026-10-09T23:37Z,7363,gA,1.945
2026-10-09T23:37Z,7363,gP,2.015
2026-10-09T23:37Z,7364,g95e5,1.855
2026-10-09T23:37Z,7364,gA,1.985
2026-10-09T23:37Z,7364,gP,2.035
2026-10-09T23:37Z,7364,g98e5,2.015
2026-10-09T23:37Z,7370,g95e5,1.789
2026-10-09T23:37Z,7370,gA,1.955
2026-10-09T23:37Z,7370,gP,2.015
2026-10-09T23:37Z,7372,g95e5,1.789
2026-10-09T23:37Z,7372,gA,1.955
2026-10-09T23:37Z,7372,gP,2.055
2026-10-09T23:37Z,7372,gB,1.849
2026-10-09T23:37Z,7374,g95e5,1.789
2026-10-09T23:37Z,7374,gA,1.945
2026-10-09T23:37Z,7374,gP,2.045
2026-10-09T23:37Z,7374,gB,1.869
2026-10-09T23:37Z,7375,g95e5,1.789
2026-10-09T23:37Z,7375,gA,1.945
2026-10-09T23:37Z,7381,g95e5,1.944
2026-10-09T23:37Z,7383,g95e5,1.805
2026-10-09T23:37Z,7383,gA,1.945
2026-10-09T23:37Z,7383,gP,1.995
2026-10-09T23:37Z,7383,g95e5p,1.865
2026-10-09T23:37Z,7389,g95e5,1.835
2026-10-09T23:37Z,7389,gA,2.009
2026-10-09T23:37Z,7389,gP,2.109
2026-10-09T23:37Z,7389,g98e5,1.995
2026-10-09T23:37Z,7390,g95e5,1.845
2026-10-09T23:37Z,7390,gA,1.979
2026-10-09T23:37Z,7390,gP,2.079
2026-10-09T23:37Z,7390,g98e5,2.005
2026-10-09T23:37Z,7395,g95e5,1.855
2026-10-09T23:37Z,7395,gA,2.009
2026-10-09T23:37Z,7395,gP,2.059
2026-10-09T23:37Z,7395,g98e5,1.965
2026-10-09T23:37Z,7396,g95e5,1.835
2026-10-09T23:37Z,7396,gA,2.009
2026-10-09T23:37Z,7396,g98e5,1.995
2026-10-09T23:37Z,7403,g95e5,1.805
2026-10-09T23:37Z,7403,gA,1.945
2026-10-09T23:37Z,7403,gP,1.995
2026-10-09T23:37Z,7403,g98e5,1.965
2026-10-09T23:37Z,7407,g95e5,1.855
2026-10-09T23:37Z,7407,gA,1.985
2026-10-09T23:37Z,7407,gP,2.075
2026-10-09T23:37Z,7407,g98e5,1.995
2026-10-09T23:37Z,7408,g95e5,1.909
2026-10-09T23:37Z,7408,gA,2.009
2026-10-09T23:37Z,7408,gP,2.059
2026-10-09T23:37Z,7410,g95e5,1.825
2026-10-09T23:37Z,7410,gA,2.009
2026-10-09T23:37Z,7410,gP,2.059
2026-10-09T23:37Z,7410,g98e5,1.985
2026-10-09T23:37Z,7411,g95e5,1.825
2026-10-09T23:37Z,7411,gA,2.009
2026-10-09T23:37Z,7411,gP,2.059
2026-10-09T23:37Z,7411,g98e5,1.985
2026-10-09T23:37Z,7413,g95e5,1.855
2026-10-09T23:37Z,7413,gA,1.969
2026-10-09T23:37Z,7413,g98e5,2.015
2026-10-09T23:37Z,7414,g95e5,1.855
2026-10-09T23:37Z,7414,gA,1.969
2026-10-09T23:37Z,7414,g98e5,2.015
2026-10-09T23:37Z,7417,g95e5,1.845
2026-10-09T23:37Z,7417,gA,1.995
2026-10-09T23:37Z,7417,gP,2.045
2026-10-09T23:37Z,7417,g98e5,1.955
2026-10-09T23:37Z,7418,g95e5,1.889
2026-10-09T23:37Z,7418,gA,1.975
2026-10-09T23:37Z,7418,g98e5,2.009
2026-10-09T23:37Z,7418,g95e5p,1.969
2026-10-09T23:37Z,7420,g95e5,1.909
2026-10-09T23:37Z,7420,gA,2.039
2026-10-09T23:37Z,7421,g95e5,1.909
2026-10-09T23:37Z,7421,gA,2.039
2026-10-09T23:37Z,7422,g95e5,1.845
2026-10-09T23:37Z,7422,gA,1.975
2026-10-09T23:37Z,7422,gP,2.025
2026-10-09T23:37Z,7422,g98e5,1.955
2026-10-09T23:37Z,7423,g95e5,1.845
2026-10-09T23:37Z,7423,gA,1.975
2026-10-09T23:37Z,7423,gP,2.025
2026-10-09T23:37Z,7423,g98e5,1.955
2026-10-09T23:37Z,7425,g95e5,1.845
2026-10-09T23:37Z,7425,gA,1.989
2026-10-09T23:37Z,7425,gP,2.039
2026-10-09T23:37Z,7425,g98e5,1.955
2026-10-09T23:37Z,7426,g95e5,1.845
2026-10-09T23:37Z,7426,gA,1.989
2026-10-09T23:37Z,7426,gP,2.039
2026-10-09T23:37Z,7426,g98e5,1.955
2026-10-09T23:37Z,7427,g95e5,1.855
2026-10-09T23:37Z,7427,gA,1.995
2026-10-09T23:37Z,7427,gP,2.045
2026-10-09T23:37Z,7427,g98e5,2.015
2026-10-09T23:37Z,7430,g95e5,1.849
2026-10-09T23:37Z,7430,gP,2.025
2026-10-09T23:37Z,7430,g98e5,1.959
2026-10-09T23:37Z,7431,g95e5,1.885
2026-10-09T23:37Z,7431,gA,1.989
2026-10-09T23:37Z,7431,g98e5,1.995
2026-10-09T23:37Z,7432,gA,1.979
2026-10-09T23:37Z,7432,gP,2.029
2026-10-09T23:37Z,7432,g98e5,2.015
2026-10-09T23:37Z,7433,gA,1.979
2026-10-09T23:37Z,7433,g98e5,2.015
2026-10-09T23:37Z,7434,g95e5,1.845
2026-10-09T23:37Z,7434,gP,2.055
2026-10-09T23:37Z,7434,g98e5,1.955
2026-10-09T23:37Z,7435,g95e5,1.889
2026-10-09T23:37Z,7435,gA,1.975
2026-10-09T23:37Z,7435,gP,2.025
2026-10-09T23:37Z,7435,g98e5,2.009
2026-10-09T23:37Z,7436,g95e5,1.909
2026-10-09T23:37Z,7436,gA,2.039
2026-10-09T23:37Z,7436,gP,2.089
2026-10-09T23:37Z,7437,g95e5,1.899
2026-10-09T23:37Z,7437,gA,1.999
2026-10-09T23:37Z,7437,gP,2.089
2026-10-09T23:37Z,7438,g95e5,1.789
2026-10-09T23:37Z,7438,gA,1.945
2026-10-09T23:37Z,7438,g98e5,1.949
2026-10-09T23:37Z,7439,g95e5,1.869
2026-10-09T23:37Z,7439,gA,2.015
2026-10-09T23:37Z,7440,g95e5,1.909
2026-10-09T23:37Z,7440,gA,2.039
2026-10-09T23:37Z,7440,gP,2.089
2026-10-09T23:37Z,7441,g95e5,1.855
2026-10-09T23:37Z,7441,gA,1.985
2026-10-09T23:37Z,7441,gP,2.035
2026-10-09T23:37Z,7441,g98e5,2.015
2026-10-09T23:37Z,7445,g95e5,1.899
2026-10-09T23:37Z,7445,gA,1.989
2026-10-09T23:37Z,7445,gP,2.039
2026-10-09T23:37Z,7445,g98e5,2.009
2026-10-09T23:37Z,7453,g95e5,1.839
2026-10-09T23:37Z,7453,gA,1.989
2026-10-09T23:37Z,7453,gP,2.079
2026-10-09T23:37Z,7453,g98e5,1.979
2026-10-09T23:37Z,7455,g95e5,1.819
2026-10-09T23:37Z,7455,gA,1.979
2026-10-09T23:37Z,7455,gP,2.029
2026-10-09T23:37Z,7457,gA,2.004
2026-10-09T23:37Z,7457,gP,2.025
2026-10-09T23:37Z,7460,gA,1.995
2026-10-09T23:37Z,7460,gP,2.095
2026-10-09T23:37Z,7461,gA,1.995
2026-10-09T23:37Z,7461,gP,2.095
2026-10-09T23:37Z,7467,g95e5,1.749
2026-10-09T23:37Z,7467,gA,1.829
2026-10-09T23:37Z,7467,gP,1.879
2026-10-09T23:37Z,7467,g95e5p,1.799
2026-10-09T23:37Z,7468,g95e5,1.889
2026-10-09T23:37Z,7468,gA,1.949
2026-10-09T23:37Z,7468,gP,2.039
2026-10-09T23:37Z,7468,g98e5,2.029
2026-10-09T23:37Z,7469,g95e5,1.849
2026-10-09T23:37Z,7469,gA,1.929
2026-10-09T23:37Z,7469,gP,1.979
2026-10-09T23:37Z,7469,g98e5,1.989
2026-10-09T23:37Z,7502,g95e5,1.815
2026-10-09T23:37Z,7502,gA,2.015
2026-10-09T23:37Z,7504,g95e5,1.779
2026-10-09T23:37Z,7504,gA,2.029
2026-10-09T23:37Z,7505,g95e5,1.799
2026-10-09T23:37Z,7505,gA,1.965
2026-10-09T23:37Z,7505,gP,2.065
2026-10-09T23:37Z,7505,g98e5,1.959
2026-10-09T23:37Z,7506,gA,2.005
2026-10-09T23:37Z,7507,g95e5,1.785
2026-10-09T23:37Z,7507,gA,1.965
2026-10-09T23:37Z,7507,gP,2.065
2026-10-09T23:37Z,7507,g98e5,1.895
2026-10-09T23:37Z,7508,g95e5,1.785
2026-10-09T23:37Z,7508,gA,1.969
2026-10-09T23:37Z,7508,gP,2.019
2026-10-09T23:37Z,7508,g98e5,1.945
2026-10-09T23:37Z,7509,g95e5,1.795
2026-10-09T23:37Z,7509,gA,2.005
2026-10-09T23:37Z,7509,gP,2.075
2026-10-09T23:37Z,7513,g95e5,1.835
2026-10-09T23:37Z,7513,gA,1.965
2026-10-09T23:37Z,7513,gP,2.065
2026-10-09T23:37Z,7513,g98e5,1.995
2026-10-09T23:37Z,7515,gA,2.020
2026-10-09T23:37Z,7515,gP,2.115
2026-10-09T23:37Z,7515,gB,1.834
2026-10-09T23:37Z,7517,gA,2.020
2026-10-09T23:37Z,7517,gP,2.115
2026-10-09T23:37Z,7518,gA,2.024
2026-10-09T23:37Z,7518,gP,2.115
2026-10-09T23:37Z,7520,g95e5,1.809
2026-10-09T23:37Z,7520,gA,1.995
2026-10-09T23:37Z,7520,gP,2.075
2026-10-09T23:37Z,7520,g98e5,1.969
2026-10-09T23:37Z,7520,gB,1.779
2026-10-09T23:37Z,7522,g95e5,1.815
2026-10-09T23:37Z,7522,gA,1.989
2026-10-09T23:37Z,7522,g98e5,1.955
2026-10-09T23:37Z,7523,g95e5,1.775
2026-10-09T23:37Z,7523,gA,1.989
2026-10-09T23:37Z,7523,gP,2.089
2026-10-09T23:37Z,7524,g95e5,1.775
2026-10-09T23:37Z,7524,gA,1.975
2026-10-09T23:37Z,7525,g95e5,1.775
2026-10-09T23:37Z,7525,gA,1.965
2026-10-09T23:37Z,7526,g95e5,1.789
2026-10-09T23:37Z,7526,gA,1.975
2026-10-09T23:37Z,7526,g95e5p,1.859
2026-10-09T23:37Z,7527,g95e5,1.799
2026-10-09T23:37Z,7527,gA,1.979
2026-10-09T23:37Z,7527,g95e5p,1.869
2026-10-09T23:37Z,7529,g95e5,1.805
2026-10-09T23:37Z,7529,gA,2.029
2026-10-09T23:37Z,7529,gP,2.079
2026-10-09T23:37Z,7529,g98e5,1.965
2026-10-09T23:37Z,7532,g95e5,1.799
2026-10-09T23:37Z,7532,gA,1.979
2026-10-09T23:37Z,7533,g95e5,1.785
2026-10-09T23:37Z,7533,gA,2.005
2026-10-09T23:37Z,7533,gP,2.055
2026-10-09T23:37Z,7533,g98e5,1.935
2026-10-09T23:37Z,7535,g95e5,1.795
2026-10-09T23:37Z,7535,gA,1.985
2026-10-09T23:37Z,7538,g95e5,1.839
2026-10-09T23:37Z,7538,gA,2.019
2026-10-09T23:37Z,7538,gP,2.069
2026-10-09T23:37Z,7538,g98e5,1.999
2026-10-09T23:37Z,7539,g95e5,1.775
2026-10-09T23:37Z,7539,gA,1.975
2026-10-09T23:37Z,7539,gP,2.025
2026-10-09T23:37Z,7542,g95e5,1.799
2026-10-09T23:37Z,7542,gA,1.995
2026-10-09T23:37Z,7542,gP,2.095
2026-10-09T23:37Z,7545,g95e5,1.775
2026-10-09T23:37Z,7545,gA,2.029
2026-10-09T23:37Z,7545,gP,2.079
2026-10-09T23:37Z,7545,g98e5,1.935
2026-10-09T23:37Z,7547,g95e5,1.795
2026-10-09T23:37Z,7547,gA,1.995
2026-10-09T23:37Z,7547,gP,2.045
2026-10-09T23:37Z,7548,gA,2.029
2026-10-09T23:37Z,7548,g98e5,1.935
2026-10-09T23:37Z,7549,g95e5,1.775
2026-10-09T23:37Z,7549,gA,1.979
2026-10-09T23:37Z,7550,g95e5,1.795
2026-10-09T23:37Z,7550,gA,1.995
2026-10-09T23:37Z,7550,gP,2.045
2026-10-09T23:37Z,7551,g95e5,1.815
2026-10-09T23:37Z,7551,gA,2.009
2026-10-09T23:37Z,7551,gP,2.059
2026-10-09T23:37Z,7551,g98e5,1.955
2026-10-09T23:37Z,7552,g95e5,1.839
2026-10-09T23:37Z,7552,gA,1.999
2026-10-09T23:37Z,7552,g98e5,1.949
2026-10-09T23:37Z,7553,g95e5,1.825
2026-10-09T23:37Z,7553,gA,2.005
2026-10-09T23:37Z,7553,gP,2.055
2026-10-09T23:37Z,7553,g98e5,1.985
2026-10-09T23:37Z,7557,gA,1.979
2026-10-09T23:37Z,7557,gP,2.085
2026-10-09T23:37Z,7558,g95e5,1.805
2026-10-09T23:37Z,7558,gA,1.999
2026-10-09T23:37Z,7558,g98e5,1.965
2026-10-09T23:37Z,7559,g95e5,1.839
2026-10-09T23:37Z,7559,gA,2.029
2026-10-09T23:37Z,7559,gP,2.079
2026-10-09T23:37Z,7559,g98e5,1.949
2026-10-09T23:37Z,7562,g95e5,1.775
2026-10-09T23:37Z,7562,gA,1.975
2026-10-09T23:37Z,7562,gP,2.075
2026-10-09T23:37Z,7562,g98e5,1.935
2026-10-09T23:37Z,7563,g95e5,1.775
2026-10-09T23:37Z,7563,gA,1.975
2026-10-09T23:37Z,7563,gP,2.025
2026-10-09T23:37Z,7565,g95e5,1.775
2026-10-09T23:37Z,7565,gA,1.975
2026-10-09T23:37Z,7565,gP,2.075
2026-10-09T23:37Z,7569,g95e5,1.775
2026-10-09T23:37Z,7569,gA,1.975
2026-10-09T23:37Z,7569,gP,2.075
2026-10-09T23:37Z,7570,g95e5,1.775
2026-10-09T23:37Z,7570,gA,1.969
2026-10-09T23:37Z,7570,gP,2.069
2026-10-09T23:37Z,7571,g95e5,1.775
2026-10-09T23:37Z,7571,gA,1.965
2026-10-09T23:37Z,7571,gB,1.815
2026-10-09T23:37Z,7573,g95e5,1.789
2026-10-09T23:37Z,7573,gA,2.019
2026-10-09T23:37Z,7573,g98e5,1.949
2026-10-09T23:37Z,7574,g95e5,1.795
2026-10-09T23:37Z,7574,gA,1.985
2026-10-09T23:37Z,7576,g95e5,1.839
2026-10-09T23:37Z,7576,gA,1.995
2026-10-09T23:37Z,7579,g95e5,1.775
2026-10-09T23:37Z,7579,gA,1.975
2026-10-09T23:37Z,7579,g95e5p,1.845
2026-10-09T23:37Z,7581,g95e5,1.775
2026-10-09T23:37Z,7581,gA,1.965
2026-10-09T23:37Z,7581,gP,2.065
2026-10-09T23:37Z,7581,g98e5,1.935
2026-10-09T23:37Z,7583,g95e5,1.775
2026-10-09T23:37Z,7583,gA,1.995
2026-10-09T23:37Z,7583,gP,2.005
2026-10-09T23:37Z,7583,g95e5p,1.845
2026-10-09T23:37Z,7586,g95e5,1.775
2026-10-09T23:37Z,7586,gA,1.975
2026-10-09T23:37Z,7586,g98e5,1.915
2026-10-09T23:37Z,7586,g95e5p,1.845
2026-10-09T23:37Z,7586,gB,1.725
2026-10-09T23:37Z,7588,gA,2.029
2026-10-09T23:37Z,7589,g95e5,1.829
2026-10-09T23:37Z,7589,gA,2.009
2026-10-09T23:37Z,7589,gP,2.059
2026-10-09T23:37Z,7591,g95e5,1.825
2026-10-09T23:37Z,7591,gA,1.999
2026-10-09T23:37Z,7591,gP,2.099
2026-10-09T23:37Z,7592,gA,2.020
2026-10-09T23:37Z,7592,gP,2.115
2026-10-09T23:37Z,7592,gB,1.834
2026-10-09T23:37Z,7601,g95e5,1.798
2026-10-09T23:37Z,7608,g95e5,1.809
2026-10-09T23:37Z,7608,gA,1.909
2026-10-09T23:37Z,7608,gP,1.959
2026-10-09T23:37Z,7608,g95e5p,1.859
2026-10-09T23:37Z,7675,gA,1.739
2026-10-09T23:37Z,7679,g95e5,1.539
2026-10-09T23:37Z,7679,gA,1.689
2026-10-09T23:37Z,7679,g98e5,1.669
2026-10-09T23:37Z,7680,g95e5,1.499
2026-10-09T23:37Z,7680,gA,1.619
2026-10-09T23:37Z,7680,gP,1.719
2026-10-09T23:37Z,7680,g98e5,1.629
2026-10-09T23:37Z,7683,gA,1.639
2026-10-09T23:37Z,7688,gA,1.739
2026-10-09T23:37Z,7695,g95e5,1.509
2026-10-09T23:37Z,7695,gA,1.609
2026-10-09T23:37Z,7695,gP,1.709
2026-10-09T23:37Z,7695,g98e5,1.619
2026-10-09T23:37Z,7707,g95e5,1.539
2026-10-09T23:37Z,7707,gA,1.699
2026-10-09T23:37Z,7707,g98e5,1.669
2026-10-09T23:37Z,7714,gA,1.619
2026-10-09T23:37Z,7714,gP,1.739
2026-10-09T23:37Z,7718,gA,1.719
2026-10-09T23:37Z,7718,gP,1.839
2026-10-09T23:37Z,7737,gA,1.699
2026-10-09T23:37Z,7751,gA,1.999
2026-10-09T23:37Z,7751,gP,2.069
2026-10-09T23:37Z,7751,gB,1.849
2026-10-09T23:37Z,7753,gA,2.015
2026-10-09T23:37Z,7753,gP,2.105
2026-10-09T23:37Z,7756,g95e5,1.829
2026-10-09T23:37Z,7756,gA,1.985
2026-10-09T23:37Z,7756,g98e5,1.939
2026-10-09T23:37Z,7757,g95e5,1.819
2026-10-09T23:37Z,7757,gA,1.985
2026-10-09T23:37Z,7757,g98e5,1.979
2026-10-09T23:37Z,7757,g95e5p,1.879
2026-10-09T23:37Z,7757,gB,1.799
2026-10-09T23:37Z,7761,g95e5,1.789
2026-10-09T23:37Z,7761,gA,1.955
2026-10-09T23:37Z,7761,gP,2.055
2026-10-09T23:37Z,7761,g98e5,1.949
2026-10-09T23:37Z,7795,g95e5,1.559
2026-10-09T23:37Z,7795,gA,1.719
2026-10-09T23:37Z,7819,gA,1.729
2026-10-09T23:37Z,7860,g95e5,1.545
2026-10-09T23:37Z,7860,gA,1.755
2026-10-09T23:37Z,7860,gP,1.855
2026-10-09T23:37Z,7860,g98e5,1.665
2026-10-09T23:37Z,7902,g95e5,1.529
2026-10-09T23:37Z,7902,gA,1.629
2026-10-09T23:37Z,7902,gP,1.719
2026-10-09T23:37Z,7902,g98e5,1.639
2026-10-09T23:37Z,7939,gA,1.689
2026-10-09T23:37Z,7982,g95e5,1.859
2026-10-09T23:37Z,7982,g98e5,1.999
2026-10-09T23:37Z,7983,gA,2.000
2026-10-09T23:37Z,7983,gP,2.100
2026-10-09T23:37Z,7991,gA,1.889
2026-10-09T23:37Z,7991,gP,1.979
2026-10-09T23:37Z,7996,gA,1.989
2026-10-09T23:37Z,7996,gB,1.669
2026-10-09T23:37Z,8011,gA,1.955
2026-10-09T23:37Z,8011,gP,2.055
2026-10-09T23:37Z,8011,g98e5,1.939
2026-10-09T23:37Z,8058,gA,1.990
2026-10-09T23:37Z,8058,gP,2.084
2026-10-09T23:37Z,8073,gA,1.979
2026-10-09T23:37Z,8073,gB,1.569
2026-10-09T23:37Z,8088,g95e5,1.829
2026-10-09T23:37Z,8088,gA,1.965
2026-10-09T23:37Z,8101,gA,2.020
2026-10-09T23:37Z,8101,gP,2.135
2026-10-09T23:37Z,8105,g95e5,1.789
2026-10-09T23:37Z,8105,gA,1.949
2026-10-09T23:37Z,8105,gP,2.039
2026-10-09T23:37Z,8127,g95e5,1.839
2026-10-09T23:37Z,8127,gA,1.955
2026-10-09T23:37Z,8127,gP,2.005
2026-10-09T23:37Z,8127,g98e5,1.949
2026-10-09T23:37Z,8129,g95e5,1.809
2026-10-09T23:37Z,8129,gA,1.929
2026-10-09T23:37Z,8129,gP,1.979
2026-10-09T23:37Z,8129,g98e5,1.969
2026-10-09T23:37Z,8130,g95e5,1.809
2026-10-09T23:37Z,8130,gA,1.929
2026-10-09T23:37Z,8130,gP,1.979
2026-10-09T23:37Z,8130,g98e5,1.969
2026-10-09T23:37Z,8135,g95e5,1.839
2026-10-09T23:37Z,8135,gA,1.979
2026-10-09T23:37Z,8135,g98e5,1.979
2026-10-09T23:37Z,8138,gA,1.955
2026-10-09T23:37Z,8138,gP,2.065
2026-10-09T23:37Z,8145,gA,2.020
2026-10-09T23:37Z,8145,gP,2.095
2026-10-09T23:37Z,8192,g95e5,1.859
2026-10-09T23:37Z,8192,gA,1.975
2026-10-09T23:37Z,8192,gP,2.075
2026-10-09T23:37Z,8201,g95e5,1.869
2026-10-09T23:37Z,8201,gA,1.975
2026-10-09T23:37Z,8201,g98e5,2.009
2026-10-09T23:37Z,8250,gA,1.929
2026-10-09T23:37Z,8250,gP,2.029
2026-10-09T23:37Z,8250,g98e5,1.989
2026-10-09T23:37Z,8250,gB,1.839
2026-10-09T23:37Z,8251,gA,2.039
2026-10-09T23:37Z,8251,gP,2.089
2026-10-09T23:37Z,8251,g98e5,2.009
2026-10-09T23:37Z,8252,g95e5,1.895
2026-10-09T23:37Z,8252,gA,2.009
2026-10-09T23:37Z,8253,g95e5,1.839
2026-10-09T23:37Z,8253,gA,1.929
2026-10-09T23:37Z,8253,gP,2.029
2026-10-09T23:37Z,8253,g98e5,1.949
2026-10-09T23:37Z,8254,g95e5,1.805
2026-10-09T23:37Z,8254,gA,1.995
2026-10-09T23:37Z,8254,gP,2.075
2026-10-09T23:37Z,8254,g98e5,1.995
2026-10-09T23:37Z,8266,gA,2.009
2026-10-09T23:37Z,8266,gP,2.099
2026-10-09T23:37Z,8270,g95e5,1.849
2026-10-09T23:37Z,8270,gA,2.009
2026-10-09T23:37Z,8271,gA,1.980
2026-10-09T23:37Z,8271,gP,2.065
2026-10-09T23:37Z,8271,gB,1.889
2026-10-09T23:37Z,8274,g95e5,1.869
2026-10-09T23:37Z,8274,gA,1.975
2026-10-09T23:37Z,8274,gP,2.035
2026-10-09T23:37Z,8274,g95e5p,1.929
2026-10-09T23:37Z,8275,g95e5,1.825
2026-10-09T23:37Z,8275,gA,1.925
2026-10-09T23:37Z,8275,g98e5,1.985
2026-10-09T23:37Z,8275,gB,1.855
2026-10-09T23:37Z,8277,g95e5,1.879
2026-10-09T23:37Z,8277,gA,2.029
2026-10-09T23:37Z,8277,gP,2.099
2026-10-09T23:37Z,8277,g95e5p,1.939
2026-10-09T23:37Z,8280,g95e5,1.529
2026-10-09T23:37Z,8280,gA,1.689
2026-10-09T23:37Z,8280,gP,1.759
2026-10-09T23:37Z,8280,g98e5,1.659
2026-10-09T23:37Z,8321,g95e5,1.899
2026-10-09T23:37Z,8328,g95e5,1.829
2026-10-09T23:37Z,8328,gA,1.939
2026-10-09T23:37Z,8328,g98e5,1.979
2026-10-09T23:37Z,8328,glp,1.129
2026-10-09T23:37Z,8329,g95e5,1.859
2026-10-09T23:37Z,8329,gA,1.975
2026-10-09T23:37Z,8329,gP,2.065
2026-10-09T23:37Z,8329,g98e5,1.999
2026-10-09T23:37Z,8335,gA,1.979
2026-10-09T23:37Z,8335,gP,2.029
2026-10-09T23:37Z,8341,g95e5,1.789
2026-10-09T23:37Z,8341,gA,1.955
2026-10-09T23:37Z,8341,gP,2.045
2026-10-09T23:37Z,8341,g98e5,1.929
2026-10-09T23:37Z,8342,gA,1.979
2026-10-09T23:37Z,8342,gP,2.029
2026-10-09T23:37Z,8344,gA,1.929
2026-10-09T23:37Z,8344,gP,2.029
2026-10-09T23:37Z,8344,g98e5,1.989
2026-10-09T23:37Z,8344,gB,1.839
2026-10-09T23:37Z,8407,gA,1.969
2026-10-09T23:37Z,8407,gP,2.067
2026-10-09T23:37Z,8453,gA,1.949
2026-10-09T23:37Z,8453,gP,1.999
2026-10-09T23:37Z,8476,gA,1.919
2026-10-09T23:37Z,8476,gP,1.969
2026-10-09T23:37Z,8476,g98e5,1.885
2026-10-09T23:37Z,8504,g95e5,1.699
2026-10-09T23:37Z,8504,gA,1.799
2026-10-09T23:37Z,8504,gP,1.799
2026-10-09T23:37Z,8504,g95e5p,1.699
2026-10-09T23:37Z,8522,gA,1.975
2026-10-09T23:37Z,8522,gP,2.075
2026-10-09T23:37Z,8522,g98e5,1.995
2026-10-09T23:37Z,8711,g95e5,1.569
2026-10-09T23:37Z,8711,gA,1.729
2026-10-09T23:37Z,8711,gP,1.819
2026-10-09T23:37Z,8711,g98e5,1.689
2026-10-09T23:37Z,8756,g95e5,1.555
2026-10-09T23:37Z,8756,gA,1.709
2026-10-09T23:37Z,8756,gP,1.795
2026-10-09T23:37Z,8756,g98e5,1.629
2026-10-09T23:37Z,8795,g95e5,1.859
2026-10-09T23:37Z,8795,gA,1.949
2026-10-09T23:37Z,8795,gP,2.039
2026-10-09T23:37Z,8795,g98e5,1.999
2026-10-09T23:37Z,8941,g95e5,1.898
2026-10-09T23:37Z,8941,gA,1.987
2026-10-09T23:37Z,8941,gB,1.888
2026-10-09T23:37Z,8967,g95e5,1.795
2026-10-09T23:37Z,8967,gA,1.935
2026-10-09T23:37Z,8976,gA,2.010
2026-10-09T23:37Z,8976,gP,2.100
2026-10-09T23:37Z,9009,gA,1.989
2026-10-09T23:37Z,9020,g95e5,1.839
2026-10-09T23:37Z,9020,gA,1.979
2026-10-09T23:37Z,9102,g95e5,1.819
2026-10-09T23:37Z,9102,gA,1.939
2026-10-09T23:37Z,9102,gP,1.989
2026-10-09T23:37Z,9102,g95e5p,1.869
2026-10-09T23:37Z,9111,gP,1.969
2026-10-09T23:37Z,9160,g95e5,1.759
2026-10-09T23:37Z,9160,gA,1.869
2026-10-09T23:37Z,9160,gP,1.919
2026-10-09T23:37Z,9160,g98e5,1.879
2026-10-09T23:37Z,9182,g95e5,1.919
2026-10-09T23:37Z,9182,gA,2.039
2026-10-09T23:37Z,9182,g98e5,2.019
2026-10-09T23:37Z,9182,g95e5p,1.969
2026-10-09T23:37Z,9248,g95e5,1.819
2026-10-09T23:37Z,9248,gA,1.927
2026-10-09T23:37Z,9248,gP,2.017
2026-10-09T23:37Z,9248,g98e5,1.939
2026-10-09T23:37Z,9265,g95e5,1.895
2026-10-09T23:37Z,9265,gA,1.985
2026-10-09T23:37Z,9265,gP,2.035
2026-10-09T23:37Z,9265,g98e5,2.055
2026-10-09T23:37Z,9294,g95e5,1.855
2026-10-09T23:37Z,9294,gA,1.999
2026-10-09T23:37Z,9294,g98e5,1.965
2026-10-09T23:37Z,9302,gA,1.945
2026-10-09T23:37Z,9302,gP,2.045
2026-10-09T23:37Z,9303,gA,1.965
2026-10-09T23:37Z,9303,gP,2.055
2026-10-09T23:37Z,9307,g95e5,1.815
2026-10-09T23:37Z,9307,gA,2.005
2026-10-09T23:37Z,9317,g95e5,1.898
2026-10-09T23:37Z,9317,gA,1.987
2026-10-09T23:37Z,9317,gP,2.098
2026-10-09T23:37Z,9317,g98e5,1.999
2026-10-09T23:37Z,9321,g95e5,1.898
2026-10-09T23:37Z,9321,gA,1.987
2026-10-09T23:37Z,9321,gP,2.098
2026-10-09T23:37Z,9321,g98e5,1.999
2026-10-09T23:37Z,9321,gB,1.888
2026-10-09T23:37Z,9322,g95e5,1.799
2026-10-09T23:37Z,9322,gA,1.898
2026-10-09T23:37Z,9326,g95e5,1.848
2026-10-09T23:37Z,9326,gA,1.948
2026-10-09T23:37Z,9326,g98e5,2.028
2026-10-09T23:37Z,9347,g95e5,1.829
2026-10-09T23:37Z,9347,gA,1.974
2026-10-09T23:37Z,9347,gP,2.024
2026-10-09T23:37Z,9347,g95e5p,1.879
2026-10-09T23:37Z,9405,gA,1.969
2026-10-09T23:37Z,9405,gP,2.059
2026-10-09T23:37Z,9412,g95e5,1.898
2026-10-09T23:37Z,9412,gA,1.987
2026-10-09T23:37Z,9412,gP,2.098
2026-10-09T23:37Z,9412,g98e5,1.999
2026-10-09T23:37Z,9412,gB,1.888
2026-10-09T23:37Z,9422,g95e5,1.789
2026-10-09T23:37Z,9422,gB,1.879
2026-10-09T23:37Z,9436,g95e5,1.879
2026-10-09T23:37Z,9436,gA,1.989
2026-10-09T23:37Z,9436,gP,2.079
2026-10-09T23:37Z,9441,g95e5,1.879
2026-10-09T23:37Z,9441,gA,1.989
2026-10-09T23:37Z,9441,g98e5,1.989
2026-10-09T23:37Z,9471,g95e5,1.839
2026-10-09T23:37Z,9471,gA,1.905
2026-10-09T23:37Z,9471,g98e5,1.949
2026-10-09T23:37Z,9475,g95e5,1.839
2026-10-09T23:37Z,9475,gA,1.955
2026-10-09T23:37Z,9475,gP,2.045
2026-10-09T23:37Z,9475,g98e5,1.979
2026-10-09T23:37Z,9494,g95e5,1.818
2026-10-09T23:37Z,9494,g98e5,1.958
2026-10-09T23:37Z,9494,gB,1.839
2026-10-09T23:37Z,9499,g95e5,1.745
2026-10-09T23:37Z,9499,gA,1.915
2026-10-09T23:37Z,9499,gP,1.965
2026-10-09T23:37Z,9499,gB,1.769
2026-10-09T23:37Z,9521,g95e5,1.779
2026-10-09T23:37Z,9521,gA,1.905
2026-10-09T23:37Z,9521,g98e5,1.889
2026-10-09T23:37Z,9521,gB,1.769
2026-10-09T23:37Z,9546,g95e5,1.815
2026-10-09T23:37Z,9546,gA,1.949
2026-10-09T23:37Z,9546,gP,1.999
2026-10-09T23:37Z,9546,g95e5p,1.885
2026-10-09T23:37Z,9563,g95e5,1.879
2026-10-09T23:37Z,9563,gA,2.005
2026-10-09T23:37Z,9563,g98e5,2.039
2026-10-09T23:37Z,9571,g95e5,1.775
2026-10-09T23:37Z,9571,gA,1.985
2026-10-09T23:37Z,9572,g98e5,2.015
2026-10-09T23:37Z,9598,g95e5,1.815
2026-10-09T23:37Z,9598,gA,2.005
2026-10-09T23:37Z,9622,gA,1.970
2026-10-09T23:37Z,9622,gP,2.035
2026-10-09T23:37Z,9639,gA,1.899
2026-10-09T23:37Z,9639,gB,1.815
2026-10-09T23:37Z,9670,gA,1.990
2026-10-09T23:37Z,9670,gP,2.055
2026-10-09T23:37Z,9708,g95e5,1.889
2026-10-09T23:37Z,9708,gA,1.935
2026-10-09T23:37Z,9708,g98e5,1.999
2026-10-09T23:37Z,9708,g95e5p,1.959
2026-10-09T23:37Z,9710,g95e5,1.815
2026-10-09T23:37Z,9710,gA,1.939
2026-10-09T23:37Z,9732,g95e5,1.839
2026-10-09T23:37Z,9732,gA,1.944
2026-10-09T23:37Z,9732,gP,2.035
2026-10-09T23:37Z,9732,g98e5,1.980
2026-10-09T23:37Z,9748,g95e5,1.775
2026-10-09T23:37Z,9748,gA,1.965
2026-10-09T23:37Z,9748,g98e5,1.935
2026-10-09T23:37Z,9748,gB,1.865
2026-10-09T23:37Z,9771,g95e5,1.839
2026-10-09T23:37Z,9771,gA,1.925
2026-10-09T23:37Z,9771,gP,2.015
2026-10-09T23:37Z,9771,g98e5,1.979
2026-10-09T23:37Z,9777,g95e5,1.799
2026-10-09T23:37Z,9777,gA,1.959
2026-10-09T23:37Z,9777,gB,1.705
2026-10-09T23:37Z,9789,gA,2.014
2026-10-09T23:37Z,9789,gP,2.105
2026-10-09T23:37Z,9791,gA,1.909
2026-10-09T23:37Z,9791,g98e5,1.969
2026-10-09T23:37Z,9791,gB,1.875
2026-10-09T23:37Z,9800,g95e5,1.898
2026-10-09T23:37Z,9800,gA,1.987
2026-10-09T23:37Z,9800,gP,2.098
2026-10-09T23:37Z,9800,g95e5p,1.999
2026-10-09T23:37Z,9800,gB,1.888
2026-10-09T23:37Z,9811,g95e5,1.810
2026-10-09T23:37Z,9811,gA,1.976
2026-10-09T23:37Z,9811,gP,2.066
2026-10-09T23:37Z,9811,g98e5,1.950
2026-10-09T23:37Z,9814,g95e5,1.825
2026-10-09T23:37Z,9814,gA,1.975
2026-10-09T23:37Z,9814,gP,2.065
2026-10-09T23:37Z,9814,g98e5,1.965
2026-10-09T23:37Z,9819,g95e5,1.799
2026-10-09T23:37Z,9819,gA,1.965
2026-10-09T23:37Z,9819,g98e5,1.909
2026-10-09T23:37Z,9820,g95e5,1.789
2026-10-09T23:37Z,9820,gA,1.925
2026-10-09T23:37Z,9820,g98e5,1.899
2026-10-09T23:37Z,9834,g95e5,1.775
2026-10-09T23:37Z,9834,gP,2.059
2026-10-09T23:37Z,9834,gB,1.785
2026-10-09T23:37Z,9836,g95e5,1.845
2026-10-09T23:37Z,9836,gA,1.985
2026-10-09T23:37Z,9836,g98e5,1.955
2026-10-09T23:37Z,9845,g95e5,1.815
2026-10-09T23:37Z,9845,gA,1.929
2026-10-09T23:37Z,9845,g98e5,1.975
2026-10-09T23:37Z,9850,g95e5,1.855
2026-10-09T23:37Z,9850,gA,1.975
2026-10-09T23:37Z,9850,g98e5,2.015
2026-10-09T23:37Z,9853,g95e5,1.865
2026-10-09T23:37Z,9853,gA,1.975
2026-10-09T23:37Z,9853,g98e5,1.995
2026-10-09T23:37Z,9855,g95e5,1.909
2026-10-09T23:37Z,9855,gA,1.899
2026-10-09T23:37Z,9855,g98e5,2.069
2026-10-09T23:37Z,9857,g95e5,1.889
2026-10-09T23:37Z,9857,gA,1.899
2026-10-09T23:37Z,9857,g98e5,2.049
2026-10-09T23:37Z,9860,g95e5,1.845
2026-10-09T23:37Z,9860,gA,1.949
2026-10-09T23:37Z,9860,gP,2.049
2026-10-09T23:37Z,9863,g95e5,1.765
2026-10-09T23:37Z,9863,gA,1.969
2026-10-09T23:37Z,9863,g98e5,1.925
2026-10-09T23:37Z,9863,g95e5p,1.825
2026-10-09T23:37Z,9884,gA,1.799
2026-10-09T23:37Z,9884,gP,1.819
2026-10-09T23:37Z,9916,g95e5,1.895
2026-10-09T23:37Z,9916,gA,2.019
2026-10-09T23:37Z,9916,g98e5,2.025
2026-10-09T23:37Z,9962,g95e5,1.745
2026-10-09T23:37Z,9962,gA,1.925
2026-10-09T23:37Z,9962,gP,1.975
2026-10-09T23:37Z,9962,gB,1.725
2026-10-09T23:37Z,9967,g95e5,1.849
2026-10-09T23:37Z,9967,gA,1.975
2026-10-09T23:37Z,9967,gB,1.805
2026-10-09T23:37Z,9970,g95e5,1.835
2026-10-09T23:37Z,9970,gA,1.895
2026-10-09T23:37Z,9970,gB,1.805
2026-10-09T23:37Z,9974,g95e5,1.795
2026-10-09T23:37Z,9974,gA,1.949
2026-10-09T23:37Z,9974,gP,2.049
2026-10-09T23:37Z,9974,g98e5,1.955
2026-10-09T23:37Z,9997,g95e5,1.805
2026-10-09T23:37Z,9997,gA,1.979
2026-10-09T23:37Z,9997,g98e5,1.965
2026-10-09T23:37Z,10005,gA,1.969
2026-10-09T23:37Z,10005,gP,2.019
2026-10-09T23:37Z,10017,gA,2.009
2026-10-09T23:37Z,10017,gP,2.109
2026-10-09T23:37Z,10017,g98e5,2.009
2026-10-09T23:37Z,10024,g95e5,1.775
2026-10-09T23:37Z,10024,gA,2.015
2026-10-09T23:37Z,10024,g95e5p,1.845
2026-10-09T23:37Z,10024,gB,1.819
2026-10-09T23:37Z,10035,gA,1.975
2026-10-09T23:37Z,10041,gA,1.955
2026-10-09T23:37Z,10041,gP,2.055
2026-10-09T23:37Z,10041,g98e5,1.939
2026-10-09T23:37Z,10044,g95e5,1.845
2026-10-09T23:37Z,10044,gA,1.975
2026-10-09T23:37Z,10044,g98e5,2.005
2026-10-09T23:37Z,10051,g95e5,1.775
2026-10-09T23:37Z,10051,gA,1.929
2026-10-09T23:37Z,10051,g98e5,1.935
2026-10-09T23:37Z,10076,g95e5,1.849
2026-10-09T23:37Z,10076,gA,2.009
2026-10-09T23:37Z,10076,gP,2.099
2026-10-09T23:37Z,10076,g98e5,1.989
2026-10-09T23:37Z,10077,g95e5,1.845
2026-10-09T23:37Z,10077,gA,1.989
2026-10-09T23:37Z,10077,gP,2.079
2026-10-09T23:37Z,10077,g98e5,1.985
2026-10-09T23:37Z,10105,g95e5,1.769
2026-10-09T23:37Z,10105,gP,1.939
2026-10-09T23:37Z,10106,gA,2.020
2026-10-09T23:37Z,10106,gP,2.135
2026-10-09T23:37Z,10107,gA,2.020
2026-10-09T23:37Z,10107,gP,2.135
2026-10-09T23:37Z,10108,g95e5,1.749
2026-10-09T23:37Z,10108,gA,1.849
2026-10-09T23:37Z,10108,gP,1.889
2026-10-09T23:37Z,10109,g95e5,1.839
2026-10-09T23:37Z,10109,gA,1.949
2026-10-09T23:37Z,10109,g98e5,2.049
2026-10-09T23:37Z,10110,g95e5,1.999
2026-10-09T23:37Z,10110,gA,2.029
2026-10-09T23:37Z,10127,g95e5,1.589
2026-10-09T23:37Z,10127,gA,1.719
2026-10-09T23:37Z,10127,gP,1.829
2026-10-09T23:37Z,10127,g98e5,1.709
2026-10-09T23:37Z,10141,gA,2.010
2026-10-09T23:37Z,10141,gP,2.095
2026-10-09T23:37Z,10157,gA,1.955
2026-10-09T23:37Z,10157,gP,2.014
2026-10-09T23:37Z,10157,gB,1.864
2026-10-09T23:37Z,10158,gA,1.955
2026-10-09T23:37Z,10158,gP,2.014
2026-10-09T23:37Z,10158,gB,1.864
2026-10-09T23:37Z,10168,gA,1.955
2026-10-09T23:37Z,10168,gP,2.025
2026-10-09T23:37Z,10195,g95e5,1.849
2026-10-09T23:37Z,10195,gA,2.009
2026-10-09T23:37Z,10195,gP,2.099
2026-10-09T23:37Z,10195,g98e5,1.989
2026-10-09T23:37Z,10207,gA,1.995
2026-10-09T23:37Z,10207,gP,2.084
2026-10-09T23:37Z,10207,gB,1.939
2026-10-09T23:37Z,10217,g95e5,1.775
2026-10-09T23:37Z,10217,gA,1.945
2026-10-09T23:37Z,10217,gB,1.869
2026-10-09T23:37Z,10218,g95e5,1.799
2026-10-09T23:37Z,10218,gA,1.959
2026-10-09T23:37Z,10241,gA,1.959
2026-10-09T23:37Z,10241,gP,2.069
2026-10-09T23:37Z,10249,gA,2.004
2026-10-09T23:37Z,10249,gP,2.105
2026-10-09T23:37Z,10252,g95e5,1.849
2026-10-09T23:37Z,10252,gA,1.969
2026-10-09T23:37Z,10252,gP,2.019
2026-10-09T23:37Z,10252,g98e5,1.959
2026-10-09T23:37Z,10253,g95e5,1.795
2026-10-09T23:37Z,10253,gA,1.935
2026-10-09T23:37Z,10254,g95e5,1.815
2026-10-09T23:37Z,10254,gP,2.039
2026-10-09T23:37Z,10254,g98e5,1.965
2026-10-09T23:37Z,10262,g95e5,1.799
2026-10-09T23:37Z,10262,gA,1.929
2026-10-09T23:37Z,10262,g98e5,1.959
2026-10-09T23:37Z,10262,gB,1.785
2026-10-09T23:37Z,10270,g95e5,1.899
2026-10-09T23:37Z,10270,gA,1.939
2026-10-09T23:37Z,10270,gP,2.029
2026-10-09T23:37Z,10270,g98e5,2.039
2026-10-09T23:37Z,10290,g95e5,1.805
2026-10-09T23:37Z,10290,gA,1.919
2026-10-09T23:37Z,10290,g98e5,1.965
2026-10-09T23:37Z,10298,gA,1.929
2026-10-09T23:37Z,10298,gP,2.032
2026-10-09T23:37Z,10319,gA,2.020
2026-10-09T23:37Z,10319,gP,2.095
2026-10-09T23:37Z,10339,g95e5,1.694
2026-10-09T23:37Z,10339,gA,1.768
2026-10-09T23:37Z,10339,gP,1.828
2026-10-09T23:37Z,10339,g95e5p,1.756
2026-10-09T23:37Z,10341,g95e5,1.789
2026-10-09T23:37Z,10341,gA,1.934
2026-10-09T23:37Z,10341,gP,2.024
2026-10-09T23:37Z,10341,g98e5,1.929
2026-10-09T23:37Z,10344,g95e5,1.765
2026-10-09T23:37Z,10344,gA,1.905
2026-10-09T23:37Z,10344,g98e5,1.925
2026-10-09T23:37Z,10344,gB,1.775
2026-10-09T23:37Z,10366,gA,1.995
2026-10-09T23:37Z,10366,gP,2.075
2026-10-09T23:37Z,10367,gA,1.990
2026-10-09T23:37Z,10367,gP,2.075
2026-10-09T23:37Z,10368,gA,2.050
2026-10-09T23:37Z,10368,gP,2.110
2026-10-09T23:37Z,10369,gA,2.050
2026-10-09T23:37Z,10369,gP,2.110
2026-10-09T23:37Z,10373,g95e5,1.789
2026-10-09T23:37Z,10373,gA,1.969
2026-10-09T23:37Z,10373,gP,2.019
2026-10-09T23:37Z,10385,g95e5,1.869
2026-10-09T23:37Z,10385,gA,1.899
2026-10-09T23:37Z,10385,g98e5,2.029
2026-10-09T23:37Z,10408,g95e5,1.849
2026-10-09T23:37Z,10408,gA,1.965
2026-10-09T23:37Z,10408,gP,2.055
2026-10-09T23:37Z,10408,g98e5,1.989
2026-10-09T23:37Z,10411,gA,1.985
2026-10-09T23:37Z,10411,gP,2.075
2026-10-09T23:37Z,10433,g95e5,1.819
2026-10-09T23:37Z,10433,gA,1.959
2026-10-09T23:37Z,10433,gP,2.049
2026-10-09T23:37Z,10433,g98e5,1.959
2026-10-09T23:37Z,10450,g95e5,1.829
2026-10-09T23:37Z,10450,gA,1.935
2026-10-09T23:37Z,10450,g98e5,1.939
2026-10-09T23:37Z,10451,g95e5,1.889
2026-10-09T23:37Z,10451,g98e5,2.030
2026-10-09T23:37Z,10452,g95e5,1.809
2026-10-09T23:37Z,10452,gA,1.929
2026-10-09T23:37Z,10452,gP,1.979
2026-10-09T23:37Z,10452,g98e5,1.949
2026-10-09T23:37Z,10458,g95e5,1.829
2026-10-09T23:37Z,10458,gA,1.947
2026-10-09T23:37Z,10458,gP,2.037
2026-10-09T23:37Z,10458,g98e5,1.949
2026-10-09T23:37Z,10465,g95e5,1.855
2026-10-09T23:37Z,10465,gA,1.945
2026-10-09T23:37Z,10465,gP,2.035
2026-10-09T23:37Z,10465,g98e5,1.995
2026-10-09T23:37Z,10482,g95e5,1.855
2026-10-09T23:37Z,10482,gA,1.999
2026-10-09T23:37Z,10482,gP,2.089
2026-10-09T23:37Z,10482,g98e5,1.995
2026-10-09T23:37Z,10487,g95e5,1.859
2026-10-09T23:37Z,10487,g98e5,1.999
2026-10-09T23:37Z,10488,g95e5,1.835
2026-10-09T23:37Z,10488,g98e5,1.975
2026-10-09T23:37Z,10517,gA,1.979
2026-10-09T23:37Z,10517,gB,1.699
2026-10-09T23:37Z,10523,gA,1.979
2026-10-09T23:37Z,10523,gP,2.039
2026-10-09T23:37Z,10525,gA,1.989
2026-10-09T23:37Z,10525,gB,1.659
2026-10-09T23:37Z,10530,gA,1.989
2026-10-09T23:37Z,10530,gB,1.709
2026-10-09T23:37Z,10579,g95e5,1.859
2026-10-09T23:37Z,10579,gA,1.989
2026-10-09T23:37Z,10579,gP,2.059
2026-10-09T23:37Z,10581,g95e5,1.785
2026-10-09T23:37Z,10581,gA,1.905
2026-10-09T23:37Z,10581,gP,1.995
2026-10-09T23:37Z,10581,g98e5,1.925
2026-10-09T23:37Z,10582,gA,1.939
2026-10-09T23:37Z,10582,gP,2.029
2026-10-09T23:37Z,10599,g95e5,1.829
2026-10-09T23:37Z,10599,g98e5,1.989
2026-10-09T23:37Z,10605,gA,1.957
2026-10-09T23:37Z,10608,gA,1.975
2026-10-09T23:37Z,10608,gP,2.105
2026-10-09T23:37Z,10610,gA,1.980
2026-10-09T23:37Z,10610,gP,2.115
2026-10-09T23:37Z,10611,gA,1.980
2026-10-09T23:37Z,10611,gP,2.115
2026-10-09T23:37Z,10619,g95e5,1.769
2026-10-09T23:37Z,10619,gA,1.925
2026-10-09T23:37Z,10619,g95e5p,1.849
2026-10-09T23:37Z,10619,gB,1.795
2026-10-09T23:37Z,10640,g95e5,1.789
2026-10-09T23:37Z,10640,gA,1.905
2026-10-09T23:37Z,10640,g98e5,1.899
2026-10-09T23:37Z,10647,g95e5,1.754
2026-10-09T23:37Z,10647,gA,1.884
2026-10-09T23:37Z,10647,gP,1.934
2026-10-09T23:37Z,10647,g98e5,1.894
2026-10-09T23:37Z,10662,g95e5,1.809
2026-10-09T23:37Z,10662,gA,1.925
2026-10-09T23:37Z,10662,gP,1.975
2026-10-09T23:37Z,10662,g98e5,1.969
2026-10-09T23:37Z,10663,g95e5,1.905
2026-10-09T23:37Z,10663,gA,1.905
2026-10-09T23:37Z,10663,g98e5,2.015
2026-10-09T23:37Z,10664,g95e5,1.869
2026-10-09T23:37Z,10664,gP,2.009
2026-10-09T23:37Z,10664,g98e5,1.979
2026-10-09T23:37Z,10666,g95e5,1.845
2026-10-09T23:37Z,10666,gA,1.955
2026-10-09T23:37Z,10666,gP,2.055
2026-10-09T23:37Z,10666,g98e5,1.965
2026-10-09T23:37Z,10668,g95e5,1.809
2026-10-09T23:37Z,10668,gA,1.905
2026-10-09T23:37Z,10668,gP,1.955
2026-10-09T23:37Z,10668,g98e5,1.929
2026-10-09T23:37Z,10669,g95e5,1.729
2026-10-09T23:37Z,10682,gA,1.965
2026-10-09T23:37Z,10682,g98e5,2.025
2026-10-09T23:37Z,10701,gA,1.965
2026-10-09T23:37Z,10710,g95e5,1.859
2026-10-09T23:37Z,10710,g98e5,1.999
2026-10-09T23:37Z,10720,g95e5,1.879
2026-10-09T23:37Z,10720,gA,1.979
2026-10-09T23:37Z,10720,g98e5,1.989
2026-10-09T23:37Z,10728,g95e5,1.855
2026-10-09T23:37Z,10728,gA,1.935
2026-10-09T23:37Z,10728,gP,2.025
2026-10-09T23:37Z,10728,g98e5,1.995
2026-10-09T23:37Z,10740,gA,2.000
2026-10-09T23:37Z,10740,gP,2.090
2026-10-09T23:37Z,10757,g95e5,1.839
2026-10-09T23:37Z,10757,gP,2.015
2026-10-09T23:37Z,10757,g98e5,1.959
2026-10-09T23:37Z,10776,gA,1.989
2026-10-09T23:37Z,10777,gP,1.849
2026-10-09T23:37Z,10829,g95e5,1.819
2026-10-09T23:37Z,10829,gA,1.959
2026-10-09T23:37Z,10829,gP,2.049
2026-10-09T23:37Z,10829,g98e5,1.959
2026-10-09T23:37Z,10830,g95e5,1.799
2026-10-09T23:37Z,10830,gA,1.999
2026-10-09T23:37Z,10830,gP,2.099
2026-10-09T23:37Z,10836,gA,1.959
2026-10-09T23:37Z,10836,g98e5,1.975
2026-10-09T23:37Z,10837,gA,1.959
2026-10-09T23:37Z,10837,g98e5,1.975
2026-10-09T23:37Z,10843,g95e5,1.749
2026-10-09T23:37Z,10843,gA,1.929
2026-10-09T23:37Z,10843,gP,1.979
2026-10-09T23:37Z,10843,g98e5,1.909
2026-10-09T23:37Z,10855,g95e5,1.829
2026-10-09T23:37Z,10855,gA,2.015
2026-10-09T23:37Z,10855,g98e5,1.939
2026-10-09T23:37Z,10860,g95e5,1.835
2026-10-09T23:37Z,10860,gA,2.005
2026-10-09T23:37Z,10861,g95e5,1.865
2026-10-09T23:37Z,10861,gA,1.985
2026-10-09T23:37Z,10861,gP,2.035
2026-10-09T23:37Z,10861,g98e5,1.975
2026-10-09T23:37Z,10861,gB,1.875
2026-10-09T23:37Z,10862,g95e5,1.855
2026-10-09T23:37Z,10862,gA,1.965
2026-10-09T23:37Z,10862,g98e5,1.965
2026-10-09T23:37Z,10863,g95e5,1.869
2026-10-09T23:37Z,10863,gA,2.015
2026-10-09T23:37Z,10863,gP,2.065
2026-10-09T23:37Z,10863,g98e5,1.979
2026-10-09T23:37Z,10864,g95e5,1.855
2026-10-09T23:37Z,10864,gA,1.915
2026-10-09T23:37Z,10864,gP,2.015
2026-10-09T23:37Z,10864,g98e5,1.965
2026-10-09T23:37Z,10864,gB,1.785
2026-10-09T23:37Z,10865,g95e5,1.839
2026-10-09T23:37Z,10865,gA,1.949
2026-10-09T23:37Z,10865,gP,1.999
2026-10-09T23:37Z,10865,g98e5,1.949
2026-10-09T23:37Z,10867,g95e5,1.869
2026-10-09T23:37Z,10867,gA,1.949
2026-10-09T23:37Z,10867,g98e5,1.979
2026-10-09T23:37Z,10867,g95e5p,1.929
2026-10-09T23:37Z,10868,g95e5,1.899
2026-10-09T23:37Z,10868,g98e5,2.009
2026-10-09T23:37Z,10869,g95e5,1.855
2026-10-09T23:37Z,10869,gA,2.015
2026-10-09T23:37Z,10869,g98e5,2.005
2026-10-09T23:37Z,10870,g95e5,1.855
2026-10-09T23:37Z,10870,gA,2.015
2026-10-09T23:37Z,10870,g98e5,2.005
2026-10-09T23:37Z,10872,g95e5,1.849
2026-10-09T23:37Z,10872,gA,1.899
2026-10-09T23:37Z,10872,g98e5,2.009
2026-10-09T23:37Z,10873,g95e5,1.889
2026-10-09T23:37Z,10873,gA,1.899
2026-10-09T23:37Z,10873,g98e5,2.049
2026-10-09T23:37Z,10874,g95e5,1.899
2026-10-09T23:37Z,10874,gA,1.905
2026-10-09T23:37Z,10874,gP,1.955
2026-10-09T23:37Z,10874,g98e5,2.059
2026-10-09T23:37Z,10875,g95e5,1.889
2026-10-09T23:37Z,10875,gA,1.899
2026-10-09T23:37Z,10875,g98e5,1.999
2026-10-09T23:37Z,10876,g95e5,1.839
2026-10-09T23:37Z,10876,gA,2.009
2026-10-09T23:37Z,10876,g98e5,1.989
2026-10-09T23:37Z,10876,g95e5p,1.909
2026-10-09T23:37Z,10876,gB,1.815
2026-10-09T23:37Z,10877,g95e5,1.785
2026-10-09T23:37Z,10877,g98e5,1.945
2026-10-09T23:37Z,10878,g95e5,1.785
2026-10-09T23:37Z,10878,g98e5,1.945
2026-10-09T23:37Z,10879,g95e5,1.775
2026-10-09T23:37Z,10879,gA,1.945
2026-10-09T23:37Z,10879,gP,1.995
2026-10-09T23:37Z,10879,g98e5,1.935
2026-10-09T23:37Z,10879,gB,1.715
2026-10-09T23:37Z,10880,g95e5,1.829
2026-10-09T23:37Z,10880,gA,2.025
2026-10-09T23:37Z,10880,g98e5,1.949
2026-10-09T23:37Z,10880,gB,1.739
2026-10-09T23:37Z,10881,gA,1.965
2026-10-09T23:37Z,10881,gP,2.065
2026-10-09T23:37Z,10881,g98e5,1.969
2026-10-09T23:37Z,10882,g95e5,1.865
2026-10-09T23:37Z,10882,gA,1.985
2026-10-09T23:37Z,10882,g98e5,2.025
2026-10-09T23:37Z,10883,g95e5,1.819
2026-10-09T23:37Z,10883,gA,1.945
2026-10-09T23:37Z,10883,g98e5,1.929
2026-10-09T23:37Z,10884,g95e5,1.839
2026-10-09T23:37Z,10884,gA,2.039
2026-10-09T23:37Z,10884,g98e5,1.999
2026-10-09T23:37Z,10885,gA,1.990
2026-10-09T23:37Z,10885,gP,2.084
2026-10-09T23:37Z,10886,g95e5,1.855
2026-10-09T23:37Z,10886,gA,1.989
2026-10-09T23:37Z,10888,g95e5,1.909
2026-10-09T23:37Z,10888,gA,2.005
2026-10-09T23:37Z,10888,g98e5,2.019
2026-10-09T23:37Z,10889,g95e5,1.879
2026-10-09T23:37Z,10889,gA,2.005
2026-10-09T23:37Z,10889,g98e5,1.989
2026-10-09T23:37Z,10890,g95e5,1.889
2026-10-09T23:37Z,10890,gA,2.015
2026-10-09T23:37Z,10890,g98e5,1.999
2026-10-09T23:37Z,10890,g95e5p,1.969
2026-10-09T23:37Z,10891,g95e5,1.855
2026-10-09T23:37Z,10891,g98e5,1.965
2026-10-09T23:37Z,10891,gB,1.905
2026-10-09T23:37Z,10892,g95e5,1.889
2026-10-09T23:37Z,10892,gA,1.999
2026-10-09T23:37Z,10892,g98e5,1.999
2026-10-09T23:37Z,10912,g95e5,1.905
2026-10-09T23:37Z,10912,gA,1.955
2026-10-09T23:37Z,10912,gP,2.005
2026-10-09T23:37Z,10912,g98e5,2.015
2026-10-09T23:37Z,10923,g95e5,1.809
2026-10-09T23:37Z,10923,gA,1.959
2026-10-09T23:37Z,10923,gP,2.059
2026-10-09T23:37Z,10923,g98e5,1.969
2026-10-09T23:37Z,10940,g95e5,1.859
2026-10-09T23:37Z,10940,g98e5,1.999
2026-10-09T23:37Z,10941,g95e5,1.859
2026-10-09T23:37Z,10941,g98e5,1.999
2026-10-09T23:37Z,10966,g95e5,1.795
2026-10-09T23:37Z,10966,gA,1.979
2026-10-09T23:37Z,10966,gP,2.069
2026-10-09T23:37Z,10966,g98e5,1.935
2026-10-09T23:37Z,10974,g95e5,1.855
2026-10-09T23:37Z,10974,gA,1.965
2026-10-09T23:37Z,10974,g98e5,1.965
2026-10-09T23:37Z,10976,gA,1.955
2026-10-09T23:37Z,10976,gP,2.055
2026-10-09T23:37Z,10976,gB,1.844
2026-10-09T23:37Z,10982,gA,1.980
2026-10-09T23:37Z,10982,gP,2.105
2026-10-09T23:37Z,10994,g95e5,1.829
2026-10-09T23:37Z,10994,gA,2.025
2026-10-09T23:37Z,11008,g95e5,1.839
2026-10-09T23:37Z,11008,gA,1.965
2026-10-09T23:37Z,11010,gA,2.000
2026-10-09T23:37Z,11010,gP,2.100
2026-10-09T23:37Z,11012,g95e5,1.829
2026-10-09T23:37Z,11012,gA,2.019
2026-10-09T23:37Z,11012,gP,2.069
2026-10-09T23:37Z,11012,g98e5,1.989
2026-10-09T23:37Z,11012,g95e5p,1.889
2026-10-09T23:37Z,11013,g95e5,1.779
2026-10-09T23:37Z,11013,gA,1.979
2026-10-09T23:37Z,11013,gP,2.059
2026-10-09T23:37Z,11013,g98e5,1.939
2026-10-09T23:37Z,11016,gA,1.975
2026-10-09T23:37Z,11016,gP,2.035
2026-10-09T23:37Z,11016,gB,1.864
2026-10-09T23:37Z,11021,g95e5,1.839
2026-10-09T23:37Z,11021,gA,1.979
2026-10-09T23:37Z,11021,gP,2.029
2026-10-09T23:37Z,11021,g98e5,1.999
2026-10-09T23:37Z,11025,gA,1.995
2026-10-09T23:37Z,11025,gP,2.084
2026-10-09T23:37Z,11026,gA,1.919
2026-10-09T23:37Z,11026,g98e5,1.935
2026-10-09T23:37Z,11026,gB,1.755
2026-10-09T23:37Z,11027,g95e5,1.829
2026-10-09T23:37Z,11027,gA,1.939
2026-10-09T23:37Z,11027,gP,2.029
2026-10-09T23:37Z,11027,g98e5,1.969
2026-10-09T23:37Z,11033,g95e5,1.775
2026-10-09T23:37Z,11033,gA,1.975
2026-10-09T23:37Z,11033,g98e5,1.935
2026-10-09T23:37Z,11048,gA,2.010
2026-10-09T23:37Z,11048,gP,2.105
2026-10-09T23:37Z,11054,gA,2.059
2026-10-09T23:37Z,11054,gP,2.175
2026-10-09T23:37Z,11058,gA,1.995
2026-10-09T23:37Z,11058,gP,2.065
2026-10-09T23:37Z,11060,gA,1.949
2026-10-09T23:37Z,11080,g95e5,1.815
2026-10-09T23:37Z,11080,gA,1.929
2026-10-09T23:37Z,11080,gP,1.979
2026-10-09T23:37Z,11080,g98e5,1.925
2026-10-09T23:37Z,11084,g95e5,1.885
2026-10-09T23:37Z,11084,gA,2.009
2026-10-09T23:37Z,11084,gP,2.089
2026-10-09T23:37Z,11084,g98e5,1.995
2026-10-09T23:37Z,11087,g95e5,1.825
2026-10-09T23:37Z,11087,gA,1.965
2026-10-09T23:37Z,11087,gP,2.055
2026-10-09T23:37Z,11087,g98e5,1.945
2026-10-09T23:37Z,11088,g95e5,1.839
2026-10-09T23:37Z,11088,gA,1.969
2026-10-09T23:37Z,11088,g98e5,1.949
2026-10-09T23:37Z,11097,g95e5,1.815
2026-10-09T23:37Z,11097,gA,1.999
2026-10-09T23:37Z,11097,g98e5,1.975
2026-10-09T23:37Z,11097,gB,1.869
2026-10-09T23:37Z,11123,g95e5,1.829
2026-10-09T23:37Z,11123,gA,1.979
2026-10-09T23:37Z,11126,g95e5,1.879
2026-10-09T23:37Z,11126,gA,1.965
2026-10-09T23:37Z,11126,g98e5,1.989
2026-10-09T23:37Z,11127,g95e5,1.875
2026-10-09T23:37Z,11127,gA,1.909
2026-10-09T23:37Z,11127,gP,1.999
2026-10-09T23:37Z,11127,g98e5,2.015
2026-10-09T23:37Z,11130,gB,1.876
2026-10-09T23:37Z,11131,gA,1.961
2026-10-09T23:37Z,11131,gB,1.877
2026-10-09T23:37Z,11137,gA,1.980
2026-10-09T23:37Z,11137,gP,2.084
2026-10-09T23:37Z,11138,gA,1.970
2026-10-09T23:37Z,11138,gP,2.085
2026-10-09T23:37Z,11140,gA,1.979
2026-10-09T23:37Z,11140,gP,2.059
2026-10-09T23:37Z,11142,gA,2.028
2026-10-09T23:37Z,11158,g95e5,1.775
2026-10-09T23:37Z,11158,gA,1.979
2026-10-09T23:37Z,11158,gP,2.079
2026-10-09T23:37Z,11158,gB,1.819
2026-10-09T23:37Z,11160,g95e5,1.845
2026-10-09T23:37Z,11160,g98e5,1.985
2026-10-09T23:37Z,11163,gA,2.010
2026-10-09T23:37Z,11163,gP,2.095
2026-10-09T23:37Z,11165,g95e5,1.855
2026-10-09T23:37Z,11165,gA,1.979
2026-10-09T23:37Z,11165,g98e5,1.965
2026-10-09T23:37Z,11167,g95e5,1.855
2026-10-09T23:37Z,11167,g98e5,1.995
2026-10-09T23:37Z,11170,g95e5,1.779
2026-10-09T23:37Z,11170,g98e5,1.889
2026-10-09T23:37Z,11181,g95e5,1.769
2026-10-09T23:37Z,11181,gA,1.925
2026-10-09T23:37Z,11181,gP,2.025
2026-10-09T23:37Z,11181,g98e5,1.929
2026-10-09T23:37Z,11185,g95e5,1.819
2026-10-09T23:37Z,11185,gA,1.969
2026-10-09T23:37Z,11185,gP,2.059
2026-10-09T23:37Z,11185,g98e5,1.959
2026-10-09T23:37Z,11189,g95e5,1.889
2026-10-09T23:37Z,11189,gA,1.949
2026-10-09T23:37Z,11189,g98e5,2.019
2026-10-09T23:37Z,11225,gA,2.007
2026-10-09T23:37Z,11225,gP,2.100
2026-10-09T23:37Z,11239,g95e5,1.895
2026-10-09T23:37Z,11239,gA,2.015
2026-10-09T23:37Z,11239,g98e5,2.005
2026-10-09T23:37Z,11245,g95e5,1.855
2026-10-09T23:37Z,11245,gA,1.969
2026-10-09T23:37Z,11245,gP,2.069
2026-10-09T23:37Z,11254,gA,1.935
2026-10-09T23:37Z,11254,gP,2.035
2026-10-09T23:37Z,11263,g95e5,1.849
2026-10-09T23:37Z,11263,gA,1.975
2026-10-09T23:37Z,11269,g95e5,1.789
2026-10-09T23:37Z,11269,gA,1.945
2026-10-09T23:37Z,11269,gP,2.045
2026-10-09T23:37Z,11269,gB,1.885
2026-10-09T23:37Z,11273,g95e5,1.885
2026-10-09T23:37Z,11273,gA,2.039
2026-10-09T23:37Z,11275,gA,1.935
2026-10-09T23:37Z,11276,g95e5,1.835
2026-10-09T23:37Z,11276,gA,1.959
2026-10-09T23:37Z,11276,g98e5,1.995
2026-10-09T23:37Z,11276,gB,1.875
2026-10-09T23:37Z,11293,g95e5,1.775
2026-10-09T23:37Z,11293,gA,1.975
2026-10-09T23:37Z,11293,gP,2.075
2026-10-09T23:37Z,11294,gA,1.974
2026-10-09T23:37Z,11294,gP,2.050
2026-10-09T23:37Z,11297,g95e5,1.815
2026-10-09T23:37Z,11297,gA,1.949
2026-10-09T23:37Z,11297,gP,1.999
2026-10-09T23:37Z,11297,g98e5,1.975
2026-10-09T23:37Z,11316,g95e5,1.849
2026-10-09T23:37Z,11316,gA,1.969
2026-10-09T23:37Z,11316,gP,2.019
2026-10-09T23:37Z,11316,g98e5,2.009
2026-10-09T23:37Z,11327,g95e5,1.809
2026-10-09T23:37Z,11327,gA,1.929
2026-10-09T23:37Z,11327,gP,1.979
2026-10-09T23:37Z,11327,g95e5p,1.859
2026-10-09T23:37Z,11331,g95e5,1.809
2026-10-09T23:37Z,11331,gA,1.889
2026-10-09T23:37Z,11331,gP,1.939
2026-10-09T23:37Z,11331,g98e5,1.929
2026-10-09T23:37Z,11337,g95e5,1.819
2026-10-09T23:37Z,11337,gA,1.849
2026-10-09T23:37Z,11337,gP,1.899
2026-10-09T23:37Z,11337,g95e5p,1.869
2026-10-09T23:37Z,11348,gA,1.699
2026-10-09T23:37Z,11348,gP,1.759
2026-10-09T23:37Z,11353,gA,1.970
2026-10-09T23:37Z,11353,gP,2.065
2026-10-09T23:37Z,11382,gA,1.919
2026-10-09T23:37Z,11382,gP,1.959
2026-10-09T23:37Z,11382,g98e5,1.859
2026-10-09T23:37Z,11383,g95e5,1.859
2026-10-09T23:37Z,11383,g98e5,1.999
2026-10-09T23:37Z,11412,gA,2.010
2026-10-09T23:37Z,11412,gP,2.095
2026-10-09T23:37Z,11414,g95e5,1.845
2026-10-09T23:37Z,11414,g98e5,1.985
2026-10-09T23:37Z,11417,gB,1.870
2026-10-09T23:37Z,11418,g95e5,1.775
2026-10-09T23:37Z,11418,gA,1.945
2026-10-09T23:37Z,11418,g98e5,1.935
2026-10-09T23:37Z,11421,g95e5,1.895
2026-10-09T23:37Z,11421,gA,1.999
2026-10-09T23:37Z,11421,gP,2.049
2026-10-09T23:37Z,11421,g98e5,2.005
2026-10-09T23:37Z,11424,g95e5,1.805
2026-10-09T23:37Z,11424,gA,1.929
2026-10-09T23:37Z,11424,gP,1.979
2026-10-09T23:37Z,11424,g98e5,1.915
2026-10-09T23:37Z,11424,g95e5p,1.885
2026-10-09T23:37Z,11427,g95e5,1.825
2026-10-09T23:37Z,11427,gA,1.965
2026-10-09T23:37Z,11427,gP,2.055
2026-10-09T23:37Z,11427,g98e5,1.945
2026-10-09T23:37Z,11428,g95e5,1.849
2026-10-09T23:37Z,11428,gA,1.935
2026-10-09T23:37Z,11428,gP,2.035
2026-10-09T23:37Z,11428,g98e5,1.999
2026-10-09T23:37Z,11443,g95e5,1.898
2026-10-09T23:37Z,11443,gA,1.987
2026-10-09T23:37Z,11443,gP,2.098
2026-10-09T23:37Z,11443,gB,1.888
2026-10-09T23:37Z,11450,gA,2.010
2026-10-09T23:37Z,11451,g95e5,1.859
2026-10-09T23:37Z,11451,gA,1.929
2026-10-09T23:37Z,11451,gP,2.019
2026-10-09T23:37Z,11451,g98e5,1.999
2026-10-09T23:37Z,11453,gA,1.970
2026-10-09T23:37Z,11453,gP,2.065
2026-10-09T23:37Z,11454,gA,1.990
2026-10-09T23:37Z,11454,gP,2.084
2026-10-09T23:37Z,11465,g95e5,1.859
2026-10-09T23:37Z,11465,gA,1.975
2026-10-09T23:37Z,11465,gP,2.025
2026-10-09T23:37Z,11465,g98e5,2.019
2026-10-09T23:37Z,11472,g95e5,1.885
2026-10-09T23:37Z,11472,gA,1.999
2026-10-09T23:37Z,11472,g98e5,1.995
2026-10-09T23:37Z,11472,g95e5p,1.955
2026-10-09T23:37Z,11474,g95e5,1.879
2026-10-09T23:37Z,11474,gA,1.935
2026-10-09T23:37Z,11474,gP,2.035
2026-10-09T23:37Z,11474,g98e5,2.039
2026-10-09T23:37Z,11480,gA,1.989
2026-10-09T23:37Z,11486,gA,1.955
2026-10-09T23:37Z,11486,gP,2.065
2026-10-09T23:37Z,11493,g95e5,1.835
2026-10-09T23:37Z,11493,gA,1.975
2026-10-09T23:37Z,11493,gP,2.025
2026-10-09T23:37Z,11493,g98e5,1.995
2026-10-09T23:37Z,11496,g95e5,1.795
2026-10-09T23:37Z,11496,gA,1.935
2026-10-09T23:37Z,11496,gP,2.015
2026-10-09T23:37Z,11496,g98e5,1.955
2026-10-09T23:37Z,11497,g95e5,1.909
2026-10-09T23:37Z,11497,gA,1.965
2026-10-09T23:37Z,11497,gP,2.015
2026-10-09T23:37Z,11499,g95e5,1.539
2026-10-09T23:37Z,11499,g98e5,1.679
2026-10-09T23:37Z,11511,gA,1.959
2026-10-09T23:37Z,11511,gP,2.029
2026-10-09T23:37Z,11515,g95e5,1.819
2026-10-09T23:37Z,11515,g98e5,1.959
2026-10-09T23:37Z,11526,g95e5,1.799
2026-10-09T23:37Z,11526,gA,1.925
2026-10-09T23:37Z,11526,gP,2.025
2026-10-09T23:37Z,11526,g98e5,1.909
2026-10-09T23:37Z,11526,g95e5p,1.879
2026-10-09T23:37Z,11531,g95e5,1.839
2026-10-09T23:37Z,11531,g98e5,1.979
2026-10-09T23:37Z,11534,g95e5,1.855
2026-10-09T23:37Z,11534,gA,1.999
2026-10-09T23:37Z,11534,g98e5,1.965
2026-10-09T23:37Z,11534,g95e5p,1.925
2026-10-09T23:37Z,11536,g95e5,1.855
2026-10-09T23:37Z,11536,gP,1.999
2026-10-09T23:37Z,11536,g98e5,1.965
2026-10-09T23:37Z,11538,g95e5,1.909
2026-10-09T23:37Z,11538,gA,2.009
2026-10-09T23:37Z,11538,g98e5,2.019
2026-10-09T23:37Z,11538,g95e5p,1.979
2026-10-09T23:37Z,11539,gA,2.020
2026-10-09T23:37Z,11539,gP,2.095
2026-10-09T23:37Z,11546,g95e5,1.815
2026-10-09T23:37Z,11546,gA,1.989
2026-10-09T23:37Z,11546,gP,2.039
2026-10-09T23:37Z,11546,g98e5,1.975
2026-10-09T23:37Z,11546,g95e5p,1.885
2026-10-09T23:37Z,11555,gA,1.958
2026-10-09T23:37Z,11560,g95e5,1.875
2026-10-09T23:37Z,11560,g98e5,1.985
2026-10-09T23:37Z,11560,gB,1.855
2026-10-09T23:37Z,11563,g95e5,1.815
2026-10-09T23:37Z,11563,gA,2.015
2026-10-09T23:37Z,11563,g98e5,1.945
2026-10-09T23:37Z,11564,g95e5,1.815
2026-10-09T23:37Z,11564,gA,2.015
2026-10-09T23:37Z,11564,g98e5,1.945
2026-10-09T23:37Z,11564,gB,1.815
2026-10-09T23:37Z,11575,g95e5,1.879
2026-10-09T23:37Z,11575,gA,2.009
2026-10-09T23:37Z,11575,g98e5,1.999
2026-10-09T23:37Z,11580,g95e5,1.815
2026-10-09T23:37Z,11580,gA,1.985
2026-10-09T23:37Z,11580,g98e5,1.925
2026-10-09T23:37Z,11588,g95e5,1.819
2026-10-09T23:37Z,11588,g98e5,1.959
2026-10-09T23:37Z,11593,g95e5,1.849
2026-10-09T23:37Z,11593,gP,2.025
2026-10-09T23:37Z,11593,g98e5,1.959
2026-10-09T23:37Z,11596,g95e5,1.795
2026-10-09T23:37Z,11596,gA,1.925
2026-10-09T23:37Z,11596,g98e5,1.905
2026-10-09T23:37Z,11596,g95e5p,1.865
2026-10-09T23:37Z,11633,gA,1.990
2026-10-09T23:37Z,11633,gP,2.065
2026-10-09T23:37Z,11634,g95e5,1.879
2026-10-09T23:37Z,11634,gA,1.999
2026-10-09T23:37Z,11634,gB,1.945
2026-10-09T23:37Z,11643,g95e5,1.849
2026-10-09T23:37Z,11643,gA,2.009
2026-10-09T23:37Z,11643,gP,2.099
2026-10-09T23:37Z,11643,g98e5,1.989
2026-10-09T23:37Z,11648,g95e5,1.869
2026-10-09T23:37Z,11648,gA,1.999
2026-10-09T23:37Z,11648,gP,2.049
2026-10-09T23:37Z,11648,gB,1.839
2026-10-09T23:37Z,11651,gA,1.939
2026-10-09T23:37Z,11660,g95e5,1.655
2026-10-09T23:37Z,11660,gA,1.749
2026-10-09T23:37Z,11660,gP,1.825
2026-10-09T23:37Z,11660,g98e5,1.725
2026-10-09T23:37Z,11661,g95e5,1.889
2026-10-09T23:37Z,11661,gA,2.005
2026-10-09T23:37Z,11662,g95e5,1.889
2026-10-09T23:37Z,11662,gA,2.005
2026-10-09T23:37Z,11669,g95e5,1.829
2026-10-09T23:37Z,11669,gA,1.929
2026-10-09T23:37Z,11669,g98e5,1.939
2026-10-09T23:37Z,11671,g95e5,1.889
2026-10-09T23:37Z,11671,g98e5,2.030
2026-10-09T23:37Z,11674,gA,1.964
2026-10-09T23:37Z,11674,gP,2.075
2026-10-09T23:37Z,11680,g95e5,1.789
2026-10-09T23:37Z,11680,gA,1.979
2026-10-09T23:37Z,11680,g98e5,1.909
2026-10-09T23:37Z,11685,gA,1.955
2026-10-09T23:37Z,11685,gP,2.040
2026-10-09T23:37Z,11687,gA,1.970
2026-10-09T23:37Z,11687,gP,2.065
2026-10-09T23:37Z,11691,g95e5,1.845
2026-10-09T23:37Z,11691,g98e5,1.986
2026-10-09T23:37Z,11696,g95e5,1.855
2026-10-09T23:37Z,11696,gA,1.925
2026-10-09T23:37Z,11696,gP,2.025
2026-10-09T23:37Z,11712,gA,1.989
2026-10-09T23:37Z,11712,gP,2.049
2026-10-09T23:37Z,11712,gB,1.659
2026-10-09T23:37Z,11722,g95e5,1.879
2026-10-09T23:37Z,11722,gA,2.009
2026-10-09T23:37Z,11722,g98e5,1.999
2026-10-09T23:37Z,11723,g95e5,1.835
2026-10-09T23:37Z,11723,gA,1.969
2026-10-09T23:37Z,11723,gP,2.079
2026-10-09T23:37Z,11723,g98e5,1.995
2026-10-09T23:37Z,11724,gA,1.969
2026-10-09T23:37Z,11724,gP,2.040
2026-10-09T23:37Z,11729,g95e5,1.809
2026-10-09T23:37Z,11729,gA,1.975
2026-10-09T23:37Z,11729,gP,2.065
2026-10-09T23:37Z,11729,g98e5,1.949
2026-10-09T23:37Z,11734,g95e5,1.809
2026-10-09T23:37Z,11734,gA,1.975
2026-10-09T23:37Z,11734,gP,2.065
2026-10-09T23:37Z,11734,g98e5,1.949
2026-10-09T23:37Z,11746,g95e5,1.879
2026-10-09T23:37Z,11746,gA,1.999
2026-10-09T23:37Z,11746,gP,2.099
2026-10-09T23:37Z,11746,g98e5,2.039
2026-10-09T23:37Z,11746,gB,1.945
2026-10-09T23:37Z,11749,gA,1.954
2026-10-09T23:37Z,11749,gP,2.045
2026-10-09T23:37Z,11752,gA,1.899
2026-10-09T23:37Z,11755,g95e5,1.889
2026-10-09T23:37Z,11755,gA,2.009
2026-10-09T23:37Z,11755,gP,2.079
2026-10-09T23:37Z,11755,g98e5,2.069
2026-10-09T23:37Z,11757,g95e5,1.549
2026-10-09T23:37Z,11757,gA,1.709
2026-10-09T23:37Z,11757,gP,1.789
2026-10-09T23:37Z,11757,g98e5,1.639
2026-10-09T23:37Z,11766,g95e5,1.879
2026-10-09T23:37Z,11766,gA,1.965
2026-10-09T23:37Z,11766,gP,2.015
2026-10-09T23:37Z,11766,g98e5,1.989
2026-10-09T23:37Z,11766,g95e5p,1.959
2026-10-09T23:37Z,11767,g95e5,1.909
2026-10-09T23:37Z,11767,gA,2.039
2026-10-09T23:37Z,11767,gP,2.089
2026-10-09T23:37Z,11768,g95e5,1.859
2026-10-09T23:37Z,11768,g98e5,1.999
2026-10-09T23:37Z,11777,g95e5,1.885
2026-10-09T23:37Z,11777,gA,1.935
2026-10-09T23:37Z,11777,gP,1.985
2026-10-09T23:37Z,11778,g95e5,1.819
2026-10-09T23:37Z,11778,gA,1.927
2026-10-09T23:37Z,11778,g98e5,1.939
2026-10-09T23:37Z,11781,g95e5,1.909
2026-10-09T23:37Z,11781,gA,2.019
2026-10-09T23:37Z,11781,gP,2.109
2026-10-09T23:37Z,11781,g98e5,2.049
2026-10-09T23:37Z,11786,gA,1.935
2026-10-09T23:37Z,11786,g98e5,1.985
2026-10-09T23:37Z,11787,g95e5,1.839
2026-10-09T23:37Z,11787,gA,2.029
2026-10-09T23:37Z,11787,g98e5,1.949
2026-10-09T23:37Z,11792,gA,1.980
2026-10-09T23:37Z,11792,gP,2.004
2026-10-09T23:37Z,11799,gA,1.964
2026-10-09T23:37Z,11799,gP,2.075
2026-10-09T23:37Z,11800,g95e5,1.848
2026-10-09T23:37Z,11800,gA,1.929
2026-10-09T23:37Z,11800,g98e5,1.988
2026-10-09T23:37Z,11803,g95e5,1.849
2026-10-09T23:37Z,11803,gA,1.965
2026-10-09T23:37Z,11803,gP,2.055
2026-10-09T23:37Z,11803,g98e5,1.989
2026-10-09T23:37Z,11811,gP,2.059
2026-10-09T23:37Z,11823,g95e5,1.765
2026-10-09T23:37Z,11823,gA,1.949
2026-10-09T23:37Z,11823,gP,1.999
2026-10-09T23:37Z,11823,g98e5,1.925
2026-10-09T23:37Z,11828,g95e5,1.539
2026-10-09T23:37Z,11828,gA,1.719
2026-10-09T23:37Z,11832,g95e5,1.899
2026-10-09T23:37Z,11832,gA,2.039
2026-10-09T23:37Z,11832,g98e5,2.009
2026-10-09T23:37Z,11832,g95e5p,1.969
2026-10-09T23:37Z,11833,g95e5,1.839
2026-10-09T23:37Z,11833,gA,1.959
2026-10-09T23:37Z,11833,g98e5,1.999
2026-10-09T23:37Z,11834,g95e5,1.839
2026-10-09T23:37Z,11834,gA,1.959
2026-10-09T23:37Z,11834,g98e5,1.999
2026-10-09T23:37Z,11836,gA,1.929
2026-10-09T23:37Z,11852,g95e5,1.875
2026-10-09T23:37Z,11852,gP,1.979
2026-10-09T23:37Z,11894,gA,1.967
2026-10-09T23:37Z,11894,gB,1.874
2026-10-09T23:37Z,11895,g95e5,1.825
2026-10-09T23:37Z,11895,gA,1.929
2026-10-09T23:37Z,11895,gP,2.019
2026-10-09T23:37Z,11895,g98e5,1.965
2026-10-09T23:37Z,11898,g95e5,1.819
2026-10-09T23:37Z,11898,g98e5,1.959
2026-10-09T23:37Z,11904,gA,2.020
2026-10-09T23:37Z,11904,gP,2.134
2026-10-09T23:37Z,11904,gB,1.924
2026-10-09T23:37Z,11910,gA,2.000
2026-10-09T23:37Z,11910,gP,2.095
2026-10-09T23:37Z,11911,gA,2.000
2026-10-09T23:37Z,11911,gP,2.095
2026-10-09T23:37Z,11912,g95e5,1.859
2026-10-09T23:37Z,11912,gA,1.965
2026-10-09T23:37Z,11912,g98e5,2.019
2026-10-09T23:37Z,11912,g95e5p,1.929
2026-10-09T23:37Z,11914,g95e5,1.919
2026-10-09T23:37Z,11914,gA,2.005
2026-10-09T23:37Z,11914,g98e5,2.039
2026-10-09T23:37Z,11915,g95e5,1.799
2026-10-09T23:37Z,11915,gA,1.959
2026-10-09T23:37Z,11915,g98e5,1.959
2026-10-09T23:37Z,11920,g95e5,1.859
2026-10-09T23:37Z,11920,g98e5,1.999
2026-10-09T23:37Z,11922,g95e5,1.618
2026-10-09T23:37Z,11922,gA,1.748
2026-10-09T23:37Z,11922,gP,1.819
2026-10-09T23:37Z,11942,gA,1.940
2026-10-09T23:37Z,11942,gP,2.035
2026-10-09T23:37Z,11945,g95e5,1.899
2026-10-09T23:37Z,11945,gA,2.039
2026-10-09T23:37Z,11945,g98e5,2.039
2026-10-09T23:37Z,11946,g95e5,1.835
2026-10-09T23:37Z,11946,gA,2.005
2026-10-09T23:37Z,11946,gP,2.055
2026-10-09T23:37Z,11955,g95e5,1.869
2026-10-09T23:37Z,11955,gA,1.939
2026-10-09T23:37Z,11955,g98e5,1.979
2026-10-09T23:37Z,11964,g95e5,1.889
2026-10-09T23:37Z,11964,gA,1.899
2026-10-09T23:37Z,11964,g98e5,1.999
2026-10-09T23:37Z,11970,g95e5,1.799
2026-10-09T23:37Z,11970,gA,1.959
2026-10-09T23:37Z,11970,g98e5,1.959
2026-10-09T23:37Z,11972,gA,1.944
2026-10-09T23:37Z,11972,gP,2.024
2026-10-09T23:37Z,11974,g95e5,1.819
2026-10-09T23:37Z,11974,gA,1.949
2026-10-09T23:37Z,11974,g98e5,1.929
2026-10-09T23:37Z,11974,g95e5p,1.879
2026-10-09T23:37Z,11975,g95e5,1.839
2026-10-09T23:37Z,11975,gA,1.949
2026-10-09T23:37Z,11975,g95e5p,1.839
2026-10-09T23:37Z,11975,glp,1.105
2026-10-09T23:37Z,11976,gA,1.929
2026-10-09T23:37Z,11976,gP,2.019
2026-10-09T23:37Z,11985,g95e5,1.869
2026-10-09T23:37Z,11985,gA,1.969
2026-10-09T23:37Z,11986,g95e5,1.805
2026-10-09T23:37Z,11986,gA,1.955
2026-10-09T23:37Z,11986,g98e5,1.915
2026-10-09T23:37Z,11986,gB,1.755
2026-10-09T23:37Z,11990,gA,2.004
2026-10-09T23:37Z,11990,gP,2.105
2026-10-09T23:37Z,11995,g95e5,1.889
2026-10-09T23:37Z,11995,gA,2.029
2026-10-09T23:37Z,11995,g98e5,2.029
2026-10-09T23:37Z,12008,g95e5,1.839
2026-10-09T23:37Z,12008,g98e5,1.979
2026-10-09T23:37Z,12009,g95e5,1.819
2026-10-09T23:37Z,12009,gA,1.915
2026-10-09T23:37Z,12009,gP,2.005
2026-10-09T23:37Z,12009,g98e5,1.959
2026-10-09T23:37Z,12021,gA,1.990
2026-10-09T23:37Z,12021,gP,2.065
2026-10-09T23:37Z,12022,g95e5,1.839
2026-10-09T23:37Z,12022,gA,2.025
2026-10-09T23:37Z,12022,gP,2.075
2026-10-09T23:37Z,12022,g98e5,1.959
2026-10-09T23:37Z,12023,g95e5,1.839
2026-10-09T23:37Z,12023,gA,2.025
2026-10-09T23:37Z,12023,gP,2.075
2026-10-09T23:37Z,12023,g98e5,1.959
2026-10-09T23:37Z,12032,g95e5,1.809
2026-10-09T23:37Z,12032,g98e5,1.949
2026-10-09T23:37Z,12038,g95e5,1.829
2026-10-09T23:37Z,12038,gA,1.965
2026-10-09T23:37Z,12038,gP,2.015
2026-10-09T23:37Z,12038,g98e5,1.939
2026-10-09T23:37Z,12044,g95e5,1.859
2026-10-09T23:37Z,12044,gA,2.015
2026-10-09T23:37Z,12044,gP,2.065
2026-10-09T23:37Z,12044,g98e5,1.969
2026-10-09T23:37Z,12045,g95e5,1.889
2026-10-09T23:37Z,12045,gA,2.015
2026-10-09T23:37Z,12045,g98e5,1.999
2026-10-09T23:37Z,12045,gB,1.905
2026-10-09T23:37Z,12046,g95e5,1.889
2026-10-09T23:37Z,12046,gA,2.015
2026-10-09T23:37Z,12046,g98e5,1.999
2026-10-09T23:37Z,12046,gB,1.865
2026-10-09T23:37Z,12048,g95e5,1.709
2026-10-09T23:37Z,12053,g95e5,1.869
2026-10-09T23:37Z,12053,gA,1.985
2026-10-09T23:37Z,12053,gP,2.075
2026-10-09T23:37Z,12053,g98e5,2.009
2026-10-09T23:37Z,12054,g95e5,1.849
2026-10-09T23:37Z,12054,gA,1.979
2026-10-09T23:37Z,12054,gP,2.069
2026-10-09T23:37Z,12054,g98e5,1.989
2026-10-09T23:37Z,12055,gA,1.799
2026-10-09T23:37Z,12055,gP,1.859
2026-10-09T23:37Z,12084,gA,1.669
2026-10-09T23:37Z,12085,gA,1.989
2026-10-09T23:37Z,12085,gP,2.049
2026-10-09T23:37Z,12085,gB,1.789
2026-10-09T23:37Z,12091,gA,2.027
2026-10-09T23:37Z,12091,gP,2.115
2026-10-09T23:37Z,12096,g95e5,1.839
2026-10-09T23:37Z,12096,gA,2.025
2026-10-09T23:37Z,12096,g98e5,1.999
2026-10-09T23:37Z,12101,gA,1.970
2026-10-09T23:37Z,12101,gP,2.055
2026-10-09T23:37Z,12109,gA,1.975
2026-10-09T23:37Z,12109,gP,2.055
2026-10-09T23:37Z,12110,gA,1.975
2026-10-09T23:37Z,12110,gP,2.055
2026-10-09T23:37Z,12111,gA,1.952
2026-10-09T23:37Z,12115,gA,1.899
2026-10-09T23:37Z,12119,g95e5,1.769
2026-10-09T23:37Z,12119,g98e5,1.869
2026-10-09T23:37Z,12120,g95e5,1.865
2026-10-09T23:37Z,12120,gA,1.925
2026-10-09T23:37Z,12124,gP,2.049
2026-10-09T23:37Z,12124,g98e5,1.969
2026-10-09T23:37Z,12125,gP,2.049
2026-10-09T23:37Z,12125,g98e5,1.969
2026-10-09T23:37Z,12132,g95e5,1.855
2026-10-09T23:37Z,12132,g98e5,1.995
2026-10-09T23:37Z,12134,gA,1.955
2026-10-09T23:37Z,12134,gP,2.055
2026-10-09T23:37Z,12140,gA,2.004
2026-10-09T23:37Z,12140,gP,2.085
2026-10-09T23:37Z,12146,gA,1.955
2026-10-09T23:37Z,12146,gP,2.065
2026-10-09T23:37Z,12152,gA,1.939
2026-10-09T23:37Z,12152,gP,2.029
2026-10-09T23:37Z,12158,g95e5,1.855
2026-10-09T23:37Z,12158,gA,2.015
2026-10-09T23:37Z,12158,g98e5,1.975
2026-10-09T23:37Z,12159,g95e5,1.855
2026-10-09T23:37Z,12159,gA,2.015
2026-10-09T23:37Z,12159,g98e5,1.975
2026-10-09T23:37Z,12190,g95e5,1.929
2026-10-09T23:37Z,12190,g98e5,2.069
2026-10-09T23:37Z,12190,g95e5p,1.969
2026-10-09T23:37Z,12193,g95e5,1.919
2026-10-09T23:37Z,12193,gA,2.005
2026-10-09T23:37Z,12193,g98e5,2.039
2026-10-09T23:37Z,12202,g95e5,1.825
2026-10-09T23:37Z,12202,gA,1.949
2026-10-09T23:37Z,12202,gP,2.049
2026-10-09T23:37Z,12202,g98e5,1.985
2026-10-09T23:37Z,12214,gA,1.970
2026-10-09T23:37Z,12214,gP,2.045
2026-10-09T23:37Z,12214,gB,1.919
2026-10-09T23:37Z,12223,g95e5,1.709
2026-10-09T23:37Z,12223,gA,1.839
2026-10-09T23:37Z,12223,gP,1.889
2026-10-09T23:37Z,12223,g95e5p,1.759
2026-10-09T23:37Z,12232,g95e5,1.895
2026-10-09T23:37Z,12232,gA,1.955
2026-10-09T23:37Z,12232,gP,2.025
2026-10-09T23:37Z,12232,g98e5,2.005
2026-10-09T23:37Z,12239,g95e5,1.895
2026-10-09T23:37Z,12239,gA,2.019
2026-10-09T23:37Z,12243,g95e5,1.872
2026-10-09T23:37Z,12243,gA,1.960
2026-10-09T23:37Z,12243,g98e5,2.049
2026-10-09T23:37Z,12243,gB,1.728
2026-10-09T23:37Z,12247,g95e5,1.839
2026-10-09T23:37Z,12247,gA,2.025
2026-10-09T23:37Z,12247,g98e5,1.949
2026-10-09T23:37Z,12259,gA,1.959
2026-10-09T23:37Z,12259,gP,2.065
2026-10-09T23:37Z,12266,gA,1.989
2026-10-09T23:37Z,12283,g95e5,1.889
2026-10-09T23:37Z,12283,gP,2.025
2026-10-09T23:37Z,12283,g98e5,2.049
2026-10-09T23:37Z,12284,g95e5,1.839
2026-10-09T23:37Z,12284,gA,1.935
2026-10-09T23:37Z,12284,gP,2.025
2026-10-09T23:37Z,12284,g98e5,1.979
2026-10-09T23:37Z,12290,g95e5,1.845
2026-10-09T23:37Z,12290,gA,1.979
2026-10-09T23:37Z,12290,gP,2.069
2026-10-09T23:37Z,12290,g98e5,1.985
2026-10-09T23:37Z,12346,gA,1.985
2026-10-09T23:37Z,12346,gP,2.075
2026-10-09T23:37Z,12350,g95e5,1.879
2026-10-09T23:37Z,12350,gA,2.019
2026-10-09T23:37Z,12350,g98e5,1.989
2026-10-09T23:37Z,12351,gA,1.969
2026-10-09T23:37Z,12351,gP,2.019
2026-10-09T23:37Z,12351,g98e5,1.899
2026-10-09T23:37Z,12357,gA,1.984
2026-10-09T23:37Z,12357,gP,2.075
2026-10-09T23:37Z,12370,g95e5,1.519
2026-10-09T23:37Z,12370,gA,1.699
2026-10-09T23:37Z,12370,g98e5,1.649
2026-10-09T23:37Z,12395,g95e5,1.895
2026-10-09T23:37Z,12395,gA,2.025
2026-10-09T23:37Z,12395,g98e5,2.055
2026-10-09T23:37Z,12396,gA,1.955
2026-10-09T23:37Z,12396,g98e5,1.985
2026-10-09T23:37Z,12401,g95e5,1.825
2026-10-09T23:37Z,12401,gA,1.909
2026-10-09T23:37Z,12401,gP,1.999
2026-10-09T23:37Z,12401,g98e5,1.965
2026-10-09T23:37Z,12425,gA,1.949
2026-10-09T23:37Z,12425,gP,2.051
2026-10-09T23:37Z,12425,g98e5,1.977
2026-10-09T23:37Z,12433,gA,1.989
2026-10-09T23:37Z,12433,gP,2.049
2026-10-09T23:37Z,12433,gB,1.669
2026-10-09T23:37Z,12453,gA,2.020
2026-10-09T23:37Z,12458,gA,2.010
2026-10-09T23:37Z,12458,gP,2.100
2026-10-09T23:37Z,12472,gA,1.942
2026-10-09T23:37Z,12472,gB,1.862
2026-10-09T23:37Z,12479,gA,1.599
2026-10-09T23:37Z,12479,gP,1.699
2026-10-09T23:37Z,12483,g95e5,1.875
2026-10-09T23:37Z,12483,gA,1.909
2026-10-09T23:37Z,12483,gP,1.999
2026-10-09T23:37Z,12483,g98e5,2.015
2026-10-09T23:37Z,12489,gA,1.949
2026-10-09T23:37Z,12489,gP,2.039
2026-10-09T23:37Z,12507,gA,1.989
2026-10-09T23:37Z,12507,gP,2.049
2026-10-09T23:37Z,12509,g95e5,1.789
2026-10-09T23:37Z,12509,gA,1.919
2026-10-09T23:37Z,12509,g98e5,1.909
2026-10-09T23:37Z,12523,g95e5,1.579
2026-10-09T23:37Z,12523,gA,1.729
2026-10-09T23:37Z,12523,gP,1.849
2026-10-09T23:37Z,12523,g98e5,1.719
2026-10-09T23:37Z,12535,g95e5,1.839
2026-10-09T23:37Z,12535,gA,1.989
2026-10-09T23:37Z,12535,gP,2.079
2026-10-09T23:37Z,12535,g98e5,1.979
2026-10-09T23:37Z,12544,gA,1.948
2026-10-09T23:37Z,12544,gB,1.868
2026-10-09T23:37Z,12572,gA,1.969
2026-10-09T23:37Z,12572,g98e5,1.965
2026-10-09T23:37Z,12581,g95e5,1.825
2026-10-09T23:37Z,12581,g98e5,1.965
2026-10-09T23:37Z,12584,g95e5,1.839
2026-10-09T23:37Z,12584,g98e5,1.979
2026-10-09T23:37Z,12605,g95e5,1.809
2026-10-09T23:37Z,12605,g98e5,1.949
2026-10-09T23:37Z,12615,gA,1.990
2026-10-09T23:37Z,12615,gP,2.060
2026-10-09T23:37Z,12624,g95e5,1.819
2026-10-09T23:37Z,12624,gA,1.969
2026-10-09T23:37Z,12624,gP,2.059
2026-10-09T23:37Z,12624,g98e5,1.959
2026-10-09T23:37Z,12630,gA,1.719
2026-10-09T23:37Z,12636,gA,2.039
2026-10-09T23:37Z,12636,gP,2.149
2026-10-09T23:37Z,12644,gA,2.010
2026-10-09T23:37Z,12644,gP,2.115
2026-10-09T23:37Z,12644,gB,1.874
2026-10-09T23:37Z,12647,gA,2.020
2026-10-09T23:37Z,12647,gP,2.135
2026-10-09T23:37Z,12650,g95e5,1.799
2026-10-09T23:37Z,12650,gA,1.925
2026-10-09T23:37Z,12650,gP,2.025
2026-10-09T23:37Z,12650,g98e5,1.959
2026-10-09T23:37Z,12668,gA,1.699
2026-10-09T23:37Z,12672,g95e5,1.775
2026-10-09T23:37Z,12672,gA,1.945
2026-10-09T23:37Z,12672,gP,2.045
2026-10-09T23:37Z,12672,g98e5,1.935
2026-10-09T23:37Z,12680,gA,1.960
2026-10-09T23:37Z,12680,gB,1.924
2026-10-09T23:37Z,12690,g95e5,1.859
2026-10-09T23:37Z,12690,g98e5,1.999
2026-10-09T23:37Z,12691,g95e5,1.859
2026-10-09T23:37Z,12691,gA,1.929
2026-10-09T23:37Z,12691,gP,2.019
2026-10-09T23:37Z,12691,g98e5,1.999
2026-10-09T23:37Z,12699,g95e5,1.819
2026-10-09T23:37Z,12699,gA,1.925
2026-10-09T23:37Z,12708,g95e5,1.855
2026-10-09T23:37Z,12708,gA,1.975
2026-10-09T23:37Z,12708,g98e5,1.965
2026-10-09T23:37Z,12708,gB,1.899
2026-10-09T23:37Z,12761,gA,1.929
2026-10-09T23:37Z,12761,gP,2.029
2026-10-09T23:37Z,12761,gB,1.649
2026-10-09T23:37Z,12795,gA,2.000
2026-10-09T23:37Z,12795,gP,2.085
2026-10-09T23:37Z,12795,gB,1.854
2026-10-09T23:37Z,12811,g95e5,1.845
2026-10-09T23:37Z,12811,gA,1.975
2026-10-09T23:37Z,12811,gP,2.065
2026-10-09T23:37Z,12811,g98e5,1.985
2026-10-09T23:37Z,12822,gA,1.695
2026-10-09T23:37Z,12827,g95e5,1.859
2026-10-09T23:37Z,12827,g98e5,1.999
2026-10-09T23:37Z,12840,gA,1.989
2026-10-09T23:37Z,12840,gP,2.049
2026-10-09T23:37Z,12844,g95e5,1.829
2026-10-09T23:37Z,12844,gA,1.959
2026-10-09T23:37Z,12844,g98e5,1.939
2026-10-09T23:37Z,12845,gA,1.735
2026-10-09T23:37Z,12846,g95e5,1.825
2026-10-09T23:37Z,12846,gA,1.925
2026-10-09T23:37Z,12846,gP,1.975
2026-10-09T23:37Z,12846,g98e5,1.985
2026-10-09T23:37Z,12847,g95e5,1.835
2026-10-09T23:37Z,12847,gA,1.995
2026-10-09T23:37Z,12847,g98e5,1.995
2026-10-09T23:37Z,12865,gA,1.980
2026-10-09T23:37Z,12865,gP,2.065
2026-10-09T23:37Z,12866,gA,1.970
2026-10-09T23:37Z,12866,gP,2.065
2026-10-09T23:37Z,12871,g95e5,1.829
2026-10-09T23:37Z,12871,gA,1.955
2026-10-09T23:37Z,12871,gP,2.045
2026-10-09T23:37Z,12871,g98e5,1.969
2026-10-09T23:37Z,12874,gA,1.989
2026-10-09T23:37Z,12918,g95e5,1.749
2026-10-09T23:37Z,12918,gA,1.859
2026-10-09T23:37Z,12918,g98e5,1.869
2026-10-09T23:37Z,12929,g95e5,1.539
2026-10-09T23:37Z,12929,gA,1.709
2026-10-09T23:37Z,12929,gP,1.829
2026-10-09T23:37Z,12929,g98e5,1.669
2026-10-09T23:37Z,12939,gA,1.759
2026-10-09T23:37Z,12940,g95e5,1.895
2026-10-09T23:37Z,12940,gA,2.009
2026-10-09T23:37Z,12940,gP,2.069
2026-10-09T23:37Z,12940,g98e5,2.005
2026-10-09T23:37Z,12940,g95e5p,1.965
2026-10-09T23:37Z,12949,g95e5,1.855
2026-10-09T23:37Z,12949,gA,1.929
2026-10-09T23:37Z,12949,gP,2.019
2026-10-09T23:37Z,12949,g98e5,1.995
2026-10-09T23:37Z,12952,g95e5,1.625
2026-10-09T23:37Z,12952,gA,1.765
2026-10-09T23:37Z,12967,gA,1.999
2026-10-09T23:37Z,12967,gP,2.049
2026-10-09T23:37Z,12967,g98e5,1.939
2026-10-09T23:37Z,12968,g95e5,1.809
2026-10-09T23:37Z,12968,gA,1.935
2026-10-09T23:37Z,12968,gP,1.985
2026-10-09T23:37Z,12968,g98e5,1.969
2026-10-09T23:37Z,12969,g95e5,1.539
2026-10-09T23:37Z,12969,gA,1.699
2026-10-09T23:37Z,12969,g98e5,1.669
2026-10-09T23:37Z,12970,gA,1.769
2026-10-09T23:37Z,12977,gA,2.010
2026-10-09T23:37Z,12977,gP,2.135
2026-10-09T23:37Z,12977,gB,1.924
2026-10-09T23:37Z,13001,g95e5,1.795
2026-10-09T23:37Z,13001,gA,1.915
2026-10-09T23:37Z,13001,gP,2.005
2026-10-09T23:37Z,13001,g98e5,1.935
2026-10-09T23:37Z,13012,gA,1.719
2026-10-09T23:37Z,13012,gP,1.839
2026-10-09T23:37Z,13046,gA,2.004
2026-10-09T23:37Z,13047,gA,1.749
2026-10-09T23:37Z,13057,g95e5,1.799
2026-10-09T23:37Z,13057,gA,1.889
2026-10-09T23:37Z,13057,gP,1.929
2026-10-09T23:37Z,13057,g98e5,1.979
2026-10-09T23:37Z,13059,g95e5,1.809
2026-10-09T23:37Z,13059,gA,1.945
2026-10-09T23:37Z,13059,gP,2.035
2026-10-09T23:37Z,13063,g95e5,1.819
2026-10-09T23:37Z,13063,gA,1.969
2026-10-09T23:37Z,13063,gP,2.059
2026-10-09T23:37Z,13063,g98e5,1.959
2026-10-09T23:37Z,13075,g95e5,1.849
2026-10-09T23:37Z,13075,g98e5,1.989
2026-10-09T23:37Z,13091,gA,1.979
2026-10-09T23:37Z,13091,gP,2.039
2026-10-09T23:37Z,13104,g95e5,1.825
2026-10-09T23:37Z,13104,gA,1.995
2026-10-09T23:37Z,13104,g98e5,1.985
2026-10-09T23:37Z,13131,gA,1.974
2026-10-09T23:37Z,13131,gB,1.894
2026-10-09T23:37Z,13135,gP,1.828
2026-10-09T23:37Z,13146,g95e5,1.859
2026-10-09T23:37Z,13146,gA,1.919
2026-10-09T23:37Z,13146,gP,2.019
2026-10-09T23:37Z,13146,g98e5,1.969
2026-10-09T23:37Z,13189,g95e5,1.829
2026-10-09T23:37Z,13189,gA,1.995
2026-10-09T23:37Z,13189,g98e5,1.989
2026-10-09T23:37Z,13199,g95e5,1.859
2026-10-09T23:37Z,13199,gA,1.975
2026-10-09T23:37Z,13246,g95e5,1.895
2026-10-09T23:37Z,13246,gA,1.945
2026-10-09T23:37Z,13246,gP,1.995
2026-10-09T23:37Z,13247,g95e5,1.829
2026-10-09T23:37Z,13247,gA,1.959
2026-10-09T23:37Z,13247,g98e5,1.939
2026-10-09T23:37Z,13292,g95e5,1.449
2026-10-09T23:37Z,13292,gA,1.589
2026-10-09T23:37Z,13292,gP,1.699
2026-10-09T23:37Z,13292,g95e5p,1.499
2026-10-09T23:37Z,13299,g95e5,1.859
2026-10-09T23:37Z,13299,gA,1.925
2026-10-09T23:37Z,13299,gP,2.015
2026-10-09T23:37Z,13299,g98e5,1.999
2026-10-09T23:37Z,13301,g95e5,1.785
2026-10-09T23:37Z,13301,gA,1.905
2026-10-09T23:37Z,13301,gP,1.995
2026-10-09T23:37Z,13301,g98e5,1.925
2026-10-09T23:37Z,13308,g95e5,1.879
2026-10-09T23:37Z,13308,g95e5p,1.949
2026-10-09T23:37Z,13316,g95e5,1.749
2026-10-09T23:37Z,13316,g98e5,1.879
2026-10-09T23:37Z,13353,g95e5,1.566
2026-10-09T23:37Z,13353,gA,1.699
2026-10-09T23:37Z,13353,gP,1.745
2026-10-09T23:37Z,13353,g98e5,1.661
2026-10-09T23:37Z,13361,g95e5,1.805
2026-10-09T23:37Z,13361,gA,1.949
2026-10-09T23:37Z,13361,g98e5,1.925
2026-10-09T23:37Z,13362,g95e5,1.849
2026-10-09T23:37Z,13362,gA,1.965
2026-10-09T23:37Z,13362,gP,2.065
2026-10-09T23:37Z,13362,g98e5,2.009
2026-10-09T23:37Z,13362,gB,1.759
2026-10-09T23:37Z,13375,g95e5,1.849
2026-10-09T23:37Z,13375,gA,1.989
2026-10-09T23:37Z,13375,gP,2.099
2026-10-09T23:37Z,13375,g98e5,2.019
2026-10-09T23:37Z,13375,gB,1.849
2026-10-09T23:37Z,13376,g95e5,1.835
2026-10-09T23:37Z,13376,gA,1.999
2026-10-09T23:37Z,13376,g98e5,1.945
2026-10-09T23:37Z,13376,gB,1.735
2026-10-09T23:37Z,13379,g95e5,1.785
2026-10-09T23:37Z,13379,gA,1.989
2026-10-09T23:37Z,13379,gP,2.039
2026-10-09T23:37Z,13379,g98e5,1.895
2026-10-09T23:37Z,13418,g95e5,1.865
2026-10-09T23:37Z,13418,gA,1.975
2026-10-09T23:37Z,13418,gP,2.025
2026-10-09T23:37Z,13418,g98e5,1.975
2026-10-09T23:37Z,13434,gA,1.929
2026-10-09T23:37Z,13434,gP,1.949
2026-10-09T23:37Z,13434,g98e5,1.999
2026-10-09T23:37Z,13436,gA,1.799
2026-10-09T23:37Z,13479,gA,1.960
2026-10-09T23:37Z,13489,gA,1.952
2026-10-09T23:37Z,13489,gB,1.859
2026-10-09T23:37Z,13491,gA,1.960
2026-10-09T23:37Z,13491,gP,2.075
2026-10-09T23:37Z,13499,g95e5,1.799
2026-10-09T23:37Z,13499,gA,1.939
2026-10-09T23:37Z,13499,gP,1.989
2026-10-09T23:37Z,13499,g98e5,1.899
2026-10-09T23:37Z,13499,glp,0.889
2026-10-09T23:37Z,13565,gA,1.989
2026-10-09T23:37Z,13565,gB,1.659
2026-10-09T23:37Z,13567,g95e5,1.845
2026-10-09T23:37Z,13567,g98e5,1.985
2026-10-09T23:37Z,13574,gA,1.799
2026-10-09T23:37Z,13630,g95e5,1.839
2026-10-09T23:37Z,13630,gA,1.935
2026-10-09T23:37Z,13630,gP,2.025
2026-10-09T23:37Z,13630,g98e5,1.979
2026-10-09T23:37Z,13641,g95e5,1.759
2026-10-09T23:37Z,13641,gA,1.919
2026-10-09T23:37Z,13641,gP,1.969
2026-10-09T23:37Z,13664,g95e5,1.799
2026-10-09T23:37Z,13664,gA,1.939
2026-10-09T23:37Z,13664,gP,1.989
2026-10-09T23:37Z,13664,g98e5,1.899
2026-10-09T23:37Z,13670,g95e5,1.869
2026-10-09T23:37Z,13670,g98e5,2.009
2026-10-09T23:37Z,13688,g95e5,1.845
2026-10-09T23:37Z,13688,gA,1.899
2026-10-09T23:37Z,13688,gP,1.999
2026-10-09T23:37Z,13688,g98e5,2.005
2026-10-09T23:37Z,13688,g95e5p,1.925
2026-10-09T23:37Z,13720,g95e5,1.839
2026-10-09T23:37Z,13720,gA,1.965
2026-10-09T23:37Z,13720,gP,2.015
2026-10-09T23:37Z,13720,g98e5,1.999
2026-10-09T23:37Z,13736,gA,2.015
2026-10-09T23:37Z,13736,gP,2.095
2026-10-09T23:37Z,13747,gA,1.975
2026-10-09T23:37Z,13747,g98e5,2.005
2026-10-09T23:37Z,13781,glp,0.939
2026-10-09T23:37Z,13784,g98e5,1.985
2026-10-09T23:37Z,13784,gB,1.815
2026-10-09T23:37Z,13823,g95e5,1.679
2026-10-09T23:37Z,13823,gA,1.749
2026-10-09T23:37Z,13837,gA,1.599
2026-10-09T23:37Z,13837,gP,1.699
2026-10-09T23:37Z,13856,g95e5,1.669
2026-10-09T23:37Z,13916,g95e5,1.875
2026-10-09T23:37Z,13916,gA,1.965
2026-10-09T23:37Z,13916,gP,2.055
2026-10-09T23:37Z,13916,g98e5,2.015
2026-10-09T23:37Z,13960,g95e5,1.859
2026-10-09T23:37Z,13960,gA,1.949
2026-10-09T23:37Z,13960,g98e5,1.969
2026-10-09T23:37Z,13960,g95e5p,1.929
2026-10-09T23:37Z,13983,g95e5,1.799
2026-10-09T23:37Z,13983,gA,1.925
2026-10-09T23:37Z,13983,gP,2.025
2026-10-09T23:37Z,13983,g98e5,1.959
2026-10-09T23:37Z,13983,g95e5p,1.869
2026-10-09T23:37Z,13985,g95e5,1.799
2026-10-09T23:37Z,13985,gA,1.945
2026-10-09T23:37Z,13985,gP,2.015
2026-10-09T23:37Z,13985,g98e5,1.959
2026-10-09T23:37Z,13985,g95e5p,1.879
2026-10-09T23:37Z,13985,gB,1.875
2026-10-09T23:37Z,14026,g95e5,1.779
2026-10-09T23:37Z,14026,gA,1.939
2026-10-09T23:37Z,14026,gP,2.029
2026-10-09T23:37Z,14026,g98e5,1.919
2026-10-09T23:37Z,14071,g95e5,1.539
2026-10-09T23:37Z,14071,gA,1.699
2026-10-09T23:37Z,14071,g98e5,1.669
2026-10-09T23:37Z,14071,g95e5p,1.599
2026-10-09T23:37Z,14123,gA,1.965
2026-10-09T23:37Z,14123,gP,2.064
2026-10-09T23:37Z,14149,g95e5,1.539
2026-10-09T23:37Z,14149,g98e5,1.669
2026-10-09T23:37Z,14150,g95e5,1.829
2026-10-09T23:37Z,14150,gA,2.025
2026-10-09T23:37Z,14150,gP,2.075
2026-10-09T23:37Z,14150,g98e5,1.949
2026-10-09T23:37Z,14150,gB,1.715
2026-10-09T23:37Z,14154,gA,2.010
2026-10-09T23:37Z,14154,gP,2.095
2026-10-09T23:37Z,14232,g95e5,1.835
2026-10-09T23:37Z,14232,gA,1.935
2026-10-09T23:37Z,14232,gP,2.025
2026-10-09T23:37Z,14232,g98e5,1.975
2026-10-09T23:37Z,14258,gP,2.019
2026-10-09T23:37Z,14270,g95e5,1.844
2026-10-09T23:37Z,14270,gA,1.974
2026-10-09T23:37Z,14270,gP,2.064
2026-10-09T23:37Z,14270,g95e5p,1.894
2026-10-09T23:37Z,14281,g95e5,1.855
2026-10-09T23:37Z,14281,gA,2.019
2026-10-09T23:37Z,14281,g98e5,1.965
2026-10-09T23:37Z,14281,g95e5p,1.925
2026-10-09T23:37Z,14307,g95e5,1.679
2026-10-09T23:37Z,14315,g95e5,1.759
2026-10-09T23:37Z,14315,gA,1.909
2026-10-09T23:37Z,14315,gP,1.959
2026-10-09T23:37Z,14315,g95e5p,1.809
2026-10-09T23:37Z,14359,g95e5,1.759
2026-10-09T23:37Z,14359,gA,1.839
2026-10-09T23:37Z,14359,gP,1.889
2026-10-09T23:37Z,14367,g95e5,1.825
2026-10-09T23:37Z,14367,gA,1.939
2026-10-09T23:37Z,14367,gP,2.039
2026-10-09T23:37Z,14380,g95e5,1.665
2026-10-09T23:37Z,14380,gA,1.745
2026-10-09T23:37Z,14390,gA,1.965
2026-10-09T23:37Z,14390,gB,1.905
2026-10-09T23:37Z,14407,g95e5,1.839
2026-10-09T23:37Z,14407,gA,1.969
2026-10-09T23:37Z,14407,g98e5,1.949
2026-10-09T23:37Z,14407,gB,1.775
2026-10-09T23:37Z,14415,g95e5,1.815
2026-10-09T23:37Z,14415,gP,1.969
2026-10-09T23:37Z,14415,g98e5,1.925
2026-10-09T23:37Z,14415,g95e5p,1.885
2026-10-09T23:37Z,14415,gB,1.785
2026-10-09T23:37Z,14430,g95e5,1.819
2026-10-09T23:37Z,14430,gA,1.935
2026-10-09T23:37Z,14430,gP,2.025
2026-10-09T23:37Z,14430,g98e5,1.959
2026-10-09T23:37Z,14434,g95e5,1.839
2026-10-09T23:37Z,14434,gA,1.969
2026-10-09T23:37Z,14434,g98e5,1.949
2026-10-09T23:37Z,14434,gB,1.775
2026-10-09T23:37Z,14447,g95e5,1.809
2026-10-09T23:37Z,14447,gP,1.899
2026-10-09T23:37Z,14449,g95e5,1.709
2026-10-09T23:37Z,14449,gA,1.819
2026-10-09T23:37Z,14514,gB,1.859
2026-10-09T23:37Z,14521,g95e5,1.979
2026-10-09T23:37Z,14521,g98e5,2.079
2026-10-09T23:37Z,14522,g95e5,1.749
2026-10-09T23:37Z,14522,gA,1.829
2026-10-09T23:37Z,14522,gP,1.879
2026-10-09T23:37Z,14530,g95e5,1.809
2026-10-09T23:37Z,14530,gA,1.929
2026-10-09T23:37Z,14530,gP,2.019
2026-10-09T23:37Z,14530,g98e5,1.949
2026-10-09T23:37Z,14569,g95e5,1.795
2026-10-09T23:37Z,14569,gA,1.915
2026-10-09T23:37Z,14569,gP,2.005
2026-10-09T23:37Z,14569,g98e5,1.935
2026-10-09T23:37Z,14589,g95e5,1.689
2026-10-09T23:37Z,14589,gA,1.819
2026-10-09T23:37Z,14632,gA,1.889
2026-10-09T23:37Z,14632,gP,1.989
2026-10-09T23:37Z,14670,g95e5,1.869
2026-10-09T23:37Z,14670,gA,1.975
2026-10-09T23:37Z,14670,gP,2.025
2026-10-09T23:37Z,14681,gA,1.939
2026-10-09T23:37Z,14681,gP,2.040
2026-10-09T23:37Z,14689,g95e5,1.899
2026-10-09T23:37Z,14689,gA,2.009
2026-10-09T23:37Z,14689,gP,2.069
2026-10-09T23:37Z,14689,g98e5,2.019
2026-10-09T23:37Z,14694,gA,1.688
2026-10-09T23:37Z,14710,gA,1.989
2026-10-09T23:37Z,14710,gP,2.049
2026-10-09T23:37Z,14718,gA,1.989
2026-10-09T23:37Z,14718,gP,2.049
2026-10-09T23:37Z,14718,gB,1.659
2026-10-09T23:37Z,14755,g95e5,1.845
2026-10-09T23:37Z,14755,gA,1.965
2026-10-09T23:37Z,14755,gP,2.045
2026-10-09T23:37Z,14755,g98e5,2.005
2026-10-09T23:37Z,14755,g95e5p,1.905
2026-10-09T23:37Z,14808,g95e5,1.749
2026-10-09T23:37Z,14808,gP,1.879
2026-10-09T23:37Z,14808,g98e5,1.899
2026-10-09T23:37Z,14817,g95e5,1.709
2026-10-09T23:37Z,14817,g98e5,1.959
2026-10-09T23:37Z,14821,g95e5,1.785
2026-10-09T23:37Z,14821,gA,1.905
2026-10-09T23:37Z,14821,gP,1.995
2026-10-09T23:37Z,14821,g98e5,1.925
2026-10-09T23:37Z,14834,g95e5,1.859
2026-10-09T23:37Z,14834,gA,1.935
2026-10-09T23:37Z,14834,gP,2.025
2026-10-09T23:37Z,14834,g98e5,1.999
2026-10-09T23:37Z,14851,g95e5,1.855
2026-10-09T23:37Z,14851,gA,1.945
2026-10-09T23:37Z,14851,gP,2.035
2026-10-09T23:37Z,14851,g98e5,1.995
2026-10-09T23:37Z,14868,g95e5,1.555
2026-10-09T23:37Z,14868,gA,1.725
2026-10-09T23:37Z,14868,g98e5,1.669
2026-10-09T23:37Z,14887,g95e5,1.759
2026-10-09T23:37Z,14889,g95e5,1.799
2026-10-09T23:37Z,14889,gA,1.898
2026-10-09T23:37Z,14901,gA,1.915
2026-10-09T23:37Z,14901,gP,2.035
2026-10-09T23:37Z,14904,gA,1.855
2026-10-09T23:37Z,14906,g95e5,1.889
2026-10-09T23:37Z,14906,gA,2.029
2026-10-09T23:37Z,14906,g98e5,2.029
2026-10-09T23:37Z,14934,g95e5,1.699
2026-10-09T23:37Z,14936,gA,2.010
2026-10-09T23:37Z,14936,gP,2.115
2026-10-09T23:37Z,14978,gA,2.010
2026-10-09T23:37Z,14978,gP,2.090
2026-10-09T23:37Z,14986,gA,1.989
2026-10-09T23:37Z,14987,gA,1.989
2026-10-09T23:37Z,15009,gA,1.980
2026-10-09T23:37Z,15009,gP,2.084
2026-10-09T23:37Z,15033,g95e5,1.865
2026-10-09T23:37Z,15033,gA,2.005
2026-10-09T23:37Z,15033,gP,2.055
2026-10-09T23:37Z,15033,g98e5,1.975
2026-10-09T23:37Z,15049,gA,1.969
2026-10-09T23:37Z,15049,gP,2.019
2026-10-09T23:37Z,15049,g98e5,1.995
2026-10-09T23:37Z,15055,gP,1.799
2026-10-09T23:37Z,15087,g95e5,1.819
2026-10-09T23:37Z,15087,gA,1.899
2026-10-09T23:37Z,15087,gP,1.949
2026-10-09T23:37Z,15087,g98e5,1.959
2026-10-09T23:37Z,15090,g95e5,1.855
2026-10-09T23:37Z,15090,gA,1.975
2026-10-09T23:37Z,15090,g98e5,1.965
2026-10-09T23:37Z,15101,gA,1.729
2026-10-09T23:37Z,15101,gP,1.849
2026-10-09T23:37Z,15107,gA,1.899
2026-10-09T23:37Z,15107,g98e5,1.929
2026-10-09T23:37Z,15116,g95e5,1.898
2026-10-09T23:37Z,15116,gA,1.987
2026-10-09T23:37Z,15116,gP,2.098
2026-10-09T23:37Z,15116,g98e5,1.999
2026-10-09T23:37Z,15116,gB,1.888
2026-10-09T23:37Z,15152,g95e5,1.639
2026-10-09T23:37Z,15165,gA,1.924
2026-10-09T23:37Z,15165,gP,2.025
2026-10-09T23:37Z,15171,gA,2.015
2026-10-09T23:37Z,15171,gP,2.115
2026-10-09T23:37Z,15200,g95e5,1.649
2026-10-09T23:37Z,15200,gA,1.739
2026-10-09T23:37Z,15217,g95e5,1.909
2026-10-09T23:37Z,15217,gA,1.909
2026-10-09T23:37Z,15217,g98e5,2.069
2026-10-09T23:37Z,15217,g95e5p,1.979
2026-10-09T23:37Z,15239,gA,1.849
2026-10-09T23:37Z,15267,g95e5,1.639
2026-10-09T23:37Z,15267,gA,1.739
2026-10-09T23:37Z,15309,gA,1.760
2026-10-09T23:37Z,15357,gA,1.799
2026-10-09T23:37Z,15497,g95e5,1.819
2026-10-09T23:37Z,15497,g98e5,1.959
2026-10-09T23:37Z,15504,g95e5,1.705
2026-10-09T23:37Z,15504,gA,1.869
2026-10-09T23:37Z,15534,gA,1.599
2026-10-09T23:37Z,15534,gP,1.699
2026-10-09T23:37Z,15549,gA,2.015
2026-10-09T23:37Z,15549,gP,2.075
2026-10-09T23:37Z,15549,gB,1.795
2026-10-09T23:37Z,15559,g95e5,1.739
2026-10-09T23:37Z,15578,gA,2.030
2026-10-09T23:37Z,15578,gP,2.105
2026-10-09T23:37Z,15605,g95e5,1.644
2026-10-09T23:37Z,15605,gA,1.767
2026-10-09T23:37Z,15658,gA,2.015
2026-10-09T23:37Z,15658,gP,2.105
2026-10-09T23:37Z,15664,g95e5,1.759
2026-10-09T23:37Z,15667,g95e5,1.899
2026-10-09T23:37Z,15667,gA,1.999
2026-10-09T23:37Z,15667,gP,2.019
2026-10-09T23:37Z,15667,g98e5,1.929
2026-10-09T23:37Z,15675,g95e5,1.879
2026-10-09T23:37Z,15675,gA,1.955
2026-10-09T23:37Z,15675,g98e5,1.999
2026-10-09T23:37Z,15675,g95e5p,1.949
2026-10-09T23:37Z,15676,g95e5,1.825
2026-10-09T23:37Z,15676,gA,1.959
2026-10-09T23:37Z,15676,g98e5,1.985
2026-10-09T23:37Z,15682,g95e5,1.799
2026-10-09T23:37Z,15682,gA,1.849
2026-10-09T23:37Z,15682,gP,1.899
2026-10-09T23:37Z,15682,g98e5,1.899
2026-10-09T23:37Z,15702,g95e5,1.819
2026-10-09T23:37Z,15702,gA,1.919
2026-10-09T23:37Z,15702,gP,2.039
2026-10-09T23:37Z,15702,g98e5,1.939
2026-10-09T23:37Z,15702,gB,1.799
2026-10-09T23:37Z,15709,g95e5,1.749
2026-10-09T23:37Z,15709,gA,1.799
2026-10-09T23:37Z,15739,g95e5,1.749
2026-10-09T23:37Z,15739,gA,1.889
2026-10-09T23:37Z,15739,gP,1.939
2026-10-09T23:37Z,15739,g98e5,1.889
2026-10-09T23:37Z,15769,gA,2.000
2026-10-09T23:37Z,15769,gP,2.085
2026-10-09T23:37Z,15806,gA,2.000
2026-10-09T23:37Z,15806,gP,2.135
2026-10-09T23:37Z,15812,g95e5,1.669
2026-10-09T23:37Z,15812,gA,1.819
2026-10-09T23:37Z,15830,g95e5,1.855
2026-10-09T23:37Z,15830,g98e5,1.995
2026-10-09T23:37Z,15831,gA,1.776
2026-10-09T23:37Z,15844,gB,1.860
2026-10-09T23:37Z,15845,g95e5,1.805
2026-10-09T23:37Z,15845,gA,1.939
2026-10-09T23:37Z,15845,g98e5,1.965
2026-10-09T23:37Z,15887,g95e5,1.789
2026-10-09T23:37Z,15887,gA,1.969
2026-10-09T23:37Z,15940,g95e5,1.839
2026-10-09T23:37Z,15940,gA,1.944
2026-10-09T23:37Z,15940,gP,2.035
2026-10-09T23:37Z,15940,g98e5,1.980
2026-10-09T23:37Z,15950,g95e5,1.689
2026-10-09T23:37Z,15950,gA,1.809
2026-10-09T23:37Z,15950,gP,1.819
2026-10-09T23:37Z,15979,gA,2.025
2026-10-09T23:37Z,15986,g95e5,1.739
2026-10-09T23:37Z,16031,g95e5,1.825
2026-10-09T23:37Z,16031,g98e5,1.965
2026-10-09T23:37Z,16042,g95e5,1.799
2026-10-09T23:37Z,16042,gA,1.899
2026-10-09T23:37Z,16042,g98e5,1.939
2026-10-09T23:37Z,16047,gP,1.799
2026-10-09T23:37Z,16072,g95e5,1.845
2026-10-09T23:37Z,16072,gA,1.945
2026-10-09T23:37Z,16072,gP,1.995
2026-10-09T23:37Z,16097,g95e5,1.784
2026-10-09T23:37Z,16097,gA,1.869
2026-10-09T23:37Z,16165,gB,1.928
2026-10-09T23:37Z,16194,gA,1.959
2026-10-09T23:37Z,16194,gP,1.989
2026-10-09T23:37Z,16195,g95e5,1.779
2026-10-09T23:37Z,16195,gA,1.889
2026-10-09T23:37Z,16195,gP,1.949
2026-10-09T23:37Z,16195,g98e5,1.879
2026-10-09T23:37Z,16202,gA,1.995
2026-10-09T23:37Z,16203,g95e5,1.849
2026-10-09T23:37Z,16203,gA,1.869
2026-10-09T23:37Z,16203,g98e5,1.949
2026-10-09T23:37Z,16205,g95e5,1.829
2026-10-09T23:37Z,16205,gA,1.989
2026-10-09T23:37Z,16205,g98e5,1.939
2026-10-09T23:37Z,16205,gB,1.819
2026-10-09T23:37Z,16226,gA,2.000
2026-10-09T23:37Z,16226,gP,2.090
2026-10-09T23:37Z,16236,g95e5,1.819
2026-10-09T23:37Z,16237,g95e5,1.729
2026-10-09T23:37Z,16237,g98e5,1.859
2026-10-09T23:37Z,16239,gB,1.924
2026-10-09T23:37Z,16241,g95e5,1.839
2026-10-09T23:37Z,16241,gA,1.965
2026-10-09T23:37Z,16243,gA,1.989
2026-10-09T23:37Z,16243,gP,2.075
2026-10-09T23:37Z,16257,gA,1.944
2026-10-09T23:37Z,16257,gB,1.872
2026-10-09T23:37Z,16283,gA,2.020
2026-10-09T23:37Z,16283,gB,1.884
2026-10-09T23:37Z,16294,g95e5,1.705
2026-10-09T23:37Z,16295,g95e5,1.799
2026-10-09T23:37Z,16295,gA,1.939
2026-10-09T23:37Z,16295,gP,2.029
2026-10-09T23:37Z,16295,g98e5,1.939
2026-10-09T23:37Z,16314,g95e5,1.729
2026-10-09T23:37Z,16314,gA,1.859
2026-10-09T23:37Z,16355,g95e5,1.729
2026-10-09T23:37Z,16355,gA,1.789
2026-10-09T23:37Z,16423,g95e5,1.869
2026-10-09T23:37Z,16423,gA,1.975
2026-10-09T23:37Z,16423,g98e5,2.009
2026-10-09T23:37Z,16461,g95e5,1.845
2026-10-09T23:37Z,16461,gA,1.939
2026-10-09T23:37Z,16461,g98e5,1.955
2026-10-09T23:37Z,16474,g95e5,1.599
2026-10-09T23:37Z,16474,gA,1.739
2026-10-09T23:37Z,16474,gP,1.779
2026-10-09T23:37Z,16514,gA,1.789
2026-10-09T23:37Z,16534,g95e5,1.599
