id,combustible,actual,min30,max30,media30,dias
1,gA,1.879,1.869,1.879,1.8740,3
1,gP,1.939,1.929,1.939,1.9340,3
3,g95e5,1.805,1.805,1.805,1.8050,3
3,gA,1.949,1.935,1.949,1.9445,4
3,gP,2.009,2.009,2.009,2.0090,2
3,g98e5,1.925,1.925,1.925,1.9250,3
4,g95e5,1.785,1.785,1.799,1.7943,3
4,gA,1.929,1.919,1.929,1.9257,3
4,gP,2.009,1.999,2.009,2.0057,3
4,g98e5,1.925,1.925,1.939,1.9343,3
6,g95e5,1.814,1.814,1.814,1.8140,4
6,gA,1.994,1.974,1.994,1.9873,3
6,gP,2.094,2.074,2.094,2.0873,3
11,g95e5,1.788,1.788,1.788,1.7880,2
11,gA,1.889,1.879,1.889,1.8840,2
11,g98e5,1.909,1.909,1.909,1.9090,2
11,gB,1.733,1.733,1.733,1.7330,3
12,g95e5,1.785,1.785,1.799,1.7943,3
12,gA,1.929,1.919,1.929,1.9257,3
12,gP,2.009,1.999,2.009,2.0057,3
12,g98e5,1.925,1.925,1.939,1.9343,3
14,g95e5,1.699,1.699,1.699,1.6990,2
14,gA,1.799,1.799,1.799,1.7990,2
14,gP,1.839,1.839,1.839,1.8390,2
14,g98e5,1.819,1.819,1.819,1.8190,2
16,g95e5,1.789,1.779,1.789,1.7865,4
16,gA,1.959,1.945,1.959,1.9545,4
16,g98e5,1.959,1.959,1.959,1.9590,3
17,gA,1.949,1.939,1.949,1.9423,3
19,g95e5,1.779,1.779,1.779,1.7790,2
19,gA,1.939,1.929,1.939,1.9357,3
19,gP,2.029,2.019,2.029,2.0257,3
19,g98e5,1.919,1.919,1.919,1.9190,2
21,g95e5,1.795,1.795,1.795,1.7950,2
21,gA,1.925,1.925,1.925,1.9250,2
21,gP,1.995,1.995,1.995,1.9950,2
21,g98e5,1.955,1.955,1.955,1.9550,2
23,g95e5,1.729,1.729,1.729,1.7290,2
23,gA,1.849,1.849,1.849,1.8490,2
23,g98e5,1.859,1.859,1.859,1.8590,2
27,g95e5,1.774,1.769,1.779,1.7728,4
27,gA,1.959,1.949,1.959,1.9540,4
27,gP,2.049,2.039,2.049,2.0440,4
28,g95e5,1.819,1.809,1.819,1.8140,4
28,gA,1.919,1.919,1.919,1.9190,4
28,gP,1.969,1.969,1.969,1.9690,4
28,g98e5,1.959,1.949,1.959,1.9540,4
29,g95e5,1.744,1.744,1.744,1.7440,4
29,gA,1.919,1.909,1.919,1.9127,4
29,gP,1.969,1.959,1.969,1.9627,4
32,g95e5,1.629,1.619,1.629,1.6223,3
32,gA,1.719,1.719,1.719,1.7190,3
32,gP,1.779,1.779,1.779,1.7790,3
33,g95e5,1.560,1.539,1.560,1.5497,3
33,gA,1.650,1.619,1.650,1.6360,3
33,gP,1.750,1.719,1.750,1.7360,3
34,gA,1.709,1.709,1.709,1.7090,2
34,gP,1.809,1.809,1.809,1.8090,2
35,g95e5,1.616,1.597,1.616,1.6067,3
35,gA,1.716,1.697,1.716,1.7067,3
35,gP,1.816,1.797,1.816,1.8067,3
36,g95e5,1.695,1.677,1.695,1.6857,3
36,gA,1.779,1.759,1.779,1.7690,3
36,gP,1.879,1.859,1.879,1.8690,3
37,g95e5,1.616,1.597,1.616,1.6067,3
37,gA,1.716,1.697,1.716,1.7067,3
37,gP,1.816,1.797,1.816,1.8067,3
39,gA,1.849,1.849,1.849,1.8490,3
39,gP,1.889,1.889,1.889,1.8890,3
40,g95e5,1.739,1.739,1.739,1.7390,3
40,gA,1.879,1.869,1.879,1.8723,3
40,gP,1.919,1.909,1.919,1.9123,3
40,g98e5,1.959,1.949,1.959,1.9557,3
42,g95e5,1.879,1.869,1.879,1.8757,3
42,gA,2.029,1.999,2.029,2.0123,3
42,gP,2.129,2.099,2.129,2.1123,3
42,g95e5p,1.959,1.949,1.959,1.9557,3
46,g95e5,1.799,1.799,1.799,1.7990,3
46,gA,1.949,1.939,1.949,1.9457,3
46,gP,2.009,2.009,2.009,2.0090,2
46,g98e5,1.929,1.919,1.929,1.9257,3
47,g95e5,1.805,1.795,1.805,1.8025,4
47,gA,1.949,1.939,1.949,1.9457,3
47,gP,2.009,1.999,2.009,2.0057,3
47,g98e5,1.975,1.975,1.975,1.9750,3
47,g95e5p,1.875,1.875,1.875,1.8750,3
48,g95e5,1.805,1.795,1.805,1.8025,4
48,gA,1.949,1.945,1.949,1.9477,3
48,g98e5,1.925,1.925,1.925,1.9250,3
48,gB,1.744,1.739,1.744,1.7423,3
49,g95e5,1.805,1.805,1.805,1.8050,3
49,gA,1.949,1.935,1.949,1.9445,4
49,g98e5,1.925,1.925,1.925,1.9250,3
49,gB,1.744,1.739,1.744,1.7423,3
51,g95e5,1.805,1.805,1.805,1.8050,2
51,gA,1.945,1.925,1.945,1.9383,3
51,g98e5,1.975,1.965,1.975,1.9717,3
51,gB,1.714,1.709,1.714,1.7123,3
52,g95e5,1.825,1.825,1.825,1.8250,3
52,gA,1.945,1.945,1.949,1.9463,3
52,gP,2.055,2.055,2.059,2.0563,3
52,g98e5,1.995,1.995,1.995,1.9950,3
55,g95e5,1.795,1.789,1.795,1.7930,3
55,gA,1.959,1.949,1.959,1.9557,3
55,gP,2.039,2.029,2.039,2.0357,3
55,g98e5,1.965,1.959,1.965,1.9630,3
55,gB,1.714,1.709,1.714,1.7123,3
56,g95e5,1.824,1.824,1.824,1.8240,2
56,gA,1.964,1.964,1.964,1.9640,2
56,gP,2.064,2.064,2.064,2.0640,2
56,g98e5,1.944,1.944,1.944,1.9440,2
57,g95e5,1.789,1.779,1.789,1.7865,4
57,gA,1.945,1.945,1.945,1.9450,3
57,gP,2.055,2.055,2.055,2.0550,3
57,g98e5,1.959,1.959,1.959,1.9590,3
59,g95e5,1.805,1.805,1.805,1.8050,3
59,gA,1.955,1.949,1.955,1.9530,3
59,g98e5,1.975,1.975,1.975,1.9750,3
60,g95e5,1.815,1.815,1.815,1.8150,3
60,gA,1.975,1.975,1.975,1.9750,3
60,gP,2.035,2.035,2.035,2.0350,3
60,g98e5,1.935,1.935,1.935,1.9350,3
61,g95e5,1.799,1.799,1.799,1.7990,3
61,gA,1.919,1.909,1.919,1.9157,3
61,g98e5,1.949,1.949,1.949,1.9490,3
61,gB,1.749,1.739,1.749,1.7457,3
62,gA,1.889,1.875,1.889,1.8820,2
62,gB,1.749,1.739,1.749,1.7440,2
63,g95e5,1.809,1.799,1.809,1.8065,4
63,gA,1.959,1.959,1.969,1.9615,4
63,gP,2.019,2.019,2.029,2.0223,3
63,g98e5,1.929,1.929,1.929,1.9290,3
64,g95e5,1.805,1.805,1.805,1.8050,3
64,gA,1.949,1.945,1.949,1.9477,3
64,gP,2.039,2.035,2.039,2.0377,3
64,g98e5,1.975,1.975,1.975,1.9750,3
65,gA,1.949,1.949,1.949,1.9490,3
65,gP,2.029,2.029,2.029,2.0290,3
66,g95e5,1.644,1.644,1.644,1.6440,4
66,gA,1.744,1.744,1.744,1.7440,4
66,gP,1.794,1.794,1.794,1.7940,4
66,g95e5p,1.694,1.694,1.694,1.6940,4
66,gB,1.664,1.649,1.664,1.6552,4
67,g95e5,1.759,1.759,1.759,1.7590,4
67,gA,1.879,1.879,1.879,1.8790,4
67,gP,1.929,1.929,1.929,1.9290,4
68,g95e5,1.759,1.759,1.759,1.7590,4
68,gA,1.879,1.879,1.879,1.8790,4
68,gP,1.929,1.929,1.929,1.9290,4
68,g98e5,1.869,1.869,1.869,1.8690,4
69,g95e5,1.709,1.709,1.709,1.7090,4
69,gA,1.849,1.839,1.849,1.8440,4
69,g98e5,1.829,1.829,1.829,1.8290,4
69,gB,1.639,1.619,1.639,1.6290,4
70,g95e5,1.799,1.799,1.799,1.7990,2
70,gA,1.979,1.969,1.979,1.9757,3
70,gP,2.079,2.069,2.079,2.0757,3
70,g98e5,1.919,1.919,1.919,1.9190,2
71,g95e5,1.799,1.799,1.799,1.7990,2
71,gA,1.979,1.969,1.979,1.9757,3
71,gP,2.079,2.069,2.079,2.0757,3
71,g98e5,1.919,1.919,1.919,1.9190,2
72,g95e5,1.659,1.659,1.669,1.6615,4
72,gA,1.779,1.759,1.779,1.7665,4
72,gP,1.829,1.809,1.829,1.8165,4
72,g95e5p,1.709,1.709,1.719,1.7115,4
73,g95e5,1.689,1.669,1.689,1.6840,4
73,gA,1.849,1.829,1.849,1.8390,4
74,gA,1.889,1.889,1.889,1.8890,3
74,gP,1.979,1.979,1.979,1.9790,3
76,g95e5,1.689,1.659,1.689,1.6715,4
76,gA,1.729,1.729,1.749,1.7340,4
76,gP,1.779,1.779,1.799,1.7840,4
76,g95e5p,1.739,1.709,1.739,1.7215,4
77,g95e5,1.814,1.814,1.814,1.8140,3
77,gA,1.994,1.974,1.994,1.9873,3
77,gP,2.094,2.074,2.094,2.0873,3
78,g95e5,1.814,1.814,1.814,1.8140,3
78,gA,1.994,1.974,1.994,1.9873,3
78,gP,2.094,2.074,2.094,2.0873,3
78,g95e5p,1.914,1.914,1.914,1.9140,3
79,g95e5,1.799,1.799,1.799,1.7990,3
79,gA,1.975,1.975,1.975,1.9750,3
79,g98e5,1.919,1.919,1.919,1.9190,3
79,g95e5p,1.869,1.869,1.869,1.8690,3
79,glp,1.189,1.189,1.189,1.1890,2
80,g95e5,1.805,1.805,1.805,1.8050,3
80,gA,1.955,1.945,1.955,1.9517,3
80,g98e5,1.975,1.975,1.975,1.9750,3
83,g95e5,1.829,1.829,1.829,1.8290,3
83,gA,1.975,1.969,1.975,1.9730,3
83,gP,2.035,2.029,2.035,2.0330,3
83,gB,1.714,1.709,1.714,1.7123,3
84,g95e5,1.789,1.789,1.789,1.7890,3
84,gA,1.965,1.955,1.965,1.9617,3
84,g98e5,1.919,1.919,1.919,1.9190,3
84,g95e5p,1.859,1.859,1.859,1.8590,3
84,glp,1.189,1.189,1.189,1.1890,2
86,g95e5,1.789,1.789,1.789,1.7890,3
86,gA,1.949,1.949,1.959,1.9523,3
86,g98e5,1.959,1.959,1.959,1.9590,3
87,gA,1.949,1.939,1.949,1.9457,3
88,g95e5,1.829,1.829,1.829,1.8290,3
88,gA,1.969,1.949,1.969,1.9615,4
88,g98e5,1.949,1.949,1.949,1.9490,3
93,g95e5,1.795,1.795,1.795,1.7950,3
93,gA,1.965,1.965,1.965,1.9650,2
93,gP,2.025,2.025,2.025,2.0250,2
93,g98e5,1.915,1.915,1.915,1.9150,3
97,g95e5,1.789,1.789,1.789,1.7890,3
97,gA,1.945,1.945,1.949,1.9463,3
97,g98e5,1.959,1.959,1.959,1.9590,3
98,g95e5,1.699,1.679,1.699,1.6857,3
98,gA,1.829,1.819,1.829,1.8223,3
98,gP,1.829,1.819,1.829,1.8223,3
100,g95e5,1.789,1.779,1.789,1.7865,4
100,gA,1.959,1.945,1.959,1.9545,4
100,gP,2.039,2.035,2.039,2.0377,3
100,glp,1.145,1.145,1.145,1.1450,2
101,g95e5,1.789,1.789,1.789,1.7890,3
101,gA,1.959,1.945,1.959,1.9543,3
101,gP,2.069,2.055,2.069,2.0643,3
101,g98e5,1.959,1.959,1.959,1.9590,3
101,gB,1.714,1.709,1.714,1.7123,3
102,gA,1.849,1.849,1.849,1.8490,2
103,gA,1.949,1.939,1.949,1.9457,3
103,gP,2.009,2.009,2.009,2.0090,2
103,g98e5,1.929,1.919,1.929,1.9257,3
104,g95e5,1.785,1.775,1.785,1.7825,4
104,gA,1.929,1.919,1.929,1.9255,4
104,g98e5,1.935,1.935,1.935,1.9350,3
105,g95e5,1.785,1.785,1.785,1.7850,3
105,gA,1.929,1.925,1.929,1.9277,3
105,g98e5,1.935,1.935,1.935,1.9350,3
106,g95e5,1.785,1.775,1.785,1.7825,4
106,gA,1.929,1.919,1.929,1.9255,4
106,g98e5,1.935,1.935,1.935,1.9350,3
106,g95e5p,1.845,1.845,1.845,1.8450,3
107,g95e5,1.785,1.775,1.785,1.7825,4
107,gA,1.929,1.919,1.929,1.9255,4
107,g98e5,1.935,1.935,1.935,1.9350,3
107,g95e5p,1.845,1.845,1.845,1.8450,3
110,g95e5,1.814,1.814,1.814,1.8140,3
110,gA,1.994,1.974,1.994,1.9873,3
110,gP,2.094,2.074,2.094,2.0873,3
110,g95e5p,1.914,1.914,1.914,1.9140,3
111,g95e5,1.795,1.795,1.795,1.7950,3
111,gA,1.969,1.969,1.969,1.9690,3
111,g98e5,1.965,1.965,1.965,1.9650,3
112,g95e5,1.795,1.795,1.795,1.7950,3
112,gA,1.969,1.969,1.969,1.9690,3
112,g98e5,1.965,1.965,1.965,1.9650,3
116,gA,1.889,1.875,1.889,1.8820,2
116,gB,1.749,1.739,1.749,1.7440,2
118,gA,1.959,1.959,1.959,1.9590,3
118,gP,2.039,2.039,2.039,2.0390,3
120,g95e5,1.879,1.869,1.879,1.8757,3
120,gA,2.009,1.999,2.009,2.0057,3
120,gP,2.109,2.099,2.109,2.1057,3
120,g98e5,1.989,1.979,1.989,1.9857,3
120,g95e10,1.959,1.949,1.959,1.9557,3
121,g95e5,1.799,1.799,1.799,1.7990,3
121,gA,1.919,1.909,1.919,1.9157,3
121,g98e5,1.949,1.949,1.949,1.9490,3
121,gB,1.749,1.739,1.749,1.7457,3
122,g95e5,1.799,1.799,1.799,1.7990,2
122,gA,1.949,1.939,1.949,1.9440,2
125,gA,1.994,1.994,1.994,1.9940,2
125,gP,2.094,2.094,2.094,2.0940,2
126,gA,1.994,1.994,1.994,1.9940,2
126,gP,2.094,2.094,2.094,2.0940,2
127,g95e5,1.809,1.809,1.809,1.8090,3
127,gA,1.975,1.969,1.975,1.9730,3
127,gP,2.045,2.039,2.045,2.0430,3
127,g98e5,1.979,1.979,1.979,1.9790,3
128,g95e5,1.809,1.799,1.809,1.8065,4
128,gA,1.975,1.965,1.975,1.9710,4
128,g98e5,1.979,1.979,1.979,1.9790,3
128,glp,1.169,1.169,1.169,1.1690,2
130,g95e5,1.789,1.789,1.789,1.7890,3
130,gA,1.945,1.945,1.949,1.9463,3
130,g98e5,1.959,1.959,1.959,1.9590,3
133,g95e5,1.809,1.799,1.809,1.8065,4
133,gA,1.949,1.935,1.949,1.9445,4
133,g98e5,1.929,1.929,1.929,1.9290,3
134,g95e5,1.805,1.805,1.805,1.8050,3
134,gA,1.969,1.955,1.969,1.9645,4
134,g98e5,1.925,1.925,1.925,1.9250,3
135,g95e5,1.805,1.795,1.805,1.8025,4
135,gA,1.969,1.955,1.969,1.9645,4
136,g95e5,1.815,1.815,1.815,1.8150,3
136,gA,1.959,1.955,1.959,1.9577,3
136,g98e5,1.935,1.935,1.935,1.9350,3
137,g95e5,1.825,1.815,1.825,1.8225,4
137,gA,1.979,1.979,1.979,1.9790,3
137,gP,2.039,2.039,2.039,2.0390,3
138,g95e5,1.805,1.795,1.805,1.8025,4
138,gA,1.949,1.945,1.949,1.9477,3
138,glp,1.189,1.189,1.189,1.1890,2
138,gB,1.750,1.745,1.750,1.7483,3
139,g95e5,1.805,1.805,1.805,1.8050,3
139,gA,1.955,1.945,1.955,1.9517,3
139,gP,2.035,2.025,2.035,2.0317,3
139,g98e5,1.975,1.975,1.975,1.9750,3
139,glp,1.169,1.169,1.169,1.1690,2
140,g95e5,1.799,1.799,1.799,1.7990,3
140,gA,1.919,1.909,1.919,1.9157,3
140,g98e5,1.949,1.949,1.949,1.9490,3
140,gB,1.749,1.739,1.749,1.7457,3
141,g95e5,1.809,1.799,1.809,1.8065,4
141,gA,1.959,1.945,1.959,1.9545,4
141,gP,2.019,2.015,2.019,2.0177,3
141,g98e5,1.929,1.929,1.929,1.9290,3
142,g95e5,1.799,1.799,1.799,1.7990,3
142,gA,1.969,1.965,1.969,1.9677,3
142,g98e5,1.929,1.929,1.929,1.9290,3
143,g95e5,1.789,1.779,1.789,1.7865,4
143,gA,1.965,1.949,1.965,1.9585,4
143,g98e5,1.919,1.919,1.919,1.9190,3
144,g95e5,1.799,1.799,1.799,1.7990,2
144,gA,1.939,1.939,1.939,1.9390,2
144,gP,2.029,2.029,2.029,2.0290,2
144,g98e5,1.969,1.959,1.969,1.9657,3
144,gB,1.659,1.659,1.659,1.6590,2
145,gA,1.994,1.994,1.994,1.9940,2
145,gP,2.094,2.094,2.094,2.0940,2
146,gA,1.994,1.994,1.994,1.9940,2
146,gP,2.094,2.094,2.094,2.0940,2
147,g95e5,1.619,1.599,1.619,1.6090,2
147,gA,1.729,1.709,1.729,1.7190,2
147,gP,1.829,1.809,1.829,1.8190,2
147,g98e5,1.739,1.729,1.739,1.7340,2
148,g95e5,1.879,1.869,1.879,1.8757,3
148,gA,2.009,1.999,2.009,2.0057,3
148,gP,2.109,2.099,2.109,2.1057,3
148,gB,1.819,1.809,1.819,1.8157,3
150,g95e5,1.779,1.779,1.779,1.7790,2
150,gA,1.909,1.899,1.909,1.9040,2
151,gA,1.869,1.849,1.869,1.8557,3
151,gP,1.969,1.949,1.969,1.9557,3
152,g95e5,1.629,1.619,1.629,1.6223,3
152,gA,1.719,1.719,1.719,1.7190,3
152,gP,1.799,1.799,1.799,1.7990,3
153,gA,1.869,1.849,1.869,1.8557,3
153,gP,1.969,1.949,1.969,1.9557,3
154,g95e5,1.647,1.647,1.647,1.6470,2
154,gA,1.747,1.737,1.747,1.7410,3
154,gP,1.837,1.827,1.837,1.8310,3
155,g95e5,1.619,1.619,1.619,1.6190,2
155,gA,1.688,1.688,1.699,1.6935,2
155,gP,1.778,1.778,1.789,1.7835,2
156,g95e5,1.649,1.649,1.649,1.6490,2
156,gA,1.759,1.759,1.759,1.7590,2
156,gP,1.829,1.829,1.829,1.8290,2
158,gA,1.729,1.699,1.729,1.7140,2
158,gP,1.739,1.719,1.739,1.7290,2
159,gA,1.974,1.954,1.974,1.9607,3
159,gP,2.074,2.054,2.074,2.0607,3
159,gB,1.874,1.854,1.874,1.8607,3
161,g95e5,1.749,1.749,1.749,1.7490,2
161,gA,1.829,1.829,1.829,1.8290,2
161,gP,1.887,1.887,1.887,1.8870,2
163,g95e5,1.759,1.729,1.759,1.7415,4
163,gA,1.879,1.829,1.879,1.8465,4
163,gP,1.929,1.879,1.929,1.8965,4
164,gA,1.889,1.889,1.889,1.8890,3
164,gP,1.979,1.979,1.979,1.9790,3
165,gA,1.944,1.944,1.944,1.9440,2
166,gA,1.959,1.939,1.959,1.9457,3
166,gP,2.059,2.039,2.059,2.0457,3
169,g95e5,1.829,1.829,1.829,1.8290,3
169,gA,1.955,1.949,1.955,1.9530,3
169,g98e5,1.949,1.949,1.949,1.9490,3
170,gA,1.889,1.889,1.889,1.8890,3
170,gP,1.979,1.979,1.979,1.9790,3
172,g95e5,1.769,1.759,1.769,1.7657,3
172,g98e5,1.909,1.899,1.909,1.9057,3
173,gA,1.959,1.939,1.959,1.9523,3
174,gA,1.959,1.939,1.959,1.9523,3
174,gB,1.799,1.779,1.799,1.7923,3
175,g95e5,1.805,1.805,1.805,1.8050,3
175,gA,1.939,1.929,1.939,1.9357,3
175,g98e5,1.945,1.945,1.945,1.9450,3
176,g95e5,1.805,1.805,1.805,1.8050,3
176,gA,1.939,1.929,1.939,1.9357,3
177,g95e5,1.789,1.779,1.789,1.7865,4
177,gA,1.945,1.939,1.945,1.9430,3
177,g98e5,1.929,1.929,1.929,1.9290,3
178,g95e5,1.789,1.789,1.789,1.7890,3
178,gA,1.945,1.939,1.945,1.9430,3
178,g98e5,1.929,1.929,1.929,1.9290,3
180,g95e5,1.835,1.835,1.835,1.8350,3
180,gA,1.925,1.909,1.925,1.9195,4
180,g98e5,1.995,1.995,1.995,1.9950,3
180,gB,1.724,1.719,1.724,1.7223,3
181,g95e5,1.835,1.835,1.835,1.8350,3
181,gA,1.919,1.915,1.919,1.9177,3
181,g98e5,1.955,1.955,1.955,1.9550,3
182,g95e5,1.819,1.819,1.819,1.8190,2
182,gA,1.939,1.939,1.939,1.9390,2
182,g98e5,1.989,1.989,1.989,1.9890,2
183,g95e5,1.835,1.825,1.835,1.8325,4
183,gA,1.945,1.945,1.945,1.9450,3
183,g98e5,1.955,1.955,1.955,1.9550,3
185,g95e5,1.789,1.789,1.789,1.7890,3
185,gA,1.929,1.925,1.929,1.9277,3
185,g98e5,1.959,1.959,1.959,1.9590,3
186,g95e5,1.809,1.799,1.809,1.8065,4
186,gA,1.949,1.939,1.949,1.9457,3
186,g98e5,1.929,1.929,1.929,1.9290,3
186,glp,1.169,1.169,1.169,1.1690,2
188,g95e5,1.825,1.815,1.825,1.8225,4
188,gA,1.949,1.929,1.949,1.9423,3
188,g98e5,1.995,1.995,1.995,1.9950,3
193,g95e5,1.819,1.819,1.819,1.8190,3
193,gA,1.949,1.939,1.949,1.9457,3
195,gA,1.964,1.944,1.964,1.9507,3
200,g95e5,1.805,1.805,1.805,1.8050,3
200,gA,1.935,1.929,1.935,1.9330,3
200,g98e5,1.925,1.925,1.925,1.9250,3
201,g95e5,1.805,1.795,1.805,1.8025,4
201,gA,1.949,1.945,1.949,1.9477,3
201,g98e5,1.925,1.925,1.925,1.9250,3
202,g95e5,1.805,1.795,1.805,1.8025,4
202,gA,1.949,1.945,1.949,1.9477,3
202,g98e5,1.925,1.925,1.925,1.9250,3
202,glp,1.199,1.199,1.199,1.1990,2
203,g95e5,1.805,1.785,1.805,1.8000,4
203,gA,1.939,1.925,1.939,1.9345,4
203,g98e5,1.925,1.925,1.925,1.9250,3
203,g95e5p,1.875,1.875,1.875,1.8750,3
203,glp,1.169,1.169,1.169,1.1690,2
204,g95e5,1.805,1.805,1.805,1.8050,3
204,gA,1.939,1.925,1.939,1.9345,4
204,g98e5,1.925,1.925,1.925,1.9250,3
204,g95e5p,1.875,1.875,1.875,1.8750,3
204,glp,1.165,1.165,1.165,1.1650,2
206,g95e5,1.805,1.805,1.805,1.8050,3
206,gA,1.935,1.929,1.935,1.9330,3
206,g98e5,1.925,1.925,1.925,1.9250,3
207,g95e5,1.819,1.809,1.819,1.8165,4
207,gA,1.949,1.929,1.949,1.9415,4
207,g98e5,1.939,1.939,1.939,1.9390,3
207,g95e5p,1.889,1.889,1.889,1.8890,3
208,g95e5,1.819,1.809,1.819,1.8165,4
208,gA,1.949,1.939,1.949,1.9457,3
208,g98e5,1.939,1.939,1.939,1.9390,3
208,g95e5p,1.899,1.899,1.899,1.8990,3
208,glp,1.165,1.165,1.165,1.1650,2
211,g95e5,1.819,1.819,1.819,1.8190,3
211,gA,1.949,1.949,1.955,1.9510,3
211,g98e5,1.939,1.939,1.939,1.9390,3
216,g95e5,1.825,1.825,1.825,1.8250,3
216,gA,1.949,1.949,1.959,1.9523,3
219,g95e5,1.769,1.769,1.779,1.7740,4
219,gA,1.909,1.889,1.909,1.8990,4
219,gP,1.959,1.939,1.959,1.9490,4
219,g95e5p,1.819,1.819,1.829,1.8240,4
220,g95e5,1.769,1.769,1.779,1.7740,4
220,gA,1.909,1.889,1.909,1.8990,4
220,gP,1.959,1.939,1.959,1.9490,4
220,g95e5p,1.819,1.819,1.829,1.8240,4
222,g95e5,1.769,1.769,1.769,1.7690,2
222,gA,1.899,1.899,1.899,1.8990,2
222,gP,1.979,1.979,1.979,1.9790,2
227,g95e5,1.815,1.805,1.825,1.8150,4
227,gA,1.949,1.935,1.949,1.9445,4
228,g95e5,1.815,1.809,1.815,1.8130,3
228,gA,1.939,1.935,1.939,1.9377,3
228,g98e5,1.985,1.979,1.985,1.9830,3
229,g95e5,1.799,1.799,1.799,1.7990,3
229,gA,1.935,1.935,1.939,1.9363,3
229,g98e5,1.919,1.919,1.919,1.9190,3
229,g95e5p,1.869,1.869,1.869,1.8690,3
232,g95e5,1.809,1.809,1.809,1.8090,2
232,gA,1.939,1.939,1.939,1.9390,2
232,g98e5,1.929,1.929,1.929,1.9290,2
232,g95e5p,1.889,1.889,1.889,1.8890,2
233,g95e5,1.809,1.809,1.809,1.8090,2
233,gA,1.939,1.939,1.939,1.9390,2
233,g98e5,1.929,1.929,1.929,1.9290,2
233,g95e5p,1.889,1.889,1.889,1.8890,2
234,g95e5,1.795,1.795,1.799,1.7963,3
234,gA,1.949,1.929,1.949,1.9423,3
234,g98e5,1.965,1.965,1.969,1.9663,3
237,g95e5,1.799,1.799,1.805,1.8010,3
237,gA,1.945,1.929,1.945,1.9397,3
238,g95e5,1.829,1.809,1.829,1.8190,3
238,gA,1.949,1.909,1.949,1.9257,3
238,g98e5,1.989,1.979,1.989,1.9823,3
239,gA,1.939,1.935,1.939,1.9377,3
239,glp,1.165,1.165,1.165,1.1650,2
240,gA,1.939,1.935,1.939,1.9377,3
242,g95e5,1.805,1.805,1.805,1.8050,3
242,gA,1.949,1.945,1.949,1.9477,3
242,g98e5,1.925,1.925,1.925,1.9250,3
243,g95e5,1.835,1.835,1.835,1.8350,3
243,gA,1.965,1.959,1.965,1.9630,3
243,g98e5,1.955,1.955,1.955,1.9550,3
244,g95e5,1.805,1.805,1.805,1.8050,3
244,gA,1.949,1.945,1.949,1.9477,3
244,glp,1.199,1.199,1.199,1.1990,2
245,g95e5,1.805,1.795,1.805,1.8025,4
245,gA,1.949,1.945,1.949,1.9477,3
245,g98e5,1.925,1.925,1.925,1.9250,3
246,g95e5,1.805,1.795,1.805,1.8025,4
246,gA,1.949,1.945,1.949,1.9477,3
246,g98e5,1.925,1.925,1.925,1.9250,3
246,glp,1.199,1.199,1.199,1.1990,2
247,gA,1.944,1.944,1.944,1.9440,2
247,gP,2.044,2.044,2.044,2.0440,2
249,g95e5,1.639,1.629,1.639,1.6340,2
249,gA,1.739,1.739,1.739,1.7390,2
249,gP,1.819,1.819,1.819,1.8190,2
253,g95e5,1.779,1.779,1.779,1.7790,4
253,gA,1.899,1.899,1.899,1.8990,4
253,gP,1.949,1.949,1.949,1.9490,4
253,g95e5p,1.829,1.829,1.829,1.8290,4
254,gA,1.828,1.828,1.828,1.8280,2
255,g95e5,1.759,1.739,1.759,1.7490,3
255,gA,1.919,1.899,1.919,1.9090,3
256,g95e5,1.729,1.699,1.729,1.7090,3
256,gA,1.859,1.819,1.859,1.8323,3
256,gP,1.919,1.899,1.919,1.9057,3
258,g95e5,1.735,1.735,1.735,1.7350,3
258,gA,1.845,1.845,1.845,1.8450,3
258,g98e5,1.895,1.895,1.895,1.8950,3
259,g95e5,1.735,1.735,1.735,1.7350,3
259,gA,1.919,1.919,1.919,1.9190,3
259,gP,1.989,1.989,1.989,1.9890,3
259,g98e5,1.875,1.875,1.875,1.8750,3
259,gB,1.665,1.665,1.665,1.6650,3
261,g95e5,1.789,1.789,1.789,1.7890,2
261,gA,1.899,1.889,1.899,1.8940,2
261,g98e5,1.929,1.929,1.949,1.9390,2
262,g95e5,1.789,1.789,1.789,1.7890,2
262,gA,1.879,1.879,1.879,1.8790,2
262,gP,1.899,1.899,1.899,1.8990,2
262,g98e5,1.929,1.929,1.929,1.9290,2
262,gB,1.409,1.409,1.409,1.4090,2
268,g95e5,1.709,1.709,1.709,1.7090,3
268,gA,1.829,1.829,1.829,1.8290,3
271,g95e5,1.735,1.735,1.735,1.7350,2
271,gA,1.845,1.845,1.845,1.8450,2
271,gP,1.865,1.865,1.865,1.8650,2
272,g95e5,1.699,1.699,1.699,1.6990,3
272,gP,1.869,1.869,1.869,1.8690,3
273,g95e5,1.759,1.749,1.759,1.7557,3
273,gA,1.919,1.909,1.919,1.9157,3
277,g95e5,1.795,1.795,1.795,1.7950,2
277,gA,1.939,1.939,1.939,1.9390,2
277,gP,2.059,2.059,2.059,2.0590,2
277,g98e5,1.915,1.915,1.915,1.9150,2
278,gA,1.818,1.818,1.818,1.8180,2
278,g98e5,1.798,1.798,1.798,1.7980,2
279,g95e5,1.749,1.749,1.749,1.7490,3
279,gA,1.869,1.859,1.869,1.8623,3
280,gA,1.729,1.729,1.729,1.7290,2
281,gA,1.974,1.974,1.974,1.9740,3
281,gP,2.054,2.054,2.054,2.0540,3
281,gB,1.754,1.754,1.754,1.7540,3
286,g95e5,1.779,1.769,1.779,1.7757,3
286,gA,1.899,1.879,1.899,1.8923,3
286,gP,1.979,1.969,1.979,1.9757,3
286,g98e5,1.959,1.959,1.959,1.9590,2
287,g95e5,1.819,1.819,1.819,1.8190,2
287,gA,1.939,1.929,1.939,1.9357,3
287,g98e5,1.969,1.969,1.969,1.9690,2
291,g95e5,1.759,1.759,1.759,1.7590,2
291,gA,1.909,1.909,1.909,1.9090,2
291,gP,2.009,2.009,2.009,2.0090,2
291,g98e5,1.905,1.905,1.905,1.9050,2
291,gB,1.565,1.565,1.565,1.5650,2
295,g95e5,1.735,1.735,1.735,1.7350,2
295,gA,1.845,1.845,1.845,1.8450,2
296,g95e5,1.839,1.839,1.839,1.8390,3
296,gA,1.869,1.869,1.869,1.8690,3
296,gP,1.959,1.959,1.959,1.9590,3
296,gB,1.759,1.759,1.759,1.7590,3
297,g95e5,1.619,1.619,1.619,1.6190,3
297,gA,1.729,1.729,1.729,1.7290,3
297,gP,1.779,1.779,1.779,1.7790,3
300,g95e5,1.759,1.759,1.759,1.7590,2
300,gA,1.879,1.879,1.879,1.8790,2
300,gP,1.959,1.959,1.959,1.9590,2
300,g98e5,1.859,1.859,1.859,1.8590,2
301,g98e10,1.869,1.869,1.869,1.8690,2
302,g95e5,1.629,1.629,1.629,1.6290,2
302,gA,1.739,1.739,1.739,1.7390,2
302,g98e5,1.729,1.729,1.729,1.7290,2
306,g95e5,1.759,1.759,1.759,1.7590,3
306,gA,1.879,1.879,1.879,1.8790,3
306,gP,1.915,1.915,1.915,1.9150,3
308,g95e5,1.669,1.669,1.669,1.6690,4
308,gA,1.759,1.739,1.759,1.7440,4
308,gP,1.809,1.789,1.809,1.7940,4
308,g95e5p,1.719,1.719,1.719,1.7190,4
312,g95e5,1.749,1.749,1.749,1.7490,3
312,gA,1.889,1.889,1.889,1.8890,3
312,gP,1.989,1.989,1.989,1.9890,3
312,g98e5,1.889,1.889,1.889,1.8890,3
312,gB,1.599,1.599,1.599,1.5990,3
313,gA,1.739,1.739,1.739,1.7390,2
318,g95e5,1.733,1.733,1.733,1.7330,3
318,gA,1.799,1.788,1.799,1.7917,3
318,gB,1.655,1.633,1.655,1.6403,3
320,g95e5,1.789,1.789,1.789,1.7890,2
320,g98e5,1.919,1.919,1.919,1.9190,2
323,g95e5,1.779,1.779,1.779,1.7790,2
323,gA,1.939,1.939,1.939,1.9390,2
323,gP,1.969,1.969,1.969,1.9690,2
323,g98e5,1.879,1.879,1.879,1.8790,2
325,g95e5,1.745,1.745,1.745,1.7450,3
325,gA,1.909,1.899,1.909,1.9057,3
325,gP,1.979,1.969,1.979,1.9757,3
326,g95e5,1.779,1.779,1.779,1.7790,2
326,gA,1.899,1.899,1.899,1.8990,2
330,g95e5,1.769,1.769,1.769,1.7690,2
330,gA,1.919,1.919,1.919,1.9190,3
330,gP,2.009,2.009,2.009,2.0090,3
330,g98e5,1.909,1.909,1.909,1.9090,2
331,g95e5,1.809,1.809,1.809,1.8090,3
331,gA,1.949,1.949,1.949,1.9490,3
331,gB,1.599,1.599,1.599,1.5990,3
332,g95e5,1.779,1.765,1.779,1.7743,3
332,gA,1.935,1.935,1.939,1.9363,3
332,gP,1.995,1.995,1.999,1.9963,3
332,g98e5,1.899,1.885,1.899,1.8943,3
334,g95e5,1.769,1.759,1.769,1.7657,3
334,gA,1.915,1.915,1.915,1.9150,3
334,gP,2.025,2.025,2.025,2.0250,3
334,gB,1.580,1.575,1.580,1.5783,3
335,g95e5,1.765,1.765,1.765,1.7650,3
335,gA,1.925,1.905,1.925,1.9183,3
335,gP,2.035,2.015,2.035,2.0283,3
335,g98e5,1.885,1.885,1.885,1.8850,3
336,g95e5,1.775,1.775,1.775,1.7750,3
336,gA,1.959,1.945,1.959,1.9543,3
336,gP,2.019,2.005,2.019,2.0143,3
336,g98e5,1.895,1.895,1.895,1.8950,3
336,glp,1.159,1.159,1.159,1.1590,2
337,g95e5,1.759,1.749,1.759,1.7565,4
337,gA,1.915,1.895,1.915,1.9075,4
337,gP,1.975,1.965,1.975,1.9717,3
337,g98e5,1.879,1.879,1.879,1.8790,3
338,g95e5,1.785,1.769,1.785,1.7810,4
338,gA,1.945,1.909,1.945,1.9310,4
338,g98e5,1.905,1.905,1.905,1.9050,3
338,glp,1.195,1.195,1.195,1.1950,2
339,g95e5,1.769,1.769,1.769,1.7690,2
339,gA,1.939,1.929,1.939,1.9340,2
339,gP,2.029,2.019,2.029,2.0240,2
339,gB,1.669,1.659,1.669,1.6640,2
340,g95e5,1.759,1.759,1.759,1.7590,3
340,gA,1.915,1.905,1.915,1.9117,3
340,gP,1.975,1.965,1.975,1.9717,3
340,g98e5,1.879,1.879,1.879,1.8790,3
341,g95e5,1.785,1.785,1.805,1.7917,3
341,gA,1.915,1.915,1.915,1.9150,2
341,gP,2.005,1.995,2.005,2.0017,3
341,g98e5,1.905,1.905,1.925,1.9117,3
343,gA,1.679,1.649,1.679,1.6640,2
343,gP,1.689,1.669,1.689,1.6790,2
346,gB,1.589,1.589,1.589,1.5890,3
347,g95e5,1.726,1.726,1.726,1.7260,2
348,g95e5,1.765,1.765,1.765,1.7650,3
348,gA,1.939,1.929,1.939,1.9357,3
348,gP,2.009,1.999,2.009,2.0057,3
348,g98e5,1.885,1.885,1.885,1.8850,3
348,gB,1.670,1.665,1.670,1.6683,3
349,g95e5,1.689,1.689,1.689,1.6890,2
349,gA,1.829,1.829,1.829,1.8290,2
349,gP,1.929,1.929,1.929,1.9290,2
349,g98e5,1.949,1.949,1.949,1.9490,2
351,g95e5,1.859,1.859,1.859,1.8590,2
351,gA,1.979,1.979,1.979,1.9790,2
351,gP,2.029,2.029,2.029,2.0290,2
354,g95e5,1.729,1.729,1.729,1.7290,2
354,gA,1.869,1.869,1.869,1.8690,3
354,gP,1.929,1.929,1.929,1.9290,2
354,g98e5,1.849,1.849,1.849,1.8490,2
355,g95e5,1.759,1.759,1.759,1.7590,2
355,gA,1.935,1.919,1.935,1.9270,2
355,gP,1.995,1.979,1.995,1.9870,2
355,g98e5,1.879,1.879,1.879,1.8790,2
356,g95e5,1.799,1.799,1.799,1.7990,3
356,gA,1.965,1.965,1.965,1.9650,3
356,gP,2.025,2.025,2.025,2.0250,3
356,g98e5,1.919,1.919,1.919,1.9190,3
358,g95e5,1.749,1.739,1.749,1.7440,4
358,gA,1.919,1.889,1.919,1.9015,4
358,gP,1.969,1.939,1.969,1.9515,4
358,g95e5p,1.799,1.789,1.799,1.7940,4
361,g95e5,1.709,1.699,1.709,1.7040,4
361,gA,1.869,1.839,1.869,1.8490,4
361,gP,1.919,1.889,1.919,1.8990,4
361,g95e5p,1.759,1.749,1.759,1.7540,4
362,g95e5,1.665,1.659,1.665,1.6620,2
362,gA,1.766,1.759,1.766,1.7625,2
362,gP,1.799,1.789,1.799,1.7940,2
363,g95e5,1.739,1.719,1.739,1.7290,4
363,gA,1.889,1.859,1.889,1.8715,4
363,gP,1.979,1.949,1.979,1.9615,4
363,g95e5p,1.789,1.769,1.789,1.7790,4
364,g95e5,1.779,1.779,1.779,1.7790,3
364,gA,1.909,1.909,1.909,1.9090,3
364,g98e5,1.909,1.909,1.909,1.9090,3
365,g95e5,1.599,1.589,1.599,1.5940,4
365,gA,1.779,1.759,1.779,1.7640,4
365,gP,1.829,1.809,1.829,1.8140,4
366,g95e5,1.699,1.689,1.699,1.6940,4
366,gA,1.879,1.859,1.879,1.8640,4
366,gP,1.929,1.909,1.929,1.9140,4
366,g95e5p,1.749,1.739,1.749,1.7440,4
368,g95e5,1.719,1.719,1.719,1.7190,2
368,gA,1.804,1.804,1.804,1.8040,2
368,gP,1.854,1.854,1.854,1.8540,2
368,g95e5p,1.769,1.769,1.769,1.7690,2
369,g95e5,1.779,1.779,1.779,1.7790,2
369,gA,1.919,1.919,1.919,1.9190,2
369,gP,1.989,1.989,1.989,1.9890,2
369,g98e5,1.939,1.939,1.939,1.9390,2
370,gA,1.919,1.919,1.919,1.9190,3
374,g95e5,1.779,1.779,1.779,1.7790,3
374,gA,1.949,1.929,1.949,1.9423,3
375,g95e5,1.785,1.785,1.785,1.7850,3
375,gA,1.985,1.985,1.989,1.9863,3
376,gA,1.949,1.949,1.949,1.9490,2
378,g95e5,1.819,1.819,1.825,1.8210,3
378,gA,1.959,1.955,1.959,1.9577,3
378,gP,2.029,2.025,2.029,2.0277,3
378,g98e5,1.939,1.939,1.945,1.9410,3
378,glp,1.189,1.189,1.189,1.1890,2
380,g95e5,1.779,1.765,1.779,1.7755,4
380,gA,1.999,1.995,1.999,1.9977,3
380,gP,2.069,2.065,2.069,2.0677,3
380,g98e5,1.949,1.949,1.949,1.9490,3
380,gB,1.690,1.685,1.690,1.6883,3
381,g95e5,1.829,1.815,1.829,1.8243,3
381,gB,1.740,1.735,1.740,1.7383,3
383,g95e5,1.785,1.785,1.785,1.7850,3
383,gA,1.985,1.985,1.989,1.9863,3
383,g98e5,1.905,1.905,1.905,1.9050,3
383,gB,1.690,1.685,1.690,1.6883,3
384,g95e5,1.805,1.805,1.809,1.8063,3
384,gA,1.965,1.959,1.965,1.9630,3
384,gP,2.025,2.025,2.025,2.0250,2
384,g98e5,1.975,1.975,1.979,1.9763,3
384,gB,1.744,1.739,1.744,1.7423,3
385,g95e5,1.794,1.794,1.794,1.7940,4
385,gA,1.974,1.954,1.974,1.9640,4
385,gP,2.074,2.054,2.074,2.0640,4
385,g95e5p,1.894,1.894,1.894,1.8940,4
386,g95e5,1.819,1.799,1.819,1.8123,3
386,gA,1.979,1.959,1.979,1.9723,3
386,gP,2.069,2.049,2.069,2.0623,3
388,g95e5,1.829,1.829,1.829,1.8290,2
388,gA,1.969,1.959,1.969,1.9657,3
388,g98e5,1.959,1.959,1.959,1.9590,2
389,g95e5,1.785,1.765,1.785,1.7785,4
389,gA,1.995,1.985,1.995,1.9925,4
389,gP,2.055,2.055,2.055,2.0550,3
389,gB,1.744,1.739,1.744,1.7423,3
390,g95e5,1.845,1.829,1.845,1.8410,4
390,gA,1.999,1.985,1.999,1.9945,4
390,gP,2.059,2.055,2.059,2.0577,3
390,g98e5,1.965,1.965,1.965,1.9650,3
390,gB,1.740,1.735,1.740,1.7383,3
391,g95e5,1.809,1.809,1.819,1.8123,3
391,gA,1.949,1.949,1.949,1.9490,3
391,gB,1.690,1.685,1.690,1.6883,3
394,g95e5,1.845,1.845,1.845,1.8450,3
394,gA,1.999,1.995,1.999,1.9977,3
394,g98e5,1.965,1.965,1.965,1.9650,3
397,g95e5,1.845,1.829,1.845,1.8410,4
397,gA,1.979,1.975,1.979,1.9777,3
397,gP,2.039,2.035,2.039,2.0377,3
397,gB,1.744,1.739,1.744,1.7423,3
398,g95e5,1.829,1.829,1.839,1.8323,3
398,gA,1.969,1.969,1.969,1.9690,3
398,gP,2.029,2.029,2.029,2.0290,3
398,g98e5,1.949,1.949,1.959,1.9523,3
399,g95e5,1.779,1.779,1.779,1.7790,3
399,gA,1.935,1.929,1.935,1.9330,3
400,g95e5,1.815,1.815,1.815,1.8150,2
400,gA,1.955,1.955,1.955,1.9550,2
401,g95e5,1.779,1.779,1.779,1.7790,3
401,gA,1.979,1.975,1.979,1.9777,3
401,gP,2.089,2.085,2.089,2.0877,3
401,gB,1.744,1.739,1.744,1.7423,3
405,gA,1.684,1.672,1.684,1.6760,3
405,gP,1.799,1.787,1.799,1.7910,3
406,g95e5,1.825,1.825,1.825,1.8250,3
406,gA,1.959,1.955,1.959,1.9577,3
406,gP,2.019,2.015,2.019,2.0177,3
406,g98e5,1.945,1.945,1.945,1.9450,3
407,g95e5,1.825,1.825,1.825,1.8250,3
407,gA,1.959,1.955,1.959,1.9577,3
407,gP,2.029,2.025,2.029,2.0277,3
407,g98e5,1.945,1.945,1.945,1.9450,3
409,g95e5,1.759,1.749,1.759,1.7515,4
409,gA,1.819,1.799,1.819,1.8040,4
409,gP,1.869,1.849,1.869,1.8540,4
409,g95e5p,1.809,1.799,1.809,1.8015,4
409,gB,1.614,1.599,1.614,1.6053,4
410,g95e5,1.815,1.815,1.815,1.8150,3
410,gA,1.949,1.935,1.949,1.9445,4
410,gP,2.009,2.005,2.009,2.0077,3
410,g98e5,1.935,1.935,1.935,1.9350,3
410,glp,1.165,1.165,1.165,1.1650,2
411,g95e5,1.815,1.805,1.815,1.8125,4
411,gA,1.949,1.935,1.949,1.9445,4
411,gP,2.009,2.005,2.009,2.0077,3
411,g98e5,1.935,1.935,1.935,1.9350,3
411,glp,1.165,1.165,1.165,1.1650,2
413,g95e5,1.825,1.825,1.825,1.8250,3
413,gA,1.959,1.955,1.959,1.9577,3
413,gP,2.029,2.025,2.029,2.0277,3
413,g98e5,1.945,1.945,1.945,1.9450,3
415,g95e5,1.779,1.769,1.779,1.7740,4
415,gA,1.939,1.909,1.939,1.9165,4
415,gP,1.989,1.959,1.989,1.9665,4
416,g95e5,1.794,1.794,1.794,1.7940,3
416,gA,1.974,1.954,1.974,1.9640,4
416,gP,2.074,2.054,2.074,2.0640,4
417,g95e5,1.794,1.794,1.794,1.7940,4
417,gA,1.974,1.954,1.974,1.9640,4
417,gP,2.074,2.054,2.074,2.0640,4
417,g95e5p,1.894,1.894,1.894,1.8940,4
418,gA,1.954,1.954,1.954,1.9540,2
418,gP,2.054,2.054,2.054,2.0540,2
418,gB,1.714,1.714,1.714,1.7140,2
419,g95e5,1.814,1.814,1.814,1.8140,3
419,gA,1.954,1.934,1.954,1.9407,3
419,gP,2.054,2.034,2.054,2.0407,3
420,g95e5,1.779,1.779,1.779,1.7790,3
423,g95e5,1.789,1.789,1.795,1.7920,2
423,g98e10,1.909,1.909,1.915,1.9120,2
425,g95e5,1.804,1.804,1.804,1.8040,4
425,gA,1.924,1.904,1.924,1.9173,3
425,gP,2.044,2.024,2.044,2.0373,3
425,g95e5p,1.904,1.904,1.904,1.9040,4
427,gA,1.647,1.647,1.648,1.6477,3
427,g98e5,1.829,1.819,1.829,1.8257,3
429,g95e5,1.679,1.679,1.679,1.6790,3
436,g95e5,1.754,1.754,1.754,1.7540,4
436,gA,1.874,1.864,1.884,1.8715,4
436,gP,1.924,1.914,1.934,1.9215,4
436,g95e5p,1.804,1.804,1.804,1.8040,4
437,g95e5,1.768,1.768,1.768,1.7680,2
437,gA,1.858,1.858,1.858,1.8580,2
437,gP,1.924,1.924,1.924,1.9240,2
437,g98e5,1.907,1.907,1.907,1.9070,2
441,g95e5,1.799,1.799,1.799,1.7990,3
441,gA,1.915,1.915,1.915,1.9150,3
441,g98e5,1.967,1.967,1.967,1.9670,3
442,g95e5,1.769,1.769,1.775,1.7710,3
442,gA,1.895,1.889,1.895,1.8930,3
442,g98e5,1.939,1.939,1.945,1.9410,3
443,g95e5,1.765,1.765,1.775,1.7683,3
443,gA,1.909,1.905,1.909,1.9077,3
443,g98e5,1.935,1.935,1.945,1.9383,3
444,gA,1.739,1.739,1.739,1.7390,2
446,g95e5,1.779,1.779,1.779,1.7790,3
446,gA,1.905,1.899,1.905,1.9030,3
446,g98e5,1.949,1.949,1.949,1.9490,3
448,g95e5,1.779,1.779,1.779,1.7790,3
448,gA,1.899,1.899,1.899,1.8990,3
448,gP,1.939,1.939,1.939,1.9390,3
448,g98e5,1.939,1.939,1.939,1.9390,3
450,g95e5,1.775,1.715,1.775,1.7350,4
450,gA,1.915,1.845,1.915,1.8710,4
450,gP,1.985,1.979,1.985,1.9830,3
450,g98e5,1.945,1.945,1.945,1.9450,3
451,g95e5,1.789,1.789,1.789,1.7890,2
451,gA,1.899,1.899,1.899,1.8990,2
451,gP,1.959,1.959,1.959,1.9590,2
451,g98e5,1.949,1.949,1.949,1.9490,2
457,g95e5,1.759,1.755,1.759,1.7577,3
457,gA,1.895,1.885,1.895,1.8917,3
457,gP,1.955,1.945,1.955,1.9517,3
457,g98e5,1.929,1.925,1.929,1.9277,3
457,glp,1.135,1.135,1.135,1.1350,2
458,g95e5,1.825,1.819,1.825,1.8220,2
458,gA,1.955,1.949,1.955,1.9520,2
458,g98e5,1.945,1.939,1.945,1.9420,2
459,g95e5,1.775,1.775,1.775,1.7750,3
459,gA,1.899,1.899,1.899,1.8990,2
459,g98e5,1.945,1.945,1.945,1.9450,3
459,g95e5p,1.845,1.845,1.845,1.8450,3
459,glp,1.115,1.115,1.115,1.1150,2
466,g95e5,1.849,1.849,1.849,1.8490,3
466,gA,1.969,1.959,1.969,1.9657,3
466,g98e5,1.959,1.959,1.959,1.9590,3
468,g95e5,1.785,1.785,1.785,1.7850,3
468,gA,1.929,1.919,1.929,1.9257,3
468,g98e5,1.955,1.955,1.955,1.9550,3
468,glp,1.179,1.179,1.179,1.1790,2
469,g95e5,1.845,1.845,1.845,1.8450,2
469,gA,1.965,1.955,1.965,1.9600,2
469,gP,2.025,2.015,2.025,2.0200,2
469,g98e5,1.955,1.955,1.955,1.9550,2
470,g95e5,1.765,1.765,1.765,1.7650,3
470,gA,1.895,1.889,1.895,1.8930,3
472,g95e5,1.769,1.769,1.775,1.7710,3
472,gA,1.889,1.885,1.889,1.8877,3
473,g95e5,1.765,1.765,1.765,1.7650,3
473,gA,1.895,1.889,1.895,1.8930,3
473,g98e5,1.935,1.935,1.935,1.9350,3
474,g95e5,1.769,1.769,1.769,1.7690,2
474,g98e5,1.949,1.949,1.949,1.9490,2
475,gA,1.924,1.924,1.924,1.9240,2
475,gP,2.004,2.004,2.004,2.0040,2
479,g95e5,1.785,1.769,1.785,1.7797,3
479,gA,1.949,1.949,1.949,1.9490,3
479,g98e5,1.955,1.939,1.955,1.9497,3
479,gB,1.724,1.719,1.724,1.7223,3
480,g95e5,1.819,1.819,1.819,1.8190,3
480,gA,1.919,1.915,1.919,1.9177,3
480,gP,2.029,2.025,2.029,2.0277,3
480,g98e5,1.989,1.989,1.989,1.9890,3
481,g95e5,1.799,1.799,1.799,1.7990,3
481,gA,1.925,1.925,1.925,1.9250,3
481,gP,1.985,1.985,1.985,1.9850,3
481,g98e5,1.969,1.969,1.969,1.9690,3
481,g95e5p,1.859,1.859,1.859,1.8590,3
481,glp,1.109,1.109,1.109,1.1090,2
482,g95e5,1.819,1.819,1.819,1.8190,3
482,gA,1.889,1.889,1.895,1.8910,3
482,g98e5,1.989,1.989,1.989,1.9890,3
484,g95e5,1.839,1.839,1.839,1.8390,3
484,gA,1.939,1.939,1.939,1.9390,3
484,gB,1.439,1.439,1.439,1.4390,2
489,g95e5,1.849,1.849,1.849,1.8490,3
489,gA,1.969,1.959,1.969,1.9657,3
489,g98e5,1.959,1.959,1.959,1.9590,3
491,g95e5,1.849,1.849,1.849,1.8490,3
491,gA,1.969,1.959,1.969,1.9657,3
491,g98e5,1.959,1.959,1.959,1.9590,3
495,g95e5,1.779,1.779,1.779,1.7790,3
495,gA,1.899,1.895,1.899,1.8977,3
495,g98e5,1.899,1.899,1.899,1.8990,3
495,g95e5p,1.849,1.849,1.849,1.8490,3
496,g95e5,1.755,1.755,1.755,1.7550,3
496,gA,1.915,1.909,1.915,1.9130,3
496,gP,2.025,2.019,2.025,2.0230,3
496,gB,1.704,1.699,1.704,1.7023,3
497,gA,1.924,1.924,1.924,1.9240,2
497,gP,2.004,2.004,2.004,2.0040,2
497,gB,1.724,1.724,1.724,1.7240,2
499,g95e5,1.804,1.804,1.804,1.8040,3
499,gA,1.934,1.914,1.934,1.9273,3
499,gP,2.014,1.994,2.014,2.0073,3
499,g95e5p,1.894,1.894,1.894,1.8940,3
499,gB,1.794,1.794,1.794,1.7940,2
500,gA,1.899,1.899,1.899,1.8990,3
500,gP,1.939,1.939,1.939,1.9390,3
500,gB,1.639,1.639,1.639,1.6390,3
501,g95e5,1.798,1.798,1.798,1.7980,3
501,gA,1.899,1.899,1.899,1.8990,3
501,gP,2.066,2.066,2.066,2.0660,3
501,g98e5,1.955,1.955,1.955,1.9550,3
501,gB,1.699,1.699,1.699,1.6990,3
504,g95e5,1.779,1.779,1.779,1.7790,3
504,gA,1.919,1.915,1.919,1.9177,3
504,g98e5,1.949,1.949,1.949,1.9490,3
504,gB,1.724,1.719,1.724,1.7223,3
506,g95e5,1.764,1.764,1.764,1.7640,4
506,gA,1.914,1.894,1.914,1.9040,4
506,gP,1.994,1.974,1.994,1.9840,4
506,g95e5p,1.854,1.854,1.854,1.8540,4
508,g95e5,1.709,1.709,1.709,1.7090,4
508,gA,1.839,1.829,1.839,1.8340,4
508,gP,1.889,1.879,1.889,1.8840,4
509,gA,1.899,1.899,1.899,1.8990,2
512,g95e5,1.798,1.798,1.798,1.7980,3
512,gA,1.899,1.899,1.899,1.8990,3
512,gP,2.066,2.066,2.066,2.0660,3
512,g98e5,1.955,1.955,1.955,1.9550,3
513,gA,1.929,1.929,1.929,1.9290,2
513,gP,2.009,2.009,2.009,2.0090,2
514,g95e5,1.774,1.774,1.774,1.7740,3
514,gA,1.924,1.904,1.924,1.9140,4
514,gP,2.034,2.014,2.034,2.0240,4
514,g95e5p,1.834,1.834,1.834,1.8340,3
515,g95e5,1.774,1.774,1.774,1.7740,3
515,gA,1.924,1.904,1.924,1.9140,4
515,gP,2.034,2.014,2.034,2.0240,4
515,g95e5p,1.834,1.834,1.834,1.8340,3
519,g95e5,1.819,1.819,1.819,1.8190,2
519,gA,1.919,1.919,1.919,1.9190,2
519,g98e5,1.999,1.999,1.999,1.9990,2
519,gB,1.679,1.679,1.679,1.6790,2
520,g95e5,1.789,1.779,1.789,1.7815,4
520,gA,1.929,1.909,1.929,1.9140,4
520,gP,1.979,1.959,1.979,1.9640,4
520,g95e5p,1.839,1.829,1.839,1.8315,4
521,g95e5,1.775,1.775,1.775,1.7750,3
521,g98e5,1.945,1.945,1.945,1.9450,3
521,gB,1.679,1.679,1.679,1.6790,3
524,g95e5,1.759,1.755,1.759,1.7577,3
524,gA,1.909,1.899,1.909,1.9057,3
524,gP,1.989,1.979,1.989,1.9857,3
524,gB,1.680,1.675,1.680,1.6783,3
525,g95e5,1.759,1.759,1.759,1.7590,2
525,gA,1.909,1.909,1.909,1.9090,2
525,g98e5,1.939,1.939,1.939,1.9390,2
525,gB,1.759,1.759,1.759,1.7590,2
527,g95e5,1.755,1.755,1.755,1.7550,3
527,gA,1.915,1.909,1.915,1.9130,3
527,g98e5,1.925,1.925,1.925,1.9250,3
527,gB,1.740,1.735,1.740,1.7383,3
528,g95e5,1.839,1.839,1.839,1.8390,2
528,gA,1.929,1.929,1.929,1.9290,2
528,g98e5,2.009,2.009,2.009,2.0090,2
528,gB,1.639,1.639,1.639,1.6390,2
529,g95e5,1.789,1.789,1.789,1.7890,3
529,gA,1.909,1.909,1.909,1.9090,3
529,gP,1.969,1.969,1.969,1.9690,3
529,g98e5,1.909,1.909,1.909,1.9090,3
535,g95e5,1.799,1.789,1.799,1.7957,3
535,gA,1.925,1.925,1.929,1.9263,3
535,gB,1.724,1.719,1.724,1.7223,3
536,g95e5,1.805,1.805,1.805,1.8050,3
536,gA,1.919,1.919,1.929,1.9223,3
536,gP,2.009,2.009,2.019,2.0123,3
536,g98e5,1.965,1.965,1.965,1.9650,3
537,g95e5,1.755,1.755,1.755,1.7550,3
537,gA,1.915,1.909,1.915,1.9130,3
537,gB,1.740,1.735,1.740,1.7383,3
538,g95e5,1.754,1.754,1.754,1.7540,4
538,gA,1.944,1.924,1.944,1.9340,4
538,gP,2.034,2.014,2.034,2.0240,4
538,g95e5p,1.874,1.874,1.874,1.8740,4
539,g95e5,1.784,1.784,1.784,1.7840,4
539,gA,1.974,1.954,1.974,1.9640,4
539,gP,2.054,2.034,2.054,2.0440,4
539,g95e5p,1.904,1.904,1.904,1.9040,4
543,g95e5,1.819,1.799,1.819,1.8090,4
543,gA,1.979,1.959,1.979,1.9690,4
543,gP,2.029,2.009,2.029,2.0190,4
543,g95e5p,1.869,1.849,1.869,1.8590,4
543,gB,1.604,1.589,1.604,1.5953,4
544,g95e5,1.785,1.785,1.785,1.7850,3
544,gA,1.915,1.909,1.915,1.9130,3
544,g98e5,1.955,1.955,1.955,1.9550,3
544,gB,1.684,1.679,1.684,1.6823,3
546,gA,1.699,1.699,1.699,1.6990,3
549,g95e5,1.775,1.775,1.775,1.7750,3
549,gA,1.899,1.895,1.899,1.8977,3
549,g98e5,1.895,1.895,1.895,1.8950,3
549,g95e5p,1.845,1.845,1.845,1.8450,3
549,glp,1.119,1.119,1.119,1.1190,2
550,g95e5,1.759,1.759,1.759,1.7590,2
550,gA,1.879,1.879,1.879,1.8790,2
550,gP,1.979,1.969,1.979,1.9757,3
550,g98e5,1.909,1.909,1.909,1.9090,2
551,g95e5,1.765,1.765,1.765,1.7650,3
551,gA,1.905,1.899,1.905,1.9030,3
551,g98e5,1.935,1.935,1.935,1.9350,3
553,g95e5,1.805,1.805,1.805,1.8050,3
553,gA,1.955,1.955,1.955,1.9550,3
554,g95e5,1.809,1.799,1.809,1.8065,4
554,gA,1.969,1.955,1.969,1.9645,4
554,gP,2.029,2.025,2.029,2.0277,3
554,g98e5,1.929,1.929,1.929,1.9290,3
555,g95e5,1.819,1.809,1.819,1.8157,3
555,gA,1.939,1.939,1.939,1.9390,3
556,g95e5,1.759,1.755,1.759,1.7577,3
556,gA,1.915,1.915,1.915,1.9150,2
556,gB,1.680,1.675,1.680,1.6783,3
557,g95e5,1.784,1.784,1.784,1.7840,4
557,gA,1.924,1.904,1.924,1.9140,4
557,gP,2.004,1.984,2.004,1.9940,4
558,g95e5,1.784,1.784,1.784,1.7840,3
558,gA,1.924,1.904,1.924,1.9173,3
558,gP,2.004,1.984,2.004,1.9973,3
559,g95e5,1.789,1.789,1.789,1.7890,2
559,gA,1.869,1.859,1.869,1.8640,2
559,gP,1.969,1.959,1.969,1.9640,2
559,g98e5,1.939,1.939,1.939,1.9390,2
561,g95e5,1.779,1.775,1.779,1.7777,3
561,gA,1.895,1.889,1.895,1.8930,3
561,g98e5,1.949,1.945,1.949,1.9477,3
566,g95e5,1.795,1.795,1.795,1.7950,3
566,gA,1.919,1.919,1.919,1.9190,3
566,g98e5,1.965,1.965,1.965,1.9650,3
567,g95e5,1.805,1.805,1.805,1.8050,3
567,gA,1.935,1.929,1.935,1.9330,3
568,g95e5,1.774,1.774,1.774,1.7740,3
568,gA,1.874,1.874,1.874,1.8740,3
573,g95e5,1.795,1.795,1.795,1.7950,3
573,gA,1.949,1.949,1.949,1.9490,4
573,g98e5,1.965,1.965,1.965,1.9650,3
573,gB,1.734,1.729,1.734,1.7323,3
575,g95e5,1.849,1.849,1.849,1.8490,3
575,gA,1.969,1.959,1.969,1.9657,3
575,g98e5,1.959,1.959,1.959,1.9590,3
576,g95e5,1.755,1.755,1.755,1.7550,3
576,gA,1.929,1.909,1.929,1.9223,3
576,gP,2.039,2.019,2.039,2.0323,3
576,g98e5,1.925,1.925,1.925,1.9250,3
576,gB,1.740,1.735,1.740,1.7383,3
577,g95e5,1.805,1.805,1.805,1.8050,3
577,gA,1.929,1.929,1.939,1.9323,3
577,g98e5,1.925,1.925,1.925,1.9250,3
578,g95e5,1.789,1.789,1.789,1.7890,2
578,g98e5,1.969,1.969,1.969,1.9690,2
580,g95e5,1.809,1.809,1.809,1.8090,3
580,gA,1.969,1.965,1.969,1.9677,3
580,g98e5,1.929,1.929,1.929,1.9290,3
580,gB,1.704,1.699,1.704,1.7023,3
583,g95e5,1.799,1.799,1.799,1.7990,3
583,gA,1.939,1.939,1.939,1.9390,3
583,gP,1.989,1.989,1.989,1.9890,3
584,g95e5,1.755,1.755,1.755,1.7550,3
584,gA,1.915,1.909,1.915,1.9130,3
584,gP,1.995,1.989,1.995,1.9930,3
584,g98e5,1.925,1.925,1.925,1.9250,3
585,g95e5,1.785,1.785,1.785,1.7850,2
585,gA,1.915,1.909,1.915,1.9130,3
585,g98e5,1.955,1.955,1.955,1.9550,2
585,gB,1.690,1.685,1.690,1.6883,3
586,g95e5,1.825,1.819,1.825,1.8230,3
586,gA,1.955,1.949,1.955,1.9530,3
586,gP,2.015,2.009,2.015,2.0130,3
586,g98e5,1.945,1.939,1.945,1.9430,3
586,gB,1.684,1.679,1.684,1.6823,3
588,gA,1.919,1.919,1.919,1.9190,2
589,g95e5,1.809,1.809,1.809,1.8090,3
589,gA,1.969,1.959,1.969,1.9657,3
589,g98e5,1.969,1.969,1.969,1.9690,3
589,gB,1.694,1.689,1.694,1.6923,3
591,g95e5,1.779,1.779,1.779,1.7790,2
591,gA,1.989,1.989,1.989,1.9890,2
591,g98e5,1.949,1.949,1.949,1.9490,2
593,g95e5,1.849,1.849,1.849,1.8490,3
593,gA,1.969,1.959,1.969,1.9657,3
593,g98e5,1.959,1.959,1.959,1.9590,3
594,gA,1.949,1.935,1.949,1.9420,2
594,gP,2.034,2.019,2.034,2.0265,2
596,g95e5,1.779,1.779,1.779,1.7790,3
596,gA,1.919,1.915,1.919,1.9177,3
596,gP,1.979,1.975,1.979,1.9777,3
596,g98e5,1.949,1.949,1.949,1.9490,3
596,g95e5p,1.849,1.849,1.849,1.8490,3
597,g95e5,1.805,1.805,1.805,1.8050,3
597,gA,1.945,1.929,1.945,1.9397,3
597,gP,2.025,2.009,2.025,2.0197,3
597,gB,1.704,1.699,1.704,1.7023,3
601,g95e5,1.755,1.745,1.755,1.7525,4
601,gA,1.919,1.909,1.919,1.9157,3
601,gP,1.979,1.969,1.979,1.9757,3
601,g98e5,1.925,1.925,1.925,1.9250,3
604,g95e5,1.759,1.759,1.759,1.7590,3
604,gA,1.909,1.905,1.909,1.9077,3
604,gP,1.969,1.965,1.969,1.9677,3
604,g98e5,1.929,1.929,1.929,1.9290,3
606,g95e5,1.849,1.849,1.849,1.8490,3
606,gA,1.969,1.959,1.969,1.9657,3
606,g98e5,1.959,1.959,1.959,1.9590,3
608,g95e5,1.755,1.755,1.765,1.7583,3
608,gA,1.915,1.909,1.915,1.9130,3
608,gP,2.025,2.019,2.025,2.0230,3
608,gB,1.714,1.709,1.714,1.7123,3
609,g95e5,1.775,1.775,1.775,1.7750,3
609,gA,1.925,1.909,1.925,1.9197,3
609,g98e5,1.945,1.945,1.945,1.9450,3
609,gB,1.724,1.719,1.724,1.7223,3
610,g95e5,1.809,1.809,1.809,1.8090,2
610,gA,1.969,1.965,1.969,1.9670,2
610,g98e5,1.969,1.969,1.969,1.9690,2
610,g95e5p,1.879,1.879,1.879,1.8790,2
611,g95e5,1.799,1.799,1.799,1.7990,3
611,gA,1.939,1.939,1.939,1.9390,3
611,gP,1.989,1.989,1.989,1.9890,3
612,g95e5,1.799,1.799,1.799,1.7990,3
612,gA,1.939,1.939,1.939,1.9390,3
612,gP,1.989,1.989,1.989,1.9890,3
614,g95e5,1.765,1.765,1.765,1.7650,3
614,gA,1.915,1.899,1.915,1.9097,3
614,gP,1.975,1.959,1.975,1.9697,3
614,g98e5,1.935,1.935,1.935,1.9350,3
614,gB,1.724,1.719,1.724,1.7223,3
615,g95e5,1.789,1.775,1.789,1.7843,3
615,gA,1.955,1.949,1.955,1.9530,3
615,g98e5,1.959,1.945,1.959,1.9543,3
616,g95e5,1.765,1.765,1.765,1.7650,2
616,gA,1.886,1.876,1.886,1.8810,2
616,gP,1.950,1.940,1.950,1.9450,2
616,gB,1.565,1.555,1.565,1.5600,2
619,g95e5,1.849,1.849,1.849,1.8490,3
619,gA,1.969,1.959,1.969,1.9657,3
619,g98e5,1.959,1.959,1.959,1.9590,3
620,g95e5,1.775,1.775,1.785,1.7783,3
620,gA,1.905,1.895,1.905,1.9017,3
620,g98e5,1.945,1.945,1.955,1.9483,3
622,g95e5,1.825,1.819,1.825,1.8230,3
622,gA,1.925,1.919,1.925,1.9230,3
622,gB,1.680,1.675,1.680,1.6783,3
623,g95e5,1.759,1.755,1.759,1.7577,3
623,gA,1.955,1.949,1.955,1.9530,3
623,gB,1.680,1.675,1.680,1.6783,3
626,g95e5,1.785,1.785,1.785,1.7850,3
626,gA,1.905,1.895,1.905,1.9017,3
626,g98e5,1.955,1.955,1.955,1.9550,3
628,g95e5,1.839,1.839,1.839,1.8390,3
628,gA,1.939,1.939,1.939,1.9390,3
628,g98e5,1.979,1.969,1.979,1.9757,3
628,gB,1.439,1.439,1.439,1.4390,2
629,g95e5,1.809,1.799,1.809,1.8065,4
629,gA,1.969,1.955,1.969,1.9645,4
629,gP,2.029,2.025,2.029,2.0277,3
629,g98e5,1.929,1.929,1.929,1.9290,3
629,gB,1.680,1.675,1.680,1.6783,3
630,g95e5,1.769,1.755,1.769,1.7643,3
630,gA,1.929,1.909,1.929,1.9223,3
630,gP,1.989,1.969,1.989,1.9823,3
630,g98e5,1.939,1.925,1.939,1.9343,3
630,gB,1.690,1.685,1.690,1.6883,3
633,g95e5,1.839,1.839,1.839,1.8390,3
633,gA,1.939,1.939,1.939,1.9390,3
633,g98e5,1.979,1.969,1.979,1.9757,3
633,gB,1.439,1.439,1.439,1.4390,2
634,g95e5,1.825,1.819,1.825,1.8230,3
634,gA,1.905,1.885,1.905,1.8983,3
634,g98e5,1.945,1.939,1.945,1.9430,3
635,g95e5,1.769,1.769,1.775,1.7720,2
635,gA,1.899,1.899,1.905,1.9020,2
635,gP,1.969,1.969,1.975,1.9720,2
635,g98e5,1.959,1.959,1.965,1.9620,2
637,g95e5,1.775,1.775,1.775,1.7750,3
637,gA,1.919,1.919,1.919,1.9190,3
637,gP,2.029,2.029,2.029,2.0290,3
638,gA,1.915,1.915,1.915,1.9150,2
638,g98e5,1.945,1.945,1.945,1.9450,4
640,g95e5,1.849,1.849,1.849,1.8490,3
640,gA,1.969,1.959,1.969,1.9657,3
640,g98e5,1.959,1.959,1.959,1.9590,3
641,g95e5,1.775,1.715,1.775,1.7350,4
641,gA,1.915,1.845,1.915,1.8710,4
641,g98e5,1.945,1.945,1.945,1.9450,3
643,g95e5,1.825,1.809,1.825,1.8195,4
643,gA,1.949,1.939,1.949,1.9455,4
643,gP,2.009,2.005,2.009,2.0077,3
643,g98e5,1.945,1.939,1.945,1.9430,3
643,glp,1.135,1.135,1.135,1.1350,2
647,g95e5,1.795,1.795,1.795,1.7950,3
647,gA,1.935,1.935,1.939,1.9363,3
647,g98e5,1.915,1.915,1.915,1.9150,3
648,g95e5,1.759,1.755,1.759,1.7577,3
648,gA,1.905,1.889,1.905,1.8997,3
648,gB,1.700,1.695,1.700,1.6983,3
649,g95e5,1.849,1.849,1.849,1.8490,3
649,gA,1.969,1.959,1.969,1.9657,3
649,g98e5,1.959,1.959,1.959,1.9590,3
650,g95e5,1.785,1.785,1.785,1.7850,3
650,gA,1.909,1.909,1.909,1.9090,3
650,gP,1.969,1.969,1.969,1.9690,3
650,g98e5,1.955,1.955,1.955,1.9550,3
651,g95e5,1.775,1.775,1.779,1.7763,3
651,gA,1.895,1.889,1.895,1.8930,3
651,g98e5,1.945,1.945,1.949,1.9463,3
652,g95e5,1.779,1.759,1.779,1.7715,4
652,gA,1.929,1.909,1.929,1.9190,4
652,gP,2.019,1.999,2.019,2.0090,4
652,g95e5p,1.829,1.809,1.829,1.8215,4
654,g95e5,1.819,1.819,1.819,1.8190,3
654,gA,1.939,1.939,1.939,1.9390,3
654,gP,1.989,1.989,1.989,1.9890,3
655,g95e5,1.799,1.799,1.799,1.7990,3
655,gA,1.939,1.939,1.939,1.9390,3
655,gP,1.989,1.989,1.989,1.9890,3
657,g95e5,1.779,1.779,1.779,1.7790,2
659,g95e5,1.794,1.794,1.794,1.7940,3
659,gA,1.962,1.962,1.962,1.9620,3
659,gP,2.034,2.034,2.034,2.0340,3
659,g98e5,1.904,1.904,1.904,1.9040,3
661,g95e5,1.769,1.759,1.769,1.7640,4
661,gA,1.889,1.879,1.889,1.8840,4
661,gP,1.939,1.929,1.939,1.9340,4
661,g95e5p,1.819,1.809,1.819,1.8140,4
664,g95e5,1.769,1.769,1.769,1.7690,2
664,g98e5,1.859,1.859,1.859,1.8590,2
665,g95e5,1.769,1.769,1.769,1.7690,2
665,g98e5,1.859,1.859,1.859,1.8590,2
668,gA,1.909,1.899,1.909,1.9040,2
668,gP,2.009,1.999,2.009,2.0040,2
669,gA,1.909,1.899,1.909,1.9040,2
669,gP,2.009,1.999,2.009,2.0040,2
670,g95e5,1.714,1.714,1.714,1.7140,3
670,gA,1.829,1.809,1.829,1.8157,3
670,gP,1.909,1.889,1.909,1.8957,3
670,g98e5,1.854,1.854,1.854,1.8540,3
671,gA,1.646,1.646,1.646,1.6460,3
671,g98e5,1.759,1.759,1.759,1.7590,3
674,g95e5,1.729,1.729,1.729,1.7290,2
674,gA,1.829,1.829,1.829,1.8290,2
674,gP,1.919,1.919,1.919,1.9190,2
674,g98e5,1.859,1.859,1.859,1.8590,2
675,g95e5,1.679,1.669,1.689,1.6765,4
675,gA,1.749,1.749,1.769,1.7540,4
675,gP,1.799,1.799,1.819,1.8040,4
675,g95e5p,1.729,1.719,1.739,1.7265,4
679,gA,1.739,1.739,1.739,1.7390,2
679,gP,1.789,1.789,1.789,1.7890,2
680,g95e5,1.819,1.819,1.819,1.8190,3
680,gA,1.939,1.939,1.939,1.9390,3
680,g98e5,1.969,1.969,1.969,1.9690,3
680,gB,1.789,1.789,1.789,1.7890,3
681,g95e5,1.774,1.774,1.774,1.7740,4
681,gA,1.924,1.904,1.924,1.9140,4
681,gP,2.004,1.984,2.004,1.9940,4
683,g95e5,1.789,1.789,1.789,1.7890,2
683,gA,1.899,1.899,1.899,1.8990,2
683,gP,1.959,1.959,1.959,1.9590,2
683,g98e5,1.949,1.949,1.949,1.9490,2
684,g95e5,1.739,1.729,1.739,1.7340,4
684,gA,1.879,1.869,1.879,1.8740,4
684,gP,1.929,1.919,1.929,1.9240,4
684,g95e5p,1.789,1.779,1.789,1.7840,4
686,g95e5,1.764,1.764,1.764,1.7640,4
686,gA,1.884,1.864,1.884,1.8740,4
686,gP,1.994,1.974,1.994,1.9840,4
686,gB,1.764,1.764,1.764,1.7640,2
687,g95e5,1.764,1.764,1.764,1.7640,4
687,gA,1.884,1.864,1.884,1.8740,4
687,gP,1.994,1.974,1.994,1.9840,4
687,gB,1.764,1.764,1.764,1.7640,2
690,gA,1.949,1.949,1.949,1.9490,3
690,gP,2.009,2.009,2.009,2.0090,3
692,g95e5,1.749,1.749,1.749,1.7490,3
692,gA,1.879,1.879,1.879,1.8790,3
693,g95e5,1.764,1.735,1.764,1.7543,3
693,gA,1.898,1.889,1.898,1.8950,3
693,g98e5,1.935,1.905,1.935,1.9250,3
694,gA,1.869,1.859,1.869,1.8640,2
694,gP,1.909,1.899,1.909,1.9040,2
694,g98e5,1.829,1.819,1.829,1.8240,2
699,gA,1.899,1.879,1.899,1.8890,2
699,gP,1.939,1.919,1.939,1.9290,2
699,g98e5,1.879,1.879,1.879,1.8790,2
701,g95e5,1.745,1.745,1.745,1.7450,2
701,gA,1.905,1.905,1.905,1.9050,2
703,gA,1.828,1.818,1.828,1.8230,2
705,g95e5,1.729,1.709,1.729,1.7223,3
705,gA,1.889,1.869,1.889,1.8790,3
705,gP,1.959,1.939,1.959,1.9477,3
706,g95e5,1.759,1.759,1.769,1.7640,2
706,gA,1.939,1.935,1.939,1.9370,2
707,g95e5,1.769,1.769,1.769,1.7690,2
707,gA,1.949,1.939,1.949,1.9440,2
709,g95e5,1.745,1.745,1.745,1.7450,2
709,gA,1.909,1.899,1.909,1.9040,2
709,gP,2.019,2.009,2.019,2.0140,2
710,g95e5,1.769,1.749,1.769,1.7623,3
710,gA,1.935,1.919,1.935,1.9297,3
710,gP,1.995,1.979,1.995,1.9897,3
710,g98e5,1.939,1.919,1.939,1.9323,3
710,g95e5p,1.829,1.809,1.829,1.8223,3
712,g95e5,1.799,1.799,1.799,1.7990,3
712,gA,1.949,1.935,1.949,1.9443,3
712,gP,2.059,2.045,2.059,2.0543,3
712,g98e5,1.919,1.919,1.919,1.9190,3
713,g95e5,1.745,1.735,1.745,1.7425,4
713,gA,1.935,1.925,1.935,1.9317,3
713,gP,2.025,2.015,2.025,2.0217,3
713,g98e5,1.915,1.915,1.915,1.9150,3
713,gB,1.680,1.675,1.680,1.6783,3
715,g95e5,1.759,1.759,1.769,1.7623,3
715,gA,1.939,1.935,1.939,1.9377,3
715,gP,2.039,2.039,2.039,2.0390,2
715,g98e5,1.929,1.929,1.939,1.9323,3
715,gB,1.724,1.719,1.724,1.7223,3
716,g95e5,1.765,1.765,1.765,1.7650,3
716,gA,1.925,1.905,1.925,1.9183,3
716,g98e5,1.885,1.885,1.885,1.8850,3
716,glp,1.195,1.195,1.195,1.1950,2
717,g95e5,1.769,1.759,1.769,1.7657,3
717,gA,1.909,1.909,1.919,1.9123,3
717,gP,2.009,2.009,2.015,2.0110,3
717,g98e5,1.889,1.879,1.889,1.8857,3
718,g95e5,1.769,1.759,1.769,1.7657,3
718,gA,1.909,1.909,1.919,1.9123,3
718,gP,2.009,2.009,2.015,2.0110,3
718,g98e5,1.889,1.879,1.889,1.8857,3
720,g95e5,1.724,1.724,1.724,1.7240,4
720,gA,1.864,1.844,1.864,1.8540,4
720,gP,1.964,1.944,1.964,1.9540,4
720,g95e5p,1.824,1.824,1.824,1.8240,4
723,g95e5,1.799,1.799,1.799,1.7990,3
723,gA,1.965,1.959,1.965,1.9630,3
723,g98e5,1.919,1.919,1.919,1.9190,3
725,g95e5,1.799,1.799,1.799,1.7990,3
725,gA,1.975,1.969,1.975,1.9730,3
725,gP,2.075,2.069,2.075,2.0730,3
725,g98e5,1.919,1.919,1.919,1.9190,3
726,g95e5,1.779,1.779,1.779,1.7790,3
726,gA,1.919,1.919,1.919,1.9190,3
726,gP,2.009,2.009,2.009,2.0090,3
726,g98e5,1.909,1.909,1.909,1.9090,3
726,gB,1.639,1.639,1.639,1.6390,3
728,g95e5,1.745,1.745,1.745,1.7450,3
728,gA,1.909,1.899,1.909,1.9057,3
728,gP,1.999,1.989,1.999,1.9957,3
728,gB,1.670,1.665,1.670,1.6683,3
729,g95e5,1.789,1.789,1.789,1.7890,3
729,gA,1.919,1.899,1.919,1.9057,3
729,gP,1.989,1.979,1.989,1.9823,3
729,g98e5,1.899,1.889,1.899,1.8923,3
730,g95e5,1.759,1.759,1.759,1.7590,3
730,gA,1.919,1.919,1.919,1.9190,2
730,g98e5,1.899,1.899,1.899,1.8990,3
739,gA,1.939,1.939,1.939,1.9390,2
739,gP,2.009,1.989,2.009,2.0023,3
739,gB,1.670,1.665,1.670,1.6683,3
743,g95e5,1.799,1.799,1.799,1.7990,3
743,gA,1.959,1.959,1.965,1.9610,3
743,gP,2.029,2.029,2.035,2.0310,3
744,gA,1.928,1.928,1.928,1.9280,2
744,gP,1.998,1.998,1.998,1.9980,2
747,g95e5,1.749,1.749,1.749,1.7490,3
747,gA,1.889,1.889,1.889,1.8890,3
748,g95e5,1.629,1.629,1.639,1.6357,3
748,gA,1.679,1.639,1.679,1.6523,3
753,g95e5,1.779,1.779,1.779,1.7790,2
753,gA,1.899,1.899,1.899,1.8990,2
753,gP,2.019,2.019,2.019,2.0190,2
754,g95e5,1.775,1.775,1.775,1.7750,3
754,gA,1.969,1.965,1.969,1.9677,3
754,gP,2.069,2.065,2.069,2.0677,3
754,g98e5,1.945,1.945,1.945,1.9450,3
754,glp,1.195,1.195,1.195,1.1950,2
755,g95e5,1.769,1.769,1.769,1.7690,4
755,gA,1.919,1.919,1.919,1.9190,4
756,g95e5,1.799,1.799,1.799,1.7990,3
756,gA,1.965,1.965,1.969,1.9663,3
756,gP,2.025,2.025,2.029,2.0263,3
756,g98e5,1.919,1.919,1.919,1.9190,3
757,g95e5,1.779,1.779,1.779,1.7790,2
757,gA,1.939,1.939,1.939,1.9390,2
757,g98e5,1.929,1.929,1.929,1.9290,2
759,g95e5,1.769,1.769,1.769,1.7690,2
759,gA,1.919,1.919,1.919,1.9190,2
759,gP,1.979,1.979,1.979,1.9790,2
759,g98e5,1.939,1.939,1.939,1.9390,2
761,g95e5,1.775,1.775,1.775,1.7750,3
761,gA,1.929,1.909,1.929,1.9205,4
761,gP,2.019,2.005,2.019,2.0143,3
761,g98e5,1.895,1.895,1.895,1.8950,3
763,g95e5,1.769,1.769,1.769,1.7690,3
763,gA,1.879,1.879,1.879,1.8790,3
764,gA,1.728,1.728,1.728,1.7280,3
765,g95e5,1.745,1.745,1.745,1.7450,3
765,gA,1.935,1.929,1.935,1.9330,3
765,gP,2.025,2.025,2.025,2.0250,2
765,g98e5,1.915,1.915,1.915,1.9150,3
766,g95e5,1.745,1.745,1.745,1.7450,3
766,gA,1.935,1.929,1.935,1.9330,3
766,gP,2.025,2.025,2.025,2.0250,2
766,g98e5,1.915,1.915,1.915,1.9150,3
772,gA,1.937,1.937,1.937,1.9370,2
772,gP,1.997,1.997,1.997,1.9970,2
773,g95e5,1.745,1.745,1.745,1.7450,3
773,gA,1.909,1.899,1.909,1.9057,3
773,gP,1.969,1.959,1.969,1.9657,3
773,gB,1.720,1.715,1.720,1.7183,3
775,g95e5,1.745,1.745,1.745,1.7450,3
775,gA,1.929,1.929,1.929,1.9290,2
775,gP,1.989,1.989,1.989,1.9890,2
775,g98e5,1.865,1.865,1.865,1.8650,3
775,gB,1.670,1.665,1.670,1.6683,3
776,g95e5,1.789,1.789,1.789,1.7890,2
776,gA,1.919,1.919,1.919,1.9190,2
776,g98e5,1.899,1.899,1.899,1.8990,2
776,gB,1.659,1.659,1.659,1.6590,2
777,gA,1.939,1.939,1.939,1.9390,2
780,g95e5,1.745,1.745,1.755,1.7483,3
780,gA,1.919,1.899,1.919,1.9123,3
780,gP,2.029,2.009,2.029,2.0223,3
780,g98e5,1.895,1.895,1.905,1.8983,3
781,g95e5,1.775,1.775,1.775,1.7750,3
781,gA,1.969,1.965,1.969,1.9677,3
781,gP,2.069,2.065,2.069,2.0677,3
781,g98e5,1.945,1.945,1.945,1.9450,3
782,gA,1.945,1.945,1.945,1.9450,2
783,g95e5,1.799,1.799,1.799,1.7990,2
783,gA,1.949,1.935,1.949,1.9420,2
783,gP,2.059,2.045,2.059,2.0520,2
783,g98e5,1.919,1.919,1.919,1.9190,2
785,gA,1.869,1.869,1.869,1.8690,2
786,g95e5,1.779,1.779,1.779,1.7790,3
786,gA,1.899,1.899,1.899,1.8990,3
786,gP,1.999,1.999,1.999,1.9990,3
786,g98e5,1.919,1.919,1.919,1.9190,3
787,g95e5,1.779,1.779,1.779,1.7790,3
787,gA,1.899,1.899,1.899,1.8990,3
788,g95e5,1.745,1.745,1.745,1.7450,3
788,gA,1.919,1.915,1.919,1.9177,3
788,gP,1.979,1.975,1.979,1.9777,3
788,g98e5,1.865,1.865,1.865,1.8650,3
788,glp,1.159,1.159,1.159,1.1590,2
788,gB,1.710,1.705,1.710,1.7083,3
789,g95e5,1.775,1.775,1.775,1.7750,3
789,gA,1.945,1.935,1.945,1.9417,3
789,gP,2.005,1.995,2.005,2.0017,3
790,g95e5,1.775,1.775,1.775,1.7750,3
790,gA,1.945,1.935,1.945,1.9417,3
790,gP,2.005,1.995,2.005,2.0017,3
790,g98e5,1.935,1.935,1.935,1.9350,3
790,g95e5p,1.845,1.845,1.845,1.8450,3
792,gA,1.928,1.928,1.928,1.9280,2
792,gP,1.998,1.998,1.998,1.9980,2
793,g95e5,1.759,1.759,1.759,1.7590,3
793,gA,1.929,1.915,1.929,1.9243,3
795,g95e5,1.764,1.764,1.764,1.7640,3
795,gA,1.924,1.904,1.924,1.9140,4
795,gP,2.014,1.994,2.014,2.0040,4
795,g95e5p,1.854,1.854,1.854,1.8540,3
797,g95e5,1.745,1.745,1.745,1.7450,3
797,gA,1.975,1.965,1.975,1.9717,3
797,gP,2.035,2.025,2.035,2.0317,3
799,g95e5,1.759,1.749,1.759,1.7557,3
799,gA,1.935,1.925,1.935,1.9317,3
799,gP,2.015,2.005,2.015,2.0117,3
799,g98e5,1.929,1.919,1.929,1.9257,3
801,g95e5,1.745,1.745,1.745,1.7450,3
801,gA,1.909,1.899,1.909,1.9057,3
802,g95e5,1.745,1.745,1.745,1.7450,3
802,gA,1.909,1.899,1.909,1.9057,3
802,gP,2.019,2.009,2.019,2.0157,3
802,g95e5p,1.805,1.805,1.805,1.8050,3
802,gB,1.724,1.719,1.724,1.7223,3
804,g95e5,1.759,1.759,1.759,1.7590,2
804,gA,1.929,1.925,1.929,1.9270,2
809,g95e5,1.759,1.759,1.759,1.7590,3
809,gA,1.919,1.909,1.919,1.9165,4
809,gP,1.979,1.979,1.979,1.9790,3
809,g98e5,1.929,1.929,1.929,1.9290,3
811,g95e5,1.775,1.775,1.775,1.7750,2
811,gA,1.939,1.939,1.945,1.9410,3
811,g98e5,1.945,1.935,1.945,1.9417,3
811,gB,1.600,1.595,1.600,1.5983,3
812,g95e5,1.749,1.749,1.749,1.7490,3
812,gA,1.889,1.889,1.889,1.8890,3
812,gP,1.949,1.949,1.949,1.9490,3
812,g98e5,1.859,1.859,1.859,1.8590,3
813,g95e5,1.784,1.784,1.784,1.7840,4
813,gA,1.934,1.914,1.934,1.9240,4
813,gP,2.034,2.014,2.034,2.0240,4
814,gA,1.934,1.934,1.934,1.9340,2
814,gP,2.034,2.034,2.034,2.0340,2
819,g95e5,1.759,1.759,1.759,1.7590,2
819,gA,1.935,1.919,1.935,1.9270,2
819,g98e5,1.879,1.879,1.879,1.8790,2
820,g95e5,1.759,1.759,1.759,1.7590,2
820,gA,1.899,1.899,1.899,1.8990,2
820,gP,1.939,1.939,1.939,1.9390,2
821,gA,1.939,1.939,1.939,1.9390,2
821,gP,2.049,2.049,2.049,2.0490,2
822,gA,1.939,1.939,1.939,1.9390,2
822,gP,2.049,2.049,2.049,2.0490,2
824,g95e5,1.774,1.774,1.774,1.7740,4
824,gA,1.944,1.924,1.944,1.9340,4
824,gP,2.034,2.014,2.034,2.0240,4
826,g95e5,1.769,1.769,1.775,1.7710,3
826,gA,1.935,1.929,1.935,1.9330,3
826,gP,2.045,2.039,2.045,2.0430,3
826,g98e5,1.939,1.939,1.945,1.9410,3
827,g95e5,1.759,1.759,1.759,1.7590,3
827,gA,1.935,1.919,1.935,1.9297,3
827,gP,1.995,1.979,1.995,1.9897,3
827,g98e5,1.879,1.879,1.879,1.8790,3
829,g95e5,1.745,1.735,1.745,1.7417,3
829,gA,1.915,1.899,1.915,1.9097,3
829,gP,1.975,1.959,1.975,1.9697,3
829,g98e5,1.865,1.855,1.865,1.8617,3
831,g95e5,1.769,1.759,1.779,1.7665,4
831,gA,1.899,1.889,1.899,1.8965,4
831,gP,1.949,1.939,1.949,1.9465,4
831,g95e5p,1.819,1.809,1.829,1.8165,4
832,g95e5,1.769,1.769,1.769,1.7690,3
833,g95e5,1.759,1.759,1.765,1.7610,3
833,gA,1.949,1.949,1.949,1.9490,3
833,gP,2.009,2.009,2.009,2.0090,3
833,g98e5,1.889,1.889,1.895,1.8910,3
833,g95e5p,1.819,1.819,1.825,1.8210,3
833,gB,1.584,1.579,1.584,1.5823,3
834,g95e5,1.784,1.784,1.784,1.7840,4
834,gA,1.924,1.904,1.924,1.9173,3
834,gP,2.004,1.984,2.004,1.9973,3
837,g95e5,1.805,1.805,1.805,1.8050,3
837,gA,1.955,1.939,1.955,1.9495,4
837,gP,2.015,2.009,2.015,2.0130,3
837,g98e5,1.925,1.925,1.925,1.9250,3
838,g95e5,1.749,1.749,1.765,1.7543,3
838,gA,1.915,1.899,1.915,1.9097,3
838,gP,2.005,1.989,2.005,1.9997,3
838,g98e5,1.919,1.919,1.935,1.9243,3
839,g95e5,1.729,1.699,1.729,1.7090,3
839,gA,1.859,1.819,1.859,1.8323,3
839,gP,1.919,1.899,1.919,1.9057,3
839,g98e5,1.869,1.799,1.869,1.8223,3
840,g95e5,1.745,1.745,1.745,1.7450,3
840,gA,1.919,1.915,1.919,1.9177,3
840,gP,1.979,1.975,1.979,1.9777,3
840,g98e5,1.865,1.865,1.865,1.8650,3
840,gB,1.710,1.705,1.710,1.7083,3
842,g95e5,1.785,1.775,1.785,1.7825,4
842,gA,1.945,1.929,1.945,1.9410,4
842,gP,2.005,2.005,2.005,2.0050,3
842,g98e5,1.905,1.905,1.905,1.9050,3
844,g95e5,1.749,1.749,1.749,1.7490,3
844,gA,1.909,1.889,1.909,1.9015,4
844,gP,2.019,2.009,2.019,2.0157,3
845,g95e5,1.789,1.789,1.789,1.7890,3
845,gA,1.929,1.919,1.929,1.9223,3
845,gP,1.999,1.999,1.999,1.9990,3
847,g95e5,1.755,1.755,1.755,1.7550,3
847,gA,1.919,1.915,1.919,1.9177,3
847,gP,2.029,2.025,2.029,2.0277,3
847,g98e5,1.875,1.875,1.875,1.8750,3
847,g95e5p,1.825,1.825,1.825,1.8250,3
848,g95e5,1.755,1.745,1.755,1.7525,4
848,gA,1.919,1.905,1.919,1.9145,4
848,gP,2.029,2.025,2.029,2.0277,3
848,g98e5,1.875,1.875,1.875,1.8750,3
848,gB,1.724,1.719,1.724,1.7223,3
849,g95e5,1.805,1.805,1.805,1.8050,3
849,gA,1.955,1.949,1.955,1.9530,3
849,gP,2.015,2.009,2.015,2.0130,3
849,g98e5,1.925,1.925,1.925,1.9250,3
849,gB,1.604,1.599,1.604,1.6023,3
851,g95e5,1.759,1.749,1.759,1.7565,4
851,gA,1.929,1.919,1.929,1.9255,4
851,gP,1.989,1.985,1.989,1.9877,3
851,g98e5,1.919,1.919,1.919,1.9190,3
852,g95e5,1.759,1.749,1.759,1.7565,4
852,gA,1.929,1.919,1.929,1.9255,4
852,gP,1.989,1.985,1.989,1.9877,3
852,g98e5,1.919,1.919,1.919,1.9190,3
854,gA,1.769,1.769,1.769,1.7690,3
855,g95e5,1.809,1.799,1.809,1.8057,3
855,gA,1.969,1.929,1.969,1.9523,3
855,g98e5,1.929,1.929,1.939,1.9323,3
857,gP,2.039,2.039,2.049,2.0423,3
857,g98e5,1.949,1.929,1.949,1.9390,3
857,glp,1.159,1.159,1.159,1.1590,2
858,g95e5,1.839,1.819,1.839,1.8290,3
858,gA,1.979,1.969,1.979,1.9740,2
858,gP,2.049,2.039,2.049,2.0457,3
858,g98e5,1.969,1.949,1.969,1.9590,3
861,g98e5,1.899,1.899,1.899,1.8990,3
862,g95e5,1.815,1.815,1.815,1.8150,2
862,gA,1.969,1.969,1.969,1.9690,2
862,gP,2.059,2.059,2.059,2.0590,2
862,g98e5,1.955,1.955,1.955,1.9550,2
863,g95e5,1.839,1.819,1.839,1.8290,3
863,gA,1.979,1.969,1.979,1.9740,2
863,gP,2.049,2.039,2.049,2.0457,3
863,g98e5,1.969,1.949,1.969,1.9590,3
863,glp,1.179,1.149,1.179,1.1690,3
864,gA,1.965,1.965,1.965,1.9650,2
864,gP,2.055,2.055,2.055,2.0550,2
866,g95e5,1.715,1.699,1.715,1.7043,3
866,gA,1.765,1.745,1.765,1.7517,3
866,gP,1.785,1.775,1.785,1.7783,3
867,g95e5,1.659,1.659,1.659,1.6590,3
867,gA,1.799,1.799,1.799,1.7990,3
867,g98e5,1.839,1.839,1.839,1.8390,2
871,g95e5,1.769,1.759,1.769,1.7657,3
871,g98e5,1.939,1.939,1.939,1.9390,2
872,gA,1.891,1.891,1.950,1.9107,3
873,gA,1.955,1.949,1.955,1.9530,3
875,gA,1.929,1.929,1.929,1.9290,2
875,gP,1.999,1.999,1.999,1.9990,2
876,g95e5,1.789,1.789,1.789,1.7890,2
876,gA,1.919,1.915,1.919,1.9170,2
876,gP,1.999,1.995,1.999,1.9970,2
876,g98e5,1.929,1.929,1.929,1.9290,2
882,g95e5,1.799,1.789,1.799,1.7923,3
882,gA,1.939,1.939,1.939,1.9390,2
882,gP,1.999,1.989,1.999,1.9957,3
882,g98e5,1.929,1.919,1.929,1.9257,3
883,g95e5,1.845,1.845,1.845,1.8450,2
883,gA,1.979,1.975,1.979,1.9770,2
883,g98e5,1.965,1.965,1.965,1.9650,2
884,gA,1.958,1.948,1.958,1.9547,3
884,gP,2.008,2.008,2.008,2.0080,2
888,gA,1.889,1.859,1.889,1.8665,4
888,gP,1.939,1.909,1.939,1.9165,4
888,g98e5,1.949,1.939,1.949,1.9415,4
888,g95e5p,1.819,1.809,1.819,1.8115,4
888,gB,1.679,1.649,1.679,1.6565,4
889,g95e5,1.805,1.805,1.805,1.8050,3
889,gA,1.949,1.949,1.949,1.9490,3
889,gP,2.009,2.009,2.009,2.0090,3
889,g98e5,1.925,1.925,1.925,1.9250,3
890,g95e5,1.779,1.779,1.785,1.7810,3
890,gA,1.995,1.995,1.999,1.9963,3
890,g98e5,1.949,1.949,1.955,1.9510,3
890,gB,1.689,1.689,1.689,1.6890,3
893,g95e5,1.815,1.815,1.815,1.8150,3
893,gA,1.955,1.939,1.955,1.9495,4
893,gP,2.015,2.009,2.015,2.0130,3
893,g98e5,1.935,1.935,1.935,1.9350,3
893,glp,1.165,1.165,1.165,1.1650,2
893,gB,1.714,1.709,1.714,1.7123,3
894,g95e5,1.805,1.785,1.809,1.8010,4
894,gA,1.945,1.935,1.945,1.9410,4
894,gP,2.005,1.999,2.005,2.0030,3
894,g98e5,1.955,1.955,1.959,1.9563,3
895,g95e5,1.779,1.779,1.779,1.7790,3
895,gA,1.995,1.989,1.995,1.9930,3
895,gP,2.065,2.059,2.065,2.0630,3
895,g98e5,1.949,1.949,1.949,1.9490,3
895,gB,1.690,1.685,1.690,1.6883,3
899,g95e5,1.780,1.780,1.780,1.7800,3
899,gA,1.955,1.955,1.955,1.9550,3
899,gP,2.025,2.025,2.025,2.0250,3
900,g95e5,1.815,1.815,1.815,1.8150,3
900,gA,1.959,1.955,1.959,1.9577,3
900,g98e5,1.935,1.935,1.935,1.9350,3
901,g95e5,1.845,1.845,1.845,1.8450,3
901,gA,1.999,1.989,1.999,1.9957,3
901,g98e5,1.965,1.965,1.965,1.9650,3
904,g95e5,1.825,1.819,1.825,1.8230,3
904,gA,1.955,1.945,1.959,1.9535,4
904,gP,2.015,2.015,2.019,2.0163,3
904,g98e5,1.945,1.939,1.945,1.9430,3
906,g95e5,1.839,1.819,1.839,1.8290,3
906,gA,1.979,1.969,1.979,1.9740,2
906,gP,2.049,2.039,2.049,2.0457,3
907,g95e5,1.819,1.819,1.819,1.8190,2
907,gA,1.959,1.959,1.959,1.9590,2
908,g95e5,1.815,1.815,1.815,1.8150,3
908,gA,1.949,1.945,1.949,1.9477,3
908,gP,2.039,2.035,2.039,2.0377,3
908,g98e5,1.935,1.935,1.935,1.9350,3
909,g95e5,1.815,1.815,1.815,1.8150,3
909,gA,1.969,1.949,1.969,1.9630,4
909,gP,2.029,2.025,2.029,2.0277,3
909,g98e5,1.935,1.935,1.935,1.9350,3
909,g95e5p,1.885,1.885,1.885,1.8850,3
909,glp,1.189,1.189,1.189,1.1890,2
913,g95e5,1.795,1.795,1.795,1.7950,3
913,gA,1.969,1.965,1.969,1.9677,3
913,g98e5,1.965,1.965,1.965,1.9650,3
913,gB,1.740,1.735,1.740,1.7383,3
917,g95e5,1.809,1.799,1.809,1.8057,3
917,gA,1.955,1.949,1.955,1.9530,3
917,gP,2.035,2.029,2.035,2.0330,3
917,g98e5,1.954,1.949,1.954,1.9523,3
920,g95e5,1.829,1.829,1.829,1.8290,3
920,gA,1.975,1.975,1.975,1.9750,3
920,gP,2.035,2.035,2.035,2.0350,3
925,g95e5,1.779,1.779,1.779,1.7790,3
925,gA,1.995,1.995,1.995,1.9950,3
925,gP,2.075,2.075,2.075,2.0750,3
926,g95e5,1.628,1.628,1.647,1.6343,3
927,g95e5,1.825,1.825,1.825,1.8250,3
927,gA,1.949,1.949,1.965,1.9543,3
927,g98e5,1.945,1.945,1.945,1.9450,3
930,gA,1.959,1.959,1.959,1.9590,2
931,gA,1.899,1.899,1.899,1.8990,2
933,g95e5,1.819,1.819,1.819,1.8190,3
933,gA,1.989,1.969,1.989,1.9757,3
933,gP,2.089,2.069,2.089,2.0757,3
933,gB,1.849,1.829,1.849,1.8357,3
935,g95e5,1.839,1.825,1.839,1.8343,3
935,gA,1.979,1.959,1.979,1.9723,3
935,gP,2.069,2.049,2.069,2.0623,3
935,g98e5,1.979,1.965,1.979,1.9743,3
940,g95e5,1.789,1.785,1.789,1.7877,3
940,gA,1.969,1.965,1.969,1.9677,3
940,gP,2.049,2.045,2.049,2.0477,3
940,g98e5,1.959,1.955,1.959,1.9577,3
941,g95e5,1.779,1.779,1.779,1.7790,3
941,gA,1.989,1.989,1.989,1.9890,3
941,g98e5,1.949,1.949,1.949,1.9490,3
941,gB,1.710,1.705,1.710,1.7083,3
943,gA,1.944,1.944,1.944,1.9440,2
943,gP,2.054,2.054,2.054,2.0540,2
944,g95e5,1.809,1.809,1.809,1.8090,3
944,gA,1.939,1.919,1.939,1.9290,3
944,gP,1.989,1.979,1.989,1.9823,3
944,g98e5,1.969,1.969,1.969,1.9690,3
945,gA,1.799,1.789,1.799,1.7965,4
945,gP,1.849,1.839,1.849,1.8465,4
946,g95e5,1.779,1.749,1.779,1.7615,4
946,gA,1.929,1.909,1.929,1.9165,4
946,gB,1.579,1.559,1.579,1.5665,4
947,g95e5,1.749,1.739,1.749,1.7440,4
947,gA,1.959,1.949,1.959,1.9540,4
947,gP,2.009,1.999,2.009,2.0040,4
947,g98e5,1.889,1.879,1.889,1.8840,4
948,g95e5,1.789,1.779,1.789,1.7840,4
948,gA,1.979,1.969,1.979,1.9740,4
948,gP,2.029,2.019,2.029,2.0240,4
948,g95e5p,1.839,1.829,1.839,1.8340,4
948,gB,1.544,1.529,1.544,1.5353,4
950,g95e5,1.774,1.754,1.774,1.7615,4
950,gA,1.934,1.914,1.934,1.9265,4
950,gP,1.984,1.964,1.984,1.9765,4
950,g95e5p,1.824,1.804,1.824,1.8115,4
950,gB,1.714,1.694,1.714,1.7065,4
951,g95e5,1.779,1.779,1.779,1.7790,4
951,gA,1.909,1.909,1.909,1.9090,4
952,g95e5,1.779,1.749,1.779,1.7615,4
952,gA,1.929,1.909,1.929,1.9165,4
952,gP,1.979,1.959,1.979,1.9665,4
952,g98e5,1.919,1.889,1.919,1.9015,4
953,g95e5,1.809,1.809,1.809,1.8090,2
953,gA,1.939,1.939,1.939,1.9390,2
953,gP,1.939,1.939,1.939,1.9390,2
954,g95e5,1.819,1.799,1.819,1.8090,4
954,gA,1.969,1.959,1.969,1.9640,4
954,gP,2.019,2.009,2.019,2.0140,4
954,g98e5,1.959,1.939,1.959,1.9490,4
956,gA,1.899,1.859,1.899,1.8723,3
956,gP,1.999,1.959,1.999,1.9723,3
957,g95e5,1.794,1.794,1.794,1.7940,4
957,gA,1.974,1.954,1.974,1.9640,4
957,gP,2.074,2.054,2.074,2.0640,4
957,g95e5p,1.894,1.894,1.894,1.8940,4
958,gA,1.974,1.974,1.974,1.9740,2
958,gP,2.074,2.074,2.074,2.0740,2
958,gB,1.824,1.824,1.824,1.8240,2
959,gA,1.974,1.974,1.974,1.9740,2
959,gP,2.074,2.074,2.074,2.0740,2
959,gB,1.824,1.824,1.824,1.8240,2
962,g95e5,1.819,1.819,1.819,1.8190,3
962,gA,1.965,1.965,1.965,1.9650,3
962,gP,2.045,2.045,2.045,2.0450,3
963,gA,1.924,1.924,1.924,1.9240,3
963,gP,2.044,2.044,2.044,2.0440,3
963,g95e5p,1.894,1.894,1.894,1.8940,3
963,g95e10,1.794,1.794,1.794,1.7940,3
965,g95e5,1.845,1.845,1.845,1.8450,3
965,gA,1.979,1.959,1.979,1.9730,4
965,gP,2.039,2.035,2.039,2.0377,3
965,g98e5,1.965,1.965,1.965,1.9650,3
965,glp,1.165,1.165,1.165,1.1650,2
966,g95e5,1.789,1.789,1.789,1.7890,2
966,gA,1.909,1.909,1.909,1.9090,2
966,gP,1.989,1.989,1.989,1.9890,2
966,g98e5,1.919,1.919,1.919,1.9190,2
967,g95e5,1.789,1.789,1.789,1.7890,2
967,gA,1.909,1.909,1.909,1.9090,2
967,gP,1.979,1.979,1.979,1.9790,2
970,g95e5,1.809,1.799,1.809,1.8040,2
970,gA,1.939,1.929,1.939,1.9340,2
970,gP,1.999,1.989,1.999,1.9940,2
970,g98e5,1.929,1.929,1.929,1.9290,2
973,gA,1.899,1.859,1.899,1.8723,3
973,gP,1.999,1.959,1.999,1.9723,3
974,g95e5,1.764,1.764,1.764,1.7640,4
974,gA,1.914,1.894,1.914,1.8990,4
974,gP,1.964,1.944,1.964,1.9490,4
974,g98e5,1.904,1.904,1.904,1.9040,4
977,g95e5,1.799,1.789,1.799,1.7957,3
977,g98e5,1.939,1.919,1.939,1.9290,3
978,g95e5,1.805,1.805,1.805,1.8050,3
978,gA,1.949,1.949,1.949,1.9490,3
978,gP,2.009,2.009,2.009,2.0090,3
978,g98e5,1.925,1.925,1.925,1.9250,3
978,gB,1.724,1.719,1.724,1.7223,3
980,g95e5,1.805,1.805,1.805,1.8050,3
980,gA,1.939,1.935,1.939,1.9377,3
980,gP,2.009,2.005,2.009,2.0077,3
980,g98e5,1.925,1.925,1.925,1.9250,3
981,g95e5,1.805,1.795,1.805,1.8025,4
981,gA,1.939,1.919,1.939,1.9330,4
981,gP,2.009,2.005,2.009,2.0077,3
981,g98e5,1.925,1.925,1.925,1.9250,3
983,g95e5,1.815,1.815,1.815,1.8150,2
983,gA,1.955,1.955,1.955,1.9550,2
983,gP,2.015,2.015,2.015,2.0150,2
983,g98e5,1.935,1.935,1.935,1.9350,2
984,g95e5,1.815,1.815,1.815,1.8150,3
984,gA,1.949,1.945,1.949,1.9477,3
984,g98e5,1.935,1.935,1.935,1.9350,3
986,g95e5,1.819,1.819,1.819,1.8190,3
986,gA,1.965,1.959,1.965,1.9630,3
986,gP,2.035,2.029,2.035,2.0330,3
986,g98e5,1.939,1.939,1.939,1.9390,3
987,g95e5,1.825,1.825,1.825,1.8250,3
987,gA,1.959,1.955,1.959,1.9577,3
987,g98e5,1.945,1.945,1.945,1.9450,3
987,g95e5p,1.895,1.895,1.895,1.8950,3
987,glp,1.165,1.165,1.165,1.1650,2
988,g95e5,1.799,1.799,1.799,1.7990,3
988,gA,1.949,1.949,1.949,1.9490,3
988,g98e5,1.919,1.919,1.919,1.9190,3
988,gB,1.694,1.689,1.694,1.6923,3
991,g95e5,1.825,1.825,1.829,1.8263,3
991,gA,1.955,1.955,1.965,1.9583,3
991,gP,2.015,2.015,2.025,2.0183,3
991,g98e5,1.945,1.945,1.949,1.9463,3
992,g95e5,1.794,1.794,1.794,1.7940,4
992,gA,1.974,1.954,1.974,1.9640,4
992,gP,2.074,2.054,2.074,2.0640,4
992,g95e5p,1.894,1.894,1.894,1.8940,4
992,gB,1.794,1.794,1.794,1.7940,2
993,g95e5,1.794,1.794,1.794,1.7940,4
993,gA,1.974,1.954,1.974,1.9640,4
993,gP,2.074,2.054,2.074,2.0640,4
993,g95e5p,1.894,1.894,1.894,1.8940,4
993,gB,1.794,1.794,1.794,1.7940,2
994,g95e5,1.809,1.809,1.809,1.8090,3
994,gA,1.969,1.969,1.975,1.9710,3
994,g98e5,1.929,1.929,1.929,1.9290,3
997,g95e5,1.804,1.804,1.804,1.8040,4
997,gA,1.954,1.934,1.954,1.9440,4
997,gP,2.054,2.034,2.054,2.0440,4
997,gB,1.714,1.714,1.714,1.7140,2
1000,g95e5,1.804,1.804,1.804,1.8040,4
1000,gA,1.964,1.944,1.964,1.9573,3
1000,gP,2.054,2.034,2.054,2.0473,3
1000,gB,1.744,1.744,1.744,1.7440,2
1001,g95e5,1.829,1.809,1.829,1.8190,3
1001,gA,1.959,1.949,1.959,1.9523,3
1002,g95e5,1.779,1.779,1.789,1.7840,2
1002,gA,1.899,1.899,1.899,1.8990,3
1002,gP,1.979,1.979,1.979,1.9790,3
1002,g98e5,1.919,1.919,1.929,1.9240,2
1005,g95e5,1.804,1.804,1.804,1.8040,4
1005,gA,1.954,1.934,1.954,1.9473,3
1005,gP,2.054,2.034,2.054,2.0473,3
1006,g95e5,1.819,1.809,1.819,1.8140,2
1006,gA,1.959,1.949,1.959,1.9540,2
1010,g95e5,1.829,1.819,1.829,1.8240,2
1010,gA,1.969,1.959,1.969,1.9640,2
1012,gA,1.939,1.939,1.939,1.9390,2
1013,gA,1.930,1.930,1.930,1.9300,2
1014,g95e5,1.829,1.809,1.829,1.8190,3
1014,gA,1.969,1.949,1.969,1.9557,3
1014,gP,2.039,2.029,2.039,2.0323,3
1014,g98e5,1.949,1.939,1.949,1.9423,3
1016,gA,1.819,1.819,1.819,1.8190,2
1017,g95e5,1.609,1.579,1.609,1.5957,3
1017,gA,1.709,1.649,1.709,1.6757,3
1020,g95e5,1.609,1.579,1.609,1.5940,2
1020,gA,1.709,1.649,1.709,1.6790,2
1025,g95e5,1.729,1.709,1.729,1.7190,2
1025,gA,1.809,1.789,1.809,1.7990,2
1025,gP,1.849,1.829,1.849,1.8390,2
1025,g98e5,1.919,1.909,1.919,1.9157,3
1026,g95e5,1.729,1.709,1.729,1.7190,2
1026,gA,1.809,1.789,1.809,1.7990,2
1026,gP,1.849,1.829,1.849,1.8390,2
1026,g98e5,1.919,1.909,1.919,1.9157,3
1029,g95e5,1.604,1.559,1.604,1.5790,4
1029,gA,1.714,1.629,1.714,1.6627,4
1032,gA,1.959,1.959,1.959,1.9590,2
1034,g95e5,1.785,1.785,1.785,1.7850,3
1034,gA,1.959,1.939,1.959,1.9523,3
1034,g98e5,1.955,1.955,1.955,1.9550,3
1035,g95e5,1.825,1.815,1.825,1.8217,3
1035,gA,1.969,1.965,1.969,1.9677,3
1035,g98e5,1.945,1.945,1.945,1.9450,2
1036,g95e5,1.829,1.829,1.829,1.8290,3
1036,gA,1.965,1.965,1.969,1.9663,3
1037,gA,1.965,1.965,1.965,1.9650,2
1038,g95e5,1.829,1.819,1.829,1.8265,4
1038,gA,1.975,1.965,1.975,1.9725,4
1038,g98e5,1.949,1.949,1.949,1.9490,3
1040,g95e5,1.785,1.785,1.785,1.7850,3
1040,gA,1.955,1.939,1.955,1.9497,3
1040,g98e5,1.955,1.955,1.955,1.9550,3
1042,g95e5,1.829,1.829,1.829,1.8290,3
1042,gA,1.979,1.975,1.979,1.9777,3
1042,g98e5,1.949,1.949,1.949,1.9490,3
1043,g95e5,1.819,1.819,1.819,1.8190,3
1043,gA,1.969,1.949,1.969,1.9623,3
1043,gP,2.049,2.029,2.049,2.0423,3
1044,g95e5,1.805,1.805,1.825,1.8117,3
1044,gA,1.969,1.965,1.969,1.9677,3
1044,g98e5,1.925,1.925,1.945,1.9317,3
1045,g95e5,1.829,1.829,1.829,1.8290,2
1045,gA,1.969,1.969,1.969,1.9690,2
1048,g95e5,1.825,1.825,1.829,1.8263,3
1048,gA,1.979,1.979,1.979,1.9790,3
1049,g95e5,1.785,1.785,1.785,1.7850,3
1049,gA,1.959,1.939,1.959,1.9523,3
1050,g95e5,1.795,1.795,1.795,1.7950,3
1050,gA,1.949,1.945,1.949,1.9477,3
1053,g95e5,1.829,1.829,1.829,1.8290,3
1053,gA,1.959,1.955,1.959,1.9577,3
1056,g95e5,1.829,1.825,1.829,1.8277,3
1056,gA,1.959,1.955,1.959,1.9577,3
1058,g95e5,1.829,1.819,1.835,1.8280,4
1058,gA,1.975,1.975,1.975,1.9750,3
1058,g98e5,1.949,1.949,1.955,1.9510,3
1058,g95e5p,1.909,1.909,1.915,1.9110,3
1058,glp,1.179,1.179,1.179,1.1790,2
1064,g95e5,1.819,1.819,1.819,1.8190,3
1064,gA,1.959,1.949,1.959,1.9523,3
1064,gP,2.059,2.049,2.059,2.0523,3
1064,g95e5p,1.889,1.889,1.889,1.8890,3
1064,gB,1.724,1.724,1.724,1.7240,3
1065,g95e5,1.699,1.689,1.699,1.6957,3
1065,gA,1.769,1.749,1.769,1.7590,2
1065,gP,1.869,1.849,1.869,1.8590,2
1065,g98e5,1.899,1.889,1.899,1.8957,3
1066,g95e5,1.819,1.819,1.819,1.8190,2
1066,gA,1.969,1.969,1.969,1.9690,3
1066,g98e5,1.989,1.989,1.989,1.9890,2
1067,g95e5,1.805,1.799,1.805,1.8035,4
1067,gA,1.979,1.955,1.979,1.9680,4
1067,g98e5,1.925,1.925,1.925,1.9250,3
1068,g95e5,1.589,1.589,1.599,1.5940,2
1068,gA,1.709,1.699,1.709,1.7040,2
1068,gP,1.729,1.719,1.729,1.7240,2
1068,g95e5p,1.609,1.609,1.609,1.6090,2
1069,g95e5,1.825,1.819,1.829,1.8245,4
1069,gA,1.975,1.965,1.975,1.9725,4
1069,g98e5,1.945,1.945,1.949,1.9463,3
1071,g98e5,1.999,1.999,1.999,1.9990,3
1072,gA,1.929,1.929,1.929,1.9290,2
1072,gB,1.749,1.749,1.749,1.7490,2
1074,g95e5,1.829,1.829,1.829,1.8290,3
1074,gA,1.969,1.965,1.969,1.9677,3
1074,g98e5,1.949,1.949,1.949,1.9490,3
1077,g95e5,1.785,1.785,1.785,1.7850,2
1077,gA,1.999,1.995,1.999,1.9977,3
1077,g98e5,1.905,1.905,1.905,1.9050,2
1078,g95e5,1.829,1.829,1.829,1.8290,2
1078,gA,1.949,1.949,1.949,1.9490,2
1080,g95e5,1.825,1.825,1.825,1.8250,3
1080,gA,1.969,1.969,1.969,1.9690,3
1081,g95e5,1.839,1.839,1.839,1.8390,3
1081,gA,1.959,1.959,1.959,1.9590,2
1081,g98e5,1.969,1.969,1.969,1.9690,3
1083,g95e5,1.819,1.789,1.819,1.8023,3
1083,gA,1.959,1.939,1.959,1.9490,2
1083,gP,2.039,2.029,2.039,2.0340,2
1085,g95e5,1.809,1.799,1.809,1.8065,4
1085,gA,1.955,1.945,1.955,1.9525,4
1085,g98e5,1.829,1.829,1.829,1.8290,3
1086,g95e5,1.809,1.799,1.809,1.8065,4
1086,gA,1.955,1.955,1.955,1.9550,3
1087,g95e5,1.795,1.795,1.795,1.7950,2
1087,gA,1.955,1.939,1.955,1.9497,3
1087,gP,2.045,2.029,2.045,2.0397,3
1087,g98e5,1.935,1.935,1.935,1.9350,2
1088,g95e5,1.799,1.785,1.799,1.7943,3
1088,gA,1.975,1.959,1.975,1.9697,3
1088,g98e5,1.969,1.955,1.969,1.9643,3
1088,glp,1.165,1.165,1.165,1.1650,2
1089,g95e5,1.799,1.799,1.799,1.7990,3
1089,gA,1.955,1.945,1.955,1.9517,3
1089,g98e5,1.919,1.919,1.919,1.9190,3
1089,glp,1.185,1.185,1.185,1.1850,2
1090,g95e5,1.799,1.789,1.799,1.7965,4
1090,gA,1.955,1.939,1.955,1.9485,4
1090,g98e5,1.919,1.919,1.919,1.9190,3
1091,g95e5,1.809,1.809,1.809,1.8090,2
1091,gA,1.969,1.949,1.969,1.9590,2
1091,g98e5,1.969,1.969,1.969,1.9690,2
1091,glp,1.179,1.169,1.179,1.1740,2
1094,g95e5,1.804,1.804,1.804,1.8040,3
1094,gA,1.964,1.944,1.964,1.9573,3
1094,gP,2.054,2.034,2.054,2.0473,3
1095,g95e5,1.829,1.819,1.829,1.8257,3
1095,gA,1.975,1.975,1.975,1.9750,2
1095,gP,2.095,2.095,2.095,2.0950,2
1095,g98e5,1.949,1.949,1.949,1.9490,2
1097,g95e5,1.819,1.809,1.819,1.8140,2
1097,gA,1.959,1.939,1.959,1.9490,3
1100,g95e5,1.775,1.775,1.775,1.7750,2
1100,gA,1.919,1.919,1.919,1.9190,2
1105,g95e5,1.709,1.709,1.709,1.7090,2
1105,gA,1.859,1.859,1.859,1.8590,2
1105,gP,1.919,1.909,1.919,1.9157,3
1105,g98e5,1.879,1.859,1.879,1.8723,3
1106,g95e5,1.599,1.599,1.599,1.5990,3
1106,gA,1.699,1.699,1.699,1.6990,3
1106,gP,1.759,1.759,1.759,1.7590,3
1108,gA,1.776,1.776,1.776,1.7760,2
1113,g95e5,1.749,1.749,1.749,1.7490,2
1113,gA,1.840,1.840,1.840,1.8400,2
1113,gP,1.840,1.840,1.840,1.8400,2
1117,g95e5,1.689,1.659,1.689,1.6690,3
1117,gA,1.769,1.749,1.769,1.7557,3
1118,g95e5,1.689,1.689,1.689,1.6890,2
1118,gA,1.769,1.769,1.769,1.7690,2
1118,gP,1.799,1.799,1.799,1.7990,2
1124,gA,1.649,1.649,1.649,1.6490,3
1124,gP,1.749,1.749,1.749,1.7490,3
1125,gA,1.880,1.880,1.880,1.8800,3
1125,gB,1.674,1.662,1.674,1.6700,3
1126,gA,1.893,1.893,1.893,1.8930,2
1126,gB,1.680,1.668,1.680,1.6760,3
1127,g95e5,1.759,1.759,1.759,1.7590,3
1127,gA,1.895,1.895,1.895,1.8950,2
1127,gP,2.005,2.005,2.005,2.0050,2
1127,g98e5,1.929,1.929,1.929,1.9290,3
1129,g95e5,1.785,1.785,1.785,1.7850,2
1129,gA,1.935,1.919,1.935,1.9297,3
1129,gP,2.025,2.009,2.025,2.0197,3
1129,g98e5,1.925,1.925,1.925,1.9250,2
1130,g95e5,1.785,1.785,1.785,1.7850,3
1130,gA,1.929,1.919,1.929,1.9255,4
1130,gP,2.019,2.015,2.019,2.0177,3
1130,g98e5,1.955,1.955,1.955,1.9550,3
1131,g95e5,1.785,1.785,1.785,1.7850,3
1131,gA,1.929,1.925,1.929,1.9277,3
1131,gP,2.019,2.015,2.019,2.0177,3
1131,g98e5,1.955,1.955,1.955,1.9550,3
1132,g95e5,1.769,1.765,1.769,1.7677,3
1132,gA,1.905,1.889,1.905,1.8997,3
1132,g98e5,1.939,1.935,1.939,1.9377,3
1133,g95e5,1.779,1.779,1.779,1.7790,3
1133,gA,1.909,1.885,1.909,1.9005,4
1133,gP,2.009,1.999,2.009,2.0057,3
1133,g98e5,1.949,1.949,1.949,1.9490,3
1136,g95e5,1.759,1.759,1.759,1.7590,3
1136,gA,1.905,1.899,1.905,1.9035,4
1136,gB,1.660,1.655,1.660,1.6583,3
1137,g95e5,1.759,1.759,1.759,1.7590,3
1137,gA,1.905,1.905,1.905,1.9050,3
1137,gB,1.660,1.655,1.660,1.6583,3
1143,g95e5,1.795,1.785,1.795,1.7925,4
1143,gA,1.935,1.925,1.935,1.9325,4
1143,g98e5,1.915,1.915,1.915,1.9150,3
1143,glp,1.189,1.189,1.189,1.1890,2
1145,gA,1.924,1.924,1.924,1.9240,2
1145,gP,2.024,2.024,2.024,2.0240,2
1145,gB,1.694,1.694,1.694,1.6940,2
1155,g95e5,1.785,1.785,1.785,1.7850,2
1155,gA,1.935,1.919,1.935,1.9297,3
1155,gP,2.025,2.009,2.025,2.0197,3
1155,g98e5,1.925,1.925,1.925,1.9250,2
1159,g95e5,1.759,1.759,1.759,1.7590,3
1159,gA,1.895,1.889,1.895,1.8930,3
1159,g98e5,1.929,1.929,1.929,1.9290,3
1161,g95e5,1.709,1.709,1.709,1.7090,3
1161,gA,1.829,1.829,1.829,1.8290,3
1161,gP,1.869,1.869,1.869,1.8690,3
1163,g95e5,1.775,1.775,1.775,1.7750,3
1163,gA,1.919,1.919,1.925,1.9210,3
1163,gP,1.979,1.979,1.979,1.9790,2
1163,g98e5,1.945,1.945,1.945,1.9450,3
1171,g95e5,1.555,1.529,1.555,1.5403,3
1171,gA,1.687,1.679,1.705,1.6903,3
1174,g95e5,1.589,1.589,1.589,1.5890,4
1174,gA,1.689,1.679,1.689,1.6865,4
1175,g95e5,1.789,1.789,1.789,1.7890,3
1175,gA,1.935,1.929,1.935,1.9330,3
1175,gP,1.995,1.989,1.995,1.9930,3
1176,g95e5,1.809,1.809,1.809,1.8090,3
1176,gA,1.939,1.929,1.939,1.9357,3
1176,gP,1.999,1.989,1.999,1.9957,3
1176,g98e5,1.979,1.979,1.979,1.9790,3
1178,g95e5,1.794,1.794,1.794,1.7940,4
1178,gA,1.924,1.904,1.924,1.9173,3
1178,gP,2.024,2.004,2.024,2.0173,3
1178,gB,1.724,1.724,1.724,1.7240,2
1179,g95e5,1.794,1.794,1.794,1.7940,3
1179,gA,1.924,1.904,1.924,1.9140,4
1179,gP,2.024,2.004,2.024,2.0140,4
1179,gB,1.724,1.724,1.724,1.7240,2
1180,g95e5,1.799,1.799,1.799,1.7990,3
1180,gA,1.935,1.919,1.935,1.9297,3
1180,g98e5,1.969,1.969,1.969,1.9690,3
1181,g95e5,1.799,1.789,1.799,1.7965,4
1181,gA,1.935,1.919,1.935,1.9297,3
1181,g98e5,1.969,1.969,1.969,1.9690,3
1183,g95e5,1.805,1.805,1.805,1.8050,3
1183,gA,1.939,1.925,1.939,1.9345,4
1183,g98e5,1.925,1.925,1.925,1.9250,3
1183,glp,1.165,1.165,1.165,1.1650,2
1186,g95e5,1.779,1.779,1.779,1.7790,3
1188,g95e5,1.739,1.739,1.739,1.7390,3
1188,gA,1.849,1.849,1.849,1.8490,3
1193,g95e5,1.699,1.699,1.699,1.6990,3
1193,gA,1.799,1.799,1.799,1.7990,3
1193,gB,1.419,1.419,1.419,1.4190,3
1194,g95e5,1.759,1.759,1.765,1.7610,3
1194,gA,1.929,1.929,1.935,1.9310,3
1194,gP,2.039,2.039,2.045,2.0410,3
1194,gB,1.620,1.615,1.620,1.6183,3
1196,g95e5,1.805,1.805,1.805,1.8050,3
1196,gA,1.939,1.935,1.939,1.9377,3
1196,gP,1.999,1.995,1.999,1.9977,3
1196,g98e5,1.975,1.975,1.975,1.9750,3
1196,gB,1.650,1.645,1.650,1.6483,3
1197,g95e5,1.785,1.785,1.785,1.7850,3
1197,gA,1.939,1.929,1.939,1.9357,3
1197,gP,2.019,2.009,2.019,2.0157,3
1197,g98e5,1.955,1.955,1.955,1.9550,3
1197,g95e5p,1.855,1.855,1.855,1.8550,3
1197,glp,1.189,1.189,1.189,1.1890,2
1198,g95e5,1.785,1.785,1.785,1.7850,3
1198,gA,1.939,1.929,1.939,1.9357,3
1198,gP,2.019,2.009,2.019,2.0157,3
1201,g95e5,1.759,1.759,1.759,1.7590,3
1201,gA,1.899,1.895,1.899,1.8977,3
1201,gP,2.009,2.005,2.009,2.0077,3
1201,gB,1.650,1.645,1.650,1.6483,3
1202,g95e5,1.599,1.599,1.599,1.5990,3
1202,gA,1.699,1.699,1.699,1.6990,3
1202,gP,1.759,1.759,1.759,1.7590,3
1203,g95e5,1.794,1.794,1.794,1.7940,4
1203,gA,1.924,1.904,1.924,1.9173,3
1203,gP,2.024,2.004,2.024,2.0173,3
1203,g95e5p,1.894,1.894,1.894,1.8940,4
1204,g95e5,1.794,1.794,1.794,1.7940,3
1204,gA,1.924,1.904,1.924,1.9173,3
1204,gP,2.024,2.004,2.024,2.0173,3
1204,g95e5p,1.894,1.894,1.894,1.8940,3
1208,g95e5,1.775,1.775,1.775,1.7750,3
1213,g95e5,1.824,1.819,1.829,1.8227,4
1213,gA,1.959,1.949,1.959,1.9540,4
1213,gP,2.049,2.039,2.049,2.0440,4
1214,g95e5,1.739,1.739,1.739,1.7390,4
1214,gA,1.919,1.919,1.919,1.9190,4
1214,gP,2.009,2.009,2.009,2.0090,4
1215,g95e5,1.785,1.785,1.799,1.7897,3
1215,gA,1.919,1.915,1.919,1.9177,3
1215,g98e5,1.955,1.955,1.969,1.9597,3
1216,gA,1.879,1.859,1.879,1.8657,3
1218,g95e5,1.759,1.759,1.759,1.7590,3
1218,gA,1.895,1.889,1.895,1.8930,3
1219,g95e5,1.775,1.759,1.775,1.7677,3
1219,gA,1.909,1.909,1.909,1.9090,3
1219,g98e5,1.885,1.869,1.885,1.8777,3
1219,gB,1.759,1.759,1.759,1.7590,3
1223,gA,1.899,1.899,1.899,1.8990,2
1225,gA,1.729,1.729,1.749,1.7357,3
1230,g95e5,1.785,1.785,1.785,1.7850,2
1230,gA,1.935,1.919,1.935,1.9297,3
1230,gP,2.025,2.009,2.025,2.0197,3
1230,g98e5,1.925,1.925,1.925,1.9250,2
1231,g95e5,1.689,1.689,1.689,1.6890,3
1231,gA,1.789,1.789,1.789,1.7890,3
1231,gP,1.829,1.829,1.829,1.8290,3
1232,g95e5,1.749,1.749,1.749,1.7490,3
1232,gA,1.869,1.849,1.869,1.8623,3
1232,gB,1.509,1.509,1.509,1.5090,2
1234,g95e5,1.805,1.789,1.805,1.8010,4
1234,gA,1.935,1.919,1.935,1.9310,4
1234,gP,1.995,1.995,1.995,1.9950,3
1234,g98e5,1.975,1.975,1.975,1.9750,3
1235,g95e5,1.785,1.785,1.785,1.7850,2
1235,gA,1.935,1.919,1.935,1.9297,3
1235,gP,2.025,2.009,2.025,2.0197,3
1235,g98e5,1.925,1.925,1.925,1.9250,2
1236,g95e5,1.805,1.805,1.805,1.8050,3
1236,gA,1.939,1.935,1.939,1.9377,3
1236,gP,1.999,1.995,1.999,1.9977,3
1236,glp,1.189,1.189,1.189,1.1890,2
1237,g95e5,1.789,1.789,1.795,1.7910,3
1237,gA,1.939,1.935,1.939,1.9377,3
1237,gP,1.999,1.995,1.999,1.9977,3
1237,g98e5,1.959,1.959,1.965,1.9610,3
1237,glp,1.189,1.189,1.189,1.1890,2
1239,g95e5,1.609,1.599,1.609,1.6023,3
1239,gA,1.719,1.699,1.719,1.7057,3
1239,gB,1.399,1.399,1.399,1.3990,3
1240,g95e5,1.629,1.629,1.629,1.6290,2
1240,gA,1.769,1.769,1.769,1.7690,2
1240,gP,1.829,1.829,1.829,1.8290,2
1245,g95e5,1.569,1.549,1.569,1.5590,2
1245,gA,1.729,1.719,1.729,1.7240,2
1245,gP,1.779,1.769,1.779,1.7740,2
1248,g95e5,1.689,1.689,1.689,1.6890,2
1248,gA,1.789,1.789,1.789,1.7890,2
1248,gP,1.799,1.799,1.799,1.7990,2
1249,g95e5,1.769,1.769,1.769,1.7690,3
1249,gA,1.939,1.939,1.939,1.9390,3
1249,gP,2.009,2.009,2.009,2.0090,3
1249,g98e5,1.949,1.949,1.949,1.9490,3
1250,g95e5,1.809,1.799,1.809,1.8023,3
1250,gA,1.909,1.889,1.909,1.8990,3
1250,gP,1.989,1.969,1.989,1.9790,3
1250,g98e5,1.949,1.939,1.949,1.9423,3
1251,g95e5,1.759,1.759,1.759,1.7590,2
1251,gA,1.889,1.889,1.889,1.8890,2
1251,gP,1.939,1.939,1.939,1.9390,2
1252,gB,1.469,1.469,1.469,1.4690,2
1253,g95e5,1.785,1.775,1.785,1.7783,3
1253,gA,1.895,1.885,1.895,1.8883,3
1255,gA,1.820,1.820,1.820,1.8200,3
1260,g95e5,1.511,1.483,1.511,1.5017,3
1260,gA,1.681,1.681,1.681,1.6810,2
1260,gB,1.375,1.360,1.375,1.3700,3
1261,g95e5,1.719,1.719,1.719,1.7190,2
1261,gA,1.859,1.859,1.899,1.8723,3
1261,gP,1.919,1.919,1.959,1.9323,3
1261,g98e5,1.839,1.839,1.839,1.8390,2
1264,g95e5,1.729,1.729,1.729,1.7290,3
1264,gA,1.869,1.869,1.869,1.8690,3
1264,gP,1.899,1.899,1.899,1.8990,3
1264,gB,1.549,1.549,1.549,1.5490,3
1265,gA,1.719,1.719,1.719,1.7190,2
1266,g95e5,1.629,1.629,1.629,1.6290,2
1266,gA,1.789,1.789,1.789,1.7890,2
1267,g95e5,1.758,1.758,1.768,1.7647,3
1267,gA,1.848,1.848,1.848,1.8480,3
1267,gP,1.928,1.928,1.928,1.9280,3
1267,g98e5,1.898,1.898,1.908,1.9047,3
1269,g95e5,1.546,1.546,1.546,1.5460,3
1269,gA,1.732,1.732,1.732,1.7320,3
1269,gP,1.772,1.772,1.772,1.7720,3
1274,gA,1.884,1.864,1.884,1.8707,3
1274,gP,1.964,1.944,1.964,1.9507,3
1276,g95e5,1.799,1.799,1.799,1.7990,3
1276,gA,1.975,1.975,1.975,1.9750,3
1276,gP,2.105,2.105,2.105,2.1050,3
1276,g98e5,1.929,1.929,1.929,1.9290,3
1277,g95e5,1.729,1.729,1.729,1.7290,2
1277,gA,1.895,1.895,1.895,1.8950,3
1277,gP,1.995,1.995,1.995,1.9950,3
1277,gB,1.569,1.569,1.569,1.5690,2
1279,g95e5,1.793,1.789,1.793,1.7910,2
1279,gP,1.975,1.959,1.975,1.9670,2
1279,gB,1.574,1.559,1.574,1.5665,2
1282,g95e5,1.819,1.809,1.819,1.8157,3
1282,gA,1.939,1.919,1.939,1.9290,3
1285,g95e5,1.793,1.793,1.793,1.7930,3
1285,gA,1.953,1.953,1.953,1.9530,3
1285,gP,1.998,1.998,1.998,1.9980,3
1287,g95e5,1.679,1.679,1.679,1.6790,2
1287,gA,1.849,1.849,1.889,1.8623,3
1287,gP,1.899,1.899,1.949,1.9157,3
1287,g98e5,1.799,1.799,1.799,1.7990,2
1288,g95e5,1.729,1.729,1.729,1.7290,3
1288,gA,1.909,1.899,1.909,1.9057,3
1288,gP,2.019,2.009,2.019,2.0157,3
1288,g98e5,1.899,1.899,1.899,1.8990,3
1289,g95e5,1.755,1.755,1.755,1.7550,2
1289,gA,1.925,1.925,1.925,1.9250,2
1289,g98e5,1.925,1.925,1.925,1.9250,2
1290,g95e5,1.785,1.785,1.785,1.7850,2
1290,gA,1.969,1.955,1.969,1.9620,2
1291,g95e5,1.745,1.745,1.745,1.7450,3
1291,gA,1.909,1.905,1.909,1.9077,3
1291,gP,1.969,1.965,1.969,1.9677,3
1291,g98e5,1.865,1.865,1.865,1.8650,3
1291,gB,1.600,1.595,1.600,1.5983,3
1292,g95e5,1.785,1.785,1.785,1.7850,3
1292,gA,1.965,1.955,1.965,1.9617,3
1292,gB,1.620,1.615,1.620,1.6183,3
1293,g95e5,1.729,1.729,1.729,1.7290,2
1293,gA,1.899,1.899,1.899,1.8990,2
1294,g95e5,1.792,1.792,1.792,1.7920,2
1294,gA,1.935,1.925,1.935,1.9300,2
1294,gP,1.975,1.965,1.975,1.9700,2
1302,g95e5,1.799,1.789,1.799,1.7957,3
1302,gA,1.979,1.959,1.979,1.9723,3
1302,gP,2.099,2.089,2.099,2.0957,3
1304,g95e5,1.779,1.779,1.785,1.7810,3
1304,gA,1.955,1.955,1.955,1.9550,2
1304,gP,2.065,2.065,2.065,2.0650,2
1306,g95e5,1.735,1.735,1.735,1.7350,3
1306,gA,1.909,1.905,1.909,1.9077,3
1306,gP,2.019,2.015,2.019,2.0177,3
1306,g98e5,1.905,1.905,1.905,1.9050,3
1306,gB,1.564,1.559,1.564,1.5623,3
1308,g95e5,1.775,1.775,1.779,1.7763,3
1308,gA,1.965,1.955,1.965,1.9617,3
1308,g98e5,1.895,1.895,1.899,1.8963,3
1308,gB,1.620,1.615,1.620,1.6183,3
1309,g95e5,1.766,1.766,1.766,1.7660,2
1309,gA,1.941,1.941,1.941,1.9410,2
1309,gP,2.013,2.013,2.013,2.0130,2
1309,g98e5,1.893,1.893,1.893,1.8930,2
1309,gB,1.685,1.685,1.685,1.6850,2
1311,g95e5,1.719,1.719,1.719,1.7190,2
1311,gA,1.869,1.869,1.869,1.8690,2
1312,g95e5,1.735,1.735,1.735,1.7350,3
1312,gA,1.919,1.905,1.919,1.9143,3
1312,gP,2.009,1.995,2.009,2.0043,3
1312,g98e5,1.905,1.905,1.905,1.9050,3
1312,gB,1.620,1.615,1.620,1.6183,3
1313,g95e5,1.749,1.749,1.749,1.7490,4
1313,gA,1.944,1.924,1.944,1.9340,4
1313,gP,2.064,2.044,2.064,2.0540,4
1313,g95e5p,1.854,1.854,1.854,1.8540,4
1313,gB,1.634,1.634,1.634,1.6340,2
1314,g95e5,1.759,1.759,1.759,1.7590,3
1314,gA,1.915,1.899,1.915,1.9097,3
1315,g95e5,1.785,1.785,1.785,1.7850,3
1315,gA,1.965,1.949,1.965,1.9585,4
1315,g98e5,1.905,1.905,1.905,1.9050,3
1315,glp,1.175,1.175,1.175,1.1750,2
1315,gB,1.620,1.615,1.620,1.6183,3
1316,g95e5,1.765,1.765,1.765,1.7650,3
1316,gA,1.919,1.905,1.919,1.9143,3
1316,g98e5,1.885,1.885,1.885,1.8850,3
1316,glp,1.189,1.189,1.189,1.1890,2
1317,g95e5,1.765,1.765,1.765,1.7650,3
1317,gA,1.919,1.905,1.919,1.9143,3
1317,g98e5,1.885,1.885,1.885,1.8850,3
1318,g95e5,1.745,1.745,1.745,1.7450,3
1318,gA,1.909,1.905,1.909,1.9077,3
1318,g98e5,1.865,1.865,1.865,1.8650,3
1318,gB,1.564,1.559,1.564,1.5623,3
1319,g95e5,1.719,1.719,1.719,1.7190,3
1319,gA,1.849,1.849,1.849,1.8490,3
1319,g98e5,1.869,1.869,1.869,1.8690,3
1320,g95e5,1.729,1.729,1.729,1.7290,2
1320,gA,1.915,1.915,1.915,1.9150,2
1320,gP,1.985,1.985,1.985,1.9850,2
1320,g95e5p,1.799,1.799,1.799,1.7990,2
1320,gB,1.590,1.590,1.590,1.5900,2
1322,g95e5,1.729,1.729,1.729,1.7290,3
1322,gA,1.909,1.899,1.909,1.9057,3
1322,gP,2.019,2.009,2.019,2.0157,3
1322,g98e5,1.899,1.899,1.899,1.8990,3
1322,gB,1.570,1.565,1.570,1.5683,3
1325,g95e5,1.729,1.729,1.729,1.7290,3
1325,gA,1.915,1.905,1.915,1.9117,3
1325,g98e5,1.899,1.899,1.899,1.8990,3
1326,g95e5,1.729,1.729,1.729,1.7290,3
1326,gA,1.909,1.899,1.909,1.9057,3
1326,g98e5,1.899,1.899,1.899,1.8990,3
1327,g95e5,1.729,1.729,1.729,1.7290,3
1327,gA,1.909,1.899,1.909,1.9057,3
1327,gP,1.969,1.959,1.969,1.9657,3
1330,g95e5,1.785,1.785,1.785,1.7850,3
1330,gA,1.965,1.955,1.965,1.9617,3
1330,g98e5,1.905,1.905,1.905,1.9050,3
1332,g95e5,1.739,1.739,1.739,1.7390,3
1332,gA,1.915,1.909,1.915,1.9130,3
1332,gP,1.975,1.969,1.975,1.9730,3
1332,g98e5,1.909,1.909,1.909,1.9090,3
1332,gB,1.564,1.559,1.564,1.5623,3
1333,g95e5,1.729,1.729,1.729,1.7290,3
1333,gA,1.909,1.899,1.909,1.9057,3
1333,gP,2.009,1.999,2.009,2.0057,3
1333,gB,1.580,1.575,1.580,1.5783,3
1338,g95e5,1.795,1.795,1.795,1.7950,2
1338,gA,1.935,1.930,1.935,1.9325,2
1338,g98e5,1.885,1.885,1.885,1.8850,2
1339,g95e5,1.739,1.739,1.739,1.7390,3
1339,gA,1.915,1.909,1.915,1.9130,3
1339,g98e5,1.909,1.909,1.909,1.9090,3
1343,g95e5,1.759,1.759,1.759,1.7590,2
1343,gA,1.915,1.915,1.915,1.9150,2
1343,g95e5p,1.819,1.819,1.819,1.8190,2
1343,gB,1.584,1.584,1.584,1.5840,2
1344,g95e5,1.785,1.785,1.785,1.7850,3
1344,gA,1.965,1.955,1.965,1.9617,3
1345,g95e5,1.735,1.735,1.735,1.7350,3
1345,gA,1.965,1.965,1.965,1.9650,2
1345,gP,2.075,2.075,2.075,2.0750,2
1345,gB,1.614,1.609,1.614,1.6123,3
1346,g95e5,1.729,1.729,1.729,1.7290,2
1346,gA,1.915,1.915,1.915,1.9150,2
1346,gB,1.564,1.564,1.564,1.5640,2
1347,g95e5,1.765,1.759,1.765,1.7630,3
1347,gA,1.919,1.905,1.919,1.9143,3
1347,g98e5,1.885,1.879,1.885,1.8830,3
1347,gB,1.564,1.559,1.564,1.5623,3
1348,g95e5,1.769,1.765,1.769,1.7677,3
1348,gA,1.915,1.909,1.915,1.9130,3
1348,g98e5,1.889,1.885,1.889,1.8877,3
1349,g95e5,1.769,1.769,1.769,1.7690,3
1349,gA,1.919,1.915,1.919,1.9177,3
1352,gA,1.899,1.899,1.899,1.8990,2
1352,gP,1.989,1.989,1.989,1.9890,2
1353,gA,1.899,1.899,1.899,1.8990,2
1353,gP,1.989,1.989,1.989,1.9890,2
1354,g95e5,1.769,1.769,1.769,1.7690,4
1354,gA,1.889,1.879,1.889,1.8815,4
1354,gP,1.979,1.969,1.979,1.9715,4
1354,g98e5,1.899,1.899,1.899,1.8990,4
1355,g95e5,1.769,1.769,1.769,1.7690,4
1355,gA,1.889,1.879,1.889,1.8815,4
1355,gP,1.979,1.969,1.979,1.9715,4
1355,g98e5,1.899,1.899,1.899,1.8990,4
1358,gA,1.899,1.859,1.899,1.8690,4
1358,gP,1.969,1.929,1.969,1.9390,4
1360,g95e5,1.545,1.545,1.545,1.5450,3
1360,gA,1.738,1.738,1.738,1.7380,3
1360,gP,1.768,1.768,1.768,1.7680,3
1360,g98e5,1.615,1.615,1.615,1.6150,3
1361,gB,1.298,1.298,1.298,1.2980,2
1362,gA,1.912,1.912,1.912,1.9120,2
1365,g95e5,1.769,1.769,1.769,1.7690,3
1365,gA,1.925,1.919,1.925,1.9230,3
1365,g98e5,1.889,1.889,1.889,1.8890,3
1365,glp,1.189,1.189,1.189,1.1890,2
1365,gB,1.604,1.599,1.604,1.6023,3
1369,g95e5,1.769,1.769,1.769,1.7690,2
1369,gA,1.939,1.939,1.939,1.9390,2
1369,g98e5,1.929,1.929,1.929,1.9290,2
1369,gB,1.569,1.569,1.569,1.5690,2
1370,g95e5,1.839,1.829,1.839,1.8323,3
1370,gA,1.949,1.929,1.949,1.9390,3
1370,g98e5,1.899,1.889,1.899,1.8940,2
1371,g95e5,1.779,1.769,1.779,1.7757,3
1371,gA,1.919,1.909,1.919,1.9157,3
1375,g95e5,1.849,1.839,1.849,1.8423,3
1375,gA,1.909,1.909,1.929,1.9190,3
1375,g98e5,1.939,1.939,1.939,1.9390,3
1376,g95e5,1.765,1.755,1.765,1.7625,4
1376,gA,1.889,1.885,1.895,1.8895,4
1376,g98e5,1.885,1.885,1.885,1.8850,3
1376,gB,1.674,1.669,1.674,1.6723,3
1377,g95e5,1.765,1.765,1.765,1.7650,3
1377,gA,1.889,1.885,1.895,1.8895,4
1377,g98e5,1.885,1.885,1.885,1.8850,3
1377,gB,1.644,1.639,1.644,1.6423,3
1378,g95e5,1.815,1.805,1.815,1.8110,4
1378,gA,1.905,1.885,1.905,1.8985,4
1379,g95e5,1.809,1.805,1.809,1.8077,3
1379,gA,1.905,1.899,1.905,1.9030,3
1379,g98e5,1.979,1.975,1.979,1.9777,3
1381,g95e5,1.815,1.805,1.815,1.8100,4
1381,gA,1.899,1.899,1.905,1.9010,3
1381,g98e5,1.985,1.985,1.985,1.9850,2
1382,g95e5,1.749,1.749,1.759,1.7523,3
1382,gP,1.949,1.929,1.949,1.9390,2
1383,g95e5,1.785,1.785,1.785,1.7850,3
1383,gA,1.895,1.889,1.895,1.8930,3
1383,g98e5,1.955,1.955,1.955,1.9550,3
1385,g95e5,1.795,1.775,1.799,1.7910,4
1385,gA,1.909,1.895,1.909,1.9043,3
1385,g98e5,1.915,1.915,1.919,1.9163,3
1385,gB,1.704,1.699,1.704,1.7023,3
1388,g95e5,1.759,1.759,1.759,1.7590,3
1388,gA,1.875,1.865,1.875,1.8717,3
1388,g95e5p,1.819,1.819,1.819,1.8190,3
1388,gB,1.670,1.665,1.670,1.6683,3
1389,gA,1.929,1.929,1.929,1.9290,2
1389,gP,1.999,1.999,1.999,1.9990,2
1391,g95e5,1.759,1.749,1.759,1.7565,4
1391,gA,1.915,1.899,1.915,1.9110,4
1391,gP,1.975,1.975,1.975,1.9750,3
1391,g98e5,1.899,1.899,1.899,1.8990,3
1391,glp,1.189,1.189,1.189,1.1890,2
1394,g95e5,1.759,1.759,1.759,1.7590,3
1394,gA,1.879,1.865,1.879,1.8743,3
1394,g98e5,1.929,1.929,1.929,1.9290,3
1394,gB,1.644,1.639,1.644,1.6423,3
1396,g95e5,1.769,1.769,1.769,1.7690,3
1396,gA,1.929,1.929,1.929,1.9290,3
1396,g95e5p,1.819,1.819,1.819,1.8190,3
1398,g95e5,1.795,1.789,1.795,1.7930,3
1398,gA,1.895,1.889,1.895,1.8930,3
1398,gP,1.955,1.949,1.955,1.9530,3
1398,g98e5,1.935,1.929,1.935,1.9330,3
1399,g95e5,1.815,1.809,1.815,1.8130,3
1399,gA,1.909,1.905,1.909,1.9077,3
1399,g98e5,1.935,1.929,1.935,1.9330,3
1399,g95e5p,1.885,1.879,1.885,1.8830,3
1403,g95e5,1.759,1.759,1.759,1.7590,3
1403,gA,1.909,1.899,1.909,1.9057,3
1403,g98e5,1.929,1.929,1.929,1.9290,3
1404,g95e5,1.769,1.755,1.769,1.7643,3
1404,gA,1.885,1.879,1.885,1.8830,3
1404,gP,1.995,1.989,1.995,1.9930,3
1404,gB,1.630,1.625,1.630,1.6283,3
1405,g95e5,1.759,1.759,1.759,1.7590,2
1405,gA,1.909,1.899,1.909,1.9057,3
1405,gP,1.999,1.999,1.999,1.9990,3
1405,g98e5,1.879,1.879,1.879,1.8790,2
1405,glp,1.165,1.165,1.165,1.1650,2
1405,gB,1.630,1.625,1.630,1.6283,3
1409,g95e5,1.805,1.795,1.805,1.8025,4
1409,gA,1.899,1.895,1.899,1.8980,4
1409,glp,1.109,1.109,1.109,1.1090,2
1409,gB,1.704,1.699,1.704,1.7023,3
1410,g95e5,1.805,1.805,1.805,1.8050,3
1410,gA,1.899,1.895,1.899,1.8980,4
1410,g98e5,1.925,1.925,1.925,1.9250,3
1410,g95e5p,1.875,1.875,1.875,1.8750,3
1410,glp,1.109,1.109,1.109,1.1090,2
1410,gB,1.704,1.699,1.704,1.7023,3
1413,g95e5,1.789,1.789,1.789,1.7890,3
1413,gA,1.895,1.885,1.895,1.8910,4
1413,g98e5,1.909,1.909,1.909,1.9090,3
1413,g95e5p,1.869,1.869,1.869,1.8690,3
1414,g95e5,1.789,1.789,1.789,1.7890,3
1414,gA,1.895,1.885,1.895,1.8910,4
1414,g98e5,1.909,1.909,1.909,1.9090,3
1414,g95e5p,1.869,1.869,1.869,1.8690,3
1415,g95e5,1.789,1.779,1.789,1.7865,4
1415,gA,1.895,1.885,1.895,1.8910,4
1415,g98e5,1.909,1.909,1.909,1.9090,3
1415,g95e5p,1.869,1.869,1.869,1.8690,3
1416,g95e5,1.789,1.779,1.789,1.7865,4
1416,gA,1.895,1.889,1.895,1.8930,3
1416,g98e5,1.909,1.909,1.909,1.9090,3
1416,g95e5p,1.869,1.869,1.869,1.8690,3
1417,g95e5,1.674,1.649,1.674,1.6617,3
1417,gA,1.893,1.893,1.893,1.8930,2
1419,g95e5,1.759,1.759,1.759,1.7590,3
1419,gA,1.915,1.915,1.915,1.9150,3
1419,gP,1.975,1.975,1.975,1.9750,3
1419,g98e5,1.899,1.899,1.899,1.8990,3
1419,gB,1.600,1.595,1.600,1.5983,3
1422,gA,1.934,1.914,1.934,1.9207,3
1422,gP,2.034,2.014,2.034,2.0207,3
1422,gB,1.604,1.584,1.604,1.5907,3
1424,g95e5,1.769,1.769,1.769,1.7690,3
1424,gA,1.925,1.919,1.925,1.9230,3
1424,gP,2.035,2.029,2.035,2.0330,3
1424,g98e5,1.889,1.889,1.889,1.8890,3
1425,g95e5,1.800,1.800,1.800,1.8000,3
1425,gA,1.900,1.900,1.900,1.9000,3
1426,g95e5,1.779,1.775,1.779,1.7777,3
1426,gA,1.895,1.879,1.895,1.8897,3
1427,g95e5,1.769,1.769,1.769,1.7690,3
1427,gA,1.919,1.919,1.919,1.9190,3
1428,g95e5,1.789,1.789,1.795,1.7910,3
1428,gA,1.905,1.889,1.905,1.8997,3
1428,g98e5,1.959,1.959,1.965,1.9610,3
1429,g95e5,1.809,1.799,1.809,1.8065,4
1429,gA,1.875,1.875,1.889,1.8785,4
1429,g98e5,1.929,1.929,1.929,1.9290,3
1429,g95e5p,1.879,1.879,1.879,1.8790,3
1429,glp,1.135,1.135,1.135,1.1350,2
1430,g95e5,1.809,1.799,1.809,1.8065,4
1430,gA,1.875,1.875,1.889,1.8785,4
1430,g98e5,1.929,1.929,1.929,1.9290,3
1430,g95e5p,1.879,1.879,1.879,1.8790,3
1432,gA,1.898,1.898,1.898,1.8980,3
1432,gP,1.998,1.998,1.998,1.9980,3
1433,g95e5,1.789,1.789,1.789,1.7890,3
1433,gA,1.885,1.885,1.885,1.8850,2
1433,gB,1.644,1.639,1.644,1.6423,3
1436,g95e5,1.589,1.589,1.589,1.5890,2
1436,gA,1.709,1.709,1.709,1.7090,2
1438,g95e5,1.759,1.759,1.759,1.7590,2
1438,gA,1.919,1.909,1.919,1.9140,2
1438,g98e5,1.889,1.889,1.889,1.8890,2
1439,g95e5,1.785,1.785,1.785,1.7850,3
1439,gA,1.885,1.869,1.885,1.8797,3
1439,g98e5,1.955,1.955,1.955,1.9550,3
1440,g95e5,1.785,1.785,1.785,1.7850,3
1440,gA,1.885,1.869,1.885,1.8797,3
1440,g98e5,1.955,1.955,1.955,1.9550,3
1441,g95e5,1.759,1.759,1.759,1.7590,2
1441,gA,1.919,1.909,1.919,1.9140,2
1441,g95e5p,1.859,1.859,1.859,1.8590,2
1442,g95e5,1.769,1.759,1.769,1.7640,2
1442,gA,1.889,1.879,1.889,1.8840,2
1442,gP,1.949,1.939,1.949,1.9440,2
1442,g98e5,1.879,1.869,1.879,1.8740,2
1443,g95e5,1.739,1.739,1.759,1.7457,3
1443,gA,1.899,1.879,1.899,1.8923,3
1443,gP,2.009,1.989,2.009,2.0023,3
1443,g98e5,1.909,1.909,1.929,1.9157,3
1444,g95e5,1.839,1.829,1.839,1.8323,3
1444,gA,1.949,1.929,1.949,1.9390,3
1445,g95e5,1.839,1.809,1.839,1.8257,3
1445,gA,1.949,1.919,1.949,1.9357,3
1445,g98e5,1.949,1.919,1.949,1.9357,3
1446,g95e5,1.759,1.759,1.759,1.7590,3
1446,gA,1.875,1.865,1.875,1.8717,3
1446,g98e5,1.929,1.929,1.929,1.9290,3
1447,g95e5,1.799,1.799,1.799,1.7990,2
1447,gA,1.959,1.959,1.959,1.9590,2
1447,g98e5,1.959,1.959,1.959,1.9590,2
1447,gB,1.639,1.639,1.639,1.6390,2
1448,g95e5,1.805,1.785,1.805,1.7983,3
1448,gA,1.915,1.915,1.925,1.9185,4
1448,g98e5,1.975,1.955,1.975,1.9683,3
1448,gB,1.660,1.655,1.660,1.6583,3
1449,g95e5,1.799,1.799,1.799,1.7990,3
1449,gA,1.915,1.909,1.915,1.9130,3
1449,g98e5,1.919,1.919,1.919,1.9190,3
1452,g95e5,1.779,1.779,1.779,1.7790,3
1452,gA,1.915,1.905,1.915,1.9117,3
1452,g98e5,1.949,1.949,1.949,1.9490,3
1452,gB,1.644,1.639,1.644,1.6423,3
1454,g95e5,1.805,1.805,1.805,1.8050,3
1454,gA,1.899,1.899,1.899,1.8990,3
1454,g98e5,1.975,1.975,1.975,1.9750,3
1455,g95e5,1.735,1.735,1.735,1.7350,3
1455,gA,1.885,1.879,1.885,1.8830,3
1455,gB,1.600,1.595,1.600,1.5983,3
1456,g95e5,1.749,1.749,1.749,1.7490,3
1456,gA,1.869,1.869,1.869,1.8690,3
1456,gP,1.909,1.909,1.909,1.9090,3
1458,g95e5,1.774,1.774,1.774,1.7740,4
1458,gA,1.894,1.874,1.894,1.8790,4
1458,gP,1.984,1.964,1.984,1.9690,4
1460,g95e5,1.794,1.794,1.794,1.7940,4
1460,gA,1.914,1.894,1.914,1.9040,4
1460,gP,2.014,1.994,2.014,2.0040,4
1460,g95e5p,1.904,1.904,1.904,1.9040,4
1461,gA,1.779,1.779,1.779,1.7790,2
1461,gP,1.819,1.819,1.819,1.8190,2
1464,g95e5,1.794,1.794,1.794,1.7940,4
1464,gA,1.914,1.894,1.914,1.9040,4
1464,gP,2.014,1.994,2.014,2.0040,4
1464,g95e5p,1.904,1.904,1.904,1.9040,4
1464,gB,1.724,1.724,1.724,1.7240,2
1466,g95e5,1.759,1.759,1.759,1.7590,3
1466,gA,1.879,1.879,1.879,1.8790,3
1466,gP,1.984,1.984,1.984,1.9840,3
1468,gA,1.883,1.863,1.883,1.8697,3
1472,g95e5,1.849,1.849,1.849,1.8490,3
1472,gA,1.949,1.949,1.949,1.9490,3
1472,g98e5,1.959,1.959,1.959,1.9590,3
1472,g95e5p,1.949,1.949,1.949,1.9490,3
1473,g95e5,1.537,1.537,1.557,1.5503,3
1473,gA,1.715,1.715,1.725,1.7217,3
1474,g95e5,1.785,1.785,1.785,1.7850,3
1474,gA,1.905,1.899,1.905,1.9030,3
1474,g98e5,1.955,1.955,1.955,1.9550,3
1475,g95e5,1.785,1.785,1.785,1.7850,3
1475,gA,1.905,1.899,1.905,1.9030,3
1475,gB,1.644,1.639,1.644,1.6423,3
1477,gA,1.914,1.914,1.914,1.9140,2
1477,gP,2.014,2.014,2.014,2.0140,2
1478,g95e5,1.805,1.805,1.805,1.8050,3
1478,gA,1.895,1.895,1.909,1.8997,3
1478,g98e5,1.925,1.925,1.925,1.9250,3
1483,gA,1.914,1.914,1.914,1.9140,2
1483,gP,2.014,2.014,2.014,2.0140,2
1483,g98e5,1.904,1.904,1.904,1.9040,2
1483,gB,1.739,1.739,1.739,1.7390,2
1487,gA,1.914,1.914,1.914,1.9140,2
1487,gB,1.734,1.734,1.734,1.7340,2
1488,gA,1.919,1.919,1.919,1.9190,2
1488,gP,2.019,2.019,2.019,2.0190,2
1489,g95e5,1.794,1.794,1.794,1.7940,3
1489,gA,1.914,1.894,1.914,1.9073,3
1489,gP,2.014,1.994,2.014,2.0073,3
1489,g95e5p,1.904,1.904,1.904,1.9040,3
1489,gB,1.724,1.724,1.724,1.7240,2
1490,g95e5,1.794,1.794,1.794,1.7940,3
1490,gA,1.914,1.894,1.914,1.9040,4
1490,gP,2.014,1.994,2.014,2.0040,4
1490,g95e5p,1.904,1.904,1.904,1.9040,3
1490,gB,1.724,1.724,1.724,1.7240,2
1492,gA,1.914,1.889,1.914,1.8965,4
1492,gP,1.999,1.989,1.999,1.9928,4
1494,gA,1.759,1.729,1.759,1.7440,2
1494,gP,1.769,1.749,1.769,1.7590,2
1495,gA,1.888,1.868,1.888,1.8730,4
1495,gP,1.988,1.968,1.988,1.9730,4
1496,g95e5,1.799,1.799,1.799,1.7990,4
1496,gA,1.919,1.899,1.919,1.9090,4
1496,gP,1.999,1.999,1.999,1.9990,4
1496,g95e5p,1.899,1.899,1.899,1.8990,4
1500,g95e5,1.764,1.764,1.764,1.7640,3
1500,gA,1.884,1.864,1.884,1.8740,4
1500,gP,2.004,1.984,2.004,1.9940,4
1500,g95e5p,1.884,1.884,1.884,1.8840,3
1501,g95e5,1.794,1.794,1.794,1.7940,2
1501,gA,1.904,1.894,1.914,1.9015,4
1501,gP,2.004,1.994,2.014,2.0015,4
1501,g95e5p,1.904,1.904,1.904,1.9040,2
1503,gA,1.914,1.914,1.914,1.9140,2
1503,gP,2.014,2.014,2.014,2.0140,2
1504,g95e5,1.735,1.735,1.735,1.7350,3
1504,gA,1.905,1.885,1.905,1.8975,4
1504,g98e5,1.905,1.905,1.905,1.9050,3
1504,gB,1.584,1.579,1.584,1.5823,3
1505,g95e5,1.819,1.819,1.819,1.8190,2
1505,gA,1.909,1.909,1.909,1.9090,2
1505,gP,2.009,2.009,2.009,2.0090,2
1509,g95e5,1.801,1.801,1.801,1.8010,3
1509,gA,1.941,1.941,1.941,1.9410,3
1509,g98e5,1.950,1.950,1.950,1.9500,3
1510,g95e5,1.739,1.735,1.739,1.7377,3
1510,gA,1.919,1.899,1.919,1.9123,3
1510,g98e5,1.859,1.855,1.859,1.8577,3
1511,g95e5,1.749,1.749,1.749,1.7490,3
1511,gA,1.915,1.909,1.915,1.9130,3
1511,gP,2.025,2.019,2.025,2.0230,3
1511,gB,1.584,1.579,1.584,1.5823,3
1512,g95e5,1.749,1.749,1.749,1.7490,3
1512,gA,1.915,1.909,1.915,1.9130,3
1512,gP,2.025,2.019,2.025,2.0230,3
1513,g95e5,1.798,1.798,1.798,1.7980,3
1513,gA,1.916,1.916,1.916,1.9160,3
1513,g98e5,1.909,1.909,1.909,1.9090,3
1515,g95e5,1.798,1.798,1.798,1.7980,3
1515,gA,1.916,1.916,1.916,1.9160,3
1515,g98e5,1.989,1.989,1.989,1.9890,3
1516,g95e5,1.825,1.819,1.825,1.8230,3
1516,gA,1.925,1.919,1.925,1.9230,3
1516,g98e5,1.995,1.989,1.995,1.9930,3
1517,g95e5,1.759,1.759,1.759,1.7590,3
1517,gA,1.895,1.875,1.895,1.8883,3
1517,g98e5,1.929,1.929,1.929,1.9290,3
1519,g95e5,1.765,1.765,1.769,1.7663,3
1519,gA,1.885,1.879,1.885,1.8830,3
1519,gP,1.965,1.959,1.965,1.9630,3
1519,g98e5,1.885,1.885,1.889,1.8863,3
1520,g95e5,1.765,1.765,1.769,1.7663,3
1520,gA,1.885,1.879,1.885,1.8830,3
1520,gP,1.965,1.959,1.965,1.9630,3
1520,g98e5,1.885,1.885,1.889,1.8863,3
1521,g95e5,1.785,1.785,1.785,1.7850,3
1521,gA,1.905,1.899,1.905,1.9030,3
1521,g98e5,1.955,1.955,1.955,1.9550,3
1522,g95e5,1.785,1.785,1.785,1.7850,3
1522,gA,1.905,1.899,1.905,1.9030,3
1522,g98e5,1.955,1.955,1.955,1.9550,3
1523,g95e5,1.799,1.799,1.799,1.7990,3
1523,gA,1.889,1.889,1.899,1.8923,3
1525,g95e5,1.769,1.769,1.769,1.7690,3
1525,gA,1.919,1.919,1.919,1.9190,3
1528,g95e5,1.769,1.769,1.769,1.7690,3
1528,gA,1.875,1.869,1.875,1.8730,3
1528,gB,1.644,1.639,1.644,1.6423,3
1530,g95e5,1.759,1.759,1.759,1.7590,3
1530,gA,1.879,1.875,1.879,1.8777,3
1530,gB,1.690,1.685,1.690,1.6883,3
1531,g95e5,1.759,1.759,1.759,1.7590,3
1531,gA,1.875,1.865,1.875,1.8717,3
1531,gB,1.644,1.639,1.644,1.6423,3
1532,g95e5,1.735,1.735,1.735,1.7350,3
1532,gA,1.885,1.875,1.885,1.8817,3
1532,gB,1.584,1.579,1.584,1.5823,3
1534,g95e5,1.759,1.759,1.759,1.7590,2
1534,gA,1.875,1.875,1.875,1.8750,2
1535,g95e5,1.795,1.795,1.795,1.7950,2
1535,gA,1.915,1.895,1.915,1.9083,3
1535,g98e5,1.955,1.955,1.975,1.9617,3
1536,gA,1.969,1.969,1.969,1.9690,2
1540,g95e5,1.659,1.659,1.659,1.6590,3
1540,gA,1.929,1.925,1.929,1.9277,3
1551,g95e5,1.789,1.789,1.789,1.7890,2
1554,gA,1.769,1.749,1.769,1.7590,2
1556,gA,1.929,1.929,1.929,1.9290,2
1556,gP,1.959,1.959,1.959,1.9590,2
1562,g95e5,1.511,1.483,1.511,1.5017,3
1562,gA,1.681,1.681,1.681,1.6810,2
1563,gP,1.689,1.689,1.689,1.6890,2
1565,g95e5,1.507,1.479,1.507,1.4977,3
1565,gA,1.677,1.648,1.677,1.6673,3
1566,g95e5,1.508,1.479,1.508,1.4983,3
1566,gA,1.678,1.678,1.678,1.6780,2
1567,g95e5,1.756,1.756,1.756,1.7560,2
1567,gA,1.929,1.929,1.929,1.9290,2
1567,gP,2.047,2.047,2.047,2.0470,2
1568,g95e5,1.506,1.478,1.506,1.4967,3
1568,gA,1.676,1.676,1.676,1.6760,2
1569,g95e5,1.658,1.658,1.658,1.6580,2
1569,gA,1.819,1.819,1.819,1.8190,2
1569,g98e5,1.889,1.889,1.889,1.8890,2
1570,g95e5,1.718,1.718,1.718,1.7180,3
1570,gA,1.848,1.848,1.848,1.8480,3
1570,g98e5,1.838,1.838,1.838,1.8380,3
1570,gB,1.398,1.398,1.398,1.3980,3
1573,gA,1.889,1.889,1.889,1.8890,3
1573,gP,1.969,1.969,1.969,1.9690,3
1579,g95e5,1.774,1.774,1.774,1.7740,4
1579,gA,1.974,1.954,1.974,1.9640,4
1579,gP,2.034,2.014,2.034,2.0240,4
1579,g95e5p,1.864,1.864,1.864,1.8640,4
1581,g95e5,1.767,1.767,1.767,1.7670,2
1581,gA,1.947,1.947,1.947,1.9470,2
1584,g95e5,1.789,1.789,1.789,1.7890,2
1584,gA,1.899,1.879,1.899,1.8890,3
1584,gP,1.979,1.959,1.979,1.9690,3
1588,g95e5,1.507,1.479,1.507,1.4977,3
1588,gA,1.677,1.677,1.677,1.6770,2
1588,g98e5,1.559,1.559,1.559,1.5590,2
1590,g95e5,1.765,1.765,1.765,1.7650,2
1590,gA,1.955,1.955,1.955,1.9550,2
1590,gP,2.045,2.045,2.045,2.0450,2
1593,g95e5,1.506,1.478,1.506,1.4967,3
1593,gA,1.677,1.677,1.677,1.6770,2
1594,gA,1.888,1.878,1.888,1.8813,3
1594,gB,1.774,1.774,1.774,1.7740,3
1600,g95e5,1.735,1.735,1.735,1.7350,2
1600,gA,1.909,1.905,1.909,1.9070,2
1600,gB,1.560,1.555,1.560,1.5575,2
1601,g95e5,1.697,1.677,1.697,1.6837,3
1601,gA,1.797,1.777,1.797,1.7837,3
1605,g95e5,1.506,1.478,1.506,1.4967,3
1605,gA,1.677,1.677,1.677,1.6770,2
1609,g95e5,1.599,1.599,1.599,1.5990,3
1609,gA,1.749,1.749,1.749,1.7490,3
1609,gP,1.849,1.849,1.849,1.8490,3
1609,g98e5,1.799,1.799,1.799,1.7990,3
1609,gB,1.549,1.549,1.549,1.5490,3
1613,g95e5,1.474,1.474,1.474,1.4740,3
1613,gA,1.672,1.672,1.672,1.6720,2
1616,g95e5,1.789,1.789,1.789,1.7890,2
1616,gA,1.899,1.879,1.899,1.8890,3
1616,gP,1.979,1.959,1.979,1.9690,3
1616,gB,1.764,1.744,1.764,1.7507,3
1620,g98e5,1.998,1.998,1.998,1.9980,3
1624,g95e5,1.679,1.669,1.679,1.6723,3
1624,gA,1.819,1.799,1.819,1.8057,3
1624,gP,1.839,1.819,1.839,1.8257,3
1624,g98e5,1.789,1.789,1.789,1.7890,3
1625,g95e5,1.769,1.769,1.769,1.7690,2
1625,gA,1.929,1.929,1.929,1.9290,2
1625,gP,1.989,1.989,1.989,1.9890,2
1625,g98e5,1.839,1.839,1.839,1.8390,2
1634,g95e5,1.669,1.644,1.669,1.6523,3
1634,gA,1.829,1.784,1.829,1.8007,3
1634,gP,1.879,1.834,1.879,1.8507,3
1634,g95e5p,1.719,1.694,1.719,1.7023,3
1635,g95e5,1.549,1.549,1.549,1.5490,4
1635,gA,1.704,1.699,1.704,1.7003,4
1636,g95e5,1.749,1.749,1.749,1.7490,2
1636,gA,1.859,1.854,1.859,1.8565,2
1636,gP,1.949,1.944,1.949,1.9465,2
1636,gB,1.634,1.614,1.634,1.6240,2
1637,g95e5,1.759,1.759,1.759,1.7590,3
1637,gA,1.935,1.915,1.935,1.9275,4
1637,g98e5,1.879,1.879,1.879,1.8790,3
1638,gA,1.754,1.754,1.754,1.7540,3
1638,gP,1.804,1.804,1.804,1.8040,3
1639,g95e5,1.749,1.739,1.749,1.7465,4
1639,gA,1.899,1.889,1.899,1.8915,4
1639,gP,1.949,1.939,1.949,1.9415,4
1639,g95e5p,1.799,1.789,1.799,1.7965,4
1640,g95e5,1.724,1.724,1.724,1.7240,2
1640,g95e5p,1.774,1.774,1.774,1.7740,2
1641,g95e5,1.709,1.709,1.709,1.7090,2
1641,gA,1.884,1.884,1.884,1.8840,2
1641,gP,1.934,1.934,1.934,1.9340,2
1641,g95e5p,1.759,1.759,1.759,1.7590,2
1642,g95e5,1.799,1.799,1.799,1.7990,2
1642,gA,1.939,1.919,1.939,1.9257,3
1642,gP,1.989,1.969,1.989,1.9757,3
1642,g95e5p,1.849,1.849,1.849,1.8490,2
1645,g95e5,1.569,1.569,1.569,1.5690,3
1653,g95e5,1.572,1.572,1.572,1.5720,3
1661,gA,1.699,1.679,1.699,1.6890,2
1661,gP,1.789,1.769,1.789,1.7790,2
1661,gB,1.399,1.399,1.399,1.3990,2
1663,gA,1.759,1.729,1.759,1.7490,3
1663,gP,1.849,1.849,1.849,1.8490,2
1663,g98e5,1.689,1.659,1.689,1.6740,2
1663,gB,1.419,1.419,1.419,1.4190,2
1666,gA,1.719,1.699,1.719,1.7090,2
1666,gP,1.809,1.789,1.809,1.7990,2
1668,gA,1.719,1.669,1.719,1.6957,3
1668,gP,1.809,1.789,1.809,1.7990,2
1668,gB,1.399,1.399,1.399,1.3990,2
1670,g95e5,1.495,1.495,1.495,1.4950,2
1670,gA,1.709,1.709,1.709,1.7090,2
1671,g95e5,1.649,1.649,1.649,1.6490,2
1671,gA,1.779,1.779,1.779,1.7790,2
1671,g98e5,1.779,1.779,1.779,1.7790,2
1671,bio,1.749,1.749,1.749,1.7490,2
1672,g95e5,1.619,1.619,1.619,1.6190,3
1672,gA,1.729,1.729,1.729,1.7290,3
1673,gA,1.687,1.659,1.687,1.6730,2
1674,g95e5,1.499,1.499,1.499,1.4990,2
1674,gA,1.709,1.709,1.709,1.7090,2
1675,g95e5,1.499,1.499,1.499,1.4990,2
1675,gA,1.709,1.709,1.709,1.7090,2
1679,gA,1.749,1.729,1.749,1.7390,2
1679,gP,1.799,1.779,1.799,1.7890,2
1681,g95e5,1.549,1.529,1.549,1.5390,2
1681,gA,1.729,1.699,1.729,1.7140,2
1684,g95e5,1.629,1.619,1.629,1.6240,2
1684,gA,1.809,1.789,1.809,1.7990,2
1686,gA,1.749,1.729,1.749,1.7390,2
1686,gP,1.799,1.779,1.799,1.7890,2
1687,g95e5,1.749,1.749,1.749,1.7490,2
1687,g98e5,1.889,1.889,1.889,1.8890,2
1688,g95e5,1.599,1.579,1.599,1.5890,2
1690,g95e5,1.499,1.489,1.499,1.4940,2
1690,gA,1.689,1.639,1.689,1.6623,3
1690,gP,1.729,1.679,1.729,1.7023,3
1692,g95e5,1.539,1.539,1.539,1.5390,4
1692,gA,1.704,1.699,1.704,1.7003,4
1695,g95e5,1.709,1.699,1.709,1.7040,2
1698,g95e5,1.529,1.519,1.529,1.5257,3
1698,gA,1.729,1.699,1.729,1.7090,3
1698,gP,1.769,1.739,1.769,1.7490,3
1699,g95e5,1.764,1.764,1.764,1.7640,4
1699,gA,1.964,1.944,1.964,1.9540,4
1699,gP,2.034,2.014,2.034,2.0240,4
1700,g95e5,1.764,1.764,1.764,1.7640,4
1700,gA,1.964,1.944,1.964,1.9573,3
1700,gP,2.034,2.014,2.034,2.0273,3
1701,g95e5,1.789,1.779,1.789,1.7857,3
1701,gA,1.939,1.939,1.939,1.9390,2
1701,gP,2.029,2.029,2.029,2.0290,2
1701,g98e5,1.929,1.919,1.929,1.9257,3
1709,g95e5,1.629,1.619,1.629,1.6240,2
1709,gA,1.799,1.789,1.799,1.7940,2
1710,g95e5,1.539,1.539,1.539,1.5390,2
1710,gA,1.679,1.679,1.679,1.6790,2
1712,g95e5,1.629,1.619,1.629,1.6240,2
1712,gA,1.799,1.789,1.799,1.7940,2
1715,g95e5,1.501,1.501,1.520,1.5137,3
1715,gA,1.688,1.688,1.715,1.7060,3
1718,g95e5,1.509,1.479,1.509,1.4957,3
1718,gA,1.679,1.649,1.679,1.6590,3
1718,gP,1.719,1.689,1.719,1.6990,3
1724,gA,1.899,1.829,1.899,1.8523,3
1724,gP,1.949,1.879,1.949,1.9023,3
1727,g95e5,1.589,1.589,1.589,1.5890,2
1727,gA,1.759,1.739,1.759,1.7490,2
1728,gA,1.829,1.829,1.829,1.8290,3
1728,gP,1.869,1.869,1.869,1.8690,3
1728,g98e5,1.879,1.879,1.879,1.8790,2
1729,g95e5,1.619,1.619,1.619,1.6190,2
1729,gA,1.739,1.739,1.739,1.7390,2
1730,gA,1.930,1.930,1.930,1.9300,2
1734,g95e5,1.679,1.649,1.679,1.6565,4
1736,g95e5,1.689,1.689,1.689,1.6890,3
1736,gA,1.839,1.839,1.839,1.8390,3
1736,gP,1.859,1.859,1.859,1.8590,3
1736,g95e5p,1.709,1.709,1.709,1.7090,3
1738,gA,1.949,1.929,1.949,1.9340,4
1738,gP,2.019,1.999,2.019,2.0040,4
1746,g95e5,1.535,1.535,1.535,1.5350,2
1746,gA,1.685,1.685,1.685,1.6850,2
1746,gP,1.745,1.745,1.745,1.7450,2
1767,gA,1.699,1.699,1.699,1.6990,3
1767,gP,1.759,1.759,1.759,1.7590,3
1768,gA,1.894,1.894,1.894,1.8940,2
1768,gB,1.614,1.614,1.614,1.6140,2
1773,gA,1.698,1.688,1.698,1.6913,3
1776,g95e5,1.755,1.745,1.755,1.7517,3
1776,gA,1.955,1.935,1.955,1.9483,3
1776,gP,2.045,2.025,2.045,2.0383,3
1776,g98e5,1.895,1.885,1.895,1.8917,3
1778,g95e5,1.649,1.649,1.649,1.6490,2
1778,g98e5,1.789,1.789,1.789,1.7890,2
1779,g95e5,1.789,1.789,1.789,1.7890,2
1779,gA,1.979,1.979,1.979,1.9790,2
1779,gP,2.069,2.069,2.069,2.0690,2
1779,g98e5,1.929,1.929,1.929,1.9290,2
1780,g95e5,1.754,1.754,1.754,1.7540,4
1780,gA,1.964,1.944,1.964,1.9573,3
1780,gP,2.054,2.034,2.054,2.0473,3
1780,g95e5p,1.864,1.864,1.864,1.8640,4
1782,g95e5,1.714,1.709,1.714,1.7123,3
1782,gA,1.884,1.884,1.884,1.8840,2
1782,gP,1.934,1.934,1.934,1.9340,2
1782,g98e5,1.834,1.829,1.834,1.8323,3
1783,g95e5,1.599,1.589,1.599,1.5940,2
1783,gA,1.759,1.729,1.759,1.7440,2
1783,gP,1.769,1.749,1.769,1.7590,2
1783,g95e5p,1.609,1.599,1.609,1.6040,2
1784,g95e5,1.764,1.764,1.764,1.7640,3
1784,gA,1.964,1.944,1.964,1.9573,3
1784,gP,2.064,2.044,2.064,2.0573,3
1784,g95e5p,1.884,1.884,1.884,1.8840,3
1788,gA,1.919,1.919,1.919,1.9190,2
1788,gP,2.009,2.009,2.009,2.0090,2
1792,g95e5,1.789,1.789,1.789,1.7890,2
1792,gA,1.959,1.949,1.959,1.9557,3
1792,gP,2.049,2.039,2.049,2.0457,3
1792,g98e5,1.929,1.929,1.929,1.9290,2
1793,g95e5,1.719,1.719,1.719,1.7190,3
1793,gA,1.915,1.909,1.915,1.9130,3
1793,gP,1.975,1.969,1.975,1.9730,3
1793,g98e5,1.889,1.889,1.889,1.8890,3
1797,g95e5,1.765,1.755,1.765,1.7625,4
1797,gA,1.949,1.945,1.949,1.9477,3
1797,g98e5,1.895,1.895,1.895,1.8950,3
1797,g95e5p,1.835,1.835,1.835,1.8350,3
1798,g95e5,1.809,1.809,1.809,1.8090,2
1798,gA,1.919,1.909,1.919,1.9157,3
1798,g98e5,1.929,1.929,1.929,1.9290,2
1800,g95e5,1.729,1.729,1.729,1.7290,3
1800,gA,1.949,1.945,1.949,1.9477,3
1800,gP,2.009,2.005,2.009,2.0077,3
1800,g98e5,1.849,1.849,1.849,1.8490,3
1800,glp,1.139,1.139,1.139,1.1390,2
1801,g95e5,1.729,1.729,1.729,1.7290,3
1801,gA,1.949,1.945,1.949,1.9477,3
1801,gP,2.009,2.005,2.009,2.0077,3
1801,g98e5,1.849,1.849,1.849,1.8490,3
1801,glp,1.145,1.145,1.145,1.1450,2
1802,g95e5,1.789,1.779,1.789,1.7857,3
1802,gA,1.939,1.939,1.939,1.9390,2
1802,gP,2.029,2.029,2.029,2.0290,2
1802,g98e5,1.929,1.919,1.929,1.9257,3
1804,g95e5,1.599,1.599,1.599,1.5990,3
1805,g95e5,1.845,1.845,1.845,1.8450,3
1805,gA,1.909,1.909,1.929,1.9157,3
1806,g95e5,1.755,1.755,1.755,1.7550,3
1806,gA,1.949,1.945,1.949,1.9477,3
1806,g98e5,1.895,1.895,1.895,1.8950,3
1807,g95e5,1.825,1.825,1.825,1.8250,3
1807,gA,1.919,1.905,1.925,1.9170,4
1807,gP,1.979,1.979,1.985,1.9810,3
1807,g98e5,1.945,1.945,1.945,1.9450,3
1807,g95e5p,1.895,1.895,1.895,1.8950,3
1807,glp,1.195,1.195,1.195,1.1950,2
1808,g95e5,1.765,1.765,1.765,1.7650,3
1808,gA,1.955,1.929,1.955,1.9460,4
1808,g98e5,1.885,1.885,1.885,1.8850,3
1808,g95e5p,1.835,1.835,1.835,1.8350,3
1813,g95e5,1.825,1.825,1.829,1.8263,3
1813,gA,1.935,1.929,1.935,1.9330,3
1813,gP,1.995,1.989,1.995,1.9930,3
1813,g98e5,1.945,1.945,1.949,1.9463,3
1814,g95e5,1.529,1.529,1.529,1.5290,2
1815,g95e5,1.755,1.745,1.755,1.7517,3
1815,gA,1.955,1.955,1.955,1.9550,3
1815,gP,2.015,2.015,2.015,2.0150,3
1815,g98e5,1.875,1.865,1.875,1.8717,3
1815,glp,1.105,1.105,1.105,1.1050,2
1817,g95e5,1.765,1.765,1.765,1.7650,3
1817,gA,1.945,1.945,1.945,1.9450,3
1817,g98e5,1.885,1.885,1.885,1.8850,3
1818,g95e5,1.819,1.815,1.819,1.8180,4
1818,gA,1.929,1.905,1.929,1.9205,4
1818,gP,1.989,1.979,1.989,1.9857,3
1818,g98e5,1.939,1.939,1.939,1.9390,3
1818,glp,1.189,1.189,1.189,1.1890,2
1819,g95e5,1.769,1.769,1.769,1.7690,3
1819,gA,1.965,1.959,1.965,1.9630,3
1819,g98e5,1.889,1.889,1.889,1.8890,3
1819,glp,1.105,1.105,1.105,1.1050,2
1822,g95e5,1.764,1.764,1.764,1.7640,2
1822,gA,1.889,1.889,1.899,1.8923,3
1822,gP,1.979,1.979,1.989,1.9823,3
1823,g95e5,1.759,1.759,1.759,1.7590,2
1823,gA,1.879,1.869,1.879,1.8757,3
1823,gP,1.929,1.919,1.929,1.9257,3
1823,g98e5,1.899,1.899,1.899,1.8990,2
1824,g95e5,1.805,1.805,1.805,1.8050,3
1824,gA,1.899,1.899,1.909,1.9023,3
1824,gP,1.959,1.959,1.969,1.9623,3
1824,g98e5,1.925,1.925,1.925,1.9250,3
1824,glp,1.195,1.195,1.195,1.1950,2
1825,g95e5,1.745,1.745,1.745,1.7450,3
1825,gA,1.905,1.899,1.905,1.9030,3
1825,gP,1.965,1.959,1.965,1.9630,3
1827,g95e5,1.775,1.775,1.775,1.7750,3
1827,gA,1.959,1.945,1.959,1.9543,3
1827,g98e5,1.945,1.945,1.945,1.9450,3
1827,glp,1.139,1.139,1.139,1.1390,2
1828,g95e5,1.845,1.845,1.845,1.8450,3
1828,gA,1.929,1.925,1.929,1.9280,4
1828,gP,2.039,2.039,2.039,2.0390,3
1828,g98e5,1.965,1.965,1.965,1.9650,3
1828,glp,1.185,1.185,1.185,1.1850,2
1829,g95e5,1.725,1.725,1.725,1.7250,3
1829,gA,1.919,1.915,1.919,1.9177,3
1829,gP,1.979,1.975,1.979,1.9777,3
1829,g98e5,1.845,1.845,1.845,1.8450,3
1831,g95e5,1.559,1.539,1.559,1.5490,2
1831,gA,1.719,1.699,1.719,1.7090,2
1832,g95e5,1.559,1.539,1.559,1.5490,2
1832,gA,1.719,1.699,1.719,1.7090,2
1833,g95e5,1.825,1.825,1.825,1.8250,3
1833,gA,1.925,1.925,1.925,1.9250,3
1833,gP,2.035,2.035,2.035,2.0350,3
1833,g98e5,1.945,1.945,1.945,1.9450,3
1834,g95e5,1.764,1.764,1.764,1.7640,4
1834,gA,1.984,1.964,1.984,1.9740,4
1834,gP,2.064,2.044,2.064,2.0540,4
1835,g95e5,1.775,1.765,1.775,1.7725,4
1835,gA,1.955,1.939,1.955,1.9510,4
1835,g98e5,1.895,1.895,1.895,1.8950,3
1835,g95e5p,1.845,1.845,1.845,1.8450,3
1838,g95e5,1.719,1.719,1.719,1.7190,3
1838,gA,1.885,1.875,1.885,1.8817,3
1838,gP,1.945,1.935,1.945,1.9417,3
1838,g98e5,1.879,1.879,1.879,1.8790,3
1840,g95e5,1.674,1.674,1.674,1.6740,3
1840,gA,1.884,1.884,1.884,1.8840,3
1840,gP,1.934,1.934,1.934,1.9340,3
1840,g98e5,1.794,1.794,1.794,1.7940,3
1841,g95e5,1.825,1.825,1.825,1.8250,3
1841,g98e5,1.995,1.995,1.995,1.9950,3
1841,gB,1.720,1.715,1.720,1.7167,3
1842,g95e5,1.735,1.735,1.735,1.7350,3
1842,gA,1.959,1.959,1.965,1.9610,3
1842,g98e5,1.855,1.855,1.855,1.8550,3
1844,g95e5,1.749,1.749,1.749,1.7490,3
1844,gA,1.959,1.955,1.959,1.9577,3
1844,g98e5,1.919,1.919,1.919,1.9190,3
1845,g95e5,1.719,1.709,1.719,1.7140,2
1845,gA,1.854,1.844,1.854,1.8490,3
1845,gP,1.904,1.894,1.904,1.8990,3
1845,g98e5,1.859,1.849,1.859,1.8540,2
1850,g95e5,1.749,1.749,1.749,1.7490,2
1850,gA,1.859,1.839,1.859,1.8507,3
1850,gP,1.949,1.929,1.949,1.9407,3
1850,g98e5,1.859,1.859,1.859,1.8590,2
1851,g95e5,1.759,1.755,1.765,1.7595,4
1851,gA,1.939,1.919,1.939,1.9330,4
1851,g98e5,1.879,1.879,1.885,1.8810,3
1851,g95e5p,1.829,1.829,1.835,1.8310,3
1852,g95e5,1.609,1.609,1.609,1.6090,3
1852,gA,1.689,1.689,1.689,1.6890,3
1854,g95e5,1.775,1.769,1.775,1.7730,3
1854,gA,1.929,1.925,1.929,1.9277,3
1854,gP,1.989,1.985,1.989,1.9877,3
1854,g98e5,1.895,1.889,1.895,1.8930,3
1854,glp,1.145,1.145,1.145,1.1450,2
1855,g95e5,1.729,1.729,1.729,1.7290,3
1855,gA,1.949,1.945,1.949,1.9477,3
1855,gP,2.009,2.005,2.009,2.0077,3
1855,g98e5,1.899,1.899,1.899,1.8990,3
1856,g95e5,1.739,1.719,1.739,1.7340,4
1856,gA,1.969,1.959,1.969,1.9655,4
1856,g98e5,1.859,1.859,1.859,1.8590,3
1856,g95e5p,1.809,1.809,1.809,1.8090,3
1856,gB,1.660,1.655,1.660,1.6583,3
1858,g95e5,1.799,1.799,1.799,1.7990,3
1858,gA,1.979,1.979,1.979,1.9790,3
1858,gP,1.999,1.999,1.999,1.9990,3
1858,g98e5,1.949,1.949,1.949,1.9490,3
1864,g95e5,1.599,1.599,1.599,1.5990,2
1864,gA,1.754,1.744,1.754,1.7473,3
1864,gP,1.804,1.794,1.804,1.7973,3
1864,g98e5,1.709,1.709,1.709,1.7090,2
1865,g95e5,1.559,1.529,1.559,1.5423,3
1865,gA,1.764,1.729,1.764,1.7457,3
1865,gP,1.814,1.779,1.814,1.7957,3
1865,g95e5p,1.609,1.579,1.609,1.5923,3
1866,g95e5,1.774,1.769,1.774,1.7715,2
1866,gA,1.934,1.934,1.934,1.9340,2
1866,gP,1.984,1.984,1.984,1.9840,2
1866,g95e5p,1.824,1.819,1.824,1.8215,2
1867,g95e5,1.749,1.749,1.749,1.7490,3
1867,gA,1.955,1.949,1.955,1.9530,3
1867,gP,2.015,2.009,2.015,2.0130,3
1867,g98e5,1.919,1.919,1.919,1.9190,3
1868,g95e5,1.765,1.765,1.765,1.7650,3
1868,gA,1.945,1.935,1.945,1.9417,3
1868,g98e5,1.885,1.885,1.885,1.8850,3
1868,g95e5p,1.825,1.825,1.825,1.8250,3
1870,g95e5,1.669,1.669,1.669,1.6690,2
1870,gA,1.769,1.769,1.769,1.7690,2
1870,gP,1.799,1.799,1.799,1.7990,2
1874,g95e5,1.549,1.529,1.549,1.5390,2
1874,gA,1.779,1.769,1.779,1.7740,2
1877,g95e5,1.689,1.689,1.689,1.6890,3
1877,gA,1.739,1.739,1.739,1.7390,3
1877,gP,1.779,1.779,1.779,1.7790,3
1877,g98e5,1.749,1.749,1.749,1.7490,3
1885,g95e5,1.849,1.849,1.849,1.8490,3
1885,gA,1.935,1.929,1.935,1.9330,3
1885,gP,1.995,1.989,1.995,1.9930,3
1885,g98e5,2.009,2.009,2.009,2.0090,3
1885,gB,1.580,1.575,1.580,1.5783,3
1886,g95e5,1.755,1.755,1.755,1.7550,3
1886,gA,1.949,1.939,1.949,1.9457,3
1886,gP,2.039,2.029,2.039,2.0357,3
1886,g98e5,1.895,1.895,1.895,1.8950,3
1889,g95e5,1.650,1.650,1.650,1.6500,2
1896,g95e5,1.795,1.795,1.795,1.7950,2
1896,gA,1.895,1.875,1.895,1.8883,3
1896,gP,1.985,1.965,1.985,1.9783,3
1896,g98e5,1.935,1.935,1.935,1.9350,2
1897,g95e5,1.597,1.597,1.597,1.5970,2
1897,gA,1.697,1.697,1.697,1.6970,2
1899,g95e5,1.809,1.809,1.809,1.8090,3
1899,gA,1.929,1.909,1.929,1.9223,3
1899,gP,2.019,1.999,2.019,2.0123,3
1899,g98e5,1.949,1.949,1.949,1.9490,3
1902,g95e5,1.655,1.655,1.655,1.6550,3
1902,gA,1.798,1.798,1.798,1.7980,3
1902,gB,1.395,1.395,1.395,1.3950,3
1904,gA,1.788,1.788,1.788,1.7880,3
1906,g95e5,1.773,1.773,1.773,1.7730,3
1906,gA,1.872,1.862,1.872,1.8653,3
1907,g95e5,1.709,1.709,1.709,1.7090,3
1907,gA,1.759,1.759,1.759,1.7590,3
1907,gB,1.429,1.429,1.429,1.4290,3
1909,g95e5,1.775,1.775,1.775,1.7750,3
1909,gA,1.939,1.939,1.939,1.9390,2
1909,gP,2.049,2.049,2.049,2.0490,2
1909,g98e5,1.945,1.945,1.945,1.9450,3
1909,g95e5p,1.845,1.845,1.845,1.8450,3
1911,g95e5,1.749,1.749,1.749,1.7490,2
1911,gA,1.869,1.869,1.869,1.8690,2
1911,gP,1.919,1.919,1.919,1.9190,2
1913,g95e5,1.549,1.549,1.569,1.5590,4
1913,gA,1.765,1.759,1.785,1.7720,4
1915,gB,1.449,1.449,1.449,1.4490,3
1916,gB,1.539,1.519,1.539,1.5257,3
1921,gA,1.727,1.727,1.727,1.7270,2
1924,g95e5,1.539,1.539,1.539,1.5390,2
1924,gA,1.789,1.769,1.789,1.7790,2
1925,g95e5,1.699,1.679,1.699,1.6923,3
1925,gA,1.869,1.859,1.869,1.8657,3
1925,g98e5,1.739,1.729,1.739,1.7357,3
1925,gB,1.519,1.519,1.519,1.5190,2
1927,gB,1.449,1.449,1.449,1.4490,3
1932,g95e5,1.539,1.539,1.539,1.5390,3
1932,gA,1.695,1.695,1.695,1.6950,3
1933,g95e5,1.739,1.739,1.739,1.7390,3
1933,gA,1.859,1.859,1.859,1.8590,3
1933,gP,1.919,1.919,1.919,1.9190,3
1935,g95e5,1.784,1.784,1.784,1.7840,2
1935,gA,1.889,1.874,1.889,1.8823,3
1935,gP,1.969,1.954,1.969,1.9623,3
1935,g98e5,1.924,1.924,1.924,1.9240,2
1936,g95e5,1.789,1.789,1.789,1.7890,2
1936,gA,1.899,1.899,1.899,1.8990,3
1936,gP,1.989,1.989,1.989,1.9890,3
1939,g95e5,1.465,1.455,1.465,1.4583,3
1939,gA,1.639,1.595,1.639,1.6097,3
1941,g95e5,1.779,1.779,1.779,1.7790,2
1941,g98e5,1.929,1.929,1.929,1.9290,2
1942,g95e5,1.779,1.769,1.779,1.7740,4
1942,gA,1.889,1.879,1.889,1.8865,4
1948,gA,1.899,1.869,1.899,1.8823,3
1948,gP,1.939,1.909,1.939,1.9223,3
1949,g95e5,1.779,1.779,1.779,1.7790,2
1949,gA,1.889,1.869,1.889,1.8823,3
1949,gP,1.929,1.909,1.929,1.9223,3
1950,gA,1.869,1.859,1.869,1.8623,3
1950,gP,1.909,1.899,1.909,1.9023,3
1951,g95e5,1.799,1.769,1.799,1.7823,3
1951,gA,1.869,1.849,1.869,1.8590,3
1951,gP,1.909,1.889,1.909,1.8990,3
1951,g98e5,1.919,1.919,1.919,1.9190,2
1953,g95e5,1.699,1.689,1.699,1.6940,2
1953,gA,1.819,1.799,1.819,1.8090,2
1953,gP,1.859,1.839,1.859,1.8490,2
1953,g98e5,1.889,1.889,1.889,1.8890,2
1954,g95e5,1.659,1.629,1.659,1.6423,3
1954,gA,1.809,1.759,1.809,1.7840,2
1954,gP,1.849,1.799,1.849,1.8240,2
1954,g98e5,1.869,1.869,1.869,1.8690,2
1956,g95e5,1.509,1.479,1.509,1.4940,2
1961,g95e5,1.539,1.529,1.539,1.5340,2
1961,gA,1.689,1.669,1.689,1.6790,2
1965,g95e5,1.739,1.739,1.739,1.7390,3
1965,gA,1.955,1.955,1.959,1.9563,3
1965,gP,2.045,2.045,2.049,2.0463,3
1973,g95e5,1.805,1.805,1.825,1.8117,3
1973,gA,1.925,1.925,1.929,1.9263,3
1973,g98e5,1.955,1.955,1.975,1.9617,3
1976,g95e5,1.789,1.785,1.789,1.7877,3
1976,gA,1.889,1.889,1.889,1.8890,3
1976,g98e5,1.909,1.905,1.909,1.9077,3
1976,gB,1.684,1.679,1.684,1.6823,3
1977,g95e5,1.789,1.785,1.789,1.7877,3
1977,gA,1.889,1.889,1.889,1.8890,3
1977,g98e5,1.909,1.905,1.909,1.9077,3
1977,gB,1.684,1.679,1.684,1.6823,3
1980,g95e5,1.819,1.749,1.819,1.7690,4
1980,gA,1.929,1.839,1.929,1.8690,4
1980,g98e5,1.939,1.869,1.939,1.8940,4
1980,glp,1.159,1.109,1.159,1.1215,4
1982,g95e5,1.775,1.775,1.775,1.7750,3
1982,gA,1.905,1.885,1.905,1.8983,3
1982,g98e5,1.945,1.945,1.945,1.9450,3
1986,g95e5,1.809,1.809,1.809,1.8090,3
1986,gA,1.895,1.895,1.899,1.8963,3
1986,g98e5,1.929,1.929,1.929,1.9290,3
1986,g95e5p,1.879,1.879,1.879,1.8790,3
1987,g95e5,1.774,1.774,1.774,1.7740,4
1987,gA,1.894,1.874,1.894,1.8790,4
1987,gP,1.984,1.964,1.984,1.9690,4
1988,g95e5,1.779,1.769,1.779,1.7715,4
1988,gA,1.879,1.869,1.879,1.8715,4
1988,gP,1.929,1.919,1.929,1.9215,4
1988,g98e5,1.919,1.909,1.919,1.9115,4
1989,g95e5,1.789,1.789,1.789,1.7890,2
1989,gA,1.909,1.909,1.909,1.9090,2
1989,gP,1.999,1.999,1.999,1.9990,2
1989,g98e5,1.879,1.879,1.879,1.8790,2
1990,gA,1.919,1.919,1.919,1.9190,2
1990,gP,2.019,2.019,2.019,2.0190,2
1991,g95e5,1.794,1.794,1.794,1.7940,3
1991,gA,1.914,1.894,1.914,1.9040,4
1991,gP,2.014,1.994,2.014,2.0040,4
1992,g95e5,1.794,1.794,1.794,1.7940,4
1992,gA,1.914,1.894,1.914,1.9073,3
1992,gP,2.014,1.994,2.014,2.0073,3
1995,g95e5,1.506,1.478,1.506,1.4967,3
1995,gA,1.676,1.676,1.676,1.6760,2
1996,gA,1.759,1.739,1.759,1.7457,3
1997,g95e5,1.507,1.479,1.507,1.4977,3
1997,gA,1.677,1.677,1.677,1.6770,2
1998,g95e5,1.508,1.479,1.508,1.4983,3
1998,gA,1.678,1.678,1.678,1.6780,2
1999,g95e5,1.508,1.480,1.508,1.4987,3
1999,gA,1.678,1.678,1.678,1.6780,2
2000,g95e5,1.507,1.478,1.507,1.4973,3
2000,gA,1.677,1.677,1.677,1.6770,2
2002,g95e5,1.599,1.599,1.599,1.5990,2
2002,gA,1.759,1.759,1.759,1.7590,2
2002,g98e5,1.699,1.699,1.699,1.6990,2
2005,g98e5,1.889,1.879,1.889,1.8823,3
2006,g95e5,1.765,1.765,1.769,1.7663,3
2006,gA,1.959,1.949,1.959,1.9555,4
2006,g98e5,1.885,1.885,1.889,1.8863,3
2006,g95e5p,1.835,1.835,1.839,1.8363,3
2011,g95e5,1.533,1.529,1.533,1.5317,3
2011,gA,1.697,1.688,1.697,1.6940,3
2011,gP,1.757,1.748,1.757,1.7540,3
2015,gA,1.677,1.677,1.677,1.6770,2
2015,gB,1.371,1.356,1.371,1.3660,3
2018,gA,1.678,1.678,1.678,1.6780,2
2018,gB,1.372,1.357,1.372,1.3670,3
2019,g95e5,1.508,1.479,1.508,1.4983,3
2019,gA,1.678,1.678,1.678,1.6780,2
2023,g98e5,1.962,1.938,1.962,1.9500,2
2024,g95e5,1.593,1.590,1.593,1.5910,3
2024,gA,1.720,1.699,1.720,1.7060,3
2024,gP,1.780,1.759,1.780,1.7660,3
2026,g95e5,1.775,1.775,1.775,1.7750,3
2026,gA,1.895,1.889,1.895,1.8930,3
2026,gP,2.005,1.999,2.005,2.0030,3
2026,g98e5,1.945,1.945,1.945,1.9450,3
2028,g95e5,1.839,1.839,1.839,1.8390,2
2028,gA,1.979,1.979,1.979,1.9790,2
2028,gP,2.029,2.029,2.029,2.0290,2
2028,g98e5,1.969,1.969,1.969,1.9690,2
2030,g95e5,1.739,1.739,1.739,1.7390,2
2030,gA,1.919,1.919,1.919,1.9190,2
2030,gP,1.999,1.999,1.999,1.9990,2
2030,g98e5,1.869,1.869,1.869,1.8690,2
2031,g95e5,1.739,1.739,1.739,1.7390,2
2031,gA,1.934,1.934,1.934,1.9340,3
2031,g98e5,1.869,1.869,1.869,1.8690,2
2038,gA,1.769,1.749,1.769,1.7590,2
2043,g95e5,1.779,1.775,1.779,1.7770,2
2043,gA,1.969,1.969,1.969,1.9690,2
2045,g95e5,1.565,1.565,1.565,1.5650,2
2045,gA,1.726,1.726,1.726,1.7260,2
2045,gP,1.826,1.826,1.826,1.8260,2
2045,g98e5,1.765,1.765,1.765,1.7650,2
2048,g95e5,1.559,1.559,1.559,1.5590,2
2048,gA,1.699,1.699,1.699,1.6990,2
2048,g98e5,1.659,1.659,1.659,1.6590,2
2048,gB,1.399,1.399,1.399,1.3990,2
2049,gA,1.677,1.677,1.677,1.6770,2
2049,gB,1.371,1.356,1.371,1.3660,3
2053,gA,1.708,1.708,1.708,1.7080,3
2053,gP,1.738,1.738,1.738,1.7380,3
2054,g95e5,1.764,1.764,1.764,1.7640,4
2054,gA,1.984,1.964,1.984,1.9773,3
2054,gP,2.044,2.024,2.044,2.0373,3
2056,g95e5,1.759,1.759,1.759,1.7590,2
2056,gA,1.975,1.955,1.975,1.9683,3
2056,gP,2.065,2.045,2.065,2.0583,3
2056,g98e5,1.899,1.899,1.899,1.8990,2
2060,g95e5,1.809,1.805,1.809,1.8077,3
2060,gA,1.935,1.925,1.935,1.9317,3
2060,gP,2.025,2.015,2.025,2.0217,3
2060,g98e5,1.949,1.945,1.949,1.9477,3
2062,g95e5,1.824,1.824,1.824,1.8240,4
2062,gA,1.944,1.924,1.944,1.9373,3
2062,gP,2.024,2.004,2.024,2.0173,3
2062,g95e5p,1.884,1.884,1.884,1.8840,4
2063,g95e5,1.759,1.759,1.759,1.7590,3
2063,gA,1.939,1.929,1.939,1.9357,3
2063,gP,1.999,1.989,1.999,1.9957,3
2063,g98e5,1.929,1.929,1.929,1.9290,3
2064,g95e5,1.725,1.725,1.725,1.7250,3
2064,gA,1.955,1.935,1.955,1.9483,3
2064,gP,2.015,1.995,2.015,2.0083,3
2064,g98e5,1.895,1.895,1.895,1.8950,3
2066,g95e5,1.589,1.589,1.589,1.5890,4
2066,gA,1.749,1.709,1.749,1.7290,4
2066,gP,1.799,1.759,1.799,1.7790,4
2066,g98e5,1.719,1.719,1.719,1.7190,4
2067,g95e5,1.815,1.815,1.815,1.8150,3
2067,gA,1.919,1.915,1.919,1.9177,3
2067,gP,2.029,2.025,2.029,2.0277,3
2067,g98e5,1.935,1.935,1.935,1.9350,3
2068,g95e5,1.815,1.815,1.815,1.8150,3
2068,gA,1.919,1.915,1.919,1.9177,3
2068,gP,2.029,2.025,2.029,2.0277,3
2068,g98e5,1.935,1.935,1.935,1.9350,3
2070,g95e5,1.845,1.839,1.845,1.8430,3
2070,gA,1.929,1.929,1.929,1.9290,3
2070,gP,2.039,2.039,2.039,2.0390,3
2070,g98e5,1.965,1.959,1.965,1.9630,3
2071,g95e5,1.835,1.835,1.835,1.8350,3
2071,gA,1.935,1.929,1.935,1.9330,3
2071,gP,2.045,2.039,2.045,2.0430,3
2071,g98e5,1.955,1.955,1.955,1.9550,3
2074,g95e5,1.769,1.769,1.769,1.7690,2
2074,gA,1.949,1.935,1.949,1.9443,3
2074,gP,2.039,2.025,2.039,2.0343,3
2074,g98e5,1.909,1.909,1.909,1.9090,2
2075,g95e5,1.819,1.819,1.819,1.8190,3
2075,gA,1.929,1.925,1.929,1.9277,3
2075,gP,2.039,2.035,2.039,2.0377,3
2075,g98e5,1.939,1.939,1.939,1.9390,3
2076,g95e5,1.819,1.819,1.819,1.8190,3
2076,gA,1.929,1.925,1.929,1.9277,3
2076,gP,2.039,2.035,2.039,2.0377,3
2076,g98e5,1.939,1.939,1.939,1.9390,3
2077,g95e5,1.599,1.579,1.599,1.5890,4
2077,gA,1.729,1.699,1.729,1.7115,4
2077,gP,1.779,1.749,1.779,1.7615,4
2077,g98e5,1.739,1.719,1.739,1.7290,4
2078,g95e5,1.739,1.729,1.739,1.7340,4
2078,gA,1.919,1.909,1.919,1.9140,4
2078,gP,1.969,1.959,1.969,1.9640,4
2078,g95e5p,1.789,1.779,1.789,1.7840,4
2079,g95e5,1.775,1.775,1.775,1.7750,3
2079,gA,1.969,1.965,1.969,1.9677,3
2079,g98e5,1.895,1.895,1.895,1.8950,3
2079,glp,1.145,1.145,1.145,1.1450,2
2079,gB,1.684,1.679,1.684,1.6823,3
2080,g95e5,1.769,1.769,1.769,1.7690,2
2080,gA,1.949,1.935,1.949,1.9443,3
2080,gP,2.039,2.025,2.039,2.0343,3
2080,g98e5,1.909,1.909,1.909,1.9090,2
2081,g95e5,1.775,1.775,1.775,1.7750,3
2081,gA,1.959,1.959,1.959,1.9590,3
2081,g98e5,1.895,1.895,1.895,1.8950,3
2081,g95e5p,1.855,1.855,1.855,1.8550,3
2081,glp,1.145,1.145,1.145,1.1450,2
2082,g95e5,1.779,1.779,1.779,1.7790,3
2082,gA,1.929,1.919,1.929,1.9223,3
2082,gP,1.989,1.979,1.989,1.9823,3
2083,g95e5,1.765,1.765,1.765,1.7650,3
2083,gA,1.965,1.959,1.965,1.9630,3
2084,g95e5,1.749,1.739,1.749,1.7465,4
2084,gA,1.955,1.929,1.955,1.9460,4
2084,g98e5,1.869,1.869,1.869,1.8690,3
2084,g95e5p,1.829,1.829,1.829,1.8290,3
2084,glp,1.139,1.139,1.139,1.1390,2
2085,g95e5,1.739,1.735,1.739,1.7370,4
2085,gA,1.929,1.929,1.929,1.9290,3
2085,gP,1.989,1.989,1.989,1.9890,3
2085,g98e5,1.909,1.909,1.909,1.9090,2
2087,g95e5,1.798,1.798,1.798,1.7980,3
2087,gA,1.938,1.938,1.938,1.9380,3
2087,gP,1.998,1.998,1.998,1.9980,3
2087,g98e5,1.978,1.978,1.978,1.9780,3
2089,g95e5,1.809,1.809,1.809,1.8090,2
2089,gA,1.919,1.909,1.919,1.9157,3
2089,g98e5,1.929,1.925,1.929,1.9277,3
2090,g95e5,1.795,1.795,1.795,1.7950,3
2090,gA,1.925,1.915,1.925,1.9217,3
2091,g95e5,1.694,1.694,1.694,1.6940,2
2091,gA,1.889,1.889,1.889,1.8890,2
2093,g95e5,1.509,1.499,1.509,1.5057,3
2093,gA,1.714,1.689,1.714,1.7023,3
2094,g95e5,1.759,1.759,1.759,1.7590,2
2094,gA,1.879,1.869,1.879,1.8757,3
2095,g95e5,1.769,1.769,1.769,1.7690,3
2095,gA,1.939,1.935,1.939,1.9377,3
2095,gP,1.999,1.995,1.999,1.9977,3
2095,g98e5,1.889,1.889,1.889,1.8890,3
2095,g95e5p,1.829,1.829,1.829,1.8290,3
2097,gA,1.929,1.929,1.929,1.9290,2
2097,gP,1.999,1.999,1.999,1.9990,2
2099,g95e5,1.719,1.719,1.735,1.7243,3
2099,gA,1.905,1.895,1.905,1.9017,3
2099,gP,1.965,1.955,1.965,1.9617,3
2099,g98e5,1.889,1.889,1.905,1.8943,3
2100,g95e5,1.784,1.784,1.784,1.7840,4
2100,gA,1.994,1.974,1.994,1.9873,3
2100,gP,2.064,2.044,2.064,2.0573,3
2100,g95e5p,1.904,1.904,1.904,1.9040,4
2102,g95e5,1.775,1.775,1.775,1.7750,3
2102,gA,1.869,1.869,1.869,1.8690,3
2102,gP,1.989,1.989,1.989,1.9890,3
2102,g98e5,1.895,1.895,1.895,1.8950,3
2104,g95e5,1.637,1.637,1.637,1.6370,2
2104,gA,1.787,1.787,1.787,1.7870,2
2104,gP,1.867,1.867,1.867,1.8670,2
2104,g98e5,1.737,1.737,1.737,1.7370,2
2107,g95e5,1.759,1.759,1.759,1.7590,3
2107,gA,1.889,1.889,1.889,1.8890,3
2107,gP,2.009,2.009,2.009,2.0090,3
2108,g95e5,1.775,1.775,1.775,1.7750,2
2108,gA,1.909,1.895,1.909,1.9010,3
2108,gP,1.999,1.987,1.999,1.9917,3
2108,g98e5,1.915,1.915,1.915,1.9150,2
2111,g95e5,1.699,1.699,1.699,1.6990,2
2111,gA,1.825,1.825,1.825,1.8250,2
2111,gP,1.825,1.825,1.825,1.8250,2
2111,g98e5,1.796,1.796,1.796,1.7960,2
2111,gB,1.495,1.495,1.495,1.4950,2
2112,gA,1.879,1.869,1.879,1.8757,3
2112,gP,1.969,1.959,1.969,1.9657,3
2114,g95e5,1.779,1.759,1.779,1.7690,2
2114,gA,1.919,1.889,1.919,1.9040,2
2114,gP,2.039,2.009,2.039,2.0240,2
2115,g95e5,1.679,1.679,1.679,1.6790,2
2115,gA,1.799,1.799,1.799,1.7990,3
2115,gP,1.839,1.839,1.839,1.8390,3
2115,g98e5,1.789,1.789,1.789,1.7890,2
2116,g95e5,1.764,1.764,1.764,1.7640,4
2116,gA,1.934,1.914,1.934,1.9273,3
2116,gP,2.014,1.994,2.014,2.0073,3
2116,g95e5p,1.854,1.854,1.854,1.8540,4
2116,gB,1.724,1.724,1.724,1.7240,2
2117,g95e5,1.765,1.765,1.765,1.7650,3
2117,gA,1.909,1.889,1.909,1.9023,3
2117,gP,1.989,1.969,1.989,1.9823,3
2117,gB,1.690,1.685,1.690,1.6883,3
2118,g95e5,1.795,1.795,1.795,1.7950,2
2118,gA,1.909,1.905,1.909,1.9070,2
2118,g98e5,1.915,1.915,1.915,1.9150,2
2120,gA,1.809,1.809,1.809,1.8090,2
2128,g95e5,1.735,1.735,1.735,1.7350,2
2128,g98e5,1.855,1.855,1.855,1.8550,2
2128,g95e5p,1.805,1.805,1.805,1.8050,2
2129,g95e5,1.735,1.735,1.735,1.7350,3
2129,gA,1.915,1.909,1.915,1.9130,3
2131,gA,1.929,1.929,1.929,1.9290,2
2131,g98e5,1.939,1.939,1.939,1.9390,2
2131,gB,1.789,1.789,1.789,1.7890,2
2132,g95e5,1.765,1.755,1.765,1.7617,3
2132,gA,1.919,1.919,1.929,1.9223,3
2132,g98e5,1.885,1.875,1.885,1.8817,3
2133,g95e5,1.735,1.735,1.735,1.7350,3
2133,gA,1.925,1.925,1.925,1.9250,3
2133,g98e5,1.855,1.855,1.855,1.8550,3
2134,g95e5,1.795,1.795,1.795,1.7950,3
2134,gA,1.909,1.905,1.909,1.9077,3
2134,g98e5,1.915,1.915,1.915,1.9150,3
2134,g95e5p,1.855,1.855,1.855,1.8550,3
2136,gA,1.709,1.709,1.709,1.7090,2
2136,gP,1.819,1.819,1.819,1.8190,2
2139,g95e5,1.559,1.559,1.559,1.5590,2
2139,gA,1.669,1.669,1.669,1.6690,2
2139,gP,1.669,1.669,1.669,1.6690,2
2139,g95e5p,1.559,1.559,1.559,1.5590,2
2140,g95e5,1.775,1.769,1.775,1.7730,3
2140,gA,1.909,1.909,1.909,1.9090,3
2140,g98e5,1.895,1.889,1.895,1.8930,3
2141,gA,1.919,1.919,1.919,1.9190,2
2143,g95e5,1.759,1.759,1.759,1.7590,3
2143,gA,1.889,1.889,1.889,1.8890,3
2143,gP,2.009,2.009,2.009,2.0090,3
2143,g98e5,1.879,1.879,1.879,1.8790,3
2144,gA,1.879,1.869,1.879,1.8757,3
2144,gP,1.969,1.959,1.969,1.9657,3
2148,g95e5,1.769,1.769,1.769,1.7690,3
2148,gA,1.909,1.909,1.909,1.9090,2
2148,gP,1.999,1.999,1.999,1.9990,2
2148,g98e5,1.909,1.909,1.909,1.9090,3
2149,g95e5,1.759,1.759,1.759,1.7590,2
2149,gA,1.885,1.885,1.885,1.8850,2
2151,g95e5,1.739,1.739,1.739,1.7390,3
2151,gA,1.889,1.889,1.889,1.8890,3
2152,gA,1.889,1.879,1.889,1.8840,2
2152,gB,1.639,1.629,1.639,1.6340,2
2153,g95e5,1.785,1.775,1.785,1.7817,3
2153,gA,1.919,1.909,1.919,1.9157,3
2153,gP,2.009,1.999,2.009,2.0057,3
2153,g98e5,1.925,1.915,1.925,1.9217,3
2156,g95e5,1.735,1.735,1.735,1.7350,3
2156,gA,1.915,1.909,1.915,1.9130,3
2156,g98e5,1.855,1.855,1.855,1.8550,3
2158,g95e5,1.775,1.775,1.775,1.7750,3
2158,gA,1.945,1.939,1.945,1.9430,3
2158,g98e5,1.895,1.895,1.895,1.8950,3
2160,g95e5,1.785,1.785,1.785,1.7850,3
2160,gA,1.879,1.875,1.879,1.8777,3
2160,g98e5,1.905,1.905,1.905,1.9050,3
2161,g95e5,1.735,1.735,1.739,1.7363,3
2161,gA,1.925,1.925,1.925,1.9250,3
2161,gP,1.985,1.985,1.985,1.9850,3
2161,g98e5,1.855,1.855,1.859,1.8563,3
2161,gB,1.674,1.669,1.674,1.6723,3
2167,g95e5,1.809,1.809,1.809,1.8090,2
2167,gA,1.929,1.929,1.929,1.9290,2
2167,gP,2.019,2.019,2.019,2.0190,2
2167,g98e5,1.929,1.929,1.929,1.9290,2
2169,g95e5,1.755,1.755,1.755,1.7550,3
2169,gA,1.909,1.885,1.909,1.8995,4
2169,g98e5,1.875,1.875,1.875,1.8750,3
2169,glp,1.125,1.125,1.125,1.1250,2
2171,g95e5,1.755,1.755,1.755,1.7550,3
2171,gA,1.899,1.895,1.899,1.8977,3
2171,gB,1.690,1.685,1.690,1.6883,3
2172,g95e5,1.775,1.775,1.775,1.7750,3
2172,gA,1.919,1.915,1.919,1.9177,3
2172,g98e5,1.895,1.895,1.895,1.8950,3
2173,g95e5,1.735,1.735,1.735,1.7350,3
2173,gA,1.915,1.909,1.915,1.9130,3
2173,g98e5,1.855,1.855,1.855,1.8550,3
2174,g95e5,1.735,1.735,1.755,1.7417,3
2174,gA,1.925,1.905,1.925,1.9185,4
2174,g98e5,1.855,1.855,1.875,1.8617,3
2178,gA,1.709,1.709,1.709,1.7090,2
2178,gP,1.819,1.819,1.819,1.8190,2
2179,g95e5,1.735,1.735,1.745,1.7383,3
2179,gA,1.925,1.919,1.925,1.9230,3
2179,g98e5,1.855,1.855,1.865,1.8583,3
2181,g95e5,1.759,1.759,1.759,1.7590,2
2181,gA,1.889,1.889,1.889,1.8890,2
2181,gP,2.009,2.009,2.009,2.0090,2
2181,g98e5,1.878,1.878,1.878,1.8780,2
2181,g95e5p,1.789,1.789,1.789,1.7890,2
2184,g95e5,1.759,1.759,1.759,1.7590,2
2184,gA,1.889,1.889,1.889,1.8890,2
2184,gP,2.009,2.009,2.009,2.0090,2
2184,g98e5,1.879,1.879,1.879,1.8790,2
2185,gA,1.879,1.879,1.879,1.8790,2
2185,gB,1.629,1.629,1.629,1.6290,2
2189,g95e5,1.735,1.735,1.739,1.7363,3
2189,gA,1.879,1.879,1.885,1.8810,3
2189,gP,1.949,1.949,1.955,1.9510,3
2189,g98e5,1.855,1.855,1.859,1.8563,3
2194,g95e5,1.739,1.739,1.739,1.7390,3
2194,gA,1.859,1.859,1.859,1.8590,3
2194,gP,1.949,1.949,1.949,1.9490,3
2194,gB,1.559,1.559,1.559,1.5590,3
2196,gA,1.934,1.934,1.934,1.9340,2
2196,gP,2.014,2.014,2.014,2.0140,2
2197,gA,1.934,1.934,1.934,1.9340,2
2197,gP,2.034,2.034,2.034,2.0340,2
2198,gA,1.924,1.924,1.924,1.9240,2
2198,gP,2.004,2.004,2.004,2.0040,2
2199,gA,1.934,1.914,1.934,1.9207,3
2199,gP,2.044,2.024,2.044,2.0307,3
2202,g95e5,1.699,1.699,1.699,1.6990,2
2202,gA,1.799,1.799,1.799,1.7990,2
2202,gP,1.839,1.839,1.839,1.8390,2
2204,g95e5,1.754,1.754,1.754,1.7540,4
2204,gA,1.944,1.924,1.944,1.9340,4
2204,gP,2.024,2.004,2.024,2.0140,4
2204,g95e5p,1.844,1.844,1.844,1.8440,4
2205,g95e5,1.774,1.774,1.774,1.7740,4
2205,gA,1.934,1.914,1.934,1.9273,3
2205,gP,2.014,1.994,2.014,2.0073,3
2205,g95e5p,1.864,1.864,1.864,1.8640,4
2206,g95e5,1.755,1.749,1.755,1.7530,3
2206,gA,1.899,1.879,1.899,1.8923,3
2206,gP,1.989,1.969,1.989,1.9823,3
2206,g98e5,1.895,1.889,1.895,1.8930,3
2207,g95e5,1.764,1.764,1.764,1.7640,4
2207,gA,1.934,1.914,1.934,1.9273,3
2207,gP,1.994,1.974,1.994,1.9873,3
2210,g95e5,1.769,1.769,1.769,1.7690,3
2210,gA,1.939,1.925,1.939,1.9343,3
2210,g98e5,1.939,1.939,1.939,1.9390,3
2210,g95e5p,1.829,1.829,1.829,1.8290,3
2210,glp,1.145,1.145,1.145,1.1450,2
2213,g95e5,1.769,1.759,1.769,1.7665,4
2213,gA,1.959,1.955,1.959,1.9570,4
2213,g98e5,1.939,1.939,1.939,1.9390,3
2213,g95e5p,1.849,1.849,1.849,1.8490,3
2213,glp,1.145,1.145,1.145,1.1450,2
2214,g95e5,1.759,1.755,1.759,1.7580,4
2214,gA,1.959,1.959,1.965,1.9610,3
2214,g98e5,1.879,1.879,1.879,1.8790,3
2214,g95e5p,1.829,1.829,1.829,1.8290,3
2215,g95e5,1.765,1.765,1.765,1.7650,3
2215,gA,1.955,1.955,1.955,1.9550,3
2215,g98e5,1.885,1.885,1.885,1.8850,3
2218,g95e5,1.759,1.759,1.759,1.7590,3
2218,gA,1.959,1.959,1.959,1.9590,2
2218,gP,2.019,2.019,2.019,2.0190,2
2218,g98e5,1.879,1.879,1.879,1.8790,3
2219,g95e5,1.755,1.739,1.755,1.7510,4
2219,gA,1.955,1.955,1.955,1.9550,4
2219,g98e5,1.875,1.875,1.875,1.8750,3
2221,g95e5,1.759,1.759,1.759,1.7590,3
2221,gA,1.929,1.915,1.929,1.9245,4
2221,g98e5,1.879,1.879,1.879,1.8790,3
2222,g95e5,1.735,1.735,1.735,1.7350,3
2222,gA,1.919,1.909,1.919,1.9155,4
2222,gP,1.979,1.975,1.979,1.9777,3
2223,g95e5,1.755,1.755,1.755,1.7550,3
2223,gA,1.955,1.949,1.955,1.9530,3
2223,g98e5,1.875,1.875,1.875,1.8750,3
2223,g95e5p,1.815,1.815,1.815,1.8150,3
2224,g95e5,1.775,1.769,1.775,1.7730,3
2224,gA,1.955,1.945,1.955,1.9517,3
2224,g98e5,1.915,1.909,1.915,1.9130,3
2225,g95e5,1.809,1.809,1.809,1.8090,2
2225,gA,1.915,1.909,1.915,1.9130,3
2225,gP,2.012,2.009,2.012,2.0110,3
2225,g98e5,1.929,1.929,1.929,1.9290,2
2226,g95e5,1.774,1.774,1.774,1.7740,4
2226,gA,1.974,1.954,1.974,1.9673,3
2226,gP,2.034,2.014,2.034,2.0273,3
2226,g95e5p,1.864,1.864,1.864,1.8640,4
2231,g95e5,1.845,1.845,1.845,1.8450,3
2231,gA,1.949,1.945,1.949,1.9477,3
2231,g98e5,1.965,1.965,1.965,1.9650,3
2231,glp,1.165,1.165,1.165,1.1650,2
2231,gB,1.750,1.745,1.750,1.7483,3
2232,g95e5,1.805,1.805,1.805,1.8050,2
2232,gA,1.899,1.899,1.899,1.8990,2
2232,g98e5,1.925,1.925,1.925,1.9250,2
2233,g95e5,1.769,1.769,1.769,1.7690,3
2233,gA,1.969,1.965,1.969,1.9677,3
2233,g98e5,1.889,1.889,1.889,1.8890,3
2234,g95e5,1.768,1.758,1.768,1.7613,3
2234,gA,1.948,1.934,1.948,1.9400,3
2234,gP,2.038,2.024,2.038,2.0300,3
2234,g98e5,1.908,1.898,1.908,1.9013,3
2235,gA,1.939,1.939,1.939,1.9390,3
2235,gP,2.039,2.039,2.039,2.0390,3
2237,g95e5,1.779,1.759,1.779,1.7730,4
2237,gA,1.955,1.929,1.955,1.9470,4
2237,g98e5,1.899,1.895,1.899,1.8977,3
2237,g95e5p,1.849,1.845,1.849,1.8477,3
2237,glp,1.105,1.105,1.105,1.1050,2
2238,g95e5,1.769,1.769,1.769,1.7690,3
2238,gA,1.959,1.959,1.959,1.9590,3
2238,g98e5,1.889,1.889,1.889,1.8890,3
2238,g95e5p,1.839,1.839,1.839,1.8390,3
2239,g95e5,1.749,1.739,1.749,1.7457,3
2239,gA,1.909,1.905,1.909,1.9077,3
2239,gP,1.969,1.965,1.969,1.9677,3
2239,g98e5,1.919,1.909,1.919,1.9157,3
2241,g95e5,1.779,1.775,1.779,1.7777,3
2241,gA,1.969,1.955,1.969,1.9655,4
2241,g98e5,1.929,1.929,1.929,1.9290,2
2241,glp,1.145,1.145,1.145,1.1450,2
2241,gB,1.670,1.665,1.670,1.6683,3
2242,g95e5,1.875,1.875,1.875,1.8750,3
2242,gA,1.965,1.948,1.965,1.9593,3
2242,g98e5,1.998,1.998,1.998,1.9980,3
2243,g95e5,1.769,1.765,1.769,1.7677,3
2243,gA,1.929,1.919,1.929,1.9257,3
2243,g98e5,1.889,1.885,1.889,1.8877,3
2246,gA,1.929,1.929,1.929,1.9290,2
2246,gP,1.999,1.999,1.999,1.9990,2
2248,g95e5,1.769,1.769,1.769,1.7690,2
2248,gA,1.949,1.939,1.949,1.9457,3
2248,gP,2.049,2.039,2.049,2.0457,3
2248,g98e5,1.859,1.859,1.859,1.8590,2
2248,gB,1.689,1.679,1.689,1.6857,3
2249,g95e5,1.815,1.805,1.815,1.8117,3
2249,gA,1.939,1.929,1.939,1.9357,3
2249,gP,2.029,2.019,2.029,2.0257,3
2249,g98e5,1.955,1.945,1.955,1.9517,3
2252,g95e5,1.674,1.669,1.674,1.6715,2
2252,g98e5,1.814,1.799,1.814,1.8073,3
2255,g95e5,1.785,1.769,1.785,1.7810,4
2255,gA,1.955,1.949,1.955,1.9530,3
2255,g98e5,1.905,1.905,1.905,1.9050,3
2255,glp,1.145,1.145,1.145,1.1450,2
2256,g95e5,1.735,1.735,1.735,1.7350,3
2256,gA,1.899,1.899,1.899,1.8990,3
2256,g98e5,1.885,1.885,1.885,1.8850,3
2257,g95e5,1.745,1.739,1.745,1.7430,3
2257,gA,1.905,1.899,1.905,1.9030,3
2257,g98e5,1.865,1.859,1.865,1.8630,3
2258,g95e5,1.639,1.629,1.639,1.6357,3
2258,gA,1.769,1.749,1.769,1.7623,3
2258,gP,1.829,1.809,1.829,1.8223,3
2259,g95e5,1.689,1.689,1.689,1.6890,2
2259,gA,1.799,1.784,1.799,1.7890,3
2259,gP,1.849,1.834,1.849,1.8390,3
2259,g98e5,1.809,1.809,1.809,1.8090,2
2260,g95e5,1.799,1.799,1.799,1.7990,3
2260,gA,1.939,1.919,1.939,1.9273,3
2260,gP,2.029,2.009,2.029,2.0173,3
2260,g98e5,1.919,1.919,1.919,1.9190,3
2261,g95e5,1.799,1.799,1.799,1.7990,3
2261,gA,1.939,1.919,1.939,1.9273,3
2261,gP,2.029,2.009,2.029,2.0173,3
2261,g98e5,1.919,1.919,1.919,1.9190,3
2265,g95e5,1.649,1.639,1.649,1.6440,4
2265,gA,1.779,1.759,1.779,1.7690,4
2265,gP,1.829,1.809,1.829,1.8190,4
2265,g98e5,1.859,1.849,1.859,1.8540,4
2266,g95e5,1.819,1.809,1.819,1.8157,3
2266,gA,1.929,1.919,1.929,1.9257,3
2266,gP,2.019,2.009,2.019,2.0157,3
2266,g98e5,1.959,1.949,1.959,1.9557,3
2267,g95e5,1.559,1.549,1.559,1.5540,2
2269,gA,1.917,1.917,1.917,1.9170,3
2270,g95e5,1.809,1.789,1.809,1.8023,3
2270,gA,1.905,1.905,1.909,1.9063,3
2270,gP,2.015,2.015,2.019,2.0163,3
2270,g98e5,1.929,1.909,1.929,1.9223,3
2271,g95e5,1.694,1.694,1.694,1.6940,2
2271,gA,1.839,1.839,1.839,1.8390,3
2273,g95e5,1.825,1.825,1.825,1.8250,3
2273,gA,1.939,1.925,1.939,1.9343,3
2273,gP,1.999,1.985,1.999,1.9943,3
2273,g98e5,1.945,1.945,1.945,1.9450,3
2273,g95e5p,1.895,1.895,1.895,1.8950,3
2273,glp,1.195,1.195,1.195,1.1950,2
2274,g95e5,1.759,1.759,1.759,1.7590,3
2274,gA,1.929,1.925,1.929,1.9277,3
2274,g98e5,1.879,1.879,1.879,1.8790,3
2275,g95e5,1.739,1.739,1.739,1.7390,3
2275,gA,1.959,1.959,1.959,1.9590,2
2275,gP,2.019,2.019,2.019,2.0190,2
2275,g98e5,1.909,1.909,1.909,1.9090,3
2276,g95e5,1.734,1.734,1.734,1.7340,4
2276,gA,1.894,1.874,1.894,1.8840,4
2276,gP,1.994,1.974,1.994,1.9840,4
2276,g95e5p,1.844,1.844,1.844,1.8440,4
2280,g95e5,1.763,1.757,1.763,1.7590,3
2280,gA,1.919,1.895,1.919,1.9030,3
2280,gP,1.969,1.945,1.969,1.9530,3
2280,gB,1.633,1.615,1.633,1.6210,3
2281,g95e5,1.770,1.770,1.770,1.7700,2
2281,gA,1.900,1.900,1.900,1.9000,2
2281,gP,1.960,1.960,1.960,1.9600,2
2281,gB,1.590,1.590,1.590,1.5900,2
2283,gA,1.779,1.749,1.779,1.7640,2
2285,g95e5,1.725,1.725,1.725,1.7250,3
2285,gA,1.915,1.909,1.915,1.9130,3
2285,g98e5,1.845,1.845,1.845,1.8450,3
2285,g95e5p,1.795,1.795,1.795,1.7950,3
2286,g95e5,1.844,1.844,1.844,1.8440,3
2286,gA,1.954,1.934,1.954,1.9473,3
2286,gP,2.054,2.034,2.054,2.0473,3
2287,g95e5,1.779,1.779,1.779,1.7790,3
2287,gA,1.929,1.909,1.929,1.9190,3
2288,g95e5,1.805,1.805,1.805,1.8050,3
2288,gA,1.915,1.899,1.915,1.9097,3
2288,gP,1.985,1.969,1.985,1.9797,3
2288,g98e5,1.925,1.925,1.925,1.9250,3
2290,g95e5,1.759,1.759,1.759,1.7590,3
2290,gA,1.959,1.959,1.959,1.9590,3
2290,g98e5,1.879,1.879,1.879,1.8790,3
2290,g95e5p,1.839,1.839,1.839,1.8390,3
2291,g95e5,1.789,1.789,1.789,1.7890,2
2291,gA,1.899,1.894,1.899,1.8965,2
2291,gP,1.989,1.984,1.989,1.9865,2
2291,g98e5,1.919,1.919,1.919,1.9190,2
2294,g95e5,1.765,1.745,1.765,1.7583,3
2294,gA,1.885,1.875,1.885,1.8817,3
2294,gP,1.945,1.935,1.945,1.9417,3
2294,g98e5,1.935,1.915,1.935,1.9283,3
2295,g95e5,1.749,1.749,1.749,1.7490,3
2295,gA,1.919,1.919,1.919,1.9190,3
2295,gP,1.999,1.999,1.999,1.9990,3
2295,g98e5,1.879,1.879,1.879,1.8790,3
2296,g95e5,1.745,1.745,1.745,1.7450,3
2296,gA,1.919,1.919,1.929,1.9215,4
2296,g98e5,1.865,1.865,1.865,1.8650,3
2296,g95e5p,1.815,1.815,1.815,1.8150,3
2297,g95e5,1.629,1.619,1.629,1.6240,2
2297,gA,1.729,1.699,1.729,1.7140,2
2297,gP,1.739,1.719,1.739,1.7290,2
2297,g95e5p,1.639,1.629,1.639,1.6340,2
2298,g95e5,1.775,1.775,1.775,1.7750,3
2298,gA,1.909,1.909,1.909,1.9090,2
2298,gP,1.969,1.969,1.969,1.9690,2
2298,g98e5,1.895,1.895,1.895,1.8950,3
2300,g95e5,1.759,1.759,1.769,1.7623,3
2300,gA,1.959,1.955,1.959,1.9577,3
2300,g98e5,1.879,1.879,1.889,1.8823,3
2300,g95e5p,1.839,1.839,1.849,1.8423,3
2300,glp,1.105,1.105,1.105,1.1050,2
2301,g95e5,1.755,1.755,1.755,1.7550,4
2301,gA,1.955,1.955,1.955,1.9550,3
2304,g95e5,1.799,1.799,1.799,1.7990,3
2304,gA,1.919,1.919,1.925,1.9210,3
2304,g98e5,1.919,1.919,1.919,1.9190,3
2305,g95e5,1.775,1.775,1.779,1.7763,3
2305,gA,1.959,1.959,1.959,1.9590,3
2305,g98e5,1.895,1.895,1.899,1.8963,3
2306,g95e5,1.769,1.769,1.769,1.7690,2
2306,gA,1.969,1.949,1.969,1.9623,3
2306,gP,2.059,2.039,2.059,2.0523,3
2306,g98e5,1.909,1.909,1.909,1.9090,2
2307,g95e5,1.749,1.749,1.749,1.7490,3
2307,gA,1.955,1.949,1.955,1.9530,3
2307,gP,2.015,2.009,2.015,2.0130,3
2307,g98e5,1.869,1.869,1.869,1.8690,3
2308,g95e5,1.765,1.765,1.779,1.7743,3
2308,gA,1.955,1.939,1.955,1.9443,3
2308,g98e5,1.935,1.909,1.935,1.9177,3
2308,g95e10,1.865,1.829,1.865,1.8410,3
2309,g95e5,1.815,1.805,1.815,1.8125,4
2309,gA,1.919,1.915,1.919,1.9177,3
2309,gP,1.979,1.975,1.979,1.9777,3
2309,g98e5,1.935,1.935,1.935,1.9350,3
2309,g95e5p,1.885,1.885,1.885,1.8850,3
2309,glp,1.165,1.165,1.165,1.1650,2
2310,gA,1.719,1.689,1.719,1.7040,2
2310,gP,1.729,1.699,1.729,1.7140,2
2311,g95e5,1.799,1.795,1.799,1.7980,4
2311,gA,1.905,1.905,1.925,1.9150,4
2311,gP,1.965,1.965,1.985,1.9717,3
2311,g98e5,1.919,1.919,1.919,1.9190,3
2311,g95e5p,1.869,1.869,1.869,1.8690,3
2311,glp,1.195,1.195,1.195,1.1950,2
2312,g95e5,1.755,1.755,1.755,1.7550,3
2312,gA,1.959,1.959,1.959,1.9590,2
2312,gP,2.019,2.019,2.019,2.0190,2
2312,g98e5,1.925,1.925,1.925,1.9250,3
2313,g95e5,1.769,1.769,1.769,1.7690,3
2313,gA,1.894,1.894,1.894,1.8940,3
2313,gP,1.984,1.984,1.984,1.9840,3
2315,g95e5,1.589,1.589,1.589,1.5890,2
2315,gA,1.759,1.739,1.759,1.7490,2
2316,g95e5,1.819,1.785,1.819,1.8055,4
2316,gA,1.915,1.915,1.919,1.9163,3
2316,gP,2.025,2.025,2.029,2.0263,3
2316,g98e5,1.939,1.919,1.939,1.9323,3
2316,gB,1.720,1.715,1.720,1.7183,3
2318,g95e5,1.755,1.745,1.755,1.7517,3
2318,gA,1.955,1.935,1.955,1.9483,3
2318,gP,2.045,2.025,2.045,2.0383,3
2318,g98e5,1.895,1.885,1.895,1.8917,3
2322,g95e5,1.765,1.765,1.765,1.7650,3
2322,gA,1.955,1.955,1.955,1.9550,3
2322,g98e5,1.935,1.935,1.935,1.9350,3
2323,g95e5,1.765,1.765,1.765,1.7650,3
2323,gA,1.959,1.955,1.959,1.9577,3
2323,g98e5,1.935,1.935,1.935,1.9350,3
2323,glp,1.119,1.119,1.119,1.1190,2
2324,gA,1.979,1.979,1.979,1.9790,2
2326,g95e5,1.765,1.765,1.765,1.7650,3
2326,gA,1.959,1.959,1.959,1.9590,2
2326,g98e5,1.935,1.935,1.935,1.9350,3
2328,g95e5,1.735,1.729,1.735,1.7330,3
2328,gA,1.905,1.899,1.905,1.9030,3
2328,gP,1.965,1.959,1.965,1.9630,3
2328,g98e5,1.905,1.899,1.905,1.9030,3
2330,g95e5,1.805,1.805,1.805,1.8050,3
2330,gA,1.899,1.899,1.909,1.9023,3
2330,gP,1.959,1.959,1.969,1.9623,3
2330,g98e5,1.925,1.925,1.925,1.9250,3
2331,g95e5,1.749,1.749,1.749,1.7490,3
2331,gA,1.959,1.955,1.959,1.9577,3
2331,g98e5,1.869,1.869,1.869,1.8690,3
2332,g95e5,1.789,1.779,1.789,1.7865,4
2332,gA,1.899,1.879,1.899,1.8930,4
2332,g98e5,1.909,1.909,1.909,1.9090,3
2332,glp,1.165,1.165,1.165,1.1650,2
2333,g95e5,1.779,1.779,1.779,1.7790,2
2333,gA,1.965,1.945,1.965,1.9583,3
2333,gP,2.055,2.035,2.055,2.0483,3
2333,g98e5,1.919,1.919,1.919,1.9190,2
2334,gA,1.959,1.959,1.965,1.9610,3
2335,g95e5,1.769,1.765,1.769,1.7677,3
2335,gA,1.955,1.945,1.955,1.9517,3
2335,g98e5,1.889,1.885,1.889,1.8877,3
2336,g95e5,1.735,1.735,1.735,1.7350,2
2336,gA,1.875,1.875,1.875,1.8750,2
2336,gP,1.935,1.935,1.935,1.9350,2
2336,g98e5,1.855,1.855,1.855,1.8550,2
2337,g95e5,1.769,1.769,1.769,1.7690,3
2337,gA,1.949,1.949,1.949,1.9490,3
2337,g98e5,1.909,1.909,1.909,1.9090,3
2337,g95e5p,1.819,1.819,1.819,1.8190,3
2339,g95e5,1.779,1.779,1.779,1.7790,2
2339,gA,1.959,1.959,1.959,1.9590,2
2339,gP,2.079,2.079,2.079,2.0790,2
2339,g98e5,1.929,1.929,1.929,1.9290,2
2340,g95e5,1.774,1.774,1.774,1.7740,3
2340,gA,1.984,1.964,1.984,1.9740,4
2340,gP,2.064,2.044,2.064,2.0540,4
2340,g95e5p,1.894,1.894,1.894,1.8940,3
2341,g95e5,1.815,1.805,1.815,1.8125,4
2341,gA,1.929,1.929,1.939,1.9315,4
2341,g98e5,1.935,1.935,1.935,1.9350,3
2341,glp,1.165,1.165,1.165,1.1650,2
2341,gB,1.734,1.729,1.734,1.7323,3
2342,g95e5,1.749,1.749,1.749,1.7490,3
2342,gA,1.959,1.955,1.959,1.9577,3
2342,g98e5,1.919,1.919,1.919,1.9190,3
2343,gA,1.839,1.839,1.839,1.8390,2
2343,gP,1.899,1.899,1.899,1.8990,2
2343,g98e5,1.899,1.899,1.899,1.8990,2
2344,g95e5,1.759,1.749,1.759,1.7565,4
2344,gA,1.959,1.955,1.959,1.9577,3
2344,g98e5,1.879,1.879,1.879,1.8790,3
2344,glp,1.105,1.105,1.105,1.1050,2
2345,g95e5,1.765,1.765,1.765,1.7650,3
2345,gA,1.899,1.895,1.899,1.8977,3
2345,gP,1.959,1.955,1.959,1.9577,3
2345,g98e5,1.885,1.885,1.885,1.8850,3
2346,g95e5,1.765,1.765,1.765,1.7650,3
2346,gA,1.899,1.895,1.899,1.8977,3
2346,gP,1.959,1.955,1.959,1.9577,3
2346,g98e5,1.885,1.885,1.885,1.8850,3
2347,g95e5,1.749,1.749,1.749,1.7490,3
2347,gA,1.919,1.919,1.919,1.9190,3
2347,gP,1.999,1.999,1.999,1.9990,3
2347,g98e5,1.879,1.879,1.879,1.8790,3
2349,g95e5,1.725,1.725,1.725,1.7250,3
2349,gA,1.915,1.905,1.915,1.9117,3
2349,gP,1.975,1.965,1.975,1.9717,3
2349,g98e5,1.895,1.895,1.895,1.8950,3
2349,g95e5p,1.785,1.785,1.785,1.7850,3
2350,g95e5,1.719,1.709,1.725,1.7180,4
2350,gA,1.895,1.875,1.895,1.8883,3
2350,g98e5,1.839,1.839,1.845,1.8410,3
2350,g95e5p,1.789,1.789,1.795,1.7910,3
2350,gB,1.560,1.555,1.560,1.5583,3
2352,g95e5,1.815,1.815,1.815,1.8150,3
2352,gP,2.005,2.005,2.005,2.0050,3
2352,g98e5,1.935,1.935,1.935,1.9350,3
2354,g95e5,1.789,1.779,1.789,1.7857,3
2354,gA,1.939,1.939,1.939,1.9390,2
2354,gP,2.029,2.029,2.029,2.0290,2
2354,g98e5,1.929,1.919,1.929,1.9257,3
2359,g95e5,1.745,1.745,1.745,1.7450,3
2359,gA,1.885,1.885,1.885,1.8850,3
2359,g98e5,1.915,1.915,1.915,1.9150,3
2359,gB,1.689,1.689,1.689,1.6890,3
2360,gA,1.888,1.888,1.888,1.8880,3
2361,gA,1.888,1.888,1.888,1.8880,3
2364,g95e5,1.765,1.765,1.769,1.7663,3
2364,gA,1.905,1.899,1.905,1.9030,3
2364,gP,1.985,1.979,1.985,1.9830,3
2364,g98e5,1.885,1.885,1.889,1.8863,3
2364,glp,1.169,1.169,1.169,1.1690,2
2365,g95e5,1.775,1.775,1.775,1.7750,3
2365,gA,1.919,1.915,1.919,1.9177,3
2365,g98e5,1.895,1.895,1.895,1.8950,3
2366,gP,1.969,1.969,1.969,1.9690,3
2366,g98e5,1.939,1.939,1.939,1.9390,3
2367,g95e5,1.775,1.775,1.775,1.7750,3
2367,gA,1.909,1.909,1.919,1.9123,3
2367,g98e5,1.895,1.895,1.895,1.8950,3
2367,g95e5p,1.855,1.855,1.855,1.8550,3
2367,glp,1.185,1.185,1.185,1.1850,2
2369,g95e5,1.729,1.729,1.735,1.7310,3
2369,gA,1.895,1.885,1.895,1.8917,3
2370,g95e5,1.759,1.759,1.759,1.7590,3
2370,gA,1.889,1.885,1.889,1.8877,3
2370,g98e5,1.929,1.929,1.929,1.9290,3
2371,g95e5,1.755,1.755,1.755,1.7550,3
2371,gA,1.905,1.895,1.905,1.9017,3
2372,g95e5,1.729,1.729,1.729,1.7290,2
2372,gA,1.879,1.875,1.879,1.8770,2
2372,gP,1.989,1.985,1.989,1.9870,2
2377,g95e5,1.765,1.765,1.765,1.7650,3
2377,gA,1.899,1.889,1.899,1.8955,4
2377,g98e5,1.885,1.885,1.885,1.8850,3
2377,g95e5p,1.845,1.845,1.845,1.8450,3
2378,g95e5,1.765,1.765,1.765,1.7650,3
2378,gA,1.899,1.889,1.899,1.8955,4
2378,gP,1.979,1.975,1.979,1.9777,3
2378,g98e5,1.885,1.885,1.885,1.8850,3
2378,g95e5p,1.845,1.845,1.845,1.8450,3
2379,g95e5,1.765,1.765,1.765,1.7650,3
2379,gA,1.899,1.889,1.899,1.8955,4
2379,g98e5,1.885,1.885,1.885,1.8850,3
2380,g95e5,1.765,1.755,1.765,1.7625,4
2380,gA,1.899,1.895,1.899,1.8977,3
2380,gP,1.979,1.975,1.979,1.9777,3
2380,g98e5,1.885,1.885,1.885,1.8850,3
2380,g95e5p,1.845,1.845,1.845,1.8450,3
2381,g95e5,1.765,1.765,1.765,1.7650,3
2381,gA,1.899,1.889,1.899,1.8955,4
2381,gP,1.979,1.975,1.979,1.9777,3
2381,g98e5,1.885,1.885,1.885,1.8850,3
2381,g95e5p,1.845,1.845,1.845,1.8450,3
2382,g95e5,1.734,1.734,1.734,1.7340,4
2382,gA,1.904,1.884,1.904,1.8973,3
2382,gP,2.024,2.004,2.024,2.0173,3
2382,g95e5p,1.844,1.844,1.844,1.8440,4
2382,gB,1.704,1.704,1.704,1.7040,2
2383,g95e5,1.729,1.729,1.729,1.7290,3
2383,gA,1.899,1.885,1.899,1.8943,3
2383,gP,2.009,1.995,2.009,2.0043,3
2383,gB,1.704,1.699,1.704,1.7023,3
2384,gA,1.939,1.939,1.939,1.9390,2
2385,g95e5,1.789,1.789,1.789,1.7890,2
2385,gA,1.939,1.939,1.939,1.9390,2
2386,gP,1.969,1.969,1.969,1.9690,3
2386,g98e5,1.939,1.939,1.939,1.9390,3
2387,gP,1.969,1.969,1.969,1.9690,3
2388,g95e5,1.709,1.709,1.709,1.7090,2
2388,gP,1.869,1.859,1.879,1.8690,3
2390,g95e5,1.765,1.765,1.765,1.7650,3
2390,gA,1.905,1.905,1.909,1.9063,3
2390,gP,2.015,2.015,2.019,2.0163,3
2390,g98e5,1.935,1.935,1.935,1.9350,3
2391,g95e5,1.759,1.759,1.759,1.7590,3
2391,gA,1.889,1.885,1.889,1.8877,3
2391,g98e5,1.929,1.929,1.929,1.9290,3
2391,gB,1.700,1.695,1.700,1.6983,3
2392,g95e5,1.729,1.729,1.729,1.7290,3
2392,gA,1.909,1.909,1.915,1.9110,3
2393,g95e5,1.729,1.729,1.729,1.7290,3
2393,gA,1.879,1.875,1.879,1.8777,3
2393,gP,1.989,1.985,1.989,1.9877,3
2393,gB,1.704,1.699,1.704,1.7023,3
2396,g95e5,1.749,1.749,1.749,1.7490,3
2396,gA,1.885,1.885,1.885,1.8850,3
2397,g95e5,1.745,1.745,1.749,1.7463,3
2397,gA,1.909,1.889,1.909,1.9023,3
2397,gP,2.019,1.999,2.019,2.0123,3
2397,gB,1.664,1.659,1.664,1.6623,3
2406,g95e5,1.611,1.611,1.611,1.6110,2
2406,gA,1.711,1.711,1.711,1.7110,2
2406,gB,1.435,1.435,1.435,1.4350,2
2409,g95e5,1.829,1.829,1.829,1.8290,2
2410,g95e5,1.829,1.829,1.829,1.8290,3
2410,gA,1.969,1.959,1.969,1.9657,3
2410,g98e5,1.969,1.969,1.969,1.9690,3
2411,g95e5,1.839,1.839,1.839,1.8390,3
2411,gA,1.979,1.979,1.979,1.9790,3
2411,gP,2.070,2.070,2.070,2.0700,3
2411,g98e5,2.000,2.000,2.000,2.0000,3
2413,g95e5,1.799,1.799,1.799,1.7990,3
2413,gA,1.889,1.889,1.889,1.8890,3
2413,gP,1.979,1.979,1.979,1.9790,3
2413,g98e5,1.919,1.919,1.919,1.9190,3
2414,g95e5,1.769,1.769,1.769,1.7690,2
2414,g98e5,1.909,1.909,1.909,1.9090,2
2417,g95e5,1.819,1.819,1.819,1.8190,2
2417,gA,1.929,1.926,1.929,1.9275,2
2417,gP,2.026,2.021,2.026,2.0235,2
2417,g98e5,1.965,1.965,1.965,1.9650,2
2418,g95e5,1.775,1.775,1.775,1.7750,2
2418,gA,1.975,1.955,1.975,1.9683,3
2418,gP,2.065,2.045,2.065,2.0583,3
2418,g98e5,1.915,1.915,1.915,1.9150,2
2419,g95e5,1.629,1.599,1.629,1.6190,3
2419,gA,1.759,1.759,1.759,1.7590,3
2419,gP,1.789,1.789,1.789,1.7890,3
2419,g98e5,1.779,1.759,1.779,1.7723,3
2419,gB,1.450,1.450,1.450,1.4500,3
2421,g95e5,1.709,1.709,1.709,1.7090,3
2421,gA,1.955,1.939,1.955,1.9463,3
2421,gP,2.045,2.029,2.045,2.0363,3
2423,g95e5,1.769,1.759,1.769,1.7665,4
2423,gA,1.959,1.929,1.959,1.9490,4
2423,g98e5,1.889,1.889,1.889,1.8890,3
2423,glp,1.105,1.105,1.105,1.1050,2
2425,g95e5,1.769,1.769,1.769,1.7690,2
2425,gA,1.949,1.935,1.949,1.9443,3
2425,gP,2.039,2.025,2.039,2.0343,3
2425,g98e5,1.909,1.909,1.909,1.9090,2
2426,g95e5,1.789,1.779,1.789,1.7865,4
2426,gA,1.919,1.899,1.919,1.9130,4
2426,g98e5,1.909,1.909,1.909,1.9090,3
2431,g95e5,1.809,1.809,1.809,1.8090,2
2431,gA,1.909,1.909,1.909,1.9090,2
2431,gP,1.989,1.989,1.989,1.9890,2
2431,g98e5,1.939,1.929,1.939,1.9357,3
2434,g95e5,1.779,1.779,1.779,1.7790,2
2434,gA,1.935,1.935,1.935,1.9350,2
2434,gP,1.995,1.995,1.995,1.9950,2
2439,g95e5,1.631,1.619,1.631,1.6250,2
2439,gP,1.999,1.979,1.999,1.9890,2
2439,g98e5,1.994,1.970,1.994,1.9820,2
2440,g95e5,1.829,1.829,1.829,1.8290,2
2440,gA,1.934,1.934,1.934,1.9340,3
2440,gP,2.024,2.024,2.024,2.0240,3
2440,g98e5,1.969,1.969,1.969,1.9690,2
2441,g95e5,1.765,1.749,1.765,1.7597,3
2441,gA,1.949,1.929,1.949,1.9423,3
2441,gP,2.039,2.019,2.039,2.0323,3
2441,g98e5,1.905,1.889,1.905,1.8997,3
2442,g95e5,1.765,1.765,1.765,1.7650,3
2442,gA,1.949,1.945,1.949,1.9477,3
2442,gP,2.009,2.005,2.009,2.0077,3
2442,g98e5,1.935,1.935,1.935,1.9350,3
2445,g95e5,1.809,1.809,1.809,1.8090,2
2445,gA,1.919,1.909,1.919,1.9157,3
2445,gP,1.989,1.979,1.989,1.9857,3
2445,g98e5,1.929,1.929,1.929,1.9290,2
2446,g95e5,1.815,1.815,1.815,1.8150,4
2446,gA,1.919,1.919,1.919,1.9190,4
2446,gP,1.999,1.999,1.999,1.9990,4
2446,g98e5,1.955,1.955,1.955,1.9550,4
2447,g95e5,1.799,1.799,1.799,1.7990,3
2447,gA,1.939,1.929,1.939,1.9323,3
2447,g98e5,1.999,1.999,1.999,1.9990,3
2449,g95e5,1.789,1.779,1.789,1.7865,4
2449,gA,1.919,1.899,1.919,1.9130,4
2449,g98e5,1.909,1.909,1.909,1.9090,3
2449,g95e5p,1.859,1.859,1.859,1.8590,3
2449,glp,1.115,1.115,1.115,1.1150,2
2452,g95e5,1.759,1.759,1.759,1.7590,3
2452,gA,1.959,1.959,1.965,1.9610,3
2452,g98e5,1.879,1.879,1.879,1.8790,3
2452,glp,1.105,1.105,1.105,1.1050,2
2453,g95e5,1.765,1.765,1.765,1.7650,3
2453,gA,1.895,1.889,1.895,1.8930,3
2453,gP,1.955,1.949,1.955,1.9530,3
2453,g98e5,1.935,1.935,1.935,1.9350,3
2453,gB,1.560,1.555,1.560,1.5583,3
2455,g95e5,1.599,1.589,1.599,1.5940,2
2455,gA,1.759,1.729,1.759,1.7440,2
2455,gP,1.769,1.749,1.769,1.7590,2
2455,g95e5p,1.609,1.599,1.609,1.6040,2
2456,gA,1.959,1.959,1.959,1.9590,4
2457,gA,1.959,1.959,1.959,1.9590,4
2458,g95e5,1.735,1.735,1.739,1.7363,3
2458,gA,1.909,1.909,1.909,1.9090,3
2458,gP,1.969,1.969,1.969,1.9690,3
2458,g98e5,1.855,1.855,1.859,1.8563,3
2460,g95e5,1.755,1.745,1.755,1.7517,3
2460,gA,1.925,1.925,1.925,1.9250,3
2460,gP,1.985,1.985,1.985,1.9850,3
2460,g98e5,1.875,1.865,1.875,1.8717,3
2461,g95e5,1.775,1.775,1.775,1.7750,3
2461,gA,1.939,1.929,1.939,1.9357,3
2461,gP,1.999,1.989,1.999,1.9957,3
2461,g98e5,1.895,1.895,1.895,1.8950,3
2461,gB,1.604,1.599,1.604,1.6023,3
2462,g95e5,1.809,1.809,1.815,1.8110,3
2462,gA,1.935,1.935,1.949,1.9397,3
2462,gP,2.045,2.045,2.059,2.0497,3
2462,g98e5,1.929,1.929,1.935,1.9310,3
2464,g95e5,1.769,1.769,1.769,1.7690,3
2464,gA,1.899,1.899,1.899,1.8990,3
2464,g98e5,1.879,1.879,1.879,1.8790,3
2465,g95e5,1.759,1.759,1.759,1.7590,2
2465,gA,1.919,1.919,1.919,1.9190,2
2465,g98e5,1.899,1.899,1.899,1.8990,2
2467,g95e5,1.769,1.769,1.769,1.7690,3
2467,gA,1.959,1.955,1.959,1.9570,4
2467,g98e5,1.889,1.889,1.889,1.8890,3
2470,g95e5,1.765,1.759,1.769,1.7645,4
2470,gA,1.955,1.955,1.955,1.9550,3
2470,g98e5,1.885,1.885,1.889,1.8863,3
2470,g95e5p,1.835,1.835,1.839,1.8363,3
2472,g95e5,1.745,1.745,1.745,1.7450,3
2472,gA,1.959,1.959,1.965,1.9610,3
2472,g98e5,1.865,1.865,1.865,1.8650,3
2473,g95e5,1.779,1.779,1.779,1.7790,3
2473,gA,1.909,1.905,1.909,1.9077,3
2473,gP,1.969,1.965,1.969,1.9677,3
2473,g98e5,1.899,1.899,1.899,1.8990,3
2474,g95e5,1.779,1.769,1.779,1.7765,4
2474,gA,1.909,1.899,1.909,1.9055,4
2474,gP,1.969,1.965,1.969,1.9677,3
2474,g98e5,1.899,1.899,1.899,1.8990,3
2475,g95e5,1.789,1.789,1.789,1.7890,3
2475,gA,1.919,1.909,1.919,1.9157,3
2475,gP,2.012,2.009,2.012,2.0110,3
2475,g98e5,1.909,1.909,1.909,1.9090,3
2476,g95e5,1.809,1.809,1.809,1.8090,2
2476,gA,1.909,1.909,1.909,1.9090,3
2476,g98e5,1.929,1.929,1.929,1.9290,2
2477,g95e5,1.815,1.805,1.815,1.8125,4
2477,gA,1.949,1.925,1.949,1.9420,4
2478,g95e5,1.809,1.799,1.809,1.8065,4
2478,gA,1.919,1.915,1.919,1.9177,3
2478,gP,2.029,2.025,2.029,2.0277,3
2478,g98e5,1.979,1.979,1.979,1.9790,3
2479,g95e5,1.829,1.829,1.829,1.8290,3
2479,gA,1.979,1.979,1.979,1.9790,3
2479,g98e5,1.999,1.999,1.999,1.9990,3
2480,g95e5,1.765,1.765,1.765,1.7650,3
2480,gA,1.955,1.955,1.955,1.9550,3
2480,g98e5,1.935,1.935,1.935,1.9350,3
2481,g95e5,1.775,1.775,1.775,1.7750,3
2481,gA,1.935,1.929,1.935,1.9330,3
2481,g98e5,1.895,1.895,1.895,1.8950,3
2483,g95e5,1.745,1.745,1.755,1.7483,3
2483,gA,1.905,1.905,1.905,1.9050,3
2483,gP,1.965,1.965,1.965,1.9650,3
2483,g98e5,1.915,1.915,1.925,1.9183,3
2483,gB,1.604,1.599,1.604,1.6023,3
2485,g95e5,1.769,1.759,1.769,1.7665,4
2485,gA,1.959,1.959,1.959,1.9590,3
2485,g98e5,1.889,1.889,1.889,1.8890,3
2485,g95e5p,1.829,1.829,1.829,1.8290,3
2485,glp,1.145,1.145,1.145,1.1450,2
2487,g95e5,1.660,1.660,1.660,1.6600,2
2487,gA,1.820,1.820,1.820,1.8200,2
2487,gP,1.870,1.870,1.870,1.8700,2
2488,g95e5,1.769,1.769,1.769,1.7690,3
2488,gA,1.965,1.959,1.965,1.9630,3
2488,g98e5,1.889,1.889,1.889,1.8890,3
2489,g95e5,1.755,1.735,1.755,1.7500,4
2489,gA,1.929,1.919,1.929,1.9255,4
2489,gP,1.989,1.985,1.989,1.9877,3
2489,g98e5,1.875,1.875,1.875,1.8750,3
2489,glp,1.105,1.105,1.105,1.1050,2
2490,gA,1.709,1.709,1.709,1.7090,2
2490,gP,1.819,1.819,1.819,1.8190,2
2492,g95e5,1.845,1.845,1.845,1.8450,3
2492,gA,1.945,1.945,1.945,1.9450,3
2492,g98e5,1.965,1.965,1.965,1.9650,3
2494,g95e5,1.765,1.765,1.765,1.7650,2
2494,gA,1.939,1.918,1.939,1.9320,3
2494,gP,2.029,2.009,2.029,2.0223,3
2494,g98e5,1.905,1.905,1.905,1.9050,2
2495,g95e5,1.719,1.719,1.719,1.7190,3
2495,gA,1.885,1.875,1.885,1.8817,3
2495,gP,1.945,1.935,1.945,1.9417,3
2495,g98e5,1.889,1.889,1.889,1.8890,3
2496,g95e5,1.809,1.805,1.809,1.8063,3
2496,gA,1.919,1.899,1.919,1.9057,3
2496,gP,1.989,1.989,1.989,1.9890,3
2496,g98e5,1.929,1.925,1.929,1.9263,3
2497,g95e5,1.755,1.755,1.755,1.7550,3
2497,gA,1.959,1.955,1.959,1.9577,3
2497,gP,2.019,2.015,2.019,2.0177,3
2498,g95e5,1.779,1.779,1.779,1.7790,2
2498,gA,1.919,1.919,1.919,1.9190,2
2499,g95e5,1.819,1.819,1.819,1.8190,2
2500,gA,1.915,1.915,1.915,1.9150,2
2500,gP,1.975,1.975,1.975,1.9750,2
2501,g95e5,1.779,1.779,1.779,1.7790,3
2501,gA,1.935,1.929,1.935,1.9330,3
2501,g98e5,1.899,1.899,1.899,1.8990,3
2501,glp,1.145,1.145,1.145,1.1450,2
2502,g95e5,1.775,1.769,1.775,1.7730,3
2502,gA,1.909,1.909,1.925,1.9143,3
2502,g98e5,1.895,1.889,1.895,1.8930,3
2503,g95e5,1.845,1.845,1.845,1.8450,3
2503,gA,1.905,1.905,1.905,1.9050,2
2503,gP,1.975,1.975,1.995,1.9817,3
2503,g98e5,1.965,1.965,1.965,1.9650,3
2504,g95e5,1.539,1.539,1.539,1.5390,2
2504,gA,1.769,1.769,1.769,1.7690,2
2504,gP,1.879,1.879,1.879,1.8790,2
2504,g98e5,1.679,1.679,1.679,1.6790,2
2504,gB,1.560,1.555,1.560,1.5583,3
2507,g95e5,1.765,1.765,1.765,1.7650,3
2507,gA,1.945,1.939,1.945,1.9430,3
2507,g98e5,1.935,1.935,1.935,1.9350,3
2508,g95e5,1.744,1.744,1.744,1.7440,3
2508,gA,1.974,1.954,1.974,1.9673,3
2508,gP,2.054,2.034,2.054,2.0473,3
2508,g95e5p,1.864,1.864,1.864,1.8640,3
2509,g95e5,1.779,1.769,1.779,1.7765,4
2509,gA,1.959,1.955,1.959,1.9577,3
2510,g95e5,1.779,1.769,1.779,1.7765,4
2510,gA,1.959,1.949,1.959,1.9555,4
2510,g98e5,1.899,1.899,1.899,1.8990,3
2510,g95e5p,1.849,1.849,1.849,1.8490,3
2511,g95e5,1.805,1.805,1.805,1.8050,3
2511,gA,1.915,1.899,1.915,1.9097,3
2511,gP,1.985,1.969,1.985,1.9797,3
2511,g98e5,1.925,1.925,1.925,1.9250,3
2511,gB,1.734,1.729,1.734,1.7323,3
2512,g95e5,1.805,1.805,1.805,1.8050,3
2512,gA,1.915,1.899,1.915,1.9097,3
2512,gP,1.985,1.969,1.985,1.9797,3
2512,g98e5,1.925,1.925,1.925,1.9250,3
2512,gB,1.734,1.729,1.734,1.7323,3
2513,g95e5,1.815,1.815,1.815,1.8150,3
2513,gA,1.919,1.915,1.919,1.9177,3
2513,gP,2.029,2.025,2.029,2.0277,3
2513,g98e5,1.935,1.935,1.935,1.9350,3
2513,glp,1.165,1.165,1.165,1.1650,2
2514,g95e5,1.725,1.719,1.725,1.7230,3
2514,gA,1.895,1.895,1.895,1.8950,2
2514,gP,1.955,1.949,1.955,1.9530,3
2514,g98e5,1.895,1.889,1.895,1.8930,3
2514,gB,1.565,1.565,1.565,1.5650,2
2515,g95e5,1.729,1.719,1.729,1.7265,4
2515,gA,1.959,1.955,1.959,1.9577,3
2515,g98e5,1.849,1.849,1.849,1.8490,3
2515,glp,1.145,1.145,1.145,1.1450,2
2516,g95e5,1.729,1.719,1.729,1.7265,4
2516,gA,1.959,1.949,1.959,1.9555,4
2516,gP,2.019,2.015,2.019,2.0177,3
2516,g98e5,1.849,1.849,1.849,1.8490,3
2517,g95e5,1.755,1.755,1.759,1.7563,3
2517,gA,1.955,1.939,1.955,1.9497,3
2517,g98e5,1.875,1.875,1.879,1.8763,3
2518,g95e5,1.769,1.769,1.769,1.7690,2
2518,gA,1.959,1.949,1.959,1.9540,2
2518,gP,2.079,2.069,2.079,2.0740,2
2518,g98e5,1.889,1.889,1.889,1.8890,2
2519,g95e5,1.845,1.845,1.845,1.8450,3
2519,gA,1.949,1.949,1.949,1.9490,3
2519,g98e5,1.965,1.965,1.965,1.9650,3
2520,g95e5,1.809,1.809,1.809,1.8090,3
2520,gA,1.909,1.909,1.909,1.9090,2
2520,gP,1.999,1.999,2.015,2.0043,3
2520,g98e5,1.979,1.979,1.979,1.9790,3
2527,g95e5,1.765,1.765,1.765,1.7650,3
2527,gA,1.965,1.959,1.965,1.9630,3
2527,g98e5,1.885,1.885,1.885,1.8850,3
2528,g95e5,1.775,1.775,1.775,1.7750,3
2528,gA,1.939,1.929,1.939,1.9357,3
2529,g95e5,1.755,1.755,1.755,1.7550,3
2529,gA,1.939,1.935,1.939,1.9377,3
2529,g98e5,1.925,1.925,1.925,1.9250,3
2531,g95e5,1.749,1.739,1.749,1.7465,4
2531,gA,1.955,1.939,1.955,1.9495,4
2531,g98e5,1.919,1.919,1.919,1.9190,3
2531,glp,1.105,1.105,1.105,1.1050,2
2533,g95e5,1.845,1.845,1.845,1.8450,3
2533,gA,1.895,1.895,1.895,1.8950,2
2533,gP,1.965,1.965,1.975,1.9683,3
2533,g98e5,1.965,1.965,1.965,1.9650,3
2534,g95e5,1.805,1.805,1.809,1.8063,3
2534,gA,1.929,1.929,1.929,1.9290,2
2534,g98e5,1.975,1.975,1.979,1.9763,3
2535,g95e5,1.779,1.779,1.779,1.7790,3
2535,gA,1.955,1.955,1.955,1.9550,3
2535,g98e5,1.899,1.899,1.899,1.8990,3
2537,g95e5,1.759,1.759,1.759,1.7590,3
2537,gA,1.909,1.909,1.909,1.9090,3
2537,gP,2.009,2.009,2.009,2.0090,3
2537,g98e5,1.919,1.919,1.919,1.9190,3
2538,g95e5,1.759,1.759,1.759,1.7590,3
2538,gA,1.909,1.909,1.909,1.9090,3
2538,g98e5,1.919,1.919,1.919,1.9190,3
2538,gB,1.639,1.639,1.639,1.6390,3
2540,g95e5,1.849,1.849,1.849,1.8490,4
2540,gA,1.989,1.979,1.989,1.9840,4
2540,g98e5,2.059,2.059,2.059,2.0590,4
2541,g95e5,1.759,1.759,1.759,1.7590,3
2541,gA,1.955,1.945,1.955,1.9517,3
2544,g95e5,1.579,1.569,1.579,1.5723,3
2545,g95e5,1.799,1.799,1.799,1.7990,2
2545,gA,1.945,1.925,1.945,1.9383,3
2545,gP,2.035,2.015,2.035,2.0283,3
2545,g98e5,1.939,1.939,1.939,1.9390,2
2546,g95e5,1.839,1.839,1.839,1.8390,3
2546,gA,1.939,1.939,1.939,1.9390,3
2546,gP,2.029,2.029,2.029,2.0290,3
2546,g98e5,1.999,1.999,1.999,1.9990,3
2548,g98e5,1.859,1.859,1.859,1.8590,3
2549,g98e5,1.859,1.859,1.859,1.8590,3
2550,g95e5,1.755,1.755,1.765,1.7583,3
2550,gA,1.959,1.945,1.959,1.9543,3
2550,g98e5,1.875,1.875,1.885,1.8783,3
2551,g95e5,1.745,1.745,1.745,1.7450,3
2551,gA,1.905,1.899,1.905,1.9030,3
2551,gP,1.965,1.959,1.965,1.9630,3
2551,gB,1.564,1.559,1.564,1.5623,3
2554,gA,1.965,1.955,1.965,1.9583,3
2554,gP,2.072,2.072,2.072,2.0720,3
2555,g95e5,1.745,1.735,1.745,1.7425,4
2555,gA,1.909,1.895,1.909,1.9045,4
2555,g98e5,1.915,1.915,1.915,1.9150,3
2556,g95e5,1.759,1.759,1.759,1.7590,2
2556,gA,1.919,1.919,1.935,1.9243,3
2556,gP,1.919,1.919,1.995,1.9443,3
2556,g98e5,1.889,1.885,1.889,1.8877,3
2557,g95e5,1.815,1.815,1.815,1.8150,3
2557,gA,1.915,1.915,1.915,1.9150,2
2557,gP,2.015,2.015,2.025,2.0183,3
2557,g98e5,1.935,1.935,1.935,1.9350,3
2558,g95e5,1.769,1.769,1.769,1.7690,3
2558,gA,1.955,1.955,1.955,1.9550,3
2558,gP,2.015,2.015,2.015,2.0150,3
2558,g98e5,1.939,1.939,1.939,1.9390,3
2559,g95e5,1.845,1.845,1.845,1.8450,3
2559,gA,1.919,1.915,1.919,1.9177,3
2559,gP,2.029,2.029,2.029,2.0290,2
2559,g98e5,1.965,1.965,1.965,1.9650,3
2559,glp,1.195,1.195,1.195,1.1950,2
2560,g95e5,1.719,1.719,1.719,1.7190,3
2560,gA,1.955,1.955,1.965,1.9583,3
2562,g95e5,1.749,1.749,1.749,1.7490,3
2562,gA,1.955,1.955,1.955,1.9550,3
2562,g98e5,1.869,1.869,1.869,1.8690,3
2562,g95e5p,1.829,1.829,1.829,1.8290,3
2565,g95e5,1.804,1.804,1.804,1.8040,4
2565,gA,1.994,1.974,1.994,1.9873,3
2565,gP,2.084,2.064,2.084,2.0773,3
2565,g95e5p,1.924,1.924,1.924,1.9240,4
2567,g95e5,1.805,1.805,1.805,1.8050,3
2567,gA,1.955,1.949,1.955,1.9530,3
2567,g98e5,1.975,1.975,1.975,1.9750,3
2568,g95e5,1.839,1.839,1.839,1.8390,3
2568,gA,1.989,1.969,1.989,1.9757,3
2568,g98e5,1.969,1.969,1.969,1.9690,3
2569,g95e5,1.855,1.845,1.855,1.8525,4
2569,gA,2.009,1.999,2.009,2.0057,3
2569,glp,1.185,1.185,1.185,1.1850,2
2570,g95e5,1.815,1.815,1.815,1.8150,3
2570,gA,1.995,1.995,1.995,1.9950,3
2570,gP,2.055,2.055,2.055,2.0550,3
2570,g98e5,1.935,1.935,1.935,1.9350,3
2570,glp,1.169,1.169,1.169,1.1690,2
2571,gA,1.999,1.999,1.999,1.9990,3
2573,g95e5,1.809,1.809,1.809,1.8090,3
2573,gA,1.975,1.965,1.975,1.9717,3
2573,gP,2.035,2.025,2.035,2.0317,3
2573,g98e5,1.929,1.929,1.929,1.9290,3
2574,g95e5,1.829,1.829,1.829,1.8290,3
2574,gA,1.969,1.959,1.969,1.9657,3
2574,g98e5,1.949,1.949,1.949,1.9490,3
2574,g95e5p,1.889,1.889,1.889,1.8890,3
2574,glp,1.155,1.155,1.155,1.1550,2
2575,gA,1.994,1.994,1.994,1.9940,2
2575,gP,2.084,2.084,2.084,2.0840,2
2578,g95e5,1.819,1.819,1.829,1.8240,2
2578,gA,1.969,1.939,1.969,1.9557,3
2578,gP,2.039,2.009,2.039,2.0257,3
2578,g98e5,1.959,1.959,1.969,1.9640,2
2578,gB,1.679,1.669,1.679,1.6740,2
2580,g95e5,1.889,1.889,1.889,1.8890,2
2580,gA,2.039,2.039,2.039,2.0390,2
2580,gP,2.139,2.139,2.139,2.1390,2
2581,g95e5,1.804,1.804,1.804,1.8040,4
2581,gA,2.004,1.984,2.004,1.9940,4
2581,g95e5p,1.904,1.904,1.904,1.9040,4
2582,g95e5,1.729,1.729,1.729,1.7290,3
2582,gA,1.879,1.879,1.879,1.8790,3
2582,gP,1.969,1.969,1.969,1.9690,3
2582,g95e5p,1.819,1.819,1.819,1.8190,3
2583,g95e5,1.799,1.799,1.799,1.7990,2
2583,g98e5,1.899,1.899,1.899,1.8990,2
2584,g95e5,1.829,1.829,1.829,1.8290,3
2584,gA,1.969,1.959,1.969,1.9657,3
2584,g98e5,1.969,1.969,1.969,1.9690,3
2584,g95e5p,1.899,1.899,1.899,1.8990,3
2586,g95e5,1.835,1.835,1.835,1.8350,3
2586,gA,1.975,1.965,1.975,1.9717,3
2586,g98e5,1.955,1.955,1.955,1.9550,3
2588,g95e5,1.809,1.809,1.809,1.8090,2
2589,gA,1.979,1.979,1.979,1.9790,2
2592,g95e5,1.849,1.849,1.849,1.8490,3
2592,gA,1.999,1.999,1.999,1.9990,3
2592,gP,2.099,2.099,2.099,2.0990,3
2592,g95e5p,1.959,1.959,1.959,1.9590,3
2593,g95e5,1.859,1.859,1.869,1.8623,3
2593,gA,2.019,2.019,2.019,2.0190,3
2593,g98e5,1.989,1.989,1.989,1.9890,3
2594,g95e5,1.794,1.794,1.794,1.7940,3
2594,gA,1.944,1.924,1.944,1.9373,3
2594,gP,2.054,2.034,2.054,2.0473,3
2594,g95e5p,1.914,1.914,1.914,1.9140,3
2594,gB,1.784,1.784,1.784,1.7840,2
2595,g95e5,1.849,1.849,1.849,1.8490,3
2595,gA,1.975,1.975,1.985,1.9783,3
2595,g98e5,1.969,1.969,1.969,1.9690,3
2598,g95e5,1.899,1.899,1.899,1.8990,3
2599,g95e5,1.854,1.854,1.854,1.8540,2
2599,gA,2.024,2.024,2.024,2.0240,2
2599,gP,2.099,2.099,2.099,2.0990,2
2599,g95e10,1.974,1.974,1.974,1.9740,2
2599,gB,1.814,1.814,1.814,1.8140,2
2607,g95e5,1.805,1.795,1.805,1.8025,4
2607,gA,1.975,1.949,1.975,1.9610,4
2607,g98e5,1.925,1.925,1.925,1.9250,3
2609,g95e5,1.835,1.829,1.835,1.8330,3
2609,gA,1.975,1.959,1.975,1.9685,4
2609,g98e5,1.955,1.949,1.955,1.9530,3
2609,g95e5p,1.905,1.899,1.905,1.9030,3
2612,g95e5,1.829,1.829,1.829,1.8290,3
2612,gA,1.975,1.959,1.975,1.9697,3
2612,g98e5,1.949,1.949,1.949,1.9490,3
2612,g95e5p,1.899,1.899,1.899,1.8990,3
2613,g95e5,1.804,1.804,1.804,1.8040,4
2613,gA,1.994,1.974,1.994,1.9873,3
2613,gP,2.084,2.064,2.084,2.0773,3
2613,g95e5p,1.924,1.924,1.924,1.9240,4
2615,g95e5,1.829,1.829,1.829,1.8290,3
2615,gA,1.969,1.959,1.969,1.9657,3
2615,g98e5,1.969,1.969,1.969,1.9690,3
2616,g95e5,1.839,1.829,1.839,1.8365,4
2616,gA,2.009,1.979,2.009,1.9990,4
2616,gB,1.700,1.695,1.700,1.6983,3
2617,g95e5,1.813,1.811,1.813,1.8123,3
2617,gA,1.963,1.943,1.963,1.9563,3
2617,g98e5,1.951,1.931,1.951,1.9443,3
2618,g95e5,1.804,1.804,1.804,1.8040,4
2618,gA,1.994,1.974,1.994,1.9840,4
2618,gP,2.084,2.064,2.084,2.0740,4
2618,g95e5p,1.924,1.924,1.924,1.9240,4
2619,g95e5,1.829,1.829,1.829,1.8290,3
2619,gA,1.969,1.959,1.969,1.9657,3
2619,g98e5,1.969,1.969,1.969,1.9690,3
2620,g95e5,1.735,1.735,1.735,1.7350,2
2620,gA,1.915,1.915,1.915,1.9150,2
2621,g95e5,1.849,1.829,1.849,1.8357,3
2621,gA,2.029,2.009,2.029,2.0190,2
2621,gP,2.089,2.069,2.089,2.0757,3
2621,g95e5p,1.899,1.879,1.899,1.8890,3
2623,g95e5,1.809,1.809,1.809,1.8090,3
2623,gA,1.999,1.999,1.999,1.9990,2
2623,gP,2.089,2.089,2.089,2.0890,2
2625,g95e5,1.839,1.839,1.839,1.8390,3
2625,gA,1.979,1.969,1.979,1.9757,3
2625,g98e5,1.979,1.979,1.979,1.9790,3
2626,g95e5,1.809,1.809,1.809,1.8090,3
2626,gA,1.989,1.989,1.989,1.9890,3
2626,gP,2.049,2.049,2.049,2.0490,3
2626,g98e5,1.929,1.929,1.929,1.9290,3
2627,g95e5,1.809,1.809,1.809,1.8090,3
2627,gA,1.989,1.989,1.989,1.9890,3
2630,g95e5,1.835,1.835,1.835,1.8350,2
2630,gA,2.015,2.009,2.015,2.0130,3
2630,gP,2.105,2.099,2.105,2.1030,3
2630,g98e5,1.975,1.975,1.975,1.9750,2
2631,g95e5,1.829,1.829,1.829,1.8290,3
2631,gA,1.969,1.959,1.969,1.9657,3
2631,gP,2.059,2.049,2.059,2.0557,3
2631,g98e5,1.969,1.969,1.969,1.9690,3
2632,g95e5,1.849,1.829,1.849,1.8390,3
2632,gA,2.039,2.009,2.039,2.0240,2
2632,gP,2.089,2.059,2.089,2.0723,3
2632,g95e5p,1.909,1.889,1.909,1.8990,3
2634,g95e5,1.829,1.829,1.829,1.8290,3
2634,gA,1.969,1.959,1.969,1.9657,3
2634,g98e5,1.969,1.969,1.969,1.9690,3
2634,gB,1.639,1.629,1.639,1.6357,3
2637,g95e5,1.849,1.819,1.849,1.8290,3
2637,gA,2.029,1.999,2.029,2.0140,2
2637,gP,2.089,2.059,2.089,2.0723,3
2637,g98e5,1.959,1.939,1.959,1.9523,3
2637,g95e5p,1.919,1.919,1.919,1.9190,3
2638,g95e5,1.829,1.829,1.829,1.8290,3
2638,gA,1.969,1.959,1.969,1.9657,3
2638,g98e5,1.969,1.969,1.969,1.9690,3
2638,gB,1.649,1.639,1.649,1.6457,3
2639,gA,1.975,1.975,1.975,1.9750,2
2639,gP,2.065,2.065,2.065,2.0650,2
2640,g95e5,1.829,1.829,1.829,1.8290,2
2640,g98e5,1.929,1.929,1.929,1.9290,2
2641,g95e5,1.814,1.814,1.819,1.8157,3
2641,gA,1.979,1.969,1.979,1.9757,3
2641,gP,2.059,2.049,2.059,2.0557,3
2641,g98e5,1.954,1.954,1.959,1.9557,3
2643,g95e5,1.849,1.845,1.849,1.8477,3
2643,gA,2.039,2.039,2.039,2.0390,3
2643,gP,2.129,2.129,2.129,2.1290,3
2643,g98e5,1.989,1.985,1.989,1.9877,3
2644,g95e5,1.829,1.829,1.829,1.8290,2
2644,g98e5,1.929,1.929,1.929,1.9290,2
2646,gA,1.949,1.949,1.949,1.9490,3
2646,gP,2.039,2.039,2.039,2.0390,3
2647,g95e5,1.829,1.829,1.829,1.8290,3
2647,gA,1.969,1.959,1.969,1.9657,3
2647,g98e5,1.969,1.969,1.969,1.9690,3
2647,gB,1.639,1.629,1.639,1.6357,3
2650,g95e5,1.805,1.805,1.819,1.8097,3
2650,gA,1.955,1.955,1.965,1.9583,3
2650,g98e5,1.925,1.925,1.939,1.9297,3
2652,g95e5,1.839,1.839,1.839,1.8390,3
2652,gA,1.979,1.969,1.979,1.9757,3
2652,g98e5,1.979,1.979,1.979,1.9790,3
2652,gB,1.649,1.639,1.649,1.6457,3
2654,gA,1.965,1.949,1.965,1.9597,3
2658,g95e5,1.853,1.853,1.853,1.8530,2
2658,gA,1.997,1.997,1.997,1.9970,2
2663,g95e5,1.839,1.829,1.839,1.8365,4
2663,gA,1.985,1.959,1.985,1.9745,4
2663,g98e5,1.959,1.959,1.959,1.9590,3
2663,glp,1.159,1.159,1.159,1.1590,2
2663,gB,1.714,1.709,1.714,1.7123,3
2665,gA,1.979,1.979,1.979,1.9790,3
2665,gP,2.084,2.084,2.084,2.0840,3
2666,g95e5,1.889,1.889,1.889,1.8890,3
2666,gA,2.019,2.009,2.019,2.0157,3
2666,gP,2.129,2.119,2.129,2.1257,3
2666,gB,1.719,1.709,1.719,1.7157,3
2667,g95e5,1.889,1.889,1.889,1.8890,3
2667,gA,2.019,2.009,2.019,2.0157,3
2667,gP,2.129,2.119,2.129,2.1257,3
2670,g95e5,1.899,1.899,1.899,1.8990,3
2672,g95e5,1.779,1.749,1.779,1.7657,3
2672,gA,1.879,1.829,1.879,1.8523,3
2672,gP,1.899,1.849,1.899,1.8723,3
2672,g95e5p,1.799,1.769,1.799,1.7857,3
2673,g95e5,1.849,1.849,1.849,1.8490,3
2673,gA,1.989,1.979,1.989,1.9857,3
2673,gP,2.099,2.089,2.099,2.0957,3
2673,g98e5,1.989,1.989,1.989,1.9890,3
2673,gB,1.699,1.689,1.699,1.6957,3
2675,gA,2.019,1.999,2.019,2.0057,3
2675,gP,2.109,2.089,2.109,2.0957,3
2675,gB,1.719,1.699,1.719,1.7057,3
2676,g95e5,1.839,1.839,1.839,1.8390,3
2676,gA,1.900,1.900,1.900,1.9000,3
2676,gP,2.090,2.090,2.090,2.0900,3
2678,g95e5,1.829,1.829,1.829,1.8290,3
2678,gA,1.969,1.959,1.969,1.9657,3
2678,g98e5,1.969,1.969,1.969,1.9690,3
2678,gB,1.639,1.629,1.639,1.6357,3
2679,gA,2.029,2.029,2.029,2.0290,2
2679,gP,2.119,2.119,2.119,2.1190,2
2680,gA,2.009,2.009,2.009,2.0090,2
2680,gP,2.109,2.109,2.109,2.1090,2
2680,gB,1.859,1.859,1.859,1.8590,2
2681,g95e5,1.829,1.829,1.829,1.8290,2
2682,g95e5,1.825,1.825,1.825,1.8250,3
2682,gA,1.965,1.955,1.965,1.9617,3
2682,g98e5,1.965,1.965,1.965,1.9650,3
2682,g95e5p,1.895,1.895,1.895,1.8950,3
2683,g95e5,1.829,1.829,1.829,1.8290,3
2683,gA,1.969,1.959,1.969,1.9657,3
2683,g98e5,1.969,1.969,1.969,1.9690,3
2684,g95e5,1.849,1.849,1.849,1.8490,3
2684,gA,1.999,1.999,1.999,1.9990,3
2684,gP,2.089,2.089,2.089,2.0890,3
2684,g95e5p,1.949,1.949,1.949,1.9490,3
2686,g95e5,1.805,1.805,1.819,1.8097,3
2686,gA,1.979,1.979,1.995,1.9855,4
2686,g98e5,1.925,1.925,1.939,1.9297,3
2686,gB,1.680,1.675,1.680,1.6783,3
2687,g95e5,1.805,1.805,1.805,1.8050,3
2687,gA,1.959,1.955,1.959,1.9570,4
2687,g98e5,1.965,1.965,1.965,1.9650,3
2688,gA,1.954,1.954,1.954,1.9540,2
2689,g95e5,1.849,1.819,1.849,1.8290,3
2689,gA,2.029,1.999,2.029,2.0140,2
2689,gP,2.089,2.059,2.089,2.0723,3
2690,g95e5,1.809,1.795,1.809,1.8055,4
2690,gA,1.955,1.949,1.955,1.9530,3
2690,g98e5,1.929,1.929,1.929,1.9290,3
2692,g95e5,1.849,1.849,1.849,1.8490,3
2692,gA,1.999,1.989,1.999,1.9957,3
2692,g98e5,1.969,1.969,1.969,1.9690,3
2693,g95e5,1.829,1.829,1.829,1.8290,4
2693,gA,1.965,1.949,1.965,1.9597,3
2694,g98e5,1.935,1.925,1.935,1.9300,2
2696,g95e5,1.804,1.804,1.804,1.8040,3
2696,gA,2.004,1.984,2.004,1.9973,3
2696,gP,2.114,2.094,2.114,2.1073,3
2696,g95e5p,1.924,1.924,1.924,1.9240,3
2697,g95e5,1.804,1.804,1.804,1.8040,3
2697,gA,2.004,1.984,2.004,1.9940,4
2697,gP,2.114,2.094,2.114,2.1040,4
2698,g95e5,1.805,1.805,1.805,1.8050,3
2698,gA,1.975,1.975,1.975,1.9750,2
2698,gP,2.065,2.065,2.065,2.0650,2
2698,g98e5,1.945,1.945,1.945,1.9450,3
2700,g95e5,1.855,1.845,1.855,1.8510,4
2700,gA,2.009,1.999,2.009,2.0057,3
2700,g98e5,1.975,1.969,1.975,1.9730,3
2700,gB,1.700,1.695,1.700,1.6983,3
2703,gA,1.979,1.969,1.979,1.9740,2
2703,gP,2.039,2.029,2.039,2.0340,2
2707,g95e5,1.855,1.845,1.855,1.8525,4
2707,gA,2.005,1.989,2.005,1.9995,4
2707,g98e5,1.975,1.975,1.975,1.9750,3
2707,g95e5p,1.925,1.925,1.925,1.9250,3
2707,gB,1.680,1.675,1.680,1.6783,3
2708,g95e5,1.804,1.804,1.804,1.8040,3
2708,gA,1.994,1.974,1.994,1.9840,4
2708,gP,2.084,2.064,2.084,2.0740,4
2708,g95e5p,1.924,1.924,1.924,1.9240,3
2710,g95e5,1.805,1.805,1.805,1.8050,3
2710,gA,1.979,1.979,1.999,1.9857,3
2710,g98e5,1.925,1.925,1.925,1.9250,3
2710,gB,1.710,1.705,1.710,1.7083,3
2711,g95e5,1.799,1.799,1.799,1.7990,2
2711,g98e5,1.899,1.899,1.899,1.8990,2
2713,g95e5,1.805,1.805,1.809,1.8070,4
2713,gA,1.955,1.955,1.955,1.9550,2
2713,g98e5,1.925,1.925,1.925,1.9250,2
2713,g95e5p,1.885,1.885,1.885,1.8850,2
2715,g95e5,1.845,1.845,1.845,1.8450,3
2715,gA,1.969,1.969,1.979,1.9723,3
2715,g98e5,1.965,1.965,1.965,1.9650,3
2716,g95e5,1.799,1.799,1.799,1.7990,2
2716,g98e5,1.899,1.899,1.899,1.8990,2
2718,gA,1.979,1.979,1.979,1.9790,2
2718,g98e5,1.999,1.999,1.999,1.9990,2
2719,gA,1.969,1.969,1.969,1.9690,2
2720,g95e5,1.769,1.769,1.769,1.7690,2
2720,g98e5,1.869,1.869,1.869,1.8690,2
2721,g95e5,1.829,1.829,1.829,1.8290,2
2721,g98e5,1.929,1.929,1.929,1.9290,2
2723,g95e5,1.829,1.829,1.829,1.8290,3
2723,gA,1.969,1.959,1.969,1.9657,3
2723,g98e5,1.969,1.969,1.969,1.9690,3
2723,gB,1.649,1.639,1.649,1.6457,3
2724,g95e5,1.824,1.824,1.824,1.8240,3
2724,gA,1.974,1.974,1.974,1.9740,3
2725,g95e5,1.804,1.804,1.804,1.8040,4
2725,gA,2.004,1.984,2.004,1.9940,4
2725,gP,2.084,2.064,2.084,2.0740,4
2725,g95e5p,1.904,1.904,1.904,1.9040,4
2726,g95e5,1.809,1.809,1.809,1.8090,3
2726,gA,1.969,1.959,1.969,1.9657,3
2726,g98e5,1.969,1.969,1.969,1.9690,3
2727,gA,1.994,1.974,1.994,1.9840,4
2727,gP,2.064,2.064,2.064,2.0640,2
2728,g95e5,1.809,1.809,1.809,1.8090,3
2728,gA,1.955,1.949,1.955,1.9530,3
2728,gP,2.065,2.059,2.065,2.0630,3
2728,g98e5,1.929,1.929,1.929,1.9290,3
2730,g95e5,1.849,1.829,1.849,1.8410,3
2730,gA,2.039,2.039,2.039,2.0390,2
2730,g98e5,1.989,1.969,1.989,1.9810,3
2731,g95e5,1.839,1.839,1.839,1.8390,3
2731,gA,1.979,1.969,1.979,1.9757,3
2731,g98e5,1.979,1.979,1.979,1.9790,3
2732,g95e5,1.819,1.819,1.819,1.8190,3
2732,gA,1.959,1.939,1.959,1.9523,3
2732,gP,2.049,2.029,2.049,2.0423,3
2732,g98e5,1.959,1.959,1.959,1.9590,3
2733,g95e5,1.829,1.819,1.829,1.8257,3
2733,gA,2.009,1.999,2.009,2.0057,3
2733,g98e5,1.949,1.939,1.949,1.9457,3
2734,g95e5,1.819,1.819,1.819,1.8190,3
2734,gA,1.979,1.969,1.979,1.9757,3
2734,g98e5,1.939,1.939,1.939,1.9390,3
2735,g95e5,1.829,1.829,1.829,1.8290,3
2735,gA,1.969,1.959,1.969,1.9657,3
2735,g98e5,1.969,1.969,1.969,1.9690,3
2736,g95e5,1.829,1.829,1.829,1.8290,3
2736,gA,1.979,1.959,1.979,1.9715,4
2736,g98e5,1.949,1.949,1.949,1.9490,3
2737,g95e5,1.855,1.855,1.855,1.8550,3
2737,gA,2.009,1.999,2.009,2.0057,3
2737,glp,1.185,1.185,1.185,1.1850,2
2738,g95e5,1.829,1.829,1.829,1.8290,2
2738,g98e5,1.929,1.929,1.929,1.9290,2
2740,g95e5,1.829,1.829,1.829,1.8290,3
2740,gA,1.969,1.959,1.969,1.9657,3
2740,g98e5,1.969,1.969,1.969,1.9690,3
2743,g95e5,1.825,1.825,1.825,1.8250,3
2743,gA,1.965,1.954,1.965,1.9613,3
2743,g98e5,1.965,1.965,1.965,1.9650,3
2746,g95e5,1.465,1.465,1.465,1.4650,2
2746,gA,1.425,1.425,1.425,1.4250,2
2749,g95e5,1.465,1.465,1.465,1.4650,2
2749,gA,1.425,1.425,1.425,1.4250,2
2754,gA,1.674,1.674,1.674,1.6740,2
2754,gP,1.734,1.734,1.734,1.7340,2
2755,gA,1.678,1.678,1.678,1.6780,3
2758,g95e5,1.755,1.755,1.755,1.7550,3
2758,gA,1.949,1.945,1.949,1.9477,3
2758,gP,2.009,2.005,2.009,2.0077,3
2758,g98e5,1.895,1.895,1.895,1.8950,3
2759,g95e5,1.809,1.809,1.809,1.8090,3
2759,gA,1.935,1.915,1.935,1.9283,3
2759,gP,2.015,1.995,2.015,2.0083,3
2759,g98e5,1.929,1.929,1.929,1.9290,3
2760,g95e5,1.759,1.759,1.759,1.7590,3
2760,gA,1.899,1.899,1.899,1.8990,3
2760,g98e5,1.929,1.929,1.929,1.9290,3
2761,g95e5,1.809,1.809,1.809,1.8090,3
2761,gA,1.949,1.949,1.949,1.9490,3
2761,g98e5,1.959,1.959,1.959,1.9590,3
2765,g95e5,1.745,1.745,1.745,1.7450,2
2765,gA,1.975,1.955,1.975,1.9683,3
2765,gP,2.065,2.045,2.065,2.0583,3
2765,g98e5,1.885,1.885,1.885,1.8850,2
2766,g95e5,1.735,1.735,1.735,1.7350,2
2766,gA,1.959,1.959,1.975,1.9670,2
2766,g98e5,1.855,1.855,1.855,1.8550,2
2768,g95e5,1.805,1.805,1.805,1.8050,3
2768,gA,1.929,1.925,1.929,1.9277,3
2768,gP,1.989,1.985,1.989,1.9877,3
2768,g98e5,1.975,1.975,1.975,1.9750,3
2772,g95e5,1.845,1.845,1.845,1.8450,3
2772,gA,1.925,1.925,1.935,1.9283,3
2773,g95e5,1.769,1.769,1.769,1.7690,3
2773,gA,1.905,1.889,1.905,1.8997,3
2773,gP,1.965,1.949,1.965,1.9597,3
2773,g98e5,1.889,1.889,1.889,1.8890,3
2775,g95e5,1.779,1.769,1.779,1.7765,4
2775,gA,1.959,1.955,1.959,1.9577,3
2775,g98e5,1.899,1.899,1.899,1.8990,3
2775,glp,1.105,1.105,1.105,1.1050,2
2777,gA,1.989,1.989,1.989,1.9890,3
2778,gA,1.979,1.959,1.979,1.9690,2
2778,gP,2.049,2.039,2.049,2.0440,2
2779,g95e5,1.579,1.579,1.579,1.5790,3
2779,gA,1.769,1.749,1.769,1.7623,3
2780,g95e5,1.684,1.684,1.684,1.6840,2
2780,gA,1.879,1.859,1.879,1.8673,3
2780,gP,1.929,1.909,1.929,1.9173,3
2781,g95e5,1.764,1.764,1.764,1.7640,4
2781,gA,1.984,1.964,1.984,1.9773,3
2781,gP,2.044,2.024,2.044,2.0373,3
2785,g95e5,1.789,1.779,1.789,1.7857,3
2785,gA,1.939,1.939,1.939,1.9390,2
2785,gP,2.029,2.029,2.029,2.0290,2
2785,g98e5,1.929,1.919,1.929,1.9257,3
2788,g95e5,1.789,1.779,1.789,1.7857,3
2788,gA,1.939,1.939,1.939,1.9390,2
2788,gP,2.029,2.029,2.029,2.0290,2
2788,g98e5,1.929,1.919,1.929,1.9257,3
2789,g95e5,1.769,1.769,1.769,1.7690,3
2789,gA,1.969,1.955,1.969,1.9645,4
2789,g98e5,1.889,1.889,1.889,1.8890,3
2789,glp,1.105,1.105,1.105,1.1050,2
2791,g95e5,1.764,1.764,1.764,1.7640,4
2791,gA,1.984,1.964,1.984,1.9740,4
2791,gP,2.064,2.044,2.064,2.0540,4
2792,g95e5,1.815,1.815,1.815,1.8150,3
2792,gA,1.919,1.919,1.925,1.9210,3
2792,gP,1.979,1.979,1.985,1.9810,3
2792,g98e5,1.935,1.935,1.935,1.9350,3
2793,g95e5,1.789,1.789,1.799,1.7923,3
2793,gA,1.919,1.919,1.929,1.9223,3
2793,glp,1.145,1.145,1.145,1.1450,2
2795,g95e5,1.749,1.749,1.749,1.7490,3
2795,gA,1.929,1.925,1.929,1.9277,3
2795,gP,1.989,1.985,1.989,1.9877,3
2795,g98e5,1.919,1.919,1.919,1.9190,3
2795,g95e5p,1.809,1.809,1.809,1.8090,3
2796,g95e5,1.749,1.739,1.749,1.7465,4
2796,gA,1.959,1.939,1.959,1.9530,4
2796,g98e5,1.869,1.869,1.869,1.8690,3
2796,g95e5p,1.809,1.809,1.809,1.8090,3
2796,glp,1.139,1.139,1.139,1.1390,2
2798,g95e5,1.735,1.719,1.735,1.7270,2
2798,g98e5,1.885,1.869,1.885,1.8770,2
2799,g95e5,1.765,1.765,1.765,1.7650,3
2799,gA,1.949,1.935,1.949,1.9445,4
2799,g98e5,1.895,1.895,1.895,1.8950,3
2800,g95e5,1.735,1.735,1.735,1.7350,3
2800,gA,1.915,1.915,1.925,1.9183,3
2800,g98e5,1.905,1.905,1.905,1.9050,3
2802,g95e5,1.759,1.759,1.759,1.7590,2
2802,gA,1.939,1.935,1.939,1.9377,3
2802,g98e5,1.879,1.879,1.879,1.8790,2
2803,g95e5,1.769,1.769,1.769,1.7690,3
2803,gA,1.939,1.929,1.939,1.9357,3
2803,g98e5,1.889,1.889,1.889,1.8890,3
2804,g95e5,1.775,1.775,1.775,1.7750,3
2804,gA,1.955,1.949,1.955,1.9530,3
2804,g98e5,1.895,1.895,1.895,1.8950,3
2804,glp,1.145,1.145,1.145,1.1450,2
2805,g95e5,1.769,1.769,1.769,1.7690,3
2805,gA,1.959,1.959,1.965,1.9610,3
2805,g98e5,1.889,1.889,1.889,1.8890,3
2805,glp,1.105,1.105,1.105,1.1050,2
2806,g95e5,1.755,1.755,1.755,1.7550,3
2806,gA,1.969,1.955,1.969,1.9643,3
2806,gP,2.029,2.015,2.029,2.0243,3
2806,g98e5,1.875,1.875,1.875,1.8750,3
2807,g95e5,1.789,1.789,1.789,1.7890,3
2807,gA,1.919,1.915,1.919,1.9170,4
2807,gP,1.979,1.979,1.979,1.9790,2
2807,g98e5,1.909,1.909,1.909,1.9090,3
2807,glp,1.115,1.115,1.115,1.1150,2
2808,g95e5,1.749,1.749,1.749,1.7490,3
2808,gA,1.959,1.959,1.959,1.9590,2
2808,g98e5,1.869,1.869,1.869,1.8690,3
2809,g95e5,1.769,1.769,1.769,1.7690,3
2809,gA,1.939,1.929,1.939,1.9357,3
2809,g98e5,1.889,1.889,1.889,1.8890,3
2810,g95e5,1.749,1.749,1.749,1.7490,3
2810,gA,1.959,1.955,1.959,1.9577,3
2810,g98e5,1.869,1.869,1.869,1.8690,3
2811,g95e5,1.749,1.739,1.749,1.7465,4
2811,gA,1.955,1.949,1.955,1.9530,3
2811,g98e5,1.869,1.869,1.869,1.8690,3
2812,g95e5,1.759,1.759,1.759,1.7590,3
2812,gA,1.959,1.945,1.959,1.9543,3
2812,g98e5,1.879,1.879,1.879,1.8790,3
2812,glp,1.145,1.145,1.145,1.1450,2
2814,g95e5,1.759,1.759,1.759,1.7590,3
2814,gA,1.969,1.969,1.969,1.9690,3
2814,g98e5,1.929,1.929,1.929,1.9290,3
2814,gB,1.684,1.679,1.684,1.6823,3
2815,g95e5,1.769,1.769,1.769,1.7690,3
2815,gA,1.919,1.915,1.919,1.9177,3
2815,gP,1.979,1.975,1.979,1.9777,3
2815,g98e5,1.889,1.889,1.889,1.8890,3
2816,g95e5,1.789,1.789,1.789,1.7890,3
2816,gA,1.899,1.895,1.899,1.8977,3
2816,g98e5,1.909,1.909,1.909,1.9090,3
2816,gB,1.740,1.735,1.740,1.7383,3
2817,g95e5,1.769,1.769,1.769,1.7690,3
2817,gA,1.919,1.915,1.919,1.9177,3
2817,gP,1.979,1.975,1.979,1.9777,3
2817,g98e5,1.889,1.889,1.889,1.8890,3
2818,g95e5,1.765,1.765,1.765,1.7650,3
2818,gA,1.969,1.965,1.969,1.9677,3
2818,g98e5,1.885,1.885,1.885,1.8850,3
2818,glp,1.105,1.105,1.105,1.1050,2
2819,g95e5,1.765,1.755,1.765,1.7625,4
2819,gA,1.949,1.945,1.949,1.9477,3
2819,g98e5,1.885,1.885,1.885,1.8850,3
2820,g95e5,1.765,1.765,1.765,1.7650,3
2820,gA,1.949,1.945,1.949,1.9477,3
2820,g98e5,1.935,1.935,1.935,1.9350,3
2821,g95e5,1.749,1.749,1.749,1.7490,3
2821,gA,1.955,1.949,1.955,1.9530,3
2821,g98e5,1.869,1.869,1.869,1.8690,3
2822,g95e5,1.749,1.749,1.749,1.7490,3
2822,gA,1.959,1.955,1.959,1.9577,3
2822,g98e5,1.869,1.869,1.869,1.8690,3
2822,glp,1.139,1.139,1.139,1.1390,2
2823,g95e5,1.749,1.739,1.749,1.7465,4
2823,gA,1.929,1.915,1.929,1.9245,4
2823,gP,1.989,1.985,1.989,1.9877,3
2823,g98e5,1.919,1.919,1.919,1.9190,3
2823,glp,1.179,1.179,1.179,1.1790,2
2824,g95e5,1.759,1.749,1.759,1.7565,4
2824,gA,1.959,1.935,1.959,1.9520,4
2824,g98e5,1.879,1.879,1.879,1.8790,3
2824,glp,1.105,1.105,1.105,1.1050,2
2825,g95e5,1.735,1.735,1.735,1.7350,4
2825,gA,1.935,1.929,1.935,1.9335,4
2826,g95e5,1.735,1.735,1.735,1.7350,3
2826,gA,1.949,1.949,1.949,1.9490,3
2826,gP,2.009,2.009,2.009,2.0090,3
2826,g98e5,1.905,1.905,1.905,1.9050,3
2827,g95e5,1.735,1.735,1.735,1.7350,3
2827,gA,1.949,1.949,1.949,1.9490,3
2827,gP,2.009,2.009,2.009,2.0090,3
2827,g98e5,1.905,1.905,1.905,1.9050,3
2828,g95e5,1.755,1.745,1.755,1.7525,4
2828,gA,1.955,1.955,1.955,1.9550,4
2828,g98e5,1.875,1.875,1.875,1.8750,3
2831,g95e5,1.789,1.779,1.789,1.7865,4
2831,gA,1.899,1.879,1.899,1.8930,4
2831,g98e5,1.909,1.909,1.909,1.9090,3
2831,glp,1.165,1.165,1.165,1.1650,2
2831,gB,1.724,1.719,1.724,1.7223,3
2832,g95e5,1.750,1.750,1.750,1.7500,2
2832,gA,1.895,1.895,1.895,1.8950,2
2833,g95e5,1.749,1.749,1.749,1.7490,3
2833,gA,1.959,1.959,1.959,1.9590,2
2833,g98e5,1.869,1.869,1.869,1.8690,3
2834,g95e5,1.755,1.745,1.755,1.7483,3
2834,gA,1.925,1.899,1.925,1.9097,3
2834,gP,1.985,1.959,1.985,1.9697,3
2836,g95e5,1.764,1.764,1.764,1.7640,4
2836,gA,1.984,1.964,1.984,1.9740,4
2836,gP,2.054,2.034,2.054,2.0440,4
2836,g95e5p,1.864,1.864,1.864,1.8640,4
2838,g95e5,1.819,1.819,1.819,1.8190,3
2838,gA,1.959,1.959,1.959,1.9590,3
2840,g95e5,1.759,1.759,1.759,1.7590,3
2840,gA,1.959,1.929,1.959,1.9490,4
2840,g98e5,1.879,1.879,1.879,1.8790,3
2840,glp,1.139,1.139,1.139,1.1390,2
2843,g95e5,1.764,1.764,1.764,1.7640,4
2843,gA,1.984,1.964,1.984,1.9740,4
2843,gP,2.054,2.034,2.054,2.0440,4
2844,g95e5,1.764,1.764,1.764,1.7640,4
2844,gA,1.984,1.964,1.984,1.9773,3
2844,gP,2.054,2.034,2.054,2.0473,3
2846,g95e5,1.619,1.619,1.619,1.6190,2
2846,gA,1.759,1.759,1.759,1.7590,2
2846,g98e5,1.759,1.759,1.759,1.7590,2
2846,bio,1.719,1.719,1.719,1.7190,2
2848,g95e5,1.679,1.679,1.689,1.6857,3
2848,gA,1.879,1.879,1.879,1.8790,2
2848,gP,1.959,1.959,1.959,1.9590,2
2848,g98e5,1.819,1.819,1.829,1.8257,3
2848,gB,1.559,1.559,1.559,1.5590,2
2849,g95e5,1.689,1.689,1.689,1.6890,3
2849,gA,1.829,1.829,1.839,1.8323,3
2849,gP,1.909,1.909,1.919,1.9123,3
2849,g98e5,1.829,1.829,1.829,1.8290,3
2851,gA,1.934,1.934,1.934,1.9340,2
2851,gB,1.764,1.764,1.764,1.7640,2
2852,g95e5,1.814,1.814,1.814,1.8140,4
2852,gA,1.974,1.954,1.974,1.9673,3
2852,gP,2.054,2.034,2.054,2.0473,3
2852,g95e5p,1.874,1.874,1.874,1.8740,4
2854,g95e5,1.834,1.834,1.834,1.8340,2
2854,gA,1.974,1.974,1.974,1.9740,2
2854,gP,2.100,2.100,2.100,2.1000,2
2854,g95e5p,1.964,1.964,1.964,1.9640,2
2854,gB,1.744,1.744,1.744,1.7440,2
2857,gA,1.964,1.964,1.964,1.9640,2
2857,gP,2.034,2.034,2.034,2.0340,2
2858,g95e5,1.764,1.764,1.764,1.7640,3
2858,gA,1.964,1.944,1.964,1.9573,3
2858,gP,2.034,2.014,2.034,2.0273,3
2858,g95e5p,1.864,1.864,1.864,1.8640,3
2859,g95e5,1.809,1.809,1.809,1.8090,2
2859,gA,1.929,1.904,1.929,1.9190,3
2859,gP,1.979,1.954,1.979,1.9690,3
2859,g98e5,1.949,1.949,1.949,1.9490,2
2860,gA,1.878,1.878,1.878,1.8780,3
2861,gA,1.914,1.914,1.914,1.9140,2
2861,gP,2.004,2.004,2.004,2.0040,2
2865,g95e5,1.764,1.764,1.764,1.7640,4
2865,gA,1.954,1.934,1.954,1.9473,3
2865,gP,2.034,2.014,2.034,2.0273,3
2867,gA,1.699,1.699,1.699,1.6990,2
2867,gP,1.739,1.739,1.739,1.7390,2
2868,g95e5,1.779,1.779,1.779,1.7790,3
2868,gA,1.959,1.959,1.959,1.9590,3
2868,gP,2.019,2.019,2.019,2.0190,3
2868,g95e5p,1.869,1.869,1.869,1.8690,3
2871,g95e5,1.764,1.764,1.764,1.7640,3
2871,gA,1.954,1.934,1.954,1.9440,4
2871,gP,2.034,2.014,2.034,2.0240,4
2871,g95e5p,1.874,1.874,1.874,1.8740,3
2872,g95e5,1.789,1.789,1.789,1.7890,3
2872,gA,1.979,1.979,1.979,1.9790,3
2872,gP,2.069,2.069,2.069,2.0690,3
2872,g98e5,1.949,1.949,1.949,1.9490,3
2875,g95e5,1.764,1.764,1.764,1.7640,4
2875,gA,1.974,1.954,1.974,1.9640,4
2875,gP,2.034,2.014,2.034,2.0240,4
2876,g95e5,1.744,1.744,1.744,1.7440,4
2876,gA,1.974,1.954,1.974,1.9640,4
2876,gP,2.034,2.014,2.034,2.0240,4
2876,g95e5p,1.864,1.864,1.864,1.8640,4
2877,g95e5,1.774,1.774,1.774,1.7740,3
2877,gA,1.974,1.954,1.974,1.9640,4
2877,gP,2.054,2.034,2.054,2.0440,4
2877,g95e5p,1.864,1.864,1.864,1.8640,3
2878,gA,1.989,1.969,1.989,1.9790,2
2878,gP,2.049,2.029,2.049,2.0390,2
2879,gA,1.974,1.974,1.974,1.9740,2
2879,gP,2.054,2.054,2.054,2.0540,2
2884,g95e5,1.769,1.769,1.769,1.7690,3
2884,gA,1.914,1.894,1.914,1.9040,4
2884,gP,2.004,1.984,2.004,1.9940,4
2884,g95e5p,1.864,1.864,1.864,1.8640,3
2885,g95e5,1.774,1.774,1.774,1.7740,4
2885,gA,1.964,1.944,1.964,1.9540,4
2885,gP,2.054,2.034,2.054,2.0440,4
2885,g95e5p,1.874,1.874,1.874,1.8740,4
2887,g95e5,1.779,1.779,1.779,1.7790,2
2887,gA,1.915,1.905,1.915,1.9117,3
2887,gP,2.005,1.995,2.005,2.0017,3
2887,g98e5,1.919,1.919,1.919,1.9190,2
2888,g95e5,1.779,1.779,1.779,1.7790,2
2888,gA,1.915,1.905,1.915,1.9117,3
2888,gP,2.005,1.995,2.005,2.0017,3
2888,g98e5,1.919,1.919,1.919,1.9190,2
2890,g95e5,1.655,1.643,1.655,1.6490,2
2890,g98e5,1.970,1.945,1.970,1.9575,2
2893,g95e5,1.799,1.799,1.799,1.7990,3
2893,gA,1.919,1.919,1.919,1.9190,3
2893,gP,2.009,2.009,2.009,2.0090,3
2893,g98e5,1.959,1.959,1.959,1.9590,3
2900,gA,1.678,1.678,1.678,1.6780,3
2901,gA,1.678,1.678,1.678,1.6780,3
2907,gA,1.979,1.979,1.979,1.9790,2
2907,gP,2.059,2.039,2.059,2.0490,2
2907,g98e5,1.969,1.959,1.969,1.9640,2
2909,g95e5,1.809,1.795,1.809,1.8055,4
2909,gA,1.949,1.929,1.949,1.9405,4
2909,g98e5,1.929,1.929,1.929,1.9290,3
2912,g95e5,1.799,1.799,1.799,1.7990,3
2912,gA,1.949,1.945,1.949,1.9477,3
2914,g95e5,1.799,1.799,1.799,1.7990,4
2914,gA,1.949,1.929,1.949,1.9430,4
2920,g95e5,1.795,1.789,1.795,1.7935,4
2920,gA,1.929,1.925,1.935,1.9295,4
2920,g98e5,1.965,1.965,1.965,1.9650,3
2922,g95e5,1.709,1.699,1.709,1.7015,4
2922,gA,1.839,1.809,1.839,1.8165,4
2922,gP,1.889,1.859,1.889,1.8665,4
2923,g95e5,1.709,1.704,1.709,1.7073,3
2923,gA,1.804,1.804,1.804,1.8040,3
2923,gP,1.854,1.854,1.854,1.8540,3
2923,g98e5,1.819,1.814,1.819,1.8173,3
2924,g95e5,1.769,1.759,1.769,1.7640,4
2924,gA,1.889,1.879,1.889,1.8840,4
2924,gP,1.939,1.929,1.939,1.9340,4
2924,g98e5,1.889,1.879,1.889,1.8840,4
2925,g95e5,1.729,1.729,1.729,1.7290,4
2925,gA,1.849,1.849,1.849,1.8490,4
2925,gP,1.899,1.899,1.899,1.8990,4
2925,g95e5p,1.779,1.779,1.779,1.7790,4
2926,g95e5,1.689,1.689,1.699,1.6965,4
2926,gA,1.859,1.829,1.859,1.8415,4
2926,gP,1.909,1.879,1.909,1.8915,4
2926,g95e5p,1.739,1.739,1.749,1.7465,4
2927,g95e5,1.749,1.739,1.749,1.7415,4
2927,gA,1.899,1.879,1.899,1.8890,4
2927,gP,1.949,1.929,1.949,1.9390,4
2927,g95e5p,1.799,1.789,1.799,1.7915,4
2928,g95e5,1.805,1.795,1.805,1.8017,3
2928,gA,1.945,1.945,1.945,1.9450,2
2928,gP,2.035,2.035,2.035,2.0350,2
2928,g98e5,1.945,1.935,1.945,1.9417,3
2929,g95e5,1.689,1.689,1.699,1.6940,4
2929,gA,1.859,1.829,1.859,1.8390,4
2929,gP,1.909,1.879,1.909,1.8890,4
2929,g98e5,1.829,1.829,1.839,1.8340,4
2931,gA,1.984,1.984,1.984,1.9840,2
2931,gP,2.064,2.064,2.064,2.0640,2
2931,gB,1.764,1.764,1.764,1.7640,2
2932,g95e5,1.755,1.745,1.755,1.7525,4
2932,gA,1.955,1.935,1.955,1.9485,4
2932,gP,2.015,2.009,2.015,2.0130,3
2932,g98e5,1.875,1.875,1.875,1.8750,3
2935,g95e5,1.785,1.765,1.785,1.7800,4
2935,gA,1.959,1.959,1.965,1.9610,3
2935,g98e5,1.905,1.905,1.905,1.9050,3
2941,g95e5,1.778,1.765,1.778,1.7723,3
2941,gA,1.906,1.886,1.906,1.8993,3
2941,gP,1.979,1.959,1.979,1.9673,3
2941,g95e5p,1.887,1.884,1.887,1.8850,3
2941,gB,1.674,1.654,1.674,1.6607,3
2944,g95e5,1.505,1.479,1.505,1.4963,3
2944,gA,1.675,1.675,1.675,1.6750,2
2945,g95e5,1.824,1.824,1.824,1.8240,3
2945,gA,1.944,1.924,1.944,1.9373,3
2945,gP,2.034,2.014,2.034,2.0273,3
2948,g95e5,1.804,1.804,1.804,1.8040,2
2948,gA,1.964,1.964,1.964,1.9640,2
2948,gP,2.064,2.064,2.064,2.0640,2
2948,g98e5,1.944,1.944,1.944,1.9440,2
2948,g95e5p,1.904,1.904,1.904,1.9040,2
2949,g95e5,1.784,1.784,1.784,1.7840,2
2949,gA,1.944,1.944,1.944,1.9440,2
2949,gP,2.044,2.044,2.044,2.0440,2
2949,g95e5p,1.884,1.884,1.949,1.9165,4
2953,g95e5,1.764,1.764,1.764,1.7640,4
2953,gA,1.934,1.914,1.934,1.9240,4
2953,gP,1.994,1.974,1.994,1.9840,4
2953,g95e5p,1.884,1.884,1.884,1.8840,4
2953,gB,1.824,1.824,1.824,1.8240,2
2955,g95e5,1.764,1.764,1.764,1.7640,4
2955,gA,1.984,1.964,1.984,1.9740,4
2955,gP,2.064,2.044,2.064,2.0540,4
2955,g95e5p,1.884,1.884,1.884,1.8840,4
2964,g95e5,1.765,1.765,1.765,1.7650,3
2964,gA,1.959,1.955,1.959,1.9577,3
2964,g98e5,1.935,1.935,1.935,1.9350,3
2965,g95e5,1.754,1.749,1.754,1.7515,2
2965,gA,1.924,1.924,1.924,1.9240,2
2965,gP,2.014,2.014,2.014,2.0140,2
2965,g98e5,1.894,1.889,1.894,1.8915,2
2968,g95e5,1.729,1.729,1.729,1.7290,3
2968,gA,1.939,1.935,1.939,1.9377,3
2968,g98e5,1.849,1.849,1.849,1.8490,3
2969,g95e5,1.499,1.499,1.499,1.4990,2
2969,gA,1.709,1.709,1.709,1.7090,2
2970,gA,1.934,1.934,1.934,1.9340,2
2970,gP,1.994,1.994,1.994,1.9940,2
2971,gA,1.984,1.984,1.984,1.9840,2
2971,gP,2.054,2.054,2.054,2.0540,2
2972,g95e5,1.699,1.699,1.699,1.6990,3
2972,gA,1.849,1.839,1.849,1.8457,3
2972,gP,1.949,1.939,1.949,1.9457,3
2975,g95e5,1.754,1.754,1.754,1.7540,4
2975,gA,1.964,1.944,1.964,1.9540,4
2975,gP,2.074,2.054,2.074,2.0640,4
2975,g95e5p,1.864,1.864,1.864,1.8640,4
2979,g95e5,1.824,1.824,1.829,1.8265,2
2979,gA,1.954,1.934,1.954,1.9440,3
2979,gP,2.044,2.024,2.044,2.0340,3
2979,g98e5,1.964,1.964,1.969,1.9665,2
2980,g95e5,1.824,1.824,1.829,1.8265,2
2980,gA,1.954,1.934,1.954,1.9440,3
2980,gP,2.044,2.024,2.044,2.0340,3
2980,g98e5,1.964,1.964,1.969,1.9665,2
2981,g95e5,1.764,1.764,1.764,1.7640,3
2981,gA,1.984,1.964,1.984,1.9740,4
2981,gP,2.084,2.064,2.084,2.0740,4
2981,g95e5p,1.884,1.884,1.884,1.8840,3
2983,g95e5,1.568,1.568,1.568,1.5680,2
2983,gA,1.727,1.727,1.727,1.7270,2
2983,gP,1.757,1.757,1.757,1.7570,2
2983,g98e5,1.695,1.695,1.695,1.6950,2
2984,g95e5,1.559,1.559,1.559,1.5590,2
2984,gA,1.728,1.688,1.728,1.7080,2
2984,gP,1.758,1.718,1.758,1.7380,2
2986,g95e5,1.609,1.609,1.609,1.6090,3
2986,gA,1.789,1.774,1.789,1.7840,3
2986,gP,1.839,1.824,1.839,1.8340,3
2986,g98e5,1.719,1.719,1.719,1.7190,3
2990,g95e5,1.764,1.764,1.764,1.7640,2
2990,gA,1.944,1.934,1.944,1.9390,2
2990,gP,1.994,1.984,1.994,1.9890,2
2990,g98e5,1.874,1.874,1.874,1.8740,2
2992,g95e5,1.568,1.568,1.568,1.5680,2
2992,gA,1.726,1.726,1.726,1.7260,2
2994,g95e5,1.719,1.719,1.719,1.7190,2
2994,gA,1.889,1.884,1.889,1.8865,2
2994,gP,1.939,1.934,1.939,1.9365,2
2994,g95e5p,1.769,1.769,1.769,1.7690,2
2995,g95e5,1.739,1.739,1.739,1.7390,4
2995,gA,1.934,1.914,1.934,1.9190,4
2995,gP,1.984,1.964,1.984,1.9690,4
2995,g95e5p,1.789,1.789,1.789,1.7890,4
2997,g95e5,1.765,1.765,1.765,1.7650,3
2997,gA,1.959,1.945,1.959,1.9543,3
2997,g98e5,1.935,1.935,1.935,1.9350,3
2998,gA,1.727,1.727,1.727,1.7270,3
2999,g95e5,1.619,1.619,1.619,1.6190,2
2999,gA,1.799,1.799,1.799,1.7990,2
2999,g98e5,1.799,1.799,1.799,1.7990,2
2999,bio,1.719,1.719,1.719,1.7190,2
3001,gA,1.949,1.949,1.949,1.9490,2
3001,gB,1.659,1.659,1.659,1.6590,2
3002,g95e5,1.569,1.549,1.569,1.5623,3
3002,gA,1.709,1.689,1.709,1.7023,3
3003,g95e5,1.719,1.719,1.719,1.7190,2
3003,gA,1.914,1.909,1.914,1.9115,2
3003,gP,1.964,1.959,1.964,1.9615,2
3003,g98e5,1.859,1.859,1.859,1.8590,2
3006,g95e5,1.659,1.659,1.659,1.6590,2
3006,gA,1.779,1.779,1.779,1.7790,2
3006,g98e5,1.779,1.779,1.779,1.7790,2
3006,bio,1.719,1.719,1.719,1.7190,2
3008,g95e5,1.574,1.559,1.574,1.5665,2
3008,gA,1.709,1.709,1.709,1.7090,3
3009,g95e5,1.734,1.734,1.734,1.7340,3
3009,gA,1.909,1.909,1.909,1.9090,3
3009,gP,1.959,1.959,1.959,1.9590,3
3009,g98e5,1.854,1.854,1.854,1.8540,3
3010,g95e5,1.755,1.745,1.755,1.7525,4
3010,gA,1.959,1.945,1.959,1.9545,4
3010,g98e5,1.875,1.875,1.875,1.8750,3
3011,gA,1.730,1.714,1.730,1.7193,3
3012,g95e5,1.549,1.549,1.549,1.5490,3
3012,gA,1.699,1.699,1.699,1.6990,3
3012,gP,1.739,1.739,1.739,1.7390,3
3016,g95e5,1.739,1.739,1.749,1.7415,4
3016,gA,1.859,1.829,1.859,1.8440,4
3016,gP,1.949,1.919,1.949,1.9340,4
3016,g98e5,1.849,1.849,1.859,1.8515,4
3017,g95e5,1.824,1.824,1.824,1.8240,3
3017,gA,1.954,1.934,1.954,1.9473,3
3017,gP,2.024,2.004,2.024,2.0173,3
3017,g95e5p,1.884,1.884,1.884,1.8840,3
3017,gB,1.824,1.824,1.824,1.8240,2
3018,g95e5,1.749,1.739,1.749,1.7465,4
3018,gA,1.899,1.889,1.899,1.8915,4
3018,gP,1.949,1.939,1.949,1.9415,4
3018,g95e5p,1.799,1.789,1.799,1.7965,4
3019,g95e5,1.739,1.739,1.739,1.7390,3
3019,gA,1.929,1.914,1.929,1.9215,2
3019,gP,1.979,1.964,1.979,1.9715,2
3019,g95e5p,1.789,1.789,1.789,1.7890,3
3020,g95e5,1.759,1.759,1.759,1.7590,2
3020,gA,1.955,1.945,1.955,1.9517,3
3020,gP,2.045,2.035,2.045,2.0417,3
3020,g98e5,1.899,1.899,1.899,1.8990,2
3021,g95e5,1.759,1.759,1.759,1.7590,2
3021,gA,1.955,1.945,1.955,1.9517,3
3021,gP,2.045,2.035,2.045,2.0417,3
3021,g98e5,1.899,1.899,1.899,1.8990,2
3023,g95e5,1.689,1.689,1.689,1.6890,2
3023,gA,1.789,1.789,1.789,1.7890,2
3023,g98e5,1.789,1.789,1.789,1.7890,2
3023,bio,1.759,1.759,1.759,1.7590,2
3024,g95e5,1.559,1.559,1.559,1.5590,4
3024,gA,1.704,1.689,1.704,1.6927,4
3026,g95e5,1.559,1.559,1.559,1.5590,2
3026,gA,1.719,1.719,1.719,1.7190,2
3026,g98e5,1.719,1.719,1.719,1.7190,2
3026,bio,1.659,1.659,1.659,1.6590,2
3027,g95e5,1.734,1.734,1.734,1.7340,2
3027,gA,1.919,1.919,1.919,1.9190,2
3027,gP,1.969,1.969,1.969,1.9690,2
3027,g95e5p,1.784,1.784,1.784,1.7840,2
3028,g95e5,1.679,1.679,1.679,1.6790,2
3028,gA,1.874,1.874,1.874,1.8740,2
3028,gP,1.924,1.924,1.924,1.9240,2
3028,g95e5p,1.729,1.729,1.729,1.7290,2
3029,g95e5,1.789,1.789,1.789,1.7890,3
3029,gA,1.919,1.915,1.919,1.9177,3
3029,gP,1.979,1.975,1.979,1.9777,3
3029,g98e5,1.909,1.909,1.909,1.9090,3
3030,g95e5,1.789,1.789,1.789,1.7890,3
3030,gA,1.919,1.915,1.919,1.9177,3
3030,gP,1.979,1.975,1.979,1.9777,3
3030,g98e5,1.909,1.909,1.909,1.9090,3
3031,g95e5,1.729,1.719,1.729,1.7240,4
3031,gA,1.919,1.919,1.929,1.9215,4
3031,gP,1.969,1.969,1.979,1.9715,4
3031,g98e5,1.879,1.869,1.879,1.8740,4
3032,g95e5,1.764,1.764,1.764,1.7640,2
3032,gA,1.924,1.924,1.924,1.9240,2
3032,gP,1.974,1.974,1.974,1.9740,2
3032,g95e5p,1.814,1.814,1.814,1.8140,2
3033,g95e5,1.719,1.714,1.719,1.7165,2
3033,gA,1.854,1.849,1.854,1.8507,3
3033,gP,1.904,1.899,1.904,1.9007,3
3033,g95e5p,1.769,1.764,1.769,1.7665,2
3034,g95e5,1.814,1.814,1.814,1.8140,4
3034,gA,1.954,1.934,1.954,1.9440,4
3034,gP,2.014,1.994,2.014,2.0040,4
3035,g95e5,1.652,1.639,1.659,1.6500,3
3035,gA,1.843,1.819,1.843,1.8270,3
3042,g95e5,1.774,1.774,1.774,1.7740,4
3042,gA,1.984,1.964,1.984,1.9740,4
3042,gP,2.084,2.064,2.084,2.0740,4
3042,g95e5p,1.894,1.894,1.894,1.8940,4
3055,g95e5,1.549,1.529,1.549,1.5390,2
3057,gA,1.749,1.729,1.749,1.7390,2
3058,g95e5,1.739,1.739,1.759,1.7457,3
3058,gA,1.829,1.829,1.839,1.8323,3
3058,gP,1.869,1.869,1.879,1.8723,3
3058,g98e5,1.889,1.889,1.889,1.8890,2
3059,g95e5,1.619,1.619,1.619,1.6190,2
3059,gA,1.729,1.729,1.729,1.7290,2
3059,gP,1.769,1.769,1.769,1.7690,2
3059,g98e5,1.849,1.849,1.849,1.8490,2
3060,g95e5,1.599,1.589,1.599,1.5923,3
3060,gA,1.729,1.709,1.729,1.7157,3
3060,gP,1.749,1.749,1.749,1.7490,3
3061,g95e5,1.729,1.709,1.729,1.7190,4
3061,gA,1.869,1.839,1.869,1.8515,4
3061,gP,1.919,1.889,1.919,1.9015,4
3061,g98e5,1.839,1.819,1.839,1.8290,4
3065,g95e5,1.769,1.759,1.769,1.7615,4
3065,gA,1.919,1.909,1.919,1.9115,4
3065,gP,1.969,1.959,1.969,1.9615,4
3065,g95e5p,1.819,1.809,1.819,1.8115,4
3066,g95e5,1.779,1.779,1.779,1.7790,3
3066,gA,1.939,1.929,1.939,1.9357,3
3066,gP,2.029,2.019,2.029,2.0257,3
3067,g95e5,1.679,1.679,1.689,1.6840,4
3067,gA,1.849,1.819,1.849,1.8290,4
3067,gP,1.899,1.869,1.899,1.8790,4
3067,g95e5p,1.729,1.729,1.739,1.7340,4
3068,g95e5,1.714,1.714,1.714,1.7140,2
3068,gA,1.809,1.794,1.809,1.8015,2
3068,gP,1.859,1.844,1.859,1.8515,2
3069,g95e5,1.709,1.699,1.709,1.7015,4
3069,gA,1.839,1.809,1.839,1.8165,4
3069,gP,1.889,1.859,1.889,1.8665,4
3069,g95e5p,1.759,1.749,1.759,1.7515,4
3070,g95e5,1.739,1.739,1.739,1.7390,2
3070,gA,1.819,1.819,1.819,1.8190,2
3070,gP,1.869,1.869,1.869,1.8690,2
3070,g95e5p,1.789,1.789,1.789,1.7890,2
3072,g95e5,1.699,1.699,1.709,1.7023,3
3072,gA,1.899,1.899,1.899,1.8990,3
3072,gP,1.949,1.949,1.949,1.9490,3
3072,g98e5,1.799,1.799,1.809,1.8023,3
3073,g95e5,1.639,1.629,1.639,1.6315,4
3073,gA,1.769,1.749,1.769,1.7540,4
3074,g95e5,1.789,1.779,1.799,1.7890,4
3074,gA,1.949,1.929,1.949,1.9415,4
3074,gP,1.999,1.979,1.999,1.9915,4
3074,g98e5,1.929,1.919,1.939,1.9290,4
3075,g95e5,1.749,1.739,1.749,1.7415,4
3075,gA,1.909,1.889,1.909,1.8940,4
3075,gP,1.959,1.939,1.959,1.9440,4
3075,g98e5,1.894,1.884,1.894,1.8865,4
3076,g95e5,1.769,1.759,1.769,1.7640,4
3076,gA,1.919,1.899,1.919,1.9090,4
3076,gP,1.969,1.949,1.969,1.9590,4
3076,g95e5p,1.819,1.809,1.819,1.8140,4
3077,g95e5,1.799,1.799,1.799,1.7990,2
3077,gA,1.929,1.909,1.929,1.9223,3
3077,gP,2.019,1.999,2.019,2.0123,3
3077,g98e5,1.939,1.939,1.939,1.9390,2
3079,g95e5,1.559,1.559,1.559,1.5590,3
3079,gA,1.729,1.729,1.729,1.7290,3
3079,gP,1.749,1.749,1.749,1.7490,3
3079,g98e5,1.719,1.719,1.719,1.7190,3
3081,g95e5,1.779,1.779,1.779,1.7790,2
3081,gA,1.919,1.899,1.919,1.9090,2
3081,gP,1.959,1.939,1.959,1.9490,2
3081,g98e5,1.859,1.859,1.859,1.8590,2
3082,g95e5,1.769,1.769,1.769,1.7690,2
3082,gA,1.919,1.899,1.919,1.9090,2
3082,gP,1.959,1.939,1.959,1.9490,2
3082,g98e5,1.949,1.949,1.949,1.9490,2
3083,g95e5,1.759,1.759,1.759,1.7590,2
3083,gA,1.899,1.889,1.899,1.8957,3
3083,gP,1.939,1.929,1.939,1.9357,3
3083,g98e5,1.889,1.889,1.889,1.8890,2
3084,gA,1.889,1.859,1.889,1.8790,3
3084,gP,1.929,1.899,1.929,1.9190,3
3085,g95e5,1.789,1.789,1.789,1.7890,2
3085,gA,1.899,1.899,1.899,1.8990,2
3085,gP,1.939,1.939,1.939,1.9390,2
3085,g98e5,1.919,1.919,1.919,1.9190,3
3087,gA,1.914,1.914,1.914,1.9140,2
3091,g95e5,1.719,1.669,1.719,1.6865,4
3091,gA,1.859,1.789,1.859,1.8115,4
3091,gP,1.909,1.839,1.909,1.8615,4
3091,g95e5p,1.769,1.719,1.769,1.7365,4
3092,g95e5,1.549,1.549,1.555,1.5530,3
3092,gA,1.719,1.719,1.749,1.7365,4
3093,g95e5,1.799,1.799,1.799,1.7990,3
3093,gA,1.959,1.939,1.959,1.9523,3
3093,gP,2.054,2.034,2.054,2.0473,3
3093,gB,1.784,1.764,1.784,1.7773,3
3094,g95e5,1.795,1.795,1.795,1.7950,2
3094,gA,1.945,1.929,1.945,1.9397,3
3094,gP,2.035,2.019,2.035,2.0297,3
3094,g98e5,1.935,1.935,1.935,1.9350,2
3095,g95e5,1.795,1.795,1.795,1.7950,3
3095,gA,1.955,1.939,1.955,1.9497,3
3095,gP,2.045,2.029,2.045,2.0397,3
3095,g98e5,1.935,1.935,1.935,1.9350,3
3097,g95e5,1.639,1.599,1.639,1.6190,2
3097,gA,1.769,1.719,1.769,1.7440,2
3098,g95e5,1.549,1.549,1.555,1.5530,3
3098,gA,1.719,1.719,1.749,1.7365,4
3099,g95e5,1.689,1.659,1.689,1.6757,3
3099,gA,1.809,1.759,1.809,1.7823,3
3099,gP,1.829,1.779,1.829,1.8023,3
3102,g95e5,1.699,1.699,1.709,1.7023,3
3102,gA,1.899,1.879,1.899,1.8923,3
3102,gP,1.959,1.959,1.959,1.9590,3
3102,g98e5,1.869,1.869,1.869,1.8690,3
3103,g95e5,1.729,1.729,1.729,1.7290,3
3103,gA,1.889,1.859,1.889,1.8790,3
3103,gP,1.989,1.989,2.009,1.9957,3
3103,g98e5,1.849,1.849,1.869,1.8557,3
3104,g95e5,1.795,1.795,1.795,1.7950,2
3104,gA,1.945,1.929,1.945,1.9397,3
3104,gP,2.035,2.019,2.035,2.0297,3
3104,g98e5,1.935,1.935,1.935,1.9350,2
3106,g95e5,1.799,1.799,1.799,1.7990,3
3106,gA,1.955,1.949,1.955,1.9530,3
3106,g98e5,1.949,1.949,1.949,1.9490,3
3107,g95e5,1.805,1.805,1.805,1.8050,2
3107,gA,1.945,1.945,1.945,1.9450,2
3107,gP,2.035,2.035,2.035,2.0350,2
3107,g98e5,1.945,1.945,1.945,1.9450,2
3108,g95e5,1.769,1.769,1.769,1.7690,2
3108,gA,1.944,1.924,1.944,1.9307,3
3108,gP,2.024,2.004,2.024,2.0107,3
3108,g98e5,1.909,1.909,1.909,1.9090,2
3109,g95e5,1.805,1.795,1.805,1.8025,4
3109,gA,1.949,1.929,1.949,1.9405,4
3109,g98e5,1.925,1.925,1.925,1.9250,3
3109,g95e5p,1.875,1.875,1.875,1.8750,3
3110,g95e5,1.795,1.795,1.795,1.7950,3
3110,gA,1.939,1.929,1.939,1.9357,3
3110,g98e5,1.965,1.965,1.965,1.9650,3
3111,g95e5,1.709,1.699,1.709,1.7040,2
3111,gA,1.789,1.779,1.789,1.7840,2
3111,gP,1.789,1.779,1.789,1.7840,2
3113,gA,1.959,1.939,1.959,1.9457,3
3114,gA,1.959,1.939,1.959,1.9457,3
3115,g95e5,1.819,1.819,1.819,1.8190,4
3115,gA,1.979,1.959,1.979,1.9690,4
3115,gP,2.054,2.034,2.054,2.0440,4
3115,g95e5p,1.894,1.894,1.894,1.8940,4
3116,g95e5,1.819,1.819,1.819,1.8190,4
3116,gA,1.979,1.959,1.979,1.9690,4
3116,gP,2.054,2.034,2.054,2.0440,4
3116,g95e5p,1.894,1.894,1.894,1.8940,4
3117,g95e5,1.839,1.839,1.839,1.8390,2
3117,gA,1.949,1.949,1.949,1.9490,2
3117,gP,2.049,2.049,2.049,2.0490,2
3117,g98e5,1.979,1.979,1.979,1.9790,2
3118,g95e5,1.789,1.789,1.789,1.7890,3
3118,gA,1.929,1.925,1.929,1.9277,3
3118,g98e5,1.959,1.959,1.959,1.9590,3
3119,g95e5,1.789,1.789,1.789,1.7890,3
3119,gA,1.929,1.925,1.929,1.9277,3
3119,g98e5,1.959,1.959,1.959,1.9590,3
3119,glp,1.105,1.105,1.105,1.1050,2
3120,g95e5,1.809,1.809,1.809,1.8090,2
3120,gA,1.949,1.929,1.949,1.9423,3
3120,gP,2.039,2.019,2.039,2.0323,3
3120,g98e5,1.949,1.949,1.949,1.9490,2
3121,g95e5,1.799,1.799,1.799,1.7990,2
3121,gA,1.949,1.929,1.949,1.9423,3
3121,gP,2.039,2.019,2.039,2.0323,3
3121,g98e5,1.939,1.939,1.939,1.9390,2
3122,g95e5,1.769,1.769,1.769,1.7690,2
3122,gA,1.919,1.905,1.919,1.9143,3
3122,gP,2.009,1.995,2.009,2.0043,3
3122,g98e5,1.909,1.909,1.909,1.9090,2
3123,g95e5,1.815,1.805,1.815,1.8125,4
3123,gA,1.949,1.945,1.949,1.9477,3
3123,g98e5,1.935,1.935,1.935,1.9350,3
3123,glp,1.149,1.149,1.149,1.1490,2
3124,g95e5,1.799,1.799,1.799,1.7990,2
3124,gA,1.949,1.929,1.949,1.9423,3
3124,gP,2.039,2.019,2.039,2.0323,3
3124,g98e5,1.939,1.939,1.939,1.9390,2
3125,gA,1.969,1.969,1.969,1.9690,2
3126,g95e5,1.799,1.799,1.799,1.7990,3
3126,gA,1.959,1.939,1.959,1.9523,3
3126,gP,2.054,2.034,2.054,2.0473,3
3126,g95e5p,1.894,1.894,1.894,1.8940,3
3127,g95e5,1.799,1.799,1.799,1.7990,4
3127,gA,1.919,1.919,1.919,1.9190,4
3127,gP,1.969,1.969,1.969,1.9690,4
3127,g95e5p,1.849,1.849,1.849,1.8490,4
3129,g95e5,1.899,1.899,1.899,1.8990,3
3129,gA,2.019,2.019,2.019,2.0190,3
3129,g98e5,1.999,1.999,2.009,2.0023,3
3129,gB,1.779,1.779,1.779,1.7790,2
3131,g95e5,1.799,1.799,1.799,1.7990,2
3131,gA,1.939,1.929,1.939,1.9340,2
3131,gP,2.009,1.999,2.009,2.0040,2
3131,g98e5,1.939,1.939,1.939,1.9390,2
3131,g95e5p,1.869,1.869,1.869,1.8690,2
3133,g95e5,1.799,1.799,1.799,1.7990,4
3133,gA,1.959,1.939,1.959,1.9490,4
3133,gP,2.054,2.034,2.054,2.0440,4
3134,gA,1.939,1.939,1.939,1.9390,2
3134,gP,2.029,2.029,2.029,2.0290,2
3136,g95e5,1.779,1.779,1.779,1.7790,2
3136,gA,1.939,1.929,1.939,1.9340,2
3136,gP,2.029,2.019,2.029,2.0240,2
3136,g98e5,1.919,1.919,1.919,1.9190,2
3137,g95e5,1.809,1.809,1.809,1.8090,4
3137,gA,1.959,1.939,1.959,1.9523,3
3137,gP,2.054,2.034,2.054,2.0473,3
3138,g95e5,1.799,1.799,1.799,1.7990,4
3138,gA,1.959,1.939,1.959,1.9523,3
3138,gP,2.054,2.034,2.054,2.0473,3
3138,g95e5p,1.904,1.904,1.904,1.9040,4
3139,g95e5,1.809,1.809,1.809,1.8090,3
3139,gA,1.959,1.939,1.959,1.9490,4
3139,gP,2.054,2.034,2.054,2.0440,4
3139,g95e5p,1.914,1.914,1.914,1.9140,3
3140,g95e5,1.799,1.799,1.799,1.7990,4
3140,gA,1.959,1.939,1.959,1.9490,4
3140,gP,2.054,2.034,2.054,2.0440,4
3140,g95e5p,1.874,1.874,1.874,1.8740,4
3141,g95e5,1.799,1.799,1.799,1.7990,4
3141,gA,1.959,1.939,1.959,1.9490,4
3141,gP,2.054,2.034,2.054,2.0440,4
3141,g95e5p,1.924,1.924,1.924,1.9240,4
3143,g95e5,1.809,1.809,1.809,1.8090,3
3143,gA,1.939,1.929,1.939,1.9355,4
3143,g98e5,1.979,1.979,1.979,1.9790,3
3143,gB,1.740,1.735,1.740,1.7383,3
3144,gA,1.959,1.959,1.959,1.9590,2
3144,gP,2.054,2.054,2.054,2.0540,2
3144,gB,1.734,1.734,1.734,1.7340,2
3145,g95e5,1.789,1.789,1.789,1.7890,2
3145,gA,1.949,1.929,1.949,1.9423,3
3145,gP,2.039,2.019,2.039,2.0323,3
3145,g98e5,1.929,1.929,1.929,1.9290,2
3147,g95e5,1.769,1.749,1.769,1.7590,4
3147,gA,1.914,1.899,1.914,1.9065,4
3147,gP,1.964,1.949,1.964,1.9565,4
3149,g95e5,1.789,1.789,1.789,1.7890,2
3149,gA,1.949,1.929,1.949,1.9423,3
3149,gP,2.039,2.019,2.039,2.0323,3
3149,g98e5,1.929,1.929,1.929,1.9290,2
3150,g95e5,1.719,1.709,1.719,1.7115,4
3150,gA,1.809,1.789,1.809,1.7940,4
3150,gP,1.859,1.839,1.859,1.8440,4
3150,g95e5p,1.769,1.759,1.769,1.7615,4
3151,g95e5,1.815,1.815,1.815,1.8150,3
3151,gA,1.945,1.945,1.945,1.9450,3
3151,g98e5,1.935,1.935,1.935,1.9350,3
3152,gA,1.889,1.839,1.889,1.8723,3
3153,g95e5,1.639,1.639,1.649,1.6423,3
3153,gA,1.769,1.769,1.769,1.7690,3
3153,gP,1.789,1.789,1.789,1.7890,3
3153,g95e5p,1.659,1.659,1.669,1.6623,3
3154,g95e5,1.639,1.629,1.639,1.6340,2
3154,gA,1.769,1.749,1.769,1.7590,2
3154,gP,1.789,1.769,1.789,1.7790,2
3154,g95e5p,1.659,1.649,1.659,1.6540,2
3155,g95e5,1.789,1.775,1.789,1.7855,4
3155,gA,1.979,1.955,1.979,1.9720,4
3155,g98e5,1.909,1.909,1.909,1.9090,3
3156,g95e5,1.779,1.779,1.779,1.7790,2
3156,gA,1.899,1.899,1.899,1.8990,2
3156,gP,1.999,1.985,1.999,1.9943,3
3156,g98e5,1.909,1.909,1.909,1.9090,2
3157,g95e5,1.799,1.799,1.799,1.7990,2
3157,gA,1.919,1.899,1.919,1.9123,3
3157,gP,2.009,1.989,2.009,2.0023,3
3157,g98e5,1.939,1.939,1.939,1.9390,2
3158,g95e5,1.795,1.795,1.795,1.7950,2
3158,gA,1.939,1.939,1.939,1.9390,2
3158,gP,2.029,2.029,2.029,2.0290,2
3158,g98e5,1.935,1.935,1.935,1.9350,2
3159,g95e5,1.795,1.795,1.795,1.7950,2
3159,gA,1.939,1.939,1.939,1.9390,2
3159,gP,2.029,2.029,2.029,2.0290,2
3159,g98e5,1.935,1.935,1.935,1.9350,2
3160,g95e5,1.805,1.795,1.805,1.8025,4
3160,gA,1.929,1.909,1.929,1.9230,4
3160,g98e5,1.925,1.925,1.925,1.9250,3
3161,g95e5,1.805,1.805,1.805,1.8050,3
3161,gA,1.929,1.925,1.929,1.9277,3
3161,g98e5,1.925,1.925,1.925,1.9250,3
3163,g95e5,1.799,1.799,1.799,1.7990,3
3163,gA,1.929,1.929,1.935,1.9310,3
3163,g98e5,1.969,1.969,1.969,1.9690,3
3163,gB,1.720,1.715,1.720,1.7183,3
3164,g95e5,1.799,1.799,1.799,1.7990,2
3164,gA,1.949,1.949,1.949,1.9490,2
3164,gP,2.019,2.019,2.019,2.0190,2
3164,g98e5,1.929,1.929,1.929,1.9290,2
3164,g95e5p,1.869,1.869,1.869,1.8690,2
3165,g95e5,1.790,1.790,1.792,1.7913,3
3165,gA,1.928,1.911,1.928,1.9167,3
3165,gP,2.017,2.000,2.017,2.0057,3
3165,g98e5,1.922,1.922,1.924,1.9233,3
3165,g95e5p,1.868,1.868,1.880,1.8760,3
3167,g95e5,1.799,1.789,1.799,1.7965,4
3167,gA,1.939,1.935,1.939,1.9377,3
3167,g98e5,1.919,1.919,1.919,1.9190,3
3167,g95e5p,1.869,1.869,1.869,1.8690,3
3168,g95e5,1.775,1.775,1.775,1.7750,3
3168,gA,1.949,1.945,1.949,1.9477,3
3168,g98e5,1.945,1.945,1.945,1.9450,3
3168,glp,1.149,1.149,1.149,1.1490,2
3170,g95e5,1.799,1.799,1.799,1.7990,3
3170,gA,1.959,1.939,1.959,1.9523,3
3170,gP,2.054,2.034,2.054,2.0473,3
3170,g95e5p,1.894,1.894,1.894,1.8940,3
3171,g95e5,1.799,1.799,1.799,1.7990,3
3171,gA,1.959,1.939,1.959,1.9490,4
3171,gP,2.054,2.034,2.054,2.0440,4
3171,g95e5p,1.914,1.914,1.914,1.9140,3
3172,g95e5,1.814,1.814,1.814,1.8140,2
3172,gA,1.954,1.954,1.954,1.9540,2
3172,gP,2.074,2.074,2.074,2.0740,2
3172,g98e5,1.934,1.934,1.934,1.9340,2
3174,g95e5,1.789,1.789,1.789,1.7890,3
3174,gA,1.955,1.939,1.955,1.9497,3
3174,g98e5,1.959,1.959,1.959,1.9590,3
3175,g95e5,1.785,1.785,1.785,1.7850,3
3175,gA,1.945,1.929,1.945,1.9397,3
3175,g98e5,1.955,1.955,1.955,1.9550,3
3176,g95e5,1.819,1.809,1.819,1.8157,3
3176,gA,1.969,1.949,1.969,1.9623,3
3176,gP,2.059,2.039,2.059,2.0523,3
3176,g98e5,1.959,1.949,1.959,1.9557,3
3178,gA,1.925,1.925,1.925,1.9250,2
3179,gA,1.925,1.925,1.925,1.9250,2
3179,glp,1.009,1.009,1.009,1.0090,2
3180,g95e5,1.795,1.795,1.795,1.7950,3
3180,gA,1.955,1.955,1.955,1.9550,3
3180,g98e5,1.915,1.915,1.915,1.9150,3
3181,g95e5,1.789,1.789,1.789,1.7890,2
3181,gA,1.959,1.959,1.959,1.9590,2
3181,gP,2.039,2.039,2.039,2.0390,2
3181,g98e5,1.919,1.919,1.919,1.9190,2
3181,gB,1.659,1.659,1.659,1.6590,2
3182,g95e5,1.805,1.795,1.805,1.8025,4
3182,gA,1.929,1.909,1.929,1.9230,4
3182,g98e5,1.925,1.925,1.925,1.9250,3
3183,g95e5,1.805,1.805,1.805,1.8050,3
3183,gA,1.929,1.925,1.929,1.9277,3
3183,g98e5,1.925,1.925,1.925,1.9250,3
3185,g95e5,1.795,1.785,1.795,1.7910,4
3185,gA,1.949,1.939,1.949,1.9457,3
3185,g98e5,1.915,1.909,1.915,1.9130,3
3185,glp,1.105,1.105,1.105,1.1050,2
3189,g95e5,1.799,1.799,1.799,1.7990,3
3189,gA,1.939,1.939,1.939,1.9390,3
3189,gP,2.034,2.034,2.034,2.0340,3
3190,g95e5,1.799,1.799,1.799,1.7990,3
3190,gA,1.939,1.939,1.939,1.9390,3
3190,gP,2.034,2.034,2.034,2.0340,3
3191,g95e5,1.699,1.699,1.699,1.6990,4
3191,gA,1.789,1.789,1.789,1.7890,4
3191,gP,1.839,1.839,1.839,1.8390,4
3191,g95e5p,1.749,1.749,1.749,1.7490,4
3192,g95e5,1.809,1.809,1.809,1.8090,3
3192,gA,1.939,1.935,1.939,1.9377,3
3192,g98e5,1.979,1.979,1.979,1.9790,3
3192,glp,1.105,1.105,1.105,1.1050,2
3192,gB,1.740,1.735,1.740,1.7383,3
3196,g95e5,1.819,1.799,1.819,1.8090,4
3196,gA,1.959,1.929,1.959,1.9415,4
3196,gP,2.059,2.039,2.059,2.0490,2
3198,g95e5,1.849,1.839,1.849,1.8465,4
3198,gA,1.929,1.929,1.945,1.9343,3
3198,g98e5,1.969,1.969,1.969,1.9690,3
3198,g95e5p,1.919,1.919,1.919,1.9190,3
3199,g95e5,1.789,1.775,1.789,1.7855,4
3199,gA,1.929,1.905,1.929,1.9180,4
3199,g98e5,1.959,1.959,1.959,1.9590,3
3199,g95e5p,1.869,1.869,1.869,1.8690,3
3202,g95e5,1.789,1.789,1.789,1.7890,3
3202,gA,1.919,1.919,1.919,1.9190,3
3202,gP,1.949,1.949,1.949,1.9490,3
3202,g98e5,1.929,1.929,1.929,1.9290,3
3203,g95e5,1.789,1.789,1.789,1.7890,2
3203,gA,1.919,1.919,1.919,1.9190,2
3203,gP,2.039,2.039,2.039,2.0390,2
3203,g98e5,1.939,1.939,1.939,1.9390,2
3204,g95e5,1.819,1.819,1.819,1.8190,2
3204,gA,1.939,1.939,1.939,1.9390,2
3204,g98e5,1.969,1.969,1.969,1.9690,2
3204,gB,1.589,1.589,1.589,1.5890,2
3205,g95e5,1.839,1.839,1.839,1.8390,3
3205,gA,1.979,1.955,1.979,1.9720,4
3205,g98e5,1.959,1.959,1.959,1.9590,3
3205,glp,1.105,1.105,1.105,1.1050,2
3206,g95e5,1.819,1.819,1.819,1.8190,3
3206,gA,1.957,1.939,1.957,1.9450,3
3206,gP,2.049,2.029,2.049,2.0357,3
3206,g98e5,1.959,1.949,1.959,1.9523,3
3207,gA,1.929,1.899,1.929,1.9140,2
3209,gP,1.979,1.929,1.979,1.9540,2
3209,g98e5,1.939,1.879,1.939,1.9090,2
3210,g95e5,1.799,1.799,1.799,1.7990,3
3210,gA,1.959,1.959,1.959,1.9590,3
3210,g98e5,1.999,1.999,1.999,1.9990,3
3210,gB,1.699,1.699,1.699,1.6990,3
3212,g95e5,1.799,1.799,1.799,1.7990,4
3212,gA,1.959,1.939,1.959,1.9490,4
3212,gP,2.054,2.034,2.054,2.0440,4
3216,g95e5,1.634,1.609,1.634,1.6178,4
3216,gA,1.769,1.759,1.769,1.7640,4
3217,g95e5,1.805,1.805,1.805,1.8050,3
3217,gA,1.949,1.935,1.949,1.9443,3
3217,g98e5,1.925,1.925,1.925,1.9250,3
3218,g95e5,1.809,1.809,1.809,1.8090,3
3218,gA,1.949,1.935,1.949,1.9443,3
3218,g98e5,1.929,1.929,1.929,1.9290,3
3219,g95e5,1.795,1.795,1.795,1.7950,2
3219,gA,1.959,1.939,1.959,1.9523,3
3219,gP,2.049,2.029,2.049,2.0423,3
3219,g98e5,1.935,1.935,1.935,1.9350,2
3230,g95e5,1.814,1.814,1.814,1.8140,3
3230,gA,1.934,1.914,1.934,1.9273,3
3230,gP,2.034,2.014,2.034,2.0273,3
3230,g95e5p,1.914,1.914,1.914,1.9140,3
3235,g95e5,1.775,1.765,1.775,1.7725,4
3235,gA,1.925,1.915,1.925,1.9217,3
3235,g98e5,1.895,1.895,1.895,1.8950,3
3235,glp,1.179,1.179,1.179,1.1790,2
3235,gB,1.610,1.605,1.610,1.6083,3
3236,g95e5,1.785,1.785,1.785,1.7850,2
3236,gA,1.899,1.899,1.899,1.8990,2
3236,gP,1.995,1.995,1.995,1.9950,2
3236,g98e5,1.895,1.895,1.895,1.8950,2
3237,g95e5,1.755,1.755,1.755,1.7550,3
3237,gA,1.879,1.875,1.879,1.8777,3
3237,gB,1.600,1.595,1.600,1.5983,3
3238,g95e5,1.789,1.789,1.789,1.7890,3
3238,gA,1.915,1.905,1.915,1.9117,3
3238,g98e5,1.909,1.909,1.909,1.9090,3
3240,g95e5,1.785,1.785,1.785,1.7850,3
3240,gA,1.905,1.899,1.905,1.9030,3
3240,gP,1.965,1.959,1.965,1.9630,3
3240,g98e5,1.905,1.905,1.905,1.9050,3
3240,gB,1.640,1.635,1.640,1.6383,3
3241,g95e5,1.805,1.805,1.805,1.8050,3
3241,gA,1.899,1.895,1.899,1.8977,3
3241,gP,2.009,2.005,2.009,2.0077,3
3241,gB,1.629,1.629,1.629,1.6290,3
3242,g95e5,1.755,1.755,1.755,1.7550,3
3242,gA,1.875,1.875,1.875,1.8750,3
3242,gP,1.965,1.965,1.965,1.9650,3
3242,g98e5,1.925,1.925,1.925,1.9250,3
3242,gB,1.625,1.625,1.625,1.6250,3
3243,g95e5,1.759,1.759,1.759,1.7590,3
3243,gA,1.885,1.875,1.885,1.8817,3
3243,gP,1.995,1.985,1.995,1.9917,3
3243,g98e5,1.929,1.929,1.929,1.9290,3
3244,g95e5,1.805,1.805,1.805,1.8050,3
3244,gA,1.919,1.915,1.919,1.9177,3
3244,g98e5,1.925,1.925,1.925,1.9250,3
3244,gB,1.600,1.595,1.600,1.5983,3
3245,g95e5,1.755,1.755,1.755,1.7550,3
3245,gA,1.879,1.875,1.879,1.8777,3
3245,gP,1.989,1.985,1.989,1.9877,3
3245,g98e5,1.925,1.925,1.925,1.9250,3
3246,g95e5,1.789,1.789,1.795,1.7910,3
3246,gA,1.889,1.889,1.889,1.8890,3
3246,g98e5,1.959,1.959,1.965,1.9610,3
3246,gB,1.654,1.649,1.654,1.6523,3
3247,gA,1.909,1.889,1.909,1.8957,3
3247,gP,1.959,1.939,1.959,1.9457,3
3249,g95e5,1.779,1.779,1.779,1.7790,2
3249,gA,1.909,1.889,1.909,1.8990,3
3249,gP,1.999,1.999,1.999,1.9990,2
3250,g95e5,1.785,1.785,1.785,1.7850,3
3250,gA,1.899,1.879,1.899,1.8923,3
3250,gP,2.009,1.989,2.009,2.0023,3
3250,g98e5,1.925,1.925,1.925,1.9250,3
3252,g95e5,1.795,1.795,1.795,1.7950,3
3252,gA,1.889,1.889,1.895,1.8910,3
3252,gP,1.999,1.999,2.005,2.0010,3
3252,gB,1.650,1.645,1.650,1.6483,3
3255,g95e5,1.799,1.799,1.799,1.7990,3
3255,gA,1.925,1.919,1.925,1.9230,3
3255,gP,2.035,2.029,2.035,2.0330,3
3255,g98e5,1.919,1.919,1.919,1.9190,3
3255,glp,1.179,1.179,1.179,1.1790,2
3257,g95e5,1.755,1.755,1.755,1.7550,3
3257,gA,1.875,1.875,1.875,1.8750,3
3257,gP,1.985,1.985,1.985,1.9850,3
3257,g98e5,1.925,1.925,1.925,1.9250,3
3260,g95e5,1.789,1.779,1.789,1.7865,4
3260,gA,1.925,1.899,1.925,1.9145,4
3260,gP,2.035,2.019,2.035,2.0297,3
3262,g95e5,1.789,1.789,1.789,1.7890,3
3262,gA,1.915,1.905,1.915,1.9117,3
3262,g98e5,1.909,1.909,1.909,1.9090,3
3262,glp,1.155,1.155,1.155,1.1550,2
3264,g95e5,1.795,1.795,1.795,1.7950,3
3264,gA,1.899,1.895,1.899,1.8977,3
3264,gP,2.009,2.005,2.009,2.0077,3
3265,gA,1.909,1.905,1.909,1.9070,2
3265,gP,2.019,1.999,2.019,2.0077,3
3265,g98e5,1.895,1.885,1.895,1.8917,3
3266,g95e5,1.755,1.755,1.755,1.7550,3
3266,gA,1.879,1.875,1.879,1.8777,3
3266,g98e5,1.925,1.925,1.925,1.9250,3
3267,g95e5,1.805,1.805,1.805,1.8050,3
3267,gA,1.899,1.895,1.899,1.8977,3
3267,gP,2.009,2.005,2.009,2.0077,3
3267,g98e5,1.975,1.975,1.975,1.9750,3
3268,g95e5,1.795,1.795,1.795,1.7950,3
3268,gA,1.899,1.895,1.899,1.8977,3
3268,g98e5,1.915,1.915,1.915,1.9150,3
3268,glp,1.165,1.165,1.165,1.1650,2
3269,g95e5,1.775,1.765,1.775,1.7725,4
3269,gA,1.885,1.885,1.895,1.8875,4
3269,g98e5,1.895,1.895,1.895,1.8950,3
3270,g95e5,1.795,1.795,1.795,1.7950,3
3270,gA,1.929,1.929,1.929,1.9290,3
3270,g98e5,1.915,1.915,1.915,1.9150,3
3270,g95e5p,1.865,1.865,1.865,1.8650,3
3272,g95e5,1.765,1.755,1.765,1.7625,4
3272,gA,1.889,1.875,1.889,1.8830,4
3272,g98e5,1.885,1.885,1.885,1.8850,3
3272,g95e5p,1.845,1.845,1.845,1.8450,3
3274,g95e5,1.785,1.785,1.785,1.7850,3
3274,gA,1.899,1.879,1.899,1.8923,3
3274,gP,2.009,1.989,2.009,2.0023,3
3274,g98e5,1.925,1.925,1.925,1.9250,3
3276,g95e5,1.799,1.799,1.809,1.8023,3
3276,gA,1.899,1.899,1.899,1.8990,3
3276,gP,2.009,2.009,2.009,2.0090,3
3276,gB,1.610,1.605,1.610,1.6083,3
3277,g95e5,1.755,1.755,1.755,1.7550,3
3277,gA,1.885,1.875,1.885,1.8817,3
3277,g98e5,1.925,1.925,1.925,1.9250,3
3277,gB,1.660,1.655,1.660,1.6583,3
3280,gA,1.929,1.929,1.929,1.9290,2
3280,gP,1.939,1.939,1.985,1.9610,3
3281,gA,1.954,1.954,1.954,1.9540,2
3281,gP,2.044,2.044,2.044,2.0440,2
3283,g95e5,1.775,1.775,1.775,1.7750,2
3283,gA,1.925,1.915,1.925,1.9200,2
3283,gP,2.035,2.025,2.035,2.0300,2
3283,g98e5,1.895,1.895,1.895,1.8950,2
3284,g95e5,1.755,1.755,1.755,1.7550,3
3284,gA,1.885,1.885,1.885,1.8850,3
3284,gP,1.995,1.995,1.995,1.9950,3
3286,g95e5,1.805,1.805,1.805,1.8050,3
3286,gA,1.899,1.895,1.899,1.8977,3
3286,g98e5,1.975,1.975,1.975,1.9750,3
3287,g95e5,1.755,1.755,1.755,1.7550,3
3287,gA,1.875,1.875,1.875,1.8750,3
3287,gP,1.985,1.985,1.985,1.9850,3
3287,gB,1.600,1.595,1.600,1.5983,3
3288,g95e5,1.765,1.765,1.765,1.7650,3
3288,gA,1.899,1.895,1.899,1.8977,3
3288,g98e5,1.935,1.935,1.935,1.9350,3
3289,g95e5,1.805,1.805,1.805,1.8050,3
3289,gA,1.899,1.895,1.899,1.8977,3
3289,gP,2.009,2.005,2.009,2.0077,3
3289,g98e5,1.975,1.975,1.975,1.9750,3
3289,gB,1.640,1.635,1.640,1.6383,3
3290,g95e5,1.799,1.799,1.799,1.7990,3
3290,gA,1.899,1.889,1.899,1.8957,3
3290,g98e5,1.919,1.919,1.919,1.9190,3
3290,glp,1.179,1.179,1.179,1.1790,2
3291,g95e5,1.609,1.599,1.609,1.6040,2
3291,gA,1.729,1.699,1.729,1.7140,2
3291,gP,1.739,1.719,1.739,1.7290,2
3291,g95e5p,1.619,1.619,1.619,1.6190,2
3292,g95e5,1.775,1.765,1.775,1.7725,4
3292,gA,1.895,1.889,1.895,1.8930,3
3292,g98e5,1.895,1.895,1.895,1.8950,3
3292,gB,1.604,1.599,1.604,1.6023,3
3293,g95e5,1.789,1.779,1.789,1.7865,4
3293,gA,1.925,1.925,1.925,1.9250,3
3293,g98e5,1.909,1.909,1.909,1.9090,3
3293,g95e5p,1.859,1.859,1.859,1.8590,3
3293,glp,1.149,1.149,1.149,1.1490,2
3295,gA,1.899,1.899,1.899,1.8990,3
3295,gP,1.989,1.989,1.989,1.9890,3
3298,g95e5,1.759,1.755,1.759,1.7580,4
3298,gA,1.879,1.869,1.879,1.8765,4
3298,g98e5,1.879,1.879,1.879,1.8790,3
3298,gB,1.640,1.635,1.640,1.6383,3
3300,g95e5,1.785,1.785,1.785,1.7850,2
3300,gA,1.905,1.899,1.905,1.9020,2
3300,gP,1.965,1.939,1.965,1.9543,3
3300,g98e5,1.905,1.895,1.905,1.9017,3
3303,g95e5,1.789,1.789,1.799,1.7923,3
3303,gA,1.899,1.899,1.909,1.9023,3
3304,g95e5,1.809,1.789,1.809,1.7990,4
3304,gA,1.889,1.869,1.889,1.8790,4
3304,gP,1.939,1.919,1.939,1.9290,4
3304,g98e5,1.929,1.919,1.929,1.9240,4
3306,gA,1.914,1.914,1.914,1.9140,2
3306,gB,1.694,1.694,1.694,1.6940,2
3308,gA,1.729,1.729,1.729,1.7290,2
3308,gP,1.759,1.759,1.759,1.7590,2
3310,g95e5,1.775,1.765,1.775,1.7725,4
3310,gA,1.895,1.869,1.895,1.8870,4
3310,g98e5,1.895,1.895,1.895,1.8950,3
3313,g95e5,1.809,1.795,1.809,1.8043,3
3313,gA,1.879,1.875,1.879,1.8777,3
3313,gP,1.939,1.935,1.939,1.9377,3
3313,g98e5,1.929,1.915,1.929,1.9243,3
3315,g95e5,1.775,1.775,1.775,1.7750,3
3315,gA,1.909,1.895,1.909,1.9043,3
3315,gP,2.019,2.005,2.019,2.0143,3
3315,g98e5,1.895,1.895,1.895,1.8950,3
3317,g95e5,1.809,1.799,1.809,1.8065,4
3317,gA,1.919,1.915,1.919,1.9177,3
3317,g98e5,1.929,1.929,1.929,1.9290,3
3318,g95e5,1.799,1.799,1.799,1.7990,3
3318,gA,1.885,1.879,1.885,1.8830,3
3318,g98e5,1.919,1.919,1.919,1.9190,3
3319,g95e5,1.795,1.795,1.795,1.7950,3
3319,gA,1.899,1.895,1.899,1.8977,3
3319,g98e5,1.915,1.915,1.915,1.9150,3
3319,g95e5p,1.865,1.865,1.865,1.8650,3
3320,g95e5,1.799,1.799,1.809,1.8023,3
3320,gA,1.885,1.879,1.885,1.8830,3
3320,g98e5,1.919,1.919,1.929,1.9223,3
3324,g95e5,1.755,1.755,1.755,1.7550,3
3324,gA,1.889,1.875,1.889,1.8843,3
3324,gP,1.999,1.985,1.999,1.9943,3
3324,g98e5,1.925,1.925,1.925,1.9250,3
3325,g95e5,1.785,1.785,1.789,1.7863,3
3325,gA,1.889,1.879,1.889,1.8857,3
3325,g98e5,1.955,1.955,1.959,1.9563,3
3325,gB,1.600,1.595,1.600,1.5983,3
3326,g95e5,1.759,1.759,1.759,1.7590,3
3326,gA,1.879,1.879,1.879,1.8790,3
3326,g98e5,1.879,1.879,1.879,1.8790,3
3326,gB,1.649,1.649,1.649,1.6490,3
3327,g95e5,1.755,1.755,1.755,1.7550,3
3327,gA,1.889,1.885,1.889,1.8877,3
3327,g98e5,1.875,1.875,1.875,1.8750,3
3327,gB,1.654,1.649,1.654,1.6523,3
3328,g95e5,1.799,1.799,1.799,1.7990,3
3328,gA,1.899,1.899,1.899,1.8990,3
3328,gP,1.989,1.989,1.989,1.9890,3
3328,g98e5,1.979,1.979,1.979,1.9790,3
3328,gB,1.619,1.619,1.619,1.6190,3
3329,g95e5,1.795,1.795,1.799,1.7963,3
3329,gA,1.909,1.899,1.909,1.9057,3
3329,g98e5,1.965,1.965,1.969,1.9663,3
3329,gB,1.654,1.649,1.654,1.6523,3
3332,g95e5,1.499,1.499,1.499,1.4990,2
3332,gA,1.709,1.709,1.709,1.7090,2
3334,g95e5,1.799,1.789,1.799,1.7965,4
3334,gA,1.885,1.875,1.885,1.8810,4
3334,g95e5p,1.869,1.869,1.869,1.8690,3
3335,g95e5,1.809,1.809,1.809,1.8090,3
3335,gA,1.889,1.889,1.889,1.8890,3
3335,g98e5,1.929,1.929,1.929,1.9290,3
3335,g95e5p,1.879,1.879,1.879,1.8790,3
3336,g95e5,1.775,1.775,1.775,1.7750,3
3336,gA,1.909,1.889,1.909,1.9005,4
3336,gP,2.019,2.005,2.019,2.0143,3
3336,g98e5,1.895,1.895,1.895,1.8950,3
3337,g95e5,1.789,1.789,1.795,1.7910,3
3337,gA,1.905,1.905,1.905,1.9050,3
3337,gP,1.965,1.965,1.965,1.9650,3
3337,g98e5,1.909,1.909,1.915,1.9110,3
3337,glp,1.149,1.149,1.149,1.1490,2
3338,g95e5,1.775,1.775,1.775,1.7750,3
3338,gA,1.895,1.889,1.895,1.8930,3
3338,gP,2.005,1.999,2.005,2.0030,3
3338,g98e5,1.895,1.895,1.895,1.8950,3
3338,glp,1.149,1.149,1.149,1.1490,2
3339,g95e5,1.799,1.799,1.799,1.7990,3
3339,gA,1.915,1.905,1.915,1.9110,4
3339,gP,2.025,2.019,2.025,2.0230,3
3339,g98e5,1.919,1.919,1.919,1.9190,3
3340,g95e5,1.795,1.759,1.795,1.7770,2
3340,gA,1.795,1.789,1.795,1.7910,3
3347,g95e5,1.799,1.799,1.799,1.7990,2
3347,gA,1.915,1.899,1.915,1.9077,3
3347,gP,2.025,1.999,2.025,2.0077,3
3347,g95e10,1.859,1.859,1.859,1.8590,2
3349,g95e5,1.784,1.784,1.784,1.7840,3
3349,gA,1.924,1.904,1.924,1.9173,3
3349,gP,2.024,2.004,2.024,2.0173,3
3349,g95e5p,1.874,1.874,1.874,1.8740,3
3357,gA,1.924,1.924,1.924,1.9240,2
3357,gP,2.014,2.014,2.014,2.0140,2
3361,gA,1.914,1.914,1.914,1.9140,2
3361,gP,2.004,2.004,2.004,2.0040,2
3362,gA,1.914,1.914,1.914,1.9140,2
3362,gP,2.004,2.004,2.004,2.0040,2
3364,g95e5,1.814,1.814,1.814,1.8140,4
3364,gA,1.924,1.904,1.924,1.9173,3
3364,gP,2.024,2.004,2.024,2.0173,3
3364,g95e5p,1.914,1.914,1.914,1.9140,4
3365,g95e5,1.659,1.659,1.669,1.6657,3
3365,gA,1.869,1.854,1.869,1.8590,3
3365,gP,1.919,1.904,1.919,1.9090,3
3365,g98e5,1.769,1.769,1.779,1.7757,3
3370,g95e5,1.619,1.619,1.619,1.6190,2
3370,gA,1.769,1.769,1.769,1.7690,2
3370,g98e5,1.769,1.769,1.769,1.7690,2
3370,bio,1.719,1.719,1.719,1.7190,2
3371,g95e5,1.699,1.689,1.699,1.6940,4
3371,gA,1.829,1.819,1.829,1.8240,4
3372,g95e5,1.754,1.754,1.754,1.7540,2
3372,gA,1.889,1.889,1.889,1.8890,2
3372,gP,1.939,1.939,1.939,1.9390,2
3372,g98e5,1.894,1.894,1.894,1.8940,2
3372,gB,1.594,1.589,1.594,1.5915,2
3373,g95e5,1.719,1.719,1.719,1.7190,2
3373,gA,1.819,1.819,1.819,1.8190,2
3373,gP,1.859,1.859,1.859,1.8590,2
3373,g98e5,1.819,1.819,1.819,1.8190,2
3373,bio,1.759,1.759,1.759,1.7590,2
3374,g95e5,1.689,1.689,1.689,1.6890,2
3374,gA,1.789,1.789,1.789,1.7890,2
3374,g98e5,1.789,1.789,1.789,1.7890,2
3374,bio,1.719,1.719,1.719,1.7190,2
3374,gB,1.359,1.359,1.359,1.3590,2
3375,g95e5,1.774,1.769,1.774,1.7723,3
3375,gA,1.894,1.894,1.894,1.8940,3
3375,gP,1.984,1.984,1.984,1.9840,3
3375,g98e5,1.904,1.899,1.904,1.9023,3
3376,g95e5,1.784,1.784,1.784,1.7840,4
3376,gA,1.924,1.904,1.924,1.9140,4
3376,gP,2.024,2.004,2.024,2.0140,4
3376,g95e5p,1.884,1.884,1.884,1.8840,4
3377,g95e5,1.784,1.784,1.784,1.7840,3
3377,gA,1.924,1.904,1.924,1.9173,3
3377,gP,2.024,2.004,2.024,2.0173,3
3378,g95e5,1.774,1.769,1.774,1.7723,3
3378,gA,1.894,1.894,1.894,1.8940,3
3378,gP,1.984,1.984,1.984,1.9840,3
3378,g98e5,1.904,1.899,1.904,1.9023,3
3384,g95e5,1.789,1.789,1.789,1.7890,2
3384,gA,1.899,1.899,1.899,1.8990,2
3384,g98e5,1.969,1.969,1.969,1.9690,2
3390,g95e5,1.799,1.799,1.799,1.7990,2
3390,gA,1.899,1.889,1.899,1.8940,2
3390,gP,1.949,1.939,1.949,1.9440,2
3390,g98e5,1.959,1.959,1.959,1.9590,2
3391,g95e5,1.814,1.814,1.814,1.8140,3
3391,gA,1.934,1.914,1.934,1.9273,3
3391,gP,2.034,2.014,2.034,2.0273,3
3391,g95e5p,1.914,1.914,1.914,1.9140,3
3397,g95e5,1.606,1.606,1.606,1.6060,3
3397,gA,1.771,1.771,1.771,1.7710,3
3397,gB,1.424,1.424,1.424,1.4240,3
3399,g95e5,1.789,1.789,1.789,1.7890,2
3399,gA,1.909,1.909,1.909,1.9090,2
3402,g95e5,1.795,1.785,1.795,1.7925,4
3402,gA,1.915,1.909,1.915,1.9130,3
3402,gP,1.975,1.969,1.975,1.9730,3
3402,g98e5,1.915,1.915,1.915,1.9150,3
3405,g95e5,1.809,1.809,1.809,1.8090,3
3405,gA,1.909,1.899,1.909,1.9057,3
3406,g95e5,1.819,1.819,1.819,1.8190,3
3406,gA,1.919,1.899,1.919,1.9123,3
3406,gP,1.999,1.979,1.999,1.9923,3
3406,gB,1.819,1.799,1.819,1.8123,3
3410,g95e5,1.794,1.794,1.794,1.7940,3
3410,gA,1.904,1.884,1.904,1.8940,4
3410,gP,2.004,1.984,2.004,1.9940,4
3410,g95e5p,1.914,1.914,1.914,1.9140,3
3410,gB,1.744,1.744,1.744,1.7440,2
3411,gA,1.905,1.895,1.905,1.8997,3
3411,gP,1.999,1.969,1.999,1.9857,3
3411,g98e5,1.969,1.959,1.969,1.9623,3
3411,g95e5p,1.879,1.869,1.879,1.8757,3
3412,g95e5,1.814,1.814,1.814,1.8140,3
3412,gA,1.914,1.894,1.914,1.9040,4
3412,gP,2.004,1.984,2.004,1.9940,4
3412,g95e5p,1.874,1.874,1.874,1.8740,3
3414,gA,1.934,1.914,1.934,1.9207,3
3414,gP,2.024,2.004,2.024,2.0107,3
3416,g95e5,1.759,1.759,1.759,1.7590,3
3416,gA,1.859,1.849,1.859,1.8557,3
3416,gP,1.929,1.919,1.929,1.9257,3
3416,gB,1.699,1.699,1.699,1.6990,2
3417,g95e5,1.814,1.814,1.814,1.8140,4
3417,gA,1.914,1.894,1.914,1.9073,3
3417,gP,2.004,1.984,2.004,1.9973,3
3417,g95e5p,1.874,1.874,1.874,1.8740,4
3418,g95e5,1.814,1.814,1.814,1.8140,4
3418,gA,1.914,1.894,1.914,1.9073,3
3418,gP,2.004,1.984,2.004,1.9973,3
3418,gB,1.794,1.794,1.794,1.7940,2
3419,g95e5,1.814,1.814,1.814,1.8140,4
3419,gA,1.914,1.894,1.914,1.9073,3
3419,gP,2.004,1.984,2.004,1.9973,3
3419,gB,1.794,1.794,1.794,1.7940,2
3421,g95e5,1.639,1.587,1.639,1.6070,3
3421,gA,1.739,1.659,1.739,1.6910,3
3421,gP,1.759,1.679,1.759,1.7110,3
3421,g95e5p,1.659,1.607,1.659,1.6270,3
3422,g95e5,1.790,1.790,1.790,1.7900,3
3422,gA,1.894,1.894,1.894,1.8940,3
3422,gP,1.985,1.985,1.985,1.9850,3
3422,g98e5,1.929,1.929,1.929,1.9290,3
3423,g95e5,1.699,1.669,1.699,1.6857,3
3423,gA,1.779,1.729,1.779,1.7523,3
3423,gP,1.799,1.749,1.799,1.7723,3
3423,g95e5p,1.719,1.689,1.719,1.7057,3
3428,gA,1.914,1.894,1.914,1.9007,3
3428,gP,2.014,1.994,2.014,2.0007,3
3429,g95e5,1.739,1.719,1.739,1.7240,4
3429,gA,1.779,1.739,1.779,1.7540,4
3429,gP,1.829,1.789,1.829,1.8040,4
3429,g98e5,1.889,1.869,1.889,1.8740,4
3430,g95e5,1.739,1.719,1.739,1.7240,4
3430,gA,1.779,1.739,1.779,1.7540,4
3430,gP,1.829,1.789,1.829,1.8040,4
3430,g98e5,1.889,1.869,1.889,1.8740,4
3433,g95e5,1.819,1.819,1.819,1.8190,3
3433,gA,1.899,1.899,1.899,1.8990,3
3433,gP,1.959,1.959,1.959,1.9590,3
3433,gB,1.699,1.699,1.699,1.6990,3
3434,g95e5,1.824,1.824,1.824,1.8240,2
3434,gA,1.954,1.934,1.954,1.9440,2
3434,gP,2.044,2.024,2.044,2.0340,2
3434,g98e5,1.944,1.944,1.944,1.9440,2
3434,g95e10,1.914,1.914,1.914,1.9140,2
3438,gA,1.904,1.904,1.904,1.9040,2
3438,gP,2.004,2.004,2.004,2.0040,2
3438,gB,1.744,1.744,1.744,1.7440,2
3440,g95e5,1.789,1.789,1.789,1.7890,2
3440,gA,1.889,1.889,1.889,1.8890,2
3440,gP,1.989,1.989,1.989,1.9890,2
3440,g98e5,1.929,1.929,1.929,1.9290,2
3444,gA,1.929,1.914,1.929,1.9190,3
3444,gP,2.029,2.019,2.029,2.0223,3
3444,g98e5,1.984,1.984,1.984,1.9840,3
3446,gA,1.914,1.914,1.914,1.9140,2
3446,gP,2.004,2.004,2.004,2.0040,2
3446,gB,1.814,1.814,1.814,1.8140,2
3450,g95e5,1.790,1.790,1.790,1.7900,3
3450,gA,1.894,1.894,1.894,1.8940,3
3450,gP,1.985,1.985,1.985,1.9850,3
3450,g98e5,1.929,1.929,1.929,1.9290,3
3456,g95e5,1.804,1.804,1.804,1.8040,3
3456,gA,1.904,1.884,1.904,1.8940,4
3456,gP,2.024,2.004,2.024,2.0140,4
3456,g95e5p,1.874,1.874,1.874,1.8740,3
3457,g95e5,1.789,1.779,1.789,1.7865,4
3457,gA,1.915,1.915,1.915,1.9150,3
3457,gP,2.015,2.015,2.015,2.0150,3
3457,g98e5,1.909,1.909,1.909,1.9090,3
3458,g95e5,1.805,1.805,1.805,1.8050,3
3458,gA,1.899,1.899,1.899,1.8990,3
3458,g98e5,1.979,1.979,1.979,1.9790,3
3459,gA,1.848,1.848,1.848,1.8480,2
3460,g95e5,1.829,1.829,1.829,1.8290,2
3460,gA,1.919,1.919,1.919,1.9190,2
3460,g98e5,1.959,1.959,1.959,1.9590,2
3460,gB,1.719,1.719,1.719,1.7190,2
3462,g95e5,1.749,1.739,1.749,1.7465,4
3462,gA,1.939,1.929,1.939,1.9355,4
3462,g98e5,1.919,1.919,1.919,1.9190,3
3464,g95e5,1.759,1.749,1.759,1.7565,4
3464,gA,1.949,1.929,1.949,1.9430,4
3464,gP,2.059,2.055,2.059,2.0577,3
3464,g98e5,1.929,1.929,1.929,1.9290,3
3464,gB,1.624,1.619,1.624,1.6223,3
3470,g95e5,1.795,1.795,1.795,1.7950,3
3470,gA,1.895,1.895,1.895,1.8950,2
3470,gP,2.005,2.005,2.005,2.0050,2
3470,g98e5,1.965,1.965,1.965,1.9650,3
3472,g95e5,1.825,1.825,1.825,1.8250,3
3472,gA,1.899,1.885,1.899,1.8945,4
3472,gP,1.959,1.955,1.959,1.9577,3
3472,g98e5,1.945,1.945,1.945,1.9450,3
3472,g95e5p,1.895,1.895,1.895,1.8950,3
3472,glp,1.155,1.155,1.155,1.1550,2
3474,g95e5,1.819,1.809,1.819,1.8165,4
3474,gA,1.905,1.889,1.905,1.9010,4
3474,gP,2.015,2.015,2.015,2.0150,3
3474,g98e5,1.939,1.939,1.939,1.9390,3
3475,g95e5,1.845,1.845,1.845,1.8450,3
3475,gA,1.905,1.899,1.905,1.9030,3
3475,gP,2.015,2.009,2.015,2.0130,3
3475,g98e5,2.015,2.015,2.015,2.0150,3
3475,g95e5p,1.925,1.925,1.925,1.9250,3
3476,g95e5,1.845,1.845,1.845,1.8450,3
3476,gA,1.905,1.899,1.905,1.9030,3
3476,g98e5,2.015,2.015,2.015,2.0150,3
3477,g95e5,1.755,1.755,1.755,1.7550,3
3477,gA,1.949,1.939,1.949,1.9457,3
3477,gP,2.039,2.029,2.039,2.0357,3
3477,g98e5,1.895,1.895,1.895,1.8950,3
3478,g95e5,1.795,1.795,1.795,1.7950,3
3478,gA,1.899,1.889,1.899,1.8955,4
3478,g98e5,1.965,1.965,1.965,1.9650,3
3478,g95e5p,1.865,1.865,1.865,1.8650,3
3478,glp,1.145,1.145,1.145,1.1450,2
3480,g95e5,1.709,1.699,1.709,1.7015,4
3480,gP,1.959,1.949,1.959,1.9515,4
3480,g98e5,1.849,1.839,1.849,1.8415,4
3481,g95e5,1.789,1.785,1.789,1.7880,4
3481,gA,1.899,1.885,1.899,1.8943,3
3481,gP,1.959,1.959,1.959,1.9590,2
3481,g98e5,1.909,1.909,1.909,1.9090,3
3481,g95e5p,1.869,1.869,1.869,1.8690,3
3484,g95e5,1.789,1.789,1.789,1.7890,3
3484,gA,1.915,1.909,1.915,1.9130,3
3484,gP,2.015,2.015,2.015,2.0150,2
3484,g98e5,1.909,1.909,1.909,1.9090,3
3485,g95e5,1.696,1.696,1.696,1.6960,3
3485,gA,1.759,1.759,1.759,1.7590,3
3485,gP,1.799,1.799,1.799,1.7990,3
3485,g95e5p,1.749,1.749,1.749,1.7490,3
3487,g95e5,1.739,1.739,1.739,1.7390,3
3487,gA,1.945,1.935,1.945,1.9410,4
3487,gP,2.055,2.049,2.055,2.0530,3
3487,g98e5,1.909,1.909,1.909,1.9090,3
3487,g95e5p,1.809,1.809,1.809,1.8090,3
3488,g95e5,1.709,1.654,1.709,1.6815,4
3488,gA,1.859,1.744,1.859,1.8015,4
3488,gP,1.909,1.794,1.909,1.8515,4
3488,g98e5,1.849,1.794,1.849,1.8215,4
3489,g95e5,1.465,1.465,1.499,1.4797,3
3489,gA,1.639,1.615,1.669,1.6410,3
3491,gA,1.954,1.954,1.954,1.9540,4
3491,gP,2.034,2.034,2.034,2.0340,4
3493,g95e5,1.735,1.735,1.735,1.7350,3
3493,gA,1.929,1.925,1.929,1.9277,3
3493,gP,2.039,2.035,2.039,2.0377,3
3494,gA,1.935,1.929,1.935,1.9330,3
3494,gP,2.045,2.039,2.045,2.0430,3
3494,gB,1.604,1.599,1.604,1.6023,3
3496,g95e5,1.759,1.759,1.759,1.7590,4
3496,gA,1.929,1.919,1.929,1.9240,4
3496,gP,2.019,2.009,2.019,2.0140,4
3498,g95e5,1.684,1.684,1.684,1.6840,4
3498,gA,1.874,1.864,1.874,1.8690,4
3499,g95e5,1.734,1.734,1.734,1.7340,4
3499,gA,1.924,1.914,1.924,1.9190,4
3499,gP,1.974,1.964,1.974,1.9690,4
3499,gB,1.534,1.519,1.534,1.5252,4
3500,g95e5,1.755,1.755,1.755,1.7550,2
3500,gA,1.949,1.949,1.949,1.9490,2
3500,gP,2.049,2.049,2.049,2.0490,2
3500,g95e5p,1.855,1.855,1.855,1.8550,2
3501,g95e5,1.759,1.759,1.759,1.7590,2
3501,gA,1.949,1.929,1.949,1.9423,3
3501,gP,2.039,2.019,2.039,2.0323,3
3501,g98e5,1.899,1.899,1.899,1.8990,2
3502,g95e5,1.739,1.729,1.739,1.7340,4
3502,gA,1.949,1.939,1.949,1.9415,4
3502,gP,1.999,1.989,1.999,1.9915,4
3505,g95e5,1.739,1.739,1.739,1.7390,4
3505,gA,1.914,1.894,1.914,1.9040,4
3505,gP,1.994,1.974,1.994,1.9840,4
3505,g95e5p,1.854,1.854,1.854,1.8540,4
3506,g95e5,1.759,1.759,1.759,1.7590,3
3506,gA,1.974,1.954,1.974,1.9673,3
3506,gP,2.054,2.034,2.054,2.0473,3
3509,gA,1.964,1.964,1.964,1.9640,2
3509,gP,2.024,2.024,2.024,2.0240,2
3511,g95e5,1.755,1.755,1.755,1.7550,3
3511,gA,1.949,1.939,1.949,1.9457,3
3511,gP,2.039,2.029,2.039,2.0357,3
3511,g98e5,1.895,1.895,1.895,1.8950,3
3512,g95e5,1.799,1.799,1.799,1.7990,3
3512,gA,1.919,1.909,1.919,1.9123,3
3516,g95e5,1.789,1.789,1.789,1.7890,2
3516,gA,1.899,1.899,1.899,1.8990,3
3516,gP,1.989,1.989,1.989,1.9890,3
3516,g98e5,1.929,1.929,1.929,1.9290,2
3517,g95e5,1.789,1.789,1.789,1.7890,3
3517,gA,1.909,1.905,1.909,1.9077,3
3517,gP,1.989,1.985,1.989,1.9877,3
3517,g98e5,1.959,1.959,1.959,1.9590,3
3518,g95e5,1.829,1.829,1.829,1.8290,2
3518,gA,1.919,1.919,1.919,1.9190,2
3518,g98e5,1.959,1.959,1.959,1.9590,2
3519,g95e5,1.687,1.687,1.687,1.6870,3
3519,gA,1.762,1.762,1.762,1.7620,3
3521,g95e5,1.845,1.845,1.845,1.8450,3
3521,gA,1.939,1.929,1.939,1.9357,3
3521,gP,1.999,1.989,1.999,1.9957,3
3521,g98e5,1.965,1.965,1.965,1.9650,3
3521,gB,1.724,1.719,1.724,1.7223,3
3522,g95e5,1.779,1.779,1.779,1.7790,3
3522,gA,1.975,1.969,1.975,1.9730,3
3522,gP,2.035,2.029,2.035,2.0330,3
3522,g98e5,1.949,1.949,1.949,1.9490,3
3522,glp,1.175,1.175,1.175,1.1750,2
3524,g95e5,1.799,1.799,1.799,1.7990,3
3524,gA,1.895,1.895,1.895,1.8950,3
3524,g98e5,1.969,1.969,1.969,1.9690,3
3524,g95e5p,1.859,1.859,1.859,1.8590,3
3527,g95e5,1.735,1.735,1.735,1.7350,3
3527,gA,1.955,1.955,1.955,1.9550,3
3527,gP,2.015,2.015,2.015,2.0150,3
3527,g98e5,1.905,1.905,1.905,1.9050,3
3529,g95e5,1.815,1.815,1.815,1.8150,3
3529,gA,1.909,1.905,1.909,1.9077,3
3529,gP,2.019,2.015,2.019,2.0177,3
3529,g98e5,1.935,1.935,1.935,1.9350,3
3532,gA,1.999,1.999,1.999,1.9990,3
3534,g95e5,1.755,1.755,1.755,1.7550,3
3534,gA,1.955,1.949,1.955,1.9530,3
3534,gP,2.065,2.059,2.065,2.0630,3
3534,g98e5,1.925,1.925,1.925,1.9250,3
3535,g95e5,1.789,1.789,1.789,1.7890,3
3535,gA,1.915,1.915,1.915,1.9150,3
3535,gP,1.995,1.995,1.995,1.9950,3
3536,gA,1.945,1.939,1.945,1.9430,3
3536,gP,2.055,2.049,2.055,2.0530,3
3537,g95e5,1.679,1.669,1.679,1.6740,4
3537,gA,1.899,1.889,1.909,1.9015,4
3537,gP,1.949,1.939,1.959,1.9515,4
3537,gB,1.459,1.414,1.459,1.4315,4
3539,g95e5,1.789,1.785,1.789,1.7877,3
3539,gA,1.915,1.899,1.915,1.9097,3
3539,g98e5,1.959,1.955,1.959,1.9577,3
3541,g95e5,1.809,1.809,1.809,1.8090,3
3541,gA,1.915,1.915,1.915,1.9150,3
3541,g98e5,1.929,1.929,1.929,1.9290,3
3541,g95e5p,1.879,1.879,1.879,1.8790,3
3543,g95e5,1.787,1.777,1.787,1.7803,3
3543,gA,1.949,1.949,1.959,1.9557,3
3543,gP,2.035,2.035,2.035,2.0350,3
3544,g95e5,1.779,1.779,1.879,1.8123,3
3544,gA,1.889,1.879,1.889,1.8857,3
3544,gP,1.999,1.969,1.999,1.9823,3
3548,g95e5,1.749,1.749,1.749,1.7490,2
3548,gA,1.945,1.929,1.945,1.9397,3
3548,gP,2.035,2.019,2.035,2.0297,3
3548,g98e5,1.889,1.889,1.889,1.8890,2
3550,g95e5,1.795,1.795,1.795,1.7950,3
3550,gA,1.885,1.885,1.885,1.8850,2
3550,gP,1.995,1.995,1.995,1.9950,2
3550,g98e5,1.965,1.965,1.965,1.9650,3
3552,g95e5,1.869,1.869,1.869,1.8690,3
3552,gA,1.949,1.949,1.949,1.9490,3
3552,gP,1.999,1.999,1.999,1.9990,3
3552,g98e5,1.999,1.999,1.999,1.9990,3
3554,g95e5,1.785,1.785,1.785,1.7850,3
3554,gA,1.885,1.875,1.885,1.8817,3
3554,g98e5,1.955,1.955,1.955,1.9550,3
3554,gB,1.690,1.685,1.690,1.6883,3
3555,g95e5,1.789,1.789,1.789,1.7890,3
3555,gA,1.899,1.895,1.899,1.8977,3
3555,gP,1.959,1.955,1.959,1.9577,3
3555,g98e5,1.959,1.959,1.959,1.9590,3
3556,g95e5,1.510,1.482,1.510,1.5007,3
3556,gA,1.680,1.680,1.680,1.6800,2
3557,g95e5,1.845,1.845,1.845,1.8450,3
3557,gA,1.929,1.915,1.929,1.9243,3
3557,g98e5,1.965,1.965,1.965,1.9650,3
3557,glp,1.135,1.135,1.135,1.1350,2
3560,g95e5,1.799,1.799,1.799,1.7990,3
3560,gA,1.939,1.939,1.939,1.9390,3
3560,gB,1.709,1.709,1.709,1.7090,3
3562,g95e5,1.782,1.772,1.782,1.7753,3
3562,gA,1.887,1.872,1.887,1.8770,3
3562,gP,1.978,1.952,1.978,1.9607,3
3562,g98e5,1.928,1.914,1.928,1.9187,3
3563,g95e5,1.829,1.829,1.829,1.8290,2
3563,gA,1.969,1.969,1.969,1.9690,2
3563,g98e5,1.979,1.979,1.979,1.9790,2
3565,gA,1.869,1.869,1.869,1.8690,2
3567,g95e5,1.839,1.839,1.839,1.8390,3
3567,gA,1.909,1.905,1.909,1.9077,3
3567,g98e5,2.009,2.009,2.009,2.0090,3
3568,g95e5,1.839,1.839,1.839,1.8390,3
3568,gA,1.909,1.905,1.909,1.9077,3
3568,gP,2.019,2.015,2.019,2.0177,3
3568,g98e5,2.009,2.009,2.009,2.0090,3
3568,glp,1.159,1.159,1.159,1.1590,2
3569,g95e5,1.789,1.789,1.789,1.7890,3
3569,gA,1.925,1.915,1.925,1.9217,3
3569,g98e5,1.959,1.959,1.959,1.9590,3
3570,g95e5,1.789,1.789,1.789,1.7890,3
3570,gA,1.889,1.889,1.889,1.8890,2
3571,g95e5,1.829,1.829,1.829,1.8290,2
3571,gA,1.919,1.919,1.919,1.9190,2
3571,g98e5,1.939,1.939,1.939,1.9390,2
3573,g95e5,1.759,1.729,1.759,1.7390,3
3573,gA,1.869,1.859,1.869,1.8623,3
3575,g95e5,1.799,1.799,1.799,1.7990,3
3575,gA,1.899,1.895,1.899,1.8977,3
3577,g95e5,1.785,1.785,1.785,1.7850,3
3577,gA,1.915,1.915,1.919,1.9163,3
3577,gP,1.975,1.975,1.979,1.9763,3
3577,g98e5,1.955,1.955,1.955,1.9550,3
3578,g95e5,1.819,1.819,1.819,1.8190,3
3578,gA,1.899,1.895,1.899,1.8977,3
3578,gP,2.009,2.005,2.009,2.0077,3
3578,g98e5,1.989,1.989,1.989,1.9890,3
3580,g95e5,1.805,1.805,1.809,1.8070,2
3580,gA,1.899,1.889,1.899,1.8940,2
3580,gP,1.989,1.979,1.989,1.9840,2
3580,g98e5,1.935,1.934,1.935,1.9345,2
3580,glp,1.109,1.109,1.109,1.1090,2
3581,g95e5,1.789,1.789,1.789,1.7890,3
3581,gA,1.879,1.875,1.879,1.8770,4
3581,g98e5,1.909,1.909,1.909,1.9090,3
3581,g95e5p,1.859,1.859,1.859,1.8590,3
3586,gA,1.909,1.899,1.909,1.9057,3
3586,gP,1.999,1.999,1.999,1.9990,3
3587,g95e5,1.745,1.745,1.745,1.7450,3
3587,gA,1.929,1.925,1.929,1.9277,3
3587,g98e5,1.915,1.915,1.915,1.9150,3
3587,gB,1.604,1.599,1.604,1.6023,3
3588,gA,1.889,1.889,1.889,1.8890,2
3588,gB,1.689,1.689,1.689,1.6890,2
3589,gA,1.889,1.889,1.889,1.8890,2
3590,g95e5,1.809,1.809,1.809,1.8090,3
3590,gA,1.905,1.899,1.905,1.9030,3
3590,g98e5,1.979,1.979,1.979,1.9790,3
3591,g95e5,1.809,1.809,1.809,1.8090,3
3591,gA,1.909,1.905,1.909,1.9077,3
3591,g98e5,1.979,1.979,1.979,1.9790,3
3591,glp,1.119,1.119,1.119,1.1190,2
3591,gB,1.690,1.685,1.690,1.6883,3
3592,g95e5,1.809,1.809,1.809,1.8090,3
3592,gA,1.909,1.905,1.909,1.9077,3
3592,gP,2.019,2.015,2.019,2.0177,3
3593,g95e5,1.819,1.819,1.819,1.8190,2
3593,gA,1.899,1.899,1.899,1.8990,2
3593,gP,1.999,1.999,1.999,1.9990,2
3593,g98e5,1.979,1.979,1.979,1.9790,2
3595,g95e5,1.735,1.735,1.735,1.7350,3
3595,gA,1.955,1.955,1.955,1.9550,3
3595,g98e5,1.905,1.905,1.905,1.9050,3
3595,glp,1.175,1.175,1.175,1.1750,2
3598,g95e5,1.795,1.795,1.795,1.7950,2
3598,gA,1.895,1.875,1.895,1.8883,3
3598,gP,1.985,1.965,1.985,1.9783,3
3598,g98e5,1.935,1.935,1.935,1.9350,2
3601,g95e5,1.789,1.789,1.789,1.7890,2
3601,gA,1.889,1.889,1.889,1.8890,2
3601,gP,1.989,1.989,1.989,1.9890,2
3601,g98e5,1.929,1.929,1.929,1.9290,2
3602,g95e5,1.785,1.785,1.785,1.7850,3
3602,gA,1.895,1.879,1.895,1.8897,3
3602,gP,2.005,1.989,2.005,1.9997,3
3602,gB,1.724,1.719,1.724,1.7223,3
3603,g95e5,1.805,1.799,1.805,1.8030,3
3603,gA,1.889,1.879,1.889,1.8857,3
3603,gP,1.979,1.969,1.979,1.9757,3
3603,g98e5,1.945,1.939,1.945,1.9430,3
3604,g95e5,1.759,1.755,1.759,1.7577,3
3604,gA,1.949,1.939,1.949,1.9457,3
3604,gP,2.039,2.029,2.039,2.0357,3
3604,g98e5,1.899,1.895,1.899,1.8977,3
3607,gA,1.919,1.919,1.919,1.9190,3
3607,gP,2.009,2.009,2.009,2.0090,3
3610,g95e5,1.809,1.809,1.809,1.8090,2
3610,gA,1.899,1.899,1.899,1.8990,3
3610,gP,1.989,1.989,1.989,1.9890,3
3610,g98e5,1.949,1.949,1.949,1.9490,2
3612,g95e5,1.755,1.755,1.755,1.7550,3
3612,gA,1.955,1.945,1.955,1.9517,3
3612,gP,2.065,2.055,2.065,2.0617,3
3614,g95e5,1.815,1.815,1.815,1.8150,2
3614,gA,1.919,1.905,1.919,1.9143,3
3614,gP,2.009,1.995,2.009,2.0043,3
3614,g98e5,1.955,1.955,1.955,1.9550,2
3615,g95e5,1.783,1.783,1.787,1.7850,2
3615,gA,1.897,1.883,1.897,1.8900,2
3615,gP,1.997,1.983,1.997,1.9900,2
3615,g98e5,1.953,1.953,1.957,1.9550,2
3616,g95e5,1.789,1.789,1.789,1.7890,3
3616,gA,1.929,1.915,1.935,1.9270,4
3616,gP,1.989,1.989,1.995,1.9910,3
3616,g98e5,1.909,1.909,1.909,1.9090,3
3616,g95e5p,1.859,1.859,1.859,1.8590,3
3617,g95e5,1.759,1.759,1.759,1.7590,3
3617,gA,1.965,1.965,1.969,1.9663,3
3617,gP,2.065,2.065,2.069,2.0663,3
3617,gB,1.635,1.635,1.639,1.6363,3
3618,g95e5,1.755,1.755,1.755,1.7550,3
3618,gA,1.929,1.929,1.929,1.9290,3
3618,gP,2.039,2.039,2.039,2.0390,3
3618,g98e5,1.925,1.925,1.925,1.9250,3
3619,g95e5,1.759,1.759,1.759,1.7590,3
3619,gA,1.965,1.965,1.969,1.9663,3
3619,g98e5,1.929,1.929,1.929,1.9290,3
3621,g95e5,1.785,1.785,1.789,1.7863,3
3621,gA,1.899,1.885,1.899,1.8943,3
3621,gP,1.999,1.985,1.999,1.9943,3
3621,g98e5,1.955,1.955,1.959,1.9563,3
3621,g95e5p,1.855,1.855,1.859,1.8563,3
3622,g95e5,1.759,1.759,1.759,1.7590,2
3622,gA,1.949,1.929,1.949,1.9423,3
3622,gP,2.039,2.019,2.039,2.0323,3
3622,g98e5,1.899,1.899,1.899,1.8990,2
3623,g95e5,1.789,1.789,1.789,1.7890,3
3623,gA,1.899,1.895,1.899,1.8977,3
3623,gP,1.989,1.985,1.989,1.9877,3
3623,g98e5,1.959,1.959,1.959,1.9590,3
3627,g95e5,1.749,1.749,1.749,1.7490,3
3627,gA,1.939,1.935,1.939,1.9377,3
3627,gP,2.049,2.045,2.049,2.0477,3
3628,g95e5,1.669,1.669,1.669,1.6690,3
3628,gA,1.869,1.869,1.869,1.8690,3
3629,g95e5,1.759,1.759,1.759,1.7590,4
3629,gA,1.974,1.954,1.974,1.9673,3
3629,gP,2.054,2.034,2.054,2.0473,3
3629,g95e5p,1.879,1.879,1.879,1.8790,4
3630,gA,1.949,1.939,1.949,1.9423,3
3630,gP,2.039,2.029,2.039,2.0323,3
3632,g95e5,1.795,1.795,1.795,1.7950,2
3632,gA,1.895,1.875,1.895,1.8883,3
3632,gP,1.985,1.965,1.985,1.9783,3
3632,g98e5,1.935,1.935,1.935,1.9350,2
3633,g95e5,1.699,1.699,1.699,1.6990,3
3633,gA,1.795,1.795,1.795,1.7950,3
3633,gP,1.795,1.795,1.795,1.7950,3
3634,g95e5,1.699,1.699,1.699,1.6990,3
3634,gA,1.795,1.795,1.795,1.7950,3
3634,gP,1.795,1.795,1.795,1.7950,3
3635,g95e5,1.789,1.789,1.789,1.7890,3
3635,gP,1.979,1.979,1.979,1.9790,3
3635,g98e5,1.959,1.959,1.959,1.9590,3
3639,g95e5,1.689,1.689,1.689,1.6890,2
3639,gA,1.769,1.769,1.769,1.7690,2
3639,gP,1.809,1.809,1.809,1.8090,2
3639,g98e5,1.789,1.789,1.789,1.7890,2
3640,g95e5,1.829,1.819,1.829,1.8257,3
3640,gA,1.905,1.905,1.905,1.9050,2
3640,g98e5,1.989,1.989,1.989,1.9890,3
3642,gA,1.904,1.884,1.904,1.8907,3
3642,gP,2.024,2.004,2.024,2.0107,3
3642,gB,1.744,1.724,1.744,1.7307,3
3646,g95e5,1.779,1.779,1.779,1.7790,3
3646,gA,1.975,1.969,1.975,1.9730,3
3646,g98e5,1.899,1.899,1.899,1.8990,3
3646,gB,1.640,1.635,1.640,1.6383,3
3647,g95e5,1.789,1.789,1.789,1.7890,3
3647,gA,1.929,1.909,1.929,1.9223,3
3647,g98e5,1.959,1.959,1.959,1.9590,3
3648,g95e5,1.759,1.759,1.759,1.7590,3
3648,gA,1.965,1.965,1.969,1.9663,3
3648,gP,2.075,2.075,2.079,2.0763,3
3648,g95e5p,1.829,1.829,1.829,1.8290,3
3648,gB,1.634,1.629,1.634,1.6323,3
3649,g95e5,1.699,1.679,1.699,1.6890,2
3649,gA,1.789,1.769,1.789,1.7790,2
3649,gP,1.789,1.769,1.789,1.7790,2
3649,g95e5p,1.699,1.679,1.699,1.6890,2
3651,g95e5,1.785,1.785,1.785,1.7850,3
3651,gA,1.899,1.869,1.899,1.8880,4
3651,g98e5,1.955,1.955,1.955,1.9550,3
3651,gB,1.694,1.689,1.694,1.6923,3
3652,g95e5,1.784,1.784,1.784,1.7840,4
3652,gA,1.904,1.884,1.904,1.8940,4
3652,gP,2.004,1.984,2.004,1.9940,4
3652,g95e5p,1.874,1.874,1.874,1.8740,4
3654,gA,1.969,1.969,1.969,1.9690,2
3654,gP,2.069,2.069,2.069,2.0690,2
3655,g95e5,1.785,1.785,1.785,1.7850,3
3655,gA,1.915,1.909,1.915,1.9130,3
3655,gP,2.025,2.019,2.025,2.0230,3
3657,g95e5,1.849,1.849,1.849,1.8490,2
3657,gA,1.929,1.919,1.929,1.9240,2
3657,g98e5,1.969,1.969,1.969,1.9690,2
3658,g95e5,1.739,1.739,1.739,1.7390,3
3658,gA,1.945,1.935,1.945,1.9417,3
3658,gP,2.055,2.045,2.055,2.0517,3
3658,g98e5,1.909,1.909,1.909,1.9090,3
3661,g95e5,1.799,1.799,1.799,1.7990,3
3661,gA,1.899,1.895,1.899,1.8977,3
3661,gP,2.009,2.005,2.009,2.0077,3
3661,g98e5,1.969,1.969,1.969,1.9690,3
3663,g95e5,1.799,1.799,1.799,1.7990,2
3663,gA,1.899,1.889,1.899,1.8940,2
3663,gP,1.959,1.959,1.959,1.9590,2
3665,g95e5,1.789,1.769,1.789,1.7823,3
3665,gA,1.889,1.869,1.889,1.8757,3
3665,gP,1.979,1.959,1.979,1.9657,3
3665,g95e5p,1.879,1.859,1.879,1.8723,3
3668,g95e5,1.785,1.785,1.785,1.7850,3
3668,gA,1.899,1.899,1.899,1.8990,3
3668,gP,2.009,2.009,2.009,2.0090,3
3668,g98e5,1.955,1.955,1.955,1.9550,3
3668,gB,1.690,1.685,1.690,1.6883,3
3669,g95e5,1.836,1.836,1.836,1.8360,2
3669,gA,1.947,1.947,1.947,1.9470,2
3669,gP,2.099,2.099,2.099,2.0990,2
3669,gB,1.709,1.709,1.709,1.7090,2
3671,gA,1.969,1.969,1.969,1.9690,3
3671,gP,2.039,2.039,2.039,2.0390,3
3673,g95e5,1.795,1.795,1.795,1.7950,3
3673,gA,1.899,1.879,1.899,1.8923,3
3675,g95e5,1.805,1.805,1.805,1.8050,3
3675,gA,1.905,1.899,1.905,1.9030,3
3675,gP,2.015,2.009,2.015,2.0130,3
3675,g98e5,1.975,1.975,1.975,1.9750,3
3676,gA,1.929,1.925,1.929,1.9277,3
3676,gP,2.039,2.035,2.039,2.0377,3
3676,gB,1.640,1.635,1.640,1.6383,3
3677,g95e5,1.735,1.735,1.735,1.7350,3
3677,gA,1.929,1.925,1.929,1.9277,3
3677,gP,2.039,2.035,2.039,2.0377,3
3677,gB,1.604,1.599,1.604,1.6023,3
3680,g95e5,1.815,1.815,1.815,1.8150,3
3680,gA,1.899,1.885,1.899,1.8930,4
3680,gP,1.959,1.949,1.959,1.9557,3
3680,g98e5,1.935,1.935,1.935,1.9350,3
3681,g95e5,1.825,1.825,1.825,1.8250,3
3681,gA,1.899,1.885,1.899,1.8945,4
3681,gP,1.959,1.955,1.959,1.9577,3
3681,g98e5,1.945,1.945,1.945,1.9450,3
3682,g95e5,1.815,1.805,1.815,1.8125,4
3682,gA,1.909,1.895,1.909,1.9045,4
3682,gP,2.019,2.015,2.019,2.0177,3
3682,g98e5,1.935,1.935,1.935,1.9350,3
3683,gA,1.899,1.895,1.899,1.8977,3
3683,gB,1.549,1.549,1.549,1.5490,3
3684,g95e5,1.805,1.805,1.805,1.8050,3
3684,gA,1.899,1.895,1.899,1.8977,3
3684,gP,2.009,2.005,2.009,2.0077,3
3684,g98e5,1.975,1.975,1.975,1.9750,3
3685,g95e5,1.795,1.785,1.795,1.7925,4
3685,gA,1.899,1.895,1.899,1.8977,3
3685,gP,1.959,1.955,1.959,1.9577,3
3685,g98e5,1.915,1.915,1.915,1.9150,3
3685,g95e5p,1.865,1.865,1.865,1.8650,3
3685,glp,1.119,1.119,1.119,1.1190,2
3687,g95e5,1.809,1.809,1.809,1.8090,3
3687,gA,1.905,1.899,1.905,1.9030,3
3687,g98e5,1.979,1.979,1.979,1.9790,3
3687,g95e5p,1.889,1.889,1.889,1.8890,3
3688,g95e5,1.809,1.805,1.809,1.8077,3
3688,gA,1.915,1.915,1.915,1.9150,3
3688,g98e5,1.929,1.929,1.929,1.9290,2
3688,glp,1.159,1.159,1.159,1.1590,2
3690,g95e5,1.805,1.805,1.809,1.8063,3
3690,gA,1.899,1.889,1.899,1.8957,3
3690,g98e5,1.925,1.925,1.929,1.9263,3
3690,glp,1.119,1.119,1.119,1.1190,2
3691,gA,1.899,1.895,1.899,1.8977,3
3691,g98e5,1.919,1.919,1.919,1.9190,3
3692,g95e5,1.795,1.795,1.795,1.7950,3
3692,gA,1.899,1.895,1.899,1.8977,3
3692,g98e5,1.965,1.965,1.965,1.9650,3
3692,glp,1.125,1.125,1.125,1.1250,2
3692,gB,1.724,1.719,1.724,1.7223,3
3694,g95e5,1.835,1.835,1.845,1.8383,3
3694,gA,1.899,1.875,1.899,1.8895,4
3694,g98e5,1.955,1.955,1.965,1.9583,3
3694,glp,1.155,1.155,1.155,1.1550,2
3696,g95e5,1.799,1.799,1.799,1.7990,3
3696,gA,1.899,1.895,1.899,1.8977,3
3696,gP,1.959,1.955,1.959,1.9577,3
3696,g98e5,1.969,1.969,1.969,1.9690,3
3696,glp,1.155,1.155,1.155,1.1550,2
3697,g95e5,1.809,1.799,1.809,1.8065,4
3697,gA,1.899,1.885,1.899,1.8943,3
3697,g98e5,1.929,1.929,1.929,1.9290,3
3698,g95e5,1.745,1.745,1.745,1.7450,3
3698,gA,1.929,1.929,1.929,1.9290,3
3698,gP,2.039,2.039,2.039,2.0390,3
3698,g98e5,1.915,1.915,1.915,1.9150,3
3699,g95e5,1.819,1.819,1.819,1.8190,3
3699,gA,1.915,1.909,1.915,1.9130,3
3699,gP,1.975,1.969,1.975,1.9730,3
3699,g98e5,1.989,1.989,1.989,1.9890,3
3700,g95e5,1.795,1.795,1.795,1.7950,3
3700,gA,1.895,1.889,1.895,1.8930,3
3700,gP,2.005,1.999,2.005,2.0030,3
3700,g98e5,1.965,1.965,1.965,1.9650,3
3701,g95e5,1.799,1.799,1.799,1.7990,3
3701,gA,1.899,1.895,1.899,1.8977,3
3701,gP,2.009,2.005,2.009,2.0077,3
3701,g98e5,1.919,1.919,1.919,1.9190,3
3701,glp,1.119,1.119,1.119,1.1190,2
3703,gA,1.904,1.884,1.904,1.8907,3
3703,gP,2.024,2.004,2.024,2.0107,3
3704,gA,1.974,1.954,1.974,1.9607,3
3704,gB,1.784,1.764,1.784,1.7707,3
3711,g95e5,1.799,1.799,1.799,1.7990,2
3711,gA,1.899,1.885,1.899,1.8943,3
3711,gP,1.989,1.975,1.989,1.9843,3
3711,g98e5,1.939,1.939,1.939,1.9390,2
3712,g95e5,1.779,1.779,1.779,1.7790,2
3712,gA,1.899,1.899,1.899,1.8990,2
3712,gP,1.989,1.989,1.989,1.9890,2
3712,g98e5,1.929,1.929,1.929,1.9290,2
3713,g95e5,1.719,1.709,1.719,1.7165,4
3713,gA,1.839,1.819,1.839,1.8265,4
3714,g95e5,1.669,1.659,1.669,1.6640,4
3714,gA,1.829,1.799,1.829,1.8090,4
3715,g95e5,1.739,1.729,1.739,1.7340,4
3715,gA,1.899,1.869,1.899,1.8790,4
3715,gP,1.949,1.919,1.949,1.9290,4
3715,g98e5,1.879,1.869,1.879,1.8740,4
3716,g95e5,1.795,1.795,1.795,1.7950,2
3716,gA,1.895,1.875,1.895,1.8883,3
3716,gP,1.985,1.965,1.985,1.9783,3
3716,g98e5,1.935,1.935,1.935,1.9350,2
3717,g95e5,1.814,1.814,1.814,1.8140,4
3717,gA,1.914,1.894,1.914,1.9040,4
3717,gP,1.984,1.964,1.984,1.9740,4
3717,g95e5p,1.894,1.894,1.894,1.8940,4
3718,g95e5,1.849,1.839,1.849,1.8440,4
3718,gA,1.924,1.904,1.924,1.9115,4
3718,gP,2.014,1.994,2.014,2.0015,4
3718,g98e5,1.989,1.979,1.989,1.9840,4
3721,gA,1.895,1.895,1.895,1.8950,2
3721,gP,1.985,1.985,1.985,1.9850,2
3725,gA,1.789,1.749,1.799,1.7715,4
3725,gP,1.879,1.839,1.889,1.8615,4
3725,g98e5,1.899,1.889,1.909,1.8965,4
3725,g95e5p,1.769,1.759,1.779,1.7665,4
3726,g95e5,1.798,1.788,1.798,1.7947,3
3726,gA,1.894,1.884,1.894,1.8907,3
3726,gP,1.954,1.944,1.954,1.9507,3
3726,g98e5,1.958,1.948,1.958,1.9547,3
3727,g95e5,1.799,1.799,1.799,1.7990,2
3727,gA,1.889,1.889,1.889,1.8890,2
3727,gP,1.979,1.979,1.979,1.9790,2
3727,g98e5,1.949,1.949,1.949,1.9490,2
3728,g95e5,1.769,1.759,1.769,1.7665,4
3728,gA,1.899,1.869,1.899,1.8790,4
3728,gP,1.949,1.919,1.949,1.9290,4
3728,g98e5,1.929,1.919,1.929,1.9265,4
3729,g95e5,1.799,1.799,1.799,1.7990,2
3729,gA,1.889,1.889,1.889,1.8890,2
3729,gP,1.979,1.979,1.979,1.9790,2
3729,g98e5,1.949,1.949,1.949,1.9490,2
3731,g95e5,1.719,1.719,1.719,1.7190,2
3731,gA,1.819,1.819,1.819,1.8190,2
3731,g98e5,1.819,1.819,1.819,1.8190,2
3731,bio,1.789,1.789,1.789,1.7890,2
3732,g95e5,1.699,1.699,1.699,1.6990,3
3732,gA,1.799,1.774,1.799,1.7907,3
3732,gP,1.849,1.824,1.849,1.8407,3
3732,g98e5,1.839,1.839,1.839,1.8390,3
3733,g95e5,1.739,1.719,1.739,1.7240,4
3733,gA,1.779,1.739,1.779,1.7540,4
3733,gP,1.829,1.789,1.829,1.8040,4
3733,g98e5,1.889,1.869,1.889,1.8740,4
3734,g95e5,1.739,1.719,1.739,1.7240,4
3734,gA,1.779,1.739,1.779,1.7540,4
3734,g98e5,1.919,1.899,1.919,1.9040,4
3735,g95e5,1.829,1.829,1.829,1.8290,4
3735,gA,1.939,1.929,1.949,1.9415,4
3735,gP,2.029,2.019,2.039,2.0315,4
3735,g98e5,1.939,1.939,1.939,1.9390,4
3736,g95e5,1.769,1.769,1.769,1.7690,2
3736,gA,1.944,1.924,1.944,1.9373,3
3736,gP,2.034,2.014,2.034,2.0273,3
3736,g95e5p,1.874,1.874,1.874,1.8740,2
3737,gA,1.949,1.939,1.949,1.9457,3
3737,gP,2.049,2.039,2.049,2.0457,3
3742,g95e5,1.783,1.773,1.783,1.7797,3
3742,gA,1.883,1.873,1.883,1.8797,3
3742,gP,1.963,1.953,1.963,1.9597,3
3742,g98e5,1.923,1.913,1.923,1.9197,3
3743,g95e5,1.829,1.829,1.829,1.8290,4
3743,gA,1.939,1.929,1.949,1.9415,4
3743,gP,2.029,2.019,2.039,2.0315,4
3743,g98e5,1.939,1.939,1.939,1.9390,4
3744,g95e5,1.814,1.814,1.814,1.8140,4
3744,gA,1.914,1.894,1.914,1.9073,3
3744,gP,1.984,1.964,1.984,1.9773,3
3744,g95e5p,1.894,1.894,1.894,1.8940,4
3745,g95e5,1.769,1.769,1.769,1.7690,3
3745,gA,1.944,1.924,1.944,1.9373,3
3745,gP,2.034,2.014,2.034,2.0273,3
3745,g95e5p,1.874,1.874,1.874,1.8740,3
3746,gA,1.949,1.939,1.949,1.9457,3
3746,gP,2.049,2.039,2.049,2.0457,3
3747,g95e5,1.849,1.839,1.849,1.8440,4
3747,gA,1.924,1.904,1.924,1.9115,4
3747,gP,2.014,1.994,2.014,2.0015,4
3747,g98e5,1.989,1.979,1.989,1.9840,4
3748,g95e5,1.799,1.799,1.799,1.7990,3
3748,gA,1.899,1.895,1.899,1.8977,3
3748,gP,2.009,2.005,2.009,2.0077,3
3748,g98e5,1.969,1.969,1.969,1.9690,3
3749,g95e5,1.799,1.799,1.799,1.7990,2
3749,gA,1.889,1.889,1.889,1.8890,2
3749,gP,1.979,1.979,1.979,1.9790,2
3749,g98e5,1.949,1.949,1.949,1.9490,2
3753,g95e5,1.809,1.809,1.809,1.8090,2
3753,gA,1.905,1.905,1.905,1.9050,2
3753,gP,1.995,1.995,1.995,1.9950,2
3758,g95e5,1.799,1.789,1.799,1.7940,2
3758,gA,1.859,1.829,1.859,1.8423,3
3758,gP,1.899,1.869,1.899,1.8823,3
3761,g95e5,1.539,1.539,1.559,1.5490,4
3761,gA,1.755,1.749,1.775,1.7620,4
3762,gA,1.899,1.889,1.899,1.8940,2
3762,gP,1.989,1.979,1.989,1.9840,2
3763,g95e5,1.775,1.775,1.789,1.7785,4
3763,gA,1.909,1.889,1.909,1.9015,4
3763,gP,1.969,1.959,1.969,1.9657,3
3763,g98e5,1.945,1.945,1.959,1.9497,3
3767,g95e5,1.828,1.828,1.829,1.8283,3
3767,gA,1.896,1.888,1.899,1.8943,3
3767,g98e5,1.957,1.947,1.957,1.9537,3
3768,g95e5,1.799,1.789,1.799,1.7915,4
3768,gA,1.869,1.849,1.869,1.8565,4
3768,gP,1.919,1.899,1.919,1.9065,4
3768,g95e5p,1.849,1.839,1.849,1.8415,4
3769,g95e5,1.749,1.749,1.769,1.7540,4
3769,gA,1.799,1.799,1.819,1.8040,4
3769,g98e5,1.889,1.889,1.909,1.8940,4
3770,g95e5,1.799,1.799,1.809,1.8040,4
3770,gA,1.875,1.869,1.875,1.8730,3
3770,gP,1.935,1.929,1.935,1.9330,3
3770,g98e5,1.969,1.969,1.969,1.9690,2
3770,glp,1.125,1.125,1.125,1.1250,2
3771,g95e5,1.759,1.719,1.759,1.7390,2
3771,gA,1.849,1.829,1.849,1.8390,2
3771,gP,1.889,1.869,1.889,1.8790,2
3771,g98e5,1.949,1.949,1.959,1.9540,2
3772,g95e5,1.769,1.759,1.769,1.7640,2
3772,gA,1.869,1.819,1.869,1.8440,2
3772,gP,1.909,1.859,1.909,1.8840,2
3772,g98e5,1.959,1.949,1.959,1.9540,2
3773,g95e5,1.799,1.799,1.799,1.7990,2
3773,gA,1.879,1.879,1.879,1.8790,2
3773,gP,1.919,1.919,1.919,1.9190,2
3773,g98e5,1.979,1.979,1.979,1.9790,2
3774,gA,1.849,1.839,1.849,1.8440,2
3774,gP,1.889,1.879,1.889,1.8840,2
3775,g95e5,1.749,1.749,1.769,1.7590,2
3775,gA,1.879,1.859,1.879,1.8690,2
3775,gP,1.919,1.899,1.919,1.9090,2
3775,g98e5,1.929,1.929,1.929,1.9290,2
3776,g95e5,1.819,1.819,1.819,1.8190,4
3776,gA,1.944,1.934,1.944,1.9365,4
3776,gP,2.034,2.024,2.034,2.0265,4
3776,g98e5,1.949,1.949,1.949,1.9490,4
3779,g95e5,1.699,1.699,1.699,1.6990,2
3779,gA,1.819,1.799,1.829,1.8157,3
3779,gP,1.859,1.839,1.869,1.8557,3
3780,g95e5,1.759,1.759,1.759,1.7590,2
3780,gA,1.869,1.839,1.869,1.8540,2
3780,gP,1.909,1.879,1.909,1.8940,2
3781,gP,1.799,1.799,1.799,1.7990,3
3783,g95e5,1.599,1.599,1.599,1.5990,3
3783,gA,1.709,1.699,1.709,1.7057,3
3783,gP,1.799,1.799,1.799,1.7990,3
3783,g98e5,1.659,1.659,1.659,1.6590,3
3784,g95e5,1.775,1.775,1.775,1.7750,3
3784,gA,1.889,1.875,1.889,1.8843,3
3784,gP,1.949,1.935,1.949,1.9443,3
3784,g98e5,1.945,1.945,1.945,1.9450,3
3786,g95e5,1.779,1.779,1.779,1.7790,4
3786,gA,1.919,1.919,1.919,1.9190,4
3786,g98e5,1.939,1.939,1.939,1.9390,4
3787,g95e5,1.809,1.799,1.809,1.8065,4
3787,gA,1.879,1.875,1.879,1.8777,3
3787,gP,1.939,1.935,1.939,1.9377,3
3787,g98e5,1.929,1.929,1.929,1.9290,3
3787,g95e5p,1.879,1.879,1.879,1.8790,3
3796,g95e5,1.829,1.829,1.829,1.8290,3
3796,gA,1.889,1.885,1.889,1.8877,3
3796,gP,1.949,1.945,1.949,1.9477,3
3796,g98e5,1.999,1.999,1.999,1.9990,3
3798,g95e5,1.779,1.775,1.779,1.7777,3
3798,gA,1.895,1.879,1.895,1.8897,3
3798,gP,1.955,1.939,1.955,1.9497,3
3798,g98e5,1.949,1.945,1.949,1.9477,3
3798,gB,1.600,1.595,1.600,1.5983,3
3799,g95e5,1.833,1.833,1.833,1.8330,2
3799,gA,1.983,1.983,1.983,1.9830,2
3799,g98e5,2.001,2.001,2.001,2.0010,2
3800,g95e5,1.539,1.519,1.539,1.5323,3
3800,gA,1.679,1.659,1.679,1.6723,3
3803,g95e5,1.819,1.819,1.819,1.8190,2
3803,gA,1.905,1.889,1.905,1.8997,3
3803,gP,1.995,1.979,1.995,1.9897,3
3803,g98e5,1.959,1.959,1.959,1.9590,2
3806,g95e5,1.835,1.825,1.835,1.8310,4
3806,gA,1.915,1.915,1.915,1.9150,3
3806,gP,1.975,1.975,1.975,1.9750,3
3806,g98e5,1.955,1.949,1.955,1.9530,3
3806,g95e5p,1.905,1.899,1.905,1.9030,3
3807,g95e5,1.829,1.829,1.829,1.8290,3
3807,gA,1.909,1.909,1.909,1.9090,3
3807,g95e5p,1.899,1.899,1.899,1.8990,3
3809,g95e5,1.839,1.839,1.839,1.8390,3
3809,gA,1.879,1.879,1.899,1.8857,3
3809,gP,1.939,1.939,1.959,1.9457,3
3809,g98e5,1.959,1.959,1.959,1.9590,3
3811,g95e5,1.819,1.819,1.819,1.8190,3
3811,gA,1.895,1.879,1.895,1.8897,3
3811,gP,1.985,1.969,1.985,1.9797,3
3811,g98e5,1.959,1.959,1.959,1.9590,3
3814,g95e5,1.795,1.795,1.795,1.7950,3
3814,gA,1.915,1.899,1.915,1.9097,3
3814,gP,1.975,1.959,1.975,1.9697,3
3814,g98e5,1.965,1.965,1.965,1.9650,3
3814,gB,1.640,1.635,1.640,1.6383,3
3819,g95e5,1.759,1.759,1.759,1.7590,4
3819,gA,1.839,1.819,1.839,1.8265,4
3819,g98e5,1.879,1.879,1.879,1.8790,4
3823,g95e5,1.829,1.819,1.829,1.8265,4
3823,gA,1.889,1.885,1.889,1.8877,3
3823,gP,1.949,1.945,1.949,1.9477,3
3823,g98e5,1.999,1.999,1.999,1.9990,3
3825,g95e5,1.539,1.529,1.539,1.5340,2
3825,gA,1.789,1.769,1.789,1.7790,2
3827,g95e5,1.775,1.775,1.775,1.7750,3
3827,gA,1.895,1.879,1.895,1.8897,3
3827,gP,1.955,1.939,1.955,1.9497,3
3827,g95e5p,1.845,1.845,1.845,1.8450,3
3828,g95e5,1.679,1.639,1.679,1.6590,3
3828,gA,1.769,1.749,1.769,1.7590,2
3831,g95e5,1.819,1.819,1.819,1.8190,3
3831,gA,1.875,1.859,1.875,1.8697,3
3831,gP,1.935,1.919,1.935,1.9297,3
3831,g95e5p,1.879,1.879,1.879,1.8790,3
3831,gB,1.580,1.575,1.580,1.5783,3
3832,g95e5,1.829,1.829,1.829,1.8290,3
3832,gA,1.899,1.895,1.899,1.8980,4
3832,gP,1.959,1.959,1.959,1.9590,3
3832,g98e5,1.949,1.949,1.949,1.9490,3
3832,glp,1.155,1.155,1.155,1.1550,2
3833,g95e5,1.529,1.519,1.529,1.5240,2
3833,gA,1.659,1.629,1.659,1.6440,2
3833,gP,1.669,1.659,1.669,1.6640,2
3833,g95e5p,1.539,1.529,1.539,1.5340,2
3836,g95e5,1.819,1.819,1.819,1.8190,3
3836,gA,1.895,1.885,1.895,1.8917,3
3839,g95e5,1.839,1.839,1.839,1.8390,3
3839,gA,1.919,1.915,1.919,1.9177,3
3839,gP,1.979,1.975,1.979,1.9777,3
3839,g98e5,1.979,1.979,1.979,1.9790,3
3840,g95e5,1.839,1.839,1.849,1.8423,3
3840,gA,1.925,1.925,1.925,1.9250,3
3840,gP,1.985,1.985,1.985,1.9850,3
3840,g98e5,2.009,2.009,2.019,2.0123,3
3841,g95e5,1.839,1.839,1.839,1.8390,3
3841,gA,1.919,1.915,1.919,1.9177,3
3841,gP,1.979,1.975,1.979,1.9777,3
3841,g98e5,1.979,1.979,1.979,1.9790,3
3842,g95e5,1.809,1.809,1.809,1.8090,2
3842,gA,1.919,1.919,1.919,1.9190,2
3842,gP,2.040,2.040,2.040,2.0400,2
3842,g98e5,1.979,1.979,1.979,1.9790,2
3843,g95e5,1.815,1.815,1.815,1.8150,3
3843,gA,1.925,1.909,1.925,1.9197,3
3843,gP,1.985,1.969,1.985,1.9797,3
3843,g98e5,1.935,1.935,1.935,1.9350,3
3844,g95e5,1.815,1.815,1.815,1.8150,3
3844,gA,1.925,1.909,1.925,1.9197,3
3844,gP,1.985,1.969,1.985,1.9797,3
3844,g98e5,1.935,1.935,1.935,1.9350,3
3844,glp,1.125,1.125,1.125,1.1250,2
3845,g95e5,1.719,1.719,1.739,1.7257,3
3845,gA,1.759,1.759,1.779,1.7657,3
3847,g95e5,1.775,1.775,1.779,1.7763,3
3847,gA,1.875,1.875,1.875,1.8750,3
3847,g98e5,1.945,1.945,1.949,1.9463,3
3851,g95e5,1.825,1.825,1.825,1.8250,3
3851,gA,1.895,1.885,1.895,1.8917,3
3851,gP,1.955,1.945,1.955,1.9517,3
3851,g98e5,1.995,1.995,1.995,1.9950,3
3852,g95e5,1.819,1.819,1.819,1.8190,2
3852,gA,1.895,1.889,1.895,1.8930,3
3852,gP,1.955,1.949,1.955,1.9530,3
3852,g98e5,1.989,1.989,1.989,1.9890,2
3853,g95e5,1.889,1.889,1.889,1.8890,3
3853,gA,1.969,1.969,1.969,1.9690,3
3853,gP,2.049,2.049,2.049,2.0490,3
3855,g95e5,1.825,1.825,1.825,1.8250,2
3855,gA,1.889,1.885,1.889,1.8877,3
3855,gP,1.949,1.945,1.949,1.9477,3
3855,g98e5,1.995,1.995,1.995,1.9950,2
3855,glp,1.125,1.125,1.125,1.1250,2
3857,g95e5,1.825,1.819,1.825,1.8230,3
3857,gA,1.889,1.885,1.889,1.8877,3
3857,gP,1.949,1.945,1.949,1.9477,3
3857,g98e5,1.995,1.989,1.995,1.9930,3
3860,g95e5,1.819,1.819,1.819,1.8190,2
3860,gA,1.905,1.889,1.905,1.8997,3
3860,gP,1.995,1.979,1.995,1.9897,3
3860,g98e5,1.959,1.959,1.959,1.9590,2
3862,g95e5,1.839,1.829,1.839,1.8365,4
3862,gA,1.899,1.899,1.919,1.9065,4
3862,gP,1.959,1.959,1.979,1.9657,3
3862,g98e5,2.009,2.009,2.009,2.0090,3
3863,gA,1.755,1.755,1.755,1.7550,2
3863,gP,1.879,1.879,1.879,1.8790,2
3865,g95e5,1.639,1.639,1.639,1.6390,3
3865,gA,1.719,1.719,1.719,1.7190,3
3866,g95e5,1.829,1.825,1.829,1.8277,3
3866,gA,1.909,1.909,1.915,1.9110,3
3866,gP,1.969,1.969,1.975,1.9710,3
3866,g98e5,1.999,1.995,1.999,1.9977,3
3870,g95e5,1.764,1.764,1.764,1.7640,4
3870,gA,1.824,1.824,1.834,1.8290,4
3870,gP,1.874,1.874,1.884,1.8790,4
3870,g98e5,1.904,1.904,1.904,1.9040,4
3871,g95e5,1.549,1.509,1.549,1.5357,3
3871,gA,1.659,1.619,1.659,1.6457,3
3872,g95e5,1.829,1.829,1.829,1.8290,3
3872,gA,1.915,1.915,1.915,1.9150,3
3872,g98e5,1.999,1.999,1.999,1.9990,3
3872,g95e5p,1.899,1.899,1.899,1.8990,3
3872,glp,1.155,1.155,1.155,1.1550,2
3874,g95e5,1.789,1.789,1.789,1.7890,3
3875,g95e5,1.799,1.799,1.799,1.7990,3
3876,g95e5,1.795,1.795,1.809,1.7997,3
3876,gA,1.925,1.919,1.925,1.9230,3
3876,g98e5,1.965,1.965,1.979,1.9697,3
3878,g95e5,1.775,1.775,1.775,1.7750,3
3878,gA,1.875,1.869,1.875,1.8730,3
3878,gP,1.935,1.929,1.935,1.9330,3
3878,g98e5,1.945,1.945,1.945,1.9450,3
3878,gB,1.580,1.575,1.580,1.5783,3
3881,g95e5,1.814,1.814,1.814,1.8140,4
3881,gA,1.924,1.904,1.924,1.9140,4
3881,gP,2.014,1.994,2.014,2.0040,4
3881,g95e5p,1.874,1.874,1.874,1.8740,4
3882,g95e5,1.839,1.839,1.839,1.8390,3
3882,gA,1.915,1.909,1.915,1.9130,3
3882,gP,1.975,1.969,1.975,1.9730,3
3882,g98e5,2.009,2.009,2.009,2.0090,3
3882,gB,1.614,1.609,1.614,1.6123,3
3884,gA,1.889,1.885,1.889,1.8877,3
3884,gP,1.949,1.945,1.949,1.9477,3
3885,g95e5,1.819,1.819,1.819,1.8190,3
3885,gA,1.895,1.879,1.895,1.8897,3
3885,gP,1.985,1.969,1.985,1.9797,3
3885,g98e5,1.959,1.959,1.959,1.9590,3
3887,g95e5,1.819,1.819,1.819,1.8190,3
3887,gA,1.909,1.905,1.909,1.9077,3
3887,g98e5,1.939,1.939,1.939,1.9390,3
3887,gB,1.630,1.625,1.630,1.6283,3
3888,gA,1.789,1.789,1.789,1.7890,2
3888,gB,1.539,1.539,1.539,1.5390,2
3889,g95e5,1.839,1.829,1.839,1.8357,3
3889,gA,1.879,1.879,1.879,1.8790,3
3889,g98e5,2.009,1.999,2.009,2.0057,3
3890,g95e5,1.738,1.738,1.738,1.7380,2
3890,gA,1.868,1.868,1.868,1.8680,2
3890,gP,1.918,1.918,1.918,1.9180,2
3890,g98e5,1.828,1.828,1.828,1.8280,2
3890,gB,1.538,1.538,1.538,1.5380,2
3891,g95e5,1.814,1.814,1.814,1.8140,4
3891,gA,1.924,1.904,1.924,1.9140,4
3891,gP,2.004,1.984,2.004,1.9940,4
3891,g95e5p,1.874,1.874,1.874,1.8740,4
3892,g95e5,1.814,1.814,1.814,1.8140,4
3892,gA,1.924,1.904,1.924,1.9140,4
3892,gP,2.004,1.984,2.004,1.9940,4
3892,g95e5p,1.874,1.874,1.874,1.8740,4
3893,g95e5,1.809,1.809,1.809,1.8090,2
3893,gA,1.919,1.919,1.919,1.9190,2
3893,gP,2.040,2.040,2.040,2.0400,2
3893,g98e5,1.979,1.979,1.979,1.9790,2
3894,g95e5,1.839,1.839,1.839,1.8390,2
3894,gA,1.959,1.959,1.959,1.9590,2
3895,g95e5,1.805,1.805,1.805,1.8050,2
3895,gA,1.875,1.865,1.875,1.8717,3
3895,g98e5,1.975,1.975,1.975,1.9750,2
3896,g95e5,1.789,1.789,1.789,1.7890,3
3896,gA,1.885,1.875,1.885,1.8817,3
3896,gP,1.945,1.935,1.945,1.9417,3
3896,gB,1.600,1.595,1.600,1.5983,3
3897,g95e5,1.819,1.819,1.819,1.8190,3
3897,gA,1.909,1.905,1.909,1.9077,3
3897,g98e5,1.939,1.939,1.939,1.9390,3
3898,g95e5,1.839,1.839,1.839,1.8390,3
3898,gA,1.909,1.905,1.909,1.9077,3
3898,gP,1.969,1.965,1.969,1.9677,3
3898,g98e5,1.959,1.959,1.959,1.9590,3
3899,g95e5,1.839,1.829,1.839,1.8365,4
3899,gA,1.879,1.879,1.899,1.8857,3
3899,g98e5,1.959,1.959,1.959,1.9590,3
3899,g95e5p,1.919,1.919,1.919,1.9190,3
3899,glp,1.155,1.155,1.155,1.1550,2
3901,g95e5,1.775,1.775,1.775,1.7750,3
3901,gA,1.909,1.909,1.909,1.9090,3
3901,gP,1.969,1.969,1.969,1.9690,3
3901,g98e5,1.945,1.945,1.945,1.9450,3
3902,g95e5,1.795,1.785,1.795,1.7925,4
3902,gA,1.899,1.885,1.899,1.8945,4
3902,gP,1.959,1.955,1.959,1.9577,3
3902,g98e5,1.965,1.965,1.965,1.9650,3
3904,g95e5,1.829,1.829,1.829,1.8290,4
3904,gA,1.895,1.879,1.895,1.8895,4
3904,gP,1.955,1.949,1.955,1.9530,3
3906,g95e5,1.799,1.799,1.799,1.7990,3
3906,gA,1.925,1.919,1.925,1.9230,3
3907,g95e5,1.799,1.799,1.799,1.7990,3
3907,gA,1.925,1.919,1.925,1.9230,3
3907,gP,1.985,1.979,1.985,1.9830,3
3907,g98e5,1.919,1.919,1.919,1.9190,3
3907,gB,1.604,1.599,1.604,1.6023,3
3908,g95e5,1.811,1.811,1.811,1.8110,3
3908,gA,1.931,1.931,1.931,1.9310,3
3908,gP,1.969,1.969,1.969,1.9690,3
3908,g98e5,1.978,1.978,1.978,1.9780,3
3909,g95e5,1.839,1.839,1.839,1.8390,2
3909,gA,1.915,1.909,1.915,1.9120,2
3909,g98e5,2.009,2.009,2.009,2.0090,2
3910,g95e5,1.839,1.839,1.839,1.8390,2
3910,gA,1.915,1.909,1.915,1.9120,2
3910,g98e5,2.009,2.009,2.009,2.0090,2
3910,gB,1.614,1.609,1.614,1.6115,2
3913,g95e5,1.815,1.805,1.815,1.8117,3
3913,gA,1.885,1.865,1.885,1.8783,3
3913,gP,1.975,1.955,1.975,1.9683,3
3913,g98e5,1.955,1.945,1.955,1.9517,3
3914,gA,1.909,1.909,1.909,1.9090,3
3914,gP,1.989,1.989,1.989,1.9890,3
3916,g95e5,1.809,1.809,1.809,1.8090,3
3916,gA,1.889,1.885,1.889,1.8877,3
3916,gP,1.949,1.945,1.949,1.9477,3
3916,g98e5,1.979,1.979,1.979,1.9790,3
3917,g95e5,1.829,1.819,1.829,1.8257,3
3917,gA,1.889,1.889,1.889,1.8890,2
3917,gP,1.989,1.989,1.989,1.9890,2
3921,g95e5,1.819,1.799,1.819,1.8123,3
3921,gA,1.895,1.875,1.895,1.8883,3
3921,gP,1.985,1.965,1.985,1.9783,3
3921,g98e5,1.959,1.939,1.959,1.9523,3
3924,gA,1.924,1.924,1.924,1.9240,2
3924,gP,2.004,2.004,2.004,2.0040,2
3929,g95e5,1.849,1.849,1.849,1.8490,2
3929,gA,1.865,1.855,1.865,1.8617,3
3929,gP,1.955,1.945,1.955,1.9517,3
3929,g98e5,1.989,1.989,1.989,1.9890,2
3932,g95e5,1.819,1.819,1.819,1.8190,3
3932,gA,1.925,1.915,1.925,1.9217,3
3932,gP,1.985,1.975,1.985,1.9817,3
3932,g98e5,1.989,1.989,1.989,1.9890,3
3934,g95e5,1.745,1.745,1.745,1.7450,2
3934,gA,1.965,1.965,1.965,1.9650,2
3934,gP,1.989,1.989,1.989,1.9890,2
3936,gA,1.884,1.884,1.884,1.8840,2
3936,gP,1.964,1.964,1.964,1.9640,2
3937,g95e5,1.819,1.819,1.819,1.8190,3
3937,gA,1.889,1.885,1.889,1.8877,3
3940,g95e5,1.819,1.819,1.819,1.8190,3
3940,gA,1.875,1.859,1.875,1.8697,3
3940,g98e5,1.939,1.939,1.939,1.9390,3
3940,g95e5p,1.879,1.879,1.879,1.8790,3
3940,glp,1.125,1.125,1.125,1.1250,2
3941,gA,1.884,1.884,1.884,1.8840,4
3941,gP,1.994,1.994,1.994,1.9940,4
3945,g95e5,1.639,1.619,1.639,1.6257,3
3945,gA,1.719,1.699,1.719,1.7123,3
3945,gP,1.739,1.719,1.739,1.7323,3
3945,g95e5p,1.659,1.629,1.659,1.6423,3
3953,g95e5,1.805,1.805,1.815,1.8083,3
3953,gA,1.885,1.875,1.885,1.8817,3
3953,g98e5,1.975,1.975,1.985,1.9783,3
3953,g95e5p,1.865,1.865,1.875,1.8683,3
3953,gB,1.604,1.599,1.604,1.6023,3
3955,g95e5,1.809,1.805,1.809,1.8077,3
3955,gA,1.919,1.919,1.929,1.9223,3
3956,gA,1.889,1.889,1.889,1.8890,3
3958,g95e5,1.849,1.845,1.849,1.8480,4
3958,gA,1.869,1.855,1.869,1.8643,3
3958,gP,1.929,1.929,1.929,1.9290,2
3958,g98e5,1.969,1.969,1.969,1.9690,3
3959,g95e5,1.819,1.819,1.819,1.8190,2
3959,gA,1.895,1.879,1.895,1.8870,2
3959,gP,1.989,1.969,1.989,1.9790,2
3959,g98e5,1.959,1.959,1.959,1.9590,2
3960,g95e5,1.819,1.819,1.819,1.8190,3
3960,gA,1.899,1.899,1.909,1.9023,3
3960,gP,1.959,1.959,1.969,1.9623,3
3960,g98e5,1.989,1.989,1.989,1.9890,3
3963,gA,1.889,1.885,1.889,1.8877,3
3964,g95e5,1.775,1.775,1.775,1.7750,3
3964,gA,1.935,1.919,1.935,1.9297,3
3964,gP,1.995,1.979,1.995,1.9897,3
3964,g98e5,1.945,1.945,1.945,1.9450,3
3964,gB,1.594,1.589,1.594,1.5923,3
3965,g95e5,1.679,1.659,1.679,1.6657,3
3965,gA,1.769,1.749,1.769,1.7590,2
3966,g95e5,1.839,1.829,1.839,1.8323,3
3966,gA,1.909,1.889,1.909,1.9023,3
3966,g98e5,1.979,1.969,1.979,1.9740,2
3967,g95e5,1.814,1.804,1.814,1.8090,4
3967,gA,1.904,1.894,1.904,1.8990,4
3967,gP,1.954,1.944,1.954,1.9490,4
3968,g95e5,1.814,1.804,1.814,1.8090,4
3968,gA,1.904,1.894,1.904,1.8990,4
3968,gP,1.954,1.944,1.954,1.9490,4
3968,g98e5,1.934,1.924,1.934,1.9290,4
3969,g95e5,1.539,1.519,1.539,1.5323,3
3969,gA,1.679,1.659,1.679,1.6723,3
3971,g95e5,1.819,1.819,1.819,1.8190,2
3971,gA,1.999,1.999,1.999,1.9990,2
3971,gP,2.069,2.069,2.069,2.0690,2
3971,g98e5,1.959,1.959,1.959,1.9590,2
3974,g95e5,1.819,1.799,1.819,1.8057,3
3974,gA,1.899,1.879,1.899,1.8857,3
3974,gP,1.989,1.979,1.989,1.9823,3
3974,g98e5,1.919,1.879,1.919,1.8923,3
3976,gA,1.790,1.790,1.790,1.7900,4
3976,gP,1.840,1.840,1.840,1.8400,4
3977,g95e5,1.827,1.827,1.837,1.8337,3
3977,gA,1.899,1.879,1.899,1.8857,3
3977,gP,1.965,1.885,1.965,1.9117,3
3978,g95e5,1.679,1.679,1.679,1.6790,3
3978,gA,1.769,1.749,1.769,1.7623,3
3981,gA,1.889,1.889,1.889,1.8890,4
3981,gP,1.989,1.989,1.989,1.9890,4
3981,g95e5p,1.914,1.914,1.914,1.9140,4
3982,gA,1.829,1.799,1.829,1.8090,3
3982,gP,1.829,1.799,1.829,1.8090,3
3984,g95e5,1.803,1.803,1.857,1.8390,3
3984,gA,1.872,1.856,1.872,1.8613,3
3984,g98e5,1.973,1.973,1.983,1.9797,3
3984,g95e5p,1.843,1.843,1.897,1.8790,3
3987,g95e5,1.699,1.689,1.699,1.6940,4
3987,gA,1.759,1.759,1.769,1.7615,4
3988,g95e5,1.749,1.739,1.749,1.7440,4
3988,gA,1.869,1.859,1.869,1.8665,4
3988,gP,1.919,1.909,1.919,1.9165,4
3988,gB,1.459,1.414,1.459,1.4315,4
3993,gA,1.904,1.884,1.904,1.8940,4
3993,gP,1.994,1.974,1.994,1.9840,4
3993,g98e5,1.934,1.934,1.934,1.9340,4
3993,g95e5p,1.844,1.844,1.844,1.8440,4
3994,g95e5,1.789,1.789,1.789,1.7890,2
3994,gA,1.889,1.889,1.889,1.8890,2
3994,g98e5,1.969,1.969,1.969,1.9690,2
3995,g95e5,1.709,1.699,1.709,1.7023,3
3995,gA,1.799,1.779,1.799,1.7890,3
3995,gP,1.899,1.879,1.899,1.8890,3
3996,g95e5,1.819,1.819,1.819,1.8190,3
3996,gA,1.895,1.879,1.895,1.8897,3
3996,gP,1.985,1.969,1.985,1.9797,3
3996,g98e5,1.959,1.959,1.959,1.9590,3
3997,g95e5,1.639,1.639,1.639,1.6390,2
3997,gA,1.759,1.759,1.759,1.7590,3
3997,gP,1.859,1.859,1.859,1.8590,3
3997,g98e5,1.839,1.839,1.839,1.8390,2
3998,gA,1.729,1.729,1.759,1.7440,2
4000,g95e5,1.539,1.529,1.539,1.5340,2
4000,gA,1.779,1.769,1.779,1.7740,2
4001,g95e5,1.649,1.639,1.659,1.6490,3
4001,gA,1.769,1.739,1.769,1.7590,3
4001,gP,1.789,1.759,1.789,1.7790,3
4001,g95e5p,1.669,1.659,1.679,1.6690,3
4003,g95e5,1.809,1.809,1.809,1.8090,3
4003,gA,1.889,1.889,1.889,1.8890,3
4003,g98e5,1.939,1.939,1.939,1.9390,3
4004,g95e5,1.819,1.819,1.819,1.8190,2
4004,gA,1.895,1.879,1.895,1.8870,2
4004,gP,1.989,1.969,1.989,1.9790,2
4004,g98e5,1.959,1.959,1.959,1.9590,2
4005,g95e5,1.819,1.819,1.819,1.8190,4
4005,gA,1.944,1.934,1.944,1.9365,4
4005,gP,2.034,2.024,2.034,2.0265,4
4005,g98e5,1.949,1.949,1.949,1.9490,4
4006,g95e5,1.739,1.729,1.739,1.7340,4
4006,gA,1.849,1.829,1.849,1.8365,4
4006,gP,1.899,1.879,1.899,1.8865,4
4006,g98e5,1.859,1.849,1.859,1.8540,4
4007,gA,1.819,1.819,1.819,1.8190,2
4007,gP,1.869,1.869,1.869,1.8690,2
4009,g95e5,1.709,1.699,1.719,1.7065,4
4009,gA,1.809,1.769,1.809,1.7840,4
4009,gP,1.859,1.819,1.859,1.8340,4
4009,g98e5,1.849,1.839,1.859,1.8465,4
4012,g95e5,1.809,1.809,1.809,1.8090,3
4012,gA,1.899,1.899,1.899,1.8990,2
4012,gP,1.989,1.989,1.989,1.9890,2
4012,g98e5,1.949,1.949,1.949,1.9490,3
4013,g95e5,1.539,1.529,1.539,1.5323,3
4013,gA,1.649,1.639,1.649,1.6423,3
4014,g95e5,1.819,1.819,1.819,1.8190,2
4014,gA,1.905,1.889,1.905,1.8997,3
4014,gP,1.995,1.979,1.995,1.9897,3
4014,g98e5,1.959,1.959,1.959,1.9590,2
4015,g95e5,1.789,1.789,1.789,1.7890,3
4015,gA,1.895,1.889,1.895,1.8930,3
4015,g98e5,1.959,1.959,1.959,1.9590,3
4015,gB,1.640,1.635,1.640,1.6383,3
4016,gA,1.859,1.859,1.859,1.8590,3
4016,gP,1.959,1.959,1.959,1.9590,3
4017,g95e5,1.649,1.649,1.679,1.6623,3
4017,gA,1.749,1.729,1.749,1.7423,3
4018,g95e5,1.839,1.839,1.839,1.8390,3
4018,gA,1.915,1.905,1.915,1.9117,3
4018,gP,1.975,1.965,1.975,1.9717,3
4018,g98e5,2.009,2.009,2.009,2.0090,3
4019,g95e5,1.819,1.799,1.819,1.8123,3
4019,gA,1.895,1.875,1.895,1.8883,3
4019,gP,1.985,1.965,1.985,1.9783,3
4019,g98e5,1.959,1.939,1.959,1.9523,3
4020,g95e5,1.859,1.859,1.859,1.8590,2
4020,gA,1.929,1.929,1.929,1.9290,2
4020,gP,2.009,2.009,2.009,2.0090,2
4021,g95e5,1.775,1.775,1.775,1.7750,3
4021,gA,1.939,1.929,1.939,1.9357,3
4021,gP,1.999,1.989,1.999,1.9957,3
4021,g98e5,1.945,1.945,1.945,1.9450,3
4023,gA,1.937,1.937,1.937,1.9370,3
4025,gA,1.905,1.885,1.905,1.8983,3
4025,gP,1.995,1.975,1.995,1.9883,3
4028,g95e5,1.659,1.649,1.659,1.6557,3
4028,gA,1.759,1.749,1.759,1.7540,2
4028,gP,1.789,1.779,1.789,1.7840,2
4032,g95e5,1.839,1.839,1.839,1.8390,3
4032,gA,1.915,1.905,1.915,1.9117,3
4032,gP,1.975,1.965,1.975,1.9717,3
4032,g98e5,2.009,2.009,2.009,2.0090,3
4032,g95e5p,1.919,1.919,1.919,1.9190,3
4034,g95e5,1.829,1.829,1.829,1.8290,3
4034,gA,1.899,1.875,1.899,1.8920,4
4034,g98e5,1.999,1.999,1.999,1.9990,3
4034,glp,1.125,1.125,1.125,1.1250,2
4035,g95e5,1.597,1.587,1.597,1.5903,3
4035,gA,1.727,1.697,1.727,1.7070,3
4036,g95e5,1.835,1.829,1.835,1.8335,4
4036,gA,1.885,1.879,1.885,1.8830,3
4036,gP,1.945,1.939,1.945,1.9430,3
4036,g98e5,1.955,1.955,1.955,1.9550,3
4038,g95e5,1.775,1.775,1.775,1.7750,2
4038,gA,1.865,1.865,1.865,1.8650,2
4038,gP,1.925,1.925,1.925,1.9250,2
4038,gB,1.614,1.614,1.614,1.6140,2
4039,g95e5,1.819,1.799,1.819,1.8123,3
4039,gA,1.895,1.875,1.895,1.8883,3
4039,gP,1.985,1.965,1.985,1.9783,3
4039,g98e5,1.959,1.939,1.959,1.9523,3
4040,g95e5,1.670,1.670,1.670,1.6700,3
4040,gA,1.802,1.802,1.802,1.8020,3
4040,gP,1.874,1.874,1.874,1.8740,3
4040,g98e5,1.819,1.819,1.819,1.8190,3
4042,g95e5,1.805,1.805,1.815,1.8083,3
4042,gA,1.885,1.875,1.885,1.8817,3
4042,g98e5,1.975,1.975,1.985,1.9783,3
4044,g95e5,1.819,1.819,1.819,1.8190,3
4044,gA,1.909,1.905,1.909,1.9077,3
4044,gB,1.640,1.635,1.640,1.6383,3
4046,g95e5,1.829,1.825,1.829,1.8277,3
4046,gA,1.909,1.909,1.909,1.9090,3
4046,gP,1.969,1.969,1.969,1.9690,3
4046,g98e5,1.999,1.995,1.999,1.9977,3
4047,g95e5,1.597,1.587,1.597,1.5903,3
4047,gA,1.727,1.697,1.727,1.7070,3
4053,gA,1.934,1.934,1.934,1.9340,2
4053,gP,1.994,1.994,1.994,1.9940,2
4053,gB,1.714,1.714,1.714,1.7140,2
4059,gA,1.949,1.949,1.959,1.9540,2
4059,gP,2.009,2.009,2.019,2.0140,2
4060,g95e5,1.775,1.775,1.775,1.7750,3
4060,gA,1.865,1.855,1.865,1.8617,3
4060,gP,1.925,1.915,1.925,1.9217,3
4060,gB,1.580,1.575,1.580,1.5783,3
4061,gA,1.769,1.769,1.769,1.7690,2
4061,gP,1.879,1.879,1.879,1.8790,2
4062,g95e5,1.775,1.775,1.775,1.7750,3
4062,gA,1.889,1.879,1.889,1.8857,3
4062,gP,1.949,1.939,1.949,1.9457,3
4062,g98e5,1.945,1.945,1.945,1.9450,3
4064,gA,1.954,1.954,1.954,1.9540,2
4064,gP,2.034,2.034,2.034,2.0340,2
4064,gB,1.714,1.714,1.714,1.7140,2
4066,g95e5,1.809,1.809,1.809,1.8090,2
4066,gA,1.919,1.919,1.919,1.9190,2
4066,gP,2.040,2.040,2.040,2.0400,2
4066,g98e5,1.979,1.979,1.979,1.9790,2
4067,g95e5,1.819,1.809,1.819,1.8123,3
4067,gA,1.919,1.889,1.919,1.8990,3
4067,gP,2.019,1.979,2.019,1.9923,3
4067,g98e5,1.969,1.959,1.969,1.9623,3
4067,gB,1.579,1.579,1.579,1.5790,3
4068,gA,1.905,1.895,1.905,1.9017,3
4068,gP,1.995,1.995,1.995,1.9950,3
4068,g98e5,1.969,1.969,1.969,1.9690,2
4069,g95e5,1.775,1.775,1.775,1.7750,3
4069,gA,1.895,1.879,1.895,1.8897,3
4069,gP,1.955,1.939,1.955,1.9497,3
4069,g95e5p,1.835,1.835,1.835,1.8350,3
4070,g95e5,1.679,1.659,1.679,1.6723,3
4070,gA,1.769,1.749,1.769,1.7623,3
4071,g95e5,1.825,1.825,1.825,1.8250,3
4071,gA,1.899,1.899,1.909,1.9023,3
4071,gP,1.959,1.959,1.969,1.9623,3
4071,g98e5,1.945,1.945,1.945,1.9450,3
4072,g95e5,1.799,1.799,1.809,1.8023,3
4072,gA,1.885,1.875,1.885,1.8817,3
4072,gP,1.945,1.935,1.945,1.9417,3
4073,g95e5,1.839,1.839,1.839,1.8390,3
4073,gA,1.895,1.879,1.895,1.8897,3
4073,g98e5,1.959,1.959,1.959,1.9590,3
4073,glp,1.125,1.125,1.125,1.1250,2
4074,g95e5,1.835,1.825,1.835,1.8317,3
4074,gA,1.885,1.885,1.885,1.8850,3
4074,gP,1.945,1.945,1.945,1.9450,3
4074,g98e5,2.005,1.995,2.005,2.0017,3
4075,g95e5,1.835,1.825,1.835,1.8317,3
4075,gA,1.879,1.879,1.879,1.8790,3
4075,gP,1.939,1.939,1.939,1.9390,3
4075,g98e5,2.005,1.995,2.005,2.0017,3
4076,gA,1.895,1.885,1.895,1.8917,3
4076,gP,1.955,1.945,1.955,1.9517,3
4076,g98e5,1.949,1.949,1.949,1.9490,3
4077,g95e5,1.825,1.825,1.825,1.8250,2
4077,gA,1.915,1.915,1.915,1.9150,2
4077,gP,1.969,1.969,1.969,1.9690,2
4078,g95e5,1.839,1.835,1.839,1.8377,3
4078,gA,1.905,1.905,1.905,1.9050,3
4078,gP,1.965,1.965,1.965,1.9650,3
4078,g98e5,2.009,2.005,2.009,2.0077,3
4078,glp,1.155,1.155,1.155,1.1550,2
4079,g95e5,1.819,1.809,1.819,1.8165,4
4079,gA,1.909,1.889,1.909,1.9030,4
4079,g98e5,1.939,1.939,1.939,1.9390,3
4079,glp,1.155,1.155,1.155,1.1550,2
4080,gA,1.885,1.875,1.885,1.8817,3
4080,gP,1.945,1.935,1.945,1.9417,3
4081,g95e5,1.859,1.859,1.859,1.8590,2
4081,gA,1.929,1.929,1.929,1.9290,2
4081,gP,2.009,2.009,2.009,2.0090,2
4082,gA,1.929,1.909,1.929,1.9157,3
4082,gP,2.019,1.999,2.019,2.0057,3
4084,g95e5,1.839,1.839,1.839,1.8390,2
4084,gA,1.919,1.919,1.919,1.9190,2
4084,g95e5p,1.889,1.889,1.889,1.8890,2
4085,g95e5,1.829,1.829,1.829,1.8290,3
4085,gA,1.915,1.915,1.915,1.9150,3
4085,gP,1.975,1.975,1.975,1.9750,3
4085,g98e5,1.999,1.999,1.999,1.9990,3
4088,g95e5,1.835,1.835,1.835,1.8350,3
4088,gA,1.899,1.899,1.899,1.8990,3
4089,g95e5,1.799,1.799,1.809,1.8023,3
4089,gA,1.879,1.875,1.879,1.8777,3
4089,gP,1.939,1.935,1.939,1.9377,3
4089,g98e5,1.969,1.969,1.979,1.9723,3
4090,g95e5,1.809,1.809,1.809,1.8090,3
4090,gA,1.879,1.875,1.879,1.8777,3
4090,gP,1.939,1.935,1.939,1.9377,3
4090,g98e5,1.979,1.979,1.979,1.9790,3
4091,g95e5,1.839,1.829,1.839,1.8365,4
4091,gA,1.875,1.869,1.875,1.8730,3
4091,gP,1.935,1.935,1.935,1.9350,2
4093,g95e5,1.829,1.829,1.829,1.8290,3
4093,gA,1.899,1.889,1.899,1.8955,4
4093,gP,1.959,1.955,1.959,1.9577,3
4093,g98e5,1.949,1.949,1.949,1.9490,3
4093,glp,1.155,1.155,1.155,1.1550,2
4094,g95e5,1.839,1.839,1.839,1.8390,3
4094,gA,1.915,1.905,1.915,1.9110,4
4094,gP,1.975,1.969,1.975,1.9730,3
4094,gB,1.640,1.635,1.640,1.6383,3
4095,g95e5,1.839,1.839,1.839,1.8390,3
4095,gA,1.919,1.915,1.919,1.9177,3
4095,gP,1.979,1.975,1.979,1.9777,3
4095,g98e5,1.979,1.979,1.979,1.9790,3
4096,g95e5,1.789,1.779,1.789,1.7865,4
4096,gA,1.915,1.895,1.915,1.9085,4
4096,gP,1.975,1.969,1.975,1.9730,3
4096,g98e5,1.919,1.919,1.919,1.9190,3
4096,glp,1.125,1.125,1.125,1.1250,2
4097,g95e5,1.789,1.789,1.789,1.7890,3
4097,gA,1.915,1.895,1.915,1.9085,4
4097,gP,1.975,1.969,1.975,1.9730,3
4097,g98e5,1.919,1.919,1.919,1.9190,3
4097,glp,1.125,1.125,1.125,1.1250,2
4098,g95e5,1.825,1.815,1.825,1.8225,4
4098,gA,1.895,1.879,1.895,1.8895,4
4098,gP,1.955,1.949,1.955,1.9530,3
4098,g98e5,1.945,1.945,1.945,1.9450,3
4098,glp,1.125,1.125,1.125,1.1250,2
4099,g95e5,1.679,1.659,1.679,1.6723,3
4099,gA,1.769,1.749,1.769,1.7623,3
4104,g95e5,1.849,1.849,1.849,1.8490,3
4104,gA,1.939,1.929,1.939,1.9357,3
4104,gP,1.999,1.989,1.999,1.9957,3
4104,g98e5,1.969,1.969,1.969,1.9690,3
4104,glp,1.125,1.125,1.125,1.1250,2
4108,g95e5,1.819,1.819,1.819,1.8190,2
4108,gA,1.895,1.875,1.895,1.8883,3
4108,gP,1.985,1.965,1.985,1.9783,3
4108,g98e5,1.959,1.959,1.959,1.9590,2
4109,g95e5,1.829,1.829,1.829,1.8290,3
4109,gA,1.929,1.919,1.929,1.9257,3
4109,gP,2.019,2.009,2.019,2.0157,3
4109,g98e5,1.969,1.969,1.969,1.9690,3
4110,g95e5,1.829,1.829,1.829,1.8290,3
4110,gA,1.929,1.919,1.929,1.9257,3
4110,gP,2.019,2.009,2.019,2.0157,3
4110,g98e5,1.969,1.969,1.969,1.9690,3
4111,g95e5,1.849,1.849,1.849,1.8490,3
4111,gA,1.939,1.929,1.939,1.9357,3
4111,gP,1.999,1.989,1.999,1.9957,3
4111,g98e5,1.969,1.969,1.969,1.9690,3
4111,glp,1.125,1.125,1.125,1.1250,2
4113,g95e5,1.599,1.599,1.599,1.5990,3
4113,gA,1.749,1.749,1.749,1.7490,3
4113,gP,1.809,1.809,1.809,1.8090,3
4113,g98e5,1.699,1.699,1.699,1.6990,3
4113,gB,1.409,1.409,1.409,1.4090,3
4114,g95e5,1.569,1.549,1.569,1.5557,3
4114,gA,1.789,1.759,1.789,1.7690,3
4114,gP,1.839,1.819,1.839,1.8257,3
4114,gB,1.409,1.409,1.409,1.4090,3
4116,g95e5,1.649,1.649,1.649,1.6490,2
4116,gA,1.749,1.749,1.749,1.7490,2
4116,g98e5,1.749,1.749,1.749,1.7490,2
4116,bio,1.719,1.719,1.719,1.7190,2
4117,g95e5,1.789,1.789,1.789,1.7890,2
4117,gA,1.915,1.915,1.915,1.9150,2
4117,gP,2.005,2.005,2.005,2.0050,2
4117,g98e5,1.929,1.929,1.929,1.9290,2
4118,g95e5,1.819,1.809,1.819,1.8165,4
4118,gA,1.925,1.909,1.925,1.9185,4
4118,gP,1.985,1.975,1.985,1.9817,3
4118,g98e5,1.989,1.989,1.989,1.9890,3
4119,g95e5,1.729,1.697,1.729,1.7143,3
4119,gA,1.789,1.739,1.789,1.7623,3
4120,g95e5,1.759,1.759,1.759,1.7590,4
4120,gA,1.839,1.819,1.839,1.8265,4
4120,gP,1.889,1.869,1.889,1.8765,4
4120,g95e5p,1.809,1.809,1.809,1.8090,4
4123,g95e5,1.759,1.759,1.759,1.7590,4
4123,gA,1.839,1.819,1.839,1.8265,4
4123,g98e5,1.899,1.899,1.899,1.8990,4
4125,g95e5,1.816,1.816,1.816,1.8160,3
4125,gA,1.886,1.886,1.886,1.8860,3
4125,gP,1.966,1.966,1.966,1.9660,3
4127,g95e5,1.805,1.805,1.815,1.8083,3
4127,gA,1.885,1.879,1.885,1.8830,3
4127,gP,1.945,1.939,1.945,1.9430,3
4127,g98e5,1.975,1.975,1.985,1.9783,3
4128,g95e5,1.579,1.489,1.579,1.5265,4
4128,gA,1.719,1.664,1.719,1.6840,4
4129,g95e5,1.739,1.739,1.739,1.7390,4
4129,gA,1.849,1.829,1.849,1.8365,4
4129,gP,1.899,1.879,1.899,1.8865,4
4129,g98e5,1.899,1.899,1.899,1.8990,4
4130,g95e5,1.774,1.774,1.774,1.7740,4
4130,gA,1.854,1.854,1.854,1.8540,4
4130,g98e5,1.914,1.914,1.914,1.9140,4
4131,gA,1.709,1.679,1.709,1.6930,3
4131,gP,1.739,1.719,1.739,1.7290,2
4136,g95e5,1.629,1.629,1.629,1.6290,2
4136,gA,1.759,1.759,1.759,1.7590,2
4136,gP,1.789,1.789,1.789,1.7890,2
4138,g95e5,1.609,1.589,1.609,1.5957,3
4138,gA,1.729,1.699,1.729,1.7090,3
4138,gP,1.779,1.749,1.779,1.7590,3
4138,g95e5p,1.659,1.639,1.659,1.6457,3
4139,g95e5,1.699,1.699,1.699,1.6990,2
4139,gA,1.825,1.825,1.825,1.8250,2
4139,gP,1.825,1.825,1.825,1.8250,2
4139,g98e5,1.796,1.796,1.796,1.7960,2
4139,g95e5p,1.735,1.735,1.735,1.7350,2
4142,g95e5,1.629,1.629,1.629,1.6290,2
4142,gA,1.749,1.749,1.749,1.7490,2
4142,gP,1.779,1.779,1.779,1.7790,2
4143,g95e5,1.648,1.648,1.648,1.6480,2
4143,gA,1.799,1.799,1.799,1.7990,2
4143,gB,1.734,1.734,1.734,1.7340,3
4144,gA,1.809,1.809,1.809,1.8090,2
4144,gP,1.829,1.829,1.829,1.8290,2
4144,g98e5,1.779,1.779,1.779,1.7790,2
4144,gB,1.559,1.559,1.559,1.5590,2
4147,g95e5,1.738,1.738,1.738,1.7380,2
4147,gA,1.888,1.888,1.888,1.8880,2
4147,gP,1.888,1.888,1.918,1.9030,2
4147,g95e5p,1.738,1.738,1.768,1.7530,2
4150,g95e5,1.709,1.709,1.709,1.7090,3
4150,gA,1.809,1.809,1.809,1.8090,3
4150,gP,1.869,1.869,1.869,1.8690,3
4150,g95e5p,1.789,1.789,1.789,1.7890,3
4151,g95e5,1.769,1.759,1.769,1.7640,2
4151,gA,1.879,1.869,1.879,1.8757,3
4151,gP,1.919,1.909,1.919,1.9157,3
4151,g98e5,1.909,1.909,1.909,1.9090,2
4153,g95e5,1.739,1.729,1.739,1.7340,2
4155,gA,1.927,1.927,1.927,1.9270,2
4158,gA,1.909,1.905,1.909,1.9077,3
4158,gP,1.999,1.995,1.999,1.9977,3
4159,g95e5,1.785,1.775,1.785,1.7817,3
4159,gA,1.909,1.905,1.909,1.9070,2
4159,g95e5p,1.855,1.845,1.855,1.8517,3
4160,g95e5,1.789,1.789,1.789,1.7890,3
4160,gA,1.929,1.909,1.929,1.9223,3
4160,g98e5,1.929,1.929,1.929,1.9290,3
4161,gA,1.909,1.909,1.909,1.9090,2
4163,g95e5,1.779,1.759,1.779,1.7690,2
4163,gP,2.039,2.009,2.039,2.0240,2
4163,g98e5,1.899,1.879,1.899,1.8890,2
4166,g95e5,1.799,1.789,1.799,1.7965,4
4166,gA,1.899,1.895,1.899,1.8977,3
4166,g98e5,1.919,1.919,1.919,1.9190,3
4166,glp,1.129,1.129,1.129,1.1290,2
4167,gA,1.934,1.934,1.934,1.9340,2
4167,gP,2.014,2.014,2.014,2.0140,2
4168,gA,1.909,1.905,1.909,1.9077,3
4169,g95e5,1.745,1.735,1.745,1.7417,3
4169,gA,1.895,1.875,1.895,1.8883,3
4169,gP,1.985,1.965,1.985,1.9783,3
4169,g98e5,1.885,1.875,1.885,1.8817,3
4169,gB,1.609,1.589,1.609,1.6023,3
4170,gA,1.909,1.905,1.909,1.9077,3
4170,gP,1.999,1.995,1.999,1.9977,3
4171,g95e5,1.769,1.769,1.769,1.7690,3
4171,gA,1.889,1.889,1.889,1.8890,3
4171,gP,1.969,1.969,1.969,1.9690,3
4171,g98e5,1.909,1.909,1.909,1.9090,3
4172,g95e5,1.735,1.735,1.735,1.7350,3
4172,gA,1.879,1.879,1.879,1.8790,2
4174,g95e5,1.779,1.779,1.779,1.7790,3
4174,gA,1.885,1.879,1.885,1.8830,3
4175,g95e5,1.729,1.723,1.729,1.7270,3
4175,gA,1.904,1.899,1.904,1.9023,3
4175,gP,1.999,1.994,1.999,1.9973,3
4175,g98e5,1.875,1.869,1.875,1.8730,3
4175,gB,1.623,1.623,1.623,1.6230,2
4176,gA,1.849,1.849,1.849,1.8490,2
4176,gP,1.849,1.849,1.849,1.8490,2
4177,gB,1.395,1.395,1.395,1.3950,2
4178,g95e5,1.759,1.759,1.759,1.7590,2
4178,gA,1.869,1.869,1.869,1.8690,2
4178,gP,1.929,1.929,1.929,1.9290,2
4178,g98e5,1.879,1.879,1.879,1.8790,2
4180,g95e5,1.769,1.769,1.769,1.7690,3
4180,gA,1.889,1.889,1.889,1.8890,3
4180,gP,2.009,2.009,2.009,2.0090,3
4180,g98e5,1.889,1.889,1.889,1.8890,3
4182,g95e5,1.639,1.609,1.639,1.6257,3
4182,gA,1.749,1.699,1.749,1.7223,3
4184,g95e5,1.649,1.609,1.649,1.6240,4
4184,gA,1.779,1.709,1.779,1.7315,4
4185,gA,1.909,1.905,1.909,1.9070,2
4185,gP,1.999,1.995,1.999,1.9970,2
4186,gA,1.909,1.905,1.909,1.9077,3
4186,gP,1.999,1.995,1.999,1.9977,3
4188,gA,1.919,1.909,1.919,1.9140,2
4188,gP,2.039,2.029,2.039,2.0340,2
4190,g95e5,1.739,1.729,1.739,1.7340,2
4192,g95e5,1.779,1.779,1.779,1.7790,4
4192,gA,1.889,1.889,1.889,1.8890,4
4192,gP,1.989,1.989,1.989,1.9890,4
4193,g95e5,1.754,1.754,1.754,1.7540,4
4193,gA,1.944,1.924,1.944,1.9373,3
4193,gP,2.024,2.004,2.024,2.0173,3
4194,g95e5,1.759,1.759,1.759,1.7590,2
4194,gA,1.869,1.869,1.869,1.8690,2
4194,gP,1.929,1.929,1.929,1.9290,2
4194,g98e5,1.879,1.879,1.879,1.8790,2
4195,g95e5,1.769,1.769,1.769,1.7690,3
4195,gA,1.889,1.889,1.889,1.8890,3
4196,gA,1.929,1.929,1.929,1.9290,2
4196,gB,1.669,1.669,1.669,1.6690,2
4197,g95e5,1.679,1.679,1.679,1.6790,2
4197,gA,1.819,1.819,1.819,1.8190,2
4197,gP,1.859,1.859,1.859,1.8590,2
4197,g98e5,1.749,1.749,1.749,1.7490,2
4198,g95e5,1.779,1.779,1.779,1.7790,3
4198,gA,1.909,1.905,1.909,1.9077,3
4198,g98e5,1.899,1.899,1.899,1.8990,3
4198,g95e5p,1.849,1.849,1.849,1.8490,3
4199,g95e5,1.799,1.799,1.799,1.7990,3
4199,gA,1.899,1.895,1.899,1.8977,3
4199,g95e5p,1.859,1.859,1.859,1.8590,3
4204,g95e5,1.795,1.795,1.795,1.7950,3
4204,gA,1.909,1.905,1.909,1.9077,3
4204,g98e5,1.915,1.915,1.915,1.9150,3
4204,g95e5p,1.855,1.855,1.855,1.8550,3
4204,glp,1.139,1.139,1.139,1.1390,2
4205,g95e5,1.789,1.789,1.789,1.7890,3
4205,gA,1.905,1.899,1.905,1.9030,3
4205,g98e5,1.909,1.909,1.909,1.9090,3
4206,g95e5,1.789,1.789,1.789,1.7890,3
4206,gA,1.905,1.899,1.905,1.9030,3
4206,gP,2.005,1.999,2.005,2.0030,3
4206,g98e5,1.909,1.909,1.909,1.9090,3
4211,g95e5,1.735,1.735,1.739,1.7363,3
4211,gA,1.925,1.925,1.925,1.9250,3
4211,g98e5,1.855,1.855,1.859,1.8563,3
4214,g95e5,1.799,1.799,1.799,1.7990,3
4214,gA,1.929,1.929,1.935,1.9310,3
4214,g98e5,1.919,1.919,1.919,1.9190,3
4214,g95e5p,1.869,1.869,1.869,1.8690,3
4215,gA,1.907,1.907,1.907,1.9070,2
4215,gP,2.039,2.039,2.039,2.0390,2
4216,g95e5,1.775,1.769,1.775,1.7730,3
4216,gA,1.925,1.925,1.925,1.9250,3
4216,g98e5,1.895,1.889,1.895,1.8930,3
4216,gB,1.690,1.685,1.690,1.6883,3
4217,g95e5,1.799,1.799,1.799,1.7990,2
4217,gA,1.919,1.919,1.919,1.9190,2
4217,gP,2.019,2.019,2.019,2.0190,2
4217,g98e5,1.929,1.929,1.929,1.9290,2
4217,glp,1.109,1.109,1.109,1.1090,2
4218,gA,1.765,1.765,1.765,1.7650,2
4218,gP,1.875,1.855,1.875,1.8683,3
4220,g95e5,1.775,1.775,1.775,1.7750,3
4220,gA,1.905,1.905,1.905,1.9050,2
4220,gP,1.995,1.995,1.995,1.9950,2
4220,g98e5,1.915,1.915,1.915,1.9150,3
4221,gA,1.919,1.909,1.919,1.9140,2
4221,gB,1.639,1.629,1.639,1.6340,2
4222,gA,1.919,1.909,1.919,1.9140,2
4222,gB,1.639,1.629,1.639,1.6340,2
4223,g95e5,1.795,1.789,1.799,1.7945,4
4223,gA,1.925,1.925,1.929,1.9270,4
4223,g98e5,1.915,1.915,1.919,1.9163,3
4223,gB,1.664,1.659,1.664,1.6623,3
4224,g95e5,1.799,1.799,1.799,1.7990,2
4224,gA,1.919,1.919,1.919,1.9190,2
4224,gP,2.019,2.019,2.019,2.0190,2
4224,g98e5,1.929,1.929,1.929,1.9290,2
4225,g95e5,1.735,1.729,1.735,1.7335,4
4225,gA,1.919,1.909,1.919,1.9157,3
4225,g98e5,1.855,1.855,1.855,1.8550,3
4228,g95e5,1.745,1.735,1.745,1.7417,3
4228,gA,1.895,1.875,1.895,1.8883,3
4228,gP,1.985,1.965,1.985,1.9783,3
4228,g98e5,1.885,1.875,1.885,1.8817,3
4229,g95e5,1.765,1.765,1.765,1.7650,3
4229,gA,1.909,1.895,1.909,1.9043,3
4229,g98e5,1.885,1.885,1.885,1.8850,3
4230,g95e5,1.785,1.785,1.785,1.7850,3
4230,gA,1.899,1.895,1.899,1.8977,3
4230,g98e5,1.905,1.905,1.905,1.9050,3
4231,g95e5,1.775,1.775,1.775,1.7750,3
4231,gA,1.919,1.915,1.919,1.9177,3
4231,g98e5,1.895,1.895,1.895,1.8950,3
4233,g95e5,1.735,1.735,1.735,1.7350,3
4233,gA,1.919,1.919,1.935,1.9243,3
4233,g98e5,1.855,1.855,1.855,1.8550,3
4238,g95e5,1.799,1.795,1.799,1.7977,3
4238,gA,1.919,1.919,1.919,1.9190,3
4238,g98e5,1.919,1.915,1.919,1.9177,3
4238,g95e5p,1.869,1.865,1.869,1.8677,3
4241,g95e5,1.769,1.769,1.769,1.7690,3
4241,gA,1.889,1.889,1.889,1.8890,3
4243,g95e5,1.774,1.774,1.774,1.7740,4
4243,gA,1.924,1.904,1.924,1.9140,4
4243,gP,2.024,2.004,2.024,2.0140,4
4243,g95e5p,1.884,1.884,1.884,1.8840,4
4244,gA,1.909,1.909,1.909,1.9090,2
4244,gP,2.029,2.029,2.029,2.0290,2
4245,g95e5,1.735,1.735,1.735,1.7350,3
4245,gA,1.885,1.875,1.885,1.8817,3
4245,g98e5,1.855,1.855,1.855,1.8550,3
4246,g95e5,1.764,1.764,1.764,1.7640,4
4246,gA,1.934,1.914,1.934,1.9240,4
4246,gP,2.044,2.024,2.044,2.0340,4
4246,g95e5p,1.874,1.874,1.874,1.8740,4
4247,g95e5,1.764,1.764,1.764,1.7640,3
4247,gA,1.934,1.914,1.934,1.9240,4
4247,gP,2.044,2.024,2.044,2.0340,4
4247,g95e5p,1.874,1.874,1.874,1.8740,3
4248,g95e5,1.764,1.764,1.764,1.7640,3
4248,gA,1.934,1.914,1.934,1.9240,4
4248,gP,2.044,2.024,2.044,2.0340,4
4248,g95e5p,1.874,1.874,1.874,1.8740,3
4249,g95e5,1.745,1.745,1.745,1.7450,3
4249,gA,1.919,1.905,1.919,1.9143,3
4249,gB,1.634,1.629,1.634,1.6323,3
4250,g95e5,1.795,1.795,1.795,1.7950,2
4250,gA,1.919,1.909,1.919,1.9157,3
4251,g95e5,1.735,1.735,1.735,1.7350,3
4251,gA,1.909,1.909,1.925,1.9143,3
4254,g95e5,1.779,1.759,1.779,1.7690,2
4254,gP,2.039,2.009,2.039,2.0240,2
4254,g98e5,1.899,1.879,1.899,1.8890,2
4256,g95e5,1.739,1.729,1.739,1.7323,3
4256,gA,1.859,1.859,1.859,1.8590,3
4256,gP,1.949,1.949,1.949,1.9490,3
4256,g95e5p,1.819,1.809,1.819,1.8157,3
4256,gB,1.629,1.629,1.629,1.6290,2
4258,g95e5,1.799,1.789,1.799,1.7965,4
4258,gA,1.935,1.935,1.935,1.9350,3
4258,g98e5,1.919,1.919,1.919,1.9190,3
4258,g95e5p,1.869,1.869,1.869,1.8690,3
4259,g95e5,1.769,1.769,1.789,1.7757,3
4259,gA,1.935,1.925,1.935,1.9317,3
4259,g98e5,1.889,1.889,1.909,1.8957,3
4261,gA,1.889,1.879,1.889,1.8840,2
4261,gB,1.639,1.629,1.639,1.6340,2
4263,gA,1.829,1.829,1.829,1.8290,2
4263,gP,1.849,1.849,1.849,1.8490,2
4263,g98e5,1.779,1.779,1.779,1.7790,2
4263,gB,1.559,1.559,1.559,1.5590,2
4264,g95e5,1.764,1.764,1.764,1.7640,4
4264,gA,1.934,1.914,1.934,1.9240,4
4264,gP,2.044,2.024,2.044,2.0340,4
4264,g95e5p,1.874,1.874,1.874,1.8740,4
4265,g95e5,1.764,1.764,1.764,1.7640,4
4265,gA,1.934,1.914,1.934,1.9240,4
4265,gP,2.044,2.024,2.044,2.0340,4
4265,g95e5p,1.874,1.874,1.874,1.8740,4
4266,gB,1.739,1.739,1.739,1.7390,3
4267,g95e5,1.785,1.785,1.785,1.7850,3
4267,gA,1.899,1.895,1.899,1.8977,3
4267,g98e5,1.905,1.905,1.905,1.9050,3
4268,g95e5,1.759,1.759,1.759,1.7590,2
4268,gA,1.899,1.899,1.899,1.8990,2
4268,gP,2.019,2.019,2.019,2.0190,2
4268,g98e5,1.879,1.879,1.879,1.8790,2
4269,g95e5,1.759,1.759,1.759,1.7590,3
4269,gA,1.905,1.885,1.905,1.8983,3
4270,g95e5,1.785,1.785,1.785,1.7850,3
4270,gA,1.879,1.875,1.879,1.8777,3
4270,g98e5,1.905,1.905,1.905,1.9050,3
4273,gA,1.934,1.914,1.934,1.9207,3
4273,gP,2.034,2.014,2.034,2.0207,3
4275,g95e5,1.735,1.735,1.735,1.7350,3
4275,gA,1.895,1.875,1.895,1.8883,3
4275,g98e5,1.855,1.855,1.855,1.8550,3
4275,gB,1.634,1.629,1.634,1.6323,3
4277,g95e5,1.735,1.735,1.735,1.7350,3
4277,gA,1.919,1.919,1.935,1.9243,3
4277,g98e5,1.855,1.855,1.855,1.8550,3
4277,g95e5p,1.805,1.805,1.805,1.8050,3
4278,g95e5,1.754,1.754,1.754,1.7540,3
4278,gA,1.944,1.924,1.944,1.9340,4
4278,gP,2.024,2.004,2.024,2.0140,4
4278,g95e5p,1.844,1.844,1.844,1.8440,3
4278,gB,1.654,1.654,1.654,1.6540,2
4282,gA,1.889,1.879,1.889,1.8840,2
4283,g95e5,1.784,1.784,1.784,1.7840,4
4283,gA,1.924,1.904,1.924,1.9173,3
4283,gP,2.024,2.004,2.024,2.0173,3
4283,g95e5p,1.844,1.844,1.844,1.8440,4
4284,g95e5,1.795,1.775,1.795,1.7885,4
4284,gA,1.925,1.925,1.925,1.9250,3
4284,g98e5,1.915,1.909,1.915,1.9130,3
4286,g95e5,1.745,1.745,1.745,1.7450,3
4286,gA,1.889,1.885,1.889,1.8877,3
4286,g98e5,1.865,1.865,1.865,1.8650,3
4287,g95e5,1.785,1.775,1.785,1.7817,3
4287,gA,1.909,1.905,1.909,1.9070,2
4287,g98e5,1.905,1.895,1.905,1.9017,3
4288,gA,1.899,1.899,1.899,1.8990,2
4289,g95e5,1.785,1.785,1.785,1.7850,3
4289,gA,1.889,1.885,1.889,1.8877,3
4289,g98e5,1.905,1.905,1.905,1.9050,3
4290,g95e5,1.785,1.775,1.785,1.7825,4
4290,gA,1.889,1.885,1.889,1.8877,3
4290,g98e5,1.905,1.905,1.905,1.9050,3
4292,g95e5,1.769,1.769,1.769,1.7690,3
4292,gA,1.889,1.889,1.889,1.8890,3
4292,gP,1.969,1.969,1.969,1.9690,3
4292,g98e5,1.909,1.909,1.909,1.9090,3
4295,g95e5,1.719,1.679,1.719,1.6940,4
4295,gA,1.849,1.809,1.849,1.8240,4
4295,gP,1.899,1.859,1.899,1.8740,4
4295,g95e5p,1.769,1.729,1.769,1.7440,4
4296,g95e5,1.719,1.699,1.719,1.7090,4
4296,gA,1.799,1.779,1.799,1.7890,4
4296,gP,1.849,1.829,1.849,1.8390,4
4296,g98e5,1.829,1.809,1.829,1.8190,4
4297,g95e5,1.639,1.619,1.639,1.6323,3
4297,gA,1.699,1.679,1.699,1.6923,3
4298,gA,1.848,1.848,1.848,1.8480,2
4298,gP,1.948,1.948,1.948,1.9480,2
4300,g95e5,1.599,1.569,1.599,1.5890,3
4300,gA,1.699,1.699,1.699,1.6990,2
4303,g95e5,1.749,1.729,1.749,1.7390,3
4303,gA,1.839,1.799,1.839,1.8190,3
4303,gP,1.879,1.839,1.879,1.8590,3
4305,g95e5,1.775,1.775,1.775,1.7750,2
4305,gA,1.915,1.915,1.919,1.9170,2
4305,g98e5,1.895,1.895,1.895,1.8950,2
4306,g95e5,1.775,1.775,1.775,1.7750,3
4306,gA,1.909,1.909,1.915,1.9110,3
4306,gP,1.969,1.969,1.975,1.9710,3
4306,g98e5,1.895,1.895,1.895,1.8950,3
4307,g95e5,1.775,1.775,1.775,1.7750,2
4307,gA,1.919,1.915,1.919,1.9177,3
4307,gP,1.979,1.975,1.979,1.9777,3
4307,g98e5,1.945,1.945,1.945,1.9450,2
4307,gB,1.664,1.659,1.664,1.6623,3
4309,g95e5,1.729,1.729,1.729,1.7290,3
4309,gA,1.869,1.865,1.869,1.8677,3
4309,gP,1.979,1.975,1.979,1.9777,3
4309,g98e5,1.889,1.889,1.889,1.8890,3
4310,g95e5,1.749,1.739,1.749,1.7440,4
4310,gA,1.909,1.879,1.909,1.8890,4
4310,gP,1.959,1.929,1.959,1.9390,4
4310,g98e5,1.839,1.829,1.839,1.8340,4
4312,g95e5,1.799,1.799,1.799,1.7990,3
4312,gA,1.959,1.939,1.959,1.9490,4
4312,gP,2.054,2.034,2.054,2.0440,4
4312,g95e5p,1.864,1.864,1.864,1.8640,3
4313,g95e5,1.739,1.739,1.739,1.7390,4
4313,gA,1.879,1.859,1.879,1.8715,4
4313,gP,1.929,1.909,1.929,1.9215,4
4313,g95e5p,1.789,1.789,1.789,1.7890,4
4314,g95e5,1.795,1.795,1.795,1.7950,2
4314,gA,1.945,1.929,1.945,1.9397,3
4314,gP,2.035,2.019,2.035,2.0297,3
4314,g98e5,1.935,1.935,1.935,1.9350,2
4315,g95e5,1.814,1.784,1.814,1.7915,4
4315,gA,1.954,1.934,1.954,1.9390,4
4315,g95e5p,1.864,1.834,1.864,1.8415,4
4316,g95e5,1.809,1.809,1.809,1.8090,2
4316,gA,1.959,1.949,1.959,1.9557,3
4316,gP,2.049,2.039,2.049,2.0457,3
4316,g98e5,1.949,1.949,1.949,1.9490,2
4317,g95e5,1.799,1.799,1.819,1.8057,3
4317,gA,1.999,1.999,2.029,2.0090,3
4317,g98e5,1.999,1.999,2.019,2.0057,3
4317,gB,1.779,1.779,1.779,1.7790,2
4319,g95e5,1.819,1.809,1.819,1.8165,4
4319,gA,1.959,1.955,1.959,1.9577,3
4319,g98e5,1.939,1.939,1.939,1.9390,3
4319,glp,1.149,1.149,1.149,1.1490,2
4320,g95e5,1.799,1.799,1.799,1.7990,4
4320,gA,1.959,1.939,1.959,1.9523,3
4320,gP,2.054,2.034,2.054,2.0473,3
4321,gA,1.939,1.939,1.939,1.9390,2
4321,gP,2.029,2.029,2.029,2.0290,2
4322,g95e5,1.799,1.799,1.805,1.8010,3
4322,gA,1.929,1.929,1.935,1.9310,3
4324,g95e5,1.769,1.769,1.769,1.7690,3
4324,gA,1.929,1.909,1.929,1.9223,3
4324,gP,2.039,2.019,2.039,2.0323,3
4324,g98e5,1.939,1.939,1.939,1.9390,3
4325,g95e5,1.799,1.799,1.799,1.7990,4
4325,gA,1.959,1.939,1.959,1.9490,4
4325,gP,2.054,2.034,2.054,2.0440,4
4327,g95e5,1.795,1.795,1.795,1.7950,3
4327,gA,1.929,1.929,1.935,1.9310,3
4327,g98e5,1.915,1.915,1.915,1.9150,3
4327,g95e5p,1.865,1.865,1.865,1.8650,3
4328,g95e5,1.805,1.805,1.805,1.8050,3
4328,gA,1.949,1.945,1.949,1.9477,3
4328,g98e5,1.975,1.975,1.975,1.9750,3
4329,g95e5,1.805,1.805,1.805,1.8050,3
4329,gA,1.949,1.945,1.949,1.9477,3
4329,g98e5,1.975,1.975,1.975,1.9750,3
4330,g95e5,1.789,1.789,1.789,1.7890,3
4330,gA,1.919,1.919,1.919,1.9190,3
4330,gP,1.949,1.949,1.949,1.9490,3
4330,g98e5,1.929,1.929,1.929,1.9290,3
4333,g95e5,1.795,1.785,1.795,1.7925,4
4333,gA,1.929,1.909,1.929,1.9240,4
4333,g98e5,1.915,1.915,1.915,1.9150,3
4333,glp,1.105,1.105,1.105,1.1050,2
4334,g95e5,1.815,1.815,1.815,1.8150,3
4334,gA,1.949,1.945,1.949,1.9477,3
4334,gP,2.029,2.025,2.029,2.0277,3
4334,g98e5,1.935,1.935,1.935,1.9350,3
4336,gA,1.799,1.779,1.799,1.7890,3
4336,g98e5,1.809,1.789,1.809,1.7990,2
4337,g95e5,1.799,1.799,1.799,1.7990,3
4337,gA,1.955,1.929,1.955,1.9470,4
4337,g98e5,1.969,1.969,1.969,1.9690,3
4339,g95e5,1.789,1.789,1.789,1.7890,3
4339,gA,1.955,1.935,1.955,1.9483,3
4339,g98e5,1.909,1.909,1.909,1.9090,3
4340,g95e5,1.819,1.819,1.819,1.8190,3
4340,gA,1.979,1.965,1.979,1.9743,3
4340,g98e5,1.939,1.939,1.939,1.9390,3
4340,glp,1.149,1.149,1.149,1.1490,2
4341,gA,1.899,1.894,1.899,1.8973,3
4341,gP,1.959,1.954,1.959,1.9573,3
4342,g95e5,1.795,1.785,1.795,1.7917,3
4342,gA,1.979,1.975,1.979,1.9777,3
4342,g98e5,1.965,1.955,1.965,1.9617,3
4344,g95e5,1.838,1.838,1.838,1.8380,2
4346,g95e5,1.799,1.799,1.799,1.7990,4
4346,gA,1.959,1.939,1.959,1.9490,4
4346,gP,2.054,2.034,2.054,2.0440,4
4346,g95e5p,1.864,1.864,1.864,1.8640,4
4347,g95e5,1.805,1.795,1.805,1.8025,4
4347,gA,1.955,1.955,1.955,1.9550,3
4347,g98e5,1.925,1.925,1.925,1.9250,3
4349,g95e5,1.805,1.795,1.805,1.8025,4
4349,gA,1.955,1.929,1.955,1.9470,4
4349,g98e5,1.925,1.925,1.925,1.9250,3
4350,gA,1.929,1.929,1.929,1.9290,2
4350,gP,2.039,2.039,2.039,2.0390,2
4351,g95e5,1.805,1.795,1.805,1.8025,4
4351,gA,1.955,1.945,1.955,1.9517,3
4351,g98e5,1.925,1.925,1.925,1.9250,3
4351,g95e5p,1.875,1.875,1.875,1.8750,3
4351,glp,1.149,1.149,1.149,1.1490,2
4352,g95e5,1.839,1.819,1.839,1.8340,4
4352,gA,1.949,1.929,1.949,1.9405,4
4352,g98e5,1.959,1.959,1.959,1.9590,3
4352,g95e5p,1.909,1.909,1.909,1.9090,3
4352,glp,1.149,1.149,1.149,1.1490,2
4353,g95e5,1.805,1.795,1.805,1.8025,4
4353,gA,1.945,1.925,1.945,1.9375,4
4353,g98e5,1.925,1.925,1.925,1.9250,3
4354,g95e5,1.785,1.785,1.785,1.7850,3
4354,gA,1.945,1.925,1.945,1.9383,3
4354,g98e5,1.915,1.915,1.915,1.9150,3
4356,g95e5,1.795,1.795,1.795,1.7950,2
4356,gA,1.939,1.939,1.939,1.9390,2
4356,gP,2.029,2.029,2.029,2.0290,2
4356,g98e5,1.935,1.935,1.935,1.9350,2
4357,gA,1.959,1.939,1.959,1.9457,3
4357,gP,2.005,2.005,2.005,2.0050,3
4357,g98e5,1.843,1.841,1.843,1.8417,3
4358,g95e5,1.795,1.795,1.805,1.7975,4
4358,gA,1.945,1.925,1.945,1.9385,4
4358,g98e5,1.915,1.915,1.925,1.9183,3
4360,g95e5,1.669,1.659,1.669,1.6640,2
4360,gA,1.779,1.749,1.779,1.7640,2
4360,gP,1.799,1.769,1.799,1.7840,2
4361,g95e5,1.669,1.659,1.669,1.6640,2
4361,gA,1.779,1.749,1.779,1.7640,2
4361,gP,1.799,1.769,1.799,1.7840,2
4365,g95e5,1.709,1.709,1.709,1.7090,3
4365,gA,1.839,1.839,1.839,1.8390,3
4365,gB,1.445,1.445,1.445,1.4450,3
4367,g95e5,1.795,1.795,1.799,1.7970,2
4367,gA,1.929,1.925,1.929,1.9270,2
4367,gP,1.999,1.995,1.999,1.9970,2
4367,g98e5,1.915,1.915,1.919,1.9170,2
4368,gA,1.909,1.909,1.909,1.9090,2
4368,gP,1.999,1.999,1.999,1.9990,2
4368,gB,1.669,1.669,1.669,1.6690,2
4369,g95e5,1.549,1.529,1.549,1.5423,3
4369,gA,1.709,1.689,1.709,1.7023,3
4372,g95e5,1.672,1.672,1.672,1.6720,2
4372,gA,1.785,1.785,1.785,1.7850,2
4376,g95e5,1.789,1.789,1.789,1.7890,2
4376,gA,1.929,1.919,1.929,1.9257,3
4379,g95e5,1.649,1.649,1.649,1.6490,2
4379,gA,1.829,1.829,1.829,1.8290,2
4379,g98e5,1.779,1.779,1.779,1.7790,2
4379,gB,1.479,1.479,1.479,1.4790,2
4380,g95e5,1.529,1.509,1.529,1.5190,2
4380,gA,1.689,1.650,1.689,1.6695,2
4380,g98e5,1.819,1.819,1.819,1.8190,2
4383,g95e5,1.759,1.759,1.759,1.7590,3
4383,gA,1.919,1.909,1.919,1.9123,3
4383,gP,1.999,1.989,1.999,1.9923,3
4383,g98e5,1.899,1.899,1.899,1.8990,3
4384,g95e5,1.699,1.699,1.699,1.6990,3
4384,gA,1.849,1.849,1.849,1.8490,3
4384,gB,1.420,1.420,1.420,1.4200,2
4388,g95e5,1.649,1.649,1.649,1.6490,3
4388,gA,1.799,1.799,1.799,1.7990,3
4388,gB,1.420,1.420,1.420,1.4200,2
4392,g95e5,1.729,1.729,1.729,1.7290,4
4392,gA,1.919,1.919,1.919,1.9190,2
4394,g95e5,1.659,1.659,1.659,1.6590,2
4394,gA,1.798,1.798,1.798,1.7980,2
4402,gA,1.909,1.899,1.909,1.9057,3
4403,g95e5,1.659,1.659,1.659,1.6590,2
4403,gA,1.769,1.769,1.769,1.7690,2
4403,gB,1.529,1.529,1.529,1.5290,2
4404,g95e5,1.719,1.709,1.719,1.7157,3
4404,gA,1.889,1.879,1.889,1.8857,3
4404,gP,1.949,1.939,1.949,1.9457,3
4404,gB,1.509,1.509,1.509,1.5090,2
4408,gA,1.799,1.779,1.799,1.7923,3
4418,gA,1.939,1.919,1.939,1.9290,3
4418,gP,2.019,1.999,2.019,2.0090,3
4427,g95e5,1.699,1.669,1.699,1.6840,2
4427,gA,1.849,1.819,1.849,1.8340,2
4427,gP,1.889,1.859,1.889,1.8740,2
4428,g95e5,1.549,1.509,1.549,1.5290,3
4428,gA,1.709,1.689,1.709,1.6990,2
4429,gA,1.729,1.719,1.729,1.7223,3
4430,g95e5,1.778,1.778,1.778,1.7780,2
4430,gA,1.908,1.908,1.908,1.9080,2
4430,gP,1.958,1.958,1.958,1.9580,2
4431,g95e5,1.709,1.699,1.709,1.7040,4
4431,gA,1.869,1.859,1.869,1.8640,4
4431,gP,1.919,1.909,1.919,1.9140,4
4431,g98e5,1.819,1.809,1.819,1.8140,4
4432,g95e5,1.709,1.699,1.709,1.7040,4
4432,gA,1.869,1.859,1.869,1.8640,4
4432,gP,1.919,1.909,1.919,1.9140,4
4432,g98e5,1.819,1.809,1.819,1.8140,4
4433,g95e5,1.799,1.789,1.799,1.7940,4
4433,gA,1.949,1.929,1.949,1.9365,4
4433,gP,1.999,1.979,1.999,1.9865,4
4433,g98e5,1.939,1.929,1.939,1.9340,4
4435,gA,1.680,1.657,1.680,1.6647,3
4435,gP,1.719,1.719,1.726,1.7237,3
4435,g98e5,1.788,1.788,1.788,1.7880,3
4443,g95e5,1.815,1.815,1.815,1.8150,2
4443,gA,1.929,1.929,1.939,1.9340,2
4448,g95e5,1.805,1.795,1.805,1.8025,4
4448,gA,1.955,1.929,1.955,1.9470,4
4448,g98e5,1.925,1.925,1.925,1.9250,3
4448,glp,1.145,1.145,1.145,1.1450,2
4451,g95e5,1.729,1.729,1.749,1.7357,3
4451,gA,1.889,1.889,1.909,1.8957,3
4451,gP,1.969,1.969,1.989,1.9757,3
4451,g98e5,1.829,1.829,1.849,1.8357,3
4452,g95e5,1.769,1.769,1.769,1.7690,2
4452,gA,1.919,1.905,1.919,1.9143,3
4452,gP,2.009,1.995,2.009,2.0043,3
4453,g95e5,1.798,1.789,1.798,1.7920,3
4453,g98e5,1.938,1.929,1.938,1.9320,3
4454,g95e5,1.795,1.775,1.795,1.7883,3
4454,gA,1.965,1.945,1.965,1.9583,3
4454,gP,2.055,2.035,2.055,2.0483,3
4454,g98e5,1.935,1.915,1.935,1.9283,3
4455,gA,1.899,1.899,1.899,1.8990,2
4455,gP,1.979,1.979,1.979,1.9790,2
4456,g95e5,1.789,1.789,1.789,1.7890,2
4456,gA,1.929,1.929,1.929,1.9290,2
4456,gP,2.019,2.019,2.019,2.0190,2
4456,g98e5,1.929,1.929,1.929,1.9290,2
4457,gP,2.054,2.019,2.054,2.0307,3
4458,g95e5,1.819,1.819,1.819,1.8190,2
4458,gA,1.959,1.959,1.959,1.9590,2
4458,gP,2.039,2.039,2.039,2.0390,2
4459,g95e5,1.799,1.799,1.799,1.7990,2
4459,gA,1.929,1.929,1.929,1.9290,2
4459,gP,2.039,2.039,2.039,2.0390,2
4459,g98e5,1.919,1.919,1.919,1.9190,2
4461,g95e5,1.809,1.809,1.809,1.8090,3
4461,g98e5,1.929,1.929,1.929,1.9290,3
4462,g95e5,1.805,1.799,1.805,1.8030,3
4462,gA,1.939,1.935,1.939,1.9377,3
4462,g98e5,1.925,1.919,1.925,1.9230,3
4462,glp,1.129,1.129,1.129,1.1290,2
4463,gA,1.959,1.959,1.959,1.9590,2
4463,gP,2.054,2.054,2.054,2.0540,2
4463,gB,1.764,1.764,1.764,1.7640,2
4466,g95e5,1.769,1.769,1.769,1.7690,3
4466,gA,1.959,1.939,1.959,1.9523,3
4466,gP,2.054,2.034,2.054,2.0473,3
4466,g98e5,1.904,1.904,1.904,1.9040,3
4467,g95e5,1.805,1.795,1.805,1.8025,4
4467,gA,1.945,1.945,1.949,1.9463,3
4467,g98e5,1.925,1.925,1.925,1.9250,3
4468,g95e5,1.799,1.799,1.799,1.7990,3
4468,gA,1.955,1.935,1.955,1.9485,4
4468,g98e5,1.949,1.949,1.949,1.9490,3
4468,g95e5p,1.869,1.869,1.869,1.8690,3
4468,glp,1.105,1.105,1.105,1.1050,2
4469,g95e5,1.795,1.795,1.795,1.7950,2
4469,gA,1.945,1.929,1.945,1.9397,3
4469,gP,2.035,2.019,2.035,2.0297,3
4469,g98e5,1.935,1.935,1.935,1.9350,2
4470,g95e5,1.795,1.795,1.799,1.7963,3
4470,gA,1.929,1.929,1.929,1.9290,3
4470,gP,2.019,2.019,2.019,2.0190,3
4470,g98e5,1.935,1.935,1.939,1.9363,3
4471,g95e5,1.779,1.779,1.779,1.7790,3
4471,gA,1.939,1.929,1.939,1.9323,3
4471,gP,2.039,2.029,2.039,2.0323,3
4471,g98e5,1.939,1.939,1.939,1.9390,3
4474,g95e5,1.789,1.779,1.789,1.7865,4
4474,gA,1.929,1.929,1.935,1.9310,3
4474,g98e5,1.909,1.909,1.909,1.9090,3
4474,g95e5p,1.869,1.869,1.869,1.8690,3
4475,g95e5,1.789,1.789,1.789,1.7890,3
4475,gA,1.929,1.929,1.935,1.9310,3
4475,g98e5,1.959,1.959,1.959,1.9590,3
4476,g95e5,1.769,1.759,1.769,1.7615,4
4476,gA,1.909,1.889,1.909,1.8940,4
4476,gP,1.959,1.939,1.959,1.9440,4
4476,g95e5p,1.819,1.809,1.819,1.8115,4
4476,gB,1.714,1.699,1.714,1.7052,4
4478,g95e5,1.795,1.795,1.795,1.7950,3
4478,gA,1.949,1.945,1.949,1.9477,3
4478,g98e5,1.915,1.915,1.915,1.9150,3
4478,g95e5p,1.875,1.875,1.875,1.8750,3
4481,g95e5,1.799,1.799,1.799,1.7990,4
4481,gA,1.959,1.939,1.959,1.9523,3
4481,gP,2.054,2.034,2.054,2.0473,3
4481,g95e5p,1.819,1.819,1.864,1.8415,4
4483,g95e5,1.795,1.795,1.795,1.7950,3
4483,gA,1.929,1.929,1.929,1.9290,3
4483,g98e5,1.965,1.965,1.965,1.9650,3
4484,g95e5,1.795,1.795,1.795,1.7950,3
4484,gA,1.919,1.909,1.919,1.9155,4
4485,gA,1.959,1.959,1.959,1.9590,2
4485,gP,2.034,2.034,2.034,2.0340,2
4486,gA,1.959,1.959,1.959,1.9590,2
4486,gP,2.034,2.034,2.034,2.0340,2
4488,g95e5,1.799,1.799,1.799,1.7990,3
4488,gA,1.939,1.935,1.939,1.9377,3
4490,g95e5,1.785,1.785,1.785,1.7850,3
4490,gA,1.949,1.945,1.949,1.9477,3
4490,g98e5,1.955,1.955,1.955,1.9550,3
4492,g95e5,1.809,1.809,1.809,1.8090,4
4492,gA,1.959,1.939,1.959,1.9523,3
4492,gP,2.054,2.034,2.054,2.0473,3
4496,g95e5,1.799,1.799,1.799,1.7990,2
4496,gA,1.949,1.949,1.949,1.9490,2
4497,g95e5,1.795,1.795,1.795,1.7950,3
4497,gA,1.945,1.935,1.945,1.9417,3
4498,g95e5,1.795,1.795,1.795,1.7950,3
4498,gA,1.949,1.935,1.949,1.9443,3
4499,g95e5,1.789,1.789,1.789,1.7890,3
4499,gA,1.945,1.935,1.945,1.9417,3
4500,g95e5,1.795,1.795,1.795,1.7950,3
4500,gA,1.939,1.935,1.939,1.9377,3
4501,g95e5,1.805,1.805,1.805,1.8050,3
4501,gA,1.949,1.935,1.949,1.9443,3
4503,g95e5,1.809,1.799,1.809,1.8023,3
4503,gA,1.959,1.939,1.959,1.9457,3
4503,gP,2.054,2.034,2.054,2.0407,3
4504,g95e5,1.795,1.795,1.795,1.7950,3
4504,gA,1.945,1.929,1.945,1.9397,3
4505,g95e5,1.769,1.769,1.769,1.7690,3
4505,gA,1.925,1.909,1.925,1.9197,3
4505,gP,2.035,2.019,2.035,2.0297,3
4507,g95e5,1.769,1.769,1.769,1.7690,3
4507,gA,1.929,1.909,1.929,1.9223,3
4511,g95e5,1.769,1.769,1.769,1.7690,3
4511,gA,1.929,1.909,1.929,1.9223,3
4511,gP,2.029,2.009,2.029,2.0223,3
4512,gA,1.959,1.959,1.959,1.9590,2
4512,gP,2.054,2.054,2.054,2.0540,2
4513,g95e5,1.785,1.785,1.785,1.7850,3
4513,gA,1.929,1.929,1.929,1.9290,2
4515,g95e5,1.804,1.804,1.804,1.8040,3
4515,gA,1.979,1.959,1.979,1.9690,4
4515,gP,2.054,2.034,2.054,2.0440,4
4515,g95e5p,1.924,1.924,1.924,1.9240,3
4516,g95e5,1.804,1.804,1.804,1.8040,3
4516,gA,1.979,1.959,1.979,1.9723,3
4516,gP,2.054,2.034,2.054,2.0473,3
4517,g95e5,1.795,1.795,1.795,1.7950,3
4517,gA,1.939,1.935,1.939,1.9377,3
4518,g95e5,1.809,1.809,1.809,1.8090,2
4518,gA,1.959,1.939,1.959,1.9523,3
4518,gP,2.049,2.029,2.049,2.0423,3
4518,g98e5,1.949,1.949,1.949,1.9490,2
4522,g95e5,1.789,1.789,1.789,1.7890,3
4522,gA,1.949,1.949,1.949,1.9490,3
4524,g95e5,1.769,1.769,1.769,1.7690,3
4524,gA,1.955,1.955,1.955,1.9550,3
4524,g98e5,1.889,1.889,1.889,1.8890,3
4524,g95e5p,1.839,1.839,1.839,1.8390,3
4525,g95e5,1.805,1.789,1.805,1.8010,4
4525,gA,1.949,1.945,1.949,1.9477,3
4525,g98e5,1.925,1.925,1.925,1.9250,3
4525,g95e5p,1.875,1.875,1.875,1.8750,3
4526,g95e5,1.815,1.795,1.815,1.8100,4
4526,gA,1.949,1.929,1.949,1.9405,4
4526,g98e5,1.935,1.935,1.935,1.9350,3
4526,g95e5p,1.875,1.875,1.875,1.8750,3
4527,g95e5,1.849,1.839,1.849,1.8465,4
4527,gA,1.949,1.929,1.949,1.9430,4
4527,g98e5,1.969,1.969,1.969,1.9690,3
4528,g95e5,1.819,1.809,1.819,1.8165,4
4528,gA,1.959,1.945,1.959,1.9545,4
4528,g98e5,1.939,1.939,1.939,1.9390,3
4531,g95e5,1.849,1.839,1.849,1.8465,4
4531,gA,1.955,1.955,1.955,1.9550,3
4531,g98e5,2.019,2.019,2.019,2.0190,3
4534,g95e5,1.799,1.799,1.799,1.7990,2
4534,gA,1.959,1.939,1.959,1.9523,3
4534,gP,2.054,2.034,2.054,2.0473,3
4534,g95e5p,1.914,1.914,1.914,1.9140,2
4536,g95e5,1.805,1.805,1.805,1.8050,3
4536,gA,1.929,1.929,1.935,1.9310,3
4538,g95e5,1.805,1.805,1.805,1.8050,3
4538,gA,1.949,1.935,1.949,1.9443,3
4538,g98e5,1.925,1.925,1.925,1.9250,3
4538,g95e5p,1.875,1.875,1.875,1.8750,3
4538,glp,1.149,1.149,1.149,1.1490,2
4539,g95e5,1.799,1.799,1.799,1.7990,3
4539,gA,1.959,1.939,1.959,1.9523,3
4539,gP,2.054,2.034,2.054,2.0473,3
4540,g95e5,1.769,1.769,1.769,1.7690,3
4540,g98e5,1.939,1.939,1.939,1.9390,3
4540,gB,1.710,1.705,1.710,1.7083,3
4541,g95e5,1.769,1.769,1.769,1.7690,3
4541,gA,1.975,1.975,1.975,1.9750,2
4541,g98e5,1.939,1.939,1.939,1.9390,3
4542,g95e5,1.795,1.795,1.795,1.7950,3
4542,gA,1.955,1.955,1.955,1.9550,3
4542,gP,2.065,2.065,2.065,2.0650,3
4542,g98e5,1.965,1.965,1.965,1.9650,3
4543,g95e5,1.809,1.789,1.809,1.8030,4
4543,gA,1.955,1.945,1.955,1.9517,3
4543,g98e5,1.979,1.975,1.979,1.9777,3
4543,glp,1.105,1.105,1.105,1.1050,2
4544,g95e5,1.795,1.789,1.795,1.7935,4
4544,gA,1.949,1.945,1.949,1.9480,4
4544,g98e5,1.915,1.915,1.915,1.9150,3
4544,g95e5p,1.865,1.865,1.865,1.8650,3
4546,g95e5,1.799,1.789,1.799,1.7965,4
4546,gA,1.939,1.935,1.939,1.9377,3
4546,g98e5,1.919,1.919,1.919,1.9190,3
4546,g95e5p,1.869,1.869,1.869,1.8690,3
4547,g95e5,1.799,1.799,1.799,1.7990,3
4547,gA,1.949,1.935,1.949,1.9443,3
4549,g95e5,1.785,1.785,1.785,1.7850,3
4549,gA,1.929,1.929,1.929,1.9290,2
4550,g95e5,1.785,1.785,1.789,1.7877,3
4550,gA,1.925,1.899,1.925,1.9077,3
4550,gP,1.935,1.909,1.935,1.9177,3
4550,g95e5p,1.825,1.825,1.829,1.8277,3
4555,g95e5,1.799,1.799,1.799,1.7990,3
4555,gA,1.959,1.939,1.959,1.9490,4
4555,gP,2.054,2.034,2.054,2.0440,4
4555,g95e5p,1.864,1.864,1.864,1.8640,3
4556,g95e5,1.769,1.769,1.769,1.7690,3
4556,gA,1.959,1.939,1.959,1.9523,3
4556,gP,2.054,2.034,2.054,2.0473,3
4557,g95e5,1.769,1.769,1.769,1.7690,3
4557,gA,1.975,1.975,1.975,1.9750,2
4560,g95e5,1.809,1.809,1.809,1.8090,3
4561,g95e5,1.799,1.799,1.799,1.7990,3
4561,gA,1.949,1.929,1.949,1.9423,3
4563,g95e5,1.805,1.805,1.805,1.8050,3
4563,gA,1.929,1.929,1.929,1.9290,3
4565,g95e5,1.799,1.799,1.799,1.7990,3
4565,gA,1.949,1.935,1.949,1.9443,3
4568,g95e5,1.785,1.785,1.785,1.7850,3
4568,gA,1.979,1.969,1.979,1.9757,3
4568,g98e5,1.905,1.905,1.905,1.9050,3
4569,g95e5,1.819,1.819,1.819,1.8190,3
4569,gA,1.979,1.959,1.979,1.9723,3
4569,gP,2.054,2.034,2.054,2.0473,3
4569,g95e5p,1.874,1.874,1.874,1.8740,3
4571,g95e5,1.819,1.819,1.819,1.8190,2
4571,gA,1.969,1.949,1.969,1.9623,3
4571,gP,2.059,2.039,2.059,2.0523,3
4571,g98e5,1.959,1.959,1.959,1.9590,2
4576,g95e5,1.809,1.809,1.809,1.8090,3
4576,gA,1.945,1.939,1.945,1.9430,3
4576,g95e5p,1.879,1.879,1.879,1.8790,3
4576,glp,1.105,1.105,1.105,1.1050,2
4576,gB,1.724,1.719,1.724,1.7223,3
4577,g95e5,1.809,1.799,1.809,1.8065,4
4577,gA,1.945,1.939,1.945,1.9430,3
4578,g95e5,1.795,1.795,1.795,1.7950,3
4578,gA,1.955,1.945,1.955,1.9517,3
4578,g95e5p,1.845,1.845,1.845,1.8450,3
4579,g95e5,1.805,1.795,1.805,1.8025,4
4579,gA,1.955,1.945,1.955,1.9517,3
4579,g98e5,1.925,1.925,1.925,1.9250,3
4580,g95e5,1.795,1.785,1.795,1.7925,4
4580,gA,1.935,1.929,1.935,1.9330,3
4580,g98e5,1.915,1.915,1.915,1.9150,3
4581,g95e5,1.785,1.785,1.785,1.7850,2
4581,gA,1.929,1.929,1.929,1.9290,2
4581,gP,2.019,2.019,2.019,2.0190,2
4581,g98e5,1.905,1.905,1.905,1.9050,2
4582,g95e5,1.795,1.795,1.795,1.7950,3
4583,gA,1.939,1.939,1.939,1.9390,2
4583,gP,2.029,2.029,2.029,2.0290,2
4586,g95e5,1.795,1.795,1.795,1.7950,4
4586,gA,1.955,1.945,1.955,1.9517,3
4588,g95e5,1.785,1.785,1.785,1.7850,3
4588,gA,1.959,1.929,1.959,1.9455,4
4588,g98e5,1.905,1.905,1.905,1.9050,3
4592,g95e5,1.799,1.799,1.799,1.7990,2
4592,gA,1.959,1.939,1.959,1.9523,3
4592,gP,2.054,2.034,2.054,2.0473,3
4592,g95e5p,1.924,1.924,1.924,1.9240,2
4593,g95e5,1.799,1.799,1.799,1.7990,3
4593,gA,1.959,1.939,1.959,1.9523,3
4593,gP,2.054,2.034,2.054,2.0473,3
4593,g95e5p,1.874,1.874,1.874,1.8740,3
4595,g95e5,1.799,1.789,1.799,1.7965,4
4595,gA,1.945,1.945,1.945,1.9450,2
4595,g98e5,1.969,1.969,1.969,1.9690,3
4596,g95e5,1.799,1.799,1.799,1.7990,2
4596,gA,1.929,1.929,1.929,1.9290,2
4596,gP,2.039,2.039,2.039,2.0390,2
4596,g98e5,1.919,1.919,1.919,1.9190,2
4597,g95e5,1.769,1.769,1.769,1.7690,3
4597,gA,1.929,1.909,1.929,1.9190,4
4597,gP,2.049,2.029,2.049,2.0390,4
4597,g95e5p,1.864,1.864,1.864,1.8640,3
4598,g95e5,1.795,1.789,1.795,1.7935,4
4598,gA,1.929,1.929,1.929,1.9290,2
4598,g98e5,1.915,1.915,1.915,1.9150,3
4600,g95e5,1.789,1.789,1.789,1.7890,2
4600,gA,1.939,1.939,1.939,1.9390,2
4600,gP,2.019,2.019,2.019,2.0190,2
4600,g98e5,1.929,1.929,1.929,1.9290,2
4601,g95e5,1.799,1.799,1.799,1.7990,4
4601,gA,1.959,1.939,1.959,1.9490,4
4601,gP,2.054,2.034,2.054,2.0440,4
4601,g95e5p,1.914,1.914,1.914,1.9140,4
4602,g95e5,1.649,1.649,1.649,1.6490,4
4602,gA,1.779,1.779,1.779,1.7790,4
4602,gP,1.829,1.829,1.829,1.8290,4
4602,g95e5p,1.699,1.699,1.699,1.6990,4
4603,g95e5,1.769,1.759,1.769,1.7665,4
4603,gA,1.929,1.929,1.929,1.9290,2
4603,g98e5,1.889,1.889,1.889,1.8890,3
4603,glp,1.105,1.105,1.105,1.1050,2
4604,g95e5,1.789,1.789,1.789,1.7890,3
4604,gA,1.955,1.955,1.955,1.9550,3
4604,g98e5,1.959,1.959,1.959,1.9590,3
4605,g95e5,1.795,1.795,1.795,1.7950,3
4605,gA,1.955,1.955,1.955,1.9550,4
4605,g98e5,1.915,1.915,1.915,1.9150,3
4606,g95e5,1.795,1.795,1.795,1.7950,3
4606,gA,1.935,1.915,1.935,1.9285,4
4606,g98e5,1.815,1.815,1.815,1.8150,3
4606,glp,1.129,1.129,1.129,1.1290,2
4607,g95e5,1.789,1.769,1.789,1.7840,4
4607,gA,1.955,1.955,1.955,1.9550,3
4607,g98e5,1.909,1.909,1.909,1.9090,3
4607,glp,1.105,1.105,1.105,1.1050,2
4608,gA,1.939,1.939,1.939,1.9390,2
4608,gP,2.029,2.029,2.029,2.0290,2
4609,g95e5,1.809,1.799,1.809,1.8065,4
4609,gA,1.955,1.929,1.955,1.9460,4
4609,glp,1.129,1.129,1.129,1.1290,2
4610,g95e5,1.799,1.799,1.799,1.7990,3
4610,gA,1.929,1.925,1.929,1.9277,3
4610,g98e5,1.969,1.969,1.969,1.9690,3
4611,g95e5,1.799,1.799,1.799,1.7990,3
4611,gA,1.945,1.939,1.945,1.9430,3
4611,g98e5,1.969,1.969,1.969,1.9690,3
4611,glp,1.149,1.149,1.149,1.1490,2
4612,g95e5,1.829,1.829,1.829,1.8290,3
4612,gA,1.939,1.939,1.939,1.9390,3
4612,g98e5,1.949,1.949,1.949,1.9490,2
4613,g95e5,1.799,1.789,1.799,1.7965,4
4613,gA,1.955,1.935,1.955,1.9485,4
4613,g98e5,1.949,1.949,1.949,1.9490,3
4613,glp,1.105,1.105,1.105,1.1050,2
4614,g95e5,1.809,1.795,1.809,1.8055,4
4614,gA,1.949,1.925,1.949,1.9380,4
4614,g98e5,1.929,1.929,1.929,1.9290,3
4614,glp,1.105,1.105,1.105,1.1050,2
4615,g95e5,1.795,1.795,1.795,1.7950,3
4615,gA,1.935,1.929,1.935,1.9330,3
4615,g98e5,1.915,1.915,1.915,1.9150,3
4615,glp,1.135,1.135,1.135,1.1350,2
4616,g95e5,1.799,1.799,1.799,1.7990,3
4616,gA,1.945,1.939,1.945,1.9430,3
4616,g98e5,1.969,1.969,1.969,1.9690,3
4619,g95e5,1.795,1.785,1.795,1.7925,4
4619,gA,1.935,1.919,1.935,1.9295,4
4619,g98e5,1.915,1.915,1.915,1.9150,3
4619,glp,1.105,1.105,1.105,1.1050,2
4620,g95e5,1.799,1.789,1.799,1.7965,4
4620,gA,1.915,1.899,1.915,1.9095,4
4620,g98e5,1.919,1.919,1.919,1.9190,3
4620,glp,1.149,1.149,1.149,1.1490,2
4621,g95e5,1.789,1.789,1.799,1.7915,4
4621,gA,1.905,1.885,1.905,1.9000,4
4621,g98e5,1.909,1.909,1.909,1.9090,3
4622,g95e5,1.799,1.799,1.799,1.7990,3
4622,gA,1.945,1.935,1.945,1.9417,3
4622,g98e5,1.919,1.919,1.919,1.9190,3
4622,glp,1.105,1.105,1.105,1.1050,2
4623,g95e5,1.785,1.785,1.785,1.7850,3
4623,gA,1.955,1.955,1.955,1.9550,3
4623,g98e5,1.955,1.955,1.955,1.9550,3
4624,g95e5,1.805,1.795,1.805,1.8025,4
4624,gA,1.955,1.955,1.965,1.9575,4
4624,g98e5,1.925,1.925,1.925,1.9250,3
4624,g95e5p,1.875,1.875,1.875,1.8750,3
4624,glp,1.139,1.139,1.139,1.1390,2
4626,gA,1.939,1.929,1.939,1.9323,3
4626,gP,2.019,2.009,2.019,2.0123,3
4629,g95e5,1.795,1.795,1.799,1.7963,3
4629,gA,1.929,1.929,1.939,1.9323,3
4629,g98e5,1.915,1.915,1.919,1.9163,3
4630,g95e5,1.929,1.929,1.929,1.9290,2
4630,gA,2.029,2.029,2.029,2.0290,2
4630,gP,2.089,2.089,2.089,2.0890,2
4630,g98e5,1.989,1.989,1.989,1.9890,2
4631,g95e5,1.929,1.929,1.929,1.9290,2
4631,gA,2.029,2.029,2.029,2.0290,2
4631,gP,2.089,2.089,2.089,2.0890,2
4631,g98e5,1.989,1.989,1.989,1.9890,2
4636,g95e5,1.939,1.939,1.939,1.9390,2
4636,gA,2.059,2.059,2.059,2.0590,2
4636,gP,2.119,2.119,2.119,2.1190,2
4636,g98e5,1.999,1.999,1.999,1.9990,2
4637,g95e5,1.939,1.939,1.939,1.9390,2
4637,gA,2.059,2.059,2.059,2.0590,2
4637,gP,2.119,2.119,2.119,2.1190,2
4637,g98e5,1.999,1.999,1.999,1.9990,2
4638,g95e5,1.799,1.799,1.799,1.7990,3
4638,gA,1.949,1.945,1.949,1.9477,3
4638,g98e5,1.919,1.919,1.919,1.9190,3
4638,glp,1.105,1.105,1.105,1.1050,2
4639,g95e5,1.799,1.789,1.799,1.7965,4
4639,gA,1.949,1.935,1.949,1.9445,4
4639,g98e5,1.919,1.919,1.919,1.9190,3
4639,glp,1.115,1.115,1.115,1.1150,2
4640,g95e5,1.809,1.795,1.809,1.8055,4
4640,gA,1.955,1.945,1.955,1.9517,3
4640,g98e5,1.929,1.929,1.929,1.9290,3
4640,glp,1.129,1.129,1.129,1.1290,2
4641,g95e5,1.815,1.805,1.815,1.8125,4
4641,gA,1.939,1.919,1.939,1.9330,4
4641,g98e5,1.975,1.975,1.975,1.9750,3
4641,glp,1.149,1.149,1.149,1.1490,2
4642,g95e5,1.815,1.805,1.815,1.8125,4
4642,gA,1.939,1.935,1.939,1.9377,3
4642,g98e5,1.975,1.975,1.975,1.9750,3
4643,g95e5,1.795,1.795,1.795,1.7950,3
4643,gA,1.955,1.945,1.955,1.9517,3
4643,g98e5,1.915,1.915,1.915,1.9150,3
4644,gA,1.929,1.929,1.929,1.9290,2
4644,gP,2.039,2.039,2.039,2.0390,2
4646,g95e5,1.799,1.799,1.799,1.7990,2
4646,gA,1.959,1.939,1.959,1.9523,3
4646,gP,2.054,2.034,2.054,2.0473,3
4646,g95e5p,1.924,1.924,1.924,1.9240,2
4649,g95e5,1.799,1.799,1.799,1.7990,4
4649,gA,1.959,1.939,1.959,1.9490,4
4649,gP,2.054,2.034,2.054,2.0440,4
4652,g95e5,1.789,1.789,1.789,1.7890,4
4652,gA,1.939,1.919,1.939,1.9323,3
4652,gP,2.054,2.034,2.054,2.0473,3
4654,g95e5,1.805,1.795,1.805,1.8017,3
4654,gA,1.945,1.945,1.945,1.9450,2
4654,gP,2.035,2.035,2.035,2.0350,2
4654,g98e5,1.945,1.935,1.945,1.9417,3
4656,g95e5,1.789,1.769,1.789,1.7740,4
4656,gA,1.939,1.909,1.939,1.9215,4
4656,gP,1.989,1.959,1.989,1.9715,4
4656,g95e5p,1.839,1.819,1.839,1.8240,4
4657,g95e5,1.789,1.769,1.789,1.7740,4
4657,gA,1.939,1.909,1.939,1.9215,4
4657,gP,1.989,1.959,1.989,1.9715,4
4657,g95e5p,1.839,1.819,1.839,1.8240,4
4658,g95e5,1.775,1.775,1.775,1.7750,4
4658,gA,1.935,1.935,1.935,1.9350,4
4658,gP,1.996,1.996,1.996,1.9960,4
4658,g98e5,1.936,1.936,1.936,1.9360,4
4660,g95e5,1.545,1.545,1.550,1.5475,2
4660,gA,1.745,1.719,1.745,1.7305,4
4660,gP,1.775,1.755,1.775,1.7650,2
4660,g98e5,1.755,1.755,1.755,1.7550,2
4662,g95e5,1.809,1.799,1.809,1.8015,4
4662,gA,1.919,1.909,1.919,1.9140,4
4662,gP,1.969,1.959,1.969,1.9640,4
4663,gA,1.929,1.929,1.929,1.9290,2
4663,gP,2.024,2.024,2.024,2.0240,2
4664,g95e5,1.819,1.819,1.819,1.8190,4
4664,gA,1.979,1.959,1.979,1.9690,4
4664,gP,2.054,2.034,2.054,2.0440,4
4664,g95e5p,1.874,1.874,1.874,1.8740,4
4665,g95e5,1.739,1.734,1.739,1.7365,4
4665,gA,1.869,1.854,1.869,1.8615,4
4665,gP,1.919,1.904,1.919,1.9115,4
4665,g95e5p,1.789,1.784,1.789,1.7865,4
4667,g95e5,1.789,1.779,1.799,1.7890,4
4667,gA,1.949,1.929,1.949,1.9415,4
4667,gP,1.999,1.979,1.999,1.9915,4
4667,g98e5,1.929,1.919,1.939,1.9290,4
4668,g95e5,1.789,1.779,1.799,1.7890,4
4668,gA,1.949,1.929,1.949,1.9415,4
4668,gP,1.999,1.979,1.999,1.9915,4
4668,g98e5,1.929,1.919,1.939,1.9290,4
4669,g95e5,1.789,1.779,1.789,1.7840,4
4669,gA,1.919,1.919,1.939,1.9240,4
4669,gP,1.969,1.969,1.989,1.9740,4
4669,g98e5,1.909,1.899,1.909,1.9040,4
4670,g95e5,1.819,1.819,1.819,1.8190,2
4670,gA,1.969,1.949,1.969,1.9623,3
4670,gP,2.059,2.039,2.059,2.0523,3
4670,g98e5,1.959,1.959,1.959,1.9590,2
4671,g95e5,1.719,1.704,1.719,1.7090,3
4671,gA,1.804,1.804,1.804,1.8040,3
4671,gP,1.854,1.854,1.854,1.8540,3
4671,g95e5p,1.769,1.754,1.769,1.7590,3
4672,g95e5,1.679,1.639,1.679,1.6490,4
4672,gA,1.799,1.739,1.799,1.7540,4
4672,gP,1.849,1.789,1.849,1.8040,4
4672,g95e5p,1.729,1.689,1.729,1.6990,4
4673,g95e5,1.679,1.639,1.679,1.6490,4
4673,gA,1.799,1.739,1.799,1.7540,4
4673,gP,1.849,1.789,1.849,1.8040,4
4673,g95e5p,1.729,1.689,1.729,1.6990,4
4674,g95e5,1.749,1.749,1.749,1.7490,3
4674,gA,1.919,1.899,1.919,1.9123,3
4674,gP,2.004,1.984,2.004,1.9973,3
4674,g95e5p,1.864,1.864,1.864,1.8640,3
4676,g95e5,1.789,1.789,1.789,1.7890,2
4676,gA,1.949,1.929,1.949,1.9423,3
4676,gP,2.039,2.019,2.039,2.0323,3
4676,g98e5,1.929,1.929,1.929,1.9290,2
4678,g95e5,1.680,1.644,1.680,1.6620,2
4678,gA,1.869,1.778,1.869,1.8235,2
4678,gP,1.984,1.979,1.984,1.9815,2
4678,g98e5,1.929,1.929,1.929,1.9290,2
4680,g95e5,1.799,1.799,1.799,1.7990,4
4680,gA,1.929,1.909,1.929,1.9190,4
4680,gP,2.049,2.029,2.049,2.0390,4
4680,g95e5p,1.874,1.874,1.874,1.8740,4
4681,g95e5,1.679,1.619,1.679,1.6457,3
4681,gA,1.769,1.649,1.769,1.7090,2
4681,gP,1.789,1.669,1.789,1.7290,2
4682,g95e5,1.799,1.799,1.799,1.7990,2
4682,gA,1.959,1.939,1.959,1.9490,4
4682,gP,2.054,2.034,2.054,2.0440,4
4683,g95e5,1.769,1.769,1.769,1.7690,2
4683,gA,1.899,1.889,1.899,1.8940,2
4683,gP,1.919,1.909,1.919,1.9140,2
4684,g95e5,1.799,1.789,1.799,1.7965,4
4684,gA,1.939,1.929,1.939,1.9365,4
4684,gP,1.989,1.979,1.989,1.9865,4
4684,g95e5p,1.849,1.839,1.849,1.8465,4
4685,g95e5,1.829,1.829,1.829,1.8290,2
4685,gA,1.959,1.959,1.959,1.9590,2
4685,g98e5,1.949,1.949,1.949,1.9490,2
4686,g95e5,1.649,1.649,1.659,1.6540,2
4686,gA,1.699,1.669,1.699,1.6840,2
4689,g95e5,1.799,1.799,1.799,1.7990,3
4689,gA,1.959,1.939,1.959,1.9490,4
4689,gP,2.054,2.034,2.054,2.0440,4
4689,g95e5p,1.894,1.894,1.894,1.8940,3
4690,g95e5,1.799,1.799,1.799,1.7990,3
4690,gA,1.959,1.939,1.959,1.9490,4
4690,gP,2.054,2.034,2.054,2.0440,4
4690,g95e5p,1.894,1.894,1.894,1.8940,3
4691,g95e5,1.659,1.639,1.659,1.6523,3
4691,gA,1.779,1.759,1.779,1.7723,3
4691,gP,1.799,1.779,1.799,1.7923,3
4691,g95e5p,1.679,1.659,1.679,1.6723,3
4693,g95e5,1.799,1.799,1.799,1.7990,3
4693,gA,1.959,1.939,1.959,1.9490,4
4693,gP,2.054,2.034,2.054,2.0440,4
4693,g95e5p,1.914,1.914,1.914,1.9140,3
4694,g95e5,1.799,1.799,1.799,1.7990,3
4694,gA,1.959,1.939,1.959,1.9523,3
4694,gP,2.054,2.034,2.054,2.0473,3
4694,g95e5p,1.904,1.904,1.904,1.9040,3
4695,g95e5,1.805,1.795,1.805,1.8025,4
4695,gA,1.929,1.929,1.935,1.9310,3
4695,g98e5,1.925,1.925,1.925,1.9250,3
4696,g95e5,1.789,1.779,1.789,1.7840,4
4696,gA,1.939,1.919,1.939,1.9265,4
4696,gP,1.989,1.969,1.989,1.9765,4
4696,g98e5,1.919,1.919,1.919,1.9190,4
4697,g95e5,1.749,1.749,1.749,1.7490,4
4697,gA,1.869,1.869,1.869,1.8690,4
4697,g95e5p,1.799,1.799,1.799,1.7990,4
4698,g95e5,1.749,1.749,1.749,1.7490,4
4698,gA,1.869,1.869,1.869,1.8690,4
4698,g95e5p,1.799,1.799,1.799,1.7990,4
4699,g95e5,1.794,1.789,1.794,1.7915,4
4699,gP,1.929,1.929,1.929,1.9290,4
4699,g95e5p,1.844,1.839,1.844,1.8415,4
4700,g95e5,1.749,1.739,1.749,1.7415,4
4700,gA,1.899,1.879,1.899,1.8890,4
4700,gP,1.949,1.929,1.949,1.9390,4
4700,g98e5,1.889,1.879,1.889,1.8815,4
4701,g95e5,1.759,1.749,1.759,1.7540,4
4701,gA,1.904,1.874,1.904,1.8865,4
4701,gP,1.954,1.924,1.954,1.9365,4
4701,g95e5p,1.809,1.799,1.809,1.8040,4
4702,g95e5,1.779,1.779,1.779,1.7790,4
4702,gA,1.919,1.919,1.919,1.9190,4
4702,gP,1.969,1.969,1.969,1.9690,4
4702,g95e5p,1.829,1.829,1.829,1.8290,4
4703,g95e5,1.779,1.779,1.779,1.7790,4
4703,gA,1.919,1.919,1.919,1.9190,4
4703,gP,1.969,1.969,1.969,1.9690,4
4703,g95e5p,1.829,1.829,1.829,1.8290,4
4704,gA,1.919,1.919,1.919,1.9190,3
4704,gP,1.999,1.999,1.999,1.9990,3
4705,g95e5,1.689,1.689,1.689,1.6890,2
4705,gA,1.789,1.779,1.789,1.7840,2
4705,gP,1.799,1.789,1.799,1.7940,2
4706,g95e5,1.799,1.799,1.799,1.7990,3
4706,gA,1.939,1.939,1.939,1.9390,3
4706,gP,2.034,2.034,2.034,2.0340,3
4706,g95e5p,1.859,1.859,1.859,1.8590,3
4707,g95e5,1.799,1.799,1.799,1.7990,4
4707,gA,1.959,1.939,1.959,1.9490,4
4707,gP,2.054,2.034,2.054,2.0440,4
4707,g95e5p,1.914,1.914,1.914,1.9140,4
4709,g95e5,1.819,1.809,1.819,1.8157,3
4709,gA,1.969,1.959,1.969,1.9657,3
4709,gP,2.089,2.079,2.089,2.0857,3
4709,g98e5,1.989,1.979,1.989,1.9857,3
4709,g95e5p,1.849,1.839,1.849,1.8457,3
4710,gA,1.899,1.899,1.899,1.8990,3
4710,gP,1.979,1.979,1.979,1.9790,3
4711,g95e5,1.839,1.819,1.839,1.8323,3
4711,gA,1.939,1.929,1.939,1.9340,3
4711,gP,2.019,2.009,2.019,2.0140,3
4711,g98e5,1.979,1.959,1.979,1.9723,3
4717,gA,1.899,1.899,1.899,1.8990,3
4717,gP,1.979,1.979,1.979,1.9790,3
4718,gA,1.899,1.899,1.899,1.8990,3
4718,gP,1.979,1.979,1.979,1.9790,3
4721,gA,1.959,1.959,1.959,1.9590,2
4721,gP,2.054,2.054,2.054,2.0540,2
4722,g95e5,1.804,1.804,1.804,1.8040,3
4722,gA,1.964,1.944,1.964,1.9573,3
4722,gP,2.064,2.044,2.064,2.0573,3
4725,g95e5,1.799,1.799,1.799,1.7990,3
4725,gA,1.959,1.939,1.959,1.9523,3
4725,gP,2.054,2.034,2.054,2.0473,3
4725,g95e5p,1.874,1.874,1.874,1.8740,3
4726,g95e5,1.829,1.829,1.829,1.8290,2
4726,gA,1.959,1.959,1.959,1.9590,2
4726,g98e5,1.949,1.949,1.949,1.9490,2
4728,gA,1.959,1.959,1.959,1.9590,2
4728,gP,2.054,2.054,2.054,2.0540,2
4731,g95e5,1.789,1.789,1.789,1.7890,2
4731,gA,1.899,1.899,1.899,1.8990,2
4731,gP,1.919,1.919,1.919,1.9190,2
4731,g98e5,1.909,1.909,1.909,1.9090,2
4733,g95e5,1.799,1.799,1.799,1.7990,2
4736,gA,1.924,1.924,1.924,1.9240,2
4736,gP,2.024,2.024,2.024,2.0240,2
4737,gB,1.369,1.369,1.369,1.3690,2
4739,gA,1.939,1.939,1.939,1.9390,3
4740,gB,1.599,1.599,1.599,1.5990,3
4741,g95e5,1.683,1.683,1.683,1.6830,2
4741,gA,1.823,1.823,1.823,1.8230,2
4741,gP,1.883,1.883,1.883,1.8830,2
4741,g98e5,1.793,1.793,1.793,1.7930,2
4741,gB,1.567,1.567,1.567,1.5670,2
4747,gA,1.837,1.837,1.837,1.8370,2
4747,gP,1.898,1.898,1.898,1.8980,2
4747,gB,1.567,1.567,1.567,1.5670,2
4753,g95e5,1.560,1.560,1.560,1.5600,2
4753,g95e5p,1.590,1.590,1.590,1.5900,2
4758,g95e5,1.779,1.769,1.779,1.7740,2
4758,gA,1.969,1.959,1.969,1.9640,2
4758,gP,2.039,2.029,2.039,2.0340,2
4758,g98e5,1.959,1.949,1.959,1.9540,2
4759,g95e5,1.799,1.799,1.799,1.7990,3
4759,gA,1.959,1.939,1.959,1.9490,4
4759,gP,2.054,2.034,2.054,2.0440,4
4759,g95e5p,1.874,1.874,1.874,1.8740,3
4760,g95e5,1.799,1.799,1.799,1.7990,4
4760,gA,1.959,1.939,1.959,1.9490,4
4760,gP,2.054,2.034,2.054,2.0440,4
4761,g95e5,1.709,1.699,1.709,1.7040,4
4761,gA,1.869,1.859,1.869,1.8615,4
4761,gP,1.919,1.909,1.919,1.9115,4
4761,g95e5p,1.759,1.749,1.759,1.7540,4
4762,gP,2.044,2.044,2.044,2.0440,3
4763,g95e5,1.799,1.799,1.799,1.7990,3
4763,gA,1.949,1.949,1.949,1.9490,2
4763,gP,2.054,2.054,2.054,2.0540,2
4763,g95e5p,1.864,1.864,1.864,1.8640,3
4774,g95e5,1.719,1.709,1.719,1.7157,3
4774,gA,1.889,1.879,1.889,1.8857,3
4774,gP,1.949,1.939,1.949,1.9457,3
4774,gB,1.509,1.509,1.509,1.5090,2
4775,g95e5,1.619,1.619,1.619,1.6190,2
4775,gA,1.729,1.719,1.729,1.7257,3
4776,gA,2.039,2.039,2.039,2.0390,3
4777,gA,1.839,1.839,1.839,1.8390,3
4777,gP,1.879,1.879,1.879,1.8790,3
4777,g98e5,1.889,1.889,1.889,1.8890,2
4785,g95e5,1.744,1.744,1.744,1.7440,3
4785,gA,1.944,1.944,1.944,1.9440,2
4785,gP,2.014,2.014,2.014,2.0140,2
4788,gA,1.924,1.924,1.924,1.9240,2
4788,gP,2.015,2.015,2.015,2.0150,2
4789,g95e5,1.765,1.765,1.765,1.7650,2
4789,gA,1.925,1.925,1.925,1.9250,2
4789,gP,2.015,2.015,2.015,2.0150,2
4789,g98e5,1.859,1.859,1.859,1.8590,2
4791,g95e5,1.709,1.709,1.709,1.7090,3
4791,gA,1.849,1.849,1.849,1.8490,3
4796,gA,1.944,1.944,1.944,1.9440,2
4796,gP,2.024,2.024,2.024,2.0240,2
4798,g95e5,1.629,1.629,1.639,1.6357,3
4798,gA,1.735,1.735,1.735,1.7350,3
4798,gP,1.755,1.755,1.755,1.7550,3
4798,g95e5p,1.649,1.649,1.659,1.6557,3
4799,g95e5,1.765,1.765,1.765,1.7650,2
4799,gA,1.925,1.925,1.925,1.9250,2
4799,gP,2.015,2.015,2.015,2.0150,2
4799,g98e5,1.829,1.829,1.829,1.8290,2
4800,g95e5,1.789,1.789,1.789,1.7890,2
4800,gA,1.949,1.939,1.949,1.9457,3
4800,gP,2.049,2.039,2.049,2.0457,3
4806,g95e5,1.729,1.729,1.735,1.7310,3
4806,gA,1.979,1.975,1.979,1.9777,3
4806,g98e5,1.899,1.899,1.905,1.9010,3
4807,g95e5,1.799,1.795,1.799,1.7980,4
4807,gA,1.949,1.929,1.949,1.9423,3
4807,g98e5,1.969,1.969,1.969,1.9690,3
4807,gB,1.594,1.589,1.594,1.5923,3
4811,g95e5,1.689,1.689,1.689,1.6890,2
4811,gA,1.789,1.789,1.789,1.7890,2
4811,g98e5,1.789,1.789,1.789,1.7890,2
4811,gB,1.349,1.349,1.349,1.3490,2
4817,gA,1.925,1.925,1.925,1.9250,2
4817,gP,2.021,2.021,2.021,2.0210,2
4817,g98e5,1.915,1.915,1.915,1.9150,2
4818,g95e5,1.785,1.785,1.785,1.7850,3
4818,gA,1.935,1.935,1.935,1.9350,2
4818,gP,2.045,2.045,2.045,2.0450,2
4818,g98e5,1.955,1.955,1.955,1.9550,3
4819,g95e5,1.769,1.759,1.769,1.7615,4
4819,gA,1.909,1.899,1.919,1.9065,4
4819,gP,1.999,1.989,2.009,1.9965,4
4819,g98e5,1.879,1.869,1.879,1.8715,4
4820,g95e5,1.775,1.775,1.775,1.7750,3
4820,gA,1.949,1.945,1.949,1.9477,3
4820,gP,2.049,2.045,2.049,2.0477,3
4820,gB,1.694,1.689,1.694,1.6923,3
4821,g95e5,1.679,1.659,1.679,1.6690,3
4821,gA,1.789,1.769,1.789,1.7790,3
4822,g95e5,1.719,1.719,1.719,1.7190,3
4822,gA,1.889,1.885,1.889,1.8877,3
4822,g98e5,1.889,1.889,1.889,1.8890,3
4822,gB,1.660,1.655,1.660,1.6583,3
4823,g95e5,1.729,1.719,1.729,1.7240,2
4825,g95e5,1.725,1.725,1.725,1.7250,2
4825,gA,1.909,1.909,1.909,1.9090,2
4825,g98e5,1.909,1.909,1.909,1.9090,2
4825,gB,1.385,1.385,1.385,1.3850,2
4827,g95e5,1.829,1.829,1.829,1.8290,2
4827,g95e5p,1.869,1.869,1.869,1.8690,2
4828,g95e5,1.715,1.715,1.715,1.7150,3
4828,gA,1.939,1.939,1.939,1.9390,3
4828,gP,2.059,2.059,2.059,2.0590,3
4828,g98e5,1.885,1.885,1.885,1.8850,3
4830,g95e5,1.794,1.794,1.794,1.7940,4
4830,gA,1.974,1.954,1.974,1.9673,3
4830,gP,2.064,2.044,2.064,2.0573,3
4830,g95e5p,1.894,1.894,1.894,1.8940,4
4831,g95e5,1.729,1.729,1.729,1.7290,3
4831,gA,1.979,1.975,1.979,1.9777,3
4831,g98e5,1.899,1.899,1.899,1.8990,3
4832,g95e5,1.775,1.775,1.775,1.7750,3
4832,gA,1.979,1.979,1.979,1.9790,3
4832,gP,2.039,2.039,2.039,2.0390,3
4833,g95e5,1.795,1.795,1.795,1.7950,3
4833,gA,1.939,1.929,1.939,1.9357,3
4833,gP,1.999,1.989,1.999,1.9957,3
4833,g98e5,1.965,1.965,1.965,1.9650,3
4834,g95e5,1.745,1.745,1.745,1.7450,2
4834,gA,1.899,1.899,1.905,1.9010,3
4834,g98e5,1.915,1.915,1.915,1.9150,2
4834,g95e5p,1.815,1.815,1.815,1.8150,2
4838,g95e5,1.759,1.759,1.759,1.7590,3
4838,gA,1.955,1.939,1.955,1.9477,3
4838,gB,1.655,1.639,1.655,1.6477,3
4841,g95e5,1.785,1.775,1.785,1.7825,4
4841,gA,1.965,1.949,1.965,1.9595,4
4841,g98e5,1.905,1.905,1.905,1.9050,3
4841,g95e5p,1.855,1.855,1.855,1.8550,3
4843,g95e5,1.775,1.775,1.775,1.7750,3
4843,gA,1.959,1.955,1.959,1.9577,3
4843,gP,2.069,2.065,2.069,2.0677,3
4843,g98e5,1.895,1.895,1.895,1.8950,3
4844,gA,1.899,1.879,1.899,1.8923,3
4844,gP,1.979,1.969,1.979,1.9757,3
4850,g95e5,1.745,1.735,1.745,1.7425,4
4850,gA,1.919,1.889,1.919,1.9055,4
4850,g98e5,1.915,1.915,1.915,1.9150,3
4850,glp,1.189,1.189,1.189,1.1890,2
4852,g95e5,1.789,1.769,1.789,1.7823,3
4852,gA,1.939,1.939,1.939,1.9390,2
4853,g95e5,1.775,1.775,1.775,1.7750,2
4853,gA,1.949,1.949,1.949,1.9490,2
4853,gP,2.025,2.025,2.025,2.0250,2
4853,gB,1.420,1.420,1.420,1.4200,2
4858,g95e5,1.745,1.745,1.749,1.7463,3
4858,gA,1.939,1.939,1.939,1.9390,3
4858,g98e5,1.915,1.915,1.919,1.9163,3
4859,g95e5,1.805,1.795,1.805,1.8025,4
4859,gA,1.909,1.899,1.909,1.9055,4
4859,gB,1.574,1.569,1.574,1.5723,3
4860,g95e5,1.749,1.749,1.749,1.7490,3
4860,gA,1.909,1.905,1.909,1.9077,3
4862,g95e5,1.749,1.749,1.749,1.7490,2
4862,gA,1.909,1.909,1.909,1.9090,2
4862,gP,1.999,1.999,1.999,1.9990,2
4862,g95e5p,1.809,1.809,1.809,1.8090,2
4863,g95e5,1.764,1.764,1.764,1.7640,4
4863,gA,1.914,1.894,1.914,1.9073,3
4863,gP,2.024,2.004,2.024,2.0173,3
4863,g95e5p,1.834,1.834,1.834,1.8340,4
4863,gB,1.644,1.644,1.644,1.6440,2
4864,g95e5,1.735,1.735,1.735,1.7350,3
4864,gA,1.895,1.895,1.895,1.8950,3
4864,g98e5,1.905,1.905,1.905,1.9050,3
4866,g95e5,1.775,1.765,1.775,1.7725,4
4866,gA,1.959,1.955,1.959,1.9577,3
4866,g98e5,1.895,1.895,1.895,1.8950,3
4866,glp,1.135,1.135,1.135,1.1350,2
4867,g95e5,1.805,1.805,1.805,1.8050,2
4867,gA,1.909,1.909,1.909,1.9090,2
4867,g98e5,1.975,1.975,1.975,1.9750,2
4868,g95e5,1.775,1.765,1.775,1.7725,4
4868,gA,1.959,1.939,1.959,1.9530,4
4868,gP,2.069,2.065,2.069,2.0677,3
4868,g98e5,1.895,1.895,1.895,1.8950,3
4868,g95e5p,1.855,1.855,1.855,1.8550,3
4870,g95e5,1.794,1.794,1.794,1.7940,3
4870,gA,1.964,1.944,1.964,1.9540,4
4870,gP,2.024,2.004,2.024,2.0140,4
4870,g95e5p,1.884,1.884,1.884,1.8840,3
4871,g95e5,1.794,1.794,1.794,1.7940,2
4871,gA,1.964,1.944,1.964,1.9540,4
4871,gP,2.024,2.004,2.024,2.0140,4
4871,g95e5p,1.884,1.884,1.884,1.8840,2
4872,g95e5,1.629,1.629,1.639,1.6357,3
4872,gA,1.735,1.735,1.735,1.7350,3
4872,gP,1.755,1.755,1.755,1.7550,3
4872,g95e5p,1.649,1.649,1.659,1.6557,3
4873,g95e5,1.785,1.779,1.785,1.7835,4
4873,gA,1.945,1.945,1.965,1.9517,3
4873,gP,2.005,2.005,2.025,2.0117,3
4873,g98e5,1.905,1.905,1.905,1.9050,3
4873,glp,1.149,1.149,1.149,1.1490,2
4875,g95e5,1.785,1.785,1.785,1.7850,3
4875,gA,1.975,1.975,1.979,1.9763,3
4875,gP,2.055,2.055,2.055,2.0550,2
4875,g98e5,1.905,1.905,1.905,1.9050,3
4875,glp,1.145,1.145,1.145,1.1450,2
4876,g95e5,1.785,1.785,1.785,1.7850,3
4876,gA,1.975,1.975,1.979,1.9763,3
4876,g98e5,1.905,1.905,1.905,1.9050,3
4877,g95e5,1.769,1.759,1.769,1.7657,3
4877,gA,1.925,1.919,1.925,1.9230,3
4877,gP,2.035,2.029,2.035,2.0330,3
4877,g98e5,1.939,1.929,1.939,1.9357,3
4877,glp,1.169,1.169,1.169,1.1690,2
4878,g95e5,1.795,1.795,1.795,1.7950,3
4878,gA,1.915,1.905,1.915,1.9117,3
4878,gB,1.570,1.565,1.570,1.5683,3
4879,g95e5,1.829,1.819,1.829,1.8257,3
4879,gA,1.925,1.925,1.945,1.9317,3
4880,gA,1.944,1.924,1.944,1.9307,3
4880,gP,2.044,2.024,2.044,2.0307,3
4881,g95e5,1.769,1.759,1.769,1.7640,4
4881,gA,1.889,1.879,1.889,1.8865,4
4881,gP,1.939,1.929,1.939,1.9365,4
4881,g98e5,1.899,1.889,1.899,1.8940,4
4883,g95e5,1.609,1.609,1.629,1.6140,4
4883,gA,1.784,1.769,1.784,1.7727,4
4883,gP,1.834,1.819,1.834,1.8228,4
4883,g95e5p,1.639,1.639,1.659,1.6440,4
4884,gA,1.964,1.944,1.964,1.9507,3
4884,gP,2.044,2.024,2.044,2.0307,3
4885,g95e5,1.549,1.539,1.549,1.5423,3
4885,gA,1.729,1.699,1.729,1.7140,2
4885,gP,1.749,1.719,1.749,1.7340,2
4885,g95e5p,1.559,1.559,1.559,1.5590,3
4886,g95e5,1.804,1.804,1.804,1.8040,3
4886,gA,1.964,1.944,1.964,1.9573,3
4886,gP,2.044,2.024,2.044,2.0373,3
4886,g95e5p,1.904,1.904,1.904,1.9040,3
4887,g95e5,1.804,1.804,1.804,1.8040,3
4887,gA,1.944,1.924,1.944,1.9373,3
4887,gP,2.044,2.024,2.044,2.0373,3
4887,g95e5p,1.904,1.904,1.904,1.9040,3
4889,gA,1.944,1.924,1.944,1.9307,3
4889,gP,2.044,2.024,2.044,2.0307,3
4890,g95e5,1.779,1.769,1.779,1.7757,3
4890,gA,1.959,1.939,1.959,1.9523,3
4890,gP,2.049,2.029,2.049,2.0423,3
4890,g98e5,1.919,1.909,1.919,1.9157,3
4894,g95e5,1.785,1.785,1.785,1.7850,3
4894,gA,1.959,1.945,1.959,1.9543,3
4894,g98e5,1.905,1.905,1.905,1.9050,3
4895,g95e5,1.669,1.669,1.669,1.6690,3
4896,g95e5,1.769,1.769,1.769,1.7690,3
4896,gA,1.899,1.899,1.899,1.8990,3
4896,g98e5,1.999,1.999,1.999,1.9990,3
4898,g95e5,1.619,1.619,1.619,1.6190,2
4898,gA,1.749,1.749,1.749,1.7490,2
4899,g95e5,1.739,1.739,1.739,1.7390,3
4899,gA,1.935,1.935,1.935,1.9350,3
4902,g95e5,1.739,1.739,1.739,1.7390,3
4902,gA,1.935,1.935,1.935,1.9350,3
4902,g95e5p,1.809,1.809,1.809,1.8090,3
4908,gA,1.789,1.789,1.789,1.7890,3
4908,gP,1.799,1.799,1.799,1.7990,3
4912,g95e5,1.759,1.749,1.759,1.7557,3
4912,gA,1.919,1.909,1.919,1.9157,3
4912,gB,1.539,1.529,1.539,1.5357,3
4916,g95e5,1.849,1.829,1.849,1.8423,3
4916,gA,1.969,1.959,1.969,1.9657,3
4916,gP,2.069,2.059,2.069,2.0657,3
4916,g98e5,2.009,1.999,2.009,2.0057,3
4923,g95e5,1.609,1.609,1.609,1.6090,3
4923,gA,1.678,1.678,1.678,1.6780,3
4927,gA,1.979,1.959,1.979,1.9690,2
4927,gP,2.039,2.019,2.039,2.0290,2
4928,gA,1.718,1.718,1.718,1.7180,2
4928,gP,1.768,1.768,1.768,1.7680,2
4930,g95e5,1.769,1.769,1.769,1.7690,3
4930,gA,1.889,1.889,1.899,1.8923,3
4930,gP,1.969,1.969,1.969,1.9690,2
4932,gA,1.799,1.799,1.799,1.7990,3
4933,g95e5,1.769,1.769,1.769,1.7690,3
4933,gA,1.919,1.919,1.919,1.9190,3
4933,gP,1.989,1.989,1.989,1.9890,3
4933,g98e5,1.939,1.939,1.939,1.9390,3
4941,g95e5,1.689,1.689,1.689,1.6890,3
4941,gA,1.719,1.709,1.719,1.7157,3
4944,g95e5,1.738,1.738,1.738,1.7380,3
4944,gA,1.869,1.869,1.869,1.8690,3
4944,gP,1.882,1.882,1.882,1.8820,3
4952,gA,1.837,1.837,1.837,1.8370,2
4952,gP,1.898,1.898,1.898,1.8980,2
4952,gB,1.567,1.567,1.567,1.5670,2
4953,g95e5,1.769,1.769,1.769,1.7690,2
4953,gA,1.899,1.889,1.899,1.8957,3
4953,gB,1.579,1.579,1.579,1.5790,2
4958,g95e5,1.769,1.764,1.769,1.7673,3
4958,gA,1.909,1.899,1.909,1.9023,3
4958,gP,1.989,1.979,1.989,1.9823,3
4958,g98e5,1.909,1.904,1.909,1.9073,3
4958,gB,1.609,1.599,1.609,1.6023,3
4961,g95e5,1.754,1.754,1.754,1.7540,2
4961,gA,1.939,1.934,1.939,1.9357,3
4961,gP,2.019,2.014,2.019,2.0157,3
4961,g98e5,1.894,1.894,1.894,1.8940,2
4962,g95e5,1.779,1.769,1.779,1.7723,3
4962,gA,1.919,1.899,1.919,1.9090,3
4962,gP,1.989,1.969,1.989,1.9790,3
4962,g98e5,1.939,1.929,1.939,1.9323,3
4963,g95e5,1.779,1.769,1.779,1.7757,3
4963,gA,1.929,1.899,1.929,1.9157,3
4963,gP,1.999,1.969,1.999,1.9857,3
4963,g98e5,1.939,1.929,1.939,1.9357,3
4965,g95e5,1.749,1.749,1.749,1.7490,2
4965,gA,1.909,1.899,1.909,1.9040,2
4965,g98e5,1.909,1.909,1.909,1.9090,2
4969,g95e5,1.649,1.649,1.659,1.6540,2
4969,gA,1.719,1.689,1.728,1.7120,3
4970,g95e5,1.699,1.699,1.699,1.6990,3
4970,gA,1.789,1.789,1.789,1.7890,3
4970,gP,1.799,1.799,1.799,1.7990,3
4974,g95e5,1.745,1.745,1.745,1.7450,3
4974,gA,1.939,1.939,1.939,1.9390,3
4974,gP,1.999,1.999,1.999,1.9990,3
4974,g98e5,1.915,1.915,1.915,1.9150,3
4975,g95e5,1.749,1.739,1.749,1.7440,4
4975,gA,1.939,1.939,1.939,1.9390,4
4975,gP,1.989,1.989,1.989,1.9890,4
4975,g98e5,1.889,1.879,1.889,1.8840,4
4981,g95e5,1.759,1.759,1.759,1.7590,3
4981,gA,1.994,1.974,1.994,1.9840,4
4981,gP,2.084,2.064,2.084,2.0740,4
4981,g95e5p,1.879,1.879,1.879,1.8790,3
4982,g95e5,1.759,1.759,1.759,1.7590,3
4982,gA,1.994,1.974,1.994,1.9873,3
4982,gP,2.084,2.064,2.084,2.0773,3
4982,g95e5p,1.879,1.879,1.879,1.8790,3
4983,g95e5,1.804,1.804,1.804,1.8040,3
4983,gA,1.924,1.904,1.924,1.9173,3
4983,gP,2.024,2.004,2.024,2.0173,3
4984,g95e5,1.804,1.804,1.804,1.8040,3
4984,gA,1.924,1.904,1.924,1.9173,3
4984,gP,2.024,2.004,2.024,2.0173,3
4985,g95e5,1.789,1.789,1.789,1.7890,4
4985,gA,1.944,1.924,1.944,1.9340,4
4985,gP,2.064,2.044,2.064,2.0540,4
4985,g95e5p,1.849,1.849,1.849,1.8490,4
4985,gB,1.824,1.824,1.824,1.8240,2
4988,gA,1.969,1.969,1.969,1.9690,2
4988,gP,2.049,2.049,2.049,2.0490,2
4989,g95e5,1.804,1.804,1.804,1.8040,4
4989,gA,1.924,1.904,1.924,1.9140,4
4989,gP,2.024,2.004,2.024,2.0140,4
4990,gA,1.974,1.954,1.974,1.9607,3
4991,g95e5,1.804,1.804,1.804,1.8040,4
4991,gA,1.924,1.904,1.924,1.9140,4
4991,gP,2.024,2.004,2.024,2.0140,4
4993,gA,1.914,1.894,1.914,1.9007,3
4993,gP,1.994,1.974,1.994,1.9807,3
4993,gB,1.624,1.604,1.624,1.6107,3
4994,g95e5,1.799,1.799,1.799,1.7990,2
4994,gA,1.969,1.969,1.969,1.9690,2
4994,g95e5p,1.899,1.899,1.899,1.8990,2
4999,gA,1.934,1.934,1.934,1.9340,2
4999,gP,2.014,2.014,2.014,2.0140,2
4999,gB,1.734,1.734,1.734,1.7340,2
5000,g95e5,1.759,1.759,1.759,1.7590,2
5000,gA,1.939,1.939,1.939,1.9390,2
5000,gP,2.019,2.019,2.019,2.0190,2
5000,g95e5p,1.829,1.829,1.829,1.8290,2
5003,gA,1.914,1.914,1.914,1.9140,2
5003,gP,1.994,1.994,1.994,1.9940,2
5006,g95e5,1.754,1.754,1.754,1.7540,3
5006,gA,1.934,1.934,1.934,1.9340,3
5006,gP,2.014,2.014,2.014,2.0140,3
5006,g98e5,1.844,1.844,1.844,1.8440,3
5007,gA,1.924,1.924,1.924,1.9240,2
5007,gP,2.024,2.024,2.024,2.0240,2
5010,g95e5,1.759,1.759,1.759,1.7590,3
5010,gA,1.949,1.934,1.949,1.9452,4
5010,gP,2.019,2.019,2.019,2.0190,4
5010,g98e10,1.869,1.869,1.869,1.8690,4
5012,gA,1.929,1.929,1.929,1.9290,2
5012,gP,2.029,2.029,2.029,2.0290,2
5019,gA,1.929,1.929,1.929,1.9290,2
5019,gP,2.029,2.029,2.029,2.0290,2
5024,g95e5,1.789,1.779,1.789,1.7840,2
5024,gA,1.919,1.919,1.919,1.9190,2
5024,gB,1.559,1.559,1.559,1.5590,2
5028,g95e5,1.779,1.779,1.779,1.7790,4
5028,gA,1.854,1.854,1.854,1.8540,4
5028,gP,1.944,1.944,1.944,1.9440,4
5028,g95e5p,1.829,1.829,1.829,1.8290,4
5035,g95e5,1.609,1.609,1.609,1.6090,3
5035,gA,1.709,1.709,1.709,1.7090,3
5036,g95e5,1.769,1.759,1.769,1.7640,4
5036,gA,1.849,1.829,1.849,1.8340,4
5036,gP,1.939,1.919,1.939,1.9240,4
5036,g95e5p,1.819,1.809,1.819,1.8140,4
5037,g95e5,1.629,1.619,1.629,1.6240,2
5037,gA,1.729,1.709,1.729,1.7190,2
5037,gP,1.779,1.759,1.779,1.7690,2
5037,g98e5,1.769,1.759,1.769,1.7640,2
5037,gB,1.459,1.439,1.459,1.4490,2
5038,g95e5,1.739,1.719,1.739,1.7290,4
5038,gA,1.799,1.769,1.799,1.7790,4
5038,gP,1.849,1.819,1.849,1.8290,4
5039,g95e5,1.809,1.789,1.809,1.7957,3
5039,gA,1.929,1.909,1.929,1.9157,3
5039,gP,2.029,2.009,2.029,2.0157,3
5039,g98e5,1.919,1.899,1.919,1.9057,3
5040,g95e5,1.749,1.744,1.749,1.7465,2
5040,gA,1.824,1.824,1.824,1.8240,2
5040,gP,1.874,1.874,1.874,1.8740,2
5040,g95e5p,1.799,1.794,1.799,1.7965,2
5041,gA,1.924,1.924,1.924,1.9240,2
5041,gP,2.024,2.024,2.024,2.0240,2
5042,g95e5,1.749,1.749,1.749,1.7490,2
5042,gA,1.899,1.899,1.899,1.8990,2
5042,gP,1.949,1.949,1.949,1.9490,2
5042,g95e5p,1.819,1.819,1.819,1.8190,2
5043,g95e5,1.799,1.799,1.799,1.7990,4
5043,gA,1.929,1.929,1.929,1.9290,4
5043,gP,1.979,1.979,1.979,1.9790,4
5043,gB,1.489,1.489,1.489,1.4890,4
5050,g95e5,1.745,1.745,1.755,1.7483,3
5050,gA,1.925,1.919,1.925,1.9230,3
5050,g98e5,1.915,1.915,1.925,1.9183,3
5052,g95e5,1.729,1.729,1.735,1.7310,3
5052,gA,1.949,1.939,1.949,1.9457,3
5053,gA,1.859,1.834,1.859,1.8465,2
5053,gP,1.909,1.884,1.909,1.8965,2
5054,g95e5,1.809,1.809,1.809,1.8090,3
5054,gA,1.889,1.869,1.889,1.8823,3
5054,gB,1.584,1.579,1.584,1.5823,3
5056,gA,1.789,1.789,1.789,1.7890,3
5056,gP,1.799,1.799,1.799,1.7990,3
5059,g95e5,1.809,1.807,1.809,1.8083,4
5059,gA,1.894,1.894,1.894,1.8940,2
5059,gP,1.954,1.954,1.954,1.9540,2
5060,g95e5,1.775,1.775,1.775,1.7750,3
5060,gA,1.955,1.955,1.955,1.9550,3
5060,gP,2.025,2.025,2.025,2.0250,3
5060,g98e5,1.875,1.875,1.875,1.8750,3
5060,gB,1.550,1.550,1.550,1.5500,2
5061,g95e5,1.755,1.755,1.755,1.7550,3
5061,gA,1.929,1.925,1.929,1.9277,3
5061,g98e5,1.875,1.875,1.875,1.8750,3
5062,g95e5,1.779,1.769,1.779,1.7757,3
5062,gA,1.949,1.939,1.949,1.9440,2
5062,gP,2.029,2.019,2.029,2.0240,2
5063,g95e5,1.739,1.739,1.745,1.7410,3
5063,gA,1.919,1.915,1.919,1.9177,3
5063,gP,2.029,2.025,2.029,2.0277,3
5064,g95e5,1.795,1.795,1.795,1.7950,3
5064,gA,1.949,1.949,1.955,1.9510,3
5064,g98e5,1.965,1.965,1.965,1.9650,3
5067,g95e5,1.815,1.815,1.815,1.8150,2
5067,gA,1.999,1.999,1.999,1.9990,2
5067,gP,2.075,2.075,2.075,2.0750,2
5067,gB,1.695,1.695,1.695,1.6950,2
5070,g95e5,1.779,1.779,1.779,1.7790,2
5070,gA,1.879,1.869,1.879,1.8757,3
5070,gP,1.969,1.959,1.969,1.9657,3
5070,g98e5,1.919,1.919,1.919,1.9190,2
5071,g95e5,1.759,1.749,1.759,1.7557,3
5071,gA,1.899,1.899,1.899,1.8990,3
5071,gP,1.929,1.929,1.929,1.9290,3
5071,g98e5,1.899,1.889,1.899,1.8957,3
5072,g95e5,1.765,1.765,1.769,1.7663,3
5072,gA,1.955,1.955,1.955,1.9550,2
5072,g98e5,1.885,1.885,1.889,1.8863,3
5073,g95e5,1.765,1.765,1.769,1.7663,3
5073,gA,1.985,1.975,1.985,1.9817,3
5073,g98e5,1.935,1.935,1.939,1.9363,3
5074,g95e5,1.809,1.789,1.819,1.8040,4
5074,gA,1.929,1.879,1.929,1.8965,4
5074,gP,2.019,1.969,2.019,1.9865,4
5074,g95e5p,1.859,1.839,1.869,1.8540,4
5075,g95e5,1.739,1.739,1.739,1.7390,3
5075,gA,1.979,1.959,1.979,1.9723,3
5075,gP,2.089,2.069,2.089,2.0823,3
5075,g98e5,1.909,1.909,1.909,1.9090,3
5076,g95e5,1.809,1.809,1.819,1.8123,3
5076,gA,1.915,1.915,1.915,1.9150,3
5076,g98e5,1.929,1.929,1.939,1.9323,3
5078,g95e5,1.805,1.795,1.805,1.8025,4
5078,gA,1.899,1.895,1.899,1.8980,4
5078,gP,1.959,1.959,1.959,1.9590,3
5078,g98e5,1.925,1.925,1.925,1.9250,3
5078,g95e5p,1.875,1.875,1.875,1.8750,3
5078,glp,1.169,1.169,1.169,1.1690,2
5079,g95e5,1.805,1.805,1.805,1.8050,3
5079,gA,1.899,1.895,1.899,1.8980,4
5079,gP,1.959,1.959,1.959,1.9590,3
5079,g98e5,1.925,1.925,1.925,1.9250,3
5079,glp,1.169,1.169,1.169,1.1690,2
5081,g95e5,1.764,1.764,1.764,1.7640,3
5081,gA,1.984,1.984,1.984,1.9840,3
5081,gP,2.044,2.044,2.044,2.0440,3
5081,g98e5,1.884,1.884,1.884,1.8840,3
5082,g95e5,1.774,1.774,1.774,1.7740,3
5082,gA,1.964,1.944,1.964,1.9540,4
5082,gP,2.044,2.024,2.044,2.0340,4
5084,gA,1.819,1.819,1.819,1.8190,3
5085,g95e5,1.649,1.649,1.649,1.6490,3
5085,gA,1.809,1.789,1.809,1.7957,3
5085,g98e5,1.899,1.899,1.899,1.8990,3
5086,g95e5,1.559,1.559,1.559,1.5590,2
5086,gA,1.689,1.689,1.689,1.6890,3
5086,gP,1.729,1.729,1.729,1.7290,3
5086,g98e5,1.699,1.659,1.699,1.6857,3
5090,gA,1.735,1.735,1.735,1.7350,2
5090,gP,1.785,1.755,1.785,1.7700,2
5093,g95e5,1.670,1.670,1.670,1.6700,3
5093,gA,1.830,1.830,1.830,1.8300,3
5096,g95e5,1.659,1.649,1.659,1.6540,2
5096,gA,1.759,1.739,1.759,1.7490,2
5096,gP,1.779,1.759,1.779,1.7690,2
5096,g95e5p,1.679,1.669,1.679,1.6740,2
5099,g95e5,1.839,1.839,1.839,1.8390,3
5099,gA,1.939,1.939,1.939,1.9390,3
5100,gA,1.899,1.869,1.899,1.8790,3
5100,gP,1.979,1.949,1.979,1.9590,3
5100,g98e5,1.854,1.854,1.854,1.8540,3
5101,g95e5,1.719,1.719,1.719,1.7190,3
5101,gA,1.905,1.899,1.905,1.9030,3
5101,g98e5,1.889,1.889,1.889,1.8890,3
5101,gB,1.600,1.595,1.600,1.5983,3
5104,g95e5,1.569,1.545,1.569,1.5570,2
5104,gA,1.709,1.677,1.709,1.6930,2
5105,g95e5,1.719,1.719,1.719,1.7190,2
5105,gA,1.889,1.889,1.889,1.8890,2
5105,g98e5,1.889,1.889,1.889,1.8890,2
5105,gB,1.624,1.624,1.624,1.6240,2
5106,g95e5,1.805,1.805,1.805,1.8050,3
5106,gA,1.909,1.905,1.909,1.9077,3
5106,g98e5,1.975,1.975,1.975,1.9750,3
5111,g95e5,1.735,1.729,1.735,1.7330,3
5111,gA,1.905,1.885,1.905,1.8983,3
5111,g98e5,1.905,1.899,1.905,1.9030,3
5112,g95e5,1.779,1.779,1.779,1.7790,2
5112,gA,1.919,1.919,1.919,1.9190,2
5112,gP,1.999,1.999,1.999,1.9990,2
5112,gB,1.649,1.649,1.649,1.6490,2
5117,g95e5,1.719,1.719,1.719,1.7190,3
5117,gA,1.899,1.899,1.899,1.8990,3
5117,gP,1.959,1.959,1.959,1.9590,3
5118,gA,1.889,1.879,1.889,1.8823,3
5119,gA,1.899,1.899,1.899,1.8990,2
5119,gP,1.989,1.989,1.989,1.9890,2
5123,g95e5,1.729,1.729,1.729,1.7290,3
5123,gA,1.925,1.919,1.925,1.9230,3
5123,g98e5,1.899,1.899,1.899,1.8990,3
5123,gB,1.650,1.645,1.650,1.6483,3
5132,g95e5,1.779,1.779,1.779,1.7790,3
5132,gA,1.919,1.919,1.919,1.9190,3
5134,g95e5,1.729,1.729,1.729,1.7290,3
5134,gA,1.925,1.919,1.925,1.9230,3
5134,gP,2.035,2.029,2.035,2.0330,3
5134,g95e5p,1.789,1.789,1.789,1.7890,3
5136,g95e5,1.779,1.779,1.779,1.7790,3
5136,gA,1.909,1.905,1.909,1.9077,3
5136,g98e5,1.939,1.939,1.939,1.9390,3
5136,glp,1.175,1.175,1.175,1.1750,2
5139,g95e5,1.759,1.759,1.759,1.7590,3
5139,gA,1.939,1.929,1.939,1.9323,3
5139,gP,2.029,2.015,2.029,2.0197,3
5139,g98e5,1.899,1.899,1.899,1.8990,3
5139,gB,1.479,1.479,1.479,1.4790,3
5140,g95e5,1.749,1.739,1.749,1.7465,4
5140,gA,1.909,1.889,1.909,1.9030,4
5140,g98e5,1.919,1.919,1.919,1.9190,3
5141,g95e5,1.799,1.799,1.799,1.7990,3
5141,gA,1.935,1.929,1.935,1.9330,3
5142,gA,1.929,1.929,1.929,1.9290,2
5142,gP,2.019,2.019,2.019,2.0190,2
5143,g95e5,1.709,1.709,1.709,1.7090,3
5143,gA,1.889,1.889,1.889,1.8890,3
5144,g95e5,1.765,1.765,1.779,1.7697,3
5144,gA,1.955,1.949,1.955,1.9530,3
5145,g95e5,1.779,1.779,1.779,1.7790,3
5145,gA,1.909,1.905,1.909,1.9077,3
5145,gB,1.634,1.629,1.634,1.6323,3
5146,g95e5,1.739,1.735,1.739,1.7377,3
5146,gA,1.905,1.889,1.905,1.8997,3
5147,g95e5,1.785,1.785,1.785,1.7850,3
5147,gA,1.975,1.975,1.975,1.9750,3
5147,gP,2.035,2.035,2.035,2.0350,3
5147,g98e5,1.925,1.925,1.925,1.9250,3
5148,g95e5,1.739,1.739,1.739,1.7390,3
5148,gA,1.935,1.935,1.935,1.9350,3
5148,gP,2.045,2.045,2.045,2.0450,3
5150,g95e5,1.785,1.785,1.785,1.7850,3
5150,gA,1.979,1.965,1.979,1.9755,4
5150,gP,2.089,2.089,2.089,2.0890,3
5150,g98e5,1.955,1.955,1.955,1.9550,3
5152,g95e5,1.739,1.739,1.739,1.7390,2
5152,gA,1.935,1.935,1.935,1.9350,2
5152,g98e5,1.909,1.909,1.909,1.9090,2
5153,g95e5,1.739,1.739,1.739,1.7390,2
5153,gA,1.895,1.895,1.895,1.8950,2
5158,g95e5,1.775,1.775,1.775,1.7750,2
5158,gA,1.939,1.939,1.945,1.9410,3
5158,g98e5,1.935,1.925,1.935,1.9317,3
5159,g95e5,1.785,1.785,1.785,1.7850,3
5159,gA,1.979,1.969,1.979,1.9765,4
5159,g98e5,1.905,1.905,1.905,1.9050,3
5161,g95e5,1.719,1.719,1.719,1.7190,3
5162,g95e5,1.779,1.779,1.779,1.7790,3
5162,gA,1.955,1.949,1.955,1.9530,3
5163,g95e5,1.729,1.729,1.729,1.7290,3
5163,gA,1.979,1.975,1.979,1.9777,3
5163,g98e5,1.899,1.899,1.899,1.8990,3
5163,gB,1.670,1.665,1.670,1.6683,3
5167,g95e5,1.729,1.729,1.729,1.7290,3
5167,gA,1.925,1.919,1.925,1.9230,3
5167,g98e5,1.899,1.899,1.899,1.8990,3
5170,g95e5,1.775,1.775,1.775,1.7750,3
5170,gA,1.925,1.925,1.925,1.9250,3
5170,g98e5,1.945,1.945,1.945,1.9450,3
5170,glp,1.169,1.169,1.169,1.1690,2
5171,g95e5,1.775,1.775,1.775,1.7750,3
5171,gA,1.925,1.925,1.925,1.9250,3
5171,gP,2.035,2.035,2.035,2.0350,3
5173,g95e5,1.764,1.764,1.764,1.7640,4
5173,gA,1.974,1.954,1.974,1.9640,4
5173,gP,2.064,2.044,2.064,2.0540,4
5174,g95e5,1.764,1.764,1.764,1.7640,4
5174,gA,1.974,1.954,1.974,1.9640,4
5174,gP,2.064,2.044,2.064,2.0540,4
5176,g95e5,1.765,1.765,1.765,1.7650,2
5176,gA,1.904,1.904,1.904,1.9040,2
5176,gP,2.014,2.014,2.014,2.0140,2
5178,g95e5,1.669,1.669,1.669,1.6690,3
5178,gA,1.779,1.779,1.779,1.7790,3
5179,g95e5,1.784,1.784,1.784,1.7840,3
5179,gA,1.934,1.934,1.934,1.9340,3
5179,gP,2.004,2.004,2.004,2.0040,3
5179,g95e10,1.884,1.884,1.884,1.8840,3
5180,gA,1.944,1.944,1.944,1.9440,2
5180,gP,2.044,2.044,2.044,2.0440,2
5183,g95e5,1.819,1.819,1.819,1.8190,3
5183,gA,1.955,1.949,1.955,1.9530,3
5183,gP,2.035,2.029,2.035,2.0330,3
5183,g98e5,1.989,1.989,1.989,1.9890,3
5184,g95e5,1.749,1.749,1.749,1.7490,2
5184,gA,1.925,1.925,1.925,1.9250,2
5184,gP,1.999,1.999,1.999,1.9990,2
5184,g98e5,1.879,1.879,1.879,1.8790,2
5187,g95e5,1.799,1.799,1.805,1.8010,3
5187,gA,1.955,1.925,1.955,1.9425,4
5187,g98e5,1.919,1.919,1.925,1.9210,3
5188,g95e5,1.765,1.765,1.769,1.7663,3
5188,gA,1.955,1.949,1.955,1.9530,3
5188,g98e5,1.935,1.935,1.939,1.9363,3
5191,g95e5,1.785,1.785,1.785,1.7850,3
5191,gA,1.959,1.939,1.959,1.9523,3
5191,gP,2.019,1.999,2.019,2.0123,3
5191,g98e5,1.955,1.955,1.955,1.9550,3
5192,g95e5,1.804,1.804,1.804,1.8040,2
5192,gA,1.944,1.924,1.944,1.9340,4
5192,gP,2.044,2.024,2.044,2.0340,4
5193,g95e5,1.804,1.804,1.804,1.8040,4
5193,gA,1.944,1.924,1.944,1.9340,4
5193,gP,2.044,2.024,2.044,2.0340,4
5194,g95e5,1.734,1.734,1.734,1.7340,3
5194,gA,1.894,1.874,1.894,1.8807,3
5194,gP,1.974,1.944,1.974,1.9540,3
5194,g98e5,1.864,1.864,1.864,1.8640,3
5194,gB,1.724,1.704,1.724,1.7107,3
5195,g95e5,1.785,1.775,1.785,1.7825,4
5195,gA,1.945,1.939,1.945,1.9420,4
5195,g98e5,1.905,1.905,1.905,1.9050,3
5195,glp,1.185,1.185,1.185,1.1850,2
5196,g95e5,1.785,1.779,1.785,1.7830,3
5196,gA,1.969,1.955,1.969,1.9643,3
5196,g95e5p,1.855,1.849,1.855,1.8530,3
5197,g95e5,1.735,1.719,1.735,1.7297,3
5197,gA,1.889,1.885,1.889,1.8877,3
5197,g98e5,1.905,1.889,1.905,1.8997,3
5197,gB,1.614,1.609,1.614,1.6123,3
5198,g95e5,1.795,1.795,1.795,1.7950,3
5198,gA,1.939,1.925,1.939,1.9343,3
5198,g98e5,1.965,1.965,1.965,1.9650,3
5198,gB,1.560,1.555,1.560,1.5583,3
5201,g95e5,1.759,1.759,1.759,1.7590,2
5201,gA,1.909,1.909,1.909,1.9090,2
5201,gP,1.999,1.999,1.999,1.9990,2
5202,gA,1.909,1.909,1.909,1.9090,3
5203,g95e5,1.755,1.755,1.755,1.7550,3
5203,gA,1.939,1.935,1.939,1.9377,3
5203,gP,2.049,2.045,2.049,2.0477,3
5203,gB,1.590,1.585,1.590,1.5883,3
5204,g95e5,1.809,1.809,1.809,1.8090,3
5204,gA,1.979,1.979,1.979,1.9790,3
5204,gP,2.039,2.039,2.039,2.0390,3
5204,g98e5,1.929,1.929,1.929,1.9290,3
5204,gB,1.749,1.749,1.749,1.7490,3
5205,g95e5,1.735,1.735,1.739,1.7363,3
5205,gA,1.919,1.895,1.919,1.9095,4
5205,g98e5,1.885,1.885,1.889,1.8863,3
5205,glp,1.175,1.175,1.175,1.1750,2
5205,gB,1.604,1.599,1.604,1.6023,3
5206,g95e5,1.755,1.749,1.759,1.7545,4
5206,gA,1.949,1.939,1.949,1.9465,4
5206,g98e5,1.915,1.915,1.915,1.9150,2
5208,g95e5,1.785,1.769,1.785,1.7810,4
5208,gA,1.955,1.929,1.955,1.9435,4
5208,g98e5,1.905,1.905,1.905,1.9050,3
5210,g95e5,1.785,1.785,1.785,1.7850,3
5210,gA,1.939,1.935,1.939,1.9377,3
5210,g98e5,1.915,1.915,1.915,1.9150,3
5211,g95e5,1.785,1.785,1.785,1.7850,3
5211,gA,1.939,1.935,1.939,1.9377,3
5211,g98e5,1.915,1.915,1.915,1.9150,3
5215,g95e5,1.719,1.719,1.719,1.7190,3
5215,g98e5,1.889,1.889,1.889,1.8890,3
5215,gB,1.660,1.655,1.660,1.6583,3
5218,g95e5,1.719,1.719,1.725,1.7210,3
5218,gA,1.955,1.945,1.955,1.9517,3
5218,gP,2.065,2.055,2.065,2.0617,3
5218,g98e5,1.889,1.889,1.895,1.8910,3
5219,gA,1.979,1.979,1.979,1.9790,4
5219,gB,1.719,1.719,1.719,1.7190,4
5220,g95e5,1.729,1.729,1.729,1.7290,3
5220,gA,1.889,1.885,1.889,1.8877,3
5220,g95e5p,1.799,1.799,1.799,1.7990,3
5220,gB,1.604,1.599,1.604,1.6023,3
5221,g95e5,1.725,1.719,1.725,1.7230,3
5221,g95e5p,1.795,1.789,1.795,1.7930,3
5223,g95e5,1.829,1.829,1.829,1.8290,2
5223,gA,1.939,1.939,1.939,1.9390,2
5225,g95e5,1.739,1.739,1.739,1.7390,3
5225,gA,1.935,1.935,1.935,1.9350,3
5225,g98e5,1.909,1.909,1.909,1.9090,3
5226,g95e5,1.739,1.739,1.745,1.7410,3
5226,gA,1.939,1.939,1.945,1.9410,3
5226,g98e5,1.909,1.909,1.915,1.9110,3
5227,g95e5,1.745,1.735,1.745,1.7410,4
5227,gA,1.899,1.879,1.899,1.8940,4
5227,g98e5,1.865,1.859,1.865,1.8630,3
5230,g95e5,1.765,1.765,1.765,1.7650,3
5230,gA,1.935,1.935,1.935,1.9350,3
5230,gP,2.045,2.045,2.045,2.0450,3
5230,g98e5,1.925,1.925,1.925,1.9250,3
5231,g95e5,1.719,1.719,1.719,1.7190,3
5231,gA,1.889,1.889,1.889,1.8890,3
5231,g98e5,1.889,1.889,1.889,1.8890,3
5232,g95e5,1.729,1.729,1.729,1.7290,3
5232,gA,1.945,1.945,1.945,1.9450,3
5232,gB,1.694,1.689,1.694,1.6923,3
5234,gA,1.909,1.909,1.909,1.9090,2
5234,gP,1.999,1.999,1.999,1.9990,2
5236,g95e5,1.739,1.739,1.745,1.7410,3
5236,gA,1.935,1.935,1.935,1.9350,3
5236,gP,2.045,2.045,2.045,2.0450,3
5236,g98e5,1.909,1.909,1.915,1.9110,3
5237,g95e5,1.765,1.765,1.765,1.7650,3
5237,gA,1.969,1.955,1.969,1.9643,3
5237,gP,2.079,2.065,2.079,2.0743,3
5237,g98e5,1.935,1.935,1.935,1.9350,3
5238,gB,1.789,1.789,1.789,1.7890,2
5239,g95e5,1.725,1.725,1.725,1.7250,3
5239,gA,1.949,1.945,1.949,1.9477,3
5239,g98e5,1.895,1.895,1.895,1.8950,3
5242,gA,1.944,1.944,1.944,1.9440,2
5242,gP,2.044,2.044,2.044,2.0440,2
5244,g95e5,1.725,1.725,1.725,1.7250,2
5244,gA,1.905,1.905,1.905,1.9050,2
5245,g95e5,1.789,1.789,1.789,1.7890,3
5245,gA,1.949,1.949,1.949,1.9490,3
5245,g98e5,1.919,1.919,1.919,1.9190,3
5245,g95e5p,1.839,1.839,1.839,1.8390,3
5246,g95e5,1.745,1.745,1.749,1.7463,3
5246,gA,1.905,1.905,1.915,1.9083,3
5246,g98e5,1.915,1.915,1.919,1.9163,3
5246,g95e5p,1.815,1.815,1.819,1.8163,3
5250,gA,1.964,1.944,1.964,1.9507,3
5250,gP,2.044,2.024,2.044,2.0307,3
5252,g95e5,1.795,1.795,1.795,1.7950,3
5252,gA,1.909,1.905,1.909,1.9077,3
5252,g98e5,1.965,1.965,1.965,1.9650,3
5252,gB,1.594,1.589,1.594,1.5923,3
5253,g95e5,1.795,1.795,1.799,1.7963,3
5253,gA,1.955,1.925,1.955,1.9450,4
5253,g98e5,1.965,1.965,1.969,1.9663,3
5254,g95e5,1.719,1.719,1.719,1.7190,2
5254,gA,1.899,1.899,1.899,1.8990,2
5254,g98e5,1.889,1.889,1.889,1.8890,2
5254,gB,1.644,1.644,1.644,1.6440,2
5255,g95e5,1.765,1.745,1.765,1.7583,3
5255,gA,1.979,1.975,1.979,1.9777,3
5255,g98e5,1.935,1.915,1.935,1.9283,3
5255,gB,1.650,1.645,1.650,1.6483,3
5256,g95e5,1.795,1.795,1.795,1.7950,3
5256,gA,1.939,1.925,1.939,1.9343,3
5256,gB,1.560,1.555,1.560,1.5583,3
5257,g95e5,1.739,1.739,1.739,1.7390,3
5257,gA,1.935,1.935,1.935,1.9350,3
5257,gP,1.995,1.995,1.995,1.9950,3
5257,gB,1.574,1.569,1.574,1.5723,3
5258,g95e5,1.729,1.729,1.729,1.7290,3
5258,gA,1.925,1.925,1.939,1.9297,3
5258,gP,1.995,1.995,2.009,1.9997,3
5258,g98e5,1.899,1.899,1.899,1.8990,3
5258,gB,1.680,1.675,1.680,1.6783,3
5259,g95e5,1.795,1.795,1.795,1.7950,3
5259,gA,1.909,1.905,1.909,1.9077,3
5259,gP,2.019,2.015,2.019,2.0177,3
5261,g95e5,1.839,1.829,1.839,1.8340,2
5261,gA,1.939,1.939,1.959,1.9490,2
5261,g98e5,1.979,1.969,1.979,1.9740,2
5261,gB,1.589,1.589,1.589,1.5890,2
5265,g95e5,1.729,1.729,1.729,1.7290,3
5265,gA,1.925,1.919,1.925,1.9230,3
5265,g98e5,1.899,1.899,1.899,1.8990,3
5265,gB,1.660,1.655,1.660,1.6583,3
5266,g95e5,1.735,1.725,1.735,1.7325,4
5266,gA,1.899,1.879,1.899,1.8930,4
5266,g98e5,1.905,1.905,1.905,1.9050,3
5268,g95e5,1.775,1.775,1.775,1.7750,3
5268,gA,1.949,1.945,1.949,1.9477,3
5268,gP,2.049,2.045,2.049,2.0477,3
5269,g95e5,1.775,1.775,1.775,1.7750,3
5269,gA,1.949,1.945,1.949,1.9477,3
5269,gP,2.049,2.045,2.049,2.0477,3
5269,g98e5,1.945,1.945,1.945,1.9450,3
5270,g95e5,1.729,1.729,1.729,1.7290,3
5270,gA,1.925,1.919,1.925,1.9230,3
5270,gP,2.035,2.029,2.035,2.0330,3
5270,g95e5p,1.799,1.799,1.799,1.7990,3
5272,g95e5,1.729,1.729,1.729,1.7290,3
5272,gA,1.925,1.919,1.925,1.9230,3
5272,gB,1.694,1.689,1.694,1.6923,3
5273,g95e5,1.769,1.769,1.769,1.7690,3
5273,gA,1.919,1.909,1.919,1.9157,3
5273,gB,1.649,1.639,1.649,1.6457,3
5274,g95e5,1.779,1.779,1.779,1.7790,4
5274,gA,1.925,1.925,1.925,1.9250,4
5275,g95e5,1.725,1.725,1.725,1.7250,3
5275,gA,1.909,1.909,1.909,1.9090,3
5275,g98e5,1.895,1.895,1.895,1.8950,3
5278,g95e5,1.839,1.839,1.839,1.8390,2
5278,gA,1.955,1.949,1.955,1.9530,3
5278,g98e5,2.009,2.009,2.009,2.0090,2
5280,g95e5,1.779,1.779,1.779,1.7790,2
5280,gA,1.919,1.919,1.919,1.9190,2
5280,gP,1.989,1.989,1.989,1.9890,2
5280,g98e5,1.979,1.979,1.979,1.9790,2
5282,g95e5,1.729,1.729,1.729,1.7290,3
5282,gA,1.929,1.929,1.949,1.9357,3
5282,gP,2.009,2.009,2.029,2.0157,3
5282,g98e5,1.899,1.899,1.899,1.8990,3
5282,gB,1.670,1.665,1.670,1.6683,3
5284,g95e5,1.729,1.729,1.729,1.7290,3
5284,gA,1.965,1.955,1.965,1.9617,3
5284,g95e5p,1.799,1.799,1.799,1.7990,3
5286,g95e5,1.755,1.755,1.755,1.7550,3
5286,gA,1.965,1.965,1.965,1.9650,3
5286,gP,2.025,2.025,2.025,2.0250,3
5286,g98e5,1.925,1.925,1.925,1.9250,3
5286,g95e5p,1.835,1.835,1.835,1.8350,3
5287,g95e5,1.735,1.735,1.739,1.7363,3
5287,gA,1.955,1.939,1.955,1.9497,3
5287,g98e5,1.905,1.905,1.909,1.9063,3
5287,g95e5p,1.805,1.805,1.809,1.8063,3
5290,g95e5,1.719,1.719,1.719,1.7190,3
5290,gA,1.949,1.949,1.949,1.9490,2
5290,g95e5p,1.789,1.789,1.789,1.7890,3
5292,g95e5,1.765,1.765,1.765,1.7650,2
5292,gA,1.899,1.899,1.899,1.8990,2
5292,gP,1.979,1.979,1.979,1.9790,2
5292,g98e5,1.909,1.909,1.909,1.9090,2
5293,g95e5,1.709,1.709,1.709,1.7090,2
5293,gA,1.789,1.789,1.789,1.7890,2
5293,gP,1.899,1.899,1.899,1.8990,2
5294,g95e5,1.735,1.735,1.735,1.7350,3
5294,gA,1.905,1.895,1.905,1.9017,3
5294,g98e5,1.905,1.905,1.905,1.9050,3
5295,gA,1.929,1.929,1.929,1.9290,2
5297,g95e5,1.745,1.735,1.745,1.7425,4
5297,gA,1.895,1.885,1.895,1.8925,4
5297,g98e5,1.915,1.915,1.915,1.9150,3
5297,gB,1.614,1.609,1.614,1.6123,3
5298,gA,1.909,1.899,1.909,1.9023,3
5298,gP,1.979,1.979,1.979,1.9790,3
5300,g95e5,1.785,1.785,1.785,1.7850,3
5300,gA,1.939,1.925,1.939,1.9345,4
5301,g95e5,1.785,1.775,1.785,1.7825,4
5301,gA,1.939,1.925,1.939,1.9345,4
5301,g98e5,1.915,1.915,1.915,1.9150,3
5301,gB,1.650,1.645,1.650,1.6483,3
5302,g95e5,1.745,1.735,1.745,1.7425,4
5302,gA,1.909,1.889,1.909,1.9030,4
5302,g98e5,1.915,1.915,1.915,1.9150,3
5302,g95e5p,1.815,1.815,1.815,1.8150,3
5304,g95e5,1.805,1.805,1.805,1.8050,3
5304,gA,1.909,1.905,1.909,1.9077,3
5304,g98e5,1.975,1.975,1.975,1.9750,3
5306,g95e5,1.755,1.749,1.759,1.7545,4
5306,gA,1.955,1.939,1.955,1.9495,4
5306,g98e5,1.925,1.925,1.929,1.9263,3
5306,glp,1.189,1.189,1.189,1.1890,2
5307,g95e5,1.805,1.785,1.805,1.8000,4
5307,gA,1.939,1.919,1.939,1.9330,4
5307,g98e5,1.975,1.975,1.975,1.9750,3
5307,glp,1.115,1.115,1.115,1.1150,2
5308,g95e5,1.799,1.789,1.799,1.7940,4
5308,gA,1.949,1.929,1.949,1.9365,4
5308,gP,1.999,1.979,1.999,1.9865,4
5308,g98e5,1.939,1.929,1.939,1.9340,4
5311,gA,1.984,1.984,1.984,1.9840,2
5313,g95e5,1.799,1.789,1.799,1.7923,3
5313,gA,1.965,1.949,1.965,1.9543,3
5313,gP,2.059,2.039,2.059,2.0457,3
5313,g98e5,1.919,1.909,1.919,1.9123,3
5322,g95e5,1.774,1.774,1.774,1.7740,4
5322,gA,1.944,1.929,1.944,1.9378,4
5322,gP,1.994,1.979,1.994,1.9877,4
5322,g98e5,1.914,1.914,1.914,1.9140,4
5323,g95e5,1.809,1.809,1.819,1.8140,2
5323,gA,1.889,1.889,1.889,1.8890,2
5323,gP,1.979,1.979,1.979,1.9790,2
5323,g98e5,1.959,1.959,1.969,1.9640,2
5324,g95e5,1.784,1.784,1.784,1.7840,4
5324,gA,1.974,1.954,1.974,1.9673,3
5324,gP,2.064,2.044,2.064,2.0573,3
5324,g95e5p,1.874,1.874,1.874,1.8740,4
5325,g95e5,1.699,1.699,1.719,1.7057,3
5325,gA,1.899,1.899,1.899,1.8990,3
5325,gP,1.949,1.949,1.969,1.9557,3
5325,g98e5,1.869,1.869,1.869,1.8690,3
5328,g95e5,1.784,1.784,1.784,1.7840,4
5328,gA,1.974,1.954,1.974,1.9640,4
5328,gP,2.064,2.044,2.064,2.0540,4
5328,g95e5p,1.874,1.874,1.874,1.8740,4
5331,g95e5,1.689,1.689,1.709,1.6957,3
5331,gA,1.769,1.769,1.789,1.7757,3
5335,g95e5,1.779,1.779,1.779,1.7790,2
5335,gA,1.899,1.889,1.899,1.8923,3
5335,gP,1.979,1.969,1.979,1.9723,3
5335,g98e5,1.919,1.919,1.919,1.9190,2
5337,gA,1.939,1.939,1.939,1.9390,2
5343,g95e5,1.809,1.809,1.809,1.8090,3
5343,gA,1.949,1.945,1.949,1.9477,3
5343,g98e5,1.979,1.979,1.979,1.9790,3
5345,g95e5,1.819,1.819,1.819,1.8190,2
5345,gA,1.949,1.929,1.949,1.9390,2
5345,gP,2.049,2.029,2.049,2.0390,2
5345,g98e5,1.979,1.979,1.979,1.9790,2
5347,g95e5,1.789,1.789,1.789,1.7890,3
5347,gA,1.919,1.919,1.919,1.9190,3
5348,gA,1.928,1.928,1.928,1.9280,2
5348,gB,1.508,1.508,1.508,1.5080,3
5351,g95e5,1.795,1.795,1.805,1.7983,3
5351,gA,1.959,1.955,1.959,1.9577,3
5351,g98e5,1.965,1.965,1.975,1.9683,3
5352,g95e5,1.805,1.795,1.805,1.8025,4
5352,gA,1.939,1.935,1.939,1.9377,3
5352,g98e5,1.975,1.975,1.975,1.9750,3
5352,g95e5p,1.885,1.885,1.885,1.8850,3
5352,glp,1.105,1.105,1.105,1.1050,2
5353,gA,1.879,1.879,1.879,1.8790,2
5354,gP,2.019,2.019,2.019,2.0190,3
5355,g95e5,1.649,1.649,1.649,1.6490,3
5355,gA,1.799,1.799,1.799,1.7990,3
5355,gP,1.849,1.849,1.849,1.8490,3
5355,g98e5,1.699,1.699,1.699,1.6990,3
5355,gB,1.420,1.420,1.420,1.4200,2
5357,g95e5,1.805,1.805,1.805,1.8050,3
5357,gA,1.939,1.919,1.939,1.9330,4
5357,g98e5,1.975,1.975,1.975,1.9750,3
5358,g95e5,1.789,1.789,1.789,1.7890,2
5358,gA,1.929,1.929,1.929,1.9290,2
5358,g98e5,1.959,1.959,1.959,1.9590,2
5358,gB,1.409,1.409,1.409,1.4090,2
5367,g95e5,1.769,1.769,1.769,1.7690,2
5367,gA,1.929,1.929,1.929,1.9290,2
5367,g95e5p,1.939,1.939,1.939,1.9390,2
5368,g95e5,1.729,1.729,1.729,1.7290,2
5368,gA,1.849,1.849,1.849,1.8490,2
5368,gP,1.929,1.929,1.929,1.9290,2
5368,g95e5p,1.829,1.829,1.829,1.8290,2
5371,g95e5,1.779,1.779,1.779,1.7790,3
5371,gA,1.935,1.929,1.935,1.9330,3
5371,g98e5,1.949,1.949,1.949,1.9490,3
5371,g95e5p,1.849,1.849,1.849,1.8490,3
5373,g95e5,1.839,1.839,1.839,1.8390,3
5373,g98e5,1.989,1.989,1.989,1.9890,3
5374,g95e5,1.785,1.785,1.785,1.7850,3
5374,gA,1.939,1.935,1.939,1.9377,3
5374,g98e5,1.915,1.915,1.915,1.9150,3
5374,gB,1.590,1.585,1.590,1.5883,3
5375,g95e5,1.785,1.785,1.785,1.7850,3
5375,gA,1.939,1.935,1.939,1.9377,3
5375,g98e5,1.915,1.915,1.915,1.9150,3
5375,glp,1.119,1.119,1.119,1.1190,2
5375,gB,1.560,1.555,1.560,1.5583,3
5376,g95e5,1.785,1.775,1.785,1.7825,4
5376,gA,1.939,1.925,1.939,1.9345,4
5376,g98e5,1.915,1.915,1.915,1.9150,3
5376,glp,1.125,1.125,1.125,1.1250,2
5378,g95e5,1.794,1.794,1.794,1.7940,4
5378,gA,1.959,1.939,1.959,1.9523,3
5378,gP,2.044,2.024,2.044,2.0373,3
5378,g95e5p,1.894,1.894,1.894,1.8940,4
5379,g95e5,1.795,1.795,1.795,1.7950,3
5379,gA,1.959,1.945,1.959,1.9543,3
5379,g98e5,1.965,1.965,1.965,1.9650,3
5381,g95e5,1.795,1.795,1.795,1.7950,3
5381,gA,1.959,1.955,1.959,1.9577,3
5381,g98e5,1.965,1.965,1.965,1.9650,3
5386,g95e5,1.765,1.765,1.765,1.7650,3
5386,gA,1.925,1.915,1.925,1.9217,3
5386,gB,1.584,1.579,1.584,1.5823,3
5388,g95e5,1.815,1.809,1.815,1.8130,3
5388,gA,1.955,1.949,1.955,1.9530,3
5388,g98e5,1.985,1.979,1.985,1.9830,3
5390,g95e5,1.765,1.765,1.765,1.7650,3
5390,gA,1.935,1.915,1.935,1.9283,3
5391,g95e5,1.819,1.815,1.819,1.8177,3
5391,gA,1.949,1.929,1.949,1.9423,3
5391,g98e5,1.989,1.985,1.989,1.9877,3
5391,glp,1.129,1.129,1.129,1.1290,2
5394,g95e5,1.809,1.799,1.809,1.8023,3
5394,gA,1.959,1.949,1.959,1.9523,3
5394,g98e5,2.009,1.999,2.009,2.0023,3
5394,gB,1.699,1.689,1.699,1.6923,3
5395,gA,1.959,1.949,1.959,1.9523,3
5398,g95e5,1.679,1.650,1.679,1.6627,3
5398,gA,1.789,1.759,1.789,1.7740,2
5398,gP,1.869,1.839,1.869,1.8540,2
5398,g98e5,1.849,1.819,1.849,1.8323,3
5399,g95e5,1.699,1.699,1.699,1.6990,4
5399,gA,1.889,1.889,1.889,1.8890,4
5399,gP,1.939,1.939,1.939,1.9390,4
5399,g98e5,1.859,1.859,1.859,1.8590,4
5401,g95e5,1.819,1.819,1.819,1.8190,3
5401,gA,1.949,1.945,1.949,1.9477,3
5405,gA,1.919,1.919,1.919,1.9190,2
5405,gP,2.024,2.024,2.024,2.0240,2
5406,g95e5,1.799,1.795,1.799,1.7977,3
5406,gA,1.929,1.915,1.929,1.9243,3
5406,g98e5,1.969,1.965,1.969,1.9677,3
5409,gA,1.949,1.949,1.949,1.9490,3
5410,g95e5,1.815,1.815,1.815,1.8150,3
5410,gA,1.979,1.969,1.979,1.9757,3
5411,g95e5,1.819,1.819,1.819,1.8190,3
5411,gA,1.979,1.969,1.979,1.9757,3
5411,g98e5,1.989,1.989,1.989,1.9890,3
5411,glp,1.135,1.135,1.135,1.1350,2
5412,g95e5,1.859,1.849,1.859,1.8557,3
5412,gA,1.999,1.989,1.999,1.9957,3
5414,g95e5,1.799,1.799,1.799,1.7990,2
5414,gA,1.929,1.929,1.929,1.9290,2
5414,gP,2.029,2.029,2.029,2.0290,2
5414,g98e5,1.979,1.979,1.979,1.9790,2
5415,g95e5,1.805,1.799,1.805,1.8030,3
5415,gA,1.929,1.919,1.929,1.9257,3
5415,g95e5p,1.875,1.869,1.875,1.8730,3
5419,g95e5,1.829,1.829,1.829,1.8290,2
5419,gA,1.979,1.979,1.979,1.9790,2
5419,gP,2.039,2.039,2.039,2.0390,2
5419,gB,1.729,1.729,1.729,1.7290,2
5421,g95e5,1.834,1.834,1.834,1.8340,4
5421,gA,2.009,1.989,2.009,1.9990,4
5421,gP,2.069,2.049,2.069,2.0590,4
5421,g95e5p,1.894,1.894,1.894,1.8940,4
5428,g95e5,1.775,1.775,1.779,1.7763,3
5428,g98e5,1.945,1.945,1.949,1.9463,3
5430,g95e5,1.789,1.789,1.789,1.7890,2
5430,gA,1.919,1.919,1.919,1.9190,2
5430,gP,2.019,2.019,2.019,2.0190,2
5430,g98e5,1.979,1.979,1.979,1.9790,2
5431,g95e5,1.789,1.789,1.789,1.7890,3
5431,gA,1.945,1.925,1.945,1.9383,3
5431,g98e5,1.959,1.959,1.959,1.9590,3
5432,gA,1.919,1.919,1.919,1.9190,2
5432,gP,2.024,2.024,2.024,2.0240,2
5434,g95e5,1.749,1.699,1.749,1.7165,4
5434,gA,1.859,1.789,1.859,1.8115,4
5434,gP,1.909,1.839,1.909,1.8615,4
5434,g98e5,1.899,1.849,1.899,1.8665,4
5439,g95e5,1.771,1.771,1.771,1.7710,3
5439,gA,1.910,1.910,1.910,1.9100,3
5439,g98e5,1.943,1.943,1.943,1.9430,3
5440,g95e5,1.805,1.795,1.805,1.8025,4
5440,gA,1.969,1.955,1.969,1.9643,3
5440,g98e5,1.925,1.925,1.925,1.9250,3
5441,g95e5,1.805,1.795,1.805,1.8025,4
5441,gA,1.969,1.939,1.969,1.9580,4
5441,g98e5,1.925,1.925,1.925,1.9250,3
5443,g95e5,1.629,1.599,1.629,1.6190,3
5443,gA,1.749,1.699,1.749,1.7323,3
5444,gA,1.819,1.819,1.819,1.8190,2
5445,g95e5,1.729,1.729,1.729,1.7290,2
5445,gA,1.849,1.839,1.849,1.8457,3
5445,gP,1.909,1.899,1.909,1.9057,3
5445,g98e5,1.899,1.899,1.899,1.8990,2
5445,gB,1.429,1.429,1.429,1.4290,3
5446,g95e5,1.789,1.789,1.789,1.7890,3
5446,gA,1.899,1.899,1.899,1.8990,3
5446,g98e5,1.989,1.989,1.989,1.9890,3
5446,gB,1.599,1.599,1.599,1.5990,3
5447,g95e5,1.765,1.765,1.765,1.7650,3
5447,gA,1.929,1.915,1.929,1.9243,3
5447,g98e5,1.935,1.935,1.935,1.9350,3
5451,g95e5,1.789,1.789,1.795,1.7910,3
5451,gA,1.965,1.955,1.965,1.9617,3
5451,g98e5,1.959,1.959,1.965,1.9610,3
5451,gB,1.590,1.585,1.590,1.5883,3
5452,g95e5,1.799,1.799,1.799,1.7990,3
5452,gA,1.939,1.925,1.939,1.9343,3
5452,g98e5,1.969,1.969,1.969,1.9690,3
5459,g95e5,1.765,1.765,1.765,1.7650,3
5459,gA,1.935,1.935,1.935,1.9350,2
5459,gP,2.045,2.045,2.045,2.0450,2
5459,g98e5,1.935,1.935,1.935,1.9350,3
5459,glp,1.135,1.135,1.135,1.1350,2
5460,g95e5,1.779,1.779,1.779,1.7790,3
5460,gA,1.935,1.929,1.935,1.9330,3
5460,g98e5,1.949,1.949,1.949,1.9490,3
5461,g95e5,1.779,1.779,1.779,1.7790,3
5461,gA,1.935,1.929,1.935,1.9330,3
5461,g98e5,1.949,1.949,1.949,1.9490,3
5463,g95e5,1.765,1.765,1.765,1.7650,3
5463,gA,1.925,1.915,1.925,1.9217,3
5464,gA,1.879,1.879,1.879,1.8790,2
5466,g95e5,1.784,1.784,1.784,1.7840,4
5466,gA,1.949,1.929,1.949,1.9390,4
5466,gP,2.044,2.024,2.044,2.0340,4
5466,g95e5p,1.884,1.884,1.884,1.8840,4
5466,gB,1.634,1.634,1.634,1.6340,2
5469,g95e5,1.799,1.799,1.799,1.7990,3
5469,gA,1.929,1.925,1.929,1.9277,3
5469,g98e5,1.969,1.969,1.969,1.9690,3
5470,g95e5,1.799,1.799,1.799,1.7990,3
5470,gA,1.929,1.925,1.929,1.9277,3
5470,g98e5,1.969,1.969,1.969,1.9690,3
5470,g95e5p,1.869,1.869,1.869,1.8690,3
5474,g95e5,1.849,1.849,1.849,1.8490,2
5474,gA,1.979,1.979,1.979,1.9790,2
5474,gP,2.079,2.079,2.079,2.0790,2
5474,g98e5,1.969,1.969,1.969,1.9690,2
5477,g95e5,1.805,1.805,1.805,1.8050,3
5477,gA,1.939,1.935,1.939,1.9377,3
5477,g98e5,1.975,1.975,1.975,1.9750,3
5478,g95e5,1.779,1.769,1.779,1.7740,4
5478,gA,1.935,1.915,1.935,1.9250,4
5478,g98e5,1.949,1.939,1.949,1.9440,4
5479,g95e5,1.795,1.795,1.795,1.7950,2
5479,gA,1.959,1.959,1.959,1.9590,2
5479,g98e5,1.965,1.965,1.965,1.9650,2
5480,g95e5,1.630,1.630,1.643,1.6387,3
5480,gA,1.730,1.730,1.736,1.7340,3
5480,gP,1.844,1.844,1.853,1.8500,3
5480,g98e5,1.700,1.700,1.712,1.7080,3
5484,g95e5,1.809,1.809,1.809,1.8090,2
5484,gA,1.949,1.949,1.949,1.9490,2
5484,g98e5,1.959,1.959,1.959,1.9590,2
5495,g95e5,1.774,1.764,1.774,1.7690,4
5495,gA,1.904,1.904,1.904,1.9040,4
5495,gP,1.954,1.954,1.954,1.9540,4
5495,g98e5,1.884,1.874,1.884,1.8790,4
5499,gA,1.969,1.969,1.969,1.9690,2
5499,gP,2.044,2.044,2.044,2.0440,2
5500,g95e5,1.794,1.794,1.794,1.7940,3
5500,gA,1.939,1.919,1.939,1.9323,3
5500,gP,2.044,2.024,2.044,2.0373,3
5500,g95e5p,1.894,1.894,1.894,1.8940,3
5501,g95e5,1.789,1.769,1.789,1.7815,4
5501,gA,1.929,1.919,1.929,1.9240,4
5501,gP,1.979,1.969,1.979,1.9740,4
5501,g98e5,1.909,1.889,1.909,1.9015,4
5505,g98e5,1.829,1.829,1.829,1.8290,3
5513,gA,1.956,1.956,1.956,1.9560,3
5514,g95e5,1.774,1.774,1.774,1.7740,4
5514,gA,1.964,1.944,1.964,1.9540,4
5514,gP,2.044,2.024,2.044,2.0340,4
5515,g95e5,1.829,1.829,1.829,1.8290,2
5515,gA,1.929,1.929,1.929,1.9290,2
5516,g95e5,1.769,1.769,1.789,1.7757,3
5516,gA,1.935,1.929,1.935,1.9330,3
5516,gP,2.045,2.039,2.045,2.0430,3
5516,g98e5,1.939,1.939,1.959,1.9457,3
5518,g95e5,1.809,1.795,1.809,1.8045,4
5518,gA,1.895,1.889,1.895,1.8935,4
5518,g98e5,1.979,1.975,1.979,1.9777,3
5519,g95e5,1.745,1.745,1.745,1.7450,3
5519,gA,1.935,1.935,1.935,1.9350,3
5519,gP,2.015,2.015,2.015,2.0150,3
5519,g98e5,1.915,1.915,1.915,1.9150,3
5523,g95e5,1.725,1.725,1.725,1.7250,3
5523,gA,1.925,1.925,1.925,1.9250,3
5523,gP,1.985,1.985,1.985,1.9850,3
5527,g95e5,1.745,1.745,1.745,1.7450,3
5527,gA,1.919,1.915,1.919,1.9177,3
5527,gP,1.979,1.975,1.979,1.9777,3
5527,g98e5,1.865,1.865,1.865,1.8650,3
5530,g95e5,1.755,1.755,1.755,1.7550,3
5530,gA,1.949,1.949,1.949,1.9490,3
5530,gP,2.009,2.009,2.009,2.0090,3
5530,g98e5,1.875,1.875,1.875,1.8750,3
5531,g95e5,1.759,1.759,1.759,1.7590,3
5531,gA,1.939,1.939,1.939,1.9390,3
5531,g98e5,1.919,1.919,1.919,1.9190,3
5532,g95e5,1.819,1.819,1.819,1.8190,3
5532,gA,1.919,1.919,1.919,1.9190,3
5532,gP,1.979,1.979,1.979,1.9790,3
5532,g98e5,1.949,1.949,1.949,1.9490,3
5535,g95e5,1.754,1.754,1.759,1.7565,4
5535,gA,1.909,1.909,1.909,1.9090,4
5535,gP,1.959,1.959,1.959,1.9590,4
5536,g95e5,1.745,1.735,1.745,1.7400,2
5536,gA,1.915,1.899,1.915,1.9070,2
5536,gP,1.975,1.959,1.975,1.9670,2
5537,g95e5,1.739,1.739,1.749,1.7415,4
5537,gA,1.949,1.929,1.949,1.9365,4
5537,gP,1.999,1.979,1.999,1.9865,4
5537,g98e5,1.879,1.879,1.889,1.8815,4
5538,g95e5,1.659,1.654,1.659,1.6573,3
5538,gA,1.759,1.754,1.759,1.7573,3
5538,gP,1.809,1.804,1.809,1.8073,3
5538,g98e5,1.799,1.794,1.799,1.7973,3
5540,g95e5,1.799,1.799,1.799,1.7990,3
5540,gA,1.955,1.949,1.959,1.9545,4
5540,g98e5,1.919,1.919,1.919,1.9190,3
5540,g95e5p,1.879,1.879,1.879,1.8790,3
5540,gB,1.624,1.619,1.624,1.6223,3
5541,g95e5,1.755,1.745,1.755,1.7525,4
5541,gA,1.949,1.939,1.949,1.9455,4
5541,gP,2.009,2.005,2.009,2.0077,3
5541,g98e5,1.875,1.875,1.875,1.8750,3
5541,g95e5p,1.825,1.825,1.825,1.8250,3
5545,g95e5,1.799,1.799,1.799,1.7990,3
5545,gA,1.909,1.909,1.909,1.9090,2
5545,g98e5,1.969,1.969,1.969,1.9690,3
5547,g95e5,1.755,1.755,1.755,1.7550,3
5547,gA,1.945,1.939,1.945,1.9430,3
5547,gP,2.005,1.999,2.005,2.0030,3
5547,g98e5,1.925,1.925,1.925,1.9250,3
5548,g95e5,1.798,1.798,1.798,1.7980,2
5548,gA,1.898,1.898,1.898,1.8980,2
5548,g98e5,1.938,1.938,1.938,1.9380,2
5548,gB,1.598,1.598,1.598,1.5980,2
5556,g95e5,1.764,1.764,1.774,1.7690,4
5556,gA,1.934,1.914,1.934,1.9240,4
5556,gP,1.984,1.964,1.984,1.9740,4
5558,g95e5,1.669,1.669,1.699,1.6840,2
5558,gA,1.849,1.849,1.879,1.8640,2
5558,gP,1.899,1.899,1.929,1.9140,2
5559,g95e5,1.739,1.729,1.739,1.7315,4
5559,gA,1.909,1.889,1.909,1.8940,4
5559,gP,1.959,1.939,1.959,1.9440,4
5559,g98e5,1.859,1.849,1.859,1.8515,4
5561,g95e5,1.569,1.549,1.569,1.5590,4
5561,gA,1.729,1.689,1.729,1.7040,4
5562,g95e5,1.699,1.699,1.699,1.6990,2
5562,gA,1.819,1.799,1.819,1.8123,3
5569,g95e5,1.679,1.649,1.679,1.6565,4
5570,g95e5,1.629,1.629,1.629,1.6290,3
5571,gA,1.899,1.899,1.899,1.8990,3
5571,gP,1.939,1.939,1.939,1.9390,3
5571,g98e5,1.969,1.969,1.969,1.9690,2
5572,g95e5,1.719,1.719,1.719,1.7190,2
5572,gA,1.869,1.849,1.869,1.8590,2
5572,g98e5,1.889,1.889,1.889,1.8890,2
5573,g95e5,1.759,1.759,1.759,1.7590,3
5573,gA,1.919,1.919,1.919,1.9190,3
5573,gP,2.019,2.019,2.019,2.0190,3
5574,g95e5,1.759,1.759,1.759,1.7590,3
5574,gA,1.919,1.919,1.919,1.9190,3
5574,gP,2.019,2.019,2.019,2.0190,3
5576,gA,1.869,1.859,1.869,1.8657,3
5576,gP,1.909,1.899,1.909,1.9057,3
5576,g98e5,1.929,1.929,1.929,1.9290,2
5579,g95e5,1.779,1.779,1.779,1.7790,2
5579,gA,1.899,1.879,1.899,1.8857,3
5579,gP,1.939,1.919,1.939,1.9257,3
5579,g98e5,1.919,1.919,1.919,1.9190,3
5581,g95e5,1.759,1.759,1.759,1.7590,3
5581,gA,1.819,1.809,1.819,1.8123,3
5581,gP,1.859,1.849,1.859,1.8523,3
5581,g98e5,1.859,1.859,1.859,1.8590,3
5582,gA,1.755,1.755,1.755,1.7550,2
5582,gP,1.815,1.815,1.815,1.8150,2
5586,g95e5,1.745,1.725,1.745,1.7350,2
5586,gA,1.905,1.899,1.905,1.9020,2
5588,gA,1.820,1.820,1.820,1.8200,3
5591,g95e5,1.799,1.789,1.799,1.7940,2
5591,g98e5,1.989,1.989,1.989,1.9890,2
5592,g95e5,1.759,1.759,1.789,1.7757,3
5592,gA,1.909,1.889,1.909,1.8990,3
5592,gP,1.989,1.979,1.989,1.9857,3
5592,g98e5,1.929,1.929,1.959,1.9457,3
5594,gA,2.037,2.037,2.037,2.0370,2
5596,gA,1.933,1.933,1.933,1.9330,2
5596,gB,1.740,1.740,1.740,1.7400,2
5599,g95e5,1.769,1.769,1.769,1.7690,2
5599,gA,1.849,1.839,1.849,1.8440,2
5599,gP,1.889,1.879,1.889,1.8840,2
5599,g98e5,1.939,1.939,1.939,1.9390,2
5600,g95e5,1.679,1.669,1.679,1.6740,2
5600,gA,1.719,1.689,1.719,1.7040,2
5600,gP,1.729,1.699,1.729,1.7140,2
5601,gA,1.899,1.859,1.899,1.8823,3
5601,gP,1.939,1.899,1.939,1.9223,3
5601,g98e5,1.879,1.869,1.879,1.8740,2
5603,g98e5,1.889,1.889,1.889,1.8890,2
5606,g95e5,1.719,1.719,1.719,1.7190,3
5606,gA,1.939,1.929,1.939,1.9357,3
5608,g95e5,1.699,1.699,1.699,1.6990,3
5608,gA,1.809,1.809,1.809,1.8090,3
5610,g95e5,1.759,1.755,1.759,1.7577,3
5610,gA,1.905,1.879,1.905,1.8963,3
5610,gP,1.995,1.969,1.995,1.9863,3
5610,g98e5,1.899,1.895,1.899,1.8977,3
5613,g95e5,1.769,1.759,1.769,1.7640,2
5613,gA,1.909,1.899,1.909,1.9023,3
5613,gP,1.999,1.989,1.999,1.9923,3
5613,g98e5,1.909,1.899,1.909,1.9040,2
5614,g95e5,1.759,1.748,1.759,1.7553,3
5614,gA,1.909,1.909,1.909,1.9090,2
5614,gP,1.999,1.999,1.999,1.9990,2
5614,g98e5,1.898,1.889,1.898,1.8950,3
5618,g95e5,1.739,1.739,1.739,1.7390,4
5618,gA,1.934,1.914,1.934,1.9273,3
5618,gP,2.054,2.034,2.054,2.0473,3
5618,g95e5p,1.859,1.859,1.859,1.8590,4
5619,gA,1.934,1.934,1.934,1.9340,2
5619,gP,2.054,2.054,2.054,2.0540,2
5620,gA,1.934,1.934,1.934,1.9340,2
5620,gP,2.064,2.064,2.064,2.0640,2
5621,gA,1.708,1.708,1.708,1.7080,2
5621,gP,1.752,1.752,1.764,1.7560,3
5622,gA,1.708,1.708,1.708,1.7080,2
5622,gP,1.752,1.752,1.764,1.7560,3
5622,gB,1.382,1.382,1.382,1.3820,2
5623,gA,1.708,1.708,1.708,1.7080,2
5623,gP,1.752,1.752,1.764,1.7560,3
5623,gB,1.382,1.382,1.382,1.3820,2
5625,gA,1.904,1.884,1.904,1.8940,2
5625,gP,2.024,2.004,2.024,2.0140,2
5629,g95e5,1.809,1.799,1.809,1.8023,3
5629,gA,2.019,1.989,2.019,1.9990,3
5629,gP,2.119,2.089,2.119,2.0990,3
5629,g98e5,1.969,1.959,1.969,1.9623,3
5629,g95e5p,1.929,1.919,1.929,1.9223,3
5630,g95e5,1.579,1.569,1.579,1.5723,3
5630,gA,1.757,1.709,1.757,1.7310,3
5630,gP,1.777,1.729,1.777,1.7510,3
5630,g95e5p,1.599,1.589,1.599,1.5923,3
5631,gA,1.939,1.919,1.939,1.9290,2
5631,gP,2.049,2.029,2.049,2.0390,2
5634,gA,1.939,1.939,1.939,1.9390,3
5634,gP,2.059,2.059,2.059,2.0590,3
5641,g95e5,1.609,1.609,1.609,1.6090,2
5641,gA,1.709,1.709,1.709,1.7090,2
5644,g95e5,1.775,1.775,1.775,1.7750,3
5644,gA,1.935,1.915,1.935,1.9283,3
5644,g98e5,1.895,1.895,1.895,1.8950,3
5644,g95e5p,1.835,1.835,1.835,1.8350,3
5644,gB,1.650,1.645,1.650,1.6483,3
5649,g95e5,1.725,1.719,1.725,1.7230,3
5649,gA,1.939,1.929,1.939,1.9357,3
5649,g98e5,1.895,1.889,1.895,1.8930,3
5649,gB,1.640,1.635,1.640,1.6383,3
5650,g95e5,1.739,1.739,1.739,1.7390,2
5650,gA,1.959,1.959,1.959,1.9590,2
5650,gB,1.559,1.559,1.559,1.5590,2
5651,g95e5,1.739,1.719,1.739,1.7323,3
5651,gA,1.995,1.989,1.995,1.9930,3
5651,gP,2.105,2.099,2.105,2.1030,3
5651,g98e5,1.909,1.889,1.909,1.9023,3
5653,g95e5,1.729,1.719,1.729,1.7223,3
5653,g98e5,1.889,1.879,1.889,1.8823,3
5653,gB,1.679,1.679,1.679,1.6790,3
5654,g95e5,1.775,1.769,1.775,1.7730,3
5654,gA,1.889,1.879,1.889,1.8857,3
5654,g98e5,1.945,1.939,1.945,1.9430,3
5655,g95e5,1.769,1.769,1.775,1.7710,3
5655,gA,1.975,1.959,1.975,1.9697,3
5656,g95e5,1.725,1.725,1.725,1.7250,3
5656,gA,1.919,1.915,1.919,1.9177,3
5656,gP,2.029,2.025,2.029,2.0277,3
5656,g98e5,1.895,1.895,1.895,1.8950,3
5657,g95e5,1.789,1.789,1.789,1.7890,3
5657,gA,1.965,1.935,1.965,1.9525,4
5657,g98e5,1.959,1.959,1.959,1.9590,3
5657,glp,1.169,1.169,1.169,1.1690,2
5660,g95e5,1.812,1.812,1.812,1.8120,3
5660,gA,1.936,1.936,1.936,1.9360,3
5665,g95e5,1.679,1.669,1.689,1.6790,3
5665,gA,1.719,1.679,1.719,1.6990,3
5665,gP,1.739,1.699,1.739,1.7190,3
5666,gA,1.939,1.939,1.939,1.9390,2
5666,gP,2.029,2.029,2.029,2.0290,2
5667,gA,1.939,1.939,1.939,1.9390,2
5667,gP,2.029,2.029,2.029,2.0290,2
5668,g95e5,1.795,1.775,1.795,1.7883,3
5668,gA,1.905,1.885,1.905,1.8983,3
5668,gP,1.995,1.975,1.995,1.9883,3
5668,g98e5,1.935,1.915,1.935,1.9283,3
5671,g95e5,1.674,1.674,1.679,1.6773,3
5671,gA,1.769,1.769,1.769,1.7690,3
5671,gP,1.849,1.849,1.849,1.8490,3
5673,g95e5,1.695,1.695,1.695,1.6950,2
5673,gA,1.759,1.759,1.759,1.7590,2
5673,gP,1.779,1.779,1.779,1.7790,2
5673,g95e5p,1.715,1.715,1.715,1.7150,2
5677,g95e5,1.809,1.809,1.809,1.8090,3
5677,gA,1.919,1.889,1.919,1.9043,3
5677,gP,2.029,1.999,2.029,2.0143,3
5679,g95e5,1.769,1.769,1.769,1.7690,3
5679,gA,1.859,1.859,1.859,1.8590,3
5679,gP,1.949,1.949,1.949,1.9490,3
5679,g98e5,1.909,1.909,1.909,1.9090,3
5682,g95e5,1.785,1.785,1.799,1.7920,2
5682,gA,1.959,1.949,1.959,1.9557,3
5682,gP,2.019,2.019,2.029,2.0240,2
5682,g98e5,1.955,1.955,1.979,1.9670,2
5683,g95e5,1.695,1.695,1.695,1.6950,2
5683,gA,1.759,1.759,1.759,1.7590,2
5683,gP,1.779,1.779,1.779,1.7790,2
5686,gA,1.939,1.929,1.939,1.9340,2
5688,g95e5,1.814,1.814,1.814,1.8140,3
5688,gA,1.964,1.944,1.964,1.9573,3
5688,gP,2.044,2.024,2.044,2.0373,3
5688,g95e5p,1.874,1.874,1.874,1.8740,3
5690,gA,1.869,1.859,1.869,1.8640,2
5690,gP,1.944,1.924,1.944,1.9340,2
5692,g95e5,1.699,1.679,1.699,1.6890,2
5692,gA,1.799,1.769,1.799,1.7840,2
5692,gP,1.819,1.789,1.819,1.8040,2
5692,g95e5p,1.709,1.699,1.709,1.7040,2
5696,g95e5,1.804,1.804,1.804,1.8040,4
5696,gA,1.954,1.934,1.954,1.9440,4
5696,gP,2.034,2.014,2.034,2.0240,4
5696,g95e5p,1.864,1.864,1.864,1.8640,4
5697,g95e5,1.774,1.774,1.774,1.7740,4
5697,gA,1.934,1.914,1.934,1.9240,4
5697,gP,2.014,1.994,2.014,2.0040,4
5697,g95e5p,1.864,1.864,1.864,1.8640,4
5698,g95e5,1.824,1.824,1.824,1.8240,4
5698,gA,1.974,1.954,1.974,1.9673,3
5698,gP,2.054,2.034,2.054,2.0473,3
5699,gA,1.879,1.879,1.879,1.8790,3
5699,gP,1.959,1.959,1.959,1.9590,3
5700,g95e5,1.804,1.804,1.804,1.8040,3
5700,gA,1.974,1.954,1.974,1.9673,3
5700,gP,2.054,2.034,2.054,2.0473,3
5700,g95e5p,1.884,1.884,1.884,1.8840,3
5701,gA,1.914,1.914,1.914,1.9140,2
5701,gP,1.974,1.974,1.974,1.9740,2
5705,g95e5,1.804,1.804,1.804,1.8040,3
5705,gA,1.934,1.914,1.934,1.9240,4
5705,gP,2.014,1.994,2.014,2.0040,4
5705,g95e5p,1.894,1.894,1.894,1.8940,3
5706,g95e5,1.804,1.804,1.804,1.8040,4
5706,gA,1.954,1.934,1.954,1.9473,3
5706,gP,2.034,2.014,2.034,2.0273,3
5706,g95e5p,1.894,1.894,1.894,1.8940,4
5708,gA,1.919,1.919,1.919,1.9190,2
5708,gP,1.984,1.984,1.984,1.9840,2
5711,g95e5,1.785,1.785,1.785,1.7850,2
5711,gA,1.919,1.915,1.919,1.9170,2
5711,gP,2.019,2.015,2.019,2.0170,2
5713,g95e5,1.775,1.775,1.775,1.7750,3
5713,gA,1.909,1.905,1.909,1.9077,3
5713,g98e5,1.945,1.945,1.945,1.9450,3
5713,glp,1.169,1.169,1.169,1.1690,2
5714,g95e5,1.715,1.715,1.715,1.7150,3
5714,gA,1.945,1.929,1.945,1.9397,3
5715,g95e5,1.785,1.785,1.785,1.7850,3
5715,gA,1.965,1.959,1.965,1.9630,3
5715,gP,2.025,2.019,2.025,2.0230,3
5715,g98e5,1.905,1.905,1.905,1.9050,3
5721,g95e5,1.849,1.835,1.849,1.8443,3
5721,gA,1.945,1.945,1.949,1.9463,3
5721,gP,2.005,2.005,2.009,2.0063,3
5721,g98e5,1.999,1.985,1.999,1.9943,3
5721,g95e5p,1.909,1.895,1.909,1.9043,3
5721,gB,1.720,1.715,1.720,1.7183,3
5723,g95e5,1.769,1.769,1.769,1.7690,3
5723,gA,1.949,1.945,1.955,1.9495,4
5723,g98e5,1.889,1.889,1.889,1.8890,3
5723,glp,1.129,1.129,1.129,1.1290,2
5723,gB,1.694,1.689,1.694,1.6923,3
5726,g95e5,1.775,1.775,1.775,1.7750,2
5726,gA,1.885,1.885,1.885,1.8850,2
5726,g98e5,1.895,1.895,1.895,1.8950,2
5726,glp,1.139,1.139,1.139,1.1390,2
5728,g95e5,1.775,1.775,1.775,1.7750,3
5728,gA,1.905,1.899,1.905,1.9030,3
5728,gP,2.015,2.009,2.015,2.0130,3
5728,g98e5,1.945,1.945,1.945,1.9450,3
5729,g95e5,1.745,1.725,1.745,1.7383,3
5729,gP,1.999,1.999,1.999,1.9990,3
5729,gB,1.640,1.635,1.640,1.6383,3
5732,g95e5,1.739,1.739,1.739,1.7390,3
5732,gA,1.909,1.905,1.909,1.9077,3
5732,gP,2.019,2.015,2.019,2.0177,3
5732,g98e5,1.909,1.909,1.909,1.9090,3
5732,gB,1.584,1.579,1.584,1.5823,3
5733,g95e5,1.825,1.825,1.825,1.8250,3
5733,gA,1.915,1.915,1.925,1.9183,3
5733,g98e5,1.945,1.945,1.945,1.9450,3
5733,glp,1.149,1.149,1.149,1.1490,2
5734,g95e5,1.745,1.745,1.745,1.7450,3
5734,gA,1.889,1.889,1.909,1.8957,3
5734,gP,1.979,1.979,1.979,1.9790,2
5734,g98e5,1.915,1.915,1.915,1.9150,3
5735,g95e5,1.729,1.719,1.729,1.7257,3
5735,gA,1.949,1.939,1.949,1.9457,3
5735,gP,2.039,2.029,2.039,2.0357,3
5735,g98e5,1.899,1.889,1.899,1.8957,3
5736,g95e5,1.679,1.679,1.699,1.6923,3
5736,gA,1.769,1.769,1.789,1.7823,3
5738,g95e5,1.745,1.739,1.749,1.7445,4
5738,gA,1.955,1.949,1.955,1.9530,3
5738,g98e5,1.895,1.895,1.899,1.8963,3
5738,gB,1.694,1.689,1.694,1.6923,3
5739,g95e5,1.739,1.725,1.739,1.7343,3
5739,gA,1.905,1.889,1.905,1.8997,3
5739,gP,1.995,1.979,1.995,1.9897,3
5739,g98e5,1.879,1.865,1.879,1.8743,3
5740,g95e5,1.834,1.824,1.834,1.8307,3
5740,gA,2.014,1.964,2.014,1.9873,3
5740,gP,2.104,2.054,2.104,2.0740,3
5740,g98e5,1.934,1.934,1.944,1.9373,3
5743,g95e5,1.809,1.799,1.809,1.8057,3
5743,gA,1.909,1.889,1.909,1.9023,3
5743,gP,1.999,1.979,1.999,1.9923,3
5743,g98e5,1.949,1.939,1.949,1.9457,3
5744,g95e5,1.769,1.765,1.769,1.7677,3
5744,gA,1.965,1.965,1.969,1.9663,3
5744,g98e5,1.919,1.915,1.919,1.9177,3
5744,g95e5p,1.839,1.835,1.839,1.8377,3
5745,g95e5,1.749,1.749,1.749,1.7490,3
5745,gA,1.969,1.965,1.969,1.9677,3
5745,g98e5,1.889,1.889,1.889,1.8890,3
5746,g95e5,1.819,1.819,1.819,1.8190,3
5746,gA,1.969,1.959,1.969,1.9657,3
5746,gP,2.049,2.039,2.049,2.0457,3
5746,g98e5,1.969,1.969,1.969,1.9690,3
5746,g95e5p,1.869,1.869,1.869,1.8690,3
5752,g95e5,1.715,1.715,1.715,1.7150,2
5752,gA,1.949,1.939,1.949,1.9457,3
5752,gP,2.019,2.009,2.019,2.0157,3
5752,g98e5,1.885,1.885,1.885,1.8850,2
5752,gB,1.620,1.615,1.620,1.6183,3
5755,g95e5,1.775,1.775,1.775,1.7750,3
5755,gA,1.895,1.889,1.895,1.8930,3
5755,gP,1.975,1.969,1.975,1.9730,3
5755,g98e5,1.945,1.945,1.945,1.9450,3
5758,g95e5,1.769,1.755,1.769,1.7643,3
5758,gA,1.899,1.899,1.915,1.9043,3
5758,gP,1.989,1.989,2.005,1.9943,3
5758,g98e5,1.939,1.925,1.939,1.9343,3
5760,g95e5,1.749,1.749,1.749,1.7490,2
5760,gA,1.919,1.919,1.919,1.9190,2
5760,gB,1.609,1.609,1.609,1.6090,2
5762,gA,1.919,1.905,1.919,1.9143,3
5762,gP,2.029,2.015,2.029,2.0243,3
5764,g95e5,1.599,1.599,1.599,1.5990,2
5764,gA,1.755,1.755,1.755,1.7550,2
5766,g95e5,1.659,1.659,1.659,1.6590,2
5766,gA,1.816,1.816,1.816,1.8160,2
5767,g95e5,1.745,1.745,1.745,1.7450,3
5767,gA,1.889,1.879,1.889,1.8857,3
5768,g95e5,1.745,1.745,1.745,1.7450,3
5768,gA,1.889,1.879,1.889,1.8857,3
5768,gP,1.999,1.989,1.999,1.9957,3
5768,g98e5,1.915,1.915,1.915,1.9150,3
5770,g95e5,1.725,1.725,1.725,1.7250,2
5770,gA,1.939,1.939,1.939,1.9390,3
5770,g95e5p,1.795,1.795,1.795,1.7950,2
5770,gB,1.640,1.635,1.640,1.6383,3
5772,gA,1.959,1.959,1.959,1.9590,2
5772,gP,2.049,2.049,2.049,2.0490,2
5774,g95e5,1.825,1.825,1.825,1.8250,3
5774,gA,1.935,1.919,1.935,1.9297,3
5774,gP,1.995,1.979,1.995,1.9897,3
5774,g98e5,1.985,1.985,1.985,1.9850,3
5775,g95e5,1.729,1.729,1.729,1.7290,3
5775,gA,1.939,1.935,1.939,1.9377,3
5775,g98e5,1.899,1.899,1.899,1.8990,3
5780,g95e5,1.719,1.709,1.719,1.7143,3
5780,gA,1.989,1.969,1.989,1.9757,3
5780,gP,2.089,2.069,2.089,2.0790,3
5780,g95e5p,1.779,1.769,1.779,1.7743,3
5781,gA,1.909,1.909,1.909,1.9090,3
5781,gP,1.999,1.999,1.999,1.9990,3
5782,g95e5,1.749,1.749,1.749,1.7490,3
5782,gA,1.959,1.955,1.959,1.9577,3
5782,gP,2.069,2.065,2.069,2.0677,3
5782,g95e5p,1.819,1.819,1.819,1.8190,3
5783,g95e5,1.825,1.825,1.825,1.8250,3
5783,gA,1.959,1.959,1.965,1.9610,3
5783,g98e5,1.995,1.995,1.995,1.9950,3
5784,g95e5,1.739,1.729,1.739,1.7357,3
5784,gA,1.905,1.889,1.905,1.8997,3
5784,gP,1.995,1.979,1.995,1.9897,3
5784,g98e5,1.879,1.869,1.879,1.8757,3
5785,g95e5,1.819,1.815,1.819,1.8177,3
5785,gA,1.899,1.899,1.899,1.8990,3
5785,gP,1.989,1.989,1.989,1.9890,3
5785,g98e5,1.989,1.985,1.989,1.9877,3
5786,g95e5,1.774,1.774,1.774,1.7740,3
5786,gA,1.994,1.974,1.994,1.9840,4
5786,gP,2.064,2.044,2.064,2.0540,4
5786,g95e5p,1.854,1.854,1.854,1.8540,3
5787,g95e5,1.749,1.739,1.749,1.7457,3
5787,gA,1.899,1.879,1.899,1.8923,3
5787,gP,1.989,1.969,1.989,1.9823,3
5787,g98e5,1.889,1.879,1.889,1.8857,3
5788,g95e5,1.739,1.729,1.739,1.7357,3
5788,gA,1.905,1.889,1.905,1.8997,3
5788,gP,1.995,1.979,1.995,1.9897,3
5788,g98e5,1.879,1.869,1.879,1.8757,3
5789,g95e5,1.809,1.809,1.809,1.8090,3
5789,gA,1.909,1.895,1.909,1.9043,3
5789,gP,2.019,2.005,2.019,2.0143,3
5789,g95e5p,1.869,1.869,1.869,1.8690,3
5792,g95e5,1.795,1.785,1.795,1.7917,3
5792,gA,1.915,1.899,1.915,1.9097,3
5792,gP,2.005,1.989,2.005,1.9997,3
5792,g98e5,1.935,1.925,1.935,1.9317,3
5794,g95e5,1.709,1.699,1.709,1.7015,4
5794,gA,1.739,1.709,1.739,1.7165,4
5794,gP,1.789,1.759,1.789,1.7665,4
5794,g95e5p,1.759,1.749,1.759,1.7515,4
5795,g95e5,1.830,1.820,1.830,1.8267,3
5795,gA,1.950,1.950,1.950,1.9500,2
5795,g98e5,1.950,1.950,1.950,1.9500,3
5795,glp,1.150,1.150,1.150,1.1500,3
5797,g95e5,1.735,1.735,1.749,1.7397,3
5797,gA,1.929,1.915,1.929,1.9243,3
5797,g98e5,1.855,1.855,1.869,1.8597,3
5798,g95e5,1.769,1.769,1.775,1.7710,3
5798,gA,1.929,1.909,1.929,1.9223,3
5798,g98e5,1.939,1.939,1.945,1.9410,3
5798,gB,1.650,1.645,1.650,1.6483,3
5799,gA,1.909,1.909,1.909,1.9090,2
5799,gP,1.999,1.999,1.999,1.9990,2
5800,g95e5,1.815,1.809,1.815,1.8130,3
5800,gA,1.909,1.905,1.909,1.9077,3
5800,g95e5p,1.875,1.869,1.875,1.8730,3
5800,gB,1.744,1.739,1.744,1.7423,3
5801,g95e5,1.759,1.759,1.759,1.7590,3
5801,gA,1.919,1.919,1.919,1.9190,3
5801,gP,2.019,2.019,2.019,2.0190,3
5802,g95e5,1.759,1.759,1.759,1.7590,3
5802,gA,1.919,1.919,1.919,1.9190,3
5802,gP,2.019,2.019,2.019,2.0190,3
5803,gA,1.939,1.929,1.939,1.9340,2
5803,gP,2.029,2.019,2.029,2.0240,2
5805,g95e5,1.725,1.725,1.725,1.7250,3
5805,gA,1.919,1.915,1.919,1.9177,3
5805,gP,2.029,2.025,2.029,2.0277,3
5805,g98e5,1.895,1.895,1.895,1.8950,3
5807,g95e5,1.769,1.769,1.769,1.7690,3
5807,gA,1.915,1.905,1.915,1.9117,3
5807,g98e5,1.889,1.889,1.889,1.8890,3
5808,g95e5,1.759,1.749,1.759,1.7557,3
5808,gA,1.899,1.895,1.899,1.8977,3
5808,gP,1.959,1.955,1.959,1.9577,3
5808,g98e5,1.929,1.919,1.929,1.9257,3
5809,g95e5,1.719,1.719,1.719,1.7190,3
5809,gA,1.935,1.929,1.935,1.9330,3
5809,g98e5,1.889,1.889,1.889,1.8890,3
5809,gB,1.694,1.689,1.694,1.6923,3
5811,g95e5,1.749,1.749,1.749,1.7490,2
5811,gA,1.879,1.879,1.879,1.8790,2
5811,gP,1.969,1.969,1.969,1.9690,2
5811,g98e5,1.885,1.885,1.885,1.8850,2
5814,g95e5,1.769,1.759,1.769,1.7615,4
5814,gA,1.929,1.899,1.929,1.9065,4
5814,gP,1.989,1.959,1.989,1.9665,4
5816,g95e5,1.769,1.755,1.769,1.7655,4
5816,gA,1.975,1.959,1.975,1.9710,4
5816,gP,2.035,2.035,2.035,2.0350,3
5816,g98e5,1.939,1.939,1.939,1.9390,3
5819,g95e5,1.759,1.759,1.759,1.7590,2
5819,gA,1.839,1.839,1.839,1.8390,2
5821,g95e5,1.699,1.699,1.699,1.6990,3
5821,gA,1.899,1.899,1.899,1.8990,3
5821,gP,1.949,1.949,1.949,1.9490,3
5822,g95e5,1.789,1.769,1.789,1.7790,2
5822,gP,2.079,2.059,2.079,2.0690,2
5822,g98e5,1.909,1.889,1.909,1.8990,2
5824,gA,1.789,1.769,1.789,1.7757,3
5824,gP,1.839,1.819,1.839,1.8257,3
5826,g95e5,1.669,1.669,1.669,1.6690,4
5826,gA,1.799,1.799,1.799,1.7990,4
5826,gB,1.389,1.389,1.389,1.3890,4
5829,g95e5,1.789,1.789,1.789,1.7890,3
5829,gA,1.919,1.919,1.919,1.9190,3
5829,gP,1.969,1.969,1.969,1.9690,3
5833,g95e5,1.779,1.779,1.779,1.7790,3
5833,gA,1.899,1.899,1.899,1.8990,3
5833,gP,1.959,1.959,1.959,1.9590,3
5833,g98e5,1.989,1.989,1.989,1.9890,3
5833,gB,1.579,1.579,1.579,1.5790,3
5837,g95e5,1.729,1.729,1.729,1.7290,3
5837,gA,1.819,1.819,1.819,1.8190,3
5837,gP,1.879,1.879,1.879,1.8790,3
5837,gB,1.599,1.599,1.599,1.5990,3
5839,g95e5,1.750,1.740,1.750,1.7433,3
5839,gA,1.900,1.890,1.900,1.8933,3
5842,gA,1.969,1.959,1.969,1.9615,4
5842,gP,2.039,2.029,2.039,2.0315,4
5845,g95e5,2.039,2.039,2.039,2.0390,3
5845,gA,2.199,2.179,2.199,2.1857,3
5845,gP,2.259,2.259,2.259,2.2590,3
5845,g98e5,2.259,2.219,2.259,2.2323,3
5847,g95e5,1.679,1.659,1.679,1.6640,4
5848,g95e5,1.659,1.649,1.659,1.6515,4
5849,g95e5,1.659,1.659,1.659,1.6590,2
5849,gA,1.769,1.769,1.769,1.7690,2
5849,gB,1.499,1.499,1.499,1.4990,2
5850,g95e5,1.739,1.739,1.749,1.7440,2
5850,gA,1.899,1.859,1.899,1.8790,3
5850,gP,1.939,1.899,1.939,1.9190,3
5850,g98e5,1.859,1.859,1.859,1.8590,2
5851,g95e5,1.699,1.699,1.729,1.7090,3
5851,gA,1.889,1.879,1.889,1.8840,2
5851,gP,1.929,1.919,1.929,1.9240,2
5851,g98e5,1.889,1.889,1.889,1.8890,2
5852,g95e5,1.739,1.739,1.749,1.7440,2
5852,gA,1.899,1.859,1.899,1.8790,3
5852,gP,1.939,1.899,1.939,1.9190,3
5852,g98e5,1.859,1.859,1.859,1.8590,2
5853,gA,1.879,1.859,1.879,1.8690,3
5853,gP,1.919,1.899,1.919,1.9090,3
5854,g95e5,1.739,1.739,1.759,1.7457,3
5854,gA,1.929,1.919,1.929,1.9240,2
5854,gP,1.969,1.959,1.969,1.9640,2
5855,gA,1.959,1.949,1.959,1.9540,2
5855,gP,1.999,1.989,1.999,1.9940,2
5855,g98e5,1.929,1.929,1.929,1.9290,2
5859,gA,1.905,1.905,1.905,1.9050,3
5859,gB,1.614,1.609,1.614,1.6123,3
5864,g95e5,1.659,1.659,1.659,1.6590,3
5864,gA,1.799,1.779,1.799,1.7857,3
5865,g95e5,1.709,1.709,1.709,1.7090,3
5865,gA,1.815,1.815,1.815,1.8150,3
5865,gP,1.819,1.819,1.819,1.8190,3
5866,g95e5,1.759,1.759,1.759,1.7590,3
5866,gA,1.909,1.909,1.909,1.9090,3
5866,gP,2.019,2.019,2.019,2.0190,3
5866,g98e5,1.929,1.929,1.929,1.9290,3
5870,g95e5,1.795,1.795,1.795,1.7950,3
5870,gA,1.939,1.939,1.939,1.9390,2
5870,g98e5,1.915,1.915,1.915,1.9150,3
5870,glp,1.175,1.175,1.175,1.1750,2
5872,gA,1.964,1.964,1.964,1.9640,2
5872,gP,2.034,2.034,2.034,2.0340,2
5872,gB,1.634,1.634,1.634,1.6340,2
5874,gA,2.004,1.984,2.004,1.9907,3
5874,gP,2.084,2.064,2.084,2.0707,3
5876,g95e5,1.784,1.784,1.784,1.7840,4
5876,gA,1.994,1.974,1.994,1.9840,4
5876,gP,2.074,2.054,2.074,2.0640,4
5876,g95e5p,1.904,1.904,1.904,1.9040,4
5877,g95e5,1.784,1.784,1.784,1.7840,3
5877,gA,1.994,1.974,1.994,1.9840,4
5877,gP,2.074,2.054,2.074,2.0640,4
5877,g95e5p,1.874,1.874,1.874,1.8740,3
5881,g95e5,1.745,1.745,1.749,1.7463,3
5881,gA,1.905,1.905,1.905,1.9050,2
5881,gP,2.015,2.015,2.015,2.0150,2
5884,gA,1.909,1.909,1.909,1.9090,3
5884,gP,1.999,1.999,1.999,1.9990,3
5884,g98e5,1.899,1.899,1.899,1.8990,3
5885,gA,1.915,1.907,1.915,1.9097,3
5890,g95e5,1.779,1.759,1.779,1.7723,3
5890,gA,1.985,1.985,1.989,1.9863,3
5890,gP,2.045,2.045,2.049,2.0463,3
5890,gB,1.600,1.595,1.600,1.5983,3
5898,g95e5,1.779,1.779,1.779,1.7790,2
5898,gA,1.939,1.939,1.939,1.9390,2
5898,gP,2.029,2.029,2.039,2.0323,3
5899,gA,1.700,1.700,1.700,1.7000,2
5900,g95e5,1.729,1.729,1.729,1.7290,3
5900,gP,2.015,2.015,2.015,2.0150,3
5900,g98e5,1.899,1.899,1.899,1.8990,3
5901,g95e5,1.595,1.595,1.595,1.5950,2
5901,gA,1.769,1.769,1.769,1.7690,2
5901,gP,1.819,1.819,1.819,1.8190,2
5902,g95e5,1.779,1.779,1.779,1.7790,2
5902,gA,1.969,1.969,1.969,1.9690,2
5902,gP,2.059,2.059,2.059,2.0590,2
5902,gB,1.639,1.639,1.639,1.6390,2
5903,g95e5,1.795,1.795,1.795,1.7950,3
5903,gA,1.939,1.939,1.939,1.9390,3
5903,g98e5,1.965,1.965,1.965,1.9650,3
5903,glp,1.179,1.179,1.179,1.1790,2
5906,g95e5,1.729,1.729,1.729,1.7290,3
5906,gA,1.905,1.905,1.905,1.9050,3
5906,gP,2.005,2.005,2.005,2.0050,3
5906,gB,1.570,1.565,1.570,1.5683,3
5907,g95e5,1.739,1.739,1.739,1.7390,3
5907,gA,1.939,1.935,1.939,1.9377,3
5907,gP,2.039,2.039,2.039,2.0390,2
5909,g95e5,1.729,1.729,1.729,1.7290,3
5909,gA,1.919,1.915,1.919,1.9177,3
5909,gP,2.029,2.025,2.029,2.0277,3
5910,g95e5,1.769,1.759,1.769,1.7657,3
5910,gA,1.959,1.959,1.959,1.9590,2
5910,gP,2.049,2.039,2.049,2.0457,3
5915,g95e5,1.774,1.774,1.774,1.7740,4
5915,gA,1.964,1.944,1.964,1.9540,4
5915,gP,2.054,2.034,2.054,2.0440,4
5915,g95e5p,1.834,1.834,1.834,1.8340,4
5916,g95e5,1.795,1.795,1.795,1.7950,3
5916,gA,1.995,1.989,1.995,1.9930,3
5919,g95e5,1.774,1.774,1.774,1.7740,3
5919,gA,1.914,1.914,1.914,1.9140,3
5919,gP,2.034,2.034,2.034,2.0340,3
5919,g98e5,1.934,1.934,1.934,1.9340,3
5920,g95e5,1.735,1.735,1.735,1.7350,3
5920,gA,1.929,1.925,1.929,1.9277,3
5920,gB,1.570,1.565,1.570,1.5683,3
5923,g95e5,1.729,1.729,1.729,1.7290,3
5923,gA,1.919,1.905,1.919,1.9143,3
5925,g95e5,1.729,1.729,1.729,1.7290,3
5925,gA,1.905,1.905,1.905,1.9050,3
5925,gP,2.015,2.015,2.015,2.0150,3
5926,g95e5,1.729,1.729,1.729,1.7290,3
5926,gA,1.905,1.905,1.905,1.9050,3
5928,g95e5,1.729,1.729,1.729,1.7290,3
5928,gA,1.905,1.905,1.905,1.9050,2
5928,gP,1.995,1.995,2.005,1.9983,3
5928,g98e5,1.899,1.899,1.899,1.8990,3
5931,g95e5,1.739,1.729,1.739,1.7365,4
5931,gA,1.969,1.959,1.969,1.9665,4
5931,gP,2.039,2.039,2.039,2.0390,3
5931,g98e5,1.909,1.909,1.909,1.9090,3
5932,g95e5,1.729,1.729,1.729,1.7290,4
5932,gA,1.899,1.849,1.899,1.8740,4
5932,gP,1.989,1.899,1.989,1.9440,4
5932,g98e5,1.829,1.829,1.829,1.8290,4
5932,gB,1.539,1.519,1.539,1.5290,4
5935,g95e5,1.789,1.789,1.789,1.7890,2
5935,gA,1.939,1.939,1.939,1.9390,2
5935,gP,2.009,2.009,2.009,2.0090,2
5935,gB,1.609,1.609,1.609,1.6090,2
5936,g95e5,1.765,1.765,1.765,1.7650,3
5936,gA,1.949,1.939,1.949,1.9457,3
5936,gP,2.059,2.049,2.059,2.0557,3
5936,g98e5,1.895,1.895,1.895,1.8950,3
5937,g95e5,1.779,1.779,1.779,1.7790,2
5937,gA,1.969,1.969,1.969,1.9690,2
5940,g95e5,1.795,1.785,1.795,1.7925,4
5940,gA,1.949,1.925,1.949,1.9395,4
5940,gP,2.059,2.045,2.059,2.0543,3
5940,gB,1.614,1.609,1.614,1.6123,3
5943,g95e5,1.789,1.779,1.789,1.7865,4
5943,gA,1.995,1.969,1.995,1.9860,4
5943,gP,2.055,2.045,2.055,2.0517,3
5943,g98e5,1.959,1.959,1.959,1.9590,3
5944,g95e5,1.719,1.719,1.719,1.7190,3
5944,gA,1.889,1.889,1.889,1.8890,3
5944,gP,1.968,1.968,1.968,1.9680,3
5944,g98e5,1.819,1.819,1.819,1.8190,3
5944,gB,1.661,1.661,1.661,1.6610,3
5945,g95e5,1.739,1.739,1.739,1.7390,3
5945,gA,1.939,1.935,1.939,1.9377,3
5945,g98e5,1.909,1.909,1.909,1.9090,3
5945,gB,1.574,1.569,1.574,1.5723,3
5946,g95e5,1.769,1.769,1.769,1.7690,3
5946,gA,1.979,1.975,1.979,1.9777,3
5946,gP,2.039,2.035,2.039,2.0377,3
5946,g98e5,1.889,1.889,1.889,1.8890,3
5946,glp,1.175,1.175,1.175,1.1750,2
5947,g95e5,1.749,1.745,1.749,1.7480,4
5947,gA,1.939,1.935,1.939,1.9377,3
5947,gP,2.049,2.045,2.049,2.0477,3
5947,g98e5,1.919,1.919,1.919,1.9190,3
5950,g95e5,1.739,1.739,1.745,1.7410,3
5950,gA,1.989,1.985,1.989,1.9877,3
5951,g95e5,1.785,1.785,1.785,1.7850,3
5951,gA,1.995,1.979,1.995,1.9895,4
5951,gP,2.055,2.049,2.055,2.0530,3
5951,g98e5,1.955,1.955,1.955,1.9550,3
5958,g95e5,1.729,1.729,1.729,1.7290,3
5958,gA,1.919,1.915,1.919,1.9177,3
5958,gP,1.999,1.995,1.999,1.9977,3
5962,gA,2.004,2.004,2.004,2.0040,2
5962,gP,2.084,2.084,2.084,2.0840,2
5963,gA,1.869,1.869,1.869,1.8690,3
5968,g95e5,1.774,1.774,1.774,1.7740,3
5968,gA,1.964,1.944,1.964,1.9540,4
5968,gP,2.044,2.024,2.044,2.0340,4
5969,g95e5,1.799,1.789,1.799,1.7965,4
5969,gA,1.979,1.965,1.979,1.9745,4
5969,gP,2.039,2.035,2.039,2.0377,3
5969,g98e5,1.919,1.919,1.919,1.9190,3
5970,g95e5,1.799,1.789,1.799,1.7965,4
5970,gA,1.979,1.965,1.979,1.9745,4
5970,gP,2.039,2.035,2.039,2.0377,3
5970,g98e5,1.919,1.919,1.919,1.9190,3
5973,gA,1.959,1.959,1.959,1.9590,2
5973,gP,2.059,2.059,2.059,2.0590,2
5974,g95e5,1.769,1.769,1.769,1.7690,2
5974,gA,1.959,1.959,1.959,1.9590,3
5974,gP,2.049,2.049,2.049,2.0490,3
5974,g98e5,1.909,1.909,1.909,1.9090,2
5975,g95e5,1.815,1.795,1.815,1.8083,3
5975,gA,1.925,1.925,1.925,1.9250,2
5975,gP,1.985,1.985,1.985,1.9850,2
5975,g98e5,1.955,1.935,1.955,1.9483,3
5977,g95e5,1.739,1.735,1.739,1.7377,3
5977,gA,1.915,1.915,1.915,1.9150,3
5977,gP,2.015,2.015,2.015,2.0150,3
5978,g95e5,1.729,1.729,1.729,1.7290,2
5978,gA,1.969,1.949,1.969,1.9623,3
5978,g98e5,1.899,1.899,1.899,1.8990,2
5980,g95e5,1.819,1.799,1.819,1.8057,3
5980,gA,1.969,1.949,1.969,1.9557,3
5981,g95e5,1.819,1.799,1.819,1.8057,3
5981,gA,1.969,1.949,1.969,1.9557,3
5982,g95e5,1.789,1.789,1.789,1.7890,3
5982,gA,1.879,1.879,1.879,1.8790,3
5982,g98e5,1.959,1.959,1.959,1.9590,3
5983,g95e5,1.805,1.805,1.805,1.8050,3
5983,gA,1.915,1.909,1.915,1.9130,3
5983,gP,1.975,1.969,1.975,1.9730,3
5983,glp,1.169,1.169,1.169,1.1690,2
5984,g95e5,1.805,1.805,1.805,1.8050,3
5984,gA,1.915,1.909,1.915,1.9130,3
5984,gP,1.975,1.969,1.975,1.9730,3
5984,g98e5,1.925,1.925,1.925,1.9250,3
5986,g95e5,1.819,1.819,1.819,1.8190,3
5986,gA,1.919,1.919,1.919,1.9190,3
5986,gP,1.979,1.979,1.979,1.9790,3
5986,g98e5,1.949,1.949,1.949,1.9490,3
5986,glp,1.195,1.195,1.195,1.1950,2
5988,g95e5,1.739,1.739,1.745,1.7410,3
5988,gA,1.919,1.915,1.919,1.9177,3
5988,g98e5,1.909,1.909,1.915,1.9110,3
5989,g95e5,1.789,1.789,1.799,1.7923,3
5989,gA,1.895,1.895,1.899,1.8963,3
5990,g95e5,1.789,1.789,1.789,1.7890,2
5990,gA,1.939,1.929,1.939,1.9340,2
5990,gP,1.999,1.989,1.999,1.9940,2
5990,g98e5,1.919,1.919,1.919,1.9190,2
5990,gB,1.589,1.589,1.589,1.5890,2
5991,g95e5,1.814,1.814,1.814,1.8140,4
5991,gA,1.924,1.904,1.924,1.9140,4
5991,gP,2.024,2.004,2.024,2.0140,4
5993,g95e5,1.829,1.829,1.829,1.8290,3
5993,gA,1.929,1.929,1.929,1.9290,3
5993,g98e5,1.959,1.959,1.959,1.9590,3
5994,g95e5,1.829,1.829,1.829,1.8290,3
5994,gA,1.929,1.929,1.929,1.9290,3
5994,gP,1.989,1.989,1.989,1.9890,3
5994,g98e5,1.959,1.959,1.959,1.9590,3
5995,g95e5,1.735,1.735,1.735,1.7350,3
5995,gA,1.915,1.909,1.915,1.9130,3
5995,gP,2.025,2.019,2.025,2.0230,3
5995,g98e5,1.905,1.905,1.905,1.9050,3
5996,g95e5,1.809,1.799,1.809,1.8023,3
5996,gA,1.969,1.949,1.969,1.9557,3
5996,g98e5,1.939,1.909,1.939,1.9190,3
5998,g95e5,1.819,1.819,1.819,1.8190,3
5998,gA,1.885,1.865,1.885,1.8760,4
5998,gP,1.945,1.929,1.945,1.9397,3
5998,g98e5,1.979,1.979,1.979,1.9790,3
5999,g95e5,1.745,1.745,1.745,1.7450,3
5999,gA,1.945,1.935,1.945,1.9417,3
5999,gP,2.005,1.995,2.005,2.0017,3
5999,g98e5,1.915,1.915,1.915,1.9150,3
6000,g95e5,1.745,1.745,1.745,1.7450,3
6000,gA,1.945,1.935,1.945,1.9417,3
6000,gP,2.005,1.995,2.005,2.0017,3
6000,g98e5,1.915,1.915,1.915,1.9150,3
6004,g95e5,1.819,1.809,1.819,1.8140,2
6004,gA,1.919,1.909,1.919,1.9140,2
6004,g98e5,1.979,1.969,1.979,1.9740,2
6004,gB,1.609,1.599,1.609,1.6040,2
6006,g95e5,1.809,1.807,1.809,1.8083,4
6006,gA,1.894,1.894,1.894,1.8940,2
6006,gP,1.954,1.954,1.954,1.9540,2
6010,g95e5,1.755,1.755,1.755,1.7550,3
6010,gA,1.949,1.949,1.949,1.9490,3
6010,gP,2.009,2.009,2.009,2.0090,3
6011,g95e5,1.809,1.809,1.809,1.8090,3
6011,gA,1.889,1.869,1.889,1.8823,3
6011,gP,1.999,1.979,1.999,1.9923,3
6011,g98e5,1.979,1.979,1.979,1.9790,3
6012,g95e5,1.769,1.759,1.769,1.7657,3
6012,gA,1.929,1.919,1.929,1.9257,3
6012,gP,1.959,1.949,1.959,1.9557,3
6012,g98e5,1.899,1.899,1.899,1.8990,3
6013,g95e5,1.749,1.729,1.749,1.7423,3
6013,gA,1.889,1.879,1.889,1.8857,3
6013,gP,1.919,1.899,1.919,1.9123,3
6016,g95e5,1.745,1.745,1.745,1.7450,2
6016,gA,1.935,1.935,1.935,1.9350,2
6016,gP,2.015,2.015,2.015,2.0150,2
6018,g95e5,1.805,1.805,1.805,1.8050,2
6018,gA,1.905,1.905,1.905,1.9050,2
6018,g98e5,1.995,1.995,1.995,1.9950,2
6021,g95e5,1.755,1.755,1.755,1.7550,2
6021,gA,1.959,1.945,1.959,1.9543,3
6021,gP,2.049,2.035,2.049,2.0443,3
6021,g98e5,1.895,1.895,1.895,1.8950,2
6022,g95e5,1.755,1.755,1.755,1.7550,2
6022,gA,1.959,1.945,1.959,1.9543,3
6022,gP,2.049,2.035,2.049,2.0443,3
6023,g95e5,1.799,1.799,1.799,1.7990,3
6023,gA,1.949,1.949,1.955,1.9510,3
6023,g98e5,1.969,1.969,1.969,1.9690,3
6024,g95e5,1.739,1.739,1.755,1.7443,3
6024,gA,1.949,1.939,1.949,1.9457,3
6024,g98e5,1.909,1.909,1.925,1.9143,3
6024,gB,1.640,1.635,1.640,1.6383,3
6025,g95e5,1.859,1.859,1.865,1.8620,2
6026,g95e5,1.859,1.859,1.865,1.8620,2
6027,g95e5,1.739,1.739,1.739,1.7390,3
6027,gA,1.935,1.935,1.935,1.9350,3
6027,g98e5,1.889,1.889,1.889,1.8890,3
6027,gB,1.614,1.609,1.614,1.6123,3
6028,g95e5,1.775,1.775,1.779,1.7763,3
6028,gA,1.889,1.875,1.889,1.8843,3
6028,gB,1.570,1.565,1.570,1.5683,3
6029,g95e5,1.735,1.735,1.735,1.7350,3
6029,gA,1.929,1.929,1.935,1.9310,3
6029,gP,2.009,2.009,2.015,2.0110,3
6030,g95e5,1.745,1.745,1.745,1.7450,3
6030,gA,1.939,1.939,1.939,1.9390,3
6030,gP,1.999,1.999,1.999,1.9990,3
6030,g98e5,1.915,1.915,1.915,1.9150,3
6032,g95e5,1.735,1.735,1.735,1.7350,3
6032,gA,1.915,1.915,1.915,1.9150,2
6032,gP,1.975,1.975,1.975,1.9750,2
6034,g95e5,1.735,1.735,1.735,1.7350,3
6034,gA,1.929,1.929,1.929,1.9290,3
6034,gP,1.999,1.999,1.999,1.9990,3
6037,g95e5,1.749,1.749,1.755,1.7510,3
6037,gA,1.925,1.925,1.925,1.9250,2
6038,g95e5,1.779,1.759,1.779,1.7740,4
6038,gA,1.889,1.869,1.889,1.8790,4
6038,g98e5,1.899,1.899,1.899,1.8990,3
6038,glp,1.195,1.195,1.195,1.1950,2
6039,g95e5,1.749,1.749,1.749,1.7490,3
6039,gA,1.939,1.939,1.945,1.9410,3
6039,gP,1.999,1.999,2.005,2.0010,3
6039,g98e5,1.919,1.919,1.919,1.9190,3
6040,g95e5,1.749,1.749,1.749,1.7490,3
6040,gA,1.939,1.939,1.945,1.9410,3
6040,gP,1.999,1.999,2.005,2.0010,3
6040,g98e5,1.919,1.919,1.919,1.9190,3
6041,g95e5,1.799,1.799,1.799,1.7990,3
6041,gA,1.919,1.905,1.919,1.9143,3
6041,gP,1.979,1.965,1.979,1.9743,3
6041,g98e5,1.969,1.969,1.969,1.9690,3
6042,g95e5,1.775,1.775,1.775,1.7750,3
6042,gA,1.895,1.879,1.895,1.8897,3
6042,g98e5,1.945,1.945,1.945,1.9450,3
6042,gB,1.574,1.569,1.574,1.5723,3
6043,g95e5,1.735,1.735,1.735,1.7350,3
6043,gA,1.939,1.919,1.939,1.9323,3
6043,gP,2.049,2.029,2.049,2.0423,3
6043,g98e5,1.905,1.905,1.905,1.9050,3
6048,g95e5,1.735,1.735,1.745,1.7383,3
6048,gA,1.979,1.959,1.979,1.9723,3
6052,g95e5,1.775,1.775,1.775,1.7750,3
6052,gA,1.879,1.869,1.879,1.8757,3
6053,g95e5,1.819,1.819,1.819,1.8190,3
6053,gA,1.919,1.919,1.919,1.9190,3
6053,gP,1.979,1.979,1.979,1.9790,3
6053,g98e5,1.949,1.949,1.949,1.9490,3
6054,g95e5,1.775,1.775,1.775,1.7750,3
6054,gA,1.879,1.869,1.879,1.8757,3
6054,gP,1.989,1.979,1.989,1.9857,3
6055,g95e5,1.755,1.755,1.755,1.7550,3
6055,gA,1.945,1.939,1.945,1.9430,3
6055,g98e5,1.925,1.925,1.925,1.9250,3
6056,g95e5,1.745,1.745,1.745,1.7450,3
6056,gA,1.919,1.915,1.919,1.9177,3
6056,gP,1.979,1.975,1.979,1.9777,3
6056,g98e5,1.865,1.865,1.865,1.8650,3
6056,g95e5p,1.805,1.805,1.805,1.8050,3
6057,g95e5,1.755,1.755,1.755,1.7550,3
6057,gA,1.959,1.949,1.959,1.9523,3
6057,gP,2.009,2.009,2.009,2.0090,3
6057,g98e5,1.885,1.885,1.885,1.8850,3
6057,glp,1.185,1.185,1.185,1.1850,2
6058,g95e5,1.739,1.739,1.739,1.7390,3
6058,gA,1.979,1.939,1.979,1.9640,4
6058,g98e5,1.909,1.909,1.909,1.9090,3
6058,glp,1.179,1.179,1.179,1.1790,2
6059,g95e5,1.809,1.809,1.809,1.8090,3
6059,gA,1.899,1.899,1.899,1.8990,3
6059,gP,1.959,1.959,1.959,1.9590,3
6059,g98e5,1.929,1.929,1.929,1.9290,3
6059,glp,1.195,1.195,1.195,1.1950,2
6061,g95e5,1.755,1.745,1.755,1.7525,4
6061,gA,1.915,1.915,1.925,1.9185,4
6061,gP,1.975,1.975,1.985,1.9783,3
6061,g98e5,1.875,1.875,1.875,1.8750,3
6062,g95e5,1.755,1.755,1.755,1.7550,3
6062,gA,1.915,1.915,1.925,1.9185,4
6062,gP,1.975,1.975,1.985,1.9783,3
6062,g98e5,1.875,1.875,1.875,1.8750,3
6065,gA,1.974,1.954,1.974,1.9607,3
6066,g95e5,1.754,1.754,1.754,1.7540,3
6066,gA,1.954,1.934,1.954,1.9473,3
6066,gP,2.034,2.014,2.034,2.0273,3
6067,g95e5,1.754,1.754,1.754,1.7540,3
6067,gA,1.974,1.954,1.974,1.9673,3
6067,gP,2.054,2.034,2.054,2.0473,3
6068,gA,1.929,1.909,1.929,1.9157,3
6068,gP,2.029,2.009,2.029,2.0157,3
6073,gA,1.789,1.789,1.789,1.7890,3
6073,gP,1.799,1.799,1.799,1.7990,3
6075,g95e5,1.699,1.699,1.699,1.6990,3
6075,gA,1.799,1.799,1.799,1.7990,3
6075,gP,1.869,1.869,1.869,1.8690,3
6079,g95e5,1.729,1.729,1.729,1.7290,3
6079,gA,1.879,1.879,1.879,1.8790,3
6079,gP,1.919,1.919,1.919,1.9190,3
6079,g98e5,1.889,1.879,1.889,1.8857,3
6082,g95e5,1.759,1.759,1.759,1.7590,2
6082,gA,1.899,1.899,1.899,1.8990,3
6082,gP,1.939,1.939,1.939,1.9390,3
6082,g98e5,1.949,1.949,1.949,1.9490,2
6085,g95e5,1.619,1.619,1.619,1.6190,2
6086,g95e5,1.704,1.684,1.704,1.6915,4
6086,gA,1.854,1.824,1.854,1.8390,4
6086,gP,1.904,1.874,1.904,1.8890,4
6086,g95e5p,1.754,1.734,1.754,1.7415,4
6087,g95e5,1.779,1.779,1.779,1.7790,3
6087,gA,1.899,1.879,1.899,1.8923,3
6087,gP,1.949,1.929,1.949,1.9423,3
6087,g98e5,1.919,1.919,1.919,1.9190,3
6090,g95e5,1.749,1.739,1.749,1.7440,4
6090,gA,1.939,1.929,1.939,1.9315,4
6090,gP,2.029,2.019,2.029,2.0215,4
6090,g98e5,1.889,1.879,1.889,1.8840,4
6091,g95e5,1.639,1.619,1.639,1.6290,4
6091,gA,1.729,1.709,1.729,1.7190,4
6092,g95e5,1.789,1.769,1.789,1.7757,3
6092,g98e5,1.919,1.919,1.919,1.9190,2
6093,g95e5,1.789,1.769,1.789,1.7757,3
6101,g95e5,1.784,1.784,1.784,1.7840,3
6101,gA,1.944,1.924,1.944,1.9373,3
6101,gP,2.044,2.024,2.044,2.0373,3
6101,g95e5p,1.874,1.874,1.874,1.8740,3
6102,gA,1.959,1.959,1.959,1.9590,2
6102,gP,2.059,2.059,2.059,2.0590,2
6103,gA,1.944,1.944,1.944,1.9440,2
6103,gB,1.624,1.624,1.624,1.6240,2
6107,g95e5,1.824,1.824,1.824,1.8240,4
6107,gA,1.994,1.974,1.994,1.9840,4
6107,gP,2.094,2.074,2.094,2.0840,4
6107,g95e5p,1.884,1.884,1.884,1.8840,4
6107,gB,1.734,1.734,1.734,1.7340,2
6112,g95e5,1.754,1.754,1.754,1.7540,4
6112,gA,1.934,1.914,1.934,1.9240,4
6112,gP,2.014,1.994,2.014,2.0040,4
6113,g95e5,1.784,1.784,1.784,1.7840,3
6113,gA,1.944,1.924,1.944,1.9373,3
6113,gP,2.054,2.034,2.054,2.0473,3
6113,gB,1.864,1.844,1.864,1.8573,3
6116,gA,1.934,1.934,1.934,1.9340,2
6116,gP,2.024,2.024,2.024,2.0240,2
6116,gB,1.674,1.674,1.674,1.6740,2
6120,g95e5,1.754,1.754,1.754,1.7540,3
6120,gA,1.934,1.914,1.934,1.9240,4
6120,gP,2.014,1.994,2.014,2.0040,4
6121,gA,1.924,1.924,1.924,1.9240,2
6121,gP,2.014,2.014,2.014,2.0140,2
6122,gA,1.929,1.919,1.929,1.9257,3
6122,gP,2.029,2.029,2.029,2.0290,2
6128,g95e5,1.814,1.814,1.814,1.8140,3
6128,gA,1.974,1.974,1.974,1.9740,3
6128,gP,2.034,2.034,2.034,2.0340,3
6128,g95e5p,1.874,1.874,1.874,1.8740,3
6131,g95e5,1.754,1.754,1.754,1.7540,4
6131,gA,1.934,1.914,1.934,1.9273,3
6131,gP,1.994,1.974,1.994,1.9873,3
6133,g95e5,1.759,1.755,1.759,1.7577,3
6133,gA,1.939,1.925,1.939,1.9343,3
6133,gP,2.039,2.025,2.039,2.0343,3
6133,g98e5,1.929,1.925,1.929,1.9277,3
6134,gA,1.979,1.959,1.979,1.9657,3
6134,gP,2.075,2.055,2.075,2.0617,3
6136,g95e5,1.705,1.705,1.725,1.7117,3
6136,gA,1.849,1.799,1.849,1.8223,3
6136,gP,1.869,1.819,1.869,1.8423,3
6136,g95e5p,1.725,1.725,1.745,1.7317,3
6138,g95e5,1.824,1.824,1.824,1.8240,3
6138,gA,2.004,2.004,2.004,2.0040,3
6138,gP,2.084,2.084,2.084,2.0840,3
6138,g95e5p,1.914,1.914,1.914,1.9140,3
6139,g95e5,1.639,1.629,1.639,1.6323,3
6139,gA,1.679,1.679,1.689,1.6840,2
6139,gP,1.699,1.699,1.699,1.6990,2
6140,g95e5,1.824,1.824,1.824,1.8240,3
6140,gA,1.994,1.974,1.994,1.9873,3
6140,gP,2.094,2.074,2.094,2.0873,3
6141,g95e5,1.824,1.824,1.824,1.8240,3
6141,gA,1.994,1.974,1.994,1.9873,3
6141,gP,2.094,2.074,2.094,2.0873,3
6144,gA,1.924,1.924,1.924,1.9240,2
6144,gP,2.014,2.014,2.014,2.0140,2
6146,gA,1.969,1.949,1.969,1.9623,3
6146,gP,2.059,2.039,2.059,2.0523,3
6147,gA,1.969,1.949,1.969,1.9623,3
6147,gP,2.059,2.039,2.059,2.0523,3
6148,g95e5,1.824,1.824,1.824,1.8240,4
6148,gA,1.994,1.974,1.994,1.9840,4
6148,gP,2.094,2.074,2.094,2.0840,4
6148,g95e5p,1.884,1.884,1.884,1.8840,4
6150,g95e5,1.808,1.804,1.808,1.8067,3
6150,gA,1.954,1.934,1.954,1.9473,3
6150,gP,2.064,2.044,2.064,2.0573,3
6150,gB,1.674,1.654,1.674,1.6673,3
6151,g95e5,1.784,1.784,1.784,1.7840,3
6151,gA,1.929,1.929,1.929,1.9290,3
6151,gP,2.029,2.029,2.029,2.0290,3
6154,gA,1.909,1.895,1.909,1.9030,3
6154,gP,2.029,2.015,2.029,2.0230,3
6156,gA,1.919,1.919,1.919,1.9190,3
6160,g95e5,1.759,1.759,1.759,1.7590,2
6160,gA,1.899,1.899,1.899,1.8990,2
6161,g95e5,1.729,1.729,1.729,1.7290,3
6161,gA,1.859,1.829,1.859,1.8390,3
6161,gP,1.879,1.849,1.879,1.8590,3
6161,g95e5p,1.749,1.749,1.749,1.7490,3
6163,g95e5,1.754,1.754,1.754,1.7540,4
6163,gA,1.934,1.914,1.934,1.9240,4
6163,gP,2.014,1.994,2.014,2.0040,4
6163,g95e5p,1.844,1.844,1.844,1.8440,4
6164,g95e5,1.769,1.765,1.769,1.7680,4
6164,gA,1.909,1.909,1.915,1.9110,3
6164,gP,1.969,1.969,1.975,1.9710,3
6164,glp,1.165,1.165,1.165,1.1650,2
6164,gB,1.610,1.605,1.610,1.6083,3
6165,g95e5,1.824,1.824,1.824,1.8240,4
6165,gA,1.994,1.974,1.994,1.9873,3
6165,gP,2.094,2.074,2.094,2.0873,3
6165,g95e5p,1.884,1.884,1.884,1.8840,4
6166,g95e5,1.799,1.789,1.799,1.7915,4
6166,gA,1.939,1.919,1.939,1.9265,4
6166,gP,1.989,1.969,1.989,1.9765,4
6166,g98e5,1.939,1.929,1.939,1.9315,4
6168,g95e5,1.815,1.815,1.815,1.8150,2
6168,gA,1.979,1.969,1.979,1.9757,3
6168,gP,2.059,2.049,2.059,2.0557,3
6170,g95e5,1.739,1.729,1.739,1.7365,4
6170,gA,1.905,1.889,1.905,1.8995,4
6170,gP,1.965,1.959,1.965,1.9630,3
6170,g98e5,1.899,1.899,1.899,1.8990,3
6173,g95e5,1.804,1.804,1.804,1.8040,4
6173,gA,1.994,1.974,1.994,1.9840,4
6173,gP,2.094,2.074,2.094,2.0840,4
6173,g95e5p,1.894,1.894,1.894,1.8940,4
6176,g95e5,1.825,1.809,1.825,1.8210,4
6176,gA,1.979,1.969,1.979,1.9757,3
6176,g98e5,1.995,1.995,1.995,1.9950,3
6177,g95e5,1.714,1.714,1.714,1.7140,4
6177,gA,1.894,1.884,1.894,1.8915,4
6177,gP,1.984,1.974,1.984,1.9815,4
6177,g98e5,1.854,1.854,1.854,1.8540,4
6177,gB,1.644,1.644,1.644,1.6440,4
6178,g95e5,1.835,1.835,1.855,1.8483,3
6178,gA,1.955,1.955,1.995,1.9750,4
6178,g98e5,2.005,2.005,2.055,2.0383,3
6178,gB,1.685,1.685,1.695,1.6917,3
6179,gA,1.949,1.939,1.949,1.9457,3
6179,gP,2.039,2.019,2.039,2.0323,3
6180,g95e5,1.779,1.779,1.779,1.7790,2
6180,gA,1.929,1.919,1.929,1.9243,3
6180,gP,1.989,1.979,1.989,1.9843,3
6180,g95e5p,1.839,1.839,1.839,1.8390,2
6181,g95e5,1.825,1.809,1.825,1.8210,4
6181,gA,1.975,1.959,1.975,1.9685,4
6181,g98e5,1.945,1.945,1.945,1.9450,3
6181,g95e5p,1.895,1.895,1.895,1.8950,3
6182,g95e5,1.785,1.785,1.785,1.7850,3
6182,gA,1.945,1.935,1.945,1.9417,3
6182,gP,2.035,2.025,2.035,2.0317,3
6182,g98e5,1.955,1.955,1.955,1.9550,3
6183,g95e5,1.785,1.785,1.789,1.7863,3
6183,gA,1.945,1.935,1.945,1.9417,3
6183,gP,2.025,2.015,2.025,2.0217,3
6183,g98e5,1.955,1.955,1.959,1.9563,3
6185,g95e5,1.699,1.699,1.699,1.6990,3
6185,gA,1.799,1.799,1.799,1.7990,3
6185,gP,1.809,1.809,1.809,1.8090,3
6185,g95e5p,1.709,1.709,1.709,1.7090,3
6186,g95e5,1.819,1.819,1.825,1.8210,3
6186,gA,1.979,1.969,1.979,1.9757,3
6187,gA,1.919,1.919,1.919,1.9190,2
6187,gP,1.989,1.989,1.989,1.9890,2
6188,g95e5,1.819,1.819,1.825,1.8210,3
6188,gA,1.965,1.959,1.965,1.9630,3
6188,gP,2.025,2.019,2.025,2.0230,3
6188,g98e5,1.989,1.989,1.995,1.9910,3
6189,g95e5,1.769,1.769,1.769,1.7690,2
6189,gA,1.909,1.899,1.909,1.9040,2
6189,gB,1.589,1.589,1.589,1.5890,2
6190,g95e5,1.849,1.839,1.849,1.8457,3
6190,gA,1.949,1.949,1.949,1.9490,3
6190,g98e5,1.939,1.939,1.959,1.9490,3
6193,gA,1.948,1.948,1.948,1.9480,2
6194,g95e5,1.805,1.805,1.805,1.8050,3
6194,gA,1.949,1.939,1.949,1.9457,3
6194,gP,2.059,2.049,2.059,2.0557,3
6194,g98e5,1.975,1.975,1.975,1.9750,3
6195,g95e5,1.779,1.775,1.779,1.7777,3
6195,gA,1.919,1.915,1.919,1.9177,3
6195,gP,2.029,2.025,2.029,2.0277,3
6196,g95e5,1.818,1.818,1.818,1.8180,3
6196,gA,1.977,1.958,1.977,1.9643,3
6196,g98e5,1.966,1.966,1.966,1.9660,3
6197,g95e5,1.839,1.825,1.839,1.8355,4
6197,gA,1.949,1.945,1.959,1.9505,4
6197,gP,2.019,2.019,2.029,2.0223,3
6197,g98e5,2.009,2.009,2.009,2.0090,3
6197,glp,1.125,1.125,1.125,1.1250,2
6198,g95e5,1.809,1.799,1.809,1.8065,4
6198,gA,1.949,1.935,1.949,1.9430,4
6198,gP,2.009,1.999,2.009,2.0057,3
6198,g98e5,1.979,1.979,1.979,1.9790,3
6198,g95e5p,1.879,1.879,1.879,1.8790,3
6199,g95e5,1.799,1.799,1.799,1.7990,3
6199,gA,1.949,1.939,1.949,1.9457,3
6199,gP,1.999,1.999,1.999,1.9990,3
6199,g98e5,1.959,1.949,1.959,1.9557,3
6202,g95e5,1.829,1.829,1.829,1.8290,3
6202,gA,1.989,1.979,1.989,1.9857,3
6202,g98e5,1.969,1.969,1.969,1.9690,3
6203,g95e5,1.809,1.809,1.809,1.8090,2
6203,gA,1.959,1.959,1.959,1.9590,2
6203,gP,2.029,2.009,2.029,2.0190,3
6203,g98e5,1.979,1.969,1.979,1.9757,3
6204,g95e5,1.789,1.789,1.795,1.7910,3
6204,gA,1.949,1.949,1.949,1.9490,2
6204,g98e5,1.959,1.959,1.965,1.9610,3
6205,g95e5,1.759,1.759,1.759,1.7590,2
6205,gA,1.919,1.909,1.919,1.9140,2
6205,gP,1.989,1.979,1.989,1.9840,2
6205,g98e5,1.949,1.949,1.949,1.9490,2
6206,g95e5,1.759,1.759,1.759,1.7590,2
6206,gA,1.915,1.909,1.915,1.9130,3
6206,g98e5,1.929,1.929,1.929,1.9290,2
6207,g95e5,1.755,1.755,1.755,1.7550,3
6207,gA,1.945,1.945,1.945,1.9450,2
6207,gP,2.055,2.055,2.055,2.0550,2
6207,g98e5,1.925,1.925,1.925,1.9250,3
6207,glp,1.179,1.179,1.179,1.1790,2
6208,g95e5,1.759,1.759,1.759,1.7590,3
6208,gA,1.915,1.915,1.915,1.9150,3
6208,gB,1.630,1.625,1.630,1.6283,3
6210,g95e5,1.629,1.629,1.629,1.6290,2
6210,gA,1.769,1.769,1.769,1.7690,2
6210,gB,1.379,1.379,1.379,1.3790,2
6211,g95e5,1.759,1.755,1.759,1.7577,3
6211,gA,1.929,1.925,1.929,1.9277,3
6211,gP,2.039,2.035,2.039,2.0377,3
6211,g98e5,1.929,1.925,1.929,1.9277,3
6211,glp,1.175,1.175,1.175,1.1750,2
6215,g95e5,1.755,1.755,1.759,1.7563,3
6215,gA,1.919,1.905,1.919,1.9143,3
6215,g98e5,1.925,1.925,1.929,1.9263,3
6217,g95e5,1.789,1.785,1.789,1.7877,3
6217,gA,1.939,1.935,1.939,1.9377,3
6218,gA,1.789,1.789,1.789,1.7890,3
6220,g95e5,1.809,1.809,1.809,1.8090,3
6220,gA,1.955,1.949,1.955,1.9530,3
6220,gP,2.035,2.029,2.035,2.0330,3
6220,g98e5,1.979,1.979,1.979,1.9790,3
6222,g95e5,1.819,1.819,1.825,1.8210,3
6222,gA,1.965,1.959,1.965,1.9630,3
6222,gP,2.025,2.019,2.025,2.0230,3
6222,g98e5,1.989,1.989,1.995,1.9910,3
6222,g95e5p,1.899,1.899,1.905,1.9010,3
6223,gA,1.899,1.899,1.899,1.8990,2
6225,g95e5,1.735,1.735,1.735,1.7350,3
6225,gA,1.915,1.915,1.915,1.9150,2
6225,gP,2.025,2.025,2.025,2.0250,2
6225,g98e5,1.905,1.905,1.905,1.9050,3
6226,gA,1.848,1.848,1.848,1.8480,2
6226,gP,1.849,1.849,1.849,1.8490,2
6226,gB,1.588,1.588,1.588,1.5880,2
6227,g95e5,1.835,1.835,1.835,1.8350,3
6227,gA,1.985,1.979,1.985,1.9830,3
6227,g98e5,1.975,1.975,1.975,1.9750,3
6228,g95e5,1.859,1.859,1.859,1.8590,3
6228,gA,1.939,1.939,1.939,1.9390,3
6228,gP,1.979,1.979,1.979,1.9790,3
6228,g98e5,1.989,1.989,1.989,1.9890,3
6230,g95e5,1.759,1.759,1.759,1.7590,3
6230,gA,1.935,1.935,1.939,1.9363,3
6230,gP,1.995,1.995,1.999,1.9963,3
6230,g98e5,1.929,1.929,1.929,1.9290,3
6232,g95e5,1.765,1.765,1.769,1.7663,3
6232,gA,1.925,1.925,1.925,1.9250,3
6232,g98e5,1.935,1.935,1.939,1.9363,3
6233,g95e5,1.825,1.825,1.825,1.8250,3
6233,gA,1.975,1.969,1.975,1.9730,3
6233,g98e5,1.945,1.945,1.945,1.9450,3
6233,glp,1.119,1.119,1.119,1.1190,2
6236,g95e5,1.779,1.779,1.779,1.7790,3
6236,gA,1.959,1.955,1.959,1.9577,3
6236,gP,2.019,2.015,2.019,2.0177,3
6236,g98e5,1.949,1.949,1.949,1.9490,3
6238,g95e5,1.755,1.745,1.755,1.7525,4
6238,gA,1.949,1.935,1.949,1.9445,4
6238,gP,2.009,2.005,2.009,2.0077,3
6238,g98e5,1.925,1.925,1.925,1.9250,3
6238,glp,1.189,1.189,1.189,1.1890,2
6238,gB,1.614,1.609,1.614,1.6123,3
6240,g95e5,1.819,1.819,1.819,1.8190,3
6240,gA,1.969,1.965,1.969,1.9677,3
6240,gP,2.079,2.075,2.079,2.0777,3
6241,g95e5,1.809,1.809,1.809,1.8090,3
6241,gA,1.975,1.959,1.975,1.9697,3
6241,gP,2.035,2.019,2.035,2.0297,3
6244,g95e5,1.785,1.785,1.789,1.7863,3
6244,gA,1.945,1.939,1.945,1.9430,3
6246,g95e5,1.789,1.789,1.789,1.7890,3
6246,gA,1.955,1.949,1.955,1.9530,3
6246,g98e5,1.959,1.959,1.959,1.9590,3
6247,g95e5,1.785,1.785,1.785,1.7850,3
6247,gA,1.945,1.939,1.945,1.9430,3
6252,g95e5,1.789,1.789,1.789,1.7890,3
6252,gA,1.979,1.979,1.979,1.9790,2
6252,gP,2.039,2.029,2.039,2.0357,3
6254,gA,1.905,1.899,1.905,1.9020,2
6255,g95e5,1.815,1.799,1.815,1.8110,4
6255,gA,1.969,1.955,1.969,1.9630,4
6255,g98e5,1.935,1.935,1.935,1.9350,3
6255,g95e5p,1.885,1.885,1.885,1.8850,3
6256,gA,1.949,1.949,1.949,1.9490,2
6259,g95e5,1.815,1.815,1.815,1.8150,3
6259,gA,1.959,1.955,1.959,1.9577,3
6259,g98e5,1.985,1.985,1.985,1.9850,3
6260,g95e5,1.825,1.799,1.825,1.8185,4
6260,gA,1.975,1.959,1.975,1.9695,4
6260,g98e5,1.995,1.995,1.995,1.9950,3
6261,g95e5,1.759,1.759,1.759,1.7590,3
6261,gA,1.935,1.935,1.939,1.9363,3
6268,g95e5,1.739,1.739,1.739,1.7390,3
6268,gA,1.905,1.899,1.905,1.9030,3
6268,gP,1.965,1.959,1.965,1.9630,3
6268,g98e5,1.869,1.869,1.869,1.8690,3
6269,g95e5,1.809,1.809,1.809,1.8090,2
6269,gA,1.949,1.949,1.949,1.9490,2
6269,gP,2.009,2.009,2.009,2.0090,2
6270,g95e5,1.809,1.809,1.809,1.8090,2
6270,gA,1.949,1.949,1.949,1.9490,2
6270,gP,2.009,2.009,2.009,2.0090,2
6271,g95e5,1.755,1.755,1.755,1.7550,3
6271,gA,1.929,1.919,1.929,1.9257,3
6271,g98e5,1.925,1.925,1.925,1.9250,3
6273,g95e5,1.679,1.679,1.679,1.6790,3
6273,gA,1.779,1.779,1.779,1.7790,3
6273,gP,1.829,1.829,1.829,1.8290,3
6275,g95e5,1.789,1.775,1.789,1.7855,4
6275,gA,1.959,1.945,1.959,1.9545,4
6275,gP,2.019,2.015,2.019,2.0177,3
6275,g98e5,1.959,1.959,1.959,1.9590,3
6275,gB,1.614,1.609,1.614,1.6123,3
6276,g95e5,1.839,1.835,1.839,1.8377,3
6276,gA,1.969,1.969,1.979,1.9723,3
6276,gP,2.029,2.029,2.039,2.0323,3
6276,g98e5,2.009,2.005,2.009,2.0077,3
6276,g95e5p,1.919,1.915,1.919,1.9177,3
6277,g95e5,1.819,1.799,1.825,1.8155,4
6277,gA,1.969,1.959,1.969,1.9657,3
6277,g98e5,1.989,1.989,1.995,1.9910,3
6277,g95e5p,1.899,1.899,1.905,1.9010,3
6278,g95e5,1.779,1.779,1.779,1.7790,3
6278,gA,1.959,1.955,1.959,1.9577,3
6278,gP,2.019,2.015,2.019,2.0177,3
6278,g98e5,1.949,1.949,1.949,1.9490,3
6279,g95e5,1.789,1.789,1.789,1.7890,3
6279,gA,1.899,1.899,1.899,1.8990,3
6279,gP,1.964,1.964,1.964,1.9640,3
6281,g95e5,1.829,1.809,1.829,1.8190,2
6281,gA,1.949,1.937,1.949,1.9430,2
6281,gP,2.029,2.027,2.029,2.0280,2
6281,g98e5,1.969,1.947,1.969,1.9580,2
6283,g95e5,1.809,1.809,1.809,1.8090,2
6283,gA,1.975,1.965,1.975,1.9717,3
6283,gP,2.045,2.035,2.045,2.0417,3
6283,gB,1.654,1.649,1.654,1.6523,3
6286,g95e5,1.795,1.779,1.795,1.7843,3
6286,gA,1.985,1.975,1.985,1.9783,3
6287,g95e5,1.769,1.769,1.769,1.7690,3
6287,gA,1.939,1.925,1.939,1.9343,3
6287,gP,2.029,2.015,2.029,2.0243,3
6287,g98e5,1.909,1.909,1.909,1.9090,3
6288,g95e5,1.769,1.769,1.769,1.7690,3
6288,gA,1.939,1.925,1.939,1.9343,3
6288,gP,2.029,2.015,2.029,2.0243,3
6288,g98e5,1.909,1.909,1.909,1.9090,3
6289,g95e5,1.755,1.755,1.759,1.7563,3
6289,gA,1.935,1.919,1.935,1.9297,3
6289,g98e5,1.925,1.925,1.929,1.9263,3
6290,g95e5,1.815,1.815,1.815,1.8150,3
6290,gA,1.959,1.949,1.959,1.9557,3
6290,gP,2.019,2.009,2.019,2.0157,3
6290,g98e5,1.985,1.985,1.985,1.9850,3
6292,g95e5,1.799,1.799,1.799,1.7990,2
6292,gA,1.959,1.959,1.959,1.9590,2
6292,gP,1.999,1.999,1.999,1.9990,2
6292,g98e5,1.999,1.999,1.999,1.9990,2
6293,g95e5,1.704,1.684,1.704,1.6915,4
6293,gA,1.854,1.824,1.854,1.8390,4
6293,gP,1.904,1.874,1.904,1.8890,4
6293,g98e5,1.814,1.794,1.814,1.8015,4
6294,g95e5,1.825,1.819,1.829,1.8245,4
6294,gA,1.975,1.969,1.975,1.9735,4
6294,gP,2.035,2.035,2.035,2.0350,3
6294,g98e5,1.995,1.995,1.999,1.9963,3
6295,g95e5,1.825,1.825,1.829,1.8263,3
6295,gA,1.985,1.969,1.985,1.9785,4
6295,g98e5,1.945,1.945,1.949,1.9463,3
6295,glp,1.159,1.159,1.159,1.1590,2
6296,g95e5,1.819,1.819,1.819,1.8190,3
6296,gA,1.969,1.965,1.969,1.9677,3
6296,g98e5,1.989,1.989,1.989,1.9890,3
6296,g95e5p,1.889,1.889,1.889,1.8890,3
6296,glp,1.159,1.159,1.159,1.1590,2
6298,g95e5,1.799,1.799,1.805,1.8020,2
6298,gA,1.945,1.939,1.945,1.9420,2
6298,gP,2.055,2.049,2.055,2.0520,2
6298,g98e5,1.969,1.969,1.975,1.9720,2
6300,g95e5,1.759,1.759,1.759,1.7590,3
6300,gA,1.915,1.905,1.915,1.9125,4
6300,g98e5,1.929,1.929,1.929,1.9290,3
6303,g95e5,1.749,1.749,1.749,1.7490,3
6303,gA,1.909,1.899,1.909,1.9057,3
6303,gP,1.969,1.959,1.969,1.9657,3
6303,g98e5,1.899,1.899,1.899,1.8990,3
6303,gB,1.634,1.629,1.634,1.6323,3
6306,g95e5,1.739,1.729,1.739,1.7323,3
6306,gA,1.889,1.879,1.889,1.8823,3
6306,gP,1.999,1.989,1.999,1.9957,3
6306,g98e5,1.919,1.909,1.919,1.9123,3
6307,g95e5,1.735,1.735,1.739,1.7363,3
6307,gA,1.935,1.929,1.935,1.9330,3
6307,gP,2.045,2.039,2.045,2.0430,3
6310,g95e5,1.788,1.788,1.788,1.7880,2
6310,gA,1.958,1.958,1.958,1.9580,2
6310,g98e5,1.958,1.958,1.958,1.9580,2
6311,g95e5,1.739,1.739,1.739,1.7390,3
6311,gA,1.905,1.899,1.905,1.9030,3
6311,gP,1.965,1.959,1.965,1.9630,3
6311,g98e5,1.869,1.869,1.869,1.8690,3
6312,g95e5,1.815,1.815,1.815,1.8150,3
6312,gA,1.965,1.949,1.965,1.9595,4
6312,g98e5,1.985,1.985,1.985,1.9850,3
6312,g95e5p,1.885,1.885,1.885,1.8850,3
6313,g95e5,1.785,1.785,1.785,1.7850,3
6313,gA,1.945,1.945,1.949,1.9463,3
6313,gP,2.005,2.005,2.009,2.0063,3
6313,g98e5,1.955,1.955,1.955,1.9550,3
6314,g95e5,1.829,1.829,1.829,1.8290,3
6314,gA,1.975,1.975,1.979,1.9763,3
6314,gP,2.075,2.075,2.079,2.0763,3
6314,gB,1.634,1.629,1.634,1.6323,3
6315,gA,1.893,1.893,1.893,1.8930,3
6316,g95e5,1.789,1.789,1.795,1.7905,4
6316,gA,1.955,1.939,1.955,1.9485,4
6316,g98e5,1.959,1.959,1.965,1.9610,3
6317,g95e5,1.765,1.765,1.775,1.7683,3
6317,gA,1.925,1.925,1.925,1.9250,3
6317,g98e5,1.915,1.915,1.925,1.9183,3
6318,g95e5,1.735,1.735,1.745,1.7383,3
6318,gA,1.945,1.945,1.949,1.9463,3
6318,g98e5,1.905,1.905,1.905,1.9050,2
6319,g95e5,1.829,1.829,1.829,1.8290,3
6319,gA,1.989,1.979,1.989,1.9857,3
6319,gP,2.069,2.059,2.069,2.0657,3
6319,g98e5,1.999,1.999,1.999,1.9990,3
6323,g95e5,1.789,1.769,1.789,1.7815,4
6323,gA,1.949,1.929,1.949,1.9340,4
6323,gP,1.999,1.979,1.999,1.9840,4
6324,g95e5,1.739,1.739,1.739,1.7390,4
6324,gA,1.939,1.939,1.939,1.9390,4
6324,gP,1.989,1.989,1.989,1.9890,4
6325,g95e5,1.789,1.779,1.789,1.7840,4
6325,gA,1.939,1.929,1.939,1.9340,4
6325,gP,1.989,1.979,1.989,1.9840,4
6325,g95e5p,1.839,1.829,1.839,1.8340,4
6327,g95e5,1.829,1.809,1.829,1.8240,4
6327,gA,1.979,1.965,1.979,1.9730,4
6327,gP,2.039,2.029,2.039,2.0357,3
6327,g98e5,1.999,1.999,1.999,1.9990,3
6328,g95e5,1.795,1.795,1.795,1.7950,3
6328,gA,1.945,1.939,1.945,1.9430,3
6328,gP,2.055,2.049,2.055,2.0530,3
6328,g98e5,1.965,1.965,1.965,1.9650,3
6329,g95e5,1.669,1.659,1.669,1.6657,3
6329,gA,1.749,1.749,1.749,1.7490,2
6329,gP,1.799,1.799,1.799,1.7990,2
6329,g98e5,1.809,1.799,1.809,1.8057,3
6329,gB,1.649,1.649,1.649,1.6490,2
6330,g95e5,1.789,1.789,1.789,1.7890,3
6330,gA,1.955,1.949,1.955,1.9530,3
6330,g98e5,1.959,1.959,1.959,1.9590,3
6331,gA,1.905,1.899,1.905,1.9020,2
6334,g95e5,1.749,1.749,1.749,1.7490,3
6334,gA,1.909,1.899,1.909,1.9057,3
6334,g98e5,1.899,1.899,1.899,1.8990,3
6336,g95e5,1.759,1.759,1.759,1.7590,3
6336,gA,1.899,1.845,1.899,1.8630,3
6336,g98e5,1.935,1.935,1.935,1.9350,3
6337,g95e5,1.739,1.739,1.739,1.7390,3
6337,gA,1.909,1.899,1.909,1.9057,3
6337,gP,2.019,2.009,2.019,2.0157,3
6339,g95e5,1.805,1.779,1.805,1.7985,4
6339,gA,1.965,1.965,1.965,1.9650,3
6339,g98e5,1.975,1.975,1.975,1.9750,3
6339,gB,1.690,1.685,1.690,1.6883,3
6340,g95e5,1.755,1.755,1.755,1.7550,3
6340,gA,1.925,1.919,1.925,1.9230,3
6340,gP,2.015,2.009,2.015,2.0130,3
6341,g95e5,1.729,1.729,1.729,1.7290,2
6341,gA,1.889,1.885,1.889,1.8870,2
6341,gP,1.999,1.995,1.999,1.9970,2
6341,g98e5,1.899,1.899,1.899,1.8990,2
6342,g95e5,1.785,1.785,1.785,1.7850,3
6342,gA,1.945,1.939,1.945,1.9430,3
6342,gP,2.035,2.029,2.035,2.0330,3
6342,g98e5,1.955,1.955,1.955,1.9550,3
6344,g95e5,1.799,1.799,1.799,1.7990,3
6344,gA,1.949,1.945,1.949,1.9477,3
6344,g98e5,1.969,1.969,1.969,1.9690,3
6345,g95e5,1.805,1.805,1.805,1.8050,3
6345,gA,1.975,1.965,1.975,1.9717,3
6345,gP,2.055,2.045,2.055,2.0517,3
6345,g98e5,1.975,1.975,1.975,1.9750,3
6346,g95e5,1.805,1.805,1.809,1.8063,3
6346,gA,1.965,1.955,1.965,1.9617,3
6346,gP,2.025,2.015,2.025,2.0217,3
6346,g95e5p,1.875,1.875,1.879,1.8763,3
6349,g95e5,1.799,1.769,1.799,1.7857,3
6349,gA,1.939,1.929,1.939,1.9323,3
6349,g98e5,1.949,1.919,1.949,1.9357,3
6350,g95e5,1.759,1.749,1.759,1.7557,3
6350,gA,1.915,1.915,1.915,1.9150,3
6350,gP,1.975,1.975,1.975,1.9750,3
6350,g98e5,1.879,1.869,1.879,1.8757,3
6350,g95e5p,1.829,1.819,1.829,1.8257,3
6350,glp,1.199,1.199,1.199,1.1990,2
6351,g95e5,1.759,1.759,1.759,1.7590,3
6351,gA,1.915,1.909,1.915,1.9130,3
6351,gP,1.985,1.979,1.985,1.9830,3
6351,g98e5,1.929,1.929,1.929,1.9290,3
6353,g95e5,1.789,1.789,1.789,1.7890,3
6353,gA,1.959,1.955,1.959,1.9577,3
6353,gP,2.019,2.015,2.019,2.0177,3
6353,g98e5,1.959,1.959,1.959,1.9590,3
6356,g95e5,1.829,1.815,1.829,1.8245,4
6356,gA,1.969,1.955,1.969,1.9645,4
6356,gP,2.069,2.065,2.069,2.0677,3
6356,g98e5,1.999,1.995,1.999,1.9977,3
6357,g95e5,1.808,1.808,1.818,1.8130,2
6357,gA,1.942,1.934,1.942,1.9360,4
6358,g95e5,1.735,1.735,1.735,1.7350,3
6358,gA,1.949,1.945,1.949,1.9477,3
6358,g98e5,1.905,1.905,1.905,1.9050,3
6359,g95e5,1.829,1.819,1.829,1.8265,4
6359,gA,1.979,1.969,1.979,1.9755,4
6359,g98e5,1.949,1.949,1.949,1.9490,3
6360,g95e5,1.839,1.839,1.839,1.8390,3
6360,gA,1.985,1.969,1.985,1.9795,4
6360,g98e5,2.009,2.009,2.009,2.0090,3
6363,g95e5,1.785,1.785,1.789,1.7863,3
6363,gA,1.949,1.935,1.949,1.9443,3
6363,gP,2.059,2.045,2.059,2.0543,3
6363,g98e5,1.955,1.955,1.959,1.9563,3
6364,g95e5,1.779,1.775,1.779,1.7777,3
6364,gA,1.935,1.935,1.935,1.9350,3
6364,g98e5,1.949,1.945,1.949,1.9477,3
6364,glp,1.179,1.179,1.179,1.1790,2
6364,gB,1.630,1.625,1.630,1.6283,3
6366,g95e5,1.820,1.810,1.820,1.8167,3
6366,gA,1.965,1.945,1.965,1.9583,3
6366,gP,2.015,2.005,2.015,2.0117,3
6367,g95e5,1.759,1.759,1.759,1.7590,3
6367,gA,1.915,1.905,1.915,1.9125,4
6371,g95e5,1.785,1.785,1.785,1.7850,3
6371,gA,1.949,1.935,1.949,1.9443,3
6371,gP,2.059,2.045,2.059,2.0543,3
6371,g98e5,1.955,1.955,1.955,1.9550,3
6373,g95e5,1.785,1.785,1.789,1.7863,3
6373,gA,1.949,1.939,1.949,1.9457,3
6373,gP,2.059,2.049,2.059,2.0557,3
6373,gB,1.670,1.665,1.670,1.6683,3
6376,g95e5,1.805,1.785,1.805,1.7983,3
6376,gA,1.945,1.945,1.949,1.9463,3
6376,gP,2.055,2.055,2.059,2.0563,3
6376,g98e5,1.975,1.955,1.975,1.9683,3
6377,g95e5,1.729,1.729,1.729,1.7290,3
6377,gA,1.799,1.799,1.799,1.7990,3
6377,gP,1.859,1.859,1.859,1.8590,3
6378,g95e5,1.759,1.759,1.759,1.7590,4
6378,gA,1.909,1.909,1.909,1.9090,4
6378,gP,1.959,1.909,1.959,1.9465,4
6378,g98e5,1.929,1.929,1.929,1.9290,4
6379,g95e5,1.845,1.845,1.845,1.8450,2
6379,gA,1.979,1.969,1.979,1.9757,3
6379,gP,2.039,2.029,2.039,2.0357,3
6379,g98e5,1.965,1.945,1.965,1.9583,3
6380,g95e5,1.749,1.749,1.749,1.7490,3
6380,gA,1.909,1.909,1.909,1.9090,3
6380,gP,2.019,2.019,2.019,2.0190,3
6383,g95e5,1.837,1.829,1.837,1.8330,2
6383,gA,1.987,1.979,1.987,1.9830,2
6383,gP,2.047,2.039,2.047,2.0430,2
6383,g98e5,2.007,1.999,2.007,2.0030,2
6384,g95e5,1.837,1.829,1.837,1.8330,2
6384,gA,1.987,1.979,1.987,1.9830,2
6389,g95e5,1.779,1.779,1.779,1.7790,3
6389,gA,1.959,1.955,1.959,1.9577,3
6389,gP,2.019,2.015,2.019,2.0177,3
6389,g98e5,1.899,1.899,1.899,1.8990,3
6390,g95e5,1.825,1.819,1.825,1.8230,3
6390,gA,1.969,1.965,1.969,1.9677,3
6390,gP,2.029,2.025,2.029,2.0277,3
6390,g98e5,1.995,1.989,1.995,1.9930,3
6393,gA,1.893,1.893,1.893,1.8930,3
6394,g95e5,1.587,1.587,1.587,1.5870,4
6394,gA,1.717,1.697,1.717,1.7070,4
6396,gA,1.919,1.919,1.919,1.9190,3
6396,g98e5,1.939,1.939,1.939,1.9390,3
6397,g95e5,1.769,1.769,1.769,1.7690,2
6397,gA,1.909,1.909,1.909,1.9090,2
6397,gP,2.019,2.019,2.019,2.0190,2
6397,g98e5,1.939,1.939,1.939,1.9390,2
6398,g95e5,1.775,1.775,1.779,1.7763,3
6398,gA,1.959,1.955,1.959,1.9577,3
6398,gP,2.019,2.015,2.019,2.0177,3
6398,g98e5,1.915,1.915,1.919,1.9163,3
6398,gB,1.594,1.589,1.594,1.5923,3
6399,g95e5,1.809,1.809,1.809,1.8090,3
6399,gA,1.959,1.959,1.959,1.9590,2
6399,g98e5,1.979,1.979,1.979,1.9790,3
6401,g95e5,1.714,1.714,1.714,1.7140,4
6401,gA,1.894,1.884,1.894,1.8915,4
6401,gP,1.984,1.974,1.984,1.9815,4
6401,g98e5,1.854,1.854,1.854,1.8540,4
6401,gB,1.644,1.644,1.644,1.6440,4
6403,g95e5,1.779,1.779,1.779,1.7790,2
6403,gA,1.929,1.925,1.929,1.9277,3
6403,gP,2.029,2.025,2.029,2.0277,3
6403,g98e5,1.949,1.949,1.949,1.9490,2
6404,g95e5,1.789,1.789,1.815,1.8005,4
6404,gA,1.975,1.965,1.975,1.9717,3
6404,g98e5,1.959,1.959,1.979,1.9657,3
6404,g95e5p,1.849,1.849,1.869,1.8557,3
6406,g95e5,1.829,1.809,1.829,1.8240,4
6406,gA,1.975,1.969,1.975,1.9730,3
6406,gP,2.035,2.029,2.035,2.0330,3
6406,g98e5,1.999,1.999,1.999,1.9990,3
6406,glp,1.119,1.119,1.119,1.1190,2
6407,g95e5,1.779,1.779,1.779,1.7790,3
6407,gA,1.959,1.945,1.959,1.9545,4
6407,g98e5,1.899,1.899,1.899,1.8990,3
6408,g95e5,1.759,1.759,1.759,1.7590,3
6408,gA,1.909,1.909,1.909,1.9090,3
6408,gP,1.959,1.909,1.959,1.9423,3
6410,g95e5,1.729,1.729,1.729,1.7290,3
6410,gA,1.889,1.889,1.895,1.8910,3
6411,g95e5,1.735,1.735,1.735,1.7350,3
6411,gA,1.929,1.915,1.929,1.9245,4
6411,gP,2.039,2.035,2.039,2.0377,3
6411,g98e5,1.905,1.905,1.905,1.9050,3
6412,g95e5,1.735,1.725,1.735,1.7325,4
6412,gA,1.929,1.925,1.929,1.9277,3
6412,gP,2.039,2.035,2.039,2.0377,3
6412,g98e5,1.905,1.905,1.905,1.9050,3
6413,g95e5,1.815,1.795,1.815,1.8100,4
6413,gA,1.969,1.945,1.969,1.9555,4
6413,g98e5,1.985,1.985,1.985,1.9850,3
6413,g95e5p,1.885,1.885,1.885,1.8850,3
6413,gB,1.700,1.695,1.700,1.6983,3
6422,g95e5,1.789,1.779,1.789,1.7840,4
6422,gA,1.949,1.929,1.949,1.9365,4
6423,g95e5,1.689,1.689,1.689,1.6890,4
6423,gA,1.789,1.789,1.789,1.7890,4
6424,g95e5,1.714,1.714,1.714,1.7140,3
6424,gA,1.884,1.864,1.884,1.8773,3
6424,gP,1.994,1.974,1.994,1.9873,3
6424,g95e5p,1.834,1.834,1.834,1.8340,3
6426,g95e5,1.754,1.754,1.754,1.7540,4
6426,gA,1.934,1.914,1.934,1.9240,4
6426,gP,2.024,2.004,2.024,2.0140,4
6426,g95e5p,1.844,1.844,1.844,1.8440,4
6427,gA,1.779,1.779,1.779,1.7790,2
6428,gA,1.779,1.779,1.779,1.7790,2
6433,g95e5,1.719,1.719,1.729,1.7240,2
6433,gA,1.859,1.859,1.859,1.8590,2
6433,gP,1.939,1.939,1.939,1.9390,2
6433,g98e5,1.859,1.859,1.869,1.8640,2
6435,g95e5,1.579,1.569,1.579,1.5740,2
6435,gA,1.689,1.649,1.689,1.6690,2
6437,g95e5,1.609,1.609,1.609,1.6090,3
6437,gA,1.729,1.729,1.729,1.7290,3
6437,gP,1.849,1.849,1.849,1.8490,3
6438,g95e5,1.789,1.789,1.789,1.7890,3
6438,gA,1.919,1.909,1.919,1.9123,3
6438,gP,2.019,2.009,2.019,2.0123,3
6438,g98e5,1.949,1.949,1.949,1.9490,3
6439,gA,1.729,1.699,1.729,1.7090,3
6439,gP,1.749,1.719,1.749,1.7290,3
6448,g95e5,1.749,1.739,1.749,1.7457,3
6448,gA,1.899,1.879,1.899,1.8923,3
6448,gP,1.989,1.969,1.989,1.9823,3
6448,g98e5,1.889,1.879,1.889,1.8857,3
6449,g95e5,1.739,1.739,1.739,1.7390,3
6449,gA,1.899,1.899,1.899,1.8990,3
6449,gP,1.999,1.999,1.999,1.9990,3
6449,g98e5,1.899,1.899,1.899,1.8990,3
6452,g95e5,1.834,1.834,1.834,1.8340,4
6452,gA,2.004,1.984,2.004,1.9940,4
6452,gP,2.084,2.064,2.084,2.0740,4
6452,g95e5p,1.894,1.894,1.894,1.8940,4
6453,gA,1.749,1.749,1.749,1.7490,2
6456,g95e5,1.748,1.748,1.748,1.7480,3
6456,gA,1.898,1.859,1.898,1.8787,3
6456,gP,1.948,1.908,1.948,1.9280,3
6456,g98e5,1.869,1.869,1.869,1.8690,3
6456,gB,1.762,1.762,1.762,1.7620,3
6458,g95e5,1.620,1.620,1.620,1.6200,3
6458,gA,1.780,1.780,1.780,1.7800,3
6458,gP,1.820,1.820,1.820,1.8200,3
6458,gB,1.410,1.410,1.410,1.4100,3
6462,g95e5,1.709,1.709,1.709,1.7090,3
6462,gA,1.909,1.909,1.909,1.9090,3
6462,gB,1.339,1.339,1.339,1.3390,3
6463,g95e5,1.775,1.775,1.775,1.7750,2
6463,gA,1.959,1.959,1.975,1.9670,2
6463,gP,2.059,2.059,2.075,2.0670,2
6463,g98e5,1.975,1.975,1.975,1.9750,2
6463,gB,1.669,1.669,1.669,1.6690,2
6468,g95e5,1.795,1.795,1.795,1.7950,2
6468,gA,1.959,1.959,1.959,1.9590,2
6468,gP,2.049,2.049,2.049,2.0490,2
6468,g98e5,1.935,1.935,1.935,1.9350,2
6470,gA,1.939,1.939,1.939,1.9390,2
6471,g95e5,1.739,1.739,1.739,1.7390,4
6471,gA,1.919,1.909,1.919,1.9115,4
6471,gP,1.969,1.959,1.969,1.9615,4
6471,g95e5p,1.789,1.789,1.789,1.7890,4
6472,g95e5,1.775,1.765,1.775,1.7717,3
6472,gA,1.969,1.955,1.969,1.9610,3
6472,gP,2.089,2.075,2.089,2.0810,3
6473,gA,1.749,1.749,1.749,1.7490,2
6473,gP,1.799,1.799,1.799,1.7990,2
6476,g95e5,1.715,1.715,1.715,1.7150,2
6476,gA,1.945,1.935,1.945,1.9400,2
6476,gP,2.055,2.029,2.055,2.0430,3
6476,g98e5,1.915,1.905,1.915,1.9117,3
6478,g95e5,1.689,1.689,1.689,1.6890,4
6478,gA,1.879,1.879,1.879,1.8790,4
6478,gP,1.929,1.929,1.929,1.9290,4
6481,g95e5,1.659,1.659,1.659,1.6590,4
6481,g95e10,1.659,1.659,1.659,1.6590,4
6482,g95e5,1.789,1.789,1.789,1.7890,3
6482,gA,1.939,1.939,1.939,1.9390,3
6482,gP,1.999,1.999,1.999,1.9990,3
6482,g98e5,1.889,1.889,1.889,1.8890,3
6483,g95e5,1.627,1.627,1.647,1.6403,3
6483,gA,1.729,1.729,1.749,1.7423,3
6484,g95e5,1.834,1.834,1.834,1.8340,4
6484,gA,1.994,1.974,1.994,1.9840,4
6484,gP,2.084,2.064,2.084,2.0740,4
6484,g95e5p,1.924,1.924,1.924,1.9240,4
6486,g95e5,1.759,1.759,1.759,1.7590,3
6486,gA,1.909,1.905,1.909,1.9077,3
6486,gP,2.019,2.015,2.019,2.0177,3
6486,g98e5,1.949,1.949,1.949,1.9490,3
6492,g95e5,1.649,1.639,1.649,1.6440,2
6492,gA,1.789,1.789,1.789,1.7890,2
6493,g95e5,1.629,1.629,1.629,1.6290,2
6493,gA,1.749,1.749,1.749,1.7490,2
6493,gP,1.749,1.749,1.749,1.7490,2
6496,g95e5,1.739,1.739,1.754,1.7457,3
6496,gA,1.904,1.904,1.919,1.9140,3
6496,gP,1.984,1.984,1.999,1.9940,3
6496,g98e5,1.879,1.879,1.894,1.8857,3
6497,g95e5,1.745,1.745,1.745,1.7450,2
6497,gA,1.879,1.879,1.879,1.8790,2
6497,gP,1.969,1.969,1.969,1.9690,2
6498,g95e5,1.739,1.739,1.739,1.7390,3
6498,gA,1.899,1.899,1.899,1.8990,3
6498,gP,1.999,1.999,1.999,1.9990,3
6498,g98e5,1.899,1.899,1.899,1.8990,3
6498,glp,1.149,1.149,1.149,1.1490,3
6499,g95e5,1.814,1.814,1.814,1.8140,3
6499,gA,2.004,1.984,2.004,1.9973,3
6499,gP,2.084,2.064,2.084,2.0773,3
6499,g95e5p,1.904,1.904,1.904,1.9040,3
6501,g95e5,1.814,1.814,1.814,1.8140,3
6501,gA,1.974,1.954,1.974,1.9673,3
6501,gP,2.054,2.034,2.054,2.0473,3
6501,gB,1.674,1.674,1.674,1.6740,2
6505,g95e5,1.829,1.829,1.829,1.8290,4
6505,gA,1.949,1.949,1.949,1.9490,4
6508,g95e5,1.809,1.789,1.809,1.7957,3
6508,gA,1.969,1.939,1.969,1.9490,3
6508,gP,2.059,2.019,2.059,2.0323,3
6508,g98e5,1.959,1.929,1.959,1.9390,3
6509,g95e5,1.824,1.824,1.824,1.8240,3
6509,gA,1.954,1.934,1.954,1.9440,4
6509,gP,2.064,2.044,2.064,2.0540,4
6509,g95e5p,1.924,1.924,1.924,1.9240,3
6512,gA,1.799,1.779,1.799,1.7857,3
6517,g95e5,1.749,1.749,1.759,1.7523,3
6517,gA,1.909,1.889,1.909,1.9023,3
6519,g95e5,1.775,1.775,1.775,1.7750,2
6519,gA,1.969,1.959,1.969,1.9640,2
6519,gP,2.089,2.079,2.089,2.0840,2
6519,gB,1.694,1.689,1.694,1.6915,2
6520,g95e5,1.609,1.609,1.609,1.6090,3
6520,gA,1.729,1.729,1.729,1.7290,3
6520,gP,1.849,1.849,1.849,1.8490,3
6521,gA,1.829,1.819,1.829,1.8240,2
6521,gP,1.929,1.919,1.929,1.9240,2
6522,g95e5,1.804,1.804,1.804,1.8040,4
6522,gA,1.934,1.914,1.934,1.9240,4
6522,gP,2.014,1.994,2.014,2.0040,4
6522,g95e5p,1.924,1.924,1.924,1.9240,4
6524,g95e5,1.779,1.759,1.779,1.7657,3
6524,gA,1.929,1.909,1.929,1.9157,3
6524,gP,2.019,1.999,2.019,2.0057,3
6524,g98e5,1.919,1.899,1.919,1.9057,3
6528,g95e5,1.779,1.759,1.779,1.7657,3
6528,gA,1.889,1.859,1.889,1.8690,3
6528,g98e5,1.879,1.879,1.879,1.8790,3
6530,g95e5,1.669,1.669,1.669,1.6690,3
6530,gA,1.769,1.729,1.769,1.7423,3
6532,g95e5,1.655,1.655,1.655,1.6550,3
6532,gA,1.749,1.749,1.749,1.7490,3
6532,gP,1.789,1.769,1.789,1.7757,3
6533,g95e5,1.788,1.788,1.788,1.7880,3
6533,gA,1.948,1.938,1.948,1.9447,3
6533,gP,2.028,2.018,2.028,2.0247,3
6533,g98e5,1.928,1.928,1.928,1.9280,3
6535,g95e5,1.728,1.728,1.728,1.7280,2
6535,gA,1.898,1.898,1.898,1.8980,2
6535,gP,1.949,1.949,1.949,1.9490,2
6535,gB,1.734,1.734,1.734,1.7340,3
6536,gP,1.746,1.746,1.746,1.7460,3
6536,g98e5,1.709,1.709,1.709,1.7090,3
6537,g95e5,1.679,1.679,1.679,1.6790,2
6537,gA,1.809,1.809,1.809,1.8090,2
6538,g95e5,1.629,1.627,1.629,1.6280,2
6538,gA,1.749,1.729,1.749,1.7390,2
6539,g95e5,1.639,1.629,1.639,1.6340,2
6539,gA,1.769,1.739,1.769,1.7540,2
6539,gB,1.639,1.619,1.639,1.6290,2
6555,g95e5,1.755,1.755,1.755,1.7550,2
6555,gA,1.879,1.879,1.879,1.8790,2
6555,gP,1.969,1.969,1.969,1.9690,2
6555,g98e5,1.895,1.895,1.895,1.8950,2
6556,g95e5,1.659,1.619,1.659,1.6390,3
6556,gA,1.789,1.769,1.789,1.7790,2
6558,g95e5,1.789,1.789,1.789,1.7890,3
6558,gA,1.929,1.929,1.929,1.9290,3
6558,gP,2.009,2.009,2.009,2.0090,3
6558,g98e5,1.939,1.939,1.939,1.9390,3
6559,g95e5,1.657,1.649,1.657,1.6517,3
6559,gA,1.795,1.765,1.795,1.7750,3
6559,gP,1.845,1.815,1.845,1.8250,3
6559,g98e5,1.797,1.789,1.797,1.7917,3
6561,g95e5,1.689,1.689,1.689,1.6890,2
6561,gA,1.839,1.839,1.839,1.8390,2
6561,gP,1.929,1.929,1.929,1.9290,2
6561,g98e5,1.869,1.869,1.869,1.8690,2
6564,g95e5,1.745,1.745,1.745,1.7450,3
6564,gA,1.889,1.879,1.889,1.8857,3
6564,gP,1.949,1.949,1.949,1.9490,2
6564,g98e5,1.865,1.865,1.865,1.8650,3
6567,g95e5,1.749,1.739,1.749,1.7440,2
6567,gA,1.899,1.879,1.899,1.8890,2
6567,gP,1.989,1.969,1.989,1.9790,2
6567,g98e5,1.889,1.879,1.889,1.8840,2
6568,g95e5,1.749,1.749,1.759,1.7523,3
6568,gA,1.899,1.895,1.899,1.8977,3
6568,gP,1.959,1.955,1.959,1.9577,3
6568,g98e5,1.919,1.919,1.929,1.9223,3
6568,g95e5p,1.829,1.829,1.839,1.8323,3
6569,g95e5,1.764,1.764,1.764,1.7640,3
6569,gA,1.934,1.914,1.934,1.9240,4
6569,gP,2.004,1.984,2.004,1.9940,4
6569,g95e5p,1.864,1.864,1.864,1.8640,3
6572,gA,1.874,1.874,1.874,1.8740,2
6572,gP,1.954,1.954,1.954,1.9540,2
6579,g95e5,1.764,1.764,1.764,1.7640,3
6579,gA,1.874,1.874,1.874,1.8740,3
6579,g98e5,1.924,1.924,1.924,1.9240,3
6580,gA,1.904,1.884,1.904,1.8907,3
6580,gP,1.984,1.964,1.984,1.9707,3
6581,gA,1.904,1.884,1.904,1.8907,3
6581,gP,1.984,1.964,1.984,1.9707,3
6583,g95e5,1.609,1.609,1.629,1.6157,3
6583,gA,1.739,1.739,1.759,1.7457,3
6583,gP,1.759,1.759,1.779,1.7657,3
6583,g95e5p,1.629,1.629,1.649,1.6357,3
6584,gA,1.934,1.934,1.934,1.9340,2
6584,gP,2.024,2.024,2.024,2.0240,2
6588,gA,1.890,1.890,1.890,1.8900,2
6588,gB,1.580,1.580,1.580,1.5800,2
6589,g95e5,1.709,1.709,1.709,1.7090,3
6589,gA,1.885,1.875,1.885,1.8817,3
6589,gP,1.995,1.985,1.995,1.9917,3
6589,g98e5,1.879,1.879,1.879,1.8790,3
6590,g95e5,1.739,1.739,1.739,1.7390,3
6590,gA,1.909,1.905,1.909,1.9077,3
6590,gP,2.019,2.015,2.019,2.0177,3
6590,g98e5,1.909,1.909,1.909,1.9090,3
6599,g95e5,1.764,1.764,1.764,1.7640,4
6599,gA,1.934,1.914,1.934,1.9273,3
6599,gP,2.014,1.994,2.014,2.0073,3
6599,g95e5p,1.864,1.864,1.864,1.8640,4
6602,g95e5,1.749,1.739,1.749,1.7440,2
6602,gA,1.899,1.879,1.899,1.8890,2
6602,gP,1.989,1.969,1.989,1.9790,2
6602,g98e5,1.889,1.879,1.889,1.8840,2
6605,g95e5,1.739,1.729,1.739,1.7340,2
6605,gA,1.905,1.889,1.905,1.8970,2
6605,gP,1.995,1.979,1.995,1.9870,2
6605,g98e5,1.879,1.869,1.879,1.8740,2
6606,g95e5,1.805,1.805,1.805,1.8050,3
6606,gA,1.925,1.925,1.925,1.9250,3
6606,gP,2.045,2.045,2.045,2.0450,3
6606,g98e5,1.985,1.985,1.985,1.9850,3
6606,glp,1.170,1.170,1.170,1.1700,3
6608,g95e5,1.809,1.809,1.809,1.8090,2
6608,gA,1.939,1.939,1.939,1.9390,2
6608,gP,2.019,2.019,2.019,2.0190,2
6608,g98e5,1.949,1.949,1.949,1.9490,2
6609,g95e5,1.749,1.749,1.749,1.7490,2
6609,gA,1.899,1.899,1.899,1.8990,2
6609,gP,1.959,1.959,1.959,1.9590,2
6609,g98e5,1.859,1.859,1.859,1.8590,2
6611,gA,1.979,1.959,1.979,1.9723,3
6611,gP,2.069,2.069,2.069,2.0690,3
6612,g95e5,1.834,1.834,1.834,1.8340,3
6612,gA,2.004,1.984,2.004,1.9973,3
6612,gP,2.084,2.064,2.084,2.0773,3
6612,g95e5p,1.924,1.924,1.924,1.9240,3
6615,gA,2.004,2.004,2.004,2.0040,2
6615,gP,2.094,2.094,2.094,2.0940,2
6618,gA,1.965,1.959,1.965,1.9620,2
6618,gB,1.569,1.559,1.569,1.5640,2
6620,g95e5,1.719,1.719,1.719,1.7190,2
6622,g95e5,1.719,1.719,1.719,1.7190,3
6622,gA,1.959,1.959,1.979,1.9657,3
6622,g98e5,1.889,1.889,1.889,1.8890,3
6623,g95e5,1.749,1.749,1.749,1.7490,3
6623,gA,1.969,1.965,1.969,1.9677,3
6623,g98e5,1.889,1.889,1.889,1.8890,3
6624,gA,1.929,1.919,1.929,1.9240,2
6624,gP,2.039,2.019,2.039,2.0290,2
6627,gA,1.980,1.980,1.980,1.9800,2
6627,gP,2.094,2.094,2.094,2.0940,2
6632,g95e5,1.729,1.729,1.729,1.7290,3
6632,gA,1.949,1.949,1.949,1.9490,2
6632,gP,2.039,2.039,2.039,2.0390,2
6632,g95e5p,1.789,1.789,1.789,1.7890,3
6634,gA,1.969,1.969,1.969,1.9690,3
6635,g95e5,1.639,1.619,1.639,1.6323,3
6635,gA,1.779,1.769,1.779,1.7757,3
6635,gP,1.799,1.789,1.799,1.7957,3
6635,g95e5p,1.659,1.639,1.659,1.6523,3
6637,gA,1.984,1.964,1.984,1.9707,3
6637,gP,2.064,2.044,2.064,2.0507,3
6639,g95e5,1.649,1.649,1.649,1.6490,2
6639,gA,1.839,1.839,1.839,1.8390,2
6640,g95e5,1.639,1.619,1.639,1.6323,3
6640,gA,1.779,1.769,1.779,1.7757,3
6640,gP,1.799,1.789,1.799,1.7957,3
6640,g95e5p,1.659,1.639,1.659,1.6523,3
6641,g95e5,1.759,1.759,1.765,1.7610,3
6641,gA,1.965,1.959,1.965,1.9630,3
6644,g95e5,1.715,1.715,1.719,1.7163,3
6644,gA,1.999,1.985,1.999,1.9943,3
6644,gP,2.059,2.045,2.059,2.0543,3
6644,gB,1.630,1.625,1.630,1.6283,3
6647,gA,1.989,1.989,1.989,1.9890,2
6647,gP,2.079,2.079,2.079,2.0790,2
6647,gB,1.659,1.659,1.659,1.6590,2
6649,g95e5,1.585,1.585,1.605,1.5983,3
6649,gA,1.735,1.735,1.745,1.7383,3
6649,gP,1.755,1.755,1.765,1.7583,3
6649,g95e5p,1.605,1.605,1.625,1.6183,3
6652,g95e5,1.734,1.734,1.734,1.7340,3
6652,gA,1.984,1.964,1.984,1.9740,4
6652,gP,2.054,2.034,2.054,2.0440,4
6652,gB,1.644,1.644,1.644,1.6440,2
6653,gA,1.729,1.729,1.729,1.7290,2
6655,g95e5,1.765,1.765,1.765,1.7650,2
6655,gA,1.965,1.965,1.965,1.9650,2
6655,gP,2.035,2.035,2.035,2.0350,2
6656,g95e5,1.709,1.699,1.709,1.7023,3
6656,gA,1.974,1.954,1.974,1.9640,3
6656,gP,2.054,2.034,2.054,2.0440,3
6656,g98e5,1.849,1.839,1.849,1.8423,3
6658,gA,1.984,1.969,1.984,1.9765,4
6658,gP,2.064,2.049,2.064,2.0565,4
6665,g95e5,1.809,1.809,1.809,1.8090,3
6665,gA,1.905,1.895,1.905,1.9017,3
6665,gP,1.965,1.955,1.965,1.9617,3
6665,g98e5,1.979,1.979,1.979,1.9790,3
6671,g95e5,1.779,1.779,1.779,1.7790,2
6671,gA,1.989,1.989,1.989,1.9890,2
6675,gA,1.909,1.909,1.909,1.9090,2
6675,gB,1.629,1.629,1.629,1.6290,2
6678,g95e5,1.719,1.719,1.719,1.7190,3
6678,gA,1.989,1.985,1.989,1.9877,3
6678,gB,1.694,1.689,1.694,1.6923,3
6681,g95e5,1.809,1.809,1.809,1.8090,3
6681,gA,1.905,1.899,1.905,1.9030,3
6681,gP,1.965,1.959,1.965,1.9630,3
6682,g95e5,1.809,1.809,1.809,1.8090,3
6682,gA,1.905,1.899,1.905,1.9030,3
6682,glp,1.119,1.119,1.119,1.1190,2
6686,g95e5,1.715,1.715,1.715,1.7150,3
6686,gA,1.935,1.925,1.935,1.9317,3
6686,gP,2.045,2.035,2.045,2.0417,3
6686,gB,1.614,1.609,1.614,1.6123,3
6687,g95e5,1.725,1.725,1.725,1.7250,3
6687,gA,1.905,1.899,1.905,1.9030,3
6687,gP,1.965,1.959,1.965,1.9630,3
6687,g98e5,1.895,1.895,1.895,1.8950,3
6688,g95e5,1.745,1.745,1.745,1.7450,3
6688,gA,1.889,1.879,1.889,1.8857,3
6688,gP,1.949,1.949,1.949,1.9490,2
6688,g98e5,1.865,1.865,1.865,1.8650,3
6690,g95e5,1.769,1.759,1.769,1.7665,4
6690,gA,1.959,1.959,1.965,1.9610,3
6690,g98e5,1.939,1.939,1.939,1.9390,3
6690,g95e5p,1.839,1.839,1.839,1.8390,3
6690,glp,1.189,1.189,1.189,1.1890,2
6692,g95e5,1.779,1.779,1.779,1.7790,3
6692,gA,1.919,1.899,1.919,1.9057,3
6693,g95e5,1.749,1.749,1.749,1.7490,3
6693,gA,1.959,1.959,1.959,1.9590,3
6693,g95e5p,1.799,1.799,1.799,1.7990,3
6694,g95e5,1.755,1.755,1.755,1.7550,3
6694,gA,1.959,1.955,1.959,1.9577,3
6694,g95e5p,1.815,1.815,1.815,1.8150,3
6695,g95e5,1.755,1.755,1.755,1.7550,3
6695,gA,1.959,1.955,1.959,1.9577,3
6695,gP,2.069,2.065,2.069,2.0677,3
6698,g95e5,1.729,1.729,1.735,1.7310,3
6698,gA,1.889,1.889,1.895,1.8910,3
6698,g98e5,1.899,1.899,1.905,1.9010,3
6698,gB,1.674,1.669,1.674,1.6723,3
6699,g95e5,1.799,1.799,1.799,1.7990,3
6699,gA,1.899,1.895,1.899,1.8977,3
6699,gP,1.959,1.955,1.959,1.9577,3
6699,g98e5,1.969,1.969,1.969,1.9690,3
6699,g95e5p,1.879,1.879,1.879,1.8790,3
6700,g95e5,1.725,1.725,1.725,1.7250,3
6700,gA,1.905,1.899,1.905,1.9030,3
6700,gP,1.965,1.959,1.965,1.9630,3
6700,g98e5,1.895,1.895,1.895,1.8950,3
6702,g95e5,1.735,1.735,1.735,1.7350,3
6702,gA,1.945,1.935,1.945,1.9417,3
6702,gP,2.035,2.025,2.035,2.0317,3
6703,g95e5,1.769,1.769,1.775,1.7710,3
6703,gA,1.985,1.985,1.985,1.9850,3
6703,g98e5,1.929,1.929,1.935,1.9310,3
6706,g95e5,1.769,1.769,1.769,1.7690,3
6706,gA,1.994,1.974,1.994,1.9840,4
6706,gP,2.054,2.034,2.054,2.0440,4
6706,g95e5p,1.854,1.854,1.854,1.8540,3
6706,gB,1.734,1.734,1.734,1.7340,2
6707,g95e5,1.809,1.799,1.809,1.8023,3
6707,gA,1.929,1.925,1.935,1.9297,3
6707,gP,2.019,2.015,2.025,2.0197,3
6709,g95e5,1.649,1.619,1.649,1.6340,2
6709,gA,1.779,1.769,1.779,1.7740,2
6709,gP,1.829,1.819,1.829,1.8240,2
6711,g95e5,1.785,1.785,1.789,1.7863,3
6711,gA,1.899,1.895,1.899,1.8977,3
6711,gP,2.009,2.005,2.009,2.0077,3
6711,g98e5,1.955,1.955,1.959,1.9563,3
6715,g95e5,1.769,1.755,1.769,1.7643,3
6715,gA,1.979,1.965,1.979,1.9743,3
6715,g95e5p,1.839,1.825,1.839,1.8343,3
6718,g95e5,1.729,1.729,1.729,1.7290,3
6718,gA,1.889,1.879,1.889,1.8857,3
6718,gP,1.999,1.989,1.999,1.9957,3
6718,g98e5,1.899,1.899,1.899,1.8990,3
6721,g95e5,1.799,1.799,1.799,1.7990,3
6721,gA,1.915,1.905,1.915,1.9117,3
6721,gP,1.975,1.965,1.975,1.9717,3
6721,g98e5,1.969,1.969,1.969,1.9690,3
6721,g95e5p,1.869,1.869,1.869,1.8690,3
6722,g95e5,1.709,1.709,1.709,1.7090,3
6722,gA,1.885,1.875,1.885,1.8817,3
6722,gP,1.975,1.965,1.975,1.9717,3
6723,g95e5,1.759,1.755,1.759,1.7577,3
6723,gA,1.969,1.965,1.969,1.9677,3
6723,gP,2.029,2.025,2.029,2.0277,3
6723,g95e5p,1.829,1.825,1.829,1.8277,3
6725,g95e5,1.809,1.799,1.809,1.8057,3
6725,gA,1.909,1.889,1.909,1.9023,3
6725,gP,1.999,1.979,1.999,1.9923,3
6725,g98e5,1.949,1.939,1.949,1.9457,3
6726,g95e5,1.509,1.509,1.509,1.5090,2
6726,gA,1.689,1.689,1.689,1.6890,2
6731,g95e5,1.759,1.755,1.759,1.7577,3
6731,gA,1.905,1.889,1.905,1.8997,3
6731,gP,1.995,1.979,1.995,1.9897,3
6731,g98e5,1.899,1.895,1.899,1.8977,3
6732,g95e5,1.769,1.769,1.769,1.7690,2
6732,gA,1.899,1.889,1.899,1.8940,2
6732,gP,1.979,1.969,1.979,1.9740,2
6732,g98e5,1.909,1.909,1.909,1.9090,2
6737,g95e5,1.819,1.819,1.819,1.8190,3
6737,gA,1.955,1.955,1.959,1.9563,3
6737,g98e5,1.989,1.989,1.989,1.9890,3
6737,gB,1.670,1.665,1.670,1.6683,3
6739,g95e5,1.556,1.556,1.556,1.5560,3
6739,gA,1.721,1.721,1.721,1.7210,3
6739,gP,1.745,1.745,1.745,1.7450,3
6740,g95e5,1.779,1.769,1.779,1.7740,4
6740,gA,1.909,1.909,1.909,1.9090,4
6740,gP,1.959,1.959,1.959,1.9590,4
6740,g98e5,1.919,1.909,1.919,1.9140,4
6743,g95e5,1.834,1.834,1.834,1.8340,3
6743,gA,1.994,1.974,1.994,1.9873,3
6743,gP,2.084,2.064,2.084,2.0773,3
6743,g95e5p,1.924,1.924,1.924,1.9240,3
6744,g95e5,1.834,1.834,1.834,1.8340,4
6744,gA,1.994,1.974,1.994,1.9873,3
6744,gP,2.084,2.064,2.084,2.0773,3
6744,g95e5p,1.924,1.924,1.924,1.9240,4
6745,g95e5,1.765,1.765,1.765,1.7650,3
6745,gA,1.959,1.955,1.959,1.9577,3
6745,g98e5,1.935,1.935,1.935,1.9350,3
6746,g95e5,1.765,1.765,1.765,1.7650,3
6746,gA,1.959,1.955,1.959,1.9577,3
6746,g98e5,1.935,1.935,1.935,1.9350,3
6749,gA,1.914,1.914,1.914,1.9140,2
6750,g95e5,1.759,1.759,1.759,1.7590,2
6750,gA,1.859,1.859,1.859,1.8590,2
6750,gP,1.949,1.949,1.949,1.9490,2
6750,g98e5,1.979,1.979,1.979,1.9790,2
6751,g95e5,1.765,1.749,1.769,1.7620,4
6751,gA,1.955,1.945,1.955,1.9510,4
6751,g98e5,1.935,1.935,1.939,1.9363,3
6751,gB,1.694,1.689,1.694,1.6923,3
6755,gA,1.999,1.974,1.999,1.9823,3
6758,g95e5,1.769,1.769,1.769,1.7690,3
6766,g95e5,1.789,1.789,1.789,1.7890,3
6766,gA,1.969,1.969,1.969,1.9690,3
6766,gP,2.029,2.029,2.029,2.0290,3
6768,g95e5,1.699,1.699,1.699,1.6990,2
6768,gA,1.889,1.869,1.889,1.8790,2
6768,gB,1.579,1.559,1.579,1.5690,2
6770,gA,1.984,1.984,1.984,1.9840,2
6770,gP,2.064,2.064,2.064,2.0640,2
6773,gA,2.019,2.019,2.019,2.0190,2
6773,gP,2.179,2.179,2.179,2.1790,2
6773,gB,1.749,1.749,1.749,1.7490,2
6774,gP,1.829,1.829,1.829,1.8290,3
6776,g95e5,1.755,1.755,1.755,1.7550,2
6776,gA,1.965,1.965,1.965,1.9650,2
6776,g98e5,1.929,1.929,1.929,1.9290,2
6776,gB,1.585,1.585,1.585,1.5850,2
6777,g95e5,1.749,1.749,1.749,1.7490,2
6777,gA,1.899,1.889,1.899,1.8940,2
6777,gP,1.999,1.999,1.999,1.9990,2
6777,g98e5,1.899,1.899,1.899,1.8990,2
6778,g95e5,1.774,1.774,1.774,1.7740,4
6778,gA,1.984,1.974,1.994,1.9815,4
6778,gP,2.054,2.044,2.064,2.0515,4
6778,g95e5p,1.854,1.854,1.854,1.8540,4
6778,gB,1.694,1.694,1.694,1.6940,2
6780,g95e5,1.759,1.759,1.759,1.7590,4
6780,gA,2.004,1.984,2.004,1.9940,4
6780,gP,2.084,2.064,2.084,2.0740,4
6780,g95e5p,1.874,1.874,1.874,1.8740,4
6780,gB,1.744,1.744,1.744,1.7440,2
6781,g95e5,1.765,1.765,1.765,1.7650,3
6781,gA,1.959,1.949,1.959,1.9557,3
6783,gA,1.984,1.964,1.984,1.9707,3
6783,gP,2.074,2.054,2.074,2.0607,3
6784,g95e5,1.719,1.719,1.719,1.7190,3
6784,gA,1.935,1.935,1.935,1.9350,3
6784,gP,2.045,2.045,2.045,2.0450,3
6784,gB,1.654,1.649,1.654,1.6523,3
6787,g95e5,1.659,1.649,1.659,1.6540,2
6787,gA,1.759,1.739,1.759,1.7490,2
6787,gP,1.779,1.759,1.779,1.7690,2
6787,g95e5p,1.679,1.669,1.679,1.6740,2
6788,gA,1.964,1.964,1.964,1.9640,2
6788,gP,2.054,2.054,2.054,2.0540,2
6788,gB,1.744,1.744,1.744,1.7440,2
6789,g95e5,1.774,1.774,1.774,1.7740,3
6789,gA,1.994,1.974,1.994,1.9873,3
6789,gP,2.054,2.034,2.054,2.0473,3
6790,g95e5,1.774,1.774,1.774,1.7740,3
6790,gA,1.994,1.974,1.994,1.9873,3
6790,gP,2.064,2.044,2.064,2.0573,3
6790,g95e5p,1.854,1.854,1.854,1.8540,3
6793,g95e5,1.779,1.779,1.779,1.7790,3
6793,gA,1.969,1.969,1.969,1.9690,3
6793,gP,2.049,2.049,2.049,2.0490,3
6794,g95e5,1.719,1.719,1.719,1.7190,3
6794,gA,1.935,1.929,1.935,1.9330,3
6795,g95e5,1.739,1.699,1.739,1.7223,3
6795,gA,1.909,1.889,1.909,1.8990,3
6795,gP,1.959,1.939,1.959,1.9490,3
6795,g98e5,1.839,1.799,1.839,1.8223,3
6796,g95e5,1.715,1.715,1.715,1.7150,2
6796,gA,1.935,1.915,1.935,1.9250,3
6796,gP,2.045,2.025,2.045,2.0350,3
6799,g95e5,1.789,1.789,1.789,1.7890,3
6799,gA,1.899,1.899,1.899,1.8990,3
6799,gP,1.999,1.999,1.999,1.9990,3
6799,g98e5,1.959,1.959,1.959,1.9590,3
6799,g95e5p,1.859,1.859,1.859,1.8590,3
6800,g95e5,1.715,1.715,1.715,1.7150,3
6800,gA,1.935,1.925,1.935,1.9317,3
6802,g95e5,1.769,1.769,1.769,1.7690,3
6802,gA,1.949,1.945,1.949,1.9477,3
6803,g95e5,1.725,1.725,1.725,1.7250,2
6803,gA,1.935,1.929,1.935,1.9330,3
6803,g98e5,1.895,1.895,1.895,1.8950,2
6807,g95e5,1.795,1.785,1.795,1.7925,4
6807,gA,1.909,1.905,1.909,1.9077,3
6807,gP,1.969,1.965,1.969,1.9677,3
6807,g98e5,1.915,1.915,1.915,1.9150,3
6807,g95e5p,1.865,1.865,1.865,1.8650,3
6807,glp,1.155,1.155,1.155,1.1550,2
6808,g95e5,1.795,1.785,1.795,1.7925,4
6808,gA,1.909,1.905,1.909,1.9077,3
6808,gP,1.969,1.965,1.969,1.9677,3
6808,g98e5,1.915,1.915,1.915,1.9150,3
6808,g95e5p,1.865,1.865,1.865,1.8650,3
6809,g95e5,1.769,1.769,1.775,1.7710,3
6809,gA,1.905,1.895,1.905,1.9017,3
6809,gP,1.995,1.985,1.995,1.9917,3
6809,g98e5,1.939,1.939,1.945,1.9410,3
6810,g95e5,1.719,1.719,1.719,1.7190,3
6810,gA,1.939,1.929,1.939,1.9357,3
6810,gB,1.694,1.689,1.694,1.6923,3
6811,g95e5,1.715,1.715,1.715,1.7150,3
6811,gA,1.935,1.925,1.935,1.9317,3
6811,g95e5p,1.785,1.785,1.785,1.7850,3
6811,gB,1.600,1.595,1.600,1.5983,3
6812,g95e5,1.809,1.809,1.809,1.8090,3
6812,gA,1.909,1.895,1.909,1.9043,3
6812,gP,2.019,2.005,2.019,2.0143,3
6812,g98e5,1.979,1.979,1.979,1.9790,3
6812,g95e5p,1.869,1.869,1.869,1.8690,3
6812,glp,1.119,1.119,1.119,1.1190,2
6813,g95e5,1.805,1.799,1.805,1.8030,3
6813,gA,1.909,1.899,1.909,1.9057,3
6813,g95e5p,1.875,1.869,1.875,1.8730,3
6814,g95e5,1.715,1.715,1.719,1.7163,3
6814,gA,1.935,1.935,1.935,1.9350,2
6814,gB,1.590,1.585,1.590,1.5883,3
6815,g95e5,1.709,1.709,1.709,1.7090,3
6815,gA,1.885,1.885,1.885,1.8850,2
6815,g98e5,1.879,1.879,1.879,1.8790,3
6815,gB,1.584,1.579,1.584,1.5823,3
6816,gA,1.935,1.919,1.935,1.9270,2
6816,gP,1.995,1.979,1.995,1.9870,2
6816,g98e5,1.985,1.985,1.985,1.9850,2
6819,g95e5,1.834,1.834,1.834,1.8340,3
6819,gA,1.964,1.944,1.964,1.9573,3
6819,gP,2.084,2.064,2.084,2.0773,3
6819,g95e5p,1.894,1.894,1.894,1.8940,3
6821,g95e5,1.775,1.775,1.775,1.7750,2
6821,gA,1.959,1.959,1.975,1.9670,2
6821,g98e5,1.935,1.935,1.935,1.9350,2
6821,gB,1.674,1.669,1.674,1.6715,2
6822,g95e5,1.835,1.835,1.835,1.8350,3
6822,gA,1.975,1.969,1.975,1.9730,3
6822,g98e5,2.005,2.005,2.005,2.0050,3
6824,g95e5,1.749,1.749,1.755,1.7510,3
6824,gA,1.909,1.889,1.909,1.9023,3
6824,gP,2.009,1.989,2.009,2.0023,3
6824,g98e5,1.919,1.919,1.925,1.9210,3
6827,g95e5,1.799,1.799,1.799,1.7990,2
6827,gA,1.899,1.899,1.899,1.8990,2
6827,gB,1.659,1.659,1.659,1.6590,2
6828,g95e5,1.509,1.509,1.509,1.5090,3
6828,gA,1.689,1.669,1.689,1.6823,3
6829,g95e5,1.699,1.699,1.699,1.6990,2
6829,gA,1.879,1.849,1.879,1.8590,3
6829,gP,1.919,1.889,1.919,1.8990,3
6829,g98e5,1.879,1.879,1.879,1.8790,2
6830,g95e5,1.749,1.739,1.749,1.7457,3
6830,gA,1.899,1.879,1.899,1.8923,3
6830,gP,1.989,1.969,1.989,1.9823,3
6830,g98e5,1.889,1.879,1.889,1.8857,3
6831,g95e5,1.849,1.849,1.849,1.8490,3
6831,gA,1.929,1.929,1.939,1.9323,3
6831,gP,1.989,1.989,1.999,1.9923,3
6831,g98e5,1.999,1.999,1.999,1.9990,3
6832,g95e5,1.829,1.829,1.829,1.8290,3
6832,gA,1.975,1.969,1.975,1.9730,3
6832,g98e5,1.999,1.999,1.999,1.9990,3
6832,g95e5p,1.899,1.899,1.899,1.8990,3
6833,g95e5,1.775,1.775,1.775,1.7750,3
6833,gA,1.979,1.975,1.979,1.9777,3
6833,g98e5,1.945,1.945,1.945,1.9450,3
6833,g95e5p,1.845,1.845,1.845,1.8450,3
6834,gA,1.909,1.909,1.909,1.9090,2
6834,gP,2.011,2.011,2.011,2.0110,2
6834,g98e5,1.924,1.924,1.924,1.9240,2
6836,g95e5,1.804,1.804,1.814,1.8107,3
6836,gA,1.939,1.929,1.939,1.9323,3
6836,gP,2.019,2.009,2.019,2.0123,3
6836,g98e5,1.944,1.944,1.954,1.9507,3
6837,g95e5,1.729,1.715,1.729,1.7243,3
6837,gA,1.905,1.889,1.905,1.8997,3
6837,gP,1.995,1.979,1.995,1.9897,3
6837,g98e5,1.869,1.855,1.869,1.8643,3
6838,g95e5,1.745,1.745,1.745,1.7450,2
6838,gA,1.889,1.879,1.889,1.8857,3
6838,gP,1.959,1.949,1.959,1.9557,3
6838,gB,1.640,1.635,1.640,1.6383,3
6840,g95e5,1.809,1.809,1.819,1.8123,3
6840,gA,1.909,1.909,1.909,1.9090,3
6841,g95e5,1.755,1.749,1.755,1.7530,3
6841,gA,1.899,1.899,1.899,1.8990,2
6841,gP,2.009,2.009,2.009,2.0090,2
6841,g98e5,1.925,1.919,1.925,1.9230,3
6842,g95e5,1.849,1.849,1.849,1.8490,3
6842,gA,1.945,1.939,1.945,1.9430,3
6842,gP,2.005,1.999,2.005,2.0030,3
6842,g98e5,1.999,1.999,1.999,1.9990,3
6843,g95e5,1.805,1.805,1.805,1.8050,3
6843,gA,1.899,1.895,1.899,1.8977,3
6843,g98e5,1.975,1.975,1.975,1.9750,3
6843,g95e5p,1.885,1.885,1.885,1.8850,3
6843,glp,1.119,1.119,1.119,1.1190,2
6844,g95e5,1.755,1.755,1.755,1.7550,2
6844,gA,1.879,1.879,1.879,1.8790,2
6844,gP,1.969,1.969,1.985,1.9743,3
6844,g98e5,1.895,1.895,1.895,1.8950,2
6846,g95e5,1.749,1.749,1.749,1.7490,3
6846,gA,1.915,1.895,1.915,1.9083,3
6846,gP,2.025,2.005,2.025,2.0183,3
6846,g98e5,1.919,1.919,1.919,1.9190,3
6847,g95e5,1.795,1.785,1.795,1.7917,3
6847,gA,1.915,1.899,1.915,1.9097,3
6847,gP,2.005,1.989,2.005,1.9997,3
6847,g98e5,1.935,1.925,1.935,1.9317,3
6848,g95e5,1.759,1.759,1.759,1.7590,3
6848,gA,1.874,1.874,1.874,1.8740,3
6848,gP,1.984,1.984,1.984,1.9840,3
6850,g95e5,1.789,1.789,1.799,1.7923,3
6850,gA,1.899,1.895,1.899,1.8977,3
6850,gP,2.009,2.005,2.009,2.0077,3
6850,g98e5,1.959,1.959,1.969,1.9623,3
6852,g95e5,1.759,1.759,1.759,1.7590,3
6852,g98e5,1.899,1.899,1.899,1.8990,3
6853,g95e5,1.709,1.709,1.719,1.7123,3
6853,gA,1.885,1.859,1.885,1.8760,4
6853,gP,1.995,1.985,1.995,1.9917,3
6853,g98e5,1.879,1.879,1.879,1.8790,2
6853,g95e5p,1.779,1.779,1.789,1.7823,3
6853,glp,1.135,1.135,1.135,1.1350,2
6857,g95e5,1.755,1.755,1.755,1.7550,3
6857,gA,1.889,1.885,1.889,1.8877,3
6857,g98e5,1.925,1.925,1.925,1.9250,3
6858,g95e5,1.745,1.745,1.745,1.7450,3
6858,gA,1.909,1.905,1.909,1.9077,3
6858,gP,2.019,2.015,2.019,2.0177,3
6858,g98e5,1.915,1.915,1.915,1.9150,3
6859,g95e5,1.745,1.745,1.745,1.7450,3
6859,gA,1.909,1.905,1.909,1.9077,3
6859,gP,1.999,1.995,1.999,1.9977,3
6859,g98e5,1.915,1.915,1.915,1.9150,3
6861,g95e5,1.765,1.765,1.765,1.7650,3
6861,gA,1.925,1.909,1.925,1.9185,4
6861,gP,2.005,1.995,2.005,2.0017,3
6861,g98e5,1.885,1.885,1.885,1.8850,3
6861,glp,1.195,1.195,1.195,1.1950,2
6862,g95e5,1.775,1.775,1.775,1.7750,3
6862,gA,1.889,1.879,1.889,1.8857,3
6862,g98e5,1.895,1.895,1.895,1.8950,3
6862,gB,1.610,1.605,1.610,1.6083,3
6863,g95e5,1.829,1.829,1.829,1.8290,3
6864,g95e5,1.769,1.769,1.769,1.7690,2
6864,gA,1.919,1.919,1.919,1.9190,2
6864,gP,2.019,2.019,2.019,2.0190,2
6867,g95e5,1.719,1.719,1.725,1.7210,3
6867,gA,1.939,1.929,1.939,1.9357,3
6867,gB,1.664,1.659,1.664,1.6623,3
6869,g95e5,1.789,1.789,1.789,1.7890,2
6869,gA,1.929,1.929,1.929,1.9290,2
6869,gP,2.019,2.019,2.019,2.0190,2
6869,g98e5,1.969,1.969,1.969,1.9690,2
6869,gB,1.709,1.709,1.709,1.7090,2
6870,g95e5,1.795,1.795,1.805,1.7983,3
6870,gA,1.899,1.899,1.899,1.8990,3
6870,gP,1.979,1.979,1.979,1.9790,3
6870,g98e5,1.955,1.955,1.965,1.9583,3
6871,g95e5,1.725,1.715,1.725,1.7200,4
6871,gA,1.995,1.975,1.995,1.9850,4
6871,g98e5,1.895,1.895,1.895,1.8950,2
6871,g95e5p,1.785,1.785,1.785,1.7850,2
6872,g95e5,1.649,1.639,1.649,1.6440,2
6872,gA,1.779,1.769,1.779,1.7740,2
6872,gP,1.789,1.779,1.789,1.7840,2
6875,g95e5,1.739,1.739,1.755,1.7443,3
6875,gA,1.989,1.985,1.989,1.9877,3
6875,gP,2.099,2.095,2.099,2.0977,3
6875,g95e5p,1.809,1.809,1.825,1.8143,3
6876,g95e5,1.775,1.775,1.775,1.7750,3
6876,gA,1.989,1.985,1.989,1.9877,3
6876,gP,2.049,2.045,2.049,2.0477,3
6876,g98e5,1.895,1.895,1.895,1.8950,3
6876,gB,1.640,1.635,1.640,1.6383,3
6877,g95e5,1.725,1.725,1.739,1.7297,3
6877,gA,1.945,1.929,1.945,1.9397,3
6877,g98e5,1.895,1.895,1.909,1.8997,3
6877,gB,1.640,1.635,1.640,1.6383,3
6881,g95e5,1.715,1.715,1.715,1.7150,3
6881,gA,1.939,1.925,1.939,1.9343,3
6881,g95e5p,1.785,1.785,1.785,1.7850,3
6881,gB,1.620,1.615,1.620,1.6183,3
6883,gA,1.894,1.894,1.894,1.8940,2
6883,gP,2.024,2.024,2.024,2.0240,2
6885,g95e5,1.734,1.734,1.734,1.7340,3
6885,gA,1.859,1.859,1.859,1.8590,3
6885,gP,1.919,1.919,1.919,1.9190,3
6885,g95e5p,1.794,1.794,1.794,1.7940,3
6886,gA,1.919,1.919,1.919,1.9190,2
6887,g95e5,1.765,1.719,1.765,1.7495,4
6887,gA,1.935,1.935,1.945,1.9383,3
6887,g98e5,1.935,1.919,1.935,1.9297,3
6887,gB,1.640,1.635,1.640,1.6383,3
6889,gA,1.909,1.909,1.909,1.9090,2
6889,gP,1.999,1.999,1.999,1.9990,2
6891,g95e5,1.699,1.699,1.699,1.6990,2
6891,gA,1.849,1.849,1.849,1.8490,2
6893,g95e5,1.809,1.805,1.809,1.8077,3
6893,gA,1.919,1.909,1.919,1.9157,3
6893,gP,2.009,1.999,2.009,2.0057,3
6893,g98e5,1.979,1.975,1.979,1.9777,3
6894,g95e5,1.819,1.819,1.819,1.8190,3
6894,gA,1.929,1.915,1.929,1.9243,3
6894,gP,1.989,1.975,1.989,1.9843,3
6895,g95e5,1.795,1.775,1.795,1.7883,3
6895,gA,1.905,1.885,1.905,1.8983,3
6895,gP,1.995,1.975,1.995,1.9883,3
6895,g98e5,1.935,1.915,1.935,1.9283,3
6896,g95e5,1.809,1.809,1.809,1.8090,3
6896,gA,1.945,1.939,1.945,1.9430,3
6896,g98e5,1.979,1.979,1.979,1.9790,3
6897,g95e5,1.775,1.775,1.775,1.7750,3
6897,gA,1.969,1.969,1.975,1.9710,3
6897,g98e5,1.935,1.935,1.935,1.9350,3
6897,gB,1.700,1.695,1.700,1.6983,3
6898,g95e5,1.719,1.719,1.719,1.7190,3
6898,gA,1.989,1.985,1.989,1.9877,3
6898,g98e5,1.889,1.889,1.889,1.8890,3
6900,g95e5,1.825,1.825,1.825,1.8250,3
6900,gA,1.965,1.959,1.965,1.9630,3
6900,gP,2.025,2.019,2.025,2.0230,3
6903,g95e5,1.779,1.779,1.779,1.7790,3
6903,gA,1.929,1.929,1.929,1.9290,3
6906,g95e5,1.759,1.749,1.759,1.7557,3
6906,gA,1.909,1.889,1.909,1.8957,3
6906,gP,1.989,1.969,1.989,1.9757,3
6906,g98e5,1.999,1.969,1.999,1.9840,2
6907,g95e5,1.805,1.805,1.805,1.8050,3
6907,gA,1.985,1.975,1.985,1.9817,3
6907,gB,1.700,1.695,1.700,1.6983,3
6908,g95e5,1.775,1.765,1.775,1.7725,4
6908,gA,1.959,1.959,1.975,1.9643,3
6908,g98e5,1.935,1.935,1.935,1.9350,3
6908,gB,1.674,1.669,1.674,1.6723,3
6909,g95e5,1.719,1.719,1.719,1.7190,3
6909,gA,1.955,1.945,1.955,1.9517,3
6909,gB,1.700,1.695,1.700,1.6983,3
6910,g95e5,1.785,1.765,1.785,1.7750,4
6910,gA,1.969,1.949,1.969,1.9605,4
6910,g98e5,1.935,1.935,1.935,1.9350,3
6910,glp,1.115,1.115,1.115,1.1150,2
6911,g95e5,1.729,1.729,1.739,1.7323,3
6911,gA,1.935,1.925,1.935,1.9317,3
6913,g95e5,1.725,1.709,1.725,1.7195,4
6913,gA,1.935,1.919,1.935,1.9295,4
6913,gP,2.045,2.039,2.045,2.0430,3
6913,g98e5,1.895,1.889,1.895,1.8930,3
6913,gB,1.640,1.635,1.640,1.6383,3
6914,g95e5,1.785,1.785,1.785,1.7850,3
6914,gA,1.905,1.899,1.905,1.9030,3
6914,gP,2.015,2.009,2.015,2.0130,3
6916,g95e5,1.719,1.719,1.719,1.7190,3
6916,gA,1.955,1.939,1.955,1.9497,3
6916,gP,2.065,2.049,2.065,2.0597,3
6917,g95e5,1.849,1.849,1.849,1.8490,3
6917,gA,1.949,1.949,1.959,1.9523,3
6917,gP,2.029,2.029,2.039,2.0323,3
6917,g98e5,1.969,1.969,1.969,1.9690,3
6919,g95e5,1.775,1.775,1.775,1.7750,3
6919,gA,1.889,1.879,1.889,1.8857,3
6919,gB,1.670,1.665,1.670,1.6683,3
6921,g95e5,1.715,1.715,1.715,1.7150,3
6921,gA,1.935,1.925,1.935,1.9317,3
6921,gB,1.604,1.599,1.604,1.6023,3
6922,g95e5,1.795,1.795,1.795,1.7950,3
6922,gA,1.989,1.985,1.989,1.9877,3
6922,gP,2.049,2.045,2.049,2.0477,3
6923,g95e5,1.709,1.709,1.709,1.7090,3
6923,gA,1.885,1.875,1.885,1.8817,3
6923,gP,1.995,1.985,1.995,1.9917,3
6923,g98e5,1.879,1.879,1.879,1.8790,3
6923,gB,1.620,1.615,1.620,1.6183,3
6924,g95e5,1.789,1.789,1.789,1.7890,3
6924,gA,1.945,1.945,1.945,1.9450,2
6924,gB,1.670,1.665,1.670,1.6683,3
6926,g95e5,1.759,1.749,1.759,1.7557,3
6926,gA,1.909,1.909,1.909,1.9090,2
6926,gP,1.999,1.999,1.999,1.9990,2
6926,g98e5,1.898,1.889,1.898,1.8950,3
6927,gA,1.889,1.889,1.889,1.8890,2
6927,gP,1.994,1.994,1.994,1.9940,2
6928,g95e5,1.719,1.719,1.719,1.7190,3
6928,gA,1.939,1.935,1.939,1.9380,4
6928,gP,2.039,2.039,2.039,2.0390,3
6928,g98e5,1.889,1.889,1.889,1.8890,3
6928,gB,1.694,1.689,1.694,1.6923,3
6929,g95e5,1.769,1.769,1.769,1.7690,3
6929,gA,1.949,1.935,1.949,1.9445,4
6929,gP,2.009,2.005,2.009,2.0077,3
6929,g98e5,1.889,1.889,1.889,1.8890,3
6930,g95e5,1.769,1.769,1.769,1.7690,3
6930,gA,1.949,1.945,1.949,1.9477,3
6930,gP,2.009,2.005,2.009,2.0077,3
6931,g95e5,1.715,1.715,1.725,1.7183,3
6931,gA,1.949,1.949,1.969,1.9557,3
6931,g98e5,1.885,1.885,1.895,1.8883,3
6931,gB,1.650,1.645,1.650,1.6483,3
6933,g95e5,1.715,1.715,1.715,1.7150,3
6933,gA,1.935,1.925,1.935,1.9317,3
6933,gP,2.045,2.035,2.045,2.0417,3
6933,g95e5p,1.775,1.775,1.775,1.7750,3
6933,gB,1.590,1.585,1.590,1.5883,3
6934,g95e5,1.719,1.719,1.725,1.7210,3
6934,g98e5,1.889,1.889,1.895,1.8910,3
6934,gB,1.634,1.629,1.634,1.6323,3
6935,g95e5,1.719,1.719,1.729,1.7223,3
6935,gA,1.945,1.935,1.945,1.9417,3
6935,g98e5,1.889,1.889,1.899,1.8923,3
6935,gB,1.640,1.635,1.640,1.6383,3
6937,gA,1.904,1.904,1.904,1.9040,2
6937,gP,1.995,1.995,1.995,1.9950,2
6937,gB,1.669,1.669,1.669,1.6690,2
6938,g95e5,1.745,1.739,1.745,1.7430,3
6938,gA,1.955,1.945,1.955,1.9517,3
6938,g98e5,1.915,1.909,1.915,1.9130,3
6938,glp,1.119,1.119,1.119,1.1190,2
6938,gB,1.640,1.635,1.640,1.6383,3
6939,g95e5,1.749,1.749,1.749,1.7490,3
6939,gA,1.909,1.899,1.909,1.9057,3
6939,g98e5,1.919,1.919,1.919,1.9190,3
6940,g95e5,1.769,1.759,1.769,1.7665,4
6940,gA,1.949,1.945,1.955,1.9495,4
6940,g98e5,1.889,1.889,1.889,1.8890,3
6940,gB,1.700,1.695,1.700,1.6983,3
6941,g95e5,1.789,1.789,1.789,1.7890,3
6941,gA,1.965,1.949,1.965,1.9597,3
6941,gP,2.055,2.039,2.055,2.0497,3
6942,g95e5,1.729,1.729,1.729,1.7290,3
6942,gA,1.939,1.935,1.939,1.9377,3
6943,g95e5,1.729,1.729,1.729,1.7290,3
6943,gA,1.939,1.929,1.939,1.9355,4
6943,g98e5,1.899,1.899,1.899,1.8990,3
6944,g95e5,1.775,1.775,1.775,1.7750,3
6944,gA,1.929,1.909,1.929,1.9223,3
6944,g98e5,1.895,1.895,1.895,1.8950,3
6944,g95e5p,1.835,1.835,1.835,1.8350,3
6945,g95e5,1.729,1.725,1.729,1.7277,3
6945,gA,1.889,1.875,1.889,1.8843,3
6945,g98e5,1.899,1.895,1.899,1.8977,3
6946,g95e5,1.742,1.742,1.742,1.7420,4
6946,gA,1.818,1.818,1.818,1.8180,4
6946,gP,1.864,1.864,1.864,1.8640,4
6947,g95e5,1.715,1.715,1.715,1.7150,3
6947,gA,1.935,1.925,1.935,1.9317,3
6947,gP,2.045,2.035,2.045,2.0417,3
6948,g95e5,1.769,1.769,1.769,1.7690,3
6948,gA,1.909,1.909,1.909,1.9090,3
6948,gP,1.970,1.970,1.970,1.9700,3
6948,g98e5,1.889,1.889,1.889,1.8890,3
6948,gB,1.709,1.709,1.709,1.7090,3
6950,g95e5,1.735,1.735,1.735,1.7350,3
6950,gA,1.955,1.955,1.955,1.9550,2
6950,gP,2.035,2.025,2.035,2.0317,3
6950,g95e5p,1.795,1.795,1.795,1.7950,3
6950,gB,1.650,1.645,1.650,1.6483,3
6954,g95e5,1.729,1.729,1.729,1.7290,3
6954,gA,1.889,1.879,1.889,1.8857,3
6954,gP,1.999,1.989,1.999,1.9957,3
6954,g98e5,1.899,1.899,1.899,1.8990,3
6955,g95e5,1.835,1.825,1.835,1.8325,4
6955,gA,1.989,1.975,1.989,1.9845,4
6955,g98e5,2.005,2.005,2.005,2.0050,3
6956,g95e5,1.709,1.709,1.709,1.7090,3
6956,gA,1.915,1.895,1.915,1.9083,3
6956,gP,2.025,2.005,2.025,2.0183,3
6956,gB,1.584,1.579,1.584,1.5823,3
6957,g95e5,1.815,1.815,1.815,1.8150,3
6957,gA,1.985,1.985,1.985,1.9850,3
6957,gP,2.045,2.045,2.045,2.0450,3
6957,g98e5,1.985,1.985,1.985,1.9850,3
6958,g95e5,1.739,1.739,1.755,1.7443,3
6958,gA,1.905,1.905,1.905,1.9050,2
6958,g98e5,1.909,1.909,1.925,1.9143,3
6959,g95e5,1.739,1.739,1.739,1.7390,3
6959,gA,1.909,1.905,1.909,1.9077,3
6959,gP,2.019,2.015,2.019,2.0177,3
6959,g98e5,1.909,1.909,1.909,1.9090,3
6961,g95e5,1.769,1.769,1.769,1.7690,3
6961,gA,1.975,1.975,1.975,1.9750,2
6961,g98e5,1.939,1.939,1.939,1.9390,3
6962,g95e5,1.729,1.729,1.729,1.7290,3
6962,gA,1.909,1.905,1.909,1.9077,3
6962,gP,2.009,2.005,2.009,2.0077,3
6962,g98e5,1.899,1.899,1.899,1.8990,3
6963,g95e5,1.729,1.729,1.729,1.7290,3
6963,gA,1.909,1.905,1.909,1.9077,3
6963,gP,2.009,2.005,2.009,2.0077,3
6963,g98e5,1.899,1.899,1.899,1.8990,3
6964,g95e5,1.745,1.745,1.745,1.7450,3
6964,gA,1.929,1.915,1.929,1.9243,3
6964,g98e5,1.865,1.865,1.865,1.8650,3
6964,glp,1.169,1.169,1.169,1.1690,2
6966,gA,1.899,1.899,1.899,1.8990,2
6966,gB,1.674,1.674,1.674,1.6740,2
6967,g95e5,1.785,1.785,1.785,1.7850,3
6967,gA,1.899,1.895,1.899,1.8977,3
6969,g95e5,1.775,1.775,1.775,1.7750,3
6969,gA,1.969,1.955,1.969,1.9630,4
6969,g98e5,1.895,1.895,1.895,1.8950,3
6971,g95e5,1.759,1.759,1.759,1.7590,3
6971,gA,1.915,1.905,1.915,1.9117,3
6971,g98e5,1.929,1.929,1.929,1.9290,3
6972,g95e5,1.815,1.815,1.815,1.8150,3
6972,gA,1.949,1.945,1.949,1.9477,3
6972,g98e5,1.935,1.935,1.935,1.9350,3
6972,glp,1.185,1.185,1.185,1.1850,2
6972,gB,1.664,1.659,1.664,1.6623,3
6973,g95e5,1.815,1.815,1.815,1.8150,3
6973,gA,1.949,1.945,1.949,1.9477,3
6973,g98e5,1.935,1.935,1.935,1.9350,3
6973,gB,1.664,1.659,1.664,1.6623,3
6975,g95e5,1.739,1.735,1.739,1.7377,3
6975,gA,1.969,1.959,1.969,1.9657,3
6975,gP,2.029,2.019,2.029,2.0257,3
6975,g98e5,1.909,1.905,1.909,1.9077,3
6976,g95e5,1.759,1.759,1.759,1.7590,3
6976,gA,1.909,1.905,1.909,1.9077,3
6976,gP,2.019,2.015,2.019,2.0177,3
6976,g98e5,1.929,1.929,1.929,1.9290,3
6977,g95e5,1.725,1.725,1.725,1.7250,3
6977,gA,1.919,1.915,1.919,1.9177,3
6977,gP,2.029,2.025,2.029,2.0277,3
6977,g98e5,1.895,1.895,1.895,1.8950,3
6978,g95e5,1.769,1.769,1.769,1.7690,3
6978,gA,1.909,1.899,1.909,1.9057,3
6978,gP,1.969,1.959,1.969,1.9657,3
6978,g98e5,1.889,1.889,1.889,1.8890,3
6978,glp,1.115,1.115,1.115,1.1150,2
6984,g95e5,1.794,1.775,1.794,1.7845,2
6984,gA,1.905,1.885,1.905,1.8950,2
6984,gP,1.995,1.975,1.995,1.9850,2
6987,g95e5,1.779,1.769,1.779,1.7740,4
6987,gA,1.949,1.919,1.949,1.9315,4
6987,gP,1.999,1.969,1.999,1.9815,4
6987,g95e5p,1.829,1.819,1.829,1.8240,4
6988,g95e5,1.859,1.859,1.859,1.8590,2
6988,gA,1.969,1.969,1.969,1.9690,2
6988,gP,2.059,2.059,2.059,2.0590,2
6988,g98e5,1.999,1.999,1.999,1.9990,2
6989,g95e5,1.859,1.859,1.859,1.8590,2
6989,gA,1.969,1.969,1.969,1.9690,2
6989,gP,2.059,2.059,2.059,2.0590,2
6989,g98e5,1.999,1.999,1.999,1.9990,2
6991,g95e5,1.669,1.669,1.669,1.6690,2
6991,gA,1.759,1.759,1.759,1.7590,2
6991,g98e5,1.759,1.759,1.759,1.7590,2
6991,bio,1.669,1.669,1.669,1.6690,2
6992,gA,1.864,1.864,1.864,1.8640,2
6992,gP,1.934,1.934,1.934,1.9340,2
6993,g95e5,1.819,1.819,1.819,1.8190,2
6993,gA,1.929,1.925,1.929,1.9277,3
6993,gP,2.019,2.015,2.019,2.0177,3
6993,g98e5,1.959,1.959,1.959,1.9590,2
6997,g95e5,1.659,1.649,1.659,1.6515,4
6997,gA,1.799,1.769,1.799,1.7765,4
6997,gP,1.849,1.819,1.849,1.8265,4
6997,g98e5,1.799,1.789,1.799,1.7915,4
7001,gA,1.969,1.969,1.969,1.9690,3
7001,gP,2.079,2.079,2.079,2.0790,3
7001,gB,1.629,1.629,1.629,1.6290,3
7002,gA,1.989,1.989,1.989,1.9890,2
7002,gP,2.099,2.099,2.099,2.0990,2
7002,gB,1.649,1.649,1.649,1.6490,2
7003,g95e5,1.759,1.759,1.759,1.7590,3
7003,gA,1.899,1.899,1.899,1.8990,3
7003,gP,1.949,1.949,1.949,1.9490,3
7003,g98e5,1.919,1.919,1.919,1.9190,3
7004,g95e5,1.759,1.759,1.759,1.7590,3
7004,gA,1.899,1.899,1.899,1.8990,3
7004,gP,1.949,1.949,1.949,1.9490,3
7004,g98e5,1.919,1.919,1.919,1.9190,3
7006,g95e5,1.779,1.779,1.779,1.7790,2
7006,gA,1.909,1.909,1.909,1.9090,2
7007,g95e5,1.759,1.759,1.759,1.7590,2
7007,gA,1.889,1.889,1.889,1.8890,2
7007,gP,1.939,1.939,1.939,1.9390,2
7008,g95e5,1.689,1.689,1.689,1.6890,2
7008,gA,1.839,1.839,1.839,1.8390,2
7008,gP,1.929,1.929,1.929,1.9290,2
7010,g95e5,1.619,1.619,1.619,1.6190,2
7010,gA,1.769,1.769,1.769,1.7690,2
7010,g98e5,1.769,1.769,1.769,1.7690,2
7010,bio,1.719,1.719,1.719,1.7190,2
7011,g95e5,1.699,1.689,1.699,1.6915,4
7011,gA,1.809,1.779,1.809,1.7865,4
7011,gP,1.859,1.829,1.859,1.8365,4
7011,g95e5p,1.749,1.739,1.749,1.7415,4
7013,g95e5,1.719,1.719,1.719,1.7190,2
7013,gA,1.859,1.859,1.859,1.8590,2
7013,g98e5,1.859,1.859,1.859,1.8590,2
7013,bio,1.759,1.759,1.759,1.7590,2
7014,g95e5,1.804,1.804,1.804,1.8040,3
7014,gA,1.924,1.924,1.924,1.9240,3
7014,gP,1.984,1.984,1.984,1.9840,3
7014,g98e5,1.904,1.904,1.904,1.9040,3
7014,gB,1.614,1.614,1.614,1.6140,3
7016,g95e5,1.699,1.699,1.699,1.6990,3
7016,g98e5,1.839,1.839,1.839,1.8390,3
7021,g95e5,1.619,1.619,1.619,1.6190,2
7021,gA,1.779,1.779,1.779,1.7790,2
7021,gP,1.819,1.819,1.819,1.8190,2
7021,bio,1.719,1.719,1.719,1.7190,2
7023,g95e5,1.769,1.755,1.769,1.7620,2
7023,gA,1.959,1.949,1.959,1.9540,2
7023,gP,2.049,2.039,2.049,2.0440,2
7023,g98e5,1.909,1.895,1.909,1.9020,2
7023,gB,1.609,1.609,1.609,1.6090,2
7024,g95e5,1.785,1.785,1.785,1.7850,3
7024,gA,1.925,1.925,1.925,1.9250,3
7024,gP,1.945,1.945,1.945,1.9450,3
7024,g95e5p,1.805,1.805,1.805,1.8050,3
7027,g95e5,1.659,1.659,1.669,1.6623,3
7027,gA,1.759,1.759,1.759,1.7590,3
7029,gA,1.735,1.735,1.735,1.7350,2
7030,g95e5,1.749,1.739,1.749,1.7423,3
7030,gA,1.979,1.959,1.979,1.9657,3
7030,gB,1.599,1.589,1.599,1.5923,3
7032,g95e5,1.759,1.749,1.759,1.7523,3
7032,gA,1.969,1.959,1.969,1.9623,3
7032,gB,1.599,1.589,1.599,1.5923,3
7046,gA,1.879,1.869,1.879,1.8740,2
7046,gP,1.919,1.909,1.919,1.9140,2
7046,g98e5,1.909,1.909,1.909,1.9090,2
7047,g95e5,1.699,1.699,1.699,1.6990,2
7047,gP,1.839,1.839,1.839,1.8390,2
7047,g98e5,1.899,1.899,1.899,1.8990,2
7048,g95e5,1.679,1.679,1.679,1.6790,2
7048,gA,1.879,1.879,1.879,1.8790,2
7048,gP,1.989,1.989,1.989,1.9890,2
7048,gB,1.619,1.619,1.619,1.6190,2
7049,g95e5,1.649,1.609,1.649,1.6223,3
7049,g95e5p,1.669,1.629,1.669,1.6423,3
7050,g98e5,1.899,1.899,1.899,1.8990,2
7051,g95e5,1.739,1.719,1.739,1.7290,3
7051,gA,1.889,1.879,1.889,1.8823,3
7051,gP,1.929,1.919,1.929,1.9223,3
7051,g98e5,1.889,1.879,1.889,1.8840,2
7052,g95e5,1.709,1.709,1.709,1.7090,2
7052,gA,1.879,1.849,1.879,1.8640,2
7052,gP,1.919,1.889,1.919,1.9040,2
7052,g98e5,1.909,1.909,1.909,1.9090,2
7054,g95e5,1.764,1.764,1.764,1.7640,2
7054,gA,1.984,1.964,1.984,1.9740,4
7054,gP,2.064,2.044,2.064,2.0540,4
7054,g95e5p,1.864,1.864,1.864,1.8640,2
7054,gB,1.714,1.714,1.714,1.7140,2
7058,g95e5,1.609,1.609,1.609,1.6090,2
7058,gA,1.719,1.699,1.719,1.7090,2
7062,g95e5,1.765,1.765,1.765,1.7650,2
7062,gA,1.945,1.925,1.945,1.9383,3
7062,gP,2.035,2.015,2.035,2.0283,3
7063,g95e5,1.679,1.669,1.679,1.6715,4
7063,gA,1.809,1.799,1.809,1.8015,4
7063,gP,1.859,1.849,1.859,1.8515,4
7063,g98e5,1.799,1.789,1.799,1.7915,4
7064,g95e5,1.739,1.739,1.739,1.7390,4
7064,gA,1.889,1.869,1.889,1.8815,4
7064,gP,1.939,1.919,1.939,1.9315,4
7065,g95e5,1.739,1.739,1.739,1.7390,4
7065,gA,1.869,1.869,1.869,1.8690,4
7065,gP,1.919,1.919,1.919,1.9190,4
7065,g95e5p,1.789,1.789,1.789,1.7890,4
7066,g95e5,1.795,1.795,1.795,1.7950,2
7066,gA,1.959,1.959,1.959,1.9590,2
7066,gP,2.049,2.049,2.049,2.0490,2
7066,g98e5,1.935,1.935,1.935,1.9350,2
7067,g95e5,1.749,1.719,1.749,1.7290,4
7067,gA,1.879,1.839,1.879,1.8540,4
7067,gP,1.929,1.889,1.929,1.9040,4
7068,g95e5,1.814,1.814,1.814,1.8140,4
7068,gA,1.954,1.944,1.954,1.9465,4
7068,gP,2.044,2.034,2.044,2.0365,4
7068,g95e5p,1.864,1.864,1.864,1.8640,4
7069,g95e5,1.774,1.764,1.784,1.7765,4
7069,gA,1.944,1.944,1.944,1.9440,4
7069,gP,1.994,1.994,1.994,1.9940,4
7069,g98e5,1.894,1.884,1.904,1.8965,4
7070,g95e5,1.569,1.554,1.569,1.5615,2
7070,gA,1.719,1.699,1.719,1.7090,2
7071,gA,1.949,1.934,1.949,1.9377,4
7071,gP,1.999,1.984,1.999,1.9878,4
7071,g98e5,1.894,1.884,1.894,1.8902,4
7071,g95e5p,1.894,1.884,1.894,1.8902,4
7072,g95e5,1.719,1.719,1.719,1.7190,2
7072,gA,1.859,1.859,1.859,1.8590,2
7073,g95e5,1.744,1.744,1.744,1.7440,2
7073,gA,1.924,1.914,1.924,1.9207,3
7073,gP,2.004,1.994,2.004,2.0007,3
7073,g98e5,1.884,1.884,1.884,1.8840,2
7074,g95e5,1.744,1.744,1.744,1.7440,2
7074,gA,1.924,1.914,1.924,1.9207,3
7074,gP,2.004,1.994,2.004,2.0007,3
7074,g98e5,1.884,1.884,1.884,1.8840,2
7078,gA,1.959,1.959,1.959,1.9590,2
7078,g98e5,1.949,1.949,1.949,1.9490,2
7078,gB,1.529,1.529,1.529,1.5290,2
7082,g95e5,1.715,1.715,1.715,1.7150,3
7082,gA,1.915,1.915,1.915,1.9150,3
7082,gP,2.025,2.025,2.025,2.0250,3
7082,g95e5p,1.775,1.775,1.775,1.7750,3
7085,gA,1.889,1.879,1.889,1.8840,2
7085,gP,1.999,1.999,1.999,1.9990,2
7086,g95e5,1.755,1.755,1.755,1.7550,3
7086,gA,1.939,1.935,1.939,1.9377,3
7086,gP,2.019,2.015,2.019,2.0177,3
7086,g98e5,1.925,1.925,1.925,1.9250,3
7089,g95e5,1.759,1.749,1.759,1.7557,3
7089,gA,1.949,1.945,1.949,1.9477,3
7089,g98e5,1.899,1.889,1.899,1.8957,3
7089,g95e5p,1.829,1.819,1.829,1.8257,3
7089,glp,1.109,1.109,1.109,1.1090,2
7090,g95e5,1.825,1.825,1.825,1.8250,2
7090,gA,1.965,1.965,1.965,1.9650,2
7090,gP,2.055,2.055,2.055,2.0550,2
7090,g98e5,1.965,1.965,1.965,1.9650,2
7093,g95e5,1.759,1.759,1.759,1.7590,3
7093,gA,1.949,1.939,1.949,1.9440,2
7093,gP,2.029,2.019,2.029,2.0240,2
7094,g95e5,1.769,1.769,1.769,1.7690,2
7094,gA,1.959,1.949,1.959,1.9557,3
7095,g95e5,1.769,1.769,1.769,1.7690,2
7095,gA,1.959,1.949,1.959,1.9557,3
7096,g95e5,1.799,1.789,1.799,1.7923,3
7096,gA,1.969,1.949,1.969,1.9557,3
7096,gP,2.049,2.029,2.049,2.0357,3
7096,gB,1.739,1.719,1.739,1.7257,3
7097,g95e5,1.775,1.775,1.775,1.7750,3
7097,gA,1.965,1.959,1.965,1.9630,3
7097,gP,2.055,2.049,2.055,2.0530,3
7097,g95e5p,1.845,1.845,1.845,1.8450,3
7097,glp,1.145,1.145,1.145,1.1450,2
7100,g95e5,1.759,1.759,1.759,1.7590,3
7100,gA,1.929,1.929,1.929,1.9290,3
7100,g98e5,1.929,1.929,1.929,1.9290,3
7102,g95e5,1.789,1.779,1.789,1.7857,3
7102,gA,1.949,1.929,1.949,1.9423,3
7102,gP,2.039,2.019,2.039,2.0323,3
7102,g98e5,1.929,1.919,1.929,1.9257,3
7103,g95e5,1.775,1.775,1.775,1.7750,3
7103,gA,1.955,1.949,1.955,1.9530,3
7103,gP,2.035,2.029,2.035,2.0330,3
7103,g98e5,1.945,1.945,1.945,1.9450,3
7104,gA,1.789,1.789,1.789,1.7890,3
7105,g95e5,1.745,1.745,1.745,1.7450,3
7105,gA,1.925,1.925,1.925,1.9250,3
7105,gP,2.035,2.035,2.035,2.0350,3
7105,g98e5,1.915,1.915,1.915,1.9150,3
7106,g95e5,1.745,1.745,1.745,1.7450,3
7106,gA,1.925,1.925,1.925,1.9250,3
7106,gP,2.035,2.035,2.035,2.0350,3
7106,g98e5,1.915,1.915,1.915,1.9150,3
7108,gA,1.949,1.949,1.949,1.9490,2
7108,gP,2.029,2.029,2.029,2.0290,2
7108,gB,1.699,1.699,1.699,1.6990,2
7111,g95e5,1.829,1.829,1.829,1.8290,3
7111,gA,1.989,1.985,1.989,1.9877,3
7111,g98e5,1.949,1.949,1.949,1.9490,3
7115,g95e5,1.795,1.795,1.795,1.7950,2
7115,gA,1.959,1.959,1.959,1.9590,2
7115,gP,2.049,2.049,2.049,2.0490,2
7115,g98e5,1.935,1.935,1.935,1.9350,2
7117,g95e5,1.739,1.729,1.739,1.7365,4
7117,gA,1.929,1.915,1.929,1.9245,4
7117,g98e5,1.909,1.909,1.909,1.9090,3
7117,glp,1.109,1.109,1.109,1.1090,2
7118,g95e5,1.788,1.778,1.788,1.7847,3
7118,gA,1.928,1.928,1.928,1.9280,3
7118,gP,2.028,2.018,2.028,2.0247,3
7119,g95e5,1.809,1.809,1.829,1.8157,3
7119,gA,1.969,1.969,1.985,1.9743,3
7119,gP,2.029,2.029,2.045,2.0343,3
7119,g98e5,1.929,1.929,1.929,1.9290,2
7120,g95e5,1.739,1.729,1.739,1.7365,4
7120,gA,1.929,1.915,1.929,1.9245,4
7120,gP,2.009,2.005,2.009,2.0077,3
7120,g98e5,1.909,1.909,1.909,1.9090,3
7120,glp,1.139,1.139,1.139,1.1390,2
7120,gB,1.640,1.635,1.640,1.6383,3
7121,g95e5,1.779,1.779,1.779,1.7790,2
7121,gA,1.949,1.949,1.949,1.9490,2
7121,gP,2.039,2.039,2.039,2.0390,2
7121,g98e5,1.919,1.919,1.919,1.9190,2
7122,g95e5,1.745,1.745,1.745,1.7450,2
7122,gA,1.949,1.935,1.949,1.9430,3
7122,g98e5,1.915,1.905,1.915,1.9117,3
7123,g95e5,1.739,1.739,1.739,1.7390,3
7123,gA,1.929,1.925,1.929,1.9277,3
7123,gP,2.039,2.035,2.039,2.0377,3
7123,g98e5,1.909,1.909,1.909,1.9090,3
7123,g95e5p,1.809,1.809,1.809,1.8090,3
7123,gB,1.640,1.635,1.640,1.6383,3
7124,g95e5,1.808,1.808,1.808,1.8080,2
7124,gA,1.938,1.928,1.938,1.9347,3
7124,gP,2.028,2.018,2.028,2.0247,3
7124,g98e5,1.958,1.958,1.958,1.9580,2
7125,g95e5,1.628,1.628,1.628,1.6280,2
7125,gA,1.748,1.738,1.748,1.7430,2
7125,gP,1.808,1.798,1.808,1.8030,2
7125,g95e5p,1.688,1.688,1.688,1.6880,2
7128,gA,1.899,1.899,1.899,1.8990,3
7129,g95e5,1.745,1.745,1.745,1.7450,3
7129,gA,1.949,1.945,1.949,1.9477,3
7129,g98e5,1.915,1.915,1.915,1.9150,3
7130,g95e5,1.835,1.829,1.835,1.8330,3
7130,gA,1.945,1.935,1.945,1.9417,3
7130,gP,2.005,1.995,2.005,2.0017,3
7130,g98e5,1.955,1.949,1.955,1.9530,3
7131,g95e5,1.799,1.799,1.799,1.7990,3
7131,gA,1.965,1.965,1.969,1.9663,3
7131,gP,2.045,2.045,2.049,2.0463,3
7131,g98e5,1.929,1.929,1.929,1.9290,3
7134,g95e5,1.749,1.749,1.749,1.7490,3
7134,gA,1.935,1.925,1.935,1.9317,3
7134,gP,2.005,1.995,2.005,2.0017,3
7134,g98e5,1.919,1.919,1.919,1.9190,3
7134,g95e5p,1.829,1.829,1.829,1.8290,3
7134,glp,1.109,1.109,1.109,1.1090,2
7137,g95e5,1.799,1.799,1.799,1.7990,2
7137,gA,1.969,1.969,1.975,1.9720,2
7137,gP,2.039,2.039,2.045,2.0410,3
7137,g98e5,1.929,1.929,1.929,1.9290,2
7138,g95e5,1.759,1.749,1.759,1.7557,3
7138,gA,1.955,1.945,1.955,1.9517,3
7138,g98e5,1.929,1.919,1.929,1.9257,3
7139,g95e5,1.825,1.819,1.825,1.8210,3
7139,gA,1.939,1.929,1.939,1.9323,3
7139,g98e5,1.945,1.939,1.945,1.9410,3
7140,g95e5,1.825,1.819,1.825,1.8210,3
7140,gA,1.939,1.929,1.939,1.9323,3
7141,gA,1.918,1.898,1.918,1.9080,3
7141,gP,2.028,2.018,2.028,2.0247,3
7141,g98e5,1.948,1.948,1.948,1.9480,2
7142,gA,1.948,1.948,1.948,1.9480,3
7142,gP,2.028,2.018,2.028,2.0247,3
7142,g98e5,1.958,1.958,1.958,1.9580,2
7143,g95e5,1.788,1.778,1.788,1.7830,2
7143,gA,1.948,1.938,1.948,1.9413,3
7143,gP,2.028,2.018,2.028,2.0247,3
7143,g98e5,1.958,1.958,1.958,1.9580,2
7144,gA,1.948,1.948,1.948,1.9480,3
7144,gP,2.028,2.018,2.028,2.0247,3
7145,g95e5,1.838,1.828,1.838,1.8330,2
7145,gA,1.958,1.948,1.958,1.9547,3
7145,gP,2.028,2.018,2.028,2.0247,3
7145,g98e5,1.958,1.958,1.958,1.9580,2
7146,gA,1.958,1.948,1.958,1.9547,3
7146,gP,2.028,2.018,2.028,2.0247,3
7146,g98e5,1.958,1.958,1.958,1.9580,2
7147,g95e5,1.779,1.779,1.779,1.7790,3
7147,gA,1.979,1.979,1.985,1.9810,3
7147,g98e5,1.949,1.949,1.949,1.9490,3
7150,g95e5,1.715,1.715,1.715,1.7150,3
7150,gA,1.945,1.935,1.945,1.9417,3
7150,gP,2.055,2.045,2.055,2.0517,3
7151,g95e5,1.719,1.719,1.719,1.7190,3
7151,gA,1.915,1.915,1.915,1.9150,3
7151,gP,2.025,2.025,2.025,2.0250,3
7152,g95e5,1.755,1.755,1.755,1.7550,2
7152,gA,1.955,1.955,1.955,1.9550,2
7152,gP,2.055,2.055,2.055,2.0550,2
7152,g98e5,1.875,1.875,1.875,1.8750,2
7153,g95e5,1.715,1.715,1.715,1.7150,2
7153,gA,1.915,1.915,1.915,1.9150,3
7153,gP,2.025,2.025,2.025,2.0250,3
7154,g95e5,1.795,1.785,1.795,1.7925,4
7154,gA,1.945,1.939,1.945,1.9430,3
7154,gP,2.055,2.049,2.055,2.0530,3
7154,g98e5,1.915,1.915,1.915,1.9150,3
7156,g95e5,1.779,1.769,1.779,1.7765,4
7156,gA,1.979,1.959,1.979,1.9730,4
7156,gP,2.039,2.035,2.039,2.0377,3
7156,g98e5,1.949,1.949,1.949,1.9490,3
7157,g95e5,1.799,1.799,1.799,1.7990,2
7157,gA,1.939,1.939,1.939,1.9390,2
7157,gP,1.989,1.989,1.989,1.9890,2
7159,g95e5,1.699,1.699,1.699,1.6990,3
7159,gA,1.854,1.854,1.854,1.8540,3
7159,gB,1.559,1.559,1.559,1.5590,3
7161,g95e5,1.749,1.749,1.749,1.7490,3
7161,gA,1.955,1.955,1.959,1.9560,4
7161,gP,2.015,2.015,2.019,2.0163,3
7161,g98e5,1.919,1.919,1.919,1.9190,3
7162,g95e5,1.749,1.749,1.749,1.7490,3
7162,gA,1.955,1.955,1.959,1.9563,3
7162,gP,2.015,2.015,2.019,2.0163,3
7162,g98e5,1.919,1.919,1.919,1.9190,3
7163,g95e5,1.835,1.835,1.835,1.8350,3
7163,gA,1.949,1.949,1.949,1.9490,2
7163,gP,2.009,2.009,2.009,2.0090,2
7163,g98e5,1.955,1.955,1.955,1.9550,3
7165,gA,1.948,1.948,1.948,1.9480,3
7166,g95e5,1.798,1.778,1.798,1.7913,3
7166,gA,1.958,1.958,1.958,1.9580,2
7166,gP,2.028,2.018,2.028,2.0247,3
7167,gA,1.878,1.858,1.878,1.8680,3
7174,g95e5,1.795,1.795,1.795,1.7950,2
7174,gA,1.959,1.959,1.959,1.9590,2
7174,gP,2.049,2.049,2.049,2.0490,2
7174,g98e5,1.935,1.935,1.935,1.9350,2
7176,g95e5,1.795,1.795,1.795,1.7950,2
7176,gA,1.959,1.959,1.959,1.9590,2
7176,gP,2.049,2.049,2.049,2.0490,2
7176,g98e5,1.935,1.935,1.935,1.9350,2
7181,g95e5,1.825,1.825,1.825,1.8250,2
7181,gA,1.965,1.965,1.965,1.9650,2
7181,gP,2.055,2.055,2.055,2.0550,2
7181,g98e5,1.965,1.965,1.965,1.9650,2
7186,g95e5,1.775,1.775,1.775,1.7750,2
7186,gA,1.959,1.945,1.959,1.9543,3
7186,gP,2.049,2.035,2.049,2.0443,3
7186,g98e5,1.915,1.915,1.915,1.9150,2
7187,g95e5,1.795,1.795,1.795,1.7950,2
7187,gA,1.959,1.959,1.959,1.9590,2
7187,gP,2.049,2.049,2.049,2.0490,2
7187,g98e5,1.934,1.934,1.934,1.9340,2
7189,g95e5,1.789,1.789,1.789,1.7890,3
7189,gA,1.949,1.949,1.949,1.9490,3
7189,gP,2.039,2.039,2.039,2.0390,3
7189,g98e5,1.929,1.929,1.929,1.9290,3
7191,g95e5,1.794,1.794,1.824,1.8090,4
7191,gA,1.954,1.924,1.954,1.9390,4
7191,gP,2.004,1.974,2.004,1.9890,4
7191,g95e5p,1.844,1.844,1.874,1.8590,4
7192,g95e5,1.799,1.775,1.799,1.7930,4
7192,gA,1.965,1.949,1.965,1.9595,4
7192,gP,2.025,2.019,2.025,2.0230,3
7192,g98e5,1.919,1.919,1.919,1.9190,3
7192,g95e5p,1.879,1.879,1.879,1.8790,3
7195,gA,1.799,1.799,1.799,1.7990,2
7195,gP,1.839,1.839,1.839,1.8390,2
7204,g95e5,1.799,1.789,1.799,1.7923,3
7204,gA,1.949,1.939,1.949,1.9423,3
7204,gP,2.049,2.019,2.049,2.0290,3
7204,g98e5,1.939,1.939,1.949,1.9457,3
7205,g95e5,1.799,1.789,1.799,1.7923,3
7205,gA,1.949,1.949,1.989,1.9757,3
7205,gP,2.049,2.019,2.049,2.0290,3
7205,g98e5,1.939,1.929,1.939,1.9323,3
7207,g95e5,1.834,1.834,1.834,1.8340,3
7207,gA,1.974,1.954,1.974,1.9640,4
7207,gP,2.054,2.034,2.054,2.0440,4
7207,g95e5p,1.924,1.924,1.924,1.9240,3
7209,g95e5,1.804,1.804,1.804,1.8040,2
7209,gA,1.954,1.934,1.954,1.9473,3
7209,gP,2.054,2.034,2.054,2.0473,3
7211,g95e5,1.834,1.834,1.834,1.8340,4
7211,gA,1.954,1.934,1.954,1.9440,4
7211,gP,2.044,2.024,2.044,2.0340,4
7212,g95e5,1.804,1.804,1.804,1.8040,3
7212,gA,1.954,1.934,1.954,1.9473,3
7212,gP,2.044,2.024,2.044,2.0373,3
7212,g95e5p,1.894,1.894,1.894,1.8940,3
7213,g95e5,1.814,1.814,1.814,1.8140,3
7213,gA,1.954,1.934,1.954,1.9440,4
7213,gP,2.044,2.024,2.044,2.0340,4
7213,g95e5p,1.904,1.904,1.904,1.9040,3
7214,gA,1.984,1.984,1.984,1.9840,2
7214,gP,2.104,2.104,2.104,2.1040,2
7214,gB,1.654,1.654,1.654,1.6540,2
7216,g95e5,1.834,1.834,1.834,1.8340,4
7216,gA,1.954,1.934,1.954,1.9440,4
7216,gP,2.054,2.034,2.054,2.0440,4
7216,g95e5p,1.924,1.924,1.924,1.9240,4
7217,g95e5,1.649,1.649,1.649,1.6490,3
7217,gA,1.769,1.729,1.769,1.7423,3
7219,g95e5,1.824,1.824,1.824,1.8240,4
7219,gA,1.984,1.964,1.984,1.9773,3
7219,gP,2.064,2.044,2.064,2.0573,3
7219,g95e5p,1.924,1.924,1.924,1.9240,4
7220,g95e5,1.829,1.829,1.829,1.8290,4
7220,gA,1.979,1.979,1.979,1.9790,4
7220,gP,2.049,2.049,2.049,2.0490,4
7220,g95e5p,1.909,1.909,1.909,1.9090,4
7220,gB,1.820,1.820,1.820,1.8200,4
7222,g95e5,1.804,1.804,1.804,1.8040,4
7222,gA,1.954,1.934,1.954,1.9473,3
7222,gP,2.054,2.034,2.054,2.0473,3
7222,g95e5p,1.894,1.894,1.894,1.8940,4
7223,g95e5,1.834,1.834,1.834,1.8340,4
7223,gA,1.974,1.954,1.974,1.9673,3
7223,gP,2.084,2.064,2.084,2.0773,3
7223,g95e5p,1.924,1.924,1.924,1.9240,4
7224,g95e5,1.809,1.805,1.809,1.8077,3
7224,gA,2.005,1.999,2.005,2.0030,3
7224,g98e5,1.929,1.925,1.929,1.9277,3
7224,glp,1.169,1.169,1.169,1.1690,2
7227,g95e5,1.825,1.825,1.825,1.8250,2
7227,gA,1.965,1.965,1.965,1.9650,2
7227,gP,2.055,2.055,2.055,2.0550,2
7227,g98e5,1.965,1.965,1.965,1.9650,2
7228,g95e5,1.759,1.759,1.759,1.7590,2
7228,gA,1.929,1.929,1.929,1.9290,2
7228,gP,1.999,1.999,1.999,1.9990,2
7228,g95e5p,1.839,1.839,1.839,1.8390,2
7230,g95e5,1.775,1.775,1.775,1.7750,3
7230,gA,1.915,1.905,1.915,1.9125,4
7230,gP,1.995,1.995,1.995,1.9950,3
7230,g98e5,1.945,1.945,1.945,1.9450,3
7232,g95e5,1.775,1.775,1.775,1.7750,3
7232,gA,1.955,1.949,1.955,1.9530,3
7232,gP,2.035,2.029,2.035,2.0330,3
7234,g95e5,1.799,1.799,1.799,1.7990,2
7234,gA,1.939,1.939,1.939,1.9390,2
7234,g98e5,1.949,1.949,1.949,1.9490,2
7234,gB,1.539,1.539,1.539,1.5390,2
7235,gA,1.958,1.948,1.958,1.9547,3
7235,gP,2.028,2.018,2.028,2.0247,3
7236,g95e5,1.839,1.829,1.839,1.8365,4
7236,gA,1.949,1.949,1.969,1.9557,3
7236,gP,2.009,2.009,2.029,2.0157,3
7236,g98e5,1.959,1.959,1.959,1.9590,3
7237,gA,1.958,1.948,1.958,1.9547,3
7237,g98e5,1.958,1.958,1.958,1.9580,2
7239,g95e5,1.715,1.715,1.729,1.7197,3
7239,gA,1.979,1.975,1.979,1.9777,3
7239,gP,2.039,2.035,2.039,2.0377,3
7239,g98e5,1.885,1.885,1.899,1.8897,3
7240,g95e5,1.789,1.785,1.789,1.7877,3
7240,gA,1.985,1.979,1.985,1.9830,3
7240,gP,2.045,2.039,2.045,2.0430,3
7240,g98e5,1.909,1.905,1.909,1.9077,3
7241,gA,1.958,1.948,1.958,1.9547,3
7241,gP,2.028,2.018,2.028,2.0247,3
7242,g95e5,1.799,1.799,1.799,1.7990,3
7242,gA,1.945,1.935,1.945,1.9417,3
7242,gP,2.025,2.015,2.025,2.0217,3
7243,g95e5,1.769,1.769,1.769,1.7690,3
7243,gA,1.915,1.909,1.915,1.9135,4
7243,gP,1.975,1.975,1.975,1.9750,3
7243,g98e5,1.939,1.939,1.939,1.9390,3
7245,gA,1.915,1.915,1.915,1.9150,3
7245,gP,2.025,2.025,2.025,2.0250,3
7246,g95e5,1.765,1.765,1.765,1.7650,3
7246,gA,1.969,1.965,1.969,1.9677,3
7246,g98e5,1.885,1.885,1.885,1.8850,3
7246,glp,1.139,1.139,1.139,1.1390,2
7248,g95e5,1.815,1.815,1.815,1.8150,3
7248,gA,1.969,1.965,1.969,1.9677,3
7248,g98e5,1.935,1.935,1.935,1.9350,3
7248,g95e5p,1.895,1.895,1.895,1.8950,3
7248,glp,1.145,1.145,1.145,1.1450,2
7249,g95e5,1.759,1.749,1.759,1.7557,3
7249,gA,1.945,1.935,1.945,1.9417,3
7249,gP,2.005,1.995,2.005,2.0017,3
7249,g98e5,1.929,1.919,1.929,1.9257,3
7250,gA,1.949,1.949,1.949,1.9490,2
7250,gP,2.039,2.039,2.039,2.0390,2
7253,g95e5,1.795,1.795,1.795,1.7950,2
7253,gA,1.959,1.959,1.959,1.9590,2
7253,gP,2.049,2.049,2.049,2.0490,2
7253,g98e5,1.935,1.935,1.935,1.9350,2
7256,g95e5,1.795,1.789,1.795,1.7910,3
7256,gA,1.959,1.949,1.959,1.9523,3
7256,gP,2.049,2.039,2.049,2.0423,3
7256,g98e5,1.935,1.929,1.935,1.9310,3
7257,g95e5,1.779,1.775,1.779,1.7777,3
7257,gA,1.989,1.969,1.989,1.9823,3
7257,gP,2.059,2.039,2.059,2.0523,3
7257,g98e5,1.949,1.945,1.949,1.9477,3
7257,g95e5p,1.849,1.845,1.849,1.8477,3
7258,g95e5,1.775,1.775,1.775,1.7750,3
7258,gA,1.945,1.935,1.945,1.9417,3
7258,gP,2.055,2.045,2.055,2.0517,3
7260,g95e5,1.765,1.765,1.765,1.7650,3
7260,gA,1.945,1.945,1.949,1.9463,3
7260,gP,2.035,2.035,2.039,2.0363,3
7260,g98e5,1.905,1.905,1.905,1.9050,3
7263,g95e5,1.799,1.799,1.815,1.8043,3
7263,gA,1.979,1.959,1.979,1.9723,3
7263,gP,2.039,2.019,2.039,2.0323,3
7263,g98e5,1.919,1.919,1.935,1.9243,3
7265,g95e5,1.795,1.795,1.795,1.7950,2
7265,gA,1.959,1.959,1.959,1.9590,2
7265,gP,2.049,2.049,2.049,2.0490,2
7265,g98e5,1.935,1.935,1.935,1.9350,2
7267,g95e5,1.739,1.739,1.739,1.7390,3
7267,gA,1.929,1.925,1.929,1.9277,3
7267,g95e5p,1.809,1.809,1.809,1.8090,3
7267,gB,1.670,1.665,1.670,1.6683,3
7269,g95e5,1.798,1.798,1.798,1.7980,2
7269,gA,1.938,1.938,1.938,1.9380,2
7273,gA,1.738,1.718,1.738,1.7280,2
7273,gP,1.848,1.828,1.848,1.8380,2
7275,g95e5,1.759,1.729,1.759,1.7457,3
7275,gA,1.955,1.925,1.955,1.9417,3
7275,gP,2.045,2.025,2.045,2.0350,3
7275,g98e5,1.929,1.899,1.929,1.9157,3
7277,g95e5,1.749,1.739,1.749,1.7440,2
7277,gA,1.939,1.929,1.939,1.9357,3
7277,gP,2.039,2.019,2.039,2.0290,3
7277,g98e5,1.889,1.879,1.889,1.8840,2
7278,g95e5,1.639,1.629,1.639,1.6340,2
7278,gA,1.769,1.739,1.769,1.7540,2
7278,gP,1.849,1.819,1.849,1.8340,2
7280,gA,1.949,1.949,1.949,1.9490,2
7280,gP,2.039,2.039,2.039,2.0390,2
7281,g95e5,1.764,1.754,1.764,1.7607,3
7281,gA,1.929,1.919,1.929,1.9257,3
7281,gP,2.009,1.999,2.009,2.0057,3
7281,g98e5,1.904,1.894,1.904,1.9007,3
7283,g95e5,1.769,1.769,1.769,1.7690,4
7283,gA,1.929,1.929,1.929,1.9290,4
7283,gP,2.020,2.020,2.020,2.0200,4
7283,g98e5,1.989,1.989,1.989,1.9890,4
7284,g95e5,1.745,1.745,1.745,1.7450,3
7284,gA,1.938,1.938,1.938,1.9380,3
7284,gP,2.029,2.029,2.029,2.0290,3
7284,g98e5,1.885,1.885,1.885,1.8850,3
7287,g95e5,1.799,1.799,1.799,1.7990,2
7287,gA,1.939,1.939,1.939,1.9390,2
7287,g98e5,1.949,1.949,1.949,1.9490,2
7288,g95e5,1.749,1.739,1.749,1.7457,3
7288,gA,1.945,1.929,1.945,1.9397,3
7288,gP,2.035,2.019,2.035,2.0297,3
7288,g98e5,1.889,1.879,1.889,1.8857,3
7290,g95e5,1.764,1.764,1.764,1.7640,3
7290,gA,1.984,1.964,1.984,1.9773,3
7290,g95e5p,1.884,1.884,1.884,1.8840,3
7293,g95e5,1.799,1.799,1.799,1.7990,3
7293,gA,1.969,1.969,1.969,1.9690,3
7293,gP,2.019,2.019,2.019,2.0190,3
7294,g95e5,1.774,1.774,1.774,1.7740,3
7294,gA,1.969,1.949,1.969,1.9590,4
7294,gP,2.089,2.069,2.089,2.0790,4
7294,g95e5p,1.874,1.874,1.874,1.8740,3
7294,gB,1.674,1.674,1.674,1.6740,2
7297,gA,2.029,2.029,2.029,2.0290,3
7297,gP,2.099,2.099,2.099,2.0990,3
7297,gB,1.739,1.739,1.739,1.7390,3
7298,gA,1.994,1.994,1.994,1.9940,2
7298,gP,2.074,2.074,2.074,2.0740,2
7299,gA,1.959,1.959,1.959,1.9590,3
7303,g95e5,1.774,1.774,1.774,1.7740,2
7303,gA,1.969,1.969,1.969,1.9690,2
7303,gP,2.074,2.074,2.074,2.0740,2
7303,g95e5p,1.864,1.864,1.864,1.8640,2
7304,g95e5,1.774,1.774,1.774,1.7740,2
7304,gA,1.969,1.969,1.969,1.9690,2
7304,g98e5,1.894,1.894,1.894,1.8940,2
7304,g95e5p,1.864,1.864,1.864,1.8640,2
7305,g95e5,1.774,1.774,1.774,1.7740,2
7305,gA,1.969,1.969,1.969,1.9690,2
7305,gP,2.074,2.074,2.074,2.0740,2
7305,g98e5,1.894,1.894,1.894,1.8940,2
7305,g95e5p,1.864,1.864,1.864,1.8640,2
7307,gA,1.759,1.749,1.759,1.7523,3
7308,gA,2.064,2.044,2.064,2.0507,3
7308,gP,2.164,2.144,2.164,2.1507,3
7310,gA,1.709,1.689,1.709,1.6990,2
7310,gP,1.848,1.828,1.848,1.8380,2
7311,g95e5,1.654,1.654,1.654,1.6540,3
7311,gA,1.765,1.765,1.765,1.7650,3
7311,gP,1.899,1.899,1.899,1.8990,3
7312,g95e5,1.754,1.754,1.754,1.7540,2
7312,gA,1.939,1.934,1.939,1.9365,2
7312,gP,2.019,2.014,2.019,2.0165,2
7312,g98e5,1.894,1.894,1.894,1.8940,2
7313,gA,1.769,1.769,1.769,1.7690,2
7317,g95e5,1.774,1.774,1.774,1.7740,3
7317,gA,1.989,1.969,1.989,1.9823,3
7317,gP,2.084,2.064,2.084,2.0773,3
7318,gA,1.919,1.919,1.919,1.9190,2
7318,gP,1.999,1.999,1.999,1.9990,2
7319,gA,1.859,1.859,1.859,1.8590,2
7322,g95e5,1.739,1.739,1.739,1.7390,3
7322,gA,1.929,1.925,1.929,1.9277,3
7322,gP,2.039,2.035,2.039,2.0377,3
7322,g98e5,1.909,1.909,1.909,1.9090,3
7326,g95e5,1.769,1.769,1.769,1.7690,3
7326,gA,1.939,1.939,1.939,1.9390,3
7326,gP,2.049,2.049,2.049,2.0490,3
7326,g98e5,1.939,1.939,1.939,1.9390,3
7326,gB,1.759,1.759,1.759,1.7590,3
7327,g95e5,1.764,1.764,1.764,1.7640,4
7327,gA,1.979,1.959,1.979,1.9723,3
7327,gP,2.074,2.054,2.074,2.0673,3
7327,gB,1.674,1.674,1.674,1.6740,2
7328,g95e5,1.779,1.779,1.779,1.7790,3
7328,gA,1.969,1.949,1.969,1.9557,3
7328,gP,2.059,2.039,2.059,2.0457,3
7332,g95e5,1.629,1.619,1.629,1.6240,2
7332,gA,1.735,1.715,1.735,1.7250,2
7332,gP,1.755,1.735,1.755,1.7450,2
7333,g95e5,1.629,1.619,1.629,1.6240,2
7333,gA,1.735,1.715,1.735,1.7250,2
7333,gP,1.755,1.735,1.755,1.7450,2
7334,g95e5,1.689,1.689,1.689,1.6890,2
7334,gA,1.884,1.884,1.884,1.8840,2
7334,gB,1.614,1.614,1.614,1.6140,2
7340,gA,1.974,1.954,1.974,1.9607,3
7340,gP,2.094,2.074,2.094,2.0807,3
7341,gA,1.974,1.954,1.974,1.9607,3
7341,gP,2.094,2.074,2.094,2.0807,3
7344,g95e5,1.774,1.774,1.774,1.7740,4
7344,gA,1.994,1.974,1.994,1.9840,4
7344,gP,2.074,2.054,2.074,2.0640,4
7344,g95e5p,1.874,1.874,1.874,1.8740,4
7344,gB,1.674,1.674,1.674,1.6740,2
7345,g95e5,1.724,1.724,1.724,1.7240,2
7345,gA,1.904,1.894,1.904,1.9007,3
7345,gP,1.984,1.974,1.984,1.9807,3
7345,g98e5,1.864,1.864,1.864,1.8640,2
7347,g95e5,1.759,1.759,1.759,1.7590,2
7347,gA,1.949,1.945,1.949,1.9470,2
7347,g98e5,1.929,1.925,1.929,1.9277,3
7348,g95e5,1.585,1.585,1.605,1.5983,3
7348,gA,1.749,1.749,1.769,1.7623,3
7349,g95e5,1.774,1.774,1.774,1.7740,3
7349,gA,1.984,1.964,1.984,1.9773,3
7349,gP,2.074,2.054,2.074,2.0673,3
7349,gB,1.724,1.724,1.724,1.7240,2
7350,gP,2.085,2.085,2.085,2.0850,3
7350,g95e5p,1.895,1.895,1.895,1.8950,3
7355,gA,1.930,1.930,1.930,1.9300,2
7356,g95e5,1.629,1.629,1.639,1.6340,2
7356,gA,1.735,1.735,1.735,1.7350,3
7356,gP,1.755,1.755,1.755,1.7550,3
7356,g95e5p,1.649,1.649,1.659,1.6540,2
7358,g95e5,1.795,1.795,1.795,1.7950,2
7358,gA,1.955,1.935,1.955,1.9483,3
7358,gP,2.045,2.025,2.045,2.0383,3
7358,g98e5,1.935,1.935,1.935,1.9350,2
7361,g95e5,1.815,1.815,1.819,1.8163,3
7361,gA,1.945,1.939,1.945,1.9430,3
7361,g98e5,1.935,1.935,1.939,1.9363,3
7364,g95e5,1.779,1.755,1.779,1.7730,4
7364,gA,1.945,1.945,1.965,1.9535,4
7364,gP,2.025,2.025,2.045,2.0317,3
7364,g98e5,1.949,1.949,1.949,1.9490,3
7364,glp,1.139,1.139,1.139,1.1390,2
7365,g95e5,1.715,1.715,1.715,1.7150,2
7365,gP,2.089,2.079,2.089,2.0840,2
7370,g95e5,1.719,1.719,1.719,1.7190,3
7370,gA,1.915,1.915,1.915,1.9150,3
7370,gP,1.975,1.975,1.975,1.9750,3
7371,g95e5,1.798,1.798,1.798,1.7980,2
7371,gA,1.938,1.938,1.938,1.9380,2
7371,gP,2.028,2.018,2.028,2.0247,3
7372,g95e5,1.715,1.715,1.715,1.7150,3
7372,gA,1.935,1.935,1.935,1.9350,2
7372,gP,2.045,2.045,2.045,2.0450,2
7372,gB,1.640,1.635,1.640,1.6383,3
7374,g95e5,1.715,1.715,1.715,1.7150,3
7374,gA,1.915,1.915,1.915,1.9150,3
7374,gP,2.025,2.025,2.025,2.0250,3
7374,gB,1.670,1.665,1.670,1.6683,3
7377,g95e5,1.802,1.799,1.802,1.8005,2
7377,gA,1.990,1.990,1.991,1.9905,2
7377,gP,2.095,2.093,2.095,2.0940,2
7377,g98e5,1.929,1.927,1.929,1.9280,2
7378,g95e5,1.745,1.745,1.745,1.7450,2
7378,gA,1.925,1.925,1.925,1.9250,2
7383,g95e5,1.755,1.755,1.755,1.7550,3
7383,gA,1.929,1.929,1.939,1.9323,3
7383,gP,1.989,1.989,1.999,1.9923,3
7383,g95e5p,1.815,1.815,1.815,1.8150,3
7386,gA,1.799,1.799,1.799,1.7990,3
7386,gP,1.859,1.859,1.859,1.8590,3
7391,g95e5,1.841,1.841,1.841,1.8410,2
7393,g95e5,1.758,1.758,1.758,1.7580,2
7393,gA,1.948,1.948,1.948,1.9480,2
7393,gP,2.028,2.018,2.028,2.0247,3
7393,g98e5,1.958,1.958,1.958,1.9580,2
7395,g95e5,1.779,1.769,1.779,1.7765,4
7395,gA,1.969,1.965,1.969,1.9677,3
7395,gP,2.029,2.025,2.029,2.0277,3
7395,g98e5,1.899,1.899,1.899,1.8990,3
7398,g95e5,1.745,1.745,1.745,1.7450,2
7398,gA,1.925,1.925,1.925,1.9250,2
7400,g95e5,1.798,1.798,1.798,1.7980,2
7400,gA,1.958,1.958,1.958,1.9580,2
7400,gP,2.028,2.018,2.028,2.0247,3
7402,gA,1.974,1.974,1.974,1.9740,3
7402,gP,2.064,2.064,2.064,2.0640,3
7407,g95e5,1.799,1.799,1.799,1.7990,2
7407,gA,1.959,1.939,1.959,1.9523,3
7407,gP,2.049,2.029,2.049,2.0423,3
7407,g98e5,1.939,1.939,1.939,1.9390,2
7408,g95e5,1.799,1.795,1.799,1.7977,3
7408,gA,1.975,1.965,1.975,1.9717,3
7408,gP,2.035,2.025,2.035,2.0317,3
7408,g98e5,1.919,1.915,1.919,1.9177,3
7410,g95e5,1.745,1.735,1.745,1.7425,4
7410,gA,1.945,1.945,1.949,1.9463,3
7410,gP,2.045,2.045,2.049,2.0463,3
7410,g98e5,1.915,1.915,1.915,1.9150,3
7411,g95e5,1.745,1.745,1.745,1.7450,3
7411,gA,1.945,1.945,1.949,1.9463,3
7411,gP,2.045,2.045,2.049,2.0463,3
7411,g98e5,1.915,1.915,1.915,1.9150,3
7413,g95e5,1.749,1.739,1.749,1.7457,3
7413,gA,1.939,1.919,1.939,1.9330,4
7413,g98e5,1.899,1.889,1.899,1.8957,3
7414,g95e5,1.749,1.739,1.749,1.7457,3
7414,gA,1.939,1.935,1.939,1.9377,3
7414,g98e5,1.899,1.889,1.899,1.8957,3
7417,g95e5,1.775,1.775,1.775,1.7750,3
7417,gA,1.975,1.969,1.975,1.9730,3
7417,gP,2.035,2.029,2.035,2.0330,3
7417,g98e5,1.895,1.895,1.895,1.8950,3
7418,g95e5,1.815,1.805,1.815,1.8125,4
7418,gA,1.969,1.965,1.969,1.9677,3
7418,g98e5,1.935,1.935,1.935,1.9350,3
7418,g95e5p,1.895,1.895,1.895,1.8950,3
7420,g95e5,1.809,1.799,1.809,1.8065,4
7420,gA,1.975,1.959,1.975,1.9695,4
7420,g98e5,1.929,1.929,1.929,1.9290,3
7421,g95e5,1.809,1.799,1.809,1.8065,4
7421,gA,1.975,1.959,1.975,1.9695,4
7421,g98e5,1.929,1.929,1.929,1.9290,3
7422,g95e5,1.779,1.769,1.779,1.7765,4
7422,gA,1.959,1.925,1.959,1.9455,4
7422,gP,2.019,1.999,2.019,2.0123,3
7422,g98e5,1.899,1.899,1.899,1.8990,3
7423,g95e5,1.779,1.779,1.779,1.7790,3
7423,gA,1.959,1.939,1.959,1.9523,3
7423,gP,2.019,1.999,2.019,2.0123,3
7423,g98e5,1.899,1.899,1.899,1.8990,3
7424,gA,1.948,1.948,1.948,1.9480,3
7424,gP,2.028,2.018,2.028,2.0247,3
7424,g98e5,1.958,1.958,1.958,1.9580,2
7425,g95e5,1.819,1.819,1.819,1.8190,3
7425,gA,1.949,1.945,1.949,1.9477,3
7425,gP,2.009,2.005,2.009,2.0077,3
7425,g98e5,1.939,1.939,1.939,1.9390,3
7426,g95e5,1.819,1.809,1.819,1.8165,4
7426,gA,1.949,1.935,1.949,1.9445,4
7426,gP,2.009,2.005,2.009,2.0077,3
7426,g98e5,1.939,1.939,1.939,1.9390,3
7427,g95e5,1.759,1.759,1.759,1.7590,3
7427,gA,1.949,1.945,1.949,1.9477,3
7427,gP,2.009,2.005,2.009,2.0077,3
7427,g98e5,1.929,1.929,1.929,1.9290,3
7427,glp,1.125,1.125,1.125,1.1250,2
7428,g95e5,1.759,1.749,1.759,1.7557,3
7428,gA,1.934,1.914,1.934,1.9240,3
7428,gP,2.014,1.994,2.014,2.0040,3
7428,g98e5,1.899,1.889,1.899,1.8957,3
7429,g95e5,1.775,1.775,1.779,1.7763,3
7429,gA,1.975,1.969,1.975,1.9720,2
7429,gP,2.035,2.015,2.035,2.0263,3
7429,g98e5,1.899,1.895,1.899,1.8977,3
7430,g95e5,1.835,1.825,1.835,1.8325,4
7430,gA,1.949,1.939,1.949,1.9457,3
7430,gP,2.029,2.019,2.029,2.0257,3
7430,g98e5,1.955,1.955,1.955,1.9550,3
7431,g95e5,1.835,1.835,1.835,1.8350,3
7431,gA,1.989,1.989,1.989,1.9890,3
7431,g98e5,1.955,1.955,1.955,1.9550,3
7431,glp,1.145,1.145,1.145,1.1450,2
7432,g95e5,1.759,1.759,1.759,1.7590,3
7432,gA,1.935,1.925,1.935,1.9317,3
7432,gP,1.995,1.985,1.995,1.9917,3
7432,g98e5,1.929,1.929,1.929,1.9290,3
7432,glp,1.109,1.109,1.109,1.1090,2
7433,g95e5,1.769,1.759,1.769,1.7623,3
7433,gA,1.935,1.925,1.935,1.9317,3
7433,g98e5,1.929,1.929,1.929,1.9290,3
7434,g95e5,1.829,1.829,1.835,1.8310,3
7434,gA,1.959,1.949,1.959,1.9557,3
7434,gP,2.019,2.009,2.019,2.0157,3
7434,g98e5,1.949,1.949,1.955,1.9510,3
7435,g95e5,1.815,1.815,1.815,1.8150,3
7435,gA,1.969,1.965,1.969,1.9677,3
7435,gP,2.029,2.025,2.029,2.0277,3
7435,g98e5,1.935,1.935,1.935,1.9350,3
7435,glp,1.145,1.145,1.145,1.1450,2
7436,g95e5,1.809,1.795,1.809,1.8045,4
7436,gA,1.979,1.975,1.979,1.9770,4
7436,gP,2.039,2.039,2.039,2.0390,2
7436,g98e5,1.929,1.925,1.929,1.9277,3
7437,g95e5,1.795,1.789,1.795,1.7930,3
7437,gA,1.969,1.959,1.969,1.9657,3
7437,gP,2.029,2.019,2.029,2.0257,3
7437,g98e5,1.965,1.959,1.965,1.9630,3
7438,g95e5,1.719,1.719,1.729,1.7223,3
7438,gA,1.915,1.915,1.915,1.9150,2
7438,gP,1.975,1.975,1.975,1.9750,2
7438,g98e5,1.889,1.889,1.899,1.8923,3
7439,g95e5,1.779,1.769,1.779,1.7765,4
7439,gA,1.985,1.975,1.985,1.9817,3
7439,g98e5,1.949,1.949,1.949,1.9490,3
7440,g95e5,1.805,1.805,1.805,1.8050,3
7440,gA,1.969,1.969,1.975,1.9710,3
7440,gP,2.029,2.029,2.035,2.0310,3
7440,g98e5,1.925,1.925,1.925,1.9250,3
7440,glp,1.169,1.169,1.169,1.1690,2
7441,g95e5,1.749,1.749,1.759,1.7523,3
7441,gA,1.949,1.945,1.949,1.9477,3
7441,gP,2.029,2.025,2.029,2.0277,3
7441,g98e5,1.919,1.919,1.929,1.9223,3
7442,g95e5,1.729,1.729,1.729,1.7290,2
7442,gA,1.899,1.899,1.899,1.8990,3
7442,gP,1.999,1.999,1.999,1.9990,2
7442,g98e5,1.909,1.909,1.909,1.9090,2
7445,g95e5,1.819,1.819,1.835,1.8243,3
7445,gA,1.999,1.979,1.999,1.9923,3
7445,gP,2.059,2.039,2.059,2.0523,3
7445,g98e5,1.939,1.939,1.955,1.9443,3
7446,g95e5,1.738,1.738,1.738,1.7380,3
7446,gA,1.948,1.948,1.948,1.9480,3
7451,g95e5,1.795,1.795,1.795,1.7950,2
7451,gA,1.959,1.959,1.959,1.9590,2
7451,gP,2.049,2.049,2.049,2.0490,2
7451,g98e5,1.935,1.935,1.935,1.9350,2
7453,g95e5,1.799,1.789,1.799,1.7915,4
7453,gA,1.939,1.929,1.939,1.9315,4
7453,gP,2.029,2.019,2.029,2.0215,4
7453,g98e5,1.939,1.929,1.939,1.9315,4
7454,g95e5,1.709,1.709,1.709,1.7090,2
7454,gA,1.859,1.859,1.859,1.8590,2
7455,g95e5,1.779,1.759,1.779,1.7690,4
7455,gA,1.939,1.919,1.939,1.9290,4
7455,gP,1.989,1.969,1.989,1.9790,4
7456,gA,1.954,1.954,1.954,1.9540,3
7456,gP,2.034,2.034,2.034,2.0340,3
7457,g95e5,1.744,1.744,1.744,1.7440,4
7457,gA,1.864,1.844,1.864,1.8573,3
7457,gP,1.984,1.964,1.984,1.9773,3
7457,g95e5p,1.864,1.864,1.864,1.8640,4
7458,gA,1.929,1.929,1.934,1.9315,4
7458,gP,2.019,2.019,2.024,2.0215,4
7458,g98e5,2.004,2.004,2.004,2.0040,4
7458,g95e5p,1.884,1.884,1.884,1.8840,4
7460,g95e5,1.834,1.834,1.834,1.8340,4
7460,gA,1.964,1.944,1.964,1.9573,3
7460,gP,2.054,2.034,2.054,2.0473,3
7460,g95e5p,1.924,1.924,1.924,1.9240,4
7461,g95e5,1.834,1.834,1.834,1.8340,3
7461,gA,1.964,1.944,1.964,1.9540,4
7461,gP,2.054,2.034,2.054,2.0440,4
7462,gA,1.799,1.799,1.799,1.7990,2
7462,gP,1.849,1.849,1.849,1.8490,2
7463,g95e5,1.724,1.724,1.724,1.7240,2
7463,gA,1.924,1.924,1.929,1.9265,2
7463,gP,1.974,1.974,1.979,1.9765,2
7463,g98e5,1.864,1.864,1.864,1.8640,2
7464,g95e5,1.649,1.649,1.649,1.6490,2
7464,gA,1.779,1.779,1.779,1.7790,2
7464,gP,1.819,1.819,1.819,1.8190,2
7464,bio,1.719,1.719,1.719,1.7190,2
7467,g95e5,1.669,1.669,1.669,1.6690,4
7467,gA,1.829,1.794,1.829,1.8127,4
7467,gP,1.879,1.844,1.879,1.8628,4
7467,g95e5p,1.719,1.719,1.719,1.7190,4
7468,g95e5,1.869,1.859,1.869,1.8615,4
7468,gA,1.979,1.969,1.979,1.9715,4
7468,gP,2.069,2.059,2.069,2.0615,4
7468,g98e5,2.009,1.999,2.009,2.0015,4
7469,g95e5,1.759,1.739,1.759,1.7465,4
7469,gA,1.929,1.909,1.929,1.9190,4
7469,gP,1.979,1.959,1.979,1.9690,4
7469,g98e5,1.899,1.879,1.899,1.8865,4
7470,g95e5,1.569,1.549,1.569,1.5540,4
7470,gA,1.724,1.679,1.724,1.6965,4
7483,g95e5,1.719,1.719,1.719,1.7190,3
7483,gA,1.889,1.879,1.889,1.8823,3
7487,g95e5,1.699,1.699,1.699,1.6990,2
7487,gA,1.879,1.869,1.879,1.8757,3
7487,g98e5,1.929,1.929,1.939,1.9323,3
7487,gB,1.609,1.609,1.609,1.6090,2
7489,gA,1.759,1.759,1.759,1.7590,2
7496,g95e5,1.729,1.729,1.729,1.7290,3
7496,gA,1.905,1.905,1.905,1.9050,3
7502,g95e5,1.755,1.755,1.755,1.7550,3
7502,gA,1.949,1.929,1.949,1.9430,4
7504,g95e5,1.795,1.779,1.795,1.7897,3
7504,gA,1.949,1.949,1.965,1.9543,3
7504,g98e5,1.965,1.949,1.965,1.9597,3
7505,g95e5,1.739,1.739,1.739,1.7390,3
7505,gA,1.905,1.905,1.909,1.9063,3
7505,gP,2.015,2.015,2.019,2.0163,3
7505,g98e5,1.909,1.909,1.909,1.9090,3
7506,g95e5,1.795,1.795,1.795,1.7950,3
7507,g95e5,1.795,1.795,1.795,1.7950,3
7507,gA,1.925,1.925,1.925,1.9250,2
7507,gP,1.985,1.985,1.985,1.9850,2
7507,g98e5,1.915,1.915,1.915,1.9150,3
7508,g95e5,1.785,1.765,1.785,1.7783,3
7508,gA,1.969,1.969,1.969,1.9690,3
7508,g98e5,1.955,1.935,1.955,1.9483,3
7509,gA,1.959,1.945,1.959,1.9543,3
7509,gP,2.019,2.005,2.019,2.0143,3
7510,g95e5,1.795,1.795,1.795,1.7950,2
7510,gA,1.915,1.915,1.915,1.9150,2
7513,g95e5,1.759,1.759,1.769,1.7623,3
7513,gA,1.905,1.905,1.909,1.9063,3
7513,gP,2.015,2.015,2.019,2.0163,3
7513,g98e5,1.929,1.929,1.939,1.9323,3
7515,g95e5,1.774,1.774,1.774,1.7740,4
7515,gA,1.974,1.954,1.974,1.9673,3
7515,gP,2.084,2.064,2.084,2.0773,3
7515,g95e5p,1.864,1.864,1.864,1.8640,4
7515,gB,1.704,1.704,1.704,1.7040,2
7517,gA,2.004,2.004,2.004,2.0040,2
7517,gP,2.084,2.084,2.084,2.0840,2
7518,gA,2.004,2.004,2.004,2.0040,2
7518,gP,2.084,2.084,2.084,2.0840,2
7519,g95e5,1.679,1.649,1.679,1.6657,3
7519,gA,1.799,1.749,1.799,1.7723,3
7519,gP,1.819,1.769,1.819,1.7923,3
7519,g95e5p,1.699,1.669,1.699,1.6857,3
7520,g95e5,1.795,1.795,1.795,1.7950,3
7520,gA,1.939,1.939,1.955,1.9443,3
7520,gP,2.039,2.039,2.055,2.0443,3
7520,g98e5,1.945,1.945,1.945,1.9450,3
7520,gB,1.614,1.609,1.614,1.6123,3
7521,g95e5,1.659,1.659,1.659,1.6590,3
7521,gA,1.799,1.779,1.799,1.7857,3
7522,g95e5,1.795,1.785,1.795,1.7910,4
7522,gA,1.989,1.965,1.989,1.9805,4
7522,g98e5,1.965,1.959,1.965,1.9630,3
7523,g95e5,1.745,1.745,1.745,1.7450,3
7523,gA,1.939,1.935,1.939,1.9377,3
7523,gP,2.049,2.045,2.049,2.0477,3
7524,g95e5,1.739,1.739,1.739,1.7390,3
7524,gA,1.939,1.935,1.939,1.9377,3
7525,g95e5,1.729,1.729,1.729,1.7290,3
7525,gA,1.905,1.905,1.905,1.9050,3
7526,gA,1.929,1.925,1.929,1.9277,3
7527,g95e5,1.749,1.749,1.755,1.7510,3
7527,gA,1.935,1.925,1.935,1.9317,3
7527,g98e5,1.919,1.919,1.925,1.9210,3
7527,g95e5p,1.819,1.819,1.825,1.8210,3
7529,gA,1.969,1.969,1.969,1.9690,3
7529,gP,2.029,2.029,2.029,2.0290,3
7532,g95e5,1.755,1.755,1.755,1.7550,3
7532,gA,1.929,1.925,1.929,1.9277,3
7532,g98e5,1.925,1.925,1.925,1.9250,3
7533,g95e5,1.795,1.795,1.795,1.7950,3
7533,gA,1.939,1.939,1.939,1.9390,3
7533,gP,1.999,1.999,1.999,1.9990,3
7533,g98e5,1.965,1.965,1.965,1.9650,3
7534,g95e5,1.789,1.789,1.789,1.7890,2
7534,gA,1.979,1.979,1.979,1.9790,2
7534,gP,2.059,2.059,2.059,2.0590,2
7534,g98e5,1.969,1.969,1.969,1.9690,2
7535,g95e5,1.745,1.745,1.745,1.7450,2
7535,gA,1.939,1.935,1.939,1.9377,3
7538,g95e5,1.739,1.729,1.739,1.7365,4
7538,gA,1.969,1.959,1.969,1.9665,4
7538,gP,2.029,2.029,2.029,2.0290,3
7538,g98e5,1.909,1.909,1.909,1.9090,3
7539,g95e5,1.739,1.739,1.739,1.7390,3
7539,gA,1.939,1.935,1.939,1.9377,3
7539,gP,1.999,1.995,1.999,1.9977,3
7541,g95e5,1.815,1.815,1.815,1.8150,2
7541,gA,1.982,1.982,1.982,1.9820,2
7541,gP,2.083,2.083,2.083,2.0830,2
7542,g95e5,1.749,1.749,1.749,1.7490,3
7542,gA,1.969,1.969,1.969,1.9690,2
7542,gP,2.059,2.055,2.059,2.0577,3
7544,gA,2.004,1.984,2.004,1.9907,3
7544,gP,2.114,2.094,2.114,2.1007,3
7545,g95e5,1.759,1.759,1.759,1.7590,3
7545,gA,1.965,1.965,1.965,1.9650,2
7545,gP,2.025,2.025,2.025,2.0250,2
7545,g98e5,1.929,1.929,1.929,1.9290,3
7546,g95e5,1.769,1.769,1.769,1.7690,3
7546,gA,1.939,1.929,1.939,1.9357,3
7546,gP,1.999,1.989,1.999,1.9957,3
7546,g98e5,1.939,1.939,1.939,1.9390,3
7546,gB,1.559,1.549,1.559,1.5557,3
7547,g95e5,1.745,1.745,1.755,1.7483,3
7547,gA,1.985,1.985,1.985,1.9850,3
7547,gP,2.045,2.045,2.045,2.0450,3
7548,g95e5,1.765,1.765,1.765,1.7650,3
7548,gA,1.949,1.939,1.949,1.9457,3
7548,g98e5,1.895,1.895,1.895,1.8950,3
7549,g95e5,1.765,1.765,1.765,1.7650,3
7549,gA,1.979,1.979,1.979,1.9790,3
7550,g95e5,1.795,1.795,1.795,1.7950,3
7550,gA,1.949,1.935,1.949,1.9443,3
7550,gP,2.059,2.045,2.059,2.0543,3
7551,g95e5,1.785,1.779,1.785,1.7835,4
7551,gA,1.995,1.979,1.995,1.9895,4
7551,gP,2.055,2.049,2.055,2.0530,3
7551,g98e5,1.955,1.955,1.955,1.9550,3
7551,glp,1.175,1.175,1.175,1.1750,2
7552,g95e5,1.759,1.755,1.759,1.7580,4
7552,gA,1.925,1.919,1.929,1.9245,4
7552,g98e5,1.879,1.879,1.879,1.8790,3
7553,g95e5,1.759,1.759,1.759,1.7590,3
7553,gA,1.979,1.965,1.979,1.9743,3
7553,gP,2.039,2.025,2.039,2.0343,3
7554,g95e5,1.779,1.779,1.779,1.7790,3
7554,gA,1.969,1.969,1.969,1.9690,3
7554,gP,1.989,1.989,1.989,1.9890,3
7554,gB,1.589,1.589,1.589,1.5890,3
7557,g95e5,1.764,1.764,1.764,1.7640,4
7557,gA,1.954,1.934,1.954,1.9440,4
7557,gP,2.034,2.014,2.034,2.0240,4
7557,g95e5p,1.854,1.854,1.854,1.8540,4
7559,g95e5,1.795,1.795,1.795,1.7950,3
7559,gA,1.969,1.969,1.969,1.9690,3
7559,gP,2.029,2.029,2.029,2.0290,3
7559,g98e5,1.915,1.915,1.915,1.9150,3
7561,g95e5,1.769,1.769,1.769,1.7690,2
7561,gA,1.949,1.949,1.949,1.9490,2
7562,g95e5,1.739,1.739,1.739,1.7390,3
7562,gA,1.939,1.935,1.939,1.9377,3
7562,gP,2.049,2.045,2.049,2.0477,3
7562,g98e5,1.909,1.909,1.909,1.9090,3
7563,g95e5,1.739,1.739,1.739,1.7390,3
7563,gA,1.969,1.965,1.969,1.9677,3
7563,gP,2.079,2.075,2.079,2.0777,3
7565,g95e5,1.739,1.739,1.739,1.7390,3
7565,gA,1.939,1.935,1.939,1.9377,3
7565,gP,2.049,2.045,2.049,2.0477,3
7566,gA,1.905,1.905,1.905,1.9050,3
7566,gP,2.015,2.015,2.015,2.0150,3
7566,gB,1.609,1.609,1.609,1.6090,3
7569,g95e5,1.739,1.739,1.739,1.7390,3
7569,gA,1.939,1.939,1.939,1.9390,2
7569,gP,2.049,2.049,2.049,2.0490,2
7570,g95e5,1.729,1.729,1.729,1.7290,3
7570,gA,1.915,1.905,1.915,1.9117,3
7570,gP,2.025,2.015,2.025,2.0217,3
7571,g95e5,1.729,1.729,1.729,1.7290,3
7571,gA,1.905,1.905,1.905,1.9050,3
7571,gB,1.570,1.565,1.570,1.5683,3
7573,g95e5,1.795,1.789,1.795,1.7930,3
7573,gA,1.965,1.965,1.969,1.9663,3
7573,g98e5,1.945,1.939,1.945,1.9430,3
7574,g95e5,1.739,1.739,1.745,1.7410,3
7576,g95e5,1.795,1.795,1.795,1.7950,3
7576,gA,1.955,1.955,1.965,1.9583,3
7576,g98e5,1.945,1.945,1.945,1.9450,3
7579,g95e5,1.735,1.735,1.735,1.7350,3
7579,gA,1.929,1.925,1.929,1.9277,3
7579,g95e5p,1.805,1.805,1.805,1.8050,3
7580,g95e5,1.788,1.788,1.788,1.7880,2
7580,gA,1.951,1.951,1.951,1.9510,2
7580,g98e5,1.951,1.951,1.951,1.9510,2
7581,g95e5,1.729,1.729,1.729,1.7290,3
7581,gA,1.905,1.905,1.905,1.9050,3
7581,gP,2.015,2.015,2.015,2.0150,3
7581,g98e5,1.899,1.899,1.899,1.8990,3
7584,g95e5,1.755,1.755,1.755,1.7550,2
7584,gA,1.949,1.945,1.949,1.9470,2
7584,gP,1.999,1.995,1.999,1.9970,2
7584,g98e5,1.875,1.865,1.875,1.8717,3
7586,g95e5,1.739,1.739,1.745,1.7410,3
7586,gA,1.939,1.935,1.939,1.9377,3
7586,g98e5,1.909,1.909,1.915,1.9110,3
7586,g95e5p,1.809,1.809,1.815,1.8110,3
7586,gB,1.574,1.569,1.574,1.5723,3
7588,gA,1.969,1.949,1.969,1.9623,3
7591,g95e5,1.789,1.779,1.789,1.7857,3
7591,gA,1.985,1.975,1.985,1.9817,3
7591,gP,2.095,2.085,2.095,2.0917,3
7592,g95e5,1.784,1.784,1.784,1.7840,4
7592,gA,1.994,1.984,2.004,1.9940,3
7592,gP,2.074,2.064,2.084,2.0740,3
7592,g95e5p,1.874,1.874,1.874,1.8740,4
7592,gB,1.684,1.684,1.684,1.6840,2
7594,g95e5,1.739,1.729,1.749,1.7365,4
7594,gA,1.879,1.879,1.879,1.8790,4
7594,gP,1.929,1.929,1.929,1.9290,4
7594,g95e5p,1.789,1.779,1.799,1.7865,4
7595,g95e5,1.739,1.739,1.739,1.7390,3
7595,gA,1.889,1.889,1.889,1.8890,3
7595,gP,1.949,1.949,1.949,1.9490,3
7595,gB,1.560,1.560,1.560,1.5600,3
7597,gA,1.869,1.869,1.869,1.8690,2
7597,gP,1.889,1.889,1.889,1.8890,2
7599,gB,1.819,1.819,1.819,1.8190,3
7601,g95e5,1.748,1.728,1.748,1.7413,3
7601,gA,1.948,1.938,1.948,1.9447,3
7605,gA,1.710,1.710,1.710,1.7100,3
7608,g95e5,1.739,1.729,1.749,1.7365,4
7608,gA,1.879,1.879,1.879,1.8790,4
7608,gP,1.929,1.929,1.929,1.9290,4
7608,g95e5p,1.789,1.779,1.799,1.7865,4
7609,g95e5,1.789,1.789,1.789,1.7890,2
7609,gA,1.919,1.909,1.919,1.9157,3
7609,g98e5,1.929,1.929,1.929,1.9290,2
7609,g95e5p,1.855,1.855,1.855,1.8550,2
7609,gB,1.739,1.739,1.739,1.7390,2
7612,g95e5,1.719,1.709,1.729,1.7165,4
7612,gA,1.869,1.869,1.869,1.8690,4
7612,gP,1.919,1.919,1.919,1.9190,4
7618,g95e5,1.460,1.460,1.460,1.4600,3
7618,gA,1.564,1.554,1.564,1.5573,3
7618,gP,1.664,1.654,1.664,1.6573,3
7624,gA,1.539,1.539,1.539,1.5390,3
7624,gP,1.639,1.639,1.639,1.6390,3
7626,gA,1.549,1.539,1.549,1.5457,3
7634,gA,1.589,1.589,1.589,1.5890,3
7634,gP,1.689,1.689,1.689,1.6890,3
7636,gA,1.579,1.579,1.579,1.5790,3
7636,gP,1.689,1.689,1.689,1.6890,3
7644,gP,1.629,1.629,1.629,1.6290,3
7649,gA,1.529,1.529,1.529,1.5290,2
7649,gP,1.629,1.629,1.629,1.6290,2
7650,gA,1.549,1.549,1.549,1.5490,3
7650,gP,1.649,1.649,1.649,1.6490,3
7656,g95e5,1.419,1.419,1.419,1.4190,3
7656,gA,1.499,1.499,1.499,1.4990,3
7657,g95e5,1.419,1.419,1.419,1.4190,3
7657,gA,1.499,1.499,1.499,1.4990,3
7658,g95e5,1.449,1.449,1.449,1.4490,3
7658,gA,1.509,1.509,1.509,1.5090,3
7660,gA,1.509,1.509,1.509,1.5090,2
7660,gP,1.619,1.619,1.619,1.6190,2
7660,g98e5,1.589,1.589,1.589,1.5890,2
7661,g95e5,1.419,1.419,1.419,1.4190,2
7661,gA,1.499,1.499,1.529,1.5090,3
7661,gP,1.629,1.629,1.629,1.6290,3
7664,gA,1.539,1.539,1.539,1.5390,2
7664,gP,1.639,1.639,1.639,1.6390,2
7667,g95e5,1.419,1.419,1.419,1.4190,3
7667,gA,1.519,1.519,1.519,1.5190,3
7669,g95e5,1.339,1.339,1.409,1.3740,2
7669,gA,1.455,1.455,1.515,1.4850,2
7669,gP,1.535,1.535,1.595,1.5650,2
7669,g98e5,1.479,1.479,1.549,1.5140,2
7675,gA,1.569,1.569,1.569,1.5690,2
7676,g95e5,1.459,1.459,1.459,1.4590,3
7679,g95e5,1.439,1.439,1.439,1.4390,3
7680,g95e5,1.419,1.419,1.419,1.4190,3
7680,gA,1.519,1.509,1.519,1.5165,4
7680,gP,1.619,1.619,1.619,1.6190,3
7681,g95e5,1.499,1.479,1.499,1.4890,2
7681,gA,1.599,1.569,1.599,1.5840,2
7681,gP,1.689,1.659,1.689,1.6740,2
7681,g98e5,1.619,1.579,1.619,1.5990,2
7683,gA,1.549,1.549,1.549,1.5490,3
7684,g95e5,1.470,1.410,1.470,1.4500,3
7684,gA,1.600,1.550,1.600,1.5833,3
7684,g98e5,1.580,1.530,1.580,1.5633,3
7688,g95e5,1.429,1.429,1.429,1.4290,4
7688,gA,1.579,1.569,1.579,1.5757,3
7689,g95e5,1.429,1.429,1.429,1.4290,3
7689,gA,1.549,1.549,1.549,1.5490,3
7692,g95e5,1.469,1.469,1.469,1.4690,3
7692,gA,1.559,1.559,1.559,1.5590,3
7692,g98e5,1.609,1.609,1.609,1.6090,3
7693,g95e5,1.499,1.479,1.499,1.4890,2
7693,gA,1.599,1.569,1.599,1.5840,2
7693,gP,1.689,1.659,1.689,1.6740,2
7693,g98e5,1.619,1.579,1.619,1.5990,2
7695,gA,1.509,1.509,1.509,1.5090,2
7695,gP,1.619,1.599,1.619,1.6123,3
7699,gA,1.579,1.579,1.579,1.5790,2
7700,gA,1.579,1.569,1.579,1.5757,3
7702,g95e5,1.419,1.419,1.419,1.4190,3
7702,gA,1.519,1.519,1.519,1.5190,3
7703,gA,1.549,1.549,1.549,1.5490,4
7703,gP,1.649,1.649,1.649,1.6490,4
7705,g95e5,1.469,1.469,1.469,1.4690,3
7705,gA,1.559,1.559,1.559,1.5590,3
7705,g98e5,1.609,1.609,1.609,1.6090,3
7707,g95e5,1.429,1.429,1.429,1.4290,3
7707,gA,1.549,1.539,1.549,1.5457,3
7710,g95e5,1.429,1.429,1.429,1.4290,3
7710,gA,1.549,1.529,1.549,1.5440,4
7711,g95e5,1.419,1.419,1.419,1.4190,4
7711,gA,1.519,1.519,1.519,1.5190,4
7713,g95e5,1.449,1.449,1.449,1.4490,3
7713,gA,1.579,1.569,1.579,1.5757,3
7714,g95e5,1.419,1.419,1.419,1.4190,2
7714,gA,1.489,1.489,1.489,1.4890,2
7714,gP,1.609,1.609,1.609,1.6090,2
7714,g98e5,1.559,1.559,1.559,1.5590,2
7715,g95e5,1.479,1.459,1.479,1.4690,2
7715,gA,1.579,1.549,1.579,1.5640,2
7715,gP,1.669,1.639,1.669,1.6540,2
7715,g98e5,1.599,1.559,1.599,1.5790,2
7716,g95e5,1.479,1.459,1.479,1.4690,2
7716,gA,1.579,1.549,1.579,1.5640,2
7716,gP,1.669,1.639,1.669,1.6540,2
7716,g98e5,1.599,1.559,1.599,1.5790,2
7717,gA,1.529,1.529,1.529,1.5290,2
7717,g98e5,1.564,1.564,1.564,1.5640,2
7718,gA,1.569,1.569,1.569,1.5690,2
7718,gP,1.689,1.689,1.689,1.6890,2
7723,gA,1.569,1.559,1.569,1.5657,3
7733,g95e5,1.448,1.448,1.468,1.4547,3
7733,gA,1.548,1.548,1.548,1.5480,3
7733,gP,1.668,1.668,1.668,1.6680,3
7733,g98e5,1.598,1.598,1.598,1.5980,3
7735,gA,1.635,1.635,1.635,1.6350,2
7735,gP,1.769,1.769,1.769,1.7690,2
7738,gA,1.539,1.539,1.539,1.5390,3
7738,gP,1.669,1.669,1.669,1.6690,3
7741,gA,1.569,1.569,1.569,1.5690,3
7741,gP,1.649,1.649,1.649,1.6490,3
7744,g95e5,1.399,1.399,1.399,1.3990,3
7744,gA,1.469,1.469,1.469,1.4690,3
7744,g98e5,1.529,1.529,1.529,1.5290,3
7746,g95e5,1.501,1.501,1.501,1.5010,2
7746,gA,1.645,1.645,1.645,1.6450,2
7746,g98e5,1.601,1.601,1.601,1.6010,2
7751,g95e5,1.804,1.804,1.804,1.8040,3
7751,gA,1.984,1.964,1.984,1.9740,4
7751,gP,2.064,2.044,2.064,2.0540,4
7751,g95e5p,1.864,1.864,1.864,1.8640,3
7751,gB,1.654,1.654,1.654,1.6540,2
7753,g95e5,1.804,1.804,1.804,1.8040,4
7753,gA,1.984,1.964,1.984,1.9740,4
7753,gP,2.064,2.044,2.064,2.0540,4
7757,g95e5,1.799,1.799,1.805,1.8010,3
7757,gA,1.949,1.949,1.949,1.9490,3
7757,gP,2.009,2.009,2.009,2.0090,3
7757,g98e5,1.939,1.939,1.945,1.9410,3
7757,g95e5p,1.859,1.859,1.865,1.8610,3
7757,gB,1.604,1.599,1.604,1.6023,3
7758,g95e5,1.819,1.819,1.819,1.8190,2
7758,gA,1.969,1.969,1.969,1.9690,2
7758,gP,2.039,2.019,2.039,2.0290,3
7758,g98e5,1.989,1.979,1.989,1.9857,3
7759,g95e5,1.789,1.789,1.789,1.7890,2
7759,gA,1.939,1.939,1.939,1.9390,2
7760,gA,1.579,1.579,1.579,1.5790,3
7760,gP,1.669,1.669,1.669,1.6690,3
7761,g95e5,1.785,1.785,1.785,1.7850,3
7761,gA,1.949,1.935,1.949,1.9443,3
7761,gP,2.049,2.035,2.049,2.0443,3
7761,g98e5,1.955,1.955,1.955,1.9550,3
7762,g95e5,1.449,1.449,1.449,1.4490,3
7762,gA,1.549,1.549,1.549,1.5490,2
7762,gP,1.669,1.669,1.669,1.6690,2
7762,g98e5,1.589,1.589,1.589,1.5890,3
7763,g95e5,1.449,1.449,1.449,1.4490,3
7763,gA,1.549,1.549,1.549,1.5490,2
7763,gP,1.669,1.669,1.669,1.6690,2
7763,g98e5,1.589,1.589,1.589,1.5890,3
7764,g95e5,1.469,1.469,1.469,1.4690,2
7764,gA,1.549,1.549,1.549,1.5490,2
7764,g98e5,1.599,1.599,1.599,1.5990,2
7765,g95e5,1.449,1.449,1.449,1.4490,3
7765,gA,1.549,1.549,1.549,1.5490,2
7765,gP,1.669,1.669,1.669,1.6690,2
7765,g98e5,1.589,1.589,1.589,1.5890,3
7766,gA,1.569,1.569,1.569,1.5690,2
7766,gP,1.689,1.689,1.689,1.6890,2
7767,gA,1.629,1.619,1.629,1.6223,3
7767,g98e5,1.619,1.619,1.619,1.6190,3
7768,gA,1.569,1.569,1.569,1.5690,2
7768,gP,1.689,1.689,1.689,1.6890,2
7769,gA,1.579,1.579,1.579,1.5790,2
7770,gA,1.559,1.559,1.559,1.5590,2
7770,gP,1.679,1.679,1.679,1.6790,2
7771,gA,1.569,1.569,1.569,1.5690,2
7771,gP,1.689,1.689,1.689,1.6890,2
7776,gA,1.568,1.558,1.568,1.5613,3
7776,gP,1.694,1.684,1.694,1.6873,3
7778,gA,1.569,1.569,1.569,1.5690,2
7778,gP,1.689,1.689,1.689,1.6890,2
7784,gA,1.569,1.569,1.569,1.5690,2
7784,gP,1.689,1.689,1.689,1.6890,2
7787,gA,1.569,1.559,1.569,1.5623,3
7787,gP,1.689,1.679,1.689,1.6823,3
7790,gA,1.529,1.529,1.529,1.5290,3
7792,g95e5,1.448,1.448,1.448,1.4480,2
7792,gA,1.538,1.538,1.538,1.5380,2
7792,gP,1.658,1.658,1.658,1.6580,2
7792,g98e5,1.588,1.588,1.588,1.5880,2
7793,g95e5,1.449,1.449,1.449,1.4490,3
7793,gA,1.549,1.549,1.549,1.5490,2
7793,gP,1.669,1.669,1.669,1.6690,2
7793,g98e5,1.589,1.589,1.589,1.5890,3
7794,g95e5,1.449,1.449,1.449,1.4490,3
7794,gA,1.549,1.549,1.549,1.5490,2
7794,gP,1.669,1.669,1.669,1.6690,2
7794,g98e5,1.589,1.589,1.589,1.5890,3
7796,g95e5,1.449,1.449,1.449,1.4490,3
7796,gA,1.549,1.549,1.549,1.5490,2
7796,gP,1.669,1.669,1.669,1.6690,2
7796,g98e5,1.589,1.589,1.589,1.5890,3
7798,g95e5,1.449,1.449,1.449,1.4490,3
7798,gA,1.549,1.549,1.549,1.5490,2
7798,gP,1.669,1.669,1.669,1.6690,2
7798,g98e5,1.589,1.589,1.589,1.5890,3
7799,g95e5,1.359,1.349,1.389,1.3657,3
7799,gA,1.479,1.459,1.479,1.4723,3
7799,gP,1.569,1.539,1.569,1.5590,3
7799,g98e5,1.519,1.499,1.519,1.5123,3
7800,g95e5,1.449,1.449,1.449,1.4490,3
7800,gA,1.549,1.549,1.549,1.5490,2
7800,gP,1.669,1.669,1.669,1.6690,2
7800,g98e5,1.589,1.589,1.589,1.5890,3
7802,g95e5,1.449,1.449,1.449,1.4490,3
7802,gA,1.549,1.549,1.549,1.5490,2
7802,gP,1.669,1.669,1.669,1.6690,2
7802,g98e5,1.589,1.589,1.589,1.5890,3
7804,g95e5,1.479,1.479,1.479,1.4790,3
7804,gA,1.569,1.569,1.569,1.5690,3
7804,g98e5,1.598,1.598,1.598,1.5980,3
7805,g95e5,1.449,1.449,1.449,1.4490,3
7805,gA,1.549,1.549,1.549,1.5490,2
7805,gP,1.669,1.669,1.669,1.6690,2
7805,g98e5,1.589,1.589,1.589,1.5890,3
7806,g95e5,1.449,1.449,1.449,1.4490,3
7806,gA,1.549,1.549,1.549,1.5490,2
7806,gP,1.669,1.669,1.669,1.6690,2
7806,g98e5,1.589,1.589,1.589,1.5890,3
7807,gA,1.546,1.546,1.546,1.5460,2
7807,gP,1.659,1.659,1.659,1.6590,3
7807,g98e5,1.589,1.589,1.589,1.5890,3
7809,gA,1.589,1.589,1.589,1.5890,3
7810,g95e5,1.449,1.449,1.449,1.4490,3
7810,gA,1.549,1.549,1.549,1.5490,2
7810,gP,1.669,1.669,1.669,1.6690,2
7810,g98e5,1.589,1.589,1.589,1.5890,3
7811,gP,1.659,1.659,1.659,1.6590,2
7812,g95e5,1.429,1.429,1.429,1.4290,2
7812,gA,1.549,1.549,1.549,1.5490,3
7814,g95e5,1.449,1.449,1.449,1.4490,3
7814,gA,1.549,1.549,1.549,1.5490,2
7814,gP,1.669,1.669,1.669,1.6690,2
7814,g98e5,1.589,1.589,1.589,1.5890,3
7815,gA,1.569,1.569,1.569,1.5690,2
7815,gP,1.689,1.689,1.689,1.6890,2
7816,gA,1.569,1.569,1.569,1.5690,2
7816,gP,1.689,1.689,1.689,1.6890,2
7817,gA,1.569,1.569,1.569,1.5690,2
7817,gP,1.689,1.689,1.689,1.6890,2
7818,gA,1.569,1.569,1.569,1.5690,2
7818,gP,1.689,1.689,1.689,1.6890,2
7819,gA,1.569,1.569,1.569,1.5690,2
7822,g95e5,1.489,1.489,1.489,1.4890,3
7822,gA,1.599,1.599,1.599,1.5990,3
7822,g98e5,1.609,1.609,1.609,1.6090,3
7824,gA,1.546,1.546,1.546,1.5460,3
7824,gP,1.646,1.646,1.646,1.6460,3
7826,g95e5,1.669,1.669,1.669,1.6690,3
7826,gA,1.799,1.799,1.799,1.7990,3
7826,gP,1.899,1.899,1.899,1.8990,3
7826,g98e5,1.849,1.849,1.849,1.8490,3
7827,gA,1.619,1.619,1.619,1.6190,3
7827,gP,1.699,1.699,1.699,1.6990,3
7827,g98e5,1.639,1.639,1.639,1.6390,2
7829,g95e5,1.469,1.469,1.469,1.4690,3
7829,gA,1.569,1.559,1.569,1.5623,3
7829,g98e5,1.609,1.609,1.609,1.6090,3
7830,g95e5,1.669,1.669,1.669,1.6690,3
7830,gA,1.809,1.809,1.809,1.8090,3
7830,gP,1.899,1.899,1.899,1.8990,3
7830,g98e5,1.869,1.869,1.869,1.8690,3
7832,gA,1.579,1.579,1.579,1.5790,3
7832,gP,1.699,1.699,1.699,1.6990,3
7833,g95e5,1.669,1.669,1.669,1.6690,3
7833,gA,1.809,1.809,1.809,1.8090,3
7833,gP,1.899,1.899,1.899,1.8990,3
7833,g98e5,1.869,1.869,1.869,1.8690,3
7834,gP,1.689,1.689,1.689,1.6890,2
7834,g98e5,1.589,1.589,1.589,1.5890,2
7836,g95e5,1.501,1.501,1.501,1.5010,2
7836,gA,1.645,1.645,1.645,1.6450,2
7836,g98e5,1.601,1.601,1.601,1.6010,2
7838,g95e5,1.656,1.656,1.656,1.6560,2
7838,gA,1.762,1.762,1.762,1.7620,2
7838,g98e5,1.751,1.751,1.751,1.7510,2
7840,g95e5,1.509,1.509,1.509,1.5090,3
7840,gA,1.639,1.629,1.639,1.6357,3
7840,g98e5,1.619,1.619,1.619,1.6190,3
7844,g95e5,1.669,1.669,1.669,1.6690,3
7844,gA,1.809,1.809,1.809,1.8090,3
7844,gP,1.899,1.899,1.899,1.8990,3
7844,g98e5,1.869,1.869,1.869,1.8690,3
7846,gA,1.599,1.589,1.599,1.5957,3
7848,g95e5,1.660,1.660,1.660,1.6600,2
7848,gA,1.766,1.766,1.766,1.7660,2
7848,g98e5,1.755,1.755,1.755,1.7550,2
7849,gA,1.605,1.605,1.605,1.6050,2
7849,gP,1.739,1.739,1.739,1.7390,2
7852,gA,1.609,1.609,1.609,1.6090,3
7854,gA,1.629,1.619,1.629,1.6257,3
7854,gP,1.715,1.715,1.715,1.7150,3
7855,g95e5,1.415,1.398,1.415,1.4093,3
7855,gA,1.478,1.478,1.478,1.4780,3
7855,g98e5,1.519,1.457,1.519,1.4983,3
7856,g95e5,1.439,1.439,1.439,1.4390,3
7856,gA,1.519,1.519,1.519,1.5190,3
7856,gP,1.629,1.629,1.629,1.6290,3
7856,g98e5,1.569,1.569,1.569,1.5690,3
7857,gA,1.579,1.569,1.579,1.5757,3
7857,gP,1.689,1.689,1.689,1.6890,3
7859,gP,1.649,1.649,1.649,1.6490,2
7860,gA,1.585,1.585,1.585,1.5850,2
7861,gP,1.695,1.695,1.695,1.6950,2
7863,gA,1.579,1.569,1.579,1.5757,3
7863,gP,1.699,1.689,1.699,1.6957,3
7864,gA,1.659,1.659,1.659,1.6590,3
7866,gA,1.599,1.599,1.599,1.5990,3
7866,gP,1.679,1.679,1.679,1.6790,3
7869,gA,1.579,1.579,1.579,1.5790,3
7869,gP,1.699,1.699,1.699,1.6990,3
7869,g98e5,1.609,1.609,1.609,1.6090,2
7871,gA,1.609,1.609,1.609,1.6090,2
7871,gP,1.669,1.669,1.669,1.6690,2
7875,gA,1.579,1.569,1.579,1.5757,3
7876,g95e5,1.656,1.656,1.656,1.6560,2
7876,gA,1.762,1.762,1.762,1.7620,2
7876,gP,1.807,1.807,1.807,1.8070,2
7876,g98e5,1.751,1.751,1.751,1.7510,2
7879,gA,1.609,1.599,1.609,1.6057,3
7879,gP,1.739,1.729,1.739,1.7357,3
7880,gA,1.659,1.659,1.659,1.6590,2
7881,gA,1.569,1.569,1.569,1.5690,2
7881,gP,1.699,1.699,1.699,1.6990,2
7885,g95e5,1.656,1.656,1.656,1.6560,2
7885,gA,1.762,1.762,1.762,1.7620,2
7885,gP,1.807,1.807,1.807,1.8070,2
7885,g98e5,1.751,1.751,1.751,1.7510,2
7887,gA,1.579,1.579,1.579,1.5790,3
7889,g95e5,1.459,1.459,1.459,1.4590,2
7889,gP,1.629,1.629,1.629,1.6290,3
7890,g95e5,1.449,1.449,1.449,1.4490,3
7890,gA,1.569,1.569,1.569,1.5690,3
7897,gA,1.564,1.564,1.564,1.5640,3
7897,gP,1.664,1.664,1.664,1.6640,3
7898,gA,1.569,1.569,1.569,1.5690,3
7900,g95e5,1.459,1.459,1.459,1.4590,2
7900,gA,1.569,1.559,1.569,1.5657,3
7900,g98e5,1.599,1.599,1.599,1.5990,2
7901,gA,1.549,1.545,1.549,1.5477,3
7902,g95e5,1.425,1.425,1.425,1.4250,3
7902,gA,1.509,1.509,1.509,1.5090,3
7902,g98e5,1.549,1.549,1.549,1.5490,3
7904,gA,1.519,1.519,1.519,1.5190,2
7904,gP,1.629,1.629,1.629,1.6290,2
7905,gA,1.529,1.529,1.529,1.5290,2
7905,gP,1.639,1.639,1.639,1.6390,2
7912,gA,1.539,1.539,1.539,1.5390,2
7912,gP,1.659,1.659,1.659,1.6590,2
7913,gA,1.569,1.559,1.569,1.5657,3
7913,gP,1.669,1.669,1.669,1.6690,3
7915,gA,1.569,1.569,1.569,1.5690,3
7915,gP,1.639,1.639,1.639,1.6390,3
7917,gA,1.559,1.559,1.559,1.5590,3
7917,gP,1.659,1.649,1.659,1.6523,3
7919,gA,1.559,1.549,1.559,1.5557,3
7919,gP,1.669,1.665,1.669,1.6677,3
7922,g95e5,1.429,1.429,1.429,1.4290,3
7922,g98e5,1.539,1.539,1.539,1.5390,3
7924,gA,1.569,1.569,1.569,1.5690,3
7924,gP,1.659,1.659,1.659,1.6590,3
7926,gA,1.559,1.559,1.559,1.5590,3
7926,gP,1.669,1.669,1.669,1.6690,3
7927,gA,1.579,1.579,1.579,1.5790,3
7927,g98e5,1.599,1.599,1.599,1.5990,2
7928,gA,1.539,1.539,1.539,1.5390,2
7928,gP,1.659,1.659,1.659,1.6590,2
7929,gA,1.539,1.539,1.539,1.5390,3
7929,gP,1.639,1.639,1.639,1.6390,3
7930,gA,1.559,1.559,1.559,1.5590,3
7930,gP,1.659,1.659,1.659,1.6590,3
7931,gA,1.539,1.539,1.539,1.5390,3
7931,gP,1.639,1.639,1.639,1.6390,3
7932,gA,1.589,1.589,1.589,1.5890,3
7933,gA,1.564,1.564,1.564,1.5640,3
7933,gP,1.664,1.664,1.664,1.6640,3
7934,g95e5,1.478,1.478,1.478,1.4780,4
7934,gA,1.518,1.518,1.518,1.5180,4
7935,g95e5,1.449,1.449,1.449,1.4490,3
7935,gA,1.539,1.539,1.539,1.5390,3
7935,gP,1.649,1.649,1.649,1.6490,3
7935,g98e5,1.589,1.589,1.589,1.5890,3
7939,gA,1.525,1.525,1.525,1.5250,3
7940,g95e5,1.449,1.449,1.449,1.4490,3
7940,gA,1.549,1.549,1.549,1.5490,2
7940,gP,1.669,1.669,1.669,1.6690,2
7940,g98e5,1.589,1.589,1.589,1.5890,3
7941,g95e5,1.494,1.494,1.525,1.5147,3
7941,gA,1.529,1.529,1.559,1.5457,3
7941,g98e5,1.564,1.564,1.595,1.5847,3
7944,gA,1.569,1.569,1.569,1.5690,3
7944,gP,1.649,1.649,1.649,1.6490,3
7945,gA,1.549,1.549,1.549,1.5490,3
7945,gP,1.659,1.659,1.659,1.6590,3
7945,g98e5,1.599,1.599,1.599,1.5990,2
7946,gA,1.559,1.559,1.559,1.5590,3
7946,gP,1.669,1.669,1.669,1.6690,3
7947,g95e5,1.669,1.669,1.669,1.6690,3
7947,gA,1.799,1.799,1.799,1.7990,3
7947,gP,1.899,1.899,1.899,1.8990,3
7947,g98e5,1.849,1.849,1.849,1.8490,3
7950,gP,1.759,1.759,1.759,1.7590,2
7953,g95e5,1.669,1.669,1.669,1.6690,3
7953,gA,1.799,1.799,1.799,1.7990,3
7953,g98e5,1.849,1.849,1.849,1.8490,3
7954,gA,1.549,1.549,1.549,1.5490,3
7954,gP,1.649,1.649,1.649,1.6490,3
7954,g98e5,1.585,1.585,1.585,1.5850,2
7955,gA,1.590,1.590,1.590,1.5900,3
7961,g95e5,1.589,1.579,1.589,1.5823,3
7961,gA,1.699,1.699,1.699,1.6990,3
7961,gP,1.729,1.729,1.729,1.7290,3
7965,g95e5,1.689,1.689,1.709,1.6957,3
7965,gA,1.777,1.777,1.777,1.7770,3
7968,gA,1.969,1.969,1.969,1.9690,2
7968,gP,2.069,2.069,2.069,2.0690,2
7979,gA,1.745,1.745,1.745,1.7450,3
7979,gB,1.399,1.399,1.399,1.3990,3
7982,g95e5,1.805,1.799,1.805,1.8030,3
7982,gA,1.889,1.879,1.889,1.8857,3
7982,gP,1.979,1.969,1.979,1.9757,3
7982,g98e5,1.945,1.939,1.945,1.9430,3
7983,g95e5,1.794,1.794,1.794,1.7940,3
7983,gA,1.984,1.964,1.984,1.9773,3
7983,gP,2.084,2.064,2.084,2.0773,3
7991,gA,1.919,1.919,1.919,1.9190,2
7991,gP,1.999,1.999,1.999,1.9990,2
7996,g95e5,1.759,1.749,1.759,1.7557,3
7996,gA,1.919,1.909,1.919,1.9157,3
7996,gB,1.599,1.589,1.599,1.5957,3
7998,gA,1.904,1.904,1.904,1.9040,3
8006,g95e5,1.759,1.759,1.759,1.7590,2
8006,gA,1.869,1.869,1.869,1.8690,2
8006,gP,1.949,1.949,1.949,1.9490,2
8007,g95e5,1.759,1.759,1.759,1.7590,2
8007,gA,1.869,1.869,1.869,1.8690,2
8007,gP,1.949,1.949,1.949,1.9490,2
8007,g98e5,1.899,1.899,1.899,1.8990,2
8009,g95e5,1.639,1.639,1.639,1.6390,2
8009,gA,1.749,1.749,1.749,1.7490,2
8010,gA,1.889,1.889,1.889,1.8890,3
8011,g95e5,1.735,1.735,1.735,1.7350,3
8011,gA,1.915,1.909,1.915,1.9130,3
8011,gP,2.025,2.019,2.025,2.0230,3
8011,g98e5,1.905,1.905,1.905,1.9050,3
8019,g95e5,1.839,1.839,1.839,1.8390,3
8019,gA,1.929,1.919,1.929,1.9223,3
8021,gA,1.789,1.789,1.789,1.7890,2
8021,gP,1.839,1.839,1.839,1.8390,2
8021,glp,1.119,1.119,1.119,1.1190,2
8025,g95e5,1.799,1.789,1.799,1.7957,3
8025,gA,1.949,1.899,1.949,1.9290,3
8025,g98e5,1.939,1.929,1.939,1.9323,3
8026,gA,1.819,1.819,1.819,1.8190,2
8034,g95e5,1.759,1.749,1.759,1.7557,3
8034,gA,1.919,1.909,1.919,1.9157,3
8034,gB,1.589,1.579,1.589,1.5857,3
8041,gA,1.789,1.789,1.789,1.7890,3
8042,g95e5,1.652,1.639,1.659,1.6500,3
8042,gA,1.843,1.819,1.843,1.8270,3
8053,g95e5,1.771,1.771,1.771,1.7710,3
8053,gA,1.929,1.929,1.929,1.9290,3
8053,g98e5,1.904,1.904,1.904,1.9040,3
8053,gB,1.726,1.726,1.726,1.7260,3
8057,gA,1.965,1.949,1.965,1.9563,3
8057,gP,2.055,2.039,2.055,2.0463,3
8058,gA,1.959,1.959,1.959,1.9590,2
8058,gP,2.054,2.054,2.054,2.0540,2
8062,g95e5,1.649,1.649,1.649,1.6490,2
8062,gA,1.839,1.839,1.839,1.8390,2
8062,g98e5,1.759,1.759,1.759,1.7590,2
8066,g95e5,1.769,1.769,1.769,1.7690,3
8066,gA,1.871,1.871,1.871,1.8710,3
8068,g95e5,1.739,1.739,1.744,1.7407,3
8068,g98e5,1.879,1.879,1.884,1.8807,3
8069,gA,1.929,1.899,1.929,1.9090,3
8069,gP,1.949,1.919,1.949,1.9290,3
8069,gB,1.649,1.649,1.649,1.6490,3
8072,g95e5,1.618,1.618,1.618,1.6180,2
8072,gA,1.758,1.758,1.758,1.7580,2
8072,g98e5,1.778,1.778,1.778,1.7780,2
8073,g95e5,1.749,1.739,1.749,1.7457,3
8073,gA,1.919,1.909,1.919,1.9157,3
8073,gB,1.529,1.519,1.529,1.5257,3
8086,gA,1.899,1.899,1.899,1.8990,3
8088,g95e5,1.785,1.785,1.785,1.7850,3
8088,gA,1.965,1.955,1.965,1.9617,3
8088,gP,2.025,2.015,2.025,2.0217,3
8088,g98e5,1.905,1.905,1.905,1.9050,3
8097,g95e5,1.699,1.699,1.699,1.6990,2
8097,gA,1.839,1.839,1.839,1.8390,2
8101,g95e5,1.814,1.814,1.814,1.8140,4
8101,gA,1.994,1.974,1.994,1.9873,3
8101,gP,2.094,2.074,2.094,2.0873,3
8103,gA,1.749,1.749,1.749,1.7490,2
8105,g95e5,1.789,1.789,1.789,1.7890,2
8105,gA,1.929,1.919,1.929,1.9257,3
8105,gP,2.019,2.009,2.019,2.0157,3
8111,g95e5,1.788,1.788,1.788,1.7880,3
8111,gA,1.948,1.948,1.948,1.9480,3
8112,gA,1.894,1.894,1.894,1.8940,2
8112,gP,1.928,1.928,1.928,1.9280,2
8119,g95e5,1.666,1.666,1.666,1.6660,3
8119,gA,1.799,1.799,1.799,1.7990,3
8125,g95e5,1.824,1.824,1.824,1.8240,2
8125,gA,1.964,1.964,1.964,1.9640,2
8125,gP,2.064,2.064,2.064,2.0640,2
8125,g95e5p,1.914,1.914,1.914,1.9140,2
8127,g95e5,1.729,1.729,1.729,1.7290,3
8127,gA,1.939,1.935,1.939,1.9377,3
8127,gP,1.999,1.995,1.999,1.9977,3
8127,g98e5,1.849,1.849,1.849,1.8490,3
8129,g95e5,1.735,1.735,1.735,1.7350,3
8129,gA,1.949,1.945,1.949,1.9477,3
8129,gP,2.009,2.005,2.009,2.0077,3
8129,g98e5,1.905,1.905,1.905,1.9050,3
8130,g95e5,1.735,1.735,1.735,1.7350,3
8130,gA,1.949,1.945,1.949,1.9477,3
8130,gP,2.009,2.005,2.009,2.0077,3
8130,g98e5,1.905,1.905,1.905,1.9050,3
8135,g95e5,1.759,1.759,1.759,1.7590,3
8135,gA,1.929,1.929,1.929,1.9290,3
8135,g98e5,1.889,1.889,1.889,1.8890,3
8138,g95e5,1.754,1.754,1.754,1.7540,3
8138,gA,1.934,1.914,1.934,1.9273,3
8138,gP,2.024,2.004,2.024,2.0173,3
8138,g95e5p,1.844,1.844,1.844,1.8440,3
8145,g95e5,1.804,1.804,1.804,1.8040,4
8145,gA,1.954,1.934,1.954,1.9440,4
8145,gP,2.054,2.034,2.054,2.0440,4
8149,gA,1.809,1.809,1.809,1.8090,2
8149,gP,1.849,1.849,1.849,1.8490,2
8151,g95e5,1.749,1.749,1.749,1.7490,2
8151,gA,1.919,1.919,1.919,1.9190,2
8151,gP,1.979,1.979,1.979,1.9790,2
8155,g95e5,1.669,1.669,1.669,1.6690,4
8155,gA,1.829,1.794,1.829,1.8127,4
8155,gP,1.879,1.844,1.879,1.8628,4
8160,gA,1.939,1.939,1.939,1.9390,4
8160,gB,1.709,1.709,1.709,1.7090,4
8165,gA,1.677,1.677,1.677,1.6770,2
8169,g95e5,1.839,1.829,1.839,1.8323,3
8169,gA,1.909,1.889,1.909,1.9023,3
8169,g98e5,1.979,1.969,1.979,1.9740,2
8169,glp,1.145,1.125,1.145,1.1317,3
8170,gA,1.889,1.889,1.889,1.8890,2
8170,g98e5,1.899,1.899,1.899,1.8990,2
8171,g95e5,1.585,1.585,1.585,1.5850,2
8171,gA,1.755,1.755,1.755,1.7550,2
8171,gP,1.800,1.800,1.800,1.8000,2
8171,g98e5,1.675,1.675,1.675,1.6750,2
8172,gA,1.629,1.629,1.629,1.6290,3
8172,gB,1.459,1.459,1.459,1.4590,3
8177,gA,1.959,1.949,1.959,1.9557,3
8177,gP,2.049,2.039,2.049,2.0457,3
8182,gA,1.868,1.868,1.868,1.8680,2
8182,gB,1.668,1.668,1.668,1.6680,2
8183,gA,1.870,1.870,1.870,1.8700,3
8192,g95e5,1.805,1.805,1.805,1.8050,3
8192,gA,1.935,1.925,1.935,1.9317,3
8192,gP,2.005,1.995,2.005,2.0017,3
8197,g95e5,1.745,1.745,1.745,1.7450,2
8197,gA,1.935,1.935,1.935,1.9350,2
8201,g95e5,1.789,1.789,1.789,1.7890,3
8201,gA,1.929,1.915,1.929,1.9243,3
8201,gP,1.989,1.975,1.989,1.9843,3
8201,g98e5,1.909,1.909,1.909,1.9090,3
8208,g95e5,1.567,1.557,1.567,1.5637,3
8208,gA,1.727,1.697,1.727,1.7170,3
8221,g95e5,1.719,1.719,1.719,1.7190,2
8223,gA,1.809,1.809,1.809,1.8090,2
8226,gA,1.889,1.889,1.889,1.8890,3
8231,g95e5,1.729,1.709,1.729,1.7190,2
8231,gA,1.809,1.789,1.809,1.7990,2
8231,gP,1.849,1.829,1.849,1.8390,2
8231,g98e5,1.919,1.909,1.949,1.9257,3
8247,gA,1.879,1.869,1.879,1.8757,3
8247,gP,1.959,1.949,1.959,1.9557,3
8248,g95e5,1.774,1.774,1.779,1.7773,3
8248,gA,1.879,1.869,1.879,1.8757,3
8248,gP,1.959,1.949,1.959,1.9557,3
8248,g98e5,1.914,1.914,1.919,1.9173,3
8250,g95e5,1.759,1.755,1.765,1.7595,4
8250,gA,1.935,1.929,1.935,1.9330,3
8250,gP,2.035,2.029,2.035,2.0330,3
8250,g98e5,1.929,1.929,1.935,1.9310,3
8250,gB,1.620,1.615,1.620,1.6183,3
8251,g95e5,1.795,1.789,1.795,1.7930,3
8251,gA,1.985,1.985,1.985,1.9850,3
8251,gP,2.045,2.045,2.045,2.0450,3
8251,g98e5,1.915,1.909,1.915,1.9130,3
8252,g95e5,1.835,1.825,1.835,1.8325,4
8252,gA,1.979,1.975,1.979,1.9777,3
8252,g98e5,1.955,1.955,1.955,1.9550,3
8252,glp,1.185,1.185,1.185,1.1850,2
8253,g95e5,1.809,1.809,1.809,1.8090,3
8253,gA,1.925,1.925,1.925,1.9250,3
8253,gP,1.985,1.985,1.985,1.9850,3
8253,g98e5,1.929,1.929,1.929,1.9290,3
8254,g95e5,1.809,1.809,1.809,1.8090,2
8254,gA,1.969,1.949,1.969,1.9590,3
8254,gP,2.035,2.009,2.035,2.0210,3
8254,g98e5,1.989,1.975,1.989,1.9843,3
8266,g95e5,1.784,1.784,1.784,1.7840,4
8266,gA,2.004,1.984,2.004,1.9973,3
8266,gP,2.084,2.064,2.084,2.0773,3
8266,g95e5p,1.874,1.874,1.874,1.8740,4
8270,g95e5,1.805,1.805,1.805,1.8050,3
8270,gA,1.955,1.935,1.955,1.9483,3
8271,gA,1.924,1.924,1.924,1.9240,2
8271,gP,2.024,2.024,2.024,2.0240,2
8271,gB,1.694,1.694,1.694,1.6940,2
8273,g95e5,1.649,1.639,1.649,1.6440,2
8273,gA,1.769,1.749,1.769,1.7590,2
8274,g95e5,1.775,1.775,1.775,1.7750,3
8274,gA,1.939,1.925,1.939,1.9343,3
8274,gP,2.049,2.049,2.049,2.0490,2
8274,g98e5,1.895,1.895,1.895,1.8950,3
8274,g95e5p,1.835,1.835,1.835,1.8350,3
8275,g95e5,1.775,1.775,1.775,1.7750,3
8275,gA,1.905,1.885,1.905,1.8983,3
8275,g98e5,1.945,1.945,1.945,1.9450,3
8275,gB,1.700,1.695,1.700,1.6983,3
8276,g95e5,1.749,1.749,1.749,1.7490,2
8276,gA,1.899,1.889,1.899,1.8940,2
8276,gP,1.999,1.989,1.999,1.9940,2
8276,g98e5,1.899,1.899,1.899,1.8990,2
8280,g95e5,1.429,1.359,1.429,1.4057,3
8280,gA,1.519,1.449,1.519,1.4957,3
8280,gP,1.599,1.539,1.599,1.5790,3
8280,g98e5,1.549,1.479,1.549,1.5257,3
8288,g95e5,1.659,1.654,1.659,1.6573,3
8288,gA,1.874,1.874,1.874,1.8740,2
8288,gP,1.924,1.924,1.924,1.9240,2
8288,g98e5,1.769,1.764,1.769,1.7673,3
8292,g95e5,1.795,1.795,1.799,1.7970,2
8292,gA,1.929,1.925,1.929,1.9270,2
8292,gP,1.999,1.995,1.999,1.9970,2
8292,g98e5,1.915,1.915,1.919,1.9170,2
8294,g95e5,1.799,1.789,1.799,1.7915,4
8294,gA,1.939,1.919,1.939,1.9265,4
8294,gP,1.989,1.969,1.989,1.9765,4
8294,g98e5,1.939,1.929,1.939,1.9315,4
8295,g95e5,1.709,1.709,1.709,1.7090,2
8295,gA,1.848,1.848,1.848,1.8480,2
8295,gP,1.948,1.948,1.948,1.9480,2
8296,gA,1.848,1.848,1.848,1.8480,2
8296,gP,1.948,1.948,1.948,1.9480,2
8300,g95e5,1.809,1.809,1.819,1.8140,2
8300,gA,1.889,1.889,1.889,1.8890,2
8300,gP,1.979,1.979,1.979,1.9790,2
8300,g98e5,1.959,1.959,1.969,1.9640,2
8304,g95e5,1.814,1.794,1.814,1.8015,4
8304,gA,1.904,1.894,1.904,1.8990,4
8304,gP,1.994,1.984,1.994,1.9890,4
8304,g98e5,1.934,1.914,1.934,1.9215,4
8305,g95e5,1.814,1.794,1.814,1.8015,4
8305,gA,1.904,1.894,1.904,1.8990,4
8305,gP,1.994,1.984,1.994,1.9890,4
8305,g98e5,1.934,1.914,1.934,1.9215,4
8308,gA,1.809,1.809,1.809,1.8090,3
8310,g95e5,1.689,1.689,1.689,1.6890,3
8310,gA,1.839,1.839,1.839,1.8390,3
8313,g95e5,1.769,1.769,1.769,1.7690,2
8313,gA,1.884,1.874,1.884,1.8790,2
8313,gP,1.964,1.954,1.964,1.9590,2
8313,g98e5,1.909,1.909,1.909,1.9090,2
8314,g95e5,1.744,1.724,1.744,1.7373,3
8314,gA,1.899,1.879,1.899,1.8923,3
8314,gP,1.949,1.929,1.949,1.9423,3
8314,g95e5p,1.794,1.774,1.794,1.7873,3
8316,g95e5,1.789,1.779,1.789,1.7823,3
8316,gA,1.919,1.899,1.919,1.9057,3
8316,gP,1.959,1.939,1.959,1.9457,3
8317,gA,1.859,1.849,1.859,1.8523,3
8317,gP,1.899,1.889,1.899,1.8923,3
8317,g98e5,1.949,1.889,1.949,1.9190,2
8318,g95e5,1.739,1.739,1.739,1.7390,2
8318,gA,1.849,1.849,1.849,1.8490,2
8318,gP,1.889,1.889,1.889,1.8890,2
8319,g95e5,1.799,1.799,1.799,1.7990,3
8319,gA,1.929,1.929,1.929,1.9290,3
8319,gP,1.969,1.969,1.969,1.9690,3
8319,g98e5,1.919,1.919,1.919,1.9190,2
8321,g95e5,1.869,1.869,1.879,1.8723,3
8321,gA,1.989,1.989,2.009,1.9957,3
8321,g98e5,1.999,1.999,2.019,2.0057,3
8326,gA,1.559,1.559,1.559,1.5590,3
8328,g95e5,1.799,1.789,1.799,1.7957,3
8328,gA,1.949,1.929,1.949,1.9423,3
8328,g98e5,1.899,1.889,1.899,1.8957,3
8329,g95e5,1.769,1.769,1.769,1.7690,2
8329,gA,1.949,1.935,1.949,1.9443,3
8329,gP,2.039,2.025,2.039,2.0343,3
8329,g98e5,1.909,1.909,1.909,1.9090,2
8335,g95e5,1.799,1.799,1.799,1.7990,3
8335,gA,1.939,1.939,1.939,1.9390,3
8335,gP,1.989,1.989,1.989,1.9890,3
8337,g95e5,1.619,1.619,1.619,1.6190,3
8337,gA,1.668,1.668,1.668,1.6680,3
8340,g95e5,1.659,1.649,1.659,1.6557,3
8340,gA,1.759,1.749,1.759,1.7540,2
8340,gP,1.789,1.779,1.789,1.7840,2
8341,g95e5,1.735,1.735,1.735,1.7350,2
8341,gA,1.935,1.915,1.935,1.9283,3
8341,gP,2.025,2.005,2.025,2.0183,3
8341,g98e5,1.875,1.875,1.875,1.8750,2
8342,g95e5,1.799,1.799,1.799,1.7990,3
8342,gA,1.939,1.939,1.939,1.9390,3
8342,gP,1.989,1.989,1.989,1.9890,3
8344,g95e5,1.759,1.759,1.765,1.7610,3
8344,gA,1.935,1.929,1.935,1.9330,3
8344,gP,2.035,2.029,2.035,2.0330,3
8344,g98e5,1.929,1.929,1.935,1.9310,3
8344,gB,1.620,1.615,1.620,1.6183,3
8345,g95e5,1.789,1.789,1.799,1.7940,2
8345,gA,1.929,1.929,1.939,1.9323,3
8345,gP,2.009,2.009,2.019,2.0123,3
8345,g98e5,1.929,1.929,1.939,1.9340,2
8350,g98e5,1.949,1.949,1.949,1.9490,2
8355,gA,1.869,1.859,1.869,1.8657,3
8355,gP,1.869,1.859,1.869,1.8657,3
8356,g95e5,1.719,1.709,1.719,1.7140,2
8356,gA,1.829,1.819,1.829,1.8240,2
8356,gP,1.929,1.919,1.929,1.9240,2
8356,g98e5,1.819,1.809,1.819,1.8140,2
8357,g95e5,1.729,1.729,1.729,1.7290,3
8357,gA,1.929,1.929,1.929,1.9290,3
8357,gP,2.009,2.009,2.009,2.0090,3
8357,g98e5,1.869,1.869,1.869,1.8690,3
8360,gA,1.899,1.899,1.899,1.8990,4
8361,g95e5,1.509,1.509,1.509,1.5090,3
8361,gA,1.689,1.689,1.689,1.6890,3
8361,gP,1.739,1.739,1.739,1.7390,3
8361,g98e5,1.749,1.749,1.749,1.7490,3
8363,g95e5,1.818,1.808,1.818,1.8147,3
8363,gA,1.948,1.938,1.948,1.9447,3
8363,gP,2.038,2.038,2.038,2.0380,2
8363,glp,1.168,1.168,1.168,1.1680,2
8367,gA,1.919,1.919,1.919,1.9190,3
8367,gP,2.009,2.009,2.009,2.0090,3
8368,gA,1.909,1.909,1.909,1.9090,3
8368,gP,1.989,1.989,1.989,1.9890,3
8369,g95e5,1.739,1.739,1.739,1.7390,2
8369,gA,1.859,1.859,1.859,1.8590,2
8369,g98e5,1.939,1.939,1.939,1.9390,2
8372,g95e5,1.759,1.749,1.759,1.7523,3
8372,gA,1.959,1.939,1.959,1.9490,3
8372,gP,2.059,2.039,2.059,2.0490,3
8372,g98e5,1.879,1.869,1.879,1.8723,3
8374,g95e5,1.799,1.799,1.799,1.7990,3
8374,gA,1.939,1.924,1.939,1.9323,3
8374,gP,2.019,2.004,2.019,2.0123,3
8379,g95e5,1.779,1.770,1.779,1.7745,2
8379,gA,1.859,1.849,1.859,1.8540,2
8379,gP,1.939,1.929,1.939,1.9340,2
8379,g98e5,1.919,1.910,1.919,1.9145,2
8382,g95e5,1.779,1.779,1.779,1.7790,2
8382,gA,1.914,1.889,1.914,1.9023,3
8382,gP,1.994,1.969,1.994,1.9823,3
8382,g98e5,1.919,1.919,1.919,1.9190,2
8383,g95e5,1.779,1.779,1.779,1.7790,2
8383,gA,1.914,1.889,1.914,1.9023,3
8383,gP,1.994,1.969,1.994,1.9823,3
8383,g98e5,1.919,1.919,1.919,1.9190,2
8386,gA,1.708,1.708,1.708,1.7080,2
8386,gP,1.752,1.752,1.764,1.7560,3
8386,gB,1.382,1.382,1.382,1.3820,2
8393,g95e5,1.745,1.745,1.749,1.7477,3
8393,gA,1.919,1.919,1.925,1.9210,3
8393,gP,1.999,1.999,2.005,2.0010,3
8393,g98e5,1.885,1.885,1.889,1.8877,3
8394,gA,1.787,1.787,1.787,1.7870,2
8394,gP,1.867,1.867,1.867,1.8670,2
8397,g95e5,1.719,1.719,1.719,1.7190,2
8397,gA,1.914,1.899,1.914,1.9057,3
8397,gP,1.994,1.979,1.994,1.9857,3
8397,g98e5,1.859,1.859,1.859,1.8590,2
8398,g95e5,1.729,1.729,1.739,1.7343,3
8398,gA,1.895,1.895,1.899,1.8977,3
8398,gP,1.975,1.975,1.979,1.9777,3
8398,g98e5,1.869,1.869,1.879,1.8743,3
8407,g95e5,1.819,1.819,1.819,1.8190,2
8407,gA,1.979,1.979,1.979,1.9790,2
8407,gP,2.081,2.081,2.081,2.0810,2
8407,g98e5,1.957,1.957,1.957,1.9570,2
8408,g95e5,1.758,1.758,1.758,1.7580,2
8408,gA,1.968,1.948,1.968,1.9580,2
8408,gP,1.998,1.968,1.998,1.9830,2
8411,g95e5,1.719,1.719,1.719,1.7190,2
8411,gA,1.799,1.799,1.799,1.7990,2
8411,gP,1.929,1.929,1.929,1.9290,2
8411,g98e5,1.879,1.879,1.879,1.8790,2
8413,g95e5,1.789,1.779,1.789,1.7857,3
8413,gA,1.879,1.879,1.879,1.8790,2
8413,gP,1.959,1.959,1.959,1.9590,2
8413,g98e5,1.929,1.919,1.929,1.9257,3
8420,g95e5,1.539,1.539,1.569,1.5490,3
8420,gA,1.699,1.679,1.709,1.6957,3
8427,gA,1.889,1.889,1.889,1.8890,2
8427,gP,1.969,1.969,1.969,1.9690,2
8429,gA,1.949,1.949,1.949,1.9490,4
8432,gB,1.290,1.290,1.290,1.2900,2
8435,g95e5,1.739,1.739,1.739,1.7390,3
8435,g98e5,1.879,1.879,1.879,1.8790,3
8440,g95e5,1.659,1.659,1.659,1.6590,3
8440,g98e5,1.859,1.859,1.859,1.8590,3
8446,g95e5,1.754,1.754,1.759,1.7565,2
8446,gA,1.859,1.849,1.859,1.8540,2
8446,gP,1.939,1.929,1.939,1.9340,2
8446,g98e5,1.894,1.894,1.899,1.8965,2
8449,g95e5,1.769,1.749,1.769,1.7623,3
8449,gA,1.899,1.879,1.899,1.8923,3
8449,gP,1.979,1.959,1.979,1.9723,3
8449,g98e5,1.909,1.889,1.909,1.9023,3
8450,g95e5,1.769,1.749,1.769,1.7623,3
8450,gA,1.899,1.879,1.899,1.8923,3
8450,gP,1.979,1.959,1.979,1.9723,3
8450,g98e5,1.909,1.889,1.909,1.9023,3
8452,g95e5,1.749,1.749,1.759,1.7557,3
8452,gA,1.839,1.829,1.839,1.8357,3
8452,gP,1.919,1.909,1.919,1.9157,3
8452,g98e5,1.889,1.889,1.899,1.8957,3
8453,gA,1.919,1.919,1.919,1.9190,2
8453,gP,1.999,1.999,1.999,1.9990,2
8457,g95e5,1.789,1.779,1.789,1.7857,3
8457,gA,1.899,1.899,1.899,1.8990,3
8457,gP,1.979,1.979,1.979,1.9790,3
8457,g98e5,1.929,1.919,1.929,1.9257,3
8458,gA,1.939,1.919,1.939,1.9290,3
8458,gP,2.019,1.999,2.019,2.0090,3
8461,g95e5,1.785,1.785,1.789,1.7877,3
8461,gA,1.925,1.909,1.925,1.9163,3
8461,gP,2.005,1.989,2.005,1.9963,3
8461,g98e5,1.925,1.925,1.929,1.9277,3
8464,g95e5,1.775,1.775,1.779,1.7777,3
8464,gA,1.919,1.899,1.919,1.9110,3
8464,gP,1.999,1.979,1.999,1.9910,3
8464,g98e5,1.915,1.915,1.919,1.9177,3
8465,g95e5,1.774,1.774,1.774,1.7740,2
8465,gA,1.964,1.949,1.964,1.9573,3
8465,gP,2.044,2.029,2.044,2.0373,3
8465,g98e5,1.914,1.914,1.914,1.9140,2
8466,g95e5,1.809,1.809,1.809,1.8090,2
8466,gA,1.974,1.969,1.974,1.9715,2
8466,gP,2.054,2.049,2.054,2.0515,2
8466,g98e5,1.949,1.949,1.949,1.9490,2
8467,g95e5,1.779,1.769,1.789,1.7790,3
8467,gA,1.949,1.929,1.949,1.9390,2
8467,gP,2.029,2.009,2.029,2.0190,2
8467,g98e5,1.919,1.909,1.929,1.9190,3
8468,g95e5,1.779,1.769,1.779,1.7757,3
8468,gA,1.949,1.929,1.949,1.9390,2
8468,gP,2.029,2.009,2.029,2.0190,2
8468,g98e5,1.919,1.909,1.919,1.9157,3
8469,g95e5,1.789,1.779,1.789,1.7857,3
8469,gA,1.949,1.934,1.949,1.9390,3
8469,gP,2.029,2.014,2.029,2.0190,3
8469,g98e5,1.929,1.919,1.929,1.9257,3
8470,g95e5,1.789,1.789,1.789,1.7890,3
8470,gA,1.949,1.949,1.949,1.9490,3
8470,gP,2.029,2.029,2.029,2.0290,3
8470,g98e5,1.929,1.929,1.929,1.9290,3
8472,g95e5,1.824,1.824,1.824,1.8240,3
8472,gA,1.949,1.944,1.949,1.9457,3
8472,gP,2.029,2.024,2.029,2.0257,3
8472,g98e5,1.964,1.964,1.964,1.9640,3
8473,gA,1.944,1.924,1.944,1.9357,3
8473,gP,2.024,2.004,2.024,2.0157,3
8475,g95e5,1.724,1.719,1.724,1.7215,2
8475,gA,1.829,1.809,1.829,1.8190,2
8475,gP,1.909,1.889,1.909,1.8990,2
8475,g98e5,1.864,1.859,1.864,1.8615,2
8483,g95e5,1.659,1.659,1.659,1.6590,3
8483,g98e5,1.859,1.859,1.859,1.8590,3
8485,g95e5,1.619,1.619,1.629,1.6240,2
8485,g98e5,1.819,1.819,1.829,1.8240,2
8489,gA,1.909,1.899,1.909,1.9023,3
8489,gP,1.989,1.979,1.989,1.9823,3
8490,g95e5,1.759,1.759,1.769,1.7623,3
8490,gA,1.954,1.939,1.954,1.9473,3
8490,gP,2.034,2.019,2.034,2.0273,3
8490,g98e5,1.899,1.899,1.909,1.9023,3
8495,g95e5,1.759,1.729,1.759,1.7390,3
8499,g95e5,1.665,1.659,1.679,1.6677,3
8499,gA,1.765,1.765,1.779,1.7697,3
8504,g95e5,1.629,1.629,1.629,1.6290,2
8504,gA,1.759,1.759,1.759,1.7590,2
8504,gP,1.759,1.759,1.759,1.7590,2
8504,g95e5p,1.629,1.629,1.629,1.6290,2
8515,g95e5,1.759,1.749,1.759,1.7557,3
8515,gA,1.934,1.914,1.934,1.9240,3
8515,gP,2.014,1.994,2.014,2.0040,3
8515,g98e5,1.899,1.889,1.899,1.8957,3
8516,gA,1.915,1.915,1.919,1.9177,3
8516,gP,1.995,1.995,1.999,1.9977,3
8517,g95e5,1.649,1.639,1.649,1.6440,2
8517,gA,1.789,1.759,1.789,1.7740,2
8517,gP,1.809,1.779,1.809,1.7940,2
8517,g95e5p,1.669,1.659,1.669,1.6640,2
8519,g95e5,1.739,1.739,1.739,1.7390,2
8519,gA,1.929,1.914,1.929,1.9207,3
8519,gP,2.009,1.994,2.009,2.0007,3
8519,g98e5,1.879,1.879,1.879,1.8790,2
8520,g95e5,1.729,1.729,1.729,1.7290,2
8520,gA,1.925,1.915,1.925,1.9200,2
8520,gP,2.005,1.995,2.005,2.0000,2
8520,g98e5,1.869,1.869,1.869,1.8690,2
8522,g95e5,1.745,1.745,1.745,1.7450,3
8522,gA,1.949,1.945,1.949,1.9477,3
8522,gP,2.059,2.055,2.059,2.0577,3
8522,g98e5,1.915,1.915,1.915,1.9150,3
8523,g95e5,1.629,1.629,1.629,1.6290,2
8523,gA,1.799,1.789,1.799,1.7957,3
8523,gP,1.899,1.889,1.899,1.8957,3
8523,g98e5,1.829,1.829,1.829,1.8290,2
8531,g95e5,1.795,1.795,1.795,1.7950,2
8531,gP,1.989,1.975,1.989,1.9820,2
8531,g98e5,1.915,1.915,1.915,1.9150,2
8532,gA,1.769,1.769,1.769,1.7690,2
8532,gP,1.869,1.869,1.869,1.8690,2
8533,g95e5,1.749,1.749,1.755,1.7520,2
8533,gA,1.849,1.849,1.855,1.8510,3
8533,gP,1.929,1.929,1.935,1.9310,3
8533,g98e5,1.889,1.889,1.895,1.8920,2
8534,g95e5,1.785,1.785,1.785,1.7850,2
8534,gA,1.905,1.899,1.905,1.9020,2
8534,gP,1.965,1.939,1.965,1.9543,3
8534,g98e5,1.905,1.895,1.905,1.9017,3
8536,g95e5,1.619,1.619,1.619,1.6190,2
8536,gA,1.749,1.749,1.749,1.7490,2
8536,g98e5,1.749,1.749,1.749,1.7490,2
8536,bio,1.689,1.689,1.689,1.6890,2
8537,g95e5,1.768,1.768,1.778,1.7747,3
8537,gA,1.919,1.899,1.919,1.9123,3
8537,gP,1.999,1.979,1.999,1.9923,3
8537,g98e5,1.908,1.908,1.918,1.9147,3
8539,g95e5,1.589,1.589,1.589,1.5890,2
8539,gA,1.779,1.769,1.779,1.7740,2
8541,g95e5,1.799,1.799,1.804,1.8007,3
8541,gA,1.909,1.894,1.909,1.9040,3
8541,gP,1.989,1.974,1.989,1.9840,3
8541,g98e5,1.939,1.939,1.944,1.9407,3
8542,g95e5,1.805,1.805,1.805,1.8050,3
8542,gA,1.875,1.875,1.875,1.8750,3
8542,gP,1.983,1.983,1.983,1.9830,3
8542,g98e5,1.953,1.953,1.953,1.9530,3
8544,g95e5,1.789,1.789,1.789,1.7890,2
8544,gA,1.909,1.909,1.909,1.9090,2
8544,gP,1.999,1.999,1.999,1.9990,2
8544,g98e5,1.879,1.879,1.879,1.8790,2
8545,g95e5,1.789,1.789,1.789,1.7890,2
8545,gA,1.909,1.909,1.909,1.9090,2
8545,gP,1.999,1.999,1.999,1.9990,2
8545,g98e5,1.879,1.879,1.879,1.8790,2
8548,g95e5,1.745,1.745,1.759,1.7543,3
8548,gA,1.879,1.869,1.879,1.8723,3
8548,gP,1.959,1.949,1.959,1.9523,3
8553,gA,1.899,1.899,1.899,1.8990,3
8553,gP,1.979,1.979,1.979,1.9790,3
8554,g95e5,1.754,1.754,1.754,1.7540,2
8554,gA,1.909,1.904,1.909,1.9057,3
8554,gP,1.989,1.984,1.989,1.9857,3
8554,g98e5,1.894,1.894,1.894,1.8940,2
8555,gA,1.899,1.899,1.914,1.9073,3
8555,gP,1.979,1.979,1.994,1.9873,3
8556,g95e5,1.799,1.789,1.799,1.7940,2
8556,gA,1.919,1.899,1.919,1.9090,2
8556,gP,1.999,1.979,1.999,1.9890,2
8556,g98e5,1.939,1.929,1.939,1.9340,2
8564,g95e5,1.639,1.639,1.649,1.6457,3
8564,gA,1.759,1.749,1.759,1.7557,3
8564,gP,1.859,1.849,1.859,1.8557,3
8564,g98e5,1.839,1.839,1.849,1.8457,3
8565,g95e5,1.779,1.779,1.789,1.7857,3
8565,gA,1.899,1.899,1.899,1.8990,3
8565,gP,1.979,1.979,1.979,1.9790,3
8565,g98e5,1.919,1.919,1.929,1.9257,3
8568,g95e5,1.739,1.739,1.739,1.7390,3
8568,gA,1.869,1.839,1.869,1.8490,3
8568,gP,1.949,1.919,1.949,1.9290,3
8568,g98e5,1.879,1.879,1.879,1.8790,3
8569,g95e5,1.739,1.739,1.739,1.7390,3
8569,gA,1.869,1.839,1.869,1.8490,3
8569,gP,1.949,1.919,1.949,1.9290,3
8569,g98e5,1.879,1.879,1.879,1.8790,3
8576,g95e5,1.619,1.619,1.619,1.6190,2
8576,gA,1.739,1.739,1.739,1.7390,2
8577,g95e5,1.619,1.619,1.619,1.6190,2
8577,gA,1.739,1.739,1.739,1.7390,2
8578,g95e5,1.775,1.775,1.779,1.7777,3
8578,gA,1.919,1.899,1.919,1.9110,3
8578,gP,1.999,1.979,1.999,1.9910,3
8578,g98e5,1.915,1.915,1.919,1.9177,3
8711,g95e5,1.499,1.499,1.499,1.4990,3
8711,gA,1.589,1.589,1.589,1.5890,3
8711,gP,1.679,1.679,1.679,1.6790,3
8712,gA,1.589,1.589,1.589,1.5890,3
8714,gA,1.569,1.569,1.569,1.5690,3
8714,gP,1.639,1.639,1.639,1.6390,3
8717,gA,1.559,1.559,1.559,1.5590,3
8718,gA,1.539,1.539,1.539,1.5390,2
8718,gP,1.659,1.659,1.659,1.6590,2
8719,gA,1.539,1.539,1.539,1.5390,3
8719,gP,1.639,1.639,1.639,1.6390,3
8722,g95e5,1.330,1.330,1.330,1.3300,3
8726,gA,1.559,1.559,1.559,1.5590,3
8726,gP,1.659,1.659,1.659,1.6590,3
8726,g98e5,1.589,1.589,1.589,1.5890,2
8728,g95e5,1.439,1.439,1.439,1.4390,4
8728,gA,1.549,1.539,1.549,1.5465,4
8729,gA,1.559,1.559,1.559,1.5590,3
8729,gP,1.669,1.669,1.669,1.6690,3
8729,g98e5,1.579,1.579,1.579,1.5790,2
8732,gA,1.559,1.549,1.559,1.5557,3
8732,gP,1.669,1.665,1.669,1.6677,3
8733,gA,1.559,1.559,1.559,1.5590,3
8733,gP,1.665,1.665,1.665,1.6650,3
8734,gA,1.539,1.539,1.539,1.5390,2
8734,gP,1.659,1.659,1.659,1.6590,2
8735,g95e5,1.435,1.435,1.435,1.4350,3
8735,gA,1.519,1.519,1.519,1.5190,3
8735,g98e5,1.559,1.559,1.559,1.5590,3
8737,g95e5,1.449,1.449,1.449,1.4490,2
8737,g98e5,1.589,1.589,1.589,1.5890,2
8738,g95e5,1.489,1.489,1.489,1.4890,2
8738,gA,1.579,1.579,1.579,1.5790,2
8738,gP,1.669,1.579,1.669,1.6240,2
8738,g98e5,1.619,1.489,1.619,1.5540,2
8739,gA,1.564,1.564,1.564,1.5640,3
8739,gP,1.664,1.664,1.664,1.6640,3
8741,gA,1.539,1.539,1.539,1.5390,3
8744,g95e5,1.501,1.501,1.501,1.5010,2
8744,gA,1.645,1.645,1.645,1.6450,2
8744,gP,1.769,1.769,1.769,1.7690,2
8744,g98e5,1.601,1.601,1.601,1.6010,2
8745,g95e5,1.656,1.656,1.656,1.6560,2
8745,gA,1.762,1.762,1.762,1.7620,2
8745,gP,1.807,1.807,1.807,1.8070,2
8745,g98e5,1.751,1.751,1.751,1.7510,2
8750,g95e5,1.656,1.656,1.656,1.6560,2
8750,gA,1.762,1.762,1.762,1.7620,2
8750,gP,1.807,1.807,1.807,1.8070,2
8750,g98e5,1.751,1.751,1.751,1.7510,2
8752,g95e5,1.656,1.656,1.656,1.6560,3
8752,gA,1.761,1.761,1.761,1.7610,3
8752,gP,1.806,1.806,1.806,1.8060,3
8752,g98e5,1.751,1.751,1.751,1.7510,3
8753,gA,1.569,1.569,1.569,1.5690,3
8753,gP,1.689,1.689,1.689,1.6890,3
8753,g98e5,1.609,1.609,1.609,1.6090,2
8755,g95e5,1.535,1.535,1.535,1.5350,3
8755,gA,1.680,1.680,1.709,1.6897,3
8755,gP,1.759,1.759,1.769,1.7623,3
8755,g98e5,1.635,1.635,1.635,1.6350,3
8756,gA,1.539,1.539,1.539,1.5390,3
8756,gP,1.655,1.655,1.655,1.6550,3
8757,gA,1.579,1.579,1.579,1.5790,3
8757,gP,1.699,1.699,1.699,1.6990,3
8758,g95e5,1.479,1.479,1.479,1.4790,3
8758,gA,1.609,1.599,1.609,1.6057,3
8758,gP,1.699,1.689,1.699,1.6957,3
8758,g98e5,1.589,1.589,1.589,1.5890,3
8759,gA,1.489,1.489,1.489,1.4890,2
8759,gP,1.589,1.589,1.589,1.5890,2
8760,gA,1.619,1.619,1.619,1.6190,3
8760,gP,1.699,1.699,1.699,1.6990,3
8760,g98e5,1.639,1.639,1.639,1.6390,2
8761,gA,1.589,1.589,1.589,1.5890,3
8761,gP,1.699,1.699,1.699,1.6990,3
8762,gA,1.579,1.579,1.579,1.5790,3
8762,gP,1.679,1.679,1.679,1.6790,3
8767,gA,1.549,1.549,1.549,1.5490,3
8767,gP,1.649,1.649,1.649,1.6490,3
8767,g98e5,1.579,1.579,1.579,1.5790,2
8768,gP,1.685,1.685,1.685,1.6850,2
8768,g98e5,1.579,1.579,1.579,1.5790,2
8770,g95e5,1.499,1.499,1.499,1.4990,3
8770,gA,1.589,1.589,1.589,1.5890,3
8770,gP,1.679,1.679,1.679,1.6790,3
8772,g95e5,1.439,1.439,1.439,1.4390,4
8772,gA,1.549,1.549,1.549,1.5490,4
8775,gA,1.549,1.549,1.549,1.5490,3
8775,gP,1.649,1.649,1.649,1.6490,3
8776,gA,1.579,1.579,1.579,1.5790,3
8776,gP,1.649,1.649,1.649,1.6490,2
8776,g98e5,1.599,1.599,1.599,1.5990,2
8777,g95e5,1.629,1.629,1.629,1.6290,2
8777,gA,1.729,1.729,1.729,1.7290,2
8777,gP,1.749,1.749,1.749,1.7490,2
8780,g95e5,1.759,1.759,1.759,1.7590,2
8780,gA,1.919,1.919,1.919,1.9190,2
8780,gP,1.979,1.979,1.979,1.9790,2
8789,gA,1.799,1.779,1.799,1.7923,3
8793,g95e5,1.719,1.719,1.719,1.7190,2
8793,gA,1.949,1.939,1.949,1.9423,3
8793,gP,2.029,2.019,2.029,2.0223,3
8793,gB,1.449,1.439,1.449,1.4423,3
8795,g95e5,1.815,1.815,1.815,1.8150,2
8795,gA,1.929,1.909,1.929,1.9223,3
8795,gP,2.019,1.999,2.019,2.0123,3
8795,g98e5,1.955,1.955,1.955,1.9550,2
8869,g95e5,1.659,1.649,1.659,1.6540,2
8869,gA,1.799,1.789,1.799,1.7940,2
8869,gP,1.839,1.829,1.839,1.8340,2
8869,gB,1.529,1.519,1.529,1.5240,2
8891,g95e5,1.669,1.669,1.669,1.6690,3
8891,gA,1.779,1.779,1.779,1.7790,3
8892,g95e5,1.609,1.579,1.609,1.5890,3
8892,gA,1.709,1.649,1.709,1.6690,3
8892,gP,1.729,1.669,1.729,1.6890,3
8892,g95e5p,1.629,1.599,1.629,1.6123,3
8897,g95e5,1.618,1.618,1.618,1.6180,2
8897,gA,1.799,1.799,1.799,1.7990,2
8897,gB,1.453,1.453,1.453,1.4530,2
8904,gA,1.759,1.739,1.759,1.7523,3
8904,gB,1.439,1.419,1.439,1.4323,3
8905,g95e5,1.839,1.839,1.839,1.8390,2
8905,gA,1.959,1.959,1.959,1.9590,2
8905,gP,2.059,2.049,2.059,2.0540,2
8905,g98e5,1.979,1.979,1.979,1.9790,2
8908,gA,1.678,1.678,1.678,1.6780,3
8920,g95e5,1.732,1.732,1.732,1.7320,2
8920,gA,1.850,1.840,1.850,1.8450,2
8920,gP,1.910,1.900,1.910,1.9050,2
8920,g98e5,1.898,1.898,1.898,1.8980,2
8920,gB,1.556,1.546,1.556,1.5510,2
8922,g95e5,1.599,1.589,1.599,1.5957,3
8922,gA,1.749,1.739,1.749,1.7457,3
8922,gP,1.789,1.779,1.789,1.7857,3
8922,gB,1.400,1.400,1.400,1.4000,3
8928,g95e5,1.659,1.659,1.659,1.6590,2
8933,g95e5,1.699,1.699,1.699,1.6990,2
8933,gA,1.799,1.799,1.799,1.7990,2
8941,g95e5,1.798,1.798,1.798,1.7980,3
8941,gA,1.899,1.899,1.899,1.8990,3
8941,gB,1.699,1.699,1.699,1.6990,3
8944,g95e5,1.779,1.779,1.779,1.7790,3
8944,gA,1.899,1.899,1.899,1.8990,3
8944,gP,1.999,1.999,1.999,1.9990,3
8944,g98e5,1.999,1.999,1.999,1.9990,3
8944,gB,1.669,1.669,1.669,1.6690,3
8953,g95e5,1.725,1.725,1.725,1.7250,2
8953,gA,1.895,1.895,1.895,1.8950,2
8954,g95e5,1.681,1.671,1.681,1.6743,3
8954,gA,1.833,1.793,1.833,1.8063,3
8954,g98e5,1.859,1.833,1.859,1.8417,3
8964,g95e5,1.759,1.759,1.769,1.7640,2
8964,gA,1.899,1.899,1.899,1.8990,2
8964,gP,1.979,1.979,1.979,1.9790,2
8967,g95e5,1.710,1.710,1.710,1.7100,3
8967,gA,1.917,1.917,1.917,1.9170,3
8969,g95e5,1.627,1.627,1.627,1.6270,2
8969,gA,1.777,1.777,1.777,1.7770,2
8969,gP,1.877,1.877,1.877,1.8770,2
8969,g98e5,1.727,1.727,1.727,1.7270,2
8970,gA,1.829,1.829,1.829,1.8290,3
8975,gA,1.929,1.909,1.929,1.9190,3
8975,gP,2.009,1.989,2.009,1.9990,3
8976,g95e5,1.794,1.794,1.794,1.7940,4
8976,gA,1.974,1.954,1.974,1.9640,4
8976,gP,2.074,2.054,2.074,2.0640,4
8982,g95e5,1.535,1.535,1.535,1.5350,3
8982,gA,1.700,1.700,1.700,1.7000,3
8982,gB,1.303,1.303,1.303,1.3030,3
8984,g95e5,1.743,1.743,1.743,1.7430,2
8984,gA,1.853,1.833,1.853,1.8443,3
8985,g95e5,1.557,1.521,1.557,1.5330,3
8985,gA,1.693,1.693,1.693,1.6930,3
8985,gP,1.723,1.723,1.723,1.7230,3
8990,gB,1.395,1.395,1.395,1.3950,2
9002,g95e5,1.649,1.649,1.659,1.6523,3
9002,gA,1.729,1.709,1.729,1.7190,3
9008,gA,1.879,1.879,1.879,1.8790,2
9009,gA,1.919,1.899,1.919,1.9090,3
9011,g95e5,1.588,1.588,1.588,1.5880,3
9011,gA,1.769,1.769,1.769,1.7690,3
9011,gP,1.799,1.799,1.799,1.7990,3
9014,gA,1.677,1.677,1.677,1.6770,2
9016,gA,1.700,1.700,1.700,1.7000,3
9018,g95e5,1.650,1.650,1.650,1.6500,3
9018,gA,1.740,1.740,1.740,1.7400,3
9018,gB,1.480,1.480,1.480,1.4800,3
9020,g95e5,1.759,1.759,1.759,1.7590,3
9020,gA,1.929,1.929,1.929,1.9290,3
9025,g95e5,1.669,1.669,1.669,1.6690,3
9025,gA,1.779,1.779,1.779,1.7790,3
9027,g95e5,1.759,1.759,1.759,1.7590,2
9027,gA,1.965,1.965,1.969,1.9670,2
9027,gB,1.634,1.629,1.634,1.6315,2
9028,g95e5,1.650,1.650,1.650,1.6500,2
9028,gA,1.770,1.750,1.770,1.7600,2
9031,g95e5,1.729,1.729,1.729,1.7290,3
9031,gA,1.899,1.899,1.899,1.8990,3
9033,g95e5,1.629,1.629,1.629,1.6290,3
9033,gA,1.749,1.749,1.749,1.7490,3
9034,g95e5,1.573,1.573,1.573,1.5730,3
9034,gA,1.783,1.783,1.783,1.7830,3
9035,g95e5,1.555,1.555,1.555,1.5550,3
9035,gA,1.706,1.706,1.706,1.7060,3
9035,gB,1.424,1.424,1.424,1.4240,3
9036,gA,1.699,1.699,1.699,1.6990,2
9036,gB,1.351,1.351,1.351,1.3510,2
9039,g95e5,1.759,1.739,1.759,1.7490,3
9039,gA,1.919,1.899,1.919,1.9090,3
9040,g95e5,1.759,1.759,1.759,1.7590,2
9040,gA,1.899,1.899,1.899,1.8990,2
9040,gP,1.959,1.959,1.959,1.9590,2
9040,g98e5,1.869,1.869,1.869,1.8690,2
9041,g95e5,1.769,1.769,1.769,1.7690,2
9041,gA,1.949,1.929,1.949,1.9357,3
9044,g95e5,1.749,1.749,1.749,1.7490,2
9044,gA,1.819,1.789,1.819,1.8057,3
9054,g95e5,1.789,1.789,1.789,1.7890,2
9054,gA,1.929,1.929,1.929,1.9290,2
9054,g98e5,1.959,1.959,1.959,1.9590,2
9063,g95e5,1.689,1.689,1.689,1.6890,2
9063,gA,1.719,1.719,1.719,1.7190,2
9064,g95e5,1.689,1.689,1.689,1.6890,2
9064,gA,1.719,1.719,1.719,1.7190,2
9066,g95e5,1.759,1.759,1.759,1.7590,2
9066,gA,1.879,1.879,1.879,1.8790,2
9066,gP,1.959,1.959,1.959,1.9590,2
9066,g98e5,1.899,1.899,1.899,1.8990,2
9067,gA,1.919,1.919,1.919,1.9190,3
9067,gP,1.997,1.997,1.997,1.9970,3
9069,g95e5,1.789,1.789,1.789,1.7890,2
9069,gA,1.939,1.939,1.939,1.9390,2
9081,g95e5,1.595,1.595,1.595,1.5950,3
9081,gA,1.779,1.749,1.779,1.7623,3
9086,gA,1.739,1.739,1.739,1.7390,3
9086,gB,1.389,1.389,1.389,1.3890,3
9089,g95e5,1.739,1.739,1.739,1.7390,3
9089,gA,1.829,1.829,1.829,1.8290,3
9089,gP,1.909,1.909,1.919,1.9123,3
9089,g98e5,1.899,1.899,1.899,1.8990,3
9091,g95e5,1.789,1.789,1.789,1.7890,3
9091,gA,1.889,1.889,1.889,1.8890,3
9091,gP,1.959,1.959,1.959,1.9590,3
9091,g98e5,1.869,1.869,1.869,1.8690,3
9095,g95e5,1.600,1.600,1.600,1.6000,3
9095,gA,1.750,1.750,1.750,1.7500,3
9096,gA,1.772,1.772,1.772,1.7720,3
9097,g95e5,1.839,1.839,1.839,1.8390,2
9097,gA,1.998,1.998,1.998,1.9980,2
9097,gP,2.165,2.165,2.165,2.1650,2
9097,g98e5,1.967,1.967,1.967,1.9670,2
9102,g95e5,1.759,1.739,1.759,1.7490,4
9102,gA,1.889,1.869,1.889,1.8790,4
9102,gP,1.939,1.919,1.939,1.9290,4
9102,g95e5p,1.809,1.789,1.809,1.7990,4
9111,g95e5,1.759,1.759,1.759,1.7590,2
9111,gA,1.929,1.929,1.929,1.9290,2
9111,gP,1.979,1.979,1.979,1.9790,2
9113,g95e5,1.659,1.659,1.659,1.6590,3
9113,gA,1.739,1.699,1.739,1.7257,3
9117,g95e5,1.784,1.784,1.784,1.7840,3
9117,gA,1.864,1.864,1.864,1.8640,3
9117,gP,1.944,1.944,1.944,1.9440,3
9117,g98e5,1.924,1.924,1.924,1.9240,3
9118,g95e5,1.784,1.784,1.784,1.7840,3
9118,gA,1.864,1.864,1.864,1.8640,3
9118,gP,1.944,1.944,1.944,1.9440,3
9118,g98e5,1.924,1.924,1.924,1.9240,3
9119,g95e5,1.789,1.789,1.789,1.7890,2
9119,g98e5,1.929,1.929,1.929,1.9290,2
9121,gA,1.747,1.724,1.747,1.7393,3
9131,g95e5,1.609,1.589,1.609,1.5990,2
9131,gA,1.699,1.689,1.699,1.6940,2
9131,gP,1.709,1.700,1.709,1.7030,3
9131,g98e5,1.682,1.654,1.682,1.6633,3
9135,g95e5,1.795,1.789,1.795,1.7910,3
9135,gA,1.959,1.949,1.959,1.9523,3
9135,gP,2.049,2.039,2.049,2.0423,3
9135,g98e5,1.935,1.929,1.935,1.9310,3
9136,g95e5,1.795,1.789,1.795,1.7910,3
9136,gA,1.959,1.949,1.959,1.9523,3
9136,gP,2.049,2.039,2.049,2.0423,3
9136,g98e5,1.935,1.929,1.935,1.9310,3
9137,g95e5,1.795,1.789,1.795,1.7910,3
9137,gA,1.959,1.949,1.959,1.9523,3
9137,gP,2.049,2.039,2.049,2.0423,3
9137,g98e5,1.935,1.929,1.935,1.9310,3
9138,g95e5,1.795,1.789,1.795,1.7910,3
9138,gA,1.959,1.949,1.959,1.9523,3
9138,gP,2.049,2.039,2.049,2.0423,3
9138,g98e5,1.935,1.929,1.935,1.9310,3
9140,g95e5,1.795,1.789,1.795,1.7910,3
9140,gA,1.959,1.949,1.959,1.9523,3
9140,gP,2.049,2.039,2.049,2.0423,3
9140,g98e5,1.935,1.929,1.935,1.9310,3
9140,gB,1.529,1.529,1.529,1.5290,3
9142,g95e5,1.795,1.789,1.795,1.7910,3
9142,gA,1.959,1.949,1.959,1.9523,3
9142,gP,2.049,2.039,2.049,2.0423,3
9142,g98e5,1.935,1.929,1.935,1.9310,3
9142,gB,1.529,1.529,1.529,1.5290,3
9143,g95e5,1.795,1.789,1.795,1.7910,3
9143,gA,1.959,1.949,1.959,1.9523,3
9143,gP,2.049,2.039,2.049,2.0423,3
9143,g98e5,1.935,1.929,1.935,1.9310,3
9144,g95e5,1.775,1.775,1.775,1.7750,3
9144,gA,1.985,1.985,1.985,1.9850,2
9144,gP,2.055,2.039,2.055,2.0497,3
9144,g98e5,1.895,1.895,1.895,1.8950,3
9147,g95e5,1.649,1.649,1.649,1.6490,2
9147,gA,1.799,1.799,1.799,1.7990,2
9147,gP,1.939,1.939,1.939,1.9390,2
9147,g98e5,1.829,1.829,1.829,1.8290,2
9150,gA,1.749,1.729,1.749,1.7390,2
9152,g95e5,1.629,1.629,1.629,1.6290,3
9152,gA,1.729,1.729,1.729,1.7290,3
9158,gA,1.879,1.879,1.879,1.8790,3
9160,g95e5,1.729,1.719,1.739,1.7315,4
9160,gA,1.899,1.899,1.909,1.9040,4
9160,gP,1.949,1.949,1.959,1.9540,4
9160,g98e5,1.869,1.859,1.879,1.8715,4
9166,g95e5,1.649,1.649,1.649,1.6490,2
9166,gA,1.799,1.799,1.799,1.7990,2
9166,gP,1.939,1.939,1.939,1.9390,2
9166,g98e5,1.829,1.829,1.829,1.8290,2
9167,g95e5,1.689,1.689,1.689,1.6890,2
9167,gA,1.789,1.779,1.789,1.7840,2
9167,gP,1.799,1.789,1.799,1.7940,2
9170,gA,1.766,1.766,1.766,1.7660,3
9182,g95e5,1.859,1.859,1.869,1.8623,3
9182,gA,2.019,2.019,2.019,2.0190,3
9182,g98e5,1.989,1.989,1.989,1.9890,3
9182,g95e5p,1.919,1.839,1.919,1.8990,4
9183,g95e5,1.639,1.639,1.639,1.6390,3
9183,gA,1.779,1.779,1.779,1.7790,3
9183,gP,1.819,1.819,1.819,1.8190,3
9183,gB,1.419,1.419,1.419,1.4190,3
9187,g95e5,1.789,1.789,1.789,1.7890,2
9187,gA,1.929,1.919,1.929,1.9240,2
9187,gP,2.019,2.009,2.019,2.0140,2
9187,g98e5,1.939,1.939,1.939,1.9390,2
9191,gA,1.894,1.894,1.894,1.8940,2
9191,g98e5,1.942,1.929,1.942,1.9355,2
9191,gB,1.814,1.799,1.814,1.8065,2
9193,g95e5,1.659,1.659,1.659,1.6590,2
9193,gA,1.799,1.799,1.799,1.7990,2
9193,g98e5,1.839,1.839,1.839,1.8390,2
9195,g95e5,1.749,1.749,1.749,1.7490,2
9195,gA,1.899,1.899,1.899,1.8990,2
9196,g95e5,1.749,1.749,1.749,1.7490,2
9196,gA,1.899,1.899,1.899,1.8990,2
9196,gP,1.959,1.959,1.959,1.9590,2
9196,g98e5,1.859,1.859,1.859,1.8590,2
9201,g95e5,1.738,1.738,1.758,1.7447,3
9201,gA,1.848,1.848,1.848,1.8480,3
9201,gP,1.938,1.938,1.938,1.9380,3
9201,g98e5,1.928,1.928,1.928,1.9280,3
9207,g95e5,1.588,1.588,1.588,1.5880,2
9207,gA,1.738,1.738,1.738,1.7380,2
9207,gP,1.834,1.834,1.834,1.8340,2
9207,g98e5,1.699,1.699,1.699,1.6990,2
9207,gB,1.440,1.440,1.440,1.4400,2
9212,gA,1.895,1.895,1.895,1.8950,2
9215,g95e5,1.755,1.755,1.755,1.7550,2
9215,gA,1.829,1.814,1.829,1.8240,3
9215,gB,1.409,1.409,1.409,1.4090,3
9226,g95e5,1.599,1.589,1.599,1.5940,2
9226,gA,1.769,1.749,1.769,1.7590,2
9229,g95e5,1.599,1.599,1.599,1.5990,3
9229,gA,1.769,1.759,1.769,1.7623,3
9239,gA,1.759,1.759,1.759,1.7590,2
9242,gA,1.949,1.949,1.949,1.9490,3
9242,gP,1.989,1.989,1.989,1.9890,3
9242,gB,1.559,1.559,1.559,1.5590,3
9245,g95e5,1.699,1.699,1.699,1.6990,2
9245,gA,1.799,1.799,1.799,1.7990,2
9245,gP,1.849,1.849,1.849,1.8490,2
9245,g98e5,1.819,1.819,1.819,1.8190,2
9247,g95e5,1.589,1.589,1.589,1.5890,3
9259,g95e5,1.749,1.739,1.749,1.7440,2
9259,gA,1.909,1.889,1.909,1.8990,2
9259,gP,2.011,1.992,2.011,2.0015,2
9259,g98e5,1.891,1.882,1.891,1.8865,2
9260,gA,1.879,1.879,1.879,1.8790,2
9260,gP,1.959,1.959,1.959,1.9590,2
9265,g95e5,1.825,1.825,1.825,1.8250,3
9265,gA,1.965,1.949,1.965,1.9597,3
9265,gP,2.025,2.009,2.025,2.0197,3
9265,g98e5,1.995,1.995,1.995,1.9950,3
9270,g95e5,1.409,1.409,1.409,1.4090,2
9270,gA,1.489,1.489,1.489,1.4890,2
9270,g98e5,1.569,1.569,1.569,1.5690,2
9276,g95e5,1.829,1.829,1.829,1.8290,2
9276,gA,1.959,1.929,1.959,1.9490,3
9276,gP,2.059,2.049,2.059,2.0557,3
9276,g98e5,1.989,1.989,1.989,1.9890,3
9277,g95e5,1.669,1.669,1.699,1.6840,2
9277,gA,1.849,1.849,1.879,1.8640,2
9277,gP,1.889,1.889,1.909,1.8990,2
9279,gA,1.818,1.818,1.818,1.8180,3
9279,gB,1.356,1.356,1.356,1.3560,3
9286,g95e5,1.739,1.739,1.739,1.7390,3
9286,gA,1.959,1.959,1.959,1.9590,3
9286,gP,1.999,1.999,1.999,1.9990,3
9289,g95e5,1.788,1.788,1.788,1.7880,3
9289,gA,1.968,1.968,1.968,1.9680,3
9289,gP,1.988,1.988,1.988,1.9880,3
9289,g98e5,1.908,1.908,1.908,1.9080,3
9294,g95e5,1.819,1.819,1.819,1.8190,3
9294,gA,1.969,1.965,1.969,1.9677,3
9294,g98e5,1.939,1.939,1.939,1.9390,3
9300,g95e5,1.764,1.764,1.764,1.7640,2
9300,gA,1.954,1.939,1.954,1.9457,3
9300,gP,2.034,2.019,2.034,2.0257,3
9301,g95e5,1.525,1.525,1.525,1.5250,2
9301,gA,1.685,1.685,1.685,1.6850,2
9302,g95e5,1.804,1.804,1.804,1.8040,4
9302,gA,1.914,1.894,1.914,1.9040,4
9302,gP,2.004,1.984,2.004,1.9940,4
9302,g95e5p,1.874,1.874,1.874,1.8740,4
9303,g95e5,1.804,1.804,1.804,1.8040,3
9303,gA,1.934,1.914,1.934,1.9240,4
9303,gP,2.024,2.004,2.024,2.0140,4
9303,g95e5p,1.864,1.864,1.864,1.8640,3
9307,g95e5,1.745,1.745,1.745,1.7450,3
9307,gA,1.975,1.969,1.975,1.9730,3
9307,g98e5,1.865,1.865,1.865,1.8650,3
9308,g95e5,1.719,1.719,1.719,1.7190,2
9308,gA,1.914,1.909,1.914,1.9115,2
9308,gP,1.994,1.989,1.994,1.9915,2
9311,g95e5,1.759,1.759,1.759,1.7590,2
9311,gA,1.859,1.859,1.859,1.8590,2
9311,gP,1.899,1.899,1.899,1.8990,2
9316,gA,1.749,1.749,1.749,1.7490,2
9317,g95e5,1.798,1.798,1.798,1.7980,3
9317,gA,1.899,1.899,1.899,1.8990,3
9317,gP,2.066,2.066,2.066,2.0660,3
9317,g98e5,1.955,1.955,1.955,1.9550,3
9320,gA,1.909,1.905,1.909,1.9077,3
9320,gP,1.999,1.995,1.999,1.9977,3
9321,g95e5,1.798,1.798,1.798,1.7980,3
9321,gA,1.899,1.899,1.899,1.8990,3
9321,gP,2.066,2.066,2.066,2.0660,3
9321,g98e5,1.955,1.955,1.955,1.9550,3
9321,gB,1.699,1.699,1.699,1.6990,3
9322,g95e5,1.739,1.739,1.739,1.7390,3
9322,gA,1.859,1.859,1.859,1.8590,3
9324,g95e5,1.765,1.765,1.765,1.7650,2
9324,gA,1.939,1.939,1.939,1.9390,2
9324,g98e5,1.885,1.885,1.885,1.8850,2
9329,g95e5,1.649,1.649,1.659,1.6515,4
9329,gA,1.729,1.709,1.729,1.7165,4
9333,g95e5,1.628,1.628,1.628,1.6280,2
9333,gA,1.778,1.778,1.778,1.7780,2
9333,gB,1.458,1.458,1.458,1.4580,2
9341,gA,1.739,1.739,1.739,1.7390,2
9344,g95e5,1.739,1.719,1.739,1.7290,4
9344,gA,1.929,1.889,1.929,1.9040,4
9344,gP,1.979,1.939,1.979,1.9540,4
9344,g95e5p,1.789,1.769,1.789,1.7790,4
9347,g95e5,1.759,1.749,1.759,1.7540,4
9347,gA,1.964,1.924,1.964,1.9390,4
9347,gP,2.014,1.974,2.014,1.9890,4
9347,g95e5p,1.809,1.799,1.809,1.8040,4
9351,g95e5,1.546,1.543,1.546,1.5445,2
9351,gP,1.706,1.706,1.706,1.7060,2
9352,gA,1.769,1.759,1.769,1.7623,3
9352,gB,1.435,1.425,1.435,1.4283,3
9353,gB,1.381,1.381,1.381,1.3810,3
9370,g95e5,1.629,1.629,1.629,1.6290,3
9370,gA,1.769,1.749,1.769,1.7557,3
9377,g95e5,1.629,1.609,1.629,1.6190,4
9377,gA,1.759,1.739,1.759,1.7490,4
9377,gP,1.759,1.739,1.759,1.7490,4
9380,g95e5,1.749,1.749,1.759,1.7540,2
9380,gA,1.829,1.829,1.839,1.8323,3
9380,gP,1.909,1.909,1.919,1.9123,3
9380,g98e5,1.889,1.889,1.899,1.8940,2
9384,g95e5,1.629,1.629,1.629,1.6290,2
9384,gA,1.749,1.749,1.749,1.7490,2
9384,gB,1.356,1.356,1.356,1.3560,3
9388,g95e5,1.689,1.689,1.689,1.6890,3
9388,gA,1.748,1.748,1.748,1.7480,3
9391,g95e5,1.629,1.629,1.629,1.6290,2
9391,gA,1.769,1.769,1.769,1.7690,2
9391,gB,1.379,1.379,1.379,1.3790,2
9392,g95e5,1.798,1.788,1.798,1.7947,3
9392,gA,1.894,1.884,1.894,1.8907,3
9392,gP,1.954,1.944,1.954,1.9507,3
9392,g98e5,1.958,1.948,1.958,1.9547,3
9393,g95e5,1.529,1.499,1.529,1.5190,3
9393,gA,1.719,1.639,1.719,1.6923,3
9393,gB,1.399,1.339,1.399,1.3790,3
9396,gA,1.959,1.959,1.959,1.9590,3
9396,gB,1.725,1.725,1.725,1.7250,3
9397,gA,1.739,1.739,1.739,1.7390,3
9399,gA,1.749,1.749,1.749,1.7490,2
9402,gA,1.759,1.759,1.759,1.7590,2
9403,g95e5,1.659,1.654,1.659,1.6565,2
9403,g98e5,1.769,1.764,1.769,1.7665,2
9406,g95e5,1.639,1.639,1.639,1.6390,3
9406,gA,1.779,1.759,1.779,1.7657,3
9406,gB,1.559,1.539,1.559,1.5457,3
9412,g95e5,1.798,1.798,1.798,1.7980,3
9412,gA,1.899,1.899,1.899,1.8990,3
9412,gP,2.066,2.066,2.066,2.0660,3
9412,g98e5,1.955,1.955,1.955,1.9550,3
9412,gB,1.699,1.699,1.699,1.6990,3
9422,g95e5,1.715,1.715,1.715,1.7150,3
9422,gA,1.939,1.939,1.949,1.9423,3
9422,gB,1.640,1.635,1.640,1.6383,3
9423,g95e5,1.769,1.759,1.769,1.7657,3
9423,gA,1.924,1.924,1.924,1.9240,3
9423,gP,2.004,2.004,2.004,2.0040,3
9423,g98e5,1.909,1.899,1.909,1.9057,3
9426,g95e5,1.769,1.769,1.769,1.7690,2
9426,gA,1.919,1.919,1.919,1.9190,2
9426,gP,1.989,1.969,1.989,1.9790,3
9432,g95e5,1.725,1.725,1.735,1.7317,3
9432,gA,1.939,1.919,1.939,1.9257,3
9434,g95e5,1.735,1.735,1.735,1.7350,3
9434,gA,1.949,1.939,1.949,1.9457,3
9434,gP,2.059,2.049,2.059,2.0557,3
9436,g95e5,1.805,1.789,1.805,1.7997,3
9436,gA,1.939,1.919,1.939,1.9323,3
9436,gP,2.029,2.009,2.029,2.0223,3
9437,gA,1.769,1.759,1.769,1.7623,3
9437,gB,1.449,1.439,1.449,1.4423,3
9441,g95e5,1.795,1.789,1.795,1.7935,4
9441,gA,1.929,1.929,1.929,1.9290,3
9441,g98e5,1.915,1.915,1.915,1.9150,3
9441,glp,1.105,1.105,1.105,1.1050,2
9442,gA,1.769,1.759,1.769,1.7623,3
9442,gB,1.449,1.439,1.449,1.4423,3
9444,gA,1.829,1.799,1.829,1.8090,3
9444,gP,1.829,1.799,1.829,1.8090,3
9446,g95e5,1.599,1.599,1.599,1.5990,3
9446,gA,1.769,1.759,1.769,1.7623,3
9446,gB,1.435,1.425,1.435,1.4283,3
9450,g95e5,1.599,1.599,1.599,1.5990,3
9450,gA,1.769,1.759,1.769,1.7623,3
9450,gB,1.435,1.425,1.435,1.4283,3
9451,gA,1.944,1.924,1.944,1.9340,2
9451,gP,2.044,2.024,2.044,2.0340,2
9457,g95e5,1.649,1.639,1.659,1.6490,3
9457,gA,1.769,1.739,1.769,1.7590,3
9458,g95e5,1.599,1.599,1.599,1.5990,3
9458,gA,1.769,1.759,1.769,1.7623,3
9458,gB,1.435,1.425,1.435,1.4283,3
9459,g95e5,1.729,1.709,1.729,1.7190,2
9459,gA,1.839,1.819,1.839,1.8290,2
9459,gP,1.889,1.869,1.889,1.8790,2
9459,g98e5,1.729,1.709,1.729,1.7190,2
9459,gB,1.639,1.619,1.639,1.6290,2
9460,g95e5,1.760,1.760,1.761,1.7605,2
9460,gA,1.939,1.914,1.939,1.9265,2
9460,gP,1.997,1.972,1.997,1.9845,2
9460,g98e5,1.913,1.913,1.914,1.9135,2
9461,g95e5,1.755,1.745,1.755,1.7483,3
9461,gA,1.925,1.895,1.925,1.9050,3
9461,gP,2.055,2.039,2.055,2.0443,3
9461,g98e5,1.935,1.925,1.935,1.9283,3
9462,gA,1.929,1.909,1.929,1.9223,3
9462,gP,2.029,2.019,2.029,2.0257,3
9463,g95e5,1.779,1.779,1.779,1.7790,2
9463,gA,1.935,1.915,1.935,1.9283,3
9463,gP,2.025,2.005,2.025,2.0183,3
9463,g98e5,1.919,1.919,1.919,1.9190,2
9464,g95e5,1.544,1.544,1.564,1.5490,4
9464,gA,1.664,1.634,1.674,1.6540,4
9467,gA,1.939,1.929,1.939,1.9323,3
9467,gP,2.019,2.009,2.019,2.0123,3
9468,g95e5,1.599,1.599,1.599,1.5990,3
9468,gA,1.769,1.759,1.769,1.7623,3
9468,gB,1.435,1.425,1.435,1.4283,3
9470,g95e5,1.869,1.869,1.869,1.8690,2
9470,gA,1.969,1.969,1.969,1.9690,2
9470,gP,2.109,2.109,2.109,2.1090,2
9470,g98e5,2.089,2.089,2.089,2.0890,2
9471,g95e5,1.765,1.765,1.765,1.7650,3
9471,gA,1.939,1.929,1.939,1.9357,3
9471,g98e5,1.885,1.885,1.885,1.8850,3
9475,g95e5,1.765,1.765,1.765,1.7650,2
9475,gA,1.939,1.919,1.939,1.9323,3
9475,gP,2.029,2.009,2.029,2.0223,3
9475,g98e5,1.905,1.905,1.905,1.9050,2
9477,gB,1.356,1.356,1.356,1.3560,3
9481,g95e5,1.819,1.819,1.819,1.8190,3
9481,gA,1.919,1.919,1.919,1.9190,3
9481,gP,1.999,1.999,1.999,1.9990,3
9481,g98e5,1.939,1.939,1.939,1.9390,3
9482,g95e5,1.679,1.679,1.679,1.6790,2
9482,gA,1.769,1.769,1.769,1.7690,2
9482,gP,1.829,1.829,1.829,1.8290,2
9485,gA,1.717,1.697,1.717,1.7070,4
9485,gB,1.353,1.353,1.353,1.3530,4
9487,gB,1.353,1.353,1.353,1.3530,4
9490,g95e5,1.465,1.465,1.465,1.4650,3
9490,gA,1.555,1.555,1.555,1.5550,3
9490,gP,1.645,1.645,1.645,1.6450,3
9491,gA,1.799,1.799,1.799,1.7990,2
9491,gP,1.839,1.839,1.839,1.8390,2
9494,g95e5,1.769,1.759,1.769,1.7657,3
9494,gA,1.909,1.909,1.909,1.9090,2
9494,gP,1.998,1.998,1.998,1.9980,2
9494,g98e5,1.909,1.898,1.909,1.9053,3
9494,gB,1.645,1.645,1.645,1.6450,2
9495,g95e5,1.819,1.815,1.819,1.8163,3
9495,gA,1.929,1.915,1.929,1.9230,3
9495,gP,2.019,2.005,2.019,2.0130,3
9495,g98e5,1.959,1.955,1.959,1.9563,3
9499,g95e5,1.729,1.725,1.729,1.7277,3
9499,gA,1.899,1.899,1.899,1.8990,3
9499,gP,1.959,1.959,1.959,1.9590,3
9499,gB,1.604,1.599,1.604,1.6023,3
9500,g95e5,1.599,1.599,1.599,1.5990,3
9500,gA,1.769,1.759,1.769,1.7623,3
9500,gB,1.449,1.439,1.449,1.4423,3
9501,gB,1.353,1.353,1.353,1.3530,4
9505,gA,1.717,1.697,1.717,1.7070,4
9505,gB,1.353,1.353,1.353,1.3530,4
9507,g95e5,1.749,1.749,1.749,1.7490,2
9507,gA,1.909,1.909,1.909,1.9090,2
9507,g98e5,1.919,1.919,1.919,1.9190,2
9509,gA,1.717,1.697,1.717,1.7070,4
9509,gB,1.353,1.353,1.353,1.3530,4
9511,gB,1.353,1.353,1.353,1.3530,4
9515,gA,1.739,1.739,1.739,1.7390,3
9515,gB,1.389,1.389,1.389,1.3890,3
9518,g95e5,1.676,1.676,1.676,1.6760,2
9518,gA,1.744,1.744,1.744,1.7440,2
9520,g95e5,1.809,1.799,1.809,1.8065,4
9520,gA,1.899,1.879,1.899,1.8890,4
9520,gP,1.989,1.969,1.989,1.9790,4
9521,g95e5,1.735,1.735,1.735,1.7350,3
9521,gA,1.875,1.869,1.875,1.8730,3
9521,g98e5,1.855,1.855,1.855,1.8550,3
9521,gB,1.604,1.599,1.604,1.6023,3
9527,g95e5,1.799,1.799,1.799,1.7990,2
9527,g98e5,1.939,1.939,1.939,1.9390,2
9528,g95e5,1.829,1.829,1.829,1.8290,2
9528,gA,1.959,1.959,1.959,1.9590,2
9528,gP,2.019,2.019,2.019,2.0190,2
9528,g98e5,1.929,1.929,1.929,1.9290,2
9530,g95e5,1.829,1.829,1.829,1.8290,2
9530,gA,1.959,1.959,1.959,1.9590,2
9530,gP,2.019,2.019,2.019,2.0190,2
9530,g98e5,1.929,1.929,1.929,1.9290,2
9544,g95e5,1.599,1.599,1.599,1.5990,2
9544,gA,1.779,1.779,1.779,1.7790,2
9545,g95e5,1.664,1.664,1.664,1.6640,3
9545,gA,1.797,1.774,1.797,1.7817,3
9545,gP,1.819,1.799,1.819,1.8057,3
9545,g98e5,1.775,1.775,1.775,1.7750,3
9546,g95e5,1.785,1.785,1.785,1.7850,3
9546,gA,1.939,1.925,1.939,1.9343,3
9546,gP,2.049,2.035,2.049,2.0443,3
9546,g95e5p,1.855,1.855,1.855,1.8550,3
9547,g95e5,1.619,1.619,1.619,1.6190,2
9547,gA,1.739,1.739,1.739,1.7390,2
9551,g95e5,1.599,1.599,1.599,1.5990,3
9551,gA,1.769,1.759,1.769,1.7623,3
9551,gB,1.435,1.425,1.435,1.4283,3
9554,g95e5,1.699,1.699,1.699,1.6990,2
9554,gA,1.769,1.769,1.769,1.7690,2
9554,gP,1.849,1.849,1.849,1.8490,2
9557,g95e5,1.593,1.593,1.593,1.5930,3
9557,gA,1.753,1.753,1.753,1.7530,3
9557,gB,1.373,1.373,1.373,1.3730,3
9563,g95e5,1.839,1.839,1.839,1.8390,3
9563,gA,1.935,1.935,1.949,1.9397,3
9563,g98e5,2.009,2.009,2.009,2.0090,3
9564,g95e5,1.609,1.609,1.609,1.6090,2
9564,gA,1.739,1.739,1.739,1.7390,2
9564,gP,1.739,1.739,1.739,1.7390,2
9564,g95e5p,1.609,1.609,1.609,1.6090,2
9568,g95e5,1.619,1.619,1.619,1.6190,3
9568,gA,1.789,1.779,1.789,1.7823,3
9568,gB,1.455,1.445,1.455,1.4483,3
9571,g95e5,1.739,1.739,1.739,1.7390,3
9571,gA,1.945,1.935,1.945,1.9417,3
9572,g95e5,1.795,1.795,1.795,1.7950,3
9572,gA,1.909,1.905,1.909,1.9077,3
9572,g98e5,1.965,1.965,1.965,1.9650,3
9573,g95e5,1.599,1.599,1.599,1.5990,3
9573,gA,1.769,1.759,1.769,1.7623,3
9574,g95e5,1.759,1.759,1.759,1.7590,3
9574,gA,1.929,1.929,1.929,1.9290,3
9574,gP,1.999,1.999,1.999,1.9990,3
9575,g95e5,1.739,1.739,1.739,1.7390,3
9575,gA,1.889,1.889,1.889,1.8890,3
9575,gP,1.969,1.969,1.969,1.9690,3
9575,gB,1.459,1.459,1.459,1.4590,3
9579,g95e5,1.739,1.739,1.739,1.7390,3
9579,gA,1.889,1.889,1.889,1.8890,3
9582,g95e5,1.647,1.635,1.647,1.6430,3
9582,gA,1.833,1.833,1.837,1.8350,2
9582,gB,1.488,1.439,1.488,1.4717,3
9588,g95e5,1.640,1.630,1.640,1.6333,3
9588,gA,1.800,1.799,1.800,1.7993,3
9588,gB,1.490,1.460,1.490,1.4700,3
9589,g95e5,1.814,1.814,1.814,1.8140,3
9589,gA,1.964,1.959,1.964,1.9607,3
9589,gP,2.044,2.039,2.044,2.0407,3
9589,g98e5,1.954,1.954,1.954,1.9540,3
9598,g95e5,1.799,1.795,1.799,1.7977,3
9598,gA,1.975,1.969,1.975,1.9730,3
9598,g98e5,1.919,1.915,1.919,1.9177,3
9599,gA,1.965,1.955,1.965,1.9597,3
9611,g95e5,1.759,1.759,1.759,1.7590,3
9611,gA,1.914,1.894,1.914,1.9023,3
9611,gP,1.994,1.974,1.994,1.9823,3
9611,g98e5,1.899,1.899,1.899,1.8990,3
9614,gA,1.575,1.575,1.575,1.5750,2
9614,gP,1.665,1.665,1.665,1.6650,2
9622,g95e5,1.734,1.734,1.734,1.7340,4
9622,gA,1.904,1.884,1.904,1.8940,4
9622,gP,1.994,1.974,1.994,1.9840,4
9622,g95e5p,1.824,1.824,1.824,1.8240,4
9626,g95e5,1.587,1.587,1.587,1.5870,4
9626,gA,1.717,1.697,1.717,1.7070,4
9629,gA,1.629,1.619,1.629,1.6257,3
9629,gP,1.715,1.715,1.715,1.7150,3
9632,g95e5,1.569,1.569,1.569,1.5690,3
9632,gA,1.669,1.669,1.669,1.6690,3
9635,glp,0.924,0.924,0.924,0.9240,3
9636,g95e5,1.599,1.599,1.599,1.5990,3
9636,gA,1.769,1.759,1.769,1.7623,3
9636,gB,1.415,1.405,1.415,1.4083,3
9639,g95e5,1.759,1.759,1.759,1.7590,3
9639,gA,1.875,1.865,1.875,1.8717,3
9639,gB,1.704,1.699,1.704,1.7023,3
9640,gA,1.799,1.799,1.799,1.7990,2
9642,gA,1.819,1.809,1.819,1.8157,3
9649,g95e5,1.829,1.829,1.829,1.8290,4
9649,gA,1.939,1.929,1.939,1.9340,4
9649,gP,1.999,1.999,1.999,1.9990,3
9649,g98e5,1.989,1.989,1.989,1.9890,3
9649,gB,1.709,1.709,1.709,1.7090,2
9651,gA,1.859,1.859,1.859,1.8590,3
9651,gP,1.929,1.929,1.929,1.9290,3
9653,g95e5,1.599,1.599,1.599,1.5990,3
9653,gA,1.769,1.759,1.769,1.7623,3
9653,gB,1.435,1.425,1.435,1.4283,3
9655,g95e5,1.583,1.583,1.583,1.5830,2
9655,gB,1.341,1.341,1.341,1.3410,2
9656,g95e5,1.583,1.583,1.583,1.5830,3
9656,gB,1.341,1.341,1.341,1.3410,3
9670,g95e5,1.744,1.744,1.744,1.7440,3
9670,gA,1.924,1.904,1.924,1.9173,3
9670,gP,2.014,1.994,2.014,2.0073,3
9672,g95e5,1.599,1.569,1.599,1.5840,2
9672,gA,1.689,1.649,1.689,1.6690,2
9676,gA,1.909,1.905,1.909,1.9070,2
9676,gB,1.640,1.635,1.640,1.6375,2
9680,g95e5,1.799,1.799,1.799,1.7990,3
9680,gA,1.909,1.909,1.909,1.9090,3
9685,g95e5,1.539,1.539,1.539,1.5390,3
9685,gA,1.698,1.688,1.698,1.6913,3
9685,gB,1.348,1.348,1.348,1.3480,3
9686,g95e5,1.659,1.639,1.659,1.6523,3
9686,gA,1.739,1.729,1.739,1.7357,3
9686,gB,1.429,1.419,1.429,1.4257,3
9693,gA,1.899,1.899,1.899,1.8990,3
9693,gB,1.625,1.625,1.625,1.6250,3
9694,g95e5,1.748,1.728,1.748,1.7380,3
9694,gA,1.898,1.898,1.918,1.9080,2
9694,g98e5,1.868,1.848,1.868,1.8613,3
9697,g95e5,1.839,1.839,1.839,1.8390,2
9697,gA,1.979,1.979,1.979,1.9790,2
9697,gB,1.627,1.627,1.627,1.6270,2
9699,gA,1.828,1.808,1.828,1.8180,2
9699,gB,1.499,1.499,1.499,1.4990,2
9704,g95e5,1.789,1.789,1.789,1.7890,3
9704,gA,1.899,1.899,1.899,1.8990,3
9704,gP,1.979,1.979,1.979,1.9790,3
9708,g95e5,1.799,1.789,1.799,1.7965,4
9708,gA,1.949,1.945,1.949,1.9477,3
9708,g98e5,1.919,1.919,1.919,1.9190,3
9708,g95e5p,1.869,1.869,1.869,1.8690,3
9708,glp,1.165,1.165,1.165,1.1650,2
9710,g95e5,1.745,1.745,1.745,1.7450,3
9710,gA,1.909,1.899,1.909,1.9057,3
9710,gP,2.019,2.009,2.019,2.0157,3
9710,g98e5,1.915,1.915,1.915,1.9150,3
9714,gB,1.298,1.298,1.298,1.2980,2
9717,gA,1.929,1.919,1.929,1.9223,3
9717,gP,2.029,2.019,2.029,2.0223,3
9717,gB,1.769,1.759,1.769,1.7623,3
9732,gA,1.909,1.905,1.909,1.9077,3
9732,gP,1.999,1.995,1.999,1.9977,3
9734,g95e5,1.735,1.735,1.735,1.7350,2
9734,gA,1.945,1.935,1.945,1.9400,2
9734,gP,2.035,2.025,2.035,2.0300,2
9738,g95e5,1.599,1.599,1.599,1.5990,2
9738,gA,1.755,1.755,1.755,1.7550,2
9738,g98e5,1.699,1.699,1.699,1.6990,2
9740,g95e5,1.599,1.599,1.599,1.5990,2
9740,gA,1.755,1.755,1.755,1.7550,2
9740,g98e5,1.699,1.699,1.699,1.6990,2
9741,g95e5,1.469,1.469,1.469,1.4690,3
9741,gA,1.569,1.559,1.569,1.5623,3
9741,gP,1.689,1.679,1.689,1.6823,3
9741,g98e5,1.609,1.609,1.609,1.6090,3
9742,g95e5,1.599,1.599,1.599,1.5990,2
9742,gA,1.755,1.755,1.755,1.7550,2
9742,g98e5,1.699,1.699,1.699,1.6990,2
9744,g95e5,1.764,1.764,1.764,1.7640,2
9744,gA,1.864,1.864,1.864,1.8640,2
9744,g98e5,1.904,1.904,1.904,1.9040,2
9746,g95e5,1.769,1.769,1.769,1.7690,3
9746,gA,1.929,1.929,1.929,1.9290,3
9746,gP,1.979,1.979,1.979,1.9790,3
9746,gB,1.739,1.739,1.739,1.7390,3
9748,g95e5,1.755,1.755,1.755,1.7550,3
9748,g98e5,1.925,1.925,1.925,1.9250,3
9748,gB,1.680,1.675,1.680,1.6783,3
9750,gA,1.676,1.676,1.676,1.6760,2
9754,gA,1.749,1.749,1.749,1.7490,3
9759,g95e5,1.809,1.789,1.809,1.7957,3
9759,gA,1.949,1.929,1.949,1.9357,3
9759,gP,2.009,1.989,2.009,1.9957,3
9761,gA,1.676,1.676,1.676,1.6760,2
9764,g95e5,1.809,1.789,1.809,1.7957,3
9764,gA,1.949,1.929,1.949,1.9357,3
9764,gP,2.009,1.989,2.009,1.9957,3
9764,g98e5,1.859,1.859,1.859,1.8590,3
9768,g95e5,1.819,1.809,1.819,1.8140,2
9768,gA,1.959,1.939,1.959,1.9490,3
9771,gA,1.889,1.889,1.889,1.8890,3
9771,gP,1.979,1.979,1.979,1.9790,3
9777,g95e5,1.765,1.765,1.765,1.7650,3
9777,gA,1.925,1.915,1.925,1.9217,3
9777,gB,1.560,1.555,1.560,1.5583,3
9778,gB,1.365,1.365,1.365,1.3650,4
9779,g95e5,1.806,1.806,1.806,1.8060,2
9779,gA,1.986,1.986,1.986,1.9860,2
9782,g95e5,1.740,1.740,1.740,1.7400,2
9782,gA,1.900,1.900,1.900,1.9000,2
9785,gB,1.365,1.365,1.365,1.3650,4
9787,gB,1.365,1.365,1.365,1.3650,4
9789,g95e5,1.824,1.824,1.824,1.8240,4
9789,gA,1.984,1.964,1.984,1.9740,4
9789,gP,2.064,2.044,2.064,2.0540,4
9789,g95e5p,1.924,1.924,1.924,1.9240,4
9791,g95e5,1.759,1.759,1.759,1.7590,3
9791,gA,1.905,1.895,1.905,1.9017,3
9791,g98e5,1.929,1.929,1.929,1.9290,3
9791,gB,1.704,1.699,1.704,1.7023,3
9792,gB,1.365,1.365,1.365,1.3650,4
9794,gB,1.365,1.365,1.365,1.3650,4
9797,gA,1.720,1.720,1.720,1.7200,3
9797,gB,1.270,1.270,1.270,1.2700,3
9800,g95e5,1.798,1.798,1.798,1.7980,3
9800,gA,1.899,1.899,1.899,1.8990,3
9800,gP,2.066,2.066,2.066,2.0660,3
9800,g95e5p,1.955,1.955,1.955,1.9550,3
9800,gB,1.699,1.699,1.699,1.6990,3
9801,g95e5,1.789,1.789,1.789,1.7890,2
9801,gA,1.889,1.889,1.889,1.8890,2
9801,gP,1.989,1.989,1.989,1.9890,2
9801,g98e5,1.929,1.929,1.929,1.9290,2
9803,g95e5,1.799,1.799,1.799,1.7990,3
9803,gA,1.859,1.859,1.859,1.8590,3
9803,gP,1.979,1.979,1.979,1.9790,3
9803,g98e5,1.959,1.959,1.959,1.9590,3
9807,g95e5,1.513,1.485,1.513,1.5037,3
9807,gA,1.683,1.683,1.683,1.6830,2
9811,g95e5,1.770,1.756,1.770,1.7653,3
9811,gA,1.960,1.946,1.960,1.9553,3
9811,gP,2.050,2.036,2.050,2.0453,3
9811,g98e5,1.910,1.897,1.910,1.9057,3
9813,g95e5,1.779,1.779,1.779,1.7790,3
9813,gA,1.929,1.929,1.929,1.9290,3
9813,g98e5,1.949,1.949,1.949,1.9490,3
9813,gB,1.685,1.685,1.685,1.6850,3
9814,g95e5,1.769,1.755,1.769,1.7643,3
9814,gA,1.959,1.949,1.959,1.9557,3
9814,gP,2.049,2.039,2.049,2.0457,3
9814,g98e5,1.909,1.895,1.909,1.9043,3
9817,gA,1.919,1.909,1.919,1.9123,3
9819,g95e5,1.735,1.735,1.739,1.7363,3
9819,gA,1.925,1.925,1.935,1.9283,3
9819,g98e5,1.855,1.855,1.859,1.8563,3
9820,g95e5,1.755,1.749,1.755,1.7530,3
9820,gA,1.909,1.909,1.925,1.9143,3
9820,g98e5,1.875,1.869,1.875,1.8730,3
9825,gA,1.789,1.789,1.789,1.7890,2
9825,gP,1.809,1.809,1.809,1.8090,2
9829,g95e5,1.754,1.754,1.754,1.7540,3
9829,gA,1.874,1.874,1.874,1.8740,3
9829,gP,1.924,1.924,1.924,1.9240,3
9832,gA,1.717,1.697,1.717,1.7070,4
9832,gB,1.353,1.353,1.353,1.3530,4
9834,g95e5,1.715,1.715,1.715,1.7150,3
9834,gA,1.945,1.925,1.945,1.9383,3
9834,gP,2.045,2.045,2.045,2.0450,2
9834,gB,1.590,1.585,1.590,1.5883,3
9836,g95e5,1.759,1.759,1.779,1.7657,3
9836,gA,1.955,1.949,1.955,1.9530,3
9836,gP,2.015,2.009,2.015,2.0130,3
9836,g98e5,1.879,1.879,1.899,1.8857,3
9837,gB,1.382,1.382,1.382,1.3820,2
9845,g95e5,1.749,1.749,1.749,1.7490,3
9845,gA,1.909,1.905,1.909,1.9077,3
9845,g98e5,1.919,1.919,1.919,1.9190,3
9846,g95e5,1.669,1.669,1.669,1.6690,3
9846,gA,1.799,1.799,1.799,1.7990,3
9846,gP,1.899,1.899,1.899,1.8990,3
9846,g98e5,1.849,1.849,1.849,1.8490,3
9850,g95e5,1.835,1.835,1.835,1.8350,3
9850,gA,1.955,1.955,1.955,1.9550,2
9850,gP,2.015,2.015,2.015,2.0150,2
9850,g98e5,2.005,2.005,2.005,2.0050,3
9851,g95e5,1.599,1.599,1.619,1.6057,3
9851,gA,1.749,1.729,1.749,1.7357,3
9851,gP,1.849,1.829,1.849,1.8357,3
9851,g98e5,1.799,1.799,1.819,1.8057,3
9853,g95e5,1.835,1.835,1.835,1.8350,3
9853,gA,1.959,1.959,1.979,1.9657,3
9853,g98e5,1.955,1.955,1.955,1.9550,3
9855,g95e5,1.795,1.795,1.795,1.7950,3
9855,gA,1.899,1.885,1.899,1.8943,3
9855,g98e5,1.965,1.965,1.965,1.9650,3
9857,g95e5,1.809,1.809,1.809,1.8090,3
9857,gA,1.895,1.889,1.895,1.8930,3
9857,gP,1.955,1.949,1.955,1.9530,3
9857,g98e5,1.979,1.979,1.979,1.9790,3
9857,glp,1.119,1.119,1.119,1.1190,2
9858,g95e5,1.739,1.739,1.739,1.7390,3
9858,gA,1.839,1.839,1.839,1.8390,3
9858,gP,1.889,1.889,1.889,1.8890,3
9858,gB,1.589,1.589,1.589,1.5890,3
9860,g95e5,1.785,1.785,1.785,1.7850,3
9860,gA,1.915,1.915,1.915,1.9150,3
9860,gP,2.025,2.025,2.025,2.0250,3
9861,gA,1.809,1.809,1.809,1.8090,2
9861,gB,1.709,1.709,1.709,1.7090,2
9863,g95e5,1.709,1.709,1.709,1.7090,3
9863,gA,1.935,1.915,1.935,1.9283,3
9863,g98e5,1.879,1.879,1.879,1.8790,3
9863,g95e5p,1.769,1.769,1.769,1.7690,3
9868,g95e5,1.739,1.739,1.739,1.7390,3
9868,gA,1.929,1.929,1.929,1.9290,3
9868,gP,2.029,2.029,2.029,2.0290,3
9868,g98e5,1.879,1.879,1.879,1.8790,3
9872,g95e5,1.501,1.501,1.501,1.5010,2
9872,gA,1.645,1.645,1.645,1.6450,2
9872,g98e5,1.601,1.601,1.601,1.6010,2
9878,gA,1.745,1.745,1.745,1.7450,2
9878,gB,1.253,1.253,1.253,1.2530,2
9881,gA,1.979,1.979,1.979,1.9790,2
9882,gA,1.919,1.919,1.919,1.9190,3
9882,gP,1.997,1.997,1.997,1.9970,3
9884,g95e5,1.729,1.729,1.729,1.7290,2
9884,gA,1.819,1.819,1.819,1.8190,2
9884,gP,1.829,1.829,1.829,1.8290,2
9884,g98e5,1.769,1.769,1.769,1.7690,2
9886,gA,1.699,1.699,1.699,1.6990,2
9886,gB,1.298,1.298,1.298,1.2980,2
9887,gB,1.298,1.298,1.298,1.2980,2
9892,g95e5,1.765,1.765,1.765,1.7650,3
9892,gA,1.929,1.839,1.929,1.8690,3
9892,gP,1.995,1.995,1.995,1.9950,3
9893,gA,1.934,1.934,1.934,1.9340,4
9893,gP,2.014,2.014,2.014,2.0140,4
9893,gB,1.734,1.734,1.734,1.7340,4
9907,gA,1.800,1.800,1.800,1.8000,3
9915,g95e5,1.809,1.799,1.809,1.8065,4
9915,gA,1.899,1.879,1.899,1.8890,4
9915,gP,1.989,1.969,1.989,1.9790,4
9916,g95e5,1.815,1.815,1.815,1.8150,3
9916,gA,1.949,1.945,1.949,1.9477,3
9916,g98e5,1.935,1.935,1.935,1.9350,3
9920,gA,1.568,1.558,1.568,1.5613,3
9920,gP,1.698,1.688,1.698,1.6913,3
9921,g95e5,1.783,1.769,1.783,1.7783,3
9921,gA,1.969,1.969,1.975,1.9720,2
9921,g98e5,1.999,1.933,1.999,1.9623,3
9929,g95e5,1.599,1.599,1.599,1.5990,3
9929,gA,1.669,1.669,1.669,1.6690,3
9929,gP,1.699,1.699,1.699,1.6990,3
9930,g95e5,1.859,1.859,1.859,1.8590,3
9930,gA,1.989,1.989,1.989,1.9890,3
9932,g95e5,1.686,1.686,1.686,1.6860,2
9933,g95e5,1.805,1.805,1.805,1.8050,2
9933,gA,1.949,1.929,1.949,1.9410,3
9933,gP,2.049,2.029,2.049,2.0410,3
9933,g98e5,1.925,1.925,1.925,1.9250,2
9934,g95e5,1.760,1.760,1.770,1.7650,4
9934,gA,1.940,1.930,1.940,1.9350,4
9934,gP,1.990,1.990,1.990,1.9900,4
9934,g98e5,1.880,1.880,1.890,1.8850,4
9951,gA,1.689,1.689,1.689,1.6890,2
9956,g95e5,1.695,1.695,1.695,1.6950,3
9956,gA,1.785,1.785,1.785,1.7850,3
9956,gP,1.835,1.835,1.835,1.8350,3
9960,g95e5,1.679,1.669,1.679,1.6740,2
9960,gA,1.719,1.689,1.719,1.7040,2
9960,gP,1.729,1.699,1.729,1.7140,2
9961,g95e5,1.465,1.465,1.465,1.4650,2
9961,gA,1.599,1.599,1.599,1.5990,2
9961,g98e5,1.575,1.575,1.575,1.5750,2
9962,g95e5,1.719,1.719,1.729,1.7223,3
9962,gA,1.895,1.879,1.895,1.8897,3
9962,gP,1.955,1.939,1.955,1.9497,3
9962,gB,1.560,1.555,1.560,1.5583,3
9964,g95e5,1.839,1.839,1.839,1.8390,2
9964,gA,1.958,1.958,1.958,1.9580,2
9964,gP,2.028,2.028,2.028,2.0280,2
9964,g98e5,1.979,1.979,1.979,1.9790,2
9966,g95e5,1.417,1.414,1.417,1.4150,3
9966,gA,1.544,1.534,1.544,1.5373,3
9966,gP,1.639,1.634,1.639,1.6357,3
9966,g98e5,1.537,1.534,1.537,1.5350,3
9967,g95e5,1.789,1.789,1.789,1.7890,3
9967,gA,1.959,1.949,1.959,1.9557,3
9967,g98e5,1.959,1.959,1.959,1.9590,3
9967,gB,1.694,1.689,1.694,1.6923,3
9970,g95e5,1.775,1.775,1.775,1.7750,3
9970,gA,1.899,1.899,1.899,1.8990,2
9970,gP,1.959,1.959,1.959,1.9590,2
9970,g98e5,1.945,1.945,1.945,1.9450,3
9970,gB,1.640,1.635,1.640,1.6383,3
9972,g95e5,1.627,1.627,1.627,1.6270,2
9972,gA,1.777,1.777,1.777,1.7770,2
9974,g95e5,1.755,1.755,1.755,1.7550,3
9974,gA,1.969,1.955,1.969,1.9643,3
9974,gP,2.079,2.065,2.079,2.0743,3
9974,g98e5,1.925,1.925,1.925,1.9250,3
9986,gA,1.699,1.699,1.699,1.6990,2
9986,gB,1.298,1.298,1.298,1.2980,2
9993,g95e5,1.689,1.669,1.689,1.6757,3
9993,gA,1.819,1.819,1.819,1.8190,3
9993,gP,1.859,1.859,1.859,1.8590,3
9997,g95e5,1.805,1.805,1.805,1.8050,3
9997,gA,1.965,1.965,1.965,1.9650,3
9997,g98e5,1.965,1.965,1.965,1.9650,3
9997,glp,1.179,1.179,1.179,1.1790,2
10000,g95e5,1.889,1.889,1.889,1.8890,3
10000,gA,1.998,1.998,1.998,1.9980,3
10000,gP,2.049,2.049,2.049,2.0490,3
10000,g98e5,2.019,2.019,2.019,2.0190,3
10001,g95e5,1.569,1.569,1.569,1.5690,3
10004,gA,1.700,1.700,1.700,1.7000,3
10009,g95e5,1.775,1.775,1.775,1.7750,3
10009,gA,1.869,1.855,1.869,1.8643,3
10009,g95e5p,1.845,1.845,1.845,1.8450,3
10009,gB,1.600,1.595,1.600,1.5983,3
10016,g95e5,1.829,1.829,1.829,1.8290,2
10016,gA,1.949,1.949,1.949,1.9490,2
10016,gB,1.679,1.679,1.679,1.6790,2
10017,g95e5,1.799,1.789,1.799,1.7955,4
10017,gA,1.969,1.965,1.969,1.9677,3
10017,gP,2.029,2.025,2.029,2.0277,3
10017,g98e5,1.919,1.915,1.919,1.9177,3
10018,g95e5,1.545,1.545,1.545,1.5450,2
10018,gA,1.695,1.695,1.695,1.6950,2
10018,gP,1.735,1.735,1.735,1.7350,2
10018,g98e5,1.685,1.685,1.685,1.6850,2
10019,g98e5,1.949,1.949,1.949,1.9490,2
10024,g95e5,1.745,1.745,1.759,1.7497,3
10024,gA,1.989,1.985,1.989,1.9877,3
10024,g95e5p,1.825,1.825,1.839,1.8297,3
10024,gB,1.634,1.629,1.634,1.6323,3
10025,g95e5,1.799,1.789,1.799,1.7940,2
10025,gA,1.939,1.929,1.939,1.9340,2
10028,g95e5,1.739,1.739,1.739,1.7390,2
10028,gA,1.839,1.839,1.839,1.8390,2
10028,gP,1.880,1.880,1.880,1.8800,2
10028,g98e5,1.790,1.790,1.790,1.7900,2
10032,g95e5,1.779,1.779,1.779,1.7790,3
10032,gA,1.879,1.869,1.879,1.8723,3
10032,gP,1.959,1.949,1.959,1.9523,3
10032,g98e5,1.919,1.919,1.919,1.9190,3
10035,g95e5,1.825,1.825,1.825,1.8250,3
10035,gA,1.949,1.949,1.955,1.9510,3
10037,g95e5,1.620,1.620,1.620,1.6200,3
10037,gA,1.800,1.800,1.800,1.8000,3
10037,gB,1.350,1.350,1.350,1.3500,3
10039,gA,1.909,1.905,1.909,1.9077,3
10039,gP,1.999,1.995,1.999,1.9977,3
10044,g95e5,1.775,1.775,1.775,1.7750,3
10044,gA,1.965,1.959,1.965,1.9630,3
10044,g98e5,1.945,1.945,1.945,1.9450,3
10050,gA,1.700,1.700,1.700,1.7000,2
10050,gB,1.360,1.360,1.360,1.3600,2
10051,g95e5,1.719,1.719,1.719,1.7190,3
10051,gA,1.889,1.885,1.889,1.8877,3
10051,g98e5,1.889,1.889,1.889,1.8890,3
10057,gA,1.549,1.549,1.549,1.5490,2
10057,gP,1.679,1.679,1.679,1.6790,2
10057,g98e5,1.619,1.619,1.619,1.6190,2
10068,g95e5,1.819,1.819,1.819,1.8190,2
10068,gA,1.929,1.929,1.929,1.9290,2
10068,gP,2.049,2.049,2.049,2.0490,2
10068,g98e5,1.949,1.949,1.949,1.9490,2
10070,gA,1.829,1.829,1.829,1.8290,2
10070,gP,1.829,1.829,1.829,1.8290,2
10071,gA,1.909,1.909,1.909,1.9090,2
10071,gP,1.989,1.989,1.989,1.9890,2
10074,g95e5,1.545,1.545,1.545,1.5450,2
10074,gA,1.695,1.695,1.695,1.6950,2
10074,gP,1.735,1.735,1.735,1.7350,2
10076,g95e5,1.795,1.795,1.795,1.7950,2
10076,gA,1.959,1.939,1.959,1.9523,3
10076,gP,2.049,2.029,2.049,2.0423,3
10076,g98e5,1.935,1.935,1.935,1.9350,2
10077,g95e5,1.789,1.789,1.789,1.7890,2
10077,gA,1.949,1.929,1.949,1.9423,3
10077,gP,2.039,2.019,2.039,2.0323,3
10077,g98e5,1.929,1.929,1.929,1.9290,2
10078,g95e5,1.825,1.825,1.825,1.8250,3
10078,gA,1.929,1.929,1.939,1.9323,3
10078,gP,2.005,2.005,2.005,2.0050,3
10083,g95e5,1.459,1.459,1.459,1.4590,2
10083,gA,1.569,1.559,1.569,1.5657,3
10083,gP,1.679,1.679,1.679,1.6790,3
10083,g98e5,1.599,1.599,1.599,1.5990,2
10084,gB,1.639,1.639,1.639,1.6390,3
10085,gA,1.479,1.479,1.549,1.5223,3
10085,gP,1.589,1.589,1.659,1.6343,3
10090,g95e5,1.779,1.779,1.779,1.7790,2
10090,gA,1.879,1.879,1.879,1.8790,2
10093,gA,1.749,1.749,1.749,1.7490,2
10096,gA,1.699,1.699,1.699,1.6990,3
10100,g95e5,1.809,1.809,1.809,1.8090,2
10100,gA,1.919,1.919,1.919,1.9190,2
10100,gP,2.150,2.150,2.150,2.1500,2
10100,gB,1.705,1.705,1.705,1.7050,2
10101,g95e5,1.606,1.596,1.606,1.6010,2
10101,gA,1.706,1.696,1.706,1.7010,2
10101,gP,1.806,1.796,1.806,1.8010,2
10103,g95e5,1.699,1.699,1.699,1.6990,2
10103,gA,1.779,1.769,1.779,1.7757,3
10104,g95e5,1.919,1.919,1.919,1.9190,3
10104,gA,2.074,2.074,2.074,2.0740,3
10105,g95e5,1.799,1.799,1.829,1.8090,3
10105,gA,1.879,1.879,1.879,1.8790,3
10105,gP,1.979,1.979,1.979,1.9790,3
10105,g98e5,1.879,1.879,1.899,1.8857,3
10106,g95e5,1.814,1.814,1.814,1.8140,3
10106,gA,1.994,1.974,1.994,1.9840,4
10106,gP,2.094,2.074,2.094,2.0840,4
10107,g95e5,1.814,1.814,1.814,1.8140,3
10107,gA,1.994,1.974,1.994,1.9840,4
10107,gP,2.094,2.074,2.094,2.0840,4
10108,g95e5,1.699,1.689,1.699,1.6957,3
10108,gA,1.899,1.899,1.909,1.9023,3
10108,gP,1.929,1.929,1.929,1.9290,3
10108,g98e5,1.969,1.969,1.989,1.9757,3
10109,g95e5,1.799,1.799,1.839,1.8123,3
10109,gA,1.949,1.949,1.959,1.9523,3
10109,g98e5,1.999,1.999,2.019,2.0057,3
10110,g95e5,1.879,1.879,1.899,1.8857,3
10110,gA,1.999,1.999,1.999,1.9990,3
10110,g98e5,1.949,1.949,1.969,1.9557,3
10112,gB,1.095,1.095,1.095,1.0950,3
10113,gA,1.799,1.799,1.799,1.7990,3
10116,gA,1.799,1.799,1.799,1.7990,3
10121,gA,1.779,1.759,1.779,1.7723,3
10121,gP,1.799,1.785,1.799,1.7943,3
10121,gB,1.489,1.469,1.489,1.4823,3
10127,g95e5,1.449,1.449,1.449,1.4490,3
10127,gA,1.559,1.549,1.559,1.5557,3
10127,gP,1.659,1.649,1.659,1.6557,3
10127,g98e5,1.579,1.579,1.579,1.5790,3
10129,gA,1.749,1.749,1.749,1.7490,2
10132,g95e5,1.778,1.778,1.778,1.7780,2
10132,gA,1.898,1.898,1.898,1.8980,2
10133,gA,1.529,1.529,1.529,1.5290,2
10133,g98e5,1.564,1.564,1.564,1.5640,2
10137,g95e5,1.576,1.576,1.576,1.5760,3
10137,gA,1.733,1.733,1.733,1.7330,3
10137,gB,1.392,1.392,1.392,1.3920,3
10138,g95e5,1.502,1.502,1.502,1.5020,3
10138,gA,1.646,1.646,1.646,1.6460,3
10138,g98e5,1.602,1.602,1.602,1.6020,3
10141,g95e5,1.764,1.764,1.764,1.7640,4
10141,gA,1.984,1.964,1.984,1.9740,4
10141,gP,2.054,2.034,2.054,2.0440,4
10141,g95e5p,1.864,1.864,1.864,1.8640,4
10152,g95e5,1.779,1.779,1.779,1.7790,2
10152,gA,1.899,1.899,1.899,1.8990,2
10152,gP,1.969,1.969,1.969,1.9690,2
10152,gB,1.669,1.669,1.669,1.6690,2
10154,gA,1.864,1.864,1.864,1.8640,3
10157,gA,1.884,1.884,1.884,1.8840,2
10157,gP,2.004,2.004,2.004,2.0040,2
10157,gB,1.694,1.694,1.694,1.6940,2
10158,gA,1.884,1.884,1.884,1.8840,2
10158,gP,2.004,2.004,2.004,2.0040,2
10158,gB,1.694,1.694,1.694,1.6940,2
10162,g95e5,1.684,1.684,1.684,1.6840,3
10162,gA,1.844,1.824,1.844,1.8307,3
10162,gP,1.924,1.904,1.924,1.9107,3
10162,g98e5,1.824,1.824,1.824,1.8240,3
10163,gA,1.939,1.934,1.939,1.9365,2
10163,gP,2.019,2.014,2.019,2.0165,2
10164,gA,1.765,1.765,1.765,1.7650,3
10165,gA,2.004,1.984,2.004,1.9907,3
10165,gP,2.084,2.064,2.084,2.0707,3
10167,gA,1.789,1.789,1.789,1.7890,3
10168,gA,1.894,1.894,1.894,1.8940,2
10168,gP,2.004,2.004,2.004,2.0040,2
10172,g95e5,1.614,1.614,1.614,1.6140,3
10172,gA,1.769,1.739,1.769,1.7523,3
10172,gP,1.869,1.839,1.869,1.8523,3
10172,g98e5,1.814,1.814,1.814,1.8140,3
10173,g95e5,1.699,1.699,1.699,1.6990,3
10173,gA,1.819,1.789,1.819,1.8023,3
10173,gP,1.919,1.889,1.919,1.9023,3
10173,g98e5,1.899,1.899,1.899,1.8990,3
10174,g95e5,1.679,1.679,1.689,1.6840,2
10174,gA,1.789,1.789,1.789,1.7890,2
10174,gP,1.869,1.869,1.869,1.8690,2
10177,g95e5,1.619,1.619,1.619,1.6190,3
10182,gA,1.689,1.689,1.689,1.6890,2
10189,gA,1.739,1.739,1.739,1.7390,3
10189,gB,1.379,1.379,1.379,1.3790,3
10192,gA,1.680,1.680,1.680,1.6800,2
10195,g95e5,1.795,1.795,1.795,1.7950,2
10195,gA,1.959,1.939,1.959,1.9523,3
10195,gP,2.049,2.029,2.049,2.0423,3
10195,g98e5,1.935,1.935,1.935,1.9350,2
10198,g95e5,1.664,1.664,1.664,1.6640,3
10198,gA,1.797,1.774,1.797,1.7817,3
10198,gP,1.827,1.799,1.827,1.8083,3
10204,g95e5,1.759,1.759,1.759,1.7590,3
10204,gA,1.959,1.959,1.959,1.9590,3
10204,gP,2.019,2.019,2.019,2.0190,3
10205,g95e5,1.659,1.659,1.659,1.6590,3
10205,gA,1.789,1.789,1.789,1.7890,3
10205,gB,1.559,1.559,1.559,1.5590,3
10207,gA,1.959,1.959,1.959,1.9590,2
10207,gP,2.054,2.054,2.054,2.0540,2
10207,gB,1.744,1.744,1.744,1.7440,2
10210,g95e5,1.739,1.725,1.739,1.7320,2
10210,gA,1.909,1.889,1.909,1.8990,2
10210,gP,1.999,1.979,1.999,1.9890,2
10210,g98e5,1.865,1.865,1.865,1.8650,2
10211,g95e5,1.619,1.619,1.619,1.6190,2
10211,gA,1.729,1.729,1.729,1.7290,2
10213,g95e5,1.769,1.769,1.769,1.7690,3
10213,gA,1.949,1.929,1.949,1.9357,3
10213,gP,2.029,2.009,2.029,2.0157,3
10217,g95e5,1.765,1.765,1.765,1.7650,3
10217,gA,1.919,1.909,1.919,1.9157,3
10217,gB,1.720,1.715,1.720,1.7183,3
10218,g95e5,1.765,1.765,1.765,1.7650,3
10218,gA,1.925,1.915,1.925,1.9217,3
10234,gA,1.939,1.929,1.939,1.9340,2
10234,gP,2.019,2.009,2.019,2.0140,2
10239,g95e5,1.525,1.497,1.525,1.5130,3
10239,gA,1.685,1.685,1.685,1.6850,2
10244,g95e5,1.619,1.619,1.619,1.6190,2
10244,gA,1.739,1.739,1.739,1.7390,2
10244,gP,1.739,1.739,1.739,1.7390,2
10245,g95e5,1.577,1.577,1.639,1.6137,3
10245,gA,1.649,1.649,1.709,1.6877,3
10249,g95e5,1.724,1.724,1.734,1.7315,4
10249,gA,1.974,1.954,1.974,1.9640,4
10249,gP,2.064,2.044,2.064,2.0540,4
10252,g95e5,1.755,1.755,1.755,1.7550,3
10252,gA,1.949,1.939,1.949,1.9455,4
10252,gP,2.009,2.005,2.009,2.0077,3
10252,glp,1.189,1.189,1.189,1.1890,2
10253,g95e5,1.759,1.759,1.759,1.7590,3
10253,gA,1.909,1.905,1.909,1.9077,3
10253,g98e5,1.949,1.949,1.949,1.9490,3
10253,gB,1.539,1.539,1.539,1.5390,2
10254,g95e5,1.729,1.729,1.729,1.7290,3
10254,gA,1.909,1.905,1.909,1.9077,3
10254,gP,2.009,2.005,2.009,2.0077,3
10254,g98e5,1.899,1.899,1.899,1.8990,3
10256,g95e5,1.669,1.669,1.689,1.6757,3
10256,gA,1.809,1.759,1.809,1.7823,3
10257,g95e5,1.648,1.648,1.648,1.6480,2
10257,gA,1.738,1.738,1.738,1.7380,2
10257,gP,1.768,1.768,1.768,1.7680,2
10257,g98e5,1.718,1.718,1.718,1.7180,2
10258,gB,1.362,1.362,1.362,1.3620,2
10259,gA,1.959,1.959,1.959,1.9590,3
10259,gP,2.035,2.035,2.035,2.0350,3
10261,g95e5,1.669,1.669,1.699,1.6823,3
10261,gA,1.809,1.759,1.809,1.7823,3
10261,gP,1.829,1.779,1.829,1.8023,3
10262,g95e5,1.719,1.719,1.719,1.7190,3
10262,gA,1.899,1.899,1.899,1.8990,2
10262,g98e5,1.889,1.889,1.889,1.8890,3
10262,gB,1.624,1.619,1.624,1.6223,3
10263,g95e5,1.709,1.709,1.709,1.7090,3
10263,gA,1.809,1.809,1.809,1.8090,3
10270,g95e5,1.839,1.829,1.839,1.8357,3
10270,gA,1.909,1.899,1.909,1.9057,3
10270,gP,1.999,1.989,1.999,1.9957,3
10270,g98e5,1.979,1.969,1.979,1.9757,3
10271,g95e5,1.549,1.549,1.559,1.5557,3
10271,gA,1.729,1.719,1.729,1.7223,3
10282,gA,1.579,1.579,1.579,1.5790,3
10282,gP,1.689,1.679,1.689,1.6857,3
10282,g98e5,1.595,1.595,1.595,1.5950,3
10290,g95e5,1.729,1.729,1.729,1.7290,3
10290,gA,1.909,1.909,1.909,1.9090,2
10290,gP,1.989,1.989,1.995,1.9910,3
10290,g98e5,1.899,1.899,1.899,1.8990,3
10293,g95e5,1.755,1.755,1.755,1.7550,2
10293,gA,1.899,1.899,1.899,1.8990,2
10293,g98e5,1.875,1.875,1.875,1.8750,2
10295,g95e5,1.561,1.561,1.566,1.5643,3
10295,gA,1.713,1.713,1.713,1.7130,3
10298,g95e5,1.739,1.739,1.739,1.7390,2
10298,gA,1.909,1.909,1.909,1.9090,2
10298,gP,2.007,2.007,2.007,2.0070,2
10298,g98e5,1.891,1.891,1.891,1.8910,2
10302,g95e5,1.709,1.699,1.709,1.7023,3
10302,gA,1.759,1.749,1.759,1.7523,3
10305,g95e5,1.769,1.769,1.769,1.7690,2
10305,gA,1.859,1.859,1.859,1.8590,2
10305,g98e5,1.920,1.920,1.920,1.9200,2
10305,gB,1.500,1.500,1.500,1.5000,2
10307,gA,1.565,1.565,1.565,1.5650,2
10307,gP,1.655,1.655,1.655,1.6550,2
10309,g95e5,1.869,1.869,1.869,1.8690,2
10309,gA,1.999,1.999,1.999,1.9990,2
10309,gP,2.089,2.089,2.089,2.0890,2
10309,g95e5p,1.949,1.949,1.949,1.9490,2
10309,glp,1.179,1.179,1.179,1.1790,2
10317,g95e5,1.695,1.695,1.695,1.6950,3
10317,gA,1.855,1.855,1.855,1.8550,3
10319,gA,1.964,1.964,1.964,1.9640,2
10319,gP,2.074,2.074,2.074,2.0740,2
10326,g95e5,1.759,1.759,1.759,1.7590,2
10326,gA,1.799,1.799,1.799,1.7990,2
10326,gP,1.869,1.869,1.869,1.8690,2
10326,g98e5,1.919,1.919,1.919,1.9190,2
10327,g95e5,1.759,1.759,1.759,1.7590,2
10327,gA,1.799,1.799,1.799,1.7990,2
10327,gP,1.869,1.869,1.869,1.8690,2
10327,g98e5,1.919,1.919,1.919,1.9190,2
10328,g95e5,1.735,1.735,1.735,1.7350,2
10328,gA,1.879,1.879,1.879,1.8790,2
10328,g98e5,1.969,1.969,1.969,1.9690,2
10328,gB,1.709,1.709,1.709,1.7090,2
10339,g95e5,1.588,1.588,1.588,1.5880,2
10339,gA,1.769,1.769,1.769,1.7690,2
10339,gP,1.829,1.829,1.829,1.8290,2
10339,g95e5p,1.648,1.648,1.648,1.6480,2
10341,g95e5,1.759,1.759,1.759,1.7590,2
10341,gA,1.949,1.949,1.949,1.9490,2
10341,gP,2.039,2.039,2.039,2.0390,2
10341,g98e5,1.899,1.899,1.899,1.8990,2
10344,g95e5,1.709,1.709,1.709,1.7090,3
10344,gA,1.885,1.875,1.885,1.8817,3
10344,g98e5,1.879,1.879,1.879,1.8790,3
10344,gB,1.610,1.605,1.610,1.6083,3
10345,g95e5,1.499,1.499,1.499,1.4990,3
10345,gA,1.630,1.630,1.630,1.6300,3
10345,gP,1.756,1.756,1.756,1.7560,3
10345,g98e5,1.670,1.670,1.670,1.6700,3
10351,gA,1.749,1.749,1.749,1.7490,3
10351,gP,1.749,1.749,1.749,1.7490,3
10352,gA,1.799,1.799,1.799,1.7990,2
10353,gA,1.789,1.789,1.789,1.7890,3
10361,g95e5,1.789,1.779,1.789,1.7823,3
10361,gA,1.939,1.939,1.939,1.9390,3
10361,gB,1.609,1.558,1.609,1.5750,3
10362,g95e5,1.829,1.829,1.829,1.8290,3
10362,gA,1.909,1.889,1.909,1.9023,3
10362,g98e5,1.969,1.969,1.969,1.9690,2
10366,g95e5,1.784,1.784,1.784,1.7840,4
10366,gA,1.954,1.934,1.954,1.9473,3
10366,gP,2.034,2.014,2.034,2.0273,3
10367,g95e5,1.754,1.754,1.754,1.7540,3
10367,gA,1.934,1.914,1.934,1.9240,4
10367,gP,2.034,2.014,2.034,2.0240,4
10368,g95e5,1.794,1.794,1.794,1.7940,3
10368,gA,1.974,1.954,1.974,1.9640,4
10368,gP,2.074,2.054,2.074,2.0640,4
10369,g95e5,1.794,1.794,1.794,1.7940,4
10369,gA,1.974,1.954,1.974,1.9673,3
10369,gP,2.074,2.054,2.074,2.0673,3
10373,g95e5,1.729,1.729,1.729,1.7290,3
10373,gA,1.905,1.905,1.905,1.9050,3
10373,gP,1.995,1.995,1.995,1.9950,3
10374,g95e5,1.695,1.695,1.695,1.6950,3
10374,gA,1.745,1.745,1.745,1.7450,3
10374,gP,1.745,1.745,1.745,1.7450,3
10377,g95e5,1.625,1.625,1.625,1.6250,3
10377,gA,1.739,1.739,1.739,1.7390,3
10377,gP,1.779,1.779,1.779,1.7790,3
10378,g95e5,1.629,1.629,1.629,1.6290,3
10378,gA,1.769,1.749,1.769,1.7557,3
10379,gA,1.717,1.697,1.717,1.7070,4
10380,g95e5,1.724,1.724,1.724,1.7240,2
10380,gA,1.904,1.889,1.904,1.8973,3
10380,gP,1.964,1.949,1.964,1.9573,3
10380,g98e5,1.874,1.874,1.874,1.8740,2
10385,g95e5,1.819,1.819,1.829,1.8223,3
10385,gA,1.895,1.885,1.895,1.8917,3
10385,gP,2.005,1.995,2.005,2.0017,3
10385,g98e5,1.989,1.989,1.999,1.9923,3
10408,g95e5,1.795,1.795,1.795,1.7950,2
10408,gA,1.945,1.925,1.945,1.9383,3
10408,gP,2.035,2.015,2.035,2.0283,3
10408,g98e5,1.935,1.935,1.935,1.9350,2
10411,g95e5,1.789,1.779,1.789,1.7857,3
10411,gA,1.949,1.929,1.949,1.9423,3
10411,gP,2.039,2.019,2.039,2.0323,3
10411,g98e5,1.929,1.919,1.929,1.9257,3
10422,g95e5,1.639,1.639,1.639,1.6390,2
10422,gA,1.779,1.779,1.779,1.7790,2
10422,gP,1.859,1.859,1.859,1.8590,2
10425,gP,2.049,2.039,2.049,2.0423,3
10425,gB,1.679,1.669,1.679,1.6723,3
10433,g95e5,1.749,1.739,1.749,1.7457,3
10433,gA,1.909,1.909,1.909,1.9090,2
10433,gP,1.999,1.999,1.999,1.9990,2
10433,g98e5,1.889,1.879,1.889,1.8857,3
10436,g95e5,1.795,1.795,1.795,1.7950,2
10436,gA,1.959,1.959,1.959,1.9590,2
10436,gP,2.049,2.049,2.049,2.0490,2
10436,g98e5,1.935,1.935,1.935,1.9350,2
10450,g95e5,1.755,1.755,1.755,1.7550,3
10450,gA,1.955,1.945,1.955,1.9517,3
10450,g98e5,1.925,1.925,1.925,1.9250,3
10451,g95e5,1.839,1.839,1.839,1.8390,2
10451,gA,1.944,1.944,1.944,1.9440,3
10451,gP,2.036,2.036,2.036,2.0360,3
10451,g98e5,1.980,1.980,1.980,1.9800,2
10452,g95e5,1.765,1.765,1.765,1.7650,3
10452,gA,1.949,1.945,1.949,1.9477,3
10452,gP,2.009,2.005,2.009,2.0077,3
10452,g98e5,1.935,1.935,1.935,1.9350,3
10453,g95e5,1.729,1.729,1.729,1.7290,3
10453,gA,1.847,1.847,1.847,1.8470,3
10453,gP,1.937,1.937,1.937,1.9370,3
10453,g98e5,1.849,1.849,1.849,1.8490,3
10455,g95e5,1.685,1.685,1.685,1.6850,2
10455,gA,1.859,1.838,1.859,1.8520,3
10455,gP,1.949,1.929,1.949,1.9423,3
10458,gA,1.917,1.917,1.917,1.9170,3
10464,g95e5,1.789,1.789,1.789,1.7890,2
10464,gA,1.889,1.889,1.889,1.8890,2
10464,gP,1.989,1.989,1.989,1.9890,2
10464,g98e5,1.929,1.929,1.929,1.9290,2
10465,g95e5,1.795,1.795,1.795,1.7950,2
10465,gA,1.895,1.875,1.895,1.8883,3
10465,gP,1.985,1.965,1.985,1.9783,3
10465,g98e5,1.935,1.935,1.935,1.9350,2
10467,gA,1.899,1.889,1.899,1.8923,3
10467,gP,1.989,1.979,1.989,1.9823,3
10470,g95e5,1.829,1.829,1.829,1.8290,2
10470,gA,1.899,1.889,1.899,1.8940,2
10470,gP,1.999,1.979,1.999,1.9890,2
10470,g98e5,1.969,1.969,1.969,1.9690,2
10470,gB,1.639,1.619,1.639,1.6323,3
10482,g95e5,1.809,1.809,1.809,1.8090,2
10482,gA,1.949,1.929,1.949,1.9423,3
10482,gP,2.039,2.019,2.039,2.0323,3
10482,g98e5,1.949,1.949,1.949,1.9490,2
10483,g95e5,1.799,1.799,1.799,1.7990,3
10483,g95e5p,1.859,1.859,1.859,1.8590,3
10487,g95e5,1.805,1.795,1.805,1.8017,3
10487,gA,1.945,1.945,1.945,1.9450,2
10487,gP,2.035,2.035,2.035,2.0350,2
10487,g98e5,1.945,1.935,1.945,1.9417,3
10488,g95e5,1.795,1.795,1.795,1.7950,2
10488,gA,1.939,1.939,1.939,1.9390,2
10488,gP,2.029,2.029,2.029,2.0290,2
10488,g98e5,1.935,1.935,1.935,1.9350,2
10489,gA,1.799,1.779,1.799,1.7890,3
10489,g98e5,1.809,1.789,1.809,1.7990,2
10494,g95e5,1.795,1.795,1.799,1.7963,3
10494,gA,1.929,1.929,1.929,1.9290,3
10494,gP,2.019,2.019,2.019,2.0190,3
10494,g98e5,1.935,1.935,1.939,1.9363,3
10497,g95e5,1.659,1.659,1.659,1.6590,2
10497,gA,1.759,1.759,1.759,1.7590,2
10497,gP,1.789,1.789,1.789,1.7890,2
10497,g98e5,1.719,1.719,1.719,1.7190,2
10502,g95e5,1.839,1.839,1.849,1.8440,2
10502,gA,1.899,1.889,1.899,1.8940,2
10502,gP,2.019,2.009,2.019,2.0140,2
10503,g95e5,1.849,1.849,1.849,1.8490,2
10503,gA,1.889,1.889,1.889,1.8890,2
10503,gP,2.009,2.009,2.009,2.0090,2
10504,gA,1.869,1.869,1.869,1.8690,3
10504,gP,1.959,1.959,1.959,1.9590,3
10504,gB,1.569,1.569,1.569,1.5690,3
10507,gB,1.499,1.499,1.499,1.4990,3
10509,g95e5,1.659,1.659,1.659,1.6590,3
10509,gP,1.899,1.899,1.899,1.8990,3
10510,g95e5,1.507,1.479,1.507,1.4977,3
10510,gA,1.678,1.678,1.678,1.6780,2
10513,gA,1.678,1.678,1.678,1.6780,3
10517,g95e5,1.759,1.749,1.759,1.7557,3
10517,gA,1.909,1.909,1.909,1.9090,2
10517,gB,1.629,1.629,1.629,1.6290,2
10523,g95e5,1.749,1.739,1.749,1.7457,3
10523,gA,1.919,1.909,1.919,1.9157,3
10523,gP,1.959,1.949,1.959,1.9557,3
10524,gA,1.820,1.820,1.820,1.8200,3
10525,g95e5,1.759,1.749,1.759,1.7557,3
10525,gA,1.919,1.909,1.919,1.9157,3
10525,gB,1.589,1.579,1.589,1.5857,3
10526,gA,1.679,1.679,1.679,1.6790,3
10526,gB,1.369,1.369,1.369,1.3690,3
10528,g95e5,1.535,1.535,1.535,1.5350,3
10528,gA,1.700,1.700,1.700,1.7000,3
10528,gP,1.730,1.730,1.730,1.7300,3
10528,gB,1.303,1.303,1.303,1.3030,3
10530,g95e5,1.759,1.749,1.759,1.7557,3
10530,gA,1.919,1.909,1.919,1.9157,3
10530,gB,1.639,1.629,1.639,1.6357,3
10535,g95e5,1.649,1.649,1.649,1.6490,3
10535,gA,1.753,1.753,1.753,1.7530,3
10537,g95e5,1.535,1.535,1.535,1.5350,3
10537,gA,1.700,1.700,1.700,1.7000,3
10537,gB,1.303,1.303,1.303,1.3030,3
10542,gA,1.839,1.839,1.839,1.8390,2
10543,g95e5,1.439,1.439,1.439,1.4390,2
10543,gA,1.539,1.539,1.539,1.5390,2
10543,gP,1.639,1.639,1.639,1.6390,2
10543,g98e5,1.569,1.569,1.569,1.5690,2
10550,g95e5,1.669,1.669,1.669,1.6690,3
10550,gA,1.789,1.789,1.789,1.7890,3
10550,gB,1.439,1.439,1.439,1.4390,3
10556,g95e5,1.759,1.749,1.759,1.7540,4
10556,gA,1.879,1.869,1.879,1.8740,4
10556,gP,1.929,1.919,1.929,1.9240,4
10556,g95e5p,1.809,1.799,1.809,1.8040,4
10556,gB,1.419,1.384,1.419,1.3952,4
10558,g95e5,1.639,1.639,1.649,1.6457,3
10558,g98e5,1.839,1.839,1.849,1.8457,3
10560,g95e5,1.649,1.629,1.649,1.6423,3
10560,gA,1.799,1.799,1.799,1.7990,2
10560,gP,1.869,1.869,1.869,1.8690,2
10560,g98e5,1.849,1.829,1.849,1.8423,3
10572,gA,1.829,1.829,1.829,1.8290,2
10573,g95e5,1.809,1.799,1.809,1.8057,3
10573,gA,1.939,1.919,1.939,1.9323,3
10573,g98e5,1.929,1.919,1.929,1.9257,3
10574,g95e5,1.749,1.749,1.749,1.7490,2
10574,gA,1.889,1.889,1.889,1.8890,3
10574,gP,1.969,1.969,1.969,1.9690,3
10574,g98e5,1.889,1.889,1.889,1.8890,2
10574,gB,1.619,1.609,1.619,1.6140,2
10579,g95e5,1.795,1.785,1.795,1.7925,4
10579,gA,1.945,1.925,1.945,1.9385,4
10579,gP,2.055,2.049,2.055,2.0530,3
10579,g98e5,1.915,1.915,1.915,1.9150,3
10580,gA,1.899,1.869,1.899,1.8790,3
10580,gB,1.599,1.559,1.599,1.5723,3
10581,g95e5,1.775,1.775,1.775,1.7750,3
10581,gA,1.889,1.875,1.889,1.8843,3
10581,gP,1.979,1.965,1.979,1.9743,3
10581,g98e5,1.915,1.915,1.915,1.9150,3
10582,g95e5,1.789,1.789,1.789,1.7890,2
10582,gA,1.899,1.899,1.899,1.8990,3
10582,gP,1.989,1.989,1.989,1.9890,3
10582,g98e5,1.929,1.929,1.929,1.9290,2
10592,g95e5,1.599,1.599,1.599,1.5990,2
10592,gA,1.759,1.759,1.759,1.7590,2
10593,g95e5,1.739,1.739,1.739,1.7390,3
10593,gA,1.919,1.919,1.919,1.9190,3
10593,gP,1.999,1.999,1.999,1.9990,3
10593,g98e5,1.879,1.879,1.879,1.8790,3
10598,gA,1.659,1.659,1.659,1.6590,3
10598,gP,1.689,1.689,1.689,1.6890,3
10598,g98e5,1.875,1.875,1.875,1.8750,3
10599,g95e5,1.789,1.789,1.789,1.7890,3
10599,gA,1.919,1.919,1.919,1.9190,3
10599,gP,1.949,1.949,1.949,1.9490,3
10599,g98e5,1.929,1.929,1.929,1.9290,3
10602,g95e5,1.799,1.779,1.799,1.7923,3
10602,gA,1.939,1.929,1.939,1.9357,3
10602,gP,2.029,2.019,2.029,2.0257,3
10602,g98e5,1.939,1.919,1.939,1.9323,3
10603,gA,1.919,1.909,1.919,1.9140,2
10603,gP,2.039,2.029,2.039,2.0340,2
10603,gB,1.639,1.629,1.639,1.6340,2
10605,gP,2.037,2.037,2.037,2.0370,2
10605,g98e5,1.967,1.967,1.967,1.9670,2
10608,g95e5,1.764,1.764,1.764,1.7640,4
10608,gA,1.974,1.954,1.974,1.9673,3
10608,gP,2.064,2.044,2.064,2.0573,3
10608,g95e5p,1.864,1.864,1.864,1.8640,4
10610,gA,1.974,1.974,1.974,1.9740,2
10610,gP,2.074,2.074,2.074,2.0740,2
10611,gA,1.974,1.974,1.974,1.9740,2
10611,gP,2.074,2.074,2.074,2.0740,2
10618,g95e5,1.669,1.669,1.699,1.6840,2
10618,gA,1.849,1.849,1.879,1.8640,2
10618,gP,1.899,1.899,1.929,1.9140,2
10618,g98e5,1.819,1.819,1.849,1.8340,2
10619,g95e5,1.729,1.729,1.729,1.7290,3
10619,gA,1.925,1.919,1.925,1.9230,3
10619,g95e5p,1.809,1.809,1.809,1.8090,3
10619,gB,1.684,1.679,1.684,1.6823,3
10627,gA,1.969,1.969,1.969,1.9690,2
10627,gP,2.069,2.069,2.069,2.0690,2
10631,g95e5,1.749,1.749,1.749,1.7490,2
10631,gA,1.849,1.849,1.849,1.8490,2
10633,g95e5,1.439,1.439,1.439,1.4390,4
10633,gA,1.559,1.549,1.559,1.5557,3
10635,gA,1.549,1.549,1.549,1.5490,2
10635,g98e5,1.559,1.559,1.559,1.5590,2
10636,g95e5,1.749,1.749,1.749,1.7490,2
10636,gA,1.909,1.909,1.909,1.9090,2
10636,gP,1.979,1.979,1.979,1.9790,2
10636,g98e5,1.869,1.869,1.869,1.8690,2
10637,g95e5,1.502,1.502,1.502,1.5020,3
10637,gA,1.646,1.646,1.646,1.6460,3
10637,g98e5,1.602,1.602,1.602,1.6020,3
10640,g95e5,1.775,1.775,1.775,1.7750,3
10640,gA,1.889,1.885,1.889,1.8877,3
10640,g98e5,1.895,1.895,1.895,1.8950,3
10647,g95e5,1.724,1.714,1.724,1.7165,4
10647,gA,1.864,1.854,1.864,1.8565,4
10647,gP,1.914,1.904,1.914,1.9065,4
10647,g98e5,1.864,1.854,1.864,1.8565,4
10652,g95e5,1.819,1.819,1.819,1.8190,3
10652,gA,1.909,1.909,1.919,1.9123,3
10652,gP,1.969,1.969,1.979,1.9723,3
10652,g98e5,1.979,1.979,1.979,1.9790,3
10653,g95e5,1.599,1.599,1.599,1.5990,3
10653,gA,1.769,1.759,1.769,1.7623,3
10653,gB,1.435,1.425,1.435,1.4283,3
10658,g95e5,1.545,1.545,1.550,1.5475,2
10658,gA,1.745,1.719,1.745,1.7305,4
10658,gP,1.775,1.755,1.775,1.7650,2
10658,g98e5,1.755,1.755,1.755,1.7550,2
10662,g95e5,1.729,1.729,1.729,1.7290,3
10662,gA,1.949,1.945,1.949,1.9477,3
10662,gP,2.009,2.005,2.009,2.0077,3
10662,g98e5,1.899,1.899,1.899,1.8990,3
10663,g95e5,1.815,1.815,1.815,1.8150,3
10663,g98e5,1.985,1.985,1.985,1.9850,3
10663,glp,1.105,1.105,1.105,1.1050,2
10664,g95e5,1.765,1.765,1.765,1.7650,3
10664,gA,1.959,1.955,1.959,1.9577,3
10664,gP,2.019,2.015,2.019,2.0177,3
10664,g98e5,1.885,1.885,1.885,1.8850,3
10664,glp,1.105,1.105,1.105,1.1050,2
10666,g95e5,1.799,1.799,1.799,1.7990,3
10666,gA,1.915,1.909,1.915,1.9130,3
10666,gP,2.025,2.019,2.025,2.0230,3
10666,g98e5,1.919,1.919,1.919,1.9190,3
10667,g95e5,1.579,1.579,1.579,1.5790,3
10667,gA,1.739,1.734,1.739,1.7373,3
10667,gP,1.789,1.784,1.789,1.7873,3
10667,g98e5,1.699,1.699,1.699,1.6990,3
10668,g95e5,1.769,1.765,1.769,1.7677,3
10668,g98e5,1.939,1.935,1.939,1.9377,3
10669,gA,1.765,1.765,1.765,1.7650,2
10670,g95e5,1.719,1.719,1.719,1.7190,3
10670,gA,1.859,1.859,1.859,1.8590,3
10670,gP,1.929,1.929,1.929,1.9290,3
10670,g98e5,1.869,1.869,1.869,1.8690,3
10672,gA,1.729,1.694,1.729,1.7107,3
10672,gP,1.749,1.714,1.749,1.7307,3
10672,gB,1.399,1.384,1.399,1.3890,3
10678,gA,1.845,1.845,1.845,1.8450,2
10679,g95e5,1.499,1.469,1.499,1.4890,3
10679,gA,1.669,1.669,1.669,1.6690,2
10680,g95e5,1.769,1.759,1.769,1.7623,3
10680,gA,1.879,1.859,1.879,1.8657,3
10681,g95e5,1.719,1.709,1.719,1.7140,3
10681,gA,1.849,1.839,1.849,1.8457,3
10682,g95e5,1.805,1.805,1.809,1.8063,3
10682,gA,1.909,1.909,1.909,1.9090,3
10682,g98e5,1.975,1.975,1.979,1.9763,3
10683,gA,1.879,1.859,1.879,1.8657,3
10683,gP,1.919,1.899,1.919,1.9057,3
10689,g95e5,1.507,1.479,1.507,1.4977,3
10689,gA,1.678,1.678,1.678,1.6780,2
10690,g95e5,1.759,1.759,1.759,1.7590,2
10690,gA,1.899,1.899,1.899,1.8990,2
10690,gB,1.469,1.469,1.469,1.4690,2
10691,g95e5,1.647,1.647,1.647,1.6470,2
10691,gA,1.797,1.797,1.797,1.7970,2
10691,gP,1.897,1.897,1.897,1.8970,2
10693,g95e5,1.689,1.689,1.689,1.6890,3
10693,gA,1.839,1.839,1.839,1.8390,3
10695,g95e5,1.769,1.769,1.769,1.7690,3
10695,gA,1.869,1.869,1.869,1.8690,3
10695,g98e5,1.909,1.909,1.909,1.9090,3
10701,gA,1.909,1.905,1.909,1.9077,3
10705,gB,1.390,1.390,1.390,1.3900,2
10710,g95e5,1.805,1.799,1.805,1.8030,3
10710,gA,1.889,1.879,1.889,1.8857,3
10710,gP,1.979,1.969,1.979,1.9757,3
10710,g98e5,1.945,1.939,1.945,1.9430,3
10711,gA,1.725,1.725,1.725,1.7250,3
10716,g95e5,1.585,1.573,1.585,1.5790,2
10716,gA,1.709,1.709,1.709,1.7090,2
10716,gP,1.769,1.769,1.769,1.7690,2
10716,g98e5,1.785,1.773,1.785,1.7790,2
10717,g95e5,1.699,1.699,1.699,1.6990,3
10717,gA,1.859,1.859,1.859,1.8590,3
10719,gA,1.898,1.878,1.898,1.8880,3
10719,gP,2.028,2.018,2.028,2.0247,3
10720,g95e5,1.795,1.795,1.795,1.7950,3
10720,gA,1.949,1.945,1.949,1.9477,3
10720,g98e5,1.915,1.915,1.915,1.9150,3
10725,gA,1.569,1.569,1.569,1.5690,3
10725,gP,1.639,1.639,1.639,1.6390,3
10727,g95e5,1.699,1.699,1.699,1.6990,2
10727,gA,1.819,1.799,1.819,1.8123,3
10727,g98e5,1.809,1.809,1.809,1.8090,2
10728,g95e5,1.795,1.795,1.795,1.7950,2
10728,gA,1.899,1.889,1.899,1.8957,3
10728,gP,1.989,1.979,1.989,1.9857,3
10728,g98e5,1.935,1.935,1.935,1.9350,2
10733,g95e5,1.729,1.729,1.729,1.7290,3
10733,gA,1.929,1.929,1.929,1.9290,3
10734,g95e5,1.629,1.619,1.629,1.6240,2
10734,gA,1.799,1.789,1.799,1.7940,2
10735,g95e5,1.629,1.619,1.629,1.6240,2
10735,gA,1.809,1.789,1.809,1.7990,2
10736,g95e5,1.619,1.599,1.619,1.6090,2
10736,gA,1.749,1.739,1.749,1.7440,2
10740,g95e5,1.794,1.794,1.794,1.7940,3
10740,gA,1.974,1.954,1.974,1.9640,4
10740,gP,2.074,2.054,2.074,2.0640,4
10740,g95e5p,1.894,1.894,1.894,1.8940,3
10744,g95e5,1.459,1.459,1.459,1.4590,3
10744,gA,1.519,1.519,1.519,1.5190,3
10744,g98e5,1.579,1.579,1.579,1.5790,3
10748,gA,1.959,1.949,1.959,1.9557,3
10748,gP,2.049,2.039,2.049,2.0457,3
10752,g95e5,1.659,1.659,1.659,1.6590,2
10752,gA,1.789,1.789,1.789,1.7890,2
10752,g98e5,1.789,1.789,1.789,1.7890,2
10752,bio,1.759,1.759,1.759,1.7590,2
10753,gA,1.779,1.769,1.779,1.7740,2
10753,gP,1.789,1.779,1.789,1.7840,2
10757,g95e5,1.785,1.785,1.785,1.7850,3
10757,gA,1.999,1.995,1.999,1.9977,3
10757,gP,2.059,2.055,2.059,2.0577,3
10757,g98e5,1.905,1.905,1.905,1.9050,3
10757,glp,1.185,1.185,1.185,1.1850,2
10758,g95e5,1.739,1.729,1.739,1.7340,2
10759,g95e5,1.769,1.759,1.769,1.7640,2
10759,gA,1.899,1.879,1.899,1.8890,2
10759,gP,1.939,1.919,1.939,1.9290,2
10759,g98e5,1.929,1.929,1.929,1.9290,2
10765,g95e5,1.759,1.749,1.759,1.7557,3
10765,gA,1.879,1.879,1.879,1.8790,3
10765,gP,1.919,1.919,1.919,1.9190,3
10765,g98e5,1.889,1.889,1.889,1.8890,2
10767,g95e5,1.769,1.759,1.769,1.7657,3
10767,gA,1.879,1.859,1.879,1.8690,3
10767,gP,1.919,1.899,1.919,1.9090,3
10767,g98e5,1.889,1.889,1.889,1.8890,2
10768,g95e5,1.779,1.779,1.779,1.7790,2
10768,gA,1.899,1.899,1.899,1.8990,2
10768,gP,1.939,1.939,1.939,1.9390,2
10768,g98e5,1.919,1.919,1.919,1.9190,3
10771,g95e5,1.769,1.769,1.769,1.7690,3
10771,gA,1.919,1.889,1.919,1.9023,3
10771,gP,1.959,1.929,1.959,1.9423,3
10772,g95e5,1.759,1.759,1.769,1.7657,3
10772,gA,1.909,1.899,1.909,1.9040,2
10772,gP,1.949,1.939,1.949,1.9440,2
10772,g98e5,1.909,1.909,1.909,1.9090,3
10773,g95e5,1.709,1.699,1.709,1.7057,3
10773,gA,1.919,1.899,1.919,1.9123,3
10773,gP,1.959,1.939,1.959,1.9523,3
10773,g98e5,1.889,1.889,1.889,1.8890,2
10774,g95e5,1.789,1.759,1.789,1.7790,3
10774,g98e5,1.879,1.879,1.879,1.8790,2
10775,g95e5,1.729,1.729,1.779,1.7457,3
10775,gA,1.849,1.829,1.849,1.8390,3
10775,gP,1.889,1.869,1.889,1.8790,3
10775,g98e5,1.949,1.949,1.949,1.9490,2
10776,gA,1.953,1.930,1.953,1.9453,3
10777,g95e5,1.629,1.629,1.629,1.6290,2
10777,gA,1.749,1.749,1.749,1.7490,2
10777,gP,1.789,1.789,1.789,1.7890,2
10779,g95e5,1.470,1.470,1.470,1.4700,3
10779,gA,1.550,1.550,1.550,1.5500,3
10779,gP,1.650,1.650,1.650,1.6500,3
10779,g98e5,1.574,1.574,1.574,1.5740,3
10813,gA,1.749,1.749,1.749,1.7490,2
10813,gB,1.379,1.379,1.379,1.3790,2
10815,gA,1.959,1.959,1.959,1.9590,2
10815,gP,2.061,2.061,2.061,2.0610,2
10816,g95e5,1.799,1.799,1.799,1.7990,3
10816,gA,1.959,1.959,1.959,1.9590,3
10816,gP,2.019,2.019,2.019,2.0190,3
10817,gA,1.939,1.929,1.939,1.9323,3
10823,g95e5,1.774,1.769,1.779,1.7728,4
10823,gA,1.959,1.949,1.959,1.9540,4
10823,gP,2.049,2.039,2.049,2.0440,4
10823,gB,1.599,1.579,1.599,1.5865,4
10828,g95e5,1.699,1.699,1.717,1.7110,3
10828,gA,1.847,1.847,1.847,1.8470,3
10828,gP,1.927,1.927,1.927,1.9270,3
10828,g98e5,1.839,1.839,1.857,1.8510,3
10829,g95e5,1.749,1.739,1.749,1.7457,3
10829,gA,1.909,1.909,1.909,1.9090,2
10829,gP,1.999,1.999,1.999,1.9990,2
10829,g98e5,1.889,1.879,1.889,1.8857,3
10830,g95e5,1.759,1.759,1.759,1.7590,3
10830,gA,1.969,1.965,1.969,1.9677,3
10830,gP,2.029,2.025,2.029,2.0277,3
10836,g95e5,1.795,1.795,1.795,1.7950,3
10836,gA,1.935,1.925,1.935,1.9317,3
10836,gP,2.045,2.035,2.045,2.0417,3
10836,g98e5,1.965,1.965,1.965,1.9650,3
10837,g95e5,1.795,1.795,1.795,1.7950,3
10837,gA,1.935,1.925,1.935,1.9317,3
10837,gP,2.045,2.035,2.045,2.0417,3
10837,g98e5,1.965,1.965,1.965,1.9650,3
10839,g95e5,1.829,1.809,1.829,1.8190,3
10839,gA,1.969,1.949,1.969,1.9557,3
10839,gP,2.069,2.029,2.069,2.0490,3
10839,g98e5,1.959,1.939,1.959,1.9523,3
10841,g95e5,1.739,1.739,1.739,1.7390,3
10841,gA,1.799,1.799,1.799,1.7990,3
10842,gA,1.589,1.589,1.589,1.5890,3
10843,g95e5,1.659,1.659,1.659,1.6590,3
10843,gA,1.929,1.925,1.929,1.9277,3
10843,gP,1.989,1.985,1.989,1.9877,3
10843,g98e5,1.799,1.799,1.799,1.7990,3
10844,gA,1.869,1.849,1.869,1.8557,3
10844,gP,1.949,1.929,1.949,1.9357,3
10847,gA,1.909,1.909,1.909,1.9090,2
10847,gP,1.999,1.999,1.999,1.9990,2
10848,g95e5,1.739,1.739,1.739,1.7390,2
10848,gA,1.829,1.829,1.829,1.8290,2
10848,gP,1.887,1.887,1.887,1.8870,2
10848,g98e5,1.739,1.739,1.739,1.7390,2
10849,g98e5,1.909,1.909,1.909,1.9090,2
10851,g95e5,1.594,1.594,1.594,1.5940,3
10851,gP,1.724,1.724,1.724,1.7240,3
10851,g98e5,1.689,1.689,1.689,1.6890,3
10854,gA,1.759,1.759,1.759,1.7590,3
10854,gB,1.309,1.309,1.309,1.3090,3
10855,g95e5,1.765,1.765,1.765,1.7650,3
10855,gA,1.969,1.965,1.969,1.9677,3
10855,gP,2.049,2.045,2.049,2.0477,3
10855,g98e5,1.895,1.895,1.895,1.8950,3
10856,g95e5,1.769,1.769,1.769,1.7690,2
10856,gA,1.949,1.949,1.955,1.9520,2
10856,gP,2.009,2.009,2.015,2.0120,2
10856,g98e5,1.939,1.939,1.939,1.9390,2
10857,g95e5,1.719,1.719,1.719,1.7190,2
10857,gA,1.846,1.846,1.846,1.8460,2
10858,g95e5,1.609,1.579,1.609,1.5957,3
10858,gA,1.709,1.649,1.709,1.6790,3
10858,gP,1.729,1.669,1.729,1.6990,3
10860,g95e5,1.765,1.759,1.765,1.7630,3
10860,gA,1.909,1.905,1.909,1.9077,3
10860,g98e5,1.885,1.879,1.885,1.8830,3
10860,glp,1.195,1.195,1.195,1.1950,2
10861,g95e5,1.849,1.849,1.849,1.8490,3
10861,gA,1.949,1.949,1.959,1.9515,4
10861,gP,2.009,2.009,2.019,2.0123,3
10861,g98e5,1.969,1.969,1.969,1.9690,3
10861,glp,1.129,1.129,1.129,1.1290,2
10861,gB,1.744,1.739,1.744,1.7423,3
10862,g95e5,1.809,1.809,1.809,1.8090,3
10862,gA,1.925,1.915,1.925,1.9217,3
10862,gP,1.985,1.975,1.985,1.9817,3
10862,g98e5,1.929,1.929,1.929,1.9290,3
10863,g95e5,1.815,1.805,1.815,1.8125,4
10863,gA,1.959,1.955,1.959,1.9577,3
10863,gP,2.019,2.015,2.019,2.0177,3
10863,g98e5,1.935,1.935,1.935,1.9350,3
10864,g95e5,1.785,1.785,1.785,1.7850,3
10864,gA,1.885,1.885,1.895,1.8883,3
10864,gP,1.955,1.955,1.965,1.9583,3
10864,g98e5,1.905,1.905,1.905,1.9050,3
10864,gB,1.620,1.615,1.620,1.6183,3
10865,g95e5,1.809,1.809,1.809,1.8090,3
10865,gA,1.889,1.889,1.889,1.8890,3
10865,gP,1.959,1.959,1.959,1.9590,3
10865,g98e5,1.929,1.929,1.929,1.9290,3
10867,g95e5,1.755,1.755,1.755,1.7550,3
10867,gA,1.959,1.945,1.959,1.9543,3
10867,g98e5,1.875,1.875,1.875,1.8750,3
10867,g95e5p,1.815,1.815,1.815,1.8150,3
10868,g95e5,1.805,1.795,1.809,1.8035,4
10868,gA,1.949,1.929,1.949,1.9430,4
10868,g98e5,1.925,1.925,1.929,1.9263,3
10868,glp,1.135,1.135,1.135,1.1350,2
10869,g95e5,1.805,1.805,1.805,1.8050,3
10869,gA,1.949,1.945,1.949,1.9477,3
10869,g98e5,1.975,1.975,1.975,1.9750,3
10870,g95e5,1.805,1.805,1.805,1.8050,3
10870,gA,1.949,1.945,1.949,1.9477,3
10870,g98e5,1.975,1.975,1.975,1.9750,3
10872,g95e5,1.805,1.805,1.805,1.8050,3
10872,gA,1.909,1.899,1.909,1.9055,4
10872,g98e5,1.975,1.975,1.975,1.9750,3
10873,g95e5,1.809,1.799,1.809,1.8065,4
10873,gA,1.895,1.889,1.895,1.8930,3
10873,gP,1.955,1.949,1.955,1.9530,3
10873,g98e5,1.979,1.979,1.979,1.9790,3
10874,g95e5,1.799,1.789,1.799,1.7965,4
10874,gA,1.899,1.879,1.899,1.8923,3
10874,gP,1.959,1.939,1.959,1.9523,3
10874,g98e5,1.969,1.969,1.969,1.9690,3
10875,g95e5,1.819,1.819,1.819,1.8190,3
10875,gA,1.915,1.915,1.915,1.9150,3
10875,g98e5,1.939,1.939,1.939,1.9390,3
10875,glp,1.159,1.159,1.159,1.1590,2
10876,g95e5,1.789,1.789,1.789,1.7890,3
10876,gA,1.955,1.949,1.955,1.9530,3
10876,g98e5,1.959,1.959,1.959,1.9590,3
10876,g95e5p,1.859,1.859,1.859,1.8590,3
10876,gB,1.710,1.705,1.710,1.7083,3
10877,g95e5,1.735,1.725,1.735,1.7325,4
10877,gA,1.925,1.905,1.925,1.9160,4
10877,g98e5,1.905,1.905,1.905,1.9050,3
10877,glp,1.165,1.165,1.165,1.1650,2
10878,g95e5,1.735,1.735,1.735,1.7350,3
10878,gA,1.925,1.909,1.925,1.9197,3
10878,g98e5,1.905,1.905,1.905,1.9050,3
10879,g95e5,1.775,1.769,1.775,1.7735,4
10879,gA,1.889,1.889,1.889,1.8890,2
10879,gP,1.949,1.949,1.949,1.9490,2
10879,g98e5,1.905,1.905,1.905,1.9050,3
10879,gB,1.614,1.609,1.614,1.6123,3
10880,g95e5,1.759,1.749,1.759,1.7565,4
10880,gA,1.979,1.959,1.979,1.9730,4
10880,g98e5,1.889,1.889,1.889,1.8890,3
10880,glp,1.189,1.189,1.189,1.1890,2
10880,gB,1.600,1.595,1.600,1.5983,3
10881,g95e5,1.779,1.779,1.779,1.7790,3
10881,gA,1.929,1.915,1.929,1.9243,3
10881,gP,2.039,2.025,2.039,2.0343,3
10881,g98e5,1.899,1.899,1.899,1.8990,3
10882,g95e5,1.825,1.819,1.825,1.8230,3
10882,gA,1.949,1.945,1.949,1.9477,3
10882,g98e5,1.985,1.979,1.985,1.9830,3
10883,g95e5,1.805,1.805,1.805,1.8050,3
10883,gA,1.955,1.949,1.955,1.9530,3
10883,gP,2.015,2.009,2.015,2.0130,3
10883,g98e5,1.925,1.925,1.925,1.9250,3
10884,g95e5,1.769,1.769,1.769,1.7690,3
10884,gA,1.979,1.975,1.979,1.9777,3
10884,g98e5,1.939,1.939,1.939,1.9390,3
10885,g95e5,1.799,1.799,1.799,1.7990,4
10885,gA,1.959,1.939,1.959,1.9490,4
10885,gP,2.054,2.034,2.054,2.0440,4
10885,g95e5p,1.864,1.864,1.864,1.8640,4
10886,g95e5,1.795,1.795,1.795,1.7950,3
10886,gA,1.949,1.935,1.949,1.9443,3
10886,g98e5,1.915,1.915,1.915,1.9150,3
10887,g95e5,1.795,1.795,1.795,1.7950,3
10887,gA,1.945,1.935,1.945,1.9417,3
10887,g98e5,1.915,1.915,1.915,1.9150,3
10888,g95e5,1.809,1.799,1.809,1.8065,4
10888,gA,1.939,1.939,1.939,1.9390,3
10888,g98e5,1.929,1.929,1.929,1.9290,3
10888,glp,1.105,1.105,1.105,1.1050,2
10889,g95e5,1.815,1.805,1.815,1.8125,4
10889,gA,1.949,1.935,1.949,1.9430,4
10889,g98e5,1.935,1.935,1.935,1.9350,3
10890,g95e5,1.819,1.809,1.819,1.8165,4
10890,gA,1.955,1.939,1.955,1.9485,4
10890,g98e5,1.939,1.939,1.939,1.9390,3
10890,g95e5p,1.899,1.899,1.899,1.8990,3
10891,g95e5,1.789,1.789,1.805,1.7945,4
10891,gA,1.929,1.919,1.929,1.9257,3
10891,g98e5,1.909,1.909,1.915,1.9110,3
10891,gB,1.750,1.745,1.750,1.7483,3
10892,g95e5,1.805,1.805,1.805,1.8050,3
10892,gA,1.949,1.945,1.949,1.9477,3
10892,g98e5,1.925,1.925,1.925,1.9250,3
10896,g95e5,1.819,1.819,1.819,1.8190,3
10896,gA,1.959,1.949,1.959,1.9523,3
10896,bio,1.949,1.939,1.949,1.9423,3
10899,gA,1.938,1.928,1.938,1.9313,3
10899,gP,1.988,1.968,1.988,1.9747,3
10902,g95e5,1.689,1.689,1.699,1.6940,2
10902,gA,1.929,1.929,1.949,1.9357,3
10902,gP,1.959,1.959,1.979,1.9657,3
10902,gB,1.619,1.619,1.619,1.6190,2
10904,gA,1.697,1.679,1.697,1.6880,2
10905,gA,1.558,1.558,1.558,1.5580,3
10905,gP,1.678,1.678,1.678,1.6780,3
10910,gA,1.708,1.708,1.708,1.7080,2
10910,gP,1.752,1.752,1.764,1.7560,3
10910,gB,1.382,1.382,1.382,1.3820,2
10912,g95e5,1.785,1.785,1.785,1.7850,3
10912,gA,1.939,1.935,1.939,1.9377,3
10912,gP,1.999,1.995,1.999,1.9977,3
10912,g98e5,1.905,1.905,1.905,1.9050,3
10912,glp,1.145,1.145,1.145,1.1450,2
10914,g95e5,1.819,1.819,1.819,1.8190,2
10914,gA,1.939,1.919,1.939,1.9290,2
10916,g95e5,1.759,1.749,1.759,1.7557,3
10916,gA,1.919,1.909,1.919,1.9157,3
10916,gP,1.989,1.979,1.989,1.9843,3
10917,gA,1.828,1.818,1.828,1.8205,4
10923,g95e5,1.745,1.745,1.745,1.7450,3
10923,gA,1.915,1.909,1.915,1.9130,3
10923,gP,2.025,2.019,2.025,2.0230,3
10923,g98e5,1.915,1.915,1.915,1.9150,3
10924,gA,1.499,1.499,1.569,1.5423,3
10924,gP,1.595,1.595,1.665,1.6383,3
10925,gA,1.708,1.708,1.708,1.7080,2
10926,gA,1.708,1.708,1.708,1.7080,2
10936,gA,1.874,1.874,1.874,1.8740,3
10937,gA,1.959,1.959,1.959,1.9590,2
10937,gB,1.659,1.659,1.659,1.6590,2
10938,g95e5,1.599,1.599,1.599,1.5990,3
10938,gA,1.769,1.759,1.769,1.7623,3
10938,gB,1.435,1.425,1.435,1.4283,3
10940,g95e5,1.805,1.799,1.805,1.8030,3
10940,gA,1.889,1.879,1.889,1.8857,3
10940,gP,1.979,1.969,1.979,1.9757,3
10940,g98e5,1.945,1.939,1.945,1.9430,3
10941,g95e5,1.805,1.799,1.805,1.8030,3
10941,gA,1.889,1.879,1.889,1.8857,3
10941,gP,1.979,1.969,1.979,1.9757,3
10941,g98e5,1.945,1.939,1.945,1.9430,3
10945,gA,1.934,1.914,1.934,1.9207,3
10945,gP,2.014,1.994,2.014,2.0007,3
10946,g95e5,1.734,1.734,1.734,1.7340,3
10946,gA,1.874,1.874,1.874,1.8740,3
10946,gP,1.964,1.964,1.964,1.9640,3
10946,g98e5,1.844,1.844,1.844,1.8440,3
10947,gA,1.964,1.964,1.964,1.9640,2
10947,gP,2.084,2.084,2.084,2.0840,2
10948,g95e5,1.844,1.844,1.844,1.8440,3
10948,gA,2.019,2.019,2.019,2.0190,3
10948,gP,2.104,2.104,2.104,2.1040,3
10948,g98e5,1.974,1.974,1.974,1.9740,3
10949,g95e5,1.814,1.814,1.814,1.8140,3
10949,gA,1.994,1.994,1.994,1.9940,3
10949,gP,2.094,2.094,2.094,2.0940,3
10949,g98e5,1.974,1.974,1.974,1.9740,3
10964,g95e5,1.750,1.750,1.750,1.7500,3
10964,gA,1.850,1.850,1.850,1.8500,3
10964,gB,1.399,1.399,1.399,1.3990,3
10966,g95e5,1.749,1.749,1.749,1.7490,2
10966,gA,1.969,1.949,1.969,1.9623,3
10966,g98e5,1.889,1.889,1.889,1.8890,2
10968,gA,1.889,1.889,1.889,1.8890,3
10968,gP,1.981,1.981,1.981,1.9810,3
10970,g95e5,1.415,1.378,1.415,1.3970,3
10970,gA,1.478,1.458,1.478,1.4713,3
10970,g98e5,1.519,1.457,1.519,1.4777,3
10972,gA,1.829,1.829,1.829,1.8290,2
10972,gP,1.849,1.849,1.849,1.8490,2
10972,g98e5,1.779,1.779,1.779,1.7790,2
10972,gB,1.559,1.559,1.559,1.5590,2
10974,g95e5,1.789,1.779,1.789,1.7865,4
10974,gA,1.925,1.925,1.925,1.9250,3
10974,g98e5,1.909,1.909,1.909,1.9090,3
10974,glp,1.149,1.149,1.149,1.1490,2
10976,g95e5,1.804,1.804,1.804,1.8040,4
10976,gA,1.904,1.884,1.904,1.8940,4
10976,gP,2.024,2.004,2.024,2.0140,4
10976,gB,1.784,1.784,1.784,1.7840,2
10979,g95e5,1.759,1.759,1.759,1.7590,2
10979,gA,1.929,1.929,1.929,1.9290,2
10979,gP,2.019,2.019,2.019,2.0190,2
10979,g98e5,1.898,1.898,1.898,1.8980,2
10981,g95e5,1.814,1.814,1.814,1.8140,3
10981,gA,1.974,1.974,1.974,1.9740,3
10981,gP,2.074,2.074,2.074,2.0740,3
10981,g98e5,1.934,1.934,1.934,1.9340,3
10982,g95e5,1.784,1.784,1.784,1.7840,4
10982,gA,1.964,1.944,1.964,1.9540,4
10982,gP,2.064,2.044,2.064,2.0540,4
10982,g95e5p,1.884,1.884,1.884,1.8840,4
10987,g95e5,1.699,1.699,1.699,1.6990,3
10987,gA,1.789,1.789,1.789,1.7890,3
10991,g95e5,1.729,1.729,1.729,1.7290,3
10991,gA,1.899,1.885,1.899,1.8943,3
10991,g98e5,1.899,1.899,1.899,1.8990,3
10991,gB,1.644,1.639,1.644,1.6423,3
10992,g95e5,1.745,1.745,1.745,1.7450,3
10992,gA,1.899,1.895,1.899,1.8977,3
10992,g98e5,1.915,1.915,1.915,1.9150,3
10992,glp,1.169,1.169,1.169,1.1690,2
10992,gB,1.644,1.639,1.644,1.6423,3
10994,g95e5,1.759,1.759,1.759,1.7590,3
10994,gA,1.979,1.975,1.979,1.9777,3
10995,gA,1.609,1.599,1.609,1.6057,3
10995,gP,1.739,1.729,1.739,1.7357,3
11009,g95e5,1.589,1.589,1.589,1.5890,3
11009,gA,1.689,1.689,1.689,1.6890,3
11009,gP,1.699,1.699,1.699,1.6990,3
11009,g98e5,1.639,1.639,1.639,1.6390,3
11010,g95e5,1.794,1.794,1.794,1.7940,4
11010,gA,1.954,1.934,1.954,1.9440,4
11010,gP,2.074,2.054,2.074,2.0640,4
11011,g95e5,1.679,1.679,1.679,1.6790,2
11011,gA,1.759,1.759,1.759,1.7590,2
11011,gP,1.779,1.779,1.779,1.7790,2
11012,g95e5,1.745,1.745,1.745,1.7450,3
11012,gA,1.935,1.935,1.935,1.9350,3
11012,gP,2.015,2.015,2.015,2.0150,3
11012,g98e5,1.915,1.915,1.915,1.9150,3
11012,g95e5p,1.805,1.805,1.805,1.8050,3
11013,g95e5,1.739,1.739,1.749,1.7423,3
11013,gA,1.949,1.939,1.949,1.9457,3
11013,gP,2.009,1.999,2.009,2.0057,3
11013,g98e5,1.909,1.909,1.919,1.9123,3
11016,g95e5,1.744,1.744,1.744,1.7440,4
11016,gA,1.914,1.894,1.914,1.9073,3
11016,gP,1.994,1.974,1.994,1.9873,3
11016,gB,1.734,1.734,1.734,1.7340,2
11017,gA,1.859,1.849,1.859,1.8523,3
11017,gB,1.539,1.529,1.539,1.5323,3
11020,g95e5,1.679,1.679,1.679,1.6790,3
11020,gA,1.769,1.769,1.769,1.7690,3
11020,gP,1.779,1.779,1.779,1.7790,3
11021,g95e5,1.785,1.785,1.785,1.7850,3
11021,gA,1.955,1.949,1.955,1.9530,3
11021,gP,2.045,2.039,2.045,2.0430,3
11021,g98e5,1.955,1.955,1.955,1.9550,3
11022,gA,1.717,1.697,1.717,1.7070,4
11022,gB,1.353,1.353,1.353,1.3530,4
11025,g95e5,1.799,1.799,1.799,1.7990,2
11025,gA,1.959,1.939,1.959,1.9490,4
11025,gP,2.054,2.034,2.054,2.0440,4
11025,g95e5p,1.864,1.864,1.864,1.8640,2
11026,g95e5,1.739,1.739,1.739,1.7390,3
11026,gA,1.965,1.955,1.965,1.9617,3
11026,g98e5,1.909,1.909,1.909,1.9090,3
11026,gB,1.620,1.615,1.620,1.6183,3
11027,g95e5,1.759,1.755,1.759,1.7577,3
11027,gA,1.905,1.879,1.905,1.8963,3
11027,gP,1.995,1.969,1.995,1.9863,3
11027,g98e5,1.899,1.895,1.899,1.8977,3
11029,g95e5,1.649,1.639,1.649,1.6457,3
11029,gA,1.689,1.669,1.689,1.6790,3
11029,gP,1.729,1.699,1.729,1.7123,3
11030,gA,1.919,1.919,1.919,1.9190,2
11030,gP,1.979,1.979,1.979,1.9790,2
11031,g95e5,1.765,1.759,1.765,1.7610,3
11031,gA,1.945,1.935,1.945,1.9397,3
11031,gP,2.035,2.029,2.035,2.0310,3
11031,g98e5,1.905,1.899,1.905,1.9010,3
11033,g95e5,1.745,1.745,1.745,1.7450,3
11033,gA,1.939,1.935,1.939,1.9377,3
11033,g98e5,1.915,1.915,1.915,1.9150,3
11034,g95e5,1.785,1.785,1.785,1.7850,2
11034,gA,1.955,1.955,1.955,1.9550,2
11035,gA,1.939,1.939,1.939,1.9390,2
11035,g98e5,1.929,1.929,1.929,1.9290,2
11036,g95e5,1.499,1.499,1.499,1.4990,2
11036,gA,1.669,1.669,1.669,1.6690,2
11037,g95e5,1.749,1.739,1.749,1.7440,2
11037,gA,1.899,1.889,1.899,1.8923,3
11037,gP,1.939,1.929,1.939,1.9323,3
11037,g98e5,1.869,1.849,1.869,1.8590,3
11038,g95e5,1.829,1.819,1.829,1.8223,3
11038,gA,1.975,1.959,1.975,1.9643,3
11038,g98e5,1.999,1.989,1.999,1.9923,3
11039,gA,1.919,1.919,1.919,1.9190,2
11041,g95e5,1.635,1.635,1.635,1.6350,3
11041,gA,1.775,1.775,1.775,1.7750,3
11042,g95e5,1.657,1.657,1.657,1.6570,3
11042,gA,1.798,1.798,1.798,1.7980,3
11042,g98e5,1.789,1.789,1.789,1.7890,3
11043,gA,1.717,1.697,1.717,1.7070,4
11043,gB,1.353,1.353,1.353,1.3530,4
11048,gA,1.995,1.995,1.995,1.9950,2
11048,gP,2.075,2.075,2.075,2.0750,2
11049,g95e5,1.695,1.686,1.695,1.6917,3
11049,gA,1.847,1.836,1.847,1.8417,3
11054,gA,2.025,2.025,2.025,2.0250,2
11054,gP,2.125,2.125,2.125,2.1250,2
11054,g98e5,2.005,2.005,2.005,2.0050,2
11055,g95e5,1.679,1.659,1.679,1.6690,2
11055,gA,1.839,1.799,1.839,1.8190,2
11055,gP,1.899,1.859,1.899,1.8790,2
11057,g95e5,1.513,1.485,1.513,1.5037,3
11057,gA,1.683,1.683,1.683,1.6830,2
11058,g95e5,1.814,1.814,1.814,1.8140,4
11058,gA,1.924,1.904,1.924,1.9140,4
11058,gP,2.024,2.004,2.024,2.0140,4
11058,g95e5p,1.924,1.924,1.924,1.9240,4
11060,gA,1.909,1.909,1.909,1.9090,3
11060,glp,1.149,1.149,1.149,1.1490,3
11063,g98e5,1.829,1.829,1.829,1.8290,2
11077,gA,1.889,1.889,1.889,1.8890,3
11077,g98e5,1.915,1.915,1.915,1.9150,3
11080,g95e5,1.809,1.805,1.809,1.8077,3
11080,gA,1.889,1.889,1.889,1.8890,2
11080,gP,1.999,1.999,1.999,1.9990,2
11080,g98e5,1.929,1.925,1.929,1.9277,3
11081,g95e5,1.629,1.629,1.629,1.6290,3
11081,gA,1.779,1.779,1.779,1.7790,2
11081,gP,1.819,1.819,1.819,1.8190,2
11083,g95e5,1.799,1.799,1.799,1.7990,2
11083,gA,1.939,1.939,1.939,1.9390,2
11083,gP,1.989,1.989,1.989,1.9890,2
11083,g98e5,1.949,1.949,1.949,1.9490,2
11083,gB,1.539,1.539,1.539,1.5390,2
11084,g95e5,1.809,1.805,1.815,1.8095,4
11084,gA,1.959,1.939,1.959,1.9530,4
11084,gP,2.019,2.015,2.019,2.0177,3
11084,g98e5,1.929,1.929,1.935,1.9310,3
11084,glp,1.185,1.185,1.185,1.1850,2
11085,g95e5,1.649,1.649,1.659,1.6523,3
11085,gA,1.729,1.709,1.729,1.7190,3
11087,g95e5,1.785,1.775,1.785,1.7825,4
11087,gA,1.965,1.959,1.965,1.9630,3
11087,gP,2.045,2.039,2.045,2.0430,3
11087,g98e5,1.905,1.905,1.905,1.9050,3
11087,glp,1.205,1.205,1.205,1.2050,2
11088,g95e5,1.765,1.765,1.765,1.7650,3
11088,gA,1.899,1.895,1.899,1.8977,3
11088,g98e5,1.885,1.885,1.885,1.8850,3
11090,g95e5,1.538,1.538,1.538,1.5380,3
11090,gA,1.728,1.728,1.728,1.7280,3
11097,g95e5,1.795,1.795,1.795,1.7950,3
11097,g98e5,1.965,1.965,1.965,1.9650,3
11097,gB,1.740,1.735,1.740,1.7383,3
11100,gA,1.663,1.655,1.663,1.6577,3
11100,gB,1.341,1.329,1.341,1.3330,3
11101,g95e5,1.749,1.749,1.749,1.7490,3
11101,g98e5,1.849,1.849,1.849,1.8490,3
11103,g95e5,1.729,1.729,1.729,1.7290,3
11107,g95e5,1.799,1.799,1.819,1.8057,3
11107,gA,1.939,1.929,1.939,1.9357,3
11107,gP,1.989,1.979,1.989,1.9857,3
11107,g98e5,1.909,1.909,1.929,1.9157,3
11107,gB,1.759,1.759,1.759,1.7590,3
11109,gA,1.889,1.879,1.889,1.8840,2
11110,g95e5,1.629,1.629,1.629,1.6290,3
11111,g95e5,1.599,1.599,1.599,1.5990,3
11111,gA,1.709,1.709,1.709,1.7090,3
11115,g95e5,1.739,1.739,1.739,1.7390,3
11115,gA,1.889,1.889,1.889,1.8890,3
11115,gB,1.639,1.639,1.639,1.6390,3
11117,g95e5,1.739,1.739,1.739,1.7390,2
11117,gA,1.899,1.879,1.899,1.8890,2
11117,gP,1.939,1.919,1.939,1.9290,2
11117,g98e5,1.999,1.999,1.999,1.9990,2
11118,g95e5,1.779,1.779,1.779,1.7790,2
11118,gA,1.879,1.869,1.879,1.8740,2
11118,gP,1.919,1.909,1.919,1.9140,2
11118,g98e5,1.949,1.949,1.949,1.9490,2
11121,g95e5,1.759,1.759,1.759,1.7590,2
11121,gA,1.949,1.945,1.949,1.9470,2
11121,g98e5,1.929,1.925,1.929,1.9277,3
11122,gA,1.650,1.650,1.650,1.6500,3
11123,gA,1.909,1.909,1.909,1.9090,3
11123,gP,1.969,1.969,1.969,1.9690,3
11126,g95e5,1.839,1.819,1.839,1.8323,3
11126,gA,1.945,1.939,1.945,1.9430,3
11126,gP,2.035,2.035,2.035,2.0350,2
11126,g98e5,1.969,1.949,1.969,1.9623,3
11127,gA,1.905,1.885,1.905,1.8983,3
11127,gP,1.995,1.975,1.995,1.9883,3
11129,g95e5,1.775,1.767,1.775,1.7723,3
11129,gA,1.901,1.881,1.901,1.8943,3
11129,gP,1.999,1.999,1.999,1.9990,2
11129,g98e5,1.869,1.869,1.869,1.8690,2
11130,gB,1.746,1.746,1.746,1.7460,2
11131,gA,2.014,2.014,2.014,2.0140,2
11131,gB,1.747,1.747,1.747,1.7470,2
11133,g95e5,1.739,1.739,1.739,1.7390,2
11133,gA,1.929,1.929,1.929,1.9290,2
11133,gP,1.929,1.929,1.929,1.9290,2
11133,g98e5,1.849,1.849,1.849,1.8490,2
11136,g95e5,1.789,1.789,1.789,1.7890,2
11136,gA,1.909,1.909,1.909,1.9090,2
11137,g95e5,1.799,1.799,1.799,1.7990,3
11137,gA,1.959,1.939,1.959,1.9490,4
11137,gP,2.054,2.034,2.054,2.0440,4
11137,g95e5p,1.864,1.864,1.864,1.8640,3
11138,g95e5,1.834,1.834,1.834,1.8340,4
11138,gA,1.954,1.934,1.954,1.9440,4
11138,gP,2.044,2.024,2.044,2.0340,4
11138,g95e5p,1.924,1.924,1.924,1.9240,4
11140,gA,1.949,1.949,1.949,1.9490,2
11140,gP,2.029,2.029,2.029,2.0290,2
11141,gA,1.930,1.930,1.930,1.9300,3
11142,gA,2.016,2.016,2.016,2.0160,2
11144,g95e5,1.619,1.619,1.619,1.6190,2
11146,g95e5,1.759,1.759,1.759,1.7590,2
11146,gA,1.879,1.879,1.879,1.8790,2
11149,g95e5,1.799,1.799,1.799,1.7990,3
11149,gA,1.899,1.899,1.899,1.8990,3
11149,gP,1.999,1.999,1.999,1.9990,3
11149,gB,1.699,1.699,1.699,1.6990,3
11151,g95e5,1.581,1.581,1.581,1.5810,4
11151,gA,1.699,1.699,1.699,1.6990,4
11151,gP,1.719,1.719,1.719,1.7190,4
11153,g95e5,1.649,1.649,1.649,1.6490,2
11153,gA,1.809,1.809,1.809,1.8090,2
11154,gA,1.759,1.759,1.759,1.7590,2
11154,gP,1.899,1.899,1.899,1.8990,2
11157,g95e5,1.819,1.819,1.819,1.8190,2
11157,gA,1.949,1.949,1.949,1.9490,2
11157,gP,2.019,2.019,2.019,2.0190,2
11157,gB,1.779,1.779,1.779,1.7790,2
11158,g95e5,1.719,1.719,1.719,1.7190,3
11158,gA,1.939,1.929,1.939,1.9357,3
11158,gP,2.049,2.039,2.049,2.0457,3
11158,gB,1.650,1.645,1.650,1.6483,3
11160,g95e5,1.809,1.809,1.809,1.8090,2
11160,gA,1.949,1.929,1.949,1.9423,3
11160,gP,2.039,2.019,2.039,2.0323,3
11160,g98e5,1.949,1.949,1.949,1.9490,2
11162,g95e5,1.687,1.687,1.687,1.6870,4
11162,gA,1.835,1.835,1.835,1.8350,4
11163,g95e5,1.734,1.734,1.734,1.7340,3
11163,gA,1.964,1.944,1.964,1.9540,4
11163,gP,2.064,2.044,2.064,2.0540,4
11165,g95e5,1.785,1.785,1.785,1.7850,3
11165,gA,1.909,1.899,1.909,1.9057,3
11165,g98e5,1.905,1.905,1.905,1.9050,3
11165,glp,1.109,1.109,1.109,1.1090,2
11167,g95e5,1.795,1.795,1.795,1.7950,2
11167,gA,1.945,1.929,1.945,1.9397,3
11167,gP,2.035,2.019,2.035,2.0297,3
11167,g98e5,1.935,1.935,1.935,1.9350,2
11170,g95e5,1.745,1.745,1.745,1.7450,3
11170,gA,1.889,1.885,1.889,1.8877,3
11170,g98e5,1.865,1.865,1.865,1.8650,3
11171,g95e5,1.669,1.669,1.669,1.6690,2
11171,gA,1.779,1.779,1.779,1.7790,2
11176,g95e5,1.689,1.689,1.689,1.6890,3
11176,gA,1.879,1.879,1.879,1.8790,2
11176,gP,1.959,1.959,1.959,1.9590,2
11176,g98e5,1.829,1.829,1.829,1.8290,3
11178,g95e5,1.795,1.795,1.795,1.7950,2
11178,gA,1.959,1.959,1.959,1.9590,2
11178,gP,2.049,2.049,2.049,2.0490,2
11178,g98e5,1.935,1.935,1.935,1.9350,2
11180,g95e5,1.700,1.700,1.700,1.7000,3
11180,gA,1.900,1.900,1.900,1.9000,3
11180,gB,1.600,1.350,1.600,1.5167,3
11181,g95e5,1.729,1.729,1.729,1.7290,3
11181,gA,1.925,1.919,1.925,1.9230,3
11181,gP,2.035,2.029,2.035,2.0330,3
11181,g98e5,1.899,1.899,1.899,1.8990,3
11181,glp,1.169,1.169,1.169,1.1690,2
11182,g95e5,1.839,1.829,1.839,1.8323,3
11182,gA,1.909,1.889,1.909,1.9023,3
11182,g98e5,1.979,1.969,1.979,1.9740,2
11185,g95e5,1.759,1.755,1.759,1.7577,3
11185,gA,1.949,1.939,1.949,1.9457,3
11185,gP,2.039,2.029,2.039,2.0357,3
11185,g98e5,1.899,1.895,1.899,1.8977,3
11186,g95e5,1.759,1.759,1.779,1.7657,3
11186,gA,1.889,1.879,1.889,1.8840,2
11186,gP,1.929,1.919,1.929,1.9240,2
11186,g98e5,1.919,1.919,1.919,1.9190,2
11189,g95e5,1.839,1.839,1.839,1.8390,3
11189,gA,1.919,1.915,1.919,1.9177,3
11189,g98e5,1.979,1.979,1.979,1.9790,3
11191,g95e5,1.759,1.759,1.759,1.7590,2
11191,gA,1.884,1.864,1.884,1.8723,3
11191,gP,1.934,1.914,1.934,1.9223,3
11191,g98e5,1.879,1.879,1.879,1.8790,2
11192,gA,1.729,1.729,1.729,1.7290,3
11192,gP,1.729,1.729,1.729,1.7290,3
11193,gA,1.884,1.884,1.884,1.8840,3
11193,gP,1.964,1.964,1.964,1.9640,3
11194,gA,1.895,1.895,1.895,1.8950,2
11206,gA,1.819,1.819,1.819,1.8190,3
11206,gP,1.859,1.859,1.859,1.8590,3
11216,gA,1.779,1.779,1.779,1.7790,3
11217,g95e5,1.759,1.739,1.759,1.7490,3
11217,gA,1.919,1.899,1.919,1.9090,3
11217,gP,1.959,1.939,1.959,1.9490,3
11223,g95e5,1.583,1.573,1.583,1.5797,3
11223,gA,1.743,1.733,1.743,1.7397,3
11223,gP,1.833,1.823,1.833,1.8297,3
11225,g95e5,1.794,1.794,1.794,1.7940,3
11225,gA,1.974,1.954,1.974,1.9640,4
11225,gP,2.074,2.054,2.074,2.0640,4
11228,g95e5,1.794,1.784,1.794,1.7915,4
11228,gA,1.974,1.944,1.974,1.9515,4
11228,gP,2.024,1.994,2.024,2.0015,4
11228,g95e5p,1.844,1.834,1.844,1.8415,4
11236,g95e5,1.649,1.649,1.649,1.6490,3
11236,gA,1.749,1.749,1.749,1.7490,3
11236,gP,1.849,1.849,1.849,1.8490,3
11239,g95e5,1.809,1.799,1.809,1.8065,4
11239,gA,1.969,1.969,1.975,1.9710,3
11239,g98e5,1.929,1.929,1.929,1.9290,3
11245,g95e5,1.769,1.769,1.769,1.7690,3
11245,gA,1.965,1.955,1.965,1.9617,3
11245,gP,2.075,2.065,2.075,2.0717,3
11245,glp,1.145,1.145,1.145,1.1450,2
11247,g95e5,1.699,1.699,1.699,1.6990,3
11247,gA,1.850,1.799,1.850,1.8330,3
11247,gP,1.900,1.899,1.900,1.8997,3
11247,g98e5,1.799,1.799,1.799,1.7990,3
11248,g95e5,1.679,1.679,1.679,1.6790,3
11248,g98e5,1.799,1.799,1.799,1.7990,3
11249,g95e5,1.769,1.769,1.775,1.7710,3
11249,gA,1.859,1.859,1.865,1.8610,3
11249,gP,1.939,1.939,1.945,1.9410,3
11249,g98e5,1.909,1.909,1.915,1.9110,3
11250,gA,1.773,1.759,1.773,1.7657,3
11254,g95e5,1.759,1.759,1.759,1.7590,3
11254,gA,1.909,1.905,1.909,1.9077,3
11254,gP,2.019,2.015,2.019,2.0177,3
11254,gB,1.539,1.539,1.539,1.5390,2
11255,g95e5,1.809,1.809,1.809,1.8090,4
11255,gA,1.959,1.959,1.959,1.9590,4
11255,gP,2.049,2.049,2.049,2.0490,4
11262,g95e5,1.649,1.629,1.649,1.6390,2
11262,gA,1.849,1.829,1.849,1.8390,2
11262,gP,1.899,1.859,1.899,1.8823,3
11263,g95e5,1.789,1.789,1.789,1.7890,3
11263,gA,1.959,1.939,1.959,1.9523,3
11266,g95e5,1.506,1.478,1.506,1.4967,3
11266,gA,1.676,1.676,1.676,1.6760,2
11267,g95e5,1.769,1.769,1.769,1.7690,2
11267,gA,1.899,1.899,1.899,1.8990,2
11267,gP,1.939,1.939,1.939,1.9390,2
11267,g98e5,1.899,1.899,1.899,1.8990,2
11269,g95e5,1.719,1.719,1.719,1.7190,3
11269,gA,1.915,1.915,1.915,1.9150,3
11269,gP,2.025,2.025,2.025,2.0250,3
11269,gB,1.670,1.665,1.670,1.6683,3
11273,g95e5,1.805,1.795,1.805,1.8025,4
11273,gA,1.949,1.949,1.949,1.9490,3
11273,g98e5,1.975,1.975,1.975,1.9750,3
11273,glp,1.105,1.105,1.105,1.1050,2
11275,g95e5,1.805,1.795,1.809,1.8035,4
11275,gA,1.905,1.895,1.905,1.9010,4
11276,g95e5,1.795,1.779,1.805,1.7935,4
11276,gA,1.919,1.919,1.919,1.9190,3
11276,g98e5,1.965,1.965,1.975,1.9683,3
11276,gB,1.704,1.699,1.704,1.7023,3
11284,g95e5,1.759,1.759,1.759,1.7590,3
11288,gA,1.889,1.879,1.889,1.8823,3
11288,gP,1.969,1.959,1.969,1.9623,3
11291,g95e5,1.572,1.572,1.572,1.5720,2
11291,gA,1.750,1.750,1.750,1.7500,2
11291,gB,1.350,1.350,1.350,1.3500,2
11292,g95e5,1.849,1.849,1.849,1.8490,2
11292,gA,1.959,1.949,1.959,1.9540,2
11292,gP,1.999,1.999,1.999,1.9990,2
11292,g98e5,1.939,1.939,1.939,1.9390,2
11293,g95e5,1.739,1.739,1.739,1.7390,3
11293,gA,1.939,1.935,1.939,1.9377,3
11293,gP,2.049,2.045,2.049,2.0477,3
11294,g95e5,1.784,1.784,1.784,1.7840,3
11294,gA,1.919,1.899,1.919,1.9090,4
11294,gP,2.044,2.024,2.044,2.0340,4
11294,g95e5p,1.854,1.854,1.854,1.8540,3
11295,g95e5,1.769,1.769,1.769,1.7690,2
11295,gA,1.849,1.839,1.849,1.8440,2
11295,gP,1.889,1.879,1.889,1.8840,2
11295,g98e5,1.939,1.939,1.939,1.9390,2
11297,g95e5,1.785,1.785,1.785,1.7850,3
11297,gA,1.939,1.925,1.939,1.9343,3
11297,gP,2.049,2.035,2.049,2.0443,3
11300,g95e5,1.599,1.599,1.599,1.5990,3
11300,gA,1.769,1.759,1.769,1.7623,3
11300,gB,1.449,1.439,1.449,1.4423,3
11303,gA,1.674,1.674,1.674,1.6740,2
11303,gP,1.734,1.734,1.734,1.7340,2
11305,g95e5,1.804,1.804,1.814,1.8115,4
11305,gA,1.894,1.874,1.894,1.8815,4
11305,gP,1.984,1.964,1.984,1.9715,4
11305,g98e5,1.924,1.924,1.934,1.9315,4
11306,g95e5,1.804,1.804,1.814,1.8115,4
11306,gA,1.894,1.874,1.894,1.8815,4
11306,gP,1.984,1.964,1.984,1.9715,4
11306,g98e5,1.924,1.924,1.934,1.9315,4
11313,gA,1.729,1.704,1.729,1.7165,2
11314,g95e5,1.630,1.630,1.630,1.6300,2
11314,gA,1.780,1.780,1.780,1.7800,2
11315,g95e5,1.659,1.659,1.659,1.6590,3
11315,gA,1.859,1.859,1.859,1.8590,3
11315,gP,1.879,1.879,1.879,1.8790,3
11316,g95e5,1.789,1.784,1.789,1.7877,4
11316,gA,1.939,1.924,1.939,1.9327,4
11316,gP,1.989,1.974,1.989,1.9828,4
11316,g98e5,1.949,1.944,1.949,1.9477,4
11318,g95e5,1.627,1.627,1.627,1.6270,2
11318,gA,1.742,1.742,1.742,1.7420,2
11321,gA,1.729,1.729,1.729,1.7290,3
11321,gB,1.339,1.339,1.339,1.3390,3
11325,g95e5,1.699,1.669,1.699,1.6890,3
11325,gA,1.809,1.809,1.809,1.8090,2
11325,gP,1.849,1.849,1.849,1.8490,2
11326,g95e5,1.759,1.744,1.759,1.7515,2
11326,gA,1.769,1.754,1.769,1.7615,2
11326,gP,1.819,1.804,1.819,1.8115,2
11326,g98e5,1.884,1.884,1.884,1.8840,2
11327,g95e5,1.739,1.729,1.739,1.7340,4
11327,gA,1.939,1.919,1.939,1.9315,4
11327,gP,1.989,1.969,1.989,1.9815,4
11327,g95e5p,1.789,1.779,1.789,1.7840,4
11328,g95e5,1.679,1.664,1.679,1.6707,3
11328,gA,1.829,1.824,1.829,1.8265,2
11328,gP,1.879,1.874,1.879,1.8765,2
11328,g95e5p,1.729,1.714,1.729,1.7207,3
11330,g95e5,1.619,1.609,1.619,1.6127,4
11330,gA,1.709,1.699,1.709,1.7027,4
11331,g95e5,1.764,1.764,1.764,1.7640,4
11331,gA,1.894,1.894,1.894,1.8940,4
11331,gP,1.944,1.944,1.944,1.9440,4
11331,g98e5,1.884,1.884,1.884,1.8840,4
11337,g95e5,1.749,1.739,1.749,1.7440,4
11337,gA,1.809,1.789,1.809,1.7990,4
11337,gP,1.859,1.839,1.859,1.8490,4
11337,g95e5p,1.799,1.789,1.799,1.7940,4
11339,gA,1.729,1.694,1.729,1.7107,3
11339,gB,1.399,1.384,1.399,1.3890,3
11341,g95e5,1.809,1.799,1.809,1.8040,2
11341,gA,1.909,1.909,1.909,1.9090,2
11341,gP,1.989,1.989,1.989,1.9890,2
11341,g98e5,1.979,1.969,1.979,1.9740,2
11342,gB,1.409,1.409,1.409,1.4090,3
11348,g95e5,1.535,1.535,1.535,1.5350,3
11348,gA,1.733,1.733,1.733,1.7330,3
11348,gP,1.845,1.845,1.845,1.8450,3
11348,g98e5,1.700,1.700,1.700,1.7000,3
11351,gA,1.719,1.719,1.719,1.7190,3
11351,gP,1.739,1.739,1.739,1.7390,3
11352,g95e5,1.769,1.769,1.769,1.7690,2
11352,gA,1.919,1.919,1.919,1.9190,2
11352,gP,1.979,1.979,1.979,1.9790,2
11352,g98e5,1.869,1.869,1.869,1.8690,2
11353,g95e5,1.749,1.749,1.749,1.7490,4
11353,gA,1.944,1.924,1.944,1.9373,3
11353,gP,2.024,2.004,2.024,2.0173,3
11353,g95e5p,1.834,1.834,1.834,1.8340,4
11354,gA,1.879,1.879,1.879,1.8790,2
11354,gP,1.919,1.919,1.919,1.9190,2
11354,g98e5,1.869,1.869,1.869,1.8690,2
11355,g95e5,1.507,1.478,1.507,1.4973,3
11355,gA,1.677,1.677,1.677,1.6770,2
11360,g95e5,1.609,1.609,1.609,1.6090,2
11363,g95e5,1.749,1.749,1.749,1.7490,2
11363,gA,1.899,1.899,1.899,1.8990,2
11363,gP,1.959,1.959,1.959,1.9590,2
11363,g98e5,1.859,1.859,1.859,1.8590,2
11368,g95e5,1.599,1.599,1.599,1.5990,3
11368,gA,1.769,1.759,1.769,1.7623,3
11368,gP,1.809,1.799,1.809,1.8023,3
11375,g95e5,1.599,1.599,1.599,1.5990,3
11375,gA,1.769,1.759,1.769,1.7623,3
11375,gB,1.449,1.439,1.449,1.4423,3
11382,g95e5,1.659,1.659,1.659,1.6590,3
11382,gA,1.889,1.889,1.889,1.8890,3
11382,gP,1.949,1.949,1.949,1.9490,3
11382,g98e5,1.799,1.799,1.809,1.8023,3
11383,g95e5,1.809,1.805,1.809,1.8077,3
11383,gA,1.935,1.925,1.935,1.9317,3
11383,gP,2.025,2.015,2.025,2.0217,3
11383,g98e5,1.949,1.945,1.949,1.9477,3
11386,g95e5,1.649,1.649,1.649,1.6490,2
11386,gA,1.759,1.759,1.759,1.7590,2
11386,gP,1.809,1.809,1.809,1.8090,2
11387,g95e5,1.509,1.481,1.509,1.4997,3
11387,gA,1.679,1.679,1.679,1.6790,2
11388,g95e5,1.449,1.439,1.449,1.4415,4
11388,gA,1.539,1.539,1.539,1.5390,4
11388,gP,1.669,1.669,1.669,1.6690,4
11388,g98e5,1.599,1.589,1.599,1.5915,4
11392,g95e5,1.849,1.849,1.849,1.8490,2
11392,gA,1.929,1.919,1.929,1.9240,2
11392,g98e5,1.969,1.969,1.969,1.9690,2
11393,g95e5,1.825,1.825,1.825,1.8250,2
11393,gA,1.965,1.965,1.965,1.9650,2
11393,gP,2.025,2.025,2.025,2.0250,2
11393,g98e5,1.965,1.965,1.965,1.9650,2
11393,g95e5p,1.885,1.885,1.885,1.8850,2
11394,g95e5,1.469,1.469,1.469,1.4690,3
11394,gA,1.579,1.579,1.579,1.5790,3
11395,gA,1.660,1.660,1.660,1.6600,2
11395,gB,1.300,1.300,1.300,1.3000,2
11397,g95e5,1.750,1.750,1.750,1.7500,2
11397,gA,1.880,1.880,1.880,1.8800,2
11397,gP,1.950,1.950,1.950,1.9500,2
11397,g98e5,1.880,1.880,1.880,1.8800,2
11399,g95e5,1.729,1.729,1.729,1.7290,3
11399,gA,1.859,1.859,1.859,1.8590,3
11399,gP,1.899,1.899,1.899,1.8990,3
11399,g95e5p,1.829,1.829,1.829,1.8290,3
11400,gA,1.929,1.919,1.929,1.9223,3
11400,gP,2.009,1.999,2.009,2.0023,3
11403,g95e5,1.689,1.689,1.689,1.6890,3
11403,gA,1.859,1.859,1.859,1.8590,3
11405,gA,1.899,1.899,1.899,1.8990,3
11405,gP,1.989,1.989,1.989,1.9890,3
11409,g95e5,1.719,1.719,1.719,1.7190,3
11409,gA,1.869,1.849,1.869,1.8623,3
11409,gP,1.929,1.909,1.929,1.9223,3
11409,gB,1.529,1.519,1.529,1.5257,3
11410,g95e5,1.599,1.599,1.599,1.5990,3
11410,gA,1.769,1.759,1.769,1.7623,3
11410,gB,1.435,1.425,1.435,1.4283,3
11412,g95e5,1.804,1.804,1.804,1.8040,4
11412,gA,1.934,1.914,1.934,1.9273,3
11412,gP,2.054,2.034,2.054,2.0473,3
11412,g95e5p,1.904,1.904,1.904,1.9040,4
11414,g95e5,1.809,1.809,1.809,1.8090,2
11414,gA,1.949,1.929,1.949,1.9423,3
11414,gP,2.039,2.019,2.039,2.0323,3
11414,g98e5,1.949,1.949,1.949,1.9490,2
11417,gA,1.932,1.932,1.932,1.9320,2
11417,gB,1.740,1.740,1.740,1.7400,2
11418,g95e5,1.745,1.745,1.745,1.7450,3
11418,gA,1.909,1.909,1.909,1.9090,3
11418,g98e5,1.915,1.915,1.915,1.9150,3
11419,g95e5,1.538,1.538,1.538,1.5380,3
11421,g95e5,1.829,1.829,1.835,1.8310,3
11421,gA,1.969,1.959,1.969,1.9665,4
11421,gP,2.029,2.029,2.029,2.0290,3
11421,g98e5,1.949,1.949,1.955,1.9510,3
11422,g95e5,1.796,1.775,1.796,1.7855,2
11422,gA,1.905,1.885,1.905,1.8950,3
11422,gP,1.995,1.975,1.995,1.9850,3
11422,g98e5,1.935,1.915,1.935,1.9250,2
11424,g95e5,1.769,1.769,1.769,1.7690,3
11424,gA,1.929,1.919,1.929,1.9257,3
11424,gP,1.989,1.979,1.989,1.9857,3
11424,g98e5,1.889,1.889,1.889,1.8890,3
11424,g95e5p,1.849,1.849,1.849,1.8490,3
11426,gB,1.393,1.393,1.393,1.3930,2
11427,g95e5,1.785,1.785,1.785,1.7850,3
11427,gA,1.965,1.949,1.965,1.9595,4
11427,gP,2.045,2.039,2.045,2.0430,3
11427,g98e5,1.905,1.905,1.905,1.9050,3
11428,g95e5,1.845,1.845,1.845,1.8450,3
11428,gA,1.905,1.899,1.905,1.9030,3
11428,gP,2.015,2.009,2.015,2.0130,3
11428,g98e5,2.015,2.015,2.015,2.0150,3
11428,glp,1.159,1.159,1.159,1.1590,2
11435,g95e5,1.789,1.789,1.789,1.7890,2
11435,gA,1.909,1.909,1.909,1.9090,2
11438,g95e5,1.809,1.809,1.809,1.8090,4
11438,gA,1.919,1.919,1.919,1.9190,4
11438,g95e5p,1.879,1.879,1.879,1.8790,4
11439,g95e5,1.749,1.749,1.749,1.7490,3
11439,gA,1.829,1.829,1.829,1.8290,3
11439,gP,1.929,1.929,1.929,1.9290,3
11443,g95e5,1.798,1.798,1.798,1.7980,3
11443,gA,1.899,1.899,1.899,1.8990,3
11443,gP,2.066,2.066,2.066,2.0660,3
11443,gB,1.699,1.699,1.699,1.6990,3
11444,g95e5,1.609,1.609,1.609,1.6090,2
11444,gA,1.769,1.769,1.769,1.7690,2
11444,gP,1.819,1.819,1.819,1.8190,2
11444,g98e5,1.999,1.953,1.999,1.9757,3
11445,g95e5,1.794,1.794,1.794,1.7940,3
11445,gA,1.929,1.929,1.949,1.9357,3
11445,gP,2.009,2.009,2.029,2.0157,3
11445,g98e5,1.934,1.934,1.934,1.9340,3
11445,bio,1.929,1.929,1.949,1.9357,3
11447,g95e5,1.598,1.598,1.598,1.5980,3
11447,gP,1.768,1.768,1.768,1.7680,3
11449,g95e5,1.769,1.769,1.769,1.7690,2
11449,gA,1.899,1.889,1.899,1.8940,2
11449,gP,1.919,1.909,1.919,1.9140,2
11450,gA,1.954,1.954,1.954,1.9540,2
11451,g95e5,1.819,1.799,1.819,1.8123,3
11451,gA,1.895,1.875,1.895,1.8883,3
11451,gP,1.985,1.965,1.985,1.9783,3
11451,g98e5,1.959,1.939,1.959,1.9523,3
11453,g95e5,1.749,1.749,1.749,1.7490,3
11453,gA,1.944,1.924,1.944,1.9340,4
11453,gP,2.024,2.004,2.024,2.0140,4
11453,g95e5p,1.834,1.834,1.834,1.8340,3
11454,g95e5,1.799,1.799,1.799,1.7990,4
11454,gA,1.969,1.939,1.969,1.9557,3
11454,gP,2.064,2.034,2.064,2.0507,3
11454,g95e5p,1.914,1.914,1.914,1.9140,4
11461,g95e5,1.699,1.699,1.699,1.6990,2
11465,gA,1.969,1.955,1.969,1.9643,3
11465,gP,2.029,2.015,2.029,2.0243,3
11467,gB,1.569,1.559,1.569,1.5640,2
11468,g95e5,1.639,1.619,1.639,1.6257,3
11468,gA,1.779,1.739,1.779,1.7523,3
11472,g95e5,1.799,1.789,1.799,1.7965,4
11472,gA,1.945,1.939,1.945,1.9430,3
11472,g98e5,1.919,1.919,1.919,1.9190,3
11472,g95e5p,1.869,1.869,1.869,1.8690,3
11472,glp,1.149,1.149,1.149,1.1490,2
11474,g95e5,1.805,1.805,1.805,1.8050,3
11474,gA,1.899,1.895,1.899,1.8977,3
11474,gP,2.009,2.005,2.009,2.0077,3
11474,g98e5,1.975,1.975,1.975,1.9750,3
11474,glp,1.119,1.119,1.119,1.1190,2
11476,gP,1.763,1.763,1.763,1.7630,3
11480,g95e5,1.759,1.749,1.759,1.7557,3
11480,gA,1.919,1.909,1.919,1.9157,3
11483,gA,1.749,1.749,1.749,1.7490,3
11483,gB,1.379,1.359,1.379,1.3723,3
11485,g95e5,1.749,1.739,1.749,1.7457,3
11485,gA,1.939,1.929,1.939,1.9340,2
11485,gP,2.019,2.009,2.019,2.0140,2
11485,g98e5,1.889,1.879,1.889,1.8857,3
11486,g95e5,1.794,1.794,1.794,1.7940,4
11486,gA,1.914,1.894,1.914,1.9040,4
11486,gP,2.014,1.994,2.014,2.0040,4
11486,g95e5p,1.904,1.904,1.904,1.9040,4
11491,gA,1.989,1.949,1.989,1.9690,2
11493,g95e5,1.735,1.735,1.735,1.7350,3
11493,gA,1.919,1.889,1.919,1.9080,4
11493,gP,2.029,2.015,2.029,2.0243,3
11493,g98e5,1.905,1.905,1.905,1.9050,3
11495,g95e5,1.729,1.729,1.729,1.7290,2
11495,gA,1.889,1.879,1.889,1.8840,2
11495,gP,1.929,1.919,1.929,1.9240,2
11495,g98e5,1.899,1.899,1.899,1.8990,2
11496,g95e5,1.739,1.739,1.739,1.7390,3
11496,gA,1.909,1.905,1.909,1.9077,3
11496,gP,2.019,2.015,2.019,2.0177,3
11496,g98e5,1.909,1.909,1.909,1.9090,3
11497,g95e5,1.849,1.849,1.849,1.8490,3
11497,gA,1.939,1.929,1.939,1.9357,3
11497,gP,1.999,1.989,1.999,1.9957,3
11497,g98e5,1.969,1.969,1.969,1.9690,3
11502,g95e5,1.819,1.799,1.819,1.8123,3
11502,gA,1.969,1.939,1.969,1.9523,3
11502,gP,2.069,2.039,2.069,2.0523,3
11502,g98e5,1.969,1.939,1.969,1.9523,3
11503,g95e5,1.555,1.555,1.555,1.5550,2
11504,g95e5,1.657,1.637,1.657,1.6470,2
11504,gA,1.805,1.785,1.805,1.7950,2
11504,gP,1.895,1.875,1.895,1.8850,2
11506,g95e5,1.794,1.794,1.799,1.7973,3
11506,gA,1.969,1.959,1.969,1.9657,3
11506,gP,2.049,2.039,2.049,2.0457,3
11506,g98e5,1.934,1.934,1.939,1.9373,3
11511,gA,1.979,1.979,1.979,1.9790,2
11511,gP,2.039,2.039,2.039,2.0390,2
11511,g98e5,1.999,1.999,1.999,1.9990,2
11513,g95e5,1.629,1.629,1.644,1.6340,3
11513,g98e5,1.759,1.754,1.774,1.7623,3
11514,g95e5,1.779,1.779,1.779,1.7790,2
11514,gA,1.959,1.939,1.959,1.9490,3
11514,gP,2.059,2.039,2.059,2.0490,3
11515,g95e5,1.759,1.749,1.759,1.7557,3
11515,gA,1.909,1.909,1.909,1.9090,2
11515,gP,1.999,1.999,1.999,1.9990,2
11515,g98e5,1.899,1.889,1.899,1.8957,3
11519,gP,1.779,1.749,1.779,1.7590,3
11522,gA,1.899,1.899,1.899,1.8990,2
11522,gP,1.989,1.989,1.989,1.9890,2
11525,gA,1.568,1.558,1.568,1.5630,2
11525,gP,1.694,1.684,1.694,1.6890,2
11526,g95e5,1.785,1.779,1.785,1.7835,4
11526,gA,1.899,1.899,1.899,1.8990,3
11526,gP,1.979,1.979,1.979,1.9790,3
11526,g98e5,1.935,1.935,1.935,1.9350,3
11526,g95e5p,1.865,1.865,1.865,1.8650,3
11528,g95e5,1.699,1.699,1.709,1.7023,3
11528,gA,1.899,1.859,1.899,1.8723,3
11528,gP,1.939,1.899,1.939,1.9123,3
11528,g98e5,1.849,1.839,1.849,1.8457,3
11529,g95e5,1.709,1.709,1.709,1.7090,2
11529,gA,1.879,1.859,1.879,1.8690,2
11529,gP,1.919,1.899,1.919,1.9090,2
11529,g98e5,1.859,1.859,1.859,1.8590,2
11531,g95e5,1.759,1.759,1.759,1.7590,2
11531,gA,1.925,1.915,1.925,1.9217,3
11531,gP,2.015,2.005,2.015,2.0117,3
11531,g98e5,1.899,1.899,1.899,1.8990,2
11534,g95e5,1.789,1.789,1.795,1.7905,4
11534,gA,1.929,1.929,1.929,1.9290,3
11534,g98e5,1.909,1.909,1.915,1.9110,3
11534,g95e5p,1.859,1.859,1.865,1.8610,3
11535,g95e5,1.825,1.825,1.825,1.8250,2
11535,gA,1.929,1.929,1.929,1.9290,2
11535,gP,1.989,1.989,1.989,1.9890,2
11535,g98e5,1.945,1.945,1.945,1.9450,2
11536,g95e5,1.785,1.775,1.789,1.7835,4
11536,gA,1.905,1.899,1.905,1.9030,3
11536,gP,1.965,1.959,1.965,1.9630,3
11536,g98e5,1.905,1.905,1.909,1.9063,3
11536,glp,1.149,1.149,1.149,1.1490,2
11537,gA,1.849,1.829,1.849,1.8390,4
11538,g95e5,1.795,1.795,1.795,1.7950,4
11538,gA,1.929,1.929,1.949,1.9340,4
11538,glp,1.145,1.145,1.145,1.1450,2
11539,g95e5,1.804,1.804,1.804,1.8040,4
11539,gA,1.954,1.934,1.954,1.9473,3
11539,gP,2.054,2.034,2.054,2.0473,3
11539,g95e5p,1.904,1.904,1.904,1.9040,4
11541,gA,1.829,1.819,1.829,1.8240,2
11542,g95e5,1.819,1.799,1.819,1.8090,4
11542,gA,1.909,1.899,1.909,1.9015,4
11542,gP,1.999,1.989,1.999,1.9915,4
11542,g95e5p,1.869,1.849,1.869,1.8590,4
11545,g95e5,1.809,1.809,1.809,1.8090,3
11545,gA,1.909,1.899,1.909,1.9057,3
11545,g98e5,1.975,1.975,1.975,1.9750,3
11545,g95e5p,1.859,1.859,1.859,1.8590,3
11545,gB,1.549,1.549,1.549,1.5490,3
11546,g95e5,1.735,1.735,1.735,1.7350,3
11546,gA,1.945,1.945,1.955,1.9483,3
11546,gP,2.035,2.035,2.035,2.0350,2
11546,g98e5,1.905,1.905,1.905,1.9050,3
11546,g95e5p,1.805,1.805,1.805,1.8050,3
11550,g95e5,1.508,1.480,1.508,1.4987,3
11550,gA,1.678,1.678,1.678,1.6780,2
11553,g95e5,1.759,1.739,1.759,1.7465,4
11553,gA,1.919,1.899,1.919,1.9040,4
11553,gP,1.969,1.949,1.969,1.9540,4
11553,g98e5,1.889,1.869,1.889,1.8765,4
11556,g95e5,1.739,1.739,1.739,1.7390,3
11556,gA,1.919,1.899,1.919,1.9057,3
11556,gP,1.999,1.979,1.999,1.9857,3
11556,g98e5,1.879,1.879,1.879,1.8790,3
11557,gP,1.789,1.789,1.789,1.7890,3
11558,g95e5,1.639,1.639,1.639,1.6390,2
11558,gA,1.759,1.759,1.759,1.7590,2
11559,g95e5,1.629,1.629,1.629,1.6290,2
11559,gA,1.749,1.749,1.749,1.7490,2
11560,g95e5,1.825,1.815,1.825,1.8210,4
11560,gA,1.969,1.969,1.969,1.9690,3
11560,g98e5,1.945,1.935,1.945,1.9417,3
11560,gB,1.674,1.669,1.674,1.6723,3
11563,g95e5,1.755,1.745,1.755,1.7525,4
11563,gA,1.949,1.945,1.949,1.9477,3
11563,g98e5,1.875,1.875,1.875,1.8750,3
11563,glp,1.189,1.189,1.189,1.1890,2
11564,g95e5,1.755,1.755,1.755,1.7550,3
11564,gA,1.949,1.945,1.949,1.9477,3
11564,g98e5,1.875,1.875,1.875,1.8750,3
11564,gB,1.614,1.609,1.614,1.6123,3
11575,g95e5,1.825,1.815,1.825,1.8225,4
11575,gA,1.939,1.929,1.939,1.9355,4
11575,g98e5,1.945,1.945,1.945,1.9450,3
11575,glp,1.129,1.129,1.129,1.1290,2
11577,g95e5,1.769,1.769,1.769,1.7690,3
11577,gA,1.979,1.964,1.979,1.9723,3
11577,gP,2.059,2.044,2.059,2.0523,3
11577,g98e5,1.909,1.909,1.909,1.9090,3
11577,gB,1.719,1.709,1.719,1.7123,3
11578,g95e5,1.765,1.765,1.765,1.7650,2
11578,gA,1.919,1.919,1.919,1.9190,2
11578,gP,1.979,1.979,1.979,1.9790,2
11578,gB,1.619,1.619,1.619,1.6190,2
11580,g95e5,1.759,1.759,1.759,1.7590,3
11580,gA,1.919,1.909,1.919,1.9157,3
11580,g98e5,1.879,1.879,1.879,1.8790,3
11580,glp,1.199,1.199,1.199,1.1990,2
11582,g95e5,1.709,1.709,1.709,1.7090,2
11582,gA,1.809,1.809,1.809,1.8090,2
11582,g98e5,1.849,1.849,1.849,1.8490,2
11583,gA,1.944,1.924,1.944,1.9340,4
11583,gP,2.024,2.004,2.024,2.0140,4
11584,g95e5,1.629,1.619,1.629,1.6240,2
11584,gA,1.809,1.789,1.809,1.7990,2
11584,gP,1.859,1.839,1.859,1.8490,2
11585,g95e5,1.739,1.739,1.739,1.7390,2
11585,gA,1.929,1.889,1.929,1.9090,2
11585,gP,1.969,1.929,1.969,1.9490,2
11585,g98e5,1.869,1.869,1.869,1.8690,2
11588,gA,1.959,1.949,1.959,1.9557,3
11588,gP,2.049,2.039,2.049,2.0457,3
11589,g95e5,1.829,1.829,1.829,1.8290,2
11589,gA,1.949,1.929,1.949,1.9390,3
11589,gP,2.009,2.009,2.009,2.0090,2
11589,g98e5,1.959,1.959,1.959,1.9590,2
11589,gB,1.639,1.639,1.639,1.6390,2
11591,g95e5,1.769,1.769,1.769,1.7690,2
11591,gA,1.915,1.915,1.915,1.9150,2
11591,gP,1.985,1.985,1.985,1.9850,2
11591,g98e5,1.969,1.969,1.969,1.9690,2
11593,g95e5,1.835,1.835,1.835,1.8350,3
11593,gA,1.949,1.939,1.949,1.9457,3
11593,gP,2.029,2.019,2.029,2.0257,3
11593,g98e5,1.955,1.955,1.955,1.9550,3
11595,g95e5,1.639,1.549,1.639,1.5865,4
11595,gA,1.779,1.704,1.779,1.7277,4
11595,gP,1.829,1.754,1.829,1.7777,4
11595,g98e5,1.759,1.669,1.759,1.7065,4
11596,g95e5,1.779,1.779,1.779,1.7790,3
11596,gA,1.885,1.879,1.885,1.8830,3
11596,g98e5,1.899,1.899,1.899,1.8990,3
11596,g95e5p,1.849,1.849,1.849,1.8490,3
11597,g95e5,1.829,1.829,1.839,1.8340,4
11597,gA,1.929,1.919,1.929,1.9240,4
11597,gP,2.019,2.009,2.019,2.0140,4
11597,g98e5,1.949,1.949,1.959,1.9540,4
11598,g95e5,1.829,1.829,1.839,1.8340,4
11598,gA,1.929,1.919,1.929,1.9240,4
11598,gP,2.019,2.009,2.019,2.0140,4
11598,g98e5,1.949,1.949,1.959,1.9540,4
11599,g95e5,1.619,1.619,1.619,1.6190,3
11599,gA,1.769,1.759,1.769,1.7623,3
11599,gB,1.459,1.449,1.459,1.4523,3
11601,g95e5,1.504,1.504,1.504,1.5040,2
11601,gA,1.676,1.676,1.676,1.6760,2
11603,g95e5,1.629,1.629,1.629,1.6290,3
11603,gA,1.729,1.729,1.729,1.7290,3
11611,g95e5,1.489,1.489,1.489,1.4890,3
11611,gA,1.579,1.579,1.579,1.5790,3
11611,gP,1.669,1.669,1.669,1.6690,3
11611,g98e5,1.619,1.619,1.619,1.6190,2
11614,g95e5,1.769,1.769,1.779,1.7757,3
11614,gA,1.919,1.919,1.939,1.9290,3
11614,gP,1.999,1.999,2.019,2.0090,3
11614,g98e5,1.909,1.909,1.919,1.9157,3
11627,gA,1.890,1.890,1.890,1.8900,3
11628,gA,1.769,1.749,1.769,1.7590,2
11629,g95e5,1.665,1.665,1.665,1.6650,2
11629,gA,1.829,1.815,1.829,1.8220,2
11633,g95e5,1.764,1.764,1.764,1.7640,3
11633,gA,1.929,1.909,1.929,1.9190,4
11633,gP,2.024,2.004,2.024,2.0140,4
11633,g95e5p,1.874,1.874,1.874,1.8740,3
11634,g95e5,1.815,1.815,1.815,1.8150,3
11634,gA,1.939,1.935,1.939,1.9377,3
11634,gB,1.770,1.765,1.770,1.7683,3
11640,g95e5,1.474,1.474,1.474,1.4740,2
11640,gA,1.584,1.584,1.584,1.5840,2
11641,g95e5,1.818,1.818,1.828,1.8213,3
11641,gA,1.928,1.906,1.928,1.9193,3
11641,gP,1.988,1.965,1.988,1.9757,3
11642,g95e5,1.818,1.818,1.828,1.8213,3
11642,gA,1.928,1.906,1.928,1.9193,3
11642,gP,1.988,1.965,1.988,1.9757,3
11643,g95e5,1.795,1.795,1.795,1.7950,2
11643,gA,1.959,1.939,1.959,1.9523,3
11643,gP,2.049,2.029,2.049,2.0423,3
11643,g98e5,1.935,1.935,1.935,1.9350,2
11648,g95e5,1.809,1.809,1.809,1.8090,3
11648,gA,1.959,1.959,1.959,1.9590,3
11648,gP,2.009,2.009,2.009,2.0090,3
11648,gB,1.699,1.699,1.699,1.6990,3
11649,gA,1.889,1.869,1.889,1.8790,2
11649,gP,1.929,1.909,1.929,1.9190,2
11655,g95e5,1.809,1.809,1.809,1.8090,2
11655,gA,1.899,1.899,1.899,1.8990,3
11655,gP,1.989,1.989,1.989,1.9890,3
11655,g98e5,1.949,1.949,1.949,1.9490,2
11657,gA,1.678,1.678,1.678,1.6780,2
11657,gB,1.348,1.348,1.348,1.3480,2
11659,g95e5,1.689,1.689,1.689,1.6890,3
11659,gA,1.839,1.839,1.839,1.8390,3
11659,gP,1.859,1.859,1.859,1.8590,3
11659,g98e5,1.875,1.875,1.875,1.8750,3
11659,gB,1.629,1.619,1.629,1.6223,3
11660,gA,1.559,1.559,1.589,1.5740,2
11661,g95e5,1.799,1.789,1.799,1.7965,4
11661,gA,1.975,1.959,1.975,1.9697,3
11661,g98e5,1.919,1.919,1.919,1.9190,3
11662,g95e5,1.799,1.799,1.799,1.7990,3
11662,gA,1.975,1.959,1.975,1.9697,3
11662,g98e5,1.919,1.919,1.919,1.9190,3
11666,gA,1.904,1.904,1.904,1.9040,3
11667,gA,1.779,1.779,1.779,1.7790,2
11667,gP,1.879,1.879,1.879,1.8790,2
11669,g95e5,1.779,1.775,1.779,1.7777,3
11669,gA,1.959,1.959,1.965,1.9610,3
11669,g98e5,1.899,1.895,1.899,1.8977,3
11671,g95e5,1.839,1.839,1.839,1.8390,2
11671,gA,1.944,1.944,1.944,1.9440,3
11671,gP,2.036,2.036,2.036,2.0360,3
11671,g98e5,1.980,1.980,1.980,1.9800,2
11674,g95e5,1.754,1.754,1.754,1.7540,3
11674,gA,1.934,1.914,1.934,1.9273,3
11674,gP,2.034,2.014,2.034,2.0273,3
11674,g95e5p,1.864,1.864,1.864,1.8640,3
11676,g95e5,1.789,1.769,1.789,1.7823,3
11676,gA,1.859,1.829,1.859,1.8457,3
11676,gP,1.939,1.909,1.939,1.9257,3
11676,g98e5,1.929,1.909,1.929,1.9223,3
11680,gA,1.949,1.949,1.949,1.9490,2
11680,gP,2.059,2.059,2.059,2.0590,2
11683,g95e5,1.599,1.599,1.599,1.5990,3
11683,gA,1.769,1.759,1.769,1.7623,3
11685,g95e5,1.824,1.824,1.824,1.8240,3
11685,gA,1.924,1.904,1.924,1.9140,4
11685,gP,2.014,1.994,2.014,2.0040,4
11685,g95e5p,1.884,1.884,1.884,1.8840,3
11687,gA,1.954,1.954,1.954,1.9540,2
11687,gP,2.014,2.014,2.014,2.0140,2
11688,gA,1.960,1.960,1.960,1.9600,3
11688,gP,2.053,2.053,2.053,2.0530,3
11690,gA,1.569,1.569,1.569,1.5690,2
11690,gP,1.689,1.689,1.689,1.6890,2
11691,g95e5,1.809,1.809,1.809,1.8090,2
11691,g98e5,1.949,1.949,1.949,1.9490,2
11693,g95e5,1.629,1.629,1.629,1.6290,3
11693,gA,1.789,1.779,1.789,1.7823,3
11693,gB,1.469,1.459,1.469,1.4623,3
11696,g95e5,1.789,1.779,1.789,1.7865,4
11696,gA,1.925,1.909,1.925,1.9197,3
11696,gP,2.035,2.019,2.035,2.0297,3
11696,g98e5,1.909,1.909,1.909,1.9090,3
11698,g95e5,1.818,1.808,1.818,1.8147,3
11698,gA,1.948,1.938,1.948,1.9447,3
11698,gP,2.038,2.038,2.038,2.0380,2
11698,g98e5,1.968,1.958,1.968,1.9647,3
11701,g95e5,1.799,1.789,1.799,1.7923,3
11701,gA,1.919,1.909,1.919,1.9123,3
11701,gP,2.019,2.009,2.019,2.0123,3
11701,g98e5,1.939,1.929,1.939,1.9323,3
11705,g95e5,1.521,1.521,1.521,1.5210,3
11705,gA,1.698,1.698,1.698,1.6980,3
11705,gP,1.726,1.726,1.726,1.7260,3
11710,g95e5,1.511,1.483,1.511,1.5017,3
11710,gA,1.681,1.681,1.681,1.6810,2
11712,g95e5,1.759,1.749,1.759,1.7557,3
11712,gA,1.919,1.909,1.919,1.9157,3
11712,gP,1.959,1.949,1.959,1.9557,3
11712,gB,1.589,1.579,1.589,1.5857,3
11713,g95e5,1.569,1.569,1.569,1.5690,2
11713,gA,1.669,1.669,1.669,1.6690,2
11713,gB,1.259,1.259,1.259,1.2590,2
11714,g95e5,1.449,1.449,1.449,1.4490,3
11714,gA,1.549,1.549,1.549,1.5490,2
11714,gP,1.669,1.669,1.669,1.6690,2
11714,g98e5,1.589,1.589,1.589,1.5890,3
11715,g95e5,1.719,1.709,1.719,1.7140,3
11715,gA,1.824,1.809,1.824,1.8173,3
11715,gP,1.924,1.909,1.924,1.9173,3
11715,g98e5,1.814,1.814,1.814,1.8140,3
11716,g95e5,1.724,1.719,1.724,1.7215,2
11716,gA,1.844,1.829,1.844,1.8373,3
11716,gP,1.944,1.929,1.944,1.9373,3
11717,g95e5,1.698,1.678,1.698,1.6880,3
11717,gA,1.868,1.848,1.868,1.8580,3
11717,gP,1.968,1.948,1.968,1.9580,3
11721,gA,1.455,1.455,1.525,1.4983,3
11721,gP,1.535,1.535,1.605,1.5783,3
11722,g95e5,1.825,1.815,1.825,1.8225,4
11722,gA,1.949,1.929,1.949,1.9380,4
11722,g98e5,1.945,1.945,1.945,1.9450,3
11722,glp,1.119,1.119,1.119,1.1190,2
11723,g95e5,1.765,1.755,1.765,1.7617,3
11723,gA,1.915,1.915,1.915,1.9150,2
11723,gP,2.035,2.035,2.035,2.0350,2
11723,g98e5,1.935,1.925,1.935,1.9317,3
11724,g95e5,1.759,1.755,1.759,1.7577,3
11724,gA,1.934,1.934,1.934,1.9340,2
11724,gP,1.994,1.994,1.994,1.9940,2
11726,g95e5,1.839,1.839,1.839,1.8390,2
11726,gA,1.949,1.939,1.949,1.9440,2
11726,gP,1.999,1.999,1.999,1.9990,2
11729,g95e5,1.769,1.755,1.769,1.7643,3
11729,gA,1.959,1.945,1.959,1.9543,3
11729,gP,2.049,2.035,2.049,2.0443,3
11729,g98e5,1.909,1.895,1.909,1.9043,3
11731,g95e5,1.469,1.469,1.469,1.4690,3
11731,gA,1.559,1.559,1.559,1.5590,3
11731,g98e5,1.609,1.609,1.609,1.6090,3
11732,g95e5,1.599,1.599,1.599,1.5990,2
11732,gA,1.709,1.709,1.709,1.7090,2
11734,g95e5,1.769,1.755,1.769,1.7643,3
11734,gA,1.959,1.945,1.959,1.9543,3
11734,gP,2.049,2.035,2.049,2.0443,3
11734,g98e5,1.909,1.895,1.909,1.9043,3
11738,gA,1.969,1.969,1.969,1.9690,3
11746,g95e5,1.815,1.815,1.815,1.8150,3
11746,gA,1.939,1.935,1.939,1.9377,3
11746,gP,2.029,2.029,2.029,2.0290,2
11746,g98e5,1.985,1.985,1.985,1.9850,3
11746,gB,1.724,1.719,1.724,1.7223,3
11749,g95e5,1.774,1.774,1.774,1.7740,4
11749,gA,1.924,1.904,1.924,1.9140,4
11749,gP,2.004,1.984,2.004,1.9940,4
11749,g95e5p,1.834,1.834,1.834,1.8340,4
11750,gA,1.769,1.759,1.769,1.7623,3
11752,gA,1.849,1.849,1.849,1.8490,3
11755,g95e5,1.849,1.849,1.849,1.8490,2
11755,gA,2.009,2.009,2.009,2.0090,2
11755,gP,2.089,2.089,2.089,2.0890,2
11755,g98e5,2.019,2.019,2.019,2.0190,2
11756,g95e5,1.609,1.609,1.609,1.6090,2
11756,gA,1.749,1.749,1.749,1.7490,3
11757,gA,1.559,1.549,1.559,1.5557,3
11757,gP,1.639,1.629,1.639,1.6357,3
11760,gA,1.799,1.799,1.799,1.7990,3
11761,g95e5,1.749,1.729,1.749,1.7390,4
11761,gA,1.859,1.839,1.859,1.8490,4
11761,gP,1.909,1.889,1.909,1.8990,4
11761,g95e5p,1.799,1.779,1.799,1.7890,4
11765,g95e5,1.839,1.839,1.839,1.8390,2
11765,gA,1.949,1.949,1.949,1.9490,2
11765,g95e5p,1.919,1.919,1.919,1.9190,2
11766,g95e5,1.795,1.795,1.795,1.7950,3
11766,gA,1.905,1.895,1.905,1.9017,3
11766,gP,1.965,1.955,1.965,1.9617,3
11766,g98e5,1.915,1.915,1.915,1.9150,3
11766,g95e5p,1.875,1.875,1.875,1.8750,3
11766,glp,1.159,1.159,1.159,1.1590,2
11767,g95e5,1.799,1.799,1.799,1.7990,3
11767,gA,1.969,1.969,1.975,1.9710,3
11767,gP,2.029,2.029,2.035,2.0310,3
11767,g98e5,1.919,1.919,1.919,1.9190,3
11768,g95e5,1.825,1.805,1.825,1.8183,3
11768,gA,1.955,1.939,1.955,1.9497,3
11768,gP,2.045,2.029,2.045,2.0397,3
11768,g98e5,1.965,1.945,1.965,1.9583,3
11769,gA,1.899,1.889,1.899,1.8957,3
11769,gP,1.979,1.969,1.979,1.9757,3
11771,g95e5,1.629,1.619,1.629,1.6240,2
11771,gA,1.809,1.789,1.809,1.7990,2
11776,g95e5,1.594,1.584,1.594,1.5873,3
11776,gA,1.749,1.729,1.749,1.7390,3
11776,gP,1.849,1.829,1.849,1.8390,3
11776,g98e5,1.769,1.761,1.769,1.7637,3
11777,g95e5,1.825,1.825,1.825,1.8250,3
11777,gA,1.945,1.945,1.949,1.9463,3
11777,gP,2.005,2.005,2.009,2.0063,3
11777,g98e5,1.945,1.945,1.945,1.9450,3
11778,gA,1.897,1.897,1.897,1.8970,3
11779,g95e5,1.729,1.709,1.729,1.7190,2
11779,gA,1.809,1.789,1.809,1.7990,2
11779,gP,1.849,1.829,1.849,1.8390,2
11779,g98e5,1.919,1.909,1.919,1.9157,3
11781,gA,1.999,1.989,1.999,1.9923,3
11781,gP,2.089,2.079,2.089,2.0823,3
11782,g95e5,1.659,1.659,1.659,1.6590,3
11782,gA,1.789,1.789,1.789,1.7890,3
11782,gP,1.889,1.889,1.889,1.8890,3
11782,g98e5,1.839,1.839,1.839,1.8390,3
11784,g95e5,1.449,1.449,1.449,1.4490,3
11784,gA,1.549,1.549,1.549,1.5490,2
11784,gP,1.669,1.669,1.669,1.6690,2
11784,g98e5,1.589,1.589,1.589,1.5890,3
11786,g95e5,1.809,1.799,1.809,1.8065,4
11786,gA,1.905,1.905,1.905,1.9050,3
11786,g98e5,1.939,1.939,1.939,1.9390,3
11787,g95e5,1.795,1.795,1.795,1.7950,3
11787,gA,1.969,1.959,1.969,1.9665,4
11787,g98e5,1.915,1.915,1.915,1.9150,3
11791,g95e5,1.699,1.699,1.699,1.6990,2
11791,gA,1.799,1.799,1.799,1.7990,2
11792,g95e5,1.799,1.799,1.799,1.7990,4
11792,gA,1.959,1.939,1.959,1.9490,4
11792,gP,2.054,2.034,2.054,2.0440,4
11792,g95e5p,1.894,1.894,1.894,1.8940,4
11794,g95e5,1.679,1.679,1.679,1.6790,2
11794,gA,1.789,1.789,1.789,1.7890,2
11794,gP,1.799,1.799,1.799,1.7990,2
11795,gA,1.869,1.869,1.869,1.8690,3
11795,gP,1.949,1.949,1.949,1.9490,3
11797,g95e5,1.739,1.739,1.739,1.7390,2
11797,gA,1.929,1.929,1.929,1.9290,2
11797,g98e5,1.909,1.909,1.909,1.9090,2
11799,g95e5,1.754,1.754,1.754,1.7540,4
11799,gA,1.934,1.914,1.934,1.9240,4
11799,gP,2.034,2.014,2.034,2.0240,4
11799,g95e5p,1.864,1.864,1.864,1.8640,4
11800,g95e5,1.793,1.793,1.793,1.7930,4
11800,gA,1.939,1.939,1.939,1.9390,4
11800,g98e5,1.933,1.933,1.933,1.9330,4
11803,g95e5,1.795,1.795,1.795,1.7950,2
11803,gA,1.945,1.925,1.945,1.9383,3
11803,gP,2.035,2.015,2.035,2.0283,3
11803,g98e5,1.935,1.935,1.935,1.9350,2
11804,g95e5,1.785,1.785,1.785,1.7850,2
11804,gA,1.955,1.955,1.955,1.9550,2
11807,gA,1.779,1.779,1.779,1.7790,3
11807,gB,1.439,1.439,1.439,1.4390,3
11809,gP,1.859,1.849,1.859,1.8540,2
11816,gA,1.859,1.849,1.859,1.8523,3
11816,gP,1.899,1.889,1.899,1.8923,3
11816,g98e5,1.949,1.889,1.949,1.9190,2
11821,g95e5,1.749,1.749,1.749,1.7490,3
11821,gA,1.905,1.899,1.905,1.9030,3
11821,gP,1.965,1.959,1.965,1.9630,3
11821,g98e5,1.919,1.919,1.919,1.9190,3
11823,g95e5,1.735,1.735,1.735,1.7350,3
11823,gA,1.919,1.915,1.919,1.9177,3
11823,gP,1.979,1.975,1.979,1.9777,3
11823,g98e5,1.905,1.905,1.905,1.9050,3
11828,gA,1.569,1.559,1.569,1.5657,3
11830,g95e5,1.789,1.789,1.789,1.7890,2
11830,gA,1.939,1.939,1.939,1.9390,2
11830,gP,1.999,1.999,1.999,1.9990,2
11830,g98e5,1.909,1.909,1.909,1.9090,2
11830,gB,1.709,1.709,1.709,1.7090,2
11831,g95e5,1.679,1.679,1.679,1.6790,3
11831,gA,1.799,1.799,1.799,1.7990,3
11832,g95e5,1.839,1.815,1.839,1.8330,4
11832,gA,1.979,1.955,1.979,1.9720,4
11832,g98e5,1.959,1.959,1.959,1.9590,3
11832,g95e5p,1.909,1.909,1.909,1.9090,3
11833,g95e5,1.765,1.755,1.765,1.7625,4
11833,gA,1.919,1.899,1.919,1.9130,4
11833,g98e5,1.935,1.935,1.935,1.9350,3
11834,g95e5,1.765,1.765,1.765,1.7650,3
11834,gA,1.919,1.915,1.919,1.9177,3
11834,g98e5,1.935,1.935,1.935,1.9350,3
11840,gB,1.679,1.679,1.679,1.6790,3
11841,gA,1.849,1.839,1.849,1.8440,2
11841,gP,1.929,1.919,1.929,1.9240,2
11842,g95e5,1.789,1.789,1.789,1.7890,2
11842,gA,1.859,1.849,1.859,1.8540,2
11847,gA,1.699,1.699,1.699,1.6990,3
11849,g95e5,1.780,1.780,1.780,1.7800,3
11849,gA,1.880,1.880,1.880,1.8800,3
11850,gA,1.919,1.919,1.919,1.9190,3
11850,gP,2.019,2.019,2.019,2.0190,3
11850,g98e5,1.939,1.939,1.939,1.9390,3
11852,g95e5,1.789,1.789,1.805,1.7945,4
11852,gA,1.889,1.859,1.889,1.8790,4
11852,gP,1.979,1.969,1.979,1.9757,3
11852,g98e5,1.909,1.909,1.925,1.9143,3
11852,glp,1.169,1.169,1.169,1.1690,2
11853,gA,1.719,1.719,1.719,1.7190,2
11853,gB,1.369,1.369,1.369,1.3690,2
11854,g95e5,1.759,1.759,1.759,1.7590,2
11854,gA,1.929,1.909,1.929,1.9190,2
11854,g98e5,1.969,1.969,1.969,1.9690,2
11856,gA,1.954,1.934,1.954,1.9407,3
11856,gP,2.034,2.014,2.034,2.0207,3
11857,gA,1.879,1.859,1.879,1.8657,3
11857,gP,1.979,1.959,1.979,1.9657,3
11858,g95e5,1.649,1.649,1.649,1.6490,3
11858,gA,1.749,1.749,1.749,1.7490,3
11858,gP,1.849,1.849,1.849,1.8490,3
11858,g98e5,1.749,1.749,1.749,1.7490,3
11863,g95e5,1.599,1.599,1.599,1.5990,3
11863,gA,1.669,1.669,1.669,1.6690,3
11863,gP,1.699,1.699,1.699,1.6990,3
11865,g95e5,1.785,1.779,1.785,1.7810,3
11865,gA,1.945,1.929,1.945,1.9343,3
11865,gP,2.035,2.029,2.035,2.0310,3
11865,g95e5p,1.979,1.979,1.979,1.9790,3
11869,g95e5,1.507,1.479,1.507,1.4977,3
11869,gA,1.677,1.677,1.677,1.6770,2
11869,g98e5,1.558,1.558,1.577,1.5643,3
11876,g95e5,1.504,1.476,1.504,1.4947,3
11876,gA,1.675,1.675,1.675,1.6750,2
11878,gA,1.939,1.919,1.939,1.9257,3
11878,gP,2.039,2.019,2.039,2.0257,3
11881,g95e5,1.564,1.539,1.564,1.5490,3
11881,gA,1.749,1.729,1.749,1.7390,2
11881,gP,1.799,1.779,1.799,1.7890,2
11881,g98e5,1.674,1.649,1.674,1.6590,3
11886,g95e5,1.619,1.619,1.619,1.6190,2
11886,gA,1.769,1.769,1.769,1.7690,2
11889,g95e5,1.449,1.449,1.449,1.4490,3
11889,gA,1.539,1.539,1.539,1.5390,3
11889,gP,1.629,1.629,1.629,1.6290,3
11889,g98e5,1.579,1.579,1.579,1.5790,2
11890,g95e5,1.814,1.804,1.814,1.8065,4
11890,gA,1.904,1.884,1.904,1.8940,4
11890,gP,1.994,1.974,1.994,1.9840,4
11890,g98e5,1.954,1.944,1.954,1.9465,4
11891,gA,1.949,1.949,1.949,1.9490,3
11891,gP,1.999,1.999,1.999,1.9990,3
11892,gA,1.839,1.839,1.839,1.8390,2
11894,gA,1.904,1.878,1.904,1.8953,3
11894,gB,1.689,1.678,1.689,1.6853,3
11895,g95e5,1.759,1.755,1.759,1.7577,3
11895,gA,1.905,1.889,1.905,1.8997,3
11895,gP,1.995,1.979,1.995,1.9897,3
11895,g98e5,1.899,1.895,1.899,1.8977,3
11896,gA,1.969,1.969,1.969,1.9690,2
11896,gP,2.069,2.069,2.069,2.0690,2
11898,g95e5,1.769,1.769,1.769,1.7690,3
11898,gA,1.939,1.939,1.939,1.9390,3
11898,gP,2.029,2.029,2.029,2.0290,3
11898,g98e5,1.909,1.909,1.909,1.9090,3
11899,gP,1.809,1.789,1.809,1.7957,3
11910,gA,1.974,1.974,1.974,1.9740,2
11910,gP,2.054,2.054,2.054,2.0540,2
11911,gA,1.974,1.974,1.974,1.9740,2
11911,gP,2.054,2.054,2.054,2.0540,2
11912,g95e5,1.795,1.795,1.795,1.7950,3
11912,gA,1.919,1.915,1.919,1.9177,3
11912,g98e5,1.965,1.965,1.965,1.9650,3
11912,g95e5p,1.865,1.865,1.865,1.8650,3
11914,g95e5,1.829,1.829,1.829,1.8290,3
11914,gA,1.979,1.975,1.979,1.9777,3
11914,g98e5,1.949,1.949,1.949,1.9490,3
11914,glp,1.135,1.135,1.135,1.1350,2
11915,g95e5,1.765,1.765,1.765,1.7650,3
11915,gA,1.925,1.915,1.925,1.9217,3
11915,g98e5,1.935,1.935,1.935,1.9350,3
11918,gP,1.779,1.759,1.779,1.7657,3
11918,g98e5,1.739,1.729,1.739,1.7323,3
11920,g95e5,1.805,1.799,1.805,1.8030,3
11920,gA,1.889,1.879,1.889,1.8857,3
11920,gP,1.979,1.969,1.979,1.9757,3
11920,g98e5,1.945,1.939,1.945,1.9430,3
11921,gA,1.769,1.769,1.769,1.7690,2
11922,g95e5,1.556,1.556,1.556,1.5560,2
11922,gA,1.688,1.664,1.688,1.6800,3
11922,gP,1.759,1.735,1.759,1.7510,3
11922,gB,1.348,1.348,1.348,1.3480,2
11928,g95e5,1.679,1.659,1.679,1.6690,2
11928,gA,1.819,1.799,1.819,1.8090,2
11929,g95e5,1.809,1.809,1.809,1.8090,2
11929,gA,1.899,1.899,1.899,1.8990,3
11929,gP,1.989,1.989,1.989,1.9890,3
11929,g98e5,1.949,1.949,1.949,1.9490,2
11930,g95e5,1.589,1.589,1.589,1.5890,3
11930,gA,1.729,1.729,1.729,1.7290,3
11930,gP,1.779,1.779,1.779,1.7790,3
11930,g98e5,1.789,1.789,1.789,1.7890,3
11932,gA,1.859,1.849,1.859,1.8523,3
11932,gP,1.919,1.909,1.919,1.9123,3
11933,g95e5,1.559,1.559,1.559,1.5590,3
11933,gA,1.679,1.679,1.679,1.6790,2
11934,g95e5,1.585,1.585,1.585,1.5850,2
11934,gA,1.755,1.755,1.755,1.7550,2
11936,g95e5,1.517,1.509,1.517,1.5130,2
11936,gA,1.699,1.683,1.699,1.6910,2
11936,gB,1.349,1.349,1.349,1.3490,2
11942,g95e5,1.814,1.814,1.814,1.8140,4
11942,gA,1.924,1.904,1.924,1.9140,4
11942,gP,1.984,1.964,1.984,1.9740,4
11942,g95e5p,1.874,1.874,1.874,1.8740,4
11944,gA,1.749,1.729,1.749,1.7390,2
11945,g95e5,1.839,1.839,1.839,1.8390,3
11945,gA,1.979,1.969,1.979,1.9757,3
11945,g98e5,1.979,1.979,1.979,1.9790,3
11946,g95e5,1.765,1.765,1.765,1.7650,3
11946,gA,1.919,1.919,1.919,1.9190,2
11946,gP,1.979,1.979,1.979,1.9790,2
11946,g98e5,1.885,1.885,1.885,1.8850,3
11947,g95e5,1.795,1.795,1.795,1.7950,2
11947,gA,1.885,1.885,1.885,1.8850,2
11947,g98e5,1.995,1.995,1.995,1.9950,2
11947,gB,1.535,1.535,1.535,1.5350,2
11952,g95e5,1.508,1.480,1.508,1.4987,3
11952,gA,1.679,1.679,1.679,1.6790,2
11955,g95e5,1.899,1.899,1.899,1.8990,3
11955,gA,1.959,1.959,1.959,1.9590,2
11955,g98e5,2.019,2.019,2.019,2.0190,3
11958,g95e5,1.819,1.819,1.819,1.8190,3
11958,gA,1.975,1.969,1.975,1.9730,3
11958,gP,2.035,2.029,2.035,2.0330,3
11958,g98e5,1.939,1.939,1.939,1.9390,3
11964,g95e5,1.805,1.805,1.805,1.8050,3
11964,gA,1.899,1.899,1.909,1.9023,3
11964,g98e5,1.955,1.955,1.955,1.9550,3
11965,g95e5,1.775,1.775,1.779,1.7777,3
11965,gP,2.035,2.015,2.035,2.0217,3
11965,g98e5,1.895,1.895,1.899,1.8977,3
11970,g95e5,1.765,1.765,1.765,1.7650,3
11970,gA,1.929,1.929,1.929,1.9290,2
11970,gP,2.039,2.029,2.039,2.0357,3
11970,g98e5,1.935,1.935,1.935,1.9350,3
11972,gA,1.939,1.939,1.939,1.9390,3
11972,gP,2.019,2.019,2.019,2.0190,3
11973,g95e5,1.789,1.779,1.789,1.7840,2
11973,gA,1.975,1.969,1.975,1.9720,2
11973,g98e5,1.909,1.909,1.909,1.9090,2
11974,g95e5,1.795,1.775,1.795,1.7885,4
11974,gA,1.939,1.929,1.939,1.9355,4
11974,g98e5,1.915,1.909,1.915,1.9130,3
11974,g95e5p,1.855,1.849,1.855,1.8530,3
11975,gA,1.909,1.909,1.909,1.9090,3
11975,g98e5,1.999,1.999,1.999,1.9990,4
11975,g95e5p,1.899,1.899,1.899,1.8990,4
11976,g95e5,1.729,1.719,1.729,1.7257,3
11976,gA,1.919,1.909,1.919,1.9157,3
11976,gP,2.009,1.999,2.009,2.0057,3
11976,g98e5,1.869,1.859,1.869,1.8657,3
11978,g95e5,1.824,1.824,1.824,1.8240,3
11978,gA,1.938,1.938,1.938,1.9380,3
11978,gP,2.004,2.004,2.004,2.0040,3
11983,gA,1.719,1.689,1.719,1.7040,2
11983,gP,1.729,1.699,1.729,1.7140,2
11984,g95e5,1.649,1.649,1.649,1.6490,2
11984,gA,1.749,1.749,1.749,1.7490,2
11984,gP,1.820,1.820,1.820,1.8200,2
11984,g98e5,1.649,1.649,1.649,1.6490,2
11986,g95e5,1.739,1.735,1.739,1.7377,3
11986,gA,1.919,1.885,1.919,1.9055,4
11986,g98e5,1.859,1.855,1.859,1.8577,3
11986,glp,1.175,1.175,1.175,1.1750,2
11986,gB,1.630,1.625,1.630,1.6283,3
11990,g95e5,1.764,1.764,1.764,1.7640,4
11990,gA,1.984,1.964,1.984,1.9773,3
11990,gP,2.064,2.044,2.064,2.0573,3
11990,g95e5p,1.854,1.854,1.854,1.8540,4
11991,gA,1.789,1.789,1.789,1.7890,3
11991,gP,1.789,1.789,1.789,1.7890,3
11995,g95e5,1.829,1.829,1.829,1.8290,3
11995,gA,1.969,1.959,1.969,1.9657,3
11995,g98e5,1.969,1.969,1.969,1.9690,3
11997,gA,1.739,1.739,1.739,1.7390,2
11997,gP,1.769,1.769,1.769,1.7690,2
11999,g95e5,1.649,1.649,1.649,1.6490,2
11999,gA,1.789,1.789,1.789,1.7890,2
11999,gP,1.919,1.919,1.919,1.9190,2
11999,g98e5,1.839,1.839,1.839,1.8390,2
12001,g95e5,1.599,1.599,1.599,1.5990,3
12001,gA,1.769,1.759,1.769,1.7623,3
12001,gB,1.415,1.405,1.415,1.4083,3
12002,g95e5,1.819,1.819,1.819,1.8190,2
12002,gA,1.909,1.909,1.909,1.9090,2
12002,gP,2.009,2.009,2.009,2.0090,2
12008,g95e5,1.785,1.785,1.785,1.7850,2
12008,gA,1.919,1.919,1.919,1.9190,2
12008,gP,2.009,2.009,2.009,2.0090,2
12008,g98e5,1.925,1.925,1.925,1.9250,2
12009,g95e5,1.749,1.739,1.749,1.7457,3
12009,gA,1.899,1.879,1.899,1.8923,3
12009,gP,1.989,1.969,1.989,1.9823,3
12009,g98e5,1.889,1.879,1.889,1.8857,3
12011,g95e5,1.609,1.579,1.609,1.5957,3
12011,gA,1.709,1.649,1.709,1.6757,3
12012,g95e5,1.795,1.789,1.795,1.7910,3
12012,gA,1.959,1.949,1.959,1.9523,3
12012,gP,2.049,2.039,2.049,2.0423,3
12012,g98e5,1.935,1.929,1.935,1.9310,3
12013,gA,1.889,1.889,1.889,1.8890,2
12013,gP,1.938,1.938,1.938,1.9380,2
12013,gB,1.735,1.735,1.735,1.7350,3
12014,g95e5,1.540,1.520,1.540,1.5333,3
12014,gA,1.710,1.660,1.710,1.6933,3
12014,gP,1.740,1.690,1.740,1.7233,3
12014,gB,1.390,1.380,1.390,1.3867,3
12015,g95e5,1.629,1.629,1.629,1.6290,2
12015,gA,1.739,1.739,1.739,1.7390,2
12021,g95e5,1.754,1.754,1.754,1.7540,3
12021,gA,1.924,1.904,1.924,1.9173,3
12021,gP,2.004,1.984,2.004,1.9973,3
12021,g95e5p,1.844,1.844,1.844,1.8440,3
12022,g95e5,1.755,1.755,1.755,1.7550,3
12022,gA,1.989,1.969,1.989,1.9823,3
12022,gP,2.069,2.069,2.069,2.0690,2
12022,g98e5,1.895,1.895,1.895,1.8950,3
12023,g95e5,1.755,1.745,1.755,1.7525,4
12023,gA,1.989,1.959,1.989,1.9765,4
12023,gP,2.069,2.069,2.069,2.0690,2
12023,g98e5,1.895,1.895,1.895,1.8950,3
12023,glp,1.185,1.185,1.185,1.1850,2
12025,g95e5,1.855,1.855,1.855,1.8550,2
12025,gA,1.895,1.895,1.895,1.8950,2
12026,g95e5,1.578,1.578,1.578,1.5780,2
12026,gA,1.698,1.698,1.698,1.6980,2
12028,g95e5,1.809,1.809,1.809,1.8090,3
12028,gA,1.949,1.949,1.949,1.9490,3
12028,g98e5,1.959,1.959,1.959,1.9590,3
12032,g95e5,1.775,1.775,1.775,1.7750,2
12032,gA,1.995,1.975,1.995,1.9883,3
12032,gP,2.085,2.065,2.085,2.0783,3
12032,g98e5,1.915,1.915,1.915,1.9150,2
12036,g95e5,1.639,1.639,1.639,1.6390,3
12036,gA,1.749,1.749,1.749,1.7490,3
12036,gP,1.789,1.789,1.789,1.7890,3
12038,g95e5,1.769,1.759,1.769,1.7665,4
12038,gA,1.919,1.915,1.919,1.9177,3
12038,gP,1.979,1.975,1.979,1.9777,3
12038,g98e5,1.889,1.889,1.889,1.8890,3
12038,glp,1.115,1.115,1.115,1.1150,2
12039,gA,1.740,1.740,1.740,1.7400,3
12041,g95e5,1.794,1.794,1.794,1.7940,3
12041,g98e5,1.934,1.934,1.934,1.9340,3
12043,g95e5,1.449,1.449,1.449,1.4490,2
12043,g98e5,1.589,1.589,1.589,1.5890,2
12044,g95e5,1.809,1.789,1.809,1.8023,3
12044,gA,2.005,1.999,2.005,2.0030,3
12044,gP,2.065,2.059,2.065,2.0630,3
12044,g98e5,1.979,1.959,1.979,1.9723,3
12045,g95e5,1.805,1.789,1.805,1.7995,4
12045,gA,1.975,1.969,1.975,1.9730,3
12045,g98e5,1.925,1.919,1.925,1.9230,3
12045,glp,1.175,1.175,1.175,1.1750,2
12045,gB,1.740,1.735,1.740,1.7383,3
12046,g95e5,1.805,1.789,1.805,1.7995,4
12046,gA,1.975,1.959,1.975,1.9695,4
12046,g98e5,1.925,1.919,1.925,1.9230,3
12046,gB,1.734,1.729,1.734,1.7323,3
12049,g95e5,1.759,1.759,1.759,1.7590,2
12049,gA,1.869,1.869,1.869,1.8690,2
12049,gP,1.929,1.929,1.929,1.9290,2
12052,g95e5,1.629,1.629,1.629,1.6290,3
12052,gA,1.799,1.789,1.799,1.7923,3
12053,g95e5,1.799,1.799,1.799,1.7990,2
12053,gA,1.949,1.929,1.949,1.9423,3
12053,gP,2.039,2.019,2.039,2.0323,3
12053,g98e5,1.939,1.939,1.939,1.9390,2
12054,g95e5,1.785,1.785,1.785,1.7850,2
12054,gA,1.939,1.939,1.939,1.9390,2
12054,gP,2.029,2.029,2.029,2.0290,2
12054,g98e5,1.925,1.925,1.925,1.9250,2
12055,g95e5,1.629,1.629,1.629,1.6290,2
12055,gA,1.729,1.729,1.729,1.7290,2
12055,gP,1.789,1.789,1.789,1.7890,2
12055,g98e5,1.729,1.729,1.729,1.7290,2
12057,g95e5,1.510,1.482,1.510,1.5007,3
12057,gA,1.680,1.680,1.680,1.6800,2
12059,g95e5,1.819,1.819,1.819,1.8190,3
12059,gA,1.949,1.949,1.949,1.9490,3
12059,gP,2.024,2.024,2.024,2.0240,3
12060,g95e5,1.789,1.789,1.789,1.7890,2
12060,gA,1.909,1.909,1.909,1.9090,2
12060,gP,1.999,1.999,1.999,1.9990,2
12060,g98e5,1.879,1.879,1.879,1.8790,2
12061,gA,1.879,1.879,1.879,1.8790,2
12061,g98e5,1.919,1.919,1.919,1.9190,2
12062,g95e5,1.779,1.779,1.779,1.7790,2
12062,gA,1.879,1.879,1.879,1.8790,2
12062,gP,1.919,1.919,1.919,1.9190,2
12062,g98e5,1.919,1.919,1.919,1.9190,2
12063,g95e5,1.754,1.754,1.754,1.7540,3
12063,gA,1.934,1.934,1.934,1.9340,3
12063,gP,2.014,2.014,2.014,2.0140,3
12063,g98e5,1.874,1.874,1.874,1.8740,3
12075,g95e5,1.855,1.855,1.865,1.8583,3
12075,gA,1.995,1.969,1.995,1.9797,3
12075,gP,2.085,2.085,2.115,2.0950,3
12075,g98e5,2.029,2.025,2.029,2.0277,3
12075,gB,1.769,1.619,1.769,1.6690,3
12077,g95e5,1.519,1.519,1.519,1.5190,2
12077,gP,1.712,1.698,1.712,1.7073,3
12078,g95e5,1.735,1.735,1.739,1.7363,3
12078,gA,1.949,1.949,1.949,1.9490,2
12078,gP,2.049,2.049,2.065,2.0543,3
12078,g98e5,1.905,1.905,1.909,1.9063,3
12079,g95e5,1.794,1.794,1.799,1.7957,3
12079,gA,1.939,1.939,1.939,1.9390,3
12079,gP,2.019,2.019,2.019,2.0190,3
12079,g98e5,1.934,1.934,1.939,1.9357,3
12084,g95e5,1.409,1.409,1.409,1.4090,4
12084,gA,1.525,1.519,1.525,1.5230,3
12085,g95e5,1.759,1.749,1.759,1.7557,3
12085,gA,1.919,1.909,1.919,1.9157,3
12085,gP,1.959,1.949,1.959,1.9557,3
12085,gB,1.719,1.709,1.719,1.7157,3
12089,g95e5,1.817,1.817,1.823,1.8190,3
12089,gA,1.909,1.909,1.919,1.9140,2
12089,gP,1.969,1.969,1.979,1.9723,3
12089,g98e5,1.976,1.976,1.992,1.9813,3
12090,g95e5,1.811,1.811,1.822,1.8147,3
12090,gA,2.009,1.992,2.009,2.0033,3
12090,gP,2.068,2.052,2.068,2.0627,3
12090,g95e5p,1.870,1.870,1.882,1.8740,3
12091,g95e5,1.794,1.794,1.794,1.7940,4
12091,gA,1.974,1.954,1.974,1.9640,4
12091,gP,2.074,2.054,2.074,2.0640,4
12096,g95e5,1.779,1.775,1.779,1.7777,3
12096,gA,1.989,1.985,1.989,1.9877,3
12096,g98e5,1.949,1.945,1.949,1.9477,3
12099,g95e5,1.769,1.769,1.769,1.7690,3
12099,gA,1.794,1.789,1.799,1.7940,3
12099,gP,1.874,1.869,1.879,1.8740,3
12099,g98e5,1.909,1.909,1.909,1.9090,3
12101,g95e5,1.774,1.774,1.774,1.7740,4
12101,gA,1.934,1.914,1.934,1.9273,3
12101,gP,2.014,1.994,2.014,2.0073,3
12101,g95e5p,1.864,1.864,1.864,1.8640,4
12106,g95e5,1.599,1.599,1.599,1.5990,3
12106,gA,1.769,1.759,1.769,1.7623,3
12107,g95e5,1.600,1.590,1.600,1.5933,3
12107,gA,1.770,1.750,1.770,1.7567,3
12108,gA,1.769,1.769,1.769,1.7690,3
12108,gB,1.360,1.360,1.360,1.3600,3
12109,g95e5,1.754,1.754,1.754,1.7540,4
12109,gA,1.934,1.914,1.934,1.9273,3
12109,gP,2.014,1.994,2.014,2.0073,3
12109,g95e5p,1.844,1.844,1.844,1.8440,4
12111,gA,1.922,1.922,1.922,1.9220,2
12115,gA,1.899,1.899,1.899,1.8990,2
12116,g95e5,1.539,1.539,1.539,1.5390,3
12116,gA,1.699,1.699,1.699,1.6990,3
12116,gP,1.749,1.749,1.749,1.7490,3
12117,g95e5,1.739,1.739,1.739,1.7390,2
12117,gA,1.889,1.879,1.889,1.8840,2
12119,g95e5,1.729,1.729,1.739,1.7323,3
12119,gA,1.979,1.979,1.979,1.9790,3
12119,gP,2.029,2.029,2.029,2.0290,3
12119,g98e5,1.959,1.959,1.969,1.9623,3
12120,g95e5,1.805,1.805,1.805,1.8050,3
12120,gA,1.895,1.895,1.909,1.8997,3
12121,g95e5,1.502,1.474,1.502,1.4927,3
12121,gA,1.672,1.672,1.672,1.6720,2
12122,gA,1.879,1.854,1.879,1.8660,3
12124,g95e5,1.795,1.785,1.795,1.7925,4
12124,gA,1.955,1.945,1.955,1.9517,3
12124,gP,2.015,2.005,2.015,2.0117,3
12124,g98e5,1.915,1.915,1.915,1.9150,3
12125,g95e5,1.795,1.795,1.795,1.7950,3
12125,gA,1.955,1.945,1.955,1.9517,3
12125,gP,2.015,2.005,2.015,2.0117,3
12125,g98e5,1.915,1.915,1.915,1.9150,3
12126,g95e5,1.669,1.669,1.669,1.6690,3
12126,gA,1.769,1.769,1.769,1.7690,3
12128,gA,1.879,1.879,1.879,1.8790,3
12128,g98e5,1.849,1.849,1.849,1.8490,3
12128,gB,1.629,1.619,1.629,1.6223,3
12132,g95e5,1.749,1.739,1.749,1.7457,3
12132,gA,1.945,1.929,1.945,1.9397,3
12132,gP,2.035,2.019,2.035,2.0297,3
12132,g98e5,1.889,1.879,1.889,1.8857,3
12133,g98e5,1.889,1.889,1.889,1.8890,2
12134,g95e5,1.804,1.804,1.804,1.8040,3
12134,gA,1.924,1.904,1.924,1.9140,4
12134,gP,2.014,1.994,2.014,2.0040,4
12134,g95e5p,1.914,1.914,1.914,1.9140,3
12136,g95e5,1.669,1.669,1.699,1.6840,2
12136,gA,1.849,1.849,1.879,1.8640,2
12136,gP,1.899,1.899,1.929,1.9140,2
12136,g98e5,1.789,1.789,1.819,1.8040,2
12139,g95e5,1.629,1.629,1.639,1.6357,3
12139,gA,1.755,1.755,1.769,1.7643,3
12140,g95e5,1.804,1.804,1.804,1.8040,4
12140,gA,1.944,1.924,1.944,1.9373,3
12140,gP,2.044,2.024,2.044,2.0373,3
12142,gA,1.729,1.709,1.729,1.7190,2
12145,g95e5,1.617,1.608,1.617,1.6110,3
12145,gA,1.737,1.727,1.737,1.7303,3
12145,gP,1.759,1.749,1.759,1.7523,3
12145,g98e5,1.699,1.689,1.699,1.6923,3
12146,g95e5,1.744,1.744,1.744,1.7440,3
12146,gA,1.944,1.924,1.944,1.9373,3
12146,gP,2.014,1.994,2.014,2.0073,3
12146,g95e5p,1.834,1.834,1.834,1.8340,3
12147,gA,1.899,1.899,1.899,1.8990,2
12147,gP,1.979,1.979,1.979,1.9790,2
12148,g95e5,1.779,1.779,1.779,1.7790,2
12148,g98e5,1.919,1.919,1.919,1.9190,2
12149,g95e5,1.609,1.609,1.609,1.6090,3
12149,gA,1.769,1.769,1.769,1.7690,3
12149,gP,1.819,1.819,1.819,1.8190,3
12149,g98e5,1.809,1.809,1.809,1.8090,3
12152,g95e5,1.789,1.789,1.789,1.7890,2
12152,gA,1.899,1.899,1.899,1.8990,3
12152,gP,1.989,1.989,1.989,1.9890,3
12152,g98e5,1.929,1.929,1.929,1.9290,2
12153,g95e5,1.729,1.729,1.729,1.7290,3
12153,gA,1.829,1.819,1.829,1.8257,3
12153,gP,1.869,1.859,1.869,1.8657,3
12153,g98e5,1.889,1.889,1.889,1.8890,2
12154,g95e5,1.739,1.719,1.739,1.7290,2
12154,gA,1.809,1.809,1.809,1.8090,2
12154,gP,1.849,1.849,1.849,1.8490,2
12155,g95e5,1.699,1.699,1.699,1.6990,2
12155,gA,1.819,1.799,1.819,1.8090,2
12155,gP,1.859,1.839,1.859,1.8490,2
12158,g95e5,1.809,1.799,1.809,1.8065,4
12158,gA,1.959,1.959,1.969,1.9630,4
12158,gP,2.019,2.019,2.029,2.0223,3
12158,g98e5,1.929,1.929,1.929,1.9290,3
12159,g95e5,1.809,1.809,1.809,1.8090,3
12159,gA,1.959,1.959,1.969,1.9623,3
12159,gP,2.019,2.019,2.029,2.0223,3
12159,g98e5,1.929,1.929,1.929,1.9290,3
12159,glp,1.169,1.169,1.169,1.1690,2
12160,g95e5,1.651,1.651,1.651,1.6510,2
12162,g95e5,1.599,1.599,1.599,1.5990,3
12162,gA,1.759,1.759,1.759,1.7590,3
12162,gP,1.799,1.799,1.799,1.7990,3
12168,g95e5,1.809,1.809,1.809,1.8090,4
12168,gA,1.919,1.919,1.919,1.9190,4
12170,gA,1.929,1.919,1.929,1.9240,2
12170,gP,2.009,1.998,2.009,2.0035,2
12172,gA,1.719,1.719,1.719,1.7190,3
12174,gA,1.659,1.639,1.659,1.6523,3
12177,gA,1.898,1.898,1.898,1.8980,3
12179,gA,1.919,1.909,1.919,1.9157,3
12179,gP,1.959,1.949,1.959,1.9557,3
12179,g98e5,1.889,1.889,1.889,1.8890,2
12180,g95e5,1.738,1.728,1.738,1.7347,3
12180,gA,1.848,1.838,1.848,1.8447,3
12185,g95e5,1.738,1.728,1.738,1.7330,2
12185,gA,1.838,1.838,1.838,1.8380,2
12186,g95e5,1.729,1.719,1.729,1.7257,3
12186,gA,1.914,1.904,1.914,1.9090,2
12186,gP,1.994,1.984,1.994,1.9890,2
12186,g98e5,1.869,1.859,1.869,1.8657,3
12190,g95e5,1.859,1.859,1.859,1.8590,3
12190,gA,1.969,1.969,1.969,1.9690,3
12190,g98e5,1.999,1.999,1.999,1.9990,3
12190,g95e5p,1.899,1.899,1.899,1.8990,3
12192,g95e5,1.640,1.628,1.652,1.6400,3
12192,gA,1.830,1.806,1.830,1.8140,3
12192,gP,1.957,1.933,1.957,1.9410,3
12192,g98e5,1.942,1.918,1.942,1.9297,3
12193,g95e5,1.829,1.829,1.829,1.8290,3
12193,gA,1.979,1.975,1.979,1.9777,3
12193,g98e5,1.949,1.949,1.949,1.9490,3
12196,g95e5,1.669,1.669,1.669,1.6690,3
12196,gA,1.799,1.799,1.799,1.7990,3
12196,gP,1.899,1.899,1.899,1.8990,3
12196,g98e5,1.849,1.849,1.849,1.8490,3
12197,g95e5,1.669,1.659,1.669,1.6640,2
12197,gA,1.779,1.749,1.779,1.7640,2
12198,g95e5,1.729,1.729,1.729,1.7290,3
12198,gA,1.849,1.849,1.849,1.8490,3
12198,g98e5,1.899,1.899,1.899,1.8990,3
12201,g95e5,1.769,1.769,1.769,1.7690,3
12201,gA,1.889,1.889,1.889,1.8890,3
12201,gP,1.969,1.969,1.969,1.9690,3
12201,g98e5,1.909,1.909,1.909,1.9090,3
12202,g95e5,1.749,1.739,1.749,1.7457,3
12202,gA,1.945,1.935,1.945,1.9417,3
12202,gP,2.055,2.045,2.055,2.0517,3
12202,g98e5,1.919,1.909,1.919,1.9157,3
12207,g95e5,1.599,1.599,1.621,1.6137,3
12207,gA,1.769,1.749,1.769,1.7557,3
12207,gB,1.449,1.429,1.449,1.4357,3
12209,gA,1.909,1.909,1.909,1.9090,3
12209,gP,1.989,1.989,1.989,1.9890,3
12213,g95e5,1.794,1.794,1.799,1.7973,3
12213,g98e5,1.934,1.934,1.939,1.9373,3
12214,g95e5,1.754,1.754,1.754,1.7540,3
12214,gA,1.944,1.924,1.944,1.9340,4
12214,gP,2.004,1.984,2.004,1.9940,4
12214,g95e5p,1.814,1.814,1.814,1.8140,3
12214,gB,1.724,1.724,1.724,1.7240,2
12215,g95e5,1.719,1.715,1.719,1.7177,3
12215,gA,1.859,1.849,1.859,1.8557,3
12215,gP,1.959,1.949,1.959,1.9557,3
12215,g98e5,1.809,1.809,1.809,1.8090,3
12216,gA,1.848,1.848,1.848,1.8480,2
12216,gP,1.948,1.948,1.948,1.9480,2
12218,gA,1.749,1.749,1.749,1.7490,3
12218,gP,1.809,1.809,1.809,1.8090,3
12219,g95e5,1.501,1.473,1.501,1.4917,3
12219,gA,1.672,1.672,1.672,1.6720,2
12219,g98e5,1.553,1.553,1.553,1.5530,2
12222,g95e5,1.759,1.759,1.759,1.7590,2
12222,gA,1.889,1.889,1.889,1.8890,2
12223,g95e5,1.649,1.649,1.649,1.6490,4
12223,gA,1.749,1.739,1.749,1.7440,4
12223,gP,1.799,1.789,1.799,1.7940,4
12223,g95e5p,1.699,1.699,1.699,1.6990,4
12232,g95e5,1.845,1.845,1.845,1.8450,3
12232,gA,1.949,1.925,1.949,1.9420,4
12232,gP,2.039,2.039,2.039,2.0390,2
12232,g98e5,1.965,1.965,1.965,1.9650,3
12237,gA,1.829,1.809,1.829,1.8157,3
12237,gP,1.879,1.859,1.879,1.8657,3
12239,g95e5,1.835,1.835,1.835,1.8350,3
12239,gA,1.989,1.975,1.989,1.9845,4
12239,g98e5,1.955,1.955,1.955,1.9550,3
12242,g95e5,1.760,1.760,1.770,1.7650,2
12242,gA,1.920,1.910,1.920,1.9150,2
12247,g95e5,1.769,1.755,1.769,1.7605,4
12247,gA,1.985,1.959,1.985,1.9720,4
12247,g98e5,1.879,1.879,1.879,1.8790,3
12249,gA,1.555,1.555,1.555,1.5550,3
12251,g95e5,1.619,1.619,1.619,1.6190,3
12251,gA,1.739,1.729,1.739,1.7323,3
12254,g95e5,1.719,1.719,1.719,1.7190,2
12254,gA,1.879,1.879,1.889,1.8840,2
12257,g95e5,1.539,1.519,1.539,1.5323,3
12257,gA,1.727,1.707,1.727,1.7203,3
12258,g95e5,1.920,1.920,1.920,1.9200,2
12258,gA,1.940,1.940,1.940,1.9400,2
12258,gP,2.062,2.062,2.062,2.0620,2
12258,gB,1.792,1.792,1.792,1.7920,2
12259,gA,1.924,1.924,1.924,1.9240,2
12259,gP,2.014,2.014,2.014,2.0140,2
12260,g95e5,1.505,1.477,1.505,1.4957,3
12260,gA,1.675,1.675,1.675,1.6750,2
12260,g98e5,1.556,1.556,1.556,1.5560,2
12261,g95e5,1.770,1.770,1.770,1.7700,3
12261,gA,1.895,1.895,1.895,1.8950,3
12261,gP,1.955,1.955,1.955,1.9550,3
12263,gA,1.766,1.746,1.766,1.7593,3
12266,gA,1.919,1.909,1.919,1.9157,3
12267,g95e5,1.822,1.822,1.822,1.8220,3
12267,gA,1.992,1.992,1.992,1.9920,3
12267,gP,2.052,2.052,2.052,2.0520,3
12267,g98e5,1.940,1.940,1.940,1.9400,3
12273,g95e5,1.749,1.749,1.749,1.7490,2
12273,gA,1.849,1.849,1.849,1.8490,2
12273,g98e5,1.899,1.899,1.899,1.8990,2
12275,g95e5,1.715,1.709,1.715,1.7120,2
12275,gA,1.895,1.885,1.895,1.8900,2
12276,g95e5,1.789,1.789,1.799,1.7957,3
12276,gA,1.899,1.885,1.899,1.8943,3
12276,gP,1.989,1.969,1.989,1.9790,2
12276,g98e5,1.957,1.947,1.957,1.9537,3
12277,g95e5,1.599,1.599,1.599,1.5990,3
12277,gA,1.769,1.759,1.769,1.7623,3
12277,gB,1.449,1.439,1.449,1.4423,3
12279,g95e5,1.590,1.590,1.590,1.5900,3
12279,gA,1.760,1.750,1.760,1.7533,3
12279,gB,1.415,1.405,1.415,1.4083,3
12282,gA,1.859,1.859,1.859,1.8590,3
12283,g95e5,1.805,1.805,1.805,1.8050,3
12283,gA,1.895,1.885,1.895,1.8917,3
12283,gP,2.005,1.995,2.005,2.0017,3
12283,g98e5,1.975,1.975,1.975,1.9750,3
12284,gA,1.905,1.889,1.905,1.8997,3
12284,gP,1.995,1.979,1.995,1.9897,3
12286,g95e5,1.749,1.739,1.749,1.7440,2
12286,gA,1.919,1.919,1.919,1.9190,2
12288,g95e5,1.739,1.739,1.739,1.7390,3
12288,gA,1.909,1.909,1.909,1.9090,3
12289,g95e5,1.795,1.779,1.805,1.7930,3
12289,gA,1.919,1.919,1.919,1.9190,2
12290,g95e5,1.819,1.799,1.819,1.8123,3
12290,gA,1.979,1.969,1.979,1.9757,3
12290,gP,2.069,2.059,2.069,2.0657,3
12290,g98e5,1.959,1.939,1.959,1.9523,3
12292,g95e5,1.508,1.480,1.508,1.4987,3
12292,gA,1.678,1.678,1.678,1.6780,2
12296,gA,1.759,1.759,1.759,1.7590,3
12297,gA,1.719,1.709,1.719,1.7140,2
12302,g95e5,1.665,1.665,1.665,1.6650,2
12302,gA,1.779,1.779,1.779,1.7790,2
12302,glp,0.995,0.995,0.995,0.9950,2
12305,g95e5,1.839,1.829,1.839,1.8357,3
12305,gA,1.999,1.989,1.999,1.9957,3
12305,g98e5,1.999,1.999,1.999,1.9990,3
12307,g95e5,1.649,1.629,1.649,1.6390,2
12307,gA,1.769,1.749,1.769,1.7590,2
12307,gP,1.789,1.769,1.789,1.7790,2
12310,g95e5,1.719,1.714,1.719,1.7157,3
12310,gA,1.843,1.813,1.843,1.8263,3
12310,gP,1.943,1.913,1.943,1.9263,3
12312,g95e5,1.659,1.639,1.659,1.6490,2
12313,g95e5,1.629,1.619,1.629,1.6240,2
12313,gA,1.799,1.789,1.799,1.7940,2
12316,g95e5,1.649,1.649,1.649,1.6490,3
12316,gA,1.739,1.719,1.739,1.7257,3
12317,gA,1.729,1.729,1.729,1.7290,2
12318,gA,1.994,1.974,1.994,1.9840,2
12318,gP,2.054,2.034,2.054,2.0440,2
12321,g95e5,1.689,1.659,1.689,1.6740,2
12321,gA,1.799,1.749,1.799,1.7740,2
12321,gP,1.899,1.849,1.899,1.8740,2
12322,g95e5,1.629,1.629,1.639,1.6340,2
12322,gA,1.749,1.749,1.749,1.7490,2
12327,g95e5,1.699,1.699,1.699,1.6990,2
12327,gA,1.879,1.849,1.879,1.8590,3
12327,gP,1.919,1.889,1.919,1.8990,3
12327,g98e5,1.889,1.889,1.889,1.8890,2
12337,g95e5,1.639,1.639,1.639,1.6390,3
12337,gA,1.779,1.769,1.779,1.7723,3
12340,gA,1.729,1.699,1.729,1.7140,2
12341,g95e5,1.589,1.569,1.589,1.5790,2
12341,gA,1.769,1.749,1.769,1.7590,2
12342,g95e5,1.715,1.709,1.715,1.7120,2
12342,gA,1.895,1.885,1.895,1.8900,2
12346,g95e5,1.789,1.779,1.789,1.7857,3
12346,gA,1.949,1.929,1.949,1.9423,3
12346,gP,2.039,2.019,2.039,2.0323,3
12346,g98e5,1.929,1.919,1.929,1.9257,3
12349,g95e5,1.569,1.569,1.569,1.5690,3
12350,g95e5,1.829,1.815,1.829,1.8255,4
12350,gA,1.959,1.939,1.959,1.9515,4
12350,g98e5,1.949,1.949,1.949,1.9490,3
12351,g95e5,1.745,1.735,1.745,1.7425,4
12351,gA,1.909,1.899,1.909,1.9065,4
12351,gP,1.969,1.969,1.969,1.9690,3
12351,g98e5,1.865,1.865,1.865,1.8650,3
12352,g95e5,1.581,1.581,1.581,1.5810,3
12352,gA,1.719,1.719,1.719,1.7190,3
12353,g95e5,1.715,1.709,1.715,1.7120,2
12353,gA,1.895,1.885,1.895,1.8900,2
12354,gA,1.749,1.749,1.749,1.7490,2
12355,gA,1.879,1.859,1.879,1.8657,3
12355,gP,1.919,1.899,1.919,1.9057,3
12358,g95e5,1.839,1.839,1.839,1.8390,2
12358,gA,2.003,2.003,2.003,2.0030,2
12358,gP,2.109,2.109,2.109,2.1090,2
12358,g98e5,2.006,2.006,2.006,2.0060,2
12360,g95e5,1.509,1.509,1.509,1.5090,2
12360,gA,1.689,1.689,1.689,1.6890,2
12361,g95e5,1.599,1.589,1.599,1.5923,3
12361,gA,1.729,1.709,1.729,1.7157,3
12362,g95e5,1.689,1.689,1.689,1.6890,2
12362,gA,1.729,1.729,1.729,1.7290,2
12362,gP,1.769,1.769,1.769,1.7690,2
12362,g98e5,1.759,1.759,1.759,1.7590,2
12363,gA,1.759,1.759,1.759,1.7590,2
12368,g95e5,1.519,1.519,1.549,1.5340,2
12368,gA,1.695,1.695,1.699,1.6970,2
12369,g95e5,1.829,1.829,1.829,1.8290,2
12369,gA,1.905,1.889,1.905,1.8997,3
12369,gP,1.995,1.979,1.995,1.9897,3
12369,g98e5,1.969,1.969,1.969,1.9690,2
12370,gA,1.539,1.539,1.539,1.5390,3
12372,gA,1.749,1.729,1.749,1.7390,2
12380,gA,1.938,1.938,1.938,1.9380,2
12380,gP,2.029,2.029,2.029,2.0290,2
12380,gB,1.589,1.589,1.589,1.5890,2
12381,gA,1.569,1.569,1.569,1.5690,2
12381,gP,1.689,1.689,1.689,1.6890,2
12384,g95e5,1.779,1.739,1.779,1.7590,3
12384,gA,1.839,1.819,1.839,1.8290,2
12384,gP,1.879,1.859,1.879,1.8690,2
12386,gA,1.799,1.799,1.799,1.7990,3
12386,gB,1.589,1.589,1.589,1.5890,3
12395,g95e5,1.825,1.809,1.825,1.8210,4
12395,gA,1.975,1.959,1.975,1.9695,4
12395,g98e5,1.995,1.995,1.995,1.9950,3
12396,g95e5,1.815,1.799,1.815,1.8095,4
12396,gA,1.909,1.899,1.909,1.9055,4
12396,g98e5,1.935,1.929,1.935,1.9330,3
12396,glp,1.129,1.129,1.129,1.1290,2
12397,g95e5,1.829,1.819,1.829,1.8223,3
12397,gA,1.959,1.939,1.959,1.9490,3
12397,gP,2.039,1.999,2.039,2.0223,3
12400,gA,1.679,1.679,1.679,1.6790,3
12401,g95e5,1.799,1.791,1.799,1.7963,3
12401,gA,1.899,1.885,1.899,1.8943,3
12401,gP,1.989,1.975,1.989,1.9843,3
12401,g98e5,1.939,1.929,1.939,1.9357,3
12403,g95e5,1.502,1.474,1.502,1.4927,3
12403,gA,1.672,1.672,1.672,1.6720,2
12411,g95e5,1.503,1.475,1.503,1.4937,3
12411,gA,1.673,1.673,1.673,1.6730,2
12416,g95e5,1.819,1.805,1.819,1.8120,2
12416,g98e5,1.929,1.925,1.929,1.9270,2
12419,g95e5,1.649,1.649,1.649,1.6490,3
12419,gA,1.709,1.709,1.709,1.7090,3
12423,g95e5,1.719,1.719,1.719,1.7190,2
12423,gA,1.859,1.859,1.859,1.8590,2
12423,gP,1.919,1.919,1.919,1.9190,2
12423,g98e5,1.859,1.859,1.859,1.8590,2
12425,g95e5,1.819,1.819,1.819,1.8190,2
12425,gA,1.929,1.909,1.929,1.9157,3
12425,gP,2.027,2.007,2.027,2.0150,3
12425,g98e5,1.957,1.957,1.957,1.9570,2
12429,g95e5,1.629,1.629,1.629,1.6290,3
12429,gA,1.779,1.779,1.779,1.7790,3
12431,gA,1.749,1.729,1.749,1.7390,2
12432,g95e5,1.725,1.725,1.725,1.7250,3
12433,g95e5,1.759,1.749,1.759,1.7557,3
12433,gA,1.919,1.909,1.919,1.9157,3
12433,gP,1.959,1.949,1.959,1.9557,3
12433,gB,1.599,1.589,1.599,1.5957,3
12435,g95e5,1.709,1.709,1.709,1.7090,3
12435,gA,1.849,1.849,1.849,1.8490,3
12435,gP,1.939,1.939,1.949,1.9423,3
12436,g95e5,1.755,1.755,1.765,1.7600,2
12436,gA,1.919,1.915,1.919,1.9170,2
12436,gP,1.999,1.995,1.999,1.9970,2
12436,g98e5,1.895,1.895,1.905,1.9000,2
12437,g95e5,1.569,1.569,1.569,1.5690,3
12438,g95e5,1.759,1.759,1.759,1.7590,3
12438,gA,1.949,1.929,1.949,1.9390,3
12438,gP,2.029,2.009,2.029,2.0190,3
12438,g98e5,1.899,1.899,1.899,1.8990,3
12440,g95e5,1.775,1.775,1.775,1.7750,2
12440,gA,1.905,1.889,1.905,1.8997,3
12440,gP,1.995,1.979,1.995,1.9897,3
12440,g98e5,1.915,1.915,1.915,1.9150,2
12443,g95e5,1.629,1.629,1.649,1.6390,2
12443,gA,1.789,1.789,1.839,1.8140,2
12446,g95e5,1.889,1.889,1.889,1.8890,2
12446,g98e5,2.049,2.049,2.049,2.0490,2
12449,g95e5,1.699,1.699,1.699,1.6990,3
12450,g95e5,1.679,1.679,1.679,1.6790,2
12450,gA,1.849,1.849,1.849,1.8490,2
12450,bio,1.769,1.769,1.769,1.7690,2
12453,g95e5,1.804,1.804,1.804,1.8040,3
12453,gA,1.954,1.934,1.954,1.9440,4
12454,g95e5,1.609,1.589,1.609,1.5983,3
12454,gA,1.797,1.775,1.797,1.7877,3
12456,g95e5,1.689,1.659,1.689,1.6740,2
12456,gA,1.799,1.749,1.799,1.7740,2
12458,g95e5,1.779,1.779,1.779,1.7790,3
12458,gA,1.984,1.964,1.984,1.9740,4
12458,gP,2.084,2.064,2.084,2.0740,4
12461,gA,1.779,1.779,1.779,1.7790,2
12462,gA,1.708,1.708,1.708,1.7080,2
12463,gA,1.699,1.699,1.699,1.6990,2
12467,g95e5,1.669,1.669,1.679,1.6723,3
12467,g98e5,1.809,1.809,1.819,1.8123,3
12468,g95e5,1.539,1.529,1.539,1.5340,2
12468,gA,1.719,1.689,1.719,1.7040,2
12469,g95e5,1.790,1.790,1.790,1.7900,2
12469,gA,1.909,1.909,1.909,1.9090,2
12472,gA,1.911,1.911,1.911,1.9110,2
12472,gB,1.732,1.732,1.732,1.7320,2
12474,g95e5,1.559,1.559,1.579,1.5723,3
12474,gA,1.699,1.689,1.699,1.6923,3
12474,gP,1.729,1.699,1.729,1.7090,3
12474,g98e5,1.779,1.779,1.779,1.7790,3
12475,g95e5,1.649,1.608,1.649,1.6217,3
12475,gA,1.699,1.663,1.699,1.6783,3
12475,g98e5,1.749,1.729,1.749,1.7357,3
12476,g95e5,1.657,1.657,1.657,1.6570,3
12476,gA,1.747,1.737,1.747,1.7403,3
12478,gA,1.777,1.777,1.777,1.7770,2
12478,gB,1.478,1.478,1.478,1.4780,2
12479,gA,1.499,1.419,1.499,1.4790,4
12479,gP,1.429,1.419,1.429,1.4223,3
12483,gA,1.905,1.885,1.905,1.8983,3
12483,gP,1.995,1.975,1.995,1.9883,3
12485,gA,1.894,1.894,1.894,1.8940,2
12485,g98e5,1.942,1.929,1.942,1.9355,2
12486,g95e5,1.659,1.619,1.659,1.6390,3
12486,gA,1.779,1.739,1.779,1.7590,3
12488,gA,1.749,1.739,1.749,1.7440,2
12489,gA,1.939,1.929,1.939,1.9340,2
12489,gP,2.029,2.019,2.029,2.0240,2
12490,gA,1.769,1.749,1.769,1.7590,2
12491,g95e5,1.629,1.619,1.629,1.6240,2
12491,gA,1.799,1.789,1.799,1.7940,2
12492,g95e5,1.629,1.619,1.629,1.6240,2
12492,gA,1.799,1.789,1.799,1.7940,2
12499,g95e5,1.795,1.789,1.795,1.7910,3
12499,gA,1.959,1.949,1.959,1.9523,3
12499,gP,2.049,2.039,2.049,2.0423,3
12499,g98e5,1.935,1.929,1.935,1.9310,3
12507,g95e5,1.759,1.759,1.759,1.7590,2
12507,gA,1.919,1.919,1.919,1.9190,2
12507,gP,1.959,1.959,1.959,1.9590,2
12508,g95e5,1.549,1.509,1.589,1.5490,3
12508,gA,1.659,1.619,1.689,1.6557,3
12509,g95e5,1.739,1.739,1.739,1.7390,2
12509,gA,1.889,1.889,1.889,1.8890,2
12509,g98e5,1.849,1.849,1.849,1.8490,2
12515,gA,1.769,1.769,1.769,1.7690,3
12516,g95e5,1.565,1.565,1.565,1.5650,2
12516,gA,1.699,1.699,1.699,1.6990,2
12516,gP,1.779,1.779,1.779,1.7790,2
12516,g98e5,1.695,1.695,1.695,1.6950,2
12517,g95e5,1.629,1.609,1.629,1.6190,2
12517,gA,1.759,1.739,1.759,1.7490,2
12517,gP,1.849,1.829,1.849,1.8390,2
12518,g95e5,1.589,1.569,1.589,1.5790,2
12518,gA,1.769,1.749,1.769,1.7590,2
12519,g95e5,1.579,1.579,1.579,1.5790,2
12519,gA,1.729,1.729,1.729,1.7290,2
12523,gA,1.569,1.559,1.569,1.5657,3
12523,gP,1.709,1.699,1.709,1.7057,3
12524,g95e5,1.529,1.529,1.529,1.5290,2
12524,gA,1.699,1.689,1.699,1.6957,3
12530,g95e5,1.587,1.575,1.587,1.5830,3
12530,gA,1.764,1.764,1.769,1.7665,2
12532,g95e5,1.639,1.639,1.639,1.6390,3
12532,gA,1.739,1.739,1.739,1.7390,3
12535,g95e5,1.745,1.745,1.745,1.7450,2
12535,gA,1.955,1.935,1.955,1.9483,3
12535,gP,2.045,2.025,2.045,2.0383,3
12535,g98e5,1.885,1.885,1.885,1.8850,2
12538,g95e5,1.819,1.819,1.819,1.8190,2
12538,gA,1.939,1.929,1.939,1.9357,3
12538,gP,2.019,2.009,2.019,2.0157,3
12538,g98e5,1.959,1.959,1.959,1.9590,2
12540,g95e5,1.855,1.855,1.855,1.8550,2
12540,gA,1.994,1.994,1.994,1.9940,2
12540,gP,2.042,2.042,2.042,2.0420,2
12540,g98e5,2.017,2.017,2.017,2.0170,2
12541,g95e5,1.677,1.677,1.677,1.6770,3
12541,gA,1.747,1.737,1.747,1.7403,3
12543,gA,1.708,1.708,1.708,1.7080,2
12543,gP,1.752,1.752,1.764,1.7560,3
12543,gB,1.382,1.382,1.382,1.3820,2
12544,gA,1.910,1.910,1.910,1.9100,3
12544,gB,1.738,1.738,1.738,1.7380,2
12545,g95e5,1.529,1.529,1.529,1.5290,2
12545,gA,1.689,1.689,1.689,1.6890,2
12547,gA,1.899,1.879,1.899,1.8857,3
12547,gP,1.979,1.959,1.979,1.9657,3
12548,g95e5,1.659,1.649,1.659,1.6540,2
12548,gA,1.759,1.739,1.759,1.7490,2
12549,g95e5,1.689,1.669,1.689,1.6757,3
12549,gA,1.789,1.769,1.789,1.7757,3
12550,g95e5,1.619,1.619,1.619,1.6190,2
12550,gA,1.759,1.759,1.759,1.7590,2
12550,bio,1.719,1.719,1.719,1.7190,2
12556,gA,1.799,1.779,1.799,1.7890,2
12561,g95e5,1.729,1.729,1.729,1.7290,3
12561,gA,1.849,1.849,1.849,1.8490,3
12562,glp,1.099,1.099,1.099,1.0990,3
12565,gA,1.731,1.731,1.731,1.7310,2
12568,g95e5,1.739,1.739,1.739,1.7390,2
12568,gA,1.869,1.869,1.869,1.8690,2
12569,g95e5,1.715,1.709,1.715,1.7120,2
12569,gA,1.895,1.885,1.895,1.8900,2
12572,g95e5,1.739,1.729,1.739,1.7365,4
12572,gA,1.905,1.889,1.905,1.8995,4
12572,g98e5,1.869,1.869,1.869,1.8690,3
12572,glp,1.169,1.169,1.169,1.1690,2
12581,g95e5,1.789,1.789,1.789,1.7890,2
12581,gA,1.889,1.875,1.889,1.8843,3
12581,gP,1.979,1.965,1.979,1.9743,3
12581,g98e5,1.929,1.929,1.929,1.9290,2
12584,g95e5,1.779,1.779,1.779,1.7790,2
12584,gA,1.915,1.899,1.915,1.9097,3
12584,gP,2.005,1.989,2.005,1.9997,3
12584,g98e5,1.919,1.919,1.919,1.9190,2
12594,gA,1.950,1.950,1.950,1.9500,3
12596,g95e5,1.819,1.819,1.819,1.8190,2
12596,gA,1.959,1.959,1.959,1.9590,2
12596,gP,2.039,2.039,2.039,2.0390,2
12596,g98e5,1.989,1.989,1.989,1.9890,2
12598,g95e5,1.779,1.779,1.789,1.7823,3
12598,gA,1.849,1.839,1.849,1.8457,3
12598,gP,1.929,1.919,1.929,1.9257,3
12598,g98e5,1.919,1.919,1.929,1.9223,3
12599,gA,1.769,1.749,1.769,1.7590,2
12600,gA,1.899,1.899,1.899,1.8990,3
12601,g95e5,1.715,1.709,1.715,1.7120,2
12601,gA,1.895,1.885,1.895,1.8900,2
12602,g95e5,1.610,1.610,1.610,1.6100,2
12602,gA,1.725,1.725,1.725,1.7250,2
12602,gP,1.760,1.760,1.760,1.7600,2
12604,g95e5,1.769,1.769,1.769,1.7690,2
12604,gA,1.929,1.905,1.929,1.9143,3
12604,gP,2.039,2.015,2.039,2.0243,3
12604,g98e5,1.939,1.929,1.939,1.9357,3
12605,g95e5,1.809,1.799,1.809,1.8057,3
12605,gA,1.909,1.889,1.909,1.9023,3
12605,gP,1.999,1.979,1.999,1.9923,3
12605,g98e5,1.949,1.939,1.949,1.9457,3
12609,g95e5,1.715,1.709,1.715,1.7120,2
12609,gA,1.895,1.885,1.895,1.8900,2
12612,g95e5,1.600,1.600,1.600,1.6000,2
12612,gA,1.770,1.770,1.770,1.7700,2
12615,g95e5,1.739,1.739,1.739,1.7390,3
12615,gA,1.934,1.914,1.934,1.9240,4
12615,gP,2.054,2.034,2.054,2.0440,4
12616,g95e5,1.629,1.619,1.629,1.6240,2
12619,g95e5,1.829,1.829,1.829,1.8290,2
12619,gA,1.959,1.959,1.959,1.9590,2
12619,gP,2.019,2.019,2.019,2.0190,2
12619,g98e5,1.929,1.929,1.929,1.9290,2
12620,gA,1.879,1.879,1.879,1.8790,3
12622,gP,1.765,1.765,1.765,1.7650,2
12622,g95e5p,1.685,1.685,1.685,1.6850,2
12623,g95e5,1.789,1.789,1.789,1.7890,2
12623,gA,1.959,1.949,1.959,1.9557,3
12623,gP,2.049,2.039,2.049,2.0457,3
12623,g98e5,1.929,1.929,1.929,1.9290,2
12624,g95e5,1.759,1.755,1.759,1.7577,3
12624,gA,1.949,1.939,1.949,1.9457,3
12624,gP,2.039,2.029,2.039,2.0357,3
12624,g98e5,1.899,1.895,1.899,1.8977,3
12628,g95e5,1.629,1.629,1.629,1.6290,3
12628,gA,1.669,1.669,1.669,1.6690,3
12630,g95e5,1.449,1.449,1.449,1.4490,4
12630,gA,1.559,1.529,1.559,1.5490,4
12631,g95e5,1.549,1.509,1.599,1.5523,3
12631,gA,1.659,1.619,1.699,1.6590,3
12635,g95e5,1.749,1.749,1.749,1.7490,3
12635,gA,1.899,1.889,1.899,1.8957,3
12635,gP,1.939,1.929,1.939,1.9357,3
12636,gA,1.989,1.989,1.989,1.9890,2
12636,gP,2.099,2.099,2.099,2.0990,2
12639,g95e5,1.649,1.649,1.649,1.6490,2
12639,gA,1.789,1.789,1.789,1.7890,2
12641,g95e5,1.680,1.680,1.680,1.6800,3
12641,gA,1.770,1.770,1.770,1.7700,3
12644,gA,1.944,1.944,1.944,1.9440,2
12644,gP,2.084,2.084,2.084,2.0840,2
12644,gB,1.784,1.784,1.784,1.7840,2
12645,g95e5,1.629,1.619,1.629,1.6240,2
12645,gA,1.735,1.715,1.735,1.7250,2
12646,g95e5,1.629,1.629,1.629,1.6290,3
12646,gA,1.769,1.749,1.769,1.7557,3
12646,gB,1.459,1.439,1.459,1.4457,3
12647,gA,1.994,1.994,1.994,1.9940,2
12647,gP,2.094,2.094,2.094,2.0940,2
12649,g95e5,1.589,1.589,1.589,1.5890,3
12649,gA,1.709,1.709,1.709,1.7090,2
12650,g95e5,1.785,1.785,1.785,1.7850,3
12650,gA,1.899,1.895,1.899,1.8977,3
12650,gP,1.989,1.985,1.989,1.9877,3
12650,g98e5,1.955,1.955,1.955,1.9550,3
12652,gA,1.949,1.949,1.949,1.9490,2
12652,gB,1.814,1.799,1.814,1.8065,2
12655,g95e5,1.599,1.599,1.599,1.5990,2
12655,gA,1.759,1.759,1.759,1.7590,2
12658,g95e5,1.669,1.649,1.669,1.6590,2
12658,gA,1.839,1.809,1.839,1.8240,2
12659,g95e5,1.829,1.819,1.829,1.8257,3
12659,gA,1.959,1.959,1.959,1.9590,2
12668,gA,1.525,1.525,1.525,1.5250,3
12672,g95e5,1.745,1.745,1.745,1.7450,3
12672,gA,1.909,1.909,1.909,1.9090,3
12672,gP,2.019,2.019,2.019,2.0190,3
12672,g98e5,1.915,1.915,1.915,1.9150,3
12672,glp,1.165,1.165,1.165,1.1650,2
12678,gA,1.699,1.699,1.699,1.6990,2
12678,gB,1.298,1.298,1.298,1.2980,2
12680,gA,1.934,1.934,1.934,1.9340,2
12680,gB,1.754,1.754,1.754,1.7540,2
12683,g95e5,1.503,1.475,1.503,1.4937,3
12683,gA,1.673,1.673,1.673,1.6730,2
12688,g95e5,1.629,1.619,1.629,1.6240,2
12688,gA,1.735,1.715,1.735,1.7250,2
12689,g95e5,1.609,1.609,1.609,1.6090,3
12689,gA,1.749,1.749,1.749,1.7490,3
12690,g95e5,1.805,1.795,1.805,1.8017,3
12690,gA,1.959,1.939,1.959,1.9523,3
12690,gP,2.049,2.029,2.049,2.0423,3
12690,g98e5,1.945,1.935,1.945,1.9417,3
12691,g95e5,1.819,1.799,1.819,1.8123,3
12691,gA,1.895,1.875,1.895,1.8883,3
12691,gP,1.985,1.965,1.985,1.9783,3
12691,g98e5,1.959,1.939,1.959,1.9523,3
12693,g95e5,1.599,1.599,1.599,1.5990,3
12693,gA,1.739,1.739,1.739,1.7390,3
12695,gA,1.898,1.889,1.898,1.8920,3
12695,gP,1.998,1.989,1.998,1.9920,3
12696,g95e5,1.769,1.769,1.769,1.7690,2
12696,gA,1.955,1.949,1.955,1.9530,3
12696,gP,2.045,2.039,2.045,2.0430,3
12696,g98e5,1.909,1.909,1.909,1.9090,2
12699,g95e5,1.765,1.765,1.765,1.7650,3
12699,gA,1.909,1.905,1.909,1.9077,3
12699,glp,1.135,1.135,1.135,1.1350,2
12700,g95e5,1.589,1.589,1.589,1.5890,2
12700,gA,1.719,1.719,1.719,1.7190,2
12701,g95e5,1.795,1.795,1.795,1.7950,2
12701,gA,1.939,1.939,1.939,1.9390,2
12701,gP,2.059,2.059,2.059,2.0590,2
12701,g98e5,1.915,1.915,1.915,1.9150,2
12704,g95e5,1.575,1.575,1.575,1.5750,3
12705,g95e5,1.599,1.599,1.599,1.5990,3
12705,gA,1.769,1.759,1.769,1.7623,3
12705,gB,1.449,1.439,1.449,1.4423,3
12706,gA,1.739,1.739,1.739,1.7390,3
12706,gB,1.389,1.389,1.389,1.3890,3
12707,g95e5,1.609,1.599,1.609,1.6040,2
12707,gA,1.729,1.699,1.729,1.7140,2
12708,g95e5,1.829,1.829,1.829,1.8290,3
12708,gA,1.925,1.919,1.925,1.9230,3
12708,g98e5,1.949,1.949,1.949,1.9490,3
12708,glp,1.119,1.119,1.119,1.1190,2
12708,gB,1.744,1.739,1.744,1.7423,3
12710,gA,1.799,1.779,1.799,1.7890,2
12713,g95e5,1.649,1.649,1.649,1.6490,3
12713,gA,1.819,1.809,1.819,1.8123,3
12713,gB,1.499,1.489,1.499,1.4923,3
12714,g95e5,1.559,1.549,1.559,1.5523,3
12716,g95e5,1.699,1.669,1.699,1.6823,3
12716,gA,1.779,1.749,1.779,1.7623,3
12721,g95e5,1.629,1.614,1.629,1.6207,3
12721,gA,1.819,1.804,1.819,1.8090,3
12721,gP,1.869,1.854,1.869,1.8590,3
12721,g95e5p,1.679,1.664,1.679,1.6707,3
12723,g95e5,1.639,1.609,1.639,1.6223,3
12723,gA,1.779,1.759,1.779,1.7690,2
12724,g95e5,1.599,1.599,1.599,1.5990,2
12724,gA,1.759,1.759,1.759,1.7590,2
12725,g95e5,1.637,1.637,1.637,1.6370,3
12725,gA,1.747,1.737,1.747,1.7403,3
12728,gA,1.769,1.749,1.769,1.7590,2
12730,g95e5,1.597,1.597,1.599,1.5980,2
12730,gA,1.727,1.699,1.727,1.7130,2
12732,g95e5,1.667,1.639,1.667,1.6483,3
12732,gA,1.717,1.717,1.739,1.7317,3
12733,gA,1.909,1.889,1.909,1.8957,3
12733,gP,1.989,1.969,1.989,1.9757,3
12734,g95e5,1.649,1.649,1.649,1.6490,2
12734,gA,1.798,1.798,1.798,1.7980,2
12738,g95e5,1.729,1.697,1.729,1.7143,3
12738,gA,1.789,1.739,1.789,1.7623,3
12741,g95e5,1.649,1.629,1.649,1.6390,2
12741,gA,1.789,1.769,1.789,1.7790,2
12747,g95e5,1.599,1.599,1.599,1.5990,2
12747,gA,1.699,1.679,1.699,1.6923,3
12752,g95e5,1.558,1.558,1.558,1.5580,2
12752,gA,1.718,1.718,1.718,1.7180,2
12754,g95e5,1.599,1.599,1.599,1.5990,3
12755,g95e5,1.599,1.579,1.599,1.5890,4
12755,gA,1.729,1.699,1.729,1.7115,4
12756,gA,1.829,1.829,1.829,1.8290,2
12757,gA,1.768,1.735,1.768,1.7515,2
12758,g95e5,1.699,1.689,1.699,1.6957,3
12758,gA,1.779,1.719,1.779,1.7590,3
12761,g95e5,1.699,1.689,1.699,1.6957,3
12761,gA,1.859,1.849,1.859,1.8557,3
12761,gP,1.959,1.949,1.959,1.9557,3
12761,g98e5,1.899,1.889,1.899,1.8957,3
12761,gB,1.579,1.569,1.579,1.5757,3
12762,g95e5,1.739,1.719,1.739,1.7257,3
12762,gA,1.829,1.829,1.859,1.8490,3
12765,g95e5,1.639,1.639,1.639,1.6390,3
12765,gA,1.779,1.769,1.779,1.7757,3
12766,g95e5,1.699,1.669,1.699,1.6857,3
12766,gA,1.809,1.759,1.809,1.7823,3
12766,gP,1.829,1.779,1.829,1.8023,3
12772,g95e5,1.635,1.605,1.635,1.6217,3
12772,gA,1.775,1.725,1.775,1.7483,3
12774,g95e5,1.639,1.619,1.639,1.6290,2
12774,gA,1.779,1.759,1.779,1.7690,2
12776,gA,1.569,1.569,1.569,1.5690,2
12776,gP,1.689,1.689,1.689,1.6890,2
12779,g95e5,1.619,1.619,1.619,1.6190,3
12779,gA,1.789,1.779,1.789,1.7823,3
12779,g98e5,1.719,1.719,1.719,1.7190,3
12779,gB,1.469,1.459,1.469,1.4623,3
12780,g95e5,1.669,1.659,1.669,1.6640,2
12780,gA,1.759,1.739,1.759,1.7490,2
12781,g95e5,1.629,1.619,1.629,1.6240,2
12781,gA,1.749,1.719,1.749,1.7323,3
12784,gA,1.558,1.558,1.558,1.5580,2
12785,gA,1.939,1.929,1.939,1.9357,3
12787,g95e5,1.819,1.819,1.819,1.8190,2
12787,gA,1.949,1.939,1.949,1.9440,2
12787,gP,2.049,2.039,2.049,2.0440,2
12787,g98e5,1.979,1.979,1.979,1.9790,2
12789,g95e5,1.729,1.729,1.735,1.7320,2
12789,gA,1.905,1.895,1.905,1.9000,2
12794,g95e5,1.819,1.819,1.819,1.8190,2
12794,gA,1.939,1.929,1.939,1.9357,3
12794,g98e5,1.969,1.969,1.969,1.9690,2
12795,g95e5,1.804,1.804,1.804,1.8040,3
12795,gA,1.924,1.904,1.924,1.9173,3
12795,gP,2.044,2.024,2.044,2.0373,3
12795,g95e5p,1.904,1.904,1.904,1.9040,3
12795,gB,1.784,1.784,1.784,1.7840,2
12798,g95e5,1.729,1.697,1.729,1.7143,3
12798,gA,1.789,1.739,1.789,1.7623,3
12800,g95e5,1.569,1.559,1.569,1.5640,2
12800,gA,1.689,1.659,1.689,1.6740,2
12802,g95e5,1.795,1.789,1.795,1.7910,3
12802,gA,1.959,1.949,1.959,1.9523,3
12802,gP,2.049,2.039,2.049,2.0423,3
12802,g98e5,1.935,1.929,1.935,1.9310,3
12803,g95e5,1.679,1.659,1.679,1.6690,2
12803,gA,1.849,1.829,1.849,1.8390,2
12804,g95e5,1.699,1.699,1.699,1.6990,2
12804,gA,1.839,1.839,1.839,1.8390,2
12805,g95e5,1.576,1.564,1.576,1.5700,2
12806,g95e5,1.650,1.650,1.650,1.6500,3
12806,gA,1.800,1.800,1.800,1.8000,3
12807,g95e5,1.619,1.609,1.619,1.6140,2
12807,gA,1.819,1.779,1.819,1.7990,2
12809,g95e5,1.669,1.659,1.669,1.6640,2
12809,gA,1.779,1.749,1.779,1.7640,2
12810,g95e5,1.499,1.479,1.499,1.4890,2
12810,gA,1.599,1.569,1.599,1.5840,2
12810,gP,1.689,1.659,1.689,1.6740,2
12810,g98e5,1.619,1.579,1.619,1.5990,2
12811,g95e5,1.835,1.835,1.835,1.8350,2
12811,gA,1.949,1.929,1.949,1.9423,3
12811,gP,2.039,2.019,2.039,2.0323,3
12811,g98e5,1.975,1.975,1.975,1.9750,2
12812,g95e5,1.689,1.669,1.689,1.6790,3
12812,gA,1.829,1.819,1.829,1.8223,3
12812,gP,1.869,1.859,1.869,1.8623,3
12812,g98e5,1.839,1.839,1.839,1.8390,2
12814,g95e5,1.669,1.669,1.669,1.6690,3
12814,gA,1.747,1.747,1.747,1.7470,3
12814,gP,1.795,1.795,1.795,1.7950,3
12816,g95e5,1.759,1.759,1.759,1.7590,2
12816,gA,1.829,1.809,1.829,1.8157,3
12816,gP,1.869,1.849,1.869,1.8557,3
12818,g95e5,1.669,1.639,1.669,1.6557,3
12818,gA,1.789,1.739,1.789,1.7623,3
12819,gA,1.799,1.799,1.799,1.7990,2
12821,g95e5,1.619,1.619,1.619,1.6190,2
12821,gA,1.739,1.739,1.739,1.7390,2
12822,g95e5,1.499,1.499,1.499,1.4990,2
12822,gA,1.709,1.709,1.709,1.7090,2
12824,g95e5,1.509,1.509,1.509,1.5090,2
12824,gA,1.679,1.679,1.679,1.6790,2
12825,gA,1.769,1.749,1.769,1.7590,2
12826,g95e5,1.729,1.729,1.729,1.7290,2
12826,g98e5,1.849,1.849,1.849,1.8490,2
12827,g95e5,1.805,1.799,1.805,1.8030,3
12827,gA,1.889,1.879,1.889,1.8857,3
12827,gP,1.979,1.969,1.979,1.9757,3
12827,g98e5,1.945,1.939,1.945,1.9430,3
12828,g95e5,1.639,1.609,1.639,1.6257,3
12828,gA,1.769,1.729,1.769,1.7457,3
12829,g95e5,1.609,1.609,1.609,1.6090,2
12829,gA,1.789,1.769,1.789,1.7790,2
12830,g95e5,1.679,1.679,1.679,1.6790,2
12830,gA,1.719,1.719,1.719,1.7190,2
12831,g95e5,1.504,1.476,1.504,1.4947,3
12831,gA,1.674,1.674,1.674,1.6740,2
12834,gA,1.954,1.934,1.954,1.9407,3
12834,gP,2.034,2.014,2.034,2.0207,3
12840,g95e5,1.759,1.749,1.759,1.7557,3
12840,gA,1.919,1.909,1.919,1.9157,3
12840,gP,1.959,1.949,1.959,1.9557,3
12842,gA,1.739,1.719,1.739,1.7257,3
12843,g95e5,1.649,1.639,1.649,1.6440,2
12844,g95e5,1.749,1.739,1.749,1.7465,4
12844,gA,1.959,1.955,1.959,1.9577,3
12844,g98e5,1.869,1.869,1.869,1.8690,3
12845,gA,1.709,1.709,1.709,1.7090,2
12846,g95e5,1.755,1.749,1.755,1.7530,3
12846,gA,1.919,1.879,1.919,1.9040,4
12846,gP,2.019,1.999,2.019,2.0123,3
12846,g98e5,1.925,1.919,1.925,1.9230,3
12847,g95e5,1.779,1.775,1.779,1.7777,3
12847,gA,1.939,1.925,1.939,1.9345,4
12847,gP,1.999,1.995,1.999,1.9977,3
12847,g98e5,1.949,1.945,1.949,1.9477,3
12847,glp,1.175,1.175,1.175,1.1750,2
12852,g95e5,1.502,1.474,1.502,1.4927,3
12852,gA,1.672,1.672,1.672,1.6720,2
12855,g95e5,1.599,1.599,1.599,1.5990,3
12855,gA,1.759,1.759,1.759,1.7590,3
12860,gA,1.769,1.749,1.769,1.7590,2
12861,gA,1.809,1.809,1.809,1.8090,2
12861,gP,1.829,1.829,1.829,1.8290,2
12865,g95e5,1.794,1.794,1.794,1.7940,4
12865,gA,1.924,1.904,1.924,1.9140,4
12865,gP,2.024,2.004,2.024,2.0140,4
12865,g95e5p,1.894,1.894,1.894,1.8940,4
12866,g95e5,1.814,1.814,1.814,1.8140,3
12866,gA,1.924,1.904,1.924,1.9173,3
12866,gP,2.014,1.994,2.014,2.0073,3
12868,g95e5,1.695,1.695,1.695,1.6950,2
12868,gA,1.759,1.759,1.759,1.7590,2
12869,g95e5,1.539,1.539,1.569,1.5540,2
12869,gA,1.649,1.649,1.649,1.6490,2
12870,g95e5,1.669,1.669,1.669,1.6690,2
12870,gA,1.769,1.769,1.769,1.7690,2
12871,g95e5,1.769,1.769,1.769,1.7690,3
12871,gA,1.949,1.949,1.949,1.9490,3
12871,gP,2.039,2.039,2.039,2.0390,3
12871,g98e5,1.909,1.909,1.909,1.9090,3
12874,g95e5,1.759,1.749,1.759,1.7557,3
12874,gA,1.919,1.909,1.919,1.9157,3
12876,g95e5,1.599,1.599,1.599,1.5990,2
12876,gA,1.719,1.719,1.719,1.7190,2
12879,gA,1.819,1.819,1.819,1.8190,3
12882,g95e5,1.649,1.639,1.649,1.6423,3
12882,gA,1.769,1.759,1.769,1.7623,3
12882,gP,1.819,1.809,1.819,1.8123,3
12886,gA,1.929,1.929,1.929,1.9290,3
12886,gP,2.019,2.019,2.019,2.0190,3
12890,g95e5,1.599,1.599,1.599,1.5990,3
12890,gA,1.659,1.659,1.659,1.6590,3
12894,g95e5,1.609,1.579,1.609,1.5940,2
12894,gA,1.709,1.649,1.709,1.6790,2
12898,g95e5,1.629,1.629,1.639,1.6340,2
12898,gA,1.769,1.769,1.769,1.7690,2
12898,gP,1.789,1.789,1.789,1.7890,2
12903,g95e5,1.579,1.579,1.579,1.5790,4
12903,gA,1.709,1.709,1.709,1.7090,4
12903,gP,1.769,1.769,1.769,1.7690,4
12903,g98e5,1.679,1.679,1.679,1.6790,4
12904,g95e5,1.610,1.610,1.610,1.6100,3
12904,gA,1.800,1.800,1.800,1.8000,3
12905,g95e5,1.769,1.759,1.769,1.7657,3
12905,gA,1.879,1.859,1.879,1.8690,3
12905,gP,1.919,1.899,1.919,1.9090,3
12905,g98e5,1.889,1.889,1.889,1.8890,2
12907,gA,1.799,1.769,1.799,1.7840,2
12911,gA,1.779,1.779,1.779,1.7790,2
12913,g95e5,1.579,1.579,1.579,1.5790,2
12913,gA,1.739,1.739,1.739,1.7390,2
12915,gA,1.899,1.879,1.899,1.8890,3
12917,gA,1.895,1.895,1.895,1.8950,2
12917,gP,1.964,1.964,1.964,1.9640,2
12918,g95e5,1.679,1.675,1.679,1.6777,3
12918,gA,1.825,1.799,1.825,1.8163,3
12918,g98e5,1.799,1.795,1.799,1.7977,3
12919,gA,1.749,1.729,1.749,1.7390,2
12919,gP,1.799,1.779,1.799,1.7890,2
12921,g95e5,1.501,1.473,1.501,1.4917,3
12921,gA,1.671,1.671,1.671,1.6710,2
12923,g95e5,1.539,1.509,1.539,1.5240,2
12923,gA,1.669,1.619,1.669,1.6440,2
12928,g95e5,1.779,1.779,1.779,1.7790,3
12928,gA,1.939,1.939,1.939,1.9390,3
12928,gP,1.999,1.999,1.999,1.9990,3
12928,g98e5,1.949,1.949,1.949,1.9490,3
12929,gA,1.559,1.549,1.559,1.5557,3
12929,gP,1.669,1.659,1.669,1.6623,3
12931,gA,1.919,1.919,1.919,1.9190,2
12931,gP,1.959,1.959,1.959,1.9590,2
12931,g98e5,1.909,1.909,1.909,1.9090,2
12933,g95e5,1.599,1.589,1.599,1.5940,2
12933,gA,1.689,1.659,1.689,1.6740,2
12934,g95e5,1.609,1.589,1.609,1.5983,3
12934,gA,1.797,1.764,1.797,1.7840,3
12936,g95e5,1.588,1.588,1.588,1.5880,2
12936,gA,1.769,1.769,1.769,1.7690,2
12936,gP,1.829,1.829,1.829,1.8290,2
12938,g95e5,1.739,1.739,1.739,1.7390,3
12938,gA,1.849,1.849,1.849,1.8490,3
12938,gP,1.909,1.909,1.909,1.9090,3
12939,g95e5,1.559,1.559,1.559,1.5590,2
12939,gA,1.775,1.775,1.775,1.7750,2
12940,g95e5,1.825,1.825,1.825,1.8250,3
12940,gA,1.969,1.965,1.969,1.9677,3
12940,gP,2.039,2.035,2.039,2.0377,3
12940,g98e5,1.945,1.945,1.945,1.9450,3
12940,g95e5p,1.885,1.885,1.885,1.8850,3
12941,g95e5,1.679,1.679,1.679,1.6790,2
12941,gA,1.769,1.769,1.769,1.7690,2
12943,g95e5,1.540,1.540,1.540,1.5400,3
12943,gA,1.700,1.700,1.700,1.7000,3
12947,g95e5,1.629,1.599,1.629,1.6140,2
12947,gA,1.749,1.699,1.749,1.7240,2
12949,g95e5,1.819,1.819,1.819,1.8190,2
12949,gA,1.925,1.905,1.925,1.9183,3
12949,gP,2.015,1.995,2.015,2.0083,3
12949,g98e5,1.959,1.959,1.959,1.9590,2
12951,g95e5,1.619,1.619,1.619,1.6190,3
12951,gA,1.729,1.719,1.729,1.7257,3
12952,g95e5,1.599,1.599,1.599,1.5990,2
12952,gA,1.709,1.709,1.709,1.7090,2
12954,gA,1.789,1.789,1.789,1.7890,2
12954,gP,1.849,1.849,1.849,1.8490,2
12955,g95e5,1.599,1.599,1.599,1.5990,2
12955,gA,1.729,1.699,1.729,1.7140,2
12957,g95e5,1.689,1.689,1.689,1.6890,2
12957,gA,1.769,1.769,1.769,1.7690,2
12959,g95e5,1.649,1.649,1.649,1.6490,3
12960,g95e5,1.709,1.709,1.709,1.7090,2
12960,gA,1.899,1.889,1.899,1.8940,2
12960,gP,1.939,1.929,1.939,1.9340,2
12961,g95e5,1.789,1.759,1.789,1.7757,3
12961,gA,1.869,1.859,1.869,1.8657,3
12961,gP,1.909,1.899,1.909,1.9057,3
12963,g95e5,1.597,1.587,1.597,1.5903,3
12963,gA,1.727,1.697,1.727,1.7070,3
12965,g95e5,1.719,1.719,1.719,1.7190,3
12965,gA,1.849,1.849,1.849,1.8490,3
12965,gP,1.899,1.899,1.899,1.8990,3
12965,g98e5,1.859,1.859,1.859,1.8590,3
12966,g95e5,1.719,1.719,1.719,1.7190,2
12966,gA,1.759,1.759,1.759,1.7590,2
12967,g95e5,1.759,1.749,1.759,1.7565,4
12967,gA,1.949,1.939,1.949,1.9455,4
12967,gP,2.009,2.005,2.009,2.0077,3
12967,g98e5,1.879,1.879,1.879,1.8790,3
12967,glp,1.185,1.185,1.185,1.1850,2
12968,g95e5,1.815,1.815,1.815,1.8150,3
12968,gA,1.915,1.899,1.915,1.9097,3
12968,gP,1.995,1.979,1.995,1.9897,3
12968,g98e5,1.985,1.985,1.985,1.9850,3
12969,g95e5,1.429,1.429,1.429,1.4290,3
12969,gA,1.549,1.519,1.549,1.5390,4
12970,g95e5,1.679,1.679,1.679,1.6790,2
12970,gA,1.769,1.739,1.769,1.7590,3
12971,g95e5,1.649,1.649,1.649,1.6490,3
12971,gA,1.769,1.749,1.769,1.7557,3
12973,g95e5,1.649,1.639,1.649,1.6440,2
12973,gA,1.759,1.729,1.759,1.7440,2
12974,gA,1.769,1.769,1.769,1.7690,2
12974,gP,1.819,1.819,1.819,1.8190,2
12974,g98e5,1.799,1.799,1.799,1.7990,2
12977,g95e5,1.814,1.814,1.814,1.8140,3
12977,gA,1.994,1.974,1.994,1.9840,4
12977,gP,2.094,2.074,2.094,2.0840,4
12977,g95e5p,1.914,1.914,1.914,1.9140,3
12977,gB,1.824,1.824,1.824,1.8240,2
12978,g95e5,1.715,1.715,1.715,1.7150,2
12978,gA,1.769,1.769,1.769,1.7690,2
12982,g95e5,1.549,1.529,1.549,1.5390,2
12982,gA,1.729,1.699,1.729,1.7140,2
12982,gP,1.779,1.749,1.779,1.7640,2
12983,g95e5,1.511,1.483,1.511,1.5017,3
12983,gA,1.682,1.682,1.682,1.6820,2
12984,gA,1.429,1.429,1.429,1.4290,3
12987,gA,1.769,1.739,1.769,1.7540,2
12988,g95e5,1.559,1.549,1.569,1.5590,3
12988,gA,1.719,1.719,1.719,1.7190,3
12990,g95e5,1.655,1.635,1.655,1.6450,2
12990,gA,1.735,1.729,1.735,1.7320,2
12995,g95e5,1.629,1.629,1.629,1.6290,2
12995,gA,1.789,1.779,1.789,1.7857,3
12997,gA,1.719,1.719,1.719,1.7190,2
12998,g95e5,1.689,1.689,1.699,1.6940,2
12998,gA,1.929,1.929,1.949,1.9390,2
13000,g95e5,1.599,1.585,1.645,1.6185,4
13000,gA,1.659,1.645,1.705,1.6785,4
13001,g95e5,1.745,1.735,1.745,1.7417,3
13001,gA,1.895,1.875,1.895,1.8883,3
13001,gP,1.985,1.965,1.985,1.9783,3
13001,g98e5,1.885,1.875,1.885,1.8817,3
13006,gA,1.859,1.859,1.859,1.8590,3
13007,g95e5,1.545,1.545,1.545,1.5450,2
13007,gA,1.695,1.695,1.695,1.6950,2
13007,gP,1.735,1.735,1.735,1.7350,2
13011,gA,1.829,1.829,1.829,1.8290,2
13012,gA,1.569,1.569,1.569,1.5690,2
13012,gP,1.689,1.689,1.689,1.6890,2
13013,g95e5,1.629,1.619,1.629,1.6240,2
13013,gA,1.729,1.699,1.729,1.7140,2
13016,g95e5,1.649,1.649,1.649,1.6490,2
13016,gA,1.749,1.749,1.749,1.7490,2
13020,g95e5,1.629,1.629,1.639,1.6340,2
13020,gA,1.769,1.769,1.769,1.7690,2
13026,g95e5,1.595,1.595,1.595,1.5950,3
13026,gB,1.420,1.420,1.420,1.4200,2
13032,g95e5,1.699,1.679,1.699,1.6890,2
13032,gA,1.739,1.719,1.739,1.7290,2
13034,gA,1.738,1.738,1.738,1.7380,3
13035,g95e5,1.619,1.619,1.619,1.6190,2
13035,gA,1.769,1.769,1.769,1.7690,2
13036,gA,1.919,1.899,1.919,1.9090,3
13036,gP,2.049,2.029,2.049,2.0390,3
13036,g98e5,1.939,1.939,1.939,1.9390,2
13038,gA,1.719,1.719,1.719,1.7190,3
13038,gP,1.739,1.739,1.739,1.7390,3
13039,gA,1.759,1.759,1.759,1.7590,3
13041,g95e5,1.859,1.859,1.859,1.8590,2
13041,gA,1.999,1.999,1.999,1.9990,2
13042,g95e5,1.519,1.519,1.519,1.5190,2
13042,gA,1.682,1.682,1.682,1.6820,2
13043,gA,1.789,1.789,1.789,1.7890,3
13045,gA,1.729,1.699,1.729,1.7140,2
13046,gA,1.954,1.954,1.954,1.9540,2
13047,g95e5,1.599,1.599,1.599,1.5990,3
13047,gA,1.749,1.729,1.749,1.7357,3
13048,g95e5,1.649,1.639,1.649,1.6440,2
13048,gA,1.779,1.769,1.779,1.7740,2
13049,gA,1.785,1.759,1.785,1.7763,3
13051,g95e5,1.629,1.619,1.629,1.6240,2
13051,gA,1.735,1.715,1.735,1.7250,2
13052,g95e5,1.769,1.769,1.769,1.7690,2
13052,gA,1.919,1.919,1.919,1.9190,2
13057,g95e5,1.789,1.789,1.789,1.7890,3
13057,gA,1.919,1.919,1.919,1.9190,3
13057,gP,1.949,1.949,1.949,1.9490,3
13057,g98e5,1.929,1.929,1.929,1.9290,3
13059,g95e5,1.739,1.729,1.739,1.7357,3
13059,gA,1.905,1.889,1.905,1.8997,3
13059,gP,1.995,1.979,1.995,1.9897,3
13060,gB,1.510,1.510,1.510,1.5100,3
13063,g95e5,1.759,1.755,1.759,1.7577,3
13063,gA,1.949,1.939,1.949,1.9457,3
13063,gP,2.039,2.029,2.039,2.0357,3
13063,g98e5,1.899,1.895,1.899,1.8977,3
13070,g95e5,1.649,1.649,1.649,1.6490,3
13070,gA,1.769,1.749,1.769,1.7557,3
13071,g95e5,1.639,1.639,1.639,1.6390,2
13071,gA,1.739,1.719,1.739,1.7290,2
13074,g95e5,1.729,1.729,1.729,1.7290,2
13074,gA,1.909,1.909,1.909,1.9090,2
13075,g95e5,1.795,1.795,1.795,1.7950,2
13075,gA,1.899,1.885,1.899,1.8943,3
13075,gP,1.989,1.975,1.989,1.9843,3
13075,g98e5,1.935,1.935,1.935,1.9350,2
13076,gA,1.797,1.797,1.797,1.7970,2
13078,g95e5,1.729,1.697,1.729,1.7130,2
13078,gA,1.789,1.739,1.789,1.7640,2
13079,gA,1.799,1.799,1.799,1.7990,3
13080,gA,1.789,1.769,1.789,1.7790,2
13080,gP,1.839,1.819,1.839,1.8290,2
13081,g95e5,1.685,1.667,1.687,1.6797,3
13081,gA,1.817,1.797,1.817,1.8103,3
13082,g95e5,1.504,1.476,1.504,1.4947,3
13082,gA,1.674,1.674,1.674,1.6740,2
13084,g95e5,1.666,1.637,1.666,1.6467,3
13084,gA,1.726,1.726,1.737,1.7333,3
13087,gA,1.799,1.799,1.799,1.7990,3
13088,g95e5,1.829,1.829,1.829,1.8290,2
13088,gA,1.969,1.969,1.969,1.9690,2
13088,gP,1.999,1.999,1.999,1.9990,2
13091,g95e5,1.749,1.739,1.749,1.7457,3
13091,gA,1.919,1.909,1.919,1.9157,3
13091,gP,1.949,1.939,1.949,1.9457,3
13094,g95e5,1.507,1.478,1.507,1.4973,3
13094,gA,1.677,1.677,1.677,1.6770,2
13101,g95e5,1.629,1.609,1.629,1.6223,3
13101,gA,1.759,1.759,1.759,1.7590,2
13103,gA,1.829,1.819,1.829,1.8223,3
13104,g95e5,1.755,1.755,1.759,1.7563,3
13104,gA,1.935,1.929,1.935,1.9330,3
13104,g98e5,1.925,1.925,1.929,1.9263,3
13105,g95e5,1.769,1.769,1.769,1.7690,2
13105,gA,1.859,1.859,1.859,1.8590,2
13106,g95e5,1.799,1.799,1.799,1.7990,2
13106,gA,1.919,1.919,1.919,1.9190,2
13106,g98e5,1.979,1.979,1.979,1.9790,2
13108,g95e5,1.695,1.695,1.695,1.6950,2
13108,gA,1.759,1.759,1.759,1.7590,2
13111,gA,1.848,1.848,1.848,1.8480,2
13112,g95e5,1.630,1.630,1.630,1.6300,2
13112,gA,1.800,1.800,1.800,1.8000,2
13112,gP,1.830,1.830,1.830,1.8300,2
13115,g95e5,1.779,1.779,1.779,1.7790,2
13115,gA,1.839,1.839,1.839,1.8390,2
13117,g95e5,1.589,1.589,1.589,1.5890,3
13117,gA,1.769,1.729,1.769,1.7490,3
13122,gA,1.759,1.759,1.759,1.7590,3
13122,gP,1.809,1.809,1.809,1.8090,3
13123,g95e5,1.689,1.689,1.689,1.6890,2
13123,gA,1.869,1.869,1.869,1.8690,2
13123,gB,1.609,1.609,1.609,1.6090,2
13124,g95e5,1.549,1.539,1.549,1.5440,2
13124,gA,1.699,1.679,1.699,1.6890,2
13125,g95e5,1.589,1.569,1.589,1.5790,2
13125,gA,1.769,1.749,1.769,1.7590,2
13127,g95e5,1.759,1.729,1.759,1.7423,3
13127,gA,1.939,1.909,1.939,1.9240,2
13127,gP,1.979,1.949,1.979,1.9640,2
13131,g95e5,1.804,1.804,1.804,1.8040,4
13131,gA,1.964,1.944,1.964,1.9540,4
13131,gB,1.784,1.784,1.784,1.7840,2
13133,g95e5,1.689,1.669,1.689,1.6790,2
13133,gA,1.767,1.747,1.767,1.7570,2
13134,g95e5,1.829,1.819,1.829,1.8215,4
13134,gA,1.909,1.889,1.909,1.8940,4
13134,g98e5,1.969,1.959,1.969,1.9615,4
13134,gB,1.569,1.569,1.569,1.5690,4
13136,gA,1.799,1.799,1.799,1.7990,2
13136,gP,1.839,1.839,1.839,1.8390,2
13138,g95e5,1.539,1.529,1.539,1.5340,2
13138,gA,1.689,1.669,1.689,1.6790,2
13139,gA,1.729,1.729,1.729,1.7290,3
13141,g95e5,1.719,1.719,1.719,1.7190,2
13141,gA,1.759,1.759,1.759,1.7590,2
13143,g95e5,1.619,1.609,1.619,1.6157,3
13143,gA,1.769,1.769,1.769,1.7690,2
13144,g95e5,1.739,1.739,1.739,1.7390,2
13145,gA,1.747,1.737,1.747,1.7403,3
13146,g95e5,1.845,1.845,1.845,1.8450,3
13146,gA,1.929,1.929,1.929,1.9290,3
13146,gP,2.009,2.009,2.009,2.0090,3
13146,g98e5,1.965,1.965,1.965,1.9650,3
13146,glp,1.195,1.195,1.195,1.1950,2
13150,g95e5,1.749,1.749,1.759,1.7523,3
13150,gA,1.859,1.859,1.869,1.8623,3
13150,gP,1.889,1.889,1.899,1.8923,3
13155,g95e5,1.679,1.649,1.679,1.6657,3
13155,gA,1.809,1.759,1.809,1.7823,3
13156,gA,1.895,1.885,1.895,1.8900,2
13156,gP,1.985,1.975,1.985,1.9800,2
13159,g95e5,1.679,1.659,1.679,1.6723,3
13159,gA,1.769,1.749,1.769,1.7623,3
13162,g95e5,1.769,1.749,1.769,1.7590,2
13162,gA,1.909,1.889,1.909,1.8990,2
13165,g95e5,1.669,1.659,1.669,1.6657,3
13165,gA,1.749,1.749,1.749,1.7490,2
13166,g95e5,1.649,1.639,1.649,1.6440,2
13166,gA,1.699,1.699,1.699,1.6990,2
13167,g95e5,1.709,1.699,1.709,1.7023,3
13167,gA,1.829,1.799,1.829,1.8090,3
13167,gP,1.849,1.819,1.849,1.8290,3
13167,g95e5p,1.729,1.719,1.729,1.7223,3
13170,gA,1.899,1.895,1.899,1.8970,2
13170,gP,1.989,1.985,1.989,1.9870,2
13170,g98e5,1.955,1.945,1.955,1.9517,3
13173,g95e5,1.589,1.589,1.589,1.5890,2
13173,gA,1.739,1.739,1.739,1.7390,2
13174,g95e5,1.708,1.698,1.708,1.7013,3
13176,g95e5,1.599,1.599,1.649,1.6157,3
13176,gA,1.779,1.779,1.789,1.7823,3
13179,g95e5,1.549,1.509,1.549,1.5357,3
13179,gA,1.659,1.619,1.659,1.6457,3
13180,g95e5,1.679,1.659,1.679,1.6690,2
13180,gA,1.699,1.679,1.699,1.6890,2
13183,gA,1.833,1.833,1.833,1.8330,2
13184,g95e5,1.769,1.749,1.769,1.7590,2
13184,gA,1.909,1.889,1.909,1.8990,2
13185,g95e5,1.649,1.639,1.659,1.6490,3
13185,gA,1.735,1.735,1.735,1.7350,3
13189,g95e5,1.775,1.765,1.775,1.7725,4
13189,gA,1.989,1.975,1.989,1.9845,4
13189,g98e5,1.935,1.935,1.935,1.9350,3
13190,g95e5,1.579,1.579,1.579,1.5790,3
13190,gA,1.729,1.729,1.729,1.7290,3
13191,g95e5,1.569,1.569,1.569,1.5690,3
13192,g95e5,1.739,1.739,1.739,1.7390,2
13192,gA,1.859,1.859,1.859,1.8590,2
13194,g95e5,1.639,1.629,1.639,1.6340,2
13194,gA,1.798,1.787,1.798,1.7925,2
13195,g95e5,1.729,1.729,1.729,1.7290,2
13195,gA,1.829,1.829,1.829,1.8290,2
13199,g95e5,1.795,1.795,1.795,1.7950,3
13199,gA,1.929,1.929,1.935,1.9310,3
13201,g95e5,1.398,1.398,1.398,1.3980,3
13201,gA,1.497,1.497,1.497,1.4970,3
13202,g95e5,1.828,1.828,1.828,1.8280,2
13202,gA,1.905,1.905,1.905,1.9050,2
13202,g98e5,1.948,1.948,1.948,1.9480,2
13202,glp,1.134,1.134,1.134,1.1340,2
13203,g95e5,1.549,1.549,1.549,1.5490,2
13203,gA,1.749,1.729,1.749,1.7390,2
13203,gP,1.799,1.779,1.799,1.7890,2
13204,gA,1.849,1.849,1.859,1.8540,2
13206,gA,1.849,1.849,1.849,1.8490,3
13207,g95e5,1.679,1.669,1.679,1.6740,2
13207,gA,1.719,1.679,1.719,1.6990,2
13208,g95e5,1.795,1.795,1.795,1.7950,2
13208,gA,1.969,1.969,1.969,1.9690,2
13208,gP,2.039,2.039,2.039,2.0390,2
13211,g95e5,1.715,1.709,1.715,1.7120,2
13211,gA,1.895,1.885,1.895,1.8900,2
13214,g95e5,1.799,1.799,1.799,1.7990,2
13214,gA,1.929,1.904,1.929,1.9157,3
13214,gP,2.009,1.984,2.009,1.9957,3
13214,g98e5,1.939,1.939,1.939,1.9390,2
13218,g95e5,1.669,1.669,1.669,1.6690,3
13218,gA,1.799,1.789,1.799,1.7923,3
13218,gP,1.849,1.839,1.849,1.8423,3
13222,gA,1.749,1.749,1.749,1.7490,3
13223,g95e5,1.679,1.679,1.679,1.6790,2
13223,gA,1.819,1.819,1.819,1.8190,2
13224,gA,1.919,1.909,1.919,1.9157,3
13224,gP,1.959,1.949,1.959,1.9557,3
13226,g95e5,1.619,1.619,1.629,1.6257,3
13226,gA,1.735,1.735,1.755,1.7417,3
13228,gA,1.569,1.569,1.569,1.5690,2
13228,gP,1.689,1.689,1.689,1.6890,2
13229,g95e5,1.659,1.659,1.659,1.6590,2
13229,gA,1.789,1.789,1.789,1.7890,2
13231,g95e5,1.707,1.697,1.707,1.7037,3
13231,gA,1.757,1.747,1.757,1.7537,3
13232,g95e5,1.779,1.769,1.779,1.7757,3
13232,gA,1.949,1.929,1.949,1.9423,3
13235,g95e5,1.669,1.669,1.669,1.6690,3
13235,gA,1.749,1.749,1.749,1.7490,3
13236,gA,1.789,1.789,1.789,1.7890,3
13237,g95e5,1.549,1.549,1.569,1.5623,3
13237,gA,1.699,1.699,1.719,1.7123,3
13238,gA,1.789,1.789,1.789,1.7890,3
13239,gA,1.789,1.789,1.789,1.7890,3
13239,gP,1.799,1.799,1.799,1.7990,3
13245,gA,1.799,1.799,1.799,1.7990,2
13246,g95e5,1.819,1.819,1.819,1.8190,3
13246,gA,1.949,1.949,1.949,1.9490,3
13246,gP,2.009,2.009,2.009,2.0090,3
13246,g98e5,1.939,1.939,1.939,1.9390,3
13247,g95e5,1.749,1.749,1.749,1.7490,3
13247,gA,1.955,1.949,1.955,1.9530,3
13247,g98e5,1.869,1.869,1.869,1.8690,3
13248,g95e5,1.629,1.619,1.629,1.6240,2
13248,gA,1.735,1.715,1.735,1.7250,2
13251,g95e5,1.649,1.639,1.649,1.6440,2
13251,gA,1.735,1.715,1.735,1.7250,2
13253,gA,1.888,1.888,1.899,1.8935,2
13254,gA,1.789,1.789,1.789,1.7890,3
13255,g95e5,1.649,1.639,1.649,1.6440,2
13255,gA,1.699,1.699,1.699,1.6990,2
13256,gA,1.769,1.749,1.769,1.7590,2
13258,g95e5,1.659,1.659,1.659,1.6590,2
13258,gA,1.839,1.829,1.839,1.8340,4
13259,gA,1.839,1.839,1.839,1.8390,3
13260,g95e5,1.679,1.659,1.679,1.6657,3
13260,gA,1.769,1.749,1.769,1.7590,2
13262,g95e5,1.505,1.477,1.505,1.4957,3
13262,gA,1.675,1.675,1.675,1.6750,2
13263,g95e5,1.689,1.679,1.689,1.6840,2
13263,gA,1.829,1.809,1.829,1.8190,2
13267,gP,1.969,1.969,1.969,1.9690,2
13278,g95e5,1.649,1.649,1.649,1.6490,2
13278,gA,1.689,1.689,1.689,1.6890,3
13279,g95e5,1.647,1.647,1.647,1.6470,3
13279,gA,1.747,1.737,1.747,1.7437,3
13286,g95e5,1.679,1.655,1.679,1.6670,2
13286,gA,1.779,1.759,1.779,1.7690,2
13287,g95e5,1.619,1.619,1.619,1.6190,3
13287,gA,1.819,1.819,1.819,1.8190,3
13288,gA,1.749,1.749,1.749,1.7490,3
13288,gB,1.409,1.409,1.409,1.4090,3
13290,g95e5,1.512,1.484,1.512,1.5027,3
13290,gA,1.682,1.682,1.682,1.6820,2
13291,g95e5,1.749,1.739,1.749,1.7423,3
13291,g98e5,1.919,1.919,1.919,1.9190,2
13292,g95e5,1.399,1.349,1.399,1.3865,4
13292,gA,1.499,1.499,1.499,1.4990,3
13292,gP,1.475,1.435,1.475,1.4550,3
13292,g95e5p,1.389,1.349,1.399,1.3765,4
13295,g95e5,1.561,1.561,1.566,1.5643,3
13295,gA,1.713,1.713,1.713,1.7130,3
13299,g95e5,1.829,1.829,1.829,1.8290,2
13299,gA,1.925,1.905,1.925,1.9183,3
13299,gP,2.015,1.995,2.015,2.0083,3
13299,g98e5,1.969,1.969,1.969,1.9690,2
13300,g95e5,1.589,1.589,1.589,1.5890,3
13300,gA,1.679,1.659,1.679,1.6723,3
13301,g95e5,1.775,1.775,1.775,1.7750,3
13301,gA,1.889,1.875,1.889,1.8843,3
13301,gP,1.979,1.965,1.979,1.9743,3
13301,g98e5,1.915,1.915,1.915,1.9150,3
13302,g95e5,1.659,1.619,1.659,1.6390,3
13302,gA,1.779,1.739,1.779,1.7590,3
13304,g95e5,1.769,1.759,1.769,1.7640,2
13304,gA,1.899,1.899,1.899,1.8990,2
13304,gP,1.939,1.939,1.939,1.9390,2
13304,g98e5,1.899,1.899,1.899,1.8990,2
13306,g95e5,1.599,1.599,1.599,1.5990,3
13307,g95e5,1.727,1.717,1.727,1.7220,2
13307,gA,1.797,1.787,1.797,1.7920,2
13308,g95e5,1.795,1.785,1.795,1.7925,4
13308,gA,1.945,1.929,1.945,1.9395,4
13308,g98e5,1.915,1.915,1.915,1.9150,3
13308,g95e5p,1.865,1.865,1.865,1.8650,3
13308,glp,1.105,1.105,1.105,1.1050,2
13313,gA,1.789,1.789,1.789,1.7890,2
13314,gA,1.789,1.789,1.789,1.7890,2
13316,g95e5,1.779,1.779,1.799,1.7857,3
13316,gA,1.959,1.959,1.959,1.9590,3
13316,gP,2.039,2.039,2.039,2.0390,3
13316,g98e5,1.829,1.829,1.849,1.8357,3
13316,glp,0.809,0.809,0.809,0.8090,2
13319,g98e5,1.949,1.949,1.949,1.9490,2
13320,g95e5,1.659,1.659,1.659,1.6590,2
13320,gA,1.759,1.759,1.759,1.7590,2
13321,g95e5,1.501,1.472,1.501,1.4913,3
13321,gA,1.671,1.671,1.671,1.6710,2
13322,g95e5,1.699,1.679,1.699,1.6890,2
13322,gA,1.799,1.769,1.799,1.7840,2
13325,g95e5,1.709,1.709,1.709,1.7090,2
13325,gA,1.799,1.799,1.799,1.7990,2
13327,g95e5,1.539,1.509,1.539,1.5257,3
13327,gA,1.669,1.619,1.669,1.6423,3
13328,gA,1.839,1.839,1.839,1.8390,3
13328,gP,1.889,1.889,1.889,1.8890,3
13329,g95e5,1.709,1.699,1.709,1.7023,3
13329,gA,1.829,1.799,1.829,1.8090,3
13344,gA,1.749,1.749,1.749,1.7490,2
13347,gA,1.829,1.729,1.829,1.7623,3
13347,gP,1.849,1.779,1.849,1.8023,3
13349,gA,1.919,1.919,1.919,1.9190,2
13356,g95e5,1.729,1.719,1.729,1.7257,3
13356,gA,1.879,1.859,1.879,1.8657,3
13357,g95e5,1.449,1.449,1.449,1.4490,3
13357,gA,1.539,1.539,1.539,1.5390,3
13357,gP,1.629,1.629,1.629,1.6290,3
13361,g95e5,1.729,1.719,1.729,1.7265,4
13361,gA,1.915,1.899,1.915,1.9070,4
13361,gP,1.985,1.969,1.985,1.9797,3
13361,g98e5,1.849,1.849,1.849,1.8490,3
13361,glp,1.175,1.175,1.175,1.1750,2
13362,g95e5,1.779,1.769,1.779,1.7765,4
13362,gA,1.969,1.949,1.969,1.9630,4
13362,gP,2.079,2.075,2.079,2.0777,3
13362,g98e5,1.949,1.949,1.949,1.9490,3
13362,gB,1.640,1.635,1.640,1.6383,3
13363,g95e5,1.598,1.598,1.598,1.5980,2
13363,gA,1.738,1.738,1.738,1.7380,2
13367,g95e5,1.659,1.649,1.659,1.6540,2
13367,gA,1.765,1.745,1.765,1.7550,2
13368,g95e5,1.648,1.628,1.648,1.6380,3
13368,gA,1.768,1.758,1.768,1.7630,2
13368,gP,1.868,1.858,1.868,1.8630,2
13374,g95e5,1.625,1.595,1.625,1.6100,2
13374,gA,1.755,1.715,1.755,1.7350,2
13375,g95e5,1.749,1.749,1.749,1.7490,3
13375,gA,1.909,1.909,1.909,1.9090,3
13375,gP,1.989,1.989,1.989,1.9890,3
13375,gB,1.649,1.649,1.649,1.6490,3
13376,g95e5,1.829,1.819,1.829,1.8265,4
13376,gA,1.989,1.979,1.989,1.9857,3
13376,g98e5,1.949,1.949,1.949,1.9490,3
13376,gB,1.650,1.645,1.650,1.6483,3
13377,g95e5,1.399,1.399,1.399,1.3990,3
13377,gA,1.499,1.499,1.499,1.4990,3
13379,g95e5,1.749,1.749,1.759,1.7523,3
13379,gA,1.915,1.915,1.915,1.9150,2
13379,gP,2.025,2.025,2.025,2.0250,2
13379,g98e5,1.899,1.899,1.909,1.9023,3
13383,g95e5,1.729,1.729,1.729,1.7290,2
13383,gA,1.829,1.829,1.829,1.8290,2
13390,g95e5,1.599,1.599,1.599,1.5990,3
13390,gA,1.699,1.699,1.699,1.6990,3
13390,gP,1.759,1.759,1.759,1.7590,3
13390,g98e5,1.799,1.799,1.799,1.7990,3
13394,g95e5,1.649,1.639,1.649,1.6440,2
13394,gA,1.789,1.759,1.789,1.7740,2
13395,g95e5,1.509,1.509,1.509,1.5090,2
13395,gA,1.689,1.689,1.689,1.6890,2
13396,g95e5,1.629,1.619,1.629,1.6240,2
13396,gA,1.735,1.715,1.735,1.7250,2
13398,gA,1.849,1.849,1.849,1.8490,3
13407,g95e5,1.679,1.659,1.679,1.6690,2
13407,gA,1.819,1.799,1.819,1.8090,2
13409,g95e5,1.549,1.539,1.549,1.5423,3
13409,gA,1.729,1.699,1.729,1.7140,2
13410,g95e5,1.629,1.629,1.629,1.6290,3
13410,gA,1.769,1.749,1.769,1.7557,3
13410,gB,1.459,1.439,1.459,1.4457,3
13411,g95e5,1.769,1.749,1.769,1.7590,3
13411,gA,1.949,1.949,1.949,1.9490,3
13411,gP,2.049,2.049,2.049,2.0490,3
13411,g98e5,1.899,1.879,1.899,1.8890,3
13412,g95e5,1.769,1.769,1.769,1.7690,2
13412,gA,1.919,1.919,1.919,1.9190,2
13413,g95e5,1.659,1.639,1.659,1.6490,2
13413,gA,1.769,1.749,1.769,1.7590,2
13415,g95e5,1.666,1.666,1.666,1.6660,2
13415,gA,1.801,1.801,1.801,1.8010,2
13415,gP,1.859,1.859,1.859,1.8590,2
13416,g95e5,1.659,1.659,1.659,1.6590,2
13416,gA,1.799,1.799,1.799,1.7990,2
13417,gA,1.779,1.779,1.779,1.7790,2
13418,g95e5,1.849,1.839,1.849,1.8457,3
13418,gA,1.935,1.929,1.935,1.9330,3
13418,gP,1.995,1.989,1.995,1.9930,3
13418,g98e5,1.969,1.959,1.969,1.9657,3
13419,g95e5,1.419,1.419,1.419,1.4190,4
13419,gA,1.519,1.519,1.519,1.5190,4
13429,g95e5,1.659,1.659,1.659,1.6590,2
13429,gA,1.729,1.729,1.729,1.7290,2
13432,g95e5,1.699,1.689,1.699,1.6923,3
13434,g95e5,1.799,1.799,1.809,1.8023,3
13434,gA,1.949,1.949,1.949,1.9490,3
13434,gP,2.039,2.039,2.039,2.0390,3
13434,g98e5,1.879,1.879,1.889,1.8823,3
13436,g95e5,1.629,1.629,1.629,1.6290,2
13436,gA,1.729,1.729,1.729,1.7290,2
13439,gA,1.669,1.669,1.669,1.6690,2
13442,g95e5,1.748,1.748,1.748,1.7480,3
13442,gA,1.848,1.848,1.848,1.8480,3
13445,g95e5,1.669,1.649,1.669,1.6590,2
13445,gA,1.769,1.749,1.769,1.7590,2
13455,g95e5,1.679,1.659,1.679,1.6723,3
13455,gA,1.769,1.749,1.769,1.7623,3
13459,g95e5,1.599,1.599,1.599,1.5990,2
13459,gA,1.699,1.699,1.699,1.6990,2
13459,gP,1.719,1.719,1.719,1.7190,2
13462,gA,1.769,1.769,1.769,1.7690,2
13465,g95e5,1.749,1.739,1.749,1.7440,2
13465,gA,1.859,1.849,1.859,1.8540,2
13466,g95e5,1.759,1.759,1.759,1.7590,3
13466,gA,1.859,1.859,1.859,1.8590,3
13466,gP,1.899,1.899,1.899,1.8990,3
13466,g98e5,1.869,1.869,1.869,1.8690,3
13471,gA,1.929,1.899,1.929,1.9140,2
13472,g95e5,1.809,1.809,1.809,1.8090,2
13472,gA,1.979,1.979,1.979,1.9790,2
13472,gP,2.039,2.039,2.039,2.0390,2
13472,g98e5,1.919,1.919,1.919,1.9190,2
13474,g98e5,1.928,1.898,1.928,1.9080,3
13479,g95e5,1.774,1.774,1.774,1.7740,3
13479,gA,1.934,1.914,1.934,1.9240,4
13480,gA,1.719,1.719,1.719,1.7190,2
13481,gA,1.669,1.649,1.669,1.6557,3
13482,g95e5,1.669,1.669,1.669,1.6690,3
13482,gA,1.799,1.789,1.799,1.7923,3
13482,gP,1.849,1.839,1.849,1.8423,3
13483,g95e5,1.704,1.704,1.704,1.7040,3
13483,gA,1.834,1.834,1.834,1.8340,3
13483,gP,1.934,1.934,1.934,1.9340,3
13484,g95e5,1.618,1.618,1.618,1.6180,2
13484,gA,1.748,1.736,1.748,1.7420,2
13486,g95e5,1.636,1.634,1.636,1.6350,2
13488,g95e5,1.725,1.725,1.734,1.7295,2
13488,gA,1.811,1.811,1.845,1.8257,3
13489,gA,1.880,1.880,1.880,1.8800,3
13489,gB,1.674,1.662,1.674,1.6700,3
13491,g95e5,1.824,1.824,1.824,1.8240,4
13491,gA,1.934,1.914,1.934,1.9240,4
13491,gP,2.034,2.014,2.034,2.0240,4
13492,g95e5,1.649,1.629,1.649,1.6423,3
13492,gA,1.739,1.739,1.739,1.7390,2
13493,g95e5,1.859,1.849,1.859,1.8540,2
13493,gA,1.979,1.969,1.979,1.9740,2
13494,gA,1.779,1.779,1.779,1.7790,2
13498,g95e5,1.699,1.699,1.699,1.6990,2
13498,gA,1.779,1.779,1.779,1.7790,2
13499,g95e5,1.699,1.699,1.719,1.7057,3
13499,gA,1.969,1.969,1.969,1.9690,3
13499,gP,1.999,1.999,2.009,2.0023,3
13499,g98e5,1.899,1.899,1.919,1.9057,3
13503,g95e5,1.619,1.619,1.619,1.6190,2
13503,gA,1.699,1.699,1.699,1.6990,2
13506,g95e5,1.769,1.769,1.769,1.7690,3
13506,gA,1.909,1.909,1.909,1.9090,3
13506,gP,1.999,1.999,1.999,1.9990,3
13507,g95e5,1.649,1.629,1.649,1.6357,3
13507,gA,1.739,1.719,1.739,1.7257,3
13508,gA,1.769,1.749,1.769,1.7557,3
13508,gB,1.479,1.459,1.479,1.4657,3
13512,gA,1.889,1.869,1.889,1.8790,2
13512,gP,1.919,1.899,1.919,1.9090,2
13520,g95e5,1.769,1.769,1.769,1.7690,2
13520,gA,1.939,1.929,1.939,1.9323,3
13520,gP,1.989,1.979,1.989,1.9823,3
13520,g98e5,1.889,1.859,1.889,1.8790,3
13522,gA,1.757,1.737,1.757,1.7437,3
13522,gP,1.857,1.837,1.857,1.8437,3
13523,g95e5,1.749,1.749,1.749,1.7490,2
13523,gA,1.949,1.939,1.949,1.9423,3
13524,g95e5,1.649,1.619,1.649,1.6340,2
13524,gA,1.769,1.747,1.769,1.7580,2
13524,gP,1.769,1.747,1.769,1.7580,2
13525,g95e5,1.639,1.599,1.639,1.6190,2
13525,gA,1.779,1.769,1.789,1.7790,3
13528,gA,1.709,1.689,1.709,1.6990,2
13535,g95e5,1.629,1.629,1.629,1.6290,3
13538,g95e5,1.729,1.719,1.729,1.7240,2
13538,gA,1.839,1.819,1.839,1.8290,2
13540,g95e5,1.629,1.629,1.629,1.6290,2
13540,gA,1.769,1.769,1.769,1.7690,2
13541,gA,1.819,1.819,1.819,1.8190,2
13542,g95e5,1.815,1.809,1.815,1.8130,3
13542,gA,1.984,1.964,1.984,1.9707,3
13542,gP,2.064,2.044,2.064,2.0507,3
13542,g98e5,1.985,1.985,1.985,1.9850,2
13550,g95e5,1.599,1.599,1.599,1.5990,3
13550,gA,1.699,1.699,1.699,1.6990,3
13551,g95e5,1.569,1.569,1.569,1.5690,3
13553,g95e5,1.799,1.779,1.799,1.7890,2
13553,gA,1.869,1.849,1.869,1.8557,3
13553,gP,1.909,1.889,1.909,1.8957,3
13555,g95e5,1.685,1.685,1.685,1.6850,3
13555,gA,1.815,1.815,1.815,1.8150,3
13555,gP,1.905,1.905,1.905,1.9050,3
13555,g98e5,1.815,1.815,1.815,1.8150,3
13556,g95e5,1.679,1.679,1.679,1.6790,3
13556,gA,1.869,1.829,1.869,1.8423,3
13556,gP,1.909,1.869,1.909,1.8823,3
13559,g95e5,1.629,1.619,1.629,1.6240,2
13559,gA,1.749,1.719,1.749,1.7323,3
13564,gB,1.298,1.298,1.298,1.2980,2
13565,g95e5,1.759,1.749,1.759,1.7557,3
13565,gA,1.919,1.909,1.919,1.9157,3
13565,gB,1.589,1.579,1.589,1.5857,3
13567,g95e5,1.795,1.785,1.795,1.7917,3
13567,gA,1.915,1.899,1.915,1.9097,3
13567,gP,2.005,1.989,2.005,1.9997,3
13567,g98e5,1.935,1.925,1.935,1.9317,3
13569,gA,1.948,1.948,1.948,1.9480,2
13569,gP,2.028,2.028,2.028,2.0280,2
13570,g95e5,1.639,1.629,1.639,1.6340,2
13570,gA,1.749,1.719,1.749,1.7340,2
13572,g95e5,1.637,1.597,1.637,1.6103,3
13572,gA,1.737,1.697,1.737,1.7103,3
13574,g95e5,1.629,1.629,1.629,1.6290,2
13574,gA,1.729,1.729,1.729,1.7290,2
13577,g95e5,1.789,1.789,1.789,1.7890,3
13577,gA,1.974,1.974,1.974,1.9740,3
13579,g95e5,1.759,1.759,1.769,1.7623,3
13579,gA,1.703,1.683,1.703,1.6963,3
13581,g95e5,1.669,1.659,1.669,1.6640,2
13581,gA,1.789,1.759,1.789,1.7740,2
13584,g95e5,1.587,1.587,1.595,1.5897,3
13584,gA,1.659,1.659,1.675,1.6643,3
13585,g95e5,1.577,1.577,1.595,1.5870,3
13585,gA,1.649,1.649,1.697,1.6737,3
13586,g95e5,1.639,1.639,1.639,1.6390,2
13586,gA,1.719,1.719,1.719,1.7190,2
13588,g95e5,1.782,1.782,1.782,1.7820,2
13588,gP,1.945,1.929,1.945,1.9397,3
13590,g95e5,1.699,1.679,1.699,1.6890,2
13590,gA,1.799,1.769,1.799,1.7840,2
13592,g95e5,1.689,1.679,1.689,1.6840,2
13592,gA,1.829,1.809,1.829,1.8190,2
13592,gP,1.849,1.829,1.849,1.8390,2
13593,g95e5,1.577,1.577,1.639,1.6137,3
13593,gA,1.649,1.649,1.709,1.6877,3
13596,g95e5,1.789,1.779,1.789,1.7840,2
13596,gA,1.899,1.899,1.899,1.8990,2
13596,gP,1.939,1.939,1.939,1.9390,2
13596,g98e5,1.899,1.899,1.899,1.8990,2
13598,g95e5,1.639,1.639,1.639,1.6390,2
13598,gA,1.729,1.729,1.729,1.7290,2
13601,gA,1.799,1.799,1.799,1.7990,2
13602,g95e5,1.789,1.779,1.789,1.7823,3
13602,gA,1.939,1.919,1.939,1.9257,3
13602,gP,1.979,1.959,1.979,1.9657,3
13603,g95e5,1.669,1.659,1.669,1.6640,2
13603,gA,1.779,1.749,1.779,1.7640,2
13604,gA,1.699,1.699,1.699,1.6990,2
13606,gA,1.759,1.749,1.759,1.7523,3
13606,gP,1.859,1.849,1.859,1.8523,3
13607,g95e5,1.725,1.685,1.725,1.7050,3
13607,gA,1.815,1.775,1.815,1.7950,3
13608,g95e5,1.589,1.589,1.589,1.5890,3
13608,gA,1.709,1.689,1.709,1.7023,3
13608,g98e5,1.719,1.719,1.719,1.7190,3
13611,gA,1.769,1.749,1.769,1.7590,2
13613,g95e5,1.627,1.627,1.627,1.6270,2
13613,gA,1.729,1.729,1.729,1.7290,2
13614,g95e5,1.505,1.477,1.505,1.4957,3
13614,gA,1.675,1.675,1.675,1.6750,2
13615,gA,1.779,1.779,1.779,1.7790,2
13619,gA,1.789,1.789,1.789,1.7890,3
13620,g95e5,1.739,1.739,1.739,1.7390,3
13620,gA,1.939,1.939,1.939,1.9390,3
13620,gP,1.939,1.939,1.939,1.9390,3
13620,g98e5,1.839,1.839,1.839,1.8390,3
13623,g95e5,1.559,1.559,1.559,1.5590,2
13623,gA,1.719,1.719,1.719,1.7190,2
13628,g95e5,1.589,1.579,1.589,1.5823,3
13628,gA,1.699,1.699,1.699,1.6990,3
13628,gP,1.729,1.729,1.729,1.7290,3
13630,gA,1.905,1.889,1.905,1.8997,3
13630,gP,1.995,1.979,1.995,1.9897,3
13631,g95e5,1.659,1.649,1.659,1.6540,2
13631,gA,1.765,1.745,1.765,1.7550,2
13633,g95e5,1.649,1.639,1.649,1.6440,2
13633,gA,1.699,1.699,1.699,1.6990,2
13634,g95e5,1.599,1.599,1.599,1.5990,2
13634,gA,1.699,1.699,1.699,1.6990,2
13638,g95e5,1.699,1.699,1.699,1.6990,3
13638,gA,1.789,1.789,1.789,1.7890,3
13639,g95e5,1.359,1.359,1.359,1.3590,3
13639,gA,1.489,1.489,1.489,1.4890,2
13640,g95e5,1.701,1.701,1.701,1.7010,3
13640,gA,1.861,1.861,1.861,1.8610,3
13640,gB,1.520,1.520,1.520,1.5200,3
13641,gA,1.819,1.819,1.819,1.8190,3
13641,gP,1.869,1.869,1.869,1.8690,3
13643,g95e5,1.609,1.609,1.619,1.6123,3
13643,gA,1.719,1.719,1.719,1.7190,3
13645,g95e5,1.649,1.649,1.649,1.6490,2
13645,gA,1.719,1.719,1.719,1.7190,2
13646,g95e5,1.649,1.619,1.649,1.6357,3
13646,gA,1.769,1.747,1.769,1.7610,3
13653,g95e5,1.819,1.815,1.819,1.8177,3
13653,gA,1.929,1.929,1.929,1.9290,2
13653,gP,2.009,2.009,2.009,2.0090,2
13653,g98e5,1.959,1.955,1.959,1.9577,3
13654,g95e5,1.584,1.584,1.584,1.5840,4
13654,gA,1.724,1.684,1.724,1.7040,3
13659,g95e5,1.689,1.669,1.689,1.6823,3
13659,gA,1.789,1.789,1.789,1.7890,2
13663,g95e5,1.439,1.439,1.439,1.4390,3
13663,g98e5,1.539,1.539,1.549,1.5457,3
13664,g95e5,1.699,1.699,1.719,1.7057,3
13664,gA,1.969,1.969,1.969,1.9690,3
13664,gP,1.999,1.999,2.009,2.0023,3
13664,g98e5,1.899,1.899,1.919,1.9057,3
13669,g95e5,1.629,1.629,1.639,1.6357,3
13669,gA,1.735,1.735,1.735,1.7350,3
13670,gA,1.949,1.949,1.949,1.9490,2
13670,gP,2.039,2.039,2.039,2.0390,2
13671,g95e5,1.634,1.614,1.634,1.6215,4
13671,gA,1.754,1.734,1.754,1.7415,4
13672,g95e5,1.609,1.599,1.609,1.6040,2
13672,gA,1.729,1.699,1.729,1.7140,2
13673,g95e5,1.629,1.589,1.629,1.6090,3
13673,gA,1.747,1.697,1.747,1.7203,3
13674,g95e5,1.749,1.739,1.749,1.7423,3
13674,gA,1.869,1.849,1.869,1.8590,2
13674,gP,1.909,1.889,1.909,1.8990,2
13677,g95e5,1.669,1.669,1.679,1.6757,3
13677,gA,1.759,1.749,1.759,1.7523,3
13678,g95e5,1.609,1.609,1.619,1.6115,4
13678,gA,1.759,1.759,1.769,1.7615,4
13682,gA,1.739,1.739,1.739,1.7390,2
13687,gA,1.828,1.828,1.828,1.8280,2
13687,gP,1.849,1.849,1.849,1.8490,2
13688,g95e5,1.819,1.819,1.819,1.8190,3
13688,gA,1.899,1.895,1.899,1.8977,3
13688,gP,2.009,2.005,2.009,2.0077,3
13688,g98e5,1.989,1.989,1.989,1.9890,3
13688,g95e5p,1.899,1.899,1.899,1.8990,3
13692,g95e5,1.609,1.599,1.609,1.6040,2
13692,gA,1.729,1.699,1.729,1.7140,2
13693,gA,1.889,1.889,1.889,1.8890,2
13698,gA,1.699,1.679,1.699,1.6923,3
13701,g95e5,1.715,1.709,1.715,1.7120,2
13701,gA,1.895,1.885,1.895,1.8900,2
13704,g95e5,1.669,1.659,1.669,1.6640,2
13704,gA,1.759,1.739,1.759,1.7490,2
13706,g95e5,1.579,1.579,1.579,1.5790,2
13706,gA,1.759,1.759,1.759,1.7590,2
13710,g95e5,1.715,1.709,1.715,1.7120,2
13710,gA,1.895,1.885,1.895,1.8900,2
13716,gA,1.839,1.839,1.839,1.8390,3
13718,gA,1.799,1.799,1.799,1.7990,2
13720,g95e5,1.785,1.765,1.785,1.7783,3
13720,gA,1.919,1.915,1.919,1.9177,3
13720,gP,1.999,1.995,1.999,1.9977,3
13720,g98e5,1.955,1.935,1.955,1.9483,3
13722,g95e5,1.809,1.809,1.809,1.8090,3
13722,gA,1.849,1.849,1.849,1.8490,3
13722,gP,1.919,1.919,1.919,1.9190,3
13736,g95e5,1.834,1.834,1.834,1.8340,3
13736,gA,1.954,1.934,1.954,1.9440,4
13736,gP,2.054,2.034,2.054,2.0440,4
13736,g95e5p,1.924,1.924,1.924,1.9240,3
13740,gA,1.709,1.709,1.709,1.7090,3
13747,g95e5,1.789,1.785,1.789,1.7877,3
13747,gA,1.935,1.925,1.935,1.9317,3
13747,g98e5,1.959,1.955,1.959,1.9577,3
13752,g95e5,1.649,1.649,1.669,1.6590,2
13752,gA,1.729,1.729,1.749,1.7390,2
13754,g95e5,1.769,1.769,1.769,1.7690,2
13754,gA,1.909,1.909,1.909,1.9090,2
13754,gP,2.019,2.019,2.019,2.0190,2
13754,g98e5,1.939,1.939,1.939,1.9390,2
13755,g95e5,1.619,1.619,1.619,1.6190,2
13755,gA,1.759,1.759,1.759,1.7590,2
13757,gA,1.709,1.709,1.709,1.7090,2
13758,g95e5,1.699,1.699,1.719,1.7090,2
13758,gA,1.759,1.759,1.779,1.7690,2
13759,gA,1.914,1.894,1.914,1.9007,3
13759,gP,2.004,1.984,2.004,1.9907,3
13762,g95e5,1.659,1.649,1.659,1.6540,2
13762,gA,1.765,1.745,1.765,1.7550,2
13774,g95e5,1.539,1.499,1.539,1.5190,3
13774,gA,1.679,1.659,1.679,1.6690,2
13775,gA,1.745,1.699,1.745,1.7220,2
13779,g95e5,1.729,1.729,1.729,1.7290,4
13779,gA,1.839,1.839,1.839,1.8390,4
13780,gA,1.747,1.747,1.747,1.7470,3
13781,g95e5,1.799,1.799,1.799,1.7990,3
13781,gA,1.959,1.959,1.969,1.9623,3
13781,gP,2.089,2.089,2.089,2.0890,3
13781,g98e5,1.849,1.849,1.869,1.8557,3
13784,g95e5,1.825,1.825,1.825,1.8250,3
13784,gA,1.919,1.905,1.919,1.9145,4
13784,g98e5,1.945,1.945,1.945,1.9450,3
13784,gB,1.654,1.649,1.654,1.6523,3
13785,g95e5,1.629,1.619,1.629,1.6240,2
13785,gA,1.735,1.715,1.735,1.7250,2
13786,gA,1.760,1.740,1.770,1.7567,3
13787,g95e5,1.709,1.709,1.709,1.7090,3
13787,gA,1.939,1.939,1.939,1.9390,3
13791,g95e5,1.669,1.659,1.669,1.6640,2
13791,gA,1.789,1.759,1.789,1.7740,2
13793,g95e5,1.637,1.637,1.637,1.6370,3
13793,gA,1.737,1.737,1.737,1.7370,3
13797,gA,1.748,1.748,1.748,1.7480,3
13801,g95e5,1.629,1.609,1.629,1.6190,2
13801,gA,1.759,1.739,1.759,1.7490,2
13803,g95e5,1.709,1.709,1.709,1.7090,3
13803,gA,1.799,1.799,1.799,1.7990,3
13803,gB,1.549,1.549,1.549,1.5490,3
13809,g95e5,1.699,1.679,1.699,1.6890,2
13809,gA,1.719,1.699,1.719,1.7090,2
13813,g95e5,1.624,1.614,1.624,1.6190,3
13813,gA,1.714,1.704,1.714,1.7090,3
13814,g95e5,1.675,1.665,1.675,1.6700,2
13814,gA,1.767,1.747,1.767,1.7570,2
13815,g95e5,1.641,1.629,1.641,1.6370,3
13815,gA,1.817,1.817,1.823,1.8200,2
13819,g95e5,1.729,1.697,1.729,1.7143,3
13819,gA,1.789,1.739,1.789,1.7623,3
13823,g95e5,1.569,1.569,1.589,1.5757,3
13823,gA,1.729,1.719,1.739,1.7290,3
13829,gnc,1.669,1.669,1.669,1.6690,2
13829,gnl,1.599,1.599,1.599,1.5990,2
13831,g95e5,1.688,1.678,1.688,1.6830,2
13831,gA,1.868,1.858,1.868,1.8630,2
13835,g95e5,1.567,1.564,1.567,1.5650,3
13836,gA,1.479,1.479,1.479,1.4790,3
13842,gA,1.795,1.785,1.795,1.7883,3
13846,g95e5,1.695,1.675,1.695,1.6850,2
13846,gA,1.829,1.809,1.829,1.8190,2
13847,g95e5,1.699,1.669,1.699,1.6857,3
13847,gA,1.809,1.759,1.809,1.7823,3
13851,gA,1.894,1.894,1.894,1.8940,2
13851,g98e5,1.942,1.929,1.942,1.9355,2
13854,g95e5,1.639,1.589,1.639,1.6140,2
13854,gA,1.769,1.709,1.769,1.7357,3
13855,gA,1.759,1.759,1.759,1.7590,2
13867,g95e5,1.699,1.699,1.699,1.6990,2
13867,gA,1.809,1.809,1.809,1.8090,2
13871,gA,1.698,1.698,1.698,1.6980,2
13875,g95e5,1.639,1.609,1.639,1.6257,3
13875,gA,1.769,1.729,1.769,1.7457,3
13879,gA,1.769,1.759,1.769,1.7623,3
13881,g95e5,1.799,1.799,1.799,1.7990,3
13881,gA,1.859,1.859,1.879,1.8657,3
13881,g98e5,1.899,1.899,1.899,1.8990,3
13890,g95e5,1.609,1.599,1.609,1.6040,2
13890,gA,1.719,1.709,1.719,1.7140,2
13894,g95e5,1.628,1.628,1.628,1.6280,3
13894,gA,1.748,1.748,1.748,1.7480,3
13909,gA,1.729,1.699,1.729,1.7140,2
13911,gA,1.785,1.785,1.785,1.7850,3
13916,g95e5,1.849,1.849,1.849,1.8490,2
13916,gA,1.949,1.935,1.949,1.9443,3
13916,gP,2.039,2.025,2.039,2.0343,3
13916,g98e5,1.989,1.989,1.989,1.9890,2
13918,g95e5,1.809,1.809,1.809,1.8090,2
13918,gA,1.899,1.899,1.899,1.8990,3
13918,gP,1.989,1.989,1.989,1.9890,3
13918,g98e5,1.949,1.949,1.949,1.9490,2
13927,g95e5,1.669,1.669,1.669,1.6690,3
13928,gA,1.949,1.929,1.949,1.9357,3
13929,g95e5,1.659,1.659,1.659,1.6590,2
13929,gA,1.769,1.769,1.769,1.7690,2
13933,g95e5,1.559,1.539,1.559,1.5523,3
13933,gA,1.719,1.699,1.719,1.7123,3
13944,g95e5,1.549,1.529,1.549,1.5390,2
13948,g95e5,1.525,1.525,1.525,1.5250,2
13948,gA,1.739,1.739,1.739,1.7390,2
13949,g95e5,1.749,1.739,1.749,1.7423,3
13949,gA,1.849,1.829,1.849,1.8357,3
13949,gP,1.899,1.879,1.899,1.8857,3
13955,g95e5,1.506,1.478,1.506,1.4967,3
13955,gA,1.677,1.677,1.677,1.6770,2
13956,g95e5,1.769,1.759,1.769,1.7640,2
13956,gA,1.869,1.839,1.869,1.8540,2
13956,gP,1.909,1.879,1.909,1.8940,2
13960,g95e5,1.765,1.759,1.765,1.7620,4
13960,gA,1.959,1.959,1.959,1.9590,3
13960,g98e5,1.885,1.885,1.885,1.8850,2
13960,g95e5p,1.835,1.835,1.835,1.8350,2
13965,g95e5,1.629,1.629,1.629,1.6290,2
13965,gA,1.769,1.769,1.769,1.7690,2
13966,gA,1.469,1.469,1.469,1.4690,2
13968,g95e5,1.719,1.719,1.719,1.7190,3
13968,gA,1.849,1.849,1.849,1.8490,2
13970,g95e5,1.629,1.619,1.629,1.6240,2
13970,gA,1.739,1.739,1.739,1.7390,2
13971,gA,1.749,1.749,1.749,1.7490,3
13973,g95e5,1.669,1.639,1.669,1.6540,2
13973,gA,1.769,1.719,1.769,1.7440,2
13975,g95e5,1.677,1.639,1.677,1.6517,3
13975,gA,1.777,1.749,1.777,1.7583,3
13976,g95e5,1.658,1.637,1.658,1.6440,3
13976,gA,1.728,1.728,1.737,1.7340,3
13982,g95e5,1.503,1.475,1.503,1.4937,3
13982,gA,1.673,1.673,1.673,1.6730,2
13983,g95e5,1.785,1.785,1.785,1.7850,3
13983,gA,1.899,1.895,1.899,1.8977,3
13983,gP,1.989,1.985,1.989,1.9877,3
13983,g98e5,1.955,1.955,1.955,1.9550,3
13983,g95e5p,1.855,1.855,1.855,1.8550,3
13983,glp,1.149,1.149,1.149,1.1490,2
13985,g95e5,1.789,1.789,1.789,1.7890,3
13985,gA,1.925,1.909,1.925,1.9197,3
13985,gP,1.985,1.969,1.985,1.9797,3
13985,g98e5,1.959,1.959,1.959,1.9590,3
13985,g95e5p,1.869,1.869,1.869,1.8690,3
13985,gB,1.720,1.715,1.720,1.7183,3
13989,g95e5,1.679,1.679,1.679,1.6790,3
13989,gA,1.839,1.799,1.839,1.8123,3
13990,gA,1.779,1.769,1.779,1.7740,2
13990,gP,1.829,1.819,1.829,1.8240,2
13993,g95e5,1.549,1.549,1.549,1.5490,2
13993,gA,1.659,1.659,1.659,1.6590,2
13994,g95e5,1.599,1.599,1.599,1.5990,2
13994,gA,1.729,1.729,1.729,1.7290,2
13995,gA,1.949,1.949,1.949,1.9490,2
13995,gP,1.999,1.999,1.999,1.9990,2
14000,gA,1.649,1.649,1.649,1.6490,2
14001,gA,1.789,1.789,1.789,1.7890,3
14003,g95e5,1.739,1.739,1.739,1.7390,4
14003,gA,1.959,1.959,1.959,1.9590,4
14003,gP,2.049,2.049,2.049,2.0490,4
14003,g98e5,1.799,1.799,1.799,1.7990,4
14005,g95e5,1.759,1.759,1.759,1.7590,3
14005,gA,1.819,1.809,1.819,1.8123,3
14005,gP,1.859,1.849,1.859,1.8523,3
14005,g98e5,1.859,1.859,1.859,1.8590,3
14009,g95e5,1.509,1.509,1.509,1.5090,3
14009,gA,1.699,1.679,1.699,1.6923,3
14015,g95e5,1.657,1.657,1.657,1.6570,2
14015,gA,1.658,1.658,1.737,1.6843,3
14016,g95e5,1.599,1.599,1.599,1.5990,3
14016,gA,1.749,1.739,1.749,1.7440,2
14017,g95e5,1.649,1.639,1.649,1.6440,2
14017,gA,1.789,1.759,1.789,1.7740,2
14025,g95e5,1.619,1.619,1.619,1.6190,2
14025,gA,1.769,1.769,1.769,1.7690,2
14025,gP,1.819,1.819,1.819,1.8190,2
14026,g95e5,1.775,1.759,1.775,1.7697,3
14026,gA,1.889,1.875,1.889,1.8843,3
14026,gP,1.979,1.965,1.979,1.9743,3
14026,g98e5,1.915,1.899,1.915,1.9097,3
14034,gA,1.515,1.515,1.515,1.5150,3
14034,gP,1.595,1.595,1.595,1.5950,3
14037,g95e5,1.629,1.619,1.629,1.6240,2
14037,gA,1.749,1.719,1.749,1.7340,2
14040,g95e5,1.759,1.759,1.759,1.7590,3
14040,gA,1.889,1.879,1.889,1.8840,2
14046,g95e5,1.679,1.679,1.679,1.6790,2
14046,gA,1.777,1.777,1.777,1.7770,2
14046,gB,1.478,1.478,1.478,1.4780,2
14048,g95e5,1.809,1.789,1.809,1.7990,3
14048,gA,1.929,1.929,1.929,1.9290,3
14048,g98e5,1.949,1.949,1.949,1.9490,3
14049,g95e5,1.629,1.619,1.629,1.6240,2
14049,gA,1.749,1.719,1.749,1.7340,2
14051,gA,1.952,1.952,1.952,1.9520,3
14052,g95e5,1.769,1.755,1.769,1.7597,3
14052,gA,1.959,1.949,1.959,1.9523,3
14052,gP,2.049,2.039,2.049,2.0423,3
14052,g98e5,1.909,1.895,1.909,1.8997,3
14052,gB,1.609,1.609,1.609,1.6090,3
14055,g95e5,1.699,1.699,1.699,1.6990,3
14055,gA,1.869,1.849,1.869,1.8590,3
14055,gP,1.909,1.889,1.909,1.8990,3
14055,g98e5,1.839,1.839,1.839,1.8390,3
14057,g95e5,1.699,1.689,1.699,1.6940,2
14057,gA,1.849,1.829,1.849,1.8390,2
14059,g95e5,1.619,1.619,1.619,1.6190,2
14059,gA,1.729,1.729,1.729,1.7290,2
14059,gP,1.769,1.769,1.769,1.7690,2
14065,g95e5,1.669,1.649,1.669,1.6590,2
14065,gA,1.839,1.819,1.839,1.8290,2
14067,g95e5,1.715,1.709,1.715,1.7120,2
14067,gA,1.895,1.885,1.895,1.8900,2
14069,gA,1.979,1.979,1.979,1.9790,2
14069,gP,2.027,2.027,2.027,2.0270,2
14070,g95e5,1.679,1.659,1.679,1.6723,3
14070,gA,1.799,1.749,1.799,1.7723,3
14071,gA,1.549,1.539,1.549,1.5457,3
14078,g95e5,1.690,1.670,1.690,1.6767,3
14078,gA,1.870,1.850,1.870,1.8567,3
14079,g95e5,1.669,1.639,1.669,1.6557,3
14079,gA,1.789,1.739,1.789,1.7623,3
14080,g95e5,1.789,1.789,1.789,1.7890,2
14080,gA,1.939,1.939,1.939,1.9390,2
14080,g98e5,1.909,1.909,1.909,1.9090,2
14081,g95e5,1.512,1.484,1.512,1.5027,3
14081,gA,1.683,1.683,1.683,1.6830,2
14083,g95e5,1.639,1.639,1.649,1.6423,3
14083,gA,1.769,1.769,1.769,1.7690,3
14084,g95e5,1.669,1.639,1.669,1.6557,3
14084,gA,1.769,1.719,1.769,1.7423,3
14089,g95e5,1.599,1.599,1.599,1.5990,2
14089,gA,1.759,1.759,1.759,1.7590,2
14090,g95e5,1.669,1.659,1.669,1.6623,3
14090,gA,1.789,1.759,1.789,1.7690,3
14092,g95e5,1.499,1.479,1.499,1.4890,2
14092,gA,1.599,1.569,1.599,1.5840,2
14092,gP,1.689,1.659,1.689,1.6740,2
14092,g98e5,1.619,1.579,1.619,1.5990,2
14094,g95e5,1.639,1.639,1.659,1.6523,3
14094,gA,1.719,1.719,1.739,1.7323,3
14098,gA,1.919,1.919,1.919,1.9190,2
14098,gP,1.919,1.919,1.919,1.9190,2
14099,g95e5,1.719,1.719,1.719,1.7190,2
14099,gA,1.929,1.929,1.929,1.9290,2
14100,g95e5,1.779,1.779,1.779,1.7790,3
14100,gA,1.899,1.899,1.899,1.8990,3
14104,g95e5,1.769,1.759,1.769,1.7640,2
14104,gA,1.859,1.849,1.859,1.8540,2
14107,g95e5,1.669,1.669,1.679,1.6757,3
14107,gA,1.759,1.759,1.759,1.7590,3
14107,gP,1.779,1.779,1.779,1.7790,3
14107,g95e5p,1.689,1.689,1.699,1.6957,3
14111,g95e5,1.709,1.709,1.709,1.7090,2
14111,gA,1.799,1.799,1.799,1.7990,2
14111,gP,1.819,1.819,1.819,1.8190,2
14117,gA,1.854,1.854,1.866,1.8600,2
14121,g95e5,1.657,1.647,1.657,1.6503,3
14121,gA,1.757,1.747,1.757,1.7503,3
14123,g95e5,1.754,1.754,1.754,1.7540,4
14123,gA,1.954,1.934,1.954,1.9473,3
14123,gP,2.054,2.034,2.054,2.0473,3
14128,g95e5,1.759,1.739,1.759,1.7523,3
14129,gA,1.809,1.769,1.809,1.7890,3
14132,g95e5,1.729,1.729,1.729,1.7290,2
14132,gA,1.849,1.839,1.849,1.8457,3
14132,gP,1.909,1.899,1.909,1.9057,3
14132,gB,1.429,1.429,1.429,1.4290,3
14137,g95e5,1.719,1.719,1.719,1.7190,2
14137,gA,1.859,1.849,1.859,1.8540,2
14138,g95e5,1.758,1.758,1.758,1.7580,2
14138,gA,1.978,1.974,1.978,1.9760,2
14138,g98e5,1.888,1.888,1.888,1.8880,2
14138,gB,1.579,1.574,1.579,1.5765,2
14139,gA,1.869,1.869,1.869,1.8690,3
14139,gP,1.919,1.919,1.919,1.9190,3
14140,g95e5,1.805,1.789,1.805,1.7997,3
14140,gA,1.945,1.945,1.945,1.9450,2
14143,g95e5,1.739,1.729,1.739,1.7357,3
14143,gA,1.849,1.829,1.849,1.8423,3
14143,gP,1.879,1.859,1.879,1.8723,3
14146,g95e5,1.800,1.800,1.800,1.8000,4
14146,gA,1.969,1.969,1.969,1.9690,4
14148,g95e5,1.649,1.649,1.649,1.6490,2
14148,gA,1.809,1.779,1.809,1.7990,3
14149,g95e5,1.429,1.429,1.429,1.4290,4
14149,gA,1.529,1.529,1.529,1.5290,3
14150,g95e5,1.759,1.759,1.759,1.7590,3
14150,gA,1.979,1.959,1.979,1.9730,4
14150,gP,2.039,2.035,2.039,2.0377,3
14150,g98e5,1.889,1.889,1.889,1.8890,3
14150,gB,1.580,1.575,1.580,1.5783,3
14152,g95e5,1.498,1.498,1.498,1.4980,3
14152,gA,1.638,1.638,1.638,1.6380,3
14154,g95e5,1.804,1.804,1.804,1.8040,4
14154,gA,1.964,1.944,1.964,1.9540,4
14154,gP,2.054,2.034,2.054,2.0440,4
14156,g95e5,1.784,1.774,1.784,1.7790,2
14156,gA,1.944,1.924,1.944,1.9340,2
14157,g95e5,1.819,1.819,1.819,1.8190,4
14157,gA,1.949,1.939,1.949,1.9415,4
14157,gP,2.009,1.999,2.009,2.0015,4
14161,g95e5,1.619,1.619,1.619,1.6190,2
14161,gA,1.729,1.729,1.729,1.7290,2
14163,g95e5,1.699,1.699,1.699,1.6990,3
14163,gA,1.739,1.719,1.739,1.7323,3
14164,gA,1.789,1.789,1.789,1.7890,3
14166,gA,1.789,1.789,1.789,1.7890,3
14167,g95e5,1.714,1.687,1.714,1.6960,3
14167,gA,1.817,1.797,1.817,1.8037,3
14167,gP,1.837,1.827,1.837,1.8303,3
14167,g98e5,1.894,1.887,1.894,1.8893,3
14168,g95e5,1.360,1.360,1.360,1.3600,2
14168,gA,1.456,1.456,1.456,1.4560,2
14168,gP,1.476,1.476,1.476,1.4760,2
14168,g98e5,1.476,1.476,1.476,1.4760,2
14168,g95e5p,1.399,1.399,1.399,1.3990,2
14169,g95e5,1.749,1.749,1.749,1.7490,3
14169,gA,1.889,1.889,1.889,1.8890,3
14169,gP,1.999,1.999,1.999,1.9990,3
14169,gB,1.699,1.699,1.699,1.6990,3
14170,g95e5,1.502,1.473,1.502,1.4923,3
14170,gA,1.672,1.672,1.672,1.6720,2
14172,gA,1.789,1.789,1.789,1.7890,3
14175,g95e5,1.689,1.689,1.689,1.6890,3
14175,gA,1.749,1.749,1.749,1.7490,3
14179,g95e5,1.669,1.669,1.669,1.6690,3
14179,gA,1.769,1.769,1.769,1.7690,3
14179,gB,1.499,1.499,1.499,1.4990,3
14182,g95e5,1.814,1.814,1.814,1.8140,3
14182,gA,1.954,1.954,1.954,1.9540,3
14187,gA,1.904,1.884,1.904,1.8907,3
14187,gP,1.984,1.964,1.984,1.9707,3
14188,g95e5,1.769,1.769,1.769,1.7690,2
14189,g95e5,1.659,1.659,1.659,1.6590,2
14189,gA,1.729,1.729,1.729,1.7290,2
14191,gP,1.929,1.929,1.929,1.9290,3
14193,g95e5,1.629,1.619,1.629,1.6240,2
14193,gA,1.749,1.719,1.749,1.7340,2
14195,g95e5,1.689,1.689,1.689,1.6890,2
14197,g95e5,1.545,1.545,1.545,1.5450,3
14197,gA,1.665,1.635,1.665,1.6483,3
14199,gA,1.819,1.795,1.819,1.8043,3
14199,gP,1.919,1.895,1.919,1.9043,3
14200,g95e5,1.677,1.677,1.699,1.6880,2
14200,gA,1.769,1.769,1.799,1.7890,4
14201,gA,1.809,1.799,1.809,1.8023,3
14202,g95e5,1.869,1.869,1.869,1.8690,3
14202,gA,1.959,1.959,1.959,1.9590,3
14202,gP,2.059,2.059,2.059,2.0590,3
14203,g95e5,1.719,1.719,1.719,1.7190,2
14203,gA,1.799,1.799,1.799,1.7990,2
14204,g95e5,1.699,1.699,1.699,1.6990,3
14204,gA,1.789,1.789,1.789,1.7890,3
14205,g95e5,1.679,1.649,1.679,1.6657,3
14205,gA,1.809,1.759,1.809,1.7823,3
14207,g95e5,1.659,1.639,1.659,1.6490,2
14207,gA,1.709,1.689,1.709,1.6990,2
14209,g95e5,1.799,1.799,1.799,1.7990,2
14210,gA,1.769,1.749,1.769,1.7590,2
14212,g95e5,1.609,1.609,1.609,1.6090,3
14212,gA,1.783,1.783,1.783,1.7830,3
14212,gB,1.403,1.403,1.403,1.4030,3
14215,g95e5,1.639,1.619,1.639,1.6290,2
14215,gA,1.699,1.679,1.699,1.6890,2
14218,g95e5,1.769,1.749,1.769,1.7623,3
14218,gA,1.909,1.889,1.909,1.9023,3
14218,gP,1.939,1.919,1.939,1.9323,3
14220,g95e5,1.649,1.649,1.649,1.6490,3
14220,gA,1.799,1.799,1.799,1.7990,3
14231,g95e5,1.629,1.629,1.629,1.6290,3
14231,gA,1.739,1.739,1.739,1.7390,3
14232,g95e5,1.775,1.775,1.775,1.7750,2
14232,gA,1.905,1.889,1.905,1.8997,3
14232,gP,1.995,1.979,1.995,1.9897,3
14232,g98e5,1.915,1.915,1.915,1.9150,2
14234,g95e5,1.729,1.677,1.729,1.7030,2
14234,gA,1.789,1.719,1.789,1.7540,2
14235,g95e5,1.629,1.629,1.629,1.6290,4
14235,gA,1.754,1.754,1.754,1.7540,4
14236,g95e5,1.739,1.739,1.739,1.7390,3
14236,gA,1.849,1.829,1.849,1.8390,3
14237,g95e5,1.699,1.659,1.699,1.6740,4
14237,gA,1.789,1.749,1.789,1.7640,4
14239,g95e5,1.657,1.657,1.666,1.6630,3
14239,gA,1.714,1.714,1.726,1.7220,3
14240,g95e5,1.669,1.649,1.669,1.6623,3
14240,gA,1.809,1.789,1.809,1.8023,3
14243,g95e5,1.549,1.549,1.559,1.5557,3
14243,gA,1.729,1.719,1.729,1.7223,3
14243,gP,1.749,1.739,1.749,1.7423,3
14248,g95e5,1.719,1.679,1.719,1.6923,3
14248,gA,1.769,1.719,1.769,1.7357,3
14255,g95e5,1.549,1.549,1.569,1.5623,3
14255,gA,1.699,1.699,1.719,1.7123,3
14256,g95e5,1.649,1.639,1.649,1.6440,2
14256,gA,1.749,1.739,1.749,1.7440,2
14257,g95e5,1.729,1.709,1.729,1.7190,2
14257,gA,1.799,1.779,1.799,1.7890,2
14258,g95e5,1.799,1.789,1.799,1.7957,3
14258,gA,1.949,1.949,1.949,1.9490,3
14258,gP,1.999,1.999,2.009,2.0023,3
14258,g98e5,1.869,1.859,1.869,1.8657,3
14260,g95e5,1.503,1.475,1.503,1.4937,3
14260,gA,1.674,1.674,1.674,1.6740,2
14264,g95e5,1.709,1.709,1.709,1.7090,3
14264,gA,1.829,1.829,1.829,1.8290,3
14266,g95e5,1.629,1.629,1.649,1.6390,2
14266,gA,1.749,1.749,1.769,1.7590,2
14270,g95e5,1.794,1.784,1.794,1.7890,4
14270,gA,1.964,1.954,1.964,1.9565,4
14270,gP,2.054,2.044,2.054,2.0465,4
14270,g95e5p,1.844,1.834,1.844,1.8390,4
14271,g95e5,1.729,1.719,1.729,1.7257,3
14271,gA,1.799,1.795,1.799,1.7977,3
14272,g95e5,1.609,1.609,1.609,1.6090,2
14272,gA,1.789,1.769,1.789,1.7790,2
14272,gP,1.839,1.819,1.839,1.8290,2
14276,g95e5,1.799,1.799,1.799,1.7990,2
14276,gA,1.984,1.974,1.984,1.9773,3
14276,gB,1.734,1.714,1.734,1.7240,3
14278,g95e5,1.699,1.699,1.699,1.6990,3
14278,gA,1.779,1.779,1.779,1.7790,3
14281,g95e5,1.815,1.815,1.815,1.8150,4
14281,gA,1.959,1.939,1.959,1.9530,4
14281,glp,1.189,1.189,1.189,1.1890,2
14282,g95e5,1.587,1.587,1.587,1.5870,3
14282,gA,1.737,1.707,1.737,1.7270,3
14282,gB,1.437,1.407,1.437,1.4270,3
14283,g95e5,1.789,1.789,1.789,1.7890,2
14283,gA,1.935,1.929,1.935,1.9320,2
14283,g98e5,1.969,1.969,1.969,1.9690,2
14286,g95e5,1.689,1.689,1.689,1.6890,3
14286,gA,1.799,1.799,1.799,1.7990,3
14286,gP,1.859,1.859,1.859,1.8590,3
14287,g95e5,1.799,1.789,1.799,1.7923,3
14287,gA,1.965,1.949,1.965,1.9543,3
14287,gP,2.059,2.039,2.059,2.0457,3
14287,g98e5,1.919,1.909,1.919,1.9123,3
14288,g95e5,1.629,1.619,1.629,1.6223,3
14289,g95e5,1.769,1.729,1.769,1.7490,3
14289,gA,1.909,1.889,1.909,1.8990,2
14293,g95e5,1.729,1.709,1.729,1.7223,3
14293,gA,1.799,1.784,1.799,1.7890,3
14294,g95e5,1.629,1.629,1.629,1.6290,2
14294,gA,1.749,1.749,1.749,1.7490,2
14301,g95e5,1.619,1.619,1.619,1.6190,3
14301,gA,1.729,1.729,1.729,1.7290,3
14301,gP,1.779,1.779,1.779,1.7790,3
14306,gA,1.819,1.819,1.819,1.8190,2
14307,g95e5,1.617,1.607,1.617,1.6120,2
14307,gA,1.787,1.757,1.787,1.7720,2
14308,gP,1.732,1.732,1.732,1.7320,3
14312,g95e5,1.639,1.609,1.639,1.6257,3
14312,gA,1.769,1.729,1.769,1.7457,3
14315,g95e5,1.769,1.729,1.769,1.7465,4
14315,gA,1.899,1.889,1.899,1.8940,4
14315,gP,1.899,1.889,1.899,1.8940,4
14315,g95e5p,1.819,1.779,1.819,1.7965,4
14318,g95e5,1.657,1.657,1.679,1.6717,3
14318,gA,1.709,1.709,1.739,1.7290,3
14319,gA,1.700,1.700,1.700,1.7000,2
14320,g95e5,1.688,1.668,1.688,1.6780,2
14320,gA,1.818,1.798,1.818,1.8080,2
14321,g95e5,1.709,1.709,1.719,1.7140,2
14321,gA,1.779,1.779,1.779,1.7790,2
14321,gP,1.799,1.799,1.799,1.7990,2
14321,g95e5p,1.719,1.719,1.729,1.7240,2
14324,g95e5,1.629,1.619,1.629,1.6240,2
14324,gA,1.799,1.789,1.799,1.7940,2
14324,gP,1.849,1.839,1.849,1.8440,2
14325,gA,1.725,1.725,1.725,1.7250,3
14327,g95e5,1.629,1.629,1.629,1.6290,3
14327,gA,1.749,1.749,1.749,1.7490,3
14327,gP,1.799,1.799,1.799,1.7990,3
14328,g95e5,1.539,1.539,1.539,1.5390,2
14328,gA,1.659,1.659,1.659,1.6590,2
14331,g95e5,1.589,1.589,1.589,1.5890,3
14331,gA,1.689,1.689,1.689,1.6890,3
14332,g95e5,1.679,1.679,1.679,1.6790,3
14332,gA,1.759,1.749,1.759,1.7523,3
14332,gP,1.799,1.789,1.799,1.7923,3
14334,g95e5,1.745,1.745,1.745,1.7450,2
14334,gA,1.945,1.945,1.945,1.9450,2
14334,g98e5,1.915,1.915,1.915,1.9150,2
14336,gnc,1.649,1.649,1.649,1.6490,2
14336,gnl,1.599,1.599,1.599,1.5990,2
14338,gA,1.809,1.789,1.809,1.7990,2
14338,gP,1.849,1.819,1.849,1.8340,2
14339,g98e5,1.719,1.719,1.719,1.7190,2
14343,g95e5,1.669,1.659,1.669,1.6640,2
14343,gA,1.759,1.739,1.759,1.7490,2
14345,g95e5,1.637,1.627,1.637,1.6337,3
14345,gA,1.737,1.727,1.737,1.7337,3
14349,gA,1.749,1.749,1.749,1.7490,2
14354,g95e5,1.549,1.529,1.549,1.5390,2
14356,g95e5,1.779,1.779,1.779,1.7790,2
14356,gA,1.969,1.969,1.969,1.9690,2
14359,g95e5,1.739,1.729,1.739,1.7340,4
14359,gA,1.799,1.789,1.799,1.7965,4
14359,gP,1.849,1.839,1.849,1.8465,4
14361,gA,1.769,1.749,1.769,1.7590,2
14361,gP,1.819,1.799,1.819,1.8090,2
14364,g95e5,1.629,1.629,1.629,1.6290,2
14364,gA,1.759,1.749,1.759,1.7523,3
14367,g95e5,1.759,1.749,1.759,1.7565,4
14367,gA,1.909,1.895,1.909,1.9045,4
14367,gP,1.969,1.965,1.969,1.9677,3
14367,g98e5,1.929,1.929,1.929,1.9290,3
14373,gA,1.699,1.689,1.699,1.6923,3
14375,gA,1.749,1.729,1.749,1.7390,2
14379,gA,1.789,1.789,1.799,1.7923,3
14383,gA,1.690,1.690,1.690,1.6900,3
14386,g95e5,1.649,1.649,1.649,1.6490,2
14386,gA,1.809,1.809,1.809,1.8090,2
14388,gA,1.839,1.819,1.839,1.8290,2
14390,gA,1.899,1.879,1.899,1.8930,4
14390,gB,1.754,1.749,1.754,1.7523,3
14393,gA,1.469,1.459,1.469,1.4623,3
14393,gP,1.569,1.569,1.569,1.5690,3
14401,g95e5,1.549,1.539,1.549,1.5423,3
14401,gA,1.729,1.699,1.729,1.7140,2
14401,gP,1.749,1.719,1.749,1.7340,2
14407,g95e5,1.765,1.765,1.765,1.7650,3
14407,gA,1.899,1.895,1.899,1.8977,3
14407,g98e5,1.885,1.885,1.885,1.8850,3
14407,gB,1.634,1.629,1.634,1.6323,3
14408,g95e5,1.639,1.639,1.639,1.6390,3
14408,gA,1.789,1.789,1.789,1.7890,3
14410,g95e5,1.659,1.649,1.659,1.6540,2
14410,gA,1.765,1.745,1.765,1.7550,2
14411,gA,1.969,1.959,1.969,1.9640,2
14414,g95e5,1.739,1.739,1.759,1.7490,3
14414,gA,1.849,1.849,1.869,1.8590,3
14414,gP,1.929,1.929,1.949,1.9390,3
14414,g98e5,1.879,1.879,1.899,1.8890,3
14415,g95e5,1.805,1.789,1.805,1.8010,4
14415,gA,1.905,1.899,1.905,1.9030,3
14415,gP,1.985,1.979,1.985,1.9830,3
14415,g98e5,1.925,1.925,1.925,1.9250,3
14415,g95e5p,1.875,1.875,1.875,1.8750,3
14415,gB,1.630,1.625,1.630,1.6283,3
14416,gA,1.819,1.789,1.819,1.7990,3
14417,g95e5,1.686,1.686,1.686,1.6860,2
14417,gA,1.836,1.836,1.836,1.8360,2
14418,gA,1.799,1.789,1.799,1.7923,3
14420,g95e5,1.715,1.709,1.715,1.7120,2
14420,gA,1.895,1.885,1.895,1.8900,2
14424,gA,1.789,1.749,1.789,1.7657,3
14425,g95e5,1.659,1.659,1.659,1.6590,3
14425,gA,1.779,1.779,1.779,1.7790,3
14429,g95e5,1.604,1.604,1.604,1.6040,4
14429,gA,1.749,1.749,1.749,1.7490,4
14430,g95e5,1.775,1.775,1.775,1.7750,3
14430,gA,1.909,1.895,1.909,1.9043,3
14430,gP,1.999,1.985,1.999,1.9943,3
14430,g98e5,1.915,1.915,1.915,1.9150,3
14432,g95e5,1.679,1.679,1.679,1.6790,3
14432,gA,1.769,1.769,1.769,1.7690,3
14434,g95e5,1.765,1.765,1.765,1.7650,3
14434,gA,1.899,1.895,1.899,1.8977,3
14434,g98e5,1.885,1.885,1.885,1.8850,3
14434,gB,1.634,1.629,1.634,1.6323,3
14436,g95e5,1.679,1.679,1.679,1.6790,2
14436,gA,1.829,1.829,1.829,1.8290,2
14436,gP,1.869,1.869,1.869,1.8690,2
14436,g98e5,1.849,1.849,1.849,1.8490,2
14438,gA,1.729,1.699,1.729,1.7090,3
14439,gA,1.729,1.699,1.729,1.7090,3
14440,g95e5,1.629,1.629,1.629,1.6290,2
14440,gA,1.729,1.729,1.729,1.7290,2
14441,g95e5,1.619,1.609,1.619,1.6123,3
14444,gA,1.828,1.818,1.828,1.8230,2
14447,g95e5,1.779,1.779,1.799,1.7857,3
14447,gA,1.899,1.889,1.899,1.8957,3
14447,gP,1.999,1.979,1.999,1.9923,3
14447,g98e5,1.949,1.949,1.949,1.9490,3
14449,g95e5,1.679,1.679,1.699,1.6857,3
14449,gA,1.789,1.769,1.789,1.7823,3
14450,g95e5,1.639,1.639,1.639,1.6390,3
14450,gA,1.779,1.769,1.779,1.7723,3
14451,g95e5,1.639,1.639,1.639,1.6390,2
14451,gA,1.739,1.739,1.739,1.7390,2
14455,g95e5,1.789,1.789,1.789,1.7890,2
14455,gA,1.939,1.939,1.939,1.9390,2
14456,g95e5,1.785,1.785,1.785,1.7850,3
14456,gB,1.380,1.380,1.380,1.3800,3
14457,g95e5,1.650,1.650,1.650,1.6500,2
14457,gA,1.756,1.756,1.756,1.7560,2
14458,g95e5,1.659,1.659,1.659,1.6590,2
14458,gA,1.729,1.729,1.729,1.7290,2
14460,g95e5,1.639,1.639,1.639,1.6390,3
14460,gA,1.759,1.759,1.759,1.7590,3
14462,g95e5,1.589,1.589,1.589,1.5890,3
14462,gA,1.729,1.729,1.729,1.7290,3
14468,g95e5,1.759,1.759,1.759,1.7590,3
14468,gA,1.899,1.889,1.899,1.8940,2
14468,gP,1.939,1.929,1.939,1.9340,2
14473,gA,1.749,1.749,1.749,1.7490,3
14473,gB,1.379,1.379,1.379,1.3790,3
14474,g95e5,1.639,1.639,1.649,1.6457,3
14474,gA,1.679,1.669,1.689,1.6790,3
14475,g95e5,1.650,1.650,1.650,1.6500,3
14475,gA,1.800,1.800,1.800,1.8000,3
14477,g95e5,1.657,1.637,1.657,1.6437,3
14477,gA,1.747,1.737,1.747,1.7403,3
14479,g95e5,1.629,1.629,1.629,1.6290,3
14479,gA,1.799,1.789,1.799,1.7923,3
14479,gP,1.839,1.829,1.839,1.8323,3
14481,g95e5,1.695,1.695,1.695,1.6950,2
14481,gA,1.759,1.759,1.759,1.7590,2
14481,gP,1.779,1.779,1.779,1.7790,2
14486,g95e5,1.539,1.528,1.539,1.5335,2
14486,gA,1.680,1.649,1.680,1.6627,3
14493,g95e5,1.669,1.669,1.679,1.6723,3
14493,gA,1.849,1.829,1.849,1.8423,3
14496,g95e5,1.679,1.649,1.679,1.6640,2
14496,gA,1.719,1.659,1.719,1.6890,2
14496,gP,1.739,1.679,1.739,1.7090,2
14497,g95e5,1.649,1.649,1.659,1.6523,3
14497,gA,1.719,1.719,1.739,1.7257,3
14498,g95e5,1.617,1.607,1.627,1.6170,3
14498,gA,1.787,1.757,1.787,1.7737,3
14501,g95e5,1.679,1.679,1.679,1.6790,3
14501,gA,1.849,1.829,1.849,1.8423,3
14501,gB,1.549,1.549,1.549,1.5490,3
14505,g95e5,1.629,1.599,1.629,1.6157,3
14505,gA,1.739,1.729,1.739,1.7340,2
14507,g95e5,1.659,1.659,1.659,1.6590,2
14510,g95e5,1.779,1.779,1.779,1.7790,2
14510,gA,1.939,1.939,1.939,1.9390,2
14512,gA,1.739,1.739,1.739,1.7390,2
14512,gP,1.789,1.789,1.789,1.7890,2
14514,gA,1.902,1.902,1.971,1.9250,3
14514,gB,1.728,1.728,1.728,1.7280,2
14515,gA,1.769,1.769,1.769,1.7690,2
14516,gA,1.939,1.919,1.939,1.9257,3
14516,gP,2.039,2.019,2.039,2.0257,3
14518,g95e5,1.679,1.679,1.679,1.6790,2
14518,gA,1.769,1.749,1.769,1.7590,2
14519,gA,1.869,1.869,1.869,1.8690,2
14521,g95e5,1.919,1.919,1.939,1.9257,3
14521,gA,2.019,2.019,2.019,2.0190,3
14521,g98e5,2.029,2.029,2.049,2.0357,3
14522,g95e5,1.689,1.689,1.689,1.6890,4
14522,gA,1.749,1.749,1.749,1.7490,4
14522,gP,1.799,1.799,1.799,1.7990,4
14527,gA,1.899,1.899,1.899,1.8990,2
14527,gP,1.919,1.919,1.919,1.9190,2
14527,gB,1.579,1.579,1.579,1.5790,2
14530,g95e5,1.775,1.775,1.775,1.7750,2
14530,gA,1.909,1.905,1.909,1.9077,3
14530,gP,1.999,1.999,2.093,2.0303,3
14530,g98e5,1.915,1.915,1.915,1.9150,2
14534,g95e5,1.558,1.558,1.558,1.5580,3
14534,gA,1.698,1.698,1.698,1.6980,3
14534,gP,1.748,1.748,1.748,1.7480,3
14537,g95e5,1.649,1.649,1.649,1.6490,2
14537,gA,1.739,1.739,1.739,1.7390,2
14538,g95e5,1.649,1.629,1.649,1.6390,2
14538,gA,1.775,1.755,1.775,1.7650,2
14541,g95e5,1.659,1.649,1.659,1.6540,2
14541,gA,1.759,1.739,1.759,1.7490,2
14545,g95e5,1.699,1.699,1.699,1.6990,4
14545,gA,1.859,1.839,1.859,1.8465,4
14547,g95e5,1.669,1.669,1.679,1.6757,3
14547,gA,1.759,1.759,1.759,1.7590,3
14550,g95e5,1.629,1.629,1.639,1.6357,3
14550,gA,1.749,1.739,1.749,1.7423,3
14551,g95e5,1.569,1.549,1.569,1.5590,2
14551,gA,1.669,1.669,1.669,1.6690,2
14552,g95e5,1.519,1.519,1.519,1.5190,2
14552,gA,1.695,1.695,1.695,1.6950,2
14553,g95e5,1.648,1.636,1.648,1.6400,3
14553,gA,1.738,1.736,1.738,1.7367,3
14553,gP,1.768,1.756,1.768,1.7600,3
14554,g95e5,1.669,1.649,1.669,1.6623,3
14554,gA,1.809,1.789,1.809,1.8023,3
14558,g95e5,1.599,1.599,1.619,1.6123,3
14558,gA,1.759,1.739,1.759,1.7523,3
14559,g95e5,1.649,1.629,1.649,1.6423,3
14559,gA,1.775,1.755,1.775,1.7683,3
14564,g95e5,1.599,1.599,1.599,1.5990,3
14564,gA,1.739,1.719,1.739,1.7257,3
14564,gB,1.459,1.439,1.459,1.4457,3
14567,g95e5,1.809,1.809,1.809,1.8090,2
14567,gA,1.959,1.959,1.959,1.9590,2
14567,gP,2.029,2.009,2.029,2.0190,3
14567,g98e5,1.979,1.969,1.979,1.9757,3
14569,g95e5,1.745,1.735,1.745,1.7417,3
14569,gA,1.895,1.875,1.895,1.8883,3
14569,gP,1.985,1.965,1.985,1.9783,3
14569,g98e5,1.885,1.875,1.885,1.8817,3
14571,g95e5,1.795,1.795,1.795,1.7950,3
14571,gA,1.939,1.939,1.939,1.9390,3
14574,g95e5,1.805,1.805,1.805,1.8050,3
14574,gA,1.899,1.895,1.899,1.8977,3
14574,g98e5,1.949,1.949,1.949,1.9490,3
14574,g95e5p,1.859,1.859,1.859,1.8590,3
14576,gA,1.737,1.737,1.737,1.7370,3
14581,g95e5,1.589,1.569,1.589,1.5790,2
14581,gA,1.769,1.749,1.769,1.7590,2
14581,gP,1.819,1.799,1.819,1.8090,2
14585,g95e5,1.709,1.699,1.709,1.7023,3
14585,gA,1.829,1.799,1.829,1.8090,3
14585,gP,1.849,1.819,1.849,1.8290,3
14587,g95e5,1.709,1.709,1.709,1.7090,2
14587,gA,1.749,1.749,1.749,1.7490,2
14588,g95e5,1.669,1.669,1.679,1.6757,3
14588,gA,1.789,1.779,1.789,1.7823,3
14589,g95e5,1.705,1.695,1.705,1.7017,3
14589,gA,1.819,1.799,1.829,1.8190,4
14593,g95e5,1.689,1.689,1.689,1.6890,3
14595,g95e5,1.619,1.604,1.619,1.6090,4
14595,gA,1.744,1.724,1.744,1.7315,4
14598,g95e5,1.609,1.609,1.629,1.6157,3
14598,gA,1.709,1.709,1.729,1.7157,3
14599,g95e5,1.588,1.588,1.588,1.5880,2
14599,gA,1.769,1.769,1.769,1.7690,2
14599,gP,1.829,1.829,1.829,1.8290,2
14605,g95e5,1.789,1.789,1.789,1.7890,2
14605,gA,1.979,1.979,1.979,1.9790,2
14608,g95e5,1.619,1.609,1.619,1.6140,2
14608,gA,1.727,1.707,1.727,1.7170,2
14609,g95e5,1.639,1.619,1.639,1.6240,4
14609,gA,1.739,1.719,1.739,1.7240,4
14611,g95e5,1.659,1.649,1.669,1.6590,3
14611,gA,1.819,1.809,1.819,1.8157,3
14614,gA,1.769,1.749,1.769,1.7590,3
14618,g95e5,1.629,1.629,1.629,1.6290,2
14618,gA,1.719,1.719,1.719,1.7190,2
14618,gP,1.739,1.739,1.739,1.7390,2
14619,g95e5,1.579,1.549,1.579,1.5640,2
14619,gA,1.719,1.689,1.719,1.7040,2
14621,gA,1.959,1.959,1.959,1.9590,2
14629,gA,1.790,1.790,1.790,1.7900,2
14629,gB,1.470,1.470,1.470,1.4700,2
14634,g95e5,1.669,1.619,1.669,1.6423,3
14634,gA,1.789,1.719,1.789,1.7490,3
14639,g95e5,1.679,1.679,1.679,1.6790,3
14639,gA,1.799,1.799,1.799,1.7990,3
14641,g95e5,1.740,1.730,1.740,1.7325,4
14641,gA,1.800,1.790,1.800,1.7925,4
14641,gB,1.440,1.440,1.440,1.4400,4
14644,gA,1.878,1.878,1.878,1.8780,3
14645,g95e5,1.649,1.649,1.649,1.6490,2
14645,gA,1.719,1.719,1.719,1.7190,2
14649,g95e5,1.759,1.759,1.759,1.7590,2
14649,gA,1.859,1.859,1.859,1.8590,2
14649,gP,1.929,1.929,1.929,1.9290,2
14649,gB,1.599,1.599,1.599,1.5990,2
14651,g95e5,1.539,1.519,1.539,1.5290,2
14651,gA,1.699,1.659,1.699,1.6790,2
14651,gP,1.799,1.759,1.799,1.7790,2
14651,g95e5p,1.639,1.619,1.639,1.6290,2
14652,g95e5,1.829,1.809,1.829,1.8190,3
14652,gA,1.959,1.929,1.959,1.9423,3
14652,gP,2.019,2.009,2.019,2.0140,2
14652,g98e5,1.929,1.929,1.929,1.9290,3
14652,gB,1.739,1.719,1.739,1.7290,3
14653,gA,1.739,1.739,1.739,1.7390,3
14653,gB,1.389,1.389,1.389,1.3890,3
14656,g95e5,1.669,1.669,1.669,1.6690,2
14656,gA,1.719,1.719,1.719,1.7190,2
14657,g95e5,1.574,1.574,1.574,1.5740,3
14657,gA,1.744,1.744,1.744,1.7440,3
14661,g95e5,1.649,1.649,1.649,1.6490,2
14661,gA,1.769,1.769,1.769,1.7690,2
14664,g95e5,1.749,1.739,1.749,1.7440,2
14664,gA,1.899,1.889,1.899,1.8940,2
14664,gP,1.939,1.929,1.939,1.9340,2
14664,g98e5,1.929,1.929,1.929,1.9290,2
14666,g95e5,1.709,1.709,1.709,1.7090,3
14666,gA,1.759,1.759,1.759,1.7590,3
14667,gA,1.829,1.819,1.829,1.8240,2
14667,gP,1.909,1.899,1.909,1.9040,2
14670,g95e5,1.779,1.769,1.779,1.7765,4
14670,gA,1.935,1.915,1.935,1.9260,4
14670,gP,2.015,1.999,2.015,2.0097,3
14670,g98e5,1.899,1.899,1.899,1.8990,3
14670,glp,1.175,1.175,1.175,1.1750,2
14672,g95e5,1.539,1.519,1.549,1.5357,3
14672,gA,1.649,1.619,1.649,1.6390,3
14673,gA,1.769,1.749,1.769,1.7590,2
14673,gP,1.899,1.899,1.899,1.8990,2
14675,g95e5,1.739,1.739,1.739,1.7390,3
14675,gA,1.869,1.869,1.869,1.8690,2
14675,gP,1.909,1.909,1.909,1.9090,2
14677,g95e5,1.717,1.717,1.717,1.7170,2
14677,gA,1.797,1.797,1.797,1.7970,2
14678,g95e5,1.649,1.619,1.649,1.6357,3
14678,gA,1.769,1.719,1.769,1.7423,3
14681,g95e5,1.744,1.744,1.744,1.7440,3
14681,gA,1.924,1.904,1.924,1.9140,4
14681,gP,2.004,1.984,2.004,1.9940,4
14683,gA,1.529,1.529,1.529,1.5290,2
14683,g98e5,1.564,1.564,1.564,1.5640,2
14688,g95e5,1.679,1.679,1.679,1.6790,2
14688,gA,1.769,1.769,1.769,1.7690,2
14688,gP,1.829,1.829,1.829,1.8290,2
14689,g95e5,1.819,1.819,1.819,1.8190,3
14689,gA,1.959,1.959,1.959,1.9590,3
14689,gP,2.019,2.019,2.019,2.0190,3
14689,g98e5,1.939,1.939,1.939,1.9390,3
14690,g95e5,1.819,1.809,1.819,1.8123,3
14690,gA,1.969,1.959,1.969,1.9623,3
14690,g98e5,1.959,1.949,1.959,1.9523,3
14691,gA,1.759,1.729,1.759,1.7390,3
14693,g95e5,1.657,1.655,1.657,1.6563,3
14693,gA,1.737,1.735,1.737,1.7363,3
14694,gA,1.708,1.708,1.708,1.7080,2
14695,gA,1.759,1.759,1.759,1.7590,3
14695,gB,1.329,1.329,1.329,1.3290,3
14697,g95e5,1.819,1.809,1.819,1.8140,2
14697,gA,1.929,1.899,1.929,1.9123,3
14697,g98e5,1.939,1.929,1.939,1.9357,3
14699,g95e5,1.629,1.629,1.629,1.6290,2
14699,gA,1.749,1.749,1.749,1.7490,2
14701,g95e5,1.639,1.619,1.639,1.6323,3
14701,gA,1.719,1.699,1.719,1.7123,3
14702,g95e5,1.511,1.483,1.511,1.5017,3
14702,gA,1.681,1.681,1.681,1.6810,2
14706,g95e5,1.549,1.529,1.549,1.5390,2
14708,g95e5,1.739,1.739,1.787,1.7550,3
14708,gA,1.859,1.817,1.859,1.8450,3
14710,g95e5,1.759,1.749,1.759,1.7557,3
14710,gA,1.919,1.909,1.919,1.9157,3
14710,gP,1.959,1.949,1.959,1.9557,3
14710,g98e5,1.859,1.849,1.859,1.8557,3
14711,g95e5,1.725,1.725,1.725,1.7250,3
14711,gA,1.795,1.795,1.795,1.7950,3
14713,g95e5,1.735,1.735,1.745,1.7383,3
14713,gA,1.815,1.795,1.825,1.8125,4
14714,g95e5,1.659,1.659,1.679,1.6723,3
14714,gA,1.739,1.739,1.759,1.7523,3
14715,g95e5,1.555,1.555,1.575,1.5683,3
14715,gA,1.725,1.725,1.745,1.7383,3
14716,g95e5,1.502,1.474,1.502,1.4927,3
14716,gA,1.672,1.672,1.672,1.6720,2
14718,g95e5,1.759,1.749,1.759,1.7557,3
14718,gA,1.919,1.909,1.919,1.9157,3
14718,gP,1.959,1.949,1.959,1.9557,3
14718,gB,1.589,1.579,1.589,1.5857,3
14722,gA,1.449,1.449,1.449,1.4490,3
14725,gA,1.969,1.969,1.969,1.9690,3
14725,gP,2.059,2.059,2.059,2.0590,3
14729,g95e5,1.549,1.529,1.549,1.5390,2
14730,g95e5,1.609,1.609,1.609,1.6090,2
14730,gA,1.779,1.749,1.779,1.7640,2
14730,gP,1.829,1.799,1.829,1.8140,2
14735,gA,1.739,1.739,1.739,1.7390,2
14740,g95e5,1.689,1.689,1.699,1.6957,3
14740,gA,1.819,1.819,1.819,1.8190,3
14740,gP,1.839,1.839,1.839,1.8390,3
14741,gnc,1.669,1.669,1.669,1.6690,2
14741,gnl,1.599,1.599,1.599,1.5990,2
14747,g95e5,1.639,1.619,1.639,1.6290,2
14747,gA,1.719,1.699,1.719,1.7090,2
14749,g95e5,1.659,1.659,1.659,1.6590,3
14749,gA,1.769,1.769,1.769,1.7690,3
14751,g95e5,1.606,1.606,1.606,1.6060,2
14751,gA,1.708,1.708,1.708,1.7080,2
14754,g95e5,1.649,1.649,1.669,1.6557,3
14754,gA,1.779,1.779,1.799,1.7857,3
14755,g95e5,1.815,1.809,1.815,1.8130,3
14755,gA,1.905,1.899,1.905,1.9030,3
14755,gP,1.985,1.979,1.985,1.9830,3
14755,g98e5,1.985,1.979,1.985,1.9830,3
14755,g95e5p,1.875,1.869,1.875,1.8730,3
14755,glp,1.119,1.119,1.119,1.1190,2
14757,g95e5,1.639,1.619,1.639,1.6257,3
14757,gA,1.719,1.699,1.719,1.7123,3
14757,gP,1.739,1.719,1.739,1.7323,3
14758,g95e5,1.629,1.629,1.629,1.6290,2
14758,gA,1.729,1.729,1.729,1.7290,2
14758,gP,1.749,1.749,1.749,1.7490,2
14760,g95e5,1.649,1.649,1.649,1.6490,2
14760,gA,1.799,1.799,1.799,1.7990,2
14761,g95e5,1.779,1.779,1.779,1.7790,2
14761,gA,1.879,1.859,1.879,1.8690,2
14763,g95e5,1.637,1.637,1.677,1.6637,3
14763,gA,1.687,1.687,1.737,1.7203,3
14764,g95e5,1.679,1.659,1.679,1.6723,3
14764,gA,1.779,1.759,1.779,1.7723,3
14764,gP,1.799,1.779,1.799,1.7923,3
14766,g95e5,1.799,1.799,1.799,1.7990,2
14766,gA,1.929,1.929,1.929,1.9290,2
14766,gP,2.019,2.019,2.019,2.0190,2
14767,g95e5,1.729,1.729,1.729,1.7290,2
14767,gA,1.949,1.949,1.949,1.9490,2
14767,gB,1.579,1.579,1.579,1.5790,2
14769,g95e5,1.415,1.398,1.415,1.4093,3
14769,gA,1.478,1.478,1.478,1.4780,3
14769,gP,1.575,1.575,1.575,1.5750,3
14769,g98e5,1.519,1.457,1.519,1.4983,3
14770,gA,1.739,1.739,1.739,1.7390,2
14771,g95e5,1.829,1.829,1.829,1.8290,4
14771,gA,1.959,1.949,1.959,1.9515,4
14771,gP,2.019,2.009,2.019,2.0115,4
14771,g98e5,1.969,1.969,1.969,1.9690,4
14774,g95e5,1.728,1.728,1.728,1.7280,2
14774,gA,1.848,1.838,1.848,1.8430,2
14774,gP,1.848,1.838,1.848,1.8430,2
14774,g95e5p,1.728,1.728,1.728,1.7280,2
14781,gA,1.934,1.914,1.934,1.9207,3
14781,gP,2.024,2.004,2.024,2.0107,3
14784,g95e5,1.495,1.467,1.495,1.4857,3
14784,gA,1.665,1.665,1.665,1.6650,2
14793,g95e5,1.809,1.809,1.809,1.8090,2
14793,gA,1.909,1.909,1.909,1.9090,2
14793,gP,1.999,1.999,1.999,1.9990,2
14793,g98e5,1.949,1.949,1.949,1.9490,2
14796,gA,1.789,1.789,1.789,1.7890,3
14797,g95e5,1.759,1.749,1.759,1.7523,3
14797,gA,1.919,1.909,1.919,1.9123,3
14797,gP,1.959,1.949,1.959,1.9523,3
14797,gB,1.589,1.579,1.589,1.5823,3
14798,gA,1.779,1.769,1.779,1.7740,2
14798,gP,1.789,1.779,1.789,1.7840,2
14801,g95e5p,1.839,1.839,1.839,1.8390,2
14803,g95e5,1.629,1.619,1.629,1.6240,2
14804,g95e5,1.629,1.629,1.629,1.6290,2
14804,gA,1.739,1.739,1.739,1.7390,2
14806,g95e5,1.659,1.659,1.679,1.6723,3
14806,gA,1.739,1.739,1.759,1.7523,3
14807,g95e5,1.719,1.719,1.739,1.7257,3
14807,gA,1.849,1.849,1.869,1.8557,3
14808,g95e5,1.769,1.769,1.789,1.7757,3
14808,gA,1.899,1.899,1.919,1.9057,3
14808,gP,1.959,1.959,1.979,1.9657,3
14808,g98e5,1.889,1.889,1.889,1.8890,3
14810,g95e5,1.637,1.637,1.637,1.6370,3
14810,gA,1.737,1.737,1.737,1.7370,3
14813,gA,1.968,1.946,1.968,1.9570,2
14813,gB,1.642,1.642,1.642,1.6420,2
14815,g95e5,1.709,1.699,1.709,1.7023,3
14815,gA,1.829,1.799,1.829,1.8090,3
14816,g95e5,1.657,1.657,1.677,1.6703,3
14816,gA,1.757,1.757,1.757,1.7570,3
14817,g95e5,1.769,1.769,1.779,1.7723,3
14817,gA,1.939,1.919,1.939,1.9323,3
14817,gP,2.049,2.049,2.069,2.0557,3
14817,g98e5,1.859,1.859,1.879,1.8657,3
14821,g95e5,1.775,1.775,1.775,1.7750,3
14821,gA,1.889,1.875,1.889,1.8843,3
14821,gP,1.979,1.965,1.979,1.9743,3
14821,g98e5,1.915,1.915,1.915,1.9150,3
14823,g95e5,1.629,1.619,1.629,1.6240,2
14826,gA,1.819,1.809,1.819,1.8140,2
14826,gP,1.819,1.809,1.819,1.8140,2
14832,g95e5,1.705,1.705,1.725,1.7117,3
14832,gA,1.849,1.799,1.849,1.8223,3
14832,gP,1.869,1.819,1.869,1.8423,3
14834,g95e5,1.759,1.759,1.759,1.7590,2
14834,gA,1.925,1.915,1.925,1.9217,3
14834,gP,2.015,2.005,2.015,2.0117,3
14834,g98e5,1.899,1.899,1.899,1.8990,2
14836,gA,1.700,1.700,1.700,1.7000,3
14836,gB,1.460,1.460,1.460,1.4600,3
14838,g95e5,1.549,1.549,1.559,1.5557,3
14838,gA,1.729,1.719,1.729,1.7223,3
14841,g95e5,1.759,1.759,1.759,1.7590,2
14841,gA,1.899,1.899,1.899,1.8990,2
14841,gP,1.959,1.959,1.959,1.9590,2
14849,g95e5,1.599,1.589,1.599,1.5923,3
14849,gA,1.729,1.709,1.729,1.7157,3
14850,g95e5,1.489,1.489,1.489,1.4890,2
14850,gA,1.679,1.679,1.679,1.6790,2
14851,g95e5,1.795,1.795,1.795,1.7950,2
14851,gA,1.895,1.875,1.895,1.8883,3
14851,gP,1.985,1.965,1.985,1.9783,3
14851,g98e5,1.935,1.935,1.935,1.9350,2
14854,g95e5,1.639,1.609,1.639,1.6257,3
14854,gA,1.749,1.699,1.749,1.7223,3
14858,g95e5,1.559,1.539,1.559,1.5490,2
14858,gA,1.709,1.689,1.709,1.6990,2
14859,g95e5,1.649,1.649,1.649,1.6490,2
14859,gA,1.739,1.739,1.739,1.7390,2
14861,g95e5,1.657,1.657,1.657,1.6570,2
14861,gA,1.739,1.739,1.739,1.7390,2
14862,g95e5,1.669,1.639,1.669,1.6557,3
14862,gA,1.789,1.739,1.789,1.7623,3
14862,gP,1.809,1.759,1.809,1.7823,3
14863,g95e5,1.725,1.715,1.725,1.7183,3
14863,gA,1.849,1.819,1.849,1.8290,3
14865,g95e5,1.669,1.639,1.669,1.6557,3
14865,gA,1.789,1.739,1.789,1.7623,3
14866,g95e5,1.682,1.682,1.682,1.6820,2
14866,gA,1.799,1.799,1.799,1.7990,2
14866,gP,1.849,1.849,1.849,1.8490,2
14866,g98e5,1.731,1.731,1.731,1.7310,2
14866,gB,1.380,1.380,1.380,1.3800,2
14868,gA,1.559,1.549,1.559,1.5557,3
14868,gnc,1.505,1.505,1.505,1.5050,2
14869,g95e5,1.665,1.665,1.665,1.6650,3
14869,gA,1.819,1.819,1.819,1.8190,3
14870,g95e5,1.649,1.629,1.649,1.6423,3
14870,gA,1.775,1.755,1.775,1.7683,3
14871,g95e5,1.849,1.849,1.849,1.8490,2
14871,gA,1.939,1.929,1.939,1.9340,2
14871,g98e5,1.979,1.979,1.979,1.9790,2
14872,g95e5,1.639,1.639,1.639,1.6390,2
14872,gA,1.759,1.759,1.759,1.7590,2
14873,g95e5,1.629,1.629,1.629,1.6290,2
14873,gA,1.719,1.719,1.719,1.7190,2
14874,g95e5,1.649,1.619,1.649,1.6390,3
14874,gA,1.749,1.749,1.749,1.7490,3
14875,gnc,1.669,1.669,1.669,1.6690,2
14875,gnl,1.609,1.609,1.609,1.6090,2
14876,g95e5,1.609,1.609,1.629,1.6157,3
14876,gA,1.709,1.709,1.729,1.7157,3
14878,g95e5,1.744,1.719,1.744,1.7357,3
14878,gA,1.839,1.814,1.839,1.8240,3
14878,gP,1.869,1.864,1.869,1.8673,3
14879,g95e5,1.609,1.609,1.629,1.6157,3
14879,gA,1.709,1.709,1.729,1.7157,3
14881,g95e5,1.699,1.699,1.699,1.6990,3
14881,gA,1.789,1.789,1.789,1.7890,3
14885,g95e5,1.609,1.609,1.609,1.6090,2
14885,gA,1.789,1.769,1.789,1.7790,2
14885,gP,1.839,1.819,1.839,1.8290,2
14886,gA,1.819,1.799,1.819,1.8057,3
14888,g95e5,1.639,1.609,1.639,1.6257,3
14888,gA,1.769,1.729,1.769,1.7457,3
14888,gP,1.789,1.749,1.789,1.7657,3
14889,g95e5,1.739,1.739,1.739,1.7390,3
14889,gA,1.859,1.859,1.859,1.8590,3
14890,g95e5,1.639,1.619,1.649,1.6365,4
14890,gA,1.739,1.719,1.749,1.7365,4
14891,g95e5,1.709,1.709,1.709,1.7090,2
14891,gA,1.809,1.809,1.809,1.8090,2
14892,g95e5,1.689,1.659,1.689,1.6757,3
14892,gA,1.859,1.829,1.859,1.8457,3
14892,gP,1.879,1.849,1.879,1.8657,3
14893,g95e5,1.503,1.475,1.503,1.4937,3
14893,gA,1.673,1.673,1.673,1.6730,2
14894,g95e5,1.689,1.659,1.689,1.6757,3
14894,gA,1.859,1.829,1.859,1.8457,3
14895,g95e5,1.729,1.729,1.729,1.7290,3
14895,gA,1.859,1.829,1.859,1.8390,3
14895,gP,1.879,1.849,1.879,1.8590,3
14896,g95e5,1.727,1.707,1.727,1.7203,3
14896,gA,1.837,1.817,1.837,1.8303,3
14897,g95e5,1.629,1.629,1.649,1.6423,3
14897,gA,1.719,1.719,1.739,1.7323,3
14898,g95e5,1.729,1.729,1.729,1.7290,3
14898,gA,1.889,1.889,1.889,1.8890,3
14898,gP,1.969,1.969,1.969,1.9690,3
14901,g95e5,1.714,1.714,1.714,1.7140,4
14901,gA,1.884,1.864,1.884,1.8773,3
14901,gP,1.994,1.974,1.994,1.9873,3
14901,g95e5p,1.834,1.834,1.834,1.8340,4
14904,g95e5,1.759,1.759,1.759,1.7590,3
14904,gA,1.705,1.705,1.705,1.7050,3
14905,g95e5,1.689,1.689,1.709,1.6957,3
14905,gA,1.789,1.789,1.809,1.7957,3
14906,g95e5,1.829,1.829,1.829,1.8290,3
14906,gA,1.969,1.959,1.969,1.9657,3
14906,g98e5,1.969,1.969,1.969,1.9690,3
14908,g95e5,1.599,1.599,1.599,1.5990,3
14908,gA,1.769,1.759,1.769,1.7623,3
14908,gB,1.449,1.439,1.449,1.4423,3
14909,gA,1.799,1.779,1.799,1.7857,3
14909,gP,1.855,1.837,1.855,1.8430,3
14909,g95e10,1.649,1.629,1.649,1.6357,3
14909,g98e10,1.845,1.827,1.845,1.8330,3
14911,g95e5,1.669,1.639,1.669,1.6557,3
14911,gA,1.804,1.739,1.804,1.7673,3
14913,gA,1.779,1.769,1.779,1.7740,2
14914,g95e5,1.669,1.649,1.669,1.6623,3
14914,gA,1.789,1.769,1.789,1.7823,3
14915,g95e5,1.619,1.619,1.619,1.6190,2
14915,gA,1.739,1.739,1.739,1.7390,2
14918,g95e5,1.639,1.629,1.639,1.6323,3
14918,gA,1.717,1.697,1.717,1.7037,3
14921,g95e5,1.695,1.685,1.695,1.6917,3
14921,gA,1.829,1.809,1.829,1.8223,3
14923,g95e5,1.769,1.759,1.769,1.7640,4
14923,gA,1.889,1.879,1.889,1.8840,4
14923,gP,1.939,1.929,1.939,1.9340,4
14923,g95e5p,1.819,1.809,1.819,1.8140,4
14924,g95e5,1.511,1.483,1.511,1.5017,3
14924,gA,1.682,1.682,1.682,1.6820,2
14925,gnl,1.599,1.599,1.599,1.5990,2
14927,gA,1.769,1.749,1.769,1.7590,2
14927,gP,1.819,1.799,1.819,1.8090,2
14928,g95e5,1.629,1.629,1.639,1.6340,2
14928,gA,1.717,1.717,1.717,1.7170,2
14930,g95e5,1.645,1.645,1.659,1.6543,3
14930,gA,1.759,1.749,1.759,1.7523,3
14931,g95e5,1.669,1.649,1.669,1.6623,3
14931,gA,1.769,1.749,1.769,1.7623,3
14931,gP,1.789,1.769,1.789,1.7823,3
14935,g95e5,1.669,1.669,1.669,1.6690,3
14935,gA,1.749,1.749,1.749,1.7490,3
14936,g95e5,1.754,1.754,1.754,1.7540,3
14936,gA,1.979,1.959,1.979,1.9723,3
14936,gP,2.074,2.054,2.074,2.0673,3
14936,g95e5p,1.854,1.854,1.854,1.8540,3
14938,g95e5,1.699,1.679,1.699,1.6890,2
14938,gA,1.779,1.759,1.779,1.7690,2
14939,gA,1.789,1.789,1.789,1.7890,2
14940,g95e5,1.609,1.579,1.609,1.5940,2
14940,gA,1.709,1.649,1.709,1.6790,2
14941,g95e5,1.659,1.649,1.659,1.6540,2
14941,gA,1.759,1.739,1.759,1.7490,2
14942,gA,1.749,1.749,1.749,1.7490,3
14944,g95e5,1.329,1.329,1.329,1.3290,3
14945,g95e5,1.659,1.659,1.669,1.6623,3
14945,gA,1.759,1.759,1.759,1.7590,3
14948,gA,1.729,1.729,1.729,1.7290,2
14951,g95e5,1.678,1.678,1.678,1.6780,3
14951,gA,1.825,1.807,1.825,1.8130,3
14953,g95e5,1.695,1.695,1.715,1.7017,3
14953,gA,1.749,1.749,1.769,1.7557,3
14954,g95e5,1.699,1.699,1.729,1.7123,3
14954,gA,1.769,1.769,1.799,1.7823,3
14955,g95e5,1.569,1.569,1.569,1.5690,3
14955,gA,1.727,1.709,1.727,1.7210,3
14956,g95e5,1.759,1.759,1.759,1.7590,3
14956,gA,1.879,1.879,1.879,1.8790,3
14957,g95e5,1.609,1.609,1.639,1.6223,3
14957,gA,1.739,1.739,1.779,1.7590,3
14958,g95e5,1.649,1.649,1.669,1.6557,3
14958,gA,1.799,1.799,1.819,1.8057,3
14959,g95e5,1.655,1.635,1.655,1.6483,3
14959,gA,1.735,1.729,1.749,1.7377,3
14962,gA,1.879,1.879,1.879,1.8790,3
14962,gB,1.629,1.619,1.629,1.6223,3
14963,gA,1.459,1.459,1.459,1.4590,2
14965,g95e5,1.659,1.639,1.659,1.6523,3
14965,gA,1.769,1.749,1.769,1.7623,3
14966,g95e5,1.599,1.599,1.599,1.5990,3
14966,gA,1.766,1.746,1.766,1.7593,3
14967,g95e5,1.679,1.679,1.699,1.6923,3
14967,gA,1.769,1.769,1.789,1.7823,3
14968,g95e5,1.729,1.719,1.739,1.7290,3
14968,gA,1.829,1.779,1.829,1.8023,3
14969,g95e5,1.649,1.635,1.655,1.6463,3
14969,gA,1.789,1.787,1.805,1.7937,3
14970,g95e5,1.689,1.689,1.699,1.6957,3
14970,gA,1.769,1.769,1.779,1.7757,3
14971,g95e5,1.855,1.855,1.855,1.8550,3
14971,gA,1.995,1.969,1.995,1.9797,3
14971,gP,2.065,2.045,2.065,2.0517,3
14971,g98e5,2.029,1.949,2.029,1.9757,3
14971,gB,1.769,1.755,1.769,1.7597,3
14974,g95e5,1.629,1.629,1.629,1.6290,2
14974,gA,1.729,1.729,1.729,1.7290,2
14974,gP,1.749,1.749,1.749,1.7490,2
14977,g95e5,1.629,1.629,1.629,1.6290,2
14977,gA,1.729,1.729,1.729,1.7290,2
14977,gP,1.749,1.749,1.749,1.7490,2
14978,g95e5,1.794,1.794,1.794,1.7940,4
14978,gA,1.974,1.954,1.974,1.9640,4
14978,gP,2.074,2.054,2.074,2.0640,4
14979,gA,1.739,1.739,1.739,1.7390,3
14981,gA,1.829,1.829,1.829,1.8290,2
14981,g95e10,1.768,1.768,1.768,1.7680,2
14981,gB,1.549,1.549,1.549,1.5490,2
14985,g95e5,1.619,1.609,1.629,1.6190,3
14985,gA,1.709,1.709,1.729,1.7157,3
14986,gA,1.909,1.909,1.909,1.9090,3
14987,gA,1.919,1.909,1.919,1.9157,3
14990,gA,1.769,1.749,1.769,1.7590,2
14993,g95e5,1.699,1.679,1.699,1.6890,2
14993,gA,1.799,1.769,1.799,1.7840,2
14993,gP,1.819,1.789,1.819,1.8040,2
14994,g95e5,1.709,1.709,1.719,1.7157,3
14994,gA,1.779,1.769,1.779,1.7723,3
14995,g95e5,1.599,1.599,1.609,1.6057,3
14995,gA,1.749,1.739,1.749,1.7423,3
14995,gB,1.319,1.309,1.319,1.3123,3
14997,g95e5,1.729,1.729,1.729,1.7290,3
14997,gA,1.869,1.869,1.869,1.8690,3
14999,gA,1.699,1.699,1.699,1.6990,2
15000,gA,1.719,1.699,1.719,1.7090,2
15002,g95e5,1.639,1.639,1.649,1.6457,3
15002,gA,1.769,1.769,1.769,1.7690,3
15003,g95e5,1.709,1.709,1.719,1.7140,2
15003,gA,1.769,1.769,1.769,1.7690,2
15004,gnc,1.679,1.679,1.679,1.6790,2
15004,gnl,1.609,1.609,1.609,1.6090,2
15006,g95e5,1.549,1.549,1.569,1.5623,3
15006,gA,1.669,1.669,1.689,1.6757,3
15007,gA,1.914,1.914,1.914,1.9140,2
15007,gP,1.994,1.994,1.994,1.9940,2
15009,g95e5,1.799,1.799,1.799,1.7990,4
15009,gA,1.959,1.939,1.959,1.9490,4
15009,gP,2.054,2.034,2.054,2.0440,4
15009,g95e5p,1.894,1.894,1.894,1.8940,4
15011,g95e5,1.639,1.639,1.639,1.6390,2
15011,gA,1.779,1.779,1.779,1.7790,2
15011,bio,1.719,1.719,1.719,1.7190,2
15012,gA,1.769,1.749,1.769,1.7590,2
15015,gA,1.709,1.689,1.709,1.6990,2
15020,g98e5,1.719,1.719,1.719,1.7190,2
15022,g95e5,1.689,1.669,1.689,1.6823,3
15022,gA,1.767,1.747,1.767,1.7603,3
15023,g95e5,1.629,1.609,1.629,1.6157,3
15023,gA,1.749,1.709,1.749,1.7223,3
15024,g95e5,1.695,1.669,1.695,1.6860,4
15024,gA,1.805,1.779,1.805,1.7960,4
15025,gA,1.769,1.769,1.769,1.7690,2
15025,gP,1.809,1.809,1.809,1.8090,2
15027,g95e5,1.719,1.689,1.719,1.7057,3
15027,gA,1.769,1.719,1.769,1.7423,3
15027,gP,1.789,1.739,1.789,1.7623,3
15028,g95e5,1.659,1.649,1.659,1.6540,2
15029,g95e5,1.587,1.578,1.588,1.5843,3
15029,gA,1.768,1.745,1.769,1.7607,3
15032,g95e5,1.635,1.605,1.635,1.6217,3
15032,gA,1.775,1.725,1.775,1.7483,3
15033,g95e5,1.809,1.805,1.809,1.8077,3
15033,gA,1.999,1.995,1.999,1.9977,3
15033,gP,2.059,2.055,2.059,2.0577,3
15033,g98e5,1.929,1.925,1.929,1.9277,3
15040,g95e5,1.699,1.699,1.699,1.6990,3
15040,gA,1.819,1.819,1.819,1.8190,2
15041,g95e5,1.639,1.639,1.659,1.6523,3
15041,gA,1.719,1.719,1.739,1.7323,3
15042,g95e5,1.679,1.669,1.679,1.6740,2
15042,gA,1.849,1.829,1.849,1.8390,2
15043,gA,1.419,1.419,1.419,1.4190,2
15044,g95e5,1.389,1.370,1.389,1.3827,3
15044,gA,1.477,1.459,1.477,1.4710,3
15045,g95e5,1.689,1.689,1.689,1.6890,2
15045,gA,1.789,1.789,1.789,1.7890,2
15048,g95e5,1.599,1.599,1.599,1.5990,3
15049,g95e5,1.765,1.765,1.775,1.7683,3
15049,gA,1.905,1.905,1.909,1.9063,3
15049,gP,2.015,2.015,2.019,2.0163,3
15049,g98e5,1.935,1.935,1.945,1.9383,3
15049,glp,1.175,1.175,1.175,1.1750,2
15055,g95e5,1.679,1.649,1.679,1.6690,3
15055,gA,1.779,1.779,1.779,1.7790,2
15055,gP,1.819,1.819,1.819,1.8190,2
15057,g95e5,1.689,1.669,1.689,1.6790,3
15057,gA,1.769,1.749,1.769,1.7590,3
15058,g95e5,1.699,1.699,1.699,1.6990,3
15058,gA,1.799,1.799,1.799,1.7990,3
15059,g95e5,1.649,1.649,1.665,1.6543,3
15059,gA,1.849,1.849,1.865,1.8543,3
15061,g95e5,1.598,1.598,1.598,1.5980,2
15061,gA,1.738,1.738,1.738,1.7380,2
15063,g95e5,1.516,1.488,1.516,1.5067,3
15063,gA,1.687,1.687,1.687,1.6870,2
15064,g95e5,1.619,1.609,1.629,1.6190,3
15064,gA,1.727,1.717,1.727,1.7237,3
15065,g95e5,1.689,1.659,1.689,1.6757,3
15065,gA,1.797,1.747,1.797,1.7703,3
15065,gP,1.817,1.767,1.817,1.7903,3
15066,gA,1.799,1.799,1.799,1.7990,2
15068,g95e5,1.639,1.629,1.639,1.6340,2
15068,gA,1.769,1.749,1.769,1.7590,2
15069,gA,1.779,1.749,1.779,1.7590,3
15070,g95e5,1.659,1.639,1.659,1.6523,3
15070,gA,1.749,1.729,1.749,1.7423,3
15073,g95e5,1.639,1.629,1.639,1.6340,2
15073,gA,1.739,1.739,1.739,1.7390,2
15073,gP,1.819,1.819,1.819,1.8190,2
15074,g95e5,1.629,1.629,1.629,1.6290,2
15074,gA,1.719,1.719,1.719,1.7190,2
15074,gP,1.739,1.739,1.739,1.7390,2
15077,g95e5,1.649,1.649,1.649,1.6490,3
15077,gA,1.769,1.729,1.769,1.7423,3
15078,g95e5,1.629,1.599,1.629,1.6090,3
15078,gA,1.799,1.799,1.799,1.7990,3
15079,g95e5,1.729,1.729,1.729,1.7290,2
15079,gA,1.859,1.839,1.859,1.8490,2
15082,gA,1.799,1.799,1.799,1.7990,2
15082,gP,1.849,1.849,1.849,1.8490,2
15087,g95e5,1.769,1.769,1.769,1.7690,4
15087,gA,1.869,1.859,1.869,1.8640,4
15087,gP,1.919,1.909,1.919,1.9140,4
15087,g98e5,1.909,1.909,1.909,1.9090,4
15088,gA,1.899,1.879,1.899,1.8857,3
15088,gP,1.979,1.959,1.979,1.9657,3
15090,g95e5,1.825,1.815,1.825,1.8225,4
15090,gA,1.949,1.949,1.955,1.9510,3
15090,g98e5,1.995,1.995,1.995,1.9950,3
15090,glp,1.165,1.165,1.165,1.1650,2
15091,g95e5,1.685,1.665,1.685,1.6723,3
15091,gA,1.765,1.745,1.765,1.7523,3
15092,gA,1.759,1.749,1.759,1.7540,2
15097,g95e5,1.629,1.619,1.629,1.6240,2
15097,gA,1.809,1.789,1.809,1.7990,2
15097,gP,1.859,1.839,1.859,1.8490,2
15099,g95e5,1.549,1.549,1.569,1.5623,3
15099,gA,1.669,1.669,1.689,1.6757,3
15101,gA,1.569,1.569,1.569,1.5690,2
15101,gP,1.689,1.689,1.689,1.6890,2
15102,g95e5,1.779,1.779,1.779,1.7790,2
15102,gA,1.899,1.899,1.899,1.8990,2
15102,gP,1.969,1.969,1.969,1.9690,2
15102,g98e10,1.949,1.949,1.949,1.9490,2
15104,g95e5,1.748,1.738,1.748,1.7430,2
15104,gA,1.918,1.918,1.918,1.9180,2
15107,g95e5,1.749,1.749,1.769,1.7557,3
15107,gA,1.919,1.919,1.919,1.9190,3
15107,g98e5,1.899,1.899,1.919,1.9057,3
15108,g95e5,1.739,1.719,1.739,1.7323,3
15108,gA,1.819,1.799,1.819,1.8123,3
15109,g95e5,1.639,1.619,1.639,1.6323,3
15109,gA,1.757,1.737,1.757,1.7503,3
15111,g95e5,1.669,1.659,1.669,1.6623,3
15111,gA,1.789,1.759,1.789,1.7690,3
15113,gA,1.720,1.720,1.720,1.7200,2
15116,g95e5,1.798,1.798,1.798,1.7980,3
15116,gA,1.899,1.899,1.899,1.8990,3
15116,gP,2.066,2.066,2.066,2.0660,3
15116,g98e5,1.955,1.955,1.955,1.9550,3
15116,gB,1.699,1.699,1.699,1.6990,3
15117,gA,1.859,1.859,1.859,1.8590,2
15118,g95e5,1.505,1.477,1.505,1.4957,3
15118,gA,1.676,1.676,1.676,1.6760,2
15120,g95e5,1.648,1.648,1.669,1.6550,3
15120,gA,1.698,1.698,1.699,1.6983,3
15126,g95e5,1.639,1.619,1.639,1.6290,2
15126,gA,1.757,1.737,1.757,1.7470,2
15127,g95e5,1.679,1.679,1.679,1.6790,2
15127,gA,1.769,1.769,1.769,1.7690,2
15128,g95e5,1.549,1.539,1.549,1.5423,3
15128,gA,1.729,1.699,1.729,1.7140,2
15129,g95e5,1.609,1.609,1.609,1.6090,2
15129,gA,1.709,1.709,1.709,1.7090,2
15132,g95e5,1.669,1.669,1.699,1.6823,3
15132,gA,1.759,1.749,1.769,1.7590,3
15135,g95e5,1.649,1.649,1.669,1.6557,3
15135,gA,1.749,1.749,1.769,1.7557,3
15136,g95e5,1.509,1.481,1.509,1.4997,3
15136,gA,1.679,1.679,1.679,1.6790,2
15138,g95e5,1.709,1.699,1.709,1.7023,3
15138,gA,1.829,1.799,1.829,1.8090,3
15139,g95e5,1.689,1.659,1.689,1.6757,3
15139,gA,1.799,1.749,1.799,1.7723,3
15140,g95e5,1.649,1.619,1.649,1.6357,3
15140,gA,1.769,1.747,1.769,1.7610,3
15142,g95e5,1.649,1.629,1.649,1.6423,3
15142,gA,1.769,1.749,1.769,1.7623,3
15143,gnc,1.669,1.669,1.669,1.6690,2
15143,gnl,1.599,1.599,1.599,1.5990,2
15145,g95e5,1.695,1.685,1.695,1.6917,3
15145,gA,1.829,1.809,1.829,1.8223,3
15146,g95e5,1.459,1.459,1.459,1.4590,2
15146,gA,1.759,1.759,1.759,1.7590,2
15148,g95e5,1.679,1.659,1.679,1.6723,3
15148,gA,1.769,1.749,1.769,1.7623,3
15149,g95e5,1.849,1.849,1.849,1.8490,3
15149,gA,1.969,1.959,1.969,1.9657,3
15153,gA,1.719,1.719,1.719,1.7190,2
15154,g95e5,1.639,1.629,1.639,1.6340,2
15154,gA,1.769,1.749,1.769,1.7590,2
15157,g95e5,1.779,1.759,1.779,1.7715,4
15157,gA,1.929,1.909,1.929,1.9190,4
15157,gP,2.019,1.999,2.019,2.0090,4
15157,g95e5p,1.829,1.809,1.829,1.8215,4
15158,g95e5,1.810,1.810,1.810,1.8100,2
15158,gA,1.932,1.932,1.932,1.9320,2
15159,g95e5,1.627,1.627,1.647,1.6403,3
15159,gA,1.729,1.729,1.749,1.7423,3
15159,gP,1.749,1.749,1.769,1.7623,3
15160,g95e5,1.629,1.619,1.669,1.6390,3
15160,gA,1.789,1.759,1.859,1.8023,3
15161,g95e5,1.639,1.639,1.649,1.6457,3
15161,gA,1.769,1.769,1.769,1.7690,3
15163,g95e5,1.649,1.619,1.649,1.6357,3
15163,gA,1.769,1.747,1.769,1.7610,3
15165,g95e5,1.784,1.784,1.784,1.7840,4
15165,gA,1.904,1.884,1.904,1.8940,4
15165,gP,1.964,1.944,1.964,1.9540,4
15165,g95e5p,1.854,1.854,1.854,1.8540,4
15166,g95e5,1.669,1.639,1.669,1.6557,3
15166,gA,1.789,1.739,1.789,1.7623,3
15167,g95e5,1.579,1.569,1.599,1.5823,3
15167,gA,1.639,1.619,1.649,1.6357,3
15168,g95e5,1.609,1.609,1.619,1.6157,3
15168,gA,1.779,1.769,1.779,1.7723,3
15169,g95e5,1.738,1.728,1.738,1.7330,2
15170,g95e5,1.639,1.639,1.659,1.6490,2
15170,gA,1.739,1.739,1.759,1.7490,2
15171,g95e5,1.794,1.794,1.794,1.7940,4
15171,gA,1.974,1.954,1.974,1.9640,4
15171,gP,2.074,2.054,2.074,2.0640,4
15172,g95e5,1.709,1.709,1.715,1.7130,3
15172,gA,1.799,1.799,1.809,1.8057,3
15173,g95e5,1.635,1.599,1.635,1.6230,3
15173,gA,1.797,1.797,1.807,1.8003,3
15174,gA,1.739,1.739,1.739,1.7390,2
15175,g95e5,1.649,1.639,1.659,1.6490,3
15175,gA,1.769,1.749,1.769,1.7623,3
15176,g95e5,1.549,1.549,1.559,1.5557,3
15176,gA,1.729,1.719,1.729,1.7223,3
15177,g95e5,1.659,1.659,1.669,1.6657,3
15177,gA,1.779,1.769,1.779,1.7723,3
15179,g95e5,1.615,1.615,1.649,1.6310,3
15179,gA,1.785,1.785,1.819,1.8010,3
15180,g95e5,1.679,1.639,1.679,1.6590,3
15180,gA,1.779,1.739,1.779,1.7590,3
15180,gP,1.819,1.759,1.819,1.7857,3
15181,g95e5,1.609,1.609,1.609,1.6090,2
15181,gA,1.689,1.689,1.689,1.6890,2
15182,gA,1.609,1.609,1.609,1.6090,3
15182,gP,1.739,1.729,1.739,1.7357,3
15183,g95e5,1.665,1.659,1.679,1.6677,3
15183,gA,1.765,1.765,1.779,1.7697,3
15184,g95e5,1.639,1.639,1.639,1.6390,2
15184,gA,1.789,1.789,1.789,1.7890,2
15185,g95e5,1.665,1.665,1.685,1.6717,3
15185,gA,1.785,1.785,1.799,1.7897,3
15186,g95e5,1.679,1.659,1.679,1.6723,3
15186,gA,1.799,1.749,1.799,1.7723,3
15186,gP,1.819,1.769,1.819,1.7923,3
15188,g95e5,1.669,1.659,1.669,1.6640,2
15188,gA,1.789,1.759,1.789,1.7740,2
15188,gP,1.809,1.779,1.809,1.7940,2
15189,g95e5,1.809,1.809,1.809,1.8090,2
15189,gA,1.899,1.899,1.899,1.8990,3
15189,gP,1.989,1.989,1.989,1.9890,3
15189,g98e5,1.949,1.949,1.949,1.9490,2
15191,gA,1.888,1.878,1.888,1.8813,3
15191,gB,1.774,1.774,1.774,1.7740,3
15194,g95e5,1.669,1.669,1.669,1.6690,2
15194,gA,1.809,1.809,1.809,1.8090,2
15194,gP,1.819,1.819,1.819,1.8190,2
15195,g95e5,1.599,1.599,1.619,1.6090,3
15195,gA,1.779,1.767,1.779,1.7750,3
15197,gA,1.799,1.751,1.799,1.7670,3
15197,gB,1.459,1.459,1.459,1.4590,2
15198,g95e5,1.724,1.724,1.724,1.7240,3
15198,gA,1.819,1.789,1.819,1.7990,3
15199,g95e5,1.669,1.619,1.669,1.6440,2
15200,g95e5,1.629,1.619,1.629,1.6240,2
15200,gA,1.739,1.719,1.739,1.7290,2
15203,g95e5,1.669,1.669,1.669,1.6690,2
15203,gA,1.797,1.797,1.797,1.7970,2
15206,g95e5,1.709,1.659,1.709,1.6765,4
15206,gA,1.849,1.779,1.849,1.8015,4
15206,gP,1.899,1.829,1.899,1.8515,4
15206,g95e5p,1.759,1.709,1.759,1.7265,4
15207,g95e5,1.629,1.629,1.629,1.6290,3
15207,gA,1.759,1.749,1.759,1.7523,3
15209,g95e5,1.609,1.599,1.619,1.6065,4
15211,g95e5,1.759,1.759,1.759,1.7590,2
15211,gA,1.979,1.979,1.979,1.9790,2
15212,g95e5,1.639,1.635,1.639,1.6363,3
15212,gA,1.749,1.725,1.749,1.7330,3
15212,gP,1.809,1.775,1.809,1.7863,3
15212,g98e5,1.859,1.835,1.859,1.8430,3
15216,g95e5,1.669,1.669,1.679,1.6757,3
15216,gA,1.789,1.779,1.789,1.7823,3
15217,gA,1.889,1.879,1.889,1.8857,3
15217,glp,1.125,1.125,1.125,1.1250,2
15220,g95e5,1.689,1.659,1.689,1.6757,3
15220,gA,1.809,1.759,1.809,1.7823,3
15223,gnl,1.599,1.599,1.599,1.5990,2
15226,g95e5,1.689,1.659,1.689,1.6757,3
15226,gA,1.809,1.759,1.809,1.7823,3
15229,gA,1.899,1.899,1.899,1.8990,3
15235,g95e5,1.689,1.679,1.689,1.6840,2
15235,gA,1.829,1.809,1.829,1.8190,2
15242,g95e5,1.665,1.659,1.679,1.6677,3
15242,gA,1.765,1.765,1.779,1.7697,3
15246,gP,1.716,1.716,1.716,1.7160,2
15251,g95e5,1.699,1.669,1.699,1.6840,2
15251,gA,1.829,1.759,1.829,1.7870,4
15252,g95e5,1.699,1.699,1.699,1.6990,2
15252,gA,1.779,1.779,1.779,1.7790,2
15253,gA,1.848,1.848,1.848,1.8480,2
15253,gP,1.948,1.948,1.948,1.9480,2
15256,g95e5,1.639,1.639,1.639,1.6390,2
15256,gA,1.759,1.759,1.759,1.7590,2
15259,g95e5,1.689,1.659,1.689,1.6757,3
15259,gA,1.809,1.759,1.809,1.7823,3
15259,gP,1.829,1.779,1.829,1.8023,3
15261,g95e5,1.649,1.649,1.649,1.6490,3
15261,gA,1.819,1.809,1.819,1.8123,3
15261,gP,1.859,1.849,1.859,1.8523,3
15261,gB,1.499,1.489,1.499,1.4923,3
15266,g95e5,1.728,1.728,1.734,1.7310,2
15266,gA,1.818,1.818,1.828,1.8230,2
15267,g95e5,1.559,1.559,1.569,1.5623,3
15267,gA,1.679,1.639,1.679,1.6623,3
15268,g95e5,1.659,1.659,1.659,1.6590,2
15268,gA,1.789,1.769,1.789,1.7790,2
15268,gP,1.829,1.809,1.829,1.8190,2
15274,g95e5,1.659,1.647,1.659,1.6510,3
15274,gA,1.869,1.847,1.869,1.8543,3
15277,gA,1.895,1.895,1.895,1.8950,3
15279,g95e5,1.669,1.669,1.669,1.6690,2
15281,g95e5,1.579,1.579,1.579,1.5790,3
15281,gA,1.719,1.719,1.719,1.7190,3
15281,gB,1.379,1.379,1.379,1.3790,3
15288,g95e5,1.538,1.538,1.538,1.5380,2
15288,gA,1.697,1.697,1.697,1.6970,2
15288,gB,1.366,1.366,1.366,1.3660,2
15296,gA,1.756,1.756,1.756,1.7560,3
15300,gA,1.769,1.769,1.769,1.7690,2
15307,gA,1.779,1.779,1.779,1.7790,3
15307,gP,1.809,1.809,1.809,1.8090,3
15309,gA,1.755,1.745,1.755,1.7517,3
15316,g95e5,1.705,1.705,1.705,1.7050,2
15316,gA,1.859,1.859,1.859,1.8590,2
15317,gA,1.849,1.849,1.849,1.8490,3
15328,gA,1.693,1.693,1.693,1.6930,3
15328,gB,1.416,1.416,1.416,1.4160,3
15337,gA,1.744,1.744,1.744,1.7440,2
15337,gP,1.744,1.744,1.744,1.7440,2
15344,g95e5,1.658,1.658,1.658,1.6580,3
15344,gA,1.768,1.738,1.768,1.7480,3
15354,gA,1.760,1.760,1.760,1.7600,3
15356,g95e5,1.659,1.659,1.679,1.6690,2
15356,gA,1.759,1.759,1.779,1.7690,2
15357,gA,1.739,1.729,1.739,1.7340,4
15365,gA,1.760,1.760,1.760,1.7600,2
15368,g95e5,1.828,1.818,1.828,1.8230,2
15368,gA,1.918,1.918,1.918,1.9180,2
15368,g98e5,1.948,1.948,1.948,1.9480,2
15370,g95e5,1.639,1.619,1.639,1.6290,2
15370,gA,1.739,1.719,1.739,1.7290,2
15378,gA,1.999,1.969,1.999,1.9790,3
15385,g95e5,1.769,1.769,1.769,1.7690,2
15385,gA,1.909,1.909,1.909,1.9090,2
15389,gA,1.879,1.879,1.879,1.8790,2
15391,gA,1.737,1.737,1.737,1.7370,3
15393,g95e5,1.589,1.589,1.589,1.5890,3
15393,gA,1.689,1.689,1.689,1.6890,3
15394,g95e5,1.705,1.685,1.705,1.6950,2
15394,gA,1.919,1.915,1.919,1.9170,2
15396,g95e5,1.769,1.769,1.769,1.7690,3
15396,gA,1.839,1.839,1.839,1.8390,3
15398,g95e5,1.749,1.749,1.749,1.7490,2
15398,gA,1.899,1.899,1.899,1.8990,2
15399,g95e5,1.679,1.679,1.679,1.6790,2
15399,gA,1.789,1.789,1.789,1.7890,2
15399,gP,1.819,1.799,1.819,1.8090,2
15399,g98e5,1.859,1.859,1.859,1.8590,2
15405,gA,1.749,1.749,1.749,1.7490,2
15409,gA,1.749,1.729,1.749,1.7390,2
15410,gA,1.700,1.700,1.700,1.7000,3
15412,gA,1.745,1.745,1.745,1.7450,2
15422,gA,1.879,1.879,1.879,1.8790,3
15422,gB,1.609,1.599,1.609,1.6040,2
15433,g95e5,1.565,1.555,1.565,1.5597,3
15433,gA,1.725,1.705,1.725,1.7150,3
15444,g95e5,1.645,1.637,1.645,1.6397,3
15444,gA,1.809,1.790,1.809,1.7993,3
15448,gA,1.809,1.809,1.809,1.8090,2
15458,gA,1.759,1.759,1.759,1.7590,2
15467,g95e5,1.719,1.719,1.719,1.7190,2
15468,g95e5,1.599,1.589,1.599,1.5957,3
15468,gA,1.767,1.759,1.767,1.7617,3
15468,gP,1.827,1.819,1.827,1.8217,3
15477,gA,1.799,1.799,1.799,1.7990,3
15482,g95e5,1.645,1.637,1.645,1.6397,3
15482,gA,1.809,1.790,1.809,1.7993,3
15489,g95e5,1.689,1.679,1.689,1.6840,2
15489,gA,1.759,1.749,1.759,1.7540,2
15493,g95e5,1.689,1.689,1.699,1.6957,3
15493,gA,1.819,1.819,1.819,1.8190,3
15496,gA,1.779,1.779,1.779,1.7790,2
15497,g95e5,1.759,1.749,1.759,1.7557,3
15497,gA,1.909,1.909,1.909,1.9090,2
15497,gP,1.999,1.999,1.999,1.9990,2
15497,g98e5,1.899,1.889,1.899,1.8957,3
15500,gA,1.749,1.749,1.749,1.7490,3
15504,g95e5,1.639,1.619,1.639,1.6323,3
15504,gA,1.779,1.769,1.779,1.7757,3
15505,g95e5,1.629,1.619,1.629,1.6240,2
15505,gA,1.809,1.789,1.809,1.7990,2
15506,g95e5,1.535,1.535,1.535,1.5350,3
15511,gnc,1.619,1.619,1.619,1.6190,3
15513,g95e5,1.539,1.539,1.569,1.5490,3
15513,gA,1.699,1.679,1.709,1.6957,3
15515,g95e5,1.759,1.759,1.759,1.7590,2
15515,gA,1.929,1.919,1.929,1.9240,2
15515,gP,2.029,2.019,2.029,2.0240,2
15515,g98e5,1.929,1.929,1.929,1.9290,2
15516,gB,1.330,1.330,1.330,1.3300,3
15519,gA,1.869,1.849,1.869,1.8557,3
15520,g95e5,1.599,1.599,1.599,1.5990,2
15520,gA,1.739,1.739,1.739,1.7390,2
15520,gP,1.799,1.799,1.799,1.7990,2
15520,g98e5,1.759,1.759,1.759,1.7590,2
15521,g95e5,1.659,1.659,1.669,1.6640,2
15521,gA,1.769,1.759,1.769,1.7640,2
15524,gnl,1.599,1.599,1.599,1.5990,2
15525,gnl,1.599,1.599,1.599,1.5990,2
15530,gA,1.719,1.719,1.719,1.7190,3
15531,g95e5,1.715,1.709,1.715,1.7120,2
15531,gA,1.895,1.885,1.895,1.8900,2
15533,g95e5,1.689,1.659,1.689,1.6757,3
15533,gA,1.809,1.759,1.809,1.7823,3
15533,gP,1.829,1.779,1.829,1.8023,3
15534,gA,1.499,1.499,1.499,1.4990,3
15534,gP,1.449,1.449,1.449,1.4490,3
15535,g95e5,1.669,1.669,1.669,1.6690,3
15535,gA,1.769,1.769,1.769,1.7690,3
15535,g98e5,1.689,1.689,1.689,1.6890,3
15535,gB,1.499,1.499,1.499,1.4990,3
15536,gA,1.729,1.719,1.729,1.7215,4
15539,g95e5,1.709,1.709,1.709,1.7090,3
15539,gA,1.839,1.839,1.839,1.8390,3
15541,g95e5,1.814,1.814,1.814,1.8140,3
15541,gA,1.944,1.944,1.944,1.9440,3
15541,gP,2.034,2.034,2.034,2.0340,3
15541,g98e5,1.964,1.964,1.964,1.9640,3
15542,g95e5,1.659,1.659,1.659,1.6590,2
15542,gA,1.775,1.775,1.775,1.7750,2
15542,gP,1.805,1.805,1.805,1.8050,2
15545,g95e5,1.549,1.539,1.549,1.5423,3
15547,g95e5,1.649,1.649,1.649,1.6490,3
15547,gA,1.809,1.789,1.809,1.7957,3
15549,g95e5,1.804,1.804,1.804,1.8040,4
15549,gA,1.954,1.934,1.954,1.9440,4
15549,gP,2.054,2.034,2.054,2.0440,4
15549,gB,1.764,1.764,1.764,1.7640,2
15550,g95e5,1.599,1.589,1.599,1.5923,3
15550,gA,1.749,1.729,1.749,1.7357,3
15552,g95e5,1.705,1.705,1.725,1.7117,3
15552,gA,1.799,1.799,1.819,1.8123,3
15555,g95e5,1.695,1.695,1.715,1.7083,3
15555,gA,1.759,1.759,1.779,1.7723,3
15556,g95e5,1.649,1.649,1.669,1.6557,3
15556,gA,1.739,1.739,1.759,1.7457,3
15557,g95e5,1.639,1.599,1.639,1.6190,2
15557,gA,1.779,1.769,1.789,1.7790,3
15557,gP,1.819,1.799,1.829,1.8157,3
15558,gA,1.849,1.849,1.849,1.8490,3
15559,g95e5,1.699,1.669,1.699,1.6840,4
15559,gA,1.749,1.749,1.749,1.7490,2
15560,g95e5,1.589,1.589,1.589,1.5890,3
15560,gA,1.739,1.739,1.759,1.7490,3
15563,gA,1.647,1.647,1.647,1.6470,3
15569,g95e5,1.739,1.739,1.739,1.7390,2
15569,gA,1.869,1.869,1.869,1.8690,2
15571,g95e5,1.607,1.607,1.607,1.6070,3
15571,gA,1.720,1.720,1.720,1.7200,3
15572,g95e5,1.709,1.709,1.719,1.7140,2
15572,gA,1.779,1.779,1.779,1.7790,2
15574,g95e5,1.729,1.729,1.749,1.7357,3
15574,gA,1.819,1.819,1.819,1.8190,3
15577,g95e5,1.655,1.650,1.655,1.6525,2
15577,gA,1.799,1.756,1.799,1.7775,2
15578,g95e5,1.824,1.824,1.824,1.8240,4
15578,gA,1.994,1.974,1.994,1.9840,4
15578,gP,2.094,2.074,2.094,2.0840,4
15578,g95e5p,1.884,1.884,1.884,1.8840,4
15579,gA,1.879,1.879,1.879,1.8790,3
15579,gP,1.959,1.959,1.959,1.9590,3
15581,g95e5,1.649,1.629,1.649,1.6423,3
15581,gA,1.769,1.749,1.769,1.7623,3
15585,gA,1.929,1.929,1.929,1.9290,3
15589,g95e5,1.609,1.599,1.609,1.6040,2
15589,gA,1.709,1.679,1.709,1.6940,2
15589,gP,1.719,1.699,1.719,1.7090,2
15592,g95e5,1.599,1.599,1.619,1.6090,3
15592,gA,1.747,1.717,1.747,1.7270,3
15592,gP,1.767,1.737,1.767,1.7470,3
15598,g95e5,1.645,1.627,1.645,1.6387,3
15598,gA,1.745,1.738,1.745,1.7415,2
15598,gP,1.765,1.758,1.765,1.7615,2
15603,g95e5,1.620,1.620,1.620,1.6200,3
15603,gA,1.760,1.760,1.760,1.7600,3
15604,g95e5,1.639,1.639,1.659,1.6523,3
15604,gA,1.719,1.719,1.739,1.7323,3
15605,g95e5,1.589,1.589,1.589,1.5890,2
15605,gA,1.759,1.759,1.759,1.7590,2
15606,g95e5,1.659,1.659,1.669,1.6657,3
15606,gA,1.765,1.765,1.765,1.7650,3
15608,g95e5,1.759,1.759,1.759,1.7590,4
15608,gA,1.924,1.904,1.924,1.9173,3
15608,gP,2.044,2.024,2.044,2.0373,3
15608,g95e5p,1.874,1.874,1.874,1.8740,4
15609,gA,1.889,1.889,1.889,1.8890,3
15609,gP,1.919,1.879,1.919,1.9090,4
15613,g95e5,1.679,1.659,1.679,1.6690,2
15613,gA,1.779,1.759,1.779,1.7690,2
15620,gA,1.919,1.919,1.919,1.9190,3
15621,gA,1.949,1.949,1.949,1.9490,3
15622,g95e5,1.689,1.689,1.699,1.6957,3
15622,gA,1.759,1.759,1.769,1.7657,3
15623,g95e5,1.707,1.697,1.717,1.7070,3
15623,gA,1.777,1.757,1.777,1.7703,3
15625,g95e5,1.689,1.689,1.709,1.6977,3
15625,gA,1.829,1.809,1.829,1.8223,3
15628,gA,1.719,1.689,1.719,1.7040,2
15636,g95e5,1.598,1.598,1.598,1.5980,2
15636,gA,1.697,1.697,1.697,1.6970,2
15637,g95e5,1.709,1.709,1.729,1.7177,3
15637,gA,1.799,1.799,1.819,1.8090,3
15638,g95e5,1.639,1.629,1.639,1.6340,2
15638,gA,1.769,1.749,1.769,1.7590,2
15642,g95e5,1.709,1.709,1.709,1.7090,3
15642,gA,1.929,1.929,1.929,1.9290,3
15657,gA,1.938,1.938,1.938,1.9380,2
15657,gP,2.029,2.029,2.029,2.0290,2
15658,g95e5,1.804,1.804,1.804,1.8040,4
15658,gA,1.984,1.964,1.984,1.9740,4
15658,gP,2.064,2.044,2.064,2.0540,4
15660,gA,1.789,1.789,1.789,1.7890,3
15664,gP,1.819,1.819,1.819,1.8190,4
15667,g95e5,1.729,1.729,1.739,1.7323,3
15667,gA,2.019,2.019,2.019,2.0190,3
15667,gP,2.049,2.049,2.049,2.0490,3
15667,g98e5,1.889,1.889,1.899,1.8923,3
15669,g95e5,1.649,1.619,1.649,1.6357,3
15669,gA,1.779,1.749,1.779,1.7690,4
15670,g95e5,1.649,1.649,1.659,1.6523,3
15670,gA,1.719,1.719,1.739,1.7257,3
15671,g95e5,1.699,1.689,1.699,1.6923,3
15671,gA,1.825,1.795,1.825,1.8050,3
15672,gA,1.759,1.759,1.759,1.7590,3
15672,gB,1.407,1.407,1.407,1.4070,3
15674,g95e5,1.829,1.829,1.829,1.8290,2
15674,gA,1.959,1.959,1.959,1.9590,2
15675,g95e5,1.825,1.825,1.825,1.8250,3
15675,gA,1.895,1.879,1.895,1.8895,4
15675,g98e5,1.945,1.945,1.945,1.9450,3
15675,g95e5p,1.895,1.895,1.895,1.8950,3
15675,glp,1.135,1.135,1.135,1.1350,2
15676,g95e5,1.819,1.819,1.819,1.8190,3
15676,gA,1.949,1.939,1.949,1.9455,4
15676,g98e5,1.989,1.989,1.989,1.9890,3
15676,glp,1.105,1.105,1.105,1.1050,2
15677,g95e5,1.719,1.719,1.719,1.7190,4
15677,gA,1.809,1.809,1.809,1.8090,4
15677,gP,1.859,1.859,1.859,1.8590,4
15677,g98e5,1.869,1.869,1.869,1.8690,4
15678,g95e5,1.629,1.629,1.629,1.6290,2
15678,gA,1.719,1.719,1.719,1.7190,2
15678,gP,1.739,1.739,1.739,1.7390,2
15680,g95e5,1.669,1.669,1.669,1.6690,3
15680,gA,1.789,1.759,1.789,1.7757,3
15680,gP,1.809,1.779,1.809,1.7957,3
15682,g95e5,1.699,1.699,1.699,1.6990,3
15682,gA,1.799,1.799,1.799,1.7990,3
15683,g95e5,1.709,1.709,1.719,1.7140,2
15683,gA,1.779,1.779,1.779,1.7790,2
15683,gP,1.799,1.799,1.799,1.7990,2
15684,g95e5,1.679,1.659,1.679,1.6723,3
15684,gA,1.779,1.759,1.779,1.7723,3
15688,g95e5,1.699,1.679,1.699,1.6923,3
15688,gA,1.799,1.779,1.799,1.7923,3
15690,g95e5,1.639,1.629,1.639,1.6357,3
15690,gA,1.759,1.749,1.759,1.7540,2
15694,g95e5,1.589,1.589,1.609,1.6023,3
15694,gA,1.709,1.709,1.729,1.7157,3
15696,g95e5,1.639,1.639,1.659,1.6490,2
15696,gA,1.739,1.739,1.759,1.7490,2
15698,g95e5,1.639,1.639,1.639,1.6390,2
15698,gA,1.719,1.719,1.719,1.7190,2
15699,g95e5,1.617,1.607,1.627,1.6170,3
15699,gA,1.787,1.757,1.787,1.7737,3
15699,gP,1.807,1.777,1.807,1.7937,3
15700,g95e5,1.715,1.705,1.739,1.7197,3
15700,gA,1.845,1.825,1.845,1.8363,3
15702,g95e5,1.779,1.759,1.779,1.7723,3
15702,gA,1.919,1.889,1.919,1.9090,3
15702,gP,2.039,2.009,2.039,2.0290,3
15702,g98e5,1.899,1.879,1.899,1.8923,3
15702,gB,1.649,1.619,1.649,1.6390,3
15703,g95e5,1.705,1.705,1.725,1.7117,3
15703,gA,1.849,1.799,1.849,1.8223,3
15704,g95e5,1.549,1.509,1.549,1.5357,3
15704,gA,1.659,1.619,1.659,1.6457,3
15707,g95e5,1.629,1.599,1.629,1.6190,3
15707,gA,1.749,1.699,1.749,1.7323,3
15716,g95e5,1.669,1.669,1.679,1.6757,3
15716,gA,1.759,1.759,1.759,1.7590,3
15721,gA,1.849,1.839,1.849,1.8423,3
15721,gB,1.499,1.499,1.499,1.4990,3
15723,g95e5,1.659,1.659,1.659,1.6590,2
15723,gA,1.779,1.779,1.779,1.7790,2
15723,gP,1.879,1.879,1.879,1.8790,2
15723,g98e5,1.759,1.759,1.759,1.7590,2
15724,g95e5,1.659,1.659,1.679,1.6657,3
15724,gA,1.719,1.719,1.739,1.7257,3
15725,g95e5,1.769,1.769,1.769,1.7690,2
15725,gA,1.929,1.929,1.929,1.9290,2
15725,gP,1.989,1.989,1.989,1.9890,2
15725,g98e5,1.919,1.919,1.919,1.9190,2
15725,gB,1.639,1.639,1.639,1.6390,2
15726,g95e5,1.639,1.619,1.639,1.6290,2
15726,gA,1.739,1.719,1.739,1.7290,2
15726,gP,1.759,1.739,1.759,1.7490,2
15727,g95e5,1.725,1.715,1.725,1.7183,3
15727,gA,1.849,1.819,1.849,1.8290,3
15728,g95e5,1.699,1.679,1.699,1.6890,2
15728,gA,1.769,1.749,1.769,1.7590,2
15729,g95e5,1.619,1.609,1.629,1.6190,3
15729,gA,1.709,1.709,1.729,1.7157,3
15730,gA,1.776,1.776,1.776,1.7760,3
15732,g95e5,1.514,1.485,1.514,1.5043,3
15732,gA,1.684,1.684,1.684,1.6840,2
15734,g95e5,1.659,1.659,1.659,1.6590,2
15734,gA,1.719,1.719,1.719,1.7190,2
15735,g95e5,1.597,1.587,1.597,1.5903,3
15735,gA,1.727,1.697,1.727,1.7070,3
15736,g95e5,1.579,1.569,1.579,1.5723,3
15736,gA,1.757,1.709,1.757,1.7310,3
15739,g95e5,1.719,1.719,1.729,1.7215,4
15739,gA,1.844,1.844,1.844,1.8440,4
15739,gP,1.894,1.894,1.894,1.8940,4
15739,g98e5,1.859,1.859,1.869,1.8615,4
15740,g95e5,1.669,1.639,1.669,1.6557,3
15740,gA,1.769,1.719,1.769,1.7423,3
15740,gP,1.789,1.739,1.789,1.7623,3
15745,g95e5,1.655,1.645,1.655,1.6517,3
15745,gA,1.769,1.749,1.769,1.7623,3
15746,g95e5,1.525,1.497,1.525,1.5130,3
15746,gA,1.685,1.685,1.685,1.6850,2
15747,gnc,1.669,1.669,1.669,1.6690,2
15747,gnl,1.599,1.599,1.599,1.5990,2
15748,g95e5,1.679,1.659,1.679,1.6723,3
15748,gA,1.779,1.759,1.779,1.7723,3
15750,g95e5,1.499,1.475,1.499,1.4910,3
15750,gA,1.669,1.669,1.669,1.6690,2
15753,g95e5,1.719,1.679,1.719,1.7010,3
15753,gA,1.839,1.799,1.839,1.8190,3
15753,gP,1.939,1.899,1.939,1.9190,3
15754,g95e5,1.679,1.679,1.699,1.6923,3
15754,gA,1.769,1.769,1.789,1.7823,3
15755,g95e5,1.699,1.669,1.699,1.6857,3
15755,gA,1.779,1.729,1.779,1.7523,3
15756,g95e5,1.659,1.629,1.659,1.6457,3
15756,gA,1.719,1.679,1.719,1.6990,3
15758,g95e5,1.689,1.689,1.689,1.6890,2
15758,gA,1.769,1.769,1.769,1.7690,2
15758,gP,1.789,1.789,1.789,1.7890,2
15759,g95e5,1.645,1.645,1.665,1.6583,3
15759,gA,1.735,1.735,1.755,1.7483,3
15760,g95e5,1.659,1.659,1.679,1.6723,3
15760,gA,1.739,1.739,1.759,1.7523,3
15762,g95e5,1.849,1.819,1.849,1.8290,3
15762,gA,2.029,1.999,2.029,2.0140,2
15762,gP,2.089,2.059,2.089,2.0723,3
15762,g98e5,1.959,1.939,1.959,1.9523,3
15763,g95e5,1.819,1.819,1.819,1.8190,3
15763,gA,1.969,1.949,1.969,1.9623,3
15763,gP,2.069,2.049,2.069,2.0623,3
15764,g95e5,1.574,1.564,1.574,1.5690,2
15764,gA,1.719,1.719,1.719,1.7190,3
15764,g95e5p,1.624,1.614,1.624,1.6190,2
15765,g95e5,1.549,1.549,1.549,1.5490,2
15765,gA,1.739,1.739,1.739,1.7390,2
15767,gA,1.749,1.749,1.749,1.7490,2
15769,g95e5,1.784,1.784,1.784,1.7840,4
15769,gA,1.944,1.924,1.944,1.9340,4
15769,gP,2.044,2.024,2.044,2.0340,4
15769,g95e5p,1.874,1.874,1.874,1.8740,4
15772,g95e5,1.609,1.599,1.619,1.6090,3
15772,gA,1.719,1.709,1.729,1.7190,3
15775,gnc,1.669,1.669,1.669,1.6690,2
15775,gnl,1.599,1.599,1.599,1.5990,2
15776,gA,1.869,1.859,1.869,1.8657,3
15777,g95e5,1.629,1.619,1.629,1.6240,2
15777,gA,1.749,1.699,1.749,1.7223,3
15778,gA,1.669,1.669,1.669,1.6690,3
15780,g95e5,1.639,1.619,1.639,1.6323,3
15780,gA,1.759,1.739,1.759,1.7523,3
15783,g95e5,1.689,1.659,1.689,1.6757,3
15783,gA,1.809,1.759,1.809,1.7823,3
15783,gP,1.829,1.779,1.829,1.8023,3
15784,g95e5,1.519,1.519,1.519,1.5190,3
15784,gA,1.722,1.722,1.722,1.7220,3
15784,gB,1.344,1.344,1.344,1.3440,3
15787,g95e5,1.649,1.619,1.649,1.6357,3
15787,gA,1.769,1.719,1.769,1.7423,3
15789,g95e5,1.699,1.689,1.699,1.6923,3
15789,gA,1.825,1.795,1.825,1.8050,3
15789,gP,1.845,1.815,1.845,1.8250,3
15790,g95e5,1.629,1.629,1.639,1.6340,2
15790,gA,1.717,1.717,1.717,1.7170,2
15794,gA,1.879,1.879,1.879,1.8790,3
15794,gB,1.639,1.615,1.639,1.6277,3
15795,g95e5,1.669,1.669,1.669,1.6690,2
15795,gA,1.769,1.769,1.769,1.7690,2
15795,gP,1.809,1.809,1.809,1.8090,2
15796,g95e5,1.629,1.619,1.629,1.6240,2
15796,gA,1.735,1.715,1.735,1.7250,2
15796,gP,1.755,1.735,1.755,1.7450,2
15797,g95e5,1.639,1.639,1.649,1.6423,3
15797,gA,1.769,1.769,1.769,1.7690,3
15797,gP,1.789,1.789,1.789,1.7890,3
15800,g95e5,1.759,1.759,1.759,1.7590,2
15800,gA,1.869,1.859,1.869,1.8657,3
15803,g95e5,1.719,1.699,1.719,1.7090,2
15803,gnc,1.669,1.669,1.669,1.6690,2
15803,gnl,1.599,1.599,1.599,1.5990,2
15803,gB,1.659,1.639,1.659,1.6490,2
15805,g95e5,1.639,1.639,1.639,1.6390,3
15806,g95e5,1.814,1.814,1.814,1.8140,4
15806,gA,1.994,1.974,1.994,1.9840,4
15806,gP,2.094,2.074,2.094,2.0840,4
15806,g95e5p,1.914,1.914,1.914,1.9140,4
15807,gnc,1.669,1.669,1.669,1.6690,2
15807,gnl,1.599,1.599,1.599,1.5990,2
15808,g95e5,1.759,1.759,1.759,1.7590,2
15808,gP,2.009,2.009,2.009,2.0090,2
15808,g98e5,1.879,1.879,1.879,1.8790,2
15810,g95e5,1.639,1.639,1.649,1.6457,3
15810,gA,1.769,1.769,1.769,1.7690,3
15812,g95e5,1.719,1.679,1.719,1.6940,4
15812,gA,1.819,1.779,1.819,1.7940,4
15813,gA,1.749,1.729,1.749,1.7390,2
15813,gP,1.799,1.779,1.799,1.7890,2
15816,g95e5,1.509,1.479,1.509,1.4990,3
15816,gA,1.679,1.679,1.679,1.6790,2
15817,g95e5,1.659,1.639,1.659,1.6523,3
15817,gA,1.749,1.729,1.749,1.7423,3
15818,g95e5,1.679,1.659,1.679,1.6723,3
15818,gA,1.779,1.759,1.779,1.7723,3
15819,g95e5,1.729,1.729,1.729,1.7290,3
15819,gA,1.859,1.829,1.859,1.8390,3
15821,g95e5,1.619,1.609,1.629,1.6190,3
15821,gA,1.709,1.709,1.729,1.7157,3
15824,g95e5,1.619,1.609,1.629,1.6190,3
15824,gA,1.709,1.709,1.729,1.7157,3
15826,g95e5,1.758,1.758,1.758,1.7580,2
15826,gA,1.908,1.908,1.908,1.9080,2
15827,g95e5,1.685,1.675,1.685,1.6800,2
15827,gA,1.769,1.749,1.769,1.7590,3
15828,g95e5,1.629,1.619,1.629,1.6240,2
15828,gA,1.735,1.715,1.735,1.7250,2
15830,g95e5,1.729,1.729,1.729,1.7290,2
15830,gA,1.915,1.905,1.915,1.9117,3
15830,gP,2.005,1.995,2.005,2.0017,3
15830,g98e5,1.869,1.869,1.869,1.8690,2
15831,g95e5,1.618,1.618,1.618,1.6180,3
15831,gB,1.459,1.459,1.459,1.4590,3
15832,g95e5,1.599,1.599,1.619,1.6090,3
15832,gA,1.747,1.717,1.747,1.7337,3
15839,g95e5,1.679,1.669,1.689,1.6790,3
15839,gA,1.719,1.679,1.719,1.6990,3
15841,g95e5,1.685,1.677,1.697,1.6863,3
15841,gA,1.769,1.759,1.779,1.7690,3
15843,g95e5,1.599,1.599,1.619,1.6090,3
15843,gA,1.769,1.759,1.769,1.7657,3
15844,gB,1.730,1.730,1.730,1.7300,2
15845,g95e5,1.739,1.739,1.739,1.7390,3
15845,gA,1.945,1.935,1.945,1.9417,3
15845,g98e5,1.909,1.909,1.909,1.9090,3
15846,g95e5,1.389,1.389,1.389,1.3890,2
15846,gA,1.459,1.459,1.459,1.4590,2
15847,g95e5,1.699,1.669,1.699,1.6857,3
15847,gA,1.789,1.759,1.789,1.7757,3
15849,g95e5,1.615,1.615,1.615,1.6150,3
15851,g95e5,1.679,1.679,1.679,1.6790,2
15851,gA,1.789,1.789,1.789,1.7890,2
15851,gB,1.469,1.469,1.469,1.4690,2
15853,g95e5,1.469,1.469,1.469,1.4690,3
15853,gA,1.529,1.529,1.529,1.5290,3
15853,g98e5,1.589,1.589,1.589,1.5890,3
15854,gA,1.749,1.749,1.749,1.7490,2
15855,gA,1.769,1.739,1.769,1.7540,2
15857,g95e5,1.609,1.579,1.609,1.5940,2
15857,gA,1.709,1.649,1.709,1.6790,2
15858,g95e5,1.609,1.609,1.609,1.6090,2
15858,gA,1.709,1.709,1.709,1.7090,2
15859,g95e5,1.689,1.659,1.689,1.6757,3
15859,gA,1.809,1.759,1.809,1.7823,3
15859,gP,1.829,1.779,1.829,1.8023,3
15860,g95e5,1.809,1.809,1.809,1.8090,2
15860,gA,1.969,1.949,1.969,1.9590,2
15860,g98e5,1.969,1.969,1.969,1.9690,2
15861,g95e5,1.655,1.655,1.659,1.6577,3
15861,gA,1.815,1.799,1.815,1.8077,3
15861,gP,1.935,1.929,1.935,1.9310,3
15862,g95e5,1.649,1.649,1.669,1.6623,3
15862,gA,1.739,1.739,1.759,1.7523,3
15864,g95e5,1.585,1.585,1.605,1.5983,3
15864,gA,1.735,1.735,1.745,1.7383,3
15866,gA,1.719,1.719,1.719,1.7190,3
15873,g95e5,1.649,1.649,1.669,1.6590,2
15873,gA,1.729,1.729,1.749,1.7390,2
15874,g95e5,1.709,1.709,1.729,1.7177,3
15874,gA,1.799,1.799,1.819,1.8090,3
15875,g95e5,1.599,1.569,1.599,1.5840,2
15875,gA,1.749,1.749,1.749,1.7490,2
15875,gP,1.799,1.799,1.799,1.7990,2
15877,g95e5,1.669,1.669,1.669,1.6690,2
15877,gA,1.769,1.769,1.769,1.7690,2
15877,gP,1.849,1.849,1.849,1.8490,2
15878,gA,1.769,1.739,1.769,1.7540,2
15879,g95e5,1.359,1.359,1.379,1.3657,3
15879,gA,1.469,1.469,1.489,1.4757,3
15880,g95e5,1.669,1.669,1.689,1.6757,3
15880,gA,1.759,1.749,1.769,1.7590,3
15881,g95e5,1.599,1.599,1.599,1.5990,2
15881,gA,1.729,1.699,1.729,1.7140,2
15883,g95e5,1.599,1.599,1.599,1.5990,3
15883,gA,1.679,1.679,1.679,1.6790,3
15887,g95e5,1.735,1.735,1.739,1.7363,3
15887,gA,1.915,1.909,1.915,1.9130,3
15888,g95e5,1.629,1.617,1.637,1.6277,3
15888,gA,1.727,1.717,1.727,1.7237,3
15890,g95e5,1.514,1.486,1.514,1.5047,3
15890,gA,1.685,1.685,1.685,1.6850,2
15890,g98e5,1.566,1.566,1.566,1.5660,2
15897,gA,1.799,1.779,1.799,1.7890,2
15900,g95e5,1.639,1.629,1.639,1.6340,2
15900,gA,1.769,1.749,1.769,1.7590,2
15900,gP,1.789,1.769,1.789,1.7790,2
15900,g95e5p,1.659,1.649,1.659,1.6540,2
15901,g95e5,1.389,1.389,1.409,1.3983,3
15901,gA,1.489,1.479,1.499,1.4890,3
15904,gA,1.839,1.839,1.839,1.8390,2
15906,g95e5,1.669,1.669,1.669,1.6690,3
15906,gA,1.789,1.789,1.789,1.7890,3
15908,g95e5,1.689,1.659,1.689,1.6757,3
15908,gA,1.809,1.759,1.809,1.7823,3
15908,gP,1.829,1.779,1.829,1.8023,3
15910,g95e5,1.629,1.619,1.629,1.6240,2
15910,gA,1.735,1.715,1.735,1.7250,2
15910,gP,1.755,1.735,1.755,1.7450,2
15911,gA,1.848,1.848,1.848,1.8480,2
15913,g95e5,1.379,1.369,1.389,1.3790,3
15913,gA,1.465,1.455,1.475,1.4650,3
15914,g95e5,1.569,1.569,1.569,1.5690,3
15914,glp,1.009,1.009,1.009,1.0090,3
15916,g95e5,1.709,1.709,1.737,1.7210,3
15916,gA,1.789,1.759,1.789,1.7757,3
15917,g95e5,1.539,1.499,1.539,1.5190,2
15917,gA,1.649,1.599,1.649,1.6240,2
15918,g95e5,1.639,1.629,1.639,1.6340,2
15918,gA,1.759,1.729,1.759,1.7440,2
15918,gP,1.769,1.749,1.769,1.7590,2
15919,g95e5,1.659,1.649,1.659,1.6540,2
15919,gA,1.789,1.779,1.789,1.7840,2
15919,gP,1.799,1.789,1.799,1.7940,2
15920,g95e5,1.629,1.629,1.629,1.6290,3
15920,gA,1.749,1.749,1.749,1.7490,3
15921,g95e5,1.669,1.669,1.669,1.6690,3
15921,gA,1.789,1.759,1.789,1.7757,3
15922,g95e5,1.585,1.585,1.605,1.5983,3
15922,gA,1.735,1.735,1.745,1.7383,3
15923,g95e5,1.695,1.695,1.715,1.7083,3
15923,gA,1.759,1.759,1.779,1.7723,3
15924,g95e5,1.465,1.465,1.475,1.4697,3
15924,gA,1.639,1.615,1.639,1.6310,3
15927,g95e5,1.465,1.465,1.475,1.4697,3
15927,gA,1.639,1.615,1.639,1.6310,3
15928,g95e5,1.629,1.629,1.629,1.6290,2
15928,gA,1.729,1.729,1.729,1.7290,2
15931,g95e5,1.579,1.579,1.579,1.5790,3
15931,gA,1.679,1.679,1.679,1.6790,3
15932,g95e5,1.669,1.649,1.669,1.6623,3
15932,gA,1.769,1.749,1.769,1.7623,3
15933,g95e5,1.669,1.669,1.669,1.6690,3
15933,gA,1.799,1.799,1.799,1.7990,3
15934,g95e5,1.709,1.709,1.709,1.7090,3
15934,gA,1.789,1.789,1.809,1.7957,3
15935,g95e5,1.729,1.717,1.729,1.7210,3
15935,gA,1.799,1.759,1.799,1.7723,3
15939,gnc,1.689,1.689,1.689,1.6890,2
15939,gnl,1.609,1.609,1.609,1.6090,2
15940,gA,1.909,1.905,1.909,1.9077,3
15940,gP,1.999,1.995,1.999,1.9977,3
15941,gnl,1.599,1.599,1.599,1.5990,2
15942,gnl,1.599,1.599,1.599,1.5990,2
15943,gnc,1.669,1.669,1.669,1.6690,2
15943,gnl,1.599,1.599,1.599,1.5990,2
15944,gnc,1.679,1.679,1.679,1.6790,2
15944,gnl,1.609,1.609,1.609,1.6090,2
15945,gnl,1.599,1.599,1.599,1.5990,2
15946,gnl,1.599,1.599,1.599,1.5990,2
15947,gnl,1.599,1.599,1.599,1.5990,2
15948,g95e5,1.729,1.719,1.739,1.7290,3
15948,gA,1.829,1.779,1.829,1.8023,3
15948,gP,1.849,1.799,1.849,1.8223,3
15951,gA,1.759,1.739,1.759,1.7523,3
15951,gP,1.779,1.759,1.779,1.7723,3
15952,gnl,1.599,1.599,1.599,1.5990,2
15953,gnl,1.599,1.599,1.599,1.5990,2
15954,g95e5,1.329,1.329,1.349,1.3423,3
15954,gA,1.419,1.419,1.419,1.4190,3
15957,g95e5,1.439,1.439,1.459,1.4490,2
15957,gA,1.579,1.579,1.597,1.5880,2
15960,g95e5,1.599,1.599,1.599,1.5990,2
15960,gA,1.749,1.749,1.749,1.7490,2
15961,g95e5,1.497,1.468,1.497,1.4873,3
15961,gA,1.667,1.667,1.667,1.6670,2
15962,g95e5,1.679,1.679,1.689,1.6857,3
15962,gA,1.759,1.749,1.759,1.7523,3
15963,g95e5,1.539,1.539,1.569,1.5490,3
15963,gA,1.699,1.679,1.709,1.6957,3
15965,g95e5,1.669,1.669,1.689,1.6823,3
15965,gA,1.789,1.789,1.809,1.7957,3
15966,g95e5,1.689,1.689,1.709,1.6957,3
15966,gA,1.769,1.769,1.789,1.7757,3
15967,g95e5,1.759,1.749,1.759,1.7523,3
15967,gA,1.849,1.829,1.849,1.8390,3
15969,g95e5,1.779,1.749,1.779,1.7657,3
15969,gA,1.879,1.829,1.879,1.8523,3
15970,g95e5,1.589,1.579,1.589,1.5840,2
15970,gA,1.759,1.729,1.759,1.7440,2
15971,g95e5,1.669,1.669,1.669,1.6690,2
15971,gA,1.799,1.799,1.799,1.7990,2
15972,g95e5,1.649,1.619,1.649,1.6357,3
15972,gA,1.769,1.719,1.769,1.7423,3
15978,g95e5,1.679,1.659,1.679,1.6690,2
15978,gA,1.779,1.759,1.779,1.7690,2
15979,gA,1.914,1.914,1.914,1.9140,2
15982,g95e5,1.649,1.639,1.659,1.6490,3
15982,gA,1.789,1.759,1.789,1.7757,3
15983,g95e5,1.629,1.629,1.629,1.6290,3
15983,gA,1.749,1.749,1.749,1.7490,3
15985,g95e5,1.679,1.679,1.699,1.6857,3
15985,gA,1.809,1.779,1.809,1.7957,3
15986,g95e5,1.725,1.725,1.725,1.7250,3
15986,gA,1.795,1.795,1.795,1.7950,3
15987,g95e5,1.609,1.609,1.619,1.6157,3
15987,gA,1.719,1.719,1.719,1.7190,3
15988,g95e5,1.689,1.659,1.689,1.6757,3
15988,gA,1.799,1.749,1.799,1.7723,3
15989,g95e5,1.555,1.529,1.555,1.5403,3
15989,gA,1.687,1.679,1.705,1.6903,3
15996,gnc,1.669,1.669,1.669,1.6690,2
15996,gnl,1.599,1.599,1.599,1.5990,2
15998,g95e5,1.503,1.475,1.503,1.4937,3
15998,gA,1.673,1.673,1.673,1.6730,2
15999,g95e5,1.509,1.509,1.509,1.5090,2
15999,gA,1.689,1.689,1.689,1.6890,2
16000,g95e5,1.689,1.659,1.689,1.6757,3
16000,gA,1.809,1.759,1.809,1.7823,3
16001,gA,1.869,1.869,1.869,1.8690,3
16001,gP,1.929,1.929,1.929,1.9290,3
16001,g95e10,1.739,1.739,1.739,1.7390,3
16001,g98e10,1.859,1.859,1.859,1.8590,3
16005,g95e5,1.659,1.659,1.659,1.6590,2
16005,gA,1.759,1.759,1.759,1.7590,2
16006,g95e5,1.529,1.529,1.529,1.5290,2
16006,gA,1.699,1.699,1.699,1.6990,2
16007,g95e5,1.659,1.659,1.669,1.6657,3
16007,gA,1.765,1.765,1.765,1.7650,3
16008,g95e5,1.634,1.634,1.634,1.6340,3
16009,g95e5,1.629,1.629,1.629,1.6290,2
16009,gA,1.729,1.729,1.729,1.7290,2
16009,gP,1.749,1.749,1.749,1.7490,2
16011,g95e5,1.599,1.589,1.609,1.5990,3
16011,gA,1.719,1.699,1.719,1.7123,3
16012,g95e5,1.669,1.659,1.669,1.6623,3
16012,gA,1.789,1.759,1.789,1.7690,3
16013,g95e5,1.585,1.579,1.587,1.5837,3
16013,gA,1.729,1.729,1.755,1.7443,3
16014,g95e5,1.539,1.519,1.539,1.5323,3
16014,gA,1.679,1.659,1.679,1.6723,3
16015,g95e5,1.379,1.379,1.399,1.3877,3
16015,gA,1.479,1.479,1.499,1.4890,3
16016,g95e5,1.629,1.619,1.669,1.6390,3
16016,gA,1.789,1.759,1.859,1.8023,3
16016,gP,1.809,1.779,1.879,1.8223,3
16018,g95e5,1.617,1.607,1.627,1.6170,3
16018,gA,1.787,1.757,1.787,1.7737,3
16019,g95e5,1.619,1.609,1.629,1.6190,3
16019,gA,1.709,1.709,1.729,1.7157,3
16022,g95e5,1.687,1.666,1.687,1.6767,3
16022,gP,1.727,1.727,1.747,1.7367,3
16024,gA,1.749,1.719,1.749,1.7340,2
16024,gP,1.759,1.739,1.759,1.7490,2
16025,gA,1.785,1.785,1.785,1.7850,3
16026,g95e5,1.689,1.679,1.689,1.6815,4
16027,g95e5,1.766,1.766,1.766,1.7660,3
16027,gA,1.885,1.885,1.885,1.8850,3
16027,gP,1.955,1.955,1.955,1.9550,3
16028,g95e5,1.649,1.599,1.659,1.6390,4
16028,gA,1.729,1.699,1.729,1.7140,4
16028,gP,1.749,1.719,1.749,1.7340,4
16029,g95e5,1.679,1.679,1.699,1.6857,3
16029,gA,1.769,1.769,1.789,1.7757,3
16029,gP,1.789,1.789,1.809,1.7957,3
16031,g95e5,1.809,1.809,1.809,1.8090,2
16031,gA,1.929,1.925,1.929,1.9277,3
16031,gP,2.019,2.015,2.019,2.0177,3
16031,g98e5,1.949,1.949,1.949,1.9490,2
16032,g95e5,1.639,1.619,1.639,1.6257,3
16032,gA,1.779,1.769,1.779,1.7723,3
16034,g95e5,1.555,1.555,1.575,1.5683,3
16034,gA,1.725,1.725,1.745,1.7383,3
16035,g95e5,1.629,1.609,1.629,1.6223,3
16035,gA,1.759,1.739,1.759,1.7523,3
16036,g95e5,1.675,1.665,1.675,1.6700,2
16036,gA,1.767,1.747,1.767,1.7570,2
16040,g95e5,1.655,1.655,1.655,1.6550,3
16040,gA,1.777,1.755,1.777,1.7697,3
16042,g95e5,1.749,1.749,1.749,1.7490,3
16042,gA,1.989,1.989,1.989,1.9890,3
16042,gP,2.019,2.019,2.039,2.0257,3
16042,g98e5,1.819,1.819,1.839,1.8257,3
16048,g95e5,1.709,1.699,1.709,1.7023,3
16048,gA,1.829,1.799,1.829,1.8090,3
16049,g95e5,1.659,1.639,1.659,1.6523,3
16049,gA,1.789,1.769,1.789,1.7823,3
16051,gnc,1.699,1.699,1.699,1.6990,2
16051,gnl,1.599,1.599,1.599,1.5990,2
16053,g95e5,1.689,1.659,1.689,1.6757,3
16053,gA,1.809,1.759,1.809,1.7823,3
16056,g95e5,1.629,1.629,1.629,1.6290,2
16056,gA,1.719,1.719,1.719,1.7190,2
16056,gP,1.739,1.739,1.739,1.7390,2
16057,g95e5,1.419,1.419,1.419,1.4190,2
16057,gA,1.509,1.509,1.529,1.5157,3
16057,gP,1.629,1.629,1.629,1.6290,3
16058,g95e5,1.699,1.679,1.699,1.6923,3
16058,gA,1.769,1.749,1.769,1.7623,3
16059,g95e5,1.599,1.599,1.619,1.6123,3
16059,gA,1.759,1.739,1.759,1.7523,3
16060,g95e5,1.678,1.678,1.678,1.6780,2
16060,gA,1.784,1.738,1.784,1.7533,3
16061,g95e5,1.599,1.599,1.619,1.6090,3
16061,gA,1.779,1.767,1.779,1.7750,3
16062,g95e5,1.629,1.629,1.649,1.6390,2
16062,gA,1.719,1.719,1.719,1.7190,2
16063,g95e5,1.659,1.639,1.659,1.6523,3
16063,gA,1.779,1.759,1.779,1.7723,3
16065,g95e5,1.809,1.809,1.809,1.8090,4
16065,gA,1.919,1.919,1.919,1.9190,4
16069,gA,1.819,1.819,1.819,1.8190,3
16072,g95e5,1.799,1.799,1.809,1.8023,3
16072,gA,1.905,1.905,1.909,1.9063,3
16072,gP,1.965,1.965,1.969,1.9663,3
16072,g98e5,1.969,1.969,1.979,1.9723,3
16073,g95e5,1.639,1.599,1.639,1.6190,2
16073,gA,1.779,1.749,1.779,1.7640,2
16074,gA,1.979,1.959,1.979,1.9657,3
16074,gP,2.039,2.009,2.039,2.0240,2
16074,glp,1.155,1.145,1.155,1.1483,3
16077,g95e5,1.691,1.691,1.691,1.6910,3
16077,gA,1.847,1.847,1.847,1.8470,3
16078,g95e5,1.632,1.621,1.632,1.6265,2
16079,g95e5,1.669,1.649,1.669,1.6623,3
16079,gA,1.809,1.789,1.809,1.8023,3
16081,g95e5,1.659,1.659,1.659,1.6590,2
16082,g95e5,1.513,1.485,1.513,1.5037,3
16082,gA,1.683,1.683,1.683,1.6830,2
16083,g95e5,1.679,1.669,1.679,1.6740,2
16083,gA,1.719,1.679,1.719,1.6990,2
16084,g95e5,1.709,1.709,1.729,1.7190,3
16084,gA,1.799,1.799,1.819,1.8123,3
16085,g95e5,1.619,1.609,1.629,1.6190,3
16085,gA,1.727,1.717,1.727,1.7237,3
16087,gA,1.699,1.669,1.699,1.6840,2
16089,g95e5,1.715,1.705,1.739,1.7197,3
16089,gA,1.845,1.825,1.845,1.8363,3
16089,gP,1.865,1.845,1.865,1.8563,3
16091,g95e5,1.659,1.659,1.659,1.6590,3
16091,gA,1.779,1.779,1.779,1.7790,3
16093,g95e5,1.709,1.709,1.729,1.7190,3
16093,gA,1.879,1.859,1.879,1.8657,3
16095,g95e5,1.639,1.629,1.639,1.6323,3
16095,gA,1.679,1.669,1.679,1.6740,2
16097,g95e5,1.694,1.694,1.694,1.6940,4
16097,gA,1.819,1.819,1.819,1.8190,4
16098,g95e5,1.609,1.599,1.609,1.6040,2
16098,gA,1.729,1.699,1.729,1.7140,2
16099,g95e5,1.669,1.659,1.679,1.6690,3
16099,gA,1.779,1.749,1.779,1.7657,3
16100,g95e5,1.629,1.629,1.639,1.6340,2
16100,gA,1.717,1.717,1.717,1.7170,2
16101,g95e5,1.599,1.599,1.599,1.5990,2
16101,gA,1.699,1.699,1.699,1.6990,2
16101,gP,1.719,1.719,1.719,1.7190,2
16102,g95e5,1.539,1.529,1.549,1.5390,3
16102,gA,1.689,1.669,1.689,1.6823,3
16105,g95e5,1.659,1.649,1.659,1.6523,3
16105,gA,1.769,1.759,1.769,1.7623,3
16105,gP,1.819,1.809,1.819,1.8123,3
16106,g95e5,1.377,1.377,1.397,1.3903,3
16106,gA,1.417,1.417,1.437,1.4303,3
16107,g95e5,1.679,1.679,1.679,1.6790,3
16107,gA,1.749,1.749,1.749,1.7490,3
16108,g95e5,1.669,1.659,1.669,1.6623,3
16108,gA,1.789,1.759,1.789,1.7690,3
16108,gP,1.809,1.779,1.809,1.7890,3
16110,g95e5,1.599,1.599,1.619,1.6123,3
16110,gA,1.669,1.669,1.689,1.6823,3
16111,g95e5,1.669,1.649,1.669,1.6623,3
16111,gA,1.769,1.749,1.769,1.7623,3
16112,g95e5,1.639,1.639,1.639,1.6390,3
16112,gA,1.739,1.739,1.739,1.7390,3
16114,g95e5,1.649,1.649,1.659,1.6540,2
16114,gA,1.737,1.737,1.737,1.7370,2
16115,g95e5,1.739,1.739,1.767,1.7517,3
16115,gA,1.907,1.887,1.907,1.9003,3
16116,g95e5,1.649,1.649,1.689,1.6657,3
16116,gA,1.699,1.669,1.699,1.6890,3
16117,g95e5,1.559,1.549,1.559,1.5540,2
16117,gA,1.679,1.649,1.679,1.6640,2
16117,gP,1.689,1.669,1.689,1.6790,2
16117,g95e5p,1.569,1.559,1.569,1.5640,2
16118,g95e5,1.699,1.689,1.699,1.6923,3
16118,gA,1.829,1.819,1.829,1.8240,2
16121,g95e5,1.629,1.619,1.629,1.6240,2
16121,gA,1.809,1.789,1.809,1.7990,2
16121,gP,1.859,1.839,1.859,1.8490,2
16122,g95e5,1.599,1.599,1.599,1.5990,2
16122,gA,1.759,1.739,1.759,1.7490,2
16123,g95e5,1.503,1.475,1.503,1.4937,3
16123,gA,1.673,1.673,1.673,1.6730,2
16124,g95e5,1.449,1.449,1.449,1.4490,3
16124,gA,1.549,1.549,1.549,1.5490,2
16124,gP,1.669,1.669,1.669,1.6690,2
16124,g98e5,1.589,1.589,1.589,1.5890,3
16130,g95e5,1.699,1.669,1.699,1.6857,3
16130,gA,1.809,1.759,1.809,1.7823,3
16130,gP,1.829,1.779,1.829,1.8023,3
16132,gA,1.559,1.549,1.559,1.5557,3
16132,gP,1.679,1.669,1.679,1.6757,3
16133,g95e5,1.539,1.509,1.539,1.5240,2
16133,gA,1.669,1.619,1.669,1.6440,2
16134,g95e5,1.639,1.609,1.639,1.6190,3
16134,gA,1.769,1.729,1.769,1.7490,3
16135,g95e5,1.659,1.639,1.659,1.6523,3
16135,gA,1.767,1.747,1.767,1.7603,3
16136,g95e5,1.799,1.799,1.799,1.7990,2
16136,g98e5,1.899,1.899,1.899,1.8990,2
16137,g95e5,1.504,1.476,1.504,1.4947,3
16137,gA,1.674,1.674,1.674,1.6740,2
16138,g95e5,1.695,1.695,1.715,1.7017,3
16138,gA,1.749,1.749,1.769,1.7557,3
16139,gB,1.629,1.619,1.629,1.6257,3
16140,g95e5,1.639,1.619,1.639,1.6323,3
16140,gA,1.757,1.737,1.757,1.7503,3
16141,g95e5,1.689,1.689,1.699,1.6957,3
16141,gA,1.809,1.799,1.809,1.8023,3
16143,g95e5,1.619,1.609,1.629,1.6190,3
16143,gA,1.709,1.709,1.729,1.7157,3
16144,g95e5,1.629,1.629,1.639,1.6357,3
16144,gA,1.735,1.735,1.735,1.7350,3
16145,g95e5,1.707,1.689,1.707,1.6977,3
16145,gA,1.757,1.719,1.757,1.7377,3
16146,g95e5,1.709,1.709,1.709,1.7090,3
16146,gA,1.839,1.839,1.839,1.8390,3
16150,g95e5,1.669,1.669,1.699,1.6823,3
16150,gA,1.809,1.759,1.809,1.7823,3
16150,gP,1.829,1.779,1.829,1.8023,3
16152,g95e5,1.499,1.469,1.499,1.4890,3
16152,gA,1.669,1.669,1.669,1.6690,2
16155,g95e5,1.639,1.609,1.639,1.6257,3
16155,gA,1.749,1.699,1.749,1.7223,3
16155,gP,1.769,1.719,1.769,1.7423,3
16159,gA,1.799,1.799,1.799,1.7990,2
16160,g95e5,1.589,1.589,1.609,1.6023,3
16160,gA,1.689,1.689,1.709,1.7023,3
16162,gA,1.889,1.879,1.889,1.8840,2
16162,gB,1.754,1.734,1.754,1.7407,3
16163,g95e5,1.735,1.735,1.735,1.7350,2
16163,gA,1.815,1.815,1.815,1.8150,2
16165,gA,1.889,1.879,1.889,1.8840,2
16165,gB,1.733,1.733,1.733,1.7330,3
16167,g95e5,1.639,1.609,1.639,1.6257,3
16167,gA,1.749,1.699,1.749,1.7223,3
16167,gP,1.769,1.719,1.769,1.7423,3
16168,g95e5,1.619,1.619,1.619,1.6190,3
16168,gA,1.715,1.715,1.715,1.7150,3
16171,gA,1.797,1.797,1.797,1.7970,2
16172,gA,1.429,1.429,1.429,1.4290,3
16173,g95e5,1.629,1.609,1.629,1.6190,2
16173,gA,1.759,1.739,1.759,1.7490,2
16174,g95e5,1.719,1.709,1.719,1.7140,2
16175,g95e5,1.569,1.559,1.569,1.5640,2
16175,gA,1.709,1.679,1.709,1.6940,2
16175,gP,1.719,1.699,1.719,1.7090,2
16176,g95e5,1.569,1.569,1.569,1.5690,3
16176,gA,1.669,1.669,1.669,1.6690,3
16177,g95e5,1.289,1.289,1.309,1.2990,2
16177,gA,1.419,1.419,1.439,1.4290,2
16178,g95e5,1.719,1.719,1.719,1.7190,2
16178,gA,1.839,1.839,1.839,1.8390,2
16178,gP,1.859,1.859,1.859,1.8590,2
16183,g95e5,1.559,1.559,1.559,1.5590,3
16183,gA,1.709,1.699,1.709,1.7057,3
16184,g95e5,1.709,1.709,1.729,1.7177,3
16184,gA,1.799,1.799,1.819,1.8090,3
16185,gA,1.769,1.749,1.769,1.7590,2
16186,g95e5,1.617,1.607,1.627,1.6170,3
16186,gA,1.787,1.757,1.787,1.7737,3
16186,gP,1.807,1.777,1.807,1.7937,3
16187,g95e5,1.719,1.719,1.719,1.7190,3
16187,gA,1.839,1.839,1.839,1.8390,3
16188,g95e5,1.679,1.659,1.679,1.6723,3
16188,gA,1.779,1.759,1.779,1.7723,3
16189,g95e5,1.499,1.475,1.499,1.4910,3
16189,gA,1.669,1.669,1.669,1.6690,2
16190,g95e5,1.499,1.475,1.499,1.4910,3
16190,gA,1.669,1.669,1.669,1.6690,2
16191,g95e5,1.599,1.589,1.599,1.5940,2
16191,gA,1.739,1.709,1.739,1.7240,2
16191,gP,1.749,1.719,1.749,1.7340,2
16192,g95e5,1.709,1.709,1.719,1.7140,2
16192,gA,1.779,1.779,1.779,1.7790,2
16192,gP,1.799,1.799,1.799,1.7990,2
16193,g95e5,1.617,1.607,1.627,1.6170,3
16193,gA,1.787,1.757,1.787,1.7737,3
16194,g95e5,1.789,1.789,1.809,1.7957,3
16194,gA,1.959,1.959,1.979,1.9657,3
16194,gP,1.979,1.979,1.999,1.9857,3
16194,g98e5,1.899,1.899,1.899,1.8990,3
16195,g95e5,1.789,1.789,1.789,1.7890,3
16195,gA,1.879,1.879,1.889,1.8823,3
16195,gP,1.969,1.969,1.979,1.9723,3
16195,g98e5,1.859,1.859,1.859,1.8590,3
16198,g95e5,1.739,1.729,1.739,1.7357,3
16198,gA,1.849,1.829,1.849,1.8423,3
16199,g95e5,1.569,1.569,1.569,1.5690,3
16199,gA,1.727,1.709,1.727,1.7210,3
16200,g95e5,1.539,1.519,1.539,1.5323,3
16200,gA,1.679,1.659,1.679,1.6723,3
16201,g95e5,1.669,1.669,1.699,1.6823,3
16201,gA,1.809,1.759,1.809,1.7823,3
16202,gA,1.890,1.890,1.890,1.8900,2
16203,g95e5,1.769,1.769,1.769,1.7690,2
16203,gA,1.899,1.899,1.899,1.8990,2
16204,g95e5,1.639,1.619,1.639,1.6290,2
16204,gA,1.779,1.759,1.779,1.7690,2
16205,g95e5,1.749,1.749,1.749,1.7490,3
16205,gA,1.959,1.955,1.959,1.9577,3
16205,g98e5,1.879,1.879,1.879,1.8790,3
16205,glp,1.185,1.185,1.185,1.1850,2
16205,gB,1.604,1.599,1.604,1.6023,3
16207,g95e5,1.609,1.599,1.619,1.6115,4
16209,g95e5,1.627,1.627,1.627,1.6270,2
16209,gA,1.729,1.729,1.729,1.7290,2
16212,gB,1.365,1.365,1.365,1.3650,4
16214,g95e5,1.679,1.659,1.679,1.6723,3
16214,gA,1.699,1.679,1.699,1.6923,3
16220,gA,1.789,1.789,1.789,1.7890,3
16221,g95e5,1.377,1.377,1.397,1.3903,3
16221,gA,1.417,1.417,1.437,1.4303,3
16222,gA,1.878,1.878,1.878,1.8780,3
16223,gA,1.749,1.729,1.749,1.7390,2
16223,gP,1.799,1.779,1.799,1.7890,2
16225,gA,1.829,1.799,1.829,1.8190,3
16226,g95e5,1.794,1.794,1.794,1.7940,3
16226,gA,1.974,1.954,1.974,1.9640,4
16226,gP,2.074,2.054,2.074,2.0640,4
16227,g95e5,1.629,1.629,1.639,1.6357,3
16227,gA,1.735,1.735,1.735,1.7350,3
16231,g95e5,1.499,1.489,1.499,1.4957,3
16231,gA,1.689,1.669,1.689,1.6790,2
16233,gA,1.700,1.700,1.700,1.7000,2
16236,g95e5,1.769,1.769,1.779,1.7723,3
16236,gA,1.959,1.959,1.969,1.9623,3
16236,gP,1.999,1.999,2.009,2.0023,3
16237,g95e5,1.759,1.759,1.769,1.7623,3
16237,gA,1.799,1.799,1.809,1.8023,3
16237,gP,1.949,1.949,1.959,1.9523,3
16237,g98e5,1.899,1.899,1.909,1.9023,3
16239,gB,1.775,1.775,1.775,1.7750,3
16241,g95e5,1.769,1.769,1.769,1.7690,3
16241,gA,1.929,1.909,1.929,1.9223,3
16243,g95e5,1.784,1.784,1.784,1.7840,4
16243,gA,1.954,1.934,1.954,1.9440,4
16243,gP,2.034,2.014,2.034,2.0240,4
16244,gnc,1.709,1.709,1.709,1.7090,2
16245,g95e5,1.679,1.679,1.699,1.6857,3
16245,gA,1.809,1.779,1.809,1.7957,3
16246,g95e5,1.669,1.669,1.679,1.6757,3
16246,gA,1.759,1.759,1.759,1.7590,3
16247,g95e5,1.639,1.639,1.649,1.6457,3
16247,gA,1.769,1.769,1.769,1.7690,3
16248,g95e5,1.719,1.717,1.737,1.7243,3
16248,gA,1.779,1.759,1.779,1.7723,3
16248,gP,1.799,1.779,1.799,1.7923,3
16249,g95e5,1.649,1.649,1.669,1.6623,3
16249,gA,1.729,1.729,1.729,1.7290,3
16251,g95e5,1.639,1.639,1.639,1.6390,3
16251,gA,1.759,1.759,1.759,1.7590,3
16252,g95e5,1.729,1.699,1.729,1.7090,3
16253,g95e5,1.599,1.579,1.599,1.5890,2
16253,gA,1.709,1.695,1.709,1.7020,2
16253,gP,1.729,1.715,1.729,1.7220,2
16255,g95e5,1.674,1.674,1.674,1.6740,2
16255,gA,1.814,1.794,1.814,1.8073,3
16255,gP,1.864,1.844,1.864,1.8573,3
16255,g98e5,1.884,1.884,1.884,1.8840,2
16256,g95e5,1.669,1.659,1.669,1.6640,2
16256,gA,1.779,1.749,1.779,1.7640,2
16257,gA,1.927,1.909,1.927,1.9210,3
16257,gB,1.742,1.742,1.742,1.7420,2
16258,g95e5,1.621,1.621,1.632,1.6283,3
16258,gB,1.665,1.649,1.665,1.6577,3
16260,g95e5,1.659,1.639,1.659,1.6523,3
16260,gA,1.779,1.759,1.779,1.7723,3
16260,gP,1.799,1.779,1.799,1.7923,3
16260,g95e5p,1.679,1.659,1.679,1.6723,3
16261,g95e5,1.686,1.656,1.686,1.6727,3
16261,gA,1.806,1.756,1.806,1.7793,3
16261,gP,1.826,1.776,1.826,1.7993,3
16261,g95e5p,1.706,1.676,1.706,1.6927,3
16265,g95e5,1.639,1.609,1.639,1.6257,3
16265,gA,1.749,1.699,1.749,1.7223,3
16266,gA,1.889,1.889,1.889,1.8890,3
16266,gP,1.919,1.919,1.919,1.9190,3
16270,g95e5,1.599,1.599,1.599,1.5990,3
16270,gA,1.739,1.729,1.739,1.7357,3
16271,g95e5,1.639,1.599,1.639,1.6190,2
16271,gA,1.779,1.769,1.789,1.7790,3
16271,gP,1.819,1.799,1.829,1.8157,3
16272,g95e5,1.659,1.659,1.665,1.6620,2
16272,gA,1.727,1.727,1.747,1.7370,2
16276,g95e5,1.647,1.639,1.647,1.6443,3
16276,gA,1.747,1.739,1.747,1.7443,3
16277,g95e5,1.549,1.549,1.549,1.5490,2
16277,gA,1.749,1.729,1.749,1.7390,2
16277,gP,1.799,1.779,1.799,1.7890,2
16278,g95e5,1.365,1.345,1.365,1.3550,2
16278,gA,1.429,1.409,1.429,1.4190,2
16279,g95e5,1.679,1.669,1.679,1.6740,2
16279,gA,1.829,1.799,1.829,1.8140,2
16282,g95e5,1.685,1.677,1.685,1.6810,2
16282,gA,1.769,1.759,1.769,1.7640,2
16283,gA,1.870,1.870,1.870,1.8700,2
16283,gB,1.784,1.784,1.784,1.7840,2
16284,g95e5,1.589,1.569,1.589,1.5790,2
16284,gA,1.769,1.749,1.769,1.7590,2
16285,g95e5,1.669,1.659,1.669,1.6640,2
16285,gA,1.779,1.749,1.779,1.7640,2
16285,gP,1.789,1.759,1.789,1.7740,2
16285,g95e5p,1.679,1.669,1.679,1.6740,2
16286,g95e5,1.669,1.659,1.669,1.6640,2
16286,gA,1.759,1.739,1.759,1.7490,2
16288,g95e5,1.704,1.698,1.704,1.7010,2
16288,gA,1.830,1.823,1.830,1.8265,2
16288,gB,1.606,1.601,1.606,1.6035,2
16289,g95e5,1.609,1.579,1.609,1.5957,3
16289,gA,1.709,1.649,1.709,1.6757,3
16290,g95e5,1.639,1.609,1.639,1.6257,3
16290,gA,1.749,1.699,1.749,1.7223,3
16291,g95e5,1.629,1.629,1.639,1.6340,2
16291,gA,1.769,1.769,1.769,1.7690,2
16292,g95e5,1.570,1.570,1.570,1.5700,3
16292,gA,1.750,1.750,1.750,1.7500,3
16292,gB,1.285,1.285,1.285,1.2850,3
16293,g95e5,1.535,1.535,1.555,1.5483,3
16293,gA,1.699,1.699,1.719,1.7123,3
16294,g95e5,1.669,1.669,1.689,1.6790,2
16294,gA,1.829,1.829,1.829,1.8290,2
16295,g95e5,1.765,1.765,1.765,1.7650,2
16295,gA,1.899,1.899,1.899,1.8990,2
16295,gP,1.989,1.989,1.989,1.9890,2
16295,g98e5,1.905,1.905,1.905,1.9050,2
16297,g95e5,1.565,1.565,1.565,1.5650,2
16297,gA,1.705,1.705,1.705,1.7050,2
16299,g95e5,1.639,1.639,1.639,1.6390,2
16299,gB,1.398,1.398,1.398,1.3980,2
16300,gA,1.749,1.719,1.749,1.7340,2
16300,gP,1.799,1.769,1.799,1.7840,2
16302,g95e5,1.589,1.589,1.619,1.6040,2
16302,gA,1.685,1.685,1.739,1.7120,2
16302,gP,1.705,1.705,1.759,1.7320,2
16302,g95e5p,1.609,1.609,1.639,1.6240,2
16304,g95e5,1.699,1.679,1.699,1.6923,3
16304,gA,1.739,1.719,1.739,1.7323,3
16308,g95e5,1.639,1.629,1.639,1.6340,2
16308,gA,1.769,1.749,1.769,1.7590,2
16309,g95e5,1.679,1.679,1.699,1.6857,3
16309,gA,1.809,1.759,1.809,1.7823,3
16310,g95e5,1.609,1.579,1.609,1.5957,3
16310,gA,1.709,1.649,1.709,1.6790,3
16310,gP,1.729,1.669,1.729,1.6990,3
16310,g95e5p,1.629,1.599,1.629,1.6123,3
16311,g95e5,1.719,1.689,1.719,1.7057,3
16311,gA,1.769,1.719,1.769,1.7423,3
16313,gA,1.719,1.699,1.719,1.7090,2
16314,g95e5,1.699,1.669,1.719,1.6965,4
16314,gA,1.849,1.829,1.849,1.8423,3
16315,g95e5,1.389,1.389,1.409,1.3983,3
16315,gA,1.489,1.479,1.499,1.4890,3
16316,g95e5,1.659,1.649,1.659,1.6557,3
16316,gA,1.759,1.749,1.759,1.7557,3
16320,g95e5,1.669,1.669,1.689,1.6757,3
16320,gA,1.809,1.759,1.809,1.7823,3
16320,gP,1.829,1.779,1.829,1.8023,3
16320,g95e5p,1.689,1.689,1.709,1.6957,3
16323,g95e5,1.495,1.467,1.495,1.4830,3
16323,gA,1.665,1.655,1.665,1.6600,2
16324,gP,1.749,1.749,1.749,1.7490,2
16324,g95e5p,1.659,1.659,1.659,1.6590,2
16327,g95e5,1.729,1.719,1.739,1.7290,3
16327,gA,1.829,1.779,1.829,1.8023,3
16329,g95e5,1.659,1.659,1.659,1.6590,3
16330,g95e5,1.689,1.659,1.689,1.6757,3
16330,gA,1.797,1.747,1.797,1.7703,3
16331,g95e5,1.465,1.465,1.465,1.4650,2
16331,gA,1.425,1.425,1.425,1.4250,2
16332,gA,1.729,1.699,1.729,1.7090,3
16332,gP,1.749,1.719,1.749,1.7290,3
16335,g95e5,1.669,1.655,1.675,1.6663,3
16335,gA,1.809,1.809,1.829,1.8157,3
16337,g95e5,1.365,1.345,1.365,1.3583,3
16337,gA,1.429,1.409,1.429,1.4223,3
16340,g95e5,1.679,1.669,1.679,1.6723,3
16340,gA,1.829,1.829,1.849,1.8423,3
16344,gA,1.749,1.729,1.749,1.7390,2
16344,gP,1.799,1.779,1.799,1.7890,2
16350,g95e5,1.629,1.629,1.629,1.6290,2
16350,gA,1.729,1.729,1.729,1.7290,2
16350,gP,1.749,1.749,1.749,1.7490,2
16350,g95e5p,1.649,1.649,1.649,1.6490,2
16351,g95e5,1.629,1.629,1.629,1.6290,2
16351,gA,1.719,1.719,1.719,1.7190,2
16352,gA,1.799,1.799,1.799,1.7990,2
16353,gA,1.909,1.905,1.909,1.9077,3
16353,gP,1.999,1.995,1.999,1.9977,3
16354,gA,1.819,1.809,1.819,1.8123,3
16354,gP,1.859,1.849,1.859,1.8523,3
16355,g95e5,1.639,1.619,1.639,1.6257,3
16355,gA,1.759,1.719,1.759,1.7357,3
16356,g95e5,1.609,1.609,1.619,1.6157,3
16356,gA,1.725,1.725,1.745,1.7317,3
16359,g95e5,1.669,1.669,1.699,1.6823,3
16359,gA,1.809,1.759,1.809,1.7823,3
16360,g95e5,1.659,1.659,1.659,1.6590,3
16360,gA,1.729,1.729,1.729,1.7290,3
16361,gA,1.769,1.749,1.769,1.7590,2
16361,gP,1.819,1.799,1.819,1.8090,2
16364,g95e5,1.689,1.669,1.689,1.6790,2
16364,gA,1.767,1.747,1.767,1.7570,2
16365,gA,1.828,1.818,1.828,1.8205,4
16366,g95e5,1.719,1.715,1.719,1.7177,3
16366,gA,1.819,1.809,1.819,1.8123,3
16367,g95e5,1.589,1.579,1.589,1.5840,2
16367,gA,1.689,1.659,1.689,1.6740,2
16368,g95e5,1.629,1.629,1.639,1.6357,3
16368,gA,1.735,1.735,1.735,1.7350,3
16373,g95e5,1.749,1.749,1.749,1.7490,3
16373,gA,1.859,1.859,1.875,1.8643,3
16375,gA,1.719,1.699,1.719,1.7090,2
16376,g95e5,1.599,1.599,1.629,1.6150,3
16376,gA,1.699,1.699,1.727,1.7143,3
16379,g95e5,1.509,1.469,1.509,1.4957,3
16379,gA,1.679,1.679,1.679,1.6790,2
16380,g95e5,1.609,1.579,1.609,1.5957,3
16380,gA,1.709,1.649,1.709,1.6757,3
16381,g95e5,1.629,1.629,1.649,1.6423,3
16381,gA,1.749,1.749,1.769,1.7623,3
16383,g95e5,1.639,1.619,1.649,1.6357,3
16383,gA,1.779,1.779,1.795,1.7877,3
16384,g95e5,1.589,1.569,1.589,1.5757,3
16384,gA,1.689,1.649,1.689,1.6623,3
16385,g95e5,1.549,1.509,1.549,1.5357,3
16385,gA,1.659,1.619,1.659,1.6457,3
16386,g95e5,1.709,1.709,1.709,1.7090,2
16386,gA,1.779,1.779,1.779,1.7790,2
16387,g95e5,1.679,1.679,1.679,1.6790,2
16387,gA,1.859,1.839,1.859,1.8523,3
16388,g95e5,1.749,1.749,1.759,1.7523,3
16388,gA,1.859,1.859,1.869,1.8623,3
16389,g95e5,1.679,1.669,1.689,1.6790,3
16389,gA,1.829,1.799,1.829,1.8157,3
16390,g95e5,1.699,1.699,1.699,1.6990,3
16390,gA,1.769,1.769,1.769,1.7690,3
16391,g95e5,1.549,1.549,1.559,1.5557,3
16391,gA,1.729,1.719,1.729,1.7223,3
16392,g95e5,1.269,1.269,1.289,1.2823,3
16392,gA,1.439,1.439,1.459,1.4523,3
16396,g95e5,1.508,1.479,1.508,1.4983,3
16396,gA,1.678,1.678,1.678,1.6780,2
16397,g95e5,1.678,1.678,1.678,1.6780,3
16397,gA,1.758,1.708,1.758,1.7347,3
16397,gP,1.858,1.808,1.858,1.8347,3
16398,g95e5,1.669,1.639,1.669,1.6557,3
16398,gA,1.769,1.719,1.769,1.7423,3
16398,gP,1.789,1.739,1.789,1.7623,3
16398,g95e5p,1.689,1.659,1.689,1.6757,3
16404,g95e5,1.589,1.589,1.619,1.6040,2
16404,gA,1.685,1.685,1.739,1.7120,2
16404,gP,1.705,1.705,1.759,1.7320,2
16404,g95e5p,1.609,1.609,1.639,1.6240,2
16405,g95e5,1.659,1.659,1.659,1.6590,4
16405,gA,1.779,1.779,1.779,1.7790,4
16408,g95e5,1.689,1.659,1.689,1.6757,3
16408,gA,1.799,1.749,1.799,1.7723,3
16408,gP,1.819,1.769,1.819,1.7923,3
16408,g95e5p,1.709,1.679,1.709,1.6957,3
16410,g95e5,1.645,1.639,1.645,1.6430,3
16410,gA,1.745,1.729,1.745,1.7397,3
16411,g95e5,1.719,1.719,1.719,1.7190,2
16411,gA,1.959,1.949,1.959,1.9557,3
16411,gP,2.059,2.039,2.059,2.0523,3
16411,g98e5,1.879,1.879,1.879,1.8790,2
16413,gA,1.699,1.699,1.699,1.6990,3
16414,gA,1.729,1.729,1.729,1.7290,3
16415,g95e5,1.679,1.679,1.679,1.6790,3
16416,g95e5,1.709,1.689,1.709,1.6957,3
16417,g95e5,1.639,1.619,1.639,1.6257,3
16418,g95e5,1.629,1.609,1.629,1.6223,3
16418,gA,1.759,1.739,1.759,1.7523,3
16422,g95e5,1.549,1.509,1.549,1.5357,3
16422,gA,1.659,1.619,1.659,1.6457,3
16423,g95e5,1.789,1.789,1.789,1.7890,3
16423,gA,1.929,1.915,1.929,1.9243,3
16423,gP,1.989,1.975,1.989,1.9843,3
16423,g98e5,1.909,1.909,1.909,1.9090,3
16424,g95e5,1.649,1.639,1.649,1.6440,2
16424,gA,1.779,1.769,1.779,1.7740,2
16424,gP,1.789,1.779,1.789,1.7840,2
16425,g95e5,1.639,1.639,1.649,1.6440,2
16425,gA,1.789,1.779,1.789,1.7840,2
16430,g95e5,1.589,1.589,1.599,1.5957,3
16430,gA,1.759,1.749,1.759,1.7523,3
16431,gA,1.719,1.719,1.719,1.7190,2
16432,g95e5,1.499,1.475,1.499,1.4910,3
16432,gA,1.669,1.669,1.669,1.6690,2
16433,g95e5,1.609,1.579,1.609,1.5957,3
16433,gA,1.709,1.649,1.709,1.6757,3
16434,g95e5,1.669,1.669,1.679,1.6740,2
16434,gA,1.719,1.719,1.719,1.7190,2
16436,gnl,1.599,1.599,1.599,1.5990,2
16438,g95e5,1.569,1.549,1.569,1.5623,3
16438,gA,1.689,1.649,1.689,1.6690,3
16442,g95e5,1.589,1.569,1.589,1.5757,3
16442,gA,1.689,1.649,1.689,1.6623,3
16447,g95e5,1.759,1.759,1.769,1.7640,2
16447,g98e5,1.899,1.899,1.909,1.9040,2
16449,g95e5,1.639,1.619,1.639,1.6323,3
16449,gA,1.699,1.679,1.699,1.6923,3
16450,g95e5,1.707,1.697,1.717,1.7070,3
16450,gA,1.777,1.757,1.777,1.7703,3
16451,g95e5,1.629,1.629,1.659,1.6423,3
16451,gA,1.739,1.739,1.769,1.7523,3
16452,g95e5,1.539,1.529,1.539,1.5340,2
16452,gA,1.659,1.629,1.659,1.6440,2
16454,g95e5,1.639,1.609,1.639,1.6257,3
16454,gA,1.749,1.699,1.749,1.7223,3
16455,g95e5,1.639,1.619,1.639,1.6323,3
16455,gA,1.779,1.769,1.779,1.7757,3
16461,g95e5,1.789,1.785,1.789,1.7877,3
16461,gA,1.889,1.885,1.889,1.8877,3
16461,g98e5,1.909,1.905,1.909,1.9077,3
16464,gA,1.729,1.699,1.729,1.7140,2
16467,g95e5,1.609,1.609,1.609,1.6090,2
16467,gA,1.709,1.709,1.709,1.7090,2
16467,gP,1.709,1.709,1.709,1.7090,2
16467,g95e5p,1.609,1.609,1.609,1.6090,2
16470,g95e5,1.759,1.749,1.759,1.7523,3
16470,gA,1.919,1.909,1.919,1.9123,3
16470,gB,1.589,1.579,1.589,1.5823,3
16471,g95e5,1.645,1.596,1.645,1.6263,3
16471,gA,1.698,1.686,1.698,1.6940,3
16472,gA,1.687,1.659,1.687,1.6730,2
16473,g95e5,1.549,1.529,1.549,1.5390,2
16474,g95e5,1.579,1.579,1.579,1.5790,2
16474,gA,1.729,1.729,1.729,1.7290,2
16474,gP,1.769,1.769,1.769,1.7690,2
16475,g95e5,1.549,1.539,1.549,1.5440,2
16475,gA,1.699,1.669,1.699,1.6840,2
16475,gP,1.709,1.689,1.709,1.6990,2
16475,g95e5p,1.559,1.549,1.559,1.5540,2
16478,g95e5,1.539,1.529,1.539,1.5340,2
16478,gA,1.699,1.669,1.699,1.6840,2
16478,gP,1.709,1.689,1.709,1.6990,2
16478,g95e5p,1.549,1.539,1.549,1.5440,2
16480,g95e5,1.689,1.679,1.689,1.6840,2
16480,gA,1.799,1.769,1.799,1.7840,2
16481,g95e5,1.549,1.529,1.549,1.5390,2
16482,g95e5,1.549,1.529,1.549,1.5390,2
16483,g95e5,1.549,1.529,1.549,1.5390,2
16484,g95e5,1.669,1.649,1.669,1.6623,3
16484,gA,1.719,1.699,1.719,1.7123,3
16485,gA,1.748,1.748,1.748,1.7480,3
16486,g95e5,1.699,1.669,1.699,1.6857,3
16486,gA,1.779,1.729,1.779,1.7523,3
16486,gP,1.799,1.749,1.799,1.7723,3
16486,g95e5p,1.719,1.689,1.719,1.7057,3
16489,g95e5,1.639,1.639,1.649,1.6423,3
16489,gA,1.769,1.769,1.769,1.7690,3
16491,g95e5,1.689,1.689,1.699,1.6957,3
16491,gA,1.779,1.779,1.779,1.7790,3
16492,g95e5,1.679,1.659,1.679,1.6657,3
16492,gA,1.749,1.729,1.749,1.7357,3
16494,g95e5,1.629,1.629,1.629,1.6290,2
16494,gA,1.759,1.759,1.759,1.7590,2
16495,gA,1.749,1.749,1.749,1.7490,2
16495,g95e5p,1.689,1.689,1.689,1.6890,2
16496,g95e5,1.509,1.481,1.509,1.4997,3
16496,gA,1.679,1.679,1.679,1.6790,2
16497,g95e5,1.659,1.659,1.659,1.6590,3
16497,gA,1.819,1.819,1.819,1.8190,3
16497,gP,1.869,1.869,1.869,1.8690,3
16500,g95e5,1.529,1.519,1.529,1.5240,2
16500,g95e5p,1.539,1.529,1.539,1.5340,2
16502,g95e5,1.539,1.529,1.539,1.5340,2
16502,gA,1.669,1.639,1.669,1.6540,2
16502,gP,1.679,1.659,1.679,1.6690,2
16502,g95e5p,1.549,1.539,1.549,1.5440,2
16503,g95e5,1.629,1.619,1.629,1.6240,2
16503,gA,1.669,1.639,1.669,1.6540,2
16503,gP,1.679,1.659,1.679,1.6690,2
16503,g95e5p,1.639,1.629,1.639,1.6340,2
16505,g95e5,1.669,1.669,1.669,1.6690,3
16505,gA,1.829,1.829,1.829,1.8290,3
16505,gP,1.920,1.920,1.920,1.9200,3
16507,g95e5,1.669,1.669,1.669,1.6690,3
16507,gA,1.819,1.819,1.819,1.8190,3
16508,g95e5,1.499,1.499,1.499,1.4990,2
16508,gA,1.599,1.599,1.599,1.5990,2
